date,location,product,product_name,is_promo,promo_uplift,lead_time_days,purchase_price,cost_of_ordering,forecast_demand,forecast_std,observed_demand,corrected_observed_demand,stockout_flag,mode
2024-10-01,1314,13315,BROMELIN SUSP 100ML,0,2.5,9.0,54.34,46.54,0.0,0.1856,0.0,0.0,0,rolling
2024-10-02,1314,13315,BROMELIN SUSP 100ML,0,2.5,9.0,54.34,46.54,0.0,0.1856,0.0,0.0,0,rolling
2024-10-03,1314,13315,BROMELIN SUSP 100ML,0,2.5,9.0,54.34,46.54,0.0,0.1856,0.0,0.0,0,rolling
2024-10-04,1314,13315,BROMELIN SUSP 100ML,0,2.5,9.0,54.34,46.54,0.0,0.1856,0.0,0.0,0,rolling
2024-10-05,1314,13315,BROMELIN SUSP 100ML,0,2.5,9.0,54.34,46.54,0.0437,0.1856,0.0,0.0,0,rolling
2024-10-06,1314,13315,BROMELIN SUSP 100ML,0,2.5,9.0,54.34,46.54,0.0437,0.1856,0.0,0.0,0,rolling
2024-10-07,1314,13315,BROMELIN SUSP 100ML,0,2.5,9.0,54.34,46.54,0.0,0.1324,0.0,0.0,0,rolling
2024-10-08,1314,13315,BROMELIN SUSP 100ML,0,2.5,9.0,54.34,46.54,0.0,0.1324,0.0,0.0,0,rolling
2024-10-09,1314,13315,BROMELIN SUSP 100ML,0,2.5,9.0,54.34,46.54,0.0,0.1324,1.0,1.0,0,rolling
2024-10-10,1314,13315,BROMELIN SUSP 100ML,0,2.5,9.0,54.34,46.54,0.0161,0.1856,0.0,0.0,0,rolling
2024-10-11,1314,13315,BROMELIN SUSP 100ML,0,2.5,9.0,54.34,46.54,0.0161,0.1856,0.0,0.0,0,rolling
2024-10-12,1314,13315,BROMELIN SUSP 100ML,0,2.5,9.0,54.34,46.54,0.0598,0.1856,0.0,0.0,0,rolling
2024-10-13,1314,13315,BROMELIN SUSP 100ML,0,2.5,9.0,54.34,46.54,0.0161,0.1856,0.0,0.0,0,rolling
2024-10-14,1314,13315,BROMELIN SUSP 100ML,0,2.5,9.0,54.34,46.54,0.0161,0.1856,0.0,0.0,0,rolling
2024-10-15,1314,13315,BROMELIN SUSP 100ML,0,2.5,9.0,54.34,46.54,0.0161,0.1856,0.0,0.0,0,rolling
2024-10-16,1314,13315,BROMELIN SUSP 100ML,0,2.5,9.0,54.34,46.54,0.0598,0.1856,0.0,0.0,0,rolling
2024-10-17,1314,13315,BROMELIN SUSP 100ML,0,2.5,9.0,54.34,46.54,0.0161,0.1856,0.0,0.0,0,rolling
2024-10-18,1314,13315,BROMELIN SUSP 100ML,0,2.5,9.0,54.34,46.54,0.0161,0.1856,0.0,0.0,0,rolling
2024-10-19,1314,13315,BROMELIN SUSP 100ML,0,2.5,9.0,54.34,46.54,0.0598,0.1856,0.0,0.0,0,rolling
2024-10-20,1314,13315,BROMELIN SUSP 100ML,0,2.5,9.0,54.34,46.54,0.0161,0.1856,0.0,0.0,0,rolling
2024-10-21,1314,13315,BROMELIN SUSP 100ML,0,2.5,9.0,54.34,46.54,0.0161,0.1856,0.0,0.0,0,rolling
2024-10-22,1314,13315,BROMELIN SUSP 100ML,0,2.5,9.0,54.34,46.54,0.0161,0.1856,0.0,0.0,0,rolling
2024-10-23,1314,13315,BROMELIN SUSP 100ML,0,2.5,9.0,54.34,46.54,0.0598,0.1856,0.0,0.0,0,rolling
2024-10-24,1314,13315,BROMELIN SUSP 100ML,0,2.5,9.0,54.34,46.54,0.0161,0.1856,0.0,0.0,0,rolling
2024-10-25,1314,13315,BROMELIN SUSP 100ML,0,2.5,9.0,54.34,46.54,0.0161,0.1856,0.0,0.0,0,rolling
2024-10-26,1314,13315,BROMELIN SUSP 100ML,0,2.5,9.0,54.34,46.54,0.0598,0.1856,0.0,0.0,0,rolling
2024-10-27,1314,13315,BROMELIN SUSP 100ML,0,2.5,9.0,54.34,46.54,0.0161,0.1324,0.0,0.0,0,rolling
2024-10-28,1314,13315,BROMELIN SUSP 100ML,0,2.5,9.0,54.34,46.54,0.0161,0.1324,0.0,0.0,0,rolling
2024-10-29,1314,13315,BROMELIN SUSP 100ML,0,2.5,9.0,54.34,46.54,0.0161,0.1324,0.0,0.0,0,rolling
2024-10-30,1314,13315,BROMELIN SUSP 100ML,0,2.5,9.0,54.34,46.54,0.0598,0.1324,0.0,0.0,0,rolling
2024-10-31,1314,13315,BROMELIN SUSP 100ML,0,2.5,9.0,54.34,46.54,0.0161,0.1324,0.0,0.0,0,rolling
2024-11-01,1314,13315,BROMELIN SUSP 100ML,0,2.5,9.0,54.34,46.54,0.0161,0.1324,0.0,0.0,0,rolling
2024-11-02,1314,13315,BROMELIN SUSP 100ML,0,2.5,9.0,54.34,46.54,0.0294,0.1324,0.0,0.0,0,rolling
2024-11-03,1314,13315,BROMELIN SUSP 100ML,0,2.5,9.0,54.34,46.54,0.0294,0.1324,0.0,0.0,0,rolling
2024-11-04,1314,13315,BROMELIN SUSP 100ML,0,2.5,9.0,54.34,46.54,0.0294,0.1324,0.0,0.0,0,rolling
2024-11-05,1314,13315,BROMELIN SUSP 100ML,0,2.5,9.0,54.34,46.54,0.0294,0.1324,0.0,0.0,0,rolling
2024-11-06,1314,13315,BROMELIN SUSP 100ML,0,2.5,9.0,54.34,46.54,0.0732,0.1324,2.0,2.0,0,rolling
2024-11-07,1314,13315,BROMELIN SUSP 100ML,0,2.5,9.0,54.34,46.54,0.0455,0.294,0.0,0.0,0,rolling
2024-11-08,1314,13315,BROMELIN SUSP 100ML,0,2.5,9.0,54.34,46.54,0.0455,0.294,0.0,0.0,0,rolling
2024-11-09,1314,13315,BROMELIN SUSP 100ML,0,2.5,9.0,54.34,46.54,0.0455,0.294,0.0,0.0,0,rolling
2024-11-10,1314,13315,BROMELIN SUSP 100ML,0,2.5,9.0,54.34,46.54,0.0455,0.294,0.0,0.0,0,rolling
2024-11-11,1314,13315,BROMELIN SUSP 100ML,0,2.5,9.0,54.34,46.54,0.0455,0.294,0.0,0.0,0,rolling
2024-11-12,1314,13315,BROMELIN SUSP 100ML,0,2.5,9.0,54.34,46.54,0.0455,0.294,0.0,0.0,0,rolling
2024-11-13,1314,13315,BROMELIN SUSP 100ML,0,2.5,9.0,54.34,46.54,0.1767,0.294,0.0,0.0,0,rolling
2024-11-14,1314,13315,BROMELIN SUSP 100ML,0,2.5,9.0,54.34,46.54,0.0455,0.294,0.0,0.0,0,rolling
2024-11-15,1314,13315,BROMELIN SUSP 100ML,0,2.5,9.0,54.34,46.54,0.0588,0.294,0.0,0.0,0,rolling
2024-11-16,1314,13315,BROMELIN SUSP 100ML,0,2.5,9.0,54.34,46.54,0.0588,0.294,0.0,0.0,0,rolling
2024-11-17,1314,13315,BROMELIN SUSP 100ML,0,2.5,9.0,54.34,46.54,0.0455,0.294,0.0,0.0,0,rolling
2024-11-18,1314,13315,BROMELIN SUSP 100ML,0,2.5,9.0,54.34,46.54,0.0455,0.294,0.0,0.0,0,rolling
2024-11-19,1314,13315,BROMELIN SUSP 100ML,0,2.5,9.0,54.34,46.54,0.0455,0.294,0.0,0.0,0,rolling
2024-11-20,1314,13315,BROMELIN SUSP 100ML,0,2.5,9.0,54.34,46.54,0.1767,0.294,0.0,0.0,0,rolling
2024-11-21,1314,13315,BROMELIN SUSP 100ML,0,2.5,9.0,54.34,46.54,0.0455,0.294,0.0,0.0,0,rolling
2024-11-22,1314,13315,BROMELIN SUSP 100ML,0,2.5,9.0,54.34,46.54,0.0455,0.294,0.0,0.0,0,rolling
2024-11-23,1314,13315,BROMELIN SUSP 100ML,0,2.5,9.0,54.34,46.54,0.0455,0.294,0.0,0.0,0,rolling
2024-11-24,1314,13315,BROMELIN SUSP 100ML,0,2.5,9.0,54.34,46.54,0.0455,0.294,0.0,0.0,0,rolling
2024-11-25,1314,13315,BROMELIN SUSP 100ML,0,2.5,9.0,54.34,46.54,0.0455,0.294,1.0,1.0,0,rolling
2024-11-26,1314,13315,BROMELIN SUSP 100ML,0,2.5,9.0,54.34,46.54,0.0615,0.3194,0.0,0.0,0,rolling
2024-11-27,1314,13315,BROMELIN SUSP 100ML,0,2.5,9.0,54.34,46.54,0.1928,0.3194,0.0,0.0,0,rolling
2024-11-28,1314,13315,BROMELIN SUSP 100ML,0,2.5,9.0,54.34,46.54,0.0615,0.3194,0.0,0.0,0,rolling
2024-11-29,1314,13315,BROMELIN SUSP 100ML,0,2.5,9.0,54.34,46.54,0.0615,0.3194,0.0,0.0,0,rolling
2024-11-30,1314,13315,BROMELIN SUSP 100ML,0,2.5,9.0,54.34,46.54,0.0482,0.3194,0.0,0.0,0,rolling
2024-12-01,1314,13315,BROMELIN SUSP 100ML,0,2.5,9.0,54.34,46.54,0.0482,0.3194,0.0,0.0,0,rolling
2024-12-02,1314,13315,BROMELIN SUSP 100ML,0,2.5,9.0,54.34,46.54,0.092,0.3194,0.0,0.0,0,rolling
2024-12-03,1314,13315,BROMELIN SUSP 100ML,0,2.5,9.0,54.34,46.54,0.0482,0.3194,0.0,0.0,0,rolling
2024-12-04,1314,13315,BROMELIN SUSP 100ML,0,2.5,9.0,54.34,46.54,0.1795,0.3194,0.0,0.0,0,rolling
2024-12-05,1314,13315,BROMELIN SUSP 100ML,0,2.5,9.0,54.34,46.54,0.0161,0.294,0.0,0.0,0,rolling
2024-12-06,1314,13315,BROMELIN SUSP 100ML,0,2.5,9.0,54.34,46.54,0.0294,0.294,0.0,0.0,0,rolling
2024-12-07,1314,13315,BROMELIN SUSP 100ML,0,2.5,9.0,54.34,46.54,0.0294,0.294,0.0,0.0,0,rolling
2024-12-08,1314,13315,BROMELIN SUSP 100ML,0,2.5,9.0,54.34,46.54,0.0294,0.294,0.0,0.0,0,rolling
2024-12-09,1314,13315,BROMELIN SUSP 100ML,0,2.5,9.0,54.34,46.54,0.0732,0.294,1.0,1.0,0,rolling
2024-12-10,1314,13315,BROMELIN SUSP 100ML,0,2.5,9.0,54.34,46.54,0.0455,0.3194,0.0,0.0,0,rolling
2024-12-11,1314,13315,BROMELIN SUSP 100ML,0,2.5,9.0,54.34,46.54,0.133,0.3194,0.0,0.0,0,rolling
2024-12-12,1314,13315,BROMELIN SUSP 100ML,0,2.5,9.0,54.34,46.54,0.0455,0.3194,0.0,0.0,0,rolling
2024-12-13,1314,13315,BROMELIN SUSP 100ML,0,2.5,9.0,54.34,46.54,0.0455,0.3194,0.0,0.0,0,rolling
2024-12-14,1314,13315,BROMELIN SUSP 100ML,0,2.5,9.0,54.34,46.54,0.0455,0.3194,0.0,0.0,0,rolling
2024-12-15,1314,13315,BROMELIN SUSP 100ML,0,2.5,9.0,54.34,46.54,0.0455,0.3194,0.0,0.0,0,rolling
2024-12-16,1314,13315,BROMELIN SUSP 100ML,0,2.5,9.0,54.34,46.54,0.133,0.3194,0.0,0.0,0,rolling
2024-12-17,1314,13315,BROMELIN SUSP 100ML,0,2.5,9.0,54.34,46.54,0.0455,0.3194,0.0,0.0,0,rolling
2024-12-18,1314,13315,BROMELIN SUSP 100ML,0,2.5,9.0,54.34,46.54,0.133,0.3194,0.0,0.0,0,rolling
2024-12-19,1314,13315,BROMELIN SUSP 100ML,0,2.5,9.0,54.34,46.54,0.0455,0.3194,0.0,0.0,0,rolling
2024-12-20,1314,13315,BROMELIN SUSP 100ML,0,2.5,9.0,54.34,46.54,0.0455,0.3194,0.0,0.0,0,rolling
2024-12-21,1314,13315,BROMELIN SUSP 100ML,0,2.5,9.0,54.34,46.54,0.0321,0.3194,1.0,1.0,0,rolling
2024-12-22,1314,13315,BROMELIN SUSP 100ML,0,2.5,9.0,54.34,46.54,0.0482,0.3421,0.0,0.0,0,rolling
2024-12-23,1314,13315,BROMELIN SUSP 100ML,0,2.5,9.0,54.34,46.54,0.1357,0.3421,0.0,0.0,0,rolling
2024-12-24,1314,13315,BROMELIN SUSP 100ML,0,2.5,9.0,54.34,46.54,0.0321,0.3421,0.0,0.0,0,rolling
2024-12-25,1314,13315,BROMELIN SUSP 100ML,0,2.5,9.0,54.34,46.54,0.1196,0.3421,0.0,0.0,0,rolling
2024-12-26,1314,13315,BROMELIN SUSP 100ML,0,2.5,9.0,54.34,46.54,0.0321,0.3421,0.0,0.0,0,rolling
2024-12-27,1314,13315,BROMELIN SUSP 100ML,0,2.5,9.0,54.34,46.54,0.0321,0.3421,0.0,0.0,0,rolling
2024-12-28,1314,13315,BROMELIN SUSP 100ML,0,2.5,9.0,54.34,46.54,0.0759,0.3421,0.0,0.0,0,rolling
2024-12-29,1314,13315,BROMELIN SUSP 100ML,0,2.5,9.0,54.34,46.54,0.0321,0.3421,0.0,0.0,0,rolling
2024-12-30,1314,13315,BROMELIN SUSP 100ML,0,2.5,9.0,54.34,46.54,0.1196,0.3421,0.0,0.0,0,rolling
2024-12-31,1314,13315,BROMELIN SUSP 100ML,0,2.5,9.0,54.34,46.54,0.0321,0.3421,0.0,0.0,0,rolling
2024-10-01,1314,1439,SORINE GTS ADULTO 30ML,0,2.5,9.0,20.27,19.0,0.228,0.3809,0.0,0.0,0,rolling
2024-10-02,1314,1439,SORINE GTS ADULTO 30ML,0,2.5,9.0,20.27,19.0,0.228,0.3809,0.0,0.0,0,rolling
2024-10-03,1314,1439,SORINE GTS ADULTO 30ML,0,2.5,9.0,20.27,19.0,0.228,0.3809,0.0,0.0,0,rolling
2024-10-04,1314,1439,SORINE GTS ADULTO 30ML,0,2.5,9.0,20.27,19.0,0.1843,0.3809,0.0,0.0,0,rolling
2024-10-05,1314,1439,SORINE GTS ADULTO 30ML,0,2.5,9.0,20.27,19.0,0.1843,0.3809,1.0,1.0,0,rolling
2024-10-06,1314,1439,SORINE GTS ADULTO 30ML,0,2.5,9.0,20.27,19.0,0.2879,0.3977,0.0,0.0,0,rolling
2024-10-07,1314,1439,SORINE GTS ADULTO 30ML,0,2.5,9.0,20.27,19.0,0.3279,0.3977,0.0,0.0,0,rolling
2024-10-08,1314,1439,SORINE GTS ADULTO 30ML,0,2.5,9.0,20.27,19.0,0.268,0.3977,0.0,0.0,0,rolling
2024-10-09,1314,1439,SORINE GTS ADULTO 30ML,0,2.5,9.0,20.27,19.0,0.308,0.3977,2.0,2.0,0,rolling
2024-10-10,1314,1439,SORINE GTS ADULTO 30ML,0,2.5,9.0,20.27,19.0,0.3241,0.467,1.0,1.0,0,rolling
2024-10-11,1314,1439,SORINE GTS ADULTO 30ML,0,2.5,9.0,20.27,19.0,0.2964,0.4788,0.0,0.0,0,rolling
2024-10-12,1314,1439,SORINE GTS ADULTO 30ML,0,2.5,9.0,20.27,19.0,0.2202,0.4788,0.0,0.0,0,rolling
2024-10-13,1314,1439,SORINE GTS ADULTO 30ML,0,2.5,9.0,20.27,19.0,0.2639,0.4788,0.0,0.0,0,rolling
2024-10-14,1314,1439,SORINE GTS ADULTO 30ML,0,2.5,9.0,20.27,19.0,0.2639,0.4788,0.0,0.0,0,rolling
2024-10-15,1314,1439,SORINE GTS ADULTO 30ML,0,2.5,9.0,20.27,19.0,0.2041,0.4788,0.0,0.0,0,rolling
2024-10-16,1314,1439,SORINE GTS ADULTO 30ML,0,2.5,9.0,20.27,19.0,0.2916,0.467,0.0,0.0,0,rolling
2024-10-17,1314,1439,SORINE GTS ADULTO 30ML,0,2.5,9.0,20.27,19.0,0.2479,0.467,1.0,1.0,0,rolling
2024-10-18,1314,1439,SORINE GTS ADULTO 30ML,0,2.5,9.0,20.27,19.0,0.1604,0.4788,0.0,0.0,0,rolling
2024-10-19,1314,1439,SORINE GTS ADULTO 30ML,0,2.5,9.0,20.27,19.0,0.2041,0.4788,0.0,0.0,0,rolling
2024-10-20,1314,1439,SORINE GTS ADULTO 30ML,0,2.5,9.0,20.27,19.0,0.2479,0.4788,0.0,0.0,0,rolling
2024-10-21,1314,1439,SORINE GTS ADULTO 30ML,0,2.5,9.0,20.27,19.0,0.2479,0.413,0.0,0.0,0,rolling
2024-10-22,1314,1439,SORINE GTS ADULTO 30ML,0,2.5,9.0,20.27,19.0,0.1204,0.413,0.0,0.0,0,rolling
2024-10-23,1314,1439,SORINE GTS ADULTO 30ML,0,2.5,9.0,20.27,19.0,0.2516,0.413,0.0,0.0,0,rolling
2024-10-24,1314,1439,SORINE GTS ADULTO 30ML,0,2.5,9.0,20.27,19.0,0.2116,0.413,0.0,0.0,0,rolling
2024-10-25,1314,1439,SORINE GTS ADULTO 30ML,0,2.5,9.0,20.27,19.0,0.0804,0.413,0.0,0.0,0,rolling
2024-10-26,1314,1439,SORINE GTS ADULTO 30ML,0,2.5,9.0,20.27,19.0,0.1241,0.413,0.0,0.0,0,rolling
2024-10-27,1314,1439,SORINE GTS ADULTO 30ML,0,2.5,9.0,20.27,19.0,0.0804,0.413,0.0,0.0,0,rolling
2024-10-28,1314,1439,SORINE GTS ADULTO 30ML,0,2.5,9.0,20.27,19.0,0.1679,0.413,0.0,0.0,0,rolling
2024-10-29,1314,1439,SORINE GTS ADULTO 30ML,0,2.5,9.0,20.27,19.0,0.0937,0.413,0.0,0.0,0,rolling
2024-10-30,1314,1439,SORINE GTS ADULTO 30ML,0,2.5,9.0,20.27,19.0,0.2249,0.413,0.0,0.0,0,rolling
2024-10-31,1314,1439,SORINE GTS ADULTO 30ML,0,2.5,9.0,20.27,19.0,0.2249,0.413,0.0,0.0,0,rolling
2024-11-01,1314,1439,SORINE GTS ADULTO 30ML,0,2.5,9.0,20.27,19.0,0.0937,0.413,0.0,0.0,0,rolling
2024-11-02,1314,1439,SORINE GTS ADULTO 30ML,0,2.5,9.0,20.27,19.0,0.1374,0.413,0.0,0.0,0,rolling
2024-11-03,1314,1439,SORINE GTS ADULTO 30ML,0,2.5,9.0,20.27,19.0,0.0776,0.413,0.0,0.0,0,rolling
2024-11-04,1314,1439,SORINE GTS ADULTO 30ML,0,2.5,9.0,20.27,19.0,0.1651,0.413,0.0,0.0,0,rolling
2024-11-05,1314,1439,SORINE GTS ADULTO 30ML,0,2.5,9.0,20.27,19.0,0.0776,0.3977,0.0,0.0,0,rolling
2024-11-06,1314,1439,SORINE GTS ADULTO 30ML,0,2.5,9.0,20.27,19.0,0.2089,0.3977,0.0,0.0,0,rolling
2024-11-07,1314,1439,SORINE GTS ADULTO 30ML,0,2.5,9.0,20.27,19.0,0.1767,0.3809,0.0,0.0,0,rolling
2024-11-08,1314,1439,SORINE GTS ADULTO 30ML,0,2.5,9.0,20.27,19.0,0.0294,0.3809,0.0,0.0,0,rolling
2024-11-09,1314,1439,SORINE GTS ADULTO 30ML,0,2.5,9.0,20.27,19.0,0.0732,0.3809,0.0,0.0,0,rolling
2024-11-10,1314,1439,SORINE GTS ADULTO 30ML,0,2.5,9.0,20.27,19.0,0.0294,0.3809,0.0,0.0,0,rolling
2024-11-11,1314,1439,SORINE GTS ADULTO 30ML,0,2.5,9.0,20.27,19.0,0.0732,0.3809,0.0,0.0,0,rolling
2024-11-12,1314,1439,SORINE GTS ADULTO 30ML,0,2.5,9.0,20.27,19.0,0.0294,0.3625,0.0,0.0,0,rolling
2024-11-13,1314,1439,SORINE GTS ADULTO 30ML,0,2.5,9.0,20.27,19.0,0.1036,0.3625,0.0,0.0,0,rolling
2024-11-14,1314,1439,SORINE GTS ADULTO 30ML,0,2.5,9.0,20.27,19.0,0.1473,0.3625,0.0,0.0,0,rolling
2024-11-15,1314,1439,SORINE GTS ADULTO 30ML,0,2.5,9.0,20.27,19.0,0.0,0.3421,0.0,0.0,0,rolling
2024-11-16,1314,1439,SORINE GTS ADULTO 30ML,0,2.5,9.0,20.27,19.0,0.0437,0.3421,0.0,0.0,0,rolling
2024-11-17,1314,1439,SORINE GTS ADULTO 30ML,0,2.5,9.0,20.27,19.0,0.0,0.3421,0.0,0.0,0,rolling
2024-11-18,1314,1439,SORINE GTS ADULTO 30ML,0,2.5,9.0,20.27,19.0,0.0,0.3421,0.0,0.0,0,rolling
2024-11-19,1314,1439,SORINE GTS ADULTO 30ML,0,2.5,9.0,20.27,19.0,0.0,0.3421,0.0,0.0,0,rolling
2024-11-20,1314,1439,SORINE GTS ADULTO 30ML,0,2.5,9.0,20.27,19.0,0.0875,0.3421,0.0,0.0,0,rolling
2024-11-21,1314,1439,SORINE GTS ADULTO 30ML,0,2.5,9.0,20.27,19.0,0.0875,0.3421,0.0,0.0,0,rolling
2024-11-22,1314,1439,SORINE GTS ADULTO 30ML,0,2.5,9.0,20.27,19.0,0.0133,0.3421,0.0,0.0,0,rolling
2024-11-23,1314,1439,SORINE GTS ADULTO 30ML,0,2.5,9.0,20.27,19.0,0.0571,0.3421,0.0,0.0,0,rolling
2024-11-24,1314,1439,SORINE GTS ADULTO 30ML,0,2.5,9.0,20.27,19.0,0.0133,0.3421,0.0,0.0,0,rolling
2024-11-25,1314,1439,SORINE GTS ADULTO 30ML,0,2.5,9.0,20.27,19.0,0.0133,0.3421,0.0,0.0,0,rolling
2024-11-26,1314,1439,SORINE GTS ADULTO 30ML,0,2.5,9.0,20.27,19.0,0.0133,0.3421,0.0,0.0,0,rolling
2024-11-27,1314,1439,SORINE GTS ADULTO 30ML,0,2.5,9.0,20.27,19.0,0.1142,0.3421,0.0,0.0,0,rolling
2024-11-28,1314,1439,SORINE GTS ADULTO 30ML,0,2.5,9.0,20.27,19.0,0.1142,0.3421,0.0,0.0,0,rolling
2024-11-29,1314,1439,SORINE GTS ADULTO 30ML,0,2.5,9.0,20.27,19.0,0.0267,0.3421,0.0,0.0,0,rolling
2024-11-30,1314,1439,SORINE GTS ADULTO 30ML,0,2.5,9.0,20.27,19.0,0.0704,0.3421,0.0,0.0,0,rolling
2024-12-01,1314,1439,SORINE GTS ADULTO 30ML,0,2.5,9.0,20.27,19.0,0.0267,0.3194,0.0,0.0,0,rolling
2024-12-02,1314,1439,SORINE GTS ADULTO 30ML,0,2.5,9.0,20.27,19.0,0.0267,0.3194,0.0,0.0,0,rolling
2024-12-03,1314,1439,SORINE GTS ADULTO 30ML,0,2.5,9.0,20.27,19.0,0.0267,0.3194,0.0,0.0,0,rolling
2024-12-04,1314,1439,SORINE GTS ADULTO 30ML,0,2.5,9.0,20.27,19.0,0.1142,0.3194,0.0,0.0,0,rolling
2024-12-05,1314,1439,SORINE GTS ADULTO 30ML,0,2.5,9.0,20.27,19.0,0.1142,0.1856,0.0,0.0,0,rolling
2024-12-06,1314,1439,SORINE GTS ADULTO 30ML,0,2.5,9.0,20.27,19.0,0.0267,0.1324,0.0,0.0,0,rolling
2024-12-07,1314,1439,SORINE GTS ADULTO 30ML,0,2.5,9.0,20.27,19.0,0.0133,0.1324,0.0,0.0,0,rolling
2024-12-08,1314,1439,SORINE GTS ADULTO 30ML,0,2.5,9.0,20.27,19.0,0.0133,0.1324,0.0,0.0,0,rolling
2024-12-09,1314,1439,SORINE GTS ADULTO 30ML,0,2.5,9.0,20.27,19.0,0.0133,0.1324,0.0,0.0,0,rolling
2024-12-10,1314,1439,SORINE GTS ADULTO 30ML,0,2.5,9.0,20.27,19.0,0.0133,0.1324,0.0,0.0,0,rolling
2024-12-11,1314,1439,SORINE GTS ADULTO 30ML,0,2.5,9.0,20.27,19.0,0.0133,0.1324,0.0,0.0,0,rolling
2024-12-12,1314,1439,SORINE GTS ADULTO 30ML,0,2.5,9.0,20.27,19.0,0.0437,0.1324,1.0,1.0,0,rolling
2024-12-13,1314,1439,SORINE GTS ADULTO 30ML,0,2.5,9.0,20.27,19.0,0.0294,0.1324,0.0,0.0,0,rolling
2024-12-14,1314,1439,SORINE GTS ADULTO 30ML,0,2.5,9.0,20.27,19.0,0.0427,0.1324,0.0,0.0,0,rolling
2024-12-15,1314,1439,SORINE GTS ADULTO 30ML,0,2.5,9.0,20.27,19.0,0.0427,0.1324,0.0,0.0,0,rolling
2024-12-16,1314,1439,SORINE GTS ADULTO 30ML,0,2.5,9.0,20.27,19.0,0.0427,0.1324,0.0,0.0,0,rolling
2024-12-17,1314,1439,SORINE GTS ADULTO 30ML,0,2.5,9.0,20.27,19.0,0.0427,0.1324,0.0,0.0,0,rolling
2024-12-18,1314,1439,SORINE GTS ADULTO 30ML,0,2.5,9.0,20.27,19.0,0.0427,0.1324,0.0,0.0,0,rolling
2024-12-19,1314,1439,SORINE GTS ADULTO 30ML,0,2.5,9.0,20.27,19.0,0.0865,0.1324,0.0,0.0,0,rolling
2024-12-20,1314,1439,SORINE GTS ADULTO 30ML,0,2.5,9.0,20.27,19.0,0.0427,0.1324,0.0,0.0,0,rolling
2024-12-21,1314,1439,SORINE GTS ADULTO 30ML,0,2.5,9.0,20.27,19.0,0.0427,0.1324,0.0,0.0,0,rolling
2024-12-22,1314,1439,SORINE GTS ADULTO 30ML,0,2.5,9.0,20.27,19.0,0.0427,0.1324,0.0,0.0,0,rolling
2024-12-23,1314,1439,SORINE GTS ADULTO 30ML,0,2.5,9.0,20.27,19.0,0.0427,0.1324,1.0,1.0,0,rolling
2024-12-24,1314,1439,SORINE GTS ADULTO 30ML,0,2.5,9.0,20.27,19.0,0.0588,0.1856,0.0,0.0,0,rolling
2024-12-25,1314,1439,SORINE GTS ADULTO 30ML,0,2.5,9.0,20.27,19.0,0.0588,0.1856,0.0,0.0,0,rolling
2024-12-26,1314,1439,SORINE GTS ADULTO 30ML,0,2.5,9.0,20.27,19.0,0.1026,0.1856,0.0,0.0,0,rolling
2024-12-27,1314,1439,SORINE GTS ADULTO 30ML,0,2.5,9.0,20.27,19.0,0.0588,0.1856,0.0,0.0,0,rolling
2024-12-28,1314,1439,SORINE GTS ADULTO 30ML,0,2.5,9.0,20.27,19.0,0.0455,0.1856,1.0,1.0,0,rolling
2024-12-29,1314,1439,SORINE GTS ADULTO 30ML,0,2.5,9.0,20.27,19.0,0.0482,0.2252,0.0,0.0,0,rolling
2024-12-30,1314,1439,SORINE GTS ADULTO 30ML,0,2.5,9.0,20.27,19.0,0.092,0.2252,0.0,0.0,0,rolling
2024-12-31,1314,1439,SORINE GTS ADULTO 30ML,0,2.5,9.0,20.27,19.0,0.0482,0.2252,0.0,0.0,0,rolling
2024-10-01,1314,15496,TAMIFLU 75MG CAPS C/10,0,2.5,9.0,270.61,249.25,0.0,0.0,0.0,0.0,0,rolling
2024-10-02,1314,15496,TAMIFLU 75MG CAPS C/10,0,2.5,9.0,270.61,249.25,0.0,0.0,0.0,0.0,0,rolling
2024-10-03,1314,15496,TAMIFLU 75MG CAPS C/10,0,2.5,9.0,270.61,249.25,0.0,0.0,0.0,0.0,0,rolling
2024-10-04,1314,15496,TAMIFLU 75MG CAPS C/10,0,2.5,9.0,270.61,249.25,0.0,0.0,0.0,0.0,0,rolling
2024-10-05,1314,15496,TAMIFLU 75MG CAPS C/10,0,2.5,9.0,270.61,249.25,0.0,0.0,0.0,0.0,0,rolling
2024-10-06,1314,15496,TAMIFLU 75MG CAPS C/10,0,2.5,9.0,270.61,249.25,0.0,0.0,0.0,0.0,0,rolling
2024-10-07,1314,15496,TAMIFLU 75MG CAPS C/10,0,2.5,9.0,270.61,249.25,0.0,0.0,0.0,0.0,0,rolling
2024-10-08,1314,15496,TAMIFLU 75MG CAPS C/10,0,2.5,9.0,270.61,249.25,0.0,0.0,0.0,0.0,0,rolling
2024-10-09,1314,15496,TAMIFLU 75MG CAPS C/10,0,2.5,9.0,270.61,249.25,0.0,0.0,0.0,0.0,0,rolling
2024-10-10,1314,15496,TAMIFLU 75MG CAPS C/10,0,2.5,9.0,270.61,249.25,0.0,0.0,0.0,0.0,0,rolling
2024-10-11,1314,15496,TAMIFLU 75MG CAPS C/10,0,2.5,9.0,270.61,249.25,0.0,0.0,0.0,0.0,0,rolling
2024-10-12,1314,15496,TAMIFLU 75MG CAPS C/10,0,2.5,9.0,270.61,249.25,0.0,0.0,0.0,0.0,0,rolling
2024-10-13,1314,15496,TAMIFLU 75MG CAPS C/10,0,2.5,9.0,270.61,249.25,0.0,0.0,0.0,0.0,0,rolling
2024-10-14,1314,15496,TAMIFLU 75MG CAPS C/10,0,2.5,9.0,270.61,249.25,0.0,0.0,0.0,0.0,0,rolling
2024-10-15,1314,15496,TAMIFLU 75MG CAPS C/10,0,2.5,9.0,270.61,249.25,0.0,0.0,0.0,0.0,0,rolling
2024-10-16,1314,15496,TAMIFLU 75MG CAPS C/10,0,2.5,9.0,270.61,249.25,0.0,0.0,0.0,0.0,0,rolling
2024-10-17,1314,15496,TAMIFLU 75MG CAPS C/10,0,2.5,9.0,270.61,249.25,0.0,0.0,0.0,0.0,0,rolling
2024-10-18,1314,15496,TAMIFLU 75MG CAPS C/10,0,2.5,9.0,270.61,249.25,0.0,0.0,0.0,0.0,0,rolling
2024-10-19,1314,15496,TAMIFLU 75MG CAPS C/10,0,2.5,9.0,270.61,249.25,0.0,0.0,0.0,0.0,0,rolling
2024-10-20,1314,15496,TAMIFLU 75MG CAPS C/10,0,2.5,9.0,270.61,249.25,0.0,0.0,0.0,0.0,0,rolling
2024-10-21,1314,15496,TAMIFLU 75MG CAPS C/10,0,2.5,9.0,270.61,249.25,0.0,0.0,0.0,0.0,0,rolling
2024-10-22,1314,15496,TAMIFLU 75MG CAPS C/10,0,2.5,9.0,270.61,249.25,0.0,0.0,0.0,0.0,0,rolling
2024-10-23,1314,15496,TAMIFLU 75MG CAPS C/10,0,2.5,9.0,270.61,249.25,0.0,0.0,0.0,0.0,0,rolling
2024-10-24,1314,15496,TAMIFLU 75MG CAPS C/10,0,2.5,9.0,270.61,249.25,0.0,0.0,0.0,0.0,0,rolling
2024-10-25,1314,15496,TAMIFLU 75MG CAPS C/10,0,2.5,9.0,270.61,249.25,0.0,0.0,0.0,0.0,0,rolling
2024-10-26,1314,15496,TAMIFLU 75MG CAPS C/10,0,2.5,9.0,270.61,249.25,0.0,0.0,0.0,0.0,0,rolling
2024-10-27,1314,15496,TAMIFLU 75MG CAPS C/10,0,2.5,9.0,270.61,249.25,0.0,0.0,0.0,0.0,0,rolling
2024-10-28,1314,15496,TAMIFLU 75MG CAPS C/10,0,2.5,9.0,270.61,249.25,0.0,0.0,0.0,0.0,0,rolling
2024-10-29,1314,15496,TAMIFLU 75MG CAPS C/10,0,2.5,9.0,270.61,249.25,0.0,0.0,0.0,0.0,0,rolling
2024-10-30,1314,15496,TAMIFLU 75MG CAPS C/10,0,2.5,9.0,270.61,249.25,0.0,0.0,0.0,0.0,0,rolling
2024-10-31,1314,15496,TAMIFLU 75MG CAPS C/10,0,2.5,9.0,270.61,249.25,0.0,0.0,0.0,0.0,0,rolling
2024-11-01,1314,15496,TAMIFLU 75MG CAPS C/10,0,2.5,9.0,270.61,249.25,0.0,0.0,0.0,0.0,0,rolling
2024-11-02,1314,15496,TAMIFLU 75MG CAPS C/10,0,2.5,9.0,270.61,249.25,0.0,0.0,0.0,0.0,0,rolling
2024-11-03,1314,15496,TAMIFLU 75MG CAPS C/10,0,2.5,9.0,270.61,249.25,0.0,0.0,0.0,0.0,0,rolling
2024-11-04,1314,15496,TAMIFLU 75MG CAPS C/10,0,2.5,9.0,270.61,249.25,0.0,0.0,0.0,0.0,0,rolling
2024-11-05,1314,15496,TAMIFLU 75MG CAPS C/10,0,2.5,9.0,270.61,249.25,0.0,0.0,0.0,0.0,0,rolling
2024-11-06,1314,15496,TAMIFLU 75MG CAPS C/10,0,2.5,9.0,270.61,249.25,0.0,0.0,0.0,0.0,0,rolling
2024-11-07,1314,15496,TAMIFLU 75MG CAPS C/10,0,2.5,9.0,270.61,249.25,0.0,0.0,0.0,0.0,0,rolling
2024-11-08,1314,15496,TAMIFLU 75MG CAPS C/10,0,2.5,9.0,270.61,249.25,0.0,0.0,0.0,0.0,0,rolling
2024-11-09,1314,15496,TAMIFLU 75MG CAPS C/10,0,2.5,9.0,270.61,249.25,0.0,0.0,0.0,0.0,0,rolling
2024-11-10,1314,15496,TAMIFLU 75MG CAPS C/10,0,2.5,9.0,270.61,249.25,0.0,0.0,0.0,0.0,0,rolling
2024-11-11,1314,15496,TAMIFLU 75MG CAPS C/10,0,2.5,9.0,270.61,249.25,0.0,0.0,0.0,0.0,0,rolling
2024-11-12,1314,15496,TAMIFLU 75MG CAPS C/10,0,2.5,9.0,270.61,249.25,0.0,0.0,0.0,0.0,0,rolling
2024-11-13,1314,15496,TAMIFLU 75MG CAPS C/10,0,2.5,9.0,270.61,249.25,0.0,0.0,0.0,0.0,0,rolling
2024-11-14,1314,15496,TAMIFLU 75MG CAPS C/10,0,2.5,9.0,270.61,249.25,0.0,0.0,0.0,0.0,0,rolling
2024-11-15,1314,15496,TAMIFLU 75MG CAPS C/10,0,2.5,9.0,270.61,249.25,0.0,0.0,0.0,0.0,0,rolling
2024-11-16,1314,15496,TAMIFLU 75MG CAPS C/10,0,2.5,9.0,270.61,249.25,0.0,0.0,0.0,0.0,0,rolling
2024-11-17,1314,15496,TAMIFLU 75MG CAPS C/10,0,2.5,9.0,270.61,249.25,0.0,0.0,0.0,0.0,0,rolling
2024-11-18,1314,15496,TAMIFLU 75MG CAPS C/10,0,2.5,9.0,270.61,249.25,0.0,0.0,0.0,0.0,0,rolling
2024-11-19,1314,15496,TAMIFLU 75MG CAPS C/10,0,2.5,9.0,270.61,249.25,0.0,0.0,0.0,0.0,0,rolling
2024-11-20,1314,15496,TAMIFLU 75MG CAPS C/10,0,2.5,9.0,270.61,249.25,0.0,0.0,0.0,0.0,0,rolling
2024-11-21,1314,15496,TAMIFLU 75MG CAPS C/10,0,2.5,9.0,270.61,249.25,0.0,0.0,0.0,0.0,0,rolling
2024-11-22,1314,15496,TAMIFLU 75MG CAPS C/10,0,2.5,9.0,270.61,249.25,0.0,0.0,0.0,0.0,0,rolling
2024-11-23,1314,15496,TAMIFLU 75MG CAPS C/10,0,2.5,9.0,270.61,249.25,0.0,0.0,0.0,0.0,0,rolling
2024-11-24,1314,15496,TAMIFLU 75MG CAPS C/10,0,2.5,9.0,270.61,249.25,0.0,0.0,0.0,0.0,0,rolling
2024-11-25,1314,15496,TAMIFLU 75MG CAPS C/10,0,2.5,9.0,270.61,249.25,0.0,0.0,0.0,0.0,0,rolling
2024-11-26,1314,15496,TAMIFLU 75MG CAPS C/10,0,2.5,9.0,270.61,249.25,0.0,0.0,0.0,0.0,0,rolling
2024-11-27,1314,15496,TAMIFLU 75MG CAPS C/10,0,2.5,9.0,270.61,249.25,0.0,0.0,0.0,0.0,0,rolling
2024-11-28,1314,15496,TAMIFLU 75MG CAPS C/10,0,2.5,9.0,270.61,249.25,0.0,0.0,0.0,0.0,0,rolling
2024-11-29,1314,15496,TAMIFLU 75MG CAPS C/10,0,2.5,9.0,270.61,249.25,0.0,0.0,0.0,0.0,0,rolling
2024-11-30,1314,15496,TAMIFLU 75MG CAPS C/10,0,2.5,9.0,270.61,249.25,0.0,0.0,0.0,0.0,0,rolling
2024-12-01,1314,15496,TAMIFLU 75MG CAPS C/10,0,2.5,9.0,270.61,249.25,0.0,0.0,0.0,0.0,0,rolling
2024-12-02,1314,15496,TAMIFLU 75MG CAPS C/10,0,2.5,9.0,270.61,249.25,0.0,0.0,0.0,0.0,0,rolling
2024-12-03,1314,15496,TAMIFLU 75MG CAPS C/10,0,2.5,9.0,270.61,249.25,0.0,0.0,0.0,0.0,0,rolling
2024-12-04,1314,15496,TAMIFLU 75MG CAPS C/10,0,2.5,9.0,270.61,249.25,0.0,0.0,0.0,0.0,0,rolling
2024-12-05,1314,15496,TAMIFLU 75MG CAPS C/10,0,2.5,9.0,270.61,249.25,0.0,0.0,0.0,0.0,0,rolling
2024-12-06,1314,15496,TAMIFLU 75MG CAPS C/10,0,2.5,9.0,270.61,249.25,0.0,0.0,0.0,0.0,0,rolling
2024-12-07,1314,15496,TAMIFLU 75MG CAPS C/10,0,2.5,9.0,270.61,249.25,0.0,0.0,0.0,0.0,0,rolling
2024-12-08,1314,15496,TAMIFLU 75MG CAPS C/10,0,2.5,9.0,270.61,249.25,0.0,0.0,0.0,0.0,0,rolling
2024-12-09,1314,15496,TAMIFLU 75MG CAPS C/10,0,2.5,9.0,270.61,249.25,0.0,0.0,0.0,0.0,0,rolling
2024-12-10,1314,15496,TAMIFLU 75MG CAPS C/10,0,2.5,9.0,270.61,249.25,0.0,0.0,0.0,0.0,0,rolling
2024-12-11,1314,15496,TAMIFLU 75MG CAPS C/10,0,2.5,9.0,270.61,249.25,0.0,0.0,0.0,0.0,0,rolling
2024-12-12,1314,15496,TAMIFLU 75MG CAPS C/10,0,2.5,9.0,270.61,249.25,0.0,0.0,0.0,0.0,0,rolling
2024-12-13,1314,15496,TAMIFLU 75MG CAPS C/10,0,2.5,9.0,270.61,249.25,0.0,0.0,0.0,0.0,0,rolling
2024-12-14,1314,15496,TAMIFLU 75MG CAPS C/10,0,2.5,9.0,270.61,249.25,0.0,0.0,0.0,0.0,0,rolling
2024-12-15,1314,15496,TAMIFLU 75MG CAPS C/10,0,2.5,9.0,270.61,249.25,0.0,0.0,0.0,0.0,0,rolling
2024-12-16,1314,15496,TAMIFLU 75MG CAPS C/10,0,2.5,9.0,270.61,249.25,0.0,0.0,0.0,0.0,0,rolling
2024-12-17,1314,15496,TAMIFLU 75MG CAPS C/10,0,2.5,9.0,270.61,249.25,0.0,0.0,0.0,0.0,0,rolling
2024-12-18,1314,15496,TAMIFLU 75MG CAPS C/10,0,2.5,9.0,270.61,249.25,0.0,0.0,0.0,0.0,0,rolling
2024-12-19,1314,15496,TAMIFLU 75MG CAPS C/10,0,2.5,9.0,270.61,249.25,0.0,0.0,0.0,0.0,0,rolling
2024-12-20,1314,15496,TAMIFLU 75MG CAPS C/10,0,2.5,9.0,270.61,249.25,0.0,0.0,0.0,0.0,0,rolling
2024-12-21,1314,15496,TAMIFLU 75MG CAPS C/10,0,2.5,9.0,270.61,249.25,0.0,0.0,0.0,0.0,0,rolling
2024-12-22,1314,15496,TAMIFLU 75MG CAPS C/10,0,2.5,9.0,270.61,249.25,0.0,0.0,0.0,0.0,0,rolling
2024-12-23,1314,15496,TAMIFLU 75MG CAPS C/10,0,2.5,9.0,270.61,249.25,0.0,0.0,0.0,0.0,0,rolling
2024-12-24,1314,15496,TAMIFLU 75MG CAPS C/10,0,2.5,9.0,270.61,249.25,0.0,0.0,0.0,0.0,0,rolling
2024-12-25,1314,15496,TAMIFLU 75MG CAPS C/10,0,2.5,9.0,270.61,249.25,0.0,0.0,0.0,0.0,0,rolling
2024-12-26,1314,15496,TAMIFLU 75MG CAPS C/10,0,2.5,9.0,270.61,249.25,0.0,0.0,0.0,0.0,0,rolling
2024-12-27,1314,15496,TAMIFLU 75MG CAPS C/10,0,2.5,9.0,270.61,249.25,0.0,0.0,0.0,0.0,0,rolling
2024-12-28,1314,15496,TAMIFLU 75MG CAPS C/10,0,2.5,9.0,270.61,249.25,0.0,0.0,0.0,0.0,0,rolling
2024-12-29,1314,15496,TAMIFLU 75MG CAPS C/10,0,2.5,9.0,270.61,249.25,0.0,0.0,0.0,0.0,0,rolling
2024-12-30,1314,15496,TAMIFLU 75MG CAPS C/10,0,2.5,9.0,270.61,249.25,0.0,0.0,0.0,0.0,0,rolling
2024-12-31,1314,15496,TAMIFLU 75MG CAPS C/10,0,2.5,9.0,270.61,249.25,0.0,0.0,0.0,0.0,0,rolling
2024-10-01,1314,15589,ANTUX XAROPE 120ML,0,2.5,9.0,34.77,32.02,0.3125,0.5487,0.0,0.0,0,rolling
2024-10-02,1314,15589,ANTUX XAROPE 120ML,0,2.5,9.0,34.77,32.02,0.48,0.5487,0.0,0.0,0,rolling
2024-10-03,1314,15589,ANTUX XAROPE 120ML,0,2.5,9.0,34.77,32.02,0.6389,0.5487,0.0,0.0,0,rolling
2024-10-04,1314,15589,ANTUX XAROPE 120ML,0,2.5,9.0,34.77,32.02,0.5685,0.5437,0.0,0.0,0,rolling
2024-10-05,1314,15589,ANTUX XAROPE 120ML,0,2.5,9.0,34.77,32.02,0.4116,0.5437,0.0,0.0,0,rolling
2024-10-06,1314,15589,ANTUX XAROPE 120ML,0,2.5,9.0,34.77,32.02,0.3241,0.5381,0.0,0.0,0,rolling
2024-10-07,1314,15589,ANTUX XAROPE 120ML,0,2.5,9.0,34.77,32.02,0.4116,0.5381,0.0,0.0,0,rolling
2024-10-08,1314,15589,ANTUX XAROPE 120ML,0,2.5,9.0,34.77,32.02,0.2643,0.5381,0.0,0.0,0,rolling
2024-10-09,1314,15589,ANTUX XAROPE 120ML,0,2.5,9.0,34.77,32.02,0.3518,0.5381,0.0,0.0,0,rolling
2024-10-10,1314,15589,ANTUX XAROPE 120ML,0,2.5,9.0,34.77,32.02,0.483,0.5318,0.0,0.0,0,rolling
2024-10-11,1314,15589,ANTUX XAROPE 120ML,0,2.5,9.0,34.77,32.02,0.4109,0.5249,0.0,0.0,0,rolling
2024-10-12,1314,15589,ANTUX XAROPE 120ML,0,2.5,9.0,34.77,32.02,0.2636,0.5249,0.0,0.0,0,rolling
2024-10-13,1314,15589,ANTUX XAROPE 120ML,0,2.5,9.0,34.77,32.02,0.1798,0.5249,1.0,1.0,0,rolling
2024-10-14,1314,15589,ANTUX XAROPE 120ML,0,2.5,9.0,34.77,32.02,0.2834,0.5318,0.0,0.0,0,rolling
2024-10-15,1314,15589,ANTUX XAROPE 120ML,0,2.5,9.0,34.77,32.02,0.1121,0.5318,1.0,1.0,0,rolling
2024-10-16,1314,15589,ANTUX XAROPE 120ML,0,2.5,9.0,34.77,32.02,0.172,0.5381,0.0,0.0,0,rolling
2024-10-17,1314,15589,ANTUX XAROPE 120ML,0,2.5,9.0,34.77,32.02,0.2632,0.5381,0.0,0.0,0,rolling
2024-10-18,1314,15589,ANTUX XAROPE 120ML,0,2.5,9.0,34.77,32.02,0.2909,0.5318,0.0,0.0,0,rolling
2024-10-19,1314,15589,ANTUX XAROPE 120ML,0,2.5,9.0,34.77,32.02,0.1596,0.4815,0.0,0.0,0,rolling
2024-10-20,1314,15589,ANTUX XAROPE 120ML,0,2.5,9.0,34.77,32.02,0.1596,0.4725,0.0,0.0,0,rolling
2024-10-21,1314,15589,ANTUX XAROPE 120ML,0,2.5,9.0,34.77,32.02,0.2034,0.4725,0.0,0.0,0,rolling
2024-10-22,1314,15589,ANTUX XAROPE 120ML,0,2.5,9.0,34.77,32.02,0.1159,0.4626,0.0,0.0,0,rolling
2024-10-23,1314,15589,ANTUX XAROPE 120ML,0,2.5,9.0,34.77,32.02,0.1159,0.4626,0.0,0.0,0,rolling
2024-10-24,1314,15589,ANTUX XAROPE 120ML,0,2.5,9.0,34.77,32.02,0.2034,0.4626,0.0,0.0,0,rolling
2024-10-25,1314,15589,ANTUX XAROPE 120ML,0,2.5,9.0,34.77,32.02,0.2167,0.4626,0.0,0.0,0,rolling
2024-10-26,1314,15589,ANTUX XAROPE 120ML,0,2.5,9.0,34.77,32.02,0.1292,0.4518,0.0,0.0,0,rolling
2024-10-27,1314,15589,ANTUX XAROPE 120ML,0,2.5,9.0,34.77,32.02,0.173,0.44,0.0,0.0,0,rolling
2024-10-28,1314,15589,ANTUX XAROPE 120ML,0,2.5,9.0,34.77,32.02,0.173,0.4271,0.0,0.0,0,rolling
2024-10-29,1314,15589,ANTUX XAROPE 120ML,0,2.5,9.0,34.77,32.02,0.1292,0.413,0.0,0.0,0,rolling
2024-10-30,1314,15589,ANTUX XAROPE 120ML,0,2.5,9.0,34.77,32.02,0.1426,0.413,0.0,0.0,0,rolling
2024-10-31,1314,15589,ANTUX XAROPE 120ML,0,2.5,9.0,34.77,32.02,0.2434,0.3977,0.0,0.0,0,rolling
2024-11-01,1314,15589,ANTUX XAROPE 120ML,0,2.5,9.0,34.77,32.02,0.1596,0.3977,1.0,1.0,0,rolling
2024-11-02,1314,15589,ANTUX XAROPE 120ML,0,2.5,9.0,34.77,32.02,0.0882,0.3977,1.0,1.0,0,rolling
2024-11-03,1314,15589,ANTUX XAROPE 120ML,0,2.5,9.0,34.77,32.02,0.1747,0.413,0.0,0.0,0,rolling
2024-11-04,1314,15589,ANTUX XAROPE 120ML,0,2.5,9.0,34.77,32.02,0.1747,0.413,0.0,0.0,0,rolling
2024-11-05,1314,15589,ANTUX XAROPE 120ML,0,2.5,9.0,34.77,32.02,0.188,0.3977,0.0,0.0,0,rolling
2024-11-06,1314,15589,ANTUX XAROPE 120ML,0,2.5,9.0,34.77,32.02,0.1443,0.3977,0.0,0.0,0,rolling
2024-11-07,1314,15589,ANTUX XAROPE 120ML,0,2.5,9.0,34.77,32.02,0.2889,0.3977,0.0,0.0,0,rolling
2024-11-08,1314,15589,ANTUX XAROPE 120ML,0,2.5,9.0,34.77,32.02,0.2585,0.3093,0.0,0.0,0,rolling
2024-11-09,1314,15589,ANTUX XAROPE 120ML,0,2.5,9.0,34.77,32.02,0.2014,0.2852,0.0,0.0,0,rolling
2024-11-10,1314,15589,ANTUX XAROPE 120ML,0,2.5,9.0,34.77,32.02,0.2014,0.2852,0.0,0.0,0,rolling
2024-11-11,1314,15589,ANTUX XAROPE 120ML,0,2.5,9.0,34.77,32.02,0.1415,0.2852,0.0,0.0,0,rolling
2024-11-12,1314,15589,ANTUX XAROPE 120ML,0,2.5,9.0,34.77,32.02,0.1853,0.2852,0.0,0.0,0,rolling
2024-11-13,1314,15589,ANTUX XAROPE 120ML,0,2.5,9.0,34.77,32.02,0.1255,0.2852,1.0,1.0,0,rolling
2024-11-14,1314,15589,ANTUX XAROPE 120ML,0,2.5,9.0,34.77,32.02,0.172,0.3093,0.0,0.0,0,rolling
2024-11-15,1314,15589,ANTUX XAROPE 120ML,0,2.5,9.0,34.77,32.02,0.1586,0.2852,0.0,0.0,0,rolling
2024-11-16,1314,15589,ANTUX XAROPE 120ML,0,2.5,9.0,34.77,32.02,0.1586,0.2852,0.0,0.0,0,rolling
2024-11-17,1314,15589,ANTUX XAROPE 120ML,0,2.5,9.0,34.77,32.02,0.1586,0.2852,0.0,0.0,0,rolling
2024-11-18,1314,15589,ANTUX XAROPE 120ML,0,2.5,9.0,34.77,32.02,0.0882,0.2852,0.0,0.0,0,rolling
2024-11-19,1314,15589,ANTUX XAROPE 120ML,0,2.5,9.0,34.77,32.02,0.132,0.2852,0.0,0.0,0,rolling
2024-11-20,1314,15589,ANTUX XAROPE 120ML,0,2.5,9.0,34.77,32.02,0.1186,0.2852,0.0,0.0,0,rolling
2024-11-21,1314,15589,ANTUX XAROPE 120ML,0,2.5,9.0,34.77,32.02,0.0749,0.2852,2.0,2.0,0,rolling
2024-11-22,1314,15589,ANTUX XAROPE 120ML,0,2.5,9.0,34.77,32.02,0.1374,0.3809,0.0,0.0,0,rolling
2024-11-23,1314,15589,ANTUX XAROPE 120ML,0,2.5,9.0,34.77,32.02,0.1241,0.3809,0.0,0.0,0,rolling
2024-11-24,1314,15589,ANTUX XAROPE 120ML,0,2.5,9.0,34.77,32.02,0.1241,0.3809,0.0,0.0,0,rolling
2024-11-25,1314,15589,ANTUX XAROPE 120ML,0,2.5,9.0,34.77,32.02,0.0804,0.3809,0.0,0.0,0,rolling
2024-11-26,1314,15589,ANTUX XAROPE 120ML,0,2.5,9.0,34.77,32.02,0.1374,0.3809,0.0,0.0,0,rolling
2024-11-27,1314,15589,ANTUX XAROPE 120ML,0,2.5,9.0,34.77,32.02,0.1641,0.3809,1.0,1.0,0,rolling
2024-11-28,1314,15589,ANTUX XAROPE 120ML,0,2.5,9.0,34.77,32.02,0.2373,0.3977,0.0,0.0,0,rolling
2024-11-29,1314,15589,ANTUX XAROPE 120ML,0,2.5,9.0,34.77,32.02,0.1935,0.3977,0.0,0.0,0,rolling
2024-11-30,1314,15589,ANTUX XAROPE 120ML,0,2.5,9.0,34.77,32.02,0.1774,0.3977,0.0,0.0,0,rolling
2024-12-01,1314,15589,ANTUX XAROPE 120ML,0,2.5,9.0,34.77,32.02,0.1614,0.3977,0.0,0.0,0,rolling
2024-12-02,1314,15589,ANTUX XAROPE 120ML,0,2.5,9.0,34.77,32.02,0.1443,0.3977,0.0,0.0,0,rolling
2024-12-03,1314,15589,ANTUX XAROPE 120ML,0,2.5,9.0,34.77,32.02,0.2014,0.3977,0.0,0.0,0,rolling
2024-12-04,1314,15589,ANTUX XAROPE 120ML,0,2.5,9.0,34.77,32.02,0.2451,0.3977,1.0,1.0,0,rolling
2024-12-05,1314,15589,ANTUX XAROPE 120ML,0,2.5,9.0,34.77,32.02,0.2612,0.413,1.0,1.0,0,rolling
2024-12-06,1314,15589,ANTUX XAROPE 120ML,0,2.5,9.0,34.77,32.02,0.2335,0.4271,0.0,0.0,0,rolling
2024-12-07,1314,15589,ANTUX XAROPE 120ML,0,2.5,9.0,34.77,32.02,0.2602,0.4271,0.0,0.0,0,rolling
2024-12-08,1314,15589,ANTUX XAROPE 120ML,0,2.5,9.0,34.77,32.02,0.2602,0.4271,0.0,0.0,0,rolling
2024-12-09,1314,15589,ANTUX XAROPE 120ML,0,2.5,9.0,34.77,32.02,0.2164,0.413,0.0,0.0,0,rolling
2024-12-10,1314,15589,ANTUX XAROPE 120ML,0,2.5,9.0,34.77,32.02,0.2602,0.413,0.0,0.0,0,rolling
2024-12-11,1314,15589,ANTUX XAROPE 120ML,0,2.5,9.0,34.77,32.02,0.3343,0.3977,0.0,0.0,0,rolling
2024-12-12,1314,15589,ANTUX XAROPE 120ML,0,2.5,9.0,34.77,32.02,0.2916,0.3977,0.0,0.0,0,rolling
2024-12-13,1314,15589,ANTUX XAROPE 120ML,0,2.5,9.0,34.77,32.02,0.1908,0.3977,0.0,0.0,0,rolling
2024-12-14,1314,15589,ANTUX XAROPE 120ML,0,2.5,9.0,34.77,32.02,0.1908,0.3977,0.0,0.0,0,rolling
2024-12-15,1314,15589,ANTUX XAROPE 120ML,0,2.5,9.0,34.77,32.02,0.1604,0.3977,0.0,0.0,0,rolling
2024-12-16,1314,15589,ANTUX XAROPE 120ML,0,2.5,9.0,34.77,32.02,0.1737,0.3977,0.0,0.0,0,rolling
2024-12-17,1314,15589,ANTUX XAROPE 120ML,0,2.5,9.0,34.77,32.02,0.147,0.3977,1.0,1.0,0,rolling
2024-12-18,1314,15589,ANTUX XAROPE 120ML,0,2.5,9.0,34.77,32.02,0.281,0.413,0.0,0.0,0,rolling
2024-12-19,1314,15589,ANTUX XAROPE 120ML,0,2.5,9.0,34.77,32.02,0.281,0.413,1.0,1.0,0,rolling
2024-12-20,1314,15589,ANTUX XAROPE 120ML,0,2.5,9.0,34.77,32.02,0.1774,0.4271,0.0,0.0,0,rolling
2024-12-21,1314,15589,ANTUX XAROPE 120ML,0,2.5,9.0,34.77,32.02,0.1774,0.4271,0.0,0.0,0,rolling
2024-12-22,1314,15589,ANTUX XAROPE 120ML,0,2.5,9.0,34.77,32.02,0.107,0.4271,3.0,3.0,0,rolling
2024-12-23,1314,15589,ANTUX XAROPE 120ML,0,2.5,9.0,34.77,32.02,0.1552,0.5667,0.0,0.0,0,rolling
2024-12-24,1314,15589,ANTUX XAROPE 120ML,0,2.5,9.0,34.77,32.02,0.2123,0.5667,0.0,0.0,0,rolling
2024-12-25,1314,15589,ANTUX XAROPE 120ML,0,2.5,9.0,34.77,32.02,0.2998,0.5667,0.0,0.0,0,rolling
2024-12-26,1314,15589,ANTUX XAROPE 120ML,0,2.5,9.0,34.77,32.02,0.3275,0.5667,0.0,0.0,0,rolling
2024-12-27,1314,15589,ANTUX XAROPE 120ML,0,2.5,9.0,34.77,32.02,0.1963,0.5667,0.0,0.0,0,rolling
2024-12-28,1314,15589,ANTUX XAROPE 120ML,0,2.5,9.0,34.77,32.02,0.1963,0.5579,1.0,1.0,0,rolling
2024-12-29,1314,15589,ANTUX XAROPE 120ML,0,2.5,9.0,34.77,32.02,0.3132,0.5579,0.0,0.0,0,rolling
2024-12-30,1314,15589,ANTUX XAROPE 120ML,0,2.5,9.0,34.77,32.02,0.1686,0.5579,0.0,0.0,0,rolling
2024-12-31,1314,15589,ANTUX XAROPE 120ML,0,2.5,9.0,34.77,32.02,0.199,0.5579,0.0,0.0,0,rolling
2024-10-01,1314,15590,ANTUX GTS 20ML,0,2.5,9.0,45.02,42.19,0.0161,0.1324,0.0,0.0,0,rolling
2024-10-02,1314,15590,ANTUX GTS 20ML,0,2.5,9.0,45.02,42.19,0.0161,0.1324,0.0,0.0,0,rolling
2024-10-03,1314,15590,ANTUX GTS 20ML,0,2.5,9.0,45.02,42.19,0.0161,0.1324,0.0,0.0,0,rolling
2024-10-04,1314,15590,ANTUX GTS 20ML,0,2.5,9.0,45.02,42.19,0.0161,0.1324,0.0,0.0,0,rolling
2024-10-05,1314,15590,ANTUX GTS 20ML,0,2.5,9.0,45.02,42.19,0.0161,0.1324,0.0,0.0,0,rolling
2024-10-06,1314,15590,ANTUX GTS 20ML,0,2.5,9.0,45.02,42.19,0.0161,0.1324,0.0,0.0,0,rolling
2024-10-07,1314,15590,ANTUX GTS 20ML,0,2.5,9.0,45.02,42.19,0.0598,0.1324,0.0,0.0,0,rolling
2024-10-08,1314,15590,ANTUX GTS 20ML,0,2.5,9.0,45.02,42.19,0.0161,0.1324,0.0,0.0,0,rolling
2024-10-09,1314,15590,ANTUX GTS 20ML,0,2.5,9.0,45.02,42.19,0.0161,0.1324,0.0,0.0,0,rolling
2024-10-10,1314,15590,ANTUX GTS 20ML,0,2.5,9.0,45.02,42.19,0.0161,0.1324,0.0,0.0,0,rolling
2024-10-11,1314,15590,ANTUX GTS 20ML,0,2.5,9.0,45.02,42.19,0.0161,0.1324,0.0,0.0,0,rolling
2024-10-12,1314,15590,ANTUX GTS 20ML,0,2.5,9.0,45.02,42.19,0.0161,0.1324,0.0,0.0,0,rolling
2024-10-13,1314,15590,ANTUX GTS 20ML,0,2.5,9.0,45.02,42.19,0.0161,0.1324,0.0,0.0,0,rolling
2024-10-14,1314,15590,ANTUX GTS 20ML,0,2.5,9.0,45.02,42.19,0.0598,0.1324,0.0,0.0,0,rolling
2024-10-15,1314,15590,ANTUX GTS 20ML,0,2.5,9.0,45.02,42.19,0.0161,0.1324,0.0,0.0,0,rolling
2024-10-16,1314,15590,ANTUX GTS 20ML,0,2.5,9.0,45.02,42.19,0.0161,0.1324,0.0,0.0,0,rolling
2024-10-17,1314,15590,ANTUX GTS 20ML,0,2.5,9.0,45.02,42.19,0.0561,0.1324,0.0,0.0,0,rolling
2024-10-18,1314,15590,ANTUX GTS 20ML,0,2.5,9.0,45.02,42.19,0.0561,0.1324,0.0,0.0,0,rolling
2024-10-19,1314,15590,ANTUX GTS 20ML,0,2.5,9.0,45.02,42.19,0.0561,0.1324,0.0,0.0,0,rolling
2024-10-20,1314,15590,ANTUX GTS 20ML,0,2.5,9.0,45.02,42.19,0.0561,0.1324,0.0,0.0,0,rolling
2024-10-21,1314,15590,ANTUX GTS 20ML,0,2.5,9.0,45.02,42.19,0.0998,0.1324,0.0,0.0,0,rolling
2024-10-22,1314,15590,ANTUX GTS 20ML,0,2.5,9.0,45.02,42.19,0.04,0.1324,0.0,0.0,0,rolling
2024-10-23,1314,15590,ANTUX GTS 20ML,0,2.5,9.0,45.02,42.19,0.04,0.1324,0.0,0.0,0,rolling
2024-10-24,1314,15590,ANTUX GTS 20ML,0,2.5,9.0,45.02,42.19,0.04,0.1324,0.0,0.0,0,rolling
2024-10-25,1314,15590,ANTUX GTS 20ML,0,2.5,9.0,45.02,42.19,0.04,0.1324,0.0,0.0,0,rolling
2024-10-26,1314,15590,ANTUX GTS 20ML,0,2.5,9.0,45.02,42.19,0.04,0.1324,0.0,0.0,0,rolling
2024-10-27,1314,15590,ANTUX GTS 20ML,0,2.5,9.0,45.02,42.19,0.04,0.1324,0.0,0.0,0,rolling
2024-10-28,1314,15590,ANTUX GTS 20ML,0,2.5,9.0,45.02,42.19,0.0838,0.1324,0.0,0.0,0,rolling
2024-10-29,1314,15590,ANTUX GTS 20ML,0,2.5,9.0,45.02,42.19,0.04,0.1324,0.0,0.0,0,rolling
2024-10-30,1314,15590,ANTUX GTS 20ML,0,2.5,9.0,45.02,42.19,0.04,0.1324,0.0,0.0,0,rolling
2024-10-31,1314,15590,ANTUX GTS 20ML,0,2.5,9.0,45.02,42.19,0.04,0.1324,0.0,0.0,0,rolling
2024-11-01,1314,15590,ANTUX GTS 20ML,0,2.5,9.0,45.02,42.19,0.0,0.1324,0.0,0.0,0,rolling
2024-11-02,1314,15590,ANTUX GTS 20ML,0,2.5,9.0,45.02,42.19,0.0,0.1324,0.0,0.0,0,rolling
2024-11-03,1314,15590,ANTUX GTS 20ML,0,2.5,9.0,45.02,42.19,0.0,0.1324,0.0,0.0,0,rolling
2024-11-04,1314,15590,ANTUX GTS 20ML,0,2.5,9.0,45.02,42.19,0.0437,0.1324,0.0,0.0,0,rolling
2024-11-05,1314,15590,ANTUX GTS 20ML,0,2.5,9.0,45.02,42.19,0.0,0.1324,0.0,0.0,0,rolling
2024-11-06,1314,15590,ANTUX GTS 20ML,0,2.5,9.0,45.02,42.19,0.0,0.1324,0.0,0.0,0,rolling
2024-11-07,1314,15590,ANTUX GTS 20ML,0,2.5,9.0,45.02,42.19,0.0,0.1324,0.0,0.0,0,rolling
2024-11-08,1314,15590,ANTUX GTS 20ML,0,2.5,9.0,45.02,42.19,0.0,0.1324,0.0,0.0,0,rolling
2024-11-09,1314,15590,ANTUX GTS 20ML,0,2.5,9.0,45.02,42.19,0.0,0.1324,0.0,0.0,0,rolling
2024-11-10,1314,15590,ANTUX GTS 20ML,0,2.5,9.0,45.02,42.19,0.0,0.1324,0.0,0.0,0,rolling
2024-11-11,1314,15590,ANTUX GTS 20ML,0,2.5,9.0,45.02,42.19,0.0437,0.1324,0.0,0.0,0,rolling
2024-11-12,1314,15590,ANTUX GTS 20ML,0,2.5,9.0,45.02,42.19,0.0,0.1324,0.0,0.0,0,rolling
2024-11-13,1314,15590,ANTUX GTS 20ML,0,2.5,9.0,45.02,42.19,0.0,0.1324,0.0,0.0,0,rolling
2024-11-14,1314,15590,ANTUX GTS 20ML,0,2.5,9.0,45.02,42.19,0.0,0.1324,0.0,0.0,0,rolling
2024-11-15,1314,15590,ANTUX GTS 20ML,0,2.5,9.0,45.02,42.19,0.0,0.1324,0.0,0.0,0,rolling
2024-11-16,1314,15590,ANTUX GTS 20ML,0,2.5,9.0,45.02,42.19,0.0,0.1324,0.0,0.0,0,rolling
2024-11-17,1314,15590,ANTUX GTS 20ML,0,2.5,9.0,45.02,42.19,0.0,0.1324,0.0,0.0,0,rolling
2024-11-18,1314,15590,ANTUX GTS 20ML,0,2.5,9.0,45.02,42.19,0.0437,0.1324,0.0,0.0,0,rolling
2024-11-19,1314,15590,ANTUX GTS 20ML,0,2.5,9.0,45.02,42.19,0.0,0.0,0.0,0.0,0,rolling
2024-11-20,1314,15590,ANTUX GTS 20ML,0,2.5,9.0,45.02,42.19,0.0,0.0,0.0,0.0,0,rolling
2024-11-21,1314,15590,ANTUX GTS 20ML,0,2.5,9.0,45.02,42.19,0.0,0.0,0.0,0.0,0,rolling
2024-11-22,1314,15590,ANTUX GTS 20ML,0,2.5,9.0,45.02,42.19,0.0,0.0,0.0,0.0,0,rolling
2024-11-23,1314,15590,ANTUX GTS 20ML,0,2.5,9.0,45.02,42.19,0.0,0.0,0.0,0.0,0,rolling
2024-11-24,1314,15590,ANTUX GTS 20ML,0,2.5,9.0,45.02,42.19,0.0,0.0,0.0,0.0,0,rolling
2024-11-25,1314,15590,ANTUX GTS 20ML,0,2.5,9.0,45.02,42.19,0.0,0.0,0.0,0.0,0,rolling
2024-11-26,1314,15590,ANTUX GTS 20ML,0,2.5,9.0,45.02,42.19,0.0,0.0,0.0,0.0,0,rolling
2024-11-27,1314,15590,ANTUX GTS 20ML,0,2.5,9.0,45.02,42.19,0.0,0.0,0.0,0.0,0,rolling
2024-11-28,1314,15590,ANTUX GTS 20ML,0,2.5,9.0,45.02,42.19,0.0,0.0,0.0,0.0,0,rolling
2024-11-29,1314,15590,ANTUX GTS 20ML,0,2.5,9.0,45.02,42.19,0.0,0.0,0.0,0.0,0,rolling
2024-11-30,1314,15590,ANTUX GTS 20ML,0,2.5,9.0,45.02,42.19,0.0,0.0,0.0,0.0,0,rolling
2024-12-01,1314,15590,ANTUX GTS 20ML,0,2.5,9.0,45.02,42.19,0.0,0.0,0.0,0.0,0,rolling
2024-12-02,1314,15590,ANTUX GTS 20ML,0,2.5,9.0,45.02,42.19,0.0,0.0,0.0,0.0,0,rolling
2024-12-03,1314,15590,ANTUX GTS 20ML,0,2.5,9.0,45.02,42.19,0.0,0.0,0.0,0.0,0,rolling
2024-12-04,1314,15590,ANTUX GTS 20ML,0,2.5,9.0,45.02,42.19,0.0,0.0,0.0,0.0,0,rolling
2024-12-05,1314,15590,ANTUX GTS 20ML,0,2.5,9.0,45.02,42.19,0.0,0.0,0.0,0.0,0,rolling
2024-12-06,1314,15590,ANTUX GTS 20ML,0,2.5,9.0,45.02,42.19,0.0,0.0,0.0,0.0,0,rolling
2024-12-07,1314,15590,ANTUX GTS 20ML,0,2.5,9.0,45.02,42.19,0.0,0.0,0.0,0.0,0,rolling
2024-12-08,1314,15590,ANTUX GTS 20ML,0,2.5,9.0,45.02,42.19,0.0,0.0,0.0,0.0,0,rolling
2024-12-09,1314,15590,ANTUX GTS 20ML,0,2.5,9.0,45.02,42.19,0.0,0.0,0.0,0.0,0,rolling
2024-12-10,1314,15590,ANTUX GTS 20ML,0,2.5,9.0,45.02,42.19,0.0,0.0,0.0,0.0,0,rolling
2024-12-11,1314,15590,ANTUX GTS 20ML,0,2.5,9.0,45.02,42.19,0.0,0.0,0.0,0.0,0,rolling
2024-12-12,1314,15590,ANTUX GTS 20ML,0,2.5,9.0,45.02,42.19,0.0,0.0,0.0,0.0,0,rolling
2024-12-13,1314,15590,ANTUX GTS 20ML,0,2.5,9.0,45.02,42.19,0.0,0.0,0.0,0.0,0,rolling
2024-12-14,1314,15590,ANTUX GTS 20ML,0,2.5,9.0,45.02,42.19,0.0,0.0,0.0,0.0,0,rolling
2024-12-15,1314,15590,ANTUX GTS 20ML,0,2.5,9.0,45.02,42.19,0.0,0.0,0.0,0.0,0,rolling
2024-12-16,1314,15590,ANTUX GTS 20ML,0,2.5,9.0,45.02,42.19,0.0,0.0,0.0,0.0,0,rolling
2024-12-17,1314,15590,ANTUX GTS 20ML,0,2.5,9.0,45.02,42.19,0.0,0.0,0.0,0.0,0,rolling
2024-12-18,1314,15590,ANTUX GTS 20ML,0,2.5,9.0,45.02,42.19,0.0,0.0,0.0,0.0,0,rolling
2024-12-19,1314,15590,ANTUX GTS 20ML,0,2.5,9.0,45.02,42.19,0.0,0.0,0.0,0.0,0,rolling
2024-12-20,1314,15590,ANTUX GTS 20ML,0,2.5,9.0,45.02,42.19,0.0,0.0,0.0,0.0,0,rolling
2024-12-21,1314,15590,ANTUX GTS 20ML,0,2.5,9.0,45.02,42.19,0.0,0.0,0.0,0.0,0,rolling
2024-12-22,1314,15590,ANTUX GTS 20ML,0,2.5,9.0,45.02,42.19,0.0,0.0,0.0,0.0,0,rolling
2024-12-23,1314,15590,ANTUX GTS 20ML,0,2.5,9.0,45.02,42.19,0.0,0.0,0.0,0.0,0,rolling
2024-12-24,1314,15590,ANTUX GTS 20ML,0,2.5,9.0,45.02,42.19,0.0,0.0,0.0,0.0,0,rolling
2024-12-25,1314,15590,ANTUX GTS 20ML,0,2.5,9.0,45.02,42.19,0.0,0.0,0.0,0.0,0,rolling
2024-12-26,1314,15590,ANTUX GTS 20ML,0,2.5,9.0,45.02,42.19,0.0,0.0,0.0,0.0,0,rolling
2024-12-27,1314,15590,ANTUX GTS 20ML,0,2.5,9.0,45.02,42.19,0.0,0.0,0.0,0.0,0,rolling
2024-12-28,1314,15590,ANTUX GTS 20ML,0,2.5,9.0,45.02,42.19,0.0,0.0,0.0,0.0,0,rolling
2024-12-29,1314,15590,ANTUX GTS 20ML,0,2.5,9.0,45.02,42.19,0.0,0.0,0.0,0.0,0,rolling
2024-12-30,1314,15590,ANTUX GTS 20ML,0,2.5,9.0,45.02,42.19,0.0,0.0,0.0,0.0,0,rolling
2024-12-31,1314,15590,ANTUX GTS 20ML,0,2.5,9.0,45.02,42.19,0.0,0.0,0.0,0.0,0,rolling
2024-10-01,1314,18064,NEOSORO SOLUCAO NASAL ADULTO 30ML,1,1.5204982891360137,9.0,8.93,4.28,19.2416,5.4224,14.0,14.0,0,rolling
2024-10-02,1314,18064,NEOSORO SOLUCAO NASAL ADULTO 30ML,1,1.5204982891360137,9.0,8.93,4.28,19.5598,5.4361,23.0,23.0,0,rolling
2024-10-03,1314,18064,NEOSORO SOLUCAO NASAL ADULTO 30ML,1,1.5204982891360137,9.0,8.93,4.28,19.4549,5.5162,5.0,5.0,0,rolling
2024-10-04,1314,18064,NEOSORO SOLUCAO NASAL ADULTO 30ML,1,1.5204982891360137,9.0,8.93,4.28,19.5894,5.5723,14.0,14.0,0,rolling
2024-10-05,1314,18064,NEOSORO SOLUCAO NASAL ADULTO 30ML,1,1.5204982891360137,9.0,8.93,4.28,22.2908,5.4934,16.0,16.0,0,rolling
2024-10-06,1314,18064,NEOSORO SOLUCAO NASAL ADULTO 30ML,1,1.5204982891360137,9.0,8.93,4.28,20.8201,5.5062,8.0,8.0,0,rolling
2024-10-07,1314,18064,NEOSORO SOLUCAO NASAL ADULTO 30ML,1,1.5204982891360137,9.0,8.93,4.28,21.7505,5.5161,25.0,25.0,0,rolling
2024-10-08,1314,18064,NEOSORO SOLUCAO NASAL ADULTO 30ML,1,1.5204982891360137,9.0,8.93,4.28,21.0828,5.7614,24.0,24.0,0,rolling
2024-10-09,1314,18064,NEOSORO SOLUCAO NASAL ADULTO 30ML,1,1.5204982891360137,9.0,8.93,4.28,22.7985,5.98,6.0,6.0,0,rolling
2024-10-10,1314,18064,NEOSORO SOLUCAO NASAL ADULTO 30ML,1,1.5204982891360137,9.0,8.93,4.28,20.4458,5.98,13.0,13.0,0,rolling
2024-10-11,1314,18064,NEOSORO SOLUCAO NASAL ADULTO 30ML,1,1.5204982891360137,9.0,8.93,4.28,22.0969,5.8239,14.0,14.0,0,rolling
2024-10-12,1314,18064,NEOSORO SOLUCAO NASAL ADULTO 30ML,1,1.5204982891360137,9.0,8.93,4.28,23.7697,5.8276,7.0,7.0,0,rolling
2024-10-13,1314,18064,NEOSORO SOLUCAO NASAL ADULTO 30ML,1,1.5204982891360137,9.0,8.93,4.28,21.3416,5.5676,6.0,6.0,0,rolling
2024-10-14,1314,18064,NEOSORO SOLUCAO NASAL ADULTO 30ML,1,1.5204982891360137,9.0,8.93,4.28,22.6188,5.616,0.0,0.0,0,rolling
2024-10-15,1314,18064,NEOSORO SOLUCAO NASAL ADULTO 30ML,1,1.5204982891360137,9.0,8.93,4.28,21.07,5.6596,10.0,10.0,0,rolling
2024-10-16,1314,18064,NEOSORO SOLUCAO NASAL ADULTO 30ML,1,1.5204982891360137,9.0,8.93,4.28,21.0565,5.6534,11.0,11.0,0,rolling
2024-10-17,1314,18064,NEOSORO SOLUCAO NASAL ADULTO 30ML,1,1.5204982891360137,9.0,8.93,4.28,19.7765,5.5867,6.0,6.0,0,rolling
2024-10-18,1314,18064,NEOSORO SOLUCAO NASAL ADULTO 30ML,1,1.5204982891360137,9.0,8.93,4.28,20.3969,5.6315,15.0,15.0,0,rolling
2024-10-19,1314,18064,NEOSORO SOLUCAO NASAL ADULTO 30ML,1,1.5204982891360137,9.0,8.93,4.28,21.0076,5.5815,3.0,3.0,0,rolling
2024-10-20,1314,18064,NEOSORO SOLUCAO NASAL ADULTO 30ML,1,1.5204982891360137,9.0,8.93,4.28,19.5425,5.6787,13.0,13.0,0,rolling
2024-10-21,1314,18064,NEOSORO SOLUCAO NASAL ADULTO 30ML,1,1.5204982891360137,9.0,8.93,4.28,20.6074,5.5911,8.0,8.0,0,rolling
2024-10-22,1314,18064,NEOSORO SOLUCAO NASAL ADULTO 30ML,1,1.5204982891360137,9.0,8.93,4.28,20.8449,5.6084,12.0,12.0,0,rolling
2024-10-23,1314,18064,NEOSORO SOLUCAO NASAL ADULTO 30ML,1,1.5204982891360137,9.0,8.93,4.28,20.8718,5.4851,1.0,1.0,0,rolling
2024-10-24,1314,18064,NEOSORO SOLUCAO NASAL ADULTO 30ML,1,1.5204982891360137,9.0,8.93,4.28,18.188,5.5164,8.0,8.0,0,rolling
2024-10-25,1314,18064,NEOSORO SOLUCAO NASAL ADULTO 30ML,1,1.5204982891360137,9.0,8.93,4.28,19.8177,5.53,14.0,14.0,0,rolling
2024-10-26,1314,18064,NEOSORO SOLUCAO NASAL ADULTO 30ML,1,1.5204982891360137,9.0,8.93,4.28,19.1557,5.5434,6.0,6.0,0,rolling
2024-10-27,1314,18064,NEOSORO SOLUCAO NASAL ADULTO 30ML,1,1.5204982891360137,9.0,8.93,4.28,18.2805,5.5833,16.0,16.0,0,rolling
2024-10-28,1314,18064,NEOSORO SOLUCAO NASAL ADULTO 30ML,1,1.5204982891360137,9.0,8.93,4.28,19.3547,5.6192,9.0,9.0,0,rolling
2024-10-29,1314,18064,NEOSORO SOLUCAO NASAL ADULTO 30ML,1,1.5204982891360137,9.0,8.93,4.28,19.0527,5.6254,4.0,4.0,0,rolling
2024-10-30,1314,18064,NEOSORO SOLUCAO NASAL ADULTO 30ML,1,1.5204982891360137,9.0,8.93,4.28,19.4584,5.7024,9.0,9.0,0,rolling
2024-10-31,1314,18064,NEOSORO SOLUCAO NASAL ADULTO 30ML,1,1.5204982891360137,9.0,8.93,4.28,16.6955,5.4305,5.0,5.0,0,rolling
2024-11-01,1314,18064,NEOSORO SOLUCAO NASAL ADULTO 30ML,0,1.5204982891360137,9.0,8.93,4.28,11.8811,5.451,16.0,16.0,0,rolling
2024-11-02,1314,18064,NEOSORO SOLUCAO NASAL ADULTO 30ML,0,1.5204982891360137,9.0,8.93,4.28,10.9124,5.48,6.0,6.0,0,rolling
2024-11-03,1314,18064,NEOSORO SOLUCAO NASAL ADULTO 30ML,0,1.5204982891360137,9.0,8.93,4.28,10.6834,5.503,4.0,4.0,0,rolling
2024-11-04,1314,18064,NEOSORO SOLUCAO NASAL ADULTO 30ML,0,1.5204982891360137,9.0,8.93,4.28,10.8699,5.5659,5.0,5.0,0,rolling
2024-11-05,1314,18064,NEOSORO SOLUCAO NASAL ADULTO 30ML,0,1.5204982891360137,9.0,8.93,4.28,9.7739,5.3418,7.0,7.0,0,rolling
2024-11-06,1314,18064,NEOSORO SOLUCAO NASAL ADULTO 30ML,0,1.5204982891360137,9.0,8.93,4.28,9.422,5.3502,10.0,10.0,0,rolling
2024-11-07,1314,18064,NEOSORO SOLUCAO NASAL ADULTO 30ML,0,1.5204982891360137,9.0,8.93,4.28,8.0729,5.3232,13.0,13.0,0,rolling
2024-11-08,1314,18064,NEOSORO SOLUCAO NASAL ADULTO 30ML,0,1.5204982891360137,9.0,8.93,4.28,10.1254,5.3368,2.0,2.0,0,rolling
2024-11-09,1314,18064,NEOSORO SOLUCAO NASAL ADULTO 30ML,0,1.5204982891360137,9.0,8.93,4.28,8.8046,5.3959,10.0,10.0,0,rolling
2024-11-10,1314,18064,NEOSORO SOLUCAO NASAL ADULTO 30ML,0,1.5204982891360137,9.0,8.93,4.28,8.752,5.3069,7.0,7.0,0,rolling
2024-11-11,1314,18064,NEOSORO SOLUCAO NASAL ADULTO 30ML,0,1.5204982891360137,9.0,8.93,4.28,8.3968,5.2982,8.0,8.0,0,rolling
2024-11-12,1314,18064,NEOSORO SOLUCAO NASAL ADULTO 30ML,0,1.5204982891360137,9.0,8.93,4.28,8.7479,5.2982,14.0,14.0,0,rolling
2024-11-13,1314,18064,NEOSORO SOLUCAO NASAL ADULTO 30ML,0,1.5204982891360137,9.0,8.93,4.28,9.1355,5.2321,8.0,8.0,0,rolling
2024-11-14,1314,18064,NEOSORO SOLUCAO NASAL ADULTO 30ML,0,1.5204982891360137,9.0,8.93,4.28,8.0832,5.1882,11.0,11.0,0,rolling
2024-11-15,1314,18064,NEOSORO SOLUCAO NASAL ADULTO 30ML,0,1.5204982891360137,9.0,8.93,4.28,9.5598,5.1907,5.0,5.0,0,rolling
2024-11-16,1314,18064,NEOSORO SOLUCAO NASAL ADULTO 30ML,0,1.5204982891360137,9.0,8.93,4.28,8.4536,5.2267,8.0,8.0,0,rolling
2024-11-17,1314,18064,NEOSORO SOLUCAO NASAL ADULTO 30ML,0,1.5204982891360137,9.0,8.93,4.28,8.6102,5.227,7.0,7.0,0,rolling
2024-11-18,1314,18064,NEOSORO SOLUCAO NASAL ADULTO 30ML,0,1.5204982891360137,9.0,8.93,4.28,8.6317,5.2338,4.0,4.0,0,rolling
2024-11-19,1314,18064,NEOSORO SOLUCAO NASAL ADULTO 30ML,0,1.5204982891360137,9.0,8.93,4.28,9.2216,5.2806,10.0,10.0,0,rolling
2024-11-20,1314,18064,NEOSORO SOLUCAO NASAL ADULTO 30ML,0,1.5204982891360137,9.0,8.93,4.28,8.6949,5.261,10.0,10.0,0,rolling
2024-11-21,1314,18064,NEOSORO SOLUCAO NASAL ADULTO 30ML,0,1.5204982891360137,9.0,8.93,4.28,8.0958,5.2506,6.0,6.0,0,rolling
2024-11-22,1314,18064,NEOSORO SOLUCAO NASAL ADULTO 30ML,0,1.5204982891360137,9.0,8.93,4.28,9.0336,5.1755,7.0,7.0,0,rolling
2024-11-23,1314,18064,NEOSORO SOLUCAO NASAL ADULTO 30ML,0,1.5204982891360137,9.0,8.93,4.28,8.0232,5.1755,6.0,6.0,0,rolling
2024-11-24,1314,18064,NEOSORO SOLUCAO NASAL ADULTO 30ML,0,1.5204982891360137,9.0,8.93,4.28,8.0536,5.1851,5.0,5.0,0,rolling
2024-11-25,1314,18064,NEOSORO SOLUCAO NASAL ADULTO 30ML,0,1.5204982891360137,9.0,8.93,4.28,7.8902,5.2148,6.0,6.0,0,rolling
2024-11-26,1314,18064,NEOSORO SOLUCAO NASAL ADULTO 30ML,0,1.5204982891360137,9.0,8.93,4.28,8.9795,5.2328,13.0,13.0,0,rolling
2024-11-27,1314,18064,NEOSORO SOLUCAO NASAL ADULTO 30ML,0,1.5204982891360137,9.0,8.93,4.28,8.407,5.2184,4.0,4.0,0,rolling
2024-11-28,1314,18064,NEOSORO SOLUCAO NASAL ADULTO 30ML,0,1.5204982891360137,9.0,8.93,4.28,7.7921,4.9239,8.0,8.0,0,rolling
2024-11-29,1314,18064,NEOSORO SOLUCAO NASAL ADULTO 30ML,0,1.5204982891360137,9.0,8.93,4.28,8.5953,4.8971,11.0,11.0,0,rolling
2024-11-30,1314,18064,NEOSORO SOLUCAO NASAL ADULTO 30ML,0,1.5204982891360137,9.0,8.93,4.28,7.5145,4.8582,16.0,16.0,0,rolling
2024-12-01,1314,18064,NEOSORO SOLUCAO NASAL ADULTO 30ML,0,1.5204982891360137,9.0,8.93,4.28,7.8502,4.8582,7.0,7.0,0,rolling
2024-12-02,1314,18064,NEOSORO SOLUCAO NASAL ADULTO 30ML,0,1.5204982891360137,9.0,8.93,4.28,7.8147,4.8634,10.0,10.0,0,rolling
2024-12-03,1314,18064,NEOSORO SOLUCAO NASAL ADULTO 30ML,0,1.5204982891360137,9.0,8.93,4.28,9.1238,4.3566,7.0,7.0,0,rolling
2024-12-04,1314,18064,NEOSORO SOLUCAO NASAL ADULTO 30ML,0,1.5204982891360137,9.0,8.93,4.28,7.6992,3.8372,12.0,12.0,0,rolling
2024-12-05,1314,18064,NEOSORO SOLUCAO NASAL ADULTO 30ML,0,1.5204982891360137,9.0,8.93,4.28,8.2526,3.8541,7.0,7.0,0,rolling
2024-12-06,1314,18064,NEOSORO SOLUCAO NASAL ADULTO 30ML,0,1.5204982891360137,9.0,8.93,4.28,8.7287,3.8092,1.0,1.0,0,rolling
2024-12-07,1314,18064,NEOSORO SOLUCAO NASAL ADULTO 30ML,0,1.5204982891360137,9.0,8.93,4.28,7.8568,3.853,13.0,13.0,0,rolling
2024-12-08,1314,18064,NEOSORO SOLUCAO NASAL ADULTO 30ML,0,1.5204982891360137,9.0,8.93,4.28,8.0629,3.9038,10.0,10.0,0,rolling
2024-12-09,1314,18064,NEOSORO SOLUCAO NASAL ADULTO 30ML,0,1.5204982891360137,9.0,8.93,4.28,7.4149,3.8992,4.0,4.0,0,rolling
2024-12-10,1314,18064,NEOSORO SOLUCAO NASAL ADULTO 30ML,0,1.5204982891360137,9.0,8.93,4.28,8.4918,3.7817,4.0,4.0,0,rolling
2024-12-11,1314,18064,NEOSORO SOLUCAO NASAL ADULTO 30ML,0,1.5204982891360137,9.0,8.93,4.28,8.0195,3.8184,14.0,14.0,0,rolling
2024-12-12,1314,18064,NEOSORO SOLUCAO NASAL ADULTO 30ML,0,1.5204982891360137,9.0,8.93,4.28,8.0588,3.8772,13.0,13.0,0,rolling
2024-12-13,1314,18064,NEOSORO SOLUCAO NASAL ADULTO 30ML,0,1.5204982891360137,9.0,8.93,4.28,8.4105,3.9136,14.0,14.0,0,rolling
2024-12-14,1314,18064,NEOSORO SOLUCAO NASAL ADULTO 30ML,0,1.5204982891360137,9.0,8.93,4.28,8.4373,3.8858,16.0,16.0,0,rolling
2024-12-15,1314,18064,NEOSORO SOLUCAO NASAL ADULTO 30ML,0,1.5204982891360137,9.0,8.93,4.28,8.4763,3.9435,8.0,8.0,0,rolling
2024-12-16,1314,18064,NEOSORO SOLUCAO NASAL ADULTO 30ML,0,1.5204982891360137,9.0,8.93,4.28,7.8094,3.9002,9.0,9.0,0,rolling
2024-12-17,1314,18064,NEOSORO SOLUCAO NASAL ADULTO 30ML,0,1.5204982891360137,9.0,8.93,4.28,8.5535,3.8999,8.0,8.0,0,rolling
2024-12-18,1314,18064,NEOSORO SOLUCAO NASAL ADULTO 30ML,0,1.5204982891360137,9.0,8.93,4.28,8.4568,3.873,10.0,10.0,0,rolling
2024-12-19,1314,18064,NEOSORO SOLUCAO NASAL ADULTO 30ML,0,1.5204982891360137,9.0,8.93,4.28,8.5347,3.743,3.0,3.0,0,rolling
2024-12-20,1314,18064,NEOSORO SOLUCAO NASAL ADULTO 30ML,0,1.5204982891360137,9.0,8.93,4.28,8.3627,3.8166,8.0,8.0,0,rolling
2024-12-21,1314,18064,NEOSORO SOLUCAO NASAL ADULTO 30ML,0,1.5204982891360137,9.0,8.93,4.28,8.9134,3.7463,8.0,8.0,0,rolling
2024-12-22,1314,18064,NEOSORO SOLUCAO NASAL ADULTO 30ML,0,1.5204982891360137,9.0,8.93,4.28,8.2685,3.7321,5.0,5.0,0,rolling
2024-12-23,1314,18064,NEOSORO SOLUCAO NASAL ADULTO 30ML,0,1.5204982891360137,9.0,8.93,4.28,7.8347,3.62,5.0,5.0,0,rolling
2024-12-24,1314,18064,NEOSORO SOLUCAO NASAL ADULTO 30ML,0,1.5204982891360137,9.0,8.93,4.28,8.4236,3.6449,7.0,7.0,0,rolling
2024-12-25,1314,18064,NEOSORO SOLUCAO NASAL ADULTO 30ML,0,1.5204982891360137,9.0,8.93,4.28,8.7114,3.6041,10.0,10.0,0,rolling
2024-12-26,1314,18064,NEOSORO SOLUCAO NASAL ADULTO 30ML,0,1.5204982891360137,9.0,8.93,4.28,8.1932,3.6101,15.0,15.0,0,rolling
2024-12-27,1314,18064,NEOSORO SOLUCAO NASAL ADULTO 30ML,0,1.5204982891360137,9.0,8.93,4.28,8.1915,3.6887,12.0,12.0,0,rolling
2024-12-28,1314,18064,NEOSORO SOLUCAO NASAL ADULTO 30ML,0,1.5204982891360137,9.0,8.93,4.28,9.0789,3.5796,10.0,10.0,0,rolling
2024-12-29,1314,18064,NEOSORO SOLUCAO NASAL ADULTO 30ML,0,1.5204982891360137,9.0,8.93,4.28,7.6966,3.5707,8.0,8.0,0,rolling
2024-12-30,1314,18064,NEOSORO SOLUCAO NASAL ADULTO 30ML,0,1.5204982891360137,9.0,8.93,4.28,7.7052,3.5199,13.0,13.0,0,rolling
2024-12-31,1314,18064,NEOSORO SOLUCAO NASAL ADULTO 30ML,0,1.5204982891360137,9.0,8.93,4.28,8.6646,3.5351,11.0,11.0,0,rolling
2024-10-01,1314,20635,ABRILAR XAROPE 100ML,0,2.5,9.0,34.83,29.62,0.2578,0.5237,0.0,0.0,0,rolling
2024-10-02,1314,20635,ABRILAR XAROPE 100ML,0,2.5,9.0,34.83,29.62,0.3624,0.5237,1.0,1.0,0,rolling
2024-10-03,1314,20635,ABRILAR XAROPE 100ML,0,2.5,9.0,34.83,29.62,0.2311,0.5237,0.0,0.0,0,rolling
2024-10-04,1314,20635,ABRILAR XAROPE 100ML,0,2.5,9.0,34.83,29.62,0.4936,0.5197,0.0,0.0,0,rolling
2024-10-05,1314,20635,ABRILAR XAROPE 100ML,0,2.5,9.0,34.83,29.62,0.2759,0.5151,0.0,0.0,0,rolling
2024-10-06,1314,20635,ABRILAR XAROPE 100ML,0,2.5,9.0,34.83,29.62,0.2759,0.5098,1.0,1.0,0,rolling
2024-10-07,1314,20635,ABRILAR XAROPE 100ML,0,2.5,9.0,34.83,29.62,0.2759,0.5151,1.0,1.0,0,rolling
2024-10-08,1314,20635,ABRILAR XAROPE 100ML,0,2.5,9.0,34.83,29.62,0.2445,0.5197,0.0,0.0,0,rolling
2024-10-09,1314,20635,ABRILAR XAROPE 100ML,0,2.5,9.0,34.83,29.62,0.3757,0.5197,0.0,0.0,0,rolling
2024-10-10,1314,20635,ABRILAR XAROPE 100ML,0,2.5,9.0,34.83,29.62,0.1846,0.5197,1.0,1.0,0,rolling
2024-10-11,1314,20635,ABRILAR XAROPE 100ML,0,2.5,9.0,34.83,29.62,0.4632,0.5237,0.0,0.0,0,rolling
2024-10-12,1314,20635,ABRILAR XAROPE 100ML,0,2.5,9.0,34.83,29.62,0.2561,0.5237,0.0,0.0,0,rolling
2024-10-13,1314,20635,ABRILAR XAROPE 100ML,0,2.5,9.0,34.83,29.62,0.3436,0.5197,2.0,2.0,0,rolling
2024-10-14,1314,20635,ABRILAR XAROPE 100ML,0,2.5,9.0,34.83,29.62,0.3596,0.5599,1.0,1.0,0,rolling
2024-10-15,1314,20635,ABRILAR XAROPE 100ML,0,2.5,9.0,34.83,29.62,0.2445,0.5624,0.0,0.0,0,rolling
2024-10-16,1314,20635,ABRILAR XAROPE 100ML,0,2.5,9.0,34.83,29.62,0.3757,0.5624,0.0,0.0,0,rolling
2024-10-17,1314,20635,ABRILAR XAROPE 100ML,0,2.5,9.0,34.83,29.62,0.3245,0.5599,1.0,1.0,0,rolling
2024-10-18,1314,20635,ABRILAR XAROPE 100ML,0,2.5,9.0,34.83,29.62,0.5593,0.5624,0.0,0.0,0,rolling
2024-10-19,1314,20635,ABRILAR XAROPE 100ML,0,2.5,9.0,34.83,29.62,0.3245,0.5599,0.0,0.0,0,rolling
2024-10-20,1314,20635,ABRILAR XAROPE 100ML,0,2.5,9.0,34.83,29.62,0.5432,0.5567,0.0,0.0,0,rolling
2024-10-21,1314,20635,ABRILAR XAROPE 100ML,0,2.5,9.0,34.83,29.62,0.4995,0.5567,1.0,1.0,0,rolling
2024-10-22,1314,20635,ABRILAR XAROPE 100ML,0,2.5,9.0,34.83,29.62,0.3245,0.5567,0.0,0.0,0,rolling
2024-10-23,1314,20635,ABRILAR XAROPE 100ML,0,2.5,9.0,34.83,29.62,0.372,0.553,0.0,0.0,0,rolling
2024-10-24,1314,20635,ABRILAR XAROPE 100ML,0,2.5,9.0,34.83,29.62,0.3282,0.553,1.0,1.0,0,rolling
2024-10-25,1314,20635,ABRILAR XAROPE 100ML,0,2.5,9.0,34.83,29.62,0.4755,0.5567,0.0,0.0,0,rolling
2024-10-26,1314,20635,ABRILAR XAROPE 100ML,0,2.5,9.0,34.83,29.62,0.2568,0.553,0.0,0.0,0,rolling
2024-10-27,1314,20635,ABRILAR XAROPE 100ML,0,2.5,9.0,34.83,29.62,0.5193,0.553,1.0,1.0,0,rolling
2024-10-28,1314,20635,ABRILAR XAROPE 100ML,0,2.5,9.0,34.83,29.62,0.5049,0.553,0.0,0.0,0,rolling
2024-10-29,1314,20635,ABRILAR XAROPE 100ML,0,2.5,9.0,34.83,29.62,0.2701,0.553,0.0,0.0,0,rolling
2024-10-30,1314,20635,ABRILAR XAROPE 100ML,0,2.5,9.0,34.83,29.62,0.4014,0.553,0.0,0.0,0,rolling
2024-10-31,1314,20635,ABRILAR XAROPE 100ML,0,2.5,9.0,34.83,29.62,0.3986,0.5487,0.0,0.0,0,rolling
2024-11-01,1314,20635,ABRILAR XAROPE 100ML,0,2.5,9.0,34.83,29.62,0.3624,0.5487,0.0,0.0,0,rolling
2024-11-02,1314,20635,ABRILAR XAROPE 100ML,0,2.5,9.0,34.83,29.62,0.1874,0.5437,0.0,0.0,0,rolling
2024-11-03,1314,20635,ABRILAR XAROPE 100ML,0,2.5,9.0,34.83,29.62,0.4499,0.5437,1.0,1.0,0,rolling
2024-11-04,1314,20635,ABRILAR XAROPE 100ML,0,2.5,9.0,34.83,29.62,0.4061,0.5437,1.0,1.0,0,rolling
2024-11-05,1314,20635,ABRILAR XAROPE 100ML,0,2.5,9.0,34.83,29.62,0.1874,0.5487,1.0,1.0,0,rolling
2024-11-06,1314,20635,ABRILAR XAROPE 100ML,0,2.5,9.0,34.83,29.62,0.291,0.553,0.0,0.0,0,rolling
2024-11-07,1314,20635,ABRILAR XAROPE 100ML,0,2.5,9.0,34.83,29.62,0.348,0.5487,0.0,0.0,0,rolling
2024-11-08,1314,20635,ABRILAR XAROPE 100ML,0,2.5,9.0,34.83,29.62,0.332,0.5487,0.0,0.0,0,rolling
2024-11-09,1314,20635,ABRILAR XAROPE 100ML,0,2.5,9.0,34.83,29.62,0.214,0.5038,2.0,2.0,0,rolling
2024-11-10,1314,20635,ABRILAR XAROPE 100ML,0,2.5,9.0,34.83,29.62,0.5087,0.5487,0.0,0.0,0,rolling
2024-11-11,1314,20635,ABRILAR XAROPE 100ML,0,2.5,9.0,34.83,29.62,0.4765,0.5437,1.0,1.0,0,rolling
2024-11-12,1314,20635,ABRILAR XAROPE 100ML,0,2.5,9.0,34.83,29.62,0.2445,0.5487,1.0,1.0,0,rolling
2024-11-13,1314,20635,ABRILAR XAROPE 100ML,0,2.5,9.0,34.83,29.62,0.2605,0.553,0.0,0.0,0,rolling
2024-11-14,1314,20635,ABRILAR XAROPE 100ML,0,2.5,9.0,34.83,29.62,0.348,0.553,0.0,0.0,0,rolling
2024-11-15,1314,20635,ABRILAR XAROPE 100ML,0,2.5,9.0,34.83,29.62,0.2445,0.553,0.0,0.0,0,rolling
2024-11-16,1314,20635,ABRILAR XAROPE 100ML,0,2.5,9.0,34.83,29.62,0.2882,0.5487,1.0,1.0,0,rolling
2024-11-17,1314,20635,ABRILAR XAROPE 100ML,0,2.5,9.0,34.83,29.62,0.4355,0.553,0.0,0.0,0,rolling
2024-11-18,1314,20635,ABRILAR XAROPE 100ML,0,2.5,9.0,34.83,29.62,0.523,0.553,1.0,1.0,0,rolling
2024-11-19,1314,20635,ABRILAR XAROPE 100ML,0,2.5,9.0,34.83,29.62,0.3176,0.553,0.0,0.0,0,rolling
2024-11-20,1314,20635,ABRILAR XAROPE 100ML,0,2.5,9.0,34.83,29.62,0.2739,0.553,0.0,0.0,0,rolling
2024-11-21,1314,20635,ABRILAR XAROPE 100ML,0,2.5,9.0,34.83,29.62,0.3614,0.553,0.0,0.0,0,rolling
2024-11-22,1314,20635,ABRILAR XAROPE 100ML,0,2.5,9.0,34.83,29.62,0.2007,0.553,0.0,0.0,0,rolling
2024-11-23,1314,20635,ABRILAR XAROPE 100ML,0,2.5,9.0,34.83,29.62,0.332,0.553,0.0,0.0,0,rolling
2024-11-24,1314,20635,ABRILAR XAROPE 100ML,0,2.5,9.0,34.83,29.62,0.4061,0.553,1.0,1.0,0,rolling
2024-11-25,1314,20635,ABRILAR XAROPE 100ML,0,2.5,9.0,34.83,29.62,0.4936,0.5567,0.0,0.0,0,rolling
2024-11-26,1314,20635,ABRILAR XAROPE 100ML,0,2.5,9.0,34.83,29.62,0.2749,0.553,0.0,0.0,0,rolling
2024-11-27,1314,20635,ABRILAR XAROPE 100ML,0,2.5,9.0,34.83,29.62,0.2311,0.553,1.0,1.0,0,rolling
2024-11-28,1314,20635,ABRILAR XAROPE 100ML,0,2.5,9.0,34.83,29.62,0.3347,0.553,0.0,0.0,0,rolling
2024-11-29,1314,20635,ABRILAR XAROPE 100ML,0,2.5,9.0,34.83,29.62,0.2168,0.553,0.0,0.0,0,rolling
2024-11-30,1314,20635,ABRILAR XAROPE 100ML,0,2.5,9.0,34.83,29.62,0.3347,0.553,1.0,1.0,0,rolling
2024-12-01,1314,20635,ABRILAR XAROPE 100ML,0,2.5,9.0,34.83,29.62,0.482,0.5567,0.0,0.0,0,rolling
2024-12-02,1314,20635,ABRILAR XAROPE 100ML,0,2.5,9.0,34.83,29.62,0.466,0.553,0.0,0.0,0,rolling
2024-12-03,1314,20635,ABRILAR XAROPE 100ML,0,2.5,9.0,34.83,29.62,0.2749,0.5487,0.0,0.0,0,rolling
2024-12-04,1314,20635,ABRILAR XAROPE 100ML,0,2.5,9.0,34.83,29.62,0.2017,0.5487,1.0,1.0,0,rolling
2024-12-05,1314,20635,ABRILAR XAROPE 100ML,0,2.5,9.0,34.83,29.62,0.3053,0.553,0.0,0.0,0,rolling
2024-12-06,1314,20635,ABRILAR XAROPE 100ML,0,2.5,9.0,34.83,29.62,0.174,0.5487,0.0,0.0,0,rolling
2024-12-07,1314,20635,ABRILAR XAROPE 100ML,0,2.5,9.0,34.83,29.62,0.3624,0.5487,1.0,1.0,0,rolling
2024-12-08,1314,20635,ABRILAR XAROPE 100ML,0,2.5,9.0,34.83,29.62,0.3901,0.553,0.0,0.0,0,rolling
2024-12-09,1314,20635,ABRILAR XAROPE 100ML,0,2.5,9.0,34.83,29.62,0.4034,0.5098,0.0,0.0,0,rolling
2024-12-10,1314,20635,ABRILAR XAROPE 100ML,0,2.5,9.0,34.83,29.62,0.2561,0.5038,0.0,0.0,0,rolling
2024-12-11,1314,20635,ABRILAR XAROPE 100ML,0,2.5,9.0,34.83,29.62,0.24,0.5038,0.0,0.0,0,rolling
2024-12-12,1314,20635,ABRILAR XAROPE 100ML,0,2.5,9.0,34.83,29.62,0.24,0.5038,0.0,0.0,0,rolling
2024-12-13,1314,20635,ABRILAR XAROPE 100ML,0,2.5,9.0,34.83,29.62,0.1525,0.4971,0.0,0.0,0,rolling
2024-12-14,1314,20635,ABRILAR XAROPE 100ML,0,2.5,9.0,34.83,29.62,0.3712,0.4971,0.0,0.0,0,rolling
2024-12-15,1314,20635,ABRILAR XAROPE 100ML,0,2.5,9.0,34.83,29.62,0.2677,0.4971,0.0,0.0,0,rolling
2024-12-16,1314,20635,ABRILAR XAROPE 100ML,0,2.5,9.0,34.83,29.62,0.3114,0.4971,0.0,0.0,0,rolling
2024-12-17,1314,20635,ABRILAR XAROPE 100ML,0,2.5,9.0,34.83,29.62,0.2079,0.4897,0.0,0.0,0,rolling
2024-12-18,1314,20635,ABRILAR XAROPE 100ML,0,2.5,9.0,34.83,29.62,0.2079,0.4897,1.0,1.0,0,rolling
2024-12-19,1314,20635,ABRILAR XAROPE 100ML,0,2.5,9.0,34.83,29.62,0.1802,0.4971,0.0,0.0,0,rolling
2024-12-20,1314,20635,ABRILAR XAROPE 100ML,0,2.5,9.0,34.83,29.62,0.1364,0.4897,0.0,0.0,0,rolling
2024-12-21,1314,20635,ABRILAR XAROPE 100ML,0,2.5,9.0,34.83,29.62,0.3552,0.4897,0.0,0.0,0,rolling
2024-12-22,1314,20635,ABRILAR XAROPE 100ML,0,2.5,9.0,34.83,29.62,0.2677,0.4897,0.0,0.0,0,rolling
2024-12-23,1314,20635,ABRILAR XAROPE 100ML,0,2.5,9.0,34.83,29.62,0.2516,0.4815,0.0,0.0,0,rolling
2024-12-24,1314,20635,ABRILAR XAROPE 100ML,0,2.5,9.0,34.83,29.62,0.1945,0.4815,0.0,0.0,0,rolling
2024-12-25,1314,20635,ABRILAR XAROPE 100ML,0,2.5,9.0,34.83,29.62,0.2383,0.4815,0.0,0.0,0,rolling
2024-12-26,1314,20635,ABRILAR XAROPE 100ML,0,2.5,9.0,34.83,29.62,0.091,0.4815,1.0,1.0,0,rolling
2024-12-27,1314,20635,ABRILAR XAROPE 100ML,0,2.5,9.0,34.83,29.62,0.107,0.4897,0.0,0.0,0,rolling
2024-12-28,1314,20635,ABRILAR XAROPE 100ML,0,2.5,9.0,34.83,29.62,0.3258,0.4897,0.0,0.0,0,rolling
2024-12-29,1314,20635,ABRILAR XAROPE 100ML,0,2.5,9.0,34.83,29.62,0.1651,0.4897,0.0,0.0,0,rolling
2024-12-30,1314,20635,ABRILAR XAROPE 100ML,0,2.5,9.0,34.83,29.62,0.2089,0.4815,1.0,1.0,0,rolling
2024-12-31,1314,20635,ABRILAR XAROPE 100ML,0,2.5,9.0,34.83,29.62,0.1812,0.4815,0.0,0.0,0,rolling
2024-10-01,1314,21141,PERCOF XAROPE 120ML,0,2.5,9.0,33.92,31.81,0.4475,0.4897,1.0,1.0,0,rolling
2024-10-02,1314,21141,PERCOF XAROPE 120ML,0,2.5,9.0,33.92,31.81,0.4437,0.4897,1.0,1.0,0,rolling
2024-10-03,1314,21141,PERCOF XAROPE 120ML,0,2.5,9.0,33.92,31.81,0.4161,0.4897,0.0,0.0,0,rolling
2024-10-04,1314,21141,PERCOF XAROPE 120ML,0,2.5,9.0,33.92,31.81,0.4561,0.4815,2.0,2.0,0,rolling
2024-10-05,1314,21141,PERCOF XAROPE 120ML,0,2.5,9.0,33.92,31.81,0.4445,0.5249,0.0,0.0,0,rolling
2024-10-06,1314,21141,PERCOF XAROPE 120ML,0,2.5,9.0,33.92,31.81,0.532,0.5249,0.0,0.0,0,rolling
2024-10-07,1314,21141,PERCOF XAROPE 120ML,0,2.5,9.0,33.92,31.81,0.4445,0.5249,1.0,1.0,0,rolling
2024-10-08,1314,21141,PERCOF XAROPE 120ML,0,2.5,9.0,33.92,31.81,0.5118,0.5318,0.0,0.0,0,rolling
2024-10-09,1314,21141,PERCOF XAROPE 120ML,0,2.5,9.0,33.92,31.81,0.428,0.5318,1.0,1.0,0,rolling
2024-10-10,1314,21141,PERCOF XAROPE 120ML,0,2.5,9.0,33.92,31.81,0.3405,0.5381,1.0,1.0,0,rolling
2024-10-11,1314,21141,PERCOF XAROPE 120ML,0,2.5,9.0,33.92,31.81,0.4841,0.5437,0.0,0.0,0,rolling
2024-10-12,1314,21141,PERCOF XAROPE 120ML,0,2.5,9.0,33.92,31.81,0.3966,0.5437,1.0,1.0,0,rolling
2024-10-13,1314,21141,PERCOF XAROPE 120ML,0,2.5,9.0,33.92,31.81,0.5402,0.5487,1.0,1.0,0,rolling
2024-10-14,1314,21141,PERCOF XAROPE 120ML,0,2.5,9.0,33.92,31.81,0.4564,0.553,0.0,0.0,0,rolling
2024-10-15,1314,21141,PERCOF XAROPE 120ML,0,2.5,9.0,33.92,31.81,0.5439,0.553,1.0,1.0,0,rolling
2024-10-16,1314,21141,PERCOF XAROPE 120ML,0,2.5,9.0,33.92,31.81,0.56,0.553,0.0,0.0,0,rolling
2024-10-17,1314,21141,PERCOF XAROPE 120ML,0,2.5,9.0,33.92,31.81,0.4325,0.553,0.0,0.0,0,rolling
2024-10-18,1314,21141,PERCOF XAROPE 120ML,0,2.5,9.0,33.92,31.81,0.4762,0.5487,0.0,0.0,0,rolling
2024-10-19,1314,21141,PERCOF XAROPE 120ML,0,2.5,9.0,33.92,31.81,0.3925,0.5487,0.0,0.0,0,rolling
2024-10-20,1314,21141,PERCOF XAROPE 120ML,0,2.5,9.0,33.92,31.81,0.48,0.5437,0.0,0.0,0,rolling
2024-10-21,1314,21141,PERCOF XAROPE 120ML,0,2.5,9.0,33.92,31.81,0.3925,0.4971,0.0,0.0,0,rolling
2024-10-22,1314,21141,PERCOF XAROPE 120ML,0,2.5,9.0,33.92,31.81,0.48,0.4971,0.0,0.0,0,rolling
2024-10-23,1314,21141,PERCOF XAROPE 120ML,0,2.5,9.0,33.92,31.81,0.4639,0.4971,0.0,0.0,0,rolling
2024-10-24,1314,21141,PERCOF XAROPE 120ML,0,2.5,9.0,33.92,31.81,0.3166,0.4971,2.0,2.0,0,rolling
2024-10-25,1314,21141,PERCOF XAROPE 120ML,0,2.5,9.0,33.92,31.81,0.4362,0.5437,1.0,1.0,0,rolling
2024-10-26,1314,21141,PERCOF XAROPE 120ML,0,2.5,9.0,33.92,31.81,0.3087,0.5487,0.0,0.0,0,rolling
2024-10-27,1314,21141,PERCOF XAROPE 120ML,0,2.5,9.0,33.92,31.81,0.3525,0.5487,0.0,0.0,0,rolling
2024-10-28,1314,21141,PERCOF XAROPE 120ML,0,2.5,9.0,33.92,31.81,0.3125,0.5487,0.0,0.0,0,rolling
2024-10-29,1314,21141,PERCOF XAROPE 120ML,0,2.5,9.0,33.92,31.81,0.3839,0.5487,1.0,1.0,0,rolling
2024-10-30,1314,21141,PERCOF XAROPE 120ML,0,2.5,9.0,33.92,31.81,0.3839,0.5487,0.0,0.0,0,rolling
2024-10-31,1314,21141,PERCOF XAROPE 120ML,0,2.5,9.0,33.92,31.81,0.3241,0.5487,0.0,0.0,0,rolling
2024-11-01,1314,21141,PERCOF XAROPE 120ML,0,2.5,9.0,33.92,31.81,0.3812,0.5487,0.0,0.0,0,rolling
2024-11-02,1314,21141,PERCOF XAROPE 120ML,0,2.5,9.0,33.92,31.81,0.2178,0.5487,0.0,0.0,0,rolling
2024-11-03,1314,21141,PERCOF XAROPE 120ML,0,2.5,9.0,33.92,31.81,0.2615,0.5487,0.0,0.0,0,rolling
2024-11-04,1314,21141,PERCOF XAROPE 120ML,0,2.5,9.0,33.92,31.81,0.2615,0.5487,1.0,1.0,0,rolling
2024-11-05,1314,21141,PERCOF XAROPE 120ML,0,2.5,9.0,33.92,31.81,0.349,0.553,1.0,1.0,0,rolling
2024-11-06,1314,21141,PERCOF XAROPE 120ML,0,2.5,9.0,33.92,31.81,0.3651,0.5567,0.0,0.0,0,rolling
2024-11-07,1314,21141,PERCOF XAROPE 120ML,0,2.5,9.0,33.92,31.81,0.3053,0.553,0.0,0.0,0,rolling
2024-11-08,1314,21141,PERCOF XAROPE 120ML,0,2.5,9.0,33.92,31.81,0.3463,0.553,0.0,0.0,0,rolling
2024-11-09,1314,21141,PERCOF XAROPE 120ML,0,2.5,9.0,33.92,31.81,0.2284,0.553,0.0,0.0,0,rolling
2024-11-10,1314,21141,PERCOF XAROPE 120ML,0,2.5,9.0,33.92,31.81,0.2561,0.553,0.0,0.0,0,rolling
2024-11-11,1314,21141,PERCOF XAROPE 120ML,0,2.5,9.0,33.92,31.81,0.2837,0.5487,0.0,0.0,0,rolling
2024-11-12,1314,21141,PERCOF XAROPE 120ML,0,2.5,9.0,33.92,31.81,0.3712,0.5487,0.0,0.0,0,rolling
2024-11-13,1314,21141,PERCOF XAROPE 120ML,0,2.5,9.0,33.92,31.81,0.2677,0.5487,2.0,2.0,0,rolling
2024-11-14,1314,21141,PERCOF XAROPE 120ML,0,2.5,9.0,33.92,31.81,0.2998,0.5879,0.0,0.0,0,rolling
2024-11-15,1314,21141,PERCOF XAROPE 120ML,0,2.5,9.0,33.92,31.81,0.3436,0.5879,0.0,0.0,0,rolling
2024-11-16,1314,21141,PERCOF XAROPE 120ML,0,2.5,9.0,33.92,31.81,0.199,0.5879,0.0,0.0,0,rolling
2024-11-17,1314,21141,PERCOF XAROPE 120ML,0,2.5,9.0,33.92,31.81,0.199,0.5879,0.0,0.0,0,rolling
2024-11-18,1314,21141,PERCOF XAROPE 120ML,0,2.5,9.0,33.92,31.81,0.2865,0.5879,0.0,0.0,0,rolling
2024-11-19,1314,21141,PERCOF XAROPE 120ML,0,2.5,9.0,33.92,31.81,0.374,0.5879,1.0,1.0,0,rolling
2024-11-20,1314,21141,PERCOF XAROPE 120ML,0,2.5,9.0,33.92,31.81,0.3901,0.5879,1.0,1.0,0,rolling
2024-11-21,1314,21141,PERCOF XAROPE 120ML,0,2.5,9.0,33.92,31.81,0.3186,0.5879,0.0,0.0,0,rolling
2024-11-22,1314,21141,PERCOF XAROPE 120ML,0,2.5,9.0,33.92,31.81,0.3436,0.5879,0.0,0.0,0,rolling
2024-11-23,1314,21141,PERCOF XAROPE 120ML,0,2.5,9.0,33.92,31.81,0.1829,0.5844,0.0,0.0,0,rolling
2024-11-24,1314,21141,PERCOF XAROPE 120ML,0,2.5,9.0,33.92,31.81,0.1696,0.5844,2.0,2.0,0,rolling
2024-11-25,1314,21141,PERCOF XAROPE 120ML,0,2.5,9.0,33.92,31.81,0.2892,0.6204,0.0,0.0,0,rolling
2024-11-26,1314,21141,PERCOF XAROPE 120ML,0,2.5,9.0,33.92,31.81,0.3901,0.6176,1.0,1.0,0,rolling
2024-11-27,1314,21141,PERCOF XAROPE 120ML,0,2.5,9.0,33.92,31.81,0.3901,0.6176,0.0,0.0,0,rolling
2024-11-28,1314,21141,PERCOF XAROPE 120ML,0,2.5,9.0,33.92,31.81,0.3026,0.6142,0.0,0.0,0,rolling
2024-11-29,1314,21141,PERCOF XAROPE 120ML,0,2.5,9.0,33.92,31.81,0.3026,0.6142,2.0,2.0,0,rolling
2024-11-30,1314,21141,PERCOF XAROPE 120ML,0,2.5,9.0,33.92,31.81,0.2472,0.6142,0.0,0.0,0,rolling
2024-12-01,1314,21141,PERCOF XAROPE 120ML,0,2.5,9.0,33.92,31.81,0.3347,0.6142,0.0,0.0,0,rolling
2024-12-02,1314,21141,PERCOF XAROPE 120ML,0,2.5,9.0,33.92,31.81,0.291,0.6142,0.0,0.0,0,rolling
2024-12-03,1314,21141,PERCOF XAROPE 120ML,0,2.5,9.0,33.92,31.81,0.4061,0.6103,0.0,0.0,0,rolling
2024-12-04,1314,21141,PERCOF XAROPE 120ML,0,2.5,9.0,33.92,31.81,0.3463,0.6103,0.0,0.0,0,rolling
2024-12-05,1314,21141,PERCOF XAROPE 120ML,0,2.5,9.0,33.92,31.81,0.3026,0.6058,0.0,0.0,0,rolling
2024-12-06,1314,21141,PERCOF XAROPE 120ML,0,2.5,9.0,33.92,31.81,0.3026,0.6008,0.0,0.0,0,rolling
2024-12-07,1314,21141,PERCOF XAROPE 120ML,0,2.5,9.0,33.92,31.81,0.2017,0.6008,1.0,1.0,0,rolling
2024-12-08,1314,21141,PERCOF XAROPE 120ML,0,2.5,9.0,33.92,31.81,0.3053,0.6008,0.0,0.0,0,rolling
2024-12-09,1314,21141,PERCOF XAROPE 120ML,0,2.5,9.0,33.92,31.81,0.2178,0.5952,1.0,1.0,0,rolling
2024-12-10,1314,21141,PERCOF XAROPE 120ML,0,2.5,9.0,33.92,31.81,0.4222,0.6008,1.0,1.0,0,rolling
2024-12-11,1314,21141,PERCOF XAROPE 120ML,0,2.5,9.0,33.92,31.81,0.3508,0.6008,0.0,0.0,0,rolling
2024-12-12,1314,21141,PERCOF XAROPE 120ML,0,2.5,9.0,33.92,31.81,0.2749,0.6008,0.0,0.0,0,rolling
2024-12-13,1314,21141,PERCOF XAROPE 120ML,0,2.5,9.0,33.92,31.81,0.3186,0.6008,0.0,0.0,0,rolling
2024-12-14,1314,21141,PERCOF XAROPE 120ML,0,2.5,9.0,33.92,31.81,0.2311,0.6008,0.0,0.0,0,rolling
2024-12-15,1314,21141,PERCOF XAROPE 120ML,0,2.5,9.0,33.92,31.81,0.2749,0.6008,0.0,0.0,0,rolling
2024-12-16,1314,21141,PERCOF XAROPE 120ML,0,2.5,9.0,33.92,31.81,0.2749,0.6008,1.0,1.0,0,rolling
2024-12-17,1314,21141,PERCOF XAROPE 120ML,0,2.5,9.0,33.92,31.81,0.4222,0.6058,0.0,0.0,0,rolling
2024-12-18,1314,21141,PERCOF XAROPE 120ML,0,2.5,9.0,33.92,31.81,0.3186,0.6058,1.0,1.0,0,rolling
2024-12-19,1314,21141,PERCOF XAROPE 120ML,0,2.5,9.0,33.92,31.81,0.2749,0.6103,0.0,0.0,0,rolling
2024-12-20,1314,21141,PERCOF XAROPE 120ML,0,2.5,9.0,33.92,31.81,0.3186,0.5703,0.0,0.0,0,rolling
2024-12-21,1314,21141,PERCOF XAROPE 120ML,0,2.5,9.0,33.92,31.81,0.2445,0.5644,0.0,0.0,0,rolling
2024-12-22,1314,21141,PERCOF XAROPE 120ML,0,2.5,9.0,33.92,31.81,0.2882,0.5644,2.0,2.0,0,rolling
2024-12-23,1314,21141,PERCOF XAROPE 120ML,0,2.5,9.0,33.92,31.81,0.332,0.6058,1.0,1.0,0,rolling
2024-12-24,1314,21141,PERCOF XAROPE 120ML,0,2.5,9.0,33.92,31.81,0.4355,0.6103,0.0,0.0,0,rolling
2024-12-25,1314,21141,PERCOF XAROPE 120ML,0,2.5,9.0,33.92,31.81,0.3624,0.6058,0.0,0.0,0,rolling
2024-12-26,1314,21141,PERCOF XAROPE 120ML,0,2.5,9.0,33.92,31.81,0.174,0.6058,0.0,0.0,0,rolling
2024-12-27,1314,21141,PERCOF XAROPE 120ML,0,2.5,9.0,33.92,31.81,0.2615,0.6058,0.0,0.0,0,rolling
2024-12-28,1314,21141,PERCOF XAROPE 120ML,0,2.5,9.0,33.92,31.81,0.1857,0.6058,1.0,1.0,0,rolling
2024-12-29,1314,21141,PERCOF XAROPE 120ML,0,2.5,9.0,33.92,31.81,0.333,0.6103,0.0,0.0,0,rolling
2024-12-30,1314,21141,PERCOF XAROPE 120ML,0,2.5,9.0,33.92,31.81,0.333,0.6103,0.0,0.0,0,rolling
2024-12-31,1314,21141,PERCOF XAROPE 120ML,0,2.5,9.0,33.92,31.81,0.333,0.6058,0.0,0.0,0,rolling
2024-10-01,1314,31330,ABRILAR XAROPE 200ML,0,2.5,9.0,76.37,65.22,0.1426,0.2575,0.0,0.0,0,rolling
2024-10-02,1314,31330,ABRILAR XAROPE 200ML,0,2.5,9.0,76.37,65.22,0.1388,0.2575,0.0,0.0,0,rolling
2024-10-03,1314,31330,ABRILAR XAROPE 200ML,0,2.5,9.0,76.37,65.22,0.1388,0.2575,0.0,0.0,0,rolling
2024-10-04,1314,31330,ABRILAR XAROPE 200ML,0,2.5,9.0,76.37,65.22,0.1826,0.2575,0.0,0.0,0,rolling
2024-10-05,1314,31330,ABRILAR XAROPE 200ML,0,2.5,9.0,76.37,65.22,0.1388,0.2575,0.0,0.0,0,rolling
2024-10-06,1314,31330,ABRILAR XAROPE 200ML,0,2.5,9.0,76.37,65.22,0.1121,0.2575,0.0,0.0,0,rolling
2024-10-07,1314,31330,ABRILAR XAROPE 200ML,0,2.5,9.0,76.37,65.22,0.1996,0.2575,0.0,0.0,0,rolling
2024-10-08,1314,31330,ABRILAR XAROPE 200ML,0,2.5,9.0,76.37,65.22,0.1559,0.2575,0.0,0.0,0,rolling
2024-10-09,1314,31330,ABRILAR XAROPE 200ML,0,2.5,9.0,76.37,65.22,0.0961,0.2575,0.0,0.0,0,rolling
2024-10-10,1314,31330,ABRILAR XAROPE 200ML,0,2.5,9.0,76.37,65.22,0.0961,0.2575,0.0,0.0,0,rolling
2024-10-11,1314,31330,ABRILAR XAROPE 200ML,0,2.5,9.0,76.37,65.22,0.1398,0.2575,0.0,0.0,0,rolling
2024-10-12,1314,31330,ABRILAR XAROPE 200ML,0,2.5,9.0,76.37,65.22,0.0961,0.2252,0.0,0.0,0,rolling
2024-10-13,1314,31330,ABRILAR XAROPE 200ML,0,2.5,9.0,76.37,65.22,0.0961,0.2252,0.0,0.0,0,rolling
2024-10-14,1314,31330,ABRILAR XAROPE 200ML,0,2.5,9.0,76.37,65.22,0.1836,0.2252,0.0,0.0,0,rolling
2024-10-15,1314,31330,ABRILAR XAROPE 200ML,0,2.5,9.0,76.37,65.22,0.0998,0.1856,0.0,0.0,0,rolling
2024-10-16,1314,31330,ABRILAR XAROPE 200ML,0,2.5,9.0,76.37,65.22,0.0561,0.1856,0.0,0.0,0,rolling
2024-10-17,1314,31330,ABRILAR XAROPE 200ML,0,2.5,9.0,76.37,65.22,0.0161,0.1856,0.0,0.0,0,rolling
2024-10-18,1314,31330,ABRILAR XAROPE 200ML,0,2.5,9.0,76.37,65.22,0.0161,0.1856,0.0,0.0,0,rolling
2024-10-19,1314,31330,ABRILAR XAROPE 200ML,0,2.5,9.0,76.37,65.22,0.0161,0.1856,0.0,0.0,0,rolling
2024-10-20,1314,31330,ABRILAR XAROPE 200ML,0,2.5,9.0,76.37,65.22,0.0161,0.1856,0.0,0.0,0,rolling
2024-10-21,1314,31330,ABRILAR XAROPE 200ML,0,2.5,9.0,76.37,65.22,0.0598,0.1856,0.0,0.0,0,rolling
2024-10-22,1314,31330,ABRILAR XAROPE 200ML,0,2.5,9.0,76.37,65.22,0.0598,0.1856,0.0,0.0,0,rolling
2024-10-23,1314,31330,ABRILAR XAROPE 200ML,0,2.5,9.0,76.37,65.22,0.0161,0.1856,0.0,0.0,0,rolling
2024-10-24,1314,31330,ABRILAR XAROPE 200ML,0,2.5,9.0,76.37,65.22,0.0161,0.1856,0.0,0.0,0,rolling
2024-10-25,1314,31330,ABRILAR XAROPE 200ML,0,2.5,9.0,76.37,65.22,0.0161,0.1856,0.0,0.0,0,rolling
2024-10-26,1314,31330,ABRILAR XAROPE 200ML,0,2.5,9.0,76.37,65.22,0.0161,0.1856,0.0,0.0,0,rolling
2024-10-27,1314,31330,ABRILAR XAROPE 200ML,0,2.5,9.0,76.37,65.22,0.0161,0.1856,0.0,0.0,0,rolling
2024-10-28,1314,31330,ABRILAR XAROPE 200ML,0,2.5,9.0,76.37,65.22,0.0598,0.1856,1.0,1.0,0,rolling
2024-10-29,1314,31330,ABRILAR XAROPE 200ML,0,2.5,9.0,76.37,65.22,0.0598,0.2252,1.0,1.0,0,rolling
2024-10-30,1314,31330,ABRILAR XAROPE 200ML,0,2.5,9.0,76.37,65.22,0.0321,0.2575,0.0,0.0,0,rolling
2024-10-31,1314,31330,ABRILAR XAROPE 200ML,0,2.5,9.0,76.37,65.22,0.0321,0.2575,0.0,0.0,0,rolling
2024-11-01,1314,31330,ABRILAR XAROPE 200ML,0,2.5,9.0,76.37,65.22,0.0321,0.2575,0.0,0.0,0,rolling
2024-11-02,1314,31330,ABRILAR XAROPE 200ML,0,2.5,9.0,76.37,65.22,0.0321,0.2575,0.0,0.0,0,rolling
2024-11-03,1314,31330,ABRILAR XAROPE 200ML,0,2.5,9.0,76.37,65.22,0.0321,0.2575,0.0,0.0,0,rolling
2024-11-04,1314,31330,ABRILAR XAROPE 200ML,0,2.5,9.0,76.37,65.22,0.1196,0.2575,0.0,0.0,0,rolling
2024-11-05,1314,31330,ABRILAR XAROPE 200ML,0,2.5,9.0,76.37,65.22,0.1196,0.2575,0.0,0.0,0,rolling
2024-11-06,1314,31330,ABRILAR XAROPE 200ML,0,2.5,9.0,76.37,65.22,0.0321,0.2252,0.0,0.0,0,rolling
2024-11-07,1314,31330,ABRILAR XAROPE 200ML,0,2.5,9.0,76.37,65.22,0.0321,0.2252,0.0,0.0,0,rolling
2024-11-08,1314,31330,ABRILAR XAROPE 200ML,0,2.5,9.0,76.37,65.22,0.0321,0.2252,0.0,0.0,0,rolling
2024-11-09,1314,31330,ABRILAR XAROPE 200ML,0,2.5,9.0,76.37,65.22,0.0321,0.2252,0.0,0.0,0,rolling
2024-11-10,1314,31330,ABRILAR XAROPE 200ML,0,2.5,9.0,76.37,65.22,0.0321,0.2252,0.0,0.0,0,rolling
2024-11-11,1314,31330,ABRILAR XAROPE 200ML,0,2.5,9.0,76.37,65.22,0.1196,0.2252,0.0,0.0,0,rolling
2024-11-12,1314,31330,ABRILAR XAROPE 200ML,0,2.5,9.0,76.37,65.22,0.0759,0.2252,0.0,0.0,0,rolling
2024-11-13,1314,31330,ABRILAR XAROPE 200ML,0,2.5,9.0,76.37,65.22,0.0321,0.2252,0.0,0.0,0,rolling
2024-11-14,1314,31330,ABRILAR XAROPE 200ML,0,2.5,9.0,76.37,65.22,0.0321,0.2252,0.0,0.0,0,rolling
2024-11-15,1314,31330,ABRILAR XAROPE 200ML,0,2.5,9.0,76.37,65.22,0.0321,0.2252,1.0,1.0,0,rolling
2024-11-16,1314,31330,ABRILAR XAROPE 200ML,0,2.5,9.0,76.37,65.22,0.0615,0.2575,0.0,0.0,0,rolling
2024-11-17,1314,31330,ABRILAR XAROPE 200ML,0,2.5,9.0,76.37,65.22,0.0615,0.2575,0.0,0.0,0,rolling
2024-11-18,1314,31330,ABRILAR XAROPE 200ML,0,2.5,9.0,76.37,65.22,0.149,0.2575,0.0,0.0,0,rolling
2024-11-19,1314,31330,ABRILAR XAROPE 200ML,0,2.5,9.0,76.37,65.22,0.1053,0.2575,0.0,0.0,0,rolling
2024-11-20,1314,31330,ABRILAR XAROPE 200ML,0,2.5,9.0,76.37,65.22,0.0615,0.2575,0.0,0.0,0,rolling
2024-11-21,1314,31330,ABRILAR XAROPE 200ML,0,2.5,9.0,76.37,65.22,0.0615,0.2575,0.0,0.0,0,rolling
2024-11-22,1314,31330,ABRILAR XAROPE 200ML,0,2.5,9.0,76.37,65.22,0.1053,0.2575,0.0,0.0,0,rolling
2024-11-23,1314,31330,ABRILAR XAROPE 200ML,0,2.5,9.0,76.37,65.22,0.0615,0.2575,0.0,0.0,0,rolling
2024-11-24,1314,31330,ABRILAR XAROPE 200ML,0,2.5,9.0,76.37,65.22,0.0615,0.2575,0.0,0.0,0,rolling
2024-11-25,1314,31330,ABRILAR XAROPE 200ML,0,2.5,9.0,76.37,65.22,0.149,0.2575,1.0,1.0,0,rolling
2024-11-26,1314,31330,ABRILAR XAROPE 200ML,0,2.5,9.0,76.37,65.22,0.1053,0.2575,0.0,0.0,0,rolling
2024-11-27,1314,31330,ABRILAR XAROPE 200ML,0,2.5,9.0,76.37,65.22,0.0455,0.2575,0.0,0.0,0,rolling
2024-11-28,1314,31330,ABRILAR XAROPE 200ML,0,2.5,9.0,76.37,65.22,0.0455,0.2575,0.0,0.0,0,rolling
2024-11-29,1314,31330,ABRILAR XAROPE 200ML,0,2.5,9.0,76.37,65.22,0.0892,0.2575,0.0,0.0,0,rolling
2024-11-30,1314,31330,ABRILAR XAROPE 200ML,0,2.5,9.0,76.37,65.22,0.0455,0.2575,0.0,0.0,0,rolling
2024-12-01,1314,31330,ABRILAR XAROPE 200ML,0,2.5,9.0,76.37,65.22,0.0321,0.2575,0.0,0.0,0,rolling
2024-12-02,1314,31330,ABRILAR XAROPE 200ML,0,2.5,9.0,76.37,65.22,0.1196,0.2575,0.0,0.0,0,rolling
2024-12-03,1314,31330,ABRILAR XAROPE 200ML,0,2.5,9.0,76.37,65.22,0.0759,0.2575,0.0,0.0,0,rolling
2024-12-04,1314,31330,ABRILAR XAROPE 200ML,0,2.5,9.0,76.37,65.22,0.0321,0.2575,0.0,0.0,0,rolling
2024-12-05,1314,31330,ABRILAR XAROPE 200ML,0,2.5,9.0,76.37,65.22,0.0321,0.2575,1.0,1.0,0,rolling
2024-12-06,1314,31330,ABRILAR XAROPE 200ML,0,2.5,9.0,76.37,65.22,0.092,0.2852,0.0,0.0,0,rolling
2024-12-07,1314,31330,ABRILAR XAROPE 200ML,0,2.5,9.0,76.37,65.22,0.0482,0.2852,0.0,0.0,0,rolling
2024-12-08,1314,31330,ABRILAR XAROPE 200ML,0,2.5,9.0,76.37,65.22,0.0482,0.2852,0.0,0.0,0,rolling
2024-12-09,1314,31330,ABRILAR XAROPE 200ML,0,2.5,9.0,76.37,65.22,0.1357,0.2852,0.0,0.0,0,rolling
2024-12-10,1314,31330,ABRILAR XAROPE 200ML,0,2.5,9.0,76.37,65.22,0.092,0.2852,0.0,0.0,0,rolling
2024-12-11,1314,31330,ABRILAR XAROPE 200ML,0,2.5,9.0,76.37,65.22,0.0482,0.2852,0.0,0.0,0,rolling
2024-12-12,1314,31330,ABRILAR XAROPE 200ML,0,2.5,9.0,76.37,65.22,0.092,0.2852,0.0,0.0,0,rolling
2024-12-13,1314,31330,ABRILAR XAROPE 200ML,0,2.5,9.0,76.37,65.22,0.092,0.2852,0.0,0.0,0,rolling
2024-12-14,1314,31330,ABRILAR XAROPE 200ML,0,2.5,9.0,76.37,65.22,0.0321,0.2852,0.0,0.0,0,rolling
2024-12-15,1314,31330,ABRILAR XAROPE 200ML,0,2.5,9.0,76.37,65.22,0.0321,0.2852,0.0,0.0,0,rolling
2024-12-16,1314,31330,ABRILAR XAROPE 200ML,0,2.5,9.0,76.37,65.22,0.1196,0.2852,0.0,0.0,0,rolling
2024-12-17,1314,31330,ABRILAR XAROPE 200ML,0,2.5,9.0,76.37,65.22,0.0759,0.2852,0.0,0.0,0,rolling
2024-12-18,1314,31330,ABRILAR XAROPE 200ML,0,2.5,9.0,76.37,65.22,0.0321,0.2852,0.0,0.0,0,rolling
2024-12-19,1314,31330,ABRILAR XAROPE 200ML,0,2.5,9.0,76.37,65.22,0.0759,0.2852,0.0,0.0,0,rolling
2024-12-20,1314,31330,ABRILAR XAROPE 200ML,0,2.5,9.0,76.37,65.22,0.0759,0.2852,0.0,0.0,0,rolling
2024-12-21,1314,31330,ABRILAR XAROPE 200ML,0,2.5,9.0,76.37,65.22,0.0321,0.2852,0.0,0.0,0,rolling
2024-12-22,1314,31330,ABRILAR XAROPE 200ML,0,2.5,9.0,76.37,65.22,0.0321,0.2852,0.0,0.0,0,rolling
2024-12-23,1314,31330,ABRILAR XAROPE 200ML,0,2.5,9.0,76.37,65.22,0.1196,0.2852,0.0,0.0,0,rolling
2024-12-24,1314,31330,ABRILAR XAROPE 200ML,0,2.5,9.0,76.37,65.22,0.0598,0.2575,0.0,0.0,0,rolling
2024-12-25,1314,31330,ABRILAR XAROPE 200ML,0,2.5,9.0,76.37,65.22,0.0161,0.2252,0.0,0.0,0,rolling
2024-12-26,1314,31330,ABRILAR XAROPE 200ML,0,2.5,9.0,76.37,65.22,0.0598,0.2252,0.0,0.0,0,rolling
2024-12-27,1314,31330,ABRILAR XAROPE 200ML,0,2.5,9.0,76.37,65.22,0.0598,0.2252,0.0,0.0,0,rolling
2024-12-28,1314,31330,ABRILAR XAROPE 200ML,0,2.5,9.0,76.37,65.22,0.0161,0.2252,0.0,0.0,0,rolling
2024-12-29,1314,31330,ABRILAR XAROPE 200ML,0,2.5,9.0,76.37,65.22,0.0161,0.2252,0.0,0.0,0,rolling
2024-12-30,1314,31330,ABRILAR XAROPE 200ML,0,2.5,9.0,76.37,65.22,0.0598,0.2252,0.0,0.0,0,rolling
2024-12-31,1314,31330,ABRILAR XAROPE 200ML,0,2.5,9.0,76.37,65.22,0.0161,0.2252,0.0,0.0,0,rolling
2024-10-01,1314,35416,EXPECTAMIN XAROPE 120ML,0,2.5,9.0,23.52,15.48,0.04,0.0,0.0,0.0,0,rolling
2024-10-02,1314,35416,EXPECTAMIN XAROPE 120ML,0,2.5,9.0,23.52,15.48,0.04,0.0,0.0,0.0,0,rolling
2024-10-03,1314,35416,EXPECTAMIN XAROPE 120ML,0,2.5,9.0,23.52,15.48,0.04,0.0,0.0,0.0,0,rolling
2024-10-04,1314,35416,EXPECTAMIN XAROPE 120ML,0,2.5,9.0,23.52,15.48,0.12,0.0,0.0,0.0,0,rolling
2024-10-05,1314,35416,EXPECTAMIN XAROPE 120ML,0,2.5,9.0,23.52,15.48,0.12,0.0,0.0,0.0,0,rolling
2024-10-06,1314,35416,EXPECTAMIN XAROPE 120ML,0,2.5,9.0,23.52,15.48,0.12,0.0,0.0,0.0,0,rolling
2024-10-07,1314,35416,EXPECTAMIN XAROPE 120ML,0,2.5,9.0,23.52,15.48,0.12,0.0,0.0,0.0,0,rolling
2024-10-08,1314,35416,EXPECTAMIN XAROPE 120ML,0,2.5,9.0,23.52,15.48,0.12,0.0,0.0,0.0,0,rolling
2024-10-09,1314,35416,EXPECTAMIN XAROPE 120ML,0,2.5,9.0,23.52,15.48,0.12,0.0,0.0,0.0,0,rolling
2024-10-10,1314,35416,EXPECTAMIN XAROPE 120ML,0,2.5,9.0,23.52,15.48,0.12,0.0,0.0,0.0,0,rolling
2024-10-11,1314,35416,EXPECTAMIN XAROPE 120ML,0,2.5,9.0,23.52,15.48,0.12,0.0,0.0,0.0,0,rolling
2024-10-12,1314,35416,EXPECTAMIN XAROPE 120ML,0,2.5,9.0,23.52,15.48,0.12,0.0,1.0,1.0,0,rolling
2024-10-13,1314,35416,EXPECTAMIN XAROPE 120ML,0,2.5,9.0,23.52,15.48,0.0961,0.1324,0.0,0.0,0,rolling
2024-10-14,1314,35416,EXPECTAMIN XAROPE 120ML,0,2.5,9.0,23.52,15.48,0.0961,0.1324,0.0,0.0,0,rolling
2024-10-15,1314,35416,EXPECTAMIN XAROPE 120ML,0,2.5,9.0,23.52,15.48,0.0961,0.1324,0.0,0.0,0,rolling
2024-10-16,1314,35416,EXPECTAMIN XAROPE 120ML,0,2.5,9.0,23.52,15.48,0.0961,0.1324,0.0,0.0,0,rolling
2024-10-17,1314,35416,EXPECTAMIN XAROPE 120ML,0,2.5,9.0,23.52,15.48,0.0961,0.1324,0.0,0.0,0,rolling
2024-10-18,1314,35416,EXPECTAMIN XAROPE 120ML,0,2.5,9.0,23.52,15.48,0.0961,0.1324,0.0,0.0,0,rolling
2024-10-19,1314,35416,EXPECTAMIN XAROPE 120ML,0,2.5,9.0,23.52,15.48,0.0598,0.1324,0.0,0.0,0,rolling
2024-10-20,1314,35416,EXPECTAMIN XAROPE 120ML,0,2.5,9.0,23.52,15.48,0.0161,0.1324,0.0,0.0,0,rolling
2024-10-21,1314,35416,EXPECTAMIN XAROPE 120ML,0,2.5,9.0,23.52,15.48,0.0161,0.1324,0.0,0.0,0,rolling
2024-10-22,1314,35416,EXPECTAMIN XAROPE 120ML,0,2.5,9.0,23.52,15.48,0.0161,0.1324,0.0,0.0,0,rolling
2024-10-23,1314,35416,EXPECTAMIN XAROPE 120ML,0,2.5,9.0,23.52,15.48,0.0161,0.1324,0.0,0.0,0,rolling
2024-10-24,1314,35416,EXPECTAMIN XAROPE 120ML,0,2.5,9.0,23.52,15.48,0.0161,0.1324,0.0,0.0,0,rolling
2024-10-25,1314,35416,EXPECTAMIN XAROPE 120ML,0,2.5,9.0,23.52,15.48,0.0161,0.1324,0.0,0.0,0,rolling
2024-10-26,1314,35416,EXPECTAMIN XAROPE 120ML,0,2.5,9.0,23.52,15.48,0.0598,0.1324,0.0,0.0,0,rolling
2024-10-27,1314,35416,EXPECTAMIN XAROPE 120ML,0,2.5,9.0,23.52,15.48,0.0161,0.1324,0.0,0.0,0,rolling
2024-10-28,1314,35416,EXPECTAMIN XAROPE 120ML,0,2.5,9.0,23.52,15.48,0.0161,0.1324,0.0,0.0,0,rolling
2024-10-29,1314,35416,EXPECTAMIN XAROPE 120ML,0,2.5,9.0,23.52,15.48,0.0161,0.1324,0.0,0.0,0,rolling
2024-10-30,1314,35416,EXPECTAMIN XAROPE 120ML,0,2.5,9.0,23.52,15.48,0.0161,0.1324,0.0,0.0,0,rolling
2024-10-31,1314,35416,EXPECTAMIN XAROPE 120ML,0,2.5,9.0,23.52,15.48,0.0294,0.1324,0.0,0.0,0,rolling
2024-11-01,1314,35416,EXPECTAMIN XAROPE 120ML,0,2.5,9.0,23.52,15.48,0.0294,0.1324,0.0,0.0,0,rolling
2024-11-02,1314,35416,EXPECTAMIN XAROPE 120ML,0,2.5,9.0,23.52,15.48,0.0732,0.1324,0.0,0.0,0,rolling
2024-11-03,1314,35416,EXPECTAMIN XAROPE 120ML,0,2.5,9.0,23.52,15.48,0.0294,0.1324,0.0,0.0,0,rolling
2024-11-04,1314,35416,EXPECTAMIN XAROPE 120ML,0,2.5,9.0,23.52,15.48,0.0294,0.1324,0.0,0.0,0,rolling
2024-11-05,1314,35416,EXPECTAMIN XAROPE 120ML,0,2.5,9.0,23.52,15.48,0.0294,0.1324,0.0,0.0,0,rolling
2024-11-06,1314,35416,EXPECTAMIN XAROPE 120ML,0,2.5,9.0,23.52,15.48,0.0294,0.1324,0.0,0.0,0,rolling
2024-11-07,1314,35416,EXPECTAMIN XAROPE 120ML,0,2.5,9.0,23.52,15.48,0.0427,0.1324,0.0,0.0,0,rolling
2024-11-08,1314,35416,EXPECTAMIN XAROPE 120ML,0,2.5,9.0,23.52,15.48,0.0427,0.1324,0.0,0.0,0,rolling
2024-11-09,1314,35416,EXPECTAMIN XAROPE 120ML,0,2.5,9.0,23.52,15.48,0.0865,0.1324,0.0,0.0,0,rolling
2024-11-10,1314,35416,EXPECTAMIN XAROPE 120ML,0,2.5,9.0,23.52,15.48,0.0267,0.1324,0.0,0.0,0,rolling
2024-11-11,1314,35416,EXPECTAMIN XAROPE 120ML,0,2.5,9.0,23.52,15.48,0.0267,0.1324,0.0,0.0,0,rolling
2024-11-12,1314,35416,EXPECTAMIN XAROPE 120ML,0,2.5,9.0,23.52,15.48,0.04,0.1324,0.0,0.0,0,rolling
2024-11-13,1314,35416,EXPECTAMIN XAROPE 120ML,0,2.5,9.0,23.52,15.48,0.0533,0.1324,0.0,0.0,0,rolling
2024-11-14,1314,35416,EXPECTAMIN XAROPE 120ML,0,2.5,9.0,23.52,15.48,0.0533,0.1324,0.0,0.0,0,rolling
2024-11-15,1314,35416,EXPECTAMIN XAROPE 120ML,0,2.5,9.0,23.52,15.48,0.04,0.1324,0.0,0.0,0,rolling
2024-11-16,1314,35416,EXPECTAMIN XAROPE 120ML,0,2.5,9.0,23.52,15.48,0.0838,0.1324,0.0,0.0,0,rolling
2024-11-17,1314,35416,EXPECTAMIN XAROPE 120ML,0,2.5,9.0,23.52,15.48,0.04,0.1324,0.0,0.0,0,rolling
2024-11-18,1314,35416,EXPECTAMIN XAROPE 120ML,0,2.5,9.0,23.52,15.48,0.0533,0.1324,0.0,0.0,0,rolling
2024-11-19,1314,35416,EXPECTAMIN XAROPE 120ML,0,2.5,9.0,23.52,15.48,0.0533,0.1324,0.0,0.0,0,rolling
2024-11-20,1314,35416,EXPECTAMIN XAROPE 120ML,0,2.5,9.0,23.52,15.48,0.0533,0.1324,0.0,0.0,0,rolling
2024-11-21,1314,35416,EXPECTAMIN XAROPE 120ML,0,2.5,9.0,23.52,15.48,0.0533,0.1324,0.0,0.0,0,rolling
2024-11-22,1314,35416,EXPECTAMIN XAROPE 120ML,0,2.5,9.0,23.52,15.48,0.04,0.1324,0.0,0.0,0,rolling
2024-11-23,1314,35416,EXPECTAMIN XAROPE 120ML,0,2.5,9.0,23.52,15.48,0.0971,0.1324,0.0,0.0,0,rolling
2024-11-24,1314,35416,EXPECTAMIN XAROPE 120ML,0,2.5,9.0,23.52,15.48,0.0533,0.1324,0.0,0.0,0,rolling
2024-11-25,1314,35416,EXPECTAMIN XAROPE 120ML,0,2.5,9.0,23.52,15.48,0.0533,0.1324,0.0,0.0,0,rolling
2024-11-26,1314,35416,EXPECTAMIN XAROPE 120ML,0,2.5,9.0,23.52,15.48,0.0533,0.1324,0.0,0.0,0,rolling
2024-11-27,1314,35416,EXPECTAMIN XAROPE 120ML,0,2.5,9.0,23.52,15.48,0.04,0.1324,0.0,0.0,0,rolling
2024-11-28,1314,35416,EXPECTAMIN XAROPE 120ML,0,2.5,9.0,23.52,15.48,0.0267,0.1324,0.0,0.0,0,rolling
2024-11-29,1314,35416,EXPECTAMIN XAROPE 120ML,0,2.5,9.0,23.52,15.48,0.04,0.1324,0.0,0.0,0,rolling
2024-11-30,1314,35416,EXPECTAMIN XAROPE 120ML,0,2.5,9.0,23.52,15.48,0.0838,0.1324,0.0,0.0,0,rolling
2024-12-01,1314,35416,EXPECTAMIN XAROPE 120ML,0,2.5,9.0,23.52,15.48,0.04,0.1324,0.0,0.0,0,rolling
2024-12-02,1314,35416,EXPECTAMIN XAROPE 120ML,0,2.5,9.0,23.52,15.48,0.0533,0.1324,0.0,0.0,0,rolling
2024-12-03,1314,35416,EXPECTAMIN XAROPE 120ML,0,2.5,9.0,23.52,15.48,0.04,0.1324,1.0,1.0,0,rolling
2024-12-04,1314,35416,EXPECTAMIN XAROPE 120ML,0,2.5,9.0,23.52,15.48,0.0561,0.1856,0.0,0.0,0,rolling
2024-12-05,1314,35416,EXPECTAMIN XAROPE 120ML,0,2.5,9.0,23.52,15.48,0.0561,0.1856,0.0,0.0,0,rolling
2024-12-06,1314,35416,EXPECTAMIN XAROPE 120ML,0,2.5,9.0,23.52,15.48,0.0561,0.1856,0.0,0.0,0,rolling
2024-12-07,1314,35416,EXPECTAMIN XAROPE 120ML,0,2.5,9.0,23.52,15.48,0.0998,0.1856,0.0,0.0,0,rolling
2024-12-08,1314,35416,EXPECTAMIN XAROPE 120ML,0,2.5,9.0,23.52,15.48,0.0427,0.1324,0.0,0.0,0,rolling
2024-12-09,1314,35416,EXPECTAMIN XAROPE 120ML,0,2.5,9.0,23.52,15.48,0.0427,0.1324,0.0,0.0,0,rolling
2024-12-10,1314,35416,EXPECTAMIN XAROPE 120ML,0,2.5,9.0,23.52,15.48,0.0865,0.1324,0.0,0.0,0,rolling
2024-12-11,1314,35416,EXPECTAMIN XAROPE 120ML,0,2.5,9.0,23.52,15.48,0.0427,0.1324,0.0,0.0,0,rolling
2024-12-12,1314,35416,EXPECTAMIN XAROPE 120ML,0,2.5,9.0,23.52,15.48,0.0561,0.1324,0.0,0.0,0,rolling
2024-12-13,1314,35416,EXPECTAMIN XAROPE 120ML,0,2.5,9.0,23.52,15.48,0.0561,0.1324,0.0,0.0,0,rolling
2024-12-14,1314,35416,EXPECTAMIN XAROPE 120ML,0,2.5,9.0,23.52,15.48,0.0427,0.1324,0.0,0.0,0,rolling
2024-12-15,1314,35416,EXPECTAMIN XAROPE 120ML,0,2.5,9.0,23.52,15.48,0.0427,0.1324,0.0,0.0,0,rolling
2024-12-16,1314,35416,EXPECTAMIN XAROPE 120ML,0,2.5,9.0,23.52,15.48,0.0427,0.1324,0.0,0.0,0,rolling
2024-12-17,1314,35416,EXPECTAMIN XAROPE 120ML,0,2.5,9.0,23.52,15.48,0.0732,0.1324,0.0,0.0,0,rolling
2024-12-18,1314,35416,EXPECTAMIN XAROPE 120ML,0,2.5,9.0,23.52,15.48,0.0294,0.1324,0.0,0.0,0,rolling
2024-12-19,1314,35416,EXPECTAMIN XAROPE 120ML,0,2.5,9.0,23.52,15.48,0.0294,0.1324,0.0,0.0,0,rolling
2024-12-20,1314,35416,EXPECTAMIN XAROPE 120ML,0,2.5,9.0,23.52,15.48,0.0427,0.1324,0.0,0.0,0,rolling
2024-12-21,1314,35416,EXPECTAMIN XAROPE 120ML,0,2.5,9.0,23.52,15.48,0.0427,0.1324,0.0,0.0,0,rolling
2024-12-22,1314,35416,EXPECTAMIN XAROPE 120ML,0,2.5,9.0,23.52,15.48,0.0427,0.1324,0.0,0.0,0,rolling
2024-12-23,1314,35416,EXPECTAMIN XAROPE 120ML,0,2.5,9.0,23.52,15.48,0.0427,0.1324,0.0,0.0,0,rolling
2024-12-24,1314,35416,EXPECTAMIN XAROPE 120ML,0,2.5,9.0,23.52,15.48,0.0865,0.1324,0.0,0.0,0,rolling
2024-12-25,1314,35416,EXPECTAMIN XAROPE 120ML,0,2.5,9.0,23.52,15.48,0.0427,0.1324,0.0,0.0,0,rolling
2024-12-26,1314,35416,EXPECTAMIN XAROPE 120ML,0,2.5,9.0,23.52,15.48,0.0427,0.1324,0.0,0.0,0,rolling
2024-12-27,1314,35416,EXPECTAMIN XAROPE 120ML,0,2.5,9.0,23.52,15.48,0.0294,0.1324,0.0,0.0,0,rolling
2024-12-28,1314,35416,EXPECTAMIN XAROPE 120ML,0,2.5,9.0,23.52,15.48,0.0294,0.1324,1.0,1.0,0,rolling
2024-12-29,1314,35416,EXPECTAMIN XAROPE 120ML,0,2.5,9.0,23.52,15.48,0.0455,0.1856,0.0,0.0,0,rolling
2024-12-30,1314,35416,EXPECTAMIN XAROPE 120ML,0,2.5,9.0,23.52,15.48,0.0455,0.1856,0.0,0.0,0,rolling
2024-12-31,1314,35416,EXPECTAMIN XAROPE 120ML,0,2.5,9.0,23.52,15.48,0.0892,0.1856,0.0,0.0,0,rolling
2024-10-01,1314,35772,EMSEXPECTOR XAROPE 120ML,0,2.5,9.0,23.11,16.75,0.1518,0.2852,1.0,1.0,0,rolling
2024-10-02,1314,35772,EMSEXPECTOR XAROPE 120ML,0,2.5,9.0,23.11,16.75,0.108,0.3093,0.0,0.0,0,rolling
2024-10-03,1314,35772,EMSEXPECTOR XAROPE 120ML,0,2.5,9.0,23.11,16.75,0.0643,0.3093,0.0,0.0,0,rolling
2024-10-04,1314,35772,EMSEXPECTOR XAROPE 120ML,0,2.5,9.0,23.11,16.75,0.108,0.3093,0.0,0.0,0,rolling
2024-10-05,1314,35772,EMSEXPECTOR XAROPE 120ML,0,2.5,9.0,23.11,16.75,0.0643,0.2852,0.0,0.0,0,rolling
2024-10-06,1314,35772,EMSEXPECTOR XAROPE 120ML,0,2.5,9.0,23.11,16.75,0.108,0.2852,0.0,0.0,0,rolling
2024-10-07,1314,35772,EMSEXPECTOR XAROPE 120ML,0,2.5,9.0,23.11,16.75,0.0482,0.2852,0.0,0.0,0,rolling
2024-10-08,1314,35772,EMSEXPECTOR XAROPE 120ML,0,2.5,9.0,23.11,16.75,0.1795,0.2852,0.0,0.0,0,rolling
2024-10-09,1314,35772,EMSEXPECTOR XAROPE 120ML,0,2.5,9.0,23.11,16.75,0.0759,0.2852,0.0,0.0,0,rolling
2024-10-10,1314,35772,EMSEXPECTOR XAROPE 120ML,0,2.5,9.0,23.11,16.75,0.0321,0.2852,0.0,0.0,0,rolling
2024-10-11,1314,35772,EMSEXPECTOR XAROPE 120ML,0,2.5,9.0,23.11,16.75,0.0321,0.2852,0.0,0.0,0,rolling
2024-10-12,1314,35772,EMSEXPECTOR XAROPE 120ML,0,2.5,9.0,23.11,16.75,0.0321,0.2852,0.0,0.0,0,rolling
2024-10-13,1314,35772,EMSEXPECTOR XAROPE 120ML,0,2.5,9.0,23.11,16.75,0.0759,0.2852,0.0,0.0,0,rolling
2024-10-14,1314,35772,EMSEXPECTOR XAROPE 120ML,0,2.5,9.0,23.11,16.75,0.0321,0.2852,0.0,0.0,0,rolling
2024-10-15,1314,35772,EMSEXPECTOR XAROPE 120ML,0,2.5,9.0,23.11,16.75,0.1634,0.2852,0.0,0.0,0,rolling
2024-10-16,1314,35772,EMSEXPECTOR XAROPE 120ML,0,2.5,9.0,23.11,16.75,0.0759,0.2852,0.0,0.0,0,rolling
2024-10-17,1314,35772,EMSEXPECTOR XAROPE 120ML,0,2.5,9.0,23.11,16.75,0.0161,0.2852,0.0,0.0,0,rolling
2024-10-18,1314,35772,EMSEXPECTOR XAROPE 120ML,0,2.5,9.0,23.11,16.75,0.0161,0.2852,0.0,0.0,0,rolling
2024-10-19,1314,35772,EMSEXPECTOR XAROPE 120ML,0,2.5,9.0,23.11,16.75,0.0161,0.2852,0.0,0.0,0,rolling
2024-10-20,1314,35772,EMSEXPECTOR XAROPE 120ML,0,2.5,9.0,23.11,16.75,0.0598,0.2852,0.0,0.0,0,rolling
2024-10-21,1314,35772,EMSEXPECTOR XAROPE 120ML,0,2.5,9.0,23.11,16.75,0.0161,0.2852,0.0,0.0,0,rolling
2024-10-22,1314,35772,EMSEXPECTOR XAROPE 120ML,0,2.5,9.0,23.11,16.75,0.1473,0.2852,0.0,0.0,0,rolling
2024-10-23,1314,35772,EMSEXPECTOR XAROPE 120ML,0,2.5,9.0,23.11,16.75,0.0598,0.2852,0.0,0.0,0,rolling
2024-10-24,1314,35772,EMSEXPECTOR XAROPE 120ML,0,2.5,9.0,23.11,16.75,0.0161,0.2852,0.0,0.0,0,rolling
2024-10-25,1314,35772,EMSEXPECTOR XAROPE 120ML,0,2.5,9.0,23.11,16.75,0.0161,0.2852,0.0,0.0,0,rolling
2024-10-26,1314,35772,EMSEXPECTOR XAROPE 120ML,0,2.5,9.0,23.11,16.75,0.0161,0.2852,0.0,0.0,0,rolling
2024-10-27,1314,35772,EMSEXPECTOR XAROPE 120ML,0,2.5,9.0,23.11,16.75,0.0598,0.2852,0.0,0.0,0,rolling
2024-10-28,1314,35772,EMSEXPECTOR XAROPE 120ML,0,2.5,9.0,23.11,16.75,0.0161,0.2852,0.0,0.0,0,rolling
2024-10-29,1314,35772,EMSEXPECTOR XAROPE 120ML,0,2.5,9.0,23.11,16.75,0.1473,0.2852,1.0,1.0,0,rolling
2024-10-30,1314,35772,EMSEXPECTOR XAROPE 120ML,0,2.5,9.0,23.11,16.75,0.0598,0.2852,0.0,0.0,0,rolling
2024-10-31,1314,35772,EMSEXPECTOR XAROPE 120ML,0,2.5,9.0,23.11,16.75,0.0161,0.2852,0.0,0.0,0,rolling
2024-11-01,1314,35772,EMSEXPECTOR XAROPE 120ML,0,2.5,9.0,23.11,16.75,0.0161,0.2852,0.0,0.0,0,rolling
2024-11-02,1314,35772,EMSEXPECTOR XAROPE 120ML,0,2.5,9.0,23.11,16.75,0.0161,0.2852,0.0,0.0,0,rolling
2024-11-03,1314,35772,EMSEXPECTOR XAROPE 120ML,0,2.5,9.0,23.11,16.75,0.0598,0.2852,0.0,0.0,0,rolling
2024-11-04,1314,35772,EMSEXPECTOR XAROPE 120ML,0,2.5,9.0,23.11,16.75,0.0161,0.2575,0.0,0.0,0,rolling
2024-11-05,1314,35772,EMSEXPECTOR XAROPE 120ML,0,2.5,9.0,23.11,16.75,0.1473,0.2575,0.0,0.0,0,rolling
2024-11-06,1314,35772,EMSEXPECTOR XAROPE 120ML,0,2.5,9.0,23.11,16.75,0.0598,0.2252,0.0,0.0,0,rolling
2024-11-07,1314,35772,EMSEXPECTOR XAROPE 120ML,0,2.5,9.0,23.11,16.75,0.0161,0.2252,1.0,1.0,0,rolling
2024-11-08,1314,35772,EMSEXPECTOR XAROPE 120ML,0,2.5,9.0,23.11,16.75,0.0321,0.2575,2.0,2.0,0,rolling
2024-11-09,1314,35772,EMSEXPECTOR XAROPE 120ML,0,2.5,9.0,23.11,16.75,0.0643,0.3625,0.0,0.0,0,rolling
2024-11-10,1314,35772,EMSEXPECTOR XAROPE 120ML,0,2.5,9.0,23.11,16.75,0.0643,0.3625,0.0,0.0,0,rolling
2024-11-11,1314,35772,EMSEXPECTOR XAROPE 120ML,0,2.5,9.0,23.11,16.75,0.0643,0.3625,0.0,0.0,0,rolling
2024-11-12,1314,35772,EMSEXPECTOR XAROPE 120ML,0,2.5,9.0,23.11,16.75,0.1518,0.3625,0.0,0.0,0,rolling
2024-11-13,1314,35772,EMSEXPECTOR XAROPE 120ML,0,2.5,9.0,23.11,16.75,0.108,0.3625,0.0,0.0,0,rolling
2024-11-14,1314,35772,EMSEXPECTOR XAROPE 120ML,0,2.5,9.0,23.11,16.75,0.108,0.3421,0.0,0.0,0,rolling
2024-11-15,1314,35772,EMSEXPECTOR XAROPE 120ML,0,2.5,9.0,23.11,16.75,0.1518,0.3421,0.0,0.0,0,rolling
2024-11-16,1314,35772,EMSEXPECTOR XAROPE 120ML,0,2.5,9.0,23.11,16.75,0.0643,0.3421,0.0,0.0,0,rolling
2024-11-17,1314,35772,EMSEXPECTOR XAROPE 120ML,0,2.5,9.0,23.11,16.75,0.0643,0.3421,0.0,0.0,0,rolling
2024-11-18,1314,35772,EMSEXPECTOR XAROPE 120ML,0,2.5,9.0,23.11,16.75,0.0643,0.3421,0.0,0.0,0,rolling
2024-11-19,1314,35772,EMSEXPECTOR XAROPE 120ML,0,2.5,9.0,23.11,16.75,0.1518,0.3421,1.0,1.0,0,rolling
2024-11-20,1314,35772,EMSEXPECTOR XAROPE 120ML,0,2.5,9.0,23.11,16.75,0.0804,0.3625,0.0,0.0,0,rolling
2024-11-21,1314,35772,EMSEXPECTOR XAROPE 120ML,0,2.5,9.0,23.11,16.75,0.1241,0.3625,0.0,0.0,0,rolling
2024-11-22,1314,35772,EMSEXPECTOR XAROPE 120ML,0,2.5,9.0,23.11,16.75,0.1679,0.3625,0.0,0.0,0,rolling
2024-11-23,1314,35772,EMSEXPECTOR XAROPE 120ML,0,2.5,9.0,23.11,16.75,0.0804,0.3625,0.0,0.0,0,rolling
2024-11-24,1314,35772,EMSEXPECTOR XAROPE 120ML,0,2.5,9.0,23.11,16.75,0.0804,0.3625,0.0,0.0,0,rolling
2024-11-25,1314,35772,EMSEXPECTOR XAROPE 120ML,0,2.5,9.0,23.11,16.75,0.0804,0.3625,0.0,0.0,0,rolling
2024-11-26,1314,35772,EMSEXPECTOR XAROPE 120ML,0,2.5,9.0,23.11,16.75,0.2116,0.3625,0.0,0.0,0,rolling
2024-11-27,1314,35772,EMSEXPECTOR XAROPE 120ML,0,2.5,9.0,23.11,16.75,0.0643,0.3421,0.0,0.0,0,rolling
2024-11-28,1314,35772,EMSEXPECTOR XAROPE 120ML,0,2.5,9.0,23.11,16.75,0.108,0.3421,0.0,0.0,0,rolling
2024-11-29,1314,35772,EMSEXPECTOR XAROPE 120ML,0,2.5,9.0,23.11,16.75,0.1518,0.3421,0.0,0.0,0,rolling
2024-11-30,1314,35772,EMSEXPECTOR XAROPE 120ML,0,2.5,9.0,23.11,16.75,0.0643,0.3421,0.0,0.0,0,rolling
2024-12-01,1314,35772,EMSEXPECTOR XAROPE 120ML,0,2.5,9.0,23.11,16.75,0.0643,0.3421,0.0,0.0,0,rolling
2024-12-02,1314,35772,EMSEXPECTOR XAROPE 120ML,0,2.5,9.0,23.11,16.75,0.0643,0.3421,0.0,0.0,0,rolling
2024-12-03,1314,35772,EMSEXPECTOR XAROPE 120ML,0,2.5,9.0,23.11,16.75,0.1518,0.3421,0.0,0.0,0,rolling
2024-12-04,1314,35772,EMSEXPECTOR XAROPE 120ML,0,2.5,9.0,23.11,16.75,0.0643,0.3421,0.0,0.0,0,rolling
2024-12-05,1314,35772,EMSEXPECTOR XAROPE 120ML,0,2.5,9.0,23.11,16.75,0.108,0.3421,0.0,0.0,0,rolling
2024-12-06,1314,35772,EMSEXPECTOR XAROPE 120ML,0,2.5,9.0,23.11,16.75,0.1357,0.3421,0.0,0.0,0,rolling
2024-12-07,1314,35772,EMSEXPECTOR XAROPE 120ML,0,2.5,9.0,23.11,16.75,0.0161,0.3421,0.0,0.0,0,rolling
2024-12-08,1314,35772,EMSEXPECTOR XAROPE 120ML,0,2.5,9.0,23.11,16.75,0.0161,0.3421,0.0,0.0,0,rolling
2024-12-09,1314,35772,EMSEXPECTOR XAROPE 120ML,0,2.5,9.0,23.11,16.75,0.0161,0.3421,0.0,0.0,0,rolling
2024-12-10,1314,35772,EMSEXPECTOR XAROPE 120ML,0,2.5,9.0,23.11,16.75,0.1036,0.3421,0.0,0.0,0,rolling
2024-12-11,1314,35772,EMSEXPECTOR XAROPE 120ML,0,2.5,9.0,23.11,16.75,0.0161,0.3421,0.0,0.0,0,rolling
2024-12-12,1314,35772,EMSEXPECTOR XAROPE 120ML,0,2.5,9.0,23.11,16.75,0.0598,0.3421,0.0,0.0,0,rolling
2024-12-13,1314,35772,EMSEXPECTOR XAROPE 120ML,0,2.5,9.0,23.11,16.75,0.1036,0.3421,0.0,0.0,0,rolling
2024-12-14,1314,35772,EMSEXPECTOR XAROPE 120ML,0,2.5,9.0,23.11,16.75,0.0161,0.3421,0.0,0.0,0,rolling
2024-12-15,1314,35772,EMSEXPECTOR XAROPE 120ML,0,2.5,9.0,23.11,16.75,0.0161,0.3421,0.0,0.0,0,rolling
2024-12-16,1314,35772,EMSEXPECTOR XAROPE 120ML,0,2.5,9.0,23.11,16.75,0.0161,0.3421,0.0,0.0,0,rolling
2024-12-17,1314,35772,EMSEXPECTOR XAROPE 120ML,0,2.5,9.0,23.11,16.75,0.1036,0.3421,0.0,0.0,0,rolling
2024-12-18,1314,35772,EMSEXPECTOR XAROPE 120ML,0,2.5,9.0,23.11,16.75,0.0,0.3421,0.0,0.0,0,rolling
2024-12-19,1314,35772,EMSEXPECTOR XAROPE 120ML,0,2.5,9.0,23.11,16.75,0.0437,0.3421,0.0,0.0,0,rolling
2024-12-20,1314,35772,EMSEXPECTOR XAROPE 120ML,0,2.5,9.0,23.11,16.75,0.0875,0.3421,0.0,0.0,0,rolling
2024-12-21,1314,35772,EMSEXPECTOR XAROPE 120ML,0,2.5,9.0,23.11,16.75,0.0,0.3421,0.0,0.0,0,rolling
2024-12-22,1314,35772,EMSEXPECTOR XAROPE 120ML,0,2.5,9.0,23.11,16.75,0.0,0.3421,0.0,0.0,0,rolling
2024-12-23,1314,35772,EMSEXPECTOR XAROPE 120ML,0,2.5,9.0,23.11,16.75,0.0,0.3421,0.0,0.0,0,rolling
2024-12-24,1314,35772,EMSEXPECTOR XAROPE 120ML,0,2.5,9.0,23.11,16.75,0.0875,0.3421,0.0,0.0,0,rolling
2024-12-25,1314,35772,EMSEXPECTOR XAROPE 120ML,0,2.5,9.0,23.11,16.75,0.0,0.3194,0.0,0.0,0,rolling
2024-12-26,1314,35772,EMSEXPECTOR XAROPE 120ML,0,2.5,9.0,23.11,16.75,0.0437,0.3194,0.0,0.0,0,rolling
2024-12-27,1314,35772,EMSEXPECTOR XAROPE 120ML,0,2.5,9.0,23.11,16.75,0.0875,0.3194,0.0,0.0,0,rolling
2024-12-28,1314,35772,EMSEXPECTOR XAROPE 120ML,0,2.5,9.0,23.11,16.75,0.0,0.3194,0.0,0.0,0,rolling
2024-12-29,1314,35772,EMSEXPECTOR XAROPE 120ML,0,2.5,9.0,23.11,16.75,0.0,0.3194,0.0,0.0,0,rolling
2024-12-30,1314,35772,EMSEXPECTOR XAROPE 120ML,0,2.5,9.0,23.11,16.75,0.0,0.3194,0.0,0.0,0,rolling
2024-12-31,1314,35772,EMSEXPECTOR XAROPE 120ML,0,2.5,9.0,23.11,16.75,0.0437,0.3194,0.0,0.0,0,rolling
2024-10-01,1314,36857,NARIX ADULTO 30ML,0,1.6209977661950854,9.0,7.33,3.97,0.3121,0.7954,0.0,0.0,0,rolling
2024-10-02,1314,36857,NARIX ADULTO 30ML,0,1.6209977661950854,9.0,7.33,3.97,0.5213,0.7954,0.0,0.0,0,rolling
2024-10-03,1314,36857,NARIX ADULTO 30ML,0,1.6209977661950854,9.0,7.33,3.97,0.2667,0.7904,0.0,0.0,0,rolling
2024-10-04,1314,36857,NARIX ADULTO 30ML,0,1.6209977661950854,9.0,7.33,3.97,0.1764,0.7904,0.0,0.0,0,rolling
2024-10-05,1314,36857,NARIX ADULTO 30ML,0,1.6209977661950854,9.0,7.33,3.97,0.1764,0.7904,0.0,0.0,0,rolling
2024-10-06,1314,36857,NARIX ADULTO 30ML,0,1.6209977661950854,9.0,7.33,3.97,0.3002,0.7904,0.0,0.0,0,rolling
2024-10-07,1314,36857,NARIX ADULTO 30ML,0,1.6209977661950854,9.0,7.33,3.97,0.3877,0.7904,0.0,0.0,0,rolling
2024-10-08,1314,36857,NARIX ADULTO 30ML,0,1.6209977661950854,9.0,7.33,3.97,0.3118,0.7904,0.0,0.0,0,rolling
2024-10-09,1314,36857,NARIX ADULTO 30ML,0,1.6209977661950854,9.0,7.33,3.97,0.5145,0.7904,0.0,0.0,0,rolling
2024-10-10,1314,36857,NARIX ADULTO 30ML,0,1.6209977661950854,9.0,7.33,3.97,0.2957,0.467,0.0,0.0,0,rolling
2024-10-11,1314,36857,NARIX ADULTO 30ML,0,1.6209977661950854,9.0,7.33,3.97,0.1921,0.467,0.0,0.0,0,rolling
2024-10-12,1314,36857,NARIX ADULTO 30ML,0,1.6209977661950854,9.0,7.33,3.97,0.1921,0.467,0.0,0.0,0,rolling
2024-10-13,1314,36857,NARIX ADULTO 30ML,0,1.6209977661950854,9.0,7.33,3.97,0.2359,0.467,1.0,1.0,0,rolling
2024-10-14,1314,36857,NARIX ADULTO 30ML,0,1.6209977661950854,9.0,7.33,3.97,0.3234,0.4788,4.0,4.0,0,rolling
2024-10-15,1314,36857,NARIX ADULTO 30ML,0,1.6209977661950854,9.0,7.33,3.97,0.3439,0.6941,0.0,0.0,0,rolling
2024-10-16,1314,36857,NARIX ADULTO 30ML,0,1.6209977661950854,9.0,7.33,3.97,0.3439,0.6941,0.0,0.0,0,rolling
2024-10-17,1314,36857,NARIX ADULTO 30ML,0,1.6209977661950854,9.0,7.33,3.97,0.3439,0.6941,1.0,1.0,0,rolling
2024-10-18,1314,36857,NARIX ADULTO 30ML,0,1.6209977661950854,9.0,7.33,3.97,0.2325,0.6999,0.0,0.0,0,rolling
2024-10-19,1314,36857,NARIX ADULTO 30ML,0,1.6209977661950854,9.0,7.33,3.97,0.1925,0.6999,0.0,0.0,0,rolling
2024-10-20,1314,36857,NARIX ADULTO 30ML,0,1.6209977661950854,9.0,7.33,3.97,0.28,0.6999,0.0,0.0,0,rolling
2024-10-21,1314,36857,NARIX ADULTO 30ML,0,1.6209977661950854,9.0,7.33,3.97,0.4187,0.6999,0.0,0.0,0,rolling
2024-10-22,1314,36857,NARIX ADULTO 30ML,0,1.6209977661950854,9.0,7.33,3.97,0.2,0.6999,0.0,0.0,0,rolling
2024-10-23,1314,36857,NARIX ADULTO 30ML,0,1.6209977661950854,9.0,7.33,3.97,0.1839,0.6999,0.0,0.0,0,rolling
2024-10-24,1314,36857,NARIX ADULTO 30ML,0,1.6209977661950854,9.0,7.33,3.97,0.2277,0.6999,0.0,0.0,0,rolling
2024-10-25,1314,36857,NARIX ADULTO 30ML,0,1.6209977661950854,9.0,7.33,3.97,0.0964,0.6999,0.0,0.0,0,rolling
2024-10-26,1314,36857,NARIX ADULTO 30ML,0,1.6209977661950854,9.0,7.33,3.97,0.0964,0.6999,0.0,0.0,0,rolling
2024-10-27,1314,36857,NARIX ADULTO 30ML,0,1.6209977661950854,9.0,7.33,3.97,0.1839,0.6999,0.0,0.0,0,rolling
2024-10-28,1314,36857,NARIX ADULTO 30ML,0,1.6209977661950854,9.0,7.33,3.97,0.4027,0.6999,1.0,1.0,0,rolling
2024-10-29,1314,36857,NARIX ADULTO 30ML,0,1.6209977661950854,9.0,7.33,3.97,0.2133,0.6999,0.0,0.0,0,rolling
2024-10-30,1314,36857,NARIX ADULTO 30ML,0,1.6209977661950854,9.0,7.33,3.97,0.2133,0.6999,0.0,0.0,0,rolling
2024-10-31,1314,36857,NARIX ADULTO 30ML,0,1.6209977661950854,9.0,7.33,3.97,0.2971,0.6614,0.0,0.0,0,rolling
2024-11-01,1314,36857,NARIX ADULTO 30ML,0,1.6209977661950854,9.0,7.33,3.97,0.1792,0.6544,0.0,0.0,0,rolling
2024-11-02,1314,36857,NARIX ADULTO 30ML,0,1.6209977661950854,9.0,7.33,3.97,0.1792,0.6544,0.0,0.0,0,rolling
2024-11-03,1314,36857,NARIX ADULTO 30ML,0,1.6209977661950854,9.0,7.33,3.97,0.2667,0.6544,2.0,2.0,0,rolling
2024-11-04,1314,36857,NARIX ADULTO 30ML,0,1.6209977661950854,9.0,7.33,3.97,0.5309,0.6941,0.0,0.0,0,rolling
2024-11-05,1314,36857,NARIX ADULTO 30ML,0,1.6209977661950854,9.0,7.33,3.97,0.3121,0.6544,0.0,0.0,0,rolling
2024-11-06,1314,36857,NARIX ADULTO 30ML,0,1.6209977661950854,9.0,7.33,3.97,0.2246,0.6468,0.0,0.0,0,rolling
2024-11-07,1314,36857,NARIX ADULTO 30ML,0,1.6209977661950854,9.0,7.33,3.97,0.3121,0.6468,0.0,0.0,0,rolling
2024-11-08,1314,36857,NARIX ADULTO 30ML,0,1.6209977661950854,9.0,7.33,3.97,0.2246,0.6386,0.0,0.0,0,rolling
2024-11-09,1314,36857,NARIX ADULTO 30ML,0,1.6209977661950854,9.0,7.33,3.97,0.2246,0.6386,0.0,0.0,0,rolling
2024-11-10,1314,36857,NARIX ADULTO 30ML,0,1.6209977661950854,9.0,7.33,3.97,0.413,0.6386,0.0,0.0,0,rolling
2024-11-11,1314,36857,NARIX ADULTO 30ML,0,1.6209977661950854,9.0,7.33,3.97,0.4407,0.6298,0.0,0.0,0,rolling
2024-11-12,1314,36857,NARIX ADULTO 30ML,0,1.6209977661950854,9.0,7.33,3.97,0.2014,0.6298,0.0,0.0,0,rolling
2024-11-13,1314,36857,NARIX ADULTO 30ML,0,1.6209977661950854,9.0,7.33,3.97,0.1443,0.6298,0.0,0.0,0,rolling
2024-11-14,1314,36857,NARIX ADULTO 30ML,0,1.6209977661950854,9.0,7.33,3.97,0.188,0.6298,0.0,0.0,0,rolling
2024-11-15,1314,36857,NARIX ADULTO 30ML,0,1.6209977661950854,9.0,7.33,3.97,0.0882,0.6298,0.0,0.0,0,rolling
2024-11-16,1314,36857,NARIX ADULTO 30ML,0,1.6209977661950854,9.0,7.33,3.97,0.0749,0.6298,0.0,0.0,0,rolling
2024-11-17,1314,36857,NARIX ADULTO 30ML,1,1.6209977661950854,9.0,7.33,3.97,0.3341,0.6298,0.0,0.0,0,rolling
2024-11-18,1314,36857,NARIX ADULTO 30ML,1,1.6209977661950854,9.0,7.33,3.97,0.476,0.6298,0.0,0.0,0,rolling
2024-11-19,1314,36857,NARIX ADULTO 30ML,1,1.6209977661950854,9.0,7.33,3.97,0.1707,0.6298,0.0,0.0,0,rolling
2024-11-20,1314,36857,NARIX ADULTO 30ML,1,1.6209977661950854,9.0,7.33,3.97,0.0998,0.6204,0.0,0.0,0,rolling
2024-11-21,1314,36857,NARIX ADULTO 30ML,1,1.6209977661950854,9.0,7.33,3.97,0.1923,0.6204,0.0,0.0,0,rolling
2024-11-22,1314,36857,NARIX ADULTO 30ML,1,1.6209977661950854,9.0,7.33,3.97,0.1214,0.6204,0.0,0.0,0,rolling
2024-11-23,1314,36857,NARIX ADULTO 30ML,0,1.6209977661950854,9.0,7.33,3.97,0.0749,0.6204,0.0,0.0,0,rolling
2024-11-24,1314,36857,NARIX ADULTO 30ML,0,1.6209977661950854,9.0,7.33,3.97,0.2061,0.6204,0.0,0.0,0,rolling
2024-11-25,1314,36857,NARIX ADULTO 30ML,0,1.6209977661950854,9.0,7.33,3.97,0.2803,0.6204,0.0,0.0,0,rolling
2024-11-26,1314,36857,NARIX ADULTO 30ML,0,1.6209977661950854,9.0,7.33,3.97,0.0455,0.6204,0.0,0.0,0,rolling
2024-11-27,1314,36857,NARIX ADULTO 30ML,0,1.6209977661950854,9.0,7.33,3.97,0.0455,0.6204,1.0,1.0,0,rolling
2024-11-28,1314,36857,NARIX ADULTO 30ML,0,1.6209977661950854,9.0,7.33,3.97,0.1053,0.6298,0.0,0.0,0,rolling
2024-11-29,1314,36857,NARIX ADULTO 30ML,1,1.6209977661950854,9.0,7.33,3.97,0.0998,0.6298,0.0,0.0,0,rolling
2024-11-30,1314,36857,NARIX ADULTO 30ML,1,1.6209977661950854,9.0,7.33,3.97,0.0998,0.6298,0.0,0.0,0,rolling
2024-12-01,1314,36857,NARIX ADULTO 30ML,1,1.6209977661950854,9.0,7.33,3.97,0.3125,0.6298,0.0,0.0,0,rolling
2024-12-02,1314,36857,NARIX ADULTO 30ML,0,1.6209977661950854,9.0,7.33,3.97,0.2482,0.6298,0.0,0.0,0,rolling
2024-12-03,1314,36857,NARIX ADULTO 30ML,0,1.6209977661950854,9.0,7.33,3.97,0.0294,0.6298,0.0,0.0,0,rolling
2024-12-04,1314,36857,NARIX ADULTO 30ML,0,1.6209977661950854,9.0,7.33,3.97,0.0732,0.6298,0.0,0.0,0,rolling
2024-12-05,1314,36857,NARIX ADULTO 30ML,0,1.6209977661950854,9.0,7.33,3.97,0.0732,0.6298,0.0,0.0,0,rolling
2024-12-06,1314,36857,NARIX ADULTO 30ML,0,1.6209977661950854,9.0,7.33,3.97,0.0161,0.6298,0.0,0.0,0,rolling
2024-12-07,1314,36857,NARIX ADULTO 30ML,0,1.6209977661950854,9.0,7.33,3.97,0.0161,0.6298,0.0,0.0,0,rolling
2024-12-08,1314,36857,NARIX ADULTO 30ML,0,1.6209977661950854,9.0,7.33,3.97,0.1473,0.6298,1.0,1.0,0,rolling
2024-12-09,1314,36857,NARIX ADULTO 30ML,0,1.6209977661950854,9.0,7.33,3.97,0.2509,0.6298,0.0,0.0,0,rolling
2024-12-10,1314,36857,NARIX ADULTO 30ML,0,1.6209977661950854,9.0,7.33,3.97,0.0455,0.3625,0.0,0.0,0,rolling
2024-12-11,1314,36857,NARIX ADULTO 30ML,0,1.6209977661950854,9.0,7.33,3.97,0.0892,0.3625,0.0,0.0,0,rolling
2024-12-12,1314,36857,NARIX ADULTO 30ML,0,1.6209977661950854,9.0,7.33,3.97,0.0892,0.3625,0.0,0.0,0,rolling
2024-12-13,1314,36857,NARIX ADULTO 30ML,0,1.6209977661950854,9.0,7.33,3.97,0.0455,0.3421,0.0,0.0,0,rolling
2024-12-14,1314,36857,NARIX ADULTO 30ML,0,1.6209977661950854,9.0,7.33,3.97,0.0455,0.3421,1.0,1.0,0,rolling
2024-12-15,1314,36857,NARIX ADULTO 30ML,0,1.6209977661950854,9.0,7.33,3.97,0.1928,0.3625,1.0,1.0,0,rolling
2024-12-16,1314,36857,NARIX ADULTO 30ML,0,1.6209977661950854,9.0,7.33,3.97,0.1214,0.3809,1.0,1.0,0,rolling
2024-12-17,1314,36857,NARIX ADULTO 30ML,0,1.6209977661950854,9.0,7.33,3.97,0.0937,0.3977,1.0,1.0,0,rolling
2024-12-18,1314,36857,NARIX ADULTO 30ML,0,1.6209977661950854,9.0,7.33,3.97,0.1535,0.413,0.0,0.0,0,rolling
2024-12-19,1314,36857,NARIX ADULTO 30ML,0,1.6209977661950854,9.0,7.33,3.97,0.1098,0.413,0.0,0.0,0,rolling
2024-12-20,1314,36857,NARIX ADULTO 30ML,0,1.6209977661950854,9.0,7.33,3.97,0.1098,0.413,0.0,0.0,0,rolling
2024-12-21,1314,36857,NARIX ADULTO 30ML,0,1.6209977661950854,9.0,7.33,3.97,0.1668,0.413,0.0,0.0,0,rolling
2024-12-22,1314,36857,NARIX ADULTO 30ML,0,1.6209977661950854,9.0,7.33,3.97,0.2981,0.413,0.0,0.0,0,rolling
2024-12-23,1314,36857,NARIX ADULTO 30ML,0,1.6209977661950854,9.0,7.33,3.97,0.2106,0.413,1.0,1.0,0,rolling
2024-12-24,1314,36857,NARIX ADULTO 30ML,0,1.6209977661950854,9.0,7.33,3.97,0.1829,0.413,0.0,0.0,0,rolling
2024-12-25,1314,36857,NARIX ADULTO 30ML,0,1.6209977661950854,9.0,7.33,3.97,0.2229,0.413,0.0,0.0,0,rolling
2024-12-26,1314,36857,NARIX ADULTO 30ML,0,1.6209977661950854,9.0,7.33,3.97,0.1631,0.413,0.0,0.0,0,rolling
2024-12-27,1314,36857,NARIX ADULTO 30ML,0,1.6209977661950854,9.0,7.33,3.97,0.1631,0.413,0.0,0.0,0,rolling
2024-12-28,1314,36857,NARIX ADULTO 30ML,0,1.6209977661950854,9.0,7.33,3.97,0.2068,0.413,0.0,0.0,0,rolling
2024-12-29,1314,36857,NARIX ADULTO 30ML,0,1.6209977661950854,9.0,7.33,3.97,0.3381,0.413,1.0,1.0,0,rolling
2024-12-30,1314,36857,NARIX ADULTO 30ML,0,1.6209977661950854,9.0,7.33,3.97,0.2667,0.3499,0.0,0.0,0,rolling
2024-12-31,1314,36857,NARIX ADULTO 30ML,0,1.6209977661950854,9.0,7.33,3.97,0.2229,0.3499,0.0,0.0,0,rolling
2024-10-01,1314,42076,HEDRA EXPEC XAROPE 100ML,0,2.5,9.0,21.17,15.89,0.0,0.0,0.0,0.0,0,rolling
2024-10-02,1314,42076,HEDRA EXPEC XAROPE 100ML,0,2.5,9.0,21.17,15.89,0.0,0.0,0.0,0.0,0,rolling
2024-10-03,1314,42076,HEDRA EXPEC XAROPE 100ML,0,2.5,9.0,21.17,15.89,0.0,0.0,0.0,0.0,0,rolling
2024-10-04,1314,42076,HEDRA EXPEC XAROPE 100ML,0,2.5,9.0,21.17,15.89,0.0,0.0,0.0,0.0,0,rolling
2024-10-05,1314,42076,HEDRA EXPEC XAROPE 100ML,0,2.5,9.0,21.17,15.89,0.0,0.0,0.0,0.0,0,rolling
2024-10-06,1314,42076,HEDRA EXPEC XAROPE 100ML,0,2.5,9.0,21.17,15.89,0.0,0.0,0.0,0.0,0,rolling
2024-10-07,1314,42076,HEDRA EXPEC XAROPE 100ML,0,2.5,9.0,21.17,15.89,0.0,0.0,0.0,0.0,0,rolling
2024-10-08,1314,42076,HEDRA EXPEC XAROPE 100ML,0,2.5,9.0,21.17,15.89,0.0,0.0,0.0,0.0,0,rolling
2024-10-09,1314,42076,HEDRA EXPEC XAROPE 100ML,0,2.5,9.0,21.17,15.89,0.0,0.0,0.0,0.0,0,rolling
2024-10-10,1314,42076,HEDRA EXPEC XAROPE 100ML,0,2.5,9.0,21.17,15.89,0.0,0.0,0.0,0.0,0,rolling
2024-10-11,1314,42076,HEDRA EXPEC XAROPE 100ML,0,2.5,9.0,21.17,15.89,0.0,0.0,0.0,0.0,0,rolling
2024-10-12,1314,42076,HEDRA EXPEC XAROPE 100ML,0,2.5,9.0,21.17,15.89,0.0,0.0,0.0,0.0,0,rolling
2024-10-13,1314,42076,HEDRA EXPEC XAROPE 100ML,0,2.5,9.0,21.17,15.89,0.0,0.0,0.0,0.0,0,rolling
2024-10-14,1314,42076,HEDRA EXPEC XAROPE 100ML,0,2.5,9.0,21.17,15.89,0.0,0.0,0.0,0.0,0,rolling
2024-10-15,1314,42076,HEDRA EXPEC XAROPE 100ML,0,2.5,9.0,21.17,15.89,0.0,0.0,0.0,0.0,0,rolling
2024-10-16,1314,42076,HEDRA EXPEC XAROPE 100ML,0,2.5,9.0,21.17,15.89,0.0,0.0,0.0,0.0,0,rolling
2024-10-17,1314,42076,HEDRA EXPEC XAROPE 100ML,0,2.5,9.0,21.17,15.89,0.0,0.0,0.0,0.0,0,rolling
2024-10-18,1314,42076,HEDRA EXPEC XAROPE 100ML,0,2.5,9.0,21.17,15.89,0.0,0.0,0.0,0.0,0,rolling
2024-10-19,1314,42076,HEDRA EXPEC XAROPE 100ML,0,2.5,9.0,21.17,15.89,0.0,0.0,0.0,0.0,0,rolling
2024-10-20,1314,42076,HEDRA EXPEC XAROPE 100ML,0,2.5,9.0,21.17,15.89,0.0,0.0,0.0,0.0,0,rolling
2024-10-21,1314,42076,HEDRA EXPEC XAROPE 100ML,0,2.5,9.0,21.17,15.89,0.0,0.0,0.0,0.0,0,rolling
2024-10-22,1314,42076,HEDRA EXPEC XAROPE 100ML,0,2.5,9.0,21.17,15.89,0.0,0.0,0.0,0.0,0,rolling
2024-10-23,1314,42076,HEDRA EXPEC XAROPE 100ML,0,2.5,9.0,21.17,15.89,0.0,0.0,0.0,0.0,0,rolling
2024-10-24,1314,42076,HEDRA EXPEC XAROPE 100ML,0,2.5,9.0,21.17,15.89,0.0,0.0,0.0,0.0,0,rolling
2024-10-25,1314,42076,HEDRA EXPEC XAROPE 100ML,0,2.5,9.0,21.17,15.89,0.0,0.0,0.0,0.0,0,rolling
2024-10-26,1314,42076,HEDRA EXPEC XAROPE 100ML,0,2.5,9.0,21.17,15.89,0.0,0.0,0.0,0.0,0,rolling
2024-10-27,1314,42076,HEDRA EXPEC XAROPE 100ML,0,2.5,9.0,21.17,15.89,0.0,0.0,0.0,0.0,0,rolling
2024-10-28,1314,42076,HEDRA EXPEC XAROPE 100ML,0,2.5,9.0,21.17,15.89,0.0,0.0,0.0,0.0,0,rolling
2024-10-29,1314,42076,HEDRA EXPEC XAROPE 100ML,0,2.5,9.0,21.17,15.89,0.0,0.0,0.0,0.0,0,rolling
2024-10-30,1314,42076,HEDRA EXPEC XAROPE 100ML,0,2.5,9.0,21.17,15.89,0.0,0.0,0.0,0.0,0,rolling
2024-10-31,1314,42076,HEDRA EXPEC XAROPE 100ML,0,2.5,9.0,21.17,15.89,0.0,0.0,0.0,0.0,0,rolling
2024-11-01,1314,42076,HEDRA EXPEC XAROPE 100ML,0,2.5,9.0,21.17,15.89,0.0,0.0,0.0,0.0,0,rolling
2024-11-02,1314,42076,HEDRA EXPEC XAROPE 100ML,0,2.5,9.0,21.17,15.89,0.0,0.0,0.0,0.0,0,rolling
2024-11-03,1314,42076,HEDRA EXPEC XAROPE 100ML,0,2.5,9.0,21.17,15.89,0.0,0.0,0.0,0.0,0,rolling
2024-11-04,1314,42076,HEDRA EXPEC XAROPE 100ML,0,2.5,9.0,21.17,15.89,0.0,0.0,0.0,0.0,0,rolling
2024-11-05,1314,42076,HEDRA EXPEC XAROPE 100ML,0,2.5,9.0,21.17,15.89,0.0,0.0,0.0,0.0,0,rolling
2024-11-06,1314,42076,HEDRA EXPEC XAROPE 100ML,0,2.5,9.0,21.17,15.89,0.0,0.0,0.0,0.0,0,rolling
2024-11-07,1314,42076,HEDRA EXPEC XAROPE 100ML,0,2.5,9.0,21.17,15.89,0.0,0.0,0.0,0.0,0,rolling
2024-11-08,1314,42076,HEDRA EXPEC XAROPE 100ML,0,2.5,9.0,21.17,15.89,0.0,0.0,0.0,0.0,0,rolling
2024-11-09,1314,42076,HEDRA EXPEC XAROPE 100ML,0,2.5,9.0,21.17,15.89,0.0,0.0,0.0,0.0,0,rolling
2024-11-10,1314,42076,HEDRA EXPEC XAROPE 100ML,0,2.5,9.0,21.17,15.89,0.0,0.0,0.0,0.0,0,rolling
2024-11-11,1314,42076,HEDRA EXPEC XAROPE 100ML,0,2.5,9.0,21.17,15.89,0.0,0.0,0.0,0.0,0,rolling
2024-11-12,1314,42076,HEDRA EXPEC XAROPE 100ML,0,2.5,9.0,21.17,15.89,0.0,0.0,0.0,0.0,0,rolling
2024-11-13,1314,42076,HEDRA EXPEC XAROPE 100ML,0,2.5,9.0,21.17,15.89,0.0,0.0,0.0,0.0,0,rolling
2024-11-14,1314,42076,HEDRA EXPEC XAROPE 100ML,0,2.5,9.0,21.17,15.89,0.0,0.0,0.0,0.0,0,rolling
2024-11-15,1314,42076,HEDRA EXPEC XAROPE 100ML,0,2.5,9.0,21.17,15.89,0.0,0.0,0.0,0.0,0,rolling
2024-11-16,1314,42076,HEDRA EXPEC XAROPE 100ML,0,2.5,9.0,21.17,15.89,0.0,0.0,0.0,0.0,0,rolling
2024-11-17,1314,42076,HEDRA EXPEC XAROPE 100ML,0,2.5,9.0,21.17,15.89,0.0,0.0,0.0,0.0,0,rolling
2024-11-18,1314,42076,HEDRA EXPEC XAROPE 100ML,0,2.5,9.0,21.17,15.89,0.0,0.0,0.0,0.0,0,rolling
2024-11-19,1314,42076,HEDRA EXPEC XAROPE 100ML,0,2.5,9.0,21.17,15.89,0.0,0.0,0.0,0.0,0,rolling
2024-11-20,1314,42076,HEDRA EXPEC XAROPE 100ML,0,2.5,9.0,21.17,15.89,0.0,0.0,0.0,0.0,0,rolling
2024-11-21,1314,42076,HEDRA EXPEC XAROPE 100ML,0,2.5,9.0,21.17,15.89,0.0,0.0,0.0,0.0,0,rolling
2024-11-22,1314,42076,HEDRA EXPEC XAROPE 100ML,0,2.5,9.0,21.17,15.89,0.0,0.0,0.0,0.0,0,rolling
2024-11-23,1314,42076,HEDRA EXPEC XAROPE 100ML,0,2.5,9.0,21.17,15.89,0.0,0.0,0.0,0.0,0,rolling
2024-11-24,1314,42076,HEDRA EXPEC XAROPE 100ML,0,2.5,9.0,21.17,15.89,0.0,0.0,0.0,0.0,0,rolling
2024-11-25,1314,42076,HEDRA EXPEC XAROPE 100ML,0,2.5,9.0,21.17,15.89,0.0,0.0,0.0,0.0,0,rolling
2024-11-26,1314,42076,HEDRA EXPEC XAROPE 100ML,0,2.5,9.0,21.17,15.89,0.0,0.0,0.0,0.0,0,rolling
2024-11-27,1314,42076,HEDRA EXPEC XAROPE 100ML,0,2.5,9.0,21.17,15.89,0.0,0.0,0.0,0.0,0,rolling
2024-11-28,1314,42076,HEDRA EXPEC XAROPE 100ML,0,2.5,9.0,21.17,15.89,0.0,0.0,0.0,0.0,0,rolling
2024-11-29,1314,42076,HEDRA EXPEC XAROPE 100ML,0,2.5,9.0,21.17,15.89,0.0,0.0,0.0,0.0,0,rolling
2024-11-30,1314,42076,HEDRA EXPEC XAROPE 100ML,0,2.5,9.0,21.17,15.89,0.0,0.0,0.0,0.0,0,rolling
2024-12-01,1314,42076,HEDRA EXPEC XAROPE 100ML,0,2.5,9.0,21.17,15.89,0.0,0.0,0.0,0.0,0,rolling
2024-12-02,1314,42076,HEDRA EXPEC XAROPE 100ML,0,2.5,9.0,21.17,15.89,0.0,0.0,0.0,0.0,0,rolling
2024-12-03,1314,42076,HEDRA EXPEC XAROPE 100ML,0,2.5,9.0,21.17,15.89,0.0,0.0,0.0,0.0,0,rolling
2024-12-04,1314,42076,HEDRA EXPEC XAROPE 100ML,0,2.5,9.0,21.17,15.89,0.0,0.0,0.0,0.0,0,rolling
2024-12-05,1314,42076,HEDRA EXPEC XAROPE 100ML,0,2.5,9.0,21.17,15.89,0.0,0.0,0.0,0.0,0,rolling
2024-12-06,1314,42076,HEDRA EXPEC XAROPE 100ML,0,2.5,9.0,21.17,15.89,0.0,0.0,0.0,0.0,0,rolling
2024-12-07,1314,42076,HEDRA EXPEC XAROPE 100ML,0,2.5,9.0,21.17,15.89,0.0,0.0,0.0,0.0,0,rolling
2024-12-08,1314,42076,HEDRA EXPEC XAROPE 100ML,0,2.5,9.0,21.17,15.89,0.0,0.0,0.0,0.0,0,rolling
2024-12-09,1314,42076,HEDRA EXPEC XAROPE 100ML,0,2.5,9.0,21.17,15.89,0.0,0.0,0.0,0.0,0,rolling
2024-12-10,1314,42076,HEDRA EXPEC XAROPE 100ML,0,2.5,9.0,21.17,15.89,0.0,0.0,0.0,0.0,0,rolling
2024-12-11,1314,42076,HEDRA EXPEC XAROPE 100ML,0,2.5,9.0,21.17,15.89,0.0,0.0,0.0,0.0,0,rolling
2024-12-12,1314,42076,HEDRA EXPEC XAROPE 100ML,0,2.5,9.0,21.17,15.89,0.0,0.0,0.0,0.0,0,rolling
2024-12-13,1314,42076,HEDRA EXPEC XAROPE 100ML,0,2.5,9.0,21.17,15.89,0.0,0.0,0.0,0.0,0,rolling
2024-12-14,1314,42076,HEDRA EXPEC XAROPE 100ML,0,2.5,9.0,21.17,15.89,0.0,0.0,0.0,0.0,0,rolling
2024-12-15,1314,42076,HEDRA EXPEC XAROPE 100ML,0,2.5,9.0,21.17,15.89,0.0,0.0,0.0,0.0,0,rolling
2024-12-16,1314,42076,HEDRA EXPEC XAROPE 100ML,0,2.5,9.0,21.17,15.89,0.0,0.0,0.0,0.0,0,rolling
2024-12-17,1314,42076,HEDRA EXPEC XAROPE 100ML,0,2.5,9.0,21.17,15.89,0.0,0.0,0.0,0.0,0,rolling
2024-12-18,1314,42076,HEDRA EXPEC XAROPE 100ML,0,2.5,9.0,21.17,15.89,0.0,0.0,0.0,0.0,0,rolling
2024-12-19,1314,42076,HEDRA EXPEC XAROPE 100ML,0,2.5,9.0,21.17,15.89,0.0,0.0,0.0,0.0,0,rolling
2024-12-20,1314,42076,HEDRA EXPEC XAROPE 100ML,0,2.5,9.0,21.17,15.89,0.0,0.0,0.0,0.0,0,rolling
2024-12-21,1314,42076,HEDRA EXPEC XAROPE 100ML,0,2.5,9.0,21.17,15.89,0.0,0.0,0.0,0.0,0,rolling
2024-12-22,1314,42076,HEDRA EXPEC XAROPE 100ML,0,2.5,9.0,21.17,15.89,0.0,0.0,0.0,0.0,0,rolling
2024-12-23,1314,42076,HEDRA EXPEC XAROPE 100ML,0,2.5,9.0,21.17,15.89,0.0,0.0,0.0,0.0,0,rolling
2024-12-24,1314,42076,HEDRA EXPEC XAROPE 100ML,0,2.5,9.0,21.17,15.89,0.0,0.0,0.0,0.0,0,rolling
2024-12-25,1314,42076,HEDRA EXPEC XAROPE 100ML,0,2.5,9.0,21.17,15.89,0.0,0.0,0.0,0.0,0,rolling
2024-12-26,1314,42076,HEDRA EXPEC XAROPE 100ML,0,2.5,9.0,21.17,15.89,0.0,0.0,0.0,0.0,0,rolling
2024-12-27,1314,42076,HEDRA EXPEC XAROPE 100ML,0,2.5,9.0,21.17,15.89,0.0,0.0,0.0,0.0,0,rolling
2024-12-28,1314,42076,HEDRA EXPEC XAROPE 100ML,0,2.5,9.0,21.17,15.89,0.0,0.0,0.0,0.0,0,rolling
2024-12-29,1314,42076,HEDRA EXPEC XAROPE 100ML,0,2.5,9.0,21.17,15.89,0.0,0.0,0.0,0.0,0,rolling
2024-12-30,1314,42076,HEDRA EXPEC XAROPE 100ML,0,2.5,9.0,21.17,15.89,0.0,0.0,0.0,0.0,0,rolling
2024-12-31,1314,42076,HEDRA EXPEC XAROPE 100ML,0,2.5,9.0,21.17,15.89,0.0,0.0,0.0,0.0,0,rolling
2024-10-01,1314,44217,BROMELIN S 100ML,0,2.5,9.0,55.77,43.09,0.0321,0.2852,0.0,0.0,0,rolling
2024-10-02,1314,44217,BROMELIN S 100ML,0,2.5,9.0,55.77,43.09,0.1196,0.2852,0.0,0.0,0,rolling
2024-10-03,1314,44217,BROMELIN S 100ML,0,2.5,9.0,55.77,43.09,0.1196,0.2852,0.0,0.0,0,rolling
2024-10-04,1314,44217,BROMELIN S 100ML,0,2.5,9.0,55.77,43.09,0.0321,0.2852,0.0,0.0,0,rolling
2024-10-05,1314,44217,BROMELIN S 100ML,0,2.5,9.0,55.77,43.09,0.0759,0.2852,0.0,0.0,0,rolling
2024-10-06,1314,44217,BROMELIN S 100ML,0,2.5,9.0,55.77,43.09,0.0321,0.2852,0.0,0.0,0,rolling
2024-10-07,1314,44217,BROMELIN S 100ML,0,2.5,9.0,55.77,43.09,0.0321,0.2852,0.0,0.0,0,rolling
2024-10-08,1314,44217,BROMELIN S 100ML,0,2.5,9.0,55.77,43.09,0.0321,0.2852,0.0,0.0,0,rolling
2024-10-09,1314,44217,BROMELIN S 100ML,0,2.5,9.0,55.77,43.09,0.1196,0.2852,0.0,0.0,0,rolling
2024-10-10,1314,44217,BROMELIN S 100ML,0,2.5,9.0,55.77,43.09,0.1196,0.2852,0.0,0.0,0,rolling
2024-10-11,1314,44217,BROMELIN S 100ML,0,2.5,9.0,55.77,43.09,0.0321,0.2852,0.0,0.0,0,rolling
2024-10-12,1314,44217,BROMELIN S 100ML,0,2.5,9.0,55.77,43.09,0.0759,0.2852,0.0,0.0,0,rolling
2024-10-13,1314,44217,BROMELIN S 100ML,0,2.5,9.0,55.77,43.09,0.0321,0.2852,0.0,0.0,0,rolling
2024-10-14,1314,44217,BROMELIN S 100ML,0,2.5,9.0,55.77,43.09,0.0721,0.2852,0.0,0.0,0,rolling
2024-10-15,1314,44217,BROMELIN S 100ML,0,2.5,9.0,55.77,43.09,0.0721,0.2852,0.0,0.0,0,rolling
2024-10-16,1314,44217,BROMELIN S 100ML,0,2.5,9.0,55.77,43.09,0.1596,0.2852,0.0,0.0,0,rolling
2024-10-17,1314,44217,BROMELIN S 100ML,0,2.5,9.0,55.77,43.09,0.1596,0.2575,0.0,0.0,0,rolling
2024-10-18,1314,44217,BROMELIN S 100ML,0,2.5,9.0,55.77,43.09,0.0721,0.2252,0.0,0.0,0,rolling
2024-10-19,1314,44217,BROMELIN S 100ML,0,2.5,9.0,55.77,43.09,0.1159,0.2252,0.0,0.0,0,rolling
2024-10-20,1314,44217,BROMELIN S 100ML,0,2.5,9.0,55.77,43.09,0.0721,0.2252,0.0,0.0,0,rolling
2024-10-21,1314,44217,BROMELIN S 100ML,0,2.5,9.0,55.77,43.09,0.0721,0.2252,0.0,0.0,0,rolling
2024-10-22,1314,44217,BROMELIN S 100ML,0,2.5,9.0,55.77,43.09,0.0721,0.2252,0.0,0.0,0,rolling
2024-10-23,1314,44217,BROMELIN S 100ML,0,2.5,9.0,55.77,43.09,0.1159,0.2252,0.0,0.0,0,rolling
2024-10-24,1314,44217,BROMELIN S 100ML,0,2.5,9.0,55.77,43.09,0.0998,0.2252,0.0,0.0,0,rolling
2024-10-25,1314,44217,BROMELIN S 100ML,0,2.5,9.0,55.77,43.09,0.04,0.2252,0.0,0.0,0,rolling
2024-10-26,1314,44217,BROMELIN S 100ML,0,2.5,9.0,55.77,43.09,0.0838,0.2252,0.0,0.0,0,rolling
2024-10-27,1314,44217,BROMELIN S 100ML,0,2.5,9.0,55.77,43.09,0.04,0.1856,0.0,0.0,0,rolling
2024-10-28,1314,44217,BROMELIN S 100ML,0,2.5,9.0,55.77,43.09,0.04,0.1856,0.0,0.0,0,rolling
2024-10-29,1314,44217,BROMELIN S 100ML,0,2.5,9.0,55.77,43.09,0.0,0.1856,0.0,0.0,0,rolling
2024-10-30,1314,44217,BROMELIN S 100ML,0,2.5,9.0,55.77,43.09,0.0437,0.1856,0.0,0.0,0,rolling
2024-10-31,1314,44217,BROMELIN S 100ML,0,2.5,9.0,55.77,43.09,0.0437,0.1856,1.0,1.0,0,rolling
2024-11-01,1314,44217,BROMELIN S 100ML,0,2.5,9.0,55.77,43.09,0.0294,0.2252,0.0,0.0,0,rolling
2024-11-02,1314,44217,BROMELIN S 100ML,0,2.5,9.0,55.77,43.09,0.0294,0.2252,0.0,0.0,0,rolling
2024-11-03,1314,44217,BROMELIN S 100ML,0,2.5,9.0,55.77,43.09,0.0294,0.2252,0.0,0.0,0,rolling
2024-11-04,1314,44217,BROMELIN S 100ML,0,2.5,9.0,55.77,43.09,0.0294,0.2252,0.0,0.0,0,rolling
2024-11-05,1314,44217,BROMELIN S 100ML,0,2.5,9.0,55.77,43.09,0.0294,0.2252,0.0,0.0,0,rolling
2024-11-06,1314,44217,BROMELIN S 100ML,0,2.5,9.0,55.77,43.09,0.0732,0.2252,0.0,0.0,0,rolling
2024-11-07,1314,44217,BROMELIN S 100ML,0,2.5,9.0,55.77,43.09,0.1169,0.2252,0.0,0.0,0,rolling
2024-11-08,1314,44217,BROMELIN S 100ML,0,2.5,9.0,55.77,43.09,0.0294,0.2252,0.0,0.0,0,rolling
2024-11-09,1314,44217,BROMELIN S 100ML,0,2.5,9.0,55.77,43.09,0.0294,0.2252,0.0,0.0,0,rolling
2024-11-10,1314,44217,BROMELIN S 100ML,0,2.5,9.0,55.77,43.09,0.0294,0.2252,0.0,0.0,0,rolling
2024-11-11,1314,44217,BROMELIN S 100ML,0,2.5,9.0,55.77,43.09,0.0294,0.2252,0.0,0.0,0,rolling
2024-11-12,1314,44217,BROMELIN S 100ML,0,2.5,9.0,55.77,43.09,0.0294,0.2252,0.0,0.0,0,rolling
2024-11-13,1314,44217,BROMELIN S 100ML,0,2.5,9.0,55.77,43.09,0.0732,0.2252,0.0,0.0,0,rolling
2024-11-14,1314,44217,BROMELIN S 100ML,0,2.5,9.0,55.77,43.09,0.1169,0.2252,0.0,0.0,0,rolling
2024-11-15,1314,44217,BROMELIN S 100ML,0,2.5,9.0,55.77,43.09,0.0294,0.2252,0.0,0.0,0,rolling
2024-11-16,1314,44217,BROMELIN S 100ML,0,2.5,9.0,55.77,43.09,0.0161,0.2252,0.0,0.0,0,rolling
2024-11-17,1314,44217,BROMELIN S 100ML,0,2.5,9.0,55.77,43.09,0.0161,0.2252,0.0,0.0,0,rolling
2024-11-18,1314,44217,BROMELIN S 100ML,0,2.5,9.0,55.77,43.09,0.0161,0.2252,0.0,0.0,0,rolling
2024-11-19,1314,44217,BROMELIN S 100ML,0,2.5,9.0,55.77,43.09,0.0161,0.2252,0.0,0.0,0,rolling
2024-11-20,1314,44217,BROMELIN S 100ML,0,2.5,9.0,55.77,43.09,0.0598,0.2252,0.0,0.0,0,rolling
2024-11-21,1314,44217,BROMELIN S 100ML,0,2.5,9.0,55.77,43.09,0.1036,0.1856,0.0,0.0,0,rolling
2024-11-22,1314,44217,BROMELIN S 100ML,0,2.5,9.0,55.77,43.09,0.0161,0.1324,0.0,0.0,0,rolling
2024-11-23,1314,44217,BROMELIN S 100ML,0,2.5,9.0,55.77,43.09,0.0294,0.1324,0.0,0.0,0,rolling
2024-11-24,1314,44217,BROMELIN S 100ML,0,2.5,9.0,55.77,43.09,0.0427,0.1324,0.0,0.0,0,rolling
2024-11-25,1314,44217,BROMELIN S 100ML,0,2.5,9.0,55.77,43.09,0.0427,0.1324,0.0,0.0,0,rolling
2024-11-26,1314,44217,BROMELIN S 100ML,0,2.5,9.0,55.77,43.09,0.0427,0.1324,0.0,0.0,0,rolling
2024-11-27,1314,44217,BROMELIN S 100ML,0,2.5,9.0,55.77,43.09,0.0427,0.1324,0.0,0.0,0,rolling
2024-11-28,1314,44217,BROMELIN S 100ML,0,2.5,9.0,55.77,43.09,0.0865,0.1324,0.0,0.0,0,rolling
2024-11-29,1314,44217,BROMELIN S 100ML,0,2.5,9.0,55.77,43.09,0.0267,0.1324,0.0,0.0,0,rolling
2024-11-30,1314,44217,BROMELIN S 100ML,0,2.5,9.0,55.77,43.09,0.0267,0.1324,0.0,0.0,0,rolling
2024-12-01,1314,44217,BROMELIN S 100ML,0,2.5,9.0,55.77,43.09,0.0267,0.1324,0.0,0.0,0,rolling
2024-12-02,1314,44217,BROMELIN S 100ML,0,2.5,9.0,55.77,43.09,0.0267,0.1324,0.0,0.0,0,rolling
2024-12-03,1314,44217,BROMELIN S 100ML,0,2.5,9.0,55.77,43.09,0.0267,0.1324,0.0,0.0,0,rolling
2024-12-04,1314,44217,BROMELIN S 100ML,0,2.5,9.0,55.77,43.09,0.0267,0.1324,0.0,0.0,0,rolling
2024-12-05,1314,44217,BROMELIN S 100ML,0,2.5,9.0,55.77,43.09,0.0704,0.1324,0.0,0.0,0,rolling
2024-12-06,1314,44217,BROMELIN S 100ML,0,2.5,9.0,55.77,43.09,0.0267,0.1324,0.0,0.0,0,rolling
2024-12-07,1314,44217,BROMELIN S 100ML,0,2.5,9.0,55.77,43.09,0.0267,0.1324,0.0,0.0,0,rolling
2024-12-08,1314,44217,BROMELIN S 100ML,0,2.5,9.0,55.77,43.09,0.0133,0.1324,0.0,0.0,0,rolling
2024-12-09,1314,44217,BROMELIN S 100ML,0,2.5,9.0,55.77,43.09,0.0,0.1324,0.0,0.0,0,rolling
2024-12-10,1314,44217,BROMELIN S 100ML,0,2.5,9.0,55.77,43.09,0.0,0.1324,0.0,0.0,0,rolling
2024-12-11,1314,44217,BROMELIN S 100ML,0,2.5,9.0,55.77,43.09,0.0,0.1324,0.0,0.0,0,rolling
2024-12-12,1314,44217,BROMELIN S 100ML,0,2.5,9.0,55.77,43.09,0.0437,0.1324,0.0,0.0,0,rolling
2024-12-13,1314,44217,BROMELIN S 100ML,0,2.5,9.0,55.77,43.09,0.0,0.1324,0.0,0.0,0,rolling
2024-12-14,1314,44217,BROMELIN S 100ML,0,2.5,9.0,55.77,43.09,0.0,0.1324,0.0,0.0,0,rolling
2024-12-15,1314,44217,BROMELIN S 100ML,0,2.5,9.0,55.77,43.09,0.0,0.1324,0.0,0.0,0,rolling
2024-12-16,1314,44217,BROMELIN S 100ML,0,2.5,9.0,55.77,43.09,0.0,0.1324,0.0,0.0,0,rolling
2024-12-17,1314,44217,BROMELIN S 100ML,0,2.5,9.0,55.77,43.09,0.0,0.1324,0.0,0.0,0,rolling
2024-12-18,1314,44217,BROMELIN S 100ML,0,2.5,9.0,55.77,43.09,0.0,0.1324,0.0,0.0,0,rolling
2024-12-19,1314,44217,BROMELIN S 100ML,0,2.5,9.0,55.77,43.09,0.0437,0.1324,0.0,0.0,0,rolling
2024-12-20,1314,44217,BROMELIN S 100ML,0,2.5,9.0,55.77,43.09,0.0,0.1324,0.0,0.0,0,rolling
2024-12-21,1314,44217,BROMELIN S 100ML,0,2.5,9.0,55.77,43.09,0.0,0.1324,0.0,0.0,0,rolling
2024-12-22,1314,44217,BROMELIN S 100ML,0,2.5,9.0,55.77,43.09,0.0,0.1324,0.0,0.0,0,rolling
2024-12-23,1314,44217,BROMELIN S 100ML,0,2.5,9.0,55.77,43.09,0.0,0.1324,0.0,0.0,0,rolling
2024-12-24,1314,44217,BROMELIN S 100ML,0,2.5,9.0,55.77,43.09,0.0,0.1324,0.0,0.0,0,rolling
2024-12-25,1314,44217,BROMELIN S 100ML,0,2.5,9.0,55.77,43.09,0.0,0.1324,0.0,0.0,0,rolling
2024-12-26,1314,44217,BROMELIN S 100ML,0,2.5,9.0,55.77,43.09,0.0437,0.1324,0.0,0.0,0,rolling
2024-12-27,1314,44217,BROMELIN S 100ML,0,2.5,9.0,55.77,43.09,0.0,0.0,0.0,0.0,0,rolling
2024-12-28,1314,44217,BROMELIN S 100ML,0,2.5,9.0,55.77,43.09,0.0,0.0,0.0,0.0,0,rolling
2024-12-29,1314,44217,BROMELIN S 100ML,0,2.5,9.0,55.77,43.09,0.0,0.0,0.0,0.0,0,rolling
2024-12-30,1314,44217,BROMELIN S 100ML,0,2.5,9.0,55.77,43.09,0.0,0.0,0.0,0.0,0,rolling
2024-12-31,1314,44217,BROMELIN S 100ML,0,2.5,9.0,55.77,43.09,0.0,0.0,0.0,0.0,0,rolling
2024-10-01,1314,48812,ARLIVRY XAROPE CEREJA 100ML,0,2.5,9.0,21.9,8.98,0.0643,0.3093,0.0,0.0,0,rolling
2024-10-02,1314,48812,ARLIVRY XAROPE CEREJA 100ML,0,2.5,9.0,21.9,8.98,0.108,0.3093,0.0,0.0,0,rolling
2024-10-03,1314,48812,ARLIVRY XAROPE CEREJA 100ML,0,2.5,9.0,21.9,8.98,0.092,0.3093,0.0,0.0,0,rolling
2024-10-04,1314,48812,ARLIVRY XAROPE CEREJA 100ML,0,2.5,9.0,21.9,8.98,0.0482,0.3093,0.0,0.0,0,rolling
2024-10-05,1314,48812,ARLIVRY XAROPE CEREJA 100ML,0,2.5,9.0,21.9,8.98,0.092,0.3093,0.0,0.0,0,rolling
2024-10-06,1314,48812,ARLIVRY XAROPE CEREJA 100ML,0,2.5,9.0,21.9,8.98,0.092,0.3093,0.0,0.0,0,rolling
2024-10-07,1314,48812,ARLIVRY XAROPE CEREJA 100ML,0,2.5,9.0,21.9,8.98,0.1357,0.3093,0.0,0.0,0,rolling
2024-10-08,1314,48812,ARLIVRY XAROPE CEREJA 100ML,0,2.5,9.0,21.9,8.98,0.0482,0.2852,0.0,0.0,0,rolling
2024-10-09,1314,48812,ARLIVRY XAROPE CEREJA 100ML,0,2.5,9.0,21.9,8.98,0.092,0.2852,0.0,0.0,0,rolling
2024-10-10,1314,48812,ARLIVRY XAROPE CEREJA 100ML,0,2.5,9.0,21.9,8.98,0.132,0.2852,0.0,0.0,0,rolling
2024-10-11,1314,48812,ARLIVRY XAROPE CEREJA 100ML,0,2.5,9.0,21.9,8.98,0.1121,0.2852,0.0,0.0,0,rolling
2024-10-12,1314,48812,ARLIVRY XAROPE CEREJA 100ML,0,2.5,9.0,21.9,8.98,0.1559,0.2852,0.0,0.0,0,rolling
2024-10-13,1314,48812,ARLIVRY XAROPE CEREJA 100ML,0,2.5,9.0,21.9,8.98,0.1559,0.2852,0.0,0.0,0,rolling
2024-10-14,1314,48812,ARLIVRY XAROPE CEREJA 100ML,0,2.5,9.0,21.9,8.98,0.1398,0.2852,0.0,0.0,0,rolling
2024-10-15,1314,48812,ARLIVRY XAROPE CEREJA 100ML,0,2.5,9.0,21.9,8.98,0.0961,0.2575,0.0,0.0,0,rolling
2024-10-16,1314,48812,ARLIVRY XAROPE CEREJA 100ML,0,2.5,9.0,21.9,8.98,0.1398,0.2575,0.0,0.0,0,rolling
2024-10-17,1314,48812,ARLIVRY XAROPE CEREJA 100ML,0,2.5,9.0,21.9,8.98,0.1398,0.2575,0.0,0.0,0,rolling
2024-10-18,1314,48812,ARLIVRY XAROPE CEREJA 100ML,0,2.5,9.0,21.9,8.98,0.0961,0.2575,0.0,0.0,0,rolling
2024-10-19,1314,48812,ARLIVRY XAROPE CEREJA 100ML,0,2.5,9.0,21.9,8.98,0.1398,0.2575,0.0,0.0,0,rolling
2024-10-20,1314,48812,ARLIVRY XAROPE CEREJA 100ML,0,2.5,9.0,21.9,8.98,0.1398,0.2575,0.0,0.0,0,rolling
2024-10-21,1314,48812,ARLIVRY XAROPE CEREJA 100ML,0,2.5,9.0,21.9,8.98,0.0961,0.2575,0.0,0.0,0,rolling
2024-10-22,1314,48812,ARLIVRY XAROPE CEREJA 100ML,0,2.5,9.0,21.9,8.98,0.0961,0.2575,0.0,0.0,0,rolling
2024-10-23,1314,48812,ARLIVRY XAROPE CEREJA 100ML,0,2.5,9.0,21.9,8.98,0.1398,0.2575,0.0,0.0,0,rolling
2024-10-24,1314,48812,ARLIVRY XAROPE CEREJA 100ML,0,2.5,9.0,21.9,8.98,0.1398,0.2575,0.0,0.0,0,rolling
2024-10-25,1314,48812,ARLIVRY XAROPE CEREJA 100ML,0,2.5,9.0,21.9,8.98,0.0561,0.2575,0.0,0.0,0,rolling
2024-10-26,1314,48812,ARLIVRY XAROPE CEREJA 100ML,0,2.5,9.0,21.9,8.98,0.0598,0.2575,0.0,0.0,0,rolling
2024-10-27,1314,48812,ARLIVRY XAROPE CEREJA 100ML,0,2.5,9.0,21.9,8.98,0.0437,0.2575,0.0,0.0,0,rolling
2024-10-28,1314,48812,ARLIVRY XAROPE CEREJA 100ML,0,2.5,9.0,21.9,8.98,0.0,0.2575,0.0,0.0,0,rolling
2024-10-29,1314,48812,ARLIVRY XAROPE CEREJA 100ML,0,2.5,9.0,21.9,8.98,0.0,0.2575,0.0,0.0,0,rolling
2024-10-30,1314,48812,ARLIVRY XAROPE CEREJA 100ML,0,2.5,9.0,21.9,8.98,0.0437,0.2575,0.0,0.0,0,rolling
2024-10-31,1314,48812,ARLIVRY XAROPE CEREJA 100ML,0,2.5,9.0,21.9,8.98,0.0437,0.2252,0.0,0.0,0,rolling
2024-11-01,1314,48812,ARLIVRY XAROPE CEREJA 100ML,0,2.5,9.0,21.9,8.98,0.0,0.2252,0.0,0.0,0,rolling
2024-11-02,1314,48812,ARLIVRY XAROPE CEREJA 100ML,0,2.5,9.0,21.9,8.98,0.0437,0.2252,0.0,0.0,0,rolling
2024-11-03,1314,48812,ARLIVRY XAROPE CEREJA 100ML,0,2.5,9.0,21.9,8.98,0.0437,0.2252,0.0,0.0,0,rolling
2024-11-04,1314,48812,ARLIVRY XAROPE CEREJA 100ML,0,2.5,9.0,21.9,8.98,0.0,0.2252,0.0,0.0,0,rolling
2024-11-05,1314,48812,ARLIVRY XAROPE CEREJA 100ML,0,2.5,9.0,21.9,8.98,0.0,0.2252,1.0,1.0,0,rolling
2024-11-06,1314,48812,ARLIVRY XAROPE CEREJA 100ML,0,2.5,9.0,21.9,8.98,0.0161,0.2575,0.0,0.0,0,rolling
2024-11-07,1314,48812,ARLIVRY XAROPE CEREJA 100ML,0,2.5,9.0,21.9,8.98,0.0598,0.2575,0.0,0.0,0,rolling
2024-11-08,1314,48812,ARLIVRY XAROPE CEREJA 100ML,0,2.5,9.0,21.9,8.98,0.0161,0.2252,0.0,0.0,0,rolling
2024-11-09,1314,48812,ARLIVRY XAROPE CEREJA 100ML,0,2.5,9.0,21.9,8.98,0.0598,0.2252,0.0,0.0,0,rolling
2024-11-10,1314,48812,ARLIVRY XAROPE CEREJA 100ML,0,2.5,9.0,21.9,8.98,0.0598,0.2252,0.0,0.0,0,rolling
2024-11-11,1314,48812,ARLIVRY XAROPE CEREJA 100ML,0,2.5,9.0,21.9,8.98,0.0161,0.1856,0.0,0.0,0,rolling
2024-11-12,1314,48812,ARLIVRY XAROPE CEREJA 100ML,0,2.5,9.0,21.9,8.98,0.0598,0.1856,0.0,0.0,0,rolling
2024-11-13,1314,48812,ARLIVRY XAROPE CEREJA 100ML,0,2.5,9.0,21.9,8.98,0.0161,0.1856,0.0,0.0,0,rolling
2024-11-14,1314,48812,ARLIVRY XAROPE CEREJA 100ML,0,2.5,9.0,21.9,8.98,0.0161,0.1856,0.0,0.0,0,rolling
2024-11-15,1314,48812,ARLIVRY XAROPE CEREJA 100ML,0,2.5,9.0,21.9,8.98,0.0161,0.1856,0.0,0.0,0,rolling
2024-11-16,1314,48812,ARLIVRY XAROPE CEREJA 100ML,0,2.5,9.0,21.9,8.98,0.0598,0.1856,0.0,0.0,0,rolling
2024-11-17,1314,48812,ARLIVRY XAROPE CEREJA 100ML,0,2.5,9.0,21.9,8.98,0.0161,0.1856,0.0,0.0,0,rolling
2024-11-18,1314,48812,ARLIVRY XAROPE CEREJA 100ML,0,2.5,9.0,21.9,8.98,0.0161,0.1856,0.0,0.0,0,rolling
2024-11-19,1314,48812,ARLIVRY XAROPE CEREJA 100ML,0,2.5,9.0,21.9,8.98,0.0598,0.1856,0.0,0.0,0,rolling
2024-11-20,1314,48812,ARLIVRY XAROPE CEREJA 100ML,0,2.5,9.0,21.9,8.98,0.0161,0.1856,0.0,0.0,0,rolling
2024-11-21,1314,48812,ARLIVRY XAROPE CEREJA 100ML,0,2.5,9.0,21.9,8.98,0.0161,0.1856,0.0,0.0,0,rolling
2024-11-22,1314,48812,ARLIVRY XAROPE CEREJA 100ML,0,2.5,9.0,21.9,8.98,0.0161,0.1856,1.0,1.0,0,rolling
2024-11-23,1314,48812,ARLIVRY XAROPE CEREJA 100ML,0,2.5,9.0,21.9,8.98,0.0759,0.2252,0.0,0.0,0,rolling
2024-11-24,1314,48812,ARLIVRY XAROPE CEREJA 100ML,0,2.5,9.0,21.9,8.98,0.0321,0.1856,0.0,0.0,0,rolling
2024-11-25,1314,48812,ARLIVRY XAROPE CEREJA 100ML,0,2.5,9.0,21.9,8.98,0.0321,0.1856,0.0,0.0,0,rolling
2024-11-26,1314,48812,ARLIVRY XAROPE CEREJA 100ML,0,2.5,9.0,21.9,8.98,0.0759,0.1856,0.0,0.0,0,rolling
2024-11-27,1314,48812,ARLIVRY XAROPE CEREJA 100ML,0,2.5,9.0,21.9,8.98,0.0321,0.1856,0.0,0.0,0,rolling
2024-11-28,1314,48812,ARLIVRY XAROPE CEREJA 100ML,0,2.5,9.0,21.9,8.98,0.0321,0.1856,1.0,1.0,0,rolling
2024-11-29,1314,48812,ARLIVRY XAROPE CEREJA 100ML,0,2.5,9.0,21.9,8.98,0.092,0.2252,0.0,0.0,0,rolling
2024-11-30,1314,48812,ARLIVRY XAROPE CEREJA 100ML,0,2.5,9.0,21.9,8.98,0.0482,0.2252,0.0,0.0,0,rolling
2024-12-01,1314,48812,ARLIVRY XAROPE CEREJA 100ML,0,2.5,9.0,21.9,8.98,0.0482,0.2252,0.0,0.0,0,rolling
2024-12-02,1314,48812,ARLIVRY XAROPE CEREJA 100ML,0,2.5,9.0,21.9,8.98,0.0482,0.2252,0.0,0.0,0,rolling
2024-12-03,1314,48812,ARLIVRY XAROPE CEREJA 100ML,0,2.5,9.0,21.9,8.98,0.092,0.2252,0.0,0.0,0,rolling
2024-12-04,1314,48812,ARLIVRY XAROPE CEREJA 100ML,0,2.5,9.0,21.9,8.98,0.0321,0.2252,0.0,0.0,0,rolling
2024-12-05,1314,48812,ARLIVRY XAROPE CEREJA 100ML,0,2.5,9.0,21.9,8.98,0.0759,0.2252,0.0,0.0,0,rolling
2024-12-06,1314,48812,ARLIVRY XAROPE CEREJA 100ML,0,2.5,9.0,21.9,8.98,0.0759,0.2252,0.0,0.0,0,rolling
2024-12-07,1314,48812,ARLIVRY XAROPE CEREJA 100ML,0,2.5,9.0,21.9,8.98,0.0321,0.2252,0.0,0.0,0,rolling
2024-12-08,1314,48812,ARLIVRY XAROPE CEREJA 100ML,0,2.5,9.0,21.9,8.98,0.0321,0.2252,0.0,0.0,0,rolling
2024-12-09,1314,48812,ARLIVRY XAROPE CEREJA 100ML,0,2.5,9.0,21.9,8.98,0.0321,0.2252,0.0,0.0,0,rolling
2024-12-10,1314,48812,ARLIVRY XAROPE CEREJA 100ML,0,2.5,9.0,21.9,8.98,0.0759,0.2252,0.0,0.0,0,rolling
2024-12-11,1314,48812,ARLIVRY XAROPE CEREJA 100ML,0,2.5,9.0,21.9,8.98,0.0321,0.2252,0.0,0.0,0,rolling
2024-12-12,1314,48812,ARLIVRY XAROPE CEREJA 100ML,0,2.5,9.0,21.9,8.98,0.0759,0.2252,0.0,0.0,0,rolling
2024-12-13,1314,48812,ARLIVRY XAROPE CEREJA 100ML,0,2.5,9.0,21.9,8.98,0.0759,0.2252,0.0,0.0,0,rolling
2024-12-14,1314,48812,ARLIVRY XAROPE CEREJA 100ML,0,2.5,9.0,21.9,8.98,0.0321,0.2252,0.0,0.0,0,rolling
2024-12-15,1314,48812,ARLIVRY XAROPE CEREJA 100ML,0,2.5,9.0,21.9,8.98,0.0321,0.2252,0.0,0.0,0,rolling
2024-12-16,1314,48812,ARLIVRY XAROPE CEREJA 100ML,0,2.5,9.0,21.9,8.98,0.0321,0.2252,0.0,0.0,0,rolling
2024-12-17,1314,48812,ARLIVRY XAROPE CEREJA 100ML,0,2.5,9.0,21.9,8.98,0.0759,0.2252,0.0,0.0,0,rolling
2024-12-18,1314,48812,ARLIVRY XAROPE CEREJA 100ML,0,2.5,9.0,21.9,8.98,0.0321,0.2252,0.0,0.0,0,rolling
2024-12-19,1314,48812,ARLIVRY XAROPE CEREJA 100ML,0,2.5,9.0,21.9,8.98,0.0759,0.2252,0.0,0.0,0,rolling
2024-12-20,1314,48812,ARLIVRY XAROPE CEREJA 100ML,0,2.5,9.0,21.9,8.98,0.0759,0.2252,0.0,0.0,0,rolling
2024-12-21,1314,48812,ARLIVRY XAROPE CEREJA 100ML,0,2.5,9.0,21.9,8.98,0.0161,0.2252,1.0,1.0,0,rolling
2024-12-22,1314,48812,ARLIVRY XAROPE CEREJA 100ML,0,2.5,9.0,21.9,8.98,0.0321,0.2575,0.0,0.0,0,rolling
2024-12-23,1314,48812,ARLIVRY XAROPE CEREJA 100ML,0,2.5,9.0,21.9,8.98,0.0321,0.2575,0.0,0.0,0,rolling
2024-12-24,1314,48812,ARLIVRY XAROPE CEREJA 100ML,0,2.5,9.0,21.9,8.98,0.0759,0.2575,0.0,0.0,0,rolling
2024-12-25,1314,48812,ARLIVRY XAROPE CEREJA 100ML,0,2.5,9.0,21.9,8.98,0.0321,0.2575,0.0,0.0,0,rolling
2024-12-26,1314,48812,ARLIVRY XAROPE CEREJA 100ML,0,2.5,9.0,21.9,8.98,0.0759,0.2575,0.0,0.0,0,rolling
2024-12-27,1314,48812,ARLIVRY XAROPE CEREJA 100ML,0,2.5,9.0,21.9,8.98,0.0598,0.2575,0.0,0.0,0,rolling
2024-12-28,1314,48812,ARLIVRY XAROPE CEREJA 100ML,0,2.5,9.0,21.9,8.98,0.0598,0.2575,0.0,0.0,0,rolling
2024-12-29,1314,48812,ARLIVRY XAROPE CEREJA 100ML,0,2.5,9.0,21.9,8.98,0.0161,0.2575,0.0,0.0,0,rolling
2024-12-30,1314,48812,ARLIVRY XAROPE CEREJA 100ML,0,2.5,9.0,21.9,8.98,0.0161,0.2575,0.0,0.0,0,rolling
2024-12-31,1314,48812,ARLIVRY XAROPE CEREJA 100ML,0,2.5,9.0,21.9,8.98,0.0598,0.2575,0.0,0.0,0,rolling
2024-10-01,1314,48813,ARLIVRY XAROPE MEL 100ML,0,2.5,9.0,27.51,8.98,0.1204,0.383,0.0,0.0,0,rolling
2024-10-02,1314,48813,ARLIVRY XAROPE MEL 100ML,0,2.5,9.0,27.51,8.98,0.1641,0.383,0.0,0.0,0,rolling
2024-10-03,1314,48813,ARLIVRY XAROPE MEL 100ML,0,2.5,9.0,27.51,8.98,0.1204,0.383,0.0,0.0,0,rolling
2024-10-04,1314,48813,ARLIVRY XAROPE MEL 100ML,0,2.5,9.0,27.51,8.98,0.1641,0.383,0.0,0.0,0,rolling
2024-10-05,1314,48813,ARLIVRY XAROPE MEL 100ML,0,2.5,9.0,27.51,8.98,0.2079,0.3673,0.0,0.0,0,rolling
2024-10-06,1314,48813,ARLIVRY XAROPE MEL 100ML,0,2.5,9.0,27.51,8.98,0.2355,0.3673,0.0,0.0,0,rolling
2024-10-07,1314,48813,ARLIVRY XAROPE MEL 100ML,0,2.5,9.0,27.51,8.98,0.2195,0.3673,0.0,0.0,0,rolling
2024-10-08,1314,48813,ARLIVRY XAROPE MEL 100ML,0,2.5,9.0,27.51,8.98,0.0882,0.3499,0.0,0.0,0,rolling
2024-10-09,1314,48813,ARLIVRY XAROPE MEL 100ML,0,2.5,9.0,27.51,8.98,0.132,0.3499,0.0,0.0,0,rolling
2024-10-10,1314,48813,ARLIVRY XAROPE MEL 100ML,0,2.5,9.0,27.51,8.98,0.0882,0.3499,0.0,0.0,0,rolling
2024-10-11,1314,48813,ARLIVRY XAROPE MEL 100ML,0,2.5,9.0,27.51,8.98,0.0882,0.3499,0.0,0.0,0,rolling
2024-10-12,1314,48813,ARLIVRY XAROPE MEL 100ML,0,2.5,9.0,27.51,8.98,0.1357,0.3499,0.0,0.0,0,rolling
2024-10-13,1314,48813,ARLIVRY XAROPE MEL 100ML,0,2.5,9.0,27.51,8.98,0.1795,0.3499,0.0,0.0,0,rolling
2024-10-14,1314,48813,ARLIVRY XAROPE MEL 100ML,0,2.5,9.0,27.51,8.98,0.1357,0.3307,0.0,0.0,0,rolling
2024-10-15,1314,48813,ARLIVRY XAROPE MEL 100ML,0,2.5,9.0,27.51,8.98,0.0321,0.3307,0.0,0.0,0,rolling
2024-10-16,1314,48813,ARLIVRY XAROPE MEL 100ML,0,2.5,9.0,27.51,8.98,0.0759,0.3307,0.0,0.0,0,rolling
2024-10-17,1314,48813,ARLIVRY XAROPE MEL 100ML,0,2.5,9.0,27.51,8.98,0.0321,0.3093,0.0,0.0,0,rolling
2024-10-18,1314,48813,ARLIVRY XAROPE MEL 100ML,0,2.5,9.0,27.51,8.98,0.0321,0.3093,0.0,0.0,0,rolling
2024-10-19,1314,48813,ARLIVRY XAROPE MEL 100ML,0,2.5,9.0,27.51,8.98,0.1196,0.3093,0.0,0.0,0,rolling
2024-10-20,1314,48813,ARLIVRY XAROPE MEL 100ML,0,2.5,9.0,27.51,8.98,0.1196,0.3093,0.0,0.0,0,rolling
2024-10-21,1314,48813,ARLIVRY XAROPE MEL 100ML,0,2.5,9.0,27.51,8.98,0.1196,0.3093,0.0,0.0,0,rolling
2024-10-22,1314,48813,ARLIVRY XAROPE MEL 100ML,0,2.5,9.0,27.51,8.98,0.0321,0.3093,0.0,0.0,0,rolling
2024-10-23,1314,48813,ARLIVRY XAROPE MEL 100ML,0,2.5,9.0,27.51,8.98,0.0321,0.3093,2.0,2.0,0,rolling
2024-10-24,1314,48813,ARLIVRY XAROPE MEL 100ML,0,2.5,9.0,27.51,8.98,0.0643,0.3977,0.0,0.0,0,rolling
2024-10-25,1314,48813,ARLIVRY XAROPE MEL 100ML,0,2.5,9.0,27.51,8.98,0.0643,0.3977,0.0,0.0,0,rolling
2024-10-26,1314,48813,ARLIVRY XAROPE MEL 100ML,0,2.5,9.0,27.51,8.98,0.1518,0.3977,0.0,0.0,0,rolling
2024-10-27,1314,48813,ARLIVRY XAROPE MEL 100ML,0,2.5,9.0,27.51,8.98,0.1357,0.3977,0.0,0.0,0,rolling
2024-10-28,1314,48813,ARLIVRY XAROPE MEL 100ML,0,2.5,9.0,27.51,8.98,0.1196,0.3977,0.0,0.0,0,rolling
2024-10-29,1314,48813,ARLIVRY XAROPE MEL 100ML,0,2.5,9.0,27.51,8.98,0.0321,0.3809,0.0,0.0,0,rolling
2024-10-30,1314,48813,ARLIVRY XAROPE MEL 100ML,0,2.5,9.0,27.51,8.98,0.1196,0.3809,0.0,0.0,0,rolling
2024-10-31,1314,48813,ARLIVRY XAROPE MEL 100ML,0,2.5,9.0,27.51,8.98,0.0321,0.3809,0.0,0.0,0,rolling
2024-11-01,1314,48813,ARLIVRY XAROPE MEL 100ML,0,2.5,9.0,27.51,8.98,0.0321,0.3809,0.0,0.0,0,rolling
2024-11-02,1314,48813,ARLIVRY XAROPE MEL 100ML,0,2.5,9.0,27.51,8.98,0.1196,0.3809,0.0,0.0,0,rolling
2024-11-03,1314,48813,ARLIVRY XAROPE MEL 100ML,0,2.5,9.0,27.51,8.98,0.133,0.3625,0.0,0.0,0,rolling
2024-11-04,1314,48813,ARLIVRY XAROPE MEL 100ML,0,2.5,9.0,27.51,8.98,0.0892,0.3421,0.0,0.0,0,rolling
2024-11-05,1314,48813,ARLIVRY XAROPE MEL 100ML,0,2.5,9.0,27.51,8.98,0.0455,0.3421,0.0,0.0,0,rolling
2024-11-06,1314,48813,ARLIVRY XAROPE MEL 100ML,0,2.5,9.0,27.51,8.98,0.133,0.3421,0.0,0.0,0,rolling
2024-11-07,1314,48813,ARLIVRY XAROPE MEL 100ML,0,2.5,9.0,27.51,8.98,0.0455,0.3421,0.0,0.0,0,rolling
2024-11-08,1314,48813,ARLIVRY XAROPE MEL 100ML,0,2.5,9.0,27.51,8.98,0.0455,0.3421,0.0,0.0,0,rolling
2024-11-09,1314,48813,ARLIVRY XAROPE MEL 100ML,0,2.5,9.0,27.51,8.98,0.0892,0.3421,0.0,0.0,0,rolling
2024-11-10,1314,48813,ARLIVRY XAROPE MEL 100ML,0,2.5,9.0,27.51,8.98,0.0892,0.3421,0.0,0.0,0,rolling
2024-11-11,1314,48813,ARLIVRY XAROPE MEL 100ML,0,2.5,9.0,27.51,8.98,0.0892,0.3421,0.0,0.0,0,rolling
2024-11-12,1314,48813,ARLIVRY XAROPE MEL 100ML,0,2.5,9.0,27.51,8.98,0.0455,0.3194,0.0,0.0,0,rolling
2024-11-13,1314,48813,ARLIVRY XAROPE MEL 100ML,0,2.5,9.0,27.51,8.98,0.133,0.3194,0.0,0.0,0,rolling
2024-11-14,1314,48813,ARLIVRY XAROPE MEL 100ML,0,2.5,9.0,27.51,8.98,0.0455,0.3194,0.0,0.0,0,rolling
2024-11-15,1314,48813,ARLIVRY XAROPE MEL 100ML,0,2.5,9.0,27.51,8.98,0.0455,0.3194,0.0,0.0,0,rolling
2024-11-16,1314,48813,ARLIVRY XAROPE MEL 100ML,0,2.5,9.0,27.51,8.98,0.0892,0.3194,0.0,0.0,0,rolling
2024-11-17,1314,48813,ARLIVRY XAROPE MEL 100ML,0,2.5,9.0,27.51,8.98,0.0892,0.3194,1.0,1.0,0,rolling
2024-11-18,1314,48813,ARLIVRY XAROPE MEL 100ML,0,2.5,9.0,27.51,8.98,0.0482,0.3421,0.0,0.0,0,rolling
2024-11-19,1314,48813,ARLIVRY XAROPE MEL 100ML,0,2.5,9.0,27.51,8.98,0.0482,0.3421,0.0,0.0,0,rolling
2024-11-20,1314,48813,ARLIVRY XAROPE MEL 100ML,0,2.5,9.0,27.51,8.98,0.1357,0.3421,0.0,0.0,0,rolling
2024-11-21,1314,48813,ARLIVRY XAROPE MEL 100ML,0,2.5,9.0,27.51,8.98,0.0161,0.3421,0.0,0.0,0,rolling
2024-11-22,1314,48813,ARLIVRY XAROPE MEL 100ML,0,2.5,9.0,27.51,8.98,0.0161,0.3421,0.0,0.0,0,rolling
2024-11-23,1314,48813,ARLIVRY XAROPE MEL 100ML,0,2.5,9.0,27.51,8.98,0.0598,0.3421,0.0,0.0,0,rolling
2024-11-24,1314,48813,ARLIVRY XAROPE MEL 100ML,0,2.5,9.0,27.51,8.98,0.1036,0.3194,0.0,0.0,0,rolling
2024-11-25,1314,48813,ARLIVRY XAROPE MEL 100ML,0,2.5,9.0,27.51,8.98,0.0161,0.294,0.0,0.0,0,rolling
2024-11-26,1314,48813,ARLIVRY XAROPE MEL 100ML,0,2.5,9.0,27.51,8.98,0.0161,0.294,0.0,0.0,0,rolling
2024-11-27,1314,48813,ARLIVRY XAROPE MEL 100ML,0,2.5,9.0,27.51,8.98,0.1036,0.294,0.0,0.0,0,rolling
2024-11-28,1314,48813,ARLIVRY XAROPE MEL 100ML,0,2.5,9.0,27.51,8.98,0.0161,0.294,0.0,0.0,0,rolling
2024-11-29,1314,48813,ARLIVRY XAROPE MEL 100ML,0,2.5,9.0,27.51,8.98,0.0161,0.294,0.0,0.0,0,rolling
2024-11-30,1314,48813,ARLIVRY XAROPE MEL 100ML,0,2.5,9.0,27.51,8.98,0.0161,0.294,0.0,0.0,0,rolling
2024-12-01,1314,48813,ARLIVRY XAROPE MEL 100ML,0,2.5,9.0,27.51,8.98,0.0598,0.294,0.0,0.0,0,rolling
2024-12-02,1314,48813,ARLIVRY XAROPE MEL 100ML,0,2.5,9.0,27.51,8.98,0.0161,0.294,0.0,0.0,0,rolling
2024-12-03,1314,48813,ARLIVRY XAROPE MEL 100ML,0,2.5,9.0,27.51,8.98,0.0161,0.294,1.0,1.0,0,rolling
2024-12-04,1314,48813,ARLIVRY XAROPE MEL 100ML,0,2.5,9.0,27.51,8.98,0.1196,0.3194,0.0,0.0,0,rolling
2024-12-05,1314,48813,ARLIVRY XAROPE MEL 100ML,0,2.5,9.0,27.51,8.98,0.0321,0.3194,0.0,0.0,0,rolling
2024-12-06,1314,48813,ARLIVRY XAROPE MEL 100ML,0,2.5,9.0,27.51,8.98,0.0321,0.3194,1.0,1.0,0,rolling
2024-12-07,1314,48813,ARLIVRY XAROPE MEL 100ML,0,2.5,9.0,27.51,8.98,0.0482,0.3421,0.0,0.0,0,rolling
2024-12-08,1314,48813,ARLIVRY XAROPE MEL 100ML,0,2.5,9.0,27.51,8.98,0.092,0.3421,0.0,0.0,0,rolling
2024-12-09,1314,48813,ARLIVRY XAROPE MEL 100ML,0,2.5,9.0,27.51,8.98,0.0482,0.3421,0.0,0.0,0,rolling
2024-12-10,1314,48813,ARLIVRY XAROPE MEL 100ML,0,2.5,9.0,27.51,8.98,0.092,0.3421,0.0,0.0,0,rolling
2024-12-11,1314,48813,ARLIVRY XAROPE MEL 100ML,0,2.5,9.0,27.51,8.98,0.1357,0.3421,0.0,0.0,0,rolling
2024-12-12,1314,48813,ARLIVRY XAROPE MEL 100ML,0,2.5,9.0,27.51,8.98,0.0482,0.3421,0.0,0.0,0,rolling
2024-12-13,1314,48813,ARLIVRY XAROPE MEL 100ML,0,2.5,9.0,27.51,8.98,0.092,0.3421,0.0,0.0,0,rolling
2024-12-14,1314,48813,ARLIVRY XAROPE MEL 100ML,0,2.5,9.0,27.51,8.98,0.0482,0.3421,0.0,0.0,0,rolling
2024-12-15,1314,48813,ARLIVRY XAROPE MEL 100ML,0,2.5,9.0,27.51,8.98,0.092,0.3421,0.0,0.0,0,rolling
2024-12-16,1314,48813,ARLIVRY XAROPE MEL 100ML,0,2.5,9.0,27.51,8.98,0.0321,0.3421,1.0,1.0,0,rolling
2024-12-17,1314,48813,ARLIVRY XAROPE MEL 100ML,0,2.5,9.0,27.51,8.98,0.092,0.3625,0.0,0.0,0,rolling
2024-12-18,1314,48813,ARLIVRY XAROPE MEL 100ML,0,2.5,9.0,27.51,8.98,0.1357,0.3625,0.0,0.0,0,rolling
2024-12-19,1314,48813,ARLIVRY XAROPE MEL 100ML,0,2.5,9.0,27.51,8.98,0.0482,0.2575,0.0,0.0,0,rolling
2024-12-20,1314,48813,ARLIVRY XAROPE MEL 100ML,0,2.5,9.0,27.51,8.98,0.092,0.2575,0.0,0.0,0,rolling
2024-12-21,1314,48813,ARLIVRY XAROPE MEL 100ML,0,2.5,9.0,27.51,8.98,0.0482,0.2575,0.0,0.0,0,rolling
2024-12-22,1314,48813,ARLIVRY XAROPE MEL 100ML,0,2.5,9.0,27.51,8.98,0.092,0.2575,0.0,0.0,0,rolling
2024-12-23,1314,48813,ARLIVRY XAROPE MEL 100ML,0,2.5,9.0,27.51,8.98,0.092,0.2575,0.0,0.0,0,rolling
2024-12-24,1314,48813,ARLIVRY XAROPE MEL 100ML,0,2.5,9.0,27.51,8.98,0.1053,0.2575,0.0,0.0,0,rolling
2024-12-25,1314,48813,ARLIVRY XAROPE MEL 100ML,0,2.5,9.0,27.51,8.98,0.0615,0.2575,0.0,0.0,0,rolling
2024-12-26,1314,48813,ARLIVRY XAROPE MEL 100ML,0,2.5,9.0,27.51,8.98,0.0615,0.2575,1.0,1.0,0,rolling
2024-12-27,1314,48813,ARLIVRY XAROPE MEL 100ML,0,2.5,9.0,27.51,8.98,0.1214,0.2852,0.0,0.0,0,rolling
2024-12-28,1314,48813,ARLIVRY XAROPE MEL 100ML,0,2.5,9.0,27.51,8.98,0.0776,0.2852,0.0,0.0,0,rolling
2024-12-29,1314,48813,ARLIVRY XAROPE MEL 100ML,0,2.5,9.0,27.51,8.98,0.1214,0.2852,0.0,0.0,0,rolling
2024-12-30,1314,48813,ARLIVRY XAROPE MEL 100ML,0,2.5,9.0,27.51,8.98,0.1214,0.2852,0.0,0.0,0,rolling
2024-12-31,1314,48813,ARLIVRY XAROPE MEL 100ML,0,2.5,9.0,27.51,8.98,0.1214,0.2852,0.0,0.0,0,rolling
2024-10-01,1314,51957,HEDERA CIMED 7MG 100ML,0,1.0,9.0,35.63,14.95,0.0,0.0,0.0,0.0,0,rolling
2024-10-02,1314,51957,HEDERA CIMED 7MG 100ML,0,1.0,9.0,35.63,14.95,0.0,0.0,0.0,0.0,0,rolling
2024-10-03,1314,51957,HEDERA CIMED 7MG 100ML,0,1.0,9.0,35.63,14.95,0.0,0.0,0.0,0.0,0,rolling
2024-10-04,1314,51957,HEDERA CIMED 7MG 100ML,0,1.0,9.0,35.63,14.95,0.0,0.0,0.0,0.0,0,rolling
2024-10-05,1314,51957,HEDERA CIMED 7MG 100ML,0,1.0,9.0,35.63,14.95,0.0,0.0,0.0,0.0,0,rolling
2024-10-06,1314,51957,HEDERA CIMED 7MG 100ML,0,1.0,9.0,35.63,14.95,0.0,0.0,0.0,0.0,0,rolling
2024-10-07,1314,51957,HEDERA CIMED 7MG 100ML,0,1.0,9.0,35.63,14.95,0.0,0.0,0.0,0.0,0,rolling
2024-10-08,1314,51957,HEDERA CIMED 7MG 100ML,0,1.0,9.0,35.63,14.95,0.0,0.0,0.0,0.0,0,rolling
2024-10-09,1314,51957,HEDERA CIMED 7MG 100ML,0,1.0,9.0,35.63,14.95,0.0,0.0,0.0,0.0,0,rolling
2024-10-10,1314,51957,HEDERA CIMED 7MG 100ML,0,1.0,9.0,35.63,14.95,0.0,0.0,0.0,0.0,0,rolling
2024-10-11,1314,51957,HEDERA CIMED 7MG 100ML,0,1.0,9.0,35.63,14.95,0.0,0.0,0.0,0.0,0,rolling
2024-10-12,1314,51957,HEDERA CIMED 7MG 100ML,0,1.0,9.0,35.63,14.95,0.0,0.0,0.0,0.0,0,rolling
2024-10-13,1314,51957,HEDERA CIMED 7MG 100ML,0,1.0,9.0,35.63,14.95,0.0,0.0,0.0,0.0,0,rolling
2024-10-14,1314,51957,HEDERA CIMED 7MG 100ML,0,1.0,9.0,35.63,14.95,0.0,0.0,0.0,0.0,0,rolling
2024-10-15,1314,51957,HEDERA CIMED 7MG 100ML,0,1.0,9.0,35.63,14.95,0.0,0.0,0.0,0.0,0,rolling
2024-10-16,1314,51957,HEDERA CIMED 7MG 100ML,0,1.0,9.0,35.63,14.95,0.0,0.0,1.0,1.0,0,rolling
2024-10-17,1314,51957,HEDERA CIMED 7MG 100ML,0,1.0,9.0,35.63,14.95,0.0161,0.1324,0.0,0.0,1,rolling
2024-10-18,1314,51957,HEDERA CIMED 7MG 100ML,0,1.0,9.0,35.63,14.95,0.0161,0.1324,0.0,0.0,1,rolling
2024-10-19,1314,51957,HEDERA CIMED 7MG 100ML,0,1.0,9.0,35.63,14.95,0.0561,0.1324,0.0,0.0,1,rolling
2024-10-20,1314,51957,HEDERA CIMED 7MG 100ML,0,1.0,9.0,35.63,14.95,0.0561,0.1324,0.0,0.0,0,rolling
2024-10-21,1314,51957,HEDERA CIMED 7MG 100ML,0,1.0,9.0,35.63,14.95,0.0561,0.1324,0.0,0.0,1,rolling
2024-10-22,1314,51957,HEDERA CIMED 7MG 100ML,0,1.0,9.0,35.63,14.95,0.0561,0.1324,0.0,0.0,0,rolling
2024-10-23,1314,51957,HEDERA CIMED 7MG 100ML,0,1.0,9.0,35.63,14.95,0.0998,0.1324,0.0,0.0,0,rolling
2024-10-24,1314,51957,HEDERA CIMED 7MG 100ML,0,1.0,9.0,35.63,14.95,0.0561,0.1324,0.0,0.0,0,rolling
2024-10-25,1314,51957,HEDERA CIMED 7MG 100ML,0,1.0,9.0,35.63,14.95,0.0561,0.1324,0.0,0.0,0,rolling
2024-10-26,1314,51957,HEDERA CIMED 7MG 100ML,0,1.0,9.0,35.63,14.95,0.0561,0.1324,0.0,0.0,0,rolling
2024-10-27,1314,51957,HEDERA CIMED 7MG 100ML,0,1.0,9.0,35.63,14.95,0.0561,0.1324,0.0,0.0,0,rolling
2024-10-28,1314,51957,HEDERA CIMED 7MG 100ML,0,1.0,9.0,35.63,14.95,0.0561,0.1324,0.0,0.0,0,rolling
2024-10-29,1314,51957,HEDERA CIMED 7MG 100ML,0,1.0,9.0,35.63,14.95,0.0561,0.1324,0.0,0.0,0,rolling
2024-10-30,1314,51957,HEDERA CIMED 7MG 100ML,0,1.0,9.0,35.63,14.95,0.0998,0.1324,0.0,0.0,0,rolling
2024-10-31,1314,51957,HEDERA CIMED 7MG 100ML,0,1.0,9.0,35.63,14.95,0.0561,0.1324,0.0,0.0,0,rolling
2024-11-01,1314,51957,HEDERA CIMED 7MG 100ML,0,1.0,9.0,35.63,14.95,0.0561,0.1324,0.0,0.0,0,rolling
2024-11-02,1314,51957,HEDERA CIMED 7MG 100ML,0,1.0,9.0,35.63,14.95,0.0561,0.1324,0.0,0.0,0,rolling
2024-11-03,1314,51957,HEDERA CIMED 7MG 100ML,0,1.0,9.0,35.63,14.95,0.0161,0.1324,0.0,0.0,0,rolling
2024-11-04,1314,51957,HEDERA CIMED 7MG 100ML,0,1.0,9.0,35.63,14.95,0.0161,0.1324,0.0,0.0,0,rolling
2024-11-05,1314,51957,HEDERA CIMED 7MG 100ML,0,1.0,9.0,35.63,14.95,0.0161,0.1324,0.0,0.0,0,rolling
2024-11-06,1314,51957,HEDERA CIMED 7MG 100ML,0,1.0,9.0,35.63,14.95,0.0598,0.1324,0.0,0.0,0,rolling
2024-11-07,1314,51957,HEDERA CIMED 7MG 100ML,0,1.0,9.0,35.63,14.95,0.0161,0.1324,0.0,0.0,0,rolling
2024-11-08,1314,51957,HEDERA CIMED 7MG 100ML,0,1.0,9.0,35.63,14.95,0.0161,0.1324,0.0,0.0,0,rolling
2024-11-09,1314,51957,HEDERA CIMED 7MG 100ML,0,1.0,9.0,35.63,14.95,0.0161,0.1324,0.0,0.0,0,rolling
2024-11-10,1314,51957,HEDERA CIMED 7MG 100ML,0,1.0,9.0,35.63,14.95,0.0161,0.1324,0.0,0.0,0,rolling
2024-11-11,1314,51957,HEDERA CIMED 7MG 100ML,0,1.0,9.0,35.63,14.95,0.0161,0.1324,0.0,0.0,0,rolling
2024-11-12,1314,51957,HEDERA CIMED 7MG 100ML,0,1.0,9.0,35.63,14.95,0.0161,0.1324,0.0,0.0,0,rolling
2024-11-13,1314,51957,HEDERA CIMED 7MG 100ML,0,1.0,9.0,35.63,14.95,0.0598,0.1324,0.0,0.0,0,rolling
2024-11-14,1314,51957,HEDERA CIMED 7MG 100ML,0,1.0,9.0,35.63,14.95,0.0,0.1324,0.0,0.0,0,rolling
2024-11-15,1314,51957,HEDERA CIMED 7MG 100ML,0,1.0,9.0,35.63,14.95,0.0,0.1324,0.0,0.0,0,rolling
2024-11-16,1314,51957,HEDERA CIMED 7MG 100ML,0,1.0,9.0,35.63,14.95,0.0,0.1324,0.0,0.0,0,rolling
2024-11-17,1314,51957,HEDERA CIMED 7MG 100ML,0,1.0,9.0,35.63,14.95,0.0,0.1324,0.0,0.0,0,rolling
2024-11-18,1314,51957,HEDERA CIMED 7MG 100ML,0,1.0,9.0,35.63,14.95,0.0,0.1324,0.0,0.0,0,rolling
2024-11-19,1314,51957,HEDERA CIMED 7MG 100ML,0,1.0,9.0,35.63,14.95,0.0,0.1324,0.0,0.0,0,rolling
2024-11-20,1314,51957,HEDERA CIMED 7MG 100ML,0,1.0,9.0,35.63,14.95,0.0437,0.1324,0.0,0.0,0,rolling
2024-11-21,1314,51957,HEDERA CIMED 7MG 100ML,0,1.0,9.0,35.63,14.95,0.0,0.1324,0.0,0.0,0,rolling
2024-11-22,1314,51957,HEDERA CIMED 7MG 100ML,0,1.0,9.0,35.63,14.95,0.0,0.1324,0.0,0.0,0,rolling
2024-11-23,1314,51957,HEDERA CIMED 7MG 100ML,0,1.0,9.0,35.63,14.95,0.0,0.1324,0.0,0.0,0,rolling
2024-11-24,1314,51957,HEDERA CIMED 7MG 100ML,0,1.0,9.0,35.63,14.95,0.0,0.1324,0.0,0.0,0,rolling
2024-11-25,1314,51957,HEDERA CIMED 7MG 100ML,0,1.0,9.0,35.63,14.95,0.0,0.1324,0.0,0.0,0,rolling
2024-11-26,1314,51957,HEDERA CIMED 7MG 100ML,0,1.0,9.0,35.63,14.95,0.0,0.1324,0.0,0.0,0,rolling
2024-11-27,1314,51957,HEDERA CIMED 7MG 100ML,0,1.0,9.0,35.63,14.95,0.0437,0.1324,0.0,0.0,0,rolling
2024-11-28,1314,51957,HEDERA CIMED 7MG 100ML,0,1.0,9.0,35.63,14.95,0.0,0.1324,0.0,0.0,0,rolling
2024-11-29,1314,51957,HEDERA CIMED 7MG 100ML,0,1.0,9.0,35.63,14.95,0.0,0.1324,0.0,0.0,0,rolling
2024-11-30,1314,51957,HEDERA CIMED 7MG 100ML,0,1.0,9.0,35.63,14.95,0.0,0.1324,0.0,0.0,0,rolling
2024-12-01,1314,51957,HEDERA CIMED 7MG 100ML,0,1.0,9.0,35.63,14.95,0.0,0.1324,0.0,0.0,0,rolling
2024-12-02,1314,51957,HEDERA CIMED 7MG 100ML,0,1.0,9.0,35.63,14.95,0.0,0.1324,0.0,0.0,0,rolling
2024-12-03,1314,51957,HEDERA CIMED 7MG 100ML,0,1.0,9.0,35.63,14.95,0.0,0.1324,0.0,0.0,0,rolling
2024-12-04,1314,51957,HEDERA CIMED 7MG 100ML,0,1.0,9.0,35.63,14.95,0.0437,0.1324,0.0,0.0,0,rolling
2024-12-05,1314,51957,HEDERA CIMED 7MG 100ML,0,1.0,9.0,35.63,14.95,0.0,0.1324,0.0,0.0,0,rolling
2024-12-06,1314,51957,HEDERA CIMED 7MG 100ML,0,1.0,9.0,35.63,14.95,0.0,0.1324,0.0,0.0,0,rolling
2024-12-07,1314,51957,HEDERA CIMED 7MG 100ML,0,1.0,9.0,35.63,14.95,0.0,0.1324,0.0,0.0,0,rolling
2024-12-08,1314,51957,HEDERA CIMED 7MG 100ML,0,1.0,9.0,35.63,14.95,0.0,0.1324,0.0,0.0,0,rolling
2024-12-09,1314,51957,HEDERA CIMED 7MG 100ML,0,1.0,9.0,35.63,14.95,0.0,0.1324,0.0,0.0,0,rolling
2024-12-10,1314,51957,HEDERA CIMED 7MG 100ML,0,1.0,9.0,35.63,14.95,0.0,0.1324,0.0,0.0,0,rolling
2024-12-11,1314,51957,HEDERA CIMED 7MG 100ML,0,1.0,9.0,35.63,14.95,0.0437,0.1324,0.0,0.0,0,rolling
2024-12-12,1314,51957,HEDERA CIMED 7MG 100ML,0,1.0,9.0,35.63,14.95,0.0,0.0,0.0,0.0,0,rolling
2024-12-13,1314,51957,HEDERA CIMED 7MG 100ML,0,1.0,9.0,35.63,14.95,0.0,0.0,0.0,0.0,0,rolling
2024-12-14,1314,51957,HEDERA CIMED 7MG 100ML,0,1.0,9.0,35.63,14.95,0.0,0.0,0.0,0.0,0,rolling
2024-12-15,1314,51957,HEDERA CIMED 7MG 100ML,0,1.0,9.0,35.63,14.95,0.0,0.0,0.0,0.0,0,rolling
2024-12-16,1314,51957,HEDERA CIMED 7MG 100ML,0,1.0,9.0,35.63,14.95,0.0,0.0,0.0,0.0,0,rolling
2024-12-17,1314,51957,HEDERA CIMED 7MG 100ML,0,1.0,9.0,35.63,14.95,0.0,0.0,0.0,0.0,0,rolling
2024-12-18,1314,51957,HEDERA CIMED 7MG 100ML,0,1.0,9.0,35.63,14.95,0.0,0.0,0.0,0.0,0,rolling
2024-12-19,1314,51957,HEDERA CIMED 7MG 100ML,0,1.0,9.0,35.63,14.95,0.0,0.0,0.0,0.0,0,rolling
2024-12-20,1314,51957,HEDERA CIMED 7MG 100ML,0,1.0,9.0,35.63,14.95,0.0,0.0,0.0,0.0,0,rolling
2024-12-21,1314,51957,HEDERA CIMED 7MG 100ML,0,1.0,9.0,35.63,14.95,0.0,0.0,0.0,0.0,0,rolling
2024-12-22,1314,51957,HEDERA CIMED 7MG 100ML,0,1.0,9.0,35.63,14.95,0.0,0.0,0.0,0.0,0,rolling
2024-12-23,1314,51957,HEDERA CIMED 7MG 100ML,0,1.0,9.0,35.63,14.95,0.0,0.0,0.0,0.0,0,rolling
2024-12-24,1314,51957,HEDERA CIMED 7MG 100ML,0,1.0,9.0,35.63,14.95,0.0,0.0,0.0,0.0,0,rolling
2024-12-25,1314,51957,HEDERA CIMED 7MG 100ML,0,1.0,9.0,35.63,14.95,0.0,0.0,0.0,0.0,0,rolling
2024-12-26,1314,51957,HEDERA CIMED 7MG 100ML,0,1.0,9.0,35.63,14.95,0.0,0.0,0.0,0.0,0,rolling
2024-12-27,1314,51957,HEDERA CIMED 7MG 100ML,0,1.0,9.0,35.63,14.95,0.0133,0.0,0.0,0.0,0,rolling
2024-12-28,1314,51957,HEDERA CIMED 7MG 100ML,0,1.0,9.0,35.63,14.95,0.0133,0.0,0.0,0.0,0,rolling
2024-12-29,1314,51957,HEDERA CIMED 7MG 100ML,0,1.0,9.0,35.63,14.95,0.0133,0.0,0.0,0.0,0,rolling
2024-12-30,1314,51957,HEDERA CIMED 7MG 100ML,0,1.0,9.0,35.63,14.95,0.0133,0.0,0.0,0.0,0,rolling
2024-12-31,1314,51957,HEDERA CIMED 7MG 100ML,0,1.0,9.0,35.63,14.95,0.0133,0.0,0.0,0.0,0,rolling
2024-10-01,1314,5345,NARIDRIN ADULTO 15ML,0,1.0,9.0,17.68,8.94,0.1614,0.413,1.0,1.0,0,rolling
2024-10-02,1314,5345,NARIDRIN ADULTO 15ML,0,1.0,9.0,17.68,8.94,0.2612,0.4271,0.0,0.0,0,rolling
2024-10-03,1314,5345,NARIDRIN ADULTO 15ML,0,1.0,9.0,17.68,8.94,0.2612,0.4271,0.0,0.0,0,rolling
2024-10-04,1314,5345,NARIDRIN ADULTO 15ML,0,1.0,9.0,17.68,8.94,0.2174,0.4271,0.0,0.0,0,rolling
2024-10-05,1314,5345,NARIDRIN ADULTO 15ML,0,1.0,9.0,17.68,8.94,0.2612,0.4271,0.0,0.0,0,rolling
2024-10-06,1314,5345,NARIDRIN ADULTO 15ML,0,1.0,9.0,17.68,8.94,0.3108,0.4271,0.0,0.0,0,rolling
2024-10-07,1314,5345,NARIDRIN ADULTO 15ML,0,1.0,9.0,17.68,8.94,0.2404,0.4271,1.0,1.0,0,rolling
2024-10-08,1314,5345,NARIDRIN ADULTO 15ML,0,1.0,9.0,17.68,8.94,0.3439,0.44,0.0,0.0,0,rolling
2024-10-09,1314,5345,NARIDRIN ADULTO 15ML,0,1.0,9.0,17.68,8.94,0.3439,0.44,0.0,0.0,0,rolling
2024-10-10,1314,5345,NARIDRIN ADULTO 15ML,0,1.0,9.0,17.68,8.94,0.3439,0.44,0.0,0.0,0,rolling
2024-10-11,1314,5345,NARIDRIN ADULTO 15ML,0,1.0,9.0,17.68,8.94,0.308,0.44,0.0,0.0,0,rolling
2024-10-12,1314,5345,NARIDRIN ADULTO 15ML,0,1.0,9.0,17.68,8.94,0.3518,0.4271,0.0,0.0,0,rolling
2024-10-13,1314,5345,NARIDRIN ADULTO 15ML,0,1.0,9.0,17.68,8.94,0.308,0.4271,0.0,0.0,0,rolling
2024-10-14,1314,5345,NARIDRIN ADULTO 15ML,0,1.0,9.0,17.68,8.94,0.308,0.4271,0.0,0.0,0,rolling
2024-10-15,1314,5345,NARIDRIN ADULTO 15ML,0,1.0,9.0,17.68,8.94,0.3918,0.4271,0.0,0.0,0,rolling
2024-10-16,1314,5345,NARIDRIN ADULTO 15ML,0,1.0,9.0,17.68,8.94,0.3918,0.413,0.0,0.0,0,rolling
2024-10-17,1314,5345,NARIDRIN ADULTO 15ML,0,1.0,9.0,17.68,8.94,0.3518,0.413,1.0,1.0,0,rolling
2024-10-18,1314,5345,NARIDRIN ADULTO 15ML,0,1.0,9.0,17.68,8.94,0.2804,0.4271,0.0,0.0,0,rolling
2024-10-19,1314,5345,NARIDRIN ADULTO 15ML,0,1.0,9.0,17.68,8.94,0.3679,0.4271,0.0,0.0,0,rolling
2024-10-20,1314,5345,NARIDRIN ADULTO 15ML,0,1.0,9.0,17.68,8.94,0.3241,0.413,0.0,0.0,0,rolling
2024-10-21,1314,5345,NARIDRIN ADULTO 15ML,0,1.0,9.0,17.68,8.94,0.2041,0.413,0.0,0.0,0,rolling
2024-10-22,1314,5345,NARIDRIN ADULTO 15ML,0,1.0,9.0,17.68,8.94,0.2041,0.413,0.0,0.0,0,rolling
2024-10-23,1314,5345,NARIDRIN ADULTO 15ML,0,1.0,9.0,17.68,8.94,0.2879,0.413,0.0,0.0,0,rolling
2024-10-24,1314,5345,NARIDRIN ADULTO 15ML,0,1.0,9.0,17.68,8.94,0.3155,0.3977,0.0,0.0,0,rolling
2024-10-25,1314,5345,NARIDRIN ADULTO 15ML,0,1.0,9.0,17.68,8.94,0.1843,0.3977,0.0,0.0,0,rolling
2024-10-26,1314,5345,NARIDRIN ADULTO 15ML,0,1.0,9.0,17.68,8.94,0.188,0.3977,0.0,0.0,0,rolling
2024-10-27,1314,5345,NARIDRIN ADULTO 15ML,0,1.0,9.0,17.68,8.94,0.188,0.3809,1.0,1.0,0,rolling
2024-10-28,1314,5345,NARIDRIN ADULTO 15ML,0,1.0,9.0,17.68,8.94,0.2014,0.3977,0.0,0.0,0,rolling
2024-10-29,1314,5345,NARIDRIN ADULTO 15ML,0,1.0,9.0,17.68,8.94,0.2014,0.3977,0.0,0.0,0,rolling
2024-10-30,1314,5345,NARIDRIN ADULTO 15ML,0,1.0,9.0,17.68,8.94,0.1586,0.3977,0.0,0.0,0,rolling
2024-10-31,1314,5345,NARIDRIN ADULTO 15ML,0,1.0,9.0,17.68,8.94,0.2461,0.3977,0.0,0.0,0,rolling
2024-11-01,1314,5345,NARIDRIN ADULTO 15ML,0,1.0,9.0,17.68,8.94,0.1149,0.3977,0.0,0.0,0,rolling
2024-11-02,1314,5345,NARIDRIN ADULTO 15ML,0,1.0,9.0,17.68,8.94,0.1282,0.3977,0.0,0.0,0,rolling
2024-11-03,1314,5345,NARIDRIN ADULTO 15ML,0,1.0,9.0,17.68,8.94,0.2157,0.3977,0.0,0.0,0,rolling
2024-11-04,1314,5345,NARIDRIN ADULTO 15ML,0,1.0,9.0,17.68,8.94,0.172,0.3977,0.0,0.0,0,rolling
2024-11-05,1314,5345,NARIDRIN ADULTO 15ML,0,1.0,9.0,17.68,8.94,0.1692,0.3977,0.0,0.0,0,rolling
2024-11-06,1314,5345,NARIDRIN ADULTO 15ML,0,1.0,9.0,17.68,8.94,0.1692,0.3977,0.0,0.0,0,rolling
2024-11-07,1314,5345,NARIDRIN ADULTO 15ML,0,1.0,9.0,17.68,8.94,0.2167,0.3977,0.0,0.0,0,rolling
2024-11-08,1314,5345,NARIDRIN ADULTO 15ML,0,1.0,9.0,17.68,8.94,0.0988,0.3093,0.0,0.0,0,rolling
2024-11-09,1314,5345,NARIDRIN ADULTO 15ML,0,1.0,9.0,17.68,8.94,0.0988,0.3093,0.0,0.0,0,rolling
2024-11-10,1314,5345,NARIDRIN ADULTO 15ML,0,1.0,9.0,17.68,8.94,0.1863,0.3093,0.0,0.0,0,rolling
2024-11-11,1314,5345,NARIDRIN ADULTO 15ML,0,1.0,9.0,17.68,8.94,0.1426,0.3093,0.0,0.0,0,rolling
2024-11-12,1314,5345,NARIDRIN ADULTO 15ML,0,1.0,9.0,17.68,8.94,0.1292,0.3093,1.0,1.0,0,rolling
2024-11-13,1314,5345,NARIDRIN ADULTO 15ML,0,1.0,9.0,17.68,8.94,0.1453,0.3307,0.0,0.0,0,rolling
2024-11-14,1314,5345,NARIDRIN ADULTO 15ML,0,1.0,9.0,17.68,8.94,0.132,0.3307,0.0,0.0,0,rolling
2024-11-15,1314,5345,NARIDRIN ADULTO 15ML,0,1.0,9.0,17.68,8.94,0.0721,0.3307,0.0,0.0,0,rolling
2024-11-16,1314,5345,NARIDRIN ADULTO 15ML,0,1.0,9.0,17.68,8.94,0.0721,0.3307,0.0,0.0,0,rolling
2024-11-17,1314,5345,NARIDRIN ADULTO 15ML,0,1.0,9.0,17.68,8.94,0.1463,0.3307,0.0,0.0,0,rolling
2024-11-18,1314,5345,NARIDRIN ADULTO 15ML,0,1.0,9.0,17.68,8.94,0.1292,0.3307,0.0,0.0,0,rolling
2024-11-19,1314,5345,NARIDRIN ADULTO 15ML,0,1.0,9.0,17.68,8.94,0.173,0.3307,0.0,0.0,0,rolling
2024-11-20,1314,5345,NARIDRIN ADULTO 15ML,0,1.0,9.0,17.68,8.94,0.1159,0.3307,0.0,0.0,0,rolling
2024-11-21,1314,5345,NARIDRIN ADULTO 15ML,0,1.0,9.0,17.68,8.94,0.1292,0.3093,0.0,0.0,0,rolling
2024-11-22,1314,5345,NARIDRIN ADULTO 15ML,0,1.0,9.0,17.68,8.94,0.0855,0.3093,0.0,0.0,0,rolling
2024-11-23,1314,5345,NARIDRIN ADULTO 15ML,0,1.0,9.0,17.68,8.94,0.0721,0.3093,0.0,0.0,0,rolling
2024-11-24,1314,5345,NARIDRIN ADULTO 15ML,0,1.0,9.0,17.68,8.94,0.1596,0.3093,0.0,0.0,0,rolling
2024-11-25,1314,5345,NARIDRIN ADULTO 15ML,0,1.0,9.0,17.68,8.94,0.0998,0.2852,0.0,0.0,0,rolling
2024-11-26,1314,5345,NARIDRIN ADULTO 15ML,0,1.0,9.0,17.68,8.94,0.1436,0.2852,0.0,0.0,0,rolling
2024-11-27,1314,5345,NARIDRIN ADULTO 15ML,0,1.0,9.0,17.68,8.94,0.0561,0.2575,0.0,0.0,0,rolling
2024-11-28,1314,5345,NARIDRIN ADULTO 15ML,0,1.0,9.0,17.68,8.94,0.1132,0.2575,0.0,0.0,0,rolling
2024-11-29,1314,5345,NARIDRIN ADULTO 15ML,0,1.0,9.0,17.68,8.94,0.0694,0.2575,0.0,0.0,0,rolling
2024-11-30,1314,5345,NARIDRIN ADULTO 15ML,0,1.0,9.0,17.68,8.94,0.0827,0.2575,0.0,0.0,0,rolling
2024-12-01,1314,5345,NARIDRIN ADULTO 15ML,0,1.0,9.0,17.68,8.94,0.1265,0.2575,0.0,0.0,0,rolling
2024-12-02,1314,5345,NARIDRIN ADULTO 15ML,0,1.0,9.0,17.68,8.94,0.1265,0.2575,0.0,0.0,0,rolling
2024-12-03,1314,5345,NARIDRIN ADULTO 15ML,0,1.0,9.0,17.68,8.94,0.0998,0.2252,0.0,0.0,0,rolling
2024-12-04,1314,5345,NARIDRIN ADULTO 15ML,0,1.0,9.0,17.68,8.94,0.0561,0.2252,0.0,0.0,0,rolling
2024-12-05,1314,5345,NARIDRIN ADULTO 15ML,0,1.0,9.0,17.68,8.94,0.0998,0.2252,0.0,0.0,0,rolling
2024-12-06,1314,5345,NARIDRIN ADULTO 15ML,0,1.0,9.0,17.68,8.94,0.0427,0.2252,0.0,0.0,0,rolling
2024-12-07,1314,5345,NARIDRIN ADULTO 15ML,0,1.0,9.0,17.68,8.94,0.0427,0.2252,0.0,0.0,0,rolling
2024-12-08,1314,5345,NARIDRIN ADULTO 15ML,0,1.0,9.0,17.68,8.94,0.0865,0.2252,3.0,3.0,0,rolling
2024-12-09,1314,5345,NARIDRIN ADULTO 15ML,0,1.0,9.0,17.68,8.94,0.091,0.4503,0.0,0.0,0,rolling
2024-12-10,1314,5345,NARIDRIN ADULTO 15ML,0,1.0,9.0,17.68,8.94,0.148,0.4503,0.0,0.0,0,rolling
2024-12-11,1314,5345,NARIDRIN ADULTO 15ML,0,1.0,9.0,17.68,8.94,0.1015,0.4503,0.0,0.0,0,rolling
2024-12-12,1314,5345,NARIDRIN ADULTO 15ML,0,1.0,9.0,17.68,8.94,0.1453,0.4503,0.0,0.0,0,rolling
2024-12-13,1314,5345,NARIDRIN ADULTO 15ML,0,1.0,9.0,17.68,8.94,0.0882,0.4341,0.0,0.0,0,rolling
2024-12-14,1314,5345,NARIDRIN ADULTO 15ML,0,1.0,9.0,17.68,8.94,0.0882,0.4341,0.0,0.0,0,rolling
2024-12-15,1314,5345,NARIDRIN ADULTO 15ML,0,1.0,9.0,17.68,8.94,0.2499,0.4341,0.0,0.0,0,rolling
2024-12-16,1314,5345,NARIDRIN ADULTO 15ML,0,1.0,9.0,17.68,8.94,0.0749,0.4341,0.0,0.0,0,rolling
2024-12-17,1314,5345,NARIDRIN ADULTO 15ML,0,1.0,9.0,17.68,8.94,0.1186,0.4341,0.0,0.0,0,rolling
2024-12-18,1314,5345,NARIDRIN ADULTO 15ML,0,1.0,9.0,17.68,8.94,0.0749,0.4341,0.0,0.0,0,rolling
2024-12-19,1314,5345,NARIDRIN ADULTO 15ML,0,1.0,9.0,17.68,8.94,0.0749,0.4341,0.0,0.0,0,rolling
2024-12-20,1314,5345,NARIDRIN ADULTO 15ML,0,1.0,9.0,17.68,8.94,0.0749,0.4341,0.0,0.0,0,rolling
2024-12-21,1314,5345,NARIDRIN ADULTO 15ML,0,1.0,9.0,17.68,8.94,0.0749,0.4341,0.0,0.0,0,rolling
2024-12-22,1314,5345,NARIDRIN ADULTO 15ML,0,1.0,9.0,17.68,8.94,0.2499,0.4341,1.0,1.0,0,rolling
2024-12-23,1314,5345,NARIDRIN ADULTO 15ML,0,1.0,9.0,17.68,8.94,0.091,0.4341,0.0,0.0,0,rolling
2024-12-24,1314,5345,NARIDRIN ADULTO 15ML,0,1.0,9.0,17.68,8.94,0.1347,0.4341,0.0,0.0,0,rolling
2024-12-25,1314,5345,NARIDRIN ADULTO 15ML,0,1.0,9.0,17.68,8.94,0.0776,0.4341,0.0,0.0,0,rolling
2024-12-26,1314,5345,NARIDRIN ADULTO 15ML,0,1.0,9.0,17.68,8.94,0.0643,0.4341,0.0,0.0,0,rolling
2024-12-27,1314,5345,NARIDRIN ADULTO 15ML,0,1.0,9.0,17.68,8.94,0.0643,0.4341,0.0,0.0,0,rolling
2024-12-28,1314,5345,NARIDRIN ADULTO 15ML,0,1.0,9.0,17.68,8.94,0.0643,0.4341,0.0,0.0,0,rolling
2024-12-29,1314,5345,NARIDRIN ADULTO 15ML,0,1.0,9.0,17.68,8.94,0.2393,0.4341,0.0,0.0,0,rolling
2024-12-30,1314,5345,NARIDRIN ADULTO 15ML,0,1.0,9.0,17.68,8.94,0.0643,0.4341,0.0,0.0,0,rolling
2024-12-31,1314,5345,NARIDRIN ADULTO 15ML,0,1.0,9.0,17.68,8.94,0.108,0.4341,2.0,2.0,0,rolling
2024-10-01,1314,54554,ALOFF XPE 60ML,0,2.5,9.0,33.04,30.79,0.0,0.0,0.0,0.0,0,rolling
2024-10-02,1314,54554,ALOFF XPE 60ML,0,2.5,9.0,33.04,30.79,0.0,0.0,0.0,0.0,0,rolling
2024-10-03,1314,54554,ALOFF XPE 60ML,0,2.5,9.0,33.04,30.79,0.0,0.0,0.0,0.0,0,rolling
2024-10-04,1314,54554,ALOFF XPE 60ML,0,2.5,9.0,33.04,30.79,0.0,0.0,0.0,0.0,0,rolling
2024-10-05,1314,54554,ALOFF XPE 60ML,0,2.5,9.0,33.04,30.79,0.0,0.0,0.0,0.0,0,rolling
2024-10-06,1314,54554,ALOFF XPE 60ML,0,2.5,9.0,33.04,30.79,0.0,0.0,0.0,0.0,0,rolling
2024-10-07,1314,54554,ALOFF XPE 60ML,0,2.5,9.0,33.04,30.79,0.0,0.0,0.0,0.0,0,rolling
2024-10-08,1314,54554,ALOFF XPE 60ML,0,2.5,9.0,33.04,30.79,0.0,0.0,0.0,0.0,0,rolling
2024-10-09,1314,54554,ALOFF XPE 60ML,0,2.5,9.0,33.04,30.79,0.0,0.0,0.0,0.0,0,rolling
2024-10-10,1314,54554,ALOFF XPE 60ML,0,2.5,9.0,33.04,30.79,0.0,0.0,0.0,0.0,0,rolling
2024-10-11,1314,54554,ALOFF XPE 60ML,0,2.5,9.0,33.04,30.79,0.0,0.0,0.0,0.0,0,rolling
2024-10-12,1314,54554,ALOFF XPE 60ML,0,2.5,9.0,33.04,30.79,0.0,0.0,0.0,0.0,0,rolling
2024-10-13,1314,54554,ALOFF XPE 60ML,0,2.5,9.0,33.04,30.79,0.0,0.0,0.0,0.0,0,rolling
2024-10-14,1314,54554,ALOFF XPE 60ML,0,2.5,9.0,33.04,30.79,0.0,0.0,0.0,0.0,0,rolling
2024-10-15,1314,54554,ALOFF XPE 60ML,0,2.5,9.0,33.04,30.79,0.0,0.0,0.0,0.0,0,rolling
2024-10-16,1314,54554,ALOFF XPE 60ML,0,2.5,9.0,33.04,30.79,0.0,0.0,0.0,0.0,0,rolling
2024-10-17,1314,54554,ALOFF XPE 60ML,0,2.5,9.0,33.04,30.79,0.0,0.0,0.0,0.0,0,rolling
2024-10-18,1314,54554,ALOFF XPE 60ML,0,2.5,9.0,33.04,30.79,0.0,0.0,0.0,0.0,0,rolling
2024-10-19,1314,54554,ALOFF XPE 60ML,0,2.5,9.0,33.04,30.79,0.0,0.0,0.0,0.0,0,rolling
2024-10-20,1314,54554,ALOFF XPE 60ML,0,2.5,9.0,33.04,30.79,0.0,0.0,0.0,0.0,0,rolling
2024-10-21,1314,54554,ALOFF XPE 60ML,0,2.5,9.0,33.04,30.79,0.0,0.0,0.0,0.0,0,rolling
2024-10-22,1314,54554,ALOFF XPE 60ML,0,2.5,9.0,33.04,30.79,0.0,0.0,0.0,0.0,0,rolling
2024-10-23,1314,54554,ALOFF XPE 60ML,0,2.5,9.0,33.04,30.79,0.0,0.0,0.0,0.0,0,rolling
2024-10-24,1314,54554,ALOFF XPE 60ML,0,2.5,9.0,33.04,30.79,0.0,0.0,0.0,0.0,0,rolling
2024-10-25,1314,54554,ALOFF XPE 60ML,0,2.5,9.0,33.04,30.79,0.0,0.0,0.0,0.0,0,rolling
2024-10-26,1314,54554,ALOFF XPE 60ML,0,2.5,9.0,33.04,30.79,0.0,0.0,0.0,0.0,0,rolling
2024-10-27,1314,54554,ALOFF XPE 60ML,0,2.5,9.0,33.04,30.79,0.0,0.0,0.0,0.0,0,rolling
2024-10-28,1314,54554,ALOFF XPE 60ML,0,2.5,9.0,33.04,30.79,0.0,0.0,0.0,0.0,0,rolling
2024-10-29,1314,54554,ALOFF XPE 60ML,0,2.5,9.0,33.04,30.79,0.0,0.0,0.0,0.0,0,rolling
2024-10-30,1314,54554,ALOFF XPE 60ML,0,2.5,9.0,33.04,30.79,0.0,0.0,0.0,0.0,0,rolling
2024-10-31,1314,54554,ALOFF XPE 60ML,0,2.5,9.0,33.04,30.79,0.0,0.0,0.0,0.0,0,rolling
2024-11-01,1314,54554,ALOFF XPE 60ML,0,2.5,9.0,33.04,30.79,0.0,0.0,0.0,0.0,0,rolling
2024-11-02,1314,54554,ALOFF XPE 60ML,0,2.5,9.0,33.04,30.79,0.0,0.0,0.0,0.0,0,rolling
2024-11-03,1314,54554,ALOFF XPE 60ML,0,2.5,9.0,33.04,30.79,0.0,0.0,0.0,0.0,0,rolling
2024-11-04,1314,54554,ALOFF XPE 60ML,0,2.5,9.0,33.04,30.79,0.0,0.0,0.0,0.0,0,rolling
2024-11-05,1314,54554,ALOFF XPE 60ML,0,2.5,9.0,33.04,30.79,0.0,0.0,0.0,0.0,0,rolling
2024-11-06,1314,54554,ALOFF XPE 60ML,0,2.5,9.0,33.04,30.79,0.0,0.0,0.0,0.0,0,rolling
2024-11-07,1314,54554,ALOFF XPE 60ML,0,2.5,9.0,33.04,30.79,0.0,0.0,0.0,0.0,0,rolling
2024-11-08,1314,54554,ALOFF XPE 60ML,0,2.5,9.0,33.04,30.79,0.0,0.0,0.0,0.0,0,rolling
2024-11-09,1314,54554,ALOFF XPE 60ML,0,2.5,9.0,33.04,30.79,0.0,0.0,0.0,0.0,0,rolling
2024-11-10,1314,54554,ALOFF XPE 60ML,0,2.5,9.0,33.04,30.79,0.0,0.0,0.0,0.0,0,rolling
2024-11-11,1314,54554,ALOFF XPE 60ML,0,2.5,9.0,33.04,30.79,0.0,0.0,0.0,0.0,0,rolling
2024-11-12,1314,54554,ALOFF XPE 60ML,0,2.5,9.0,33.04,30.79,0.0,0.0,0.0,0.0,0,rolling
2024-11-13,1314,54554,ALOFF XPE 60ML,0,2.5,9.0,33.04,30.79,0.0,0.0,0.0,0.0,0,rolling
2024-11-14,1314,54554,ALOFF XPE 60ML,0,2.5,9.0,33.04,30.79,0.0,0.0,0.0,0.0,0,rolling
2024-11-15,1314,54554,ALOFF XPE 60ML,0,2.5,9.0,33.04,30.79,0.0,0.0,0.0,0.0,0,rolling
2024-11-16,1314,54554,ALOFF XPE 60ML,0,2.5,9.0,33.04,30.79,0.0,0.0,0.0,0.0,0,rolling
2024-11-17,1314,54554,ALOFF XPE 60ML,0,2.5,9.0,33.04,30.79,0.0,0.0,0.0,0.0,0,rolling
2024-11-18,1314,54554,ALOFF XPE 60ML,0,2.5,9.0,33.04,30.79,0.0,0.0,0.0,0.0,0,rolling
2024-11-19,1314,54554,ALOFF XPE 60ML,0,2.5,9.0,33.04,30.79,0.0,0.0,0.0,0.0,0,rolling
2024-11-20,1314,54554,ALOFF XPE 60ML,0,2.5,9.0,33.04,30.79,0.0,0.0,0.0,0.0,0,rolling
2024-11-21,1314,54554,ALOFF XPE 60ML,0,2.5,9.0,33.04,30.79,0.0,0.0,0.0,0.0,0,rolling
2024-11-22,1314,54554,ALOFF XPE 60ML,0,2.5,9.0,33.04,30.79,0.0,0.0,0.0,0.0,0,rolling
2024-11-23,1314,54554,ALOFF XPE 60ML,0,2.5,9.0,33.04,30.79,0.0,0.0,0.0,0.0,0,rolling
2024-11-24,1314,54554,ALOFF XPE 60ML,0,2.5,9.0,33.04,30.79,0.0,0.0,0.0,0.0,0,rolling
2024-11-25,1314,54554,ALOFF XPE 60ML,0,2.5,9.0,33.04,30.79,0.0,0.0,0.0,0.0,0,rolling
2024-11-26,1314,54554,ALOFF XPE 60ML,0,2.5,9.0,33.04,30.79,0.0,0.0,0.0,0.0,0,rolling
2024-11-27,1314,54554,ALOFF XPE 60ML,0,2.5,9.0,33.04,30.79,0.0,0.0,0.0,0.0,0,rolling
2024-11-28,1314,54554,ALOFF XPE 60ML,0,2.5,9.0,33.04,30.79,0.0,0.0,0.0,0.0,0,rolling
2024-11-29,1314,54554,ALOFF XPE 60ML,0,2.5,9.0,33.04,30.79,0.0,0.0,0.0,0.0,0,rolling
2024-11-30,1314,54554,ALOFF XPE 60ML,0,2.5,9.0,33.04,30.79,0.0,0.0,0.0,0.0,0,rolling
2024-12-01,1314,54554,ALOFF XPE 60ML,0,2.5,9.0,33.04,30.79,0.0,0.0,0.0,0.0,0,rolling
2024-12-02,1314,54554,ALOFF XPE 60ML,0,2.5,9.0,33.04,30.79,0.0,0.0,0.0,0.0,0,rolling
2024-12-03,1314,54554,ALOFF XPE 60ML,0,2.5,9.0,33.04,30.79,0.0,0.0,0.0,0.0,0,rolling
2024-12-04,1314,54554,ALOFF XPE 60ML,0,2.5,9.0,33.04,30.79,0.0,0.0,0.0,0.0,0,rolling
2024-12-05,1314,54554,ALOFF XPE 60ML,0,2.5,9.0,33.04,30.79,0.0,0.0,0.0,0.0,0,rolling
2024-12-06,1314,54554,ALOFF XPE 60ML,0,2.5,9.0,33.04,30.79,0.0,0.0,0.0,0.0,0,rolling
2024-12-07,1314,54554,ALOFF XPE 60ML,0,2.5,9.0,33.04,30.79,0.0,0.0,0.0,0.0,0,rolling
2024-12-08,1314,54554,ALOFF XPE 60ML,0,2.5,9.0,33.04,30.79,0.0,0.0,0.0,0.0,0,rolling
2024-12-09,1314,54554,ALOFF XPE 60ML,0,2.5,9.0,33.04,30.79,0.0,0.0,0.0,0.0,0,rolling
2024-12-10,1314,54554,ALOFF XPE 60ML,0,2.5,9.0,33.04,30.79,0.0,0.0,0.0,0.0,0,rolling
2024-12-11,1314,54554,ALOFF XPE 60ML,0,2.5,9.0,33.04,30.79,0.0,0.0,0.0,0.0,0,rolling
2024-12-12,1314,54554,ALOFF XPE 60ML,0,2.5,9.0,33.04,30.79,0.0,0.0,0.0,0.0,0,rolling
2024-12-13,1314,54554,ALOFF XPE 60ML,0,2.5,9.0,33.04,30.79,0.0,0.0,0.0,0.0,0,rolling
2024-12-14,1314,54554,ALOFF XPE 60ML,0,2.5,9.0,33.04,30.79,0.0,0.0,0.0,0.0,0,rolling
2024-12-15,1314,54554,ALOFF XPE 60ML,0,2.5,9.0,33.04,30.79,0.0,0.0,0.0,0.0,0,rolling
2024-12-16,1314,54554,ALOFF XPE 60ML,0,2.5,9.0,33.04,30.79,0.0,0.0,0.0,0.0,0,rolling
2024-12-17,1314,54554,ALOFF XPE 60ML,0,2.5,9.0,33.04,30.79,0.0,0.0,0.0,0.0,0,rolling
2024-12-18,1314,54554,ALOFF XPE 60ML,0,2.5,9.0,33.04,30.79,0.0,0.0,0.0,0.0,0,rolling
2024-12-19,1314,54554,ALOFF XPE 60ML,0,2.5,9.0,33.04,30.79,0.0,0.0,0.0,0.0,0,rolling
2024-12-20,1314,54554,ALOFF XPE 60ML,0,2.5,9.0,33.04,30.79,0.0,0.0,0.0,0.0,0,rolling
2024-12-21,1314,54554,ALOFF XPE 60ML,0,2.5,9.0,33.04,30.79,0.0,0.0,0.0,0.0,0,rolling
2024-12-22,1314,54554,ALOFF XPE 60ML,0,2.5,9.0,33.04,30.79,0.0,0.0,0.0,0.0,0,rolling
2024-12-23,1314,54554,ALOFF XPE 60ML,0,2.5,9.0,33.04,30.79,0.0,0.0,0.0,0.0,0,rolling
2024-12-24,1314,54554,ALOFF XPE 60ML,0,2.5,9.0,33.04,30.79,0.0,0.0,0.0,0.0,0,rolling
2024-12-25,1314,54554,ALOFF XPE 60ML,0,2.5,9.0,33.04,30.79,0.0,0.0,0.0,0.0,0,rolling
2024-12-26,1314,54554,ALOFF XPE 60ML,0,2.5,9.0,33.04,30.79,0.0,0.0,0.0,0.0,0,rolling
2024-12-27,1314,54554,ALOFF XPE 60ML,0,2.5,9.0,33.04,30.79,0.0,0.0,0.0,0.0,0,rolling
2024-12-28,1314,54554,ALOFF XPE 60ML,0,2.5,9.0,33.04,30.79,0.0,0.0,0.0,0.0,0,rolling
2024-12-29,1314,54554,ALOFF XPE 60ML,0,2.5,9.0,33.04,30.79,0.0,0.0,0.0,0.0,0,rolling
2024-12-30,1314,54554,ALOFF XPE 60ML,0,2.5,9.0,33.04,30.79,0.0,0.0,0.0,0.0,0,rolling
2024-12-31,1314,54554,ALOFF XPE 60ML,0,2.5,9.0,33.04,30.79,0.0,0.0,0.0,0.0,0,rolling
2024-10-01,1314,55917,POLARATUSS LIQ 120ML,0,2.5,9.0,29.53,10.88,0.0,0.0,0.0,0.0,0,rolling
2024-10-02,1314,55917,POLARATUSS LIQ 120ML,0,2.5,9.0,29.53,10.88,0.0,0.0,0.0,0.0,0,rolling
2024-10-03,1314,55917,POLARATUSS LIQ 120ML,0,2.5,9.0,29.53,10.88,0.0,0.0,0.0,0.0,0,rolling
2024-10-04,1314,55917,POLARATUSS LIQ 120ML,0,2.5,9.0,29.53,10.88,0.0,0.0,0.0,0.0,0,rolling
2024-10-05,1314,55917,POLARATUSS LIQ 120ML,0,2.5,9.0,29.53,10.88,0.0,0.0,0.0,0.0,0,rolling
2024-10-06,1314,55917,POLARATUSS LIQ 120ML,0,2.5,9.0,29.53,10.88,0.0,0.0,0.0,0.0,0,rolling
2024-10-07,1314,55917,POLARATUSS LIQ 120ML,0,2.5,9.0,29.53,10.88,0.0,0.0,0.0,0.0,0,rolling
2024-10-08,1314,55917,POLARATUSS LIQ 120ML,0,2.5,9.0,29.53,10.88,0.0,0.0,0.0,0.0,0,rolling
2024-10-09,1314,55917,POLARATUSS LIQ 120ML,0,2.5,9.0,29.53,10.88,0.0,0.0,0.0,0.0,0,rolling
2024-10-10,1314,55917,POLARATUSS LIQ 120ML,0,2.5,9.0,29.53,10.88,0.0,0.0,0.0,0.0,0,rolling
2024-10-11,1314,55917,POLARATUSS LIQ 120ML,0,2.5,9.0,29.53,10.88,0.0,0.0,0.0,0.0,0,rolling
2024-10-12,1314,55917,POLARATUSS LIQ 120ML,0,2.5,9.0,29.53,10.88,0.0,0.0,0.0,0.0,0,rolling
2024-10-13,1314,55917,POLARATUSS LIQ 120ML,0,2.5,9.0,29.53,10.88,0.0,0.0,0.0,0.0,0,rolling
2024-10-14,1314,55917,POLARATUSS LIQ 120ML,0,2.5,9.0,29.53,10.88,0.0,0.0,0.0,0.0,0,rolling
2024-10-15,1314,55917,POLARATUSS LIQ 120ML,0,2.5,9.0,29.53,10.88,0.0,0.0,0.0,0.0,0,rolling
2024-10-16,1314,55917,POLARATUSS LIQ 120ML,0,2.5,9.0,29.53,10.88,0.0,0.0,0.0,0.0,0,rolling
2024-10-17,1314,55917,POLARATUSS LIQ 120ML,0,2.5,9.0,29.53,10.88,0.0,0.0,0.0,0.0,0,rolling
2024-10-18,1314,55917,POLARATUSS LIQ 120ML,0,2.5,9.0,29.53,10.88,0.0,0.0,0.0,0.0,0,rolling
2024-10-19,1314,55917,POLARATUSS LIQ 120ML,0,2.5,9.0,29.53,10.88,0.0,0.0,0.0,0.0,0,rolling
2024-10-20,1314,55917,POLARATUSS LIQ 120ML,0,2.5,9.0,29.53,10.88,0.0,0.0,0.0,0.0,0,rolling
2024-10-21,1314,55917,POLARATUSS LIQ 120ML,0,2.5,9.0,29.53,10.88,0.0,0.0,0.0,0.0,0,rolling
2024-10-22,1314,55917,POLARATUSS LIQ 120ML,0,2.5,9.0,29.53,10.88,0.0,0.0,0.0,0.0,0,rolling
2024-10-23,1314,55917,POLARATUSS LIQ 120ML,0,2.5,9.0,29.53,10.88,0.0,0.0,0.0,0.0,0,rolling
2024-10-24,1314,55917,POLARATUSS LIQ 120ML,0,2.5,9.0,29.53,10.88,0.0,0.0,0.0,0.0,0,rolling
2024-10-25,1314,55917,POLARATUSS LIQ 120ML,0,2.5,9.0,29.53,10.88,0.0,0.0,0.0,0.0,0,rolling
2024-10-26,1314,55917,POLARATUSS LIQ 120ML,0,2.5,9.0,29.53,10.88,0.0,0.0,0.0,0.0,0,rolling
2024-10-27,1314,55917,POLARATUSS LIQ 120ML,0,2.5,9.0,29.53,10.88,0.0,0.0,0.0,0.0,0,rolling
2024-10-28,1314,55917,POLARATUSS LIQ 120ML,0,2.5,9.0,29.53,10.88,0.0,0.0,0.0,0.0,0,rolling
2024-10-29,1314,55917,POLARATUSS LIQ 120ML,0,2.5,9.0,29.53,10.88,0.0,0.0,0.0,0.0,0,rolling
2024-10-30,1314,55917,POLARATUSS LIQ 120ML,0,2.5,9.0,29.53,10.88,0.0,0.0,0.0,0.0,0,rolling
2024-10-31,1314,55917,POLARATUSS LIQ 120ML,0,2.5,9.0,29.53,10.88,0.0,0.0,0.0,0.0,0,rolling
2024-11-01,1314,55917,POLARATUSS LIQ 120ML,0,2.5,9.0,29.53,10.88,0.0,0.0,0.0,0.0,0,rolling
2024-11-02,1314,55917,POLARATUSS LIQ 120ML,0,2.5,9.0,29.53,10.88,0.0,0.0,0.0,0.0,0,rolling
2024-11-03,1314,55917,POLARATUSS LIQ 120ML,0,2.5,9.0,29.53,10.88,0.0,0.0,0.0,0.0,0,rolling
2024-11-04,1314,55917,POLARATUSS LIQ 120ML,0,2.5,9.0,29.53,10.88,0.0,0.0,0.0,0.0,0,rolling
2024-11-05,1314,55917,POLARATUSS LIQ 120ML,0,2.5,9.0,29.53,10.88,0.0,0.0,0.0,0.0,0,rolling
2024-11-06,1314,55917,POLARATUSS LIQ 120ML,0,2.5,9.0,29.53,10.88,0.0,0.0,0.0,0.0,0,rolling
2024-11-07,1314,55917,POLARATUSS LIQ 120ML,0,2.5,9.0,29.53,10.88,0.0,0.0,0.0,0.0,0,rolling
2024-11-08,1314,55917,POLARATUSS LIQ 120ML,0,2.5,9.0,29.53,10.88,0.0,0.0,0.0,0.0,0,rolling
2024-11-09,1314,55917,POLARATUSS LIQ 120ML,0,2.5,9.0,29.53,10.88,0.0,0.0,0.0,0.0,0,rolling
2024-11-10,1314,55917,POLARATUSS LIQ 120ML,0,2.5,9.0,29.53,10.88,0.0,0.0,0.0,0.0,0,rolling
2024-11-11,1314,55917,POLARATUSS LIQ 120ML,0,2.5,9.0,29.53,10.88,0.0,0.0,0.0,0.0,0,rolling
2024-11-12,1314,55917,POLARATUSS LIQ 120ML,0,2.5,9.0,29.53,10.88,0.0,0.0,0.0,0.0,0,rolling
2024-11-13,1314,55917,POLARATUSS LIQ 120ML,0,2.5,9.0,29.53,10.88,0.0,0.0,0.0,0.0,0,rolling
2024-11-14,1314,55917,POLARATUSS LIQ 120ML,0,2.5,9.0,29.53,10.88,0.0,0.0,0.0,0.0,0,rolling
2024-11-15,1314,55917,POLARATUSS LIQ 120ML,0,2.5,9.0,29.53,10.88,0.0,0.0,0.0,0.0,0,rolling
2024-11-16,1314,55917,POLARATUSS LIQ 120ML,0,2.5,9.0,29.53,10.88,0.0,0.0,0.0,0.0,0,rolling
2024-11-17,1314,55917,POLARATUSS LIQ 120ML,0,2.5,9.0,29.53,10.88,0.0,0.0,0.0,0.0,0,rolling
2024-11-18,1314,55917,POLARATUSS LIQ 120ML,0,2.5,9.0,29.53,10.88,0.0,0.0,0.0,0.0,0,rolling
2024-11-19,1314,55917,POLARATUSS LIQ 120ML,0,2.5,9.0,29.53,10.88,0.0,0.0,0.0,0.0,0,rolling
2024-11-20,1314,55917,POLARATUSS LIQ 120ML,0,2.5,9.0,29.53,10.88,0.0,0.0,0.0,0.0,0,rolling
2024-11-21,1314,55917,POLARATUSS LIQ 120ML,0,2.5,9.0,29.53,10.88,0.0,0.0,0.0,0.0,0,rolling
2024-11-22,1314,55917,POLARATUSS LIQ 120ML,0,2.5,9.0,29.53,10.88,0.0,0.0,0.0,0.0,0,rolling
2024-11-23,1314,55917,POLARATUSS LIQ 120ML,0,2.5,9.0,29.53,10.88,0.0,0.0,0.0,0.0,0,rolling
2024-11-24,1314,55917,POLARATUSS LIQ 120ML,0,2.5,9.0,29.53,10.88,0.0,0.0,0.0,0.0,0,rolling
2024-11-25,1314,55917,POLARATUSS LIQ 120ML,0,2.5,9.0,29.53,10.88,0.0,0.0,0.0,0.0,0,rolling
2024-11-26,1314,55917,POLARATUSS LIQ 120ML,0,2.5,9.0,29.53,10.88,0.0,0.0,0.0,0.0,0,rolling
2024-11-27,1314,55917,POLARATUSS LIQ 120ML,0,2.5,9.0,29.53,10.88,0.0,0.0,0.0,0.0,0,rolling
2024-11-28,1314,55917,POLARATUSS LIQ 120ML,0,2.5,9.0,29.53,10.88,0.0,0.0,0.0,0.0,0,rolling
2024-11-29,1314,55917,POLARATUSS LIQ 120ML,0,2.5,9.0,29.53,10.88,0.0,0.0,0.0,0.0,0,rolling
2024-11-30,1314,55917,POLARATUSS LIQ 120ML,0,2.5,9.0,29.53,10.88,0.0,0.0,0.0,0.0,0,rolling
2024-12-01,1314,55917,POLARATUSS LIQ 120ML,0,2.5,9.0,29.53,10.88,0.0,0.0,0.0,0.0,0,rolling
2024-12-02,1314,55917,POLARATUSS LIQ 120ML,0,2.5,9.0,29.53,10.88,0.0,0.0,0.0,0.0,0,rolling
2024-12-03,1314,55917,POLARATUSS LIQ 120ML,0,2.5,9.0,29.53,10.88,0.0,0.0,0.0,0.0,0,rolling
2024-12-04,1314,55917,POLARATUSS LIQ 120ML,0,2.5,9.0,29.53,10.88,0.0,0.0,0.0,0.0,0,rolling
2024-12-05,1314,55917,POLARATUSS LIQ 120ML,0,2.5,9.0,29.53,10.88,0.0,0.0,0.0,0.0,0,rolling
2024-12-06,1314,55917,POLARATUSS LIQ 120ML,0,2.5,9.0,29.53,10.88,0.0,0.0,0.0,0.0,0,rolling
2024-12-07,1314,55917,POLARATUSS LIQ 120ML,0,2.5,9.0,29.53,10.88,0.0,0.0,0.0,0.0,0,rolling
2024-12-08,1314,55917,POLARATUSS LIQ 120ML,0,2.5,9.0,29.53,10.88,0.0,0.0,0.0,0.0,0,rolling
2024-12-09,1314,55917,POLARATUSS LIQ 120ML,0,2.5,9.0,29.53,10.88,0.0,0.0,0.0,0.0,0,rolling
2024-12-10,1314,55917,POLARATUSS LIQ 120ML,0,2.5,9.0,29.53,10.88,0.0,0.0,0.0,0.0,0,rolling
2024-12-11,1314,55917,POLARATUSS LIQ 120ML,0,2.5,9.0,29.53,10.88,0.0,0.0,0.0,0.0,0,rolling
2024-12-12,1314,55917,POLARATUSS LIQ 120ML,0,2.5,9.0,29.53,10.88,0.0,0.0,0.0,0.0,0,rolling
2024-12-13,1314,55917,POLARATUSS LIQ 120ML,0,2.5,9.0,29.53,10.88,0.0,0.0,0.0,0.0,0,rolling
2024-12-14,1314,55917,POLARATUSS LIQ 120ML,0,2.5,9.0,29.53,10.88,0.0,0.0,0.0,0.0,0,rolling
2024-12-15,1314,55917,POLARATUSS LIQ 120ML,0,2.5,9.0,29.53,10.88,0.0,0.0,0.0,0.0,0,rolling
2024-12-16,1314,55917,POLARATUSS LIQ 120ML,0,2.5,9.0,29.53,10.88,0.0,0.0,0.0,0.0,0,rolling
2024-12-17,1314,55917,POLARATUSS LIQ 120ML,0,2.5,9.0,29.53,10.88,0.0,0.0,0.0,0.0,0,rolling
2024-12-18,1314,55917,POLARATUSS LIQ 120ML,0,2.5,9.0,29.53,10.88,0.0,0.0,0.0,0.0,0,rolling
2024-12-19,1314,55917,POLARATUSS LIQ 120ML,0,2.5,9.0,29.53,10.88,0.0,0.0,0.0,0.0,0,rolling
2024-12-20,1314,55917,POLARATUSS LIQ 120ML,0,2.5,9.0,29.53,10.88,0.0,0.0,0.0,0.0,0,rolling
2024-12-21,1314,55917,POLARATUSS LIQ 120ML,0,2.5,9.0,29.53,10.88,0.0,0.0,0.0,0.0,0,rolling
2024-12-22,1314,55917,POLARATUSS LIQ 120ML,0,2.5,9.0,29.53,10.88,0.0,0.0,0.0,0.0,0,rolling
2024-12-23,1314,55917,POLARATUSS LIQ 120ML,0,2.5,9.0,29.53,10.88,0.0,0.0,0.0,0.0,0,rolling
2024-12-24,1314,55917,POLARATUSS LIQ 120ML,0,2.5,9.0,29.53,10.88,0.0,0.0,0.0,0.0,0,rolling
2024-12-25,1314,55917,POLARATUSS LIQ 120ML,0,2.5,9.0,29.53,10.88,0.0,0.0,0.0,0.0,0,rolling
2024-12-26,1314,55917,POLARATUSS LIQ 120ML,0,2.5,9.0,29.53,10.88,0.0,0.0,0.0,0.0,0,rolling
2024-12-27,1314,55917,POLARATUSS LIQ 120ML,0,2.5,9.0,29.53,10.88,0.0,0.0,0.0,0.0,0,rolling
2024-12-28,1314,55917,POLARATUSS LIQ 120ML,0,2.5,9.0,29.53,10.88,0.0,0.0,0.0,0.0,0,rolling
2024-12-29,1314,55917,POLARATUSS LIQ 120ML,0,2.5,9.0,29.53,10.88,0.0,0.0,0.0,0.0,0,rolling
2024-12-30,1314,55917,POLARATUSS LIQ 120ML,0,2.5,9.0,29.53,10.88,0.0,0.0,0.0,0.0,0,rolling
2024-12-31,1314,55917,POLARATUSS LIQ 120ML,0,2.5,9.0,29.53,10.88,0.0,0.0,0.0,0.0,0,rolling
2024-10-01,1314,57814,OSELTAMIVIR 75MG CAPS/10 GN-NATCOF,1,1.0,9.0,175.88,146.1,0.0161,0.1856,0.0,0.0,0,rolling
2024-10-02,1314,57814,OSELTAMIVIR 75MG CAPS/10 GN-NATCOF,0,1.0,9.0,175.88,146.1,0.0598,0.1856,0.0,0.0,0,rolling
2024-10-03,1314,57814,OSELTAMIVIR 75MG CAPS/10 GN-NATCOF,0,1.0,9.0,175.88,146.1,0.0161,0.1856,0.0,0.0,0,rolling
2024-10-04,1314,57814,OSELTAMIVIR 75MG CAPS/10 GN-NATCOF,1,1.0,9.0,175.88,146.1,0.0161,0.1856,0.0,0.0,0,rolling
2024-10-05,1314,57814,OSELTAMIVIR 75MG CAPS/10 GN-NATCOF,0,1.0,9.0,175.88,146.1,0.0161,0.1856,0.0,0.0,0,rolling
2024-10-06,1314,57814,OSELTAMIVIR 75MG CAPS/10 GN-NATCOF,0,1.0,9.0,175.88,146.1,0.0161,0.1856,0.0,0.0,0,rolling
2024-10-07,1314,57814,OSELTAMIVIR 75MG CAPS/10 GN-NATCOF,0,1.0,9.0,175.88,146.1,0.0598,0.1856,0.0,0.0,0,rolling
2024-10-08,1314,57814,OSELTAMIVIR 75MG CAPS/10 GN-NATCOF,0,1.0,9.0,175.88,146.1,0.0161,0.1856,0.0,0.0,0,rolling
2024-10-09,1314,57814,OSELTAMIVIR 75MG CAPS/10 GN-NATCOF,0,1.0,9.0,175.88,146.1,0.0598,0.1856,0.0,0.0,0,rolling
2024-10-10,1314,57814,OSELTAMIVIR 75MG CAPS/10 GN-NATCOF,0,1.0,9.0,175.88,146.1,0.0161,0.1856,0.0,0.0,0,rolling
2024-10-11,1314,57814,OSELTAMIVIR 75MG CAPS/10 GN-NATCOF,1,1.0,9.0,175.88,146.1,0.0161,0.1856,0.0,0.0,0,rolling
2024-10-12,1314,57814,OSELTAMIVIR 75MG CAPS/10 GN-NATCOF,0,1.0,9.0,175.88,146.1,0.0161,0.1856,0.0,0.0,0,rolling
2024-10-13,1314,57814,OSELTAMIVIR 75MG CAPS/10 GN-NATCOF,0,1.0,9.0,175.88,146.1,0.0161,0.1856,0.0,0.0,0,rolling
2024-10-14,1314,57814,OSELTAMIVIR 75MG CAPS/10 GN-NATCOF,0,1.0,9.0,175.88,146.1,0.0598,0.1856,0.0,0.0,0,rolling
2024-10-15,1314,57814,OSELTAMIVIR 75MG CAPS/10 GN-NATCOF,0,1.0,9.0,175.88,146.1,0.0161,0.1856,0.0,0.0,0,rolling
2024-10-16,1314,57814,OSELTAMIVIR 75MG CAPS/10 GN-NATCOF,0,1.0,9.0,175.88,146.1,0.0598,0.1856,0.0,0.0,0,rolling
2024-10-17,1314,57814,OSELTAMIVIR 75MG CAPS/10 GN-NATCOF,0,1.0,9.0,175.88,146.1,0.0161,0.1856,0.0,0.0,0,rolling
2024-10-18,1314,57814,OSELTAMIVIR 75MG CAPS/10 GN-NATCOF,1,1.0,9.0,175.88,146.1,0.0161,0.1856,0.0,0.0,0,rolling
2024-10-19,1314,57814,OSELTAMIVIR 75MG CAPS/10 GN-NATCOF,0,1.0,9.0,175.88,146.1,0.0161,0.1856,0.0,0.0,0,rolling
2024-10-20,1314,57814,OSELTAMIVIR 75MG CAPS/10 GN-NATCOF,0,1.0,9.0,175.88,146.1,0.0161,0.1856,0.0,0.0,0,rolling
2024-10-21,1314,57814,OSELTAMIVIR 75MG CAPS/10 GN-NATCOF,0,1.0,9.0,175.88,146.1,0.0598,0.1856,0.0,0.0,0,rolling
2024-10-22,1314,57814,OSELTAMIVIR 75MG CAPS/10 GN-NATCOF,0,1.0,9.0,175.88,146.1,0.0161,0.1324,0.0,0.0,0,rolling
2024-10-23,1314,57814,OSELTAMIVIR 75MG CAPS/10 GN-NATCOF,0,1.0,9.0,175.88,146.1,0.0598,0.1324,0.0,0.0,0,rolling
2024-10-24,1314,57814,OSELTAMIVIR 75MG CAPS/10 GN-NATCOF,0,1.0,9.0,175.88,146.1,0.0,0.1324,0.0,0.0,0,rolling
2024-10-25,1314,57814,OSELTAMIVIR 75MG CAPS/10 GN-NATCOF,1,1.0,9.0,175.88,146.1,0.0,0.1324,0.0,0.0,0,rolling
2024-10-26,1314,57814,OSELTAMIVIR 75MG CAPS/10 GN-NATCOF,0,1.0,9.0,175.88,146.1,0.0,0.1324,0.0,0.0,0,rolling
2024-10-27,1314,57814,OSELTAMIVIR 75MG CAPS/10 GN-NATCOF,0,1.0,9.0,175.88,146.1,0.0,0.1324,0.0,0.0,0,rolling
2024-10-28,1314,57814,OSELTAMIVIR 75MG CAPS/10 GN-NATCOF,0,1.0,9.0,175.88,146.1,0.0,0.1324,0.0,0.0,0,rolling
2024-10-29,1314,57814,OSELTAMIVIR 75MG CAPS/10 GN-NATCOF,0,1.0,9.0,175.88,146.1,0.0,0.1324,0.0,0.0,0,rolling
2024-10-30,1314,57814,OSELTAMIVIR 75MG CAPS/10 GN-NATCOF,0,1.0,9.0,175.88,146.1,0.0437,0.1324,0.0,0.0,0,rolling
2024-10-31,1314,57814,OSELTAMIVIR 75MG CAPS/10 GN-NATCOF,0,1.0,9.0,175.88,146.1,0.0,0.1324,0.0,0.0,0,rolling
2024-11-01,1314,57814,OSELTAMIVIR 75MG CAPS/10 GN-NATCOF,1,1.0,9.0,175.88,146.1,0.0,0.1324,0.0,0.0,0,rolling
2024-11-02,1314,57814,OSELTAMIVIR 75MG CAPS/10 GN-NATCOF,0,1.0,9.0,175.88,146.1,0.0,0.1324,0.0,0.0,0,rolling
2024-11-03,1314,57814,OSELTAMIVIR 75MG CAPS/10 GN-NATCOF,0,1.0,9.0,175.88,146.1,0.0,0.1324,0.0,0.0,0,rolling
2024-11-04,1314,57814,OSELTAMIVIR 75MG CAPS/10 GN-NATCOF,0,1.0,9.0,175.88,146.1,0.0,0.1324,0.0,0.0,0,rolling
2024-11-05,1314,57814,OSELTAMIVIR 75MG CAPS/10 GN-NATCOF,0,1.0,9.0,175.88,146.1,0.0,0.1324,0.0,0.0,0,rolling
2024-11-06,1314,57814,OSELTAMIVIR 75MG CAPS/10 GN-NATCOF,0,1.0,9.0,175.88,146.1,0.0437,0.1324,0.0,0.0,0,rolling
2024-11-07,1314,57814,OSELTAMIVIR 75MG CAPS/10 GN-NATCOF,0,1.0,9.0,175.88,146.1,0.0,0.1324,0.0,0.0,0,rolling
2024-11-08,1314,57814,OSELTAMIVIR 75MG CAPS/10 GN-NATCOF,1,1.0,9.0,175.88,146.1,0.0,0.1324,0.0,0.0,0,rolling
2024-11-09,1314,57814,OSELTAMIVIR 75MG CAPS/10 GN-NATCOF,0,1.0,9.0,175.88,146.1,0.0,0.1324,0.0,0.0,0,rolling
2024-11-10,1314,57814,OSELTAMIVIR 75MG CAPS/10 GN-NATCOF,0,1.0,9.0,175.88,146.1,0.0,0.1324,0.0,0.0,0,rolling
2024-11-11,1314,57814,OSELTAMIVIR 75MG CAPS/10 GN-NATCOF,0,1.0,9.0,175.88,146.1,0.0,0.1324,0.0,0.0,0,rolling
2024-11-12,1314,57814,OSELTAMIVIR 75MG CAPS/10 GN-NATCOF,0,1.0,9.0,175.88,146.1,0.0,0.1324,0.0,0.0,0,rolling
2024-11-13,1314,57814,OSELTAMIVIR 75MG CAPS/10 GN-NATCOF,0,1.0,9.0,175.88,146.1,0.0437,0.1324,0.0,0.0,0,rolling
2024-11-14,1314,57814,OSELTAMIVIR 75MG CAPS/10 GN-NATCOF,0,1.0,9.0,175.88,146.1,0.0,0.1324,0.0,0.0,0,rolling
2024-11-15,1314,57814,OSELTAMIVIR 75MG CAPS/10 GN-NATCOF,1,1.0,9.0,175.88,146.1,0.0,0.1324,0.0,0.0,0,rolling
2024-11-16,1314,57814,OSELTAMIVIR 75MG CAPS/10 GN-NATCOF,0,1.0,9.0,175.88,146.1,0.0,0.1324,0.0,0.0,0,rolling
2024-11-17,1314,57814,OSELTAMIVIR 75MG CAPS/10 GN-NATCOF,0,1.0,9.0,175.88,146.1,0.0,0.1324,0.0,0.0,0,rolling
2024-11-18,1314,57814,OSELTAMIVIR 75MG CAPS/10 GN-NATCOF,0,1.0,9.0,175.88,146.1,0.0,0.1324,0.0,0.0,0,rolling
2024-11-19,1314,57814,OSELTAMIVIR 75MG CAPS/10 GN-NATCOF,0,1.0,9.0,175.88,146.1,0.0,0.1324,0.0,0.0,0,rolling
2024-11-20,1314,57814,OSELTAMIVIR 75MG CAPS/10 GN-NATCOF,0,1.0,9.0,175.88,146.1,0.0437,0.1324,0.0,0.0,0,rolling
2024-11-21,1314,57814,OSELTAMIVIR 75MG CAPS/10 GN-NATCOF,0,1.0,9.0,175.88,146.1,0.0,0.0,0.0,0.0,0,rolling
2024-11-22,1314,57814,OSELTAMIVIR 75MG CAPS/10 GN-NATCOF,1,1.0,9.0,175.88,146.1,0.0,0.0,0.0,0.0,0,rolling
2024-11-23,1314,57814,OSELTAMIVIR 75MG CAPS/10 GN-NATCOF,0,1.0,9.0,175.88,146.1,0.0,0.0,0.0,0.0,0,rolling
2024-11-24,1314,57814,OSELTAMIVIR 75MG CAPS/10 GN-NATCOF,0,1.0,9.0,175.88,146.1,0.0,0.0,0.0,0.0,0,rolling
2024-11-25,1314,57814,OSELTAMIVIR 75MG CAPS/10 GN-NATCOF,0,1.0,9.0,175.88,146.1,0.0,0.0,0.0,0.0,0,rolling
2024-11-26,1314,57814,OSELTAMIVIR 75MG CAPS/10 GN-NATCOF,0,1.0,9.0,175.88,146.1,0.0,0.0,0.0,0.0,0,rolling
2024-11-27,1314,57814,OSELTAMIVIR 75MG CAPS/10 GN-NATCOF,0,1.0,9.0,175.88,146.1,0.0,0.0,0.0,0.0,0,rolling
2024-11-28,1314,57814,OSELTAMIVIR 75MG CAPS/10 GN-NATCOF,0,1.0,9.0,175.88,146.1,0.0,0.0,0.0,0.0,0,rolling
2024-11-29,1314,57814,OSELTAMIVIR 75MG CAPS/10 GN-NATCOF,1,1.0,9.0,175.88,146.1,0.0,0.0,0.0,0.0,0,rolling
2024-11-30,1314,57814,OSELTAMIVIR 75MG CAPS/10 GN-NATCOF,0,1.0,9.0,175.88,146.1,0.0,0.0,0.0,0.0,0,rolling
2024-12-01,1314,57814,OSELTAMIVIR 75MG CAPS/10 GN-NATCOF,0,1.0,9.0,175.88,146.1,0.0,0.0,0.0,0.0,0,rolling
2024-12-02,1314,57814,OSELTAMIVIR 75MG CAPS/10 GN-NATCOF,0,1.0,9.0,175.88,146.1,0.0,0.0,0.0,0.0,0,rolling
2024-12-03,1314,57814,OSELTAMIVIR 75MG CAPS/10 GN-NATCOF,0,1.0,9.0,175.88,146.1,0.0,0.0,0.0,0.0,0,rolling
2024-12-04,1314,57814,OSELTAMIVIR 75MG CAPS/10 GN-NATCOF,0,1.0,9.0,175.88,146.1,0.0,0.0,0.0,0.0,0,rolling
2024-12-05,1314,57814,OSELTAMIVIR 75MG CAPS/10 GN-NATCOF,0,1.0,9.0,175.88,146.1,0.0,0.0,0.0,0.0,0,rolling
2024-12-06,1314,57814,OSELTAMIVIR 75MG CAPS/10 GN-NATCOF,1,1.0,9.0,175.88,146.1,0.0,0.0,0.0,0.0,0,rolling
2024-12-07,1314,57814,OSELTAMIVIR 75MG CAPS/10 GN-NATCOF,0,1.0,9.0,175.88,146.1,0.0,0.0,0.0,0.0,0,rolling
2024-12-08,1314,57814,OSELTAMIVIR 75MG CAPS/10 GN-NATCOF,0,1.0,9.0,175.88,146.1,0.0,0.0,0.0,0.0,0,rolling
2024-12-09,1314,57814,OSELTAMIVIR 75MG CAPS/10 GN-NATCOF,0,1.0,9.0,175.88,146.1,0.0,0.0,0.0,0.0,0,rolling
2024-12-10,1314,57814,OSELTAMIVIR 75MG CAPS/10 GN-NATCOF,0,1.0,9.0,175.88,146.1,0.0,0.0,0.0,0.0,0,rolling
2024-12-11,1314,57814,OSELTAMIVIR 75MG CAPS/10 GN-NATCOF,0,1.0,9.0,175.88,146.1,0.0,0.0,0.0,0.0,0,rolling
2024-12-12,1314,57814,OSELTAMIVIR 75MG CAPS/10 GN-NATCOF,0,1.0,9.0,175.88,146.1,0.0,0.0,0.0,0.0,0,rolling
2024-12-13,1314,57814,OSELTAMIVIR 75MG CAPS/10 GN-NATCOF,1,1.0,9.0,175.88,146.1,0.0,0.0,0.0,0.0,0,rolling
2024-12-14,1314,57814,OSELTAMIVIR 75MG CAPS/10 GN-NATCOF,0,1.0,9.0,175.88,146.1,0.0,0.0,0.0,0.0,0,rolling
2024-12-15,1314,57814,OSELTAMIVIR 75MG CAPS/10 GN-NATCOF,0,1.0,9.0,175.88,146.1,0.0,0.0,0.0,0.0,0,rolling
2024-12-16,1314,57814,OSELTAMIVIR 75MG CAPS/10 GN-NATCOF,0,1.0,9.0,175.88,146.1,0.0,0.0,0.0,0.0,0,rolling
2024-12-17,1314,57814,OSELTAMIVIR 75MG CAPS/10 GN-NATCOF,0,1.0,9.0,175.88,146.1,0.0,0.0,0.0,0.0,0,rolling
2024-12-18,1314,57814,OSELTAMIVIR 75MG CAPS/10 GN-NATCOF,0,1.0,9.0,175.88,146.1,0.0,0.0,0.0,0.0,0,rolling
2024-12-19,1314,57814,OSELTAMIVIR 75MG CAPS/10 GN-NATCOF,0,1.0,9.0,175.88,146.1,0.0,0.0,0.0,0.0,0,rolling
2024-12-20,1314,57814,OSELTAMIVIR 75MG CAPS/10 GN-NATCOF,1,1.0,9.0,175.88,146.1,0.0,0.0,0.0,0.0,0,rolling
2024-12-21,1314,57814,OSELTAMIVIR 75MG CAPS/10 GN-NATCOF,0,1.0,9.0,175.88,146.1,0.0,0.0,0.0,0.0,0,rolling
2024-12-22,1314,57814,OSELTAMIVIR 75MG CAPS/10 GN-NATCOF,0,1.0,9.0,175.88,146.1,0.0,0.0,0.0,0.0,0,rolling
2024-12-23,1314,57814,OSELTAMIVIR 75MG CAPS/10 GN-NATCOF,0,1.0,9.0,175.88,146.1,0.0,0.0,0.0,0.0,0,rolling
2024-12-24,1314,57814,OSELTAMIVIR 75MG CAPS/10 GN-NATCOF,0,1.0,9.0,175.88,146.1,0.0,0.0,0.0,0.0,0,rolling
2024-12-25,1314,57814,OSELTAMIVIR 75MG CAPS/10 GN-NATCOF,0,1.0,9.0,175.88,146.1,0.0,0.0,0.0,0.0,0,rolling
2024-12-26,1314,57814,OSELTAMIVIR 75MG CAPS/10 GN-NATCOF,0,1.0,9.0,175.88,146.1,0.0,0.0,0.0,0.0,0,rolling
2024-12-27,1314,57814,OSELTAMIVIR 75MG CAPS/10 GN-NATCOF,1,1.0,9.0,175.88,146.1,0.0,0.0,0.0,0.0,0,rolling
2024-12-28,1314,57814,OSELTAMIVIR 75MG CAPS/10 GN-NATCOF,0,1.0,9.0,175.88,146.1,0.0,0.0,0.0,0.0,0,rolling
2024-12-29,1314,57814,OSELTAMIVIR 75MG CAPS/10 GN-NATCOF,0,1.0,9.0,175.88,146.1,0.0,0.0,0.0,0.0,0,rolling
2024-12-30,1314,57814,OSELTAMIVIR 75MG CAPS/10 GN-NATCOF,0,1.0,9.0,175.88,146.1,0.0,0.0,0.0,0.0,0,rolling
2024-12-31,1314,57814,OSELTAMIVIR 75MG CAPS/10 GN-NATCOF,0,1.0,9.0,175.88,146.1,0.0,0.0,0.0,0.0,0,rolling
2024-10-01,1314,57816,OSELTAMIVIR 30MG CAPS/10 GN-NATCOF,1,1.0,9.0,70.35,60.33,0.0482,0.294,0.0,0.0,1,rolling
2024-10-02,1314,57816,OSELTAMIVIR 30MG CAPS/10 GN-NATCOF,0,1.0,9.0,70.35,60.33,0.1357,0.294,0.0,0.0,0,rolling
2024-10-03,1314,57816,OSELTAMIVIR 30MG CAPS/10 GN-NATCOF,0,1.0,9.0,70.35,60.33,0.092,0.294,0.0,0.0,0,rolling
2024-10-04,1314,57816,OSELTAMIVIR 30MG CAPS/10 GN-NATCOF,1,1.0,9.0,70.35,60.33,0.0482,0.294,0.0,0.0,0,rolling
2024-10-05,1314,57816,OSELTAMIVIR 30MG CAPS/10 GN-NATCOF,0,1.0,9.0,70.35,60.33,0.0482,0.294,0.0,0.0,0,rolling
2024-10-06,1314,57816,OSELTAMIVIR 30MG CAPS/10 GN-NATCOF,0,1.0,9.0,70.35,60.33,0.0482,0.294,0.0,0.0,0,rolling
2024-10-07,1314,57816,OSELTAMIVIR 30MG CAPS/10 GN-NATCOF,0,1.0,9.0,70.35,60.33,0.0482,0.294,0.0,0.0,0,rolling
2024-10-08,1314,57816,OSELTAMIVIR 30MG CAPS/10 GN-NATCOF,0,1.0,9.0,70.35,60.33,0.0482,0.294,0.0,0.0,0,rolling
2024-10-09,1314,57816,OSELTAMIVIR 30MG CAPS/10 GN-NATCOF,0,1.0,9.0,70.35,60.33,0.1357,0.294,0.0,0.0,0,rolling
2024-10-10,1314,57816,OSELTAMIVIR 30MG CAPS/10 GN-NATCOF,0,1.0,9.0,70.35,60.33,0.092,0.294,0.0,0.0,0,rolling
2024-10-11,1314,57816,OSELTAMIVIR 30MG CAPS/10 GN-NATCOF,1,1.0,9.0,70.35,60.33,0.0482,0.294,0.0,0.0,0,rolling
2024-10-12,1314,57816,OSELTAMIVIR 30MG CAPS/10 GN-NATCOF,0,1.0,9.0,70.35,60.33,0.0482,0.294,0.0,0.0,0,rolling
2024-10-13,1314,57816,OSELTAMIVIR 30MG CAPS/10 GN-NATCOF,0,1.0,9.0,70.35,60.33,0.0482,0.294,0.0,0.0,0,rolling
2024-10-14,1314,57816,OSELTAMIVIR 30MG CAPS/10 GN-NATCOF,0,1.0,9.0,70.35,60.33,0.0482,0.294,0.0,0.0,0,rolling
2024-10-15,1314,57816,OSELTAMIVIR 30MG CAPS/10 GN-NATCOF,0,1.0,9.0,70.35,60.33,0.0482,0.294,0.0,0.0,0,rolling
2024-10-16,1314,57816,OSELTAMIVIR 30MG CAPS/10 GN-NATCOF,0,1.0,9.0,70.35,60.33,0.1357,0.294,0.0,0.0,0,rolling
2024-10-17,1314,57816,OSELTAMIVIR 30MG CAPS/10 GN-NATCOF,0,1.0,9.0,70.35,60.33,0.092,0.294,0.0,0.0,0,rolling
2024-10-18,1314,57816,OSELTAMIVIR 30MG CAPS/10 GN-NATCOF,1,1.0,9.0,70.35,60.33,0.0482,0.294,0.0,0.0,0,rolling
2024-10-19,1314,57816,OSELTAMIVIR 30MG CAPS/10 GN-NATCOF,0,1.0,9.0,70.35,60.33,0.0482,0.294,0.0,0.0,0,rolling
2024-10-20,1314,57816,OSELTAMIVIR 30MG CAPS/10 GN-NATCOF,0,1.0,9.0,70.35,60.33,0.0482,0.294,0.0,0.0,0,rolling
2024-10-21,1314,57816,OSELTAMIVIR 30MG CAPS/10 GN-NATCOF,0,1.0,9.0,70.35,60.33,0.0482,0.294,0.0,0.0,0,rolling
2024-10-22,1314,57816,OSELTAMIVIR 30MG CAPS/10 GN-NATCOF,0,1.0,9.0,70.35,60.33,0.0482,0.294,0.0,0.0,0,rolling
2024-10-23,1314,57816,OSELTAMIVIR 30MG CAPS/10 GN-NATCOF,0,1.0,9.0,70.35,60.33,0.1357,0.294,0.0,0.0,0,rolling
2024-10-24,1314,57816,OSELTAMIVIR 30MG CAPS/10 GN-NATCOF,0,1.0,9.0,70.35,60.33,0.0598,0.294,0.0,0.0,0,rolling
2024-10-25,1314,57816,OSELTAMIVIR 30MG CAPS/10 GN-NATCOF,1,1.0,9.0,70.35,60.33,0.0,0.294,0.0,0.0,0,rolling
2024-10-26,1314,57816,OSELTAMIVIR 30MG CAPS/10 GN-NATCOF,0,1.0,9.0,70.35,60.33,0.0,0.294,0.0,0.0,0,rolling
2024-10-27,1314,57816,OSELTAMIVIR 30MG CAPS/10 GN-NATCOF,0,1.0,9.0,70.35,60.33,0.0,0.294,0.0,0.0,0,rolling
2024-10-28,1314,57816,OSELTAMIVIR 30MG CAPS/10 GN-NATCOF,0,1.0,9.0,70.35,60.33,0.0,0.294,0.0,0.0,0,rolling
2024-10-29,1314,57816,OSELTAMIVIR 30MG CAPS/10 GN-NATCOF,0,1.0,9.0,70.35,60.33,0.0,0.294,0.0,0.0,0,rolling
2024-10-30,1314,57816,OSELTAMIVIR 30MG CAPS/10 GN-NATCOF,0,1.0,9.0,70.35,60.33,0.0875,0.294,0.0,0.0,0,rolling
2024-10-31,1314,57816,OSELTAMIVIR 30MG CAPS/10 GN-NATCOF,0,1.0,9.0,70.35,60.33,0.0437,0.294,0.0,0.0,0,rolling
2024-11-01,1314,57816,OSELTAMIVIR 30MG CAPS/10 GN-NATCOF,1,1.0,9.0,70.35,60.33,0.0,0.294,0.0,0.0,0,rolling
2024-11-02,1314,57816,OSELTAMIVIR 30MG CAPS/10 GN-NATCOF,0,1.0,9.0,70.35,60.33,0.0,0.294,0.0,0.0,0,rolling
2024-11-03,1314,57816,OSELTAMIVIR 30MG CAPS/10 GN-NATCOF,0,1.0,9.0,70.35,60.33,0.0,0.294,0.0,0.0,0,rolling
2024-11-04,1314,57816,OSELTAMIVIR 30MG CAPS/10 GN-NATCOF,0,1.0,9.0,70.35,60.33,0.0,0.294,0.0,0.0,0,rolling
2024-11-05,1314,57816,OSELTAMIVIR 30MG CAPS/10 GN-NATCOF,0,1.0,9.0,70.35,60.33,0.0,0.294,0.0,0.0,0,rolling
2024-11-06,1314,57816,OSELTAMIVIR 30MG CAPS/10 GN-NATCOF,0,1.0,9.0,70.35,60.33,0.0875,0.294,0.0,0.0,0,rolling
2024-11-07,1314,57816,OSELTAMIVIR 30MG CAPS/10 GN-NATCOF,0,1.0,9.0,70.35,60.33,0.0437,0.294,0.0,0.0,0,rolling
2024-11-08,1314,57816,OSELTAMIVIR 30MG CAPS/10 GN-NATCOF,1,1.0,9.0,70.35,60.33,0.0,0.294,0.0,0.0,0,rolling
2024-11-09,1314,57816,OSELTAMIVIR 30MG CAPS/10 GN-NATCOF,0,1.0,9.0,70.35,60.33,0.0,0.294,0.0,0.0,0,rolling
2024-11-10,1314,57816,OSELTAMIVIR 30MG CAPS/10 GN-NATCOF,0,1.0,9.0,70.35,60.33,0.0,0.294,0.0,0.0,0,rolling
2024-11-11,1314,57816,OSELTAMIVIR 30MG CAPS/10 GN-NATCOF,0,1.0,9.0,70.35,60.33,0.0,0.294,0.0,0.0,0,rolling
2024-11-12,1314,57816,OSELTAMIVIR 30MG CAPS/10 GN-NATCOF,0,1.0,9.0,70.35,60.33,0.0,0.294,0.0,0.0,0,rolling
2024-11-13,1314,57816,OSELTAMIVIR 30MG CAPS/10 GN-NATCOF,0,1.0,9.0,70.35,60.33,0.0875,0.294,0.0,0.0,0,rolling
2024-11-14,1314,57816,OSELTAMIVIR 30MG CAPS/10 GN-NATCOF,0,1.0,9.0,70.35,60.33,0.0437,0.294,0.0,0.0,0,rolling
2024-11-15,1314,57816,OSELTAMIVIR 30MG CAPS/10 GN-NATCOF,1,1.0,9.0,70.35,60.33,0.0,0.294,0.0,0.0,0,rolling
2024-11-16,1314,57816,OSELTAMIVIR 30MG CAPS/10 GN-NATCOF,0,1.0,9.0,70.35,60.33,0.0,0.294,0.0,0.0,0,rolling
2024-11-17,1314,57816,OSELTAMIVIR 30MG CAPS/10 GN-NATCOF,0,1.0,9.0,70.35,60.33,0.0,0.294,0.0,0.0,0,rolling
2024-11-18,1314,57816,OSELTAMIVIR 30MG CAPS/10 GN-NATCOF,0,1.0,9.0,70.35,60.33,0.0,0.294,0.0,0.0,0,rolling
2024-11-19,1314,57816,OSELTAMIVIR 30MG CAPS/10 GN-NATCOF,0,1.0,9.0,70.35,60.33,0.0,0.294,0.0,0.0,0,rolling
2024-11-20,1314,57816,OSELTAMIVIR 30MG CAPS/10 GN-NATCOF,0,1.0,9.0,70.35,60.33,0.0875,0.294,0.0,0.0,0,rolling
2024-11-21,1314,57816,OSELTAMIVIR 30MG CAPS/10 GN-NATCOF,0,1.0,9.0,70.35,60.33,0.0437,0.1324,0.0,0.0,0,rolling
2024-11-22,1314,57816,OSELTAMIVIR 30MG CAPS/10 GN-NATCOF,1,1.0,9.0,70.35,60.33,0.0,0.0,0.0,0.0,0,rolling
2024-11-23,1314,57816,OSELTAMIVIR 30MG CAPS/10 GN-NATCOF,0,1.0,9.0,70.35,60.33,0.0,0.0,0.0,0.0,0,rolling
2024-11-24,1314,57816,OSELTAMIVIR 30MG CAPS/10 GN-NATCOF,0,1.0,9.0,70.35,60.33,0.0,0.0,0.0,0.0,0,rolling
2024-11-25,1314,57816,OSELTAMIVIR 30MG CAPS/10 GN-NATCOF,0,1.0,9.0,70.35,60.33,0.0,0.0,0.0,0.0,0,rolling
2024-11-26,1314,57816,OSELTAMIVIR 30MG CAPS/10 GN-NATCOF,0,1.0,9.0,70.35,60.33,0.0,0.0,0.0,0.0,0,rolling
2024-11-27,1314,57816,OSELTAMIVIR 30MG CAPS/10 GN-NATCOF,0,1.0,9.0,70.35,60.33,0.0,0.0,0.0,0.0,0,rolling
2024-11-28,1314,57816,OSELTAMIVIR 30MG CAPS/10 GN-NATCOF,0,1.0,9.0,70.35,60.33,0.0,0.0,0.0,0.0,0,rolling
2024-11-29,1314,57816,OSELTAMIVIR 30MG CAPS/10 GN-NATCOF,1,1.0,9.0,70.35,60.33,0.0,0.0,0.0,0.0,0,rolling
2024-11-30,1314,57816,OSELTAMIVIR 30MG CAPS/10 GN-NATCOF,0,1.0,9.0,70.35,60.33,0.0,0.0,0.0,0.0,0,rolling
2024-12-01,1314,57816,OSELTAMIVIR 30MG CAPS/10 GN-NATCOF,0,1.0,9.0,70.35,60.33,0.0,0.0,0.0,0.0,0,rolling
2024-12-02,1314,57816,OSELTAMIVIR 30MG CAPS/10 GN-NATCOF,0,1.0,9.0,70.35,60.33,0.0,0.0,0.0,0.0,0,rolling
2024-12-03,1314,57816,OSELTAMIVIR 30MG CAPS/10 GN-NATCOF,0,1.0,9.0,70.35,60.33,0.0,0.0,0.0,0.0,0,rolling
2024-12-04,1314,57816,OSELTAMIVIR 30MG CAPS/10 GN-NATCOF,0,1.0,9.0,70.35,60.33,0.0,0.0,0.0,0.0,0,rolling
2024-12-05,1314,57816,OSELTAMIVIR 30MG CAPS/10 GN-NATCOF,0,1.0,9.0,70.35,60.33,0.0,0.0,0.0,0.0,0,rolling
2024-12-06,1314,57816,OSELTAMIVIR 30MG CAPS/10 GN-NATCOF,1,1.0,9.0,70.35,60.33,0.0,0.0,0.0,0.0,0,rolling
2024-12-07,1314,57816,OSELTAMIVIR 30MG CAPS/10 GN-NATCOF,0,1.0,9.0,70.35,60.33,0.0,0.0,0.0,0.0,0,rolling
2024-12-08,1314,57816,OSELTAMIVIR 30MG CAPS/10 GN-NATCOF,0,1.0,9.0,70.35,60.33,0.0,0.0,0.0,0.0,0,rolling
2024-12-09,1314,57816,OSELTAMIVIR 30MG CAPS/10 GN-NATCOF,0,1.0,9.0,70.35,60.33,0.0,0.0,0.0,0.0,0,rolling
2024-12-10,1314,57816,OSELTAMIVIR 30MG CAPS/10 GN-NATCOF,0,1.0,9.0,70.35,60.33,0.0,0.0,0.0,0.0,0,rolling
2024-12-11,1314,57816,OSELTAMIVIR 30MG CAPS/10 GN-NATCOF,0,1.0,9.0,70.35,60.33,0.0,0.0,0.0,0.0,0,rolling
2024-12-12,1314,57816,OSELTAMIVIR 30MG CAPS/10 GN-NATCOF,0,1.0,9.0,70.35,60.33,0.0,0.0,0.0,0.0,0,rolling
2024-12-13,1314,57816,OSELTAMIVIR 30MG CAPS/10 GN-NATCOF,1,1.0,9.0,70.35,60.33,0.0,0.0,0.0,0.0,0,rolling
2024-12-14,1314,57816,OSELTAMIVIR 30MG CAPS/10 GN-NATCOF,0,1.0,9.0,70.35,60.33,0.0,0.0,0.0,0.0,0,rolling
2024-12-15,1314,57816,OSELTAMIVIR 30MG CAPS/10 GN-NATCOF,0,1.0,9.0,70.35,60.33,0.0,0.0,0.0,0.0,0,rolling
2024-12-16,1314,57816,OSELTAMIVIR 30MG CAPS/10 GN-NATCOF,0,1.0,9.0,70.35,60.33,0.0,0.0,0.0,0.0,0,rolling
2024-12-17,1314,57816,OSELTAMIVIR 30MG CAPS/10 GN-NATCOF,0,1.0,9.0,70.35,60.33,0.0,0.0,0.0,0.0,0,rolling
2024-12-18,1314,57816,OSELTAMIVIR 30MG CAPS/10 GN-NATCOF,0,1.0,9.0,70.35,60.33,0.0,0.0,0.0,0.0,0,rolling
2024-12-19,1314,57816,OSELTAMIVIR 30MG CAPS/10 GN-NATCOF,0,1.0,9.0,70.35,60.33,0.0,0.0,0.0,0.0,0,rolling
2024-12-20,1314,57816,OSELTAMIVIR 30MG CAPS/10 GN-NATCOF,1,1.0,9.0,70.35,60.33,0.0,0.0,0.0,0.0,0,rolling
2024-12-21,1314,57816,OSELTAMIVIR 30MG CAPS/10 GN-NATCOF,0,1.0,9.0,70.35,60.33,0.0,0.0,0.0,0.0,0,rolling
2024-12-22,1314,57816,OSELTAMIVIR 30MG CAPS/10 GN-NATCOF,0,1.0,9.0,70.35,60.33,0.0,0.0,0.0,0.0,0,rolling
2024-12-23,1314,57816,OSELTAMIVIR 30MG CAPS/10 GN-NATCOF,0,1.0,9.0,70.35,60.33,0.0,0.0,0.0,0.0,0,rolling
2024-12-24,1314,57816,OSELTAMIVIR 30MG CAPS/10 GN-NATCOF,0,1.0,9.0,70.35,60.33,0.0,0.0,0.0,0.0,0,rolling
2024-12-25,1314,57816,OSELTAMIVIR 30MG CAPS/10 GN-NATCOF,0,1.0,9.0,70.35,60.33,0.0,0.0,0.0,0.0,0,rolling
2024-12-26,1314,57816,OSELTAMIVIR 30MG CAPS/10 GN-NATCOF,0,1.0,9.0,70.35,60.33,0.0,0.0,0.0,0.0,0,rolling
2024-12-27,1314,57816,OSELTAMIVIR 30MG CAPS/10 GN-NATCOF,1,1.0,9.0,70.35,60.33,0.0,0.0,0.0,0.0,0,rolling
2024-12-28,1314,57816,OSELTAMIVIR 30MG CAPS/10 GN-NATCOF,0,1.0,9.0,70.35,60.33,0.0,0.0,0.0,0.0,0,rolling
2024-12-29,1314,57816,OSELTAMIVIR 30MG CAPS/10 GN-NATCOF,0,1.0,9.0,70.35,60.33,0.0,0.0,0.0,0.0,0,rolling
2024-12-30,1314,57816,OSELTAMIVIR 30MG CAPS/10 GN-NATCOF,0,1.0,9.0,70.35,60.33,0.0,0.0,0.0,0.0,0,rolling
2024-12-31,1314,57816,OSELTAMIVIR 30MG CAPS/10 GN-NATCOF,0,1.0,9.0,70.35,60.33,0.0,0.0,0.0,0.0,0,rolling
2024-10-01,1314,57817,OSELTAMIVIR 45MG CAPS/10 GN-NATCOF,1,2.5,9.0,105.53,91.34,0.0,0.0,0.0,0.0,0,rolling
2024-10-02,1314,57817,OSELTAMIVIR 45MG CAPS/10 GN-NATCOF,0,2.5,9.0,105.53,91.34,0.0,0.0,0.0,0.0,0,rolling
2024-10-03,1314,57817,OSELTAMIVIR 45MG CAPS/10 GN-NATCOF,0,2.5,9.0,105.53,91.34,0.0,0.0,0.0,0.0,0,rolling
2024-10-04,1314,57817,OSELTAMIVIR 45MG CAPS/10 GN-NATCOF,1,2.5,9.0,105.53,91.34,0.0,0.0,0.0,0.0,0,rolling
2024-10-05,1314,57817,OSELTAMIVIR 45MG CAPS/10 GN-NATCOF,0,2.5,9.0,105.53,91.34,0.0,0.0,0.0,0.0,0,rolling
2024-10-06,1314,57817,OSELTAMIVIR 45MG CAPS/10 GN-NATCOF,0,2.5,9.0,105.53,91.34,0.0,0.0,0.0,0.0,0,rolling
2024-10-07,1314,57817,OSELTAMIVIR 45MG CAPS/10 GN-NATCOF,0,2.5,9.0,105.53,91.34,0.0,0.0,0.0,0.0,0,rolling
2024-10-08,1314,57817,OSELTAMIVIR 45MG CAPS/10 GN-NATCOF,0,2.5,9.0,105.53,91.34,0.0,0.0,0.0,0.0,0,rolling
2024-10-09,1314,57817,OSELTAMIVIR 45MG CAPS/10 GN-NATCOF,0,2.5,9.0,105.53,91.34,0.0,0.0,0.0,0.0,0,rolling
2024-10-10,1314,57817,OSELTAMIVIR 45MG CAPS/10 GN-NATCOF,0,2.5,9.0,105.53,91.34,0.0,0.0,0.0,0.0,0,rolling
2024-10-11,1314,57817,OSELTAMIVIR 45MG CAPS/10 GN-NATCOF,1,2.5,9.0,105.53,91.34,0.0,0.0,0.0,0.0,0,rolling
2024-10-12,1314,57817,OSELTAMIVIR 45MG CAPS/10 GN-NATCOF,0,2.5,9.0,105.53,91.34,0.0,0.0,0.0,0.0,0,rolling
2024-10-13,1314,57817,OSELTAMIVIR 45MG CAPS/10 GN-NATCOF,0,2.5,9.0,105.53,91.34,0.0,0.0,0.0,0.0,0,rolling
2024-10-14,1314,57817,OSELTAMIVIR 45MG CAPS/10 GN-NATCOF,0,2.5,9.0,105.53,91.34,0.0,0.0,0.0,0.0,0,rolling
2024-10-15,1314,57817,OSELTAMIVIR 45MG CAPS/10 GN-NATCOF,0,2.5,9.0,105.53,91.34,0.0,0.0,0.0,0.0,0,rolling
2024-10-16,1314,57817,OSELTAMIVIR 45MG CAPS/10 GN-NATCOF,0,2.5,9.0,105.53,91.34,0.0,0.0,0.0,0.0,0,rolling
2024-10-17,1314,57817,OSELTAMIVIR 45MG CAPS/10 GN-NATCOF,0,2.5,9.0,105.53,91.34,0.0,0.0,0.0,0.0,0,rolling
2024-10-18,1314,57817,OSELTAMIVIR 45MG CAPS/10 GN-NATCOF,1,2.5,9.0,105.53,91.34,0.0,0.0,0.0,0.0,0,rolling
2024-10-19,1314,57817,OSELTAMIVIR 45MG CAPS/10 GN-NATCOF,0,2.5,9.0,105.53,91.34,0.0,0.0,0.0,0.0,0,rolling
2024-10-20,1314,57817,OSELTAMIVIR 45MG CAPS/10 GN-NATCOF,0,2.5,9.0,105.53,91.34,0.0,0.0,0.0,0.0,0,rolling
2024-10-21,1314,57817,OSELTAMIVIR 45MG CAPS/10 GN-NATCOF,0,2.5,9.0,105.53,91.34,0.0,0.0,0.0,0.0,0,rolling
2024-10-22,1314,57817,OSELTAMIVIR 45MG CAPS/10 GN-NATCOF,0,2.5,9.0,105.53,91.34,0.0,0.0,0.0,0.0,0,rolling
2024-10-23,1314,57817,OSELTAMIVIR 45MG CAPS/10 GN-NATCOF,0,2.5,9.0,105.53,91.34,0.0,0.0,0.0,0.0,0,rolling
2024-10-24,1314,57817,OSELTAMIVIR 45MG CAPS/10 GN-NATCOF,0,2.5,9.0,105.53,91.34,0.0,0.0,0.0,0.0,0,rolling
2024-10-25,1314,57817,OSELTAMIVIR 45MG CAPS/10 GN-NATCOF,1,2.5,9.0,105.53,91.34,0.0,0.0,0.0,0.0,0,rolling
2024-10-26,1314,57817,OSELTAMIVIR 45MG CAPS/10 GN-NATCOF,0,2.5,9.0,105.53,91.34,0.0,0.0,0.0,0.0,0,rolling
2024-10-27,1314,57817,OSELTAMIVIR 45MG CAPS/10 GN-NATCOF,0,2.5,9.0,105.53,91.34,0.0,0.0,0.0,0.0,0,rolling
2024-10-28,1314,57817,OSELTAMIVIR 45MG CAPS/10 GN-NATCOF,0,2.5,9.0,105.53,91.34,0.0,0.0,0.0,0.0,0,rolling
2024-10-29,1314,57817,OSELTAMIVIR 45MG CAPS/10 GN-NATCOF,0,2.5,9.0,105.53,91.34,0.0,0.0,0.0,0.0,0,rolling
2024-10-30,1314,57817,OSELTAMIVIR 45MG CAPS/10 GN-NATCOF,0,2.5,9.0,105.53,91.34,0.0,0.0,0.0,0.0,0,rolling
2024-10-31,1314,57817,OSELTAMIVIR 45MG CAPS/10 GN-NATCOF,0,2.5,9.0,105.53,91.34,0.0,0.0,0.0,0.0,0,rolling
2024-11-01,1314,57817,OSELTAMIVIR 45MG CAPS/10 GN-NATCOF,1,2.5,9.0,105.53,91.34,0.0,0.0,0.0,0.0,0,rolling
2024-11-02,1314,57817,OSELTAMIVIR 45MG CAPS/10 GN-NATCOF,0,2.5,9.0,105.53,91.34,0.0,0.0,0.0,0.0,0,rolling
2024-11-03,1314,57817,OSELTAMIVIR 45MG CAPS/10 GN-NATCOF,0,2.5,9.0,105.53,91.34,0.0,0.0,0.0,0.0,0,rolling
2024-11-04,1314,57817,OSELTAMIVIR 45MG CAPS/10 GN-NATCOF,0,2.5,9.0,105.53,91.34,0.0,0.0,0.0,0.0,0,rolling
2024-11-05,1314,57817,OSELTAMIVIR 45MG CAPS/10 GN-NATCOF,0,2.5,9.0,105.53,91.34,0.0,0.0,0.0,0.0,0,rolling
2024-11-06,1314,57817,OSELTAMIVIR 45MG CAPS/10 GN-NATCOF,0,2.5,9.0,105.53,91.34,0.0,0.0,0.0,0.0,0,rolling
2024-11-07,1314,57817,OSELTAMIVIR 45MG CAPS/10 GN-NATCOF,0,2.5,9.0,105.53,91.34,0.0,0.0,0.0,0.0,0,rolling
2024-11-08,1314,57817,OSELTAMIVIR 45MG CAPS/10 GN-NATCOF,1,2.5,9.0,105.53,91.34,0.0,0.0,0.0,0.0,0,rolling
2024-11-09,1314,57817,OSELTAMIVIR 45MG CAPS/10 GN-NATCOF,0,2.5,9.0,105.53,91.34,0.0,0.0,0.0,0.0,0,rolling
2024-11-10,1314,57817,OSELTAMIVIR 45MG CAPS/10 GN-NATCOF,0,2.5,9.0,105.53,91.34,0.0,0.0,0.0,0.0,0,rolling
2024-11-11,1314,57817,OSELTAMIVIR 45MG CAPS/10 GN-NATCOF,0,2.5,9.0,105.53,91.34,0.0,0.0,0.0,0.0,0,rolling
2024-11-12,1314,57817,OSELTAMIVIR 45MG CAPS/10 GN-NATCOF,0,2.5,9.0,105.53,91.34,0.0,0.0,0.0,0.0,0,rolling
2024-11-13,1314,57817,OSELTAMIVIR 45MG CAPS/10 GN-NATCOF,0,2.5,9.0,105.53,91.34,0.0,0.0,0.0,0.0,0,rolling
2024-11-14,1314,57817,OSELTAMIVIR 45MG CAPS/10 GN-NATCOF,0,2.5,9.0,105.53,91.34,0.0,0.0,0.0,0.0,0,rolling
2024-11-15,1314,57817,OSELTAMIVIR 45MG CAPS/10 GN-NATCOF,1,2.5,9.0,105.53,91.34,0.0,0.0,0.0,0.0,0,rolling
2024-11-16,1314,57817,OSELTAMIVIR 45MG CAPS/10 GN-NATCOF,0,2.5,9.0,105.53,91.34,0.0,0.0,0.0,0.0,0,rolling
2024-11-17,1314,57817,OSELTAMIVIR 45MG CAPS/10 GN-NATCOF,0,2.5,9.0,105.53,91.34,0.0,0.0,0.0,0.0,0,rolling
2024-11-18,1314,57817,OSELTAMIVIR 45MG CAPS/10 GN-NATCOF,0,2.5,9.0,105.53,91.34,0.0,0.0,0.0,0.0,0,rolling
2024-11-19,1314,57817,OSELTAMIVIR 45MG CAPS/10 GN-NATCOF,0,2.5,9.0,105.53,91.34,0.0,0.0,0.0,0.0,0,rolling
2024-11-20,1314,57817,OSELTAMIVIR 45MG CAPS/10 GN-NATCOF,0,2.5,9.0,105.53,91.34,0.0,0.0,0.0,0.0,0,rolling
2024-11-21,1314,57817,OSELTAMIVIR 45MG CAPS/10 GN-NATCOF,0,2.5,9.0,105.53,91.34,0.0,0.0,0.0,0.0,0,rolling
2024-11-22,1314,57817,OSELTAMIVIR 45MG CAPS/10 GN-NATCOF,1,2.5,9.0,105.53,91.34,0.0,0.0,0.0,0.0,0,rolling
2024-11-23,1314,57817,OSELTAMIVIR 45MG CAPS/10 GN-NATCOF,0,2.5,9.0,105.53,91.34,0.0,0.0,0.0,0.0,0,rolling
2024-11-24,1314,57817,OSELTAMIVIR 45MG CAPS/10 GN-NATCOF,0,2.5,9.0,105.53,91.34,0.0,0.0,0.0,0.0,0,rolling
2024-11-25,1314,57817,OSELTAMIVIR 45MG CAPS/10 GN-NATCOF,0,2.5,9.0,105.53,91.34,0.0,0.0,0.0,0.0,0,rolling
2024-11-26,1314,57817,OSELTAMIVIR 45MG CAPS/10 GN-NATCOF,0,2.5,9.0,105.53,91.34,0.0,0.0,0.0,0.0,0,rolling
2024-11-27,1314,57817,OSELTAMIVIR 45MG CAPS/10 GN-NATCOF,0,2.5,9.0,105.53,91.34,0.0,0.0,0.0,0.0,0,rolling
2024-11-28,1314,57817,OSELTAMIVIR 45MG CAPS/10 GN-NATCOF,0,2.5,9.0,105.53,91.34,0.0,0.0,0.0,0.0,0,rolling
2024-11-29,1314,57817,OSELTAMIVIR 45MG CAPS/10 GN-NATCOF,1,2.5,9.0,105.53,91.34,0.0,0.0,0.0,0.0,0,rolling
2024-11-30,1314,57817,OSELTAMIVIR 45MG CAPS/10 GN-NATCOF,0,2.5,9.0,105.53,91.34,0.0,0.0,0.0,0.0,0,rolling
2024-12-01,1314,57817,OSELTAMIVIR 45MG CAPS/10 GN-NATCOF,0,2.5,9.0,105.53,91.34,0.0,0.0,0.0,0.0,0,rolling
2024-12-02,1314,57817,OSELTAMIVIR 45MG CAPS/10 GN-NATCOF,0,2.5,9.0,105.53,91.34,0.0,0.0,0.0,0.0,0,rolling
2024-12-03,1314,57817,OSELTAMIVIR 45MG CAPS/10 GN-NATCOF,0,2.5,9.0,105.53,91.34,0.0,0.0,0.0,0.0,0,rolling
2024-12-04,1314,57817,OSELTAMIVIR 45MG CAPS/10 GN-NATCOF,0,2.5,9.0,105.53,91.34,0.0,0.0,0.0,0.0,0,rolling
2024-12-05,1314,57817,OSELTAMIVIR 45MG CAPS/10 GN-NATCOF,0,2.5,9.0,105.53,91.34,0.0,0.0,0.0,0.0,0,rolling
2024-12-06,1314,57817,OSELTAMIVIR 45MG CAPS/10 GN-NATCOF,1,2.5,9.0,105.53,91.34,0.0,0.0,0.0,0.0,0,rolling
2024-12-07,1314,57817,OSELTAMIVIR 45MG CAPS/10 GN-NATCOF,0,2.5,9.0,105.53,91.34,0.0,0.0,0.0,0.0,0,rolling
2024-12-08,1314,57817,OSELTAMIVIR 45MG CAPS/10 GN-NATCOF,0,2.5,9.0,105.53,91.34,0.0,0.0,0.0,0.0,0,rolling
2024-12-09,1314,57817,OSELTAMIVIR 45MG CAPS/10 GN-NATCOF,0,2.5,9.0,105.53,91.34,0.0,0.0,0.0,0.0,0,rolling
2024-12-10,1314,57817,OSELTAMIVIR 45MG CAPS/10 GN-NATCOF,0,2.5,9.0,105.53,91.34,0.0,0.0,0.0,0.0,0,rolling
2024-12-11,1314,57817,OSELTAMIVIR 45MG CAPS/10 GN-NATCOF,0,2.5,9.0,105.53,91.34,0.0,0.0,0.0,0.0,0,rolling
2024-12-12,1314,57817,OSELTAMIVIR 45MG CAPS/10 GN-NATCOF,0,2.5,9.0,105.53,91.34,0.0,0.0,0.0,0.0,0,rolling
2024-12-13,1314,57817,OSELTAMIVIR 45MG CAPS/10 GN-NATCOF,1,2.5,9.0,105.53,91.34,0.0,0.0,0.0,0.0,0,rolling
2024-12-14,1314,57817,OSELTAMIVIR 45MG CAPS/10 GN-NATCOF,0,2.5,9.0,105.53,91.34,0.0,0.0,0.0,0.0,0,rolling
2024-12-15,1314,57817,OSELTAMIVIR 45MG CAPS/10 GN-NATCOF,0,2.5,9.0,105.53,91.34,0.0,0.0,0.0,0.0,0,rolling
2024-12-16,1314,57817,OSELTAMIVIR 45MG CAPS/10 GN-NATCOF,0,2.5,9.0,105.53,91.34,0.0,0.0,0.0,0.0,0,rolling
2024-12-17,1314,57817,OSELTAMIVIR 45MG CAPS/10 GN-NATCOF,0,2.5,9.0,105.53,91.34,0.0,0.0,0.0,0.0,0,rolling
2024-12-18,1314,57817,OSELTAMIVIR 45MG CAPS/10 GN-NATCOF,0,2.5,9.0,105.53,91.34,0.0,0.0,0.0,0.0,0,rolling
2024-12-19,1314,57817,OSELTAMIVIR 45MG CAPS/10 GN-NATCOF,0,2.5,9.0,105.53,91.34,0.0,0.0,0.0,0.0,0,rolling
2024-12-20,1314,57817,OSELTAMIVIR 45MG CAPS/10 GN-NATCOF,1,2.5,9.0,105.53,91.34,0.0,0.0,0.0,0.0,0,rolling
2024-12-21,1314,57817,OSELTAMIVIR 45MG CAPS/10 GN-NATCOF,0,2.5,9.0,105.53,91.34,0.0,0.0,0.0,0.0,0,rolling
2024-12-22,1314,57817,OSELTAMIVIR 45MG CAPS/10 GN-NATCOF,0,2.5,9.0,105.53,91.34,0.0,0.0,0.0,0.0,0,rolling
2024-12-23,1314,57817,OSELTAMIVIR 45MG CAPS/10 GN-NATCOF,0,2.5,9.0,105.53,91.34,0.0,0.0,0.0,0.0,0,rolling
2024-12-24,1314,57817,OSELTAMIVIR 45MG CAPS/10 GN-NATCOF,0,2.5,9.0,105.53,91.34,0.0,0.0,0.0,0.0,0,rolling
2024-12-25,1314,57817,OSELTAMIVIR 45MG CAPS/10 GN-NATCOF,0,2.5,9.0,105.53,91.34,0.0,0.0,0.0,0.0,0,rolling
2024-12-26,1314,57817,OSELTAMIVIR 45MG CAPS/10 GN-NATCOF,0,2.5,9.0,105.53,91.34,0.0,0.0,0.0,0.0,0,rolling
2024-12-27,1314,57817,OSELTAMIVIR 45MG CAPS/10 GN-NATCOF,1,2.5,9.0,105.53,91.34,0.0,0.0,0.0,0.0,0,rolling
2024-12-28,1314,57817,OSELTAMIVIR 45MG CAPS/10 GN-NATCOF,0,2.5,9.0,105.53,91.34,0.0,0.0,0.0,0.0,0,rolling
2024-12-29,1314,57817,OSELTAMIVIR 45MG CAPS/10 GN-NATCOF,0,2.5,9.0,105.53,91.34,0.0,0.0,0.0,0.0,0,rolling
2024-12-30,1314,57817,OSELTAMIVIR 45MG CAPS/10 GN-NATCOF,0,2.5,9.0,105.53,91.34,0.0,0.0,0.0,0.0,0,rolling
2024-12-31,1314,57817,OSELTAMIVIR 45MG CAPS/10 GN-NATCOF,0,2.5,9.0,105.53,91.34,0.0,0.0,0.0,0.0,0,rolling
2024-10-01,1314,57912,LORATAMED D XPE 60ML,0,2.1725490196078434,9.0,23.87,13.67,0.0,0.0,0.0,0.0,0,rolling
2024-10-02,1314,57912,LORATAMED D XPE 60ML,0,2.1725490196078434,9.0,23.87,13.67,0.0,0.0,0.0,0.0,0,rolling
2024-10-03,1314,57912,LORATAMED D XPE 60ML,0,2.1725490196078434,9.0,23.87,13.67,0.0,0.0,0.0,0.0,0,rolling
2024-10-04,1314,57912,LORATAMED D XPE 60ML,0,2.1725490196078434,9.0,23.87,13.67,0.0,0.0,0.0,0.0,0,rolling
2024-10-05,1314,57912,LORATAMED D XPE 60ML,0,2.1725490196078434,9.0,23.87,13.67,0.0,0.0,0.0,0.0,0,rolling
2024-10-06,1314,57912,LORATAMED D XPE 60ML,0,2.1725490196078434,9.0,23.87,13.67,0.0,0.0,0.0,0.0,0,rolling
2024-10-07,1314,57912,LORATAMED D XPE 60ML,0,2.1725490196078434,9.0,23.87,13.67,0.0,0.0,0.0,0.0,0,rolling
2024-10-08,1314,57912,LORATAMED D XPE 60ML,0,2.1725490196078434,9.0,23.87,13.67,0.0,0.0,0.0,0.0,0,rolling
2024-10-09,1314,57912,LORATAMED D XPE 60ML,0,2.1725490196078434,9.0,23.87,13.67,0.0,0.0,0.0,0.0,0,rolling
2024-10-10,1314,57912,LORATAMED D XPE 60ML,0,2.1725490196078434,9.0,23.87,13.67,0.0,0.0,0.0,0.0,0,rolling
2024-10-11,1314,57912,LORATAMED D XPE 60ML,0,2.1725490196078434,9.0,23.87,13.67,0.0,0.0,0.0,0.0,0,rolling
2024-10-12,1314,57912,LORATAMED D XPE 60ML,0,2.1725490196078434,9.0,23.87,13.67,0.0,0.0,0.0,0.0,0,rolling
2024-10-13,1314,57912,LORATAMED D XPE 60ML,0,2.1725490196078434,9.0,23.87,13.67,0.0,0.0,0.0,0.0,0,rolling
2024-10-14,1314,57912,LORATAMED D XPE 60ML,0,2.1725490196078434,9.0,23.87,13.67,0.0,0.0,0.0,0.0,0,rolling
2024-10-15,1314,57912,LORATAMED D XPE 60ML,0,2.1725490196078434,9.0,23.87,13.67,0.0,0.0,0.0,0.0,0,rolling
2024-10-16,1314,57912,LORATAMED D XPE 60ML,0,2.1725490196078434,9.0,23.87,13.67,0.0,0.0,0.0,0.0,0,rolling
2024-10-17,1314,57912,LORATAMED D XPE 60ML,0,2.1725490196078434,9.0,23.87,13.67,0.0,0.0,0.0,0.0,0,rolling
2024-10-18,1314,57912,LORATAMED D XPE 60ML,0,2.1725490196078434,9.0,23.87,13.67,0.0,0.0,0.0,0.0,0,rolling
2024-10-19,1314,57912,LORATAMED D XPE 60ML,0,2.1725490196078434,9.0,23.87,13.67,0.0,0.0,0.0,0.0,0,rolling
2024-10-20,1314,57912,LORATAMED D XPE 60ML,0,2.1725490196078434,9.0,23.87,13.67,0.0,0.0,0.0,0.0,0,rolling
2024-10-21,1314,57912,LORATAMED D XPE 60ML,0,2.1725490196078434,9.0,23.87,13.67,0.0,0.0,0.0,0.0,0,rolling
2024-10-22,1314,57912,LORATAMED D XPE 60ML,0,2.1725490196078434,9.0,23.87,13.67,0.0,0.0,0.0,0.0,0,rolling
2024-10-23,1314,57912,LORATAMED D XPE 60ML,0,2.1725490196078434,9.0,23.87,13.67,0.0,0.0,0.0,0.0,0,rolling
2024-10-24,1314,57912,LORATAMED D XPE 60ML,0,2.1725490196078434,9.0,23.87,13.67,0.0,0.0,0.0,0.0,0,rolling
2024-10-25,1314,57912,LORATAMED D XPE 60ML,0,2.1725490196078434,9.0,23.87,13.67,0.0,0.0,0.0,0.0,0,rolling
2024-10-26,1314,57912,LORATAMED D XPE 60ML,0,2.1725490196078434,9.0,23.87,13.67,0.0,0.0,0.0,0.0,0,rolling
2024-10-27,1314,57912,LORATAMED D XPE 60ML,0,2.1725490196078434,9.0,23.87,13.67,0.0,0.0,0.0,0.0,0,rolling
2024-10-28,1314,57912,LORATAMED D XPE 60ML,0,2.1725490196078434,9.0,23.87,13.67,0.0,0.0,0.0,0.0,0,rolling
2024-10-29,1314,57912,LORATAMED D XPE 60ML,0,2.1725490196078434,9.0,23.87,13.67,0.0,0.0,0.0,0.0,0,rolling
2024-10-30,1314,57912,LORATAMED D XPE 60ML,0,2.1725490196078434,9.0,23.87,13.67,0.0,0.0,0.0,0.0,0,rolling
2024-10-31,1314,57912,LORATAMED D XPE 60ML,0,2.1725490196078434,9.0,23.87,13.67,0.0,0.0,0.0,0.0,0,rolling
2024-11-01,1314,57912,LORATAMED D XPE 60ML,0,2.1725490196078434,9.0,23.87,13.67,0.0,0.0,0.0,0.0,0,rolling
2024-11-02,1314,57912,LORATAMED D XPE 60ML,0,2.1725490196078434,9.0,23.87,13.67,0.0,0.0,0.0,0.0,0,rolling
2024-11-03,1314,57912,LORATAMED D XPE 60ML,0,2.1725490196078434,9.0,23.87,13.67,0.0,0.0,0.0,0.0,0,rolling
2024-11-04,1314,57912,LORATAMED D XPE 60ML,0,2.1725490196078434,9.0,23.87,13.67,0.0,0.0,0.0,0.0,0,rolling
2024-11-05,1314,57912,LORATAMED D XPE 60ML,0,2.1725490196078434,9.0,23.87,13.67,0.0,0.0,0.0,0.0,0,rolling
2024-11-06,1314,57912,LORATAMED D XPE 60ML,0,2.1725490196078434,9.0,23.87,13.67,0.0,0.0,0.0,0.0,0,rolling
2024-11-07,1314,57912,LORATAMED D XPE 60ML,0,2.1725490196078434,9.0,23.87,13.67,0.0,0.0,0.0,0.0,0,rolling
2024-11-08,1314,57912,LORATAMED D XPE 60ML,0,2.1725490196078434,9.0,23.87,13.67,0.0,0.0,0.0,0.0,0,rolling
2024-11-09,1314,57912,LORATAMED D XPE 60ML,0,2.1725490196078434,9.0,23.87,13.67,0.0,0.0,0.0,0.0,0,rolling
2024-11-10,1314,57912,LORATAMED D XPE 60ML,0,2.1725490196078434,9.0,23.87,13.67,0.0,0.0,0.0,0.0,0,rolling
2024-11-11,1314,57912,LORATAMED D XPE 60ML,0,2.1725490196078434,9.0,23.87,13.67,0.0,0.0,0.0,0.0,0,rolling
2024-11-12,1314,57912,LORATAMED D XPE 60ML,0,2.1725490196078434,9.0,23.87,13.67,0.0,0.0,0.0,0.0,0,rolling
2024-11-13,1314,57912,LORATAMED D XPE 60ML,0,2.1725490196078434,9.0,23.87,13.67,0.0,0.0,0.0,0.0,0,rolling
2024-11-14,1314,57912,LORATAMED D XPE 60ML,0,2.1725490196078434,9.0,23.87,13.67,0.0,0.0,0.0,0.0,0,rolling
2024-11-15,1314,57912,LORATAMED D XPE 60ML,0,2.1725490196078434,9.0,23.87,13.67,0.0,0.0,0.0,0.0,0,rolling
2024-11-16,1314,57912,LORATAMED D XPE 60ML,0,2.1725490196078434,9.0,23.87,13.67,0.0,0.0,0.0,0.0,0,rolling
2024-11-17,1314,57912,LORATAMED D XPE 60ML,0,2.1725490196078434,9.0,23.87,13.67,0.0,0.0,0.0,0.0,0,rolling
2024-11-18,1314,57912,LORATAMED D XPE 60ML,0,2.1725490196078434,9.0,23.87,13.67,0.0,0.0,0.0,0.0,0,rolling
2024-11-19,1314,57912,LORATAMED D XPE 60ML,0,2.1725490196078434,9.0,23.87,13.67,0.0,0.0,0.0,0.0,0,rolling
2024-11-20,1314,57912,LORATAMED D XPE 60ML,0,2.1725490196078434,9.0,23.87,13.67,0.0,0.0,0.0,0.0,0,rolling
2024-11-21,1314,57912,LORATAMED D XPE 60ML,0,2.1725490196078434,9.0,23.87,13.67,0.0,0.0,0.0,0.0,0,rolling
2024-11-22,1314,57912,LORATAMED D XPE 60ML,0,2.1725490196078434,9.0,23.87,13.67,0.0,0.0,0.0,0.0,0,rolling
2024-11-23,1314,57912,LORATAMED D XPE 60ML,0,2.1725490196078434,9.0,23.87,13.67,0.0,0.0,0.0,0.0,0,rolling
2024-11-24,1314,57912,LORATAMED D XPE 60ML,0,2.1725490196078434,9.0,23.87,13.67,0.0,0.0,0.0,0.0,0,rolling
2024-11-25,1314,57912,LORATAMED D XPE 60ML,0,2.1725490196078434,9.0,23.87,13.67,0.0,0.0,0.0,0.0,0,rolling
2024-11-26,1314,57912,LORATAMED D XPE 60ML,0,2.1725490196078434,9.0,23.87,13.67,0.0,0.0,0.0,0.0,0,rolling
2024-11-27,1314,57912,LORATAMED D XPE 60ML,0,2.1725490196078434,9.0,23.87,13.67,0.0,0.0,0.0,0.0,0,rolling
2024-11-28,1314,57912,LORATAMED D XPE 60ML,0,2.1725490196078434,9.0,23.87,13.67,0.0,0.0,0.0,0.0,0,rolling
2024-11-29,1314,57912,LORATAMED D XPE 60ML,0,2.1725490196078434,9.0,23.87,13.67,0.0,0.0,0.0,0.0,0,rolling
2024-11-30,1314,57912,LORATAMED D XPE 60ML,0,2.1725490196078434,9.0,23.87,13.67,0.0,0.0,0.0,0.0,0,rolling
2024-12-01,1314,57912,LORATAMED D XPE 60ML,0,2.1725490196078434,9.0,23.87,13.67,0.0,0.0,0.0,0.0,0,rolling
2024-12-02,1314,57912,LORATAMED D XPE 60ML,0,2.1725490196078434,9.0,23.87,13.67,0.0,0.0,0.0,0.0,0,rolling
2024-12-03,1314,57912,LORATAMED D XPE 60ML,0,2.1725490196078434,9.0,23.87,13.67,0.0,0.0,0.0,0.0,0,rolling
2024-12-04,1314,57912,LORATAMED D XPE 60ML,0,2.1725490196078434,9.0,23.87,13.67,0.0,0.0,0.0,0.0,0,rolling
2024-12-05,1314,57912,LORATAMED D XPE 60ML,0,2.1725490196078434,9.0,23.87,13.67,0.0,0.0,0.0,0.0,0,rolling
2024-12-06,1314,57912,LORATAMED D XPE 60ML,0,2.1725490196078434,9.0,23.87,13.67,0.0,0.0,0.0,0.0,0,rolling
2024-12-07,1314,57912,LORATAMED D XPE 60ML,0,2.1725490196078434,9.0,23.87,13.67,0.0,0.0,0.0,0.0,0,rolling
2024-12-08,1314,57912,LORATAMED D XPE 60ML,0,2.1725490196078434,9.0,23.87,13.67,0.0,0.0,0.0,0.0,0,rolling
2024-12-09,1314,57912,LORATAMED D XPE 60ML,0,2.1725490196078434,9.0,23.87,13.67,0.0,0.0,0.0,0.0,0,rolling
2024-12-10,1314,57912,LORATAMED D XPE 60ML,0,2.1725490196078434,9.0,23.87,13.67,0.0,0.0,0.0,0.0,0,rolling
2024-12-11,1314,57912,LORATAMED D XPE 60ML,0,2.1725490196078434,9.0,23.87,13.67,0.0,0.0,0.0,0.0,0,rolling
2024-12-12,1314,57912,LORATAMED D XPE 60ML,0,2.1725490196078434,9.0,23.87,13.67,0.0,0.0,0.0,0.0,0,rolling
2024-12-13,1314,57912,LORATAMED D XPE 60ML,0,2.1725490196078434,9.0,23.87,13.67,0.0,0.0,0.0,0.0,0,rolling
2024-12-14,1314,57912,LORATAMED D XPE 60ML,0,2.1725490196078434,9.0,23.87,13.67,0.0,0.0,0.0,0.0,0,rolling
2024-12-15,1314,57912,LORATAMED D XPE 60ML,0,2.1725490196078434,9.0,23.87,13.67,0.0,0.0,0.0,0.0,0,rolling
2024-12-16,1314,57912,LORATAMED D XPE 60ML,0,2.1725490196078434,9.0,23.87,13.67,0.0,0.0,0.0,0.0,0,rolling
2024-12-17,1314,57912,LORATAMED D XPE 60ML,0,2.1725490196078434,9.0,23.87,13.67,0.0,0.0,0.0,0.0,0,rolling
2024-12-18,1314,57912,LORATAMED D XPE 60ML,0,2.1725490196078434,9.0,23.87,13.67,0.0,0.0,0.0,0.0,0,rolling
2024-12-19,1314,57912,LORATAMED D XPE 60ML,0,2.1725490196078434,9.0,23.87,13.67,0.0,0.0,0.0,0.0,0,rolling
2024-12-20,1314,57912,LORATAMED D XPE 60ML,0,2.1725490196078434,9.0,23.87,13.67,0.0,0.0,0.0,0.0,0,rolling
2024-12-21,1314,57912,LORATAMED D XPE 60ML,0,2.1725490196078434,9.0,23.87,13.67,0.0,0.0,0.0,0.0,0,rolling
2024-12-22,1314,57912,LORATAMED D XPE 60ML,0,2.1725490196078434,9.0,23.87,13.67,0.0,0.0,0.0,0.0,0,rolling
2024-12-23,1314,57912,LORATAMED D XPE 60ML,0,2.1725490196078434,9.0,23.87,13.67,0.0,0.0,0.0,0.0,0,rolling
2024-12-24,1314,57912,LORATAMED D XPE 60ML,0,2.1725490196078434,9.0,23.87,13.67,0.0,0.0,0.0,0.0,0,rolling
2024-12-25,1314,57912,LORATAMED D XPE 60ML,0,2.1725490196078434,9.0,23.87,13.67,0.0,0.0,0.0,0.0,0,rolling
2024-12-26,1314,57912,LORATAMED D XPE 60ML,0,2.1725490196078434,9.0,23.87,13.67,0.0,0.0,0.0,0.0,0,rolling
2024-12-27,1314,57912,LORATAMED D XPE 60ML,0,2.1725490196078434,9.0,23.87,13.67,0.0,0.0,0.0,0.0,0,rolling
2024-12-28,1314,57912,LORATAMED D XPE 60ML,0,2.1725490196078434,9.0,23.87,13.67,0.0,0.0,0.0,0.0,0,rolling
2024-12-29,1314,57912,LORATAMED D XPE 60ML,0,2.1725490196078434,9.0,23.87,13.67,0.0,0.0,0.0,0.0,0,rolling
2024-12-30,1314,57912,LORATAMED D XPE 60ML,0,2.1725490196078434,9.0,23.87,13.67,0.0,0.0,0.0,0.0,0,rolling
2024-12-31,1314,57912,LORATAMED D XPE 60ML,0,2.1725490196078434,9.0,23.87,13.67,0.0,0.0,0.0,0.0,0,rolling
2024-10-01,1314,58701,ABRILAR XAROPE L-MENTOL 200ML,0,2.5,9.0,65.43,55.87,0.0,0.0,0.0,0.0,0,rolling
2024-10-02,1314,58701,ABRILAR XAROPE L-MENTOL 200ML,0,2.5,9.0,65.43,55.87,0.0,0.0,0.0,0.0,0,rolling
2024-10-03,1314,58701,ABRILAR XAROPE L-MENTOL 200ML,0,2.5,9.0,65.43,55.87,0.0,0.0,0.0,0.0,0,rolling
2024-10-04,1314,58701,ABRILAR XAROPE L-MENTOL 200ML,0,2.5,9.0,65.43,55.87,0.0,0.0,0.0,0.0,0,rolling
2024-10-05,1314,58701,ABRILAR XAROPE L-MENTOL 200ML,0,2.5,9.0,65.43,55.87,0.0,0.0,0.0,0.0,0,rolling
2024-10-06,1314,58701,ABRILAR XAROPE L-MENTOL 200ML,0,2.5,9.0,65.43,55.87,0.0,0.0,0.0,0.0,0,rolling
2024-10-07,1314,58701,ABRILAR XAROPE L-MENTOL 200ML,0,2.5,9.0,65.43,55.87,0.0,0.0,0.0,0.0,0,rolling
2024-10-08,1314,58701,ABRILAR XAROPE L-MENTOL 200ML,0,2.5,9.0,65.43,55.87,0.0,0.0,0.0,0.0,0,rolling
2024-10-09,1314,58701,ABRILAR XAROPE L-MENTOL 200ML,0,2.5,9.0,65.43,55.87,0.0,0.0,0.0,0.0,0,rolling
2024-10-10,1314,58701,ABRILAR XAROPE L-MENTOL 200ML,0,2.5,9.0,65.43,55.87,0.0,0.0,0.0,0.0,0,rolling
2024-10-11,1314,58701,ABRILAR XAROPE L-MENTOL 200ML,0,2.5,9.0,65.43,55.87,0.0,0.0,0.0,0.0,0,rolling
2024-10-12,1314,58701,ABRILAR XAROPE L-MENTOL 200ML,0,2.5,9.0,65.43,55.87,0.0,0.0,0.0,0.0,0,rolling
2024-10-13,1314,58701,ABRILAR XAROPE L-MENTOL 200ML,0,2.5,9.0,65.43,55.87,0.0,0.0,0.0,0.0,0,rolling
2024-10-14,1314,58701,ABRILAR XAROPE L-MENTOL 200ML,0,2.5,9.0,65.43,55.87,0.0,0.0,0.0,0.0,0,rolling
2024-10-15,1314,58701,ABRILAR XAROPE L-MENTOL 200ML,0,2.5,9.0,65.43,55.87,0.0,0.0,0.0,0.0,0,rolling
2024-10-16,1314,58701,ABRILAR XAROPE L-MENTOL 200ML,0,2.5,9.0,65.43,55.87,0.0,0.0,0.0,0.0,0,rolling
2024-10-17,1314,58701,ABRILAR XAROPE L-MENTOL 200ML,0,2.5,9.0,65.43,55.87,0.0,0.0,0.0,0.0,0,rolling
2024-10-18,1314,58701,ABRILAR XAROPE L-MENTOL 200ML,0,2.5,9.0,65.43,55.87,0.0,0.0,0.0,0.0,0,rolling
2024-10-19,1314,58701,ABRILAR XAROPE L-MENTOL 200ML,0,2.5,9.0,65.43,55.87,0.0,0.0,0.0,0.0,0,rolling
2024-10-20,1314,58701,ABRILAR XAROPE L-MENTOL 200ML,0,2.5,9.0,65.43,55.87,0.0,0.0,0.0,0.0,0,rolling
2024-10-21,1314,58701,ABRILAR XAROPE L-MENTOL 200ML,0,2.5,9.0,65.43,55.87,0.0,0.0,0.0,0.0,0,rolling
2024-10-22,1314,58701,ABRILAR XAROPE L-MENTOL 200ML,0,2.5,9.0,65.43,55.87,0.0,0.0,0.0,0.0,0,rolling
2024-10-23,1314,58701,ABRILAR XAROPE L-MENTOL 200ML,0,2.5,9.0,65.43,55.87,0.0,0.0,0.0,0.0,0,rolling
2024-10-24,1314,58701,ABRILAR XAROPE L-MENTOL 200ML,0,2.5,9.0,65.43,55.87,0.0,0.0,0.0,0.0,0,rolling
2024-10-25,1314,58701,ABRILAR XAROPE L-MENTOL 200ML,0,2.5,9.0,65.43,55.87,0.0,0.0,0.0,0.0,0,rolling
2024-10-26,1314,58701,ABRILAR XAROPE L-MENTOL 200ML,0,2.5,9.0,65.43,55.87,0.0,0.0,0.0,0.0,0,rolling
2024-10-27,1314,58701,ABRILAR XAROPE L-MENTOL 200ML,0,2.5,9.0,65.43,55.87,0.0,0.0,0.0,0.0,0,rolling
2024-10-28,1314,58701,ABRILAR XAROPE L-MENTOL 200ML,0,2.5,9.0,65.43,55.87,0.0,0.0,0.0,0.0,0,rolling
2024-10-29,1314,58701,ABRILAR XAROPE L-MENTOL 200ML,0,2.5,9.0,65.43,55.87,0.0,0.0,0.0,0.0,0,rolling
2024-10-30,1314,58701,ABRILAR XAROPE L-MENTOL 200ML,0,2.5,9.0,65.43,55.87,0.0,0.0,0.0,0.0,0,rolling
2024-10-31,1314,58701,ABRILAR XAROPE L-MENTOL 200ML,0,2.5,9.0,65.43,55.87,0.0,0.0,0.0,0.0,0,rolling
2024-11-01,1314,58701,ABRILAR XAROPE L-MENTOL 200ML,0,2.5,9.0,65.43,55.87,0.0,0.0,0.0,0.0,0,rolling
2024-11-02,1314,58701,ABRILAR XAROPE L-MENTOL 200ML,0,2.5,9.0,65.43,55.87,0.0,0.0,0.0,0.0,0,rolling
2024-11-03,1314,58701,ABRILAR XAROPE L-MENTOL 200ML,0,2.5,9.0,65.43,55.87,0.0,0.0,0.0,0.0,0,rolling
2024-11-04,1314,58701,ABRILAR XAROPE L-MENTOL 200ML,0,2.5,9.0,65.43,55.87,0.0,0.0,0.0,0.0,0,rolling
2024-11-05,1314,58701,ABRILAR XAROPE L-MENTOL 200ML,0,2.5,9.0,65.43,55.87,0.0,0.0,0.0,0.0,0,rolling
2024-11-06,1314,58701,ABRILAR XAROPE L-MENTOL 200ML,0,2.5,9.0,65.43,55.87,0.0,0.0,0.0,0.0,0,rolling
2024-11-07,1314,58701,ABRILAR XAROPE L-MENTOL 200ML,0,2.5,9.0,65.43,55.87,0.0,0.0,0.0,0.0,0,rolling
2024-11-08,1314,58701,ABRILAR XAROPE L-MENTOL 200ML,0,2.5,9.0,65.43,55.87,0.0,0.0,0.0,0.0,0,rolling
2024-11-09,1314,58701,ABRILAR XAROPE L-MENTOL 200ML,0,2.5,9.0,65.43,55.87,0.0,0.0,0.0,0.0,0,rolling
2024-11-10,1314,58701,ABRILAR XAROPE L-MENTOL 200ML,0,2.5,9.0,65.43,55.87,0.0,0.0,0.0,0.0,0,rolling
2024-11-11,1314,58701,ABRILAR XAROPE L-MENTOL 200ML,0,2.5,9.0,65.43,55.87,0.0,0.0,0.0,0.0,0,rolling
2024-11-12,1314,58701,ABRILAR XAROPE L-MENTOL 200ML,0,2.5,9.0,65.43,55.87,0.0,0.0,0.0,0.0,0,rolling
2024-11-13,1314,58701,ABRILAR XAROPE L-MENTOL 200ML,0,2.5,9.0,65.43,55.87,0.0,0.0,0.0,0.0,0,rolling
2024-11-14,1314,58701,ABRILAR XAROPE L-MENTOL 200ML,0,2.5,9.0,65.43,55.87,0.0,0.0,0.0,0.0,0,rolling
2024-11-15,1314,58701,ABRILAR XAROPE L-MENTOL 200ML,0,2.5,9.0,65.43,55.87,0.0,0.0,0.0,0.0,0,rolling
2024-11-16,1314,58701,ABRILAR XAROPE L-MENTOL 200ML,0,2.5,9.0,65.43,55.87,0.0,0.0,0.0,0.0,0,rolling
2024-11-17,1314,58701,ABRILAR XAROPE L-MENTOL 200ML,0,2.5,9.0,65.43,55.87,0.0,0.0,0.0,0.0,0,rolling
2024-11-18,1314,58701,ABRILAR XAROPE L-MENTOL 200ML,0,2.5,9.0,65.43,55.87,0.0,0.0,0.0,0.0,0,rolling
2024-11-19,1314,58701,ABRILAR XAROPE L-MENTOL 200ML,0,2.5,9.0,65.43,55.87,0.0,0.0,0.0,0.0,0,rolling
2024-11-20,1314,58701,ABRILAR XAROPE L-MENTOL 200ML,0,2.5,9.0,65.43,55.87,0.0,0.0,0.0,0.0,0,rolling
2024-11-21,1314,58701,ABRILAR XAROPE L-MENTOL 200ML,0,2.5,9.0,65.43,55.87,0.0,0.0,0.0,0.0,0,rolling
2024-11-22,1314,58701,ABRILAR XAROPE L-MENTOL 200ML,0,2.5,9.0,65.43,55.87,0.0,0.0,0.0,0.0,0,rolling
2024-11-23,1314,58701,ABRILAR XAROPE L-MENTOL 200ML,0,2.5,9.0,65.43,55.87,0.0,0.0,0.0,0.0,0,rolling
2024-11-24,1314,58701,ABRILAR XAROPE L-MENTOL 200ML,0,2.5,9.0,65.43,55.87,0.0,0.0,0.0,0.0,0,rolling
2024-11-25,1314,58701,ABRILAR XAROPE L-MENTOL 200ML,0,2.5,9.0,65.43,55.87,0.0,0.0,0.0,0.0,0,rolling
2024-11-26,1314,58701,ABRILAR XAROPE L-MENTOL 200ML,0,2.5,9.0,65.43,55.87,0.0,0.0,0.0,0.0,0,rolling
2024-11-27,1314,58701,ABRILAR XAROPE L-MENTOL 200ML,0,2.5,9.0,65.43,55.87,0.0,0.0,0.0,0.0,0,rolling
2024-11-28,1314,58701,ABRILAR XAROPE L-MENTOL 200ML,0,2.5,9.0,65.43,55.87,0.0,0.0,0.0,0.0,0,rolling
2024-11-29,1314,58701,ABRILAR XAROPE L-MENTOL 200ML,0,2.5,9.0,65.43,55.87,0.0,0.0,0.0,0.0,0,rolling
2024-11-30,1314,58701,ABRILAR XAROPE L-MENTOL 200ML,0,2.5,9.0,65.43,55.87,0.0,0.0,0.0,0.0,0,rolling
2024-12-01,1314,58701,ABRILAR XAROPE L-MENTOL 200ML,0,2.5,9.0,65.43,55.87,0.0,0.0,0.0,0.0,0,rolling
2024-12-02,1314,58701,ABRILAR XAROPE L-MENTOL 200ML,0,2.5,9.0,65.43,55.87,0.0,0.0,0.0,0.0,0,rolling
2024-12-03,1314,58701,ABRILAR XAROPE L-MENTOL 200ML,0,2.5,9.0,65.43,55.87,0.0,0.0,0.0,0.0,0,rolling
2024-12-04,1314,58701,ABRILAR XAROPE L-MENTOL 200ML,0,2.5,9.0,65.43,55.87,0.0,0.0,0.0,0.0,0,rolling
2024-12-05,1314,58701,ABRILAR XAROPE L-MENTOL 200ML,0,2.5,9.0,65.43,55.87,0.0,0.0,0.0,0.0,0,rolling
2024-12-06,1314,58701,ABRILAR XAROPE L-MENTOL 200ML,0,2.5,9.0,65.43,55.87,0.0,0.0,0.0,0.0,0,rolling
2024-12-07,1314,58701,ABRILAR XAROPE L-MENTOL 200ML,0,2.5,9.0,65.43,55.87,0.0,0.0,0.0,0.0,0,rolling
2024-12-08,1314,58701,ABRILAR XAROPE L-MENTOL 200ML,0,2.5,9.0,65.43,55.87,0.0,0.0,1.0,1.0,0,rolling
2024-12-09,1314,58701,ABRILAR XAROPE L-MENTOL 200ML,0,2.5,9.0,65.43,55.87,0.0161,0.1324,0.0,0.0,0,rolling
2024-12-10,1314,58701,ABRILAR XAROPE L-MENTOL 200ML,0,2.5,9.0,65.43,55.87,0.0161,0.1324,0.0,0.0,0,rolling
2024-12-11,1314,58701,ABRILAR XAROPE L-MENTOL 200ML,0,2.5,9.0,65.43,55.87,0.0161,0.1324,0.0,0.0,0,rolling
2024-12-12,1314,58701,ABRILAR XAROPE L-MENTOL 200ML,0,2.5,9.0,65.43,55.87,0.0161,0.1324,0.0,0.0,0,rolling
2024-12-13,1314,58701,ABRILAR XAROPE L-MENTOL 200ML,0,2.5,9.0,65.43,55.87,0.0161,0.1324,0.0,0.0,0,rolling
2024-12-14,1314,58701,ABRILAR XAROPE L-MENTOL 200ML,0,2.5,9.0,65.43,55.87,0.0161,0.1324,0.0,0.0,0,rolling
2024-12-15,1314,58701,ABRILAR XAROPE L-MENTOL 200ML,0,2.5,9.0,65.43,55.87,0.0598,0.1324,0.0,0.0,0,rolling
2024-12-16,1314,58701,ABRILAR XAROPE L-MENTOL 200ML,0,2.5,9.0,65.43,55.87,0.0161,0.1324,0.0,0.0,0,rolling
2024-12-17,1314,58701,ABRILAR XAROPE L-MENTOL 200ML,0,2.5,9.0,65.43,55.87,0.0161,0.1324,0.0,0.0,0,rolling
2024-12-18,1314,58701,ABRILAR XAROPE L-MENTOL 200ML,0,2.5,9.0,65.43,55.87,0.0161,0.1324,0.0,0.0,0,rolling
2024-12-19,1314,58701,ABRILAR XAROPE L-MENTOL 200ML,0,2.5,9.0,65.43,55.87,0.0161,0.1324,0.0,0.0,0,rolling
2024-12-20,1314,58701,ABRILAR XAROPE L-MENTOL 200ML,0,2.5,9.0,65.43,55.87,0.0161,0.1324,0.0,0.0,0,rolling
2024-12-21,1314,58701,ABRILAR XAROPE L-MENTOL 200ML,0,2.5,9.0,65.43,55.87,0.0161,0.1324,0.0,0.0,0,rolling
2024-12-22,1314,58701,ABRILAR XAROPE L-MENTOL 200ML,0,2.5,9.0,65.43,55.87,0.0598,0.1324,0.0,0.0,0,rolling
2024-12-23,1314,58701,ABRILAR XAROPE L-MENTOL 200ML,0,2.5,9.0,65.43,55.87,0.0161,0.1324,0.0,0.0,0,rolling
2024-12-24,1314,58701,ABRILAR XAROPE L-MENTOL 200ML,0,2.5,9.0,65.43,55.87,0.0161,0.1324,0.0,0.0,0,rolling
2024-12-25,1314,58701,ABRILAR XAROPE L-MENTOL 200ML,0,2.5,9.0,65.43,55.87,0.0161,0.1324,0.0,0.0,0,rolling
2024-12-26,1314,58701,ABRILAR XAROPE L-MENTOL 200ML,0,2.5,9.0,65.43,55.87,0.0161,0.1324,0.0,0.0,0,rolling
2024-12-27,1314,58701,ABRILAR XAROPE L-MENTOL 200ML,0,2.5,9.0,65.43,55.87,0.0161,0.1324,0.0,0.0,0,rolling
2024-12-28,1314,58701,ABRILAR XAROPE L-MENTOL 200ML,0,2.5,9.0,65.43,55.87,0.0161,0.1324,0.0,0.0,0,rolling
2024-12-29,1314,58701,ABRILAR XAROPE L-MENTOL 200ML,0,2.5,9.0,65.43,55.87,0.0598,0.1324,0.0,0.0,0,rolling
2024-12-30,1314,58701,ABRILAR XAROPE L-MENTOL 200ML,0,2.5,9.0,65.43,55.87,0.0161,0.1324,0.0,0.0,0,rolling
2024-12-31,1314,58701,ABRILAR XAROPE L-MENTOL 200ML,0,2.5,9.0,65.43,55.87,0.0161,0.1324,0.0,0.0,0,rolling
2024-10-01,1314,62364,ALOFF XPE 60ML + SER,0,2.5,9.0,36.45,34.49,0.0,0.0,0.0,0.0,0,rolling
2024-10-02,1314,62364,ALOFF XPE 60ML + SER,0,2.5,9.0,36.45,34.49,0.0,0.0,0.0,0.0,0,rolling
2024-10-03,1314,62364,ALOFF XPE 60ML + SER,0,2.5,9.0,36.45,34.49,0.0,0.0,0.0,0.0,0,rolling
2024-10-04,1314,62364,ALOFF XPE 60ML + SER,0,2.5,9.0,36.45,34.49,0.0,0.0,0.0,0.0,0,rolling
2024-10-05,1314,62364,ALOFF XPE 60ML + SER,0,2.5,9.0,36.45,34.49,0.0,0.0,0.0,0.0,0,rolling
2024-10-06,1314,62364,ALOFF XPE 60ML + SER,0,2.5,9.0,36.45,34.49,0.0,0.0,0.0,0.0,0,rolling
2024-10-07,1314,62364,ALOFF XPE 60ML + SER,0,2.5,9.0,36.45,34.49,0.0,0.0,0.0,0.0,0,rolling
2024-10-08,1314,62364,ALOFF XPE 60ML + SER,0,2.5,9.0,36.45,34.49,0.0,0.0,0.0,0.0,0,rolling
2024-10-09,1314,62364,ALOFF XPE 60ML + SER,0,2.5,9.0,36.45,34.49,0.0,0.0,0.0,0.0,0,rolling
2024-10-10,1314,62364,ALOFF XPE 60ML + SER,0,2.5,9.0,36.45,34.49,0.0,0.0,0.0,0.0,0,rolling
2024-10-11,1314,62364,ALOFF XPE 60ML + SER,0,2.5,9.0,36.45,34.49,0.0,0.0,0.0,0.0,0,rolling
2024-10-12,1314,62364,ALOFF XPE 60ML + SER,0,2.5,9.0,36.45,34.49,0.0,0.0,0.0,0.0,0,rolling
2024-10-13,1314,62364,ALOFF XPE 60ML + SER,0,2.5,9.0,36.45,34.49,0.0,0.0,0.0,0.0,0,rolling
2024-10-14,1314,62364,ALOFF XPE 60ML + SER,0,2.5,9.0,36.45,34.49,0.0,0.0,0.0,0.0,0,rolling
2024-10-15,1314,62364,ALOFF XPE 60ML + SER,0,2.5,9.0,36.45,34.49,0.0,0.0,0.0,0.0,0,rolling
2024-10-16,1314,62364,ALOFF XPE 60ML + SER,0,2.5,9.0,36.45,34.49,0.0,0.0,0.0,0.0,0,rolling
2024-10-17,1314,62364,ALOFF XPE 60ML + SER,0,2.5,9.0,36.45,34.49,0.0,0.0,0.0,0.0,0,rolling
2024-10-18,1314,62364,ALOFF XPE 60ML + SER,0,2.5,9.0,36.45,34.49,0.0,0.0,0.0,0.0,0,rolling
2024-10-19,1314,62364,ALOFF XPE 60ML + SER,0,2.5,9.0,36.45,34.49,0.0,0.0,0.0,0.0,0,rolling
2024-10-20,1314,62364,ALOFF XPE 60ML + SER,0,2.5,9.0,36.45,34.49,0.0,0.0,0.0,0.0,0,rolling
2024-10-21,1314,62364,ALOFF XPE 60ML + SER,0,2.5,9.0,36.45,34.49,0.0,0.0,0.0,0.0,0,rolling
2024-10-22,1314,62364,ALOFF XPE 60ML + SER,0,2.5,9.0,36.45,34.49,0.0,0.0,0.0,0.0,0,rolling
2024-10-23,1314,62364,ALOFF XPE 60ML + SER,0,2.5,9.0,36.45,34.49,0.0,0.0,0.0,0.0,0,rolling
2024-10-24,1314,62364,ALOFF XPE 60ML + SER,0,2.5,9.0,36.45,34.49,0.0,0.0,0.0,0.0,0,rolling
2024-10-25,1314,62364,ALOFF XPE 60ML + SER,0,2.5,9.0,36.45,34.49,0.0,0.0,0.0,0.0,0,rolling
2024-10-26,1314,62364,ALOFF XPE 60ML + SER,0,2.5,9.0,36.45,34.49,0.0,0.0,0.0,0.0,0,rolling
2024-10-27,1314,62364,ALOFF XPE 60ML + SER,0,2.5,9.0,36.45,34.49,0.0,0.0,0.0,0.0,0,rolling
2024-10-28,1314,62364,ALOFF XPE 60ML + SER,0,2.5,9.0,36.45,34.49,0.0,0.0,0.0,0.0,0,rolling
2024-10-29,1314,62364,ALOFF XPE 60ML + SER,0,2.5,9.0,36.45,34.49,0.0,0.0,0.0,0.0,0,rolling
2024-10-30,1314,62364,ALOFF XPE 60ML + SER,0,2.5,9.0,36.45,34.49,0.0,0.0,0.0,0.0,0,rolling
2024-10-31,1314,62364,ALOFF XPE 60ML + SER,0,2.5,9.0,36.45,34.49,0.0,0.0,0.0,0.0,0,rolling
2024-11-01,1314,62364,ALOFF XPE 60ML + SER,0,2.5,9.0,36.45,34.49,0.0,0.0,0.0,0.0,0,rolling
2024-11-02,1314,62364,ALOFF XPE 60ML + SER,0,2.5,9.0,36.45,34.49,0.0,0.0,0.0,0.0,0,rolling
2024-11-03,1314,62364,ALOFF XPE 60ML + SER,0,2.5,9.0,36.45,34.49,0.0,0.0,0.0,0.0,0,rolling
2024-11-04,1314,62364,ALOFF XPE 60ML + SER,0,2.5,9.0,36.45,34.49,0.0,0.0,0.0,0.0,0,rolling
2024-11-05,1314,62364,ALOFF XPE 60ML + SER,0,2.5,9.0,36.45,34.49,0.0,0.0,0.0,0.0,0,rolling
2024-11-06,1314,62364,ALOFF XPE 60ML + SER,0,2.5,9.0,36.45,34.49,0.0,0.0,0.0,0.0,0,rolling
2024-11-07,1314,62364,ALOFF XPE 60ML + SER,0,2.5,9.0,36.45,34.49,0.0,0.0,0.0,0.0,0,rolling
2024-11-08,1314,62364,ALOFF XPE 60ML + SER,0,2.5,9.0,36.45,34.49,0.0,0.0,0.0,0.0,0,rolling
2024-11-09,1314,62364,ALOFF XPE 60ML + SER,0,2.5,9.0,36.45,34.49,0.0,0.0,0.0,0.0,0,rolling
2024-11-10,1314,62364,ALOFF XPE 60ML + SER,0,2.5,9.0,36.45,34.49,0.0,0.0,0.0,0.0,0,rolling
2024-11-11,1314,62364,ALOFF XPE 60ML + SER,0,2.5,9.0,36.45,34.49,0.0,0.0,0.0,0.0,0,rolling
2024-11-12,1314,62364,ALOFF XPE 60ML + SER,0,2.5,9.0,36.45,34.49,0.0,0.0,0.0,0.0,0,rolling
2024-11-13,1314,62364,ALOFF XPE 60ML + SER,0,2.5,9.0,36.45,34.49,0.0,0.0,0.0,0.0,0,rolling
2024-11-14,1314,62364,ALOFF XPE 60ML + SER,0,2.5,9.0,36.45,34.49,0.0,0.0,0.0,0.0,0,rolling
2024-11-15,1314,62364,ALOFF XPE 60ML + SER,0,2.5,9.0,36.45,34.49,0.0,0.0,0.0,0.0,0,rolling
2024-11-16,1314,62364,ALOFF XPE 60ML + SER,0,2.5,9.0,36.45,34.49,0.0,0.0,0.0,0.0,0,rolling
2024-11-17,1314,62364,ALOFF XPE 60ML + SER,0,2.5,9.0,36.45,34.49,0.0,0.0,0.0,0.0,0,rolling
2024-11-18,1314,62364,ALOFF XPE 60ML + SER,0,2.5,9.0,36.45,34.49,0.0,0.0,0.0,0.0,0,rolling
2024-11-19,1314,62364,ALOFF XPE 60ML + SER,0,2.5,9.0,36.45,34.49,0.0,0.0,0.0,0.0,0,rolling
2024-11-20,1314,62364,ALOFF XPE 60ML + SER,0,2.5,9.0,36.45,34.49,0.0,0.0,0.0,0.0,0,rolling
2024-11-21,1314,62364,ALOFF XPE 60ML + SER,0,2.5,9.0,36.45,34.49,0.0,0.0,0.0,0.0,0,rolling
2024-11-22,1314,62364,ALOFF XPE 60ML + SER,0,2.5,9.0,36.45,34.49,0.0,0.0,0.0,0.0,0,rolling
2024-11-23,1314,62364,ALOFF XPE 60ML + SER,0,2.5,9.0,36.45,34.49,0.0,0.0,0.0,0.0,0,rolling
2024-11-24,1314,62364,ALOFF XPE 60ML + SER,0,2.5,9.0,36.45,34.49,0.0,0.0,0.0,0.0,0,rolling
2024-11-25,1314,62364,ALOFF XPE 60ML + SER,0,2.5,9.0,36.45,34.49,0.0,0.0,0.0,0.0,0,rolling
2024-11-26,1314,62364,ALOFF XPE 60ML + SER,0,2.5,9.0,36.45,34.49,0.0,0.0,0.0,0.0,0,rolling
2024-11-27,1314,62364,ALOFF XPE 60ML + SER,0,2.5,9.0,36.45,34.49,0.0,0.0,0.0,0.0,0,rolling
2024-11-28,1314,62364,ALOFF XPE 60ML + SER,0,2.5,9.0,36.45,34.49,0.0,0.0,0.0,0.0,0,rolling
2024-11-29,1314,62364,ALOFF XPE 60ML + SER,0,2.5,9.0,36.45,34.49,0.0,0.0,0.0,0.0,0,rolling
2024-11-30,1314,62364,ALOFF XPE 60ML + SER,0,2.5,9.0,36.45,34.49,0.0,0.0,0.0,0.0,0,rolling
2024-12-01,1314,62364,ALOFF XPE 60ML + SER,0,2.5,9.0,36.45,34.49,0.0,0.0,0.0,0.0,0,rolling
2024-12-02,1314,62364,ALOFF XPE 60ML + SER,0,2.5,9.0,36.45,34.49,0.0,0.0,0.0,0.0,0,rolling
2024-12-03,1314,62364,ALOFF XPE 60ML + SER,0,2.5,9.0,36.45,34.49,0.0,0.0,0.0,0.0,0,rolling
2024-12-04,1314,62364,ALOFF XPE 60ML + SER,0,2.5,9.0,36.45,34.49,0.0,0.0,0.0,0.0,0,rolling
2024-12-05,1314,62364,ALOFF XPE 60ML + SER,0,2.5,9.0,36.45,34.49,0.0,0.0,0.0,0.0,0,rolling
2024-12-06,1314,62364,ALOFF XPE 60ML + SER,0,2.5,9.0,36.45,34.49,0.0,0.0,0.0,0.0,0,rolling
2024-12-07,1314,62364,ALOFF XPE 60ML + SER,0,2.5,9.0,36.45,34.49,0.0,0.0,0.0,0.0,0,rolling
2024-12-08,1314,62364,ALOFF XPE 60ML + SER,0,2.5,9.0,36.45,34.49,0.0,0.0,0.0,0.0,0,rolling
2024-12-09,1314,62364,ALOFF XPE 60ML + SER,0,2.5,9.0,36.45,34.49,0.0,0.0,0.0,0.0,0,rolling
2024-12-10,1314,62364,ALOFF XPE 60ML + SER,0,2.5,9.0,36.45,34.49,0.0,0.0,0.0,0.0,0,rolling
2024-12-11,1314,62364,ALOFF XPE 60ML + SER,0,2.5,9.0,36.45,34.49,0.0,0.0,0.0,0.0,0,rolling
2024-12-12,1314,62364,ALOFF XPE 60ML + SER,0,2.5,9.0,36.45,34.49,0.0,0.0,0.0,0.0,0,rolling
2024-12-13,1314,62364,ALOFF XPE 60ML + SER,0,2.5,9.0,36.45,34.49,0.0,0.0,0.0,0.0,0,rolling
2024-12-14,1314,62364,ALOFF XPE 60ML + SER,0,2.5,9.0,36.45,34.49,0.0,0.0,0.0,0.0,0,rolling
2024-12-15,1314,62364,ALOFF XPE 60ML + SER,0,2.5,9.0,36.45,34.49,0.0,0.0,0.0,0.0,0,rolling
2024-12-16,1314,62364,ALOFF XPE 60ML + SER,0,2.5,9.0,36.45,34.49,0.0,0.0,0.0,0.0,0,rolling
2024-12-17,1314,62364,ALOFF XPE 60ML + SER,0,2.5,9.0,36.45,34.49,0.0,0.0,0.0,0.0,0,rolling
2024-12-18,1314,62364,ALOFF XPE 60ML + SER,0,2.5,9.0,36.45,34.49,0.0,0.0,0.0,0.0,0,rolling
2024-12-19,1314,62364,ALOFF XPE 60ML + SER,0,2.5,9.0,36.45,34.49,0.0,0.0,0.0,0.0,0,rolling
2024-12-20,1314,62364,ALOFF XPE 60ML + SER,0,2.5,9.0,36.45,34.49,0.0,0.0,0.0,0.0,0,rolling
2024-12-21,1314,62364,ALOFF XPE 60ML + SER,0,2.5,9.0,36.45,34.49,0.0,0.0,0.0,0.0,0,rolling
2024-12-22,1314,62364,ALOFF XPE 60ML + SER,0,2.5,9.0,36.45,34.49,0.0,0.0,0.0,0.0,0,rolling
2024-12-23,1314,62364,ALOFF XPE 60ML + SER,0,2.5,9.0,36.45,34.49,0.0,0.0,0.0,0.0,0,rolling
2024-12-24,1314,62364,ALOFF XPE 60ML + SER,0,2.5,9.0,36.45,34.49,0.0,0.0,0.0,0.0,0,rolling
2024-12-25,1314,62364,ALOFF XPE 60ML + SER,0,2.5,9.0,36.45,34.49,0.0,0.0,0.0,0.0,0,rolling
2024-12-26,1314,62364,ALOFF XPE 60ML + SER,0,2.5,9.0,36.45,34.49,0.0,0.0,0.0,0.0,0,rolling
2024-12-27,1314,62364,ALOFF XPE 60ML + SER,0,2.5,9.0,36.45,34.49,0.0,0.0,0.0,0.0,0,rolling
2024-12-28,1314,62364,ALOFF XPE 60ML + SER,0,2.5,9.0,36.45,34.49,0.0,0.0,0.0,0.0,0,rolling
2024-12-29,1314,62364,ALOFF XPE 60ML + SER,0,2.5,9.0,36.45,34.49,0.0,0.0,0.0,0.0,0,rolling
2024-12-30,1314,62364,ALOFF XPE 60ML + SER,0,2.5,9.0,36.45,34.49,0.0,0.0,0.0,0.0,0,rolling
2024-12-31,1314,62364,ALOFF XPE 60ML + SER,0,2.5,9.0,36.45,34.49,0.0,0.0,0.0,0.0,0,rolling
2024-10-01,1314,62782,HEDERA CIMED 7MG/ML CEREJA XPE100ML,0,2.5,9.0,37.26,13.61,0.0,0.0,0.0,0.0,0,rolling
2024-10-02,1314,62782,HEDERA CIMED 7MG/ML CEREJA XPE100ML,0,2.5,9.0,37.26,13.61,0.0,0.0,0.0,0.0,0,rolling
2024-10-03,1314,62782,HEDERA CIMED 7MG/ML CEREJA XPE100ML,0,2.5,9.0,37.26,13.61,0.0,0.0,0.0,0.0,0,rolling
2024-10-04,1314,62782,HEDERA CIMED 7MG/ML CEREJA XPE100ML,0,2.5,9.0,37.26,13.61,0.0,0.0,0.0,0.0,0,rolling
2024-10-05,1314,62782,HEDERA CIMED 7MG/ML CEREJA XPE100ML,0,2.5,9.0,37.26,13.61,0.0,0.0,0.0,0.0,0,rolling
2024-10-06,1314,62782,HEDERA CIMED 7MG/ML CEREJA XPE100ML,0,2.5,9.0,37.26,13.61,0.0,0.0,0.0,0.0,0,rolling
2024-10-07,1314,62782,HEDERA CIMED 7MG/ML CEREJA XPE100ML,0,2.5,9.0,37.26,13.61,0.0,0.0,0.0,0.0,0,rolling
2024-10-08,1314,62782,HEDERA CIMED 7MG/ML CEREJA XPE100ML,0,2.5,9.0,37.26,13.61,0.0,0.0,0.0,0.0,0,rolling
2024-10-09,1314,62782,HEDERA CIMED 7MG/ML CEREJA XPE100ML,0,2.5,9.0,37.26,13.61,0.0,0.0,0.0,0.0,0,rolling
2024-10-10,1314,62782,HEDERA CIMED 7MG/ML CEREJA XPE100ML,0,2.5,9.0,37.26,13.61,0.0,0.0,0.0,0.0,0,rolling
2024-10-11,1314,62782,HEDERA CIMED 7MG/ML CEREJA XPE100ML,0,2.5,9.0,37.26,13.61,0.0,0.0,0.0,0.0,0,rolling
2024-10-12,1314,62782,HEDERA CIMED 7MG/ML CEREJA XPE100ML,0,2.5,9.0,37.26,13.61,0.0,0.0,0.0,0.0,0,rolling
2024-10-13,1314,62782,HEDERA CIMED 7MG/ML CEREJA XPE100ML,0,2.5,9.0,37.26,13.61,0.0,0.0,0.0,0.0,0,rolling
2024-10-14,1314,62782,HEDERA CIMED 7MG/ML CEREJA XPE100ML,0,2.5,9.0,37.26,13.61,0.0,0.0,0.0,0.0,0,rolling
2024-10-15,1314,62782,HEDERA CIMED 7MG/ML CEREJA XPE100ML,0,2.5,9.0,37.26,13.61,0.0,0.0,0.0,0.0,0,rolling
2024-10-16,1314,62782,HEDERA CIMED 7MG/ML CEREJA XPE100ML,0,2.5,9.0,37.26,13.61,0.0,0.0,0.0,0.0,0,rolling
2024-10-17,1314,62782,HEDERA CIMED 7MG/ML CEREJA XPE100ML,0,2.5,9.0,37.26,13.61,0.0,0.0,0.0,0.0,0,rolling
2024-10-18,1314,62782,HEDERA CIMED 7MG/ML CEREJA XPE100ML,0,2.5,9.0,37.26,13.61,0.0,0.0,0.0,0.0,0,rolling
2024-10-19,1314,62782,HEDERA CIMED 7MG/ML CEREJA XPE100ML,0,2.5,9.0,37.26,13.61,0.0,0.0,0.0,0.0,0,rolling
2024-10-20,1314,62782,HEDERA CIMED 7MG/ML CEREJA XPE100ML,0,2.5,9.0,37.26,13.61,0.0,0.0,0.0,0.0,0,rolling
2024-10-21,1314,62782,HEDERA CIMED 7MG/ML CEREJA XPE100ML,0,2.5,9.0,37.26,13.61,0.0,0.0,0.0,0.0,0,rolling
2024-10-22,1314,62782,HEDERA CIMED 7MG/ML CEREJA XPE100ML,0,2.5,9.0,37.26,13.61,0.0,0.0,0.0,0.0,0,rolling
2024-10-23,1314,62782,HEDERA CIMED 7MG/ML CEREJA XPE100ML,0,2.5,9.0,37.26,13.61,0.0,0.0,0.0,0.0,0,rolling
2024-10-24,1314,62782,HEDERA CIMED 7MG/ML CEREJA XPE100ML,0,2.5,9.0,37.26,13.61,0.0,0.0,0.0,0.0,0,rolling
2024-10-25,1314,62782,HEDERA CIMED 7MG/ML CEREJA XPE100ML,0,2.5,9.0,37.26,13.61,0.0,0.0,0.0,0.0,0,rolling
2024-10-26,1314,62782,HEDERA CIMED 7MG/ML CEREJA XPE100ML,0,2.5,9.0,37.26,13.61,0.0,0.0,0.0,0.0,0,rolling
2024-10-27,1314,62782,HEDERA CIMED 7MG/ML CEREJA XPE100ML,0,2.5,9.0,37.26,13.61,0.0,0.0,0.0,0.0,0,rolling
2024-10-28,1314,62782,HEDERA CIMED 7MG/ML CEREJA XPE100ML,0,2.5,9.0,37.26,13.61,0.0,0.0,0.0,0.0,0,rolling
2024-10-29,1314,62782,HEDERA CIMED 7MG/ML CEREJA XPE100ML,0,2.5,9.0,37.26,13.61,0.0,0.0,0.0,0.0,0,rolling
2024-10-30,1314,62782,HEDERA CIMED 7MG/ML CEREJA XPE100ML,0,2.5,9.0,37.26,13.61,0.0,0.0,0.0,0.0,0,rolling
2024-10-31,1314,62782,HEDERA CIMED 7MG/ML CEREJA XPE100ML,0,2.5,9.0,37.26,13.61,0.0,0.0,0.0,0.0,0,rolling
2024-11-01,1314,62782,HEDERA CIMED 7MG/ML CEREJA XPE100ML,0,2.5,9.0,37.26,13.61,0.0,0.0,0.0,0.0,0,rolling
2024-11-02,1314,62782,HEDERA CIMED 7MG/ML CEREJA XPE100ML,0,2.5,9.0,37.26,13.61,0.0,0.0,0.0,0.0,0,rolling
2024-11-03,1314,62782,HEDERA CIMED 7MG/ML CEREJA XPE100ML,0,2.5,9.0,37.26,13.61,0.0,0.0,0.0,0.0,0,rolling
2024-11-04,1314,62782,HEDERA CIMED 7MG/ML CEREJA XPE100ML,0,2.5,9.0,37.26,13.61,0.0,0.0,0.0,0.0,0,rolling
2024-11-05,1314,62782,HEDERA CIMED 7MG/ML CEREJA XPE100ML,0,2.5,9.0,37.26,13.61,0.0,0.0,0.0,0.0,0,rolling
2024-11-06,1314,62782,HEDERA CIMED 7MG/ML CEREJA XPE100ML,0,2.5,9.0,37.26,13.61,0.0,0.0,0.0,0.0,0,rolling
2024-11-07,1314,62782,HEDERA CIMED 7MG/ML CEREJA XPE100ML,0,2.5,9.0,37.26,13.61,0.0,0.0,0.0,0.0,0,rolling
2024-11-08,1314,62782,HEDERA CIMED 7MG/ML CEREJA XPE100ML,0,2.5,9.0,37.26,13.61,0.0,0.0,0.0,0.0,0,rolling
2024-11-09,1314,62782,HEDERA CIMED 7MG/ML CEREJA XPE100ML,0,2.5,9.0,37.26,13.61,0.0,0.0,0.0,0.0,0,rolling
2024-11-10,1314,62782,HEDERA CIMED 7MG/ML CEREJA XPE100ML,0,2.5,9.0,37.26,13.61,0.0,0.0,0.0,0.0,0,rolling
2024-11-11,1314,62782,HEDERA CIMED 7MG/ML CEREJA XPE100ML,0,2.5,9.0,37.26,13.61,0.0,0.0,0.0,0.0,0,rolling
2024-11-12,1314,62782,HEDERA CIMED 7MG/ML CEREJA XPE100ML,0,2.5,9.0,37.26,13.61,0.0,0.0,0.0,0.0,0,rolling
2024-11-13,1314,62782,HEDERA CIMED 7MG/ML CEREJA XPE100ML,0,2.5,9.0,37.26,13.61,0.0,0.0,0.0,0.0,0,rolling
2024-11-14,1314,62782,HEDERA CIMED 7MG/ML CEREJA XPE100ML,0,2.5,9.0,37.26,13.61,0.0,0.0,0.0,0.0,0,rolling
2024-11-15,1314,62782,HEDERA CIMED 7MG/ML CEREJA XPE100ML,0,2.5,9.0,37.26,13.61,0.0,0.0,0.0,0.0,0,rolling
2024-11-16,1314,62782,HEDERA CIMED 7MG/ML CEREJA XPE100ML,0,2.5,9.0,37.26,13.61,0.0,0.0,0.0,0.0,0,rolling
2024-11-17,1314,62782,HEDERA CIMED 7MG/ML CEREJA XPE100ML,0,2.5,9.0,37.26,13.61,0.0,0.0,0.0,0.0,0,rolling
2024-11-18,1314,62782,HEDERA CIMED 7MG/ML CEREJA XPE100ML,0,2.5,9.0,37.26,13.61,0.0,0.0,0.0,0.0,0,rolling
2024-11-19,1314,62782,HEDERA CIMED 7MG/ML CEREJA XPE100ML,0,2.5,9.0,37.26,13.61,0.0,0.0,0.0,0.0,0,rolling
2024-11-20,1314,62782,HEDERA CIMED 7MG/ML CEREJA XPE100ML,0,2.5,9.0,37.26,13.61,0.0,0.0,0.0,0.0,0,rolling
2024-11-21,1314,62782,HEDERA CIMED 7MG/ML CEREJA XPE100ML,0,2.5,9.0,37.26,13.61,0.0,0.0,0.0,0.0,0,rolling
2024-11-22,1314,62782,HEDERA CIMED 7MG/ML CEREJA XPE100ML,0,2.5,9.0,37.26,13.61,0.0,0.0,0.0,0.0,0,rolling
2024-11-23,1314,62782,HEDERA CIMED 7MG/ML CEREJA XPE100ML,0,2.5,9.0,37.26,13.61,0.0,0.0,0.0,0.0,0,rolling
2024-11-24,1314,62782,HEDERA CIMED 7MG/ML CEREJA XPE100ML,0,2.5,9.0,37.26,13.61,0.0,0.0,0.0,0.0,0,rolling
2024-11-25,1314,62782,HEDERA CIMED 7MG/ML CEREJA XPE100ML,0,2.5,9.0,37.26,13.61,0.0,0.0,0.0,0.0,0,rolling
2024-11-26,1314,62782,HEDERA CIMED 7MG/ML CEREJA XPE100ML,0,2.5,9.0,37.26,13.61,0.0,0.0,0.0,0.0,0,rolling
2024-11-27,1314,62782,HEDERA CIMED 7MG/ML CEREJA XPE100ML,0,2.5,9.0,37.26,13.61,0.0,0.0,0.0,0.0,0,rolling
2024-11-28,1314,62782,HEDERA CIMED 7MG/ML CEREJA XPE100ML,0,2.5,9.0,37.26,13.61,0.0,0.0,0.0,0.0,0,rolling
2024-11-29,1314,62782,HEDERA CIMED 7MG/ML CEREJA XPE100ML,0,2.5,9.0,37.26,13.61,0.0,0.0,0.0,0.0,0,rolling
2024-11-30,1314,62782,HEDERA CIMED 7MG/ML CEREJA XPE100ML,0,2.5,9.0,37.26,13.61,0.0,0.0,0.0,0.0,0,rolling
2024-12-01,1314,62782,HEDERA CIMED 7MG/ML CEREJA XPE100ML,0,2.5,9.0,37.26,13.61,0.0,0.0,0.0,0.0,0,rolling
2024-12-02,1314,62782,HEDERA CIMED 7MG/ML CEREJA XPE100ML,0,2.5,9.0,37.26,13.61,0.0,0.0,0.0,0.0,0,rolling
2024-12-03,1314,62782,HEDERA CIMED 7MG/ML CEREJA XPE100ML,0,2.5,9.0,37.26,13.61,0.0,0.0,0.0,0.0,0,rolling
2024-12-04,1314,62782,HEDERA CIMED 7MG/ML CEREJA XPE100ML,0,2.5,9.0,37.26,13.61,0.0,0.0,0.0,0.0,0,rolling
2024-12-05,1314,62782,HEDERA CIMED 7MG/ML CEREJA XPE100ML,0,2.5,9.0,37.26,13.61,0.0,0.0,0.0,0.0,0,rolling
2024-12-06,1314,62782,HEDERA CIMED 7MG/ML CEREJA XPE100ML,0,2.5,9.0,37.26,13.61,0.0,0.0,0.0,0.0,0,rolling
2024-12-07,1314,62782,HEDERA CIMED 7MG/ML CEREJA XPE100ML,0,2.5,9.0,37.26,13.61,0.0,0.0,0.0,0.0,0,rolling
2024-12-08,1314,62782,HEDERA CIMED 7MG/ML CEREJA XPE100ML,0,2.5,9.0,37.26,13.61,0.0,0.0,0.0,0.0,0,rolling
2024-12-09,1314,62782,HEDERA CIMED 7MG/ML CEREJA XPE100ML,0,2.5,9.0,37.26,13.61,0.0,0.0,0.0,0.0,0,rolling
2024-12-10,1314,62782,HEDERA CIMED 7MG/ML CEREJA XPE100ML,0,2.5,9.0,37.26,13.61,0.0,0.0,0.0,0.0,0,rolling
2024-12-11,1314,62782,HEDERA CIMED 7MG/ML CEREJA XPE100ML,0,2.5,9.0,37.26,13.61,0.0,0.0,0.0,0.0,0,rolling
2024-12-12,1314,62782,HEDERA CIMED 7MG/ML CEREJA XPE100ML,0,2.5,9.0,37.26,13.61,0.0,0.0,0.0,0.0,0,rolling
2024-12-13,1314,62782,HEDERA CIMED 7MG/ML CEREJA XPE100ML,0,2.5,9.0,37.26,13.61,0.0,0.0,0.0,0.0,0,rolling
2024-12-14,1314,62782,HEDERA CIMED 7MG/ML CEREJA XPE100ML,0,2.5,9.0,37.26,13.61,0.0,0.0,0.0,0.0,0,rolling
2024-12-15,1314,62782,HEDERA CIMED 7MG/ML CEREJA XPE100ML,0,2.5,9.0,37.26,13.61,0.0,0.0,0.0,0.0,0,rolling
2024-12-16,1314,62782,HEDERA CIMED 7MG/ML CEREJA XPE100ML,0,2.5,9.0,37.26,13.61,0.0,0.0,0.0,0.0,0,rolling
2024-12-17,1314,62782,HEDERA CIMED 7MG/ML CEREJA XPE100ML,0,2.5,9.0,37.26,13.61,0.0,0.0,0.0,0.0,0,rolling
2024-12-18,1314,62782,HEDERA CIMED 7MG/ML CEREJA XPE100ML,0,2.5,9.0,37.26,13.61,0.0,0.0,0.0,0.0,0,rolling
2024-12-19,1314,62782,HEDERA CIMED 7MG/ML CEREJA XPE100ML,0,2.5,9.0,37.26,13.61,0.0,0.0,0.0,0.0,0,rolling
2024-12-20,1314,62782,HEDERA CIMED 7MG/ML CEREJA XPE100ML,0,2.5,9.0,37.26,13.61,0.0,0.0,0.0,0.0,0,rolling
2024-12-21,1314,62782,HEDERA CIMED 7MG/ML CEREJA XPE100ML,0,2.5,9.0,37.26,13.61,0.0,0.0,0.0,0.0,0,rolling
2024-12-22,1314,62782,HEDERA CIMED 7MG/ML CEREJA XPE100ML,0,2.5,9.0,37.26,13.61,0.0,0.0,0.0,0.0,0,rolling
2024-12-23,1314,62782,HEDERA CIMED 7MG/ML CEREJA XPE100ML,0,2.5,9.0,37.26,13.61,0.0,0.0,0.0,0.0,0,rolling
2024-12-24,1314,62782,HEDERA CIMED 7MG/ML CEREJA XPE100ML,0,2.5,9.0,37.26,13.61,0.0,0.0,0.0,0.0,0,rolling
2024-12-25,1314,62782,HEDERA CIMED 7MG/ML CEREJA XPE100ML,0,2.5,9.0,37.26,13.61,0.0,0.0,0.0,0.0,0,rolling
2024-12-26,1314,62782,HEDERA CIMED 7MG/ML CEREJA XPE100ML,0,2.5,9.0,37.26,13.61,0.0,0.0,0.0,0.0,0,rolling
2024-12-27,1314,62782,HEDERA CIMED 7MG/ML CEREJA XPE100ML,0,2.5,9.0,37.26,13.61,0.0,0.0,0.0,0.0,0,rolling
2024-12-28,1314,62782,HEDERA CIMED 7MG/ML CEREJA XPE100ML,0,2.5,9.0,37.26,13.61,0.0,0.0,0.0,0.0,0,rolling
2024-12-29,1314,62782,HEDERA CIMED 7MG/ML CEREJA XPE100ML,0,2.5,9.0,37.26,13.61,0.0,0.0,0.0,0.0,0,rolling
2024-12-30,1314,62782,HEDERA CIMED 7MG/ML CEREJA XPE100ML,0,2.5,9.0,37.26,13.61,0.0,0.0,0.0,0.0,0,rolling
2024-12-31,1314,62782,HEDERA CIMED 7MG/ML CEREJA XPE100ML,0,2.5,9.0,37.26,13.61,0.0,0.0,0.0,0.0,0,rolling
2024-10-01,1314,76834,"SORINAN ADULTO 0,5MG SOL NASAL 30ML",0,2.5,9.0,8.55,5.22,0.0,0.0,0.0,0.0,0,rolling
2024-10-02,1314,76834,"SORINAN ADULTO 0,5MG SOL NASAL 30ML",0,2.5,9.0,8.55,5.22,0.0,0.0,0.0,0.0,0,rolling
2024-10-03,1314,76834,"SORINAN ADULTO 0,5MG SOL NASAL 30ML",0,2.5,9.0,8.55,5.22,0.0,0.0,0.0,0.0,0,rolling
2024-10-04,1314,76834,"SORINAN ADULTO 0,5MG SOL NASAL 30ML",0,2.5,9.0,8.55,5.22,0.0,0.0,0.0,0.0,0,rolling
2024-10-05,1314,76834,"SORINAN ADULTO 0,5MG SOL NASAL 30ML",0,2.5,9.0,8.55,5.22,0.0,0.0,0.0,0.0,0,rolling
2024-10-06,1314,76834,"SORINAN ADULTO 0,5MG SOL NASAL 30ML",0,2.5,9.0,8.55,5.22,0.0,0.0,0.0,0.0,0,rolling
2024-10-07,1314,76834,"SORINAN ADULTO 0,5MG SOL NASAL 30ML",0,2.5,9.0,8.55,5.22,0.0,0.0,0.0,0.0,0,rolling
2024-10-08,1314,76834,"SORINAN ADULTO 0,5MG SOL NASAL 30ML",0,2.5,9.0,8.55,5.22,0.0,0.0,0.0,0.0,0,rolling
2024-10-09,1314,76834,"SORINAN ADULTO 0,5MG SOL NASAL 30ML",0,2.5,9.0,8.55,5.22,0.0,0.0,0.0,0.0,0,rolling
2024-10-10,1314,76834,"SORINAN ADULTO 0,5MG SOL NASAL 30ML",0,2.5,9.0,8.55,5.22,0.0,0.0,0.0,0.0,0,rolling
2024-10-11,1314,76834,"SORINAN ADULTO 0,5MG SOL NASAL 30ML",0,2.5,9.0,8.55,5.22,0.0,0.0,0.0,0.0,0,rolling
2024-10-12,1314,76834,"SORINAN ADULTO 0,5MG SOL NASAL 30ML",0,2.5,9.0,8.55,5.22,0.0,0.0,0.0,0.0,0,rolling
2024-10-13,1314,76834,"SORINAN ADULTO 0,5MG SOL NASAL 30ML",0,2.5,9.0,8.55,5.22,0.0,0.0,0.0,0.0,0,rolling
2024-10-14,1314,76834,"SORINAN ADULTO 0,5MG SOL NASAL 30ML",0,2.5,9.0,8.55,5.22,0.0,0.0,0.0,0.0,0,rolling
2024-10-15,1314,76834,"SORINAN ADULTO 0,5MG SOL NASAL 30ML",0,2.5,9.0,8.55,5.22,0.0,0.0,0.0,0.0,0,rolling
2024-10-16,1314,76834,"SORINAN ADULTO 0,5MG SOL NASAL 30ML",0,2.5,9.0,8.55,5.22,0.0,0.0,0.0,0.0,0,rolling
2024-10-17,1314,76834,"SORINAN ADULTO 0,5MG SOL NASAL 30ML",0,2.5,9.0,8.55,5.22,0.0,0.0,0.0,0.0,0,rolling
2024-10-18,1314,76834,"SORINAN ADULTO 0,5MG SOL NASAL 30ML",0,2.5,9.0,8.55,5.22,0.0,0.0,0.0,0.0,0,rolling
2024-10-19,1314,76834,"SORINAN ADULTO 0,5MG SOL NASAL 30ML",0,2.5,9.0,8.55,5.22,0.0,0.0,0.0,0.0,0,rolling
2024-10-20,1314,76834,"SORINAN ADULTO 0,5MG SOL NASAL 30ML",0,2.5,9.0,8.55,5.22,0.0,0.0,0.0,0.0,0,rolling
2024-10-21,1314,76834,"SORINAN ADULTO 0,5MG SOL NASAL 30ML",0,2.5,9.0,8.55,5.22,0.0,0.0,0.0,0.0,0,rolling
2024-10-22,1314,76834,"SORINAN ADULTO 0,5MG SOL NASAL 30ML",0,2.5,9.0,8.55,5.22,0.0,0.0,0.0,0.0,0,rolling
2024-10-23,1314,76834,"SORINAN ADULTO 0,5MG SOL NASAL 30ML",0,2.5,9.0,8.55,5.22,0.0,0.0,0.0,0.0,0,rolling
2024-10-24,1314,76834,"SORINAN ADULTO 0,5MG SOL NASAL 30ML",0,2.5,9.0,8.55,5.22,0.0,0.0,0.0,0.0,0,rolling
2024-10-25,1314,76834,"SORINAN ADULTO 0,5MG SOL NASAL 30ML",0,2.5,9.0,8.55,5.22,0.0,0.0,0.0,0.0,0,rolling
2024-10-26,1314,76834,"SORINAN ADULTO 0,5MG SOL NASAL 30ML",0,2.5,9.0,8.55,5.22,0.0,0.0,0.0,0.0,0,rolling
2024-10-27,1314,76834,"SORINAN ADULTO 0,5MG SOL NASAL 30ML",0,2.5,9.0,8.55,5.22,0.0,0.0,0.0,0.0,0,rolling
2024-10-28,1314,76834,"SORINAN ADULTO 0,5MG SOL NASAL 30ML",0,2.5,9.0,8.55,5.22,0.0,0.0,0.0,0.0,0,rolling
2024-10-29,1314,76834,"SORINAN ADULTO 0,5MG SOL NASAL 30ML",0,2.5,9.0,8.55,5.22,0.0,0.0,0.0,0.0,0,rolling
2024-10-30,1314,76834,"SORINAN ADULTO 0,5MG SOL NASAL 30ML",0,2.5,9.0,8.55,5.22,0.0,0.0,0.0,0.0,0,rolling
2024-10-31,1314,76834,"SORINAN ADULTO 0,5MG SOL NASAL 30ML",0,2.5,9.0,8.55,5.22,0.0,0.0,0.0,0.0,0,rolling
2024-11-01,1314,76834,"SORINAN ADULTO 0,5MG SOL NASAL 30ML",0,2.5,9.0,8.55,5.22,0.0,0.0,0.0,0.0,0,rolling
2024-11-02,1314,76834,"SORINAN ADULTO 0,5MG SOL NASAL 30ML",0,2.5,9.0,8.55,5.22,0.0,0.0,0.0,0.0,0,rolling
2024-11-03,1314,76834,"SORINAN ADULTO 0,5MG SOL NASAL 30ML",0,2.5,9.0,8.55,5.22,0.0,0.0,0.0,0.0,0,rolling
2024-11-04,1314,76834,"SORINAN ADULTO 0,5MG SOL NASAL 30ML",0,2.5,9.0,8.55,5.22,0.0,0.0,0.0,0.0,0,rolling
2024-11-05,1314,76834,"SORINAN ADULTO 0,5MG SOL NASAL 30ML",0,2.5,9.0,8.55,5.22,0.0,0.0,0.0,0.0,0,rolling
2024-11-06,1314,76834,"SORINAN ADULTO 0,5MG SOL NASAL 30ML",0,2.5,9.0,8.55,5.22,0.0,0.0,0.0,0.0,0,rolling
2024-11-07,1314,76834,"SORINAN ADULTO 0,5MG SOL NASAL 30ML",0,2.5,9.0,8.55,5.22,0.0,0.0,0.0,0.0,0,rolling
2024-11-08,1314,76834,"SORINAN ADULTO 0,5MG SOL NASAL 30ML",0,2.5,9.0,8.55,5.22,0.0,0.0,0.0,0.0,0,rolling
2024-11-09,1314,76834,"SORINAN ADULTO 0,5MG SOL NASAL 30ML",0,2.5,9.0,8.55,5.22,0.0,0.0,0.0,0.0,0,rolling
2024-11-10,1314,76834,"SORINAN ADULTO 0,5MG SOL NASAL 30ML",0,2.5,9.0,8.55,5.22,0.0,0.0,0.0,0.0,0,rolling
2024-11-11,1314,76834,"SORINAN ADULTO 0,5MG SOL NASAL 30ML",0,2.5,9.0,8.55,5.22,0.0,0.0,0.0,0.0,0,rolling
2024-11-12,1314,76834,"SORINAN ADULTO 0,5MG SOL NASAL 30ML",0,2.5,9.0,8.55,5.22,0.0,0.0,0.0,0.0,0,rolling
2024-11-13,1314,76834,"SORINAN ADULTO 0,5MG SOL NASAL 30ML",0,2.5,9.0,8.55,5.22,0.0,0.0,0.0,0.0,0,rolling
2024-11-14,1314,76834,"SORINAN ADULTO 0,5MG SOL NASAL 30ML",0,2.5,9.0,8.55,5.22,0.0,0.0,0.0,0.0,0,rolling
2024-11-15,1314,76834,"SORINAN ADULTO 0,5MG SOL NASAL 30ML",0,2.5,9.0,8.55,5.22,0.0,0.0,0.0,0.0,0,rolling
2024-11-16,1314,76834,"SORINAN ADULTO 0,5MG SOL NASAL 30ML",0,2.5,9.0,8.55,5.22,0.0,0.0,0.0,0.0,0,rolling
2024-11-17,1314,76834,"SORINAN ADULTO 0,5MG SOL NASAL 30ML",0,2.5,9.0,8.55,5.22,0.0,0.0,0.0,0.0,0,rolling
2024-11-18,1314,76834,"SORINAN ADULTO 0,5MG SOL NASAL 30ML",0,2.5,9.0,8.55,5.22,0.0,0.0,0.0,0.0,0,rolling
2024-11-19,1314,76834,"SORINAN ADULTO 0,5MG SOL NASAL 30ML",0,2.5,9.0,8.55,5.22,0.0,0.0,1.0,1.0,0,rolling
2024-11-20,1314,76834,"SORINAN ADULTO 0,5MG SOL NASAL 30ML",0,2.5,9.0,8.55,5.22,0.0161,0.1324,0.0,0.0,0,rolling
2024-11-21,1314,76834,"SORINAN ADULTO 0,5MG SOL NASAL 30ML",0,2.5,9.0,8.55,5.22,0.0161,0.1324,0.0,0.0,0,rolling
2024-11-22,1314,76834,"SORINAN ADULTO 0,5MG SOL NASAL 30ML",0,2.5,9.0,8.55,5.22,0.0161,0.1324,0.0,0.0,0,rolling
2024-11-23,1314,76834,"SORINAN ADULTO 0,5MG SOL NASAL 30ML",0,2.5,9.0,8.55,5.22,0.0161,0.1324,0.0,0.0,0,rolling
2024-11-24,1314,76834,"SORINAN ADULTO 0,5MG SOL NASAL 30ML",0,2.5,9.0,8.55,5.22,0.0161,0.1324,0.0,0.0,0,rolling
2024-11-25,1314,76834,"SORINAN ADULTO 0,5MG SOL NASAL 30ML",0,2.5,9.0,8.55,5.22,0.0161,0.1324,0.0,0.0,0,rolling
2024-11-26,1314,76834,"SORINAN ADULTO 0,5MG SOL NASAL 30ML",0,2.5,9.0,8.55,5.22,0.0598,0.1324,0.0,0.0,0,rolling
2024-11-27,1314,76834,"SORINAN ADULTO 0,5MG SOL NASAL 30ML",0,2.5,9.0,8.55,5.22,0.0161,0.1324,0.0,0.0,0,rolling
2024-11-28,1314,76834,"SORINAN ADULTO 0,5MG SOL NASAL 30ML",0,2.5,9.0,8.55,5.22,0.0161,0.1324,0.0,0.0,0,rolling
2024-11-29,1314,76834,"SORINAN ADULTO 0,5MG SOL NASAL 30ML",0,2.5,9.0,8.55,5.22,0.0161,0.1324,0.0,0.0,0,rolling
2024-11-30,1314,76834,"SORINAN ADULTO 0,5MG SOL NASAL 30ML",0,2.5,9.0,8.55,5.22,0.0161,0.1324,0.0,0.0,0,rolling
2024-12-01,1314,76834,"SORINAN ADULTO 0,5MG SOL NASAL 30ML",0,2.5,9.0,8.55,5.22,0.0161,0.1324,0.0,0.0,0,rolling
2024-12-02,1314,76834,"SORINAN ADULTO 0,5MG SOL NASAL 30ML",0,2.5,9.0,8.55,5.22,0.0161,0.1324,0.0,0.0,0,rolling
2024-12-03,1314,76834,"SORINAN ADULTO 0,5MG SOL NASAL 30ML",0,2.5,9.0,8.55,5.22,0.0598,0.1324,0.0,0.0,0,rolling
2024-12-04,1314,76834,"SORINAN ADULTO 0,5MG SOL NASAL 30ML",0,2.5,9.0,8.55,5.22,0.0161,0.1324,0.0,0.0,0,rolling
2024-12-05,1314,76834,"SORINAN ADULTO 0,5MG SOL NASAL 30ML",0,2.5,9.0,8.55,5.22,0.0161,0.1324,0.0,0.0,0,rolling
2024-12-06,1314,76834,"SORINAN ADULTO 0,5MG SOL NASAL 30ML",0,2.5,9.0,8.55,5.22,0.0161,0.1324,0.0,0.0,0,rolling
2024-12-07,1314,76834,"SORINAN ADULTO 0,5MG SOL NASAL 30ML",0,2.5,9.0,8.55,5.22,0.0161,0.1324,0.0,0.0,0,rolling
2024-12-08,1314,76834,"SORINAN ADULTO 0,5MG SOL NASAL 30ML",0,2.5,9.0,8.55,5.22,0.0161,0.1324,0.0,0.0,0,rolling
2024-12-09,1314,76834,"SORINAN ADULTO 0,5MG SOL NASAL 30ML",0,2.5,9.0,8.55,5.22,0.0161,0.1324,0.0,0.0,0,rolling
2024-12-10,1314,76834,"SORINAN ADULTO 0,5MG SOL NASAL 30ML",0,2.5,9.0,8.55,5.22,0.0598,0.1324,0.0,0.0,0,rolling
2024-12-11,1314,76834,"SORINAN ADULTO 0,5MG SOL NASAL 30ML",0,2.5,9.0,8.55,5.22,0.0161,0.1324,0.0,0.0,0,rolling
2024-12-12,1314,76834,"SORINAN ADULTO 0,5MG SOL NASAL 30ML",0,2.5,9.0,8.55,5.22,0.0161,0.1324,0.0,0.0,0,rolling
2024-12-13,1314,76834,"SORINAN ADULTO 0,5MG SOL NASAL 30ML",0,2.5,9.0,8.55,5.22,0.0161,0.1324,0.0,0.0,0,rolling
2024-12-14,1314,76834,"SORINAN ADULTO 0,5MG SOL NASAL 30ML",0,2.5,9.0,8.55,5.22,0.0161,0.1324,0.0,0.0,0,rolling
2024-12-15,1314,76834,"SORINAN ADULTO 0,5MG SOL NASAL 30ML",0,2.5,9.0,8.55,5.22,0.0161,0.1324,0.0,0.0,0,rolling
2024-12-16,1314,76834,"SORINAN ADULTO 0,5MG SOL NASAL 30ML",0,2.5,9.0,8.55,5.22,0.0161,0.1324,0.0,0.0,0,rolling
2024-12-17,1314,76834,"SORINAN ADULTO 0,5MG SOL NASAL 30ML",0,2.5,9.0,8.55,5.22,0.0598,0.1324,0.0,0.0,0,rolling
2024-12-18,1314,76834,"SORINAN ADULTO 0,5MG SOL NASAL 30ML",0,2.5,9.0,8.55,5.22,0.0,0.1324,0.0,0.0,0,rolling
2024-12-19,1314,76834,"SORINAN ADULTO 0,5MG SOL NASAL 30ML",0,2.5,9.0,8.55,5.22,0.0,0.1324,0.0,0.0,0,rolling
2024-12-20,1314,76834,"SORINAN ADULTO 0,5MG SOL NASAL 30ML",0,2.5,9.0,8.55,5.22,0.0,0.1324,0.0,0.0,0,rolling
2024-12-21,1314,76834,"SORINAN ADULTO 0,5MG SOL NASAL 30ML",0,2.5,9.0,8.55,5.22,0.0,0.1324,0.0,0.0,0,rolling
2024-12-22,1314,76834,"SORINAN ADULTO 0,5MG SOL NASAL 30ML",0,2.5,9.0,8.55,5.22,0.0,0.1324,0.0,0.0,0,rolling
2024-12-23,1314,76834,"SORINAN ADULTO 0,5MG SOL NASAL 30ML",0,2.5,9.0,8.55,5.22,0.0,0.1324,0.0,0.0,0,rolling
2024-12-24,1314,76834,"SORINAN ADULTO 0,5MG SOL NASAL 30ML",0,2.5,9.0,8.55,5.22,0.0437,0.1324,0.0,0.0,0,rolling
2024-12-25,1314,76834,"SORINAN ADULTO 0,5MG SOL NASAL 30ML",0,2.5,9.0,8.55,5.22,0.0,0.1324,0.0,0.0,0,rolling
2024-12-26,1314,76834,"SORINAN ADULTO 0,5MG SOL NASAL 30ML",0,2.5,9.0,8.55,5.22,0.0,0.1324,0.0,0.0,0,rolling
2024-12-27,1314,76834,"SORINAN ADULTO 0,5MG SOL NASAL 30ML",0,2.5,9.0,8.55,5.22,0.0,0.1324,0.0,0.0,0,rolling
2024-12-28,1314,76834,"SORINAN ADULTO 0,5MG SOL NASAL 30ML",0,2.5,9.0,8.55,5.22,0.0,0.1324,0.0,0.0,0,rolling
2024-12-29,1314,76834,"SORINAN ADULTO 0,5MG SOL NASAL 30ML",0,2.5,9.0,8.55,5.22,0.0,0.1324,0.0,0.0,0,rolling
2024-12-30,1314,76834,"SORINAN ADULTO 0,5MG SOL NASAL 30ML",0,2.5,9.0,8.55,5.22,0.0,0.1324,0.0,0.0,0,rolling
2024-12-31,1314,76834,"SORINAN ADULTO 0,5MG SOL NASAL 30ML",0,2.5,9.0,8.55,5.22,0.0437,0.1324,0.0,0.0,0,rolling
2024-10-01,1314,9607,NARIDRIN 12H ADULTO 30ML,0,1.0,9.0,28.36,14.31,0.9418,0.724,0.0,0.0,0,rolling
2024-10-02,1314,9607,NARIDRIN 12H ADULTO 30ML,0,1.0,9.0,28.36,14.31,0.6872,0.7265,0.0,0.0,0,rolling
2024-10-03,1314,9607,NARIDRIN 12H ADULTO 30ML,0,1.0,9.0,28.36,14.31,0.8185,0.7284,1.0,1.0,0,rolling
2024-10-04,1314,9607,NARIDRIN 12H ADULTO 30ML,0,1.0,9.0,28.36,14.31,0.7945,0.7284,1.0,1.0,0,rolling
2024-10-05,1314,9607,NARIDRIN 12H ADULTO 30ML,0,1.0,9.0,28.36,14.31,0.5768,0.7284,0.0,0.0,0,rolling
2024-10-06,1314,9607,NARIDRIN 12H ADULTO 30ML,0,1.0,9.0,28.36,14.31,0.6882,0.7284,0.0,0.0,0,rolling
2024-10-07,1314,9607,NARIDRIN 12H ADULTO 30ML,0,1.0,9.0,28.36,14.31,0.6721,0.7284,0.0,0.0,0,rolling
2024-10-08,1314,9607,NARIDRIN 12H ADULTO 30ML,0,1.0,9.0,28.36,14.31,0.8311,0.73,0.0,0.0,0,rolling
2024-10-09,1314,9607,NARIDRIN 12H ADULTO 30ML,0,1.0,9.0,28.36,14.31,0.5364,0.7069,1.0,1.0,0,rolling
2024-10-10,1314,9607,NARIDRIN 12H ADULTO 30ML,0,1.0,9.0,28.36,14.31,0.7514,0.7062,1.0,1.0,0,rolling
2024-10-11,1314,9607,NARIDRIN 12H ADULTO 30ML,0,1.0,9.0,28.36,14.31,0.7354,0.7062,1.0,1.0,0,rolling
2024-10-12,1314,9607,NARIDRIN 12H ADULTO 30ML,0,1.0,9.0,28.36,14.31,0.5364,0.7051,0.0,0.0,0,rolling
2024-10-13,1314,9607,NARIDRIN 12H ADULTO 30ML,0,1.0,9.0,28.36,14.31,0.6239,0.7051,0.0,0.0,0,rolling
2024-10-14,1314,9607,NARIDRIN 12H ADULTO 30ML,0,1.0,9.0,28.36,14.31,0.5402,0.7051,0.0,0.0,0,rolling
2024-10-15,1314,9607,NARIDRIN 12H ADULTO 30ML,0,1.0,9.0,28.36,14.31,0.6714,0.7051,2.0,2.0,0,rolling
2024-10-16,1314,9607,NARIDRIN 12H ADULTO 30ML,0,1.0,9.0,28.36,14.31,0.5723,0.7051,1.0,1.0,0,rolling
2024-10-17,1314,9607,NARIDRIN 12H ADULTO 30ML,0,1.0,9.0,28.36,14.31,0.6796,0.7051,0.0,0.0,0,rolling
2024-10-18,1314,9607,NARIDRIN 12H ADULTO 30ML,0,1.0,9.0,28.36,14.31,0.7634,0.7051,0.0,0.0,0,rolling
2024-10-19,1314,9607,NARIDRIN 12H ADULTO 30ML,0,1.0,9.0,28.36,14.31,0.4886,0.7051,2.0,2.0,0,rolling
2024-10-20,1314,9607,NARIDRIN 12H ADULTO 30ML,0,1.0,9.0,28.36,14.31,0.6321,0.7265,0.0,0.0,0,rolling
2024-10-21,1314,9607,NARIDRIN 12H ADULTO 30ML,0,1.0,9.0,28.36,14.31,0.5884,0.7284,0.0,0.0,0,rolling
2024-10-22,1314,9607,NARIDRIN 12H ADULTO 30ML,0,1.0,9.0,28.36,14.31,0.7196,0.7284,2.0,2.0,0,rolling
2024-10-23,1314,9607,NARIDRIN 12H ADULTO 30ML,0,1.0,9.0,28.36,14.31,0.6205,0.7483,0.0,0.0,0,rolling
2024-10-24,1314,9607,NARIDRIN 12H ADULTO 30ML,0,1.0,9.0,28.36,14.31,0.7118,0.7483,0.0,0.0,0,rolling
2024-10-25,1314,9607,NARIDRIN 12H ADULTO 30ML,0,1.0,9.0,28.36,14.31,0.6834,0.7483,0.0,0.0,0,rolling
2024-10-26,1314,9607,NARIDRIN 12H ADULTO 30ML,0,1.0,9.0,28.36,14.31,0.52,0.7483,1.0,1.0,0,rolling
2024-10-27,1314,9607,NARIDRIN 12H ADULTO 30ML,0,1.0,9.0,28.36,14.31,0.4923,0.7455,2.0,2.0,0,rolling
2024-10-28,1314,9607,NARIDRIN 12H ADULTO 30ML,0,1.0,9.0,28.36,14.31,0.5484,0.766,0.0,0.0,0,rolling
2024-10-29,1314,9607,NARIDRIN 12H ADULTO 30ML,0,1.0,9.0,28.36,14.31,0.7511,0.7691,0.0,0.0,0,rolling
2024-10-30,1314,9607,NARIDRIN 12H ADULTO 30ML,0,1.0,9.0,28.36,14.31,0.5457,0.7506,0.0,0.0,0,rolling
2024-10-31,1314,9607,NARIDRIN 12H ADULTO 30ML,0,1.0,9.0,28.36,14.31,0.6769,0.7506,0.0,0.0,0,rolling
2024-11-01,1314,9607,NARIDRIN 12H ADULTO 30ML,0,1.0,9.0,28.36,14.31,0.7312,0.7506,0.0,0.0,0,rolling
2024-11-02,1314,9607,NARIDRIN 12H ADULTO 30ML,0,1.0,9.0,28.36,14.31,0.5877,0.73,1.0,1.0,0,rolling
2024-11-03,1314,9607,NARIDRIN 12H ADULTO 30ML,0,1.0,9.0,28.36,14.31,0.56,0.73,2.0,2.0,0,rolling
2024-11-04,1314,9607,NARIDRIN 12H ADULTO 30ML,0,1.0,9.0,28.36,14.31,0.478,0.7525,1.0,1.0,0,rolling
2024-11-05,1314,9607,NARIDRIN 12H ADULTO 30ML,0,1.0,9.0,28.36,14.31,0.6824,0.7525,0.0,0.0,0,rolling
2024-11-06,1314,9607,NARIDRIN 12H ADULTO 30ML,0,1.0,9.0,28.36,14.31,0.5511,0.7311,2.0,2.0,0,rolling
2024-11-07,1314,9607,NARIDRIN 12H ADULTO 30ML,0,1.0,9.0,28.36,14.31,0.6985,0.754,0.0,0.0,0,rolling
2024-11-08,1314,9607,NARIDRIN 12H ADULTO 30ML,0,1.0,9.0,28.36,14.31,0.652,0.7317,0.0,0.0,0,rolling
2024-11-09,1314,9607,NARIDRIN 12H ADULTO 30ML,0,1.0,9.0,28.36,14.31,0.6492,0.7317,0.0,0.0,0,rolling
2024-11-10,1314,9607,NARIDRIN 12H ADULTO 30ML,0,1.0,9.0,28.36,14.31,0.6492,0.7317,0.0,0.0,0,rolling
2024-11-11,1314,9607,NARIDRIN 12H ADULTO 30ML,0,1.0,9.0,28.36,14.31,0.518,0.7317,0.0,0.0,0,rolling
2024-11-12,1314,9607,NARIDRIN 12H ADULTO 30ML,0,1.0,9.0,28.36,14.31,0.5655,0.7317,1.0,1.0,0,rolling
2024-11-13,1314,9607,NARIDRIN 12H ADULTO 30ML,0,1.0,9.0,28.36,14.31,0.5494,0.7311,1.0,1.0,0,rolling
2024-11-14,1314,9607,NARIDRIN 12H ADULTO 30ML,0,1.0,9.0,28.36,14.31,0.5494,0.73,0.0,0.0,0,rolling
2024-11-15,1314,9607,NARIDRIN 12H ADULTO 30ML,0,1.0,9.0,28.36,14.31,0.5932,0.73,0.0,0.0,0,rolling
2024-11-16,1314,9607,NARIDRIN 12H ADULTO 30ML,0,1.0,9.0,28.36,14.31,0.5665,0.7311,0.0,0.0,0,rolling
2024-11-17,1314,9607,NARIDRIN 12H ADULTO 30ML,0,1.0,9.0,28.36,14.31,0.5343,0.7317,1.0,1.0,0,rolling
2024-11-18,1314,9607,NARIDRIN 12H ADULTO 30ML,0,1.0,9.0,28.36,14.31,0.4458,0.7311,0.0,0.0,0,rolling
2024-11-19,1314,9607,NARIDRIN 12H ADULTO 30ML,0,1.0,9.0,28.36,14.31,0.5637,0.7311,0.0,0.0,0,rolling
2024-11-20,1314,9607,NARIDRIN 12H ADULTO 30ML,0,1.0,9.0,28.36,14.31,0.4916,0.7311,0.0,0.0,0,rolling
2024-11-21,1314,9607,NARIDRIN 12H ADULTO 30ML,0,1.0,9.0,28.36,14.31,0.4479,0.7311,0.0,0.0,0,rolling
2024-11-22,1314,9607,NARIDRIN 12H ADULTO 30ML,0,1.0,9.0,28.36,14.31,0.4612,0.7071,0.0,0.0,0,rolling
2024-11-23,1314,9607,NARIDRIN 12H ADULTO 30ML,0,1.0,9.0,28.36,14.31,0.4612,0.6804,1.0,1.0,0,rolling
2024-11-24,1314,9607,NARIDRIN 12H ADULTO 30ML,0,1.0,9.0,28.36,14.31,0.5354,0.6812,0.0,0.0,0,rolling
2024-11-25,1314,9607,NARIDRIN 12H ADULTO 30ML,0,1.0,9.0,28.36,14.31,0.3282,0.6804,0.0,0.0,0,rolling
2024-11-26,1314,9607,NARIDRIN 12H ADULTO 30ML,0,1.0,9.0,28.36,14.31,0.4728,0.6793,1.0,1.0,0,rolling
2024-11-27,1314,9607,NARIDRIN 12H ADULTO 30ML,0,1.0,9.0,28.36,14.31,0.5155,0.6804,1.0,1.0,0,rolling
2024-11-28,1314,9607,NARIDRIN 12H ADULTO 30ML,0,1.0,9.0,28.36,14.31,0.427,0.6812,0.0,0.0,0,rolling
2024-11-29,1314,9607,NARIDRIN 12H ADULTO 30ML,0,1.0,9.0,28.36,14.31,0.427,0.6804,0.0,0.0,0,rolling
2024-11-30,1314,9607,NARIDRIN 12H ADULTO 30ML,0,1.0,9.0,28.36,14.31,0.5716,0.6793,0.0,0.0,0,rolling
2024-12-01,1314,9607,NARIDRIN 12H ADULTO 30ML,0,1.0,9.0,28.36,14.31,0.5955,0.6793,1.0,1.0,0,rolling
2024-12-02,1314,9607,NARIDRIN 12H ADULTO 30ML,0,1.0,9.0,28.36,14.31,0.4045,0.6804,0.0,0.0,0,rolling
2024-12-03,1314,9607,NARIDRIN 12H ADULTO 30ML,0,1.0,9.0,28.36,14.31,0.5805,0.6804,3.0,3.0,0,rolling
2024-12-04,1314,9607,NARIDRIN 12H ADULTO 30ML,0,1.0,9.0,28.36,14.31,0.6287,0.7557,0.0,0.0,0,rolling
2024-12-05,1314,9607,NARIDRIN 12H ADULTO 30ML,0,1.0,9.0,28.36,14.31,0.3645,0.7559,0.0,0.0,0,rolling
2024-12-06,1314,9607,NARIDRIN 12H ADULTO 30ML,0,1.0,9.0,28.36,14.31,0.3911,0.7557,0.0,0.0,0,rolling
2024-12-07,1314,9607,NARIDRIN 12H ADULTO 30ML,0,1.0,9.0,28.36,14.31,0.5528,0.7551,1.0,1.0,0,rolling
2024-12-08,1314,9607,NARIDRIN 12H ADULTO 30ML,0,1.0,9.0,28.36,14.31,0.5993,0.7557,0.0,0.0,0,rolling
2024-12-09,1314,9607,NARIDRIN 12H ADULTO 30ML,0,1.0,9.0,28.36,14.31,0.3805,0.7557,1.0,1.0,0,rolling
2024-12-10,1314,9607,NARIDRIN 12H ADULTO 30ML,0,1.0,9.0,28.36,14.31,0.7733,0.7559,0.0,0.0,0,rolling
2024-12-11,1314,9607,NARIDRIN 12H ADULTO 30ML,0,1.0,9.0,28.36,14.31,0.5822,0.7311,1.0,1.0,0,rolling
2024-12-12,1314,9607,NARIDRIN 12H ADULTO 30ML,0,1.0,9.0,28.36,14.31,0.3635,0.7311,0.0,0.0,0,rolling
2024-12-13,1314,9607,NARIDRIN 12H ADULTO 30ML,0,1.0,9.0,28.36,14.31,0.3368,0.7311,1.0,1.0,0,rolling
2024-12-14,1314,9607,NARIDRIN 12H ADULTO 30ML,0,1.0,9.0,28.36,14.31,0.602,0.7317,0.0,0.0,0,rolling
2024-12-15,1314,9607,NARIDRIN 12H ADULTO 30ML,0,1.0,9.0,28.36,14.31,0.5887,0.7051,1.0,1.0,0,rolling
2024-12-16,1314,9607,NARIDRIN 12H ADULTO 30ML,0,1.0,9.0,28.36,14.31,0.3737,0.7062,0.0,0.0,0,rolling
2024-12-17,1314,9607,NARIDRIN 12H ADULTO 30ML,0,1.0,9.0,28.36,14.31,0.5924,0.7062,2.0,2.0,0,rolling
2024-12-18,1314,9607,NARIDRIN 12H ADULTO 30ML,0,1.0,9.0,28.36,14.31,0.5371,0.7062,0.0,0.0,0,rolling
2024-12-19,1314,9607,NARIDRIN 12H ADULTO 30ML,0,1.0,9.0,28.36,14.31,0.3317,0.7062,0.0,0.0,0,rolling
2024-12-20,1314,9607,NARIDRIN 12H ADULTO 30ML,0,1.0,9.0,28.36,14.31,0.4021,0.7062,1.0,1.0,0,rolling
2024-12-21,1314,9607,NARIDRIN 12H ADULTO 30ML,0,1.0,9.0,28.36,14.31,0.5227,0.7069,0.0,0.0,0,rolling
2024-12-22,1314,9607,NARIDRIN 12H ADULTO 30ML,0,1.0,9.0,28.36,14.31,0.6512,0.7062,0.0,0.0,0,rolling
2024-12-23,1314,9607,NARIDRIN 12H ADULTO 30ML,0,1.0,9.0,28.36,14.31,0.4325,0.6776,0.0,0.0,0,rolling
2024-12-24,1314,9607,NARIDRIN 12H ADULTO 30ML,0,1.0,9.0,28.36,14.31,0.6512,0.6776,4.0,4.0,0,rolling
2024-12-25,1314,9607,NARIDRIN 12H ADULTO 30ML,0,1.0,9.0,28.36,14.31,0.5853,0.8238,0.0,0.0,0,rolling
2024-12-26,1314,9607,NARIDRIN 12H ADULTO 30ML,0,1.0,9.0,28.36,14.31,0.3505,0.8238,1.0,1.0,0,rolling
2024-12-27,1314,9607,NARIDRIN 12H ADULTO 30ML,0,1.0,9.0,28.36,14.31,0.454,0.8236,0.0,0.0,0,rolling
2024-12-28,1314,9607,NARIDRIN 12H ADULTO 30ML,0,1.0,9.0,28.36,14.31,0.4978,0.8236,1.0,1.0,0,rolling
2024-12-29,1314,9607,NARIDRIN 12H ADULTO 30ML,0,1.0,9.0,28.36,14.31,0.6014,0.8236,0.0,0.0,0,rolling
2024-12-30,1314,9607,NARIDRIN 12H ADULTO 30ML,0,1.0,9.0,28.36,14.31,0.454,0.8016,1.0,1.0,0,rolling
2024-12-31,1314,9607,NARIDRIN 12H ADULTO 30ML,0,1.0,9.0,28.36,14.31,0.8772,0.8016,2.0,2.0,0,rolling
2024-10-01,841,13315,BROMELIN SUSP 100ML,0,2.5,3.0,55.89,18.29,0.0,0.0,0.0,0.0,0,rolling
2024-10-02,841,13315,BROMELIN SUSP 100ML,0,2.5,3.0,55.89,18.29,0.0,0.0,0.0,0.0,0,rolling
2024-10-03,841,13315,BROMELIN SUSP 100ML,0,2.5,3.0,55.89,18.29,0.0,0.0,0.0,0.0,0,rolling
2024-10-04,841,13315,BROMELIN SUSP 100ML,0,2.5,3.0,55.89,18.29,0.0,0.0,0.0,0.0,0,rolling
2024-10-05,841,13315,BROMELIN SUSP 100ML,0,2.5,3.0,55.89,18.29,0.0,0.0,0.0,0.0,0,rolling
2024-10-06,841,13315,BROMELIN SUSP 100ML,0,2.5,3.0,55.89,18.29,0.0,0.0,0.0,0.0,0,rolling
2024-10-07,841,13315,BROMELIN SUSP 100ML,0,2.5,3.0,55.89,18.29,0.0,0.0,0.0,0.0,0,rolling
2024-10-08,841,13315,BROMELIN SUSP 100ML,0,2.5,3.0,55.89,18.29,0.0,0.0,0.0,0.0,0,rolling
2024-10-09,841,13315,BROMELIN SUSP 100ML,0,2.5,3.0,55.89,18.29,0.0,0.0,0.0,0.0,0,rolling
2024-10-10,841,13315,BROMELIN SUSP 100ML,0,2.5,3.0,55.89,18.29,0.0,0.0,0.0,0.0,0,rolling
2024-10-11,841,13315,BROMELIN SUSP 100ML,0,2.5,3.0,55.89,18.29,0.0,0.0,0.0,0.0,0,rolling
2024-10-12,841,13315,BROMELIN SUSP 100ML,0,2.5,3.0,55.89,18.29,0.0,0.0,0.0,0.0,0,rolling
2024-10-13,841,13315,BROMELIN SUSP 100ML,0,2.5,3.0,55.89,18.29,0.0,0.0,0.0,0.0,0,rolling
2024-10-14,841,13315,BROMELIN SUSP 100ML,0,2.5,3.0,55.89,18.29,0.0,0.0,0.0,0.0,0,rolling
2024-10-15,841,13315,BROMELIN SUSP 100ML,0,2.5,3.0,55.89,18.29,0.0,0.0,0.0,0.0,0,rolling
2024-10-16,841,13315,BROMELIN SUSP 100ML,0,2.5,3.0,55.89,18.29,0.0,0.0,0.0,0.0,0,rolling
2024-10-17,841,13315,BROMELIN SUSP 100ML,0,2.5,3.0,55.89,18.29,0.0,0.0,0.0,0.0,0,rolling
2024-10-18,841,13315,BROMELIN SUSP 100ML,0,2.5,3.0,55.89,18.29,0.0,0.0,0.0,0.0,0,rolling
2024-10-19,841,13315,BROMELIN SUSP 100ML,0,2.5,3.0,55.89,18.29,0.0,0.0,0.0,0.0,0,rolling
2024-10-20,841,13315,BROMELIN SUSP 100ML,0,2.5,3.0,55.89,18.29,0.0,0.0,0.0,0.0,0,rolling
2024-10-21,841,13315,BROMELIN SUSP 100ML,0,2.5,3.0,55.89,18.29,0.0,0.0,0.0,0.0,0,rolling
2024-10-22,841,13315,BROMELIN SUSP 100ML,0,2.5,3.0,55.89,18.29,0.0,0.0,0.0,0.0,0,rolling
2024-10-23,841,13315,BROMELIN SUSP 100ML,0,2.5,3.0,55.89,18.29,0.0,0.0,0.0,0.0,0,rolling
2024-10-24,841,13315,BROMELIN SUSP 100ML,0,2.5,3.0,55.89,18.29,0.0,0.0,0.0,0.0,0,rolling
2024-10-25,841,13315,BROMELIN SUSP 100ML,0,2.5,3.0,55.89,18.29,0.0,0.0,0.0,0.0,0,rolling
2024-10-26,841,13315,BROMELIN SUSP 100ML,0,2.5,3.0,55.89,18.29,0.0,0.0,0.0,0.0,0,rolling
2024-10-27,841,13315,BROMELIN SUSP 100ML,0,2.5,3.0,55.89,18.29,0.0,0.0,0.0,0.0,0,rolling
2024-10-28,841,13315,BROMELIN SUSP 100ML,0,2.5,3.0,55.89,18.29,0.0,0.0,0.0,0.0,0,rolling
2024-10-29,841,13315,BROMELIN SUSP 100ML,0,2.5,3.0,55.89,18.29,0.0,0.0,0.0,0.0,0,rolling
2024-10-30,841,13315,BROMELIN SUSP 100ML,0,2.5,3.0,55.89,18.29,0.0,0.0,0.0,0.0,0,rolling
2024-10-31,841,13315,BROMELIN SUSP 100ML,0,2.5,3.0,55.89,18.29,0.0,0.0,0.0,0.0,0,rolling
2024-11-01,841,13315,BROMELIN SUSP 100ML,0,2.5,3.0,55.89,18.29,0.0,0.0,0.0,0.0,0,rolling
2024-11-02,841,13315,BROMELIN SUSP 100ML,0,2.5,3.0,55.89,18.29,0.0,0.0,0.0,0.0,0,rolling
2024-11-03,841,13315,BROMELIN SUSP 100ML,0,2.5,3.0,55.89,18.29,0.0,0.0,0.0,0.0,0,rolling
2024-11-04,841,13315,BROMELIN SUSP 100ML,0,2.5,3.0,55.89,18.29,0.0,0.0,0.0,0.0,0,rolling
2024-11-05,841,13315,BROMELIN SUSP 100ML,0,2.5,3.0,55.89,18.29,0.0,0.0,0.0,0.0,0,rolling
2024-11-06,841,13315,BROMELIN SUSP 100ML,0,2.5,3.0,55.89,18.29,0.0,0.0,0.0,0.0,0,rolling
2024-11-07,841,13315,BROMELIN SUSP 100ML,0,2.5,3.0,55.89,18.29,0.0,0.0,0.0,0.0,0,rolling
2024-11-08,841,13315,BROMELIN SUSP 100ML,0,2.5,3.0,55.89,18.29,0.0,0.0,0.0,0.0,0,rolling
2024-11-09,841,13315,BROMELIN SUSP 100ML,0,2.5,3.0,55.89,18.29,0.0,0.0,0.0,0.0,0,rolling
2024-11-10,841,13315,BROMELIN SUSP 100ML,0,2.5,3.0,55.89,18.29,0.0,0.0,0.0,0.0,0,rolling
2024-11-11,841,13315,BROMELIN SUSP 100ML,0,2.5,3.0,55.89,18.29,0.0,0.0,0.0,0.0,0,rolling
2024-11-12,841,13315,BROMELIN SUSP 100ML,0,2.5,3.0,55.89,18.29,0.0,0.0,0.0,0.0,0,rolling
2024-11-13,841,13315,BROMELIN SUSP 100ML,0,2.5,3.0,55.89,18.29,0.0,0.0,0.0,0.0,0,rolling
2024-11-14,841,13315,BROMELIN SUSP 100ML,0,2.5,3.0,55.89,18.29,0.0,0.0,0.0,0.0,0,rolling
2024-11-15,841,13315,BROMELIN SUSP 100ML,0,2.5,3.0,55.89,18.29,0.0,0.0,0.0,0.0,0,rolling
2024-11-16,841,13315,BROMELIN SUSP 100ML,0,2.5,3.0,55.89,18.29,0.0,0.0,0.0,0.0,0,rolling
2024-11-17,841,13315,BROMELIN SUSP 100ML,0,2.5,3.0,55.89,18.29,0.0,0.0,0.0,0.0,0,rolling
2024-11-18,841,13315,BROMELIN SUSP 100ML,0,2.5,3.0,55.89,18.29,0.0,0.0,0.0,0.0,0,rolling
2024-11-19,841,13315,BROMELIN SUSP 100ML,0,2.5,3.0,55.89,18.29,0.0,0.0,0.0,0.0,0,rolling
2024-11-20,841,13315,BROMELIN SUSP 100ML,0,2.5,3.0,55.89,18.29,0.0,0.0,0.0,0.0,0,rolling
2024-11-21,841,13315,BROMELIN SUSP 100ML,0,2.5,3.0,55.89,18.29,0.0,0.0,0.0,0.0,0,rolling
2024-11-22,841,13315,BROMELIN SUSP 100ML,0,2.5,3.0,55.89,18.29,0.0,0.0,0.0,0.0,0,rolling
2024-11-23,841,13315,BROMELIN SUSP 100ML,0,2.5,3.0,55.89,18.29,0.0,0.0,0.0,0.0,0,rolling
2024-11-24,841,13315,BROMELIN SUSP 100ML,0,2.5,3.0,55.89,18.29,0.0,0.0,0.0,0.0,0,rolling
2024-11-25,841,13315,BROMELIN SUSP 100ML,0,2.5,3.0,55.89,18.29,0.0,0.0,0.0,0.0,0,rolling
2024-11-26,841,13315,BROMELIN SUSP 100ML,0,2.5,3.0,55.89,18.29,0.0,0.0,0.0,0.0,0,rolling
2024-11-27,841,13315,BROMELIN SUSP 100ML,0,2.5,3.0,55.89,18.29,0.0,0.0,0.0,0.0,0,rolling
2024-11-28,841,13315,BROMELIN SUSP 100ML,0,2.5,3.0,55.89,18.29,0.0,0.0,0.0,0.0,0,rolling
2024-11-29,841,13315,BROMELIN SUSP 100ML,0,2.5,3.0,55.89,18.29,0.0,0.0,0.0,0.0,0,rolling
2024-11-30,841,13315,BROMELIN SUSP 100ML,0,2.5,3.0,55.89,18.29,0.0,0.0,0.0,0.0,0,rolling
2024-12-01,841,13315,BROMELIN SUSP 100ML,0,2.5,3.0,55.89,18.29,0.0,0.0,0.0,0.0,0,rolling
2024-12-02,841,13315,BROMELIN SUSP 100ML,0,2.5,3.0,55.89,18.29,0.0,0.0,0.0,0.0,0,rolling
2024-12-03,841,13315,BROMELIN SUSP 100ML,0,2.5,3.0,55.89,18.29,0.0,0.0,0.0,0.0,0,rolling
2024-12-04,841,13315,BROMELIN SUSP 100ML,0,2.5,3.0,55.89,18.29,0.0,0.0,0.0,0.0,0,rolling
2024-12-05,841,13315,BROMELIN SUSP 100ML,0,2.5,3.0,55.89,18.29,0.0,0.0,0.0,0.0,0,rolling
2024-12-06,841,13315,BROMELIN SUSP 100ML,0,2.5,3.0,55.89,18.29,0.0,0.0,0.0,0.0,0,rolling
2024-12-07,841,13315,BROMELIN SUSP 100ML,0,2.5,3.0,55.89,18.29,0.0,0.0,0.0,0.0,0,rolling
2024-12-08,841,13315,BROMELIN SUSP 100ML,0,2.5,3.0,55.89,18.29,0.0,0.0,0.0,0.0,0,rolling
2024-12-09,841,13315,BROMELIN SUSP 100ML,0,2.5,3.0,55.89,18.29,0.0,0.0,0.0,0.0,0,rolling
2024-12-10,841,13315,BROMELIN SUSP 100ML,0,2.5,3.0,55.89,18.29,0.0,0.0,0.0,0.0,0,rolling
2024-12-11,841,13315,BROMELIN SUSP 100ML,0,2.5,3.0,55.89,18.29,0.0,0.0,0.0,0.0,0,rolling
2024-12-12,841,13315,BROMELIN SUSP 100ML,0,2.5,3.0,55.89,18.29,0.0,0.0,0.0,0.0,0,rolling
2024-12-13,841,13315,BROMELIN SUSP 100ML,0,2.5,3.0,55.89,18.29,0.0,0.0,0.0,0.0,0,rolling
2024-12-14,841,13315,BROMELIN SUSP 100ML,0,2.5,3.0,55.89,18.29,0.0,0.0,0.0,0.0,0,rolling
2024-12-15,841,13315,BROMELIN SUSP 100ML,0,2.5,3.0,55.89,18.29,0.0,0.0,0.0,0.0,0,rolling
2024-12-16,841,13315,BROMELIN SUSP 100ML,0,2.5,3.0,55.89,18.29,0.0,0.0,0.0,0.0,0,rolling
2024-12-17,841,13315,BROMELIN SUSP 100ML,0,2.5,3.0,55.89,18.29,0.0,0.0,0.0,0.0,0,rolling
2024-12-18,841,13315,BROMELIN SUSP 100ML,0,2.5,3.0,55.89,18.29,0.0,0.0,0.0,0.0,0,rolling
2024-12-19,841,13315,BROMELIN SUSP 100ML,0,2.5,3.0,55.89,18.29,0.0,0.0,0.0,0.0,0,rolling
2024-12-20,841,13315,BROMELIN SUSP 100ML,0,2.5,3.0,55.89,18.29,0.0,0.0,0.0,0.0,0,rolling
2024-12-21,841,13315,BROMELIN SUSP 100ML,0,2.5,3.0,55.89,18.29,0.0,0.0,0.0,0.0,0,rolling
2024-12-22,841,13315,BROMELIN SUSP 100ML,0,2.5,3.0,55.89,18.29,0.0,0.0,0.0,0.0,0,rolling
2024-12-23,841,13315,BROMELIN SUSP 100ML,0,2.5,3.0,55.89,18.29,0.0,0.0,0.0,0.0,0,rolling
2024-12-24,841,13315,BROMELIN SUSP 100ML,0,2.5,3.0,55.89,18.29,0.0,0.0,0.0,0.0,0,rolling
2024-12-25,841,13315,BROMELIN SUSP 100ML,0,2.5,3.0,55.89,18.29,0.0,0.0,0.0,0.0,0,rolling
2024-12-26,841,13315,BROMELIN SUSP 100ML,0,2.5,3.0,55.89,18.29,0.0,0.0,0.0,0.0,0,rolling
2024-12-27,841,13315,BROMELIN SUSP 100ML,0,2.5,3.0,55.89,18.29,0.0,0.0,0.0,0.0,0,rolling
2024-12-28,841,13315,BROMELIN SUSP 100ML,0,2.5,3.0,55.89,18.29,0.0,0.0,0.0,0.0,0,rolling
2024-12-29,841,13315,BROMELIN SUSP 100ML,0,2.5,3.0,55.89,18.29,0.0,0.0,0.0,0.0,0,rolling
2024-12-30,841,13315,BROMELIN SUSP 100ML,0,2.5,3.0,55.89,18.29,0.0,0.0,0.0,0.0,0,rolling
2024-12-31,841,13315,BROMELIN SUSP 100ML,0,2.5,3.0,55.89,18.29,0.0,0.0,0.0,0.0,0,rolling
2024-10-01,841,1439,SORINE GTS ADULTO 30ML,0,2.5,3.0,20.84,15.49,0.0,0.1324,0.0,0.0,0,rolling
2024-10-02,841,1439,SORINE GTS ADULTO 30ML,0,2.5,3.0,20.84,15.49,0.0,0.1324,0.0,0.0,0,rolling
2024-10-03,841,1439,SORINE GTS ADULTO 30ML,0,2.5,3.0,20.84,15.49,0.0,0.1324,0.0,0.0,0,rolling
2024-10-04,841,1439,SORINE GTS ADULTO 30ML,0,2.5,3.0,20.84,15.49,0.0,0.1324,0.0,0.0,0,rolling
2024-10-05,841,1439,SORINE GTS ADULTO 30ML,0,2.5,3.0,20.84,15.49,0.0,0.1324,0.0,0.0,0,rolling
2024-10-06,841,1439,SORINE GTS ADULTO 30ML,0,2.5,3.0,20.84,15.49,0.0437,0.1324,0.0,0.0,0,rolling
2024-10-07,841,1439,SORINE GTS ADULTO 30ML,0,2.5,3.0,20.84,15.49,0.0,0.1324,0.0,0.0,0,rolling
2024-10-08,841,1439,SORINE GTS ADULTO 30ML,0,2.5,3.0,20.84,15.49,0.0,0.1324,0.0,0.0,0,rolling
2024-10-09,841,1439,SORINE GTS ADULTO 30ML,0,2.5,3.0,20.84,15.49,0.0,0.1324,0.0,0.0,0,rolling
2024-10-10,841,1439,SORINE GTS ADULTO 30ML,0,2.5,3.0,20.84,15.49,0.0,0.1324,0.0,0.0,0,rolling
2024-10-11,841,1439,SORINE GTS ADULTO 30ML,0,2.5,3.0,20.84,15.49,0.0,0.1324,0.0,0.0,0,rolling
2024-10-12,841,1439,SORINE GTS ADULTO 30ML,0,2.5,3.0,20.84,15.49,0.0,0.1324,2.0,2.0,0,rolling
2024-10-13,841,1439,SORINE GTS ADULTO 30ML,0,2.5,3.0,20.84,15.49,0.0759,0.294,0.0,0.0,0,rolling
2024-10-14,841,1439,SORINE GTS ADULTO 30ML,0,2.5,3.0,20.84,15.49,0.0321,0.294,0.0,0.0,1,rolling
2024-10-15,841,1439,SORINE GTS ADULTO 30ML,0,2.5,3.0,20.84,15.49,0.0321,0.294,0.0,0.0,1,rolling
2024-10-16,841,1439,SORINE GTS ADULTO 30ML,0,2.5,3.0,20.84,15.49,0.0321,0.294,0.0,0.0,1,rolling
2024-10-17,841,1439,SORINE GTS ADULTO 30ML,0,2.5,3.0,20.84,15.49,0.0321,0.294,0.0,0.0,1,rolling
2024-10-18,841,1439,SORINE GTS ADULTO 30ML,0,2.5,3.0,20.84,15.49,0.0321,0.294,0.0,0.0,0,rolling
2024-10-19,841,1439,SORINE GTS ADULTO 30ML,0,2.5,3.0,20.84,15.49,0.1196,0.294,0.0,0.0,0,rolling
2024-10-20,841,1439,SORINE GTS ADULTO 30ML,0,2.5,3.0,20.84,15.49,0.0759,0.294,0.0,0.0,0,rolling
2024-10-21,841,1439,SORINE GTS ADULTO 30ML,0,2.5,3.0,20.84,15.49,0.0321,0.2649,0.0,0.0,0,rolling
2024-10-22,841,1439,SORINE GTS ADULTO 30ML,0,2.5,3.0,20.84,15.49,0.0321,0.2649,0.0,0.0,0,rolling
2024-10-23,841,1439,SORINE GTS ADULTO 30ML,0,2.5,3.0,20.84,15.49,0.0321,0.2649,0.0,0.0,0,rolling
2024-10-24,841,1439,SORINE GTS ADULTO 30ML,0,2.5,3.0,20.84,15.49,0.0321,0.2649,0.0,0.0,0,rolling
2024-10-25,841,1439,SORINE GTS ADULTO 30ML,0,2.5,3.0,20.84,15.49,0.0321,0.2649,0.0,0.0,0,rolling
2024-10-26,841,1439,SORINE GTS ADULTO 30ML,0,2.5,3.0,20.84,15.49,0.1196,0.2649,0.0,0.0,0,rolling
2024-10-27,841,1439,SORINE GTS ADULTO 30ML,0,2.5,3.0,20.84,15.49,0.0321,0.2649,0.0,0.0,0,rolling
2024-10-28,841,1439,SORINE GTS ADULTO 30ML,0,2.5,3.0,20.84,15.49,0.0321,0.2649,0.0,0.0,0,rolling
2024-10-29,841,1439,SORINE GTS ADULTO 30ML,0,2.5,3.0,20.84,15.49,0.0321,0.2649,0.0,0.0,0,rolling
2024-10-30,841,1439,SORINE GTS ADULTO 30ML,0,2.5,3.0,20.84,15.49,0.0321,0.2649,0.0,0.0,0,rolling
2024-10-31,841,1439,SORINE GTS ADULTO 30ML,0,2.5,3.0,20.84,15.49,0.0321,0.2649,0.0,0.0,0,rolling
2024-11-01,841,1439,SORINE GTS ADULTO 30ML,0,2.5,3.0,20.84,15.49,0.0321,0.2649,0.0,0.0,0,rolling
2024-11-02,841,1439,SORINE GTS ADULTO 30ML,0,2.5,3.0,20.84,15.49,0.1196,0.2649,0.0,0.0,0,rolling
2024-11-03,841,1439,SORINE GTS ADULTO 30ML,0,2.5,3.0,20.84,15.49,0.0321,0.2649,0.0,0.0,0,rolling
2024-11-04,841,1439,SORINE GTS ADULTO 30ML,0,2.5,3.0,20.84,15.49,0.0321,0.2649,0.0,0.0,0,rolling
2024-11-05,841,1439,SORINE GTS ADULTO 30ML,0,2.5,3.0,20.84,15.49,0.0321,0.2649,0.0,0.0,0,rolling
2024-11-06,841,1439,SORINE GTS ADULTO 30ML,0,2.5,3.0,20.84,15.49,0.0321,0.2649,0.0,0.0,0,rolling
2024-11-07,841,1439,SORINE GTS ADULTO 30ML,0,2.5,3.0,20.84,15.49,0.0321,0.2649,0.0,0.0,0,rolling
2024-11-08,841,1439,SORINE GTS ADULTO 30ML,0,2.5,3.0,20.84,15.49,0.0321,0.2649,0.0,0.0,0,rolling
2024-11-09,841,1439,SORINE GTS ADULTO 30ML,0,2.5,3.0,20.84,15.49,0.1196,0.2649,0.0,0.0,0,rolling
2024-11-10,841,1439,SORINE GTS ADULTO 30ML,0,2.5,3.0,20.84,15.49,0.0,0.2649,0.0,0.0,0,rolling
2024-11-11,841,1439,SORINE GTS ADULTO 30ML,0,2.5,3.0,20.84,15.49,0.0,0.2649,0.0,0.0,0,rolling
2024-11-12,841,1439,SORINE GTS ADULTO 30ML,0,2.5,3.0,20.84,15.49,0.0,0.2649,0.0,0.0,0,rolling
2024-11-13,841,1439,SORINE GTS ADULTO 30ML,0,2.5,3.0,20.84,15.49,0.0,0.2649,0.0,0.0,0,rolling
2024-11-14,841,1439,SORINE GTS ADULTO 30ML,0,2.5,3.0,20.84,15.49,0.0,0.2649,0.0,0.0,0,rolling
2024-11-15,841,1439,SORINE GTS ADULTO 30ML,0,2.5,3.0,20.84,15.49,0.0,0.2649,0.0,0.0,0,rolling
2024-11-16,841,1439,SORINE GTS ADULTO 30ML,0,2.5,3.0,20.84,15.49,0.0875,0.2649,0.0,0.0,0,rolling
2024-11-17,841,1439,SORINE GTS ADULTO 30ML,0,2.5,3.0,20.84,15.49,0.0,0.2649,0.0,0.0,0,rolling
2024-11-18,841,1439,SORINE GTS ADULTO 30ML,0,2.5,3.0,20.84,15.49,0.0,0.2649,0.0,0.0,0,rolling
2024-11-19,841,1439,SORINE GTS ADULTO 30ML,0,2.5,3.0,20.84,15.49,0.0,0.2649,0.0,0.0,0,rolling
2024-11-20,841,1439,SORINE GTS ADULTO 30ML,0,2.5,3.0,20.84,15.49,0.0,0.2649,0.0,0.0,0,rolling
2024-11-21,841,1439,SORINE GTS ADULTO 30ML,0,2.5,3.0,20.84,15.49,0.0,0.2649,0.0,0.0,0,rolling
2024-11-22,841,1439,SORINE GTS ADULTO 30ML,0,2.5,3.0,20.84,15.49,0.0,0.2649,0.0,0.0,0,rolling
2024-11-23,841,1439,SORINE GTS ADULTO 30ML,0,2.5,3.0,20.84,15.49,0.0875,0.2649,0.0,0.0,0,rolling
2024-11-24,841,1439,SORINE GTS ADULTO 30ML,0,2.5,3.0,20.84,15.49,0.0,0.2649,0.0,0.0,0,rolling
2024-11-25,841,1439,SORINE GTS ADULTO 30ML,0,2.5,3.0,20.84,15.49,0.0,0.2649,0.0,0.0,0,rolling
2024-11-26,841,1439,SORINE GTS ADULTO 30ML,0,2.5,3.0,20.84,15.49,0.0,0.2649,0.0,0.0,0,rolling
2024-11-27,841,1439,SORINE GTS ADULTO 30ML,0,2.5,3.0,20.84,15.49,0.0,0.2649,0.0,0.0,0,rolling
2024-11-28,841,1439,SORINE GTS ADULTO 30ML,0,2.5,3.0,20.84,15.49,0.0,0.2649,0.0,0.0,0,rolling
2024-11-29,841,1439,SORINE GTS ADULTO 30ML,0,2.5,3.0,20.84,15.49,0.0133,0.2649,0.0,0.0,0,rolling
2024-11-30,841,1439,SORINE GTS ADULTO 30ML,0,2.5,3.0,20.84,15.49,0.1008,0.2649,0.0,0.0,0,rolling
2024-12-01,841,1439,SORINE GTS ADULTO 30ML,0,2.5,3.0,20.84,15.49,0.0133,0.2649,0.0,0.0,0,rolling
2024-12-02,841,1439,SORINE GTS ADULTO 30ML,0,2.5,3.0,20.84,15.49,0.0133,0.2649,0.0,0.0,0,rolling
2024-12-03,841,1439,SORINE GTS ADULTO 30ML,0,2.5,3.0,20.84,15.49,0.0133,0.2649,0.0,0.0,0,rolling
2024-12-04,841,1439,SORINE GTS ADULTO 30ML,0,2.5,3.0,20.84,15.49,0.0133,0.2649,0.0,0.0,0,rolling
2024-12-05,841,1439,SORINE GTS ADULTO 30ML,0,2.5,3.0,20.84,15.49,0.0133,0.2649,0.0,0.0,0,rolling
2024-12-06,841,1439,SORINE GTS ADULTO 30ML,0,2.5,3.0,20.84,15.49,0.0133,0.2649,0.0,0.0,0,rolling
2024-12-07,841,1439,SORINE GTS ADULTO 30ML,0,2.5,3.0,20.84,15.49,0.1008,0.2649,0.0,0.0,0,rolling
2024-12-08,841,1439,SORINE GTS ADULTO 30ML,0,2.5,3.0,20.84,15.49,0.0133,0.0,0.0,0.0,0,rolling
2024-12-09,841,1439,SORINE GTS ADULTO 30ML,0,2.5,3.0,20.84,15.49,0.0133,0.0,0.0,0.0,0,rolling
2024-12-10,841,1439,SORINE GTS ADULTO 30ML,0,2.5,3.0,20.84,15.49,0.0133,0.0,0.0,0.0,0,rolling
2024-12-11,841,1439,SORINE GTS ADULTO 30ML,0,2.5,3.0,20.84,15.49,0.0133,0.0,0.0,0.0,0,rolling
2024-12-12,841,1439,SORINE GTS ADULTO 30ML,0,2.5,3.0,20.84,15.49,0.0133,0.0,0.0,0.0,0,rolling
2024-12-13,841,1439,SORINE GTS ADULTO 30ML,0,2.5,3.0,20.84,15.49,0.0133,0.0,0.0,0.0,0,rolling
2024-12-14,841,1439,SORINE GTS ADULTO 30ML,0,2.5,3.0,20.84,15.49,0.0,0.0,0.0,0.0,0,rolling
2024-12-15,841,1439,SORINE GTS ADULTO 30ML,0,2.5,3.0,20.84,15.49,0.0,0.0,0.0,0.0,0,rolling
2024-12-16,841,1439,SORINE GTS ADULTO 30ML,0,2.5,3.0,20.84,15.49,0.0,0.0,0.0,0.0,0,rolling
2024-12-17,841,1439,SORINE GTS ADULTO 30ML,0,2.5,3.0,20.84,15.49,0.0,0.0,0.0,0.0,0,rolling
2024-12-18,841,1439,SORINE GTS ADULTO 30ML,0,2.5,3.0,20.84,15.49,0.0,0.0,0.0,0.0,0,rolling
2024-12-19,841,1439,SORINE GTS ADULTO 30ML,0,2.5,3.0,20.84,15.49,0.0,0.0,0.0,0.0,0,rolling
2024-12-20,841,1439,SORINE GTS ADULTO 30ML,0,2.5,3.0,20.84,15.49,0.0,0.0,0.0,0.0,0,rolling
2024-12-21,841,1439,SORINE GTS ADULTO 30ML,0,2.5,3.0,20.84,15.49,0.0,0.0,0.0,0.0,0,rolling
2024-12-22,841,1439,SORINE GTS ADULTO 30ML,0,2.5,3.0,20.84,15.49,0.0,0.0,0.0,0.0,0,rolling
2024-12-23,841,1439,SORINE GTS ADULTO 30ML,0,2.5,3.0,20.84,15.49,0.0,0.0,0.0,0.0,0,rolling
2024-12-24,841,1439,SORINE GTS ADULTO 30ML,0,2.5,3.0,20.84,15.49,0.0,0.0,0.0,0.0,0,rolling
2024-12-25,841,1439,SORINE GTS ADULTO 30ML,0,2.5,3.0,20.84,15.49,0.0,0.0,0.0,0.0,0,rolling
2024-12-26,841,1439,SORINE GTS ADULTO 30ML,0,2.5,3.0,20.84,15.49,0.0,0.0,0.0,0.0,0,rolling
2024-12-27,841,1439,SORINE GTS ADULTO 30ML,0,2.5,3.0,20.84,15.49,0.0133,0.0,0.0,0.0,0,rolling
2024-12-28,841,1439,SORINE GTS ADULTO 30ML,0,2.5,3.0,20.84,15.49,0.0133,0.0,1.0,1.0,0,rolling
2024-12-29,841,1439,SORINE GTS ADULTO 30ML,0,2.5,3.0,20.84,15.49,0.0294,0.1324,0.0,0.0,0,rolling
2024-12-30,841,1439,SORINE GTS ADULTO 30ML,0,2.5,3.0,20.84,15.49,0.0294,0.1324,0.0,0.0,0,rolling
2024-12-31,841,1439,SORINE GTS ADULTO 30ML,0,2.5,3.0,20.84,15.49,0.0294,0.1324,0.0,0.0,0,rolling
2024-10-01,841,15496,TAMIFLU 75MG CAPS C/10,0,2.5,3.0,277.3,203.05,0.0,0.0,0.0,0.0,0,rolling
2024-10-02,841,15496,TAMIFLU 75MG CAPS C/10,0,2.5,3.0,277.3,203.05,0.0,0.0,0.0,0.0,0,rolling
2024-10-03,841,15496,TAMIFLU 75MG CAPS C/10,0,2.5,3.0,277.3,203.05,0.0,0.0,0.0,0.0,0,rolling
2024-10-04,841,15496,TAMIFLU 75MG CAPS C/10,0,2.5,3.0,277.3,203.05,0.0,0.0,0.0,0.0,0,rolling
2024-10-05,841,15496,TAMIFLU 75MG CAPS C/10,0,2.5,3.0,277.3,203.05,0.0,0.0,0.0,0.0,0,rolling
2024-10-06,841,15496,TAMIFLU 75MG CAPS C/10,0,2.5,3.0,277.3,203.05,0.0,0.0,0.0,0.0,0,rolling
2024-10-07,841,15496,TAMIFLU 75MG CAPS C/10,0,2.5,3.0,277.3,203.05,0.0,0.0,0.0,0.0,0,rolling
2024-10-08,841,15496,TAMIFLU 75MG CAPS C/10,0,2.5,3.0,277.3,203.05,0.0,0.0,0.0,0.0,0,rolling
2024-10-09,841,15496,TAMIFLU 75MG CAPS C/10,0,2.5,3.0,277.3,203.05,0.0,0.0,0.0,0.0,0,rolling
2024-10-10,841,15496,TAMIFLU 75MG CAPS C/10,0,2.5,3.0,277.3,203.05,0.0,0.0,0.0,0.0,0,rolling
2024-10-11,841,15496,TAMIFLU 75MG CAPS C/10,0,2.5,3.0,277.3,203.05,0.0,0.0,0.0,0.0,0,rolling
2024-10-12,841,15496,TAMIFLU 75MG CAPS C/10,0,2.5,3.0,277.3,203.05,0.0,0.0,0.0,0.0,0,rolling
2024-10-13,841,15496,TAMIFLU 75MG CAPS C/10,0,2.5,3.0,277.3,203.05,0.0,0.0,0.0,0.0,0,rolling
2024-10-14,841,15496,TAMIFLU 75MG CAPS C/10,0,2.5,3.0,277.3,203.05,0.0,0.0,0.0,0.0,0,rolling
2024-10-15,841,15496,TAMIFLU 75MG CAPS C/10,0,2.5,3.0,277.3,203.05,0.0,0.0,0.0,0.0,0,rolling
2024-10-16,841,15496,TAMIFLU 75MG CAPS C/10,0,2.5,3.0,277.3,203.05,0.0,0.0,0.0,0.0,0,rolling
2024-10-17,841,15496,TAMIFLU 75MG CAPS C/10,0,2.5,3.0,277.3,203.05,0.0,0.0,0.0,0.0,0,rolling
2024-10-18,841,15496,TAMIFLU 75MG CAPS C/10,0,2.5,3.0,277.3,203.05,0.0,0.0,0.0,0.0,0,rolling
2024-10-19,841,15496,TAMIFLU 75MG CAPS C/10,0,2.5,3.0,277.3,203.05,0.0,0.0,0.0,0.0,0,rolling
2024-10-20,841,15496,TAMIFLU 75MG CAPS C/10,0,2.5,3.0,277.3,203.05,0.0,0.0,0.0,0.0,0,rolling
2024-10-21,841,15496,TAMIFLU 75MG CAPS C/10,0,2.5,3.0,277.3,203.05,0.0,0.0,0.0,0.0,0,rolling
2024-10-22,841,15496,TAMIFLU 75MG CAPS C/10,0,2.5,3.0,277.3,203.05,0.0,0.0,0.0,0.0,0,rolling
2024-10-23,841,15496,TAMIFLU 75MG CAPS C/10,0,2.5,3.0,277.3,203.05,0.0,0.0,0.0,0.0,0,rolling
2024-10-24,841,15496,TAMIFLU 75MG CAPS C/10,0,2.5,3.0,277.3,203.05,0.0,0.0,0.0,0.0,0,rolling
2024-10-25,841,15496,TAMIFLU 75MG CAPS C/10,0,2.5,3.0,277.3,203.05,0.0,0.0,0.0,0.0,0,rolling
2024-10-26,841,15496,TAMIFLU 75MG CAPS C/10,0,2.5,3.0,277.3,203.05,0.0,0.0,0.0,0.0,0,rolling
2024-10-27,841,15496,TAMIFLU 75MG CAPS C/10,0,2.5,3.0,277.3,203.05,0.0,0.0,0.0,0.0,0,rolling
2024-10-28,841,15496,TAMIFLU 75MG CAPS C/10,0,2.5,3.0,277.3,203.05,0.0,0.0,0.0,0.0,0,rolling
2024-10-29,841,15496,TAMIFLU 75MG CAPS C/10,0,2.5,3.0,277.3,203.05,0.0,0.0,0.0,0.0,0,rolling
2024-10-30,841,15496,TAMIFLU 75MG CAPS C/10,0,2.5,3.0,277.3,203.05,0.0,0.0,0.0,0.0,0,rolling
2024-10-31,841,15496,TAMIFLU 75MG CAPS C/10,0,2.5,3.0,277.3,203.05,0.0,0.0,0.0,0.0,0,rolling
2024-11-01,841,15496,TAMIFLU 75MG CAPS C/10,0,2.5,3.0,277.3,203.05,0.0,0.0,0.0,0.0,0,rolling
2024-11-02,841,15496,TAMIFLU 75MG CAPS C/10,0,2.5,3.0,277.3,203.05,0.0,0.0,0.0,0.0,0,rolling
2024-11-03,841,15496,TAMIFLU 75MG CAPS C/10,0,2.5,3.0,277.3,203.05,0.0,0.0,0.0,0.0,0,rolling
2024-11-04,841,15496,TAMIFLU 75MG CAPS C/10,0,2.5,3.0,277.3,203.05,0.0,0.0,0.0,0.0,0,rolling
2024-11-05,841,15496,TAMIFLU 75MG CAPS C/10,0,2.5,3.0,277.3,203.05,0.0,0.0,0.0,0.0,0,rolling
2024-11-06,841,15496,TAMIFLU 75MG CAPS C/10,0,2.5,3.0,277.3,203.05,0.0,0.0,0.0,0.0,0,rolling
2024-11-07,841,15496,TAMIFLU 75MG CAPS C/10,0,2.5,3.0,277.3,203.05,0.0,0.0,0.0,0.0,0,rolling
2024-11-08,841,15496,TAMIFLU 75MG CAPS C/10,0,2.5,3.0,277.3,203.05,0.0,0.0,0.0,0.0,0,rolling
2024-11-09,841,15496,TAMIFLU 75MG CAPS C/10,0,2.5,3.0,277.3,203.05,0.0,0.0,0.0,0.0,0,rolling
2024-11-10,841,15496,TAMIFLU 75MG CAPS C/10,0,2.5,3.0,277.3,203.05,0.0,0.0,0.0,0.0,0,rolling
2024-11-11,841,15496,TAMIFLU 75MG CAPS C/10,0,2.5,3.0,277.3,203.05,0.0,0.0,0.0,0.0,0,rolling
2024-11-12,841,15496,TAMIFLU 75MG CAPS C/10,0,2.5,3.0,277.3,203.05,0.0,0.0,0.0,0.0,0,rolling
2024-11-13,841,15496,TAMIFLU 75MG CAPS C/10,0,2.5,3.0,277.3,203.05,0.0,0.0,0.0,0.0,0,rolling
2024-11-14,841,15496,TAMIFLU 75MG CAPS C/10,0,2.5,3.0,277.3,203.05,0.0,0.0,0.0,0.0,0,rolling
2024-11-15,841,15496,TAMIFLU 75MG CAPS C/10,0,2.5,3.0,277.3,203.05,0.0,0.0,0.0,0.0,0,rolling
2024-11-16,841,15496,TAMIFLU 75MG CAPS C/10,0,2.5,3.0,277.3,203.05,0.0,0.0,0.0,0.0,0,rolling
2024-11-17,841,15496,TAMIFLU 75MG CAPS C/10,0,2.5,3.0,277.3,203.05,0.0,0.0,0.0,0.0,0,rolling
2024-11-18,841,15496,TAMIFLU 75MG CAPS C/10,0,2.5,3.0,277.3,203.05,0.0,0.0,0.0,0.0,0,rolling
2024-11-19,841,15496,TAMIFLU 75MG CAPS C/10,0,2.5,3.0,277.3,203.05,0.0,0.0,0.0,0.0,0,rolling
2024-11-20,841,15496,TAMIFLU 75MG CAPS C/10,0,2.5,3.0,277.3,203.05,0.0,0.0,0.0,0.0,0,rolling
2024-11-21,841,15496,TAMIFLU 75MG CAPS C/10,0,2.5,3.0,277.3,203.05,0.0,0.0,0.0,0.0,0,rolling
2024-11-22,841,15496,TAMIFLU 75MG CAPS C/10,0,2.5,3.0,277.3,203.05,0.0,0.0,0.0,0.0,0,rolling
2024-11-23,841,15496,TAMIFLU 75MG CAPS C/10,0,2.5,3.0,277.3,203.05,0.0,0.0,0.0,0.0,0,rolling
2024-11-24,841,15496,TAMIFLU 75MG CAPS C/10,0,2.5,3.0,277.3,203.05,0.0,0.0,0.0,0.0,0,rolling
2024-11-25,841,15496,TAMIFLU 75MG CAPS C/10,0,2.5,3.0,277.3,203.05,0.0,0.0,0.0,0.0,0,rolling
2024-11-26,841,15496,TAMIFLU 75MG CAPS C/10,0,2.5,3.0,277.3,203.05,0.0,0.0,0.0,0.0,0,rolling
2024-11-27,841,15496,TAMIFLU 75MG CAPS C/10,0,2.5,3.0,277.3,203.05,0.0,0.0,0.0,0.0,0,rolling
2024-11-28,841,15496,TAMIFLU 75MG CAPS C/10,0,2.5,3.0,277.3,203.05,0.0,0.0,0.0,0.0,0,rolling
2024-11-29,841,15496,TAMIFLU 75MG CAPS C/10,0,2.5,3.0,277.3,203.05,0.0,0.0,0.0,0.0,0,rolling
2024-11-30,841,15496,TAMIFLU 75MG CAPS C/10,0,2.5,3.0,277.3,203.05,0.0,0.0,0.0,0.0,0,rolling
2024-12-01,841,15496,TAMIFLU 75MG CAPS C/10,0,2.5,3.0,277.3,203.05,0.0,0.0,0.0,0.0,0,rolling
2024-12-02,841,15496,TAMIFLU 75MG CAPS C/10,0,2.5,3.0,277.3,203.05,0.0,0.0,0.0,0.0,0,rolling
2024-12-03,841,15496,TAMIFLU 75MG CAPS C/10,0,2.5,3.0,277.3,203.05,0.0,0.0,0.0,0.0,0,rolling
2024-12-04,841,15496,TAMIFLU 75MG CAPS C/10,0,2.5,3.0,277.3,203.05,0.0,0.0,0.0,0.0,0,rolling
2024-12-05,841,15496,TAMIFLU 75MG CAPS C/10,0,2.5,3.0,277.3,203.05,0.0,0.0,0.0,0.0,0,rolling
2024-12-06,841,15496,TAMIFLU 75MG CAPS C/10,0,2.5,3.0,277.3,203.05,0.0,0.0,0.0,0.0,0,rolling
2024-12-07,841,15496,TAMIFLU 75MG CAPS C/10,0,2.5,3.0,277.3,203.05,0.0,0.0,0.0,0.0,0,rolling
2024-12-08,841,15496,TAMIFLU 75MG CAPS C/10,0,2.5,3.0,277.3,203.05,0.0,0.0,0.0,0.0,0,rolling
2024-12-09,841,15496,TAMIFLU 75MG CAPS C/10,0,2.5,3.0,277.3,203.05,0.0,0.0,0.0,0.0,0,rolling
2024-12-10,841,15496,TAMIFLU 75MG CAPS C/10,0,2.5,3.0,277.3,203.05,0.0,0.0,0.0,0.0,0,rolling
2024-12-11,841,15496,TAMIFLU 75MG CAPS C/10,0,2.5,3.0,277.3,203.05,0.0,0.0,0.0,0.0,0,rolling
2024-12-12,841,15496,TAMIFLU 75MG CAPS C/10,0,2.5,3.0,277.3,203.05,0.0,0.0,0.0,0.0,0,rolling
2024-12-13,841,15496,TAMIFLU 75MG CAPS C/10,0,2.5,3.0,277.3,203.05,0.0,0.0,0.0,0.0,0,rolling
2024-12-14,841,15496,TAMIFLU 75MG CAPS C/10,0,2.5,3.0,277.3,203.05,0.0,0.0,0.0,0.0,0,rolling
2024-12-15,841,15496,TAMIFLU 75MG CAPS C/10,0,2.5,3.0,277.3,203.05,0.0,0.0,0.0,0.0,0,rolling
2024-12-16,841,15496,TAMIFLU 75MG CAPS C/10,0,2.5,3.0,277.3,203.05,0.0,0.0,0.0,0.0,0,rolling
2024-12-17,841,15496,TAMIFLU 75MG CAPS C/10,0,2.5,3.0,277.3,203.05,0.0,0.0,0.0,0.0,0,rolling
2024-12-18,841,15496,TAMIFLU 75MG CAPS C/10,0,2.5,3.0,277.3,203.05,0.0,0.0,0.0,0.0,0,rolling
2024-12-19,841,15496,TAMIFLU 75MG CAPS C/10,0,2.5,3.0,277.3,203.05,0.0,0.0,0.0,0.0,0,rolling
2024-12-20,841,15496,TAMIFLU 75MG CAPS C/10,0,2.5,3.0,277.3,203.05,0.0,0.0,0.0,0.0,0,rolling
2024-12-21,841,15496,TAMIFLU 75MG CAPS C/10,0,2.5,3.0,277.3,203.05,0.0,0.0,0.0,0.0,0,rolling
2024-12-22,841,15496,TAMIFLU 75MG CAPS C/10,0,2.5,3.0,277.3,203.05,0.0,0.0,0.0,0.0,0,rolling
2024-12-23,841,15496,TAMIFLU 75MG CAPS C/10,0,2.5,3.0,277.3,203.05,0.0,0.0,0.0,0.0,0,rolling
2024-12-24,841,15496,TAMIFLU 75MG CAPS C/10,0,2.5,3.0,277.3,203.05,0.0,0.0,0.0,0.0,0,rolling
2024-12-25,841,15496,TAMIFLU 75MG CAPS C/10,0,2.5,3.0,277.3,203.05,0.0,0.0,0.0,0.0,0,rolling
2024-12-26,841,15496,TAMIFLU 75MG CAPS C/10,0,2.5,3.0,277.3,203.05,0.0,0.0,0.0,0.0,0,rolling
2024-12-27,841,15496,TAMIFLU 75MG CAPS C/10,0,2.5,3.0,277.3,203.05,0.0,0.0,0.0,0.0,0,rolling
2024-12-28,841,15496,TAMIFLU 75MG CAPS C/10,0,2.5,3.0,277.3,203.05,0.0,0.0,0.0,0.0,0,rolling
2024-12-29,841,15496,TAMIFLU 75MG CAPS C/10,0,2.5,3.0,277.3,203.05,0.0,0.0,0.0,0.0,0,rolling
2024-12-30,841,15496,TAMIFLU 75MG CAPS C/10,0,2.5,3.0,277.3,203.05,0.0,0.0,0.0,0.0,0,rolling
2024-12-31,841,15496,TAMIFLU 75MG CAPS C/10,0,2.5,3.0,277.3,203.05,0.0,0.0,0.0,0.0,0,rolling
2024-10-01,841,15589,ANTUX XAROPE 120ML,0,2.5,3.0,35.77,26.08,0.1094,0.2575,0.0,0.0,0,rolling
2024-10-02,841,15589,ANTUX XAROPE 120ML,0,2.5,3.0,35.77,26.08,0.1532,0.2575,1.0,1.0,0,rolling
2024-10-03,841,15589,ANTUX XAROPE 120ML,0,2.5,3.0,35.77,26.08,0.1692,0.2852,1.0,1.0,0,rolling
2024-10-04,841,15589,ANTUX XAROPE 120ML,0,2.5,3.0,35.77,26.08,0.1415,0.3093,0.0,0.0,0,rolling
2024-10-05,841,15589,ANTUX XAROPE 120ML,0,2.5,3.0,35.77,26.08,0.0882,0.3093,0.0,0.0,0,rolling
2024-10-06,841,15589,ANTUX XAROPE 120ML,0,2.5,3.0,35.77,26.08,0.1757,0.3093,0.0,0.0,0,rolling
2024-10-07,841,15589,ANTUX XAROPE 120ML,0,2.5,3.0,35.77,26.08,0.1121,0.3093,0.0,0.0,0,rolling
2024-10-08,841,15589,ANTUX XAROPE 120ML,0,2.5,3.0,35.77,26.08,0.1121,0.3093,0.0,0.0,0,rolling
2024-10-09,841,15589,ANTUX XAROPE 120ML,0,2.5,3.0,35.77,26.08,0.2396,0.3093,0.0,0.0,0,rolling
2024-10-10,841,15589,ANTUX XAROPE 120ML,0,2.5,3.0,35.77,26.08,0.2396,0.3093,0.0,0.0,0,rolling
2024-10-11,841,15589,ANTUX XAROPE 120ML,0,2.5,3.0,35.77,26.08,0.1521,0.3093,0.0,0.0,0,rolling
2024-10-12,841,15589,ANTUX XAROPE 120ML,0,2.5,3.0,35.77,26.08,0.1521,0.3093,0.0,0.0,0,rolling
2024-10-13,841,15589,ANTUX XAROPE 120ML,0,2.5,3.0,35.77,26.08,0.1996,0.3093,0.0,0.0,0,rolling
2024-10-14,841,15589,ANTUX XAROPE 120ML,0,2.5,3.0,35.77,26.08,0.1121,0.3093,0.0,0.0,0,rolling
2024-10-15,841,15589,ANTUX XAROPE 120ML,0,2.5,3.0,35.77,26.08,0.1121,0.3093,1.0,1.0,0,rolling
2024-10-16,841,15589,ANTUX XAROPE 120ML,0,2.5,3.0,35.77,26.08,0.2157,0.3307,1.0,1.0,0,rolling
2024-10-17,841,15589,ANTUX XAROPE 120ML,0,2.5,3.0,35.77,26.08,0.2318,0.3499,0.0,0.0,0,rolling
2024-10-18,841,15589,ANTUX XAROPE 120ML,0,2.5,3.0,35.77,26.08,0.1443,0.3307,0.0,0.0,0,rolling
2024-10-19,841,15589,ANTUX XAROPE 120ML,0,2.5,3.0,35.77,26.08,0.1843,0.3307,0.0,0.0,0,rolling
2024-10-20,841,15589,ANTUX XAROPE 120ML,0,2.5,3.0,35.77,26.08,0.2718,0.3307,0.0,0.0,0,rolling
2024-10-21,841,15589,ANTUX XAROPE 120ML,0,2.5,3.0,35.77,26.08,0.1843,0.3093,0.0,0.0,0,rolling
2024-10-22,841,15589,ANTUX XAROPE 120ML,0,2.5,3.0,35.77,26.08,0.188,0.3093,0.0,0.0,0,rolling
2024-10-23,841,15589,ANTUX XAROPE 120ML,0,2.5,3.0,35.77,26.08,0.2755,0.3093,0.0,0.0,0,rolling
2024-10-24,841,15589,ANTUX XAROPE 120ML,0,2.5,3.0,35.77,26.08,0.148,0.2852,0.0,0.0,0,rolling
2024-10-25,841,15589,ANTUX XAROPE 120ML,0,2.5,3.0,35.77,26.08,0.1043,0.2852,1.0,1.0,0,rolling
2024-10-26,841,15589,ANTUX XAROPE 120ML,0,2.5,3.0,35.77,26.08,0.1204,0.3093,0.0,0.0,0,rolling
2024-10-27,841,15589,ANTUX XAROPE 120ML,0,2.5,3.0,35.77,26.08,0.1641,0.3093,0.0,0.0,0,rolling
2024-10-28,841,15589,ANTUX XAROPE 120ML,0,2.5,3.0,35.77,26.08,0.1204,0.3093,0.0,0.0,0,rolling
2024-10-29,841,15589,ANTUX XAROPE 120ML,0,2.5,3.0,35.77,26.08,0.1641,0.3093,0.0,0.0,0,rolling
2024-10-30,841,15589,ANTUX XAROPE 120ML,0,2.5,3.0,35.77,26.08,0.2079,0.3093,0.0,0.0,0,rolling
2024-10-31,841,15589,ANTUX XAROPE 120ML,0,2.5,3.0,35.77,26.08,0.148,0.3093,0.0,0.0,0,rolling
2024-11-01,841,15589,ANTUX XAROPE 120ML,0,2.5,3.0,35.77,26.08,0.132,0.3093,0.0,0.0,0,rolling
2024-11-02,841,15589,ANTUX XAROPE 120ML,0,2.5,3.0,35.77,26.08,0.0882,0.3093,0.0,0.0,0,rolling
2024-11-03,841,15589,ANTUX XAROPE 120ML,0,2.5,3.0,35.77,26.08,0.092,0.3093,1.0,1.0,0,rolling
2024-11-04,841,15589,ANTUX XAROPE 120ML,0,2.5,3.0,35.77,26.08,0.0643,0.3093,0.0,0.0,0,rolling
2024-11-05,841,15589,ANTUX XAROPE 120ML,0,2.5,3.0,35.77,26.08,0.108,0.3093,0.0,0.0,0,rolling
2024-11-06,841,15589,ANTUX XAROPE 120ML,0,2.5,3.0,35.77,26.08,0.1518,0.3093,0.0,0.0,0,rolling
2024-11-07,841,15589,ANTUX XAROPE 120ML,0,2.5,3.0,35.77,26.08,0.108,0.3093,0.0,0.0,0,rolling
2024-11-08,841,15589,ANTUX XAROPE 120ML,0,2.5,3.0,35.77,26.08,0.1214,0.3093,0.0,0.0,0,rolling
2024-11-09,841,15589,ANTUX XAROPE 120ML,0,2.5,3.0,35.77,26.08,0.0776,0.3093,0.0,0.0,0,rolling
2024-11-10,841,15589,ANTUX XAROPE 120ML,0,2.5,3.0,35.77,26.08,0.1214,0.3093,0.0,0.0,0,rolling
2024-11-11,841,15589,ANTUX XAROPE 120ML,0,2.5,3.0,35.77,26.08,0.0776,0.3093,0.0,0.0,0,rolling
2024-11-12,841,15589,ANTUX XAROPE 120ML,0,2.5,3.0,35.77,26.08,0.1214,0.3093,0.0,0.0,0,rolling
2024-11-13,841,15589,ANTUX XAROPE 120ML,0,2.5,3.0,35.77,26.08,0.149,0.3093,0.0,0.0,0,rolling
2024-11-14,841,15589,ANTUX XAROPE 120ML,0,2.5,3.0,35.77,26.08,0.0892,0.3093,0.0,0.0,0,rolling
2024-11-15,841,15589,ANTUX XAROPE 120ML,0,2.5,3.0,35.77,26.08,0.0892,0.3093,0.0,0.0,0,rolling
2024-11-16,841,15589,ANTUX XAROPE 120ML,0,2.5,3.0,35.77,26.08,0.0455,0.3093,0.0,0.0,0,rolling
2024-11-17,841,15589,ANTUX XAROPE 120ML,0,2.5,3.0,35.77,26.08,0.0892,0.3093,0.0,0.0,0,rolling
2024-11-18,841,15589,ANTUX XAROPE 120ML,0,2.5,3.0,35.77,26.08,0.0455,0.3093,0.0,0.0,0,rolling
2024-11-19,841,15589,ANTUX XAROPE 120ML,0,2.5,3.0,35.77,26.08,0.0892,0.3093,0.0,0.0,0,rolling
2024-11-20,841,15589,ANTUX XAROPE 120ML,0,2.5,3.0,35.77,26.08,0.133,0.3093,0.0,0.0,0,rolling
2024-11-21,841,15589,ANTUX XAROPE 120ML,0,2.5,3.0,35.77,26.08,0.0892,0.3093,0.0,0.0,0,rolling
2024-11-22,841,15589,ANTUX XAROPE 120ML,0,2.5,3.0,35.77,26.08,0.0892,0.3093,0.0,0.0,0,rolling
2024-11-23,841,15589,ANTUX XAROPE 120ML,0,2.5,3.0,35.77,26.08,0.0161,0.3093,0.0,0.0,0,rolling
2024-11-24,841,15589,ANTUX XAROPE 120ML,0,2.5,3.0,35.77,26.08,0.0598,0.3093,0.0,0.0,0,rolling
2024-11-25,841,15589,ANTUX XAROPE 120ML,0,2.5,3.0,35.77,26.08,0.0161,0.3093,0.0,0.0,0,rolling
2024-11-26,841,15589,ANTUX XAROPE 120ML,0,2.5,3.0,35.77,26.08,0.0598,0.3093,0.0,0.0,0,rolling
2024-11-27,841,15589,ANTUX XAROPE 120ML,0,2.5,3.0,35.77,26.08,0.1169,0.3093,0.0,0.0,0,rolling
2024-11-28,841,15589,ANTUX XAROPE 120ML,0,2.5,3.0,35.77,26.08,0.0732,0.2852,0.0,0.0,0,rolling
2024-11-29,841,15589,ANTUX XAROPE 120ML,0,2.5,3.0,35.77,26.08,0.0732,0.2575,0.0,0.0,0,rolling
2024-11-30,841,15589,ANTUX XAROPE 120ML,0,2.5,3.0,35.77,26.08,0.0294,0.2575,0.0,0.0,0,rolling
2024-12-01,841,15589,ANTUX XAROPE 120ML,0,2.5,3.0,35.77,26.08,0.0732,0.2575,0.0,0.0,0,rolling
2024-12-02,841,15589,ANTUX XAROPE 120ML,0,2.5,3.0,35.77,26.08,0.0133,0.2575,0.0,0.0,0,rolling
2024-12-03,841,15589,ANTUX XAROPE 120ML,0,2.5,3.0,35.77,26.08,0.0571,0.2575,0.0,0.0,0,rolling
2024-12-04,841,15589,ANTUX XAROPE 120ML,0,2.5,3.0,35.77,26.08,0.0571,0.2575,0.0,0.0,0,rolling
2024-12-05,841,15589,ANTUX XAROPE 120ML,0,2.5,3.0,35.77,26.08,0.0133,0.2575,0.0,0.0,0,rolling
2024-12-06,841,15589,ANTUX XAROPE 120ML,0,2.5,3.0,35.77,26.08,0.0571,0.2575,0.0,0.0,0,rolling
2024-12-07,841,15589,ANTUX XAROPE 120ML,0,2.5,3.0,35.77,26.08,0.0133,0.2575,0.0,0.0,0,rolling
2024-12-08,841,15589,ANTUX XAROPE 120ML,0,2.5,3.0,35.77,26.08,0.0571,0.2575,0.0,0.0,0,rolling
2024-12-09,841,15589,ANTUX XAROPE 120ML,0,2.5,3.0,35.77,26.08,0.0133,0.2575,0.0,0.0,0,rolling
2024-12-10,841,15589,ANTUX XAROPE 120ML,0,2.5,3.0,35.77,26.08,0.0571,0.2575,0.0,0.0,0,rolling
2024-12-11,841,15589,ANTUX XAROPE 120ML,0,2.5,3.0,35.77,26.08,0.0571,0.2252,0.0,0.0,0,rolling
2024-12-12,841,15589,ANTUX XAROPE 120ML,0,2.5,3.0,35.77,26.08,0.0,0.1856,0.0,0.0,0,rolling
2024-12-13,841,15589,ANTUX XAROPE 120ML,0,2.5,3.0,35.77,26.08,0.0437,0.1856,0.0,0.0,0,rolling
2024-12-14,841,15589,ANTUX XAROPE 120ML,0,2.5,3.0,35.77,26.08,0.0,0.1856,0.0,0.0,0,rolling
2024-12-15,841,15589,ANTUX XAROPE 120ML,0,2.5,3.0,35.77,26.08,0.0437,0.1856,0.0,0.0,0,rolling
2024-12-16,841,15589,ANTUX XAROPE 120ML,0,2.5,3.0,35.77,26.08,0.0,0.1856,0.0,0.0,0,rolling
2024-12-17,841,15589,ANTUX XAROPE 120ML,0,2.5,3.0,35.77,26.08,0.0,0.1856,1.0,1.0,0,rolling
2024-12-18,841,15589,ANTUX XAROPE 120ML,0,2.5,3.0,35.77,26.08,0.0161,0.2252,0.0,0.0,0,rolling
2024-12-19,841,15589,ANTUX XAROPE 120ML,0,2.5,3.0,35.77,26.08,0.0161,0.2252,0.0,0.0,0,rolling
2024-12-20,841,15589,ANTUX XAROPE 120ML,0,2.5,3.0,35.77,26.08,0.0598,0.2252,0.0,0.0,0,rolling
2024-12-21,841,15589,ANTUX XAROPE 120ML,0,2.5,3.0,35.77,26.08,0.0161,0.1856,0.0,0.0,0,rolling
2024-12-22,841,15589,ANTUX XAROPE 120ML,0,2.5,3.0,35.77,26.08,0.0598,0.1856,0.0,0.0,0,rolling
2024-12-23,841,15589,ANTUX XAROPE 120ML,0,2.5,3.0,35.77,26.08,0.0294,0.1856,0.0,0.0,0,rolling
2024-12-24,841,15589,ANTUX XAROPE 120ML,0,2.5,3.0,35.77,26.08,0.0732,0.1856,0.0,0.0,0,rolling
2024-12-25,841,15589,ANTUX XAROPE 120ML,0,2.5,3.0,35.77,26.08,0.0294,0.1856,0.0,0.0,0,rolling
2024-12-26,841,15589,ANTUX XAROPE 120ML,0,2.5,3.0,35.77,26.08,0.0294,0.1856,0.0,0.0,0,rolling
2024-12-27,841,15589,ANTUX XAROPE 120ML,0,2.5,3.0,35.77,26.08,0.0294,0.1856,0.0,0.0,0,rolling
2024-12-28,841,15589,ANTUX XAROPE 120ML,0,2.5,3.0,35.77,26.08,0.0294,0.1856,0.0,0.0,0,rolling
2024-12-29,841,15589,ANTUX XAROPE 120ML,0,2.5,3.0,35.77,26.08,0.0732,0.1856,0.0,0.0,0,rolling
2024-12-30,841,15589,ANTUX XAROPE 120ML,0,2.5,3.0,35.77,26.08,0.0294,0.1324,0.0,0.0,0,rolling
2024-12-31,841,15589,ANTUX XAROPE 120ML,0,2.5,3.0,35.77,26.08,0.0732,0.1324,0.0,0.0,0,rolling
2024-10-01,841,15590,ANTUX GTS 20ML,0,2.5,3.0,46.3,34.63,0.0,0.0,0.0,0.0,0,rolling
2024-10-02,841,15590,ANTUX GTS 20ML,0,2.5,3.0,46.3,34.63,0.0,0.0,0.0,0.0,0,rolling
2024-10-03,841,15590,ANTUX GTS 20ML,0,2.5,3.0,46.3,34.63,0.0,0.0,0.0,0.0,0,rolling
2024-10-04,841,15590,ANTUX GTS 20ML,0,2.5,3.0,46.3,34.63,0.0,0.0,0.0,0.0,0,rolling
2024-10-05,841,15590,ANTUX GTS 20ML,0,2.5,3.0,46.3,34.63,0.0,0.0,0.0,0.0,0,rolling
2024-10-06,841,15590,ANTUX GTS 20ML,0,2.5,3.0,46.3,34.63,0.0,0.0,0.0,0.0,0,rolling
2024-10-07,841,15590,ANTUX GTS 20ML,0,2.5,3.0,46.3,34.63,0.0,0.0,0.0,0.0,0,rolling
2024-10-08,841,15590,ANTUX GTS 20ML,0,2.5,3.0,46.3,34.63,0.0,0.0,0.0,0.0,0,rolling
2024-10-09,841,15590,ANTUX GTS 20ML,0,2.5,3.0,46.3,34.63,0.0,0.0,0.0,0.0,0,rolling
2024-10-10,841,15590,ANTUX GTS 20ML,0,2.5,3.0,46.3,34.63,0.0,0.0,0.0,0.0,0,rolling
2024-10-11,841,15590,ANTUX GTS 20ML,0,2.5,3.0,46.3,34.63,0.0,0.0,0.0,0.0,0,rolling
2024-10-12,841,15590,ANTUX GTS 20ML,0,2.5,3.0,46.3,34.63,0.0,0.0,0.0,0.0,0,rolling
2024-10-13,841,15590,ANTUX GTS 20ML,0,2.5,3.0,46.3,34.63,0.0,0.0,0.0,0.0,0,rolling
2024-10-14,841,15590,ANTUX GTS 20ML,0,2.5,3.0,46.3,34.63,0.0,0.0,0.0,0.0,0,rolling
2024-10-15,841,15590,ANTUX GTS 20ML,0,2.5,3.0,46.3,34.63,0.0,0.0,0.0,0.0,0,rolling
2024-10-16,841,15590,ANTUX GTS 20ML,0,2.5,3.0,46.3,34.63,0.0,0.0,0.0,0.0,0,rolling
2024-10-17,841,15590,ANTUX GTS 20ML,0,2.5,3.0,46.3,34.63,0.0,0.0,0.0,0.0,0,rolling
2024-10-18,841,15590,ANTUX GTS 20ML,0,2.5,3.0,46.3,34.63,0.0,0.0,0.0,0.0,0,rolling
2024-10-19,841,15590,ANTUX GTS 20ML,0,2.5,3.0,46.3,34.63,0.0,0.0,0.0,0.0,0,rolling
2024-10-20,841,15590,ANTUX GTS 20ML,0,2.5,3.0,46.3,34.63,0.0,0.0,0.0,0.0,0,rolling
2024-10-21,841,15590,ANTUX GTS 20ML,0,2.5,3.0,46.3,34.63,0.0,0.0,0.0,0.0,0,rolling
2024-10-22,841,15590,ANTUX GTS 20ML,0,2.5,3.0,46.3,34.63,0.0,0.0,1.0,1.0,0,rolling
2024-10-23,841,15590,ANTUX GTS 20ML,0,2.5,3.0,46.3,34.63,0.0161,0.1324,0.0,0.0,0,rolling
2024-10-24,841,15590,ANTUX GTS 20ML,0,2.5,3.0,46.3,34.63,0.0161,0.1324,0.0,0.0,0,rolling
2024-10-25,841,15590,ANTUX GTS 20ML,0,2.5,3.0,46.3,34.63,0.0161,0.1324,0.0,0.0,0,rolling
2024-10-26,841,15590,ANTUX GTS 20ML,0,2.5,3.0,46.3,34.63,0.0161,0.1324,0.0,0.0,0,rolling
2024-10-27,841,15590,ANTUX GTS 20ML,0,2.5,3.0,46.3,34.63,0.0161,0.1324,0.0,0.0,0,rolling
2024-10-28,841,15590,ANTUX GTS 20ML,0,2.5,3.0,46.3,34.63,0.0161,0.1324,0.0,0.0,0,rolling
2024-10-29,841,15590,ANTUX GTS 20ML,0,2.5,3.0,46.3,34.63,0.0598,0.1324,0.0,0.0,0,rolling
2024-10-30,841,15590,ANTUX GTS 20ML,0,2.5,3.0,46.3,34.63,0.0161,0.1324,0.0,0.0,0,rolling
2024-10-31,841,15590,ANTUX GTS 20ML,0,2.5,3.0,46.3,34.63,0.0161,0.1324,0.0,0.0,0,rolling
2024-11-01,841,15590,ANTUX GTS 20ML,0,2.5,3.0,46.3,34.63,0.0161,0.1324,0.0,0.0,0,rolling
2024-11-02,841,15590,ANTUX GTS 20ML,0,2.5,3.0,46.3,34.63,0.0161,0.1324,0.0,0.0,0,rolling
2024-11-03,841,15590,ANTUX GTS 20ML,0,2.5,3.0,46.3,34.63,0.0161,0.1324,0.0,0.0,0,rolling
2024-11-04,841,15590,ANTUX GTS 20ML,0,2.5,3.0,46.3,34.63,0.0161,0.1324,0.0,0.0,0,rolling
2024-11-05,841,15590,ANTUX GTS 20ML,0,2.5,3.0,46.3,34.63,0.0598,0.1324,0.0,0.0,0,rolling
2024-11-06,841,15590,ANTUX GTS 20ML,0,2.5,3.0,46.3,34.63,0.0161,0.1324,0.0,0.0,0,rolling
2024-11-07,841,15590,ANTUX GTS 20ML,0,2.5,3.0,46.3,34.63,0.0161,0.1324,0.0,0.0,0,rolling
2024-11-08,841,15590,ANTUX GTS 20ML,0,2.5,3.0,46.3,34.63,0.0161,0.1324,0.0,0.0,0,rolling
2024-11-09,841,15590,ANTUX GTS 20ML,0,2.5,3.0,46.3,34.63,0.0161,0.1324,0.0,0.0,0,rolling
2024-11-10,841,15590,ANTUX GTS 20ML,0,2.5,3.0,46.3,34.63,0.0161,0.1324,0.0,0.0,0,rolling
2024-11-11,841,15590,ANTUX GTS 20ML,0,2.5,3.0,46.3,34.63,0.0161,0.1324,0.0,0.0,0,rolling
2024-11-12,841,15590,ANTUX GTS 20ML,0,2.5,3.0,46.3,34.63,0.0598,0.1324,0.0,0.0,0,rolling
2024-11-13,841,15590,ANTUX GTS 20ML,0,2.5,3.0,46.3,34.63,0.0161,0.1324,0.0,0.0,0,rolling
2024-11-14,841,15590,ANTUX GTS 20ML,0,2.5,3.0,46.3,34.63,0.0161,0.1324,0.0,0.0,0,rolling
2024-11-15,841,15590,ANTUX GTS 20ML,0,2.5,3.0,46.3,34.63,0.0161,0.1324,0.0,0.0,0,rolling
2024-11-16,841,15590,ANTUX GTS 20ML,0,2.5,3.0,46.3,34.63,0.0161,0.1324,0.0,0.0,0,rolling
2024-11-17,841,15590,ANTUX GTS 20ML,0,2.5,3.0,46.3,34.63,0.0161,0.1324,0.0,0.0,0,rolling
2024-11-18,841,15590,ANTUX GTS 20ML,0,2.5,3.0,46.3,34.63,0.0161,0.1324,0.0,0.0,0,rolling
2024-11-19,841,15590,ANTUX GTS 20ML,0,2.5,3.0,46.3,34.63,0.0598,0.1324,0.0,0.0,0,rolling
2024-11-20,841,15590,ANTUX GTS 20ML,0,2.5,3.0,46.3,34.63,0.0,0.1324,0.0,0.0,0,rolling
2024-11-21,841,15590,ANTUX GTS 20ML,0,2.5,3.0,46.3,34.63,0.0,0.1324,0.0,0.0,0,rolling
2024-11-22,841,15590,ANTUX GTS 20ML,0,2.5,3.0,46.3,34.63,0.0133,0.1324,0.0,0.0,0,rolling
2024-11-23,841,15590,ANTUX GTS 20ML,0,2.5,3.0,46.3,34.63,0.0133,0.1324,0.0,0.0,0,rolling
2024-11-24,841,15590,ANTUX GTS 20ML,0,2.5,3.0,46.3,34.63,0.0133,0.1324,0.0,0.0,0,rolling
2024-11-25,841,15590,ANTUX GTS 20ML,0,2.5,3.0,46.3,34.63,0.0133,0.1324,0.0,0.0,0,rolling
2024-11-26,841,15590,ANTUX GTS 20ML,0,2.5,3.0,46.3,34.63,0.0571,0.1324,0.0,0.0,0,rolling
2024-11-27,841,15590,ANTUX GTS 20ML,0,2.5,3.0,46.3,34.63,0.0133,0.1324,0.0,0.0,0,rolling
2024-11-28,841,15590,ANTUX GTS 20ML,0,2.5,3.0,46.3,34.63,0.0133,0.1324,0.0,0.0,0,rolling
2024-11-29,841,15590,ANTUX GTS 20ML,0,2.5,3.0,46.3,34.63,0.0133,0.1324,0.0,0.0,0,rolling
2024-11-30,841,15590,ANTUX GTS 20ML,0,2.5,3.0,46.3,34.63,0.0133,0.1324,0.0,0.0,0,rolling
2024-12-01,841,15590,ANTUX GTS 20ML,0,2.5,3.0,46.3,34.63,0.0133,0.1324,0.0,0.0,0,rolling
2024-12-02,841,15590,ANTUX GTS 20ML,0,2.5,3.0,46.3,34.63,0.0133,0.1324,0.0,0.0,0,rolling
2024-12-03,841,15590,ANTUX GTS 20ML,0,2.5,3.0,46.3,34.63,0.0571,0.1324,0.0,0.0,0,rolling
2024-12-04,841,15590,ANTUX GTS 20ML,0,2.5,3.0,46.3,34.63,0.0133,0.1324,0.0,0.0,0,rolling
2024-12-05,841,15590,ANTUX GTS 20ML,0,2.5,3.0,46.3,34.63,0.0133,0.1324,0.0,0.0,0,rolling
2024-12-06,841,15590,ANTUX GTS 20ML,0,2.5,3.0,46.3,34.63,0.0133,0.1324,0.0,0.0,0,rolling
2024-12-07,841,15590,ANTUX GTS 20ML,0,2.5,3.0,46.3,34.63,0.0,0.1324,0.0,0.0,0,rolling
2024-12-08,841,15590,ANTUX GTS 20ML,0,2.5,3.0,46.3,34.63,0.0,0.1324,0.0,0.0,0,rolling
2024-12-09,841,15590,ANTUX GTS 20ML,0,2.5,3.0,46.3,34.63,0.0,0.1324,0.0,0.0,0,rolling
2024-12-10,841,15590,ANTUX GTS 20ML,0,2.5,3.0,46.3,34.63,0.0437,0.1324,0.0,0.0,0,rolling
2024-12-11,841,15590,ANTUX GTS 20ML,0,2.5,3.0,46.3,34.63,0.0,0.1324,0.0,0.0,0,rolling
2024-12-12,841,15590,ANTUX GTS 20ML,0,2.5,3.0,46.3,34.63,0.0,0.1324,0.0,0.0,0,rolling
2024-12-13,841,15590,ANTUX GTS 20ML,0,2.5,3.0,46.3,34.63,0.0,0.1324,0.0,0.0,0,rolling
2024-12-14,841,15590,ANTUX GTS 20ML,0,2.5,3.0,46.3,34.63,0.0,0.1324,0.0,0.0,0,rolling
2024-12-15,841,15590,ANTUX GTS 20ML,0,2.5,3.0,46.3,34.63,0.0,0.1324,0.0,0.0,0,rolling
2024-12-16,841,15590,ANTUX GTS 20ML,0,2.5,3.0,46.3,34.63,0.0,0.1324,0.0,0.0,0,rolling
2024-12-17,841,15590,ANTUX GTS 20ML,0,2.5,3.0,46.3,34.63,0.0437,0.1324,0.0,0.0,0,rolling
2024-12-18,841,15590,ANTUX GTS 20ML,0,2.5,3.0,46.3,34.63,0.0,0.0,0.0,0.0,0,rolling
2024-12-19,841,15590,ANTUX GTS 20ML,0,2.5,3.0,46.3,34.63,0.0,0.0,0.0,0.0,0,rolling
2024-12-20,841,15590,ANTUX GTS 20ML,0,2.5,3.0,46.3,34.63,0.0,0.0,0.0,0.0,0,rolling
2024-12-21,841,15590,ANTUX GTS 20ML,0,2.5,3.0,46.3,34.63,0.0,0.0,0.0,0.0,0,rolling
2024-12-22,841,15590,ANTUX GTS 20ML,0,2.5,3.0,46.3,34.63,0.0,0.0,0.0,0.0,0,rolling
2024-12-23,841,15590,ANTUX GTS 20ML,0,2.5,3.0,46.3,34.63,0.0,0.0,0.0,0.0,0,rolling
2024-12-24,841,15590,ANTUX GTS 20ML,0,2.5,3.0,46.3,34.63,0.0,0.0,0.0,0.0,0,rolling
2024-12-25,841,15590,ANTUX GTS 20ML,0,2.5,3.0,46.3,34.63,0.0,0.0,0.0,0.0,0,rolling
2024-12-26,841,15590,ANTUX GTS 20ML,0,2.5,3.0,46.3,34.63,0.0,0.0,0.0,0.0,0,rolling
2024-12-27,841,15590,ANTUX GTS 20ML,0,2.5,3.0,46.3,34.63,0.0,0.0,0.0,0.0,0,rolling
2024-12-28,841,15590,ANTUX GTS 20ML,0,2.5,3.0,46.3,34.63,0.0,0.0,0.0,0.0,0,rolling
2024-12-29,841,15590,ANTUX GTS 20ML,0,2.5,3.0,46.3,34.63,0.0,0.0,0.0,0.0,0,rolling
2024-12-30,841,15590,ANTUX GTS 20ML,0,2.5,3.0,46.3,34.63,0.0,0.0,0.0,0.0,0,rolling
2024-12-31,841,15590,ANTUX GTS 20ML,0,2.5,3.0,46.3,34.63,0.0,0.0,0.0,0.0,0,rolling
2024-10-01,841,18064,NEOSORO SOLUCAO NASAL ADULTO 30ML,1,1.77040170630039,3.0,9.19,2.57,4.4323,2.1452,6.0,6.0,0,rolling
2024-10-02,841,18064,NEOSORO SOLUCAO NASAL ADULTO 30ML,1,1.77040170630039,3.0,9.19,2.57,4.0342,2.2079,6.0,6.0,0,rolling
2024-10-03,841,18064,NEOSORO SOLUCAO NASAL ADULTO 30ML,1,1.77040170630039,3.0,9.19,2.57,3.9725,2.2525,0.0,0.0,0,rolling
2024-10-04,841,18064,NEOSORO SOLUCAO NASAL ADULTO 30ML,1,1.77040170630039,3.0,9.19,2.57,5.1004,2.2653,2.0,2.0,0,rolling
2024-10-05,841,18064,NEOSORO SOLUCAO NASAL ADULTO 30ML,1,1.77040170630039,3.0,9.19,2.57,4.0161,2.2036,7.0,7.0,0,rolling
2024-10-06,841,18064,NEOSORO SOLUCAO NASAL ADULTO 30ML,1,1.77040170630039,3.0,9.19,2.57,4.2297,2.2667,2.0,2.0,0,rolling
2024-10-07,841,18064,NEOSORO SOLUCAO NASAL ADULTO 30ML,1,1.77040170630039,3.0,9.19,2.57,4.1933,2.2494,0.0,0.0,0,rolling
2024-10-08,841,18064,NEOSORO SOLUCAO NASAL ADULTO 30ML,1,1.77040170630039,3.0,9.19,2.57,4.537,2.2632,5.0,5.0,0,rolling
2024-10-09,841,18064,NEOSORO SOLUCAO NASAL ADULTO 30ML,1,1.77040170630039,3.0,9.19,2.57,4.1927,2.279,4.0,4.0,0,rolling
2024-10-10,841,18064,NEOSORO SOLUCAO NASAL ADULTO 30ML,1,1.77040170630039,3.0,9.19,2.57,3.9992,2.2734,0.0,0.0,0,rolling
2024-10-11,841,18064,NEOSORO SOLUCAO NASAL ADULTO 30ML,1,1.77040170630039,3.0,9.19,2.57,5.0128,2.2895,0.0,0.0,0,rolling
2024-10-12,841,18064,NEOSORO SOLUCAO NASAL ADULTO 30ML,1,1.77040170630039,3.0,9.19,2.57,4.0245,2.3024,0.0,0.0,0,rolling
2024-10-13,841,18064,NEOSORO SOLUCAO NASAL ADULTO 30ML,1,1.77040170630039,3.0,9.19,2.57,4.1861,2.3024,0.0,0.0,0,rolling
2024-10-14,841,18064,NEOSORO SOLUCAO NASAL ADULTO 30ML,1,1.77040170630039,3.0,9.19,2.57,3.8478,2.3057,0.0,0.0,0,rolling
2024-10-15,841,18064,NEOSORO SOLUCAO NASAL ADULTO 30ML,1,1.77040170630039,3.0,9.19,2.57,5.0096,2.3178,0.0,0.0,0,rolling
2024-10-16,841,18064,NEOSORO SOLUCAO NASAL ADULTO 30ML,1,1.77040170630039,3.0,9.19,2.57,4.1902,2.3299,0.0,0.0,0,rolling
2024-10-17,841,18064,NEOSORO SOLUCAO NASAL ADULTO 30ML,1,1.77040170630039,3.0,9.19,2.57,2.7027,2.3449,4.0,4.0,0,rolling
2024-10-18,841,18064,NEOSORO SOLUCAO NASAL ADULTO 30ML,1,1.77040170630039,3.0,9.19,2.57,4.0982,2.3565,1.0,1.0,0,rolling
2024-10-19,841,18064,NEOSORO SOLUCAO NASAL ADULTO 30ML,1,1.77040170630039,3.0,9.19,2.57,3.3568,2.3565,0.0,0.0,0,rolling
2024-10-20,841,18064,NEOSORO SOLUCAO NASAL ADULTO 30ML,1,1.77040170630039,3.0,9.19,2.57,3.2794,2.3565,0.0,0.0,0,rolling
2024-10-21,841,18064,NEOSORO SOLUCAO NASAL ADULTO 30ML,1,1.77040170630039,3.0,9.19,2.57,3.2019,2.3565,0.0,0.0,0,rolling
2024-10-22,841,18064,NEOSORO SOLUCAO NASAL ADULTO 30ML,1,1.77040170630039,3.0,9.19,2.57,4.322,2.2712,0.0,0.0,0,rolling
2024-10-23,841,18064,NEOSORO SOLUCAO NASAL ADULTO 30ML,1,1.77040170630039,3.0,9.19,2.57,3.8348,2.2712,0.0,0.0,0,rolling
2024-10-24,841,18064,NEOSORO SOLUCAO NASAL ADULTO 30ML,1,1.77040170630039,3.0,9.19,2.57,2.7977,2.2789,0.0,0.0,0,rolling
2024-10-25,841,18064,NEOSORO SOLUCAO NASAL ADULTO 30ML,1,1.77040170630039,3.0,9.19,2.57,3.4353,2.2789,1.0,1.0,0,rolling
2024-10-26,841,18064,NEOSORO SOLUCAO NASAL ADULTO 30ML,1,1.77040170630039,3.0,9.19,2.57,2.7939,2.2756,1.0,1.0,0,rolling
2024-10-27,841,18064,NEOSORO SOLUCAO NASAL ADULTO 30ML,1,1.77040170630039,3.0,9.19,2.57,2.8108,2.2655,0.0,0.0,0,rolling
2024-10-28,841,18064,NEOSORO SOLUCAO NASAL ADULTO 30ML,1,1.77040170630039,3.0,9.19,2.57,1.9739,2.2717,1.0,1.0,0,rolling
2024-10-29,841,18064,NEOSORO SOLUCAO NASAL ADULTO 30ML,1,1.77040170630039,3.0,9.19,2.57,3.523,2.2717,0.0,0.0,0,rolling
2024-10-30,841,18064,NEOSORO SOLUCAO NASAL ADULTO 30ML,1,1.77040170630039,3.0,9.19,2.57,2.7798,2.2829,0.0,0.0,0,rolling
2024-10-31,841,18064,NEOSORO SOLUCAO NASAL ADULTO 30ML,1,1.77040170630039,3.0,9.19,2.57,1.7571,2.2829,0.0,0.0,0,rolling
2024-11-01,841,18064,NEOSORO SOLUCAO NASAL ADULTO 30ML,0,1.77040170630039,3.0,9.19,2.57,1.5746,2.2829,1.0,1.0,0,rolling
2024-11-02,841,18064,NEOSORO SOLUCAO NASAL ADULTO 30ML,0,1.77040170630039,3.0,9.19,2.57,1.3702,2.2843,1.0,1.0,0,rolling
2024-11-03,841,18064,NEOSORO SOLUCAO NASAL ADULTO 30ML,0,1.77040170630039,3.0,9.19,2.57,1.055,2.2102,3.0,3.0,0,rolling
2024-11-04,841,18064,NEOSORO SOLUCAO NASAL ADULTO 30ML,0,1.77040170630039,3.0,9.19,2.57,0.8523,2.1378,1.0,1.0,0,rolling
2024-11-05,841,18064,NEOSORO SOLUCAO NASAL ADULTO 30ML,0,1.77040170630039,3.0,9.19,2.57,1.6826,2.138,2.0,2.0,0,rolling
2024-11-06,841,18064,NEOSORO SOLUCAO NASAL ADULTO 30ML,0,1.77040170630039,3.0,9.19,2.57,1.3052,2.1378,2.0,2.0,0,rolling
2024-11-07,841,18064,NEOSORO SOLUCAO NASAL ADULTO 30ML,0,1.77040170630039,3.0,9.19,2.57,0.7518,2.1374,0.0,0.0,0,rolling
2024-11-08,841,18064,NEOSORO SOLUCAO NASAL ADULTO 30ML,0,1.77040170630039,3.0,9.19,2.57,1.3035,2.1374,0.0,0.0,0,rolling
2024-11-09,841,18064,NEOSORO SOLUCAO NASAL ADULTO 30ML,0,1.77040170630039,3.0,9.19,2.57,1.0068,2.1381,0.0,0.0,0,rolling
2024-11-10,841,18064,NEOSORO SOLUCAO NASAL ADULTO 30ML,0,1.77040170630039,3.0,9.19,2.57,0.8755,2.1381,1.0,1.0,0,rolling
2024-11-11,841,18064,NEOSORO SOLUCAO NASAL ADULTO 30ML,0,1.77040170630039,3.0,9.19,2.57,0.707,2.1381,1.0,1.0,0,rolling
2024-11-12,841,18064,NEOSORO SOLUCAO NASAL ADULTO 30ML,0,1.77040170630039,3.0,9.19,2.57,1.5848,2.1296,0.0,0.0,0,rolling
2024-11-13,841,18064,NEOSORO SOLUCAO NASAL ADULTO 30ML,0,1.77040170630039,3.0,9.19,2.57,1.3223,2.0862,0.0,0.0,0,rolling
2024-11-14,841,18064,NEOSORO SOLUCAO NASAL ADULTO 30ML,0,1.77040170630039,3.0,9.19,2.57,0.7839,2.001,0.0,0.0,0,rolling
2024-11-15,841,18064,NEOSORO SOLUCAO NASAL ADULTO 30ML,0,1.77040170630039,3.0,9.19,2.57,1.1267,2.0082,1.0,1.0,0,rolling
2024-11-16,841,18064,NEOSORO SOLUCAO NASAL ADULTO 30ML,0,1.77040170630039,3.0,9.19,2.57,0.908,1.7939,0.0,0.0,0,rolling
2024-11-17,841,18064,NEOSORO SOLUCAO NASAL ADULTO 30ML,0,1.77040170630039,3.0,9.19,2.57,0.7501,1.7939,0.0,0.0,0,rolling
2024-11-18,841,18064,NEOSORO SOLUCAO NASAL ADULTO 30ML,0,1.77040170630039,3.0,9.19,2.57,0.6892,1.7939,0.0,0.0,0,rolling
2024-11-19,841,18064,NEOSORO SOLUCAO NASAL ADULTO 30ML,0,1.77040170630039,3.0,9.19,2.57,1.3151,1.8006,3.0,3.0,0,rolling
2024-11-20,841,18064,NEOSORO SOLUCAO NASAL ADULTO 30ML,0,1.77040170630039,3.0,9.19,2.57,1.0437,1.6975,1.0,1.0,0,rolling
2024-11-21,841,18064,NEOSORO SOLUCAO NASAL ADULTO 30ML,0,1.77040170630039,3.0,9.19,2.57,0.7535,1.691,1.0,1.0,0,rolling
2024-11-22,841,18064,NEOSORO SOLUCAO NASAL ADULTO 30ML,0,1.77040170630039,3.0,9.19,2.57,0.9008,1.691,1.0,1.0,0,rolling
2024-11-23,841,18064,NEOSORO SOLUCAO NASAL ADULTO 30ML,0,1.77040170630039,3.0,9.19,2.57,0.9483,1.6869,0.0,0.0,0,rolling
2024-11-24,841,18064,NEOSORO SOLUCAO NASAL ADULTO 30ML,0,1.77040170630039,3.0,9.19,2.57,0.7477,1.6932,4.0,4.0,0,rolling
2024-11-25,841,18064,NEOSORO SOLUCAO NASAL ADULTO 30ML,0,1.77040170630039,3.0,9.19,2.57,0.6807,1.7365,0.0,0.0,0,rolling
2024-11-26,841,18064,NEOSORO SOLUCAO NASAL ADULTO 30ML,0,1.77040170630039,3.0,9.19,2.57,1.203,1.743,1.0,1.0,0,rolling
2024-11-27,841,18064,NEOSORO SOLUCAO NASAL ADULTO 30ML,0,1.77040170630039,3.0,9.19,2.57,1.1011,1.6143,2.0,2.0,0,rolling
2024-11-28,841,18064,NEOSORO SOLUCAO NASAL ADULTO 30ML,0,1.77040170630039,3.0,9.19,2.57,0.7833,1.4756,0.0,0.0,0,rolling
2024-11-29,841,18064,NEOSORO SOLUCAO NASAL ADULTO 30ML,0,1.77040170630039,3.0,9.19,2.57,0.8841,1.4756,2.0,2.0,0,rolling
2024-11-30,841,18064,NEOSORO SOLUCAO NASAL ADULTO 30ML,0,1.77040170630039,3.0,9.19,2.57,0.9877,1.4756,0.0,0.0,0,rolling
2024-12-01,841,18064,NEOSORO SOLUCAO NASAL ADULTO 30ML,0,1.77040170630039,3.0,9.19,2.57,1.002,1.236,1.0,1.0,0,rolling
2024-12-02,841,18064,NEOSORO SOLUCAO NASAL ADULTO 30ML,0,1.77040170630039,3.0,9.19,2.57,0.6636,1.2263,0.0,0.0,0,rolling
2024-12-03,841,18064,NEOSORO SOLUCAO NASAL ADULTO 30ML,0,1.77040170630039,3.0,9.19,2.57,0.9709,1.2263,0.0,0.0,0,rolling
2024-12-04,841,18064,NEOSORO SOLUCAO NASAL ADULTO 30ML,0,1.77040170630039,3.0,9.19,2.57,0.8646,1.0937,1.0,1.0,0,rolling
2024-12-05,841,18064,NEOSORO SOLUCAO NASAL ADULTO 30ML,0,1.77040170630039,3.0,9.19,2.57,0.6868,1.0019,0.0,0.0,0,rolling
2024-12-06,841,18064,NEOSORO SOLUCAO NASAL ADULTO 30ML,0,1.77040170630039,3.0,9.19,2.57,0.7743,1.0019,2.0,2.0,0,rolling
2024-12-07,841,18064,NEOSORO SOLUCAO NASAL ADULTO 30ML,0,1.77040170630039,3.0,9.19,2.57,0.5877,1.0127,2.0,2.0,0,rolling
2024-12-08,841,18064,NEOSORO SOLUCAO NASAL ADULTO 30ML,0,1.77040170630039,3.0,9.19,2.57,0.9395,1.0221,1.0,1.0,0,rolling
2024-12-09,841,18064,NEOSORO SOLUCAO NASAL ADULTO 30ML,0,1.77040170630039,3.0,9.19,2.57,0.7036,1.0175,3.0,3.0,0,rolling
2024-12-10,841,18064,NEOSORO SOLUCAO NASAL ADULTO 30ML,0,1.77040170630039,3.0,9.19,2.57,0.8937,1.054,1.0,1.0,0,rolling
2024-12-11,841,18064,NEOSORO SOLUCAO NASAL ADULTO 30ML,0,1.77040170630039,3.0,9.19,2.57,0.8964,1.0484,1.0,1.0,0,rolling
2024-12-12,841,18064,NEOSORO SOLUCAO NASAL ADULTO 30ML,0,1.77040170630039,3.0,9.19,2.57,0.8821,1.0425,1.0,1.0,0,rolling
2024-12-13,841,18064,NEOSORO SOLUCAO NASAL ADULTO 30ML,0,1.77040170630039,3.0,9.19,2.57,1.0865,0.9528,1.0,1.0,0,rolling
2024-12-14,841,18064,NEOSORO SOLUCAO NASAL ADULTO 30ML,0,1.77040170630039,3.0,9.19,2.57,0.8411,0.9528,0.0,0.0,0,rolling
2024-12-15,841,18064,NEOSORO SOLUCAO NASAL ADULTO 30ML,0,1.77040170630039,3.0,9.19,2.57,1.1436,0.9528,2.0,2.0,0,rolling
2024-12-16,841,18064,NEOSORO SOLUCAO NASAL ADULTO 30ML,0,1.77040170630039,3.0,9.19,2.57,1.0007,0.9595,0.0,0.0,0,rolling
2024-12-17,841,18064,NEOSORO SOLUCAO NASAL ADULTO 30ML,0,1.77040170630039,3.0,9.19,2.57,1.0578,0.9595,0.0,0.0,0,rolling
2024-12-18,841,18064,NEOSORO SOLUCAO NASAL ADULTO 30ML,0,1.77040170630039,3.0,9.19,2.57,1.0362,0.9595,0.0,0.0,0,rolling
2024-12-19,841,18064,NEOSORO SOLUCAO NASAL ADULTO 30ML,0,1.77040170630039,3.0,9.19,2.57,0.7748,0.9595,1.0,1.0,0,rolling
2024-12-20,841,18064,NEOSORO SOLUCAO NASAL ADULTO 30ML,0,1.77040170630039,3.0,9.19,2.57,1.0543,0.953,7.0,7.0,0,rolling
2024-12-21,841,18064,NEOSORO SOLUCAO NASAL ADULTO 30ML,0,1.77040170630039,3.0,9.19,2.57,0.9187,1.2531,1.0,1.0,0,rolling
2024-12-22,841,18064,NEOSORO SOLUCAO NASAL ADULTO 30ML,0,1.77040170630039,3.0,9.19,2.57,1.2848,1.2531,2.0,2.0,0,rolling
2024-12-23,841,18064,NEOSORO SOLUCAO NASAL ADULTO 30ML,0,1.77040170630039,3.0,9.19,2.57,0.9901,1.2536,3.0,3.0,0,rolling
2024-12-24,841,18064,NEOSORO SOLUCAO NASAL ADULTO 30ML,0,1.77040170630039,3.0,9.19,2.57,1.0954,1.2812,0.0,0.0,0,rolling
2024-12-25,841,18064,NEOSORO SOLUCAO NASAL ADULTO 30ML,0,1.77040170630039,3.0,9.19,2.57,1.0527,1.2812,1.0,1.0,0,rolling
2024-12-26,841,18064,NEOSORO SOLUCAO NASAL ADULTO 30ML,0,1.77040170630039,3.0,9.19,2.57,0.8616,1.2736,1.0,1.0,0,rolling
2024-12-27,841,18064,NEOSORO SOLUCAO NASAL ADULTO 30ML,0,1.77040170630039,3.0,9.19,2.57,1.3893,1.2657,1.0,1.0,0,rolling
2024-12-28,841,18064,NEOSORO SOLUCAO NASAL ADULTO 30ML,0,1.77040170630039,3.0,9.19,2.57,0.892,1.2657,1.0,1.0,0,rolling
2024-12-29,841,18064,NEOSORO SOLUCAO NASAL ADULTO 30ML,0,1.77040170630039,3.0,9.19,2.57,1.3456,1.2657,1.0,1.0,0,rolling
2024-12-30,841,18064,NEOSORO SOLUCAO NASAL ADULTO 30ML,0,1.77040170630039,3.0,9.19,2.57,1.0564,1.2387,0.0,0.0,0,rolling
2024-12-31,841,18064,NEOSORO SOLUCAO NASAL ADULTO 30ML,0,1.77040170630039,3.0,9.19,2.57,1.0127,1.2463,0.0,0.0,0,rolling
2024-10-01,841,20635,ABRILAR XAROPE 100ML,0,2.5,3.0,35.82,23.5,0.0161,0.1856,0.0,0.0,0,rolling
2024-10-02,841,20635,ABRILAR XAROPE 100ML,0,2.5,3.0,35.82,23.5,0.0161,0.1856,0.0,0.0,0,rolling
2024-10-03,841,20635,ABRILAR XAROPE 100ML,0,2.5,3.0,35.82,23.5,0.0161,0.1856,0.0,0.0,0,rolling
2024-10-04,841,20635,ABRILAR XAROPE 100ML,0,2.5,3.0,35.82,23.5,0.0161,0.1856,0.0,0.0,0,rolling
2024-10-05,841,20635,ABRILAR XAROPE 100ML,0,2.5,3.0,35.82,23.5,0.0161,0.1856,0.0,0.0,0,rolling
2024-10-06,841,20635,ABRILAR XAROPE 100ML,0,2.5,3.0,35.82,23.5,0.0598,0.1856,0.0,0.0,0,rolling
2024-10-07,841,20635,ABRILAR XAROPE 100ML,0,2.5,3.0,35.82,23.5,0.0598,0.1856,0.0,0.0,0,rolling
2024-10-08,841,20635,ABRILAR XAROPE 100ML,0,2.5,3.0,35.82,23.5,0.0161,0.1856,0.0,0.0,0,rolling
2024-10-09,841,20635,ABRILAR XAROPE 100ML,0,2.5,3.0,35.82,23.5,0.0161,0.1856,0.0,0.0,0,rolling
2024-10-10,841,20635,ABRILAR XAROPE 100ML,0,2.5,3.0,35.82,23.5,0.0161,0.1856,0.0,0.0,0,rolling
2024-10-11,841,20635,ABRILAR XAROPE 100ML,0,2.5,3.0,35.82,23.5,0.0161,0.1856,0.0,0.0,0,rolling
2024-10-12,841,20635,ABRILAR XAROPE 100ML,0,2.5,3.0,35.82,23.5,0.0161,0.1856,0.0,0.0,0,rolling
2024-10-13,841,20635,ABRILAR XAROPE 100ML,0,2.5,3.0,35.82,23.5,0.0598,0.1856,0.0,0.0,0,rolling
2024-10-14,841,20635,ABRILAR XAROPE 100ML,0,2.5,3.0,35.82,23.5,0.0437,0.1856,0.0,0.0,0,rolling
2024-10-15,841,20635,ABRILAR XAROPE 100ML,0,2.5,3.0,35.82,23.5,0.0,0.1856,0.0,0.0,0,rolling
2024-10-16,841,20635,ABRILAR XAROPE 100ML,0,2.5,3.0,35.82,23.5,0.0,0.1856,0.0,0.0,0,rolling
2024-10-17,841,20635,ABRILAR XAROPE 100ML,0,2.5,3.0,35.82,23.5,0.0,0.1856,0.0,0.0,0,rolling
2024-10-18,841,20635,ABRILAR XAROPE 100ML,0,2.5,3.0,35.82,23.5,0.0,0.1856,0.0,0.0,0,rolling
2024-10-19,841,20635,ABRILAR XAROPE 100ML,0,2.5,3.0,35.82,23.5,0.0,0.1856,0.0,0.0,0,rolling
2024-10-20,841,20635,ABRILAR XAROPE 100ML,0,2.5,3.0,35.82,23.5,0.0437,0.1856,0.0,0.0,0,rolling
2024-10-21,841,20635,ABRILAR XAROPE 100ML,0,2.5,3.0,35.82,23.5,0.0437,0.1856,0.0,0.0,0,rolling
2024-10-22,841,20635,ABRILAR XAROPE 100ML,0,2.5,3.0,35.82,23.5,0.0,0.1856,0.0,0.0,0,rolling
2024-10-23,841,20635,ABRILAR XAROPE 100ML,0,2.5,3.0,35.82,23.5,0.0,0.1856,0.0,0.0,0,rolling
2024-10-24,841,20635,ABRILAR XAROPE 100ML,0,2.5,3.0,35.82,23.5,0.0,0.1856,0.0,0.0,0,rolling
2024-10-25,841,20635,ABRILAR XAROPE 100ML,0,2.5,3.0,35.82,23.5,0.0,0.1856,0.0,0.0,0,rolling
2024-10-26,841,20635,ABRILAR XAROPE 100ML,0,2.5,3.0,35.82,23.5,0.0,0.1856,0.0,0.0,0,rolling
2024-10-27,841,20635,ABRILAR XAROPE 100ML,0,2.5,3.0,35.82,23.5,0.0437,0.1856,0.0,0.0,0,rolling
2024-10-28,841,20635,ABRILAR XAROPE 100ML,0,2.5,3.0,35.82,23.5,0.0437,0.1856,0.0,0.0,0,rolling
2024-10-29,841,20635,ABRILAR XAROPE 100ML,0,2.5,3.0,35.82,23.5,0.0,0.1324,0.0,0.0,0,rolling
2024-10-30,841,20635,ABRILAR XAROPE 100ML,0,2.5,3.0,35.82,23.5,0.0,0.1324,0.0,0.0,0,rolling
2024-10-31,841,20635,ABRILAR XAROPE 100ML,0,2.5,3.0,35.82,23.5,0.0,0.1324,0.0,0.0,0,rolling
2024-11-01,841,20635,ABRILAR XAROPE 100ML,0,2.5,3.0,35.82,23.5,0.0,0.1324,0.0,0.0,0,rolling
2024-11-02,841,20635,ABRILAR XAROPE 100ML,0,2.5,3.0,35.82,23.5,0.0,0.1324,0.0,0.0,0,rolling
2024-11-03,841,20635,ABRILAR XAROPE 100ML,0,2.5,3.0,35.82,23.5,0.0437,0.1324,0.0,0.0,0,rolling
2024-11-04,841,20635,ABRILAR XAROPE 100ML,0,2.5,3.0,35.82,23.5,0.0,0.1324,0.0,0.0,0,rolling
2024-11-05,841,20635,ABRILAR XAROPE 100ML,0,2.5,3.0,35.82,23.5,0.0,0.1324,0.0,0.0,0,rolling
2024-11-06,841,20635,ABRILAR XAROPE 100ML,0,2.5,3.0,35.82,23.5,0.0,0.1324,0.0,0.0,0,rolling
2024-11-07,841,20635,ABRILAR XAROPE 100ML,0,2.5,3.0,35.82,23.5,0.0,0.1324,0.0,0.0,0,rolling
2024-11-08,841,20635,ABRILAR XAROPE 100ML,0,2.5,3.0,35.82,23.5,0.0,0.1324,0.0,0.0,0,rolling
2024-11-09,841,20635,ABRILAR XAROPE 100ML,0,2.5,3.0,35.82,23.5,0.0,0.1324,0.0,0.0,0,rolling
2024-11-10,841,20635,ABRILAR XAROPE 100ML,0,2.5,3.0,35.82,23.5,0.0437,0.1324,0.0,0.0,0,rolling
2024-11-11,841,20635,ABRILAR XAROPE 100ML,0,2.5,3.0,35.82,23.5,0.0,0.0,0.0,0.0,0,rolling
2024-11-12,841,20635,ABRILAR XAROPE 100ML,0,2.5,3.0,35.82,23.5,0.0,0.0,0.0,0.0,0,rolling
2024-11-13,841,20635,ABRILAR XAROPE 100ML,0,2.5,3.0,35.82,23.5,0.0,0.0,0.0,0.0,0,rolling
2024-11-14,841,20635,ABRILAR XAROPE 100ML,0,2.5,3.0,35.82,23.5,0.0,0.0,0.0,0.0,0,rolling
2024-11-15,841,20635,ABRILAR XAROPE 100ML,0,2.5,3.0,35.82,23.5,0.0,0.0,1.0,1.0,0,rolling
2024-11-16,841,20635,ABRILAR XAROPE 100ML,0,2.5,3.0,35.82,23.5,0.0161,0.1324,0.0,0.0,0,rolling
2024-11-17,841,20635,ABRILAR XAROPE 100ML,0,2.5,3.0,35.82,23.5,0.0161,0.1324,0.0,0.0,0,rolling
2024-11-18,841,20635,ABRILAR XAROPE 100ML,0,2.5,3.0,35.82,23.5,0.0161,0.1324,0.0,0.0,0,rolling
2024-11-19,841,20635,ABRILAR XAROPE 100ML,0,2.5,3.0,35.82,23.5,0.0161,0.1324,0.0,0.0,0,rolling
2024-11-20,841,20635,ABRILAR XAROPE 100ML,0,2.5,3.0,35.82,23.5,0.0161,0.1324,0.0,0.0,0,rolling
2024-11-21,841,20635,ABRILAR XAROPE 100ML,0,2.5,3.0,35.82,23.5,0.0161,0.1324,0.0,0.0,0,rolling
2024-11-22,841,20635,ABRILAR XAROPE 100ML,0,2.5,3.0,35.82,23.5,0.0598,0.1324,0.0,0.0,0,rolling
2024-11-23,841,20635,ABRILAR XAROPE 100ML,0,2.5,3.0,35.82,23.5,0.0161,0.1324,0.0,0.0,0,rolling
2024-11-24,841,20635,ABRILAR XAROPE 100ML,0,2.5,3.0,35.82,23.5,0.0161,0.1324,0.0,0.0,0,rolling
2024-11-25,841,20635,ABRILAR XAROPE 100ML,0,2.5,3.0,35.82,23.5,0.0161,0.1324,0.0,0.0,0,rolling
2024-11-26,841,20635,ABRILAR XAROPE 100ML,0,2.5,3.0,35.82,23.5,0.0294,0.1324,0.0,0.0,0,rolling
2024-11-27,841,20635,ABRILAR XAROPE 100ML,0,2.5,3.0,35.82,23.5,0.0294,0.1324,0.0,0.0,0,rolling
2024-11-28,841,20635,ABRILAR XAROPE 100ML,0,2.5,3.0,35.82,23.5,0.0294,0.1324,1.0,1.0,0,rolling
2024-11-29,841,20635,ABRILAR XAROPE 100ML,0,2.5,3.0,35.82,23.5,0.0892,0.1856,0.0,0.0,1,rolling
2024-11-30,841,20635,ABRILAR XAROPE 100ML,0,2.5,3.0,35.82,23.5,0.0455,0.1856,0.0,0.0,1,rolling
2024-12-01,841,20635,ABRILAR XAROPE 100ML,0,2.5,3.0,35.82,23.5,0.0455,0.1856,0.0,0.0,0,rolling
2024-12-02,841,20635,ABRILAR XAROPE 100ML,0,2.5,3.0,35.82,23.5,0.0455,0.1856,0.0,0.0,0,rolling
2024-12-03,841,20635,ABRILAR XAROPE 100ML,0,2.5,3.0,35.82,23.5,0.0455,0.1856,0.0,0.0,0,rolling
2024-12-04,841,20635,ABRILAR XAROPE 100ML,0,2.5,3.0,35.82,23.5,0.0455,0.1856,0.0,0.0,0,rolling
2024-12-05,841,20635,ABRILAR XAROPE 100ML,0,2.5,3.0,35.82,23.5,0.0892,0.1856,0.0,0.0,0,rolling
2024-12-06,841,20635,ABRILAR XAROPE 100ML,0,2.5,3.0,35.82,23.5,0.0892,0.1856,0.0,0.0,0,rolling
2024-12-07,841,20635,ABRILAR XAROPE 100ML,0,2.5,3.0,35.82,23.5,0.0455,0.1856,0.0,0.0,0,rolling
2024-12-08,841,20635,ABRILAR XAROPE 100ML,0,2.5,3.0,35.82,23.5,0.0455,0.1856,0.0,0.0,0,rolling
2024-12-09,841,20635,ABRILAR XAROPE 100ML,0,2.5,3.0,35.82,23.5,0.0455,0.1856,0.0,0.0,0,rolling
2024-12-10,841,20635,ABRILAR XAROPE 100ML,0,2.5,3.0,35.82,23.5,0.0455,0.1856,0.0,0.0,0,rolling
2024-12-11,841,20635,ABRILAR XAROPE 100ML,0,2.5,3.0,35.82,23.5,0.0321,0.1856,0.0,0.0,0,rolling
2024-12-12,841,20635,ABRILAR XAROPE 100ML,0,2.5,3.0,35.82,23.5,0.0759,0.1856,0.0,0.0,0,rolling
2024-12-13,841,20635,ABRILAR XAROPE 100ML,0,2.5,3.0,35.82,23.5,0.0759,0.1856,0.0,0.0,0,rolling
2024-12-14,841,20635,ABRILAR XAROPE 100ML,0,2.5,3.0,35.82,23.5,0.0161,0.1856,0.0,0.0,0,rolling
2024-12-15,841,20635,ABRILAR XAROPE 100ML,0,2.5,3.0,35.82,23.5,0.0161,0.1856,0.0,0.0,0,rolling
2024-12-16,841,20635,ABRILAR XAROPE 100ML,0,2.5,3.0,35.82,23.5,0.0161,0.1856,0.0,0.0,0,rolling
2024-12-17,841,20635,ABRILAR XAROPE 100ML,0,2.5,3.0,35.82,23.5,0.0161,0.1856,0.0,0.0,0,rolling
2024-12-18,841,20635,ABRILAR XAROPE 100ML,0,2.5,3.0,35.82,23.5,0.0161,0.1856,0.0,0.0,0,rolling
2024-12-19,841,20635,ABRILAR XAROPE 100ML,0,2.5,3.0,35.82,23.5,0.0598,0.1856,0.0,0.0,0,rolling
2024-12-20,841,20635,ABRILAR XAROPE 100ML,0,2.5,3.0,35.82,23.5,0.0598,0.1856,0.0,0.0,0,rolling
2024-12-21,841,20635,ABRILAR XAROPE 100ML,0,2.5,3.0,35.82,23.5,0.0161,0.1856,0.0,0.0,0,rolling
2024-12-22,841,20635,ABRILAR XAROPE 100ML,0,2.5,3.0,35.82,23.5,0.0161,0.1856,0.0,0.0,0,rolling
2024-12-23,841,20635,ABRILAR XAROPE 100ML,0,2.5,3.0,35.82,23.5,0.0161,0.1856,0.0,0.0,0,rolling
2024-12-24,841,20635,ABRILAR XAROPE 100ML,0,2.5,3.0,35.82,23.5,0.0161,0.1856,0.0,0.0,0,rolling
2024-12-25,841,20635,ABRILAR XAROPE 100ML,0,2.5,3.0,35.82,23.5,0.0161,0.1856,0.0,0.0,0,rolling
2024-12-26,841,20635,ABRILAR XAROPE 100ML,0,2.5,3.0,35.82,23.5,0.0598,0.1856,0.0,0.0,0,rolling
2024-12-27,841,20635,ABRILAR XAROPE 100ML,0,2.5,3.0,35.82,23.5,0.0437,0.1856,0.0,0.0,0,rolling
2024-12-28,841,20635,ABRILAR XAROPE 100ML,0,2.5,3.0,35.82,23.5,0.0,0.1856,0.0,0.0,0,rolling
2024-12-29,841,20635,ABRILAR XAROPE 100ML,0,2.5,3.0,35.82,23.5,0.0,0.1856,0.0,0.0,0,rolling
2024-12-30,841,20635,ABRILAR XAROPE 100ML,0,2.5,3.0,35.82,23.5,0.0,0.1856,0.0,0.0,0,rolling
2024-12-31,841,20635,ABRILAR XAROPE 100ML,0,2.5,3.0,35.82,23.5,0.0,0.1856,0.0,0.0,0,rolling
2024-10-01,841,21141,PERCOF XAROPE 120ML,0,2.5,3.0,34.89,25.97,0.1402,0.4103,0.0,0.0,0,rolling
2024-10-02,841,21141,PERCOF XAROPE 120ML,0,2.5,3.0,34.89,25.97,0.1839,0.4103,0.0,0.0,0,rolling
2024-10-03,841,21141,PERCOF XAROPE 120ML,0,2.5,3.0,34.89,25.97,0.1839,0.4103,0.0,0.0,0,rolling
2024-10-04,841,21141,PERCOF XAROPE 120ML,0,2.5,3.0,34.89,25.97,0.2116,0.4103,0.0,0.0,0,rolling
2024-10-05,841,21141,PERCOF XAROPE 120ML,0,2.5,3.0,34.89,25.97,0.1679,0.4103,0.0,0.0,0,rolling
2024-10-06,841,21141,PERCOF XAROPE 120ML,0,2.5,3.0,34.89,25.97,0.108,0.4103,0.0,0.0,0,rolling
2024-10-07,841,21141,PERCOF XAROPE 120ML,0,2.5,3.0,34.89,25.97,0.148,0.4103,0.0,0.0,0,rolling
2024-10-08,841,21141,PERCOF XAROPE 120ML,0,2.5,3.0,34.89,25.97,0.148,0.4103,0.0,0.0,0,rolling
2024-10-09,841,21141,PERCOF XAROPE 120ML,0,2.5,3.0,34.89,25.97,0.1918,0.3973,0.0,0.0,0,rolling
2024-10-10,841,21141,PERCOF XAROPE 120ML,0,2.5,3.0,34.89,25.97,0.1918,0.3973,0.0,0.0,0,rolling
2024-10-11,841,21141,PERCOF XAROPE 120ML,0,2.5,3.0,34.89,25.97,0.2355,0.3973,1.0,1.0,0,rolling
2024-10-12,841,21141,PERCOF XAROPE 120ML,0,2.5,3.0,34.89,25.97,0.1918,0.4103,0.0,0.0,0,rolling
2024-10-13,841,21141,PERCOF XAROPE 120ML,0,2.5,3.0,34.89,25.97,0.148,0.4103,0.0,0.0,0,rolling
2024-10-14,841,21141,PERCOF XAROPE 120ML,0,2.5,3.0,34.89,25.97,0.148,0.4103,0.0,0.0,0,rolling
2024-10-15,841,21141,PERCOF XAROPE 120ML,0,2.5,3.0,34.89,25.97,0.1043,0.4103,0.0,0.0,0,rolling
2024-10-16,841,21141,PERCOF XAROPE 120ML,0,2.5,3.0,34.89,25.97,0.1918,0.4103,0.0,0.0,0,rolling
2024-10-17,841,21141,PERCOF XAROPE 120ML,0,2.5,3.0,34.89,25.97,0.1757,0.3973,0.0,0.0,0,rolling
2024-10-18,841,21141,PERCOF XAROPE 120ML,0,2.5,3.0,34.89,25.97,0.2632,0.383,0.0,0.0,0,rolling
2024-10-19,841,21141,PERCOF XAROPE 120ML,0,2.5,3.0,34.89,25.97,0.1757,0.3673,0.0,0.0,0,rolling
2024-10-20,841,21141,PERCOF XAROPE 120ML,0,2.5,3.0,34.89,25.97,0.132,0.3673,1.0,1.0,0,rolling
2024-10-21,841,21141,PERCOF XAROPE 120ML,0,2.5,3.0,34.89,25.97,0.148,0.383,0.0,0.0,0,rolling
2024-10-22,841,21141,PERCOF XAROPE 120ML,0,2.5,3.0,34.89,25.97,0.0643,0.383,0.0,0.0,0,rolling
2024-10-23,841,21141,PERCOF XAROPE 120ML,0,2.5,3.0,34.89,25.97,0.108,0.383,0.0,0.0,0,rolling
2024-10-24,841,21141,PERCOF XAROPE 120ML,0,2.5,3.0,34.89,25.97,0.108,0.383,0.0,0.0,0,rolling
2024-10-25,841,21141,PERCOF XAROPE 120ML,0,2.5,3.0,34.89,25.97,0.1955,0.383,0.0,0.0,0,rolling
2024-10-26,841,21141,PERCOF XAROPE 120ML,0,2.5,3.0,34.89,25.97,0.1357,0.383,0.0,0.0,0,rolling
2024-10-27,841,21141,PERCOF XAROPE 120ML,0,2.5,3.0,34.89,25.97,0.1357,0.3673,1.0,1.0,0,rolling
2024-10-28,841,21141,PERCOF XAROPE 120ML,0,2.5,3.0,34.89,25.97,0.092,0.383,0.0,0.0,0,rolling
2024-10-29,841,21141,PERCOF XAROPE 120ML,0,2.5,3.0,34.89,25.97,0.0482,0.3673,0.0,0.0,0,rolling
2024-10-30,841,21141,PERCOF XAROPE 120ML,0,2.5,3.0,34.89,25.97,0.092,0.3673,0.0,0.0,0,rolling
2024-10-31,841,21141,PERCOF XAROPE 120ML,0,2.5,3.0,34.89,25.97,0.1053,0.3673,0.0,0.0,0,rolling
2024-11-01,841,21141,PERCOF XAROPE 120ML,0,2.5,3.0,34.89,25.97,0.1928,0.3499,0.0,0.0,0,rolling
2024-11-02,841,21141,PERCOF XAROPE 120ML,0,2.5,3.0,34.89,25.97,0.1053,0.3499,1.0,1.0,0,rolling
2024-11-03,841,21141,PERCOF XAROPE 120ML,0,2.5,3.0,34.89,25.97,0.2089,0.3499,0.0,0.0,0,rolling
2024-11-04,841,21141,PERCOF XAROPE 120ML,0,2.5,3.0,34.89,25.97,0.0776,0.3499,0.0,0.0,0,rolling
2024-11-05,841,21141,PERCOF XAROPE 120ML,0,2.5,3.0,34.89,25.97,0.0776,0.3499,0.0,0.0,0,rolling
2024-11-06,841,21141,PERCOF XAROPE 120ML,0,2.5,3.0,34.89,25.97,0.1214,0.3499,0.0,0.0,0,rolling
2024-11-07,841,21141,PERCOF XAROPE 120ML,0,2.5,3.0,34.89,25.97,0.0776,0.3499,0.0,0.0,0,rolling
2024-11-08,841,21141,PERCOF XAROPE 120ML,0,2.5,3.0,34.89,25.97,0.2089,0.3499,0.0,0.0,0,rolling
2024-11-09,841,21141,PERCOF XAROPE 120ML,0,2.5,3.0,34.89,25.97,0.1053,0.3307,0.0,0.0,0,rolling
2024-11-10,841,21141,PERCOF XAROPE 120ML,0,2.5,3.0,34.89,25.97,0.1928,0.3307,0.0,0.0,0,rolling
2024-11-11,841,21141,PERCOF XAROPE 120ML,0,2.5,3.0,34.89,25.97,0.0615,0.3307,1.0,1.0,0,rolling
2024-11-12,841,21141,PERCOF XAROPE 120ML,0,2.5,3.0,34.89,25.97,0.0776,0.3499,0.0,0.0,0,rolling
2024-11-13,841,21141,PERCOF XAROPE 120ML,0,2.5,3.0,34.89,25.97,0.1214,0.3499,0.0,0.0,0,rolling
2024-11-14,841,21141,PERCOF XAROPE 120ML,0,2.5,3.0,34.89,25.97,0.0776,0.3307,0.0,0.0,0,rolling
2024-11-15,841,21141,PERCOF XAROPE 120ML,0,2.5,3.0,34.89,25.97,0.1518,0.3307,0.0,0.0,0,rolling
2024-11-16,841,21141,PERCOF XAROPE 120ML,0,2.5,3.0,34.89,25.97,0.108,0.3307,0.0,0.0,0,rolling
2024-11-17,841,21141,PERCOF XAROPE 120ML,0,2.5,3.0,34.89,25.97,0.1955,0.3307,0.0,0.0,0,rolling
2024-11-18,841,21141,PERCOF XAROPE 120ML,0,2.5,3.0,34.89,25.97,0.092,0.3307,0.0,0.0,0,rolling
2024-11-19,841,21141,PERCOF XAROPE 120ML,0,2.5,3.0,34.89,25.97,0.0482,0.3307,0.0,0.0,0,rolling
2024-11-20,841,21141,PERCOF XAROPE 120ML,0,2.5,3.0,34.89,25.97,0.0482,0.3307,0.0,0.0,0,rolling
2024-11-21,841,21141,PERCOF XAROPE 120ML,0,2.5,3.0,34.89,25.97,0.0482,0.3307,0.0,0.0,0,rolling
2024-11-22,841,21141,PERCOF XAROPE 120ML,0,2.5,3.0,34.89,25.97,0.149,0.3307,0.0,0.0,0,rolling
2024-11-23,841,21141,PERCOF XAROPE 120ML,0,2.5,3.0,34.89,25.97,0.1053,0.3093,0.0,0.0,0,rolling
2024-11-24,841,21141,PERCOF XAROPE 120ML,0,2.5,3.0,34.89,25.97,0.1928,0.3093,0.0,0.0,0,rolling
2024-11-25,841,21141,PERCOF XAROPE 120ML,0,2.5,3.0,34.89,25.97,0.0892,0.2852,0.0,0.0,0,rolling
2024-11-26,841,21141,PERCOF XAROPE 120ML,0,2.5,3.0,34.89,25.97,0.0455,0.2852,0.0,0.0,0,rolling
2024-11-27,841,21141,PERCOF XAROPE 120ML,0,2.5,3.0,34.89,25.97,0.0455,0.2852,0.0,0.0,0,rolling
2024-11-28,841,21141,PERCOF XAROPE 120ML,0,2.5,3.0,34.89,25.97,0.0455,0.2852,0.0,0.0,0,rolling
2024-11-29,841,21141,PERCOF XAROPE 120ML,0,2.5,3.0,34.89,25.97,0.0892,0.2852,0.0,0.0,0,rolling
2024-11-30,841,21141,PERCOF XAROPE 120ML,0,2.5,3.0,34.89,25.97,0.0892,0.2852,0.0,0.0,0,rolling
2024-12-01,841,21141,PERCOF XAROPE 120ML,0,2.5,3.0,34.89,25.97,0.1169,0.2852,0.0,0.0,0,rolling
2024-12-02,841,21141,PERCOF XAROPE 120ML,0,2.5,3.0,34.89,25.97,0.0732,0.2852,0.0,0.0,0,rolling
2024-12-03,841,21141,PERCOF XAROPE 120ML,0,2.5,3.0,34.89,25.97,0.0294,0.2852,0.0,0.0,0,rolling
2024-12-04,841,21141,PERCOF XAROPE 120ML,0,2.5,3.0,34.89,25.97,0.0294,0.2852,0.0,0.0,0,rolling
2024-12-05,841,21141,PERCOF XAROPE 120ML,0,2.5,3.0,34.89,25.97,0.0294,0.2852,0.0,0.0,0,rolling
2024-12-06,841,21141,PERCOF XAROPE 120ML,0,2.5,3.0,34.89,25.97,0.0732,0.2852,0.0,0.0,0,rolling
2024-12-07,841,21141,PERCOF XAROPE 120ML,0,2.5,3.0,34.89,25.97,0.0598,0.2575,0.0,0.0,0,rolling
2024-12-08,841,21141,PERCOF XAROPE 120ML,0,2.5,3.0,34.89,25.97,0.1036,0.2575,0.0,0.0,0,rolling
2024-12-09,841,21141,PERCOF XAROPE 120ML,0,2.5,3.0,34.89,25.97,0.0598,0.2575,0.0,0.0,0,rolling
2024-12-10,841,21141,PERCOF XAROPE 120ML,0,2.5,3.0,34.89,25.97,0.0,0.2575,0.0,0.0,0,rolling
2024-12-11,841,21141,PERCOF XAROPE 120ML,0,2.5,3.0,34.89,25.97,0.0,0.2575,0.0,0.0,0,rolling
2024-12-12,841,21141,PERCOF XAROPE 120ML,0,2.5,3.0,34.89,25.97,0.0,0.2575,1.0,1.0,0,rolling
2024-12-13,841,21141,PERCOF XAROPE 120ML,0,2.5,3.0,34.89,25.97,0.0161,0.2852,0.0,0.0,0,rolling
2024-12-14,841,21141,PERCOF XAROPE 120ML,0,2.5,3.0,34.89,25.97,0.0598,0.2852,0.0,0.0,0,rolling
2024-12-15,841,21141,PERCOF XAROPE 120ML,0,2.5,3.0,34.89,25.97,0.1036,0.2852,0.0,0.0,0,rolling
2024-12-16,841,21141,PERCOF XAROPE 120ML,0,2.5,3.0,34.89,25.97,0.0598,0.2575,0.0,0.0,0,rolling
2024-12-17,841,21141,PERCOF XAROPE 120ML,0,2.5,3.0,34.89,25.97,0.0161,0.2575,0.0,0.0,0,rolling
2024-12-18,841,21141,PERCOF XAROPE 120ML,0,2.5,3.0,34.89,25.97,0.0161,0.2575,0.0,0.0,0,rolling
2024-12-19,841,21141,PERCOF XAROPE 120ML,0,2.5,3.0,34.89,25.97,0.0598,0.2575,0.0,0.0,0,rolling
2024-12-20,841,21141,PERCOF XAROPE 120ML,0,2.5,3.0,34.89,25.97,0.0161,0.2575,0.0,0.0,0,rolling
2024-12-21,841,21141,PERCOF XAROPE 120ML,0,2.5,3.0,34.89,25.97,0.0598,0.2575,0.0,0.0,0,rolling
2024-12-22,841,21141,PERCOF XAROPE 120ML,0,2.5,3.0,34.89,25.97,0.0598,0.2575,0.0,0.0,0,rolling
2024-12-23,841,21141,PERCOF XAROPE 120ML,0,2.5,3.0,34.89,25.97,0.0598,0.2252,0.0,0.0,0,rolling
2024-12-24,841,21141,PERCOF XAROPE 120ML,0,2.5,3.0,34.89,25.97,0.0161,0.2252,0.0,0.0,0,rolling
2024-12-25,841,21141,PERCOF XAROPE 120ML,0,2.5,3.0,34.89,25.97,0.0161,0.2252,1.0,1.0,0,rolling
2024-12-26,841,21141,PERCOF XAROPE 120ML,0,2.5,3.0,34.89,25.97,0.0892,0.2575,1.0,1.0,0,rolling
2024-12-27,841,21141,PERCOF XAROPE 120ML,0,2.5,3.0,34.89,25.97,0.0615,0.2852,0.0,0.0,0,rolling
2024-12-28,841,21141,PERCOF XAROPE 120ML,0,2.5,3.0,34.89,25.97,0.1053,0.2852,0.0,0.0,0,rolling
2024-12-29,841,21141,PERCOF XAROPE 120ML,0,2.5,3.0,34.89,25.97,0.0615,0.2575,1.0,1.0,0,rolling
2024-12-30,841,21141,PERCOF XAROPE 120ML,0,2.5,3.0,34.89,25.97,0.1214,0.2852,1.0,1.0,0,rolling
2024-12-31,841,21141,PERCOF XAROPE 120ML,0,2.5,3.0,34.89,25.97,0.0937,0.3093,0.0,0.0,0,rolling
2024-10-01,841,31330,ABRILAR XAROPE 200ML,0,2.5,3.0,78.55,51.06,0.0,0.0,0.0,0.0,0,rolling
2024-10-02,841,31330,ABRILAR XAROPE 200ML,0,2.5,3.0,78.55,51.06,0.0,0.0,0.0,0.0,0,rolling
2024-10-03,841,31330,ABRILAR XAROPE 200ML,0,2.5,3.0,78.55,51.06,0.0,0.0,0.0,0.0,0,rolling
2024-10-04,841,31330,ABRILAR XAROPE 200ML,0,2.5,3.0,78.55,51.06,0.0,0.0,0.0,0.0,0,rolling
2024-10-05,841,31330,ABRILAR XAROPE 200ML,0,2.5,3.0,78.55,51.06,0.0,0.0,0.0,0.0,0,rolling
2024-10-06,841,31330,ABRILAR XAROPE 200ML,0,2.5,3.0,78.55,51.06,0.0,0.0,0.0,0.0,0,rolling
2024-10-07,841,31330,ABRILAR XAROPE 200ML,0,2.5,3.0,78.55,51.06,0.0,0.0,0.0,0.0,0,rolling
2024-10-08,841,31330,ABRILAR XAROPE 200ML,0,2.5,3.0,78.55,51.06,0.0,0.0,0.0,0.0,0,rolling
2024-10-09,841,31330,ABRILAR XAROPE 200ML,0,2.5,3.0,78.55,51.06,0.0,0.0,0.0,0.0,0,rolling
2024-10-10,841,31330,ABRILAR XAROPE 200ML,0,2.5,3.0,78.55,51.06,0.0,0.0,0.0,0.0,0,rolling
2024-10-11,841,31330,ABRILAR XAROPE 200ML,0,2.5,3.0,78.55,51.06,0.0,0.0,0.0,0.0,0,rolling
2024-10-12,841,31330,ABRILAR XAROPE 200ML,0,2.5,3.0,78.55,51.06,0.0,0.0,0.0,0.0,0,rolling
2024-10-13,841,31330,ABRILAR XAROPE 200ML,0,2.5,3.0,78.55,51.06,0.0,0.0,0.0,0.0,0,rolling
2024-10-14,841,31330,ABRILAR XAROPE 200ML,0,2.5,3.0,78.55,51.06,0.0,0.0,0.0,0.0,0,rolling
2024-10-15,841,31330,ABRILAR XAROPE 200ML,0,2.5,3.0,78.55,51.06,0.0,0.0,0.0,0.0,0,rolling
2024-10-16,841,31330,ABRILAR XAROPE 200ML,0,2.5,3.0,78.55,51.06,0.0,0.0,0.0,0.0,0,rolling
2024-10-17,841,31330,ABRILAR XAROPE 200ML,0,2.5,3.0,78.55,51.06,0.0,0.0,0.0,0.0,0,rolling
2024-10-18,841,31330,ABRILAR XAROPE 200ML,0,2.5,3.0,78.55,51.06,0.0,0.0,0.0,0.0,0,rolling
2024-10-19,841,31330,ABRILAR XAROPE 200ML,0,2.5,3.0,78.55,51.06,0.0,0.0,0.0,0.0,0,rolling
2024-10-20,841,31330,ABRILAR XAROPE 200ML,0,2.5,3.0,78.55,51.06,0.0,0.0,0.0,0.0,0,rolling
2024-10-21,841,31330,ABRILAR XAROPE 200ML,0,2.5,3.0,78.55,51.06,0.0,0.0,0.0,0.0,0,rolling
2024-10-22,841,31330,ABRILAR XAROPE 200ML,0,2.5,3.0,78.55,51.06,0.0,0.0,0.0,0.0,0,rolling
2024-10-23,841,31330,ABRILAR XAROPE 200ML,0,2.5,3.0,78.55,51.06,0.0,0.0,0.0,0.0,0,rolling
2024-10-24,841,31330,ABRILAR XAROPE 200ML,0,2.5,3.0,78.55,51.06,0.0,0.0,0.0,0.0,0,rolling
2024-10-25,841,31330,ABRILAR XAROPE 200ML,0,2.5,3.0,78.55,51.06,0.0,0.0,0.0,0.0,0,rolling
2024-10-26,841,31330,ABRILAR XAROPE 200ML,0,2.5,3.0,78.55,51.06,0.0,0.0,0.0,0.0,0,rolling
2024-10-27,841,31330,ABRILAR XAROPE 200ML,0,2.5,3.0,78.55,51.06,0.0,0.0,0.0,0.0,0,rolling
2024-10-28,841,31330,ABRILAR XAROPE 200ML,0,2.5,3.0,78.55,51.06,0.0,0.0,0.0,0.0,0,rolling
2024-10-29,841,31330,ABRILAR XAROPE 200ML,0,2.5,3.0,78.55,51.06,0.0,0.0,0.0,0.0,0,rolling
2024-10-30,841,31330,ABRILAR XAROPE 200ML,0,2.5,3.0,78.55,51.06,0.0,0.0,0.0,0.0,0,rolling
2024-10-31,841,31330,ABRILAR XAROPE 200ML,0,2.5,3.0,78.55,51.06,0.0,0.0,0.0,0.0,0,rolling
2024-11-01,841,31330,ABRILAR XAROPE 200ML,0,2.5,3.0,78.55,51.06,0.0,0.0,0.0,0.0,0,rolling
2024-11-02,841,31330,ABRILAR XAROPE 200ML,0,2.5,3.0,78.55,51.06,0.0,0.0,0.0,0.0,0,rolling
2024-11-03,841,31330,ABRILAR XAROPE 200ML,0,2.5,3.0,78.55,51.06,0.0,0.0,0.0,0.0,0,rolling
2024-11-04,841,31330,ABRILAR XAROPE 200ML,0,2.5,3.0,78.55,51.06,0.0,0.0,0.0,0.0,0,rolling
2024-11-05,841,31330,ABRILAR XAROPE 200ML,0,2.5,3.0,78.55,51.06,0.0,0.0,0.0,0.0,0,rolling
2024-11-06,841,31330,ABRILAR XAROPE 200ML,0,2.5,3.0,78.55,51.06,0.0,0.0,0.0,0.0,0,rolling
2024-11-07,841,31330,ABRILAR XAROPE 200ML,0,2.5,3.0,78.55,51.06,0.0,0.0,0.0,0.0,0,rolling
2024-11-08,841,31330,ABRILAR XAROPE 200ML,0,2.5,3.0,78.55,51.06,0.0,0.0,0.0,0.0,0,rolling
2024-11-09,841,31330,ABRILAR XAROPE 200ML,0,2.5,3.0,78.55,51.06,0.0,0.0,0.0,0.0,0,rolling
2024-11-10,841,31330,ABRILAR XAROPE 200ML,0,2.5,3.0,78.55,51.06,0.0,0.0,0.0,0.0,0,rolling
2024-11-11,841,31330,ABRILAR XAROPE 200ML,0,2.5,3.0,78.55,51.06,0.0,0.0,0.0,0.0,0,rolling
2024-11-12,841,31330,ABRILAR XAROPE 200ML,0,2.5,3.0,78.55,51.06,0.0,0.0,0.0,0.0,0,rolling
2024-11-13,841,31330,ABRILAR XAROPE 200ML,0,2.5,3.0,78.55,51.06,0.0,0.0,0.0,0.0,0,rolling
2024-11-14,841,31330,ABRILAR XAROPE 200ML,0,2.5,3.0,78.55,51.06,0.0,0.0,0.0,0.0,0,rolling
2024-11-15,841,31330,ABRILAR XAROPE 200ML,0,2.5,3.0,78.55,51.06,0.0,0.0,0.0,0.0,0,rolling
2024-11-16,841,31330,ABRILAR XAROPE 200ML,0,2.5,3.0,78.55,51.06,0.0,0.0,0.0,0.0,0,rolling
2024-11-17,841,31330,ABRILAR XAROPE 200ML,0,2.5,3.0,78.55,51.06,0.0,0.0,0.0,0.0,0,rolling
2024-11-18,841,31330,ABRILAR XAROPE 200ML,0,2.5,3.0,78.55,51.06,0.0,0.0,0.0,0.0,0,rolling
2024-11-19,841,31330,ABRILAR XAROPE 200ML,0,2.5,3.0,78.55,51.06,0.0,0.0,0.0,0.0,0,rolling
2024-11-20,841,31330,ABRILAR XAROPE 200ML,0,2.5,3.0,78.55,51.06,0.0,0.0,0.0,0.0,0,rolling
2024-11-21,841,31330,ABRILAR XAROPE 200ML,0,2.5,3.0,78.55,51.06,0.0,0.0,0.0,0.0,0,rolling
2024-11-22,841,31330,ABRILAR XAROPE 200ML,0,2.5,3.0,78.55,51.06,0.0,0.0,0.0,0.0,0,rolling
2024-11-23,841,31330,ABRILAR XAROPE 200ML,0,2.5,3.0,78.55,51.06,0.0,0.0,0.0,0.0,0,rolling
2024-11-24,841,31330,ABRILAR XAROPE 200ML,0,2.5,3.0,78.55,51.06,0.0,0.0,0.0,0.0,0,rolling
2024-11-25,841,31330,ABRILAR XAROPE 200ML,0,2.5,3.0,78.55,51.06,0.0,0.0,0.0,0.0,0,rolling
2024-11-26,841,31330,ABRILAR XAROPE 200ML,0,2.5,3.0,78.55,51.06,0.0,0.0,0.0,0.0,0,rolling
2024-11-27,841,31330,ABRILAR XAROPE 200ML,0,2.5,3.0,78.55,51.06,0.0,0.0,0.0,0.0,0,rolling
2024-11-28,841,31330,ABRILAR XAROPE 200ML,0,2.5,3.0,78.55,51.06,0.0,0.0,0.0,0.0,0,rolling
2024-11-29,841,31330,ABRILAR XAROPE 200ML,0,2.5,3.0,78.55,51.06,0.0,0.0,0.0,0.0,0,rolling
2024-11-30,841,31330,ABRILAR XAROPE 200ML,0,2.5,3.0,78.55,51.06,0.0,0.0,0.0,0.0,0,rolling
2024-12-01,841,31330,ABRILAR XAROPE 200ML,0,2.5,3.0,78.55,51.06,0.0,0.0,0.0,0.0,0,rolling
2024-12-02,841,31330,ABRILAR XAROPE 200ML,0,2.5,3.0,78.55,51.06,0.0,0.0,0.0,0.0,0,rolling
2024-12-03,841,31330,ABRILAR XAROPE 200ML,0,2.5,3.0,78.55,51.06,0.0,0.0,0.0,0.0,0,rolling
2024-12-04,841,31330,ABRILAR XAROPE 200ML,0,2.5,3.0,78.55,51.06,0.0,0.0,0.0,0.0,0,rolling
2024-12-05,841,31330,ABRILAR XAROPE 200ML,0,2.5,3.0,78.55,51.06,0.0,0.0,0.0,0.0,0,rolling
2024-12-06,841,31330,ABRILAR XAROPE 200ML,0,2.5,3.0,78.55,51.06,0.0,0.0,0.0,0.0,0,rolling
2024-12-07,841,31330,ABRILAR XAROPE 200ML,0,2.5,3.0,78.55,51.06,0.0,0.0,0.0,0.0,0,rolling
2024-12-08,841,31330,ABRILAR XAROPE 200ML,0,2.5,3.0,78.55,51.06,0.0,0.0,0.0,0.0,0,rolling
2024-12-09,841,31330,ABRILAR XAROPE 200ML,0,2.5,3.0,78.55,51.06,0.0,0.0,0.0,0.0,0,rolling
2024-12-10,841,31330,ABRILAR XAROPE 200ML,0,2.5,3.0,78.55,51.06,0.0,0.0,0.0,0.0,0,rolling
2024-12-11,841,31330,ABRILAR XAROPE 200ML,0,2.5,3.0,78.55,51.06,0.0,0.0,0.0,0.0,0,rolling
2024-12-12,841,31330,ABRILAR XAROPE 200ML,0,2.5,3.0,78.55,51.06,0.0,0.0,0.0,0.0,0,rolling
2024-12-13,841,31330,ABRILAR XAROPE 200ML,0,2.5,3.0,78.55,51.06,0.0,0.0,0.0,0.0,0,rolling
2024-12-14,841,31330,ABRILAR XAROPE 200ML,0,2.5,3.0,78.55,51.06,0.0,0.0,0.0,0.0,0,rolling
2024-12-15,841,31330,ABRILAR XAROPE 200ML,0,2.5,3.0,78.55,51.06,0.0,0.0,0.0,0.0,0,rolling
2024-12-16,841,31330,ABRILAR XAROPE 200ML,0,2.5,3.0,78.55,51.06,0.0,0.0,0.0,0.0,0,rolling
2024-12-17,841,31330,ABRILAR XAROPE 200ML,0,2.5,3.0,78.55,51.06,0.0,0.0,0.0,0.0,0,rolling
2024-12-18,841,31330,ABRILAR XAROPE 200ML,0,2.5,3.0,78.55,51.06,0.0,0.0,0.0,0.0,0,rolling
2024-12-19,841,31330,ABRILAR XAROPE 200ML,0,2.5,3.0,78.55,51.06,0.0,0.0,0.0,0.0,0,rolling
2024-12-20,841,31330,ABRILAR XAROPE 200ML,0,2.5,3.0,78.55,51.06,0.0,0.0,0.0,0.0,0,rolling
2024-12-21,841,31330,ABRILAR XAROPE 200ML,0,2.5,3.0,78.55,51.06,0.0,0.0,0.0,0.0,0,rolling
2024-12-22,841,31330,ABRILAR XAROPE 200ML,0,2.5,3.0,78.55,51.06,0.0,0.0,0.0,0.0,0,rolling
2024-12-23,841,31330,ABRILAR XAROPE 200ML,0,2.5,3.0,78.55,51.06,0.0,0.0,0.0,0.0,0,rolling
2024-12-24,841,31330,ABRILAR XAROPE 200ML,0,2.5,3.0,78.55,51.06,0.0,0.0,0.0,0.0,0,rolling
2024-12-25,841,31330,ABRILAR XAROPE 200ML,0,2.5,3.0,78.55,51.06,0.0,0.0,0.0,0.0,0,rolling
2024-12-26,841,31330,ABRILAR XAROPE 200ML,0,2.5,3.0,78.55,51.06,0.0,0.0,0.0,0.0,0,rolling
2024-12-27,841,31330,ABRILAR XAROPE 200ML,0,2.5,3.0,78.55,51.06,0.0,0.0,0.0,0.0,0,rolling
2024-12-28,841,31330,ABRILAR XAROPE 200ML,0,2.5,3.0,78.55,51.06,0.0,0.0,0.0,0.0,0,rolling
2024-12-29,841,31330,ABRILAR XAROPE 200ML,0,2.5,3.0,78.55,51.06,0.0,0.0,0.0,0.0,0,rolling
2024-12-30,841,31330,ABRILAR XAROPE 200ML,0,2.5,3.0,78.55,51.06,0.0,0.0,0.0,0.0,0,rolling
2024-12-31,841,31330,ABRILAR XAROPE 200ML,0,2.5,3.0,78.55,51.06,0.0,0.0,0.0,0.0,0,rolling
2024-10-01,841,35416,EXPECTAMIN XAROPE 120ML,0,2.5,3.0,24.19,11.26,0.0561,0.1856,0.0,0.0,0,rolling
2024-10-02,841,35416,EXPECTAMIN XAROPE 120ML,0,2.5,3.0,24.19,11.26,0.0561,0.1856,0.0,0.0,0,rolling
2024-10-03,841,35416,EXPECTAMIN XAROPE 120ML,0,2.5,3.0,24.19,11.26,0.1436,0.1856,0.0,0.0,0,rolling
2024-10-04,841,35416,EXPECTAMIN XAROPE 120ML,0,2.5,3.0,24.19,11.26,0.0561,0.1856,0.0,0.0,0,rolling
2024-10-05,841,35416,EXPECTAMIN XAROPE 120ML,0,2.5,3.0,24.19,11.26,0.0561,0.1856,0.0,0.0,0,rolling
2024-10-06,841,35416,EXPECTAMIN XAROPE 120ML,0,2.5,3.0,24.19,11.26,0.0561,0.1856,0.0,0.0,0,rolling
2024-10-07,841,35416,EXPECTAMIN XAROPE 120ML,0,2.5,3.0,24.19,11.26,0.0561,0.1856,0.0,0.0,0,rolling
2024-10-08,841,35416,EXPECTAMIN XAROPE 120ML,0,2.5,3.0,24.19,11.26,0.0561,0.1856,0.0,0.0,0,rolling
2024-10-09,841,35416,EXPECTAMIN XAROPE 120ML,0,2.5,3.0,24.19,11.26,0.0561,0.1856,0.0,0.0,0,rolling
2024-10-10,841,35416,EXPECTAMIN XAROPE 120ML,0,2.5,3.0,24.19,11.26,0.1436,0.1856,0.0,0.0,0,rolling
2024-10-11,841,35416,EXPECTAMIN XAROPE 120ML,0,2.5,3.0,24.19,11.26,0.04,0.1856,0.0,0.0,0,rolling
2024-10-12,841,35416,EXPECTAMIN XAROPE 120ML,0,2.5,3.0,24.19,11.26,0.04,0.1856,0.0,0.0,0,rolling
2024-10-13,841,35416,EXPECTAMIN XAROPE 120ML,0,2.5,3.0,24.19,11.26,0.0,0.1856,0.0,0.0,0,rolling
2024-10-14,841,35416,EXPECTAMIN XAROPE 120ML,0,2.5,3.0,24.19,11.26,0.0,0.1856,0.0,0.0,0,rolling
2024-10-15,841,35416,EXPECTAMIN XAROPE 120ML,0,2.5,3.0,24.19,11.26,0.0,0.1856,0.0,0.0,0,rolling
2024-10-16,841,35416,EXPECTAMIN XAROPE 120ML,0,2.5,3.0,24.19,11.26,0.0,0.1856,0.0,0.0,0,rolling
2024-10-17,841,35416,EXPECTAMIN XAROPE 120ML,0,2.5,3.0,24.19,11.26,0.0875,0.1856,0.0,0.0,0,rolling
2024-10-18,841,35416,EXPECTAMIN XAROPE 120ML,0,2.5,3.0,24.19,11.26,0.0,0.1324,0.0,0.0,0,rolling
2024-10-19,841,35416,EXPECTAMIN XAROPE 120ML,0,2.5,3.0,24.19,11.26,0.0,0.1324,0.0,0.0,0,rolling
2024-10-20,841,35416,EXPECTAMIN XAROPE 120ML,0,2.5,3.0,24.19,11.26,0.0,0.1324,0.0,0.0,0,rolling
2024-10-21,841,35416,EXPECTAMIN XAROPE 120ML,0,2.5,3.0,24.19,11.26,0.0,0.1324,0.0,0.0,0,rolling
2024-10-22,841,35416,EXPECTAMIN XAROPE 120ML,0,2.5,3.0,24.19,11.26,0.0,0.1324,0.0,0.0,0,rolling
2024-10-23,841,35416,EXPECTAMIN XAROPE 120ML,0,2.5,3.0,24.19,11.26,0.0,0.1324,0.0,0.0,0,rolling
2024-10-24,841,35416,EXPECTAMIN XAROPE 120ML,0,2.5,3.0,24.19,11.26,0.0437,0.1324,0.0,0.0,0,rolling
2024-10-25,841,35416,EXPECTAMIN XAROPE 120ML,0,2.5,3.0,24.19,11.26,0.0,0.1324,0.0,0.0,0,rolling
2024-10-26,841,35416,EXPECTAMIN XAROPE 120ML,0,2.5,3.0,24.19,11.26,0.0,0.1324,0.0,0.0,0,rolling
2024-10-27,841,35416,EXPECTAMIN XAROPE 120ML,0,2.5,3.0,24.19,11.26,0.0,0.1324,0.0,0.0,0,rolling
2024-10-28,841,35416,EXPECTAMIN XAROPE 120ML,0,2.5,3.0,24.19,11.26,0.0,0.1324,0.0,0.0,0,rolling
2024-10-29,841,35416,EXPECTAMIN XAROPE 120ML,0,2.5,3.0,24.19,11.26,0.0,0.1324,0.0,0.0,0,rolling
2024-10-30,841,35416,EXPECTAMIN XAROPE 120ML,0,2.5,3.0,24.19,11.26,0.0,0.1324,0.0,0.0,0,rolling
2024-10-31,841,35416,EXPECTAMIN XAROPE 120ML,0,2.5,3.0,24.19,11.26,0.0437,0.1324,0.0,0.0,0,rolling
2024-11-01,841,35416,EXPECTAMIN XAROPE 120ML,0,2.5,3.0,24.19,11.26,0.0,0.1324,0.0,0.0,0,rolling
2024-11-02,841,35416,EXPECTAMIN XAROPE 120ML,0,2.5,3.0,24.19,11.26,0.0,0.1324,0.0,0.0,0,rolling
2024-11-03,841,35416,EXPECTAMIN XAROPE 120ML,0,2.5,3.0,24.19,11.26,0.0,0.1324,0.0,0.0,0,rolling
2024-11-04,841,35416,EXPECTAMIN XAROPE 120ML,0,2.5,3.0,24.19,11.26,0.0,0.1324,0.0,0.0,0,rolling
2024-11-05,841,35416,EXPECTAMIN XAROPE 120ML,0,2.5,3.0,24.19,11.26,0.0,0.1324,0.0,0.0,0,rolling
2024-11-06,841,35416,EXPECTAMIN XAROPE 120ML,0,2.5,3.0,24.19,11.26,0.0,0.1324,0.0,0.0,0,rolling
2024-11-07,841,35416,EXPECTAMIN XAROPE 120ML,0,2.5,3.0,24.19,11.26,0.0437,0.1324,0.0,0.0,0,rolling
2024-11-08,841,35416,EXPECTAMIN XAROPE 120ML,0,2.5,3.0,24.19,11.26,0.0,0.0,0.0,0.0,0,rolling
2024-11-09,841,35416,EXPECTAMIN XAROPE 120ML,0,2.5,3.0,24.19,11.26,0.0,0.0,0.0,0.0,0,rolling
2024-11-10,841,35416,EXPECTAMIN XAROPE 120ML,0,2.5,3.0,24.19,11.26,0.0,0.0,0.0,0.0,0,rolling
2024-11-11,841,35416,EXPECTAMIN XAROPE 120ML,0,2.5,3.0,24.19,11.26,0.0,0.0,0.0,0.0,0,rolling
2024-11-12,841,35416,EXPECTAMIN XAROPE 120ML,0,2.5,3.0,24.19,11.26,0.0,0.0,0.0,0.0,0,rolling
2024-11-13,841,35416,EXPECTAMIN XAROPE 120ML,0,2.5,3.0,24.19,11.26,0.0,0.0,0.0,0.0,0,rolling
2024-11-14,841,35416,EXPECTAMIN XAROPE 120ML,0,2.5,3.0,24.19,11.26,0.0,0.0,0.0,0.0,0,rolling
2024-11-15,841,35416,EXPECTAMIN XAROPE 120ML,0,2.5,3.0,24.19,11.26,0.0,0.0,0.0,0.0,0,rolling
2024-11-16,841,35416,EXPECTAMIN XAROPE 120ML,0,2.5,3.0,24.19,11.26,0.0,0.0,0.0,0.0,0,rolling
2024-11-17,841,35416,EXPECTAMIN XAROPE 120ML,0,2.5,3.0,24.19,11.26,0.0,0.0,0.0,0.0,0,rolling
2024-11-18,841,35416,EXPECTAMIN XAROPE 120ML,0,2.5,3.0,24.19,11.26,0.0,0.0,0.0,0.0,0,rolling
2024-11-19,841,35416,EXPECTAMIN XAROPE 120ML,0,2.5,3.0,24.19,11.26,0.0,0.0,0.0,0.0,0,rolling
2024-11-20,841,35416,EXPECTAMIN XAROPE 120ML,0,2.5,3.0,24.19,11.26,0.0,0.0,0.0,0.0,0,rolling
2024-11-21,841,35416,EXPECTAMIN XAROPE 120ML,0,2.5,3.0,24.19,11.26,0.0,0.0,0.0,0.0,0,rolling
2024-11-22,841,35416,EXPECTAMIN XAROPE 120ML,0,2.5,3.0,24.19,11.26,0.0,0.0,0.0,0.0,0,rolling
2024-11-23,841,35416,EXPECTAMIN XAROPE 120ML,0,2.5,3.0,24.19,11.26,0.0,0.0,0.0,0.0,0,rolling
2024-11-24,841,35416,EXPECTAMIN XAROPE 120ML,0,2.5,3.0,24.19,11.26,0.0,0.0,0.0,0.0,0,rolling
2024-11-25,841,35416,EXPECTAMIN XAROPE 120ML,0,2.5,3.0,24.19,11.26,0.0,0.0,0.0,0.0,0,rolling
2024-11-26,841,35416,EXPECTAMIN XAROPE 120ML,0,2.5,3.0,24.19,11.26,0.0,0.0,0.0,0.0,0,rolling
2024-11-27,841,35416,EXPECTAMIN XAROPE 120ML,0,2.5,3.0,24.19,11.26,0.0,0.0,0.0,0.0,0,rolling
2024-11-28,841,35416,EXPECTAMIN XAROPE 120ML,0,2.5,3.0,24.19,11.26,0.0133,0.0,0.0,0.0,0,rolling
2024-11-29,841,35416,EXPECTAMIN XAROPE 120ML,0,2.5,3.0,24.19,11.26,0.0133,0.0,0.0,0.0,0,rolling
2024-11-30,841,35416,EXPECTAMIN XAROPE 120ML,0,2.5,3.0,24.19,11.26,0.0133,0.0,0.0,0.0,0,rolling
2024-12-01,841,35416,EXPECTAMIN XAROPE 120ML,0,2.5,3.0,24.19,11.26,0.0133,0.0,0.0,0.0,0,rolling
2024-12-02,841,35416,EXPECTAMIN XAROPE 120ML,0,2.5,3.0,24.19,11.26,0.0133,0.0,0.0,0.0,0,rolling
2024-12-03,841,35416,EXPECTAMIN XAROPE 120ML,0,2.5,3.0,24.19,11.26,0.0133,0.0,0.0,0.0,0,rolling
2024-12-04,841,35416,EXPECTAMIN XAROPE 120ML,0,2.5,3.0,24.19,11.26,0.0133,0.0,0.0,0.0,0,rolling
2024-12-05,841,35416,EXPECTAMIN XAROPE 120ML,0,2.5,3.0,24.19,11.26,0.0133,0.0,0.0,0.0,0,rolling
2024-12-06,841,35416,EXPECTAMIN XAROPE 120ML,0,2.5,3.0,24.19,11.26,0.0133,0.0,0.0,0.0,0,rolling
2024-12-07,841,35416,EXPECTAMIN XAROPE 120ML,0,2.5,3.0,24.19,11.26,0.0133,0.0,0.0,0.0,0,rolling
2024-12-08,841,35416,EXPECTAMIN XAROPE 120ML,0,2.5,3.0,24.19,11.26,0.0133,0.0,0.0,0.0,0,rolling
2024-12-09,841,35416,EXPECTAMIN XAROPE 120ML,0,2.5,3.0,24.19,11.26,0.0133,0.0,0.0,0.0,0,rolling
2024-12-10,841,35416,EXPECTAMIN XAROPE 120ML,0,2.5,3.0,24.19,11.26,0.0133,0.0,0.0,0.0,0,rolling
2024-12-11,841,35416,EXPECTAMIN XAROPE 120ML,0,2.5,3.0,24.19,11.26,0.0133,0.0,0.0,0.0,0,rolling
2024-12-12,841,35416,EXPECTAMIN XAROPE 120ML,0,2.5,3.0,24.19,11.26,0.0133,0.0,0.0,0.0,0,rolling
2024-12-13,841,35416,EXPECTAMIN XAROPE 120ML,0,2.5,3.0,24.19,11.26,0.0,0.0,0.0,0.0,0,rolling
2024-12-14,841,35416,EXPECTAMIN XAROPE 120ML,0,2.5,3.0,24.19,11.26,0.0,0.0,0.0,0.0,0,rolling
2024-12-15,841,35416,EXPECTAMIN XAROPE 120ML,0,2.5,3.0,24.19,11.26,0.0,0.0,0.0,0.0,0,rolling
2024-12-16,841,35416,EXPECTAMIN XAROPE 120ML,0,2.5,3.0,24.19,11.26,0.0,0.0,0.0,0.0,0,rolling
2024-12-17,841,35416,EXPECTAMIN XAROPE 120ML,0,2.5,3.0,24.19,11.26,0.0,0.0,0.0,0.0,0,rolling
2024-12-18,841,35416,EXPECTAMIN XAROPE 120ML,0,2.5,3.0,24.19,11.26,0.0,0.0,0.0,0.0,0,rolling
2024-12-19,841,35416,EXPECTAMIN XAROPE 120ML,0,2.5,3.0,24.19,11.26,0.0,0.0,1.0,1.0,0,rolling
2024-12-20,841,35416,EXPECTAMIN XAROPE 120ML,0,2.5,3.0,24.19,11.26,0.0161,0.1324,0.0,0.0,1,rolling
2024-12-21,841,35416,EXPECTAMIN XAROPE 120ML,0,2.5,3.0,24.19,11.26,0.0161,0.1324,0.0,0.0,1,rolling
2024-12-22,841,35416,EXPECTAMIN XAROPE 120ML,0,2.5,3.0,24.19,11.26,0.0161,0.1324,0.0,0.0,0,rolling
2024-12-23,841,35416,EXPECTAMIN XAROPE 120ML,0,2.5,3.0,24.19,11.26,0.0161,0.1324,0.0,0.0,1,rolling
2024-12-24,841,35416,EXPECTAMIN XAROPE 120ML,0,2.5,3.0,24.19,11.26,0.0161,0.1324,0.0,0.0,1,rolling
2024-12-25,841,35416,EXPECTAMIN XAROPE 120ML,0,2.5,3.0,24.19,11.26,0.0161,0.1324,0.0,0.0,1,rolling
2024-12-26,841,35416,EXPECTAMIN XAROPE 120ML,0,2.5,3.0,24.19,11.26,0.0598,0.1324,0.0,0.0,0,rolling
2024-12-27,841,35416,EXPECTAMIN XAROPE 120ML,0,2.5,3.0,24.19,11.26,0.0161,0.1324,0.0,0.0,0,rolling
2024-12-28,841,35416,EXPECTAMIN XAROPE 120ML,0,2.5,3.0,24.19,11.26,0.0161,0.1324,0.0,0.0,0,rolling
2024-12-29,841,35416,EXPECTAMIN XAROPE 120ML,0,2.5,3.0,24.19,11.26,0.0161,0.1324,0.0,0.0,0,rolling
2024-12-30,841,35416,EXPECTAMIN XAROPE 120ML,0,2.5,3.0,24.19,11.26,0.0161,0.1324,0.0,0.0,0,rolling
2024-12-31,841,35416,EXPECTAMIN XAROPE 120ML,0,2.5,3.0,24.19,11.26,0.0161,0.1324,0.0,0.0,0,rolling
2024-10-01,841,35772,EMSEXPECTOR XAROPE 120ML,0,2.5,3.0,23.77,12.57,0.0,0.0,0.0,0.0,0,rolling
2024-10-02,841,35772,EMSEXPECTOR XAROPE 120ML,0,2.5,3.0,23.77,12.57,0.0,0.0,0.0,0.0,0,rolling
2024-10-03,841,35772,EMSEXPECTOR XAROPE 120ML,0,2.5,3.0,23.77,12.57,0.0,0.0,0.0,0.0,0,rolling
2024-10-04,841,35772,EMSEXPECTOR XAROPE 120ML,0,2.5,3.0,23.77,12.57,0.0,0.0,0.0,0.0,0,rolling
2024-10-05,841,35772,EMSEXPECTOR XAROPE 120ML,0,2.5,3.0,23.77,12.57,0.0,0.0,0.0,0.0,0,rolling
2024-10-06,841,35772,EMSEXPECTOR XAROPE 120ML,0,2.5,3.0,23.77,12.57,0.0,0.0,0.0,0.0,0,rolling
2024-10-07,841,35772,EMSEXPECTOR XAROPE 120ML,0,2.5,3.0,23.77,12.57,0.0,0.0,0.0,0.0,0,rolling
2024-10-08,841,35772,EMSEXPECTOR XAROPE 120ML,0,2.5,3.0,23.77,12.57,0.0,0.0,0.0,0.0,0,rolling
2024-10-09,841,35772,EMSEXPECTOR XAROPE 120ML,0,2.5,3.0,23.77,12.57,0.0,0.0,0.0,0.0,0,rolling
2024-10-10,841,35772,EMSEXPECTOR XAROPE 120ML,0,2.5,3.0,23.77,12.57,0.0,0.0,0.0,0.0,0,rolling
2024-10-11,841,35772,EMSEXPECTOR XAROPE 120ML,0,2.5,3.0,23.77,12.57,0.0,0.0,0.0,0.0,0,rolling
2024-10-12,841,35772,EMSEXPECTOR XAROPE 120ML,0,2.5,3.0,23.77,12.57,0.0,0.0,0.0,0.0,0,rolling
2024-10-13,841,35772,EMSEXPECTOR XAROPE 120ML,0,2.5,3.0,23.77,12.57,0.0,0.0,0.0,0.0,0,rolling
2024-10-14,841,35772,EMSEXPECTOR XAROPE 120ML,0,2.5,3.0,23.77,12.57,0.0,0.0,0.0,0.0,0,rolling
2024-10-15,841,35772,EMSEXPECTOR XAROPE 120ML,0,2.5,3.0,23.77,12.57,0.0,0.0,0.0,0.0,0,rolling
2024-10-16,841,35772,EMSEXPECTOR XAROPE 120ML,0,2.5,3.0,23.77,12.57,0.0,0.0,0.0,0.0,0,rolling
2024-10-17,841,35772,EMSEXPECTOR XAROPE 120ML,0,2.5,3.0,23.77,12.57,0.0,0.0,0.0,0.0,0,rolling
2024-10-18,841,35772,EMSEXPECTOR XAROPE 120ML,0,2.5,3.0,23.77,12.57,0.0,0.0,0.0,0.0,0,rolling
2024-10-19,841,35772,EMSEXPECTOR XAROPE 120ML,0,2.5,3.0,23.77,12.57,0.0,0.0,0.0,0.0,0,rolling
2024-10-20,841,35772,EMSEXPECTOR XAROPE 120ML,0,2.5,3.0,23.77,12.57,0.0,0.0,0.0,0.0,0,rolling
2024-10-21,841,35772,EMSEXPECTOR XAROPE 120ML,0,2.5,3.0,23.77,12.57,0.0,0.0,0.0,0.0,0,rolling
2024-10-22,841,35772,EMSEXPECTOR XAROPE 120ML,0,2.5,3.0,23.77,12.57,0.0,0.0,0.0,0.0,0,rolling
2024-10-23,841,35772,EMSEXPECTOR XAROPE 120ML,0,2.5,3.0,23.77,12.57,0.0,0.0,0.0,0.0,0,rolling
2024-10-24,841,35772,EMSEXPECTOR XAROPE 120ML,0,2.5,3.0,23.77,12.57,0.0,0.0,0.0,0.0,0,rolling
2024-10-25,841,35772,EMSEXPECTOR XAROPE 120ML,0,2.5,3.0,23.77,12.57,0.0,0.0,0.0,0.0,0,rolling
2024-10-26,841,35772,EMSEXPECTOR XAROPE 120ML,0,2.5,3.0,23.77,12.57,0.0,0.0,0.0,0.0,0,rolling
2024-10-27,841,35772,EMSEXPECTOR XAROPE 120ML,0,2.5,3.0,23.77,12.57,0.0,0.0,0.0,0.0,0,rolling
2024-10-28,841,35772,EMSEXPECTOR XAROPE 120ML,0,2.5,3.0,23.77,12.57,0.0,0.0,0.0,0.0,0,rolling
2024-10-29,841,35772,EMSEXPECTOR XAROPE 120ML,0,2.5,3.0,23.77,12.57,0.0,0.0,0.0,0.0,0,rolling
2024-10-30,841,35772,EMSEXPECTOR XAROPE 120ML,0,2.5,3.0,23.77,12.57,0.0,0.0,0.0,0.0,0,rolling
2024-10-31,841,35772,EMSEXPECTOR XAROPE 120ML,0,2.5,3.0,23.77,12.57,0.0,0.0,0.0,0.0,0,rolling
2024-11-01,841,35772,EMSEXPECTOR XAROPE 120ML,0,2.5,3.0,23.77,12.57,0.0,0.0,0.0,0.0,0,rolling
2024-11-02,841,35772,EMSEXPECTOR XAROPE 120ML,0,2.5,3.0,23.77,12.57,0.0,0.0,0.0,0.0,0,rolling
2024-11-03,841,35772,EMSEXPECTOR XAROPE 120ML,0,2.5,3.0,23.77,12.57,0.0,0.0,0.0,0.0,0,rolling
2024-11-04,841,35772,EMSEXPECTOR XAROPE 120ML,0,2.5,3.0,23.77,12.57,0.0,0.0,0.0,0.0,0,rolling
2024-11-05,841,35772,EMSEXPECTOR XAROPE 120ML,0,2.5,3.0,23.77,12.57,0.0,0.0,0.0,0.0,0,rolling
2024-11-06,841,35772,EMSEXPECTOR XAROPE 120ML,0,2.5,3.0,23.77,12.57,0.0,0.0,0.0,0.0,0,rolling
2024-11-07,841,35772,EMSEXPECTOR XAROPE 120ML,0,2.5,3.0,23.77,12.57,0.0,0.0,0.0,0.0,0,rolling
2024-11-08,841,35772,EMSEXPECTOR XAROPE 120ML,0,2.5,3.0,23.77,12.57,0.0,0.0,0.0,0.0,0,rolling
2024-11-09,841,35772,EMSEXPECTOR XAROPE 120ML,0,2.5,3.0,23.77,12.57,0.0,0.0,0.0,0.0,0,rolling
2024-11-10,841,35772,EMSEXPECTOR XAROPE 120ML,0,2.5,3.0,23.77,12.57,0.0,0.0,0.0,0.0,0,rolling
2024-11-11,841,35772,EMSEXPECTOR XAROPE 120ML,0,2.5,3.0,23.77,12.57,0.0,0.0,0.0,0.0,0,rolling
2024-11-12,841,35772,EMSEXPECTOR XAROPE 120ML,0,2.5,3.0,23.77,12.57,0.0,0.0,0.0,0.0,0,rolling
2024-11-13,841,35772,EMSEXPECTOR XAROPE 120ML,0,2.5,3.0,23.77,12.57,0.0,0.0,0.0,0.0,0,rolling
2024-11-14,841,35772,EMSEXPECTOR XAROPE 120ML,0,2.5,3.0,23.77,12.57,0.0,0.0,0.0,0.0,0,rolling
2024-11-15,841,35772,EMSEXPECTOR XAROPE 120ML,0,2.5,3.0,23.77,12.57,0.0,0.0,0.0,0.0,0,rolling
2024-11-16,841,35772,EMSEXPECTOR XAROPE 120ML,0,2.5,3.0,23.77,12.57,0.0,0.0,0.0,0.0,0,rolling
2024-11-17,841,35772,EMSEXPECTOR XAROPE 120ML,0,2.5,3.0,23.77,12.57,0.0,0.0,0.0,0.0,0,rolling
2024-11-18,841,35772,EMSEXPECTOR XAROPE 120ML,0,2.5,3.0,23.77,12.57,0.0,0.0,0.0,0.0,0,rolling
2024-11-19,841,35772,EMSEXPECTOR XAROPE 120ML,0,2.5,3.0,23.77,12.57,0.0,0.0,1.0,1.0,0,rolling
2024-11-20,841,35772,EMSEXPECTOR XAROPE 120ML,0,2.5,3.0,23.77,12.57,0.0161,0.1324,0.0,0.0,0,rolling
2024-11-21,841,35772,EMSEXPECTOR XAROPE 120ML,0,2.5,3.0,23.77,12.57,0.0161,0.1324,1.0,1.0,0,rolling
2024-11-22,841,35772,EMSEXPECTOR XAROPE 120ML,0,2.5,3.0,23.77,12.57,0.0321,0.1856,0.0,0.0,1,rolling
2024-11-23,841,35772,EMSEXPECTOR XAROPE 120ML,0,2.5,3.0,23.77,12.57,0.0321,0.1856,0.0,0.0,1,rolling
2024-11-24,841,35772,EMSEXPECTOR XAROPE 120ML,0,2.5,3.0,23.77,12.57,0.0321,0.1856,0.0,0.0,0,rolling
2024-11-25,841,35772,EMSEXPECTOR XAROPE 120ML,0,2.5,3.0,23.77,12.57,0.0321,0.1856,0.0,0.0,1,rolling
2024-11-26,841,35772,EMSEXPECTOR XAROPE 120ML,0,2.5,3.0,23.77,12.57,0.0759,0.1856,0.0,0.0,1,rolling
2024-11-27,841,35772,EMSEXPECTOR XAROPE 120ML,0,2.5,3.0,23.77,12.57,0.0321,0.1856,0.0,0.0,1,rolling
2024-11-28,841,35772,EMSEXPECTOR XAROPE 120ML,0,2.5,3.0,23.77,12.57,0.0759,0.1856,0.0,0.0,0,rolling
2024-11-29,841,35772,EMSEXPECTOR XAROPE 120ML,0,2.5,3.0,23.77,12.57,0.0321,0.1856,0.0,0.0,0,rolling
2024-11-30,841,35772,EMSEXPECTOR XAROPE 120ML,0,2.5,3.0,23.77,12.57,0.0321,0.1856,0.0,0.0,0,rolling
2024-12-01,841,35772,EMSEXPECTOR XAROPE 120ML,0,2.5,3.0,23.77,12.57,0.0321,0.1856,0.0,0.0,0,rolling
2024-12-02,841,35772,EMSEXPECTOR XAROPE 120ML,0,2.5,3.0,23.77,12.57,0.0321,0.1856,0.0,0.0,0,rolling
2024-12-03,841,35772,EMSEXPECTOR XAROPE 120ML,0,2.5,3.0,23.77,12.57,0.0759,0.1856,0.0,0.0,0,rolling
2024-12-04,841,35772,EMSEXPECTOR XAROPE 120ML,0,2.5,3.0,23.77,12.57,0.0321,0.1856,0.0,0.0,0,rolling
2024-12-05,841,35772,EMSEXPECTOR XAROPE 120ML,0,2.5,3.0,23.77,12.57,0.0759,0.1856,0.0,0.0,0,rolling
2024-12-06,841,35772,EMSEXPECTOR XAROPE 120ML,0,2.5,3.0,23.77,12.57,0.0455,0.1856,0.0,0.0,0,rolling
2024-12-07,841,35772,EMSEXPECTOR XAROPE 120ML,0,2.5,3.0,23.77,12.57,0.0455,0.1856,0.0,0.0,0,rolling
2024-12-08,841,35772,EMSEXPECTOR XAROPE 120ML,0,2.5,3.0,23.77,12.57,0.0455,0.1856,0.0,0.0,0,rolling
2024-12-09,841,35772,EMSEXPECTOR XAROPE 120ML,0,2.5,3.0,23.77,12.57,0.0455,0.1856,0.0,0.0,0,rolling
2024-12-10,841,35772,EMSEXPECTOR XAROPE 120ML,0,2.5,3.0,23.77,12.57,0.1026,0.1856,0.0,0.0,0,rolling
2024-12-11,841,35772,EMSEXPECTOR XAROPE 120ML,0,2.5,3.0,23.77,12.57,0.0588,0.1856,0.0,0.0,0,rolling
2024-12-12,841,35772,EMSEXPECTOR XAROPE 120ML,0,2.5,3.0,23.77,12.57,0.1026,0.1856,0.0,0.0,0,rolling
2024-12-13,841,35772,EMSEXPECTOR XAROPE 120ML,0,2.5,3.0,23.77,12.57,0.0588,0.1856,0.0,0.0,0,rolling
2024-12-14,841,35772,EMSEXPECTOR XAROPE 120ML,0,2.5,3.0,23.77,12.57,0.0588,0.1856,0.0,0.0,0,rolling
2024-12-15,841,35772,EMSEXPECTOR XAROPE 120ML,0,2.5,3.0,23.77,12.57,0.0588,0.1856,0.0,0.0,0,rolling
2024-12-16,841,35772,EMSEXPECTOR XAROPE 120ML,0,2.5,3.0,23.77,12.57,0.0588,0.1856,0.0,0.0,0,rolling
2024-12-17,841,35772,EMSEXPECTOR XAROPE 120ML,0,2.5,3.0,23.77,12.57,0.1026,0.1856,0.0,0.0,0,rolling
2024-12-18,841,35772,EMSEXPECTOR XAROPE 120ML,0,2.5,3.0,23.77,12.57,0.0427,0.1856,0.0,0.0,0,rolling
2024-12-19,841,35772,EMSEXPECTOR XAROPE 120ML,0,2.5,3.0,23.77,12.57,0.0865,0.1856,0.0,0.0,0,rolling
2024-12-20,841,35772,EMSEXPECTOR XAROPE 120ML,0,2.5,3.0,23.77,12.57,0.0267,0.1856,0.0,0.0,0,rolling
2024-12-21,841,35772,EMSEXPECTOR XAROPE 120ML,0,2.5,3.0,23.77,12.57,0.0133,0.1856,0.0,0.0,0,rolling
2024-12-22,841,35772,EMSEXPECTOR XAROPE 120ML,0,2.5,3.0,23.77,12.57,0.0133,0.1856,0.0,0.0,0,rolling
2024-12-23,841,35772,EMSEXPECTOR XAROPE 120ML,0,2.5,3.0,23.77,12.57,0.0133,0.1856,0.0,0.0,0,rolling
2024-12-24,841,35772,EMSEXPECTOR XAROPE 120ML,0,2.5,3.0,23.77,12.57,0.0571,0.1856,0.0,0.0,0,rolling
2024-12-25,841,35772,EMSEXPECTOR XAROPE 120ML,0,2.5,3.0,23.77,12.57,0.0,0.1856,0.0,0.0,0,rolling
2024-12-26,841,35772,EMSEXPECTOR XAROPE 120ML,0,2.5,3.0,23.77,12.57,0.0437,0.1856,0.0,0.0,0,rolling
2024-12-27,841,35772,EMSEXPECTOR XAROPE 120ML,0,2.5,3.0,23.77,12.57,0.0,0.1856,0.0,0.0,0,rolling
2024-12-28,841,35772,EMSEXPECTOR XAROPE 120ML,0,2.5,3.0,23.77,12.57,0.0133,0.1856,0.0,0.0,0,rolling
2024-12-29,841,35772,EMSEXPECTOR XAROPE 120ML,0,2.5,3.0,23.77,12.57,0.0133,0.1856,0.0,0.0,0,rolling
2024-12-30,841,35772,EMSEXPECTOR XAROPE 120ML,0,2.5,3.0,23.77,12.57,0.0133,0.1856,0.0,0.0,0,rolling
2024-12-31,841,35772,EMSEXPECTOR XAROPE 120ML,0,2.5,3.0,23.77,12.57,0.0571,0.1856,0.0,0.0,0,rolling
2024-10-01,841,36857,NARIX ADULTO 30ML,0,2.364326375711575,3.0,7.54,2.6,0.04,0.0,0.0,0.0,0,rolling
2024-10-02,841,36857,NARIX ADULTO 30ML,0,2.364326375711575,3.0,7.54,2.6,0.04,0.0,0.0,0.0,0,rolling
2024-10-03,841,36857,NARIX ADULTO 30ML,0,2.364326375711575,3.0,7.54,2.6,0.04,0.0,0.0,0.0,0,rolling
2024-10-04,841,36857,NARIX ADULTO 30ML,0,2.364326375711575,3.0,7.54,2.6,0.04,0.0,0.0,0.0,0,rolling
2024-10-05,841,36857,NARIX ADULTO 30ML,0,2.364326375711575,3.0,7.54,2.6,0.04,0.0,0.0,0.0,0,rolling
2024-10-06,841,36857,NARIX ADULTO 30ML,0,2.364326375711575,3.0,7.54,2.6,0.04,0.0,0.0,0.0,0,rolling
2024-10-07,841,36857,NARIX ADULTO 30ML,0,2.364326375711575,3.0,7.54,2.6,0.04,0.0,0.0,0.0,0,rolling
2024-10-08,841,36857,NARIX ADULTO 30ML,0,2.364326375711575,3.0,7.54,2.6,0.04,0.0,0.0,0.0,0,rolling
2024-10-09,841,36857,NARIX ADULTO 30ML,0,2.364326375711575,3.0,7.54,2.6,0.04,0.0,0.0,0.0,0,rolling
2024-10-10,841,36857,NARIX ADULTO 30ML,0,2.364326375711575,3.0,7.54,2.6,0.04,0.0,0.0,0.0,0,rolling
2024-10-11,841,36857,NARIX ADULTO 30ML,0,2.364326375711575,3.0,7.54,2.6,0.08,0.0,0.0,0.0,0,rolling
2024-10-12,841,36857,NARIX ADULTO 30ML,0,2.364326375711575,3.0,7.54,2.6,0.04,0.0,0.0,0.0,0,rolling
2024-10-13,841,36857,NARIX ADULTO 30ML,0,2.364326375711575,3.0,7.54,2.6,0.04,0.0,0.0,0.0,0,rolling
2024-10-14,841,36857,NARIX ADULTO 30ML,0,2.364326375711575,3.0,7.54,2.6,0.04,0.0,0.0,0.0,0,rolling
2024-10-15,841,36857,NARIX ADULTO 30ML,0,2.364326375711575,3.0,7.54,2.6,0.04,0.0,0.0,0.0,0,rolling
2024-10-16,841,36857,NARIX ADULTO 30ML,0,2.364326375711575,3.0,7.54,2.6,0.04,0.0,0.0,0.0,0,rolling
2024-10-17,841,36857,NARIX ADULTO 30ML,0,2.364326375711575,3.0,7.54,2.6,0.04,0.0,0.0,0.0,0,rolling
2024-10-18,841,36857,NARIX ADULTO 30ML,0,2.364326375711575,3.0,7.54,2.6,0.04,0.0,0.0,0.0,0,rolling
2024-10-19,841,36857,NARIX ADULTO 30ML,0,2.364326375711575,3.0,7.54,2.6,0.04,0.0,0.0,0.0,0,rolling
2024-10-20,841,36857,NARIX ADULTO 30ML,0,2.364326375711575,3.0,7.54,2.6,0.04,0.0,0.0,0.0,0,rolling
2024-10-21,841,36857,NARIX ADULTO 30ML,0,2.364326375711575,3.0,7.54,2.6,0.04,0.0,0.0,0.0,0,rolling
2024-10-22,841,36857,NARIX ADULTO 30ML,0,2.364326375711575,3.0,7.54,2.6,0.04,0.0,0.0,0.0,0,rolling
2024-10-23,841,36857,NARIX ADULTO 30ML,0,2.364326375711575,3.0,7.54,2.6,0.04,0.0,0.0,0.0,0,rolling
2024-10-24,841,36857,NARIX ADULTO 30ML,0,2.364326375711575,3.0,7.54,2.6,0.04,0.0,0.0,0.0,0,rolling
2024-10-25,841,36857,NARIX ADULTO 30ML,0,2.364326375711575,3.0,7.54,2.6,0.04,0.0,0.0,0.0,0,rolling
2024-10-26,841,36857,NARIX ADULTO 30ML,0,2.364326375711575,3.0,7.54,2.6,0.0,0.0,0.0,0.0,0,rolling
2024-10-27,841,36857,NARIX ADULTO 30ML,0,2.364326375711575,3.0,7.54,2.6,0.0,0.0,0.0,0.0,0,rolling
2024-10-28,841,36857,NARIX ADULTO 30ML,0,2.364326375711575,3.0,7.54,2.6,0.0,0.0,0.0,0.0,0,rolling
2024-10-29,841,36857,NARIX ADULTO 30ML,0,2.364326375711575,3.0,7.54,2.6,0.0,0.0,0.0,0.0,0,rolling
2024-10-30,841,36857,NARIX ADULTO 30ML,0,2.364326375711575,3.0,7.54,2.6,0.0,0.0,0.0,0.0,0,rolling
2024-10-31,841,36857,NARIX ADULTO 30ML,0,2.364326375711575,3.0,7.54,2.6,0.0,0.0,0.0,0.0,0,rolling
2024-11-01,841,36857,NARIX ADULTO 30ML,0,2.364326375711575,3.0,7.54,2.6,0.0,0.0,0.0,0.0,0,rolling
2024-11-02,841,36857,NARIX ADULTO 30ML,0,2.364326375711575,3.0,7.54,2.6,0.0,0.0,0.0,0.0,0,rolling
2024-11-03,841,36857,NARIX ADULTO 30ML,0,2.364326375711575,3.0,7.54,2.6,0.0,0.0,0.0,0.0,0,rolling
2024-11-04,841,36857,NARIX ADULTO 30ML,0,2.364326375711575,3.0,7.54,2.6,0.0,0.0,0.0,0.0,0,rolling
2024-11-05,841,36857,NARIX ADULTO 30ML,0,2.364326375711575,3.0,7.54,2.6,0.0,0.0,0.0,0.0,0,rolling
2024-11-06,841,36857,NARIX ADULTO 30ML,0,2.364326375711575,3.0,7.54,2.6,0.0,0.0,0.0,0.0,0,rolling
2024-11-07,841,36857,NARIX ADULTO 30ML,0,2.364326375711575,3.0,7.54,2.6,0.0,0.0,0.0,0.0,0,rolling
2024-11-08,841,36857,NARIX ADULTO 30ML,0,2.364326375711575,3.0,7.54,2.6,0.0,0.0,0.0,0.0,0,rolling
2024-11-09,841,36857,NARIX ADULTO 30ML,0,2.364326375711575,3.0,7.54,2.6,0.0,0.0,0.0,0.0,0,rolling
2024-11-10,841,36857,NARIX ADULTO 30ML,0,2.364326375711575,3.0,7.54,2.6,0.0133,0.0,0.0,0.0,0,rolling
2024-11-11,841,36857,NARIX ADULTO 30ML,0,2.364326375711575,3.0,7.54,2.6,0.0133,0.0,1.0,1.0,0,rolling
2024-11-12,841,36857,NARIX ADULTO 30ML,0,2.364326375711575,3.0,7.54,2.6,0.0294,0.1324,0.0,0.0,0,rolling
2024-11-13,841,36857,NARIX ADULTO 30ML,0,2.364326375711575,3.0,7.54,2.6,0.0294,0.1324,0.0,0.0,0,rolling
2024-11-14,841,36857,NARIX ADULTO 30ML,0,2.364326375711575,3.0,7.54,2.6,0.0294,0.1324,0.0,0.0,0,rolling
2024-11-15,841,36857,NARIX ADULTO 30ML,0,2.364326375711575,3.0,7.54,2.6,0.0294,0.1324,0.0,0.0,0,rolling
2024-11-16,841,36857,NARIX ADULTO 30ML,0,2.364326375711575,3.0,7.54,2.6,0.0294,0.1324,0.0,0.0,0,rolling
2024-11-17,841,36857,NARIX ADULTO 30ML,1,2.364326375711575,3.0,7.54,2.6,0.0695,0.1324,0.0,0.0,0,rolling
2024-11-18,841,36857,NARIX ADULTO 30ML,1,2.364326375711575,3.0,7.54,2.6,0.173,0.1324,0.0,0.0,0,rolling
2024-11-19,841,36857,NARIX ADULTO 30ML,1,2.364326375711575,3.0,7.54,2.6,0.0695,0.1324,0.0,0.0,0,rolling
2024-11-20,841,36857,NARIX ADULTO 30ML,1,2.364326375711575,3.0,7.54,2.6,0.0695,0.1324,0.0,0.0,0,rolling
2024-11-21,841,36857,NARIX ADULTO 30ML,1,2.364326375711575,3.0,7.54,2.6,0.0695,0.1324,2.0,2.0,0,rolling
2024-11-22,841,36857,NARIX ADULTO 30ML,1,2.364326375711575,3.0,7.54,2.6,0.1455,0.294,0.0,0.0,1,rolling
2024-11-23,841,36857,NARIX ADULTO 30ML,0,2.364326375711575,3.0,7.54,2.6,0.0615,0.294,0.0,0.0,1,rolling
2024-11-24,841,36857,NARIX ADULTO 30ML,0,2.364326375711575,3.0,7.54,2.6,0.0615,0.294,0.0,0.0,0,rolling
2024-11-25,841,36857,NARIX ADULTO 30ML,0,2.364326375711575,3.0,7.54,2.6,0.092,0.294,0.0,0.0,0,rolling
2024-11-26,841,36857,NARIX ADULTO 30ML,0,2.364326375711575,3.0,7.54,2.6,0.0482,0.294,0.0,0.0,0,rolling
2024-11-27,841,36857,NARIX ADULTO 30ML,0,2.364326375711575,3.0,7.54,2.6,0.0482,0.294,0.0,0.0,0,rolling
2024-11-28,841,36857,NARIX ADULTO 30ML,0,2.364326375711575,3.0,7.54,2.6,0.1357,0.294,2.0,2.0,0,rolling
2024-11-29,841,36857,NARIX ADULTO 30ML,1,2.364326375711575,3.0,7.54,2.6,0.19,0.3908,0.0,0.0,1,rolling
2024-11-30,841,36857,NARIX ADULTO 30ML,1,2.364326375711575,3.0,7.54,2.6,0.2215,0.3908,0.0,0.0,1,rolling
2024-12-01,841,36857,NARIX ADULTO 30ML,1,2.364326375711575,3.0,7.54,2.6,0.253,0.3908,0.0,0.0,0,rolling
2024-12-02,841,36857,NARIX ADULTO 30ML,0,2.364326375711575,3.0,7.54,2.6,0.1508,0.3908,0.0,0.0,0,rolling
2024-12-03,841,36857,NARIX ADULTO 30ML,0,2.364326375711575,3.0,7.54,2.6,0.107,0.3908,0.0,0.0,0,rolling
2024-12-04,841,36857,NARIX ADULTO 30ML,0,2.364326375711575,3.0,7.54,2.6,0.107,0.3908,0.0,0.0,0,rolling
2024-12-05,841,36857,NARIX ADULTO 30ML,0,2.364326375711575,3.0,7.54,2.6,0.282,0.3908,0.0,0.0,0,rolling
2024-12-06,841,36857,NARIX ADULTO 30ML,0,2.364326375711575,3.0,7.54,2.6,0.107,0.3908,0.0,0.0,0,rolling
2024-12-07,841,36857,NARIX ADULTO 30ML,0,2.364326375711575,3.0,7.54,2.6,0.107,0.3908,0.0,0.0,0,rolling
2024-12-08,841,36857,NARIX ADULTO 30ML,0,2.364326375711575,3.0,7.54,2.6,0.107,0.3908,1.0,1.0,0,rolling
2024-12-09,841,36857,NARIX ADULTO 30ML,0,2.364326375711575,3.0,7.54,2.6,0.1668,0.4088,0.0,0.0,0,rolling
2024-12-10,841,36857,NARIX ADULTO 30ML,0,2.364326375711575,3.0,7.54,2.6,0.107,0.4088,0.0,0.0,0,rolling
2024-12-11,841,36857,NARIX ADULTO 30ML,0,2.364326375711575,3.0,7.54,2.6,0.107,0.4088,0.0,0.0,0,rolling
2024-12-12,841,36857,NARIX ADULTO 30ML,0,2.364326375711575,3.0,7.54,2.6,0.282,0.4088,0.0,0.0,0,rolling
2024-12-13,841,36857,NARIX ADULTO 30ML,0,2.364326375711575,3.0,7.54,2.6,0.107,0.4088,0.0,0.0,0,rolling
2024-12-14,841,36857,NARIX ADULTO 30ML,0,2.364326375711575,3.0,7.54,2.6,0.107,0.4088,0.0,0.0,0,rolling
2024-12-15,841,36857,NARIX ADULTO 30ML,0,2.364326375711575,3.0,7.54,2.6,0.1374,0.4088,0.0,0.0,0,rolling
2024-12-16,841,36857,NARIX ADULTO 30ML,0,2.364326375711575,3.0,7.54,2.6,0.1241,0.4088,0.0,0.0,0,rolling
2024-12-17,841,36857,NARIX ADULTO 30ML,0,2.364326375711575,3.0,7.54,2.6,0.0804,0.4088,0.0,0.0,0,rolling
2024-12-18,841,36857,NARIX ADULTO 30ML,0,2.364326375711575,3.0,7.54,2.6,0.0804,0.4088,0.0,0.0,0,rolling
2024-12-19,841,36857,NARIX ADULTO 30ML,0,2.364326375711575,3.0,7.54,2.6,0.2554,0.4088,0.0,0.0,0,rolling
2024-12-20,841,36857,NARIX ADULTO 30ML,0,2.364326375711575,3.0,7.54,2.6,0.0482,0.4088,0.0,0.0,0,rolling
2024-12-21,841,36857,NARIX ADULTO 30ML,0,2.364326375711575,3.0,7.54,2.6,0.0482,0.4088,0.0,0.0,0,rolling
2024-12-22,841,36857,NARIX ADULTO 30ML,0,2.364326375711575,3.0,7.54,2.6,0.092,0.4088,0.0,0.0,0,rolling
2024-12-23,841,36857,NARIX ADULTO 30ML,0,2.364326375711575,3.0,7.54,2.6,0.092,0.4088,0.0,0.0,0,rolling
2024-12-24,841,36857,NARIX ADULTO 30ML,0,2.364326375711575,3.0,7.54,2.6,0.0482,0.4088,0.0,0.0,0,rolling
2024-12-25,841,36857,NARIX ADULTO 30ML,0,2.364326375711575,3.0,7.54,2.6,0.0482,0.4088,0.0,0.0,0,rolling
2024-12-26,841,36857,NARIX ADULTO 30ML,0,2.364326375711575,3.0,7.54,2.6,0.2232,0.4088,0.0,0.0,0,rolling
2024-12-27,841,36857,NARIX ADULTO 30ML,0,2.364326375711575,3.0,7.54,2.6,0.0161,0.4088,0.0,0.0,0,rolling
2024-12-28,841,36857,NARIX ADULTO 30ML,0,2.364326375711575,3.0,7.54,2.6,0.0161,0.4088,0.0,0.0,0,rolling
2024-12-29,841,36857,NARIX ADULTO 30ML,0,2.364326375711575,3.0,7.54,2.6,0.0598,0.4088,0.0,0.0,0,rolling
2024-12-30,841,36857,NARIX ADULTO 30ML,0,2.364326375711575,3.0,7.54,2.6,0.0598,0.4088,0.0,0.0,0,rolling
2024-12-31,841,36857,NARIX ADULTO 30ML,0,2.364326375711575,3.0,7.54,2.6,0.0161,0.4088,0.0,0.0,0,rolling
2024-10-01,841,42076,HEDRA EXPEC XAROPE 100ML,0,2.5,3.0,21.17,8.35,0.0,0.0,0.0,0.0,0,rolling
2024-10-02,841,42076,HEDRA EXPEC XAROPE 100ML,0,2.5,3.0,21.17,8.35,0.0,0.0,0.0,0.0,0,rolling
2024-10-03,841,42076,HEDRA EXPEC XAROPE 100ML,0,2.5,3.0,21.17,8.35,0.0,0.0,0.0,0.0,0,rolling
2024-10-04,841,42076,HEDRA EXPEC XAROPE 100ML,0,2.5,3.0,21.17,8.35,0.0,0.0,0.0,0.0,0,rolling
2024-10-05,841,42076,HEDRA EXPEC XAROPE 100ML,0,2.5,3.0,21.17,8.35,0.0,0.0,0.0,0.0,0,rolling
2024-10-06,841,42076,HEDRA EXPEC XAROPE 100ML,0,2.5,3.0,21.17,8.35,0.0,0.0,0.0,0.0,0,rolling
2024-10-07,841,42076,HEDRA EXPEC XAROPE 100ML,0,2.5,3.0,21.17,8.35,0.0,0.0,0.0,0.0,0,rolling
2024-10-08,841,42076,HEDRA EXPEC XAROPE 100ML,0,2.5,3.0,21.17,8.35,0.0,0.0,0.0,0.0,0,rolling
2024-10-09,841,42076,HEDRA EXPEC XAROPE 100ML,0,2.5,3.0,21.17,8.35,0.0,0.0,0.0,0.0,0,rolling
2024-10-10,841,42076,HEDRA EXPEC XAROPE 100ML,0,2.5,3.0,21.17,8.35,0.0,0.0,0.0,0.0,0,rolling
2024-10-11,841,42076,HEDRA EXPEC XAROPE 100ML,0,2.5,3.0,21.17,8.35,0.0,0.0,0.0,0.0,0,rolling
2024-10-12,841,42076,HEDRA EXPEC XAROPE 100ML,0,2.5,3.0,21.17,8.35,0.0,0.0,0.0,0.0,0,rolling
2024-10-13,841,42076,HEDRA EXPEC XAROPE 100ML,0,2.5,3.0,21.17,8.35,0.0,0.0,0.0,0.0,0,rolling
2024-10-14,841,42076,HEDRA EXPEC XAROPE 100ML,0,2.5,3.0,21.17,8.35,0.0,0.0,0.0,0.0,0,rolling
2024-10-15,841,42076,HEDRA EXPEC XAROPE 100ML,0,2.5,3.0,21.17,8.35,0.0,0.0,0.0,0.0,0,rolling
2024-10-16,841,42076,HEDRA EXPEC XAROPE 100ML,0,2.5,3.0,21.17,8.35,0.0,0.0,0.0,0.0,0,rolling
2024-10-17,841,42076,HEDRA EXPEC XAROPE 100ML,0,2.5,3.0,21.17,8.35,0.0,0.0,0.0,0.0,0,rolling
2024-10-18,841,42076,HEDRA EXPEC XAROPE 100ML,0,2.5,3.0,21.17,8.35,0.0,0.0,0.0,0.0,0,rolling
2024-10-19,841,42076,HEDRA EXPEC XAROPE 100ML,0,2.5,3.0,21.17,8.35,0.0,0.0,0.0,0.0,0,rolling
2024-10-20,841,42076,HEDRA EXPEC XAROPE 100ML,0,2.5,3.0,21.17,8.35,0.0,0.0,0.0,0.0,0,rolling
2024-10-21,841,42076,HEDRA EXPEC XAROPE 100ML,0,2.5,3.0,21.17,8.35,0.0,0.0,0.0,0.0,0,rolling
2024-10-22,841,42076,HEDRA EXPEC XAROPE 100ML,0,2.5,3.0,21.17,8.35,0.0,0.0,0.0,0.0,0,rolling
2024-10-23,841,42076,HEDRA EXPEC XAROPE 100ML,0,2.5,3.0,21.17,8.35,0.0,0.0,0.0,0.0,0,rolling
2024-10-24,841,42076,HEDRA EXPEC XAROPE 100ML,0,2.5,3.0,21.17,8.35,0.0,0.0,0.0,0.0,0,rolling
2024-10-25,841,42076,HEDRA EXPEC XAROPE 100ML,0,2.5,3.0,21.17,8.35,0.0,0.0,0.0,0.0,0,rolling
2024-10-26,841,42076,HEDRA EXPEC XAROPE 100ML,0,2.5,3.0,21.17,8.35,0.0,0.0,0.0,0.0,0,rolling
2024-10-27,841,42076,HEDRA EXPEC XAROPE 100ML,0,2.5,3.0,21.17,8.35,0.0,0.0,0.0,0.0,0,rolling
2024-10-28,841,42076,HEDRA EXPEC XAROPE 100ML,0,2.5,3.0,21.17,8.35,0.0,0.0,0.0,0.0,0,rolling
2024-10-29,841,42076,HEDRA EXPEC XAROPE 100ML,0,2.5,3.0,21.17,8.35,0.0,0.0,0.0,0.0,0,rolling
2024-10-30,841,42076,HEDRA EXPEC XAROPE 100ML,0,2.5,3.0,21.17,8.35,0.0,0.0,0.0,0.0,0,rolling
2024-10-31,841,42076,HEDRA EXPEC XAROPE 100ML,0,2.5,3.0,21.17,8.35,0.0,0.0,0.0,0.0,0,rolling
2024-11-01,841,42076,HEDRA EXPEC XAROPE 100ML,0,2.5,3.0,21.17,8.35,0.0,0.0,0.0,0.0,0,rolling
2024-11-02,841,42076,HEDRA EXPEC XAROPE 100ML,0,2.5,3.0,21.17,8.35,0.0,0.0,0.0,0.0,0,rolling
2024-11-03,841,42076,HEDRA EXPEC XAROPE 100ML,0,2.5,3.0,21.17,8.35,0.0,0.0,0.0,0.0,0,rolling
2024-11-04,841,42076,HEDRA EXPEC XAROPE 100ML,0,2.5,3.0,21.17,8.35,0.0,0.0,0.0,0.0,0,rolling
2024-11-05,841,42076,HEDRA EXPEC XAROPE 100ML,0,2.5,3.0,21.17,8.35,0.0,0.0,0.0,0.0,0,rolling
2024-11-06,841,42076,HEDRA EXPEC XAROPE 100ML,0,2.5,3.0,21.17,8.35,0.0,0.0,0.0,0.0,0,rolling
2024-11-07,841,42076,HEDRA EXPEC XAROPE 100ML,0,2.5,3.0,21.17,8.35,0.0,0.0,1.0,1.0,0,rolling
2024-11-08,841,42076,HEDRA EXPEC XAROPE 100ML,0,2.5,3.0,21.17,8.35,0.0161,0.1324,0.0,0.0,0,rolling
2024-11-09,841,42076,HEDRA EXPEC XAROPE 100ML,0,2.5,3.0,21.17,8.35,0.0161,0.1324,0.0,0.0,0,rolling
2024-11-10,841,42076,HEDRA EXPEC XAROPE 100ML,0,2.5,3.0,21.17,8.35,0.0161,0.1324,0.0,0.0,0,rolling
2024-11-11,841,42076,HEDRA EXPEC XAROPE 100ML,0,2.5,3.0,21.17,8.35,0.0161,0.1324,0.0,0.0,0,rolling
2024-11-12,841,42076,HEDRA EXPEC XAROPE 100ML,0,2.5,3.0,21.17,8.35,0.0161,0.1324,0.0,0.0,0,rolling
2024-11-13,841,42076,HEDRA EXPEC XAROPE 100ML,0,2.5,3.0,21.17,8.35,0.0161,0.1324,0.0,0.0,0,rolling
2024-11-14,841,42076,HEDRA EXPEC XAROPE 100ML,0,2.5,3.0,21.17,8.35,0.0598,0.1324,0.0,0.0,0,rolling
2024-11-15,841,42076,HEDRA EXPEC XAROPE 100ML,0,2.5,3.0,21.17,8.35,0.0161,0.1324,0.0,0.0,0,rolling
2024-11-16,841,42076,HEDRA EXPEC XAROPE 100ML,0,2.5,3.0,21.17,8.35,0.0161,0.1324,0.0,0.0,0,rolling
2024-11-17,841,42076,HEDRA EXPEC XAROPE 100ML,0,2.5,3.0,21.17,8.35,0.0161,0.1324,0.0,0.0,0,rolling
2024-11-18,841,42076,HEDRA EXPEC XAROPE 100ML,0,2.5,3.0,21.17,8.35,0.0161,0.1324,0.0,0.0,0,rolling
2024-11-19,841,42076,HEDRA EXPEC XAROPE 100ML,0,2.5,3.0,21.17,8.35,0.0161,0.1324,0.0,0.0,0,rolling
2024-11-20,841,42076,HEDRA EXPEC XAROPE 100ML,0,2.5,3.0,21.17,8.35,0.0161,0.1324,0.0,0.0,0,rolling
2024-11-21,841,42076,HEDRA EXPEC XAROPE 100ML,0,2.5,3.0,21.17,8.35,0.0598,0.1324,0.0,0.0,0,rolling
2024-11-22,841,42076,HEDRA EXPEC XAROPE 100ML,0,2.5,3.0,21.17,8.35,0.0161,0.1324,0.0,0.0,0,rolling
2024-11-23,841,42076,HEDRA EXPEC XAROPE 100ML,0,2.5,3.0,21.17,8.35,0.0161,0.1324,0.0,0.0,0,rolling
2024-11-24,841,42076,HEDRA EXPEC XAROPE 100ML,0,2.5,3.0,21.17,8.35,0.0161,0.1324,0.0,0.0,0,rolling
2024-11-25,841,42076,HEDRA EXPEC XAROPE 100ML,0,2.5,3.0,21.17,8.35,0.0161,0.1324,0.0,0.0,0,rolling
2024-11-26,841,42076,HEDRA EXPEC XAROPE 100ML,0,2.5,3.0,21.17,8.35,0.0161,0.1324,0.0,0.0,0,rolling
2024-11-27,841,42076,HEDRA EXPEC XAROPE 100ML,0,2.5,3.0,21.17,8.35,0.0161,0.1324,0.0,0.0,0,rolling
2024-11-28,841,42076,HEDRA EXPEC XAROPE 100ML,0,2.5,3.0,21.17,8.35,0.0598,0.1324,0.0,0.0,0,rolling
2024-11-29,841,42076,HEDRA EXPEC XAROPE 100ML,0,2.5,3.0,21.17,8.35,0.0161,0.1324,0.0,0.0,0,rolling
2024-11-30,841,42076,HEDRA EXPEC XAROPE 100ML,0,2.5,3.0,21.17,8.35,0.0161,0.1324,0.0,0.0,0,rolling
2024-12-01,841,42076,HEDRA EXPEC XAROPE 100ML,0,2.5,3.0,21.17,8.35,0.0161,0.1324,0.0,0.0,0,rolling
2024-12-02,841,42076,HEDRA EXPEC XAROPE 100ML,0,2.5,3.0,21.17,8.35,0.0161,0.1324,0.0,0.0,0,rolling
2024-12-03,841,42076,HEDRA EXPEC XAROPE 100ML,0,2.5,3.0,21.17,8.35,0.0161,0.1324,0.0,0.0,0,rolling
2024-12-04,841,42076,HEDRA EXPEC XAROPE 100ML,0,2.5,3.0,21.17,8.35,0.0161,0.1324,0.0,0.0,0,rolling
2024-12-05,841,42076,HEDRA EXPEC XAROPE 100ML,0,2.5,3.0,21.17,8.35,0.0598,0.1324,0.0,0.0,0,rolling
2024-12-06,841,42076,HEDRA EXPEC XAROPE 100ML,0,2.5,3.0,21.17,8.35,0.0,0.1324,0.0,0.0,0,rolling
2024-12-07,841,42076,HEDRA EXPEC XAROPE 100ML,0,2.5,3.0,21.17,8.35,0.0,0.1324,0.0,0.0,0,rolling
2024-12-08,841,42076,HEDRA EXPEC XAROPE 100ML,0,2.5,3.0,21.17,8.35,0.0,0.1324,0.0,0.0,0,rolling
2024-12-09,841,42076,HEDRA EXPEC XAROPE 100ML,0,2.5,3.0,21.17,8.35,0.0,0.1324,0.0,0.0,0,rolling
2024-12-10,841,42076,HEDRA EXPEC XAROPE 100ML,0,2.5,3.0,21.17,8.35,0.0,0.1324,0.0,0.0,0,rolling
2024-12-11,841,42076,HEDRA EXPEC XAROPE 100ML,0,2.5,3.0,21.17,8.35,0.0,0.1324,0.0,0.0,0,rolling
2024-12-12,841,42076,HEDRA EXPEC XAROPE 100ML,0,2.5,3.0,21.17,8.35,0.0437,0.1324,0.0,0.0,0,rolling
2024-12-13,841,42076,HEDRA EXPEC XAROPE 100ML,0,2.5,3.0,21.17,8.35,0.0,0.1324,0.0,0.0,0,rolling
2024-12-14,841,42076,HEDRA EXPEC XAROPE 100ML,0,2.5,3.0,21.17,8.35,0.0,0.1324,0.0,0.0,0,rolling
2024-12-15,841,42076,HEDRA EXPEC XAROPE 100ML,0,2.5,3.0,21.17,8.35,0.0,0.1324,0.0,0.0,0,rolling
2024-12-16,841,42076,HEDRA EXPEC XAROPE 100ML,0,2.5,3.0,21.17,8.35,0.0,0.1324,0.0,0.0,0,rolling
2024-12-17,841,42076,HEDRA EXPEC XAROPE 100ML,0,2.5,3.0,21.17,8.35,0.0,0.1324,0.0,0.0,0,rolling
2024-12-18,841,42076,HEDRA EXPEC XAROPE 100ML,0,2.5,3.0,21.17,8.35,0.0,0.1324,0.0,0.0,0,rolling
2024-12-19,841,42076,HEDRA EXPEC XAROPE 100ML,0,2.5,3.0,21.17,8.35,0.0437,0.1324,0.0,0.0,0,rolling
2024-12-20,841,42076,HEDRA EXPEC XAROPE 100ML,0,2.5,3.0,21.17,8.35,0.0,0.1324,0.0,0.0,0,rolling
2024-12-21,841,42076,HEDRA EXPEC XAROPE 100ML,0,2.5,3.0,21.17,8.35,0.0,0.1324,0.0,0.0,0,rolling
2024-12-22,841,42076,HEDRA EXPEC XAROPE 100ML,0,2.5,3.0,21.17,8.35,0.0,0.1324,0.0,0.0,0,rolling
2024-12-23,841,42076,HEDRA EXPEC XAROPE 100ML,0,2.5,3.0,21.17,8.35,0.0,0.1324,0.0,0.0,0,rolling
2024-12-24,841,42076,HEDRA EXPEC XAROPE 100ML,0,2.5,3.0,21.17,8.35,0.0,0.1324,0.0,0.0,0,rolling
2024-12-25,841,42076,HEDRA EXPEC XAROPE 100ML,0,2.5,3.0,21.17,8.35,0.0,0.1324,0.0,0.0,0,rolling
2024-12-26,841,42076,HEDRA EXPEC XAROPE 100ML,0,2.5,3.0,21.17,8.35,0.0437,0.1324,0.0,0.0,0,rolling
2024-12-27,841,42076,HEDRA EXPEC XAROPE 100ML,0,2.5,3.0,21.17,8.35,0.0,0.1324,0.0,0.0,0,rolling
2024-12-28,841,42076,HEDRA EXPEC XAROPE 100ML,0,2.5,3.0,21.17,8.35,0.0,0.1324,0.0,0.0,0,rolling
2024-12-29,841,42076,HEDRA EXPEC XAROPE 100ML,0,2.5,3.0,21.17,8.35,0.0,0.1324,0.0,0.0,0,rolling
2024-12-30,841,42076,HEDRA EXPEC XAROPE 100ML,0,2.5,3.0,21.17,8.35,0.0,0.1324,0.0,0.0,0,rolling
2024-12-31,841,42076,HEDRA EXPEC XAROPE 100ML,0,2.5,3.0,21.17,8.35,0.0,0.1324,0.0,0.0,0,rolling
2024-10-01,841,44217,BROMELIN S 100ML,0,2.5,3.0,57.36,32.88,0.0,0.0,0.0,0.0,0,rolling
2024-10-02,841,44217,BROMELIN S 100ML,0,2.5,3.0,57.36,32.88,0.0,0.0,0.0,0.0,0,rolling
2024-10-03,841,44217,BROMELIN S 100ML,0,2.5,3.0,57.36,32.88,0.0,0.0,0.0,0.0,0,rolling
2024-10-04,841,44217,BROMELIN S 100ML,0,2.5,3.0,57.36,32.88,0.0,0.0,0.0,0.0,0,rolling
2024-10-05,841,44217,BROMELIN S 100ML,0,2.5,3.0,57.36,32.88,0.0,0.0,0.0,0.0,0,rolling
2024-10-06,841,44217,BROMELIN S 100ML,0,2.5,3.0,57.36,32.88,0.0,0.0,0.0,0.0,0,rolling
2024-10-07,841,44217,BROMELIN S 100ML,0,2.5,3.0,57.36,32.88,0.0,0.0,0.0,0.0,0,rolling
2024-10-08,841,44217,BROMELIN S 100ML,0,2.5,3.0,57.36,32.88,0.0,0.0,0.0,0.0,0,rolling
2024-10-09,841,44217,BROMELIN S 100ML,0,2.5,3.0,57.36,32.88,0.0,0.0,0.0,0.0,0,rolling
2024-10-10,841,44217,BROMELIN S 100ML,0,2.5,3.0,57.36,32.88,0.0,0.0,0.0,0.0,0,rolling
2024-10-11,841,44217,BROMELIN S 100ML,0,2.5,3.0,57.36,32.88,0.0,0.0,0.0,0.0,0,rolling
2024-10-12,841,44217,BROMELIN S 100ML,0,2.5,3.0,57.36,32.88,0.0,0.0,0.0,0.0,0,rolling
2024-10-13,841,44217,BROMELIN S 100ML,0,2.5,3.0,57.36,32.88,0.0,0.0,0.0,0.0,0,rolling
2024-10-14,841,44217,BROMELIN S 100ML,0,2.5,3.0,57.36,32.88,0.0,0.0,0.0,0.0,0,rolling
2024-10-15,841,44217,BROMELIN S 100ML,0,2.5,3.0,57.36,32.88,0.0,0.0,0.0,0.0,0,rolling
2024-10-16,841,44217,BROMELIN S 100ML,0,2.5,3.0,57.36,32.88,0.0,0.0,0.0,0.0,0,rolling
2024-10-17,841,44217,BROMELIN S 100ML,0,2.5,3.0,57.36,32.88,0.0,0.0,0.0,0.0,0,rolling
2024-10-18,841,44217,BROMELIN S 100ML,0,2.5,3.0,57.36,32.88,0.0,0.0,0.0,0.0,0,rolling
2024-10-19,841,44217,BROMELIN S 100ML,0,2.5,3.0,57.36,32.88,0.0,0.0,0.0,0.0,0,rolling
2024-10-20,841,44217,BROMELIN S 100ML,0,2.5,3.0,57.36,32.88,0.0,0.0,0.0,0.0,0,rolling
2024-10-21,841,44217,BROMELIN S 100ML,0,2.5,3.0,57.36,32.88,0.0,0.0,0.0,0.0,0,rolling
2024-10-22,841,44217,BROMELIN S 100ML,0,2.5,3.0,57.36,32.88,0.0,0.0,0.0,0.0,0,rolling
2024-10-23,841,44217,BROMELIN S 100ML,0,2.5,3.0,57.36,32.88,0.0,0.0,0.0,0.0,0,rolling
2024-10-24,841,44217,BROMELIN S 100ML,0,2.5,3.0,57.36,32.88,0.0,0.0,0.0,0.0,0,rolling
2024-10-25,841,44217,BROMELIN S 100ML,0,2.5,3.0,57.36,32.88,0.0,0.0,0.0,0.0,0,rolling
2024-10-26,841,44217,BROMELIN S 100ML,0,2.5,3.0,57.36,32.88,0.0,0.0,0.0,0.0,0,rolling
2024-10-27,841,44217,BROMELIN S 100ML,0,2.5,3.0,57.36,32.88,0.0,0.0,0.0,0.0,0,rolling
2024-10-28,841,44217,BROMELIN S 100ML,0,2.5,3.0,57.36,32.88,0.0,0.0,0.0,0.0,0,rolling
2024-10-29,841,44217,BROMELIN S 100ML,0,2.5,3.0,57.36,32.88,0.0,0.0,0.0,0.0,0,rolling
2024-10-30,841,44217,BROMELIN S 100ML,0,2.5,3.0,57.36,32.88,0.0,0.0,0.0,0.0,0,rolling
2024-10-31,841,44217,BROMELIN S 100ML,0,2.5,3.0,57.36,32.88,0.0,0.0,0.0,0.0,0,rolling
2024-11-01,841,44217,BROMELIN S 100ML,0,2.5,3.0,57.36,32.88,0.0,0.0,0.0,0.0,0,rolling
2024-11-02,841,44217,BROMELIN S 100ML,0,2.5,3.0,57.36,32.88,0.0,0.0,0.0,0.0,0,rolling
2024-11-03,841,44217,BROMELIN S 100ML,0,2.5,3.0,57.36,32.88,0.0,0.0,0.0,0.0,0,rolling
2024-11-04,841,44217,BROMELIN S 100ML,0,2.5,3.0,57.36,32.88,0.0,0.0,0.0,0.0,0,rolling
2024-11-05,841,44217,BROMELIN S 100ML,0,2.5,3.0,57.36,32.88,0.0,0.0,0.0,0.0,0,rolling
2024-11-06,841,44217,BROMELIN S 100ML,0,2.5,3.0,57.36,32.88,0.0,0.0,0.0,0.0,0,rolling
2024-11-07,841,44217,BROMELIN S 100ML,0,2.5,3.0,57.36,32.88,0.0,0.0,0.0,0.0,0,rolling
2024-11-08,841,44217,BROMELIN S 100ML,0,2.5,3.0,57.36,32.88,0.0,0.0,0.0,0.0,0,rolling
2024-11-09,841,44217,BROMELIN S 100ML,0,2.5,3.0,57.36,32.88,0.0,0.0,0.0,0.0,0,rolling
2024-11-10,841,44217,BROMELIN S 100ML,0,2.5,3.0,57.36,32.88,0.0,0.0,0.0,0.0,0,rolling
2024-11-11,841,44217,BROMELIN S 100ML,0,2.5,3.0,57.36,32.88,0.0,0.0,0.0,0.0,0,rolling
2024-11-12,841,44217,BROMELIN S 100ML,0,2.5,3.0,57.36,32.88,0.0,0.0,0.0,0.0,0,rolling
2024-11-13,841,44217,BROMELIN S 100ML,0,2.5,3.0,57.36,32.88,0.0,0.0,0.0,0.0,0,rolling
2024-11-14,841,44217,BROMELIN S 100ML,0,2.5,3.0,57.36,32.88,0.0,0.0,0.0,0.0,0,rolling
2024-11-15,841,44217,BROMELIN S 100ML,0,2.5,3.0,57.36,32.88,0.0,0.0,0.0,0.0,0,rolling
2024-11-16,841,44217,BROMELIN S 100ML,0,2.5,3.0,57.36,32.88,0.0,0.0,0.0,0.0,0,rolling
2024-11-17,841,44217,BROMELIN S 100ML,0,2.5,3.0,57.36,32.88,0.0,0.0,0.0,0.0,0,rolling
2024-11-18,841,44217,BROMELIN S 100ML,0,2.5,3.0,57.36,32.88,0.0,0.0,0.0,0.0,0,rolling
2024-11-19,841,44217,BROMELIN S 100ML,0,2.5,3.0,57.36,32.88,0.0,0.0,0.0,0.0,0,rolling
2024-11-20,841,44217,BROMELIN S 100ML,0,2.5,3.0,57.36,32.88,0.0,0.0,0.0,0.0,0,rolling
2024-11-21,841,44217,BROMELIN S 100ML,0,2.5,3.0,57.36,32.88,0.0,0.0,0.0,0.0,0,rolling
2024-11-22,841,44217,BROMELIN S 100ML,0,2.5,3.0,57.36,32.88,0.0,0.0,0.0,0.0,0,rolling
2024-11-23,841,44217,BROMELIN S 100ML,0,2.5,3.0,57.36,32.88,0.0,0.0,0.0,0.0,0,rolling
2024-11-24,841,44217,BROMELIN S 100ML,0,2.5,3.0,57.36,32.88,0.0,0.0,0.0,0.0,0,rolling
2024-11-25,841,44217,BROMELIN S 100ML,0,2.5,3.0,57.36,32.88,0.0,0.0,0.0,0.0,0,rolling
2024-11-26,841,44217,BROMELIN S 100ML,0,2.5,3.0,57.36,32.88,0.0,0.0,0.0,0.0,0,rolling
2024-11-27,841,44217,BROMELIN S 100ML,0,2.5,3.0,57.36,32.88,0.0,0.0,0.0,0.0,0,rolling
2024-11-28,841,44217,BROMELIN S 100ML,0,2.5,3.0,57.36,32.88,0.0,0.0,0.0,0.0,0,rolling
2024-11-29,841,44217,BROMELIN S 100ML,0,2.5,3.0,57.36,32.88,0.0,0.0,0.0,0.0,0,rolling
2024-11-30,841,44217,BROMELIN S 100ML,0,2.5,3.0,57.36,32.88,0.0,0.0,0.0,0.0,0,rolling
2024-12-01,841,44217,BROMELIN S 100ML,0,2.5,3.0,57.36,32.88,0.0,0.0,0.0,0.0,0,rolling
2024-12-02,841,44217,BROMELIN S 100ML,0,2.5,3.0,57.36,32.88,0.0,0.0,0.0,0.0,0,rolling
2024-12-03,841,44217,BROMELIN S 100ML,0,2.5,3.0,57.36,32.88,0.0,0.0,0.0,0.0,0,rolling
2024-12-04,841,44217,BROMELIN S 100ML,0,2.5,3.0,57.36,32.88,0.0,0.0,0.0,0.0,0,rolling
2024-12-05,841,44217,BROMELIN S 100ML,0,2.5,3.0,57.36,32.88,0.0,0.0,0.0,0.0,0,rolling
2024-12-06,841,44217,BROMELIN S 100ML,0,2.5,3.0,57.36,32.88,0.0,0.0,0.0,0.0,0,rolling
2024-12-07,841,44217,BROMELIN S 100ML,0,2.5,3.0,57.36,32.88,0.0,0.0,0.0,0.0,0,rolling
2024-12-08,841,44217,BROMELIN S 100ML,0,2.5,3.0,57.36,32.88,0.0,0.0,0.0,0.0,0,rolling
2024-12-09,841,44217,BROMELIN S 100ML,0,2.5,3.0,57.36,32.88,0.0,0.0,0.0,0.0,0,rolling
2024-12-10,841,44217,BROMELIN S 100ML,0,2.5,3.0,57.36,32.88,0.0,0.0,0.0,0.0,0,rolling
2024-12-11,841,44217,BROMELIN S 100ML,0,2.5,3.0,57.36,32.88,0.0,0.0,0.0,0.0,0,rolling
2024-12-12,841,44217,BROMELIN S 100ML,0,2.5,3.0,57.36,32.88,0.0,0.0,0.0,0.0,0,rolling
2024-12-13,841,44217,BROMELIN S 100ML,0,2.5,3.0,57.36,32.88,0.0,0.0,0.0,0.0,0,rolling
2024-12-14,841,44217,BROMELIN S 100ML,0,2.5,3.0,57.36,32.88,0.0,0.0,0.0,0.0,0,rolling
2024-12-15,841,44217,BROMELIN S 100ML,0,2.5,3.0,57.36,32.88,0.0,0.0,0.0,0.0,0,rolling
2024-12-16,841,44217,BROMELIN S 100ML,0,2.5,3.0,57.36,32.88,0.0,0.0,0.0,0.0,0,rolling
2024-12-17,841,44217,BROMELIN S 100ML,0,2.5,3.0,57.36,32.88,0.0,0.0,0.0,0.0,0,rolling
2024-12-18,841,44217,BROMELIN S 100ML,0,2.5,3.0,57.36,32.88,0.0,0.0,0.0,0.0,0,rolling
2024-12-19,841,44217,BROMELIN S 100ML,0,2.5,3.0,57.36,32.88,0.0,0.0,0.0,0.0,0,rolling
2024-12-20,841,44217,BROMELIN S 100ML,0,2.5,3.0,57.36,32.88,0.0,0.0,0.0,0.0,0,rolling
2024-12-21,841,44217,BROMELIN S 100ML,0,2.5,3.0,57.36,32.88,0.0,0.0,0.0,0.0,0,rolling
2024-12-22,841,44217,BROMELIN S 100ML,0,2.5,3.0,57.36,32.88,0.0,0.0,0.0,0.0,0,rolling
2024-12-23,841,44217,BROMELIN S 100ML,0,2.5,3.0,57.36,32.88,0.0,0.0,0.0,0.0,0,rolling
2024-12-24,841,44217,BROMELIN S 100ML,0,2.5,3.0,57.36,32.88,0.0,0.0,0.0,0.0,0,rolling
2024-12-25,841,44217,BROMELIN S 100ML,0,2.5,3.0,57.36,32.88,0.0,0.0,0.0,0.0,0,rolling
2024-12-26,841,44217,BROMELIN S 100ML,0,2.5,3.0,57.36,32.88,0.0,0.0,0.0,0.0,0,rolling
2024-12-27,841,44217,BROMELIN S 100ML,0,2.5,3.0,57.36,32.88,0.0,0.0,0.0,0.0,0,rolling
2024-12-28,841,44217,BROMELIN S 100ML,0,2.5,3.0,57.36,32.88,0.0,0.0,0.0,0.0,0,rolling
2024-12-29,841,44217,BROMELIN S 100ML,0,2.5,3.0,57.36,32.88,0.0,0.0,0.0,0.0,0,rolling
2024-12-30,841,44217,BROMELIN S 100ML,0,2.5,3.0,57.36,32.88,0.0,0.0,0.0,0.0,0,rolling
2024-12-31,841,44217,BROMELIN S 100ML,0,2.5,3.0,57.36,32.88,0.0,0.0,0.0,0.0,0,rolling
2024-10-01,841,48812,ARLIVRY XAROPE CEREJA 100ML,0,2.5,3.0,21.9,7.49,0.0,0.1324,0.0,0.0,0,rolling
2024-10-02,841,48812,ARLIVRY XAROPE CEREJA 100ML,0,2.5,3.0,21.9,7.49,0.0,0.1324,0.0,0.0,0,rolling
2024-10-03,841,48812,ARLIVRY XAROPE CEREJA 100ML,0,2.5,3.0,21.9,7.49,0.0,0.1324,0.0,0.0,0,rolling
2024-10-04,841,48812,ARLIVRY XAROPE CEREJA 100ML,0,2.5,3.0,21.9,7.49,0.0437,0.1324,0.0,0.0,0,rolling
2024-10-05,841,48812,ARLIVRY XAROPE CEREJA 100ML,0,2.5,3.0,21.9,7.49,0.0,0.1324,0.0,0.0,0,rolling
2024-10-06,841,48812,ARLIVRY XAROPE CEREJA 100ML,0,2.5,3.0,21.9,7.49,0.0,0.1324,0.0,0.0,0,rolling
2024-10-07,841,48812,ARLIVRY XAROPE CEREJA 100ML,0,2.5,3.0,21.9,7.49,0.0,0.1324,0.0,0.0,0,rolling
2024-10-08,841,48812,ARLIVRY XAROPE CEREJA 100ML,0,2.5,3.0,21.9,7.49,0.0,0.1324,0.0,0.0,0,rolling
2024-10-09,841,48812,ARLIVRY XAROPE CEREJA 100ML,0,2.5,3.0,21.9,7.49,0.0,0.1324,0.0,0.0,0,rolling
2024-10-10,841,48812,ARLIVRY XAROPE CEREJA 100ML,0,2.5,3.0,21.9,7.49,0.0,0.1324,0.0,0.0,0,rolling
2024-10-11,841,48812,ARLIVRY XAROPE CEREJA 100ML,0,2.5,3.0,21.9,7.49,0.0437,0.1324,0.0,0.0,0,rolling
2024-10-12,841,48812,ARLIVRY XAROPE CEREJA 100ML,0,2.5,3.0,21.9,7.49,0.0,0.1324,0.0,0.0,0,rolling
2024-10-13,841,48812,ARLIVRY XAROPE CEREJA 100ML,0,2.5,3.0,21.9,7.49,0.0,0.1324,0.0,0.0,0,rolling
2024-10-14,841,48812,ARLIVRY XAROPE CEREJA 100ML,0,2.5,3.0,21.9,7.49,0.0,0.1324,0.0,0.0,0,rolling
2024-10-15,841,48812,ARLIVRY XAROPE CEREJA 100ML,0,2.5,3.0,21.9,7.49,0.0,0.1324,0.0,0.0,0,rolling
2024-10-16,841,48812,ARLIVRY XAROPE CEREJA 100ML,0,2.5,3.0,21.9,7.49,0.0,0.1324,0.0,0.0,0,rolling
2024-10-17,841,48812,ARLIVRY XAROPE CEREJA 100ML,0,2.5,3.0,21.9,7.49,0.0,0.1324,0.0,0.0,0,rolling
2024-10-18,841,48812,ARLIVRY XAROPE CEREJA 100ML,0,2.5,3.0,21.9,7.49,0.0437,0.1324,0.0,0.0,0,rolling
2024-10-19,841,48812,ARLIVRY XAROPE CEREJA 100ML,0,2.5,3.0,21.9,7.49,0.0,0.1324,0.0,0.0,0,rolling
2024-10-20,841,48812,ARLIVRY XAROPE CEREJA 100ML,0,2.5,3.0,21.9,7.49,0.0,0.1324,0.0,0.0,0,rolling
2024-10-21,841,48812,ARLIVRY XAROPE CEREJA 100ML,0,2.5,3.0,21.9,7.49,0.0,0.1324,0.0,0.0,0,rolling
2024-10-22,841,48812,ARLIVRY XAROPE CEREJA 100ML,0,2.5,3.0,21.9,7.49,0.0,0.1324,0.0,0.0,0,rolling
2024-10-23,841,48812,ARLIVRY XAROPE CEREJA 100ML,0,2.5,3.0,21.9,7.49,0.0,0.1324,0.0,0.0,0,rolling
2024-10-24,841,48812,ARLIVRY XAROPE CEREJA 100ML,0,2.5,3.0,21.9,7.49,0.0,0.1324,0.0,0.0,0,rolling
2024-10-25,841,48812,ARLIVRY XAROPE CEREJA 100ML,0,2.5,3.0,21.9,7.49,0.0437,0.1324,0.0,0.0,0,rolling
2024-10-26,841,48812,ARLIVRY XAROPE CEREJA 100ML,0,2.5,3.0,21.9,7.49,0.0,0.0,0.0,0.0,0,rolling
2024-10-27,841,48812,ARLIVRY XAROPE CEREJA 100ML,0,2.5,3.0,21.9,7.49,0.0,0.0,0.0,0.0,0,rolling
2024-10-28,841,48812,ARLIVRY XAROPE CEREJA 100ML,0,2.5,3.0,21.9,7.49,0.0,0.0,0.0,0.0,0,rolling
2024-10-29,841,48812,ARLIVRY XAROPE CEREJA 100ML,0,2.5,3.0,21.9,7.49,0.0,0.0,0.0,0.0,0,rolling
2024-10-30,841,48812,ARLIVRY XAROPE CEREJA 100ML,0,2.5,3.0,21.9,7.49,0.0,0.0,0.0,0.0,0,rolling
2024-10-31,841,48812,ARLIVRY XAROPE CEREJA 100ML,0,2.5,3.0,21.9,7.49,0.0,0.0,0.0,0.0,0,rolling
2024-11-01,841,48812,ARLIVRY XAROPE CEREJA 100ML,0,2.5,3.0,21.9,7.49,0.0,0.0,0.0,0.0,0,rolling
2024-11-02,841,48812,ARLIVRY XAROPE CEREJA 100ML,0,2.5,3.0,21.9,7.49,0.0,0.0,0.0,0.0,0,rolling
2024-11-03,841,48812,ARLIVRY XAROPE CEREJA 100ML,0,2.5,3.0,21.9,7.49,0.0,0.0,0.0,0.0,0,rolling
2024-11-04,841,48812,ARLIVRY XAROPE CEREJA 100ML,0,2.5,3.0,21.9,7.49,0.0,0.0,0.0,0.0,0,rolling
2024-11-05,841,48812,ARLIVRY XAROPE CEREJA 100ML,0,2.5,3.0,21.9,7.49,0.0,0.0,0.0,0.0,0,rolling
2024-11-06,841,48812,ARLIVRY XAROPE CEREJA 100ML,0,2.5,3.0,21.9,7.49,0.0,0.0,0.0,0.0,0,rolling
2024-11-07,841,48812,ARLIVRY XAROPE CEREJA 100ML,0,2.5,3.0,21.9,7.49,0.0,0.0,0.0,0.0,0,rolling
2024-11-08,841,48812,ARLIVRY XAROPE CEREJA 100ML,0,2.5,3.0,21.9,7.49,0.0,0.0,0.0,0.0,0,rolling
2024-11-09,841,48812,ARLIVRY XAROPE CEREJA 100ML,0,2.5,3.0,21.9,7.49,0.0,0.0,0.0,0.0,0,rolling
2024-11-10,841,48812,ARLIVRY XAROPE CEREJA 100ML,0,2.5,3.0,21.9,7.49,0.0,0.0,0.0,0.0,0,rolling
2024-11-11,841,48812,ARLIVRY XAROPE CEREJA 100ML,0,2.5,3.0,21.9,7.49,0.0,0.0,0.0,0.0,0,rolling
2024-11-12,841,48812,ARLIVRY XAROPE CEREJA 100ML,0,2.5,3.0,21.9,7.49,0.0,0.0,0.0,0.0,0,rolling
2024-11-13,841,48812,ARLIVRY XAROPE CEREJA 100ML,0,2.5,3.0,21.9,7.49,0.0,0.0,0.0,0.0,0,rolling
2024-11-14,841,48812,ARLIVRY XAROPE CEREJA 100ML,0,2.5,3.0,21.9,7.49,0.0,0.0,0.0,0.0,0,rolling
2024-11-15,841,48812,ARLIVRY XAROPE CEREJA 100ML,0,2.5,3.0,21.9,7.49,0.0,0.0,0.0,0.0,0,rolling
2024-11-16,841,48812,ARLIVRY XAROPE CEREJA 100ML,0,2.5,3.0,21.9,7.49,0.0,0.0,0.0,0.0,0,rolling
2024-11-17,841,48812,ARLIVRY XAROPE CEREJA 100ML,0,2.5,3.0,21.9,7.49,0.0,0.0,0.0,0.0,0,rolling
2024-11-18,841,48812,ARLIVRY XAROPE CEREJA 100ML,0,2.5,3.0,21.9,7.49,0.0,0.0,0.0,0.0,0,rolling
2024-11-19,841,48812,ARLIVRY XAROPE CEREJA 100ML,0,2.5,3.0,21.9,7.49,0.0,0.0,1.0,1.0,0,rolling
2024-11-20,841,48812,ARLIVRY XAROPE CEREJA 100ML,0,2.5,3.0,21.9,7.49,0.0161,0.1324,0.0,0.0,0,rolling
2024-11-21,841,48812,ARLIVRY XAROPE CEREJA 100ML,0,2.5,3.0,21.9,7.49,0.0161,0.1324,0.0,0.0,0,rolling
2024-11-22,841,48812,ARLIVRY XAROPE CEREJA 100ML,0,2.5,3.0,21.9,7.49,0.0161,0.1324,0.0,0.0,1,rolling
2024-11-23,841,48812,ARLIVRY XAROPE CEREJA 100ML,0,2.5,3.0,21.9,7.49,0.0161,0.1324,0.0,0.0,1,rolling
2024-11-24,841,48812,ARLIVRY XAROPE CEREJA 100ML,0,2.5,3.0,21.9,7.49,0.0161,0.1324,0.0,0.0,0,rolling
2024-11-25,841,48812,ARLIVRY XAROPE CEREJA 100ML,0,2.5,3.0,21.9,7.49,0.0161,0.1324,0.0,0.0,0,rolling
2024-11-26,841,48812,ARLIVRY XAROPE CEREJA 100ML,0,2.5,3.0,21.9,7.49,0.0598,0.1324,0.0,0.0,0,rolling
2024-11-27,841,48812,ARLIVRY XAROPE CEREJA 100ML,0,2.5,3.0,21.9,7.49,0.0161,0.1324,0.0,0.0,0,rolling
2024-11-28,841,48812,ARLIVRY XAROPE CEREJA 100ML,0,2.5,3.0,21.9,7.49,0.0161,0.1324,0.0,0.0,0,rolling
2024-11-29,841,48812,ARLIVRY XAROPE CEREJA 100ML,0,2.5,3.0,21.9,7.49,0.0161,0.1324,0.0,0.0,0,rolling
2024-11-30,841,48812,ARLIVRY XAROPE CEREJA 100ML,0,2.5,3.0,21.9,7.49,0.0161,0.1324,0.0,0.0,0,rolling
2024-12-01,841,48812,ARLIVRY XAROPE CEREJA 100ML,0,2.5,3.0,21.9,7.49,0.0161,0.1324,0.0,0.0,0,rolling
2024-12-02,841,48812,ARLIVRY XAROPE CEREJA 100ML,0,2.5,3.0,21.9,7.49,0.0161,0.1324,0.0,0.0,0,rolling
2024-12-03,841,48812,ARLIVRY XAROPE CEREJA 100ML,0,2.5,3.0,21.9,7.49,0.0598,0.1324,0.0,0.0,0,rolling
2024-12-04,841,48812,ARLIVRY XAROPE CEREJA 100ML,0,2.5,3.0,21.9,7.49,0.0161,0.1324,0.0,0.0,0,rolling
2024-12-05,841,48812,ARLIVRY XAROPE CEREJA 100ML,0,2.5,3.0,21.9,7.49,0.0161,0.1324,0.0,0.0,0,rolling
2024-12-06,841,48812,ARLIVRY XAROPE CEREJA 100ML,0,2.5,3.0,21.9,7.49,0.0161,0.1324,0.0,0.0,0,rolling
2024-12-07,841,48812,ARLIVRY XAROPE CEREJA 100ML,0,2.5,3.0,21.9,7.49,0.0161,0.1324,0.0,0.0,0,rolling
2024-12-08,841,48812,ARLIVRY XAROPE CEREJA 100ML,0,2.5,3.0,21.9,7.49,0.0161,0.1324,0.0,0.0,0,rolling
2024-12-09,841,48812,ARLIVRY XAROPE CEREJA 100ML,0,2.5,3.0,21.9,7.49,0.0161,0.1324,0.0,0.0,0,rolling
2024-12-10,841,48812,ARLIVRY XAROPE CEREJA 100ML,0,2.5,3.0,21.9,7.49,0.0598,0.1324,0.0,0.0,0,rolling
2024-12-11,841,48812,ARLIVRY XAROPE CEREJA 100ML,0,2.5,3.0,21.9,7.49,0.0161,0.1324,0.0,0.0,0,rolling
2024-12-12,841,48812,ARLIVRY XAROPE CEREJA 100ML,0,2.5,3.0,21.9,7.49,0.0161,0.1324,0.0,0.0,0,rolling
2024-12-13,841,48812,ARLIVRY XAROPE CEREJA 100ML,0,2.5,3.0,21.9,7.49,0.0161,0.1324,0.0,0.0,0,rolling
2024-12-14,841,48812,ARLIVRY XAROPE CEREJA 100ML,0,2.5,3.0,21.9,7.49,0.0161,0.1324,0.0,0.0,0,rolling
2024-12-15,841,48812,ARLIVRY XAROPE CEREJA 100ML,0,2.5,3.0,21.9,7.49,0.0161,0.1324,0.0,0.0,0,rolling
2024-12-16,841,48812,ARLIVRY XAROPE CEREJA 100ML,0,2.5,3.0,21.9,7.49,0.0161,0.1324,0.0,0.0,0,rolling
2024-12-17,841,48812,ARLIVRY XAROPE CEREJA 100ML,0,2.5,3.0,21.9,7.49,0.0598,0.1324,0.0,0.0,0,rolling
2024-12-18,841,48812,ARLIVRY XAROPE CEREJA 100ML,0,2.5,3.0,21.9,7.49,0.0,0.1324,0.0,0.0,0,rolling
2024-12-19,841,48812,ARLIVRY XAROPE CEREJA 100ML,0,2.5,3.0,21.9,7.49,0.0,0.1324,0.0,0.0,0,rolling
2024-12-20,841,48812,ARLIVRY XAROPE CEREJA 100ML,0,2.5,3.0,21.9,7.49,0.0,0.1324,0.0,0.0,0,rolling
2024-12-21,841,48812,ARLIVRY XAROPE CEREJA 100ML,0,2.5,3.0,21.9,7.49,0.0,0.1324,0.0,0.0,0,rolling
2024-12-22,841,48812,ARLIVRY XAROPE CEREJA 100ML,0,2.5,3.0,21.9,7.49,0.0,0.1324,0.0,0.0,0,rolling
2024-12-23,841,48812,ARLIVRY XAROPE CEREJA 100ML,0,2.5,3.0,21.9,7.49,0.0,0.1324,0.0,0.0,0,rolling
2024-12-24,841,48812,ARLIVRY XAROPE CEREJA 100ML,0,2.5,3.0,21.9,7.49,0.0437,0.1324,0.0,0.0,0,rolling
2024-12-25,841,48812,ARLIVRY XAROPE CEREJA 100ML,0,2.5,3.0,21.9,7.49,0.0,0.1324,0.0,0.0,0,rolling
2024-12-26,841,48812,ARLIVRY XAROPE CEREJA 100ML,0,2.5,3.0,21.9,7.49,0.0,0.1324,0.0,0.0,0,rolling
2024-12-27,841,48812,ARLIVRY XAROPE CEREJA 100ML,0,2.5,3.0,21.9,7.49,0.0,0.1324,0.0,0.0,0,rolling
2024-12-28,841,48812,ARLIVRY XAROPE CEREJA 100ML,0,2.5,3.0,21.9,7.49,0.0,0.1324,0.0,0.0,0,rolling
2024-12-29,841,48812,ARLIVRY XAROPE CEREJA 100ML,0,2.5,3.0,21.9,7.49,0.0,0.1324,0.0,0.0,0,rolling
2024-12-30,841,48812,ARLIVRY XAROPE CEREJA 100ML,0,2.5,3.0,21.9,7.49,0.0,0.1324,0.0,0.0,0,rolling
2024-12-31,841,48812,ARLIVRY XAROPE CEREJA 100ML,0,2.5,3.0,21.9,7.49,0.0437,0.1324,0.0,0.0,0,rolling
2024-10-01,841,48813,ARLIVRY XAROPE MEL 100ML,0,2.5,3.0,27.51,7.49,0.0321,0.2252,0.0,0.0,0,rolling
2024-10-02,841,48813,ARLIVRY XAROPE MEL 100ML,0,2.5,3.0,27.51,7.49,0.0321,0.2252,0.0,0.0,0,rolling
2024-10-03,841,48813,ARLIVRY XAROPE MEL 100ML,0,2.5,3.0,27.51,7.49,0.1196,0.2252,0.0,0.0,0,rolling
2024-10-04,841,48813,ARLIVRY XAROPE MEL 100ML,0,2.5,3.0,27.51,7.49,0.0598,0.2252,0.0,0.0,0,rolling
2024-10-05,841,48813,ARLIVRY XAROPE MEL 100ML,0,2.5,3.0,27.51,7.49,0.0161,0.2252,0.0,0.0,0,rolling
2024-10-06,841,48813,ARLIVRY XAROPE MEL 100ML,0,2.5,3.0,27.51,7.49,0.0161,0.2252,0.0,0.0,0,rolling
2024-10-07,841,48813,ARLIVRY XAROPE MEL 100ML,0,2.5,3.0,27.51,7.49,0.0161,0.2252,1.0,1.0,0,rolling
2024-10-08,841,48813,ARLIVRY XAROPE MEL 100ML,0,2.5,3.0,27.51,7.49,0.0321,0.2575,0.0,0.0,0,rolling
2024-10-09,841,48813,ARLIVRY XAROPE MEL 100ML,0,2.5,3.0,27.51,7.49,0.0321,0.2575,0.0,0.0,0,rolling
2024-10-10,841,48813,ARLIVRY XAROPE MEL 100ML,0,2.5,3.0,27.51,7.49,0.1196,0.2575,0.0,0.0,0,rolling
2024-10-11,841,48813,ARLIVRY XAROPE MEL 100ML,0,2.5,3.0,27.51,7.49,0.0759,0.2575,0.0,0.0,0,rolling
2024-10-12,841,48813,ARLIVRY XAROPE MEL 100ML,0,2.5,3.0,27.51,7.49,0.0161,0.2575,0.0,0.0,0,rolling
2024-10-13,841,48813,ARLIVRY XAROPE MEL 100ML,0,2.5,3.0,27.51,7.49,0.0161,0.2575,0.0,0.0,0,rolling
2024-10-14,841,48813,ARLIVRY XAROPE MEL 100ML,0,2.5,3.0,27.51,7.49,0.0598,0.2575,0.0,0.0,0,rolling
2024-10-15,841,48813,ARLIVRY XAROPE MEL 100ML,0,2.5,3.0,27.51,7.49,0.0161,0.2575,0.0,0.0,0,rolling
2024-10-16,841,48813,ARLIVRY XAROPE MEL 100ML,0,2.5,3.0,27.51,7.49,0.0161,0.2575,0.0,0.0,0,rolling
2024-10-17,841,48813,ARLIVRY XAROPE MEL 100ML,0,2.5,3.0,27.51,7.49,0.1036,0.2575,0.0,0.0,0,rolling
2024-10-18,841,48813,ARLIVRY XAROPE MEL 100ML,0,2.5,3.0,27.51,7.49,0.0598,0.2575,0.0,0.0,0,rolling
2024-10-19,841,48813,ARLIVRY XAROPE MEL 100ML,0,2.5,3.0,27.51,7.49,0.0161,0.2575,0.0,0.0,0,rolling
2024-10-20,841,48813,ARLIVRY XAROPE MEL 100ML,0,2.5,3.0,27.51,7.49,0.0161,0.2575,0.0,0.0,0,rolling
2024-10-21,841,48813,ARLIVRY XAROPE MEL 100ML,0,2.5,3.0,27.51,7.49,0.0598,0.2575,0.0,0.0,0,rolling
2024-10-22,841,48813,ARLIVRY XAROPE MEL 100ML,0,2.5,3.0,27.51,7.49,0.0161,0.2575,0.0,0.0,0,rolling
2024-10-23,841,48813,ARLIVRY XAROPE MEL 100ML,0,2.5,3.0,27.51,7.49,0.0161,0.2575,0.0,0.0,0,rolling
2024-10-24,841,48813,ARLIVRY XAROPE MEL 100ML,0,2.5,3.0,27.51,7.49,0.1036,0.2575,0.0,0.0,0,rolling
2024-10-25,841,48813,ARLIVRY XAROPE MEL 100ML,0,2.5,3.0,27.51,7.49,0.0598,0.2252,0.0,0.0,0,rolling
2024-10-26,841,48813,ARLIVRY XAROPE MEL 100ML,0,2.5,3.0,27.51,7.49,0.0161,0.2252,0.0,0.0,0,rolling
2024-10-27,841,48813,ARLIVRY XAROPE MEL 100ML,0,2.5,3.0,27.51,7.49,0.0161,0.2252,0.0,0.0,0,rolling
2024-10-28,841,48813,ARLIVRY XAROPE MEL 100ML,0,2.5,3.0,27.51,7.49,0.0598,0.2252,0.0,0.0,0,rolling
2024-10-29,841,48813,ARLIVRY XAROPE MEL 100ML,0,2.5,3.0,27.51,7.49,0.0161,0.2252,0.0,0.0,0,rolling
2024-10-30,841,48813,ARLIVRY XAROPE MEL 100ML,0,2.5,3.0,27.51,7.49,0.0161,0.2252,0.0,0.0,0,rolling
2024-10-31,841,48813,ARLIVRY XAROPE MEL 100ML,0,2.5,3.0,27.51,7.49,0.0598,0.2252,0.0,0.0,0,rolling
2024-11-01,841,48813,ARLIVRY XAROPE MEL 100ML,0,2.5,3.0,27.51,7.49,0.0598,0.1856,0.0,0.0,0,rolling
2024-11-02,841,48813,ARLIVRY XAROPE MEL 100ML,0,2.5,3.0,27.51,7.49,0.0161,0.1856,0.0,0.0,0,rolling
2024-11-03,841,48813,ARLIVRY XAROPE MEL 100ML,0,2.5,3.0,27.51,7.49,0.0161,0.1856,0.0,0.0,0,rolling
2024-11-04,841,48813,ARLIVRY XAROPE MEL 100ML,0,2.5,3.0,27.51,7.49,0.0598,0.1856,0.0,0.0,0,rolling
2024-11-05,841,48813,ARLIVRY XAROPE MEL 100ML,0,2.5,3.0,27.51,7.49,0.0,0.1856,0.0,0.0,0,rolling
2024-11-06,841,48813,ARLIVRY XAROPE MEL 100ML,0,2.5,3.0,27.51,7.49,0.0,0.1856,0.0,0.0,0,rolling
2024-11-07,841,48813,ARLIVRY XAROPE MEL 100ML,0,2.5,3.0,27.51,7.49,0.0,0.1856,0.0,0.0,0,rolling
2024-11-08,841,48813,ARLIVRY XAROPE MEL 100ML,0,2.5,3.0,27.51,7.49,0.0437,0.1856,0.0,0.0,0,rolling
2024-11-09,841,48813,ARLIVRY XAROPE MEL 100ML,0,2.5,3.0,27.51,7.49,0.0,0.1324,0.0,0.0,0,rolling
2024-11-10,841,48813,ARLIVRY XAROPE MEL 100ML,0,2.5,3.0,27.51,7.49,0.0,0.1324,0.0,0.0,0,rolling
2024-11-11,841,48813,ARLIVRY XAROPE MEL 100ML,0,2.5,3.0,27.51,7.49,0.0437,0.1324,0.0,0.0,0,rolling
2024-11-12,841,48813,ARLIVRY XAROPE MEL 100ML,0,2.5,3.0,27.51,7.49,0.0,0.1324,0.0,0.0,0,rolling
2024-11-13,841,48813,ARLIVRY XAROPE MEL 100ML,0,2.5,3.0,27.51,7.49,0.0,0.1324,0.0,0.0,0,rolling
2024-11-14,841,48813,ARLIVRY XAROPE MEL 100ML,0,2.5,3.0,27.51,7.49,0.0,0.1324,0.0,0.0,0,rolling
2024-11-15,841,48813,ARLIVRY XAROPE MEL 100ML,0,2.5,3.0,27.51,7.49,0.0,0.1324,0.0,0.0,0,rolling
2024-11-16,841,48813,ARLIVRY XAROPE MEL 100ML,0,2.5,3.0,27.51,7.49,0.0,0.1324,0.0,0.0,0,rolling
2024-11-17,841,48813,ARLIVRY XAROPE MEL 100ML,0,2.5,3.0,27.51,7.49,0.0,0.1324,0.0,0.0,0,rolling
2024-11-18,841,48813,ARLIVRY XAROPE MEL 100ML,0,2.5,3.0,27.51,7.49,0.0437,0.1324,0.0,0.0,0,rolling
2024-11-19,841,48813,ARLIVRY XAROPE MEL 100ML,0,2.5,3.0,27.51,7.49,0.0,0.1324,0.0,0.0,0,rolling
2024-11-20,841,48813,ARLIVRY XAROPE MEL 100ML,0,2.5,3.0,27.51,7.49,0.0,0.1324,0.0,0.0,0,rolling
2024-11-21,841,48813,ARLIVRY XAROPE MEL 100ML,0,2.5,3.0,27.51,7.49,0.0,0.1324,0.0,0.0,0,rolling
2024-11-22,841,48813,ARLIVRY XAROPE MEL 100ML,0,2.5,3.0,27.51,7.49,0.0,0.1324,0.0,0.0,0,rolling
2024-11-23,841,48813,ARLIVRY XAROPE MEL 100ML,0,2.5,3.0,27.51,7.49,0.0,0.1324,0.0,0.0,0,rolling
2024-11-24,841,48813,ARLIVRY XAROPE MEL 100ML,0,2.5,3.0,27.51,7.49,0.0,0.1324,0.0,0.0,0,rolling
2024-11-25,841,48813,ARLIVRY XAROPE MEL 100ML,0,2.5,3.0,27.51,7.49,0.0437,0.1324,0.0,0.0,0,rolling
2024-11-26,841,48813,ARLIVRY XAROPE MEL 100ML,0,2.5,3.0,27.51,7.49,0.0,0.1324,0.0,0.0,0,rolling
2024-11-27,841,48813,ARLIVRY XAROPE MEL 100ML,0,2.5,3.0,27.51,7.49,0.0,0.1324,0.0,0.0,0,rolling
2024-11-28,841,48813,ARLIVRY XAROPE MEL 100ML,0,2.5,3.0,27.51,7.49,0.0,0.1324,0.0,0.0,0,rolling
2024-11-29,841,48813,ARLIVRY XAROPE MEL 100ML,0,2.5,3.0,27.51,7.49,0.0,0.1324,0.0,0.0,0,rolling
2024-11-30,841,48813,ARLIVRY XAROPE MEL 100ML,0,2.5,3.0,27.51,7.49,0.0,0.1324,0.0,0.0,0,rolling
2024-12-01,841,48813,ARLIVRY XAROPE MEL 100ML,0,2.5,3.0,27.51,7.49,0.0,0.1324,0.0,0.0,0,rolling
2024-12-02,841,48813,ARLIVRY XAROPE MEL 100ML,0,2.5,3.0,27.51,7.49,0.0437,0.1324,1.0,1.0,0,rolling
2024-12-03,841,48813,ARLIVRY XAROPE MEL 100ML,0,2.5,3.0,27.51,7.49,0.0161,0.1324,0.0,0.0,0,rolling
2024-12-04,841,48813,ARLIVRY XAROPE MEL 100ML,0,2.5,3.0,27.51,7.49,0.0161,0.1324,0.0,0.0,0,rolling
2024-12-05,841,48813,ARLIVRY XAROPE MEL 100ML,0,2.5,3.0,27.51,7.49,0.0161,0.1324,0.0,0.0,0,rolling
2024-12-06,841,48813,ARLIVRY XAROPE MEL 100ML,0,2.5,3.0,27.51,7.49,0.0161,0.1324,0.0,0.0,0,rolling
2024-12-07,841,48813,ARLIVRY XAROPE MEL 100ML,0,2.5,3.0,27.51,7.49,0.0161,0.1324,0.0,0.0,0,rolling
2024-12-08,841,48813,ARLIVRY XAROPE MEL 100ML,0,2.5,3.0,27.51,7.49,0.0161,0.1324,0.0,0.0,0,rolling
2024-12-09,841,48813,ARLIVRY XAROPE MEL 100ML,0,2.5,3.0,27.51,7.49,0.0598,0.1324,0.0,0.0,0,rolling
2024-12-10,841,48813,ARLIVRY XAROPE MEL 100ML,0,2.5,3.0,27.51,7.49,0.0161,0.1324,0.0,0.0,0,rolling
2024-12-11,841,48813,ARLIVRY XAROPE MEL 100ML,0,2.5,3.0,27.51,7.49,0.0161,0.1324,0.0,0.0,0,rolling
2024-12-12,841,48813,ARLIVRY XAROPE MEL 100ML,0,2.5,3.0,27.51,7.49,0.0161,0.1324,0.0,0.0,0,rolling
2024-12-13,841,48813,ARLIVRY XAROPE MEL 100ML,0,2.5,3.0,27.51,7.49,0.0161,0.1324,0.0,0.0,0,rolling
2024-12-14,841,48813,ARLIVRY XAROPE MEL 100ML,0,2.5,3.0,27.51,7.49,0.0161,0.1324,0.0,0.0,0,rolling
2024-12-15,841,48813,ARLIVRY XAROPE MEL 100ML,0,2.5,3.0,27.51,7.49,0.0161,0.1324,0.0,0.0,0,rolling
2024-12-16,841,48813,ARLIVRY XAROPE MEL 100ML,0,2.5,3.0,27.51,7.49,0.0598,0.1324,0.0,0.0,0,rolling
2024-12-17,841,48813,ARLIVRY XAROPE MEL 100ML,0,2.5,3.0,27.51,7.49,0.0161,0.1324,0.0,0.0,0,rolling
2024-12-18,841,48813,ARLIVRY XAROPE MEL 100ML,0,2.5,3.0,27.51,7.49,0.0161,0.1324,0.0,0.0,0,rolling
2024-12-19,841,48813,ARLIVRY XAROPE MEL 100ML,0,2.5,3.0,27.51,7.49,0.0161,0.1324,0.0,0.0,0,rolling
2024-12-20,841,48813,ARLIVRY XAROPE MEL 100ML,0,2.5,3.0,27.51,7.49,0.0161,0.1324,0.0,0.0,0,rolling
2024-12-21,841,48813,ARLIVRY XAROPE MEL 100ML,0,2.5,3.0,27.51,7.49,0.0161,0.1324,0.0,0.0,0,rolling
2024-12-22,841,48813,ARLIVRY XAROPE MEL 100ML,0,2.5,3.0,27.51,7.49,0.0161,0.1324,0.0,0.0,0,rolling
2024-12-23,841,48813,ARLIVRY XAROPE MEL 100ML,0,2.5,3.0,27.51,7.49,0.0598,0.1324,0.0,0.0,0,rolling
2024-12-24,841,48813,ARLIVRY XAROPE MEL 100ML,0,2.5,3.0,27.51,7.49,0.0161,0.1324,0.0,0.0,0,rolling
2024-12-25,841,48813,ARLIVRY XAROPE MEL 100ML,0,2.5,3.0,27.51,7.49,0.0161,0.1324,0.0,0.0,0,rolling
2024-12-26,841,48813,ARLIVRY XAROPE MEL 100ML,0,2.5,3.0,27.51,7.49,0.0161,0.1324,0.0,0.0,0,rolling
2024-12-27,841,48813,ARLIVRY XAROPE MEL 100ML,0,2.5,3.0,27.51,7.49,0.0161,0.1324,0.0,0.0,0,rolling
2024-12-28,841,48813,ARLIVRY XAROPE MEL 100ML,0,2.5,3.0,27.51,7.49,0.0161,0.1324,0.0,0.0,0,rolling
2024-12-29,841,48813,ARLIVRY XAROPE MEL 100ML,0,2.5,3.0,27.51,7.49,0.0161,0.1324,0.0,0.0,0,rolling
2024-12-30,841,48813,ARLIVRY XAROPE MEL 100ML,0,2.5,3.0,27.51,7.49,0.0598,0.1324,0.0,0.0,0,rolling
2024-12-31,841,48813,ARLIVRY XAROPE MEL 100ML,0,2.5,3.0,27.51,7.49,0.0,0.1324,0.0,0.0,0,rolling
2024-10-01,841,51957,HEDERA CIMED 7MG 100ML,0,2.5,3.0,36.64,7.71,0.0,0.0,0.0,0.0,0,rolling
2024-10-02,841,51957,HEDERA CIMED 7MG 100ML,0,2.5,3.0,36.64,7.71,0.0,0.0,0.0,0.0,0,rolling
2024-10-03,841,51957,HEDERA CIMED 7MG 100ML,0,2.5,3.0,36.64,7.71,0.0,0.0,0.0,0.0,0,rolling
2024-10-04,841,51957,HEDERA CIMED 7MG 100ML,0,2.5,3.0,36.64,7.71,0.0,0.0,0.0,0.0,0,rolling
2024-10-05,841,51957,HEDERA CIMED 7MG 100ML,0,2.5,3.0,36.64,7.71,0.0,0.0,0.0,0.0,0,rolling
2024-10-06,841,51957,HEDERA CIMED 7MG 100ML,0,2.5,3.0,36.64,7.71,0.0,0.0,0.0,0.0,0,rolling
2024-10-07,841,51957,HEDERA CIMED 7MG 100ML,0,2.5,3.0,36.64,7.71,0.0,0.0,0.0,0.0,0,rolling
2024-10-08,841,51957,HEDERA CIMED 7MG 100ML,0,2.5,3.0,36.64,7.71,0.04,0.0,0.0,0.0,0,rolling
2024-10-09,841,51957,HEDERA CIMED 7MG 100ML,0,2.5,3.0,36.64,7.71,0.04,0.0,0.0,0.0,0,rolling
2024-10-10,841,51957,HEDERA CIMED 7MG 100ML,0,2.5,3.0,36.64,7.71,0.04,0.0,0.0,0.0,0,rolling
2024-10-11,841,51957,HEDERA CIMED 7MG 100ML,0,2.5,3.0,36.64,7.71,0.04,0.0,0.0,0.0,0,rolling
2024-10-12,841,51957,HEDERA CIMED 7MG 100ML,0,2.5,3.0,36.64,7.71,0.04,0.0,0.0,0.0,0,rolling
2024-10-13,841,51957,HEDERA CIMED 7MG 100ML,0,2.5,3.0,36.64,7.71,0.04,0.0,0.0,0.0,0,rolling
2024-10-14,841,51957,HEDERA CIMED 7MG 100ML,0,2.5,3.0,36.64,7.71,0.04,0.0,0.0,0.0,0,rolling
2024-10-15,841,51957,HEDERA CIMED 7MG 100ML,0,2.5,3.0,36.64,7.71,0.04,0.0,0.0,0.0,0,rolling
2024-10-16,841,51957,HEDERA CIMED 7MG 100ML,0,2.5,3.0,36.64,7.71,0.04,0.0,0.0,0.0,0,rolling
2024-10-17,841,51957,HEDERA CIMED 7MG 100ML,0,2.5,3.0,36.64,7.71,0.04,0.0,0.0,0.0,0,rolling
2024-10-18,841,51957,HEDERA CIMED 7MG 100ML,0,2.5,3.0,36.64,7.71,0.04,0.0,0.0,0.0,0,rolling
2024-10-19,841,51957,HEDERA CIMED 7MG 100ML,0,2.5,3.0,36.64,7.71,0.04,0.0,0.0,0.0,0,rolling
2024-10-20,841,51957,HEDERA CIMED 7MG 100ML,0,2.5,3.0,36.64,7.71,0.04,0.0,0.0,0.0,0,rolling
2024-10-21,841,51957,HEDERA CIMED 7MG 100ML,0,2.5,3.0,36.64,7.71,0.04,0.0,0.0,0.0,0,rolling
2024-10-22,841,51957,HEDERA CIMED 7MG 100ML,0,2.5,3.0,36.64,7.71,0.04,0.0,0.0,0.0,0,rolling
2024-10-23,841,51957,HEDERA CIMED 7MG 100ML,0,2.5,3.0,36.64,7.71,0.0,0.0,0.0,0.0,0,rolling
2024-10-24,841,51957,HEDERA CIMED 7MG 100ML,0,2.5,3.0,36.64,7.71,0.0,0.0,0.0,0.0,0,rolling
2024-10-25,841,51957,HEDERA CIMED 7MG 100ML,0,2.5,3.0,36.64,7.71,0.0,0.0,0.0,0.0,0,rolling
2024-10-26,841,51957,HEDERA CIMED 7MG 100ML,0,2.5,3.0,36.64,7.71,0.0,0.0,0.0,0.0,0,rolling
2024-10-27,841,51957,HEDERA CIMED 7MG 100ML,0,2.5,3.0,36.64,7.71,0.0,0.0,0.0,0.0,0,rolling
2024-10-28,841,51957,HEDERA CIMED 7MG 100ML,0,2.5,3.0,36.64,7.71,0.0,0.0,0.0,0.0,0,rolling
2024-10-29,841,51957,HEDERA CIMED 7MG 100ML,0,2.5,3.0,36.64,7.71,0.0,0.0,0.0,0.0,0,rolling
2024-10-30,841,51957,HEDERA CIMED 7MG 100ML,0,2.5,3.0,36.64,7.71,0.0,0.0,0.0,0.0,0,rolling
2024-10-31,841,51957,HEDERA CIMED 7MG 100ML,0,2.5,3.0,36.64,7.71,0.0,0.0,0.0,0.0,0,rolling
2024-11-01,841,51957,HEDERA CIMED 7MG 100ML,0,2.5,3.0,36.64,7.71,0.0,0.0,0.0,0.0,0,rolling
2024-11-02,841,51957,HEDERA CIMED 7MG 100ML,0,2.5,3.0,36.64,7.71,0.0,0.0,0.0,0.0,0,rolling
2024-11-03,841,51957,HEDERA CIMED 7MG 100ML,0,2.5,3.0,36.64,7.71,0.0,0.0,0.0,0.0,0,rolling
2024-11-04,841,51957,HEDERA CIMED 7MG 100ML,0,2.5,3.0,36.64,7.71,0.0,0.0,0.0,0.0,0,rolling
2024-11-05,841,51957,HEDERA CIMED 7MG 100ML,0,2.5,3.0,36.64,7.71,0.0,0.0,0.0,0.0,0,rolling
2024-11-06,841,51957,HEDERA CIMED 7MG 100ML,0,2.5,3.0,36.64,7.71,0.0,0.0,0.0,0.0,0,rolling
2024-11-07,841,51957,HEDERA CIMED 7MG 100ML,0,2.5,3.0,36.64,7.71,0.0,0.0,0.0,0.0,0,rolling
2024-11-08,841,51957,HEDERA CIMED 7MG 100ML,0,2.5,3.0,36.64,7.71,0.0,0.0,0.0,0.0,0,rolling
2024-11-09,841,51957,HEDERA CIMED 7MG 100ML,0,2.5,3.0,36.64,7.71,0.0,0.0,0.0,0.0,0,rolling
2024-11-10,841,51957,HEDERA CIMED 7MG 100ML,0,2.5,3.0,36.64,7.71,0.0,0.0,0.0,0.0,0,rolling
2024-11-11,841,51957,HEDERA CIMED 7MG 100ML,0,2.5,3.0,36.64,7.71,0.0,0.0,0.0,0.0,0,rolling
2024-11-12,841,51957,HEDERA CIMED 7MG 100ML,0,2.5,3.0,36.64,7.71,0.0,0.0,0.0,0.0,0,rolling
2024-11-13,841,51957,HEDERA CIMED 7MG 100ML,0,2.5,3.0,36.64,7.71,0.0,0.0,0.0,0.0,0,rolling
2024-11-14,841,51957,HEDERA CIMED 7MG 100ML,0,2.5,3.0,36.64,7.71,0.0,0.0,0.0,0.0,0,rolling
2024-11-15,841,51957,HEDERA CIMED 7MG 100ML,0,2.5,3.0,36.64,7.71,0.0,0.0,0.0,0.0,0,rolling
2024-11-16,841,51957,HEDERA CIMED 7MG 100ML,0,2.5,3.0,36.64,7.71,0.0,0.0,0.0,0.0,0,rolling
2024-11-17,841,51957,HEDERA CIMED 7MG 100ML,0,2.5,3.0,36.64,7.71,0.0,0.0,0.0,0.0,0,rolling
2024-11-18,841,51957,HEDERA CIMED 7MG 100ML,0,2.5,3.0,36.64,7.71,0.0,0.0,0.0,0.0,0,rolling
2024-11-19,841,51957,HEDERA CIMED 7MG 100ML,0,2.5,3.0,36.64,7.71,0.0,0.0,0.0,0.0,0,rolling
2024-11-20,841,51957,HEDERA CIMED 7MG 100ML,0,2.5,3.0,36.64,7.71,0.0,0.0,0.0,0.0,0,rolling
2024-11-21,841,51957,HEDERA CIMED 7MG 100ML,0,2.5,3.0,36.64,7.71,0.0,0.0,0.0,0.0,0,rolling
2024-11-22,841,51957,HEDERA CIMED 7MG 100ML,0,2.5,3.0,36.64,7.71,0.0,0.0,0.0,0.0,0,rolling
2024-11-23,841,51957,HEDERA CIMED 7MG 100ML,0,2.5,3.0,36.64,7.71,0.0,0.0,0.0,0.0,0,rolling
2024-11-24,841,51957,HEDERA CIMED 7MG 100ML,0,2.5,3.0,36.64,7.71,0.0,0.0,0.0,0.0,0,rolling
2024-11-25,841,51957,HEDERA CIMED 7MG 100ML,0,2.5,3.0,36.64,7.71,0.0,0.0,0.0,0.0,0,rolling
2024-11-26,841,51957,HEDERA CIMED 7MG 100ML,0,2.5,3.0,36.64,7.71,0.0,0.0,0.0,0.0,0,rolling
2024-11-27,841,51957,HEDERA CIMED 7MG 100ML,0,2.5,3.0,36.64,7.71,0.0,0.0,0.0,0.0,0,rolling
2024-11-28,841,51957,HEDERA CIMED 7MG 100ML,0,2.5,3.0,36.64,7.71,0.0,0.0,0.0,0.0,0,rolling
2024-11-29,841,51957,HEDERA CIMED 7MG 100ML,0,2.5,3.0,36.64,7.71,0.0,0.0,0.0,0.0,0,rolling
2024-11-30,841,51957,HEDERA CIMED 7MG 100ML,0,2.5,3.0,36.64,7.71,0.0,0.0,0.0,0.0,0,rolling
2024-12-01,841,51957,HEDERA CIMED 7MG 100ML,0,2.5,3.0,36.64,7.71,0.0,0.0,0.0,0.0,0,rolling
2024-12-02,841,51957,HEDERA CIMED 7MG 100ML,0,2.5,3.0,36.64,7.71,0.0,0.0,0.0,0.0,0,rolling
2024-12-03,841,51957,HEDERA CIMED 7MG 100ML,0,2.5,3.0,36.64,7.71,0.0,0.0,0.0,0.0,0,rolling
2024-12-04,841,51957,HEDERA CIMED 7MG 100ML,0,2.5,3.0,36.64,7.71,0.0,0.0,0.0,0.0,0,rolling
2024-12-05,841,51957,HEDERA CIMED 7MG 100ML,0,2.5,3.0,36.64,7.71,0.0,0.0,0.0,0.0,0,rolling
2024-12-06,841,51957,HEDERA CIMED 7MG 100ML,0,2.5,3.0,36.64,7.71,0.0,0.0,0.0,0.0,0,rolling
2024-12-07,841,51957,HEDERA CIMED 7MG 100ML,0,2.5,3.0,36.64,7.71,0.0,0.0,0.0,0.0,0,rolling
2024-12-08,841,51957,HEDERA CIMED 7MG 100ML,0,2.5,3.0,36.64,7.71,0.0,0.0,0.0,0.0,0,rolling
2024-12-09,841,51957,HEDERA CIMED 7MG 100ML,0,2.5,3.0,36.64,7.71,0.0,0.0,0.0,0.0,0,rolling
2024-12-10,841,51957,HEDERA CIMED 7MG 100ML,0,2.5,3.0,36.64,7.71,0.0,0.0,0.0,0.0,0,rolling
2024-12-11,841,51957,HEDERA CIMED 7MG 100ML,0,2.5,3.0,36.64,7.71,0.0,0.0,0.0,0.0,0,rolling
2024-12-12,841,51957,HEDERA CIMED 7MG 100ML,0,2.5,3.0,36.64,7.71,0.0,0.0,0.0,0.0,0,rolling
2024-12-13,841,51957,HEDERA CIMED 7MG 100ML,0,2.5,3.0,36.64,7.71,0.0,0.0,0.0,0.0,0,rolling
2024-12-14,841,51957,HEDERA CIMED 7MG 100ML,0,2.5,3.0,36.64,7.71,0.0,0.0,0.0,0.0,0,rolling
2024-12-15,841,51957,HEDERA CIMED 7MG 100ML,0,2.5,3.0,36.64,7.71,0.0,0.0,0.0,0.0,0,rolling
2024-12-16,841,51957,HEDERA CIMED 7MG 100ML,0,2.5,3.0,36.64,7.71,0.0,0.0,0.0,0.0,0,rolling
2024-12-17,841,51957,HEDERA CIMED 7MG 100ML,0,2.5,3.0,36.64,7.71,0.0,0.0,0.0,0.0,0,rolling
2024-12-18,841,51957,HEDERA CIMED 7MG 100ML,0,2.5,3.0,36.64,7.71,0.0,0.0,0.0,0.0,0,rolling
2024-12-19,841,51957,HEDERA CIMED 7MG 100ML,0,2.5,3.0,36.64,7.71,0.0,0.0,0.0,0.0,0,rolling
2024-12-20,841,51957,HEDERA CIMED 7MG 100ML,0,2.5,3.0,36.64,7.71,0.0,0.0,0.0,0.0,0,rolling
2024-12-21,841,51957,HEDERA CIMED 7MG 100ML,0,2.5,3.0,36.64,7.71,0.0,0.0,0.0,0.0,0,rolling
2024-12-22,841,51957,HEDERA CIMED 7MG 100ML,0,2.5,3.0,36.64,7.71,0.0,0.0,0.0,0.0,0,rolling
2024-12-23,841,51957,HEDERA CIMED 7MG 100ML,0,2.5,3.0,36.64,7.71,0.0,0.0,0.0,0.0,0,rolling
2024-12-24,841,51957,HEDERA CIMED 7MG 100ML,0,2.5,3.0,36.64,7.71,0.0,0.0,0.0,0.0,0,rolling
2024-12-25,841,51957,HEDERA CIMED 7MG 100ML,0,2.5,3.0,36.64,7.71,0.0,0.0,0.0,0.0,0,rolling
2024-12-26,841,51957,HEDERA CIMED 7MG 100ML,0,2.5,3.0,36.64,7.71,0.0,0.0,0.0,0.0,0,rolling
2024-12-27,841,51957,HEDERA CIMED 7MG 100ML,0,2.5,3.0,36.64,7.71,0.0,0.0,0.0,0.0,0,rolling
2024-12-28,841,51957,HEDERA CIMED 7MG 100ML,0,2.5,3.0,36.64,7.71,0.0,0.0,0.0,0.0,0,rolling
2024-12-29,841,51957,HEDERA CIMED 7MG 100ML,0,2.5,3.0,36.64,7.71,0.0,0.0,0.0,0.0,0,rolling
2024-12-30,841,51957,HEDERA CIMED 7MG 100ML,0,2.5,3.0,36.64,7.71,0.0,0.0,0.0,0.0,0,rolling
2024-12-31,841,51957,HEDERA CIMED 7MG 100ML,0,2.5,3.0,36.64,7.71,0.0,0.0,0.0,0.0,0,rolling
2024-10-01,841,5345,NARIDRIN ADULTO 15ML,0,1.7788461538461537,3.0,18.19,5.56,0.0865,0.1856,0.0,0.0,0,rolling
2024-10-02,841,5345,NARIDRIN ADULTO 15ML,0,1.7788461538461537,3.0,18.19,5.56,0.0267,0.1856,0.0,0.0,0,rolling
2024-10-03,841,5345,NARIDRIN ADULTO 15ML,0,1.7788461538461537,3.0,18.19,5.56,0.0267,0.1856,0.0,0.0,0,rolling
2024-10-04,841,5345,NARIDRIN ADULTO 15ML,0,1.7788461538461537,3.0,18.19,5.56,0.0267,0.1856,0.0,0.0,0,rolling
2024-10-05,841,5345,NARIDRIN ADULTO 15ML,0,1.7788461538461537,3.0,18.19,5.56,0.0267,0.1856,0.0,0.0,0,rolling
2024-10-06,841,5345,NARIDRIN ADULTO 15ML,0,1.7788461538461537,3.0,18.19,5.56,0.0838,0.1856,0.0,0.0,0,rolling
2024-10-07,841,5345,NARIDRIN ADULTO 15ML,0,1.7788461538461537,3.0,18.19,5.56,0.04,0.1324,0.0,0.0,0,rolling
2024-10-08,841,5345,NARIDRIN ADULTO 15ML,0,1.7788461538461537,3.0,18.19,5.56,0.0838,0.1324,0.0,0.0,0,rolling
2024-10-09,841,5345,NARIDRIN ADULTO 15ML,0,1.7788461538461537,3.0,18.19,5.56,0.04,0.1324,0.0,0.0,0,rolling
2024-10-10,841,5345,NARIDRIN ADULTO 15ML,0,1.7788461538461537,3.0,18.19,5.56,0.04,0.1324,0.0,0.0,0,rolling
2024-10-11,841,5345,NARIDRIN ADULTO 15ML,0,1.7788461538461537,3.0,18.19,5.56,0.04,0.1324,0.0,0.0,0,rolling
2024-10-12,841,5345,NARIDRIN ADULTO 15ML,0,1.7788461538461537,3.0,18.19,5.56,0.04,0.1324,0.0,0.0,0,rolling
2024-10-13,841,5345,NARIDRIN ADULTO 15ML,0,1.7788461538461537,3.0,18.19,5.56,0.04,0.1324,1.0,1.0,0,rolling
2024-10-14,841,5345,NARIDRIN ADULTO 15ML,0,1.7788461538461537,3.0,18.19,5.56,0.0561,0.1856,0.0,0.0,0,rolling
2024-10-15,841,5345,NARIDRIN ADULTO 15ML,0,1.7788461538461537,3.0,18.19,5.56,0.0998,0.1856,0.0,0.0,0,rolling
2024-10-16,841,5345,NARIDRIN ADULTO 15ML,0,1.7788461538461537,3.0,18.19,5.56,0.0561,0.1856,0.0,0.0,0,rolling
2024-10-17,841,5345,NARIDRIN ADULTO 15ML,0,1.7788461538461537,3.0,18.19,5.56,0.0561,0.1856,0.0,0.0,0,rolling
2024-10-18,841,5345,NARIDRIN ADULTO 15ML,0,1.7788461538461537,3.0,18.19,5.56,0.0561,0.1856,0.0,0.0,0,rolling
2024-10-19,841,5345,NARIDRIN ADULTO 15ML,0,1.7788461538461537,3.0,18.19,5.56,0.0561,0.1856,0.0,0.0,0,rolling
2024-10-20,841,5345,NARIDRIN ADULTO 15ML,0,1.7788461538461537,3.0,18.19,5.56,0.0998,0.1856,0.0,0.0,0,rolling
2024-10-21,841,5345,NARIDRIN ADULTO 15ML,0,1.7788461538461537,3.0,18.19,5.56,0.0161,0.1856,1.0,1.0,0,rolling
2024-10-22,841,5345,NARIDRIN ADULTO 15ML,0,1.7788461538461537,3.0,18.19,5.56,0.0759,0.2252,0.0,0.0,0,rolling
2024-10-23,841,5345,NARIDRIN ADULTO 15ML,0,1.7788461538461537,3.0,18.19,5.56,0.0321,0.2252,0.0,0.0,0,rolling
2024-10-24,841,5345,NARIDRIN ADULTO 15ML,0,1.7788461538461537,3.0,18.19,5.56,0.0321,0.2252,0.0,0.0,0,rolling
2024-10-25,841,5345,NARIDRIN ADULTO 15ML,0,1.7788461538461537,3.0,18.19,5.56,0.0321,0.2252,1.0,1.0,0,rolling
2024-10-26,841,5345,NARIDRIN ADULTO 15ML,0,1.7788461538461537,3.0,18.19,5.56,0.0615,0.2575,0.0,0.0,0,rolling
2024-10-27,841,5345,NARIDRIN ADULTO 15ML,0,1.7788461538461537,3.0,18.19,5.56,0.1053,0.2575,0.0,0.0,0,rolling
2024-10-28,841,5345,NARIDRIN ADULTO 15ML,0,1.7788461538461537,3.0,18.19,5.56,0.1053,0.2575,0.0,0.0,0,rolling
2024-10-29,841,5345,NARIDRIN ADULTO 15ML,0,1.7788461538461537,3.0,18.19,5.56,0.1053,0.2575,0.0,0.0,0,rolling
2024-10-30,841,5345,NARIDRIN ADULTO 15ML,0,1.7788461538461537,3.0,18.19,5.56,0.0615,0.2252,0.0,0.0,0,rolling
2024-10-31,841,5345,NARIDRIN ADULTO 15ML,0,1.7788461538461537,3.0,18.19,5.56,0.0615,0.2252,0.0,0.0,0,rolling
2024-11-01,841,5345,NARIDRIN ADULTO 15ML,0,1.7788461538461537,3.0,18.19,5.56,0.1053,0.2252,0.0,0.0,0,rolling
2024-11-02,841,5345,NARIDRIN ADULTO 15ML,0,1.7788461538461537,3.0,18.19,5.56,0.0615,0.2252,0.0,0.0,0,rolling
2024-11-03,841,5345,NARIDRIN ADULTO 15ML,0,1.7788461538461537,3.0,18.19,5.56,0.1053,0.2252,0.0,0.0,0,rolling
2024-11-04,841,5345,NARIDRIN ADULTO 15ML,0,1.7788461538461537,3.0,18.19,5.56,0.1053,0.2252,0.0,0.0,0,rolling
2024-11-05,841,5345,NARIDRIN ADULTO 15ML,0,1.7788461538461537,3.0,18.19,5.56,0.0615,0.2252,0.0,0.0,0,rolling
2024-11-06,841,5345,NARIDRIN ADULTO 15ML,0,1.7788461538461537,3.0,18.19,5.56,0.0615,0.2252,0.0,0.0,0,rolling
2024-11-07,841,5345,NARIDRIN ADULTO 15ML,0,1.7788461538461537,3.0,18.19,5.56,0.0615,0.2252,0.0,0.0,0,rolling
2024-11-08,841,5345,NARIDRIN ADULTO 15ML,0,1.7788461538461537,3.0,18.19,5.56,0.1053,0.2252,0.0,0.0,0,rolling
2024-11-09,841,5345,NARIDRIN ADULTO 15ML,0,1.7788461538461537,3.0,18.19,5.56,0.0615,0.2252,0.0,0.0,0,rolling
2024-11-10,841,5345,NARIDRIN ADULTO 15ML,0,1.7788461538461537,3.0,18.19,5.56,0.092,0.2252,0.0,0.0,0,rolling
2024-11-11,841,5345,NARIDRIN ADULTO 15ML,0,1.7788461538461537,3.0,18.19,5.56,0.0759,0.2252,0.0,0.0,0,rolling
2024-11-12,841,5345,NARIDRIN ADULTO 15ML,0,1.7788461538461537,3.0,18.19,5.56,0.0321,0.2252,0.0,0.0,0,rolling
2024-11-13,841,5345,NARIDRIN ADULTO 15ML,0,1.7788461538461537,3.0,18.19,5.56,0.0321,0.2252,0.0,0.0,0,rolling
2024-11-14,841,5345,NARIDRIN ADULTO 15ML,0,1.7788461538461537,3.0,18.19,5.56,0.0321,0.2252,0.0,0.0,0,rolling
2024-11-15,841,5345,NARIDRIN ADULTO 15ML,0,1.7788461538461537,3.0,18.19,5.56,0.0759,0.2252,0.0,0.0,0,rolling
2024-11-16,841,5345,NARIDRIN ADULTO 15ML,0,1.7788461538461537,3.0,18.19,5.56,0.0321,0.2252,0.0,0.0,0,rolling
2024-11-17,841,5345,NARIDRIN ADULTO 15ML,0,1.7788461538461537,3.0,18.19,5.56,0.0759,0.2252,0.0,0.0,0,rolling
2024-11-18,841,5345,NARIDRIN ADULTO 15ML,0,1.7788461538461537,3.0,18.19,5.56,0.0759,0.2252,0.0,0.0,0,rolling
2024-11-19,841,5345,NARIDRIN ADULTO 15ML,0,1.7788461538461537,3.0,18.19,5.56,0.0161,0.2252,0.0,0.0,0,rolling
2024-11-20,841,5345,NARIDRIN ADULTO 15ML,0,1.7788461538461537,3.0,18.19,5.56,0.0161,0.2252,0.0,0.0,0,rolling
2024-11-21,841,5345,NARIDRIN ADULTO 15ML,0,1.7788461538461537,3.0,18.19,5.56,0.0161,0.2252,0.0,0.0,0,rolling
2024-11-22,841,5345,NARIDRIN ADULTO 15ML,0,1.7788461538461537,3.0,18.19,5.56,0.0598,0.2252,0.0,0.0,0,rolling
2024-11-23,841,5345,NARIDRIN ADULTO 15ML,0,1.7788461538461537,3.0,18.19,5.56,0.0133,0.2252,0.0,0.0,0,rolling
2024-11-24,841,5345,NARIDRIN ADULTO 15ML,0,1.7788461538461537,3.0,18.19,5.56,0.0571,0.2252,1.0,1.0,0,rolling
2024-11-25,841,5345,NARIDRIN ADULTO 15ML,0,1.7788461538461537,3.0,18.19,5.56,0.0732,0.2575,0.0,0.0,0,rolling
2024-11-26,841,5345,NARIDRIN ADULTO 15ML,0,1.7788461538461537,3.0,18.19,5.56,0.0294,0.2575,0.0,0.0,0,rolling
2024-11-27,841,5345,NARIDRIN ADULTO 15ML,0,1.7788461538461537,3.0,18.19,5.56,0.0294,0.2575,0.0,0.0,0,rolling
2024-11-28,841,5345,NARIDRIN ADULTO 15ML,0,1.7788461538461537,3.0,18.19,5.56,0.0294,0.2575,0.0,0.0,0,rolling
2024-11-29,841,5345,NARIDRIN ADULTO 15ML,0,1.7788461538461537,3.0,18.19,5.56,0.0732,0.2575,0.0,0.0,0,rolling
2024-11-30,841,5345,NARIDRIN ADULTO 15ML,0,1.7788461538461537,3.0,18.19,5.56,0.0294,0.2575,0.0,0.0,0,rolling
2024-12-01,841,5345,NARIDRIN ADULTO 15ML,0,1.7788461538461537,3.0,18.19,5.56,0.1169,0.2575,0.0,0.0,0,rolling
2024-12-02,841,5345,NARIDRIN ADULTO 15ML,0,1.7788461538461537,3.0,18.19,5.56,0.0732,0.2575,0.0,0.0,0,rolling
2024-12-03,841,5345,NARIDRIN ADULTO 15ML,0,1.7788461538461537,3.0,18.19,5.56,0.0294,0.2575,0.0,0.0,0,rolling
2024-12-04,841,5345,NARIDRIN ADULTO 15ML,0,1.7788461538461537,3.0,18.19,5.56,0.0294,0.2575,0.0,0.0,0,rolling
2024-12-05,841,5345,NARIDRIN ADULTO 15ML,0,1.7788461538461537,3.0,18.19,5.56,0.0294,0.2575,0.0,0.0,0,rolling
2024-12-06,841,5345,NARIDRIN ADULTO 15ML,0,1.7788461538461537,3.0,18.19,5.56,0.0732,0.2575,0.0,0.0,0,rolling
2024-12-07,841,5345,NARIDRIN ADULTO 15ML,0,1.7788461538461537,3.0,18.19,5.56,0.0294,0.2575,0.0,0.0,0,rolling
2024-12-08,841,5345,NARIDRIN ADULTO 15ML,0,1.7788461538461537,3.0,18.19,5.56,0.1036,0.2575,0.0,0.0,0,rolling
2024-12-09,841,5345,NARIDRIN ADULTO 15ML,0,1.7788461538461537,3.0,18.19,5.56,0.0598,0.2252,0.0,0.0,0,rolling
2024-12-10,841,5345,NARIDRIN ADULTO 15ML,0,1.7788461538461537,3.0,18.19,5.56,0.0161,0.2252,0.0,0.0,0,rolling
2024-12-11,841,5345,NARIDRIN ADULTO 15ML,0,1.7788461538461537,3.0,18.19,5.56,0.0161,0.2252,1.0,1.0,0,rolling
2024-12-12,841,5345,NARIDRIN ADULTO 15ML,0,1.7788461538461537,3.0,18.19,5.56,0.0321,0.2575,0.0,0.0,0,rolling
2024-12-13,841,5345,NARIDRIN ADULTO 15ML,0,1.7788461538461537,3.0,18.19,5.56,0.0759,0.2575,0.0,0.0,0,rolling
2024-12-14,841,5345,NARIDRIN ADULTO 15ML,0,1.7788461538461537,3.0,18.19,5.56,0.0321,0.2575,0.0,0.0,0,rolling
2024-12-15,841,5345,NARIDRIN ADULTO 15ML,0,1.7788461538461537,3.0,18.19,5.56,0.0759,0.2575,0.0,0.0,0,rolling
2024-12-16,841,5345,NARIDRIN ADULTO 15ML,0,1.7788461538461537,3.0,18.19,5.56,0.0759,0.2575,0.0,0.0,0,rolling
2024-12-17,841,5345,NARIDRIN ADULTO 15ML,0,1.7788461538461537,3.0,18.19,5.56,0.0321,0.2252,0.0,0.0,0,rolling
2024-12-18,841,5345,NARIDRIN ADULTO 15ML,0,1.7788461538461537,3.0,18.19,5.56,0.0759,0.2252,0.0,0.0,0,rolling
2024-12-19,841,5345,NARIDRIN ADULTO 15ML,0,1.7788461538461537,3.0,18.19,5.56,0.0321,0.2252,0.0,0.0,0,rolling
2024-12-20,841,5345,NARIDRIN ADULTO 15ML,0,1.7788461538461537,3.0,18.19,5.56,0.0759,0.2252,1.0,1.0,0,rolling
2024-12-21,841,5345,NARIDRIN ADULTO 15ML,0,1.7788461538461537,3.0,18.19,5.56,0.0482,0.2252,0.0,0.0,0,rolling
2024-12-22,841,5345,NARIDRIN ADULTO 15ML,0,1.7788461538461537,3.0,18.19,5.56,0.092,0.2252,0.0,0.0,0,rolling
2024-12-23,841,5345,NARIDRIN ADULTO 15ML,0,1.7788461538461537,3.0,18.19,5.56,0.0321,0.2252,0.0,0.0,0,rolling
2024-12-24,841,5345,NARIDRIN ADULTO 15ML,0,1.7788461538461537,3.0,18.19,5.56,0.0321,0.2252,0.0,0.0,0,rolling
2024-12-25,841,5345,NARIDRIN ADULTO 15ML,0,1.7788461538461537,3.0,18.19,5.56,0.0759,0.2252,0.0,0.0,0,rolling
2024-12-26,841,5345,NARIDRIN ADULTO 15ML,0,1.7788461538461537,3.0,18.19,5.56,0.0321,0.2252,0.0,0.0,0,rolling
2024-12-27,841,5345,NARIDRIN ADULTO 15ML,0,1.7788461538461537,3.0,18.19,5.56,0.0759,0.2252,0.0,0.0,0,rolling
2024-12-28,841,5345,NARIDRIN ADULTO 15ML,0,1.7788461538461537,3.0,18.19,5.56,0.0321,0.2252,0.0,0.0,0,rolling
2024-12-29,841,5345,NARIDRIN ADULTO 15ML,0,1.7788461538461537,3.0,18.19,5.56,0.0759,0.2252,0.0,0.0,0,rolling
2024-12-30,841,5345,NARIDRIN ADULTO 15ML,0,1.7788461538461537,3.0,18.19,5.56,0.0321,0.2252,0.0,0.0,0,rolling
2024-12-31,841,5345,NARIDRIN ADULTO 15ML,0,1.7788461538461537,3.0,18.19,5.56,0.0321,0.2252,1.0,1.0,0,rolling
2024-10-01,841,54554,ALOFF XPE 60ML,0,2.5,3.0,33.04,18.81,0.0,0.0,0.0,0.0,0,rolling
2024-10-02,841,54554,ALOFF XPE 60ML,0,2.5,3.0,33.04,18.81,0.0,0.0,0.0,0.0,0,rolling
2024-10-03,841,54554,ALOFF XPE 60ML,0,2.5,3.0,33.04,18.81,0.0,0.0,0.0,0.0,0,rolling
2024-10-04,841,54554,ALOFF XPE 60ML,0,2.5,3.0,33.04,18.81,0.0,0.0,0.0,0.0,0,rolling
2024-10-05,841,54554,ALOFF XPE 60ML,0,2.5,3.0,33.04,18.81,0.0,0.0,0.0,0.0,0,rolling
2024-10-06,841,54554,ALOFF XPE 60ML,0,2.5,3.0,33.04,18.81,0.0,0.0,0.0,0.0,0,rolling
2024-10-07,841,54554,ALOFF XPE 60ML,0,2.5,3.0,33.04,18.81,0.0,0.0,0.0,0.0,0,rolling
2024-10-08,841,54554,ALOFF XPE 60ML,0,2.5,3.0,33.04,18.81,0.0,0.0,0.0,0.0,0,rolling
2024-10-09,841,54554,ALOFF XPE 60ML,0,2.5,3.0,33.04,18.81,0.0,0.0,0.0,0.0,0,rolling
2024-10-10,841,54554,ALOFF XPE 60ML,0,2.5,3.0,33.04,18.81,0.0,0.0,0.0,0.0,0,rolling
2024-10-11,841,54554,ALOFF XPE 60ML,0,2.5,3.0,33.04,18.81,0.0,0.0,0.0,0.0,0,rolling
2024-10-12,841,54554,ALOFF XPE 60ML,0,2.5,3.0,33.04,18.81,0.0,0.0,0.0,0.0,0,rolling
2024-10-13,841,54554,ALOFF XPE 60ML,0,2.5,3.0,33.04,18.81,0.0,0.0,0.0,0.0,0,rolling
2024-10-14,841,54554,ALOFF XPE 60ML,0,2.5,3.0,33.04,18.81,0.0,0.0,0.0,0.0,0,rolling
2024-10-15,841,54554,ALOFF XPE 60ML,0,2.5,3.0,33.04,18.81,0.0,0.0,0.0,0.0,0,rolling
2024-10-16,841,54554,ALOFF XPE 60ML,0,2.5,3.0,33.04,18.81,0.0,0.0,0.0,0.0,0,rolling
2024-10-17,841,54554,ALOFF XPE 60ML,0,2.5,3.0,33.04,18.81,0.0,0.0,0.0,0.0,0,rolling
2024-10-18,841,54554,ALOFF XPE 60ML,0,2.5,3.0,33.04,18.81,0.0,0.0,0.0,0.0,0,rolling
2024-10-19,841,54554,ALOFF XPE 60ML,0,2.5,3.0,33.04,18.81,0.0,0.0,0.0,0.0,0,rolling
2024-10-20,841,54554,ALOFF XPE 60ML,0,2.5,3.0,33.04,18.81,0.0,0.0,0.0,0.0,0,rolling
2024-10-21,841,54554,ALOFF XPE 60ML,0,2.5,3.0,33.04,18.81,0.0,0.0,0.0,0.0,0,rolling
2024-10-22,841,54554,ALOFF XPE 60ML,0,2.5,3.0,33.04,18.81,0.0,0.0,0.0,0.0,0,rolling
2024-10-23,841,54554,ALOFF XPE 60ML,0,2.5,3.0,33.04,18.81,0.0,0.0,0.0,0.0,0,rolling
2024-10-24,841,54554,ALOFF XPE 60ML,0,2.5,3.0,33.04,18.81,0.0,0.0,0.0,0.0,0,rolling
2024-10-25,841,54554,ALOFF XPE 60ML,0,2.5,3.0,33.04,18.81,0.0,0.0,0.0,0.0,0,rolling
2024-10-26,841,54554,ALOFF XPE 60ML,0,2.5,3.0,33.04,18.81,0.0,0.0,0.0,0.0,0,rolling
2024-10-27,841,54554,ALOFF XPE 60ML,0,2.5,3.0,33.04,18.81,0.0,0.0,0.0,0.0,0,rolling
2024-10-28,841,54554,ALOFF XPE 60ML,0,2.5,3.0,33.04,18.81,0.0,0.0,0.0,0.0,0,rolling
2024-10-29,841,54554,ALOFF XPE 60ML,0,2.5,3.0,33.04,18.81,0.0,0.0,0.0,0.0,0,rolling
2024-10-30,841,54554,ALOFF XPE 60ML,0,2.5,3.0,33.04,18.81,0.0,0.0,0.0,0.0,0,rolling
2024-10-31,841,54554,ALOFF XPE 60ML,0,2.5,3.0,33.04,18.81,0.0,0.0,0.0,0.0,0,rolling
2024-11-01,841,54554,ALOFF XPE 60ML,0,2.5,3.0,33.04,18.81,0.0,0.0,0.0,0.0,0,rolling
2024-11-02,841,54554,ALOFF XPE 60ML,0,2.5,3.0,33.04,18.81,0.0,0.0,0.0,0.0,0,rolling
2024-11-03,841,54554,ALOFF XPE 60ML,0,2.5,3.0,33.04,18.81,0.0,0.0,0.0,0.0,0,rolling
2024-11-04,841,54554,ALOFF XPE 60ML,0,2.5,3.0,33.04,18.81,0.0,0.0,0.0,0.0,0,rolling
2024-11-05,841,54554,ALOFF XPE 60ML,0,2.5,3.0,33.04,18.81,0.0,0.0,0.0,0.0,0,rolling
2024-11-06,841,54554,ALOFF XPE 60ML,0,2.5,3.0,33.04,18.81,0.0,0.0,0.0,0.0,0,rolling
2024-11-07,841,54554,ALOFF XPE 60ML,0,2.5,3.0,33.04,18.81,0.0,0.0,0.0,0.0,0,rolling
2024-11-08,841,54554,ALOFF XPE 60ML,0,2.5,3.0,33.04,18.81,0.0,0.0,0.0,0.0,0,rolling
2024-11-09,841,54554,ALOFF XPE 60ML,0,2.5,3.0,33.04,18.81,0.0,0.0,0.0,0.0,0,rolling
2024-11-10,841,54554,ALOFF XPE 60ML,0,2.5,3.0,33.04,18.81,0.0,0.0,0.0,0.0,0,rolling
2024-11-11,841,54554,ALOFF XPE 60ML,0,2.5,3.0,33.04,18.81,0.0,0.0,0.0,0.0,0,rolling
2024-11-12,841,54554,ALOFF XPE 60ML,0,2.5,3.0,33.04,18.81,0.0,0.0,0.0,0.0,0,rolling
2024-11-13,841,54554,ALOFF XPE 60ML,0,2.5,3.0,33.04,18.81,0.0,0.0,0.0,0.0,0,rolling
2024-11-14,841,54554,ALOFF XPE 60ML,0,2.5,3.0,33.04,18.81,0.0,0.0,0.0,0.0,0,rolling
2024-11-15,841,54554,ALOFF XPE 60ML,0,2.5,3.0,33.04,18.81,0.0,0.0,0.0,0.0,0,rolling
2024-11-16,841,54554,ALOFF XPE 60ML,0,2.5,3.0,33.04,18.81,0.0,0.0,0.0,0.0,0,rolling
2024-11-17,841,54554,ALOFF XPE 60ML,0,2.5,3.0,33.04,18.81,0.0,0.0,0.0,0.0,0,rolling
2024-11-18,841,54554,ALOFF XPE 60ML,0,2.5,3.0,33.04,18.81,0.0,0.0,0.0,0.0,0,rolling
2024-11-19,841,54554,ALOFF XPE 60ML,0,2.5,3.0,33.04,18.81,0.0,0.0,0.0,0.0,0,rolling
2024-11-20,841,54554,ALOFF XPE 60ML,0,2.5,3.0,33.04,18.81,0.0,0.0,0.0,0.0,0,rolling
2024-11-21,841,54554,ALOFF XPE 60ML,0,2.5,3.0,33.04,18.81,0.0,0.0,0.0,0.0,0,rolling
2024-11-22,841,54554,ALOFF XPE 60ML,0,2.5,3.0,33.04,18.81,0.0,0.0,0.0,0.0,0,rolling
2024-11-23,841,54554,ALOFF XPE 60ML,0,2.5,3.0,33.04,18.81,0.0,0.0,0.0,0.0,0,rolling
2024-11-24,841,54554,ALOFF XPE 60ML,0,2.5,3.0,33.04,18.81,0.0,0.0,0.0,0.0,0,rolling
2024-11-25,841,54554,ALOFF XPE 60ML,0,2.5,3.0,33.04,18.81,0.0,0.0,0.0,0.0,0,rolling
2024-11-26,841,54554,ALOFF XPE 60ML,0,2.5,3.0,33.04,18.81,0.0,0.0,0.0,0.0,0,rolling
2024-11-27,841,54554,ALOFF XPE 60ML,0,2.5,3.0,33.04,18.81,0.0,0.0,0.0,0.0,0,rolling
2024-11-28,841,54554,ALOFF XPE 60ML,0,2.5,3.0,33.04,18.81,0.0,0.0,0.0,0.0,0,rolling
2024-11-29,841,54554,ALOFF XPE 60ML,0,2.5,3.0,33.04,18.81,0.0,0.0,0.0,0.0,0,rolling
2024-11-30,841,54554,ALOFF XPE 60ML,0,2.5,3.0,33.04,18.81,0.0,0.0,0.0,0.0,0,rolling
2024-12-01,841,54554,ALOFF XPE 60ML,0,2.5,3.0,33.04,18.81,0.0,0.0,0.0,0.0,0,rolling
2024-12-02,841,54554,ALOFF XPE 60ML,0,2.5,3.0,33.04,18.81,0.0,0.0,0.0,0.0,0,rolling
2024-12-03,841,54554,ALOFF XPE 60ML,0,2.5,3.0,33.04,18.81,0.0,0.0,0.0,0.0,0,rolling
2024-12-04,841,54554,ALOFF XPE 60ML,0,2.5,3.0,33.04,18.81,0.0,0.0,0.0,0.0,0,rolling
2024-12-05,841,54554,ALOFF XPE 60ML,0,2.5,3.0,33.04,18.81,0.0,0.0,0.0,0.0,0,rolling
2024-12-06,841,54554,ALOFF XPE 60ML,0,2.5,3.0,33.04,18.81,0.0,0.0,0.0,0.0,0,rolling
2024-12-07,841,54554,ALOFF XPE 60ML,0,2.5,3.0,33.04,18.81,0.0,0.0,0.0,0.0,0,rolling
2024-12-08,841,54554,ALOFF XPE 60ML,0,2.5,3.0,33.04,18.81,0.0,0.0,0.0,0.0,0,rolling
2024-12-09,841,54554,ALOFF XPE 60ML,0,2.5,3.0,33.04,18.81,0.0,0.0,0.0,0.0,0,rolling
2024-12-10,841,54554,ALOFF XPE 60ML,0,2.5,3.0,33.04,18.81,0.0,0.0,0.0,0.0,0,rolling
2024-12-11,841,54554,ALOFF XPE 60ML,0,2.5,3.0,33.04,18.81,0.0,0.0,0.0,0.0,0,rolling
2024-12-12,841,54554,ALOFF XPE 60ML,0,2.5,3.0,33.04,18.81,0.0,0.0,0.0,0.0,0,rolling
2024-12-13,841,54554,ALOFF XPE 60ML,0,2.5,3.0,33.04,18.81,0.0,0.0,0.0,0.0,0,rolling
2024-12-14,841,54554,ALOFF XPE 60ML,0,2.5,3.0,33.04,18.81,0.0,0.0,0.0,0.0,0,rolling
2024-12-15,841,54554,ALOFF XPE 60ML,0,2.5,3.0,33.04,18.81,0.0,0.0,0.0,0.0,0,rolling
2024-12-16,841,54554,ALOFF XPE 60ML,0,2.5,3.0,33.04,18.81,0.0,0.0,0.0,0.0,0,rolling
2024-12-17,841,54554,ALOFF XPE 60ML,0,2.5,3.0,33.04,18.81,0.0,0.0,0.0,0.0,0,rolling
2024-12-18,841,54554,ALOFF XPE 60ML,0,2.5,3.0,33.04,18.81,0.0,0.0,0.0,0.0,0,rolling
2024-12-19,841,54554,ALOFF XPE 60ML,0,2.5,3.0,33.04,18.81,0.0,0.0,0.0,0.0,0,rolling
2024-12-20,841,54554,ALOFF XPE 60ML,0,2.5,3.0,33.04,18.81,0.0,0.0,0.0,0.0,0,rolling
2024-12-21,841,54554,ALOFF XPE 60ML,0,2.5,3.0,33.04,18.81,0.0,0.0,0.0,0.0,0,rolling
2024-12-22,841,54554,ALOFF XPE 60ML,0,2.5,3.0,33.04,18.81,0.0,0.0,0.0,0.0,0,rolling
2024-12-23,841,54554,ALOFF XPE 60ML,0,2.5,3.0,33.04,18.81,0.0,0.0,0.0,0.0,0,rolling
2024-12-24,841,54554,ALOFF XPE 60ML,0,2.5,3.0,33.04,18.81,0.0,0.0,0.0,0.0,0,rolling
2024-12-25,841,54554,ALOFF XPE 60ML,0,2.5,3.0,33.04,18.81,0.0,0.0,0.0,0.0,0,rolling
2024-12-26,841,54554,ALOFF XPE 60ML,0,2.5,3.0,33.04,18.81,0.0,0.0,0.0,0.0,0,rolling
2024-12-27,841,54554,ALOFF XPE 60ML,0,2.5,3.0,33.04,18.81,0.0,0.0,0.0,0.0,0,rolling
2024-12-28,841,54554,ALOFF XPE 60ML,0,2.5,3.0,33.04,18.81,0.0,0.0,0.0,0.0,0,rolling
2024-12-29,841,54554,ALOFF XPE 60ML,0,2.5,3.0,33.04,18.81,0.0,0.0,0.0,0.0,0,rolling
2024-12-30,841,54554,ALOFF XPE 60ML,0,2.5,3.0,33.04,18.81,0.0,0.0,0.0,0.0,0,rolling
2024-12-31,841,54554,ALOFF XPE 60ML,0,2.5,3.0,33.04,18.81,0.0,0.0,0.0,0.0,0,rolling
2024-10-01,841,55917,POLARATUSS LIQ 120ML,0,2.5,3.0,30.38,9.13,0.0,0.0,0.0,0.0,0,rolling
2024-10-02,841,55917,POLARATUSS LIQ 120ML,0,2.5,3.0,30.38,9.13,0.0,0.0,0.0,0.0,0,rolling
2024-10-03,841,55917,POLARATUSS LIQ 120ML,0,2.5,3.0,30.38,9.13,0.0,0.0,0.0,0.0,0,rolling
2024-10-04,841,55917,POLARATUSS LIQ 120ML,0,2.5,3.0,30.38,9.13,0.0,0.0,0.0,0.0,0,rolling
2024-10-05,841,55917,POLARATUSS LIQ 120ML,0,2.5,3.0,30.38,9.13,0.0,0.0,0.0,0.0,0,rolling
2024-10-06,841,55917,POLARATUSS LIQ 120ML,0,2.5,3.0,30.38,9.13,0.0,0.0,0.0,0.0,0,rolling
2024-10-07,841,55917,POLARATUSS LIQ 120ML,0,2.5,3.0,30.38,9.13,0.0,0.0,0.0,0.0,0,rolling
2024-10-08,841,55917,POLARATUSS LIQ 120ML,0,2.5,3.0,30.38,9.13,0.0,0.0,0.0,0.0,0,rolling
2024-10-09,841,55917,POLARATUSS LIQ 120ML,0,2.5,3.0,30.38,9.13,0.0,0.0,0.0,0.0,0,rolling
2024-10-10,841,55917,POLARATUSS LIQ 120ML,0,2.5,3.0,30.38,9.13,0.0,0.0,0.0,0.0,0,rolling
2024-10-11,841,55917,POLARATUSS LIQ 120ML,0,2.5,3.0,30.38,9.13,0.0,0.0,0.0,0.0,0,rolling
2024-10-12,841,55917,POLARATUSS LIQ 120ML,0,2.5,3.0,30.38,9.13,0.0,0.0,0.0,0.0,0,rolling
2024-10-13,841,55917,POLARATUSS LIQ 120ML,0,2.5,3.0,30.38,9.13,0.0,0.0,0.0,0.0,0,rolling
2024-10-14,841,55917,POLARATUSS LIQ 120ML,0,2.5,3.0,30.38,9.13,0.0,0.0,0.0,0.0,0,rolling
2024-10-15,841,55917,POLARATUSS LIQ 120ML,0,2.5,3.0,30.38,9.13,0.0,0.0,0.0,0.0,0,rolling
2024-10-16,841,55917,POLARATUSS LIQ 120ML,0,2.5,3.0,30.38,9.13,0.0,0.0,0.0,0.0,0,rolling
2024-10-17,841,55917,POLARATUSS LIQ 120ML,0,2.5,3.0,30.38,9.13,0.0,0.0,0.0,0.0,0,rolling
2024-10-18,841,55917,POLARATUSS LIQ 120ML,0,2.5,3.0,30.38,9.13,0.0,0.0,0.0,0.0,0,rolling
2024-10-19,841,55917,POLARATUSS LIQ 120ML,0,2.5,3.0,30.38,9.13,0.0,0.0,0.0,0.0,0,rolling
2024-10-20,841,55917,POLARATUSS LIQ 120ML,0,2.5,3.0,30.38,9.13,0.0,0.0,0.0,0.0,0,rolling
2024-10-21,841,55917,POLARATUSS LIQ 120ML,0,2.5,3.0,30.38,9.13,0.0,0.0,0.0,0.0,0,rolling
2024-10-22,841,55917,POLARATUSS LIQ 120ML,0,2.5,3.0,30.38,9.13,0.0,0.0,0.0,0.0,0,rolling
2024-10-23,841,55917,POLARATUSS LIQ 120ML,0,2.5,3.0,30.38,9.13,0.0,0.0,0.0,0.0,0,rolling
2024-10-24,841,55917,POLARATUSS LIQ 120ML,0,2.5,3.0,30.38,9.13,0.0,0.0,0.0,0.0,0,rolling
2024-10-25,841,55917,POLARATUSS LIQ 120ML,0,2.5,3.0,30.38,9.13,0.0,0.0,0.0,0.0,0,rolling
2024-10-26,841,55917,POLARATUSS LIQ 120ML,0,2.5,3.0,30.38,9.13,0.0,0.0,0.0,0.0,0,rolling
2024-10-27,841,55917,POLARATUSS LIQ 120ML,0,2.5,3.0,30.38,9.13,0.0,0.0,0.0,0.0,0,rolling
2024-10-28,841,55917,POLARATUSS LIQ 120ML,0,2.5,3.0,30.38,9.13,0.0,0.0,0.0,0.0,0,rolling
2024-10-29,841,55917,POLARATUSS LIQ 120ML,0,2.5,3.0,30.38,9.13,0.0,0.0,0.0,0.0,0,rolling
2024-10-30,841,55917,POLARATUSS LIQ 120ML,0,2.5,3.0,30.38,9.13,0.0,0.0,0.0,0.0,0,rolling
2024-10-31,841,55917,POLARATUSS LIQ 120ML,0,2.5,3.0,30.38,9.13,0.0,0.0,0.0,0.0,0,rolling
2024-11-01,841,55917,POLARATUSS LIQ 120ML,0,2.5,3.0,30.38,9.13,0.0,0.0,0.0,0.0,0,rolling
2024-11-02,841,55917,POLARATUSS LIQ 120ML,0,2.5,3.0,30.38,9.13,0.0,0.0,0.0,0.0,0,rolling
2024-11-03,841,55917,POLARATUSS LIQ 120ML,0,2.5,3.0,30.38,9.13,0.0,0.0,0.0,0.0,0,rolling
2024-11-04,841,55917,POLARATUSS LIQ 120ML,0,2.5,3.0,30.38,9.13,0.0,0.0,0.0,0.0,0,rolling
2024-11-05,841,55917,POLARATUSS LIQ 120ML,0,2.5,3.0,30.38,9.13,0.0,0.0,0.0,0.0,0,rolling
2024-11-06,841,55917,POLARATUSS LIQ 120ML,0,2.5,3.0,30.38,9.13,0.0,0.0,0.0,0.0,0,rolling
2024-11-07,841,55917,POLARATUSS LIQ 120ML,0,2.5,3.0,30.38,9.13,0.0,0.0,0.0,0.0,0,rolling
2024-11-08,841,55917,POLARATUSS LIQ 120ML,0,2.5,3.0,30.38,9.13,0.0,0.0,0.0,0.0,0,rolling
2024-11-09,841,55917,POLARATUSS LIQ 120ML,0,2.5,3.0,30.38,9.13,0.0,0.0,0.0,0.0,0,rolling
2024-11-10,841,55917,POLARATUSS LIQ 120ML,0,2.5,3.0,30.38,9.13,0.0,0.0,0.0,0.0,0,rolling
2024-11-11,841,55917,POLARATUSS LIQ 120ML,0,2.5,3.0,30.38,9.13,0.0,0.0,0.0,0.0,0,rolling
2024-11-12,841,55917,POLARATUSS LIQ 120ML,0,2.5,3.0,30.38,9.13,0.0,0.0,0.0,0.0,0,rolling
2024-11-13,841,55917,POLARATUSS LIQ 120ML,0,2.5,3.0,30.38,9.13,0.0,0.0,0.0,0.0,0,rolling
2024-11-14,841,55917,POLARATUSS LIQ 120ML,0,2.5,3.0,30.38,9.13,0.0,0.0,0.0,0.0,0,rolling
2024-11-15,841,55917,POLARATUSS LIQ 120ML,0,2.5,3.0,30.38,9.13,0.0,0.0,0.0,0.0,0,rolling
2024-11-16,841,55917,POLARATUSS LIQ 120ML,0,2.5,3.0,30.38,9.13,0.0,0.0,0.0,0.0,0,rolling
2024-11-17,841,55917,POLARATUSS LIQ 120ML,0,2.5,3.0,30.38,9.13,0.0,0.0,0.0,0.0,0,rolling
2024-11-18,841,55917,POLARATUSS LIQ 120ML,0,2.5,3.0,30.38,9.13,0.0,0.0,0.0,0.0,0,rolling
2024-11-19,841,55917,POLARATUSS LIQ 120ML,0,2.5,3.0,30.38,9.13,0.0,0.0,0.0,0.0,0,rolling
2024-11-20,841,55917,POLARATUSS LIQ 120ML,0,2.5,3.0,30.38,9.13,0.0,0.0,0.0,0.0,0,rolling
2024-11-21,841,55917,POLARATUSS LIQ 120ML,0,2.5,3.0,30.38,9.13,0.0,0.0,0.0,0.0,0,rolling
2024-11-22,841,55917,POLARATUSS LIQ 120ML,0,2.5,3.0,30.38,9.13,0.0,0.0,0.0,0.0,0,rolling
2024-11-23,841,55917,POLARATUSS LIQ 120ML,0,2.5,3.0,30.38,9.13,0.0,0.0,0.0,0.0,0,rolling
2024-11-24,841,55917,POLARATUSS LIQ 120ML,0,2.5,3.0,30.38,9.13,0.0,0.0,0.0,0.0,0,rolling
2024-11-25,841,55917,POLARATUSS LIQ 120ML,0,2.5,3.0,30.38,9.13,0.0,0.0,0.0,0.0,0,rolling
2024-11-26,841,55917,POLARATUSS LIQ 120ML,0,2.5,3.0,30.38,9.13,0.0,0.0,0.0,0.0,0,rolling
2024-11-27,841,55917,POLARATUSS LIQ 120ML,0,2.5,3.0,30.38,9.13,0.0,0.0,0.0,0.0,0,rolling
2024-11-28,841,55917,POLARATUSS LIQ 120ML,0,2.5,3.0,30.38,9.13,0.0,0.0,0.0,0.0,0,rolling
2024-11-29,841,55917,POLARATUSS LIQ 120ML,0,2.5,3.0,30.38,9.13,0.0,0.0,0.0,0.0,0,rolling
2024-11-30,841,55917,POLARATUSS LIQ 120ML,0,2.5,3.0,30.38,9.13,0.0,0.0,0.0,0.0,0,rolling
2024-12-01,841,55917,POLARATUSS LIQ 120ML,0,2.5,3.0,30.38,9.13,0.0,0.0,0.0,0.0,0,rolling
2024-12-02,841,55917,POLARATUSS LIQ 120ML,0,2.5,3.0,30.38,9.13,0.0,0.0,0.0,0.0,0,rolling
2024-12-03,841,55917,POLARATUSS LIQ 120ML,0,2.5,3.0,30.38,9.13,0.0,0.0,0.0,0.0,0,rolling
2024-12-04,841,55917,POLARATUSS LIQ 120ML,0,2.5,3.0,30.38,9.13,0.0,0.0,0.0,0.0,0,rolling
2024-12-05,841,55917,POLARATUSS LIQ 120ML,0,2.5,3.0,30.38,9.13,0.0,0.0,0.0,0.0,0,rolling
2024-12-06,841,55917,POLARATUSS LIQ 120ML,0,2.5,3.0,30.38,9.13,0.0,0.0,0.0,0.0,0,rolling
2024-12-07,841,55917,POLARATUSS LIQ 120ML,0,2.5,3.0,30.38,9.13,0.0,0.0,0.0,0.0,0,rolling
2024-12-08,841,55917,POLARATUSS LIQ 120ML,0,2.5,3.0,30.38,9.13,0.0,0.0,0.0,0.0,0,rolling
2024-12-09,841,55917,POLARATUSS LIQ 120ML,0,2.5,3.0,30.38,9.13,0.0,0.0,0.0,0.0,0,rolling
2024-12-10,841,55917,POLARATUSS LIQ 120ML,0,2.5,3.0,30.38,9.13,0.0,0.0,0.0,0.0,0,rolling
2024-12-11,841,55917,POLARATUSS LIQ 120ML,0,2.5,3.0,30.38,9.13,0.0,0.0,0.0,0.0,0,rolling
2024-12-12,841,55917,POLARATUSS LIQ 120ML,0,2.5,3.0,30.38,9.13,0.0,0.0,0.0,0.0,0,rolling
2024-12-13,841,55917,POLARATUSS LIQ 120ML,0,2.5,3.0,30.38,9.13,0.0,0.0,0.0,0.0,0,rolling
2024-12-14,841,55917,POLARATUSS LIQ 120ML,0,2.5,3.0,30.38,9.13,0.0,0.0,0.0,0.0,0,rolling
2024-12-15,841,55917,POLARATUSS LIQ 120ML,0,2.5,3.0,30.38,9.13,0.0,0.0,0.0,0.0,0,rolling
2024-12-16,841,55917,POLARATUSS LIQ 120ML,0,2.5,3.0,30.38,9.13,0.0,0.0,0.0,0.0,0,rolling
2024-12-17,841,55917,POLARATUSS LIQ 120ML,0,2.5,3.0,30.38,9.13,0.0,0.0,0.0,0.0,0,rolling
2024-12-18,841,55917,POLARATUSS LIQ 120ML,0,2.5,3.0,30.38,9.13,0.0,0.0,0.0,0.0,0,rolling
2024-12-19,841,55917,POLARATUSS LIQ 120ML,0,2.5,3.0,30.38,9.13,0.0,0.0,0.0,0.0,0,rolling
2024-12-20,841,55917,POLARATUSS LIQ 120ML,0,2.5,3.0,30.38,9.13,0.0,0.0,0.0,0.0,0,rolling
2024-12-21,841,55917,POLARATUSS LIQ 120ML,0,2.5,3.0,30.38,9.13,0.0,0.0,0.0,0.0,0,rolling
2024-12-22,841,55917,POLARATUSS LIQ 120ML,0,2.5,3.0,30.38,9.13,0.0,0.0,0.0,0.0,0,rolling
2024-12-23,841,55917,POLARATUSS LIQ 120ML,0,2.5,3.0,30.38,9.13,0.0,0.0,0.0,0.0,0,rolling
2024-12-24,841,55917,POLARATUSS LIQ 120ML,0,2.5,3.0,30.38,9.13,0.0,0.0,0.0,0.0,0,rolling
2024-12-25,841,55917,POLARATUSS LIQ 120ML,0,2.5,3.0,30.38,9.13,0.0,0.0,0.0,0.0,0,rolling
2024-12-26,841,55917,POLARATUSS LIQ 120ML,0,2.5,3.0,30.38,9.13,0.0,0.0,0.0,0.0,0,rolling
2024-12-27,841,55917,POLARATUSS LIQ 120ML,0,2.5,3.0,30.38,9.13,0.0,0.0,0.0,0.0,0,rolling
2024-12-28,841,55917,POLARATUSS LIQ 120ML,0,2.5,3.0,30.38,9.13,0.0,0.0,0.0,0.0,0,rolling
2024-12-29,841,55917,POLARATUSS LIQ 120ML,0,2.5,3.0,30.38,9.13,0.0,0.0,0.0,0.0,0,rolling
2024-12-30,841,55917,POLARATUSS LIQ 120ML,0,2.5,3.0,30.38,9.13,0.0,0.0,0.0,0.0,0,rolling
2024-12-31,841,55917,POLARATUSS LIQ 120ML,0,2.5,3.0,30.38,9.13,0.0,0.0,0.0,0.0,0,rolling
2024-10-01,841,57814,OSELTAMIVIR 75MG CAPS/10 GN-NATCOF,1,1.0,3.0,180.22,101.38,0.0875,0.2649,0.0,0.0,0,rolling
2024-10-02,841,57814,OSELTAMIVIR 75MG CAPS/10 GN-NATCOF,0,1.0,3.0,180.22,101.38,0.0,0.2649,0.0,0.0,0,rolling
2024-10-03,841,57814,OSELTAMIVIR 75MG CAPS/10 GN-NATCOF,0,1.0,3.0,180.22,101.38,0.0,0.2649,0.0,0.0,0,rolling
2024-10-04,841,57814,OSELTAMIVIR 75MG CAPS/10 GN-NATCOF,1,1.0,3.0,180.22,101.38,0.0,0.2649,0.0,0.0,0,rolling
2024-10-05,841,57814,OSELTAMIVIR 75MG CAPS/10 GN-NATCOF,0,1.0,3.0,180.22,101.38,0.0,0.2649,0.0,0.0,0,rolling
2024-10-06,841,57814,OSELTAMIVIR 75MG CAPS/10 GN-NATCOF,0,1.0,3.0,180.22,101.38,0.0,0.2649,0.0,0.0,0,rolling
2024-10-07,841,57814,OSELTAMIVIR 75MG CAPS/10 GN-NATCOF,0,1.0,3.0,180.22,101.38,0.0,0.2649,0.0,0.0,0,rolling
2024-10-08,841,57814,OSELTAMIVIR 75MG CAPS/10 GN-NATCOF,0,1.0,3.0,180.22,101.38,0.0875,0.2649,0.0,0.0,0,rolling
2024-10-09,841,57814,OSELTAMIVIR 75MG CAPS/10 GN-NATCOF,0,1.0,3.0,180.22,101.38,0.0,0.0,0.0,0.0,0,rolling
2024-10-10,841,57814,OSELTAMIVIR 75MG CAPS/10 GN-NATCOF,0,1.0,3.0,180.22,101.38,0.0,0.0,0.0,0.0,0,rolling
2024-10-11,841,57814,OSELTAMIVIR 75MG CAPS/10 GN-NATCOF,1,1.0,3.0,180.22,101.38,0.0,0.0,0.0,0.0,0,rolling
2024-10-12,841,57814,OSELTAMIVIR 75MG CAPS/10 GN-NATCOF,0,1.0,3.0,180.22,101.38,0.0,0.0,0.0,0.0,0,rolling
2024-10-13,841,57814,OSELTAMIVIR 75MG CAPS/10 GN-NATCOF,0,1.0,3.0,180.22,101.38,0.0,0.0,0.0,0.0,0,rolling
2024-10-14,841,57814,OSELTAMIVIR 75MG CAPS/10 GN-NATCOF,0,1.0,3.0,180.22,101.38,0.0,0.0,0.0,0.0,0,rolling
2024-10-15,841,57814,OSELTAMIVIR 75MG CAPS/10 GN-NATCOF,0,1.0,3.0,180.22,101.38,0.0,0.0,0.0,0.0,0,rolling
2024-10-16,841,57814,OSELTAMIVIR 75MG CAPS/10 GN-NATCOF,0,1.0,3.0,180.22,101.38,0.0,0.0,0.0,0.0,0,rolling
2024-10-17,841,57814,OSELTAMIVIR 75MG CAPS/10 GN-NATCOF,0,1.0,3.0,180.22,101.38,0.0,0.0,0.0,0.0,0,rolling
2024-10-18,841,57814,OSELTAMIVIR 75MG CAPS/10 GN-NATCOF,1,1.0,3.0,180.22,101.38,0.0,0.0,0.0,0.0,0,rolling
2024-10-19,841,57814,OSELTAMIVIR 75MG CAPS/10 GN-NATCOF,0,1.0,3.0,180.22,101.38,0.0,0.0,0.0,0.0,0,rolling
2024-10-20,841,57814,OSELTAMIVIR 75MG CAPS/10 GN-NATCOF,0,1.0,3.0,180.22,101.38,0.0,0.0,0.0,0.0,0,rolling
2024-10-21,841,57814,OSELTAMIVIR 75MG CAPS/10 GN-NATCOF,0,1.0,3.0,180.22,101.38,0.0,0.0,0.0,0.0,0,rolling
2024-10-22,841,57814,OSELTAMIVIR 75MG CAPS/10 GN-NATCOF,0,1.0,3.0,180.22,101.38,0.0,0.0,0.0,0.0,0,rolling
2024-10-23,841,57814,OSELTAMIVIR 75MG CAPS/10 GN-NATCOF,0,1.0,3.0,180.22,101.38,0.0,0.0,0.0,0.0,0,rolling
2024-10-24,841,57814,OSELTAMIVIR 75MG CAPS/10 GN-NATCOF,0,1.0,3.0,180.22,101.38,0.0,0.0,0.0,0.0,0,rolling
2024-10-25,841,57814,OSELTAMIVIR 75MG CAPS/10 GN-NATCOF,1,1.0,3.0,180.22,101.38,0.0,0.0,0.0,0.0,0,rolling
2024-10-26,841,57814,OSELTAMIVIR 75MG CAPS/10 GN-NATCOF,0,1.0,3.0,180.22,101.38,0.0,0.0,0.0,0.0,0,rolling
2024-10-27,841,57814,OSELTAMIVIR 75MG CAPS/10 GN-NATCOF,0,1.0,3.0,180.22,101.38,0.0,0.0,0.0,0.0,0,rolling
2024-10-28,841,57814,OSELTAMIVIR 75MG CAPS/10 GN-NATCOF,0,1.0,3.0,180.22,101.38,0.0,0.0,0.0,0.0,0,rolling
2024-10-29,841,57814,OSELTAMIVIR 75MG CAPS/10 GN-NATCOF,0,1.0,3.0,180.22,101.38,0.0,0.0,0.0,0.0,0,rolling
2024-10-30,841,57814,OSELTAMIVIR 75MG CAPS/10 GN-NATCOF,0,1.0,3.0,180.22,101.38,0.0,0.0,0.0,0.0,0,rolling
2024-10-31,841,57814,OSELTAMIVIR 75MG CAPS/10 GN-NATCOF,0,1.0,3.0,180.22,101.38,0.0,0.0,1.0,1.0,0,rolling
2024-11-01,841,57814,OSELTAMIVIR 75MG CAPS/10 GN-NATCOF,1,1.0,3.0,180.22,101.38,0.0161,0.1324,0.0,0.0,0,rolling
2024-11-02,841,57814,OSELTAMIVIR 75MG CAPS/10 GN-NATCOF,0,1.0,3.0,180.22,101.38,0.0161,0.1324,0.0,0.0,0,rolling
2024-11-03,841,57814,OSELTAMIVIR 75MG CAPS/10 GN-NATCOF,0,1.0,3.0,180.22,101.38,0.0161,0.1324,0.0,0.0,0,rolling
2024-11-04,841,57814,OSELTAMIVIR 75MG CAPS/10 GN-NATCOF,0,1.0,3.0,180.22,101.38,0.0161,0.1324,0.0,0.0,0,rolling
2024-11-05,841,57814,OSELTAMIVIR 75MG CAPS/10 GN-NATCOF,0,1.0,3.0,180.22,101.38,0.0161,0.1324,0.0,0.0,0,rolling
2024-11-06,841,57814,OSELTAMIVIR 75MG CAPS/10 GN-NATCOF,0,1.0,3.0,180.22,101.38,0.0161,0.1324,0.0,0.0,0,rolling
2024-11-07,841,57814,OSELTAMIVIR 75MG CAPS/10 GN-NATCOF,0,1.0,3.0,180.22,101.38,0.0598,0.1324,0.0,0.0,0,rolling
2024-11-08,841,57814,OSELTAMIVIR 75MG CAPS/10 GN-NATCOF,1,1.0,3.0,180.22,101.38,0.0161,0.1324,0.0,0.0,0,rolling
2024-11-09,841,57814,OSELTAMIVIR 75MG CAPS/10 GN-NATCOF,0,1.0,3.0,180.22,101.38,0.0161,0.1324,0.0,0.0,0,rolling
2024-11-10,841,57814,OSELTAMIVIR 75MG CAPS/10 GN-NATCOF,0,1.0,3.0,180.22,101.38,0.0161,0.1324,0.0,0.0,0,rolling
2024-11-11,841,57814,OSELTAMIVIR 75MG CAPS/10 GN-NATCOF,0,1.0,3.0,180.22,101.38,0.0161,0.1324,0.0,0.0,0,rolling
2024-11-12,841,57814,OSELTAMIVIR 75MG CAPS/10 GN-NATCOF,0,1.0,3.0,180.22,101.38,0.0161,0.1324,0.0,0.0,0,rolling
2024-11-13,841,57814,OSELTAMIVIR 75MG CAPS/10 GN-NATCOF,0,1.0,3.0,180.22,101.38,0.0161,0.1324,0.0,0.0,0,rolling
2024-11-14,841,57814,OSELTAMIVIR 75MG CAPS/10 GN-NATCOF,0,1.0,3.0,180.22,101.38,0.0598,0.1324,0.0,0.0,0,rolling
2024-11-15,841,57814,OSELTAMIVIR 75MG CAPS/10 GN-NATCOF,1,1.0,3.0,180.22,101.38,0.0161,0.1324,0.0,0.0,0,rolling
2024-11-16,841,57814,OSELTAMIVIR 75MG CAPS/10 GN-NATCOF,0,1.0,3.0,180.22,101.38,0.0161,0.1324,0.0,0.0,0,rolling
2024-11-17,841,57814,OSELTAMIVIR 75MG CAPS/10 GN-NATCOF,0,1.0,3.0,180.22,101.38,0.0161,0.1324,0.0,0.0,0,rolling
2024-11-18,841,57814,OSELTAMIVIR 75MG CAPS/10 GN-NATCOF,0,1.0,3.0,180.22,101.38,0.0161,0.1324,0.0,0.0,0,rolling
2024-11-19,841,57814,OSELTAMIVIR 75MG CAPS/10 GN-NATCOF,0,1.0,3.0,180.22,101.38,0.0161,0.1324,0.0,0.0,0,rolling
2024-11-20,841,57814,OSELTAMIVIR 75MG CAPS/10 GN-NATCOF,0,1.0,3.0,180.22,101.38,0.0161,0.1324,0.0,0.0,0,rolling
2024-11-21,841,57814,OSELTAMIVIR 75MG CAPS/10 GN-NATCOF,0,1.0,3.0,180.22,101.38,0.0598,0.1324,0.0,0.0,0,rolling
2024-11-22,841,57814,OSELTAMIVIR 75MG CAPS/10 GN-NATCOF,1,1.0,3.0,180.22,101.38,0.0161,0.1324,0.0,0.0,0,rolling
2024-11-23,841,57814,OSELTAMIVIR 75MG CAPS/10 GN-NATCOF,0,1.0,3.0,180.22,101.38,0.0161,0.1324,0.0,0.0,0,rolling
2024-11-24,841,57814,OSELTAMIVIR 75MG CAPS/10 GN-NATCOF,0,1.0,3.0,180.22,101.38,0.0161,0.1324,0.0,0.0,0,rolling
2024-11-25,841,57814,OSELTAMIVIR 75MG CAPS/10 GN-NATCOF,0,1.0,3.0,180.22,101.38,0.0161,0.1324,0.0,0.0,0,rolling
2024-11-26,841,57814,OSELTAMIVIR 75MG CAPS/10 GN-NATCOF,0,1.0,3.0,180.22,101.38,0.0161,0.1324,0.0,0.0,0,rolling
2024-11-27,841,57814,OSELTAMIVIR 75MG CAPS/10 GN-NATCOF,0,1.0,3.0,180.22,101.38,0.0161,0.1324,0.0,0.0,0,rolling
2024-11-28,841,57814,OSELTAMIVIR 75MG CAPS/10 GN-NATCOF,0,1.0,3.0,180.22,101.38,0.0598,0.1324,0.0,0.0,0,rolling
2024-11-29,841,57814,OSELTAMIVIR 75MG CAPS/10 GN-NATCOF,1,1.0,3.0,180.22,101.38,0.0,0.1324,0.0,0.0,0,rolling
2024-11-30,841,57814,OSELTAMIVIR 75MG CAPS/10 GN-NATCOF,0,1.0,3.0,180.22,101.38,0.0,0.1324,0.0,0.0,0,rolling
2024-12-01,841,57814,OSELTAMIVIR 75MG CAPS/10 GN-NATCOF,0,1.0,3.0,180.22,101.38,0.0,0.1324,0.0,0.0,0,rolling
2024-12-02,841,57814,OSELTAMIVIR 75MG CAPS/10 GN-NATCOF,0,1.0,3.0,180.22,101.38,0.0,0.1324,0.0,0.0,0,rolling
2024-12-03,841,57814,OSELTAMIVIR 75MG CAPS/10 GN-NATCOF,0,1.0,3.0,180.22,101.38,0.0,0.1324,0.0,0.0,0,rolling
2024-12-04,841,57814,OSELTAMIVIR 75MG CAPS/10 GN-NATCOF,0,1.0,3.0,180.22,101.38,0.0,0.1324,0.0,0.0,0,rolling
2024-12-05,841,57814,OSELTAMIVIR 75MG CAPS/10 GN-NATCOF,0,1.0,3.0,180.22,101.38,0.0437,0.1324,0.0,0.0,0,rolling
2024-12-06,841,57814,OSELTAMIVIR 75MG CAPS/10 GN-NATCOF,1,1.0,3.0,180.22,101.38,0.0,0.1324,0.0,0.0,0,rolling
2024-12-07,841,57814,OSELTAMIVIR 75MG CAPS/10 GN-NATCOF,0,1.0,3.0,180.22,101.38,0.0,0.1324,0.0,0.0,0,rolling
2024-12-08,841,57814,OSELTAMIVIR 75MG CAPS/10 GN-NATCOF,0,1.0,3.0,180.22,101.38,0.0,0.1324,0.0,0.0,0,rolling
2024-12-09,841,57814,OSELTAMIVIR 75MG CAPS/10 GN-NATCOF,0,1.0,3.0,180.22,101.38,0.0,0.1324,0.0,0.0,0,rolling
2024-12-10,841,57814,OSELTAMIVIR 75MG CAPS/10 GN-NATCOF,0,1.0,3.0,180.22,101.38,0.0,0.1324,0.0,0.0,0,rolling
2024-12-11,841,57814,OSELTAMIVIR 75MG CAPS/10 GN-NATCOF,0,1.0,3.0,180.22,101.38,0.0,0.1324,0.0,0.0,0,rolling
2024-12-12,841,57814,OSELTAMIVIR 75MG CAPS/10 GN-NATCOF,0,1.0,3.0,180.22,101.38,0.0437,0.1324,0.0,0.0,0,rolling
2024-12-13,841,57814,OSELTAMIVIR 75MG CAPS/10 GN-NATCOF,1,1.0,3.0,180.22,101.38,0.0,0.1324,0.0,0.0,0,rolling
2024-12-14,841,57814,OSELTAMIVIR 75MG CAPS/10 GN-NATCOF,0,1.0,3.0,180.22,101.38,0.0,0.1324,0.0,0.0,0,rolling
2024-12-15,841,57814,OSELTAMIVIR 75MG CAPS/10 GN-NATCOF,0,1.0,3.0,180.22,101.38,0.0,0.1324,0.0,0.0,0,rolling
2024-12-16,841,57814,OSELTAMIVIR 75MG CAPS/10 GN-NATCOF,0,1.0,3.0,180.22,101.38,0.0,0.1324,0.0,0.0,0,rolling
2024-12-17,841,57814,OSELTAMIVIR 75MG CAPS/10 GN-NATCOF,0,1.0,3.0,180.22,101.38,0.0,0.1324,1.0,1.0,0,rolling
2024-12-18,841,57814,OSELTAMIVIR 75MG CAPS/10 GN-NATCOF,0,1.0,3.0,180.22,101.38,0.0161,0.1856,0.0,0.0,0,rolling
2024-12-19,841,57814,OSELTAMIVIR 75MG CAPS/10 GN-NATCOF,0,1.0,3.0,180.22,101.38,0.0598,0.1856,0.0,0.0,0,rolling
2024-12-20,841,57814,OSELTAMIVIR 75MG CAPS/10 GN-NATCOF,1,1.0,3.0,180.22,101.38,0.0161,0.1856,0.0,0.0,0,rolling
2024-12-21,841,57814,OSELTAMIVIR 75MG CAPS/10 GN-NATCOF,0,1.0,3.0,180.22,101.38,0.0161,0.1856,1.0,1.0,0,rolling
2024-12-22,841,57814,OSELTAMIVIR 75MG CAPS/10 GN-NATCOF,0,1.0,3.0,180.22,101.38,0.0321,0.2252,0.0,0.0,0,rolling
2024-12-23,841,57814,OSELTAMIVIR 75MG CAPS/10 GN-NATCOF,0,1.0,3.0,180.22,101.38,0.0321,0.2252,3.0,3.0,0,rolling
2024-12-24,841,57814,OSELTAMIVIR 75MG CAPS/10 GN-NATCOF,0,1.0,3.0,180.22,101.38,0.1241,0.4503,0.0,0.0,0,rolling
2024-12-25,841,57814,OSELTAMIVIR 75MG CAPS/10 GN-NATCOF,0,1.0,3.0,180.22,101.38,0.0804,0.4503,0.0,0.0,0,rolling
2024-12-26,841,57814,OSELTAMIVIR 75MG CAPS/10 GN-NATCOF,0,1.0,3.0,180.22,101.38,0.1241,0.4503,0.0,0.0,0,rolling
2024-12-27,841,57814,OSELTAMIVIR 75MG CAPS/10 GN-NATCOF,1,1.0,3.0,180.22,101.38,0.0804,0.4341,2.0,2.0,0,rolling
2024-12-28,841,57814,OSELTAMIVIR 75MG CAPS/10 GN-NATCOF,0,1.0,3.0,180.22,101.38,0.1562,0.5022,0.0,0.0,0,rolling
2024-12-29,841,57814,OSELTAMIVIR 75MG CAPS/10 GN-NATCOF,0,1.0,3.0,180.22,101.38,0.1125,0.5022,1.0,1.0,0,rolling
2024-12-30,841,57814,OSELTAMIVIR 75MG CAPS/10 GN-NATCOF,0,1.0,3.0,180.22,101.38,0.2598,0.5151,0.0,0.0,1,rolling
2024-12-31,841,57814,OSELTAMIVIR 75MG CAPS/10 GN-NATCOF,0,1.0,3.0,180.22,101.38,0.1723,0.5151,0.0,0.0,1,rolling
2024-10-01,841,57816,OSELTAMIVIR 30MG CAPS/10 GN-NATCOF,1,1.0,3.0,72.09,43.8,0.0,0.0,0.0,0.0,0,rolling
2024-10-02,841,57816,OSELTAMIVIR 30MG CAPS/10 GN-NATCOF,0,1.0,3.0,72.09,43.8,0.0,0.0,0.0,0.0,0,rolling
2024-10-03,841,57816,OSELTAMIVIR 30MG CAPS/10 GN-NATCOF,0,1.0,3.0,72.09,43.8,0.0,0.0,0.0,0.0,0,rolling
2024-10-04,841,57816,OSELTAMIVIR 30MG CAPS/10 GN-NATCOF,1,1.0,3.0,72.09,43.8,0.0,0.0,0.0,0.0,0,rolling
2024-10-05,841,57816,OSELTAMIVIR 30MG CAPS/10 GN-NATCOF,0,1.0,3.0,72.09,43.8,0.0,0.0,0.0,0.0,0,rolling
2024-10-06,841,57816,OSELTAMIVIR 30MG CAPS/10 GN-NATCOF,0,1.0,3.0,72.09,43.8,0.0,0.0,0.0,0.0,0,rolling
2024-10-07,841,57816,OSELTAMIVIR 30MG CAPS/10 GN-NATCOF,0,1.0,3.0,72.09,43.8,0.0,0.0,0.0,0.0,0,rolling
2024-10-08,841,57816,OSELTAMIVIR 30MG CAPS/10 GN-NATCOF,0,1.0,3.0,72.09,43.8,0.0,0.0,0.0,0.0,0,rolling
2024-10-09,841,57816,OSELTAMIVIR 30MG CAPS/10 GN-NATCOF,0,1.0,3.0,72.09,43.8,0.0,0.0,0.0,0.0,0,rolling
2024-10-10,841,57816,OSELTAMIVIR 30MG CAPS/10 GN-NATCOF,0,1.0,3.0,72.09,43.8,0.0,0.0,0.0,0.0,0,rolling
2024-10-11,841,57816,OSELTAMIVIR 30MG CAPS/10 GN-NATCOF,1,1.0,3.0,72.09,43.8,0.0,0.0,1.0,1.0,0,rolling
2024-10-12,841,57816,OSELTAMIVIR 30MG CAPS/10 GN-NATCOF,0,1.0,3.0,72.09,43.8,0.0161,0.1324,0.0,0.0,0,rolling
2024-10-13,841,57816,OSELTAMIVIR 30MG CAPS/10 GN-NATCOF,0,1.0,3.0,72.09,43.8,0.0161,0.1324,0.0,0.0,0,rolling
2024-10-14,841,57816,OSELTAMIVIR 30MG CAPS/10 GN-NATCOF,0,1.0,3.0,72.09,43.8,0.0161,0.1324,0.0,0.0,0,rolling
2024-10-15,841,57816,OSELTAMIVIR 30MG CAPS/10 GN-NATCOF,0,1.0,3.0,72.09,43.8,0.0161,0.1324,0.0,0.0,0,rolling
2024-10-16,841,57816,OSELTAMIVIR 30MG CAPS/10 GN-NATCOF,0,1.0,3.0,72.09,43.8,0.0161,0.1324,0.0,0.0,0,rolling
2024-10-17,841,57816,OSELTAMIVIR 30MG CAPS/10 GN-NATCOF,0,1.0,3.0,72.09,43.8,0.0161,0.1324,0.0,0.0,0,rolling
2024-10-18,841,57816,OSELTAMIVIR 30MG CAPS/10 GN-NATCOF,1,1.0,3.0,72.09,43.8,0.0598,0.1324,0.0,0.0,0,rolling
2024-10-19,841,57816,OSELTAMIVIR 30MG CAPS/10 GN-NATCOF,0,1.0,3.0,72.09,43.8,0.0161,0.1324,0.0,0.0,0,rolling
2024-10-20,841,57816,OSELTAMIVIR 30MG CAPS/10 GN-NATCOF,0,1.0,3.0,72.09,43.8,0.0161,0.1324,0.0,0.0,0,rolling
2024-10-21,841,57816,OSELTAMIVIR 30MG CAPS/10 GN-NATCOF,0,1.0,3.0,72.09,43.8,0.0161,0.1324,0.0,0.0,0,rolling
2024-10-22,841,57816,OSELTAMIVIR 30MG CAPS/10 GN-NATCOF,0,1.0,3.0,72.09,43.8,0.0161,0.1324,0.0,0.0,0,rolling
2024-10-23,841,57816,OSELTAMIVIR 30MG CAPS/10 GN-NATCOF,0,1.0,3.0,72.09,43.8,0.0161,0.1324,0.0,0.0,0,rolling
2024-10-24,841,57816,OSELTAMIVIR 30MG CAPS/10 GN-NATCOF,0,1.0,3.0,72.09,43.8,0.0161,0.1324,0.0,0.0,0,rolling
2024-10-25,841,57816,OSELTAMIVIR 30MG CAPS/10 GN-NATCOF,1,1.0,3.0,72.09,43.8,0.0598,0.1324,0.0,0.0,0,rolling
2024-10-26,841,57816,OSELTAMIVIR 30MG CAPS/10 GN-NATCOF,0,1.0,3.0,72.09,43.8,0.0161,0.1324,0.0,0.0,0,rolling
2024-10-27,841,57816,OSELTAMIVIR 30MG CAPS/10 GN-NATCOF,0,1.0,3.0,72.09,43.8,0.0161,0.1324,0.0,0.0,0,rolling
2024-10-28,841,57816,OSELTAMIVIR 30MG CAPS/10 GN-NATCOF,0,1.0,3.0,72.09,43.8,0.0161,0.1324,0.0,0.0,0,rolling
2024-10-29,841,57816,OSELTAMIVIR 30MG CAPS/10 GN-NATCOF,0,1.0,3.0,72.09,43.8,0.0161,0.1324,0.0,0.0,0,rolling
2024-10-30,841,57816,OSELTAMIVIR 30MG CAPS/10 GN-NATCOF,0,1.0,3.0,72.09,43.8,0.0161,0.1324,0.0,0.0,0,rolling
2024-10-31,841,57816,OSELTAMIVIR 30MG CAPS/10 GN-NATCOF,0,1.0,3.0,72.09,43.8,0.0161,0.1324,0.0,0.0,0,rolling
2024-11-01,841,57816,OSELTAMIVIR 30MG CAPS/10 GN-NATCOF,1,1.0,3.0,72.09,43.8,0.0598,0.1324,0.0,0.0,0,rolling
2024-11-02,841,57816,OSELTAMIVIR 30MG CAPS/10 GN-NATCOF,0,1.0,3.0,72.09,43.8,0.0161,0.1324,0.0,0.0,0,rolling
2024-11-03,841,57816,OSELTAMIVIR 30MG CAPS/10 GN-NATCOF,0,1.0,3.0,72.09,43.8,0.0161,0.1324,0.0,0.0,0,rolling
2024-11-04,841,57816,OSELTAMIVIR 30MG CAPS/10 GN-NATCOF,0,1.0,3.0,72.09,43.8,0.0161,0.1324,0.0,0.0,0,rolling
2024-11-05,841,57816,OSELTAMIVIR 30MG CAPS/10 GN-NATCOF,0,1.0,3.0,72.09,43.8,0.0161,0.1324,0.0,0.0,0,rolling
2024-11-06,841,57816,OSELTAMIVIR 30MG CAPS/10 GN-NATCOF,0,1.0,3.0,72.09,43.8,0.0161,0.1324,0.0,0.0,0,rolling
2024-11-07,841,57816,OSELTAMIVIR 30MG CAPS/10 GN-NATCOF,0,1.0,3.0,72.09,43.8,0.0161,0.1324,0.0,0.0,0,rolling
2024-11-08,841,57816,OSELTAMIVIR 30MG CAPS/10 GN-NATCOF,1,1.0,3.0,72.09,43.8,0.0598,0.1324,0.0,0.0,0,rolling
2024-11-09,841,57816,OSELTAMIVIR 30MG CAPS/10 GN-NATCOF,0,1.0,3.0,72.09,43.8,0.0,0.1324,0.0,0.0,0,rolling
2024-11-10,841,57816,OSELTAMIVIR 30MG CAPS/10 GN-NATCOF,0,1.0,3.0,72.09,43.8,0.0,0.1324,0.0,0.0,0,rolling
2024-11-11,841,57816,OSELTAMIVIR 30MG CAPS/10 GN-NATCOF,0,1.0,3.0,72.09,43.8,0.0,0.1324,0.0,0.0,0,rolling
2024-11-12,841,57816,OSELTAMIVIR 30MG CAPS/10 GN-NATCOF,0,1.0,3.0,72.09,43.8,0.0,0.1324,0.0,0.0,0,rolling
2024-11-13,841,57816,OSELTAMIVIR 30MG CAPS/10 GN-NATCOF,0,1.0,3.0,72.09,43.8,0.0,0.1324,0.0,0.0,0,rolling
2024-11-14,841,57816,OSELTAMIVIR 30MG CAPS/10 GN-NATCOF,0,1.0,3.0,72.09,43.8,0.0,0.1324,0.0,0.0,0,rolling
2024-11-15,841,57816,OSELTAMIVIR 30MG CAPS/10 GN-NATCOF,1,1.0,3.0,72.09,43.8,0.0437,0.1324,0.0,0.0,0,rolling
2024-11-16,841,57816,OSELTAMIVIR 30MG CAPS/10 GN-NATCOF,0,1.0,3.0,72.09,43.8,0.0,0.1324,0.0,0.0,0,rolling
2024-11-17,841,57816,OSELTAMIVIR 30MG CAPS/10 GN-NATCOF,0,1.0,3.0,72.09,43.8,0.0,0.1324,0.0,0.0,0,rolling
2024-11-18,841,57816,OSELTAMIVIR 30MG CAPS/10 GN-NATCOF,0,1.0,3.0,72.09,43.8,0.0,0.1324,0.0,0.0,0,rolling
2024-11-19,841,57816,OSELTAMIVIR 30MG CAPS/10 GN-NATCOF,0,1.0,3.0,72.09,43.8,0.0,0.1324,0.0,0.0,0,rolling
2024-11-20,841,57816,OSELTAMIVIR 30MG CAPS/10 GN-NATCOF,0,1.0,3.0,72.09,43.8,0.0,0.1324,0.0,0.0,0,rolling
2024-11-21,841,57816,OSELTAMIVIR 30MG CAPS/10 GN-NATCOF,0,1.0,3.0,72.09,43.8,0.0,0.1324,0.0,0.0,0,rolling
2024-11-22,841,57816,OSELTAMIVIR 30MG CAPS/10 GN-NATCOF,1,1.0,3.0,72.09,43.8,0.0437,0.1324,0.0,0.0,0,rolling
2024-11-23,841,57816,OSELTAMIVIR 30MG CAPS/10 GN-NATCOF,0,1.0,3.0,72.09,43.8,0.0,0.1324,0.0,0.0,0,rolling
2024-11-24,841,57816,OSELTAMIVIR 30MG CAPS/10 GN-NATCOF,0,1.0,3.0,72.09,43.8,0.0,0.1324,0.0,0.0,0,rolling
2024-11-25,841,57816,OSELTAMIVIR 30MG CAPS/10 GN-NATCOF,0,1.0,3.0,72.09,43.8,0.0,0.1324,0.0,0.0,0,rolling
2024-11-26,841,57816,OSELTAMIVIR 30MG CAPS/10 GN-NATCOF,0,1.0,3.0,72.09,43.8,0.0,0.1324,0.0,0.0,0,rolling
2024-11-27,841,57816,OSELTAMIVIR 30MG CAPS/10 GN-NATCOF,0,1.0,3.0,72.09,43.8,0.0,0.1324,0.0,0.0,0,rolling
2024-11-28,841,57816,OSELTAMIVIR 30MG CAPS/10 GN-NATCOF,0,1.0,3.0,72.09,43.8,0.0,0.1324,0.0,0.0,0,rolling
2024-11-29,841,57816,OSELTAMIVIR 30MG CAPS/10 GN-NATCOF,1,1.0,3.0,72.09,43.8,0.0437,0.1324,0.0,0.0,0,rolling
2024-11-30,841,57816,OSELTAMIVIR 30MG CAPS/10 GN-NATCOF,0,1.0,3.0,72.09,43.8,0.0,0.1324,0.0,0.0,0,rolling
2024-12-01,841,57816,OSELTAMIVIR 30MG CAPS/10 GN-NATCOF,0,1.0,3.0,72.09,43.8,0.0,0.1324,0.0,0.0,0,rolling
2024-12-02,841,57816,OSELTAMIVIR 30MG CAPS/10 GN-NATCOF,0,1.0,3.0,72.09,43.8,0.0,0.1324,0.0,0.0,0,rolling
2024-12-03,841,57816,OSELTAMIVIR 30MG CAPS/10 GN-NATCOF,0,1.0,3.0,72.09,43.8,0.0,0.1324,0.0,0.0,0,rolling
2024-12-04,841,57816,OSELTAMIVIR 30MG CAPS/10 GN-NATCOF,0,1.0,3.0,72.09,43.8,0.0,0.1324,0.0,0.0,0,rolling
2024-12-05,841,57816,OSELTAMIVIR 30MG CAPS/10 GN-NATCOF,0,1.0,3.0,72.09,43.8,0.0,0.1324,0.0,0.0,0,rolling
2024-12-06,841,57816,OSELTAMIVIR 30MG CAPS/10 GN-NATCOF,1,1.0,3.0,72.09,43.8,0.0437,0.1324,0.0,0.0,0,rolling
2024-12-07,841,57816,OSELTAMIVIR 30MG CAPS/10 GN-NATCOF,0,1.0,3.0,72.09,43.8,0.0,0.0,0.0,0.0,0,rolling
2024-12-08,841,57816,OSELTAMIVIR 30MG CAPS/10 GN-NATCOF,0,1.0,3.0,72.09,43.8,0.0,0.0,2.0,2.0,0,rolling
2024-12-09,841,57816,OSELTAMIVIR 30MG CAPS/10 GN-NATCOF,0,1.0,3.0,72.09,43.8,0.0321,0.2649,0.0,0.0,1,rolling
2024-12-10,841,57816,OSELTAMIVIR 30MG CAPS/10 GN-NATCOF,0,1.0,3.0,72.09,43.8,0.0321,0.2649,0.0,0.0,1,rolling
2024-12-11,841,57816,OSELTAMIVIR 30MG CAPS/10 GN-NATCOF,0,1.0,3.0,72.09,43.8,0.0321,0.2649,0.0,0.0,1,rolling
2024-12-12,841,57816,OSELTAMIVIR 30MG CAPS/10 GN-NATCOF,0,1.0,3.0,72.09,43.8,0.0321,0.2649,0.0,0.0,0,rolling
2024-12-13,841,57816,OSELTAMIVIR 30MG CAPS/10 GN-NATCOF,1,1.0,3.0,72.09,43.8,0.0321,0.2649,0.0,0.0,0,rolling
2024-12-14,841,57816,OSELTAMIVIR 30MG CAPS/10 GN-NATCOF,0,1.0,3.0,72.09,43.8,0.0321,0.2649,0.0,0.0,0,rolling
2024-12-15,841,57816,OSELTAMIVIR 30MG CAPS/10 GN-NATCOF,0,1.0,3.0,72.09,43.8,0.1196,0.2649,0.0,0.0,0,rolling
2024-12-16,841,57816,OSELTAMIVIR 30MG CAPS/10 GN-NATCOF,0,1.0,3.0,72.09,43.8,0.0321,0.2649,0.0,0.0,0,rolling
2024-12-17,841,57816,OSELTAMIVIR 30MG CAPS/10 GN-NATCOF,0,1.0,3.0,72.09,43.8,0.0321,0.2649,0.0,0.0,0,rolling
2024-12-18,841,57816,OSELTAMIVIR 30MG CAPS/10 GN-NATCOF,0,1.0,3.0,72.09,43.8,0.0321,0.2649,0.0,0.0,0,rolling
2024-12-19,841,57816,OSELTAMIVIR 30MG CAPS/10 GN-NATCOF,0,1.0,3.0,72.09,43.8,0.0321,0.2649,0.0,0.0,0,rolling
2024-12-20,841,57816,OSELTAMIVIR 30MG CAPS/10 GN-NATCOF,1,1.0,3.0,72.09,43.8,0.0321,0.2649,0.0,0.0,0,rolling
2024-12-21,841,57816,OSELTAMIVIR 30MG CAPS/10 GN-NATCOF,0,1.0,3.0,72.09,43.8,0.0321,0.2649,0.0,0.0,0,rolling
2024-12-22,841,57816,OSELTAMIVIR 30MG CAPS/10 GN-NATCOF,0,1.0,3.0,72.09,43.8,0.1196,0.2649,0.0,0.0,0,rolling
2024-12-23,841,57816,OSELTAMIVIR 30MG CAPS/10 GN-NATCOF,0,1.0,3.0,72.09,43.8,0.0321,0.2649,0.0,0.0,0,rolling
2024-12-24,841,57816,OSELTAMIVIR 30MG CAPS/10 GN-NATCOF,0,1.0,3.0,72.09,43.8,0.0321,0.2649,0.0,0.0,0,rolling
2024-12-25,841,57816,OSELTAMIVIR 30MG CAPS/10 GN-NATCOF,0,1.0,3.0,72.09,43.8,0.0321,0.2649,0.0,0.0,0,rolling
2024-12-26,841,57816,OSELTAMIVIR 30MG CAPS/10 GN-NATCOF,0,1.0,3.0,72.09,43.8,0.0321,0.2649,0.0,0.0,0,rolling
2024-12-27,841,57816,OSELTAMIVIR 30MG CAPS/10 GN-NATCOF,1,1.0,3.0,72.09,43.8,0.0321,0.2649,0.0,0.0,0,rolling
2024-12-28,841,57816,OSELTAMIVIR 30MG CAPS/10 GN-NATCOF,0,1.0,3.0,72.09,43.8,0.0321,0.2649,2.0,2.0,0,rolling
2024-12-29,841,57816,OSELTAMIVIR 30MG CAPS/10 GN-NATCOF,0,1.0,3.0,72.09,43.8,0.1518,0.3712,0.0,0.0,0,rolling
2024-12-30,841,57816,OSELTAMIVIR 30MG CAPS/10 GN-NATCOF,0,1.0,3.0,72.09,43.8,0.0643,0.3712,0.0,0.0,1,rolling
2024-12-31,841,57816,OSELTAMIVIR 30MG CAPS/10 GN-NATCOF,0,1.0,3.0,72.09,43.8,0.0643,0.3712,0.0,0.0,1,rolling
2024-10-01,841,57817,OSELTAMIVIR 45MG CAPS/10 GN-NATCOF,1,1.0,3.0,108.14,65.71,0.0161,0.1324,0.0,0.0,0,rolling
2024-10-02,841,57817,OSELTAMIVIR 45MG CAPS/10 GN-NATCOF,0,1.0,3.0,108.14,65.71,0.0161,0.1324,0.0,0.0,0,rolling
2024-10-03,841,57817,OSELTAMIVIR 45MG CAPS/10 GN-NATCOF,0,1.0,3.0,108.14,65.71,0.0161,0.1324,0.0,0.0,0,rolling
2024-10-04,841,57817,OSELTAMIVIR 45MG CAPS/10 GN-NATCOF,1,1.0,3.0,108.14,65.71,0.0161,0.1324,0.0,0.0,0,rolling
2024-10-05,841,57817,OSELTAMIVIR 45MG CAPS/10 GN-NATCOF,0,1.0,3.0,108.14,65.71,0.0161,0.1324,0.0,0.0,0,rolling
2024-10-06,841,57817,OSELTAMIVIR 45MG CAPS/10 GN-NATCOF,0,1.0,3.0,108.14,65.71,0.0161,0.1324,0.0,0.0,0,rolling
2024-10-07,841,57817,OSELTAMIVIR 45MG CAPS/10 GN-NATCOF,0,1.0,3.0,108.14,65.71,0.0598,0.1324,0.0,0.0,0,rolling
2024-10-08,841,57817,OSELTAMIVIR 45MG CAPS/10 GN-NATCOF,0,1.0,3.0,108.14,65.71,0.0161,0.1324,0.0,0.0,0,rolling
2024-10-09,841,57817,OSELTAMIVIR 45MG CAPS/10 GN-NATCOF,0,1.0,3.0,108.14,65.71,0.0161,0.1324,0.0,0.0,0,rolling
2024-10-10,841,57817,OSELTAMIVIR 45MG CAPS/10 GN-NATCOF,0,1.0,3.0,108.14,65.71,0.0161,0.1324,0.0,0.0,0,rolling
2024-10-11,841,57817,OSELTAMIVIR 45MG CAPS/10 GN-NATCOF,1,1.0,3.0,108.14,65.71,0.0161,0.1324,0.0,0.0,0,rolling
2024-10-12,841,57817,OSELTAMIVIR 45MG CAPS/10 GN-NATCOF,0,1.0,3.0,108.14,65.71,0.0161,0.1324,0.0,0.0,0,rolling
2024-10-13,841,57817,OSELTAMIVIR 45MG CAPS/10 GN-NATCOF,0,1.0,3.0,108.14,65.71,0.0161,0.1324,0.0,0.0,0,rolling
2024-10-14,841,57817,OSELTAMIVIR 45MG CAPS/10 GN-NATCOF,0,1.0,3.0,108.14,65.71,0.0598,0.1324,0.0,0.0,0,rolling
2024-10-15,841,57817,OSELTAMIVIR 45MG CAPS/10 GN-NATCOF,0,1.0,3.0,108.14,65.71,0.0161,0.1324,0.0,0.0,0,rolling
2024-10-16,841,57817,OSELTAMIVIR 45MG CAPS/10 GN-NATCOF,0,1.0,3.0,108.14,65.71,0.0161,0.1324,0.0,0.0,0,rolling
2024-10-17,841,57817,OSELTAMIVIR 45MG CAPS/10 GN-NATCOF,0,1.0,3.0,108.14,65.71,0.0161,0.1324,0.0,0.0,0,rolling
2024-10-18,841,57817,OSELTAMIVIR 45MG CAPS/10 GN-NATCOF,1,1.0,3.0,108.14,65.71,0.0161,0.1324,0.0,0.0,0,rolling
2024-10-19,841,57817,OSELTAMIVIR 45MG CAPS/10 GN-NATCOF,0,1.0,3.0,108.14,65.71,0.0161,0.1324,0.0,0.0,0,rolling
2024-10-20,841,57817,OSELTAMIVIR 45MG CAPS/10 GN-NATCOF,0,1.0,3.0,108.14,65.71,0.0161,0.1324,0.0,0.0,0,rolling
2024-10-21,841,57817,OSELTAMIVIR 45MG CAPS/10 GN-NATCOF,0,1.0,3.0,108.14,65.71,0.0598,0.1324,0.0,0.0,0,rolling
2024-10-22,841,57817,OSELTAMIVIR 45MG CAPS/10 GN-NATCOF,0,1.0,3.0,108.14,65.71,0.0161,0.1324,0.0,0.0,0,rolling
2024-10-23,841,57817,OSELTAMIVIR 45MG CAPS/10 GN-NATCOF,0,1.0,3.0,108.14,65.71,0.0161,0.1324,0.0,0.0,0,rolling
2024-10-24,841,57817,OSELTAMIVIR 45MG CAPS/10 GN-NATCOF,0,1.0,3.0,108.14,65.71,0.0161,0.1324,0.0,0.0,0,rolling
2024-10-25,841,57817,OSELTAMIVIR 45MG CAPS/10 GN-NATCOF,1,1.0,3.0,108.14,65.71,0.0161,0.1324,0.0,0.0,0,rolling
2024-10-26,841,57817,OSELTAMIVIR 45MG CAPS/10 GN-NATCOF,0,1.0,3.0,108.14,65.71,0.0161,0.1324,0.0,0.0,0,rolling
2024-10-27,841,57817,OSELTAMIVIR 45MG CAPS/10 GN-NATCOF,0,1.0,3.0,108.14,65.71,0.0161,0.1324,0.0,0.0,0,rolling
2024-10-28,841,57817,OSELTAMIVIR 45MG CAPS/10 GN-NATCOF,0,1.0,3.0,108.14,65.71,0.0598,0.1324,0.0,0.0,0,rolling
2024-10-29,841,57817,OSELTAMIVIR 45MG CAPS/10 GN-NATCOF,0,1.0,3.0,108.14,65.71,0.0,0.1324,0.0,0.0,0,rolling
2024-10-30,841,57817,OSELTAMIVIR 45MG CAPS/10 GN-NATCOF,0,1.0,3.0,108.14,65.71,0.0,0.1324,0.0,0.0,0,rolling
2024-10-31,841,57817,OSELTAMIVIR 45MG CAPS/10 GN-NATCOF,0,1.0,3.0,108.14,65.71,0.0,0.1324,0.0,0.0,0,rolling
2024-11-01,841,57817,OSELTAMIVIR 45MG CAPS/10 GN-NATCOF,1,1.0,3.0,108.14,65.71,0.0,0.1324,0.0,0.0,0,rolling
2024-11-02,841,57817,OSELTAMIVIR 45MG CAPS/10 GN-NATCOF,0,1.0,3.0,108.14,65.71,0.0,0.1324,0.0,0.0,0,rolling
2024-11-03,841,57817,OSELTAMIVIR 45MG CAPS/10 GN-NATCOF,0,1.0,3.0,108.14,65.71,0.0,0.1324,0.0,0.0,0,rolling
2024-11-04,841,57817,OSELTAMIVIR 45MG CAPS/10 GN-NATCOF,0,1.0,3.0,108.14,65.71,0.0437,0.1324,0.0,0.0,0,rolling
2024-11-05,841,57817,OSELTAMIVIR 45MG CAPS/10 GN-NATCOF,0,1.0,3.0,108.14,65.71,0.0,0.1324,0.0,0.0,0,rolling
2024-11-06,841,57817,OSELTAMIVIR 45MG CAPS/10 GN-NATCOF,0,1.0,3.0,108.14,65.71,0.0,0.1324,0.0,0.0,0,rolling
2024-11-07,841,57817,OSELTAMIVIR 45MG CAPS/10 GN-NATCOF,0,1.0,3.0,108.14,65.71,0.0,0.1324,0.0,0.0,0,rolling
2024-11-08,841,57817,OSELTAMIVIR 45MG CAPS/10 GN-NATCOF,1,1.0,3.0,108.14,65.71,0.0,0.1324,0.0,0.0,0,rolling
2024-11-09,841,57817,OSELTAMIVIR 45MG CAPS/10 GN-NATCOF,0,1.0,3.0,108.14,65.71,0.0,0.1324,0.0,0.0,0,rolling
2024-11-10,841,57817,OSELTAMIVIR 45MG CAPS/10 GN-NATCOF,0,1.0,3.0,108.14,65.71,0.0,0.1324,0.0,0.0,0,rolling
2024-11-11,841,57817,OSELTAMIVIR 45MG CAPS/10 GN-NATCOF,0,1.0,3.0,108.14,65.71,0.0437,0.1324,0.0,0.0,0,rolling
2024-11-12,841,57817,OSELTAMIVIR 45MG CAPS/10 GN-NATCOF,0,1.0,3.0,108.14,65.71,0.0,0.1324,0.0,0.0,0,rolling
2024-11-13,841,57817,OSELTAMIVIR 45MG CAPS/10 GN-NATCOF,0,1.0,3.0,108.14,65.71,0.0,0.1324,0.0,0.0,0,rolling
2024-11-14,841,57817,OSELTAMIVIR 45MG CAPS/10 GN-NATCOF,0,1.0,3.0,108.14,65.71,0.0,0.1324,0.0,0.0,0,rolling
2024-11-15,841,57817,OSELTAMIVIR 45MG CAPS/10 GN-NATCOF,1,1.0,3.0,108.14,65.71,0.0,0.1324,0.0,0.0,0,rolling
2024-11-16,841,57817,OSELTAMIVIR 45MG CAPS/10 GN-NATCOF,0,1.0,3.0,108.14,65.71,0.0,0.1324,0.0,0.0,0,rolling
2024-11-17,841,57817,OSELTAMIVIR 45MG CAPS/10 GN-NATCOF,0,1.0,3.0,108.14,65.71,0.0,0.1324,0.0,0.0,0,rolling
2024-11-18,841,57817,OSELTAMIVIR 45MG CAPS/10 GN-NATCOF,0,1.0,3.0,108.14,65.71,0.0437,0.1324,0.0,0.0,0,rolling
2024-11-19,841,57817,OSELTAMIVIR 45MG CAPS/10 GN-NATCOF,0,1.0,3.0,108.14,65.71,0.0,0.1324,0.0,0.0,0,rolling
2024-11-20,841,57817,OSELTAMIVIR 45MG CAPS/10 GN-NATCOF,0,1.0,3.0,108.14,65.71,0.0,0.1324,0.0,0.0,0,rolling
2024-11-21,841,57817,OSELTAMIVIR 45MG CAPS/10 GN-NATCOF,0,1.0,3.0,108.14,65.71,0.0,0.1324,0.0,0.0,0,rolling
2024-11-22,841,57817,OSELTAMIVIR 45MG CAPS/10 GN-NATCOF,1,1.0,3.0,108.14,65.71,0.0,0.1324,0.0,0.0,0,rolling
2024-11-23,841,57817,OSELTAMIVIR 45MG CAPS/10 GN-NATCOF,0,1.0,3.0,108.14,65.71,0.0,0.1324,0.0,0.0,0,rolling
2024-11-24,841,57817,OSELTAMIVIR 45MG CAPS/10 GN-NATCOF,0,1.0,3.0,108.14,65.71,0.0,0.1324,0.0,0.0,0,rolling
2024-11-25,841,57817,OSELTAMIVIR 45MG CAPS/10 GN-NATCOF,0,1.0,3.0,108.14,65.71,0.0437,0.1324,0.0,0.0,0,rolling
2024-11-26,841,57817,OSELTAMIVIR 45MG CAPS/10 GN-NATCOF,0,1.0,3.0,108.14,65.71,0.0,0.0,0.0,0.0,0,rolling
2024-11-27,841,57817,OSELTAMIVIR 45MG CAPS/10 GN-NATCOF,0,1.0,3.0,108.14,65.71,0.0,0.0,0.0,0.0,0,rolling
2024-11-28,841,57817,OSELTAMIVIR 45MG CAPS/10 GN-NATCOF,0,1.0,3.0,108.14,65.71,0.0,0.0,0.0,0.0,0,rolling
2024-11-29,841,57817,OSELTAMIVIR 45MG CAPS/10 GN-NATCOF,1,1.0,3.0,108.14,65.71,0.0,0.0,0.0,0.0,0,rolling
2024-11-30,841,57817,OSELTAMIVIR 45MG CAPS/10 GN-NATCOF,0,1.0,3.0,108.14,65.71,0.0,0.0,0.0,0.0,0,rolling
2024-12-01,841,57817,OSELTAMIVIR 45MG CAPS/10 GN-NATCOF,0,1.0,3.0,108.14,65.71,0.0,0.0,0.0,0.0,0,rolling
2024-12-02,841,57817,OSELTAMIVIR 45MG CAPS/10 GN-NATCOF,0,1.0,3.0,108.14,65.71,0.0,0.0,0.0,0.0,0,rolling
2024-12-03,841,57817,OSELTAMIVIR 45MG CAPS/10 GN-NATCOF,0,1.0,3.0,108.14,65.71,0.0,0.0,0.0,0.0,0,rolling
2024-12-04,841,57817,OSELTAMIVIR 45MG CAPS/10 GN-NATCOF,0,1.0,3.0,108.14,65.71,0.0,0.0,0.0,0.0,0,rolling
2024-12-05,841,57817,OSELTAMIVIR 45MG CAPS/10 GN-NATCOF,0,1.0,3.0,108.14,65.71,0.0,0.0,0.0,0.0,0,rolling
2024-12-06,841,57817,OSELTAMIVIR 45MG CAPS/10 GN-NATCOF,1,1.0,3.0,108.14,65.71,0.0,0.0,0.0,0.0,0,rolling
2024-12-07,841,57817,OSELTAMIVIR 45MG CAPS/10 GN-NATCOF,0,1.0,3.0,108.14,65.71,0.0,0.0,0.0,0.0,0,rolling
2024-12-08,841,57817,OSELTAMIVIR 45MG CAPS/10 GN-NATCOF,0,1.0,3.0,108.14,65.71,0.0,0.0,0.0,0.0,0,rolling
2024-12-09,841,57817,OSELTAMIVIR 45MG CAPS/10 GN-NATCOF,0,1.0,3.0,108.14,65.71,0.0,0.0,0.0,0.0,0,rolling
2024-12-10,841,57817,OSELTAMIVIR 45MG CAPS/10 GN-NATCOF,0,1.0,3.0,108.14,65.71,0.0,0.0,1.0,1.0,0,rolling
2024-12-11,841,57817,OSELTAMIVIR 45MG CAPS/10 GN-NATCOF,0,1.0,3.0,108.14,65.71,0.0161,0.1324,0.0,0.0,0,rolling
2024-12-12,841,57817,OSELTAMIVIR 45MG CAPS/10 GN-NATCOF,0,1.0,3.0,108.14,65.71,0.0161,0.1324,0.0,0.0,0,rolling
2024-12-13,841,57817,OSELTAMIVIR 45MG CAPS/10 GN-NATCOF,1,1.0,3.0,108.14,65.71,0.0161,0.1324,0.0,0.0,0,rolling
2024-12-14,841,57817,OSELTAMIVIR 45MG CAPS/10 GN-NATCOF,0,1.0,3.0,108.14,65.71,0.0161,0.1324,0.0,0.0,0,rolling
2024-12-15,841,57817,OSELTAMIVIR 45MG CAPS/10 GN-NATCOF,0,1.0,3.0,108.14,65.71,0.0161,0.1324,0.0,0.0,0,rolling
2024-12-16,841,57817,OSELTAMIVIR 45MG CAPS/10 GN-NATCOF,0,1.0,3.0,108.14,65.71,0.0161,0.1324,0.0,0.0,0,rolling
2024-12-17,841,57817,OSELTAMIVIR 45MG CAPS/10 GN-NATCOF,0,1.0,3.0,108.14,65.71,0.0598,0.1324,0.0,0.0,0,rolling
2024-12-18,841,57817,OSELTAMIVIR 45MG CAPS/10 GN-NATCOF,0,1.0,3.0,108.14,65.71,0.0161,0.1324,0.0,0.0,0,rolling
2024-12-19,841,57817,OSELTAMIVIR 45MG CAPS/10 GN-NATCOF,0,1.0,3.0,108.14,65.71,0.0161,0.1324,0.0,0.0,0,rolling
2024-12-20,841,57817,OSELTAMIVIR 45MG CAPS/10 GN-NATCOF,1,1.0,3.0,108.14,65.71,0.0161,0.1324,0.0,0.0,0,rolling
2024-12-21,841,57817,OSELTAMIVIR 45MG CAPS/10 GN-NATCOF,0,1.0,3.0,108.14,65.71,0.0161,0.1324,0.0,0.0,0,rolling
2024-12-22,841,57817,OSELTAMIVIR 45MG CAPS/10 GN-NATCOF,0,1.0,3.0,108.14,65.71,0.0161,0.1324,0.0,0.0,0,rolling
2024-12-23,841,57817,OSELTAMIVIR 45MG CAPS/10 GN-NATCOF,0,1.0,3.0,108.14,65.71,0.0161,0.1324,0.0,0.0,0,rolling
2024-12-24,841,57817,OSELTAMIVIR 45MG CAPS/10 GN-NATCOF,0,1.0,3.0,108.14,65.71,0.0598,0.1324,0.0,0.0,0,rolling
2024-12-25,841,57817,OSELTAMIVIR 45MG CAPS/10 GN-NATCOF,0,1.0,3.0,108.14,65.71,0.0161,0.1324,0.0,0.0,0,rolling
2024-12-26,841,57817,OSELTAMIVIR 45MG CAPS/10 GN-NATCOF,0,1.0,3.0,108.14,65.71,0.0161,0.1324,0.0,0.0,0,rolling
2024-12-27,841,57817,OSELTAMIVIR 45MG CAPS/10 GN-NATCOF,1,1.0,3.0,108.14,65.71,0.0161,0.1324,0.0,0.0,0,rolling
2024-12-28,841,57817,OSELTAMIVIR 45MG CAPS/10 GN-NATCOF,0,1.0,3.0,108.14,65.71,0.0161,0.1324,0.0,0.0,0,rolling
2024-12-29,841,57817,OSELTAMIVIR 45MG CAPS/10 GN-NATCOF,0,1.0,3.0,108.14,65.71,0.0161,0.1324,0.0,0.0,0,rolling
2024-12-30,841,57817,OSELTAMIVIR 45MG CAPS/10 GN-NATCOF,0,1.0,3.0,108.14,65.71,0.0161,0.1324,0.0,0.0,0,rolling
2024-12-31,841,57817,OSELTAMIVIR 45MG CAPS/10 GN-NATCOF,0,1.0,3.0,108.14,65.71,0.0598,0.1324,0.0,0.0,0,rolling
2024-10-01,841,57912,LORATAMED D XPE 60ML,0,1.0,3.0,24.54,8.79,0.0,0.0,0.0,0.0,0,rolling
2024-10-02,841,57912,LORATAMED D XPE 60ML,0,1.0,3.0,24.54,8.79,0.0,0.0,0.0,0.0,0,rolling
2024-10-03,841,57912,LORATAMED D XPE 60ML,0,1.0,3.0,24.54,8.79,0.0,0.0,0.0,0.0,0,rolling
2024-10-04,841,57912,LORATAMED D XPE 60ML,0,1.0,3.0,24.54,8.79,0.0,0.0,0.0,0.0,0,rolling
2024-10-05,841,57912,LORATAMED D XPE 60ML,0,1.0,3.0,24.54,8.79,0.0,0.0,0.0,0.0,0,rolling
2024-10-06,841,57912,LORATAMED D XPE 60ML,0,1.0,3.0,24.54,8.79,0.0,0.0,0.0,0.0,0,rolling
2024-10-07,841,57912,LORATAMED D XPE 60ML,0,1.0,3.0,24.54,8.79,0.0,0.0,0.0,0.0,0,rolling
2024-10-08,841,57912,LORATAMED D XPE 60ML,0,1.0,3.0,24.54,8.79,0.0,0.0,0.0,0.0,0,rolling
2024-10-09,841,57912,LORATAMED D XPE 60ML,0,1.0,3.0,24.54,8.79,0.0,0.0,0.0,0.0,0,rolling
2024-10-10,841,57912,LORATAMED D XPE 60ML,0,1.0,3.0,24.54,8.79,0.0,0.0,0.0,0.0,0,rolling
2024-10-11,841,57912,LORATAMED D XPE 60ML,0,1.0,3.0,24.54,8.79,0.0,0.0,0.0,0.0,0,rolling
2024-10-12,841,57912,LORATAMED D XPE 60ML,0,1.0,3.0,24.54,8.79,0.0,0.0,0.0,0.0,0,rolling
2024-10-13,841,57912,LORATAMED D XPE 60ML,0,1.0,3.0,24.54,8.79,0.0,0.0,0.0,0.0,0,rolling
2024-10-14,841,57912,LORATAMED D XPE 60ML,0,1.0,3.0,24.54,8.79,0.0,0.0,0.0,0.0,0,rolling
2024-10-15,841,57912,LORATAMED D XPE 60ML,0,1.0,3.0,24.54,8.79,0.0,0.0,0.0,0.0,0,rolling
2024-10-16,841,57912,LORATAMED D XPE 60ML,0,1.0,3.0,24.54,8.79,0.0,0.0,0.0,0.0,0,rolling
2024-10-17,841,57912,LORATAMED D XPE 60ML,0,1.0,3.0,24.54,8.79,0.0,0.0,0.0,0.0,0,rolling
2024-10-18,841,57912,LORATAMED D XPE 60ML,0,1.0,3.0,24.54,8.79,0.0,0.0,0.0,0.0,1,rolling
2024-10-19,841,57912,LORATAMED D XPE 60ML,0,1.0,3.0,24.54,8.79,0.0,0.0,0.0,0.0,1,rolling
2024-10-20,841,57912,LORATAMED D XPE 60ML,0,1.0,3.0,24.54,8.79,0.0,0.0,0.0,0.0,0,rolling
2024-10-21,841,57912,LORATAMED D XPE 60ML,0,1.0,3.0,24.54,8.79,0.0,0.0,0.0,0.0,1,rolling
2024-10-22,841,57912,LORATAMED D XPE 60ML,0,1.0,3.0,24.54,8.79,0.0,0.0,0.0,0.0,1,rolling
2024-10-23,841,57912,LORATAMED D XPE 60ML,0,1.0,3.0,24.54,8.79,0.0,0.0,0.0,0.0,1,rolling
2024-10-24,841,57912,LORATAMED D XPE 60ML,0,1.0,3.0,24.54,8.79,0.0,0.0,0.0,0.0,0,rolling
2024-10-25,841,57912,LORATAMED D XPE 60ML,0,1.0,3.0,24.54,8.79,0.0,0.0,0.0,0.0,0,rolling
2024-10-26,841,57912,LORATAMED D XPE 60ML,0,1.0,3.0,24.54,8.79,0.0,0.0,0.0,0.0,0,rolling
2024-10-27,841,57912,LORATAMED D XPE 60ML,0,1.0,3.0,24.54,8.79,0.0,0.0,0.0,0.0,0,rolling
2024-10-28,841,57912,LORATAMED D XPE 60ML,0,1.0,3.0,24.54,8.79,0.0,0.0,0.0,0.0,0,rolling
2024-10-29,841,57912,LORATAMED D XPE 60ML,0,1.0,3.0,24.54,8.79,0.0,0.0,0.0,0.0,0,rolling
2024-10-30,841,57912,LORATAMED D XPE 60ML,0,1.0,3.0,24.54,8.79,0.0,0.0,0.0,0.0,0,rolling
2024-10-31,841,57912,LORATAMED D XPE 60ML,0,1.0,3.0,24.54,8.79,0.0,0.0,0.0,0.0,0,rolling
2024-11-01,841,57912,LORATAMED D XPE 60ML,0,1.0,3.0,24.54,8.79,0.0,0.0,0.0,0.0,0,rolling
2024-11-02,841,57912,LORATAMED D XPE 60ML,0,1.0,3.0,24.54,8.79,0.0,0.0,0.0,0.0,0,rolling
2024-11-03,841,57912,LORATAMED D XPE 60ML,0,1.0,3.0,24.54,8.79,0.0,0.0,0.0,0.0,0,rolling
2024-11-04,841,57912,LORATAMED D XPE 60ML,0,1.0,3.0,24.54,8.79,0.0,0.0,0.0,0.0,0,rolling
2024-11-05,841,57912,LORATAMED D XPE 60ML,0,1.0,3.0,24.54,8.79,0.0,0.0,0.0,0.0,0,rolling
2024-11-06,841,57912,LORATAMED D XPE 60ML,0,1.0,3.0,24.54,8.79,0.0,0.0,0.0,0.0,0,rolling
2024-11-07,841,57912,LORATAMED D XPE 60ML,0,1.0,3.0,24.54,8.79,0.0,0.0,0.0,0.0,0,rolling
2024-11-08,841,57912,LORATAMED D XPE 60ML,0,1.0,3.0,24.54,8.79,0.0,0.0,0.0,0.0,0,rolling
2024-11-09,841,57912,LORATAMED D XPE 60ML,0,1.0,3.0,24.54,8.79,0.0,0.0,0.0,0.0,0,rolling
2024-11-10,841,57912,LORATAMED D XPE 60ML,0,1.0,3.0,24.54,8.79,0.0,0.0,0.0,0.0,0,rolling
2024-11-11,841,57912,LORATAMED D XPE 60ML,0,1.0,3.0,24.54,8.79,0.0,0.0,0.0,0.0,0,rolling
2024-11-12,841,57912,LORATAMED D XPE 60ML,0,1.0,3.0,24.54,8.79,0.0,0.0,0.0,0.0,0,rolling
2024-11-13,841,57912,LORATAMED D XPE 60ML,0,1.0,3.0,24.54,8.79,0.0,0.0,0.0,0.0,0,rolling
2024-11-14,841,57912,LORATAMED D XPE 60ML,0,1.0,3.0,24.54,8.79,0.0,0.0,0.0,0.0,0,rolling
2024-11-15,841,57912,LORATAMED D XPE 60ML,0,1.0,3.0,24.54,8.79,0.0,0.0,0.0,0.0,0,rolling
2024-11-16,841,57912,LORATAMED D XPE 60ML,0,1.0,3.0,24.54,8.79,0.0,0.0,0.0,0.0,0,rolling
2024-11-17,841,57912,LORATAMED D XPE 60ML,0,1.0,3.0,24.54,8.79,0.0,0.0,0.0,0.0,0,rolling
2024-11-18,841,57912,LORATAMED D XPE 60ML,0,1.0,3.0,24.54,8.79,0.0,0.0,0.0,0.0,0,rolling
2024-11-19,841,57912,LORATAMED D XPE 60ML,0,1.0,3.0,24.54,8.79,0.0,0.0,0.0,0.0,0,rolling
2024-11-20,841,57912,LORATAMED D XPE 60ML,0,1.0,3.0,24.54,8.79,0.0,0.0,0.0,0.0,0,rolling
2024-11-21,841,57912,LORATAMED D XPE 60ML,0,1.0,3.0,24.54,8.79,0.0,0.0,0.0,0.0,0,rolling
2024-11-22,841,57912,LORATAMED D XPE 60ML,0,1.0,3.0,24.54,8.79,0.0,0.0,0.0,0.0,0,rolling
2024-11-23,841,57912,LORATAMED D XPE 60ML,0,1.0,3.0,24.54,8.79,0.0,0.0,0.0,0.0,0,rolling
2024-11-24,841,57912,LORATAMED D XPE 60ML,0,1.0,3.0,24.54,8.79,0.0,0.0,0.0,0.0,0,rolling
2024-11-25,841,57912,LORATAMED D XPE 60ML,0,1.0,3.0,24.54,8.79,0.0,0.0,0.0,0.0,0,rolling
2024-11-26,841,57912,LORATAMED D XPE 60ML,0,1.0,3.0,24.54,8.79,0.0,0.0,0.0,0.0,0,rolling
2024-11-27,841,57912,LORATAMED D XPE 60ML,0,1.0,3.0,24.54,8.79,0.0,0.0,0.0,0.0,0,rolling
2024-11-28,841,57912,LORATAMED D XPE 60ML,0,1.0,3.0,24.54,8.79,0.0,0.0,0.0,0.0,0,rolling
2024-11-29,841,57912,LORATAMED D XPE 60ML,0,1.0,3.0,24.54,8.79,0.0,0.0,0.0,0.0,0,rolling
2024-11-30,841,57912,LORATAMED D XPE 60ML,0,1.0,3.0,24.54,8.79,0.0,0.0,0.0,0.0,0,rolling
2024-12-01,841,57912,LORATAMED D XPE 60ML,0,1.0,3.0,24.54,8.79,0.0,0.0,0.0,0.0,0,rolling
2024-12-02,841,57912,LORATAMED D XPE 60ML,0,1.0,3.0,24.54,8.79,0.0,0.0,0.0,0.0,0,rolling
2024-12-03,841,57912,LORATAMED D XPE 60ML,0,1.0,3.0,24.54,8.79,0.0,0.0,0.0,0.0,0,rolling
2024-12-04,841,57912,LORATAMED D XPE 60ML,0,1.0,3.0,24.54,8.79,0.0,0.0,0.0,0.0,0,rolling
2024-12-05,841,57912,LORATAMED D XPE 60ML,0,1.0,3.0,24.54,8.79,0.0,0.0,0.0,0.0,0,rolling
2024-12-06,841,57912,LORATAMED D XPE 60ML,0,1.0,3.0,24.54,8.79,0.0,0.0,0.0,0.0,0,rolling
2024-12-07,841,57912,LORATAMED D XPE 60ML,0,1.0,3.0,24.54,8.79,0.0,0.0,0.0,0.0,0,rolling
2024-12-08,841,57912,LORATAMED D XPE 60ML,0,1.0,3.0,24.54,8.79,0.0,0.0,0.0,0.0,0,rolling
2024-12-09,841,57912,LORATAMED D XPE 60ML,0,1.0,3.0,24.54,8.79,0.0,0.0,0.0,0.0,0,rolling
2024-12-10,841,57912,LORATAMED D XPE 60ML,0,1.0,3.0,24.54,8.79,0.0,0.0,0.0,0.0,0,rolling
2024-12-11,841,57912,LORATAMED D XPE 60ML,0,1.0,3.0,24.54,8.79,0.0,0.0,0.0,0.0,0,rolling
2024-12-12,841,57912,LORATAMED D XPE 60ML,0,1.0,3.0,24.54,8.79,0.0,0.0,0.0,0.0,0,rolling
2024-12-13,841,57912,LORATAMED D XPE 60ML,0,1.0,3.0,24.54,8.79,0.0,0.0,0.0,0.0,0,rolling
2024-12-14,841,57912,LORATAMED D XPE 60ML,0,1.0,3.0,24.54,8.79,0.0,0.0,0.0,0.0,0,rolling
2024-12-15,841,57912,LORATAMED D XPE 60ML,0,1.0,3.0,24.54,8.79,0.0,0.0,0.0,0.0,0,rolling
2024-12-16,841,57912,LORATAMED D XPE 60ML,0,1.0,3.0,24.54,8.79,0.0,0.0,0.0,0.0,0,rolling
2024-12-17,841,57912,LORATAMED D XPE 60ML,0,1.0,3.0,24.54,8.79,0.0,0.0,0.0,0.0,0,rolling
2024-12-18,841,57912,LORATAMED D XPE 60ML,0,1.0,3.0,24.54,8.79,0.0,0.0,0.0,0.0,0,rolling
2024-12-19,841,57912,LORATAMED D XPE 60ML,0,1.0,3.0,24.54,8.79,0.0,0.0,0.0,0.0,0,rolling
2024-12-20,841,57912,LORATAMED D XPE 60ML,0,1.0,3.0,24.54,8.79,0.0,0.0,0.0,0.0,0,rolling
2024-12-21,841,57912,LORATAMED D XPE 60ML,0,1.0,3.0,24.54,8.79,0.0,0.0,0.0,0.0,0,rolling
2024-12-22,841,57912,LORATAMED D XPE 60ML,0,1.0,3.0,24.54,8.79,0.0,0.0,0.0,0.0,0,rolling
2024-12-23,841,57912,LORATAMED D XPE 60ML,0,1.0,3.0,24.54,8.79,0.0,0.0,0.0,0.0,0,rolling
2024-12-24,841,57912,LORATAMED D XPE 60ML,0,1.0,3.0,24.54,8.79,0.0,0.0,0.0,0.0,0,rolling
2024-12-25,841,57912,LORATAMED D XPE 60ML,0,1.0,3.0,24.54,8.79,0.0,0.0,0.0,0.0,0,rolling
2024-12-26,841,57912,LORATAMED D XPE 60ML,0,1.0,3.0,24.54,8.79,0.0,0.0,0.0,0.0,0,rolling
2024-12-27,841,57912,LORATAMED D XPE 60ML,0,1.0,3.0,24.54,8.79,0.0,0.0,0.0,0.0,0,rolling
2024-12-28,841,57912,LORATAMED D XPE 60ML,0,1.0,3.0,24.54,8.79,0.0,0.0,0.0,0.0,0,rolling
2024-12-29,841,57912,LORATAMED D XPE 60ML,0,1.0,3.0,24.54,8.79,0.0,0.0,0.0,0.0,0,rolling
2024-12-30,841,57912,LORATAMED D XPE 60ML,0,1.0,3.0,24.54,8.79,0.0,0.0,0.0,0.0,0,rolling
2024-12-31,841,57912,LORATAMED D XPE 60ML,0,1.0,3.0,24.54,8.79,0.0,0.0,0.0,0.0,0,rolling
2024-10-01,841,58701,ABRILAR XAROPE L-MENTOL 200ML,0,2.5,3.0,65.43,42.99,0.0,0.0,0.0,0.0,0,rolling
2024-10-02,841,58701,ABRILAR XAROPE L-MENTOL 200ML,0,2.5,3.0,65.43,42.99,0.0,0.0,0.0,0.0,0,rolling
2024-10-03,841,58701,ABRILAR XAROPE L-MENTOL 200ML,0,2.5,3.0,65.43,42.99,0.0,0.0,0.0,0.0,0,rolling
2024-10-04,841,58701,ABRILAR XAROPE L-MENTOL 200ML,0,2.5,3.0,65.43,42.99,0.0,0.0,0.0,0.0,0,rolling
2024-10-05,841,58701,ABRILAR XAROPE L-MENTOL 200ML,0,2.5,3.0,65.43,42.99,0.0,0.0,0.0,0.0,0,rolling
2024-10-06,841,58701,ABRILAR XAROPE L-MENTOL 200ML,0,2.5,3.0,65.43,42.99,0.0,0.0,0.0,0.0,0,rolling
2024-10-07,841,58701,ABRILAR XAROPE L-MENTOL 200ML,0,2.5,3.0,65.43,42.99,0.0,0.0,0.0,0.0,0,rolling
2024-10-08,841,58701,ABRILAR XAROPE L-MENTOL 200ML,0,2.5,3.0,65.43,42.99,0.0,0.0,0.0,0.0,0,rolling
2024-10-09,841,58701,ABRILAR XAROPE L-MENTOL 200ML,0,2.5,3.0,65.43,42.99,0.0,0.0,0.0,0.0,0,rolling
2024-10-10,841,58701,ABRILAR XAROPE L-MENTOL 200ML,0,2.5,3.0,65.43,42.99,0.0,0.0,0.0,0.0,0,rolling
2024-10-11,841,58701,ABRILAR XAROPE L-MENTOL 200ML,0,2.5,3.0,65.43,42.99,0.0,0.0,0.0,0.0,0,rolling
2024-10-12,841,58701,ABRILAR XAROPE L-MENTOL 200ML,0,2.5,3.0,65.43,42.99,0.0,0.0,0.0,0.0,0,rolling
2024-10-13,841,58701,ABRILAR XAROPE L-MENTOL 200ML,0,2.5,3.0,65.43,42.99,0.0,0.0,0.0,0.0,0,rolling
2024-10-14,841,58701,ABRILAR XAROPE L-MENTOL 200ML,0,2.5,3.0,65.43,42.99,0.0,0.0,0.0,0.0,0,rolling
2024-10-15,841,58701,ABRILAR XAROPE L-MENTOL 200ML,0,2.5,3.0,65.43,42.99,0.0,0.0,0.0,0.0,0,rolling
2024-10-16,841,58701,ABRILAR XAROPE L-MENTOL 200ML,0,2.5,3.0,65.43,42.99,0.0,0.0,0.0,0.0,0,rolling
2024-10-17,841,58701,ABRILAR XAROPE L-MENTOL 200ML,0,2.5,3.0,65.43,42.99,0.0,0.0,0.0,0.0,0,rolling
2024-10-18,841,58701,ABRILAR XAROPE L-MENTOL 200ML,0,2.5,3.0,65.43,42.99,0.0,0.0,0.0,0.0,0,rolling
2024-10-19,841,58701,ABRILAR XAROPE L-MENTOL 200ML,0,2.5,3.0,65.43,42.99,0.0,0.0,0.0,0.0,0,rolling
2024-10-20,841,58701,ABRILAR XAROPE L-MENTOL 200ML,0,2.5,3.0,65.43,42.99,0.0,0.0,0.0,0.0,0,rolling
2024-10-21,841,58701,ABRILAR XAROPE L-MENTOL 200ML,0,2.5,3.0,65.43,42.99,0.0,0.0,0.0,0.0,0,rolling
2024-10-22,841,58701,ABRILAR XAROPE L-MENTOL 200ML,0,2.5,3.0,65.43,42.99,0.0,0.0,0.0,0.0,0,rolling
2024-10-23,841,58701,ABRILAR XAROPE L-MENTOL 200ML,0,2.5,3.0,65.43,42.99,0.0,0.0,0.0,0.0,0,rolling
2024-10-24,841,58701,ABRILAR XAROPE L-MENTOL 200ML,0,2.5,3.0,65.43,42.99,0.0,0.0,0.0,0.0,0,rolling
2024-10-25,841,58701,ABRILAR XAROPE L-MENTOL 200ML,0,2.5,3.0,65.43,42.99,0.0,0.0,0.0,0.0,0,rolling
2024-10-26,841,58701,ABRILAR XAROPE L-MENTOL 200ML,0,2.5,3.0,65.43,42.99,0.0,0.0,0.0,0.0,0,rolling
2024-10-27,841,58701,ABRILAR XAROPE L-MENTOL 200ML,0,2.5,3.0,65.43,42.99,0.0,0.0,0.0,0.0,0,rolling
2024-10-28,841,58701,ABRILAR XAROPE L-MENTOL 200ML,0,2.5,3.0,65.43,42.99,0.0,0.0,0.0,0.0,0,rolling
2024-10-29,841,58701,ABRILAR XAROPE L-MENTOL 200ML,0,2.5,3.0,65.43,42.99,0.0,0.0,0.0,0.0,0,rolling
2024-10-30,841,58701,ABRILAR XAROPE L-MENTOL 200ML,0,2.5,3.0,65.43,42.99,0.0,0.0,0.0,0.0,0,rolling
2024-10-31,841,58701,ABRILAR XAROPE L-MENTOL 200ML,0,2.5,3.0,65.43,42.99,0.0,0.0,0.0,0.0,0,rolling
2024-11-01,841,58701,ABRILAR XAROPE L-MENTOL 200ML,0,2.5,3.0,65.43,42.99,0.0,0.0,0.0,0.0,0,rolling
2024-11-02,841,58701,ABRILAR XAROPE L-MENTOL 200ML,0,2.5,3.0,65.43,42.99,0.0,0.0,0.0,0.0,0,rolling
2024-11-03,841,58701,ABRILAR XAROPE L-MENTOL 200ML,0,2.5,3.0,65.43,42.99,0.0,0.0,0.0,0.0,0,rolling
2024-11-04,841,58701,ABRILAR XAROPE L-MENTOL 200ML,0,2.5,3.0,65.43,42.99,0.0,0.0,0.0,0.0,0,rolling
2024-11-05,841,58701,ABRILAR XAROPE L-MENTOL 200ML,0,2.5,3.0,65.43,42.99,0.0,0.0,0.0,0.0,0,rolling
2024-11-06,841,58701,ABRILAR XAROPE L-MENTOL 200ML,0,2.5,3.0,65.43,42.99,0.0,0.0,0.0,0.0,0,rolling
2024-11-07,841,58701,ABRILAR XAROPE L-MENTOL 200ML,0,2.5,3.0,65.43,42.99,0.0,0.0,1.0,1.0,0,rolling
2024-11-08,841,58701,ABRILAR XAROPE L-MENTOL 200ML,0,2.5,3.0,65.43,42.99,0.0161,0.1324,0.0,0.0,0,rolling
2024-11-09,841,58701,ABRILAR XAROPE L-MENTOL 200ML,0,2.5,3.0,65.43,42.99,0.0161,0.1324,0.0,0.0,0,rolling
2024-11-10,841,58701,ABRILAR XAROPE L-MENTOL 200ML,0,2.5,3.0,65.43,42.99,0.0161,0.1324,0.0,0.0,0,rolling
2024-11-11,841,58701,ABRILAR XAROPE L-MENTOL 200ML,0,2.5,3.0,65.43,42.99,0.0161,0.1324,0.0,0.0,0,rolling
2024-11-12,841,58701,ABRILAR XAROPE L-MENTOL 200ML,0,2.5,3.0,65.43,42.99,0.0161,0.1324,0.0,0.0,0,rolling
2024-11-13,841,58701,ABRILAR XAROPE L-MENTOL 200ML,0,2.5,3.0,65.43,42.99,0.0161,0.1324,0.0,0.0,0,rolling
2024-11-14,841,58701,ABRILAR XAROPE L-MENTOL 200ML,0,2.5,3.0,65.43,42.99,0.0598,0.1324,0.0,0.0,0,rolling
2024-11-15,841,58701,ABRILAR XAROPE L-MENTOL 200ML,0,2.5,3.0,65.43,42.99,0.0161,0.1324,0.0,0.0,0,rolling
2024-11-16,841,58701,ABRILAR XAROPE L-MENTOL 200ML,0,2.5,3.0,65.43,42.99,0.0161,0.1324,0.0,0.0,0,rolling
2024-11-17,841,58701,ABRILAR XAROPE L-MENTOL 200ML,0,2.5,3.0,65.43,42.99,0.0161,0.1324,0.0,0.0,0,rolling
2024-11-18,841,58701,ABRILAR XAROPE L-MENTOL 200ML,0,2.5,3.0,65.43,42.99,0.0161,0.1324,0.0,0.0,0,rolling
2024-11-19,841,58701,ABRILAR XAROPE L-MENTOL 200ML,0,2.5,3.0,65.43,42.99,0.0161,0.1324,0.0,0.0,0,rolling
2024-11-20,841,58701,ABRILAR XAROPE L-MENTOL 200ML,0,2.5,3.0,65.43,42.99,0.0161,0.1324,0.0,0.0,0,rolling
2024-11-21,841,58701,ABRILAR XAROPE L-MENTOL 200ML,0,2.5,3.0,65.43,42.99,0.0598,0.1324,0.0,0.0,0,rolling
2024-11-22,841,58701,ABRILAR XAROPE L-MENTOL 200ML,0,2.5,3.0,65.43,42.99,0.0161,0.1324,0.0,0.0,0,rolling
2024-11-23,841,58701,ABRILAR XAROPE L-MENTOL 200ML,0,2.5,3.0,65.43,42.99,0.0161,0.1324,0.0,0.0,0,rolling
2024-11-24,841,58701,ABRILAR XAROPE L-MENTOL 200ML,0,2.5,3.0,65.43,42.99,0.0161,0.1324,0.0,0.0,0,rolling
2024-11-25,841,58701,ABRILAR XAROPE L-MENTOL 200ML,0,2.5,3.0,65.43,42.99,0.0161,0.1324,0.0,0.0,0,rolling
2024-11-26,841,58701,ABRILAR XAROPE L-MENTOL 200ML,0,2.5,3.0,65.43,42.99,0.0161,0.1324,0.0,0.0,0,rolling
2024-11-27,841,58701,ABRILAR XAROPE L-MENTOL 200ML,0,2.5,3.0,65.43,42.99,0.0161,0.1324,0.0,0.0,0,rolling
2024-11-28,841,58701,ABRILAR XAROPE L-MENTOL 200ML,0,2.5,3.0,65.43,42.99,0.0598,0.1324,0.0,0.0,0,rolling
2024-11-29,841,58701,ABRILAR XAROPE L-MENTOL 200ML,0,2.5,3.0,65.43,42.99,0.0161,0.1324,0.0,0.0,0,rolling
2024-11-30,841,58701,ABRILAR XAROPE L-MENTOL 200ML,0,2.5,3.0,65.43,42.99,0.0161,0.1324,0.0,0.0,0,rolling
2024-12-01,841,58701,ABRILAR XAROPE L-MENTOL 200ML,0,2.5,3.0,65.43,42.99,0.0161,0.1324,0.0,0.0,0,rolling
2024-12-02,841,58701,ABRILAR XAROPE L-MENTOL 200ML,0,2.5,3.0,65.43,42.99,0.0161,0.1324,0.0,0.0,0,rolling
2024-12-03,841,58701,ABRILAR XAROPE L-MENTOL 200ML,0,2.5,3.0,65.43,42.99,0.0161,0.1324,0.0,0.0,0,rolling
2024-12-04,841,58701,ABRILAR XAROPE L-MENTOL 200ML,0,2.5,3.0,65.43,42.99,0.0161,0.1324,0.0,0.0,0,rolling
2024-12-05,841,58701,ABRILAR XAROPE L-MENTOL 200ML,0,2.5,3.0,65.43,42.99,0.0598,0.1324,0.0,0.0,0,rolling
2024-12-06,841,58701,ABRILAR XAROPE L-MENTOL 200ML,0,2.5,3.0,65.43,42.99,0.0,0.1324,0.0,0.0,0,rolling
2024-12-07,841,58701,ABRILAR XAROPE L-MENTOL 200ML,0,2.5,3.0,65.43,42.99,0.0,0.1324,0.0,0.0,0,rolling
2024-12-08,841,58701,ABRILAR XAROPE L-MENTOL 200ML,0,2.5,3.0,65.43,42.99,0.0,0.1324,0.0,0.0,0,rolling
2024-12-09,841,58701,ABRILAR XAROPE L-MENTOL 200ML,0,2.5,3.0,65.43,42.99,0.0,0.1324,0.0,0.0,0,rolling
2024-12-10,841,58701,ABRILAR XAROPE L-MENTOL 200ML,0,2.5,3.0,65.43,42.99,0.0,0.1324,0.0,0.0,0,rolling
2024-12-11,841,58701,ABRILAR XAROPE L-MENTOL 200ML,0,2.5,3.0,65.43,42.99,0.0,0.1324,0.0,0.0,0,rolling
2024-12-12,841,58701,ABRILAR XAROPE L-MENTOL 200ML,0,2.5,3.0,65.43,42.99,0.0437,0.1324,0.0,0.0,0,rolling
2024-12-13,841,58701,ABRILAR XAROPE L-MENTOL 200ML,0,2.5,3.0,65.43,42.99,0.0,0.1324,0.0,0.0,0,rolling
2024-12-14,841,58701,ABRILAR XAROPE L-MENTOL 200ML,0,2.5,3.0,65.43,42.99,0.0,0.1324,0.0,0.0,0,rolling
2024-12-15,841,58701,ABRILAR XAROPE L-MENTOL 200ML,0,2.5,3.0,65.43,42.99,0.0,0.1324,0.0,0.0,0,rolling
2024-12-16,841,58701,ABRILAR XAROPE L-MENTOL 200ML,0,2.5,3.0,65.43,42.99,0.0,0.1324,0.0,0.0,0,rolling
2024-12-17,841,58701,ABRILAR XAROPE L-MENTOL 200ML,0,2.5,3.0,65.43,42.99,0.0,0.1324,0.0,0.0,0,rolling
2024-12-18,841,58701,ABRILAR XAROPE L-MENTOL 200ML,0,2.5,3.0,65.43,42.99,0.0,0.1324,0.0,0.0,0,rolling
2024-12-19,841,58701,ABRILAR XAROPE L-MENTOL 200ML,0,2.5,3.0,65.43,42.99,0.0437,0.1324,0.0,0.0,0,rolling
2024-12-20,841,58701,ABRILAR XAROPE L-MENTOL 200ML,0,2.5,3.0,65.43,42.99,0.0,0.1324,0.0,0.0,0,rolling
2024-12-21,841,58701,ABRILAR XAROPE L-MENTOL 200ML,0,2.5,3.0,65.43,42.99,0.0,0.1324,0.0,0.0,0,rolling
2024-12-22,841,58701,ABRILAR XAROPE L-MENTOL 200ML,0,2.5,3.0,65.43,42.99,0.0,0.1324,0.0,0.0,0,rolling
2024-12-23,841,58701,ABRILAR XAROPE L-MENTOL 200ML,0,2.5,3.0,65.43,42.99,0.0,0.1324,0.0,0.0,0,rolling
2024-12-24,841,58701,ABRILAR XAROPE L-MENTOL 200ML,0,2.5,3.0,65.43,42.99,0.0,0.1324,0.0,0.0,0,rolling
2024-12-25,841,58701,ABRILAR XAROPE L-MENTOL 200ML,0,2.5,3.0,65.43,42.99,0.0,0.1324,0.0,0.0,0,rolling
2024-12-26,841,58701,ABRILAR XAROPE L-MENTOL 200ML,0,2.5,3.0,65.43,42.99,0.0437,0.1324,0.0,0.0,0,rolling
2024-12-27,841,58701,ABRILAR XAROPE L-MENTOL 200ML,0,2.5,3.0,65.43,42.99,0.0,0.1324,0.0,0.0,0,rolling
2024-12-28,841,58701,ABRILAR XAROPE L-MENTOL 200ML,0,2.5,3.0,65.43,42.99,0.0,0.1324,0.0,0.0,0,rolling
2024-12-29,841,58701,ABRILAR XAROPE L-MENTOL 200ML,0,2.5,3.0,65.43,42.99,0.0,0.1324,0.0,0.0,0,rolling
2024-12-30,841,58701,ABRILAR XAROPE L-MENTOL 200ML,0,2.5,3.0,65.43,42.99,0.0,0.1324,0.0,0.0,0,rolling
2024-12-31,841,58701,ABRILAR XAROPE L-MENTOL 200ML,0,2.5,3.0,65.43,42.99,0.0,0.1324,0.0,0.0,0,rolling
2024-10-01,841,62364,ALOFF XPE 60ML + SER,0,2.5,3.0,37.49,27.94,0.0,0.0,0.0,0.0,0,rolling
2024-10-02,841,62364,ALOFF XPE 60ML + SER,0,2.5,3.0,37.49,27.94,0.0,0.0,0.0,0.0,0,rolling
2024-10-03,841,62364,ALOFF XPE 60ML + SER,0,2.5,3.0,37.49,27.94,0.0,0.0,0.0,0.0,0,rolling
2024-10-04,841,62364,ALOFF XPE 60ML + SER,0,2.5,3.0,37.49,27.94,0.0,0.0,0.0,0.0,0,rolling
2024-10-05,841,62364,ALOFF XPE 60ML + SER,0,2.5,3.0,37.49,27.94,0.0,0.0,0.0,0.0,0,rolling
2024-10-06,841,62364,ALOFF XPE 60ML + SER,0,2.5,3.0,37.49,27.94,0.0,0.0,0.0,0.0,0,rolling
2024-10-07,841,62364,ALOFF XPE 60ML + SER,0,2.5,3.0,37.49,27.94,0.0,0.0,0.0,0.0,0,rolling
2024-10-08,841,62364,ALOFF XPE 60ML + SER,0,2.5,3.0,37.49,27.94,0.0,0.0,0.0,0.0,0,rolling
2024-10-09,841,62364,ALOFF XPE 60ML + SER,0,2.5,3.0,37.49,27.94,0.0,0.0,0.0,0.0,0,rolling
2024-10-10,841,62364,ALOFF XPE 60ML + SER,0,2.5,3.0,37.49,27.94,0.0,0.0,0.0,0.0,0,rolling
2024-10-11,841,62364,ALOFF XPE 60ML + SER,0,2.5,3.0,37.49,27.94,0.0,0.0,0.0,0.0,0,rolling
2024-10-12,841,62364,ALOFF XPE 60ML + SER,0,2.5,3.0,37.49,27.94,0.0,0.0,0.0,0.0,0,rolling
2024-10-13,841,62364,ALOFF XPE 60ML + SER,0,2.5,3.0,37.49,27.94,0.0,0.0,0.0,0.0,0,rolling
2024-10-14,841,62364,ALOFF XPE 60ML + SER,0,2.5,3.0,37.49,27.94,0.0,0.0,0.0,0.0,0,rolling
2024-10-15,841,62364,ALOFF XPE 60ML + SER,0,2.5,3.0,37.49,27.94,0.0,0.0,0.0,0.0,0,rolling
2024-10-16,841,62364,ALOFF XPE 60ML + SER,0,2.5,3.0,37.49,27.94,0.0,0.0,0.0,0.0,0,rolling
2024-10-17,841,62364,ALOFF XPE 60ML + SER,0,2.5,3.0,37.49,27.94,0.0,0.0,0.0,0.0,0,rolling
2024-10-18,841,62364,ALOFF XPE 60ML + SER,0,2.5,3.0,37.49,27.94,0.0,0.0,0.0,0.0,0,rolling
2024-10-19,841,62364,ALOFF XPE 60ML + SER,0,2.5,3.0,37.49,27.94,0.0,0.0,0.0,0.0,0,rolling
2024-10-20,841,62364,ALOFF XPE 60ML + SER,0,2.5,3.0,37.49,27.94,0.0,0.0,0.0,0.0,0,rolling
2024-10-21,841,62364,ALOFF XPE 60ML + SER,0,2.5,3.0,37.49,27.94,0.0,0.0,0.0,0.0,0,rolling
2024-10-22,841,62364,ALOFF XPE 60ML + SER,0,2.5,3.0,37.49,27.94,0.0,0.0,0.0,0.0,0,rolling
2024-10-23,841,62364,ALOFF XPE 60ML + SER,0,2.5,3.0,37.49,27.94,0.0,0.0,0.0,0.0,0,rolling
2024-10-24,841,62364,ALOFF XPE 60ML + SER,0,2.5,3.0,37.49,27.94,0.0,0.0,0.0,0.0,0,rolling
2024-10-25,841,62364,ALOFF XPE 60ML + SER,0,2.5,3.0,37.49,27.94,0.0,0.0,0.0,0.0,0,rolling
2024-10-26,841,62364,ALOFF XPE 60ML + SER,0,2.5,3.0,37.49,27.94,0.0,0.0,0.0,0.0,0,rolling
2024-10-27,841,62364,ALOFF XPE 60ML + SER,0,2.5,3.0,37.49,27.94,0.0,0.0,0.0,0.0,0,rolling
2024-10-28,841,62364,ALOFF XPE 60ML + SER,0,2.5,3.0,37.49,27.94,0.0,0.0,0.0,0.0,0,rolling
2024-10-29,841,62364,ALOFF XPE 60ML + SER,0,2.5,3.0,37.49,27.94,0.0,0.0,0.0,0.0,0,rolling
2024-10-30,841,62364,ALOFF XPE 60ML + SER,0,2.5,3.0,37.49,27.94,0.0,0.0,0.0,0.0,0,rolling
2024-10-31,841,62364,ALOFF XPE 60ML + SER,0,2.5,3.0,37.49,27.94,0.0,0.0,0.0,0.0,0,rolling
2024-11-01,841,62364,ALOFF XPE 60ML + SER,0,2.5,3.0,37.49,27.94,0.0,0.0,0.0,0.0,0,rolling
2024-11-02,841,62364,ALOFF XPE 60ML + SER,0,2.5,3.0,37.49,27.94,0.0,0.0,0.0,0.0,0,rolling
2024-11-03,841,62364,ALOFF XPE 60ML + SER,0,2.5,3.0,37.49,27.94,0.0,0.0,0.0,0.0,0,rolling
2024-11-04,841,62364,ALOFF XPE 60ML + SER,0,2.5,3.0,37.49,27.94,0.0,0.0,0.0,0.0,0,rolling
2024-11-05,841,62364,ALOFF XPE 60ML + SER,0,2.5,3.0,37.49,27.94,0.0,0.0,0.0,0.0,0,rolling
2024-11-06,841,62364,ALOFF XPE 60ML + SER,0,2.5,3.0,37.49,27.94,0.0,0.0,0.0,0.0,0,rolling
2024-11-07,841,62364,ALOFF XPE 60ML + SER,0,2.5,3.0,37.49,27.94,0.0,0.0,0.0,0.0,0,rolling
2024-11-08,841,62364,ALOFF XPE 60ML + SER,0,2.5,3.0,37.49,27.94,0.0,0.0,0.0,0.0,0,rolling
2024-11-09,841,62364,ALOFF XPE 60ML + SER,0,2.5,3.0,37.49,27.94,0.0,0.0,0.0,0.0,0,rolling
2024-11-10,841,62364,ALOFF XPE 60ML + SER,0,2.5,3.0,37.49,27.94,0.0,0.0,0.0,0.0,0,rolling
2024-11-11,841,62364,ALOFF XPE 60ML + SER,0,2.5,3.0,37.49,27.94,0.0,0.0,0.0,0.0,0,rolling
2024-11-12,841,62364,ALOFF XPE 60ML + SER,0,2.5,3.0,37.49,27.94,0.0,0.0,0.0,0.0,0,rolling
2024-11-13,841,62364,ALOFF XPE 60ML + SER,0,2.5,3.0,37.49,27.94,0.0,0.0,0.0,0.0,0,rolling
2024-11-14,841,62364,ALOFF XPE 60ML + SER,0,2.5,3.0,37.49,27.94,0.0,0.0,0.0,0.0,0,rolling
2024-11-15,841,62364,ALOFF XPE 60ML + SER,0,2.5,3.0,37.49,27.94,0.0,0.0,0.0,0.0,0,rolling
2024-11-16,841,62364,ALOFF XPE 60ML + SER,0,2.5,3.0,37.49,27.94,0.0,0.0,0.0,0.0,0,rolling
2024-11-17,841,62364,ALOFF XPE 60ML + SER,0,2.5,3.0,37.49,27.94,0.0,0.0,0.0,0.0,0,rolling
2024-11-18,841,62364,ALOFF XPE 60ML + SER,0,2.5,3.0,37.49,27.94,0.0,0.0,0.0,0.0,0,rolling
2024-11-19,841,62364,ALOFF XPE 60ML + SER,0,2.5,3.0,37.49,27.94,0.0,0.0,0.0,0.0,0,rolling
2024-11-20,841,62364,ALOFF XPE 60ML + SER,0,2.5,3.0,37.49,27.94,0.0,0.0,0.0,0.0,0,rolling
2024-11-21,841,62364,ALOFF XPE 60ML + SER,0,2.5,3.0,37.49,27.94,0.0,0.0,0.0,0.0,0,rolling
2024-11-22,841,62364,ALOFF XPE 60ML + SER,0,2.5,3.0,37.49,27.94,0.0,0.0,0.0,0.0,0,rolling
2024-11-23,841,62364,ALOFF XPE 60ML + SER,0,2.5,3.0,37.49,27.94,0.0,0.0,0.0,0.0,0,rolling
2024-11-24,841,62364,ALOFF XPE 60ML + SER,0,2.5,3.0,37.49,27.94,0.0,0.0,0.0,0.0,0,rolling
2024-11-25,841,62364,ALOFF XPE 60ML + SER,0,2.5,3.0,37.49,27.94,0.0,0.0,0.0,0.0,0,rolling
2024-11-26,841,62364,ALOFF XPE 60ML + SER,0,2.5,3.0,37.49,27.94,0.0,0.0,0.0,0.0,0,rolling
2024-11-27,841,62364,ALOFF XPE 60ML + SER,0,2.5,3.0,37.49,27.94,0.0,0.0,0.0,0.0,0,rolling
2024-11-28,841,62364,ALOFF XPE 60ML + SER,0,2.5,3.0,37.49,27.94,0.0,0.0,0.0,0.0,0,rolling
2024-11-29,841,62364,ALOFF XPE 60ML + SER,0,2.5,3.0,37.49,27.94,0.0,0.0,0.0,0.0,0,rolling
2024-11-30,841,62364,ALOFF XPE 60ML + SER,0,2.5,3.0,37.49,27.94,0.0,0.0,0.0,0.0,0,rolling
2024-12-01,841,62364,ALOFF XPE 60ML + SER,0,2.5,3.0,37.49,27.94,0.0,0.0,0.0,0.0,0,rolling
2024-12-02,841,62364,ALOFF XPE 60ML + SER,0,2.5,3.0,37.49,27.94,0.0,0.0,0.0,0.0,0,rolling
2024-12-03,841,62364,ALOFF XPE 60ML + SER,0,2.5,3.0,37.49,27.94,0.0,0.0,0.0,0.0,0,rolling
2024-12-04,841,62364,ALOFF XPE 60ML + SER,0,2.5,3.0,37.49,27.94,0.0,0.0,0.0,0.0,0,rolling
2024-12-05,841,62364,ALOFF XPE 60ML + SER,0,2.5,3.0,37.49,27.94,0.0,0.0,0.0,0.0,0,rolling
2024-12-06,841,62364,ALOFF XPE 60ML + SER,0,2.5,3.0,37.49,27.94,0.0,0.0,0.0,0.0,0,rolling
2024-12-07,841,62364,ALOFF XPE 60ML + SER,0,2.5,3.0,37.49,27.94,0.0,0.0,0.0,0.0,0,rolling
2024-12-08,841,62364,ALOFF XPE 60ML + SER,0,2.5,3.0,37.49,27.94,0.0,0.0,0.0,0.0,0,rolling
2024-12-09,841,62364,ALOFF XPE 60ML + SER,0,2.5,3.0,37.49,27.94,0.0,0.0,0.0,0.0,0,rolling
2024-12-10,841,62364,ALOFF XPE 60ML + SER,0,2.5,3.0,37.49,27.94,0.0,0.0,0.0,0.0,0,rolling
2024-12-11,841,62364,ALOFF XPE 60ML + SER,0,2.5,3.0,37.49,27.94,0.0,0.0,0.0,0.0,0,rolling
2024-12-12,841,62364,ALOFF XPE 60ML + SER,0,2.5,3.0,37.49,27.94,0.0,0.0,0.0,0.0,0,rolling
2024-12-13,841,62364,ALOFF XPE 60ML + SER,0,2.5,3.0,37.49,27.94,0.0,0.0,0.0,0.0,0,rolling
2024-12-14,841,62364,ALOFF XPE 60ML + SER,0,2.5,3.0,37.49,27.94,0.0,0.0,0.0,0.0,0,rolling
2024-12-15,841,62364,ALOFF XPE 60ML + SER,0,2.5,3.0,37.49,27.94,0.0,0.0,0.0,0.0,0,rolling
2024-12-16,841,62364,ALOFF XPE 60ML + SER,0,2.5,3.0,37.49,27.94,0.0,0.0,0.0,0.0,0,rolling
2024-12-17,841,62364,ALOFF XPE 60ML + SER,0,2.5,3.0,37.49,27.94,0.0,0.0,0.0,0.0,0,rolling
2024-12-18,841,62364,ALOFF XPE 60ML + SER,0,2.5,3.0,37.49,27.94,0.0,0.0,0.0,0.0,0,rolling
2024-12-19,841,62364,ALOFF XPE 60ML + SER,0,2.5,3.0,37.49,27.94,0.0,0.0,0.0,0.0,0,rolling
2024-12-20,841,62364,ALOFF XPE 60ML + SER,0,2.5,3.0,37.49,27.94,0.0,0.0,0.0,0.0,0,rolling
2024-12-21,841,62364,ALOFF XPE 60ML + SER,0,2.5,3.0,37.49,27.94,0.0,0.0,0.0,0.0,0,rolling
2024-12-22,841,62364,ALOFF XPE 60ML + SER,0,2.5,3.0,37.49,27.94,0.0,0.0,0.0,0.0,0,rolling
2024-12-23,841,62364,ALOFF XPE 60ML + SER,0,2.5,3.0,37.49,27.94,0.0,0.0,0.0,0.0,0,rolling
2024-12-24,841,62364,ALOFF XPE 60ML + SER,0,2.5,3.0,37.49,27.94,0.0,0.0,0.0,0.0,0,rolling
2024-12-25,841,62364,ALOFF XPE 60ML + SER,0,2.5,3.0,37.49,27.94,0.0,0.0,0.0,0.0,0,rolling
2024-12-26,841,62364,ALOFF XPE 60ML + SER,0,2.5,3.0,37.49,27.94,0.0,0.0,0.0,0.0,0,rolling
2024-12-27,841,62364,ALOFF XPE 60ML + SER,0,2.5,3.0,37.49,27.94,0.0,0.0,0.0,0.0,0,rolling
2024-12-28,841,62364,ALOFF XPE 60ML + SER,0,2.5,3.0,37.49,27.94,0.0,0.0,0.0,0.0,0,rolling
2024-12-29,841,62364,ALOFF XPE 60ML + SER,0,2.5,3.0,37.49,27.94,0.0,0.0,0.0,0.0,0,rolling
2024-12-30,841,62364,ALOFF XPE 60ML + SER,0,2.5,3.0,37.49,27.94,0.0,0.0,0.0,0.0,0,rolling
2024-12-31,841,62364,ALOFF XPE 60ML + SER,0,2.5,3.0,37.49,27.94,0.0,0.0,0.0,0.0,0,rolling
2024-10-01,841,62782,HEDERA CIMED 7MG/ML CEREJA XPE100ML,0,1.0,3.0,38.33,8.02,0.0,0.0,0.0,0.0,0,rolling
2024-10-02,841,62782,HEDERA CIMED 7MG/ML CEREJA XPE100ML,0,1.0,3.0,38.33,8.02,0.0,0.0,0.0,0.0,0,rolling
2024-10-03,841,62782,HEDERA CIMED 7MG/ML CEREJA XPE100ML,0,1.0,3.0,38.33,8.02,0.0,0.0,0.0,0.0,0,rolling
2024-10-04,841,62782,HEDERA CIMED 7MG/ML CEREJA XPE100ML,0,1.0,3.0,38.33,8.02,0.0,0.0,0.0,0.0,0,rolling
2024-10-05,841,62782,HEDERA CIMED 7MG/ML CEREJA XPE100ML,0,1.0,3.0,38.33,8.02,0.0,0.0,0.0,0.0,0,rolling
2024-10-06,841,62782,HEDERA CIMED 7MG/ML CEREJA XPE100ML,0,1.0,3.0,38.33,8.02,0.0,0.0,0.0,0.0,0,rolling
2024-10-07,841,62782,HEDERA CIMED 7MG/ML CEREJA XPE100ML,0,1.0,3.0,38.33,8.02,0.0,0.0,0.0,0.0,0,rolling
2024-10-08,841,62782,HEDERA CIMED 7MG/ML CEREJA XPE100ML,0,1.0,3.0,38.33,8.02,0.0,0.0,0.0,0.0,0,rolling
2024-10-09,841,62782,HEDERA CIMED 7MG/ML CEREJA XPE100ML,0,1.0,3.0,38.33,8.02,0.0,0.0,0.0,0.0,0,rolling
2024-10-10,841,62782,HEDERA CIMED 7MG/ML CEREJA XPE100ML,0,1.0,3.0,38.33,8.02,0.0,0.0,0.0,0.0,0,rolling
2024-10-11,841,62782,HEDERA CIMED 7MG/ML CEREJA XPE100ML,0,1.0,3.0,38.33,8.02,0.0,0.0,0.0,0.0,0,rolling
2024-10-12,841,62782,HEDERA CIMED 7MG/ML CEREJA XPE100ML,0,1.0,3.0,38.33,8.02,0.0,0.0,0.0,0.0,0,rolling
2024-10-13,841,62782,HEDERA CIMED 7MG/ML CEREJA XPE100ML,0,1.0,3.0,38.33,8.02,0.0,0.0,0.0,0.0,0,rolling
2024-10-14,841,62782,HEDERA CIMED 7MG/ML CEREJA XPE100ML,0,1.0,3.0,38.33,8.02,0.0,0.0,0.0,0.0,0,rolling
2024-10-15,841,62782,HEDERA CIMED 7MG/ML CEREJA XPE100ML,0,1.0,3.0,38.33,8.02,0.0,0.0,0.0,0.0,0,rolling
2024-10-16,841,62782,HEDERA CIMED 7MG/ML CEREJA XPE100ML,0,1.0,3.0,38.33,8.02,0.0,0.0,0.0,0.0,0,rolling
2024-10-17,841,62782,HEDERA CIMED 7MG/ML CEREJA XPE100ML,0,1.0,3.0,38.33,8.02,0.0,0.0,0.0,0.0,0,rolling
2024-10-18,841,62782,HEDERA CIMED 7MG/ML CEREJA XPE100ML,0,1.0,3.0,38.33,8.02,0.0,0.0,0.0,0.0,0,rolling
2024-10-19,841,62782,HEDERA CIMED 7MG/ML CEREJA XPE100ML,0,1.0,3.0,38.33,8.02,0.0,0.0,0.0,0.0,0,rolling
2024-10-20,841,62782,HEDERA CIMED 7MG/ML CEREJA XPE100ML,0,1.0,3.0,38.33,8.02,0.0,0.0,0.0,0.0,0,rolling
2024-10-21,841,62782,HEDERA CIMED 7MG/ML CEREJA XPE100ML,0,1.0,3.0,38.33,8.02,0.0,0.0,0.0,0.0,0,rolling
2024-10-22,841,62782,HEDERA CIMED 7MG/ML CEREJA XPE100ML,0,1.0,3.0,38.33,8.02,0.0,0.0,0.0,0.0,0,rolling
2024-10-23,841,62782,HEDERA CIMED 7MG/ML CEREJA XPE100ML,0,1.0,3.0,38.33,8.02,0.0,0.0,0.0,0.0,0,rolling
2024-10-24,841,62782,HEDERA CIMED 7MG/ML CEREJA XPE100ML,0,1.0,3.0,38.33,8.02,0.0,0.0,0.0,0.0,0,rolling
2024-10-25,841,62782,HEDERA CIMED 7MG/ML CEREJA XPE100ML,0,1.0,3.0,38.33,8.02,0.0,0.0,0.0,0.0,0,rolling
2024-10-26,841,62782,HEDERA CIMED 7MG/ML CEREJA XPE100ML,0,1.0,3.0,38.33,8.02,0.0,0.0,0.0,0.0,0,rolling
2024-10-27,841,62782,HEDERA CIMED 7MG/ML CEREJA XPE100ML,0,1.0,3.0,38.33,8.02,0.0,0.0,0.0,0.0,0,rolling
2024-10-28,841,62782,HEDERA CIMED 7MG/ML CEREJA XPE100ML,0,1.0,3.0,38.33,8.02,0.0,0.0,0.0,0.0,0,rolling
2024-10-29,841,62782,HEDERA CIMED 7MG/ML CEREJA XPE100ML,0,1.0,3.0,38.33,8.02,0.0,0.0,0.0,0.0,0,rolling
2024-10-30,841,62782,HEDERA CIMED 7MG/ML CEREJA XPE100ML,0,1.0,3.0,38.33,8.02,0.0,0.0,0.0,0.0,0,rolling
2024-10-31,841,62782,HEDERA CIMED 7MG/ML CEREJA XPE100ML,0,1.0,3.0,38.33,8.02,0.0,0.0,0.0,0.0,0,rolling
2024-11-01,841,62782,HEDERA CIMED 7MG/ML CEREJA XPE100ML,0,1.0,3.0,38.33,8.02,0.0,0.0,0.0,0.0,0,rolling
2024-11-02,841,62782,HEDERA CIMED 7MG/ML CEREJA XPE100ML,0,1.0,3.0,38.33,8.02,0.0,0.0,0.0,0.0,0,rolling
2024-11-03,841,62782,HEDERA CIMED 7MG/ML CEREJA XPE100ML,0,1.0,3.0,38.33,8.02,0.0,0.0,0.0,0.0,0,rolling
2024-11-04,841,62782,HEDERA CIMED 7MG/ML CEREJA XPE100ML,0,1.0,3.0,38.33,8.02,0.0,0.0,0.0,0.0,0,rolling
2024-11-05,841,62782,HEDERA CIMED 7MG/ML CEREJA XPE100ML,0,1.0,3.0,38.33,8.02,0.0,0.0,0.0,0.0,0,rolling
2024-11-06,841,62782,HEDERA CIMED 7MG/ML CEREJA XPE100ML,0,1.0,3.0,38.33,8.02,0.0,0.0,0.0,0.0,0,rolling
2024-11-07,841,62782,HEDERA CIMED 7MG/ML CEREJA XPE100ML,0,1.0,3.0,38.33,8.02,0.0,0.0,0.0,0.0,0,rolling
2024-11-08,841,62782,HEDERA CIMED 7MG/ML CEREJA XPE100ML,0,1.0,3.0,38.33,8.02,0.0,0.0,0.0,0.0,0,rolling
2024-11-09,841,62782,HEDERA CIMED 7MG/ML CEREJA XPE100ML,0,1.0,3.0,38.33,8.02,0.0,0.0,0.0,0.0,0,rolling
2024-11-10,841,62782,HEDERA CIMED 7MG/ML CEREJA XPE100ML,0,1.0,3.0,38.33,8.02,0.0,0.0,0.0,0.0,0,rolling
2024-11-11,841,62782,HEDERA CIMED 7MG/ML CEREJA XPE100ML,0,1.0,3.0,38.33,8.02,0.0,0.0,0.0,0.0,0,rolling
2024-11-12,841,62782,HEDERA CIMED 7MG/ML CEREJA XPE100ML,0,1.0,3.0,38.33,8.02,0.0,0.0,0.0,0.0,1,rolling
2024-11-13,841,62782,HEDERA CIMED 7MG/ML CEREJA XPE100ML,0,1.0,3.0,38.33,8.02,0.0,0.0,0.0,0.0,1,rolling
2024-11-14,841,62782,HEDERA CIMED 7MG/ML CEREJA XPE100ML,0,1.0,3.0,38.33,8.02,0.0,0.0,0.0,0.0,1,rolling
2024-11-15,841,62782,HEDERA CIMED 7MG/ML CEREJA XPE100ML,0,1.0,3.0,38.33,8.02,0.0,0.0,0.0,0.0,1,rolling
2024-11-16,841,62782,HEDERA CIMED 7MG/ML CEREJA XPE100ML,0,1.0,3.0,38.33,8.02,0.0,0.0,0.0,0.0,1,rolling
2024-11-17,841,62782,HEDERA CIMED 7MG/ML CEREJA XPE100ML,0,1.0,3.0,38.33,8.02,0.0,0.0,0.0,0.0,0,rolling
2024-11-18,841,62782,HEDERA CIMED 7MG/ML CEREJA XPE100ML,0,1.0,3.0,38.33,8.02,0.0,0.0,0.0,0.0,0,rolling
2024-11-19,841,62782,HEDERA CIMED 7MG/ML CEREJA XPE100ML,0,1.0,3.0,38.33,8.02,0.0,0.0,0.0,0.0,0,rolling
2024-11-20,841,62782,HEDERA CIMED 7MG/ML CEREJA XPE100ML,0,1.0,3.0,38.33,8.02,0.0,0.0,0.0,0.0,0,rolling
2024-11-21,841,62782,HEDERA CIMED 7MG/ML CEREJA XPE100ML,0,1.0,3.0,38.33,8.02,0.0,0.0,0.0,0.0,0,rolling
2024-11-22,841,62782,HEDERA CIMED 7MG/ML CEREJA XPE100ML,0,1.0,3.0,38.33,8.02,0.0,0.0,0.0,0.0,0,rolling
2024-11-23,841,62782,HEDERA CIMED 7MG/ML CEREJA XPE100ML,0,1.0,3.0,38.33,8.02,0.0,0.0,0.0,0.0,0,rolling
2024-11-24,841,62782,HEDERA CIMED 7MG/ML CEREJA XPE100ML,0,1.0,3.0,38.33,8.02,0.0,0.0,0.0,0.0,0,rolling
2024-11-25,841,62782,HEDERA CIMED 7MG/ML CEREJA XPE100ML,0,1.0,3.0,38.33,8.02,0.0,0.0,0.0,0.0,0,rolling
2024-11-26,841,62782,HEDERA CIMED 7MG/ML CEREJA XPE100ML,0,1.0,3.0,38.33,8.02,0.0,0.0,0.0,0.0,0,rolling
2024-11-27,841,62782,HEDERA CIMED 7MG/ML CEREJA XPE100ML,0,1.0,3.0,38.33,8.02,0.0,0.0,0.0,0.0,0,rolling
2024-11-28,841,62782,HEDERA CIMED 7MG/ML CEREJA XPE100ML,0,1.0,3.0,38.33,8.02,0.0,0.0,0.0,0.0,0,rolling
2024-11-29,841,62782,HEDERA CIMED 7MG/ML CEREJA XPE100ML,0,1.0,3.0,38.33,8.02,0.0,0.0,0.0,0.0,0,rolling
2024-11-30,841,62782,HEDERA CIMED 7MG/ML CEREJA XPE100ML,0,1.0,3.0,38.33,8.02,0.0,0.0,0.0,0.0,0,rolling
2024-12-01,841,62782,HEDERA CIMED 7MG/ML CEREJA XPE100ML,0,1.0,3.0,38.33,8.02,0.0,0.0,0.0,0.0,0,rolling
2024-12-02,841,62782,HEDERA CIMED 7MG/ML CEREJA XPE100ML,0,1.0,3.0,38.33,8.02,0.0,0.0,0.0,0.0,0,rolling
2024-12-03,841,62782,HEDERA CIMED 7MG/ML CEREJA XPE100ML,0,1.0,3.0,38.33,8.02,0.0,0.0,0.0,0.0,0,rolling
2024-12-04,841,62782,HEDERA CIMED 7MG/ML CEREJA XPE100ML,0,1.0,3.0,38.33,8.02,0.0,0.0,0.0,0.0,0,rolling
2024-12-05,841,62782,HEDERA CIMED 7MG/ML CEREJA XPE100ML,0,1.0,3.0,38.33,8.02,0.0,0.0,0.0,0.0,0,rolling
2024-12-06,841,62782,HEDERA CIMED 7MG/ML CEREJA XPE100ML,0,1.0,3.0,38.33,8.02,0.0,0.0,0.0,0.0,0,rolling
2024-12-07,841,62782,HEDERA CIMED 7MG/ML CEREJA XPE100ML,0,1.0,3.0,38.33,8.02,0.0,0.0,0.0,0.0,0,rolling
2024-12-08,841,62782,HEDERA CIMED 7MG/ML CEREJA XPE100ML,0,1.0,3.0,38.33,8.02,0.0,0.0,0.0,0.0,0,rolling
2024-12-09,841,62782,HEDERA CIMED 7MG/ML CEREJA XPE100ML,0,1.0,3.0,38.33,8.02,0.0,0.0,0.0,0.0,0,rolling
2024-12-10,841,62782,HEDERA CIMED 7MG/ML CEREJA XPE100ML,0,1.0,3.0,38.33,8.02,0.0,0.0,0.0,0.0,0,rolling
2024-12-11,841,62782,HEDERA CIMED 7MG/ML CEREJA XPE100ML,0,1.0,3.0,38.33,8.02,0.0,0.0,0.0,0.0,0,rolling
2024-12-12,841,62782,HEDERA CIMED 7MG/ML CEREJA XPE100ML,0,1.0,3.0,38.33,8.02,0.0,0.0,0.0,0.0,0,rolling
2024-12-13,841,62782,HEDERA CIMED 7MG/ML CEREJA XPE100ML,0,1.0,3.0,38.33,8.02,0.0,0.0,0.0,0.0,0,rolling
2024-12-14,841,62782,HEDERA CIMED 7MG/ML CEREJA XPE100ML,0,1.0,3.0,38.33,8.02,0.0,0.0,0.0,0.0,0,rolling
2024-12-15,841,62782,HEDERA CIMED 7MG/ML CEREJA XPE100ML,0,1.0,3.0,38.33,8.02,0.0,0.0,0.0,0.0,0,rolling
2024-12-16,841,62782,HEDERA CIMED 7MG/ML CEREJA XPE100ML,0,1.0,3.0,38.33,8.02,0.0,0.0,0.0,0.0,0,rolling
2024-12-17,841,62782,HEDERA CIMED 7MG/ML CEREJA XPE100ML,0,1.0,3.0,38.33,8.02,0.0,0.0,0.0,0.0,0,rolling
2024-12-18,841,62782,HEDERA CIMED 7MG/ML CEREJA XPE100ML,0,1.0,3.0,38.33,8.02,0.0,0.0,0.0,0.0,0,rolling
2024-12-19,841,62782,HEDERA CIMED 7MG/ML CEREJA XPE100ML,0,1.0,3.0,38.33,8.02,0.0,0.0,0.0,0.0,0,rolling
2024-12-20,841,62782,HEDERA CIMED 7MG/ML CEREJA XPE100ML,0,1.0,3.0,38.33,8.02,0.0,0.0,0.0,0.0,0,rolling
2024-12-21,841,62782,HEDERA CIMED 7MG/ML CEREJA XPE100ML,0,1.0,3.0,38.33,8.02,0.0,0.0,0.0,0.0,0,rolling
2024-12-22,841,62782,HEDERA CIMED 7MG/ML CEREJA XPE100ML,0,1.0,3.0,38.33,8.02,0.0,0.0,0.0,0.0,0,rolling
2024-12-23,841,62782,HEDERA CIMED 7MG/ML CEREJA XPE100ML,0,1.0,3.0,38.33,8.02,0.0,0.0,0.0,0.0,0,rolling
2024-12-24,841,62782,HEDERA CIMED 7MG/ML CEREJA XPE100ML,0,1.0,3.0,38.33,8.02,0.0,0.0,0.0,0.0,0,rolling
2024-12-25,841,62782,HEDERA CIMED 7MG/ML CEREJA XPE100ML,0,1.0,3.0,38.33,8.02,0.0,0.0,0.0,0.0,0,rolling
2024-12-26,841,62782,HEDERA CIMED 7MG/ML CEREJA XPE100ML,0,1.0,3.0,38.33,8.02,0.0,0.0,0.0,0.0,0,rolling
2024-12-27,841,62782,HEDERA CIMED 7MG/ML CEREJA XPE100ML,0,1.0,3.0,38.33,8.02,0.0,0.0,0.0,0.0,0,rolling
2024-12-28,841,62782,HEDERA CIMED 7MG/ML CEREJA XPE100ML,0,1.0,3.0,38.33,8.02,0.0,0.0,0.0,0.0,0,rolling
2024-12-29,841,62782,HEDERA CIMED 7MG/ML CEREJA XPE100ML,0,1.0,3.0,38.33,8.02,0.0,0.0,1.0,1.0,0,rolling
2024-12-30,841,62782,HEDERA CIMED 7MG/ML CEREJA XPE100ML,0,1.0,3.0,38.33,8.02,0.0161,0.1324,0.0,0.0,1,rolling
2024-12-31,841,62782,HEDERA CIMED 7MG/ML CEREJA XPE100ML,0,1.0,3.0,38.33,8.02,0.0161,0.1324,0.0,0.0,1,rolling
2024-10-01,841,76834,"SORINAN ADULTO 0,5MG SOL NASAL 30ML",0,2.5,3.0,9.19,3.34,0.0,0.0,0.0,0.0,0,rolling
2024-10-02,841,76834,"SORINAN ADULTO 0,5MG SOL NASAL 30ML",0,2.5,3.0,9.19,3.34,0.0,0.0,0.0,0.0,0,rolling
2024-10-03,841,76834,"SORINAN ADULTO 0,5MG SOL NASAL 30ML",0,2.5,3.0,9.19,3.34,0.0,0.0,0.0,0.0,0,rolling
2024-10-04,841,76834,"SORINAN ADULTO 0,5MG SOL NASAL 30ML",0,2.5,3.0,9.19,3.34,0.0,0.0,0.0,0.0,0,rolling
2024-10-05,841,76834,"SORINAN ADULTO 0,5MG SOL NASAL 30ML",0,2.5,3.0,9.19,3.34,0.0,0.0,0.0,0.0,0,rolling
2024-10-06,841,76834,"SORINAN ADULTO 0,5MG SOL NASAL 30ML",0,2.5,3.0,9.19,3.34,0.0,0.0,0.0,0.0,0,rolling
2024-10-07,841,76834,"SORINAN ADULTO 0,5MG SOL NASAL 30ML",0,2.5,3.0,9.19,3.34,0.0,0.0,0.0,0.0,0,rolling
2024-10-08,841,76834,"SORINAN ADULTO 0,5MG SOL NASAL 30ML",0,2.5,3.0,9.19,3.34,0.0,0.0,0.0,0.0,0,rolling
2024-10-09,841,76834,"SORINAN ADULTO 0,5MG SOL NASAL 30ML",0,2.5,3.0,9.19,3.34,0.0,0.0,0.0,0.0,0,rolling
2024-10-10,841,76834,"SORINAN ADULTO 0,5MG SOL NASAL 30ML",0,2.5,3.0,9.19,3.34,0.0,0.0,0.0,0.0,0,rolling
2024-10-11,841,76834,"SORINAN ADULTO 0,5MG SOL NASAL 30ML",0,2.5,3.0,9.19,3.34,0.0,0.0,0.0,0.0,0,rolling
2024-10-12,841,76834,"SORINAN ADULTO 0,5MG SOL NASAL 30ML",0,2.5,3.0,9.19,3.34,0.0,0.0,0.0,0.0,0,rolling
2024-10-13,841,76834,"SORINAN ADULTO 0,5MG SOL NASAL 30ML",0,2.5,3.0,9.19,3.34,0.0,0.0,0.0,0.0,0,rolling
2024-10-14,841,76834,"SORINAN ADULTO 0,5MG SOL NASAL 30ML",0,2.5,3.0,9.19,3.34,0.0,0.0,0.0,0.0,0,rolling
2024-10-15,841,76834,"SORINAN ADULTO 0,5MG SOL NASAL 30ML",0,2.5,3.0,9.19,3.34,0.0,0.0,0.0,0.0,0,rolling
2024-10-16,841,76834,"SORINAN ADULTO 0,5MG SOL NASAL 30ML",0,2.5,3.0,9.19,3.34,0.0,0.0,0.0,0.0,0,rolling
2024-10-17,841,76834,"SORINAN ADULTO 0,5MG SOL NASAL 30ML",0,2.5,3.0,9.19,3.34,0.0,0.0,0.0,0.0,0,rolling
2024-10-18,841,76834,"SORINAN ADULTO 0,5MG SOL NASAL 30ML",0,2.5,3.0,9.19,3.34,0.0,0.0,0.0,0.0,0,rolling
2024-10-19,841,76834,"SORINAN ADULTO 0,5MG SOL NASAL 30ML",0,2.5,3.0,9.19,3.34,0.0,0.0,0.0,0.0,0,rolling
2024-10-20,841,76834,"SORINAN ADULTO 0,5MG SOL NASAL 30ML",0,2.5,3.0,9.19,3.34,0.0,0.0,0.0,0.0,0,rolling
2024-10-21,841,76834,"SORINAN ADULTO 0,5MG SOL NASAL 30ML",0,2.5,3.0,9.19,3.34,0.0,0.0,0.0,0.0,0,rolling
2024-10-22,841,76834,"SORINAN ADULTO 0,5MG SOL NASAL 30ML",0,2.5,3.0,9.19,3.34,0.0,0.0,0.0,0.0,0,rolling
2024-10-23,841,76834,"SORINAN ADULTO 0,5MG SOL NASAL 30ML",0,2.5,3.0,9.19,3.34,0.0,0.0,0.0,0.0,0,rolling
2024-10-24,841,76834,"SORINAN ADULTO 0,5MG SOL NASAL 30ML",0,2.5,3.0,9.19,3.34,0.0,0.0,0.0,0.0,0,rolling
2024-10-25,841,76834,"SORINAN ADULTO 0,5MG SOL NASAL 30ML",0,2.5,3.0,9.19,3.34,0.0,0.0,0.0,0.0,0,rolling
2024-10-26,841,76834,"SORINAN ADULTO 0,5MG SOL NASAL 30ML",0,2.5,3.0,9.19,3.34,0.0,0.0,0.0,0.0,0,rolling
2024-10-27,841,76834,"SORINAN ADULTO 0,5MG SOL NASAL 30ML",0,2.5,3.0,9.19,3.34,0.0,0.0,0.0,0.0,0,rolling
2024-10-28,841,76834,"SORINAN ADULTO 0,5MG SOL NASAL 30ML",0,2.5,3.0,9.19,3.34,0.0,0.0,0.0,0.0,0,rolling
2024-10-29,841,76834,"SORINAN ADULTO 0,5MG SOL NASAL 30ML",0,2.5,3.0,9.19,3.34,0.0,0.0,0.0,0.0,0,rolling
2024-10-30,841,76834,"SORINAN ADULTO 0,5MG SOL NASAL 30ML",0,2.5,3.0,9.19,3.34,0.0,0.0,0.0,0.0,0,rolling
2024-10-31,841,76834,"SORINAN ADULTO 0,5MG SOL NASAL 30ML",0,2.5,3.0,9.19,3.34,0.0,0.0,0.0,0.0,0,rolling
2024-11-01,841,76834,"SORINAN ADULTO 0,5MG SOL NASAL 30ML",0,2.5,3.0,9.19,3.34,0.0,0.0,0.0,0.0,0,rolling
2024-11-02,841,76834,"SORINAN ADULTO 0,5MG SOL NASAL 30ML",0,2.5,3.0,9.19,3.34,0.0,0.0,0.0,0.0,0,rolling
2024-11-03,841,76834,"SORINAN ADULTO 0,5MG SOL NASAL 30ML",0,2.5,3.0,9.19,3.34,0.0,0.0,0.0,0.0,0,rolling
2024-11-04,841,76834,"SORINAN ADULTO 0,5MG SOL NASAL 30ML",0,2.5,3.0,9.19,3.34,0.0,0.0,0.0,0.0,0,rolling
2024-11-05,841,76834,"SORINAN ADULTO 0,5MG SOL NASAL 30ML",0,2.5,3.0,9.19,3.34,0.0,0.0,0.0,0.0,0,rolling
2024-11-06,841,76834,"SORINAN ADULTO 0,5MG SOL NASAL 30ML",0,2.5,3.0,9.19,3.34,0.0,0.0,0.0,0.0,0,rolling
2024-11-07,841,76834,"SORINAN ADULTO 0,5MG SOL NASAL 30ML",0,2.5,3.0,9.19,3.34,0.0,0.0,0.0,0.0,0,rolling
2024-11-08,841,76834,"SORINAN ADULTO 0,5MG SOL NASAL 30ML",0,2.5,3.0,9.19,3.34,0.0,0.0,0.0,0.0,0,rolling
2024-11-09,841,76834,"SORINAN ADULTO 0,5MG SOL NASAL 30ML",0,2.5,3.0,9.19,3.34,0.0,0.0,0.0,0.0,0,rolling
2024-11-10,841,76834,"SORINAN ADULTO 0,5MG SOL NASAL 30ML",0,2.5,3.0,9.19,3.34,0.0,0.0,0.0,0.0,0,rolling
2024-11-11,841,76834,"SORINAN ADULTO 0,5MG SOL NASAL 30ML",0,2.5,3.0,9.19,3.34,0.0,0.0,0.0,0.0,0,rolling
2024-11-12,841,76834,"SORINAN ADULTO 0,5MG SOL NASAL 30ML",0,2.5,3.0,9.19,3.34,0.0,0.0,0.0,0.0,0,rolling
2024-11-13,841,76834,"SORINAN ADULTO 0,5MG SOL NASAL 30ML",0,2.5,3.0,9.19,3.34,0.0,0.0,0.0,0.0,0,rolling
2024-11-14,841,76834,"SORINAN ADULTO 0,5MG SOL NASAL 30ML",0,2.5,3.0,9.19,3.34,0.0,0.0,0.0,0.0,0,rolling
2024-11-15,841,76834,"SORINAN ADULTO 0,5MG SOL NASAL 30ML",0,2.5,3.0,9.19,3.34,0.0,0.0,0.0,0.0,0,rolling
2024-11-16,841,76834,"SORINAN ADULTO 0,5MG SOL NASAL 30ML",0,2.5,3.0,9.19,3.34,0.0,0.0,0.0,0.0,0,rolling
2024-11-17,841,76834,"SORINAN ADULTO 0,5MG SOL NASAL 30ML",0,2.5,3.0,9.19,3.34,0.0,0.0,0.0,0.0,0,rolling
2024-11-18,841,76834,"SORINAN ADULTO 0,5MG SOL NASAL 30ML",0,2.5,3.0,9.19,3.34,0.0,0.0,0.0,0.0,0,rolling
2024-11-19,841,76834,"SORINAN ADULTO 0,5MG SOL NASAL 30ML",0,2.5,3.0,9.19,3.34,0.0,0.0,0.0,0.0,0,rolling
2024-11-20,841,76834,"SORINAN ADULTO 0,5MG SOL NASAL 30ML",0,2.5,3.0,9.19,3.34,0.0,0.0,0.0,0.0,0,rolling
2024-11-21,841,76834,"SORINAN ADULTO 0,5MG SOL NASAL 30ML",0,2.5,3.0,9.19,3.34,0.0,0.0,0.0,0.0,0,rolling
2024-11-22,841,76834,"SORINAN ADULTO 0,5MG SOL NASAL 30ML",0,2.5,3.0,9.19,3.34,0.0,0.0,0.0,0.0,0,rolling
2024-11-23,841,76834,"SORINAN ADULTO 0,5MG SOL NASAL 30ML",0,2.5,3.0,9.19,3.34,0.0,0.0,0.0,0.0,0,rolling
2024-11-24,841,76834,"SORINAN ADULTO 0,5MG SOL NASAL 30ML",0,2.5,3.0,9.19,3.34,0.0,0.0,0.0,0.0,0,rolling
2024-11-25,841,76834,"SORINAN ADULTO 0,5MG SOL NASAL 30ML",0,2.5,3.0,9.19,3.34,0.0,0.0,0.0,0.0,0,rolling
2024-11-26,841,76834,"SORINAN ADULTO 0,5MG SOL NASAL 30ML",0,2.5,3.0,9.19,3.34,0.0,0.0,0.0,0.0,0,rolling
2024-11-27,841,76834,"SORINAN ADULTO 0,5MG SOL NASAL 30ML",0,2.5,3.0,9.19,3.34,0.0,0.0,0.0,0.0,0,rolling
2024-11-28,841,76834,"SORINAN ADULTO 0,5MG SOL NASAL 30ML",0,2.5,3.0,9.19,3.34,0.0,0.0,0.0,0.0,0,rolling
2024-11-29,841,76834,"SORINAN ADULTO 0,5MG SOL NASAL 30ML",0,2.5,3.0,9.19,3.34,0.0,0.0,0.0,0.0,0,rolling
2024-11-30,841,76834,"SORINAN ADULTO 0,5MG SOL NASAL 30ML",0,2.5,3.0,9.19,3.34,0.0,0.0,0.0,0.0,0,rolling
2024-12-01,841,76834,"SORINAN ADULTO 0,5MG SOL NASAL 30ML",0,2.5,3.0,9.19,3.34,0.0,0.0,0.0,0.0,0,rolling
2024-12-02,841,76834,"SORINAN ADULTO 0,5MG SOL NASAL 30ML",0,2.5,3.0,9.19,3.34,0.0,0.0,0.0,0.0,0,rolling
2024-12-03,841,76834,"SORINAN ADULTO 0,5MG SOL NASAL 30ML",0,2.5,3.0,9.19,3.34,0.0,0.0,0.0,0.0,0,rolling
2024-12-04,841,76834,"SORINAN ADULTO 0,5MG SOL NASAL 30ML",0,2.5,3.0,9.19,3.34,0.0,0.0,0.0,0.0,0,rolling
2024-12-05,841,76834,"SORINAN ADULTO 0,5MG SOL NASAL 30ML",0,2.5,3.0,9.19,3.34,0.0,0.0,0.0,0.0,0,rolling
2024-12-06,841,76834,"SORINAN ADULTO 0,5MG SOL NASAL 30ML",0,2.5,3.0,9.19,3.34,0.0,0.0,0.0,0.0,0,rolling
2024-12-07,841,76834,"SORINAN ADULTO 0,5MG SOL NASAL 30ML",0,2.5,3.0,9.19,3.34,0.0,0.0,0.0,0.0,0,rolling
2024-12-08,841,76834,"SORINAN ADULTO 0,5MG SOL NASAL 30ML",0,2.5,3.0,9.19,3.34,0.0,0.0,0.0,0.0,0,rolling
2024-12-09,841,76834,"SORINAN ADULTO 0,5MG SOL NASAL 30ML",0,2.5,3.0,9.19,3.34,0.0,0.0,0.0,0.0,0,rolling
2024-12-10,841,76834,"SORINAN ADULTO 0,5MG SOL NASAL 30ML",0,2.5,3.0,9.19,3.34,0.0,0.0,0.0,0.0,0,rolling
2024-12-11,841,76834,"SORINAN ADULTO 0,5MG SOL NASAL 30ML",0,2.5,3.0,9.19,3.34,0.0,0.0,0.0,0.0,0,rolling
2024-12-12,841,76834,"SORINAN ADULTO 0,5MG SOL NASAL 30ML",0,2.5,3.0,9.19,3.34,0.0,0.0,0.0,0.0,0,rolling
2024-12-13,841,76834,"SORINAN ADULTO 0,5MG SOL NASAL 30ML",0,2.5,3.0,9.19,3.34,0.0,0.0,0.0,0.0,0,rolling
2024-12-14,841,76834,"SORINAN ADULTO 0,5MG SOL NASAL 30ML",0,2.5,3.0,9.19,3.34,0.0,0.0,0.0,0.0,0,rolling
2024-12-15,841,76834,"SORINAN ADULTO 0,5MG SOL NASAL 30ML",0,2.5,3.0,9.19,3.34,0.0,0.0,0.0,0.0,0,rolling
2024-12-16,841,76834,"SORINAN ADULTO 0,5MG SOL NASAL 30ML",0,2.5,3.0,9.19,3.34,0.0,0.0,0.0,0.0,0,rolling
2024-12-17,841,76834,"SORINAN ADULTO 0,5MG SOL NASAL 30ML",0,2.5,3.0,9.19,3.34,0.0,0.0,0.0,0.0,0,rolling
2024-12-18,841,76834,"SORINAN ADULTO 0,5MG SOL NASAL 30ML",0,2.5,3.0,9.19,3.34,0.0,0.0,0.0,0.0,0,rolling
2024-12-19,841,76834,"SORINAN ADULTO 0,5MG SOL NASAL 30ML",0,2.5,3.0,9.19,3.34,0.0,0.0,0.0,0.0,0,rolling
2024-12-20,841,76834,"SORINAN ADULTO 0,5MG SOL NASAL 30ML",0,2.5,3.0,9.19,3.34,0.0,0.0,0.0,0.0,0,rolling
2024-12-21,841,76834,"SORINAN ADULTO 0,5MG SOL NASAL 30ML",0,2.5,3.0,9.19,3.34,0.0,0.0,0.0,0.0,0,rolling
2024-12-22,841,76834,"SORINAN ADULTO 0,5MG SOL NASAL 30ML",0,2.5,3.0,9.19,3.34,0.0,0.0,0.0,0.0,0,rolling
2024-12-23,841,76834,"SORINAN ADULTO 0,5MG SOL NASAL 30ML",0,2.5,3.0,9.19,3.34,0.0,0.0,0.0,0.0,0,rolling
2024-12-24,841,76834,"SORINAN ADULTO 0,5MG SOL NASAL 30ML",0,2.5,3.0,9.19,3.34,0.0,0.0,0.0,0.0,0,rolling
2024-12-25,841,76834,"SORINAN ADULTO 0,5MG SOL NASAL 30ML",0,2.5,3.0,9.19,3.34,0.0,0.0,0.0,0.0,0,rolling
2024-12-26,841,76834,"SORINAN ADULTO 0,5MG SOL NASAL 30ML",0,2.5,3.0,9.19,3.34,0.0,0.0,0.0,0.0,0,rolling
2024-12-27,841,76834,"SORINAN ADULTO 0,5MG SOL NASAL 30ML",0,2.5,3.0,9.19,3.34,0.0,0.0,0.0,0.0,0,rolling
2024-12-28,841,76834,"SORINAN ADULTO 0,5MG SOL NASAL 30ML",0,2.5,3.0,9.19,3.34,0.0,0.0,0.0,0.0,0,rolling
2024-12-29,841,76834,"SORINAN ADULTO 0,5MG SOL NASAL 30ML",0,2.5,3.0,9.19,3.34,0.0,0.0,0.0,0.0,0,rolling
2024-12-30,841,76834,"SORINAN ADULTO 0,5MG SOL NASAL 30ML",0,2.5,3.0,9.19,3.34,0.0,0.0,0.0,0.0,0,rolling
2024-12-31,841,76834,"SORINAN ADULTO 0,5MG SOL NASAL 30ML",0,2.5,3.0,9.19,3.34,0.0,0.0,0.0,0.0,0,rolling
2024-10-01,841,9607,NARIDRIN 12H ADULTO 30ML,0,1.1766917293233081,3.0,29.17,8.91,0.2496,0.4997,0.0,0.0,0,rolling
2024-10-02,841,9607,NARIDRIN 12H ADULTO 30ML,0,1.1766917293233081,3.0,29.17,8.91,0.3808,0.4997,0.0,0.0,0,rolling
2024-10-03,841,9607,NARIDRIN 12H ADULTO 30ML,0,1.1766917293233081,3.0,29.17,8.91,0.2192,0.4997,0.0,0.0,0,rolling
2024-10-04,841,9607,NARIDRIN 12H ADULTO 30ML,0,1.1766917293233081,3.0,29.17,8.91,0.3067,0.4997,0.0,0.0,0,rolling
2024-10-05,841,9607,NARIDRIN 12H ADULTO 30ML,0,1.1766917293233081,3.0,29.17,8.91,0.28,0.4997,0.0,0.0,0,rolling
2024-10-06,841,9607,NARIDRIN 12H ADULTO 30ML,0,1.1766917293233081,3.0,29.17,8.91,0.2639,0.4897,0.0,0.0,0,rolling
2024-10-07,841,9607,NARIDRIN 12H ADULTO 30ML,0,1.1766917293233081,3.0,29.17,8.91,0.2639,0.4897,0.0,0.0,0,rolling
2024-10-08,841,9607,NARIDRIN 12H ADULTO 30ML,0,1.1766917293233081,3.0,29.17,8.91,0.2041,0.4897,0.0,0.0,0,rolling
2024-10-09,841,9607,NARIDRIN 12H ADULTO 30ML,0,1.1766917293233081,3.0,29.17,8.91,0.3354,0.4788,0.0,0.0,0,rolling
2024-10-10,841,9607,NARIDRIN 12H ADULTO 30ML,0,1.1766917293233081,3.0,29.17,8.91,0.1282,0.4788,0.0,0.0,0,rolling
2024-10-11,841,9607,NARIDRIN 12H ADULTO 30ML,0,1.1766917293233081,3.0,29.17,8.91,0.2557,0.4788,0.0,0.0,0,rolling
2024-10-12,841,9607,NARIDRIN 12H ADULTO 30ML,0,1.1766917293233081,3.0,29.17,8.91,0.1959,0.4788,0.0,0.0,0,rolling
2024-10-13,841,9607,NARIDRIN 12H ADULTO 30ML,0,1.1766917293233081,3.0,29.17,8.91,0.2396,0.4788,0.0,0.0,0,rolling
2024-10-14,841,9607,NARIDRIN 12H ADULTO 30ML,0,1.1766917293233081,3.0,29.17,8.91,0.2396,0.4788,0.0,0.0,0,rolling
2024-10-15,841,9607,NARIDRIN 12H ADULTO 30ML,0,1.1766917293233081,3.0,29.17,8.91,0.1521,0.467,0.0,0.0,0,rolling
2024-10-16,841,9607,NARIDRIN 12H ADULTO 30ML,0,1.1766917293233081,3.0,29.17,8.91,0.2871,0.467,0.0,0.0,0,rolling
2024-10-17,841,9607,NARIDRIN 12H ADULTO 30ML,0,1.1766917293233081,3.0,29.17,8.91,0.1121,0.3977,0.0,0.0,0,rolling
2024-10-18,841,9607,NARIDRIN 12H ADULTO 30ML,0,1.1766917293233081,3.0,29.17,8.91,0.1996,0.3977,0.0,0.0,0,rolling
2024-10-19,841,9607,NARIDRIN 12H ADULTO 30ML,0,1.1766917293233081,3.0,29.17,8.91,0.1398,0.3977,0.0,0.0,0,rolling
2024-10-20,841,9607,NARIDRIN 12H ADULTO 30ML,0,1.1766917293233081,3.0,29.17,8.91,0.1836,0.3977,0.0,0.0,0,rolling
2024-10-21,841,9607,NARIDRIN 12H ADULTO 30ML,0,1.1766917293233081,3.0,29.17,8.91,0.1798,0.3977,1.0,1.0,0,rolling
2024-10-22,841,9607,NARIDRIN 12H ADULTO 30ML,0,1.1766917293233081,3.0,29.17,8.91,0.1521,0.413,0.0,0.0,0,rolling
2024-10-23,841,9607,NARIDRIN 12H ADULTO 30ML,0,1.1766917293233081,3.0,29.17,8.91,0.2796,0.413,0.0,0.0,0,rolling
2024-10-24,841,9607,NARIDRIN 12H ADULTO 30ML,0,1.1766917293233081,3.0,29.17,8.91,0.1921,0.413,0.0,0.0,0,rolling
2024-10-25,841,9607,NARIDRIN 12H ADULTO 30ML,0,1.1766917293233081,3.0,29.17,8.91,0.2796,0.413,0.0,0.0,0,rolling
2024-10-26,841,9607,NARIDRIN 12H ADULTO 30ML,0,1.1766917293233081,3.0,29.17,8.91,0.1959,0.413,0.0,0.0,0,rolling
2024-10-27,841,9607,NARIDRIN 12H ADULTO 30ML,0,1.1766917293233081,3.0,29.17,8.91,0.2396,0.413,1.0,1.0,0,rolling
2024-10-28,841,9607,NARIDRIN 12H ADULTO 30ML,0,1.1766917293233081,3.0,29.17,8.91,0.2396,0.413,0.0,0.0,0,rolling
2024-10-29,841,9607,NARIDRIN 12H ADULTO 30ML,0,1.1766917293233081,3.0,29.17,8.91,0.1521,0.413,0.0,0.0,0,rolling
2024-10-30,841,9607,NARIDRIN 12H ADULTO 30ML,0,1.1766917293233081,3.0,29.17,8.91,0.2396,0.413,0.0,0.0,0,rolling
2024-10-31,841,9607,NARIDRIN 12H ADULTO 30ML,0,1.1766917293233081,3.0,29.17,8.91,0.1521,0.413,1.0,1.0,0,rolling
2024-11-01,841,9607,NARIDRIN 12H ADULTO 30ML,0,1.1766917293233081,3.0,29.17,8.91,0.2557,0.4271,0.0,0.0,0,rolling
2024-11-02,841,9607,NARIDRIN 12H ADULTO 30ML,0,1.1766917293233081,3.0,29.17,8.91,0.172,0.4271,0.0,0.0,0,rolling
2024-11-03,841,9607,NARIDRIN 12H ADULTO 30ML,0,1.1766917293233081,3.0,29.17,8.91,0.2157,0.413,0.0,0.0,0,rolling
2024-11-04,841,9607,NARIDRIN 12H ADULTO 30ML,0,1.1766917293233081,3.0,29.17,8.91,0.2157,0.413,0.0,0.0,0,rolling
2024-11-05,841,9607,NARIDRIN 12H ADULTO 30ML,0,1.1766917293233081,3.0,29.17,8.91,0.1015,0.3977,0.0,0.0,0,rolling
2024-11-06,841,9607,NARIDRIN 12H ADULTO 30ML,0,1.1766917293233081,3.0,29.17,8.91,0.189,0.3977,0.0,0.0,0,rolling
2024-11-07,841,9607,NARIDRIN 12H ADULTO 30ML,0,1.1766917293233081,3.0,29.17,8.91,0.1053,0.3093,0.0,0.0,0,rolling
2024-11-08,841,9607,NARIDRIN 12H ADULTO 30ML,0,1.1766917293233081,3.0,29.17,8.91,0.149,0.3093,0.0,0.0,0,rolling
2024-11-09,841,9607,NARIDRIN 12H ADULTO 30ML,0,1.1766917293233081,3.0,29.17,8.91,0.0615,0.2852,2.0,2.0,0,rolling
2024-11-10,841,9607,NARIDRIN 12H ADULTO 30ML,0,1.1766917293233081,3.0,29.17,8.91,0.1812,0.3809,0.0,0.0,0,rolling
2024-11-11,841,9607,NARIDRIN 12H ADULTO 30ML,0,1.1766917293233081,3.0,29.17,8.91,0.1374,0.3809,0.0,0.0,0,rolling
2024-11-12,841,9607,NARIDRIN 12H ADULTO 30ML,0,1.1766917293233081,3.0,29.17,8.91,0.0937,0.3809,0.0,0.0,0,rolling
2024-11-13,841,9607,NARIDRIN 12H ADULTO 30ML,0,1.1766917293233081,3.0,29.17,8.91,0.0937,0.3809,0.0,0.0,0,rolling
2024-11-14,841,9607,NARIDRIN 12H ADULTO 30ML,0,1.1766917293233081,3.0,29.17,8.91,0.1374,0.3809,0.0,0.0,0,rolling
2024-11-15,841,9607,NARIDRIN 12H ADULTO 30ML,0,1.1766917293233081,3.0,29.17,8.91,0.1374,0.3809,0.0,0.0,0,rolling
2024-11-16,841,9607,NARIDRIN 12H ADULTO 30ML,0,1.1766917293233081,3.0,29.17,8.91,0.1812,0.3625,0.0,0.0,0,rolling
2024-11-17,841,9607,NARIDRIN 12H ADULTO 30ML,0,1.1766917293233081,3.0,29.17,8.91,0.1812,0.3625,0.0,0.0,0,rolling
2024-11-18,841,9607,NARIDRIN 12H ADULTO 30ML,0,1.1766917293233081,3.0,29.17,8.91,0.1374,0.3625,0.0,0.0,0,rolling
2024-11-19,841,9607,NARIDRIN 12H ADULTO 30ML,0,1.1766917293233081,3.0,29.17,8.91,0.0776,0.3625,1.0,1.0,0,rolling
2024-11-20,841,9607,NARIDRIN 12H ADULTO 30ML,0,1.1766917293233081,3.0,29.17,8.91,0.0804,0.3809,0.0,0.0,0,rolling
2024-11-21,841,9607,NARIDRIN 12H ADULTO 30ML,0,1.1766917293233081,3.0,29.17,8.91,0.1241,0.3809,0.0,0.0,0,rolling
2024-11-22,841,9607,NARIDRIN 12H ADULTO 30ML,0,1.1766917293233081,3.0,29.17,8.91,0.0804,0.3809,0.0,0.0,0,rolling
2024-11-23,841,9607,NARIDRIN 12H ADULTO 30ML,0,1.1766917293233081,3.0,29.17,8.91,0.1679,0.3809,1.0,1.0,0,rolling
2024-11-24,841,9607,NARIDRIN 12H ADULTO 30ML,0,1.1766917293233081,3.0,29.17,8.91,0.1839,0.3977,0.0,0.0,0,rolling
2024-11-25,841,9607,NARIDRIN 12H ADULTO 30ML,0,1.1766917293233081,3.0,29.17,8.91,0.1241,0.3809,0.0,0.0,0,rolling
2024-11-26,841,9607,NARIDRIN 12H ADULTO 30ML,0,1.1766917293233081,3.0,29.17,8.91,0.1374,0.3809,0.0,0.0,0,rolling
2024-11-27,841,9607,NARIDRIN 12H ADULTO 30ML,0,1.1766917293233081,3.0,29.17,8.91,0.0937,0.3809,0.0,0.0,0,rolling
2024-11-28,841,9607,NARIDRIN 12H ADULTO 30ML,0,1.1766917293233081,3.0,29.17,8.91,0.1374,0.3809,0.0,0.0,0,rolling
2024-11-29,841,9607,NARIDRIN 12H ADULTO 30ML,0,1.1766917293233081,3.0,29.17,8.91,0.0776,0.3809,0.0,0.0,0,rolling
2024-11-30,841,9607,NARIDRIN 12H ADULTO 30ML,0,1.1766917293233081,3.0,29.17,8.91,0.2089,0.3809,0.0,0.0,0,rolling
2024-12-01,841,9607,NARIDRIN 12H ADULTO 30ML,0,1.1766917293233081,3.0,29.17,8.91,0.1214,0.3809,0.0,0.0,0,rolling
2024-12-02,841,9607,NARIDRIN 12H ADULTO 30ML,0,1.1766917293233081,3.0,29.17,8.91,0.148,0.3809,0.0,0.0,0,rolling
2024-12-03,841,9607,NARIDRIN 12H ADULTO 30ML,0,1.1766917293233081,3.0,29.17,8.91,0.148,0.3809,0.0,0.0,0,rolling
2024-12-04,841,9607,NARIDRIN 12H ADULTO 30ML,0,1.1766917293233081,3.0,29.17,8.91,0.1043,0.3809,0.0,0.0,0,rolling
2024-12-05,841,9607,NARIDRIN 12H ADULTO 30ML,0,1.1766917293233081,3.0,29.17,8.91,0.148,0.3809,0.0,0.0,0,rolling
2024-12-06,841,9607,NARIDRIN 12H ADULTO 30ML,0,1.1766917293233081,3.0,29.17,8.91,0.1043,0.3809,1.0,1.0,0,rolling
2024-12-07,841,9607,NARIDRIN 12H ADULTO 30ML,0,1.1766917293233081,3.0,29.17,8.91,0.2516,0.3977,0.0,0.0,0,rolling
2024-12-08,841,9607,NARIDRIN 12H ADULTO 30ML,0,1.1766917293233081,3.0,29.17,8.91,0.1586,0.3977,0.0,0.0,0,rolling
2024-12-09,841,9607,NARIDRIN 12H ADULTO 30ML,0,1.1766917293233081,3.0,29.17,8.91,0.1586,0.3977,0.0,0.0,0,rolling
2024-12-10,841,9607,NARIDRIN 12H ADULTO 30ML,0,1.1766917293233081,3.0,29.17,8.91,0.1586,0.3977,0.0,0.0,0,rolling
2024-12-11,841,9607,NARIDRIN 12H ADULTO 30ML,0,1.1766917293233081,3.0,29.17,8.91,0.1015,0.3977,0.0,0.0,0,rolling
2024-12-12,841,9607,NARIDRIN 12H ADULTO 30ML,0,1.1766917293233081,3.0,29.17,8.91,0.1453,0.3977,1.0,1.0,0,rolling
2024-12-13,841,9607,NARIDRIN 12H ADULTO 30ML,0,1.1766917293233081,3.0,29.17,8.91,0.1614,0.413,0.0,0.0,0,rolling
2024-12-14,841,9607,NARIDRIN 12H ADULTO 30ML,0,1.1766917293233081,3.0,29.17,8.91,0.2489,0.413,0.0,0.0,0,rolling
2024-12-15,841,9607,NARIDRIN 12H ADULTO 30ML,0,1.1766917293233081,3.0,29.17,8.91,0.1614,0.413,0.0,0.0,0,rolling
2024-12-16,841,9607,NARIDRIN 12H ADULTO 30ML,0,1.1766917293233081,3.0,29.17,8.91,0.1614,0.413,0.0,0.0,0,rolling
2024-12-17,841,9607,NARIDRIN 12H ADULTO 30ML,0,1.1766917293233081,3.0,29.17,8.91,0.1347,0.3977,0.0,0.0,0,rolling
2024-12-18,841,9607,NARIDRIN 12H ADULTO 30ML,0,1.1766917293233081,3.0,29.17,8.91,0.0749,0.3977,1.0,1.0,0,rolling
2024-12-19,841,9607,NARIDRIN 12H ADULTO 30ML,0,1.1766917293233081,3.0,29.17,8.91,0.1785,0.413,0.0,0.0,0,rolling
2024-12-20,841,9607,NARIDRIN 12H ADULTO 30ML,0,1.1766917293233081,3.0,29.17,8.91,0.1347,0.413,0.0,0.0,0,rolling
2024-12-21,841,9607,NARIDRIN 12H ADULTO 30ML,0,1.1766917293233081,3.0,29.17,8.91,0.2222,0.413,0.0,0.0,0,rolling
2024-12-22,841,9607,NARIDRIN 12H ADULTO 30ML,0,1.1766917293233081,3.0,29.17,8.91,0.1186,0.413,1.0,1.0,0,rolling
2024-12-23,841,9607,NARIDRIN 12H ADULTO 30ML,0,1.1766917293233081,3.0,29.17,8.91,0.0776,0.413,0.0,0.0,0,rolling
2024-12-24,841,9607,NARIDRIN 12H ADULTO 30ML,0,1.1766917293233081,3.0,29.17,8.91,0.1214,0.413,0.0,0.0,0,rolling
2024-12-25,841,9607,NARIDRIN 12H ADULTO 30ML,0,1.1766917293233081,3.0,29.17,8.91,0.1214,0.413,0.0,0.0,0,rolling
2024-12-26,841,9607,NARIDRIN 12H ADULTO 30ML,0,1.1766917293233081,3.0,29.17,8.91,0.1651,0.413,0.0,0.0,0,rolling
2024-12-27,841,9607,NARIDRIN 12H ADULTO 30ML,0,1.1766917293233081,3.0,29.17,8.91,0.1214,0.3977,0.0,0.0,0,rolling
2024-12-28,841,9607,NARIDRIN 12H ADULTO 30ML,0,1.1766917293233081,3.0,29.17,8.91,0.2089,0.3977,0.0,0.0,0,rolling
2024-12-29,841,9607,NARIDRIN 12H ADULTO 30ML,0,1.1766917293233081,3.0,29.17,8.91,0.1214,0.3977,0.0,0.0,0,rolling
2024-12-30,841,9607,NARIDRIN 12H ADULTO 30ML,0,1.1766917293233081,3.0,29.17,8.91,0.091,0.3977,0.0,0.0,0,rolling
2024-12-31,841,9607,NARIDRIN 12H ADULTO 30ML,0,1.1766917293233081,3.0,29.17,8.91,0.148,0.3977,0.0,0.0,0,rolling
