date,location,product,product_name,is_promo,promo_uplift,lead_time_days,purchase_price,cost_of_ordering,forecast_demand,forecast_std,observed_demand,corrected_observed_demand,stockout_flag,mode
2024-10-01,1314,13315,BROMELIN SUSP 100ML,0,2.5,9.0,54.34,46.54,0.0,0.1873,0.0,0.0,0,static
2024-10-02,1314,13315,BROMELIN SUSP 100ML,0,2.5,9.0,54.34,46.54,0.0,0.1873,0.0,0.0,0,static
2024-10-03,1314,13315,BROMELIN SUSP 100ML,0,2.5,9.0,54.34,46.54,0.0,0.1873,0.0,0.0,0,static
2024-10-04,1314,13315,BROMELIN SUSP 100ML,0,2.5,9.0,54.34,46.54,0.0,0.1873,0.0,0.0,0,static
2024-10-05,1314,13315,BROMELIN SUSP 100ML,0,2.5,9.0,54.34,46.54,0.0437,0.1873,0.0,0.0,0,static
2024-10-06,1314,13315,BROMELIN SUSP 100ML,0,2.5,9.0,54.34,46.54,0.0437,0.1873,0.0,0.0,0,static
2024-10-07,1314,13315,BROMELIN SUSP 100ML,0,2.5,9.0,54.34,46.54,0.0,0.1873,0.0,0.0,0,static
2024-10-08,1314,13315,BROMELIN SUSP 100ML,0,2.5,9.0,54.34,46.54,0.0,0.1873,0.0,0.0,0,static
2024-10-09,1314,13315,BROMELIN SUSP 100ML,0,2.5,9.0,54.34,46.54,0.0,0.1873,1.0,1.0,0,static
2024-10-10,1314,13315,BROMELIN SUSP 100ML,0,2.5,9.0,54.34,46.54,0.0,0.1873,0.0,0.0,0,static
2024-10-11,1314,13315,BROMELIN SUSP 100ML,0,2.5,9.0,54.34,46.54,0.0,0.1873,0.0,0.0,0,static
2024-10-12,1314,13315,BROMELIN SUSP 100ML,0,2.5,9.0,54.34,46.54,0.0437,0.1873,0.0,0.0,0,static
2024-10-13,1314,13315,BROMELIN SUSP 100ML,0,2.5,9.0,54.34,46.54,0.0437,0.1873,0.0,0.0,0,static
2024-10-14,1314,13315,BROMELIN SUSP 100ML,0,2.5,9.0,54.34,46.54,0.0,0.1873,0.0,0.0,0,static
2024-10-15,1314,13315,BROMELIN SUSP 100ML,0,2.5,9.0,54.34,46.54,0.0,0.1873,0.0,0.0,0,static
2024-10-16,1314,13315,BROMELIN SUSP 100ML,0,2.5,9.0,54.34,46.54,0.0,0.1873,0.0,0.0,0,static
2024-10-17,1314,13315,BROMELIN SUSP 100ML,0,2.5,9.0,54.34,46.54,0.0,0.1873,0.0,0.0,0,static
2024-10-18,1314,13315,BROMELIN SUSP 100ML,0,2.5,9.0,54.34,46.54,0.0,0.1873,0.0,0.0,0,static
2024-10-19,1314,13315,BROMELIN SUSP 100ML,0,2.5,9.0,54.34,46.54,0.0437,0.1873,0.0,0.0,0,static
2024-10-20,1314,13315,BROMELIN SUSP 100ML,0,2.5,9.0,54.34,46.54,0.0437,0.1873,0.0,0.0,0,static
2024-10-21,1314,13315,BROMELIN SUSP 100ML,0,2.5,9.0,54.34,46.54,0.0,0.1873,0.0,0.0,0,static
2024-10-22,1314,13315,BROMELIN SUSP 100ML,0,2.5,9.0,54.34,46.54,0.0,0.1873,0.0,0.0,0,static
2024-10-23,1314,13315,BROMELIN SUSP 100ML,0,2.5,9.0,54.34,46.54,0.0,0.1873,0.0,0.0,0,static
2024-10-24,1314,13315,BROMELIN SUSP 100ML,0,2.5,9.0,54.34,46.54,0.0,0.1873,0.0,0.0,0,static
2024-10-25,1314,13315,BROMELIN SUSP 100ML,0,2.5,9.0,54.34,46.54,0.0,0.1873,0.0,0.0,0,static
2024-10-26,1314,13315,BROMELIN SUSP 100ML,0,2.5,9.0,54.34,46.54,0.0437,0.1873,0.0,0.0,0,static
2024-10-27,1314,13315,BROMELIN SUSP 100ML,0,2.5,9.0,54.34,46.54,0.0437,0.1873,0.0,0.0,0,static
2024-10-28,1314,13315,BROMELIN SUSP 100ML,0,2.5,9.0,54.34,46.54,0.0,0.1873,0.0,0.0,0,static
2024-10-29,1314,13315,BROMELIN SUSP 100ML,0,2.5,9.0,54.34,46.54,0.0,0.1873,0.0,0.0,0,static
2024-10-30,1314,13315,BROMELIN SUSP 100ML,0,2.5,9.0,54.34,46.54,0.0,0.1873,0.0,0.0,0,static
2024-10-31,1314,13315,BROMELIN SUSP 100ML,0,2.5,9.0,54.34,46.54,0.0,0.1873,0.0,0.0,0,static
2024-11-01,1314,13315,BROMELIN SUSP 100ML,0,2.5,9.0,54.34,46.54,0.0,0.1873,0.0,0.0,0,static
2024-11-02,1314,13315,BROMELIN SUSP 100ML,0,2.5,9.0,54.34,46.54,0.0571,0.1873,0.0,0.0,0,static
2024-11-03,1314,13315,BROMELIN SUSP 100ML,0,2.5,9.0,54.34,46.54,0.0571,0.1873,0.0,0.0,0,static
2024-11-04,1314,13315,BROMELIN SUSP 100ML,0,2.5,9.0,54.34,46.54,0.0133,0.1873,0.0,0.0,0,static
2024-11-05,1314,13315,BROMELIN SUSP 100ML,0,2.5,9.0,54.34,46.54,0.0133,0.1873,0.0,0.0,0,static
2024-11-06,1314,13315,BROMELIN SUSP 100ML,0,2.5,9.0,54.34,46.54,0.0133,0.1873,2.0,2.0,0,static
2024-11-07,1314,13315,BROMELIN SUSP 100ML,0,2.5,9.0,54.34,46.54,0.0133,0.1873,0.0,0.0,0,static
2024-11-08,1314,13315,BROMELIN SUSP 100ML,0,2.5,9.0,54.34,46.54,0.0133,0.1873,0.0,0.0,0,static
2024-11-09,1314,13315,BROMELIN SUSP 100ML,0,2.5,9.0,54.34,46.54,0.0571,0.1873,0.0,0.0,0,static
2024-11-10,1314,13315,BROMELIN SUSP 100ML,0,2.5,9.0,54.34,46.54,0.0571,0.1873,0.0,0.0,0,static
2024-11-11,1314,13315,BROMELIN SUSP 100ML,0,2.5,9.0,54.34,46.54,0.0133,0.1873,0.0,0.0,0,static
2024-11-12,1314,13315,BROMELIN SUSP 100ML,0,2.5,9.0,54.34,46.54,0.0133,0.1873,0.0,0.0,0,static
2024-11-13,1314,13315,BROMELIN SUSP 100ML,0,2.5,9.0,54.34,46.54,0.0133,0.1873,0.0,0.0,0,static
2024-11-14,1314,13315,BROMELIN SUSP 100ML,0,2.5,9.0,54.34,46.54,0.0133,0.1873,0.0,0.0,0,static
2024-11-15,1314,13315,BROMELIN SUSP 100ML,0,2.5,9.0,54.34,46.54,0.0267,0.1873,0.0,0.0,0,static
2024-11-16,1314,13315,BROMELIN SUSP 100ML,0,2.5,9.0,54.34,46.54,0.0704,0.1873,0.0,0.0,0,static
2024-11-17,1314,13315,BROMELIN SUSP 100ML,0,2.5,9.0,54.34,46.54,0.0571,0.1873,0.0,0.0,0,static
2024-11-18,1314,13315,BROMELIN SUSP 100ML,0,2.5,9.0,54.34,46.54,0.0133,0.1873,0.0,0.0,0,static
2024-11-19,1314,13315,BROMELIN SUSP 100ML,0,2.5,9.0,54.34,46.54,0.0133,0.1873,0.0,0.0,0,static
2024-11-20,1314,13315,BROMELIN SUSP 100ML,0,2.5,9.0,54.34,46.54,0.0133,0.1873,0.0,0.0,0,static
2024-11-21,1314,13315,BROMELIN SUSP 100ML,0,2.5,9.0,54.34,46.54,0.0133,0.1873,0.0,0.0,0,static
2024-11-22,1314,13315,BROMELIN SUSP 100ML,0,2.5,9.0,54.34,46.54,0.0133,0.1873,0.0,0.0,0,static
2024-11-23,1314,13315,BROMELIN SUSP 100ML,0,2.5,9.0,54.34,46.54,0.0571,0.1873,0.0,0.0,0,static
2024-11-24,1314,13315,BROMELIN SUSP 100ML,0,2.5,9.0,54.34,46.54,0.0571,0.1873,0.0,0.0,0,static
2024-11-25,1314,13315,BROMELIN SUSP 100ML,0,2.5,9.0,54.34,46.54,0.0133,0.1873,1.0,1.0,0,static
2024-11-26,1314,13315,BROMELIN SUSP 100ML,0,2.5,9.0,54.34,46.54,0.0133,0.1873,0.0,0.0,0,static
2024-11-27,1314,13315,BROMELIN SUSP 100ML,0,2.5,9.0,54.34,46.54,0.0133,0.1873,0.0,0.0,0,static
2024-11-28,1314,13315,BROMELIN SUSP 100ML,0,2.5,9.0,54.34,46.54,0.0133,0.1873,0.0,0.0,0,static
2024-11-29,1314,13315,BROMELIN SUSP 100ML,0,2.5,9.0,54.34,46.54,0.0133,0.1873,0.0,0.0,0,static
2024-11-30,1314,13315,BROMELIN SUSP 100ML,0,2.5,9.0,54.34,46.54,0.0437,0.1873,0.0,0.0,0,static
2024-12-01,1314,13315,BROMELIN SUSP 100ML,0,2.5,9.0,54.34,46.54,0.0437,0.1873,0.0,0.0,0,static
2024-12-02,1314,13315,BROMELIN SUSP 100ML,0,2.5,9.0,54.34,46.54,0.0,0.1873,0.0,0.0,0,static
2024-12-03,1314,13315,BROMELIN SUSP 100ML,0,2.5,9.0,54.34,46.54,0.0,0.1873,0.0,0.0,0,static
2024-12-04,1314,13315,BROMELIN SUSP 100ML,0,2.5,9.0,54.34,46.54,0.0,0.1873,0.0,0.0,0,static
2024-12-05,1314,13315,BROMELIN SUSP 100ML,0,2.5,9.0,54.34,46.54,0.0,0.1873,0.0,0.0,0,static
2024-12-06,1314,13315,BROMELIN SUSP 100ML,0,2.5,9.0,54.34,46.54,0.0133,0.1873,0.0,0.0,0,static
2024-12-07,1314,13315,BROMELIN SUSP 100ML,0,2.5,9.0,54.34,46.54,0.0571,0.1873,0.0,0.0,0,static
2024-12-08,1314,13315,BROMELIN SUSP 100ML,0,2.5,9.0,54.34,46.54,0.0571,0.1873,0.0,0.0,0,static
2024-12-09,1314,13315,BROMELIN SUSP 100ML,0,2.5,9.0,54.34,46.54,0.0133,0.1873,1.0,1.0,0,static
2024-12-10,1314,13315,BROMELIN SUSP 100ML,0,2.5,9.0,54.34,46.54,0.0133,0.1873,0.0,0.0,0,static
2024-12-11,1314,13315,BROMELIN SUSP 100ML,0,2.5,9.0,54.34,46.54,0.0133,0.1873,0.0,0.0,0,static
2024-12-12,1314,13315,BROMELIN SUSP 100ML,0,2.5,9.0,54.34,46.54,0.0133,0.1873,0.0,0.0,0,static
2024-12-13,1314,13315,BROMELIN SUSP 100ML,0,2.5,9.0,54.34,46.54,0.0133,0.1873,0.0,0.0,0,static
2024-12-14,1314,13315,BROMELIN SUSP 100ML,0,2.5,9.0,54.34,46.54,0.0571,0.1873,0.0,0.0,0,static
2024-12-15,1314,13315,BROMELIN SUSP 100ML,0,2.5,9.0,54.34,46.54,0.0571,0.1873,0.0,0.0,0,static
2024-12-16,1314,13315,BROMELIN SUSP 100ML,0,2.5,9.0,54.34,46.54,0.0133,0.1873,0.0,0.0,0,static
2024-12-17,1314,13315,BROMELIN SUSP 100ML,0,2.5,9.0,54.34,46.54,0.0133,0.1873,0.0,0.0,0,static
2024-12-18,1314,13315,BROMELIN SUSP 100ML,0,2.5,9.0,54.34,46.54,0.0133,0.1873,0.0,0.0,0,static
2024-12-19,1314,13315,BROMELIN SUSP 100ML,0,2.5,9.0,54.34,46.54,0.0133,0.1873,0.0,0.0,0,static
2024-12-20,1314,13315,BROMELIN SUSP 100ML,0,2.5,9.0,54.34,46.54,0.0133,0.1873,0.0,0.0,0,static
2024-12-21,1314,13315,BROMELIN SUSP 100ML,0,2.5,9.0,54.34,46.54,0.0437,0.1873,1.0,1.0,0,static
2024-12-22,1314,13315,BROMELIN SUSP 100ML,0,2.5,9.0,54.34,46.54,0.0437,0.1873,0.0,0.0,0,static
2024-12-23,1314,13315,BROMELIN SUSP 100ML,0,2.5,9.0,54.34,46.54,0.0,0.1873,0.0,0.0,0,static
2024-12-24,1314,13315,BROMELIN SUSP 100ML,0,2.5,9.0,54.34,46.54,0.0,0.1873,0.0,0.0,0,static
2024-12-25,1314,13315,BROMELIN SUSP 100ML,0,2.5,9.0,54.34,46.54,0.0,0.1873,0.0,0.0,0,static
2024-12-26,1314,13315,BROMELIN SUSP 100ML,0,2.5,9.0,54.34,46.54,0.0,0.1873,0.0,0.0,0,static
2024-12-27,1314,13315,BROMELIN SUSP 100ML,0,2.5,9.0,54.34,46.54,0.0,0.1873,0.0,0.0,0,static
2024-12-28,1314,13315,BROMELIN SUSP 100ML,0,2.5,9.0,54.34,46.54,0.0437,0.1873,0.0,0.0,0,static
2024-12-29,1314,13315,BROMELIN SUSP 100ML,0,2.5,9.0,54.34,46.54,0.0437,0.1873,0.0,0.0,0,static
2024-12-30,1314,13315,BROMELIN SUSP 100ML,0,2.5,9.0,54.34,46.54,0.0,0.1873,0.0,0.0,0,static
2024-12-31,1314,13315,BROMELIN SUSP 100ML,0,2.5,9.0,54.34,46.54,0.0,0.1873,0.0,0.0,0,static
2024-10-01,1314,1439,SORINE GTS ADULTO 30ML,0,2.5,9.0,20.27,19.0,0.228,0.3844,0.0,0.0,0,static
2024-10-02,1314,1439,SORINE GTS ADULTO 30ML,0,2.5,9.0,20.27,19.0,0.228,0.3844,0.0,0.0,0,static
2024-10-03,1314,1439,SORINE GTS ADULTO 30ML,0,2.5,9.0,20.27,19.0,0.228,0.3844,0.0,0.0,0,static
2024-10-04,1314,1439,SORINE GTS ADULTO 30ML,0,2.5,9.0,20.27,19.0,0.1843,0.3844,0.0,0.0,0,static
2024-10-05,1314,1439,SORINE GTS ADULTO 30ML,0,2.5,9.0,20.27,19.0,0.1843,0.3844,1.0,1.0,0,static
2024-10-06,1314,1439,SORINE GTS ADULTO 30ML,0,2.5,9.0,20.27,19.0,0.2718,0.3844,0.0,0.0,0,static
2024-10-07,1314,1439,SORINE GTS ADULTO 30ML,0,2.5,9.0,20.27,19.0,0.3118,0.3844,0.0,0.0,0,static
2024-10-08,1314,1439,SORINE GTS ADULTO 30ML,0,2.5,9.0,20.27,19.0,0.268,0.3844,0.0,0.0,0,static
2024-10-09,1314,1439,SORINE GTS ADULTO 30ML,0,2.5,9.0,20.27,19.0,0.308,0.3844,2.0,2.0,0,static
2024-10-10,1314,1439,SORINE GTS ADULTO 30ML,0,2.5,9.0,20.27,19.0,0.308,0.3844,1.0,1.0,0,static
2024-10-11,1314,1439,SORINE GTS ADULTO 30ML,0,2.5,9.0,20.27,19.0,0.2643,0.3844,0.0,0.0,0,static
2024-10-12,1314,1439,SORINE GTS ADULTO 30ML,0,2.5,9.0,20.27,19.0,0.1443,0.3844,0.0,0.0,0,static
2024-10-13,1314,1439,SORINE GTS ADULTO 30ML,0,2.5,9.0,20.27,19.0,0.2318,0.3844,0.0,0.0,0,static
2024-10-14,1314,1439,SORINE GTS ADULTO 30ML,0,2.5,9.0,20.27,19.0,0.2318,0.3844,0.0,0.0,0,static
2024-10-15,1314,1439,SORINE GTS ADULTO 30ML,0,2.5,9.0,20.27,19.0,0.188,0.3844,0.0,0.0,0,static
2024-10-16,1314,1439,SORINE GTS ADULTO 30ML,0,2.5,9.0,20.27,19.0,0.188,0.3844,0.0,0.0,0,static
2024-10-17,1314,1439,SORINE GTS ADULTO 30ML,0,2.5,9.0,20.27,19.0,0.188,0.3844,1.0,1.0,0,static
2024-10-18,1314,1439,SORINE GTS ADULTO 30ML,0,2.5,9.0,20.27,19.0,0.1443,0.3844,0.0,0.0,0,static
2024-10-19,1314,1439,SORINE GTS ADULTO 30ML,0,2.5,9.0,20.27,19.0,0.1443,0.3844,0.0,0.0,0,static
2024-10-20,1314,1439,SORINE GTS ADULTO 30ML,0,2.5,9.0,20.27,19.0,0.2318,0.3844,0.0,0.0,0,static
2024-10-21,1314,1439,SORINE GTS ADULTO 30ML,0,2.5,9.0,20.27,19.0,0.2318,0.3844,0.0,0.0,0,static
2024-10-22,1314,1439,SORINE GTS ADULTO 30ML,0,2.5,9.0,20.27,19.0,0.148,0.3844,0.0,0.0,0,static
2024-10-23,1314,1439,SORINE GTS ADULTO 30ML,0,2.5,9.0,20.27,19.0,0.148,0.3844,0.0,0.0,0,static
2024-10-24,1314,1439,SORINE GTS ADULTO 30ML,0,2.5,9.0,20.27,19.0,0.108,0.3844,0.0,0.0,0,static
2024-10-25,1314,1439,SORINE GTS ADULTO 30ML,0,2.5,9.0,20.27,19.0,0.0643,0.3844,0.0,0.0,0,static
2024-10-26,1314,1439,SORINE GTS ADULTO 30ML,0,2.5,9.0,20.27,19.0,0.0643,0.3844,0.0,0.0,0,static
2024-10-27,1314,1439,SORINE GTS ADULTO 30ML,0,2.5,9.0,20.27,19.0,0.1518,0.3844,0.0,0.0,0,static
2024-10-28,1314,1439,SORINE GTS ADULTO 30ML,0,2.5,9.0,20.27,19.0,0.1518,0.3844,0.0,0.0,0,static
2024-10-29,1314,1439,SORINE GTS ADULTO 30ML,0,2.5,9.0,20.27,19.0,0.1214,0.3844,0.0,0.0,0,static
2024-10-30,1314,1439,SORINE GTS ADULTO 30ML,0,2.5,9.0,20.27,19.0,0.1214,0.3844,0.0,0.0,0,static
2024-10-31,1314,1439,SORINE GTS ADULTO 30ML,0,2.5,9.0,20.27,19.0,0.1214,0.3844,0.0,0.0,0,static
2024-11-01,1314,1439,SORINE GTS ADULTO 30ML,0,2.5,9.0,20.27,19.0,0.0776,0.3844,0.0,0.0,0,static
2024-11-02,1314,1439,SORINE GTS ADULTO 30ML,0,2.5,9.0,20.27,19.0,0.0776,0.3844,0.0,0.0,0,static
2024-11-03,1314,1439,SORINE GTS ADULTO 30ML,0,2.5,9.0,20.27,19.0,0.1651,0.3844,0.0,0.0,0,static
2024-11-04,1314,1439,SORINE GTS ADULTO 30ML,0,2.5,9.0,20.27,19.0,0.1651,0.3844,0.0,0.0,0,static
2024-11-05,1314,1439,SORINE GTS ADULTO 30ML,0,2.5,9.0,20.27,19.0,0.1214,0.3844,0.0,0.0,0,static
2024-11-06,1314,1439,SORINE GTS ADULTO 30ML,0,2.5,9.0,20.27,19.0,0.1214,0.3844,0.0,0.0,0,static
2024-11-07,1314,1439,SORINE GTS ADULTO 30ML,0,2.5,9.0,20.27,19.0,0.1214,0.3844,0.0,0.0,0,static
2024-11-08,1314,1439,SORINE GTS ADULTO 30ML,0,2.5,9.0,20.27,19.0,0.0776,0.3844,0.0,0.0,0,static
2024-11-09,1314,1439,SORINE GTS ADULTO 30ML,0,2.5,9.0,20.27,19.0,0.0776,0.3844,0.0,0.0,0,static
2024-11-10,1314,1439,SORINE GTS ADULTO 30ML,0,2.5,9.0,20.27,19.0,0.1651,0.3844,0.0,0.0,0,static
2024-11-11,1314,1439,SORINE GTS ADULTO 30ML,0,2.5,9.0,20.27,19.0,0.1651,0.3844,0.0,0.0,0,static
2024-11-12,1314,1439,SORINE GTS ADULTO 30ML,0,2.5,9.0,20.27,19.0,0.1214,0.3844,0.0,0.0,0,static
2024-11-13,1314,1439,SORINE GTS ADULTO 30ML,0,2.5,9.0,20.27,19.0,0.108,0.3844,0.0,0.0,0,static
2024-11-14,1314,1439,SORINE GTS ADULTO 30ML,0,2.5,9.0,20.27,19.0,0.108,0.3844,0.0,0.0,0,static
2024-11-15,1314,1439,SORINE GTS ADULTO 30ML,0,2.5,9.0,20.27,19.0,0.0643,0.3844,0.0,0.0,0,static
2024-11-16,1314,1439,SORINE GTS ADULTO 30ML,0,2.5,9.0,20.27,19.0,0.0643,0.3844,0.0,0.0,0,static
2024-11-17,1314,1439,SORINE GTS ADULTO 30ML,0,2.5,9.0,20.27,19.0,0.1518,0.3844,0.0,0.0,0,static
2024-11-18,1314,1439,SORINE GTS ADULTO 30ML,0,2.5,9.0,20.27,19.0,0.1518,0.3844,0.0,0.0,0,static
2024-11-19,1314,1439,SORINE GTS ADULTO 30ML,0,2.5,9.0,20.27,19.0,0.108,0.3844,0.0,0.0,0,static
2024-11-20,1314,1439,SORINE GTS ADULTO 30ML,0,2.5,9.0,20.27,19.0,0.108,0.3844,0.0,0.0,0,static
2024-11-21,1314,1439,SORINE GTS ADULTO 30ML,0,2.5,9.0,20.27,19.0,0.108,0.3844,0.0,0.0,0,static
2024-11-22,1314,1439,SORINE GTS ADULTO 30ML,0,2.5,9.0,20.27,19.0,0.0776,0.3844,0.0,0.0,0,static
2024-11-23,1314,1439,SORINE GTS ADULTO 30ML,0,2.5,9.0,20.27,19.0,0.0776,0.3844,0.0,0.0,0,static
2024-11-24,1314,1439,SORINE GTS ADULTO 30ML,0,2.5,9.0,20.27,19.0,0.1651,0.3844,0.0,0.0,0,static
2024-11-25,1314,1439,SORINE GTS ADULTO 30ML,0,2.5,9.0,20.27,19.0,0.1651,0.3844,0.0,0.0,0,static
2024-11-26,1314,1439,SORINE GTS ADULTO 30ML,0,2.5,9.0,20.27,19.0,0.1214,0.3844,0.0,0.0,0,static
2024-11-27,1314,1439,SORINE GTS ADULTO 30ML,0,2.5,9.0,20.27,19.0,0.1347,0.3844,0.0,0.0,0,static
2024-11-28,1314,1439,SORINE GTS ADULTO 30ML,0,2.5,9.0,20.27,19.0,0.1347,0.3844,0.0,0.0,0,static
2024-11-29,1314,1439,SORINE GTS ADULTO 30ML,0,2.5,9.0,20.27,19.0,0.091,0.3844,0.0,0.0,0,static
2024-11-30,1314,1439,SORINE GTS ADULTO 30ML,0,2.5,9.0,20.27,19.0,0.091,0.3844,0.0,0.0,0,static
2024-12-01,1314,1439,SORINE GTS ADULTO 30ML,0,2.5,9.0,20.27,19.0,0.1785,0.3844,0.0,0.0,0,static
2024-12-02,1314,1439,SORINE GTS ADULTO 30ML,0,2.5,9.0,20.27,19.0,0.1785,0.3844,0.0,0.0,0,static
2024-12-03,1314,1439,SORINE GTS ADULTO 30ML,0,2.5,9.0,20.27,19.0,0.1347,0.3844,0.0,0.0,0,static
2024-12-04,1314,1439,SORINE GTS ADULTO 30ML,0,2.5,9.0,20.27,19.0,0.1347,0.3844,0.0,0.0,0,static
2024-12-05,1314,1439,SORINE GTS ADULTO 30ML,0,2.5,9.0,20.27,19.0,0.1347,0.3844,0.0,0.0,0,static
2024-12-06,1314,1439,SORINE GTS ADULTO 30ML,0,2.5,9.0,20.27,19.0,0.091,0.3844,0.0,0.0,0,static
2024-12-07,1314,1439,SORINE GTS ADULTO 30ML,0,2.5,9.0,20.27,19.0,0.0776,0.3844,0.0,0.0,0,static
2024-12-08,1314,1439,SORINE GTS ADULTO 30ML,0,2.5,9.0,20.27,19.0,0.1651,0.3844,0.0,0.0,0,static
2024-12-09,1314,1439,SORINE GTS ADULTO 30ML,0,2.5,9.0,20.27,19.0,0.1651,0.3844,0.0,0.0,0,static
2024-12-10,1314,1439,SORINE GTS ADULTO 30ML,0,2.5,9.0,20.27,19.0,0.1214,0.3844,0.0,0.0,0,static
2024-12-11,1314,1439,SORINE GTS ADULTO 30ML,0,2.5,9.0,20.27,19.0,0.1214,0.3844,0.0,0.0,0,static
2024-12-12,1314,1439,SORINE GTS ADULTO 30ML,0,2.5,9.0,20.27,19.0,0.108,0.3844,1.0,1.0,0,static
2024-12-13,1314,1439,SORINE GTS ADULTO 30ML,0,2.5,9.0,20.27,19.0,0.0776,0.3844,0.0,0.0,0,static
2024-12-14,1314,1439,SORINE GTS ADULTO 30ML,0,2.5,9.0,20.27,19.0,0.091,0.3844,0.0,0.0,0,static
2024-12-15,1314,1439,SORINE GTS ADULTO 30ML,0,2.5,9.0,20.27,19.0,0.1785,0.3844,0.0,0.0,0,static
2024-12-16,1314,1439,SORINE GTS ADULTO 30ML,0,2.5,9.0,20.27,19.0,0.1785,0.3844,0.0,0.0,0,static
2024-12-17,1314,1439,SORINE GTS ADULTO 30ML,0,2.5,9.0,20.27,19.0,0.1347,0.3844,0.0,0.0,0,static
2024-12-18,1314,1439,SORINE GTS ADULTO 30ML,0,2.5,9.0,20.27,19.0,0.1347,0.3844,0.0,0.0,0,static
2024-12-19,1314,1439,SORINE GTS ADULTO 30ML,0,2.5,9.0,20.27,19.0,0.1347,0.3844,0.0,0.0,0,static
2024-12-20,1314,1439,SORINE GTS ADULTO 30ML,0,2.5,9.0,20.27,19.0,0.091,0.3844,0.0,0.0,0,static
2024-12-21,1314,1439,SORINE GTS ADULTO 30ML,0,2.5,9.0,20.27,19.0,0.091,0.3844,0.0,0.0,0,static
2024-12-22,1314,1439,SORINE GTS ADULTO 30ML,0,2.5,9.0,20.27,19.0,0.1785,0.3844,0.0,0.0,0,static
2024-12-23,1314,1439,SORINE GTS ADULTO 30ML,0,2.5,9.0,20.27,19.0,0.1785,0.3844,1.0,1.0,0,static
2024-12-24,1314,1439,SORINE GTS ADULTO 30ML,0,2.5,9.0,20.27,19.0,0.1347,0.3844,0.0,0.0,0,static
2024-12-25,1314,1439,SORINE GTS ADULTO 30ML,0,2.5,9.0,20.27,19.0,0.1347,0.3844,0.0,0.0,0,static
2024-12-26,1314,1439,SORINE GTS ADULTO 30ML,0,2.5,9.0,20.27,19.0,0.1347,0.3844,0.0,0.0,0,static
2024-12-27,1314,1439,SORINE GTS ADULTO 30ML,0,2.5,9.0,20.27,19.0,0.091,0.3844,0.0,0.0,0,static
2024-12-28,1314,1439,SORINE GTS ADULTO 30ML,0,2.5,9.0,20.27,19.0,0.0776,0.3844,1.0,1.0,0,static
2024-12-29,1314,1439,SORINE GTS ADULTO 30ML,0,2.5,9.0,20.27,19.0,0.1518,0.3844,0.0,0.0,0,static
2024-12-30,1314,1439,SORINE GTS ADULTO 30ML,0,2.5,9.0,20.27,19.0,0.1518,0.3844,0.0,0.0,0,static
2024-12-31,1314,1439,SORINE GTS ADULTO 30ML,0,2.5,9.0,20.27,19.0,0.108,0.3844,0.0,0.0,0,static
2024-10-01,1314,15496,TAMIFLU 75MG CAPS C/10,0,2.5,9.0,270.61,249.25,0.0,0.0,0.0,0.0,0,static
2024-10-02,1314,15496,TAMIFLU 75MG CAPS C/10,0,2.5,9.0,270.61,249.25,0.0,0.0,0.0,0.0,0,static
2024-10-03,1314,15496,TAMIFLU 75MG CAPS C/10,0,2.5,9.0,270.61,249.25,0.0,0.0,0.0,0.0,0,static
2024-10-04,1314,15496,TAMIFLU 75MG CAPS C/10,0,2.5,9.0,270.61,249.25,0.0,0.0,0.0,0.0,0,static
2024-10-05,1314,15496,TAMIFLU 75MG CAPS C/10,0,2.5,9.0,270.61,249.25,0.0,0.0,0.0,0.0,0,static
2024-10-06,1314,15496,TAMIFLU 75MG CAPS C/10,0,2.5,9.0,270.61,249.25,0.0,0.0,0.0,0.0,0,static
2024-10-07,1314,15496,TAMIFLU 75MG CAPS C/10,0,2.5,9.0,270.61,249.25,0.0,0.0,0.0,0.0,0,static
2024-10-08,1314,15496,TAMIFLU 75MG CAPS C/10,0,2.5,9.0,270.61,249.25,0.0,0.0,0.0,0.0,0,static
2024-10-09,1314,15496,TAMIFLU 75MG CAPS C/10,0,2.5,9.0,270.61,249.25,0.0,0.0,0.0,0.0,0,static
2024-10-10,1314,15496,TAMIFLU 75MG CAPS C/10,0,2.5,9.0,270.61,249.25,0.0,0.0,0.0,0.0,0,static
2024-10-11,1314,15496,TAMIFLU 75MG CAPS C/10,0,2.5,9.0,270.61,249.25,0.0,0.0,0.0,0.0,0,static
2024-10-12,1314,15496,TAMIFLU 75MG CAPS C/10,0,2.5,9.0,270.61,249.25,0.0,0.0,0.0,0.0,0,static
2024-10-13,1314,15496,TAMIFLU 75MG CAPS C/10,0,2.5,9.0,270.61,249.25,0.0,0.0,0.0,0.0,0,static
2024-10-14,1314,15496,TAMIFLU 75MG CAPS C/10,0,2.5,9.0,270.61,249.25,0.0,0.0,0.0,0.0,0,static
2024-10-15,1314,15496,TAMIFLU 75MG CAPS C/10,0,2.5,9.0,270.61,249.25,0.0,0.0,0.0,0.0,0,static
2024-10-16,1314,15496,TAMIFLU 75MG CAPS C/10,0,2.5,9.0,270.61,249.25,0.0,0.0,0.0,0.0,0,static
2024-10-17,1314,15496,TAMIFLU 75MG CAPS C/10,0,2.5,9.0,270.61,249.25,0.0,0.0,0.0,0.0,0,static
2024-10-18,1314,15496,TAMIFLU 75MG CAPS C/10,0,2.5,9.0,270.61,249.25,0.0,0.0,0.0,0.0,0,static
2024-10-19,1314,15496,TAMIFLU 75MG CAPS C/10,0,2.5,9.0,270.61,249.25,0.0,0.0,0.0,0.0,0,static
2024-10-20,1314,15496,TAMIFLU 75MG CAPS C/10,0,2.5,9.0,270.61,249.25,0.0,0.0,0.0,0.0,0,static
2024-10-21,1314,15496,TAMIFLU 75MG CAPS C/10,0,2.5,9.0,270.61,249.25,0.0,0.0,0.0,0.0,0,static
2024-10-22,1314,15496,TAMIFLU 75MG CAPS C/10,0,2.5,9.0,270.61,249.25,0.0,0.0,0.0,0.0,0,static
2024-10-23,1314,15496,TAMIFLU 75MG CAPS C/10,0,2.5,9.0,270.61,249.25,0.0,0.0,0.0,0.0,0,static
2024-10-24,1314,15496,TAMIFLU 75MG CAPS C/10,0,2.5,9.0,270.61,249.25,0.0,0.0,0.0,0.0,0,static
2024-10-25,1314,15496,TAMIFLU 75MG CAPS C/10,0,2.5,9.0,270.61,249.25,0.0,0.0,0.0,0.0,0,static
2024-10-26,1314,15496,TAMIFLU 75MG CAPS C/10,0,2.5,9.0,270.61,249.25,0.0,0.0,0.0,0.0,0,static
2024-10-27,1314,15496,TAMIFLU 75MG CAPS C/10,0,2.5,9.0,270.61,249.25,0.0,0.0,0.0,0.0,0,static
2024-10-28,1314,15496,TAMIFLU 75MG CAPS C/10,0,2.5,9.0,270.61,249.25,0.0,0.0,0.0,0.0,0,static
2024-10-29,1314,15496,TAMIFLU 75MG CAPS C/10,0,2.5,9.0,270.61,249.25,0.0,0.0,0.0,0.0,0,static
2024-10-30,1314,15496,TAMIFLU 75MG CAPS C/10,0,2.5,9.0,270.61,249.25,0.0,0.0,0.0,0.0,0,static
2024-10-31,1314,15496,TAMIFLU 75MG CAPS C/10,0,2.5,9.0,270.61,249.25,0.0,0.0,0.0,0.0,0,static
2024-11-01,1314,15496,TAMIFLU 75MG CAPS C/10,0,2.5,9.0,270.61,249.25,0.0,0.0,0.0,0.0,0,static
2024-11-02,1314,15496,TAMIFLU 75MG CAPS C/10,0,2.5,9.0,270.61,249.25,0.0,0.0,0.0,0.0,0,static
2024-11-03,1314,15496,TAMIFLU 75MG CAPS C/10,0,2.5,9.0,270.61,249.25,0.0,0.0,0.0,0.0,0,static
2024-11-04,1314,15496,TAMIFLU 75MG CAPS C/10,0,2.5,9.0,270.61,249.25,0.0,0.0,0.0,0.0,0,static
2024-11-05,1314,15496,TAMIFLU 75MG CAPS C/10,0,2.5,9.0,270.61,249.25,0.0,0.0,0.0,0.0,0,static
2024-11-06,1314,15496,TAMIFLU 75MG CAPS C/10,0,2.5,9.0,270.61,249.25,0.0,0.0,0.0,0.0,0,static
2024-11-07,1314,15496,TAMIFLU 75MG CAPS C/10,0,2.5,9.0,270.61,249.25,0.0,0.0,0.0,0.0,0,static
2024-11-08,1314,15496,TAMIFLU 75MG CAPS C/10,0,2.5,9.0,270.61,249.25,0.0,0.0,0.0,0.0,0,static
2024-11-09,1314,15496,TAMIFLU 75MG CAPS C/10,0,2.5,9.0,270.61,249.25,0.0,0.0,0.0,0.0,0,static
2024-11-10,1314,15496,TAMIFLU 75MG CAPS C/10,0,2.5,9.0,270.61,249.25,0.0,0.0,0.0,0.0,0,static
2024-11-11,1314,15496,TAMIFLU 75MG CAPS C/10,0,2.5,9.0,270.61,249.25,0.0,0.0,0.0,0.0,0,static
2024-11-12,1314,15496,TAMIFLU 75MG CAPS C/10,0,2.5,9.0,270.61,249.25,0.0,0.0,0.0,0.0,0,static
2024-11-13,1314,15496,TAMIFLU 75MG CAPS C/10,0,2.5,9.0,270.61,249.25,0.0,0.0,0.0,0.0,0,static
2024-11-14,1314,15496,TAMIFLU 75MG CAPS C/10,0,2.5,9.0,270.61,249.25,0.0,0.0,0.0,0.0,0,static
2024-11-15,1314,15496,TAMIFLU 75MG CAPS C/10,0,2.5,9.0,270.61,249.25,0.0,0.0,0.0,0.0,0,static
2024-11-16,1314,15496,TAMIFLU 75MG CAPS C/10,0,2.5,9.0,270.61,249.25,0.0,0.0,0.0,0.0,0,static
2024-11-17,1314,15496,TAMIFLU 75MG CAPS C/10,0,2.5,9.0,270.61,249.25,0.0,0.0,0.0,0.0,0,static
2024-11-18,1314,15496,TAMIFLU 75MG CAPS C/10,0,2.5,9.0,270.61,249.25,0.0,0.0,0.0,0.0,0,static
2024-11-19,1314,15496,TAMIFLU 75MG CAPS C/10,0,2.5,9.0,270.61,249.25,0.0,0.0,0.0,0.0,0,static
2024-11-20,1314,15496,TAMIFLU 75MG CAPS C/10,0,2.5,9.0,270.61,249.25,0.0,0.0,0.0,0.0,0,static
2024-11-21,1314,15496,TAMIFLU 75MG CAPS C/10,0,2.5,9.0,270.61,249.25,0.0,0.0,0.0,0.0,0,static
2024-11-22,1314,15496,TAMIFLU 75MG CAPS C/10,0,2.5,9.0,270.61,249.25,0.0,0.0,0.0,0.0,0,static
2024-11-23,1314,15496,TAMIFLU 75MG CAPS C/10,0,2.5,9.0,270.61,249.25,0.0,0.0,0.0,0.0,0,static
2024-11-24,1314,15496,TAMIFLU 75MG CAPS C/10,0,2.5,9.0,270.61,249.25,0.0,0.0,0.0,0.0,0,static
2024-11-25,1314,15496,TAMIFLU 75MG CAPS C/10,0,2.5,9.0,270.61,249.25,0.0,0.0,0.0,0.0,0,static
2024-11-26,1314,15496,TAMIFLU 75MG CAPS C/10,0,2.5,9.0,270.61,249.25,0.0,0.0,0.0,0.0,0,static
2024-11-27,1314,15496,TAMIFLU 75MG CAPS C/10,0,2.5,9.0,270.61,249.25,0.0,0.0,0.0,0.0,0,static
2024-11-28,1314,15496,TAMIFLU 75MG CAPS C/10,0,2.5,9.0,270.61,249.25,0.0,0.0,0.0,0.0,0,static
2024-11-29,1314,15496,TAMIFLU 75MG CAPS C/10,0,2.5,9.0,270.61,249.25,0.0,0.0,0.0,0.0,0,static
2024-11-30,1314,15496,TAMIFLU 75MG CAPS C/10,0,2.5,9.0,270.61,249.25,0.0,0.0,0.0,0.0,0,static
2024-12-01,1314,15496,TAMIFLU 75MG CAPS C/10,0,2.5,9.0,270.61,249.25,0.0,0.0,0.0,0.0,0,static
2024-12-02,1314,15496,TAMIFLU 75MG CAPS C/10,0,2.5,9.0,270.61,249.25,0.0,0.0,0.0,0.0,0,static
2024-12-03,1314,15496,TAMIFLU 75MG CAPS C/10,0,2.5,9.0,270.61,249.25,0.0,0.0,0.0,0.0,0,static
2024-12-04,1314,15496,TAMIFLU 75MG CAPS C/10,0,2.5,9.0,270.61,249.25,0.0,0.0,0.0,0.0,0,static
2024-12-05,1314,15496,TAMIFLU 75MG CAPS C/10,0,2.5,9.0,270.61,249.25,0.0,0.0,0.0,0.0,0,static
2024-12-06,1314,15496,TAMIFLU 75MG CAPS C/10,0,2.5,9.0,270.61,249.25,0.0,0.0,0.0,0.0,0,static
2024-12-07,1314,15496,TAMIFLU 75MG CAPS C/10,0,2.5,9.0,270.61,249.25,0.0,0.0,0.0,0.0,0,static
2024-12-08,1314,15496,TAMIFLU 75MG CAPS C/10,0,2.5,9.0,270.61,249.25,0.0,0.0,0.0,0.0,0,static
2024-12-09,1314,15496,TAMIFLU 75MG CAPS C/10,0,2.5,9.0,270.61,249.25,0.0,0.0,0.0,0.0,0,static
2024-12-10,1314,15496,TAMIFLU 75MG CAPS C/10,0,2.5,9.0,270.61,249.25,0.0,0.0,0.0,0.0,0,static
2024-12-11,1314,15496,TAMIFLU 75MG CAPS C/10,0,2.5,9.0,270.61,249.25,0.0,0.0,0.0,0.0,0,static
2024-12-12,1314,15496,TAMIFLU 75MG CAPS C/10,0,2.5,9.0,270.61,249.25,0.0,0.0,0.0,0.0,0,static
2024-12-13,1314,15496,TAMIFLU 75MG CAPS C/10,0,2.5,9.0,270.61,249.25,0.0,0.0,0.0,0.0,0,static
2024-12-14,1314,15496,TAMIFLU 75MG CAPS C/10,0,2.5,9.0,270.61,249.25,0.0,0.0,0.0,0.0,0,static
2024-12-15,1314,15496,TAMIFLU 75MG CAPS C/10,0,2.5,9.0,270.61,249.25,0.0,0.0,0.0,0.0,0,static
2024-12-16,1314,15496,TAMIFLU 75MG CAPS C/10,0,2.5,9.0,270.61,249.25,0.0,0.0,0.0,0.0,0,static
2024-12-17,1314,15496,TAMIFLU 75MG CAPS C/10,0,2.5,9.0,270.61,249.25,0.0,0.0,0.0,0.0,0,static
2024-12-18,1314,15496,TAMIFLU 75MG CAPS C/10,0,2.5,9.0,270.61,249.25,0.0,0.0,0.0,0.0,0,static
2024-12-19,1314,15496,TAMIFLU 75MG CAPS C/10,0,2.5,9.0,270.61,249.25,0.0,0.0,0.0,0.0,0,static
2024-12-20,1314,15496,TAMIFLU 75MG CAPS C/10,0,2.5,9.0,270.61,249.25,0.0,0.0,0.0,0.0,0,static
2024-12-21,1314,15496,TAMIFLU 75MG CAPS C/10,0,2.5,9.0,270.61,249.25,0.0,0.0,0.0,0.0,0,static
2024-12-22,1314,15496,TAMIFLU 75MG CAPS C/10,0,2.5,9.0,270.61,249.25,0.0,0.0,0.0,0.0,0,static
2024-12-23,1314,15496,TAMIFLU 75MG CAPS C/10,0,2.5,9.0,270.61,249.25,0.0,0.0,0.0,0.0,0,static
2024-12-24,1314,15496,TAMIFLU 75MG CAPS C/10,0,2.5,9.0,270.61,249.25,0.0,0.0,0.0,0.0,0,static
2024-12-25,1314,15496,TAMIFLU 75MG CAPS C/10,0,2.5,9.0,270.61,249.25,0.0,0.0,0.0,0.0,0,static
2024-12-26,1314,15496,TAMIFLU 75MG CAPS C/10,0,2.5,9.0,270.61,249.25,0.0,0.0,0.0,0.0,0,static
2024-12-27,1314,15496,TAMIFLU 75MG CAPS C/10,0,2.5,9.0,270.61,249.25,0.0,0.0,0.0,0.0,0,static
2024-12-28,1314,15496,TAMIFLU 75MG CAPS C/10,0,2.5,9.0,270.61,249.25,0.0,0.0,0.0,0.0,0,static
2024-12-29,1314,15496,TAMIFLU 75MG CAPS C/10,0,2.5,9.0,270.61,249.25,0.0,0.0,0.0,0.0,0,static
2024-12-30,1314,15496,TAMIFLU 75MG CAPS C/10,0,2.5,9.0,270.61,249.25,0.0,0.0,0.0,0.0,0,static
2024-12-31,1314,15496,TAMIFLU 75MG CAPS C/10,0,2.5,9.0,270.61,249.25,0.0,0.0,0.0,0.0,0,static
2024-10-01,1314,15589,ANTUX XAROPE 120ML,0,2.5,9.0,34.77,32.02,0.3125,0.5536,0.0,0.0,0,static
2024-10-02,1314,15589,ANTUX XAROPE 120ML,0,2.5,9.0,34.77,32.02,0.48,0.5536,0.0,0.0,0,static
2024-10-03,1314,15589,ANTUX XAROPE 120ML,0,2.5,9.0,34.77,32.02,0.655,0.5536,0.0,0.0,0,static
2024-10-04,1314,15589,ANTUX XAROPE 120ML,0,2.5,9.0,34.77,32.02,0.5846,0.5536,0.0,0.0,0,static
2024-10-05,1314,15589,ANTUX XAROPE 120ML,0,2.5,9.0,34.77,32.02,0.4437,0.5536,0.0,0.0,0,static
2024-10-06,1314,15589,ANTUX XAROPE 120ML,0,2.5,9.0,34.77,32.02,0.3563,0.5536,0.0,0.0,0,static
2024-10-07,1314,15589,ANTUX XAROPE 120ML,0,2.5,9.0,34.77,32.02,0.4437,0.5536,0.0,0.0,0,static
2024-10-08,1314,15589,ANTUX XAROPE 120ML,0,2.5,9.0,34.77,32.02,0.3125,0.5536,0.0,0.0,0,static
2024-10-09,1314,15589,ANTUX XAROPE 120ML,0,2.5,9.0,34.77,32.02,0.4,0.5536,0.0,0.0,0,static
2024-10-10,1314,15589,ANTUX XAROPE 120ML,0,2.5,9.0,34.77,32.02,0.575,0.5536,0.0,0.0,0,static
2024-10-11,1314,15589,ANTUX XAROPE 120ML,0,2.5,9.0,34.77,32.02,0.4913,0.5536,0.0,0.0,0,static
2024-10-12,1314,15589,ANTUX XAROPE 120ML,0,2.5,9.0,34.77,32.02,0.4037,0.5536,0.0,0.0,0,static
2024-10-13,1314,15589,ANTUX XAROPE 120ML,0,2.5,9.0,34.77,32.02,0.2762,0.5536,1.0,1.0,0,static
2024-10-14,1314,15589,ANTUX XAROPE 120ML,0,2.5,9.0,34.77,32.02,0.3637,0.5536,0.0,0.0,0,static
2024-10-15,1314,15589,ANTUX XAROPE 120ML,0,2.5,9.0,34.77,32.02,0.1925,0.5536,1.0,1.0,0,static
2024-10-16,1314,15589,ANTUX XAROPE 120ML,0,2.5,9.0,34.77,32.02,0.28,0.5536,0.0,0.0,0,static
2024-10-17,1314,15589,ANTUX XAROPE 120ML,0,2.5,9.0,34.77,32.02,0.415,0.5536,0.0,0.0,0,static
2024-10-18,1314,15589,ANTUX XAROPE 120ML,0,2.5,9.0,34.77,32.02,0.3712,0.5536,0.0,0.0,0,static
2024-10-19,1314,15589,ANTUX XAROPE 120ML,0,2.5,9.0,34.77,32.02,0.2837,0.5536,0.0,0.0,0,static
2024-10-20,1314,15589,ANTUX XAROPE 120ML,0,2.5,9.0,34.77,32.02,0.1963,0.5536,0.0,0.0,0,static
2024-10-21,1314,15589,ANTUX XAROPE 120ML,0,2.5,9.0,34.77,32.02,0.2837,0.5536,0.0,0.0,0,static
2024-10-22,1314,15589,ANTUX XAROPE 120ML,0,2.5,9.0,34.77,32.02,0.1525,0.5536,0.0,0.0,0,static
2024-10-23,1314,15589,ANTUX XAROPE 120ML,0,2.5,9.0,34.77,32.02,0.24,0.5536,0.0,0.0,0,static
2024-10-24,1314,15589,ANTUX XAROPE 120ML,0,2.5,9.0,34.77,32.02,0.415,0.5536,0.0,0.0,0,static
2024-10-25,1314,15589,ANTUX XAROPE 120ML,0,2.5,9.0,34.77,32.02,0.3846,0.5536,0.0,0.0,0,static
2024-10-26,1314,15589,ANTUX XAROPE 120ML,0,2.5,9.0,34.77,32.02,0.2971,0.5536,0.0,0.0,0,static
2024-10-27,1314,15589,ANTUX XAROPE 120ML,0,2.5,9.0,34.77,32.02,0.2096,0.5536,0.0,0.0,0,static
2024-10-28,1314,15589,ANTUX XAROPE 120ML,0,2.5,9.0,34.77,32.02,0.2971,0.5536,0.0,0.0,0,static
2024-10-29,1314,15589,ANTUX XAROPE 120ML,0,2.5,9.0,34.77,32.02,0.1658,0.5536,0.0,0.0,0,static
2024-10-30,1314,15589,ANTUX XAROPE 120ML,0,2.5,9.0,34.77,32.02,0.2667,0.5536,0.0,0.0,0,static
2024-10-31,1314,15589,ANTUX XAROPE 120ML,0,2.5,9.0,34.77,32.02,0.455,0.5536,0.0,0.0,0,static
2024-11-01,1314,15589,ANTUX XAROPE 120ML,0,2.5,9.0,34.77,32.02,0.3712,0.5536,1.0,1.0,0,static
2024-11-02,1314,15589,ANTUX XAROPE 120ML,0,2.5,9.0,34.77,32.02,0.2837,0.5536,1.0,1.0,0,static
2024-11-03,1314,15589,ANTUX XAROPE 120ML,0,2.5,9.0,34.77,32.02,0.2229,0.5536,0.0,0.0,0,static
2024-11-04,1314,15589,ANTUX XAROPE 120ML,0,2.5,9.0,34.77,32.02,0.3104,0.5536,0.0,0.0,0,static
2024-11-05,1314,15589,ANTUX XAROPE 120ML,0,2.5,9.0,34.77,32.02,0.1925,0.5536,0.0,0.0,0,static
2024-11-06,1314,15589,ANTUX XAROPE 120ML,0,2.5,9.0,34.77,32.02,0.28,0.5536,0.0,0.0,0,static
2024-11-07,1314,15589,ANTUX XAROPE 120ML,0,2.5,9.0,34.77,32.02,0.4683,0.5536,0.0,0.0,0,static
2024-11-08,1314,15589,ANTUX XAROPE 120ML,0,2.5,9.0,34.77,32.02,0.4379,0.5536,0.0,0.0,0,static
2024-11-09,1314,15589,ANTUX XAROPE 120ML,0,2.5,9.0,34.77,32.02,0.3371,0.5536,0.0,0.0,0,static
2024-11-10,1314,15589,ANTUX XAROPE 120ML,0,2.5,9.0,34.77,32.02,0.2496,0.5536,0.0,0.0,0,static
2024-11-11,1314,15589,ANTUX XAROPE 120ML,0,2.5,9.0,34.77,32.02,0.3371,0.5536,0.0,0.0,0,static
2024-11-12,1314,15589,ANTUX XAROPE 120ML,0,2.5,9.0,34.77,32.02,0.2058,0.5536,0.0,0.0,0,static
2024-11-13,1314,15589,ANTUX XAROPE 120ML,0,2.5,9.0,34.77,32.02,0.2933,0.5536,1.0,1.0,0,static
2024-11-14,1314,15589,ANTUX XAROPE 120ML,0,2.5,9.0,34.77,32.02,0.455,0.5536,0.0,0.0,0,static
2024-11-15,1314,15589,ANTUX XAROPE 120ML,0,2.5,9.0,34.77,32.02,0.3979,0.5536,0.0,0.0,0,static
2024-11-16,1314,15589,ANTUX XAROPE 120ML,0,2.5,9.0,34.77,32.02,0.3104,0.5536,0.0,0.0,0,static
2024-11-17,1314,15589,ANTUX XAROPE 120ML,0,2.5,9.0,34.77,32.02,0.2229,0.5536,0.0,0.0,0,static
2024-11-18,1314,15589,ANTUX XAROPE 120ML,0,2.5,9.0,34.77,32.02,0.2837,0.5536,0.0,0.0,0,static
2024-11-19,1314,15589,ANTUX XAROPE 120ML,0,2.5,9.0,34.77,32.02,0.1525,0.5536,0.0,0.0,0,static
2024-11-20,1314,15589,ANTUX XAROPE 120ML,0,2.5,9.0,34.77,32.02,0.2267,0.5536,0.0,0.0,0,static
2024-11-21,1314,15589,ANTUX XAROPE 120ML,0,2.5,9.0,34.77,32.02,0.4017,0.5536,2.0,2.0,0,static
2024-11-22,1314,15589,ANTUX XAROPE 120ML,0,2.5,9.0,34.77,32.02,0.3446,0.5536,0.0,0.0,0,static
2024-11-23,1314,15589,ANTUX XAROPE 120ML,0,2.5,9.0,34.77,32.02,0.2437,0.5536,0.0,0.0,0,static
2024-11-24,1314,15589,ANTUX XAROPE 120ML,0,2.5,9.0,34.77,32.02,0.1562,0.5536,0.0,0.0,0,static
2024-11-25,1314,15589,ANTUX XAROPE 120ML,0,2.5,9.0,34.77,32.02,0.2437,0.5536,0.0,0.0,0,static
2024-11-26,1314,15589,ANTUX XAROPE 120ML,0,2.5,9.0,34.77,32.02,0.1258,0.5536,0.0,0.0,0,static
2024-11-27,1314,15589,ANTUX XAROPE 120ML,0,2.5,9.0,34.77,32.02,0.24,0.5536,1.0,1.0,0,static
2024-11-28,1314,15589,ANTUX XAROPE 120ML,0,2.5,9.0,34.77,32.02,0.4283,0.5536,0.0,0.0,0,static
2024-11-29,1314,15589,ANTUX XAROPE 120ML,0,2.5,9.0,34.77,32.02,0.3846,0.5536,0.0,0.0,0,static
2024-11-30,1314,15589,ANTUX XAROPE 120ML,0,2.5,9.0,34.77,32.02,0.2971,0.5536,0.0,0.0,0,static
2024-12-01,1314,15589,ANTUX XAROPE 120ML,0,2.5,9.0,34.77,32.02,0.2096,0.5536,0.0,0.0,0,static
2024-12-02,1314,15589,ANTUX XAROPE 120ML,0,2.5,9.0,34.77,32.02,0.3237,0.5536,0.0,0.0,0,static
2024-12-03,1314,15589,ANTUX XAROPE 120ML,0,2.5,9.0,34.77,32.02,0.2058,0.5536,0.0,0.0,0,static
2024-12-04,1314,15589,ANTUX XAROPE 120ML,0,2.5,9.0,34.77,32.02,0.2933,0.5536,1.0,1.0,0,static
2024-12-05,1314,15589,ANTUX XAROPE 120ML,0,2.5,9.0,34.77,32.02,0.4683,0.5536,1.0,1.0,0,static
2024-12-06,1314,15589,ANTUX XAROPE 120ML,0,2.5,9.0,34.77,32.02,0.4246,0.5536,0.0,0.0,0,static
2024-12-07,1314,15589,ANTUX XAROPE 120ML,0,2.5,9.0,34.77,32.02,0.3637,0.5536,0.0,0.0,0,static
2024-12-08,1314,15589,ANTUX XAROPE 120ML,0,2.5,9.0,34.77,32.02,0.2762,0.5536,0.0,0.0,0,static
2024-12-09,1314,15589,ANTUX XAROPE 120ML,0,2.5,9.0,34.77,32.02,0.3637,0.5536,0.0,0.0,0,static
2024-12-10,1314,15589,ANTUX XAROPE 120ML,0,2.5,9.0,34.77,32.02,0.2325,0.5536,0.0,0.0,0,static
2024-12-11,1314,15589,ANTUX XAROPE 120ML,0,2.5,9.0,34.77,32.02,0.3067,0.5536,0.0,0.0,0,static
2024-12-12,1314,15589,ANTUX XAROPE 120ML,0,2.5,9.0,34.77,32.02,0.455,0.5536,0.0,0.0,0,static
2024-12-13,1314,15589,ANTUX XAROPE 120ML,0,2.5,9.0,34.77,32.02,0.3979,0.5536,0.0,0.0,0,static
2024-12-14,1314,15589,ANTUX XAROPE 120ML,0,2.5,9.0,34.77,32.02,0.3104,0.5536,0.0,0.0,0,static
2024-12-15,1314,15589,ANTUX XAROPE 120ML,0,2.5,9.0,34.77,32.02,0.2363,0.5536,0.0,0.0,0,static
2024-12-16,1314,15589,ANTUX XAROPE 120ML,0,2.5,9.0,34.77,32.02,0.3371,0.5536,0.0,0.0,0,static
2024-12-17,1314,15589,ANTUX XAROPE 120ML,0,2.5,9.0,34.77,32.02,0.1792,0.5536,1.0,1.0,0,static
2024-12-18,1314,15589,ANTUX XAROPE 120ML,0,2.5,9.0,34.77,32.02,0.2533,0.5536,0.0,0.0,0,static
2024-12-19,1314,15589,ANTUX XAROPE 120ML,0,2.5,9.0,34.77,32.02,0.4283,0.5536,1.0,1.0,0,static
2024-12-20,1314,15589,ANTUX XAROPE 120ML,0,2.5,9.0,34.77,32.02,0.3846,0.5536,0.0,0.0,0,static
2024-12-21,1314,15589,ANTUX XAROPE 120ML,0,2.5,9.0,34.77,32.02,0.2971,0.5536,0.0,0.0,0,static
2024-12-22,1314,15589,ANTUX XAROPE 120ML,0,2.5,9.0,34.77,32.02,0.1829,0.5536,3.0,3.0,0,static
2024-12-23,1314,15589,ANTUX XAROPE 120ML,0,2.5,9.0,34.77,32.02,0.2704,0.5536,0.0,0.0,0,static
2024-12-24,1314,15589,ANTUX XAROPE 120ML,0,2.5,9.0,34.77,32.02,0.1525,0.5536,0.0,0.0,0,static
2024-12-25,1314,15589,ANTUX XAROPE 120ML,0,2.5,9.0,34.77,32.02,0.24,0.5536,0.0,0.0,0,static
2024-12-26,1314,15589,ANTUX XAROPE 120ML,0,2.5,9.0,34.77,32.02,0.415,0.5536,0.0,0.0,0,static
2024-12-27,1314,15589,ANTUX XAROPE 120ML,0,2.5,9.0,34.77,32.02,0.3712,0.5536,0.0,0.0,0,static
2024-12-28,1314,15589,ANTUX XAROPE 120ML,0,2.5,9.0,34.77,32.02,0.2837,0.5536,1.0,1.0,0,static
2024-12-29,1314,15589,ANTUX XAROPE 120ML,0,2.5,9.0,34.77,32.02,0.2096,0.5536,0.0,0.0,0,static
2024-12-30,1314,15589,ANTUX XAROPE 120ML,0,2.5,9.0,34.77,32.02,0.2837,0.5536,0.0,0.0,0,static
2024-12-31,1314,15589,ANTUX XAROPE 120ML,0,2.5,9.0,34.77,32.02,0.1392,0.5536,0.0,0.0,0,static
2024-10-01,1314,15590,ANTUX GTS 20ML,0,2.5,9.0,45.02,42.19,0.0161,0.1336,0.0,0.0,0,static
2024-10-02,1314,15590,ANTUX GTS 20ML,0,2.5,9.0,45.02,42.19,0.0161,0.1336,0.0,0.0,0,static
2024-10-03,1314,15590,ANTUX GTS 20ML,0,2.5,9.0,45.02,42.19,0.0161,0.1336,0.0,0.0,0,static
2024-10-04,1314,15590,ANTUX GTS 20ML,0,2.5,9.0,45.02,42.19,0.0161,0.1336,0.0,0.0,0,static
2024-10-05,1314,15590,ANTUX GTS 20ML,0,2.5,9.0,45.02,42.19,0.0161,0.1336,0.0,0.0,0,static
2024-10-06,1314,15590,ANTUX GTS 20ML,0,2.5,9.0,45.02,42.19,0.0161,0.1336,0.0,0.0,0,static
2024-10-07,1314,15590,ANTUX GTS 20ML,0,2.5,9.0,45.02,42.19,0.0598,0.1336,0.0,0.0,0,static
2024-10-08,1314,15590,ANTUX GTS 20ML,0,2.5,9.0,45.02,42.19,0.0161,0.1336,0.0,0.0,0,static
2024-10-09,1314,15590,ANTUX GTS 20ML,0,2.5,9.0,45.02,42.19,0.0161,0.1336,0.0,0.0,0,static
2024-10-10,1314,15590,ANTUX GTS 20ML,0,2.5,9.0,45.02,42.19,0.0161,0.1336,0.0,0.0,0,static
2024-10-11,1314,15590,ANTUX GTS 20ML,0,2.5,9.0,45.02,42.19,0.0161,0.1336,0.0,0.0,0,static
2024-10-12,1314,15590,ANTUX GTS 20ML,0,2.5,9.0,45.02,42.19,0.0161,0.1336,0.0,0.0,0,static
2024-10-13,1314,15590,ANTUX GTS 20ML,0,2.5,9.0,45.02,42.19,0.0161,0.1336,0.0,0.0,0,static
2024-10-14,1314,15590,ANTUX GTS 20ML,0,2.5,9.0,45.02,42.19,0.0598,0.1336,0.0,0.0,0,static
2024-10-15,1314,15590,ANTUX GTS 20ML,0,2.5,9.0,45.02,42.19,0.0161,0.1336,0.0,0.0,0,static
2024-10-16,1314,15590,ANTUX GTS 20ML,0,2.5,9.0,45.02,42.19,0.0161,0.1336,0.0,0.0,0,static
2024-10-17,1314,15590,ANTUX GTS 20ML,0,2.5,9.0,45.02,42.19,0.0561,0.1336,0.0,0.0,0,static
2024-10-18,1314,15590,ANTUX GTS 20ML,0,2.5,9.0,45.02,42.19,0.0561,0.1336,0.0,0.0,0,static
2024-10-19,1314,15590,ANTUX GTS 20ML,0,2.5,9.0,45.02,42.19,0.0561,0.1336,0.0,0.0,0,static
2024-10-20,1314,15590,ANTUX GTS 20ML,0,2.5,9.0,45.02,42.19,0.0561,0.1336,0.0,0.0,0,static
2024-10-21,1314,15590,ANTUX GTS 20ML,0,2.5,9.0,45.02,42.19,0.0998,0.1336,0.0,0.0,0,static
2024-10-22,1314,15590,ANTUX GTS 20ML,0,2.5,9.0,45.02,42.19,0.0561,0.1336,0.0,0.0,0,static
2024-10-23,1314,15590,ANTUX GTS 20ML,0,2.5,9.0,45.02,42.19,0.0561,0.1336,0.0,0.0,0,static
2024-10-24,1314,15590,ANTUX GTS 20ML,0,2.5,9.0,45.02,42.19,0.0561,0.1336,0.0,0.0,0,static
2024-10-25,1314,15590,ANTUX GTS 20ML,0,2.5,9.0,45.02,42.19,0.0561,0.1336,0.0,0.0,0,static
2024-10-26,1314,15590,ANTUX GTS 20ML,0,2.5,9.0,45.02,42.19,0.0561,0.1336,0.0,0.0,0,static
2024-10-27,1314,15590,ANTUX GTS 20ML,0,2.5,9.0,45.02,42.19,0.0561,0.1336,0.0,0.0,0,static
2024-10-28,1314,15590,ANTUX GTS 20ML,0,2.5,9.0,45.02,42.19,0.0998,0.1336,0.0,0.0,0,static
2024-10-29,1314,15590,ANTUX GTS 20ML,0,2.5,9.0,45.02,42.19,0.0561,0.1336,0.0,0.0,0,static
2024-10-30,1314,15590,ANTUX GTS 20ML,0,2.5,9.0,45.02,42.19,0.0561,0.1336,0.0,0.0,0,static
2024-10-31,1314,15590,ANTUX GTS 20ML,0,2.5,9.0,45.02,42.19,0.0561,0.1336,0.0,0.0,0,static
2024-11-01,1314,15590,ANTUX GTS 20ML,0,2.5,9.0,45.02,42.19,0.0161,0.1336,0.0,0.0,0,static
2024-11-02,1314,15590,ANTUX GTS 20ML,0,2.5,9.0,45.02,42.19,0.0161,0.1336,0.0,0.0,0,static
2024-11-03,1314,15590,ANTUX GTS 20ML,0,2.5,9.0,45.02,42.19,0.0161,0.1336,0.0,0.0,0,static
2024-11-04,1314,15590,ANTUX GTS 20ML,0,2.5,9.0,45.02,42.19,0.0598,0.1336,0.0,0.0,0,static
2024-11-05,1314,15590,ANTUX GTS 20ML,0,2.5,9.0,45.02,42.19,0.0161,0.1336,0.0,0.0,0,static
2024-11-06,1314,15590,ANTUX GTS 20ML,0,2.5,9.0,45.02,42.19,0.0161,0.1336,0.0,0.0,0,static
2024-11-07,1314,15590,ANTUX GTS 20ML,0,2.5,9.0,45.02,42.19,0.0161,0.1336,0.0,0.0,0,static
2024-11-08,1314,15590,ANTUX GTS 20ML,0,2.5,9.0,45.02,42.19,0.0161,0.1336,0.0,0.0,0,static
2024-11-09,1314,15590,ANTUX GTS 20ML,0,2.5,9.0,45.02,42.19,0.0161,0.1336,0.0,0.0,0,static
2024-11-10,1314,15590,ANTUX GTS 20ML,0,2.5,9.0,45.02,42.19,0.0161,0.1336,0.0,0.0,0,static
2024-11-11,1314,15590,ANTUX GTS 20ML,0,2.5,9.0,45.02,42.19,0.0598,0.1336,0.0,0.0,0,static
2024-11-12,1314,15590,ANTUX GTS 20ML,0,2.5,9.0,45.02,42.19,0.0161,0.1336,0.0,0.0,0,static
2024-11-13,1314,15590,ANTUX GTS 20ML,0,2.5,9.0,45.02,42.19,0.0161,0.1336,0.0,0.0,0,static
2024-11-14,1314,15590,ANTUX GTS 20ML,0,2.5,9.0,45.02,42.19,0.0161,0.1336,0.0,0.0,0,static
2024-11-15,1314,15590,ANTUX GTS 20ML,0,2.5,9.0,45.02,42.19,0.0161,0.1336,0.0,0.0,0,static
2024-11-16,1314,15590,ANTUX GTS 20ML,0,2.5,9.0,45.02,42.19,0.0161,0.1336,0.0,0.0,0,static
2024-11-17,1314,15590,ANTUX GTS 20ML,0,2.5,9.0,45.02,42.19,0.0161,0.1336,0.0,0.0,0,static
2024-11-18,1314,15590,ANTUX GTS 20ML,0,2.5,9.0,45.02,42.19,0.0598,0.1336,0.0,0.0,0,static
2024-11-19,1314,15590,ANTUX GTS 20ML,0,2.5,9.0,45.02,42.19,0.0161,0.1336,0.0,0.0,0,static
2024-11-20,1314,15590,ANTUX GTS 20ML,0,2.5,9.0,45.02,42.19,0.0161,0.1336,0.0,0.0,0,static
2024-11-21,1314,15590,ANTUX GTS 20ML,0,2.5,9.0,45.02,42.19,0.0161,0.1336,0.0,0.0,0,static
2024-11-22,1314,15590,ANTUX GTS 20ML,0,2.5,9.0,45.02,42.19,0.0161,0.1336,0.0,0.0,0,static
2024-11-23,1314,15590,ANTUX GTS 20ML,0,2.5,9.0,45.02,42.19,0.0161,0.1336,0.0,0.0,0,static
2024-11-24,1314,15590,ANTUX GTS 20ML,0,2.5,9.0,45.02,42.19,0.0161,0.1336,0.0,0.0,0,static
2024-11-25,1314,15590,ANTUX GTS 20ML,0,2.5,9.0,45.02,42.19,0.0598,0.1336,0.0,0.0,0,static
2024-11-26,1314,15590,ANTUX GTS 20ML,0,2.5,9.0,45.02,42.19,0.0161,0.1336,0.0,0.0,0,static
2024-11-27,1314,15590,ANTUX GTS 20ML,0,2.5,9.0,45.02,42.19,0.0161,0.1336,0.0,0.0,0,static
2024-11-28,1314,15590,ANTUX GTS 20ML,0,2.5,9.0,45.02,42.19,0.0161,0.1336,0.0,0.0,0,static
2024-11-29,1314,15590,ANTUX GTS 20ML,0,2.5,9.0,45.02,42.19,0.0161,0.1336,0.0,0.0,0,static
2024-11-30,1314,15590,ANTUX GTS 20ML,0,2.5,9.0,45.02,42.19,0.0161,0.1336,0.0,0.0,0,static
2024-12-01,1314,15590,ANTUX GTS 20ML,0,2.5,9.0,45.02,42.19,0.0161,0.1336,0.0,0.0,0,static
2024-12-02,1314,15590,ANTUX GTS 20ML,0,2.5,9.0,45.02,42.19,0.0598,0.1336,0.0,0.0,0,static
2024-12-03,1314,15590,ANTUX GTS 20ML,0,2.5,9.0,45.02,42.19,0.0161,0.1336,0.0,0.0,0,static
2024-12-04,1314,15590,ANTUX GTS 20ML,0,2.5,9.0,45.02,42.19,0.0161,0.1336,0.0,0.0,0,static
2024-12-05,1314,15590,ANTUX GTS 20ML,0,2.5,9.0,45.02,42.19,0.0161,0.1336,0.0,0.0,0,static
2024-12-06,1314,15590,ANTUX GTS 20ML,0,2.5,9.0,45.02,42.19,0.0161,0.1336,0.0,0.0,0,static
2024-12-07,1314,15590,ANTUX GTS 20ML,0,2.5,9.0,45.02,42.19,0.0161,0.1336,0.0,0.0,0,static
2024-12-08,1314,15590,ANTUX GTS 20ML,0,2.5,9.0,45.02,42.19,0.0161,0.1336,0.0,0.0,0,static
2024-12-09,1314,15590,ANTUX GTS 20ML,0,2.5,9.0,45.02,42.19,0.0598,0.1336,0.0,0.0,0,static
2024-12-10,1314,15590,ANTUX GTS 20ML,0,2.5,9.0,45.02,42.19,0.0161,0.1336,0.0,0.0,0,static
2024-12-11,1314,15590,ANTUX GTS 20ML,0,2.5,9.0,45.02,42.19,0.0161,0.1336,0.0,0.0,0,static
2024-12-12,1314,15590,ANTUX GTS 20ML,0,2.5,9.0,45.02,42.19,0.0161,0.1336,0.0,0.0,0,static
2024-12-13,1314,15590,ANTUX GTS 20ML,0,2.5,9.0,45.02,42.19,0.0161,0.1336,0.0,0.0,0,static
2024-12-14,1314,15590,ANTUX GTS 20ML,0,2.5,9.0,45.02,42.19,0.0161,0.1336,0.0,0.0,0,static
2024-12-15,1314,15590,ANTUX GTS 20ML,0,2.5,9.0,45.02,42.19,0.0161,0.1336,0.0,0.0,0,static
2024-12-16,1314,15590,ANTUX GTS 20ML,0,2.5,9.0,45.02,42.19,0.0598,0.1336,0.0,0.0,0,static
2024-12-17,1314,15590,ANTUX GTS 20ML,0,2.5,9.0,45.02,42.19,0.0161,0.1336,0.0,0.0,0,static
2024-12-18,1314,15590,ANTUX GTS 20ML,0,2.5,9.0,45.02,42.19,0.0161,0.1336,0.0,0.0,0,static
2024-12-19,1314,15590,ANTUX GTS 20ML,0,2.5,9.0,45.02,42.19,0.0161,0.1336,0.0,0.0,0,static
2024-12-20,1314,15590,ANTUX GTS 20ML,0,2.5,9.0,45.02,42.19,0.0161,0.1336,0.0,0.0,0,static
2024-12-21,1314,15590,ANTUX GTS 20ML,0,2.5,9.0,45.02,42.19,0.0161,0.1336,0.0,0.0,0,static
2024-12-22,1314,15590,ANTUX GTS 20ML,0,2.5,9.0,45.02,42.19,0.0161,0.1336,0.0,0.0,0,static
2024-12-23,1314,15590,ANTUX GTS 20ML,0,2.5,9.0,45.02,42.19,0.0598,0.1336,0.0,0.0,0,static
2024-12-24,1314,15590,ANTUX GTS 20ML,0,2.5,9.0,45.02,42.19,0.0161,0.1336,0.0,0.0,0,static
2024-12-25,1314,15590,ANTUX GTS 20ML,0,2.5,9.0,45.02,42.19,0.0161,0.1336,0.0,0.0,0,static
2024-12-26,1314,15590,ANTUX GTS 20ML,0,2.5,9.0,45.02,42.19,0.0161,0.1336,0.0,0.0,0,static
2024-12-27,1314,15590,ANTUX GTS 20ML,0,2.5,9.0,45.02,42.19,0.0161,0.1336,0.0,0.0,0,static
2024-12-28,1314,15590,ANTUX GTS 20ML,0,2.5,9.0,45.02,42.19,0.0161,0.1336,0.0,0.0,0,static
2024-12-29,1314,15590,ANTUX GTS 20ML,0,2.5,9.0,45.02,42.19,0.0161,0.1336,0.0,0.0,0,static
2024-12-30,1314,15590,ANTUX GTS 20ML,0,2.5,9.0,45.02,42.19,0.0598,0.1336,0.0,0.0,0,static
2024-12-31,1314,15590,ANTUX GTS 20ML,0,2.5,9.0,45.02,42.19,0.0161,0.1336,0.0,0.0,0,static
2024-10-01,1314,18064,NEOSORO SOLUCAO NASAL ADULTO 30ML,1,1.5204982891360137,9.0,8.93,4.28,19.2416,5.4715,14.0,14.0,0,static
2024-10-02,1314,18064,NEOSORO SOLUCAO NASAL ADULTO 30ML,1,1.5204982891360137,9.0,8.93,4.28,19.5109,5.4715,23.0,23.0,0,static
2024-10-03,1314,18064,NEOSORO SOLUCAO NASAL ADULTO 30ML,1,1.5204982891360137,9.0,8.93,4.28,19.4304,5.4715,5.0,5.0,0,static
2024-10-04,1314,18064,NEOSORO SOLUCAO NASAL ADULTO 30ML,1,1.5204982891360137,9.0,8.93,4.28,19.8093,5.4715,14.0,14.0,0,static
2024-10-05,1314,18064,NEOSORO SOLUCAO NASAL ADULTO 30ML,1,1.5204982891360137,9.0,8.93,4.28,22.5107,5.4715,16.0,16.0,0,static
2024-10-06,1314,18064,NEOSORO SOLUCAO NASAL ADULTO 30ML,1,1.5204982891360137,9.0,8.93,4.28,20.9668,5.4715,8.0,8.0,0,static
2024-10-07,1314,18064,NEOSORO SOLUCAO NASAL ADULTO 30ML,1,1.5204982891360137,9.0,8.93,4.28,21.9215,5.4715,25.0,25.0,0,static
2024-10-08,1314,18064,NEOSORO SOLUCAO NASAL ADULTO 30ML,1,1.5204982891360137,9.0,8.93,4.28,21.0054,5.4715,24.0,24.0,0,static
2024-10-09,1314,18064,NEOSORO SOLUCAO NASAL ADULTO 30ML,1,1.5204982891360137,9.0,8.93,4.28,21.1328,5.4715,6.0,6.0,0,static
2024-10-10,1314,18064,NEOSORO SOLUCAO NASAL ADULTO 30ML,1,1.5204982891360137,9.0,8.93,4.28,20.9712,5.4715,13.0,13.0,0,static
2024-10-11,1314,18064,NEOSORO SOLUCAO NASAL ADULTO 30ML,1,1.5204982891360137,9.0,8.93,4.28,21.3095,5.4715,14.0,14.0,0,static
2024-10-12,1314,18064,NEOSORO SOLUCAO NASAL ADULTO 30ML,1,1.5204982891360137,9.0,8.93,4.28,23.6055,5.4715,7.0,7.0,0,static
2024-10-13,1314,18064,NEOSORO SOLUCAO NASAL ADULTO 30ML,1,1.5204982891360137,9.0,8.93,4.28,21.5547,5.4715,6.0,6.0,0,static
2024-10-14,1314,18064,NEOSORO SOLUCAO NASAL ADULTO 30ML,1,1.5204982891360137,9.0,8.93,4.28,21.7391,5.4715,0.0,0.0,0,static
2024-10-15,1314,18064,NEOSORO SOLUCAO NASAL ADULTO 30ML,1,1.5204982891360137,9.0,8.93,4.28,20.5189,5.4715,10.0,10.0,0,static
2024-10-16,1314,18064,NEOSORO SOLUCAO NASAL ADULTO 30ML,1,1.5204982891360137,9.0,8.93,4.28,19.9772,5.4715,11.0,11.0,0,static
2024-10-17,1314,18064,NEOSORO SOLUCAO NASAL ADULTO 30ML,1,1.5204982891360137,9.0,8.93,4.28,20.0589,5.4715,6.0,6.0,0,static
2024-10-18,1314,18064,NEOSORO SOLUCAO NASAL ADULTO 30ML,1,1.5204982891360137,9.0,8.93,4.28,20.1539,5.4715,15.0,15.0,0,static
2024-10-19,1314,18064,NEOSORO SOLUCAO NASAL ADULTO 30ML,1,1.5204982891360137,9.0,8.93,4.28,22.5715,5.4715,3.0,3.0,0,static
2024-10-20,1314,18064,NEOSORO SOLUCAO NASAL ADULTO 30ML,1,1.5204982891360137,9.0,8.93,4.28,20.7032,5.4715,13.0,13.0,0,static
2024-10-21,1314,18064,NEOSORO SOLUCAO NASAL ADULTO 30ML,1,1.5204982891360137,9.0,8.93,4.28,21.3133,5.4715,8.0,8.0,0,static
2024-10-22,1314,18064,NEOSORO SOLUCAO NASAL ADULTO 30ML,1,1.5204982891360137,9.0,8.93,4.28,20.1539,5.4715,12.0,12.0,0,static
2024-10-23,1314,18064,NEOSORO SOLUCAO NASAL ADULTO 30ML,1,1.5204982891360137,9.0,8.93,4.28,19.369,5.4715,1.0,1.0,0,static
2024-10-24,1314,18064,NEOSORO SOLUCAO NASAL ADULTO 30ML,1,1.5204982891360137,9.0,8.93,4.28,18.8831,5.4715,8.0,8.0,0,static
2024-10-25,1314,18064,NEOSORO SOLUCAO NASAL ADULTO 30ML,1,1.5204982891360137,9.0,8.93,4.28,18.8362,5.4715,14.0,14.0,0,static
2024-10-26,1314,18064,NEOSORO SOLUCAO NASAL ADULTO 30ML,1,1.5204982891360137,9.0,8.93,4.28,21.3957,5.4715,6.0,6.0,0,static
2024-10-27,1314,18064,NEOSORO SOLUCAO NASAL ADULTO 30ML,1,1.5204982891360137,9.0,8.93,4.28,19.6693,5.4715,16.0,16.0,0,static
2024-10-28,1314,18064,NEOSORO SOLUCAO NASAL ADULTO 30ML,1,1.5204982891360137,9.0,8.93,4.28,20.0158,5.4715,9.0,9.0,0,static
2024-10-29,1314,18064,NEOSORO SOLUCAO NASAL ADULTO 30ML,1,1.5204982891360137,9.0,8.93,4.28,18.674,5.4715,4.0,4.0,0,static
2024-10-30,1314,18064,NEOSORO SOLUCAO NASAL ADULTO 30ML,1,1.5204982891360137,9.0,8.93,4.28,18.1931,5.4715,9.0,9.0,0,static
2024-10-31,1314,18064,NEOSORO SOLUCAO NASAL ADULTO 30ML,1,1.5204982891360137,9.0,8.93,4.28,17.768,5.4715,5.0,5.0,0,static
2024-11-01,1314,18064,NEOSORO SOLUCAO NASAL ADULTO 30ML,0,1.5204982891360137,9.0,8.93,4.28,11.3615,5.4715,16.0,16.0,0,static
2024-11-02,1314,18064,NEOSORO SOLUCAO NASAL ADULTO 30ML,0,1.5204982891360137,9.0,8.93,4.28,12.8982,5.4715,6.0,6.0,0,static
2024-11-03,1314,18064,NEOSORO SOLUCAO NASAL ADULTO 30ML,0,1.5204982891360137,9.0,8.93,4.28,11.7361,5.4715,4.0,4.0,0,static
2024-11-04,1314,18064,NEOSORO SOLUCAO NASAL ADULTO 30ML,0,1.5204982891360137,9.0,8.93,4.28,12.0307,5.4715,5.0,5.0,0,static
2024-11-05,1314,18064,NEOSORO SOLUCAO NASAL ADULTO 30ML,0,1.5204982891360137,9.0,8.93,4.28,10.7748,5.4715,7.0,7.0,0,static
2024-11-06,1314,18064,NEOSORO SOLUCAO NASAL ADULTO 30ML,0,1.5204982891360137,9.0,8.93,4.28,10.2586,5.4715,10.0,10.0,0,static
2024-11-07,1314,18064,NEOSORO SOLUCAO NASAL ADULTO 30ML,0,1.5204982891360137,9.0,8.93,4.28,9.939,5.4715,13.0,13.0,0,static
2024-11-08,1314,18064,NEOSORO SOLUCAO NASAL ADULTO 30ML,0,1.5204982891360137,9.0,8.93,4.28,10.2415,5.4715,2.0,2.0,0,static
2024-11-09,1314,18064,NEOSORO SOLUCAO NASAL ADULTO 30ML,0,1.5204982891360137,9.0,8.93,4.28,12.0448,5.4715,10.0,10.0,0,static
2024-11-10,1314,18064,NEOSORO SOLUCAO NASAL ADULTO 30ML,0,1.5204982891360137,9.0,8.93,4.28,10.7627,5.4715,7.0,7.0,0,static
2024-11-11,1314,18064,NEOSORO SOLUCAO NASAL ADULTO 30ML,0,1.5204982891360137,9.0,8.93,4.28,11.004,5.4715,8.0,8.0,0,static
2024-11-12,1314,18064,NEOSORO SOLUCAO NASAL ADULTO 30ML,0,1.5204982891360137,9.0,8.93,4.28,10.0015,5.4715,14.0,14.0,0,static
2024-11-13,1314,18064,NEOSORO SOLUCAO NASAL ADULTO 30ML,0,1.5204982891360137,9.0,8.93,4.28,10.0186,5.4715,8.0,8.0,0,static
2024-11-14,1314,18064,NEOSORO SOLUCAO NASAL ADULTO 30ML,0,1.5204982891360137,9.0,8.93,4.28,9.8457,5.4715,11.0,11.0,0,static
2024-11-15,1314,18064,NEOSORO SOLUCAO NASAL ADULTO 30ML,0,1.5204982891360137,9.0,8.93,4.28,10.1482,5.4715,5.0,5.0,0,static
2024-11-16,1314,18064,NEOSORO SOLUCAO NASAL ADULTO 30ML,0,1.5204982891360137,9.0,8.93,4.28,11.8715,5.4715,8.0,8.0,0,static
2024-11-17,1314,18064,NEOSORO SOLUCAO NASAL ADULTO 30ML,0,1.5204982891360137,9.0,8.93,4.28,10.7227,5.4715,7.0,7.0,0,static
2024-11-18,1314,18064,NEOSORO SOLUCAO NASAL ADULTO 30ML,0,1.5204982891360137,9.0,8.93,4.28,11.1907,5.4715,4.0,4.0,0,static
2024-11-19,1314,18064,NEOSORO SOLUCAO NASAL ADULTO 30ML,0,1.5204982891360137,9.0,8.93,4.28,10.0948,5.4715,10.0,10.0,0,static
2024-11-20,1314,18064,NEOSORO SOLUCAO NASAL ADULTO 30ML,0,1.5204982891360137,9.0,8.93,4.28,10.1252,5.4715,10.0,10.0,0,static
2024-11-21,1314,18064,NEOSORO SOLUCAO NASAL ADULTO 30ML,0,1.5204982891360137,9.0,8.93,4.28,9.819,5.4715,6.0,6.0,0,static
2024-11-22,1314,18064,NEOSORO SOLUCAO NASAL ADULTO 30ML,0,1.5204982891360137,9.0,8.93,4.28,10.0015,5.4715,7.0,7.0,0,static
2024-11-23,1314,18064,NEOSORO SOLUCAO NASAL ADULTO 30ML,0,1.5204982891360137,9.0,8.93,4.28,11.6848,5.4715,6.0,6.0,0,static
2024-11-24,1314,18064,NEOSORO SOLUCAO NASAL ADULTO 30ML,0,1.5204982891360137,9.0,8.93,4.28,10.4027,5.4715,5.0,5.0,0,static
2024-11-25,1314,18064,NEOSORO SOLUCAO NASAL ADULTO 30ML,0,1.5204982891360137,9.0,8.93,4.28,10.8973,5.4715,6.0,6.0,0,static
2024-11-26,1314,18064,NEOSORO SOLUCAO NASAL ADULTO 30ML,0,1.5204982891360137,9.0,8.93,4.28,9.9348,5.4715,13.0,13.0,0,static
2024-11-27,1314,18064,NEOSORO SOLUCAO NASAL ADULTO 30ML,0,1.5204982891360137,9.0,8.93,4.28,10.0052,5.4715,4.0,4.0,0,static
2024-11-28,1314,18064,NEOSORO SOLUCAO NASAL ADULTO 30ML,0,1.5204982891360137,9.0,8.93,4.28,9.6457,5.4715,8.0,8.0,0,static
2024-11-29,1314,18064,NEOSORO SOLUCAO NASAL ADULTO 30ML,0,1.5204982891360137,9.0,8.93,4.28,9.7882,5.4715,11.0,11.0,0,static
2024-11-30,1314,18064,NEOSORO SOLUCAO NASAL ADULTO 30ML,0,1.5204982891360137,9.0,8.93,4.28,11.6315,5.4715,16.0,16.0,0,static
2024-12-01,1314,18064,NEOSORO SOLUCAO NASAL ADULTO 30ML,0,1.5204982891360137,9.0,8.93,4.28,10.3627,5.4715,7.0,7.0,0,static
2024-12-02,1314,18064,NEOSORO SOLUCAO NASAL ADULTO 30ML,0,1.5204982891360137,9.0,8.93,4.28,10.804,5.4715,10.0,10.0,0,static
2024-12-03,1314,18064,NEOSORO SOLUCAO NASAL ADULTO 30ML,0,1.5204982891360137,9.0,8.93,4.28,9.8015,5.4715,7.0,7.0,0,static
2024-12-04,1314,18064,NEOSORO SOLUCAO NASAL ADULTO 30ML,0,1.5204982891360137,9.0,8.93,4.28,9.9519,5.4715,12.0,12.0,0,static
2024-12-05,1314,18064,NEOSORO SOLUCAO NASAL ADULTO 30ML,0,1.5204982891360137,9.0,8.93,4.28,9.6857,5.4715,7.0,7.0,0,static
2024-12-06,1314,18064,NEOSORO SOLUCAO NASAL ADULTO 30ML,0,1.5204982891360137,9.0,8.93,4.28,9.9082,5.4715,1.0,1.0,0,static
2024-12-07,1314,18064,NEOSORO SOLUCAO NASAL ADULTO 30ML,0,1.5204982891360137,9.0,8.93,4.28,11.7648,5.4715,13.0,13.0,0,static
2024-12-08,1314,18064,NEOSORO SOLUCAO NASAL ADULTO 30ML,0,1.5204982891360137,9.0,8.93,4.28,10.5227,5.4715,10.0,10.0,0,static
2024-12-09,1314,18064,NEOSORO SOLUCAO NASAL ADULTO 30ML,0,1.5204982891360137,9.0,8.93,4.28,10.964,5.4715,4.0,4.0,0,static
2024-12-10,1314,18064,NEOSORO SOLUCAO NASAL ADULTO 30ML,0,1.5204982891360137,9.0,8.93,4.28,9.9615,5.4715,4.0,4.0,0,static
2024-12-11,1314,18064,NEOSORO SOLUCAO NASAL ADULTO 30ML,0,1.5204982891360137,9.0,8.93,4.28,10.2186,5.4715,14.0,14.0,0,static
2024-12-12,1314,18064,NEOSORO SOLUCAO NASAL ADULTO 30ML,0,1.5204982891360137,9.0,8.93,4.28,9.899,5.4715,13.0,13.0,0,static
2024-12-13,1314,18064,NEOSORO SOLUCAO NASAL ADULTO 30ML,0,1.5204982891360137,9.0,8.93,4.28,10.1748,5.4715,14.0,14.0,0,static
2024-12-14,1314,18064,NEOSORO SOLUCAO NASAL ADULTO 30ML,0,1.5204982891360137,9.0,8.93,4.28,11.9382,5.4715,16.0,16.0,0,static
2024-12-15,1314,18064,NEOSORO SOLUCAO NASAL ADULTO 30ML,0,1.5204982891360137,9.0,8.93,4.28,10.5361,5.4715,8.0,8.0,0,static
2024-12-16,1314,18064,NEOSORO SOLUCAO NASAL ADULTO 30ML,0,1.5204982891360137,9.0,8.93,4.28,10.9907,5.4715,9.0,9.0,0,static
2024-12-17,1314,18064,NEOSORO SOLUCAO NASAL ADULTO 30ML,0,1.5204982891360137,9.0,8.93,4.28,9.9482,5.4715,8.0,8.0,0,static
2024-12-18,1314,18064,NEOSORO SOLUCAO NASAL ADULTO 30ML,0,1.5204982891360137,9.0,8.93,4.28,10.0586,5.4715,10.0,10.0,0,static
2024-12-19,1314,18064,NEOSORO SOLUCAO NASAL ADULTO 30ML,0,1.5204982891360137,9.0,8.93,4.28,9.699,5.4715,3.0,3.0,0,static
2024-12-20,1314,18064,NEOSORO SOLUCAO NASAL ADULTO 30ML,0,1.5204982891360137,9.0,8.93,4.28,9.8815,5.4715,8.0,8.0,0,static
2024-12-21,1314,18064,NEOSORO SOLUCAO NASAL ADULTO 30ML,0,1.5204982891360137,9.0,8.93,4.28,11.6848,5.4715,8.0,8.0,0,static
2024-12-22,1314,18064,NEOSORO SOLUCAO NASAL ADULTO 30ML,0,1.5204982891360137,9.0,8.93,4.28,10.4827,5.4715,5.0,5.0,0,static
2024-12-23,1314,18064,NEOSORO SOLUCAO NASAL ADULTO 30ML,0,1.5204982891360137,9.0,8.93,4.28,10.924,5.4715,5.0,5.0,0,static
2024-12-24,1314,18064,NEOSORO SOLUCAO NASAL ADULTO 30ML,0,1.5204982891360137,9.0,8.93,4.28,10.0415,5.4715,7.0,7.0,0,static
2024-12-25,1314,18064,NEOSORO SOLUCAO NASAL ADULTO 30ML,0,1.5204982891360137,9.0,8.93,4.28,10.0319,5.4715,10.0,10.0,0,static
2024-12-26,1314,18064,NEOSORO SOLUCAO NASAL ADULTO 30ML,0,1.5204982891360137,9.0,8.93,4.28,9.5923,5.4715,15.0,15.0,0,static
2024-12-27,1314,18064,NEOSORO SOLUCAO NASAL ADULTO 30ML,0,1.5204982891360137,9.0,8.93,4.28,9.8282,5.4715,12.0,12.0,0,static
2024-12-28,1314,18064,NEOSORO SOLUCAO NASAL ADULTO 30ML,0,1.5204982891360137,9.0,8.93,4.28,11.6182,5.4715,10.0,10.0,0,static
2024-12-29,1314,18064,NEOSORO SOLUCAO NASAL ADULTO 30ML,0,1.5204982891360137,9.0,8.93,4.28,10.3761,5.4715,8.0,8.0,0,static
2024-12-30,1314,18064,NEOSORO SOLUCAO NASAL ADULTO 30ML,0,1.5204982891360137,9.0,8.93,4.28,10.9373,5.4715,13.0,13.0,0,static
2024-12-31,1314,18064,NEOSORO SOLUCAO NASAL ADULTO 30ML,0,1.5204982891360137,9.0,8.93,4.28,10.0548,5.4715,11.0,11.0,0,static
2024-10-01,1314,20635,ABRILAR XAROPE 100ML,0,2.5,9.0,34.83,29.62,0.2578,0.5284,0.0,0.0,0,static
2024-10-02,1314,20635,ABRILAR XAROPE 100ML,0,2.5,9.0,34.83,29.62,0.3624,0.5284,1.0,1.0,0,static
2024-10-03,1314,20635,ABRILAR XAROPE 100ML,0,2.5,9.0,34.83,29.62,0.2311,0.5284,0.0,0.0,0,static
2024-10-04,1314,20635,ABRILAR XAROPE 100ML,0,2.5,9.0,34.83,29.62,0.4936,0.5284,0.0,0.0,0,static
2024-10-05,1314,20635,ABRILAR XAROPE 100ML,0,2.5,9.0,34.83,29.62,0.292,0.5284,0.0,0.0,0,static
2024-10-06,1314,20635,ABRILAR XAROPE 100ML,0,2.5,9.0,34.83,29.62,0.292,0.5284,1.0,1.0,0,static
2024-10-07,1314,20635,ABRILAR XAROPE 100ML,0,2.5,9.0,34.83,29.62,0.292,0.5284,1.0,1.0,0,static
2024-10-08,1314,20635,ABRILAR XAROPE 100ML,0,2.5,9.0,34.83,29.62,0.2445,0.5284,0.0,0.0,0,static
2024-10-09,1314,20635,ABRILAR XAROPE 100ML,0,2.5,9.0,34.83,29.62,0.3757,0.5284,0.0,0.0,0,static
2024-10-10,1314,20635,ABRILAR XAROPE 100ML,0,2.5,9.0,34.83,29.62,0.2445,0.5284,1.0,1.0,0,static
2024-10-11,1314,20635,ABRILAR XAROPE 100ML,0,2.5,9.0,34.83,29.62,0.507,0.5284,0.0,0.0,0,static
2024-10-12,1314,20635,ABRILAR XAROPE 100ML,0,2.5,9.0,34.83,29.62,0.332,0.5284,0.0,0.0,0,static
2024-10-13,1314,20635,ABRILAR XAROPE 100ML,0,2.5,9.0,34.83,29.62,0.332,0.5284,2.0,2.0,0,static
2024-10-14,1314,20635,ABRILAR XAROPE 100ML,0,2.5,9.0,34.83,29.62,0.332,0.5284,1.0,1.0,0,static
2024-10-15,1314,20635,ABRILAR XAROPE 100ML,0,2.5,9.0,34.83,29.62,0.2445,0.5284,0.0,0.0,0,static
2024-10-16,1314,20635,ABRILAR XAROPE 100ML,0,2.5,9.0,34.83,29.62,0.3757,0.5284,0.0,0.0,0,static
2024-10-17,1314,20635,ABRILAR XAROPE 100ML,0,2.5,9.0,34.83,29.62,0.3245,0.5284,1.0,1.0,0,static
2024-10-18,1314,20635,ABRILAR XAROPE 100ML,0,2.5,9.0,34.83,29.62,0.587,0.5284,0.0,0.0,0,static
2024-10-19,1314,20635,ABRILAR XAROPE 100ML,0,2.5,9.0,34.83,29.62,0.412,0.5284,0.0,0.0,0,static
2024-10-20,1314,20635,ABRILAR XAROPE 100ML,0,2.5,9.0,34.83,29.62,0.412,0.5284,0.0,0.0,0,static
2024-10-21,1314,20635,ABRILAR XAROPE 100ML,0,2.5,9.0,34.83,29.62,0.412,0.5284,1.0,1.0,0,static
2024-10-22,1314,20635,ABRILAR XAROPE 100ML,0,2.5,9.0,34.83,29.62,0.3245,0.5284,0.0,0.0,0,static
2024-10-23,1314,20635,ABRILAR XAROPE 100ML,0,2.5,9.0,34.83,29.62,0.4157,0.5284,0.0,0.0,0,static
2024-10-24,1314,20635,ABRILAR XAROPE 100ML,0,2.5,9.0,34.83,29.62,0.2845,0.5284,1.0,1.0,0,static
2024-10-25,1314,20635,ABRILAR XAROPE 100ML,0,2.5,9.0,34.83,29.62,0.547,0.5284,0.0,0.0,0,static
2024-10-26,1314,20635,ABRILAR XAROPE 100ML,0,2.5,9.0,34.83,29.62,0.372,0.5284,0.0,0.0,0,static
2024-10-27,1314,20635,ABRILAR XAROPE 100ML,0,2.5,9.0,34.83,29.62,0.372,0.5284,1.0,1.0,0,static
2024-10-28,1314,20635,ABRILAR XAROPE 100ML,0,2.5,9.0,34.83,29.62,0.3853,0.5284,0.0,0.0,0,static
2024-10-29,1314,20635,ABRILAR XAROPE 100ML,0,2.5,9.0,34.83,29.62,0.2978,0.5284,0.0,0.0,0,static
2024-10-30,1314,20635,ABRILAR XAROPE 100ML,0,2.5,9.0,34.83,29.62,0.429,0.5284,0.0,0.0,0,static
2024-10-31,1314,20635,ABRILAR XAROPE 100ML,0,2.5,9.0,34.83,29.62,0.3111,0.5284,0.0,0.0,0,static
2024-11-01,1314,20635,ABRILAR XAROPE 100ML,0,2.5,9.0,34.83,29.62,0.4936,0.5284,0.0,0.0,0,static
2024-11-02,1314,20635,ABRILAR XAROPE 100ML,0,2.5,9.0,34.83,29.62,0.3186,0.5284,0.0,0.0,0,static
2024-11-03,1314,20635,ABRILAR XAROPE 100ML,0,2.5,9.0,34.83,29.62,0.3186,0.5284,1.0,1.0,0,static
2024-11-04,1314,20635,ABRILAR XAROPE 100ML,0,2.5,9.0,34.83,29.62,0.3186,0.5284,1.0,1.0,0,static
2024-11-05,1314,20635,ABRILAR XAROPE 100ML,0,2.5,9.0,34.83,29.62,0.2311,0.5284,1.0,1.0,0,static
2024-11-06,1314,20635,ABRILAR XAROPE 100ML,0,2.5,9.0,34.83,29.62,0.3624,0.5284,0.0,0.0,0,static
2024-11-07,1314,20635,ABRILAR XAROPE 100ML,0,2.5,9.0,34.83,29.62,0.2445,0.5284,0.0,0.0,0,static
2024-11-08,1314,20635,ABRILAR XAROPE 100ML,0,2.5,9.0,34.83,29.62,0.507,0.5284,0.0,0.0,0,static
2024-11-09,1314,20635,ABRILAR XAROPE 100ML,0,2.5,9.0,34.83,29.62,0.3453,0.5284,2.0,2.0,0,static
2024-11-10,1314,20635,ABRILAR XAROPE 100ML,0,2.5,9.0,34.83,29.62,0.3453,0.5284,0.0,0.0,0,static
2024-11-11,1314,20635,ABRILAR XAROPE 100ML,0,2.5,9.0,34.83,29.62,0.3453,0.5284,1.0,1.0,0,static
2024-11-12,1314,20635,ABRILAR XAROPE 100ML,0,2.5,9.0,34.83,29.62,0.2445,0.5284,1.0,1.0,0,static
2024-11-13,1314,20635,ABRILAR XAROPE 100ML,0,2.5,9.0,34.83,29.62,0.3757,0.5284,0.0,0.0,0,static
2024-11-14,1314,20635,ABRILAR XAROPE 100ML,0,2.5,9.0,34.83,29.62,0.2445,0.5284,0.0,0.0,0,static
2024-11-15,1314,20635,ABRILAR XAROPE 100ML,0,2.5,9.0,34.83,29.62,0.507,0.5284,0.0,0.0,0,static
2024-11-16,1314,20635,ABRILAR XAROPE 100ML,0,2.5,9.0,34.83,29.62,0.332,0.5284,1.0,1.0,0,static
2024-11-17,1314,20635,ABRILAR XAROPE 100ML,0,2.5,9.0,34.83,29.62,0.332,0.5284,0.0,0.0,0,static
2024-11-18,1314,20635,ABRILAR XAROPE 100ML,0,2.5,9.0,34.83,29.62,0.332,0.5284,1.0,1.0,0,static
2024-11-19,1314,20635,ABRILAR XAROPE 100ML,0,2.5,9.0,34.83,29.62,0.2578,0.5284,0.0,0.0,0,static
2024-11-20,1314,20635,ABRILAR XAROPE 100ML,0,2.5,9.0,34.83,29.62,0.389,0.5284,0.0,0.0,0,static
2024-11-21,1314,20635,ABRILAR XAROPE 100ML,0,2.5,9.0,34.83,29.62,0.2578,0.5284,0.0,0.0,0,static
2024-11-22,1314,20635,ABRILAR XAROPE 100ML,0,2.5,9.0,34.83,29.62,0.507,0.5284,0.0,0.0,0,static
2024-11-23,1314,20635,ABRILAR XAROPE 100ML,0,2.5,9.0,34.83,29.62,0.332,0.5284,0.0,0.0,0,static
2024-11-24,1314,20635,ABRILAR XAROPE 100ML,0,2.5,9.0,34.83,29.62,0.3186,0.5284,1.0,1.0,0,static
2024-11-25,1314,20635,ABRILAR XAROPE 100ML,0,2.5,9.0,34.83,29.62,0.3186,0.5284,0.0,0.0,0,static
2024-11-26,1314,20635,ABRILAR XAROPE 100ML,0,2.5,9.0,34.83,29.62,0.2311,0.5284,0.0,0.0,0,static
2024-11-27,1314,20635,ABRILAR XAROPE 100ML,0,2.5,9.0,34.83,29.62,0.3624,0.5284,1.0,1.0,0,static
2024-11-28,1314,20635,ABRILAR XAROPE 100ML,0,2.5,9.0,34.83,29.62,0.2311,0.5284,0.0,0.0,0,static
2024-11-29,1314,20635,ABRILAR XAROPE 100ML,0,2.5,9.0,34.83,29.62,0.507,0.5284,0.0,0.0,0,static
2024-11-30,1314,20635,ABRILAR XAROPE 100ML,0,2.5,9.0,34.83,29.62,0.3186,0.5284,1.0,1.0,0,static
2024-12-01,1314,20635,ABRILAR XAROPE 100ML,0,2.5,9.0,34.83,29.62,0.3186,0.5284,0.0,0.0,0,static
2024-12-02,1314,20635,ABRILAR XAROPE 100ML,0,2.5,9.0,34.83,29.62,0.3186,0.5284,0.0,0.0,0,static
2024-12-03,1314,20635,ABRILAR XAROPE 100ML,0,2.5,9.0,34.83,29.62,0.2311,0.5284,0.0,0.0,0,static
2024-12-04,1314,20635,ABRILAR XAROPE 100ML,0,2.5,9.0,34.83,29.62,0.349,0.5284,1.0,1.0,0,static
2024-12-05,1314,20635,ABRILAR XAROPE 100ML,0,2.5,9.0,34.83,29.62,0.2178,0.5284,0.0,0.0,0,static
2024-12-06,1314,20635,ABRILAR XAROPE 100ML,0,2.5,9.0,34.83,29.62,0.4803,0.5284,0.0,0.0,0,static
2024-12-07,1314,20635,ABRILAR XAROPE 100ML,0,2.5,9.0,34.83,29.62,0.3186,0.5284,1.0,1.0,0,static
2024-12-08,1314,20635,ABRILAR XAROPE 100ML,0,2.5,9.0,34.83,29.62,0.3186,0.5284,0.0,0.0,0,static
2024-12-09,1314,20635,ABRILAR XAROPE 100ML,0,2.5,9.0,34.83,29.62,0.332,0.5284,0.0,0.0,0,static
2024-12-10,1314,20635,ABRILAR XAROPE 100ML,0,2.5,9.0,34.83,29.62,0.2445,0.5284,0.0,0.0,0,static
2024-12-11,1314,20635,ABRILAR XAROPE 100ML,0,2.5,9.0,34.83,29.62,0.3757,0.5284,0.0,0.0,0,static
2024-12-12,1314,20635,ABRILAR XAROPE 100ML,0,2.5,9.0,34.83,29.62,0.2445,0.5284,0.0,0.0,0,static
2024-12-13,1314,20635,ABRILAR XAROPE 100ML,0,2.5,9.0,34.83,29.62,0.507,0.5284,0.0,0.0,0,static
2024-12-14,1314,20635,ABRILAR XAROPE 100ML,0,2.5,9.0,34.83,29.62,0.332,0.5284,0.0,0.0,0,static
2024-12-15,1314,20635,ABRILAR XAROPE 100ML,0,2.5,9.0,34.83,29.62,0.332,0.5284,0.0,0.0,0,static
2024-12-16,1314,20635,ABRILAR XAROPE 100ML,0,2.5,9.0,34.83,29.62,0.332,0.5284,0.0,0.0,0,static
2024-12-17,1314,20635,ABRILAR XAROPE 100ML,0,2.5,9.0,34.83,29.62,0.2445,0.5284,0.0,0.0,0,static
2024-12-18,1314,20635,ABRILAR XAROPE 100ML,0,2.5,9.0,34.83,29.62,0.3757,0.5284,1.0,1.0,0,static
2024-12-19,1314,20635,ABRILAR XAROPE 100ML,0,2.5,9.0,34.83,29.62,0.2445,0.5284,0.0,0.0,0,static
2024-12-20,1314,20635,ABRILAR XAROPE 100ML,0,2.5,9.0,34.83,29.62,0.507,0.5284,0.0,0.0,0,static
2024-12-21,1314,20635,ABRILAR XAROPE 100ML,0,2.5,9.0,34.83,29.62,0.332,0.5284,0.0,0.0,0,static
2024-12-22,1314,20635,ABRILAR XAROPE 100ML,0,2.5,9.0,34.83,29.62,0.332,0.5284,0.0,0.0,0,static
2024-12-23,1314,20635,ABRILAR XAROPE 100ML,0,2.5,9.0,34.83,29.62,0.332,0.5284,0.0,0.0,0,static
2024-12-24,1314,20635,ABRILAR XAROPE 100ML,0,2.5,9.0,34.83,29.62,0.2311,0.5284,0.0,0.0,0,static
2024-12-25,1314,20635,ABRILAR XAROPE 100ML,0,2.5,9.0,34.83,29.62,0.3624,0.5284,0.0,0.0,0,static
2024-12-26,1314,20635,ABRILAR XAROPE 100ML,0,2.5,9.0,34.83,29.62,0.2311,0.5284,1.0,1.0,0,static
2024-12-27,1314,20635,ABRILAR XAROPE 100ML,0,2.5,9.0,34.83,29.62,0.4936,0.5284,0.0,0.0,0,static
2024-12-28,1314,20635,ABRILAR XAROPE 100ML,0,2.5,9.0,34.83,29.62,0.3186,0.5284,0.0,0.0,0,static
2024-12-29,1314,20635,ABRILAR XAROPE 100ML,0,2.5,9.0,34.83,29.62,0.3053,0.5284,0.0,0.0,0,static
2024-12-30,1314,20635,ABRILAR XAROPE 100ML,0,2.5,9.0,34.83,29.62,0.3053,0.5284,1.0,1.0,0,static
2024-12-31,1314,20635,ABRILAR XAROPE 100ML,0,2.5,9.0,34.83,29.62,0.2178,0.5284,0.0,0.0,0,static
2024-10-01,1314,21141,PERCOF XAROPE 120ML,0,2.5,9.0,33.92,31.81,0.4475,0.4941,1.0,1.0,0,static
2024-10-02,1314,21141,PERCOF XAROPE 120ML,0,2.5,9.0,33.92,31.81,0.4437,0.4941,1.0,1.0,0,static
2024-10-03,1314,21141,PERCOF XAROPE 120ML,0,2.5,9.0,33.92,31.81,0.4,0.4941,0.0,0.0,0,static
2024-10-04,1314,21141,PERCOF XAROPE 120ML,0,2.5,9.0,33.92,31.81,0.44,0.4941,2.0,2.0,0,static
2024-10-05,1314,21141,PERCOF XAROPE 120ML,0,2.5,9.0,33.92,31.81,0.3962,0.4941,0.0,0.0,0,static
2024-10-06,1314,21141,PERCOF XAROPE 120ML,0,2.5,9.0,33.92,31.81,0.4837,0.4941,0.0,0.0,0,static
2024-10-07,1314,21141,PERCOF XAROPE 120ML,0,2.5,9.0,33.92,31.81,0.3962,0.4941,1.0,1.0,0,static
2024-10-08,1314,21141,PERCOF XAROPE 120ML,0,2.5,9.0,33.92,31.81,0.4475,0.4941,0.0,0.0,0,static
2024-10-09,1314,21141,PERCOF XAROPE 120ML,0,2.5,9.0,33.92,31.81,0.3637,0.4941,1.0,1.0,0,static
2024-10-10,1314,21141,PERCOF XAROPE 120ML,0,2.5,9.0,33.92,31.81,0.32,0.4941,1.0,1.0,0,static
2024-10-11,1314,21141,PERCOF XAROPE 120ML,0,2.5,9.0,33.92,31.81,0.36,0.4941,0.0,0.0,0,static
2024-10-12,1314,21141,PERCOF XAROPE 120ML,0,2.5,9.0,33.92,31.81,0.3163,0.4941,1.0,1.0,0,static
2024-10-13,1314,21141,PERCOF XAROPE 120ML,0,2.5,9.0,33.92,31.81,0.4437,0.4941,1.0,1.0,0,static
2024-10-14,1314,21141,PERCOF XAROPE 120ML,0,2.5,9.0,33.92,31.81,0.3163,0.4941,0.0,0.0,0,static
2024-10-15,1314,21141,PERCOF XAROPE 120ML,0,2.5,9.0,33.92,31.81,0.4475,0.4941,1.0,1.0,0,static
2024-10-16,1314,21141,PERCOF XAROPE 120ML,0,2.5,9.0,33.92,31.81,0.4037,0.4941,0.0,0.0,0,static
2024-10-17,1314,21141,PERCOF XAROPE 120ML,0,2.5,9.0,33.92,31.81,0.32,0.4941,0.0,0.0,0,static
2024-10-18,1314,21141,PERCOF XAROPE 120ML,0,2.5,9.0,33.92,31.81,0.32,0.4941,0.0,0.0,0,static
2024-10-19,1314,21141,PERCOF XAROPE 120ML,0,2.5,9.0,33.92,31.81,0.2363,0.4941,0.0,0.0,0,static
2024-10-20,1314,21141,PERCOF XAROPE 120ML,0,2.5,9.0,33.92,31.81,0.3237,0.4941,0.0,0.0,0,static
2024-10-21,1314,21141,PERCOF XAROPE 120ML,0,2.5,9.0,33.92,31.81,0.2363,0.4941,0.0,0.0,0,static
2024-10-22,1314,21141,PERCOF XAROPE 120ML,0,2.5,9.0,33.92,31.81,0.3675,0.4941,0.0,0.0,0,static
2024-10-23,1314,21141,PERCOF XAROPE 120ML,0,2.5,9.0,33.92,31.81,0.3237,0.4941,0.0,0.0,0,static
2024-10-24,1314,21141,PERCOF XAROPE 120ML,0,2.5,9.0,33.92,31.81,0.28,0.4941,2.0,2.0,0,static
2024-10-25,1314,21141,PERCOF XAROPE 120ML,0,2.5,9.0,33.92,31.81,0.28,0.4941,1.0,1.0,0,static
2024-10-26,1314,21141,PERCOF XAROPE 120ML,0,2.5,9.0,33.92,31.81,0.1963,0.4941,0.0,0.0,0,static
2024-10-27,1314,21141,PERCOF XAROPE 120ML,0,2.5,9.0,33.92,31.81,0.2837,0.4941,0.0,0.0,0,static
2024-10-28,1314,21141,PERCOF XAROPE 120ML,0,2.5,9.0,33.92,31.81,0.1562,0.4941,0.0,0.0,0,static
2024-10-29,1314,21141,PERCOF XAROPE 120ML,0,2.5,9.0,33.92,31.81,0.2875,0.4941,1.0,1.0,0,static
2024-10-30,1314,21141,PERCOF XAROPE 120ML,0,2.5,9.0,33.92,31.81,0.2437,0.4941,0.0,0.0,0,static
2024-10-31,1314,21141,PERCOF XAROPE 120ML,0,2.5,9.0,33.92,31.81,0.2,0.4941,0.0,0.0,0,static
2024-11-01,1314,21141,PERCOF XAROPE 120ML,0,2.5,9.0,33.92,31.81,0.2133,0.4941,0.0,0.0,0,static
2024-11-02,1314,21141,PERCOF XAROPE 120ML,0,2.5,9.0,33.92,31.81,0.1696,0.4941,0.0,0.0,0,static
2024-11-03,1314,21141,PERCOF XAROPE 120ML,0,2.5,9.0,33.92,31.81,0.2571,0.4941,0.0,0.0,0,static
2024-11-04,1314,21141,PERCOF XAROPE 120ML,0,2.5,9.0,33.92,31.81,0.1696,0.4941,1.0,1.0,0,static
2024-11-05,1314,21141,PERCOF XAROPE 120ML,0,2.5,9.0,33.92,31.81,0.3008,0.4941,1.0,1.0,0,static
2024-11-06,1314,21141,PERCOF XAROPE 120ML,0,2.5,9.0,33.92,31.81,0.2571,0.4941,0.0,0.0,0,static
2024-11-07,1314,21141,PERCOF XAROPE 120ML,0,2.5,9.0,33.92,31.81,0.2133,0.4941,0.0,0.0,0,static
2024-11-08,1314,21141,PERCOF XAROPE 120ML,0,2.5,9.0,33.92,31.81,0.2267,0.4941,0.0,0.0,0,static
2024-11-09,1314,21141,PERCOF XAROPE 120ML,0,2.5,9.0,33.92,31.81,0.1963,0.4941,0.0,0.0,0,static
2024-11-10,1314,21141,PERCOF XAROPE 120ML,0,2.5,9.0,33.92,31.81,0.2837,0.4941,0.0,0.0,0,static
2024-11-11,1314,21141,PERCOF XAROPE 120ML,0,2.5,9.0,33.92,31.81,0.1963,0.4941,0.0,0.0,0,static
2024-11-12,1314,21141,PERCOF XAROPE 120ML,0,2.5,9.0,33.92,31.81,0.3275,0.4941,0.0,0.0,0,static
2024-11-13,1314,21141,PERCOF XAROPE 120ML,0,2.5,9.0,33.92,31.81,0.2837,0.4941,2.0,2.0,0,static
2024-11-14,1314,21141,PERCOF XAROPE 120ML,0,2.5,9.0,33.92,31.81,0.24,0.4941,0.0,0.0,0,static
2024-11-15,1314,21141,PERCOF XAROPE 120ML,0,2.5,9.0,33.92,31.81,0.24,0.4941,0.0,0.0,0,static
2024-11-16,1314,21141,PERCOF XAROPE 120ML,0,2.5,9.0,33.92,31.81,0.1829,0.4941,0.0,0.0,0,static
2024-11-17,1314,21141,PERCOF XAROPE 120ML,0,2.5,9.0,33.92,31.81,0.2704,0.4941,0.0,0.0,0,static
2024-11-18,1314,21141,PERCOF XAROPE 120ML,0,2.5,9.0,33.92,31.81,0.1829,0.4941,0.0,0.0,0,static
2024-11-19,1314,21141,PERCOF XAROPE 120ML,0,2.5,9.0,33.92,31.81,0.3142,0.4941,1.0,1.0,0,static
2024-11-20,1314,21141,PERCOF XAROPE 120ML,0,2.5,9.0,33.92,31.81,0.2704,0.4941,1.0,1.0,0,static
2024-11-21,1314,21141,PERCOF XAROPE 120ML,0,2.5,9.0,33.92,31.81,0.2267,0.4941,0.0,0.0,0,static
2024-11-22,1314,21141,PERCOF XAROPE 120ML,0,2.5,9.0,33.92,31.81,0.24,0.4941,0.0,0.0,0,static
2024-11-23,1314,21141,PERCOF XAROPE 120ML,0,2.5,9.0,33.92,31.81,0.1829,0.4941,0.0,0.0,0,static
2024-11-24,1314,21141,PERCOF XAROPE 120ML,0,2.5,9.0,33.92,31.81,0.2571,0.4941,2.0,2.0,0,static
2024-11-25,1314,21141,PERCOF XAROPE 120ML,0,2.5,9.0,33.92,31.81,0.1696,0.4941,0.0,0.0,0,static
2024-11-26,1314,21141,PERCOF XAROPE 120ML,0,2.5,9.0,33.92,31.81,0.3142,0.4941,1.0,1.0,0,static
2024-11-27,1314,21141,PERCOF XAROPE 120ML,0,2.5,9.0,33.92,31.81,0.2704,0.4941,0.0,0.0,0,static
2024-11-28,1314,21141,PERCOF XAROPE 120ML,0,2.5,9.0,33.92,31.81,0.2267,0.4941,0.0,0.0,0,static
2024-11-29,1314,21141,PERCOF XAROPE 120ML,0,2.5,9.0,33.92,31.81,0.2267,0.4941,2.0,2.0,0,static
2024-11-30,1314,21141,PERCOF XAROPE 120ML,0,2.5,9.0,33.92,31.81,0.1829,0.4941,0.0,0.0,0,static
2024-12-01,1314,21141,PERCOF XAROPE 120ML,0,2.5,9.0,33.92,31.81,0.2704,0.4941,0.0,0.0,0,static
2024-12-02,1314,21141,PERCOF XAROPE 120ML,0,2.5,9.0,33.92,31.81,0.1829,0.4941,0.0,0.0,0,static
2024-12-03,1314,21141,PERCOF XAROPE 120ML,0,2.5,9.0,33.92,31.81,0.3142,0.4941,0.0,0.0,0,static
2024-12-04,1314,21141,PERCOF XAROPE 120ML,0,2.5,9.0,33.92,31.81,0.2704,0.4941,0.0,0.0,0,static
2024-12-05,1314,21141,PERCOF XAROPE 120ML,0,2.5,9.0,33.92,31.81,0.2267,0.4941,0.0,0.0,0,static
2024-12-06,1314,21141,PERCOF XAROPE 120ML,0,2.5,9.0,33.92,31.81,0.2267,0.4941,0.0,0.0,0,static
2024-12-07,1314,21141,PERCOF XAROPE 120ML,0,2.5,9.0,33.92,31.81,0.1696,0.4941,1.0,1.0,0,static
2024-12-08,1314,21141,PERCOF XAROPE 120ML,0,2.5,9.0,33.92,31.81,0.2571,0.4941,0.0,0.0,0,static
2024-12-09,1314,21141,PERCOF XAROPE 120ML,0,2.5,9.0,33.92,31.81,0.1696,0.4941,1.0,1.0,0,static
2024-12-10,1314,21141,PERCOF XAROPE 120ML,0,2.5,9.0,33.92,31.81,0.3142,0.4941,1.0,1.0,0,static
2024-12-11,1314,21141,PERCOF XAROPE 120ML,0,2.5,9.0,33.92,31.81,0.2704,0.4941,0.0,0.0,0,static
2024-12-12,1314,21141,PERCOF XAROPE 120ML,0,2.5,9.0,33.92,31.81,0.2267,0.4941,0.0,0.0,0,static
2024-12-13,1314,21141,PERCOF XAROPE 120ML,0,2.5,9.0,33.92,31.81,0.2267,0.4941,0.0,0.0,0,static
2024-12-14,1314,21141,PERCOF XAROPE 120ML,0,2.5,9.0,33.92,31.81,0.1829,0.4941,0.0,0.0,0,static
2024-12-15,1314,21141,PERCOF XAROPE 120ML,0,2.5,9.0,33.92,31.81,0.2704,0.4941,0.0,0.0,0,static
2024-12-16,1314,21141,PERCOF XAROPE 120ML,0,2.5,9.0,33.92,31.81,0.1829,0.4941,1.0,1.0,0,static
2024-12-17,1314,21141,PERCOF XAROPE 120ML,0,2.5,9.0,33.92,31.81,0.3142,0.4941,0.0,0.0,0,static
2024-12-18,1314,21141,PERCOF XAROPE 120ML,0,2.5,9.0,33.92,31.81,0.2704,0.4941,1.0,1.0,0,static
2024-12-19,1314,21141,PERCOF XAROPE 120ML,0,2.5,9.0,33.92,31.81,0.2267,0.4941,0.0,0.0,0,static
2024-12-20,1314,21141,PERCOF XAROPE 120ML,0,2.5,9.0,33.92,31.81,0.2267,0.4941,0.0,0.0,0,static
2024-12-21,1314,21141,PERCOF XAROPE 120ML,0,2.5,9.0,33.92,31.81,0.1963,0.4941,0.0,0.0,0,static
2024-12-22,1314,21141,PERCOF XAROPE 120ML,0,2.5,9.0,33.92,31.81,0.2837,0.4941,2.0,2.0,0,static
2024-12-23,1314,21141,PERCOF XAROPE 120ML,0,2.5,9.0,33.92,31.81,0.1963,0.4941,1.0,1.0,0,static
2024-12-24,1314,21141,PERCOF XAROPE 120ML,0,2.5,9.0,33.92,31.81,0.3275,0.4941,0.0,0.0,0,static
2024-12-25,1314,21141,PERCOF XAROPE 120ML,0,2.5,9.0,33.92,31.81,0.2704,0.4941,0.0,0.0,0,static
2024-12-26,1314,21141,PERCOF XAROPE 120ML,0,2.5,9.0,33.92,31.81,0.2133,0.4941,0.0,0.0,0,static
2024-12-27,1314,21141,PERCOF XAROPE 120ML,0,2.5,9.0,33.92,31.81,0.2133,0.4941,0.0,0.0,0,static
2024-12-28,1314,21141,PERCOF XAROPE 120ML,0,2.5,9.0,33.92,31.81,0.1696,0.4941,1.0,1.0,0,static
2024-12-29,1314,21141,PERCOF XAROPE 120ML,0,2.5,9.0,33.92,31.81,0.2571,0.4941,0.0,0.0,0,static
2024-12-30,1314,21141,PERCOF XAROPE 120ML,0,2.5,9.0,33.92,31.81,0.1696,0.4941,0.0,0.0,0,static
2024-12-31,1314,21141,PERCOF XAROPE 120ML,0,2.5,9.0,33.92,31.81,0.3008,0.4941,0.0,0.0,0,static
2024-10-01,1314,31330,ABRILAR XAROPE 200ML,0,2.5,9.0,76.37,65.22,0.1426,0.2599,0.0,0.0,0,static
2024-10-02,1314,31330,ABRILAR XAROPE 200ML,0,2.5,9.0,76.37,65.22,0.1388,0.2599,0.0,0.0,0,static
2024-10-03,1314,31330,ABRILAR XAROPE 200ML,0,2.5,9.0,76.37,65.22,0.1388,0.2599,0.0,0.0,0,static
2024-10-04,1314,31330,ABRILAR XAROPE 200ML,0,2.5,9.0,76.37,65.22,0.1826,0.2599,0.0,0.0,0,static
2024-10-05,1314,31330,ABRILAR XAROPE 200ML,0,2.5,9.0,76.37,65.22,0.1388,0.2599,0.0,0.0,0,static
2024-10-06,1314,31330,ABRILAR XAROPE 200ML,0,2.5,9.0,76.37,65.22,0.1121,0.2599,0.0,0.0,0,static
2024-10-07,1314,31330,ABRILAR XAROPE 200ML,0,2.5,9.0,76.37,65.22,0.1996,0.2599,0.0,0.0,0,static
2024-10-08,1314,31330,ABRILAR XAROPE 200ML,0,2.5,9.0,76.37,65.22,0.1559,0.2599,0.0,0.0,0,static
2024-10-09,1314,31330,ABRILAR XAROPE 200ML,0,2.5,9.0,76.37,65.22,0.1121,0.2599,0.0,0.0,0,static
2024-10-10,1314,31330,ABRILAR XAROPE 200ML,0,2.5,9.0,76.37,65.22,0.1121,0.2599,0.0,0.0,0,static
2024-10-11,1314,31330,ABRILAR XAROPE 200ML,0,2.5,9.0,76.37,65.22,0.1559,0.2599,0.0,0.0,0,static
2024-10-12,1314,31330,ABRILAR XAROPE 200ML,0,2.5,9.0,76.37,65.22,0.1121,0.2599,0.0,0.0,0,static
2024-10-13,1314,31330,ABRILAR XAROPE 200ML,0,2.5,9.0,76.37,65.22,0.1121,0.2599,0.0,0.0,0,static
2024-10-14,1314,31330,ABRILAR XAROPE 200ML,0,2.5,9.0,76.37,65.22,0.1996,0.2599,0.0,0.0,0,static
2024-10-15,1314,31330,ABRILAR XAROPE 200ML,0,2.5,9.0,76.37,65.22,0.1159,0.2599,0.0,0.0,0,static
2024-10-16,1314,31330,ABRILAR XAROPE 200ML,0,2.5,9.0,76.37,65.22,0.0721,0.2599,0.0,0.0,0,static
2024-10-17,1314,31330,ABRILAR XAROPE 200ML,0,2.5,9.0,76.37,65.22,0.0321,0.2599,0.0,0.0,0,static
2024-10-18,1314,31330,ABRILAR XAROPE 200ML,0,2.5,9.0,76.37,65.22,0.0759,0.2599,0.0,0.0,0,static
2024-10-19,1314,31330,ABRILAR XAROPE 200ML,0,2.5,9.0,76.37,65.22,0.0321,0.2599,0.0,0.0,0,static
2024-10-20,1314,31330,ABRILAR XAROPE 200ML,0,2.5,9.0,76.37,65.22,0.0321,0.2599,0.0,0.0,0,static
2024-10-21,1314,31330,ABRILAR XAROPE 200ML,0,2.5,9.0,76.37,65.22,0.1196,0.2599,0.0,0.0,0,static
2024-10-22,1314,31330,ABRILAR XAROPE 200ML,0,2.5,9.0,76.37,65.22,0.0759,0.2599,0.0,0.0,0,static
2024-10-23,1314,31330,ABRILAR XAROPE 200ML,0,2.5,9.0,76.37,65.22,0.0321,0.2599,0.0,0.0,0,static
2024-10-24,1314,31330,ABRILAR XAROPE 200ML,0,2.5,9.0,76.37,65.22,0.0321,0.2599,0.0,0.0,0,static
2024-10-25,1314,31330,ABRILAR XAROPE 200ML,0,2.5,9.0,76.37,65.22,0.0759,0.2599,0.0,0.0,0,static
2024-10-26,1314,31330,ABRILAR XAROPE 200ML,0,2.5,9.0,76.37,65.22,0.0321,0.2599,0.0,0.0,0,static
2024-10-27,1314,31330,ABRILAR XAROPE 200ML,0,2.5,9.0,76.37,65.22,0.0321,0.2599,0.0,0.0,0,static
2024-10-28,1314,31330,ABRILAR XAROPE 200ML,0,2.5,9.0,76.37,65.22,0.1196,0.2599,1.0,1.0,0,static
2024-10-29,1314,31330,ABRILAR XAROPE 200ML,0,2.5,9.0,76.37,65.22,0.0759,0.2599,1.0,1.0,0,static
2024-10-30,1314,31330,ABRILAR XAROPE 200ML,0,2.5,9.0,76.37,65.22,0.0321,0.2599,0.0,0.0,0,static
2024-10-31,1314,31330,ABRILAR XAROPE 200ML,0,2.5,9.0,76.37,65.22,0.0321,0.2599,0.0,0.0,0,static
2024-11-01,1314,31330,ABRILAR XAROPE 200ML,0,2.5,9.0,76.37,65.22,0.0759,0.2599,0.0,0.0,0,static
2024-11-02,1314,31330,ABRILAR XAROPE 200ML,0,2.5,9.0,76.37,65.22,0.0321,0.2599,0.0,0.0,0,static
2024-11-03,1314,31330,ABRILAR XAROPE 200ML,0,2.5,9.0,76.37,65.22,0.0321,0.2599,0.0,0.0,0,static
2024-11-04,1314,31330,ABRILAR XAROPE 200ML,0,2.5,9.0,76.37,65.22,0.1196,0.2599,0.0,0.0,0,static
2024-11-05,1314,31330,ABRILAR XAROPE 200ML,0,2.5,9.0,76.37,65.22,0.0759,0.2599,0.0,0.0,0,static
2024-11-06,1314,31330,ABRILAR XAROPE 200ML,0,2.5,9.0,76.37,65.22,0.0321,0.2599,0.0,0.0,0,static
2024-11-07,1314,31330,ABRILAR XAROPE 200ML,0,2.5,9.0,76.37,65.22,0.0321,0.2599,0.0,0.0,0,static
2024-11-08,1314,31330,ABRILAR XAROPE 200ML,0,2.5,9.0,76.37,65.22,0.0759,0.2599,0.0,0.0,0,static
2024-11-09,1314,31330,ABRILAR XAROPE 200ML,0,2.5,9.0,76.37,65.22,0.0321,0.2599,0.0,0.0,0,static
2024-11-10,1314,31330,ABRILAR XAROPE 200ML,0,2.5,9.0,76.37,65.22,0.0321,0.2599,0.0,0.0,0,static
2024-11-11,1314,31330,ABRILAR XAROPE 200ML,0,2.5,9.0,76.37,65.22,0.1196,0.2599,0.0,0.0,0,static
2024-11-12,1314,31330,ABRILAR XAROPE 200ML,0,2.5,9.0,76.37,65.22,0.0759,0.2599,0.0,0.0,0,static
2024-11-13,1314,31330,ABRILAR XAROPE 200ML,0,2.5,9.0,76.37,65.22,0.0321,0.2599,0.0,0.0,0,static
2024-11-14,1314,31330,ABRILAR XAROPE 200ML,0,2.5,9.0,76.37,65.22,0.0321,0.2599,0.0,0.0,0,static
2024-11-15,1314,31330,ABRILAR XAROPE 200ML,0,2.5,9.0,76.37,65.22,0.0759,0.2599,1.0,1.0,0,static
2024-11-16,1314,31330,ABRILAR XAROPE 200ML,0,2.5,9.0,76.37,65.22,0.0455,0.2599,0.0,0.0,0,static
2024-11-17,1314,31330,ABRILAR XAROPE 200ML,0,2.5,9.0,76.37,65.22,0.0455,0.2599,0.0,0.0,0,static
2024-11-18,1314,31330,ABRILAR XAROPE 200ML,0,2.5,9.0,76.37,65.22,0.133,0.2599,0.0,0.0,0,static
2024-11-19,1314,31330,ABRILAR XAROPE 200ML,0,2.5,9.0,76.37,65.22,0.0892,0.2599,0.0,0.0,0,static
2024-11-20,1314,31330,ABRILAR XAROPE 200ML,0,2.5,9.0,76.37,65.22,0.0455,0.2599,0.0,0.0,0,static
2024-11-21,1314,31330,ABRILAR XAROPE 200ML,0,2.5,9.0,76.37,65.22,0.0455,0.2599,0.0,0.0,0,static
2024-11-22,1314,31330,ABRILAR XAROPE 200ML,0,2.5,9.0,76.37,65.22,0.0892,0.2599,0.0,0.0,0,static
2024-11-23,1314,31330,ABRILAR XAROPE 200ML,0,2.5,9.0,76.37,65.22,0.0455,0.2599,0.0,0.0,0,static
2024-11-24,1314,31330,ABRILAR XAROPE 200ML,0,2.5,9.0,76.37,65.22,0.0455,0.2599,0.0,0.0,0,static
2024-11-25,1314,31330,ABRILAR XAROPE 200ML,0,2.5,9.0,76.37,65.22,0.133,0.2599,1.0,1.0,0,static
2024-11-26,1314,31330,ABRILAR XAROPE 200ML,0,2.5,9.0,76.37,65.22,0.0892,0.2599,0.0,0.0,0,static
2024-11-27,1314,31330,ABRILAR XAROPE 200ML,0,2.5,9.0,76.37,65.22,0.0455,0.2599,0.0,0.0,0,static
2024-11-28,1314,31330,ABRILAR XAROPE 200ML,0,2.5,9.0,76.37,65.22,0.0455,0.2599,0.0,0.0,0,static
2024-11-29,1314,31330,ABRILAR XAROPE 200ML,0,2.5,9.0,76.37,65.22,0.0892,0.2599,0.0,0.0,0,static
2024-11-30,1314,31330,ABRILAR XAROPE 200ML,0,2.5,9.0,76.37,65.22,0.0455,0.2599,0.0,0.0,0,static
2024-12-01,1314,31330,ABRILAR XAROPE 200ML,0,2.5,9.0,76.37,65.22,0.0321,0.2599,0.0,0.0,0,static
2024-12-02,1314,31330,ABRILAR XAROPE 200ML,0,2.5,9.0,76.37,65.22,0.1196,0.2599,0.0,0.0,0,static
2024-12-03,1314,31330,ABRILAR XAROPE 200ML,0,2.5,9.0,76.37,65.22,0.0759,0.2599,0.0,0.0,0,static
2024-12-04,1314,31330,ABRILAR XAROPE 200ML,0,2.5,9.0,76.37,65.22,0.0321,0.2599,0.0,0.0,0,static
2024-12-05,1314,31330,ABRILAR XAROPE 200ML,0,2.5,9.0,76.37,65.22,0.0321,0.2599,1.0,1.0,0,static
2024-12-06,1314,31330,ABRILAR XAROPE 200ML,0,2.5,9.0,76.37,65.22,0.0759,0.2599,0.0,0.0,0,static
2024-12-07,1314,31330,ABRILAR XAROPE 200ML,0,2.5,9.0,76.37,65.22,0.0321,0.2599,0.0,0.0,0,static
2024-12-08,1314,31330,ABRILAR XAROPE 200ML,0,2.5,9.0,76.37,65.22,0.0321,0.2599,0.0,0.0,0,static
2024-12-09,1314,31330,ABRILAR XAROPE 200ML,0,2.5,9.0,76.37,65.22,0.1196,0.2599,0.0,0.0,0,static
2024-12-10,1314,31330,ABRILAR XAROPE 200ML,0,2.5,9.0,76.37,65.22,0.0759,0.2599,0.0,0.0,0,static
2024-12-11,1314,31330,ABRILAR XAROPE 200ML,0,2.5,9.0,76.37,65.22,0.0321,0.2599,0.0,0.0,0,static
2024-12-12,1314,31330,ABRILAR XAROPE 200ML,0,2.5,9.0,76.37,65.22,0.0321,0.2599,0.0,0.0,0,static
2024-12-13,1314,31330,ABRILAR XAROPE 200ML,0,2.5,9.0,76.37,65.22,0.0759,0.2599,0.0,0.0,0,static
2024-12-14,1314,31330,ABRILAR XAROPE 200ML,0,2.5,9.0,76.37,65.22,0.0321,0.2599,0.0,0.0,0,static
2024-12-15,1314,31330,ABRILAR XAROPE 200ML,0,2.5,9.0,76.37,65.22,0.0321,0.2599,0.0,0.0,0,static
2024-12-16,1314,31330,ABRILAR XAROPE 200ML,0,2.5,9.0,76.37,65.22,0.1196,0.2599,0.0,0.0,0,static
2024-12-17,1314,31330,ABRILAR XAROPE 200ML,0,2.5,9.0,76.37,65.22,0.0759,0.2599,0.0,0.0,0,static
2024-12-18,1314,31330,ABRILAR XAROPE 200ML,0,2.5,9.0,76.37,65.22,0.0321,0.2599,0.0,0.0,0,static
2024-12-19,1314,31330,ABRILAR XAROPE 200ML,0,2.5,9.0,76.37,65.22,0.0321,0.2599,0.0,0.0,0,static
2024-12-20,1314,31330,ABRILAR XAROPE 200ML,0,2.5,9.0,76.37,65.22,0.0759,0.2599,0.0,0.0,0,static
2024-12-21,1314,31330,ABRILAR XAROPE 200ML,0,2.5,9.0,76.37,65.22,0.0321,0.2599,0.0,0.0,0,static
2024-12-22,1314,31330,ABRILAR XAROPE 200ML,0,2.5,9.0,76.37,65.22,0.0321,0.2599,0.0,0.0,0,static
2024-12-23,1314,31330,ABRILAR XAROPE 200ML,0,2.5,9.0,76.37,65.22,0.1196,0.2599,0.0,0.0,0,static
2024-12-24,1314,31330,ABRILAR XAROPE 200ML,0,2.5,9.0,76.37,65.22,0.0759,0.2599,0.0,0.0,0,static
2024-12-25,1314,31330,ABRILAR XAROPE 200ML,0,2.5,9.0,76.37,65.22,0.0321,0.2599,0.0,0.0,0,static
2024-12-26,1314,31330,ABRILAR XAROPE 200ML,0,2.5,9.0,76.37,65.22,0.0321,0.2599,0.0,0.0,0,static
2024-12-27,1314,31330,ABRILAR XAROPE 200ML,0,2.5,9.0,76.37,65.22,0.0759,0.2599,0.0,0.0,0,static
2024-12-28,1314,31330,ABRILAR XAROPE 200ML,0,2.5,9.0,76.37,65.22,0.0321,0.2599,0.0,0.0,0,static
2024-12-29,1314,31330,ABRILAR XAROPE 200ML,0,2.5,9.0,76.37,65.22,0.0321,0.2599,0.0,0.0,0,static
2024-12-30,1314,31330,ABRILAR XAROPE 200ML,0,2.5,9.0,76.37,65.22,0.1196,0.2599,0.0,0.0,0,static
2024-12-31,1314,31330,ABRILAR XAROPE 200ML,0,2.5,9.0,76.37,65.22,0.0759,0.2599,0.0,0.0,0,static
2024-10-01,1314,35416,EXPECTAMIN XAROPE 120ML,0,2.5,9.0,23.52,15.48,0.04,0.0,0.0,0.0,0,static
2024-10-02,1314,35416,EXPECTAMIN XAROPE 120ML,0,2.5,9.0,23.52,15.48,0.04,0.0,0.0,0.0,0,static
2024-10-03,1314,35416,EXPECTAMIN XAROPE 120ML,0,2.5,9.0,23.52,15.48,0.04,0.0,0.0,0.0,0,static
2024-10-04,1314,35416,EXPECTAMIN XAROPE 120ML,0,2.5,9.0,23.52,15.48,0.12,0.0,0.0,0.0,0,static
2024-10-05,1314,35416,EXPECTAMIN XAROPE 120ML,0,2.5,9.0,23.52,15.48,0.12,0.0,0.0,0.0,0,static
2024-10-06,1314,35416,EXPECTAMIN XAROPE 120ML,0,2.5,9.0,23.52,15.48,0.12,0.0,0.0,0.0,0,static
2024-10-07,1314,35416,EXPECTAMIN XAROPE 120ML,0,2.5,9.0,23.52,15.48,0.12,0.0,0.0,0.0,0,static
2024-10-08,1314,35416,EXPECTAMIN XAROPE 120ML,0,2.5,9.0,23.52,15.48,0.12,0.0,0.0,0.0,0,static
2024-10-09,1314,35416,EXPECTAMIN XAROPE 120ML,0,2.5,9.0,23.52,15.48,0.12,0.0,0.0,0.0,0,static
2024-10-10,1314,35416,EXPECTAMIN XAROPE 120ML,0,2.5,9.0,23.52,15.48,0.12,0.0,0.0,0.0,0,static
2024-10-11,1314,35416,EXPECTAMIN XAROPE 120ML,0,2.5,9.0,23.52,15.48,0.12,0.0,0.0,0.0,0,static
2024-10-12,1314,35416,EXPECTAMIN XAROPE 120ML,0,2.5,9.0,23.52,15.48,0.12,0.0,1.0,1.0,0,static
2024-10-13,1314,35416,EXPECTAMIN XAROPE 120ML,0,2.5,9.0,23.52,15.48,0.08,0.0,0.0,0.0,0,static
2024-10-14,1314,35416,EXPECTAMIN XAROPE 120ML,0,2.5,9.0,23.52,15.48,0.08,0.0,0.0,0.0,0,static
2024-10-15,1314,35416,EXPECTAMIN XAROPE 120ML,0,2.5,9.0,23.52,15.48,0.08,0.0,0.0,0.0,0,static
2024-10-16,1314,35416,EXPECTAMIN XAROPE 120ML,0,2.5,9.0,23.52,15.48,0.08,0.0,0.0,0.0,0,static
2024-10-17,1314,35416,EXPECTAMIN XAROPE 120ML,0,2.5,9.0,23.52,15.48,0.08,0.0,0.0,0.0,0,static
2024-10-18,1314,35416,EXPECTAMIN XAROPE 120ML,0,2.5,9.0,23.52,15.48,0.08,0.0,0.0,0.0,0,static
2024-10-19,1314,35416,EXPECTAMIN XAROPE 120ML,0,2.5,9.0,23.52,15.48,0.0,0.0,0.0,0.0,0,static
2024-10-20,1314,35416,EXPECTAMIN XAROPE 120ML,0,2.5,9.0,23.52,15.48,0.0,0.0,0.0,0.0,0,static
2024-10-21,1314,35416,EXPECTAMIN XAROPE 120ML,0,2.5,9.0,23.52,15.48,0.0,0.0,0.0,0.0,0,static
2024-10-22,1314,35416,EXPECTAMIN XAROPE 120ML,0,2.5,9.0,23.52,15.48,0.0,0.0,0.0,0.0,0,static
2024-10-23,1314,35416,EXPECTAMIN XAROPE 120ML,0,2.5,9.0,23.52,15.48,0.0,0.0,0.0,0.0,0,static
2024-10-24,1314,35416,EXPECTAMIN XAROPE 120ML,0,2.5,9.0,23.52,15.48,0.0,0.0,0.0,0.0,0,static
2024-10-25,1314,35416,EXPECTAMIN XAROPE 120ML,0,2.5,9.0,23.52,15.48,0.0,0.0,0.0,0.0,0,static
2024-10-26,1314,35416,EXPECTAMIN XAROPE 120ML,0,2.5,9.0,23.52,15.48,0.0,0.0,0.0,0.0,0,static
2024-10-27,1314,35416,EXPECTAMIN XAROPE 120ML,0,2.5,9.0,23.52,15.48,0.0,0.0,0.0,0.0,0,static
2024-10-28,1314,35416,EXPECTAMIN XAROPE 120ML,0,2.5,9.0,23.52,15.48,0.0,0.0,0.0,0.0,0,static
2024-10-29,1314,35416,EXPECTAMIN XAROPE 120ML,0,2.5,9.0,23.52,15.48,0.0,0.0,0.0,0.0,0,static
2024-10-30,1314,35416,EXPECTAMIN XAROPE 120ML,0,2.5,9.0,23.52,15.48,0.0,0.0,0.0,0.0,0,static
2024-10-31,1314,35416,EXPECTAMIN XAROPE 120ML,0,2.5,9.0,23.52,15.48,0.0133,0.0,0.0,0.0,0,static
2024-11-01,1314,35416,EXPECTAMIN XAROPE 120ML,0,2.5,9.0,23.52,15.48,0.0133,0.0,0.0,0.0,0,static
2024-11-02,1314,35416,EXPECTAMIN XAROPE 120ML,0,2.5,9.0,23.52,15.48,0.0133,0.0,0.0,0.0,0,static
2024-11-03,1314,35416,EXPECTAMIN XAROPE 120ML,0,2.5,9.0,23.52,15.48,0.0133,0.0,0.0,0.0,0,static
2024-11-04,1314,35416,EXPECTAMIN XAROPE 120ML,0,2.5,9.0,23.52,15.48,0.0133,0.0,0.0,0.0,0,static
2024-11-05,1314,35416,EXPECTAMIN XAROPE 120ML,0,2.5,9.0,23.52,15.48,0.0133,0.0,0.0,0.0,0,static
2024-11-06,1314,35416,EXPECTAMIN XAROPE 120ML,0,2.5,9.0,23.52,15.48,0.0133,0.0,0.0,0.0,0,static
2024-11-07,1314,35416,EXPECTAMIN XAROPE 120ML,0,2.5,9.0,23.52,15.48,0.0267,0.0,0.0,0.0,0,static
2024-11-08,1314,35416,EXPECTAMIN XAROPE 120ML,0,2.5,9.0,23.52,15.48,0.0267,0.0,0.0,0.0,0,static
2024-11-09,1314,35416,EXPECTAMIN XAROPE 120ML,0,2.5,9.0,23.52,15.48,0.0267,0.0,0.0,0.0,0,static
2024-11-10,1314,35416,EXPECTAMIN XAROPE 120ML,0,2.5,9.0,23.52,15.48,0.0267,0.0,0.0,0.0,0,static
2024-11-11,1314,35416,EXPECTAMIN XAROPE 120ML,0,2.5,9.0,23.52,15.48,0.0267,0.0,0.0,0.0,0,static
2024-11-12,1314,35416,EXPECTAMIN XAROPE 120ML,0,2.5,9.0,23.52,15.48,0.04,0.0,0.0,0.0,0,static
2024-11-13,1314,35416,EXPECTAMIN XAROPE 120ML,0,2.5,9.0,23.52,15.48,0.0533,0.0,0.0,0.0,0,static
2024-11-14,1314,35416,EXPECTAMIN XAROPE 120ML,0,2.5,9.0,23.52,15.48,0.0533,0.0,0.0,0.0,0,static
2024-11-15,1314,35416,EXPECTAMIN XAROPE 120ML,0,2.5,9.0,23.52,15.48,0.04,0.0,0.0,0.0,0,static
2024-11-16,1314,35416,EXPECTAMIN XAROPE 120ML,0,2.5,9.0,23.52,15.48,0.04,0.0,0.0,0.0,0,static
2024-11-17,1314,35416,EXPECTAMIN XAROPE 120ML,0,2.5,9.0,23.52,15.48,0.04,0.0,0.0,0.0,0,static
2024-11-18,1314,35416,EXPECTAMIN XAROPE 120ML,0,2.5,9.0,23.52,15.48,0.0533,0.0,0.0,0.0,0,static
2024-11-19,1314,35416,EXPECTAMIN XAROPE 120ML,0,2.5,9.0,23.52,15.48,0.0533,0.0,0.0,0.0,0,static
2024-11-20,1314,35416,EXPECTAMIN XAROPE 120ML,0,2.5,9.0,23.52,15.48,0.0533,0.0,0.0,0.0,0,static
2024-11-21,1314,35416,EXPECTAMIN XAROPE 120ML,0,2.5,9.0,23.52,15.48,0.0533,0.0,0.0,0.0,0,static
2024-11-22,1314,35416,EXPECTAMIN XAROPE 120ML,0,2.5,9.0,23.52,15.48,0.04,0.0,0.0,0.0,0,static
2024-11-23,1314,35416,EXPECTAMIN XAROPE 120ML,0,2.5,9.0,23.52,15.48,0.0533,0.0,0.0,0.0,0,static
2024-11-24,1314,35416,EXPECTAMIN XAROPE 120ML,0,2.5,9.0,23.52,15.48,0.0533,0.0,0.0,0.0,0,static
2024-11-25,1314,35416,EXPECTAMIN XAROPE 120ML,0,2.5,9.0,23.52,15.48,0.0533,0.0,0.0,0.0,0,static
2024-11-26,1314,35416,EXPECTAMIN XAROPE 120ML,0,2.5,9.0,23.52,15.48,0.0533,0.0,0.0,0.0,0,static
2024-11-27,1314,35416,EXPECTAMIN XAROPE 120ML,0,2.5,9.0,23.52,15.48,0.04,0.0,0.0,0.0,0,static
2024-11-28,1314,35416,EXPECTAMIN XAROPE 120ML,0,2.5,9.0,23.52,15.48,0.0267,0.0,0.0,0.0,0,static
2024-11-29,1314,35416,EXPECTAMIN XAROPE 120ML,0,2.5,9.0,23.52,15.48,0.04,0.0,0.0,0.0,0,static
2024-11-30,1314,35416,EXPECTAMIN XAROPE 120ML,0,2.5,9.0,23.52,15.48,0.04,0.0,0.0,0.0,0,static
2024-12-01,1314,35416,EXPECTAMIN XAROPE 120ML,0,2.5,9.0,23.52,15.48,0.04,0.0,0.0,0.0,0,static
2024-12-02,1314,35416,EXPECTAMIN XAROPE 120ML,0,2.5,9.0,23.52,15.48,0.0533,0.0,0.0,0.0,0,static
2024-12-03,1314,35416,EXPECTAMIN XAROPE 120ML,0,2.5,9.0,23.52,15.48,0.04,0.0,1.0,1.0,0,static
2024-12-04,1314,35416,EXPECTAMIN XAROPE 120ML,0,2.5,9.0,23.52,15.48,0.04,0.0,0.0,0.0,0,static
2024-12-05,1314,35416,EXPECTAMIN XAROPE 120ML,0,2.5,9.0,23.52,15.48,0.04,0.0,0.0,0.0,0,static
2024-12-06,1314,35416,EXPECTAMIN XAROPE 120ML,0,2.5,9.0,23.52,15.48,0.04,0.0,0.0,0.0,0,static
2024-12-07,1314,35416,EXPECTAMIN XAROPE 120ML,0,2.5,9.0,23.52,15.48,0.04,0.0,0.0,0.0,0,static
2024-12-08,1314,35416,EXPECTAMIN XAROPE 120ML,0,2.5,9.0,23.52,15.48,0.0267,0.0,0.0,0.0,0,static
2024-12-09,1314,35416,EXPECTAMIN XAROPE 120ML,0,2.5,9.0,23.52,15.48,0.0267,0.0,0.0,0.0,0,static
2024-12-10,1314,35416,EXPECTAMIN XAROPE 120ML,0,2.5,9.0,23.52,15.48,0.0267,0.0,0.0,0.0,0,static
2024-12-11,1314,35416,EXPECTAMIN XAROPE 120ML,0,2.5,9.0,23.52,15.48,0.0267,0.0,0.0,0.0,0,static
2024-12-12,1314,35416,EXPECTAMIN XAROPE 120ML,0,2.5,9.0,23.52,15.48,0.04,0.0,0.0,0.0,0,static
2024-12-13,1314,35416,EXPECTAMIN XAROPE 120ML,0,2.5,9.0,23.52,15.48,0.04,0.0,0.0,0.0,0,static
2024-12-14,1314,35416,EXPECTAMIN XAROPE 120ML,0,2.5,9.0,23.52,15.48,0.0267,0.0,0.0,0.0,0,static
2024-12-15,1314,35416,EXPECTAMIN XAROPE 120ML,0,2.5,9.0,23.52,15.48,0.0267,0.0,0.0,0.0,0,static
2024-12-16,1314,35416,EXPECTAMIN XAROPE 120ML,0,2.5,9.0,23.52,15.48,0.0267,0.0,0.0,0.0,0,static
2024-12-17,1314,35416,EXPECTAMIN XAROPE 120ML,0,2.5,9.0,23.52,15.48,0.0133,0.0,0.0,0.0,0,static
2024-12-18,1314,35416,EXPECTAMIN XAROPE 120ML,0,2.5,9.0,23.52,15.48,0.0133,0.0,0.0,0.0,0,static
2024-12-19,1314,35416,EXPECTAMIN XAROPE 120ML,0,2.5,9.0,23.52,15.48,0.0133,0.0,0.0,0.0,0,static
2024-12-20,1314,35416,EXPECTAMIN XAROPE 120ML,0,2.5,9.0,23.52,15.48,0.0267,0.0,0.0,0.0,0,static
2024-12-21,1314,35416,EXPECTAMIN XAROPE 120ML,0,2.5,9.0,23.52,15.48,0.0267,0.0,0.0,0.0,0,static
2024-12-22,1314,35416,EXPECTAMIN XAROPE 120ML,0,2.5,9.0,23.52,15.48,0.0267,0.0,0.0,0.0,0,static
2024-12-23,1314,35416,EXPECTAMIN XAROPE 120ML,0,2.5,9.0,23.52,15.48,0.0267,0.0,0.0,0.0,0,static
2024-12-24,1314,35416,EXPECTAMIN XAROPE 120ML,0,2.5,9.0,23.52,15.48,0.0267,0.0,0.0,0.0,0,static
2024-12-25,1314,35416,EXPECTAMIN XAROPE 120ML,0,2.5,9.0,23.52,15.48,0.0267,0.0,0.0,0.0,0,static
2024-12-26,1314,35416,EXPECTAMIN XAROPE 120ML,0,2.5,9.0,23.52,15.48,0.0267,0.0,0.0,0.0,0,static
2024-12-27,1314,35416,EXPECTAMIN XAROPE 120ML,0,2.5,9.0,23.52,15.48,0.0133,0.0,0.0,0.0,0,static
2024-12-28,1314,35416,EXPECTAMIN XAROPE 120ML,0,2.5,9.0,23.52,15.48,0.0133,0.0,1.0,1.0,0,static
2024-12-29,1314,35416,EXPECTAMIN XAROPE 120ML,0,2.5,9.0,23.52,15.48,0.0133,0.0,0.0,0.0,0,static
2024-12-30,1314,35416,EXPECTAMIN XAROPE 120ML,0,2.5,9.0,23.52,15.48,0.0133,0.0,0.0,0.0,0,static
2024-12-31,1314,35416,EXPECTAMIN XAROPE 120ML,0,2.5,9.0,23.52,15.48,0.0133,0.0,0.0,0.0,0,static
2024-10-01,1314,35772,EMSEXPECTOR XAROPE 120ML,0,2.5,9.0,23.11,16.75,0.1518,0.2877,1.0,1.0,0,static
2024-10-02,1314,35772,EMSEXPECTOR XAROPE 120ML,0,2.5,9.0,23.11,16.75,0.108,0.2877,0.0,0.0,0,static
2024-10-03,1314,35772,EMSEXPECTOR XAROPE 120ML,0,2.5,9.0,23.11,16.75,0.0643,0.2877,0.0,0.0,0,static
2024-10-04,1314,35772,EMSEXPECTOR XAROPE 120ML,0,2.5,9.0,23.11,16.75,0.108,0.2877,0.0,0.0,0,static
2024-10-05,1314,35772,EMSEXPECTOR XAROPE 120ML,0,2.5,9.0,23.11,16.75,0.0643,0.2877,0.0,0.0,0,static
2024-10-06,1314,35772,EMSEXPECTOR XAROPE 120ML,0,2.5,9.0,23.11,16.75,0.108,0.2877,0.0,0.0,0,static
2024-10-07,1314,35772,EMSEXPECTOR XAROPE 120ML,0,2.5,9.0,23.11,16.75,0.0643,0.2877,0.0,0.0,0,static
2024-10-08,1314,35772,EMSEXPECTOR XAROPE 120ML,0,2.5,9.0,23.11,16.75,0.1518,0.2877,0.0,0.0,0,static
2024-10-09,1314,35772,EMSEXPECTOR XAROPE 120ML,0,2.5,9.0,23.11,16.75,0.108,0.2877,0.0,0.0,0,static
2024-10-10,1314,35772,EMSEXPECTOR XAROPE 120ML,0,2.5,9.0,23.11,16.75,0.0643,0.2877,0.0,0.0,0,static
2024-10-11,1314,35772,EMSEXPECTOR XAROPE 120ML,0,2.5,9.0,23.11,16.75,0.108,0.2877,0.0,0.0,0,static
2024-10-12,1314,35772,EMSEXPECTOR XAROPE 120ML,0,2.5,9.0,23.11,16.75,0.0643,0.2877,0.0,0.0,0,static
2024-10-13,1314,35772,EMSEXPECTOR XAROPE 120ML,0,2.5,9.0,23.11,16.75,0.108,0.2877,0.0,0.0,0,static
2024-10-14,1314,35772,EMSEXPECTOR XAROPE 120ML,0,2.5,9.0,23.11,16.75,0.0643,0.2877,0.0,0.0,0,static
2024-10-15,1314,35772,EMSEXPECTOR XAROPE 120ML,0,2.5,9.0,23.11,16.75,0.1518,0.2877,0.0,0.0,0,static
2024-10-16,1314,35772,EMSEXPECTOR XAROPE 120ML,0,2.5,9.0,23.11,16.75,0.108,0.2877,0.0,0.0,0,static
2024-10-17,1314,35772,EMSEXPECTOR XAROPE 120ML,0,2.5,9.0,23.11,16.75,0.0643,0.2877,0.0,0.0,0,static
2024-10-18,1314,35772,EMSEXPECTOR XAROPE 120ML,0,2.5,9.0,23.11,16.75,0.108,0.2877,0.0,0.0,0,static
2024-10-19,1314,35772,EMSEXPECTOR XAROPE 120ML,0,2.5,9.0,23.11,16.75,0.0643,0.2877,0.0,0.0,0,static
2024-10-20,1314,35772,EMSEXPECTOR XAROPE 120ML,0,2.5,9.0,23.11,16.75,0.108,0.2877,0.0,0.0,0,static
2024-10-21,1314,35772,EMSEXPECTOR XAROPE 120ML,0,2.5,9.0,23.11,16.75,0.0643,0.2877,0.0,0.0,0,static
2024-10-22,1314,35772,EMSEXPECTOR XAROPE 120ML,0,2.5,9.0,23.11,16.75,0.1518,0.2877,0.0,0.0,0,static
2024-10-23,1314,35772,EMSEXPECTOR XAROPE 120ML,0,2.5,9.0,23.11,16.75,0.108,0.2877,0.0,0.0,0,static
2024-10-24,1314,35772,EMSEXPECTOR XAROPE 120ML,0,2.5,9.0,23.11,16.75,0.0643,0.2877,0.0,0.0,0,static
2024-10-25,1314,35772,EMSEXPECTOR XAROPE 120ML,0,2.5,9.0,23.11,16.75,0.108,0.2877,0.0,0.0,0,static
2024-10-26,1314,35772,EMSEXPECTOR XAROPE 120ML,0,2.5,9.0,23.11,16.75,0.0643,0.2877,0.0,0.0,0,static
2024-10-27,1314,35772,EMSEXPECTOR XAROPE 120ML,0,2.5,9.0,23.11,16.75,0.108,0.2877,0.0,0.0,0,static
2024-10-28,1314,35772,EMSEXPECTOR XAROPE 120ML,0,2.5,9.0,23.11,16.75,0.0643,0.2877,0.0,0.0,0,static
2024-10-29,1314,35772,EMSEXPECTOR XAROPE 120ML,0,2.5,9.0,23.11,16.75,0.1518,0.2877,1.0,1.0,0,static
2024-10-30,1314,35772,EMSEXPECTOR XAROPE 120ML,0,2.5,9.0,23.11,16.75,0.108,0.2877,0.0,0.0,0,static
2024-10-31,1314,35772,EMSEXPECTOR XAROPE 120ML,0,2.5,9.0,23.11,16.75,0.0643,0.2877,0.0,0.0,0,static
2024-11-01,1314,35772,EMSEXPECTOR XAROPE 120ML,0,2.5,9.0,23.11,16.75,0.108,0.2877,0.0,0.0,0,static
2024-11-02,1314,35772,EMSEXPECTOR XAROPE 120ML,0,2.5,9.0,23.11,16.75,0.0643,0.2877,0.0,0.0,0,static
2024-11-03,1314,35772,EMSEXPECTOR XAROPE 120ML,0,2.5,9.0,23.11,16.75,0.108,0.2877,0.0,0.0,0,static
2024-11-04,1314,35772,EMSEXPECTOR XAROPE 120ML,0,2.5,9.0,23.11,16.75,0.0643,0.2877,0.0,0.0,0,static
2024-11-05,1314,35772,EMSEXPECTOR XAROPE 120ML,0,2.5,9.0,23.11,16.75,0.1518,0.2877,0.0,0.0,0,static
2024-11-06,1314,35772,EMSEXPECTOR XAROPE 120ML,0,2.5,9.0,23.11,16.75,0.108,0.2877,0.0,0.0,0,static
2024-11-07,1314,35772,EMSEXPECTOR XAROPE 120ML,0,2.5,9.0,23.11,16.75,0.0643,0.2877,1.0,1.0,0,static
2024-11-08,1314,35772,EMSEXPECTOR XAROPE 120ML,0,2.5,9.0,23.11,16.75,0.108,0.2877,2.0,2.0,0,static
2024-11-09,1314,35772,EMSEXPECTOR XAROPE 120ML,0,2.5,9.0,23.11,16.75,0.0643,0.2877,0.0,0.0,0,static
2024-11-10,1314,35772,EMSEXPECTOR XAROPE 120ML,0,2.5,9.0,23.11,16.75,0.108,0.2877,0.0,0.0,0,static
2024-11-11,1314,35772,EMSEXPECTOR XAROPE 120ML,0,2.5,9.0,23.11,16.75,0.0643,0.2877,0.0,0.0,0,static
2024-11-12,1314,35772,EMSEXPECTOR XAROPE 120ML,0,2.5,9.0,23.11,16.75,0.1518,0.2877,0.0,0.0,0,static
2024-11-13,1314,35772,EMSEXPECTOR XAROPE 120ML,0,2.5,9.0,23.11,16.75,0.108,0.2877,0.0,0.0,0,static
2024-11-14,1314,35772,EMSEXPECTOR XAROPE 120ML,0,2.5,9.0,23.11,16.75,0.0643,0.2877,0.0,0.0,0,static
2024-11-15,1314,35772,EMSEXPECTOR XAROPE 120ML,0,2.5,9.0,23.11,16.75,0.108,0.2877,0.0,0.0,0,static
2024-11-16,1314,35772,EMSEXPECTOR XAROPE 120ML,0,2.5,9.0,23.11,16.75,0.0643,0.2877,0.0,0.0,0,static
2024-11-17,1314,35772,EMSEXPECTOR XAROPE 120ML,0,2.5,9.0,23.11,16.75,0.108,0.2877,0.0,0.0,0,static
2024-11-18,1314,35772,EMSEXPECTOR XAROPE 120ML,0,2.5,9.0,23.11,16.75,0.0643,0.2877,0.0,0.0,0,static
2024-11-19,1314,35772,EMSEXPECTOR XAROPE 120ML,0,2.5,9.0,23.11,16.75,0.1518,0.2877,1.0,1.0,0,static
2024-11-20,1314,35772,EMSEXPECTOR XAROPE 120ML,0,2.5,9.0,23.11,16.75,0.108,0.2877,0.0,0.0,0,static
2024-11-21,1314,35772,EMSEXPECTOR XAROPE 120ML,0,2.5,9.0,23.11,16.75,0.0643,0.2877,0.0,0.0,0,static
2024-11-22,1314,35772,EMSEXPECTOR XAROPE 120ML,0,2.5,9.0,23.11,16.75,0.108,0.2877,0.0,0.0,0,static
2024-11-23,1314,35772,EMSEXPECTOR XAROPE 120ML,0,2.5,9.0,23.11,16.75,0.0643,0.2877,0.0,0.0,0,static
2024-11-24,1314,35772,EMSEXPECTOR XAROPE 120ML,0,2.5,9.0,23.11,16.75,0.108,0.2877,0.0,0.0,0,static
2024-11-25,1314,35772,EMSEXPECTOR XAROPE 120ML,0,2.5,9.0,23.11,16.75,0.0643,0.2877,0.0,0.0,0,static
2024-11-26,1314,35772,EMSEXPECTOR XAROPE 120ML,0,2.5,9.0,23.11,16.75,0.1518,0.2877,0.0,0.0,0,static
2024-11-27,1314,35772,EMSEXPECTOR XAROPE 120ML,0,2.5,9.0,23.11,16.75,0.108,0.2877,0.0,0.0,0,static
2024-11-28,1314,35772,EMSEXPECTOR XAROPE 120ML,0,2.5,9.0,23.11,16.75,0.0643,0.2877,0.0,0.0,0,static
2024-11-29,1314,35772,EMSEXPECTOR XAROPE 120ML,0,2.5,9.0,23.11,16.75,0.108,0.2877,0.0,0.0,0,static
2024-11-30,1314,35772,EMSEXPECTOR XAROPE 120ML,0,2.5,9.0,23.11,16.75,0.0643,0.2877,0.0,0.0,0,static
2024-12-01,1314,35772,EMSEXPECTOR XAROPE 120ML,0,2.5,9.0,23.11,16.75,0.108,0.2877,0.0,0.0,0,static
2024-12-02,1314,35772,EMSEXPECTOR XAROPE 120ML,0,2.5,9.0,23.11,16.75,0.0643,0.2877,0.0,0.0,0,static
2024-12-03,1314,35772,EMSEXPECTOR XAROPE 120ML,0,2.5,9.0,23.11,16.75,0.1518,0.2877,0.0,0.0,0,static
2024-12-04,1314,35772,EMSEXPECTOR XAROPE 120ML,0,2.5,9.0,23.11,16.75,0.108,0.2877,0.0,0.0,0,static
2024-12-05,1314,35772,EMSEXPECTOR XAROPE 120ML,0,2.5,9.0,23.11,16.75,0.0643,0.2877,0.0,0.0,0,static
2024-12-06,1314,35772,EMSEXPECTOR XAROPE 120ML,0,2.5,9.0,23.11,16.75,0.108,0.2877,0.0,0.0,0,static
2024-12-07,1314,35772,EMSEXPECTOR XAROPE 120ML,0,2.5,9.0,23.11,16.75,0.0643,0.2877,0.0,0.0,0,static
2024-12-08,1314,35772,EMSEXPECTOR XAROPE 120ML,0,2.5,9.0,23.11,16.75,0.108,0.2877,0.0,0.0,0,static
2024-12-09,1314,35772,EMSEXPECTOR XAROPE 120ML,0,2.5,9.0,23.11,16.75,0.0643,0.2877,0.0,0.0,0,static
2024-12-10,1314,35772,EMSEXPECTOR XAROPE 120ML,0,2.5,9.0,23.11,16.75,0.1518,0.2877,0.0,0.0,0,static
2024-12-11,1314,35772,EMSEXPECTOR XAROPE 120ML,0,2.5,9.0,23.11,16.75,0.108,0.2877,0.0,0.0,0,static
2024-12-12,1314,35772,EMSEXPECTOR XAROPE 120ML,0,2.5,9.0,23.11,16.75,0.0643,0.2877,0.0,0.0,0,static
2024-12-13,1314,35772,EMSEXPECTOR XAROPE 120ML,0,2.5,9.0,23.11,16.75,0.108,0.2877,0.0,0.0,0,static
2024-12-14,1314,35772,EMSEXPECTOR XAROPE 120ML,0,2.5,9.0,23.11,16.75,0.0643,0.2877,0.0,0.0,0,static
2024-12-15,1314,35772,EMSEXPECTOR XAROPE 120ML,0,2.5,9.0,23.11,16.75,0.108,0.2877,0.0,0.0,0,static
2024-12-16,1314,35772,EMSEXPECTOR XAROPE 120ML,0,2.5,9.0,23.11,16.75,0.0643,0.2877,0.0,0.0,0,static
2024-12-17,1314,35772,EMSEXPECTOR XAROPE 120ML,0,2.5,9.0,23.11,16.75,0.1518,0.2877,0.0,0.0,0,static
2024-12-18,1314,35772,EMSEXPECTOR XAROPE 120ML,0,2.5,9.0,23.11,16.75,0.108,0.2877,0.0,0.0,0,static
2024-12-19,1314,35772,EMSEXPECTOR XAROPE 120ML,0,2.5,9.0,23.11,16.75,0.0643,0.2877,0.0,0.0,0,static
2024-12-20,1314,35772,EMSEXPECTOR XAROPE 120ML,0,2.5,9.0,23.11,16.75,0.108,0.2877,0.0,0.0,0,static
2024-12-21,1314,35772,EMSEXPECTOR XAROPE 120ML,0,2.5,9.0,23.11,16.75,0.0643,0.2877,0.0,0.0,0,static
2024-12-22,1314,35772,EMSEXPECTOR XAROPE 120ML,0,2.5,9.0,23.11,16.75,0.108,0.2877,0.0,0.0,0,static
2024-12-23,1314,35772,EMSEXPECTOR XAROPE 120ML,0,2.5,9.0,23.11,16.75,0.0643,0.2877,0.0,0.0,0,static
2024-12-24,1314,35772,EMSEXPECTOR XAROPE 120ML,0,2.5,9.0,23.11,16.75,0.1518,0.2877,0.0,0.0,0,static
2024-12-25,1314,35772,EMSEXPECTOR XAROPE 120ML,0,2.5,9.0,23.11,16.75,0.108,0.2877,0.0,0.0,0,static
2024-12-26,1314,35772,EMSEXPECTOR XAROPE 120ML,0,2.5,9.0,23.11,16.75,0.0643,0.2877,0.0,0.0,0,static
2024-12-27,1314,35772,EMSEXPECTOR XAROPE 120ML,0,2.5,9.0,23.11,16.75,0.108,0.2877,0.0,0.0,0,static
2024-12-28,1314,35772,EMSEXPECTOR XAROPE 120ML,0,2.5,9.0,23.11,16.75,0.0643,0.2877,0.0,0.0,0,static
2024-12-29,1314,35772,EMSEXPECTOR XAROPE 120ML,0,2.5,9.0,23.11,16.75,0.108,0.2877,0.0,0.0,0,static
2024-12-30,1314,35772,EMSEXPECTOR XAROPE 120ML,0,2.5,9.0,23.11,16.75,0.0643,0.2877,0.0,0.0,0,static
2024-12-31,1314,35772,EMSEXPECTOR XAROPE 120ML,0,2.5,9.0,23.11,16.75,0.1518,0.2877,0.0,0.0,0,static
2024-10-01,1314,36857,NARIX ADULTO 30ML,0,1.6209977661950854,9.0,7.33,3.97,0.3121,0.8026,0.0,0.0,0,static
2024-10-02,1314,36857,NARIX ADULTO 30ML,0,1.6209977661950854,9.0,7.33,3.97,0.5213,0.8026,0.0,0.0,0,static
2024-10-03,1314,36857,NARIX ADULTO 30ML,0,1.6209977661950854,9.0,7.33,3.97,0.2988,0.8026,0.0,0.0,0,static
2024-10-04,1314,36857,NARIX ADULTO 30ML,0,1.6209977661950854,9.0,7.33,3.97,0.2246,0.8026,0.0,0.0,0,static
2024-10-05,1314,36857,NARIX ADULTO 30ML,0,1.6209977661950854,9.0,7.33,3.97,0.2246,0.8026,0.0,0.0,0,static
2024-10-06,1314,36857,NARIX ADULTO 30ML,0,1.6209977661950854,9.0,7.33,3.97,0.3484,0.8026,0.0,0.0,0,static
2024-10-07,1314,36857,NARIX ADULTO 30ML,0,1.6209977661950854,9.0,7.33,3.97,0.4359,0.8026,0.0,0.0,0,static
2024-10-08,1314,36857,NARIX ADULTO 30ML,0,1.6209977661950854,9.0,7.33,3.97,0.3921,0.8026,0.0,0.0,0,static
2024-10-09,1314,36857,NARIX ADULTO 30ML,0,1.6209977661950854,9.0,7.33,3.97,0.6546,0.8026,0.0,0.0,0,static
2024-10-10,1314,36857,NARIX ADULTO 30ML,0,1.6209977661950854,9.0,7.33,3.97,0.3921,0.8026,0.0,0.0,0,static
2024-10-11,1314,36857,NARIX ADULTO 30ML,0,1.6209977661950854,9.0,7.33,3.97,0.3046,0.8026,0.0,0.0,0,static
2024-10-12,1314,36857,NARIX ADULTO 30ML,0,1.6209977661950854,9.0,7.33,3.97,0.3046,0.8026,0.0,0.0,0,static
2024-10-13,1314,36857,NARIX ADULTO 30ML,0,1.6209977661950854,9.0,7.33,3.97,0.3484,0.8026,1.0,1.0,0,static
2024-10-14,1314,36857,NARIX ADULTO 30ML,0,1.6209977661950854,9.0,7.33,3.97,0.4359,0.8026,4.0,4.0,0,static
2024-10-15,1314,36857,NARIX ADULTO 30ML,0,1.6209977661950854,9.0,7.33,3.97,0.3921,0.8026,0.0,0.0,0,static
2024-10-16,1314,36857,NARIX ADULTO 30ML,0,1.6209977661950854,9.0,7.33,3.97,0.6546,0.8026,0.0,0.0,0,static
2024-10-17,1314,36857,NARIX ADULTO 30ML,0,1.6209977661950854,9.0,7.33,3.97,0.3921,0.8026,1.0,1.0,0,static
2024-10-18,1314,36857,NARIX ADULTO 30ML,0,1.6209977661950854,9.0,7.33,3.97,0.2646,0.8026,0.0,0.0,0,static
2024-10-19,1314,36857,NARIX ADULTO 30ML,0,1.6209977661950854,9.0,7.33,3.97,0.2246,0.8026,0.0,0.0,0,static
2024-10-20,1314,36857,NARIX ADULTO 30ML,0,1.6209977661950854,9.0,7.33,3.97,0.2684,0.8026,0.0,0.0,0,static
2024-10-21,1314,36857,NARIX ADULTO 30ML,0,1.6209977661950854,9.0,7.33,3.97,0.2759,0.8026,0.0,0.0,0,static
2024-10-22,1314,36857,NARIX ADULTO 30ML,0,1.6209977661950854,9.0,7.33,3.97,0.2321,0.8026,0.0,0.0,0,static
2024-10-23,1314,36857,NARIX ADULTO 30ML,0,1.6209977661950854,9.0,7.33,3.97,0.4946,0.8026,0.0,0.0,0,static
2024-10-24,1314,36857,NARIX ADULTO 30ML,0,1.6209977661950854,9.0,7.33,3.97,0.2321,0.8026,0.0,0.0,0,static
2024-10-25,1314,36857,NARIX ADULTO 30ML,0,1.6209977661950854,9.0,7.33,3.97,0.1446,0.8026,0.0,0.0,0,static
2024-10-26,1314,36857,NARIX ADULTO 30ML,0,1.6209977661950854,9.0,7.33,3.97,0.1446,0.8026,0.0,0.0,0,static
2024-10-27,1314,36857,NARIX ADULTO 30ML,0,1.6209977661950854,9.0,7.33,3.97,0.1884,0.8026,0.0,0.0,0,static
2024-10-28,1314,36857,NARIX ADULTO 30ML,0,1.6209977661950854,9.0,7.33,3.97,0.2759,0.8026,1.0,1.0,0,static
2024-10-29,1314,36857,NARIX ADULTO 30ML,0,1.6209977661950854,9.0,7.33,3.97,0.2455,0.8026,0.0,0.0,0,static
2024-10-30,1314,36857,NARIX ADULTO 30ML,0,1.6209977661950854,9.0,7.33,3.97,0.508,0.8026,0.0,0.0,0,static
2024-10-31,1314,36857,NARIX ADULTO 30ML,0,1.6209977661950854,9.0,7.33,3.97,0.2855,0.8026,0.0,0.0,0,static
2024-11-01,1314,36857,NARIX ADULTO 30ML,0,1.6209977661950854,9.0,7.33,3.97,0.2113,0.8026,0.0,0.0,0,static
2024-11-02,1314,36857,NARIX ADULTO 30ML,0,1.6209977661950854,9.0,7.33,3.97,0.2113,0.8026,0.0,0.0,0,static
2024-11-03,1314,36857,NARIX ADULTO 30ML,0,1.6209977661950854,9.0,7.33,3.97,0.2551,0.8026,2.0,2.0,0,static
2024-11-04,1314,36857,NARIX ADULTO 30ML,0,1.6209977661950854,9.0,7.33,3.97,0.3559,0.8026,0.0,0.0,0,static
2024-11-05,1314,36857,NARIX ADULTO 30ML,0,1.6209977661950854,9.0,7.33,3.97,0.3121,0.8026,0.0,0.0,0,static
2024-11-06,1314,36857,NARIX ADULTO 30ML,0,1.6209977661950854,9.0,7.33,3.97,0.5746,0.8026,0.0,0.0,0,static
2024-11-07,1314,36857,NARIX ADULTO 30ML,0,1.6209977661950854,9.0,7.33,3.97,0.3121,0.8026,0.0,0.0,0,static
2024-11-08,1314,36857,NARIX ADULTO 30ML,0,1.6209977661950854,9.0,7.33,3.97,0.2246,0.8026,0.0,0.0,0,static
2024-11-09,1314,36857,NARIX ADULTO 30ML,0,1.6209977661950854,9.0,7.33,3.97,0.2246,0.8026,0.0,0.0,0,static
2024-11-10,1314,36857,NARIX ADULTO 30ML,0,1.6209977661950854,9.0,7.33,3.97,0.2817,0.8026,0.0,0.0,0,static
2024-11-11,1314,36857,NARIX ADULTO 30ML,0,1.6209977661950854,9.0,7.33,3.97,0.3692,0.8026,0.0,0.0,0,static
2024-11-12,1314,36857,NARIX ADULTO 30ML,0,1.6209977661950854,9.0,7.33,3.97,0.3255,0.8026,0.0,0.0,0,static
2024-11-13,1314,36857,NARIX ADULTO 30ML,0,1.6209977661950854,9.0,7.33,3.97,0.5746,0.8026,0.0,0.0,0,static
2024-11-14,1314,36857,NARIX ADULTO 30ML,0,1.6209977661950854,9.0,7.33,3.97,0.3121,0.8026,0.0,0.0,0,static
2024-11-15,1314,36857,NARIX ADULTO 30ML,0,1.6209977661950854,9.0,7.33,3.97,0.1846,0.8026,0.0,0.0,0,static
2024-11-16,1314,36857,NARIX ADULTO 30ML,0,1.6209977661950854,9.0,7.33,3.97,0.1713,0.8026,0.0,0.0,0,static
2024-11-17,1314,36857,NARIX ADULTO 30ML,1,1.6209977661950854,9.0,7.33,3.97,0.3486,0.8026,0.0,0.0,0,static
2024-11-18,1314,36857,NARIX ADULTO 30ML,1,1.6209977661950854,9.0,7.33,3.97,0.4904,0.8026,0.0,0.0,0,static
2024-11-19,1314,36857,NARIX ADULTO 30ML,1,1.6209977661950854,9.0,7.33,3.97,0.3979,0.8026,0.0,0.0,0,static
2024-11-20,1314,36857,NARIX ADULTO 30ML,1,1.6209977661950854,9.0,7.33,3.97,0.8234,0.8026,0.0,0.0,0,static
2024-11-21,1314,36857,NARIX ADULTO 30ML,1,1.6209977661950854,9.0,7.33,3.97,0.4195,0.8026,0.0,0.0,0,static
2024-11-22,1314,36857,NARIX ADULTO 30ML,1,1.6209977661950854,9.0,7.33,3.97,0.2777,0.8026,0.0,0.0,0,static
2024-11-23,1314,36857,NARIX ADULTO 30ML,0,1.6209977661950854,9.0,7.33,3.97,0.1713,0.8026,0.0,0.0,0,static
2024-11-24,1314,36857,NARIX ADULTO 30ML,0,1.6209977661950854,9.0,7.33,3.97,0.2151,0.8026,0.0,0.0,0,static
2024-11-25,1314,36857,NARIX ADULTO 30ML,0,1.6209977661950854,9.0,7.33,3.97,0.2892,0.8026,0.0,0.0,0,static
2024-11-26,1314,36857,NARIX ADULTO 30ML,0,1.6209977661950854,9.0,7.33,3.97,0.2455,0.8026,0.0,0.0,0,static
2024-11-27,1314,36857,NARIX ADULTO 30ML,0,1.6209977661950854,9.0,7.33,3.97,0.508,0.8026,1.0,1.0,0,static
2024-11-28,1314,36857,NARIX ADULTO 30ML,0,1.6209977661950854,9.0,7.33,3.97,0.2455,0.8026,0.0,0.0,0,static
2024-11-29,1314,36857,NARIX ADULTO 30ML,1,1.6209977661950854,9.0,7.33,3.97,0.2561,0.8026,0.0,0.0,0,static
2024-11-30,1314,36857,NARIX ADULTO 30ML,1,1.6209977661950854,9.0,7.33,3.97,0.2561,0.8026,0.0,0.0,0,static
2024-12-01,1314,36857,NARIX ADULTO 30ML,1,1.6209977661950854,9.0,7.33,3.97,0.327,0.8026,0.0,0.0,0,static
2024-12-02,1314,36857,NARIX ADULTO 30ML,0,1.6209977661950854,9.0,7.33,3.97,0.2892,0.8026,0.0,0.0,0,static
2024-12-03,1314,36857,NARIX ADULTO 30ML,0,1.6209977661950854,9.0,7.33,3.97,0.2455,0.8026,0.0,0.0,0,static
2024-12-04,1314,36857,NARIX ADULTO 30ML,0,1.6209977661950854,9.0,7.33,3.97,0.508,0.8026,0.0,0.0,0,static
2024-12-05,1314,36857,NARIX ADULTO 30ML,0,1.6209977661950854,9.0,7.33,3.97,0.2455,0.8026,0.0,0.0,0,static
2024-12-06,1314,36857,NARIX ADULTO 30ML,0,1.6209977661950854,9.0,7.33,3.97,0.1446,0.8026,0.0,0.0,0,static
2024-12-07,1314,36857,NARIX ADULTO 30ML,0,1.6209977661950854,9.0,7.33,3.97,0.1446,0.8026,0.0,0.0,0,static
2024-12-08,1314,36857,NARIX ADULTO 30ML,0,1.6209977661950854,9.0,7.33,3.97,0.1884,0.8026,1.0,1.0,0,static
2024-12-09,1314,36857,NARIX ADULTO 30ML,0,1.6209977661950854,9.0,7.33,3.97,0.2759,0.8026,0.0,0.0,0,static
2024-12-10,1314,36857,NARIX ADULTO 30ML,0,1.6209977661950854,9.0,7.33,3.97,0.2455,0.8026,0.0,0.0,0,static
2024-12-11,1314,36857,NARIX ADULTO 30ML,0,1.6209977661950854,9.0,7.33,3.97,0.508,0.8026,0.0,0.0,0,static
2024-12-12,1314,36857,NARIX ADULTO 30ML,0,1.6209977661950854,9.0,7.33,3.97,0.2455,0.8026,0.0,0.0,0,static
2024-12-13,1314,36857,NARIX ADULTO 30ML,0,1.6209977661950854,9.0,7.33,3.97,0.158,0.8026,0.0,0.0,0,static
2024-12-14,1314,36857,NARIX ADULTO 30ML,0,1.6209977661950854,9.0,7.33,3.97,0.158,0.8026,1.0,1.0,0,static
2024-12-15,1314,36857,NARIX ADULTO 30ML,0,1.6209977661950854,9.0,7.33,3.97,0.2017,0.8026,1.0,1.0,0,static
2024-12-16,1314,36857,NARIX ADULTO 30ML,0,1.6209977661950854,9.0,7.33,3.97,0.2892,0.8026,1.0,1.0,0,static
2024-12-17,1314,36857,NARIX ADULTO 30ML,0,1.6209977661950854,9.0,7.33,3.97,0.2455,0.8026,1.0,1.0,0,static
2024-12-18,1314,36857,NARIX ADULTO 30ML,0,1.6209977661950854,9.0,7.33,3.97,0.508,0.8026,0.0,0.0,0,static
2024-12-19,1314,36857,NARIX ADULTO 30ML,0,1.6209977661950854,9.0,7.33,3.97,0.2455,0.8026,0.0,0.0,0,static
2024-12-20,1314,36857,NARIX ADULTO 30ML,0,1.6209977661950854,9.0,7.33,3.97,0.158,0.8026,0.0,0.0,0,static
2024-12-21,1314,36857,NARIX ADULTO 30ML,0,1.6209977661950854,9.0,7.33,3.97,0.1713,0.8026,0.0,0.0,0,static
2024-12-22,1314,36857,NARIX ADULTO 30ML,0,1.6209977661950854,9.0,7.33,3.97,0.2151,0.8026,0.0,0.0,0,static
2024-12-23,1314,36857,NARIX ADULTO 30ML,0,1.6209977661950854,9.0,7.33,3.97,0.3026,0.8026,1.0,1.0,0,static
2024-12-24,1314,36857,NARIX ADULTO 30ML,0,1.6209977661950854,9.0,7.33,3.97,0.2588,0.8026,0.0,0.0,0,static
2024-12-25,1314,36857,NARIX ADULTO 30ML,0,1.6209977661950854,9.0,7.33,3.97,0.5613,0.8026,0.0,0.0,0,static
2024-12-26,1314,36857,NARIX ADULTO 30ML,0,1.6209977661950854,9.0,7.33,3.97,0.2988,0.8026,0.0,0.0,0,static
2024-12-27,1314,36857,NARIX ADULTO 30ML,0,1.6209977661950854,9.0,7.33,3.97,0.2113,0.8026,0.0,0.0,0,static
2024-12-28,1314,36857,NARIX ADULTO 30ML,0,1.6209977661950854,9.0,7.33,3.97,0.2113,0.8026,0.0,0.0,0,static
2024-12-29,1314,36857,NARIX ADULTO 30ML,0,1.6209977661950854,9.0,7.33,3.97,0.2551,0.8026,1.0,1.0,0,static
2024-12-30,1314,36857,NARIX ADULTO 30ML,0,1.6209977661950854,9.0,7.33,3.97,0.3426,0.8026,0.0,0.0,0,static
2024-12-31,1314,36857,NARIX ADULTO 30ML,0,1.6209977661950854,9.0,7.33,3.97,0.2988,0.8026,0.0,0.0,0,static
2024-10-01,1314,42076,HEDRA EXPEC XAROPE 100ML,0,2.5,9.0,21.17,15.89,0.0,0.0,0.0,0.0,0,static
2024-10-02,1314,42076,HEDRA EXPEC XAROPE 100ML,0,2.5,9.0,21.17,15.89,0.0,0.0,0.0,0.0,0,static
2024-10-03,1314,42076,HEDRA EXPEC XAROPE 100ML,0,2.5,9.0,21.17,15.89,0.0,0.0,0.0,0.0,0,static
2024-10-04,1314,42076,HEDRA EXPEC XAROPE 100ML,0,2.5,9.0,21.17,15.89,0.0,0.0,0.0,0.0,0,static
2024-10-05,1314,42076,HEDRA EXPEC XAROPE 100ML,0,2.5,9.0,21.17,15.89,0.0,0.0,0.0,0.0,0,static
2024-10-06,1314,42076,HEDRA EXPEC XAROPE 100ML,0,2.5,9.0,21.17,15.89,0.0,0.0,0.0,0.0,0,static
2024-10-07,1314,42076,HEDRA EXPEC XAROPE 100ML,0,2.5,9.0,21.17,15.89,0.0,0.0,0.0,0.0,0,static
2024-10-08,1314,42076,HEDRA EXPEC XAROPE 100ML,0,2.5,9.0,21.17,15.89,0.0,0.0,0.0,0.0,0,static
2024-10-09,1314,42076,HEDRA EXPEC XAROPE 100ML,0,2.5,9.0,21.17,15.89,0.0,0.0,0.0,0.0,0,static
2024-10-10,1314,42076,HEDRA EXPEC XAROPE 100ML,0,2.5,9.0,21.17,15.89,0.0,0.0,0.0,0.0,0,static
2024-10-11,1314,42076,HEDRA EXPEC XAROPE 100ML,0,2.5,9.0,21.17,15.89,0.0,0.0,0.0,0.0,0,static
2024-10-12,1314,42076,HEDRA EXPEC XAROPE 100ML,0,2.5,9.0,21.17,15.89,0.0,0.0,0.0,0.0,0,static
2024-10-13,1314,42076,HEDRA EXPEC XAROPE 100ML,0,2.5,9.0,21.17,15.89,0.0,0.0,0.0,0.0,0,static
2024-10-14,1314,42076,HEDRA EXPEC XAROPE 100ML,0,2.5,9.0,21.17,15.89,0.0,0.0,0.0,0.0,0,static
2024-10-15,1314,42076,HEDRA EXPEC XAROPE 100ML,0,2.5,9.0,21.17,15.89,0.0,0.0,0.0,0.0,0,static
2024-10-16,1314,42076,HEDRA EXPEC XAROPE 100ML,0,2.5,9.0,21.17,15.89,0.0,0.0,0.0,0.0,0,static
2024-10-17,1314,42076,HEDRA EXPEC XAROPE 100ML,0,2.5,9.0,21.17,15.89,0.0,0.0,0.0,0.0,0,static
2024-10-18,1314,42076,HEDRA EXPEC XAROPE 100ML,0,2.5,9.0,21.17,15.89,0.0,0.0,0.0,0.0,0,static
2024-10-19,1314,42076,HEDRA EXPEC XAROPE 100ML,0,2.5,9.0,21.17,15.89,0.0,0.0,0.0,0.0,0,static
2024-10-20,1314,42076,HEDRA EXPEC XAROPE 100ML,0,2.5,9.0,21.17,15.89,0.0,0.0,0.0,0.0,0,static
2024-10-21,1314,42076,HEDRA EXPEC XAROPE 100ML,0,2.5,9.0,21.17,15.89,0.0,0.0,0.0,0.0,0,static
2024-10-22,1314,42076,HEDRA EXPEC XAROPE 100ML,0,2.5,9.0,21.17,15.89,0.0,0.0,0.0,0.0,0,static
2024-10-23,1314,42076,HEDRA EXPEC XAROPE 100ML,0,2.5,9.0,21.17,15.89,0.0,0.0,0.0,0.0,0,static
2024-10-24,1314,42076,HEDRA EXPEC XAROPE 100ML,0,2.5,9.0,21.17,15.89,0.0,0.0,0.0,0.0,0,static
2024-10-25,1314,42076,HEDRA EXPEC XAROPE 100ML,0,2.5,9.0,21.17,15.89,0.0,0.0,0.0,0.0,0,static
2024-10-26,1314,42076,HEDRA EXPEC XAROPE 100ML,0,2.5,9.0,21.17,15.89,0.0,0.0,0.0,0.0,0,static
2024-10-27,1314,42076,HEDRA EXPEC XAROPE 100ML,0,2.5,9.0,21.17,15.89,0.0,0.0,0.0,0.0,0,static
2024-10-28,1314,42076,HEDRA EXPEC XAROPE 100ML,0,2.5,9.0,21.17,15.89,0.0,0.0,0.0,0.0,0,static
2024-10-29,1314,42076,HEDRA EXPEC XAROPE 100ML,0,2.5,9.0,21.17,15.89,0.0,0.0,0.0,0.0,0,static
2024-10-30,1314,42076,HEDRA EXPEC XAROPE 100ML,0,2.5,9.0,21.17,15.89,0.0,0.0,0.0,0.0,0,static
2024-10-31,1314,42076,HEDRA EXPEC XAROPE 100ML,0,2.5,9.0,21.17,15.89,0.0,0.0,0.0,0.0,0,static
2024-11-01,1314,42076,HEDRA EXPEC XAROPE 100ML,0,2.5,9.0,21.17,15.89,0.0,0.0,0.0,0.0,0,static
2024-11-02,1314,42076,HEDRA EXPEC XAROPE 100ML,0,2.5,9.0,21.17,15.89,0.0,0.0,0.0,0.0,0,static
2024-11-03,1314,42076,HEDRA EXPEC XAROPE 100ML,0,2.5,9.0,21.17,15.89,0.0,0.0,0.0,0.0,0,static
2024-11-04,1314,42076,HEDRA EXPEC XAROPE 100ML,0,2.5,9.0,21.17,15.89,0.0,0.0,0.0,0.0,0,static
2024-11-05,1314,42076,HEDRA EXPEC XAROPE 100ML,0,2.5,9.0,21.17,15.89,0.0,0.0,0.0,0.0,0,static
2024-11-06,1314,42076,HEDRA EXPEC XAROPE 100ML,0,2.5,9.0,21.17,15.89,0.0,0.0,0.0,0.0,0,static
2024-11-07,1314,42076,HEDRA EXPEC XAROPE 100ML,0,2.5,9.0,21.17,15.89,0.0,0.0,0.0,0.0,0,static
2024-11-08,1314,42076,HEDRA EXPEC XAROPE 100ML,0,2.5,9.0,21.17,15.89,0.0,0.0,0.0,0.0,0,static
2024-11-09,1314,42076,HEDRA EXPEC XAROPE 100ML,0,2.5,9.0,21.17,15.89,0.0,0.0,0.0,0.0,0,static
2024-11-10,1314,42076,HEDRA EXPEC XAROPE 100ML,0,2.5,9.0,21.17,15.89,0.0,0.0,0.0,0.0,0,static
2024-11-11,1314,42076,HEDRA EXPEC XAROPE 100ML,0,2.5,9.0,21.17,15.89,0.0,0.0,0.0,0.0,0,static
2024-11-12,1314,42076,HEDRA EXPEC XAROPE 100ML,0,2.5,9.0,21.17,15.89,0.0,0.0,0.0,0.0,0,static
2024-11-13,1314,42076,HEDRA EXPEC XAROPE 100ML,0,2.5,9.0,21.17,15.89,0.0,0.0,0.0,0.0,0,static
2024-11-14,1314,42076,HEDRA EXPEC XAROPE 100ML,0,2.5,9.0,21.17,15.89,0.0,0.0,0.0,0.0,0,static
2024-11-15,1314,42076,HEDRA EXPEC XAROPE 100ML,0,2.5,9.0,21.17,15.89,0.0,0.0,0.0,0.0,0,static
2024-11-16,1314,42076,HEDRA EXPEC XAROPE 100ML,0,2.5,9.0,21.17,15.89,0.0,0.0,0.0,0.0,0,static
2024-11-17,1314,42076,HEDRA EXPEC XAROPE 100ML,0,2.5,9.0,21.17,15.89,0.0,0.0,0.0,0.0,0,static
2024-11-18,1314,42076,HEDRA EXPEC XAROPE 100ML,0,2.5,9.0,21.17,15.89,0.0,0.0,0.0,0.0,0,static
2024-11-19,1314,42076,HEDRA EXPEC XAROPE 100ML,0,2.5,9.0,21.17,15.89,0.0,0.0,0.0,0.0,0,static
2024-11-20,1314,42076,HEDRA EXPEC XAROPE 100ML,0,2.5,9.0,21.17,15.89,0.0,0.0,0.0,0.0,0,static
2024-11-21,1314,42076,HEDRA EXPEC XAROPE 100ML,0,2.5,9.0,21.17,15.89,0.0,0.0,0.0,0.0,0,static
2024-11-22,1314,42076,HEDRA EXPEC XAROPE 100ML,0,2.5,9.0,21.17,15.89,0.0,0.0,0.0,0.0,0,static
2024-11-23,1314,42076,HEDRA EXPEC XAROPE 100ML,0,2.5,9.0,21.17,15.89,0.0,0.0,0.0,0.0,0,static
2024-11-24,1314,42076,HEDRA EXPEC XAROPE 100ML,0,2.5,9.0,21.17,15.89,0.0,0.0,0.0,0.0,0,static
2024-11-25,1314,42076,HEDRA EXPEC XAROPE 100ML,0,2.5,9.0,21.17,15.89,0.0,0.0,0.0,0.0,0,static
2024-11-26,1314,42076,HEDRA EXPEC XAROPE 100ML,0,2.5,9.0,21.17,15.89,0.0,0.0,0.0,0.0,0,static
2024-11-27,1314,42076,HEDRA EXPEC XAROPE 100ML,0,2.5,9.0,21.17,15.89,0.0,0.0,0.0,0.0,0,static
2024-11-28,1314,42076,HEDRA EXPEC XAROPE 100ML,0,2.5,9.0,21.17,15.89,0.0,0.0,0.0,0.0,0,static
2024-11-29,1314,42076,HEDRA EXPEC XAROPE 100ML,0,2.5,9.0,21.17,15.89,0.0,0.0,0.0,0.0,0,static
2024-11-30,1314,42076,HEDRA EXPEC XAROPE 100ML,0,2.5,9.0,21.17,15.89,0.0,0.0,0.0,0.0,0,static
2024-12-01,1314,42076,HEDRA EXPEC XAROPE 100ML,0,2.5,9.0,21.17,15.89,0.0,0.0,0.0,0.0,0,static
2024-12-02,1314,42076,HEDRA EXPEC XAROPE 100ML,0,2.5,9.0,21.17,15.89,0.0,0.0,0.0,0.0,0,static
2024-12-03,1314,42076,HEDRA EXPEC XAROPE 100ML,0,2.5,9.0,21.17,15.89,0.0,0.0,0.0,0.0,0,static
2024-12-04,1314,42076,HEDRA EXPEC XAROPE 100ML,0,2.5,9.0,21.17,15.89,0.0,0.0,0.0,0.0,0,static
2024-12-05,1314,42076,HEDRA EXPEC XAROPE 100ML,0,2.5,9.0,21.17,15.89,0.0,0.0,0.0,0.0,0,static
2024-12-06,1314,42076,HEDRA EXPEC XAROPE 100ML,0,2.5,9.0,21.17,15.89,0.0,0.0,0.0,0.0,0,static
2024-12-07,1314,42076,HEDRA EXPEC XAROPE 100ML,0,2.5,9.0,21.17,15.89,0.0,0.0,0.0,0.0,0,static
2024-12-08,1314,42076,HEDRA EXPEC XAROPE 100ML,0,2.5,9.0,21.17,15.89,0.0,0.0,0.0,0.0,0,static
2024-12-09,1314,42076,HEDRA EXPEC XAROPE 100ML,0,2.5,9.0,21.17,15.89,0.0,0.0,0.0,0.0,0,static
2024-12-10,1314,42076,HEDRA EXPEC XAROPE 100ML,0,2.5,9.0,21.17,15.89,0.0,0.0,0.0,0.0,0,static
2024-12-11,1314,42076,HEDRA EXPEC XAROPE 100ML,0,2.5,9.0,21.17,15.89,0.0,0.0,0.0,0.0,0,static
2024-12-12,1314,42076,HEDRA EXPEC XAROPE 100ML,0,2.5,9.0,21.17,15.89,0.0,0.0,0.0,0.0,0,static
2024-12-13,1314,42076,HEDRA EXPEC XAROPE 100ML,0,2.5,9.0,21.17,15.89,0.0,0.0,0.0,0.0,0,static
2024-12-14,1314,42076,HEDRA EXPEC XAROPE 100ML,0,2.5,9.0,21.17,15.89,0.0,0.0,0.0,0.0,0,static
2024-12-15,1314,42076,HEDRA EXPEC XAROPE 100ML,0,2.5,9.0,21.17,15.89,0.0,0.0,0.0,0.0,0,static
2024-12-16,1314,42076,HEDRA EXPEC XAROPE 100ML,0,2.5,9.0,21.17,15.89,0.0,0.0,0.0,0.0,0,static
2024-12-17,1314,42076,HEDRA EXPEC XAROPE 100ML,0,2.5,9.0,21.17,15.89,0.0,0.0,0.0,0.0,0,static
2024-12-18,1314,42076,HEDRA EXPEC XAROPE 100ML,0,2.5,9.0,21.17,15.89,0.0,0.0,0.0,0.0,0,static
2024-12-19,1314,42076,HEDRA EXPEC XAROPE 100ML,0,2.5,9.0,21.17,15.89,0.0,0.0,0.0,0.0,0,static
2024-12-20,1314,42076,HEDRA EXPEC XAROPE 100ML,0,2.5,9.0,21.17,15.89,0.0,0.0,0.0,0.0,0,static
2024-12-21,1314,42076,HEDRA EXPEC XAROPE 100ML,0,2.5,9.0,21.17,15.89,0.0,0.0,0.0,0.0,0,static
2024-12-22,1314,42076,HEDRA EXPEC XAROPE 100ML,0,2.5,9.0,21.17,15.89,0.0,0.0,0.0,0.0,0,static
2024-12-23,1314,42076,HEDRA EXPEC XAROPE 100ML,0,2.5,9.0,21.17,15.89,0.0,0.0,0.0,0.0,0,static
2024-12-24,1314,42076,HEDRA EXPEC XAROPE 100ML,0,2.5,9.0,21.17,15.89,0.0,0.0,0.0,0.0,0,static
2024-12-25,1314,42076,HEDRA EXPEC XAROPE 100ML,0,2.5,9.0,21.17,15.89,0.0,0.0,0.0,0.0,0,static
2024-12-26,1314,42076,HEDRA EXPEC XAROPE 100ML,0,2.5,9.0,21.17,15.89,0.0,0.0,0.0,0.0,0,static
2024-12-27,1314,42076,HEDRA EXPEC XAROPE 100ML,0,2.5,9.0,21.17,15.89,0.0,0.0,0.0,0.0,0,static
2024-12-28,1314,42076,HEDRA EXPEC XAROPE 100ML,0,2.5,9.0,21.17,15.89,0.0,0.0,0.0,0.0,0,static
2024-12-29,1314,42076,HEDRA EXPEC XAROPE 100ML,0,2.5,9.0,21.17,15.89,0.0,0.0,0.0,0.0,0,static
2024-12-30,1314,42076,HEDRA EXPEC XAROPE 100ML,0,2.5,9.0,21.17,15.89,0.0,0.0,0.0,0.0,0,static
2024-12-31,1314,42076,HEDRA EXPEC XAROPE 100ML,0,2.5,9.0,21.17,15.89,0.0,0.0,0.0,0.0,0,static
2024-10-01,1314,44217,BROMELIN S 100ML,0,2.5,9.0,55.77,43.09,0.0321,0.2877,0.0,0.0,0,static
2024-10-02,1314,44217,BROMELIN S 100ML,0,2.5,9.0,55.77,43.09,0.1196,0.2877,0.0,0.0,0,static
2024-10-03,1314,44217,BROMELIN S 100ML,0,2.5,9.0,55.77,43.09,0.1196,0.2877,0.0,0.0,0,static
2024-10-04,1314,44217,BROMELIN S 100ML,0,2.5,9.0,55.77,43.09,0.0321,0.2877,0.0,0.0,0,static
2024-10-05,1314,44217,BROMELIN S 100ML,0,2.5,9.0,55.77,43.09,0.0759,0.2877,0.0,0.0,0,static
2024-10-06,1314,44217,BROMELIN S 100ML,0,2.5,9.0,55.77,43.09,0.0321,0.2877,0.0,0.0,0,static
2024-10-07,1314,44217,BROMELIN S 100ML,0,2.5,9.0,55.77,43.09,0.0321,0.2877,0.0,0.0,0,static
2024-10-08,1314,44217,BROMELIN S 100ML,0,2.5,9.0,55.77,43.09,0.0321,0.2877,0.0,0.0,0,static
2024-10-09,1314,44217,BROMELIN S 100ML,0,2.5,9.0,55.77,43.09,0.1196,0.2877,0.0,0.0,0,static
2024-10-10,1314,44217,BROMELIN S 100ML,0,2.5,9.0,55.77,43.09,0.1196,0.2877,0.0,0.0,0,static
2024-10-11,1314,44217,BROMELIN S 100ML,0,2.5,9.0,55.77,43.09,0.0321,0.2877,0.0,0.0,0,static
2024-10-12,1314,44217,BROMELIN S 100ML,0,2.5,9.0,55.77,43.09,0.0759,0.2877,0.0,0.0,0,static
2024-10-13,1314,44217,BROMELIN S 100ML,0,2.5,9.0,55.77,43.09,0.0321,0.2877,0.0,0.0,0,static
2024-10-14,1314,44217,BROMELIN S 100ML,0,2.5,9.0,55.77,43.09,0.0721,0.2877,0.0,0.0,0,static
2024-10-15,1314,44217,BROMELIN S 100ML,0,2.5,9.0,55.77,43.09,0.0721,0.2877,0.0,0.0,0,static
2024-10-16,1314,44217,BROMELIN S 100ML,0,2.5,9.0,55.77,43.09,0.1596,0.2877,0.0,0.0,0,static
2024-10-17,1314,44217,BROMELIN S 100ML,0,2.5,9.0,55.77,43.09,0.1596,0.2877,0.0,0.0,0,static
2024-10-18,1314,44217,BROMELIN S 100ML,0,2.5,9.0,55.77,43.09,0.0721,0.2877,0.0,0.0,0,static
2024-10-19,1314,44217,BROMELIN S 100ML,0,2.5,9.0,55.77,43.09,0.1159,0.2877,0.0,0.0,0,static
2024-10-20,1314,44217,BROMELIN S 100ML,0,2.5,9.0,55.77,43.09,0.0721,0.2877,0.0,0.0,0,static
2024-10-21,1314,44217,BROMELIN S 100ML,0,2.5,9.0,55.77,43.09,0.0721,0.2877,0.0,0.0,0,static
2024-10-22,1314,44217,BROMELIN S 100ML,0,2.5,9.0,55.77,43.09,0.0721,0.2877,0.0,0.0,0,static
2024-10-23,1314,44217,BROMELIN S 100ML,0,2.5,9.0,55.77,43.09,0.1596,0.2877,0.0,0.0,0,static
2024-10-24,1314,44217,BROMELIN S 100ML,0,2.5,9.0,55.77,43.09,0.1596,0.2877,0.0,0.0,0,static
2024-10-25,1314,44217,BROMELIN S 100ML,0,2.5,9.0,55.77,43.09,0.0721,0.2877,0.0,0.0,0,static
2024-10-26,1314,44217,BROMELIN S 100ML,0,2.5,9.0,55.77,43.09,0.1159,0.2877,0.0,0.0,0,static
2024-10-27,1314,44217,BROMELIN S 100ML,0,2.5,9.0,55.77,43.09,0.0721,0.2877,0.0,0.0,0,static
2024-10-28,1314,44217,BROMELIN S 100ML,0,2.5,9.0,55.77,43.09,0.0721,0.2877,0.0,0.0,0,static
2024-10-29,1314,44217,BROMELIN S 100ML,0,2.5,9.0,55.77,43.09,0.0321,0.2877,0.0,0.0,0,static
2024-10-30,1314,44217,BROMELIN S 100ML,0,2.5,9.0,55.77,43.09,0.1196,0.2877,0.0,0.0,0,static
2024-10-31,1314,44217,BROMELIN S 100ML,0,2.5,9.0,55.77,43.09,0.1196,0.2877,1.0,1.0,0,static
2024-11-01,1314,44217,BROMELIN S 100ML,0,2.5,9.0,55.77,43.09,0.0455,0.2877,0.0,0.0,0,static
2024-11-02,1314,44217,BROMELIN S 100ML,0,2.5,9.0,55.77,43.09,0.0892,0.2877,0.0,0.0,0,static
2024-11-03,1314,44217,BROMELIN S 100ML,0,2.5,9.0,55.77,43.09,0.0455,0.2877,0.0,0.0,0,static
2024-11-04,1314,44217,BROMELIN S 100ML,0,2.5,9.0,55.77,43.09,0.0455,0.2877,0.0,0.0,0,static
2024-11-05,1314,44217,BROMELIN S 100ML,0,2.5,9.0,55.77,43.09,0.0455,0.2877,0.0,0.0,0,static
2024-11-06,1314,44217,BROMELIN S 100ML,0,2.5,9.0,55.77,43.09,0.133,0.2877,0.0,0.0,0,static
2024-11-07,1314,44217,BROMELIN S 100ML,0,2.5,9.0,55.77,43.09,0.133,0.2877,0.0,0.0,0,static
2024-11-08,1314,44217,BROMELIN S 100ML,0,2.5,9.0,55.77,43.09,0.0455,0.2877,0.0,0.0,0,static
2024-11-09,1314,44217,BROMELIN S 100ML,0,2.5,9.0,55.77,43.09,0.0892,0.2877,0.0,0.0,0,static
2024-11-10,1314,44217,BROMELIN S 100ML,0,2.5,9.0,55.77,43.09,0.0455,0.2877,0.0,0.0,0,static
2024-11-11,1314,44217,BROMELIN S 100ML,0,2.5,9.0,55.77,43.09,0.0455,0.2877,0.0,0.0,0,static
2024-11-12,1314,44217,BROMELIN S 100ML,0,2.5,9.0,55.77,43.09,0.0455,0.2877,0.0,0.0,0,static
2024-11-13,1314,44217,BROMELIN S 100ML,0,2.5,9.0,55.77,43.09,0.133,0.2877,0.0,0.0,0,static
2024-11-14,1314,44217,BROMELIN S 100ML,0,2.5,9.0,55.77,43.09,0.133,0.2877,0.0,0.0,0,static
2024-11-15,1314,44217,BROMELIN S 100ML,0,2.5,9.0,55.77,43.09,0.0455,0.2877,0.0,0.0,0,static
2024-11-16,1314,44217,BROMELIN S 100ML,0,2.5,9.0,55.77,43.09,0.0759,0.2877,0.0,0.0,0,static
2024-11-17,1314,44217,BROMELIN S 100ML,0,2.5,9.0,55.77,43.09,0.0321,0.2877,0.0,0.0,0,static
2024-11-18,1314,44217,BROMELIN S 100ML,0,2.5,9.0,55.77,43.09,0.0321,0.2877,0.0,0.0,0,static
2024-11-19,1314,44217,BROMELIN S 100ML,0,2.5,9.0,55.77,43.09,0.0321,0.2877,0.0,0.0,0,static
2024-11-20,1314,44217,BROMELIN S 100ML,0,2.5,9.0,55.77,43.09,0.1196,0.2877,0.0,0.0,0,static
2024-11-21,1314,44217,BROMELIN S 100ML,0,2.5,9.0,55.77,43.09,0.1196,0.2877,0.0,0.0,0,static
2024-11-22,1314,44217,BROMELIN S 100ML,0,2.5,9.0,55.77,43.09,0.0321,0.2877,0.0,0.0,0,static
2024-11-23,1314,44217,BROMELIN S 100ML,0,2.5,9.0,55.77,43.09,0.0892,0.2877,0.0,0.0,0,static
2024-11-24,1314,44217,BROMELIN S 100ML,0,2.5,9.0,55.77,43.09,0.0588,0.2877,0.0,0.0,0,static
2024-11-25,1314,44217,BROMELIN S 100ML,0,2.5,9.0,55.77,43.09,0.0588,0.2877,0.0,0.0,0,static
2024-11-26,1314,44217,BROMELIN S 100ML,0,2.5,9.0,55.77,43.09,0.0588,0.2877,0.0,0.0,0,static
2024-11-27,1314,44217,BROMELIN S 100ML,0,2.5,9.0,55.77,43.09,0.1463,0.2877,0.0,0.0,0,static
2024-11-28,1314,44217,BROMELIN S 100ML,0,2.5,9.0,55.77,43.09,0.1463,0.2877,0.0,0.0,0,static
2024-11-29,1314,44217,BROMELIN S 100ML,0,2.5,9.0,55.77,43.09,0.0588,0.2877,0.0,0.0,0,static
2024-11-30,1314,44217,BROMELIN S 100ML,0,2.5,9.0,55.77,43.09,0.1026,0.2877,0.0,0.0,0,static
2024-12-01,1314,44217,BROMELIN S 100ML,0,2.5,9.0,55.77,43.09,0.0588,0.2877,0.0,0.0,0,static
2024-12-02,1314,44217,BROMELIN S 100ML,0,2.5,9.0,55.77,43.09,0.0588,0.2877,0.0,0.0,0,static
2024-12-03,1314,44217,BROMELIN S 100ML,0,2.5,9.0,55.77,43.09,0.0588,0.2877,0.0,0.0,0,static
2024-12-04,1314,44217,BROMELIN S 100ML,0,2.5,9.0,55.77,43.09,0.1463,0.2877,0.0,0.0,0,static
2024-12-05,1314,44217,BROMELIN S 100ML,0,2.5,9.0,55.77,43.09,0.1463,0.2877,0.0,0.0,0,static
2024-12-06,1314,44217,BROMELIN S 100ML,0,2.5,9.0,55.77,43.09,0.0588,0.2877,0.0,0.0,0,static
2024-12-07,1314,44217,BROMELIN S 100ML,0,2.5,9.0,55.77,43.09,0.1026,0.2877,0.0,0.0,0,static
2024-12-08,1314,44217,BROMELIN S 100ML,0,2.5,9.0,55.77,43.09,0.0455,0.2877,0.0,0.0,0,static
2024-12-09,1314,44217,BROMELIN S 100ML,0,2.5,9.0,55.77,43.09,0.0321,0.2877,0.0,0.0,0,static
2024-12-10,1314,44217,BROMELIN S 100ML,0,2.5,9.0,55.77,43.09,0.0321,0.2877,0.0,0.0,0,static
2024-12-11,1314,44217,BROMELIN S 100ML,0,2.5,9.0,55.77,43.09,0.1196,0.2877,0.0,0.0,0,static
2024-12-12,1314,44217,BROMELIN S 100ML,0,2.5,9.0,55.77,43.09,0.1196,0.2877,0.0,0.0,0,static
2024-12-13,1314,44217,BROMELIN S 100ML,0,2.5,9.0,55.77,43.09,0.0321,0.2877,0.0,0.0,0,static
2024-12-14,1314,44217,BROMELIN S 100ML,0,2.5,9.0,55.77,43.09,0.0759,0.2877,0.0,0.0,0,static
2024-12-15,1314,44217,BROMELIN S 100ML,0,2.5,9.0,55.77,43.09,0.0321,0.2877,0.0,0.0,0,static
2024-12-16,1314,44217,BROMELIN S 100ML,0,2.5,9.0,55.77,43.09,0.0321,0.2877,0.0,0.0,0,static
2024-12-17,1314,44217,BROMELIN S 100ML,0,2.5,9.0,55.77,43.09,0.0321,0.2877,0.0,0.0,0,static
2024-12-18,1314,44217,BROMELIN S 100ML,0,2.5,9.0,55.77,43.09,0.1196,0.2877,0.0,0.0,0,static
2024-12-19,1314,44217,BROMELIN S 100ML,0,2.5,9.0,55.77,43.09,0.1196,0.2877,0.0,0.0,0,static
2024-12-20,1314,44217,BROMELIN S 100ML,0,2.5,9.0,55.77,43.09,0.0321,0.2877,0.0,0.0,0,static
2024-12-21,1314,44217,BROMELIN S 100ML,0,2.5,9.0,55.77,43.09,0.0759,0.2877,0.0,0.0,0,static
2024-12-22,1314,44217,BROMELIN S 100ML,0,2.5,9.0,55.77,43.09,0.0321,0.2877,0.0,0.0,0,static
2024-12-23,1314,44217,BROMELIN S 100ML,0,2.5,9.0,55.77,43.09,0.0321,0.2877,0.0,0.0,0,static
2024-12-24,1314,44217,BROMELIN S 100ML,0,2.5,9.0,55.77,43.09,0.0321,0.2877,0.0,0.0,0,static
2024-12-25,1314,44217,BROMELIN S 100ML,0,2.5,9.0,55.77,43.09,0.1196,0.2877,0.0,0.0,0,static
2024-12-26,1314,44217,BROMELIN S 100ML,0,2.5,9.0,55.77,43.09,0.1196,0.2877,0.0,0.0,0,static
2024-12-27,1314,44217,BROMELIN S 100ML,0,2.5,9.0,55.77,43.09,0.0321,0.2877,0.0,0.0,0,static
2024-12-28,1314,44217,BROMELIN S 100ML,0,2.5,9.0,55.77,43.09,0.0759,0.2877,0.0,0.0,0,static
2024-12-29,1314,44217,BROMELIN S 100ML,0,2.5,9.0,55.77,43.09,0.0321,0.2877,0.0,0.0,0,static
2024-12-30,1314,44217,BROMELIN S 100ML,0,2.5,9.0,55.77,43.09,0.0321,0.2877,0.0,0.0,0,static
2024-12-31,1314,44217,BROMELIN S 100ML,0,2.5,9.0,55.77,43.09,0.0321,0.2877,0.0,0.0,0,static
2024-10-01,1314,48812,ARLIVRY XAROPE CEREJA 100ML,0,2.5,9.0,21.9,8.98,0.0643,0.3121,0.0,0.0,0,static
2024-10-02,1314,48812,ARLIVRY XAROPE CEREJA 100ML,0,2.5,9.0,21.9,8.98,0.108,0.3121,0.0,0.0,0,static
2024-10-03,1314,48812,ARLIVRY XAROPE CEREJA 100ML,0,2.5,9.0,21.9,8.98,0.108,0.3121,0.0,0.0,0,static
2024-10-04,1314,48812,ARLIVRY XAROPE CEREJA 100ML,0,2.5,9.0,21.9,8.98,0.0643,0.3121,0.0,0.0,0,static
2024-10-05,1314,48812,ARLIVRY XAROPE CEREJA 100ML,0,2.5,9.0,21.9,8.98,0.108,0.3121,0.0,0.0,0,static
2024-10-06,1314,48812,ARLIVRY XAROPE CEREJA 100ML,0,2.5,9.0,21.9,8.98,0.108,0.3121,0.0,0.0,0,static
2024-10-07,1314,48812,ARLIVRY XAROPE CEREJA 100ML,0,2.5,9.0,21.9,8.98,0.1518,0.3121,0.0,0.0,0,static
2024-10-08,1314,48812,ARLIVRY XAROPE CEREJA 100ML,0,2.5,9.0,21.9,8.98,0.0643,0.3121,0.0,0.0,0,static
2024-10-09,1314,48812,ARLIVRY XAROPE CEREJA 100ML,0,2.5,9.0,21.9,8.98,0.108,0.3121,0.0,0.0,0,static
2024-10-10,1314,48812,ARLIVRY XAROPE CEREJA 100ML,0,2.5,9.0,21.9,8.98,0.148,0.3121,0.0,0.0,0,static
2024-10-11,1314,48812,ARLIVRY XAROPE CEREJA 100ML,0,2.5,9.0,21.9,8.98,0.1443,0.3121,0.0,0.0,0,static
2024-10-12,1314,48812,ARLIVRY XAROPE CEREJA 100ML,0,2.5,9.0,21.9,8.98,0.188,0.3121,0.0,0.0,0,static
2024-10-13,1314,48812,ARLIVRY XAROPE CEREJA 100ML,0,2.5,9.0,21.9,8.98,0.188,0.3121,0.0,0.0,0,static
2024-10-14,1314,48812,ARLIVRY XAROPE CEREJA 100ML,0,2.5,9.0,21.9,8.98,0.2318,0.3121,0.0,0.0,0,static
2024-10-15,1314,48812,ARLIVRY XAROPE CEREJA 100ML,0,2.5,9.0,21.9,8.98,0.1443,0.3121,0.0,0.0,0,static
2024-10-16,1314,48812,ARLIVRY XAROPE CEREJA 100ML,0,2.5,9.0,21.9,8.98,0.188,0.3121,0.0,0.0,0,static
2024-10-17,1314,48812,ARLIVRY XAROPE CEREJA 100ML,0,2.5,9.0,21.9,8.98,0.188,0.3121,0.0,0.0,0,static
2024-10-18,1314,48812,ARLIVRY XAROPE CEREJA 100ML,0,2.5,9.0,21.9,8.98,0.1443,0.3121,0.0,0.0,0,static
2024-10-19,1314,48812,ARLIVRY XAROPE CEREJA 100ML,0,2.5,9.0,21.9,8.98,0.188,0.3121,0.0,0.0,0,static
2024-10-20,1314,48812,ARLIVRY XAROPE CEREJA 100ML,0,2.5,9.0,21.9,8.98,0.188,0.3121,0.0,0.0,0,static
2024-10-21,1314,48812,ARLIVRY XAROPE CEREJA 100ML,0,2.5,9.0,21.9,8.98,0.2318,0.3121,0.0,0.0,0,static
2024-10-22,1314,48812,ARLIVRY XAROPE CEREJA 100ML,0,2.5,9.0,21.9,8.98,0.1443,0.3121,0.0,0.0,0,static
2024-10-23,1314,48812,ARLIVRY XAROPE CEREJA 100ML,0,2.5,9.0,21.9,8.98,0.188,0.3121,0.0,0.0,0,static
2024-10-24,1314,48812,ARLIVRY XAROPE CEREJA 100ML,0,2.5,9.0,21.9,8.98,0.188,0.3121,0.0,0.0,0,static
2024-10-25,1314,48812,ARLIVRY XAROPE CEREJA 100ML,0,2.5,9.0,21.9,8.98,0.1043,0.3121,0.0,0.0,0,static
2024-10-26,1314,48812,ARLIVRY XAROPE CEREJA 100ML,0,2.5,9.0,21.9,8.98,0.108,0.3121,0.0,0.0,0,static
2024-10-27,1314,48812,ARLIVRY XAROPE CEREJA 100ML,0,2.5,9.0,21.9,8.98,0.108,0.3121,0.0,0.0,0,static
2024-10-28,1314,48812,ARLIVRY XAROPE CEREJA 100ML,0,2.5,9.0,21.9,8.98,0.1518,0.3121,0.0,0.0,0,static
2024-10-29,1314,48812,ARLIVRY XAROPE CEREJA 100ML,0,2.5,9.0,21.9,8.98,0.0643,0.3121,0.0,0.0,0,static
2024-10-30,1314,48812,ARLIVRY XAROPE CEREJA 100ML,0,2.5,9.0,21.9,8.98,0.108,0.3121,0.0,0.0,0,static
2024-10-31,1314,48812,ARLIVRY XAROPE CEREJA 100ML,0,2.5,9.0,21.9,8.98,0.108,0.3121,0.0,0.0,0,static
2024-11-01,1314,48812,ARLIVRY XAROPE CEREJA 100ML,0,2.5,9.0,21.9,8.98,0.0643,0.3121,0.0,0.0,0,static
2024-11-02,1314,48812,ARLIVRY XAROPE CEREJA 100ML,0,2.5,9.0,21.9,8.98,0.108,0.3121,0.0,0.0,0,static
2024-11-03,1314,48812,ARLIVRY XAROPE CEREJA 100ML,0,2.5,9.0,21.9,8.98,0.108,0.3121,0.0,0.0,0,static
2024-11-04,1314,48812,ARLIVRY XAROPE CEREJA 100ML,0,2.5,9.0,21.9,8.98,0.1518,0.3121,0.0,0.0,0,static
2024-11-05,1314,48812,ARLIVRY XAROPE CEREJA 100ML,0,2.5,9.0,21.9,8.98,0.0643,0.3121,1.0,1.0,0,static
2024-11-06,1314,48812,ARLIVRY XAROPE CEREJA 100ML,0,2.5,9.0,21.9,8.98,0.108,0.3121,0.0,0.0,0,static
2024-11-07,1314,48812,ARLIVRY XAROPE CEREJA 100ML,0,2.5,9.0,21.9,8.98,0.108,0.3121,0.0,0.0,0,static
2024-11-08,1314,48812,ARLIVRY XAROPE CEREJA 100ML,0,2.5,9.0,21.9,8.98,0.0643,0.3121,0.0,0.0,0,static
2024-11-09,1314,48812,ARLIVRY XAROPE CEREJA 100ML,0,2.5,9.0,21.9,8.98,0.108,0.3121,0.0,0.0,0,static
2024-11-10,1314,48812,ARLIVRY XAROPE CEREJA 100ML,0,2.5,9.0,21.9,8.98,0.108,0.3121,0.0,0.0,0,static
2024-11-11,1314,48812,ARLIVRY XAROPE CEREJA 100ML,0,2.5,9.0,21.9,8.98,0.1518,0.3121,0.0,0.0,0,static
2024-11-12,1314,48812,ARLIVRY XAROPE CEREJA 100ML,0,2.5,9.0,21.9,8.98,0.0643,0.3121,0.0,0.0,0,static
2024-11-13,1314,48812,ARLIVRY XAROPE CEREJA 100ML,0,2.5,9.0,21.9,8.98,0.108,0.3121,0.0,0.0,0,static
2024-11-14,1314,48812,ARLIVRY XAROPE CEREJA 100ML,0,2.5,9.0,21.9,8.98,0.108,0.3121,0.0,0.0,0,static
2024-11-15,1314,48812,ARLIVRY XAROPE CEREJA 100ML,0,2.5,9.0,21.9,8.98,0.0643,0.3121,0.0,0.0,0,static
2024-11-16,1314,48812,ARLIVRY XAROPE CEREJA 100ML,0,2.5,9.0,21.9,8.98,0.108,0.3121,0.0,0.0,0,static
2024-11-17,1314,48812,ARLIVRY XAROPE CEREJA 100ML,0,2.5,9.0,21.9,8.98,0.108,0.3121,0.0,0.0,0,static
2024-11-18,1314,48812,ARLIVRY XAROPE CEREJA 100ML,0,2.5,9.0,21.9,8.98,0.1518,0.3121,0.0,0.0,0,static
2024-11-19,1314,48812,ARLIVRY XAROPE CEREJA 100ML,0,2.5,9.0,21.9,8.98,0.0643,0.3121,0.0,0.0,0,static
2024-11-20,1314,48812,ARLIVRY XAROPE CEREJA 100ML,0,2.5,9.0,21.9,8.98,0.108,0.3121,0.0,0.0,0,static
2024-11-21,1314,48812,ARLIVRY XAROPE CEREJA 100ML,0,2.5,9.0,21.9,8.98,0.108,0.3121,0.0,0.0,0,static
2024-11-22,1314,48812,ARLIVRY XAROPE CEREJA 100ML,0,2.5,9.0,21.9,8.98,0.0643,0.3121,1.0,1.0,0,static
2024-11-23,1314,48812,ARLIVRY XAROPE CEREJA 100ML,0,2.5,9.0,21.9,8.98,0.108,0.3121,0.0,0.0,0,static
2024-11-24,1314,48812,ARLIVRY XAROPE CEREJA 100ML,0,2.5,9.0,21.9,8.98,0.108,0.3121,0.0,0.0,0,static
2024-11-25,1314,48812,ARLIVRY XAROPE CEREJA 100ML,0,2.5,9.0,21.9,8.98,0.1518,0.3121,0.0,0.0,0,static
2024-11-26,1314,48812,ARLIVRY XAROPE CEREJA 100ML,0,2.5,9.0,21.9,8.98,0.0643,0.3121,0.0,0.0,0,static
2024-11-27,1314,48812,ARLIVRY XAROPE CEREJA 100ML,0,2.5,9.0,21.9,8.98,0.108,0.3121,0.0,0.0,0,static
2024-11-28,1314,48812,ARLIVRY XAROPE CEREJA 100ML,0,2.5,9.0,21.9,8.98,0.108,0.3121,1.0,1.0,0,static
2024-11-29,1314,48812,ARLIVRY XAROPE CEREJA 100ML,0,2.5,9.0,21.9,8.98,0.0643,0.3121,0.0,0.0,0,static
2024-11-30,1314,48812,ARLIVRY XAROPE CEREJA 100ML,0,2.5,9.0,21.9,8.98,0.108,0.3121,0.0,0.0,0,static
2024-12-01,1314,48812,ARLIVRY XAROPE CEREJA 100ML,0,2.5,9.0,21.9,8.98,0.108,0.3121,0.0,0.0,0,static
2024-12-02,1314,48812,ARLIVRY XAROPE CEREJA 100ML,0,2.5,9.0,21.9,8.98,0.1518,0.3121,0.0,0.0,0,static
2024-12-03,1314,48812,ARLIVRY XAROPE CEREJA 100ML,0,2.5,9.0,21.9,8.98,0.0643,0.3121,0.0,0.0,0,static
2024-12-04,1314,48812,ARLIVRY XAROPE CEREJA 100ML,0,2.5,9.0,21.9,8.98,0.108,0.3121,0.0,0.0,0,static
2024-12-05,1314,48812,ARLIVRY XAROPE CEREJA 100ML,0,2.5,9.0,21.9,8.98,0.108,0.3121,0.0,0.0,0,static
2024-12-06,1314,48812,ARLIVRY XAROPE CEREJA 100ML,0,2.5,9.0,21.9,8.98,0.0643,0.3121,0.0,0.0,0,static
2024-12-07,1314,48812,ARLIVRY XAROPE CEREJA 100ML,0,2.5,9.0,21.9,8.98,0.108,0.3121,0.0,0.0,0,static
2024-12-08,1314,48812,ARLIVRY XAROPE CEREJA 100ML,0,2.5,9.0,21.9,8.98,0.108,0.3121,0.0,0.0,0,static
2024-12-09,1314,48812,ARLIVRY XAROPE CEREJA 100ML,0,2.5,9.0,21.9,8.98,0.1518,0.3121,0.0,0.0,0,static
2024-12-10,1314,48812,ARLIVRY XAROPE CEREJA 100ML,0,2.5,9.0,21.9,8.98,0.0643,0.3121,0.0,0.0,0,static
2024-12-11,1314,48812,ARLIVRY XAROPE CEREJA 100ML,0,2.5,9.0,21.9,8.98,0.108,0.3121,0.0,0.0,0,static
2024-12-12,1314,48812,ARLIVRY XAROPE CEREJA 100ML,0,2.5,9.0,21.9,8.98,0.108,0.3121,0.0,0.0,0,static
2024-12-13,1314,48812,ARLIVRY XAROPE CEREJA 100ML,0,2.5,9.0,21.9,8.98,0.0643,0.3121,0.0,0.0,0,static
2024-12-14,1314,48812,ARLIVRY XAROPE CEREJA 100ML,0,2.5,9.0,21.9,8.98,0.108,0.3121,0.0,0.0,0,static
2024-12-15,1314,48812,ARLIVRY XAROPE CEREJA 100ML,0,2.5,9.0,21.9,8.98,0.108,0.3121,0.0,0.0,0,static
2024-12-16,1314,48812,ARLIVRY XAROPE CEREJA 100ML,0,2.5,9.0,21.9,8.98,0.1518,0.3121,0.0,0.0,0,static
2024-12-17,1314,48812,ARLIVRY XAROPE CEREJA 100ML,0,2.5,9.0,21.9,8.98,0.0643,0.3121,0.0,0.0,0,static
2024-12-18,1314,48812,ARLIVRY XAROPE CEREJA 100ML,0,2.5,9.0,21.9,8.98,0.108,0.3121,0.0,0.0,0,static
2024-12-19,1314,48812,ARLIVRY XAROPE CEREJA 100ML,0,2.5,9.0,21.9,8.98,0.108,0.3121,0.0,0.0,0,static
2024-12-20,1314,48812,ARLIVRY XAROPE CEREJA 100ML,0,2.5,9.0,21.9,8.98,0.0643,0.3121,0.0,0.0,0,static
2024-12-21,1314,48812,ARLIVRY XAROPE CEREJA 100ML,0,2.5,9.0,21.9,8.98,0.108,0.3121,1.0,1.0,0,static
2024-12-22,1314,48812,ARLIVRY XAROPE CEREJA 100ML,0,2.5,9.0,21.9,8.98,0.108,0.3121,0.0,0.0,0,static
2024-12-23,1314,48812,ARLIVRY XAROPE CEREJA 100ML,0,2.5,9.0,21.9,8.98,0.1518,0.3121,0.0,0.0,0,static
2024-12-24,1314,48812,ARLIVRY XAROPE CEREJA 100ML,0,2.5,9.0,21.9,8.98,0.0643,0.3121,0.0,0.0,0,static
2024-12-25,1314,48812,ARLIVRY XAROPE CEREJA 100ML,0,2.5,9.0,21.9,8.98,0.108,0.3121,0.0,0.0,0,static
2024-12-26,1314,48812,ARLIVRY XAROPE CEREJA 100ML,0,2.5,9.0,21.9,8.98,0.108,0.3121,0.0,0.0,0,static
2024-12-27,1314,48812,ARLIVRY XAROPE CEREJA 100ML,0,2.5,9.0,21.9,8.98,0.0643,0.3121,0.0,0.0,0,static
2024-12-28,1314,48812,ARLIVRY XAROPE CEREJA 100ML,0,2.5,9.0,21.9,8.98,0.108,0.3121,0.0,0.0,0,static
2024-12-29,1314,48812,ARLIVRY XAROPE CEREJA 100ML,0,2.5,9.0,21.9,8.98,0.108,0.3121,0.0,0.0,0,static
2024-12-30,1314,48812,ARLIVRY XAROPE CEREJA 100ML,0,2.5,9.0,21.9,8.98,0.1518,0.3121,0.0,0.0,0,static
2024-12-31,1314,48812,ARLIVRY XAROPE CEREJA 100ML,0,2.5,9.0,21.9,8.98,0.0643,0.3121,0.0,0.0,0,static
2024-10-01,1314,48813,ARLIVRY XAROPE MEL 100ML,0,2.5,9.0,27.51,8.98,0.1204,0.3865,0.0,0.0,0,static
2024-10-02,1314,48813,ARLIVRY XAROPE MEL 100ML,0,2.5,9.0,27.51,8.98,0.1641,0.3865,0.0,0.0,0,static
2024-10-03,1314,48813,ARLIVRY XAROPE MEL 100ML,0,2.5,9.0,27.51,8.98,0.1204,0.3865,0.0,0.0,0,static
2024-10-04,1314,48813,ARLIVRY XAROPE MEL 100ML,0,2.5,9.0,27.51,8.98,0.1641,0.3865,0.0,0.0,0,static
2024-10-05,1314,48813,ARLIVRY XAROPE MEL 100ML,0,2.5,9.0,27.51,8.98,0.2079,0.3865,0.0,0.0,0,static
2024-10-06,1314,48813,ARLIVRY XAROPE MEL 100ML,0,2.5,9.0,27.51,8.98,0.2516,0.3865,0.0,0.0,0,static
2024-10-07,1314,48813,ARLIVRY XAROPE MEL 100ML,0,2.5,9.0,27.51,8.98,0.2516,0.3865,0.0,0.0,0,static
2024-10-08,1314,48813,ARLIVRY XAROPE MEL 100ML,0,2.5,9.0,27.51,8.98,0.1204,0.3865,0.0,0.0,0,static
2024-10-09,1314,48813,ARLIVRY XAROPE MEL 100ML,0,2.5,9.0,27.51,8.98,0.1641,0.3865,0.0,0.0,0,static
2024-10-10,1314,48813,ARLIVRY XAROPE MEL 100ML,0,2.5,9.0,27.51,8.98,0.1204,0.3865,0.0,0.0,0,static
2024-10-11,1314,48813,ARLIVRY XAROPE MEL 100ML,0,2.5,9.0,27.51,8.98,0.1641,0.3865,0.0,0.0,0,static
2024-10-12,1314,48813,ARLIVRY XAROPE MEL 100ML,0,2.5,9.0,27.51,8.98,0.1679,0.3865,0.0,0.0,0,static
2024-10-13,1314,48813,ARLIVRY XAROPE MEL 100ML,0,2.5,9.0,27.51,8.98,0.2116,0.3865,0.0,0.0,0,static
2024-10-14,1314,48813,ARLIVRY XAROPE MEL 100ML,0,2.5,9.0,27.51,8.98,0.2116,0.3865,0.0,0.0,0,static
2024-10-15,1314,48813,ARLIVRY XAROPE MEL 100ML,0,2.5,9.0,27.51,8.98,0.0804,0.3865,0.0,0.0,0,static
2024-10-16,1314,48813,ARLIVRY XAROPE MEL 100ML,0,2.5,9.0,27.51,8.98,0.1241,0.3865,0.0,0.0,0,static
2024-10-17,1314,48813,ARLIVRY XAROPE MEL 100ML,0,2.5,9.0,27.51,8.98,0.0804,0.3865,0.0,0.0,0,static
2024-10-18,1314,48813,ARLIVRY XAROPE MEL 100ML,0,2.5,9.0,27.51,8.98,0.1241,0.3865,0.0,0.0,0,static
2024-10-19,1314,48813,ARLIVRY XAROPE MEL 100ML,0,2.5,9.0,27.51,8.98,0.1679,0.3865,0.0,0.0,0,static
2024-10-20,1314,48813,ARLIVRY XAROPE MEL 100ML,0,2.5,9.0,27.51,8.98,0.2116,0.3865,0.0,0.0,0,static
2024-10-21,1314,48813,ARLIVRY XAROPE MEL 100ML,0,2.5,9.0,27.51,8.98,0.2116,0.3865,0.0,0.0,0,static
2024-10-22,1314,48813,ARLIVRY XAROPE MEL 100ML,0,2.5,9.0,27.51,8.98,0.0804,0.3865,0.0,0.0,0,static
2024-10-23,1314,48813,ARLIVRY XAROPE MEL 100ML,0,2.5,9.0,27.51,8.98,0.1241,0.3865,2.0,2.0,0,static
2024-10-24,1314,48813,ARLIVRY XAROPE MEL 100ML,0,2.5,9.0,27.51,8.98,0.0804,0.3865,0.0,0.0,0,static
2024-10-25,1314,48813,ARLIVRY XAROPE MEL 100ML,0,2.5,9.0,27.51,8.98,0.1241,0.3865,0.0,0.0,0,static
2024-10-26,1314,48813,ARLIVRY XAROPE MEL 100ML,0,2.5,9.0,27.51,8.98,0.1679,0.3865,0.0,0.0,0,static
2024-10-27,1314,48813,ARLIVRY XAROPE MEL 100ML,0,2.5,9.0,27.51,8.98,0.2116,0.3865,0.0,0.0,0,static
2024-10-28,1314,48813,ARLIVRY XAROPE MEL 100ML,0,2.5,9.0,27.51,8.98,0.2116,0.3865,0.0,0.0,0,static
2024-10-29,1314,48813,ARLIVRY XAROPE MEL 100ML,0,2.5,9.0,27.51,8.98,0.0804,0.3865,0.0,0.0,0,static
2024-10-30,1314,48813,ARLIVRY XAROPE MEL 100ML,0,2.5,9.0,27.51,8.98,0.1241,0.3865,0.0,0.0,0,static
2024-10-31,1314,48813,ARLIVRY XAROPE MEL 100ML,0,2.5,9.0,27.51,8.98,0.0804,0.3865,0.0,0.0,0,static
2024-11-01,1314,48813,ARLIVRY XAROPE MEL 100ML,0,2.5,9.0,27.51,8.98,0.1241,0.3865,0.0,0.0,0,static
2024-11-02,1314,48813,ARLIVRY XAROPE MEL 100ML,0,2.5,9.0,27.51,8.98,0.1679,0.3865,0.0,0.0,0,static
2024-11-03,1314,48813,ARLIVRY XAROPE MEL 100ML,0,2.5,9.0,27.51,8.98,0.2249,0.3865,0.0,0.0,0,static
2024-11-04,1314,48813,ARLIVRY XAROPE MEL 100ML,0,2.5,9.0,27.51,8.98,0.2249,0.3865,0.0,0.0,0,static
2024-11-05,1314,48813,ARLIVRY XAROPE MEL 100ML,0,2.5,9.0,27.51,8.98,0.0937,0.3865,0.0,0.0,0,static
2024-11-06,1314,48813,ARLIVRY XAROPE MEL 100ML,0,2.5,9.0,27.51,8.98,0.1374,0.3865,0.0,0.0,0,static
2024-11-07,1314,48813,ARLIVRY XAROPE MEL 100ML,0,2.5,9.0,27.51,8.98,0.0937,0.3865,0.0,0.0,0,static
2024-11-08,1314,48813,ARLIVRY XAROPE MEL 100ML,0,2.5,9.0,27.51,8.98,0.1374,0.3865,0.0,0.0,0,static
2024-11-09,1314,48813,ARLIVRY XAROPE MEL 100ML,0,2.5,9.0,27.51,8.98,0.1812,0.3865,0.0,0.0,0,static
2024-11-10,1314,48813,ARLIVRY XAROPE MEL 100ML,0,2.5,9.0,27.51,8.98,0.2249,0.3865,0.0,0.0,0,static
2024-11-11,1314,48813,ARLIVRY XAROPE MEL 100ML,0,2.5,9.0,27.51,8.98,0.2249,0.3865,0.0,0.0,0,static
2024-11-12,1314,48813,ARLIVRY XAROPE MEL 100ML,0,2.5,9.0,27.51,8.98,0.0937,0.3865,0.0,0.0,0,static
2024-11-13,1314,48813,ARLIVRY XAROPE MEL 100ML,0,2.5,9.0,27.51,8.98,0.1374,0.3865,0.0,0.0,0,static
2024-11-14,1314,48813,ARLIVRY XAROPE MEL 100ML,0,2.5,9.0,27.51,8.98,0.0937,0.3865,0.0,0.0,0,static
2024-11-15,1314,48813,ARLIVRY XAROPE MEL 100ML,0,2.5,9.0,27.51,8.98,0.1374,0.3865,0.0,0.0,0,static
2024-11-16,1314,48813,ARLIVRY XAROPE MEL 100ML,0,2.5,9.0,27.51,8.98,0.1812,0.3865,0.0,0.0,0,static
2024-11-17,1314,48813,ARLIVRY XAROPE MEL 100ML,0,2.5,9.0,27.51,8.98,0.2249,0.3865,1.0,1.0,0,static
2024-11-18,1314,48813,ARLIVRY XAROPE MEL 100ML,0,2.5,9.0,27.51,8.98,0.2116,0.3865,0.0,0.0,0,static
2024-11-19,1314,48813,ARLIVRY XAROPE MEL 100ML,0,2.5,9.0,27.51,8.98,0.0804,0.3865,0.0,0.0,0,static
2024-11-20,1314,48813,ARLIVRY XAROPE MEL 100ML,0,2.5,9.0,27.51,8.98,0.1241,0.3865,0.0,0.0,0,static
2024-11-21,1314,48813,ARLIVRY XAROPE MEL 100ML,0,2.5,9.0,27.51,8.98,0.0804,0.3865,0.0,0.0,0,static
2024-11-22,1314,48813,ARLIVRY XAROPE MEL 100ML,0,2.5,9.0,27.51,8.98,0.1241,0.3865,0.0,0.0,0,static
2024-11-23,1314,48813,ARLIVRY XAROPE MEL 100ML,0,2.5,9.0,27.51,8.98,0.1679,0.3865,0.0,0.0,0,static
2024-11-24,1314,48813,ARLIVRY XAROPE MEL 100ML,0,2.5,9.0,27.51,8.98,0.2116,0.3865,0.0,0.0,0,static
2024-11-25,1314,48813,ARLIVRY XAROPE MEL 100ML,0,2.5,9.0,27.51,8.98,0.2116,0.3865,0.0,0.0,0,static
2024-11-26,1314,48813,ARLIVRY XAROPE MEL 100ML,0,2.5,9.0,27.51,8.98,0.0804,0.3865,0.0,0.0,0,static
2024-11-27,1314,48813,ARLIVRY XAROPE MEL 100ML,0,2.5,9.0,27.51,8.98,0.1241,0.3865,0.0,0.0,0,static
2024-11-28,1314,48813,ARLIVRY XAROPE MEL 100ML,0,2.5,9.0,27.51,8.98,0.0804,0.3865,0.0,0.0,0,static
2024-11-29,1314,48813,ARLIVRY XAROPE MEL 100ML,0,2.5,9.0,27.51,8.98,0.1241,0.3865,0.0,0.0,0,static
2024-11-30,1314,48813,ARLIVRY XAROPE MEL 100ML,0,2.5,9.0,27.51,8.98,0.1679,0.3865,0.0,0.0,0,static
2024-12-01,1314,48813,ARLIVRY XAROPE MEL 100ML,0,2.5,9.0,27.51,8.98,0.2116,0.3865,0.0,0.0,0,static
2024-12-02,1314,48813,ARLIVRY XAROPE MEL 100ML,0,2.5,9.0,27.51,8.98,0.2116,0.3865,0.0,0.0,0,static
2024-12-03,1314,48813,ARLIVRY XAROPE MEL 100ML,0,2.5,9.0,27.51,8.98,0.0804,0.3865,1.0,1.0,0,static
2024-12-04,1314,48813,ARLIVRY XAROPE MEL 100ML,0,2.5,9.0,27.51,8.98,0.1241,0.3865,0.0,0.0,0,static
2024-12-05,1314,48813,ARLIVRY XAROPE MEL 100ML,0,2.5,9.0,27.51,8.98,0.0804,0.3865,0.0,0.0,0,static
2024-12-06,1314,48813,ARLIVRY XAROPE MEL 100ML,0,2.5,9.0,27.51,8.98,0.1241,0.3865,1.0,1.0,0,static
2024-12-07,1314,48813,ARLIVRY XAROPE MEL 100ML,0,2.5,9.0,27.51,8.98,0.1679,0.3865,0.0,0.0,0,static
2024-12-08,1314,48813,ARLIVRY XAROPE MEL 100ML,0,2.5,9.0,27.51,8.98,0.2116,0.3865,0.0,0.0,0,static
2024-12-09,1314,48813,ARLIVRY XAROPE MEL 100ML,0,2.5,9.0,27.51,8.98,0.2116,0.3865,0.0,0.0,0,static
2024-12-10,1314,48813,ARLIVRY XAROPE MEL 100ML,0,2.5,9.0,27.51,8.98,0.0804,0.3865,0.0,0.0,0,static
2024-12-11,1314,48813,ARLIVRY XAROPE MEL 100ML,0,2.5,9.0,27.51,8.98,0.1241,0.3865,0.0,0.0,0,static
2024-12-12,1314,48813,ARLIVRY XAROPE MEL 100ML,0,2.5,9.0,27.51,8.98,0.0804,0.3865,0.0,0.0,0,static
2024-12-13,1314,48813,ARLIVRY XAROPE MEL 100ML,0,2.5,9.0,27.51,8.98,0.1241,0.3865,0.0,0.0,0,static
2024-12-14,1314,48813,ARLIVRY XAROPE MEL 100ML,0,2.5,9.0,27.51,8.98,0.1679,0.3865,0.0,0.0,0,static
2024-12-15,1314,48813,ARLIVRY XAROPE MEL 100ML,0,2.5,9.0,27.51,8.98,0.2116,0.3865,0.0,0.0,0,static
2024-12-16,1314,48813,ARLIVRY XAROPE MEL 100ML,0,2.5,9.0,27.51,8.98,0.2116,0.3865,1.0,1.0,0,static
2024-12-17,1314,48813,ARLIVRY XAROPE MEL 100ML,0,2.5,9.0,27.51,8.98,0.0804,0.3865,0.0,0.0,0,static
2024-12-18,1314,48813,ARLIVRY XAROPE MEL 100ML,0,2.5,9.0,27.51,8.98,0.1241,0.3865,0.0,0.0,0,static
2024-12-19,1314,48813,ARLIVRY XAROPE MEL 100ML,0,2.5,9.0,27.51,8.98,0.0804,0.3865,0.0,0.0,0,static
2024-12-20,1314,48813,ARLIVRY XAROPE MEL 100ML,0,2.5,9.0,27.51,8.98,0.1241,0.3865,0.0,0.0,0,static
2024-12-21,1314,48813,ARLIVRY XAROPE MEL 100ML,0,2.5,9.0,27.51,8.98,0.1679,0.3865,0.0,0.0,0,static
2024-12-22,1314,48813,ARLIVRY XAROPE MEL 100ML,0,2.5,9.0,27.51,8.98,0.2116,0.3865,0.0,0.0,0,static
2024-12-23,1314,48813,ARLIVRY XAROPE MEL 100ML,0,2.5,9.0,27.51,8.98,0.2116,0.3865,0.0,0.0,0,static
2024-12-24,1314,48813,ARLIVRY XAROPE MEL 100ML,0,2.5,9.0,27.51,8.98,0.0937,0.3865,0.0,0.0,0,static
2024-12-25,1314,48813,ARLIVRY XAROPE MEL 100ML,0,2.5,9.0,27.51,8.98,0.1374,0.3865,0.0,0.0,0,static
2024-12-26,1314,48813,ARLIVRY XAROPE MEL 100ML,0,2.5,9.0,27.51,8.98,0.0937,0.3865,1.0,1.0,0,static
2024-12-27,1314,48813,ARLIVRY XAROPE MEL 100ML,0,2.5,9.0,27.51,8.98,0.1374,0.3865,0.0,0.0,0,static
2024-12-28,1314,48813,ARLIVRY XAROPE MEL 100ML,0,2.5,9.0,27.51,8.98,0.1812,0.3865,0.0,0.0,0,static
2024-12-29,1314,48813,ARLIVRY XAROPE MEL 100ML,0,2.5,9.0,27.51,8.98,0.2249,0.3865,0.0,0.0,0,static
2024-12-30,1314,48813,ARLIVRY XAROPE MEL 100ML,0,2.5,9.0,27.51,8.98,0.2249,0.3865,0.0,0.0,0,static
2024-12-31,1314,48813,ARLIVRY XAROPE MEL 100ML,0,2.5,9.0,27.51,8.98,0.0937,0.3865,0.0,0.0,0,static
2024-10-01,1314,51957,HEDERA CIMED 7MG 100ML,0,1.0,9.0,35.63,14.95,0.0,0.0,0.0,0.0,0,static
2024-10-02,1314,51957,HEDERA CIMED 7MG 100ML,0,1.0,9.0,35.63,14.95,0.0,0.0,0.0,0.0,0,static
2024-10-03,1314,51957,HEDERA CIMED 7MG 100ML,0,1.0,9.0,35.63,14.95,0.0,0.0,0.0,0.0,0,static
2024-10-04,1314,51957,HEDERA CIMED 7MG 100ML,0,1.0,9.0,35.63,14.95,0.0,0.0,0.0,0.0,0,static
2024-10-05,1314,51957,HEDERA CIMED 7MG 100ML,0,1.0,9.0,35.63,14.95,0.0,0.0,0.0,0.0,0,static
2024-10-06,1314,51957,HEDERA CIMED 7MG 100ML,0,1.0,9.0,35.63,14.95,0.0,0.0,0.0,0.0,0,static
2024-10-07,1314,51957,HEDERA CIMED 7MG 100ML,0,1.0,9.0,35.63,14.95,0.0,0.0,0.0,0.0,0,static
2024-10-08,1314,51957,HEDERA CIMED 7MG 100ML,0,1.0,9.0,35.63,14.95,0.0,0.0,0.0,0.0,0,static
2024-10-09,1314,51957,HEDERA CIMED 7MG 100ML,0,1.0,9.0,35.63,14.95,0.0,0.0,0.0,0.0,0,static
2024-10-10,1314,51957,HEDERA CIMED 7MG 100ML,0,1.0,9.0,35.63,14.95,0.0,0.0,0.0,0.0,0,static
2024-10-11,1314,51957,HEDERA CIMED 7MG 100ML,0,1.0,9.0,35.63,14.95,0.0,0.0,0.0,0.0,0,static
2024-10-12,1314,51957,HEDERA CIMED 7MG 100ML,0,1.0,9.0,35.63,14.95,0.0,0.0,0.0,0.0,0,static
2024-10-13,1314,51957,HEDERA CIMED 7MG 100ML,0,1.0,9.0,35.63,14.95,0.0,0.0,0.0,0.0,0,static
2024-10-14,1314,51957,HEDERA CIMED 7MG 100ML,0,1.0,9.0,35.63,14.95,0.0,0.0,0.0,0.0,0,static
2024-10-15,1314,51957,HEDERA CIMED 7MG 100ML,0,1.0,9.0,35.63,14.95,0.0,0.0,0.0,0.0,0,static
2024-10-16,1314,51957,HEDERA CIMED 7MG 100ML,0,1.0,9.0,35.63,14.95,0.0,0.0,1.0,1.0,0,static
2024-10-17,1314,51957,HEDERA CIMED 7MG 100ML,0,1.0,9.0,35.63,14.95,0.0,0.0,0.0,0.0,1,static
2024-10-18,1314,51957,HEDERA CIMED 7MG 100ML,0,1.0,9.0,35.63,14.95,0.0,0.0,0.0,0.0,1,static
2024-10-19,1314,51957,HEDERA CIMED 7MG 100ML,0,1.0,9.0,35.63,14.95,0.04,0.0,0.0,0.0,1,static
2024-10-20,1314,51957,HEDERA CIMED 7MG 100ML,0,1.0,9.0,35.63,14.95,0.04,0.0,0.0,0.0,0,static
2024-10-21,1314,51957,HEDERA CIMED 7MG 100ML,0,1.0,9.0,35.63,14.95,0.04,0.0,0.0,0.0,1,static
2024-10-22,1314,51957,HEDERA CIMED 7MG 100ML,0,1.0,9.0,35.63,14.95,0.04,0.0,0.0,0.0,0,static
2024-10-23,1314,51957,HEDERA CIMED 7MG 100ML,0,1.0,9.0,35.63,14.95,0.04,0.0,0.0,0.0,0,static
2024-10-24,1314,51957,HEDERA CIMED 7MG 100ML,0,1.0,9.0,35.63,14.95,0.04,0.0,0.0,0.0,0,static
2024-10-25,1314,51957,HEDERA CIMED 7MG 100ML,0,1.0,9.0,35.63,14.95,0.04,0.0,0.0,0.0,0,static
2024-10-26,1314,51957,HEDERA CIMED 7MG 100ML,0,1.0,9.0,35.63,14.95,0.04,0.0,0.0,0.0,0,static
2024-10-27,1314,51957,HEDERA CIMED 7MG 100ML,0,1.0,9.0,35.63,14.95,0.04,0.0,0.0,0.0,0,static
2024-10-28,1314,51957,HEDERA CIMED 7MG 100ML,0,1.0,9.0,35.63,14.95,0.04,0.0,0.0,0.0,0,static
2024-10-29,1314,51957,HEDERA CIMED 7MG 100ML,0,1.0,9.0,35.63,14.95,0.04,0.0,0.0,0.0,0,static
2024-10-30,1314,51957,HEDERA CIMED 7MG 100ML,0,1.0,9.0,35.63,14.95,0.04,0.0,0.0,0.0,0,static
2024-10-31,1314,51957,HEDERA CIMED 7MG 100ML,0,1.0,9.0,35.63,14.95,0.04,0.0,0.0,0.0,0,static
2024-11-01,1314,51957,HEDERA CIMED 7MG 100ML,0,1.0,9.0,35.63,14.95,0.04,0.0,0.0,0.0,0,static
2024-11-02,1314,51957,HEDERA CIMED 7MG 100ML,0,1.0,9.0,35.63,14.95,0.04,0.0,0.0,0.0,0,static
2024-11-03,1314,51957,HEDERA CIMED 7MG 100ML,0,1.0,9.0,35.63,14.95,0.0,0.0,0.0,0.0,0,static
2024-11-04,1314,51957,HEDERA CIMED 7MG 100ML,0,1.0,9.0,35.63,14.95,0.0,0.0,0.0,0.0,0,static
2024-11-05,1314,51957,HEDERA CIMED 7MG 100ML,0,1.0,9.0,35.63,14.95,0.0,0.0,0.0,0.0,0,static
2024-11-06,1314,51957,HEDERA CIMED 7MG 100ML,0,1.0,9.0,35.63,14.95,0.0,0.0,0.0,0.0,0,static
2024-11-07,1314,51957,HEDERA CIMED 7MG 100ML,0,1.0,9.0,35.63,14.95,0.0,0.0,0.0,0.0,0,static
2024-11-08,1314,51957,HEDERA CIMED 7MG 100ML,0,1.0,9.0,35.63,14.95,0.0,0.0,0.0,0.0,0,static
2024-11-09,1314,51957,HEDERA CIMED 7MG 100ML,0,1.0,9.0,35.63,14.95,0.0,0.0,0.0,0.0,0,static
2024-11-10,1314,51957,HEDERA CIMED 7MG 100ML,0,1.0,9.0,35.63,14.95,0.0,0.0,0.0,0.0,0,static
2024-11-11,1314,51957,HEDERA CIMED 7MG 100ML,0,1.0,9.0,35.63,14.95,0.0,0.0,0.0,0.0,0,static
2024-11-12,1314,51957,HEDERA CIMED 7MG 100ML,0,1.0,9.0,35.63,14.95,0.0,0.0,0.0,0.0,0,static
2024-11-13,1314,51957,HEDERA CIMED 7MG 100ML,0,1.0,9.0,35.63,14.95,0.0,0.0,0.0,0.0,0,static
2024-11-14,1314,51957,HEDERA CIMED 7MG 100ML,0,1.0,9.0,35.63,14.95,0.0,0.0,0.0,0.0,0,static
2024-11-15,1314,51957,HEDERA CIMED 7MG 100ML,0,1.0,9.0,35.63,14.95,0.0,0.0,0.0,0.0,0,static
2024-11-16,1314,51957,HEDERA CIMED 7MG 100ML,0,1.0,9.0,35.63,14.95,0.0,0.0,0.0,0.0,0,static
2024-11-17,1314,51957,HEDERA CIMED 7MG 100ML,0,1.0,9.0,35.63,14.95,0.0,0.0,0.0,0.0,0,static
2024-11-18,1314,51957,HEDERA CIMED 7MG 100ML,0,1.0,9.0,35.63,14.95,0.0,0.0,0.0,0.0,0,static
2024-11-19,1314,51957,HEDERA CIMED 7MG 100ML,0,1.0,9.0,35.63,14.95,0.0,0.0,0.0,0.0,0,static
2024-11-20,1314,51957,HEDERA CIMED 7MG 100ML,0,1.0,9.0,35.63,14.95,0.0,0.0,0.0,0.0,0,static
2024-11-21,1314,51957,HEDERA CIMED 7MG 100ML,0,1.0,9.0,35.63,14.95,0.0,0.0,0.0,0.0,0,static
2024-11-22,1314,51957,HEDERA CIMED 7MG 100ML,0,1.0,9.0,35.63,14.95,0.0,0.0,0.0,0.0,0,static
2024-11-23,1314,51957,HEDERA CIMED 7MG 100ML,0,1.0,9.0,35.63,14.95,0.0,0.0,0.0,0.0,0,static
2024-11-24,1314,51957,HEDERA CIMED 7MG 100ML,0,1.0,9.0,35.63,14.95,0.0,0.0,0.0,0.0,0,static
2024-11-25,1314,51957,HEDERA CIMED 7MG 100ML,0,1.0,9.0,35.63,14.95,0.0,0.0,0.0,0.0,0,static
2024-11-26,1314,51957,HEDERA CIMED 7MG 100ML,0,1.0,9.0,35.63,14.95,0.0,0.0,0.0,0.0,0,static
2024-11-27,1314,51957,HEDERA CIMED 7MG 100ML,0,1.0,9.0,35.63,14.95,0.0,0.0,0.0,0.0,0,static
2024-11-28,1314,51957,HEDERA CIMED 7MG 100ML,0,1.0,9.0,35.63,14.95,0.0,0.0,0.0,0.0,0,static
2024-11-29,1314,51957,HEDERA CIMED 7MG 100ML,0,1.0,9.0,35.63,14.95,0.0,0.0,0.0,0.0,0,static
2024-11-30,1314,51957,HEDERA CIMED 7MG 100ML,0,1.0,9.0,35.63,14.95,0.0,0.0,0.0,0.0,0,static
2024-12-01,1314,51957,HEDERA CIMED 7MG 100ML,0,1.0,9.0,35.63,14.95,0.0,0.0,0.0,0.0,0,static
2024-12-02,1314,51957,HEDERA CIMED 7MG 100ML,0,1.0,9.0,35.63,14.95,0.0,0.0,0.0,0.0,0,static
2024-12-03,1314,51957,HEDERA CIMED 7MG 100ML,0,1.0,9.0,35.63,14.95,0.0,0.0,0.0,0.0,0,static
2024-12-04,1314,51957,HEDERA CIMED 7MG 100ML,0,1.0,9.0,35.63,14.95,0.0,0.0,0.0,0.0,0,static
2024-12-05,1314,51957,HEDERA CIMED 7MG 100ML,0,1.0,9.0,35.63,14.95,0.0,0.0,0.0,0.0,0,static
2024-12-06,1314,51957,HEDERA CIMED 7MG 100ML,0,1.0,9.0,35.63,14.95,0.0,0.0,0.0,0.0,0,static
2024-12-07,1314,51957,HEDERA CIMED 7MG 100ML,0,1.0,9.0,35.63,14.95,0.0,0.0,0.0,0.0,0,static
2024-12-08,1314,51957,HEDERA CIMED 7MG 100ML,0,1.0,9.0,35.63,14.95,0.0,0.0,0.0,0.0,0,static
2024-12-09,1314,51957,HEDERA CIMED 7MG 100ML,0,1.0,9.0,35.63,14.95,0.0,0.0,0.0,0.0,0,static
2024-12-10,1314,51957,HEDERA CIMED 7MG 100ML,0,1.0,9.0,35.63,14.95,0.0,0.0,0.0,0.0,0,static
2024-12-11,1314,51957,HEDERA CIMED 7MG 100ML,0,1.0,9.0,35.63,14.95,0.0,0.0,0.0,0.0,0,static
2024-12-12,1314,51957,HEDERA CIMED 7MG 100ML,0,1.0,9.0,35.63,14.95,0.0,0.0,0.0,0.0,0,static
2024-12-13,1314,51957,HEDERA CIMED 7MG 100ML,0,1.0,9.0,35.63,14.95,0.0,0.0,0.0,0.0,0,static
2024-12-14,1314,51957,HEDERA CIMED 7MG 100ML,0,1.0,9.0,35.63,14.95,0.0,0.0,0.0,0.0,0,static
2024-12-15,1314,51957,HEDERA CIMED 7MG 100ML,0,1.0,9.0,35.63,14.95,0.0,0.0,0.0,0.0,0,static
2024-12-16,1314,51957,HEDERA CIMED 7MG 100ML,0,1.0,9.0,35.63,14.95,0.0,0.0,0.0,0.0,0,static
2024-12-17,1314,51957,HEDERA CIMED 7MG 100ML,0,1.0,9.0,35.63,14.95,0.0,0.0,0.0,0.0,0,static
2024-12-18,1314,51957,HEDERA CIMED 7MG 100ML,0,1.0,9.0,35.63,14.95,0.0,0.0,0.0,0.0,0,static
2024-12-19,1314,51957,HEDERA CIMED 7MG 100ML,0,1.0,9.0,35.63,14.95,0.0,0.0,0.0,0.0,0,static
2024-12-20,1314,51957,HEDERA CIMED 7MG 100ML,0,1.0,9.0,35.63,14.95,0.0,0.0,0.0,0.0,0,static
2024-12-21,1314,51957,HEDERA CIMED 7MG 100ML,0,1.0,9.0,35.63,14.95,0.0,0.0,0.0,0.0,0,static
2024-12-22,1314,51957,HEDERA CIMED 7MG 100ML,0,1.0,9.0,35.63,14.95,0.0,0.0,0.0,0.0,0,static
2024-12-23,1314,51957,HEDERA CIMED 7MG 100ML,0,1.0,9.0,35.63,14.95,0.0,0.0,0.0,0.0,0,static
2024-12-24,1314,51957,HEDERA CIMED 7MG 100ML,0,1.0,9.0,35.63,14.95,0.0,0.0,0.0,0.0,0,static
2024-12-25,1314,51957,HEDERA CIMED 7MG 100ML,0,1.0,9.0,35.63,14.95,0.0,0.0,0.0,0.0,0,static
2024-12-26,1314,51957,HEDERA CIMED 7MG 100ML,0,1.0,9.0,35.63,14.95,0.0,0.0,0.0,0.0,0,static
2024-12-27,1314,51957,HEDERA CIMED 7MG 100ML,0,1.0,9.0,35.63,14.95,0.0133,0.0,0.0,0.0,0,static
2024-12-28,1314,51957,HEDERA CIMED 7MG 100ML,0,1.0,9.0,35.63,14.95,0.0133,0.0,0.0,0.0,0,static
2024-12-29,1314,51957,HEDERA CIMED 7MG 100ML,0,1.0,9.0,35.63,14.95,0.0133,0.0,0.0,0.0,0,static
2024-12-30,1314,51957,HEDERA CIMED 7MG 100ML,0,1.0,9.0,35.63,14.95,0.0133,0.0,0.0,0.0,0,static
2024-12-31,1314,51957,HEDERA CIMED 7MG 100ML,0,1.0,9.0,35.63,14.95,0.0133,0.0,0.0,0.0,0,static
2024-10-01,1314,5345,NARIDRIN ADULTO 15ML,0,1.0,9.0,17.68,8.94,0.1614,0.4168,1.0,1.0,0,static
2024-10-02,1314,5345,NARIDRIN ADULTO 15ML,0,1.0,9.0,17.68,8.94,0.2451,0.4168,0.0,0.0,0,static
2024-10-03,1314,5345,NARIDRIN ADULTO 15ML,0,1.0,9.0,17.68,8.94,0.2451,0.4168,0.0,0.0,0,static
2024-10-04,1314,5345,NARIDRIN ADULTO 15ML,0,1.0,9.0,17.68,8.94,0.2014,0.4168,0.0,0.0,0,static
2024-10-05,1314,5345,NARIDRIN ADULTO 15ML,0,1.0,9.0,17.68,8.94,0.2451,0.4168,0.0,0.0,0,static
2024-10-06,1314,5345,NARIDRIN ADULTO 15ML,0,1.0,9.0,17.68,8.94,0.2947,0.4168,0.0,0.0,0,static
2024-10-07,1314,5345,NARIDRIN ADULTO 15ML,0,1.0,9.0,17.68,8.94,0.2243,0.4168,1.0,1.0,0,static
2024-10-08,1314,5345,NARIDRIN ADULTO 15ML,0,1.0,9.0,17.68,8.94,0.268,0.4168,0.0,0.0,0,static
2024-10-09,1314,5345,NARIDRIN ADULTO 15ML,0,1.0,9.0,17.68,8.94,0.3118,0.4168,0.0,0.0,0,static
2024-10-10,1314,5345,NARIDRIN ADULTO 15ML,0,1.0,9.0,17.68,8.94,0.3118,0.4168,0.0,0.0,0,static
2024-10-11,1314,5345,NARIDRIN ADULTO 15ML,0,1.0,9.0,17.68,8.94,0.308,0.4168,0.0,0.0,0,static
2024-10-12,1314,5345,NARIDRIN ADULTO 15ML,0,1.0,9.0,17.68,8.94,0.3518,0.4168,0.0,0.0,0,static
2024-10-13,1314,5345,NARIDRIN ADULTO 15ML,0,1.0,9.0,17.68,8.94,0.308,0.4168,0.0,0.0,0,static
2024-10-14,1314,5345,NARIDRIN ADULTO 15ML,0,1.0,9.0,17.68,8.94,0.2643,0.4168,0.0,0.0,0,static
2024-10-15,1314,5345,NARIDRIN ADULTO 15ML,0,1.0,9.0,17.68,8.94,0.348,0.4168,0.0,0.0,0,static
2024-10-16,1314,5345,NARIDRIN ADULTO 15ML,0,1.0,9.0,17.68,8.94,0.3918,0.4168,0.0,0.0,0,static
2024-10-17,1314,5345,NARIDRIN ADULTO 15ML,0,1.0,9.0,17.68,8.94,0.3518,0.4168,1.0,1.0,0,static
2024-10-18,1314,5345,NARIDRIN ADULTO 15ML,0,1.0,9.0,17.68,8.94,0.308,0.4168,0.0,0.0,0,static
2024-10-19,1314,5345,NARIDRIN ADULTO 15ML,0,1.0,9.0,17.68,8.94,0.3518,0.4168,0.0,0.0,0,static
2024-10-20,1314,5345,NARIDRIN ADULTO 15ML,0,1.0,9.0,17.68,8.94,0.308,0.4168,0.0,0.0,0,static
2024-10-21,1314,5345,NARIDRIN ADULTO 15ML,0,1.0,9.0,17.68,8.94,0.1443,0.4168,0.0,0.0,0,static
2024-10-22,1314,5345,NARIDRIN ADULTO 15ML,0,1.0,9.0,17.68,8.94,0.188,0.4168,0.0,0.0,0,static
2024-10-23,1314,5345,NARIDRIN ADULTO 15ML,0,1.0,9.0,17.68,8.94,0.2718,0.4168,0.0,0.0,0,static
2024-10-24,1314,5345,NARIDRIN ADULTO 15ML,0,1.0,9.0,17.68,8.94,0.2718,0.4168,0.0,0.0,0,static
2024-10-25,1314,5345,NARIDRIN ADULTO 15ML,0,1.0,9.0,17.68,8.94,0.228,0.4168,0.0,0.0,0,static
2024-10-26,1314,5345,NARIDRIN ADULTO 15ML,0,1.0,9.0,17.68,8.94,0.2318,0.4168,0.0,0.0,0,static
2024-10-27,1314,5345,NARIDRIN ADULTO 15ML,0,1.0,9.0,17.68,8.94,0.188,0.4168,1.0,1.0,0,static
2024-10-28,1314,5345,NARIDRIN ADULTO 15ML,0,1.0,9.0,17.68,8.94,0.1576,0.4168,0.0,0.0,0,static
2024-10-29,1314,5345,NARIDRIN ADULTO 15ML,0,1.0,9.0,17.68,8.94,0.2014,0.4168,0.0,0.0,0,static
2024-10-30,1314,5345,NARIDRIN ADULTO 15ML,0,1.0,9.0,17.68,8.94,0.2185,0.4168,0.0,0.0,0,static
2024-10-31,1314,5345,NARIDRIN ADULTO 15ML,0,1.0,9.0,17.68,8.94,0.2185,0.4168,0.0,0.0,0,static
2024-11-01,1314,5345,NARIDRIN ADULTO 15ML,0,1.0,9.0,17.68,8.94,0.1747,0.4168,0.0,0.0,0,static
2024-11-02,1314,5345,NARIDRIN ADULTO 15ML,0,1.0,9.0,17.68,8.94,0.2318,0.4168,0.0,0.0,0,static
2024-11-03,1314,5345,NARIDRIN ADULTO 15ML,0,1.0,9.0,17.68,8.94,0.188,0.4168,0.0,0.0,0,static
2024-11-04,1314,5345,NARIDRIN ADULTO 15ML,0,1.0,9.0,17.68,8.94,0.1443,0.4168,0.0,0.0,0,static
2024-11-05,1314,5345,NARIDRIN ADULTO 15ML,0,1.0,9.0,17.68,8.94,0.2014,0.4168,0.0,0.0,0,static
2024-11-06,1314,5345,NARIDRIN ADULTO 15ML,0,1.0,9.0,17.68,8.94,0.2451,0.4168,0.0,0.0,0,static
2024-11-07,1314,5345,NARIDRIN ADULTO 15ML,0,1.0,9.0,17.68,8.94,0.2051,0.4168,0.0,0.0,0,static
2024-11-08,1314,5345,NARIDRIN ADULTO 15ML,0,1.0,9.0,17.68,8.94,0.1747,0.4168,0.0,0.0,0,static
2024-11-09,1314,5345,NARIDRIN ADULTO 15ML,0,1.0,9.0,17.68,8.94,0.2185,0.4168,0.0,0.0,0,static
2024-11-10,1314,5345,NARIDRIN ADULTO 15ML,0,1.0,9.0,17.68,8.94,0.1747,0.4168,0.0,0.0,0,static
2024-11-11,1314,5345,NARIDRIN ADULTO 15ML,0,1.0,9.0,17.68,8.94,0.131,0.4168,0.0,0.0,0,static
2024-11-12,1314,5345,NARIDRIN ADULTO 15ML,0,1.0,9.0,17.68,8.94,0.1614,0.4168,1.0,1.0,0,static
2024-11-13,1314,5345,NARIDRIN ADULTO 15ML,0,1.0,9.0,17.68,8.94,0.2051,0.4168,0.0,0.0,0,static
2024-11-14,1314,5345,NARIDRIN ADULTO 15ML,0,1.0,9.0,17.68,8.94,0.1918,0.4168,0.0,0.0,0,static
2024-11-15,1314,5345,NARIDRIN ADULTO 15ML,0,1.0,9.0,17.68,8.94,0.148,0.4168,0.0,0.0,0,static
2024-11-16,1314,5345,NARIDRIN ADULTO 15ML,0,1.0,9.0,17.68,8.94,0.1918,0.4168,0.0,0.0,0,static
2024-11-17,1314,5345,NARIDRIN ADULTO 15ML,0,1.0,9.0,17.68,8.94,0.1347,0.4168,0.0,0.0,0,static
2024-11-18,1314,5345,NARIDRIN ADULTO 15ML,0,1.0,9.0,17.68,8.94,0.1176,0.4168,0.0,0.0,0,static
2024-11-19,1314,5345,NARIDRIN ADULTO 15ML,0,1.0,9.0,17.68,8.94,0.1614,0.4168,0.0,0.0,0,static
2024-11-20,1314,5345,NARIDRIN ADULTO 15ML,0,1.0,9.0,17.68,8.94,0.1918,0.4168,0.0,0.0,0,static
2024-11-21,1314,5345,NARIDRIN ADULTO 15ML,0,1.0,9.0,17.68,8.94,0.2051,0.4168,0.0,0.0,0,static
2024-11-22,1314,5345,NARIDRIN ADULTO 15ML,0,1.0,9.0,17.68,8.94,0.1614,0.4168,0.0,0.0,0,static
2024-11-23,1314,5345,NARIDRIN ADULTO 15ML,0,1.0,9.0,17.68,8.94,0.1918,0.4168,0.0,0.0,0,static
2024-11-24,1314,5345,NARIDRIN ADULTO 15ML,0,1.0,9.0,17.68,8.94,0.148,0.4168,0.0,0.0,0,static
2024-11-25,1314,5345,NARIDRIN ADULTO 15ML,0,1.0,9.0,17.68,8.94,0.1043,0.4168,0.0,0.0,0,static
2024-11-26,1314,5345,NARIDRIN ADULTO 15ML,0,1.0,9.0,17.68,8.94,0.148,0.4168,0.0,0.0,0,static
2024-11-27,1314,5345,NARIDRIN ADULTO 15ML,0,1.0,9.0,17.68,8.94,0.1918,0.4168,0.0,0.0,0,static
2024-11-28,1314,5345,NARIDRIN ADULTO 15ML,0,1.0,9.0,17.68,8.94,0.2051,0.4168,0.0,0.0,0,static
2024-11-29,1314,5345,NARIDRIN ADULTO 15ML,0,1.0,9.0,17.68,8.94,0.1614,0.4168,0.0,0.0,0,static
2024-11-30,1314,5345,NARIDRIN ADULTO 15ML,0,1.0,9.0,17.68,8.94,0.2185,0.4168,0.0,0.0,0,static
2024-12-01,1314,5345,NARIDRIN ADULTO 15ML,0,1.0,9.0,17.68,8.94,0.1747,0.4168,0.0,0.0,0,static
2024-12-02,1314,5345,NARIDRIN ADULTO 15ML,0,1.0,9.0,17.68,8.94,0.131,0.4168,0.0,0.0,0,static
2024-12-03,1314,5345,NARIDRIN ADULTO 15ML,0,1.0,9.0,17.68,8.94,0.148,0.4168,0.0,0.0,0,static
2024-12-04,1314,5345,NARIDRIN ADULTO 15ML,0,1.0,9.0,17.68,8.94,0.1918,0.4168,0.0,0.0,0,static
2024-12-05,1314,5345,NARIDRIN ADULTO 15ML,0,1.0,9.0,17.68,8.94,0.1918,0.4168,0.0,0.0,0,static
2024-12-06,1314,5345,NARIDRIN ADULTO 15ML,0,1.0,9.0,17.68,8.94,0.1347,0.4168,0.0,0.0,0,static
2024-12-07,1314,5345,NARIDRIN ADULTO 15ML,0,1.0,9.0,17.68,8.94,0.1785,0.4168,0.0,0.0,0,static
2024-12-08,1314,5345,NARIDRIN ADULTO 15ML,0,1.0,9.0,17.68,8.94,0.1347,0.4168,3.0,3.0,0,static
2024-12-09,1314,5345,NARIDRIN ADULTO 15ML,0,1.0,9.0,17.68,8.94,0.091,0.4168,0.0,0.0,0,static
2024-12-10,1314,5345,NARIDRIN ADULTO 15ML,0,1.0,9.0,17.68,8.94,0.148,0.4168,0.0,0.0,0,static
2024-12-11,1314,5345,NARIDRIN ADULTO 15ML,0,1.0,9.0,17.68,8.94,0.2051,0.4168,0.0,0.0,0,static
2024-12-12,1314,5345,NARIDRIN ADULTO 15ML,0,1.0,9.0,17.68,8.94,0.2051,0.4168,0.0,0.0,0,static
2024-12-13,1314,5345,NARIDRIN ADULTO 15ML,0,1.0,9.0,17.68,8.94,0.148,0.4168,0.0,0.0,0,static
2024-12-14,1314,5345,NARIDRIN ADULTO 15ML,0,1.0,9.0,17.68,8.94,0.1918,0.4168,0.0,0.0,0,static
2024-12-15,1314,5345,NARIDRIN ADULTO 15ML,0,1.0,9.0,17.68,8.94,0.1347,0.4168,0.0,0.0,0,static
2024-12-16,1314,5345,NARIDRIN ADULTO 15ML,0,1.0,9.0,17.68,8.94,0.091,0.4168,0.0,0.0,0,static
2024-12-17,1314,5345,NARIDRIN ADULTO 15ML,0,1.0,9.0,17.68,8.94,0.1347,0.4168,0.0,0.0,0,static
2024-12-18,1314,5345,NARIDRIN ADULTO 15ML,0,1.0,9.0,17.68,8.94,0.1785,0.4168,0.0,0.0,0,static
2024-12-19,1314,5345,NARIDRIN ADULTO 15ML,0,1.0,9.0,17.68,8.94,0.1785,0.4168,0.0,0.0,0,static
2024-12-20,1314,5345,NARIDRIN ADULTO 15ML,0,1.0,9.0,17.68,8.94,0.1347,0.4168,0.0,0.0,0,static
2024-12-21,1314,5345,NARIDRIN ADULTO 15ML,0,1.0,9.0,17.68,8.94,0.1785,0.4168,0.0,0.0,0,static
2024-12-22,1314,5345,NARIDRIN ADULTO 15ML,0,1.0,9.0,17.68,8.94,0.1347,0.4168,1.0,1.0,0,static
2024-12-23,1314,5345,NARIDRIN ADULTO 15ML,0,1.0,9.0,17.68,8.94,0.091,0.4168,0.0,0.0,0,static
2024-12-24,1314,5345,NARIDRIN ADULTO 15ML,0,1.0,9.0,17.68,8.94,0.1347,0.4168,0.0,0.0,0,static
2024-12-25,1314,5345,NARIDRIN ADULTO 15ML,0,1.0,9.0,17.68,8.94,0.1651,0.4168,0.0,0.0,0,static
2024-12-26,1314,5345,NARIDRIN ADULTO 15ML,0,1.0,9.0,17.68,8.94,0.1518,0.4168,0.0,0.0,0,static
2024-12-27,1314,5345,NARIDRIN ADULTO 15ML,0,1.0,9.0,17.68,8.94,0.108,0.4168,0.0,0.0,0,static
2024-12-28,1314,5345,NARIDRIN ADULTO 15ML,0,1.0,9.0,17.68,8.94,0.1518,0.4168,0.0,0.0,0,static
2024-12-29,1314,5345,NARIDRIN ADULTO 15ML,0,1.0,9.0,17.68,8.94,0.108,0.4168,0.0,0.0,0,static
2024-12-30,1314,5345,NARIDRIN ADULTO 15ML,0,1.0,9.0,17.68,8.94,0.0643,0.4168,0.0,0.0,0,static
2024-12-31,1314,5345,NARIDRIN ADULTO 15ML,0,1.0,9.0,17.68,8.94,0.108,0.4168,2.0,2.0,0,static
2024-10-01,1314,54554,ALOFF XPE 60ML,0,2.5,9.0,33.04,30.79,0.0,0.0,0.0,0.0,0,static
2024-10-02,1314,54554,ALOFF XPE 60ML,0,2.5,9.0,33.04,30.79,0.0,0.0,0.0,0.0,0,static
2024-10-03,1314,54554,ALOFF XPE 60ML,0,2.5,9.0,33.04,30.79,0.0,0.0,0.0,0.0,0,static
2024-10-04,1314,54554,ALOFF XPE 60ML,0,2.5,9.0,33.04,30.79,0.0,0.0,0.0,0.0,0,static
2024-10-05,1314,54554,ALOFF XPE 60ML,0,2.5,9.0,33.04,30.79,0.0,0.0,0.0,0.0,0,static
2024-10-06,1314,54554,ALOFF XPE 60ML,0,2.5,9.0,33.04,30.79,0.0,0.0,0.0,0.0,0,static
2024-10-07,1314,54554,ALOFF XPE 60ML,0,2.5,9.0,33.04,30.79,0.0,0.0,0.0,0.0,0,static
2024-10-08,1314,54554,ALOFF XPE 60ML,0,2.5,9.0,33.04,30.79,0.0,0.0,0.0,0.0,0,static
2024-10-09,1314,54554,ALOFF XPE 60ML,0,2.5,9.0,33.04,30.79,0.0,0.0,0.0,0.0,0,static
2024-10-10,1314,54554,ALOFF XPE 60ML,0,2.5,9.0,33.04,30.79,0.0,0.0,0.0,0.0,0,static
2024-10-11,1314,54554,ALOFF XPE 60ML,0,2.5,9.0,33.04,30.79,0.0,0.0,0.0,0.0,0,static
2024-10-12,1314,54554,ALOFF XPE 60ML,0,2.5,9.0,33.04,30.79,0.0,0.0,0.0,0.0,0,static
2024-10-13,1314,54554,ALOFF XPE 60ML,0,2.5,9.0,33.04,30.79,0.0,0.0,0.0,0.0,0,static
2024-10-14,1314,54554,ALOFF XPE 60ML,0,2.5,9.0,33.04,30.79,0.0,0.0,0.0,0.0,0,static
2024-10-15,1314,54554,ALOFF XPE 60ML,0,2.5,9.0,33.04,30.79,0.0,0.0,0.0,0.0,0,static
2024-10-16,1314,54554,ALOFF XPE 60ML,0,2.5,9.0,33.04,30.79,0.0,0.0,0.0,0.0,0,static
2024-10-17,1314,54554,ALOFF XPE 60ML,0,2.5,9.0,33.04,30.79,0.0,0.0,0.0,0.0,0,static
2024-10-18,1314,54554,ALOFF XPE 60ML,0,2.5,9.0,33.04,30.79,0.0,0.0,0.0,0.0,0,static
2024-10-19,1314,54554,ALOFF XPE 60ML,0,2.5,9.0,33.04,30.79,0.0,0.0,0.0,0.0,0,static
2024-10-20,1314,54554,ALOFF XPE 60ML,0,2.5,9.0,33.04,30.79,0.0,0.0,0.0,0.0,0,static
2024-10-21,1314,54554,ALOFF XPE 60ML,0,2.5,9.0,33.04,30.79,0.0,0.0,0.0,0.0,0,static
2024-10-22,1314,54554,ALOFF XPE 60ML,0,2.5,9.0,33.04,30.79,0.0,0.0,0.0,0.0,0,static
2024-10-23,1314,54554,ALOFF XPE 60ML,0,2.5,9.0,33.04,30.79,0.0,0.0,0.0,0.0,0,static
2024-10-24,1314,54554,ALOFF XPE 60ML,0,2.5,9.0,33.04,30.79,0.0,0.0,0.0,0.0,0,static
2024-10-25,1314,54554,ALOFF XPE 60ML,0,2.5,9.0,33.04,30.79,0.0,0.0,0.0,0.0,0,static
2024-10-26,1314,54554,ALOFF XPE 60ML,0,2.5,9.0,33.04,30.79,0.0,0.0,0.0,0.0,0,static
2024-10-27,1314,54554,ALOFF XPE 60ML,0,2.5,9.0,33.04,30.79,0.0,0.0,0.0,0.0,0,static
2024-10-28,1314,54554,ALOFF XPE 60ML,0,2.5,9.0,33.04,30.79,0.0,0.0,0.0,0.0,0,static
2024-10-29,1314,54554,ALOFF XPE 60ML,0,2.5,9.0,33.04,30.79,0.0,0.0,0.0,0.0,0,static
2024-10-30,1314,54554,ALOFF XPE 60ML,0,2.5,9.0,33.04,30.79,0.0,0.0,0.0,0.0,0,static
2024-10-31,1314,54554,ALOFF XPE 60ML,0,2.5,9.0,33.04,30.79,0.0,0.0,0.0,0.0,0,static
2024-11-01,1314,54554,ALOFF XPE 60ML,0,2.5,9.0,33.04,30.79,0.0,0.0,0.0,0.0,0,static
2024-11-02,1314,54554,ALOFF XPE 60ML,0,2.5,9.0,33.04,30.79,0.0,0.0,0.0,0.0,0,static
2024-11-03,1314,54554,ALOFF XPE 60ML,0,2.5,9.0,33.04,30.79,0.0,0.0,0.0,0.0,0,static
2024-11-04,1314,54554,ALOFF XPE 60ML,0,2.5,9.0,33.04,30.79,0.0,0.0,0.0,0.0,0,static
2024-11-05,1314,54554,ALOFF XPE 60ML,0,2.5,9.0,33.04,30.79,0.0,0.0,0.0,0.0,0,static
2024-11-06,1314,54554,ALOFF XPE 60ML,0,2.5,9.0,33.04,30.79,0.0,0.0,0.0,0.0,0,static
2024-11-07,1314,54554,ALOFF XPE 60ML,0,2.5,9.0,33.04,30.79,0.0,0.0,0.0,0.0,0,static
2024-11-08,1314,54554,ALOFF XPE 60ML,0,2.5,9.0,33.04,30.79,0.0,0.0,0.0,0.0,0,static
2024-11-09,1314,54554,ALOFF XPE 60ML,0,2.5,9.0,33.04,30.79,0.0,0.0,0.0,0.0,0,static
2024-11-10,1314,54554,ALOFF XPE 60ML,0,2.5,9.0,33.04,30.79,0.0,0.0,0.0,0.0,0,static
2024-11-11,1314,54554,ALOFF XPE 60ML,0,2.5,9.0,33.04,30.79,0.0,0.0,0.0,0.0,0,static
2024-11-12,1314,54554,ALOFF XPE 60ML,0,2.5,9.0,33.04,30.79,0.0,0.0,0.0,0.0,0,static
2024-11-13,1314,54554,ALOFF XPE 60ML,0,2.5,9.0,33.04,30.79,0.0,0.0,0.0,0.0,0,static
2024-11-14,1314,54554,ALOFF XPE 60ML,0,2.5,9.0,33.04,30.79,0.0,0.0,0.0,0.0,0,static
2024-11-15,1314,54554,ALOFF XPE 60ML,0,2.5,9.0,33.04,30.79,0.0,0.0,0.0,0.0,0,static
2024-11-16,1314,54554,ALOFF XPE 60ML,0,2.5,9.0,33.04,30.79,0.0,0.0,0.0,0.0,0,static
2024-11-17,1314,54554,ALOFF XPE 60ML,0,2.5,9.0,33.04,30.79,0.0,0.0,0.0,0.0,0,static
2024-11-18,1314,54554,ALOFF XPE 60ML,0,2.5,9.0,33.04,30.79,0.0,0.0,0.0,0.0,0,static
2024-11-19,1314,54554,ALOFF XPE 60ML,0,2.5,9.0,33.04,30.79,0.0,0.0,0.0,0.0,0,static
2024-11-20,1314,54554,ALOFF XPE 60ML,0,2.5,9.0,33.04,30.79,0.0,0.0,0.0,0.0,0,static
2024-11-21,1314,54554,ALOFF XPE 60ML,0,2.5,9.0,33.04,30.79,0.0,0.0,0.0,0.0,0,static
2024-11-22,1314,54554,ALOFF XPE 60ML,0,2.5,9.0,33.04,30.79,0.0,0.0,0.0,0.0,0,static
2024-11-23,1314,54554,ALOFF XPE 60ML,0,2.5,9.0,33.04,30.79,0.0,0.0,0.0,0.0,0,static
2024-11-24,1314,54554,ALOFF XPE 60ML,0,2.5,9.0,33.04,30.79,0.0,0.0,0.0,0.0,0,static
2024-11-25,1314,54554,ALOFF XPE 60ML,0,2.5,9.0,33.04,30.79,0.0,0.0,0.0,0.0,0,static
2024-11-26,1314,54554,ALOFF XPE 60ML,0,2.5,9.0,33.04,30.79,0.0,0.0,0.0,0.0,0,static
2024-11-27,1314,54554,ALOFF XPE 60ML,0,2.5,9.0,33.04,30.79,0.0,0.0,0.0,0.0,0,static
2024-11-28,1314,54554,ALOFF XPE 60ML,0,2.5,9.0,33.04,30.79,0.0,0.0,0.0,0.0,0,static
2024-11-29,1314,54554,ALOFF XPE 60ML,0,2.5,9.0,33.04,30.79,0.0,0.0,0.0,0.0,0,static
2024-11-30,1314,54554,ALOFF XPE 60ML,0,2.5,9.0,33.04,30.79,0.0,0.0,0.0,0.0,0,static
2024-12-01,1314,54554,ALOFF XPE 60ML,0,2.5,9.0,33.04,30.79,0.0,0.0,0.0,0.0,0,static
2024-12-02,1314,54554,ALOFF XPE 60ML,0,2.5,9.0,33.04,30.79,0.0,0.0,0.0,0.0,0,static
2024-12-03,1314,54554,ALOFF XPE 60ML,0,2.5,9.0,33.04,30.79,0.0,0.0,0.0,0.0,0,static
2024-12-04,1314,54554,ALOFF XPE 60ML,0,2.5,9.0,33.04,30.79,0.0,0.0,0.0,0.0,0,static
2024-12-05,1314,54554,ALOFF XPE 60ML,0,2.5,9.0,33.04,30.79,0.0,0.0,0.0,0.0,0,static
2024-12-06,1314,54554,ALOFF XPE 60ML,0,2.5,9.0,33.04,30.79,0.0,0.0,0.0,0.0,0,static
2024-12-07,1314,54554,ALOFF XPE 60ML,0,2.5,9.0,33.04,30.79,0.0,0.0,0.0,0.0,0,static
2024-12-08,1314,54554,ALOFF XPE 60ML,0,2.5,9.0,33.04,30.79,0.0,0.0,0.0,0.0,0,static
2024-12-09,1314,54554,ALOFF XPE 60ML,0,2.5,9.0,33.04,30.79,0.0,0.0,0.0,0.0,0,static
2024-12-10,1314,54554,ALOFF XPE 60ML,0,2.5,9.0,33.04,30.79,0.0,0.0,0.0,0.0,0,static
2024-12-11,1314,54554,ALOFF XPE 60ML,0,2.5,9.0,33.04,30.79,0.0,0.0,0.0,0.0,0,static
2024-12-12,1314,54554,ALOFF XPE 60ML,0,2.5,9.0,33.04,30.79,0.0,0.0,0.0,0.0,0,static
2024-12-13,1314,54554,ALOFF XPE 60ML,0,2.5,9.0,33.04,30.79,0.0,0.0,0.0,0.0,0,static
2024-12-14,1314,54554,ALOFF XPE 60ML,0,2.5,9.0,33.04,30.79,0.0,0.0,0.0,0.0,0,static
2024-12-15,1314,54554,ALOFF XPE 60ML,0,2.5,9.0,33.04,30.79,0.0,0.0,0.0,0.0,0,static
2024-12-16,1314,54554,ALOFF XPE 60ML,0,2.5,9.0,33.04,30.79,0.0,0.0,0.0,0.0,0,static
2024-12-17,1314,54554,ALOFF XPE 60ML,0,2.5,9.0,33.04,30.79,0.0,0.0,0.0,0.0,0,static
2024-12-18,1314,54554,ALOFF XPE 60ML,0,2.5,9.0,33.04,30.79,0.0,0.0,0.0,0.0,0,static
2024-12-19,1314,54554,ALOFF XPE 60ML,0,2.5,9.0,33.04,30.79,0.0,0.0,0.0,0.0,0,static
2024-12-20,1314,54554,ALOFF XPE 60ML,0,2.5,9.0,33.04,30.79,0.0,0.0,0.0,0.0,0,static
2024-12-21,1314,54554,ALOFF XPE 60ML,0,2.5,9.0,33.04,30.79,0.0,0.0,0.0,0.0,0,static
2024-12-22,1314,54554,ALOFF XPE 60ML,0,2.5,9.0,33.04,30.79,0.0,0.0,0.0,0.0,0,static
2024-12-23,1314,54554,ALOFF XPE 60ML,0,2.5,9.0,33.04,30.79,0.0,0.0,0.0,0.0,0,static
2024-12-24,1314,54554,ALOFF XPE 60ML,0,2.5,9.0,33.04,30.79,0.0,0.0,0.0,0.0,0,static
2024-12-25,1314,54554,ALOFF XPE 60ML,0,2.5,9.0,33.04,30.79,0.0,0.0,0.0,0.0,0,static
2024-12-26,1314,54554,ALOFF XPE 60ML,0,2.5,9.0,33.04,30.79,0.0,0.0,0.0,0.0,0,static
2024-12-27,1314,54554,ALOFF XPE 60ML,0,2.5,9.0,33.04,30.79,0.0,0.0,0.0,0.0,0,static
2024-12-28,1314,54554,ALOFF XPE 60ML,0,2.5,9.0,33.04,30.79,0.0,0.0,0.0,0.0,0,static
2024-12-29,1314,54554,ALOFF XPE 60ML,0,2.5,9.0,33.04,30.79,0.0,0.0,0.0,0.0,0,static
2024-12-30,1314,54554,ALOFF XPE 60ML,0,2.5,9.0,33.04,30.79,0.0,0.0,0.0,0.0,0,static
2024-12-31,1314,54554,ALOFF XPE 60ML,0,2.5,9.0,33.04,30.79,0.0,0.0,0.0,0.0,0,static
2024-10-01,1314,55917,POLARATUSS LIQ 120ML,0,2.5,9.0,29.53,10.88,0.0,0.0,0.0,0.0,0,static
2024-10-02,1314,55917,POLARATUSS LIQ 120ML,0,2.5,9.0,29.53,10.88,0.0,0.0,0.0,0.0,0,static
2024-10-03,1314,55917,POLARATUSS LIQ 120ML,0,2.5,9.0,29.53,10.88,0.0,0.0,0.0,0.0,0,static
2024-10-04,1314,55917,POLARATUSS LIQ 120ML,0,2.5,9.0,29.53,10.88,0.0,0.0,0.0,0.0,0,static
2024-10-05,1314,55917,POLARATUSS LIQ 120ML,0,2.5,9.0,29.53,10.88,0.0,0.0,0.0,0.0,0,static
2024-10-06,1314,55917,POLARATUSS LIQ 120ML,0,2.5,9.0,29.53,10.88,0.0,0.0,0.0,0.0,0,static
2024-10-07,1314,55917,POLARATUSS LIQ 120ML,0,2.5,9.0,29.53,10.88,0.0,0.0,0.0,0.0,0,static
2024-10-08,1314,55917,POLARATUSS LIQ 120ML,0,2.5,9.0,29.53,10.88,0.0,0.0,0.0,0.0,0,static
2024-10-09,1314,55917,POLARATUSS LIQ 120ML,0,2.5,9.0,29.53,10.88,0.0,0.0,0.0,0.0,0,static
2024-10-10,1314,55917,POLARATUSS LIQ 120ML,0,2.5,9.0,29.53,10.88,0.0,0.0,0.0,0.0,0,static
2024-10-11,1314,55917,POLARATUSS LIQ 120ML,0,2.5,9.0,29.53,10.88,0.0,0.0,0.0,0.0,0,static
2024-10-12,1314,55917,POLARATUSS LIQ 120ML,0,2.5,9.0,29.53,10.88,0.0,0.0,0.0,0.0,0,static
2024-10-13,1314,55917,POLARATUSS LIQ 120ML,0,2.5,9.0,29.53,10.88,0.0,0.0,0.0,0.0,0,static
2024-10-14,1314,55917,POLARATUSS LIQ 120ML,0,2.5,9.0,29.53,10.88,0.0,0.0,0.0,0.0,0,static
2024-10-15,1314,55917,POLARATUSS LIQ 120ML,0,2.5,9.0,29.53,10.88,0.0,0.0,0.0,0.0,0,static
2024-10-16,1314,55917,POLARATUSS LIQ 120ML,0,2.5,9.0,29.53,10.88,0.0,0.0,0.0,0.0,0,static
2024-10-17,1314,55917,POLARATUSS LIQ 120ML,0,2.5,9.0,29.53,10.88,0.0,0.0,0.0,0.0,0,static
2024-10-18,1314,55917,POLARATUSS LIQ 120ML,0,2.5,9.0,29.53,10.88,0.0,0.0,0.0,0.0,0,static
2024-10-19,1314,55917,POLARATUSS LIQ 120ML,0,2.5,9.0,29.53,10.88,0.0,0.0,0.0,0.0,0,static
2024-10-20,1314,55917,POLARATUSS LIQ 120ML,0,2.5,9.0,29.53,10.88,0.0,0.0,0.0,0.0,0,static
2024-10-21,1314,55917,POLARATUSS LIQ 120ML,0,2.5,9.0,29.53,10.88,0.0,0.0,0.0,0.0,0,static
2024-10-22,1314,55917,POLARATUSS LIQ 120ML,0,2.5,9.0,29.53,10.88,0.0,0.0,0.0,0.0,0,static
2024-10-23,1314,55917,POLARATUSS LIQ 120ML,0,2.5,9.0,29.53,10.88,0.0,0.0,0.0,0.0,0,static
2024-10-24,1314,55917,POLARATUSS LIQ 120ML,0,2.5,9.0,29.53,10.88,0.0,0.0,0.0,0.0,0,static
2024-10-25,1314,55917,POLARATUSS LIQ 120ML,0,2.5,9.0,29.53,10.88,0.0,0.0,0.0,0.0,0,static
2024-10-26,1314,55917,POLARATUSS LIQ 120ML,0,2.5,9.0,29.53,10.88,0.0,0.0,0.0,0.0,0,static
2024-10-27,1314,55917,POLARATUSS LIQ 120ML,0,2.5,9.0,29.53,10.88,0.0,0.0,0.0,0.0,0,static
2024-10-28,1314,55917,POLARATUSS LIQ 120ML,0,2.5,9.0,29.53,10.88,0.0,0.0,0.0,0.0,0,static
2024-10-29,1314,55917,POLARATUSS LIQ 120ML,0,2.5,9.0,29.53,10.88,0.0,0.0,0.0,0.0,0,static
2024-10-30,1314,55917,POLARATUSS LIQ 120ML,0,2.5,9.0,29.53,10.88,0.0,0.0,0.0,0.0,0,static
2024-10-31,1314,55917,POLARATUSS LIQ 120ML,0,2.5,9.0,29.53,10.88,0.0,0.0,0.0,0.0,0,static
2024-11-01,1314,55917,POLARATUSS LIQ 120ML,0,2.5,9.0,29.53,10.88,0.0,0.0,0.0,0.0,0,static
2024-11-02,1314,55917,POLARATUSS LIQ 120ML,0,2.5,9.0,29.53,10.88,0.0,0.0,0.0,0.0,0,static
2024-11-03,1314,55917,POLARATUSS LIQ 120ML,0,2.5,9.0,29.53,10.88,0.0,0.0,0.0,0.0,0,static
2024-11-04,1314,55917,POLARATUSS LIQ 120ML,0,2.5,9.0,29.53,10.88,0.0,0.0,0.0,0.0,0,static
2024-11-05,1314,55917,POLARATUSS LIQ 120ML,0,2.5,9.0,29.53,10.88,0.0,0.0,0.0,0.0,0,static
2024-11-06,1314,55917,POLARATUSS LIQ 120ML,0,2.5,9.0,29.53,10.88,0.0,0.0,0.0,0.0,0,static
2024-11-07,1314,55917,POLARATUSS LIQ 120ML,0,2.5,9.0,29.53,10.88,0.0,0.0,0.0,0.0,0,static
2024-11-08,1314,55917,POLARATUSS LIQ 120ML,0,2.5,9.0,29.53,10.88,0.0,0.0,0.0,0.0,0,static
2024-11-09,1314,55917,POLARATUSS LIQ 120ML,0,2.5,9.0,29.53,10.88,0.0,0.0,0.0,0.0,0,static
2024-11-10,1314,55917,POLARATUSS LIQ 120ML,0,2.5,9.0,29.53,10.88,0.0,0.0,0.0,0.0,0,static
2024-11-11,1314,55917,POLARATUSS LIQ 120ML,0,2.5,9.0,29.53,10.88,0.0,0.0,0.0,0.0,0,static
2024-11-12,1314,55917,POLARATUSS LIQ 120ML,0,2.5,9.0,29.53,10.88,0.0,0.0,0.0,0.0,0,static
2024-11-13,1314,55917,POLARATUSS LIQ 120ML,0,2.5,9.0,29.53,10.88,0.0,0.0,0.0,0.0,0,static
2024-11-14,1314,55917,POLARATUSS LIQ 120ML,0,2.5,9.0,29.53,10.88,0.0,0.0,0.0,0.0,0,static
2024-11-15,1314,55917,POLARATUSS LIQ 120ML,0,2.5,9.0,29.53,10.88,0.0,0.0,0.0,0.0,0,static
2024-11-16,1314,55917,POLARATUSS LIQ 120ML,0,2.5,9.0,29.53,10.88,0.0,0.0,0.0,0.0,0,static
2024-11-17,1314,55917,POLARATUSS LIQ 120ML,0,2.5,9.0,29.53,10.88,0.0,0.0,0.0,0.0,0,static
2024-11-18,1314,55917,POLARATUSS LIQ 120ML,0,2.5,9.0,29.53,10.88,0.0,0.0,0.0,0.0,0,static
2024-11-19,1314,55917,POLARATUSS LIQ 120ML,0,2.5,9.0,29.53,10.88,0.0,0.0,0.0,0.0,0,static
2024-11-20,1314,55917,POLARATUSS LIQ 120ML,0,2.5,9.0,29.53,10.88,0.0,0.0,0.0,0.0,0,static
2024-11-21,1314,55917,POLARATUSS LIQ 120ML,0,2.5,9.0,29.53,10.88,0.0,0.0,0.0,0.0,0,static
2024-11-22,1314,55917,POLARATUSS LIQ 120ML,0,2.5,9.0,29.53,10.88,0.0,0.0,0.0,0.0,0,static
2024-11-23,1314,55917,POLARATUSS LIQ 120ML,0,2.5,9.0,29.53,10.88,0.0,0.0,0.0,0.0,0,static
2024-11-24,1314,55917,POLARATUSS LIQ 120ML,0,2.5,9.0,29.53,10.88,0.0,0.0,0.0,0.0,0,static
2024-11-25,1314,55917,POLARATUSS LIQ 120ML,0,2.5,9.0,29.53,10.88,0.0,0.0,0.0,0.0,0,static
2024-11-26,1314,55917,POLARATUSS LIQ 120ML,0,2.5,9.0,29.53,10.88,0.0,0.0,0.0,0.0,0,static
2024-11-27,1314,55917,POLARATUSS LIQ 120ML,0,2.5,9.0,29.53,10.88,0.0,0.0,0.0,0.0,0,static
2024-11-28,1314,55917,POLARATUSS LIQ 120ML,0,2.5,9.0,29.53,10.88,0.0,0.0,0.0,0.0,0,static
2024-11-29,1314,55917,POLARATUSS LIQ 120ML,0,2.5,9.0,29.53,10.88,0.0,0.0,0.0,0.0,0,static
2024-11-30,1314,55917,POLARATUSS LIQ 120ML,0,2.5,9.0,29.53,10.88,0.0,0.0,0.0,0.0,0,static
2024-12-01,1314,55917,POLARATUSS LIQ 120ML,0,2.5,9.0,29.53,10.88,0.0,0.0,0.0,0.0,0,static
2024-12-02,1314,55917,POLARATUSS LIQ 120ML,0,2.5,9.0,29.53,10.88,0.0,0.0,0.0,0.0,0,static
2024-12-03,1314,55917,POLARATUSS LIQ 120ML,0,2.5,9.0,29.53,10.88,0.0,0.0,0.0,0.0,0,static
2024-12-04,1314,55917,POLARATUSS LIQ 120ML,0,2.5,9.0,29.53,10.88,0.0,0.0,0.0,0.0,0,static
2024-12-05,1314,55917,POLARATUSS LIQ 120ML,0,2.5,9.0,29.53,10.88,0.0,0.0,0.0,0.0,0,static
2024-12-06,1314,55917,POLARATUSS LIQ 120ML,0,2.5,9.0,29.53,10.88,0.0,0.0,0.0,0.0,0,static
2024-12-07,1314,55917,POLARATUSS LIQ 120ML,0,2.5,9.0,29.53,10.88,0.0,0.0,0.0,0.0,0,static
2024-12-08,1314,55917,POLARATUSS LIQ 120ML,0,2.5,9.0,29.53,10.88,0.0,0.0,0.0,0.0,0,static
2024-12-09,1314,55917,POLARATUSS LIQ 120ML,0,2.5,9.0,29.53,10.88,0.0,0.0,0.0,0.0,0,static
2024-12-10,1314,55917,POLARATUSS LIQ 120ML,0,2.5,9.0,29.53,10.88,0.0,0.0,0.0,0.0,0,static
2024-12-11,1314,55917,POLARATUSS LIQ 120ML,0,2.5,9.0,29.53,10.88,0.0,0.0,0.0,0.0,0,static
2024-12-12,1314,55917,POLARATUSS LIQ 120ML,0,2.5,9.0,29.53,10.88,0.0,0.0,0.0,0.0,0,static
2024-12-13,1314,55917,POLARATUSS LIQ 120ML,0,2.5,9.0,29.53,10.88,0.0,0.0,0.0,0.0,0,static
2024-12-14,1314,55917,POLARATUSS LIQ 120ML,0,2.5,9.0,29.53,10.88,0.0,0.0,0.0,0.0,0,static
2024-12-15,1314,55917,POLARATUSS LIQ 120ML,0,2.5,9.0,29.53,10.88,0.0,0.0,0.0,0.0,0,static
2024-12-16,1314,55917,POLARATUSS LIQ 120ML,0,2.5,9.0,29.53,10.88,0.0,0.0,0.0,0.0,0,static
2024-12-17,1314,55917,POLARATUSS LIQ 120ML,0,2.5,9.0,29.53,10.88,0.0,0.0,0.0,0.0,0,static
2024-12-18,1314,55917,POLARATUSS LIQ 120ML,0,2.5,9.0,29.53,10.88,0.0,0.0,0.0,0.0,0,static
2024-12-19,1314,55917,POLARATUSS LIQ 120ML,0,2.5,9.0,29.53,10.88,0.0,0.0,0.0,0.0,0,static
2024-12-20,1314,55917,POLARATUSS LIQ 120ML,0,2.5,9.0,29.53,10.88,0.0,0.0,0.0,0.0,0,static
2024-12-21,1314,55917,POLARATUSS LIQ 120ML,0,2.5,9.0,29.53,10.88,0.0,0.0,0.0,0.0,0,static
2024-12-22,1314,55917,POLARATUSS LIQ 120ML,0,2.5,9.0,29.53,10.88,0.0,0.0,0.0,0.0,0,static
2024-12-23,1314,55917,POLARATUSS LIQ 120ML,0,2.5,9.0,29.53,10.88,0.0,0.0,0.0,0.0,0,static
2024-12-24,1314,55917,POLARATUSS LIQ 120ML,0,2.5,9.0,29.53,10.88,0.0,0.0,0.0,0.0,0,static
2024-12-25,1314,55917,POLARATUSS LIQ 120ML,0,2.5,9.0,29.53,10.88,0.0,0.0,0.0,0.0,0,static
2024-12-26,1314,55917,POLARATUSS LIQ 120ML,0,2.5,9.0,29.53,10.88,0.0,0.0,0.0,0.0,0,static
2024-12-27,1314,55917,POLARATUSS LIQ 120ML,0,2.5,9.0,29.53,10.88,0.0,0.0,0.0,0.0,0,static
2024-12-28,1314,55917,POLARATUSS LIQ 120ML,0,2.5,9.0,29.53,10.88,0.0,0.0,0.0,0.0,0,static
2024-12-29,1314,55917,POLARATUSS LIQ 120ML,0,2.5,9.0,29.53,10.88,0.0,0.0,0.0,0.0,0,static
2024-12-30,1314,55917,POLARATUSS LIQ 120ML,0,2.5,9.0,29.53,10.88,0.0,0.0,0.0,0.0,0,static
2024-12-31,1314,55917,POLARATUSS LIQ 120ML,0,2.5,9.0,29.53,10.88,0.0,0.0,0.0,0.0,0,static
2024-10-01,1314,57814,OSELTAMIVIR 75MG CAPS/10 GN-NATCOF,1,1.0,9.0,175.88,146.1,0.0161,0.1873,0.0,0.0,0,static
2024-10-02,1314,57814,OSELTAMIVIR 75MG CAPS/10 GN-NATCOF,0,1.0,9.0,175.88,146.1,0.0598,0.1873,0.0,0.0,0,static
2024-10-03,1314,57814,OSELTAMIVIR 75MG CAPS/10 GN-NATCOF,0,1.0,9.0,175.88,146.1,0.0161,0.1873,0.0,0.0,0,static
2024-10-04,1314,57814,OSELTAMIVIR 75MG CAPS/10 GN-NATCOF,1,1.0,9.0,175.88,146.1,0.0161,0.1873,0.0,0.0,0,static
2024-10-05,1314,57814,OSELTAMIVIR 75MG CAPS/10 GN-NATCOF,0,1.0,9.0,175.88,146.1,0.0161,0.1873,0.0,0.0,0,static
2024-10-06,1314,57814,OSELTAMIVIR 75MG CAPS/10 GN-NATCOF,0,1.0,9.0,175.88,146.1,0.0161,0.1873,0.0,0.0,0,static
2024-10-07,1314,57814,OSELTAMIVIR 75MG CAPS/10 GN-NATCOF,0,1.0,9.0,175.88,146.1,0.0598,0.1873,0.0,0.0,0,static
2024-10-08,1314,57814,OSELTAMIVIR 75MG CAPS/10 GN-NATCOF,0,1.0,9.0,175.88,146.1,0.0161,0.1873,0.0,0.0,0,static
2024-10-09,1314,57814,OSELTAMIVIR 75MG CAPS/10 GN-NATCOF,0,1.0,9.0,175.88,146.1,0.0598,0.1873,0.0,0.0,0,static
2024-10-10,1314,57814,OSELTAMIVIR 75MG CAPS/10 GN-NATCOF,0,1.0,9.0,175.88,146.1,0.0161,0.1873,0.0,0.0,0,static
2024-10-11,1314,57814,OSELTAMIVIR 75MG CAPS/10 GN-NATCOF,1,1.0,9.0,175.88,146.1,0.0161,0.1873,0.0,0.0,0,static
2024-10-12,1314,57814,OSELTAMIVIR 75MG CAPS/10 GN-NATCOF,0,1.0,9.0,175.88,146.1,0.0161,0.1873,0.0,0.0,0,static
2024-10-13,1314,57814,OSELTAMIVIR 75MG CAPS/10 GN-NATCOF,0,1.0,9.0,175.88,146.1,0.0161,0.1873,0.0,0.0,0,static
2024-10-14,1314,57814,OSELTAMIVIR 75MG CAPS/10 GN-NATCOF,0,1.0,9.0,175.88,146.1,0.0598,0.1873,0.0,0.0,0,static
2024-10-15,1314,57814,OSELTAMIVIR 75MG CAPS/10 GN-NATCOF,0,1.0,9.0,175.88,146.1,0.0161,0.1873,0.0,0.0,0,static
2024-10-16,1314,57814,OSELTAMIVIR 75MG CAPS/10 GN-NATCOF,0,1.0,9.0,175.88,146.1,0.0598,0.1873,0.0,0.0,0,static
2024-10-17,1314,57814,OSELTAMIVIR 75MG CAPS/10 GN-NATCOF,0,1.0,9.0,175.88,146.1,0.0161,0.1873,0.0,0.0,0,static
2024-10-18,1314,57814,OSELTAMIVIR 75MG CAPS/10 GN-NATCOF,1,1.0,9.0,175.88,146.1,0.0161,0.1873,0.0,0.0,0,static
2024-10-19,1314,57814,OSELTAMIVIR 75MG CAPS/10 GN-NATCOF,0,1.0,9.0,175.88,146.1,0.0161,0.1873,0.0,0.0,0,static
2024-10-20,1314,57814,OSELTAMIVIR 75MG CAPS/10 GN-NATCOF,0,1.0,9.0,175.88,146.1,0.0161,0.1873,0.0,0.0,0,static
2024-10-21,1314,57814,OSELTAMIVIR 75MG CAPS/10 GN-NATCOF,0,1.0,9.0,175.88,146.1,0.0598,0.1873,0.0,0.0,0,static
2024-10-22,1314,57814,OSELTAMIVIR 75MG CAPS/10 GN-NATCOF,0,1.0,9.0,175.88,146.1,0.0161,0.1873,0.0,0.0,0,static
2024-10-23,1314,57814,OSELTAMIVIR 75MG CAPS/10 GN-NATCOF,0,1.0,9.0,175.88,146.1,0.0598,0.1873,0.0,0.0,0,static
2024-10-24,1314,57814,OSELTAMIVIR 75MG CAPS/10 GN-NATCOF,0,1.0,9.0,175.88,146.1,0.0161,0.1873,0.0,0.0,0,static
2024-10-25,1314,57814,OSELTAMIVIR 75MG CAPS/10 GN-NATCOF,1,1.0,9.0,175.88,146.1,0.0161,0.1873,0.0,0.0,0,static
2024-10-26,1314,57814,OSELTAMIVIR 75MG CAPS/10 GN-NATCOF,0,1.0,9.0,175.88,146.1,0.0161,0.1873,0.0,0.0,0,static
2024-10-27,1314,57814,OSELTAMIVIR 75MG CAPS/10 GN-NATCOF,0,1.0,9.0,175.88,146.1,0.0161,0.1873,0.0,0.0,0,static
2024-10-28,1314,57814,OSELTAMIVIR 75MG CAPS/10 GN-NATCOF,0,1.0,9.0,175.88,146.1,0.0598,0.1873,0.0,0.0,0,static
2024-10-29,1314,57814,OSELTAMIVIR 75MG CAPS/10 GN-NATCOF,0,1.0,9.0,175.88,146.1,0.0161,0.1873,0.0,0.0,0,static
2024-10-30,1314,57814,OSELTAMIVIR 75MG CAPS/10 GN-NATCOF,0,1.0,9.0,175.88,146.1,0.0598,0.1873,0.0,0.0,0,static
2024-10-31,1314,57814,OSELTAMIVIR 75MG CAPS/10 GN-NATCOF,0,1.0,9.0,175.88,146.1,0.0161,0.1873,0.0,0.0,0,static
2024-11-01,1314,57814,OSELTAMIVIR 75MG CAPS/10 GN-NATCOF,1,1.0,9.0,175.88,146.1,0.0161,0.1873,0.0,0.0,0,static
2024-11-02,1314,57814,OSELTAMIVIR 75MG CAPS/10 GN-NATCOF,0,1.0,9.0,175.88,146.1,0.0161,0.1873,0.0,0.0,0,static
2024-11-03,1314,57814,OSELTAMIVIR 75MG CAPS/10 GN-NATCOF,0,1.0,9.0,175.88,146.1,0.0161,0.1873,0.0,0.0,0,static
2024-11-04,1314,57814,OSELTAMIVIR 75MG CAPS/10 GN-NATCOF,0,1.0,9.0,175.88,146.1,0.0598,0.1873,0.0,0.0,0,static
2024-11-05,1314,57814,OSELTAMIVIR 75MG CAPS/10 GN-NATCOF,0,1.0,9.0,175.88,146.1,0.0161,0.1873,0.0,0.0,0,static
2024-11-06,1314,57814,OSELTAMIVIR 75MG CAPS/10 GN-NATCOF,0,1.0,9.0,175.88,146.1,0.0598,0.1873,0.0,0.0,0,static
2024-11-07,1314,57814,OSELTAMIVIR 75MG CAPS/10 GN-NATCOF,0,1.0,9.0,175.88,146.1,0.0161,0.1873,0.0,0.0,0,static
2024-11-08,1314,57814,OSELTAMIVIR 75MG CAPS/10 GN-NATCOF,1,1.0,9.0,175.88,146.1,0.0161,0.1873,0.0,0.0,0,static
2024-11-09,1314,57814,OSELTAMIVIR 75MG CAPS/10 GN-NATCOF,0,1.0,9.0,175.88,146.1,0.0161,0.1873,0.0,0.0,0,static
2024-11-10,1314,57814,OSELTAMIVIR 75MG CAPS/10 GN-NATCOF,0,1.0,9.0,175.88,146.1,0.0161,0.1873,0.0,0.0,0,static
2024-11-11,1314,57814,OSELTAMIVIR 75MG CAPS/10 GN-NATCOF,0,1.0,9.0,175.88,146.1,0.0598,0.1873,0.0,0.0,0,static
2024-11-12,1314,57814,OSELTAMIVIR 75MG CAPS/10 GN-NATCOF,0,1.0,9.0,175.88,146.1,0.0161,0.1873,0.0,0.0,0,static
2024-11-13,1314,57814,OSELTAMIVIR 75MG CAPS/10 GN-NATCOF,0,1.0,9.0,175.88,146.1,0.0598,0.1873,0.0,0.0,0,static
2024-11-14,1314,57814,OSELTAMIVIR 75MG CAPS/10 GN-NATCOF,0,1.0,9.0,175.88,146.1,0.0161,0.1873,0.0,0.0,0,static
2024-11-15,1314,57814,OSELTAMIVIR 75MG CAPS/10 GN-NATCOF,1,1.0,9.0,175.88,146.1,0.0161,0.1873,0.0,0.0,0,static
2024-11-16,1314,57814,OSELTAMIVIR 75MG CAPS/10 GN-NATCOF,0,1.0,9.0,175.88,146.1,0.0161,0.1873,0.0,0.0,0,static
2024-11-17,1314,57814,OSELTAMIVIR 75MG CAPS/10 GN-NATCOF,0,1.0,9.0,175.88,146.1,0.0161,0.1873,0.0,0.0,0,static
2024-11-18,1314,57814,OSELTAMIVIR 75MG CAPS/10 GN-NATCOF,0,1.0,9.0,175.88,146.1,0.0598,0.1873,0.0,0.0,0,static
2024-11-19,1314,57814,OSELTAMIVIR 75MG CAPS/10 GN-NATCOF,0,1.0,9.0,175.88,146.1,0.0161,0.1873,0.0,0.0,0,static
2024-11-20,1314,57814,OSELTAMIVIR 75MG CAPS/10 GN-NATCOF,0,1.0,9.0,175.88,146.1,0.0598,0.1873,0.0,0.0,0,static
2024-11-21,1314,57814,OSELTAMIVIR 75MG CAPS/10 GN-NATCOF,0,1.0,9.0,175.88,146.1,0.0161,0.1873,0.0,0.0,0,static
2024-11-22,1314,57814,OSELTAMIVIR 75MG CAPS/10 GN-NATCOF,1,1.0,9.0,175.88,146.1,0.0161,0.1873,0.0,0.0,0,static
2024-11-23,1314,57814,OSELTAMIVIR 75MG CAPS/10 GN-NATCOF,0,1.0,9.0,175.88,146.1,0.0161,0.1873,0.0,0.0,0,static
2024-11-24,1314,57814,OSELTAMIVIR 75MG CAPS/10 GN-NATCOF,0,1.0,9.0,175.88,146.1,0.0161,0.1873,0.0,0.0,0,static
2024-11-25,1314,57814,OSELTAMIVIR 75MG CAPS/10 GN-NATCOF,0,1.0,9.0,175.88,146.1,0.0598,0.1873,0.0,0.0,0,static
2024-11-26,1314,57814,OSELTAMIVIR 75MG CAPS/10 GN-NATCOF,0,1.0,9.0,175.88,146.1,0.0161,0.1873,0.0,0.0,0,static
2024-11-27,1314,57814,OSELTAMIVIR 75MG CAPS/10 GN-NATCOF,0,1.0,9.0,175.88,146.1,0.0598,0.1873,0.0,0.0,0,static
2024-11-28,1314,57814,OSELTAMIVIR 75MG CAPS/10 GN-NATCOF,0,1.0,9.0,175.88,146.1,0.0161,0.1873,0.0,0.0,0,static
2024-11-29,1314,57814,OSELTAMIVIR 75MG CAPS/10 GN-NATCOF,1,1.0,9.0,175.88,146.1,0.0161,0.1873,0.0,0.0,0,static
2024-11-30,1314,57814,OSELTAMIVIR 75MG CAPS/10 GN-NATCOF,0,1.0,9.0,175.88,146.1,0.0161,0.1873,0.0,0.0,0,static
2024-12-01,1314,57814,OSELTAMIVIR 75MG CAPS/10 GN-NATCOF,0,1.0,9.0,175.88,146.1,0.0161,0.1873,0.0,0.0,0,static
2024-12-02,1314,57814,OSELTAMIVIR 75MG CAPS/10 GN-NATCOF,0,1.0,9.0,175.88,146.1,0.0598,0.1873,0.0,0.0,0,static
2024-12-03,1314,57814,OSELTAMIVIR 75MG CAPS/10 GN-NATCOF,0,1.0,9.0,175.88,146.1,0.0161,0.1873,0.0,0.0,0,static
2024-12-04,1314,57814,OSELTAMIVIR 75MG CAPS/10 GN-NATCOF,0,1.0,9.0,175.88,146.1,0.0598,0.1873,0.0,0.0,0,static
2024-12-05,1314,57814,OSELTAMIVIR 75MG CAPS/10 GN-NATCOF,0,1.0,9.0,175.88,146.1,0.0161,0.1873,0.0,0.0,0,static
2024-12-06,1314,57814,OSELTAMIVIR 75MG CAPS/10 GN-NATCOF,1,1.0,9.0,175.88,146.1,0.0161,0.1873,0.0,0.0,0,static
2024-12-07,1314,57814,OSELTAMIVIR 75MG CAPS/10 GN-NATCOF,0,1.0,9.0,175.88,146.1,0.0161,0.1873,0.0,0.0,0,static
2024-12-08,1314,57814,OSELTAMIVIR 75MG CAPS/10 GN-NATCOF,0,1.0,9.0,175.88,146.1,0.0161,0.1873,0.0,0.0,0,static
2024-12-09,1314,57814,OSELTAMIVIR 75MG CAPS/10 GN-NATCOF,0,1.0,9.0,175.88,146.1,0.0598,0.1873,0.0,0.0,0,static
2024-12-10,1314,57814,OSELTAMIVIR 75MG CAPS/10 GN-NATCOF,0,1.0,9.0,175.88,146.1,0.0161,0.1873,0.0,0.0,0,static
2024-12-11,1314,57814,OSELTAMIVIR 75MG CAPS/10 GN-NATCOF,0,1.0,9.0,175.88,146.1,0.0598,0.1873,0.0,0.0,0,static
2024-12-12,1314,57814,OSELTAMIVIR 75MG CAPS/10 GN-NATCOF,0,1.0,9.0,175.88,146.1,0.0161,0.1873,0.0,0.0,0,static
2024-12-13,1314,57814,OSELTAMIVIR 75MG CAPS/10 GN-NATCOF,1,1.0,9.0,175.88,146.1,0.0161,0.1873,0.0,0.0,0,static
2024-12-14,1314,57814,OSELTAMIVIR 75MG CAPS/10 GN-NATCOF,0,1.0,9.0,175.88,146.1,0.0161,0.1873,0.0,0.0,0,static
2024-12-15,1314,57814,OSELTAMIVIR 75MG CAPS/10 GN-NATCOF,0,1.0,9.0,175.88,146.1,0.0161,0.1873,0.0,0.0,0,static
2024-12-16,1314,57814,OSELTAMIVIR 75MG CAPS/10 GN-NATCOF,0,1.0,9.0,175.88,146.1,0.0598,0.1873,0.0,0.0,0,static
2024-12-17,1314,57814,OSELTAMIVIR 75MG CAPS/10 GN-NATCOF,0,1.0,9.0,175.88,146.1,0.0161,0.1873,0.0,0.0,0,static
2024-12-18,1314,57814,OSELTAMIVIR 75MG CAPS/10 GN-NATCOF,0,1.0,9.0,175.88,146.1,0.0598,0.1873,0.0,0.0,0,static
2024-12-19,1314,57814,OSELTAMIVIR 75MG CAPS/10 GN-NATCOF,0,1.0,9.0,175.88,146.1,0.0161,0.1873,0.0,0.0,0,static
2024-12-20,1314,57814,OSELTAMIVIR 75MG CAPS/10 GN-NATCOF,1,1.0,9.0,175.88,146.1,0.0161,0.1873,0.0,0.0,0,static
2024-12-21,1314,57814,OSELTAMIVIR 75MG CAPS/10 GN-NATCOF,0,1.0,9.0,175.88,146.1,0.0161,0.1873,0.0,0.0,0,static
2024-12-22,1314,57814,OSELTAMIVIR 75MG CAPS/10 GN-NATCOF,0,1.0,9.0,175.88,146.1,0.0161,0.1873,0.0,0.0,0,static
2024-12-23,1314,57814,OSELTAMIVIR 75MG CAPS/10 GN-NATCOF,0,1.0,9.0,175.88,146.1,0.0598,0.1873,0.0,0.0,0,static
2024-12-24,1314,57814,OSELTAMIVIR 75MG CAPS/10 GN-NATCOF,0,1.0,9.0,175.88,146.1,0.0161,0.1873,0.0,0.0,0,static
2024-12-25,1314,57814,OSELTAMIVIR 75MG CAPS/10 GN-NATCOF,0,1.0,9.0,175.88,146.1,0.0598,0.1873,0.0,0.0,0,static
2024-12-26,1314,57814,OSELTAMIVIR 75MG CAPS/10 GN-NATCOF,0,1.0,9.0,175.88,146.1,0.0161,0.1873,0.0,0.0,0,static
2024-12-27,1314,57814,OSELTAMIVIR 75MG CAPS/10 GN-NATCOF,1,1.0,9.0,175.88,146.1,0.0161,0.1873,0.0,0.0,0,static
2024-12-28,1314,57814,OSELTAMIVIR 75MG CAPS/10 GN-NATCOF,0,1.0,9.0,175.88,146.1,0.0161,0.1873,0.0,0.0,0,static
2024-12-29,1314,57814,OSELTAMIVIR 75MG CAPS/10 GN-NATCOF,0,1.0,9.0,175.88,146.1,0.0161,0.1873,0.0,0.0,0,static
2024-12-30,1314,57814,OSELTAMIVIR 75MG CAPS/10 GN-NATCOF,0,1.0,9.0,175.88,146.1,0.0598,0.1873,0.0,0.0,0,static
2024-12-31,1314,57814,OSELTAMIVIR 75MG CAPS/10 GN-NATCOF,0,1.0,9.0,175.88,146.1,0.0161,0.1873,0.0,0.0,0,static
2024-10-01,1314,57816,OSELTAMIVIR 30MG CAPS/10 GN-NATCOF,1,1.0,9.0,70.35,60.33,0.0482,0.2966,0.0,0.0,1,static
2024-10-02,1314,57816,OSELTAMIVIR 30MG CAPS/10 GN-NATCOF,0,1.0,9.0,70.35,60.33,0.1357,0.2966,0.0,0.0,0,static
2024-10-03,1314,57816,OSELTAMIVIR 30MG CAPS/10 GN-NATCOF,0,1.0,9.0,70.35,60.33,0.092,0.2966,0.0,0.0,0,static
2024-10-04,1314,57816,OSELTAMIVIR 30MG CAPS/10 GN-NATCOF,1,1.0,9.0,70.35,60.33,0.0482,0.2966,0.0,0.0,0,static
2024-10-05,1314,57816,OSELTAMIVIR 30MG CAPS/10 GN-NATCOF,0,1.0,9.0,70.35,60.33,0.0482,0.2966,0.0,0.0,0,static
2024-10-06,1314,57816,OSELTAMIVIR 30MG CAPS/10 GN-NATCOF,0,1.0,9.0,70.35,60.33,0.0482,0.2966,0.0,0.0,0,static
2024-10-07,1314,57816,OSELTAMIVIR 30MG CAPS/10 GN-NATCOF,0,1.0,9.0,70.35,60.33,0.0482,0.2966,0.0,0.0,0,static
2024-10-08,1314,57816,OSELTAMIVIR 30MG CAPS/10 GN-NATCOF,0,1.0,9.0,70.35,60.33,0.0482,0.2966,0.0,0.0,0,static
2024-10-09,1314,57816,OSELTAMIVIR 30MG CAPS/10 GN-NATCOF,0,1.0,9.0,70.35,60.33,0.1357,0.2966,0.0,0.0,0,static
2024-10-10,1314,57816,OSELTAMIVIR 30MG CAPS/10 GN-NATCOF,0,1.0,9.0,70.35,60.33,0.092,0.2966,0.0,0.0,0,static
2024-10-11,1314,57816,OSELTAMIVIR 30MG CAPS/10 GN-NATCOF,1,1.0,9.0,70.35,60.33,0.0482,0.2966,0.0,0.0,0,static
2024-10-12,1314,57816,OSELTAMIVIR 30MG CAPS/10 GN-NATCOF,0,1.0,9.0,70.35,60.33,0.0482,0.2966,0.0,0.0,0,static
2024-10-13,1314,57816,OSELTAMIVIR 30MG CAPS/10 GN-NATCOF,0,1.0,9.0,70.35,60.33,0.0482,0.2966,0.0,0.0,0,static
2024-10-14,1314,57816,OSELTAMIVIR 30MG CAPS/10 GN-NATCOF,0,1.0,9.0,70.35,60.33,0.0482,0.2966,0.0,0.0,0,static
2024-10-15,1314,57816,OSELTAMIVIR 30MG CAPS/10 GN-NATCOF,0,1.0,9.0,70.35,60.33,0.0482,0.2966,0.0,0.0,0,static
2024-10-16,1314,57816,OSELTAMIVIR 30MG CAPS/10 GN-NATCOF,0,1.0,9.0,70.35,60.33,0.1357,0.2966,0.0,0.0,0,static
2024-10-17,1314,57816,OSELTAMIVIR 30MG CAPS/10 GN-NATCOF,0,1.0,9.0,70.35,60.33,0.092,0.2966,0.0,0.0,0,static
2024-10-18,1314,57816,OSELTAMIVIR 30MG CAPS/10 GN-NATCOF,1,1.0,9.0,70.35,60.33,0.0482,0.2966,0.0,0.0,0,static
2024-10-19,1314,57816,OSELTAMIVIR 30MG CAPS/10 GN-NATCOF,0,1.0,9.0,70.35,60.33,0.0482,0.2966,0.0,0.0,0,static
2024-10-20,1314,57816,OSELTAMIVIR 30MG CAPS/10 GN-NATCOF,0,1.0,9.0,70.35,60.33,0.0482,0.2966,0.0,0.0,0,static
2024-10-21,1314,57816,OSELTAMIVIR 30MG CAPS/10 GN-NATCOF,0,1.0,9.0,70.35,60.33,0.0482,0.2966,0.0,0.0,0,static
2024-10-22,1314,57816,OSELTAMIVIR 30MG CAPS/10 GN-NATCOF,0,1.0,9.0,70.35,60.33,0.0482,0.2966,0.0,0.0,0,static
2024-10-23,1314,57816,OSELTAMIVIR 30MG CAPS/10 GN-NATCOF,0,1.0,9.0,70.35,60.33,0.1357,0.2966,0.0,0.0,0,static
2024-10-24,1314,57816,OSELTAMIVIR 30MG CAPS/10 GN-NATCOF,0,1.0,9.0,70.35,60.33,0.092,0.2966,0.0,0.0,0,static
2024-10-25,1314,57816,OSELTAMIVIR 30MG CAPS/10 GN-NATCOF,1,1.0,9.0,70.35,60.33,0.0482,0.2966,0.0,0.0,0,static
2024-10-26,1314,57816,OSELTAMIVIR 30MG CAPS/10 GN-NATCOF,0,1.0,9.0,70.35,60.33,0.0482,0.2966,0.0,0.0,0,static
2024-10-27,1314,57816,OSELTAMIVIR 30MG CAPS/10 GN-NATCOF,0,1.0,9.0,70.35,60.33,0.0482,0.2966,0.0,0.0,0,static
2024-10-28,1314,57816,OSELTAMIVIR 30MG CAPS/10 GN-NATCOF,0,1.0,9.0,70.35,60.33,0.0482,0.2966,0.0,0.0,0,static
2024-10-29,1314,57816,OSELTAMIVIR 30MG CAPS/10 GN-NATCOF,0,1.0,9.0,70.35,60.33,0.0482,0.2966,0.0,0.0,0,static
2024-10-30,1314,57816,OSELTAMIVIR 30MG CAPS/10 GN-NATCOF,0,1.0,9.0,70.35,60.33,0.1357,0.2966,0.0,0.0,0,static
2024-10-31,1314,57816,OSELTAMIVIR 30MG CAPS/10 GN-NATCOF,0,1.0,9.0,70.35,60.33,0.092,0.2966,0.0,0.0,0,static
2024-11-01,1314,57816,OSELTAMIVIR 30MG CAPS/10 GN-NATCOF,1,1.0,9.0,70.35,60.33,0.0482,0.2966,0.0,0.0,0,static
2024-11-02,1314,57816,OSELTAMIVIR 30MG CAPS/10 GN-NATCOF,0,1.0,9.0,70.35,60.33,0.0482,0.2966,0.0,0.0,0,static
2024-11-03,1314,57816,OSELTAMIVIR 30MG CAPS/10 GN-NATCOF,0,1.0,9.0,70.35,60.33,0.0482,0.2966,0.0,0.0,0,static
2024-11-04,1314,57816,OSELTAMIVIR 30MG CAPS/10 GN-NATCOF,0,1.0,9.0,70.35,60.33,0.0482,0.2966,0.0,0.0,0,static
2024-11-05,1314,57816,OSELTAMIVIR 30MG CAPS/10 GN-NATCOF,0,1.0,9.0,70.35,60.33,0.0482,0.2966,0.0,0.0,0,static
2024-11-06,1314,57816,OSELTAMIVIR 30MG CAPS/10 GN-NATCOF,0,1.0,9.0,70.35,60.33,0.1357,0.2966,0.0,0.0,0,static
2024-11-07,1314,57816,OSELTAMIVIR 30MG CAPS/10 GN-NATCOF,0,1.0,9.0,70.35,60.33,0.092,0.2966,0.0,0.0,0,static
2024-11-08,1314,57816,OSELTAMIVIR 30MG CAPS/10 GN-NATCOF,1,1.0,9.0,70.35,60.33,0.0482,0.2966,0.0,0.0,0,static
2024-11-09,1314,57816,OSELTAMIVIR 30MG CAPS/10 GN-NATCOF,0,1.0,9.0,70.35,60.33,0.0482,0.2966,0.0,0.0,0,static
2024-11-10,1314,57816,OSELTAMIVIR 30MG CAPS/10 GN-NATCOF,0,1.0,9.0,70.35,60.33,0.0482,0.2966,0.0,0.0,0,static
2024-11-11,1314,57816,OSELTAMIVIR 30MG CAPS/10 GN-NATCOF,0,1.0,9.0,70.35,60.33,0.0482,0.2966,0.0,0.0,0,static
2024-11-12,1314,57816,OSELTAMIVIR 30MG CAPS/10 GN-NATCOF,0,1.0,9.0,70.35,60.33,0.0482,0.2966,0.0,0.0,0,static
2024-11-13,1314,57816,OSELTAMIVIR 30MG CAPS/10 GN-NATCOF,0,1.0,9.0,70.35,60.33,0.1357,0.2966,0.0,0.0,0,static
2024-11-14,1314,57816,OSELTAMIVIR 30MG CAPS/10 GN-NATCOF,0,1.0,9.0,70.35,60.33,0.092,0.2966,0.0,0.0,0,static
2024-11-15,1314,57816,OSELTAMIVIR 30MG CAPS/10 GN-NATCOF,1,1.0,9.0,70.35,60.33,0.0482,0.2966,0.0,0.0,0,static
2024-11-16,1314,57816,OSELTAMIVIR 30MG CAPS/10 GN-NATCOF,0,1.0,9.0,70.35,60.33,0.0482,0.2966,0.0,0.0,0,static
2024-11-17,1314,57816,OSELTAMIVIR 30MG CAPS/10 GN-NATCOF,0,1.0,9.0,70.35,60.33,0.0482,0.2966,0.0,0.0,0,static
2024-11-18,1314,57816,OSELTAMIVIR 30MG CAPS/10 GN-NATCOF,0,1.0,9.0,70.35,60.33,0.0482,0.2966,0.0,0.0,0,static
2024-11-19,1314,57816,OSELTAMIVIR 30MG CAPS/10 GN-NATCOF,0,1.0,9.0,70.35,60.33,0.0482,0.2966,0.0,0.0,0,static
2024-11-20,1314,57816,OSELTAMIVIR 30MG CAPS/10 GN-NATCOF,0,1.0,9.0,70.35,60.33,0.1357,0.2966,0.0,0.0,0,static
2024-11-21,1314,57816,OSELTAMIVIR 30MG CAPS/10 GN-NATCOF,0,1.0,9.0,70.35,60.33,0.092,0.2966,0.0,0.0,0,static
2024-11-22,1314,57816,OSELTAMIVIR 30MG CAPS/10 GN-NATCOF,1,1.0,9.0,70.35,60.33,0.0482,0.2966,0.0,0.0,0,static
2024-11-23,1314,57816,OSELTAMIVIR 30MG CAPS/10 GN-NATCOF,0,1.0,9.0,70.35,60.33,0.0482,0.2966,0.0,0.0,0,static
2024-11-24,1314,57816,OSELTAMIVIR 30MG CAPS/10 GN-NATCOF,0,1.0,9.0,70.35,60.33,0.0482,0.2966,0.0,0.0,0,static
2024-11-25,1314,57816,OSELTAMIVIR 30MG CAPS/10 GN-NATCOF,0,1.0,9.0,70.35,60.33,0.0482,0.2966,0.0,0.0,0,static
2024-11-26,1314,57816,OSELTAMIVIR 30MG CAPS/10 GN-NATCOF,0,1.0,9.0,70.35,60.33,0.0482,0.2966,0.0,0.0,0,static
2024-11-27,1314,57816,OSELTAMIVIR 30MG CAPS/10 GN-NATCOF,0,1.0,9.0,70.35,60.33,0.1357,0.2966,0.0,0.0,0,static
2024-11-28,1314,57816,OSELTAMIVIR 30MG CAPS/10 GN-NATCOF,0,1.0,9.0,70.35,60.33,0.092,0.2966,0.0,0.0,0,static
2024-11-29,1314,57816,OSELTAMIVIR 30MG CAPS/10 GN-NATCOF,1,1.0,9.0,70.35,60.33,0.0482,0.2966,0.0,0.0,0,static
2024-11-30,1314,57816,OSELTAMIVIR 30MG CAPS/10 GN-NATCOF,0,1.0,9.0,70.35,60.33,0.0482,0.2966,0.0,0.0,0,static
2024-12-01,1314,57816,OSELTAMIVIR 30MG CAPS/10 GN-NATCOF,0,1.0,9.0,70.35,60.33,0.0482,0.2966,0.0,0.0,0,static
2024-12-02,1314,57816,OSELTAMIVIR 30MG CAPS/10 GN-NATCOF,0,1.0,9.0,70.35,60.33,0.0482,0.2966,0.0,0.0,0,static
2024-12-03,1314,57816,OSELTAMIVIR 30MG CAPS/10 GN-NATCOF,0,1.0,9.0,70.35,60.33,0.0482,0.2966,0.0,0.0,0,static
2024-12-04,1314,57816,OSELTAMIVIR 30MG CAPS/10 GN-NATCOF,0,1.0,9.0,70.35,60.33,0.1357,0.2966,0.0,0.0,0,static
2024-12-05,1314,57816,OSELTAMIVIR 30MG CAPS/10 GN-NATCOF,0,1.0,9.0,70.35,60.33,0.092,0.2966,0.0,0.0,0,static
2024-12-06,1314,57816,OSELTAMIVIR 30MG CAPS/10 GN-NATCOF,1,1.0,9.0,70.35,60.33,0.0482,0.2966,0.0,0.0,0,static
2024-12-07,1314,57816,OSELTAMIVIR 30MG CAPS/10 GN-NATCOF,0,1.0,9.0,70.35,60.33,0.0482,0.2966,0.0,0.0,0,static
2024-12-08,1314,57816,OSELTAMIVIR 30MG CAPS/10 GN-NATCOF,0,1.0,9.0,70.35,60.33,0.0482,0.2966,0.0,0.0,0,static
2024-12-09,1314,57816,OSELTAMIVIR 30MG CAPS/10 GN-NATCOF,0,1.0,9.0,70.35,60.33,0.0482,0.2966,0.0,0.0,0,static
2024-12-10,1314,57816,OSELTAMIVIR 30MG CAPS/10 GN-NATCOF,0,1.0,9.0,70.35,60.33,0.0482,0.2966,0.0,0.0,0,static
2024-12-11,1314,57816,OSELTAMIVIR 30MG CAPS/10 GN-NATCOF,0,1.0,9.0,70.35,60.33,0.1357,0.2966,0.0,0.0,0,static
2024-12-12,1314,57816,OSELTAMIVIR 30MG CAPS/10 GN-NATCOF,0,1.0,9.0,70.35,60.33,0.092,0.2966,0.0,0.0,0,static
2024-12-13,1314,57816,OSELTAMIVIR 30MG CAPS/10 GN-NATCOF,1,1.0,9.0,70.35,60.33,0.0482,0.2966,0.0,0.0,0,static
2024-12-14,1314,57816,OSELTAMIVIR 30MG CAPS/10 GN-NATCOF,0,1.0,9.0,70.35,60.33,0.0482,0.2966,0.0,0.0,0,static
2024-12-15,1314,57816,OSELTAMIVIR 30MG CAPS/10 GN-NATCOF,0,1.0,9.0,70.35,60.33,0.0482,0.2966,0.0,0.0,0,static
2024-12-16,1314,57816,OSELTAMIVIR 30MG CAPS/10 GN-NATCOF,0,1.0,9.0,70.35,60.33,0.0482,0.2966,0.0,0.0,0,static
2024-12-17,1314,57816,OSELTAMIVIR 30MG CAPS/10 GN-NATCOF,0,1.0,9.0,70.35,60.33,0.0482,0.2966,0.0,0.0,0,static
2024-12-18,1314,57816,OSELTAMIVIR 30MG CAPS/10 GN-NATCOF,0,1.0,9.0,70.35,60.33,0.1357,0.2966,0.0,0.0,0,static
2024-12-19,1314,57816,OSELTAMIVIR 30MG CAPS/10 GN-NATCOF,0,1.0,9.0,70.35,60.33,0.092,0.2966,0.0,0.0,0,static
2024-12-20,1314,57816,OSELTAMIVIR 30MG CAPS/10 GN-NATCOF,1,1.0,9.0,70.35,60.33,0.0482,0.2966,0.0,0.0,0,static
2024-12-21,1314,57816,OSELTAMIVIR 30MG CAPS/10 GN-NATCOF,0,1.0,9.0,70.35,60.33,0.0482,0.2966,0.0,0.0,0,static
2024-12-22,1314,57816,OSELTAMIVIR 30MG CAPS/10 GN-NATCOF,0,1.0,9.0,70.35,60.33,0.0482,0.2966,0.0,0.0,0,static
2024-12-23,1314,57816,OSELTAMIVIR 30MG CAPS/10 GN-NATCOF,0,1.0,9.0,70.35,60.33,0.0482,0.2966,0.0,0.0,0,static
2024-12-24,1314,57816,OSELTAMIVIR 30MG CAPS/10 GN-NATCOF,0,1.0,9.0,70.35,60.33,0.0482,0.2966,0.0,0.0,0,static
2024-12-25,1314,57816,OSELTAMIVIR 30MG CAPS/10 GN-NATCOF,0,1.0,9.0,70.35,60.33,0.1357,0.2966,0.0,0.0,0,static
2024-12-26,1314,57816,OSELTAMIVIR 30MG CAPS/10 GN-NATCOF,0,1.0,9.0,70.35,60.33,0.092,0.2966,0.0,0.0,0,static
2024-12-27,1314,57816,OSELTAMIVIR 30MG CAPS/10 GN-NATCOF,1,1.0,9.0,70.35,60.33,0.0482,0.2966,0.0,0.0,0,static
2024-12-28,1314,57816,OSELTAMIVIR 30MG CAPS/10 GN-NATCOF,0,1.0,9.0,70.35,60.33,0.0482,0.2966,0.0,0.0,0,static
2024-12-29,1314,57816,OSELTAMIVIR 30MG CAPS/10 GN-NATCOF,0,1.0,9.0,70.35,60.33,0.0482,0.2966,0.0,0.0,0,static
2024-12-30,1314,57816,OSELTAMIVIR 30MG CAPS/10 GN-NATCOF,0,1.0,9.0,70.35,60.33,0.0482,0.2966,0.0,0.0,0,static
2024-12-31,1314,57816,OSELTAMIVIR 30MG CAPS/10 GN-NATCOF,0,1.0,9.0,70.35,60.33,0.0482,0.2966,0.0,0.0,0,static
2024-10-01,1314,57817,OSELTAMIVIR 45MG CAPS/10 GN-NATCOF,1,2.5,9.0,105.53,91.34,0.0,0.0,0.0,0.0,0,static
2024-10-02,1314,57817,OSELTAMIVIR 45MG CAPS/10 GN-NATCOF,0,2.5,9.0,105.53,91.34,0.0,0.0,0.0,0.0,0,static
2024-10-03,1314,57817,OSELTAMIVIR 45MG CAPS/10 GN-NATCOF,0,2.5,9.0,105.53,91.34,0.0,0.0,0.0,0.0,0,static
2024-10-04,1314,57817,OSELTAMIVIR 45MG CAPS/10 GN-NATCOF,1,2.5,9.0,105.53,91.34,0.0,0.0,0.0,0.0,0,static
2024-10-05,1314,57817,OSELTAMIVIR 45MG CAPS/10 GN-NATCOF,0,2.5,9.0,105.53,91.34,0.0,0.0,0.0,0.0,0,static
2024-10-06,1314,57817,OSELTAMIVIR 45MG CAPS/10 GN-NATCOF,0,2.5,9.0,105.53,91.34,0.0,0.0,0.0,0.0,0,static
2024-10-07,1314,57817,OSELTAMIVIR 45MG CAPS/10 GN-NATCOF,0,2.5,9.0,105.53,91.34,0.0,0.0,0.0,0.0,0,static
2024-10-08,1314,57817,OSELTAMIVIR 45MG CAPS/10 GN-NATCOF,0,2.5,9.0,105.53,91.34,0.0,0.0,0.0,0.0,0,static
2024-10-09,1314,57817,OSELTAMIVIR 45MG CAPS/10 GN-NATCOF,0,2.5,9.0,105.53,91.34,0.0,0.0,0.0,0.0,0,static
2024-10-10,1314,57817,OSELTAMIVIR 45MG CAPS/10 GN-NATCOF,0,2.5,9.0,105.53,91.34,0.0,0.0,0.0,0.0,0,static
2024-10-11,1314,57817,OSELTAMIVIR 45MG CAPS/10 GN-NATCOF,1,2.5,9.0,105.53,91.34,0.0,0.0,0.0,0.0,0,static
2024-10-12,1314,57817,OSELTAMIVIR 45MG CAPS/10 GN-NATCOF,0,2.5,9.0,105.53,91.34,0.0,0.0,0.0,0.0,0,static
2024-10-13,1314,57817,OSELTAMIVIR 45MG CAPS/10 GN-NATCOF,0,2.5,9.0,105.53,91.34,0.0,0.0,0.0,0.0,0,static
2024-10-14,1314,57817,OSELTAMIVIR 45MG CAPS/10 GN-NATCOF,0,2.5,9.0,105.53,91.34,0.0,0.0,0.0,0.0,0,static
2024-10-15,1314,57817,OSELTAMIVIR 45MG CAPS/10 GN-NATCOF,0,2.5,9.0,105.53,91.34,0.0,0.0,0.0,0.0,0,static
2024-10-16,1314,57817,OSELTAMIVIR 45MG CAPS/10 GN-NATCOF,0,2.5,9.0,105.53,91.34,0.0,0.0,0.0,0.0,0,static
2024-10-17,1314,57817,OSELTAMIVIR 45MG CAPS/10 GN-NATCOF,0,2.5,9.0,105.53,91.34,0.0,0.0,0.0,0.0,0,static
2024-10-18,1314,57817,OSELTAMIVIR 45MG CAPS/10 GN-NATCOF,1,2.5,9.0,105.53,91.34,0.0,0.0,0.0,0.0,0,static
2024-10-19,1314,57817,OSELTAMIVIR 45MG CAPS/10 GN-NATCOF,0,2.5,9.0,105.53,91.34,0.0,0.0,0.0,0.0,0,static
2024-10-20,1314,57817,OSELTAMIVIR 45MG CAPS/10 GN-NATCOF,0,2.5,9.0,105.53,91.34,0.0,0.0,0.0,0.0,0,static
2024-10-21,1314,57817,OSELTAMIVIR 45MG CAPS/10 GN-NATCOF,0,2.5,9.0,105.53,91.34,0.0,0.0,0.0,0.0,0,static
2024-10-22,1314,57817,OSELTAMIVIR 45MG CAPS/10 GN-NATCOF,0,2.5,9.0,105.53,91.34,0.0,0.0,0.0,0.0,0,static
2024-10-23,1314,57817,OSELTAMIVIR 45MG CAPS/10 GN-NATCOF,0,2.5,9.0,105.53,91.34,0.0,0.0,0.0,0.0,0,static
2024-10-24,1314,57817,OSELTAMIVIR 45MG CAPS/10 GN-NATCOF,0,2.5,9.0,105.53,91.34,0.0,0.0,0.0,0.0,0,static
2024-10-25,1314,57817,OSELTAMIVIR 45MG CAPS/10 GN-NATCOF,1,2.5,9.0,105.53,91.34,0.0,0.0,0.0,0.0,0,static
2024-10-26,1314,57817,OSELTAMIVIR 45MG CAPS/10 GN-NATCOF,0,2.5,9.0,105.53,91.34,0.0,0.0,0.0,0.0,0,static
2024-10-27,1314,57817,OSELTAMIVIR 45MG CAPS/10 GN-NATCOF,0,2.5,9.0,105.53,91.34,0.0,0.0,0.0,0.0,0,static
2024-10-28,1314,57817,OSELTAMIVIR 45MG CAPS/10 GN-NATCOF,0,2.5,9.0,105.53,91.34,0.0,0.0,0.0,0.0,0,static
2024-10-29,1314,57817,OSELTAMIVIR 45MG CAPS/10 GN-NATCOF,0,2.5,9.0,105.53,91.34,0.0,0.0,0.0,0.0,0,static
2024-10-30,1314,57817,OSELTAMIVIR 45MG CAPS/10 GN-NATCOF,0,2.5,9.0,105.53,91.34,0.0,0.0,0.0,0.0,0,static
2024-10-31,1314,57817,OSELTAMIVIR 45MG CAPS/10 GN-NATCOF,0,2.5,9.0,105.53,91.34,0.0,0.0,0.0,0.0,0,static
2024-11-01,1314,57817,OSELTAMIVIR 45MG CAPS/10 GN-NATCOF,1,2.5,9.0,105.53,91.34,0.0,0.0,0.0,0.0,0,static
2024-11-02,1314,57817,OSELTAMIVIR 45MG CAPS/10 GN-NATCOF,0,2.5,9.0,105.53,91.34,0.0,0.0,0.0,0.0,0,static
2024-11-03,1314,57817,OSELTAMIVIR 45MG CAPS/10 GN-NATCOF,0,2.5,9.0,105.53,91.34,0.0,0.0,0.0,0.0,0,static
2024-11-04,1314,57817,OSELTAMIVIR 45MG CAPS/10 GN-NATCOF,0,2.5,9.0,105.53,91.34,0.0,0.0,0.0,0.0,0,static
2024-11-05,1314,57817,OSELTAMIVIR 45MG CAPS/10 GN-NATCOF,0,2.5,9.0,105.53,91.34,0.0,0.0,0.0,0.0,0,static
2024-11-06,1314,57817,OSELTAMIVIR 45MG CAPS/10 GN-NATCOF,0,2.5,9.0,105.53,91.34,0.0,0.0,0.0,0.0,0,static
2024-11-07,1314,57817,OSELTAMIVIR 45MG CAPS/10 GN-NATCOF,0,2.5,9.0,105.53,91.34,0.0,0.0,0.0,0.0,0,static
2024-11-08,1314,57817,OSELTAMIVIR 45MG CAPS/10 GN-NATCOF,1,2.5,9.0,105.53,91.34,0.0,0.0,0.0,0.0,0,static
2024-11-09,1314,57817,OSELTAMIVIR 45MG CAPS/10 GN-NATCOF,0,2.5,9.0,105.53,91.34,0.0,0.0,0.0,0.0,0,static
2024-11-10,1314,57817,OSELTAMIVIR 45MG CAPS/10 GN-NATCOF,0,2.5,9.0,105.53,91.34,0.0,0.0,0.0,0.0,0,static
2024-11-11,1314,57817,OSELTAMIVIR 45MG CAPS/10 GN-NATCOF,0,2.5,9.0,105.53,91.34,0.0,0.0,0.0,0.0,0,static
2024-11-12,1314,57817,OSELTAMIVIR 45MG CAPS/10 GN-NATCOF,0,2.5,9.0,105.53,91.34,0.0,0.0,0.0,0.0,0,static
2024-11-13,1314,57817,OSELTAMIVIR 45MG CAPS/10 GN-NATCOF,0,2.5,9.0,105.53,91.34,0.0,0.0,0.0,0.0,0,static
2024-11-14,1314,57817,OSELTAMIVIR 45MG CAPS/10 GN-NATCOF,0,2.5,9.0,105.53,91.34,0.0,0.0,0.0,0.0,0,static
2024-11-15,1314,57817,OSELTAMIVIR 45MG CAPS/10 GN-NATCOF,1,2.5,9.0,105.53,91.34,0.0,0.0,0.0,0.0,0,static
2024-11-16,1314,57817,OSELTAMIVIR 45MG CAPS/10 GN-NATCOF,0,2.5,9.0,105.53,91.34,0.0,0.0,0.0,0.0,0,static
2024-11-17,1314,57817,OSELTAMIVIR 45MG CAPS/10 GN-NATCOF,0,2.5,9.0,105.53,91.34,0.0,0.0,0.0,0.0,0,static
2024-11-18,1314,57817,OSELTAMIVIR 45MG CAPS/10 GN-NATCOF,0,2.5,9.0,105.53,91.34,0.0,0.0,0.0,0.0,0,static
2024-11-19,1314,57817,OSELTAMIVIR 45MG CAPS/10 GN-NATCOF,0,2.5,9.0,105.53,91.34,0.0,0.0,0.0,0.0,0,static
2024-11-20,1314,57817,OSELTAMIVIR 45MG CAPS/10 GN-NATCOF,0,2.5,9.0,105.53,91.34,0.0,0.0,0.0,0.0,0,static
2024-11-21,1314,57817,OSELTAMIVIR 45MG CAPS/10 GN-NATCOF,0,2.5,9.0,105.53,91.34,0.0,0.0,0.0,0.0,0,static
2024-11-22,1314,57817,OSELTAMIVIR 45MG CAPS/10 GN-NATCOF,1,2.5,9.0,105.53,91.34,0.0,0.0,0.0,0.0,0,static
2024-11-23,1314,57817,OSELTAMIVIR 45MG CAPS/10 GN-NATCOF,0,2.5,9.0,105.53,91.34,0.0,0.0,0.0,0.0,0,static
2024-11-24,1314,57817,OSELTAMIVIR 45MG CAPS/10 GN-NATCOF,0,2.5,9.0,105.53,91.34,0.0,0.0,0.0,0.0,0,static
2024-11-25,1314,57817,OSELTAMIVIR 45MG CAPS/10 GN-NATCOF,0,2.5,9.0,105.53,91.34,0.0,0.0,0.0,0.0,0,static
2024-11-26,1314,57817,OSELTAMIVIR 45MG CAPS/10 GN-NATCOF,0,2.5,9.0,105.53,91.34,0.0,0.0,0.0,0.0,0,static
2024-11-27,1314,57817,OSELTAMIVIR 45MG CAPS/10 GN-NATCOF,0,2.5,9.0,105.53,91.34,0.0,0.0,0.0,0.0,0,static
2024-11-28,1314,57817,OSELTAMIVIR 45MG CAPS/10 GN-NATCOF,0,2.5,9.0,105.53,91.34,0.0,0.0,0.0,0.0,0,static
2024-11-29,1314,57817,OSELTAMIVIR 45MG CAPS/10 GN-NATCOF,1,2.5,9.0,105.53,91.34,0.0,0.0,0.0,0.0,0,static
2024-11-30,1314,57817,OSELTAMIVIR 45MG CAPS/10 GN-NATCOF,0,2.5,9.0,105.53,91.34,0.0,0.0,0.0,0.0,0,static
2024-12-01,1314,57817,OSELTAMIVIR 45MG CAPS/10 GN-NATCOF,0,2.5,9.0,105.53,91.34,0.0,0.0,0.0,0.0,0,static
2024-12-02,1314,57817,OSELTAMIVIR 45MG CAPS/10 GN-NATCOF,0,2.5,9.0,105.53,91.34,0.0,0.0,0.0,0.0,0,static
2024-12-03,1314,57817,OSELTAMIVIR 45MG CAPS/10 GN-NATCOF,0,2.5,9.0,105.53,91.34,0.0,0.0,0.0,0.0,0,static
2024-12-04,1314,57817,OSELTAMIVIR 45MG CAPS/10 GN-NATCOF,0,2.5,9.0,105.53,91.34,0.0,0.0,0.0,0.0,0,static
2024-12-05,1314,57817,OSELTAMIVIR 45MG CAPS/10 GN-NATCOF,0,2.5,9.0,105.53,91.34,0.0,0.0,0.0,0.0,0,static
2024-12-06,1314,57817,OSELTAMIVIR 45MG CAPS/10 GN-NATCOF,1,2.5,9.0,105.53,91.34,0.0,0.0,0.0,0.0,0,static
2024-12-07,1314,57817,OSELTAMIVIR 45MG CAPS/10 GN-NATCOF,0,2.5,9.0,105.53,91.34,0.0,0.0,0.0,0.0,0,static
2024-12-08,1314,57817,OSELTAMIVIR 45MG CAPS/10 GN-NATCOF,0,2.5,9.0,105.53,91.34,0.0,0.0,0.0,0.0,0,static
2024-12-09,1314,57817,OSELTAMIVIR 45MG CAPS/10 GN-NATCOF,0,2.5,9.0,105.53,91.34,0.0,0.0,0.0,0.0,0,static
2024-12-10,1314,57817,OSELTAMIVIR 45MG CAPS/10 GN-NATCOF,0,2.5,9.0,105.53,91.34,0.0,0.0,0.0,0.0,0,static
2024-12-11,1314,57817,OSELTAMIVIR 45MG CAPS/10 GN-NATCOF,0,2.5,9.0,105.53,91.34,0.0,0.0,0.0,0.0,0,static
2024-12-12,1314,57817,OSELTAMIVIR 45MG CAPS/10 GN-NATCOF,0,2.5,9.0,105.53,91.34,0.0,0.0,0.0,0.0,0,static
2024-12-13,1314,57817,OSELTAMIVIR 45MG CAPS/10 GN-NATCOF,1,2.5,9.0,105.53,91.34,0.0,0.0,0.0,0.0,0,static
2024-12-14,1314,57817,OSELTAMIVIR 45MG CAPS/10 GN-NATCOF,0,2.5,9.0,105.53,91.34,0.0,0.0,0.0,0.0,0,static
2024-12-15,1314,57817,OSELTAMIVIR 45MG CAPS/10 GN-NATCOF,0,2.5,9.0,105.53,91.34,0.0,0.0,0.0,0.0,0,static
2024-12-16,1314,57817,OSELTAMIVIR 45MG CAPS/10 GN-NATCOF,0,2.5,9.0,105.53,91.34,0.0,0.0,0.0,0.0,0,static
2024-12-17,1314,57817,OSELTAMIVIR 45MG CAPS/10 GN-NATCOF,0,2.5,9.0,105.53,91.34,0.0,0.0,0.0,0.0,0,static
2024-12-18,1314,57817,OSELTAMIVIR 45MG CAPS/10 GN-NATCOF,0,2.5,9.0,105.53,91.34,0.0,0.0,0.0,0.0,0,static
2024-12-19,1314,57817,OSELTAMIVIR 45MG CAPS/10 GN-NATCOF,0,2.5,9.0,105.53,91.34,0.0,0.0,0.0,0.0,0,static
2024-12-20,1314,57817,OSELTAMIVIR 45MG CAPS/10 GN-NATCOF,1,2.5,9.0,105.53,91.34,0.0,0.0,0.0,0.0,0,static
2024-12-21,1314,57817,OSELTAMIVIR 45MG CAPS/10 GN-NATCOF,0,2.5,9.0,105.53,91.34,0.0,0.0,0.0,0.0,0,static
2024-12-22,1314,57817,OSELTAMIVIR 45MG CAPS/10 GN-NATCOF,0,2.5,9.0,105.53,91.34,0.0,0.0,0.0,0.0,0,static
2024-12-23,1314,57817,OSELTAMIVIR 45MG CAPS/10 GN-NATCOF,0,2.5,9.0,105.53,91.34,0.0,0.0,0.0,0.0,0,static
2024-12-24,1314,57817,OSELTAMIVIR 45MG CAPS/10 GN-NATCOF,0,2.5,9.0,105.53,91.34,0.0,0.0,0.0,0.0,0,static
2024-12-25,1314,57817,OSELTAMIVIR 45MG CAPS/10 GN-NATCOF,0,2.5,9.0,105.53,91.34,0.0,0.0,0.0,0.0,0,static
2024-12-26,1314,57817,OSELTAMIVIR 45MG CAPS/10 GN-NATCOF,0,2.5,9.0,105.53,91.34,0.0,0.0,0.0,0.0,0,static
2024-12-27,1314,57817,OSELTAMIVIR 45MG CAPS/10 GN-NATCOF,1,2.5,9.0,105.53,91.34,0.0,0.0,0.0,0.0,0,static
2024-12-28,1314,57817,OSELTAMIVIR 45MG CAPS/10 GN-NATCOF,0,2.5,9.0,105.53,91.34,0.0,0.0,0.0,0.0,0,static
2024-12-29,1314,57817,OSELTAMIVIR 45MG CAPS/10 GN-NATCOF,0,2.5,9.0,105.53,91.34,0.0,0.0,0.0,0.0,0,static
2024-12-30,1314,57817,OSELTAMIVIR 45MG CAPS/10 GN-NATCOF,0,2.5,9.0,105.53,91.34,0.0,0.0,0.0,0.0,0,static
2024-12-31,1314,57817,OSELTAMIVIR 45MG CAPS/10 GN-NATCOF,0,2.5,9.0,105.53,91.34,0.0,0.0,0.0,0.0,0,static
2024-10-01,1314,57912,LORATAMED D XPE 60ML,0,2.1725490196078434,9.0,23.87,13.67,0.0,0.0,0.0,0.0,0,static
2024-10-02,1314,57912,LORATAMED D XPE 60ML,0,2.1725490196078434,9.0,23.87,13.67,0.0,0.0,0.0,0.0,0,static
2024-10-03,1314,57912,LORATAMED D XPE 60ML,0,2.1725490196078434,9.0,23.87,13.67,0.0,0.0,0.0,0.0,0,static
2024-10-04,1314,57912,LORATAMED D XPE 60ML,0,2.1725490196078434,9.0,23.87,13.67,0.0,0.0,0.0,0.0,0,static
2024-10-05,1314,57912,LORATAMED D XPE 60ML,0,2.1725490196078434,9.0,23.87,13.67,0.0,0.0,0.0,0.0,0,static
2024-10-06,1314,57912,LORATAMED D XPE 60ML,0,2.1725490196078434,9.0,23.87,13.67,0.0,0.0,0.0,0.0,0,static
2024-10-07,1314,57912,LORATAMED D XPE 60ML,0,2.1725490196078434,9.0,23.87,13.67,0.0,0.0,0.0,0.0,0,static
2024-10-08,1314,57912,LORATAMED D XPE 60ML,0,2.1725490196078434,9.0,23.87,13.67,0.0,0.0,0.0,0.0,0,static
2024-10-09,1314,57912,LORATAMED D XPE 60ML,0,2.1725490196078434,9.0,23.87,13.67,0.0,0.0,0.0,0.0,0,static
2024-10-10,1314,57912,LORATAMED D XPE 60ML,0,2.1725490196078434,9.0,23.87,13.67,0.0,0.0,0.0,0.0,0,static
2024-10-11,1314,57912,LORATAMED D XPE 60ML,0,2.1725490196078434,9.0,23.87,13.67,0.0,0.0,0.0,0.0,0,static
2024-10-12,1314,57912,LORATAMED D XPE 60ML,0,2.1725490196078434,9.0,23.87,13.67,0.0,0.0,0.0,0.0,0,static
2024-10-13,1314,57912,LORATAMED D XPE 60ML,0,2.1725490196078434,9.0,23.87,13.67,0.0,0.0,0.0,0.0,0,static
2024-10-14,1314,57912,LORATAMED D XPE 60ML,0,2.1725490196078434,9.0,23.87,13.67,0.0,0.0,0.0,0.0,0,static
2024-10-15,1314,57912,LORATAMED D XPE 60ML,0,2.1725490196078434,9.0,23.87,13.67,0.0,0.0,0.0,0.0,0,static
2024-10-16,1314,57912,LORATAMED D XPE 60ML,0,2.1725490196078434,9.0,23.87,13.67,0.0,0.0,0.0,0.0,0,static
2024-10-17,1314,57912,LORATAMED D XPE 60ML,0,2.1725490196078434,9.0,23.87,13.67,0.0,0.0,0.0,0.0,0,static
2024-10-18,1314,57912,LORATAMED D XPE 60ML,0,2.1725490196078434,9.0,23.87,13.67,0.0,0.0,0.0,0.0,0,static
2024-10-19,1314,57912,LORATAMED D XPE 60ML,0,2.1725490196078434,9.0,23.87,13.67,0.0,0.0,0.0,0.0,0,static
2024-10-20,1314,57912,LORATAMED D XPE 60ML,0,2.1725490196078434,9.0,23.87,13.67,0.0,0.0,0.0,0.0,0,static
2024-10-21,1314,57912,LORATAMED D XPE 60ML,0,2.1725490196078434,9.0,23.87,13.67,0.0,0.0,0.0,0.0,0,static
2024-10-22,1314,57912,LORATAMED D XPE 60ML,0,2.1725490196078434,9.0,23.87,13.67,0.0,0.0,0.0,0.0,0,static
2024-10-23,1314,57912,LORATAMED D XPE 60ML,0,2.1725490196078434,9.0,23.87,13.67,0.0,0.0,0.0,0.0,0,static
2024-10-24,1314,57912,LORATAMED D XPE 60ML,0,2.1725490196078434,9.0,23.87,13.67,0.0,0.0,0.0,0.0,0,static
2024-10-25,1314,57912,LORATAMED D XPE 60ML,0,2.1725490196078434,9.0,23.87,13.67,0.0,0.0,0.0,0.0,0,static
2024-10-26,1314,57912,LORATAMED D XPE 60ML,0,2.1725490196078434,9.0,23.87,13.67,0.0,0.0,0.0,0.0,0,static
2024-10-27,1314,57912,LORATAMED D XPE 60ML,0,2.1725490196078434,9.0,23.87,13.67,0.0,0.0,0.0,0.0,0,static
2024-10-28,1314,57912,LORATAMED D XPE 60ML,0,2.1725490196078434,9.0,23.87,13.67,0.0,0.0,0.0,0.0,0,static
2024-10-29,1314,57912,LORATAMED D XPE 60ML,0,2.1725490196078434,9.0,23.87,13.67,0.0,0.0,0.0,0.0,0,static
2024-10-30,1314,57912,LORATAMED D XPE 60ML,0,2.1725490196078434,9.0,23.87,13.67,0.0,0.0,0.0,0.0,0,static
2024-10-31,1314,57912,LORATAMED D XPE 60ML,0,2.1725490196078434,9.0,23.87,13.67,0.0,0.0,0.0,0.0,0,static
2024-11-01,1314,57912,LORATAMED D XPE 60ML,0,2.1725490196078434,9.0,23.87,13.67,0.0,0.0,0.0,0.0,0,static
2024-11-02,1314,57912,LORATAMED D XPE 60ML,0,2.1725490196078434,9.0,23.87,13.67,0.0,0.0,0.0,0.0,0,static
2024-11-03,1314,57912,LORATAMED D XPE 60ML,0,2.1725490196078434,9.0,23.87,13.67,0.0,0.0,0.0,0.0,0,static
2024-11-04,1314,57912,LORATAMED D XPE 60ML,0,2.1725490196078434,9.0,23.87,13.67,0.0,0.0,0.0,0.0,0,static
2024-11-05,1314,57912,LORATAMED D XPE 60ML,0,2.1725490196078434,9.0,23.87,13.67,0.0,0.0,0.0,0.0,0,static
2024-11-06,1314,57912,LORATAMED D XPE 60ML,0,2.1725490196078434,9.0,23.87,13.67,0.0,0.0,0.0,0.0,0,static
2024-11-07,1314,57912,LORATAMED D XPE 60ML,0,2.1725490196078434,9.0,23.87,13.67,0.0,0.0,0.0,0.0,0,static
2024-11-08,1314,57912,LORATAMED D XPE 60ML,0,2.1725490196078434,9.0,23.87,13.67,0.0,0.0,0.0,0.0,0,static
2024-11-09,1314,57912,LORATAMED D XPE 60ML,0,2.1725490196078434,9.0,23.87,13.67,0.0,0.0,0.0,0.0,0,static
2024-11-10,1314,57912,LORATAMED D XPE 60ML,0,2.1725490196078434,9.0,23.87,13.67,0.0,0.0,0.0,0.0,0,static
2024-11-11,1314,57912,LORATAMED D XPE 60ML,0,2.1725490196078434,9.0,23.87,13.67,0.0,0.0,0.0,0.0,0,static
2024-11-12,1314,57912,LORATAMED D XPE 60ML,0,2.1725490196078434,9.0,23.87,13.67,0.0,0.0,0.0,0.0,0,static
2024-11-13,1314,57912,LORATAMED D XPE 60ML,0,2.1725490196078434,9.0,23.87,13.67,0.0,0.0,0.0,0.0,0,static
2024-11-14,1314,57912,LORATAMED D XPE 60ML,0,2.1725490196078434,9.0,23.87,13.67,0.0,0.0,0.0,0.0,0,static
2024-11-15,1314,57912,LORATAMED D XPE 60ML,0,2.1725490196078434,9.0,23.87,13.67,0.0,0.0,0.0,0.0,0,static
2024-11-16,1314,57912,LORATAMED D XPE 60ML,0,2.1725490196078434,9.0,23.87,13.67,0.0,0.0,0.0,0.0,0,static
2024-11-17,1314,57912,LORATAMED D XPE 60ML,0,2.1725490196078434,9.0,23.87,13.67,0.0,0.0,0.0,0.0,0,static
2024-11-18,1314,57912,LORATAMED D XPE 60ML,0,2.1725490196078434,9.0,23.87,13.67,0.0,0.0,0.0,0.0,0,static
2024-11-19,1314,57912,LORATAMED D XPE 60ML,0,2.1725490196078434,9.0,23.87,13.67,0.0,0.0,0.0,0.0,0,static
2024-11-20,1314,57912,LORATAMED D XPE 60ML,0,2.1725490196078434,9.0,23.87,13.67,0.0,0.0,0.0,0.0,0,static
2024-11-21,1314,57912,LORATAMED D XPE 60ML,0,2.1725490196078434,9.0,23.87,13.67,0.0,0.0,0.0,0.0,0,static
2024-11-22,1314,57912,LORATAMED D XPE 60ML,0,2.1725490196078434,9.0,23.87,13.67,0.0,0.0,0.0,0.0,0,static
2024-11-23,1314,57912,LORATAMED D XPE 60ML,0,2.1725490196078434,9.0,23.87,13.67,0.0,0.0,0.0,0.0,0,static
2024-11-24,1314,57912,LORATAMED D XPE 60ML,0,2.1725490196078434,9.0,23.87,13.67,0.0,0.0,0.0,0.0,0,static
2024-11-25,1314,57912,LORATAMED D XPE 60ML,0,2.1725490196078434,9.0,23.87,13.67,0.0,0.0,0.0,0.0,0,static
2024-11-26,1314,57912,LORATAMED D XPE 60ML,0,2.1725490196078434,9.0,23.87,13.67,0.0,0.0,0.0,0.0,0,static
2024-11-27,1314,57912,LORATAMED D XPE 60ML,0,2.1725490196078434,9.0,23.87,13.67,0.0,0.0,0.0,0.0,0,static
2024-11-28,1314,57912,LORATAMED D XPE 60ML,0,2.1725490196078434,9.0,23.87,13.67,0.0,0.0,0.0,0.0,0,static
2024-11-29,1314,57912,LORATAMED D XPE 60ML,0,2.1725490196078434,9.0,23.87,13.67,0.0,0.0,0.0,0.0,0,static
2024-11-30,1314,57912,LORATAMED D XPE 60ML,0,2.1725490196078434,9.0,23.87,13.67,0.0,0.0,0.0,0.0,0,static
2024-12-01,1314,57912,LORATAMED D XPE 60ML,0,2.1725490196078434,9.0,23.87,13.67,0.0,0.0,0.0,0.0,0,static
2024-12-02,1314,57912,LORATAMED D XPE 60ML,0,2.1725490196078434,9.0,23.87,13.67,0.0,0.0,0.0,0.0,0,static
2024-12-03,1314,57912,LORATAMED D XPE 60ML,0,2.1725490196078434,9.0,23.87,13.67,0.0,0.0,0.0,0.0,0,static
2024-12-04,1314,57912,LORATAMED D XPE 60ML,0,2.1725490196078434,9.0,23.87,13.67,0.0,0.0,0.0,0.0,0,static
2024-12-05,1314,57912,LORATAMED D XPE 60ML,0,2.1725490196078434,9.0,23.87,13.67,0.0,0.0,0.0,0.0,0,static
2024-12-06,1314,57912,LORATAMED D XPE 60ML,0,2.1725490196078434,9.0,23.87,13.67,0.0,0.0,0.0,0.0,0,static
2024-12-07,1314,57912,LORATAMED D XPE 60ML,0,2.1725490196078434,9.0,23.87,13.67,0.0,0.0,0.0,0.0,0,static
2024-12-08,1314,57912,LORATAMED D XPE 60ML,0,2.1725490196078434,9.0,23.87,13.67,0.0,0.0,0.0,0.0,0,static
2024-12-09,1314,57912,LORATAMED D XPE 60ML,0,2.1725490196078434,9.0,23.87,13.67,0.0,0.0,0.0,0.0,0,static
2024-12-10,1314,57912,LORATAMED D XPE 60ML,0,2.1725490196078434,9.0,23.87,13.67,0.0,0.0,0.0,0.0,0,static
2024-12-11,1314,57912,LORATAMED D XPE 60ML,0,2.1725490196078434,9.0,23.87,13.67,0.0,0.0,0.0,0.0,0,static
2024-12-12,1314,57912,LORATAMED D XPE 60ML,0,2.1725490196078434,9.0,23.87,13.67,0.0,0.0,0.0,0.0,0,static
2024-12-13,1314,57912,LORATAMED D XPE 60ML,0,2.1725490196078434,9.0,23.87,13.67,0.0,0.0,0.0,0.0,0,static
2024-12-14,1314,57912,LORATAMED D XPE 60ML,0,2.1725490196078434,9.0,23.87,13.67,0.0,0.0,0.0,0.0,0,static
2024-12-15,1314,57912,LORATAMED D XPE 60ML,0,2.1725490196078434,9.0,23.87,13.67,0.0,0.0,0.0,0.0,0,static
2024-12-16,1314,57912,LORATAMED D XPE 60ML,0,2.1725490196078434,9.0,23.87,13.67,0.0,0.0,0.0,0.0,0,static
2024-12-17,1314,57912,LORATAMED D XPE 60ML,0,2.1725490196078434,9.0,23.87,13.67,0.0,0.0,0.0,0.0,0,static
2024-12-18,1314,57912,LORATAMED D XPE 60ML,0,2.1725490196078434,9.0,23.87,13.67,0.0,0.0,0.0,0.0,0,static
2024-12-19,1314,57912,LORATAMED D XPE 60ML,0,2.1725490196078434,9.0,23.87,13.67,0.0,0.0,0.0,0.0,0,static
2024-12-20,1314,57912,LORATAMED D XPE 60ML,0,2.1725490196078434,9.0,23.87,13.67,0.0,0.0,0.0,0.0,0,static
2024-12-21,1314,57912,LORATAMED D XPE 60ML,0,2.1725490196078434,9.0,23.87,13.67,0.0,0.0,0.0,0.0,0,static
2024-12-22,1314,57912,LORATAMED D XPE 60ML,0,2.1725490196078434,9.0,23.87,13.67,0.0,0.0,0.0,0.0,0,static
2024-12-23,1314,57912,LORATAMED D XPE 60ML,0,2.1725490196078434,9.0,23.87,13.67,0.0,0.0,0.0,0.0,0,static
2024-12-24,1314,57912,LORATAMED D XPE 60ML,0,2.1725490196078434,9.0,23.87,13.67,0.0,0.0,0.0,0.0,0,static
2024-12-25,1314,57912,LORATAMED D XPE 60ML,0,2.1725490196078434,9.0,23.87,13.67,0.0,0.0,0.0,0.0,0,static
2024-12-26,1314,57912,LORATAMED D XPE 60ML,0,2.1725490196078434,9.0,23.87,13.67,0.0,0.0,0.0,0.0,0,static
2024-12-27,1314,57912,LORATAMED D XPE 60ML,0,2.1725490196078434,9.0,23.87,13.67,0.0,0.0,0.0,0.0,0,static
2024-12-28,1314,57912,LORATAMED D XPE 60ML,0,2.1725490196078434,9.0,23.87,13.67,0.0,0.0,0.0,0.0,0,static
2024-12-29,1314,57912,LORATAMED D XPE 60ML,0,2.1725490196078434,9.0,23.87,13.67,0.0,0.0,0.0,0.0,0,static
2024-12-30,1314,57912,LORATAMED D XPE 60ML,0,2.1725490196078434,9.0,23.87,13.67,0.0,0.0,0.0,0.0,0,static
2024-12-31,1314,57912,LORATAMED D XPE 60ML,0,2.1725490196078434,9.0,23.87,13.67,0.0,0.0,0.0,0.0,0,static
2024-10-01,1314,58701,ABRILAR XAROPE L-MENTOL 200ML,0,2.5,9.0,65.43,55.87,0.0,0.0,0.0,0.0,0,static
2024-10-02,1314,58701,ABRILAR XAROPE L-MENTOL 200ML,0,2.5,9.0,65.43,55.87,0.0,0.0,0.0,0.0,0,static
2024-10-03,1314,58701,ABRILAR XAROPE L-MENTOL 200ML,0,2.5,9.0,65.43,55.87,0.0,0.0,0.0,0.0,0,static
2024-10-04,1314,58701,ABRILAR XAROPE L-MENTOL 200ML,0,2.5,9.0,65.43,55.87,0.0,0.0,0.0,0.0,0,static
2024-10-05,1314,58701,ABRILAR XAROPE L-MENTOL 200ML,0,2.5,9.0,65.43,55.87,0.0,0.0,0.0,0.0,0,static
2024-10-06,1314,58701,ABRILAR XAROPE L-MENTOL 200ML,0,2.5,9.0,65.43,55.87,0.0,0.0,0.0,0.0,0,static
2024-10-07,1314,58701,ABRILAR XAROPE L-MENTOL 200ML,0,2.5,9.0,65.43,55.87,0.0,0.0,0.0,0.0,0,static
2024-10-08,1314,58701,ABRILAR XAROPE L-MENTOL 200ML,0,2.5,9.0,65.43,55.87,0.0,0.0,0.0,0.0,0,static
2024-10-09,1314,58701,ABRILAR XAROPE L-MENTOL 200ML,0,2.5,9.0,65.43,55.87,0.0,0.0,0.0,0.0,0,static
2024-10-10,1314,58701,ABRILAR XAROPE L-MENTOL 200ML,0,2.5,9.0,65.43,55.87,0.0,0.0,0.0,0.0,0,static
2024-10-11,1314,58701,ABRILAR XAROPE L-MENTOL 200ML,0,2.5,9.0,65.43,55.87,0.0,0.0,0.0,0.0,0,static
2024-10-12,1314,58701,ABRILAR XAROPE L-MENTOL 200ML,0,2.5,9.0,65.43,55.87,0.0,0.0,0.0,0.0,0,static
2024-10-13,1314,58701,ABRILAR XAROPE L-MENTOL 200ML,0,2.5,9.0,65.43,55.87,0.0,0.0,0.0,0.0,0,static
2024-10-14,1314,58701,ABRILAR XAROPE L-MENTOL 200ML,0,2.5,9.0,65.43,55.87,0.0,0.0,0.0,0.0,0,static
2024-10-15,1314,58701,ABRILAR XAROPE L-MENTOL 200ML,0,2.5,9.0,65.43,55.87,0.0,0.0,0.0,0.0,0,static
2024-10-16,1314,58701,ABRILAR XAROPE L-MENTOL 200ML,0,2.5,9.0,65.43,55.87,0.0,0.0,0.0,0.0,0,static
2024-10-17,1314,58701,ABRILAR XAROPE L-MENTOL 200ML,0,2.5,9.0,65.43,55.87,0.0,0.0,0.0,0.0,0,static
2024-10-18,1314,58701,ABRILAR XAROPE L-MENTOL 200ML,0,2.5,9.0,65.43,55.87,0.0,0.0,0.0,0.0,0,static
2024-10-19,1314,58701,ABRILAR XAROPE L-MENTOL 200ML,0,2.5,9.0,65.43,55.87,0.0,0.0,0.0,0.0,0,static
2024-10-20,1314,58701,ABRILAR XAROPE L-MENTOL 200ML,0,2.5,9.0,65.43,55.87,0.0,0.0,0.0,0.0,0,static
2024-10-21,1314,58701,ABRILAR XAROPE L-MENTOL 200ML,0,2.5,9.0,65.43,55.87,0.0,0.0,0.0,0.0,0,static
2024-10-22,1314,58701,ABRILAR XAROPE L-MENTOL 200ML,0,2.5,9.0,65.43,55.87,0.0,0.0,0.0,0.0,0,static
2024-10-23,1314,58701,ABRILAR XAROPE L-MENTOL 200ML,0,2.5,9.0,65.43,55.87,0.0,0.0,0.0,0.0,0,static
2024-10-24,1314,58701,ABRILAR XAROPE L-MENTOL 200ML,0,2.5,9.0,65.43,55.87,0.0,0.0,0.0,0.0,0,static
2024-10-25,1314,58701,ABRILAR XAROPE L-MENTOL 200ML,0,2.5,9.0,65.43,55.87,0.0,0.0,0.0,0.0,0,static
2024-10-26,1314,58701,ABRILAR XAROPE L-MENTOL 200ML,0,2.5,9.0,65.43,55.87,0.0,0.0,0.0,0.0,0,static
2024-10-27,1314,58701,ABRILAR XAROPE L-MENTOL 200ML,0,2.5,9.0,65.43,55.87,0.0,0.0,0.0,0.0,0,static
2024-10-28,1314,58701,ABRILAR XAROPE L-MENTOL 200ML,0,2.5,9.0,65.43,55.87,0.0,0.0,0.0,0.0,0,static
2024-10-29,1314,58701,ABRILAR XAROPE L-MENTOL 200ML,0,2.5,9.0,65.43,55.87,0.0,0.0,0.0,0.0,0,static
2024-10-30,1314,58701,ABRILAR XAROPE L-MENTOL 200ML,0,2.5,9.0,65.43,55.87,0.0,0.0,0.0,0.0,0,static
2024-10-31,1314,58701,ABRILAR XAROPE L-MENTOL 200ML,0,2.5,9.0,65.43,55.87,0.0,0.0,0.0,0.0,0,static
2024-11-01,1314,58701,ABRILAR XAROPE L-MENTOL 200ML,0,2.5,9.0,65.43,55.87,0.0,0.0,0.0,0.0,0,static
2024-11-02,1314,58701,ABRILAR XAROPE L-MENTOL 200ML,0,2.5,9.0,65.43,55.87,0.0,0.0,0.0,0.0,0,static
2024-11-03,1314,58701,ABRILAR XAROPE L-MENTOL 200ML,0,2.5,9.0,65.43,55.87,0.0,0.0,0.0,0.0,0,static
2024-11-04,1314,58701,ABRILAR XAROPE L-MENTOL 200ML,0,2.5,9.0,65.43,55.87,0.0,0.0,0.0,0.0,0,static
2024-11-05,1314,58701,ABRILAR XAROPE L-MENTOL 200ML,0,2.5,9.0,65.43,55.87,0.0,0.0,0.0,0.0,0,static
2024-11-06,1314,58701,ABRILAR XAROPE L-MENTOL 200ML,0,2.5,9.0,65.43,55.87,0.0,0.0,0.0,0.0,0,static
2024-11-07,1314,58701,ABRILAR XAROPE L-MENTOL 200ML,0,2.5,9.0,65.43,55.87,0.0,0.0,0.0,0.0,0,static
2024-11-08,1314,58701,ABRILAR XAROPE L-MENTOL 200ML,0,2.5,9.0,65.43,55.87,0.0,0.0,0.0,0.0,0,static
2024-11-09,1314,58701,ABRILAR XAROPE L-MENTOL 200ML,0,2.5,9.0,65.43,55.87,0.0,0.0,0.0,0.0,0,static
2024-11-10,1314,58701,ABRILAR XAROPE L-MENTOL 200ML,0,2.5,9.0,65.43,55.87,0.0,0.0,0.0,0.0,0,static
2024-11-11,1314,58701,ABRILAR XAROPE L-MENTOL 200ML,0,2.5,9.0,65.43,55.87,0.0,0.0,0.0,0.0,0,static
2024-11-12,1314,58701,ABRILAR XAROPE L-MENTOL 200ML,0,2.5,9.0,65.43,55.87,0.0,0.0,0.0,0.0,0,static
2024-11-13,1314,58701,ABRILAR XAROPE L-MENTOL 200ML,0,2.5,9.0,65.43,55.87,0.0,0.0,0.0,0.0,0,static
2024-11-14,1314,58701,ABRILAR XAROPE L-MENTOL 200ML,0,2.5,9.0,65.43,55.87,0.0,0.0,0.0,0.0,0,static
2024-11-15,1314,58701,ABRILAR XAROPE L-MENTOL 200ML,0,2.5,9.0,65.43,55.87,0.0,0.0,0.0,0.0,0,static
2024-11-16,1314,58701,ABRILAR XAROPE L-MENTOL 200ML,0,2.5,9.0,65.43,55.87,0.0,0.0,0.0,0.0,0,static
2024-11-17,1314,58701,ABRILAR XAROPE L-MENTOL 200ML,0,2.5,9.0,65.43,55.87,0.0,0.0,0.0,0.0,0,static
2024-11-18,1314,58701,ABRILAR XAROPE L-MENTOL 200ML,0,2.5,9.0,65.43,55.87,0.0,0.0,0.0,0.0,0,static
2024-11-19,1314,58701,ABRILAR XAROPE L-MENTOL 200ML,0,2.5,9.0,65.43,55.87,0.0,0.0,0.0,0.0,0,static
2024-11-20,1314,58701,ABRILAR XAROPE L-MENTOL 200ML,0,2.5,9.0,65.43,55.87,0.0,0.0,0.0,0.0,0,static
2024-11-21,1314,58701,ABRILAR XAROPE L-MENTOL 200ML,0,2.5,9.0,65.43,55.87,0.0,0.0,0.0,0.0,0,static
2024-11-22,1314,58701,ABRILAR XAROPE L-MENTOL 200ML,0,2.5,9.0,65.43,55.87,0.0,0.0,0.0,0.0,0,static
2024-11-23,1314,58701,ABRILAR XAROPE L-MENTOL 200ML,0,2.5,9.0,65.43,55.87,0.0,0.0,0.0,0.0,0,static
2024-11-24,1314,58701,ABRILAR XAROPE L-MENTOL 200ML,0,2.5,9.0,65.43,55.87,0.0,0.0,0.0,0.0,0,static
2024-11-25,1314,58701,ABRILAR XAROPE L-MENTOL 200ML,0,2.5,9.0,65.43,55.87,0.0,0.0,0.0,0.0,0,static
2024-11-26,1314,58701,ABRILAR XAROPE L-MENTOL 200ML,0,2.5,9.0,65.43,55.87,0.0,0.0,0.0,0.0,0,static
2024-11-27,1314,58701,ABRILAR XAROPE L-MENTOL 200ML,0,2.5,9.0,65.43,55.87,0.0,0.0,0.0,0.0,0,static
2024-11-28,1314,58701,ABRILAR XAROPE L-MENTOL 200ML,0,2.5,9.0,65.43,55.87,0.0,0.0,0.0,0.0,0,static
2024-11-29,1314,58701,ABRILAR XAROPE L-MENTOL 200ML,0,2.5,9.0,65.43,55.87,0.0,0.0,0.0,0.0,0,static
2024-11-30,1314,58701,ABRILAR XAROPE L-MENTOL 200ML,0,2.5,9.0,65.43,55.87,0.0,0.0,0.0,0.0,0,static
2024-12-01,1314,58701,ABRILAR XAROPE L-MENTOL 200ML,0,2.5,9.0,65.43,55.87,0.0,0.0,0.0,0.0,0,static
2024-12-02,1314,58701,ABRILAR XAROPE L-MENTOL 200ML,0,2.5,9.0,65.43,55.87,0.0,0.0,0.0,0.0,0,static
2024-12-03,1314,58701,ABRILAR XAROPE L-MENTOL 200ML,0,2.5,9.0,65.43,55.87,0.0,0.0,0.0,0.0,0,static
2024-12-04,1314,58701,ABRILAR XAROPE L-MENTOL 200ML,0,2.5,9.0,65.43,55.87,0.0,0.0,0.0,0.0,0,static
2024-12-05,1314,58701,ABRILAR XAROPE L-MENTOL 200ML,0,2.5,9.0,65.43,55.87,0.0,0.0,0.0,0.0,0,static
2024-12-06,1314,58701,ABRILAR XAROPE L-MENTOL 200ML,0,2.5,9.0,65.43,55.87,0.0,0.0,0.0,0.0,0,static
2024-12-07,1314,58701,ABRILAR XAROPE L-MENTOL 200ML,0,2.5,9.0,65.43,55.87,0.0,0.0,0.0,0.0,0,static
2024-12-08,1314,58701,ABRILAR XAROPE L-MENTOL 200ML,0,2.5,9.0,65.43,55.87,0.0,0.0,1.0,1.0,0,static
2024-12-09,1314,58701,ABRILAR XAROPE L-MENTOL 200ML,0,2.5,9.0,65.43,55.87,0.0,0.0,0.0,0.0,0,static
2024-12-10,1314,58701,ABRILAR XAROPE L-MENTOL 200ML,0,2.5,9.0,65.43,55.87,0.0,0.0,0.0,0.0,0,static
2024-12-11,1314,58701,ABRILAR XAROPE L-MENTOL 200ML,0,2.5,9.0,65.43,55.87,0.0,0.0,0.0,0.0,0,static
2024-12-12,1314,58701,ABRILAR XAROPE L-MENTOL 200ML,0,2.5,9.0,65.43,55.87,0.0,0.0,0.0,0.0,0,static
2024-12-13,1314,58701,ABRILAR XAROPE L-MENTOL 200ML,0,2.5,9.0,65.43,55.87,0.0,0.0,0.0,0.0,0,static
2024-12-14,1314,58701,ABRILAR XAROPE L-MENTOL 200ML,0,2.5,9.0,65.43,55.87,0.0,0.0,0.0,0.0,0,static
2024-12-15,1314,58701,ABRILAR XAROPE L-MENTOL 200ML,0,2.5,9.0,65.43,55.87,0.0,0.0,0.0,0.0,0,static
2024-12-16,1314,58701,ABRILAR XAROPE L-MENTOL 200ML,0,2.5,9.0,65.43,55.87,0.0,0.0,0.0,0.0,0,static
2024-12-17,1314,58701,ABRILAR XAROPE L-MENTOL 200ML,0,2.5,9.0,65.43,55.87,0.0,0.0,0.0,0.0,0,static
2024-12-18,1314,58701,ABRILAR XAROPE L-MENTOL 200ML,0,2.5,9.0,65.43,55.87,0.0,0.0,0.0,0.0,0,static
2024-12-19,1314,58701,ABRILAR XAROPE L-MENTOL 200ML,0,2.5,9.0,65.43,55.87,0.0,0.0,0.0,0.0,0,static
2024-12-20,1314,58701,ABRILAR XAROPE L-MENTOL 200ML,0,2.5,9.0,65.43,55.87,0.0,0.0,0.0,0.0,0,static
2024-12-21,1314,58701,ABRILAR XAROPE L-MENTOL 200ML,0,2.5,9.0,65.43,55.87,0.0,0.0,0.0,0.0,0,static
2024-12-22,1314,58701,ABRILAR XAROPE L-MENTOL 200ML,0,2.5,9.0,65.43,55.87,0.0,0.0,0.0,0.0,0,static
2024-12-23,1314,58701,ABRILAR XAROPE L-MENTOL 200ML,0,2.5,9.0,65.43,55.87,0.0,0.0,0.0,0.0,0,static
2024-12-24,1314,58701,ABRILAR XAROPE L-MENTOL 200ML,0,2.5,9.0,65.43,55.87,0.0,0.0,0.0,0.0,0,static
2024-12-25,1314,58701,ABRILAR XAROPE L-MENTOL 200ML,0,2.5,9.0,65.43,55.87,0.0,0.0,0.0,0.0,0,static
2024-12-26,1314,58701,ABRILAR XAROPE L-MENTOL 200ML,0,2.5,9.0,65.43,55.87,0.0,0.0,0.0,0.0,0,static
2024-12-27,1314,58701,ABRILAR XAROPE L-MENTOL 200ML,0,2.5,9.0,65.43,55.87,0.0,0.0,0.0,0.0,0,static
2024-12-28,1314,58701,ABRILAR XAROPE L-MENTOL 200ML,0,2.5,9.0,65.43,55.87,0.0,0.0,0.0,0.0,0,static
2024-12-29,1314,58701,ABRILAR XAROPE L-MENTOL 200ML,0,2.5,9.0,65.43,55.87,0.0,0.0,0.0,0.0,0,static
2024-12-30,1314,58701,ABRILAR XAROPE L-MENTOL 200ML,0,2.5,9.0,65.43,55.87,0.0,0.0,0.0,0.0,0,static
2024-12-31,1314,58701,ABRILAR XAROPE L-MENTOL 200ML,0,2.5,9.0,65.43,55.87,0.0,0.0,0.0,0.0,0,static
2024-10-01,1314,62364,ALOFF XPE 60ML + SER,0,2.5,9.0,36.45,34.49,0.0,0.0,0.0,0.0,0,static
2024-10-02,1314,62364,ALOFF XPE 60ML + SER,0,2.5,9.0,36.45,34.49,0.0,0.0,0.0,0.0,0,static
2024-10-03,1314,62364,ALOFF XPE 60ML + SER,0,2.5,9.0,36.45,34.49,0.0,0.0,0.0,0.0,0,static
2024-10-04,1314,62364,ALOFF XPE 60ML + SER,0,2.5,9.0,36.45,34.49,0.0,0.0,0.0,0.0,0,static
2024-10-05,1314,62364,ALOFF XPE 60ML + SER,0,2.5,9.0,36.45,34.49,0.0,0.0,0.0,0.0,0,static
2024-10-06,1314,62364,ALOFF XPE 60ML + SER,0,2.5,9.0,36.45,34.49,0.0,0.0,0.0,0.0,0,static
2024-10-07,1314,62364,ALOFF XPE 60ML + SER,0,2.5,9.0,36.45,34.49,0.0,0.0,0.0,0.0,0,static
2024-10-08,1314,62364,ALOFF XPE 60ML + SER,0,2.5,9.0,36.45,34.49,0.0,0.0,0.0,0.0,0,static
2024-10-09,1314,62364,ALOFF XPE 60ML + SER,0,2.5,9.0,36.45,34.49,0.0,0.0,0.0,0.0,0,static
2024-10-10,1314,62364,ALOFF XPE 60ML + SER,0,2.5,9.0,36.45,34.49,0.0,0.0,0.0,0.0,0,static
2024-10-11,1314,62364,ALOFF XPE 60ML + SER,0,2.5,9.0,36.45,34.49,0.0,0.0,0.0,0.0,0,static
2024-10-12,1314,62364,ALOFF XPE 60ML + SER,0,2.5,9.0,36.45,34.49,0.0,0.0,0.0,0.0,0,static
2024-10-13,1314,62364,ALOFF XPE 60ML + SER,0,2.5,9.0,36.45,34.49,0.0,0.0,0.0,0.0,0,static
2024-10-14,1314,62364,ALOFF XPE 60ML + SER,0,2.5,9.0,36.45,34.49,0.0,0.0,0.0,0.0,0,static
2024-10-15,1314,62364,ALOFF XPE 60ML + SER,0,2.5,9.0,36.45,34.49,0.0,0.0,0.0,0.0,0,static
2024-10-16,1314,62364,ALOFF XPE 60ML + SER,0,2.5,9.0,36.45,34.49,0.0,0.0,0.0,0.0,0,static
2024-10-17,1314,62364,ALOFF XPE 60ML + SER,0,2.5,9.0,36.45,34.49,0.0,0.0,0.0,0.0,0,static
2024-10-18,1314,62364,ALOFF XPE 60ML + SER,0,2.5,9.0,36.45,34.49,0.0,0.0,0.0,0.0,0,static
2024-10-19,1314,62364,ALOFF XPE 60ML + SER,0,2.5,9.0,36.45,34.49,0.0,0.0,0.0,0.0,0,static
2024-10-20,1314,62364,ALOFF XPE 60ML + SER,0,2.5,9.0,36.45,34.49,0.0,0.0,0.0,0.0,0,static
2024-10-21,1314,62364,ALOFF XPE 60ML + SER,0,2.5,9.0,36.45,34.49,0.0,0.0,0.0,0.0,0,static
2024-10-22,1314,62364,ALOFF XPE 60ML + SER,0,2.5,9.0,36.45,34.49,0.0,0.0,0.0,0.0,0,static
2024-10-23,1314,62364,ALOFF XPE 60ML + SER,0,2.5,9.0,36.45,34.49,0.0,0.0,0.0,0.0,0,static
2024-10-24,1314,62364,ALOFF XPE 60ML + SER,0,2.5,9.0,36.45,34.49,0.0,0.0,0.0,0.0,0,static
2024-10-25,1314,62364,ALOFF XPE 60ML + SER,0,2.5,9.0,36.45,34.49,0.0,0.0,0.0,0.0,0,static
2024-10-26,1314,62364,ALOFF XPE 60ML + SER,0,2.5,9.0,36.45,34.49,0.0,0.0,0.0,0.0,0,static
2024-10-27,1314,62364,ALOFF XPE 60ML + SER,0,2.5,9.0,36.45,34.49,0.0,0.0,0.0,0.0,0,static
2024-10-28,1314,62364,ALOFF XPE 60ML + SER,0,2.5,9.0,36.45,34.49,0.0,0.0,0.0,0.0,0,static
2024-10-29,1314,62364,ALOFF XPE 60ML + SER,0,2.5,9.0,36.45,34.49,0.0,0.0,0.0,0.0,0,static
2024-10-30,1314,62364,ALOFF XPE 60ML + SER,0,2.5,9.0,36.45,34.49,0.0,0.0,0.0,0.0,0,static
2024-10-31,1314,62364,ALOFF XPE 60ML + SER,0,2.5,9.0,36.45,34.49,0.0,0.0,0.0,0.0,0,static
2024-11-01,1314,62364,ALOFF XPE 60ML + SER,0,2.5,9.0,36.45,34.49,0.0,0.0,0.0,0.0,0,static
2024-11-02,1314,62364,ALOFF XPE 60ML + SER,0,2.5,9.0,36.45,34.49,0.0,0.0,0.0,0.0,0,static
2024-11-03,1314,62364,ALOFF XPE 60ML + SER,0,2.5,9.0,36.45,34.49,0.0,0.0,0.0,0.0,0,static
2024-11-04,1314,62364,ALOFF XPE 60ML + SER,0,2.5,9.0,36.45,34.49,0.0,0.0,0.0,0.0,0,static
2024-11-05,1314,62364,ALOFF XPE 60ML + SER,0,2.5,9.0,36.45,34.49,0.0,0.0,0.0,0.0,0,static
2024-11-06,1314,62364,ALOFF XPE 60ML + SER,0,2.5,9.0,36.45,34.49,0.0,0.0,0.0,0.0,0,static
2024-11-07,1314,62364,ALOFF XPE 60ML + SER,0,2.5,9.0,36.45,34.49,0.0,0.0,0.0,0.0,0,static
2024-11-08,1314,62364,ALOFF XPE 60ML + SER,0,2.5,9.0,36.45,34.49,0.0,0.0,0.0,0.0,0,static
2024-11-09,1314,62364,ALOFF XPE 60ML + SER,0,2.5,9.0,36.45,34.49,0.0,0.0,0.0,0.0,0,static
2024-11-10,1314,62364,ALOFF XPE 60ML + SER,0,2.5,9.0,36.45,34.49,0.0,0.0,0.0,0.0,0,static
2024-11-11,1314,62364,ALOFF XPE 60ML + SER,0,2.5,9.0,36.45,34.49,0.0,0.0,0.0,0.0,0,static
2024-11-12,1314,62364,ALOFF XPE 60ML + SER,0,2.5,9.0,36.45,34.49,0.0,0.0,0.0,0.0,0,static
2024-11-13,1314,62364,ALOFF XPE 60ML + SER,0,2.5,9.0,36.45,34.49,0.0,0.0,0.0,0.0,0,static
2024-11-14,1314,62364,ALOFF XPE 60ML + SER,0,2.5,9.0,36.45,34.49,0.0,0.0,0.0,0.0,0,static
2024-11-15,1314,62364,ALOFF XPE 60ML + SER,0,2.5,9.0,36.45,34.49,0.0,0.0,0.0,0.0,0,static
2024-11-16,1314,62364,ALOFF XPE 60ML + SER,0,2.5,9.0,36.45,34.49,0.0,0.0,0.0,0.0,0,static
2024-11-17,1314,62364,ALOFF XPE 60ML + SER,0,2.5,9.0,36.45,34.49,0.0,0.0,0.0,0.0,0,static
2024-11-18,1314,62364,ALOFF XPE 60ML + SER,0,2.5,9.0,36.45,34.49,0.0,0.0,0.0,0.0,0,static
2024-11-19,1314,62364,ALOFF XPE 60ML + SER,0,2.5,9.0,36.45,34.49,0.0,0.0,0.0,0.0,0,static
2024-11-20,1314,62364,ALOFF XPE 60ML + SER,0,2.5,9.0,36.45,34.49,0.0,0.0,0.0,0.0,0,static
2024-11-21,1314,62364,ALOFF XPE 60ML + SER,0,2.5,9.0,36.45,34.49,0.0,0.0,0.0,0.0,0,static
2024-11-22,1314,62364,ALOFF XPE 60ML + SER,0,2.5,9.0,36.45,34.49,0.0,0.0,0.0,0.0,0,static
2024-11-23,1314,62364,ALOFF XPE 60ML + SER,0,2.5,9.0,36.45,34.49,0.0,0.0,0.0,0.0,0,static
2024-11-24,1314,62364,ALOFF XPE 60ML + SER,0,2.5,9.0,36.45,34.49,0.0,0.0,0.0,0.0,0,static
2024-11-25,1314,62364,ALOFF XPE 60ML + SER,0,2.5,9.0,36.45,34.49,0.0,0.0,0.0,0.0,0,static
2024-11-26,1314,62364,ALOFF XPE 60ML + SER,0,2.5,9.0,36.45,34.49,0.0,0.0,0.0,0.0,0,static
2024-11-27,1314,62364,ALOFF XPE 60ML + SER,0,2.5,9.0,36.45,34.49,0.0,0.0,0.0,0.0,0,static
2024-11-28,1314,62364,ALOFF XPE 60ML + SER,0,2.5,9.0,36.45,34.49,0.0,0.0,0.0,0.0,0,static
2024-11-29,1314,62364,ALOFF XPE 60ML + SER,0,2.5,9.0,36.45,34.49,0.0,0.0,0.0,0.0,0,static
2024-11-30,1314,62364,ALOFF XPE 60ML + SER,0,2.5,9.0,36.45,34.49,0.0,0.0,0.0,0.0,0,static
2024-12-01,1314,62364,ALOFF XPE 60ML + SER,0,2.5,9.0,36.45,34.49,0.0,0.0,0.0,0.0,0,static
2024-12-02,1314,62364,ALOFF XPE 60ML + SER,0,2.5,9.0,36.45,34.49,0.0,0.0,0.0,0.0,0,static
2024-12-03,1314,62364,ALOFF XPE 60ML + SER,0,2.5,9.0,36.45,34.49,0.0,0.0,0.0,0.0,0,static
2024-12-04,1314,62364,ALOFF XPE 60ML + SER,0,2.5,9.0,36.45,34.49,0.0,0.0,0.0,0.0,0,static
2024-12-05,1314,62364,ALOFF XPE 60ML + SER,0,2.5,9.0,36.45,34.49,0.0,0.0,0.0,0.0,0,static
2024-12-06,1314,62364,ALOFF XPE 60ML + SER,0,2.5,9.0,36.45,34.49,0.0,0.0,0.0,0.0,0,static
2024-12-07,1314,62364,ALOFF XPE 60ML + SER,0,2.5,9.0,36.45,34.49,0.0,0.0,0.0,0.0,0,static
2024-12-08,1314,62364,ALOFF XPE 60ML + SER,0,2.5,9.0,36.45,34.49,0.0,0.0,0.0,0.0,0,static
2024-12-09,1314,62364,ALOFF XPE 60ML + SER,0,2.5,9.0,36.45,34.49,0.0,0.0,0.0,0.0,0,static
2024-12-10,1314,62364,ALOFF XPE 60ML + SER,0,2.5,9.0,36.45,34.49,0.0,0.0,0.0,0.0,0,static
2024-12-11,1314,62364,ALOFF XPE 60ML + SER,0,2.5,9.0,36.45,34.49,0.0,0.0,0.0,0.0,0,static
2024-12-12,1314,62364,ALOFF XPE 60ML + SER,0,2.5,9.0,36.45,34.49,0.0,0.0,0.0,0.0,0,static
2024-12-13,1314,62364,ALOFF XPE 60ML + SER,0,2.5,9.0,36.45,34.49,0.0,0.0,0.0,0.0,0,static
2024-12-14,1314,62364,ALOFF XPE 60ML + SER,0,2.5,9.0,36.45,34.49,0.0,0.0,0.0,0.0,0,static
2024-12-15,1314,62364,ALOFF XPE 60ML + SER,0,2.5,9.0,36.45,34.49,0.0,0.0,0.0,0.0,0,static
2024-12-16,1314,62364,ALOFF XPE 60ML + SER,0,2.5,9.0,36.45,34.49,0.0,0.0,0.0,0.0,0,static
2024-12-17,1314,62364,ALOFF XPE 60ML + SER,0,2.5,9.0,36.45,34.49,0.0,0.0,0.0,0.0,0,static
2024-12-18,1314,62364,ALOFF XPE 60ML + SER,0,2.5,9.0,36.45,34.49,0.0,0.0,0.0,0.0,0,static
2024-12-19,1314,62364,ALOFF XPE 60ML + SER,0,2.5,9.0,36.45,34.49,0.0,0.0,0.0,0.0,0,static
2024-12-20,1314,62364,ALOFF XPE 60ML + SER,0,2.5,9.0,36.45,34.49,0.0,0.0,0.0,0.0,0,static
2024-12-21,1314,62364,ALOFF XPE 60ML + SER,0,2.5,9.0,36.45,34.49,0.0,0.0,0.0,0.0,0,static
2024-12-22,1314,62364,ALOFF XPE 60ML + SER,0,2.5,9.0,36.45,34.49,0.0,0.0,0.0,0.0,0,static
2024-12-23,1314,62364,ALOFF XPE 60ML + SER,0,2.5,9.0,36.45,34.49,0.0,0.0,0.0,0.0,0,static
2024-12-24,1314,62364,ALOFF XPE 60ML + SER,0,2.5,9.0,36.45,34.49,0.0,0.0,0.0,0.0,0,static
2024-12-25,1314,62364,ALOFF XPE 60ML + SER,0,2.5,9.0,36.45,34.49,0.0,0.0,0.0,0.0,0,static
2024-12-26,1314,62364,ALOFF XPE 60ML + SER,0,2.5,9.0,36.45,34.49,0.0,0.0,0.0,0.0,0,static
2024-12-27,1314,62364,ALOFF XPE 60ML + SER,0,2.5,9.0,36.45,34.49,0.0,0.0,0.0,0.0,0,static
2024-12-28,1314,62364,ALOFF XPE 60ML + SER,0,2.5,9.0,36.45,34.49,0.0,0.0,0.0,0.0,0,static
2024-12-29,1314,62364,ALOFF XPE 60ML + SER,0,2.5,9.0,36.45,34.49,0.0,0.0,0.0,0.0,0,static
2024-12-30,1314,62364,ALOFF XPE 60ML + SER,0,2.5,9.0,36.45,34.49,0.0,0.0,0.0,0.0,0,static
2024-12-31,1314,62364,ALOFF XPE 60ML + SER,0,2.5,9.0,36.45,34.49,0.0,0.0,0.0,0.0,0,static
2024-10-01,1314,62782,HEDERA CIMED 7MG/ML CEREJA XPE100ML,0,2.5,9.0,37.26,13.61,0.0,0.0,0.0,0.0,0,static
2024-10-02,1314,62782,HEDERA CIMED 7MG/ML CEREJA XPE100ML,0,2.5,9.0,37.26,13.61,0.0,0.0,0.0,0.0,0,static
2024-10-03,1314,62782,HEDERA CIMED 7MG/ML CEREJA XPE100ML,0,2.5,9.0,37.26,13.61,0.0,0.0,0.0,0.0,0,static
2024-10-04,1314,62782,HEDERA CIMED 7MG/ML CEREJA XPE100ML,0,2.5,9.0,37.26,13.61,0.0,0.0,0.0,0.0,0,static
2024-10-05,1314,62782,HEDERA CIMED 7MG/ML CEREJA XPE100ML,0,2.5,9.0,37.26,13.61,0.0,0.0,0.0,0.0,0,static
2024-10-06,1314,62782,HEDERA CIMED 7MG/ML CEREJA XPE100ML,0,2.5,9.0,37.26,13.61,0.0,0.0,0.0,0.0,0,static
2024-10-07,1314,62782,HEDERA CIMED 7MG/ML CEREJA XPE100ML,0,2.5,9.0,37.26,13.61,0.0,0.0,0.0,0.0,0,static
2024-10-08,1314,62782,HEDERA CIMED 7MG/ML CEREJA XPE100ML,0,2.5,9.0,37.26,13.61,0.0,0.0,0.0,0.0,0,static
2024-10-09,1314,62782,HEDERA CIMED 7MG/ML CEREJA XPE100ML,0,2.5,9.0,37.26,13.61,0.0,0.0,0.0,0.0,0,static
2024-10-10,1314,62782,HEDERA CIMED 7MG/ML CEREJA XPE100ML,0,2.5,9.0,37.26,13.61,0.0,0.0,0.0,0.0,0,static
2024-10-11,1314,62782,HEDERA CIMED 7MG/ML CEREJA XPE100ML,0,2.5,9.0,37.26,13.61,0.0,0.0,0.0,0.0,0,static
2024-10-12,1314,62782,HEDERA CIMED 7MG/ML CEREJA XPE100ML,0,2.5,9.0,37.26,13.61,0.0,0.0,0.0,0.0,0,static
2024-10-13,1314,62782,HEDERA CIMED 7MG/ML CEREJA XPE100ML,0,2.5,9.0,37.26,13.61,0.0,0.0,0.0,0.0,0,static
2024-10-14,1314,62782,HEDERA CIMED 7MG/ML CEREJA XPE100ML,0,2.5,9.0,37.26,13.61,0.0,0.0,0.0,0.0,0,static
2024-10-15,1314,62782,HEDERA CIMED 7MG/ML CEREJA XPE100ML,0,2.5,9.0,37.26,13.61,0.0,0.0,0.0,0.0,0,static
2024-10-16,1314,62782,HEDERA CIMED 7MG/ML CEREJA XPE100ML,0,2.5,9.0,37.26,13.61,0.0,0.0,0.0,0.0,0,static
2024-10-17,1314,62782,HEDERA CIMED 7MG/ML CEREJA XPE100ML,0,2.5,9.0,37.26,13.61,0.0,0.0,0.0,0.0,0,static
2024-10-18,1314,62782,HEDERA CIMED 7MG/ML CEREJA XPE100ML,0,2.5,9.0,37.26,13.61,0.0,0.0,0.0,0.0,0,static
2024-10-19,1314,62782,HEDERA CIMED 7MG/ML CEREJA XPE100ML,0,2.5,9.0,37.26,13.61,0.0,0.0,0.0,0.0,0,static
2024-10-20,1314,62782,HEDERA CIMED 7MG/ML CEREJA XPE100ML,0,2.5,9.0,37.26,13.61,0.0,0.0,0.0,0.0,0,static
2024-10-21,1314,62782,HEDERA CIMED 7MG/ML CEREJA XPE100ML,0,2.5,9.0,37.26,13.61,0.0,0.0,0.0,0.0,0,static
2024-10-22,1314,62782,HEDERA CIMED 7MG/ML CEREJA XPE100ML,0,2.5,9.0,37.26,13.61,0.0,0.0,0.0,0.0,0,static
2024-10-23,1314,62782,HEDERA CIMED 7MG/ML CEREJA XPE100ML,0,2.5,9.0,37.26,13.61,0.0,0.0,0.0,0.0,0,static
2024-10-24,1314,62782,HEDERA CIMED 7MG/ML CEREJA XPE100ML,0,2.5,9.0,37.26,13.61,0.0,0.0,0.0,0.0,0,static
2024-10-25,1314,62782,HEDERA CIMED 7MG/ML CEREJA XPE100ML,0,2.5,9.0,37.26,13.61,0.0,0.0,0.0,0.0,0,static
2024-10-26,1314,62782,HEDERA CIMED 7MG/ML CEREJA XPE100ML,0,2.5,9.0,37.26,13.61,0.0,0.0,0.0,0.0,0,static
2024-10-27,1314,62782,HEDERA CIMED 7MG/ML CEREJA XPE100ML,0,2.5,9.0,37.26,13.61,0.0,0.0,0.0,0.0,0,static
2024-10-28,1314,62782,HEDERA CIMED 7MG/ML CEREJA XPE100ML,0,2.5,9.0,37.26,13.61,0.0,0.0,0.0,0.0,0,static
2024-10-29,1314,62782,HEDERA CIMED 7MG/ML CEREJA XPE100ML,0,2.5,9.0,37.26,13.61,0.0,0.0,0.0,0.0,0,static
2024-10-30,1314,62782,HEDERA CIMED 7MG/ML CEREJA XPE100ML,0,2.5,9.0,37.26,13.61,0.0,0.0,0.0,0.0,0,static
2024-10-31,1314,62782,HEDERA CIMED 7MG/ML CEREJA XPE100ML,0,2.5,9.0,37.26,13.61,0.0,0.0,0.0,0.0,0,static
2024-11-01,1314,62782,HEDERA CIMED 7MG/ML CEREJA XPE100ML,0,2.5,9.0,37.26,13.61,0.0,0.0,0.0,0.0,0,static
2024-11-02,1314,62782,HEDERA CIMED 7MG/ML CEREJA XPE100ML,0,2.5,9.0,37.26,13.61,0.0,0.0,0.0,0.0,0,static
2024-11-03,1314,62782,HEDERA CIMED 7MG/ML CEREJA XPE100ML,0,2.5,9.0,37.26,13.61,0.0,0.0,0.0,0.0,0,static
2024-11-04,1314,62782,HEDERA CIMED 7MG/ML CEREJA XPE100ML,0,2.5,9.0,37.26,13.61,0.0,0.0,0.0,0.0,0,static
2024-11-05,1314,62782,HEDERA CIMED 7MG/ML CEREJA XPE100ML,0,2.5,9.0,37.26,13.61,0.0,0.0,0.0,0.0,0,static
2024-11-06,1314,62782,HEDERA CIMED 7MG/ML CEREJA XPE100ML,0,2.5,9.0,37.26,13.61,0.0,0.0,0.0,0.0,0,static
2024-11-07,1314,62782,HEDERA CIMED 7MG/ML CEREJA XPE100ML,0,2.5,9.0,37.26,13.61,0.0,0.0,0.0,0.0,0,static
2024-11-08,1314,62782,HEDERA CIMED 7MG/ML CEREJA XPE100ML,0,2.5,9.0,37.26,13.61,0.0,0.0,0.0,0.0,0,static
2024-11-09,1314,62782,HEDERA CIMED 7MG/ML CEREJA XPE100ML,0,2.5,9.0,37.26,13.61,0.0,0.0,0.0,0.0,0,static
2024-11-10,1314,62782,HEDERA CIMED 7MG/ML CEREJA XPE100ML,0,2.5,9.0,37.26,13.61,0.0,0.0,0.0,0.0,0,static
2024-11-11,1314,62782,HEDERA CIMED 7MG/ML CEREJA XPE100ML,0,2.5,9.0,37.26,13.61,0.0,0.0,0.0,0.0,0,static
2024-11-12,1314,62782,HEDERA CIMED 7MG/ML CEREJA XPE100ML,0,2.5,9.0,37.26,13.61,0.0,0.0,0.0,0.0,0,static
2024-11-13,1314,62782,HEDERA CIMED 7MG/ML CEREJA XPE100ML,0,2.5,9.0,37.26,13.61,0.0,0.0,0.0,0.0,0,static
2024-11-14,1314,62782,HEDERA CIMED 7MG/ML CEREJA XPE100ML,0,2.5,9.0,37.26,13.61,0.0,0.0,0.0,0.0,0,static
2024-11-15,1314,62782,HEDERA CIMED 7MG/ML CEREJA XPE100ML,0,2.5,9.0,37.26,13.61,0.0,0.0,0.0,0.0,0,static
2024-11-16,1314,62782,HEDERA CIMED 7MG/ML CEREJA XPE100ML,0,2.5,9.0,37.26,13.61,0.0,0.0,0.0,0.0,0,static
2024-11-17,1314,62782,HEDERA CIMED 7MG/ML CEREJA XPE100ML,0,2.5,9.0,37.26,13.61,0.0,0.0,0.0,0.0,0,static
2024-11-18,1314,62782,HEDERA CIMED 7MG/ML CEREJA XPE100ML,0,2.5,9.0,37.26,13.61,0.0,0.0,0.0,0.0,0,static
2024-11-19,1314,62782,HEDERA CIMED 7MG/ML CEREJA XPE100ML,0,2.5,9.0,37.26,13.61,0.0,0.0,0.0,0.0,0,static
2024-11-20,1314,62782,HEDERA CIMED 7MG/ML CEREJA XPE100ML,0,2.5,9.0,37.26,13.61,0.0,0.0,0.0,0.0,0,static
2024-11-21,1314,62782,HEDERA CIMED 7MG/ML CEREJA XPE100ML,0,2.5,9.0,37.26,13.61,0.0,0.0,0.0,0.0,0,static
2024-11-22,1314,62782,HEDERA CIMED 7MG/ML CEREJA XPE100ML,0,2.5,9.0,37.26,13.61,0.0,0.0,0.0,0.0,0,static
2024-11-23,1314,62782,HEDERA CIMED 7MG/ML CEREJA XPE100ML,0,2.5,9.0,37.26,13.61,0.0,0.0,0.0,0.0,0,static
2024-11-24,1314,62782,HEDERA CIMED 7MG/ML CEREJA XPE100ML,0,2.5,9.0,37.26,13.61,0.0,0.0,0.0,0.0,0,static
2024-11-25,1314,62782,HEDERA CIMED 7MG/ML CEREJA XPE100ML,0,2.5,9.0,37.26,13.61,0.0,0.0,0.0,0.0,0,static
2024-11-26,1314,62782,HEDERA CIMED 7MG/ML CEREJA XPE100ML,0,2.5,9.0,37.26,13.61,0.0,0.0,0.0,0.0,0,static
2024-11-27,1314,62782,HEDERA CIMED 7MG/ML CEREJA XPE100ML,0,2.5,9.0,37.26,13.61,0.0,0.0,0.0,0.0,0,static
2024-11-28,1314,62782,HEDERA CIMED 7MG/ML CEREJA XPE100ML,0,2.5,9.0,37.26,13.61,0.0,0.0,0.0,0.0,0,static
2024-11-29,1314,62782,HEDERA CIMED 7MG/ML CEREJA XPE100ML,0,2.5,9.0,37.26,13.61,0.0,0.0,0.0,0.0,0,static
2024-11-30,1314,62782,HEDERA CIMED 7MG/ML CEREJA XPE100ML,0,2.5,9.0,37.26,13.61,0.0,0.0,0.0,0.0,0,static
2024-12-01,1314,62782,HEDERA CIMED 7MG/ML CEREJA XPE100ML,0,2.5,9.0,37.26,13.61,0.0,0.0,0.0,0.0,0,static
2024-12-02,1314,62782,HEDERA CIMED 7MG/ML CEREJA XPE100ML,0,2.5,9.0,37.26,13.61,0.0,0.0,0.0,0.0,0,static
2024-12-03,1314,62782,HEDERA CIMED 7MG/ML CEREJA XPE100ML,0,2.5,9.0,37.26,13.61,0.0,0.0,0.0,0.0,0,static
2024-12-04,1314,62782,HEDERA CIMED 7MG/ML CEREJA XPE100ML,0,2.5,9.0,37.26,13.61,0.0,0.0,0.0,0.0,0,static
2024-12-05,1314,62782,HEDERA CIMED 7MG/ML CEREJA XPE100ML,0,2.5,9.0,37.26,13.61,0.0,0.0,0.0,0.0,0,static
2024-12-06,1314,62782,HEDERA CIMED 7MG/ML CEREJA XPE100ML,0,2.5,9.0,37.26,13.61,0.0,0.0,0.0,0.0,0,static
2024-12-07,1314,62782,HEDERA CIMED 7MG/ML CEREJA XPE100ML,0,2.5,9.0,37.26,13.61,0.0,0.0,0.0,0.0,0,static
2024-12-08,1314,62782,HEDERA CIMED 7MG/ML CEREJA XPE100ML,0,2.5,9.0,37.26,13.61,0.0,0.0,0.0,0.0,0,static
2024-12-09,1314,62782,HEDERA CIMED 7MG/ML CEREJA XPE100ML,0,2.5,9.0,37.26,13.61,0.0,0.0,0.0,0.0,0,static
2024-12-10,1314,62782,HEDERA CIMED 7MG/ML CEREJA XPE100ML,0,2.5,9.0,37.26,13.61,0.0,0.0,0.0,0.0,0,static
2024-12-11,1314,62782,HEDERA CIMED 7MG/ML CEREJA XPE100ML,0,2.5,9.0,37.26,13.61,0.0,0.0,0.0,0.0,0,static
2024-12-12,1314,62782,HEDERA CIMED 7MG/ML CEREJA XPE100ML,0,2.5,9.0,37.26,13.61,0.0,0.0,0.0,0.0,0,static
2024-12-13,1314,62782,HEDERA CIMED 7MG/ML CEREJA XPE100ML,0,2.5,9.0,37.26,13.61,0.0,0.0,0.0,0.0,0,static
2024-12-14,1314,62782,HEDERA CIMED 7MG/ML CEREJA XPE100ML,0,2.5,9.0,37.26,13.61,0.0,0.0,0.0,0.0,0,static
2024-12-15,1314,62782,HEDERA CIMED 7MG/ML CEREJA XPE100ML,0,2.5,9.0,37.26,13.61,0.0,0.0,0.0,0.0,0,static
2024-12-16,1314,62782,HEDERA CIMED 7MG/ML CEREJA XPE100ML,0,2.5,9.0,37.26,13.61,0.0,0.0,0.0,0.0,0,static
2024-12-17,1314,62782,HEDERA CIMED 7MG/ML CEREJA XPE100ML,0,2.5,9.0,37.26,13.61,0.0,0.0,0.0,0.0,0,static
2024-12-18,1314,62782,HEDERA CIMED 7MG/ML CEREJA XPE100ML,0,2.5,9.0,37.26,13.61,0.0,0.0,0.0,0.0,0,static
2024-12-19,1314,62782,HEDERA CIMED 7MG/ML CEREJA XPE100ML,0,2.5,9.0,37.26,13.61,0.0,0.0,0.0,0.0,0,static
2024-12-20,1314,62782,HEDERA CIMED 7MG/ML CEREJA XPE100ML,0,2.5,9.0,37.26,13.61,0.0,0.0,0.0,0.0,0,static
2024-12-21,1314,62782,HEDERA CIMED 7MG/ML CEREJA XPE100ML,0,2.5,9.0,37.26,13.61,0.0,0.0,0.0,0.0,0,static
2024-12-22,1314,62782,HEDERA CIMED 7MG/ML CEREJA XPE100ML,0,2.5,9.0,37.26,13.61,0.0,0.0,0.0,0.0,0,static
2024-12-23,1314,62782,HEDERA CIMED 7MG/ML CEREJA XPE100ML,0,2.5,9.0,37.26,13.61,0.0,0.0,0.0,0.0,0,static
2024-12-24,1314,62782,HEDERA CIMED 7MG/ML CEREJA XPE100ML,0,2.5,9.0,37.26,13.61,0.0,0.0,0.0,0.0,0,static
2024-12-25,1314,62782,HEDERA CIMED 7MG/ML CEREJA XPE100ML,0,2.5,9.0,37.26,13.61,0.0,0.0,0.0,0.0,0,static
2024-12-26,1314,62782,HEDERA CIMED 7MG/ML CEREJA XPE100ML,0,2.5,9.0,37.26,13.61,0.0,0.0,0.0,0.0,0,static
2024-12-27,1314,62782,HEDERA CIMED 7MG/ML CEREJA XPE100ML,0,2.5,9.0,37.26,13.61,0.0,0.0,0.0,0.0,0,static
2024-12-28,1314,62782,HEDERA CIMED 7MG/ML CEREJA XPE100ML,0,2.5,9.0,37.26,13.61,0.0,0.0,0.0,0.0,0,static
2024-12-29,1314,62782,HEDERA CIMED 7MG/ML CEREJA XPE100ML,0,2.5,9.0,37.26,13.61,0.0,0.0,0.0,0.0,0,static
2024-12-30,1314,62782,HEDERA CIMED 7MG/ML CEREJA XPE100ML,0,2.5,9.0,37.26,13.61,0.0,0.0,0.0,0.0,0,static
2024-12-31,1314,62782,HEDERA CIMED 7MG/ML CEREJA XPE100ML,0,2.5,9.0,37.26,13.61,0.0,0.0,0.0,0.0,0,static
2024-10-01,1314,76834,"SORINAN ADULTO 0,5MG SOL NASAL 30ML",0,2.5,9.0,8.55,5.22,0.0,0.0,0.0,0.0,0,static
2024-10-02,1314,76834,"SORINAN ADULTO 0,5MG SOL NASAL 30ML",0,2.5,9.0,8.55,5.22,0.0,0.0,0.0,0.0,0,static
2024-10-03,1314,76834,"SORINAN ADULTO 0,5MG SOL NASAL 30ML",0,2.5,9.0,8.55,5.22,0.0,0.0,0.0,0.0,0,static
2024-10-04,1314,76834,"SORINAN ADULTO 0,5MG SOL NASAL 30ML",0,2.5,9.0,8.55,5.22,0.0,0.0,0.0,0.0,0,static
2024-10-05,1314,76834,"SORINAN ADULTO 0,5MG SOL NASAL 30ML",0,2.5,9.0,8.55,5.22,0.0,0.0,0.0,0.0,0,static
2024-10-06,1314,76834,"SORINAN ADULTO 0,5MG SOL NASAL 30ML",0,2.5,9.0,8.55,5.22,0.0,0.0,0.0,0.0,0,static
2024-10-07,1314,76834,"SORINAN ADULTO 0,5MG SOL NASAL 30ML",0,2.5,9.0,8.55,5.22,0.0,0.0,0.0,0.0,0,static
2024-10-08,1314,76834,"SORINAN ADULTO 0,5MG SOL NASAL 30ML",0,2.5,9.0,8.55,5.22,0.0,0.0,0.0,0.0,0,static
2024-10-09,1314,76834,"SORINAN ADULTO 0,5MG SOL NASAL 30ML",0,2.5,9.0,8.55,5.22,0.0,0.0,0.0,0.0,0,static
2024-10-10,1314,76834,"SORINAN ADULTO 0,5MG SOL NASAL 30ML",0,2.5,9.0,8.55,5.22,0.0,0.0,0.0,0.0,0,static
2024-10-11,1314,76834,"SORINAN ADULTO 0,5MG SOL NASAL 30ML",0,2.5,9.0,8.55,5.22,0.0,0.0,0.0,0.0,0,static
2024-10-12,1314,76834,"SORINAN ADULTO 0,5MG SOL NASAL 30ML",0,2.5,9.0,8.55,5.22,0.0,0.0,0.0,0.0,0,static
2024-10-13,1314,76834,"SORINAN ADULTO 0,5MG SOL NASAL 30ML",0,2.5,9.0,8.55,5.22,0.0,0.0,0.0,0.0,0,static
2024-10-14,1314,76834,"SORINAN ADULTO 0,5MG SOL NASAL 30ML",0,2.5,9.0,8.55,5.22,0.0,0.0,0.0,0.0,0,static
2024-10-15,1314,76834,"SORINAN ADULTO 0,5MG SOL NASAL 30ML",0,2.5,9.0,8.55,5.22,0.0,0.0,0.0,0.0,0,static
2024-10-16,1314,76834,"SORINAN ADULTO 0,5MG SOL NASAL 30ML",0,2.5,9.0,8.55,5.22,0.0,0.0,0.0,0.0,0,static
2024-10-17,1314,76834,"SORINAN ADULTO 0,5MG SOL NASAL 30ML",0,2.5,9.0,8.55,5.22,0.0,0.0,0.0,0.0,0,static
2024-10-18,1314,76834,"SORINAN ADULTO 0,5MG SOL NASAL 30ML",0,2.5,9.0,8.55,5.22,0.0,0.0,0.0,0.0,0,static
2024-10-19,1314,76834,"SORINAN ADULTO 0,5MG SOL NASAL 30ML",0,2.5,9.0,8.55,5.22,0.0,0.0,0.0,0.0,0,static
2024-10-20,1314,76834,"SORINAN ADULTO 0,5MG SOL NASAL 30ML",0,2.5,9.0,8.55,5.22,0.0,0.0,0.0,0.0,0,static
2024-10-21,1314,76834,"SORINAN ADULTO 0,5MG SOL NASAL 30ML",0,2.5,9.0,8.55,5.22,0.0,0.0,0.0,0.0,0,static
2024-10-22,1314,76834,"SORINAN ADULTO 0,5MG SOL NASAL 30ML",0,2.5,9.0,8.55,5.22,0.0,0.0,0.0,0.0,0,static
2024-10-23,1314,76834,"SORINAN ADULTO 0,5MG SOL NASAL 30ML",0,2.5,9.0,8.55,5.22,0.0,0.0,0.0,0.0,0,static
2024-10-24,1314,76834,"SORINAN ADULTO 0,5MG SOL NASAL 30ML",0,2.5,9.0,8.55,5.22,0.0,0.0,0.0,0.0,0,static
2024-10-25,1314,76834,"SORINAN ADULTO 0,5MG SOL NASAL 30ML",0,2.5,9.0,8.55,5.22,0.0,0.0,0.0,0.0,0,static
2024-10-26,1314,76834,"SORINAN ADULTO 0,5MG SOL NASAL 30ML",0,2.5,9.0,8.55,5.22,0.0,0.0,0.0,0.0,0,static
2024-10-27,1314,76834,"SORINAN ADULTO 0,5MG SOL NASAL 30ML",0,2.5,9.0,8.55,5.22,0.0,0.0,0.0,0.0,0,static
2024-10-28,1314,76834,"SORINAN ADULTO 0,5MG SOL NASAL 30ML",0,2.5,9.0,8.55,5.22,0.0,0.0,0.0,0.0,0,static
2024-10-29,1314,76834,"SORINAN ADULTO 0,5MG SOL NASAL 30ML",0,2.5,9.0,8.55,5.22,0.0,0.0,0.0,0.0,0,static
2024-10-30,1314,76834,"SORINAN ADULTO 0,5MG SOL NASAL 30ML",0,2.5,9.0,8.55,5.22,0.0,0.0,0.0,0.0,0,static
2024-10-31,1314,76834,"SORINAN ADULTO 0,5MG SOL NASAL 30ML",0,2.5,9.0,8.55,5.22,0.0,0.0,0.0,0.0,0,static
2024-11-01,1314,76834,"SORINAN ADULTO 0,5MG SOL NASAL 30ML",0,2.5,9.0,8.55,5.22,0.0,0.0,0.0,0.0,0,static
2024-11-02,1314,76834,"SORINAN ADULTO 0,5MG SOL NASAL 30ML",0,2.5,9.0,8.55,5.22,0.0,0.0,0.0,0.0,0,static
2024-11-03,1314,76834,"SORINAN ADULTO 0,5MG SOL NASAL 30ML",0,2.5,9.0,8.55,5.22,0.0,0.0,0.0,0.0,0,static
2024-11-04,1314,76834,"SORINAN ADULTO 0,5MG SOL NASAL 30ML",0,2.5,9.0,8.55,5.22,0.0,0.0,0.0,0.0,0,static
2024-11-05,1314,76834,"SORINAN ADULTO 0,5MG SOL NASAL 30ML",0,2.5,9.0,8.55,5.22,0.0,0.0,0.0,0.0,0,static
2024-11-06,1314,76834,"SORINAN ADULTO 0,5MG SOL NASAL 30ML",0,2.5,9.0,8.55,5.22,0.0,0.0,0.0,0.0,0,static
2024-11-07,1314,76834,"SORINAN ADULTO 0,5MG SOL NASAL 30ML",0,2.5,9.0,8.55,5.22,0.0,0.0,0.0,0.0,0,static
2024-11-08,1314,76834,"SORINAN ADULTO 0,5MG SOL NASAL 30ML",0,2.5,9.0,8.55,5.22,0.0,0.0,0.0,0.0,0,static
2024-11-09,1314,76834,"SORINAN ADULTO 0,5MG SOL NASAL 30ML",0,2.5,9.0,8.55,5.22,0.0,0.0,0.0,0.0,0,static
2024-11-10,1314,76834,"SORINAN ADULTO 0,5MG SOL NASAL 30ML",0,2.5,9.0,8.55,5.22,0.0,0.0,0.0,0.0,0,static
2024-11-11,1314,76834,"SORINAN ADULTO 0,5MG SOL NASAL 30ML",0,2.5,9.0,8.55,5.22,0.0,0.0,0.0,0.0,0,static
2024-11-12,1314,76834,"SORINAN ADULTO 0,5MG SOL NASAL 30ML",0,2.5,9.0,8.55,5.22,0.0,0.0,0.0,0.0,0,static
2024-11-13,1314,76834,"SORINAN ADULTO 0,5MG SOL NASAL 30ML",0,2.5,9.0,8.55,5.22,0.0,0.0,0.0,0.0,0,static
2024-11-14,1314,76834,"SORINAN ADULTO 0,5MG SOL NASAL 30ML",0,2.5,9.0,8.55,5.22,0.0,0.0,0.0,0.0,0,static
2024-11-15,1314,76834,"SORINAN ADULTO 0,5MG SOL NASAL 30ML",0,2.5,9.0,8.55,5.22,0.0,0.0,0.0,0.0,0,static
2024-11-16,1314,76834,"SORINAN ADULTO 0,5MG SOL NASAL 30ML",0,2.5,9.0,8.55,5.22,0.0,0.0,0.0,0.0,0,static
2024-11-17,1314,76834,"SORINAN ADULTO 0,5MG SOL NASAL 30ML",0,2.5,9.0,8.55,5.22,0.0,0.0,0.0,0.0,0,static
2024-11-18,1314,76834,"SORINAN ADULTO 0,5MG SOL NASAL 30ML",0,2.5,9.0,8.55,5.22,0.0,0.0,0.0,0.0,0,static
2024-11-19,1314,76834,"SORINAN ADULTO 0,5MG SOL NASAL 30ML",0,2.5,9.0,8.55,5.22,0.0,0.0,1.0,1.0,0,static
2024-11-20,1314,76834,"SORINAN ADULTO 0,5MG SOL NASAL 30ML",0,2.5,9.0,8.55,5.22,0.0,0.0,0.0,0.0,0,static
2024-11-21,1314,76834,"SORINAN ADULTO 0,5MG SOL NASAL 30ML",0,2.5,9.0,8.55,5.22,0.0,0.0,0.0,0.0,0,static
2024-11-22,1314,76834,"SORINAN ADULTO 0,5MG SOL NASAL 30ML",0,2.5,9.0,8.55,5.22,0.0,0.0,0.0,0.0,0,static
2024-11-23,1314,76834,"SORINAN ADULTO 0,5MG SOL NASAL 30ML",0,2.5,9.0,8.55,5.22,0.0,0.0,0.0,0.0,0,static
2024-11-24,1314,76834,"SORINAN ADULTO 0,5MG SOL NASAL 30ML",0,2.5,9.0,8.55,5.22,0.0,0.0,0.0,0.0,0,static
2024-11-25,1314,76834,"SORINAN ADULTO 0,5MG SOL NASAL 30ML",0,2.5,9.0,8.55,5.22,0.0,0.0,0.0,0.0,0,static
2024-11-26,1314,76834,"SORINAN ADULTO 0,5MG SOL NASAL 30ML",0,2.5,9.0,8.55,5.22,0.0,0.0,0.0,0.0,0,static
2024-11-27,1314,76834,"SORINAN ADULTO 0,5MG SOL NASAL 30ML",0,2.5,9.0,8.55,5.22,0.0,0.0,0.0,0.0,0,static
2024-11-28,1314,76834,"SORINAN ADULTO 0,5MG SOL NASAL 30ML",0,2.5,9.0,8.55,5.22,0.0,0.0,0.0,0.0,0,static
2024-11-29,1314,76834,"SORINAN ADULTO 0,5MG SOL NASAL 30ML",0,2.5,9.0,8.55,5.22,0.0,0.0,0.0,0.0,0,static
2024-11-30,1314,76834,"SORINAN ADULTO 0,5MG SOL NASAL 30ML",0,2.5,9.0,8.55,5.22,0.0,0.0,0.0,0.0,0,static
2024-12-01,1314,76834,"SORINAN ADULTO 0,5MG SOL NASAL 30ML",0,2.5,9.0,8.55,5.22,0.0,0.0,0.0,0.0,0,static
2024-12-02,1314,76834,"SORINAN ADULTO 0,5MG SOL NASAL 30ML",0,2.5,9.0,8.55,5.22,0.0,0.0,0.0,0.0,0,static
2024-12-03,1314,76834,"SORINAN ADULTO 0,5MG SOL NASAL 30ML",0,2.5,9.0,8.55,5.22,0.0,0.0,0.0,0.0,0,static
2024-12-04,1314,76834,"SORINAN ADULTO 0,5MG SOL NASAL 30ML",0,2.5,9.0,8.55,5.22,0.0,0.0,0.0,0.0,0,static
2024-12-05,1314,76834,"SORINAN ADULTO 0,5MG SOL NASAL 30ML",0,2.5,9.0,8.55,5.22,0.0,0.0,0.0,0.0,0,static
2024-12-06,1314,76834,"SORINAN ADULTO 0,5MG SOL NASAL 30ML",0,2.5,9.0,8.55,5.22,0.0,0.0,0.0,0.0,0,static
2024-12-07,1314,76834,"SORINAN ADULTO 0,5MG SOL NASAL 30ML",0,2.5,9.0,8.55,5.22,0.0,0.0,0.0,0.0,0,static
2024-12-08,1314,76834,"SORINAN ADULTO 0,5MG SOL NASAL 30ML",0,2.5,9.0,8.55,5.22,0.0,0.0,0.0,0.0,0,static
2024-12-09,1314,76834,"SORINAN ADULTO 0,5MG SOL NASAL 30ML",0,2.5,9.0,8.55,5.22,0.0,0.0,0.0,0.0,0,static
2024-12-10,1314,76834,"SORINAN ADULTO 0,5MG SOL NASAL 30ML",0,2.5,9.0,8.55,5.22,0.0,0.0,0.0,0.0,0,static
2024-12-11,1314,76834,"SORINAN ADULTO 0,5MG SOL NASAL 30ML",0,2.5,9.0,8.55,5.22,0.0,0.0,0.0,0.0,0,static
2024-12-12,1314,76834,"SORINAN ADULTO 0,5MG SOL NASAL 30ML",0,2.5,9.0,8.55,5.22,0.0,0.0,0.0,0.0,0,static
2024-12-13,1314,76834,"SORINAN ADULTO 0,5MG SOL NASAL 30ML",0,2.5,9.0,8.55,5.22,0.0,0.0,0.0,0.0,0,static
2024-12-14,1314,76834,"SORINAN ADULTO 0,5MG SOL NASAL 30ML",0,2.5,9.0,8.55,5.22,0.0,0.0,0.0,0.0,0,static
2024-12-15,1314,76834,"SORINAN ADULTO 0,5MG SOL NASAL 30ML",0,2.5,9.0,8.55,5.22,0.0,0.0,0.0,0.0,0,static
2024-12-16,1314,76834,"SORINAN ADULTO 0,5MG SOL NASAL 30ML",0,2.5,9.0,8.55,5.22,0.0,0.0,0.0,0.0,0,static
2024-12-17,1314,76834,"SORINAN ADULTO 0,5MG SOL NASAL 30ML",0,2.5,9.0,8.55,5.22,0.0,0.0,0.0,0.0,0,static
2024-12-18,1314,76834,"SORINAN ADULTO 0,5MG SOL NASAL 30ML",0,2.5,9.0,8.55,5.22,0.0,0.0,0.0,0.0,0,static
2024-12-19,1314,76834,"SORINAN ADULTO 0,5MG SOL NASAL 30ML",0,2.5,9.0,8.55,5.22,0.0,0.0,0.0,0.0,0,static
2024-12-20,1314,76834,"SORINAN ADULTO 0,5MG SOL NASAL 30ML",0,2.5,9.0,8.55,5.22,0.0,0.0,0.0,0.0,0,static
2024-12-21,1314,76834,"SORINAN ADULTO 0,5MG SOL NASAL 30ML",0,2.5,9.0,8.55,5.22,0.0,0.0,0.0,0.0,0,static
2024-12-22,1314,76834,"SORINAN ADULTO 0,5MG SOL NASAL 30ML",0,2.5,9.0,8.55,5.22,0.0,0.0,0.0,0.0,0,static
2024-12-23,1314,76834,"SORINAN ADULTO 0,5MG SOL NASAL 30ML",0,2.5,9.0,8.55,5.22,0.0,0.0,0.0,0.0,0,static
2024-12-24,1314,76834,"SORINAN ADULTO 0,5MG SOL NASAL 30ML",0,2.5,9.0,8.55,5.22,0.0,0.0,0.0,0.0,0,static
2024-12-25,1314,76834,"SORINAN ADULTO 0,5MG SOL NASAL 30ML",0,2.5,9.0,8.55,5.22,0.0,0.0,0.0,0.0,0,static
2024-12-26,1314,76834,"SORINAN ADULTO 0,5MG SOL NASAL 30ML",0,2.5,9.0,8.55,5.22,0.0,0.0,0.0,0.0,0,static
2024-12-27,1314,76834,"SORINAN ADULTO 0,5MG SOL NASAL 30ML",0,2.5,9.0,8.55,5.22,0.0,0.0,0.0,0.0,0,static
2024-12-28,1314,76834,"SORINAN ADULTO 0,5MG SOL NASAL 30ML",0,2.5,9.0,8.55,5.22,0.0,0.0,0.0,0.0,0,static
2024-12-29,1314,76834,"SORINAN ADULTO 0,5MG SOL NASAL 30ML",0,2.5,9.0,8.55,5.22,0.0,0.0,0.0,0.0,0,static
2024-12-30,1314,76834,"SORINAN ADULTO 0,5MG SOL NASAL 30ML",0,2.5,9.0,8.55,5.22,0.0,0.0,0.0,0.0,0,static
2024-12-31,1314,76834,"SORINAN ADULTO 0,5MG SOL NASAL 30ML",0,2.5,9.0,8.55,5.22,0.0,0.0,0.0,0.0,0,static
2024-10-01,1314,9607,NARIDRIN 12H ADULTO 30ML,0,1.0,9.0,28.36,14.31,0.9418,0.7306,0.0,0.0,0,static
2024-10-02,1314,9607,NARIDRIN 12H ADULTO 30ML,0,1.0,9.0,28.36,14.31,0.7193,0.7306,0.0,0.0,0,static
2024-10-03,1314,9607,NARIDRIN 12H ADULTO 30ML,0,1.0,9.0,28.36,14.31,0.8506,0.7306,1.0,1.0,0,static
2024-10-04,1314,9607,NARIDRIN 12H ADULTO 30ML,0,1.0,9.0,28.36,14.31,0.8106,0.7306,1.0,1.0,0,static
2024-10-05,1314,9607,NARIDRIN 12H ADULTO 30ML,0,1.0,9.0,28.36,14.31,0.6089,0.7306,0.0,0.0,0,static
2024-10-06,1314,9607,NARIDRIN 12H ADULTO 30ML,0,1.0,9.0,28.36,14.31,0.7364,0.7306,0.0,0.0,0,static
2024-10-07,1314,9607,NARIDRIN 12H ADULTO 30ML,0,1.0,9.0,28.36,14.31,0.7364,0.7306,0.0,0.0,0,static
2024-10-08,1314,9607,NARIDRIN 12H ADULTO 30ML,0,1.0,9.0,28.36,14.31,0.9552,0.7306,0.0,0.0,0,static
2024-10-09,1314,9607,NARIDRIN 12H ADULTO 30ML,0,1.0,9.0,28.36,14.31,0.6927,0.7306,1.0,1.0,0,static
2024-10-10,1314,9607,NARIDRIN 12H ADULTO 30ML,0,1.0,9.0,28.36,14.31,0.8639,0.7306,1.0,1.0,0,static
2024-10-11,1314,9607,NARIDRIN 12H ADULTO 30ML,0,1.0,9.0,28.36,14.31,0.8639,0.7306,1.0,1.0,0,static
2024-10-12,1314,9607,NARIDRIN 12H ADULTO 30ML,0,1.0,9.0,28.36,14.31,0.6489,0.7306,0.0,0.0,0,static
2024-10-13,1314,9607,NARIDRIN 12H ADULTO 30ML,0,1.0,9.0,28.36,14.31,0.7364,0.7306,0.0,0.0,0,static
2024-10-14,1314,9607,NARIDRIN 12H ADULTO 30ML,0,1.0,9.0,28.36,14.31,0.6964,0.7306,0.0,0.0,0,static
2024-10-15,1314,9607,NARIDRIN 12H ADULTO 30ML,0,1.0,9.0,28.36,14.31,0.9152,0.7306,2.0,2.0,0,static
2024-10-16,1314,9607,NARIDRIN 12H ADULTO 30ML,0,1.0,9.0,28.36,14.31,0.6527,0.7306,1.0,1.0,0,static
2024-10-17,1314,9607,NARIDRIN 12H ADULTO 30ML,0,1.0,9.0,28.36,14.31,0.7439,0.7306,0.0,0.0,0,static
2024-10-18,1314,9607,NARIDRIN 12H ADULTO 30ML,0,1.0,9.0,28.36,14.31,0.7839,0.7306,0.0,0.0,0,static
2024-10-19,1314,9607,NARIDRIN 12H ADULTO 30ML,0,1.0,9.0,28.36,14.31,0.5689,0.7306,2.0,2.0,0,static
2024-10-20,1314,9607,NARIDRIN 12H ADULTO 30ML,0,1.0,9.0,28.36,14.31,0.6964,0.7306,0.0,0.0,0,static
2024-10-21,1314,9607,NARIDRIN 12H ADULTO 30ML,0,1.0,9.0,28.36,14.31,0.6964,0.7306,0.0,0.0,0,static
2024-10-22,1314,9607,NARIDRIN 12H ADULTO 30ML,0,1.0,9.0,28.36,14.31,0.9152,0.7306,2.0,2.0,0,static
2024-10-23,1314,9607,NARIDRIN 12H ADULTO 30ML,0,1.0,9.0,28.36,14.31,0.6527,0.7306,0.0,0.0,0,static
2024-10-24,1314,9607,NARIDRIN 12H ADULTO 30ML,0,1.0,9.0,28.36,14.31,0.7439,0.7306,0.0,0.0,0,static
2024-10-25,1314,9607,NARIDRIN 12H ADULTO 30ML,0,1.0,9.0,28.36,14.31,0.7039,0.7306,0.0,0.0,0,static
2024-10-26,1314,9607,NARIDRIN 12H ADULTO 30ML,0,1.0,9.0,28.36,14.31,0.5289,0.7306,1.0,1.0,0,static
2024-10-27,1314,9607,NARIDRIN 12H ADULTO 30ML,0,1.0,9.0,28.36,14.31,0.6164,0.7306,2.0,2.0,0,static
2024-10-28,1314,9607,NARIDRIN 12H ADULTO 30ML,0,1.0,9.0,28.36,14.31,0.6564,0.7306,0.0,0.0,0,static
2024-10-29,1314,9607,NARIDRIN 12H ADULTO 30ML,0,1.0,9.0,28.36,14.31,0.8752,0.7306,0.0,0.0,0,static
2024-10-30,1314,9607,NARIDRIN 12H ADULTO 30ML,0,1.0,9.0,28.36,14.31,0.626,0.7306,0.0,0.0,0,static
2024-10-31,1314,9607,NARIDRIN 12H ADULTO 30ML,0,1.0,9.0,28.36,14.31,0.7573,0.7306,0.0,0.0,0,static
2024-11-01,1314,9607,NARIDRIN 12H ADULTO 30ML,0,1.0,9.0,28.36,14.31,0.7839,0.7306,0.0,0.0,0,static
2024-11-02,1314,9607,NARIDRIN 12H ADULTO 30ML,0,1.0,9.0,28.36,14.31,0.5689,0.7306,1.0,1.0,0,static
2024-11-03,1314,9607,NARIDRIN 12H ADULTO 30ML,0,1.0,9.0,28.36,14.31,0.6564,0.7306,2.0,2.0,0,static
2024-11-04,1314,9607,NARIDRIN 12H ADULTO 30ML,0,1.0,9.0,28.36,14.31,0.6298,0.7306,1.0,1.0,0,static
2024-11-05,1314,9607,NARIDRIN 12H ADULTO 30ML,0,1.0,9.0,28.36,14.31,0.8618,0.7306,0.0,0.0,0,static
2024-11-06,1314,9607,NARIDRIN 12H ADULTO 30ML,0,1.0,9.0,28.36,14.31,0.5993,0.7306,2.0,2.0,0,static
2024-11-07,1314,9607,NARIDRIN 12H ADULTO 30ML,0,1.0,9.0,28.36,14.31,0.7306,0.7306,0.0,0.0,0,static
2024-11-08,1314,9607,NARIDRIN 12H ADULTO 30ML,0,1.0,9.0,28.36,14.31,0.7439,0.7306,0.0,0.0,0,static
2024-11-09,1314,9607,NARIDRIN 12H ADULTO 30ML,0,1.0,9.0,28.36,14.31,0.5823,0.7306,0.0,0.0,0,static
2024-11-10,1314,9607,NARIDRIN 12H ADULTO 30ML,0,1.0,9.0,28.36,14.31,0.6698,0.7306,0.0,0.0,0,static
2024-11-11,1314,9607,NARIDRIN 12H ADULTO 30ML,0,1.0,9.0,28.36,14.31,0.6698,0.7306,0.0,0.0,0,static
2024-11-12,1314,9607,NARIDRIN 12H ADULTO 30ML,0,1.0,9.0,28.36,14.31,0.8485,0.7306,1.0,1.0,0,static
2024-11-13,1314,9607,NARIDRIN 12H ADULTO 30ML,0,1.0,9.0,28.36,14.31,0.586,0.7306,1.0,1.0,0,static
2024-11-14,1314,9607,NARIDRIN 12H ADULTO 30ML,0,1.0,9.0,28.36,14.31,0.7173,0.7306,0.0,0.0,0,static
2024-11-15,1314,9607,NARIDRIN 12H ADULTO 30ML,0,1.0,9.0,28.36,14.31,0.7173,0.7306,0.0,0.0,0,static
2024-11-16,1314,9607,NARIDRIN 12H ADULTO 30ML,0,1.0,9.0,28.36,14.31,0.5156,0.7306,0.0,0.0,0,static
2024-11-17,1314,9607,NARIDRIN 12H ADULTO 30ML,0,1.0,9.0,28.36,14.31,0.6031,0.7306,1.0,1.0,0,static
2024-11-18,1314,9607,NARIDRIN 12H ADULTO 30ML,0,1.0,9.0,28.36,14.31,0.6298,0.7306,0.0,0.0,0,static
2024-11-19,1314,9607,NARIDRIN 12H ADULTO 30ML,0,1.0,9.0,28.36,14.31,0.8352,0.7306,0.0,0.0,0,static
2024-11-20,1314,9607,NARIDRIN 12H ADULTO 30ML,0,1.0,9.0,28.36,14.31,0.5327,0.7306,0.0,0.0,0,static
2024-11-21,1314,9607,NARIDRIN 12H ADULTO 30ML,0,1.0,9.0,28.36,14.31,0.6639,0.7306,0.0,0.0,0,static
2024-11-22,1314,9607,NARIDRIN 12H ADULTO 30ML,0,1.0,9.0,28.36,14.31,0.6773,0.7306,0.0,0.0,0,static
2024-11-23,1314,9607,NARIDRIN 12H ADULTO 30ML,0,1.0,9.0,28.36,14.31,0.5023,0.7306,1.0,1.0,0,static
2024-11-24,1314,9607,NARIDRIN 12H ADULTO 30ML,0,1.0,9.0,28.36,14.31,0.5764,0.7306,0.0,0.0,0,static
2024-11-25,1314,9607,NARIDRIN 12H ADULTO 30ML,0,1.0,9.0,28.36,14.31,0.5764,0.7306,0.0,0.0,0,static
2024-11-26,1314,9607,NARIDRIN 12H ADULTO 30ML,0,1.0,9.0,28.36,14.31,0.8085,0.7306,1.0,1.0,0,static
2024-11-27,1314,9607,NARIDRIN 12H ADULTO 30ML,0,1.0,9.0,28.36,14.31,0.5727,0.7306,1.0,1.0,0,static
2024-11-28,1314,9607,NARIDRIN 12H ADULTO 30ML,0,1.0,9.0,28.36,14.31,0.7306,0.7306,0.0,0.0,0,static
2024-11-29,1314,9607,NARIDRIN 12H ADULTO 30ML,0,1.0,9.0,28.36,14.31,0.7306,0.7306,0.0,0.0,0,static
2024-11-30,1314,9607,NARIDRIN 12H ADULTO 30ML,0,1.0,9.0,28.36,14.31,0.5689,0.7306,0.0,0.0,0,static
2024-12-01,1314,9607,NARIDRIN 12H ADULTO 30ML,0,1.0,9.0,28.36,14.31,0.6964,0.7306,1.0,1.0,0,static
2024-12-02,1314,9607,NARIDRIN 12H ADULTO 30ML,0,1.0,9.0,28.36,14.31,0.6964,0.7306,0.0,0.0,0,static
2024-12-03,1314,9607,NARIDRIN 12H ADULTO 30ML,0,1.0,9.0,28.36,14.31,0.8885,0.7306,3.0,3.0,0,static
2024-12-04,1314,9607,NARIDRIN 12H ADULTO 30ML,0,1.0,9.0,28.36,14.31,0.626,0.7306,0.0,0.0,0,static
2024-12-05,1314,9607,NARIDRIN 12H ADULTO 30ML,0,1.0,9.0,28.36,14.31,0.7439,0.7306,0.0,0.0,0,static
2024-12-06,1314,9607,NARIDRIN 12H ADULTO 30ML,0,1.0,9.0,28.36,14.31,0.7706,0.7306,0.0,0.0,0,static
2024-12-07,1314,9607,NARIDRIN 12H ADULTO 30ML,0,1.0,9.0,28.36,14.31,0.5823,0.7306,1.0,1.0,0,static
2024-12-08,1314,9607,NARIDRIN 12H ADULTO 30ML,0,1.0,9.0,28.36,14.31,0.6564,0.7306,0.0,0.0,0,static
2024-12-09,1314,9607,NARIDRIN 12H ADULTO 30ML,0,1.0,9.0,28.36,14.31,0.6564,0.7306,1.0,1.0,0,static
2024-12-10,1314,9607,NARIDRIN 12H ADULTO 30ML,0,1.0,9.0,28.36,14.31,0.9018,0.7306,0.0,0.0,0,static
2024-12-11,1314,9607,NARIDRIN 12H ADULTO 30ML,0,1.0,9.0,28.36,14.31,0.6393,0.7306,1.0,1.0,0,static
2024-12-12,1314,9607,NARIDRIN 12H ADULTO 30ML,0,1.0,9.0,28.36,14.31,0.7706,0.7306,0.0,0.0,0,static
2024-12-13,1314,9607,NARIDRIN 12H ADULTO 30ML,0,1.0,9.0,28.36,14.31,0.7439,0.7306,1.0,1.0,0,static
2024-12-14,1314,9607,NARIDRIN 12H ADULTO 30ML,0,1.0,9.0,28.36,14.31,0.5556,0.7306,0.0,0.0,0,static
2024-12-15,1314,9607,NARIDRIN 12H ADULTO 30ML,0,1.0,9.0,28.36,14.31,0.6298,0.7306,1.0,1.0,0,static
2024-12-16,1314,9607,NARIDRIN 12H ADULTO 30ML,0,1.0,9.0,28.36,14.31,0.5898,0.7306,0.0,0.0,0,static
2024-12-17,1314,9607,NARIDRIN 12H ADULTO 30ML,0,1.0,9.0,28.36,14.31,0.8085,0.7306,2.0,2.0,0,static
2024-12-18,1314,9607,NARIDRIN 12H ADULTO 30ML,0,1.0,9.0,28.36,14.31,0.546,0.7306,0.0,0.0,0,static
2024-12-19,1314,9607,NARIDRIN 12H ADULTO 30ML,0,1.0,9.0,28.36,14.31,0.6906,0.7306,0.0,0.0,0,static
2024-12-20,1314,9607,NARIDRIN 12H ADULTO 30ML,0,1.0,9.0,28.36,14.31,0.7173,0.7306,1.0,1.0,0,static
2024-12-21,1314,9607,NARIDRIN 12H ADULTO 30ML,0,1.0,9.0,28.36,14.31,0.5156,0.7306,0.0,0.0,0,static
2024-12-22,1314,9607,NARIDRIN 12H ADULTO 30ML,0,1.0,9.0,28.36,14.31,0.6164,0.7306,0.0,0.0,0,static
2024-12-23,1314,9607,NARIDRIN 12H ADULTO 30ML,0,1.0,9.0,28.36,14.31,0.6164,0.7306,0.0,0.0,0,static
2024-12-24,1314,9607,NARIDRIN 12H ADULTO 30ML,0,1.0,9.0,28.36,14.31,0.8352,0.7306,4.0,4.0,0,static
2024-12-25,1314,9607,NARIDRIN 12H ADULTO 30ML,0,1.0,9.0,28.36,14.31,0.546,0.7306,0.0,0.0,0,static
2024-12-26,1314,9607,NARIDRIN 12H ADULTO 30ML,0,1.0,9.0,28.36,14.31,0.6773,0.7306,1.0,1.0,0,static
2024-12-27,1314,9607,NARIDRIN 12H ADULTO 30ML,0,1.0,9.0,28.36,14.31,0.6773,0.7306,0.0,0.0,0,static
2024-12-28,1314,9607,NARIDRIN 12H ADULTO 30ML,0,1.0,9.0,28.36,14.31,0.5023,0.7306,1.0,1.0,0,static
2024-12-29,1314,9607,NARIDRIN 12H ADULTO 30ML,0,1.0,9.0,28.36,14.31,0.5898,0.7306,0.0,0.0,0,static
2024-12-30,1314,9607,NARIDRIN 12H ADULTO 30ML,0,1.0,9.0,28.36,14.31,0.5898,0.7306,1.0,1.0,0,static
2024-12-31,1314,9607,NARIDRIN 12H ADULTO 30ML,0,1.0,9.0,28.36,14.31,0.8218,0.7306,2.0,2.0,0,static
2024-10-01,841,13315,BROMELIN SUSP 100ML,0,2.5,3.0,55.89,18.29,0.0,0.0,0.0,0.0,0,static
2024-10-02,841,13315,BROMELIN SUSP 100ML,0,2.5,3.0,55.89,18.29,0.0,0.0,0.0,0.0,0,static
2024-10-03,841,13315,BROMELIN SUSP 100ML,0,2.5,3.0,55.89,18.29,0.0,0.0,0.0,0.0,0,static
2024-10-04,841,13315,BROMELIN SUSP 100ML,0,2.5,3.0,55.89,18.29,0.0,0.0,0.0,0.0,0,static
2024-10-05,841,13315,BROMELIN SUSP 100ML,0,2.5,3.0,55.89,18.29,0.0,0.0,0.0,0.0,0,static
2024-10-06,841,13315,BROMELIN SUSP 100ML,0,2.5,3.0,55.89,18.29,0.0,0.0,0.0,0.0,0,static
2024-10-07,841,13315,BROMELIN SUSP 100ML,0,2.5,3.0,55.89,18.29,0.0,0.0,0.0,0.0,0,static
2024-10-08,841,13315,BROMELIN SUSP 100ML,0,2.5,3.0,55.89,18.29,0.0,0.0,0.0,0.0,0,static
2024-10-09,841,13315,BROMELIN SUSP 100ML,0,2.5,3.0,55.89,18.29,0.0,0.0,0.0,0.0,0,static
2024-10-10,841,13315,BROMELIN SUSP 100ML,0,2.5,3.0,55.89,18.29,0.0,0.0,0.0,0.0,0,static
2024-10-11,841,13315,BROMELIN SUSP 100ML,0,2.5,3.0,55.89,18.29,0.0,0.0,0.0,0.0,0,static
2024-10-12,841,13315,BROMELIN SUSP 100ML,0,2.5,3.0,55.89,18.29,0.0,0.0,0.0,0.0,0,static
2024-10-13,841,13315,BROMELIN SUSP 100ML,0,2.5,3.0,55.89,18.29,0.0,0.0,0.0,0.0,0,static
2024-10-14,841,13315,BROMELIN SUSP 100ML,0,2.5,3.0,55.89,18.29,0.0,0.0,0.0,0.0,0,static
2024-10-15,841,13315,BROMELIN SUSP 100ML,0,2.5,3.0,55.89,18.29,0.0,0.0,0.0,0.0,0,static
2024-10-16,841,13315,BROMELIN SUSP 100ML,0,2.5,3.0,55.89,18.29,0.0,0.0,0.0,0.0,0,static
2024-10-17,841,13315,BROMELIN SUSP 100ML,0,2.5,3.0,55.89,18.29,0.0,0.0,0.0,0.0,0,static
2024-10-18,841,13315,BROMELIN SUSP 100ML,0,2.5,3.0,55.89,18.29,0.0,0.0,0.0,0.0,0,static
2024-10-19,841,13315,BROMELIN SUSP 100ML,0,2.5,3.0,55.89,18.29,0.0,0.0,0.0,0.0,0,static
2024-10-20,841,13315,BROMELIN SUSP 100ML,0,2.5,3.0,55.89,18.29,0.0,0.0,0.0,0.0,0,static
2024-10-21,841,13315,BROMELIN SUSP 100ML,0,2.5,3.0,55.89,18.29,0.0,0.0,0.0,0.0,0,static
2024-10-22,841,13315,BROMELIN SUSP 100ML,0,2.5,3.0,55.89,18.29,0.0,0.0,0.0,0.0,0,static
2024-10-23,841,13315,BROMELIN SUSP 100ML,0,2.5,3.0,55.89,18.29,0.0,0.0,0.0,0.0,0,static
2024-10-24,841,13315,BROMELIN SUSP 100ML,0,2.5,3.0,55.89,18.29,0.0,0.0,0.0,0.0,0,static
2024-10-25,841,13315,BROMELIN SUSP 100ML,0,2.5,3.0,55.89,18.29,0.0,0.0,0.0,0.0,0,static
2024-10-26,841,13315,BROMELIN SUSP 100ML,0,2.5,3.0,55.89,18.29,0.0,0.0,0.0,0.0,0,static
2024-10-27,841,13315,BROMELIN SUSP 100ML,0,2.5,3.0,55.89,18.29,0.0,0.0,0.0,0.0,0,static
2024-10-28,841,13315,BROMELIN SUSP 100ML,0,2.5,3.0,55.89,18.29,0.0,0.0,0.0,0.0,0,static
2024-10-29,841,13315,BROMELIN SUSP 100ML,0,2.5,3.0,55.89,18.29,0.0,0.0,0.0,0.0,0,static
2024-10-30,841,13315,BROMELIN SUSP 100ML,0,2.5,3.0,55.89,18.29,0.0,0.0,0.0,0.0,0,static
2024-10-31,841,13315,BROMELIN SUSP 100ML,0,2.5,3.0,55.89,18.29,0.0,0.0,0.0,0.0,0,static
2024-11-01,841,13315,BROMELIN SUSP 100ML,0,2.5,3.0,55.89,18.29,0.0,0.0,0.0,0.0,0,static
2024-11-02,841,13315,BROMELIN SUSP 100ML,0,2.5,3.0,55.89,18.29,0.0,0.0,0.0,0.0,0,static
2024-11-03,841,13315,BROMELIN SUSP 100ML,0,2.5,3.0,55.89,18.29,0.0,0.0,0.0,0.0,0,static
2024-11-04,841,13315,BROMELIN SUSP 100ML,0,2.5,3.0,55.89,18.29,0.0,0.0,0.0,0.0,0,static
2024-11-05,841,13315,BROMELIN SUSP 100ML,0,2.5,3.0,55.89,18.29,0.0,0.0,0.0,0.0,0,static
2024-11-06,841,13315,BROMELIN SUSP 100ML,0,2.5,3.0,55.89,18.29,0.0,0.0,0.0,0.0,0,static
2024-11-07,841,13315,BROMELIN SUSP 100ML,0,2.5,3.0,55.89,18.29,0.0,0.0,0.0,0.0,0,static
2024-11-08,841,13315,BROMELIN SUSP 100ML,0,2.5,3.0,55.89,18.29,0.0,0.0,0.0,0.0,0,static
2024-11-09,841,13315,BROMELIN SUSP 100ML,0,2.5,3.0,55.89,18.29,0.0,0.0,0.0,0.0,0,static
2024-11-10,841,13315,BROMELIN SUSP 100ML,0,2.5,3.0,55.89,18.29,0.0,0.0,0.0,0.0,0,static
2024-11-11,841,13315,BROMELIN SUSP 100ML,0,2.5,3.0,55.89,18.29,0.0,0.0,0.0,0.0,0,static
2024-11-12,841,13315,BROMELIN SUSP 100ML,0,2.5,3.0,55.89,18.29,0.0,0.0,0.0,0.0,0,static
2024-11-13,841,13315,BROMELIN SUSP 100ML,0,2.5,3.0,55.89,18.29,0.0,0.0,0.0,0.0,0,static
2024-11-14,841,13315,BROMELIN SUSP 100ML,0,2.5,3.0,55.89,18.29,0.0,0.0,0.0,0.0,0,static
2024-11-15,841,13315,BROMELIN SUSP 100ML,0,2.5,3.0,55.89,18.29,0.0,0.0,0.0,0.0,0,static
2024-11-16,841,13315,BROMELIN SUSP 100ML,0,2.5,3.0,55.89,18.29,0.0,0.0,0.0,0.0,0,static
2024-11-17,841,13315,BROMELIN SUSP 100ML,0,2.5,3.0,55.89,18.29,0.0,0.0,0.0,0.0,0,static
2024-11-18,841,13315,BROMELIN SUSP 100ML,0,2.5,3.0,55.89,18.29,0.0,0.0,0.0,0.0,0,static
2024-11-19,841,13315,BROMELIN SUSP 100ML,0,2.5,3.0,55.89,18.29,0.0,0.0,0.0,0.0,0,static
2024-11-20,841,13315,BROMELIN SUSP 100ML,0,2.5,3.0,55.89,18.29,0.0,0.0,0.0,0.0,0,static
2024-11-21,841,13315,BROMELIN SUSP 100ML,0,2.5,3.0,55.89,18.29,0.0,0.0,0.0,0.0,0,static
2024-11-22,841,13315,BROMELIN SUSP 100ML,0,2.5,3.0,55.89,18.29,0.0,0.0,0.0,0.0,0,static
2024-11-23,841,13315,BROMELIN SUSP 100ML,0,2.5,3.0,55.89,18.29,0.0,0.0,0.0,0.0,0,static
2024-11-24,841,13315,BROMELIN SUSP 100ML,0,2.5,3.0,55.89,18.29,0.0,0.0,0.0,0.0,0,static
2024-11-25,841,13315,BROMELIN SUSP 100ML,0,2.5,3.0,55.89,18.29,0.0,0.0,0.0,0.0,0,static
2024-11-26,841,13315,BROMELIN SUSP 100ML,0,2.5,3.0,55.89,18.29,0.0,0.0,0.0,0.0,0,static
2024-11-27,841,13315,BROMELIN SUSP 100ML,0,2.5,3.0,55.89,18.29,0.0,0.0,0.0,0.0,0,static
2024-11-28,841,13315,BROMELIN SUSP 100ML,0,2.5,3.0,55.89,18.29,0.0,0.0,0.0,0.0,0,static
2024-11-29,841,13315,BROMELIN SUSP 100ML,0,2.5,3.0,55.89,18.29,0.0,0.0,0.0,0.0,0,static
2024-11-30,841,13315,BROMELIN SUSP 100ML,0,2.5,3.0,55.89,18.29,0.0,0.0,0.0,0.0,0,static
2024-12-01,841,13315,BROMELIN SUSP 100ML,0,2.5,3.0,55.89,18.29,0.0,0.0,0.0,0.0,0,static
2024-12-02,841,13315,BROMELIN SUSP 100ML,0,2.5,3.0,55.89,18.29,0.0,0.0,0.0,0.0,0,static
2024-12-03,841,13315,BROMELIN SUSP 100ML,0,2.5,3.0,55.89,18.29,0.0,0.0,0.0,0.0,0,static
2024-12-04,841,13315,BROMELIN SUSP 100ML,0,2.5,3.0,55.89,18.29,0.0,0.0,0.0,0.0,0,static
2024-12-05,841,13315,BROMELIN SUSP 100ML,0,2.5,3.0,55.89,18.29,0.0,0.0,0.0,0.0,0,static
2024-12-06,841,13315,BROMELIN SUSP 100ML,0,2.5,3.0,55.89,18.29,0.0,0.0,0.0,0.0,0,static
2024-12-07,841,13315,BROMELIN SUSP 100ML,0,2.5,3.0,55.89,18.29,0.0,0.0,0.0,0.0,0,static
2024-12-08,841,13315,BROMELIN SUSP 100ML,0,2.5,3.0,55.89,18.29,0.0,0.0,0.0,0.0,0,static
2024-12-09,841,13315,BROMELIN SUSP 100ML,0,2.5,3.0,55.89,18.29,0.0,0.0,0.0,0.0,0,static
2024-12-10,841,13315,BROMELIN SUSP 100ML,0,2.5,3.0,55.89,18.29,0.0,0.0,0.0,0.0,0,static
2024-12-11,841,13315,BROMELIN SUSP 100ML,0,2.5,3.0,55.89,18.29,0.0,0.0,0.0,0.0,0,static
2024-12-12,841,13315,BROMELIN SUSP 100ML,0,2.5,3.0,55.89,18.29,0.0,0.0,0.0,0.0,0,static
2024-12-13,841,13315,BROMELIN SUSP 100ML,0,2.5,3.0,55.89,18.29,0.0,0.0,0.0,0.0,0,static
2024-12-14,841,13315,BROMELIN SUSP 100ML,0,2.5,3.0,55.89,18.29,0.0,0.0,0.0,0.0,0,static
2024-12-15,841,13315,BROMELIN SUSP 100ML,0,2.5,3.0,55.89,18.29,0.0,0.0,0.0,0.0,0,static
2024-12-16,841,13315,BROMELIN SUSP 100ML,0,2.5,3.0,55.89,18.29,0.0,0.0,0.0,0.0,0,static
2024-12-17,841,13315,BROMELIN SUSP 100ML,0,2.5,3.0,55.89,18.29,0.0,0.0,0.0,0.0,0,static
2024-12-18,841,13315,BROMELIN SUSP 100ML,0,2.5,3.0,55.89,18.29,0.0,0.0,0.0,0.0,0,static
2024-12-19,841,13315,BROMELIN SUSP 100ML,0,2.5,3.0,55.89,18.29,0.0,0.0,0.0,0.0,0,static
2024-12-20,841,13315,BROMELIN SUSP 100ML,0,2.5,3.0,55.89,18.29,0.0,0.0,0.0,0.0,0,static
2024-12-21,841,13315,BROMELIN SUSP 100ML,0,2.5,3.0,55.89,18.29,0.0,0.0,0.0,0.0,0,static
2024-12-22,841,13315,BROMELIN SUSP 100ML,0,2.5,3.0,55.89,18.29,0.0,0.0,0.0,0.0,0,static
2024-12-23,841,13315,BROMELIN SUSP 100ML,0,2.5,3.0,55.89,18.29,0.0,0.0,0.0,0.0,0,static
2024-12-24,841,13315,BROMELIN SUSP 100ML,0,2.5,3.0,55.89,18.29,0.0,0.0,0.0,0.0,0,static
2024-12-25,841,13315,BROMELIN SUSP 100ML,0,2.5,3.0,55.89,18.29,0.0,0.0,0.0,0.0,0,static
2024-12-26,841,13315,BROMELIN SUSP 100ML,0,2.5,3.0,55.89,18.29,0.0,0.0,0.0,0.0,0,static
2024-12-27,841,13315,BROMELIN SUSP 100ML,0,2.5,3.0,55.89,18.29,0.0,0.0,0.0,0.0,0,static
2024-12-28,841,13315,BROMELIN SUSP 100ML,0,2.5,3.0,55.89,18.29,0.0,0.0,0.0,0.0,0,static
2024-12-29,841,13315,BROMELIN SUSP 100ML,0,2.5,3.0,55.89,18.29,0.0,0.0,0.0,0.0,0,static
2024-12-30,841,13315,BROMELIN SUSP 100ML,0,2.5,3.0,55.89,18.29,0.0,0.0,0.0,0.0,0,static
2024-12-31,841,13315,BROMELIN SUSP 100ML,0,2.5,3.0,55.89,18.29,0.0,0.0,0.0,0.0,0,static
2024-10-01,841,1439,SORINE GTS ADULTO 30ML,0,2.5,3.0,20.84,15.49,0.0,0.1336,0.0,0.0,0,static
2024-10-02,841,1439,SORINE GTS ADULTO 30ML,0,2.5,3.0,20.84,15.49,0.0,0.1336,0.0,0.0,0,static
2024-10-03,841,1439,SORINE GTS ADULTO 30ML,0,2.5,3.0,20.84,15.49,0.0,0.1336,0.0,0.0,0,static
2024-10-04,841,1439,SORINE GTS ADULTO 30ML,0,2.5,3.0,20.84,15.49,0.0,0.1336,0.0,0.0,0,static
2024-10-05,841,1439,SORINE GTS ADULTO 30ML,0,2.5,3.0,20.84,15.49,0.0,0.1336,0.0,0.0,0,static
2024-10-06,841,1439,SORINE GTS ADULTO 30ML,0,2.5,3.0,20.84,15.49,0.0437,0.1336,0.0,0.0,0,static
2024-10-07,841,1439,SORINE GTS ADULTO 30ML,0,2.5,3.0,20.84,15.49,0.0,0.1336,0.0,0.0,0,static
2024-10-08,841,1439,SORINE GTS ADULTO 30ML,0,2.5,3.0,20.84,15.49,0.0,0.1336,0.0,0.0,0,static
2024-10-09,841,1439,SORINE GTS ADULTO 30ML,0,2.5,3.0,20.84,15.49,0.0,0.1336,0.0,0.0,0,static
2024-10-10,841,1439,SORINE GTS ADULTO 30ML,0,2.5,3.0,20.84,15.49,0.0,0.1336,0.0,0.0,0,static
2024-10-11,841,1439,SORINE GTS ADULTO 30ML,0,2.5,3.0,20.84,15.49,0.0,0.1336,0.0,0.0,0,static
2024-10-12,841,1439,SORINE GTS ADULTO 30ML,0,2.5,3.0,20.84,15.49,0.0,0.1336,2.0,2.0,0,static
2024-10-13,841,1439,SORINE GTS ADULTO 30ML,0,2.5,3.0,20.84,15.49,0.0437,0.1336,0.0,0.0,0,static
2024-10-14,841,1439,SORINE GTS ADULTO 30ML,0,2.5,3.0,20.84,15.49,0.0,0.1336,0.0,0.0,1,static
2024-10-15,841,1439,SORINE GTS ADULTO 30ML,0,2.5,3.0,20.84,15.49,0.0,0.1336,0.0,0.0,1,static
2024-10-16,841,1439,SORINE GTS ADULTO 30ML,0,2.5,3.0,20.84,15.49,0.0,0.1336,0.0,0.0,1,static
2024-10-17,841,1439,SORINE GTS ADULTO 30ML,0,2.5,3.0,20.84,15.49,0.0,0.1336,0.0,0.0,1,static
2024-10-18,841,1439,SORINE GTS ADULTO 30ML,0,2.5,3.0,20.84,15.49,0.0,0.1336,0.0,0.0,0,static
2024-10-19,841,1439,SORINE GTS ADULTO 30ML,0,2.5,3.0,20.84,15.49,0.0,0.1336,0.0,0.0,0,static
2024-10-20,841,1439,SORINE GTS ADULTO 30ML,0,2.5,3.0,20.84,15.49,0.0437,0.1336,0.0,0.0,0,static
2024-10-21,841,1439,SORINE GTS ADULTO 30ML,0,2.5,3.0,20.84,15.49,0.0,0.1336,0.0,0.0,0,static
2024-10-22,841,1439,SORINE GTS ADULTO 30ML,0,2.5,3.0,20.84,15.49,0.0,0.1336,0.0,0.0,0,static
2024-10-23,841,1439,SORINE GTS ADULTO 30ML,0,2.5,3.0,20.84,15.49,0.0,0.1336,0.0,0.0,0,static
2024-10-24,841,1439,SORINE GTS ADULTO 30ML,0,2.5,3.0,20.84,15.49,0.0,0.1336,0.0,0.0,0,static
2024-10-25,841,1439,SORINE GTS ADULTO 30ML,0,2.5,3.0,20.84,15.49,0.0,0.1336,0.0,0.0,0,static
2024-10-26,841,1439,SORINE GTS ADULTO 30ML,0,2.5,3.0,20.84,15.49,0.0,0.1336,0.0,0.0,0,static
2024-10-27,841,1439,SORINE GTS ADULTO 30ML,0,2.5,3.0,20.84,15.49,0.0437,0.1336,0.0,0.0,0,static
2024-10-28,841,1439,SORINE GTS ADULTO 30ML,0,2.5,3.0,20.84,15.49,0.0,0.1336,0.0,0.0,0,static
2024-10-29,841,1439,SORINE GTS ADULTO 30ML,0,2.5,3.0,20.84,15.49,0.0,0.1336,0.0,0.0,0,static
2024-10-30,841,1439,SORINE GTS ADULTO 30ML,0,2.5,3.0,20.84,15.49,0.0,0.1336,0.0,0.0,0,static
2024-10-31,841,1439,SORINE GTS ADULTO 30ML,0,2.5,3.0,20.84,15.49,0.0,0.1336,0.0,0.0,0,static
2024-11-01,841,1439,SORINE GTS ADULTO 30ML,0,2.5,3.0,20.84,15.49,0.0,0.1336,0.0,0.0,0,static
2024-11-02,841,1439,SORINE GTS ADULTO 30ML,0,2.5,3.0,20.84,15.49,0.0,0.1336,0.0,0.0,0,static
2024-11-03,841,1439,SORINE GTS ADULTO 30ML,0,2.5,3.0,20.84,15.49,0.0437,0.1336,0.0,0.0,0,static
2024-11-04,841,1439,SORINE GTS ADULTO 30ML,0,2.5,3.0,20.84,15.49,0.0,0.1336,0.0,0.0,0,static
2024-11-05,841,1439,SORINE GTS ADULTO 30ML,0,2.5,3.0,20.84,15.49,0.0,0.1336,0.0,0.0,0,static
2024-11-06,841,1439,SORINE GTS ADULTO 30ML,0,2.5,3.0,20.84,15.49,0.0,0.1336,0.0,0.0,0,static
2024-11-07,841,1439,SORINE GTS ADULTO 30ML,0,2.5,3.0,20.84,15.49,0.0,0.1336,0.0,0.0,0,static
2024-11-08,841,1439,SORINE GTS ADULTO 30ML,0,2.5,3.0,20.84,15.49,0.0,0.1336,0.0,0.0,0,static
2024-11-09,841,1439,SORINE GTS ADULTO 30ML,0,2.5,3.0,20.84,15.49,0.0,0.1336,0.0,0.0,0,static
2024-11-10,841,1439,SORINE GTS ADULTO 30ML,0,2.5,3.0,20.84,15.49,0.0437,0.1336,0.0,0.0,0,static
2024-11-11,841,1439,SORINE GTS ADULTO 30ML,0,2.5,3.0,20.84,15.49,0.0,0.1336,0.0,0.0,0,static
2024-11-12,841,1439,SORINE GTS ADULTO 30ML,0,2.5,3.0,20.84,15.49,0.0,0.1336,0.0,0.0,0,static
2024-11-13,841,1439,SORINE GTS ADULTO 30ML,0,2.5,3.0,20.84,15.49,0.0,0.1336,0.0,0.0,0,static
2024-11-14,841,1439,SORINE GTS ADULTO 30ML,0,2.5,3.0,20.84,15.49,0.0,0.1336,0.0,0.0,0,static
2024-11-15,841,1439,SORINE GTS ADULTO 30ML,0,2.5,3.0,20.84,15.49,0.0,0.1336,0.0,0.0,0,static
2024-11-16,841,1439,SORINE GTS ADULTO 30ML,0,2.5,3.0,20.84,15.49,0.0,0.1336,0.0,0.0,0,static
2024-11-17,841,1439,SORINE GTS ADULTO 30ML,0,2.5,3.0,20.84,15.49,0.0437,0.1336,0.0,0.0,0,static
2024-11-18,841,1439,SORINE GTS ADULTO 30ML,0,2.5,3.0,20.84,15.49,0.0,0.1336,0.0,0.0,0,static
2024-11-19,841,1439,SORINE GTS ADULTO 30ML,0,2.5,3.0,20.84,15.49,0.0,0.1336,0.0,0.0,0,static
2024-11-20,841,1439,SORINE GTS ADULTO 30ML,0,2.5,3.0,20.84,15.49,0.0,0.1336,0.0,0.0,0,static
2024-11-21,841,1439,SORINE GTS ADULTO 30ML,0,2.5,3.0,20.84,15.49,0.0,0.1336,0.0,0.0,0,static
2024-11-22,841,1439,SORINE GTS ADULTO 30ML,0,2.5,3.0,20.84,15.49,0.0,0.1336,0.0,0.0,0,static
2024-11-23,841,1439,SORINE GTS ADULTO 30ML,0,2.5,3.0,20.84,15.49,0.0,0.1336,0.0,0.0,0,static
2024-11-24,841,1439,SORINE GTS ADULTO 30ML,0,2.5,3.0,20.84,15.49,0.0437,0.1336,0.0,0.0,0,static
2024-11-25,841,1439,SORINE GTS ADULTO 30ML,0,2.5,3.0,20.84,15.49,0.0,0.1336,0.0,0.0,0,static
2024-11-26,841,1439,SORINE GTS ADULTO 30ML,0,2.5,3.0,20.84,15.49,0.0,0.1336,0.0,0.0,0,static
2024-11-27,841,1439,SORINE GTS ADULTO 30ML,0,2.5,3.0,20.84,15.49,0.0,0.1336,0.0,0.0,0,static
2024-11-28,841,1439,SORINE GTS ADULTO 30ML,0,2.5,3.0,20.84,15.49,0.0,0.1336,0.0,0.0,0,static
2024-11-29,841,1439,SORINE GTS ADULTO 30ML,0,2.5,3.0,20.84,15.49,0.0133,0.1336,0.0,0.0,0,static
2024-11-30,841,1439,SORINE GTS ADULTO 30ML,0,2.5,3.0,20.84,15.49,0.0133,0.1336,0.0,0.0,0,static
2024-12-01,841,1439,SORINE GTS ADULTO 30ML,0,2.5,3.0,20.84,15.49,0.0571,0.1336,0.0,0.0,0,static
2024-12-02,841,1439,SORINE GTS ADULTO 30ML,0,2.5,3.0,20.84,15.49,0.0133,0.1336,0.0,0.0,0,static
2024-12-03,841,1439,SORINE GTS ADULTO 30ML,0,2.5,3.0,20.84,15.49,0.0133,0.1336,0.0,0.0,0,static
2024-12-04,841,1439,SORINE GTS ADULTO 30ML,0,2.5,3.0,20.84,15.49,0.0133,0.1336,0.0,0.0,0,static
2024-12-05,841,1439,SORINE GTS ADULTO 30ML,0,2.5,3.0,20.84,15.49,0.0133,0.1336,0.0,0.0,0,static
2024-12-06,841,1439,SORINE GTS ADULTO 30ML,0,2.5,3.0,20.84,15.49,0.0133,0.1336,0.0,0.0,0,static
2024-12-07,841,1439,SORINE GTS ADULTO 30ML,0,2.5,3.0,20.84,15.49,0.0133,0.1336,0.0,0.0,0,static
2024-12-08,841,1439,SORINE GTS ADULTO 30ML,0,2.5,3.0,20.84,15.49,0.0571,0.1336,0.0,0.0,0,static
2024-12-09,841,1439,SORINE GTS ADULTO 30ML,0,2.5,3.0,20.84,15.49,0.0133,0.1336,0.0,0.0,0,static
2024-12-10,841,1439,SORINE GTS ADULTO 30ML,0,2.5,3.0,20.84,15.49,0.0133,0.1336,0.0,0.0,0,static
2024-12-11,841,1439,SORINE GTS ADULTO 30ML,0,2.5,3.0,20.84,15.49,0.0133,0.1336,0.0,0.0,0,static
2024-12-12,841,1439,SORINE GTS ADULTO 30ML,0,2.5,3.0,20.84,15.49,0.0133,0.1336,0.0,0.0,0,static
2024-12-13,841,1439,SORINE GTS ADULTO 30ML,0,2.5,3.0,20.84,15.49,0.0133,0.1336,0.0,0.0,0,static
2024-12-14,841,1439,SORINE GTS ADULTO 30ML,0,2.5,3.0,20.84,15.49,0.0,0.1336,0.0,0.0,0,static
2024-12-15,841,1439,SORINE GTS ADULTO 30ML,0,2.5,3.0,20.84,15.49,0.0437,0.1336,0.0,0.0,0,static
2024-12-16,841,1439,SORINE GTS ADULTO 30ML,0,2.5,3.0,20.84,15.49,0.0,0.1336,0.0,0.0,0,static
2024-12-17,841,1439,SORINE GTS ADULTO 30ML,0,2.5,3.0,20.84,15.49,0.0,0.1336,0.0,0.0,0,static
2024-12-18,841,1439,SORINE GTS ADULTO 30ML,0,2.5,3.0,20.84,15.49,0.0,0.1336,0.0,0.0,0,static
2024-12-19,841,1439,SORINE GTS ADULTO 30ML,0,2.5,3.0,20.84,15.49,0.0,0.1336,0.0,0.0,0,static
2024-12-20,841,1439,SORINE GTS ADULTO 30ML,0,2.5,3.0,20.84,15.49,0.0,0.1336,0.0,0.0,0,static
2024-12-21,841,1439,SORINE GTS ADULTO 30ML,0,2.5,3.0,20.84,15.49,0.0,0.1336,0.0,0.0,0,static
2024-12-22,841,1439,SORINE GTS ADULTO 30ML,0,2.5,3.0,20.84,15.49,0.0437,0.1336,0.0,0.0,0,static
2024-12-23,841,1439,SORINE GTS ADULTO 30ML,0,2.5,3.0,20.84,15.49,0.0,0.1336,0.0,0.0,0,static
2024-12-24,841,1439,SORINE GTS ADULTO 30ML,0,2.5,3.0,20.84,15.49,0.0,0.1336,0.0,0.0,0,static
2024-12-25,841,1439,SORINE GTS ADULTO 30ML,0,2.5,3.0,20.84,15.49,0.0,0.1336,0.0,0.0,0,static
2024-12-26,841,1439,SORINE GTS ADULTO 30ML,0,2.5,3.0,20.84,15.49,0.0,0.1336,0.0,0.0,0,static
2024-12-27,841,1439,SORINE GTS ADULTO 30ML,0,2.5,3.0,20.84,15.49,0.0133,0.1336,0.0,0.0,0,static
2024-12-28,841,1439,SORINE GTS ADULTO 30ML,0,2.5,3.0,20.84,15.49,0.0133,0.1336,1.0,1.0,0,static
2024-12-29,841,1439,SORINE GTS ADULTO 30ML,0,2.5,3.0,20.84,15.49,0.0571,0.1336,0.0,0.0,0,static
2024-12-30,841,1439,SORINE GTS ADULTO 30ML,0,2.5,3.0,20.84,15.49,0.0133,0.1336,0.0,0.0,0,static
2024-12-31,841,1439,SORINE GTS ADULTO 30ML,0,2.5,3.0,20.84,15.49,0.0133,0.1336,0.0,0.0,0,static
2024-10-01,841,15496,TAMIFLU 75MG CAPS C/10,0,2.5,3.0,277.3,203.05,0.0,0.0,0.0,0.0,0,static
2024-10-02,841,15496,TAMIFLU 75MG CAPS C/10,0,2.5,3.0,277.3,203.05,0.0,0.0,0.0,0.0,0,static
2024-10-03,841,15496,TAMIFLU 75MG CAPS C/10,0,2.5,3.0,277.3,203.05,0.0,0.0,0.0,0.0,0,static
2024-10-04,841,15496,TAMIFLU 75MG CAPS C/10,0,2.5,3.0,277.3,203.05,0.0,0.0,0.0,0.0,0,static
2024-10-05,841,15496,TAMIFLU 75MG CAPS C/10,0,2.5,3.0,277.3,203.05,0.0,0.0,0.0,0.0,0,static
2024-10-06,841,15496,TAMIFLU 75MG CAPS C/10,0,2.5,3.0,277.3,203.05,0.0,0.0,0.0,0.0,0,static
2024-10-07,841,15496,TAMIFLU 75MG CAPS C/10,0,2.5,3.0,277.3,203.05,0.0,0.0,0.0,0.0,0,static
2024-10-08,841,15496,TAMIFLU 75MG CAPS C/10,0,2.5,3.0,277.3,203.05,0.0,0.0,0.0,0.0,0,static
2024-10-09,841,15496,TAMIFLU 75MG CAPS C/10,0,2.5,3.0,277.3,203.05,0.0,0.0,0.0,0.0,0,static
2024-10-10,841,15496,TAMIFLU 75MG CAPS C/10,0,2.5,3.0,277.3,203.05,0.0,0.0,0.0,0.0,0,static
2024-10-11,841,15496,TAMIFLU 75MG CAPS C/10,0,2.5,3.0,277.3,203.05,0.0,0.0,0.0,0.0,0,static
2024-10-12,841,15496,TAMIFLU 75MG CAPS C/10,0,2.5,3.0,277.3,203.05,0.0,0.0,0.0,0.0,0,static
2024-10-13,841,15496,TAMIFLU 75MG CAPS C/10,0,2.5,3.0,277.3,203.05,0.0,0.0,0.0,0.0,0,static
2024-10-14,841,15496,TAMIFLU 75MG CAPS C/10,0,2.5,3.0,277.3,203.05,0.0,0.0,0.0,0.0,0,static
2024-10-15,841,15496,TAMIFLU 75MG CAPS C/10,0,2.5,3.0,277.3,203.05,0.0,0.0,0.0,0.0,0,static
2024-10-16,841,15496,TAMIFLU 75MG CAPS C/10,0,2.5,3.0,277.3,203.05,0.0,0.0,0.0,0.0,0,static
2024-10-17,841,15496,TAMIFLU 75MG CAPS C/10,0,2.5,3.0,277.3,203.05,0.0,0.0,0.0,0.0,0,static
2024-10-18,841,15496,TAMIFLU 75MG CAPS C/10,0,2.5,3.0,277.3,203.05,0.0,0.0,0.0,0.0,0,static
2024-10-19,841,15496,TAMIFLU 75MG CAPS C/10,0,2.5,3.0,277.3,203.05,0.0,0.0,0.0,0.0,0,static
2024-10-20,841,15496,TAMIFLU 75MG CAPS C/10,0,2.5,3.0,277.3,203.05,0.0,0.0,0.0,0.0,0,static
2024-10-21,841,15496,TAMIFLU 75MG CAPS C/10,0,2.5,3.0,277.3,203.05,0.0,0.0,0.0,0.0,0,static
2024-10-22,841,15496,TAMIFLU 75MG CAPS C/10,0,2.5,3.0,277.3,203.05,0.0,0.0,0.0,0.0,0,static
2024-10-23,841,15496,TAMIFLU 75MG CAPS C/10,0,2.5,3.0,277.3,203.05,0.0,0.0,0.0,0.0,0,static
2024-10-24,841,15496,TAMIFLU 75MG CAPS C/10,0,2.5,3.0,277.3,203.05,0.0,0.0,0.0,0.0,0,static
2024-10-25,841,15496,TAMIFLU 75MG CAPS C/10,0,2.5,3.0,277.3,203.05,0.0,0.0,0.0,0.0,0,static
2024-10-26,841,15496,TAMIFLU 75MG CAPS C/10,0,2.5,3.0,277.3,203.05,0.0,0.0,0.0,0.0,0,static
2024-10-27,841,15496,TAMIFLU 75MG CAPS C/10,0,2.5,3.0,277.3,203.05,0.0,0.0,0.0,0.0,0,static
2024-10-28,841,15496,TAMIFLU 75MG CAPS C/10,0,2.5,3.0,277.3,203.05,0.0,0.0,0.0,0.0,0,static
2024-10-29,841,15496,TAMIFLU 75MG CAPS C/10,0,2.5,3.0,277.3,203.05,0.0,0.0,0.0,0.0,0,static
2024-10-30,841,15496,TAMIFLU 75MG CAPS C/10,0,2.5,3.0,277.3,203.05,0.0,0.0,0.0,0.0,0,static
2024-10-31,841,15496,TAMIFLU 75MG CAPS C/10,0,2.5,3.0,277.3,203.05,0.0,0.0,0.0,0.0,0,static
2024-11-01,841,15496,TAMIFLU 75MG CAPS C/10,0,2.5,3.0,277.3,203.05,0.0,0.0,0.0,0.0,0,static
2024-11-02,841,15496,TAMIFLU 75MG CAPS C/10,0,2.5,3.0,277.3,203.05,0.0,0.0,0.0,0.0,0,static
2024-11-03,841,15496,TAMIFLU 75MG CAPS C/10,0,2.5,3.0,277.3,203.05,0.0,0.0,0.0,0.0,0,static
2024-11-04,841,15496,TAMIFLU 75MG CAPS C/10,0,2.5,3.0,277.3,203.05,0.0,0.0,0.0,0.0,0,static
2024-11-05,841,15496,TAMIFLU 75MG CAPS C/10,0,2.5,3.0,277.3,203.05,0.0,0.0,0.0,0.0,0,static
2024-11-06,841,15496,TAMIFLU 75MG CAPS C/10,0,2.5,3.0,277.3,203.05,0.0,0.0,0.0,0.0,0,static
2024-11-07,841,15496,TAMIFLU 75MG CAPS C/10,0,2.5,3.0,277.3,203.05,0.0,0.0,0.0,0.0,0,static
2024-11-08,841,15496,TAMIFLU 75MG CAPS C/10,0,2.5,3.0,277.3,203.05,0.0,0.0,0.0,0.0,0,static
2024-11-09,841,15496,TAMIFLU 75MG CAPS C/10,0,2.5,3.0,277.3,203.05,0.0,0.0,0.0,0.0,0,static
2024-11-10,841,15496,TAMIFLU 75MG CAPS C/10,0,2.5,3.0,277.3,203.05,0.0,0.0,0.0,0.0,0,static
2024-11-11,841,15496,TAMIFLU 75MG CAPS C/10,0,2.5,3.0,277.3,203.05,0.0,0.0,0.0,0.0,0,static
2024-11-12,841,15496,TAMIFLU 75MG CAPS C/10,0,2.5,3.0,277.3,203.05,0.0,0.0,0.0,0.0,0,static
2024-11-13,841,15496,TAMIFLU 75MG CAPS C/10,0,2.5,3.0,277.3,203.05,0.0,0.0,0.0,0.0,0,static
2024-11-14,841,15496,TAMIFLU 75MG CAPS C/10,0,2.5,3.0,277.3,203.05,0.0,0.0,0.0,0.0,0,static
2024-11-15,841,15496,TAMIFLU 75MG CAPS C/10,0,2.5,3.0,277.3,203.05,0.0,0.0,0.0,0.0,0,static
2024-11-16,841,15496,TAMIFLU 75MG CAPS C/10,0,2.5,3.0,277.3,203.05,0.0,0.0,0.0,0.0,0,static
2024-11-17,841,15496,TAMIFLU 75MG CAPS C/10,0,2.5,3.0,277.3,203.05,0.0,0.0,0.0,0.0,0,static
2024-11-18,841,15496,TAMIFLU 75MG CAPS C/10,0,2.5,3.0,277.3,203.05,0.0,0.0,0.0,0.0,0,static
2024-11-19,841,15496,TAMIFLU 75MG CAPS C/10,0,2.5,3.0,277.3,203.05,0.0,0.0,0.0,0.0,0,static
2024-11-20,841,15496,TAMIFLU 75MG CAPS C/10,0,2.5,3.0,277.3,203.05,0.0,0.0,0.0,0.0,0,static
2024-11-21,841,15496,TAMIFLU 75MG CAPS C/10,0,2.5,3.0,277.3,203.05,0.0,0.0,0.0,0.0,0,static
2024-11-22,841,15496,TAMIFLU 75MG CAPS C/10,0,2.5,3.0,277.3,203.05,0.0,0.0,0.0,0.0,0,static
2024-11-23,841,15496,TAMIFLU 75MG CAPS C/10,0,2.5,3.0,277.3,203.05,0.0,0.0,0.0,0.0,0,static
2024-11-24,841,15496,TAMIFLU 75MG CAPS C/10,0,2.5,3.0,277.3,203.05,0.0,0.0,0.0,0.0,0,static
2024-11-25,841,15496,TAMIFLU 75MG CAPS C/10,0,2.5,3.0,277.3,203.05,0.0,0.0,0.0,0.0,0,static
2024-11-26,841,15496,TAMIFLU 75MG CAPS C/10,0,2.5,3.0,277.3,203.05,0.0,0.0,0.0,0.0,0,static
2024-11-27,841,15496,TAMIFLU 75MG CAPS C/10,0,2.5,3.0,277.3,203.05,0.0,0.0,0.0,0.0,0,static
2024-11-28,841,15496,TAMIFLU 75MG CAPS C/10,0,2.5,3.0,277.3,203.05,0.0,0.0,0.0,0.0,0,static
2024-11-29,841,15496,TAMIFLU 75MG CAPS C/10,0,2.5,3.0,277.3,203.05,0.0,0.0,0.0,0.0,0,static
2024-11-30,841,15496,TAMIFLU 75MG CAPS C/10,0,2.5,3.0,277.3,203.05,0.0,0.0,0.0,0.0,0,static
2024-12-01,841,15496,TAMIFLU 75MG CAPS C/10,0,2.5,3.0,277.3,203.05,0.0,0.0,0.0,0.0,0,static
2024-12-02,841,15496,TAMIFLU 75MG CAPS C/10,0,2.5,3.0,277.3,203.05,0.0,0.0,0.0,0.0,0,static
2024-12-03,841,15496,TAMIFLU 75MG CAPS C/10,0,2.5,3.0,277.3,203.05,0.0,0.0,0.0,0.0,0,static
2024-12-04,841,15496,TAMIFLU 75MG CAPS C/10,0,2.5,3.0,277.3,203.05,0.0,0.0,0.0,0.0,0,static
2024-12-05,841,15496,TAMIFLU 75MG CAPS C/10,0,2.5,3.0,277.3,203.05,0.0,0.0,0.0,0.0,0,static
2024-12-06,841,15496,TAMIFLU 75MG CAPS C/10,0,2.5,3.0,277.3,203.05,0.0,0.0,0.0,0.0,0,static
2024-12-07,841,15496,TAMIFLU 75MG CAPS C/10,0,2.5,3.0,277.3,203.05,0.0,0.0,0.0,0.0,0,static
2024-12-08,841,15496,TAMIFLU 75MG CAPS C/10,0,2.5,3.0,277.3,203.05,0.0,0.0,0.0,0.0,0,static
2024-12-09,841,15496,TAMIFLU 75MG CAPS C/10,0,2.5,3.0,277.3,203.05,0.0,0.0,0.0,0.0,0,static
2024-12-10,841,15496,TAMIFLU 75MG CAPS C/10,0,2.5,3.0,277.3,203.05,0.0,0.0,0.0,0.0,0,static
2024-12-11,841,15496,TAMIFLU 75MG CAPS C/10,0,2.5,3.0,277.3,203.05,0.0,0.0,0.0,0.0,0,static
2024-12-12,841,15496,TAMIFLU 75MG CAPS C/10,0,2.5,3.0,277.3,203.05,0.0,0.0,0.0,0.0,0,static
2024-12-13,841,15496,TAMIFLU 75MG CAPS C/10,0,2.5,3.0,277.3,203.05,0.0,0.0,0.0,0.0,0,static
2024-12-14,841,15496,TAMIFLU 75MG CAPS C/10,0,2.5,3.0,277.3,203.05,0.0,0.0,0.0,0.0,0,static
2024-12-15,841,15496,TAMIFLU 75MG CAPS C/10,0,2.5,3.0,277.3,203.05,0.0,0.0,0.0,0.0,0,static
2024-12-16,841,15496,TAMIFLU 75MG CAPS C/10,0,2.5,3.0,277.3,203.05,0.0,0.0,0.0,0.0,0,static
2024-12-17,841,15496,TAMIFLU 75MG CAPS C/10,0,2.5,3.0,277.3,203.05,0.0,0.0,0.0,0.0,0,static
2024-12-18,841,15496,TAMIFLU 75MG CAPS C/10,0,2.5,3.0,277.3,203.05,0.0,0.0,0.0,0.0,0,static
2024-12-19,841,15496,TAMIFLU 75MG CAPS C/10,0,2.5,3.0,277.3,203.05,0.0,0.0,0.0,0.0,0,static
2024-12-20,841,15496,TAMIFLU 75MG CAPS C/10,0,2.5,3.0,277.3,203.05,0.0,0.0,0.0,0.0,0,static
2024-12-21,841,15496,TAMIFLU 75MG CAPS C/10,0,2.5,3.0,277.3,203.05,0.0,0.0,0.0,0.0,0,static
2024-12-22,841,15496,TAMIFLU 75MG CAPS C/10,0,2.5,3.0,277.3,203.05,0.0,0.0,0.0,0.0,0,static
2024-12-23,841,15496,TAMIFLU 75MG CAPS C/10,0,2.5,3.0,277.3,203.05,0.0,0.0,0.0,0.0,0,static
2024-12-24,841,15496,TAMIFLU 75MG CAPS C/10,0,2.5,3.0,277.3,203.05,0.0,0.0,0.0,0.0,0,static
2024-12-25,841,15496,TAMIFLU 75MG CAPS C/10,0,2.5,3.0,277.3,203.05,0.0,0.0,0.0,0.0,0,static
2024-12-26,841,15496,TAMIFLU 75MG CAPS C/10,0,2.5,3.0,277.3,203.05,0.0,0.0,0.0,0.0,0,static
2024-12-27,841,15496,TAMIFLU 75MG CAPS C/10,0,2.5,3.0,277.3,203.05,0.0,0.0,0.0,0.0,0,static
2024-12-28,841,15496,TAMIFLU 75MG CAPS C/10,0,2.5,3.0,277.3,203.05,0.0,0.0,0.0,0.0,0,static
2024-12-29,841,15496,TAMIFLU 75MG CAPS C/10,0,2.5,3.0,277.3,203.05,0.0,0.0,0.0,0.0,0,static
2024-12-30,841,15496,TAMIFLU 75MG CAPS C/10,0,2.5,3.0,277.3,203.05,0.0,0.0,0.0,0.0,0,static
2024-12-31,841,15496,TAMIFLU 75MG CAPS C/10,0,2.5,3.0,277.3,203.05,0.0,0.0,0.0,0.0,0,static
2024-10-01,841,15589,ANTUX XAROPE 120ML,0,2.5,3.0,35.77,26.08,0.1094,0.2599,0.0,0.0,0,static
2024-10-02,841,15589,ANTUX XAROPE 120ML,0,2.5,3.0,35.77,26.08,0.1532,0.2599,1.0,1.0,0,static
2024-10-03,841,15589,ANTUX XAROPE 120ML,0,2.5,3.0,35.77,26.08,0.1532,0.2599,1.0,1.0,0,static
2024-10-04,841,15589,ANTUX XAROPE 120ML,0,2.5,3.0,35.77,26.08,0.1094,0.2599,0.0,0.0,0,static
2024-10-05,841,15589,ANTUX XAROPE 120ML,0,2.5,3.0,35.77,26.08,0.0561,0.2599,0.0,0.0,0,static
2024-10-06,841,15589,ANTUX XAROPE 120ML,0,2.5,3.0,35.77,26.08,0.1436,0.2599,0.0,0.0,0,static
2024-10-07,841,15589,ANTUX XAROPE 120ML,0,2.5,3.0,35.77,26.08,0.0961,0.2599,0.0,0.0,0,static
2024-10-08,841,15589,ANTUX XAROPE 120ML,0,2.5,3.0,35.77,26.08,0.0961,0.2599,0.0,0.0,0,static
2024-10-09,841,15589,ANTUX XAROPE 120ML,0,2.5,3.0,35.77,26.08,0.1798,0.2599,0.0,0.0,0,static
2024-10-10,841,15589,ANTUX XAROPE 120ML,0,2.5,3.0,35.77,26.08,0.1798,0.2599,0.0,0.0,0,static
2024-10-11,841,15589,ANTUX XAROPE 120ML,0,2.5,3.0,35.77,26.08,0.1361,0.2599,0.0,0.0,0,static
2024-10-12,841,15589,ANTUX XAROPE 120ML,0,2.5,3.0,35.77,26.08,0.1361,0.2599,0.0,0.0,0,static
2024-10-13,841,15589,ANTUX XAROPE 120ML,0,2.5,3.0,35.77,26.08,0.1836,0.2599,0.0,0.0,0,static
2024-10-14,841,15589,ANTUX XAROPE 120ML,0,2.5,3.0,35.77,26.08,0.0961,0.2599,0.0,0.0,0,static
2024-10-15,841,15589,ANTUX XAROPE 120ML,0,2.5,3.0,35.77,26.08,0.0961,0.2599,1.0,1.0,0,static
2024-10-16,841,15589,ANTUX XAROPE 120ML,0,2.5,3.0,35.77,26.08,0.1398,0.2599,1.0,1.0,0,static
2024-10-17,841,15589,ANTUX XAROPE 120ML,0,2.5,3.0,35.77,26.08,0.1398,0.2599,0.0,0.0,0,static
2024-10-18,841,15589,ANTUX XAROPE 120ML,0,2.5,3.0,35.77,26.08,0.0961,0.2599,0.0,0.0,0,static
2024-10-19,841,15589,ANTUX XAROPE 120ML,0,2.5,3.0,35.77,26.08,0.1361,0.2599,0.0,0.0,0,static
2024-10-20,841,15589,ANTUX XAROPE 120ML,0,2.5,3.0,35.77,26.08,0.2236,0.2599,0.0,0.0,0,static
2024-10-21,841,15589,ANTUX XAROPE 120ML,0,2.5,3.0,35.77,26.08,0.1361,0.2599,0.0,0.0,0,static
2024-10-22,841,15589,ANTUX XAROPE 120ML,0,2.5,3.0,35.77,26.08,0.0961,0.2599,0.0,0.0,0,static
2024-10-23,841,15589,ANTUX XAROPE 120ML,0,2.5,3.0,35.77,26.08,0.1398,0.2599,0.0,0.0,0,static
2024-10-24,841,15589,ANTUX XAROPE 120ML,0,2.5,3.0,35.77,26.08,0.0998,0.2599,0.0,0.0,0,static
2024-10-25,841,15589,ANTUX XAROPE 120ML,0,2.5,3.0,35.77,26.08,0.0561,0.2599,1.0,1.0,0,static
2024-10-26,841,15589,ANTUX XAROPE 120ML,0,2.5,3.0,35.77,26.08,0.0561,0.2599,0.0,0.0,0,static
2024-10-27,841,15589,ANTUX XAROPE 120ML,0,2.5,3.0,35.77,26.08,0.1436,0.2599,0.0,0.0,0,static
2024-10-28,841,15589,ANTUX XAROPE 120ML,0,2.5,3.0,35.77,26.08,0.0561,0.2599,0.0,0.0,0,static
2024-10-29,841,15589,ANTUX XAROPE 120ML,0,2.5,3.0,35.77,26.08,0.0561,0.2599,0.0,0.0,0,static
2024-10-30,841,15589,ANTUX XAROPE 120ML,0,2.5,3.0,35.77,26.08,0.0998,0.2599,0.0,0.0,0,static
2024-10-31,841,15589,ANTUX XAROPE 120ML,0,2.5,3.0,35.77,26.08,0.0998,0.2599,0.0,0.0,0,static
2024-11-01,841,15589,ANTUX XAROPE 120ML,0,2.5,3.0,35.77,26.08,0.0561,0.2599,0.0,0.0,0,static
2024-11-02,841,15589,ANTUX XAROPE 120ML,0,2.5,3.0,35.77,26.08,0.0561,0.2599,0.0,0.0,0,static
2024-11-03,841,15589,ANTUX XAROPE 120ML,0,2.5,3.0,35.77,26.08,0.1036,0.2599,1.0,1.0,0,static
2024-11-04,841,15589,ANTUX XAROPE 120ML,0,2.5,3.0,35.77,26.08,0.0161,0.2599,0.0,0.0,0,static
2024-11-05,841,15589,ANTUX XAROPE 120ML,0,2.5,3.0,35.77,26.08,0.0161,0.2599,0.0,0.0,0,static
2024-11-06,841,15589,ANTUX XAROPE 120ML,0,2.5,3.0,35.77,26.08,0.0598,0.2599,0.0,0.0,0,static
2024-11-07,841,15589,ANTUX XAROPE 120ML,0,2.5,3.0,35.77,26.08,0.0598,0.2599,0.0,0.0,0,static
2024-11-08,841,15589,ANTUX XAROPE 120ML,0,2.5,3.0,35.77,26.08,0.0294,0.2599,0.0,0.0,0,static
2024-11-09,841,15589,ANTUX XAROPE 120ML,0,2.5,3.0,35.77,26.08,0.0294,0.2599,0.0,0.0,0,static
2024-11-10,841,15589,ANTUX XAROPE 120ML,0,2.5,3.0,35.77,26.08,0.1169,0.2599,0.0,0.0,0,static
2024-11-11,841,15589,ANTUX XAROPE 120ML,0,2.5,3.0,35.77,26.08,0.0294,0.2599,0.0,0.0,0,static
2024-11-12,841,15589,ANTUX XAROPE 120ML,0,2.5,3.0,35.77,26.08,0.0294,0.2599,0.0,0.0,0,static
2024-11-13,841,15589,ANTUX XAROPE 120ML,0,2.5,3.0,35.77,26.08,0.0732,0.2599,0.0,0.0,0,static
2024-11-14,841,15589,ANTUX XAROPE 120ML,0,2.5,3.0,35.77,26.08,0.0732,0.2599,0.0,0.0,0,static
2024-11-15,841,15589,ANTUX XAROPE 120ML,0,2.5,3.0,35.77,26.08,0.0294,0.2599,0.0,0.0,0,static
2024-11-16,841,15589,ANTUX XAROPE 120ML,0,2.5,3.0,35.77,26.08,0.0294,0.2599,0.0,0.0,0,static
2024-11-17,841,15589,ANTUX XAROPE 120ML,0,2.5,3.0,35.77,26.08,0.1169,0.2599,0.0,0.0,0,static
2024-11-18,841,15589,ANTUX XAROPE 120ML,0,2.5,3.0,35.77,26.08,0.0294,0.2599,0.0,0.0,0,static
2024-11-19,841,15589,ANTUX XAROPE 120ML,0,2.5,3.0,35.77,26.08,0.0294,0.2599,0.0,0.0,0,static
2024-11-20,841,15589,ANTUX XAROPE 120ML,0,2.5,3.0,35.77,26.08,0.0732,0.2599,0.0,0.0,0,static
2024-11-21,841,15589,ANTUX XAROPE 120ML,0,2.5,3.0,35.77,26.08,0.0732,0.2599,0.0,0.0,0,static
2024-11-22,841,15589,ANTUX XAROPE 120ML,0,2.5,3.0,35.77,26.08,0.0294,0.2599,0.0,0.0,0,static
2024-11-23,841,15589,ANTUX XAROPE 120ML,0,2.5,3.0,35.77,26.08,0.0161,0.2599,0.0,0.0,0,static
2024-11-24,841,15589,ANTUX XAROPE 120ML,0,2.5,3.0,35.77,26.08,0.1036,0.2599,0.0,0.0,0,static
2024-11-25,841,15589,ANTUX XAROPE 120ML,0,2.5,3.0,35.77,26.08,0.0161,0.2599,0.0,0.0,0,static
2024-11-26,841,15589,ANTUX XAROPE 120ML,0,2.5,3.0,35.77,26.08,0.0161,0.2599,0.0,0.0,0,static
2024-11-27,841,15589,ANTUX XAROPE 120ML,0,2.5,3.0,35.77,26.08,0.0732,0.2599,0.0,0.0,0,static
2024-11-28,841,15589,ANTUX XAROPE 120ML,0,2.5,3.0,35.77,26.08,0.0732,0.2599,0.0,0.0,0,static
2024-11-29,841,15589,ANTUX XAROPE 120ML,0,2.5,3.0,35.77,26.08,0.0294,0.2599,0.0,0.0,0,static
2024-11-30,841,15589,ANTUX XAROPE 120ML,0,2.5,3.0,35.77,26.08,0.0294,0.2599,0.0,0.0,0,static
2024-12-01,841,15589,ANTUX XAROPE 120ML,0,2.5,3.0,35.77,26.08,0.1169,0.2599,0.0,0.0,0,static
2024-12-02,841,15589,ANTUX XAROPE 120ML,0,2.5,3.0,35.77,26.08,0.0294,0.2599,0.0,0.0,0,static
2024-12-03,841,15589,ANTUX XAROPE 120ML,0,2.5,3.0,35.77,26.08,0.0294,0.2599,0.0,0.0,0,static
2024-12-04,841,15589,ANTUX XAROPE 120ML,0,2.5,3.0,35.77,26.08,0.0732,0.2599,0.0,0.0,0,static
2024-12-05,841,15589,ANTUX XAROPE 120ML,0,2.5,3.0,35.77,26.08,0.0732,0.2599,0.0,0.0,0,static
2024-12-06,841,15589,ANTUX XAROPE 120ML,0,2.5,3.0,35.77,26.08,0.0294,0.2599,0.0,0.0,0,static
2024-12-07,841,15589,ANTUX XAROPE 120ML,0,2.5,3.0,35.77,26.08,0.0294,0.2599,0.0,0.0,0,static
2024-12-08,841,15589,ANTUX XAROPE 120ML,0,2.5,3.0,35.77,26.08,0.1169,0.2599,0.0,0.0,0,static
2024-12-09,841,15589,ANTUX XAROPE 120ML,0,2.5,3.0,35.77,26.08,0.0294,0.2599,0.0,0.0,0,static
2024-12-10,841,15589,ANTUX XAROPE 120ML,0,2.5,3.0,35.77,26.08,0.0294,0.2599,0.0,0.0,0,static
2024-12-11,841,15589,ANTUX XAROPE 120ML,0,2.5,3.0,35.77,26.08,0.0732,0.2599,0.0,0.0,0,static
2024-12-12,841,15589,ANTUX XAROPE 120ML,0,2.5,3.0,35.77,26.08,0.0598,0.2599,0.0,0.0,0,static
2024-12-13,841,15589,ANTUX XAROPE 120ML,0,2.5,3.0,35.77,26.08,0.0161,0.2599,0.0,0.0,0,static
2024-12-14,841,15589,ANTUX XAROPE 120ML,0,2.5,3.0,35.77,26.08,0.0161,0.2599,0.0,0.0,0,static
2024-12-15,841,15589,ANTUX XAROPE 120ML,0,2.5,3.0,35.77,26.08,0.1036,0.2599,0.0,0.0,0,static
2024-12-16,841,15589,ANTUX XAROPE 120ML,0,2.5,3.0,35.77,26.08,0.0161,0.2599,0.0,0.0,0,static
2024-12-17,841,15589,ANTUX XAROPE 120ML,0,2.5,3.0,35.77,26.08,0.0161,0.2599,1.0,1.0,0,static
2024-12-18,841,15589,ANTUX XAROPE 120ML,0,2.5,3.0,35.77,26.08,0.0598,0.2599,0.0,0.0,0,static
2024-12-19,841,15589,ANTUX XAROPE 120ML,0,2.5,3.0,35.77,26.08,0.0598,0.2599,0.0,0.0,0,static
2024-12-20,841,15589,ANTUX XAROPE 120ML,0,2.5,3.0,35.77,26.08,0.0161,0.2599,0.0,0.0,0,static
2024-12-21,841,15589,ANTUX XAROPE 120ML,0,2.5,3.0,35.77,26.08,0.0161,0.2599,0.0,0.0,0,static
2024-12-22,841,15589,ANTUX XAROPE 120ML,0,2.5,3.0,35.77,26.08,0.1036,0.2599,0.0,0.0,0,static
2024-12-23,841,15589,ANTUX XAROPE 120ML,0,2.5,3.0,35.77,26.08,0.0294,0.2599,0.0,0.0,0,static
2024-12-24,841,15589,ANTUX XAROPE 120ML,0,2.5,3.0,35.77,26.08,0.0294,0.2599,0.0,0.0,0,static
2024-12-25,841,15589,ANTUX XAROPE 120ML,0,2.5,3.0,35.77,26.08,0.0732,0.2599,0.0,0.0,0,static
2024-12-26,841,15589,ANTUX XAROPE 120ML,0,2.5,3.0,35.77,26.08,0.0732,0.2599,0.0,0.0,0,static
2024-12-27,841,15589,ANTUX XAROPE 120ML,0,2.5,3.0,35.77,26.08,0.0294,0.2599,0.0,0.0,0,static
2024-12-28,841,15589,ANTUX XAROPE 120ML,0,2.5,3.0,35.77,26.08,0.0294,0.2599,0.0,0.0,0,static
2024-12-29,841,15589,ANTUX XAROPE 120ML,0,2.5,3.0,35.77,26.08,0.1169,0.2599,0.0,0.0,0,static
2024-12-30,841,15589,ANTUX XAROPE 120ML,0,2.5,3.0,35.77,26.08,0.0294,0.2599,0.0,0.0,0,static
2024-12-31,841,15589,ANTUX XAROPE 120ML,0,2.5,3.0,35.77,26.08,0.0294,0.2599,0.0,0.0,0,static
2024-10-01,841,15590,ANTUX GTS 20ML,0,2.5,3.0,46.3,34.63,0.0,0.0,0.0,0.0,0,static
2024-10-02,841,15590,ANTUX GTS 20ML,0,2.5,3.0,46.3,34.63,0.0,0.0,0.0,0.0,0,static
2024-10-03,841,15590,ANTUX GTS 20ML,0,2.5,3.0,46.3,34.63,0.0,0.0,0.0,0.0,0,static
2024-10-04,841,15590,ANTUX GTS 20ML,0,2.5,3.0,46.3,34.63,0.0,0.0,0.0,0.0,0,static
2024-10-05,841,15590,ANTUX GTS 20ML,0,2.5,3.0,46.3,34.63,0.0,0.0,0.0,0.0,0,static
2024-10-06,841,15590,ANTUX GTS 20ML,0,2.5,3.0,46.3,34.63,0.0,0.0,0.0,0.0,0,static
2024-10-07,841,15590,ANTUX GTS 20ML,0,2.5,3.0,46.3,34.63,0.0,0.0,0.0,0.0,0,static
2024-10-08,841,15590,ANTUX GTS 20ML,0,2.5,3.0,46.3,34.63,0.0,0.0,0.0,0.0,0,static
2024-10-09,841,15590,ANTUX GTS 20ML,0,2.5,3.0,46.3,34.63,0.0,0.0,0.0,0.0,0,static
2024-10-10,841,15590,ANTUX GTS 20ML,0,2.5,3.0,46.3,34.63,0.0,0.0,0.0,0.0,0,static
2024-10-11,841,15590,ANTUX GTS 20ML,0,2.5,3.0,46.3,34.63,0.0,0.0,0.0,0.0,0,static
2024-10-12,841,15590,ANTUX GTS 20ML,0,2.5,3.0,46.3,34.63,0.0,0.0,0.0,0.0,0,static
2024-10-13,841,15590,ANTUX GTS 20ML,0,2.5,3.0,46.3,34.63,0.0,0.0,0.0,0.0,0,static
2024-10-14,841,15590,ANTUX GTS 20ML,0,2.5,3.0,46.3,34.63,0.0,0.0,0.0,0.0,0,static
2024-10-15,841,15590,ANTUX GTS 20ML,0,2.5,3.0,46.3,34.63,0.0,0.0,0.0,0.0,0,static
2024-10-16,841,15590,ANTUX GTS 20ML,0,2.5,3.0,46.3,34.63,0.0,0.0,0.0,0.0,0,static
2024-10-17,841,15590,ANTUX GTS 20ML,0,2.5,3.0,46.3,34.63,0.0,0.0,0.0,0.0,0,static
2024-10-18,841,15590,ANTUX GTS 20ML,0,2.5,3.0,46.3,34.63,0.0,0.0,0.0,0.0,0,static
2024-10-19,841,15590,ANTUX GTS 20ML,0,2.5,3.0,46.3,34.63,0.0,0.0,0.0,0.0,0,static
2024-10-20,841,15590,ANTUX GTS 20ML,0,2.5,3.0,46.3,34.63,0.0,0.0,0.0,0.0,0,static
2024-10-21,841,15590,ANTUX GTS 20ML,0,2.5,3.0,46.3,34.63,0.0,0.0,0.0,0.0,0,static
2024-10-22,841,15590,ANTUX GTS 20ML,0,2.5,3.0,46.3,34.63,0.0,0.0,1.0,1.0,0,static
2024-10-23,841,15590,ANTUX GTS 20ML,0,2.5,3.0,46.3,34.63,0.0,0.0,0.0,0.0,0,static
2024-10-24,841,15590,ANTUX GTS 20ML,0,2.5,3.0,46.3,34.63,0.0,0.0,0.0,0.0,0,static
2024-10-25,841,15590,ANTUX GTS 20ML,0,2.5,3.0,46.3,34.63,0.0,0.0,0.0,0.0,0,static
2024-10-26,841,15590,ANTUX GTS 20ML,0,2.5,3.0,46.3,34.63,0.0,0.0,0.0,0.0,0,static
2024-10-27,841,15590,ANTUX GTS 20ML,0,2.5,3.0,46.3,34.63,0.0,0.0,0.0,0.0,0,static
2024-10-28,841,15590,ANTUX GTS 20ML,0,2.5,3.0,46.3,34.63,0.0,0.0,0.0,0.0,0,static
2024-10-29,841,15590,ANTUX GTS 20ML,0,2.5,3.0,46.3,34.63,0.0,0.0,0.0,0.0,0,static
2024-10-30,841,15590,ANTUX GTS 20ML,0,2.5,3.0,46.3,34.63,0.0,0.0,0.0,0.0,0,static
2024-10-31,841,15590,ANTUX GTS 20ML,0,2.5,3.0,46.3,34.63,0.0,0.0,0.0,0.0,0,static
2024-11-01,841,15590,ANTUX GTS 20ML,0,2.5,3.0,46.3,34.63,0.0,0.0,0.0,0.0,0,static
2024-11-02,841,15590,ANTUX GTS 20ML,0,2.5,3.0,46.3,34.63,0.0,0.0,0.0,0.0,0,static
2024-11-03,841,15590,ANTUX GTS 20ML,0,2.5,3.0,46.3,34.63,0.0,0.0,0.0,0.0,0,static
2024-11-04,841,15590,ANTUX GTS 20ML,0,2.5,3.0,46.3,34.63,0.0,0.0,0.0,0.0,0,static
2024-11-05,841,15590,ANTUX GTS 20ML,0,2.5,3.0,46.3,34.63,0.0,0.0,0.0,0.0,0,static
2024-11-06,841,15590,ANTUX GTS 20ML,0,2.5,3.0,46.3,34.63,0.0,0.0,0.0,0.0,0,static
2024-11-07,841,15590,ANTUX GTS 20ML,0,2.5,3.0,46.3,34.63,0.0,0.0,0.0,0.0,0,static
2024-11-08,841,15590,ANTUX GTS 20ML,0,2.5,3.0,46.3,34.63,0.0,0.0,0.0,0.0,0,static
2024-11-09,841,15590,ANTUX GTS 20ML,0,2.5,3.0,46.3,34.63,0.0,0.0,0.0,0.0,0,static
2024-11-10,841,15590,ANTUX GTS 20ML,0,2.5,3.0,46.3,34.63,0.0,0.0,0.0,0.0,0,static
2024-11-11,841,15590,ANTUX GTS 20ML,0,2.5,3.0,46.3,34.63,0.0,0.0,0.0,0.0,0,static
2024-11-12,841,15590,ANTUX GTS 20ML,0,2.5,3.0,46.3,34.63,0.0,0.0,0.0,0.0,0,static
2024-11-13,841,15590,ANTUX GTS 20ML,0,2.5,3.0,46.3,34.63,0.0,0.0,0.0,0.0,0,static
2024-11-14,841,15590,ANTUX GTS 20ML,0,2.5,3.0,46.3,34.63,0.0,0.0,0.0,0.0,0,static
2024-11-15,841,15590,ANTUX GTS 20ML,0,2.5,3.0,46.3,34.63,0.0,0.0,0.0,0.0,0,static
2024-11-16,841,15590,ANTUX GTS 20ML,0,2.5,3.0,46.3,34.63,0.0,0.0,0.0,0.0,0,static
2024-11-17,841,15590,ANTUX GTS 20ML,0,2.5,3.0,46.3,34.63,0.0,0.0,0.0,0.0,0,static
2024-11-18,841,15590,ANTUX GTS 20ML,0,2.5,3.0,46.3,34.63,0.0,0.0,0.0,0.0,0,static
2024-11-19,841,15590,ANTUX GTS 20ML,0,2.5,3.0,46.3,34.63,0.0,0.0,0.0,0.0,0,static
2024-11-20,841,15590,ANTUX GTS 20ML,0,2.5,3.0,46.3,34.63,0.0,0.0,0.0,0.0,0,static
2024-11-21,841,15590,ANTUX GTS 20ML,0,2.5,3.0,46.3,34.63,0.0,0.0,0.0,0.0,0,static
2024-11-22,841,15590,ANTUX GTS 20ML,0,2.5,3.0,46.3,34.63,0.0133,0.0,0.0,0.0,0,static
2024-11-23,841,15590,ANTUX GTS 20ML,0,2.5,3.0,46.3,34.63,0.0133,0.0,0.0,0.0,0,static
2024-11-24,841,15590,ANTUX GTS 20ML,0,2.5,3.0,46.3,34.63,0.0133,0.0,0.0,0.0,0,static
2024-11-25,841,15590,ANTUX GTS 20ML,0,2.5,3.0,46.3,34.63,0.0133,0.0,0.0,0.0,0,static
2024-11-26,841,15590,ANTUX GTS 20ML,0,2.5,3.0,46.3,34.63,0.0133,0.0,0.0,0.0,0,static
2024-11-27,841,15590,ANTUX GTS 20ML,0,2.5,3.0,46.3,34.63,0.0133,0.0,0.0,0.0,0,static
2024-11-28,841,15590,ANTUX GTS 20ML,0,2.5,3.0,46.3,34.63,0.0133,0.0,0.0,0.0,0,static
2024-11-29,841,15590,ANTUX GTS 20ML,0,2.5,3.0,46.3,34.63,0.0133,0.0,0.0,0.0,0,static
2024-11-30,841,15590,ANTUX GTS 20ML,0,2.5,3.0,46.3,34.63,0.0133,0.0,0.0,0.0,0,static
2024-12-01,841,15590,ANTUX GTS 20ML,0,2.5,3.0,46.3,34.63,0.0133,0.0,0.0,0.0,0,static
2024-12-02,841,15590,ANTUX GTS 20ML,0,2.5,3.0,46.3,34.63,0.0133,0.0,0.0,0.0,0,static
2024-12-03,841,15590,ANTUX GTS 20ML,0,2.5,3.0,46.3,34.63,0.0133,0.0,0.0,0.0,0,static
2024-12-04,841,15590,ANTUX GTS 20ML,0,2.5,3.0,46.3,34.63,0.0133,0.0,0.0,0.0,0,static
2024-12-05,841,15590,ANTUX GTS 20ML,0,2.5,3.0,46.3,34.63,0.0133,0.0,0.0,0.0,0,static
2024-12-06,841,15590,ANTUX GTS 20ML,0,2.5,3.0,46.3,34.63,0.0133,0.0,0.0,0.0,0,static
2024-12-07,841,15590,ANTUX GTS 20ML,0,2.5,3.0,46.3,34.63,0.0,0.0,0.0,0.0,0,static
2024-12-08,841,15590,ANTUX GTS 20ML,0,2.5,3.0,46.3,34.63,0.0,0.0,0.0,0.0,0,static
2024-12-09,841,15590,ANTUX GTS 20ML,0,2.5,3.0,46.3,34.63,0.0,0.0,0.0,0.0,0,static
2024-12-10,841,15590,ANTUX GTS 20ML,0,2.5,3.0,46.3,34.63,0.0,0.0,0.0,0.0,0,static
2024-12-11,841,15590,ANTUX GTS 20ML,0,2.5,3.0,46.3,34.63,0.0,0.0,0.0,0.0,0,static
2024-12-12,841,15590,ANTUX GTS 20ML,0,2.5,3.0,46.3,34.63,0.0,0.0,0.0,0.0,0,static
2024-12-13,841,15590,ANTUX GTS 20ML,0,2.5,3.0,46.3,34.63,0.0,0.0,0.0,0.0,0,static
2024-12-14,841,15590,ANTUX GTS 20ML,0,2.5,3.0,46.3,34.63,0.0,0.0,0.0,0.0,0,static
2024-12-15,841,15590,ANTUX GTS 20ML,0,2.5,3.0,46.3,34.63,0.0,0.0,0.0,0.0,0,static
2024-12-16,841,15590,ANTUX GTS 20ML,0,2.5,3.0,46.3,34.63,0.0,0.0,0.0,0.0,0,static
2024-12-17,841,15590,ANTUX GTS 20ML,0,2.5,3.0,46.3,34.63,0.0,0.0,0.0,0.0,0,static
2024-12-18,841,15590,ANTUX GTS 20ML,0,2.5,3.0,46.3,34.63,0.0,0.0,0.0,0.0,0,static
2024-12-19,841,15590,ANTUX GTS 20ML,0,2.5,3.0,46.3,34.63,0.0,0.0,0.0,0.0,0,static
2024-12-20,841,15590,ANTUX GTS 20ML,0,2.5,3.0,46.3,34.63,0.0,0.0,0.0,0.0,0,static
2024-12-21,841,15590,ANTUX GTS 20ML,0,2.5,3.0,46.3,34.63,0.0,0.0,0.0,0.0,0,static
2024-12-22,841,15590,ANTUX GTS 20ML,0,2.5,3.0,46.3,34.63,0.0,0.0,0.0,0.0,0,static
2024-12-23,841,15590,ANTUX GTS 20ML,0,2.5,3.0,46.3,34.63,0.0,0.0,0.0,0.0,0,static
2024-12-24,841,15590,ANTUX GTS 20ML,0,2.5,3.0,46.3,34.63,0.0,0.0,0.0,0.0,0,static
2024-12-25,841,15590,ANTUX GTS 20ML,0,2.5,3.0,46.3,34.63,0.0,0.0,0.0,0.0,0,static
2024-12-26,841,15590,ANTUX GTS 20ML,0,2.5,3.0,46.3,34.63,0.0,0.0,0.0,0.0,0,static
2024-12-27,841,15590,ANTUX GTS 20ML,0,2.5,3.0,46.3,34.63,0.0,0.0,0.0,0.0,0,static
2024-12-28,841,15590,ANTUX GTS 20ML,0,2.5,3.0,46.3,34.63,0.0,0.0,0.0,0.0,0,static
2024-12-29,841,15590,ANTUX GTS 20ML,0,2.5,3.0,46.3,34.63,0.0,0.0,0.0,0.0,0,static
2024-12-30,841,15590,ANTUX GTS 20ML,0,2.5,3.0,46.3,34.63,0.0,0.0,0.0,0.0,0,static
2024-12-31,841,15590,ANTUX GTS 20ML,0,2.5,3.0,46.3,34.63,0.0,0.0,0.0,0.0,0,static
2024-10-01,841,18064,NEOSORO SOLUCAO NASAL ADULTO 30ML,1,1.77040170630039,3.0,9.19,2.57,4.4323,2.1647,6.0,6.0,0,static
2024-10-02,841,18064,NEOSORO SOLUCAO NASAL ADULTO 30ML,1,1.77040170630039,3.0,9.19,2.57,3.9204,2.1647,6.0,6.0,0,static
2024-10-03,841,18064,NEOSORO SOLUCAO NASAL ADULTO 30ML,1,1.77040170630039,3.0,9.19,2.57,3.688,2.1647,0.0,0.0,0,static
2024-10-04,841,18064,NEOSORO SOLUCAO NASAL ADULTO 30ML,1,1.77040170630039,3.0,9.19,2.57,4.8159,2.1647,2.0,2.0,0,static
2024-10-05,841,18064,NEOSORO SOLUCAO NASAL ADULTO 30ML,1,1.77040170630039,3.0,9.19,2.57,3.7315,2.1647,7.0,7.0,0,static
2024-10-06,841,18064,NEOSORO SOLUCAO NASAL ADULTO 30ML,1,1.77040170630039,3.0,9.19,2.57,3.9167,2.1647,2.0,2.0,0,static
2024-10-07,841,18064,NEOSORO SOLUCAO NASAL ADULTO 30ML,1,1.77040170630039,3.0,9.19,2.57,3.9942,2.1647,0.0,0.0,0,static
2024-10-08,841,18064,NEOSORO SOLUCAO NASAL ADULTO 30ML,1,1.77040170630039,3.0,9.19,2.57,4.0074,2.1647,5.0,5.0,0,static
2024-10-09,841,18064,NEOSORO SOLUCAO NASAL ADULTO 30ML,1,1.77040170630039,3.0,9.19,2.57,3.4719,2.1647,4.0,4.0,0,static
2024-10-10,841,18064,NEOSORO SOLUCAO NASAL ADULTO 30ML,1,1.77040170630039,3.0,9.19,2.57,3.7352,2.1647,0.0,0.0,0,static
2024-10-11,841,18064,NEOSORO SOLUCAO NASAL ADULTO 30ML,1,1.77040170630039,3.0,9.19,2.57,4.9812,2.1647,0.0,0.0,0,static
2024-10-12,841,18064,NEOSORO SOLUCAO NASAL ADULTO 30ML,1,1.77040170630039,3.0,9.19,2.57,3.6135,2.1647,0.0,0.0,0,static
2024-10-13,841,18064,NEOSORO SOLUCAO NASAL ADULTO 30ML,1,1.77040170630039,3.0,9.19,2.57,3.7751,2.1647,0.0,0.0,0,static
2024-10-14,841,18064,NEOSORO SOLUCAO NASAL ADULTO 30ML,1,1.77040170630039,3.0,9.19,2.57,3.8525,2.1647,0.0,0.0,0,static
2024-10-15,841,18064,NEOSORO SOLUCAO NASAL ADULTO 30ML,1,1.77040170630039,3.0,9.19,2.57,4.0074,2.1647,0.0,0.0,0,static
2024-10-16,841,18064,NEOSORO SOLUCAO NASAL ADULTO 30ML,1,1.77040170630039,3.0,9.19,2.57,3.3303,2.1647,0.0,0.0,0,static
2024-10-17,841,18064,NEOSORO SOLUCAO NASAL ADULTO 30ML,1,1.77040170630039,3.0,9.19,2.57,3.0979,2.1647,4.0,4.0,0,static
2024-10-18,841,18064,NEOSORO SOLUCAO NASAL ADULTO 30ML,1,1.77040170630039,3.0,9.19,2.57,4.4854,2.1647,1.0,1.0,0,static
2024-10-19,841,18064,NEOSORO SOLUCAO NASAL ADULTO 30ML,1,1.77040170630039,3.0,9.19,2.57,3.4011,2.1647,0.0,0.0,0,static
2024-10-20,841,18064,NEOSORO SOLUCAO NASAL ADULTO 30ML,1,1.77040170630039,3.0,9.19,2.57,3.6334,2.1647,0.0,0.0,0,static
2024-10-21,841,18064,NEOSORO SOLUCAO NASAL ADULTO 30ML,1,1.77040170630039,3.0,9.19,2.57,3.7109,2.1647,0.0,0.0,0,static
2024-10-22,841,18064,NEOSORO SOLUCAO NASAL ADULTO 30ML,1,1.77040170630039,3.0,9.19,2.57,4.0074,2.1647,0.0,0.0,0,static
2024-10-23,841,18064,NEOSORO SOLUCAO NASAL ADULTO 30ML,1,1.77040170630039,3.0,9.19,2.57,3.6135,2.1647,0.0,0.0,0,static
2024-10-24,841,18064,NEOSORO SOLUCAO NASAL ADULTO 30ML,1,1.77040170630039,3.0,9.19,2.57,3.4284,2.1647,0.0,0.0,0,static
2024-10-25,841,18064,NEOSORO SOLUCAO NASAL ADULTO 30ML,1,1.77040170630039,3.0,9.19,2.57,4.2494,2.1647,1.0,1.0,0,static
2024-10-26,841,18064,NEOSORO SOLUCAO NASAL ADULTO 30ML,1,1.77040170630039,3.0,9.19,2.57,3.0942,2.1647,1.0,1.0,0,static
2024-10-27,841,18064,NEOSORO SOLUCAO NASAL ADULTO 30ML,1,1.77040170630039,3.0,9.19,2.57,3.421,2.1647,0.0,0.0,0,static
2024-10-28,841,18064,NEOSORO SOLUCAO NASAL ADULTO 30ML,1,1.77040170630039,3.0,9.19,2.57,3.3096,2.1647,1.0,1.0,0,static
2024-10-29,841,18064,NEOSORO SOLUCAO NASAL ADULTO 30ML,1,1.77040170630039,3.0,9.19,2.57,3.4645,2.1647,0.0,0.0,0,static
2024-10-30,841,18064,NEOSORO SOLUCAO NASAL ADULTO 30ML,1,1.77040170630039,3.0,9.19,2.57,3.047,2.1647,0.0,0.0,0,static
2024-10-31,841,18064,NEOSORO SOLUCAO NASAL ADULTO 30ML,1,1.77040170630039,3.0,9.19,2.57,2.8146,2.1647,0.0,0.0,0,static
2024-11-01,841,18064,NEOSORO SOLUCAO NASAL ADULTO 30ML,0,1.77040170630039,3.0,9.19,2.57,2.3469,2.1647,1.0,1.0,0,static
2024-11-02,841,18064,NEOSORO SOLUCAO NASAL ADULTO 30ML,0,1.77040170630039,3.0,9.19,2.57,1.7211,2.1647,1.0,1.0,0,static
2024-11-03,841,18064,NEOSORO SOLUCAO NASAL ADULTO 30ML,0,1.77040170630039,3.0,9.19,2.57,1.8523,2.1647,3.0,3.0,0,static
2024-11-04,841,18064,NEOSORO SOLUCAO NASAL ADULTO 30ML,0,1.77040170630039,3.0,9.19,2.57,1.8961,2.1647,1.0,1.0,0,static
2024-11-05,841,18064,NEOSORO SOLUCAO NASAL ADULTO 30ML,0,1.77040170630039,3.0,9.19,2.57,2.0102,2.1647,2.0,2.0,0,static
2024-11-06,841,18064,NEOSORO SOLUCAO NASAL ADULTO 30ML,0,1.77040170630039,3.0,9.19,2.57,1.6811,2.1647,2.0,2.0,0,static
2024-11-07,841,18064,NEOSORO SOLUCAO NASAL ADULTO 30ML,0,1.77040170630039,3.0,9.19,2.57,1.5098,2.1647,0.0,0.0,0,static
2024-11-08,841,18064,NEOSORO SOLUCAO NASAL ADULTO 30ML,0,1.77040170630039,3.0,9.19,2.57,2.2802,2.1647,0.0,0.0,0,static
2024-11-09,841,18064,NEOSORO SOLUCAO NASAL ADULTO 30ML,0,1.77040170630039,3.0,9.19,2.57,1.7211,2.1647,0.0,0.0,0,static
2024-11-10,841,18064,NEOSORO SOLUCAO NASAL ADULTO 30ML,0,1.77040170630039,3.0,9.19,2.57,1.8523,2.1647,1.0,1.0,0,static
2024-11-11,841,18064,NEOSORO SOLUCAO NASAL ADULTO 30ML,0,1.77040170630039,3.0,9.19,2.57,1.8427,2.1647,1.0,1.0,0,static
2024-11-12,841,18064,NEOSORO SOLUCAO NASAL ADULTO 30ML,0,1.77040170630039,3.0,9.19,2.57,1.9169,2.1647,0.0,0.0,0,static
2024-11-13,841,18064,NEOSORO SOLUCAO NASAL ADULTO 30ML,0,1.77040170630039,3.0,9.19,2.57,1.6544,2.1647,0.0,0.0,0,static
2024-11-14,841,18064,NEOSORO SOLUCAO NASAL ADULTO 30ML,0,1.77040170630039,3.0,9.19,2.57,1.5098,2.1647,0.0,0.0,0,static
2024-11-15,841,18064,NEOSORO SOLUCAO NASAL ADULTO 30ML,0,1.77040170630039,3.0,9.19,2.57,2.2669,2.1647,1.0,1.0,0,static
2024-11-16,841,18064,NEOSORO SOLUCAO NASAL ADULTO 30ML,0,1.77040170630039,3.0,9.19,2.57,1.6544,2.1647,0.0,0.0,0,static
2024-11-17,841,18064,NEOSORO SOLUCAO NASAL ADULTO 30ML,0,1.77040170630039,3.0,9.19,2.57,1.759,2.1647,0.0,0.0,0,static
2024-11-18,841,18064,NEOSORO SOLUCAO NASAL ADULTO 30ML,0,1.77040170630039,3.0,9.19,2.57,1.8294,2.1647,0.0,0.0,0,static
2024-11-19,841,18064,NEOSORO SOLUCAO NASAL ADULTO 30ML,0,1.77040170630039,3.0,9.19,2.57,1.9302,2.1647,3.0,3.0,0,static
2024-11-20,841,18064,NEOSORO SOLUCAO NASAL ADULTO 30ML,0,1.77040170630039,3.0,9.19,2.57,1.6544,2.1647,1.0,1.0,0,static
2024-11-21,841,18064,NEOSORO SOLUCAO NASAL ADULTO 30ML,0,1.77040170630039,3.0,9.19,2.57,1.5232,2.1647,1.0,1.0,0,static
2024-11-22,841,18064,NEOSORO SOLUCAO NASAL ADULTO 30ML,0,1.77040170630039,3.0,9.19,2.57,2.2669,2.1647,1.0,1.0,0,static
2024-11-23,841,18064,NEOSORO SOLUCAO NASAL ADULTO 30ML,0,1.77040170630039,3.0,9.19,2.57,1.6144,2.1647,0.0,0.0,0,static
2024-11-24,841,18064,NEOSORO SOLUCAO NASAL ADULTO 30ML,0,1.77040170630039,3.0,9.19,2.57,1.6923,2.1647,4.0,4.0,0,static
2024-11-25,841,18064,NEOSORO SOLUCAO NASAL ADULTO 30ML,0,1.77040170630039,3.0,9.19,2.57,1.7361,2.1647,0.0,0.0,0,static
2024-11-26,841,18064,NEOSORO SOLUCAO NASAL ADULTO 30ML,0,1.77040170630039,3.0,9.19,2.57,1.8369,2.1647,1.0,1.0,0,static
2024-11-27,841,18064,NEOSORO SOLUCAO NASAL ADULTO 30ML,0,1.77040170630039,3.0,9.19,2.57,1.5877,2.1647,2.0,2.0,0,static
2024-11-28,841,18064,NEOSORO SOLUCAO NASAL ADULTO 30ML,0,1.77040170630039,3.0,9.19,2.57,1.4565,2.1647,0.0,0.0,0,static
2024-11-29,841,18064,NEOSORO SOLUCAO NASAL ADULTO 30ML,0,1.77040170630039,3.0,9.19,2.57,2.2136,2.1647,2.0,2.0,0,static
2024-11-30,841,18064,NEOSORO SOLUCAO NASAL ADULTO 30ML,0,1.77040170630039,3.0,9.19,2.57,1.6011,2.1647,0.0,0.0,0,static
2024-12-01,841,18064,NEOSORO SOLUCAO NASAL ADULTO 30ML,0,1.77040170630039,3.0,9.19,2.57,1.719,2.1647,1.0,1.0,0,static
2024-12-02,841,18064,NEOSORO SOLUCAO NASAL ADULTO 30ML,0,1.77040170630039,3.0,9.19,2.57,1.7627,2.1647,0.0,0.0,0,static
2024-12-03,841,18064,NEOSORO SOLUCAO NASAL ADULTO 30ML,0,1.77040170630039,3.0,9.19,2.57,1.8236,2.1647,0.0,0.0,0,static
2024-12-04,841,18064,NEOSORO SOLUCAO NASAL ADULTO 30ML,0,1.77040170630039,3.0,9.19,2.57,1.5744,2.1647,1.0,1.0,0,static
2024-12-05,841,18064,NEOSORO SOLUCAO NASAL ADULTO 30ML,0,1.77040170630039,3.0,9.19,2.57,1.4565,2.1647,0.0,0.0,0,static
2024-12-06,841,18064,NEOSORO SOLUCAO NASAL ADULTO 30ML,0,1.77040170630039,3.0,9.19,2.57,2.2002,2.1647,2.0,2.0,0,static
2024-12-07,841,18064,NEOSORO SOLUCAO NASAL ADULTO 30ML,0,1.77040170630039,3.0,9.19,2.57,1.5877,2.1647,2.0,2.0,0,static
2024-12-08,841,18064,NEOSORO SOLUCAO NASAL ADULTO 30ML,0,1.77040170630039,3.0,9.19,2.57,1.7323,2.1647,1.0,1.0,0,static
2024-12-09,841,18064,NEOSORO SOLUCAO NASAL ADULTO 30ML,0,1.77040170630039,3.0,9.19,2.57,1.8027,2.1647,3.0,3.0,0,static
2024-12-10,841,18064,NEOSORO SOLUCAO NASAL ADULTO 30ML,0,1.77040170630039,3.0,9.19,2.57,1.9169,2.1647,1.0,1.0,0,static
2024-12-11,841,18064,NEOSORO SOLUCAO NASAL ADULTO 30ML,0,1.77040170630039,3.0,9.19,2.57,1.6411,2.1647,1.0,1.0,0,static
2024-12-12,841,18064,NEOSORO SOLUCAO NASAL ADULTO 30ML,0,1.77040170630039,3.0,9.19,2.57,1.5232,2.1647,1.0,1.0,0,static
2024-12-13,841,18064,NEOSORO SOLUCAO NASAL ADULTO 30ML,0,1.77040170630039,3.0,9.19,2.57,2.2802,2.1647,1.0,1.0,0,static
2024-12-14,841,18064,NEOSORO SOLUCAO NASAL ADULTO 30ML,0,1.77040170630039,3.0,9.19,2.57,1.6411,2.1647,0.0,0.0,0,static
2024-12-15,841,18064,NEOSORO SOLUCAO NASAL ADULTO 30ML,0,1.77040170630039,3.0,9.19,2.57,1.8123,2.1647,2.0,2.0,0,static
2024-12-16,841,18064,NEOSORO SOLUCAO NASAL ADULTO 30ML,0,1.77040170630039,3.0,9.19,2.57,1.8561,2.1647,0.0,0.0,0,static
2024-12-17,841,18064,NEOSORO SOLUCAO NASAL ADULTO 30ML,0,1.77040170630039,3.0,9.19,2.57,1.9569,2.1647,0.0,0.0,0,static
2024-12-18,841,18064,NEOSORO SOLUCAO NASAL ADULTO 30ML,0,1.77040170630039,3.0,9.19,2.57,1.7211,2.1647,0.0,0.0,0,static
2024-12-19,841,18064,NEOSORO SOLUCAO NASAL ADULTO 30ML,0,1.77040170630039,3.0,9.19,2.57,1.5632,2.1647,1.0,1.0,0,static
2024-12-20,841,18064,NEOSORO SOLUCAO NASAL ADULTO 30ML,0,1.77040170630039,3.0,9.19,2.57,2.2802,2.1647,7.0,7.0,0,static
2024-12-21,841,18064,NEOSORO SOLUCAO NASAL ADULTO 30ML,0,1.77040170630039,3.0,9.19,2.57,1.6544,2.1647,1.0,1.0,0,static
2024-12-22,841,18064,NEOSORO SOLUCAO NASAL ADULTO 30ML,0,1.77040170630039,3.0,9.19,2.57,1.7857,2.1647,2.0,2.0,0,static
2024-12-23,841,18064,NEOSORO SOLUCAO NASAL ADULTO 30ML,0,1.77040170630039,3.0,9.19,2.57,1.8294,2.1647,3.0,3.0,0,static
2024-12-24,841,18064,NEOSORO SOLUCAO NASAL ADULTO 30ML,0,1.77040170630039,3.0,9.19,2.57,1.9302,2.1647,0.0,0.0,0,static
2024-12-25,841,18064,NEOSORO SOLUCAO NASAL ADULTO 30ML,0,1.77040170630039,3.0,9.19,2.57,1.6411,2.1647,1.0,1.0,0,static
2024-12-26,841,18064,NEOSORO SOLUCAO NASAL ADULTO 30ML,0,1.77040170630039,3.0,9.19,2.57,1.5098,2.1647,1.0,1.0,0,static
2024-12-27,841,18064,NEOSORO SOLUCAO NASAL ADULTO 30ML,0,1.77040170630039,3.0,9.19,2.57,2.2402,2.1647,1.0,1.0,0,static
2024-12-28,841,18064,NEOSORO SOLUCAO NASAL ADULTO 30ML,0,1.77040170630039,3.0,9.19,2.57,1.6277,2.1647,1.0,1.0,0,static
2024-12-29,841,18064,NEOSORO SOLUCAO NASAL ADULTO 30ML,0,1.77040170630039,3.0,9.19,2.57,1.759,2.1647,1.0,1.0,0,static
2024-12-30,841,18064,NEOSORO SOLUCAO NASAL ADULTO 30ML,0,1.77040170630039,3.0,9.19,2.57,1.7761,2.1647,0.0,0.0,0,static
2024-12-31,841,18064,NEOSORO SOLUCAO NASAL ADULTO 30ML,0,1.77040170630039,3.0,9.19,2.57,1.8636,2.1647,0.0,0.0,0,static
2024-10-01,841,20635,ABRILAR XAROPE 100ML,0,2.5,3.0,35.82,23.5,0.0161,0.1873,0.0,0.0,0,static
2024-10-02,841,20635,ABRILAR XAROPE 100ML,0,2.5,3.0,35.82,23.5,0.0161,0.1873,0.0,0.0,0,static
2024-10-03,841,20635,ABRILAR XAROPE 100ML,0,2.5,3.0,35.82,23.5,0.0161,0.1873,0.0,0.0,0,static
2024-10-04,841,20635,ABRILAR XAROPE 100ML,0,2.5,3.0,35.82,23.5,0.0161,0.1873,0.0,0.0,0,static
2024-10-05,841,20635,ABRILAR XAROPE 100ML,0,2.5,3.0,35.82,23.5,0.0161,0.1873,0.0,0.0,0,static
2024-10-06,841,20635,ABRILAR XAROPE 100ML,0,2.5,3.0,35.82,23.5,0.0598,0.1873,0.0,0.0,0,static
2024-10-07,841,20635,ABRILAR XAROPE 100ML,0,2.5,3.0,35.82,23.5,0.0598,0.1873,0.0,0.0,0,static
2024-10-08,841,20635,ABRILAR XAROPE 100ML,0,2.5,3.0,35.82,23.5,0.0161,0.1873,0.0,0.0,0,static
2024-10-09,841,20635,ABRILAR XAROPE 100ML,0,2.5,3.0,35.82,23.5,0.0161,0.1873,0.0,0.0,0,static
2024-10-10,841,20635,ABRILAR XAROPE 100ML,0,2.5,3.0,35.82,23.5,0.0161,0.1873,0.0,0.0,0,static
2024-10-11,841,20635,ABRILAR XAROPE 100ML,0,2.5,3.0,35.82,23.5,0.0161,0.1873,0.0,0.0,0,static
2024-10-12,841,20635,ABRILAR XAROPE 100ML,0,2.5,3.0,35.82,23.5,0.0161,0.1873,0.0,0.0,0,static
2024-10-13,841,20635,ABRILAR XAROPE 100ML,0,2.5,3.0,35.82,23.5,0.0598,0.1873,0.0,0.0,0,static
2024-10-14,841,20635,ABRILAR XAROPE 100ML,0,2.5,3.0,35.82,23.5,0.0598,0.1873,0.0,0.0,0,static
2024-10-15,841,20635,ABRILAR XAROPE 100ML,0,2.5,3.0,35.82,23.5,0.0161,0.1873,0.0,0.0,0,static
2024-10-16,841,20635,ABRILAR XAROPE 100ML,0,2.5,3.0,35.82,23.5,0.0161,0.1873,0.0,0.0,0,static
2024-10-17,841,20635,ABRILAR XAROPE 100ML,0,2.5,3.0,35.82,23.5,0.0161,0.1873,0.0,0.0,0,static
2024-10-18,841,20635,ABRILAR XAROPE 100ML,0,2.5,3.0,35.82,23.5,0.0161,0.1873,0.0,0.0,0,static
2024-10-19,841,20635,ABRILAR XAROPE 100ML,0,2.5,3.0,35.82,23.5,0.0161,0.1873,0.0,0.0,0,static
2024-10-20,841,20635,ABRILAR XAROPE 100ML,0,2.5,3.0,35.82,23.5,0.0598,0.1873,0.0,0.0,0,static
2024-10-21,841,20635,ABRILAR XAROPE 100ML,0,2.5,3.0,35.82,23.5,0.0598,0.1873,0.0,0.0,0,static
2024-10-22,841,20635,ABRILAR XAROPE 100ML,0,2.5,3.0,35.82,23.5,0.0161,0.1873,0.0,0.0,0,static
2024-10-23,841,20635,ABRILAR XAROPE 100ML,0,2.5,3.0,35.82,23.5,0.0161,0.1873,0.0,0.0,0,static
2024-10-24,841,20635,ABRILAR XAROPE 100ML,0,2.5,3.0,35.82,23.5,0.0161,0.1873,0.0,0.0,0,static
2024-10-25,841,20635,ABRILAR XAROPE 100ML,0,2.5,3.0,35.82,23.5,0.0161,0.1873,0.0,0.0,0,static
2024-10-26,841,20635,ABRILAR XAROPE 100ML,0,2.5,3.0,35.82,23.5,0.0161,0.1873,0.0,0.0,0,static
2024-10-27,841,20635,ABRILAR XAROPE 100ML,0,2.5,3.0,35.82,23.5,0.0598,0.1873,0.0,0.0,0,static
2024-10-28,841,20635,ABRILAR XAROPE 100ML,0,2.5,3.0,35.82,23.5,0.0598,0.1873,0.0,0.0,0,static
2024-10-29,841,20635,ABRILAR XAROPE 100ML,0,2.5,3.0,35.82,23.5,0.0161,0.1873,0.0,0.0,0,static
2024-10-30,841,20635,ABRILAR XAROPE 100ML,0,2.5,3.0,35.82,23.5,0.0161,0.1873,0.0,0.0,0,static
2024-10-31,841,20635,ABRILAR XAROPE 100ML,0,2.5,3.0,35.82,23.5,0.0161,0.1873,0.0,0.0,0,static
2024-11-01,841,20635,ABRILAR XAROPE 100ML,0,2.5,3.0,35.82,23.5,0.0161,0.1873,0.0,0.0,0,static
2024-11-02,841,20635,ABRILAR XAROPE 100ML,0,2.5,3.0,35.82,23.5,0.0161,0.1873,0.0,0.0,0,static
2024-11-03,841,20635,ABRILAR XAROPE 100ML,0,2.5,3.0,35.82,23.5,0.0598,0.1873,0.0,0.0,0,static
2024-11-04,841,20635,ABRILAR XAROPE 100ML,0,2.5,3.0,35.82,23.5,0.0598,0.1873,0.0,0.0,0,static
2024-11-05,841,20635,ABRILAR XAROPE 100ML,0,2.5,3.0,35.82,23.5,0.0161,0.1873,0.0,0.0,0,static
2024-11-06,841,20635,ABRILAR XAROPE 100ML,0,2.5,3.0,35.82,23.5,0.0161,0.1873,0.0,0.0,0,static
2024-11-07,841,20635,ABRILAR XAROPE 100ML,0,2.5,3.0,35.82,23.5,0.0161,0.1873,0.0,0.0,0,static
2024-11-08,841,20635,ABRILAR XAROPE 100ML,0,2.5,3.0,35.82,23.5,0.0161,0.1873,0.0,0.0,0,static
2024-11-09,841,20635,ABRILAR XAROPE 100ML,0,2.5,3.0,35.82,23.5,0.0161,0.1873,0.0,0.0,0,static
2024-11-10,841,20635,ABRILAR XAROPE 100ML,0,2.5,3.0,35.82,23.5,0.0598,0.1873,0.0,0.0,0,static
2024-11-11,841,20635,ABRILAR XAROPE 100ML,0,2.5,3.0,35.82,23.5,0.0598,0.1873,0.0,0.0,0,static
2024-11-12,841,20635,ABRILAR XAROPE 100ML,0,2.5,3.0,35.82,23.5,0.0161,0.1873,0.0,0.0,0,static
2024-11-13,841,20635,ABRILAR XAROPE 100ML,0,2.5,3.0,35.82,23.5,0.0161,0.1873,0.0,0.0,0,static
2024-11-14,841,20635,ABRILAR XAROPE 100ML,0,2.5,3.0,35.82,23.5,0.0161,0.1873,0.0,0.0,0,static
2024-11-15,841,20635,ABRILAR XAROPE 100ML,0,2.5,3.0,35.82,23.5,0.0161,0.1873,1.0,1.0,0,static
2024-11-16,841,20635,ABRILAR XAROPE 100ML,0,2.5,3.0,35.82,23.5,0.0161,0.1873,0.0,0.0,0,static
2024-11-17,841,20635,ABRILAR XAROPE 100ML,0,2.5,3.0,35.82,23.5,0.0598,0.1873,0.0,0.0,0,static
2024-11-18,841,20635,ABRILAR XAROPE 100ML,0,2.5,3.0,35.82,23.5,0.0598,0.1873,0.0,0.0,0,static
2024-11-19,841,20635,ABRILAR XAROPE 100ML,0,2.5,3.0,35.82,23.5,0.0161,0.1873,0.0,0.0,0,static
2024-11-20,841,20635,ABRILAR XAROPE 100ML,0,2.5,3.0,35.82,23.5,0.0161,0.1873,0.0,0.0,0,static
2024-11-21,841,20635,ABRILAR XAROPE 100ML,0,2.5,3.0,35.82,23.5,0.0161,0.1873,0.0,0.0,0,static
2024-11-22,841,20635,ABRILAR XAROPE 100ML,0,2.5,3.0,35.82,23.5,0.0161,0.1873,0.0,0.0,0,static
2024-11-23,841,20635,ABRILAR XAROPE 100ML,0,2.5,3.0,35.82,23.5,0.0161,0.1873,0.0,0.0,0,static
2024-11-24,841,20635,ABRILAR XAROPE 100ML,0,2.5,3.0,35.82,23.5,0.0598,0.1873,0.0,0.0,0,static
2024-11-25,841,20635,ABRILAR XAROPE 100ML,0,2.5,3.0,35.82,23.5,0.0598,0.1873,0.0,0.0,0,static
2024-11-26,841,20635,ABRILAR XAROPE 100ML,0,2.5,3.0,35.82,23.5,0.0294,0.1873,0.0,0.0,0,static
2024-11-27,841,20635,ABRILAR XAROPE 100ML,0,2.5,3.0,35.82,23.5,0.0294,0.1873,0.0,0.0,0,static
2024-11-28,841,20635,ABRILAR XAROPE 100ML,0,2.5,3.0,35.82,23.5,0.0294,0.1873,1.0,1.0,0,static
2024-11-29,841,20635,ABRILAR XAROPE 100ML,0,2.5,3.0,35.82,23.5,0.0294,0.1873,0.0,0.0,1,static
2024-11-30,841,20635,ABRILAR XAROPE 100ML,0,2.5,3.0,35.82,23.5,0.0294,0.1873,0.0,0.0,1,static
2024-12-01,841,20635,ABRILAR XAROPE 100ML,0,2.5,3.0,35.82,23.5,0.0732,0.1873,0.0,0.0,0,static
2024-12-02,841,20635,ABRILAR XAROPE 100ML,0,2.5,3.0,35.82,23.5,0.0732,0.1873,0.0,0.0,0,static
2024-12-03,841,20635,ABRILAR XAROPE 100ML,0,2.5,3.0,35.82,23.5,0.0294,0.1873,0.0,0.0,0,static
2024-12-04,841,20635,ABRILAR XAROPE 100ML,0,2.5,3.0,35.82,23.5,0.0294,0.1873,0.0,0.0,0,static
2024-12-05,841,20635,ABRILAR XAROPE 100ML,0,2.5,3.0,35.82,23.5,0.0294,0.1873,0.0,0.0,0,static
2024-12-06,841,20635,ABRILAR XAROPE 100ML,0,2.5,3.0,35.82,23.5,0.0294,0.1873,0.0,0.0,0,static
2024-12-07,841,20635,ABRILAR XAROPE 100ML,0,2.5,3.0,35.82,23.5,0.0294,0.1873,0.0,0.0,0,static
2024-12-08,841,20635,ABRILAR XAROPE 100ML,0,2.5,3.0,35.82,23.5,0.0732,0.1873,0.0,0.0,0,static
2024-12-09,841,20635,ABRILAR XAROPE 100ML,0,2.5,3.0,35.82,23.5,0.0732,0.1873,0.0,0.0,0,static
2024-12-10,841,20635,ABRILAR XAROPE 100ML,0,2.5,3.0,35.82,23.5,0.0294,0.1873,0.0,0.0,0,static
2024-12-11,841,20635,ABRILAR XAROPE 100ML,0,2.5,3.0,35.82,23.5,0.0161,0.1873,0.0,0.0,0,static
2024-12-12,841,20635,ABRILAR XAROPE 100ML,0,2.5,3.0,35.82,23.5,0.0161,0.1873,0.0,0.0,0,static
2024-12-13,841,20635,ABRILAR XAROPE 100ML,0,2.5,3.0,35.82,23.5,0.0161,0.1873,0.0,0.0,0,static
2024-12-14,841,20635,ABRILAR XAROPE 100ML,0,2.5,3.0,35.82,23.5,0.0161,0.1873,0.0,0.0,0,static
2024-12-15,841,20635,ABRILAR XAROPE 100ML,0,2.5,3.0,35.82,23.5,0.0598,0.1873,0.0,0.0,0,static
2024-12-16,841,20635,ABRILAR XAROPE 100ML,0,2.5,3.0,35.82,23.5,0.0598,0.1873,0.0,0.0,0,static
2024-12-17,841,20635,ABRILAR XAROPE 100ML,0,2.5,3.0,35.82,23.5,0.0161,0.1873,0.0,0.0,0,static
2024-12-18,841,20635,ABRILAR XAROPE 100ML,0,2.5,3.0,35.82,23.5,0.0161,0.1873,0.0,0.0,0,static
2024-12-19,841,20635,ABRILAR XAROPE 100ML,0,2.5,3.0,35.82,23.5,0.0161,0.1873,0.0,0.0,0,static
2024-12-20,841,20635,ABRILAR XAROPE 100ML,0,2.5,3.0,35.82,23.5,0.0161,0.1873,0.0,0.0,0,static
2024-12-21,841,20635,ABRILAR XAROPE 100ML,0,2.5,3.0,35.82,23.5,0.0161,0.1873,0.0,0.0,0,static
2024-12-22,841,20635,ABRILAR XAROPE 100ML,0,2.5,3.0,35.82,23.5,0.0598,0.1873,0.0,0.0,0,static
2024-12-23,841,20635,ABRILAR XAROPE 100ML,0,2.5,3.0,35.82,23.5,0.0598,0.1873,0.0,0.0,0,static
2024-12-24,841,20635,ABRILAR XAROPE 100ML,0,2.5,3.0,35.82,23.5,0.0161,0.1873,0.0,0.0,0,static
2024-12-25,841,20635,ABRILAR XAROPE 100ML,0,2.5,3.0,35.82,23.5,0.0161,0.1873,0.0,0.0,0,static
2024-12-26,841,20635,ABRILAR XAROPE 100ML,0,2.5,3.0,35.82,23.5,0.0161,0.1873,0.0,0.0,0,static
2024-12-27,841,20635,ABRILAR XAROPE 100ML,0,2.5,3.0,35.82,23.5,0.0161,0.1873,0.0,0.0,0,static
2024-12-28,841,20635,ABRILAR XAROPE 100ML,0,2.5,3.0,35.82,23.5,0.0161,0.1873,0.0,0.0,0,static
2024-12-29,841,20635,ABRILAR XAROPE 100ML,0,2.5,3.0,35.82,23.5,0.0598,0.1873,0.0,0.0,0,static
2024-12-30,841,20635,ABRILAR XAROPE 100ML,0,2.5,3.0,35.82,23.5,0.0598,0.1873,0.0,0.0,0,static
2024-12-31,841,20635,ABRILAR XAROPE 100ML,0,2.5,3.0,35.82,23.5,0.0161,0.1873,0.0,0.0,0,static
2024-10-01,841,21141,PERCOF XAROPE 120ML,0,2.5,3.0,34.89,25.97,0.1402,0.414,0.0,0.0,0,static
2024-10-02,841,21141,PERCOF XAROPE 120ML,0,2.5,3.0,34.89,25.97,0.1839,0.414,0.0,0.0,0,static
2024-10-03,841,21141,PERCOF XAROPE 120ML,0,2.5,3.0,34.89,25.97,0.1839,0.414,0.0,0.0,0,static
2024-10-04,841,21141,PERCOF XAROPE 120ML,0,2.5,3.0,34.89,25.97,0.2277,0.414,0.0,0.0,0,static
2024-10-05,841,21141,PERCOF XAROPE 120ML,0,2.5,3.0,34.89,25.97,0.1839,0.414,0.0,0.0,0,static
2024-10-06,841,21141,PERCOF XAROPE 120ML,0,2.5,3.0,34.89,25.97,0.1402,0.414,0.0,0.0,0,static
2024-10-07,841,21141,PERCOF XAROPE 120ML,0,2.5,3.0,34.89,25.97,0.1802,0.414,0.0,0.0,0,static
2024-10-08,841,21141,PERCOF XAROPE 120ML,0,2.5,3.0,34.89,25.97,0.1802,0.414,0.0,0.0,0,static
2024-10-09,841,21141,PERCOF XAROPE 120ML,0,2.5,3.0,34.89,25.97,0.2239,0.414,0.0,0.0,0,static
2024-10-10,841,21141,PERCOF XAROPE 120ML,0,2.5,3.0,34.89,25.97,0.2239,0.414,0.0,0.0,0,static
2024-10-11,841,21141,PERCOF XAROPE 120ML,0,2.5,3.0,34.89,25.97,0.2677,0.414,1.0,1.0,0,static
2024-10-12,841,21141,PERCOF XAROPE 120ML,0,2.5,3.0,34.89,25.97,0.2239,0.414,0.0,0.0,0,static
2024-10-13,841,21141,PERCOF XAROPE 120ML,0,2.5,3.0,34.89,25.97,0.1802,0.414,0.0,0.0,0,static
2024-10-14,841,21141,PERCOF XAROPE 120ML,0,2.5,3.0,34.89,25.97,0.1802,0.414,0.0,0.0,0,static
2024-10-15,841,21141,PERCOF XAROPE 120ML,0,2.5,3.0,34.89,25.97,0.1802,0.414,0.0,0.0,0,static
2024-10-16,841,21141,PERCOF XAROPE 120ML,0,2.5,3.0,34.89,25.97,0.2239,0.414,0.0,0.0,0,static
2024-10-17,841,21141,PERCOF XAROPE 120ML,0,2.5,3.0,34.89,25.97,0.2239,0.414,0.0,0.0,0,static
2024-10-18,841,21141,PERCOF XAROPE 120ML,0,2.5,3.0,34.89,25.97,0.2677,0.414,0.0,0.0,0,static
2024-10-19,841,21141,PERCOF XAROPE 120ML,0,2.5,3.0,34.89,25.97,0.2239,0.414,0.0,0.0,0,static
2024-10-20,841,21141,PERCOF XAROPE 120ML,0,2.5,3.0,34.89,25.97,0.1802,0.414,1.0,1.0,0,static
2024-10-21,841,21141,PERCOF XAROPE 120ML,0,2.5,3.0,34.89,25.97,0.1802,0.414,0.0,0.0,0,static
2024-10-22,841,21141,PERCOF XAROPE 120ML,0,2.5,3.0,34.89,25.97,0.1402,0.414,0.0,0.0,0,static
2024-10-23,841,21141,PERCOF XAROPE 120ML,0,2.5,3.0,34.89,25.97,0.1839,0.414,0.0,0.0,0,static
2024-10-24,841,21141,PERCOF XAROPE 120ML,0,2.5,3.0,34.89,25.97,0.1839,0.414,0.0,0.0,0,static
2024-10-25,841,21141,PERCOF XAROPE 120ML,0,2.5,3.0,34.89,25.97,0.2277,0.414,0.0,0.0,0,static
2024-10-26,841,21141,PERCOF XAROPE 120ML,0,2.5,3.0,34.89,25.97,0.1839,0.414,0.0,0.0,0,static
2024-10-27,841,21141,PERCOF XAROPE 120ML,0,2.5,3.0,34.89,25.97,0.1402,0.414,1.0,1.0,0,static
2024-10-28,841,21141,PERCOF XAROPE 120ML,0,2.5,3.0,34.89,25.97,0.1402,0.414,0.0,0.0,0,static
2024-10-29,841,21141,PERCOF XAROPE 120ML,0,2.5,3.0,34.89,25.97,0.1402,0.414,0.0,0.0,0,static
2024-10-30,841,21141,PERCOF XAROPE 120ML,0,2.5,3.0,34.89,25.97,0.1839,0.414,0.0,0.0,0,static
2024-10-31,841,21141,PERCOF XAROPE 120ML,0,2.5,3.0,34.89,25.97,0.1973,0.414,0.0,0.0,0,static
2024-11-01,841,21141,PERCOF XAROPE 120ML,0,2.5,3.0,34.89,25.97,0.241,0.414,0.0,0.0,0,static
2024-11-02,841,21141,PERCOF XAROPE 120ML,0,2.5,3.0,34.89,25.97,0.1973,0.414,1.0,1.0,0,static
2024-11-03,841,21141,PERCOF XAROPE 120ML,0,2.5,3.0,34.89,25.97,0.1535,0.414,0.0,0.0,0,static
2024-11-04,841,21141,PERCOF XAROPE 120ML,0,2.5,3.0,34.89,25.97,0.1535,0.414,0.0,0.0,0,static
2024-11-05,841,21141,PERCOF XAROPE 120ML,0,2.5,3.0,34.89,25.97,0.1535,0.414,0.0,0.0,0,static
2024-11-06,841,21141,PERCOF XAROPE 120ML,0,2.5,3.0,34.89,25.97,0.1973,0.414,0.0,0.0,0,static
2024-11-07,841,21141,PERCOF XAROPE 120ML,0,2.5,3.0,34.89,25.97,0.1973,0.414,0.0,0.0,0,static
2024-11-08,841,21141,PERCOF XAROPE 120ML,0,2.5,3.0,34.89,25.97,0.241,0.414,0.0,0.0,0,static
2024-11-09,841,21141,PERCOF XAROPE 120ML,0,2.5,3.0,34.89,25.97,0.1973,0.414,0.0,0.0,0,static
2024-11-10,841,21141,PERCOF XAROPE 120ML,0,2.5,3.0,34.89,25.97,0.1535,0.414,0.0,0.0,0,static
2024-11-11,841,21141,PERCOF XAROPE 120ML,0,2.5,3.0,34.89,25.97,0.1535,0.414,1.0,1.0,0,static
2024-11-12,841,21141,PERCOF XAROPE 120ML,0,2.5,3.0,34.89,25.97,0.1535,0.414,0.0,0.0,0,static
2024-11-13,841,21141,PERCOF XAROPE 120ML,0,2.5,3.0,34.89,25.97,0.1973,0.414,0.0,0.0,0,static
2024-11-14,841,21141,PERCOF XAROPE 120ML,0,2.5,3.0,34.89,25.97,0.1973,0.414,0.0,0.0,0,static
2024-11-15,841,21141,PERCOF XAROPE 120ML,0,2.5,3.0,34.89,25.97,0.2277,0.414,0.0,0.0,0,static
2024-11-16,841,21141,PERCOF XAROPE 120ML,0,2.5,3.0,34.89,25.97,0.1839,0.414,0.0,0.0,0,static
2024-11-17,841,21141,PERCOF XAROPE 120ML,0,2.5,3.0,34.89,25.97,0.1402,0.414,0.0,0.0,0,static
2024-11-18,841,21141,PERCOF XAROPE 120ML,0,2.5,3.0,34.89,25.97,0.1402,0.414,0.0,0.0,0,static
2024-11-19,841,21141,PERCOF XAROPE 120ML,0,2.5,3.0,34.89,25.97,0.1402,0.414,0.0,0.0,0,static
2024-11-20,841,21141,PERCOF XAROPE 120ML,0,2.5,3.0,34.89,25.97,0.1839,0.414,0.0,0.0,0,static
2024-11-21,841,21141,PERCOF XAROPE 120ML,0,2.5,3.0,34.89,25.97,0.1839,0.414,0.0,0.0,0,static
2024-11-22,841,21141,PERCOF XAROPE 120ML,0,2.5,3.0,34.89,25.97,0.241,0.414,0.0,0.0,0,static
2024-11-23,841,21141,PERCOF XAROPE 120ML,0,2.5,3.0,34.89,25.97,0.1973,0.414,0.0,0.0,0,static
2024-11-24,841,21141,PERCOF XAROPE 120ML,0,2.5,3.0,34.89,25.97,0.1535,0.414,0.0,0.0,0,static
2024-11-25,841,21141,PERCOF XAROPE 120ML,0,2.5,3.0,34.89,25.97,0.1535,0.414,0.0,0.0,0,static
2024-11-26,841,21141,PERCOF XAROPE 120ML,0,2.5,3.0,34.89,25.97,0.1535,0.414,0.0,0.0,0,static
2024-11-27,841,21141,PERCOF XAROPE 120ML,0,2.5,3.0,34.89,25.97,0.1973,0.414,0.0,0.0,0,static
2024-11-28,841,21141,PERCOF XAROPE 120ML,0,2.5,3.0,34.89,25.97,0.1973,0.414,0.0,0.0,0,static
2024-11-29,841,21141,PERCOF XAROPE 120ML,0,2.5,3.0,34.89,25.97,0.241,0.414,0.0,0.0,0,static
2024-11-30,841,21141,PERCOF XAROPE 120ML,0,2.5,3.0,34.89,25.97,0.1973,0.414,0.0,0.0,0,static
2024-12-01,841,21141,PERCOF XAROPE 120ML,0,2.5,3.0,34.89,25.97,0.1535,0.414,0.0,0.0,0,static
2024-12-02,841,21141,PERCOF XAROPE 120ML,0,2.5,3.0,34.89,25.97,0.1535,0.414,0.0,0.0,0,static
2024-12-03,841,21141,PERCOF XAROPE 120ML,0,2.5,3.0,34.89,25.97,0.1535,0.414,0.0,0.0,0,static
2024-12-04,841,21141,PERCOF XAROPE 120ML,0,2.5,3.0,34.89,25.97,0.1973,0.414,0.0,0.0,0,static
2024-12-05,841,21141,PERCOF XAROPE 120ML,0,2.5,3.0,34.89,25.97,0.1973,0.414,0.0,0.0,0,static
2024-12-06,841,21141,PERCOF XAROPE 120ML,0,2.5,3.0,34.89,25.97,0.241,0.414,0.0,0.0,0,static
2024-12-07,841,21141,PERCOF XAROPE 120ML,0,2.5,3.0,34.89,25.97,0.1839,0.414,0.0,0.0,0,static
2024-12-08,841,21141,PERCOF XAROPE 120ML,0,2.5,3.0,34.89,25.97,0.1402,0.414,0.0,0.0,0,static
2024-12-09,841,21141,PERCOF XAROPE 120ML,0,2.5,3.0,34.89,25.97,0.1402,0.414,0.0,0.0,0,static
2024-12-10,841,21141,PERCOF XAROPE 120ML,0,2.5,3.0,34.89,25.97,0.1402,0.414,0.0,0.0,0,static
2024-12-11,841,21141,PERCOF XAROPE 120ML,0,2.5,3.0,34.89,25.97,0.1839,0.414,0.0,0.0,0,static
2024-12-12,841,21141,PERCOF XAROPE 120ML,0,2.5,3.0,34.89,25.97,0.1839,0.414,1.0,1.0,0,static
2024-12-13,841,21141,PERCOF XAROPE 120ML,0,2.5,3.0,34.89,25.97,0.2277,0.414,0.0,0.0,0,static
2024-12-14,841,21141,PERCOF XAROPE 120ML,0,2.5,3.0,34.89,25.97,0.1839,0.414,0.0,0.0,0,static
2024-12-15,841,21141,PERCOF XAROPE 120ML,0,2.5,3.0,34.89,25.97,0.1402,0.414,0.0,0.0,0,static
2024-12-16,841,21141,PERCOF XAROPE 120ML,0,2.5,3.0,34.89,25.97,0.1402,0.414,0.0,0.0,0,static
2024-12-17,841,21141,PERCOF XAROPE 120ML,0,2.5,3.0,34.89,25.97,0.1402,0.414,0.0,0.0,0,static
2024-12-18,841,21141,PERCOF XAROPE 120ML,0,2.5,3.0,34.89,25.97,0.1839,0.414,0.0,0.0,0,static
2024-12-19,841,21141,PERCOF XAROPE 120ML,0,2.5,3.0,34.89,25.97,0.1839,0.414,0.0,0.0,0,static
2024-12-20,841,21141,PERCOF XAROPE 120ML,0,2.5,3.0,34.89,25.97,0.2277,0.414,0.0,0.0,0,static
2024-12-21,841,21141,PERCOF XAROPE 120ML,0,2.5,3.0,34.89,25.97,0.1839,0.414,0.0,0.0,0,static
2024-12-22,841,21141,PERCOF XAROPE 120ML,0,2.5,3.0,34.89,25.97,0.1402,0.414,0.0,0.0,0,static
2024-12-23,841,21141,PERCOF XAROPE 120ML,0,2.5,3.0,34.89,25.97,0.1402,0.414,0.0,0.0,0,static
2024-12-24,841,21141,PERCOF XAROPE 120ML,0,2.5,3.0,34.89,25.97,0.1402,0.414,0.0,0.0,0,static
2024-12-25,841,21141,PERCOF XAROPE 120ML,0,2.5,3.0,34.89,25.97,0.1839,0.414,1.0,1.0,0,static
2024-12-26,841,21141,PERCOF XAROPE 120ML,0,2.5,3.0,34.89,25.97,0.1973,0.414,1.0,1.0,0,static
2024-12-27,841,21141,PERCOF XAROPE 120ML,0,2.5,3.0,34.89,25.97,0.241,0.414,0.0,0.0,0,static
2024-12-28,841,21141,PERCOF XAROPE 120ML,0,2.5,3.0,34.89,25.97,0.1973,0.414,0.0,0.0,0,static
2024-12-29,841,21141,PERCOF XAROPE 120ML,0,2.5,3.0,34.89,25.97,0.1535,0.414,1.0,1.0,0,static
2024-12-30,841,21141,PERCOF XAROPE 120ML,0,2.5,3.0,34.89,25.97,0.1535,0.414,1.0,1.0,0,static
2024-12-31,841,21141,PERCOF XAROPE 120ML,0,2.5,3.0,34.89,25.97,0.1535,0.414,0.0,0.0,0,static
2024-10-01,841,31330,ABRILAR XAROPE 200ML,0,2.5,3.0,78.55,51.06,0.0,0.0,0.0,0.0,0,static
2024-10-02,841,31330,ABRILAR XAROPE 200ML,0,2.5,3.0,78.55,51.06,0.0,0.0,0.0,0.0,0,static
2024-10-03,841,31330,ABRILAR XAROPE 200ML,0,2.5,3.0,78.55,51.06,0.0,0.0,0.0,0.0,0,static
2024-10-04,841,31330,ABRILAR XAROPE 200ML,0,2.5,3.0,78.55,51.06,0.0,0.0,0.0,0.0,0,static
2024-10-05,841,31330,ABRILAR XAROPE 200ML,0,2.5,3.0,78.55,51.06,0.0,0.0,0.0,0.0,0,static
2024-10-06,841,31330,ABRILAR XAROPE 200ML,0,2.5,3.0,78.55,51.06,0.0,0.0,0.0,0.0,0,static
2024-10-07,841,31330,ABRILAR XAROPE 200ML,0,2.5,3.0,78.55,51.06,0.0,0.0,0.0,0.0,0,static
2024-10-08,841,31330,ABRILAR XAROPE 200ML,0,2.5,3.0,78.55,51.06,0.0,0.0,0.0,0.0,0,static
2024-10-09,841,31330,ABRILAR XAROPE 200ML,0,2.5,3.0,78.55,51.06,0.0,0.0,0.0,0.0,0,static
2024-10-10,841,31330,ABRILAR XAROPE 200ML,0,2.5,3.0,78.55,51.06,0.0,0.0,0.0,0.0,0,static
2024-10-11,841,31330,ABRILAR XAROPE 200ML,0,2.5,3.0,78.55,51.06,0.0,0.0,0.0,0.0,0,static
2024-10-12,841,31330,ABRILAR XAROPE 200ML,0,2.5,3.0,78.55,51.06,0.0,0.0,0.0,0.0,0,static
2024-10-13,841,31330,ABRILAR XAROPE 200ML,0,2.5,3.0,78.55,51.06,0.0,0.0,0.0,0.0,0,static
2024-10-14,841,31330,ABRILAR XAROPE 200ML,0,2.5,3.0,78.55,51.06,0.0,0.0,0.0,0.0,0,static
2024-10-15,841,31330,ABRILAR XAROPE 200ML,0,2.5,3.0,78.55,51.06,0.0,0.0,0.0,0.0,0,static
2024-10-16,841,31330,ABRILAR XAROPE 200ML,0,2.5,3.0,78.55,51.06,0.0,0.0,0.0,0.0,0,static
2024-10-17,841,31330,ABRILAR XAROPE 200ML,0,2.5,3.0,78.55,51.06,0.0,0.0,0.0,0.0,0,static
2024-10-18,841,31330,ABRILAR XAROPE 200ML,0,2.5,3.0,78.55,51.06,0.0,0.0,0.0,0.0,0,static
2024-10-19,841,31330,ABRILAR XAROPE 200ML,0,2.5,3.0,78.55,51.06,0.0,0.0,0.0,0.0,0,static
2024-10-20,841,31330,ABRILAR XAROPE 200ML,0,2.5,3.0,78.55,51.06,0.0,0.0,0.0,0.0,0,static
2024-10-21,841,31330,ABRILAR XAROPE 200ML,0,2.5,3.0,78.55,51.06,0.0,0.0,0.0,0.0,0,static
2024-10-22,841,31330,ABRILAR XAROPE 200ML,0,2.5,3.0,78.55,51.06,0.0,0.0,0.0,0.0,0,static
2024-10-23,841,31330,ABRILAR XAROPE 200ML,0,2.5,3.0,78.55,51.06,0.0,0.0,0.0,0.0,0,static
2024-10-24,841,31330,ABRILAR XAROPE 200ML,0,2.5,3.0,78.55,51.06,0.0,0.0,0.0,0.0,0,static
2024-10-25,841,31330,ABRILAR XAROPE 200ML,0,2.5,3.0,78.55,51.06,0.0,0.0,0.0,0.0,0,static
2024-10-26,841,31330,ABRILAR XAROPE 200ML,0,2.5,3.0,78.55,51.06,0.0,0.0,0.0,0.0,0,static
2024-10-27,841,31330,ABRILAR XAROPE 200ML,0,2.5,3.0,78.55,51.06,0.0,0.0,0.0,0.0,0,static
2024-10-28,841,31330,ABRILAR XAROPE 200ML,0,2.5,3.0,78.55,51.06,0.0,0.0,0.0,0.0,0,static
2024-10-29,841,31330,ABRILAR XAROPE 200ML,0,2.5,3.0,78.55,51.06,0.0,0.0,0.0,0.0,0,static
2024-10-30,841,31330,ABRILAR XAROPE 200ML,0,2.5,3.0,78.55,51.06,0.0,0.0,0.0,0.0,0,static
2024-10-31,841,31330,ABRILAR XAROPE 200ML,0,2.5,3.0,78.55,51.06,0.0,0.0,0.0,0.0,0,static
2024-11-01,841,31330,ABRILAR XAROPE 200ML,0,2.5,3.0,78.55,51.06,0.0,0.0,0.0,0.0,0,static
2024-11-02,841,31330,ABRILAR XAROPE 200ML,0,2.5,3.0,78.55,51.06,0.0,0.0,0.0,0.0,0,static
2024-11-03,841,31330,ABRILAR XAROPE 200ML,0,2.5,3.0,78.55,51.06,0.0,0.0,0.0,0.0,0,static
2024-11-04,841,31330,ABRILAR XAROPE 200ML,0,2.5,3.0,78.55,51.06,0.0,0.0,0.0,0.0,0,static
2024-11-05,841,31330,ABRILAR XAROPE 200ML,0,2.5,3.0,78.55,51.06,0.0,0.0,0.0,0.0,0,static
2024-11-06,841,31330,ABRILAR XAROPE 200ML,0,2.5,3.0,78.55,51.06,0.0,0.0,0.0,0.0,0,static
2024-11-07,841,31330,ABRILAR XAROPE 200ML,0,2.5,3.0,78.55,51.06,0.0,0.0,0.0,0.0,0,static
2024-11-08,841,31330,ABRILAR XAROPE 200ML,0,2.5,3.0,78.55,51.06,0.0,0.0,0.0,0.0,0,static
2024-11-09,841,31330,ABRILAR XAROPE 200ML,0,2.5,3.0,78.55,51.06,0.0,0.0,0.0,0.0,0,static
2024-11-10,841,31330,ABRILAR XAROPE 200ML,0,2.5,3.0,78.55,51.06,0.0,0.0,0.0,0.0,0,static
2024-11-11,841,31330,ABRILAR XAROPE 200ML,0,2.5,3.0,78.55,51.06,0.0,0.0,0.0,0.0,0,static
2024-11-12,841,31330,ABRILAR XAROPE 200ML,0,2.5,3.0,78.55,51.06,0.0,0.0,0.0,0.0,0,static
2024-11-13,841,31330,ABRILAR XAROPE 200ML,0,2.5,3.0,78.55,51.06,0.0,0.0,0.0,0.0,0,static
2024-11-14,841,31330,ABRILAR XAROPE 200ML,0,2.5,3.0,78.55,51.06,0.0,0.0,0.0,0.0,0,static
2024-11-15,841,31330,ABRILAR XAROPE 200ML,0,2.5,3.0,78.55,51.06,0.0,0.0,0.0,0.0,0,static
2024-11-16,841,31330,ABRILAR XAROPE 200ML,0,2.5,3.0,78.55,51.06,0.0,0.0,0.0,0.0,0,static
2024-11-17,841,31330,ABRILAR XAROPE 200ML,0,2.5,3.0,78.55,51.06,0.0,0.0,0.0,0.0,0,static
2024-11-18,841,31330,ABRILAR XAROPE 200ML,0,2.5,3.0,78.55,51.06,0.0,0.0,0.0,0.0,0,static
2024-11-19,841,31330,ABRILAR XAROPE 200ML,0,2.5,3.0,78.55,51.06,0.0,0.0,0.0,0.0,0,static
2024-11-20,841,31330,ABRILAR XAROPE 200ML,0,2.5,3.0,78.55,51.06,0.0,0.0,0.0,0.0,0,static
2024-11-21,841,31330,ABRILAR XAROPE 200ML,0,2.5,3.0,78.55,51.06,0.0,0.0,0.0,0.0,0,static
2024-11-22,841,31330,ABRILAR XAROPE 200ML,0,2.5,3.0,78.55,51.06,0.0,0.0,0.0,0.0,0,static
2024-11-23,841,31330,ABRILAR XAROPE 200ML,0,2.5,3.0,78.55,51.06,0.0,0.0,0.0,0.0,0,static
2024-11-24,841,31330,ABRILAR XAROPE 200ML,0,2.5,3.0,78.55,51.06,0.0,0.0,0.0,0.0,0,static
2024-11-25,841,31330,ABRILAR XAROPE 200ML,0,2.5,3.0,78.55,51.06,0.0,0.0,0.0,0.0,0,static
2024-11-26,841,31330,ABRILAR XAROPE 200ML,0,2.5,3.0,78.55,51.06,0.0,0.0,0.0,0.0,0,static
2024-11-27,841,31330,ABRILAR XAROPE 200ML,0,2.5,3.0,78.55,51.06,0.0,0.0,0.0,0.0,0,static
2024-11-28,841,31330,ABRILAR XAROPE 200ML,0,2.5,3.0,78.55,51.06,0.0,0.0,0.0,0.0,0,static
2024-11-29,841,31330,ABRILAR XAROPE 200ML,0,2.5,3.0,78.55,51.06,0.0,0.0,0.0,0.0,0,static
2024-11-30,841,31330,ABRILAR XAROPE 200ML,0,2.5,3.0,78.55,51.06,0.0,0.0,0.0,0.0,0,static
2024-12-01,841,31330,ABRILAR XAROPE 200ML,0,2.5,3.0,78.55,51.06,0.0,0.0,0.0,0.0,0,static
2024-12-02,841,31330,ABRILAR XAROPE 200ML,0,2.5,3.0,78.55,51.06,0.0,0.0,0.0,0.0,0,static
2024-12-03,841,31330,ABRILAR XAROPE 200ML,0,2.5,3.0,78.55,51.06,0.0,0.0,0.0,0.0,0,static
2024-12-04,841,31330,ABRILAR XAROPE 200ML,0,2.5,3.0,78.55,51.06,0.0,0.0,0.0,0.0,0,static
2024-12-05,841,31330,ABRILAR XAROPE 200ML,0,2.5,3.0,78.55,51.06,0.0,0.0,0.0,0.0,0,static
2024-12-06,841,31330,ABRILAR XAROPE 200ML,0,2.5,3.0,78.55,51.06,0.0,0.0,0.0,0.0,0,static
2024-12-07,841,31330,ABRILAR XAROPE 200ML,0,2.5,3.0,78.55,51.06,0.0,0.0,0.0,0.0,0,static
2024-12-08,841,31330,ABRILAR XAROPE 200ML,0,2.5,3.0,78.55,51.06,0.0,0.0,0.0,0.0,0,static
2024-12-09,841,31330,ABRILAR XAROPE 200ML,0,2.5,3.0,78.55,51.06,0.0,0.0,0.0,0.0,0,static
2024-12-10,841,31330,ABRILAR XAROPE 200ML,0,2.5,3.0,78.55,51.06,0.0,0.0,0.0,0.0,0,static
2024-12-11,841,31330,ABRILAR XAROPE 200ML,0,2.5,3.0,78.55,51.06,0.0,0.0,0.0,0.0,0,static
2024-12-12,841,31330,ABRILAR XAROPE 200ML,0,2.5,3.0,78.55,51.06,0.0,0.0,0.0,0.0,0,static
2024-12-13,841,31330,ABRILAR XAROPE 200ML,0,2.5,3.0,78.55,51.06,0.0,0.0,0.0,0.0,0,static
2024-12-14,841,31330,ABRILAR XAROPE 200ML,0,2.5,3.0,78.55,51.06,0.0,0.0,0.0,0.0,0,static
2024-12-15,841,31330,ABRILAR XAROPE 200ML,0,2.5,3.0,78.55,51.06,0.0,0.0,0.0,0.0,0,static
2024-12-16,841,31330,ABRILAR XAROPE 200ML,0,2.5,3.0,78.55,51.06,0.0,0.0,0.0,0.0,0,static
2024-12-17,841,31330,ABRILAR XAROPE 200ML,0,2.5,3.0,78.55,51.06,0.0,0.0,0.0,0.0,0,static
2024-12-18,841,31330,ABRILAR XAROPE 200ML,0,2.5,3.0,78.55,51.06,0.0,0.0,0.0,0.0,0,static
2024-12-19,841,31330,ABRILAR XAROPE 200ML,0,2.5,3.0,78.55,51.06,0.0,0.0,0.0,0.0,0,static
2024-12-20,841,31330,ABRILAR XAROPE 200ML,0,2.5,3.0,78.55,51.06,0.0,0.0,0.0,0.0,0,static
2024-12-21,841,31330,ABRILAR XAROPE 200ML,0,2.5,3.0,78.55,51.06,0.0,0.0,0.0,0.0,0,static
2024-12-22,841,31330,ABRILAR XAROPE 200ML,0,2.5,3.0,78.55,51.06,0.0,0.0,0.0,0.0,0,static
2024-12-23,841,31330,ABRILAR XAROPE 200ML,0,2.5,3.0,78.55,51.06,0.0,0.0,0.0,0.0,0,static
2024-12-24,841,31330,ABRILAR XAROPE 200ML,0,2.5,3.0,78.55,51.06,0.0,0.0,0.0,0.0,0,static
2024-12-25,841,31330,ABRILAR XAROPE 200ML,0,2.5,3.0,78.55,51.06,0.0,0.0,0.0,0.0,0,static
2024-12-26,841,31330,ABRILAR XAROPE 200ML,0,2.5,3.0,78.55,51.06,0.0,0.0,0.0,0.0,0,static
2024-12-27,841,31330,ABRILAR XAROPE 200ML,0,2.5,3.0,78.55,51.06,0.0,0.0,0.0,0.0,0,static
2024-12-28,841,31330,ABRILAR XAROPE 200ML,0,2.5,3.0,78.55,51.06,0.0,0.0,0.0,0.0,0,static
2024-12-29,841,31330,ABRILAR XAROPE 200ML,0,2.5,3.0,78.55,51.06,0.0,0.0,0.0,0.0,0,static
2024-12-30,841,31330,ABRILAR XAROPE 200ML,0,2.5,3.0,78.55,51.06,0.0,0.0,0.0,0.0,0,static
2024-12-31,841,31330,ABRILAR XAROPE 200ML,0,2.5,3.0,78.55,51.06,0.0,0.0,0.0,0.0,0,static
2024-10-01,841,35416,EXPECTAMIN XAROPE 120ML,0,2.5,3.0,24.19,11.26,0.0561,0.1873,0.0,0.0,0,static
2024-10-02,841,35416,EXPECTAMIN XAROPE 120ML,0,2.5,3.0,24.19,11.26,0.0561,0.1873,0.0,0.0,0,static
2024-10-03,841,35416,EXPECTAMIN XAROPE 120ML,0,2.5,3.0,24.19,11.26,0.1436,0.1873,0.0,0.0,0,static
2024-10-04,841,35416,EXPECTAMIN XAROPE 120ML,0,2.5,3.0,24.19,11.26,0.0561,0.1873,0.0,0.0,0,static
2024-10-05,841,35416,EXPECTAMIN XAROPE 120ML,0,2.5,3.0,24.19,11.26,0.0561,0.1873,0.0,0.0,0,static
2024-10-06,841,35416,EXPECTAMIN XAROPE 120ML,0,2.5,3.0,24.19,11.26,0.0561,0.1873,0.0,0.0,0,static
2024-10-07,841,35416,EXPECTAMIN XAROPE 120ML,0,2.5,3.0,24.19,11.26,0.0561,0.1873,0.0,0.0,0,static
2024-10-08,841,35416,EXPECTAMIN XAROPE 120ML,0,2.5,3.0,24.19,11.26,0.0561,0.1873,0.0,0.0,0,static
2024-10-09,841,35416,EXPECTAMIN XAROPE 120ML,0,2.5,3.0,24.19,11.26,0.0561,0.1873,0.0,0.0,0,static
2024-10-10,841,35416,EXPECTAMIN XAROPE 120ML,0,2.5,3.0,24.19,11.26,0.1436,0.1873,0.0,0.0,0,static
2024-10-11,841,35416,EXPECTAMIN XAROPE 120ML,0,2.5,3.0,24.19,11.26,0.0561,0.1873,0.0,0.0,0,static
2024-10-12,841,35416,EXPECTAMIN XAROPE 120ML,0,2.5,3.0,24.19,11.26,0.0561,0.1873,0.0,0.0,0,static
2024-10-13,841,35416,EXPECTAMIN XAROPE 120ML,0,2.5,3.0,24.19,11.26,0.0161,0.1873,0.0,0.0,0,static
2024-10-14,841,35416,EXPECTAMIN XAROPE 120ML,0,2.5,3.0,24.19,11.26,0.0161,0.1873,0.0,0.0,0,static
2024-10-15,841,35416,EXPECTAMIN XAROPE 120ML,0,2.5,3.0,24.19,11.26,0.0161,0.1873,0.0,0.0,0,static
2024-10-16,841,35416,EXPECTAMIN XAROPE 120ML,0,2.5,3.0,24.19,11.26,0.0161,0.1873,0.0,0.0,0,static
2024-10-17,841,35416,EXPECTAMIN XAROPE 120ML,0,2.5,3.0,24.19,11.26,0.1036,0.1873,0.0,0.0,0,static
2024-10-18,841,35416,EXPECTAMIN XAROPE 120ML,0,2.5,3.0,24.19,11.26,0.0161,0.1873,0.0,0.0,0,static
2024-10-19,841,35416,EXPECTAMIN XAROPE 120ML,0,2.5,3.0,24.19,11.26,0.0161,0.1873,0.0,0.0,0,static
2024-10-20,841,35416,EXPECTAMIN XAROPE 120ML,0,2.5,3.0,24.19,11.26,0.0161,0.1873,0.0,0.0,0,static
2024-10-21,841,35416,EXPECTAMIN XAROPE 120ML,0,2.5,3.0,24.19,11.26,0.0161,0.1873,0.0,0.0,0,static
2024-10-22,841,35416,EXPECTAMIN XAROPE 120ML,0,2.5,3.0,24.19,11.26,0.0161,0.1873,0.0,0.0,0,static
2024-10-23,841,35416,EXPECTAMIN XAROPE 120ML,0,2.5,3.0,24.19,11.26,0.0161,0.1873,0.0,0.0,0,static
2024-10-24,841,35416,EXPECTAMIN XAROPE 120ML,0,2.5,3.0,24.19,11.26,0.1036,0.1873,0.0,0.0,0,static
2024-10-25,841,35416,EXPECTAMIN XAROPE 120ML,0,2.5,3.0,24.19,11.26,0.0161,0.1873,0.0,0.0,0,static
2024-10-26,841,35416,EXPECTAMIN XAROPE 120ML,0,2.5,3.0,24.19,11.26,0.0161,0.1873,0.0,0.0,0,static
2024-10-27,841,35416,EXPECTAMIN XAROPE 120ML,0,2.5,3.0,24.19,11.26,0.0161,0.1873,0.0,0.0,0,static
2024-10-28,841,35416,EXPECTAMIN XAROPE 120ML,0,2.5,3.0,24.19,11.26,0.0161,0.1873,0.0,0.0,0,static
2024-10-29,841,35416,EXPECTAMIN XAROPE 120ML,0,2.5,3.0,24.19,11.26,0.0161,0.1873,0.0,0.0,0,static
2024-10-30,841,35416,EXPECTAMIN XAROPE 120ML,0,2.5,3.0,24.19,11.26,0.0161,0.1873,0.0,0.0,0,static
2024-10-31,841,35416,EXPECTAMIN XAROPE 120ML,0,2.5,3.0,24.19,11.26,0.1036,0.1873,0.0,0.0,0,static
2024-11-01,841,35416,EXPECTAMIN XAROPE 120ML,0,2.5,3.0,24.19,11.26,0.0161,0.1873,0.0,0.0,0,static
2024-11-02,841,35416,EXPECTAMIN XAROPE 120ML,0,2.5,3.0,24.19,11.26,0.0161,0.1873,0.0,0.0,0,static
2024-11-03,841,35416,EXPECTAMIN XAROPE 120ML,0,2.5,3.0,24.19,11.26,0.0161,0.1873,0.0,0.0,0,static
2024-11-04,841,35416,EXPECTAMIN XAROPE 120ML,0,2.5,3.0,24.19,11.26,0.0161,0.1873,0.0,0.0,0,static
2024-11-05,841,35416,EXPECTAMIN XAROPE 120ML,0,2.5,3.0,24.19,11.26,0.0161,0.1873,0.0,0.0,0,static
2024-11-06,841,35416,EXPECTAMIN XAROPE 120ML,0,2.5,3.0,24.19,11.26,0.0161,0.1873,0.0,0.0,0,static
2024-11-07,841,35416,EXPECTAMIN XAROPE 120ML,0,2.5,3.0,24.19,11.26,0.1036,0.1873,0.0,0.0,0,static
2024-11-08,841,35416,EXPECTAMIN XAROPE 120ML,0,2.5,3.0,24.19,11.26,0.0161,0.1873,0.0,0.0,0,static
2024-11-09,841,35416,EXPECTAMIN XAROPE 120ML,0,2.5,3.0,24.19,11.26,0.0161,0.1873,0.0,0.0,0,static
2024-11-10,841,35416,EXPECTAMIN XAROPE 120ML,0,2.5,3.0,24.19,11.26,0.0161,0.1873,0.0,0.0,0,static
2024-11-11,841,35416,EXPECTAMIN XAROPE 120ML,0,2.5,3.0,24.19,11.26,0.0161,0.1873,0.0,0.0,0,static
2024-11-12,841,35416,EXPECTAMIN XAROPE 120ML,0,2.5,3.0,24.19,11.26,0.0161,0.1873,0.0,0.0,0,static
2024-11-13,841,35416,EXPECTAMIN XAROPE 120ML,0,2.5,3.0,24.19,11.26,0.0161,0.1873,0.0,0.0,0,static
2024-11-14,841,35416,EXPECTAMIN XAROPE 120ML,0,2.5,3.0,24.19,11.26,0.1036,0.1873,0.0,0.0,0,static
2024-11-15,841,35416,EXPECTAMIN XAROPE 120ML,0,2.5,3.0,24.19,11.26,0.0161,0.1873,0.0,0.0,0,static
2024-11-16,841,35416,EXPECTAMIN XAROPE 120ML,0,2.5,3.0,24.19,11.26,0.0161,0.1873,0.0,0.0,0,static
2024-11-17,841,35416,EXPECTAMIN XAROPE 120ML,0,2.5,3.0,24.19,11.26,0.0161,0.1873,0.0,0.0,0,static
2024-11-18,841,35416,EXPECTAMIN XAROPE 120ML,0,2.5,3.0,24.19,11.26,0.0161,0.1873,0.0,0.0,0,static
2024-11-19,841,35416,EXPECTAMIN XAROPE 120ML,0,2.5,3.0,24.19,11.26,0.0161,0.1873,0.0,0.0,0,static
2024-11-20,841,35416,EXPECTAMIN XAROPE 120ML,0,2.5,3.0,24.19,11.26,0.0161,0.1873,0.0,0.0,0,static
2024-11-21,841,35416,EXPECTAMIN XAROPE 120ML,0,2.5,3.0,24.19,11.26,0.1036,0.1873,0.0,0.0,0,static
2024-11-22,841,35416,EXPECTAMIN XAROPE 120ML,0,2.5,3.0,24.19,11.26,0.0161,0.1873,0.0,0.0,0,static
2024-11-23,841,35416,EXPECTAMIN XAROPE 120ML,0,2.5,3.0,24.19,11.26,0.0161,0.1873,0.0,0.0,0,static
2024-11-24,841,35416,EXPECTAMIN XAROPE 120ML,0,2.5,3.0,24.19,11.26,0.0161,0.1873,0.0,0.0,0,static
2024-11-25,841,35416,EXPECTAMIN XAROPE 120ML,0,2.5,3.0,24.19,11.26,0.0161,0.1873,0.0,0.0,0,static
2024-11-26,841,35416,EXPECTAMIN XAROPE 120ML,0,2.5,3.0,24.19,11.26,0.0161,0.1873,0.0,0.0,0,static
2024-11-27,841,35416,EXPECTAMIN XAROPE 120ML,0,2.5,3.0,24.19,11.26,0.0161,0.1873,0.0,0.0,0,static
2024-11-28,841,35416,EXPECTAMIN XAROPE 120ML,0,2.5,3.0,24.19,11.26,0.1169,0.1873,0.0,0.0,0,static
2024-11-29,841,35416,EXPECTAMIN XAROPE 120ML,0,2.5,3.0,24.19,11.26,0.0294,0.1873,0.0,0.0,0,static
2024-11-30,841,35416,EXPECTAMIN XAROPE 120ML,0,2.5,3.0,24.19,11.26,0.0294,0.1873,0.0,0.0,0,static
2024-12-01,841,35416,EXPECTAMIN XAROPE 120ML,0,2.5,3.0,24.19,11.26,0.0294,0.1873,0.0,0.0,0,static
2024-12-02,841,35416,EXPECTAMIN XAROPE 120ML,0,2.5,3.0,24.19,11.26,0.0294,0.1873,0.0,0.0,0,static
2024-12-03,841,35416,EXPECTAMIN XAROPE 120ML,0,2.5,3.0,24.19,11.26,0.0294,0.1873,0.0,0.0,0,static
2024-12-04,841,35416,EXPECTAMIN XAROPE 120ML,0,2.5,3.0,24.19,11.26,0.0294,0.1873,0.0,0.0,0,static
2024-12-05,841,35416,EXPECTAMIN XAROPE 120ML,0,2.5,3.0,24.19,11.26,0.1169,0.1873,0.0,0.0,0,static
2024-12-06,841,35416,EXPECTAMIN XAROPE 120ML,0,2.5,3.0,24.19,11.26,0.0294,0.1873,0.0,0.0,0,static
2024-12-07,841,35416,EXPECTAMIN XAROPE 120ML,0,2.5,3.0,24.19,11.26,0.0294,0.1873,0.0,0.0,0,static
2024-12-08,841,35416,EXPECTAMIN XAROPE 120ML,0,2.5,3.0,24.19,11.26,0.0294,0.1873,0.0,0.0,0,static
2024-12-09,841,35416,EXPECTAMIN XAROPE 120ML,0,2.5,3.0,24.19,11.26,0.0294,0.1873,0.0,0.0,0,static
2024-12-10,841,35416,EXPECTAMIN XAROPE 120ML,0,2.5,3.0,24.19,11.26,0.0294,0.1873,0.0,0.0,0,static
2024-12-11,841,35416,EXPECTAMIN XAROPE 120ML,0,2.5,3.0,24.19,11.26,0.0294,0.1873,0.0,0.0,0,static
2024-12-12,841,35416,EXPECTAMIN XAROPE 120ML,0,2.5,3.0,24.19,11.26,0.1169,0.1873,0.0,0.0,0,static
2024-12-13,841,35416,EXPECTAMIN XAROPE 120ML,0,2.5,3.0,24.19,11.26,0.0161,0.1873,0.0,0.0,0,static
2024-12-14,841,35416,EXPECTAMIN XAROPE 120ML,0,2.5,3.0,24.19,11.26,0.0161,0.1873,0.0,0.0,0,static
2024-12-15,841,35416,EXPECTAMIN XAROPE 120ML,0,2.5,3.0,24.19,11.26,0.0161,0.1873,0.0,0.0,0,static
2024-12-16,841,35416,EXPECTAMIN XAROPE 120ML,0,2.5,3.0,24.19,11.26,0.0161,0.1873,0.0,0.0,0,static
2024-12-17,841,35416,EXPECTAMIN XAROPE 120ML,0,2.5,3.0,24.19,11.26,0.0161,0.1873,0.0,0.0,0,static
2024-12-18,841,35416,EXPECTAMIN XAROPE 120ML,0,2.5,3.0,24.19,11.26,0.0161,0.1873,0.0,0.0,0,static
2024-12-19,841,35416,EXPECTAMIN XAROPE 120ML,0,2.5,3.0,24.19,11.26,0.1036,0.1873,1.0,1.0,0,static
2024-12-20,841,35416,EXPECTAMIN XAROPE 120ML,0,2.5,3.0,24.19,11.26,0.0161,0.1873,0.0,0.0,1,static
2024-12-21,841,35416,EXPECTAMIN XAROPE 120ML,0,2.5,3.0,24.19,11.26,0.0161,0.1873,0.0,0.0,1,static
2024-12-22,841,35416,EXPECTAMIN XAROPE 120ML,0,2.5,3.0,24.19,11.26,0.0161,0.1873,0.0,0.0,0,static
2024-12-23,841,35416,EXPECTAMIN XAROPE 120ML,0,2.5,3.0,24.19,11.26,0.0161,0.1873,0.0,0.0,1,static
2024-12-24,841,35416,EXPECTAMIN XAROPE 120ML,0,2.5,3.0,24.19,11.26,0.0161,0.1873,0.0,0.0,1,static
2024-12-25,841,35416,EXPECTAMIN XAROPE 120ML,0,2.5,3.0,24.19,11.26,0.0161,0.1873,0.0,0.0,1,static
2024-12-26,841,35416,EXPECTAMIN XAROPE 120ML,0,2.5,3.0,24.19,11.26,0.1036,0.1873,0.0,0.0,0,static
2024-12-27,841,35416,EXPECTAMIN XAROPE 120ML,0,2.5,3.0,24.19,11.26,0.0161,0.1873,0.0,0.0,0,static
2024-12-28,841,35416,EXPECTAMIN XAROPE 120ML,0,2.5,3.0,24.19,11.26,0.0161,0.1873,0.0,0.0,0,static
2024-12-29,841,35416,EXPECTAMIN XAROPE 120ML,0,2.5,3.0,24.19,11.26,0.0161,0.1873,0.0,0.0,0,static
2024-12-30,841,35416,EXPECTAMIN XAROPE 120ML,0,2.5,3.0,24.19,11.26,0.0161,0.1873,0.0,0.0,0,static
2024-12-31,841,35416,EXPECTAMIN XAROPE 120ML,0,2.5,3.0,24.19,11.26,0.0161,0.1873,0.0,0.0,0,static
2024-10-01,841,35772,EMSEXPECTOR XAROPE 120ML,0,2.5,3.0,23.77,12.57,0.0,0.0,0.0,0.0,0,static
2024-10-02,841,35772,EMSEXPECTOR XAROPE 120ML,0,2.5,3.0,23.77,12.57,0.0,0.0,0.0,0.0,0,static
2024-10-03,841,35772,EMSEXPECTOR XAROPE 120ML,0,2.5,3.0,23.77,12.57,0.0,0.0,0.0,0.0,0,static
2024-10-04,841,35772,EMSEXPECTOR XAROPE 120ML,0,2.5,3.0,23.77,12.57,0.0,0.0,0.0,0.0,0,static
2024-10-05,841,35772,EMSEXPECTOR XAROPE 120ML,0,2.5,3.0,23.77,12.57,0.0,0.0,0.0,0.0,0,static
2024-10-06,841,35772,EMSEXPECTOR XAROPE 120ML,0,2.5,3.0,23.77,12.57,0.0,0.0,0.0,0.0,0,static
2024-10-07,841,35772,EMSEXPECTOR XAROPE 120ML,0,2.5,3.0,23.77,12.57,0.0,0.0,0.0,0.0,0,static
2024-10-08,841,35772,EMSEXPECTOR XAROPE 120ML,0,2.5,3.0,23.77,12.57,0.0,0.0,0.0,0.0,0,static
2024-10-09,841,35772,EMSEXPECTOR XAROPE 120ML,0,2.5,3.0,23.77,12.57,0.0,0.0,0.0,0.0,0,static
2024-10-10,841,35772,EMSEXPECTOR XAROPE 120ML,0,2.5,3.0,23.77,12.57,0.0,0.0,0.0,0.0,0,static
2024-10-11,841,35772,EMSEXPECTOR XAROPE 120ML,0,2.5,3.0,23.77,12.57,0.0,0.0,0.0,0.0,0,static
2024-10-12,841,35772,EMSEXPECTOR XAROPE 120ML,0,2.5,3.0,23.77,12.57,0.0,0.0,0.0,0.0,0,static
2024-10-13,841,35772,EMSEXPECTOR XAROPE 120ML,0,2.5,3.0,23.77,12.57,0.0,0.0,0.0,0.0,0,static
2024-10-14,841,35772,EMSEXPECTOR XAROPE 120ML,0,2.5,3.0,23.77,12.57,0.0,0.0,0.0,0.0,0,static
2024-10-15,841,35772,EMSEXPECTOR XAROPE 120ML,0,2.5,3.0,23.77,12.57,0.0,0.0,0.0,0.0,0,static
2024-10-16,841,35772,EMSEXPECTOR XAROPE 120ML,0,2.5,3.0,23.77,12.57,0.0,0.0,0.0,0.0,0,static
2024-10-17,841,35772,EMSEXPECTOR XAROPE 120ML,0,2.5,3.0,23.77,12.57,0.0,0.0,0.0,0.0,0,static
2024-10-18,841,35772,EMSEXPECTOR XAROPE 120ML,0,2.5,3.0,23.77,12.57,0.0,0.0,0.0,0.0,0,static
2024-10-19,841,35772,EMSEXPECTOR XAROPE 120ML,0,2.5,3.0,23.77,12.57,0.0,0.0,0.0,0.0,0,static
2024-10-20,841,35772,EMSEXPECTOR XAROPE 120ML,0,2.5,3.0,23.77,12.57,0.0,0.0,0.0,0.0,0,static
2024-10-21,841,35772,EMSEXPECTOR XAROPE 120ML,0,2.5,3.0,23.77,12.57,0.0,0.0,0.0,0.0,0,static
2024-10-22,841,35772,EMSEXPECTOR XAROPE 120ML,0,2.5,3.0,23.77,12.57,0.0,0.0,0.0,0.0,0,static
2024-10-23,841,35772,EMSEXPECTOR XAROPE 120ML,0,2.5,3.0,23.77,12.57,0.0,0.0,0.0,0.0,0,static
2024-10-24,841,35772,EMSEXPECTOR XAROPE 120ML,0,2.5,3.0,23.77,12.57,0.0,0.0,0.0,0.0,0,static
2024-10-25,841,35772,EMSEXPECTOR XAROPE 120ML,0,2.5,3.0,23.77,12.57,0.0,0.0,0.0,0.0,0,static
2024-10-26,841,35772,EMSEXPECTOR XAROPE 120ML,0,2.5,3.0,23.77,12.57,0.0,0.0,0.0,0.0,0,static
2024-10-27,841,35772,EMSEXPECTOR XAROPE 120ML,0,2.5,3.0,23.77,12.57,0.0,0.0,0.0,0.0,0,static
2024-10-28,841,35772,EMSEXPECTOR XAROPE 120ML,0,2.5,3.0,23.77,12.57,0.0,0.0,0.0,0.0,0,static
2024-10-29,841,35772,EMSEXPECTOR XAROPE 120ML,0,2.5,3.0,23.77,12.57,0.0,0.0,0.0,0.0,0,static
2024-10-30,841,35772,EMSEXPECTOR XAROPE 120ML,0,2.5,3.0,23.77,12.57,0.0,0.0,0.0,0.0,0,static
2024-10-31,841,35772,EMSEXPECTOR XAROPE 120ML,0,2.5,3.0,23.77,12.57,0.0,0.0,0.0,0.0,0,static
2024-11-01,841,35772,EMSEXPECTOR XAROPE 120ML,0,2.5,3.0,23.77,12.57,0.0,0.0,0.0,0.0,0,static
2024-11-02,841,35772,EMSEXPECTOR XAROPE 120ML,0,2.5,3.0,23.77,12.57,0.0,0.0,0.0,0.0,0,static
2024-11-03,841,35772,EMSEXPECTOR XAROPE 120ML,0,2.5,3.0,23.77,12.57,0.0,0.0,0.0,0.0,0,static
2024-11-04,841,35772,EMSEXPECTOR XAROPE 120ML,0,2.5,3.0,23.77,12.57,0.0,0.0,0.0,0.0,0,static
2024-11-05,841,35772,EMSEXPECTOR XAROPE 120ML,0,2.5,3.0,23.77,12.57,0.0,0.0,0.0,0.0,0,static
2024-11-06,841,35772,EMSEXPECTOR XAROPE 120ML,0,2.5,3.0,23.77,12.57,0.0,0.0,0.0,0.0,0,static
2024-11-07,841,35772,EMSEXPECTOR XAROPE 120ML,0,2.5,3.0,23.77,12.57,0.0,0.0,0.0,0.0,0,static
2024-11-08,841,35772,EMSEXPECTOR XAROPE 120ML,0,2.5,3.0,23.77,12.57,0.0,0.0,0.0,0.0,0,static
2024-11-09,841,35772,EMSEXPECTOR XAROPE 120ML,0,2.5,3.0,23.77,12.57,0.0,0.0,0.0,0.0,0,static
2024-11-10,841,35772,EMSEXPECTOR XAROPE 120ML,0,2.5,3.0,23.77,12.57,0.0,0.0,0.0,0.0,0,static
2024-11-11,841,35772,EMSEXPECTOR XAROPE 120ML,0,2.5,3.0,23.77,12.57,0.0,0.0,0.0,0.0,0,static
2024-11-12,841,35772,EMSEXPECTOR XAROPE 120ML,0,2.5,3.0,23.77,12.57,0.0,0.0,0.0,0.0,0,static
2024-11-13,841,35772,EMSEXPECTOR XAROPE 120ML,0,2.5,3.0,23.77,12.57,0.0,0.0,0.0,0.0,0,static
2024-11-14,841,35772,EMSEXPECTOR XAROPE 120ML,0,2.5,3.0,23.77,12.57,0.0,0.0,0.0,0.0,0,static
2024-11-15,841,35772,EMSEXPECTOR XAROPE 120ML,0,2.5,3.0,23.77,12.57,0.0,0.0,0.0,0.0,0,static
2024-11-16,841,35772,EMSEXPECTOR XAROPE 120ML,0,2.5,3.0,23.77,12.57,0.0,0.0,0.0,0.0,0,static
2024-11-17,841,35772,EMSEXPECTOR XAROPE 120ML,0,2.5,3.0,23.77,12.57,0.0,0.0,0.0,0.0,0,static
2024-11-18,841,35772,EMSEXPECTOR XAROPE 120ML,0,2.5,3.0,23.77,12.57,0.0,0.0,0.0,0.0,0,static
2024-11-19,841,35772,EMSEXPECTOR XAROPE 120ML,0,2.5,3.0,23.77,12.57,0.0,0.0,1.0,1.0,0,static
2024-11-20,841,35772,EMSEXPECTOR XAROPE 120ML,0,2.5,3.0,23.77,12.57,0.0,0.0,0.0,0.0,0,static
2024-11-21,841,35772,EMSEXPECTOR XAROPE 120ML,0,2.5,3.0,23.77,12.57,0.0,0.0,1.0,1.0,0,static
2024-11-22,841,35772,EMSEXPECTOR XAROPE 120ML,0,2.5,3.0,23.77,12.57,0.0,0.0,0.0,0.0,1,static
2024-11-23,841,35772,EMSEXPECTOR XAROPE 120ML,0,2.5,3.0,23.77,12.57,0.0,0.0,0.0,0.0,1,static
2024-11-24,841,35772,EMSEXPECTOR XAROPE 120ML,0,2.5,3.0,23.77,12.57,0.0,0.0,0.0,0.0,0,static
2024-11-25,841,35772,EMSEXPECTOR XAROPE 120ML,0,2.5,3.0,23.77,12.57,0.0,0.0,0.0,0.0,1,static
2024-11-26,841,35772,EMSEXPECTOR XAROPE 120ML,0,2.5,3.0,23.77,12.57,0.0,0.0,0.0,0.0,1,static
2024-11-27,841,35772,EMSEXPECTOR XAROPE 120ML,0,2.5,3.0,23.77,12.57,0.0,0.0,0.0,0.0,1,static
2024-11-28,841,35772,EMSEXPECTOR XAROPE 120ML,0,2.5,3.0,23.77,12.57,0.0,0.0,0.0,0.0,0,static
2024-11-29,841,35772,EMSEXPECTOR XAROPE 120ML,0,2.5,3.0,23.77,12.57,0.0,0.0,0.0,0.0,0,static
2024-11-30,841,35772,EMSEXPECTOR XAROPE 120ML,0,2.5,3.0,23.77,12.57,0.0,0.0,0.0,0.0,0,static
2024-12-01,841,35772,EMSEXPECTOR XAROPE 120ML,0,2.5,3.0,23.77,12.57,0.0,0.0,0.0,0.0,0,static
2024-12-02,841,35772,EMSEXPECTOR XAROPE 120ML,0,2.5,3.0,23.77,12.57,0.0,0.0,0.0,0.0,0,static
2024-12-03,841,35772,EMSEXPECTOR XAROPE 120ML,0,2.5,3.0,23.77,12.57,0.0,0.0,0.0,0.0,0,static
2024-12-04,841,35772,EMSEXPECTOR XAROPE 120ML,0,2.5,3.0,23.77,12.57,0.0,0.0,0.0,0.0,0,static
2024-12-05,841,35772,EMSEXPECTOR XAROPE 120ML,0,2.5,3.0,23.77,12.57,0.0,0.0,0.0,0.0,0,static
2024-12-06,841,35772,EMSEXPECTOR XAROPE 120ML,0,2.5,3.0,23.77,12.57,0.0133,0.0,0.0,0.0,0,static
2024-12-07,841,35772,EMSEXPECTOR XAROPE 120ML,0,2.5,3.0,23.77,12.57,0.0133,0.0,0.0,0.0,0,static
2024-12-08,841,35772,EMSEXPECTOR XAROPE 120ML,0,2.5,3.0,23.77,12.57,0.0133,0.0,0.0,0.0,0,static
2024-12-09,841,35772,EMSEXPECTOR XAROPE 120ML,0,2.5,3.0,23.77,12.57,0.0133,0.0,0.0,0.0,0,static
2024-12-10,841,35772,EMSEXPECTOR XAROPE 120ML,0,2.5,3.0,23.77,12.57,0.0267,0.0,0.0,0.0,0,static
2024-12-11,841,35772,EMSEXPECTOR XAROPE 120ML,0,2.5,3.0,23.77,12.57,0.0267,0.0,0.0,0.0,0,static
2024-12-12,841,35772,EMSEXPECTOR XAROPE 120ML,0,2.5,3.0,23.77,12.57,0.0267,0.0,0.0,0.0,0,static
2024-12-13,841,35772,EMSEXPECTOR XAROPE 120ML,0,2.5,3.0,23.77,12.57,0.0267,0.0,0.0,0.0,0,static
2024-12-14,841,35772,EMSEXPECTOR XAROPE 120ML,0,2.5,3.0,23.77,12.57,0.0267,0.0,0.0,0.0,0,static
2024-12-15,841,35772,EMSEXPECTOR XAROPE 120ML,0,2.5,3.0,23.77,12.57,0.0267,0.0,0.0,0.0,0,static
2024-12-16,841,35772,EMSEXPECTOR XAROPE 120ML,0,2.5,3.0,23.77,12.57,0.0267,0.0,0.0,0.0,0,static
2024-12-17,841,35772,EMSEXPECTOR XAROPE 120ML,0,2.5,3.0,23.77,12.57,0.0267,0.0,0.0,0.0,0,static
2024-12-18,841,35772,EMSEXPECTOR XAROPE 120ML,0,2.5,3.0,23.77,12.57,0.0267,0.0,0.0,0.0,0,static
2024-12-19,841,35772,EMSEXPECTOR XAROPE 120ML,0,2.5,3.0,23.77,12.57,0.0267,0.0,0.0,0.0,0,static
2024-12-20,841,35772,EMSEXPECTOR XAROPE 120ML,0,2.5,3.0,23.77,12.57,0.0267,0.0,0.0,0.0,0,static
2024-12-21,841,35772,EMSEXPECTOR XAROPE 120ML,0,2.5,3.0,23.77,12.57,0.0133,0.0,0.0,0.0,0,static
2024-12-22,841,35772,EMSEXPECTOR XAROPE 120ML,0,2.5,3.0,23.77,12.57,0.0133,0.0,0.0,0.0,0,static
2024-12-23,841,35772,EMSEXPECTOR XAROPE 120ML,0,2.5,3.0,23.77,12.57,0.0133,0.0,0.0,0.0,0,static
2024-12-24,841,35772,EMSEXPECTOR XAROPE 120ML,0,2.5,3.0,23.77,12.57,0.0133,0.0,0.0,0.0,0,static
2024-12-25,841,35772,EMSEXPECTOR XAROPE 120ML,0,2.5,3.0,23.77,12.57,0.0,0.0,0.0,0.0,0,static
2024-12-26,841,35772,EMSEXPECTOR XAROPE 120ML,0,2.5,3.0,23.77,12.57,0.0,0.0,0.0,0.0,0,static
2024-12-27,841,35772,EMSEXPECTOR XAROPE 120ML,0,2.5,3.0,23.77,12.57,0.0,0.0,0.0,0.0,0,static
2024-12-28,841,35772,EMSEXPECTOR XAROPE 120ML,0,2.5,3.0,23.77,12.57,0.0133,0.0,0.0,0.0,0,static
2024-12-29,841,35772,EMSEXPECTOR XAROPE 120ML,0,2.5,3.0,23.77,12.57,0.0133,0.0,0.0,0.0,0,static
2024-12-30,841,35772,EMSEXPECTOR XAROPE 120ML,0,2.5,3.0,23.77,12.57,0.0133,0.0,0.0,0.0,0,static
2024-12-31,841,35772,EMSEXPECTOR XAROPE 120ML,0,2.5,3.0,23.77,12.57,0.0133,0.0,0.0,0.0,0,static
2024-10-01,841,36857,NARIX ADULTO 30ML,0,2.364326375711575,3.0,7.54,2.6,0.04,0.0,0.0,0.0,0,static
2024-10-02,841,36857,NARIX ADULTO 30ML,0,2.364326375711575,3.0,7.54,2.6,0.04,0.0,0.0,0.0,0,static
2024-10-03,841,36857,NARIX ADULTO 30ML,0,2.364326375711575,3.0,7.54,2.6,0.04,0.0,0.0,0.0,0,static
2024-10-04,841,36857,NARIX ADULTO 30ML,0,2.364326375711575,3.0,7.54,2.6,0.04,0.0,0.0,0.0,0,static
2024-10-05,841,36857,NARIX ADULTO 30ML,0,2.364326375711575,3.0,7.54,2.6,0.04,0.0,0.0,0.0,0,static
2024-10-06,841,36857,NARIX ADULTO 30ML,0,2.364326375711575,3.0,7.54,2.6,0.04,0.0,0.0,0.0,0,static
2024-10-07,841,36857,NARIX ADULTO 30ML,0,2.364326375711575,3.0,7.54,2.6,0.04,0.0,0.0,0.0,0,static
2024-10-08,841,36857,NARIX ADULTO 30ML,0,2.364326375711575,3.0,7.54,2.6,0.04,0.0,0.0,0.0,0,static
2024-10-09,841,36857,NARIX ADULTO 30ML,0,2.364326375711575,3.0,7.54,2.6,0.04,0.0,0.0,0.0,0,static
2024-10-10,841,36857,NARIX ADULTO 30ML,0,2.364326375711575,3.0,7.54,2.6,0.04,0.0,0.0,0.0,0,static
2024-10-11,841,36857,NARIX ADULTO 30ML,0,2.364326375711575,3.0,7.54,2.6,0.08,0.0,0.0,0.0,0,static
2024-10-12,841,36857,NARIX ADULTO 30ML,0,2.364326375711575,3.0,7.54,2.6,0.04,0.0,0.0,0.0,0,static
2024-10-13,841,36857,NARIX ADULTO 30ML,0,2.364326375711575,3.0,7.54,2.6,0.04,0.0,0.0,0.0,0,static
2024-10-14,841,36857,NARIX ADULTO 30ML,0,2.364326375711575,3.0,7.54,2.6,0.04,0.0,0.0,0.0,0,static
2024-10-15,841,36857,NARIX ADULTO 30ML,0,2.364326375711575,3.0,7.54,2.6,0.04,0.0,0.0,0.0,0,static
2024-10-16,841,36857,NARIX ADULTO 30ML,0,2.364326375711575,3.0,7.54,2.6,0.04,0.0,0.0,0.0,0,static
2024-10-17,841,36857,NARIX ADULTO 30ML,0,2.364326375711575,3.0,7.54,2.6,0.04,0.0,0.0,0.0,0,static
2024-10-18,841,36857,NARIX ADULTO 30ML,0,2.364326375711575,3.0,7.54,2.6,0.04,0.0,0.0,0.0,0,static
2024-10-19,841,36857,NARIX ADULTO 30ML,0,2.364326375711575,3.0,7.54,2.6,0.04,0.0,0.0,0.0,0,static
2024-10-20,841,36857,NARIX ADULTO 30ML,0,2.364326375711575,3.0,7.54,2.6,0.04,0.0,0.0,0.0,0,static
2024-10-21,841,36857,NARIX ADULTO 30ML,0,2.364326375711575,3.0,7.54,2.6,0.04,0.0,0.0,0.0,0,static
2024-10-22,841,36857,NARIX ADULTO 30ML,0,2.364326375711575,3.0,7.54,2.6,0.04,0.0,0.0,0.0,0,static
2024-10-23,841,36857,NARIX ADULTO 30ML,0,2.364326375711575,3.0,7.54,2.6,0.04,0.0,0.0,0.0,0,static
2024-10-24,841,36857,NARIX ADULTO 30ML,0,2.364326375711575,3.0,7.54,2.6,0.04,0.0,0.0,0.0,0,static
2024-10-25,841,36857,NARIX ADULTO 30ML,0,2.364326375711575,3.0,7.54,2.6,0.04,0.0,0.0,0.0,0,static
2024-10-26,841,36857,NARIX ADULTO 30ML,0,2.364326375711575,3.0,7.54,2.6,0.0,0.0,0.0,0.0,0,static
2024-10-27,841,36857,NARIX ADULTO 30ML,0,2.364326375711575,3.0,7.54,2.6,0.0,0.0,0.0,0.0,0,static
2024-10-28,841,36857,NARIX ADULTO 30ML,0,2.364326375711575,3.0,7.54,2.6,0.0,0.0,0.0,0.0,0,static
2024-10-29,841,36857,NARIX ADULTO 30ML,0,2.364326375711575,3.0,7.54,2.6,0.0,0.0,0.0,0.0,0,static
2024-10-30,841,36857,NARIX ADULTO 30ML,0,2.364326375711575,3.0,7.54,2.6,0.0,0.0,0.0,0.0,0,static
2024-10-31,841,36857,NARIX ADULTO 30ML,0,2.364326375711575,3.0,7.54,2.6,0.0,0.0,0.0,0.0,0,static
2024-11-01,841,36857,NARIX ADULTO 30ML,0,2.364326375711575,3.0,7.54,2.6,0.0,0.0,0.0,0.0,0,static
2024-11-02,841,36857,NARIX ADULTO 30ML,0,2.364326375711575,3.0,7.54,2.6,0.0,0.0,0.0,0.0,0,static
2024-11-03,841,36857,NARIX ADULTO 30ML,0,2.364326375711575,3.0,7.54,2.6,0.0,0.0,0.0,0.0,0,static
2024-11-04,841,36857,NARIX ADULTO 30ML,0,2.364326375711575,3.0,7.54,2.6,0.0,0.0,0.0,0.0,0,static
2024-11-05,841,36857,NARIX ADULTO 30ML,0,2.364326375711575,3.0,7.54,2.6,0.0,0.0,0.0,0.0,0,static
2024-11-06,841,36857,NARIX ADULTO 30ML,0,2.364326375711575,3.0,7.54,2.6,0.0,0.0,0.0,0.0,0,static
2024-11-07,841,36857,NARIX ADULTO 30ML,0,2.364326375711575,3.0,7.54,2.6,0.0,0.0,0.0,0.0,0,static
2024-11-08,841,36857,NARIX ADULTO 30ML,0,2.364326375711575,3.0,7.54,2.6,0.0,0.0,0.0,0.0,0,static
2024-11-09,841,36857,NARIX ADULTO 30ML,0,2.364326375711575,3.0,7.54,2.6,0.0,0.0,0.0,0.0,0,static
2024-11-10,841,36857,NARIX ADULTO 30ML,0,2.364326375711575,3.0,7.54,2.6,0.0133,0.0,0.0,0.0,0,static
2024-11-11,841,36857,NARIX ADULTO 30ML,0,2.364326375711575,3.0,7.54,2.6,0.0133,0.0,1.0,1.0,0,static
2024-11-12,841,36857,NARIX ADULTO 30ML,0,2.364326375711575,3.0,7.54,2.6,0.0133,0.0,0.0,0.0,0,static
2024-11-13,841,36857,NARIX ADULTO 30ML,0,2.364326375711575,3.0,7.54,2.6,0.0133,0.0,0.0,0.0,0,static
2024-11-14,841,36857,NARIX ADULTO 30ML,0,2.364326375711575,3.0,7.54,2.6,0.0133,0.0,0.0,0.0,0,static
2024-11-15,841,36857,NARIX ADULTO 30ML,0,2.364326375711575,3.0,7.54,2.6,0.0133,0.0,0.0,0.0,0,static
2024-11-16,841,36857,NARIX ADULTO 30ML,0,2.364326375711575,3.0,7.54,2.6,0.0133,0.0,0.0,0.0,0,static
2024-11-17,841,36857,NARIX ADULTO 30ML,1,2.364326375711575,3.0,7.54,2.6,0.0315,0.0,0.0,0.0,0,static
2024-11-18,841,36857,NARIX ADULTO 30ML,1,2.364326375711575,3.0,7.54,2.6,0.0315,0.0,0.0,0.0,0,static
2024-11-19,841,36857,NARIX ADULTO 30ML,1,2.364326375711575,3.0,7.54,2.6,0.0315,0.0,0.0,0.0,0,static
2024-11-20,841,36857,NARIX ADULTO 30ML,1,2.364326375711575,3.0,7.54,2.6,0.0315,0.0,0.0,0.0,0,static
2024-11-21,841,36857,NARIX ADULTO 30ML,1,2.364326375711575,3.0,7.54,2.6,0.0315,0.0,2.0,2.0,0,static
2024-11-22,841,36857,NARIX ADULTO 30ML,1,2.364326375711575,3.0,7.54,2.6,0.0315,0.0,0.0,0.0,1,static
2024-11-23,841,36857,NARIX ADULTO 30ML,0,2.364326375711575,3.0,7.54,2.6,0.0133,0.0,0.0,0.0,1,static
2024-11-24,841,36857,NARIX ADULTO 30ML,0,2.364326375711575,3.0,7.54,2.6,0.0133,0.0,0.0,0.0,0,static
2024-11-25,841,36857,NARIX ADULTO 30ML,0,2.364326375711575,3.0,7.54,2.6,0.0,0.0,0.0,0.0,0,static
2024-11-26,841,36857,NARIX ADULTO 30ML,0,2.364326375711575,3.0,7.54,2.6,0.0,0.0,0.0,0.0,0,static
2024-11-27,841,36857,NARIX ADULTO 30ML,0,2.364326375711575,3.0,7.54,2.6,0.0,0.0,0.0,0.0,0,static
2024-11-28,841,36857,NARIX ADULTO 30ML,0,2.364326375711575,3.0,7.54,2.6,0.0,0.0,2.0,2.0,0,static
2024-11-29,841,36857,NARIX ADULTO 30ML,1,2.364326375711575,3.0,7.54,2.6,0.0,0.0,0.0,0.0,1,static
2024-11-30,841,36857,NARIX ADULTO 30ML,1,2.364326375711575,3.0,7.54,2.6,0.0315,0.0,0.0,0.0,1,static
2024-12-01,841,36857,NARIX ADULTO 30ML,1,2.364326375711575,3.0,7.54,2.6,0.063,0.0,0.0,0.0,0,static
2024-12-02,841,36857,NARIX ADULTO 30ML,0,2.364326375711575,3.0,7.54,2.6,0.0267,0.0,0.0,0.0,0,static
2024-12-03,841,36857,NARIX ADULTO 30ML,0,2.364326375711575,3.0,7.54,2.6,0.0267,0.0,0.0,0.0,0,static
2024-12-04,841,36857,NARIX ADULTO 30ML,0,2.364326375711575,3.0,7.54,2.6,0.0267,0.0,0.0,0.0,0,static
2024-12-05,841,36857,NARIX ADULTO 30ML,0,2.364326375711575,3.0,7.54,2.6,0.0267,0.0,0.0,0.0,0,static
2024-12-06,841,36857,NARIX ADULTO 30ML,0,2.364326375711575,3.0,7.54,2.6,0.0267,0.0,0.0,0.0,0,static
2024-12-07,841,36857,NARIX ADULTO 30ML,0,2.364326375711575,3.0,7.54,2.6,0.0267,0.0,0.0,0.0,0,static
2024-12-08,841,36857,NARIX ADULTO 30ML,0,2.364326375711575,3.0,7.54,2.6,0.0267,0.0,1.0,1.0,0,static
2024-12-09,841,36857,NARIX ADULTO 30ML,0,2.364326375711575,3.0,7.54,2.6,0.0267,0.0,0.0,0.0,0,static
2024-12-10,841,36857,NARIX ADULTO 30ML,0,2.364326375711575,3.0,7.54,2.6,0.0267,0.0,0.0,0.0,0,static
2024-12-11,841,36857,NARIX ADULTO 30ML,0,2.364326375711575,3.0,7.54,2.6,0.0267,0.0,0.0,0.0,0,static
2024-12-12,841,36857,NARIX ADULTO 30ML,0,2.364326375711575,3.0,7.54,2.6,0.0267,0.0,0.0,0.0,0,static
2024-12-13,841,36857,NARIX ADULTO 30ML,0,2.364326375711575,3.0,7.54,2.6,0.0267,0.0,0.0,0.0,0,static
2024-12-14,841,36857,NARIX ADULTO 30ML,0,2.364326375711575,3.0,7.54,2.6,0.0267,0.0,0.0,0.0,0,static
2024-12-15,841,36857,NARIX ADULTO 30ML,0,2.364326375711575,3.0,7.54,2.6,0.0133,0.0,0.0,0.0,0,static
2024-12-16,841,36857,NARIX ADULTO 30ML,0,2.364326375711575,3.0,7.54,2.6,0.0,0.0,0.0,0.0,0,static
2024-12-17,841,36857,NARIX ADULTO 30ML,0,2.364326375711575,3.0,7.54,2.6,0.0,0.0,0.0,0.0,0,static
2024-12-18,841,36857,NARIX ADULTO 30ML,0,2.364326375711575,3.0,7.54,2.6,0.0,0.0,0.0,0.0,0,static
2024-12-19,841,36857,NARIX ADULTO 30ML,0,2.364326375711575,3.0,7.54,2.6,0.0,0.0,0.0,0.0,0,static
2024-12-20,841,36857,NARIX ADULTO 30ML,0,2.364326375711575,3.0,7.54,2.6,0.0,0.0,0.0,0.0,0,static
2024-12-21,841,36857,NARIX ADULTO 30ML,0,2.364326375711575,3.0,7.54,2.6,0.0,0.0,0.0,0.0,0,static
2024-12-22,841,36857,NARIX ADULTO 30ML,0,2.364326375711575,3.0,7.54,2.6,0.0,0.0,0.0,0.0,0,static
2024-12-23,841,36857,NARIX ADULTO 30ML,0,2.364326375711575,3.0,7.54,2.6,0.0,0.0,0.0,0.0,0,static
2024-12-24,841,36857,NARIX ADULTO 30ML,0,2.364326375711575,3.0,7.54,2.6,0.0,0.0,0.0,0.0,0,static
2024-12-25,841,36857,NARIX ADULTO 30ML,0,2.364326375711575,3.0,7.54,2.6,0.0,0.0,0.0,0.0,0,static
2024-12-26,841,36857,NARIX ADULTO 30ML,0,2.364326375711575,3.0,7.54,2.6,0.0,0.0,0.0,0.0,0,static
2024-12-27,841,36857,NARIX ADULTO 30ML,0,2.364326375711575,3.0,7.54,2.6,0.0,0.0,0.0,0.0,0,static
2024-12-28,841,36857,NARIX ADULTO 30ML,0,2.364326375711575,3.0,7.54,2.6,0.0,0.0,0.0,0.0,0,static
2024-12-29,841,36857,NARIX ADULTO 30ML,0,2.364326375711575,3.0,7.54,2.6,0.0,0.0,0.0,0.0,0,static
2024-12-30,841,36857,NARIX ADULTO 30ML,0,2.364326375711575,3.0,7.54,2.6,0.0,0.0,0.0,0.0,0,static
2024-12-31,841,36857,NARIX ADULTO 30ML,0,2.364326375711575,3.0,7.54,2.6,0.0,0.0,0.0,0.0,0,static
2024-10-01,841,42076,HEDRA EXPEC XAROPE 100ML,0,2.5,3.0,21.17,8.35,0.0,0.0,0.0,0.0,0,static
2024-10-02,841,42076,HEDRA EXPEC XAROPE 100ML,0,2.5,3.0,21.17,8.35,0.0,0.0,0.0,0.0,0,static
2024-10-03,841,42076,HEDRA EXPEC XAROPE 100ML,0,2.5,3.0,21.17,8.35,0.0,0.0,0.0,0.0,0,static
2024-10-04,841,42076,HEDRA EXPEC XAROPE 100ML,0,2.5,3.0,21.17,8.35,0.0,0.0,0.0,0.0,0,static
2024-10-05,841,42076,HEDRA EXPEC XAROPE 100ML,0,2.5,3.0,21.17,8.35,0.0,0.0,0.0,0.0,0,static
2024-10-06,841,42076,HEDRA EXPEC XAROPE 100ML,0,2.5,3.0,21.17,8.35,0.0,0.0,0.0,0.0,0,static
2024-10-07,841,42076,HEDRA EXPEC XAROPE 100ML,0,2.5,3.0,21.17,8.35,0.0,0.0,0.0,0.0,0,static
2024-10-08,841,42076,HEDRA EXPEC XAROPE 100ML,0,2.5,3.0,21.17,8.35,0.0,0.0,0.0,0.0,0,static
2024-10-09,841,42076,HEDRA EXPEC XAROPE 100ML,0,2.5,3.0,21.17,8.35,0.0,0.0,0.0,0.0,0,static
2024-10-10,841,42076,HEDRA EXPEC XAROPE 100ML,0,2.5,3.0,21.17,8.35,0.0,0.0,0.0,0.0,0,static
2024-10-11,841,42076,HEDRA EXPEC XAROPE 100ML,0,2.5,3.0,21.17,8.35,0.0,0.0,0.0,0.0,0,static
2024-10-12,841,42076,HEDRA EXPEC XAROPE 100ML,0,2.5,3.0,21.17,8.35,0.0,0.0,0.0,0.0,0,static
2024-10-13,841,42076,HEDRA EXPEC XAROPE 100ML,0,2.5,3.0,21.17,8.35,0.0,0.0,0.0,0.0,0,static
2024-10-14,841,42076,HEDRA EXPEC XAROPE 100ML,0,2.5,3.0,21.17,8.35,0.0,0.0,0.0,0.0,0,static
2024-10-15,841,42076,HEDRA EXPEC XAROPE 100ML,0,2.5,3.0,21.17,8.35,0.0,0.0,0.0,0.0,0,static
2024-10-16,841,42076,HEDRA EXPEC XAROPE 100ML,0,2.5,3.0,21.17,8.35,0.0,0.0,0.0,0.0,0,static
2024-10-17,841,42076,HEDRA EXPEC XAROPE 100ML,0,2.5,3.0,21.17,8.35,0.0,0.0,0.0,0.0,0,static
2024-10-18,841,42076,HEDRA EXPEC XAROPE 100ML,0,2.5,3.0,21.17,8.35,0.0,0.0,0.0,0.0,0,static
2024-10-19,841,42076,HEDRA EXPEC XAROPE 100ML,0,2.5,3.0,21.17,8.35,0.0,0.0,0.0,0.0,0,static
2024-10-20,841,42076,HEDRA EXPEC XAROPE 100ML,0,2.5,3.0,21.17,8.35,0.0,0.0,0.0,0.0,0,static
2024-10-21,841,42076,HEDRA EXPEC XAROPE 100ML,0,2.5,3.0,21.17,8.35,0.0,0.0,0.0,0.0,0,static
2024-10-22,841,42076,HEDRA EXPEC XAROPE 100ML,0,2.5,3.0,21.17,8.35,0.0,0.0,0.0,0.0,0,static
2024-10-23,841,42076,HEDRA EXPEC XAROPE 100ML,0,2.5,3.0,21.17,8.35,0.0,0.0,0.0,0.0,0,static
2024-10-24,841,42076,HEDRA EXPEC XAROPE 100ML,0,2.5,3.0,21.17,8.35,0.0,0.0,0.0,0.0,0,static
2024-10-25,841,42076,HEDRA EXPEC XAROPE 100ML,0,2.5,3.0,21.17,8.35,0.0,0.0,0.0,0.0,0,static
2024-10-26,841,42076,HEDRA EXPEC XAROPE 100ML,0,2.5,3.0,21.17,8.35,0.0,0.0,0.0,0.0,0,static
2024-10-27,841,42076,HEDRA EXPEC XAROPE 100ML,0,2.5,3.0,21.17,8.35,0.0,0.0,0.0,0.0,0,static
2024-10-28,841,42076,HEDRA EXPEC XAROPE 100ML,0,2.5,3.0,21.17,8.35,0.0,0.0,0.0,0.0,0,static
2024-10-29,841,42076,HEDRA EXPEC XAROPE 100ML,0,2.5,3.0,21.17,8.35,0.0,0.0,0.0,0.0,0,static
2024-10-30,841,42076,HEDRA EXPEC XAROPE 100ML,0,2.5,3.0,21.17,8.35,0.0,0.0,0.0,0.0,0,static
2024-10-31,841,42076,HEDRA EXPEC XAROPE 100ML,0,2.5,3.0,21.17,8.35,0.0,0.0,0.0,0.0,0,static
2024-11-01,841,42076,HEDRA EXPEC XAROPE 100ML,0,2.5,3.0,21.17,8.35,0.0,0.0,0.0,0.0,0,static
2024-11-02,841,42076,HEDRA EXPEC XAROPE 100ML,0,2.5,3.0,21.17,8.35,0.0,0.0,0.0,0.0,0,static
2024-11-03,841,42076,HEDRA EXPEC XAROPE 100ML,0,2.5,3.0,21.17,8.35,0.0,0.0,0.0,0.0,0,static
2024-11-04,841,42076,HEDRA EXPEC XAROPE 100ML,0,2.5,3.0,21.17,8.35,0.0,0.0,0.0,0.0,0,static
2024-11-05,841,42076,HEDRA EXPEC XAROPE 100ML,0,2.5,3.0,21.17,8.35,0.0,0.0,0.0,0.0,0,static
2024-11-06,841,42076,HEDRA EXPEC XAROPE 100ML,0,2.5,3.0,21.17,8.35,0.0,0.0,0.0,0.0,0,static
2024-11-07,841,42076,HEDRA EXPEC XAROPE 100ML,0,2.5,3.0,21.17,8.35,0.0,0.0,1.0,1.0,0,static
2024-11-08,841,42076,HEDRA EXPEC XAROPE 100ML,0,2.5,3.0,21.17,8.35,0.0,0.0,0.0,0.0,0,static
2024-11-09,841,42076,HEDRA EXPEC XAROPE 100ML,0,2.5,3.0,21.17,8.35,0.0,0.0,0.0,0.0,0,static
2024-11-10,841,42076,HEDRA EXPEC XAROPE 100ML,0,2.5,3.0,21.17,8.35,0.0,0.0,0.0,0.0,0,static
2024-11-11,841,42076,HEDRA EXPEC XAROPE 100ML,0,2.5,3.0,21.17,8.35,0.0,0.0,0.0,0.0,0,static
2024-11-12,841,42076,HEDRA EXPEC XAROPE 100ML,0,2.5,3.0,21.17,8.35,0.0,0.0,0.0,0.0,0,static
2024-11-13,841,42076,HEDRA EXPEC XAROPE 100ML,0,2.5,3.0,21.17,8.35,0.0,0.0,0.0,0.0,0,static
2024-11-14,841,42076,HEDRA EXPEC XAROPE 100ML,0,2.5,3.0,21.17,8.35,0.0,0.0,0.0,0.0,0,static
2024-11-15,841,42076,HEDRA EXPEC XAROPE 100ML,0,2.5,3.0,21.17,8.35,0.0,0.0,0.0,0.0,0,static
2024-11-16,841,42076,HEDRA EXPEC XAROPE 100ML,0,2.5,3.0,21.17,8.35,0.0,0.0,0.0,0.0,0,static
2024-11-17,841,42076,HEDRA EXPEC XAROPE 100ML,0,2.5,3.0,21.17,8.35,0.0,0.0,0.0,0.0,0,static
2024-11-18,841,42076,HEDRA EXPEC XAROPE 100ML,0,2.5,3.0,21.17,8.35,0.0,0.0,0.0,0.0,0,static
2024-11-19,841,42076,HEDRA EXPEC XAROPE 100ML,0,2.5,3.0,21.17,8.35,0.0,0.0,0.0,0.0,0,static
2024-11-20,841,42076,HEDRA EXPEC XAROPE 100ML,0,2.5,3.0,21.17,8.35,0.0,0.0,0.0,0.0,0,static
2024-11-21,841,42076,HEDRA EXPEC XAROPE 100ML,0,2.5,3.0,21.17,8.35,0.0,0.0,0.0,0.0,0,static
2024-11-22,841,42076,HEDRA EXPEC XAROPE 100ML,0,2.5,3.0,21.17,8.35,0.0,0.0,0.0,0.0,0,static
2024-11-23,841,42076,HEDRA EXPEC XAROPE 100ML,0,2.5,3.0,21.17,8.35,0.0,0.0,0.0,0.0,0,static
2024-11-24,841,42076,HEDRA EXPEC XAROPE 100ML,0,2.5,3.0,21.17,8.35,0.0,0.0,0.0,0.0,0,static
2024-11-25,841,42076,HEDRA EXPEC XAROPE 100ML,0,2.5,3.0,21.17,8.35,0.0,0.0,0.0,0.0,0,static
2024-11-26,841,42076,HEDRA EXPEC XAROPE 100ML,0,2.5,3.0,21.17,8.35,0.0,0.0,0.0,0.0,0,static
2024-11-27,841,42076,HEDRA EXPEC XAROPE 100ML,0,2.5,3.0,21.17,8.35,0.0,0.0,0.0,0.0,0,static
2024-11-28,841,42076,HEDRA EXPEC XAROPE 100ML,0,2.5,3.0,21.17,8.35,0.0,0.0,0.0,0.0,0,static
2024-11-29,841,42076,HEDRA EXPEC XAROPE 100ML,0,2.5,3.0,21.17,8.35,0.0,0.0,0.0,0.0,0,static
2024-11-30,841,42076,HEDRA EXPEC XAROPE 100ML,0,2.5,3.0,21.17,8.35,0.0,0.0,0.0,0.0,0,static
2024-12-01,841,42076,HEDRA EXPEC XAROPE 100ML,0,2.5,3.0,21.17,8.35,0.0,0.0,0.0,0.0,0,static
2024-12-02,841,42076,HEDRA EXPEC XAROPE 100ML,0,2.5,3.0,21.17,8.35,0.0,0.0,0.0,0.0,0,static
2024-12-03,841,42076,HEDRA EXPEC XAROPE 100ML,0,2.5,3.0,21.17,8.35,0.0,0.0,0.0,0.0,0,static
2024-12-04,841,42076,HEDRA EXPEC XAROPE 100ML,0,2.5,3.0,21.17,8.35,0.0,0.0,0.0,0.0,0,static
2024-12-05,841,42076,HEDRA EXPEC XAROPE 100ML,0,2.5,3.0,21.17,8.35,0.0,0.0,0.0,0.0,0,static
2024-12-06,841,42076,HEDRA EXPEC XAROPE 100ML,0,2.5,3.0,21.17,8.35,0.0,0.0,0.0,0.0,0,static
2024-12-07,841,42076,HEDRA EXPEC XAROPE 100ML,0,2.5,3.0,21.17,8.35,0.0,0.0,0.0,0.0,0,static
2024-12-08,841,42076,HEDRA EXPEC XAROPE 100ML,0,2.5,3.0,21.17,8.35,0.0,0.0,0.0,0.0,0,static
2024-12-09,841,42076,HEDRA EXPEC XAROPE 100ML,0,2.5,3.0,21.17,8.35,0.0,0.0,0.0,0.0,0,static
2024-12-10,841,42076,HEDRA EXPEC XAROPE 100ML,0,2.5,3.0,21.17,8.35,0.0,0.0,0.0,0.0,0,static
2024-12-11,841,42076,HEDRA EXPEC XAROPE 100ML,0,2.5,3.0,21.17,8.35,0.0,0.0,0.0,0.0,0,static
2024-12-12,841,42076,HEDRA EXPEC XAROPE 100ML,0,2.5,3.0,21.17,8.35,0.0,0.0,0.0,0.0,0,static
2024-12-13,841,42076,HEDRA EXPEC XAROPE 100ML,0,2.5,3.0,21.17,8.35,0.0,0.0,0.0,0.0,0,static
2024-12-14,841,42076,HEDRA EXPEC XAROPE 100ML,0,2.5,3.0,21.17,8.35,0.0,0.0,0.0,0.0,0,static
2024-12-15,841,42076,HEDRA EXPEC XAROPE 100ML,0,2.5,3.0,21.17,8.35,0.0,0.0,0.0,0.0,0,static
2024-12-16,841,42076,HEDRA EXPEC XAROPE 100ML,0,2.5,3.0,21.17,8.35,0.0,0.0,0.0,0.0,0,static
2024-12-17,841,42076,HEDRA EXPEC XAROPE 100ML,0,2.5,3.0,21.17,8.35,0.0,0.0,0.0,0.0,0,static
2024-12-18,841,42076,HEDRA EXPEC XAROPE 100ML,0,2.5,3.0,21.17,8.35,0.0,0.0,0.0,0.0,0,static
2024-12-19,841,42076,HEDRA EXPEC XAROPE 100ML,0,2.5,3.0,21.17,8.35,0.0,0.0,0.0,0.0,0,static
2024-12-20,841,42076,HEDRA EXPEC XAROPE 100ML,0,2.5,3.0,21.17,8.35,0.0,0.0,0.0,0.0,0,static
2024-12-21,841,42076,HEDRA EXPEC XAROPE 100ML,0,2.5,3.0,21.17,8.35,0.0,0.0,0.0,0.0,0,static
2024-12-22,841,42076,HEDRA EXPEC XAROPE 100ML,0,2.5,3.0,21.17,8.35,0.0,0.0,0.0,0.0,0,static
2024-12-23,841,42076,HEDRA EXPEC XAROPE 100ML,0,2.5,3.0,21.17,8.35,0.0,0.0,0.0,0.0,0,static
2024-12-24,841,42076,HEDRA EXPEC XAROPE 100ML,0,2.5,3.0,21.17,8.35,0.0,0.0,0.0,0.0,0,static
2024-12-25,841,42076,HEDRA EXPEC XAROPE 100ML,0,2.5,3.0,21.17,8.35,0.0,0.0,0.0,0.0,0,static
2024-12-26,841,42076,HEDRA EXPEC XAROPE 100ML,0,2.5,3.0,21.17,8.35,0.0,0.0,0.0,0.0,0,static
2024-12-27,841,42076,HEDRA EXPEC XAROPE 100ML,0,2.5,3.0,21.17,8.35,0.0,0.0,0.0,0.0,0,static
2024-12-28,841,42076,HEDRA EXPEC XAROPE 100ML,0,2.5,3.0,21.17,8.35,0.0,0.0,0.0,0.0,0,static
2024-12-29,841,42076,HEDRA EXPEC XAROPE 100ML,0,2.5,3.0,21.17,8.35,0.0,0.0,0.0,0.0,0,static
2024-12-30,841,42076,HEDRA EXPEC XAROPE 100ML,0,2.5,3.0,21.17,8.35,0.0,0.0,0.0,0.0,0,static
2024-12-31,841,42076,HEDRA EXPEC XAROPE 100ML,0,2.5,3.0,21.17,8.35,0.0,0.0,0.0,0.0,0,static
2024-10-01,841,44217,BROMELIN S 100ML,0,2.5,3.0,57.36,32.88,0.0,0.0,0.0,0.0,0,static
2024-10-02,841,44217,BROMELIN S 100ML,0,2.5,3.0,57.36,32.88,0.0,0.0,0.0,0.0,0,static
2024-10-03,841,44217,BROMELIN S 100ML,0,2.5,3.0,57.36,32.88,0.0,0.0,0.0,0.0,0,static
2024-10-04,841,44217,BROMELIN S 100ML,0,2.5,3.0,57.36,32.88,0.0,0.0,0.0,0.0,0,static
2024-10-05,841,44217,BROMELIN S 100ML,0,2.5,3.0,57.36,32.88,0.0,0.0,0.0,0.0,0,static
2024-10-06,841,44217,BROMELIN S 100ML,0,2.5,3.0,57.36,32.88,0.0,0.0,0.0,0.0,0,static
2024-10-07,841,44217,BROMELIN S 100ML,0,2.5,3.0,57.36,32.88,0.0,0.0,0.0,0.0,0,static
2024-10-08,841,44217,BROMELIN S 100ML,0,2.5,3.0,57.36,32.88,0.0,0.0,0.0,0.0,0,static
2024-10-09,841,44217,BROMELIN S 100ML,0,2.5,3.0,57.36,32.88,0.0,0.0,0.0,0.0,0,static
2024-10-10,841,44217,BROMELIN S 100ML,0,2.5,3.0,57.36,32.88,0.0,0.0,0.0,0.0,0,static
2024-10-11,841,44217,BROMELIN S 100ML,0,2.5,3.0,57.36,32.88,0.0,0.0,0.0,0.0,0,static
2024-10-12,841,44217,BROMELIN S 100ML,0,2.5,3.0,57.36,32.88,0.0,0.0,0.0,0.0,0,static
2024-10-13,841,44217,BROMELIN S 100ML,0,2.5,3.0,57.36,32.88,0.0,0.0,0.0,0.0,0,static
2024-10-14,841,44217,BROMELIN S 100ML,0,2.5,3.0,57.36,32.88,0.0,0.0,0.0,0.0,0,static
2024-10-15,841,44217,BROMELIN S 100ML,0,2.5,3.0,57.36,32.88,0.0,0.0,0.0,0.0,0,static
2024-10-16,841,44217,BROMELIN S 100ML,0,2.5,3.0,57.36,32.88,0.0,0.0,0.0,0.0,0,static
2024-10-17,841,44217,BROMELIN S 100ML,0,2.5,3.0,57.36,32.88,0.0,0.0,0.0,0.0,0,static
2024-10-18,841,44217,BROMELIN S 100ML,0,2.5,3.0,57.36,32.88,0.0,0.0,0.0,0.0,0,static
2024-10-19,841,44217,BROMELIN S 100ML,0,2.5,3.0,57.36,32.88,0.0,0.0,0.0,0.0,0,static
2024-10-20,841,44217,BROMELIN S 100ML,0,2.5,3.0,57.36,32.88,0.0,0.0,0.0,0.0,0,static
2024-10-21,841,44217,BROMELIN S 100ML,0,2.5,3.0,57.36,32.88,0.0,0.0,0.0,0.0,0,static
2024-10-22,841,44217,BROMELIN S 100ML,0,2.5,3.0,57.36,32.88,0.0,0.0,0.0,0.0,0,static
2024-10-23,841,44217,BROMELIN S 100ML,0,2.5,3.0,57.36,32.88,0.0,0.0,0.0,0.0,0,static
2024-10-24,841,44217,BROMELIN S 100ML,0,2.5,3.0,57.36,32.88,0.0,0.0,0.0,0.0,0,static
2024-10-25,841,44217,BROMELIN S 100ML,0,2.5,3.0,57.36,32.88,0.0,0.0,0.0,0.0,0,static
2024-10-26,841,44217,BROMELIN S 100ML,0,2.5,3.0,57.36,32.88,0.0,0.0,0.0,0.0,0,static
2024-10-27,841,44217,BROMELIN S 100ML,0,2.5,3.0,57.36,32.88,0.0,0.0,0.0,0.0,0,static
2024-10-28,841,44217,BROMELIN S 100ML,0,2.5,3.0,57.36,32.88,0.0,0.0,0.0,0.0,0,static
2024-10-29,841,44217,BROMELIN S 100ML,0,2.5,3.0,57.36,32.88,0.0,0.0,0.0,0.0,0,static
2024-10-30,841,44217,BROMELIN S 100ML,0,2.5,3.0,57.36,32.88,0.0,0.0,0.0,0.0,0,static
2024-10-31,841,44217,BROMELIN S 100ML,0,2.5,3.0,57.36,32.88,0.0,0.0,0.0,0.0,0,static
2024-11-01,841,44217,BROMELIN S 100ML,0,2.5,3.0,57.36,32.88,0.0,0.0,0.0,0.0,0,static
2024-11-02,841,44217,BROMELIN S 100ML,0,2.5,3.0,57.36,32.88,0.0,0.0,0.0,0.0,0,static
2024-11-03,841,44217,BROMELIN S 100ML,0,2.5,3.0,57.36,32.88,0.0,0.0,0.0,0.0,0,static
2024-11-04,841,44217,BROMELIN S 100ML,0,2.5,3.0,57.36,32.88,0.0,0.0,0.0,0.0,0,static
2024-11-05,841,44217,BROMELIN S 100ML,0,2.5,3.0,57.36,32.88,0.0,0.0,0.0,0.0,0,static
2024-11-06,841,44217,BROMELIN S 100ML,0,2.5,3.0,57.36,32.88,0.0,0.0,0.0,0.0,0,static
2024-11-07,841,44217,BROMELIN S 100ML,0,2.5,3.0,57.36,32.88,0.0,0.0,0.0,0.0,0,static
2024-11-08,841,44217,BROMELIN S 100ML,0,2.5,3.0,57.36,32.88,0.0,0.0,0.0,0.0,0,static
2024-11-09,841,44217,BROMELIN S 100ML,0,2.5,3.0,57.36,32.88,0.0,0.0,0.0,0.0,0,static
2024-11-10,841,44217,BROMELIN S 100ML,0,2.5,3.0,57.36,32.88,0.0,0.0,0.0,0.0,0,static
2024-11-11,841,44217,BROMELIN S 100ML,0,2.5,3.0,57.36,32.88,0.0,0.0,0.0,0.0,0,static
2024-11-12,841,44217,BROMELIN S 100ML,0,2.5,3.0,57.36,32.88,0.0,0.0,0.0,0.0,0,static
2024-11-13,841,44217,BROMELIN S 100ML,0,2.5,3.0,57.36,32.88,0.0,0.0,0.0,0.0,0,static
2024-11-14,841,44217,BROMELIN S 100ML,0,2.5,3.0,57.36,32.88,0.0,0.0,0.0,0.0,0,static
2024-11-15,841,44217,BROMELIN S 100ML,0,2.5,3.0,57.36,32.88,0.0,0.0,0.0,0.0,0,static
2024-11-16,841,44217,BROMELIN S 100ML,0,2.5,3.0,57.36,32.88,0.0,0.0,0.0,0.0,0,static
2024-11-17,841,44217,BROMELIN S 100ML,0,2.5,3.0,57.36,32.88,0.0,0.0,0.0,0.0,0,static
2024-11-18,841,44217,BROMELIN S 100ML,0,2.5,3.0,57.36,32.88,0.0,0.0,0.0,0.0,0,static
2024-11-19,841,44217,BROMELIN S 100ML,0,2.5,3.0,57.36,32.88,0.0,0.0,0.0,0.0,0,static
2024-11-20,841,44217,BROMELIN S 100ML,0,2.5,3.0,57.36,32.88,0.0,0.0,0.0,0.0,0,static
2024-11-21,841,44217,BROMELIN S 100ML,0,2.5,3.0,57.36,32.88,0.0,0.0,0.0,0.0,0,static
2024-11-22,841,44217,BROMELIN S 100ML,0,2.5,3.0,57.36,32.88,0.0,0.0,0.0,0.0,0,static
2024-11-23,841,44217,BROMELIN S 100ML,0,2.5,3.0,57.36,32.88,0.0,0.0,0.0,0.0,0,static
2024-11-24,841,44217,BROMELIN S 100ML,0,2.5,3.0,57.36,32.88,0.0,0.0,0.0,0.0,0,static
2024-11-25,841,44217,BROMELIN S 100ML,0,2.5,3.0,57.36,32.88,0.0,0.0,0.0,0.0,0,static
2024-11-26,841,44217,BROMELIN S 100ML,0,2.5,3.0,57.36,32.88,0.0,0.0,0.0,0.0,0,static
2024-11-27,841,44217,BROMELIN S 100ML,0,2.5,3.0,57.36,32.88,0.0,0.0,0.0,0.0,0,static
2024-11-28,841,44217,BROMELIN S 100ML,0,2.5,3.0,57.36,32.88,0.0,0.0,0.0,0.0,0,static
2024-11-29,841,44217,BROMELIN S 100ML,0,2.5,3.0,57.36,32.88,0.0,0.0,0.0,0.0,0,static
2024-11-30,841,44217,BROMELIN S 100ML,0,2.5,3.0,57.36,32.88,0.0,0.0,0.0,0.0,0,static
2024-12-01,841,44217,BROMELIN S 100ML,0,2.5,3.0,57.36,32.88,0.0,0.0,0.0,0.0,0,static
2024-12-02,841,44217,BROMELIN S 100ML,0,2.5,3.0,57.36,32.88,0.0,0.0,0.0,0.0,0,static
2024-12-03,841,44217,BROMELIN S 100ML,0,2.5,3.0,57.36,32.88,0.0,0.0,0.0,0.0,0,static
2024-12-04,841,44217,BROMELIN S 100ML,0,2.5,3.0,57.36,32.88,0.0,0.0,0.0,0.0,0,static
2024-12-05,841,44217,BROMELIN S 100ML,0,2.5,3.0,57.36,32.88,0.0,0.0,0.0,0.0,0,static
2024-12-06,841,44217,BROMELIN S 100ML,0,2.5,3.0,57.36,32.88,0.0,0.0,0.0,0.0,0,static
2024-12-07,841,44217,BROMELIN S 100ML,0,2.5,3.0,57.36,32.88,0.0,0.0,0.0,0.0,0,static
2024-12-08,841,44217,BROMELIN S 100ML,0,2.5,3.0,57.36,32.88,0.0,0.0,0.0,0.0,0,static
2024-12-09,841,44217,BROMELIN S 100ML,0,2.5,3.0,57.36,32.88,0.0,0.0,0.0,0.0,0,static
2024-12-10,841,44217,BROMELIN S 100ML,0,2.5,3.0,57.36,32.88,0.0,0.0,0.0,0.0,0,static
2024-12-11,841,44217,BROMELIN S 100ML,0,2.5,3.0,57.36,32.88,0.0,0.0,0.0,0.0,0,static
2024-12-12,841,44217,BROMELIN S 100ML,0,2.5,3.0,57.36,32.88,0.0,0.0,0.0,0.0,0,static
2024-12-13,841,44217,BROMELIN S 100ML,0,2.5,3.0,57.36,32.88,0.0,0.0,0.0,0.0,0,static
2024-12-14,841,44217,BROMELIN S 100ML,0,2.5,3.0,57.36,32.88,0.0,0.0,0.0,0.0,0,static
2024-12-15,841,44217,BROMELIN S 100ML,0,2.5,3.0,57.36,32.88,0.0,0.0,0.0,0.0,0,static
2024-12-16,841,44217,BROMELIN S 100ML,0,2.5,3.0,57.36,32.88,0.0,0.0,0.0,0.0,0,static
2024-12-17,841,44217,BROMELIN S 100ML,0,2.5,3.0,57.36,32.88,0.0,0.0,0.0,0.0,0,static
2024-12-18,841,44217,BROMELIN S 100ML,0,2.5,3.0,57.36,32.88,0.0,0.0,0.0,0.0,0,static
2024-12-19,841,44217,BROMELIN S 100ML,0,2.5,3.0,57.36,32.88,0.0,0.0,0.0,0.0,0,static
2024-12-20,841,44217,BROMELIN S 100ML,0,2.5,3.0,57.36,32.88,0.0,0.0,0.0,0.0,0,static
2024-12-21,841,44217,BROMELIN S 100ML,0,2.5,3.0,57.36,32.88,0.0,0.0,0.0,0.0,0,static
2024-12-22,841,44217,BROMELIN S 100ML,0,2.5,3.0,57.36,32.88,0.0,0.0,0.0,0.0,0,static
2024-12-23,841,44217,BROMELIN S 100ML,0,2.5,3.0,57.36,32.88,0.0,0.0,0.0,0.0,0,static
2024-12-24,841,44217,BROMELIN S 100ML,0,2.5,3.0,57.36,32.88,0.0,0.0,0.0,0.0,0,static
2024-12-25,841,44217,BROMELIN S 100ML,0,2.5,3.0,57.36,32.88,0.0,0.0,0.0,0.0,0,static
2024-12-26,841,44217,BROMELIN S 100ML,0,2.5,3.0,57.36,32.88,0.0,0.0,0.0,0.0,0,static
2024-12-27,841,44217,BROMELIN S 100ML,0,2.5,3.0,57.36,32.88,0.0,0.0,0.0,0.0,0,static
2024-12-28,841,44217,BROMELIN S 100ML,0,2.5,3.0,57.36,32.88,0.0,0.0,0.0,0.0,0,static
2024-12-29,841,44217,BROMELIN S 100ML,0,2.5,3.0,57.36,32.88,0.0,0.0,0.0,0.0,0,static
2024-12-30,841,44217,BROMELIN S 100ML,0,2.5,3.0,57.36,32.88,0.0,0.0,0.0,0.0,0,static
2024-12-31,841,44217,BROMELIN S 100ML,0,2.5,3.0,57.36,32.88,0.0,0.0,0.0,0.0,0,static
2024-10-01,841,48812,ARLIVRY XAROPE CEREJA 100ML,0,2.5,3.0,21.9,7.49,0.0,0.1336,0.0,0.0,0,static
2024-10-02,841,48812,ARLIVRY XAROPE CEREJA 100ML,0,2.5,3.0,21.9,7.49,0.0,0.1336,0.0,0.0,0,static
2024-10-03,841,48812,ARLIVRY XAROPE CEREJA 100ML,0,2.5,3.0,21.9,7.49,0.0,0.1336,0.0,0.0,0,static
2024-10-04,841,48812,ARLIVRY XAROPE CEREJA 100ML,0,2.5,3.0,21.9,7.49,0.0437,0.1336,0.0,0.0,0,static
2024-10-05,841,48812,ARLIVRY XAROPE CEREJA 100ML,0,2.5,3.0,21.9,7.49,0.0,0.1336,0.0,0.0,0,static
2024-10-06,841,48812,ARLIVRY XAROPE CEREJA 100ML,0,2.5,3.0,21.9,7.49,0.0,0.1336,0.0,0.0,0,static
2024-10-07,841,48812,ARLIVRY XAROPE CEREJA 100ML,0,2.5,3.0,21.9,7.49,0.0,0.1336,0.0,0.0,0,static
2024-10-08,841,48812,ARLIVRY XAROPE CEREJA 100ML,0,2.5,3.0,21.9,7.49,0.0,0.1336,0.0,0.0,0,static
2024-10-09,841,48812,ARLIVRY XAROPE CEREJA 100ML,0,2.5,3.0,21.9,7.49,0.0,0.1336,0.0,0.0,0,static
2024-10-10,841,48812,ARLIVRY XAROPE CEREJA 100ML,0,2.5,3.0,21.9,7.49,0.0,0.1336,0.0,0.0,0,static
2024-10-11,841,48812,ARLIVRY XAROPE CEREJA 100ML,0,2.5,3.0,21.9,7.49,0.0437,0.1336,0.0,0.0,0,static
2024-10-12,841,48812,ARLIVRY XAROPE CEREJA 100ML,0,2.5,3.0,21.9,7.49,0.0,0.1336,0.0,0.0,0,static
2024-10-13,841,48812,ARLIVRY XAROPE CEREJA 100ML,0,2.5,3.0,21.9,7.49,0.0,0.1336,0.0,0.0,0,static
2024-10-14,841,48812,ARLIVRY XAROPE CEREJA 100ML,0,2.5,3.0,21.9,7.49,0.0,0.1336,0.0,0.0,0,static
2024-10-15,841,48812,ARLIVRY XAROPE CEREJA 100ML,0,2.5,3.0,21.9,7.49,0.0,0.1336,0.0,0.0,0,static
2024-10-16,841,48812,ARLIVRY XAROPE CEREJA 100ML,0,2.5,3.0,21.9,7.49,0.0,0.1336,0.0,0.0,0,static
2024-10-17,841,48812,ARLIVRY XAROPE CEREJA 100ML,0,2.5,3.0,21.9,7.49,0.0,0.1336,0.0,0.0,0,static
2024-10-18,841,48812,ARLIVRY XAROPE CEREJA 100ML,0,2.5,3.0,21.9,7.49,0.0437,0.1336,0.0,0.0,0,static
2024-10-19,841,48812,ARLIVRY XAROPE CEREJA 100ML,0,2.5,3.0,21.9,7.49,0.0,0.1336,0.0,0.0,0,static
2024-10-20,841,48812,ARLIVRY XAROPE CEREJA 100ML,0,2.5,3.0,21.9,7.49,0.0,0.1336,0.0,0.0,0,static
2024-10-21,841,48812,ARLIVRY XAROPE CEREJA 100ML,0,2.5,3.0,21.9,7.49,0.0,0.1336,0.0,0.0,0,static
2024-10-22,841,48812,ARLIVRY XAROPE CEREJA 100ML,0,2.5,3.0,21.9,7.49,0.0,0.1336,0.0,0.0,0,static
2024-10-23,841,48812,ARLIVRY XAROPE CEREJA 100ML,0,2.5,3.0,21.9,7.49,0.0,0.1336,0.0,0.0,0,static
2024-10-24,841,48812,ARLIVRY XAROPE CEREJA 100ML,0,2.5,3.0,21.9,7.49,0.0,0.1336,0.0,0.0,0,static
2024-10-25,841,48812,ARLIVRY XAROPE CEREJA 100ML,0,2.5,3.0,21.9,7.49,0.0437,0.1336,0.0,0.0,0,static
2024-10-26,841,48812,ARLIVRY XAROPE CEREJA 100ML,0,2.5,3.0,21.9,7.49,0.0,0.1336,0.0,0.0,0,static
2024-10-27,841,48812,ARLIVRY XAROPE CEREJA 100ML,0,2.5,3.0,21.9,7.49,0.0,0.1336,0.0,0.0,0,static
2024-10-28,841,48812,ARLIVRY XAROPE CEREJA 100ML,0,2.5,3.0,21.9,7.49,0.0,0.1336,0.0,0.0,0,static
2024-10-29,841,48812,ARLIVRY XAROPE CEREJA 100ML,0,2.5,3.0,21.9,7.49,0.0,0.1336,0.0,0.0,0,static
2024-10-30,841,48812,ARLIVRY XAROPE CEREJA 100ML,0,2.5,3.0,21.9,7.49,0.0,0.1336,0.0,0.0,0,static
2024-10-31,841,48812,ARLIVRY XAROPE CEREJA 100ML,0,2.5,3.0,21.9,7.49,0.0,0.1336,0.0,0.0,0,static
2024-11-01,841,48812,ARLIVRY XAROPE CEREJA 100ML,0,2.5,3.0,21.9,7.49,0.0437,0.1336,0.0,0.0,0,static
2024-11-02,841,48812,ARLIVRY XAROPE CEREJA 100ML,0,2.5,3.0,21.9,7.49,0.0,0.1336,0.0,0.0,0,static
2024-11-03,841,48812,ARLIVRY XAROPE CEREJA 100ML,0,2.5,3.0,21.9,7.49,0.0,0.1336,0.0,0.0,0,static
2024-11-04,841,48812,ARLIVRY XAROPE CEREJA 100ML,0,2.5,3.0,21.9,7.49,0.0,0.1336,0.0,0.0,0,static
2024-11-05,841,48812,ARLIVRY XAROPE CEREJA 100ML,0,2.5,3.0,21.9,7.49,0.0,0.1336,0.0,0.0,0,static
2024-11-06,841,48812,ARLIVRY XAROPE CEREJA 100ML,0,2.5,3.0,21.9,7.49,0.0,0.1336,0.0,0.0,0,static
2024-11-07,841,48812,ARLIVRY XAROPE CEREJA 100ML,0,2.5,3.0,21.9,7.49,0.0,0.1336,0.0,0.0,0,static
2024-11-08,841,48812,ARLIVRY XAROPE CEREJA 100ML,0,2.5,3.0,21.9,7.49,0.0437,0.1336,0.0,0.0,0,static
2024-11-09,841,48812,ARLIVRY XAROPE CEREJA 100ML,0,2.5,3.0,21.9,7.49,0.0,0.1336,0.0,0.0,0,static
2024-11-10,841,48812,ARLIVRY XAROPE CEREJA 100ML,0,2.5,3.0,21.9,7.49,0.0,0.1336,0.0,0.0,0,static
2024-11-11,841,48812,ARLIVRY XAROPE CEREJA 100ML,0,2.5,3.0,21.9,7.49,0.0,0.1336,0.0,0.0,0,static
2024-11-12,841,48812,ARLIVRY XAROPE CEREJA 100ML,0,2.5,3.0,21.9,7.49,0.0,0.1336,0.0,0.0,0,static
2024-11-13,841,48812,ARLIVRY XAROPE CEREJA 100ML,0,2.5,3.0,21.9,7.49,0.0,0.1336,0.0,0.0,0,static
2024-11-14,841,48812,ARLIVRY XAROPE CEREJA 100ML,0,2.5,3.0,21.9,7.49,0.0,0.1336,0.0,0.0,0,static
2024-11-15,841,48812,ARLIVRY XAROPE CEREJA 100ML,0,2.5,3.0,21.9,7.49,0.0437,0.1336,0.0,0.0,0,static
2024-11-16,841,48812,ARLIVRY XAROPE CEREJA 100ML,0,2.5,3.0,21.9,7.49,0.0,0.1336,0.0,0.0,0,static
2024-11-17,841,48812,ARLIVRY XAROPE CEREJA 100ML,0,2.5,3.0,21.9,7.49,0.0,0.1336,0.0,0.0,0,static
2024-11-18,841,48812,ARLIVRY XAROPE CEREJA 100ML,0,2.5,3.0,21.9,7.49,0.0,0.1336,0.0,0.0,0,static
2024-11-19,841,48812,ARLIVRY XAROPE CEREJA 100ML,0,2.5,3.0,21.9,7.49,0.0,0.1336,1.0,1.0,0,static
2024-11-20,841,48812,ARLIVRY XAROPE CEREJA 100ML,0,2.5,3.0,21.9,7.49,0.0,0.1336,0.0,0.0,0,static
2024-11-21,841,48812,ARLIVRY XAROPE CEREJA 100ML,0,2.5,3.0,21.9,7.49,0.0,0.1336,0.0,0.0,0,static
2024-11-22,841,48812,ARLIVRY XAROPE CEREJA 100ML,0,2.5,3.0,21.9,7.49,0.0437,0.1336,0.0,0.0,1,static
2024-11-23,841,48812,ARLIVRY XAROPE CEREJA 100ML,0,2.5,3.0,21.9,7.49,0.0,0.1336,0.0,0.0,1,static
2024-11-24,841,48812,ARLIVRY XAROPE CEREJA 100ML,0,2.5,3.0,21.9,7.49,0.0,0.1336,0.0,0.0,0,static
2024-11-25,841,48812,ARLIVRY XAROPE CEREJA 100ML,0,2.5,3.0,21.9,7.49,0.0,0.1336,0.0,0.0,0,static
2024-11-26,841,48812,ARLIVRY XAROPE CEREJA 100ML,0,2.5,3.0,21.9,7.49,0.0,0.1336,0.0,0.0,0,static
2024-11-27,841,48812,ARLIVRY XAROPE CEREJA 100ML,0,2.5,3.0,21.9,7.49,0.0,0.1336,0.0,0.0,0,static
2024-11-28,841,48812,ARLIVRY XAROPE CEREJA 100ML,0,2.5,3.0,21.9,7.49,0.0,0.1336,0.0,0.0,0,static
2024-11-29,841,48812,ARLIVRY XAROPE CEREJA 100ML,0,2.5,3.0,21.9,7.49,0.0437,0.1336,0.0,0.0,0,static
2024-11-30,841,48812,ARLIVRY XAROPE CEREJA 100ML,0,2.5,3.0,21.9,7.49,0.0,0.1336,0.0,0.0,0,static
2024-12-01,841,48812,ARLIVRY XAROPE CEREJA 100ML,0,2.5,3.0,21.9,7.49,0.0,0.1336,0.0,0.0,0,static
2024-12-02,841,48812,ARLIVRY XAROPE CEREJA 100ML,0,2.5,3.0,21.9,7.49,0.0,0.1336,0.0,0.0,0,static
2024-12-03,841,48812,ARLIVRY XAROPE CEREJA 100ML,0,2.5,3.0,21.9,7.49,0.0,0.1336,0.0,0.0,0,static
2024-12-04,841,48812,ARLIVRY XAROPE CEREJA 100ML,0,2.5,3.0,21.9,7.49,0.0,0.1336,0.0,0.0,0,static
2024-12-05,841,48812,ARLIVRY XAROPE CEREJA 100ML,0,2.5,3.0,21.9,7.49,0.0,0.1336,0.0,0.0,0,static
2024-12-06,841,48812,ARLIVRY XAROPE CEREJA 100ML,0,2.5,3.0,21.9,7.49,0.0437,0.1336,0.0,0.0,0,static
2024-12-07,841,48812,ARLIVRY XAROPE CEREJA 100ML,0,2.5,3.0,21.9,7.49,0.0,0.1336,0.0,0.0,0,static
2024-12-08,841,48812,ARLIVRY XAROPE CEREJA 100ML,0,2.5,3.0,21.9,7.49,0.0,0.1336,0.0,0.0,0,static
2024-12-09,841,48812,ARLIVRY XAROPE CEREJA 100ML,0,2.5,3.0,21.9,7.49,0.0,0.1336,0.0,0.0,0,static
2024-12-10,841,48812,ARLIVRY XAROPE CEREJA 100ML,0,2.5,3.0,21.9,7.49,0.0,0.1336,0.0,0.0,0,static
2024-12-11,841,48812,ARLIVRY XAROPE CEREJA 100ML,0,2.5,3.0,21.9,7.49,0.0,0.1336,0.0,0.0,0,static
2024-12-12,841,48812,ARLIVRY XAROPE CEREJA 100ML,0,2.5,3.0,21.9,7.49,0.0,0.1336,0.0,0.0,0,static
2024-12-13,841,48812,ARLIVRY XAROPE CEREJA 100ML,0,2.5,3.0,21.9,7.49,0.0437,0.1336,0.0,0.0,0,static
2024-12-14,841,48812,ARLIVRY XAROPE CEREJA 100ML,0,2.5,3.0,21.9,7.49,0.0,0.1336,0.0,0.0,0,static
2024-12-15,841,48812,ARLIVRY XAROPE CEREJA 100ML,0,2.5,3.0,21.9,7.49,0.0,0.1336,0.0,0.0,0,static
2024-12-16,841,48812,ARLIVRY XAROPE CEREJA 100ML,0,2.5,3.0,21.9,7.49,0.0,0.1336,0.0,0.0,0,static
2024-12-17,841,48812,ARLIVRY XAROPE CEREJA 100ML,0,2.5,3.0,21.9,7.49,0.0,0.1336,0.0,0.0,0,static
2024-12-18,841,48812,ARLIVRY XAROPE CEREJA 100ML,0,2.5,3.0,21.9,7.49,0.0,0.1336,0.0,0.0,0,static
2024-12-19,841,48812,ARLIVRY XAROPE CEREJA 100ML,0,2.5,3.0,21.9,7.49,0.0,0.1336,0.0,0.0,0,static
2024-12-20,841,48812,ARLIVRY XAROPE CEREJA 100ML,0,2.5,3.0,21.9,7.49,0.0437,0.1336,0.0,0.0,0,static
2024-12-21,841,48812,ARLIVRY XAROPE CEREJA 100ML,0,2.5,3.0,21.9,7.49,0.0,0.1336,0.0,0.0,0,static
2024-12-22,841,48812,ARLIVRY XAROPE CEREJA 100ML,0,2.5,3.0,21.9,7.49,0.0,0.1336,0.0,0.0,0,static
2024-12-23,841,48812,ARLIVRY XAROPE CEREJA 100ML,0,2.5,3.0,21.9,7.49,0.0,0.1336,0.0,0.0,0,static
2024-12-24,841,48812,ARLIVRY XAROPE CEREJA 100ML,0,2.5,3.0,21.9,7.49,0.0,0.1336,0.0,0.0,0,static
2024-12-25,841,48812,ARLIVRY XAROPE CEREJA 100ML,0,2.5,3.0,21.9,7.49,0.0,0.1336,0.0,0.0,0,static
2024-12-26,841,48812,ARLIVRY XAROPE CEREJA 100ML,0,2.5,3.0,21.9,7.49,0.0,0.1336,0.0,0.0,0,static
2024-12-27,841,48812,ARLIVRY XAROPE CEREJA 100ML,0,2.5,3.0,21.9,7.49,0.0437,0.1336,0.0,0.0,0,static
2024-12-28,841,48812,ARLIVRY XAROPE CEREJA 100ML,0,2.5,3.0,21.9,7.49,0.0,0.1336,0.0,0.0,0,static
2024-12-29,841,48812,ARLIVRY XAROPE CEREJA 100ML,0,2.5,3.0,21.9,7.49,0.0,0.1336,0.0,0.0,0,static
2024-12-30,841,48812,ARLIVRY XAROPE CEREJA 100ML,0,2.5,3.0,21.9,7.49,0.0,0.1336,0.0,0.0,0,static
2024-12-31,841,48812,ARLIVRY XAROPE CEREJA 100ML,0,2.5,3.0,21.9,7.49,0.0,0.1336,0.0,0.0,0,static
2024-10-01,841,48813,ARLIVRY XAROPE MEL 100ML,0,2.5,3.0,27.51,7.49,0.0321,0.2272,0.0,0.0,0,static
2024-10-02,841,48813,ARLIVRY XAROPE MEL 100ML,0,2.5,3.0,27.51,7.49,0.0321,0.2272,0.0,0.0,0,static
2024-10-03,841,48813,ARLIVRY XAROPE MEL 100ML,0,2.5,3.0,27.51,7.49,0.1196,0.2272,0.0,0.0,0,static
2024-10-04,841,48813,ARLIVRY XAROPE MEL 100ML,0,2.5,3.0,27.51,7.49,0.0759,0.2272,0.0,0.0,0,static
2024-10-05,841,48813,ARLIVRY XAROPE MEL 100ML,0,2.5,3.0,27.51,7.49,0.0321,0.2272,0.0,0.0,0,static
2024-10-06,841,48813,ARLIVRY XAROPE MEL 100ML,0,2.5,3.0,27.51,7.49,0.0321,0.2272,0.0,0.0,0,static
2024-10-07,841,48813,ARLIVRY XAROPE MEL 100ML,0,2.5,3.0,27.51,7.49,0.0321,0.2272,1.0,1.0,0,static
2024-10-08,841,48813,ARLIVRY XAROPE MEL 100ML,0,2.5,3.0,27.51,7.49,0.0321,0.2272,0.0,0.0,0,static
2024-10-09,841,48813,ARLIVRY XAROPE MEL 100ML,0,2.5,3.0,27.51,7.49,0.0321,0.2272,0.0,0.0,0,static
2024-10-10,841,48813,ARLIVRY XAROPE MEL 100ML,0,2.5,3.0,27.51,7.49,0.1196,0.2272,0.0,0.0,0,static
2024-10-11,841,48813,ARLIVRY XAROPE MEL 100ML,0,2.5,3.0,27.51,7.49,0.0759,0.2272,0.0,0.0,0,static
2024-10-12,841,48813,ARLIVRY XAROPE MEL 100ML,0,2.5,3.0,27.51,7.49,0.0321,0.2272,0.0,0.0,0,static
2024-10-13,841,48813,ARLIVRY XAROPE MEL 100ML,0,2.5,3.0,27.51,7.49,0.0321,0.2272,0.0,0.0,0,static
2024-10-14,841,48813,ARLIVRY XAROPE MEL 100ML,0,2.5,3.0,27.51,7.49,0.0321,0.2272,0.0,0.0,0,static
2024-10-15,841,48813,ARLIVRY XAROPE MEL 100ML,0,2.5,3.0,27.51,7.49,0.0321,0.2272,0.0,0.0,0,static
2024-10-16,841,48813,ARLIVRY XAROPE MEL 100ML,0,2.5,3.0,27.51,7.49,0.0321,0.2272,0.0,0.0,0,static
2024-10-17,841,48813,ARLIVRY XAROPE MEL 100ML,0,2.5,3.0,27.51,7.49,0.1196,0.2272,0.0,0.0,0,static
2024-10-18,841,48813,ARLIVRY XAROPE MEL 100ML,0,2.5,3.0,27.51,7.49,0.0759,0.2272,0.0,0.0,0,static
2024-10-19,841,48813,ARLIVRY XAROPE MEL 100ML,0,2.5,3.0,27.51,7.49,0.0321,0.2272,0.0,0.0,0,static
2024-10-20,841,48813,ARLIVRY XAROPE MEL 100ML,0,2.5,3.0,27.51,7.49,0.0321,0.2272,0.0,0.0,0,static
2024-10-21,841,48813,ARLIVRY XAROPE MEL 100ML,0,2.5,3.0,27.51,7.49,0.0321,0.2272,0.0,0.0,0,static
2024-10-22,841,48813,ARLIVRY XAROPE MEL 100ML,0,2.5,3.0,27.51,7.49,0.0321,0.2272,0.0,0.0,0,static
2024-10-23,841,48813,ARLIVRY XAROPE MEL 100ML,0,2.5,3.0,27.51,7.49,0.0321,0.2272,0.0,0.0,0,static
2024-10-24,841,48813,ARLIVRY XAROPE MEL 100ML,0,2.5,3.0,27.51,7.49,0.1196,0.2272,0.0,0.0,0,static
2024-10-25,841,48813,ARLIVRY XAROPE MEL 100ML,0,2.5,3.0,27.51,7.49,0.0759,0.2272,0.0,0.0,0,static
2024-10-26,841,48813,ARLIVRY XAROPE MEL 100ML,0,2.5,3.0,27.51,7.49,0.0321,0.2272,0.0,0.0,0,static
2024-10-27,841,48813,ARLIVRY XAROPE MEL 100ML,0,2.5,3.0,27.51,7.49,0.0321,0.2272,0.0,0.0,0,static
2024-10-28,841,48813,ARLIVRY XAROPE MEL 100ML,0,2.5,3.0,27.51,7.49,0.0321,0.2272,0.0,0.0,0,static
2024-10-29,841,48813,ARLIVRY XAROPE MEL 100ML,0,2.5,3.0,27.51,7.49,0.0321,0.2272,0.0,0.0,0,static
2024-10-30,841,48813,ARLIVRY XAROPE MEL 100ML,0,2.5,3.0,27.51,7.49,0.0321,0.2272,0.0,0.0,0,static
2024-10-31,841,48813,ARLIVRY XAROPE MEL 100ML,0,2.5,3.0,27.51,7.49,0.1196,0.2272,0.0,0.0,0,static
2024-11-01,841,48813,ARLIVRY XAROPE MEL 100ML,0,2.5,3.0,27.51,7.49,0.0759,0.2272,0.0,0.0,0,static
2024-11-02,841,48813,ARLIVRY XAROPE MEL 100ML,0,2.5,3.0,27.51,7.49,0.0321,0.2272,0.0,0.0,0,static
2024-11-03,841,48813,ARLIVRY XAROPE MEL 100ML,0,2.5,3.0,27.51,7.49,0.0321,0.2272,0.0,0.0,0,static
2024-11-04,841,48813,ARLIVRY XAROPE MEL 100ML,0,2.5,3.0,27.51,7.49,0.0321,0.2272,0.0,0.0,0,static
2024-11-05,841,48813,ARLIVRY XAROPE MEL 100ML,0,2.5,3.0,27.51,7.49,0.0321,0.2272,0.0,0.0,0,static
2024-11-06,841,48813,ARLIVRY XAROPE MEL 100ML,0,2.5,3.0,27.51,7.49,0.0321,0.2272,0.0,0.0,0,static
2024-11-07,841,48813,ARLIVRY XAROPE MEL 100ML,0,2.5,3.0,27.51,7.49,0.1196,0.2272,0.0,0.0,0,static
2024-11-08,841,48813,ARLIVRY XAROPE MEL 100ML,0,2.5,3.0,27.51,7.49,0.0759,0.2272,0.0,0.0,0,static
2024-11-09,841,48813,ARLIVRY XAROPE MEL 100ML,0,2.5,3.0,27.51,7.49,0.0321,0.2272,0.0,0.0,0,static
2024-11-10,841,48813,ARLIVRY XAROPE MEL 100ML,0,2.5,3.0,27.51,7.49,0.0321,0.2272,0.0,0.0,0,static
2024-11-11,841,48813,ARLIVRY XAROPE MEL 100ML,0,2.5,3.0,27.51,7.49,0.0321,0.2272,0.0,0.0,0,static
2024-11-12,841,48813,ARLIVRY XAROPE MEL 100ML,0,2.5,3.0,27.51,7.49,0.0321,0.2272,0.0,0.0,0,static
2024-11-13,841,48813,ARLIVRY XAROPE MEL 100ML,0,2.5,3.0,27.51,7.49,0.0321,0.2272,0.0,0.0,0,static
2024-11-14,841,48813,ARLIVRY XAROPE MEL 100ML,0,2.5,3.0,27.51,7.49,0.1196,0.2272,0.0,0.0,0,static
2024-11-15,841,48813,ARLIVRY XAROPE MEL 100ML,0,2.5,3.0,27.51,7.49,0.0759,0.2272,0.0,0.0,0,static
2024-11-16,841,48813,ARLIVRY XAROPE MEL 100ML,0,2.5,3.0,27.51,7.49,0.0321,0.2272,0.0,0.0,0,static
2024-11-17,841,48813,ARLIVRY XAROPE MEL 100ML,0,2.5,3.0,27.51,7.49,0.0321,0.2272,0.0,0.0,0,static
2024-11-18,841,48813,ARLIVRY XAROPE MEL 100ML,0,2.5,3.0,27.51,7.49,0.0321,0.2272,0.0,0.0,0,static
2024-11-19,841,48813,ARLIVRY XAROPE MEL 100ML,0,2.5,3.0,27.51,7.49,0.0321,0.2272,0.0,0.0,0,static
2024-11-20,841,48813,ARLIVRY XAROPE MEL 100ML,0,2.5,3.0,27.51,7.49,0.0321,0.2272,0.0,0.0,0,static
2024-11-21,841,48813,ARLIVRY XAROPE MEL 100ML,0,2.5,3.0,27.51,7.49,0.1196,0.2272,0.0,0.0,0,static
2024-11-22,841,48813,ARLIVRY XAROPE MEL 100ML,0,2.5,3.0,27.51,7.49,0.0759,0.2272,0.0,0.0,0,static
2024-11-23,841,48813,ARLIVRY XAROPE MEL 100ML,0,2.5,3.0,27.51,7.49,0.0321,0.2272,0.0,0.0,0,static
2024-11-24,841,48813,ARLIVRY XAROPE MEL 100ML,0,2.5,3.0,27.51,7.49,0.0321,0.2272,0.0,0.0,0,static
2024-11-25,841,48813,ARLIVRY XAROPE MEL 100ML,0,2.5,3.0,27.51,7.49,0.0321,0.2272,0.0,0.0,0,static
2024-11-26,841,48813,ARLIVRY XAROPE MEL 100ML,0,2.5,3.0,27.51,7.49,0.0321,0.2272,0.0,0.0,0,static
2024-11-27,841,48813,ARLIVRY XAROPE MEL 100ML,0,2.5,3.0,27.51,7.49,0.0321,0.2272,0.0,0.0,0,static
2024-11-28,841,48813,ARLIVRY XAROPE MEL 100ML,0,2.5,3.0,27.51,7.49,0.1196,0.2272,0.0,0.0,0,static
2024-11-29,841,48813,ARLIVRY XAROPE MEL 100ML,0,2.5,3.0,27.51,7.49,0.0759,0.2272,0.0,0.0,0,static
2024-11-30,841,48813,ARLIVRY XAROPE MEL 100ML,0,2.5,3.0,27.51,7.49,0.0321,0.2272,0.0,0.0,0,static
2024-12-01,841,48813,ARLIVRY XAROPE MEL 100ML,0,2.5,3.0,27.51,7.49,0.0321,0.2272,0.0,0.0,0,static
2024-12-02,841,48813,ARLIVRY XAROPE MEL 100ML,0,2.5,3.0,27.51,7.49,0.0321,0.2272,1.0,1.0,0,static
2024-12-03,841,48813,ARLIVRY XAROPE MEL 100ML,0,2.5,3.0,27.51,7.49,0.0321,0.2272,0.0,0.0,0,static
2024-12-04,841,48813,ARLIVRY XAROPE MEL 100ML,0,2.5,3.0,27.51,7.49,0.0321,0.2272,0.0,0.0,0,static
2024-12-05,841,48813,ARLIVRY XAROPE MEL 100ML,0,2.5,3.0,27.51,7.49,0.1196,0.2272,0.0,0.0,0,static
2024-12-06,841,48813,ARLIVRY XAROPE MEL 100ML,0,2.5,3.0,27.51,7.49,0.0759,0.2272,0.0,0.0,0,static
2024-12-07,841,48813,ARLIVRY XAROPE MEL 100ML,0,2.5,3.0,27.51,7.49,0.0321,0.2272,0.0,0.0,0,static
2024-12-08,841,48813,ARLIVRY XAROPE MEL 100ML,0,2.5,3.0,27.51,7.49,0.0321,0.2272,0.0,0.0,0,static
2024-12-09,841,48813,ARLIVRY XAROPE MEL 100ML,0,2.5,3.0,27.51,7.49,0.0321,0.2272,0.0,0.0,0,static
2024-12-10,841,48813,ARLIVRY XAROPE MEL 100ML,0,2.5,3.0,27.51,7.49,0.0321,0.2272,0.0,0.0,0,static
2024-12-11,841,48813,ARLIVRY XAROPE MEL 100ML,0,2.5,3.0,27.51,7.49,0.0321,0.2272,0.0,0.0,0,static
2024-12-12,841,48813,ARLIVRY XAROPE MEL 100ML,0,2.5,3.0,27.51,7.49,0.1196,0.2272,0.0,0.0,0,static
2024-12-13,841,48813,ARLIVRY XAROPE MEL 100ML,0,2.5,3.0,27.51,7.49,0.0759,0.2272,0.0,0.0,0,static
2024-12-14,841,48813,ARLIVRY XAROPE MEL 100ML,0,2.5,3.0,27.51,7.49,0.0321,0.2272,0.0,0.0,0,static
2024-12-15,841,48813,ARLIVRY XAROPE MEL 100ML,0,2.5,3.0,27.51,7.49,0.0321,0.2272,0.0,0.0,0,static
2024-12-16,841,48813,ARLIVRY XAROPE MEL 100ML,0,2.5,3.0,27.51,7.49,0.0321,0.2272,0.0,0.0,0,static
2024-12-17,841,48813,ARLIVRY XAROPE MEL 100ML,0,2.5,3.0,27.51,7.49,0.0321,0.2272,0.0,0.0,0,static
2024-12-18,841,48813,ARLIVRY XAROPE MEL 100ML,0,2.5,3.0,27.51,7.49,0.0321,0.2272,0.0,0.0,0,static
2024-12-19,841,48813,ARLIVRY XAROPE MEL 100ML,0,2.5,3.0,27.51,7.49,0.1196,0.2272,0.0,0.0,0,static
2024-12-20,841,48813,ARLIVRY XAROPE MEL 100ML,0,2.5,3.0,27.51,7.49,0.0759,0.2272,0.0,0.0,0,static
2024-12-21,841,48813,ARLIVRY XAROPE MEL 100ML,0,2.5,3.0,27.51,7.49,0.0321,0.2272,0.0,0.0,0,static
2024-12-22,841,48813,ARLIVRY XAROPE MEL 100ML,0,2.5,3.0,27.51,7.49,0.0321,0.2272,0.0,0.0,0,static
2024-12-23,841,48813,ARLIVRY XAROPE MEL 100ML,0,2.5,3.0,27.51,7.49,0.0321,0.2272,0.0,0.0,0,static
2024-12-24,841,48813,ARLIVRY XAROPE MEL 100ML,0,2.5,3.0,27.51,7.49,0.0321,0.2272,0.0,0.0,0,static
2024-12-25,841,48813,ARLIVRY XAROPE MEL 100ML,0,2.5,3.0,27.51,7.49,0.0321,0.2272,0.0,0.0,0,static
2024-12-26,841,48813,ARLIVRY XAROPE MEL 100ML,0,2.5,3.0,27.51,7.49,0.1196,0.2272,0.0,0.0,0,static
2024-12-27,841,48813,ARLIVRY XAROPE MEL 100ML,0,2.5,3.0,27.51,7.49,0.0759,0.2272,0.0,0.0,0,static
2024-12-28,841,48813,ARLIVRY XAROPE MEL 100ML,0,2.5,3.0,27.51,7.49,0.0321,0.2272,0.0,0.0,0,static
2024-12-29,841,48813,ARLIVRY XAROPE MEL 100ML,0,2.5,3.0,27.51,7.49,0.0321,0.2272,0.0,0.0,0,static
2024-12-30,841,48813,ARLIVRY XAROPE MEL 100ML,0,2.5,3.0,27.51,7.49,0.0321,0.2272,0.0,0.0,0,static
2024-12-31,841,48813,ARLIVRY XAROPE MEL 100ML,0,2.5,3.0,27.51,7.49,0.0321,0.2272,0.0,0.0,0,static
2024-10-01,841,51957,HEDERA CIMED 7MG 100ML,0,2.5,3.0,36.64,7.71,0.0,0.0,0.0,0.0,0,static
2024-10-02,841,51957,HEDERA CIMED 7MG 100ML,0,2.5,3.0,36.64,7.71,0.0,0.0,0.0,0.0,0,static
2024-10-03,841,51957,HEDERA CIMED 7MG 100ML,0,2.5,3.0,36.64,7.71,0.0,0.0,0.0,0.0,0,static
2024-10-04,841,51957,HEDERA CIMED 7MG 100ML,0,2.5,3.0,36.64,7.71,0.0,0.0,0.0,0.0,0,static
2024-10-05,841,51957,HEDERA CIMED 7MG 100ML,0,2.5,3.0,36.64,7.71,0.0,0.0,0.0,0.0,0,static
2024-10-06,841,51957,HEDERA CIMED 7MG 100ML,0,2.5,3.0,36.64,7.71,0.0,0.0,0.0,0.0,0,static
2024-10-07,841,51957,HEDERA CIMED 7MG 100ML,0,2.5,3.0,36.64,7.71,0.0,0.0,0.0,0.0,0,static
2024-10-08,841,51957,HEDERA CIMED 7MG 100ML,0,2.5,3.0,36.64,7.71,0.04,0.0,0.0,0.0,0,static
2024-10-09,841,51957,HEDERA CIMED 7MG 100ML,0,2.5,3.0,36.64,7.71,0.04,0.0,0.0,0.0,0,static
2024-10-10,841,51957,HEDERA CIMED 7MG 100ML,0,2.5,3.0,36.64,7.71,0.04,0.0,0.0,0.0,0,static
2024-10-11,841,51957,HEDERA CIMED 7MG 100ML,0,2.5,3.0,36.64,7.71,0.04,0.0,0.0,0.0,0,static
2024-10-12,841,51957,HEDERA CIMED 7MG 100ML,0,2.5,3.0,36.64,7.71,0.04,0.0,0.0,0.0,0,static
2024-10-13,841,51957,HEDERA CIMED 7MG 100ML,0,2.5,3.0,36.64,7.71,0.04,0.0,0.0,0.0,0,static
2024-10-14,841,51957,HEDERA CIMED 7MG 100ML,0,2.5,3.0,36.64,7.71,0.04,0.0,0.0,0.0,0,static
2024-10-15,841,51957,HEDERA CIMED 7MG 100ML,0,2.5,3.0,36.64,7.71,0.04,0.0,0.0,0.0,0,static
2024-10-16,841,51957,HEDERA CIMED 7MG 100ML,0,2.5,3.0,36.64,7.71,0.04,0.0,0.0,0.0,0,static
2024-10-17,841,51957,HEDERA CIMED 7MG 100ML,0,2.5,3.0,36.64,7.71,0.04,0.0,0.0,0.0,0,static
2024-10-18,841,51957,HEDERA CIMED 7MG 100ML,0,2.5,3.0,36.64,7.71,0.04,0.0,0.0,0.0,0,static
2024-10-19,841,51957,HEDERA CIMED 7MG 100ML,0,2.5,3.0,36.64,7.71,0.04,0.0,0.0,0.0,0,static
2024-10-20,841,51957,HEDERA CIMED 7MG 100ML,0,2.5,3.0,36.64,7.71,0.04,0.0,0.0,0.0,0,static
2024-10-21,841,51957,HEDERA CIMED 7MG 100ML,0,2.5,3.0,36.64,7.71,0.04,0.0,0.0,0.0,0,static
2024-10-22,841,51957,HEDERA CIMED 7MG 100ML,0,2.5,3.0,36.64,7.71,0.04,0.0,0.0,0.0,0,static
2024-10-23,841,51957,HEDERA CIMED 7MG 100ML,0,2.5,3.0,36.64,7.71,0.0,0.0,0.0,0.0,0,static
2024-10-24,841,51957,HEDERA CIMED 7MG 100ML,0,2.5,3.0,36.64,7.71,0.0,0.0,0.0,0.0,0,static
2024-10-25,841,51957,HEDERA CIMED 7MG 100ML,0,2.5,3.0,36.64,7.71,0.0,0.0,0.0,0.0,0,static
2024-10-26,841,51957,HEDERA CIMED 7MG 100ML,0,2.5,3.0,36.64,7.71,0.0,0.0,0.0,0.0,0,static
2024-10-27,841,51957,HEDERA CIMED 7MG 100ML,0,2.5,3.0,36.64,7.71,0.0,0.0,0.0,0.0,0,static
2024-10-28,841,51957,HEDERA CIMED 7MG 100ML,0,2.5,3.0,36.64,7.71,0.0,0.0,0.0,0.0,0,static
2024-10-29,841,51957,HEDERA CIMED 7MG 100ML,0,2.5,3.0,36.64,7.71,0.0,0.0,0.0,0.0,0,static
2024-10-30,841,51957,HEDERA CIMED 7MG 100ML,0,2.5,3.0,36.64,7.71,0.0,0.0,0.0,0.0,0,static
2024-10-31,841,51957,HEDERA CIMED 7MG 100ML,0,2.5,3.0,36.64,7.71,0.0,0.0,0.0,0.0,0,static
2024-11-01,841,51957,HEDERA CIMED 7MG 100ML,0,2.5,3.0,36.64,7.71,0.0,0.0,0.0,0.0,0,static
2024-11-02,841,51957,HEDERA CIMED 7MG 100ML,0,2.5,3.0,36.64,7.71,0.0,0.0,0.0,0.0,0,static
2024-11-03,841,51957,HEDERA CIMED 7MG 100ML,0,2.5,3.0,36.64,7.71,0.0,0.0,0.0,0.0,0,static
2024-11-04,841,51957,HEDERA CIMED 7MG 100ML,0,2.5,3.0,36.64,7.71,0.0,0.0,0.0,0.0,0,static
2024-11-05,841,51957,HEDERA CIMED 7MG 100ML,0,2.5,3.0,36.64,7.71,0.0,0.0,0.0,0.0,0,static
2024-11-06,841,51957,HEDERA CIMED 7MG 100ML,0,2.5,3.0,36.64,7.71,0.0,0.0,0.0,0.0,0,static
2024-11-07,841,51957,HEDERA CIMED 7MG 100ML,0,2.5,3.0,36.64,7.71,0.0,0.0,0.0,0.0,0,static
2024-11-08,841,51957,HEDERA CIMED 7MG 100ML,0,2.5,3.0,36.64,7.71,0.0,0.0,0.0,0.0,0,static
2024-11-09,841,51957,HEDERA CIMED 7MG 100ML,0,2.5,3.0,36.64,7.71,0.0,0.0,0.0,0.0,0,static
2024-11-10,841,51957,HEDERA CIMED 7MG 100ML,0,2.5,3.0,36.64,7.71,0.0,0.0,0.0,0.0,0,static
2024-11-11,841,51957,HEDERA CIMED 7MG 100ML,0,2.5,3.0,36.64,7.71,0.0,0.0,0.0,0.0,0,static
2024-11-12,841,51957,HEDERA CIMED 7MG 100ML,0,2.5,3.0,36.64,7.71,0.0,0.0,0.0,0.0,0,static
2024-11-13,841,51957,HEDERA CIMED 7MG 100ML,0,2.5,3.0,36.64,7.71,0.0,0.0,0.0,0.0,0,static
2024-11-14,841,51957,HEDERA CIMED 7MG 100ML,0,2.5,3.0,36.64,7.71,0.0,0.0,0.0,0.0,0,static
2024-11-15,841,51957,HEDERA CIMED 7MG 100ML,0,2.5,3.0,36.64,7.71,0.0,0.0,0.0,0.0,0,static
2024-11-16,841,51957,HEDERA CIMED 7MG 100ML,0,2.5,3.0,36.64,7.71,0.0,0.0,0.0,0.0,0,static
2024-11-17,841,51957,HEDERA CIMED 7MG 100ML,0,2.5,3.0,36.64,7.71,0.0,0.0,0.0,0.0,0,static
2024-11-18,841,51957,HEDERA CIMED 7MG 100ML,0,2.5,3.0,36.64,7.71,0.0,0.0,0.0,0.0,0,static
2024-11-19,841,51957,HEDERA CIMED 7MG 100ML,0,2.5,3.0,36.64,7.71,0.0,0.0,0.0,0.0,0,static
2024-11-20,841,51957,HEDERA CIMED 7MG 100ML,0,2.5,3.0,36.64,7.71,0.0,0.0,0.0,0.0,0,static
2024-11-21,841,51957,HEDERA CIMED 7MG 100ML,0,2.5,3.0,36.64,7.71,0.0,0.0,0.0,0.0,0,static
2024-11-22,841,51957,HEDERA CIMED 7MG 100ML,0,2.5,3.0,36.64,7.71,0.0,0.0,0.0,0.0,0,static
2024-11-23,841,51957,HEDERA CIMED 7MG 100ML,0,2.5,3.0,36.64,7.71,0.0,0.0,0.0,0.0,0,static
2024-11-24,841,51957,HEDERA CIMED 7MG 100ML,0,2.5,3.0,36.64,7.71,0.0,0.0,0.0,0.0,0,static
2024-11-25,841,51957,HEDERA CIMED 7MG 100ML,0,2.5,3.0,36.64,7.71,0.0,0.0,0.0,0.0,0,static
2024-11-26,841,51957,HEDERA CIMED 7MG 100ML,0,2.5,3.0,36.64,7.71,0.0,0.0,0.0,0.0,0,static
2024-11-27,841,51957,HEDERA CIMED 7MG 100ML,0,2.5,3.0,36.64,7.71,0.0,0.0,0.0,0.0,0,static
2024-11-28,841,51957,HEDERA CIMED 7MG 100ML,0,2.5,3.0,36.64,7.71,0.0,0.0,0.0,0.0,0,static
2024-11-29,841,51957,HEDERA CIMED 7MG 100ML,0,2.5,3.0,36.64,7.71,0.0,0.0,0.0,0.0,0,static
2024-11-30,841,51957,HEDERA CIMED 7MG 100ML,0,2.5,3.0,36.64,7.71,0.0,0.0,0.0,0.0,0,static
2024-12-01,841,51957,HEDERA CIMED 7MG 100ML,0,2.5,3.0,36.64,7.71,0.0,0.0,0.0,0.0,0,static
2024-12-02,841,51957,HEDERA CIMED 7MG 100ML,0,2.5,3.0,36.64,7.71,0.0,0.0,0.0,0.0,0,static
2024-12-03,841,51957,HEDERA CIMED 7MG 100ML,0,2.5,3.0,36.64,7.71,0.0,0.0,0.0,0.0,0,static
2024-12-04,841,51957,HEDERA CIMED 7MG 100ML,0,2.5,3.0,36.64,7.71,0.0,0.0,0.0,0.0,0,static
2024-12-05,841,51957,HEDERA CIMED 7MG 100ML,0,2.5,3.0,36.64,7.71,0.0,0.0,0.0,0.0,0,static
2024-12-06,841,51957,HEDERA CIMED 7MG 100ML,0,2.5,3.0,36.64,7.71,0.0,0.0,0.0,0.0,0,static
2024-12-07,841,51957,HEDERA CIMED 7MG 100ML,0,2.5,3.0,36.64,7.71,0.0,0.0,0.0,0.0,0,static
2024-12-08,841,51957,HEDERA CIMED 7MG 100ML,0,2.5,3.0,36.64,7.71,0.0,0.0,0.0,0.0,0,static
2024-12-09,841,51957,HEDERA CIMED 7MG 100ML,0,2.5,3.0,36.64,7.71,0.0,0.0,0.0,0.0,0,static
2024-12-10,841,51957,HEDERA CIMED 7MG 100ML,0,2.5,3.0,36.64,7.71,0.0,0.0,0.0,0.0,0,static
2024-12-11,841,51957,HEDERA CIMED 7MG 100ML,0,2.5,3.0,36.64,7.71,0.0,0.0,0.0,0.0,0,static
2024-12-12,841,51957,HEDERA CIMED 7MG 100ML,0,2.5,3.0,36.64,7.71,0.0,0.0,0.0,0.0,0,static
2024-12-13,841,51957,HEDERA CIMED 7MG 100ML,0,2.5,3.0,36.64,7.71,0.0,0.0,0.0,0.0,0,static
2024-12-14,841,51957,HEDERA CIMED 7MG 100ML,0,2.5,3.0,36.64,7.71,0.0,0.0,0.0,0.0,0,static
2024-12-15,841,51957,HEDERA CIMED 7MG 100ML,0,2.5,3.0,36.64,7.71,0.0,0.0,0.0,0.0,0,static
2024-12-16,841,51957,HEDERA CIMED 7MG 100ML,0,2.5,3.0,36.64,7.71,0.0,0.0,0.0,0.0,0,static
2024-12-17,841,51957,HEDERA CIMED 7MG 100ML,0,2.5,3.0,36.64,7.71,0.0,0.0,0.0,0.0,0,static
2024-12-18,841,51957,HEDERA CIMED 7MG 100ML,0,2.5,3.0,36.64,7.71,0.0,0.0,0.0,0.0,0,static
2024-12-19,841,51957,HEDERA CIMED 7MG 100ML,0,2.5,3.0,36.64,7.71,0.0,0.0,0.0,0.0,0,static
2024-12-20,841,51957,HEDERA CIMED 7MG 100ML,0,2.5,3.0,36.64,7.71,0.0,0.0,0.0,0.0,0,static
2024-12-21,841,51957,HEDERA CIMED 7MG 100ML,0,2.5,3.0,36.64,7.71,0.0,0.0,0.0,0.0,0,static
2024-12-22,841,51957,HEDERA CIMED 7MG 100ML,0,2.5,3.0,36.64,7.71,0.0,0.0,0.0,0.0,0,static
2024-12-23,841,51957,HEDERA CIMED 7MG 100ML,0,2.5,3.0,36.64,7.71,0.0,0.0,0.0,0.0,0,static
2024-12-24,841,51957,HEDERA CIMED 7MG 100ML,0,2.5,3.0,36.64,7.71,0.0,0.0,0.0,0.0,0,static
2024-12-25,841,51957,HEDERA CIMED 7MG 100ML,0,2.5,3.0,36.64,7.71,0.0,0.0,0.0,0.0,0,static
2024-12-26,841,51957,HEDERA CIMED 7MG 100ML,0,2.5,3.0,36.64,7.71,0.0,0.0,0.0,0.0,0,static
2024-12-27,841,51957,HEDERA CIMED 7MG 100ML,0,2.5,3.0,36.64,7.71,0.0,0.0,0.0,0.0,0,static
2024-12-28,841,51957,HEDERA CIMED 7MG 100ML,0,2.5,3.0,36.64,7.71,0.0,0.0,0.0,0.0,0,static
2024-12-29,841,51957,HEDERA CIMED 7MG 100ML,0,2.5,3.0,36.64,7.71,0.0,0.0,0.0,0.0,0,static
2024-12-30,841,51957,HEDERA CIMED 7MG 100ML,0,2.5,3.0,36.64,7.71,0.0,0.0,0.0,0.0,0,static
2024-12-31,841,51957,HEDERA CIMED 7MG 100ML,0,2.5,3.0,36.64,7.71,0.0,0.0,0.0,0.0,0,static
2024-10-01,841,5345,NARIDRIN ADULTO 15ML,0,1.7788461538461537,3.0,18.19,5.56,0.0865,0.1873,0.0,0.0,0,static
2024-10-02,841,5345,NARIDRIN ADULTO 15ML,0,1.7788461538461537,3.0,18.19,5.56,0.0427,0.1873,0.0,0.0,0,static
2024-10-03,841,5345,NARIDRIN ADULTO 15ML,0,1.7788461538461537,3.0,18.19,5.56,0.0427,0.1873,0.0,0.0,0,static
2024-10-04,841,5345,NARIDRIN ADULTO 15ML,0,1.7788461538461537,3.0,18.19,5.56,0.0427,0.1873,0.0,0.0,0,static
2024-10-05,841,5345,NARIDRIN ADULTO 15ML,0,1.7788461538461537,3.0,18.19,5.56,0.0427,0.1873,0.0,0.0,0,static
2024-10-06,841,5345,NARIDRIN ADULTO 15ML,0,1.7788461538461537,3.0,18.19,5.56,0.0998,0.1873,0.0,0.0,0,static
2024-10-07,841,5345,NARIDRIN ADULTO 15ML,0,1.7788461538461537,3.0,18.19,5.56,0.0561,0.1873,0.0,0.0,0,static
2024-10-08,841,5345,NARIDRIN ADULTO 15ML,0,1.7788461538461537,3.0,18.19,5.56,0.0998,0.1873,0.0,0.0,0,static
2024-10-09,841,5345,NARIDRIN ADULTO 15ML,0,1.7788461538461537,3.0,18.19,5.56,0.0561,0.1873,0.0,0.0,0,static
2024-10-10,841,5345,NARIDRIN ADULTO 15ML,0,1.7788461538461537,3.0,18.19,5.56,0.0561,0.1873,0.0,0.0,0,static
2024-10-11,841,5345,NARIDRIN ADULTO 15ML,0,1.7788461538461537,3.0,18.19,5.56,0.0561,0.1873,0.0,0.0,0,static
2024-10-12,841,5345,NARIDRIN ADULTO 15ML,0,1.7788461538461537,3.0,18.19,5.56,0.0561,0.1873,0.0,0.0,0,static
2024-10-13,841,5345,NARIDRIN ADULTO 15ML,0,1.7788461538461537,3.0,18.19,5.56,0.0998,0.1873,1.0,1.0,0,static
2024-10-14,841,5345,NARIDRIN ADULTO 15ML,0,1.7788461538461537,3.0,18.19,5.56,0.0561,0.1873,0.0,0.0,0,static
2024-10-15,841,5345,NARIDRIN ADULTO 15ML,0,1.7788461538461537,3.0,18.19,5.56,0.0998,0.1873,0.0,0.0,0,static
2024-10-16,841,5345,NARIDRIN ADULTO 15ML,0,1.7788461538461537,3.0,18.19,5.56,0.0561,0.1873,0.0,0.0,0,static
2024-10-17,841,5345,NARIDRIN ADULTO 15ML,0,1.7788461538461537,3.0,18.19,5.56,0.0561,0.1873,0.0,0.0,0,static
2024-10-18,841,5345,NARIDRIN ADULTO 15ML,0,1.7788461538461537,3.0,18.19,5.56,0.0561,0.1873,0.0,0.0,0,static
2024-10-19,841,5345,NARIDRIN ADULTO 15ML,0,1.7788461538461537,3.0,18.19,5.56,0.0561,0.1873,0.0,0.0,0,static
2024-10-20,841,5345,NARIDRIN ADULTO 15ML,0,1.7788461538461537,3.0,18.19,5.56,0.0998,0.1873,0.0,0.0,0,static
2024-10-21,841,5345,NARIDRIN ADULTO 15ML,0,1.7788461538461537,3.0,18.19,5.56,0.0161,0.1873,1.0,1.0,0,static
2024-10-22,841,5345,NARIDRIN ADULTO 15ML,0,1.7788461538461537,3.0,18.19,5.56,0.0598,0.1873,0.0,0.0,0,static
2024-10-23,841,5345,NARIDRIN ADULTO 15ML,0,1.7788461538461537,3.0,18.19,5.56,0.0161,0.1873,0.0,0.0,0,static
2024-10-24,841,5345,NARIDRIN ADULTO 15ML,0,1.7788461538461537,3.0,18.19,5.56,0.0161,0.1873,0.0,0.0,0,static
2024-10-25,841,5345,NARIDRIN ADULTO 15ML,0,1.7788461538461537,3.0,18.19,5.56,0.0161,0.1873,1.0,1.0,0,static
2024-10-26,841,5345,NARIDRIN ADULTO 15ML,0,1.7788461538461537,3.0,18.19,5.56,0.0294,0.1873,0.0,0.0,0,static
2024-10-27,841,5345,NARIDRIN ADULTO 15ML,0,1.7788461538461537,3.0,18.19,5.56,0.0732,0.1873,0.0,0.0,0,static
2024-10-28,841,5345,NARIDRIN ADULTO 15ML,0,1.7788461538461537,3.0,18.19,5.56,0.0294,0.1873,0.0,0.0,0,static
2024-10-29,841,5345,NARIDRIN ADULTO 15ML,0,1.7788461538461537,3.0,18.19,5.56,0.0732,0.1873,0.0,0.0,0,static
2024-10-30,841,5345,NARIDRIN ADULTO 15ML,0,1.7788461538461537,3.0,18.19,5.56,0.0294,0.1873,0.0,0.0,0,static
2024-10-31,841,5345,NARIDRIN ADULTO 15ML,0,1.7788461538461537,3.0,18.19,5.56,0.0294,0.1873,0.0,0.0,0,static
2024-11-01,841,5345,NARIDRIN ADULTO 15ML,0,1.7788461538461537,3.0,18.19,5.56,0.0294,0.1873,0.0,0.0,0,static
2024-11-02,841,5345,NARIDRIN ADULTO 15ML,0,1.7788461538461537,3.0,18.19,5.56,0.0294,0.1873,0.0,0.0,0,static
2024-11-03,841,5345,NARIDRIN ADULTO 15ML,0,1.7788461538461537,3.0,18.19,5.56,0.0732,0.1873,0.0,0.0,0,static
2024-11-04,841,5345,NARIDRIN ADULTO 15ML,0,1.7788461538461537,3.0,18.19,5.56,0.0294,0.1873,0.0,0.0,0,static
2024-11-05,841,5345,NARIDRIN ADULTO 15ML,0,1.7788461538461537,3.0,18.19,5.56,0.0732,0.1873,0.0,0.0,0,static
2024-11-06,841,5345,NARIDRIN ADULTO 15ML,0,1.7788461538461537,3.0,18.19,5.56,0.0294,0.1873,0.0,0.0,0,static
2024-11-07,841,5345,NARIDRIN ADULTO 15ML,0,1.7788461538461537,3.0,18.19,5.56,0.0294,0.1873,0.0,0.0,0,static
2024-11-08,841,5345,NARIDRIN ADULTO 15ML,0,1.7788461538461537,3.0,18.19,5.56,0.0294,0.1873,0.0,0.0,0,static
2024-11-09,841,5345,NARIDRIN ADULTO 15ML,0,1.7788461538461537,3.0,18.19,5.56,0.0294,0.1873,0.0,0.0,0,static
2024-11-10,841,5345,NARIDRIN ADULTO 15ML,0,1.7788461538461537,3.0,18.19,5.56,0.0598,0.1873,0.0,0.0,0,static
2024-11-11,841,5345,NARIDRIN ADULTO 15ML,0,1.7788461538461537,3.0,18.19,5.56,0.0161,0.1873,0.0,0.0,0,static
2024-11-12,841,5345,NARIDRIN ADULTO 15ML,0,1.7788461538461537,3.0,18.19,5.56,0.0598,0.1873,0.0,0.0,0,static
2024-11-13,841,5345,NARIDRIN ADULTO 15ML,0,1.7788461538461537,3.0,18.19,5.56,0.0161,0.1873,0.0,0.0,0,static
2024-11-14,841,5345,NARIDRIN ADULTO 15ML,0,1.7788461538461537,3.0,18.19,5.56,0.0161,0.1873,0.0,0.0,0,static
2024-11-15,841,5345,NARIDRIN ADULTO 15ML,0,1.7788461538461537,3.0,18.19,5.56,0.0161,0.1873,0.0,0.0,0,static
2024-11-16,841,5345,NARIDRIN ADULTO 15ML,0,1.7788461538461537,3.0,18.19,5.56,0.0161,0.1873,0.0,0.0,0,static
2024-11-17,841,5345,NARIDRIN ADULTO 15ML,0,1.7788461538461537,3.0,18.19,5.56,0.0598,0.1873,0.0,0.0,0,static
2024-11-18,841,5345,NARIDRIN ADULTO 15ML,0,1.7788461538461537,3.0,18.19,5.56,0.0161,0.1873,0.0,0.0,0,static
2024-11-19,841,5345,NARIDRIN ADULTO 15ML,0,1.7788461538461537,3.0,18.19,5.56,0.0598,0.1873,0.0,0.0,0,static
2024-11-20,841,5345,NARIDRIN ADULTO 15ML,0,1.7788461538461537,3.0,18.19,5.56,0.0161,0.1873,0.0,0.0,0,static
2024-11-21,841,5345,NARIDRIN ADULTO 15ML,0,1.7788461538461537,3.0,18.19,5.56,0.0161,0.1873,0.0,0.0,0,static
2024-11-22,841,5345,NARIDRIN ADULTO 15ML,0,1.7788461538461537,3.0,18.19,5.56,0.0161,0.1873,0.0,0.0,0,static
2024-11-23,841,5345,NARIDRIN ADULTO 15ML,0,1.7788461538461537,3.0,18.19,5.56,0.0294,0.1873,0.0,0.0,0,static
2024-11-24,841,5345,NARIDRIN ADULTO 15ML,0,1.7788461538461537,3.0,18.19,5.56,0.0732,0.1873,1.0,1.0,0,static
2024-11-25,841,5345,NARIDRIN ADULTO 15ML,0,1.7788461538461537,3.0,18.19,5.56,0.0294,0.1873,0.0,0.0,0,static
2024-11-26,841,5345,NARIDRIN ADULTO 15ML,0,1.7788461538461537,3.0,18.19,5.56,0.0732,0.1873,0.0,0.0,0,static
2024-11-27,841,5345,NARIDRIN ADULTO 15ML,0,1.7788461538461537,3.0,18.19,5.56,0.0294,0.1873,0.0,0.0,0,static
2024-11-28,841,5345,NARIDRIN ADULTO 15ML,0,1.7788461538461537,3.0,18.19,5.56,0.0294,0.1873,0.0,0.0,0,static
2024-11-29,841,5345,NARIDRIN ADULTO 15ML,0,1.7788461538461537,3.0,18.19,5.56,0.0294,0.1873,0.0,0.0,0,static
2024-11-30,841,5345,NARIDRIN ADULTO 15ML,0,1.7788461538461537,3.0,18.19,5.56,0.0294,0.1873,0.0,0.0,0,static
2024-12-01,841,5345,NARIDRIN ADULTO 15ML,0,1.7788461538461537,3.0,18.19,5.56,0.0732,0.1873,0.0,0.0,0,static
2024-12-02,841,5345,NARIDRIN ADULTO 15ML,0,1.7788461538461537,3.0,18.19,5.56,0.0294,0.1873,0.0,0.0,0,static
2024-12-03,841,5345,NARIDRIN ADULTO 15ML,0,1.7788461538461537,3.0,18.19,5.56,0.0732,0.1873,0.0,0.0,0,static
2024-12-04,841,5345,NARIDRIN ADULTO 15ML,0,1.7788461538461537,3.0,18.19,5.56,0.0294,0.1873,0.0,0.0,0,static
2024-12-05,841,5345,NARIDRIN ADULTO 15ML,0,1.7788461538461537,3.0,18.19,5.56,0.0294,0.1873,0.0,0.0,0,static
2024-12-06,841,5345,NARIDRIN ADULTO 15ML,0,1.7788461538461537,3.0,18.19,5.56,0.0294,0.1873,0.0,0.0,0,static
2024-12-07,841,5345,NARIDRIN ADULTO 15ML,0,1.7788461538461537,3.0,18.19,5.56,0.0294,0.1873,0.0,0.0,0,static
2024-12-08,841,5345,NARIDRIN ADULTO 15ML,0,1.7788461538461537,3.0,18.19,5.56,0.0598,0.1873,0.0,0.0,0,static
2024-12-09,841,5345,NARIDRIN ADULTO 15ML,0,1.7788461538461537,3.0,18.19,5.56,0.0161,0.1873,0.0,0.0,0,static
2024-12-10,841,5345,NARIDRIN ADULTO 15ML,0,1.7788461538461537,3.0,18.19,5.56,0.0598,0.1873,0.0,0.0,0,static
2024-12-11,841,5345,NARIDRIN ADULTO 15ML,0,1.7788461538461537,3.0,18.19,5.56,0.0161,0.1873,1.0,1.0,0,static
2024-12-12,841,5345,NARIDRIN ADULTO 15ML,0,1.7788461538461537,3.0,18.19,5.56,0.0161,0.1873,0.0,0.0,0,static
2024-12-13,841,5345,NARIDRIN ADULTO 15ML,0,1.7788461538461537,3.0,18.19,5.56,0.0161,0.1873,0.0,0.0,0,static
2024-12-14,841,5345,NARIDRIN ADULTO 15ML,0,1.7788461538461537,3.0,18.19,5.56,0.0161,0.1873,0.0,0.0,0,static
2024-12-15,841,5345,NARIDRIN ADULTO 15ML,0,1.7788461538461537,3.0,18.19,5.56,0.0598,0.1873,0.0,0.0,0,static
2024-12-16,841,5345,NARIDRIN ADULTO 15ML,0,1.7788461538461537,3.0,18.19,5.56,0.0161,0.1873,0.0,0.0,0,static
2024-12-17,841,5345,NARIDRIN ADULTO 15ML,0,1.7788461538461537,3.0,18.19,5.56,0.0598,0.1873,0.0,0.0,0,static
2024-12-18,841,5345,NARIDRIN ADULTO 15ML,0,1.7788461538461537,3.0,18.19,5.56,0.0161,0.1873,0.0,0.0,0,static
2024-12-19,841,5345,NARIDRIN ADULTO 15ML,0,1.7788461538461537,3.0,18.19,5.56,0.0161,0.1873,0.0,0.0,0,static
2024-12-20,841,5345,NARIDRIN ADULTO 15ML,0,1.7788461538461537,3.0,18.19,5.56,0.0161,0.1873,1.0,1.0,0,static
2024-12-21,841,5345,NARIDRIN ADULTO 15ML,0,1.7788461538461537,3.0,18.19,5.56,0.0161,0.1873,0.0,0.0,0,static
2024-12-22,841,5345,NARIDRIN ADULTO 15ML,0,1.7788461538461537,3.0,18.19,5.56,0.0598,0.1873,0.0,0.0,0,static
2024-12-23,841,5345,NARIDRIN ADULTO 15ML,0,1.7788461538461537,3.0,18.19,5.56,0.0161,0.1873,0.0,0.0,0,static
2024-12-24,841,5345,NARIDRIN ADULTO 15ML,0,1.7788461538461537,3.0,18.19,5.56,0.0598,0.1873,0.0,0.0,0,static
2024-12-25,841,5345,NARIDRIN ADULTO 15ML,0,1.7788461538461537,3.0,18.19,5.56,0.0161,0.1873,0.0,0.0,0,static
2024-12-26,841,5345,NARIDRIN ADULTO 15ML,0,1.7788461538461537,3.0,18.19,5.56,0.0161,0.1873,0.0,0.0,0,static
2024-12-27,841,5345,NARIDRIN ADULTO 15ML,0,1.7788461538461537,3.0,18.19,5.56,0.0161,0.1873,0.0,0.0,0,static
2024-12-28,841,5345,NARIDRIN ADULTO 15ML,0,1.7788461538461537,3.0,18.19,5.56,0.0161,0.1873,0.0,0.0,0,static
2024-12-29,841,5345,NARIDRIN ADULTO 15ML,0,1.7788461538461537,3.0,18.19,5.56,0.0598,0.1873,0.0,0.0,0,static
2024-12-30,841,5345,NARIDRIN ADULTO 15ML,0,1.7788461538461537,3.0,18.19,5.56,0.0161,0.1873,0.0,0.0,0,static
2024-12-31,841,5345,NARIDRIN ADULTO 15ML,0,1.7788461538461537,3.0,18.19,5.56,0.0598,0.1873,1.0,1.0,0,static
2024-10-01,841,54554,ALOFF XPE 60ML,0,2.5,3.0,33.04,18.81,0.0,0.0,0.0,0.0,0,static
2024-10-02,841,54554,ALOFF XPE 60ML,0,2.5,3.0,33.04,18.81,0.0,0.0,0.0,0.0,0,static
2024-10-03,841,54554,ALOFF XPE 60ML,0,2.5,3.0,33.04,18.81,0.0,0.0,0.0,0.0,0,static
2024-10-04,841,54554,ALOFF XPE 60ML,0,2.5,3.0,33.04,18.81,0.0,0.0,0.0,0.0,0,static
2024-10-05,841,54554,ALOFF XPE 60ML,0,2.5,3.0,33.04,18.81,0.0,0.0,0.0,0.0,0,static
2024-10-06,841,54554,ALOFF XPE 60ML,0,2.5,3.0,33.04,18.81,0.0,0.0,0.0,0.0,0,static
2024-10-07,841,54554,ALOFF XPE 60ML,0,2.5,3.0,33.04,18.81,0.0,0.0,0.0,0.0,0,static
2024-10-08,841,54554,ALOFF XPE 60ML,0,2.5,3.0,33.04,18.81,0.0,0.0,0.0,0.0,0,static
2024-10-09,841,54554,ALOFF XPE 60ML,0,2.5,3.0,33.04,18.81,0.0,0.0,0.0,0.0,0,static
2024-10-10,841,54554,ALOFF XPE 60ML,0,2.5,3.0,33.04,18.81,0.0,0.0,0.0,0.0,0,static
2024-10-11,841,54554,ALOFF XPE 60ML,0,2.5,3.0,33.04,18.81,0.0,0.0,0.0,0.0,0,static
2024-10-12,841,54554,ALOFF XPE 60ML,0,2.5,3.0,33.04,18.81,0.0,0.0,0.0,0.0,0,static
2024-10-13,841,54554,ALOFF XPE 60ML,0,2.5,3.0,33.04,18.81,0.0,0.0,0.0,0.0,0,static
2024-10-14,841,54554,ALOFF XPE 60ML,0,2.5,3.0,33.04,18.81,0.0,0.0,0.0,0.0,0,static
2024-10-15,841,54554,ALOFF XPE 60ML,0,2.5,3.0,33.04,18.81,0.0,0.0,0.0,0.0,0,static
2024-10-16,841,54554,ALOFF XPE 60ML,0,2.5,3.0,33.04,18.81,0.0,0.0,0.0,0.0,0,static
2024-10-17,841,54554,ALOFF XPE 60ML,0,2.5,3.0,33.04,18.81,0.0,0.0,0.0,0.0,0,static
2024-10-18,841,54554,ALOFF XPE 60ML,0,2.5,3.0,33.04,18.81,0.0,0.0,0.0,0.0,0,static
2024-10-19,841,54554,ALOFF XPE 60ML,0,2.5,3.0,33.04,18.81,0.0,0.0,0.0,0.0,0,static
2024-10-20,841,54554,ALOFF XPE 60ML,0,2.5,3.0,33.04,18.81,0.0,0.0,0.0,0.0,0,static
2024-10-21,841,54554,ALOFF XPE 60ML,0,2.5,3.0,33.04,18.81,0.0,0.0,0.0,0.0,0,static
2024-10-22,841,54554,ALOFF XPE 60ML,0,2.5,3.0,33.04,18.81,0.0,0.0,0.0,0.0,0,static
2024-10-23,841,54554,ALOFF XPE 60ML,0,2.5,3.0,33.04,18.81,0.0,0.0,0.0,0.0,0,static
2024-10-24,841,54554,ALOFF XPE 60ML,0,2.5,3.0,33.04,18.81,0.0,0.0,0.0,0.0,0,static
2024-10-25,841,54554,ALOFF XPE 60ML,0,2.5,3.0,33.04,18.81,0.0,0.0,0.0,0.0,0,static
2024-10-26,841,54554,ALOFF XPE 60ML,0,2.5,3.0,33.04,18.81,0.0,0.0,0.0,0.0,0,static
2024-10-27,841,54554,ALOFF XPE 60ML,0,2.5,3.0,33.04,18.81,0.0,0.0,0.0,0.0,0,static
2024-10-28,841,54554,ALOFF XPE 60ML,0,2.5,3.0,33.04,18.81,0.0,0.0,0.0,0.0,0,static
2024-10-29,841,54554,ALOFF XPE 60ML,0,2.5,3.0,33.04,18.81,0.0,0.0,0.0,0.0,0,static
2024-10-30,841,54554,ALOFF XPE 60ML,0,2.5,3.0,33.04,18.81,0.0,0.0,0.0,0.0,0,static
2024-10-31,841,54554,ALOFF XPE 60ML,0,2.5,3.0,33.04,18.81,0.0,0.0,0.0,0.0,0,static
2024-11-01,841,54554,ALOFF XPE 60ML,0,2.5,3.0,33.04,18.81,0.0,0.0,0.0,0.0,0,static
2024-11-02,841,54554,ALOFF XPE 60ML,0,2.5,3.0,33.04,18.81,0.0,0.0,0.0,0.0,0,static
2024-11-03,841,54554,ALOFF XPE 60ML,0,2.5,3.0,33.04,18.81,0.0,0.0,0.0,0.0,0,static
2024-11-04,841,54554,ALOFF XPE 60ML,0,2.5,3.0,33.04,18.81,0.0,0.0,0.0,0.0,0,static
2024-11-05,841,54554,ALOFF XPE 60ML,0,2.5,3.0,33.04,18.81,0.0,0.0,0.0,0.0,0,static
2024-11-06,841,54554,ALOFF XPE 60ML,0,2.5,3.0,33.04,18.81,0.0,0.0,0.0,0.0,0,static
2024-11-07,841,54554,ALOFF XPE 60ML,0,2.5,3.0,33.04,18.81,0.0,0.0,0.0,0.0,0,static
2024-11-08,841,54554,ALOFF XPE 60ML,0,2.5,3.0,33.04,18.81,0.0,0.0,0.0,0.0,0,static
2024-11-09,841,54554,ALOFF XPE 60ML,0,2.5,3.0,33.04,18.81,0.0,0.0,0.0,0.0,0,static
2024-11-10,841,54554,ALOFF XPE 60ML,0,2.5,3.0,33.04,18.81,0.0,0.0,0.0,0.0,0,static
2024-11-11,841,54554,ALOFF XPE 60ML,0,2.5,3.0,33.04,18.81,0.0,0.0,0.0,0.0,0,static
2024-11-12,841,54554,ALOFF XPE 60ML,0,2.5,3.0,33.04,18.81,0.0,0.0,0.0,0.0,0,static
2024-11-13,841,54554,ALOFF XPE 60ML,0,2.5,3.0,33.04,18.81,0.0,0.0,0.0,0.0,0,static
2024-11-14,841,54554,ALOFF XPE 60ML,0,2.5,3.0,33.04,18.81,0.0,0.0,0.0,0.0,0,static
2024-11-15,841,54554,ALOFF XPE 60ML,0,2.5,3.0,33.04,18.81,0.0,0.0,0.0,0.0,0,static
2024-11-16,841,54554,ALOFF XPE 60ML,0,2.5,3.0,33.04,18.81,0.0,0.0,0.0,0.0,0,static
2024-11-17,841,54554,ALOFF XPE 60ML,0,2.5,3.0,33.04,18.81,0.0,0.0,0.0,0.0,0,static
2024-11-18,841,54554,ALOFF XPE 60ML,0,2.5,3.0,33.04,18.81,0.0,0.0,0.0,0.0,0,static
2024-11-19,841,54554,ALOFF XPE 60ML,0,2.5,3.0,33.04,18.81,0.0,0.0,0.0,0.0,0,static
2024-11-20,841,54554,ALOFF XPE 60ML,0,2.5,3.0,33.04,18.81,0.0,0.0,0.0,0.0,0,static
2024-11-21,841,54554,ALOFF XPE 60ML,0,2.5,3.0,33.04,18.81,0.0,0.0,0.0,0.0,0,static
2024-11-22,841,54554,ALOFF XPE 60ML,0,2.5,3.0,33.04,18.81,0.0,0.0,0.0,0.0,0,static
2024-11-23,841,54554,ALOFF XPE 60ML,0,2.5,3.0,33.04,18.81,0.0,0.0,0.0,0.0,0,static
2024-11-24,841,54554,ALOFF XPE 60ML,0,2.5,3.0,33.04,18.81,0.0,0.0,0.0,0.0,0,static
2024-11-25,841,54554,ALOFF XPE 60ML,0,2.5,3.0,33.04,18.81,0.0,0.0,0.0,0.0,0,static
2024-11-26,841,54554,ALOFF XPE 60ML,0,2.5,3.0,33.04,18.81,0.0,0.0,0.0,0.0,0,static
2024-11-27,841,54554,ALOFF XPE 60ML,0,2.5,3.0,33.04,18.81,0.0,0.0,0.0,0.0,0,static
2024-11-28,841,54554,ALOFF XPE 60ML,0,2.5,3.0,33.04,18.81,0.0,0.0,0.0,0.0,0,static
2024-11-29,841,54554,ALOFF XPE 60ML,0,2.5,3.0,33.04,18.81,0.0,0.0,0.0,0.0,0,static
2024-11-30,841,54554,ALOFF XPE 60ML,0,2.5,3.0,33.04,18.81,0.0,0.0,0.0,0.0,0,static
2024-12-01,841,54554,ALOFF XPE 60ML,0,2.5,3.0,33.04,18.81,0.0,0.0,0.0,0.0,0,static
2024-12-02,841,54554,ALOFF XPE 60ML,0,2.5,3.0,33.04,18.81,0.0,0.0,0.0,0.0,0,static
2024-12-03,841,54554,ALOFF XPE 60ML,0,2.5,3.0,33.04,18.81,0.0,0.0,0.0,0.0,0,static
2024-12-04,841,54554,ALOFF XPE 60ML,0,2.5,3.0,33.04,18.81,0.0,0.0,0.0,0.0,0,static
2024-12-05,841,54554,ALOFF XPE 60ML,0,2.5,3.0,33.04,18.81,0.0,0.0,0.0,0.0,0,static
2024-12-06,841,54554,ALOFF XPE 60ML,0,2.5,3.0,33.04,18.81,0.0,0.0,0.0,0.0,0,static
2024-12-07,841,54554,ALOFF XPE 60ML,0,2.5,3.0,33.04,18.81,0.0,0.0,0.0,0.0,0,static
2024-12-08,841,54554,ALOFF XPE 60ML,0,2.5,3.0,33.04,18.81,0.0,0.0,0.0,0.0,0,static
2024-12-09,841,54554,ALOFF XPE 60ML,0,2.5,3.0,33.04,18.81,0.0,0.0,0.0,0.0,0,static
2024-12-10,841,54554,ALOFF XPE 60ML,0,2.5,3.0,33.04,18.81,0.0,0.0,0.0,0.0,0,static
2024-12-11,841,54554,ALOFF XPE 60ML,0,2.5,3.0,33.04,18.81,0.0,0.0,0.0,0.0,0,static
2024-12-12,841,54554,ALOFF XPE 60ML,0,2.5,3.0,33.04,18.81,0.0,0.0,0.0,0.0,0,static
2024-12-13,841,54554,ALOFF XPE 60ML,0,2.5,3.0,33.04,18.81,0.0,0.0,0.0,0.0,0,static
2024-12-14,841,54554,ALOFF XPE 60ML,0,2.5,3.0,33.04,18.81,0.0,0.0,0.0,0.0,0,static
2024-12-15,841,54554,ALOFF XPE 60ML,0,2.5,3.0,33.04,18.81,0.0,0.0,0.0,0.0,0,static
2024-12-16,841,54554,ALOFF XPE 60ML,0,2.5,3.0,33.04,18.81,0.0,0.0,0.0,0.0,0,static
2024-12-17,841,54554,ALOFF XPE 60ML,0,2.5,3.0,33.04,18.81,0.0,0.0,0.0,0.0,0,static
2024-12-18,841,54554,ALOFF XPE 60ML,0,2.5,3.0,33.04,18.81,0.0,0.0,0.0,0.0,0,static
2024-12-19,841,54554,ALOFF XPE 60ML,0,2.5,3.0,33.04,18.81,0.0,0.0,0.0,0.0,0,static
2024-12-20,841,54554,ALOFF XPE 60ML,0,2.5,3.0,33.04,18.81,0.0,0.0,0.0,0.0,0,static
2024-12-21,841,54554,ALOFF XPE 60ML,0,2.5,3.0,33.04,18.81,0.0,0.0,0.0,0.0,0,static
2024-12-22,841,54554,ALOFF XPE 60ML,0,2.5,3.0,33.04,18.81,0.0,0.0,0.0,0.0,0,static
2024-12-23,841,54554,ALOFF XPE 60ML,0,2.5,3.0,33.04,18.81,0.0,0.0,0.0,0.0,0,static
2024-12-24,841,54554,ALOFF XPE 60ML,0,2.5,3.0,33.04,18.81,0.0,0.0,0.0,0.0,0,static
2024-12-25,841,54554,ALOFF XPE 60ML,0,2.5,3.0,33.04,18.81,0.0,0.0,0.0,0.0,0,static
2024-12-26,841,54554,ALOFF XPE 60ML,0,2.5,3.0,33.04,18.81,0.0,0.0,0.0,0.0,0,static
2024-12-27,841,54554,ALOFF XPE 60ML,0,2.5,3.0,33.04,18.81,0.0,0.0,0.0,0.0,0,static
2024-12-28,841,54554,ALOFF XPE 60ML,0,2.5,3.0,33.04,18.81,0.0,0.0,0.0,0.0,0,static
2024-12-29,841,54554,ALOFF XPE 60ML,0,2.5,3.0,33.04,18.81,0.0,0.0,0.0,0.0,0,static
2024-12-30,841,54554,ALOFF XPE 60ML,0,2.5,3.0,33.04,18.81,0.0,0.0,0.0,0.0,0,static
2024-12-31,841,54554,ALOFF XPE 60ML,0,2.5,3.0,33.04,18.81,0.0,0.0,0.0,0.0,0,static
2024-10-01,841,55917,POLARATUSS LIQ 120ML,0,2.5,3.0,30.38,9.13,0.0,0.0,0.0,0.0,0,static
2024-10-02,841,55917,POLARATUSS LIQ 120ML,0,2.5,3.0,30.38,9.13,0.0,0.0,0.0,0.0,0,static
2024-10-03,841,55917,POLARATUSS LIQ 120ML,0,2.5,3.0,30.38,9.13,0.0,0.0,0.0,0.0,0,static
2024-10-04,841,55917,POLARATUSS LIQ 120ML,0,2.5,3.0,30.38,9.13,0.0,0.0,0.0,0.0,0,static
2024-10-05,841,55917,POLARATUSS LIQ 120ML,0,2.5,3.0,30.38,9.13,0.0,0.0,0.0,0.0,0,static
2024-10-06,841,55917,POLARATUSS LIQ 120ML,0,2.5,3.0,30.38,9.13,0.0,0.0,0.0,0.0,0,static
2024-10-07,841,55917,POLARATUSS LIQ 120ML,0,2.5,3.0,30.38,9.13,0.0,0.0,0.0,0.0,0,static
2024-10-08,841,55917,POLARATUSS LIQ 120ML,0,2.5,3.0,30.38,9.13,0.0,0.0,0.0,0.0,0,static
2024-10-09,841,55917,POLARATUSS LIQ 120ML,0,2.5,3.0,30.38,9.13,0.0,0.0,0.0,0.0,0,static
2024-10-10,841,55917,POLARATUSS LIQ 120ML,0,2.5,3.0,30.38,9.13,0.0,0.0,0.0,0.0,0,static
2024-10-11,841,55917,POLARATUSS LIQ 120ML,0,2.5,3.0,30.38,9.13,0.0,0.0,0.0,0.0,0,static
2024-10-12,841,55917,POLARATUSS LIQ 120ML,0,2.5,3.0,30.38,9.13,0.0,0.0,0.0,0.0,0,static
2024-10-13,841,55917,POLARATUSS LIQ 120ML,0,2.5,3.0,30.38,9.13,0.0,0.0,0.0,0.0,0,static
2024-10-14,841,55917,POLARATUSS LIQ 120ML,0,2.5,3.0,30.38,9.13,0.0,0.0,0.0,0.0,0,static
2024-10-15,841,55917,POLARATUSS LIQ 120ML,0,2.5,3.0,30.38,9.13,0.0,0.0,0.0,0.0,0,static
2024-10-16,841,55917,POLARATUSS LIQ 120ML,0,2.5,3.0,30.38,9.13,0.0,0.0,0.0,0.0,0,static
2024-10-17,841,55917,POLARATUSS LIQ 120ML,0,2.5,3.0,30.38,9.13,0.0,0.0,0.0,0.0,0,static
2024-10-18,841,55917,POLARATUSS LIQ 120ML,0,2.5,3.0,30.38,9.13,0.0,0.0,0.0,0.0,0,static
2024-10-19,841,55917,POLARATUSS LIQ 120ML,0,2.5,3.0,30.38,9.13,0.0,0.0,0.0,0.0,0,static
2024-10-20,841,55917,POLARATUSS LIQ 120ML,0,2.5,3.0,30.38,9.13,0.0,0.0,0.0,0.0,0,static
2024-10-21,841,55917,POLARATUSS LIQ 120ML,0,2.5,3.0,30.38,9.13,0.0,0.0,0.0,0.0,0,static
2024-10-22,841,55917,POLARATUSS LIQ 120ML,0,2.5,3.0,30.38,9.13,0.0,0.0,0.0,0.0,0,static
2024-10-23,841,55917,POLARATUSS LIQ 120ML,0,2.5,3.0,30.38,9.13,0.0,0.0,0.0,0.0,0,static
2024-10-24,841,55917,POLARATUSS LIQ 120ML,0,2.5,3.0,30.38,9.13,0.0,0.0,0.0,0.0,0,static
2024-10-25,841,55917,POLARATUSS LIQ 120ML,0,2.5,3.0,30.38,9.13,0.0,0.0,0.0,0.0,0,static
2024-10-26,841,55917,POLARATUSS LIQ 120ML,0,2.5,3.0,30.38,9.13,0.0,0.0,0.0,0.0,0,static
2024-10-27,841,55917,POLARATUSS LIQ 120ML,0,2.5,3.0,30.38,9.13,0.0,0.0,0.0,0.0,0,static
2024-10-28,841,55917,POLARATUSS LIQ 120ML,0,2.5,3.0,30.38,9.13,0.0,0.0,0.0,0.0,0,static
2024-10-29,841,55917,POLARATUSS LIQ 120ML,0,2.5,3.0,30.38,9.13,0.0,0.0,0.0,0.0,0,static
2024-10-30,841,55917,POLARATUSS LIQ 120ML,0,2.5,3.0,30.38,9.13,0.0,0.0,0.0,0.0,0,static
2024-10-31,841,55917,POLARATUSS LIQ 120ML,0,2.5,3.0,30.38,9.13,0.0,0.0,0.0,0.0,0,static
2024-11-01,841,55917,POLARATUSS LIQ 120ML,0,2.5,3.0,30.38,9.13,0.0,0.0,0.0,0.0,0,static
2024-11-02,841,55917,POLARATUSS LIQ 120ML,0,2.5,3.0,30.38,9.13,0.0,0.0,0.0,0.0,0,static
2024-11-03,841,55917,POLARATUSS LIQ 120ML,0,2.5,3.0,30.38,9.13,0.0,0.0,0.0,0.0,0,static
2024-11-04,841,55917,POLARATUSS LIQ 120ML,0,2.5,3.0,30.38,9.13,0.0,0.0,0.0,0.0,0,static
2024-11-05,841,55917,POLARATUSS LIQ 120ML,0,2.5,3.0,30.38,9.13,0.0,0.0,0.0,0.0,0,static
2024-11-06,841,55917,POLARATUSS LIQ 120ML,0,2.5,3.0,30.38,9.13,0.0,0.0,0.0,0.0,0,static
2024-11-07,841,55917,POLARATUSS LIQ 120ML,0,2.5,3.0,30.38,9.13,0.0,0.0,0.0,0.0,0,static
2024-11-08,841,55917,POLARATUSS LIQ 120ML,0,2.5,3.0,30.38,9.13,0.0,0.0,0.0,0.0,0,static
2024-11-09,841,55917,POLARATUSS LIQ 120ML,0,2.5,3.0,30.38,9.13,0.0,0.0,0.0,0.0,0,static
2024-11-10,841,55917,POLARATUSS LIQ 120ML,0,2.5,3.0,30.38,9.13,0.0,0.0,0.0,0.0,0,static
2024-11-11,841,55917,POLARATUSS LIQ 120ML,0,2.5,3.0,30.38,9.13,0.0,0.0,0.0,0.0,0,static
2024-11-12,841,55917,POLARATUSS LIQ 120ML,0,2.5,3.0,30.38,9.13,0.0,0.0,0.0,0.0,0,static
2024-11-13,841,55917,POLARATUSS LIQ 120ML,0,2.5,3.0,30.38,9.13,0.0,0.0,0.0,0.0,0,static
2024-11-14,841,55917,POLARATUSS LIQ 120ML,0,2.5,3.0,30.38,9.13,0.0,0.0,0.0,0.0,0,static
2024-11-15,841,55917,POLARATUSS LIQ 120ML,0,2.5,3.0,30.38,9.13,0.0,0.0,0.0,0.0,0,static
2024-11-16,841,55917,POLARATUSS LIQ 120ML,0,2.5,3.0,30.38,9.13,0.0,0.0,0.0,0.0,0,static
2024-11-17,841,55917,POLARATUSS LIQ 120ML,0,2.5,3.0,30.38,9.13,0.0,0.0,0.0,0.0,0,static
2024-11-18,841,55917,POLARATUSS LIQ 120ML,0,2.5,3.0,30.38,9.13,0.0,0.0,0.0,0.0,0,static
2024-11-19,841,55917,POLARATUSS LIQ 120ML,0,2.5,3.0,30.38,9.13,0.0,0.0,0.0,0.0,0,static
2024-11-20,841,55917,POLARATUSS LIQ 120ML,0,2.5,3.0,30.38,9.13,0.0,0.0,0.0,0.0,0,static
2024-11-21,841,55917,POLARATUSS LIQ 120ML,0,2.5,3.0,30.38,9.13,0.0,0.0,0.0,0.0,0,static
2024-11-22,841,55917,POLARATUSS LIQ 120ML,0,2.5,3.0,30.38,9.13,0.0,0.0,0.0,0.0,0,static
2024-11-23,841,55917,POLARATUSS LIQ 120ML,0,2.5,3.0,30.38,9.13,0.0,0.0,0.0,0.0,0,static
2024-11-24,841,55917,POLARATUSS LIQ 120ML,0,2.5,3.0,30.38,9.13,0.0,0.0,0.0,0.0,0,static
2024-11-25,841,55917,POLARATUSS LIQ 120ML,0,2.5,3.0,30.38,9.13,0.0,0.0,0.0,0.0,0,static
2024-11-26,841,55917,POLARATUSS LIQ 120ML,0,2.5,3.0,30.38,9.13,0.0,0.0,0.0,0.0,0,static
2024-11-27,841,55917,POLARATUSS LIQ 120ML,0,2.5,3.0,30.38,9.13,0.0,0.0,0.0,0.0,0,static
2024-11-28,841,55917,POLARATUSS LIQ 120ML,0,2.5,3.0,30.38,9.13,0.0,0.0,0.0,0.0,0,static
2024-11-29,841,55917,POLARATUSS LIQ 120ML,0,2.5,3.0,30.38,9.13,0.0,0.0,0.0,0.0,0,static
2024-11-30,841,55917,POLARATUSS LIQ 120ML,0,2.5,3.0,30.38,9.13,0.0,0.0,0.0,0.0,0,static
2024-12-01,841,55917,POLARATUSS LIQ 120ML,0,2.5,3.0,30.38,9.13,0.0,0.0,0.0,0.0,0,static
2024-12-02,841,55917,POLARATUSS LIQ 120ML,0,2.5,3.0,30.38,9.13,0.0,0.0,0.0,0.0,0,static
2024-12-03,841,55917,POLARATUSS LIQ 120ML,0,2.5,3.0,30.38,9.13,0.0,0.0,0.0,0.0,0,static
2024-12-04,841,55917,POLARATUSS LIQ 120ML,0,2.5,3.0,30.38,9.13,0.0,0.0,0.0,0.0,0,static
2024-12-05,841,55917,POLARATUSS LIQ 120ML,0,2.5,3.0,30.38,9.13,0.0,0.0,0.0,0.0,0,static
2024-12-06,841,55917,POLARATUSS LIQ 120ML,0,2.5,3.0,30.38,9.13,0.0,0.0,0.0,0.0,0,static
2024-12-07,841,55917,POLARATUSS LIQ 120ML,0,2.5,3.0,30.38,9.13,0.0,0.0,0.0,0.0,0,static
2024-12-08,841,55917,POLARATUSS LIQ 120ML,0,2.5,3.0,30.38,9.13,0.0,0.0,0.0,0.0,0,static
2024-12-09,841,55917,POLARATUSS LIQ 120ML,0,2.5,3.0,30.38,9.13,0.0,0.0,0.0,0.0,0,static
2024-12-10,841,55917,POLARATUSS LIQ 120ML,0,2.5,3.0,30.38,9.13,0.0,0.0,0.0,0.0,0,static
2024-12-11,841,55917,POLARATUSS LIQ 120ML,0,2.5,3.0,30.38,9.13,0.0,0.0,0.0,0.0,0,static
2024-12-12,841,55917,POLARATUSS LIQ 120ML,0,2.5,3.0,30.38,9.13,0.0,0.0,0.0,0.0,0,static
2024-12-13,841,55917,POLARATUSS LIQ 120ML,0,2.5,3.0,30.38,9.13,0.0,0.0,0.0,0.0,0,static
2024-12-14,841,55917,POLARATUSS LIQ 120ML,0,2.5,3.0,30.38,9.13,0.0,0.0,0.0,0.0,0,static
2024-12-15,841,55917,POLARATUSS LIQ 120ML,0,2.5,3.0,30.38,9.13,0.0,0.0,0.0,0.0,0,static
2024-12-16,841,55917,POLARATUSS LIQ 120ML,0,2.5,3.0,30.38,9.13,0.0,0.0,0.0,0.0,0,static
2024-12-17,841,55917,POLARATUSS LIQ 120ML,0,2.5,3.0,30.38,9.13,0.0,0.0,0.0,0.0,0,static
2024-12-18,841,55917,POLARATUSS LIQ 120ML,0,2.5,3.0,30.38,9.13,0.0,0.0,0.0,0.0,0,static
2024-12-19,841,55917,POLARATUSS LIQ 120ML,0,2.5,3.0,30.38,9.13,0.0,0.0,0.0,0.0,0,static
2024-12-20,841,55917,POLARATUSS LIQ 120ML,0,2.5,3.0,30.38,9.13,0.0,0.0,0.0,0.0,0,static
2024-12-21,841,55917,POLARATUSS LIQ 120ML,0,2.5,3.0,30.38,9.13,0.0,0.0,0.0,0.0,0,static
2024-12-22,841,55917,POLARATUSS LIQ 120ML,0,2.5,3.0,30.38,9.13,0.0,0.0,0.0,0.0,0,static
2024-12-23,841,55917,POLARATUSS LIQ 120ML,0,2.5,3.0,30.38,9.13,0.0,0.0,0.0,0.0,0,static
2024-12-24,841,55917,POLARATUSS LIQ 120ML,0,2.5,3.0,30.38,9.13,0.0,0.0,0.0,0.0,0,static
2024-12-25,841,55917,POLARATUSS LIQ 120ML,0,2.5,3.0,30.38,9.13,0.0,0.0,0.0,0.0,0,static
2024-12-26,841,55917,POLARATUSS LIQ 120ML,0,2.5,3.0,30.38,9.13,0.0,0.0,0.0,0.0,0,static
2024-12-27,841,55917,POLARATUSS LIQ 120ML,0,2.5,3.0,30.38,9.13,0.0,0.0,0.0,0.0,0,static
2024-12-28,841,55917,POLARATUSS LIQ 120ML,0,2.5,3.0,30.38,9.13,0.0,0.0,0.0,0.0,0,static
2024-12-29,841,55917,POLARATUSS LIQ 120ML,0,2.5,3.0,30.38,9.13,0.0,0.0,0.0,0.0,0,static
2024-12-30,841,55917,POLARATUSS LIQ 120ML,0,2.5,3.0,30.38,9.13,0.0,0.0,0.0,0.0,0,static
2024-12-31,841,55917,POLARATUSS LIQ 120ML,0,2.5,3.0,30.38,9.13,0.0,0.0,0.0,0.0,0,static
2024-10-01,841,57814,OSELTAMIVIR 75MG CAPS/10 GN-NATCOF,1,1.0,3.0,180.22,101.38,0.0875,0.2673,0.0,0.0,0,static
2024-10-02,841,57814,OSELTAMIVIR 75MG CAPS/10 GN-NATCOF,0,1.0,3.0,180.22,101.38,0.0,0.2673,0.0,0.0,0,static
2024-10-03,841,57814,OSELTAMIVIR 75MG CAPS/10 GN-NATCOF,0,1.0,3.0,180.22,101.38,0.0,0.2673,0.0,0.0,0,static
2024-10-04,841,57814,OSELTAMIVIR 75MG CAPS/10 GN-NATCOF,1,1.0,3.0,180.22,101.38,0.0,0.2673,0.0,0.0,0,static
2024-10-05,841,57814,OSELTAMIVIR 75MG CAPS/10 GN-NATCOF,0,1.0,3.0,180.22,101.38,0.0,0.2673,0.0,0.0,0,static
2024-10-06,841,57814,OSELTAMIVIR 75MG CAPS/10 GN-NATCOF,0,1.0,3.0,180.22,101.38,0.0,0.2673,0.0,0.0,0,static
2024-10-07,841,57814,OSELTAMIVIR 75MG CAPS/10 GN-NATCOF,0,1.0,3.0,180.22,101.38,0.0,0.2673,0.0,0.0,0,static
2024-10-08,841,57814,OSELTAMIVIR 75MG CAPS/10 GN-NATCOF,0,1.0,3.0,180.22,101.38,0.0875,0.2673,0.0,0.0,0,static
2024-10-09,841,57814,OSELTAMIVIR 75MG CAPS/10 GN-NATCOF,0,1.0,3.0,180.22,101.38,0.0,0.2673,0.0,0.0,0,static
2024-10-10,841,57814,OSELTAMIVIR 75MG CAPS/10 GN-NATCOF,0,1.0,3.0,180.22,101.38,0.0,0.2673,0.0,0.0,0,static
2024-10-11,841,57814,OSELTAMIVIR 75MG CAPS/10 GN-NATCOF,1,1.0,3.0,180.22,101.38,0.0,0.2673,0.0,0.0,0,static
2024-10-12,841,57814,OSELTAMIVIR 75MG CAPS/10 GN-NATCOF,0,1.0,3.0,180.22,101.38,0.0,0.2673,0.0,0.0,0,static
2024-10-13,841,57814,OSELTAMIVIR 75MG CAPS/10 GN-NATCOF,0,1.0,3.0,180.22,101.38,0.0,0.2673,0.0,0.0,0,static
2024-10-14,841,57814,OSELTAMIVIR 75MG CAPS/10 GN-NATCOF,0,1.0,3.0,180.22,101.38,0.0,0.2673,0.0,0.0,0,static
2024-10-15,841,57814,OSELTAMIVIR 75MG CAPS/10 GN-NATCOF,0,1.0,3.0,180.22,101.38,0.0875,0.2673,0.0,0.0,0,static
2024-10-16,841,57814,OSELTAMIVIR 75MG CAPS/10 GN-NATCOF,0,1.0,3.0,180.22,101.38,0.0,0.2673,0.0,0.0,0,static
2024-10-17,841,57814,OSELTAMIVIR 75MG CAPS/10 GN-NATCOF,0,1.0,3.0,180.22,101.38,0.0,0.2673,0.0,0.0,0,static
2024-10-18,841,57814,OSELTAMIVIR 75MG CAPS/10 GN-NATCOF,1,1.0,3.0,180.22,101.38,0.0,0.2673,0.0,0.0,0,static
2024-10-19,841,57814,OSELTAMIVIR 75MG CAPS/10 GN-NATCOF,0,1.0,3.0,180.22,101.38,0.0,0.2673,0.0,0.0,0,static
2024-10-20,841,57814,OSELTAMIVIR 75MG CAPS/10 GN-NATCOF,0,1.0,3.0,180.22,101.38,0.0,0.2673,0.0,0.0,0,static
2024-10-21,841,57814,OSELTAMIVIR 75MG CAPS/10 GN-NATCOF,0,1.0,3.0,180.22,101.38,0.0,0.2673,0.0,0.0,0,static
2024-10-22,841,57814,OSELTAMIVIR 75MG CAPS/10 GN-NATCOF,0,1.0,3.0,180.22,101.38,0.0875,0.2673,0.0,0.0,0,static
2024-10-23,841,57814,OSELTAMIVIR 75MG CAPS/10 GN-NATCOF,0,1.0,3.0,180.22,101.38,0.0,0.2673,0.0,0.0,0,static
2024-10-24,841,57814,OSELTAMIVIR 75MG CAPS/10 GN-NATCOF,0,1.0,3.0,180.22,101.38,0.0,0.2673,0.0,0.0,0,static
2024-10-25,841,57814,OSELTAMIVIR 75MG CAPS/10 GN-NATCOF,1,1.0,3.0,180.22,101.38,0.0,0.2673,0.0,0.0,0,static
2024-10-26,841,57814,OSELTAMIVIR 75MG CAPS/10 GN-NATCOF,0,1.0,3.0,180.22,101.38,0.0,0.2673,0.0,0.0,0,static
2024-10-27,841,57814,OSELTAMIVIR 75MG CAPS/10 GN-NATCOF,0,1.0,3.0,180.22,101.38,0.0,0.2673,0.0,0.0,0,static
2024-10-28,841,57814,OSELTAMIVIR 75MG CAPS/10 GN-NATCOF,0,1.0,3.0,180.22,101.38,0.0,0.2673,0.0,0.0,0,static
2024-10-29,841,57814,OSELTAMIVIR 75MG CAPS/10 GN-NATCOF,0,1.0,3.0,180.22,101.38,0.0875,0.2673,0.0,0.0,0,static
2024-10-30,841,57814,OSELTAMIVIR 75MG CAPS/10 GN-NATCOF,0,1.0,3.0,180.22,101.38,0.0,0.2673,0.0,0.0,0,static
2024-10-31,841,57814,OSELTAMIVIR 75MG CAPS/10 GN-NATCOF,0,1.0,3.0,180.22,101.38,0.0,0.2673,1.0,1.0,0,static
2024-11-01,841,57814,OSELTAMIVIR 75MG CAPS/10 GN-NATCOF,1,1.0,3.0,180.22,101.38,0.0,0.2673,0.0,0.0,0,static
2024-11-02,841,57814,OSELTAMIVIR 75MG CAPS/10 GN-NATCOF,0,1.0,3.0,180.22,101.38,0.0,0.2673,0.0,0.0,0,static
2024-11-03,841,57814,OSELTAMIVIR 75MG CAPS/10 GN-NATCOF,0,1.0,3.0,180.22,101.38,0.0,0.2673,0.0,0.0,0,static
2024-11-04,841,57814,OSELTAMIVIR 75MG CAPS/10 GN-NATCOF,0,1.0,3.0,180.22,101.38,0.0,0.2673,0.0,0.0,0,static
2024-11-05,841,57814,OSELTAMIVIR 75MG CAPS/10 GN-NATCOF,0,1.0,3.0,180.22,101.38,0.0875,0.2673,0.0,0.0,0,static
2024-11-06,841,57814,OSELTAMIVIR 75MG CAPS/10 GN-NATCOF,0,1.0,3.0,180.22,101.38,0.0,0.2673,0.0,0.0,0,static
2024-11-07,841,57814,OSELTAMIVIR 75MG CAPS/10 GN-NATCOF,0,1.0,3.0,180.22,101.38,0.0,0.2673,0.0,0.0,0,static
2024-11-08,841,57814,OSELTAMIVIR 75MG CAPS/10 GN-NATCOF,1,1.0,3.0,180.22,101.38,0.0,0.2673,0.0,0.0,0,static
2024-11-09,841,57814,OSELTAMIVIR 75MG CAPS/10 GN-NATCOF,0,1.0,3.0,180.22,101.38,0.0,0.2673,0.0,0.0,0,static
2024-11-10,841,57814,OSELTAMIVIR 75MG CAPS/10 GN-NATCOF,0,1.0,3.0,180.22,101.38,0.0,0.2673,0.0,0.0,0,static
2024-11-11,841,57814,OSELTAMIVIR 75MG CAPS/10 GN-NATCOF,0,1.0,3.0,180.22,101.38,0.0,0.2673,0.0,0.0,0,static
2024-11-12,841,57814,OSELTAMIVIR 75MG CAPS/10 GN-NATCOF,0,1.0,3.0,180.22,101.38,0.0875,0.2673,0.0,0.0,0,static
2024-11-13,841,57814,OSELTAMIVIR 75MG CAPS/10 GN-NATCOF,0,1.0,3.0,180.22,101.38,0.0,0.2673,0.0,0.0,0,static
2024-11-14,841,57814,OSELTAMIVIR 75MG CAPS/10 GN-NATCOF,0,1.0,3.0,180.22,101.38,0.0,0.2673,0.0,0.0,0,static
2024-11-15,841,57814,OSELTAMIVIR 75MG CAPS/10 GN-NATCOF,1,1.0,3.0,180.22,101.38,0.0,0.2673,0.0,0.0,0,static
2024-11-16,841,57814,OSELTAMIVIR 75MG CAPS/10 GN-NATCOF,0,1.0,3.0,180.22,101.38,0.0,0.2673,0.0,0.0,0,static
2024-11-17,841,57814,OSELTAMIVIR 75MG CAPS/10 GN-NATCOF,0,1.0,3.0,180.22,101.38,0.0,0.2673,0.0,0.0,0,static
2024-11-18,841,57814,OSELTAMIVIR 75MG CAPS/10 GN-NATCOF,0,1.0,3.0,180.22,101.38,0.0,0.2673,0.0,0.0,0,static
2024-11-19,841,57814,OSELTAMIVIR 75MG CAPS/10 GN-NATCOF,0,1.0,3.0,180.22,101.38,0.0875,0.2673,0.0,0.0,0,static
2024-11-20,841,57814,OSELTAMIVIR 75MG CAPS/10 GN-NATCOF,0,1.0,3.0,180.22,101.38,0.0,0.2673,0.0,0.0,0,static
2024-11-21,841,57814,OSELTAMIVIR 75MG CAPS/10 GN-NATCOF,0,1.0,3.0,180.22,101.38,0.0,0.2673,0.0,0.0,0,static
2024-11-22,841,57814,OSELTAMIVIR 75MG CAPS/10 GN-NATCOF,1,1.0,3.0,180.22,101.38,0.0,0.2673,0.0,0.0,0,static
2024-11-23,841,57814,OSELTAMIVIR 75MG CAPS/10 GN-NATCOF,0,1.0,3.0,180.22,101.38,0.0,0.2673,0.0,0.0,0,static
2024-11-24,841,57814,OSELTAMIVIR 75MG CAPS/10 GN-NATCOF,0,1.0,3.0,180.22,101.38,0.0,0.2673,0.0,0.0,0,static
2024-11-25,841,57814,OSELTAMIVIR 75MG CAPS/10 GN-NATCOF,0,1.0,3.0,180.22,101.38,0.0,0.2673,0.0,0.0,0,static
2024-11-26,841,57814,OSELTAMIVIR 75MG CAPS/10 GN-NATCOF,0,1.0,3.0,180.22,101.38,0.0875,0.2673,0.0,0.0,0,static
2024-11-27,841,57814,OSELTAMIVIR 75MG CAPS/10 GN-NATCOF,0,1.0,3.0,180.22,101.38,0.0,0.2673,0.0,0.0,0,static
2024-11-28,841,57814,OSELTAMIVIR 75MG CAPS/10 GN-NATCOF,0,1.0,3.0,180.22,101.38,0.0,0.2673,0.0,0.0,0,static
2024-11-29,841,57814,OSELTAMIVIR 75MG CAPS/10 GN-NATCOF,1,1.0,3.0,180.22,101.38,0.0,0.2673,0.0,0.0,0,static
2024-11-30,841,57814,OSELTAMIVIR 75MG CAPS/10 GN-NATCOF,0,1.0,3.0,180.22,101.38,0.0,0.2673,0.0,0.0,0,static
2024-12-01,841,57814,OSELTAMIVIR 75MG CAPS/10 GN-NATCOF,0,1.0,3.0,180.22,101.38,0.0,0.2673,0.0,0.0,0,static
2024-12-02,841,57814,OSELTAMIVIR 75MG CAPS/10 GN-NATCOF,0,1.0,3.0,180.22,101.38,0.0,0.2673,0.0,0.0,0,static
2024-12-03,841,57814,OSELTAMIVIR 75MG CAPS/10 GN-NATCOF,0,1.0,3.0,180.22,101.38,0.0875,0.2673,0.0,0.0,0,static
2024-12-04,841,57814,OSELTAMIVIR 75MG CAPS/10 GN-NATCOF,0,1.0,3.0,180.22,101.38,0.0,0.2673,0.0,0.0,0,static
2024-12-05,841,57814,OSELTAMIVIR 75MG CAPS/10 GN-NATCOF,0,1.0,3.0,180.22,101.38,0.0,0.2673,0.0,0.0,0,static
2024-12-06,841,57814,OSELTAMIVIR 75MG CAPS/10 GN-NATCOF,1,1.0,3.0,180.22,101.38,0.0,0.2673,0.0,0.0,0,static
2024-12-07,841,57814,OSELTAMIVIR 75MG CAPS/10 GN-NATCOF,0,1.0,3.0,180.22,101.38,0.0,0.2673,0.0,0.0,0,static
2024-12-08,841,57814,OSELTAMIVIR 75MG CAPS/10 GN-NATCOF,0,1.0,3.0,180.22,101.38,0.0,0.2673,0.0,0.0,0,static
2024-12-09,841,57814,OSELTAMIVIR 75MG CAPS/10 GN-NATCOF,0,1.0,3.0,180.22,101.38,0.0,0.2673,0.0,0.0,0,static
2024-12-10,841,57814,OSELTAMIVIR 75MG CAPS/10 GN-NATCOF,0,1.0,3.0,180.22,101.38,0.0875,0.2673,0.0,0.0,0,static
2024-12-11,841,57814,OSELTAMIVIR 75MG CAPS/10 GN-NATCOF,0,1.0,3.0,180.22,101.38,0.0,0.2673,0.0,0.0,0,static
2024-12-12,841,57814,OSELTAMIVIR 75MG CAPS/10 GN-NATCOF,0,1.0,3.0,180.22,101.38,0.0,0.2673,0.0,0.0,0,static
2024-12-13,841,57814,OSELTAMIVIR 75MG CAPS/10 GN-NATCOF,1,1.0,3.0,180.22,101.38,0.0,0.2673,0.0,0.0,0,static
2024-12-14,841,57814,OSELTAMIVIR 75MG CAPS/10 GN-NATCOF,0,1.0,3.0,180.22,101.38,0.0,0.2673,0.0,0.0,0,static
2024-12-15,841,57814,OSELTAMIVIR 75MG CAPS/10 GN-NATCOF,0,1.0,3.0,180.22,101.38,0.0,0.2673,0.0,0.0,0,static
2024-12-16,841,57814,OSELTAMIVIR 75MG CAPS/10 GN-NATCOF,0,1.0,3.0,180.22,101.38,0.0,0.2673,0.0,0.0,0,static
2024-12-17,841,57814,OSELTAMIVIR 75MG CAPS/10 GN-NATCOF,0,1.0,3.0,180.22,101.38,0.0875,0.2673,1.0,1.0,0,static
2024-12-18,841,57814,OSELTAMIVIR 75MG CAPS/10 GN-NATCOF,0,1.0,3.0,180.22,101.38,0.0,0.2673,0.0,0.0,0,static
2024-12-19,841,57814,OSELTAMIVIR 75MG CAPS/10 GN-NATCOF,0,1.0,3.0,180.22,101.38,0.0,0.2673,0.0,0.0,0,static
2024-12-20,841,57814,OSELTAMIVIR 75MG CAPS/10 GN-NATCOF,1,1.0,3.0,180.22,101.38,0.0,0.2673,0.0,0.0,0,static
2024-12-21,841,57814,OSELTAMIVIR 75MG CAPS/10 GN-NATCOF,0,1.0,3.0,180.22,101.38,0.0,0.2673,1.0,1.0,0,static
2024-12-22,841,57814,OSELTAMIVIR 75MG CAPS/10 GN-NATCOF,0,1.0,3.0,180.22,101.38,0.0,0.2673,0.0,0.0,0,static
2024-12-23,841,57814,OSELTAMIVIR 75MG CAPS/10 GN-NATCOF,0,1.0,3.0,180.22,101.38,0.0,0.2673,3.0,3.0,0,static
2024-12-24,841,57814,OSELTAMIVIR 75MG CAPS/10 GN-NATCOF,0,1.0,3.0,180.22,101.38,0.0875,0.2673,0.0,0.0,0,static
2024-12-25,841,57814,OSELTAMIVIR 75MG CAPS/10 GN-NATCOF,0,1.0,3.0,180.22,101.38,0.0,0.2673,0.0,0.0,0,static
2024-12-26,841,57814,OSELTAMIVIR 75MG CAPS/10 GN-NATCOF,0,1.0,3.0,180.22,101.38,0.0,0.2673,0.0,0.0,0,static
2024-12-27,841,57814,OSELTAMIVIR 75MG CAPS/10 GN-NATCOF,1,1.0,3.0,180.22,101.38,0.0,0.2673,2.0,2.0,0,static
2024-12-28,841,57814,OSELTAMIVIR 75MG CAPS/10 GN-NATCOF,0,1.0,3.0,180.22,101.38,0.0,0.2673,0.0,0.0,0,static
2024-12-29,841,57814,OSELTAMIVIR 75MG CAPS/10 GN-NATCOF,0,1.0,3.0,180.22,101.38,0.0,0.2673,1.0,1.0,0,static
2024-12-30,841,57814,OSELTAMIVIR 75MG CAPS/10 GN-NATCOF,0,1.0,3.0,180.22,101.38,0.0,0.2673,0.0,0.0,1,static
2024-12-31,841,57814,OSELTAMIVIR 75MG CAPS/10 GN-NATCOF,0,1.0,3.0,180.22,101.38,0.0875,0.2673,0.0,0.0,1,static
2024-10-01,841,57816,OSELTAMIVIR 30MG CAPS/10 GN-NATCOF,1,1.0,3.0,72.09,43.8,0.0,0.0,0.0,0.0,0,static
2024-10-02,841,57816,OSELTAMIVIR 30MG CAPS/10 GN-NATCOF,0,1.0,3.0,72.09,43.8,0.0,0.0,0.0,0.0,0,static
2024-10-03,841,57816,OSELTAMIVIR 30MG CAPS/10 GN-NATCOF,0,1.0,3.0,72.09,43.8,0.0,0.0,0.0,0.0,0,static
2024-10-04,841,57816,OSELTAMIVIR 30MG CAPS/10 GN-NATCOF,1,1.0,3.0,72.09,43.8,0.0,0.0,0.0,0.0,0,static
2024-10-05,841,57816,OSELTAMIVIR 30MG CAPS/10 GN-NATCOF,0,1.0,3.0,72.09,43.8,0.0,0.0,0.0,0.0,0,static
2024-10-06,841,57816,OSELTAMIVIR 30MG CAPS/10 GN-NATCOF,0,1.0,3.0,72.09,43.8,0.0,0.0,0.0,0.0,0,static
2024-10-07,841,57816,OSELTAMIVIR 30MG CAPS/10 GN-NATCOF,0,1.0,3.0,72.09,43.8,0.0,0.0,0.0,0.0,0,static
2024-10-08,841,57816,OSELTAMIVIR 30MG CAPS/10 GN-NATCOF,0,1.0,3.0,72.09,43.8,0.0,0.0,0.0,0.0,0,static
2024-10-09,841,57816,OSELTAMIVIR 30MG CAPS/10 GN-NATCOF,0,1.0,3.0,72.09,43.8,0.0,0.0,0.0,0.0,0,static
2024-10-10,841,57816,OSELTAMIVIR 30MG CAPS/10 GN-NATCOF,0,1.0,3.0,72.09,43.8,0.0,0.0,0.0,0.0,0,static
2024-10-11,841,57816,OSELTAMIVIR 30MG CAPS/10 GN-NATCOF,1,1.0,3.0,72.09,43.8,0.0,0.0,1.0,1.0,0,static
2024-10-12,841,57816,OSELTAMIVIR 30MG CAPS/10 GN-NATCOF,0,1.0,3.0,72.09,43.8,0.0,0.0,0.0,0.0,0,static
2024-10-13,841,57816,OSELTAMIVIR 30MG CAPS/10 GN-NATCOF,0,1.0,3.0,72.09,43.8,0.0,0.0,0.0,0.0,0,static
2024-10-14,841,57816,OSELTAMIVIR 30MG CAPS/10 GN-NATCOF,0,1.0,3.0,72.09,43.8,0.0,0.0,0.0,0.0,0,static
2024-10-15,841,57816,OSELTAMIVIR 30MG CAPS/10 GN-NATCOF,0,1.0,3.0,72.09,43.8,0.0,0.0,0.0,0.0,0,static
2024-10-16,841,57816,OSELTAMIVIR 30MG CAPS/10 GN-NATCOF,0,1.0,3.0,72.09,43.8,0.0,0.0,0.0,0.0,0,static
2024-10-17,841,57816,OSELTAMIVIR 30MG CAPS/10 GN-NATCOF,0,1.0,3.0,72.09,43.8,0.0,0.0,0.0,0.0,0,static
2024-10-18,841,57816,OSELTAMIVIR 30MG CAPS/10 GN-NATCOF,1,1.0,3.0,72.09,43.8,0.0,0.0,0.0,0.0,0,static
2024-10-19,841,57816,OSELTAMIVIR 30MG CAPS/10 GN-NATCOF,0,1.0,3.0,72.09,43.8,0.0,0.0,0.0,0.0,0,static
2024-10-20,841,57816,OSELTAMIVIR 30MG CAPS/10 GN-NATCOF,0,1.0,3.0,72.09,43.8,0.0,0.0,0.0,0.0,0,static
2024-10-21,841,57816,OSELTAMIVIR 30MG CAPS/10 GN-NATCOF,0,1.0,3.0,72.09,43.8,0.0,0.0,0.0,0.0,0,static
2024-10-22,841,57816,OSELTAMIVIR 30MG CAPS/10 GN-NATCOF,0,1.0,3.0,72.09,43.8,0.0,0.0,0.0,0.0,0,static
2024-10-23,841,57816,OSELTAMIVIR 30MG CAPS/10 GN-NATCOF,0,1.0,3.0,72.09,43.8,0.0,0.0,0.0,0.0,0,static
2024-10-24,841,57816,OSELTAMIVIR 30MG CAPS/10 GN-NATCOF,0,1.0,3.0,72.09,43.8,0.0,0.0,0.0,0.0,0,static
2024-10-25,841,57816,OSELTAMIVIR 30MG CAPS/10 GN-NATCOF,1,1.0,3.0,72.09,43.8,0.0,0.0,0.0,0.0,0,static
2024-10-26,841,57816,OSELTAMIVIR 30MG CAPS/10 GN-NATCOF,0,1.0,3.0,72.09,43.8,0.0,0.0,0.0,0.0,0,static
2024-10-27,841,57816,OSELTAMIVIR 30MG CAPS/10 GN-NATCOF,0,1.0,3.0,72.09,43.8,0.0,0.0,0.0,0.0,0,static
2024-10-28,841,57816,OSELTAMIVIR 30MG CAPS/10 GN-NATCOF,0,1.0,3.0,72.09,43.8,0.0,0.0,0.0,0.0,0,static
2024-10-29,841,57816,OSELTAMIVIR 30MG CAPS/10 GN-NATCOF,0,1.0,3.0,72.09,43.8,0.0,0.0,0.0,0.0,0,static
2024-10-30,841,57816,OSELTAMIVIR 30MG CAPS/10 GN-NATCOF,0,1.0,3.0,72.09,43.8,0.0,0.0,0.0,0.0,0,static
2024-10-31,841,57816,OSELTAMIVIR 30MG CAPS/10 GN-NATCOF,0,1.0,3.0,72.09,43.8,0.0,0.0,0.0,0.0,0,static
2024-11-01,841,57816,OSELTAMIVIR 30MG CAPS/10 GN-NATCOF,1,1.0,3.0,72.09,43.8,0.0,0.0,0.0,0.0,0,static
2024-11-02,841,57816,OSELTAMIVIR 30MG CAPS/10 GN-NATCOF,0,1.0,3.0,72.09,43.8,0.0,0.0,0.0,0.0,0,static
2024-11-03,841,57816,OSELTAMIVIR 30MG CAPS/10 GN-NATCOF,0,1.0,3.0,72.09,43.8,0.0,0.0,0.0,0.0,0,static
2024-11-04,841,57816,OSELTAMIVIR 30MG CAPS/10 GN-NATCOF,0,1.0,3.0,72.09,43.8,0.0,0.0,0.0,0.0,0,static
2024-11-05,841,57816,OSELTAMIVIR 30MG CAPS/10 GN-NATCOF,0,1.0,3.0,72.09,43.8,0.0,0.0,0.0,0.0,0,static
2024-11-06,841,57816,OSELTAMIVIR 30MG CAPS/10 GN-NATCOF,0,1.0,3.0,72.09,43.8,0.0,0.0,0.0,0.0,0,static
2024-11-07,841,57816,OSELTAMIVIR 30MG CAPS/10 GN-NATCOF,0,1.0,3.0,72.09,43.8,0.0,0.0,0.0,0.0,0,static
2024-11-08,841,57816,OSELTAMIVIR 30MG CAPS/10 GN-NATCOF,1,1.0,3.0,72.09,43.8,0.0,0.0,0.0,0.0,0,static
2024-11-09,841,57816,OSELTAMIVIR 30MG CAPS/10 GN-NATCOF,0,1.0,3.0,72.09,43.8,0.0,0.0,0.0,0.0,0,static
2024-11-10,841,57816,OSELTAMIVIR 30MG CAPS/10 GN-NATCOF,0,1.0,3.0,72.09,43.8,0.0,0.0,0.0,0.0,0,static
2024-11-11,841,57816,OSELTAMIVIR 30MG CAPS/10 GN-NATCOF,0,1.0,3.0,72.09,43.8,0.0,0.0,0.0,0.0,0,static
2024-11-12,841,57816,OSELTAMIVIR 30MG CAPS/10 GN-NATCOF,0,1.0,3.0,72.09,43.8,0.0,0.0,0.0,0.0,0,static
2024-11-13,841,57816,OSELTAMIVIR 30MG CAPS/10 GN-NATCOF,0,1.0,3.0,72.09,43.8,0.0,0.0,0.0,0.0,0,static
2024-11-14,841,57816,OSELTAMIVIR 30MG CAPS/10 GN-NATCOF,0,1.0,3.0,72.09,43.8,0.0,0.0,0.0,0.0,0,static
2024-11-15,841,57816,OSELTAMIVIR 30MG CAPS/10 GN-NATCOF,1,1.0,3.0,72.09,43.8,0.0,0.0,0.0,0.0,0,static
2024-11-16,841,57816,OSELTAMIVIR 30MG CAPS/10 GN-NATCOF,0,1.0,3.0,72.09,43.8,0.0,0.0,0.0,0.0,0,static
2024-11-17,841,57816,OSELTAMIVIR 30MG CAPS/10 GN-NATCOF,0,1.0,3.0,72.09,43.8,0.0,0.0,0.0,0.0,0,static
2024-11-18,841,57816,OSELTAMIVIR 30MG CAPS/10 GN-NATCOF,0,1.0,3.0,72.09,43.8,0.0,0.0,0.0,0.0,0,static
2024-11-19,841,57816,OSELTAMIVIR 30MG CAPS/10 GN-NATCOF,0,1.0,3.0,72.09,43.8,0.0,0.0,0.0,0.0,0,static
2024-11-20,841,57816,OSELTAMIVIR 30MG CAPS/10 GN-NATCOF,0,1.0,3.0,72.09,43.8,0.0,0.0,0.0,0.0,0,static
2024-11-21,841,57816,OSELTAMIVIR 30MG CAPS/10 GN-NATCOF,0,1.0,3.0,72.09,43.8,0.0,0.0,0.0,0.0,0,static
2024-11-22,841,57816,OSELTAMIVIR 30MG CAPS/10 GN-NATCOF,1,1.0,3.0,72.09,43.8,0.0,0.0,0.0,0.0,0,static
2024-11-23,841,57816,OSELTAMIVIR 30MG CAPS/10 GN-NATCOF,0,1.0,3.0,72.09,43.8,0.0,0.0,0.0,0.0,0,static
2024-11-24,841,57816,OSELTAMIVIR 30MG CAPS/10 GN-NATCOF,0,1.0,3.0,72.09,43.8,0.0,0.0,0.0,0.0,0,static
2024-11-25,841,57816,OSELTAMIVIR 30MG CAPS/10 GN-NATCOF,0,1.0,3.0,72.09,43.8,0.0,0.0,0.0,0.0,0,static
2024-11-26,841,57816,OSELTAMIVIR 30MG CAPS/10 GN-NATCOF,0,1.0,3.0,72.09,43.8,0.0,0.0,0.0,0.0,0,static
2024-11-27,841,57816,OSELTAMIVIR 30MG CAPS/10 GN-NATCOF,0,1.0,3.0,72.09,43.8,0.0,0.0,0.0,0.0,0,static
2024-11-28,841,57816,OSELTAMIVIR 30MG CAPS/10 GN-NATCOF,0,1.0,3.0,72.09,43.8,0.0,0.0,0.0,0.0,0,static
2024-11-29,841,57816,OSELTAMIVIR 30MG CAPS/10 GN-NATCOF,1,1.0,3.0,72.09,43.8,0.0,0.0,0.0,0.0,0,static
2024-11-30,841,57816,OSELTAMIVIR 30MG CAPS/10 GN-NATCOF,0,1.0,3.0,72.09,43.8,0.0,0.0,0.0,0.0,0,static
2024-12-01,841,57816,OSELTAMIVIR 30MG CAPS/10 GN-NATCOF,0,1.0,3.0,72.09,43.8,0.0,0.0,0.0,0.0,0,static
2024-12-02,841,57816,OSELTAMIVIR 30MG CAPS/10 GN-NATCOF,0,1.0,3.0,72.09,43.8,0.0,0.0,0.0,0.0,0,static
2024-12-03,841,57816,OSELTAMIVIR 30MG CAPS/10 GN-NATCOF,0,1.0,3.0,72.09,43.8,0.0,0.0,0.0,0.0,0,static
2024-12-04,841,57816,OSELTAMIVIR 30MG CAPS/10 GN-NATCOF,0,1.0,3.0,72.09,43.8,0.0,0.0,0.0,0.0,0,static
2024-12-05,841,57816,OSELTAMIVIR 30MG CAPS/10 GN-NATCOF,0,1.0,3.0,72.09,43.8,0.0,0.0,0.0,0.0,0,static
2024-12-06,841,57816,OSELTAMIVIR 30MG CAPS/10 GN-NATCOF,1,1.0,3.0,72.09,43.8,0.0,0.0,0.0,0.0,0,static
2024-12-07,841,57816,OSELTAMIVIR 30MG CAPS/10 GN-NATCOF,0,1.0,3.0,72.09,43.8,0.0,0.0,0.0,0.0,0,static
2024-12-08,841,57816,OSELTAMIVIR 30MG CAPS/10 GN-NATCOF,0,1.0,3.0,72.09,43.8,0.0,0.0,2.0,2.0,0,static
2024-12-09,841,57816,OSELTAMIVIR 30MG CAPS/10 GN-NATCOF,0,1.0,3.0,72.09,43.8,0.0,0.0,0.0,0.0,1,static
2024-12-10,841,57816,OSELTAMIVIR 30MG CAPS/10 GN-NATCOF,0,1.0,3.0,72.09,43.8,0.0,0.0,0.0,0.0,1,static
2024-12-11,841,57816,OSELTAMIVIR 30MG CAPS/10 GN-NATCOF,0,1.0,3.0,72.09,43.8,0.0,0.0,0.0,0.0,1,static
2024-12-12,841,57816,OSELTAMIVIR 30MG CAPS/10 GN-NATCOF,0,1.0,3.0,72.09,43.8,0.0,0.0,0.0,0.0,0,static
2024-12-13,841,57816,OSELTAMIVIR 30MG CAPS/10 GN-NATCOF,1,1.0,3.0,72.09,43.8,0.0,0.0,0.0,0.0,0,static
2024-12-14,841,57816,OSELTAMIVIR 30MG CAPS/10 GN-NATCOF,0,1.0,3.0,72.09,43.8,0.0,0.0,0.0,0.0,0,static
2024-12-15,841,57816,OSELTAMIVIR 30MG CAPS/10 GN-NATCOF,0,1.0,3.0,72.09,43.8,0.0,0.0,0.0,0.0,0,static
2024-12-16,841,57816,OSELTAMIVIR 30MG CAPS/10 GN-NATCOF,0,1.0,3.0,72.09,43.8,0.0,0.0,0.0,0.0,0,static
2024-12-17,841,57816,OSELTAMIVIR 30MG CAPS/10 GN-NATCOF,0,1.0,3.0,72.09,43.8,0.0,0.0,0.0,0.0,0,static
2024-12-18,841,57816,OSELTAMIVIR 30MG CAPS/10 GN-NATCOF,0,1.0,3.0,72.09,43.8,0.0,0.0,0.0,0.0,0,static
2024-12-19,841,57816,OSELTAMIVIR 30MG CAPS/10 GN-NATCOF,0,1.0,3.0,72.09,43.8,0.0,0.0,0.0,0.0,0,static
2024-12-20,841,57816,OSELTAMIVIR 30MG CAPS/10 GN-NATCOF,1,1.0,3.0,72.09,43.8,0.0,0.0,0.0,0.0,0,static
2024-12-21,841,57816,OSELTAMIVIR 30MG CAPS/10 GN-NATCOF,0,1.0,3.0,72.09,43.8,0.0,0.0,0.0,0.0,0,static
2024-12-22,841,57816,OSELTAMIVIR 30MG CAPS/10 GN-NATCOF,0,1.0,3.0,72.09,43.8,0.0,0.0,0.0,0.0,0,static
2024-12-23,841,57816,OSELTAMIVIR 30MG CAPS/10 GN-NATCOF,0,1.0,3.0,72.09,43.8,0.0,0.0,0.0,0.0,0,static
2024-12-24,841,57816,OSELTAMIVIR 30MG CAPS/10 GN-NATCOF,0,1.0,3.0,72.09,43.8,0.0,0.0,0.0,0.0,0,static
2024-12-25,841,57816,OSELTAMIVIR 30MG CAPS/10 GN-NATCOF,0,1.0,3.0,72.09,43.8,0.0,0.0,0.0,0.0,0,static
2024-12-26,841,57816,OSELTAMIVIR 30MG CAPS/10 GN-NATCOF,0,1.0,3.0,72.09,43.8,0.0,0.0,0.0,0.0,0,static
2024-12-27,841,57816,OSELTAMIVIR 30MG CAPS/10 GN-NATCOF,1,1.0,3.0,72.09,43.8,0.0,0.0,0.0,0.0,0,static
2024-12-28,841,57816,OSELTAMIVIR 30MG CAPS/10 GN-NATCOF,0,1.0,3.0,72.09,43.8,0.0,0.0,2.0,2.0,0,static
2024-12-29,841,57816,OSELTAMIVIR 30MG CAPS/10 GN-NATCOF,0,1.0,3.0,72.09,43.8,0.0,0.0,0.0,0.0,0,static
2024-12-30,841,57816,OSELTAMIVIR 30MG CAPS/10 GN-NATCOF,0,1.0,3.0,72.09,43.8,0.0,0.0,0.0,0.0,1,static
2024-12-31,841,57816,OSELTAMIVIR 30MG CAPS/10 GN-NATCOF,0,1.0,3.0,72.09,43.8,0.0,0.0,0.0,0.0,1,static
2024-10-01,841,57817,OSELTAMIVIR 45MG CAPS/10 GN-NATCOF,1,1.0,3.0,108.14,65.71,0.0161,0.1336,0.0,0.0,0,static
2024-10-02,841,57817,OSELTAMIVIR 45MG CAPS/10 GN-NATCOF,0,1.0,3.0,108.14,65.71,0.0161,0.1336,0.0,0.0,0,static
2024-10-03,841,57817,OSELTAMIVIR 45MG CAPS/10 GN-NATCOF,0,1.0,3.0,108.14,65.71,0.0161,0.1336,0.0,0.0,0,static
2024-10-04,841,57817,OSELTAMIVIR 45MG CAPS/10 GN-NATCOF,1,1.0,3.0,108.14,65.71,0.0161,0.1336,0.0,0.0,0,static
2024-10-05,841,57817,OSELTAMIVIR 45MG CAPS/10 GN-NATCOF,0,1.0,3.0,108.14,65.71,0.0161,0.1336,0.0,0.0,0,static
2024-10-06,841,57817,OSELTAMIVIR 45MG CAPS/10 GN-NATCOF,0,1.0,3.0,108.14,65.71,0.0161,0.1336,0.0,0.0,0,static
2024-10-07,841,57817,OSELTAMIVIR 45MG CAPS/10 GN-NATCOF,0,1.0,3.0,108.14,65.71,0.0598,0.1336,0.0,0.0,0,static
2024-10-08,841,57817,OSELTAMIVIR 45MG CAPS/10 GN-NATCOF,0,1.0,3.0,108.14,65.71,0.0161,0.1336,0.0,0.0,0,static
2024-10-09,841,57817,OSELTAMIVIR 45MG CAPS/10 GN-NATCOF,0,1.0,3.0,108.14,65.71,0.0161,0.1336,0.0,0.0,0,static
2024-10-10,841,57817,OSELTAMIVIR 45MG CAPS/10 GN-NATCOF,0,1.0,3.0,108.14,65.71,0.0161,0.1336,0.0,0.0,0,static
2024-10-11,841,57817,OSELTAMIVIR 45MG CAPS/10 GN-NATCOF,1,1.0,3.0,108.14,65.71,0.0161,0.1336,0.0,0.0,0,static
2024-10-12,841,57817,OSELTAMIVIR 45MG CAPS/10 GN-NATCOF,0,1.0,3.0,108.14,65.71,0.0161,0.1336,0.0,0.0,0,static
2024-10-13,841,57817,OSELTAMIVIR 45MG CAPS/10 GN-NATCOF,0,1.0,3.0,108.14,65.71,0.0161,0.1336,0.0,0.0,0,static
2024-10-14,841,57817,OSELTAMIVIR 45MG CAPS/10 GN-NATCOF,0,1.0,3.0,108.14,65.71,0.0598,0.1336,0.0,0.0,0,static
2024-10-15,841,57817,OSELTAMIVIR 45MG CAPS/10 GN-NATCOF,0,1.0,3.0,108.14,65.71,0.0161,0.1336,0.0,0.0,0,static
2024-10-16,841,57817,OSELTAMIVIR 45MG CAPS/10 GN-NATCOF,0,1.0,3.0,108.14,65.71,0.0161,0.1336,0.0,0.0,0,static
2024-10-17,841,57817,OSELTAMIVIR 45MG CAPS/10 GN-NATCOF,0,1.0,3.0,108.14,65.71,0.0161,0.1336,0.0,0.0,0,static
2024-10-18,841,57817,OSELTAMIVIR 45MG CAPS/10 GN-NATCOF,1,1.0,3.0,108.14,65.71,0.0161,0.1336,0.0,0.0,0,static
2024-10-19,841,57817,OSELTAMIVIR 45MG CAPS/10 GN-NATCOF,0,1.0,3.0,108.14,65.71,0.0161,0.1336,0.0,0.0,0,static
2024-10-20,841,57817,OSELTAMIVIR 45MG CAPS/10 GN-NATCOF,0,1.0,3.0,108.14,65.71,0.0161,0.1336,0.0,0.0,0,static
2024-10-21,841,57817,OSELTAMIVIR 45MG CAPS/10 GN-NATCOF,0,1.0,3.0,108.14,65.71,0.0598,0.1336,0.0,0.0,0,static
2024-10-22,841,57817,OSELTAMIVIR 45MG CAPS/10 GN-NATCOF,0,1.0,3.0,108.14,65.71,0.0161,0.1336,0.0,0.0,0,static
2024-10-23,841,57817,OSELTAMIVIR 45MG CAPS/10 GN-NATCOF,0,1.0,3.0,108.14,65.71,0.0161,0.1336,0.0,0.0,0,static
2024-10-24,841,57817,OSELTAMIVIR 45MG CAPS/10 GN-NATCOF,0,1.0,3.0,108.14,65.71,0.0161,0.1336,0.0,0.0,0,static
2024-10-25,841,57817,OSELTAMIVIR 45MG CAPS/10 GN-NATCOF,1,1.0,3.0,108.14,65.71,0.0161,0.1336,0.0,0.0,0,static
2024-10-26,841,57817,OSELTAMIVIR 45MG CAPS/10 GN-NATCOF,0,1.0,3.0,108.14,65.71,0.0161,0.1336,0.0,0.0,0,static
2024-10-27,841,57817,OSELTAMIVIR 45MG CAPS/10 GN-NATCOF,0,1.0,3.0,108.14,65.71,0.0161,0.1336,0.0,0.0,0,static
2024-10-28,841,57817,OSELTAMIVIR 45MG CAPS/10 GN-NATCOF,0,1.0,3.0,108.14,65.71,0.0598,0.1336,0.0,0.0,0,static
2024-10-29,841,57817,OSELTAMIVIR 45MG CAPS/10 GN-NATCOF,0,1.0,3.0,108.14,65.71,0.0161,0.1336,0.0,0.0,0,static
2024-10-30,841,57817,OSELTAMIVIR 45MG CAPS/10 GN-NATCOF,0,1.0,3.0,108.14,65.71,0.0161,0.1336,0.0,0.0,0,static
2024-10-31,841,57817,OSELTAMIVIR 45MG CAPS/10 GN-NATCOF,0,1.0,3.0,108.14,65.71,0.0161,0.1336,0.0,0.0,0,static
2024-11-01,841,57817,OSELTAMIVIR 45MG CAPS/10 GN-NATCOF,1,1.0,3.0,108.14,65.71,0.0161,0.1336,0.0,0.0,0,static
2024-11-02,841,57817,OSELTAMIVIR 45MG CAPS/10 GN-NATCOF,0,1.0,3.0,108.14,65.71,0.0161,0.1336,0.0,0.0,0,static
2024-11-03,841,57817,OSELTAMIVIR 45MG CAPS/10 GN-NATCOF,0,1.0,3.0,108.14,65.71,0.0161,0.1336,0.0,0.0,0,static
2024-11-04,841,57817,OSELTAMIVIR 45MG CAPS/10 GN-NATCOF,0,1.0,3.0,108.14,65.71,0.0598,0.1336,0.0,0.0,0,static
2024-11-05,841,57817,OSELTAMIVIR 45MG CAPS/10 GN-NATCOF,0,1.0,3.0,108.14,65.71,0.0161,0.1336,0.0,0.0,0,static
2024-11-06,841,57817,OSELTAMIVIR 45MG CAPS/10 GN-NATCOF,0,1.0,3.0,108.14,65.71,0.0161,0.1336,0.0,0.0,0,static
2024-11-07,841,57817,OSELTAMIVIR 45MG CAPS/10 GN-NATCOF,0,1.0,3.0,108.14,65.71,0.0161,0.1336,0.0,0.0,0,static
2024-11-08,841,57817,OSELTAMIVIR 45MG CAPS/10 GN-NATCOF,1,1.0,3.0,108.14,65.71,0.0161,0.1336,0.0,0.0,0,static
2024-11-09,841,57817,OSELTAMIVIR 45MG CAPS/10 GN-NATCOF,0,1.0,3.0,108.14,65.71,0.0161,0.1336,0.0,0.0,0,static
2024-11-10,841,57817,OSELTAMIVIR 45MG CAPS/10 GN-NATCOF,0,1.0,3.0,108.14,65.71,0.0161,0.1336,0.0,0.0,0,static
2024-11-11,841,57817,OSELTAMIVIR 45MG CAPS/10 GN-NATCOF,0,1.0,3.0,108.14,65.71,0.0598,0.1336,0.0,0.0,0,static
2024-11-12,841,57817,OSELTAMIVIR 45MG CAPS/10 GN-NATCOF,0,1.0,3.0,108.14,65.71,0.0161,0.1336,0.0,0.0,0,static
2024-11-13,841,57817,OSELTAMIVIR 45MG CAPS/10 GN-NATCOF,0,1.0,3.0,108.14,65.71,0.0161,0.1336,0.0,0.0,0,static
2024-11-14,841,57817,OSELTAMIVIR 45MG CAPS/10 GN-NATCOF,0,1.0,3.0,108.14,65.71,0.0161,0.1336,0.0,0.0,0,static
2024-11-15,841,57817,OSELTAMIVIR 45MG CAPS/10 GN-NATCOF,1,1.0,3.0,108.14,65.71,0.0161,0.1336,0.0,0.0,0,static
2024-11-16,841,57817,OSELTAMIVIR 45MG CAPS/10 GN-NATCOF,0,1.0,3.0,108.14,65.71,0.0161,0.1336,0.0,0.0,0,static
2024-11-17,841,57817,OSELTAMIVIR 45MG CAPS/10 GN-NATCOF,0,1.0,3.0,108.14,65.71,0.0161,0.1336,0.0,0.0,0,static
2024-11-18,841,57817,OSELTAMIVIR 45MG CAPS/10 GN-NATCOF,0,1.0,3.0,108.14,65.71,0.0598,0.1336,0.0,0.0,0,static
2024-11-19,841,57817,OSELTAMIVIR 45MG CAPS/10 GN-NATCOF,0,1.0,3.0,108.14,65.71,0.0161,0.1336,0.0,0.0,0,static
2024-11-20,841,57817,OSELTAMIVIR 45MG CAPS/10 GN-NATCOF,0,1.0,3.0,108.14,65.71,0.0161,0.1336,0.0,0.0,0,static
2024-11-21,841,57817,OSELTAMIVIR 45MG CAPS/10 GN-NATCOF,0,1.0,3.0,108.14,65.71,0.0161,0.1336,0.0,0.0,0,static
2024-11-22,841,57817,OSELTAMIVIR 45MG CAPS/10 GN-NATCOF,1,1.0,3.0,108.14,65.71,0.0161,0.1336,0.0,0.0,0,static
2024-11-23,841,57817,OSELTAMIVIR 45MG CAPS/10 GN-NATCOF,0,1.0,3.0,108.14,65.71,0.0161,0.1336,0.0,0.0,0,static
2024-11-24,841,57817,OSELTAMIVIR 45MG CAPS/10 GN-NATCOF,0,1.0,3.0,108.14,65.71,0.0161,0.1336,0.0,0.0,0,static
2024-11-25,841,57817,OSELTAMIVIR 45MG CAPS/10 GN-NATCOF,0,1.0,3.0,108.14,65.71,0.0598,0.1336,0.0,0.0,0,static
2024-11-26,841,57817,OSELTAMIVIR 45MG CAPS/10 GN-NATCOF,0,1.0,3.0,108.14,65.71,0.0161,0.1336,0.0,0.0,0,static
2024-11-27,841,57817,OSELTAMIVIR 45MG CAPS/10 GN-NATCOF,0,1.0,3.0,108.14,65.71,0.0161,0.1336,0.0,0.0,0,static
2024-11-28,841,57817,OSELTAMIVIR 45MG CAPS/10 GN-NATCOF,0,1.0,3.0,108.14,65.71,0.0161,0.1336,0.0,0.0,0,static
2024-11-29,841,57817,OSELTAMIVIR 45MG CAPS/10 GN-NATCOF,1,1.0,3.0,108.14,65.71,0.0161,0.1336,0.0,0.0,0,static
2024-11-30,841,57817,OSELTAMIVIR 45MG CAPS/10 GN-NATCOF,0,1.0,3.0,108.14,65.71,0.0161,0.1336,0.0,0.0,0,static
2024-12-01,841,57817,OSELTAMIVIR 45MG CAPS/10 GN-NATCOF,0,1.0,3.0,108.14,65.71,0.0161,0.1336,0.0,0.0,0,static
2024-12-02,841,57817,OSELTAMIVIR 45MG CAPS/10 GN-NATCOF,0,1.0,3.0,108.14,65.71,0.0598,0.1336,0.0,0.0,0,static
2024-12-03,841,57817,OSELTAMIVIR 45MG CAPS/10 GN-NATCOF,0,1.0,3.0,108.14,65.71,0.0161,0.1336,0.0,0.0,0,static
2024-12-04,841,57817,OSELTAMIVIR 45MG CAPS/10 GN-NATCOF,0,1.0,3.0,108.14,65.71,0.0161,0.1336,0.0,0.0,0,static
2024-12-05,841,57817,OSELTAMIVIR 45MG CAPS/10 GN-NATCOF,0,1.0,3.0,108.14,65.71,0.0161,0.1336,0.0,0.0,0,static
2024-12-06,841,57817,OSELTAMIVIR 45MG CAPS/10 GN-NATCOF,1,1.0,3.0,108.14,65.71,0.0161,0.1336,0.0,0.0,0,static
2024-12-07,841,57817,OSELTAMIVIR 45MG CAPS/10 GN-NATCOF,0,1.0,3.0,108.14,65.71,0.0161,0.1336,0.0,0.0,0,static
2024-12-08,841,57817,OSELTAMIVIR 45MG CAPS/10 GN-NATCOF,0,1.0,3.0,108.14,65.71,0.0161,0.1336,0.0,0.0,0,static
2024-12-09,841,57817,OSELTAMIVIR 45MG CAPS/10 GN-NATCOF,0,1.0,3.0,108.14,65.71,0.0598,0.1336,0.0,0.0,0,static
2024-12-10,841,57817,OSELTAMIVIR 45MG CAPS/10 GN-NATCOF,0,1.0,3.0,108.14,65.71,0.0161,0.1336,1.0,1.0,0,static
2024-12-11,841,57817,OSELTAMIVIR 45MG CAPS/10 GN-NATCOF,0,1.0,3.0,108.14,65.71,0.0161,0.1336,0.0,0.0,0,static
2024-12-12,841,57817,OSELTAMIVIR 45MG CAPS/10 GN-NATCOF,0,1.0,3.0,108.14,65.71,0.0161,0.1336,0.0,0.0,0,static
2024-12-13,841,57817,OSELTAMIVIR 45MG CAPS/10 GN-NATCOF,1,1.0,3.0,108.14,65.71,0.0161,0.1336,0.0,0.0,0,static
2024-12-14,841,57817,OSELTAMIVIR 45MG CAPS/10 GN-NATCOF,0,1.0,3.0,108.14,65.71,0.0161,0.1336,0.0,0.0,0,static
2024-12-15,841,57817,OSELTAMIVIR 45MG CAPS/10 GN-NATCOF,0,1.0,3.0,108.14,65.71,0.0161,0.1336,0.0,0.0,0,static
2024-12-16,841,57817,OSELTAMIVIR 45MG CAPS/10 GN-NATCOF,0,1.0,3.0,108.14,65.71,0.0598,0.1336,0.0,0.0,0,static
2024-12-17,841,57817,OSELTAMIVIR 45MG CAPS/10 GN-NATCOF,0,1.0,3.0,108.14,65.71,0.0161,0.1336,0.0,0.0,0,static
2024-12-18,841,57817,OSELTAMIVIR 45MG CAPS/10 GN-NATCOF,0,1.0,3.0,108.14,65.71,0.0161,0.1336,0.0,0.0,0,static
2024-12-19,841,57817,OSELTAMIVIR 45MG CAPS/10 GN-NATCOF,0,1.0,3.0,108.14,65.71,0.0161,0.1336,0.0,0.0,0,static
2024-12-20,841,57817,OSELTAMIVIR 45MG CAPS/10 GN-NATCOF,1,1.0,3.0,108.14,65.71,0.0161,0.1336,0.0,0.0,0,static
2024-12-21,841,57817,OSELTAMIVIR 45MG CAPS/10 GN-NATCOF,0,1.0,3.0,108.14,65.71,0.0161,0.1336,0.0,0.0,0,static
2024-12-22,841,57817,OSELTAMIVIR 45MG CAPS/10 GN-NATCOF,0,1.0,3.0,108.14,65.71,0.0161,0.1336,0.0,0.0,0,static
2024-12-23,841,57817,OSELTAMIVIR 45MG CAPS/10 GN-NATCOF,0,1.0,3.0,108.14,65.71,0.0598,0.1336,0.0,0.0,0,static
2024-12-24,841,57817,OSELTAMIVIR 45MG CAPS/10 GN-NATCOF,0,1.0,3.0,108.14,65.71,0.0161,0.1336,0.0,0.0,0,static
2024-12-25,841,57817,OSELTAMIVIR 45MG CAPS/10 GN-NATCOF,0,1.0,3.0,108.14,65.71,0.0161,0.1336,0.0,0.0,0,static
2024-12-26,841,57817,OSELTAMIVIR 45MG CAPS/10 GN-NATCOF,0,1.0,3.0,108.14,65.71,0.0161,0.1336,0.0,0.0,0,static
2024-12-27,841,57817,OSELTAMIVIR 45MG CAPS/10 GN-NATCOF,1,1.0,3.0,108.14,65.71,0.0161,0.1336,0.0,0.0,0,static
2024-12-28,841,57817,OSELTAMIVIR 45MG CAPS/10 GN-NATCOF,0,1.0,3.0,108.14,65.71,0.0161,0.1336,0.0,0.0,0,static
2024-12-29,841,57817,OSELTAMIVIR 45MG CAPS/10 GN-NATCOF,0,1.0,3.0,108.14,65.71,0.0161,0.1336,0.0,0.0,0,static
2024-12-30,841,57817,OSELTAMIVIR 45MG CAPS/10 GN-NATCOF,0,1.0,3.0,108.14,65.71,0.0598,0.1336,0.0,0.0,0,static
2024-12-31,841,57817,OSELTAMIVIR 45MG CAPS/10 GN-NATCOF,0,1.0,3.0,108.14,65.71,0.0161,0.1336,0.0,0.0,0,static
2024-10-01,841,57912,LORATAMED D XPE 60ML,0,1.0,3.0,24.54,8.79,0.0,0.0,0.0,0.0,0,static
2024-10-02,841,57912,LORATAMED D XPE 60ML,0,1.0,3.0,24.54,8.79,0.0,0.0,0.0,0.0,0,static
2024-10-03,841,57912,LORATAMED D XPE 60ML,0,1.0,3.0,24.54,8.79,0.0,0.0,0.0,0.0,0,static
2024-10-04,841,57912,LORATAMED D XPE 60ML,0,1.0,3.0,24.54,8.79,0.0,0.0,0.0,0.0,0,static
2024-10-05,841,57912,LORATAMED D XPE 60ML,0,1.0,3.0,24.54,8.79,0.0,0.0,0.0,0.0,0,static
2024-10-06,841,57912,LORATAMED D XPE 60ML,0,1.0,3.0,24.54,8.79,0.0,0.0,0.0,0.0,0,static
2024-10-07,841,57912,LORATAMED D XPE 60ML,0,1.0,3.0,24.54,8.79,0.0,0.0,0.0,0.0,0,static
2024-10-08,841,57912,LORATAMED D XPE 60ML,0,1.0,3.0,24.54,8.79,0.0,0.0,0.0,0.0,0,static
2024-10-09,841,57912,LORATAMED D XPE 60ML,0,1.0,3.0,24.54,8.79,0.0,0.0,0.0,0.0,0,static
2024-10-10,841,57912,LORATAMED D XPE 60ML,0,1.0,3.0,24.54,8.79,0.0,0.0,0.0,0.0,0,static
2024-10-11,841,57912,LORATAMED D XPE 60ML,0,1.0,3.0,24.54,8.79,0.0,0.0,0.0,0.0,0,static
2024-10-12,841,57912,LORATAMED D XPE 60ML,0,1.0,3.0,24.54,8.79,0.0,0.0,0.0,0.0,0,static
2024-10-13,841,57912,LORATAMED D XPE 60ML,0,1.0,3.0,24.54,8.79,0.0,0.0,0.0,0.0,0,static
2024-10-14,841,57912,LORATAMED D XPE 60ML,0,1.0,3.0,24.54,8.79,0.0,0.0,0.0,0.0,0,static
2024-10-15,841,57912,LORATAMED D XPE 60ML,0,1.0,3.0,24.54,8.79,0.0,0.0,0.0,0.0,0,static
2024-10-16,841,57912,LORATAMED D XPE 60ML,0,1.0,3.0,24.54,8.79,0.0,0.0,0.0,0.0,0,static
2024-10-17,841,57912,LORATAMED D XPE 60ML,0,1.0,3.0,24.54,8.79,0.0,0.0,0.0,0.0,0,static
2024-10-18,841,57912,LORATAMED D XPE 60ML,0,1.0,3.0,24.54,8.79,0.0,0.0,0.0,0.0,1,static
2024-10-19,841,57912,LORATAMED D XPE 60ML,0,1.0,3.0,24.54,8.79,0.0,0.0,0.0,0.0,1,static
2024-10-20,841,57912,LORATAMED D XPE 60ML,0,1.0,3.0,24.54,8.79,0.0,0.0,0.0,0.0,0,static
2024-10-21,841,57912,LORATAMED D XPE 60ML,0,1.0,3.0,24.54,8.79,0.0,0.0,0.0,0.0,1,static
2024-10-22,841,57912,LORATAMED D XPE 60ML,0,1.0,3.0,24.54,8.79,0.0,0.0,0.0,0.0,1,static
2024-10-23,841,57912,LORATAMED D XPE 60ML,0,1.0,3.0,24.54,8.79,0.0,0.0,0.0,0.0,1,static
2024-10-24,841,57912,LORATAMED D XPE 60ML,0,1.0,3.0,24.54,8.79,0.0,0.0,0.0,0.0,0,static
2024-10-25,841,57912,LORATAMED D XPE 60ML,0,1.0,3.0,24.54,8.79,0.0,0.0,0.0,0.0,0,static
2024-10-26,841,57912,LORATAMED D XPE 60ML,0,1.0,3.0,24.54,8.79,0.0,0.0,0.0,0.0,0,static
2024-10-27,841,57912,LORATAMED D XPE 60ML,0,1.0,3.0,24.54,8.79,0.0,0.0,0.0,0.0,0,static
2024-10-28,841,57912,LORATAMED D XPE 60ML,0,1.0,3.0,24.54,8.79,0.0,0.0,0.0,0.0,0,static
2024-10-29,841,57912,LORATAMED D XPE 60ML,0,1.0,3.0,24.54,8.79,0.0,0.0,0.0,0.0,0,static
2024-10-30,841,57912,LORATAMED D XPE 60ML,0,1.0,3.0,24.54,8.79,0.0,0.0,0.0,0.0,0,static
2024-10-31,841,57912,LORATAMED D XPE 60ML,0,1.0,3.0,24.54,8.79,0.0,0.0,0.0,0.0,0,static
2024-11-01,841,57912,LORATAMED D XPE 60ML,0,1.0,3.0,24.54,8.79,0.0,0.0,0.0,0.0,0,static
2024-11-02,841,57912,LORATAMED D XPE 60ML,0,1.0,3.0,24.54,8.79,0.0,0.0,0.0,0.0,0,static
2024-11-03,841,57912,LORATAMED D XPE 60ML,0,1.0,3.0,24.54,8.79,0.0,0.0,0.0,0.0,0,static
2024-11-04,841,57912,LORATAMED D XPE 60ML,0,1.0,3.0,24.54,8.79,0.0,0.0,0.0,0.0,0,static
2024-11-05,841,57912,LORATAMED D XPE 60ML,0,1.0,3.0,24.54,8.79,0.0,0.0,0.0,0.0,0,static
2024-11-06,841,57912,LORATAMED D XPE 60ML,0,1.0,3.0,24.54,8.79,0.0,0.0,0.0,0.0,0,static
2024-11-07,841,57912,LORATAMED D XPE 60ML,0,1.0,3.0,24.54,8.79,0.0,0.0,0.0,0.0,0,static
2024-11-08,841,57912,LORATAMED D XPE 60ML,0,1.0,3.0,24.54,8.79,0.0,0.0,0.0,0.0,0,static
2024-11-09,841,57912,LORATAMED D XPE 60ML,0,1.0,3.0,24.54,8.79,0.0,0.0,0.0,0.0,0,static
2024-11-10,841,57912,LORATAMED D XPE 60ML,0,1.0,3.0,24.54,8.79,0.0,0.0,0.0,0.0,0,static
2024-11-11,841,57912,LORATAMED D XPE 60ML,0,1.0,3.0,24.54,8.79,0.0,0.0,0.0,0.0,0,static
2024-11-12,841,57912,LORATAMED D XPE 60ML,0,1.0,3.0,24.54,8.79,0.0,0.0,0.0,0.0,0,static
2024-11-13,841,57912,LORATAMED D XPE 60ML,0,1.0,3.0,24.54,8.79,0.0,0.0,0.0,0.0,0,static
2024-11-14,841,57912,LORATAMED D XPE 60ML,0,1.0,3.0,24.54,8.79,0.0,0.0,0.0,0.0,0,static
2024-11-15,841,57912,LORATAMED D XPE 60ML,0,1.0,3.0,24.54,8.79,0.0,0.0,0.0,0.0,0,static
2024-11-16,841,57912,LORATAMED D XPE 60ML,0,1.0,3.0,24.54,8.79,0.0,0.0,0.0,0.0,0,static
2024-11-17,841,57912,LORATAMED D XPE 60ML,0,1.0,3.0,24.54,8.79,0.0,0.0,0.0,0.0,0,static
2024-11-18,841,57912,LORATAMED D XPE 60ML,0,1.0,3.0,24.54,8.79,0.0,0.0,0.0,0.0,0,static
2024-11-19,841,57912,LORATAMED D XPE 60ML,0,1.0,3.0,24.54,8.79,0.0,0.0,0.0,0.0,0,static
2024-11-20,841,57912,LORATAMED D XPE 60ML,0,1.0,3.0,24.54,8.79,0.0,0.0,0.0,0.0,0,static
2024-11-21,841,57912,LORATAMED D XPE 60ML,0,1.0,3.0,24.54,8.79,0.0,0.0,0.0,0.0,0,static
2024-11-22,841,57912,LORATAMED D XPE 60ML,0,1.0,3.0,24.54,8.79,0.0,0.0,0.0,0.0,0,static
2024-11-23,841,57912,LORATAMED D XPE 60ML,0,1.0,3.0,24.54,8.79,0.0,0.0,0.0,0.0,0,static
2024-11-24,841,57912,LORATAMED D XPE 60ML,0,1.0,3.0,24.54,8.79,0.0,0.0,0.0,0.0,0,static
2024-11-25,841,57912,LORATAMED D XPE 60ML,0,1.0,3.0,24.54,8.79,0.0,0.0,0.0,0.0,0,static
2024-11-26,841,57912,LORATAMED D XPE 60ML,0,1.0,3.0,24.54,8.79,0.0,0.0,0.0,0.0,0,static
2024-11-27,841,57912,LORATAMED D XPE 60ML,0,1.0,3.0,24.54,8.79,0.0,0.0,0.0,0.0,0,static
2024-11-28,841,57912,LORATAMED D XPE 60ML,0,1.0,3.0,24.54,8.79,0.0,0.0,0.0,0.0,0,static
2024-11-29,841,57912,LORATAMED D XPE 60ML,0,1.0,3.0,24.54,8.79,0.0,0.0,0.0,0.0,0,static
2024-11-30,841,57912,LORATAMED D XPE 60ML,0,1.0,3.0,24.54,8.79,0.0,0.0,0.0,0.0,0,static
2024-12-01,841,57912,LORATAMED D XPE 60ML,0,1.0,3.0,24.54,8.79,0.0,0.0,0.0,0.0,0,static
2024-12-02,841,57912,LORATAMED D XPE 60ML,0,1.0,3.0,24.54,8.79,0.0,0.0,0.0,0.0,0,static
2024-12-03,841,57912,LORATAMED D XPE 60ML,0,1.0,3.0,24.54,8.79,0.0,0.0,0.0,0.0,0,static
2024-12-04,841,57912,LORATAMED D XPE 60ML,0,1.0,3.0,24.54,8.79,0.0,0.0,0.0,0.0,0,static
2024-12-05,841,57912,LORATAMED D XPE 60ML,0,1.0,3.0,24.54,8.79,0.0,0.0,0.0,0.0,0,static
2024-12-06,841,57912,LORATAMED D XPE 60ML,0,1.0,3.0,24.54,8.79,0.0,0.0,0.0,0.0,0,static
2024-12-07,841,57912,LORATAMED D XPE 60ML,0,1.0,3.0,24.54,8.79,0.0,0.0,0.0,0.0,0,static
2024-12-08,841,57912,LORATAMED D XPE 60ML,0,1.0,3.0,24.54,8.79,0.0,0.0,0.0,0.0,0,static
2024-12-09,841,57912,LORATAMED D XPE 60ML,0,1.0,3.0,24.54,8.79,0.0,0.0,0.0,0.0,0,static
2024-12-10,841,57912,LORATAMED D XPE 60ML,0,1.0,3.0,24.54,8.79,0.0,0.0,0.0,0.0,0,static
2024-12-11,841,57912,LORATAMED D XPE 60ML,0,1.0,3.0,24.54,8.79,0.0,0.0,0.0,0.0,0,static
2024-12-12,841,57912,LORATAMED D XPE 60ML,0,1.0,3.0,24.54,8.79,0.0,0.0,0.0,0.0,0,static
2024-12-13,841,57912,LORATAMED D XPE 60ML,0,1.0,3.0,24.54,8.79,0.0,0.0,0.0,0.0,0,static
2024-12-14,841,57912,LORATAMED D XPE 60ML,0,1.0,3.0,24.54,8.79,0.0,0.0,0.0,0.0,0,static
2024-12-15,841,57912,LORATAMED D XPE 60ML,0,1.0,3.0,24.54,8.79,0.0,0.0,0.0,0.0,0,static
2024-12-16,841,57912,LORATAMED D XPE 60ML,0,1.0,3.0,24.54,8.79,0.0,0.0,0.0,0.0,0,static
2024-12-17,841,57912,LORATAMED D XPE 60ML,0,1.0,3.0,24.54,8.79,0.0,0.0,0.0,0.0,0,static
2024-12-18,841,57912,LORATAMED D XPE 60ML,0,1.0,3.0,24.54,8.79,0.0,0.0,0.0,0.0,0,static
2024-12-19,841,57912,LORATAMED D XPE 60ML,0,1.0,3.0,24.54,8.79,0.0,0.0,0.0,0.0,0,static
2024-12-20,841,57912,LORATAMED D XPE 60ML,0,1.0,3.0,24.54,8.79,0.0,0.0,0.0,0.0,0,static
2024-12-21,841,57912,LORATAMED D XPE 60ML,0,1.0,3.0,24.54,8.79,0.0,0.0,0.0,0.0,0,static
2024-12-22,841,57912,LORATAMED D XPE 60ML,0,1.0,3.0,24.54,8.79,0.0,0.0,0.0,0.0,0,static
2024-12-23,841,57912,LORATAMED D XPE 60ML,0,1.0,3.0,24.54,8.79,0.0,0.0,0.0,0.0,0,static
2024-12-24,841,57912,LORATAMED D XPE 60ML,0,1.0,3.0,24.54,8.79,0.0,0.0,0.0,0.0,0,static
2024-12-25,841,57912,LORATAMED D XPE 60ML,0,1.0,3.0,24.54,8.79,0.0,0.0,0.0,0.0,0,static
2024-12-26,841,57912,LORATAMED D XPE 60ML,0,1.0,3.0,24.54,8.79,0.0,0.0,0.0,0.0,0,static
2024-12-27,841,57912,LORATAMED D XPE 60ML,0,1.0,3.0,24.54,8.79,0.0,0.0,0.0,0.0,0,static
2024-12-28,841,57912,LORATAMED D XPE 60ML,0,1.0,3.0,24.54,8.79,0.0,0.0,0.0,0.0,0,static
2024-12-29,841,57912,LORATAMED D XPE 60ML,0,1.0,3.0,24.54,8.79,0.0,0.0,0.0,0.0,0,static
2024-12-30,841,57912,LORATAMED D XPE 60ML,0,1.0,3.0,24.54,8.79,0.0,0.0,0.0,0.0,0,static
2024-12-31,841,57912,LORATAMED D XPE 60ML,0,1.0,3.0,24.54,8.79,0.0,0.0,0.0,0.0,0,static
2024-10-01,841,58701,ABRILAR XAROPE L-MENTOL 200ML,0,2.5,3.0,65.43,42.99,0.0,0.0,0.0,0.0,0,static
2024-10-02,841,58701,ABRILAR XAROPE L-MENTOL 200ML,0,2.5,3.0,65.43,42.99,0.0,0.0,0.0,0.0,0,static
2024-10-03,841,58701,ABRILAR XAROPE L-MENTOL 200ML,0,2.5,3.0,65.43,42.99,0.0,0.0,0.0,0.0,0,static
2024-10-04,841,58701,ABRILAR XAROPE L-MENTOL 200ML,0,2.5,3.0,65.43,42.99,0.0,0.0,0.0,0.0,0,static
2024-10-05,841,58701,ABRILAR XAROPE L-MENTOL 200ML,0,2.5,3.0,65.43,42.99,0.0,0.0,0.0,0.0,0,static
2024-10-06,841,58701,ABRILAR XAROPE L-MENTOL 200ML,0,2.5,3.0,65.43,42.99,0.0,0.0,0.0,0.0,0,static
2024-10-07,841,58701,ABRILAR XAROPE L-MENTOL 200ML,0,2.5,3.0,65.43,42.99,0.0,0.0,0.0,0.0,0,static
2024-10-08,841,58701,ABRILAR XAROPE L-MENTOL 200ML,0,2.5,3.0,65.43,42.99,0.0,0.0,0.0,0.0,0,static
2024-10-09,841,58701,ABRILAR XAROPE L-MENTOL 200ML,0,2.5,3.0,65.43,42.99,0.0,0.0,0.0,0.0,0,static
2024-10-10,841,58701,ABRILAR XAROPE L-MENTOL 200ML,0,2.5,3.0,65.43,42.99,0.0,0.0,0.0,0.0,0,static
2024-10-11,841,58701,ABRILAR XAROPE L-MENTOL 200ML,0,2.5,3.0,65.43,42.99,0.0,0.0,0.0,0.0,0,static
2024-10-12,841,58701,ABRILAR XAROPE L-MENTOL 200ML,0,2.5,3.0,65.43,42.99,0.0,0.0,0.0,0.0,0,static
2024-10-13,841,58701,ABRILAR XAROPE L-MENTOL 200ML,0,2.5,3.0,65.43,42.99,0.0,0.0,0.0,0.0,0,static
2024-10-14,841,58701,ABRILAR XAROPE L-MENTOL 200ML,0,2.5,3.0,65.43,42.99,0.0,0.0,0.0,0.0,0,static
2024-10-15,841,58701,ABRILAR XAROPE L-MENTOL 200ML,0,2.5,3.0,65.43,42.99,0.0,0.0,0.0,0.0,0,static
2024-10-16,841,58701,ABRILAR XAROPE L-MENTOL 200ML,0,2.5,3.0,65.43,42.99,0.0,0.0,0.0,0.0,0,static
2024-10-17,841,58701,ABRILAR XAROPE L-MENTOL 200ML,0,2.5,3.0,65.43,42.99,0.0,0.0,0.0,0.0,0,static
2024-10-18,841,58701,ABRILAR XAROPE L-MENTOL 200ML,0,2.5,3.0,65.43,42.99,0.0,0.0,0.0,0.0,0,static
2024-10-19,841,58701,ABRILAR XAROPE L-MENTOL 200ML,0,2.5,3.0,65.43,42.99,0.0,0.0,0.0,0.0,0,static
2024-10-20,841,58701,ABRILAR XAROPE L-MENTOL 200ML,0,2.5,3.0,65.43,42.99,0.0,0.0,0.0,0.0,0,static
2024-10-21,841,58701,ABRILAR XAROPE L-MENTOL 200ML,0,2.5,3.0,65.43,42.99,0.0,0.0,0.0,0.0,0,static
2024-10-22,841,58701,ABRILAR XAROPE L-MENTOL 200ML,0,2.5,3.0,65.43,42.99,0.0,0.0,0.0,0.0,0,static
2024-10-23,841,58701,ABRILAR XAROPE L-MENTOL 200ML,0,2.5,3.0,65.43,42.99,0.0,0.0,0.0,0.0,0,static
2024-10-24,841,58701,ABRILAR XAROPE L-MENTOL 200ML,0,2.5,3.0,65.43,42.99,0.0,0.0,0.0,0.0,0,static
2024-10-25,841,58701,ABRILAR XAROPE L-MENTOL 200ML,0,2.5,3.0,65.43,42.99,0.0,0.0,0.0,0.0,0,static
2024-10-26,841,58701,ABRILAR XAROPE L-MENTOL 200ML,0,2.5,3.0,65.43,42.99,0.0,0.0,0.0,0.0,0,static
2024-10-27,841,58701,ABRILAR XAROPE L-MENTOL 200ML,0,2.5,3.0,65.43,42.99,0.0,0.0,0.0,0.0,0,static
2024-10-28,841,58701,ABRILAR XAROPE L-MENTOL 200ML,0,2.5,3.0,65.43,42.99,0.0,0.0,0.0,0.0,0,static
2024-10-29,841,58701,ABRILAR XAROPE L-MENTOL 200ML,0,2.5,3.0,65.43,42.99,0.0,0.0,0.0,0.0,0,static
2024-10-30,841,58701,ABRILAR XAROPE L-MENTOL 200ML,0,2.5,3.0,65.43,42.99,0.0,0.0,0.0,0.0,0,static
2024-10-31,841,58701,ABRILAR XAROPE L-MENTOL 200ML,0,2.5,3.0,65.43,42.99,0.0,0.0,0.0,0.0,0,static
2024-11-01,841,58701,ABRILAR XAROPE L-MENTOL 200ML,0,2.5,3.0,65.43,42.99,0.0,0.0,0.0,0.0,0,static
2024-11-02,841,58701,ABRILAR XAROPE L-MENTOL 200ML,0,2.5,3.0,65.43,42.99,0.0,0.0,0.0,0.0,0,static
2024-11-03,841,58701,ABRILAR XAROPE L-MENTOL 200ML,0,2.5,3.0,65.43,42.99,0.0,0.0,0.0,0.0,0,static
2024-11-04,841,58701,ABRILAR XAROPE L-MENTOL 200ML,0,2.5,3.0,65.43,42.99,0.0,0.0,0.0,0.0,0,static
2024-11-05,841,58701,ABRILAR XAROPE L-MENTOL 200ML,0,2.5,3.0,65.43,42.99,0.0,0.0,0.0,0.0,0,static
2024-11-06,841,58701,ABRILAR XAROPE L-MENTOL 200ML,0,2.5,3.0,65.43,42.99,0.0,0.0,0.0,0.0,0,static
2024-11-07,841,58701,ABRILAR XAROPE L-MENTOL 200ML,0,2.5,3.0,65.43,42.99,0.0,0.0,1.0,1.0,0,static
2024-11-08,841,58701,ABRILAR XAROPE L-MENTOL 200ML,0,2.5,3.0,65.43,42.99,0.0,0.0,0.0,0.0,0,static
2024-11-09,841,58701,ABRILAR XAROPE L-MENTOL 200ML,0,2.5,3.0,65.43,42.99,0.0,0.0,0.0,0.0,0,static
2024-11-10,841,58701,ABRILAR XAROPE L-MENTOL 200ML,0,2.5,3.0,65.43,42.99,0.0,0.0,0.0,0.0,0,static
2024-11-11,841,58701,ABRILAR XAROPE L-MENTOL 200ML,0,2.5,3.0,65.43,42.99,0.0,0.0,0.0,0.0,0,static
2024-11-12,841,58701,ABRILAR XAROPE L-MENTOL 200ML,0,2.5,3.0,65.43,42.99,0.0,0.0,0.0,0.0,0,static
2024-11-13,841,58701,ABRILAR XAROPE L-MENTOL 200ML,0,2.5,3.0,65.43,42.99,0.0,0.0,0.0,0.0,0,static
2024-11-14,841,58701,ABRILAR XAROPE L-MENTOL 200ML,0,2.5,3.0,65.43,42.99,0.0,0.0,0.0,0.0,0,static
2024-11-15,841,58701,ABRILAR XAROPE L-MENTOL 200ML,0,2.5,3.0,65.43,42.99,0.0,0.0,0.0,0.0,0,static
2024-11-16,841,58701,ABRILAR XAROPE L-MENTOL 200ML,0,2.5,3.0,65.43,42.99,0.0,0.0,0.0,0.0,0,static
2024-11-17,841,58701,ABRILAR XAROPE L-MENTOL 200ML,0,2.5,3.0,65.43,42.99,0.0,0.0,0.0,0.0,0,static
2024-11-18,841,58701,ABRILAR XAROPE L-MENTOL 200ML,0,2.5,3.0,65.43,42.99,0.0,0.0,0.0,0.0,0,static
2024-11-19,841,58701,ABRILAR XAROPE L-MENTOL 200ML,0,2.5,3.0,65.43,42.99,0.0,0.0,0.0,0.0,0,static
2024-11-20,841,58701,ABRILAR XAROPE L-MENTOL 200ML,0,2.5,3.0,65.43,42.99,0.0,0.0,0.0,0.0,0,static
2024-11-21,841,58701,ABRILAR XAROPE L-MENTOL 200ML,0,2.5,3.0,65.43,42.99,0.0,0.0,0.0,0.0,0,static
2024-11-22,841,58701,ABRILAR XAROPE L-MENTOL 200ML,0,2.5,3.0,65.43,42.99,0.0,0.0,0.0,0.0,0,static
2024-11-23,841,58701,ABRILAR XAROPE L-MENTOL 200ML,0,2.5,3.0,65.43,42.99,0.0,0.0,0.0,0.0,0,static
2024-11-24,841,58701,ABRILAR XAROPE L-MENTOL 200ML,0,2.5,3.0,65.43,42.99,0.0,0.0,0.0,0.0,0,static
2024-11-25,841,58701,ABRILAR XAROPE L-MENTOL 200ML,0,2.5,3.0,65.43,42.99,0.0,0.0,0.0,0.0,0,static
2024-11-26,841,58701,ABRILAR XAROPE L-MENTOL 200ML,0,2.5,3.0,65.43,42.99,0.0,0.0,0.0,0.0,0,static
2024-11-27,841,58701,ABRILAR XAROPE L-MENTOL 200ML,0,2.5,3.0,65.43,42.99,0.0,0.0,0.0,0.0,0,static
2024-11-28,841,58701,ABRILAR XAROPE L-MENTOL 200ML,0,2.5,3.0,65.43,42.99,0.0,0.0,0.0,0.0,0,static
2024-11-29,841,58701,ABRILAR XAROPE L-MENTOL 200ML,0,2.5,3.0,65.43,42.99,0.0,0.0,0.0,0.0,0,static
2024-11-30,841,58701,ABRILAR XAROPE L-MENTOL 200ML,0,2.5,3.0,65.43,42.99,0.0,0.0,0.0,0.0,0,static
2024-12-01,841,58701,ABRILAR XAROPE L-MENTOL 200ML,0,2.5,3.0,65.43,42.99,0.0,0.0,0.0,0.0,0,static
2024-12-02,841,58701,ABRILAR XAROPE L-MENTOL 200ML,0,2.5,3.0,65.43,42.99,0.0,0.0,0.0,0.0,0,static
2024-12-03,841,58701,ABRILAR XAROPE L-MENTOL 200ML,0,2.5,3.0,65.43,42.99,0.0,0.0,0.0,0.0,0,static
2024-12-04,841,58701,ABRILAR XAROPE L-MENTOL 200ML,0,2.5,3.0,65.43,42.99,0.0,0.0,0.0,0.0,0,static
2024-12-05,841,58701,ABRILAR XAROPE L-MENTOL 200ML,0,2.5,3.0,65.43,42.99,0.0,0.0,0.0,0.0,0,static
2024-12-06,841,58701,ABRILAR XAROPE L-MENTOL 200ML,0,2.5,3.0,65.43,42.99,0.0,0.0,0.0,0.0,0,static
2024-12-07,841,58701,ABRILAR XAROPE L-MENTOL 200ML,0,2.5,3.0,65.43,42.99,0.0,0.0,0.0,0.0,0,static
2024-12-08,841,58701,ABRILAR XAROPE L-MENTOL 200ML,0,2.5,3.0,65.43,42.99,0.0,0.0,0.0,0.0,0,static
2024-12-09,841,58701,ABRILAR XAROPE L-MENTOL 200ML,0,2.5,3.0,65.43,42.99,0.0,0.0,0.0,0.0,0,static
2024-12-10,841,58701,ABRILAR XAROPE L-MENTOL 200ML,0,2.5,3.0,65.43,42.99,0.0,0.0,0.0,0.0,0,static
2024-12-11,841,58701,ABRILAR XAROPE L-MENTOL 200ML,0,2.5,3.0,65.43,42.99,0.0,0.0,0.0,0.0,0,static
2024-12-12,841,58701,ABRILAR XAROPE L-MENTOL 200ML,0,2.5,3.0,65.43,42.99,0.0,0.0,0.0,0.0,0,static
2024-12-13,841,58701,ABRILAR XAROPE L-MENTOL 200ML,0,2.5,3.0,65.43,42.99,0.0,0.0,0.0,0.0,0,static
2024-12-14,841,58701,ABRILAR XAROPE L-MENTOL 200ML,0,2.5,3.0,65.43,42.99,0.0,0.0,0.0,0.0,0,static
2024-12-15,841,58701,ABRILAR XAROPE L-MENTOL 200ML,0,2.5,3.0,65.43,42.99,0.0,0.0,0.0,0.0,0,static
2024-12-16,841,58701,ABRILAR XAROPE L-MENTOL 200ML,0,2.5,3.0,65.43,42.99,0.0,0.0,0.0,0.0,0,static
2024-12-17,841,58701,ABRILAR XAROPE L-MENTOL 200ML,0,2.5,3.0,65.43,42.99,0.0,0.0,0.0,0.0,0,static
2024-12-18,841,58701,ABRILAR XAROPE L-MENTOL 200ML,0,2.5,3.0,65.43,42.99,0.0,0.0,0.0,0.0,0,static
2024-12-19,841,58701,ABRILAR XAROPE L-MENTOL 200ML,0,2.5,3.0,65.43,42.99,0.0,0.0,0.0,0.0,0,static
2024-12-20,841,58701,ABRILAR XAROPE L-MENTOL 200ML,0,2.5,3.0,65.43,42.99,0.0,0.0,0.0,0.0,0,static
2024-12-21,841,58701,ABRILAR XAROPE L-MENTOL 200ML,0,2.5,3.0,65.43,42.99,0.0,0.0,0.0,0.0,0,static
2024-12-22,841,58701,ABRILAR XAROPE L-MENTOL 200ML,0,2.5,3.0,65.43,42.99,0.0,0.0,0.0,0.0,0,static
2024-12-23,841,58701,ABRILAR XAROPE L-MENTOL 200ML,0,2.5,3.0,65.43,42.99,0.0,0.0,0.0,0.0,0,static
2024-12-24,841,58701,ABRILAR XAROPE L-MENTOL 200ML,0,2.5,3.0,65.43,42.99,0.0,0.0,0.0,0.0,0,static
2024-12-25,841,58701,ABRILAR XAROPE L-MENTOL 200ML,0,2.5,3.0,65.43,42.99,0.0,0.0,0.0,0.0,0,static
2024-12-26,841,58701,ABRILAR XAROPE L-MENTOL 200ML,0,2.5,3.0,65.43,42.99,0.0,0.0,0.0,0.0,0,static
2024-12-27,841,58701,ABRILAR XAROPE L-MENTOL 200ML,0,2.5,3.0,65.43,42.99,0.0,0.0,0.0,0.0,0,static
2024-12-28,841,58701,ABRILAR XAROPE L-MENTOL 200ML,0,2.5,3.0,65.43,42.99,0.0,0.0,0.0,0.0,0,static
2024-12-29,841,58701,ABRILAR XAROPE L-MENTOL 200ML,0,2.5,3.0,65.43,42.99,0.0,0.0,0.0,0.0,0,static
2024-12-30,841,58701,ABRILAR XAROPE L-MENTOL 200ML,0,2.5,3.0,65.43,42.99,0.0,0.0,0.0,0.0,0,static
2024-12-31,841,58701,ABRILAR XAROPE L-MENTOL 200ML,0,2.5,3.0,65.43,42.99,0.0,0.0,0.0,0.0,0,static
2024-10-01,841,62364,ALOFF XPE 60ML + SER,0,2.5,3.0,37.49,27.94,0.0,0.0,0.0,0.0,0,static
2024-10-02,841,62364,ALOFF XPE 60ML + SER,0,2.5,3.0,37.49,27.94,0.0,0.0,0.0,0.0,0,static
2024-10-03,841,62364,ALOFF XPE 60ML + SER,0,2.5,3.0,37.49,27.94,0.0,0.0,0.0,0.0,0,static
2024-10-04,841,62364,ALOFF XPE 60ML + SER,0,2.5,3.0,37.49,27.94,0.0,0.0,0.0,0.0,0,static
2024-10-05,841,62364,ALOFF XPE 60ML + SER,0,2.5,3.0,37.49,27.94,0.0,0.0,0.0,0.0,0,static
2024-10-06,841,62364,ALOFF XPE 60ML + SER,0,2.5,3.0,37.49,27.94,0.0,0.0,0.0,0.0,0,static
2024-10-07,841,62364,ALOFF XPE 60ML + SER,0,2.5,3.0,37.49,27.94,0.0,0.0,0.0,0.0,0,static
2024-10-08,841,62364,ALOFF XPE 60ML + SER,0,2.5,3.0,37.49,27.94,0.0,0.0,0.0,0.0,0,static
2024-10-09,841,62364,ALOFF XPE 60ML + SER,0,2.5,3.0,37.49,27.94,0.0,0.0,0.0,0.0,0,static
2024-10-10,841,62364,ALOFF XPE 60ML + SER,0,2.5,3.0,37.49,27.94,0.0,0.0,0.0,0.0,0,static
2024-10-11,841,62364,ALOFF XPE 60ML + SER,0,2.5,3.0,37.49,27.94,0.0,0.0,0.0,0.0,0,static
2024-10-12,841,62364,ALOFF XPE 60ML + SER,0,2.5,3.0,37.49,27.94,0.0,0.0,0.0,0.0,0,static
2024-10-13,841,62364,ALOFF XPE 60ML + SER,0,2.5,3.0,37.49,27.94,0.0,0.0,0.0,0.0,0,static
2024-10-14,841,62364,ALOFF XPE 60ML + SER,0,2.5,3.0,37.49,27.94,0.0,0.0,0.0,0.0,0,static
2024-10-15,841,62364,ALOFF XPE 60ML + SER,0,2.5,3.0,37.49,27.94,0.0,0.0,0.0,0.0,0,static
2024-10-16,841,62364,ALOFF XPE 60ML + SER,0,2.5,3.0,37.49,27.94,0.0,0.0,0.0,0.0,0,static
2024-10-17,841,62364,ALOFF XPE 60ML + SER,0,2.5,3.0,37.49,27.94,0.0,0.0,0.0,0.0,0,static
2024-10-18,841,62364,ALOFF XPE 60ML + SER,0,2.5,3.0,37.49,27.94,0.0,0.0,0.0,0.0,0,static
2024-10-19,841,62364,ALOFF XPE 60ML + SER,0,2.5,3.0,37.49,27.94,0.0,0.0,0.0,0.0,0,static
2024-10-20,841,62364,ALOFF XPE 60ML + SER,0,2.5,3.0,37.49,27.94,0.0,0.0,0.0,0.0,0,static
2024-10-21,841,62364,ALOFF XPE 60ML + SER,0,2.5,3.0,37.49,27.94,0.0,0.0,0.0,0.0,0,static
2024-10-22,841,62364,ALOFF XPE 60ML + SER,0,2.5,3.0,37.49,27.94,0.0,0.0,0.0,0.0,0,static
2024-10-23,841,62364,ALOFF XPE 60ML + SER,0,2.5,3.0,37.49,27.94,0.0,0.0,0.0,0.0,0,static
2024-10-24,841,62364,ALOFF XPE 60ML + SER,0,2.5,3.0,37.49,27.94,0.0,0.0,0.0,0.0,0,static
2024-10-25,841,62364,ALOFF XPE 60ML + SER,0,2.5,3.0,37.49,27.94,0.0,0.0,0.0,0.0,0,static
2024-10-26,841,62364,ALOFF XPE 60ML + SER,0,2.5,3.0,37.49,27.94,0.0,0.0,0.0,0.0,0,static
2024-10-27,841,62364,ALOFF XPE 60ML + SER,0,2.5,3.0,37.49,27.94,0.0,0.0,0.0,0.0,0,static
2024-10-28,841,62364,ALOFF XPE 60ML + SER,0,2.5,3.0,37.49,27.94,0.0,0.0,0.0,0.0,0,static
2024-10-29,841,62364,ALOFF XPE 60ML + SER,0,2.5,3.0,37.49,27.94,0.0,0.0,0.0,0.0,0,static
2024-10-30,841,62364,ALOFF XPE 60ML + SER,0,2.5,3.0,37.49,27.94,0.0,0.0,0.0,0.0,0,static
2024-10-31,841,62364,ALOFF XPE 60ML + SER,0,2.5,3.0,37.49,27.94,0.0,0.0,0.0,0.0,0,static
2024-11-01,841,62364,ALOFF XPE 60ML + SER,0,2.5,3.0,37.49,27.94,0.0,0.0,0.0,0.0,0,static
2024-11-02,841,62364,ALOFF XPE 60ML + SER,0,2.5,3.0,37.49,27.94,0.0,0.0,0.0,0.0,0,static
2024-11-03,841,62364,ALOFF XPE 60ML + SER,0,2.5,3.0,37.49,27.94,0.0,0.0,0.0,0.0,0,static
2024-11-04,841,62364,ALOFF XPE 60ML + SER,0,2.5,3.0,37.49,27.94,0.0,0.0,0.0,0.0,0,static
2024-11-05,841,62364,ALOFF XPE 60ML + SER,0,2.5,3.0,37.49,27.94,0.0,0.0,0.0,0.0,0,static
2024-11-06,841,62364,ALOFF XPE 60ML + SER,0,2.5,3.0,37.49,27.94,0.0,0.0,0.0,0.0,0,static
2024-11-07,841,62364,ALOFF XPE 60ML + SER,0,2.5,3.0,37.49,27.94,0.0,0.0,0.0,0.0,0,static
2024-11-08,841,62364,ALOFF XPE 60ML + SER,0,2.5,3.0,37.49,27.94,0.0,0.0,0.0,0.0,0,static
2024-11-09,841,62364,ALOFF XPE 60ML + SER,0,2.5,3.0,37.49,27.94,0.0,0.0,0.0,0.0,0,static
2024-11-10,841,62364,ALOFF XPE 60ML + SER,0,2.5,3.0,37.49,27.94,0.0,0.0,0.0,0.0,0,static
2024-11-11,841,62364,ALOFF XPE 60ML + SER,0,2.5,3.0,37.49,27.94,0.0,0.0,0.0,0.0,0,static
2024-11-12,841,62364,ALOFF XPE 60ML + SER,0,2.5,3.0,37.49,27.94,0.0,0.0,0.0,0.0,0,static
2024-11-13,841,62364,ALOFF XPE 60ML + SER,0,2.5,3.0,37.49,27.94,0.0,0.0,0.0,0.0,0,static
2024-11-14,841,62364,ALOFF XPE 60ML + SER,0,2.5,3.0,37.49,27.94,0.0,0.0,0.0,0.0,0,static
2024-11-15,841,62364,ALOFF XPE 60ML + SER,0,2.5,3.0,37.49,27.94,0.0,0.0,0.0,0.0,0,static
2024-11-16,841,62364,ALOFF XPE 60ML + SER,0,2.5,3.0,37.49,27.94,0.0,0.0,0.0,0.0,0,static
2024-11-17,841,62364,ALOFF XPE 60ML + SER,0,2.5,3.0,37.49,27.94,0.0,0.0,0.0,0.0,0,static
2024-11-18,841,62364,ALOFF XPE 60ML + SER,0,2.5,3.0,37.49,27.94,0.0,0.0,0.0,0.0,0,static
2024-11-19,841,62364,ALOFF XPE 60ML + SER,0,2.5,3.0,37.49,27.94,0.0,0.0,0.0,0.0,0,static
2024-11-20,841,62364,ALOFF XPE 60ML + SER,0,2.5,3.0,37.49,27.94,0.0,0.0,0.0,0.0,0,static
2024-11-21,841,62364,ALOFF XPE 60ML + SER,0,2.5,3.0,37.49,27.94,0.0,0.0,0.0,0.0,0,static
2024-11-22,841,62364,ALOFF XPE 60ML + SER,0,2.5,3.0,37.49,27.94,0.0,0.0,0.0,0.0,0,static
2024-11-23,841,62364,ALOFF XPE 60ML + SER,0,2.5,3.0,37.49,27.94,0.0,0.0,0.0,0.0,0,static
2024-11-24,841,62364,ALOFF XPE 60ML + SER,0,2.5,3.0,37.49,27.94,0.0,0.0,0.0,0.0,0,static
2024-11-25,841,62364,ALOFF XPE 60ML + SER,0,2.5,3.0,37.49,27.94,0.0,0.0,0.0,0.0,0,static
2024-11-26,841,62364,ALOFF XPE 60ML + SER,0,2.5,3.0,37.49,27.94,0.0,0.0,0.0,0.0,0,static
2024-11-27,841,62364,ALOFF XPE 60ML + SER,0,2.5,3.0,37.49,27.94,0.0,0.0,0.0,0.0,0,static
2024-11-28,841,62364,ALOFF XPE 60ML + SER,0,2.5,3.0,37.49,27.94,0.0,0.0,0.0,0.0,0,static
2024-11-29,841,62364,ALOFF XPE 60ML + SER,0,2.5,3.0,37.49,27.94,0.0,0.0,0.0,0.0,0,static
2024-11-30,841,62364,ALOFF XPE 60ML + SER,0,2.5,3.0,37.49,27.94,0.0,0.0,0.0,0.0,0,static
2024-12-01,841,62364,ALOFF XPE 60ML + SER,0,2.5,3.0,37.49,27.94,0.0,0.0,0.0,0.0,0,static
2024-12-02,841,62364,ALOFF XPE 60ML + SER,0,2.5,3.0,37.49,27.94,0.0,0.0,0.0,0.0,0,static
2024-12-03,841,62364,ALOFF XPE 60ML + SER,0,2.5,3.0,37.49,27.94,0.0,0.0,0.0,0.0,0,static
2024-12-04,841,62364,ALOFF XPE 60ML + SER,0,2.5,3.0,37.49,27.94,0.0,0.0,0.0,0.0,0,static
2024-12-05,841,62364,ALOFF XPE 60ML + SER,0,2.5,3.0,37.49,27.94,0.0,0.0,0.0,0.0,0,static
2024-12-06,841,62364,ALOFF XPE 60ML + SER,0,2.5,3.0,37.49,27.94,0.0,0.0,0.0,0.0,0,static
2024-12-07,841,62364,ALOFF XPE 60ML + SER,0,2.5,3.0,37.49,27.94,0.0,0.0,0.0,0.0,0,static
2024-12-08,841,62364,ALOFF XPE 60ML + SER,0,2.5,3.0,37.49,27.94,0.0,0.0,0.0,0.0,0,static
2024-12-09,841,62364,ALOFF XPE 60ML + SER,0,2.5,3.0,37.49,27.94,0.0,0.0,0.0,0.0,0,static
2024-12-10,841,62364,ALOFF XPE 60ML + SER,0,2.5,3.0,37.49,27.94,0.0,0.0,0.0,0.0,0,static
2024-12-11,841,62364,ALOFF XPE 60ML + SER,0,2.5,3.0,37.49,27.94,0.0,0.0,0.0,0.0,0,static
2024-12-12,841,62364,ALOFF XPE 60ML + SER,0,2.5,3.0,37.49,27.94,0.0,0.0,0.0,0.0,0,static
2024-12-13,841,62364,ALOFF XPE 60ML + SER,0,2.5,3.0,37.49,27.94,0.0,0.0,0.0,0.0,0,static
2024-12-14,841,62364,ALOFF XPE 60ML + SER,0,2.5,3.0,37.49,27.94,0.0,0.0,0.0,0.0,0,static
2024-12-15,841,62364,ALOFF XPE 60ML + SER,0,2.5,3.0,37.49,27.94,0.0,0.0,0.0,0.0,0,static
2024-12-16,841,62364,ALOFF XPE 60ML + SER,0,2.5,3.0,37.49,27.94,0.0,0.0,0.0,0.0,0,static
2024-12-17,841,62364,ALOFF XPE 60ML + SER,0,2.5,3.0,37.49,27.94,0.0,0.0,0.0,0.0,0,static
2024-12-18,841,62364,ALOFF XPE 60ML + SER,0,2.5,3.0,37.49,27.94,0.0,0.0,0.0,0.0,0,static
2024-12-19,841,62364,ALOFF XPE 60ML + SER,0,2.5,3.0,37.49,27.94,0.0,0.0,0.0,0.0,0,static
2024-12-20,841,62364,ALOFF XPE 60ML + SER,0,2.5,3.0,37.49,27.94,0.0,0.0,0.0,0.0,0,static
2024-12-21,841,62364,ALOFF XPE 60ML + SER,0,2.5,3.0,37.49,27.94,0.0,0.0,0.0,0.0,0,static
2024-12-22,841,62364,ALOFF XPE 60ML + SER,0,2.5,3.0,37.49,27.94,0.0,0.0,0.0,0.0,0,static
2024-12-23,841,62364,ALOFF XPE 60ML + SER,0,2.5,3.0,37.49,27.94,0.0,0.0,0.0,0.0,0,static
2024-12-24,841,62364,ALOFF XPE 60ML + SER,0,2.5,3.0,37.49,27.94,0.0,0.0,0.0,0.0,0,static
2024-12-25,841,62364,ALOFF XPE 60ML + SER,0,2.5,3.0,37.49,27.94,0.0,0.0,0.0,0.0,0,static
2024-12-26,841,62364,ALOFF XPE 60ML + SER,0,2.5,3.0,37.49,27.94,0.0,0.0,0.0,0.0,0,static
2024-12-27,841,62364,ALOFF XPE 60ML + SER,0,2.5,3.0,37.49,27.94,0.0,0.0,0.0,0.0,0,static
2024-12-28,841,62364,ALOFF XPE 60ML + SER,0,2.5,3.0,37.49,27.94,0.0,0.0,0.0,0.0,0,static
2024-12-29,841,62364,ALOFF XPE 60ML + SER,0,2.5,3.0,37.49,27.94,0.0,0.0,0.0,0.0,0,static
2024-12-30,841,62364,ALOFF XPE 60ML + SER,0,2.5,3.0,37.49,27.94,0.0,0.0,0.0,0.0,0,static
2024-12-31,841,62364,ALOFF XPE 60ML + SER,0,2.5,3.0,37.49,27.94,0.0,0.0,0.0,0.0,0,static
2024-10-01,841,62782,HEDERA CIMED 7MG/ML CEREJA XPE100ML,0,1.0,3.0,38.33,8.02,0.0,0.0,0.0,0.0,0,static
2024-10-02,841,62782,HEDERA CIMED 7MG/ML CEREJA XPE100ML,0,1.0,3.0,38.33,8.02,0.0,0.0,0.0,0.0,0,static
2024-10-03,841,62782,HEDERA CIMED 7MG/ML CEREJA XPE100ML,0,1.0,3.0,38.33,8.02,0.0,0.0,0.0,0.0,0,static
2024-10-04,841,62782,HEDERA CIMED 7MG/ML CEREJA XPE100ML,0,1.0,3.0,38.33,8.02,0.0,0.0,0.0,0.0,0,static
2024-10-05,841,62782,HEDERA CIMED 7MG/ML CEREJA XPE100ML,0,1.0,3.0,38.33,8.02,0.0,0.0,0.0,0.0,0,static
2024-10-06,841,62782,HEDERA CIMED 7MG/ML CEREJA XPE100ML,0,1.0,3.0,38.33,8.02,0.0,0.0,0.0,0.0,0,static
2024-10-07,841,62782,HEDERA CIMED 7MG/ML CEREJA XPE100ML,0,1.0,3.0,38.33,8.02,0.0,0.0,0.0,0.0,0,static
2024-10-08,841,62782,HEDERA CIMED 7MG/ML CEREJA XPE100ML,0,1.0,3.0,38.33,8.02,0.0,0.0,0.0,0.0,0,static
2024-10-09,841,62782,HEDERA CIMED 7MG/ML CEREJA XPE100ML,0,1.0,3.0,38.33,8.02,0.0,0.0,0.0,0.0,0,static
2024-10-10,841,62782,HEDERA CIMED 7MG/ML CEREJA XPE100ML,0,1.0,3.0,38.33,8.02,0.0,0.0,0.0,0.0,0,static
2024-10-11,841,62782,HEDERA CIMED 7MG/ML CEREJA XPE100ML,0,1.0,3.0,38.33,8.02,0.0,0.0,0.0,0.0,0,static
2024-10-12,841,62782,HEDERA CIMED 7MG/ML CEREJA XPE100ML,0,1.0,3.0,38.33,8.02,0.0,0.0,0.0,0.0,0,static
2024-10-13,841,62782,HEDERA CIMED 7MG/ML CEREJA XPE100ML,0,1.0,3.0,38.33,8.02,0.0,0.0,0.0,0.0,0,static
2024-10-14,841,62782,HEDERA CIMED 7MG/ML CEREJA XPE100ML,0,1.0,3.0,38.33,8.02,0.0,0.0,0.0,0.0,0,static
2024-10-15,841,62782,HEDERA CIMED 7MG/ML CEREJA XPE100ML,0,1.0,3.0,38.33,8.02,0.0,0.0,0.0,0.0,0,static
2024-10-16,841,62782,HEDERA CIMED 7MG/ML CEREJA XPE100ML,0,1.0,3.0,38.33,8.02,0.0,0.0,0.0,0.0,0,static
2024-10-17,841,62782,HEDERA CIMED 7MG/ML CEREJA XPE100ML,0,1.0,3.0,38.33,8.02,0.0,0.0,0.0,0.0,0,static
2024-10-18,841,62782,HEDERA CIMED 7MG/ML CEREJA XPE100ML,0,1.0,3.0,38.33,8.02,0.0,0.0,0.0,0.0,0,static
2024-10-19,841,62782,HEDERA CIMED 7MG/ML CEREJA XPE100ML,0,1.0,3.0,38.33,8.02,0.0,0.0,0.0,0.0,0,static
2024-10-20,841,62782,HEDERA CIMED 7MG/ML CEREJA XPE100ML,0,1.0,3.0,38.33,8.02,0.0,0.0,0.0,0.0,0,static
2024-10-21,841,62782,HEDERA CIMED 7MG/ML CEREJA XPE100ML,0,1.0,3.0,38.33,8.02,0.0,0.0,0.0,0.0,0,static
2024-10-22,841,62782,HEDERA CIMED 7MG/ML CEREJA XPE100ML,0,1.0,3.0,38.33,8.02,0.0,0.0,0.0,0.0,0,static
2024-10-23,841,62782,HEDERA CIMED 7MG/ML CEREJA XPE100ML,0,1.0,3.0,38.33,8.02,0.0,0.0,0.0,0.0,0,static
2024-10-24,841,62782,HEDERA CIMED 7MG/ML CEREJA XPE100ML,0,1.0,3.0,38.33,8.02,0.0,0.0,0.0,0.0,0,static
2024-10-25,841,62782,HEDERA CIMED 7MG/ML CEREJA XPE100ML,0,1.0,3.0,38.33,8.02,0.0,0.0,0.0,0.0,0,static
2024-10-26,841,62782,HEDERA CIMED 7MG/ML CEREJA XPE100ML,0,1.0,3.0,38.33,8.02,0.0,0.0,0.0,0.0,0,static
2024-10-27,841,62782,HEDERA CIMED 7MG/ML CEREJA XPE100ML,0,1.0,3.0,38.33,8.02,0.0,0.0,0.0,0.0,0,static
2024-10-28,841,62782,HEDERA CIMED 7MG/ML CEREJA XPE100ML,0,1.0,3.0,38.33,8.02,0.0,0.0,0.0,0.0,0,static
2024-10-29,841,62782,HEDERA CIMED 7MG/ML CEREJA XPE100ML,0,1.0,3.0,38.33,8.02,0.0,0.0,0.0,0.0,0,static
2024-10-30,841,62782,HEDERA CIMED 7MG/ML CEREJA XPE100ML,0,1.0,3.0,38.33,8.02,0.0,0.0,0.0,0.0,0,static
2024-10-31,841,62782,HEDERA CIMED 7MG/ML CEREJA XPE100ML,0,1.0,3.0,38.33,8.02,0.0,0.0,0.0,0.0,0,static
2024-11-01,841,62782,HEDERA CIMED 7MG/ML CEREJA XPE100ML,0,1.0,3.0,38.33,8.02,0.0,0.0,0.0,0.0,0,static
2024-11-02,841,62782,HEDERA CIMED 7MG/ML CEREJA XPE100ML,0,1.0,3.0,38.33,8.02,0.0,0.0,0.0,0.0,0,static
2024-11-03,841,62782,HEDERA CIMED 7MG/ML CEREJA XPE100ML,0,1.0,3.0,38.33,8.02,0.0,0.0,0.0,0.0,0,static
2024-11-04,841,62782,HEDERA CIMED 7MG/ML CEREJA XPE100ML,0,1.0,3.0,38.33,8.02,0.0,0.0,0.0,0.0,0,static
2024-11-05,841,62782,HEDERA CIMED 7MG/ML CEREJA XPE100ML,0,1.0,3.0,38.33,8.02,0.0,0.0,0.0,0.0,0,static
2024-11-06,841,62782,HEDERA CIMED 7MG/ML CEREJA XPE100ML,0,1.0,3.0,38.33,8.02,0.0,0.0,0.0,0.0,0,static
2024-11-07,841,62782,HEDERA CIMED 7MG/ML CEREJA XPE100ML,0,1.0,3.0,38.33,8.02,0.0,0.0,0.0,0.0,0,static
2024-11-08,841,62782,HEDERA CIMED 7MG/ML CEREJA XPE100ML,0,1.0,3.0,38.33,8.02,0.0,0.0,0.0,0.0,0,static
2024-11-09,841,62782,HEDERA CIMED 7MG/ML CEREJA XPE100ML,0,1.0,3.0,38.33,8.02,0.0,0.0,0.0,0.0,0,static
2024-11-10,841,62782,HEDERA CIMED 7MG/ML CEREJA XPE100ML,0,1.0,3.0,38.33,8.02,0.0,0.0,0.0,0.0,0,static
2024-11-11,841,62782,HEDERA CIMED 7MG/ML CEREJA XPE100ML,0,1.0,3.0,38.33,8.02,0.0,0.0,0.0,0.0,0,static
2024-11-12,841,62782,HEDERA CIMED 7MG/ML CEREJA XPE100ML,0,1.0,3.0,38.33,8.02,0.0,0.0,0.0,0.0,1,static
2024-11-13,841,62782,HEDERA CIMED 7MG/ML CEREJA XPE100ML,0,1.0,3.0,38.33,8.02,0.0,0.0,0.0,0.0,1,static
2024-11-14,841,62782,HEDERA CIMED 7MG/ML CEREJA XPE100ML,0,1.0,3.0,38.33,8.02,0.0,0.0,0.0,0.0,1,static
2024-11-15,841,62782,HEDERA CIMED 7MG/ML CEREJA XPE100ML,0,1.0,3.0,38.33,8.02,0.0,0.0,0.0,0.0,1,static
2024-11-16,841,62782,HEDERA CIMED 7MG/ML CEREJA XPE100ML,0,1.0,3.0,38.33,8.02,0.0,0.0,0.0,0.0,1,static
2024-11-17,841,62782,HEDERA CIMED 7MG/ML CEREJA XPE100ML,0,1.0,3.0,38.33,8.02,0.0,0.0,0.0,0.0,0,static
2024-11-18,841,62782,HEDERA CIMED 7MG/ML CEREJA XPE100ML,0,1.0,3.0,38.33,8.02,0.0,0.0,0.0,0.0,0,static
2024-11-19,841,62782,HEDERA CIMED 7MG/ML CEREJA XPE100ML,0,1.0,3.0,38.33,8.02,0.0,0.0,0.0,0.0,0,static
2024-11-20,841,62782,HEDERA CIMED 7MG/ML CEREJA XPE100ML,0,1.0,3.0,38.33,8.02,0.0,0.0,0.0,0.0,0,static
2024-11-21,841,62782,HEDERA CIMED 7MG/ML CEREJA XPE100ML,0,1.0,3.0,38.33,8.02,0.0,0.0,0.0,0.0,0,static
2024-11-22,841,62782,HEDERA CIMED 7MG/ML CEREJA XPE100ML,0,1.0,3.0,38.33,8.02,0.0,0.0,0.0,0.0,0,static
2024-11-23,841,62782,HEDERA CIMED 7MG/ML CEREJA XPE100ML,0,1.0,3.0,38.33,8.02,0.0,0.0,0.0,0.0,0,static
2024-11-24,841,62782,HEDERA CIMED 7MG/ML CEREJA XPE100ML,0,1.0,3.0,38.33,8.02,0.0,0.0,0.0,0.0,0,static
2024-11-25,841,62782,HEDERA CIMED 7MG/ML CEREJA XPE100ML,0,1.0,3.0,38.33,8.02,0.0,0.0,0.0,0.0,0,static
2024-11-26,841,62782,HEDERA CIMED 7MG/ML CEREJA XPE100ML,0,1.0,3.0,38.33,8.02,0.0,0.0,0.0,0.0,0,static
2024-11-27,841,62782,HEDERA CIMED 7MG/ML CEREJA XPE100ML,0,1.0,3.0,38.33,8.02,0.0,0.0,0.0,0.0,0,static
2024-11-28,841,62782,HEDERA CIMED 7MG/ML CEREJA XPE100ML,0,1.0,3.0,38.33,8.02,0.0,0.0,0.0,0.0,0,static
2024-11-29,841,62782,HEDERA CIMED 7MG/ML CEREJA XPE100ML,0,1.0,3.0,38.33,8.02,0.0,0.0,0.0,0.0,0,static
2024-11-30,841,62782,HEDERA CIMED 7MG/ML CEREJA XPE100ML,0,1.0,3.0,38.33,8.02,0.0,0.0,0.0,0.0,0,static
2024-12-01,841,62782,HEDERA CIMED 7MG/ML CEREJA XPE100ML,0,1.0,3.0,38.33,8.02,0.0,0.0,0.0,0.0,0,static
2024-12-02,841,62782,HEDERA CIMED 7MG/ML CEREJA XPE100ML,0,1.0,3.0,38.33,8.02,0.0,0.0,0.0,0.0,0,static
2024-12-03,841,62782,HEDERA CIMED 7MG/ML CEREJA XPE100ML,0,1.0,3.0,38.33,8.02,0.0,0.0,0.0,0.0,0,static
2024-12-04,841,62782,HEDERA CIMED 7MG/ML CEREJA XPE100ML,0,1.0,3.0,38.33,8.02,0.0,0.0,0.0,0.0,0,static
2024-12-05,841,62782,HEDERA CIMED 7MG/ML CEREJA XPE100ML,0,1.0,3.0,38.33,8.02,0.0,0.0,0.0,0.0,0,static
2024-12-06,841,62782,HEDERA CIMED 7MG/ML CEREJA XPE100ML,0,1.0,3.0,38.33,8.02,0.0,0.0,0.0,0.0,0,static
2024-12-07,841,62782,HEDERA CIMED 7MG/ML CEREJA XPE100ML,0,1.0,3.0,38.33,8.02,0.0,0.0,0.0,0.0,0,static
2024-12-08,841,62782,HEDERA CIMED 7MG/ML CEREJA XPE100ML,0,1.0,3.0,38.33,8.02,0.0,0.0,0.0,0.0,0,static
2024-12-09,841,62782,HEDERA CIMED 7MG/ML CEREJA XPE100ML,0,1.0,3.0,38.33,8.02,0.0,0.0,0.0,0.0,0,static
2024-12-10,841,62782,HEDERA CIMED 7MG/ML CEREJA XPE100ML,0,1.0,3.0,38.33,8.02,0.0,0.0,0.0,0.0,0,static
2024-12-11,841,62782,HEDERA CIMED 7MG/ML CEREJA XPE100ML,0,1.0,3.0,38.33,8.02,0.0,0.0,0.0,0.0,0,static
2024-12-12,841,62782,HEDERA CIMED 7MG/ML CEREJA XPE100ML,0,1.0,3.0,38.33,8.02,0.0,0.0,0.0,0.0,0,static
2024-12-13,841,62782,HEDERA CIMED 7MG/ML CEREJA XPE100ML,0,1.0,3.0,38.33,8.02,0.0,0.0,0.0,0.0,0,static
2024-12-14,841,62782,HEDERA CIMED 7MG/ML CEREJA XPE100ML,0,1.0,3.0,38.33,8.02,0.0,0.0,0.0,0.0,0,static
2024-12-15,841,62782,HEDERA CIMED 7MG/ML CEREJA XPE100ML,0,1.0,3.0,38.33,8.02,0.0,0.0,0.0,0.0,0,static
2024-12-16,841,62782,HEDERA CIMED 7MG/ML CEREJA XPE100ML,0,1.0,3.0,38.33,8.02,0.0,0.0,0.0,0.0,0,static
2024-12-17,841,62782,HEDERA CIMED 7MG/ML CEREJA XPE100ML,0,1.0,3.0,38.33,8.02,0.0,0.0,0.0,0.0,0,static
2024-12-18,841,62782,HEDERA CIMED 7MG/ML CEREJA XPE100ML,0,1.0,3.0,38.33,8.02,0.0,0.0,0.0,0.0,0,static
2024-12-19,841,62782,HEDERA CIMED 7MG/ML CEREJA XPE100ML,0,1.0,3.0,38.33,8.02,0.0,0.0,0.0,0.0,0,static
2024-12-20,841,62782,HEDERA CIMED 7MG/ML CEREJA XPE100ML,0,1.0,3.0,38.33,8.02,0.0,0.0,0.0,0.0,0,static
2024-12-21,841,62782,HEDERA CIMED 7MG/ML CEREJA XPE100ML,0,1.0,3.0,38.33,8.02,0.0,0.0,0.0,0.0,0,static
2024-12-22,841,62782,HEDERA CIMED 7MG/ML CEREJA XPE100ML,0,1.0,3.0,38.33,8.02,0.0,0.0,0.0,0.0,0,static
2024-12-23,841,62782,HEDERA CIMED 7MG/ML CEREJA XPE100ML,0,1.0,3.0,38.33,8.02,0.0,0.0,0.0,0.0,0,static
2024-12-24,841,62782,HEDERA CIMED 7MG/ML CEREJA XPE100ML,0,1.0,3.0,38.33,8.02,0.0,0.0,0.0,0.0,0,static
2024-12-25,841,62782,HEDERA CIMED 7MG/ML CEREJA XPE100ML,0,1.0,3.0,38.33,8.02,0.0,0.0,0.0,0.0,0,static
2024-12-26,841,62782,HEDERA CIMED 7MG/ML CEREJA XPE100ML,0,1.0,3.0,38.33,8.02,0.0,0.0,0.0,0.0,0,static
2024-12-27,841,62782,HEDERA CIMED 7MG/ML CEREJA XPE100ML,0,1.0,3.0,38.33,8.02,0.0,0.0,0.0,0.0,0,static
2024-12-28,841,62782,HEDERA CIMED 7MG/ML CEREJA XPE100ML,0,1.0,3.0,38.33,8.02,0.0,0.0,0.0,0.0,0,static
2024-12-29,841,62782,HEDERA CIMED 7MG/ML CEREJA XPE100ML,0,1.0,3.0,38.33,8.02,0.0,0.0,1.0,1.0,0,static
2024-12-30,841,62782,HEDERA CIMED 7MG/ML CEREJA XPE100ML,0,1.0,3.0,38.33,8.02,0.0,0.0,0.0,0.0,1,static
2024-12-31,841,62782,HEDERA CIMED 7MG/ML CEREJA XPE100ML,0,1.0,3.0,38.33,8.02,0.0,0.0,0.0,0.0,1,static
2024-10-01,841,76834,"SORINAN ADULTO 0,5MG SOL NASAL 30ML",0,2.5,3.0,9.19,3.34,0.0,0.0,0.0,0.0,0,static
2024-10-02,841,76834,"SORINAN ADULTO 0,5MG SOL NASAL 30ML",0,2.5,3.0,9.19,3.34,0.0,0.0,0.0,0.0,0,static
2024-10-03,841,76834,"SORINAN ADULTO 0,5MG SOL NASAL 30ML",0,2.5,3.0,9.19,3.34,0.0,0.0,0.0,0.0,0,static
2024-10-04,841,76834,"SORINAN ADULTO 0,5MG SOL NASAL 30ML",0,2.5,3.0,9.19,3.34,0.0,0.0,0.0,0.0,0,static
2024-10-05,841,76834,"SORINAN ADULTO 0,5MG SOL NASAL 30ML",0,2.5,3.0,9.19,3.34,0.0,0.0,0.0,0.0,0,static
2024-10-06,841,76834,"SORINAN ADULTO 0,5MG SOL NASAL 30ML",0,2.5,3.0,9.19,3.34,0.0,0.0,0.0,0.0,0,static
2024-10-07,841,76834,"SORINAN ADULTO 0,5MG SOL NASAL 30ML",0,2.5,3.0,9.19,3.34,0.0,0.0,0.0,0.0,0,static
2024-10-08,841,76834,"SORINAN ADULTO 0,5MG SOL NASAL 30ML",0,2.5,3.0,9.19,3.34,0.0,0.0,0.0,0.0,0,static
2024-10-09,841,76834,"SORINAN ADULTO 0,5MG SOL NASAL 30ML",0,2.5,3.0,9.19,3.34,0.0,0.0,0.0,0.0,0,static
2024-10-10,841,76834,"SORINAN ADULTO 0,5MG SOL NASAL 30ML",0,2.5,3.0,9.19,3.34,0.0,0.0,0.0,0.0,0,static
2024-10-11,841,76834,"SORINAN ADULTO 0,5MG SOL NASAL 30ML",0,2.5,3.0,9.19,3.34,0.0,0.0,0.0,0.0,0,static
2024-10-12,841,76834,"SORINAN ADULTO 0,5MG SOL NASAL 30ML",0,2.5,3.0,9.19,3.34,0.0,0.0,0.0,0.0,0,static
2024-10-13,841,76834,"SORINAN ADULTO 0,5MG SOL NASAL 30ML",0,2.5,3.0,9.19,3.34,0.0,0.0,0.0,0.0,0,static
2024-10-14,841,76834,"SORINAN ADULTO 0,5MG SOL NASAL 30ML",0,2.5,3.0,9.19,3.34,0.0,0.0,0.0,0.0,0,static
2024-10-15,841,76834,"SORINAN ADULTO 0,5MG SOL NASAL 30ML",0,2.5,3.0,9.19,3.34,0.0,0.0,0.0,0.0,0,static
2024-10-16,841,76834,"SORINAN ADULTO 0,5MG SOL NASAL 30ML",0,2.5,3.0,9.19,3.34,0.0,0.0,0.0,0.0,0,static
2024-10-17,841,76834,"SORINAN ADULTO 0,5MG SOL NASAL 30ML",0,2.5,3.0,9.19,3.34,0.0,0.0,0.0,0.0,0,static
2024-10-18,841,76834,"SORINAN ADULTO 0,5MG SOL NASAL 30ML",0,2.5,3.0,9.19,3.34,0.0,0.0,0.0,0.0,0,static
2024-10-19,841,76834,"SORINAN ADULTO 0,5MG SOL NASAL 30ML",0,2.5,3.0,9.19,3.34,0.0,0.0,0.0,0.0,0,static
2024-10-20,841,76834,"SORINAN ADULTO 0,5MG SOL NASAL 30ML",0,2.5,3.0,9.19,3.34,0.0,0.0,0.0,0.0,0,static
2024-10-21,841,76834,"SORINAN ADULTO 0,5MG SOL NASAL 30ML",0,2.5,3.0,9.19,3.34,0.0,0.0,0.0,0.0,0,static
2024-10-22,841,76834,"SORINAN ADULTO 0,5MG SOL NASAL 30ML",0,2.5,3.0,9.19,3.34,0.0,0.0,0.0,0.0,0,static
2024-10-23,841,76834,"SORINAN ADULTO 0,5MG SOL NASAL 30ML",0,2.5,3.0,9.19,3.34,0.0,0.0,0.0,0.0,0,static
2024-10-24,841,76834,"SORINAN ADULTO 0,5MG SOL NASAL 30ML",0,2.5,3.0,9.19,3.34,0.0,0.0,0.0,0.0,0,static
2024-10-25,841,76834,"SORINAN ADULTO 0,5MG SOL NASAL 30ML",0,2.5,3.0,9.19,3.34,0.0,0.0,0.0,0.0,0,static
2024-10-26,841,76834,"SORINAN ADULTO 0,5MG SOL NASAL 30ML",0,2.5,3.0,9.19,3.34,0.0,0.0,0.0,0.0,0,static
2024-10-27,841,76834,"SORINAN ADULTO 0,5MG SOL NASAL 30ML",0,2.5,3.0,9.19,3.34,0.0,0.0,0.0,0.0,0,static
2024-10-28,841,76834,"SORINAN ADULTO 0,5MG SOL NASAL 30ML",0,2.5,3.0,9.19,3.34,0.0,0.0,0.0,0.0,0,static
2024-10-29,841,76834,"SORINAN ADULTO 0,5MG SOL NASAL 30ML",0,2.5,3.0,9.19,3.34,0.0,0.0,0.0,0.0,0,static
2024-10-30,841,76834,"SORINAN ADULTO 0,5MG SOL NASAL 30ML",0,2.5,3.0,9.19,3.34,0.0,0.0,0.0,0.0,0,static
2024-10-31,841,76834,"SORINAN ADULTO 0,5MG SOL NASAL 30ML",0,2.5,3.0,9.19,3.34,0.0,0.0,0.0,0.0,0,static
2024-11-01,841,76834,"SORINAN ADULTO 0,5MG SOL NASAL 30ML",0,2.5,3.0,9.19,3.34,0.0,0.0,0.0,0.0,0,static
2024-11-02,841,76834,"SORINAN ADULTO 0,5MG SOL NASAL 30ML",0,2.5,3.0,9.19,3.34,0.0,0.0,0.0,0.0,0,static
2024-11-03,841,76834,"SORINAN ADULTO 0,5MG SOL NASAL 30ML",0,2.5,3.0,9.19,3.34,0.0,0.0,0.0,0.0,0,static
2024-11-04,841,76834,"SORINAN ADULTO 0,5MG SOL NASAL 30ML",0,2.5,3.0,9.19,3.34,0.0,0.0,0.0,0.0,0,static
2024-11-05,841,76834,"SORINAN ADULTO 0,5MG SOL NASAL 30ML",0,2.5,3.0,9.19,3.34,0.0,0.0,0.0,0.0,0,static
2024-11-06,841,76834,"SORINAN ADULTO 0,5MG SOL NASAL 30ML",0,2.5,3.0,9.19,3.34,0.0,0.0,0.0,0.0,0,static
2024-11-07,841,76834,"SORINAN ADULTO 0,5MG SOL NASAL 30ML",0,2.5,3.0,9.19,3.34,0.0,0.0,0.0,0.0,0,static
2024-11-08,841,76834,"SORINAN ADULTO 0,5MG SOL NASAL 30ML",0,2.5,3.0,9.19,3.34,0.0,0.0,0.0,0.0,0,static
2024-11-09,841,76834,"SORINAN ADULTO 0,5MG SOL NASAL 30ML",0,2.5,3.0,9.19,3.34,0.0,0.0,0.0,0.0,0,static
2024-11-10,841,76834,"SORINAN ADULTO 0,5MG SOL NASAL 30ML",0,2.5,3.0,9.19,3.34,0.0,0.0,0.0,0.0,0,static
2024-11-11,841,76834,"SORINAN ADULTO 0,5MG SOL NASAL 30ML",0,2.5,3.0,9.19,3.34,0.0,0.0,0.0,0.0,0,static
2024-11-12,841,76834,"SORINAN ADULTO 0,5MG SOL NASAL 30ML",0,2.5,3.0,9.19,3.34,0.0,0.0,0.0,0.0,0,static
2024-11-13,841,76834,"SORINAN ADULTO 0,5MG SOL NASAL 30ML",0,2.5,3.0,9.19,3.34,0.0,0.0,0.0,0.0,0,static
2024-11-14,841,76834,"SORINAN ADULTO 0,5MG SOL NASAL 30ML",0,2.5,3.0,9.19,3.34,0.0,0.0,0.0,0.0,0,static
2024-11-15,841,76834,"SORINAN ADULTO 0,5MG SOL NASAL 30ML",0,2.5,3.0,9.19,3.34,0.0,0.0,0.0,0.0,0,static
2024-11-16,841,76834,"SORINAN ADULTO 0,5MG SOL NASAL 30ML",0,2.5,3.0,9.19,3.34,0.0,0.0,0.0,0.0,0,static
2024-11-17,841,76834,"SORINAN ADULTO 0,5MG SOL NASAL 30ML",0,2.5,3.0,9.19,3.34,0.0,0.0,0.0,0.0,0,static
2024-11-18,841,76834,"SORINAN ADULTO 0,5MG SOL NASAL 30ML",0,2.5,3.0,9.19,3.34,0.0,0.0,0.0,0.0,0,static
2024-11-19,841,76834,"SORINAN ADULTO 0,5MG SOL NASAL 30ML",0,2.5,3.0,9.19,3.34,0.0,0.0,0.0,0.0,0,static
2024-11-20,841,76834,"SORINAN ADULTO 0,5MG SOL NASAL 30ML",0,2.5,3.0,9.19,3.34,0.0,0.0,0.0,0.0,0,static
2024-11-21,841,76834,"SORINAN ADULTO 0,5MG SOL NASAL 30ML",0,2.5,3.0,9.19,3.34,0.0,0.0,0.0,0.0,0,static
2024-11-22,841,76834,"SORINAN ADULTO 0,5MG SOL NASAL 30ML",0,2.5,3.0,9.19,3.34,0.0,0.0,0.0,0.0,0,static
2024-11-23,841,76834,"SORINAN ADULTO 0,5MG SOL NASAL 30ML",0,2.5,3.0,9.19,3.34,0.0,0.0,0.0,0.0,0,static
2024-11-24,841,76834,"SORINAN ADULTO 0,5MG SOL NASAL 30ML",0,2.5,3.0,9.19,3.34,0.0,0.0,0.0,0.0,0,static
2024-11-25,841,76834,"SORINAN ADULTO 0,5MG SOL NASAL 30ML",0,2.5,3.0,9.19,3.34,0.0,0.0,0.0,0.0,0,static
2024-11-26,841,76834,"SORINAN ADULTO 0,5MG SOL NASAL 30ML",0,2.5,3.0,9.19,3.34,0.0,0.0,0.0,0.0,0,static
2024-11-27,841,76834,"SORINAN ADULTO 0,5MG SOL NASAL 30ML",0,2.5,3.0,9.19,3.34,0.0,0.0,0.0,0.0,0,static
2024-11-28,841,76834,"SORINAN ADULTO 0,5MG SOL NASAL 30ML",0,2.5,3.0,9.19,3.34,0.0,0.0,0.0,0.0,0,static
2024-11-29,841,76834,"SORINAN ADULTO 0,5MG SOL NASAL 30ML",0,2.5,3.0,9.19,3.34,0.0,0.0,0.0,0.0,0,static
2024-11-30,841,76834,"SORINAN ADULTO 0,5MG SOL NASAL 30ML",0,2.5,3.0,9.19,3.34,0.0,0.0,0.0,0.0,0,static
2024-12-01,841,76834,"SORINAN ADULTO 0,5MG SOL NASAL 30ML",0,2.5,3.0,9.19,3.34,0.0,0.0,0.0,0.0,0,static
2024-12-02,841,76834,"SORINAN ADULTO 0,5MG SOL NASAL 30ML",0,2.5,3.0,9.19,3.34,0.0,0.0,0.0,0.0,0,static
2024-12-03,841,76834,"SORINAN ADULTO 0,5MG SOL NASAL 30ML",0,2.5,3.0,9.19,3.34,0.0,0.0,0.0,0.0,0,static
2024-12-04,841,76834,"SORINAN ADULTO 0,5MG SOL NASAL 30ML",0,2.5,3.0,9.19,3.34,0.0,0.0,0.0,0.0,0,static
2024-12-05,841,76834,"SORINAN ADULTO 0,5MG SOL NASAL 30ML",0,2.5,3.0,9.19,3.34,0.0,0.0,0.0,0.0,0,static
2024-12-06,841,76834,"SORINAN ADULTO 0,5MG SOL NASAL 30ML",0,2.5,3.0,9.19,3.34,0.0,0.0,0.0,0.0,0,static
2024-12-07,841,76834,"SORINAN ADULTO 0,5MG SOL NASAL 30ML",0,2.5,3.0,9.19,3.34,0.0,0.0,0.0,0.0,0,static
2024-12-08,841,76834,"SORINAN ADULTO 0,5MG SOL NASAL 30ML",0,2.5,3.0,9.19,3.34,0.0,0.0,0.0,0.0,0,static
2024-12-09,841,76834,"SORINAN ADULTO 0,5MG SOL NASAL 30ML",0,2.5,3.0,9.19,3.34,0.0,0.0,0.0,0.0,0,static
2024-12-10,841,76834,"SORINAN ADULTO 0,5MG SOL NASAL 30ML",0,2.5,3.0,9.19,3.34,0.0,0.0,0.0,0.0,0,static
2024-12-11,841,76834,"SORINAN ADULTO 0,5MG SOL NASAL 30ML",0,2.5,3.0,9.19,3.34,0.0,0.0,0.0,0.0,0,static
2024-12-12,841,76834,"SORINAN ADULTO 0,5MG SOL NASAL 30ML",0,2.5,3.0,9.19,3.34,0.0,0.0,0.0,0.0,0,static
2024-12-13,841,76834,"SORINAN ADULTO 0,5MG SOL NASAL 30ML",0,2.5,3.0,9.19,3.34,0.0,0.0,0.0,0.0,0,static
2024-12-14,841,76834,"SORINAN ADULTO 0,5MG SOL NASAL 30ML",0,2.5,3.0,9.19,3.34,0.0,0.0,0.0,0.0,0,static
2024-12-15,841,76834,"SORINAN ADULTO 0,5MG SOL NASAL 30ML",0,2.5,3.0,9.19,3.34,0.0,0.0,0.0,0.0,0,static
2024-12-16,841,76834,"SORINAN ADULTO 0,5MG SOL NASAL 30ML",0,2.5,3.0,9.19,3.34,0.0,0.0,0.0,0.0,0,static
2024-12-17,841,76834,"SORINAN ADULTO 0,5MG SOL NASAL 30ML",0,2.5,3.0,9.19,3.34,0.0,0.0,0.0,0.0,0,static
2024-12-18,841,76834,"SORINAN ADULTO 0,5MG SOL NASAL 30ML",0,2.5,3.0,9.19,3.34,0.0,0.0,0.0,0.0,0,static
2024-12-19,841,76834,"SORINAN ADULTO 0,5MG SOL NASAL 30ML",0,2.5,3.0,9.19,3.34,0.0,0.0,0.0,0.0,0,static
2024-12-20,841,76834,"SORINAN ADULTO 0,5MG SOL NASAL 30ML",0,2.5,3.0,9.19,3.34,0.0,0.0,0.0,0.0,0,static
2024-12-21,841,76834,"SORINAN ADULTO 0,5MG SOL NASAL 30ML",0,2.5,3.0,9.19,3.34,0.0,0.0,0.0,0.0,0,static
2024-12-22,841,76834,"SORINAN ADULTO 0,5MG SOL NASAL 30ML",0,2.5,3.0,9.19,3.34,0.0,0.0,0.0,0.0,0,static
2024-12-23,841,76834,"SORINAN ADULTO 0,5MG SOL NASAL 30ML",0,2.5,3.0,9.19,3.34,0.0,0.0,0.0,0.0,0,static
2024-12-24,841,76834,"SORINAN ADULTO 0,5MG SOL NASAL 30ML",0,2.5,3.0,9.19,3.34,0.0,0.0,0.0,0.0,0,static
2024-12-25,841,76834,"SORINAN ADULTO 0,5MG SOL NASAL 30ML",0,2.5,3.0,9.19,3.34,0.0,0.0,0.0,0.0,0,static
2024-12-26,841,76834,"SORINAN ADULTO 0,5MG SOL NASAL 30ML",0,2.5,3.0,9.19,3.34,0.0,0.0,0.0,0.0,0,static
2024-12-27,841,76834,"SORINAN ADULTO 0,5MG SOL NASAL 30ML",0,2.5,3.0,9.19,3.34,0.0,0.0,0.0,0.0,0,static
2024-12-28,841,76834,"SORINAN ADULTO 0,5MG SOL NASAL 30ML",0,2.5,3.0,9.19,3.34,0.0,0.0,0.0,0.0,0,static
2024-12-29,841,76834,"SORINAN ADULTO 0,5MG SOL NASAL 30ML",0,2.5,3.0,9.19,3.34,0.0,0.0,0.0,0.0,0,static
2024-12-30,841,76834,"SORINAN ADULTO 0,5MG SOL NASAL 30ML",0,2.5,3.0,9.19,3.34,0.0,0.0,0.0,0.0,0,static
2024-12-31,841,76834,"SORINAN ADULTO 0,5MG SOL NASAL 30ML",0,2.5,3.0,9.19,3.34,0.0,0.0,0.0,0.0,0,static
2024-10-01,841,9607,NARIDRIN 12H ADULTO 30ML,0,1.1766917293233081,3.0,29.17,8.91,0.2496,0.5042,0.0,0.0,0,static
2024-10-02,841,9607,NARIDRIN 12H ADULTO 30ML,0,1.1766917293233081,3.0,29.17,8.91,0.3808,0.5042,0.0,0.0,0,static
2024-10-03,841,9607,NARIDRIN 12H ADULTO 30ML,0,1.1766917293233081,3.0,29.17,8.91,0.2192,0.5042,0.0,0.0,0,static
2024-10-04,841,9607,NARIDRIN 12H ADULTO 30ML,0,1.1766917293233081,3.0,29.17,8.91,0.3067,0.5042,0.0,0.0,0,static
2024-10-05,841,9607,NARIDRIN 12H ADULTO 30ML,0,1.1766917293233081,3.0,29.17,8.91,0.28,0.5042,0.0,0.0,0,static
2024-10-06,841,9607,NARIDRIN 12H ADULTO 30ML,0,1.1766917293233081,3.0,29.17,8.91,0.28,0.5042,0.0,0.0,0,static
2024-10-07,841,9607,NARIDRIN 12H ADULTO 30ML,0,1.1766917293233081,3.0,29.17,8.91,0.28,0.5042,0.0,0.0,0,static
2024-10-08,841,9607,NARIDRIN 12H ADULTO 30ML,0,1.1766917293233081,3.0,29.17,8.91,0.2363,0.5042,0.0,0.0,0,static
2024-10-09,841,9607,NARIDRIN 12H ADULTO 30ML,0,1.1766917293233081,3.0,29.17,8.91,0.3675,0.5042,0.0,0.0,0,static
2024-10-10,841,9607,NARIDRIN 12H ADULTO 30ML,0,1.1766917293233081,3.0,29.17,8.91,0.1925,0.5042,0.0,0.0,0,static
2024-10-11,841,9607,NARIDRIN 12H ADULTO 30ML,0,1.1766917293233081,3.0,29.17,8.91,0.32,0.5042,0.0,0.0,0,static
2024-10-12,841,9607,NARIDRIN 12H ADULTO 30ML,0,1.1766917293233081,3.0,29.17,8.91,0.32,0.5042,0.0,0.0,0,static
2024-10-13,841,9607,NARIDRIN 12H ADULTO 30ML,0,1.1766917293233081,3.0,29.17,8.91,0.32,0.5042,0.0,0.0,0,static
2024-10-14,841,9607,NARIDRIN 12H ADULTO 30ML,0,1.1766917293233081,3.0,29.17,8.91,0.32,0.5042,0.0,0.0,0,static
2024-10-15,841,9607,NARIDRIN 12H ADULTO 30ML,0,1.1766917293233081,3.0,29.17,8.91,0.2762,0.5042,0.0,0.0,0,static
2024-10-16,841,9607,NARIDRIN 12H ADULTO 30ML,0,1.1766917293233081,3.0,29.17,8.91,0.3675,0.5042,0.0,0.0,0,static
2024-10-17,841,9607,NARIDRIN 12H ADULTO 30ML,0,1.1766917293233081,3.0,29.17,8.91,0.1925,0.5042,0.0,0.0,0,static
2024-10-18,841,9607,NARIDRIN 12H ADULTO 30ML,0,1.1766917293233081,3.0,29.17,8.91,0.28,0.5042,0.0,0.0,0,static
2024-10-19,841,9607,NARIDRIN 12H ADULTO 30ML,0,1.1766917293233081,3.0,29.17,8.91,0.28,0.5042,0.0,0.0,0,static
2024-10-20,841,9607,NARIDRIN 12H ADULTO 30ML,0,1.1766917293233081,3.0,29.17,8.91,0.28,0.5042,0.0,0.0,0,static
2024-10-21,841,9607,NARIDRIN 12H ADULTO 30ML,0,1.1766917293233081,3.0,29.17,8.91,0.32,0.5042,1.0,1.0,0,static
2024-10-22,841,9607,NARIDRIN 12H ADULTO 30ML,0,1.1766917293233081,3.0,29.17,8.91,0.2762,0.5042,0.0,0.0,0,static
2024-10-23,841,9607,NARIDRIN 12H ADULTO 30ML,0,1.1766917293233081,3.0,29.17,8.91,0.4475,0.5042,0.0,0.0,0,static
2024-10-24,841,9607,NARIDRIN 12H ADULTO 30ML,0,1.1766917293233081,3.0,29.17,8.91,0.2725,0.5042,0.0,0.0,0,static
2024-10-25,841,9607,NARIDRIN 12H ADULTO 30ML,0,1.1766917293233081,3.0,29.17,8.91,0.36,0.5042,0.0,0.0,0,static
2024-10-26,841,9607,NARIDRIN 12H ADULTO 30ML,0,1.1766917293233081,3.0,29.17,8.91,0.32,0.5042,0.0,0.0,0,static
2024-10-27,841,9607,NARIDRIN 12H ADULTO 30ML,0,1.1766917293233081,3.0,29.17,8.91,0.32,0.5042,1.0,1.0,0,static
2024-10-28,841,9607,NARIDRIN 12H ADULTO 30ML,0,1.1766917293233081,3.0,29.17,8.91,0.32,0.5042,0.0,0.0,0,static
2024-10-29,841,9607,NARIDRIN 12H ADULTO 30ML,0,1.1766917293233081,3.0,29.17,8.91,0.2762,0.5042,0.0,0.0,0,static
2024-10-30,841,9607,NARIDRIN 12H ADULTO 30ML,0,1.1766917293233081,3.0,29.17,8.91,0.4075,0.5042,0.0,0.0,0,static
2024-10-31,841,9607,NARIDRIN 12H ADULTO 30ML,0,1.1766917293233081,3.0,29.17,8.91,0.2325,0.5042,1.0,1.0,0,static
2024-11-01,841,9607,NARIDRIN 12H ADULTO 30ML,0,1.1766917293233081,3.0,29.17,8.91,0.32,0.5042,0.0,0.0,0,static
2024-11-02,841,9607,NARIDRIN 12H ADULTO 30ML,0,1.1766917293233081,3.0,29.17,8.91,0.28,0.5042,0.0,0.0,0,static
2024-11-03,841,9607,NARIDRIN 12H ADULTO 30ML,0,1.1766917293233081,3.0,29.17,8.91,0.28,0.5042,0.0,0.0,0,static
2024-11-04,841,9607,NARIDRIN 12H ADULTO 30ML,0,1.1766917293233081,3.0,29.17,8.91,0.28,0.5042,0.0,0.0,0,static
2024-11-05,841,9607,NARIDRIN 12H ADULTO 30ML,0,1.1766917293233081,3.0,29.17,8.91,0.2096,0.5042,0.0,0.0,0,static
2024-11-06,841,9607,NARIDRIN 12H ADULTO 30ML,0,1.1766917293233081,3.0,29.17,8.91,0.3408,0.5042,0.0,0.0,0,static
2024-11-07,841,9607,NARIDRIN 12H ADULTO 30ML,0,1.1766917293233081,3.0,29.17,8.91,0.1258,0.5042,0.0,0.0,0,static
2024-11-08,841,9607,NARIDRIN 12H ADULTO 30ML,0,1.1766917293233081,3.0,29.17,8.91,0.2133,0.5042,0.0,0.0,0,static
2024-11-09,841,9607,NARIDRIN 12H ADULTO 30ML,0,1.1766917293233081,3.0,29.17,8.91,0.2133,0.5042,2.0,2.0,0,static
2024-11-10,841,9607,NARIDRIN 12H ADULTO 30ML,0,1.1766917293233081,3.0,29.17,8.91,0.2133,0.5042,0.0,0.0,0,static
2024-11-11,841,9607,NARIDRIN 12H ADULTO 30ML,0,1.1766917293233081,3.0,29.17,8.91,0.2133,0.5042,0.0,0.0,0,static
2024-11-12,841,9607,NARIDRIN 12H ADULTO 30ML,0,1.1766917293233081,3.0,29.17,8.91,0.1696,0.5042,0.0,0.0,0,static
2024-11-13,841,9607,NARIDRIN 12H ADULTO 30ML,0,1.1766917293233081,3.0,29.17,8.91,0.3008,0.5042,0.0,0.0,0,static
2024-11-14,841,9607,NARIDRIN 12H ADULTO 30ML,0,1.1766917293233081,3.0,29.17,8.91,0.1258,0.5042,0.0,0.0,0,static
2024-11-15,841,9607,NARIDRIN 12H ADULTO 30ML,0,1.1766917293233081,3.0,29.17,8.91,0.2133,0.5042,0.0,0.0,0,static
2024-11-16,841,9607,NARIDRIN 12H ADULTO 30ML,0,1.1766917293233081,3.0,29.17,8.91,0.2133,0.5042,0.0,0.0,0,static
2024-11-17,841,9607,NARIDRIN 12H ADULTO 30ML,0,1.1766917293233081,3.0,29.17,8.91,0.2133,0.5042,0.0,0.0,0,static
2024-11-18,841,9607,NARIDRIN 12H ADULTO 30ML,0,1.1766917293233081,3.0,29.17,8.91,0.2133,0.5042,0.0,0.0,0,static
2024-11-19,841,9607,NARIDRIN 12H ADULTO 30ML,0,1.1766917293233081,3.0,29.17,8.91,0.1696,0.5042,1.0,1.0,0,static
2024-11-20,841,9607,NARIDRIN 12H ADULTO 30ML,0,1.1766917293233081,3.0,29.17,8.91,0.2875,0.5042,0.0,0.0,0,static
2024-11-21,841,9607,NARIDRIN 12H ADULTO 30ML,0,1.1766917293233081,3.0,29.17,8.91,0.1125,0.5042,0.0,0.0,0,static
2024-11-22,841,9607,NARIDRIN 12H ADULTO 30ML,0,1.1766917293233081,3.0,29.17,8.91,0.2,0.5042,0.0,0.0,0,static
2024-11-23,841,9607,NARIDRIN 12H ADULTO 30ML,0,1.1766917293233081,3.0,29.17,8.91,0.2,0.5042,1.0,1.0,0,static
2024-11-24,841,9607,NARIDRIN 12H ADULTO 30ML,0,1.1766917293233081,3.0,29.17,8.91,0.2,0.5042,0.0,0.0,0,static
2024-11-25,841,9607,NARIDRIN 12H ADULTO 30ML,0,1.1766917293233081,3.0,29.17,8.91,0.2,0.5042,0.0,0.0,0,static
2024-11-26,841,9607,NARIDRIN 12H ADULTO 30ML,0,1.1766917293233081,3.0,29.17,8.91,0.1696,0.5042,0.0,0.0,0,static
2024-11-27,841,9607,NARIDRIN 12H ADULTO 30ML,0,1.1766917293233081,3.0,29.17,8.91,0.3008,0.5042,0.0,0.0,0,static
2024-11-28,841,9607,NARIDRIN 12H ADULTO 30ML,0,1.1766917293233081,3.0,29.17,8.91,0.1258,0.5042,0.0,0.0,0,static
2024-11-29,841,9607,NARIDRIN 12H ADULTO 30ML,0,1.1766917293233081,3.0,29.17,8.91,0.2133,0.5042,0.0,0.0,0,static
2024-11-30,841,9607,NARIDRIN 12H ADULTO 30ML,0,1.1766917293233081,3.0,29.17,8.91,0.2133,0.5042,0.0,0.0,0,static
2024-12-01,841,9607,NARIDRIN 12H ADULTO 30ML,0,1.1766917293233081,3.0,29.17,8.91,0.2133,0.5042,0.0,0.0,0,static
2024-12-02,841,9607,NARIDRIN 12H ADULTO 30ML,0,1.1766917293233081,3.0,29.17,8.91,0.24,0.5042,0.0,0.0,0,static
2024-12-03,841,9607,NARIDRIN 12H ADULTO 30ML,0,1.1766917293233081,3.0,29.17,8.91,0.1963,0.5042,0.0,0.0,0,static
2024-12-04,841,9607,NARIDRIN 12H ADULTO 30ML,0,1.1766917293233081,3.0,29.17,8.91,0.3275,0.5042,0.0,0.0,0,static
2024-12-05,841,9607,NARIDRIN 12H ADULTO 30ML,0,1.1766917293233081,3.0,29.17,8.91,0.1525,0.5042,0.0,0.0,0,static
2024-12-06,841,9607,NARIDRIN 12H ADULTO 30ML,0,1.1766917293233081,3.0,29.17,8.91,0.24,0.5042,1.0,1.0,0,static
2024-12-07,841,9607,NARIDRIN 12H ADULTO 30ML,0,1.1766917293233081,3.0,29.17,8.91,0.24,0.5042,0.0,0.0,0,static
2024-12-08,841,9607,NARIDRIN 12H ADULTO 30ML,0,1.1766917293233081,3.0,29.17,8.91,0.2667,0.5042,0.0,0.0,0,static
2024-12-09,841,9607,NARIDRIN 12H ADULTO 30ML,0,1.1766917293233081,3.0,29.17,8.91,0.2667,0.5042,0.0,0.0,0,static
2024-12-10,841,9607,NARIDRIN 12H ADULTO 30ML,0,1.1766917293233081,3.0,29.17,8.91,0.2229,0.5042,0.0,0.0,0,static
2024-12-11,841,9607,NARIDRIN 12H ADULTO 30ML,0,1.1766917293233081,3.0,29.17,8.91,0.3408,0.5042,0.0,0.0,0,static
2024-12-12,841,9607,NARIDRIN 12H ADULTO 30ML,0,1.1766917293233081,3.0,29.17,8.91,0.1658,0.5042,1.0,1.0,0,static
2024-12-13,841,9607,NARIDRIN 12H ADULTO 30ML,0,1.1766917293233081,3.0,29.17,8.91,0.2533,0.5042,0.0,0.0,0,static
2024-12-14,841,9607,NARIDRIN 12H ADULTO 30ML,0,1.1766917293233081,3.0,29.17,8.91,0.2533,0.5042,0.0,0.0,0,static
2024-12-15,841,9607,NARIDRIN 12H ADULTO 30ML,0,1.1766917293233081,3.0,29.17,8.91,0.2533,0.5042,0.0,0.0,0,static
2024-12-16,841,9607,NARIDRIN 12H ADULTO 30ML,0,1.1766917293233081,3.0,29.17,8.91,0.2533,0.5042,0.0,0.0,0,static
2024-12-17,841,9607,NARIDRIN 12H ADULTO 30ML,0,1.1766917293233081,3.0,29.17,8.91,0.1829,0.5042,0.0,0.0,0,static
2024-12-18,841,9607,NARIDRIN 12H ADULTO 30ML,0,1.1766917293233081,3.0,29.17,8.91,0.3142,0.5042,1.0,1.0,0,static
2024-12-19,841,9607,NARIDRIN 12H ADULTO 30ML,0,1.1766917293233081,3.0,29.17,8.91,0.1392,0.5042,0.0,0.0,0,static
2024-12-20,841,9607,NARIDRIN 12H ADULTO 30ML,0,1.1766917293233081,3.0,29.17,8.91,0.2267,0.5042,0.0,0.0,0,static
2024-12-21,841,9607,NARIDRIN 12H ADULTO 30ML,0,1.1766917293233081,3.0,29.17,8.91,0.2267,0.5042,0.0,0.0,0,static
2024-12-22,841,9607,NARIDRIN 12H ADULTO 30ML,0,1.1766917293233081,3.0,29.17,8.91,0.2267,0.5042,1.0,1.0,0,static
2024-12-23,841,9607,NARIDRIN 12H ADULTO 30ML,0,1.1766917293233081,3.0,29.17,8.91,0.2133,0.5042,0.0,0.0,0,static
2024-12-24,841,9607,NARIDRIN 12H ADULTO 30ML,0,1.1766917293233081,3.0,29.17,8.91,0.1696,0.5042,0.0,0.0,0,static
2024-12-25,841,9607,NARIDRIN 12H ADULTO 30ML,0,1.1766917293233081,3.0,29.17,8.91,0.3008,0.5042,0.0,0.0,0,static
2024-12-26,841,9607,NARIDRIN 12H ADULTO 30ML,0,1.1766917293233081,3.0,29.17,8.91,0.1258,0.5042,0.0,0.0,0,static
2024-12-27,841,9607,NARIDRIN 12H ADULTO 30ML,0,1.1766917293233081,3.0,29.17,8.91,0.2133,0.5042,0.0,0.0,0,static
2024-12-28,841,9607,NARIDRIN 12H ADULTO 30ML,0,1.1766917293233081,3.0,29.17,8.91,0.2133,0.5042,0.0,0.0,0,static
2024-12-29,841,9607,NARIDRIN 12H ADULTO 30ML,0,1.1766917293233081,3.0,29.17,8.91,0.2133,0.5042,0.0,0.0,0,static
2024-12-30,841,9607,NARIDRIN 12H ADULTO 30ML,0,1.1766917293233081,3.0,29.17,8.91,0.2267,0.5042,0.0,0.0,0,static
2024-12-31,841,9607,NARIDRIN 12H ADULTO 30ML,0,1.1766917293233081,3.0,29.17,8.91,0.1963,0.5042,0.0,0.0,0,static
