date;location;product;balance;value
2023-01-06;1314;57912;1;10.84
2023-01-06;1314;51957;4;48.92
2023-01-06;1314;62782;0;0
2023-01-06;1314;15589;0;0
2023-01-06;1314;35416;5;49.5
2023-01-06;1314;21141;1;31.14
2023-01-06;1314;35772;0;0
2023-01-27;1314;62364;1;31.12
2023-01-14;1314;57912;1;10.84
2023-01-14;1314;51957;4;48.92
2023-01-14;1314;62782;0;0
2023-01-14;1314;15589;1;31.69
2023-01-14;1314;35416;5;49.5
2023-01-14;1314;21141;0;0
2023-01-14;1314;35772;0;0
2023-01-26;1314;57912;0;0
2023-01-26;1314;62782;0;0
2023-01-26;1314;51957;4;48.92
2023-01-26;1314;15589;0;0
2023-01-26;1314;35416;5;49.5
2023-01-26;1314;21141;1;31.14
2023-01-26;1314;35772;0;0
2023-01-31;1314;62364;1;31.12
2023-01-19;841;57912;1;8.62
2023-01-19;841;15590;1;31.08
2023-01-19;841;62782;2;11.96
2023-01-19;841;35416;1;5.79
2023-01-19;841;21141;1;25.98
2023-01-19;841;15589;2;52.3
2023-01-19;841;51957;5;29.45
2023-01-19;841;35772;0;0
2023-01-31;841;18064;1;2.34
2023-01-31;841;9607;6;48
2023-01-31;841;5345;5;24.95
2023-01-31;841;1439;3;44.76
2023-01-31;841;36857;0;0
2023-01-31;841;31330;1;50.39
2023-01-31;841;58701;1;42.8
2023-01-31;841;20635;2;46.18
2023-01-12;1314;18064;199;774.11
2023-01-12;1314;9607;19;244.53
2023-01-12;1314;1439;6;110.4
2023-01-12;1314;36857;23;81.42
2023-01-12;1314;5345;2;16.08
2023-01-12;1314;13315;3;132.21
2023-01-12;1314;44217;2;78.6
2023-01-12;1314;58701;2;103.34
2023-01-12;1314;20635;7;207.69
2023-01-12;1314;31330;5;325.4
2023-01-27;1314;57912;0;0
2023-01-27;1314;62782;0;0
2023-01-27;1314;51957;4;48.92
2023-01-27;1314;15589;0;0
2023-01-27;1314;35416;5;49.5
2023-01-27;1314;21141;1;31.14
2023-01-27;1314;35772;0;0
2023-01-20;1314;62364;1;31.12
2023-01-28;1314;62364;1;31.12
2023-01-12;841;57912;1;8.62
2023-01-12;841;15590;1;31.08
2023-01-12;841;62782;2;11.96
2023-01-12;841;35416;1;5.79
2023-01-12;841;21141;0;0
2023-01-12;841;15589;3;78.45
2023-01-12;841;51957;5;29.45
2023-01-12;841;35772;0;0
2023-01-12;841;36857;1;2.27
2023-10-02;1314;18064;126;488.88
2023-10-02;1314;9607;11;145.09
2023-10-02;1314;1439;3;55.47
2023-10-02;1314;36857;7;21.77
2023-10-02;1314;5345;8;66.48
2023-10-02;1314;58701;1;51.67
2023-10-02;1314;57912;1;12.61
2023-10-02;1314;62782;1;13.61
2023-10-02;1314;51957;1;12.3
2023-10-02;1314;15590;3;121.35
2023-10-02;1314;15589;9;265.41
2023-10-02;1314;21141;10;302
2023-10-02;1314;35416;3;44.76
2023-10-02;1314;48812;2;18.26
2023-10-02;1314;48813;4;29.4
2023-01-20;841;36857;1;2.27
2023-01-20;841;18064;13;30.42
2023-01-20;841;9607;8;64
2023-01-20;841;5345;1;4.99
2023-01-20;841;1439;3;44.76
2023-01-20;841;31330;1;50.39
2023-01-20;841;58701;1;42.8
2023-01-20;841;20635;3;69.27
2023-10-16;1314;57912;1;12.61
2023-10-16;1314;62782;1;13.61
2023-10-16;1314;51957;1;12.3
2023-10-16;1314;15590;3;121.35
2023-10-16;1314;15589;11;324.39
2023-10-16;1314;21141;7;211.26
2023-10-16;1314;35416;3;44.67
2023-10-16;1314;48812;4;36.76
2023-10-16;1314;48813;4;29.64
2023-01-11;841;18064;25;58.5
2023-01-11;841;9607;10;80
2023-01-11;841;5345;3;14.97
2023-01-11;841;1439;3;44.76
2023-01-11;841;31330;1;50.39
2023-01-11;841;58701;1;42.8
2023-01-11;841;20635;3;69.27
2023-01-14;1314;18064;204;793.56
2023-01-14;1314;9607;24;308.88
2023-01-14;1314;1439;6;110.4
2023-01-14;1314;36857;22;77.88
2023-01-14;1314;5345;2;16.08
2023-01-14;1314;13315;3;132.21
2023-01-14;1314;44217;2;78.6
2023-01-14;1314;58701;2;103.34
2023-01-14;1314;20635;7;207.69
2023-01-14;1314;31330;5;325.4
2023-01-07;1314;18064;177;688.53
2023-01-07;1314;9607;18;231.66
2023-01-07;1314;1439;1;18.4
2023-01-07;1314;36857;24;84.96
2023-01-07;1314;5345;2;16.08
2023-01-07;1314;13315;3;132.21
2023-01-07;1314;44217;2;78.6
2023-01-07;1314;58701;2;103.34
2023-01-07;1314;20635;6;178.02
2023-01-07;1314;31330;5;325.4
2023-10-14;1314;18064;145;562.6
2023-10-14;1314;9607;16;211.04
2023-10-14;1314;1439;2;37.84
2023-10-14;1314;36857;7;22.26
2023-10-14;1314;5345;12;99.72
2023-10-14;1314;58701;1;51.67
2023-10-14;1314;20635;8;240.8
2023-10-14;1314;31330;2;132.04
2023-10-14;1314;13315;3;134.28
2023-10-14;1314;44217;3;125.31
2023-01-10;841;57912;1;8.62
2023-01-10;841;15590;1;31.08
2023-01-10;841;62782;2;11.96
2023-01-10;841;35416;1;5.79
2023-01-10;841;21141;0;0
2023-01-10;841;15589;2;52.02
2023-01-10;841;51957;5;29.45
2023-01-10;841;35772;0;0
2023-01-10;841;36857;1;2.27
2023-01-10;1314;57912;1;10.84
2023-01-10;1314;51957;4;48.92
2023-01-10;1314;62782;0;0
2023-01-10;1314;15589;1;31.69
2023-01-10;1314;35416;5;49.5
2023-01-10;1314;21141;1;31.14
2023-01-10;1314;35772;0;0
2023-01-28;841;57912;1;8.62
2023-10-24;1314;62364;1;32.58
2023-01-25;1314;62364;1;31.12
2023-01-28;841;1439;3;44.76
2023-01-28;841;31330;1;50.39
2023-01-28;841;58701;1;42.8
2023-01-28;841;20635;3;69.27
2023-01-28;841;15590;1;31.08
2023-01-28;841;62782;2;11.96
2023-01-28;841;35416;1;5.79
2023-01-28;841;21141;0;0
2023-01-28;841;15589;2;52.3
2023-01-28;841;51957;4;23.56
2023-01-28;841;35772;0;0
2023-01-28;841;36857;1;2.27
2023-01-28;841;18064;7;16.38
2023-01-28;841;9607;7;56
2023-01-28;841;5345;5;24.95
2023-10-11;1314;57912;1;12.61
2023-10-11;1314;62782;1;13.61
2023-10-11;1314;51957;1;12.3
2023-10-11;1314;15590;3;121.35
2023-10-11;1314;15589;8;235.92
2023-10-11;1314;21141;7;211.4
2023-10-11;1314;35416;2;29.84
2023-10-11;1314;48812;4;36.76
2023-10-11;1314;48813;4;29.64
2023-01-16;841;18064;21;49.14
2023-01-16;841;9607;9;72
2023-01-16;841;5345;2;9.98
2023-01-16;841;1439;3;44.76
2023-01-16;841;31330;1;50.39
2023-01-16;841;58701;1;42.8
2023-01-16;841;20635;3;69.27
2023-10-12;841;57912;1;8.32
2023-10-12;841;15590;1;31.08
2023-10-12;841;62782;3;21.03
2023-10-12;841;48812;1;5.98
2023-10-12;841;42076;1;8.56
2023-10-12;841;48813;3;14.97
2023-10-12;841;35416;0;0
2023-10-12;841;55917;1;9.01
2023-10-12;841;15589;6;144.54
2023-10-12;841;21141;3;67.2
2023-10-12;841;51957;3;17.13
2023-10-12;841;35772;3;35.79
2023-10-12;841;1439;2;30.2
2023-10-12;841;18064;11;24.75
2023-10-12;841;9607;3;24
2023-10-12;841;36857;3;5.13
2023-10-25;841;57912;1;8.32
2023-10-25;841;15590;1;31.08
2023-10-25;841;62782;3;21.03
2023-10-25;841;48812;1;5.98
2023-10-25;841;42076;1;8.56
2023-10-25;841;48813;3;14.97
2023-10-25;841;35416;1;10.74
2023-10-25;841;55917;1;9.01
2023-10-25;841;15589;5;120.45
2023-10-25;841;21141;3;69.12
2023-10-25;841;51957;2;11.42
2023-10-25;841;35772;3;35.79
2023-10-25;841;1439;2;30.2
2023-10-25;841;18064;20;45
2023-10-25;841;9607;5;40
2023-10-25;841;36857;3;5.4
2023-10-25;841;20635;1;23.37
2023-10-25;841;58701;1;42.86
2023-10-25;841;31330;1;51.5
2023-10-11;1314;62364;1;32.58
2023-01-07;841;57912;1;8.62
2023-01-07;841;15590;1;31.08
2023-01-07;841;62782;2;11.96
2023-01-07;841;35416;1;5.79
2023-01-07;841;21141;0;0
2023-01-07;841;15589;1;25.58
2023-01-07;841;51957;5;29.45
2023-01-07;841;35772;0;0
2023-01-07;841;36857;1;2.27
2023-01-31;1314;18064;142;552.38
2023-01-31;1314;9607;19;244.53
2023-01-31;1314;1439;4;73.6
2023-01-31;1314;36857;21;74.34
2023-01-31;1314;5345;2;16.08
2023-01-31;1314;13315;3;132.21
2023-01-31;1314;44217;2;78.6
2023-01-31;1314;58701;2;103.34
2023-01-31;1314;20635;7;207.69
2023-01-31;1314;31330;5;325.4
2023-01-23;1314;18064;177;688.53
2023-01-23;1314;9607;23;296.01
2023-01-23;1314;1439;6;110.4
2023-01-23;1314;36857;22;77.88
2023-01-23;1314;5345;2;16.08
2023-01-23;1314;13315;3;132.21
2023-01-23;1314;44217;2;78.6
2023-01-23;1314;58701;2;103.34
2023-01-23;1314;20635;7;207.69
2023-01-23;1314;31330;5;325.4
2023-01-28;1314;57912;0;0
2023-01-28;1314;62782;0;0
2023-01-28;1314;51957;4;48.92
2023-01-28;1314;15589;0;0
2023-01-28;1314;35416;5;49.5
2023-01-28;1314;21141;1;31.14
2023-10-16;1314;62364;1;32.58
2023-01-25;841;36857;1;2.27
2023-01-25;841;18064;6;14.04
2023-01-25;841;9607;7;56
2023-01-25;841;5345;2;9.98
2023-01-25;841;1439;3;44.76
2023-01-25;841;31330;1;50.39
2023-01-25;841;58701;1;42.8
2023-01-25;841;20635;3;69.27
2023-10-21;1314;57912;1;12.61
2023-10-21;1314;62782;1;13.61
2023-10-21;1314;51957;1;12.3
2023-10-21;1314;15590;3;121.35
2023-10-21;1314;15589;14;412.86
2023-10-21;1314;21141;10;301.3
2023-10-21;1314;35416;5;74.45
2023-10-21;1314;48812;2;18.38
2023-10-21;1314;48813;5;38.1
2023-01-24;1314;18064;181;704.09
2023-01-24;1314;9607;22;283.14
2023-01-24;1314;1439;5;92
2023-01-24;1314;36857;22;77.88
2023-01-24;1314;5345;2;16.08
2023-01-24;1314;13315;3;132.21
2023-01-24;1314;44217;2;78.6
2023-01-24;1314;58701;2;103.34
2023-01-24;1314;20635;7;207.69
2023-01-24;1314;31330;5;325.4
2023-01-02;1314;1439;5;90.4
2023-01-02;1314;36857;24;84.96
2023-01-02;1314;5345;2;16.08
2023-01-02;1314;13315;3;132.21
2023-01-02;1314;44217;2;78.6
2023-01-02;1314;58701;2;103.34
2023-01-02;1314;20635;6;178.02
2023-01-02;1314;31330;5;325.4
2023-10-02;841;15590;1;31.08
2023-10-02;841;62782;3;21.03
2023-10-02;841;48812;1;5.98
2023-10-02;841;42076;1;8.56
2023-10-02;841;35416;1;10.74
2023-10-02;841;55917;1;9.01
2023-10-02;841;15589;3;72.36
2023-10-02;841;21141;3;67.2
2023-10-02;841;48813;3;14.97
2023-10-02;841;51957;3;17.13
2023-10-02;841;35772;3;35.79
2023-10-02;841;1439;2;30.2
2023-10-02;841;18064;11;24.75
2023-10-02;841;9607;4;32
2023-10-02;841;36857;4;6.84
2023-10-02;841;20635;2;46.74
2023-10-02;841;58701;1;42.86
2023-10-02;841;31330;1;51.5
2023-10-23;841;18064;20;45
2023-10-23;841;9607;5;40
2023-10-23;841;36857;3;5.4
2023-10-23;841;20635;1;23.37
2023-10-23;841;58701;1;42.86
2023-10-23;841;31330;1;51.5
2023-10-28;1314;18064;161;626.29
2023-10-28;1314;9607;17;224.23
2023-10-28;1314;1439;2;37.84
2023-10-28;1314;36857;9;29.43
2023-10-28;1314;5345;11;91.41
2023-10-28;1314;58701;1;51.67
2023-10-28;1314;20635;6;180.54
2023-10-28;1314;31330;6;394.86
2023-10-28;1314;13315;2;89.52
2023-10-28;1314;44217;4;167.08
2023-10-27;1314;57912;1;12.61
2023-10-27;1314;62782;1;13.61
2023-10-27;1314;51957;1;12.3
2023-10-27;1314;15590;2;80.9
2023-10-27;1314;15589;13;383.37
2023-10-27;1314;21141;9;271.17
2023-01-14;841;18064;25;58.5
2023-01-14;841;9607;10;80
2023-01-14;841;5345;3;14.97
2023-01-14;841;1439;3;44.76
2023-01-14;841;31330;1;50.39
2023-01-14;841;58701;1;42.8
2023-01-14;841;20635;3;69.27
2023-10-14;841;18064;28;63
2023-10-14;841;9607;4;32
2023-10-14;841;36857;4;7.2
2023-10-14;841;20635;2;46.74
2023-10-14;841;58701;1;42.86
2023-10-14;841;31330;1;51.5
2023-01-24;1314;57912;0;0
2023-01-24;1314;62782;0;0
2023-01-24;1314;51957;4;48.92
2023-01-24;1314;15589;0;0
2023-01-24;1314;35416;5;49.5
2023-01-24;1314;21141;1;31.14
2023-01-24;1314;35772;0;0
2023-10-19;1314;62364;1;32.58
2023-10-19;1314;18064;164;637.96
2023-10-19;1314;9607;15;197.85
2023-10-19;1314;1439;0;0
2023-10-19;1314;36857;5;15.9
2023-10-19;1314;5345;10;83.1
2023-10-19;1314;58701;1;51.67
2023-10-19;1314;20635;7;210.7
2023-10-19;1314;31330;4;263.92
2023-10-19;1314;13315;3;134.28
2023-10-19;1314;44217;3;125.31
2023-10-19;1314;57912;1;12.61
2023-10-19;1314;62782;1;13.61
2023-10-19;1314;51957;1;12.3
2023-10-19;1314;15590;3;121.35
2023-10-19;1314;15589;14;412.86
2023-10-19;1314;21141;9;271.35
2023-10-19;1314;35416;3;44.67
2023-10-19;1314;48812;4;36.76
2023-10-19;1314;48813;4;29.64
2023-01-21;1314;18064;193;750.77
2023-01-21;1314;9607;23;296.01
2023-01-21;1314;1439;6;110.4
2023-01-21;1314;36857;22;77.88
2023-01-21;1314;5345;2;16.08
2023-01-21;1314;13315;3;132.21
2023-01-21;1314;44217;2;78.6
2023-01-21;1314;58701;2;103.34
2023-01-21;1314;20635;7;207.69
2023-01-21;1314;31330;5;325.4
2023-10-28;1314;62364;1;32.58
2023-01-19;1314;62364;1;31.12
2023-01-04;1314;57912;1;10.84
2023-01-04;1314;51957;4;48.92
2023-01-04;1314;62782;0;0
2023-01-04;1314;15589;0;0
2023-01-04;1314;35416;5;49.5
2023-01-04;1314;21141;1;31.14
2023-01-04;1314;35772;0;0
2023-01-04;1314;18064;172;669.08
2023-01-04;1314;9607;17;218.79
2023-10-23;1314;57912;1;12.61
2023-10-23;1314;62782;1;13.61
2023-10-23;1314;51957;1;12.3
2023-10-23;1314;15590;3;121.35
2023-10-23;1314;15589;14;412.86
2023-10-23;1314;21141;9;271.17
2023-10-23;1314;35416;5;74.45
2023-10-23;1314;48812;2;18.38
2023-10-23;1314;48813;5;38.1
2023-01-26;1314;18064;171;665.19
2023-01-26;1314;9607;22;283.14
2023-01-26;1314;1439;5;92
2023-01-26;1314;36857;22;77.88
2023-01-26;1314;5345;2;16.08
2023-01-26;1314;13315;3;132.21
2023-01-26;1314;44217;2;78.6
2023-01-26;1314;58701;2;103.34
2023-01-26;1314;20635;7;207.69
2023-01-26;1314;31330;5;325.4
2023-01-21;1314;62364;1;31.12
2023-01-31;1314;57912;0;0
2023-01-31;1314;62782;1;13.61
2023-01-31;1314;51957;4;48.92
2023-01-31;1314;15589;0;0
2023-01-31;1314;35416;5;49.5
2023-01-31;1314;21141;0;0
2023-01-31;1314;35772;0;0
2023-01-21;841;36857;1;2.27
2023-01-21;841;18064;8;18.72
2023-01-21;841;9607;8;64
2023-01-21;841;5345;2;9.98
2023-01-21;841;1439;3;44.76
2023-01-21;841;31330;1;50.39
2023-01-21;841;58701;1;42.8
2023-01-21;841;20635;3;69.27
2023-01-06;841;57912;1;8.62
2023-01-06;841;15590;1;31.08
2023-01-06;841;62782;2;11.96
2023-01-06;841;35416;1;5.79
2023-01-06;841;21141;1;25.98
2023-01-06;841;15589;1;25.58
2023-01-06;841;51957;5;29.45
2023-01-06;841;35772;0;0
2023-01-06;841;36857;1;2.27
2023-01-26;841;36857;1;2.27
2023-01-26;841;18064;6;14.04
2023-01-26;841;9607;7;56
2023-01-26;841;5345;2;9.98
2023-01-26;841;1439;3;44.76
2023-01-26;841;31330;1;50.39
2023-01-26;841;58701;1;42.8
2023-01-26;841;20635;3;69.27
2023-01-16;1314;18064;190;739.1
2023-01-16;1314;9607;24;308.88
2023-01-16;1314;1439;6;110.4
2023-01-16;1314;36857;22;77.88
2023-01-16;1314;5345;2;16.08
2023-01-16;1314;13315;3;132.21
2023-01-16;1314;44217;2;78.6
2023-01-16;1314;58701;2;103.34
2023-01-16;1314;20635;7;207.69
2023-01-16;1314;31330;5;325.4
2023-10-30;1314;62364;1;32.58
2023-10-14;1314;57912;1;12.61
2023-10-14;1314;62782;1;13.61
2023-10-14;1314;51957;1;12.3
2023-10-14;1314;15590;3;121.35
2023-10-14;1314;15589;11;324.39
2023-10-14;1314;21141;7;211.26
2023-10-14;1314;35416;3;44.67
2023-10-14;1314;48812;4;36.76
2023-10-14;1314;48813;4;29.64
2023-01-19;841;36857;1;2.27
2023-01-19;841;18064;14;32.76
2023-01-19;841;9607;8;64
2023-01-19;841;1439;3;44.76
2023-01-19;841;5345;1;4.99
2023-01-19;841;31330;1;50.39
2023-01-19;841;58701;1;42.8
2023-01-19;841;20635;3;69.27
2023-10-12;1314;57912;1;12.61
2023-10-12;1314;62782;1;13.61
2023-10-12;1314;51957;1;12.3
2023-10-12;1314;15590;3;121.35
2023-10-12;1314;15589;8;235.92
2023-10-12;1314;21141;7;211.4
2023-10-12;1314;35416;2;29.84
2023-10-12;1314;48812;4;36.76
2023-10-12;1314;48813;4;29.64
2023-01-06;841;18064;24;56.16
2023-01-06;841;9607;10;80
2023-01-06;841;5345;3;14.97
2023-01-06;841;1439;3;44.76
2023-01-06;841;31330;1;50.39
2023-01-06;841;58701;1;42.8
2023-01-06;841;20635;3;69.27
2023-01-13;1314;62364;1;31.12
2023-01-14;1314;62364;1;31.12
2023-01-21;1314;57912;1;10.84
2023-01-21;1314;62782;0;0
2023-01-21;1314;51957;4;48.92
2023-01-21;1314;15589;0;0
2023-01-21;1314;35416;5;49.5
2023-01-21;1314;21141;1;31.14
2023-01-21;1314;35772;0;0
2023-01-02;841;57912;1;8.62
2023-01-02;841;15590;1;31.08
2023-01-02;841;62782;2;11.96
2023-01-02;841;35416;1;5.79
2023-01-02;841;21141;1;25.98
2023-01-02;841;15589;2;51.16
2023-01-02;841;51957;5;29.45
2023-01-02;841;35772;0;0
2023-01-02;841;36857;1;2.27
2023-10-28;841;57912;1;8.32
2023-10-28;841;15590;1;31.08
2023-10-28;841;62782;3;21.03
2023-10-28;841;48812;1;5.98
2023-10-28;841;48813;3;14.97
2023-10-28;841;42076;1;8.56
2023-10-28;841;35416;1;10.74
2023-10-28;841;55917;1;9.01
2023-10-28;841;15589;4;96.36
2023-10-28;841;21141;3;69.12
2023-10-28;841;51957;2;11.42
2023-10-28;841;35772;3;35.79
2023-10-28;841;1439;2;30.2
2023-10-28;841;18064;19;42.75
2023-10-28;841;9607;5;40
2023-10-28;841;36857;3;5.4
2023-10-28;841;20635;1;23.37
2023-10-28;841;58701;1;42.86
2023-10-28;841;31330;1;51.5
2023-01-26;1314;62364;1;31.12
2023-01-27;841;57912;1;8.62
2023-01-27;841;15590;1;31.08
2023-01-27;841;62782;2;11.96
2023-01-27;841;35416;1;5.79
2023-01-27;1314;18064;171;665.19
2023-01-27;1314;9607;20;257.4
2023-01-27;1314;1439;5;92
2023-01-27;1314;36857;22;77.88
2023-01-27;1314;5345;2;16.08
2023-01-27;1314;13315;3;132.21
2023-01-27;1314;44217;2;78.6
2023-01-27;1314;58701;2;103.34
2023-01-27;1314;20635;7;207.69
2023-01-27;1314;31330;5;325.4
2023-01-25;841;57912;1;8.62
2023-01-25;841;15590;1;31.08
2023-01-25;841;62782;2;11.96
2023-01-25;841;35416;1;5.79
2023-01-25;841;21141;0;0
2023-01-25;841;15589;2;52.3
2023-01-25;841;51957;5;29.45
2023-01-25;841;35772;0;0
2023-10-10;1314;62364;1;32.58
2023-10-25;1314;62364;1;32.58
2023-01-20;1314;57912;1;10.84
2023-01-20;1314;62782;0;0
2023-01-20;1314;51957;4;48.92
2023-01-20;1314;15589;0;0
2023-01-20;1314;35416;5;49.5
2023-01-20;1314;21141;1;31.14
2023-01-20;1314;35772;0;0
2023-01-18;1314;62364;1;31.12
2023-01-07;1314;62364;1;31.12
2023-01-04;841;18064;20;46.8
2023-01-04;841;9607;10;80
2023-01-04;841;5345;3;14.97
2023-01-04;841;1439;3;44.76
2023-01-04;841;31330;1;50.39
2023-01-04;841;58701;1;42.8
2023-01-04;841;20635;3;69.27
2023-01-16;1314;62364;1;31.12
2023-01-07;841;18064;24;56.16
2023-01-07;841;9607;10;80
2023-01-07;841;5345;3;14.97
2023-01-07;841;1439;3;44.76
2023-01-07;841;31330;1;50.39
2023-01-07;841;58701;1;42.8
2023-01-07;841;20635;3;69.27
2023-01-25;1314;57912;0;0
2023-01-25;1314;62782;0;0
2023-01-25;1314;51957;4;48.92
2023-01-25;1314;15589;0;0
2023-01-25;1314;35416;5;49.5
2023-01-25;1314;21141;1;31.14
2023-01-25;1314;35772;0;0
2023-01-19;1314;18064;207;805.23
2023-01-19;1314;9607;24;308.88
2023-01-19;1314;1439;6;110.4
2023-01-19;1314;36857;22;77.88
2023-01-19;1314;5345;2;16.08
2023-01-19;1314;13315;3;132.21
2023-01-19;1314;44217;2;78.6
2023-01-19;1314;58701;2;103.34
2023-01-19;1314;20635;7;207.69
2023-01-19;1314;31330;5;325.4
2023-01-05;1314;57912;1;10.84
2023-01-05;1314;51957;4;48.92
2023-01-05;1314;62782;0;0
2023-01-05;1314;15589;0;0
2023-01-05;1314;35416;5;49.5
2023-01-05;1314;21141;1;31.14
2023-01-05;1314;35772;0;0
2023-01-04;1314;1439;1;18.4
2023-01-04;1314;36857;24;84.96
2023-01-04;1314;5345;2;16.08
2023-01-04;1314;13315;3;132.21
2023-01-04;1314;44217;2;78.6
2023-01-04;1314;58701;2;103.34
2023-01-04;1314;20635;6;178.02
2023-01-04;1314;31330;5;325.4
2023-01-07;1314;57912;1;10.84
2023-01-07;1314;51957;4;48.92
2023-01-07;1314;62782;0;0
2023-01-07;1314;15589;0;0
2023-01-07;1314;35416;5;49.5
2023-01-07;1314;21141;1;31.14
2023-01-07;1314;35772;0;0
2023-01-10;841;18064;25;58.5
2023-01-10;841;9607;10;80
2023-01-10;841;5345;3;14.97
2023-01-10;841;1439;3;44.76
2023-01-10;841;31330;1;50.39
2023-01-10;841;58701;1;42.8
2023-01-10;841;20635;3;69.27
2023-01-21;841;57912;1;8.62
2023-01-21;841;15590;1;31.08
2023-01-21;841;62782;2;11.96
2023-01-21;841;35416;1;5.79
2023-01-21;841;21141;0;0
2023-01-21;841;15589;2;52.3
2023-01-21;841;51957;5;29.45
2023-01-21;841;35772;0;0
2023-10-18;1314;62364;1;32.58
2023-01-28;1314;35772;0;0
2023-01-28;1314;18064;166;645.74
2023-01-28;1314;9607;19;244.53
2023-01-28;1314;1439;5;92
2023-01-28;1314;36857;22;77.88
2023-01-28;1314;5345;2;16.08
2023-01-28;1314;13315;3;132.21
2023-01-28;1314;44217;2;78.6
2023-01-28;1314;58701;2;103.34
2023-01-28;1314;20635;7;207.69
2023-01-28;1314;31330;5;325.4
2023-01-02;1314;62364;2;62.24
2023-01-27;841;21141;0;0
2023-01-27;841;15589;2;52.3
2023-01-27;841;51957;5;29.45
2023-01-27;841;35772;0;0
2023-01-27;841;36857;1;2.27
2023-01-27;841;18064;5;11.7
2023-01-27;841;9607;7;56
2023-01-27;841;5345;2;9.98
2023-01-27;841;1439;3;44.76
2023-01-27;841;31330;1;50.39
2023-01-27;841;58701;1;42.8
2023-01-27;841;20635;3;69.27
2023-11-10;841;57912;1;8.32
2023-11-10;841;15590;1;31.08
2023-11-10;841;62782;3;21.03
2023-11-10;841;48812;1;5.98
2023-11-10;841;48813;3;14.97
2023-11-10;841;42076;1;8.56
2023-11-10;841;35772;3;35.79
2023-11-10;841;55917;1;9.01
2023-11-10;841;35416;1;10.74
2023-11-10;841;51957;2;11.42
2023-11-10;841;15589;4;96.36
2023-11-10;841;21141;2;46.08
2023-11-10;841;1439;2;30.2
2023-11-10;841;18064;11;24.75
2023-11-10;841;9607;6;48.48
2023-11-10;841;36857;3;5.4
2023-11-10;841;20635;1;23.37
2023-11-10;841;58701;1;42.86
2023-11-10;841;31330;1;51.5
2023-01-06;1314;62364;2;62.24
2023-10-20;1314;62364;1;32.58
2023-01-18;1314;18064;212;824.68
2023-01-18;1314;9607;26;334.62
2023-01-18;1314;1439;6;110.4
2023-01-18;1314;36857;22;77.88
2023-01-18;1314;5345;2;16.08
2023-01-18;1314;13315;3;132.21
2023-01-18;1314;44217;2;78.6
2023-01-18;1314;58701;2;103.34
2023-01-18;1314;20635;7;207.69
2023-01-18;1314;31330;5;325.4
2023-01-18;841;57912;1;8.62
2023-01-18;841;15590;1;31.08
2023-01-18;841;62782;2;11.96
2023-01-18;841;35416;1;5.79
2023-01-18;841;15589;2;52.3
2023-01-18;841;21141;1;25.98
2023-01-18;841;51957;5;29.45
2023-01-18;841;35772;0;0
2023-10-14;841;57912;1;8.32
2023-10-14;841;15590;1;31.08
2023-10-14;841;62782;3;21.03
2023-10-14;841;48812;1;5.98
2023-10-14;841;42076;1;8.56
2023-10-14;841;48813;3;14.97
2023-10-14;841;35416;1;10.74
2023-10-14;841;55917;1;9.01
2023-10-14;841;15589;7;168.63
2023-10-14;841;21141;3;67.2
2023-10-14;841;51957;3;17.13
2023-10-14;841;35772;3;35.79
2023-10-14;841;1439;2;30.2
2023-10-02;1314;62364;1;32.58
2023-01-16;1314;57912;1;10.84
2023-01-16;1314;51957;4;48.92
2023-01-16;1314;62782;0;0
2023-01-16;1314;15589;1;31.69
2023-01-16;1314;35416;5;49.5
2023-01-16;1314;21141;0;0
2023-01-16;1314;35772;0;0
2023-01-25;1314;18064;180;700.2
2023-01-25;1314;9607;22;283.14
2023-01-25;1314;1439;5;92
2023-01-25;1314;36857;22;77.88
2023-01-25;1314;5345;2;16.08
2023-01-25;1314;13315;3;132.21
2023-01-25;1314;44217;2;78.6
2023-01-25;1314;58701;2;103.34
2023-01-25;1314;20635;7;207.69
2023-01-25;1314;31330;5;325.4
2023-01-26;841;57912;1;8.62
2023-01-26;841;15590;1;31.08
2023-01-26;841;62782;2;11.96
2023-01-26;841;35416;1;5.79
2023-01-26;841;21141;0;0
2023-01-26;841;15589;2;52.3
2023-01-26;841;51957;5;29.45
2023-01-26;841;35772;0;0
2023-10-17;1314;57912;1;12.61
2023-10-17;1314;62782;1;13.61
2023-10-17;1314;51957;1;12.3
2023-10-17;1314;15590;3;121.35
2023-10-17;1314;15589;12;353.88
2023-10-17;1314;21141;8;241.28
2023-10-17;1314;35416;3;44.67
2023-10-17;1314;48812;4;36.76
2023-10-17;1314;48813;4;29.64
2023-12-22;841;57912;1;8.32
2023-12-22;841;57814;3;356.28
2023-12-22;841;15590;2;64.1
2023-12-22;841;48812;1;5.98
2023-12-22;841;48813;3;14.97
2023-12-22;841;62782;3;21.03
2023-12-22;841;35772;1;11.93
2023-12-22;841;42076;5;40.7
2023-12-22;841;51957;2;11.42
2023-12-22;841;55917;1;9.01
2023-12-22;841;35416;1;10.74
2023-12-22;841;15589;4;96.32
2023-12-22;841;21141;3;71.28
2023-12-22;841;1439;1;15.1
2023-12-22;841;18064;8;18
2023-12-22;841;9607;6;49.14
2023-12-22;841;36857;3;6.06
2023-12-22;841;20635;1;23.33
2023-12-22;841;58701;1;42.86
2023-12-22;841;31330;1;51.5
2023-01-16;841;57912;1;8.62
2023-01-16;841;15590;1;31.08
2023-01-16;841;62782;2;11.96
2023-01-16;841;35416;1;5.79
2023-01-16;841;21141;1;25.98
2023-01-16;841;15589;2;52.3
2023-01-16;841;51957;5;29.45
2023-01-16;841;35772;0;0
2023-01-16;841;36857;1;2.27
2023-01-12;1314;62364;1;31.12
2023-01-19;1314;57912;1;10.84
2023-01-19;1314;62782;0;0
2023-01-19;1314;51957;4;48.92
2023-01-19;1314;15589;0;0
2023-01-19;1314;35416;5;49.5
2023-01-19;1314;21141;1;31.14
2023-01-19;1314;35772;0;0
2023-01-12;1314;57912;1;10.84
2023-01-12;1314;51957;4;48.92
2023-01-12;1314;62782;0;0
2023-01-12;1314;15589;1;31.69
2023-01-12;1314;35416;5;49.5
2023-01-12;1314;21141;0;0
2023-01-12;1314;35772;0;0
2023-10-20;841;57912;1;8.32
2023-10-20;841;15590;1;31.08
2023-10-20;841;62782;3;21.03
2023-10-20;841;48812;1;5.98
2023-10-20;841;42076;1;8.56
2023-10-20;841;48813;3;14.97
2023-10-20;841;35416;1;10.74
2023-10-20;841;55917;1;9.01
2023-10-20;841;15589;5;120.45
2023-10-20;841;21141;3;69.12
2023-10-20;841;51957;2;11.42
2023-10-20;841;35772;3;35.79
2023-10-20;841;1439;2;30.2
2023-10-20;841;18064;23;51.75
2023-10-20;841;9607;5;40
2023-10-20;841;36857;3;5.4
2023-10-20;841;20635;2;46.74
2023-10-20;841;58701;1;42.86
2023-10-20;841;31330;1;51.5
2023-10-25;1314;57912;1;12.61
2023-10-25;1314;62782;1;13.61
2023-10-25;1314;51957;1;12.3
2023-10-25;1314;15590;3;121.35
2023-01-20;1314;18064;201;781.89
2023-01-20;1314;9607;24;308.88
2023-01-20;1314;1439;6;110.4
2023-01-20;1314;36857;22;77.88
2023-01-20;1314;5345;2;16.08
2023-01-20;1314;13315;3;132.21
2023-01-20;1314;44217;2;78.6
2023-01-20;1314;58701;2;103.34
2023-01-20;1314;20635;7;207.69
2023-01-20;1314;31330;5;325.4
2023-11-24;1314;1439;6;112.62
2023-11-24;1314;36857;4;13.28
2023-11-24;1314;5345;12;100.32
2023-11-24;1314;58701;1;51.67
2023-11-24;1314;20635;3;90.18
2023-11-24;1314;31330;6;394.86
2023-11-24;1314;13315;0;0
2023-11-24;1314;44217;3;125.31
2023-11-24;1314;62782;1;13.61
2023-11-24;1314;51957;1;12.37
2023-11-24;1314;15589;9;265.41
2023-11-24;1314;21141;6;180.78
2023-11-24;1314;35416;3;44.67
2023-11-24;1314;48812;3;27.57
2023-11-24;1314;48813;4;31.32
2023-11-24;1314;15590;3;121.35
2023-11-24;1314;18064;99;385.11
2023-11-24;1314;9607;15;199.95
2023-10-05;841;57912;1;8.32
2023-10-05;841;15590;1;31.08
2023-10-05;841;62782;3;21.03
2023-10-05;841;48812;1;5.98
2023-10-05;841;42076;1;8.56
2023-10-05;841;35416;1;10.74
2023-10-05;841;55917;1;9.01
2023-10-05;841;15589;3;72.36
2023-10-05;841;21141;3;67.2
2023-10-05;841;48813;3;14.97
2023-10-05;841;51957;3;17.13
2023-10-05;841;35772;3;35.79
2023-10-05;841;1439;2;30.2
2023-10-05;841;18064;8;18
2023-10-05;841;9607;4;32
2023-10-05;841;36857;4;6.84
2023-10-05;841;20635;2;46.74
2023-10-05;841;58701;1;42.86
2023-10-05;841;31330;1;51.5
2023-01-14;841;57912;1;8.62
2023-01-14;841;15590;1;31.08
2023-01-14;841;62782;2;11.96
2023-01-14;841;35416;1;5.79
2023-01-14;841;21141;1;25.98
2023-01-14;841;15589;2;52.3
2023-01-14;841;51957;5;29.45
2023-01-14;841;35772;0;0
2023-01-14;841;36857;1;2.27
2023-11-13;841;57912;1;8.32
2023-11-13;841;15590;1;31.08
2023-11-13;841;62782;3;21.03
2023-11-13;841;48812;1;5.98
2023-11-13;841;48813;3;14.97
2023-11-13;841;42076;1;8.56
2023-11-13;841;35772;3;35.79
2023-11-13;841;55917;1;9.01
2023-11-13;841;35416;1;10.74
2023-11-13;841;51957;2;11.42
2023-11-13;841;15589;4;96.36
2023-11-13;841;21141;2;46.08
2023-11-13;841;1439;2;30.2
2023-11-13;841;18064;11;24.75
2023-11-13;841;9607;6;48.48
2023-11-13;841;36857;3;5.4
2023-11-13;841;20635;1;23.37
2023-11-13;841;58701;1;42.86
2023-11-13;841;31330;1;51.5
2023-01-20;841;57912;1;8.62
2023-01-20;841;15590;1;31.08
2023-01-20;841;62782;2;11.96
2023-01-20;841;35416;1;5.79
2023-01-20;841;21141;1;25.98
2023-01-20;841;15589;2;52.3
2023-01-20;841;51957;5;29.45
2023-01-20;841;35772;0;0
2023-10-10;841;57912;1;8.32
2023-10-10;841;15590;1;31.08
2023-10-10;841;62782;3;21.03
2023-10-10;841;48812;1;5.98
2023-10-10;841;42076;1;8.56
2023-10-10;841;35416;0;0
2023-10-10;841;48813;3;14.97
2023-10-10;841;55917;1;9.01
2023-10-10;841;15589;4;96.4
2023-10-10;841;21141;3;67.2
2023-10-10;841;51957;3;17.13
2023-10-10;841;35772;3;35.79
2023-10-10;841;1439;2;30.2
2023-10-10;841;18064;5;11.25
2023-10-10;841;9607;4;32
2023-10-10;841;36857;3;5.13
2023-10-10;841;20635;2;46.74
2023-10-10;841;58701;1;42.86
2023-10-10;841;31330;1;51.5
2023-10-10;1314;57912;1;12.61
2023-10-10;1314;62782;1;13.61
2023-10-10;1314;51957;1;12.3
2023-10-10;1314;15590;3;121.35
2023-10-10;1314;15589;9;265.41
2023-10-10;1314;21141;8;241.6
2023-10-10;1314;35416;2;29.84
2023-10-10;1314;48812;4;36.76
2023-10-10;1314;48813;4;29.64
2023-01-13;1314;57912;1;10.84
2023-11-11;841;57912;1;8.32
2023-11-11;841;15590;1;31.08
2023-11-11;841;62782;3;21.03
2023-11-11;841;48812;1;5.98
2023-11-11;841;48813;3;14.97
2023-11-11;841;42076;1;8.56
2023-11-11;841;35772;3;35.79
2023-11-11;841;55917;1;9.01
2023-11-11;841;35416;1;10.74
2023-11-11;841;51957;2;11.42
2023-11-11;841;15589;4;96.36
2023-11-11;841;21141;2;46.08
2023-11-11;841;1439;2;30.2
2023-01-05;841;57912;1;8.62
2023-01-05;841;15590;1;31.08
2023-01-05;841;62782;2;11.96
2023-01-05;841;35416;1;5.79
2023-01-05;841;21141;1;25.98
2023-01-05;841;15589;1;25.58
2023-01-05;841;51957;5;29.45
2023-01-05;841;35772;0;0
2023-01-05;841;36857;1;2.27
2023-01-05;1314;18064;167;649.63
2023-01-05;1314;9607;17;218.79
2023-01-05;1314;1439;1;18.4
2023-01-05;1314;36857;24;84.96
2023-01-05;1314;5345;2;16.08
2023-01-05;1314;13315;3;132.21
2023-01-05;1314;44217;2;78.6
2023-01-05;1314;58701;2;103.34
2023-01-05;1314;20635;6;178.02
2023-01-05;1314;31330;5;325.4
2023-10-25;1314;58701;1;51.67
2023-10-25;1314;20635;8;240.72
2023-10-25;1314;31330;6;394.86
2023-10-25;1314;13315;2;89.52
2023-10-25;1314;44217;4;167.08
2023-10-25;1314;15589;14;412.86
2023-10-25;1314;21141;9;271.17
2023-10-25;1314;35416;5;74.45
2023-10-25;1314;48812;3;27.57
2023-10-25;1314;48813;4;30.48
2023-10-25;1314;18064;185;719.65
2023-10-25;1314;9607;18;237.42
2023-10-25;1314;1439;2;37.84
2023-10-25;1314;36857;9;29.43
2023-10-25;1314;5345;11;91.41
2023-01-10;1314;62364;1;31.12
2023-01-02;841;18064;22;51.48
2023-01-02;841;9607;10;80
2023-01-02;841;5345;3;14.97
2023-01-02;841;1439;3;44.76
2023-01-02;841;31330;1;50.39
2023-01-02;841;58701;1;42.8
2023-01-02;841;20635;3;69.27
2023-11-03;1314;18064;151;587.39
2023-11-03;1314;9607;15;197.85
2023-11-03;1314;1439;2;37.84
2023-11-03;1314;36857;9;29.43
2023-11-03;1314;5345;12;99.72
2023-11-03;1314;58701;1;51.67
2023-11-03;1314;20635;8;240.48
2023-11-03;1314;31330;6;394.86
2023-11-03;1314;13315;2;89.52
2023-11-03;1314;44217;4;167.08
2023-11-03;1314;62782;1;13.61
2023-11-03;1314;51957;0;0
2023-11-03;1314;15589;13;383.37
2023-11-03;1314;21141;9;271.17
2023-11-03;1314;35416;7;104.23
2023-11-03;1314;48812;3;27.57
2023-11-03;1314;48813;4;30.48
2023-11-03;1314;15590;2;80.9
2023-10-02;1314;20635;6;180.6
2023-10-02;1314;31330;2;132.04
2023-10-02;1314;13315;3;134.28
2023-10-02;1314;44217;3;125.31
2023-01-02;1314;57912;1;10.84
2023-01-02;1314;51957;4;48.92
2023-01-02;1314;62782;0;0
2023-01-02;1314;15589;0;0
2023-01-02;1314;35416;5;49.5
2023-01-02;1314;21141;1;31.14
2023-01-02;1314;35772;0;0
2023-01-02;1314;18064;157;610.73
2023-01-02;1314;9607;19;244.53
2023-10-28;1314;57912;1;12.61
2023-10-28;1314;62782;1;13.61
2023-10-28;1314;51957;0;0
2023-10-28;1314;15589;13;383.37
2023-10-28;1314;21141;9;271.17
2023-10-28;1314;35416;5;74.45
2023-10-28;1314;48812;3;27.57
2023-10-28;1314;48813;4;30.48
2023-10-28;1314;15590;2;80.9
2023-01-13;841;57912;1;8.62
2023-01-13;841;15590;1;31.08
2023-01-13;841;62782;2;11.96
2023-01-13;841;35416;1;5.79
2023-01-13;841;21141;0;0
2023-01-13;841;15589;2;52.3
2023-01-13;841;51957;5;29.45
2023-01-13;841;35772;0;0
2023-01-13;841;36857;1;2.27
2023-01-04;1314;62364;2;62.24
2023-10-21;841;57912;1;8.32
2023-10-21;841;15590;1;31.08
2023-10-21;841;62782;3;21.03
2023-10-21;841;48812;1;5.98
2023-10-21;841;42076;1;8.56
2023-10-21;841;48813;3;14.97
2023-10-21;841;35416;1;10.74
2023-10-21;841;55917;1;9.01
2023-10-21;841;15589;5;120.45
2023-10-21;841;21141;3;69.12
2023-10-21;841;51957;2;11.42
2023-10-21;841;35772;3;35.79
2023-10-21;841;1439;2;30.2
2023-10-21;841;18064;23;51.75
2023-10-21;841;9607;5;40
2023-10-21;841;36857;3;5.4
2023-10-21;841;20635;2;46.74
2023-10-21;841;58701;1;42.86
2023-10-21;841;31330;1;51.5
2023-10-16;841;57912;1;8.32
2023-10-16;841;15590;1;31.08
2023-10-16;841;62782;3;21.03
2023-10-16;841;48812;1;5.98
2023-10-16;841;42076;1;8.56
2023-10-16;841;48813;3;14.97
2023-10-16;841;35416;1;10.74
2023-10-16;841;55917;1;9.01
2023-10-16;841;15589;6;144.54
2023-10-16;841;21141;2;44.8
2023-10-16;841;51957;3;17.13
2023-10-16;841;35772;3;35.79
2023-10-16;841;1439;2;30.2
2023-10-16;1314;18064;123;477.24
2023-10-16;1314;9607;15;197.85
2023-10-16;1314;1439;1;18.92
2023-10-16;1314;36857;5;15.9
2023-10-16;1314;5345;9;74.79
2023-10-16;1314;58701;1;51.67
2023-10-16;1314;20635;8;240.8
2023-10-16;1314;31330;2;132.04
2023-10-16;1314;13315;3;134.28
2023-10-16;1314;44217;3;125.31
2023-01-03;841;18064;22;51.48
2023-01-03;841;9607;10;80
2023-01-03;841;5345;3;14.97
2023-01-03;841;1439;3;44.76
2023-01-03;841;31330;1;50.39
2023-01-03;841;58701;1;42.8
2023-01-03;841;20635;3;69.27
2023-01-03;1314;35416;5;49.5
2023-01-03;1314;21141;1;31.14
2023-01-03;1314;35772;0;0
2023-01-03;1314;18064;147;571.83
2023-01-03;1314;9607;18;231.66
2023-01-31;841;57912;1;8.62
2023-01-31;841;15590;1;31.08
2023-01-31;841;62782;2;11.96
2023-01-31;841;35416;1;5.79
2023-01-31;841;21141;0;0
2023-01-31;841;15589;2;52.3
2023-01-31;841;51957;4;23.56
2023-01-31;841;35772;0;0
2023-10-20;1314;18064;164;637.96
2023-10-20;1314;9607;15;197.85
2023-10-20;1314;1439;0;0
2023-10-20;1314;36857;5;15.9
2023-10-20;1314;5345;10;83.1
2023-10-20;1314;58701;1;51.67
2023-10-20;1314;20635;7;210.7
2023-10-20;1314;31330;4;263.92
2023-10-20;1314;13315;3;134.28
2023-10-20;1314;44217;3;125.31
2023-10-19;841;36857;4;7.2
2023-10-19;841;20635;2;46.74
2023-10-19;841;58701;1;42.86
2023-10-19;841;31330;1;51.5
2023-10-19;841;15590;1;31.08
2023-10-19;841;62782;3;21.03
2023-10-19;841;48812;1;5.98
2023-10-19;841;42076;1;8.56
2023-10-19;841;48813;3;14.97
2023-10-19;841;35416;1;10.74
2023-10-19;841;55917;1;9.01
2023-10-19;841;15589;5;120.45
2023-10-19;841;21141;2;44.8
2023-10-19;841;51957;2;11.42
2023-10-19;841;35772;3;35.79
2023-10-19;841;1439;2;30.2
2023-10-19;841;18064;24;54
2023-10-19;841;9607;6;48
2023-11-13;1314;57912;1;12.61
2023-11-13;1314;62782;1;13.61
2023-11-13;1314;51957;1;12.37
2023-11-13;1314;15589;9;265.41
2023-11-13;1314;21141;8;241.04
2023-11-13;1314;35416;6;89.34
2023-11-13;1314;48812;3;27.57
2023-11-13;1314;48813;3;22.86
2023-11-13;1314;15590;3;121.35
2023-11-13;1314;18064;96;373.44
2023-11-13;1314;9607;11;145.42
2023-11-13;1314;1439;5;93.9
2023-11-13;1314;36857;3;9.81
2023-11-13;1314;5345;10;83.2
2023-11-13;1314;58701;1;51.67
2023-11-13;1314;20635;6;180.36
2023-11-13;1314;31330;6;394.86
2023-11-13;1314;13315;1;44.76
2023-11-13;1314;44217;3;125.31
2023-10-12;841;20635;2;46.74
2023-10-12;841;58701;1;42.86
2023-10-12;841;31330;1;51.5
2023-11-29;1314;62364;1;32.58
2023-10-24;1314;57912;1;12.61
2023-10-24;1314;62782;1;13.61
2023-10-24;1314;51957;1;12.3
2023-10-24;1314;15590;3;121.35
2023-10-24;1314;15589;14;412.86
2023-10-24;1314;21141;9;271.17
2023-10-24;1314;35416;5;74.45
2023-10-24;1314;48812;3;27.57
2023-10-24;1314;48813;4;30.48
2023-11-29;1314;57912;1;12.61
2023-11-29;1314;62782;1;13.61
2023-11-29;1314;51957;1;12.37
2023-11-29;1314;21141;6;180.78
2023-11-29;1314;15589;15;442.35
2023-11-29;1314;35416;3;44.67
2023-11-29;1314;48812;4;39.64
2023-11-29;1314;48813;4;31.32
2023-11-29;1314;15590;3;121.35
2023-11-29;1314;18064;121;470.69
2023-11-29;1314;9607;15;200.1
2023-11-29;1314;1439;6;112.62
2023-11-29;1314;36857;6;20.04
2023-11-29;1314;5345;11;92.07
2023-11-29;1314;58701;1;51.67
2023-11-29;1314;20635;3;90.12
2023-11-29;1314;31330;5;329.05
2023-11-29;1314;13315;0;0
2023-11-29;1314;44217;3;125.31
2023-11-10;1314;62364;1;32.58
2023-10-06;1314;18064;147;570.36
2023-10-06;1314;9607;15;197.85
2023-10-06;1314;1439;0;0
2023-10-06;1314;36857;8;25.12
2023-10-06;1314;5345;10;83.1
2023-10-06;1314;58701;1;51.67
2023-10-06;1314;20635;7;210.7
2023-10-06;1314;31330;2;132.04
2023-10-06;1314;13315;3;134.28
2023-10-06;1314;44217;3;125.31
2023-10-11;841;20635;2;46.74
2023-10-11;841;58701;1;42.86
2023-10-11;841;31330;1;51.5
2023-10-11;1314;18064;147;570.36
2023-10-11;1314;9607;17;224.23
2023-10-11;1314;1439;0;0
2023-10-11;1314;36857;8;25.12
2023-10-11;1314;5345;12;99.72
2023-10-11;1314;58701;1;51.67
2023-10-11;1314;20635;8;240.8
2023-10-11;1314;31330;1;66.02
2023-10-11;1314;13315;3;134.28
2023-10-11;1314;44217;3;125.31
2023-10-27;1314;62364;1;32.58
2023-01-17;841;57912;1;8.62
2023-01-17;841;15590;1;31.08
2023-01-17;841;62782;2;11.96
2023-01-17;841;35416;1;5.79
2023-01-17;841;15589;2;52.3
2023-01-17;841;21141;1;25.98
2023-01-17;841;51957;5;29.45
2023-01-17;841;35772;0;0
2023-01-10;1314;18064;196;762.44
2023-01-10;1314;9607;17;218.79
2023-01-10;1314;1439;6;110.4
2023-01-10;1314;36857;24;84.96
2023-01-10;1314;5345;2;16.08
2023-01-10;1314;13315;3;132.21
2023-01-10;1314;44217;2;78.6
2023-01-10;1314;58701;2;103.34
2023-01-10;1314;20635;6;178.02
2023-01-10;1314;31330;5;325.4
2023-12-18;841;1439;1;15.1
2023-12-18;841;18064;12;27
2023-12-18;841;9607;4;32.68
2023-12-18;841;36857;3;6.06
2023-12-18;841;20635;1;23.33
2023-12-18;841;58701;1;42.86
2023-12-18;841;31330;1;51.5
2023-10-23;1314;62364;1;32.58
2023-10-27;841;57912;1;8.32
2023-10-27;841;15590;1;31.08
2023-10-27;841;62782;3;21.03
2023-10-27;841;48812;1;5.98
2023-10-27;841;42076;1;8.56
2023-10-27;841;48813;3;14.97
2023-10-27;841;35416;1;10.74
2023-10-27;841;55917;1;9.01
2023-10-27;841;15589;5;120.45
2023-10-27;841;21141;3;69.12
2023-10-27;841;51957;2;11.42
2023-10-27;841;35772;3;35.79
2023-10-27;841;1439;2;30.2
2023-10-27;841;18064;19;42.75
2023-10-27;841;9607;4;32
2023-10-27;841;36857;3;5.4
2023-10-27;841;20635;1;23.37
2023-10-27;841;58701;1;42.86
2023-10-27;841;31330;1;51.5
2023-11-29;841;57912;1;8.32
2023-11-29;841;15590;1;31.08
2023-11-29;841;48812;1;5.98
2023-11-29;841;48813;3;14.97
2023-11-29;841;62782;3;21.03
2023-11-29;841;42076;1;8.56
2023-11-29;841;35772;3;35.79
2023-11-29;841;55917;1;9.01
2023-11-29;841;35416;1;10.74
2023-11-29;841;51957;2;11.42
2023-11-29;841;15589;3;72.27
2023-11-29;841;21141;3;70.41
2023-11-29;841;1439;2;30.2
2023-01-12;841;18064;25;58.5
2023-01-12;841;9607;10;80
2023-01-12;841;5345;3;14.97
2023-01-12;841;1439;3;44.76
2023-01-12;841;31330;1;50.39
2023-01-12;841;58701;1;42.8
2023-01-12;841;20635;3;69.27
2023-10-11;841;57912;1;8.32
2023-10-11;841;15590;1;31.08
2023-10-11;841;62782;3;21.03
2023-10-11;841;48812;1;5.98
2023-10-11;841;42076;1;8.56
2023-10-11;841;48813;3;14.97
2023-10-11;841;35416;0;0
2023-10-11;841;55917;1;9.01
2023-10-11;841;15589;6;144.54
2023-10-11;841;21141;3;67.2
2023-10-11;841;51957;3;17.13
2023-10-11;841;35772;3;35.79
2023-10-11;841;1439;2;30.2
2023-10-11;841;18064;11;24.75
2023-10-11;841;9607;4;32
2023-10-11;841;36857;3;5.13
2023-10-17;1314;62364;1;32.58
2023-10-04;1314;58701;1;51.67
2023-10-04;1314;20635;7;210.7
2023-10-04;1314;31330;2;132.04
2023-10-04;1314;13315;3;134.28
2023-10-04;1314;44217;3;125.31
2023-01-24;1314;62364;1;31.12
2023-10-30;841;57912;1;8.32
2023-10-30;841;15590;1;31.08
2023-10-30;841;62782;3;21.03
2023-10-30;841;48812;1;5.98
2023-10-30;841;48813;3;14.97
2023-10-30;841;42076;1;8.56
2023-10-30;841;35416;1;10.74
2023-10-30;841;55917;1;9.01
2023-10-30;841;15589;4;96.36
2023-10-30;841;21141;3;69.12
2023-10-30;841;51957;2;11.42
2023-10-30;841;35772;3;35.79
2023-10-30;841;1439;2;30.2
2023-10-30;841;18064;19;42.75
2023-10-30;841;9607;5;40
2023-10-30;841;36857;3;5.4
2023-10-30;841;20635;1;23.37
2023-10-30;841;58701;1;42.86
2023-10-30;841;31330;1;51.5
2023-11-21;1314;62364;1;32.58
2023-10-31;1314;18064;147;571.83
2023-10-31;1314;9607;15;197.85
2023-10-31;1314;1439;2;37.84
2023-10-31;1314;36857;9;29.43
2023-10-31;1314;5345;13;108.03
2023-10-31;1314;58701;1;51.67
2023-10-31;1314;20635;6;180.54
2023-10-31;1314;31330;6;394.86
2023-10-31;1314;13315;2;89.52
2023-10-31;1314;44217;4;167.08
2023-10-23;1314;20635;7;210.7
2023-10-23;1314;31330;6;394.86
2023-10-23;1314;13315;3;134.28
2023-10-23;1314;44217;2;83.54
2023-10-23;1314;18064;157;610.73
2023-10-23;1314;9607;15;197.85
2023-10-23;1314;1439;0;0
2023-10-23;1314;36857;7;22.68
2023-10-23;1314;5345;9;74.79
2023-10-23;1314;58701;1;51.67
2023-11-01;1314;18064;144;560.16
2023-11-01;1314;9607;15;197.85
2023-11-01;1314;1439;2;37.84
2023-11-01;1314;36857;9;29.43
2023-11-01;1314;5345;12;99.72
2023-11-01;1314;58701;1;51.67
2023-11-01;1314;20635;6;180.54
2023-11-01;1314;31330;6;394.86
2023-11-01;1314;13315;2;89.52
2023-11-01;1314;44217;4;167.08
2023-11-01;1314;57912;1;12.61
2023-11-01;1314;62782;1;13.61
2023-11-01;1314;51957;0;0
2023-11-01;1314;15589;13;383.37
2023-11-01;1314;21141;9;271.17
2023-11-01;1314;35416;7;104.23
2023-11-01;1314;48812;3;27.57
2023-11-01;1314;48813;4;30.48
2023-11-01;1314;15590;2;80.9
2023-01-11;1314;62364;1;31.12
2023-01-11;1314;18064;202;785.78
2023-01-11;1314;9607;19;244.53
2023-01-11;1314;1439;6;110.4
2023-01-11;1314;36857;24;84.96
2023-01-11;1314;5345;2;16.08
2023-01-11;1314;13315;3;132.21
2023-01-11;1314;44217;2;78.6
2023-01-11;1314;58701;2;103.34
2023-01-11;1314;20635;7;207.69
2023-01-11;1314;31330;5;325.4
2023-12-22;1314;15590;3;121.35
2023-12-22;1314;18064;100;389
2023-12-22;1314;9607;13;174.07
2023-12-22;1314;1439;3;56.31
2023-12-22;1314;36857;5;16.75
2023-12-22;1314;5345;11;92.29
2023-12-22;1314;58701;1;51.67
2023-12-22;1314;20635;8;240
2023-12-22;1314;31330;5;329.05
2023-12-22;1314;13315;1;38.69
2023-12-22;1314;44217;3;106.59
2023-01-23;841;36857;1;2.27
2023-01-23;841;18064;8;18.72
2023-01-23;841;9607;8;64
2023-01-23;841;5345;2;9.98
2023-01-23;841;1439;3;44.76
2023-01-23;841;31330;1;50.39
2023-01-23;841;58701;1;42.8
2023-01-23;841;20635;3;69.27
2023-01-04;841;57912;1;8.62
2023-01-04;841;15590;1;31.08
2023-01-04;841;62782;2;11.96
2023-01-04;841;35416;1;5.79
2023-01-04;841;21141;1;25.98
2023-01-04;841;15589;2;51.16
2023-01-04;841;51957;5;29.45
2023-01-04;841;35772;0;0
2023-01-04;841;36857;1;2.27
2023-10-06;1314;57912;1;12.61
2023-10-06;1314;62782;1;13.61
2023-10-06;1314;51957;1;12.3
2023-10-06;1314;15590;3;121.35
2023-10-06;1314;15589;9;265.41
2023-10-06;1314;21141;9;271.8
2023-10-06;1314;35416;3;44.76
2023-10-06;1314;48812;4;36.76
2023-10-06;1314;48813;4;29.64
2023-10-06;841;1439;2;30.2
2023-10-06;841;18064;8;18
2023-10-06;841;9607;5;40
2023-10-06;841;36857;3;5.13
2023-10-06;841;57912;1;8.32
2023-10-06;841;15590;1;31.08
2023-10-06;841;62782;3;21.03
2023-10-06;841;48812;1;5.98
2023-10-06;841;42076;1;8.56
2023-10-06;841;35416;1;10.74
2023-10-06;841;55917;1;9.01
2023-10-06;841;15589;5;120.5
2023-10-06;841;21141;3;67.2
2023-10-06;841;48813;3;14.97
2023-10-06;841;51957;3;17.13
2023-10-06;841;35772;3;35.79
2023-10-06;841;20635;2;46.74
2023-10-06;841;58701;1;42.86
2023-10-06;841;31330;1;51.5
2023-10-10;1314;18064;145;562.6
2023-10-10;1314;9607;18;237.42
2023-10-10;1314;1439;0;0
2023-10-10;1314;36857;8;25.12
2023-10-10;1314;5345;12;99.72
2023-10-10;1314;58701;1;51.67
2023-10-10;1314;20635;8;240.8
2023-10-10;1314;31330;2;132.04
2023-10-10;1314;13315;3;134.28
2023-10-10;1314;44217;3;125.31
2023-11-27;1314;62364;1;32.58
2023-11-27;1314;58701;1;51.67
2023-11-27;1314;20635;4;120.16
2023-11-27;1314;31330;5;329.05
2023-11-27;1314;13315;0;0
2023-11-27;1314;44217;3;125.31
2023-10-06;1314;62364;1;32.58
2023-11-08;1314;62364;1;32.58
2023-10-13;1314;62364;1;32.58
2023-10-14;1314;62364;1;32.58
2023-10-09;841;20635;2;46.74
2023-10-09;841;58701;1;42.86
2023-10-09;841;31330;1;51.5
2023-02-24;1314;62364;2;64.6
2023-11-11;1314;62364;1;32.58
2023-10-03;1314;20635;6;180.6
2023-10-03;1314;31330;2;132.04
2023-10-03;1314;13315;3;134.28
2023-10-03;1314;44217;3;125.31
2023-01-03;1314;62364;2;62.24
2023-10-05;1314;57912;1;12.61
2023-10-05;1314;62782;1;13.61
2023-10-05;1314;51957;1;12.3
2023-10-05;1314;15590;3;121.35
2023-10-05;1314;15589;9;265.41
2023-10-05;1314;21141;9;271.8
2023-10-05;1314;35416;3;44.76
2023-10-05;1314;48812;4;36.76
2023-10-05;1314;48813;5;37.05
2023-10-05;1314;18064;158;613.04
2023-10-05;1314;9607;16;211.04
2023-10-05;1314;1439;3;55.47
2023-10-05;1314;36857;8;25.12
2023-10-05;1314;5345;10;83.1
2023-01-09;1314;18064;195;758.55
2023-01-09;1314;9607;18;231.66
2023-01-09;1314;1439;1;18.4
2023-01-09;1314;36857;24;84.96
2023-01-09;1314;5345;2;16.08
2023-01-09;1314;13315;3;132.21
2023-01-09;1314;44217;2;78.6
2023-01-09;1314;58701;2;103.34
2023-01-09;1314;20635;6;178.02
2023-01-09;1314;31330;5;325.4
2023-01-30;1314;62364;1;31.12
2023-11-27;841;57912;1;8.32
2023-11-27;841;15590;1;31.08
2023-11-27;841;62782;3;21.03
2023-11-27;841;48812;1;5.98
2023-11-27;841;48813;3;14.97
2023-11-27;841;42076;1;8.56
2023-11-27;841;35772;3;35.79
2023-11-27;841;55917;1;9.01
2023-11-27;841;35416;1;10.74
2023-11-27;841;51957;2;11.42
2023-11-27;841;15589;3;72.27
2023-11-27;841;21141;3;70.41
2023-11-27;841;1439;2;30.2
2023-11-27;841;18064;9;20.25
2023-11-27;841;9607;6;48.66
2023-11-27;841;36857;2;3.6
2023-10-13;841;18064;28;63
2023-10-13;841;9607;4;32
2023-10-13;841;36857;4;7.2
2023-10-13;841;20635;2;46.74
2023-10-13;841;58701;1;42.86
2023-10-13;841;31330;1;51.5
2023-10-20;1314;57912;1;12.61
2023-10-20;1314;62782;1;13.61
2023-10-20;1314;51957;1;12.3
2023-10-20;1314;15590;3;121.35
2023-10-20;1314;15589;14;412.86
2023-10-20;1314;21141;9;271.35
2023-10-20;1314;35416;3;44.67
2023-10-20;1314;48812;4;36.76
2023-10-20;1314;48813;4;29.64
2023-11-27;841;20635;1;23.37
2023-11-27;841;58701;1;42.86
2023-11-27;841;31330;1;51.5
2023-01-11;1314;57912;1;10.84
2023-01-11;1314;51957;4;48.92
2023-01-11;1314;62782;0;0
2023-01-11;1314;15589;1;31.69
2023-01-11;1314;35416;5;49.5
2023-01-11;1314;21141;0;0
2023-01-11;1314;35772;0;0
2023-01-11;841;57912;1;8.62
2023-01-11;841;15590;1;31.08
2023-01-11;841;62782;2;11.96
2023-01-11;841;35416;1;5.79
2023-01-11;841;21141;0;0
2023-01-11;841;15589;2;52.02
2023-01-11;841;51957;5;29.45
2023-01-11;841;35772;0;0
2023-01-11;841;36857;1;2.27
2023-11-28;1314;62364;1;32.58
2023-10-21;1314;20635;7;210.7
2023-10-21;1314;31330;6;394.86
2023-10-21;1314;13315;3;134.28
2023-10-21;1314;44217;3;125.31
2023-10-21;1314;18064;169;657.41
2023-10-21;1314;9607;15;197.85
2023-10-21;1314;1439;0;0
2023-10-21;1314;36857;7;22.68
2023-10-21;1314;5345;9;74.79
2023-10-21;1314;58701;1;51.67
2023-10-17;1314;18064;157;610.73
2023-10-17;1314;9607;15;197.85
2023-10-17;1314;1439;1;18.92
2023-10-17;1314;36857;5;15.9
2023-10-17;1314;5345;9;74.79
2023-10-17;1314;58701;1;51.67
2023-10-17;1314;20635;7;210.7
2023-10-17;1314;31330;3;198.06
2023-10-17;1314;13315;3;134.28
2023-10-17;1314;44217;3;125.31
2023-02-01;1314;57912;0;0
2023-02-01;1314;62782;1;13.61
2023-02-01;1314;51957;4;48.92
2023-02-01;1314;15589;0;0
2023-02-01;1314;35416;5;49.5
2023-02-01;1314;21141;0;0
2023-02-01;1314;35772;0;0
2023-11-21;841;57912;1;8.32
2023-11-21;841;15590;1;31.08
2023-11-21;841;62782;3;21.03
2023-11-21;841;48812;1;5.98
2023-11-21;841;48813;3;14.97
2023-11-21;841;42076;1;8.56
2023-11-21;841;35772;3;35.79
2023-11-21;841;55917;1;9.01
2023-11-21;841;35416;1;10.74
2023-11-21;841;51957;2;11.42
2023-11-21;841;15589;3;72.27
2023-11-21;841;21141;3;70.41
2023-11-21;841;1439;2;30.2
2023-11-21;841;18064;6;13.5
2023-11-21;841;9607;6;48.66
2023-11-21;841;36857;2;3.6
2023-11-21;841;20635;1;23.37
2023-11-21;841;58701;1;42.86
2023-11-21;841;31330;1;51.5
2023-11-08;841;57912;1;8.32
2023-11-08;841;15590;1;31.08
2023-11-08;841;62782;3;21.03
2023-11-08;841;48812;1;5.98
2023-11-08;841;48813;3;14.97
2023-11-08;841;42076;1;8.56
2023-11-08;841;35772;3;35.79
2023-11-08;841;55917;1;9.01
2023-11-08;841;35416;1;10.74
2023-11-08;841;51957;2;11.42
2023-11-08;841;15589;4;96.36
2023-11-08;841;21141;3;69.12
2023-11-08;841;1439;2;30.2
2023-10-13;1314;57912;1;12.61
2023-10-13;1314;62782;1;13.61
2023-10-13;1314;51957;1;12.3
2023-10-13;1314;15590;3;121.35
2023-10-13;1314;15589;8;235.92
2023-10-13;1314;21141;6;181.2
2023-10-13;1314;35416;0;0
2023-10-13;1314;48812;4;36.76
2023-10-13;1314;48813;4;29.64
2023-10-27;1314;58701;1;51.67
2023-10-27;1314;20635;6;180.54
2023-10-27;1314;31330;6;394.86
2023-10-27;1314;13315;2;89.52
2023-10-27;1314;44217;4;167.08
2023-10-27;1314;35416;5;74.45
2023-10-27;1314;48812;3;27.57
2023-10-27;1314;48813;4;30.48
2023-10-27;1314;18064;162;630.18
2023-10-27;1314;9607;17;224.23
2023-10-27;1314;1439;2;37.84
2023-10-27;1314;36857;9;29.43
2023-10-27;1314;5345;11;91.41
2023-10-17;841;57912;1;8.32
2023-10-17;841;15590;1;31.08
2023-10-17;841;62782;3;21.03
2023-10-17;841;48812;1;5.98
2023-10-17;841;42076;1;8.56
2023-10-17;841;48813;3;14.97
2023-10-17;841;35416;1;10.74
2023-10-17;841;55917;1;9.01
2023-10-17;841;15589;6;144.54
2023-10-17;841;21141;2;44.8
2023-10-17;841;51957;2;11.42
2023-10-17;841;35772;3;35.79
2023-10-17;841;1439;2;30.2
2023-10-17;841;18064;31;69.75
2023-10-17;841;9607;5;40
2023-10-17;841;36857;4;7.2
2023-10-17;841;20635;2;46.74
2023-10-04;841;1439;2;30.2
2023-10-04;841;18064;10;22.5
2023-10-04;841;9607;4;32
2023-10-04;841;36857;4;6.84
2023-10-04;841;20635;2;46.74
2023-10-04;841;58701;1;42.86
2023-10-04;841;31330;1;51.5
2023-10-04;841;15590;1;31.08
2023-10-04;841;62782;3;21.03
2023-10-04;841;48812;1;5.98
2023-10-04;841;42076;1;8.56
2023-10-04;841;35416;1;10.74
2023-10-04;841;55917;1;9.01
2023-10-04;841;15589;3;72.36
2023-10-04;841;21141;3;67.2
2023-10-04;841;48813;3;14.97
2023-10-04;841;51957;3;17.13
2023-10-04;841;35772;3;35.79
2023-10-16;841;18064;31;69.75
2023-10-16;841;9607;5;40
2023-10-16;841;36857;4;7.2
2023-10-16;841;20635;2;46.74
2023-10-16;841;58701;1;42.86
2023-10-16;841;31330;1;51.5
2023-01-23;841;57912;1;8.62
2023-01-23;841;15590;1;31.08
2023-01-23;841;62782;2;11.96
2023-01-23;841;35416;1;5.79
2023-01-23;841;21141;0;0
2023-01-23;841;15589;2;52.3
2023-01-23;841;51957;5;29.45
2023-01-23;841;35772;0;0
2023-11-30;1314;18064;115;447.35
2023-11-30;1314;9607;15;200.1
2023-11-30;1314;1439;6;112.62
2023-11-30;1314;36857;5;16.7
2023-11-30;1314;5345;10;83.7
2023-11-30;1314;58701;1;51.67
2023-11-30;1314;20635;3;90.12
2023-11-30;1314;31330;5;329.05
2023-11-30;1314;13315;0;0
2023-11-30;1314;57912;1;12.61
2023-11-30;1314;62782;1;13.61
2023-11-30;1314;51957;1;12.37
2023-11-30;1314;21141;6;180.78
2023-11-30;1314;15589;15;442.35
2023-11-30;1314;35416;3;44.67
2023-11-30;1314;48812;4;39.64
2023-11-30;1314;48813;4;31.32
2023-11-30;1314;15590;3;121.35
2023-11-11;841;18064;11;24.75
2023-11-11;841;9607;6;48.48
2023-11-11;841;36857;3;5.4
2023-11-11;841;20635;1;23.37
2023-11-11;841;58701;1;42.86
2023-11-11;841;31330;1;51.5
2023-10-18;841;57912;1;8.32
2023-01-17;1314;62364;1;31.12
2023-10-24;841;1439;2;30.2
2023-10-24;841;18064;20;45
2023-10-24;841;9607;5;40
2023-10-24;841;36857;3;5.4
2023-10-24;841;20635;1;23.37
2023-10-24;841;58701;1;42.86
2023-10-24;841;31330;1;51.5
2023-10-24;841;57912;1;8.32
2023-10-24;841;15590;1;31.08
2023-10-24;841;62782;3;21.03
2023-10-24;841;48812;1;5.98
2023-10-24;841;42076;1;8.56
2023-10-24;841;48813;3;14.97
2023-10-24;841;35416;1;10.74
2023-10-24;841;55917;1;9.01
2023-10-24;841;15589;5;120.45
2023-10-24;841;21141;3;69.12
2023-10-24;841;51957;2;11.42
2023-10-24;841;35772;3;35.79
2023-11-01;1314;62364;1;32.58
2023-02-09;1314;13315;3;132.21
2023-02-09;1314;44217;2;78.6
2023-02-09;1314;58701;2;103.34
2023-02-09;1314;20635;6;178.02
2023-02-09;1314;31330;5;325.4
2023-02-09;1314;35772;0;0
2023-02-09;1314;18064;156;606.84
2023-02-09;1314;9607;20;257.4
2023-02-09;1314;1439;4;73.72
2023-02-09;1314;36857;19;67.26
2023-02-09;1314;5345;0;0
2023-12-20;1314;57814;2;307.24
2023-12-20;1314;48813;4;31.32
2023-12-20;1314;51957;1;12.37
2023-12-20;1314;21141;7;210.7
2023-12-20;1314;15589;8;235.92
2023-12-20;1314;35416;3;44.67
2023-12-20;1314;48812;4;39.64
2023-12-20;1314;15590;3;121.35
2023-12-20;1314;18064;138;536.82
2023-12-20;1314;9607;14;187.46
2023-12-20;1314;1439;4;75.08
2023-12-20;1314;36857;5;16.75
2023-12-20;1314;5345;12;100.68
2023-12-20;1314;58701;1;51.67
2023-12-20;1314;20635;8;240
2023-12-20;1314;31330;5;329.05
2023-12-20;1314;13315;0;0
2023-12-20;1314;44217;3;106.59
2023-02-25;1314;18064;125;486.25
2023-02-25;1314;9607;23;296.01
2023-02-25;1314;1439;6;110.94
2023-02-25;1314;36857;14;49.56
2023-02-25;1314;5345;1;8.04
2023-02-25;1314;13315;3;132.21
2023-02-25;1314;44217;2;78.82
2023-02-25;1314;58701;2;103.34
2023-02-25;1314;20635;6;178.02
2023-02-25;1314;31330;4;260.32
2023-11-09;841;57912;1;8.32
2023-11-09;841;15590;1;31.08
2023-11-09;841;62782;3;21.03
2023-11-09;841;48812;1;5.98
2023-11-09;841;48813;3;14.97
2023-11-09;841;42076;1;8.56
2023-11-09;841;35772;3;35.79
2023-11-09;841;55917;1;9.01
2023-11-09;841;35416;1;10.74
2023-11-09;841;51957;2;11.42
2023-11-09;841;15589;4;96.36
2023-11-09;841;21141;2;46.08
2023-11-09;841;1439;2;30.2
2023-11-09;841;18064;9;20.25
2023-11-09;841;9607;6;48.48
2023-11-09;841;36857;3;5.4
2023-11-09;841;20635;1;23.37
2023-11-09;841;58701;1;42.86
2023-11-09;841;31330;1;51.5
2023-11-03;1314;62364;1;32.58
2023-12-16;1314;62364;1;32.58
2023-10-23;841;57912;1;8.32
2023-10-23;841;15590;1;31.08
2023-10-23;841;62782;3;21.03
2023-10-23;841;48812;1;5.98
2023-10-23;841;42076;1;8.56
2023-10-23;841;48813;3;14.97
2023-10-23;841;35416;1;10.74
2023-10-23;841;55917;1;9.01
2023-10-23;841;15589;5;120.45
2023-10-23;841;21141;3;69.12
2023-10-23;841;51957;2;11.42
2023-10-23;841;35772;3;35.79
2023-10-23;841;1439;2;30.2
2023-11-30;841;1439;2;30.2
2023-11-30;841;18064;6;13.5
2023-11-30;841;9607;6;48.66
2023-11-30;841;36857;2;3.6
2023-11-30;841;20635;1;23.37
2023-11-30;841;58701;1;42.86
2023-11-30;841;31330;1;51.5
2023-01-13;841;18064;25;58.5
2023-01-13;841;9607;10;80
2023-01-13;841;5345;3;14.97
2023-01-13;841;1439;3;44.76
2023-01-13;841;31330;1;50.39
2023-01-13;841;58701;1;42.8
2023-01-13;841;20635;3;69.27
2023-11-24;1314;57912;1;12.61
2023-10-18;1314;57912;1;12.61
2023-10-18;1314;62782;1;13.61
2023-10-18;1314;51957;1;12.3
2023-10-18;1314;15590;3;121.35
2023-10-18;1314;15589;12;353.88
2023-10-18;1314;21141;8;241.28
2023-10-18;1314;35416;3;44.67
2023-10-18;1314;48812;4;36.76
2023-10-18;1314;48813;4;29.64
2023-10-18;1314;18064;157;610.73
2023-10-18;1314;9607;15;197.85
2023-10-18;1314;1439;1;18.92
2023-10-18;1314;36857;5;15.9
2023-10-18;1314;5345;9;74.79
2023-10-18;1314;58701;1;51.67
2023-10-18;1314;20635;7;210.7
2023-10-18;1314;31330;3;198.06
2023-10-18;1314;13315;3;134.28
2023-10-18;1314;44217;3;125.31
2023-03-01;841;15590;1;31.08
2023-03-01;841;62782;2;11.96
2023-03-01;841;35416;0;0
2023-03-01;841;21141;0;0
2023-03-01;841;51957;2;11.58
2023-03-01;841;15589;3;79.14
2023-03-01;841;35772;0;0
2023-03-01;841;1439;3;44.76
2023-03-01;841;18064;7;16.38
2023-03-01;841;9607;4;32
2023-03-01;841;5345;4;19.96
2023-03-01;841;57912;1;8.62
2023-01-24;841;57912;1;8.62
2023-01-24;841;15590;1;31.08
2023-01-24;841;62782;2;11.96
2023-01-24;841;35416;1;5.79
2023-01-24;841;21141;0;0
2023-01-24;841;15589;2;52.3
2023-01-24;841;51957;5;29.45
2023-01-24;841;35772;0;0
2023-10-09;1314;18064;136;527.68
2023-10-09;1314;9607;17;224.23
2023-10-09;1314;1439;0;0
2023-10-09;1314;36857;8;25.12
2023-10-09;1314;5345;10;83.1
2023-10-09;1314;58701;1;51.67
2023-10-09;1314;20635;8;240.8
2023-10-09;1314;31330;2;132.04
2023-10-09;1314;13315;3;134.28
2023-10-09;1314;44217;3;125.31
2023-10-09;1314;62364;1;32.58
2023-02-01;1314;62364;1;31.12
2023-10-24;1314;18064;185;719.65
2023-10-24;1314;9607;16;211.04
2023-10-24;1314;1439;1;18.92
2023-10-24;1314;36857;9;29.43
2023-10-24;1314;5345;11;91.41
2023-10-24;1314;58701;1;51.67
2023-10-24;1314;20635;8;240.72
2023-10-24;1314;31330;6;394.86
2023-10-24;1314;13315;2;89.52
2023-10-24;1314;44217;4;167.08
2023-01-23;1314;62364;1;31.12
2023-11-23;1314;1439;6;112.62
2023-11-23;1314;36857;4;13.28
2023-11-23;1314;5345;12;100.32
2023-11-23;1314;58701;1;51.67
2023-11-23;1314;20635;4;120.24
2023-11-23;1314;31330;6;394.86
2023-11-23;1314;13315;1;44.76
2023-11-23;1314;44217;3;125.31
2023-11-23;1314;62782;1;13.61
2023-11-23;1314;51957;1;12.37
2023-11-23;1314;15589;9;265.41
2023-11-23;1314;21141;6;180.78
2023-11-23;1314;35416;3;44.67
2023-11-23;1314;48812;3;27.57
2023-11-23;1314;48813;4;31.32
2023-11-23;1314;15590;3;121.35
2023-11-23;1314;18064;104;404.56
2023-11-23;1314;9607;15;199.95
2023-02-24;841;57912;1;8.62
2023-02-24;841;15590;1;31.08
2023-02-24;841;62782;2;11.96
2023-02-24;841;35416;1;5.79
2023-02-24;841;21141;1;24.43
2023-02-24;841;51957;2;11.66
2023-02-24;841;15589;3;79.14
2023-02-24;841;35772;0;0
2023-02-24;841;1439;3;44.76
2023-02-24;841;18064;8;18.72
2023-02-24;841;9607;1;8
2023-02-24;841;5345;2;9.98
2023-02-24;841;36857;2;-0.08
2023-01-17;1314;57912;1;10.84
2023-01-17;1314;51957;4;48.92
2023-01-17;1314;62782;0;0
2023-01-17;1314;15589;1;31.69
2023-01-17;1314;35416;5;49.5
2023-01-17;1314;21141;0;0
2023-01-17;1314;35772;0;0
2023-10-12;1314;62364;1;32.58
2023-11-28;841;57912;1;8.32
2023-11-28;841;15590;1;31.08
2023-11-28;841;62782;3;21.03
2023-11-28;841;48812;1;5.98
2023-11-28;841;48813;3;14.97
2023-11-28;841;42076;1;8.56
2023-11-28;841;35772;3;35.79
2023-11-28;841;55917;1;9.01
2023-11-28;841;35416;1;10.74
2023-11-28;841;51957;2;11.42
2023-11-28;841;15589;3;72.27
2023-11-28;841;21141;3;70.41
2023-11-28;841;1439;2;30.2
2023-11-28;841;18064;8;18
2023-11-28;841;9607;6;48.66
2023-11-28;841;36857;2;3.6
2023-11-28;841;20635;1;23.37
2023-11-28;841;58701;1;42.86
2023-11-28;841;31330;1;51.5
2023-10-04;1314;57912;1;12.61
2023-10-04;1314;62782;1;13.61
2023-10-04;1314;51957;1;12.3
2023-10-04;1314;15590;3;121.35
2023-10-04;1314;15589;9;265.41
2023-10-04;1314;21141;10;302
2023-10-04;1314;35416;3;44.76
2023-10-04;1314;48812;4;36.76
2023-10-04;1314;48813;5;37.05
2023-11-21;1314;57912;1;12.61
2023-11-21;1314;62782;1;13.61
2023-11-21;1314;51957;1;12.37
2023-11-21;1314;15589;6;176.94
2023-11-21;1314;21141;6;180.78
2023-11-21;1314;35416;4;59.56
2023-11-21;1314;48812;3;27.57
2023-11-21;1314;48813;3;22.86
2023-11-21;1314;15590;3;121.35
2023-11-21;1314;18064;84;326.76
2023-11-21;1314;9607;11;146.19
2023-11-21;1314;1439;6;112.62
2023-11-21;1314;36857;3;9.9
2023-11-21;1314;5345;11;91.85
2023-11-21;1314;58701;1;51.67
2023-11-21;1314;20635;4;120.24
2023-11-21;1314;31330;6;394.86
2023-11-21;1314;13315;1;44.76
2023-11-21;1314;44217;3;125.31
2023-10-30;1314;57912;1;12.61
2023-10-30;1314;62782;1;13.61
2023-10-30;1314;51957;0;0
2023-10-30;1314;15589;13;383.37
2023-10-30;1314;21141;9;271.17
2023-10-30;1314;35416;5;74.45
2023-10-30;1314;48812;3;27.57
2023-10-30;1314;48813;4;30.48
2023-10-30;1314;15590;2;80.9
2023-11-01;841;18064;16;36
2023-11-01;841;9607;4;32
2023-11-01;841;36857;3;5.4
2023-11-01;841;20635;1;23.37
2023-11-01;841;58701;1;42.86
2023-11-01;841;31330;1;51.5
2023-11-01;841;57912;1;8.32
2023-11-01;841;15590;1;31.08
2023-11-01;841;62782;3;21.03
2023-11-01;841;48812;1;5.98
2023-11-01;841;48813;3;14.97
2023-11-01;841;42076;1;8.56
2023-11-01;841;35772;3;35.79
2023-11-01;841;35416;1;10.74
2023-11-01;841;55917;1;9.01
2023-11-01;841;15589;4;96.36
2023-11-01;841;21141;3;69.12
2023-11-01;841;51957;2;11.42
2023-11-01;841;1439;2;30.2
2023-01-24;841;36857;1;2.27
2023-01-24;841;18064;8;18.72
2023-01-24;841;9607;8;64
2023-01-24;841;5345;2;9.98
2023-01-24;841;1439;3;44.76
2023-01-24;841;31330;1;50.39
2023-01-24;841;58701;1;42.8
2023-01-24;841;20635;3;69.27
2023-02-21;1314;62364;1;31.12
2023-11-27;1314;57912;1;12.61
2023-11-27;1314;62782;1;13.61
2023-11-27;1314;51957;1;12.37
2023-11-27;1314;15589;10;294.9
2023-11-27;1314;21141;6;180.78
2023-11-27;1314;35416;2;29.78
2023-11-27;1314;48812;3;27.57
2023-11-27;1314;48813;4;31.32
2023-11-27;1314;15590;3;121.35
2023-11-27;1314;18064;90;350.1
2023-11-27;1314;9607;15;200.1
2023-11-27;1314;1439;6;112.62
2023-11-27;1314;36857;4;13.28
2023-11-27;1314;5345;11;92.07
2023-03-14;1314;13315;2;88.14
2023-03-14;1314;44217;2;78.82
2023-03-14;1314;58701;1;51.67
2023-03-14;1314;20635;2;59.34
2023-03-14;1314;31330;4;260.32
2023-03-14;1314;35772;0;0
2023-03-14;1314;18064;118;459.02
2023-03-14;1314;9607;19;244.53
2023-03-14;1314;1439;5;92.45
2023-03-14;1314;36857;11;38.94
2023-03-14;1314;5345;1;8.04
2023-03-14;1314;57912;1;10.84
2023-03-14;1314;51957;2;24.46
2023-03-14;1314;15589;0;0
2023-03-14;1314;62782;1;13.61
2023-03-14;1314;35416;4;39.6
2023-03-14;1314;21141;0;0
2023-01-06;1314;18064;178;692.42
2023-01-06;1314;9607;17;218.79
2023-01-06;1314;1439;1;18.4
2023-01-06;1314;36857;24;84.96
2023-01-06;1314;5345;2;16.08
2023-01-06;1314;13315;3;132.21
2023-01-06;1314;44217;2;78.6
2023-01-06;1314;58701;2;103.34
2023-01-06;1314;20635;6;178.02
2023-01-06;1314;31330;5;325.4
2023-01-03;1314;1439;0;0
2023-01-03;1314;36857;24;84.96
2023-01-03;1314;5345;2;16.08
2023-01-03;1314;13315;3;132.21
2023-01-03;1314;44217;2;78.6
2023-01-03;1314;58701;2;103.34
2023-01-03;1314;20635;6;178.02
2023-01-03;1314;31330;5;325.4
2023-02-23;1314;62364;2;64.6
2023-10-26;1314;62364;1;32.58
2023-10-04;1314;62364;1;32.58
2023-10-04;1314;18064;149;578.12
2023-10-04;1314;9607;14;184.66
2023-10-04;1314;1439;3;55.47
2023-10-04;1314;36857;7;21.77
2023-10-04;1314;5345;9;74.79
2023-12-25;1314;57912;1;12.61
2023-12-25;1314;57814;2;307.24
2023-12-25;1314;48813;4;31.32
2023-12-25;1314;51957;1;12.37
2023-12-25;1314;21141;6;180.6
2023-12-25;1314;15589;8;235.92
2023-12-25;1314;35416;2;29.78
2023-12-25;1314;48812;4;39.64
2023-12-25;1314;15590;3;121.35
2023-12-25;1314;18064;90;350.1
2023-12-25;1314;9607;13;174.07
2023-12-25;1314;1439;2;37.54
2023-12-25;1314;36857;5;16.75
2023-12-25;1314;5345;11;92.29
2023-12-25;1314;58701;1;51.67
2023-12-25;1314;20635;7;210
2023-12-25;1314;31330;5;329.05
2023-12-25;1314;13315;1;38.69
2023-12-25;1314;44217;3;106.59
2023-11-23;1314;62364;1;32.58
2023-02-23;841;31330;1;50.39
2023-02-23;841;58701;1;42.8
2023-02-23;841;20635;3;69.66
2023-12-11;1314;57912;1;12.61
2023-12-11;1314;57814;1;153.62
2023-12-11;1314;51957;1;12.37
2023-12-11;1314;21141;4;120.52
2023-12-11;1314;15589;9;265.41
2023-12-11;1314;35416;1;14.89
2023-12-11;1314;48812;4;39.64
2023-12-11;1314;48813;4;31.32
2023-12-11;1314;15590;3;121.35
2023-03-02;1314;62364;2;64.6
2023-01-18;841;36857;1;2.27
2023-01-18;841;18064;21;49.14
2023-01-18;841;9607;9;72
2023-01-18;841;1439;3;44.76
2023-01-18;841;5345;2;9.98
2023-01-18;841;31330;1;50.39
2023-01-18;841;58701;1;42.8
2023-01-18;841;20635;3;69.27
2023-11-30;1314;62364;1;32.58
2023-11-08;1314;57912;1;12.61
2023-11-08;1314;62782;1;13.61
2023-11-08;1314;51957;1;12.37
2023-11-08;1314;15589;12;353.88
2023-11-08;1314;21141;9;271.17
2023-11-08;1314;35416;7;104.23
2023-11-08;1314;48812;3;27.57
2023-11-08;1314;48813;4;30.48
2023-11-08;1314;15590;3;121.35
2023-10-19;841;57912;1;8.32
2023-01-05;1314;62364;2;62.24
2023-01-05;841;18064;20;46.8
2023-01-05;841;9607;10;80
2023-01-05;841;5345;3;14.97
2023-01-05;841;1439;3;44.76
2023-01-05;841;31330;1;50.39
2023-01-05;841;58701;1;42.8
2023-01-05;841;20635;3;69.27
2023-10-31;1314;62364;1;32.58
2023-11-09;1314;62364;1;32.58
2023-12-09;1314;57912;1;12.61
2023-12-09;1314;57814;1;153.62
2023-12-09;1314;51957;1;12.37
2023-12-09;1314;21141;4;120.52
2023-12-09;1314;15589;11;324.39
2023-12-09;1314;35416;2;29.78
2023-12-09;1314;48812;4;39.64
2023-12-09;1314;48813;4;31.32
2023-12-09;1314;15590;3;121.35
2023-12-09;1314;18064;111;431.79
2023-12-09;1314;9607;11;146.96
2023-12-09;1314;1439;4;75.08
2023-12-09;1314;36857;6;20.1
2023-12-09;1314;5345;11;92.18
2023-12-09;1314;58701;1;51.67
2023-12-09;1314;20635;10;300
2023-12-09;1314;31330;5;329.05
2023-12-09;1314;13315;1;46.58
2023-12-09;1314;44217;2;83.56
2023-02-20;841;57912;1;8.62
2023-02-20;841;15590;1;31.08
2023-02-20;841;62782;2;11.96
2023-02-20;841;35416;1;5.79
2023-02-20;841;21141;1;24.43
2023-02-20;841;15589;3;79.14
2023-02-20;841;51957;2;11.7
2023-02-20;841;35772;0;0
2023-02-20;841;18064;10;23.4
2023-02-20;841;9607;4;32
2023-02-20;841;5345;3;14.97
2023-02-20;841;1439;3;44.76
2023-02-20;841;36857;2;-0.04
2023-10-30;1314;18064;143;556.27
2023-10-30;1314;9607;15;197.85
2023-10-30;1314;1439;2;37.84
2023-10-30;1314;36857;9;29.43
2023-10-30;1314;5345;11;91.41
2023-10-30;1314;58701;1;51.67
2023-10-30;1314;20635;6;180.54
2023-10-30;1314;31330;6;394.86
2023-10-30;1314;13315;2;89.52
2023-10-30;1314;44217;4;167.08
2023-10-21;1314;62364;1;32.58
2023-10-26;841;1439;2;30.2
2023-10-26;841;18064;20;45
2023-10-26;841;9607;5;40
2023-10-26;841;36857;3;5.4
2023-10-26;841;20635;1;23.37
2023-10-26;841;58701;1;42.86
2023-10-26;841;31330;1;51.5
2023-10-26;841;57912;1;8.32
2023-10-26;841;15590;1;31.08
2023-10-26;841;62782;3;21.03
2023-10-26;841;48812;1;5.98
2023-10-26;841;42076;1;8.56
2023-10-26;841;48813;3;14.97
2023-10-26;841;35416;1;10.74
2023-10-26;841;55917;1;9.01
2023-10-26;841;15589;5;120.45
2023-10-26;841;21141;3;69.12
2023-10-26;841;51957;2;11.42
2023-10-26;841;35772;3;35.79
2023-01-17;841;36857;1;2.27
2023-01-17;841;18064;21;49.14
2023-01-17;841;9607;9;72
2023-01-17;841;1439;3;44.76
2023-01-17;841;5345;2;9.98
2023-01-17;841;58701;1;42.8
2023-01-17;841;31330;1;50.39
2023-01-17;841;20635;3;69.27
2023-11-25;1314;57912;1;12.61
2023-11-25;1314;62782;1;13.61
2023-11-25;1314;51957;1;12.37
2023-11-25;1314;15589;10;294.9
2023-11-25;1314;21141;6;180.78
2023-11-25;1314;35416;3;44.67
2023-11-25;1314;48812;3;27.57
2023-11-25;1314;48813;4;31.32
2023-11-25;1314;15590;3;121.35
2023-11-25;1314;18064;111;431.79
2023-11-25;1314;9607;17;226.78
2023-11-25;1314;1439;6;112.62
2023-11-25;1314;36857;4;13.28
2023-11-25;1314;5345;13;108.81
2023-11-25;1314;58701;1;51.67
2023-11-25;1314;20635;4;120.16
2023-11-25;1314;31330;5;329.05
2023-11-25;1314;13315;0;0
2023-11-25;1314;44217;3;125.31
2023-10-13;1314;20635;8;240.8
2023-10-13;1314;31330;1;66.02
2023-10-13;1314;13315;3;134.28
2023-10-13;1314;44217;3;125.31
2023-10-13;1314;18064;131;508.28
2023-10-13;1314;9607;16;211.04
2023-10-13;1314;1439;0;0
2023-10-13;1314;36857;6;18.84
2023-10-13;1314;5345;12;99.72
2023-10-13;1314;58701;1;51.67
2023-10-13;841;57912;1;8.32
2023-10-13;841;15590;1;31.08
2023-10-13;841;62782;3;21.03
2023-10-13;841;48812;1;5.98
2023-10-13;841;42076;1;8.56
2023-10-13;841;48813;3;14.97
2023-10-13;841;35416;1;10.74
2023-10-13;841;55917;1;9.01
2023-10-13;841;15589;7;168.63
2023-10-13;841;21141;3;67.2
2023-10-13;841;51957;3;17.13
2023-10-13;841;35772;3;35.79
2023-10-13;841;1439;2;30.2
2023-11-29;841;18064;7;15.75
2023-11-29;841;9607;6;48.66
2023-11-29;841;36857;2;3.6
2023-11-29;841;20635;1;23.37
2023-11-29;841;58701;1;42.86
2023-11-29;841;31330;1;51.5
2023-01-09;1314;62364;1;31.12
2023-01-13;1314;51957;4;48.92
2023-01-13;1314;62782;0;0
2023-01-13;1314;15589;1;31.69
2023-01-13;1314;35416;5;49.5
2023-01-13;1314;21141;0;0
2023-01-13;1314;35772;0;0
2023-01-23;1314;57912;0;0
2023-01-23;1314;62782;0;0
2023-01-23;1314;51957;4;48.92
2023-01-23;1314;15589;0;0
2023-01-23;1314;35416;5;49.5
2023-01-23;1314;21141;1;31.14
2023-01-23;1314;35772;0;0
2023-12-18;1314;62364;1;32.58
2023-12-18;841;57912;1;8.32
2023-12-18;841;57814;3;356.28
2023-12-18;841;15590;2;64.1
2023-12-18;841;48812;1;5.98
2023-12-18;841;48813;3;14.97
2023-12-18;841;62782;3;21.03
2023-12-18;841;35772;2;23.86
2023-12-18;841;42076;5;40.7
2023-12-18;841;55917;1;9.01
2023-12-18;841;35416;1;10.74
2023-12-18;841;51957;2;11.42
2023-12-18;841;15589;3;72.24
2023-12-18;841;21141;3;71.28
2023-02-09;841;18064;1;2.34
2023-02-09;841;9607;3;24
2023-02-09;841;1439;3;44.76
2023-02-09;841;5345;5;24.95
2023-02-09;841;36857;0;0
2023-02-09;841;31330;1;50.39
2023-02-09;841;58701;1;42.8
2023-02-09;841;20635;2;46.18
2023-12-04;1314;18064;111;431.79
2023-12-04;1314;9607;13;173.42
2023-12-04;1314;1439;5;93.85
2023-12-04;1314;36857;6;20.1
2023-12-04;1314;5345;10;83.7
2023-12-04;1314;58701;1;51.67
2023-12-04;1314;20635;4;120.12
2023-12-04;1314;31330;5;329.05
2023-12-04;1314;13315;1;46.58
2023-12-04;1314;44217;1;41.77
2023-12-29;1314;57912;1;12.61
2023-12-29;1314;57814;2;307.24
2023-11-25;841;57912;1;8.32
2023-11-25;841;15590;1;31.08
2023-11-25;841;62782;3;21.03
2023-11-25;841;48812;1;5.98
2023-11-25;841;48813;3;14.97
2023-11-25;841;42076;1;8.56
2023-11-25;841;35772;3;35.79
2023-11-25;841;55917;1;9.01
2023-11-25;841;35416;1;10.74
2023-11-25;841;51957;2;11.42
2023-11-25;841;15589;3;72.27
2023-11-25;841;21141;3;70.41
2023-11-25;841;1439;2;30.2
2023-11-25;841;18064;11;24.75
2023-11-25;841;9607;6;48.66
2023-11-25;841;36857;2;3.6
2023-11-25;841;20635;1;23.37
2023-11-25;841;58701;1;42.86
2023-11-25;841;31330;1;51.5
2023-12-02;1314;62364;1;32.58
2023-12-28;1314;62364;1;32.58
2023-02-13;1314;1439;5;92.4
2023-02-13;1314;36857;19;67.26
2023-02-13;1314;5345;0;0
2023-02-13;1314;13315;3;132.21
2023-02-13;1314;44217;2;78.6
2023-02-13;1314;58701;2;103.34
2023-02-13;1314;20635;5;148.35
2023-02-13;1314;31330;5;325.4
2023-10-03;1314;57912;1;12.61
2023-10-03;1314;62782;1;13.61
2023-10-03;1314;51957;1;12.3
2023-10-03;1314;15590;3;121.35
2023-10-03;1314;15589;9;265.41
2023-10-03;1314;21141;10;302
2023-10-03;1314;35416;3;44.76
2023-10-03;1314;48812;2;18.26
2023-10-03;1314;48813;4;29.4
2023-10-03;1314;18064;126;488.88
2023-10-03;1314;9607;11;145.09
2023-10-03;1314;1439;3;55.47
2023-10-03;1314;36857;7;21.77
2023-10-03;1314;5345;8;66.48
2023-10-03;1314;58701;1;51.67
2023-12-07;841;62782;3;21.03
2023-12-07;841;42076;1;8.56
2023-12-07;841;35772;3;35.79
2023-12-07;841;55917;1;9.01
2023-12-07;841;35416;0;0
2023-12-07;841;51957;2;11.42
2023-12-07;841;15589;3;72.24
2023-12-07;841;21141;3;71.28
2023-12-07;841;1439;2;30.2
2023-12-07;841;18064;24;54
2023-12-07;841;9607;5;40.55
2023-12-07;841;57912;1;8.32
2023-12-07;841;57814;3;356.28
2023-12-07;841;15590;2;64.1
2023-12-07;841;48812;1;5.98
2023-12-07;841;48813;3;14.97
2023-01-17;1314;18064;211;820.79
2023-01-17;1314;9607;26;334.62
2023-01-17;1314;1439;6;110.4
2023-01-17;1314;36857;22;77.88
2023-01-17;1314;5345;2;16.08
2023-01-17;1314;13315;3;132.21
2023-01-17;1314;44217;2;78.6
2023-01-17;1314;58701;2;103.34
2023-01-17;1314;20635;7;207.69
2023-01-17;1314;31330;5;325.4
2023-01-09;841;57912;1;8.62
2023-01-09;841;15590;1;31.08
2023-01-09;841;62782;2;11.96
2023-01-09;841;35416;1;5.79
2023-01-09;841;21141;0;0
2023-01-09;841;15589;2;52.02
2023-01-09;841;51957;5;29.45
2023-01-09;841;35772;0;0
2023-11-15;841;18064;9;20.25
2023-11-15;841;9607;5;40.4
2023-11-15;841;36857;3;5.4
2023-11-15;841;20635;1;23.37
2023-11-15;841;58701;1;42.86
2023-11-15;841;31330;1;51.5
2023-11-15;841;57912;1;8.32
2023-11-15;841;15590;1;31.08
2023-11-15;841;62782;3;21.03
2023-11-15;841;48812;1;5.98
2023-11-15;841;48813;3;14.97
2023-11-15;841;42076;1;8.56
2023-11-15;841;35772;3;35.79
2023-11-15;841;55917;1;9.01
2023-11-15;841;35416;1;10.74
2023-11-15;841;51957;2;11.42
2023-11-15;841;15589;4;96.36
2023-11-15;841;21141;3;70.41
2023-11-15;841;1439;2;30.2
2023-12-13;1314;62364;1;32.58
2023-12-23;841;57912;1;8.32
2023-12-23;841;57814;3;356.28
2023-12-23;841;15590;2;64.1
2023-12-23;841;48812;1;5.98
2023-12-23;841;48813;3;14.97
2023-12-23;841;62782;3;21.03
2023-12-23;841;35772;1;11.93
2023-12-23;841;42076;5;40.7
2023-12-23;841;51957;2;11.42
2023-12-23;841;55917;1;9.01
2023-12-23;841;35416;1;10.74
2023-12-23;841;15589;4;96.32
2023-12-23;841;21141;3;71.28
2023-12-21;1314;57912;1;12.61
2023-12-21;1314;57814;2;307.24
2023-12-21;1314;48813;4;31.32
2023-12-21;1314;51957;1;12.37
2023-12-21;1314;21141;6;180.6
2023-12-21;1314;15589;8;235.92
2023-12-21;1314;35416;3;44.67
2023-12-21;1314;48812;4;39.64
2023-12-21;1314;15590;3;121.35
2023-12-21;1314;18064;115;447.35
2023-12-21;1314;9607;13;174.07
2023-12-21;1314;1439;4;75.08
2023-12-21;1314;36857;5;16.75
2023-12-21;1314;5345;11;92.29
2023-12-21;1314;58701;1;51.67
2023-12-21;1314;20635;8;240
2023-12-21;1314;31330;5;329.05
2023-12-21;1314;13315;0;0
2023-12-21;1314;44217;3;106.59
2023-02-01;841;18064;6;14.04
2023-02-01;841;9607;6;48
2023-02-01;841;5345;5;24.95
2023-02-01;841;1439;3;44.76
2023-02-01;841;36857;0;0
2023-02-01;841;31330;1;50.39
2023-02-01;841;58701;1;42.8
2023-02-01;841;20635;2;46.18
2023-02-01;1314;18064;157;610.73
2023-02-01;1314;9607;21;270.27
2023-02-01;1314;1439;3;55.2
2023-02-01;1314;36857;21;74.34
2023-02-01;1314;5345;2;16.08
2023-02-01;1314;13315;3;132.21
2023-02-01;1314;44217;2;78.6
2023-02-01;1314;58701;2;103.34
2023-02-01;1314;20635;7;207.69
2023-02-01;1314;31330;5;325.4
2023-02-02;841;31330;1;50.39
2023-02-02;841;58701;1;42.8
2023-02-02;841;20635;2;46.18
2023-02-02;841;18064;6;14.04
2023-02-02;841;9607;6;48
2023-02-02;841;5345;5;24.95
2023-02-02;841;1439;3;44.76
2023-02-02;841;36857;0;0
2023-11-28;1314;58701;1;51.67
2023-11-28;1314;20635;3;90.12
2023-11-28;1314;31330;5;329.05
2023-11-28;1314;13315;0;0
2023-11-28;1314;44217;3;125.31
2023-03-24;1314;62364;2;64.6
2023-12-29;1314;62364;1;32.58
2023-11-07;1314;57912;1;12.61
2023-11-07;1314;62782;1;13.61
2023-11-07;1314;51957;1;12.37
2023-11-07;1314;15589;13;383.37
2023-11-07;1314;21141;9;271.17
2023-11-07;1314;35416;7;104.23
2023-11-07;1314;48812;3;27.57
2023-11-07;1314;48813;4;30.48
2023-11-07;1314;15590;3;121.35
2023-11-07;1314;18064;100;389
2023-11-07;1314;9607;13;171.47
2023-11-07;1314;1439;1;18.92
2023-11-07;1314;36857;8;26.16
2023-11-07;1314;5345;11;91.41
2023-11-07;1314;58701;1;51.67
2023-11-07;1314;20635;7;210.42
2023-11-07;1314;31330;6;394.86
2023-11-07;1314;13315;2;89.52
2023-11-07;1314;44217;4;167.08
2023-11-30;841;57912;1;8.32
2023-11-30;841;15590;1;31.08
2023-11-30;841;48812;1;5.98
2023-11-30;841;48813;3;14.97
2023-11-30;841;62782;3;21.03
2023-11-30;841;42076;1;8.56
2023-11-30;841;35772;3;35.79
2023-11-30;841;55917;1;9.01
2023-11-30;841;35416;1;10.74
2023-11-30;841;51957;2;11.42
2023-11-30;841;15589;3;72.27
2023-11-30;841;21141;3;70.41
2023-12-04;1314;57912;1;12.61
2023-12-04;1314;51957;1;12.37
2023-12-04;1314;21141;5;150.65
2023-12-04;1314;15589;15;442.35
2023-12-04;1314;35416;2;29.78
2023-12-04;1314;48812;4;39.64
2023-12-04;1314;48813;4;31.32
2023-12-04;1314;15590;3;121.35
2023-02-01;841;57912;1;8.62
2023-02-01;841;15590;1;31.08
2023-02-01;841;62782;2;11.96
2023-02-01;841;35416;1;5.79
2023-02-01;841;21141;1;24.43
2023-02-01;841;15589;2;52.3
2023-02-01;841;51957;4;23.56
2023-02-01;841;35772;0;0
2023-12-12;841;57912;1;8.32
2023-12-12;841;57814;3;356.28
2023-12-12;841;15590;2;64.1
2023-12-12;841;48812;1;5.98
2023-12-12;841;48813;3;14.97
2023-12-12;841;62782;3;21.03
2023-12-12;841;42076;1;8.56
2023-12-12;841;35772;3;35.79
2023-12-12;841;55917;1;9.01
2023-12-12;841;35416;0;0
2023-12-12;841;51957;2;11.42
2023-12-12;841;15589;3;72.24
2023-12-12;841;21141;3;71.28
2023-12-12;841;1439;1;15.1
2023-12-12;841;18064;21;47.25
2023-12-12;841;9607;4;32.52
2023-12-12;841;36857;1;1.93
2023-12-12;841;20635;1;23.33
2023-12-12;841;58701;1;42.86
2023-12-12;841;31330;1;51.5
2023-02-16;841;57912;1;8.62
2023-02-16;841;15590;1;31.08
2023-02-16;841;62782;2;11.96
2023-02-16;841;35416;1;5.79
2023-02-16;841;21141;1;24.43
2023-02-16;841;15589;3;79.14
2023-02-16;841;51957;1;5.89
2023-02-16;841;35772;0;0
2023-02-16;841;18064;2;4.68
2023-02-16;841;9607;3;24
2023-02-16;841;1439;3;44.76
2023-02-16;841;5345;4;19.96
2023-02-16;841;36857;2;-0.04
2023-11-10;1314;57912;1;12.61
2023-11-10;1314;62782;1;13.61
2023-11-10;1314;51957;1;12.37
2023-11-10;1314;15589;11;324.39
2023-11-10;1314;21141;8;241.04
2023-11-10;1314;35416;6;89.34
2023-11-10;1314;48812;3;27.57
2023-11-10;1314;48813;4;30.48
2023-11-10;1314;15590;3;121.35
2023-11-10;1314;18064;122;474.58
2023-11-10;1314;9607;12;158.64
2023-11-10;1314;1439;1;18.92
2023-11-10;1314;36857;4;13.08
2023-11-10;1314;5345;11;91.52
2023-11-10;1314;58701;1;51.67
2023-11-10;1314;20635;6;180.36
2023-11-10;1314;31330;6;394.86
2023-11-10;1314;13315;2;89.52
2023-11-10;1314;44217;3;125.31
2023-12-05;841;57912;1;8.32
2023-12-05;841;15590;1;31.08
2023-12-05;841;48812;1;5.98
2023-12-05;841;48813;3;14.97
2023-12-05;841;62782;3;21.03
2023-12-05;841;42076;1;8.56
2023-12-05;841;35772;3;35.79
2023-12-05;841;55917;1;9.01
2023-12-05;841;35416;1;10.74
2023-12-05;841;51957;2;11.42
2023-12-05;841;15589;4;96.32
2023-12-05;841;21141;2;46.94
2023-12-05;841;1439;2;30.2
2023-12-05;841;18064;25;56.25
2023-12-05;841;9607;5;40.55
2023-12-05;841;36857;2;3.6
2023-12-05;841;20635;0;0
2023-12-05;841;58701;1;42.86
2023-12-05;841;31330;1;51.5
2023-12-05;1314;62364;1;32.58
2023-12-21;1314;62364;1;32.58
2023-11-23;1314;57912;1;12.61
2023-01-30;841;57912;1;8.62
2023-01-30;841;15590;1;31.08
2023-01-30;841;62782;2;11.96
2023-01-30;841;35416;1;5.79
2023-01-30;841;21141;0;0
2023-01-30;841;15589;2;52.3
2023-01-30;841;51957;4;23.56
2023-01-30;841;35772;0;0
2023-01-30;841;36857;0;0
2023-01-30;841;18064;1;2.34
2023-01-30;841;9607;7;56
2023-01-30;841;5345;5;24.95
2023-01-30;841;1439;3;44.76
2023-01-30;841;31330;1;50.39
2023-01-30;841;58701;1;42.8
2023-01-30;841;20635;2;46.18
2023-01-30;1314;1439;4;73.6
2023-01-30;1314;36857;22;77.88
2023-01-30;1314;5345;2;16.08
2023-01-30;1314;13315;3;132.21
2023-01-30;1314;44217;2;78.6
2023-01-30;1314;58701;2;103.34
2023-01-30;1314;20635;7;207.69
2023-01-30;1314;31330;5;325.4
2023-01-30;1314;35416;5;49.5
2023-01-30;1314;21141;0;0
2023-01-30;1314;35772;0;0
2023-01-30;1314;18064;143;556.27
2023-01-30;1314;9607;19;244.53
2023-10-09;841;57912;1;8.32
2023-10-09;841;15590;1;31.08
2023-10-09;841;62782;3;21.03
2023-10-09;841;48812;1;5.98
2023-10-09;841;42076;1;8.56
2023-10-09;841;35416;0;0
2023-10-09;841;48813;3;14.97
2023-10-09;841;55917;1;9.01
2023-10-09;841;15589;4;96.4
2023-10-09;841;21141;3;67.2
2023-10-09;841;51957;3;17.13
2023-10-09;841;35772;3;35.79
2023-10-09;841;1439;2;30.2
2023-10-09;841;18064;8;18
2023-10-09;841;9607;5;40
2023-10-09;841;36857;3;5.13
2023-10-09;1314;57912;1;12.61
2023-10-09;1314;62782;1;13.61
2023-10-09;1314;51957;1;12.3
2023-10-09;1314;15590;3;121.35
2023-10-09;1314;15589;9;265.41
2023-10-09;1314;21141;8;241.6
2023-10-09;1314;35416;2;29.84
2023-10-09;1314;48812;4;36.76
2023-10-09;1314;48813;4;29.64
2023-02-09;841;57912;1;8.62
2023-02-09;841;15590;1;31.08
2023-02-09;841;62782;2;11.96
2023-02-09;841;35416;1;5.79
2023-02-09;841;21141;0;0
2023-02-09;841;15589;1;26.15
2023-02-09;841;51957;3;17.67
2023-02-09;841;35772;0;0
2023-02-15;841;57912;1;8.62
2023-02-15;841;15590;1;31.08
2023-02-15;841;62782;2;11.96
2023-02-15;841;35416;1;5.79
2023-02-15;841;21141;1;24.43
2023-02-15;841;15589;3;79.14
2023-02-15;841;51957;1;5.89
2023-02-15;841;35772;0;0
2023-02-15;841;18064;5;11.7
2023-02-15;841;9607;3;24
2023-02-15;841;1439;3;44.76
2023-02-15;841;5345;4;19.96
2023-02-15;841;36857;3;-0.06
2023-02-21;841;57912;1;8.62
2023-02-21;841;15590;1;31.08
2023-02-21;841;62782;2;11.96
2023-02-21;841;35416;1;5.79
2023-02-21;841;21141;1;24.43
2023-02-21;841;51957;2;11.66
2023-02-21;841;15589;3;79.14
2023-02-21;841;35772;0;0
2023-02-21;841;1439;3;44.76
2023-02-21;841;18064;12;28.08
2023-02-21;841;9607;2;16
2023-02-21;841;5345;3;14.97
2023-02-21;841;36857;3;-0.12
2023-12-01;1314;57912;1;12.61
2023-12-01;1314;51957;1;12.37
2023-12-01;1314;21141;6;180.78
2023-12-01;1314;15589;15;442.35
2023-12-01;1314;35416;3;44.67
2023-12-01;1314;48812;4;39.64
2023-12-01;1314;48813;4;31.32
2023-12-01;1314;15590;3;121.35
2023-12-01;1314;18064;115;447.35
2023-12-01;1314;9607;15;200.1
2023-12-01;1314;1439;6;112.62
2023-12-01;1314;36857;5;16.7
2023-12-01;1314;5345;10;83.7
2023-12-01;1314;58701;1;51.67
2023-12-01;1314;20635;3;90.12
2023-12-01;1314;31330;5;329.05
2023-12-01;1314;13315;0;0
2023-12-01;1314;44217;3;125.31
2023-01-09;841;36857;1;2.27
2023-01-09;841;18064;26;60.84
2023-01-09;841;9607;10;80
2023-01-09;841;5345;3;14.97
2023-01-09;841;1439;3;44.76
2023-01-09;841;31330;1;50.39
2023-01-09;841;58701;1;42.8
2023-01-09;841;20635;3;69.27
2023-11-15;1314;62364;1;32.58
2023-12-21;841;20635;1;23.33
2023-12-21;841;58701;1;42.86
2023-12-21;841;31330;1;51.5
2023-12-21;841;51957;2;11.42
2023-12-21;841;55917;1;9.01
2023-12-21;841;35416;1;10.74
2023-12-21;841;15589;4;96.32
2023-12-21;841;21141;3;71.28
2023-12-21;841;1439;1;15.1
2023-12-21;841;18064;11;24.75
2023-12-21;841;9607;6;49.14
2023-12-21;841;36857;3;6.06
2023-12-30;1314;62364;1;32.58
2023-12-19;1314;18064;138;536.82
2023-12-19;1314;9607;14;187.46
2023-12-19;1314;1439;4;75.08
2023-12-19;1314;36857;5;16.75
2023-12-19;1314;5345;12;100.68
2023-12-19;1314;58701;1;51.67
2023-12-19;1314;20635;8;240
2023-12-19;1314;31330;5;329.05
2023-12-19;1314;13315;0;0
2023-12-19;1314;44217;3;106.59
2023-12-19;1314;57912;1;12.61
2023-12-19;1314;57814;2;307.24
2023-12-19;1314;48813;4;31.32
2023-12-19;1314;51957;1;12.37
2023-12-19;1314;21141;7;210.7
2023-12-19;1314;15589;8;235.92
2023-12-19;1314;35416;3;44.67
2023-12-19;1314;48812;4;39.64
2023-12-19;1314;15590;3;121.35
2023-11-04;1314;62364;1;32.58
2023-11-04;1314;57912;1;12.61
2023-11-16;841;57912;1;8.32
2023-11-16;841;15590;1;31.08
2023-11-16;841;62782;3;21.03
2023-11-16;841;48812;1;5.98
2023-11-16;841;48813;3;14.97
2023-11-16;841;42076;1;8.56
2023-11-16;841;35772;3;35.79
2023-11-16;841;55917;1;9.01
2023-11-16;841;35416;1;10.74
2023-11-16;841;51957;2;11.42
2023-11-16;841;15589;4;96.36
2023-11-16;841;21141;3;70.41
2023-11-16;841;1439;2;30.2
2023-11-16;841;18064;11;24.75
2023-11-16;841;9607;5;40.4
2023-11-16;841;36857;3;5.4
2023-11-16;841;20635;1;23.37
2023-11-16;841;58701;1;42.86
2023-11-16;841;31330;1;51.5
2023-11-28;1314;57912;1;12.61
2023-11-28;1314;62782;1;13.61
2023-11-28;1314;51957;1;12.37
2023-11-28;1314;15589;10;294.9
2023-11-28;1314;21141;6;180.78
2023-11-28;1314;35416;2;29.78
2023-11-28;1314;48812;3;27.57
2023-11-28;1314;48813;4;31.32
2023-11-28;1314;15590;3;121.35
2023-11-28;1314;18064;111;431.79
2023-11-28;1314;9607;15;200.1
2023-11-28;1314;1439;6;112.62
2023-11-28;1314;36857;5;16.65
2023-11-28;1314;5345;11;92.07
2023-02-23;841;57912;1;8.62
2023-02-23;841;15590;1;31.08
2023-02-23;841;62782;2;11.96
2023-02-23;841;35416;1;5.79
2023-02-23;841;21141;1;24.43
2023-02-23;841;51957;2;11.66
2023-02-23;841;15589;3;79.14
2023-02-23;841;35772;0;0
2023-02-23;841;1439;3;44.76
2023-02-23;841;18064;10;23.4
2023-02-23;841;9607;2;16
2023-02-23;841;5345;2;9.98
2023-02-23;841;36857;3;-0.12
2023-12-11;841;57912;1;8.32
2023-12-11;841;57814;3;356.28
2023-12-11;841;15590;2;64.1
2023-12-11;841;48812;1;5.98
2023-12-11;841;48813;3;14.97
2023-12-11;841;62782;3;21.03
2023-12-11;841;42076;1;8.56
2023-12-11;841;35772;3;35.79
2023-12-11;841;55917;1;9.01
2023-12-11;841;35416;0;0
2023-12-11;841;51957;2;11.42
2023-12-11;841;15589;3;72.24
2023-12-11;841;21141;3;71.28
2023-12-11;841;1439;1;15.1
2023-12-11;841;18064;21;47.25
2023-12-11;841;9607;4;32.52
2023-12-11;841;36857;1;1.93
2023-12-11;841;20635;1;23.33
2023-12-11;841;58701;1;42.86
2023-12-11;841;31330;1;51.5
2023-12-22;1314;62364;1;32.58
2023-12-14;1314;18064;114;443.46
2023-12-14;1314;9607;13;173.94
2023-12-14;1314;1439;4;75.08
2023-12-14;1314;36857;6;20.1
2023-12-14;1314;5345;11;92.18
2023-12-14;1314;58701;1;51.67
2023-12-14;1314;20635;10;300
2023-12-14;1314;31330;5;329.05
2023-12-14;1314;13315;1;46.58
2023-12-14;1314;44217;3;106.59
2023-02-03;1314;62364;1;31.12
2023-03-10;841;15590;1;31.08
2023-03-10;841;62782;2;11.96
2023-03-10;841;35416;1;5.79
2023-03-10;841;21141;2;48.86
2023-03-10;841;51957;4;23
2023-03-10;841;15589;3;79.14
2023-03-10;841;35772;0;0
2023-03-10;841;1439;3;44.76
2023-03-10;841;18064;15;35.1
2023-03-10;841;9607;4;32
2023-03-10;841;5345;5;24.95
2023-03-10;841;36857;3;2.22
2023-03-10;841;31330;1;50.39
2023-03-10;841;58701;1;42.8
2023-03-10;841;20635;3;69.66
2023-02-22;1314;1439;6;110.94
2023-02-22;1314;36857;16;56.64
2023-02-22;1314;5345;2;16.08
2023-02-22;1314;13315;3;132.21
2023-02-22;1314;44217;1;39.3
2023-02-22;1314;58701;2;103.34
2023-02-22;1314;20635;6;178.02
2023-02-22;1314;31330;5;325.4
2023-12-27;1314;62364;1;32.58
2023-12-19;1314;62364;1;32.58
2023-12-14;1314;62364;1;32.58
2023-12-29;1314;48813;4;31.32
2023-12-29;1314;51957;1;12.37
2023-12-29;1314;21141;6;180.6
2023-12-29;1314;15589;8;235.92
2023-12-29;1314;35416;2;29.78
2023-12-29;1314;48812;4;39.64
2023-12-29;1314;15590;3;121.35
2023-12-29;1314;18064;108;420.12
2023-12-29;1314;9607;14;187.46
2023-12-29;1314;1439;2;37.54
2023-12-29;1314;36857;5;16.75
2023-12-29;1314;5345;13;109.07
2023-12-29;1314;58701;1;51.67
2023-12-29;1314;20635;7;210
2023-12-29;1314;31330;5;329.05
2023-12-29;1314;13315;1;38.69
2023-12-29;1314;44217;3;106.59
2023-10-07;1314;57912;1;12.61
2023-10-07;1314;62782;1;13.61
2023-10-07;1314;51957;1;12.3
2023-10-07;1314;15590;3;121.35
2023-10-07;1314;15589;8;235.92
2023-10-07;1314;21141;9;271.8
2023-10-07;1314;35416;2;29.84
2023-10-07;1314;48812;4;36.76
2023-10-07;1314;48813;4;29.64
2023-11-18;841;57912;1;8.32
2023-11-18;841;15590;1;31.08
2023-02-23;1314;57912;0;0
2023-02-23;1314;51957;2;24.46
2023-02-23;1314;15589;0;0
2023-02-23;1314;62782;1;13.61
2023-02-23;1314;35416;3;29.7
2023-02-23;1314;21141;0;0
2023-02-23;1314;35772;0;0
2023-02-23;1314;18064;134;521.26
2023-02-23;1314;9607;24;308.88
2023-05-04;841;31330;2;103
2023-05-04;841;58701;1;42.8
2023-05-04;841;20635;2;46.44
2023-05-04;841;1439;3;45.3
2023-05-04;841;18064;91;204.75
2023-05-04;841;9607;3;24
2023-05-04;841;5345;5;24.95
2023-05-04;841;36857;4;6.2
2023-02-15;1314;62364;1;31.12
2023-11-04;1314;18064;148;575.72
2023-11-04;1314;9607;16;211.04
2023-11-04;1314;1439;2;37.84
2023-11-04;1314;36857;9;29.43
2023-11-04;1314;5345;12;99.72
2023-11-04;1314;58701;1;51.67
2023-11-04;1314;20635;8;240.48
2023-11-04;1314;31330;6;394.86
2023-11-04;1314;13315;2;89.52
2023-11-04;1314;44217;4;167.08
2023-11-04;1314;62782;1;13.61
2023-11-04;1314;51957;1;12.37
2023-11-04;1314;15589;13;383.37
2023-11-04;1314;21141;9;271.17
2023-11-04;1314;35416;7;104.23
2023-11-04;1314;48812;3;27.57
2023-11-04;1314;48813;4;30.48
2023-11-04;1314;15590;3;121.35
2023-03-29;841;15590;1;31.08
2023-03-29;841;62782;2;11.96
2023-03-29;841;48812;1;5.98
2023-03-29;841;48813;0;0
2023-03-29;841;55917;1;8.53
2023-03-29;841;35416;1;5.79
2023-03-29;841;21141;0;0
2023-03-29;841;51957;4;23
2023-03-29;841;15589;3;79.38
2023-03-29;841;35772;0;0
2023-03-29;841;18064;11;25.19
2023-03-29;841;9607;4;32
2023-03-29;841;5345;5;24.95
2023-03-29;841;1439;2;29.84
2023-03-29;841;36857;2;1.48
2023-03-29;841;31330;1;50.39
2023-03-29;841;58701;1;42.8
2023-03-29;841;20635;3;69.66
2023-02-18;841;18064;14;32.76
2023-02-18;841;9607;4;32
2023-02-18;841;5345;4;19.96
2023-02-18;841;1439;3;44.76
2023-02-18;841;36857;2;-0.04
2023-02-18;841;57912;1;8.62
2023-02-18;841;15590;1;31.08
2023-02-18;841;62782;2;11.96
2023-02-18;841;35416;1;5.79
2023-02-18;841;21141;1;24.43
2023-02-18;841;15589;3;79.14
2023-02-18;841;51957;2;11.7
2023-02-18;841;35772;0;0
2023-02-07;1314;62364;1;31.12
2023-03-29;1314;62364;2;64.6
2023-03-23;1314;62364;2;64.6
2023-05-12;1314;62364;1;32.3
2023-11-03;1314;57912;1;12.61
2023-02-15;1314;18064;98;381.22
2023-02-15;1314;9607;20;257.4
2023-02-15;1314;1439;5;92.4
2023-02-15;1314;36857;19;67.26
2023-02-15;1314;5345;0;0
2023-02-15;1314;13315;3;132.21
2023-02-15;1314;44217;1;39.3
2023-02-15;1314;58701;2;103.34
2023-02-15;1314;20635;5;148.35
2023-02-15;1314;31330;5;325.4
2023-02-16;1314;13315;3;132.21
2023-02-16;1314;44217;1;39.3
2023-02-16;1314;58701;2;103.34
2023-02-16;1314;20635;4;118.68
2023-02-16;1314;31330;5;325.4
2023-02-24;1314;57912;0;0
2023-02-24;1314;51957;2;24.46
2023-02-24;1314;15589;0;0
2023-02-24;1314;62782;1;13.61
2023-02-24;1314;35416;3;29.7
2023-02-24;1314;21141;0;0
2023-02-24;1314;35772;0;0
2023-11-18;1314;62364;1;32.58
2023-02-18;1314;57912;0;0
2023-02-18;1314;51957;2;24.46
2023-02-18;1314;15589;1;31.75
2023-02-18;1314;62782;1;13.61
2023-02-18;1314;35416;5;49.5
2023-02-18;1314;21141;1;29.59
2023-02-18;1314;35772;0;0
2023-02-18;1314;18064;98;381.22
2023-02-18;1314;9607;22;283.14
2023-02-18;1314;1439;5;92.4
2023-02-18;1314;36857;18;63.72
2023-02-18;1314;5345;2;16.08
2023-03-11;1314;57912;1;10.84
2023-03-11;1314;51957;2;24.46
2023-03-11;1314;15589;1;31.75
2023-03-11;1314;62782;1;13.61
2023-03-11;1314;35416;4;39.6
2023-03-11;1314;21141;0;0
2023-03-11;1314;35772;0;0
2023-03-11;1314;18064;141;548.49
2023-03-11;1314;9607;22;283.14
2023-03-11;1314;1439;5;92.45
2023-03-11;1314;36857;11;38.94
2023-03-11;1314;5345;1;8.04
2023-03-11;1314;13315;2;88.14
2023-03-11;1314;44217;2;78.82
2023-03-11;1314;58701;1;51.67
2023-03-11;1314;20635;4;118.68
2023-03-11;1314;31330;4;260.32
2023-04-14;841;15590;1;31.08
2023-04-14;841;62782;2;11.96
2023-04-14;841;48812;1;5.98
2023-04-14;841;31330;1;50.39
2023-04-14;841;58701;1;42.8
2023-04-14;841;20635;3;69.66
2023-04-14;841;55917;0;0
2023-04-14;841;48813;1;4.99
2023-04-14;841;35416;1;5.79
2023-04-14;841;21141;1;25.63
2023-04-14;841;51957;4;23
2023-04-14;841;15589;1;26.49
2023-04-14;841;35772;0;0
2023-04-14;841;18064;7;15.75
2023-04-14;841;9607;2;16
2023-04-14;841;5345;3;14.97
2023-04-14;841;36857;1;1.06
2023-04-14;841;1439;3;45.3
2023-02-06;1314;13315;3;132.21
2023-02-06;1314;44217;2;78.6
2023-02-06;1314;58701;2;103.34
2023-02-06;1314;20635;6;178.02
2023-02-06;1314;31330;5;325.4
2023-11-24;841;57912;1;8.32
2023-11-24;841;15590;1;31.08
2023-11-24;841;62782;3;21.03
2023-11-24;841;48812;1;5.98
2023-11-24;841;48813;3;14.97
2023-11-24;841;42076;1;8.56
2023-11-24;841;35772;3;35.79
2023-11-24;841;55917;1;9.01
2023-11-24;841;35416;1;10.74
2023-11-24;841;51957;2;11.42
2023-11-24;841;15589;3;72.27
2023-11-24;841;21141;3;70.41
2023-11-24;841;1439;2;30.2
2023-11-24;841;18064;12;27
2023-11-24;841;9607;6;48.66
2023-11-24;841;36857;2;3.6
2023-11-24;841;20635;1;23.37
2023-11-24;841;58701;1;42.86
2023-11-24;841;31330;1;51.5
2023-11-23;841;57912;1;8.32
2023-11-23;841;15590;1;31.08
2023-11-23;841;62782;3;21.03
2023-11-23;841;48812;1;5.98
2023-11-23;841;48813;3;14.97
2023-11-23;841;42076;1;8.56
2023-11-23;841;35772;3;35.79
2023-11-23;841;55917;1;9.01
2023-11-23;841;20635;1;23.37
2023-11-23;841;58701;1;42.86
2023-11-23;841;31330;1;51.5
2023-11-23;841;35416;1;10.74
2023-11-23;841;51957;2;11.42
2023-11-23;841;15589;3;72.27
2023-11-23;841;21141;3;70.41
2023-11-23;841;1439;2;30.2
2023-11-23;841;18064;13;29.25
2023-11-23;841;9607;6;48.66
2023-11-23;841;36857;2;3.6
2023-10-07;1314;18064;135;523.8
2023-10-07;1314;9607;15;197.85
2023-10-07;1314;1439;0;0
2023-10-07;1314;36857;8;25.12
2023-10-07;1314;5345;10;83.1
2023-10-07;1314;58701;1;51.67
2023-10-07;1314;20635;7;210.7
2023-10-07;1314;31330;2;132.04
2023-10-07;1314;13315;3;134.28
2023-10-07;1314;44217;3;125.31
2023-02-14;841;31330;1;50.39
2023-02-14;841;58701;1;42.8
2023-02-14;841;20635;3;69.66
2023-03-29;1314;57912;5;58.05
2023-03-29;1314;51957;1;12.23
2023-03-29;1314;15589;2;63.5
2023-03-29;1314;62782;1;13.61
2023-03-29;1314;48813;0;0
2023-03-29;1314;35416;2;19.8
2023-03-29;1314;21141;1;29.59
2023-03-29;1314;48812;1;7.17
2023-03-29;1314;35772;0;0
2023-03-29;1314;18064;250;962.5
2023-03-29;1314;9607;24;308.88
2023-03-29;1314;1439;5;92.5
2023-03-29;1314;36857;7;22.82
2023-03-29;1314;5345;1;8.04
2023-03-29;1314;13315;2;88.14
2023-03-29;1314;44217;2;78.82
2023-03-29;1314;58701;1;51.67
2023-03-29;1314;20635;6;178.02
2023-03-29;1314;31330;1;65.08
2023-12-01;1314;62364;1;32.58
2023-12-16;1314;57912;1;12.61
2023-12-16;1314;57814;2;307.24
2023-12-16;1314;48813;4;31.32
2023-12-16;1314;51957;1;12.37
2023-12-16;1314;21141;5;150.6
2023-12-16;1314;15589;6;176.94
2023-12-16;1314;35416;2;29.78
2023-12-16;1314;48812;4;39.64
2023-12-16;1314;15590;3;121.35
2023-12-16;1314;18064;117;455.13
2023-12-16;1314;9607;13;173.94
2023-12-16;1314;1439;4;75.08
2023-12-16;1314;36857;6;20.1
2023-12-16;1314;5345;13;109.07
2023-12-16;1314;58701;1;51.67
2023-12-16;1314;20635;9;270
2023-12-16;1314;31330;5;329.05
2023-12-16;1314;13315;0;0
2023-12-16;1314;44217;3;106.59
2023-12-19;841;1439;1;15.1
2023-12-19;841;18064;10;22.5
2023-12-19;841;9607;4;32.68
2023-12-19;841;36857;3;6.06
2023-12-19;841;20635;1;23.33
2023-12-19;841;58701;1;42.86
2023-12-19;841;31330;1;51.5
2023-12-19;841;57912;1;8.32
2023-12-19;841;57814;3;356.28
2023-12-19;841;15590;2;64.1
2023-12-19;841;48812;1;5.98
2023-12-19;841;48813;3;14.97
2023-12-19;841;62782;3;21.03
2023-12-19;841;35772;1;11.93
2023-12-19;841;42076;5;40.7
2023-12-19;841;51957;2;11.42
2023-12-19;841;55917;1;9.01
2023-12-19;841;35416;1;10.74
2023-12-19;841;15589;4;96.32
2023-12-19;841;21141;3;71.28
2023-12-08;841;57912;1;8.32
2023-12-08;841;57814;3;356.28
2023-12-08;841;15590;2;64.1
2023-12-08;841;48812;1;5.98
2023-12-08;841;48813;3;14.97
2023-12-08;841;62782;3;21.03
2023-12-08;841;42076;1;8.56
2023-12-08;841;35772;3;35.79
2023-12-08;841;55917;1;9.01
2023-12-08;841;35416;0;0
2023-12-08;841;51957;2;11.42
2023-12-08;841;15589;3;72.24
2023-12-08;841;21141;3;71.28
2023-12-08;841;1439;1;15.1
2023-12-08;841;18064;22;49.5
2023-12-08;841;9607;5;40.55
2023-12-08;841;36857;2;3.6
2023-12-08;841;20635;0;0
2023-12-08;841;58701;1;42.86
2023-12-08;841;31330;1;51.5
2023-01-30;1314;57912;0;0
2023-01-30;1314;62782;0;0
2023-01-30;1314;51957;4;48.92
2023-01-30;1314;15589;0;0
2023-10-26;1314;57912;1;12.61
2023-10-26;1314;62782;1;13.61
2023-10-26;1314;51957;1;12.3
2023-10-26;1314;15590;2;80.9
2023-10-26;1314;15589;13;383.37
2023-10-26;1314;21141;9;271.17
2023-10-26;1314;35416;5;74.45
2023-10-26;1314;48812;3;27.57
2023-10-26;1314;48813;4;30.48
2023-10-26;1314;18064;168;653.52
2023-10-26;1314;9607;18;237.42
2023-10-26;1314;1439;2;37.84
2023-10-26;1314;36857;9;29.43
2023-10-26;1314;5345;11;91.41
2023-10-26;1314;58701;1;51.67
2023-10-26;1314;20635;6;180.54
2023-10-26;1314;31330;6;394.86
2023-10-26;1314;13315;2;89.52
2023-10-26;1314;44217;4;167.08
2023-02-07;841;57912;1;8.62
2023-02-07;841;15590;1;31.08
2023-02-07;841;62782;2;11.96
2023-02-07;841;35416;1;5.79
2023-02-07;841;21141;0;0
2023-02-07;841;15589;1;26.15
2023-02-07;841;51957;4;23.56
2023-02-07;841;35772;0;0
2023-12-13;1314;57912;1;12.61
2023-12-13;1314;57814;1;153.62
2023-12-13;1314;51957;1;12.37
2023-12-13;1314;21141;5;150.6
2023-12-13;1314;15589;8;235.92
2023-12-13;1314;35416;1;14.89
2023-12-13;1314;48812;4;39.64
2023-12-13;1314;48813;4;31.32
2023-12-13;1314;15590;3;121.35
2023-12-13;1314;20635;10;300
2023-12-13;1314;31330;5;329.05
2023-12-13;1314;13315;1;46.58
2023-12-13;1314;44217;3;106.59
2023-12-13;1314;18064;121;470.69
2023-12-13;1314;9607;13;173.94
2023-12-13;1314;1439;4;75.08
2023-12-13;1314;36857;6;20.1
2023-12-13;1314;5345;11;92.18
2023-12-13;1314;58701;1;51.67
2023-01-03;841;57912;1;8.62
2023-01-03;841;15590;1;31.08
2023-01-03;841;62782;2;11.96
2023-01-03;841;35416;1;5.79
2023-01-03;841;21141;1;25.98
2023-01-03;841;15589;2;51.16
2023-01-03;841;51957;5;29.45
2023-01-03;841;35772;0;0
2023-01-03;841;36857;1;2.27
2023-11-07;1314;62364;1;32.58
2023-12-25;1314;62364;1;32.58
2023-02-21;1314;57912;0;0
2023-02-21;1314;51957;2;24.46
2023-02-21;1314;15589;0;0
2023-02-21;1314;62782;1;13.61
2023-02-21;1314;35416;3;29.7
2023-02-21;1314;21141;1;29.59
2023-02-21;1314;35772;0;0
2023-02-21;1314;18064;97;377.33
2023-02-21;1314;9607;21;270.27
2023-12-07;1314;62364;1;32.58
2023-12-14;1314;57912;1;12.61
2023-12-14;1314;57814;1;153.62
2023-12-14;1314;51957;1;12.37
2023-12-14;1314;21141;5;150.6
2023-12-14;1314;15589;8;235.92
2023-12-14;1314;35416;1;14.89
2023-12-14;1314;48812;4;39.64
2023-12-14;1314;48813;4;31.32
2023-12-14;1314;15590;3;121.35
2023-11-11;1314;57912;1;12.61
2023-11-11;1314;62782;1;13.61
2023-11-11;1314;51957;1;12.37
2023-11-11;1314;15589;11;324.39
2023-11-11;1314;21141;8;241.04
2023-11-11;1314;35416;6;89.34
2023-11-11;1314;48812;3;27.57
2023-11-11;1314;48813;4;30.48
2023-11-11;1314;15590;3;121.35
2023-11-11;1314;18064;120;466.8
2023-11-11;1314;9607;12;158.64
2023-11-11;1314;1439;5;93.9
2023-11-11;1314;36857;4;13.08
2023-11-11;1314;5345;10;83.2
2023-11-11;1314;58701;1;51.67
2023-11-11;1314;20635;6;180.36
2023-11-11;1314;31330;6;394.86
2023-11-11;1314;13315;1;44.76
2023-11-11;1314;44217;3;125.31
2023-12-25;841;57912;1;8.32
2023-12-25;841;57814;3;356.28
2023-12-25;841;15590;2;64.1
2023-12-25;841;48812;1;5.98
2023-12-25;841;48813;3;14.97
2023-12-25;841;62782;3;21.03
2023-12-25;841;35772;1;11.93
2023-12-25;841;42076;5;40.7
2023-12-25;841;51957;2;11.42
2023-12-25;841;55917;1;9.01
2023-12-25;841;35416;1;10.74
2023-12-25;841;15589;4;96.32
2023-12-25;841;21141;3;71.28
2023-12-25;841;1439;1;15.1
2023-12-25;841;18064;6;13.5
2023-12-25;841;9607;6;49.14
2023-12-25;841;5345;1;5.21
2023-12-25;841;36857;3;6.06
2023-12-25;841;20635;1;23.33
2023-12-25;841;58701;1;42.86
2023-12-25;841;31330;1;51.5
2023-01-13;1314;18064;195;758.55
2023-01-13;1314;9607;20;257.4
2023-01-13;1314;1439;6;110.4
2023-01-13;1314;36857;22;77.88
2023-01-13;1314;5345;2;16.08
2023-01-13;1314;13315;3;132.21
2023-01-13;1314;44217;2;78.6
2023-01-13;1314;58701;2;103.34
2023-01-13;1314;20635;7;207.69
2023-01-13;1314;31330;5;325.4
2023-12-14;841;1439;1;15.1
2023-12-14;841;18064;17;38.25
2023-12-14;841;9607;6;49.02
2023-12-14;841;36857;3;6.06
2023-12-14;841;20635;1;23.33
2023-12-14;841;58701;1;42.86
2023-12-14;841;31330;1;51.5
2023-02-14;1314;62364;1;31.12
2023-02-14;1314;18064;113;439.57
2023-02-14;1314;9607;21;270.27
2023-02-14;1314;1439;5;92.4
2023-02-14;1314;36857;19;67.26
2023-02-14;1314;5345;0;0
2023-02-14;1314;13315;3;132.21
2023-02-14;1314;44217;2;78.6
2023-02-14;1314;58701;2;103.34
2023-02-14;1314;20635;5;148.35
2023-02-14;1314;31330;5;325.4
2023-12-30;1314;57912;1;12.61
2023-12-30;1314;57814;2;307.24
2023-12-30;1314;48813;4;31.32
2023-12-30;1314;51957;1;12.37
2023-12-30;1314;21141;5;150.5
2023-12-30;1314;15589;8;235.92
2023-12-30;1314;35416;2;29.78
2023-12-30;1314;48812;4;39.64
2023-12-30;1314;15590;3;121.35
2023-12-30;1314;18064;109;424.01
2023-12-30;1314;9607;15;200.85
2023-12-30;1314;1439;4;74.04
2023-12-30;1314;36857;4;13.4
2023-12-30;1314;5345;13;109.07
2023-12-30;1314;58701;1;51.67
2023-12-30;1314;20635;7;210
2023-12-30;1314;31330;5;329.05
2023-12-30;1314;13315;1;38.69
2023-12-30;1314;44217;3;106.59
2023-03-20;1314;62364;2;64.6
2023-10-03;1314;62364;1;32.58
2023-11-25;1314;62364;1;32.58
2023-12-13;841;57912;1;8.32
2023-12-13;841;57814;3;356.28
2023-12-13;841;15590;2;64.1
2023-12-13;841;48812;1;5.98
2023-12-13;841;48813;3;14.97
2023-12-13;841;62782;3;21.03
2023-12-13;841;35772;3;35.79
2023-12-13;841;42076;1;8.56
2023-12-13;841;55917;1;9.01
2023-12-13;841;35416;0;0
2023-12-13;841;51957;2;11.42
2023-12-13;841;15589;3;72.24
2023-12-13;841;21141;3;71.28
2023-12-13;841;1439;1;15.1
2023-12-13;841;18064;19;42.75
2023-12-13;841;9607;4;32.52
2023-12-13;841;36857;1;1.93
2023-12-13;841;20635;1;23.33
2023-12-13;841;58701;1;42.86
2023-12-13;841;31330;1;51.5
2023-11-03;841;15590;1;31.08
2023-11-03;841;62782;3;21.03
2023-11-03;841;48812;1;5.98
2023-11-03;841;48813;3;14.97
2023-11-03;841;42076;1;8.56
2023-11-03;841;35772;3;35.79
2023-11-03;841;35416;1;10.74
2023-11-03;841;55917;1;9.01
2023-11-03;841;15589;4;96.36
2023-11-03;841;21141;3;69.12
2023-11-03;841;51957;2;11.42
2023-11-03;841;1439;2;30.2
2023-11-03;841;18064;14;31.5
2023-11-03;841;9607;4;32
2023-11-03;841;36857;3;5.4
2023-11-03;841;57912;1;8.32
2023-11-03;841;20635;1;23.37
2023-11-03;841;58701;1;42.86
2023-11-03;841;31330;1;51.5
2023-02-28;1314;57912;0;0
2023-02-28;1314;51957;2;24.46
2023-02-28;1314;15589;0;0
2023-02-28;1314;62782;1;13.61
2023-02-28;1314;35416;2;19.8
2023-02-28;1314;21141;0;0
2023-02-28;1314;35772;0;0
2023-02-14;1314;57912;1;10.84
2023-02-14;1314;51957;4;48.92
2023-02-14;1314;15589;1;31.75
2023-02-14;1314;62782;1;13.61
2023-02-14;1314;35416;4;39.6
2023-02-14;1314;21141;1;29.59
2023-02-14;1314;35772;0;0
2023-11-02;841;57912;1;8.32
2023-11-02;841;15590;1;31.08
2023-11-02;841;62782;3;21.03
2023-11-02;841;48812;1;5.98
2023-11-02;841;48813;3;14.97
2023-11-02;841;42076;1;8.56
2023-11-02;841;35772;3;35.79
2023-11-02;841;35416;1;10.74
2023-11-02;841;55917;1;9.01
2023-11-02;841;15589;4;96.36
2023-11-02;841;21141;3;69.12
2023-11-02;841;51957;2;11.42
2023-11-02;841;1439;2;30.2
2023-11-02;841;18064;14;31.5
2023-11-02;841;9607;4;32
2023-11-02;841;36857;3;5.4
2023-11-02;841;20635;1;23.37
2023-11-02;841;58701;1;42.86
2023-11-02;841;31330;1;51.5
2023-11-17;841;18064;7;15.75
2023-11-17;841;9607;5;40.4
2023-11-17;841;36857;3;5.4
2023-11-17;841;20635;1;23.37
2023-11-17;841;58701;1;42.86
2023-11-17;841;31330;1;51.5
2023-11-17;841;57912;1;8.32
2023-11-17;841;15590;1;31.08
2023-11-17;841;62782;3;21.03
2023-11-17;841;48812;1;5.98
2023-11-17;841;48813;3;14.97
2023-11-17;841;42076;1;8.56
2023-11-17;841;35772;3;35.79
2023-11-17;841;55917;1;9.01
2023-11-17;841;35416;1;10.74
2023-11-17;841;51957;2;11.42
2023-11-17;841;15589;3;72.27
2023-11-17;841;21141;3;70.41
2023-11-17;841;1439;2;30.2
2023-03-27;841;31330;1;50.39
2023-03-27;841;58701;1;42.8
2023-03-27;841;20635;3;69.66
2023-03-27;841;15590;1;31.08
2023-03-27;841;62782;2;11.96
2023-03-27;841;48812;1;5.98
2023-03-27;841;48813;0;0
2023-03-27;841;55917;1;8.53
2023-03-27;841;35416;1;5.79
2023-03-27;841;21141;1;24.43
2023-03-27;841;51957;4;23
2023-03-27;841;15589;3;79.38
2023-03-27;841;35772;0;0
2023-03-27;841;1439;2;29.84
2023-03-27;841;18064;16;36.64
2023-03-27;841;9607;4;32
2023-03-27;841;5345;5;24.95
2023-03-27;841;36857;3;2.22
2023-05-26;1314;57912;10;116.1
2023-05-26;1314;62782;1;13.61
2023-05-26;1314;51957;2;24.6
2023-05-26;1314;15589;3;94.02
2023-05-26;1314;48813;3;17.97
2023-05-26;1314;35416;5;75.15
2023-05-26;1314;21141;1;31.01
2023-05-26;1314;48812;8;57.36
2023-05-26;1314;35772;0;0
2023-02-13;1314;62364;1;31.12
2023-02-03;1314;18064;162;630.18
2023-02-03;1314;9607;21;270.27
2023-02-03;1314;1439;3;55.2
2023-02-03;1314;36857;21;74.34
2023-02-03;1314;5345;2;16.08
2023-02-03;1314;13315;3;132.21
2023-02-03;1314;44217;2;78.6
2023-02-03;1314;58701;2;103.34
2023-02-03;1314;20635;7;207.69
2023-02-03;1314;31330;5;325.4
2023-11-13;1314;62364;1;32.58
2023-03-14;841;1439;3;44.76
2023-03-14;841;18064;16;37.44
2023-03-14;841;9607;4;32
2023-03-14;841;5345;5;24.95
2023-03-14;841;36857;3;2.22
2023-03-14;841;31330;1;50.39
2023-03-14;841;58701;1;42.8
2023-03-14;841;20635;3;69.66
2023-03-14;841;15590;1;31.08
2023-03-14;841;62782;2;11.96
2023-03-14;841;35416;1;5.79
2023-03-14;841;21141;2;48.86
2023-03-14;841;51957;4;23
2023-03-14;841;15589;3;79.14
2023-03-14;841;35772;0;0
2023-10-07;841;57912;1;8.32
2023-10-07;841;15590;1;31.08
2023-10-07;841;62782;3;21.03
2023-10-07;841;48812;1;5.98
2023-10-07;841;42076;1;8.56
2023-10-07;841;35416;0;0
2023-10-07;841;48813;3;14.97
2023-10-07;841;55917;1;9.01
2023-10-07;841;15589;4;96.4
2023-10-07;841;21141;3;67.2
2023-10-07;841;51957;3;17.13
2023-10-07;841;35772;3;35.79
2023-10-07;841;1439;2;30.2
2023-10-07;841;18064;8;18
2023-10-07;841;9607;5;40
2023-10-07;841;36857;3;5.13
2023-12-20;1314;57912;1;12.61
2023-12-14;841;57912;1;8.32
2023-12-14;841;57814;3;356.28
2023-12-14;841;15590;2;64.1
2023-12-14;841;48812;1;5.98
2023-12-14;841;48813;3;14.97
2023-12-14;841;62782;3;21.03
2023-12-14;841;35772;3;35.79
2023-12-14;841;42076;5;40.7
2023-12-14;841;55917;1;9.01
2023-12-14;841;35416;1;10.74
2023-12-14;841;51957;2;11.42
2023-12-14;841;15589;3;72.24
2023-12-14;841;21141;3;71.28
2023-02-20;1314;1439;5;92.4
2023-02-20;1314;36857;17;60.18
2023-02-20;1314;5345;2;16.08
2023-02-20;1314;13315;3;132.21
2023-02-20;1314;44217;1;39.3
2023-02-20;1314;58701;2;103.34
2023-02-20;1314;20635;5;148.35
2023-02-20;1314;31330;5;325.4
2023-11-22;841;57912;1;8.32
2023-11-22;841;15590;1;31.08
2023-11-22;841;62782;3;21.03
2023-11-22;841;48812;1;5.98
2023-11-22;841;48813;3;14.97
2023-11-22;841;42076;1;8.56
2023-11-22;841;35772;3;35.79
2023-11-22;841;55917;1;9.01
2023-11-22;841;35416;1;10.74
2023-11-22;841;51957;2;11.42
2023-11-22;841;15589;3;72.27
2023-11-22;841;21141;3;70.41
2023-11-22;841;1439;2;30.2
2023-11-22;841;18064;6;13.5
2023-11-22;841;9607;6;48.66
2023-11-22;841;36857;2;3.6
2023-11-22;841;20635;1;23.37
2023-11-22;841;58701;1;42.86
2023-11-22;841;31330;1;51.5
2023-11-15;1314;18064;119;462.91
2023-11-15;1314;9607;10;132.6
2023-11-15;1314;1439;6;112.62
2023-11-15;1314;36857;3;9.81
2023-11-15;1314;5345;10;83.3
2023-11-15;1314;58701;1;51.67
2023-11-15;1314;20635;6;180.36
2023-11-15;1314;31330;6;394.86
2023-11-15;1314;13315;1;44.76
2023-11-15;1314;44217;3;125.31
2023-11-15;1314;57912;1;12.61
2023-11-15;1314;62782;1;13.61
2023-11-15;1314;51957;1;12.37
2023-11-15;1314;15589;8;235.92
2023-11-15;1314;21141;8;241.04
2023-11-15;1314;35416;6;89.34
2023-11-15;1314;48812;3;27.57
2023-11-15;1314;48813;3;22.86
2023-11-15;1314;15590;3;121.35
2023-12-04;841;18064;26;58.5
2023-12-04;841;9607;6;48.66
2023-12-04;841;36857;2;3.6
2023-12-04;841;20635;1;23.37
2023-12-04;841;58701;1;42.86
2023-12-04;841;31330;1;51.5
2023-12-23;1314;57912;1;12.61
2023-12-23;1314;57814;2;307.24
2023-12-23;1314;48813;4;31.32
2023-12-23;1314;51957;1;12.37
2023-12-23;1314;21141;6;180.6
2023-12-23;1314;15589;10;294.9
2023-12-23;1314;35416;2;29.78
2023-12-23;1314;48812;4;39.64
2023-12-23;1314;15590;3;121.35
2023-12-23;1314;18064;95;369.55
2023-12-23;1314;9607;13;174.07
2023-12-23;1314;1439;2;37.54
2023-12-23;1314;36857;5;16.75
2023-12-23;1314;5345;11;92.29
2023-12-23;1314;58701;1;51.67
2023-12-23;1314;20635;7;210
2023-12-23;1314;31330;5;329.05
2023-12-23;1314;13315;1;38.69
2023-12-23;1314;44217;3;106.59
2023-11-09;1314;18064;129;501.81
2023-11-09;1314;9607;14;185.08
2023-11-09;1314;1439;1;18.92
2023-11-09;1314;36857;5;16.35
2023-11-09;1314;5345;10;83.1
2023-11-09;1314;58701;1;51.67
2023-11-09;1314;20635;6;180.36
2023-11-09;1314;31330;6;394.86
2023-11-09;1314;13315;2;89.52
2023-11-09;1314;44217;4;167.08
2023-11-09;1314;57912;1;12.61
2023-11-09;1314;62782;1;13.61
2023-11-09;1314;51957;1;12.37
2023-11-09;1314;15589;11;324.39
2023-11-09;1314;21141;9;271.17
2023-11-09;1314;35416;6;89.34
2023-11-09;1314;48812;3;27.57
2023-11-09;1314;48813;4;30.48
2023-11-09;1314;15590;3;121.35
2023-12-01;841;57912;1;8.32
2023-12-01;841;15590;1;31.08
2023-12-01;841;48812;1;5.98
2023-12-01;841;48813;3;14.97
2023-12-01;841;62782;3;21.03
2023-12-01;841;42076;1;8.56
2023-12-01;841;35772;3;35.79
2023-12-01;841;55917;1;9.01
2023-12-01;841;35416;1;10.74
2023-12-01;841;51957;2;11.42
2023-12-01;841;15589;3;72.27
2023-12-01;841;21141;3;70.41
2023-12-01;841;1439;2;30.2
2023-12-01;841;18064;6;13.5
2023-12-01;841;9607;6;48.66
2023-12-01;841;36857;2;3.6
2023-12-01;841;20635;1;23.37
2023-12-01;841;58701;1;42.86
2023-12-01;841;31330;1;51.5
2023-02-25;1314;62364;2;64.6
2023-02-07;841;31330;1;50.39
2023-02-07;841;58701;1;42.8
2023-02-07;841;20635;2;46.18
2023-02-07;841;18064;2;4.68
2023-02-07;841;9607;5;40
2023-02-07;841;1439;3;44.76
2023-02-07;841;5345;5;24.95
2023-02-07;841;36857;0;0
2023-02-11;1314;57912;1;10.84
2023-02-11;1314;51957;4;48.92
2023-02-11;1314;15589;1;31.75
2023-02-11;1314;62782;1;13.61
2023-02-11;1314;35416;4;39.6
2023-02-11;1314;21141;0;0
2023-02-11;1314;35772;0;0
2023-02-11;1314;18064;128;497.92
2023-02-11;1314;9607;22;283.14
2023-02-11;1314;1439;3;55.29
2023-02-11;1314;36857;19;67.26
2023-02-11;1314;5345;0;0
2023-01-03;1314;57912;1;10.84
2023-01-03;1314;51957;4;48.92
2023-01-03;1314;62782;0;0
2023-01-03;1314;15589;0;0
2023-02-20;1314;62364;1;31.12
2023-02-20;841;31330;1;50.39
2023-02-20;841;58701;1;42.8
2023-02-20;841;20635;3;69.66
2023-10-18;841;15590;1;31.08
2023-10-18;841;62782;3;21.03
2023-10-18;841;48812;1;5.98
2023-10-18;841;42076;1;8.56
2023-10-18;841;48813;3;14.97
2023-10-18;841;35416;1;10.74
2023-10-18;841;55917;1;9.01
2023-10-18;841;15589;5;120.45
2023-10-18;841;21141;2;44.8
2023-10-18;841;51957;2;11.42
2023-10-18;841;35772;3;35.79
2023-10-18;841;1439;2;30.2
2023-10-18;841;18064;31;69.75
2023-10-18;841;9607;6;48
2023-10-18;841;36857;4;7.2
2023-10-18;841;20635;2;46.74
2023-10-18;841;58701;1;42.86
2023-10-18;841;31330;1;51.5
2023-01-18;1314;62782;0;0
2023-01-18;1314;51957;4;48.92
2023-01-18;1314;15589;0;0
2023-01-18;1314;35416;5;49.5
2023-01-18;1314;21141;1;31.14
2023-01-18;1314;35772;0;0
2023-01-18;1314;57912;1;10.84
2023-02-28;841;18064;15;35.1
2023-02-28;841;9607;4;32
2023-02-28;841;5345;4;19.96
2023-02-28;841;36857;3;2.22
2023-02-28;841;31330;1;50.39
2023-02-28;841;58701;1;42.8
2023-02-28;841;20635;3;69.66
2023-10-07;1314;62364;1;32.58
2023-03-02;1314;51957;2;24.46
2023-03-02;1314;15589;1;31.75
2023-03-02;1314;62782;1;13.61
2023-03-02;1314;35416;4;39.6
2023-03-02;1314;21141;0;0
2023-03-02;1314;35772;0;0
2023-03-02;1314;57912;1;10.84
2023-12-18;1314;57912;1;12.61
2023-12-18;1314;57814;2;307.24
2023-12-18;1314;48813;4;31.32
2023-12-18;1314;51957;1;12.37
2023-12-18;1314;21141;8;240.8
2023-12-18;1314;15589;8;235.92
2023-12-18;1314;35416;3;44.67
2023-12-18;1314;48812;4;39.64
2023-12-18;1314;15590;3;121.35
2023-12-18;1314;58701;1;51.67
2023-12-18;1314;20635;8;240
2023-12-18;1314;31330;5;329.05
2023-12-18;1314;13315;0;0
2023-12-18;1314;44217;3;106.59
2023-12-18;1314;18064;127;494.03
2023-12-18;1314;9607;16;214.24
2023-12-18;1314;1439;4;75.08
2023-12-18;1314;36857;6;20.1
2023-12-18;1314;5345;13;109.07
2023-10-05;1314;58701;1;51.67
2023-10-05;1314;20635;7;210.7
2023-10-05;1314;31330;2;132.04
2023-10-05;1314;13315;3;134.28
2023-10-05;1314;44217;3;125.31
2023-10-03;841;15590;1;31.08
2023-10-03;841;62782;3;21.03
2023-10-03;841;48812;1;5.98
2023-10-03;841;42076;1;8.56
2023-10-03;841;35416;1;10.74
2023-10-03;841;55917;1;9.01
2023-10-03;841;15589;3;72.36
2023-10-03;841;21141;3;67.2
2023-10-03;841;48813;3;14.97
2023-10-03;841;51957;3;17.13
2023-10-03;841;35772;3;35.79
2023-10-03;841;1439;2;30.2
2023-10-03;841;18064;10;22.5
2023-10-03;841;9607;4;32
2023-10-03;841;36857;4;6.84
2023-10-03;841;20635;2;46.74
2023-10-03;841;58701;1;42.86
2023-10-03;841;31330;1;51.5
2023-02-23;1314;1439;6;110.94
2023-02-23;1314;36857;16;56.64
2023-02-23;1314;5345;1;8.04
2023-02-23;1314;13315;3;132.21
2023-02-23;1314;44217;2;78.82
2023-02-23;1314;58701;2;103.34
2023-02-23;1314;20635;6;178.02
2023-02-23;1314;31330;4;260.32
2023-03-10;1314;15589;0;0
2023-03-10;1314;62782;1;13.61
2023-03-10;1314;35416;4;39.6
2023-03-10;1314;21141;0;0
2023-03-10;1314;35772;0;0
2023-03-10;1314;18064;150;583.5
2023-03-10;1314;9607;20;257.4
2023-03-10;1314;1439;5;92.45
2023-03-10;1314;36857;11;38.94
2023-03-10;1314;5345;0;0
2023-03-10;1314;13315;2;88.14
2023-03-10;1314;44217;2;78.82
2023-03-10;1314;58701;1;51.67
2023-03-10;1314;20635;4;118.68
2023-03-10;1314;31330;4;260.32
2023-02-02;1314;62364;1;31.12
2023-10-05;1314;62364;1;32.58
2023-12-05;1314;18064;138;536.82
2023-12-05;1314;9607;15;200.25
2023-12-05;1314;1439;5;93.85
2023-12-05;1314;36857;6;20.1
2023-12-05;1314;5345;13;108.94
2023-12-05;1314;58701;1;51.67
2023-12-05;1314;20635;5;150.1
2023-12-05;1314;31330;5;329.05
2023-12-05;1314;13315;1;46.58
2023-12-05;1314;57912;1;12.61
2023-12-05;1314;51957;1;12.37
2023-12-05;1314;21141;4;120.52
2023-12-05;1314;15589;14;412.86
2023-12-05;1314;35416;2;29.78
2023-12-05;1314;48812;4;39.64
2023-12-05;1314;48813;4;31.32
2023-12-05;1314;15590;3;121.35
2023-12-05;1314;44217;1;41.77
2023-12-07;841;36857;2;3.6
2023-12-07;841;20635;0;0
2023-12-07;841;58701;1;42.86
2023-12-07;841;31330;1;51.5
2023-11-22;1314;57912;1;12.61
2023-11-22;1314;62782;1;13.61
2023-11-22;1314;51957;1;12.37
2023-11-22;1314;15589;7;206.43
2023-11-22;1314;21141;6;180.78
2023-11-22;1314;35416;3;44.67
2023-11-22;1314;48812;3;27.57
2023-11-22;1314;48813;3;22.86
2023-11-22;1314;15590;3;121.35
2023-11-22;1314;18064;88;342.32
2023-11-22;1314;9607;11;146.19
2023-11-22;1314;1439;6;112.62
2023-11-22;1314;36857;3;9.9
2023-11-22;1314;5345;11;91.85
2023-11-22;1314;58701;1;51.67
2023-11-22;1314;20635;4;120.24
2023-11-22;1314;31330;6;394.86
2023-11-22;1314;13315;1;44.76
2023-11-22;1314;44217;3;125.31
2023-12-04;841;15590;1;31.08
2023-12-04;841;48812;1;5.98
2023-12-04;841;48813;3;14.97
2023-12-04;841;62782;3;21.03
2023-12-04;841;42076;1;8.56
2023-12-04;841;35772;3;35.79
2023-12-04;841;55917;1;9.01
2023-12-04;841;35416;1;10.74
2023-12-04;841;51957;2;11.42
2023-12-04;841;15589;4;96.32
2023-12-04;841;21141;2;46.94
2023-12-04;841;1439;2;30.2
2023-12-04;841;57912;1;8.32
2023-12-11;1314;18064;98;381.22
2023-12-11;1314;9607;8;106.88
2023-12-11;1314;1439;4;75.08
2023-12-11;1314;36857;6;20.1
2023-12-11;1314;5345;11;92.18
2023-12-11;1314;58701;1;51.67
2023-12-11;1314;20635;10;300
2023-12-11;1314;31330;5;329.05
2023-12-11;1314;13315;1;46.58
2023-12-11;1314;44217;2;83.56
2023-02-06;841;57912;1;8.62
2023-02-06;841;15590;1;31.08
2023-02-06;841;62782;2;11.96
2023-02-06;841;35416;1;5.79
2023-02-06;841;21141;1;24.43
2023-02-06;841;15589;2;52.3
2023-02-06;841;51957;4;23.56
2023-02-06;841;35772;0;0
2023-02-09;1314;62364;1;31.12
2023-03-01;1314;62364;2;64.6
2023-03-01;1314;57912;1;10.84
2023-03-01;1314;51957;2;24.46
2023-03-01;1314;15589;0;0
2023-03-01;1314;62782;1;13.61
2023-03-01;1314;35416;2;19.8
2023-03-01;1314;21141;0;0
2023-03-01;1314;35772;0;0
2023-10-31;1314;57912;1;12.61
2023-10-31;1314;62782;1;13.61
2023-10-31;1314;51957;0;0
2023-10-31;1314;15589;13;383.37
2023-10-31;1314;21141;9;271.17
2023-10-31;1314;35416;7;104.23
2023-10-31;1314;48812;3;27.57
2023-10-31;1314;48813;4;30.48
2023-10-31;1314;15590;2;80.9
2023-12-04;1314;62364;1;32.58
2023-02-22;1314;62364;2;64.6
2023-03-02;841;15590;1;31.08
2023-03-02;841;62782;2;11.96
2023-03-02;841;35416;0;0
2023-03-02;841;21141;0;0
2023-03-02;841;51957;2;11.58
2023-03-02;841;15589;3;79.14
2023-03-02;841;35772;0;0
2023-03-02;841;1439;3;44.76
2023-03-02;841;18064;6;14.04
2023-03-02;841;9607;4;32
2023-03-02;841;5345;4;19.96
2023-03-02;841;57912;1;8.62
2023-12-15;1314;62364;1;32.58
2023-02-04;1314;57912;1;10.84
2023-02-04;1314;51957;4;48.92
2023-02-04;1314;15589;0;0
2023-02-04;1314;62782;1;13.61
2023-02-04;1314;35416;5;49.5
2023-02-04;1314;21141;0;0
2023-02-04;1314;35772;0;0
2023-11-18;1314;57912;1;12.61
2023-11-18;1314;62782;1;13.61
2023-11-18;1314;51957;1;12.37
2023-11-18;1314;15589;6;176.94
2023-11-18;1314;21141;6;180.78
2023-11-18;1314;35416;5;74.45
2023-11-18;1314;48812;3;27.57
2023-11-18;1314;48813;3;22.86
2023-11-18;1314;15590;3;121.35
2023-11-18;1314;18064;108;420.12
2023-11-18;1314;9607;11;146.19
2023-11-18;1314;1439;6;112.62
2023-11-18;1314;36857;4;13.2
2023-11-18;1314;5345;11;91.85
2023-11-18;1314;58701;1;51.67
2023-11-18;1314;20635;4;120.24
2023-11-18;1314;31330;6;394.86
2023-11-18;1314;13315;1;44.76
2023-11-18;1314;44217;3;125.31
2023-05-29;841;15590;1;31.08
2023-05-29;841;35416;1;5.79
2023-05-29;841;62782;3;21.03
2023-05-29;841;48812;1;5.98
2023-05-29;841;15589;1;26.06
2023-05-29;841;21141;1;25.63
2023-05-29;841;48813;3;14.97
2023-05-29;841;51957;2;11.46
2023-05-29;841;35772;2;23.84
2023-05-29;841;1439;3;45.3
2023-05-29;841;18064;60;135
2023-05-29;841;9607;8;64
2023-05-29;841;5345;4;19.96
2023-05-29;841;36857;3;4.77
2023-05-29;841;58701;1;42.8
2023-05-29;841;31330;2;103
2023-05-29;841;20635;2;46.62
2023-03-11;1314;62364;2;64.6
2023-03-01;1314;18064;58;225.62
2023-03-01;1314;9607;20;257.4
2023-03-01;1314;1439;6;110.94
2023-03-01;1314;36857;11;38.94
2023-03-01;1314;5345;1;8.04
2023-03-01;1314;13315;3;132.21
2023-03-01;1314;44217;2;78.82
2023-03-01;1314;58701;2;103.34
2023-03-01;1314;20635;5;148.35
2023-03-01;1314;31330;4;260.32
2023-02-27;1314;18064;93;361.77
2023-02-27;1314;9607;22;283.14
2023-02-27;1314;1439;6;110.94
2023-02-27;1314;36857;11;38.94
2023-02-27;1314;5345;1;8.04
2023-02-27;1314;13315;3;132.21
2023-02-27;1314;44217;2;78.82
2023-02-27;1314;58701;2;103.34
2023-02-27;1314;20635;6;178.02
2023-02-27;1314;31330;4;260.32
2023-02-11;1314;13315;3;132.21
2023-02-11;1314;44217;2;78.6
2023-02-11;1314;58701;2;103.34
2023-02-11;1314;20635;6;178.02
2023-02-11;1314;31330;5;325.4
2023-02-11;841;18064;11;25.74
2023-02-11;841;9607;3;24
2023-02-11;841;1439;3;44.76
2023-02-11;841;5345;4;19.96
2023-02-11;841;36857;3;-0.06
2023-02-11;841;57912;1;8.62
2023-02-11;841;15590;1;31.08
2023-02-11;841;62782;2;11.96
2023-02-11;841;35416;1;5.79
2023-02-11;841;21141;0;0
2023-02-11;841;15589;2;52.64
2023-02-11;841;51957;3;17.67
2023-02-11;841;35772;0;0
2023-04-21;841;15590;1;31.08
2023-04-21;841;62782;1;5.98
2023-04-21;841;48812;0;0
2023-03-22;841;15590;1;31.08
2023-03-22;841;62782;2;11.96
2023-03-22;841;48812;1;5.98
2023-03-22;841;48813;1;4.99
2023-03-22;841;55917;1;8.53
2023-03-22;841;35416;1;5.79
2023-03-22;841;21141;0;0
2023-03-22;841;51957;4;23
2023-03-22;841;15589;1;26.38
2023-03-22;841;35772;0;0
2023-04-11;1314;18064;234;905.58
2023-04-11;1314;9607;19;245.48
2023-04-11;1314;1439;3;55.53
2023-04-11;1314;36857;10;31.6
2023-04-11;1314;5345;3;24.3
2023-04-11;1314;13315;1;33.11
2023-04-11;1314;44217;2;78.82
2023-04-11;1314;58701;2;103.34
2023-04-11;1314;20635;15;449.85
2023-04-11;1314;31330;4;263.84
2023-12-22;1314;57912;1;12.61
2023-12-22;1314;57814;2;307.24
2023-12-22;1314;48813;4;31.32
2023-12-22;1314;51957;1;12.37
2023-12-22;1314;21141;6;180.6
2023-12-22;1314;15589;10;294.9
2023-12-22;1314;35416;2;29.78
2023-12-22;1314;48812;4;39.64
2023-11-08;841;18064;9;20.25
2023-11-08;841;9607;6;48.48
2023-11-08;841;36857;3;5.4
2023-11-08;841;20635;1;23.37
2023-11-08;841;58701;1;42.86
2023-11-08;841;31330;1;51.5
2023-02-25;1314;15589;0;0
2023-02-25;1314;62782;1;13.61
2023-02-25;1314;35416;3;29.7
2023-02-25;1314;21141;0;0
2023-02-25;1314;35772;0;0
2023-02-25;1314;57912;0;0
2023-02-25;1314;51957;2;24.46
2023-03-10;1314;62364;2;64.6
2023-12-20;841;57912;1;8.32
2023-12-20;841;57814;3;356.28
2023-12-20;841;15590;2;64.1
2023-12-20;841;48812;1;5.98
2023-12-20;841;48813;3;14.97
2023-12-20;841;62782;3;21.03
2023-12-20;841;35772;1;11.93
2023-12-20;841;42076;5;40.7
2023-12-08;1314;62364;1;32.58
2023-02-24;1314;18064;148;575.72
2023-02-24;1314;9607;23;296.01
2023-02-24;1314;1439;6;110.94
2023-02-24;1314;36857;16;56.64
2023-02-24;1314;5345;1;8.04
2023-02-24;1314;13315;3;132.21
2023-02-24;1314;44217;2;78.82
2023-02-24;1314;58701;2;103.34
2023-02-24;1314;20635;6;178.02
2023-02-24;1314;31330;4;260.32
2023-11-24;1314;62364;1;32.58
2023-02-04;841;31330;1;50.39
2023-02-04;841;58701;1;42.8
2023-02-04;841;20635;2;46.18
2023-02-04;841;18064;6;14.04
2023-02-04;841;9607;5;40
2023-02-04;841;1439;3;44.76
2023-02-04;841;5345;5;24.95
2023-02-04;841;36857;0;0
2023-11-30;1314;44217;3;125.31
2023-11-18;841;62782;3;21.03
2023-11-18;841;48812;1;5.98
2023-11-18;841;48813;3;14.97
2023-11-18;841;42076;1;8.56
2023-11-18;841;35772;3;35.79
2023-11-18;841;55917;1;9.01
2023-11-18;841;35416;1;10.74
2023-11-18;841;51957;2;11.42
2023-11-18;841;15589;3;72.27
2023-11-18;841;21141;3;70.41
2023-11-18;841;1439;2;30.2
2023-11-18;841;18064;3;6.75
2023-11-18;841;9607;5;40.4
2023-11-18;841;36857;3;5.4
2023-11-18;841;20635;1;23.37
2023-11-18;841;58701;1;42.86
2023-11-18;841;31330;1;51.5
2023-02-18;1314;62364;1;31.12
2023-02-22;841;57912;1;8.62
2023-02-22;841;15590;1;31.08
2023-02-22;841;62782;2;11.96
2023-02-22;841;35416;1;5.79
2023-02-22;841;21141;1;24.43
2023-02-22;841;51957;2;11.66
2023-02-22;841;15589;3;79.14
2023-02-22;841;35772;0;0
2023-02-22;841;1439;3;44.76
2023-02-22;841;18064;11;25.74
2023-02-22;841;9607;2;16
2023-02-22;841;5345;2;9.98
2023-02-22;841;36857;3;-0.12
2023-02-13;1314;57912;1;10.84
2023-02-13;1314;51957;4;48.92
2023-02-13;1314;15589;1;31.75
2023-02-13;1314;62782;1;13.61
2023-03-21;1314;1439;6;111
2023-03-21;1314;36857;8;28.32
2023-03-21;1314;5345;2;16.08
2023-03-21;1314;13315;2;88.14
2023-03-21;1314;44217;2;78.82
2023-03-21;1314;58701;2;103.34
2023-03-21;1314;20635;3;89.01
2023-03-21;1314;31330;2;130.16
2023-03-21;1314;35416;1;9.9
2023-03-21;1314;21141;0;0
2023-03-21;1314;48812;3;21.51
2023-03-21;1314;35772;0;0
2023-03-21;1314;18064;210;816.9
2023-03-21;1314;9607;23;296.01
2023-03-21;1314;57912;1;10.84
2023-03-21;1314;51957;2;24.46
2023-03-21;1314;15589;0;0
2023-03-21;1314;48813;1;5.99
2023-03-21;1314;62782;1;13.61
2023-02-25;841;57912;1;8.62
2023-02-25;841;15590;1;31.08
2023-02-25;841;62782;2;11.96
2023-02-25;841;35416;1;5.79
2023-02-25;841;21141;0;0
2023-02-25;841;51957;3;17.37
2023-02-25;841;15589;3;79.14
2023-02-25;841;35772;0;0
2023-02-25;841;1439;3;44.76
2023-02-25;841;18064;18;42.12
2023-02-25;841;9607;3;24
2023-02-25;841;5345;2;9.98
2023-02-25;841;36857;2;-0.08
2023-12-02;841;57912;1;8.32
2023-12-02;841;15590;1;31.08
2023-12-02;841;48812;1;5.98
2023-12-02;841;48813;3;14.97
2023-12-02;841;62782;3;21.03
2023-12-02;841;42076;1;8.56
2023-12-02;841;35772;3;35.79
2023-12-02;841;55917;1;9.01
2023-12-02;841;35416;1;10.74
2023-12-02;841;51957;2;11.42
2023-12-02;841;15589;2;48.18
2023-12-02;841;21141;2;46.94
2023-12-02;841;20635;1;23.37
2023-12-02;841;58701;1;42.86
2023-12-02;841;31330;1;51.5
2023-12-02;841;1439;2;30.2
2023-12-02;841;18064;6;13.5
2023-12-02;841;9607;6;48.66
2023-12-02;841;36857;2;3.6
2023-02-06;1314;62364;1;31.12
2023-02-15;1314;57912;1;10.84
2023-02-15;1314;51957;4;48.92
2023-02-15;1314;15589;1;31.75
2023-02-15;1314;62782;1;13.61
2023-02-15;1314;35416;4;39.6
2023-02-15;1314;21141;1;29.59
2023-02-15;1314;35772;0;0
2023-02-20;1314;35416;3;29.7
2023-02-20;1314;21141;1;29.59
2023-02-20;1314;35772;0;0
2023-02-20;1314;18064;85;330.65
2023-02-20;1314;9607;21;270.27
2023-02-20;1314;57912;0;0
2023-02-20;1314;51957;2;24.46
2023-02-20;1314;15589;0;0
2023-02-20;1314;62782;1;13.61
2023-11-08;1314;18064;131;509.59
2023-11-08;1314;9607;14;185.08
2023-11-08;1314;1439;1;18.92
2023-11-08;1314;36857;8;26.16
2023-11-08;1314;5345;10;83.1
2023-11-08;1314;58701;1;51.67
2023-11-08;1314;20635;7;210.42
2023-11-08;1314;31330;6;394.86
2023-11-08;1314;13315;2;89.52
2023-11-08;1314;44217;4;167.08
2023-12-23;1314;62364;1;32.58
2023-03-14;1314;62364;2;64.6
2023-02-24;841;31330;1;50.39
2023-02-24;841;58701;1;42.8
2023-02-24;841;20635;3;69.66
2023-12-28;841;57912;1;8.32
2023-12-28;841;57814;3;356.28
2023-12-28;841;48812;1;5.98
2023-12-28;841;48813;3;14.97
2023-12-28;841;62782;3;21.03
2023-12-28;841;42076;5;40.7
2023-12-28;841;51957;2;11.42
2023-12-28;841;55917;1;9.01
2023-12-28;841;15590;2;64.1
2023-12-28;841;35416;1;10.74
2023-12-28;841;15589;4;96.32
2023-12-28;841;21141;3;71.28
2023-12-28;841;35772;1;11.93
2023-12-28;841;1439;1;15.1
2023-12-28;841;18064;6;13.5
2023-12-28;841;9607;6;49.14
2023-12-28;841;5345;1;5.21
2023-12-28;841;36857;3;6.06
2023-12-28;841;20635;1;23.33
2023-12-28;841;31330;1;51.5
2023-12-28;841;58701;1;42.86
2023-02-06;841;31330;1;50.39
2023-02-06;841;58701;1;42.8
2023-02-06;841;20635;2;46.18
2023-02-06;841;18064;5;11.7
2023-02-06;841;9607;5;40
2023-02-06;841;1439;3;44.76
2023-02-06;841;5345;5;24.95
2023-02-06;841;36857;0;0
2023-02-27;1314;62364;2;64.6
2023-03-11;841;15590;1;31.08
2023-03-11;841;62782;2;11.96
2023-03-11;841;35416;1;5.79
2023-03-11;841;21141;2;48.86
2023-03-11;841;51957;4;23
2023-03-11;841;15589;3;79.14
2023-03-11;841;35772;0;0
2023-03-11;841;1439;3;44.76
2023-03-11;841;18064;15;35.1
2023-03-11;841;9607;4;32
2023-03-11;841;5345;5;24.95
2023-03-11;841;36857;3;2.22
2023-03-11;841;31330;1;50.39
2023-03-11;841;58701;1;42.8
2023-03-11;841;20635;3;69.66
2023-11-16;1314;18064;111;431.79
2023-11-16;1314;9607;10;132.6
2023-11-16;1314;1439;6;112.62
2023-11-16;1314;36857;3;9.81
2023-11-16;1314;5345;10;83.3
2023-11-16;1314;58701;1;51.67
2023-11-16;1314;20635;5;150.3
2023-11-16;1314;31330;6;394.86
2023-11-16;1314;13315;1;44.76
2023-11-16;1314;44217;3;125.31
2023-11-16;1314;57912;1;12.61
2023-11-16;1314;62782;1;13.61
2023-11-16;1314;51957;1;12.37
2023-11-16;1314;15589;7;206.43
2023-11-16;1314;21141;8;241.04
2023-11-16;1314;35416;5;74.45
2023-11-16;1314;48812;3;27.57
2023-11-16;1314;48813;3;22.86
2023-11-16;1314;15590;3;121.35
2023-03-02;1314;18064;84;326.76
2023-03-02;1314;9607;20;257.4
2023-03-02;1314;1439;6;110.94
2023-03-02;1314;36857;11;38.94
2023-03-02;1314;5345;1;8.04
2023-03-02;1314;13315;2;88.14
2023-03-02;1314;44217;2;78.82
2023-03-02;1314;58701;2;103.34
2023-03-02;1314;20635;5;148.35
2023-03-02;1314;31330;4;260.32
2023-04-01;841;15590;1;31.08
2023-04-01;841;62782;2;11.96
2023-04-01;841;48812;1;5.98
2023-04-01;841;48813;1;4.99
2023-04-01;841;55917;1;8.53
2023-04-01;841;35416;1;5.79
2023-04-01;841;21141;0;0
2023-04-01;841;51957;4;23
2023-04-01;841;15589;2;52.92
2023-04-01;841;35772;0;0
2023-04-01;841;18064;0;0
2023-04-01;841;9607;3;24
2023-04-01;841;5345;5;24.95
2023-04-01;841;1439;2;29.84
2023-04-01;841;36857;2;1.48
2023-04-01;841;31330;1;50.39
2023-04-01;841;58701;1;42.8
2023-04-01;841;20635;3;69.66
2023-10-12;1314;18064;136;527.68
2023-10-12;1314;9607;17;224.23
2023-10-12;1314;1439;0;0
2023-10-12;1314;36857;7;21.98
2023-10-12;1314;5345;12;99.72
2023-10-12;1314;58701;1;51.67
2023-10-12;1314;20635;8;240.8
2023-10-12;1314;31330;1;66.02
2023-10-12;1314;13315;3;134.28
2023-10-12;1314;44217;3;125.31
2023-01-09;1314;57912;1;10.84
2023-01-09;1314;51957;4;48.92
2023-01-09;1314;62782;0;0
2023-01-09;1314;15589;0;0
2023-01-09;1314;35416;5;49.5
2023-01-09;1314;21141;1;31.14
2023-01-09;1314;35772;0;0
2023-02-14;841;21141;0;0
2023-02-14;841;15589;2;52.64
2023-02-14;841;51957;2;11.78
2023-02-14;841;35772;0;0
2023-02-14;841;18064;4;9.36
2023-02-14;841;9607;3;24
2023-02-14;841;1439;3;44.76
2023-02-14;841;5345;4;19.96
2023-02-14;841;36857;3;-0.06
2023-02-14;841;57912;1;8.62
2023-02-14;841;15590;1;31.08
2023-02-14;841;62782;2;11.96
2023-02-14;841;35416;1;5.79
2023-10-17;841;58701;1;42.86
2023-10-17;841;31330;1;51.5
2023-02-17;1314;18064;86;334.54
2023-02-17;1314;9607;21;270.27
2023-02-17;1314;1439;5;92.4
2023-02-17;1314;36857;19;67.26
2023-02-17;1314;5345;2;16.08
2023-02-17;1314;13315;3;132.21
2023-02-17;1314;44217;1;39.3
2023-02-17;1314;58701;2;103.34
2023-02-17;1314;20635;4;118.68
2023-02-17;1314;31330;5;325.4
2023-12-20;841;51957;2;11.42
2023-12-20;841;55917;1;9.01
2023-12-20;841;35416;1;10.74
2023-12-20;841;15589;4;96.32
2023-12-20;841;21141;3;71.28
2023-12-20;841;1439;1;15.1
2023-12-20;841;18064;10;22.5
2023-12-20;841;9607;4;32.68
2023-12-20;841;36857;3;6.06
2023-12-20;841;20635;1;23.33
2023-12-20;841;58701;1;42.86
2023-12-20;841;31330;1;51.5
2023-12-28;1314;57912;1;12.61
2023-12-28;1314;57814;2;307.24
2023-12-28;1314;48813;4;31.32
2023-12-28;1314;51957;1;12.37
2023-12-28;1314;21141;6;180.6
2023-12-28;1314;15589;8;235.92
2023-12-28;1314;35416;3;44.67
2023-12-28;1314;48812;4;39.64
2023-12-28;1314;15590;3;121.35
2023-12-28;1314;18064;109;424.01
2023-12-28;1314;9607;16;214.24
2023-12-28;1314;1439;2;37.54
2023-12-28;1314;36857;5;16.75
2023-12-28;1314;5345;13;109.07
2023-12-28;1314;58701;1;51.67
2023-12-28;1314;20635;7;210
2023-12-28;1314;31330;5;329.05
2023-12-28;1314;13315;1;38.69
2023-12-28;1314;44217;3;106.59
2023-11-07;841;18064;11;24.75
2023-11-07;841;9607;6;48.48
2023-11-07;841;36857;3;5.4
2023-11-07;841;20635;1;23.37
2023-11-07;841;58701;1;42.86
2023-11-07;841;31330;1;51.5
2023-11-07;841;57912;1;8.32
2023-11-07;841;15590;1;31.08
2023-11-07;841;62782;3;21.03
2023-11-07;841;48812;1;5.98
2023-11-07;841;48813;3;14.97
2023-11-07;841;42076;1;8.56
2023-11-07;841;35772;3;35.79
2023-11-07;841;55917;1;9.01
2023-11-07;841;35416;1;10.74
2023-11-07;841;51957;2;11.42
2023-11-07;841;15589;4;96.36
2023-11-07;841;21141;3;69.12
2023-11-07;841;1439;2;30.2
2023-12-02;1314;57912;1;12.61
2023-12-02;1314;51957;1;12.37
2023-12-02;1314;21141;5;150.65
2023-12-02;1314;15589;15;442.35
2023-12-02;1314;35416;3;44.67
2023-12-02;1314;48812;4;39.64
2023-12-02;1314;48813;4;31.32
2023-12-02;1314;15590;3;121.35
2023-12-02;1314;18064;113;439.57
2023-12-02;1314;9607;14;186.76
2023-12-02;1314;1439;5;93.85
2023-12-02;1314;36857;5;16.7
2023-12-02;1314;5345;10;83.7
2023-12-02;1314;58701;1;51.67
2023-12-02;1314;20635;3;90.12
2023-12-02;1314;31330;5;329.05
2023-12-02;1314;13315;0;0
2023-12-02;1314;44217;3;125.31
2023-12-07;1314;57912;1;12.61
2023-12-07;1314;57814;1;153.62
2023-12-07;1314;51957;1;12.37
2023-12-07;1314;21141;4;120.52
2023-12-07;1314;15589;11;324.39
2023-12-07;1314;35416;2;29.78
2023-12-07;1314;48812;4;39.64
2023-12-07;1314;48813;4;31.32
2023-12-07;1314;15590;3;121.35
2023-12-07;1314;18064;122;474.58
2023-12-07;1314;9607;11;146.85
2023-12-07;1314;1439;4;75.08
2023-12-07;1314;36857;6;20.1
2023-12-07;1314;5345;12;100.56
2023-12-07;1314;58701;1;51.67
2023-12-07;1314;20635;5;150.1
2023-12-07;1314;31330;5;329.05
2023-12-07;1314;13315;1;46.58
2023-12-07;1314;44217;1;41.77
2023-02-07;1314;13315;3;132.21
2023-02-07;1314;44217;2;78.6
2023-02-07;1314;58701;2;103.34
2023-02-07;1314;20635;6;178.02
2023-02-07;1314;31330;5;325.4
2023-02-07;1314;18064;156;606.84
2023-02-07;1314;9607;20;257.4
2023-02-07;1314;1439;4;73.72
2023-02-07;1314;36857;19;67.26
2023-02-07;1314;5345;0;0
2023-05-12;841;15590;1;31.08
2023-05-12;841;35416;1;5.79
2023-05-12;841;62782;1;5.98
2023-05-12;841;48812;1;5.98
2023-05-12;841;55917;0;0
2023-05-12;841;15589;3;79.47
2023-05-12;841;21141;1;25.63
2023-05-12;841;48813;3;14.97
2023-05-12;841;51957;3;17.19
2023-05-12;841;35772;0;0
2023-05-12;841;1439;3;45.3
2023-05-12;841;18064;63;141.75
2023-05-12;841;9607;1;8
2023-05-12;841;5345;5;24.95
2023-12-21;841;57912;1;8.32
2023-12-21;841;57814;3;356.28
2023-12-21;841;15590;2;64.1
2023-12-21;841;48812;1;5.98
2023-12-21;841;48813;3;14.97
2023-12-21;841;62782;3;21.03
2023-12-21;841;35772;1;11.93
2023-12-21;841;42076;5;40.7
2023-12-11;1314;62364;1;32.58
2023-10-07;841;20635;2;46.74
2023-10-07;841;58701;1;42.86
2023-10-07;841;31330;1;51.5
2023-12-29;841;57912;1;8.32
2023-12-29;841;57814;3;356.28
2023-12-29;841;48812;1;5.98
2023-12-29;841;48813;3;14.97
2023-12-29;841;62782;3;21.03
2023-12-29;841;42076;5;40.7
2023-12-29;841;51957;2;11.42
2023-12-29;841;55917;1;9.01
2023-12-29;841;15590;2;64.1
2023-12-29;841;35416;1;10.74
2023-12-29;841;15589;4;96.32
2023-12-29;841;21141;3;71.28
2023-12-29;841;35772;1;11.93
2023-12-29;841;1439;1;15.1
2023-12-29;841;18064;11;24.75
2023-12-29;841;9607;6;49.14
2023-12-29;841;5345;1;5.21
2023-12-29;841;36857;3;6.06
2023-12-29;841;20635;1;23.33
2023-12-29;841;31330;1;51.5
2023-12-29;841;58701;1;42.86
2023-12-16;841;1439;1;15.1
2023-12-16;841;18064;16;36
2023-12-16;841;9607;6;49.02
2023-12-16;841;36857;3;6.06
2023-12-16;841;20635;1;23.33
2023-12-16;841;58701;1;42.86
2023-12-16;841;31330;1;51.5
2023-12-16;841;57912;1;8.32
2023-12-16;841;57814;3;356.28
2023-12-16;841;15590;2;64.1
2023-12-16;841;48812;1;5.98
2023-12-16;841;48813;3;14.97
2023-12-16;841;62782;3;21.03
2023-12-16;841;35772;2;23.86
2023-12-16;841;42076;5;40.7
2023-12-16;841;55917;1;9.01
2023-12-16;841;35416;1;10.74
2023-12-16;841;51957;2;11.42
2023-12-16;841;15589;3;72.24
2023-12-16;841;21141;3;71.28
2023-10-31;841;57912;1;8.32
2023-10-31;841;15590;1;31.08
2023-10-31;841;62782;3;21.03
2023-10-31;841;48812;1;5.98
2023-10-31;841;48813;3;14.97
2023-10-31;841;42076;1;8.56
2023-10-31;841;35416;1;10.74
2023-10-31;841;55917;1;9.01
2023-10-31;841;15589;4;96.36
2023-10-31;841;21141;3;69.12
2023-10-31;841;51957;2;11.42
2023-10-31;841;35772;3;35.79
2023-10-31;841;1439;2;30.2
2023-10-31;841;18064;17;38.25
2023-10-31;841;9607;5;40
2023-10-31;841;36857;3;5.4
2023-10-31;841;20635;1;23.37
2023-10-31;841;58701;1;42.86
2023-10-31;841;31330;1;51.5
2023-02-28;1314;18064;68;264.52
2023-02-28;1314;9607;21;270.27
2023-02-28;1314;1439;6;110.94
2023-02-28;1314;36857;11;38.94
2023-02-28;1314;5345;1;8.04
2023-02-28;1314;13315;3;132.21
2023-02-28;1314;44217;2;78.82
2023-02-28;1314;58701;2;103.34
2023-02-28;1314;20635;6;178.02
2023-02-28;1314;31330;4;260.32
2023-12-30;841;57912;1;8.32
2023-12-30;841;57814;3;356.28
2023-12-30;841;48812;1;5.98
2023-12-30;841;48813;3;14.97
2023-12-30;841;62782;3;21.03
2023-12-30;841;42076;5;40.7
2023-12-30;841;55917;1;9.01
2023-12-30;841;51957;2;11.42
2023-12-30;841;15590;2;64.1
2023-12-30;841;35416;1;10.74
2023-12-30;841;15589;4;96.32
2023-12-30;841;21141;3;71.28
2023-12-30;841;35772;1;11.93
2023-12-30;841;20635;1;23.33
2023-12-30;841;31330;1;51.5
2023-12-30;841;58701;1;42.86
2023-12-30;841;1439;1;15.1
2023-12-30;841;18064;11;24.75
2023-12-30;841;9607;6;49.14
2023-12-30;841;5345;1;5.21
2023-12-30;841;36857;3;6.06
2023-02-02;1314;57912;0;0
2023-02-02;1314;62782;1;13.61
2023-02-02;1314;51957;4;48.92
2023-02-02;1314;15589;0;0
2023-02-02;1314;35416;5;49.5
2023-02-02;1314;21141;0;0
2023-02-02;1314;35772;0;0
2023-03-20;1314;57912;1;10.84
2023-03-20;1314;51957;2;24.46
2023-03-20;1314;15589;0;0
2023-03-20;1314;48813;0;0
2023-03-20;1314;62782;1;13.61
2023-03-20;1314;35416;1;9.9
2023-03-20;1314;21141;0;0
2023-03-20;1314;48812;0;0
2023-03-20;1314;35772;0;0
2023-03-20;1314;20635;1;29.67
2023-03-20;1314;31330;2;130.16
2023-03-20;1314;18064;182;707.98
2023-03-20;1314;9607;19;244.53
2023-03-20;1314;1439;6;111
2023-03-20;1314;36857;8;28.32
2023-03-20;1314;5345;1;8.04
2023-03-20;1314;13315;2;88.14
2023-03-20;1314;44217;2;78.82
2023-03-20;1314;58701;1;51.67
2023-02-25;841;31330;1;50.39
2023-02-25;841;58701;1;42.8
2023-02-25;841;20635;3;69.66
2023-12-20;1314;62364;1;32.58
2023-02-06;1314;57912;1;10.84
2023-02-06;1314;51957;4;48.92
2023-02-06;1314;15589;0;0
2023-02-06;1314;62782;1;13.61
2023-02-06;1314;35416;4;39.6
2023-02-06;1314;21141;0;0
2023-02-06;1314;35772;0;0
2023-02-18;841;31330;1;50.39
2023-02-18;841;58701;1;42.8
2023-02-18;841;20635;3;69.66
2023-12-12;1314;62364;1;32.58
2023-12-23;841;20635;1;23.33
2023-12-23;841;58701;1;42.86
2023-12-23;841;31330;1;51.5
2023-12-23;841;1439;1;15.1
2023-12-23;841;18064;10;22.5
2023-12-23;841;9607;6;49.14
2023-12-23;841;36857;3;6.06
2023-02-09;1314;57912;1;10.84
2023-02-09;1314;51957;4;48.92
2023-02-09;1314;15589;0;0
2023-02-09;1314;62782;1;13.61
2023-02-09;1314;35416;4;39.6
2023-02-09;1314;21141;0;0
2023-11-16;1314;62364;1;32.58
2023-02-16;1314;57912;1;10.84
2023-02-16;1314;51957;4;48.92
2023-02-16;1314;15589;1;31.75
2023-02-16;1314;62782;1;13.61
2023-02-16;1314;35416;4;39.6
2023-02-16;1314;21141;1;29.59
2023-02-16;1314;35772;0;0
2023-02-16;1314;18064;80;311.2
2023-02-16;1314;9607;20;257.4
2023-02-16;1314;1439;5;92.4
2023-02-16;1314;36857;19;67.26
2023-02-16;1314;5345;0;0
2023-04-03;841;15590;1;31.08
2023-04-03;841;62782;2;11.96
2023-04-03;841;48812;1;5.98
2023-04-03;841;48813;1;4.99
2023-04-03;841;55917;1;8.53
2023-04-03;841;35416;1;5.79
2023-04-03;841;21141;1;25.63
2023-04-03;841;51957;4;23
2023-04-03;841;15589;3;79.41
2023-04-03;841;35772;0;0
2023-04-03;841;18064;15;33.75
2023-04-03;841;9607;3;24
2023-04-03;841;5345;5;24.95
2023-04-03;841;1439;3;45.3
2023-04-03;841;36857;3;3.18
2023-04-03;841;31330;1;50.39
2023-04-03;841;58701;1;42.8
2023-04-03;841;20635;3;69.66
2023-03-06;1314;62364;2;64.6
2023-12-06;1314;57912;1;12.61
2023-12-06;1314;51957;1;12.37
2023-12-06;1314;21141;4;120.52
2023-12-06;1314;15589;12;353.88
2023-12-06;1314;35416;2;29.78
2023-12-06;1314;48812;4;39.64
2023-12-06;1314;48813;4;31.32
2023-12-06;1314;15590;3;121.35
2023-05-02;1314;62364;1;32.3
2023-04-21;1314;13315;2;70.5
2023-04-21;1314;44217;0;0
2023-04-21;1314;58701;2;103.34
2023-04-21;1314;20635;9;270.18
2023-04-21;1314;31330;4;263.84
2023-04-21;1314;57912;11;127.71
2023-04-21;1314;51957;2;24.48
2023-04-21;1314;15589;1;32.11
2023-04-21;1314;62782;1;13.61
2023-04-21;1314;48813;0;0
2023-04-21;1314;35416;0;0
2023-04-21;1314;21141;0;0
2023-04-21;1314;48812;0;0
2023-04-21;1314;35772;0;0
2023-04-21;1314;18064;218;845.84
2023-04-21;1314;9607;19;247.57
2023-04-21;1314;36857;10;31.5
2023-04-21;1314;1439;5;93.4
2023-04-21;1314;5345;3;24.42
2023-02-17;1314;57912;1;10.84
2023-02-17;1314;51957;2;24.46
2023-02-17;1314;15589;1;31.75
2023-02-17;1314;62782;1;13.61
2023-02-17;1314;35416;5;49.5
2023-02-17;1314;21141;1;29.59
2023-02-17;1314;35772;0;0
2023-03-02;841;36857;3;2.22
2023-03-02;841;31330;1;50.39
2023-03-02;841;58701;1;42.8
2023-03-02;841;20635;3;69.66
2023-04-24;1314;62364;1;32.3
2023-05-17;841;18064;60;135
2023-05-17;841;9607;2;16
2023-05-17;841;5345;0;0
2023-05-17;841;36857;4;6.2
2023-05-17;841;58701;1;42.8
2023-05-17;841;31330;2;103
2023-05-17;841;20635;3;69.93
2023-04-14;1314;57912;10;116.1
2023-04-14;1314;51957;2;24.48
2023-04-14;1314;15589;2;64.22
2023-04-14;1314;62782;1;13.61
2023-04-14;1314;48813;0;0
2023-04-14;1314;35416;0;0
2023-04-14;1314;21141;0;0
2023-04-14;1314;48812;1;7.17
2023-04-14;1314;35772;0;0
2023-04-10;1314;18064;202;779.72
2023-04-10;1314;9607;16;206.24
2023-04-10;1314;1439;3;55.53
2023-04-10;1314;36857;10;31.6
2023-04-10;1314;5345;2;16.08
2023-04-10;1314;13315;0;0
2023-04-10;1314;44217;2;78.82
2023-04-10;1314;58701;2;103.34
2023-04-10;1314;20635;4;119.64
2023-04-10;1314;31330;1;65.96
2023-06-19;841;15590;1;31.08
2023-06-19;841;21141;1;25.63
2023-06-19;841;35416;1;5.79
2023-06-19;841;55917;1;9
2023-06-19;841;62782;3;21.03
2023-06-19;841;48812;1;5.98
2023-06-19;841;15589;7;171.29
2023-06-19;841;48813;3;14.97
2023-06-19;841;51957;3;17.13
2023-06-19;841;35772;3;35.76
2023-06-19;841;1439;3;45.3
2023-06-19;841;18064;45;101.25
2023-06-19;841;5345;8;39.92
2023-06-19;841;36857;1;1.62
2023-06-19;841;9607;6;48
2023-06-19;841;58701;1;42.8
2023-06-19;841;31330;2;103
2023-06-19;841;20635;3;70.11
2023-06-19;1314;35416;4;61.56
2023-06-19;1314;21141;0;0
2023-06-19;1314;48812;8;66.72
2023-06-19;1314;18064;226;876.88
2023-06-19;1314;9607;21;276.36
2023-06-19;1314;1439;2;38.28
2023-06-19;1314;36857;10;30.6
2023-06-19;1314;5345;6;49.32
2023-06-19;1314;13315;3;111.93
2023-06-19;1314;44217;3;124.53
2023-06-19;1314;58701;1;51.67
2023-06-19;1314;20635;15;451.2
2023-06-19;1314;31330;0;0
2023-04-07;841;18064;16;36
2023-04-07;841;9607;3;24
2023-04-07;841;1439;3;45.3
2023-04-07;841;5345;5;24.95
2023-04-07;841;36857;3;3.18
2023-04-07;841;31330;1;50.39
2023-04-07;841;58701;1;42.8
2023-04-07;841;20635;3;69.66
2023-04-07;841;15590;1;31.08
2023-04-07;841;62782;2;11.96
2023-04-07;841;48812;1;5.98
2023-04-07;841;48813;1;4.99
2023-04-07;841;55917;1;8.53
2023-04-07;841;35416;1;5.79
2023-04-07;841;21141;1;25.63
2023-04-07;841;51957;4;23
2023-04-07;841;15589;0;0
2023-04-07;841;35772;0;0
2023-05-05;1314;57912;11;127.71
2023-05-05;1314;51957;2;24.48
2023-05-05;1314;15589;2;64.22
2023-05-05;1314;62782;1;13.61
2023-05-05;1314;48813;1;5.99
2023-05-05;1314;35416;3;46.56
2023-05-05;1314;21141;0;0
2023-05-05;1314;48812;3;21.51
2023-05-05;1314;35772;0;0
2023-05-05;1314;58701;2;103.34
2023-05-05;1314;20635;14;420.84
2023-05-05;1314;31330;3;197.88
2023-05-05;1314;18064;213;826.44
2023-05-05;1314;9607;24;314.64
2023-05-05;1314;36857;9;27.81
2023-05-05;1314;1439;6;112.2
2023-05-05;1314;5345;3;24.51
2023-05-05;1314;13315;2;71.92
2023-05-05;1314;44217;1;39.52
2023-03-24;1314;57912;1;10.84
2023-03-24;1314;51957;1;12.23
2023-03-24;1314;15589;0;0
2023-03-24;1314;18064;162;630.18
2023-03-24;1314;9607;23;296.01
2023-03-24;1314;1439;6;111
2023-03-24;1314;36857;6;21.24
2023-03-24;1314;5345;2;16.08
2023-03-24;1314;13315;2;88.14
2023-03-24;1314;44217;2;78.82
2023-03-24;1314;58701;1;51.67
2023-03-24;1314;20635;1;29.67
2023-03-24;1314;31330;0;0
2023-03-24;1314;48813;1;5.99
2023-03-24;1314;62782;1;13.61
2023-03-24;1314;35416;1;9.9
2023-03-24;1314;21141;0;0
2023-03-24;1314;48812;2;14.34
2023-03-24;1314;35772;0;0
2023-12-15;1314;57912;1;12.61
2023-12-15;1314;57814;1;153.62
2023-12-15;1314;51957;1;12.37
2023-12-15;1314;21141;5;150.6
2023-12-15;1314;15589;8;235.92
2023-12-15;1314;35416;1;14.89
2023-12-15;1314;48812;4;39.64
2023-12-15;1314;48813;4;31.32
2023-12-15;1314;15590;3;121.35
2023-12-15;1314;18064;111;431.79
2023-12-15;1314;9607;11;147.18
2023-12-15;1314;1439;4;75.08
2023-12-15;1314;36857;6;20.1
2023-12-15;1314;5345;11;92.18
2023-12-15;1314;58701;1;51.67
2023-12-15;1314;20635;10;300
2023-12-15;1314;31330;5;329.05
2023-12-15;1314;13315;0;0
2023-12-15;1314;44217;3;106.59
2023-02-13;1314;35416;4;39.6
2023-02-13;1314;21141;1;29.59
2023-02-13;1314;35772;0;0
2023-02-13;1314;18064;118;459.02
2023-02-13;1314;9607;22;283.14
2023-02-02;1314;18064;162;630.18
2023-02-02;1314;9607;21;270.27
2023-02-02;1314;1439;3;55.2
2023-02-02;1314;36857;21;74.34
2023-02-02;1314;5345;2;16.08
2023-02-02;1314;13315;3;132.21
2023-02-02;1314;44217;2;78.6
2023-02-02;1314;58701;2;103.34
2023-02-02;1314;20635;7;207.69
2023-02-02;1314;31330;5;325.4
2023-02-18;1314;13315;3;132.21
2023-02-18;1314;44217;1;39.3
2023-02-18;1314;58701;2;103.34
2023-02-18;1314;20635;5;148.35
2023-02-18;1314;31330;5;325.4
2023-03-06;1314;18064;97;377.33
2023-03-06;1314;9607;19;244.53
2023-03-06;1314;1439;6;110.94
2023-03-06;1314;36857;11;38.94
2023-03-06;1314;5345;1;8.04
2023-03-06;1314;13315;2;88.14
2023-03-06;1314;44217;2;78.82
2023-03-06;1314;58701;2;103.34
2023-03-06;1314;20635;3;89.01
2023-03-06;1314;31330;4;260.32
2023-04-20;1314;62364;1;32.3
2023-12-06;841;57912;1;8.32
2023-12-06;841;15590;1;31.08
2023-12-06;841;48812;1;5.98
2023-12-06;841;48813;3;14.97
2023-12-06;841;36857;2;3.6
2023-12-06;841;20635;0;0
2023-12-06;841;58701;1;42.86
2023-12-06;841;31330;1;51.5
2023-12-06;841;62782;3;21.03
2023-12-06;841;42076;1;8.56
2023-12-06;841;35772;3;35.79
2023-12-06;841;55917;1;9.01
2023-12-06;841;35416;1;10.74
2023-12-06;841;51957;2;11.42
2023-12-06;841;15589;3;72.24
2023-12-06;841;21141;2;46.94
2023-12-06;841;1439;2;30.2
2023-12-06;841;18064;24;54
2023-12-06;841;9607;5;40.55
2023-05-29;1314;57912;10;116.1
2023-03-09;841;15590;1;31.08
2023-03-09;841;62782;2;11.96
2023-03-09;841;35416;1;5.79
2023-03-09;841;21141;2;48.86
2023-03-09;841;51957;4;23
2023-03-09;841;15589;3;79.14
2023-03-09;841;35772;0;0
2023-03-09;841;1439;3;44.76
2023-03-09;841;18064;13;30.42
2023-03-09;841;9607;3;24
2023-03-09;841;5345;5;24.95
2023-03-09;841;36857;3;2.22
2023-03-09;841;31330;1;50.39
2023-03-09;841;58701;1;42.8
2023-03-09;841;20635;3;69.66
2023-05-29;1314;62782;1;13.61
2023-05-29;1314;51957;2;24.6
2023-05-29;1314;15589;5;156.7
2023-05-29;1314;48813;3;17.97
2023-05-29;1314;35416;5;75.15
2023-05-29;1314;21141;0;0
2023-05-29;1314;48812;7;50.19
2023-05-29;1314;35772;0;0
2023-05-29;1314;18064;243;942.84
2023-05-29;1314;9607;21;276.15
2023-05-29;1314;1439;6;116.34
2023-05-29;1314;36857;8;24.64
2023-05-29;1314;5345;4;32.88
2023-05-29;1314;13315;2;72.88
2023-05-29;1314;44217;2;82.54
2023-05-29;1314;58701;2;103.34
2023-05-29;1314;20635;13;390.91
2023-05-29;1314;31330;4;263.96
2023-03-15;1314;57912;1;10.84
2023-03-15;1314;51957;2;24.46
2023-03-15;1314;15589;0;0
2023-03-15;1314;62782;1;13.61
2023-03-15;1314;35416;4;39.6
2023-03-15;1314;21141;0;0
2023-03-15;1314;13315;2;88.14
2023-03-15;1314;44217;2;78.82
2023-03-15;1314;58701;1;51.67
2023-03-15;1314;20635;2;59.34
2023-03-15;1314;31330;4;260.32
2023-03-15;1314;35772;0;0
2023-03-15;1314;18064;131;509.59
2023-03-15;1314;9607;19;244.53
2023-03-15;1314;1439;5;92.45
2023-03-15;1314;36857;11;38.94
2023-03-15;1314;5345;1;8.04
2023-03-06;1314;57912;1;10.84
2023-03-06;1314;51957;2;24.46
2023-03-06;1314;15589;0;0
2023-03-06;1314;62782;1;13.61
2023-03-06;1314;35416;3;29.7
2023-03-06;1314;21141;0;0
2023-03-06;1314;35772;0;0
2023-04-21;1314;62364;1;32.3
2023-03-23;1314;57912;1;10.84
2023-03-23;1314;51957;2;24.46
2023-03-23;1314;15589;0;0
2023-03-23;1314;48813;1;5.99
2023-03-23;1314;62782;1;13.61
2023-03-23;1314;35416;1;9.9
2023-03-23;1314;21141;0;0
2023-03-23;1314;48812;3;21.51
2023-03-23;1314;35772;0;0
2023-03-23;1314;18064;185;719.65
2023-03-23;1314;9607;24;308.88
2023-03-23;1314;1439;6;111
2023-03-23;1314;36857;6;21.24
2023-03-23;1314;5345;2;16.08
2023-03-23;1314;13315;2;88.14
2023-03-23;1314;44217;2;78.82
2023-03-23;1314;58701;2;103.34
2023-03-23;1314;20635;1;29.67
2023-03-23;1314;31330;1;65.08
2023-05-11;841;31330;2;103
2023-05-11;841;58701;1;42.8
2023-05-11;841;20635;2;46.44
2023-03-07;1314;62364;2;64.6
2023-05-24;841;18064;60;135
2023-05-24;841;9607;3;24
2023-05-24;841;5345;3;14.97
2023-05-24;841;36857;3;4.65
2023-05-24;841;58701;1;42.8
2023-05-24;841;31330;2;103
2023-05-24;841;20635;2;46.62
2023-05-24;841;15590;1;31.08
2023-05-24;841;35416;1;5.79
2023-05-24;841;48812;1;5.98
2023-05-24;841;15589;1;26.49
2023-05-24;841;21141;1;25.63
2023-05-24;841;62782;0;0
2023-05-24;841;48813;3;14.97
2023-05-24;841;51957;3;17.19
2023-05-24;841;35772;3;35.76
2023-05-24;841;1439;3;45.3
2023-05-22;1314;18064;233;904.04
2023-05-22;1314;9607;19;249.85
2023-05-22;1314;1439;5;96.75
2023-05-22;1314;36857;10;30.8
2023-05-22;1314;5345;3;24.66
2023-05-22;1314;13315;3;109.32
2023-05-22;1314;44217;1;41.27
2023-05-22;1314;58701;2;103.34
2023-05-22;1314;20635;15;451.05
2023-05-22;1314;31330;3;197.94
2023-05-22;1314;62782;1;13.61
2023-05-22;1314;51957;2;24.6
2023-05-22;1314;15589;0;0
2023-05-22;1314;48813;1;5.99
2023-05-22;1314;35416;4;60.24
2023-05-22;1314;21141;0;0
2023-05-22;1314;48812;8;57.36
2023-05-22;1314;35772;1;15.91
2023-12-06;1314;62364;1;32.58
2023-11-02;1314;62364;1;32.58
2023-02-10;1314;57912;1;10.84
2023-04-24;1314;18064;225;873
2023-04-24;1314;9607;18;234.72
2023-04-24;1314;36857;6;18.9
2023-04-24;1314;1439;5;93.4
2023-04-24;1314;5345;3;24.42
2023-04-24;1314;13315;3;107.88
2023-04-24;1314;44217;0;0
2023-04-24;1314;58701;2;103.34
2023-04-24;1314;20635;9;270.27
2023-04-24;1314;31330;4;263.84
2023-04-24;1314;51957;2;24.48
2023-04-24;1314;15589;2;64.22
2023-04-24;1314;62782;1;13.61
2023-04-24;1314;48813;0;0
2023-04-24;1314;35416;0;0
2023-04-24;1314;21141;0;0
2023-04-24;1314;48812;0;0
2023-04-24;1314;35772;0;0
2023-04-24;1314;57912;11;127.71
2023-04-22;1314;62364;1;32.3
2023-05-16;841;15590;1;31.08
2023-05-16;841;35416;1;5.79
2023-05-16;841;62782;1;5.98
2023-05-16;841;48812;1;5.98
2023-05-16;841;55917;0;0
2023-05-16;841;15589;2;52.98
2023-05-16;841;21141;1;25.63
2023-05-16;841;48813;3;14.97
2023-05-16;841;51957;3;17.19
2023-05-16;841;35772;0;0
2023-05-16;841;1439;3;45.3
2023-04-04;1314;62364;2;64.6
2023-04-04;841;15590;1;31.08
2023-04-04;841;62782;2;11.96
2023-04-04;841;48812;1;5.98
2023-04-04;841;48813;1;4.99
2023-04-04;841;55917;1;8.53
2023-04-04;841;35416;1;5.79
2023-04-04;841;21141;1;25.63
2023-04-04;841;51957;4;23
2023-04-04;841;15589;1;26.47
2023-04-04;841;35772;0;0
2023-04-04;841;18064;19;42.75
2023-04-04;841;9607;3;24
2023-04-04;841;5345;5;24.95
2023-04-04;841;1439;3;45.3
2023-04-04;841;36857;3;3.18
2023-04-04;841;31330;1;50.39
2023-04-04;841;58701;1;42.8
2023-04-04;841;20635;3;69.66
2023-06-14;1314;57912;10;116.1
2023-06-14;1314;62782;1;13.61
2023-06-14;1314;51957;2;24.6
2023-06-14;1314;15589;5;149.7
2023-06-14;1314;48813;3;17.97
2023-06-14;1314;35416;2;30.82
2023-06-14;1314;21141;3;91.56
2023-06-14;1314;48812;7;57.47
2023-06-14;1314;18064;247;958.36
2023-06-14;1314;9607;22;289.52
2023-06-14;1314;1439;6;114.84
2023-06-14;1314;36857;8;24.48
2023-06-14;1314;5345;4;32.88
2023-06-14;1314;13315;3;111.93
2023-06-14;1314;44217;2;82.82
2023-06-14;1314;58701;1;51.67
2023-06-14;1314;20635;16;481.28
2023-06-14;1314;31330;1;65.99
2023-05-08;841;20635;2;46.44
2023-05-08;841;1439;3;45.3
2023-05-08;841;18064;75;168.75
2023-05-08;841;9607;3;24
2023-05-08;841;5345;5;24.95
2023-05-08;841;36857;4;6.2
2023-05-08;841;31330;2;103
2023-05-08;841;58701;1;42.8
2023-06-06;1314;62364;2;65.16
2023-02-22;1314;57912;0;0
2023-02-22;1314;51957;2;24.46
2023-02-22;1314;15589;0;0
2023-02-22;1314;62782;1;13.61
2023-02-22;1314;35416;3;29.7
2023-02-22;1314;21141;1;29.59
2023-02-22;1314;35772;0;0
2023-02-22;1314;18064;130;505.7
2023-02-22;1314;9607;23;296.01
2023-04-10;1314;57912;5;58.05
2023-04-10;1314;51957;1;12.12
2023-04-10;1314;15589;0;0
2023-04-10;1314;62782;1;13.61
2023-04-10;1314;48813;1;5.99
2023-04-10;1314;35416;0;0
2023-04-10;1314;21141;1;31.14
2023-04-10;1314;48812;1;7.17
2023-04-10;1314;35772;0;0
2023-04-19;1314;62364;1;32.3
2023-03-08;841;18064;15;35.1
2023-03-08;841;9607;3;24
2023-03-08;841;5345;5;24.95
2023-03-08;841;36857;3;2.22
2023-03-08;841;31330;1;50.39
2023-03-08;841;58701;1;42.8
2023-03-08;841;20635;3;69.66
2023-03-08;841;15590;1;31.08
2023-03-08;841;62782;2;11.96
2023-03-08;841;35416;1;5.79
2023-03-08;841;21141;2;48.86
2023-03-08;841;51957;4;23
2023-03-08;841;15589;3;79.14
2023-03-08;841;35772;0;0
2023-03-08;841;1439;3;44.76
2023-04-26;1314;62364;1;32.3
2023-04-28;1314;31330;4;263.84
2023-04-28;1314;18064;210;814.8
2023-04-28;1314;9607;18;235.26
2023-04-28;1314;36857;5;15.75
2023-04-28;1314;1439;6;112.2
2023-04-28;1314;5345;2;16.28
2023-04-28;1314;13315;3;107.88
2023-04-28;1314;44217;0;0
2023-04-28;1314;58701;2;103.34
2023-04-28;1314;20635;11;330.44
2023-04-28;1314;57912;11;127.71
2023-04-28;1314;51957;2;24.48
2023-04-28;1314;15589;1;32.11
2023-04-28;1314;62782;1;13.61
2023-04-28;1314;48813;1;5.99
2023-04-28;1314;35416;5;77.6
2023-04-28;1314;21141;1;32.85
2023-04-28;1314;48812;2;14.34
2023-04-28;1314;35772;0;0
2023-04-18;1314;62364;1;32.3
2023-03-04;1314;57912;1;10.84
2023-03-04;1314;51957;2;24.46
2023-03-04;1314;15589;0;0
2023-03-04;1314;62782;1;13.61
2023-03-04;1314;35416;4;39.6
2023-03-04;1314;21141;1;29.59
2023-03-04;1314;35772;0;0
2023-03-03;1314;62364;2;64.6
2023-05-27;841;15590;1;31.08
2023-05-27;841;35416;1;5.79
2023-05-27;841;62782;3;21.03
2023-05-27;841;48812;1;5.98
2023-05-27;841;15589;2;52.12
2023-05-27;841;21141;1;25.63
2023-05-27;841;48813;3;14.97
2023-05-27;841;51957;3;17.19
2023-05-27;841;35772;2;23.84
2023-05-27;841;1439;3;45.3
2023-05-27;841;18064;60;135
2023-05-27;841;9607;4;32
2023-05-27;841;5345;4;19.96
2023-05-27;841;36857;4;6.36
2023-05-27;841;58701;1;42.8
2023-05-27;841;31330;2;103
2023-05-27;841;20635;2;46.62
2023-02-11;1314;62364;1;31.12
2023-03-28;1314;62364;2;64.6
2023-04-15;1314;18064;214;828.18
2023-04-15;1314;9607;17;219.98
2023-04-15;1314;1439;3;55.53
2023-04-15;1314;36857;9;28.44
2023-04-15;1314;5345;2;16.2
2023-04-15;1314;13315;1;33.11
2023-04-15;1314;44217;1;39.41
2023-04-15;1314;58701;2;103.34
2023-04-15;1314;20635;13;389.87
2023-04-15;1314;31330;4;263.84
2023-03-28;1314;57912;1;10.84
2023-03-28;1314;51957;1;12.23
2023-03-28;1314;15589;0;0
2023-03-28;1314;62782;1;13.61
2023-03-28;1314;48813;0;0
2023-03-28;1314;1439;5;92.5
2023-03-28;1314;36857;5;16.9
2023-03-28;1314;5345;2;16.08
2023-03-28;1314;13315;2;88.14
2023-03-28;1314;44217;2;78.82
2023-03-28;1314;58701;1;51.67
2023-03-28;1314;20635;3;89.01
2023-03-28;1314;31330;0;0
2023-03-28;1314;35416;2;19.8
2023-03-28;1314;21141;1;29.59
2023-03-28;1314;48812;1;7.17
2023-03-28;1314;35772;0;0
2023-03-28;1314;18064;199;768.14
2023-03-28;1314;9607;24;308.88
2023-06-01;1314;62364;1;32.3
2023-05-22;841;15590;1;31.08
2023-05-22;841;35416;1;5.79
2023-05-22;841;48812;1;5.98
2023-05-22;841;15589;1;26.49
2023-05-22;841;21141;1;25.63
2023-05-22;841;62782;0;0
2023-05-22;841;48813;3;14.97
2023-05-22;841;51957;3;17.19
2023-05-22;841;35772;3;35.76
2023-05-22;841;1439;3;45.3
2023-05-22;841;18064;60;135
2023-05-22;841;9607;3;24
2023-05-22;841;5345;3;14.97
2023-05-22;841;36857;3;4.65
2023-05-22;841;58701;1;42.8
2023-05-22;841;20635;3;69.93
2023-05-22;841;31330;2;103
2023-05-27;1314;62364;1;32.3
2023-06-12;1314;18064;246;954.48
2023-06-12;1314;9607;23;302.68
2023-06-12;1314;1439;6;114.84
2023-06-12;1314;36857;5;15.3
2023-06-12;1314;5345;4;32.88
2023-06-12;1314;13315;2;74.54
2023-06-12;1314;44217;3;124.23
2023-06-12;1314;58701;1;51.67
2023-06-12;1314;20635;16;481.28
2023-06-12;1314;31330;2;131.98
2023-06-12;1314;57912;10;116.1
2023-06-12;1314;62782;1;13.61
2023-06-12;1314;51957;2;24.6
2023-06-12;1314;15589;8;239.52
2023-06-12;1314;48813;5;29.95
2023-06-12;1314;35416;3;46.23
2023-06-12;1314;21141;1;30.52
2023-06-12;1314;48812;6;48.24
2023-06-15;1314;62364;2;65.16
2023-06-15;841;15590;1;31.08
2023-06-15;841;21141;1;25.63
2023-06-15;841;35416;1;5.79
2023-06-15;841;55917;1;9
2023-06-15;841;62782;3;21.03
2023-06-15;841;48812;1;5.98
2023-06-15;841;15589;9;220.5
2023-06-15;841;48813;3;14.97
2023-06-15;841;51957;1;5.72
2023-06-15;841;35772;3;35.76
2023-06-15;841;1439;3;45.3
2023-06-15;841;18064;0;0
2023-06-15;841;5345;6;29.94
2023-06-15;841;36857;3;4.86
2023-06-15;841;9607;6;48
2023-06-15;841;58701;1;42.8
2023-06-15;841;31330;2;103
2023-06-15;841;20635;3;70.11
2023-04-12;841;15590;1;31.08
2023-04-12;841;62782;2;11.96
2023-04-12;841;48812;1;5.98
2023-04-12;841;55917;0;0
2023-04-12;841;48813;1;4.99
2023-04-12;841;35416;1;5.79
2023-04-12;841;21141;1;25.63
2023-04-12;841;51957;4;23
2023-04-12;841;15589;2;52.98
2023-04-12;841;35772;0;0
2023-04-12;841;31330;1;50.39
2023-04-12;841;58701;1;42.8
2023-04-12;841;20635;3;69.66
2023-04-12;841;18064;13;29.25
2023-04-12;841;9607;2;16
2023-04-12;841;36857;1;1.06
2023-04-12;841;1439;3;45.3
2023-04-12;841;5345;5;24.95
2023-03-27;1314;57912;1;10.84
2023-03-27;1314;51957;1;12.23
2023-03-27;1314;15589;0;0
2023-03-27;1314;62782;1;13.61
2023-03-27;1314;48813;1;5.99
2023-03-27;1314;35416;1;9.9
2023-03-27;1314;21141;1;29.59
2023-03-27;1314;48812;1;7.17
2023-03-27;1314;35772;0;0
2023-03-27;1314;18064;159;616.92
2023-03-27;1314;9607;22;283.14
2023-03-27;1314;1439;5;92.5
2023-03-27;1314;36857;5;16.9
2023-03-27;1314;5345;2;16.08
2023-03-27;1314;13315;2;88.14
2023-03-27;1314;44217;2;78.82
2023-03-27;1314;58701;1;51.67
2023-03-27;1314;20635;4;118.68
2023-03-27;1314;31330;0;0
2023-03-07;1314;57912;1;10.84
2023-03-07;1314;51957;2;24.46
2023-03-07;1314;15589;0;0
2023-03-07;1314;62782;1;13.61
2023-03-07;1314;35416;4;39.6
2023-03-07;1314;21141;0;0
2023-03-07;1314;35772;0;0
2023-02-02;841;57912;1;8.62
2023-02-02;841;15590;1;31.08
2023-02-02;841;62782;2;11.96
2023-02-02;841;35416;1;5.79
2023-02-02;841;21141;1;24.43
2023-02-02;841;15589;2;52.3
2023-02-02;841;51957;4;23.56
2023-02-02;841;35772;0;0
2023-05-15;841;1439;3;45.3
2023-05-15;841;18064;62;139.5
2023-05-15;841;9607;0;0
2023-05-15;841;5345;5;24.95
2023-05-15;841;36857;4;6.2
2023-05-15;841;31330;2;103
2023-05-15;841;58701;1;42.8
2023-05-15;841;20635;3;69.93
2023-12-26;1314;62364;1;32.58
2023-06-21;1314;57912;10;116.1
2023-06-21;1314;15590;1;40.43
2023-06-21;1314;62782;1;13.61
2023-06-21;1314;51957;2;24.6
2023-06-21;1314;15589;10;297.4
2023-06-21;1314;48813;5;29.95
2023-06-21;1314;35416;5;76.85
2023-06-21;1314;21141;1;30.47
2023-06-21;1314;48812;8;66.72
2023-06-21;1314;18064;245;950.6
2023-06-21;1314;9607;23;302.68
2023-06-21;1314;1439;1;19.14
2023-06-21;1314;36857;9;27.54
2023-06-21;1314;5345;7;57.54
2023-06-21;1314;13315;3;111.93
2023-06-21;1314;44217;3;124.53
2023-06-21;1314;58701;1;51.67
2023-06-21;1314;20635;16;481.28
2023-06-21;1314;31330;3;198.06
2023-03-04;841;35416;0;0
2023-03-04;841;21141;0;0
2023-03-04;841;51957;3;17.28
2023-03-04;841;15589;3;79.14
2023-03-04;841;35772;0;0
2023-03-04;841;1439;3;44.76
2023-03-04;841;18064;6;14.04
2023-03-04;841;9607;3;24
2023-03-04;841;5345;5;24.95
2023-03-04;841;36857;3;2.22
2023-04-25;1314;62364;1;32.3
2023-04-13;841;15590;1;31.08
2023-04-13;841;62782;2;11.96
2023-04-13;841;48812;1;5.98
2023-04-13;841;55917;0;0
2023-04-13;841;48813;1;4.99
2023-04-13;841;35416;1;5.79
2023-04-13;841;21141;1;25.63
2023-04-13;841;51957;4;23
2023-04-13;841;15589;2;52.98
2023-04-13;841;35772;0;0
2023-04-13;841;18064;9;20.25
2023-04-13;841;9607;2;16
2023-04-13;841;36857;1;1.06
2023-04-13;841;1439;3;45.3
2023-04-13;841;5345;4;19.96
2023-04-13;841;31330;1;50.39
2023-04-13;841;58701;1;42.8
2023-04-13;841;20635;3;69.66
2023-05-02;841;15590;1;31.08
2023-05-02;841;48812;1;5.98
2023-05-02;841;62782;1;5.98
2023-05-02;841;35416;1;5.79
2023-05-02;841;55917;0;0
2023-05-02;841;15589;4;105.96
2023-05-02;841;21141;1;25.63
2023-05-02;841;48813;1;4.99
2023-05-02;841;51957;3;17.25
2023-05-02;841;35772;0;0
2023-04-14;1314;18064;222;859.14
2023-04-14;1314;9607;17;219.98
2023-04-14;1314;1439;3;55.53
2023-04-14;1314;36857;9;28.44
2023-04-14;1314;5345;2;16.2
2023-04-14;1314;13315;1;33.11
2023-04-14;1314;44217;1;39.41
2023-04-14;1314;58701;2;103.34
2023-04-14;1314;20635;14;419.86
2023-04-14;1314;31330;4;263.84
2023-03-30;841;15590;1;31.08
2023-03-30;841;62782;2;11.96
2023-03-30;841;48812;1;5.98
2023-03-30;841;48813;1;4.99
2023-03-30;841;55917;1;8.53
2023-03-30;841;35416;1;5.79
2023-03-30;841;21141;0;0
2023-03-30;841;51957;4;23
2023-03-30;841;15589;2;52.92
2023-03-30;841;35772;0;0
2023-03-30;841;18064;8;18.24
2023-03-30;841;9607;3;24
2023-03-30;841;5345;5;24.95
2023-03-30;841;1439;2;29.84
2023-03-30;841;36857;2;1.48
2023-03-30;841;31330;1;50.39
2023-03-30;841;58701;1;42.8
2023-03-30;841;20635;3;69.66
2023-03-18;1314;13315;2;88.14
2023-03-18;1314;44217;2;78.82
2023-03-18;1314;58701;1;51.67
2023-03-18;1314;20635;1;29.67
2023-03-18;1314;31330;2;130.16
2023-03-18;1314;57912;1;10.84
2023-03-18;1314;51957;2;24.46
2023-03-18;1314;15589;0;0
2023-03-18;1314;62782;1;13.61
2023-03-18;1314;35416;3;29.7
2023-03-18;1314;21141;0;0
2023-03-18;1314;35772;0;0
2023-03-18;1314;18064;189;735.21
2023-03-18;1314;9607;19;244.53
2023-03-18;1314;1439;6;111
2023-03-18;1314;36857;8;28.32
2023-03-18;1314;5345;1;8.04
2023-03-31;1314;35416;2;19.8
2023-03-31;1314;21141;1;29.59
2023-03-31;1314;48812;1;7.17
2023-03-31;1314;35772;0;0
2023-03-31;1314;18064;241;927.85
2023-03-31;1314;9607;23;296.01
2023-03-31;1314;1439;5;92.5
2023-03-31;1314;36857;7;22.82
2023-03-31;1314;5345;1;8.04
2023-03-31;1314;57912;5;58.05
2023-03-31;1314;51957;1;12.23
2023-03-31;1314;15589;2;63.5
2023-03-31;1314;62782;1;13.61
2023-03-31;1314;48813;0;0
2023-03-31;1314;13315;1;44.07
2023-03-31;1314;44217;2;78.82
2023-03-31;1314;58701;1;51.67
2023-03-31;1314;20635;4;118.68
2023-03-31;1314;31330;1;65.08
2023-05-30;1314;62782;1;13.61
2023-05-30;1314;51957;2;24.6
2023-05-30;1314;15589;3;94.02
2023-05-30;1314;48813;2;11.98
2023-05-30;1314;35416;5;75.15
2023-05-30;1314;21141;0;0
2023-05-30;1314;48812;7;50.19
2023-05-30;1314;35772;0;0
2023-02-10;1314;62364;1;31.12
2023-11-14;841;57912;1;8.32
2023-11-14;841;15590;1;31.08
2023-11-14;841;62782;3;21.03
2023-11-14;841;48812;1;5.98
2023-11-14;841;48813;3;14.97
2023-11-14;841;42076;1;8.56
2023-11-14;841;35772;3;35.79
2023-11-14;841;55917;1;9.01
2023-11-14;841;35416;1;10.74
2023-11-14;841;51957;2;11.42
2023-11-14;841;15589;4;96.36
2023-11-14;841;21141;3;70.41
2023-11-14;841;1439;2;30.2
2023-11-14;841;18064;10;22.5
2023-11-14;841;9607;5;40.4
2023-11-14;841;36857;3;5.4
2023-11-14;841;20635;1;23.37
2023-11-14;841;58701;1;42.86
2023-11-14;841;31330;1;51.5
2023-02-17;841;57912;1;8.62
2023-02-17;841;15590;1;31.08
2023-02-17;841;62782;2;11.96
2023-02-17;841;35416;1;5.79
2023-02-17;841;21141;1;24.43
2023-02-17;841;15589;3;79.14
2023-02-17;841;51957;2;11.7
2023-02-17;841;35772;0;0
2023-02-17;841;18064;11;25.74
2023-02-17;841;9607;3;24
2023-02-17;841;5345;4;19.96
2023-02-17;841;1439;3;44.76
2023-02-17;841;36857;2;-0.04
2023-05-01;1314;57912;11;127.71
2023-05-01;1314;51957;2;24.48
2023-05-01;1314;15589;2;64.22
2023-05-01;1314;62782;1;13.61
2023-05-01;1314;48813;2;11.98
2023-05-01;1314;35416;4;62.08
2023-05-01;1314;21141;0;0
2023-05-01;1314;48812;2;14.34
2023-05-01;1314;35772;0;0
2023-05-01;1314;18064;190;737.2
2023-05-01;1314;9607;21;275.1
2023-05-01;1314;36857;4;12.6
2023-05-01;1314;1439;6;112.2
2023-05-01;1314;5345;2;16.28
2023-05-01;1314;13315;2;71.92
2023-05-01;1314;44217;1;39.52
2023-05-01;1314;58701;2;103.34
2023-05-01;1314;20635;11;330.44
2023-05-01;1314;31330;4;263.84
2023-02-03;1314;57912;0;0
2023-02-03;1314;62782;1;13.61
2023-02-03;1314;51957;4;48.92
2023-02-03;1314;15589;0;0
2023-02-03;1314;35416;5;49.5
2023-02-03;1314;21141;0;0
2023-02-03;1314;35772;0;0
2023-05-30;1314;57912;10;116.1
2023-05-25;1314;57912;10;116.1
2023-05-25;1314;62782;1;13.61
2023-12-09;1314;62364;1;32.58
2023-11-02;1314;57912;1;12.61
2023-11-02;1314;62782;1;13.61
2023-11-02;1314;51957;0;0
2023-11-02;1314;15589;14;412.86
2023-11-02;1314;21141;9;271.17
2023-11-02;1314;35416;7;104.23
2023-11-02;1314;48812;3;27.57
2023-11-02;1314;48813;4;30.48
2023-11-02;1314;15590;2;80.9
2023-11-02;1314;18064;156;606.84
2023-11-02;1314;9607;15;197.85
2023-11-02;1314;1439;2;37.84
2023-11-02;1314;36857;9;29.43
2023-11-02;1314;5345;12;99.72
2023-11-02;1314;58701;1;51.67
2023-11-02;1314;20635;8;240.48
2023-11-02;1314;31330;6;394.86
2023-11-02;1314;13315;2;89.52
2023-11-02;1314;44217;4;167.08
2023-02-22;841;31330;1;50.39
2023-02-22;841;58701;1;42.8
2023-02-22;841;20635;3;69.66
2023-03-23;841;31330;1;50.39
2023-03-23;841;58701;1;42.8
2023-03-23;841;20635;3;69.66
2023-03-23;841;1439;3;44.76
2023-03-23;841;18064;14;32.48
2023-03-23;841;9607;4;32
2023-03-23;841;5345;5;24.95
2023-03-23;841;36857;3;2.22
2023-03-23;841;15590;1;31.08
2023-03-23;841;62782;2;11.96
2023-03-23;841;48812;1;5.98
2023-03-23;841;48813;1;4.99
2023-03-23;841;55917;1;8.53
2023-03-23;841;35416;1;5.79
2023-03-23;841;21141;0;0
2023-03-23;841;51957;4;23
2023-03-23;841;15589;1;26.38
2023-03-23;841;35772;0;0
2023-03-15;841;15590;1;31.08
2023-03-15;841;62782;2;11.96
2023-03-15;841;35416;1;5.79
2023-03-15;841;21141;2;48.86
2023-03-15;841;51957;4;23
2023-03-15;841;15589;3;79.14
2023-03-15;841;35772;0;0
2023-03-15;841;1439;3;44.76
2023-03-15;841;18064;17;39.78
2023-03-15;841;9607;4;32
2023-03-15;841;5345;5;24.95
2023-03-15;841;36857;3;2.22
2023-03-15;841;31330;1;50.39
2023-03-15;841;58701;1;42.8
2023-03-15;841;20635;3;69.66
2023-03-08;1314;18064;155;602.95
2023-03-08;1314;9607;21;270.27
2023-03-08;1314;1439;6;110.94
2023-03-08;1314;36857;11;38.94
2023-03-08;1314;5345;1;8.04
2023-03-08;1314;13315;2;88.14
2023-03-08;1314;44217;2;78.82
2023-03-08;1314;58701;2;103.34
2023-03-08;1314;20635;4;118.68
2023-03-08;1314;31330;4;260.32
2023-03-08;1314;57912;1;10.84
2023-03-08;1314;51957;2;24.46
2023-03-08;1314;15589;0;0
2023-03-08;1314;62782;1;13.61
2023-03-08;1314;35416;4;39.6
2023-03-08;1314;21141;0;0
2023-03-08;1314;35772;0;0
2023-05-01;841;15590;1;31.08
2023-05-01;841;48812;1;5.98
2023-05-01;841;62782;1;5.98
2023-05-01;841;35416;1;5.79
2023-05-01;841;55917;0;0
2023-05-01;841;15589;4;105.96
2023-05-01;841;21141;1;25.63
2023-05-01;841;48813;1;4.99
2023-05-01;841;51957;3;17.25
2023-05-01;841;35772;0;0
2023-05-01;841;1439;3;45.3
2023-05-01;841;18064;99;222.75
2023-05-01;841;9607;3;24
2023-05-01;841;5345;5;24.95
2023-05-01;841;36857;4;6.2
2023-05-01;841;31330;2;103
2023-05-01;841;58701;1;42.8
2023-05-01;841;20635;3;69.66
2023-04-17;1314;62364;2;64.6
2023-05-16;1314;57912;10;116.1
2023-05-16;1314;51957;1;12.24
2023-05-16;1314;15589;3;95.25
2023-05-16;1314;62782;1;13.61
2023-05-16;1314;48813;0;0
2023-05-16;1314;35416;1;15.52
2023-05-16;1314;21141;0;0
2023-05-16;1314;48812;7;50.19
2023-05-16;1314;35772;0;0
2023-05-16;1314;18064;252;977.76
2023-05-16;1314;9607;19;249.47
2023-05-16;1314;1439;4;76.88
2023-05-16;1314;36857;8;24.72
2023-05-16;1314;5345;1;8.21
2023-05-16;1314;13315;3;109.32
2023-05-16;1314;44217;0;0
2023-05-16;1314;58701;2;103.34
2023-05-16;1314;20635;13;390.91
2023-05-16;1314;31330;4;263.92
2023-04-22;841;35772;0;0
2023-04-22;841;48813;1;4.99
2023-04-22;841;35416;1;5.79
2023-04-22;841;55917;0;0
2023-04-22;841;15589;4;105.96
2023-04-22;841;21141;1;25.63
2023-04-22;841;51957;3;17.25
2023-04-22;841;1439;3;45.3
2023-04-22;841;18064;105;236.25
2023-04-22;841;9607;2;16
2023-04-22;841;5345;3;14.97
2023-04-22;841;36857;4;6.2
2023-04-22;841;31330;0;0
2023-04-22;841;58701;1;42.8
2023-04-22;841;20635;3;69.66
2023-12-26;1314;57912;1;12.61
2023-12-26;1314;57814;2;307.24
2023-12-26;1314;48813;4;31.32
2023-12-26;1314;51957;1;12.37
2023-12-26;1314;21141;6;180.6
2023-12-26;1314;15589;8;235.92
2023-12-26;1314;35416;2;29.78
2023-12-26;1314;48812;4;39.64
2023-12-26;1314;15590;3;121.35
2023-12-26;1314;18064;90;350.1
2023-12-26;1314;9607;13;174.07
2023-12-26;1314;1439;2;37.54
2023-12-26;1314;36857;5;16.75
2023-12-26;1314;5345;11;92.29
2023-12-26;1314;58701;1;51.67
2023-12-26;1314;20635;7;210
2023-12-26;1314;31330;5;329.05
2023-12-26;1314;13315;1;38.69
2023-12-26;1314;44217;3;106.59
2023-05-04;1314;62364;1;32.3
2023-05-12;841;36857;4;6.2
2023-05-12;841;31330;2;103
2023-05-12;841;58701;1;42.8
2023-05-12;841;20635;3;69.93
2023-02-21;1314;1439;6;110.94
2023-02-21;1314;36857;17;60.18
2023-02-21;1314;5345;2;16.08
2023-02-21;1314;13315;3;132.21
2023-02-21;1314;44217;1;39.3
2023-02-21;1314;58701;2;103.34
2023-02-21;1314;20635;5;148.35
2023-02-21;1314;31330;5;325.4
2023-02-21;841;31330;1;50.39
2023-02-21;841;58701;1;42.8
2023-02-21;841;20635;3;69.66
2023-04-19;841;15590;1;31.08
2023-04-19;841;62782;1;5.98
2023-04-19;841;48812;1;5.98
2023-04-19;841;55917;0;0
2023-04-19;841;48813;1;4.99
2023-04-19;841;35416;1;5.79
2023-04-19;841;21141;1;25.63
2023-04-19;841;15589;2;52.98
2023-04-19;841;51957;3;17.25
2023-04-19;841;35772;1;11.29
2023-04-19;841;31330;1;50.39
2023-04-19;841;58701;1;42.8
2023-04-19;841;20635;3;69.66
2023-04-19;841;1439;3;45.3
2023-04-19;841;18064;110;247.5
2023-04-19;841;9607;2;16
2023-04-19;841;5345;3;14.97
2023-04-19;841;36857;4;6.2
2023-05-15;1314;62364;1;32.3
2023-03-18;841;15590;1;31.08
2023-03-18;841;62782;2;11.96
2023-03-18;841;35416;1;5.79
2023-03-18;841;21141;0;0
2023-03-18;841;51957;4;23
2023-03-18;841;15589;2;52.76
2023-03-18;841;35772;0;0
2023-03-18;841;20635;3;69.66
2023-03-18;841;1439;3;44.76
2023-03-18;841;18064;13;30.42
2023-03-18;841;9607;4;32
2023-03-18;841;5345;5;24.95
2023-03-18;841;36857;3;2.22
2023-03-18;841;31330;1;50.39
2023-03-18;841;58701;1;42.8
2023-12-26;841;57912;1;8.32
2023-12-26;841;57814;3;356.28
2023-12-26;841;15590;2;64.1
2023-12-26;841;48812;1;5.98
2023-12-26;841;48813;3;14.97
2023-12-26;841;62782;3;21.03
2023-12-26;841;35772;1;11.93
2023-12-26;841;42076;5;40.7
2023-12-26;841;51957;2;11.42
2023-12-26;841;55917;1;9.01
2023-12-26;841;35416;1;10.74
2023-12-26;841;15589;4;96.32
2023-12-26;841;21141;3;71.28
2023-12-26;841;20635;1;23.33
2023-12-26;841;58701;1;42.86
2023-12-26;841;31330;1;51.5
2023-12-26;841;1439;1;15.1
2023-12-26;841;18064;5;11.25
2023-12-26;841;9607;6;49.14
2023-12-26;841;5345;1;5.21
2023-12-26;841;36857;3;6.06
2023-07-01;1314;62364;2;65.16
2023-03-13;1314;62364;2;64.6
2023-06-01;1314;62782;1;13.61
2023-06-01;1314;51957;2;24.6
2023-06-01;1314;15589;3;94.02
2023-06-01;1314;48813;2;11.98
2023-06-01;1314;35416;5;75.15
2023-06-01;1314;21141;1;31.01
2023-06-01;1314;48812;7;50.19
2023-06-01;1314;35772;0;0
2023-06-01;1314;18064;236;915.68
2023-06-01;1314;9607;31;407.96
2023-06-01;1314;1439;6;116.34
2023-06-01;1314;36857;7;21.56
2023-06-01;1314;5345;4;32.88
2023-06-01;1314;13315;2;73.82
2023-06-01;1314;44217;2;82.54
2023-06-01;1314;58701;2;103.34
2023-06-01;1314;20635;13;391.04
2023-06-01;1314;31330;4;263.96
2023-05-27;1314;35416;5;75.15
2023-05-27;1314;21141;0;0
2023-05-27;1314;48812;8;57.36
2023-05-27;1314;35772;0;0
2023-05-27;1314;18064;232;900.16
2023-05-27;1314;9607;20;263
2023-05-27;1314;1439;5;96.75
2023-05-27;1314;36857;9;27.72
2023-05-27;1314;5345;5;41.1
2023-03-25;1314;62364;2;64.6
2023-04-06;1314;62364;2;64.6
2023-03-07;841;57912;1;8.62
2023-03-07;841;15590;1;31.08
2023-03-07;841;62782;2;11.96
2023-03-07;841;35416;1;5.79
2023-03-07;841;21141;2;48.86
2023-03-07;841;51957;4;23
2023-03-07;841;15589;3;79.14
2023-03-07;841;35772;0;0
2023-03-07;841;1439;3;44.76
2023-03-07;841;18064;16;37.44
2023-03-07;841;9607;3;24
2023-03-07;841;5345;5;24.95
2023-03-07;841;36857;3;2.22
2023-12-12;1314;57912;1;12.61
2023-12-12;1314;57814;1;153.62
2023-12-12;1314;51957;1;12.37
2023-12-12;1314;21141;5;150.6
2023-12-12;1314;15589;8;235.92
2023-12-12;1314;35416;1;14.89
2023-12-12;1314;48812;4;39.64
2023-12-12;1314;48813;4;31.32
2023-12-12;1314;15590;3;121.35
2023-12-12;1314;18064;132;513.48
2023-12-12;1314;9607;13;173.94
2023-12-12;1314;1439;4;75.08
2023-12-12;1314;36857;6;20.1
2023-12-12;1314;5345;11;92.18
2023-12-12;1314;58701;1;51.67
2023-02-15;841;31330;1;50.39
2023-02-15;841;58701;1;42.8
2023-02-15;841;20635;3;69.66
2023-03-10;1314;57912;1;10.84
2023-03-10;1314;51957;2;24.46
2023-11-06;1314;57912;1;12.61
2023-11-06;1314;62782;1;13.61
2023-11-06;1314;51957;1;12.37
2023-11-06;1314;15589;13;383.37
2023-11-06;1314;21141;9;271.17
2023-11-06;1314;35416;7;104.23
2023-11-06;1314;48812;3;27.57
2023-11-06;1314;48813;4;30.48
2023-11-06;1314;15590;3;121.35
2023-11-06;1314;18064;112;435.68
2023-11-06;1314;9607;13;171.47
2023-11-06;1314;1439;2;37.84
2023-11-06;1314;36857;9;29.43
2023-11-06;1314;5345;11;91.41
2023-11-06;1314;58701;1;51.67
2023-11-06;1314;20635;7;210.42
2023-11-06;1314;31330;6;394.86
2023-11-06;1314;13315;2;89.52
2023-11-06;1314;44217;4;167.08
2023-03-03;841;57912;1;8.62
2023-03-03;841;15590;1;31.08
2023-03-03;841;62782;2;11.96
2023-03-03;841;35416;0;0
2023-03-03;841;21141;0;0
2023-03-03;841;51957;3;17.28
2023-03-03;841;15589;3;79.14
2023-03-03;841;35772;0;0
2023-03-03;841;1439;3;44.76
2023-03-03;841;18064;6;14.04
2023-03-03;841;9607;4;32
2023-03-03;841;5345;5;24.95
2023-03-03;841;36857;3;2.22
2023-05-22;1314;57912;10;116.1
2023-04-14;1314;62364;2;64.6
2023-03-15;1314;62364;2;64.6
2023-02-08;841;57912;1;8.62
2023-02-08;841;15590;1;31.08
2023-02-08;841;62782;2;11.96
2023-02-08;841;35416;1;5.79
2023-02-08;841;21141;0;0
2023-02-08;841;15589;1;26.15
2023-02-08;841;51957;3;17.67
2023-02-08;841;35772;0;0
2023-05-26;1314;13315;2;72.88
2023-05-26;1314;44217;2;82.54
2023-05-26;1314;58701;2;103.34
2023-05-26;1314;20635;13;390.91
2023-05-26;1314;31330;3;197.94
2023-05-26;1314;18064;234;907.92
2023-05-26;1314;9607;20;263
2023-05-26;1314;1439;5;96.75
2023-05-26;1314;36857;9;27.72
2023-05-26;1314;5345;5;41.1
2023-05-24;1314;62782;1;13.61
2023-05-24;1314;51957;2;24.6
2023-05-24;1314;15589;0;0
2023-05-24;1314;48813;2;11.98
2023-05-24;1314;35416;5;75.15
2023-05-24;1314;21141;0;0
2023-05-24;1314;48812;8;57.36
2023-05-24;1314;35772;1;15.91
2023-05-24;1314;18064;212;822.56
2023-05-24;1314;9607;17;223.55
2023-05-24;1314;1439;5;96.75
2023-05-24;1314;36857;10;30.8
2023-05-24;1314;5345;4;32.88
2023-05-24;1314;13315;2;72.88
2023-05-24;1314;44217;2;82.54
2023-05-24;1314;58701;2;103.34
2023-05-24;1314;20635;13;390.91
2023-05-24;1314;31330;3;197.94
2023-02-08;1314;57912;1;10.84
2023-02-08;1314;51957;4;48.92
2023-02-08;1314;15589;0;0
2023-02-08;1314;62782;1;13.61
2023-02-08;1314;35416;4;39.6
2023-02-08;1314;21141;0;0
2023-02-08;1314;35772;0;0
2023-06-27;1314;62364;2;65.16
2023-05-31;1314;1439;6;116.34
2023-05-31;1314;36857;7;21.56
2023-05-31;1314;5345;5;41.1
2023-05-31;1314;13315;2;73.82
2023-05-31;1314;44217;2;82.54
2023-05-31;1314;58701;2;103.34
2023-05-31;1314;20635;13;391.04
2023-05-31;1314;31330;4;263.96
2023-03-21;1314;62364;2;64.6
2023-11-17;1314;57912;1;12.61
2023-11-17;1314;62782;1;13.61
2023-11-17;1314;51957;1;12.37
2023-11-17;1314;15589;6;176.94
2023-11-17;1314;21141;7;210.91
2023-11-17;1314;35416;5;74.45
2023-11-17;1314;48812;3;27.57
2023-11-17;1314;48813;3;22.86
2023-11-17;1314;15590;3;121.35
2023-11-17;1314;18064;107;416.23
2023-11-17;1314;9607;10;132.7
2023-11-17;1314;1439;6;112.62
2023-11-17;1314;36857;3;9.81
2023-11-17;1314;5345;10;83.4
2023-11-17;1314;58701;1;51.67
2023-11-17;1314;20635;5;150.3
2023-11-17;1314;31330;6;394.86
2023-11-17;1314;13315;1;44.76
2023-11-17;1314;44217;3;125.31
2023-02-06;1314;18064;152;591.28
2023-02-06;1314;9607;21;270.27
2023-02-06;1314;1439;3;55.2
2023-02-06;1314;36857;19;67.26
2023-02-06;1314;5345;0;0
2023-11-17;1314;62364;1;32.58
2023-03-03;1314;1439;6;110.94
2023-03-03;1314;36857;11;38.94
2023-03-03;1314;5345;0;0
2023-03-03;1314;13315;2;88.14
2023-03-03;1314;44217;2;78.82
2023-03-03;1314;58701;2;103.34
2023-03-03;1314;20635;5;148.35
2023-03-03;1314;31330;4;260.32
2023-05-04;841;15590;1;31.08
2023-05-04;841;48812;1;5.98
2023-05-04;841;35416;1;5.79
2023-05-04;841;62782;1;5.98
2023-05-04;841;55917;0;0
2023-05-04;841;15589;4;105.96
2023-05-04;841;21141;1;25.63
2023-05-04;841;48813;1;4.99
2023-05-04;841;51957;3;17.25
2023-05-04;841;35772;0;0
2023-05-05;841;15590;1;31.08
2023-05-05;841;35416;1;5.79
2023-05-05;841;62782;1;5.98
2023-05-05;841;48812;1;5.98
2023-05-05;841;55917;0;0
2023-05-05;841;15589;4;105.96
2023-05-05;841;21141;1;25.63
2023-05-05;841;48813;1;4.99
2023-05-05;841;51957;2;11.5
2023-05-05;841;35772;0;0
2023-05-05;841;31330;2;103
2023-05-05;841;58701;1;42.8
2023-05-05;841;20635;2;46.44
2023-05-15;1314;57912;10;116.1
2023-05-15;1314;51957;1;12.24
2023-05-15;1314;15589;3;95.25
2023-05-15;1314;62782;1;13.61
2023-05-15;1314;48813;1;5.99
2023-05-15;1314;35416;2;31.04
2023-05-15;1314;21141;0;0
2023-05-15;1314;48812;7;50.19
2023-05-15;1314;35772;0;0
2023-05-15;1314;18064;265;1028.2
2023-05-15;1314;9607;19;249.47
2023-05-15;1314;1439;4;76.88
2023-05-15;1314;36857;8;24.72
2023-05-15;1314;5345;2;16.42
2023-05-15;1314;13315;3;109.32
2023-05-15;1314;44217;0;0
2023-05-15;1314;58701;2;103.34
2023-05-15;1314;20635;14;420.98
2023-05-15;1314;31330;4;263.92
2023-02-13;841;57912;1;8.62
2023-02-13;841;15590;1;31.08
2023-02-13;841;62782;2;11.96
2023-02-13;841;35416;1;5.79
2023-02-13;841;21141;0;0
2023-02-13;841;15589;2;52.64
2023-02-13;841;51957;2;11.78
2023-02-13;841;35772;0;0
2023-02-13;841;18064;4;9.36
2023-02-13;841;9607;3;24
2023-02-13;841;1439;3;44.76
2023-02-13;841;5345;4;19.96
2023-02-13;841;36857;3;-0.06
2023-05-05;841;1439;3;45.3
2023-05-05;841;18064;91;204.75
2023-05-05;841;9607;3;24
2023-05-05;841;5345;5;24.95
2023-05-05;841;36857;4;6.2
2023-03-31;1314;62364;2;64.6
2023-07-13;841;15590;1;31.08
2023-07-13;841;35416;1;5.79
2023-07-13;841;21141;1;25.63
2023-07-13;841;48812;1;5.98
2023-07-13;841;55917;1;9
2023-07-13;841;62782;3;21.03
2023-07-13;841;15589;10;242.5
2023-07-13;841;48813;1;4.99
2023-07-13;841;51957;2;11.42
2023-07-13;841;35772;3;35.76
2023-07-13;841;1439;3;45.3
2023-07-13;841;18064;37;83.25
2023-07-13;841;9607;2;16
2023-02-28;841;15590;1;31.08
2023-02-28;841;62782;2;11.96
2023-02-28;841;35416;0;0
2023-02-28;841;21141;0;0
2023-02-28;841;51957;2;11.58
2023-02-28;841;15589;3;79.14
2023-02-28;841;35772;0;0
2023-02-28;841;1439;3;44.76
2023-02-28;841;57912;1;8.62
2023-02-04;841;57912;1;8.62
2023-02-04;841;15590;1;31.08
2023-02-04;841;62782;2;11.96
2023-02-04;841;35416;1;5.79
2023-02-04;841;21141;1;24.43
2023-02-04;841;15589;2;52.3
2023-02-04;841;51957;4;23.56
2023-02-04;841;35772;0;0
2023-11-14;1314;57912;1;12.61
2023-11-14;1314;62782;1;13.61
2023-11-14;1314;51957;1;12.37
2023-11-14;1314;58701;1;51.67
2023-11-14;1314;20635;6;180.36
2023-11-14;1314;31330;6;394.86
2023-11-14;1314;13315;1;44.76
2023-11-14;1314;44217;3;125.31
2023-11-14;1314;15589;8;235.92
2023-11-14;1314;21141;8;241.04
2023-11-14;1314;35416;6;89.34
2023-11-14;1314;48812;3;27.57
2023-11-14;1314;48813;3;22.86
2023-11-14;1314;15590;3;121.35
2023-11-14;1314;18064;125;486.25
2023-11-14;1314;9607;10;132.6
2023-11-14;1314;1439;6;112.62
2023-11-14;1314;36857;3;9.81
2023-11-14;1314;5345;10;83.3
2023-03-13;841;15590;1;31.08
2023-03-13;841;62782;2;11.96
2023-03-13;841;35416;1;5.79
2023-03-13;841;21141;2;48.86
2023-03-13;841;51957;4;23
2023-03-13;841;15589;3;79.14
2023-03-13;841;35772;0;0
2023-03-13;841;1439;3;44.76
2023-03-13;841;18064;10;23.4
2023-03-13;841;9607;4;32
2023-03-13;841;5345;5;24.95
2023-03-13;841;36857;3;2.22
2023-03-13;841;31330;1;50.39
2023-03-13;841;58701;1;42.8
2023-03-13;841;20635;3;69.66
2023-12-06;1314;18064;128;497.92
2023-12-06;1314;9607;13;173.55
2023-12-06;1314;1439;4;75.08
2023-12-06;1314;36857;6;20.1
2023-12-06;1314;5345;13;108.94
2023-12-06;1314;58701;1;51.67
2023-12-06;1314;20635;5;150.1
2023-12-06;1314;31330;5;329.05
2023-12-06;1314;13315;1;46.58
2023-12-06;1314;44217;1;41.77
2023-04-28;1314;62364;1;32.3
2023-05-02;1314;57912;11;127.71
2023-05-02;1314;51957;2;24.48
2023-05-02;1314;15589;1;32.11
2023-05-02;1314;62782;1;13.61
2023-05-02;1314;48813;2;11.98
2023-05-02;1314;35416;4;62.08
2023-05-02;1314;21141;0;0
2023-05-02;1314;48812;2;14.34
2023-05-02;1314;35772;0;0
2023-05-02;1314;18064;182;706.16
2023-05-02;1314;9607;21;275.1
2023-05-02;1314;36857;4;12.6
2023-05-02;1314;1439;6;112.2
2023-05-02;1314;5345;2;16.28
2023-05-02;1314;13315;2;71.92
2023-05-02;1314;44217;1;39.52
2023-05-02;1314;58701;2;103.34
2023-05-02;1314;20635;11;330.44
2023-05-02;1314;31330;4;263.84
2023-11-20;841;18064;3;6.75
2023-11-20;841;9607;5;40.4
2023-11-20;841;36857;2;3.6
2023-11-20;841;20635;1;23.37
2023-11-20;841;58701;1;42.86
2023-11-20;841;31330;1;51.5
2023-11-20;841;57912;1;8.32
2023-11-20;841;15590;1;31.08
2023-11-20;841;62782;3;21.03
2023-11-20;841;48812;1;5.98
2023-11-20;841;48813;3;14.97
2023-11-20;841;42076;1;8.56
2023-11-20;841;35772;3;35.79
2023-11-20;841;55917;1;9.01
2023-11-20;841;35416;1;10.74
2023-11-20;841;51957;2;11.42
2023-11-20;841;15589;3;72.27
2023-11-20;841;21141;3;70.41
2023-11-20;841;1439;2;30.2
2023-05-27;1314;57912;10;116.1
2023-05-27;1314;62782;1;13.61
2023-05-27;1314;51957;2;24.6
2023-05-27;1314;15589;2;62.68
2023-05-27;1314;48813;3;17.97
2023-02-04;1314;62364;1;31.12
2023-02-28;1314;62364;2;64.6
2023-03-16;841;15590;1;31.08
2023-03-16;841;62782;2;11.96
2023-03-16;841;35416;1;5.79
2023-03-16;841;21141;1;24.43
2023-03-16;841;51957;4;23
2023-03-16;841;15589;3;79.14
2023-03-16;841;35772;0;0
2023-03-16;841;1439;3;44.76
2023-03-16;841;18064;14;32.76
2023-03-16;841;9607;4;32
2023-03-16;841;5345;5;24.95
2023-03-16;841;36857;3;2.22
2023-03-16;841;31330;1;50.39
2023-03-16;841;58701;1;42.8
2023-03-16;841;20635;3;69.66
2023-11-20;1314;57912;1;12.61
2023-11-20;1314;62782;1;13.61
2023-11-20;1314;51957;1;12.37
2023-11-20;1314;15589;6;176.94
2023-11-20;1314;21141;6;180.78
2023-11-20;1314;35416;5;74.45
2023-11-20;1314;48812;3;27.57
2023-11-20;1314;48813;3;22.86
2023-11-20;1314;15590;3;121.35
2023-11-20;1314;18064;92;357.88
2023-11-20;1314;9607;11;146.19
2023-11-20;1314;1439;6;112.62
2023-11-20;1314;36857;3;9.9
2023-11-20;1314;5345;11;91.85
2023-11-20;1314;58701;1;51.67
2023-11-20;1314;20635;4;120.24
2023-11-20;1314;31330;6;394.86
2023-11-20;1314;13315;1;44.76
2023-11-20;1314;44217;3;125.31
2023-04-20;1314;13315;2;70.5
2023-04-20;1314;44217;0;0
2023-04-20;1314;58701;2;103.34
2023-04-20;1314;20635;10;300.2
2023-04-20;1314;31330;4;263.84
2023-04-19;1314;18064;242;938.96
2023-04-19;1314;9607;21;273.42
2023-04-19;1314;1439;5;93.4
2023-04-19;1314;36857;9;28.44
2023-04-19;1314;5345;3;24.42
2023-04-19;1314;13315;2;70.5
2023-04-19;1314;44217;1;39.41
2023-04-19;1314;58701;2;103.34
2023-04-19;1314;20635;11;330.22
2023-04-19;1314;31330;4;263.84
2023-05-11;841;15590;1;31.08
2023-05-11;841;35416;1;5.79
2023-05-11;841;62782;1;5.98
2023-05-11;841;48812;1;5.98
2023-05-11;841;55917;0;0
2023-05-11;841;15589;4;105.96
2023-05-11;841;21141;1;25.63
2023-05-11;841;48813;3;14.97
2023-05-11;841;51957;2;11.5
2023-05-11;841;35772;0;0
2023-05-11;841;1439;3;45.3
2023-05-11;841;18064;68;153
2023-05-11;841;9607;3;24
2023-05-11;841;5345;5;24.95
2023-05-11;841;36857;4;6.2
2023-05-30;1314;62364;1;32.3
2023-12-12;1314;20635;10;300
2023-12-12;1314;31330;5;329.05
2023-12-12;1314;13315;1;46.58
2023-12-12;1314;44217;3;106.59
2023-11-22;1314;62364;1;32.58
2023-04-19;1314;57912;11;127.71
2023-04-19;1314;51957;2;24.48
2023-04-19;1314;15589;2;64.22
2023-04-19;1314;62782;1;13.61
2023-04-19;1314;48813;0;0
2023-04-19;1314;35416;0;0
2023-04-19;1314;21141;0;0
2023-04-19;1314;48812;2;14.34
2023-04-19;1314;35772;0;0
2023-04-28;841;15590;1;31.08
2023-04-28;841;62782;1;5.98
2023-04-28;841;48812;1;5.98
2023-04-28;841;48813;1;4.99
2023-04-28;841;35416;1;5.79
2023-04-28;841;55917;0;0
2023-04-28;841;15589;4;105.96
2023-04-28;841;21141;1;25.63
2023-04-28;841;51957;3;17.25
2023-04-28;841;35772;0;0
2023-04-28;841;1439;3;45.3
2023-04-28;841;18064;101;227.25
2023-04-28;841;9607;2;16
2023-04-28;841;5345;4;19.96
2023-04-28;841;36857;4;6.2
2023-04-01;1314;62364;2;64.6
2023-05-04;1314;18064;195;756.6
2023-05-04;1314;9607;24;314.64
2023-05-04;1314;36857;9;27.81
2023-05-04;1314;1439;6;112.2
2023-05-04;1314;5345;3;24.51
2023-05-04;1314;13315;2;71.92
2023-05-04;1314;44217;1;39.52
2023-05-04;1314;58701;2;103.34
2023-05-04;1314;20635;10;300.4
2023-05-04;1314;31330;3;197.88
2023-05-04;1314;57912;11;127.71
2023-05-04;1314;51957;2;24.48
2023-05-04;1314;15589;2;64.22
2023-05-04;1314;62782;1;13.61
2023-05-04;1314;48813;1;5.99
2023-05-04;1314;35416;3;46.56
2023-05-04;1314;21141;0;0
2023-05-04;1314;48812;3;21.51
2023-05-04;1314;35772;0;0
2023-03-22;1314;62364;2;64.6
2023-03-22;841;31330;1;50.39
2023-03-22;841;58701;1;42.8
2023-03-22;841;20635;3;69.66
2023-03-22;841;1439;3;44.76
2023-03-22;841;18064;12;28.08
2023-03-22;841;9607;4;32
2023-03-22;841;5345;5;24.95
2023-03-22;841;36857;3;2.22
2023-03-22;1314;57912;1;10.84
2023-03-22;1314;51957;2;24.46
2023-03-22;1314;15589;0;0
2023-03-22;1314;48813;1;5.99
2023-03-22;1314;62782;1;13.61
2023-03-22;1314;35416;1;9.9
2023-03-22;1314;21141;0;0
2023-03-22;1314;48812;3;21.51
2023-03-22;1314;35772;0;0
2023-03-22;1314;18064;195;758.55
2023-03-22;1314;9607;24;308.88
2023-03-22;1314;1439;6;111
2023-03-22;1314;36857;8;28.32
2023-03-22;1314;5345;2;16.08
2023-03-22;1314;13315;2;88.14
2023-03-22;1314;44217;2;78.82
2023-03-22;1314;58701;2;103.34
2023-03-22;1314;20635;3;89.01
2023-03-22;1314;31330;1;65.08
2023-04-21;841;55917;0;0
2023-04-21;841;35772;0;0
2023-04-21;841;48813;1;4.99
2023-04-21;841;35416;1;5.79
2023-04-21;841;15589;3;79.47
2023-04-21;841;21141;1;25.63
2023-04-21;841;51957;3;17.25
2023-04-21;841;1439;3;45.3
2023-04-21;841;18064;105;236.25
2023-04-21;841;9607;2;16
2023-04-21;841;5345;3;14.97
2023-04-21;841;36857;4;6.2
2023-04-21;841;31330;0;0
2023-04-21;841;58701;1;42.8
2023-04-21;841;20635;3;69.66
2023-02-08;1314;13315;3;132.21
2023-02-08;1314;44217;2;78.6
2023-02-08;1314;58701;2;103.34
2023-02-08;1314;20635;6;178.02
2023-02-08;1314;31330;5;325.4
2023-02-08;1314;18064;163;634.07
2023-02-08;1314;9607;20;257.4
2023-02-08;1314;1439;4;73.72
2023-02-08;1314;36857;19;67.26
2023-02-08;1314;5345;0;0
2023-04-13;1314;18064;220;851.4
2023-04-13;1314;9607;17;219.64
2023-04-13;1314;1439;3;55.53
2023-04-13;1314;36857;9;28.44
2023-04-13;1314;5345;2;16.2
2023-04-13;1314;13315;1;33.11
2023-04-13;1314;44217;2;78.82
2023-04-13;1314;58701;2;103.34
2023-04-13;1314;20635;14;419.86
2023-04-13;1314;31330;4;263.84
2023-05-12;1314;20635;16;481.12
2023-05-12;1314;31330;4;263.92
2023-05-12;1314;57912;11;127.71
2023-05-12;1314;51957;1;12.24
2023-05-12;1314;15589;0;0
2023-05-12;1314;62782;1;13.61
2023-05-12;1314;48813;1;5.99
2023-05-12;1314;35416;3;46.56
2023-05-12;1314;21141;0;0
2023-05-12;1314;48812;4;28.68
2023-05-12;1314;35772;0;0
2023-05-12;1314;18064;240;931.2
2023-05-12;1314;9607;15;196.8
2023-05-12;1314;1439;2;37.4
2023-05-12;1314;36857;8;24.72
2023-05-12;1314;5345;1;8.17
2023-05-12;1314;13315;3;109.32
2023-05-12;1314;44217;0;0
2023-05-12;1314;58701;2;103.34
2023-12-15;841;57912;1;8.32
2023-12-15;841;57814;3;356.28
2023-12-15;841;15590;2;64.1
2023-12-15;841;36857;3;6.06
2023-12-15;841;20635;1;23.33
2023-12-15;841;58701;1;42.86
2023-12-15;841;31330;1;51.5
2023-12-15;841;48812;1;5.98
2023-12-15;841;48813;3;14.97
2023-12-15;841;62782;3;21.03
2023-12-15;841;35772;2;23.86
2023-12-15;841;42076;5;40.7
2023-12-15;841;55917;1;9.01
2023-12-15;841;35416;1;10.74
2023-12-15;841;51957;2;11.42
2023-12-15;841;15589;3;72.24
2023-12-15;841;21141;3;71.28
2023-12-15;841;1439;1;15.1
2023-12-15;841;18064;16;36
2023-12-15;841;9607;6;49.02
2023-11-06;841;18064;11;24.75
2023-11-06;841;9607;6;48.48
2023-11-06;841;36857;3;5.4
2023-11-06;841;20635;1;23.37
2023-11-06;841;58701;1;42.86
2023-11-06;841;31330;1;51.5
2023-11-06;841;57912;1;8.32
2023-11-06;841;15590;1;31.08
2023-11-06;841;62782;3;21.03
2023-11-06;841;48812;1;5.98
2023-11-06;841;48813;3;14.97
2023-11-06;841;42076;1;8.56
2023-11-06;841;35772;3;35.79
2023-11-06;841;55917;1;9.01
2023-11-06;841;35416;1;10.74
2023-11-06;841;15589;4;96.36
2023-11-06;841;21141;3;69.12
2023-11-06;841;51957;2;11.42
2023-11-06;841;1439;2;30.2
2023-05-16;1314;62364;1;32.3
2023-11-04;841;15590;1;31.08
2023-11-04;841;62782;3;21.03
2023-11-04;841;48812;1;5.98
2023-11-04;841;48813;3;14.97
2023-11-04;841;42076;1;8.56
2023-11-04;841;35772;3;35.79
2023-11-04;841;55917;1;9.01
2023-11-04;841;35416;1;10.74
2023-11-04;841;15589;4;96.36
2023-11-04;841;21141;3;69.12
2023-11-04;841;51957;2;11.42
2023-11-04;841;1439;2;30.2
2023-11-04;841;18064;14;31.5
2023-11-04;841;9607;4;32
2023-11-04;841;36857;3;5.4
2023-11-04;841;57912;1;8.32
2023-11-04;841;20635;1;23.37
2023-11-04;841;58701;1;42.86
2023-11-04;841;31330;1;51.5
2023-11-14;1314;62364;1;32.58
2023-12-27;1314;57912;1;12.61
2023-12-27;1314;57814;2;307.24
2023-12-27;1314;48813;4;31.32
2023-12-27;1314;51957;1;12.37
2023-12-27;1314;1439;2;37.54
2023-12-27;1314;36857;5;16.75
2023-12-27;1314;5345;12;100.68
2023-12-27;1314;58701;1;51.67
2023-12-27;1314;20635;7;210
2023-12-27;1314;31330;5;329.05
2023-12-27;1314;13315;1;38.69
2023-12-27;1314;44217;3;106.59
2023-12-27;1314;21141;6;180.6
2023-12-27;1314;15589;8;235.92
2023-12-27;1314;35416;2;29.78
2023-12-27;1314;48812;4;39.64
2023-12-27;1314;15590;3;121.35
2023-12-27;1314;18064;84;326.76
2023-12-27;1314;9607;13;174.07
2023-03-18;1314;62364;2;64.6
2023-03-04;1314;62364;2;64.6
2023-02-10;841;57912;1;8.62
2023-02-10;841;15590;1;31.08
2023-02-10;841;62782;2;11.96
2023-02-10;841;35416;1;5.79
2023-02-10;841;21141;0;0
2023-02-10;841;15589;1;26.15
2023-02-10;841;51957;3;17.67
2023-02-10;841;35772;0;0
2023-02-10;841;18064;2;4.68
2023-02-10;841;9607;3;24
2023-02-10;841;1439;3;44.76
2023-02-10;841;5345;5;24.95
2023-02-10;841;36857;2;-0.04
2023-02-10;841;31330;1;50.39
2023-02-10;841;58701;1;42.8
2023-02-10;841;20635;2;46.18
2023-05-26;1314;62364;1;32.3
2023-04-26;841;1439;3;45.3
2023-04-26;841;18064;103;231.75
2023-04-26;841;9607;2;16
2023-04-26;841;5345;2;9.98
2023-04-26;841;36857;4;6.2
2023-04-26;841;31330;1;51.5
2023-04-26;841;58701;1;42.8
2023-04-26;841;20635;3;69.66
2023-04-26;841;15590;1;31.08
2023-04-26;841;62782;1;5.98
2023-04-26;841;48812;1;5.98
2023-04-26;841;35772;0;0
2023-04-26;841;48813;0;0
2023-04-26;841;35416;1;5.79
2023-04-26;841;55917;0;0
2023-04-26;841;15589;4;105.96
2023-04-26;841;21141;1;25.63
2023-04-26;841;51957;3;17.25
2023-06-19;1314;62364;2;65.16
2023-04-07;1314;21141;0;0
2023-04-07;1314;48812;2;14.34
2023-04-07;1314;35772;0;0
2023-04-07;1314;18064;185;712.25
2023-04-07;1314;9607;17;218.79
2023-04-07;1314;1439;4;74.04
2023-04-07;1314;36857;9;28.53
2023-04-07;1314;5345;2;16.08
2023-04-07;1314;57912;5;58.05
2023-04-07;1314;51957;1;12.12
2023-04-07;1314;15589;0;0
2023-04-07;1314;62782;1;13.61
2023-04-07;1314;48813;1;5.99
2023-04-07;1314;35416;1;9.9
2023-04-12;1314;62364;2;64.6
2023-06-07;1314;62364;2;65.16
2023-03-31;841;15590;1;31.08
2023-03-31;841;62782;2;11.96
2023-03-31;841;48812;1;5.98
2023-03-31;841;48813;1;4.99
2023-03-31;841;55917;1;8.53
2023-03-31;841;35416;1;5.79
2023-03-31;841;21141;0;0
2023-03-31;841;51957;4;23
2023-03-31;841;15589;2;52.92
2023-03-31;841;35772;0;0
2023-03-31;841;18064;4;9.12
2023-03-31;841;9607;3;24
2023-03-31;841;5345;5;24.95
2023-03-31;841;1439;2;29.84
2023-03-31;841;36857;2;1.48
2023-03-31;841;31330;1;50.39
2023-03-31;841;58701;1;42.8
2023-03-31;841;20635;3;69.66
2023-12-09;841;57912;1;8.32
2023-12-09;841;57814;3;356.28
2023-12-09;841;15590;2;64.1
2023-12-09;841;48812;1;5.98
2023-12-09;841;48813;3;14.97
2023-12-09;841;62782;3;21.03
2023-12-09;841;42076;1;8.56
2023-12-09;841;35772;3;35.79
2023-12-09;841;55917;1;9.01
2023-12-09;841;35416;0;0
2023-12-09;841;51957;2;11.42
2023-12-09;841;15589;3;72.24
2023-12-09;841;21141;3;71.28
2023-12-09;841;1439;1;15.1
2023-12-09;841;18064;21;47.25
2023-12-09;841;9607;5;40.55
2023-12-09;841;36857;1;1.8
2023-12-09;841;20635;0;0
2023-12-09;841;58701;1;42.86
2023-12-09;841;31330;1;51.5
2023-03-21;841;15590;1;31.08
2023-03-21;841;62782;2;11.96
2023-03-21;841;48812;0;0
2023-03-21;841;48813;0;0
2023-03-21;841;55917;0;0
2023-03-21;841;35416;1;5.79
2023-03-21;841;21141;0;0
2023-03-21;841;51957;4;23
2023-03-21;841;15589;1;26.38
2023-03-21;841;35772;0;0
2023-03-21;841;20635;3;69.66
2023-03-21;841;1439;3;44.76
2023-03-21;841;18064;10;23.4
2023-03-21;841;9607;4;32
2023-03-21;841;5345;5;24.95
2023-03-21;841;36857;3;2.22
2023-03-21;841;31330;1;50.39
2023-03-21;841;58701;1;42.8
2023-05-29;1314;62364;1;32.3
2023-02-27;1314;57912;0;0
2023-02-27;1314;51957;2;24.46
2023-02-27;1314;15589;0;0
2023-02-27;1314;62782;1;13.61
2023-02-27;1314;35416;2;19.8
2023-02-27;1314;21141;0;0
2023-02-27;1314;35772;0;0
2023-05-02;841;31330;2;103
2023-05-02;841;58701;1;42.8
2023-05-02;841;20635;2;46.44
2023-05-02;841;1439;3;45.3
2023-05-02;841;18064;97;218.25
2023-05-02;841;9607;3;24
2023-05-02;841;5345;5;24.95
2023-05-02;841;36857;4;6.2
2023-04-27;1314;62364;1;32.3
2023-04-27;841;31330;1;51.5
2023-04-27;841;58701;1;42.8
2023-04-27;841;20635;3;69.66
2023-04-27;841;1439;3;45.3
2023-04-27;841;18064;103;231.75
2023-04-27;841;9607;2;16
2023-04-27;841;5345;2;9.98
2023-04-27;841;36857;4;6.2
2023-04-27;841;15590;1;31.08
2023-04-27;841;62782;1;5.98
2023-04-27;841;48812;1;5.98
2023-04-27;841;35772;0;0
2023-04-27;841;48813;0;0
2023-04-27;841;35416;1;5.79
2023-04-27;841;55917;0;0
2023-04-27;841;15589;4;105.96
2023-04-27;841;21141;1;25.63
2023-04-27;841;51957;3;17.25
2023-05-15;841;15590;1;31.08
2023-05-15;841;35416;1;5.79
2023-05-15;841;62782;1;5.98
2023-05-15;841;48812;1;5.98
2023-05-15;841;55917;0;0
2023-05-15;841;15589;2;52.98
2023-05-15;841;21141;1;25.63
2023-05-15;841;48813;3;14.97
2023-05-15;841;51957;3;17.19
2023-05-15;841;35772;0;0
2023-05-27;1314;13315;2;72.88
2023-05-27;1314;44217;2;82.54
2023-05-27;1314;58701;2;103.34
2023-05-27;1314;20635;12;360.84
2023-05-27;1314;31330;3;197.94
2023-05-31;841;15590;1;31.08
2023-05-31;841;21141;1;25.63
2023-05-31;841;35416;1;5.79
2023-05-31;841;62782;3;21.03
2023-05-31;841;48812;1;5.98
2023-05-31;841;15589;2;51.14
2023-05-31;841;48813;3;14.97
2023-05-31;841;51957;2;11.46
2023-05-31;841;35772;2;23.84
2023-05-31;841;1439;3;45.3
2023-05-31;841;18064;60;135
2023-05-31;841;9607;8;64
2023-05-31;841;5345;4;19.96
2023-05-31;841;36857;3;4.77
2023-05-31;841;58701;1;42.8
2023-05-31;841;31330;2;103
2023-05-31;841;20635;3;70.11
2023-07-27;1314;62364;1;32.58
2023-07-17;1314;62364;2;65.16
2023-05-06;1314;62364;1;32.3
2023-08-14;1314;62364;1;32.58
2023-04-29;1314;57912;11;127.71
2023-04-29;1314;51957;2;24.48
2023-04-29;1314;15589;2;64.22
2023-04-29;1314;62782;1;13.61
2023-04-29;1314;48813;2;11.98
2023-04-29;1314;35416;5;77.6
2023-04-29;1314;21141;1;32.85
2023-04-29;1314;48812;3;21.51
2023-04-29;1314;35772;0;0
2023-04-29;1314;18064;237;919.56
2023-04-29;1314;9607;21;274.89
2023-04-29;1314;36857;4;12.6
2023-04-29;1314;1439;6;112.2
2023-04-29;1314;5345;2;16.28
2023-04-29;1314;13315;2;71.92
2023-04-29;1314;44217;1;39.52
2023-04-29;1314;58701;2;103.34
2023-04-29;1314;20635;11;330.44
2023-04-29;1314;31330;4;263.84
2023-07-19;841;15590;1;31.08
2023-07-19;841;35416;1;5.79
2023-07-19;841;21141;0;0
2023-07-19;841;62782;3;21.03
2023-07-19;841;48812;1;5.98
2023-07-19;841;55917;1;9
2023-07-19;841;15589;9;218.25
2023-07-19;841;48813;3;14.97
2023-07-19;841;51957;3;17.13
2023-07-19;841;35772;3;35.76
2023-07-19;841;1439;3;45.3
2023-07-19;841;18064;35;78.75
2023-07-19;841;9607;4;32
2023-07-19;841;5345;9;44.91
2023-07-19;841;36857;5;8.55
2023-09-26;1314;62364;1;32.58
2023-09-15;841;31330;1;51.5
2023-09-15;841;20635;2;46.74
2023-09-15;841;58701;1;42.86
2023-06-19;1314;57912;10;116.1
2023-06-19;1314;62782;1;13.61
2023-06-19;1314;51957;2;24.6
2023-06-19;1314;15589;8;238.4
2023-06-19;1314;48813;2;11.98
2023-06-08;841;58701;1;42.8
2023-06-08;841;31330;2;103
2023-06-08;841;20635;3;70.11
2023-06-21;841;15590;1;31.08
2023-06-21;841;21141;1;25.63
2023-06-21;841;35416;1;5.79
2023-06-21;841;55917;1;9
2023-06-21;841;62782;3;21.03
2023-06-21;841;48812;1;5.98
2023-06-21;841;15589;6;146.34
2023-06-21;841;48813;3;14.97
2023-06-21;841;51957;3;17.13
2023-06-21;841;35772;3;35.76
2023-06-21;841;1439;3;45.3
2023-06-21;841;18064;45;101.25
2023-06-21;841;5345;9;44.91
2023-06-21;841;36857;3;5.04
2023-06-21;841;9607;5;40
2023-06-21;841;58701;1;42.8
2023-06-21;841;31330;2;103
2023-06-21;841;20635;3;70.11
2024-01-05;1314;57912;1;12.61
2024-01-05;1314;57814;2;307.24
2023-08-31;841;15590;1;31.08
2023-08-31;841;48812;1;5.98
2023-08-31;841;42076;1;8.56
2023-08-31;841;55917;1;9
2023-08-31;841;62782;3;21.03
2023-06-23;841;18064;44;99
2023-06-23;841;5345;8;39.92
2023-06-23;841;36857;3;5.04
2023-06-23;841;9607;5;40
2023-06-23;841;58701;0;0
2023-06-23;841;31330;2;103
2023-06-23;841;20635;3;70.11
2023-06-23;841;15590;1;31.08
2023-06-23;841;21141;1;25.63
2023-06-23;841;48812;1;5.98
2023-06-23;841;35416;1;5.79
2023-06-23;841;55917;1;9
2023-06-23;841;62782;3;21.03
2023-06-23;841;15589;8;194.64
2023-06-23;841;48813;3;14.97
2023-06-23;841;51957;3;17.13
2023-06-23;841;35772;3;35.76
2023-06-23;841;1439;3;45.3
2023-08-31;841;35416;1;10.74
2023-08-31;841;15589;5;120.75
2023-08-31;841;21141;3;59.13
2023-08-31;841;48813;3;14.97
2023-08-31;841;51957;3;17.13
2023-08-31;841;35772;3;35.79
2023-08-31;841;1439;2;30.2
2023-08-31;841;18064;29;65.25
2023-08-31;841;9607;6;48
2023-08-31;841;5345;5;25.35
2023-08-31;841;36857;4;6.84
2023-08-31;841;31330;0;0
2023-08-31;841;20635;2;46.74
2023-08-31;841;58701;1;42.86
2023-05-31;1314;62364;1;32.3
2023-07-14;841;31330;2;103
2023-07-14;841;20635;3;70.11
2023-07-14;841;58701;1;42.86
2023-06-06;841;58701;1;42.8
2023-06-06;841;31330;2;103
2023-06-06;841;20635;3;70.11
2023-04-20;841;36857;4;6.2
2023-04-20;841;31330;1;50.39
2023-04-20;841;58701;1;42.8
2023-04-20;841;20635;3;69.66
2023-04-20;841;15590;1;31.08
2023-04-20;841;62782;1;5.98
2023-04-20;841;48812;0;0
2023-04-20;841;55917;0;0
2023-04-20;841;48813;1;4.99
2023-04-20;841;35416;1;5.79
2023-04-20;841;15589;3;79.47
2023-04-20;841;21141;1;25.63
2023-04-20;841;51957;3;17.25
2023-04-20;841;35772;1;11.29
2023-04-20;841;1439;3;45.3
2023-04-20;841;18064;105;236.25
2023-04-20;841;9607;2;16
2023-04-20;841;5345;3;14.97
2023-08-18;1314;62364;1;32.58
2023-03-27;1314;62364;2;64.6
2023-04-11;1314;62364;2;64.6
2023-04-06;1314;57912;5;58.05
2023-04-06;1314;51957;1;12.12
2023-04-06;1314;15589;1;31.75
2023-04-06;1314;62782;1;13.61
2023-04-06;1314;48813;0;0
2023-04-06;1314;35416;2;19.8
2023-04-06;1314;21141;0;0
2023-04-06;1314;48812;2;14.34
2023-04-06;1314;35772;0;0
2023-04-06;1314;18064;170;654.5
2023-04-06;1314;9607;21;270.27
2023-04-06;1314;1439;6;111.06
2023-04-06;1314;36857;9;28.53
2023-04-06;1314;5345;1;8.04
2023-04-06;1314;13315;1;44.07
2023-04-06;1314;44217;2;78.82
2023-04-06;1314;58701;1;51.67
2023-04-06;1314;20635;1;29.67
2023-04-06;1314;31330;0;0
2023-04-05;1314;57912;5;58.05
2023-04-05;1314;51957;1;12.12
2023-04-05;1314;15589;1;31.75
2023-04-05;1314;62782;1;13.61
2023-04-05;1314;48813;0;0
2023-04-05;1314;35416;2;19.8
2023-04-05;1314;21141;0;0
2023-04-05;1314;48812;2;14.34
2023-04-05;1314;35772;0;0
2023-04-05;1314;18064;174;669.9
2023-04-05;1314;9607;22;283.14
2023-04-05;1314;1439;6;111.06
2023-04-05;1314;36857;9;28.53
2023-04-05;1314;5345;1;8.04
2023-04-05;1314;13315;1;44.07
2023-04-05;1314;44217;2;78.82
2023-04-05;1314;58701;1;51.67
2023-04-05;1314;20635;1;29.67
2023-04-05;1314;31330;0;0
2023-03-09;1314;18064;152;591.28
2023-03-09;1314;9607;21;270.27
2023-03-09;1314;1439;5;92.45
2023-03-09;1314;36857;11;38.94
2023-03-09;1314;5345;1;8.04
2023-03-09;1314;13315;2;88.14
2023-03-09;1314;44217;2;78.82
2023-03-09;1314;58701;1;51.67
2023-03-09;1314;20635;4;118.68
2023-03-09;1314;31330;4;260.32
2023-03-09;1314;57912;1;10.84
2023-03-09;1314;51957;2;24.46
2023-03-09;1314;15589;0;0
2023-03-09;1314;62782;1;13.61
2023-03-09;1314;35416;4;39.6
2023-03-09;1314;21141;0;0
2023-03-09;1314;35772;0;0
2023-03-25;841;15590;1;31.08
2023-03-25;841;62782;2;11.96
2023-03-25;841;48812;1;5.98
2023-03-25;841;48813;0;0
2023-03-25;841;55917;1;8.53
2023-03-25;841;35416;1;5.79
2023-03-25;841;21141;1;24.43
2023-03-25;841;51957;4;23
2023-03-25;841;15589;3;79.38
2023-03-25;841;35772;0;0
2023-03-25;841;31330;1;50.39
2023-03-25;841;58701;1;42.8
2023-03-25;841;20635;3;69.66
2023-03-25;841;1439;2;29.84
2023-03-25;841;18064;16;36.64
2023-03-25;841;9607;4;32
2023-03-25;841;5345;5;24.95
2023-03-25;841;36857;3;2.22
2023-03-25;1314;57912;1;10.84
2023-03-25;1314;51957;1;12.23
2023-03-25;1314;15589;0;0
2023-03-25;1314;62782;1;13.61
2023-03-25;1314;48813;1;5.99
2023-03-25;1314;35416;1;9.9
2023-03-25;1314;21141;1;29.59
2023-03-25;1314;48812;2;14.34
2023-03-25;1314;35772;0;0
2023-03-25;1314;18064;172;667.36
2023-03-25;1314;9607;24;308.88
2023-03-25;1314;1439;5;92.5
2023-03-25;1314;36857;8;27.04
2023-03-25;1314;5345;2;16.08
2023-03-25;1314;13315;2;88.14
2023-03-25;1314;44217;2;78.82
2023-03-25;1314;58701;1;51.67
2023-03-25;1314;20635;4;118.68
2023-03-25;1314;31330;0;0
2023-07-12;841;18064;38;85.5
2023-07-12;841;9607;1;8
2023-07-12;841;36857;3;5.13
2023-07-12;841;5345;9;44.91
2023-07-12;841;31330;2;103
2023-07-12;841;20635;3;70.11
2023-07-12;841;58701;1;42.86
2023-06-16;841;15590;1;31.08
2023-06-16;841;21141;1;25.63
2023-06-16;841;35416;1;5.79
2023-06-16;841;55917;1;9
2023-06-16;841;58701;1;42.8
2023-06-16;841;31330;2;103
2023-06-16;841;20635;3;70.11
2023-06-16;841;62782;3;21.03
2023-06-16;841;48812;1;5.98
2023-06-16;841;15589;9;220.23
2023-06-16;841;48813;3;14.97
2023-06-16;841;51957;1;5.72
2023-06-16;841;35772;3;35.76
2023-06-16;841;1439;3;45.3
2023-06-16;841;18064;46;103.5
2023-06-16;841;5345;7;34.93
2023-06-16;841;36857;1;1.62
2023-06-16;841;9607;6;48
2023-06-17;1314;57912;10;116.1
2023-06-17;1314;62782;1;13.61
2023-06-17;1314;51957;2;24.6
2023-06-17;1314;15589;9;268.2
2023-06-17;1314;48813;2;11.98
2023-04-22;1314;35772;0;0
2023-04-22;1314;18064;222;861.36
2023-04-22;1314;9607;20;260.8
2023-04-22;1314;36857;10;31.5
2023-04-22;1314;1439;5;93.4
2023-04-22;1314;5345;3;24.42
2023-04-22;1314;57912;11;127.71
2023-04-22;1314;51957;2;24.48
2023-04-22;1314;15589;1;32.11
2023-04-22;1314;62782;1;13.61
2023-04-22;1314;48813;0;0
2023-04-22;1314;35416;0;0
2023-04-22;1314;21141;0;0
2023-04-22;1314;48812;0;0
2023-04-22;1314;13315;2;70.5
2023-04-22;1314;44217;0;0
2023-04-22;1314;58701;2;103.34
2023-04-22;1314;20635;9;270.18
2023-04-22;1314;31330;4;263.84
2023-06-10;841;18064;0;0
2023-06-10;841;5345;5;24.95
2023-06-10;841;36857;3;4.86
2023-06-10;841;9607;7;56
2023-06-10;841;58701;1;42.8
2023-06-10;841;31330;2;103
2023-06-10;841;20635;3;70.11
2023-06-10;841;15590;1;31.08
2023-06-10;841;21141;1;25.63
2023-06-10;841;35416;1;5.79
2023-06-10;841;55917;1;9
2023-06-10;841;62782;3;21.03
2023-06-10;841;48812;1;5.98
2023-06-10;841;15589;8;196.24
2023-06-10;841;48813;3;14.97
2023-06-10;841;51957;3;17.16
2023-06-10;841;35772;2;23.84
2023-06-10;841;1439;3;45.3
2023-07-13;1314;62364;2;65.16
2023-07-31;1314;62364;1;32.58
2023-08-14;841;20635;3;70.11
2023-08-14;841;31330;2;103
2023-08-14;841;58701;1;42.86
2023-07-14;1314;57912;7;81.27
2023-07-14;1314;15590;1;40.43
2023-07-14;1314;62782;1;13.61
2023-07-14;1314;51957;2;24.6
2023-07-14;1314;15589;12;355.8
2023-07-14;1314;48813;4;23.96
2023-07-14;1314;35416;4;60.48
2023-07-14;1314;21141;1;25.23
2023-07-14;1314;48812;8;67.6
2023-07-14;1314;1439;6;112.08
2023-07-14;1314;18064;226;876.88
2023-07-14;1314;9607;24;316.08
2023-07-14;1314;36857;8;24.4
2023-07-14;1314;5345;6;49.62
2023-07-14;1314;13315;3;127.47
2023-07-14;1314;44217;2;83.02
2023-07-14;1314;58701;1;51.67
2023-07-14;1314;20635;13;391.04
2023-07-14;1314;31330;4;264.08
2023-08-09;1314;18064;226;876.88
2023-08-09;1314;9607;17;223.89
2023-08-09;1314;1439;4;74.24
2023-08-09;1314;36857;11;33.55
2023-08-09;1314;5345;7;58.03
2023-08-09;1314;44217;2;83.28
2023-08-09;1314;58701;2;103.34
2023-08-09;1314;20635;13;391.17
2023-08-09;1314;31330;5;330.1
2023-08-09;1314;13315;3;131.55
2023-07-06;1314;57912;7;81.27
2023-07-06;1314;15590;0;0
2023-07-06;1314;62782;1;13.61
2023-07-06;1314;51957;2;24.6
2023-07-06;1314;15589;10;296.8
2023-07-06;1314;48813;5;29.95
2023-07-06;1314;13315;3;127.47
2023-07-06;1314;44217;3;124.53
2023-07-06;1314;58701;2;103.34
2023-07-06;1314;20635;14;421.12
2023-07-06;1314;31330;2;132.04
2023-07-06;1314;35416;3;46.05
2023-07-06;1314;21141;0;0
2023-07-06;1314;48812;8;67.6
2023-07-06;1314;18064;231;896.28
2023-07-06;1314;9607;21;276.57
2023-07-06;1314;1439;6;112.08
2023-07-06;1314;36857;5;15.25
2023-07-06;1314;5345;3;24.66
2023-05-25;1314;62364;1;32.3
2023-05-16;841;18064;62;139.5
2023-05-16;841;9607;0;0
2023-05-16;841;5345;0;0
2023-05-16;841;36857;4;6.2
2023-05-16;841;31330;2;103
2023-05-16;841;58701;1;42.8
2023-05-16;841;20635;3;69.93
2023-05-23;841;1439;3;45.3
2023-05-23;841;18064;60;135
2023-05-23;841;9607;3;24
2023-05-23;841;5345;3;14.97
2023-05-23;841;36857;3;4.65
2023-05-23;841;58701;1;42.8
2023-05-23;841;20635;3;69.93
2023-05-23;841;31330;2;103
2023-05-23;841;15590;1;31.08
2023-05-23;841;35416;1;5.79
2023-05-23;841;48812;1;5.98
2023-05-23;841;15589;1;26.49
2023-05-23;841;21141;1;25.63
2023-05-23;841;62782;0;0
2023-05-23;841;48813;3;14.97
2023-05-23;841;51957;3;17.19
2023-05-23;841;35772;3;35.76
2023-05-10;1314;57912;11;127.71
2023-05-10;1314;51957;2;24.48
2023-05-10;1314;15589;1;31.75
2023-05-10;1314;62782;1;13.61
2023-05-10;1314;48813;0;0
2023-05-10;1314;35416;3;46.56
2023-05-10;1314;21141;1;32.89
2023-05-10;1314;48812;3;21.51
2023-05-10;1314;35772;0;0
2023-05-10;1314;18064;224;869.12
2023-05-10;1314;9607;15;196.8
2023-05-10;1314;1439;2;37.4
2023-05-10;1314;36857;8;24.72
2023-05-10;1314;5345;1;8.17
2023-05-10;1314;13315;3;109.32
2023-05-10;1314;44217;0;0
2023-05-10;1314;58701;2;103.34
2023-05-10;1314;20635;16;481.12
2023-05-10;1314;31330;3;197.88
2023-08-14;841;15590;1;31.08
2023-08-14;841;42076;1;8.56
2023-08-14;841;55917;1;9
2023-08-14;841;21141;1;19.71
2023-08-14;841;62782;3;21.03
2023-08-14;841;48812;1;5.98
2023-08-14;841;35416;1;10.74
2023-08-14;841;15589;7;169.61
2023-08-14;841;48813;3;14.97
2023-08-14;841;51957;3;17.13
2023-08-14;841;35772;1;11.92
2023-08-14;841;1439;2;30.2
2023-08-14;841;18064;47;105.75
2023-08-14;841;9607;4;32
2023-08-14;841;5345;5;24.95
2023-08-14;841;36857;4;6.84
2023-07-03;841;15590;1;31.08
2023-07-03;841;35416;1;5.79
2023-07-03;841;21141;1;25.63
2023-07-03;841;48812;1;5.98
2023-07-03;841;48813;3;14.97
2023-07-03;841;55917;1;9
2023-07-03;841;62782;3;21.03
2023-07-03;841;15589;10;242.5
2023-07-03;841;51957;3;17.13
2023-07-03;841;35772;2;23.84
2023-07-03;841;1439;3;45.3
2023-07-03;841;18064;38;85.5
2023-07-03;841;5345;9;44.91
2023-07-03;841;36857;3;5.13
2023-07-03;841;9607;5;40
2023-06-21;1314;62364;2;65.16
2023-07-13;841;36857;3;5.13
2023-07-13;841;5345;9;44.91
2023-07-13;841;31330;2;103
2023-07-13;841;20635;3;70.11
2023-07-13;841;58701;1;42.86
2023-06-09;841;15590;1;31.08
2023-06-09;841;21141;1;25.63
2023-06-09;841;35416;1;5.79
2023-06-09;841;62782;3;21.03
2023-06-09;841;48812;1;5.98
2023-06-09;841;55917;1;9
2023-06-09;841;15589;9;220.77
2023-06-09;841;48813;3;14.97
2023-06-09;841;51957;3;17.16
2023-06-09;841;35772;2;23.84
2023-06-09;841;1439;3;45.3
2023-06-09;841;18064;0;0
2023-06-09;841;9607;7;56
2023-06-09;841;5345;7;34.93
2023-06-09;841;36857;3;4.86
2023-04-12;1314;18064;227;878.49
2023-04-12;1314;9607;18;232.56
2023-04-12;1314;1439;3;55.53
2023-04-12;1314;36857;10;31.6
2023-04-12;1314;5345;2;16.2
2023-04-12;1314;13315;1;33.11
2023-04-12;1314;44217;2;78.82
2023-04-12;1314;58701;2;103.34
2023-04-12;1314;20635;14;419.86
2023-04-12;1314;31330;4;263.84
2023-05-09;1314;62364;1;32.3
2023-07-10;841;18064;40;90
2023-07-10;841;9607;2;16
2023-07-10;841;36857;3;5.13
2023-07-10;841;5345;9;44.91
2023-07-10;841;31330;2;103
2023-07-10;841;20635;3;70.11
2023-07-10;841;58701;1;42.86
2023-07-12;841;15590;1;31.08
2023-07-12;841;35416;1;5.79
2023-07-12;841;21141;1;25.63
2023-07-12;841;48812;1;5.98
2023-07-12;841;55917;1;9
2023-07-12;841;62782;3;21.03
2023-07-12;841;15589;10;242.5
2023-07-12;841;48813;1;4.99
2023-07-12;841;51957;2;11.42
2023-07-12;841;35772;3;35.76
2023-07-12;841;1439;3;45.3
2023-06-22;1314;62364;2;65.16
2023-06-05;1314;62364;2;65.16
2023-04-20;1314;57912;11;127.71
2023-04-20;1314;51957;2;24.48
2023-04-20;1314;15589;1;32.11
2023-04-20;1314;62782;1;13.61
2023-04-20;1314;48813;0;0
2023-04-20;1314;35416;0;0
2023-04-20;1314;21141;0;0
2023-04-20;1314;48812;2;14.34
2023-04-20;1314;35772;0;0
2023-04-20;1314;18064;235;911.8
2023-04-20;1314;9607;21;273.63
2023-04-20;1314;36857;10;31.5
2023-04-20;1314;1439;5;93.4
2023-04-20;1314;5345;3;24.42
2023-05-03;1314;18064;196;760.48
2023-05-03;1314;9607;22;288.2
2023-05-03;1314;36857;9;27.81
2023-05-03;1314;1439;6;112.2
2023-05-03;1314;5345;2;16.28
2023-05-03;1314;13315;2;71.92
2023-05-03;1314;44217;1;39.52
2023-05-03;1314;58701;2;103.34
2023-05-03;1314;20635;11;330.44
2023-05-03;1314;31330;4;263.84
2023-05-03;1314;57912;11;127.71
2023-05-03;1314;51957;2;24.48
2023-05-03;1314;15589;2;64.22
2023-05-03;1314;62782;1;13.61
2023-05-03;1314;48813;1;5.99
2023-05-03;1314;35416;3;46.56
2023-05-03;1314;21141;0;0
2023-05-03;1314;48812;4;28.68
2023-05-03;1314;35772;0;0
2023-06-20;1314;62364;2;65.16
2023-06-20;1314;57912;10;116.1
2023-06-20;1314;15590;1;40.43
2023-06-20;1314;62782;1;13.61
2023-06-20;1314;51957;2;24.6
2023-06-20;1314;15589;11;327.14
2023-06-20;1314;48813;4;23.96
2023-06-20;1314;35416;5;76.85
2023-06-20;1314;21141;0;0
2023-06-20;1314;48812;8;66.72
2023-06-20;1314;18064;238;923.44
2023-06-20;1314;9607;22;289.52
2023-06-20;1314;1439;1;19.14
2023-06-20;1314;36857;9;27.54
2023-06-20;1314;5345;7;57.54
2023-06-20;1314;13315;3;111.93
2023-06-20;1314;44217;3;124.53
2023-06-20;1314;58701;1;51.67
2023-06-20;1314;20635;16;481.28
2023-06-20;1314;31330;2;132.04
2023-06-17;841;15590;1;31.08
2023-06-17;841;21141;1;25.63
2023-06-17;841;35416;1;5.79
2023-06-17;841;55917;1;9
2023-06-17;841;62782;3;21.03
2023-06-17;841;48812;1;5.98
2023-06-17;841;15589;8;195.76
2023-06-17;841;48813;3;14.97
2023-06-17;841;51957;1;5.72
2023-06-17;841;35772;3;35.76
2023-06-17;841;1439;3;45.3
2023-06-17;841;18064;45;101.25
2023-06-17;841;5345;7;34.93
2023-06-17;841;36857;1;1.62
2023-06-17;841;9607;6;48
2023-06-17;841;58701;1;42.8
2023-06-17;841;31330;2;103
2023-06-17;841;20635;3;70.11
2023-05-23;1314;62364;1;32.3
2023-07-04;841;15590;1;31.08
2023-07-04;841;35416;1;5.79
2023-07-04;841;21141;1;25.63
2023-07-04;841;48812;1;5.98
2023-07-04;841;48813;3;14.97
2023-07-04;841;55917;1;9
2023-07-04;841;62782;3;21.03
2023-07-04;841;15589;10;242.5
2023-07-04;841;51957;3;17.13
2023-07-04;841;35772;2;23.84
2023-07-04;841;1439;3;45.3
2023-07-04;841;18064;38;85.5
2023-07-04;841;5345;9;44.91
2023-07-04;841;36857;3;5.13
2023-07-04;841;9607;5;40
2023-08-02;1314;62364;1;32.58
2023-05-03;1314;62364;1;32.3
2023-05-25;841;15590;1;31.08
2023-05-25;841;35416;1;5.79
2023-05-25;841;48812;1;5.98
2023-05-25;841;15589;3;78.18
2023-05-25;841;21141;1;25.63
2023-05-25;841;62782;3;21.03
2023-05-25;841;48813;3;14.97
2023-05-25;841;51957;3;17.19
2023-05-25;841;35772;2;23.84
2023-05-25;841;1439;3;45.3
2023-05-25;841;18064;60;135
2023-05-25;841;9607;4;32
2023-05-25;841;5345;5;24.95
2023-05-25;841;36857;4;6.36
2023-05-25;841;58701;1;42.8
2023-05-25;841;31330;2;103
2023-05-25;841;20635;2;46.62
2023-05-03;841;1439;3;45.3
2023-05-03;841;18064;91;204.75
2023-05-03;841;9607;3;24
2023-05-03;841;5345;5;24.95
2023-05-03;841;36857;4;6.2
2023-05-03;841;15590;1;31.08
2023-05-03;841;48812;1;5.98
2023-05-03;841;35416;1;5.79
2023-05-03;841;62782;1;5.98
2023-05-03;841;55917;0;0
2023-05-03;841;15589;4;105.96
2023-05-03;841;21141;1;25.63
2023-05-03;841;48813;1;4.99
2023-05-03;841;51957;3;17.25
2023-05-03;841;35772;0;0
2023-05-03;841;31330;2;103
2023-05-03;841;58701;1;42.8
2023-05-03;841;20635;2;46.44
2023-06-29;841;15590;1;31.08
2023-06-29;841;35416;1;5.79
2023-06-29;841;21141;1;25.63
2023-06-29;841;48812;1;5.98
2023-06-29;841;48813;3;14.97
2023-06-29;841;55917;1;9
2023-06-29;841;62782;3;21.03
2023-06-29;841;15589;5;121.5
2023-06-29;841;51957;3;17.13
2023-06-29;841;35772;3;35.76
2023-06-29;841;1439;3;45.3
2023-06-29;841;18064;41;92.25
2023-06-29;841;5345;8;39.92
2023-06-29;841;36857;3;5.04
2023-06-29;841;9607;5;40
2023-06-29;841;58701;1;42.86
2023-06-29;841;31330;2;103
2023-06-29;841;20635;3;70.11
2023-08-10;1314;18064;223;865.24
2023-08-10;1314;9607;17;223.89
2023-08-10;1314;1439;4;74.24
2023-08-10;1314;36857;11;33.55
2023-08-10;1314;5345;5;41.45
2023-08-10;1314;44217;2;83.28
2023-08-10;1314;58701;2;103.34
2023-08-10;1314;20635;11;330.99
2023-08-10;1314;31330;5;330.1
2023-08-10;1314;13315;3;131.55
2023-06-17;1314;35416;3;46.29
2023-06-17;1314;21141;2;61.04
2023-06-17;1314;48812;8;66.72
2023-06-17;1314;18064;228;884.64
2023-06-17;1314;9607;20;263.2
2023-06-17;1314;1439;2;38.28
2023-06-17;1314;36857;10;30.6
2023-06-17;1314;5345;6;49.32
2023-06-17;1314;13315;3;111.93
2023-06-17;1314;44217;2;82.82
2023-06-17;1314;58701;1;51.67
2023-06-17;1314;20635;16;481.28
2023-06-17;1314;31330;0;0
2023-04-17;841;15590;1;31.08
2023-04-17;841;62782;1;5.98
2023-04-17;841;48812;1;5.98
2023-04-17;841;55917;0;0
2023-04-17;841;48813;1;4.99
2023-04-17;841;35416;1;5.79
2023-04-17;841;21141;1;25.63
2023-04-17;841;51957;4;23
2023-04-17;841;15589;2;52.98
2023-04-17;841;35772;1;11.29
2023-04-17;841;18064;54;121.5
2023-04-17;841;9607;1;8
2023-04-17;841;5345;3;14.97
2023-04-17;841;36857;3;4.47
2023-04-17;841;1439;3;45.3
2023-04-17;841;31330;1;50.39
2023-04-17;841;58701;1;42.8
2023-04-17;841;20635;3;69.66
2023-04-17;1314;57912;10;116.1
2023-04-17;1314;51957;2;24.48
2023-04-17;1314;15589;1;32.11
2023-04-17;1314;62782;1;13.61
2023-04-17;1314;48813;0;0
2023-04-17;1314;35416;0;0
2023-04-17;1314;21141;0;0
2023-04-17;1314;48812;0;0
2023-04-17;1314;35772;0;0
2023-04-17;1314;18064;204;789.48
2023-04-17;1314;9607;15;194.1
2023-04-17;1314;1439;2;37.02
2023-04-17;1314;36857;9;28.44
2023-04-17;1314;5345;2;16.2
2023-04-17;1314;13315;1;33.11
2023-04-17;1314;44217;1;39.41
2023-04-17;1314;58701;2;103.34
2023-04-17;1314;20635;9;269.91
2023-04-17;1314;31330;4;263.84
2023-08-24;1314;62364;1;32.58
2023-08-10;1314;62364;1;32.58
2023-07-05;841;15590;1;31.08
2023-07-05;841;35416;1;5.79
2023-07-05;841;21141;1;25.63
2023-07-05;841;48812;1;5.98
2023-07-05;841;48813;3;14.97
2023-07-05;841;55917;1;9
2023-07-05;841;62782;3;21.03
2023-07-05;841;15589;10;242.5
2023-07-05;841;51957;3;17.13
2023-07-05;841;35772;2;23.84
2023-07-05;841;1439;3;45.3
2023-07-05;841;18064;38;85.5
2023-07-05;841;36857;3;5.13
2023-07-05;841;5345;9;44.91
2023-07-05;841;9607;5;40
2023-07-05;841;31330;2;103
2023-07-05;841;20635;3;70.11
2023-07-05;841;58701;1;42.86
2023-03-03;841;31330;1;50.39
2023-03-03;841;58701;1;42.8
2023-03-03;841;20635;3;69.66
2023-06-16;1314;57912;10;116.1
2023-06-16;1314;62782;1;13.61
2023-06-16;1314;51957;2;24.6
2023-06-16;1314;15589;9;268.2
2023-06-16;1314;48813;2;11.98
2023-05-20;841;15590;1;31.08
2023-05-20;841;35416;1;5.79
2023-05-20;841;48812;1;5.98
2023-05-20;841;15589;1;26.49
2023-05-20;841;21141;1;25.63
2023-05-20;841;62782;0;0
2023-05-20;841;48813;3;14.97
2023-05-20;841;51957;3;17.19
2023-05-20;841;35772;3;35.76
2023-05-20;841;1439;3;45.3
2023-05-20;841;18064;60;135
2023-05-20;841;9607;3;24
2023-05-20;841;5345;3;14.97
2023-05-20;841;36857;4;6.2
2023-05-20;841;58701;1;42.8
2023-05-20;841;20635;3;69.93
2023-05-20;841;31330;2;103
2023-06-30;841;15590;1;31.08
2023-06-30;841;35416;1;5.79
2023-06-30;841;21141;1;25.63
2023-06-30;841;48812;1;5.98
2023-06-30;841;48813;3;14.97
2023-06-30;841;55917;1;9
2023-06-30;841;62782;3;21.03
2023-06-30;841;15589;4;97.2
2023-06-30;841;51957;3;17.13
2023-06-30;841;35772;3;35.76
2023-06-30;841;1439;3;45.3
2023-06-30;841;18064;41;92.25
2023-06-30;841;5345;8;39.92
2023-06-30;841;36857;0;0
2023-06-30;841;9607;5;40
2023-06-30;841;58701;1;42.86
2023-06-30;841;31330;2;103
2023-06-30;841;20635;3;70.11
2023-07-03;1314;57912;7;81.27
2023-07-03;1314;15590;1;40.43
2023-07-03;1314;62782;1;13.61
2023-07-03;1314;51957;2;24.6
2023-07-03;1314;15589;10;296.9
2023-07-03;1314;48813;5;29.95
2023-07-03;1314;35416;4;61.4
2023-07-03;1314;21141;1;14.9
2023-07-03;1314;48812;8;67.6
2023-07-03;1314;18064;253;981.64
2023-07-03;1314;9607;18;236.88
2023-07-03;1314;1439;6;112.08
2023-07-03;1314;36857;6;18.3
2023-07-03;1314;5345;5;41.1
2023-07-03;1314;13315;0;0
2023-07-03;1314;44217;3;124.53
2023-07-03;1314;58701;2;103.34
2023-07-03;1314;20635;14;421.12
2023-07-03;1314;31330;3;198.06
2023-06-13;1314;18064;253;981.64
2023-06-13;1314;9607;22;289.52
2023-06-13;1314;1439;6;114.84
2023-06-13;1314;36857;8;24.48
2023-06-13;1314;5345;5;41.1
2023-06-13;1314;13315;3;111.93
2023-06-13;1314;44217;2;82.82
2023-06-13;1314;58701;1;51.67
2023-06-13;1314;20635;16;481.28
2023-06-13;1314;31330;2;131.98
2023-06-13;1314;57912;10;116.1
2023-06-13;1314;62782;1;13.61
2023-06-13;1314;51957;2;24.6
2023-06-13;1314;15589;8;239.52
2023-06-13;1314;48813;5;29.95
2023-06-13;1314;35416;2;30.82
2023-06-13;1314;21141;3;91.56
2023-06-13;1314;48812;7;57.47
2023-08-15;841;20635;3;70.11
2023-08-15;841;31330;2;103
2023-08-15;841;58701;1;42.86
2023-08-29;1314;62364;1;32.58
2023-07-15;841;15590;1;31.08
2023-07-15;841;35416;1;5.79
2023-07-15;841;21141;1;25.63
2023-07-15;841;62782;3;21.03
2023-07-15;841;48812;1;5.98
2023-07-15;841;55917;1;9
2023-07-15;841;15589;9;218.25
2023-07-15;841;48813;3;14.97
2023-07-15;841;51957;3;17.13
2023-07-15;841;35772;3;35.76
2023-07-15;841;1439;3;45.3
2023-07-15;841;18064;41;92.25
2023-07-15;841;9607;4;32
2023-07-15;841;36857;4;6.84
2023-07-15;841;5345;9;44.91
2023-06-12;1314;62364;2;65.16
2023-07-11;1314;57912;7;81.27
2023-07-11;1314;15590;1;40.43
2023-07-11;1314;62782;1;13.61
2023-07-11;1314;51957;2;24.6
2023-07-11;1314;15589;13;385.45
2023-07-11;1314;48813;4;23.96
2023-07-11;1314;35416;4;60.48
2023-07-11;1314;21141;1;25.23
2023-07-11;1314;48812;8;67.6
2023-07-11;1314;1439;7;130.76
2023-07-11;1314;18064;252;977.76
2023-07-11;1314;9607;24;316.08
2023-07-11;1314;36857;10;30.5
2023-07-11;1314;5345;6;49.62
2023-07-11;1314;13315;3;127.47
2023-07-11;1314;44217;3;124.53
2023-07-11;1314;58701;1;51.67
2023-07-11;1314;20635;14;421.12
2023-07-11;1314;31330;4;264.08
2023-09-13;1314;1439;3;55.47
2023-09-13;1314;36857;11;34.21
2023-09-13;1314;5345;7;58.03
2023-09-13;1314;58701;1;51.67
2023-09-13;1314;20635;9;270.81
2023-09-13;1314;31330;4;264.08
2023-09-13;1314;13315;3;134.28
2023-09-13;1314;44217;2;83.54
2023-09-13;1314;15589;9;265.59
2023-09-13;1314;21141;2;50.64
2023-09-13;1314;35416;3;44.76
2023-09-13;1314;48812;4;36.04
2023-09-13;1314;15590;3;121.35
2023-09-13;1314;48813;2;11.98
2023-09-13;1314;18064;152;589.76
2023-09-13;1314;9607;7;92.26
2023-07-12;1314;62364;2;65.16
2023-06-03;1314;62364;1;32.3
2023-08-17;841;21141;1;19.71
2023-08-17;841;15590;1;31.08
2023-08-17;841;48812;1;5.98
2023-08-17;841;42076;1;8.56
2023-08-17;841;55917;1;9
2023-08-17;841;62782;3;21.03
2023-08-17;841;35416;1;10.74
2023-08-17;841;15589;4;96.92
2023-08-17;841;48813;3;14.97
2023-08-17;841;51957;3;17.13
2023-08-17;841;35772;1;11.92
2023-08-17;841;1439;2;30.2
2023-08-17;841;18064;44;99
2023-08-17;841;9607;1;8
2023-08-17;841;5345;5;24.95
2023-08-17;841;36857;4;6.84
2023-08-17;841;31330;2;103
2023-08-17;841;20635;3;70.11
2023-08-17;841;58701;1;42.86
2023-07-19;841;31330;2;103
2023-07-19;841;20635;3;70.11
2023-07-19;841;58701;1;42.86
2023-07-07;841;15590;1;31.08
2023-07-07;841;35416;1;5.79
2023-07-07;841;21141;1;25.63
2023-07-07;841;48812;1;5.98
2023-07-07;841;48813;2;9.98
2023-07-07;841;55917;1;9
2023-07-07;841;62782;3;21.03
2023-07-07;841;15589;10;242.5
2023-07-07;841;51957;2;11.42
2023-07-07;841;35772;2;23.84
2023-07-07;841;1439;3;45.3
2023-07-07;841;18064;42;94.5
2023-07-07;841;36857;3;5.13
2023-07-07;841;5345;9;44.91
2023-07-07;841;9607;4;32
2023-05-06;841;1439;3;45.3
2023-05-06;841;18064;82;184.5
2023-05-06;841;9607;3;24
2023-05-06;841;5345;5;24.95
2023-05-06;841;36857;4;6.2
2023-05-06;841;31330;2;103
2023-05-06;841;58701;1;42.8
2023-05-06;841;15590;1;31.08
2023-05-06;841;35416;1;5.79
2023-05-06;841;62782;1;5.98
2023-05-06;841;48812;1;5.98
2023-05-06;841;55917;0;0
2023-05-06;841;15589;4;105.96
2023-05-06;841;21141;1;25.63
2023-05-06;841;48813;3;14.97
2023-05-06;841;51957;2;11.5
2023-05-06;841;35772;0;0
2023-05-06;841;20635;2;46.44
2023-04-08;1314;62364;2;64.6
2023-07-13;1314;57912;7;81.27
2023-07-13;1314;15590;1;40.43
2023-07-13;1314;62782;1;13.61
2023-07-13;1314;51957;2;24.6
2023-07-13;1314;15589;12;355.8
2023-07-13;1314;48813;4;23.96
2023-07-13;1314;35416;4;60.48
2023-07-13;1314;21141;1;25.23
2023-07-13;1314;48812;8;67.6
2023-07-13;1314;1439;6;112.08
2023-06-05;841;58701;1;42.8
2023-06-05;841;31330;2;103
2023-06-05;841;20635;3;70.11
2023-06-05;841;35772;2;23.84
2023-06-05;841;1439;3;45.3
2023-06-05;841;18064;60;135
2023-06-05;841;9607;7;56
2023-06-05;841;5345;8;39.92
2023-06-05;841;36857;3;4.86
2023-07-10;1314;18064;206;799.28
2023-07-10;1314;9607;21;276.57
2023-07-10;1314;1439;7;130.76
2023-07-10;1314;36857;5;15.25
2023-07-10;1314;5345;2;16.44
2023-07-10;1314;13315;3;127.47
2023-07-10;1314;44217;3;124.53
2023-07-10;1314;58701;1;51.67
2023-07-10;1314;20635;12;360.96
2023-07-10;1314;31330;2;132.04
2023-07-10;1314;57912;7;81.27
2023-07-10;1314;15590;0;0
2023-07-10;1314;62782;1;13.61
2023-07-10;1314;51957;2;24.6
2023-07-10;1314;15589;9;267.03
2023-07-10;1314;48813;4;23.96
2023-07-10;1314;35416;2;30.7
2023-07-10;1314;21141;0;0
2023-07-10;1314;48812;8;67.6
2023-07-10;841;15590;1;31.08
2023-07-10;841;35416;1;5.79
2023-07-10;841;21141;1;25.63
2023-07-10;841;48812;1;5.98
2023-07-10;841;55917;1;9
2023-07-10;841;62782;3;21.03
2023-07-10;841;15589;11;266.75
2023-07-10;841;48813;1;4.99
2023-07-10;841;51957;2;11.42
2023-07-10;841;35772;3;35.76
2023-07-10;841;1439;3;45.3
2023-07-21;841;18064;39;87.75
2023-07-21;841;9607;3;24
2023-07-21;841;5345;9;44.91
2023-07-21;841;36857;5;8.55
2023-07-21;841;31330;2;103
2023-07-21;841;20635;3;70.11
2023-07-21;841;58701;1;42.86
2023-07-13;1314;18064;237;919.56
2023-07-13;1314;9607;24;316.08
2023-07-13;1314;36857;8;24.4
2023-07-13;1314;5345;6;49.62
2023-07-13;1314;13315;3;127.47
2023-07-13;1314;44217;3;124.53
2023-07-13;1314;58701;1;51.67
2023-07-13;1314;20635;13;391.04
2023-07-13;1314;31330;4;264.08
2023-07-14;1314;62364;2;65.16
2023-06-14;841;15590;1;31.08
2023-06-14;841;21141;1;25.63
2023-06-14;841;35416;1;5.79
2023-06-14;841;55917;1;9
2023-06-14;841;62782;3;21.03
2023-06-14;841;48812;1;5.98
2023-06-14;841;15589;8;196.24
2023-06-14;841;48813;3;14.97
2023-06-14;841;51957;1;5.72
2023-06-14;841;35772;2;23.84
2023-06-14;841;1439;3;45.3
2023-06-14;841;18064;0;0
2023-06-14;841;5345;3;14.97
2023-06-14;841;36857;3;4.86
2023-06-14;841;9607;6;48
2023-06-14;841;58701;1;42.8
2023-06-14;841;31330;2;103
2023-06-14;841;20635;3;70.11
2023-06-17;1314;62364;2;65.16
2023-05-08;1314;57912;11;127.71
2023-05-08;1314;51957;2;24.48
2023-05-08;1314;15589;2;64.22
2023-05-08;1314;62782;1;13.61
2023-05-08;1314;48813;1;5.99
2023-05-08;1314;35416;3;46.56
2023-05-08;1314;21141;0;0
2023-05-08;1314;48812;2;14.34
2023-05-08;1314;35772;0;0
2023-05-08;1314;18064;186;721.68
2023-05-08;1314;9607;18;235.98
2023-05-08;1314;1439;5;93.5
2023-05-08;1314;36857;9;27.81
2023-05-08;1314;5345;3;24.51
2023-05-08;1314;13315;2;71.92
2023-05-08;1314;44217;1;39.52
2023-05-08;1314;58701;2;103.34
2023-05-08;1314;20635;14;420.84
2023-05-08;1314;31330;3;197.88
2023-05-24;1314;62364;1;32.3
2023-05-24;1314;57912;10;116.1
2023-07-12;1314;18064;245;950.6
2023-07-12;1314;9607;24;316.08
2023-07-12;1314;36857;10;30.5
2023-07-12;1314;5345;6;49.62
2023-07-12;1314;13315;3;127.47
2023-07-12;1314;44217;3;124.53
2023-07-12;1314;58701;1;51.67
2023-07-12;1314;20635;13;391.04
2023-07-12;1314;31330;4;264.08
2023-07-12;1314;57912;7;81.27
2023-07-12;1314;15590;1;40.43
2023-07-12;1314;62782;1;13.61
2023-07-12;1314;51957;2;24.6
2023-07-12;1314;15589;12;355.8
2023-07-12;1314;48813;4;23.96
2023-07-12;1314;35416;4;60.48
2023-07-12;1314;21141;1;25.23
2023-07-12;1314;48812;8;67.6
2023-07-12;1314;1439;6;112.08
2023-07-04;1314;62364;2;65.16
2023-07-18;1314;62364;2;65.16
2023-08-09;841;18064;20;45
2023-08-09;841;9607;5;40
2023-08-09;841;5345;6;29.94
2023-08-09;841;36857;4;6.84
2023-08-09;841;20635;3;70.11
2023-08-09;841;31330;2;103
2023-08-09;841;58701;1;42.86
2023-07-27;841;18064;30;67.5
2023-07-27;841;9607;4;32
2023-07-27;841;36857;3;5.13
2023-07-27;841;5345;7;34.93
2023-07-27;841;20635;3;70.11
2023-07-27;841;31330;2;103
2023-07-27;841;58701;1;42.86
2023-08-17;1314;57912;7;81.27
2023-08-17;1314;15590;2;80.9
2023-08-17;1314;62782;1;13.61
2023-08-17;1314;51957;2;24.6
2023-08-17;1314;48813;1;5.99
2023-08-17;1314;15589;13;383.63
2023-08-17;1314;21141;4;101.28
2023-08-17;1314;35416;4;59.84
2023-08-17;1314;48812;4;33.8
2023-08-17;1314;18064;192;744.96
2023-08-17;1314;9607;19;250.42
2023-08-17;1314;1439;4;74.24
2023-08-17;1314;36857;11;33.55
2023-08-17;1314;5345;9;74.61
2023-08-17;1314;58701;2;103.34
2023-08-17;1314;44217;1;41.64
2023-08-17;1314;20635;12;361.08
2023-08-17;1314;31330;5;330.1
2023-08-17;1314;13315;2;87.7
2023-06-27;1314;18064;257;997.16
2023-06-27;1314;9607;24;315.84
2023-06-27;1314;1439;4;74.84
2023-06-27;1314;36857;6;18.36
2023-06-27;1314;5345;4;32.88
2023-06-27;1314;13315;3;111.93
2023-06-27;1314;44217;3;124.53
2023-06-27;1314;58701;0;0
2023-06-27;1314;20635;15;451.2
2023-06-27;1314;31330;4;264.08
2023-06-07;841;58701;1;42.8
2023-06-07;841;31330;2;103
2023-06-07;841;20635;3;70.11
2023-05-10;841;1439;3;45.3
2023-05-10;841;18064;69;155.25
2023-05-10;841;9607;3;24
2023-05-10;841;5345;5;24.95
2023-05-10;841;36857;4;6.2
2023-05-10;841;31330;2;103
2023-05-10;841;58701;1;42.8
2023-05-10;841;20635;2;46.44
2023-05-10;841;15590;1;31.08
2023-05-10;841;35416;1;5.79
2023-05-10;841;62782;1;5.98
2023-05-10;841;48812;1;5.98
2023-05-10;841;55917;0;0
2023-05-10;841;15589;4;105.96
2023-05-10;841;21141;1;25.63
2023-05-10;841;48813;3;14.97
2023-05-10;841;51957;2;11.5
2023-05-10;841;35772;0;0
2023-07-10;1314;62364;2;65.16
2023-08-31;1314;18064;205;795.4
2023-08-31;1314;9607;9;118.62
2023-08-31;1314;1439;4;73.96
2023-08-31;1314;36857;13;40.43
2023-08-31;1314;5345;11;91.19
2023-08-31;1314;58701;2;103.34
2023-08-31;1314;20635;12;361.08
2023-08-31;1314;31330;5;330.1
2023-08-31;1314;13315;3;134.28
2023-08-31;1314;44217;1;41.77
2023-08-31;1314;57912;1;11.61
2023-08-31;1314;62782;1;13.61
2023-08-31;1314;51957;2;24.6
2023-08-31;1314;48813;0;0
2023-08-31;1314;15589;16;472.16
2023-08-31;1314;21141;1;25.32
2023-08-31;1314;35416;4;59.84
2023-08-31;1314;48812;4;35.08
2023-08-31;1314;15590;3;121.35
2023-07-25;841;20635;3;70.11
2023-07-25;841;31330;2;103
2023-07-25;841;58701;1;42.86
2023-07-14;841;15590;1;31.08
2023-07-14;841;35416;1;5.79
2023-07-14;841;21141;1;25.63
2023-07-14;841;48812;1;5.98
2023-07-14;841;55917;1;9
2023-07-14;841;62782;3;21.03
2023-07-14;841;15589;9;218.25
2023-07-14;841;48813;3;14.97
2023-07-14;841;51957;3;17.13
2023-07-14;841;35772;3;35.76
2023-07-14;841;1439;3;45.3
2023-07-14;841;18064;43;96.75
2023-07-14;841;9607;4;32
2023-07-14;841;36857;4;6.84
2023-07-14;841;5345;9;44.91
2023-08-05;841;15590;1;31.08
2023-08-05;841;55917;1;9
2023-08-05;841;21141;0;0
2023-08-05;841;62782;3;21.03
2023-08-05;841;48812;1;5.98
2023-08-05;841;35416;1;10.74
2023-08-05;841;15589;7;169.61
2023-08-05;841;48813;3;14.97
2023-08-05;841;51957;3;17.13
2023-08-05;841;35772;2;23.84
2023-08-05;841;1439;3;45.3
2023-08-05;841;18064;19;42.75
2023-08-05;841;9607;3;24
2023-08-05;841;36857;3;5.13
2023-08-05;841;5345;6;29.94
2023-08-16;1314;62364;1;32.58
2023-04-05;1314;62364;2;64.6
2023-07-04;1314;57912;7;81.27
2023-07-04;1314;15590;1;40.43
2023-07-04;1314;62782;1;13.61
2023-07-04;1314;51957;2;24.6
2023-07-04;1314;15589;11;326.48
2023-07-04;1314;48813;5;29.95
2023-07-04;1314;35416;4;61.4
2023-07-04;1314;21141;0;0
2023-07-04;1314;48812;8;67.6
2023-07-04;1314;18064;255;989.4
2023-07-04;1314;9607;23;302.91
2023-07-04;1314;1439;6;112.08
2023-07-04;1314;36857;5;15.25
2023-07-04;1314;5345;4;32.88
2023-07-04;1314;13315;3;127.47
2023-07-04;1314;44217;3;124.53
2023-07-04;1314;58701;2;103.34
2023-07-04;1314;20635;15;451.2
2023-07-04;1314;31330;2;132.04
2023-06-22;841;18064;45;101.25
2023-06-22;841;5345;9;44.91
2023-06-22;841;36857;3;5.04
2023-06-22;841;9607;5;40
2023-06-22;841;58701;0;0
2023-06-22;841;31330;2;103
2023-06-22;841;20635;3;70.11
2023-06-22;841;15590;1;31.08
2023-06-22;841;21141;1;25.63
2023-06-22;841;35416;1;5.79
2023-06-22;841;55917;1;9
2023-06-22;841;62782;3;21.03
2023-06-22;841;48812;1;5.98
2023-06-22;841;15589;5;121.95
2023-06-22;841;48813;3;14.97
2023-06-22;841;51957;3;17.13
2023-06-22;841;35772;3;35.76
2023-06-22;841;1439;3;45.3
2023-05-31;1314;62782;1;13.61
2023-05-31;1314;51957;2;24.6
2023-05-31;1314;15589;3;94.02
2023-05-31;1314;48813;2;11.98
2023-05-31;1314;35416;5;75.15
2023-05-31;1314;21141;1;31.01
2023-05-31;1314;48812;7;50.19
2023-05-31;1314;35772;0;0
2023-05-31;1314;18064;241;935.08
2023-05-31;1314;9607;31;407.96
2023-07-04;841;58701;1;42.86
2023-07-04;841;31330;2;103
2023-07-04;841;20635;3;70.11
2023-08-21;1314;58701;2;103.34
2023-08-21;1314;44217;1;41.64
2023-08-21;1314;20635;13;391.17
2023-08-21;1314;31330;5;330.1
2023-08-21;1314;13315;2;87.7
2023-08-21;1314;18064;208;807.04
2023-08-21;1314;9607;12;158.16
2023-08-21;1314;1439;5;92.45
2023-08-21;1314;36857;13;40.04
2023-08-21;1314;5345;9;74.61
2023-07-31;841;20635;3;70.11
2023-07-31;841;31330;2;103
2023-07-31;841;58701;1;42.86
2023-07-31;841;15589;9;218.07
2023-07-31;841;48813;3;14.97
2023-07-31;841;51957;3;17.13
2023-07-31;841;35772;2;23.84
2023-07-31;841;1439;3;45.3
2023-07-31;841;18064;21;47.25
2023-07-31;841;9607;4;32
2023-07-31;841;36857;3;5.13
2023-07-31;841;5345;7;34.93
2023-08-03;1314;62364;1;32.58
2023-04-12;1314;57912;10;116.1
2023-04-12;1314;51957;2;24.48
2023-04-12;1314;15589;2;64.22
2023-04-12;1314;62782;1;13.61
2023-04-12;1314;48813;0;0
2023-04-12;1314;35416;0;0
2023-04-12;1314;21141;1;31.14
2023-04-12;1314;48812;1;7.17
2023-04-12;1314;35772;0;0
2023-06-30;1314;18064;248;962.24
2023-06-30;1314;9607;20;263.2
2023-06-30;1314;1439;4;74.84
2023-06-30;1314;36857;6;18.36
2023-06-30;1314;5345;5;41.1
2023-06-30;1314;13315;0;0
2023-06-30;1314;44217;3;124.53
2023-06-30;1314;58701;0;0
2023-06-30;1314;20635;14;421.12
2023-06-30;1314;31330;4;264.08
2023-06-30;1314;57912;7;81.27
2023-06-30;1314;15590;1;40.43
2023-06-30;1314;62782;1;13.61
2023-06-30;1314;51957;2;24.6
2023-06-30;1314;15589;12;356.28
2023-06-30;1314;48813;5;29.95
2023-06-30;1314;35416;4;61.4
2023-06-30;1314;21141;1;22.68
2023-06-30;1314;48812;8;67.6
2023-06-05;841;15590;1;31.08
2023-06-05;841;21141;1;25.63
2023-06-05;841;35416;1;5.79
2023-06-05;841;62782;3;21.03
2023-06-05;841;48812;1;5.98
2023-06-05;841;55917;1;9
2023-06-05;841;15589;2;50.1
2023-06-05;841;48813;3;14.97
2023-06-05;841;51957;3;17.16
2023-07-17;841;15590;1;31.08
2023-07-17;841;35416;1;5.79
2023-07-17;841;21141;1;25.63
2023-07-17;841;62782;3;21.03
2023-07-17;841;48812;1;5.98
2023-07-17;841;55917;1;9
2023-07-17;841;15589;9;218.25
2023-07-17;841;48813;3;14.97
2023-07-17;841;51957;3;17.13
2023-07-17;841;35772;3;35.76
2023-07-17;841;1439;3;45.3
2023-07-17;841;18064;39;87.75
2023-07-17;841;9607;4;32
2023-07-17;841;36857;4;6.84
2023-07-17;841;5345;9;44.91
2023-09-13;841;15590;1;31.08
2023-09-13;841;62782;3;21.03
2023-09-13;841;48812;1;5.98
2023-09-13;841;42076;1;8.56
2023-09-13;841;55917;0;0
2023-09-13;841;35416;1;10.74
2023-09-13;841;15589;4;96.52
2023-09-13;841;21141;2;39.42
2023-09-13;841;48813;3;14.97
2023-09-13;841;51957;3;17.13
2023-09-13;841;35772;3;35.79
2023-05-23;1314;18064;219;849.72
2023-05-23;1314;9607;19;249.85
2023-05-23;1314;1439;5;96.75
2023-05-23;1314;36857;10;30.8
2023-05-23;1314;5345;3;24.66
2023-05-23;1314;13315;2;72.88
2023-05-23;1314;44217;1;41.27
2023-05-23;1314;58701;2;103.34
2023-05-23;1314;20635;13;390.91
2023-05-23;1314;31330;3;197.94
2023-05-23;1314;62782;1;13.61
2023-05-23;1314;51957;2;24.6
2023-05-23;1314;15589;0;0
2023-05-23;1314;48813;1;5.99
2023-05-23;1314;35416;4;60.24
2023-05-23;1314;21141;0;0
2023-05-23;1314;48812;8;57.36
2023-05-23;1314;35772;1;15.91
2023-06-10;1314;18064;235;911.8
2023-06-10;1314;9607;24;315.84
2023-06-10;1314;1439;4;77.56
2023-06-10;1314;36857;3;9.21
2023-06-10;1314;5345;3;24.66
2023-06-10;1314;13315;1;37.15
2023-06-10;1314;44217;3;124.23
2023-06-10;1314;58701;2;103.34
2023-06-10;1314;20635;16;481.28
2023-06-10;1314;31330;3;197.97
2023-06-10;1314;62782;1;13.61
2023-06-10;1314;51957;2;24.6
2023-06-10;1314;15589;9;269.73
2023-06-10;1314;48813;5;29.95
2023-06-10;1314;35416;2;30.72
2023-06-10;1314;21141;0;0
2023-06-10;1314;48812;4;29.72
2023-05-13;1314;62364;1;32.3
2023-08-02;841;15590;1;31.08
2023-08-02;841;21141;0;0
2023-08-02;841;62782;3;21.03
2023-08-02;841;48812;1;5.98
2023-08-02;841;55917;1;9
2023-08-02;841;35416;1;10.74
2023-08-02;841;15589;7;169.61
2023-08-02;841;48813;3;14.97
2023-08-02;841;51957;3;17.13
2023-08-02;841;35772;2;23.84
2023-05-20;1314;35772;0;0
2023-05-20;1314;18064;204;791.52
2023-05-20;1314;9607;19;249.66
2023-05-20;1314;1439;4;77.16
2023-05-20;1314;36857;10;30.8
2023-05-20;1314;5345;1;8.21
2023-05-20;1314;13315;3;109.32
2023-05-20;1314;44217;0;0
2023-05-20;1314;58701;2;103.34
2023-05-20;1314;20635;13;390.91
2023-05-20;1314;31330;3;197.94
2023-07-25;841;15590;1;31.08
2023-07-25;841;35416;1;5.79
2023-07-25;841;21141;0;0
2023-07-25;841;62782;3;21.03
2023-07-25;841;48812;1;5.98
2023-07-25;841;55917;1;9
2023-07-25;841;15589;10;242.3
2023-07-25;841;48813;3;14.97
2023-07-25;841;51957;3;17.13
2023-07-25;841;35772;2;23.84
2023-07-25;841;1439;3;45.3
2023-07-25;841;18064;33;74.25
2023-07-25;841;9607;0;0
2023-07-25;841;36857;3;5.13
2023-07-25;841;5345;7;34.93
2023-05-19;841;15590;1;31.08
2023-05-19;841;35416;1;5.79
2023-05-19;841;62782;0;0
2023-05-19;841;48812;1;5.98
2023-05-19;841;55917;1;9
2023-05-19;841;15589;2;52.98
2023-05-19;841;21141;1;25.63
2023-05-19;841;48813;3;14.97
2023-05-19;841;51957;3;17.19
2023-05-19;841;35772;3;35.76
2023-05-23;1314;57912;10;116.1
2023-08-14;1314;57912;7;81.27
2023-08-14;1314;15590;2;80.9
2023-08-14;1314;62782;1;13.61
2023-08-14;1314;51957;2;24.6
2023-08-14;1314;48813;3;17.97
2023-08-14;1314;15589;11;324.61
2023-08-14;1314;21141;0;0
2023-08-14;1314;35416;5;74.8
2023-08-14;1314;48812;4;33.8
2023-08-14;1314;18064;217;841.96
2023-08-14;1314;9607;13;171.21
2023-08-14;1314;1439;4;74.24
2023-08-14;1314;36857;10;30.5
2023-08-14;1314;5345;6;49.74
2023-08-14;1314;44217;2;83.28
2023-08-14;1314;58701;2;103.34
2023-08-14;1314;20635;11;330.99
2023-08-14;1314;31330;5;330.1
2023-08-14;1314;13315;3;131.55
2023-09-15;1314;62364;1;32.58
2023-02-07;1314;57912;1;10.84
2023-02-07;1314;51957;4;48.92
2023-02-07;1314;15589;0;0
2023-02-07;1314;62782;1;13.61
2023-02-07;1314;35416;4;39.6
2023-02-07;1314;21141;0;0
2023-02-07;1314;35772;0;0
2023-03-04;841;31330;1;50.39
2023-03-04;841;58701;1;42.8
2023-03-04;841;20635;3;69.66
2023-04-25;841;15590;1;31.08
2023-04-25;841;62782;1;5.98
2023-04-25;841;48812;0;0
2023-04-25;841;35772;0;0
2023-04-25;841;48813;0;0
2023-04-25;841;35416;1;5.79
2023-04-25;841;55917;0;0
2023-04-25;841;15589;4;105.96
2023-04-25;841;21141;1;25.63
2023-04-25;841;51957;3;17.25
2023-04-25;841;1439;3;45.3
2023-04-25;841;18064;103;231.75
2023-04-25;841;9607;2;16
2023-04-25;841;5345;3;14.97
2023-04-25;841;36857;4;6.2
2023-04-25;841;31330;0;0
2023-04-25;841;58701;1;42.8
2023-04-25;841;20635;3;69.66
2023-03-04;1314;18064;117;455.13
2023-03-04;1314;9607;20;257.4
2023-03-04;1314;1439;6;110.94
2023-03-04;1314;36857;11;38.94
2023-03-04;1314;5345;1;8.04
2023-03-04;1314;13315;2;88.14
2023-03-04;1314;44217;2;78.82
2023-03-04;1314;58701;2;103.34
2023-03-04;1314;20635;5;148.35
2023-03-04;1314;31330;4;260.32
2023-04-11;1314;57912;10;116.1
2023-04-11;1314;51957;2;24.48
2023-04-11;1314;15589;2;64.22
2023-04-11;1314;62782;1;13.61
2023-04-11;1314;48813;0;0
2023-04-11;1314;35416;0;0
2023-04-11;1314;21141;1;31.14
2023-04-11;1314;48812;1;7.17
2023-04-11;1314;35772;0;0
2023-07-01;1314;18064;244;946.72
2023-07-01;1314;9607;18;236.88
2023-07-01;1314;1439;4;74.84
2023-07-01;1314;36857;4;12.24
2023-07-01;1314;5345;5;41.1
2023-07-01;1314;13315;0;0
2023-07-01;1314;44217;3;124.53
2023-07-01;1314;58701;0;0
2023-07-01;1314;20635;14;421.12
2023-07-01;1314;31330;4;264.08
2023-07-01;1314;57912;7;81.27
2023-07-01;1314;15590;1;40.43
2023-07-01;1314;62782;1;13.61
2023-07-01;1314;51957;2;24.6
2023-07-01;1314;15589;10;296.9
2023-07-01;1314;48813;5;29.95
2023-07-01;1314;35416;4;61.4
2023-07-01;1314;21141;0;0
2023-07-01;1314;48812;8;67.6
2023-06-02;841;15590;1;31.08
2023-06-02;841;21141;1;25.63
2023-06-02;841;35416;1;5.79
2023-06-02;841;62782;3;21.03
2023-06-02;841;48812;1;5.98
2023-06-02;841;15589;1;25.57
2023-06-02;841;48813;3;14.97
2023-06-02;841;51957;2;11.46
2023-06-02;841;35772;2;23.84
2023-06-02;841;1439;3;45.3
2023-06-02;841;18064;60;135
2023-06-02;841;9607;7;56
2023-06-02;841;5345;4;19.96
2023-06-02;841;36857;3;4.77
2023-06-02;841;58701;1;42.8
2023-06-02;841;31330;2;103
2023-06-02;841;20635;3;70.11
2023-06-02;1314;57912;10;116.1
2023-05-18;841;1439;3;45.3
2023-05-18;841;18064;60;135
2023-05-18;841;9607;3;24
2023-05-18;841;5345;4;19.96
2023-05-18;841;36857;4;6.2
2023-05-18;841;58701;1;42.8
2023-05-18;841;31330;2;103
2023-05-18;841;20635;3;69.93
2023-06-08;841;62782;3;21.03
2023-06-08;841;48812;1;5.98
2023-06-08;841;55917;1;9
2023-06-08;841;15589;9;220.77
2023-06-08;841;48813;3;14.97
2023-06-08;841;51957;3;17.16
2023-06-08;841;35772;2;23.84
2023-06-08;841;1439;3;45.3
2023-06-08;841;18064;60;135
2023-06-08;841;9607;7;56
2023-06-08;841;5345;7;34.93
2023-06-08;841;36857;3;4.86
2023-06-08;841;15590;1;31.08
2023-06-08;841;21141;1;25.63
2023-06-08;841;35416;1;5.79
2023-06-27;1314;57912;7;81.27
2023-06-27;1314;15590;1;40.43
2023-06-27;1314;62782;1;13.61
2023-06-27;1314;51957;2;24.6
2023-06-27;1314;15589;12;356.4
2023-06-27;1314;48813;4;23.96
2023-06-27;1314;35416;4;61.48
2023-06-27;1314;21141;1;30.47
2023-06-27;1314;48812;7;58.38
2023-06-09;841;58701;1;42.8
2023-06-09;841;31330;2;103
2023-06-09;841;20635;3;70.11
2023-06-09;1314;62364;2;65.16
2023-07-18;1314;57912;7;81.27
2023-06-09;1314;57912;10;116.1
2023-06-09;1314;62782;1;13.61
2023-06-09;1314;51957;2;24.6
2023-06-09;1314;15589;2;61.92
2023-06-09;1314;48813;5;29.95
2023-06-09;1314;35416;1;15.03
2023-06-09;1314;21141;0;0
2023-06-09;1314;48812;5;37.15
2023-06-09;1314;35772;0;0
2023-06-09;1314;18064;223;865.24
2023-06-09;1314;9607;25;329
2023-06-09;1314;1439;4;77.56
2023-06-09;1314;36857;2;6.16
2023-06-09;1314;5345;3;24.66
2023-06-09;1314;13315;1;37.15
2023-06-09;1314;44217;2;82.54
2023-06-09;1314;58701;2;103.34
2023-06-09;1314;20635;16;481.28
2023-06-09;1314;31330;3;197.97
2023-07-27;1314;57912;7;81.27
2023-07-27;1314;15590;1;40.43
2023-07-27;1314;62782;1;13.61
2023-07-27;1314;51957;2;24.6
2023-07-27;1314;48813;4;23.96
2023-07-27;1314;15589;10;295.7
2023-07-27;1314;21141;0;0
2023-07-27;1314;35416;2;30.14
2023-07-27;1314;48812;7;59.15
2023-07-27;1314;1439;4;74.72
2023-07-27;1314;18064;223;865.24
2023-07-27;1314;9607;20;263.4
2023-07-27;1314;36857;8;24.4
2023-07-27;1314;5345;3;24.84
2023-07-27;1314;31330;3;198.06
2023-07-27;1314;13315;2;84.98
2023-07-27;1314;44217;2;83.28
2023-07-27;1314;58701;2;103.34
2023-07-27;1314;20635;12;360.96
2023-07-18;1314;18064;255;989.4
2023-07-18;1314;9607;23;302.91
2023-07-18;1314;36857;9;27.45
2023-07-18;1314;5345;6;49.62
2023-07-18;1314;13315;2;84.98
2023-07-18;1314;44217;2;83.02
2023-07-18;1314;58701;2;103.34
2023-07-18;1314;20635;16;481.28
2023-07-18;1314;31330;3;198.06
2023-07-18;1314;15590;1;40.43
2023-07-18;1314;62782;1;13.61
2023-07-18;1314;51957;2;24.6
2023-07-18;1314;48813;5;29.95
2023-07-18;1314;15589;16;473.92
2023-07-18;1314;35416;5;75.35
2023-07-18;1314;21141;0;0
2023-07-18;1314;48812;8;67.6
2023-07-18;1314;1439;5;93.4
2023-08-05;1314;57912;7;81.27
2023-04-05;841;15590;1;31.08
2023-04-05;841;62782;2;11.96
2023-04-05;841;48812;1;5.98
2023-04-05;841;48813;1;4.99
2023-04-05;841;55917;1;8.53
2023-04-05;841;35416;1;5.79
2023-04-05;841;21141;1;25.63
2023-04-05;841;51957;4;23
2023-04-05;841;15589;1;26.47
2023-04-05;841;35772;0;0
2023-04-05;841;18064;19;42.75
2023-04-05;841;9607;3;24
2023-04-05;841;5345;5;24.95
2023-04-05;841;1439;3;45.3
2023-04-05;841;36857;3;3.18
2023-04-05;841;31330;1;50.39
2023-04-05;841;58701;1;42.8
2023-04-05;841;20635;3;69.66
2023-06-22;1314;18064;243;942.84
2023-06-22;1314;9607;23;302.68
2023-06-22;1314;1439;1;19.14
2023-06-22;1314;36857;9;27.54
2023-06-22;1314;5345;7;57.54
2023-06-22;1314;13315;3;111.93
2023-06-22;1314;44217;3;124.53
2023-06-22;1314;58701;1;51.67
2023-06-22;1314;20635;14;421.12
2023-06-22;1314;31330;3;198.06
2023-06-22;1314;57912;7;81.27
2023-06-22;1314;15590;1;40.43
2023-06-22;1314;62782;1;13.61
2023-06-22;1314;51957;2;24.6
2023-06-22;1314;15589;9;267.66
2023-06-22;1314;48813;4;23.96
2023-06-22;1314;35416;5;76.85
2023-06-22;1314;21141;1;30.47
2023-06-22;1314;48812;8;66.72
2023-03-28;841;20635;3;69.66
2023-03-28;841;18064;11;25.19
2023-03-28;841;9607;4;32
2023-03-28;841;5345;5;24.95
2023-03-28;841;1439;2;29.84
2023-03-28;841;36857;2;1.48
2023-03-28;841;31330;1;50.39
2023-03-28;841;58701;1;42.8
2023-03-28;841;15590;1;31.08
2023-03-28;841;62782;2;11.96
2023-03-28;841;48812;1;5.98
2023-03-28;841;48813;0;0
2023-03-28;841;55917;1;8.53
2023-03-28;841;35416;1;5.79
2023-03-28;841;21141;1;24.43
2023-03-28;841;51957;4;23
2023-03-28;841;15589;3;79.38
2023-03-28;841;35772;0;0
2023-04-24;841;15590;1;31.08
2023-04-24;841;62782;1;5.98
2023-04-24;841;48812;0;0
2023-04-24;841;35772;0;0
2023-04-24;841;48813;0;0
2023-04-24;841;35416;1;5.79
2023-04-24;841;55917;0;0
2023-04-24;841;15589;4;105.96
2023-04-24;841;21141;1;25.63
2023-04-24;841;51957;3;17.25
2023-04-24;841;1439;3;45.3
2023-04-24;841;18064;103;231.75
2023-04-24;841;9607;2;16
2023-04-24;841;5345;3;14.97
2023-04-24;841;36857;4;6.2
2023-04-24;841;31330;0;0
2023-04-24;841;58701;1;42.8
2023-04-24;841;20635;3;69.66
2023-03-01;841;36857;3;2.22
2023-03-01;841;31330;1;50.39
2023-03-01;841;58701;1;42.8
2023-03-01;841;20635;3;69.66
2023-04-11;841;15590;1;31.08
2023-04-11;841;62782;2;11.96
2023-04-11;841;48812;1;5.98
2023-04-11;841;55917;0;0
2023-04-11;841;48813;1;4.99
2023-04-11;841;35416;1;5.79
2023-04-11;841;21141;1;25.63
2023-04-11;841;51957;4;23
2023-04-11;841;15589;2;52.98
2023-04-11;841;35772;0;0
2023-04-11;841;18064;12;27
2023-04-11;841;9607;2;16
2023-04-11;841;36857;1;1.06
2023-04-11;841;1439;3;45.3
2023-04-11;841;5345;5;24.95
2023-04-11;841;31330;1;50.39
2023-04-11;841;58701;1;42.8
2023-04-11;841;20635;3;69.66
2023-04-13;1314;62364;2;64.6
2023-02-08;841;31330;1;50.39
2023-02-08;841;58701;1;42.8
2023-02-08;841;20635;2;46.18
2023-02-08;841;18064;1;2.34
2023-02-08;841;9607;3;24
2023-02-08;841;1439;3;44.76
2023-02-08;841;5345;5;24.95
2023-02-08;841;36857;0;0
2023-03-13;1314;18064;123;478.47
2023-03-13;1314;9607;20;257.4
2023-03-13;1314;1439;5;92.45
2023-03-13;1314;36857;11;38.94
2023-03-13;1314;5345;1;8.04
2023-03-13;1314;13315;2;88.14
2023-03-13;1314;44217;2;78.82
2023-03-13;1314;58701;1;51.67
2023-03-13;1314;20635;3;89.01
2023-03-13;1314;31330;4;260.32
2023-03-13;1314;57912;1;10.84
2023-03-13;1314;51957;2;24.46
2023-03-13;1314;15589;1;31.75
2023-03-13;1314;62782;1;13.61
2023-03-13;1314;35416;4;39.6
2023-03-13;1314;21141;0;0
2023-03-13;1314;35772;0;0
2023-03-16;1314;62364;2;64.6
2023-06-12;841;15590;1;31.08
2023-06-12;841;21141;1;25.63
2023-06-12;841;35416;1;5.79
2023-06-12;841;55917;1;9
2023-06-12;841;62782;3;21.03
2023-06-12;841;48812;1;5.98
2023-06-12;841;15589;8;196.24
2023-06-12;841;48813;3;14.97
2023-06-12;841;51957;3;17.16
2023-06-12;841;35772;2;23.84
2023-06-12;841;1439;3;45.3
2023-06-12;841;18064;0;0
2023-06-12;841;5345;5;24.95
2023-06-12;841;36857;3;4.86
2023-06-12;841;9607;7;56
2023-06-12;841;58701;1;42.8
2023-06-12;841;31330;2;103
2023-06-12;841;20635;3;70.11
2023-05-18;1314;21141;0;0
2023-05-18;1314;48812;8;57.36
2023-05-18;1314;35772;0;0
2023-05-18;1314;18064;222;861.36
2023-05-18;1314;9607;21;275.94
2023-05-18;1314;1439;5;96.45
2023-05-18;1314;36857;10;30.8
2023-05-18;1314;5345;1;8.21
2023-05-18;1314;57912;10;116.1
2023-05-18;1314;51957;1;12.24
2023-05-18;1314;15589;3;95.25
2023-05-18;1314;62782;1;13.61
2023-05-18;1314;48813;1;5.99
2023-05-18;1314;35416;1;15.52
2023-05-18;1314;13315;3;109.32
2023-05-18;1314;44217;0;0
2023-05-18;1314;58701;2;103.34
2023-05-18;1314;20635;14;420.98
2023-05-18;1314;31330;4;263.92
2023-02-03;841;57912;1;8.62
2023-02-03;841;15590;1;31.08
2023-02-03;841;62782;2;11.96
2023-02-03;841;35416;1;5.79
2023-02-03;841;21141;1;24.43
2023-02-03;841;15589;2;52.3
2023-02-03;841;51957;4;23.56
2023-02-03;841;35772;0;0
2023-06-05;1314;57912;10;116.1
2023-06-05;1314;62782;1;13.61
2023-06-05;1314;51957;2;24.6
2023-06-05;1314;15589;3;93.57
2023-06-05;1314;48813;2;11.98
2023-06-05;1314;35416;2;30.06
2023-06-05;1314;21141;1;30.85
2023-06-05;1314;48812;6;44.58
2023-06-05;1314;35772;0;0
2023-06-05;1314;18064;250;970
2023-06-05;1314;9607;31;407.96
2023-06-05;1314;1439;4;77.56
2023-06-05;1314;36857;6;18.48
2023-06-05;1314;5345;3;24.66
2023-06-05;1314;13315;1;36.91
2023-06-05;1314;44217;2;82.54
2023-06-05;1314;58701;2;103.34
2023-06-05;1314;20635;13;391.04
2023-06-05;1314;31330;4;263.96
2023-07-11;1314;62364;2;65.16
2023-04-07;1314;62364;2;64.6
2023-08-09;1314;62364;1;32.58
2023-08-02;1314;35416;5;74.8
2023-08-02;1314;48812;7;59.15
2023-08-02;1314;18064;198;768.24
2023-08-02;1314;9607;16;210.72
2023-08-02;1314;1439;3;56.04
2023-08-02;1314;36857;9;27.45
2023-08-02;1314;5345;3;24.84
2023-08-02;1314;57912;7;81.27
2023-08-02;1314;15590;0;0
2023-08-02;1314;62782;1;13.61
2023-08-02;1314;51957;2;24.6
2023-08-02;1314;48813;4;23.96
2023-08-02;1314;15589;7;206.99
2023-08-02;1314;21141;0;0
2023-08-02;1314;44217;2;83.28
2023-08-02;1314;58701;2;103.34
2023-08-02;1314;20635;10;300.8
2023-08-02;1314;31330;1;66.02
2023-08-02;1314;13315;2;84.98
2023-07-18;841;31330;2;103
2023-07-18;841;20635;3;70.11
2023-07-18;841;58701;1;42.86
2023-03-07;841;31330;1;50.39
2023-03-07;841;58701;1;42.8
2023-03-07;841;20635;3;69.66
2023-11-06;1314;62364;1;32.58
2023-05-01;1314;62364;1;32.3
2023-02-16;841;31330;1;50.39
2023-02-16;841;58701;1;42.8
2023-02-16;841;20635;3;69.66
2023-02-08;1314;62364;1;31.12
2023-05-25;1314;51957;2;24.6
2023-05-25;1314;15589;3;94.02
2023-05-25;1314;48813;3;17.97
2023-05-25;1314;35416;5;75.15
2023-05-25;1314;21141;0;0
2023-05-25;1314;48812;8;57.36
2023-05-25;1314;35772;0;0
2023-05-25;1314;18064;231;896.28
2023-05-25;1314;9607;20;263
2023-05-25;1314;1439;5;96.75
2023-05-25;1314;36857;10;30.8
2023-05-25;1314;5345;5;41.1
2023-05-25;1314;13315;2;72.88
2023-05-25;1314;44217;2;82.54
2023-05-25;1314;58701;2;103.34
2023-05-25;1314;20635;13;390.91
2023-05-25;1314;31330;3;197.94
2023-04-18;1314;18064;247;958.36
2023-04-18;1314;9607;21;273.42
2023-04-18;1314;1439;5;93.4
2023-04-18;1314;36857;9;28.44
2023-04-18;1314;5345;3;24.42
2023-04-18;1314;13315;2;70.5
2023-04-18;1314;44217;1;39.41
2023-04-18;1314;57912;11;127.71
2023-04-18;1314;51957;2;24.48
2023-04-18;1314;15589;2;64.22
2023-04-18;1314;62782;1;13.61
2023-04-18;1314;48813;1;5.99
2023-04-18;1314;35416;0;0
2023-04-18;1314;21141;0;0
2023-04-18;1314;48812;2;14.34
2023-04-18;1314;35772;0;0
2023-04-18;1314;58701;2;103.34
2023-04-18;1314;20635;11;330.22
2023-04-18;1314;31330;4;263.84
2023-04-18;841;15590;1;31.08
2023-04-18;841;62782;1;5.98
2023-04-18;841;48812;1;5.98
2023-04-18;841;55917;0;0
2023-04-18;841;48813;1;4.99
2023-04-18;841;35416;1;5.79
2023-04-18;841;21141;1;25.63
2023-04-18;841;15589;2;52.98
2023-04-18;841;51957;4;23
2023-04-18;841;35772;1;11.29
2023-04-18;841;1439;3;45.3
2023-04-18;841;18064;110;247.5
2023-04-18;841;9607;2;16
2023-04-18;841;5345;3;14.97
2023-04-18;841;36857;4;6.2
2023-04-18;841;31330;1;50.39
2023-04-18;841;58701;1;42.8
2023-04-18;841;20635;3;69.66
2023-05-18;1314;62364;1;32.3
2023-06-10;1314;57912;10;116.1
2023-08-12;841;20635;3;70.11
2023-08-12;841;31330;2;103
2023-08-12;841;58701;1;42.86
2023-07-15;1314;62364;2;65.16
2023-02-13;841;31330;1;50.39
2023-02-13;841;58701;1;42.8
2023-02-13;841;20635;3;69.66
2023-02-04;1314;18064;164;637.96
2023-02-04;1314;9607;22;283.14
2023-02-04;1314;1439;3;55.2
2023-02-04;1314;36857;21;74.34
2023-02-04;1314;5345;2;16.08
2023-02-04;1314;13315;3;132.21
2023-02-04;1314;44217;2;78.6
2023-02-04;1314;58701;2;103.34
2023-02-04;1314;20635;6;178.02
2023-02-04;1314;31330;5;325.4
2023-03-24;841;15590;1;31.08
2023-03-24;841;62782;2;11.96
2023-03-24;841;48812;1;5.98
2023-03-24;841;48813;0;0
2023-03-24;841;55917;1;8.53
2023-03-24;841;35416;1;5.79
2023-03-24;841;21141;0;0
2023-03-24;841;51957;4;23
2023-03-24;841;15589;1;26.38
2023-03-24;841;35772;0;0
2023-03-24;841;31330;1;50.39
2023-03-24;841;58701;1;42.8
2023-03-24;841;20635;3;69.66
2023-03-24;841;1439;2;29.84
2023-03-24;841;18064;14;32.48
2023-03-24;841;9607;4;32
2023-03-24;841;5345;5;24.95
2023-03-24;841;36857;3;2.22
2023-02-03;841;18064;6;14.04
2023-02-03;841;9607;6;48
2023-02-03;841;1439;3;44.76
2023-02-03;841;5345;5;24.95
2023-02-03;841;36857;0;0
2023-02-03;841;31330;1;50.39
2023-02-03;841;58701;1;42.8
2023-02-03;841;20635;2;46.18
2023-03-06;841;57912;1;8.62
2023-03-06;841;15590;1;31.08
2023-03-06;841;62782;2;11.96
2023-03-06;841;35416;0;0
2023-03-06;841;21141;0;0
2023-03-06;841;51957;3;17.28
2023-03-06;841;15589;3;79.14
2023-03-06;841;35772;0;0
2023-03-06;841;1439;3;44.76
2023-03-06;841;18064;4;9.36
2023-03-06;841;9607;3;24
2023-03-06;841;5345;5;24.95
2023-03-06;841;36857;3;2.22
2023-05-17;1314;57912;10;116.1
2023-05-17;1314;51957;1;12.24
2023-05-17;1314;15589;3;95.25
2023-05-17;1314;62782;1;13.61
2023-05-17;1314;48813;1;5.99
2023-05-17;1314;35416;1;15.52
2023-05-17;1314;21141;0;0
2023-05-17;1314;48812;8;57.36
2023-05-17;1314;13315;3;109.32
2023-05-17;1314;44217;0;0
2023-05-17;1314;58701;2;103.34
2023-05-17;1314;20635;14;420.98
2023-05-17;1314;31330;4;263.92
2023-05-17;1314;35772;0;0
2023-05-17;1314;18064;238;923.44
2023-05-17;1314;9607;22;289.08
2023-05-17;1314;1439;5;96.45
2023-05-17;1314;36857;10;30.8
2023-05-17;1314;5345;1;8.21
2023-06-02;1314;62364;1;32.3
2023-03-30;1314;57912;5;58.05
2023-03-30;1314;51957;1;12.23
2023-03-30;1314;15589;2;63.5
2023-03-30;1314;62782;1;13.61
2023-03-30;1314;48813;0;0
2023-03-30;1314;35416;2;19.8
2023-03-30;1314;13315;1;44.07
2023-03-30;1314;44217;2;78.82
2023-03-30;1314;58701;1;51.67
2023-03-30;1314;20635;6;178.02
2023-03-30;1314;31330;1;65.08
2023-03-30;1314;21141;1;29.59
2023-03-30;1314;48812;1;7.17
2023-03-30;1314;35772;0;0
2023-03-30;1314;18064;247;950.95
2023-03-30;1314;9607;24;308.88
2023-03-30;1314;1439;5;92.5
2023-03-30;1314;36857;7;22.82
2023-03-30;1314;5345;1;8.04
2023-06-07;1314;57912;10;116.1
2023-06-07;1314;62782;1;13.61
2023-06-07;1314;51957;2;24.6
2023-06-07;1314;15589;6;185.76
2023-06-07;1314;48813;4;23.96
2023-06-07;1314;35416;2;30.06
2023-06-07;1314;21141;0;0
2023-06-07;1314;48812;5;37.15
2023-06-07;1314;35772;0;0
2023-06-07;1314;18064;227;880.76
2023-06-07;1314;9607;28;368.48
2023-06-07;1314;1439;4;77.56
2023-06-07;1314;36857;4;12.32
2023-06-07;1314;5345;3;24.66
2023-06-07;1314;13315;1;37.15
2023-06-07;1314;44217;2;82.54
2023-06-07;1314;58701;2;103.34
2023-06-07;1314;20635;16;481.28
2023-06-07;1314;31330;4;263.96
2023-02-27;841;5345;4;19.96
2023-02-27;841;36857;3;2.22
2023-02-27;841;31330;1;50.39
2023-02-27;841;58701;1;42.8
2023-02-27;841;20635;3;69.66
2023-12-27;841;57912;1;8.32
2023-12-27;841;57814;3;356.28
2023-12-27;841;48812;1;5.98
2023-12-27;841;48813;3;14.97
2023-12-27;841;62782;3;21.03
2023-12-27;841;42076;5;40.7
2023-12-27;841;51957;2;11.42
2023-12-27;841;55917;1;9.01
2023-12-27;841;15590;2;64.1
2023-12-27;841;35416;1;10.74
2023-12-27;841;15589;4;96.32
2023-12-27;841;21141;3;71.28
2023-12-27;841;35772;1;11.93
2023-12-27;841;1439;1;15.1
2023-12-27;841;18064;6;13.5
2023-12-27;841;9607;6;49.14
2023-12-27;841;5345;1;5.21
2023-12-27;841;36857;3;6.06
2023-12-27;841;20635;1;23.33
2023-12-27;841;31330;1;51.5
2023-12-27;841;58701;1;42.86
2023-02-16;1314;62364;1;31.12
2023-12-08;1314;57912;1;12.61
2023-12-08;1314;57814;1;153.62
2023-12-08;1314;51957;1;12.37
2023-12-08;1314;21141;4;120.52
2023-12-08;1314;15589;11;324.39
2023-12-08;1314;35416;2;29.78
2023-12-08;1314;48812;4;39.64
2023-12-08;1314;48813;4;31.32
2023-12-08;1314;15590;3;121.35
2023-12-08;1314;18064;123;478.47
2023-12-08;1314;9607;12;160.32
2023-12-08;1314;1439;4;75.08
2023-12-08;1314;36857;6;20.1
2023-12-08;1314;5345;12;100.56
2023-12-08;1314;58701;1;51.67
2023-12-08;1314;20635;10;300
2023-12-08;1314;31330;5;329.05
2023-12-08;1314;13315;1;46.58
2023-12-08;1314;44217;2;83.56
2023-05-26;841;36857;4;6.36
2023-05-26;841;58701;1;42.8
2023-05-26;841;31330;2;103
2023-05-26;841;20635;2;46.62
2023-05-26;841;15590;1;31.08
2023-05-26;841;35416;1;5.79
2023-05-26;841;48812;1;5.98
2023-05-26;841;15589;3;78.18
2023-05-26;841;21141;1;25.63
2023-05-26;841;62782;3;21.03
2023-05-26;841;48813;3;14.97
2023-05-26;841;51957;3;17.19
2023-05-26;841;35772;2;23.84
2023-05-26;841;1439;3;45.3
2023-05-26;841;18064;60;135
2023-05-26;841;9607;4;32
2023-05-26;841;5345;5;24.95
2023-04-15;1314;62364;2;64.6
2023-02-10;1314;51957;4;48.92
2023-02-10;1314;15589;1;31.75
2023-02-10;1314;62782;1;13.61
2023-02-10;1314;35416;4;39.6
2023-02-10;1314;21141;0;0
2023-02-10;1314;35772;0;0
2023-02-10;1314;18064;143;556.27
2023-02-10;1314;9607;22;283.14
2023-02-10;1314;1439;4;73.72
2023-02-10;1314;36857;19;67.26
2023-02-10;1314;5345;0;0
2023-02-10;1314;13315;3;132.21
2023-02-10;1314;44217;2;78.6
2023-02-10;1314;58701;2;103.34
2023-02-10;1314;20635;6;178.02
2023-02-10;1314;31330;5;325.4
2023-04-15;841;15590;1;31.08
2023-04-15;841;62782;2;11.96
2023-04-15;841;48812;1;5.98
2023-04-15;841;55917;0;0
2023-04-15;841;48813;1;4.99
2023-04-15;841;35416;1;5.79
2023-04-15;841;21141;1;25.63
2023-04-15;841;51957;4;23
2023-04-15;841;15589;2;52.98
2023-04-15;841;35772;1;11.29
2023-04-15;841;18064;55;123.75
2023-04-15;841;9607;2;16
2023-04-15;841;5345;3;14.97
2023-04-15;841;36857;3;4.47
2023-04-15;841;1439;3;45.3
2023-04-15;841;31330;1;50.39
2023-04-15;841;58701;1;42.8
2023-04-15;841;20635;3;69.66
2023-03-09;1314;62364;2;64.6
2023-05-11;1314;57912;11;127.71
2023-05-11;1314;51957;2;24.48
2023-05-11;1314;15589;1;31.75
2023-05-11;1314;62782;1;13.61
2023-05-11;1314;48813;1;5.99
2023-05-11;1314;35416;3;46.56
2023-05-11;1314;21141;0;0
2023-05-11;1314;48812;4;28.68
2023-05-11;1314;35772;0;0
2023-05-11;1314;18064;246;954.48
2023-05-11;1314;9607;15;196.8
2023-05-11;1314;1439;2;37.4
2023-05-11;1314;36857;8;24.72
2023-05-11;1314;5345;1;8.17
2023-05-11;1314;13315;3;109.32
2023-05-11;1314;44217;0;0
2023-05-11;1314;58701;2;103.34
2023-05-11;1314;20635;16;481.12
2023-05-11;1314;31330;4;263.92
2023-03-06;841;31330;1;50.39
2023-03-06;841;58701;1;42.8
2023-03-06;841;20635;3;69.66
2023-04-15;1314;57912;10;116.1
2023-04-15;1314;51957;2;24.48
2023-04-15;1314;15589;1;32.11
2023-04-15;1314;62782;1;13.61
2023-04-15;1314;48813;0;0
2023-04-15;1314;35416;0;0
2023-04-15;1314;21141;0;0
2023-04-15;1314;48812;1;7.17
2023-04-15;1314;35772;0;0
2023-03-16;1314;13315;2;88.14
2023-03-16;1314;44217;2;78.82
2023-03-16;1314;58701;1;51.67
2023-03-16;1314;20635;4;118.68
2023-03-16;1314;31330;4;260.32
2023-03-16;1314;57912;1;10.84
2023-03-16;1314;51957;2;24.46
2023-03-16;1314;15589;0;0
2023-03-16;1314;62782;1;13.61
2023-03-16;1314;35416;5;49.5
2023-03-16;1314;21141;1;29.59
2023-03-16;1314;35772;0;0
2023-03-16;1314;18064;211;820.79
2023-03-16;1314;9607;20;257.4
2023-03-16;1314;1439;6;111
2023-03-16;1314;36857;11;38.94
2023-03-16;1314;5345;1;8.04
2023-04-28;841;31330;2;103
2023-04-28;841;58701;1;42.8
2023-04-28;841;20635;3;69.66
2023-04-08;841;18064;14;31.5
2023-04-08;841;9607;3;24
2023-04-08;841;1439;3;45.3
2023-04-08;841;5345;5;24.95
2023-04-08;841;36857;1;1.06
2023-04-08;841;31330;1;50.39
2023-04-08;841;58701;1;42.8
2023-04-08;841;20635;3;69.66
2023-04-08;841;15590;1;31.08
2023-04-08;841;62782;2;11.96
2023-04-08;841;48812;1;5.98
2023-04-08;841;55917;1;8.53
2023-04-08;841;48813;1;4.99
2023-04-08;841;35416;1;5.79
2023-04-08;841;21141;1;25.63
2023-04-08;841;51957;4;23
2023-04-08;841;15589;0;0
2023-04-08;841;35772;0;0
2023-05-08;1314;62364;1;32.3
2023-06-20;841;15590;1;31.08
2023-06-20;841;21141;1;25.63
2023-06-20;841;35416;1;5.79
2023-06-20;841;55917;1;9
2023-06-20;841;62782;3;21.03
2023-06-20;841;48812;1;5.98
2023-06-20;841;15589;4;97.88
2023-06-20;841;48813;3;14.97
2023-06-20;841;51957;3;17.13
2023-06-20;841;35772;3;35.76
2023-06-20;841;1439;3;45.3
2023-06-20;841;18064;45;101.25
2023-06-20;841;5345;8;39.92
2023-06-20;841;36857;1;1.62
2023-06-20;841;9607;6;48
2023-06-20;841;58701;1;42.8
2023-06-20;841;31330;2;103
2023-06-20;841;20635;3;70.11
2023-05-09;841;15590;1;31.08
2023-05-09;841;35416;1;5.79
2023-05-09;841;62782;1;5.98
2023-05-09;841;48812;1;5.98
2023-05-09;841;55917;0;0
2023-05-09;841;15589;4;105.96
2023-05-09;841;21141;1;25.63
2023-05-09;841;48813;3;14.97
2023-05-09;841;51957;2;11.5
2023-05-09;841;35772;0;0
2023-05-09;841;1439;3;45.3
2023-05-09;841;18064;73;164.25
2023-05-09;841;9607;3;24
2023-05-09;841;5345;5;24.95
2023-05-09;841;36857;4;6.2
2023-05-09;841;31330;2;103
2023-05-09;841;58701;1;42.8
2023-05-09;841;20635;2;46.44
2023-04-08;1314;57912;5;58.05
2023-04-08;1314;51957;1;12.12
2023-04-08;1314;15589;0;0
2023-04-08;1314;62782;1;13.61
2023-04-08;1314;48813;1;5.99
2023-04-08;1314;35416;1;9.9
2023-04-08;1314;21141;0;0
2023-04-08;1314;48812;2;14.34
2023-04-08;1314;35772;0;0
2023-04-29;1314;62364;1;32.3
2023-04-29;841;15590;1;31.08
2023-04-29;841;48812;1;5.98
2023-04-29;841;62782;1;5.98
2023-04-29;841;35416;1;5.79
2023-04-29;841;55917;0;0
2023-04-29;841;15589;4;105.96
2023-04-29;841;21141;1;25.63
2023-04-29;841;48813;1;4.99
2023-04-29;841;51957;3;17.25
2023-04-29;841;35772;0;0
2023-04-29;841;1439;3;45.3
2023-04-29;841;18064;101;227.25
2023-04-29;841;9607;2;16
2023-04-29;841;5345;4;19.96
2023-04-29;841;36857;4;6.2
2023-04-29;841;31330;2;103
2023-04-29;841;58701;1;42.8
2023-04-29;841;20635;3;69.66
2023-06-29;1314;62364;2;65.16
2023-08-29;841;15590;1;31.08
2023-08-29;841;48812;1;5.98
2023-08-29;841;42076;1;8.56
2023-08-29;841;55917;1;9
2023-08-29;841;62782;3;21.03
2023-08-29;841;35416;1;10.74
2023-08-29;841;15589;6;144.9
2023-08-29;841;21141;3;59.13
2023-08-29;841;48813;3;14.97
2023-08-29;841;51957;3;17.13
2023-08-29;841;35772;3;35.79
2023-08-29;841;1439;2;30.2
2023-08-29;841;18064;30;67.5
2023-08-29;841;9607;6;48
2023-08-29;841;5345;5;25.35
2023-08-29;841;36857;4;6.84
2023-08-29;841;31330;0;0
2023-08-29;841;20635;2;46.74
2023-08-29;841;58701;1;42.86
2023-03-07;1314;18064;146;567.94
2023-03-07;1314;9607;20;257.4
2023-03-07;1314;1439;6;110.94
2023-03-07;1314;36857;11;38.94
2023-03-07;1314;5345;1;8.04
2023-03-07;1314;13315;2;88.14
2023-03-07;1314;44217;2;78.82
2023-03-07;1314;58701;2;103.34
2023-03-07;1314;20635;4;118.68
2023-03-07;1314;31330;4;260.32
2023-03-17;1314;62364;2;64.6
2023-04-13;1314;57912;10;116.1
2023-04-13;1314;51957;2;24.48
2023-04-13;1314;15589;2;64.22
2023-04-13;1314;62782;1;13.61
2023-04-13;1314;48813;0;0
2023-04-13;1314;35416;0;0
2023-04-13;1314;21141;1;31.14
2023-04-13;1314;48812;1;7.17
2023-04-13;1314;35772;0;0
2023-04-10;1314;62364;2;64.6
2023-04-10;841;15590;1;31.08
2023-04-10;841;62782;2;11.96
2023-04-10;841;48812;1;5.98
2023-04-10;841;55917;0;0
2023-04-10;841;48813;1;4.99
2023-04-10;841;35416;1;5.79
2023-04-10;841;21141;1;25.63
2023-04-10;841;51957;4;23
2023-04-10;841;15589;2;52.98
2023-04-10;841;35772;0;0
2023-04-10;841;18064;13;29.25
2023-04-10;841;9607;3;24
2023-04-10;841;1439;3;45.3
2023-04-10;841;5345;5;24.95
2023-04-10;841;36857;1;1.06
2023-04-10;841;31330;1;50.39
2023-04-10;841;58701;1;42.8
2023-04-10;841;20635;3;69.66
2023-03-08;1314;62364;2;64.6
2023-03-17;1314;57912;1;10.84
2023-03-17;1314;51957;2;24.46
2023-03-17;1314;15589;0;0
2023-03-17;1314;62782;1;13.61
2023-03-17;1314;35416;4;39.6
2023-03-17;1314;21141;0;0
2023-03-17;1314;35772;0;0
2023-03-17;1314;18064;198;770.22
2023-03-17;1314;9607;19;244.53
2023-03-17;1314;1439;6;111
2023-03-17;1314;36857;9;31.86
2023-03-17;1314;5345;1;8.04
2023-03-17;1314;13315;2;88.14
2023-03-17;1314;44217;2;78.82
2023-03-17;1314;58701;1;51.67
2023-03-17;1314;20635;1;29.67
2023-03-17;1314;31330;2;130.16
2023-03-17;841;15590;1;31.08
2023-03-17;841;62782;2;11.96
2023-03-17;841;35416;1;5.79
2023-03-17;841;21141;0;0
2023-03-17;841;51957;4;23
2023-03-17;841;15589;2;52.76
2023-03-17;841;35772;0;0
2023-03-17;841;1439;3;44.76
2023-03-17;841;18064;10;23.4
2023-03-17;841;9607;4;32
2023-03-17;841;5345;5;24.95
2023-03-17;841;36857;3;2.22
2023-03-17;841;31330;1;50.39
2023-03-17;841;58701;1;42.8
2023-03-17;841;20635;3;69.66
2023-05-11;1314;62364;1;32.3
2023-04-25;1314;57912;11;127.71
2023-04-25;1314;51957;2;24.48
2023-04-25;1314;15589;2;64.22
2023-04-25;1314;62782;1;13.61
2023-04-25;1314;48813;0;0
2023-04-25;1314;35416;0;0
2023-04-25;1314;21141;0;0
2023-04-25;1314;48812;1;7.17
2023-04-25;1314;35772;0;0
2023-04-25;1314;18064;207;803.16
2023-04-25;1314;9607;19;248.14
2023-04-25;1314;36857;5;15.75
2023-04-25;1314;1439;6;112.2
2023-04-25;1314;5345;3;24.42
2023-04-25;1314;13315;3;107.88
2023-04-25;1314;44217;0;0
2023-04-25;1314;58701;2;103.34
2023-04-25;1314;20635;12;360.48
2023-04-25;1314;31330;4;263.84
2023-05-30;841;15590;1;31.08
2023-05-30;841;21141;1;25.63
2023-05-30;841;35416;1;5.79
2023-05-30;841;62782;3;21.03
2023-05-30;841;48812;1;5.98
2023-05-30;841;15589;2;51.38
2023-05-30;841;48813;3;14.97
2023-05-30;841;51957;2;11.46
2023-05-30;841;35772;2;23.84
2023-05-30;841;1439;3;45.3
2023-05-30;841;18064;60;135
2023-05-30;841;9607;8;64
2023-05-30;841;5345;3;14.97
2023-05-30;841;36857;3;4.77
2023-05-30;841;58701;1;42.8
2023-05-30;841;31330;2;103
2023-05-30;841;20635;2;46.62
2023-06-13;841;1439;3;45.3
2023-06-13;841;18064;0;0
2023-06-13;841;5345;4;19.96
2023-06-13;841;36857;3;4.86
2023-06-13;841;9607;6;48
2023-06-13;841;58701;1;42.8
2023-06-13;841;31330;2;103
2023-06-13;841;20635;3;70.11
2023-06-13;841;15590;1;31.08
2023-06-13;841;21141;1;25.63
2023-06-13;841;35416;1;5.79
2023-06-13;841;55917;1;9
2023-06-13;841;62782;3;21.03
2023-06-13;841;48812;1;5.98
2023-06-13;841;15589;8;196.24
2023-06-13;841;48813;3;14.97
2023-06-13;841;51957;3;17.16
2023-06-13;841;35772;2;23.84
2023-02-17;1314;62364;1;31.12
2023-02-17;841;31330;1;50.39
2023-02-17;841;58701;1;42.8
2023-02-17;841;20635;3;69.66
2023-04-03;1314;57912;5;58.05
2023-04-03;1314;51957;2;24.24
2023-04-03;1314;15589;2;63.5
2023-04-03;1314;62782;1;13.61
2023-04-03;1314;48813;0;0
2023-04-03;1314;35416;2;19.8
2023-04-03;1314;21141;0;0
2023-04-03;1314;48812;3;21.51
2023-04-03;1314;35772;0;0
2023-04-03;1314;18064;194;746.9
2023-04-03;1314;9607;24;308.88
2023-04-03;1314;1439;6;111.06
2023-04-03;1314;36857;9;28.53
2023-04-03;1314;5345;1;8.04
2023-04-03;1314;13315;1;44.07
2023-04-03;1314;44217;2;78.82
2023-04-03;1314;58701;2;103.34
2023-04-03;1314;20635;1;29.67
2023-04-03;1314;31330;2;130.16
2023-06-01;841;15590;1;31.08
2023-06-01;841;21141;1;25.63
2023-06-01;841;35416;1;5.79
2023-06-01;841;62782;3;21.03
2023-06-01;841;48812;1;5.98
2023-06-01;841;15589;2;51.14
2023-06-01;841;48813;3;14.97
2023-06-01;841;51957;2;11.46
2023-06-01;841;35772;2;23.84
2023-06-01;841;1439;3;45.3
2023-06-01;841;18064;60;135
2023-06-01;841;9607;7;56
2023-06-01;841;5345;4;19.96
2023-06-01;841;36857;3;4.77
2023-06-01;841;58701;1;42.8
2023-06-01;841;31330;2;103
2023-06-01;841;20635;3;70.11
2023-02-11;841;31330;1;50.39
2023-02-11;841;58701;1;42.8
2023-02-11;841;20635;3;69.66
2023-04-04;1314;57912;5;58.05
2023-04-04;1314;51957;1;12.12
2023-04-04;1314;15589;1;31.75
2023-04-04;1314;62782;1;13.61
2023-04-04;1314;48813;0;0
2023-04-04;1314;35416;2;19.8
2023-04-04;1314;21141;0;0
2023-04-04;1314;48812;3;21.51
2023-04-04;1314;35772;0;0
2023-04-04;1314;18064;176;677.6
2023-04-04;1314;9607;22;283.14
2023-04-04;1314;1439;6;111.06
2023-04-04;1314;36857;9;28.53
2023-04-04;1314;5345;1;8.04
2023-04-04;1314;13315;1;44.07
2023-04-04;1314;44217;2;78.82
2023-04-04;1314;58701;2;103.34
2023-04-04;1314;20635;1;29.67
2023-04-04;1314;31330;1;65.08
2023-06-02;1314;18064;281;1090.28
2023-06-02;1314;9607;31;407.96
2023-06-02;1314;1439;6;116.34
2023-06-02;1314;36857;6;18.48
2023-06-02;1314;5345;4;32.88
2023-06-02;1314;13315;2;73.82
2023-06-02;1314;44217;2;82.54
2023-06-02;1314;58701;2;103.34
2023-06-02;1314;20635;13;391.04
2023-06-02;1314;31330;4;263.96
2023-06-02;1314;62782;1;13.61
2023-06-02;1314;51957;2;24.6
2023-06-02;1314;15589;3;94.02
2023-06-02;1314;48813;2;11.98
2023-06-02;1314;35416;4;60.12
2023-06-02;1314;21141;1;31.01
2023-06-02;1314;48812;7;50.19
2023-06-02;1314;35772;0;0
2023-07-01;841;15590;1;31.08
2023-07-01;841;35416;1;5.79
2023-07-01;841;21141;1;25.63
2023-07-01;841;48812;1;5.98
2023-07-01;841;48813;3;14.97
2023-07-01;841;55917;1;9
2023-07-01;841;62782;3;21.03
2023-07-01;841;15589;7;169.82
2023-07-01;841;51957;3;17.13
2023-07-01;841;35772;3;35.76
2023-07-01;841;1439;3;45.3
2023-07-01;841;18064;45;101.25
2023-07-01;841;5345;9;44.91
2023-07-01;841;36857;0;0
2023-07-01;841;9607;5;40
2023-07-01;841;58701;1;42.86
2023-07-01;841;31330;2;103
2023-07-01;841;20635;3;70.11
2023-05-22;1314;62364;1;32.3
2023-04-01;1314;57912;5;58.05
2023-04-01;1314;18064;217;835.45
2023-04-01;1314;9607;22;283.14
2023-04-01;1314;1439;6;111.06
2023-04-01;1314;36857;7;22.82
2023-04-01;1314;5345;1;8.04
2023-04-01;1314;13315;1;44.07
2023-04-01;1314;44217;2;78.82
2023-04-01;1314;58701;2;103.34
2023-04-01;1314;20635;2;59.34
2023-04-01;1314;31330;2;130.16
2023-04-01;1314;51957;2;24.24
2023-04-01;1314;15589;2;63.5
2023-04-01;1314;62782;1;13.61
2023-04-01;1314;48813;0;0
2023-04-01;1314;35416;2;19.8
2023-04-01;1314;21141;0;0
2023-04-01;1314;48812;2;14.34
2023-04-01;1314;35772;0;0
2023-02-27;841;15590;1;31.08
2023-02-27;841;62782;2;11.96
2023-02-27;841;35416;1;5.79
2023-02-27;841;21141;0;0
2023-02-27;841;51957;2;11.58
2023-02-27;841;15589;3;79.14
2023-02-27;841;35772;0;0
2023-02-27;841;1439;3;44.76
2023-02-27;841;18064;19;44.46
2023-02-27;841;9607;4;32
2023-02-27;841;57912;1;8.62
2023-05-05;1314;62364;1;32.3
2023-03-20;841;18064;10;23.4
2023-03-20;841;9607;4;32
2023-03-20;841;5345;5;24.95
2023-03-20;841;36857;3;2.22
2023-03-20;841;31330;1;50.39
2023-03-20;841;58701;1;42.8
2023-03-20;841;20635;3;69.66
2023-03-20;841;15590;1;31.08
2023-03-20;841;62782;2;11.96
2023-03-20;841;48812;0;0
2023-03-20;841;48813;0;0
2023-03-20;841;35416;1;5.79
2023-03-20;841;21141;0;0
2023-03-20;841;51957;4;23
2023-03-20;841;15589;1;26.38
2023-03-20;841;35772;0;0
2023-03-20;841;1439;3;44.76
2023-11-20;1314;62364;1;32.58
2023-07-11;841;18064;40;90
2023-07-11;841;9607;1;8
2023-07-11;841;36857;3;5.13
2023-07-11;841;5345;9;44.91
2023-07-11;841;31330;2;103
2023-07-11;841;20635;3;70.11
2023-07-11;841;58701;1;42.86
2023-06-27;841;15590;1;31.08
2023-06-27;841;21141;1;25.63
2023-06-27;841;48812;1;5.98
2023-06-27;841;48813;3;14.97
2023-06-27;841;35416;1;5.79
2023-06-27;841;55917;1;9
2023-06-27;841;62782;3;21.03
2023-06-27;841;15589;7;170.17
2023-06-27;841;51957;3;17.13
2023-06-27;841;35772;3;35.76
2023-06-27;841;1439;3;45.3
2023-06-27;841;18064;38;85.5
2023-06-27;841;5345;7;34.93
2023-06-27;841;36857;3;5.04
2023-06-27;841;9607;5;40
2023-06-27;841;58701;1;42.86
2023-06-27;841;31330;2;103
2023-06-27;841;20635;3;70.11
2023-06-29;1314;57912;7;81.27
2023-06-29;1314;15590;1;40.43
2023-06-29;1314;62782;1;13.61
2023-06-29;1314;51957;2;24.6
2023-06-29;1314;15589;11;326.7
2023-06-29;1314;48813;5;29.95
2023-06-29;1314;35416;3;46.11
2023-06-29;1314;21141;1;30.47
2023-06-29;1314;48812;7;58.38
2023-06-29;1314;18064;248;962.24
2023-06-29;1314;9607;19;250.04
2023-06-29;1314;1439;4;74.84
2023-06-29;1314;36857;6;18.36
2023-06-29;1314;5345;4;32.88
2023-06-29;1314;13315;0;0
2023-06-29;1314;44217;3;124.53
2023-06-29;1314;58701;0;0
2023-06-29;1314;20635;15;451.2
2023-06-29;1314;31330;4;264.08
2023-03-04;841;57912;1;8.62
2023-03-04;841;15590;1;31.08
2023-03-04;841;62782;2;11.96
2023-05-19;1314;62364;1;32.3
2023-05-19;841;1439;3;45.3
2023-05-19;841;18064;60;135
2023-05-19;841;9607;3;24
2023-05-19;841;5345;4;19.96
2023-05-19;841;36857;4;6.2
2023-05-19;841;58701;1;42.8
2023-05-19;841;31330;2;103
2023-05-19;841;20635;3;69.93
2023-07-07;1314;62364;2;65.16
2023-07-20;1314;62364;2;65.16
2023-08-17;1314;62364;1;32.58
2023-04-08;1314;18064;181;696.85
2023-04-08;1314;9607;16;205.92
2023-04-08;1314;1439;4;74.04
2023-04-08;1314;36857;9;28.53
2023-04-08;1314;5345;2;16.08
2023-04-08;1314;13315;0;0
2023-04-08;1314;44217;2;78.82
2023-04-08;1314;58701;1;51.67
2023-04-08;1314;20635;2;59.34
2023-04-08;1314;31330;0;0
2023-06-26;841;15590;1;31.08
2023-06-26;841;21141;1;25.63
2023-06-26;841;48812;1;5.98
2023-06-26;841;48813;3;14.97
2023-06-26;841;35416;1;5.79
2023-06-26;841;55917;1;9
2023-06-26;841;62782;3;21.03
2023-06-26;841;15589;7;170.24
2023-06-26;841;51957;3;17.13
2023-06-26;841;35772;3;35.76
2023-06-26;841;1439;3;45.3
2023-06-26;841;18064;39;87.75
2023-06-26;841;5345;7;34.93
2023-06-26;841;36857;3;5.04
2023-06-26;841;9607;5;40
2023-06-26;841;58701;0;0
2023-06-26;841;31330;2;103
2023-06-26;841;20635;3;70.11
2023-06-26;1314;57912;7;81.27
2023-06-26;1314;15590;1;40.43
2023-06-26;1314;62782;1;13.61
2023-06-26;1314;51957;2;24.6
2023-06-26;1314;15589;9;267.57
2023-06-26;1314;48813;4;23.96
2023-06-26;1314;35416;4;61.48
2023-06-26;1314;21141;1;30.47
2023-06-26;1314;48812;7;58.38
2023-06-26;1314;18064;245;950.6
2023-06-26;1314;9607;24;315.84
2023-06-26;1314;1439;4;74.92
2023-06-26;1314;36857;5;15.3
2023-06-26;1314;5345;4;32.88
2023-06-26;1314;13315;3;111.93
2023-06-26;1314;44217;3;124.53
2023-06-26;1314;58701;0;0
2023-06-26;1314;20635;15;451.2
2023-06-26;1314;31330;4;264.08
2023-05-13;1314;18064;225;873
2023-05-13;1314;9607;16;209.92
2023-05-13;1314;1439;4;76.88
2023-05-13;1314;36857;8;24.72
2023-05-13;1314;5345;4;32.84
2023-05-13;1314;13315;3;109.32
2023-05-13;1314;44217;1;39.52
2023-05-13;1314;58701;2;103.34
2023-05-13;1314;20635;15;451.05
2023-05-13;1314;31330;4;263.92
2023-05-13;1314;57912;11;127.71
2023-05-13;1314;51957;1;12.24
2023-05-13;1314;15589;3;95.25
2023-05-13;1314;62782;1;13.61
2023-05-13;1314;48813;1;5.99
2023-05-13;1314;35416;3;46.56
2023-05-13;1314;21141;0;0
2023-05-13;1314;48812;6;43.02
2023-05-13;1314;35772;0;0
2023-07-28;1314;62364;1;32.58
2023-08-07;841;15590;1;31.08
2023-08-07;841;55917;1;9
2023-08-07;841;21141;0;0
2023-08-07;841;62782;3;21.03
2023-08-07;841;48812;1;5.98
2023-07-21;1314;62364;1;32.58
2023-08-05;1314;62364;1;32.58
2023-06-23;1314;57912;7;81.27
2023-06-23;1314;15590;1;40.43
2023-06-23;1314;62782;1;13.61
2023-06-23;1314;51957;2;24.6
2023-06-23;1314;15589;9;267.66
2023-06-23;1314;48813;4;23.96
2023-06-23;1314;35416;5;76.85
2023-06-23;1314;21141;1;30.47
2023-06-23;1314;48812;8;66.72
2023-06-23;1314;18064;260;1008.8
2023-06-23;1314;9607;26;342.16
2023-06-23;1314;1439;5;93.65
2023-06-23;1314;36857;9;27.54
2023-06-23;1314;5345;7;57.54
2023-06-23;1314;13315;3;111.93
2023-06-23;1314;44217;3;124.53
2023-06-23;1314;58701;1;51.67
2023-06-23;1314;20635;14;421.12
2023-06-23;1314;31330;4;264.08
2023-08-29;1314;57912;7;81.27
2023-08-29;1314;62782;1;13.61
2023-08-29;1314;51957;2;24.6
2023-08-29;1314;48813;0;0
2023-08-29;1314;15589;14;413.14
2023-08-29;1314;21141;2;50.64
2023-08-29;1314;35416;4;59.84
2023-08-29;1314;48812;3;25.35
2023-08-29;1314;15590;2;80.9
2023-08-29;1314;18064;194;752.72
2023-08-29;1314;9607;11;144.98
2023-08-29;1314;1439;4;73.96
2023-08-29;1314;36857;13;40.43
2023-08-29;1314;5345;11;91.19
2023-08-29;1314;58701;2;103.34
2023-08-29;1314;20635;12;361.08
2023-08-29;1314;31330;5;330.1
2023-08-29;1314;13315;3;134.28
2023-08-29;1314;44217;0;0
2023-08-07;1314;18064;178;690.64
2023-08-07;1314;9607;13;171.21
2023-08-07;1314;1439;3;56.04
2023-08-07;1314;36857;6;18.3
2023-08-07;1314;5345;5;41.45
2023-08-07;1314;44217;2;83.28
2023-08-07;1314;58701;2;103.34
2023-08-07;1314;20635;9;270.72
2023-08-07;1314;31330;1;66.02
2023-08-07;1314;13315;2;84.98
2023-08-07;1314;15590;0;0
2023-08-07;1314;62782;1;13.61
2023-08-07;1314;51957;2;24.6
2023-08-07;1314;48813;3;17.97
2023-08-07;1314;15589;1;29.56
2023-08-07;1314;21141;0;0
2023-08-07;1314;35416;5;74.8
2023-08-07;1314;48812;7;59.15
2023-08-12;1314;18064;207;803.16
2023-08-12;1314;9607;14;184.38
2023-08-12;1314;1439;4;74.24
2023-08-12;1314;36857;11;33.55
2023-08-12;1314;5345;5;41.45
2023-08-12;1314;44217;2;83.28
2023-08-12;1314;58701;2;103.34
2023-08-12;1314;20635;11;330.99
2023-08-12;1314;31330;5;330.1
2023-08-12;1314;13315;3;131.55
2023-09-15;1314;57912;0;0
2023-09-15;1314;62782;1;13.61
2023-09-15;1314;51957;2;24.6
2023-09-15;1314;15589;9;265.59
2023-09-15;1314;21141;0;0
2023-09-15;1314;35416;3;44.76
2023-09-15;1314;48812;3;27.03
2023-09-15;1314;15590;3;121.35
2023-09-15;1314;48813;1;5.99
2023-09-15;1314;18064;139;539.32
2023-09-15;1314;9607;6;79.08
2023-09-15;1314;1439;3;55.47
2023-09-15;1314;36857;11;34.21
2023-09-15;1314;5345;5;41.45
2023-09-15;1314;58701;1;51.67
2023-09-15;1314;20635;6;180.54
2023-09-15;1314;31330;4;264.08
2023-09-15;1314;13315;3;134.28
2023-09-15;1314;44217;2;83.54
2023-08-12;841;15590;1;31.08
2023-08-12;841;42076;1;8.56
2023-08-12;841;55917;1;9
2023-08-12;841;21141;0;0
2023-08-12;841;62782;3;21.03
2023-08-12;841;48812;1;5.98
2023-08-12;841;35416;1;10.74
2023-08-12;841;15589;7;169.61
2023-08-12;841;48813;3;14.97
2023-08-12;841;51957;3;17.13
2023-08-12;841;35772;1;11.92
2023-08-12;841;1439;2;30.2
2023-08-12;841;18064;47;105.75
2023-08-12;841;9607;4;32
2023-08-12;841;5345;5;24.95
2023-08-12;841;36857;4;6.84
2023-09-15;841;15590;1;31.08
2023-07-28;841;15590;1;31.08
2023-07-28;841;35416;0;0
2023-07-28;841;21141;0;0
2023-07-28;841;62782;3;21.03
2023-07-28;841;48812;1;5.98
2023-07-28;841;55917;1;9
2023-07-28;841;15589;9;218.07
2023-07-28;841;48813;3;14.97
2023-07-28;841;51957;3;17.13
2023-07-28;841;35772;2;23.84
2023-07-28;841;1439;3;45.3
2023-07-28;841;18064;24;54
2023-07-28;841;9607;4;32
2023-07-28;841;36857;3;5.13
2023-07-28;841;5345;7;34.93
2023-07-28;841;20635;3;70.11
2023-07-28;841;31330;2;103
2023-07-28;841;58701;1;42.86
2023-07-03;841;58701;1;42.86
2023-07-03;841;31330;2;103
2023-07-03;841;20635;3;70.11
2023-09-19;841;15590;1;31.08
2023-09-19;841;62782;3;21.03
2023-09-19;841;48812;1;5.98
2023-09-19;841;42076;1;8.56
2023-09-19;841;35416;1;10.74
2023-09-19;841;55917;1;9.01
2023-09-19;841;15589;5;120.6
2023-09-19;841;21141;2;42.32
2023-09-19;841;48813;3;14.97
2023-09-19;841;51957;3;17.13
2023-09-19;841;35772;3;35.79
2023-09-19;841;1439;2;30.2
2023-09-19;841;18064;8;18
2023-09-19;841;9607;5;40
2023-09-19;841;36857;4;6.84
2023-09-19;841;20635;2;46.74
2023-09-19;841;31330;1;51.5
2023-09-19;841;58701;1;42.86
2024-01-31;841;57912;1;8.79
2024-01-31;841;57814;3;356.28
2024-01-31;841;48813;3;14.97
2024-01-31;841;42076;5;40.7
2024-01-31;841;48812;0;0
2024-01-31;841;55917;1;9.01
2024-01-31;841;62782;1;7.01
2024-01-31;841;51957;2;11.78
2024-01-31;841;15590;2;64.1
2024-01-31;841;35416;1;10.74
2024-01-31;841;15589;2;48.12
2024-01-31;841;21141;1;24.76
2024-01-31;841;35772;2;23.86
2024-01-31;841;1439;1;14.9
2024-01-31;841;18064;31;69.75
2024-01-31;841;9607;5;41.35
2024-01-31;841;36857;3;7.02
2024-01-31;841;5345;0;0
2024-01-22;1314;18064;129;501.81
2024-01-22;1314;9607;11;147.73
2024-01-22;1314;1439;1;18.51
2024-01-22;1314;36857;8;28.72
2024-01-22;1314;5345;10;83.9
2024-01-22;1314;58701;1;51.67
2024-01-22;1314;20635;3;90
2024-01-22;1314;31330;5;329.05
2024-01-22;1314;13315;3;121.32
2024-01-22;1314;44217;3;106.59
2024-10-14;1314;62364;1;34.49
2024-10-14;1314;57912;2;26.58
2024-10-14;1314;57814;2;301.66
2024-10-14;1314;57816;2;120.66
2024-10-14;1314;57817;2;182.68
2024-10-14;1314;51957;1;14.66
2024-10-14;1314;21141;9;286.11
2024-10-14;1314;15589;10;316.9
2024-10-14;1314;35416;4;61.36
2024-10-14;1314;35772;4;67.92
2024-10-14;1314;48813;9;80.82
2024-10-14;1314;48812;5;44.9
2024-10-14;1314;15590;2;83.96
2024-10-14;1314;76834;1;5.22
2024-10-14;1314;1439;2;37.96
2024-10-14;1314;18064;59;252.52
2024-10-14;1314;9607;16;230.24
2024-10-14;1314;36857;11;43.23
2024-10-14;1314;5345;12;107.88
2024-10-14;1314;58701;2;116.7
2024-10-14;1314;20635;7;217.14
2024-10-14;1314;31330;3;203.13
2024-10-14;1314;44217;3;128.97
2024-10-14;1314;13315;1;46.69
2023-08-19;1314;62364;1;32.58
2024-01-17;1314;57912;0;0
2024-01-17;1314;57814;2;307.24
2024-01-17;1314;15590;3;121.35
2024-01-17;1314;48812;4;39.64
2024-01-17;1314;15589;9;265.32
2024-01-17;1314;21141;5;150.5
2024-01-17;1314;35416;2;29.78
2024-01-17;1314;48813;3;23.49
2024-01-17;1314;51957;1;12.37
2024-01-17;1314;18064;152;591.28
2024-01-17;1314;9607;12;161.04
2024-01-17;1314;1439;4;74.04
2024-01-17;1314;36857;4;14.12
2024-01-17;1314;5345;10;83.9
2024-01-17;1314;58701;1;51.67
2024-01-17;1314;20635;4;120
2024-01-17;1314;31330;5;329.05
2024-01-17;1314;13315;1;38.69
2024-01-17;1314;44217;3;106.59
2023-09-08;1314;58701;1;51.67
2023-09-08;1314;20635;11;330.99
2023-09-08;1314;31330;4;264.08
2023-09-08;1314;13315;3;134.28
2023-09-08;1314;44217;2;83.54
2023-07-29;841;15590;1;31.08
2023-07-29;841;35416;0;0
2023-07-29;841;21141;0;0
2023-07-29;841;62782;3;21.03
2023-07-29;841;48812;1;5.98
2023-07-29;841;55917;1;9
2023-07-29;841;15589;9;218.07
2023-07-29;841;48813;3;14.97
2023-07-29;841;51957;3;17.13
2023-07-29;841;35772;2;23.84
2023-08-10;841;15590;1;31.08
2023-08-10;841;42076;1;8.56
2023-08-10;841;55917;1;9
2023-08-10;841;21141;0;0
2023-08-10;841;62782;3;21.03
2023-08-10;841;48812;1;5.98
2023-08-10;841;35416;1;10.74
2023-08-10;841;15589;7;169.61
2023-08-10;841;48813;3;14.97
2023-08-10;841;51957;3;17.13
2023-08-10;841;35772;1;11.92
2023-08-10;841;1439;2;30.2
2023-08-10;841;18064;46;103.5
2023-08-10;841;9607;5;40
2023-08-10;841;5345;5;24.95
2023-08-10;841;36857;4;6.84
2023-08-10;841;20635;3;70.11
2023-08-10;841;31330;2;103
2023-08-10;841;58701;1;42.86
2023-08-21;1314;62364;1;32.58
2023-07-05;1314;13315;3;127.47
2023-07-05;1314;44217;3;124.53
2023-07-05;1314;58701;2;103.34
2023-07-05;1314;20635;15;451.2
2023-07-05;1314;31330;2;132.04
2023-07-05;1314;35416;4;61.4
2023-07-05;1314;21141;0;0
2023-07-05;1314;48812;8;67.6
2023-07-05;1314;18064;255;989.4
2023-07-05;1314;9607;23;302.91
2023-07-05;1314;1439;6;112.08
2023-07-05;1314;36857;5;15.25
2023-07-05;1314;5345;4;32.88
2023-07-05;1314;57912;7;81.27
2023-07-05;1314;15590;1;40.43
2023-07-05;1314;62782;1;13.61
2023-07-05;1314;51957;2;24.6
2023-07-05;1314;15589;11;326.48
2023-07-05;1314;48813;5;29.95
2023-08-10;1314;57912;7;81.27
2023-08-10;1314;15590;2;80.9
2023-08-10;1314;62782;1;13.61
2023-08-10;1314;51957;2;24.6
2023-08-10;1314;48813;3;17.97
2023-08-10;1314;15589;9;265.59
2023-08-10;1314;21141;0;0
2023-08-10;1314;35416;5;74.8
2023-08-10;1314;48812;5;42.25
2023-08-28;1314;62364;1;32.58
2023-09-19;1314;57912;1;12.61
2023-09-19;1314;62782;1;13.61
2023-09-19;1314;51957;2;24.6
2023-09-19;1314;15589;4;118.04
2023-09-19;1314;21141;3;88.98
2023-09-19;1314;58701;0;0
2023-09-19;1314;20635;4;120.36
2023-09-19;1314;31330;3;198.06
2023-09-19;1314;13315;3;134.28
2023-09-19;1314;44217;2;83.54
2023-09-19;1314;35416;3;44.76
2023-09-19;1314;48812;3;27.03
2023-09-19;1314;15590;3;121.35
2023-09-19;1314;48813;3;21.24
2023-09-19;1314;18064;107;415.16
2023-09-19;1314;9607;14;184.66
2023-09-19;1314;1439;3;55.47
2023-09-19;1314;36857;10;31.1
2023-09-19;1314;5345;5;41.45
2023-09-23;841;15590;1;31.08
2023-09-23;841;62782;3;21.03
2023-09-23;841;48812;1;5.98
2023-09-23;841;42076;1;8.56
2023-09-23;841;35416;1;10.74
2023-09-23;841;55917;1;9.01
2023-09-23;841;15589;5;120.6
2023-09-23;841;21141;3;67.2
2023-09-23;841;48813;3;14.97
2023-09-23;841;51957;3;17.13
2023-09-23;841;35772;3;35.79
2023-09-23;841;1439;2;30.2
2023-09-23;841;18064;10;22.5
2023-09-23;841;9607;5;40
2023-09-23;841;36857;4;6.84
2023-09-23;841;20635;2;46.74
2023-09-23;841;58701;1;42.86
2023-09-23;841;31330;1;51.5
2023-08-18;1314;18064;177;686.76
2023-08-18;1314;9607;19;250.42
2023-08-18;1314;1439;4;74.24
2023-08-18;1314;36857;11;33.55
2023-08-18;1314;5345;8;66.32
2023-08-18;1314;58701;2;103.34
2023-08-18;1314;44217;1;41.64
2023-08-18;1314;20635;12;361.08
2023-08-18;1314;31330;5;330.1
2023-08-18;1314;13315;2;87.7
2023-08-08;1314;62364;1;32.58
2023-08-11;1314;62364;1;32.58
2024-01-29;1314;18064;252;980.28
2024-01-29;1314;9607;19;256.31
2024-01-29;1314;1439;2;36.76
2024-01-29;1314;36857;8;28.72
2024-01-29;1314;5345;9;75.51
2024-01-29;1314;58701;1;51.67
2024-01-29;1314;31330;5;329.05
2024-01-29;1314;20635;3;89.97
2024-01-29;1314;13315;3;121.32
2024-01-29;1314;44217;3;106.59
2023-08-25;1314;62364;1;32.58
2023-08-07;1314;57912;7;81.27
2023-08-07;841;35416;1;10.74
2023-08-07;841;15589;7;169.61
2023-08-07;841;48813;3;14.97
2023-08-07;841;51957;3;17.13
2023-08-07;841;35772;2;23.84
2023-08-07;841;1439;3;45.3
2023-08-07;841;18064;22;49.5
2023-08-07;841;9607;5;40
2023-08-07;841;36857;4;6.84
2023-08-07;841;5345;6;29.94
2023-08-07;841;20635;3;70.11
2023-08-07;841;31330;2;103
2023-08-07;841;58701;1;42.86
2023-07-24;1314;62364;1;32.58
2023-08-31;1314;62364;1;32.58
2023-09-20;841;15590;1;31.08
2023-09-20;841;62782;3;21.03
2023-09-20;841;48812;1;5.98
2023-09-20;841;42076;1;8.56
2023-09-20;841;35416;1;10.74
2023-09-20;841;55917;1;9.01
2023-09-20;841;15589;5;120.6
2023-09-20;841;21141;2;42.32
2023-09-20;841;48813;3;14.97
2023-09-20;841;51957;3;17.13
2023-09-20;841;35772;3;35.79
2023-09-20;841;1439;2;30.2
2023-09-20;841;18064;8;18
2023-09-20;841;9607;5;40
2023-09-20;841;36857;4;6.84
2023-09-20;841;20635;2;46.74
2023-09-20;841;58701;1;42.86
2023-09-20;841;31330;1;51.5
2023-08-16;841;21141;1;19.71
2023-08-16;841;15590;1;31.08
2023-08-16;841;48812;1;5.98
2023-08-16;841;42076;1;8.56
2023-08-16;841;55917;1;9
2023-08-16;841;62782;3;21.03
2023-08-16;841;35416;1;10.74
2023-08-16;841;15589;5;121.15
2023-08-16;841;48813;3;14.97
2023-08-16;841;51957;3;17.13
2023-08-16;841;35772;1;11.92
2023-08-16;841;1439;2;30.2
2023-08-16;841;18064;45;101.25
2023-08-16;841;9607;4;32
2023-08-16;841;5345;5;24.95
2023-08-16;841;36857;4;6.84
2023-08-16;841;31330;2;103
2023-08-16;841;20635;3;70.11
2023-08-16;841;58701;1;42.86
2023-07-15;1314;18064;222;861.36
2023-07-15;1314;9607;24;316.08
2023-07-15;1314;36857;7;21.35
2023-07-15;1314;5345;6;49.62
2023-07-15;1314;13315;2;84.98
2023-07-15;1314;44217;2;83.02
2023-07-15;1314;58701;1;51.67
2023-07-15;1314;20635;12;360.96
2023-07-15;1314;31330;4;264.08
2024-10-07;1314;62364;1;34.49
2024-10-07;1314;57912;2;26.58
2024-10-07;1314;57814;2;301.66
2024-10-07;1314;57816;2;120.66
2024-10-07;1314;57817;2;182.68
2024-10-07;1314;51957;1;14.66
2024-10-07;1314;21141;3;95.37
2024-10-07;1314;15589;11;348.59
2024-10-07;1314;35416;5;76.7
2024-10-07;1314;35772;3;50.94
2024-10-07;1314;48813;5;44.9
2024-10-07;1314;48812;3;26.94
2024-10-07;1314;15590;2;83.96
2024-10-07;1314;76834;1;5.22
2024-10-07;1314;1439;4;75.88
2024-10-07;1314;18064;42;179.76
2024-10-07;1314;9607;15;215.85
2024-10-07;1314;36857;12;47.16
2024-10-07;1314;5345;9;80.91
2024-10-07;1314;58701;2;116.7
2024-10-07;1314;20635;10;310
2024-10-07;1314;31330;1;67.71
2024-10-07;1314;44217;2;85.98
2024-10-07;1314;13315;2;93.38
2024-01-29;1314;62364;1;32.58
2023-04-06;841;15590;1;31.08
2023-04-06;841;62782;2;11.96
2023-04-06;841;48812;1;5.98
2023-04-06;841;48813;1;4.99
2023-04-06;841;55917;1;8.53
2023-04-06;841;35416;1;5.79
2023-04-06;841;21141;1;25.63
2023-04-06;841;51957;4;23
2023-04-06;841;15589;1;26.47
2023-04-06;841;35772;0;0
2023-04-06;841;18064;24;54
2023-04-06;841;9607;3;24
2023-04-06;841;5345;5;24.95
2023-04-06;841;1439;3;45.3
2023-04-06;841;36857;3;3.18
2023-04-06;841;31330;1;50.39
2023-04-06;841;58701;1;42.8
2023-04-06;841;20635;3;69.66
2023-06-15;1314;18064;235;911.8
2023-06-15;1314;9607;20;263.2
2023-06-15;1314;1439;6;114.84
2023-06-15;1314;36857;8;24.48
2023-06-15;1314;5345;4;32.88
2023-06-15;1314;13315;3;111.93
2023-06-15;1314;44217;2;82.82
2023-06-15;1314;58701;1;51.67
2023-06-15;1314;20635;16;481.28
2023-06-15;1314;31330;0;0
2023-06-15;1314;57912;10;116.1
2023-06-15;1314;62782;1;13.61
2023-06-15;1314;51957;2;24.6
2023-06-15;1314;15589;5;149.7
2023-06-15;1314;48813;2;11.98
2023-06-15;1314;35416;2;30.82
2023-06-15;1314;21141;2;61.04
2023-06-15;1314;48812;7;57.47
2023-06-28;1314;18064;257;997.16
2023-06-28;1314;9607;23;302.68
2023-06-28;1314;1439;4;74.84
2023-06-28;1314;36857;6;18.36
2023-06-28;1314;5345;4;32.88
2023-06-28;1314;13315;1;37.31
2023-06-28;1314;44217;3;124.53
2023-06-28;1314;58701;0;0
2023-06-28;1314;20635;16;481.28
2023-06-28;1314;31330;4;264.08
2023-06-28;1314;57912;7;81.27
2023-06-28;1314;15590;1;40.43
2023-06-28;1314;62782;1;13.61
2023-06-28;1314;51957;2;24.6
2023-06-28;1314;15589;13;386.1
2023-06-28;1314;48813;5;29.95
2023-06-28;1314;35416;3;46.11
2023-06-28;1314;21141;1;30.47
2023-06-28;1314;48812;7;58.38
2023-06-03;1314;57912;10;116.1
2023-06-03;1314;62782;1;13.61
2023-06-03;1314;51957;2;24.6
2023-06-03;1314;15589;3;94.02
2023-06-03;1314;48813;2;11.98
2023-06-03;1314;35416;4;60.12
2023-06-03;1314;21141;1;31.01
2023-06-03;1314;48812;7;50.19
2023-06-03;1314;35772;0;0
2023-06-03;1314;18064;269;1043.72
2023-06-03;1314;9607;31;407.96
2023-06-03;1314;1439;5;96.95
2023-06-03;1314;36857;7;21.56
2023-06-03;1314;5345;3;24.66
2023-06-03;1314;13315;2;73.82
2023-06-03;1314;44217;2;82.54
2023-06-03;1314;58701;2;103.34
2023-06-03;1314;20635;13;391.04
2023-06-03;1314;31330;4;263.96
2023-07-17;1314;57912;7;81.27
2023-07-17;1314;15590;1;40.43
2023-07-17;1314;62782;1;13.61
2023-07-17;1314;51957;2;24.6
2023-07-17;1314;48813;4;23.96
2023-07-17;1314;15589;11;326.15
2023-07-17;1314;35416;4;60.48
2023-07-17;1314;21141;0;0
2023-07-17;1314;48812;8;67.6
2023-07-17;1314;1439;5;93.4
2023-07-17;1314;18064;193;748.84
2023-07-17;1314;9607;22;289.74
2023-07-17;1314;36857;5;15.25
2023-07-17;1314;5345;5;41.35
2023-07-17;1314;13315;2;84.98
2023-07-17;1314;44217;2;83.02
2023-07-17;1314;58701;1;51.67
2023-07-17;1314;20635;12;360.96
2023-07-17;1314;31330;3;198.06
2023-06-23;1314;62364;2;65.16
2023-08-15;1314;57912;7;81.27
2023-08-15;1314;15590;2;80.9
2023-08-15;1314;62782;1;13.61
2023-08-15;1314;51957;2;24.6
2023-08-15;1314;48813;3;17.97
2023-08-15;1314;15589;12;354.12
2023-08-15;1314;21141;0;0
2023-08-15;1314;35416;5;74.8
2023-08-15;1314;48812;4;33.8
2023-08-15;1314;18064;219;849.72
2023-08-15;1314;9607;19;250.42
2023-08-15;1314;1439;4;74.24
2023-08-15;1314;36857;11;33.55
2023-08-15;1314;5345;8;66.32
2023-08-15;1314;58701;2;103.34
2023-08-15;1314;44217;1;41.64
2023-08-15;1314;20635;10;300.9
2023-08-15;1314;31330;5;330.1
2023-08-15;1314;13315;3;131.55
2023-08-03;841;15590;1;31.08
2023-08-03;841;21141;0;0
2023-08-03;841;62782;3;21.03
2023-08-03;841;48812;1;5.98
2023-08-03;841;55917;1;9
2023-08-03;841;35416;1;10.74
2023-08-03;841;15589;7;169.61
2023-08-03;841;48813;3;14.97
2023-08-03;841;51957;3;17.13
2023-08-03;841;35772;2;23.84
2023-08-24;841;15590;1;31.08
2023-08-24;841;48812;1;5.98
2023-08-24;841;42076;1;8.56
2023-08-24;841;55917;1;9
2023-08-24;841;62782;3;21.03
2023-08-24;841;35416;1;10.74
2023-08-24;841;15589;6;144.96
2023-08-24;841;21141;0;0
2023-08-24;841;48813;3;14.97
2023-08-24;841;51957;3;17.13
2023-08-24;841;35772;3;35.79
2023-08-24;841;1439;2;30.2
2023-08-24;841;18064;36;81
2023-08-24;841;9607;5;40
2023-08-24;841;5345;0;0
2023-08-24;841;36857;4;6.84
2023-08-24;841;31330;1;51.5
2023-08-24;841;20635;3;70.11
2023-08-24;841;58701;1;42.86
2023-08-11;841;20635;3;70.11
2023-08-11;841;31330;2;103
2023-08-11;841;58701;1;42.86
2023-08-30;841;15590;1;31.08
2023-08-30;841;48812;1;5.98
2023-08-30;841;42076;1;8.56
2023-08-30;841;55917;1;9
2023-08-30;841;62782;3;21.03
2023-08-30;841;35416;1;10.74
2023-08-30;841;15589;6;144.9
2023-08-30;841;21141;3;59.13
2023-08-30;841;48813;3;14.97
2023-08-30;841;51957;3;17.13
2023-08-30;841;35772;3;35.79
2023-08-30;841;1439;2;30.2
2023-08-30;841;18064;30;67.5
2023-08-30;841;9607;6;48
2023-08-30;841;5345;5;25.35
2023-08-30;841;36857;4;6.84
2023-08-30;841;31330;0;0
2023-08-30;841;20635;2;46.74
2023-08-30;841;58701;1;42.86
2024-10-14;841;57912;1;8.79
2024-10-14;841;57817;2;131.42
2024-10-14;841;57814;7;766.5
2024-10-14;841;57816;2;87.6
2024-10-14;841;15590;2;65.38
2024-10-14;841;42076;4;32.56
2024-10-14;841;51957;1;7.71
2024-10-14;841;62782;1;7.55
2024-10-14;841;35772;2;25.04
2024-10-14;841;55917;2;18.26
2024-10-14;841;35416;1;11.13
2024-10-14;841;48812;1;7.61
2024-10-14;841;21141;4;103.72
2024-10-14;841;15589;4;103.16
2024-10-14;841;48813;1;7.34
2024-10-14;841;76834;1;3.34
2024-10-14;841;36857;3;7.41
2024-10-14;841;1439;0;0
2024-10-14;841;18064;29;74.24
2024-10-14;841;9607;10;90.1
2024-10-14;841;5345;5;28.1
2024-10-14;841;58701;3;136.17
2024-10-14;841;31330;2;102.12
2024-10-14;841;20635;2;49.48
2024-10-23;841;57912;0;0
2024-10-23;841;57817;2;131.42
2024-10-23;841;57814;7;766.5
2024-10-23;841;57816;2;87.6
2024-10-23;841;15590;1;32.69
2024-10-23;841;35772;2;25.04
2024-10-23;841;42076;4;32.56
2024-10-23;841;51957;1;7.71
2024-10-23;841;62782;1;7.55
2024-10-23;841;55917;2;18.26
2024-10-23;841;35416;1;11.13
2024-10-23;841;48812;1;7.61
2024-10-23;841;21141;4;103.72
2024-10-23;841;15589;3;77.64
2024-10-23;841;48813;2;14.84
2024-10-23;841;76834;1;3.34
2024-10-23;841;36857;3;7.41
2024-10-23;841;18064;44;112.64
2024-10-23;841;9607;9;81.09
2024-10-23;841;5345;5;28.1
2024-10-23;841;1439;1;15.49
2024-10-23;841;58701;3;136.17
2024-10-23;841;31330;2;102.12
2024-10-23;841;20635;2;49.48
2023-09-04;841;1439;2;30.2
2023-09-04;841;18064;26;58.5
2023-09-04;841;9607;6;48
2023-09-04;841;5345;5;25.35
2023-09-04;841;36857;4;6.84
2023-09-04;841;31330;1;51.5
2023-09-04;841;20635;2;46.74
2023-09-04;841;58701;1;42.86
2023-08-02;841;1439;3;45.3
2023-08-02;841;18064;20;45
2023-08-02;841;9607;3;24
2023-08-02;841;36857;3;5.13
2023-08-02;841;5345;6;29.94
2023-08-02;841;20635;3;70.11
2023-08-02;841;31330;2;103
2023-08-02;841;58701;1;42.86
2023-08-12;1314;62364;1;32.58
2024-10-23;1314;62364;1;34.49
2024-10-23;1314;57912;2;26.58
2024-10-23;1314;57814;2;301.66
2024-10-23;1314;57816;2;120.66
2024-10-23;1314;57817;2;182.68
2024-10-23;1314;51957;1;14.95
2024-10-23;1314;21141;13;413.27
2024-10-23;1314;15589;10;317.1
2024-10-23;1314;35416;5;76.85
2024-10-23;1314;35772;4;67.92
2024-10-23;1314;48813;9;80.82
2024-10-23;1314;48812;5;44.9
2024-10-23;1314;15590;2;83.96
2024-10-23;1314;76834;1;5.22
2024-10-23;1314;1439;4;75.96
2024-10-23;1314;18064;77;329.56
2024-10-23;1314;9607;15;215.55
2024-10-23;1314;36857;11;43.45
2024-10-23;1314;5345;11;98.89
2024-10-23;1314;58701;1;58.35
2024-10-23;1314;20635;8;243.12
2024-10-23;1314;31330;3;203.13
2024-10-23;1314;13315;2;93.22
2024-10-23;1314;44217;4;172.12
2024-01-18;841;57912;1;8.32
2024-01-18;841;57814;3;356.28
2024-01-18;841;48813;3;14.97
2024-01-18;841;62782;3;21.03
2024-01-18;841;42076;5;40.7
2024-01-18;841;48812;1;5.98
2024-01-18;841;55917;1;9.01
2024-01-18;841;51957;2;11.42
2024-01-18;841;15590;2;64.1
2024-01-18;841;35416;1;10.74
2024-01-18;841;15589;4;96.24
2024-01-18;841;21141;3;71.85
2024-01-18;841;35772;2;23.86
2024-01-18;841;1439;1;14.9
2024-01-18;841;18064;20;45
2024-01-18;841;9607;3;24.57
2024-01-18;841;5345;1;5.21
2024-01-18;841;36857;3;6.06
2024-01-18;841;31330;1;51.5
2024-01-18;841;58701;1;42.86
2024-01-18;841;20635;1;23.33
2023-08-03;1314;48813;4;23.96
2023-08-03;1314;15589;7;206.99
2023-08-03;1314;21141;0;0
2023-08-03;1314;35416;5;74.8
2023-08-03;1314;48812;7;59.15
2023-08-03;1314;18064;195;756.6
2023-08-03;1314;9607;14;184.38
2023-08-03;1314;1439;3;56.04
2023-08-03;1314;36857;8;24.4
2023-08-03;1314;5345;3;24.84
2023-08-03;1314;44217;2;83.28
2023-08-03;1314;58701;2;103.34
2023-08-03;1314;20635;9;270.72
2023-08-03;1314;31330;1;66.02
2023-08-03;1314;13315;2;84.98
2023-09-12;841;15590;1;31.08
2023-09-12;841;62782;3;21.03
2023-09-12;841;48812;1;5.98
2023-09-12;841;42076;1;8.56
2023-09-12;841;55917;0;0
2023-09-12;841;35416;1;10.74
2023-09-12;841;15589;4;96.52
2023-09-12;841;21141;2;39.42
2023-09-12;841;48813;3;14.97
2023-09-12;841;51957;3;17.13
2023-09-12;841;35772;3;35.79
2023-09-12;841;1439;2;30.2
2023-09-12;841;18064;14;31.5
2023-09-12;841;9607;4;32
2023-09-12;841;36857;4;6.84
2023-09-12;841;31330;1;51.5
2023-09-12;841;20635;2;46.74
2023-09-12;841;58701;1;42.86
2023-05-19;1314;13315;3;109.32
2023-05-19;1314;44217;0;0
2023-05-19;1314;58701;2;103.34
2023-05-19;1314;20635;14;420.98
2023-05-19;1314;31330;4;263.92
2023-05-19;1314;57912;10;116.1
2023-05-19;1314;51957;2;24.6
2023-05-19;1314;15589;3;95.25
2023-05-19;1314;62782;1;13.61
2023-05-19;1314;48813;1;5.99
2023-05-19;1314;35416;1;15.52
2023-05-19;1314;21141;0;0
2023-05-19;1314;48812;8;57.36
2023-05-19;1314;35772;0;0
2023-05-19;1314;18064;216;838.08
2023-05-19;1314;9607;19;249.66
2023-05-19;1314;1439;5;96.45
2023-05-19;1314;36857;10;30.8
2023-05-19;1314;5345;1;8.21
2024-01-18;1314;18064;144;560.16
2024-01-18;1314;9607;12;161.04
2024-01-18;1314;1439;4;74.04
2024-01-18;1314;36857;4;14.12
2024-01-18;1314;5345;10;83.9
2024-01-18;1314;58701;1;51.67
2024-01-18;1314;20635;3;90
2024-01-18;1314;31330;5;329.05
2024-01-18;1314;13315;1;38.69
2024-01-18;1314;44217;3;106.59
2024-01-08;841;57912;1;8.32
2024-01-08;841;57814;3;356.28
2024-01-08;841;48812;1;5.98
2024-01-08;841;48813;3;14.97
2024-01-08;841;62782;3;21.03
2024-01-08;841;42076;5;40.7
2024-01-08;841;55917;1;9.01
2024-01-08;841;51957;2;11.42
2024-01-08;841;15590;2;64.1
2024-01-08;841;35416;1;10.74
2024-01-08;841;15589;4;96.28
2024-01-08;841;21141;2;47.52
2024-01-08;841;35772;1;11.93
2024-01-08;841;20635;1;23.33
2024-01-08;841;31330;1;51.5
2024-01-08;841;58701;1;42.86
2024-01-08;841;1439;0;0
2024-01-08;841;18064;32;72
2024-01-08;841;9607;4;32.76
2024-01-08;841;5345;1;5.21
2024-01-08;841;36857;3;6.06
2023-09-02;841;15590;1;31.08
2023-09-02;841;48812;1;5.98
2023-09-02;841;42076;1;8.56
2023-09-02;841;55917;1;9
2023-09-02;841;62782;3;21.03
2023-09-02;841;35416;1;10.74
2023-09-02;841;15589;5;120.75
2023-09-02;841;21141;3;59.13
2023-09-02;841;48813;3;14.97
2023-09-02;841;51957;3;17.13
2023-09-02;841;35772;3;35.79
2023-09-11;1314;62364;1;32.58
2024-01-02;841;35416;1;10.74
2024-01-02;841;15589;3;72.24
2024-01-02;841;21141;3;71.28
2024-01-02;841;35772;2;23.86
2024-01-02;841;1439;1;15.1
2024-01-02;841;18064;11;24.75
2024-01-02;841;9607;5;40.95
2024-01-02;841;5345;1;5.21
2024-01-02;841;36857;3;6.06
2024-01-02;841;20635;1;23.33
2024-01-02;841;31330;1;51.5
2024-01-02;841;58701;1;42.86
2024-10-12;841;57912;1;8.79
2024-10-12;841;57817;2;131.42
2024-10-12;841;57814;7;766.5
2024-10-12;841;57816;2;87.6
2024-10-12;841;15590;2;65.38
2024-10-12;841;42076;4;32.56
2024-10-12;841;51957;1;7.71
2024-10-12;841;62782;1;7.55
2024-10-12;841;35772;2;25.04
2024-10-12;841;55917;2;18.26
2024-10-12;841;35416;1;11.13
2024-10-12;841;48812;1;7.61
2024-10-12;841;21141;4;103.72
2024-10-12;841;15589;4;103.16
2024-10-12;841;48813;1;7.34
2024-10-12;841;76834;1;3.34
2024-10-12;841;36857;3;7.41
2024-10-12;841;1439;2;30.96
2024-10-12;841;18064;29;74.24
2024-10-12;841;9607;10;90.1
2024-10-12;841;5345;6;33.72
2024-10-12;841;58701;3;136.17
2024-10-12;841;31330;2;102.12
2024-10-12;841;20635;2;49.48
2024-10-12;1314;62364;1;34.49
2024-10-12;1314;57912;2;26.58
2024-10-12;1314;57814;2;301.66
2024-10-12;1314;57816;2;120.66
2024-10-12;1314;57817;2;182.68
2024-10-12;1314;51957;1;14.66
2024-10-12;1314;21141;10;317.9
2024-10-12;1314;15589;11;348.59
2024-10-12;1314;35416;5;76.7
2024-10-12;1314;35772;4;67.92
2024-10-12;1314;48813;9;80.82
2024-10-12;1314;48812;5;44.9
2024-10-12;1314;15590;2;83.96
2024-10-12;1314;76834;1;5.22
2024-10-12;1314;1439;1;18.97
2024-10-12;1314;18064;12;51.36
2024-10-12;1314;9607;16;230.24
2024-10-12;1314;36857;12;47.16
2024-10-12;1314;5345;11;98.89
2024-10-12;1314;58701;2;116.7
2024-10-12;1314;20635;9;279.18
2024-10-12;1314;31330;3;203.13
2024-10-12;1314;44217;3;128.97
2024-10-12;1314;13315;1;46.69
2023-08-25;841;1439;2;30.2
2023-08-25;841;18064;39;87.75
2023-08-25;841;9607;6;48
2023-08-25;841;5345;4;20.28
2023-08-25;841;36857;4;6.84
2023-08-25;841;31330;1;51.5
2023-08-25;841;20635;3;70.11
2023-08-25;841;58701;1;42.86
2023-05-13;841;15590;1;31.08
2023-05-13;841;35416;1;5.79
2023-05-13;841;62782;1;5.98
2023-05-13;841;48812;1;5.98
2023-05-13;841;55917;0;0
2023-05-13;841;15589;2;52.98
2023-05-13;841;21141;1;25.63
2023-05-13;841;48813;3;14.97
2023-05-13;841;51957;3;17.19
2023-05-13;841;35772;0;0
2023-05-13;841;1439;3;45.3
2023-05-13;841;18064;63;141.75
2023-05-13;841;9607;1;8
2023-05-13;841;5345;5;24.95
2023-05-13;841;36857;4;6.2
2024-01-05;841;57912;1;8.32
2024-01-05;841;57814;3;356.28
2024-01-05;841;48812;1;5.98
2024-01-05;841;48813;3;14.97
2024-01-05;841;62782;3;21.03
2024-01-05;841;42076;5;40.7
2024-01-05;841;55917;1;9.01
2024-01-05;841;51957;2;11.42
2024-01-05;841;15590;2;64.1
2024-01-05;841;35416;1;10.74
2024-01-05;841;15589;3;72.24
2024-01-05;841;21141;2;47.52
2024-01-05;841;35772;2;23.86
2024-01-05;841;20635;1;23.33
2024-01-05;841;31330;1;51.5
2024-01-05;841;58701;1;42.86
2024-01-05;841;1439;0;0
2024-01-05;841;18064;30;67.5
2024-01-05;841;9607;5;40.95
2024-01-05;841;5345;1;5.21
2024-01-05;841;36857;3;6.06
2024-01-25;841;57912;1;8.32
2024-01-25;841;57814;3;356.28
2024-01-25;841;48813;3;14.97
2024-01-25;841;62782;1;7.01
2024-01-25;841;42076;5;40.7
2024-01-25;841;48812;1;5.98
2024-01-25;841;55917;1;9.01
2024-01-25;841;51957;2;11.42
2024-01-25;841;15590;2;64.1
2024-01-25;841;35416;1;10.74
2024-01-25;841;15589;4;96.24
2024-01-25;841;21141;3;71.85
2024-01-25;841;35772;2;23.86
2024-01-25;841;1439;1;14.9
2024-01-25;841;18064;36;81
2024-01-25;841;9607;5;41.35
2024-01-25;841;5345;1;5.21
2024-01-25;841;36857;3;6.06
2024-01-25;841;31330;1;51.5
2024-01-25;841;58701;1;42.86
2024-01-25;841;20635;1;23.33
2023-07-08;1314;18064;235;911.8
2023-07-08;1314;9607;22;289.74
2023-07-08;1314;1439;7;130.76
2023-07-08;1314;36857;7;21.35
2023-07-08;1314;5345;2;16.44
2023-07-08;1314;13315;3;127.47
2023-07-08;1314;44217;3;124.53
2023-07-08;1314;58701;1;51.67
2023-07-08;1314;20635;12;360.96
2023-07-08;1314;31330;2;132.04
2023-07-08;1314;57912;7;81.27
2023-07-08;1314;15590;0;0
2023-07-08;1314;62782;1;13.61
2023-07-08;1314;51957;2;24.6
2023-07-08;1314;15589;11;326.37
2023-07-08;1314;48813;4;23.96
2023-07-08;1314;35416;2;30.7
2023-07-08;1314;21141;0;0
2023-07-08;1314;48812;8;67.6
2023-09-06;841;15590;1;31.08
2023-09-06;841;48812;1;5.98
2023-09-06;841;42076;1;8.56
2023-09-06;841;55917;0;0
2023-09-06;841;62782;3;21.03
2023-09-06;841;35416;1;10.74
2023-09-06;841;15589;4;96.6
2023-09-06;841;21141;3;59.13
2023-09-06;841;48813;3;14.97
2023-09-06;841;51957;3;17.13
2023-09-06;841;35772;3;35.79
2024-01-03;841;15590;2;64.1
2024-01-03;841;35416;1;10.74
2024-01-03;841;15589;3;72.24
2024-01-03;841;21141;3;71.28
2024-01-03;841;35772;2;23.86
2024-01-03;841;1439;1;15.1
2024-01-03;841;18064;11;24.75
2024-01-03;841;9607;5;40.95
2024-01-03;841;5345;1;5.21
2024-01-03;841;36857;3;6.06
2024-01-03;841;20635;1;23.33
2024-01-03;841;31330;1;51.5
2024-01-03;841;58701;1;42.86
2024-01-03;1314;57912;1;12.61
2024-01-03;1314;57814;2;307.24
2024-01-03;1314;18064;92;357.88
2024-01-03;1314;9607;14;187.46
2024-01-03;1314;1439;4;74.04
2024-01-03;1314;36857;0;0
2024-01-03;1314;5345;13;109.07
2024-01-03;1314;58701;1;51.67
2024-01-03;1314;20635;6;180
2024-01-03;1314;31330;5;329.05
2024-01-03;1314;13315;1;38.69
2024-01-03;1314;44217;3;106.59
2024-01-03;1314;48813;3;23.49
2024-01-03;1314;51957;1;12.37
2024-01-03;1314;21141;5;150.5
2024-01-03;1314;15589;9;265.32
2024-01-03;1314;35416;2;29.78
2024-01-03;1314;48812;4;39.64
2024-01-03;1314;15590;3;121.35
2024-10-07;841;57912;1;8.79
2024-10-07;841;57817;2;131.42
2024-10-07;841;57814;7;766.5
2024-10-07;841;57816;3;131.4
2024-10-07;841;15590;2;65.38
2024-10-07;841;51957;1;7.71
2024-10-07;841;62782;1;7.55
2024-10-07;841;35772;2;25.04
2024-10-07;841;42076;4;32.56
2024-10-07;841;55917;2;18.26
2024-10-07;841;35416;1;11.13
2024-10-07;841;48812;1;7.61
2024-10-07;841;21141;5;129.65
2024-10-07;841;15589;4;103.16
2024-10-07;841;48813;2;14.68
2024-10-07;841;76834;1;3.34
2024-10-07;841;36857;3;7.41
2024-10-07;841;1439;2;30.96
2024-10-07;841;18064;38;97.28
2024-10-07;841;9607;10;90.1
2024-10-07;841;5345;6;33.72
2024-10-07;841;58701;3;136.17
2024-10-07;841;31330;2;102.12
2024-10-07;841;20635;2;49.48
2024-01-01;1314;62364;1;32.58
2023-09-11;1314;57912;0;0
2023-09-02;1314;58701;2;103.34
2023-09-02;1314;20635;12;361.08
2023-09-02;1314;31330;5;330.1
2023-09-02;1314;13315;3;134.28
2023-09-02;1314;44217;0;0
2023-09-02;1314;15590;3;121.35
2023-09-02;1314;18064;205;795.4
2023-09-02;1314;9607;9;118.62
2023-09-02;1314;1439;3;55.47
2023-09-02;1314;36857;12;37.32
2023-09-02;1314;5345;10;82.9
2023-07-26;841;15590;1;31.08
2023-07-26;841;35416;1;5.79
2023-07-26;841;21141;0;0
2023-07-26;841;62782;3;21.03
2023-07-26;841;48812;1;5.98
2023-07-26;841;55917;1;9
2023-07-26;841;15589;10;242.3
2023-07-26;841;48813;3;14.97
2023-07-26;841;51957;3;17.13
2023-07-26;841;35772;2;23.84
2023-07-26;841;1439;3;45.3
2023-08-30;1314;57912;1;11.61
2023-08-30;1314;62782;1;13.61
2023-08-30;1314;51957;2;24.6
2023-08-30;1314;48813;0;0
2023-08-30;1314;15589;13;383.63
2023-08-30;1314;21141;2;50.64
2023-08-30;1314;35416;4;59.84
2023-08-30;1314;48812;3;25.35
2023-08-30;1314;15590;2;80.9
2023-08-30;1314;18064;187;725.56
2023-08-30;1314;9607;9;118.62
2023-08-30;1314;1439;4;73.96
2023-08-30;1314;36857;13;40.43
2023-08-30;1314;5345;11;91.19
2023-09-02;1314;57912;1;11.61
2023-09-02;1314;62782;1;13.61
2023-09-02;1314;51957;2;24.6
2023-09-02;1314;48813;2;11.98
2023-09-02;1314;15589;12;354.12
2023-09-02;1314;21141;1;25.32
2023-09-02;1314;35416;2;29.92
2023-09-02;1314;48812;3;26.31
2023-08-01;841;15590;1;31.08
2023-08-01;841;35416;1;10.74
2023-08-01;841;21141;0;0
2023-08-01;841;62782;3;21.03
2023-08-01;841;48812;1;5.98
2023-08-01;841;55917;1;9
2023-07-22;841;15590;1;31.08
2023-07-22;841;35416;1;5.79
2023-07-22;841;21141;0;0
2023-07-22;841;62782;3;21.03
2023-07-22;841;48812;1;5.98
2023-07-22;841;55917;1;9
2023-07-22;841;15589;11;266.53
2023-07-22;841;48813;3;14.97
2023-07-22;841;51957;3;17.13
2023-07-22;841;35772;2;23.84
2023-07-22;841;1439;3;45.3
2023-08-11;841;15590;1;31.08
2023-08-11;841;42076;1;8.56
2023-08-11;841;55917;1;9
2023-08-11;841;21141;0;0
2023-08-11;841;62782;3;21.03
2023-08-11;841;48812;1;5.98
2023-08-11;841;35416;1;10.74
2023-08-11;841;15589;7;169.61
2023-08-11;841;48813;3;14.97
2023-08-11;841;51957;3;17.13
2023-08-11;841;35772;1;11.92
2023-08-11;841;1439;2;30.2
2023-08-11;841;18064;46;103.5
2023-08-11;841;9607;5;40
2023-08-11;841;5345;5;24.95
2023-08-11;841;36857;4;6.84
2024-10-31;1314;62364;1;34.49
2024-10-31;1314;57912;2;26.58
2024-10-31;1314;57814;2;301.66
2024-10-31;1314;57816;2;120.66
2024-10-31;1314;57817;2;182.68
2024-10-31;1314;51957;1;14.95
2024-10-31;1314;21141;9;286.11
2024-10-31;1314;15589;10;317.1
2024-10-31;1314;35416;5;76.85
2024-10-31;1314;35772;3;50.94
2024-10-31;1314;48812;5;44.9
2024-10-31;1314;48813;7;62.86
2024-10-31;1314;15590;2;83.96
2024-10-31;1314;76834;1;5.22
2024-10-31;1314;1439;7;132.93
2024-10-31;1314;18064;60;256.8
2024-10-31;1314;9607;12;172.44
2024-10-31;1314;36857;11;43.45
2024-10-31;1314;5345;10;89.9
2024-10-31;1314;58701;1;58.35
2024-10-31;1314;20635;7;212.03
2024-10-31;1314;31330;1;67.71
2024-10-31;1314;13315;3;139.74
2024-10-31;1314;44217;4;172.12
2023-08-19;841;1439;2;30.2
2023-08-19;841;18064;43;96.75
2023-08-19;841;9607;1;8
2023-08-19;841;5345;5;24.95
2023-08-19;841;36857;4;6.84
2023-08-19;841;31330;2;103
2023-08-19;841;20635;3;70.11
2023-08-19;841;58701;1;42.86
2023-07-08;1314;62364;2;65.16
2023-09-21;1314;62364;1;32.58
2024-01-08;1314;62364;1;32.58
2023-07-08;841;15590;1;31.08
2023-07-08;841;35416;1;5.79
2023-07-08;841;21141;1;25.63
2023-07-08;841;48812;1;5.98
2023-07-08;841;55917;1;9
2023-07-08;841;62782;3;21.03
2023-07-08;841;15589;10;242.5
2023-07-08;841;48813;2;9.98
2023-07-08;841;51957;2;11.42
2023-07-08;841;35772;2;23.84
2023-07-08;841;1439;3;45.3
2023-07-08;841;18064;42;94.5
2023-07-08;841;9607;3;24
2023-07-08;841;36857;2;3.42
2023-07-08;841;5345;9;44.91
2023-07-03;1314;62364;2;65.16
2023-08-30;1314;58701;2;103.34
2023-08-30;1314;20635;12;361.08
2023-08-30;1314;31330;5;330.1
2023-08-30;1314;13315;3;134.28
2023-08-30;1314;44217;0;0
2023-07-31;841;15590;1;31.08
2023-07-31;841;35416;1;10.74
2023-07-31;841;21141;0;0
2023-07-31;841;62782;3;21.03
2023-07-31;841;48812;1;5.98
2023-07-31;841;55917;1;9
2023-07-20;841;15590;1;31.08
2023-07-20;841;35416;1;5.79
2023-07-20;841;21141;0;0
2023-07-20;841;62782;3;21.03
2023-07-20;841;48812;1;5.98
2023-07-20;841;55917;1;9
2023-07-20;841;15589;11;266.53
2023-07-20;841;48813;3;14.97
2023-07-20;841;51957;3;17.13
2023-07-20;841;35772;3;35.76
2023-07-20;841;1439;3;45.3
2023-07-20;841;18064;37;83.25
2023-07-20;841;9607;3;24
2023-07-20;841;5345;9;44.91
2023-07-20;841;36857;5;8.55
2023-07-20;841;31330;2;103
2023-07-20;841;20635;3;70.11
2023-07-20;841;58701;1;42.86
2023-08-28;841;36857;4;6.84
2023-08-28;841;31330;0;0
2023-08-28;841;20635;2;46.74
2023-08-28;841;58701;1;42.86
2023-07-06;1314;62364;2;65.16
2023-07-19;1314;62364;2;65.16
2023-06-28;841;18064;42;94.5
2023-06-28;841;5345;8;39.92
2023-06-28;841;36857;3;5.04
2023-06-28;841;9607;5;40
2023-06-28;841;58701;1;42.86
2023-06-28;841;31330;2;103
2023-06-28;841;20635;3;70.11
2023-06-28;841;15590;1;31.08
2023-06-28;841;35416;1;5.79
2023-06-28;841;21141;1;25.63
2023-06-28;841;48812;1;5.98
2023-06-28;841;48813;3;14.97
2023-06-28;841;55917;1;9
2023-06-28;841;62782;3;21.03
2023-06-28;841;15589;7;170.1
2023-06-28;841;51957;3;17.13
2023-06-28;841;35772;3;35.76
2023-06-28;841;1439;3;45.3
2023-08-01;1314;57912;7;81.27
2023-08-01;1314;18064;209;810.92
2023-08-01;1314;9607;16;210.72
2023-08-01;1314;1439;3;56.04
2023-08-01;1314;36857;9;27.45
2023-08-01;1314;5345;3;24.84
2023-08-01;1314;31330;1;66.02
2023-08-01;1314;44217;2;83.28
2023-08-01;1314;58701;2;103.34
2023-08-01;1314;13315;2;84.98
2023-08-01;1314;20635;10;300.8
2023-08-01;1314;15590;0;0
2023-08-01;1314;62782;1;13.61
2023-08-01;1314;51957;2;24.6
2023-08-01;1314;48813;4;23.96
2023-08-01;1314;15589;8;236.56
2023-08-01;1314;21141;0;0
2023-08-01;1314;35416;5;74.8
2023-08-01;1314;48812;7;59.15
2024-01-15;1314;62364;1;32.58
2024-01-05;1314;48813;3;23.49
2024-01-05;1314;51957;0;0
2024-01-05;1314;21141;5;150.5
2024-01-05;1314;15589;9;265.32
2024-01-05;1314;35416;2;29.78
2024-01-05;1314;48812;4;39.64
2024-01-05;1314;15590;3;121.35
2024-01-05;1314;18064;86;334.54
2024-01-05;1314;9607;12;160.68
2024-01-05;1314;1439;4;74.04
2024-01-05;1314;36857;0;0
2024-01-05;1314;5345;13;109.07
2024-01-05;1314;58701;1;51.67
2024-01-05;1314;20635;6;180
2024-01-05;1314;31330;5;329.05
2024-01-05;1314;13315;1;38.69
2024-01-05;1314;44217;3;106.59
2023-09-29;841;15590;1;31.08
2023-09-29;841;62782;3;21.03
2023-09-29;841;48812;1;5.98
2023-09-29;841;42076;1;8.56
2023-09-29;841;35416;1;10.74
2023-09-29;841;55917;1;9.01
2023-09-29;841;15589;3;72.36
2023-09-29;841;21141;3;67.2
2023-09-29;841;48813;3;14.97
2023-09-29;841;51957;3;17.13
2023-09-29;841;35772;3;35.79
2023-09-29;841;1439;2;30.2
2024-01-30;841;57912;1;8.79
2024-01-30;841;57814;3;356.28
2024-01-30;841;48813;3;14.97
2024-01-30;841;42076;5;40.7
2024-01-30;841;48812;0;0
2024-01-30;841;55917;1;9.01
2024-01-30;841;62782;1;7.01
2024-01-30;841;51957;2;11.78
2024-01-30;841;15590;2;64.1
2024-01-30;841;35416;1;10.74
2024-01-30;841;15589;2;48.12
2024-01-30;841;21141;2;49.52
2024-01-30;841;35772;2;23.86
2023-09-04;1314;58701;1;51.67
2023-09-04;1314;20635;12;361.08
2023-09-04;1314;31330;5;330.1
2023-09-04;1314;13315;3;134.28
2023-09-04;1314;44217;0;0
2023-09-04;1314;15589;12;354.12
2023-09-04;1314;21141;1;25.32
2023-09-04;1314;35416;1;14.96
2023-09-04;1314;48812;2;17.54
2023-09-04;1314;15590;3;121.35
2023-09-04;1314;18064;193;748.84
2023-09-04;1314;9607;9;118.62
2023-09-04;1314;1439;3;55.47
2023-09-04;1314;36857;12;37.32
2023-09-04;1314;5345;9;74.61
2024-10-17;841;57912;1;8.79
2024-10-17;841;57817;2;131.42
2024-10-17;841;57814;7;766.5
2024-10-17;841;57816;2;87.6
2024-10-17;841;15590;2;65.38
2024-10-17;841;35772;2;25.04
2024-10-17;841;42076;4;32.56
2024-10-17;841;51957;1;7.71
2024-10-17;841;62782;1;7.55
2024-10-17;841;55917;2;18.26
2024-10-17;841;35416;1;11.13
2024-10-17;841;48812;1;7.61
2024-10-17;841;21141;4;103.72
2024-10-17;841;15589;2;51.58
2024-10-17;841;48813;2;14.84
2024-10-17;841;76834;1;3.34
2024-10-17;841;36857;3;7.41
2024-10-17;841;1439;0;0
2024-10-17;841;18064;49;125.44
2024-10-17;841;9607;10;90.1
2024-10-17;841;5345;5;28.1
2024-10-17;841;58701;3;136.17
2024-10-17;841;31330;2;102.12
2024-10-17;841;20635;2;49.48
2024-01-04;1314;62364;1;32.58
2023-09-06;1314;62364;1;32.58
2023-09-06;841;1439;2;30.2
2023-09-06;841;18064;26;58.5
2023-09-06;841;9607;4;32
2023-09-06;841;36857;4;6.84
2023-09-06;841;31330;1;51.5
2023-09-06;841;20635;2;46.74
2023-09-06;841;58701;1;42.86
2023-09-19;1314;62364;1;32.58
2024-11-27;1314;57912;2;26.58
2024-11-27;1314;62364;1;34.49
2024-11-27;1314;57814;2;301.66
2024-11-27;1314;57816;2;120.66
2024-11-27;1314;57817;2;182.68
2024-11-27;1314;51957;1;14.95
2024-11-27;1314;15589;8;254.24
2024-11-27;1314;21141;11;349.69
2024-11-27;1314;35772;4;67.36
2024-11-27;1314;48812;3;26.94
2024-11-27;1314;48813;6;53.88
2024-11-27;1314;15590;2;83.96
2024-11-27;1314;35416;6;92.22
2024-11-27;1314;76834;1;5.22
2024-11-27;1314;1439;7;132.93
2024-11-27;1314;18064;105;449.4
2024-11-27;1314;9607;10;143.5
2024-11-27;1314;36857;11;43.45
2024-11-27;1314;5345;9;80.91
2024-11-27;1314;58701;2;116.7
2024-11-27;1314;20635;10;297.1
2024-11-27;1314;31330;3;196.32
2024-11-27;1314;13315;3;139.65
2024-11-27;1314;44217;3;129.09
2023-09-01;841;1439;2;30.2
2023-09-01;841;18064;29;65.25
2023-09-01;841;9607;6;48
2023-09-01;841;5345;5;25.35
2023-09-01;841;36857;4;6.84
2023-09-01;841;31330;1;51.5
2023-09-01;841;20635;2;46.74
2023-09-01;841;58701;1;42.86
2023-08-26;1314;57912;7;81.27
2023-08-26;1314;62782;1;13.61
2023-08-26;1314;51957;2;24.6
2023-08-26;1314;48813;0;0
2023-08-26;1314;15589;11;324.61
2023-08-26;1314;21141;4;101.28
2023-08-26;1314;35416;4;59.84
2023-08-26;1314;48812;3;25.35
2023-08-26;1314;15590;2;80.9
2023-08-26;1314;18064;189;733.32
2023-08-26;1314;9607;11;144.98
2023-08-26;1314;1439;5;92.45
2023-08-26;1314;36857;11;33.88
2023-08-26;1314;5345;8;66.32
2023-08-26;1314;58701;2;103.34
2023-08-26;1314;44217;0;0
2023-08-26;1314;20635;13;391.17
2023-08-26;1314;31330;5;330.1
2023-08-26;1314;13315;3;134.28
2024-01-04;841;57912;1;8.32
2024-01-04;841;57814;3;356.28
2024-01-04;841;48812;1;5.98
2024-01-04;841;48813;3;14.97
2024-01-04;841;62782;3;21.03
2024-01-04;841;42076;5;40.7
2024-01-04;841;55917;1;9.01
2024-01-04;841;51957;2;11.42
2024-01-04;841;15590;2;64.1
2024-01-04;841;35416;1;10.74
2024-01-04;841;15589;3;72.24
2024-01-04;841;21141;2;47.52
2024-01-04;841;35772;2;23.86
2024-01-04;841;1439;1;15.1
2024-01-04;841;18064;31;69.75
2024-01-04;841;9607;5;40.95
2024-01-04;841;5345;1;5.21
2024-01-04;841;36857;3;6.06
2024-01-04;841;20635;1;23.33
2024-01-04;841;31330;1;51.5
2024-01-04;841;58701;1;42.86
2023-09-14;841;15589;4;96.52
2023-09-14;841;21141;2;39.42
2023-09-14;841;48813;3;14.97
2023-09-14;841;51957;3;17.13
2023-09-14;841;35772;3;35.79
2023-09-14;841;1439;2;30.2
2023-09-14;841;18064;5;11.25
2023-09-14;841;9607;4;32
2023-09-14;841;36857;4;6.84
2023-09-14;1314;57912;0;0
2023-09-14;1314;62782;1;13.61
2023-09-14;1314;51957;2;24.6
2023-09-14;1314;15589;9;265.59
2023-09-14;1314;21141;2;50.64
2023-09-14;1314;35416;3;44.76
2023-09-14;1314;48812;4;36.04
2023-09-14;1314;15590;3;121.35
2023-09-14;1314;48813;2;11.98
2023-09-14;1314;18064;143;554.84
2023-09-14;1314;9607;6;79.08
2023-09-14;1314;1439;3;55.47
2023-09-14;1314;36857;11;34.21
2023-09-14;1314;5345;7;58.03
2023-09-14;1314;58701;1;51.67
2023-09-14;1314;20635;7;210.63
2023-09-14;1314;31330;4;264.08
2023-09-14;1314;13315;3;134.28
2023-09-14;1314;44217;2;83.54
2023-09-16;1314;57912;0;0
2023-09-16;1314;62782;1;13.61
2023-09-16;1314;51957;2;24.6
2023-09-16;1314;15589;7;206.57
2023-09-16;1314;21141;0;0
2023-09-16;1314;35416;3;44.76
2023-09-16;1314;48812;3;27.03
2023-09-16;1314;15590;3;121.35
2023-09-16;1314;48813;1;5.99
2023-09-16;1314;18064;128;496.64
2023-09-16;1314;9607;6;79.08
2023-09-16;1314;1439;3;55.47
2023-09-16;1314;36857;10;31.1
2023-09-16;1314;5345;5;41.45
2023-09-16;1314;58701;1;51.67
2023-09-16;1314;20635;4;120.36
2023-09-16;1314;31330;3;198.06
2023-09-16;1314;13315;3;134.28
2023-09-16;1314;44217;2;83.54
2023-07-29;1314;57912;7;81.27
2023-07-29;1314;15590;1;40.43
2023-07-29;1314;62782;1;13.61
2023-07-29;1314;51957;2;24.6
2023-07-29;1314;48813;4;23.96
2023-07-29;1314;15589;8;236.56
2023-07-29;1314;21141;0;0
2023-07-29;1314;35416;4;59.92
2023-07-29;1314;48812;7;59.15
2023-07-29;1314;1439;3;56.04
2023-07-29;1314;18064;227;880.76
2023-07-29;1314;9607;19;250.23
2023-07-29;1314;36857;9;27.45
2023-07-29;1314;5345;3;24.84
2023-07-29;1314;31330;2;132.04
2023-07-29;1314;44217;2;83.28
2023-07-29;1314;58701;2;103.34
2023-07-29;1314;13315;2;84.98
2023-07-29;1314;20635;12;360.96
2023-08-04;841;15590;1;31.08
2023-08-04;841;21141;0;0
2023-08-04;841;62782;3;21.03
2023-08-04;841;48812;1;5.98
2023-08-04;841;55917;1;9
2023-08-04;841;35416;1;10.74
2023-08-04;841;15589;7;169.61
2023-08-04;841;48813;3;14.97
2023-08-04;841;51957;3;17.13
2023-08-04;841;35772;2;23.84
2023-07-22;841;18064;37;83.25
2023-07-22;841;9607;2;16
2023-07-22;841;5345;8;39.92
2023-07-22;841;36857;5;8.55
2023-07-22;841;20635;3;70.11
2023-07-22;841;31330;2;103
2023-07-22;841;58701;1;42.86
2023-07-07;1314;18064;228;884.64
2023-07-07;1314;9607;21;276.57
2023-07-07;1314;1439;7;130.76
2023-07-07;1314;36857;5;15.25
2023-07-07;1314;5345;3;24.66
2023-07-07;1314;13315;3;127.47
2023-07-07;1314;44217;3;124.53
2023-07-07;1314;58701;1;51.67
2023-07-07;1314;20635;12;360.96
2023-07-07;1314;31330;2;132.04
2023-07-07;1314;15590;0;0
2023-07-07;1314;62782;1;13.61
2023-07-07;1314;51957;2;24.6
2023-07-07;1314;15589;10;296.8
2023-07-07;1314;48813;4;23.96
2023-07-07;1314;35416;2;30.7
2023-07-07;1314;21141;0;0
2023-07-07;1314;48812;8;67.6
2023-07-07;1314;57912;7;81.27
2023-07-24;841;18064;33;74.25
2023-07-24;841;9607;0;0
2023-07-24;841;5345;7;34.93
2023-07-24;841;36857;3;5.13
2023-07-24;841;20635;3;70.11
2023-07-24;841;31330;2;103
2023-07-24;841;58701;1;42.86
2023-08-08;1314;18064;216;838.08
2023-08-08;1314;9607;15;197.55
2023-08-08;1314;1439;4;74.24
2023-08-08;1314;36857;6;18.3
2023-08-08;1314;5345;5;41.45
2023-08-08;1314;44217;2;83.28
2023-08-08;1314;58701;2;103.34
2023-08-08;1314;20635;9;270.72
2023-08-08;1314;31330;1;66.02
2023-08-08;1314;13315;2;84.98
2023-08-08;1314;57912;7;81.27
2023-08-08;1314;15590;1;40.45
2023-08-08;1314;62782;1;13.61
2023-08-08;1314;51957;2;24.6
2023-08-08;1314;48813;3;17.97
2023-08-08;1314;15589;1;29.56
2023-08-08;1314;21141;0;0
2023-08-08;1314;35416;5;74.8
2023-08-08;1314;48812;7;59.15
2024-01-31;1314;58701;1;53.37
2024-01-31;1314;31330;5;339.05
2024-01-31;1314;20635;4;123.56
2024-01-31;1314;13315;2;93.18
2024-01-31;1314;44217;3;125.34
2024-01-04;1314;18064;93;361.77
2024-01-04;1314;9607;14;187.46
2024-01-04;1314;1439;4;74.04
2024-01-04;1314;36857;0;0
2024-01-04;1314;5345;13;109.07
2024-01-04;1314;58701;1;51.67
2024-01-04;1314;20635;6;180
2024-01-04;1314;31330;5;329.05
2024-01-04;1314;13315;1;38.69
2024-01-04;1314;44217;3;106.59
2024-01-04;1314;57912;1;12.61
2024-01-04;1314;57814;2;307.24
2024-01-04;1314;48813;3;23.49
2024-01-04;1314;51957;1;12.37
2024-01-04;1314;21141;5;150.5
2024-01-04;1314;15589;9;265.32
2024-01-04;1314;35416;2;29.78
2024-01-04;1314;48812;4;39.64
2024-01-04;1314;15590;3;121.35
2024-01-25;1314;57912;2;25.22
2024-01-25;1314;57814;2;307.24
2024-01-25;1314;15590;3;121.35
2024-01-25;1314;48812;4;39.64
2024-01-25;1314;15589;8;235.84
2024-01-25;1314;21141;5;150.5
2024-01-25;1314;35416;5;74.45
2024-01-25;1314;48813;3;23.49
2024-01-25;1314;51957;3;37.11
2024-01-25;1314;18064;269;1046.41
2024-01-25;1314;9607;19;256.31
2024-01-25;1314;1439;1;18.51
2024-01-25;1314;36857;8;28.72
2024-01-25;1314;5345;10;83.9
2024-01-25;1314;58701;1;51.67
2024-01-25;1314;20635;4;119.96
2024-01-25;1314;31330;5;329.05
2024-01-25;1314;13315;3;121.32
2024-01-25;1314;44217;3;106.59
2023-08-16;1314;18064;200;776
2023-08-16;1314;9607;19;250.42
2023-08-16;1314;1439;4;74.24
2023-08-16;1314;36857;11;33.55
2023-08-16;1314;5345;8;66.32
2023-08-16;1314;58701;2;103.34
2023-08-16;1314;44217;1;41.64
2023-08-16;1314;20635;10;300.9
2023-08-16;1314;31330;5;330.1
2023-08-16;1314;13315;2;87.7
2023-07-15;1314;57912;7;81.27
2023-07-15;1314;15590;1;40.43
2023-07-15;1314;62782;1;13.61
2023-07-15;1314;51957;2;24.6
2023-07-15;1314;48813;4;23.96
2023-07-15;1314;15589;11;326.15
2023-07-15;1314;35416;4;60.48
2023-07-15;1314;21141;1;25.23
2023-07-15;1314;48812;8;67.6
2023-07-15;1314;1439;6;112.08
2023-08-18;1314;57912;7;81.27
2023-08-18;1314;15590;2;80.9
2023-08-18;1314;62782;1;13.61
2023-08-18;1314;51957;2;24.6
2023-08-18;1314;48813;1;5.99
2023-08-18;1314;15589;13;383.63
2023-08-18;1314;21141;4;101.28
2023-08-18;1314;35416;4;59.84
2023-08-18;1314;48812;3;25.35
2023-09-02;841;1439;2;30.2
2023-09-02;841;18064;29;65.25
2023-09-02;841;9607;6;48
2023-09-02;841;5345;5;25.35
2023-09-02;841;36857;4;6.84
2023-09-02;841;31330;1;51.5
2023-09-02;841;20635;2;46.74
2023-09-02;841;58701;1;42.86
2023-08-16;1314;57912;7;81.27
2023-08-16;1314;15590;2;80.9
2023-08-16;1314;62782;1;13.61
2023-08-16;1314;51957;2;24.6
2023-08-16;1314;48813;2;11.98
2023-08-16;1314;15589;12;354.12
2023-08-16;1314;21141;0;0
2023-08-16;1314;35416;5;74.8
2023-08-16;1314;48812;4;33.8
2024-01-06;841;57912;1;8.32
2024-01-06;841;57814;3;356.28
2024-01-06;841;48812;1;5.98
2024-01-06;841;48813;3;14.97
2024-01-06;841;62782;3;21.03
2024-01-06;841;42076;5;40.7
2024-01-06;841;55917;1;9.01
2024-01-06;841;51957;2;11.42
2024-01-06;841;15590;2;64.1
2024-01-06;841;35416;1;10.74
2024-01-06;841;15589;4;96.28
2024-01-06;841;21141;2;47.52
2024-01-06;841;35772;1;11.93
2024-01-06;841;1439;0;0
2024-01-06;841;18064;34;76.5
2024-01-06;841;9607;5;40.95
2024-01-06;841;5345;1;5.21
2024-01-06;841;36857;3;6.06
2024-01-06;841;20635;1;23.33
2024-01-06;841;31330;1;51.5
2024-01-06;841;58701;1;42.86
2023-07-24;1314;57912;7;81.27
2023-07-24;1314;15590;1;40.43
2023-07-24;1314;62782;1;13.61
2023-07-24;1314;51957;2;24.6
2023-07-24;1314;48813;5;29.95
2023-07-24;1314;15589;10;296.1
2023-07-24;1314;21141;0;0
2023-07-24;1314;35416;2;30.14
2023-07-24;1314;48812;7;59.15
2023-07-24;1314;1439;4;74.72
2023-07-24;1314;18064;214;830.32
2023-07-24;1314;9607;18;237.06
2023-07-24;1314;36857;7;21.35
2023-07-24;1314;5345;3;24.81
2023-07-24;1314;13315;2;84.98
2023-07-24;1314;44217;2;83.28
2023-07-24;1314;58701;2;103.34
2023-07-24;1314;20635;12;360.96
2023-07-24;1314;31330;3;198.06
2024-01-16;1314;62364;1;32.58
2023-08-04;1314;57912;7;81.27
2023-08-04;1314;15590;0;0
2023-08-04;1314;62782;1;13.61
2023-08-04;1314;51957;2;24.6
2023-07-22;1314;57912;7;81.27
2023-07-22;1314;15590;1;40.43
2023-07-22;1314;62782;1;13.61
2023-07-22;1314;51957;2;24.6
2023-07-22;1314;48813;5;29.95
2023-07-22;1314;15589;10;296.1
2023-07-22;1314;21141;0;0
2023-07-22;1314;35416;3;45.21
2023-07-22;1314;48812;7;59.15
2023-07-22;1314;1439;4;74.72
2023-07-22;1314;18064;238;923.44
2023-07-22;1314;9607;20;263.4
2023-07-22;1314;36857;7;21.35
2023-07-22;1314;5345;4;33.08
2023-07-22;1314;13315;2;84.98
2023-07-22;1314;44217;2;83.28
2023-07-22;1314;58701;2;103.34
2023-07-22;1314;20635;13;391.04
2023-07-22;1314;31330;3;198.06
2023-07-06;841;15590;1;31.08
2023-07-06;841;35416;1;5.79
2023-07-06;841;21141;1;25.63
2023-07-06;841;48812;1;5.98
2023-07-06;841;48813;2;9.98
2023-07-06;841;55917;1;9
2023-07-06;841;62782;3;21.03
2023-07-06;841;15589;10;242.5
2023-07-06;841;51957;2;11.42
2023-07-06;841;35772;2;23.84
2023-07-06;841;1439;3;45.3
2023-07-06;841;18064;37;83.25
2023-07-06;841;36857;3;5.13
2023-07-06;841;5345;9;44.91
2023-07-06;841;9607;4;32
2023-07-06;841;31330;2;103
2023-07-06;841;20635;3;70.11
2023-07-06;841;58701;1;42.86
2023-08-23;841;21141;0;0
2023-08-23;841;15590;1;31.08
2023-08-23;841;48812;1;5.98
2023-08-23;841;42076;1;8.56
2023-08-23;841;55917;1;9
2023-08-23;841;62782;3;21.03
2023-08-23;841;35416;1;10.74
2023-08-23;841;15589;5;120.9
2023-08-23;841;48813;3;14.97
2023-08-23;841;51957;3;17.13
2023-08-23;841;35772;1;11.92
2023-08-23;841;1439;2;30.2
2023-08-23;841;18064;36;81
2023-08-23;841;9607;1;8
2023-08-23;841;5345;0;0
2023-08-23;1314;18064;206;799.28
2023-08-23;1314;9607;12;158.16
2023-08-23;1314;1439;5;92.45
2023-08-23;1314;36857;11;33.88
2023-08-23;1314;5345;9;74.61
2023-08-23;1314;58701;2;103.34
2023-08-23;1314;44217;1;41.64
2023-08-23;1314;20635;13;391.17
2023-08-23;1314;31330;5;330.1
2023-08-23;1314;13315;3;134.28
2023-09-12;1314;62364;1;32.58
2023-09-13;1314;57912;0;0
2023-09-13;1314;62782;1;13.61
2023-09-13;1314;51957;2;24.6
2024-11-27;841;57912;1;8.79
2024-11-27;841;57817;2;131.42
2024-11-27;841;57814;8;876
2024-11-27;841;57816;2;87.6
2024-11-27;841;35772;0;0
2024-11-27;841;51957;1;7.71
2024-11-27;841;55917;2;18.26
2024-11-27;841;62782;1;7.84
2024-11-27;841;35416;1;11.13
2024-11-27;841;48812;1;7.49
2024-11-27;841;15590;1;32.69
2024-11-27;841;42076;3;24.42
2024-11-27;841;21141;4;103.72
2024-11-27;841;15589;4;104
2024-11-27;841;48813;2;14.84
2024-11-27;841;76834;1;3.34
2024-11-27;841;18064;17;43.52
2024-11-27;841;9607;9;80.73
2024-11-27;841;1439;4;61.96
2024-11-27;841;5345;5;28.1
2024-11-27;841;36857;2;5.18
2024-11-27;841;31330;2;102.12
2024-11-27;841;20635;1;24.74
2024-11-27;841;58701;2;90.78
2024-10-28;841;57912;1;8.79
2024-10-28;841;57817;2;131.42
2024-10-28;841;57814;7;766.5
2024-10-28;841;57816;2;87.6
2024-10-28;841;15590;1;32.69
2024-10-28;841;35772;2;25.04
2024-10-28;841;42076;4;32.56
2024-10-28;841;51957;1;7.71
2024-10-28;841;62782;1;7.55
2024-10-28;841;55917;2;18.26
2024-10-28;841;35416;1;11.13
2024-10-28;841;48812;1;7.61
2024-10-28;841;21141;3;77.79
2024-10-28;841;15589;3;77.79
2024-10-28;841;48813;2;14.84
2024-10-28;841;76834;1;3.34
2024-10-28;841;36857;3;7.41
2024-10-28;841;18064;42;107.52
2024-10-28;841;9607;9;81
2024-10-28;841;5345;5;28.1
2024-10-28;841;1439;3;46.47
2024-10-28;841;58701;3;136.17
2024-10-28;841;31330;2;102.12
2024-10-28;841;20635;2;49.48
2023-08-25;1314;18064;189;733.32
2023-08-25;1314;9607;11;144.98
2023-08-25;1314;1439;5;92.45
2023-08-25;1314;36857;11;33.88
2023-08-25;1314;5345;8;66.32
2023-08-25;1314;58701;2;103.34
2023-08-25;1314;44217;0;0
2023-08-25;1314;20635;13;391.17
2023-08-25;1314;31330;5;330.1
2023-08-25;1314;13315;3;134.28
2023-08-25;1314;57912;7;81.27
2023-08-25;1314;62782;1;13.61
2023-08-25;1314;51957;2;24.6
2023-08-25;1314;48813;0;0
2023-08-25;1314;15589;11;324.61
2023-08-25;1314;21141;4;101.28
2023-08-25;1314;35416;4;59.84
2023-08-25;1314;48812;3;25.35
2023-08-25;1314;15590;2;80.9
2023-09-09;841;1439;2;30.2
2023-09-09;841;18064;15;33.75
2023-09-09;841;9607;4;32
2023-09-09;841;36857;4;6.84
2023-09-09;841;31330;1;51.5
2023-09-09;841;20635;2;46.74
2023-09-09;841;58701;1;42.86
2023-07-24;841;15590;1;31.08
2023-07-24;841;35416;1;5.79
2023-07-24;841;21141;0;0
2023-07-24;841;62782;3;21.03
2023-07-24;841;48812;1;5.98
2023-07-24;841;55917;1;9
2023-07-24;841;15589;10;242.3
2023-07-24;841;48813;3;14.97
2023-07-24;841;51957;3;17.13
2023-07-24;841;35772;2;23.84
2023-07-24;841;1439;3;45.3
2023-08-21;1314;57912;7;81.27
2023-08-21;1314;15590;2;80.9
2023-08-21;1314;62782;1;13.61
2023-08-21;1314;51957;2;24.6
2023-08-21;1314;48813;1;5.99
2023-08-21;1314;15589;15;442.65
2023-08-21;1314;21141;4;101.28
2023-08-21;1314;35416;4;59.84
2023-08-21;1314;48812;3;25.35
2023-07-29;1314;62364;1;32.58
2023-09-18;1314;58701;1;51.67
2023-09-18;1314;20635;4;120.36
2023-09-18;1314;31330;3;198.06
2023-09-18;1314;13315;3;134.28
2023-09-18;1314;44217;2;83.54
2024-01-02;1314;62364;1;32.58
2023-08-26;841;15590;1;31.08
2023-08-26;841;48812;1;5.98
2023-08-26;841;42076;1;8.56
2023-08-26;841;55917;1;9
2023-08-26;841;62782;3;21.03
2023-09-12;1314;18064;170;659.6
2023-09-12;1314;9607;7;92.26
2023-09-12;1314;1439;3;55.47
2023-09-12;1314;36857;11;34.21
2023-09-12;1314;5345;9;74.61
2023-09-12;1314;58701;1;51.67
2023-09-12;1314;20635;9;270.81
2023-09-12;1314;31330;4;264.08
2023-09-12;1314;13315;3;134.28
2023-09-12;1314;44217;2;83.54
2023-09-12;1314;57912;0;0
2023-09-12;1314;62782;1;13.61
2023-09-12;1314;51957;2;24.6
2023-09-12;1314;15589;9;265.59
2023-09-12;1314;21141;2;50.64
2023-09-12;1314;35416;3;44.76
2023-09-12;1314;48812;4;36.04
2023-09-12;1314;15590;3;121.35
2023-09-12;1314;48813;2;11.98
2023-08-18;841;21141;1;19.71
2023-08-18;841;15590;1;31.08
2023-08-18;841;48812;1;5.98
2023-08-18;841;42076;1;8.56
2023-08-18;841;55917;1;9
2023-08-18;841;62782;3;21.03
2023-08-18;841;35416;1;10.74
2023-08-18;841;15589;4;96.92
2023-08-18;841;48813;3;14.97
2023-08-18;841;51957;3;17.13
2023-08-18;841;35772;1;11.92
2023-08-15;841;21141;1;19.71
2023-08-15;841;15590;1;31.08
2023-08-15;841;42076;1;8.56
2023-08-15;841;55917;1;9
2023-08-15;841;62782;3;21.03
2023-08-15;841;48812;1;5.98
2023-08-15;841;35416;1;10.74
2023-08-15;841;15589;7;169.61
2023-08-15;841;48813;3;14.97
2023-08-15;841;51957;3;17.13
2023-08-15;841;35772;1;11.92
2023-08-15;841;1439;2;30.2
2023-08-15;841;18064;46;103.5
2023-08-15;841;9607;4;32
2023-08-15;841;5345;5;24.95
2023-08-15;841;36857;4;6.84
2023-08-01;1314;62364;1;32.58
2023-08-30;1314;62364;1;32.58
2023-09-13;1314;62364;1;32.58
2023-08-01;841;20635;3;70.11
2023-08-01;841;31330;2;103
2023-08-01;841;58701;1;42.86
2023-08-01;841;15589;8;193.84
2023-08-01;841;48813;3;14.97
2023-08-01;841;51957;3;17.13
2023-08-01;841;35772;2;23.84
2023-08-01;841;1439;3;45.3
2023-08-01;841;18064;20;45
2023-08-01;841;9607;3;24
2023-08-01;841;36857;3;5.13
2023-08-01;841;5345;6;29.94
2023-09-09;1314;57912;0;0
2023-09-09;1314;62782;1;13.61
2023-09-09;1314;51957;2;24.6
2023-09-09;1314;15589;11;324.61
2023-09-09;1314;21141;2;50.64
2023-09-09;1314;35416;2;29.86
2023-09-09;1314;48812;3;26.79
2023-09-09;1314;15590;3;121.35
2023-09-09;1314;48813;2;11.98
2023-09-09;1314;18064;197;764.36
2023-09-09;1314;9607;10;131.8
2023-09-09;1314;1439;3;55.47
2023-09-09;1314;36857;11;34.21
2023-09-09;1314;5345;9;74.61
2023-09-09;1314;58701;1;51.67
2023-09-09;1314;20635;10;300.9
2023-09-09;1314;31330;4;264.08
2023-09-09;1314;13315;3;134.28
2023-09-09;1314;44217;3;125.31
2024-01-31;1314;62364;1;32.58
2023-08-23;1314;57912;7;81.27
2023-08-23;1314;15590;2;80.9
2023-08-23;1314;62782;1;13.61
2023-08-23;1314;51957;2;24.6
2023-08-23;1314;48813;1;5.99
2023-08-23;1314;15589;14;413.14
2023-08-23;1314;21141;4;101.28
2023-08-23;1314;35416;4;59.84
2023-08-23;1314;48812;3;25.35
2023-09-01;841;15590;1;31.08
2023-09-01;841;48812;1;5.98
2023-09-01;841;42076;1;8.56
2023-09-01;841;55917;1;9
2023-09-01;841;62782;3;21.03
2023-09-01;841;35416;1;10.74
2023-09-01;841;15589;5;120.75
2023-09-01;841;21141;3;59.13
2023-09-01;841;48813;3;14.97
2023-09-01;841;51957;3;17.13
2023-09-01;841;35772;3;35.79
2023-07-19;1314;57912;7;81.27
2023-07-19;1314;15590;1;40.43
2023-07-19;1314;62782;1;13.61
2023-07-19;1314;51957;2;24.6
2023-07-19;1314;48813;5;29.95
2023-07-19;1314;15589;10;296.2
2023-07-19;1314;21141;0;0
2023-07-19;1314;35416;5;75.35
2023-07-19;1314;48812;8;67.6
2023-07-19;1314;1439;4;74.72
2023-07-19;1314;18064;246;954.48
2023-07-19;1314;9607;21;276.57
2023-07-19;1314;36857;9;27.45
2023-07-19;1314;5345;5;41.35
2023-07-19;1314;13315;2;84.98
2023-07-19;1314;44217;2;83.02
2023-07-19;1314;58701;2;103.34
2023-07-19;1314;20635;15;451.2
2023-07-19;1314;31330;3;198.06
2023-08-09;841;15590;1;31.08
2023-08-09;841;42076;1;8.56
2023-08-09;841;55917;1;9
2023-08-09;841;21141;0;0
2023-08-09;841;62782;3;21.03
2023-08-09;841;48812;1;5.98
2023-08-09;841;35416;1;10.74
2023-08-09;841;15589;7;169.61
2023-08-09;841;48813;3;14.97
2023-08-09;841;51957;3;17.13
2023-08-09;841;35772;2;23.84
2023-08-09;841;1439;2;30.2
2023-08-11;1314;57912;7;81.27
2023-08-11;1314;15590;2;80.9
2023-08-11;1314;62782;1;13.61
2023-08-11;1314;51957;2;24.6
2023-08-11;1314;48813;3;17.97
2023-08-11;1314;15589;9;265.59
2023-08-11;1314;21141;0;0
2023-08-11;1314;35416;5;74.8
2023-08-11;1314;48812;5;42.25
2023-08-11;1314;18064;223;865.24
2023-08-11;1314;9607;17;223.89
2023-08-11;1314;1439;4;74.24
2023-08-11;1314;36857;11;33.55
2023-08-11;1314;5345;5;41.45
2023-08-11;1314;44217;2;83.28
2023-08-11;1314;58701;2;103.34
2023-08-11;1314;20635;11;330.99
2023-08-11;1314;31330;5;330.1
2023-08-11;1314;13315;3;131.55
2023-09-04;1314;57912;1;11.61
2023-09-04;1314;62782;1;13.61
2023-09-04;1314;51957;2;24.6
2023-09-04;1314;48813;2;11.98
2023-08-21;841;21141;1;19.71
2023-08-21;841;15590;1;31.08
2023-08-21;841;48812;1;5.98
2023-08-21;841;42076;1;8.56
2023-08-21;841;55917;1;9
2023-08-21;841;62782;3;21.03
2023-08-21;841;35416;1;10.74
2023-08-21;841;15589;6;145.08
2023-08-21;841;48813;3;14.97
2023-08-21;841;51957;3;17.13
2023-08-21;841;35772;1;11.92
2023-09-23;1314;20635;5;150.45
2023-09-23;1314;31330;3;198.06
2023-09-23;1314;13315;3;134.28
2023-09-23;1314;44217;3;125.31
2023-09-23;1314;57912;1;12.61
2023-09-23;1314;62782;1;13.61
2023-09-23;1314;51957;2;24.6
2023-09-23;1314;15589;3;88.5
2023-09-23;1314;21141;3;88.98
2023-09-23;1314;35416;3;44.76
2023-09-23;1314;48812;3;27.03
2023-09-23;1314;48813;3;21.24
2023-09-23;1314;15590;3;121.35
2023-09-23;1314;18064;141;547.08
2023-09-23;1314;9607;15;197.85
2023-09-23;1314;1439;3;55.47
2023-09-23;1314;36857;10;31.1
2023-09-23;1314;5345;5;41.45
2023-09-23;1314;58701;0;0
2024-01-31;841;31330;1;51.5
2024-01-31;841;58701;1;42.86
2024-01-31;841;20635;1;23.33
2024-01-01;1314;48813;4;31.32
2024-01-01;1314;51957;1;12.37
2024-01-01;1314;21141;5;150.5
2024-01-01;1314;15589;10;294.8
2024-01-01;1314;35416;2;29.78
2024-01-01;1314;48812;4;39.64
2024-01-01;1314;15590;3;121.35
2024-01-01;1314;57912;1;12.61
2024-01-01;1314;57814;2;307.24
2024-01-01;1314;18064;106;412.34
2024-01-01;1314;9607;14;187.46
2024-01-01;1314;1439;4;74.04
2024-01-01;1314;36857;4;13.4
2024-01-01;1314;5345;13;109.07
2024-01-01;1314;58701;1;51.67
2024-01-01;1314;20635;6;180
2024-01-01;1314;31330;5;329.05
2024-01-01;1314;13315;1;38.69
2024-01-01;1314;44217;3;106.59
2023-08-28;1314;57912;7;81.27
2023-08-28;1314;62782;1;13.61
2023-08-28;1314;51957;2;24.6
2023-08-28;1314;48813;0;0
2023-08-28;1314;15589;11;324.61
2023-08-28;1314;21141;4;101.28
2023-08-28;1314;35416;4;59.84
2023-08-28;1314;48812;3;25.35
2023-08-28;1314;15590;2;80.9
2023-08-28;1314;18064;154;597.52
2023-08-28;1314;9607;11;144.98
2023-08-28;1314;1439;5;92.45
2023-08-28;1314;36857;11;33.88
2023-08-28;1314;5345;7;58.03
2023-08-28;1314;58701;2;103.34
2023-08-28;1314;44217;0;0
2023-08-28;1314;20635;13;391.17
2023-08-28;1314;31330;5;330.1
2023-08-28;1314;13315;3;134.28
2024-10-19;1314;62364;1;34.49
2024-10-19;1314;57912;2;26.58
2024-10-19;1314;57814;2;301.66
2024-10-19;1314;57816;2;120.66
2024-10-19;1314;57817;2;182.68
2024-10-19;1314;51957;0;0
2024-10-19;1314;21141;12;381.48
2024-10-19;1314;15589;9;285.21
2024-10-19;1314;35416;5;76.85
2024-10-19;1314;35772;4;67.92
2024-10-19;1314;48813;9;80.82
2024-10-19;1314;48812;5;44.9
2024-10-19;1314;15590;2;83.96
2024-10-19;1314;76834;1;5.22
2024-10-19;1314;1439;4;75.96
2024-10-19;1314;18064;104;445.12
2024-10-19;1314;9607;16;230.08
2024-10-19;1314;36857;7;27.58
2024-10-19;1314;5345;11;98.89
2024-10-19;1314;58701;1;58.35
2024-10-19;1314;20635;8;243.92
2024-10-19;1314;31330;3;203.13
2024-10-19;1314;13315;2;93.22
2024-10-19;1314;44217;4;172.12
2024-01-15;1314;57912;1;12.61
2024-01-15;1314;57814;2;307.24
2024-01-15;1314;15590;3;121.35
2024-01-15;1314;48812;4;39.64
2024-01-15;1314;21141;5;150.5
2024-01-15;1314;15589;8;235.84
2024-01-15;1314;35416;2;29.78
2024-01-15;1314;48813;3;23.49
2024-01-15;1314;51957;1;12.37
2024-01-15;1314;20635;4;120
2024-01-15;1314;31330;5;329.05
2024-01-15;1314;13315;1;38.69
2024-01-15;1314;44217;3;106.59
2024-01-15;1314;18064;81;315.09
2024-01-15;1314;9607;10;133.9
2024-01-15;1314;1439;4;74.04
2024-01-15;1314;36857;4;14.12
2024-01-15;1314;5345;10;83.9
2024-01-15;1314;58701;1;51.67
2024-01-18;1314;62364;1;32.58
2024-01-03;1314;62364;1;32.58
2023-09-18;841;15590;1;31.08
2023-09-18;841;62782;3;21.03
2023-09-18;841;48812;1;5.98
2023-09-18;841;42076;1;8.56
2023-09-18;841;35416;1;10.74
2023-09-18;841;55917;1;9.01
2023-09-18;841;15589;5;120.6
2023-09-18;841;21141;2;42.32
2023-09-18;841;48813;3;14.97
2023-09-18;841;51957;3;17.13
2023-09-18;841;35772;3;35.79
2023-09-18;841;1439;2;30.2
2023-09-18;841;18064;8;18
2023-09-18;841;9607;5;40
2023-09-18;841;36857;4;6.84
2023-09-18;841;20635;2;46.74
2023-09-18;841;31330;1;51.5
2023-09-18;841;58701;1;42.86
2024-01-30;1314;58701;1;53.37
2024-01-30;1314;31330;5;339.05
2024-01-30;1314;20635;4;123.56
2024-01-30;1314;13315;2;93.18
2024-01-30;1314;44217;3;125.34
2023-09-11;841;15590;1;31.08
2023-09-11;841;62782;3;21.03
2023-09-11;841;48812;1;5.98
2023-09-11;841;42076;1;8.56
2023-09-11;841;55917;0;0
2023-09-11;841;35416;1;10.74
2023-09-11;841;15589;4;96.52
2023-09-11;841;21141;2;39.42
2023-09-11;841;48813;3;14.97
2023-09-11;841;51957;3;17.13
2023-09-11;841;35772;3;35.79
2023-08-04;1314;48813;4;23.96
2023-08-04;1314;15589;5;147.85
2023-08-04;1314;21141;0;0
2023-08-04;1314;35416;5;74.8
2023-08-04;1314;48812;7;59.15
2023-08-04;1314;18064;200;776
2023-08-04;1314;9607;14;184.38
2023-08-04;1314;1439;3;56.04
2023-08-04;1314;36857;7;21.35
2023-08-04;1314;5345;8;66.32
2023-08-04;1314;44217;2;83.28
2023-08-04;1314;58701;2;103.34
2023-08-04;1314;20635;9;270.72
2023-08-04;1314;31330;1;66.02
2023-08-04;1314;13315;2;84.98
2023-07-17;841;31330;2;103
2023-07-17;841;20635;3;70.11
2023-07-17;841;58701;1;42.86
2024-01-02;1314;18064;95;369.55
2024-01-02;1314;9607;14;187.46
2024-01-02;1314;1439;4;74.04
2024-01-02;1314;36857;4;13.4
2024-01-02;1314;5345;13;109.07
2024-01-02;1314;58701;1;51.67
2024-01-02;1314;20635;6;180
2024-01-02;1314;31330;5;329.05
2024-01-02;1314;13315;1;38.69
2024-01-02;1314;44217;3;106.59
2024-01-02;1314;48813;3;23.49
2024-01-02;1314;51957;1;12.37
2024-01-02;1314;21141;5;150.5
2024-01-02;1314;15589;9;265.32
2024-01-02;1314;35416;2;29.78
2024-01-02;1314;48812;4;39.64
2024-01-02;1314;15590;3;121.35
2024-01-02;1314;57912;1;12.61
2024-01-02;1314;57814;2;307.24
2024-10-16;1314;62364;1;34.49
2024-10-16;1314;57912;2;26.58
2024-10-16;1314;57814;2;301.66
2024-10-16;1314;57816;2;120.66
2024-10-16;1314;57817;2;182.68
2024-10-16;1314;51957;1;14.66
2024-10-16;1314;21141;8;254.32
2024-10-16;1314;15589;9;285.21
2024-10-16;1314;35416;4;61.36
2024-10-16;1314;35772;4;67.92
2024-10-16;1314;48813;9;80.82
2024-10-16;1314;48812;5;44.9
2024-10-16;1314;15590;2;83.96
2024-10-16;1314;76834;1;5.22
2024-10-16;1314;1439;2;37.96
2024-10-16;1314;18064;49;209.72
2024-10-16;1314;9607;14;201.46
2024-10-16;1314;36857;7;27.51
2024-10-16;1314;5345;12;107.88
2024-10-16;1314;58701;2;116.7
2024-10-16;1314;20635;6;186.12
2024-10-16;1314;31330;3;203.13
2024-10-16;1314;44217;3;128.97
2024-10-16;1314;13315;1;46.69
2023-03-03;1314;57912;1;10.84
2023-03-03;1314;51957;2;24.46
2023-03-03;1314;15589;0;0
2023-03-03;1314;62782;1;13.61
2023-03-03;1314;35416;4;39.6
2023-03-03;1314;21141;0;0
2023-03-03;1314;35772;0;0
2023-03-03;1314;18064;75;291.75
2023-03-03;1314;9607;19;244.53
2023-04-22;841;15590;1;31.08
2023-04-22;841;62782;1;5.98
2023-04-22;841;48812;0;0
2023-06-24;841;15590;1;31.08
2023-06-24;841;21141;1;25.63
2023-06-24;841;48812;1;5.98
2023-06-24;841;48813;3;14.97
2023-06-24;841;35416;1;5.79
2023-06-24;841;55917;1;9
2023-06-24;841;62782;3;21.03
2023-06-24;841;15589;8;194.56
2023-06-24;841;51957;3;17.13
2023-06-24;841;35772;3;35.76
2023-06-24;841;1439;3;45.3
2023-06-24;841;18064;43;96.75
2023-06-24;841;5345;8;39.92
2023-06-24;841;36857;3;5.04
2023-06-24;841;9607;5;40
2023-06-24;841;58701;0;0
2023-06-24;841;31330;2;103
2023-06-24;841;20635;3;70.11
2023-06-08;1314;62364;2;65.16
2023-07-20;1314;18064;240;931.2
2023-07-20;1314;9607;21;276.57
2023-07-20;1314;36857;9;27.45
2023-07-20;1314;5345;5;41.35
2023-07-20;1314;13315;2;84.98
2023-07-20;1314;44217;1;41.51
2023-07-20;1314;58701;2;103.34
2023-07-20;1314;20635;13;391.04
2023-07-20;1314;31330;3;198.06
2023-07-20;1314;57912;7;81.27
2023-07-25;1314;57912;7;81.27
2023-07-25;1314;15590;1;40.43
2023-07-25;1314;62782;1;13.61
2023-07-25;1314;51957;2;24.6
2023-07-25;1314;48813;4;23.96
2023-07-25;1314;15589;8;236.88
2023-07-25;1314;21141;0;0
2023-07-25;1314;35416;2;30.14
2023-07-25;1314;48812;7;59.15
2023-07-25;1314;1439;4;74.72
2023-07-25;1314;18064;225;873
2023-07-25;1314;9607;21;276.57
2023-07-25;1314;36857;6;18.3
2023-07-25;1314;5345;3;24.81
2023-07-25;1314;13315;2;84.98
2023-07-25;1314;44217;2;83.28
2023-07-25;1314;58701;2;103.34
2023-07-25;1314;20635;12;360.96
2023-07-25;1314;31330;3;198.06
2023-07-20;1314;15590;1;40.43
2023-07-20;1314;62782;1;13.61
2023-07-20;1314;51957;2;24.6
2023-07-20;1314;48813;5;29.95
2023-07-20;1314;15589;10;296.2
2023-07-20;1314;21141;0;0
2023-07-20;1314;35416;4;60.28
2023-07-20;1314;48812;8;67.6
2023-07-20;1314;1439;4;74.72
2023-08-05;841;20635;3;70.11
2023-08-05;841;31330;2;103
2023-08-05;841;58701;1;42.86
2023-05-31;1314;57912;10;116.1
2023-04-07;1314;13315;1;44.07
2023-04-07;1314;44217;2;78.82
2023-04-07;1314;58701;1;51.67
2023-04-07;1314;20635;2;59.34
2023-04-07;1314;31330;0;0
2023-06-16;1314;62364;2;65.16
2023-05-13;841;31330;2;103
2023-05-13;841;58701;1;42.8
2023-05-13;841;20635;3;69.93
2023-04-26;1314;57912;11;127.71
2023-04-26;1314;18064;220;853.6
2023-04-26;1314;9607;18;235.26
2023-04-26;1314;36857;5;15.75
2023-04-26;1314;1439;6;112.2
2023-04-26;1314;5345;2;16.28
2023-04-26;1314;13315;3;107.88
2023-04-26;1314;44217;0;0
2023-04-26;1314;58701;2;103.34
2023-04-26;1314;20635;13;390.52
2023-04-26;1314;31330;4;263.84
2023-04-26;1314;51957;2;24.48
2023-04-26;1314;15589;1;32.11
2023-04-26;1314;62782;1;13.61
2023-04-26;1314;48813;0;0
2023-04-26;1314;35416;0;0
2023-04-26;1314;21141;0;0
2023-04-26;1314;48812;2;14.34
2023-04-26;1314;35772;0;0
2023-05-17;841;15590;1;31.08
2023-05-17;841;35416;1;5.79
2023-05-17;841;62782;1;5.98
2023-05-17;841;48812;1;5.98
2023-05-17;841;55917;0;0
2023-05-17;841;15589;4;105.96
2023-05-17;841;21141;1;25.63
2023-05-17;841;48813;3;14.97
2023-05-17;841;51957;3;17.19
2023-05-17;841;35772;0;0
2023-05-17;841;1439;3;45.3
2023-05-18;841;15590;1;31.08
2023-05-18;841;35416;1;5.79
2023-05-18;841;62782;0;0
2023-05-18;841;48812;1;5.98
2023-05-18;841;55917;1;9
2023-05-18;841;15589;3;79.47
2023-05-18;841;21141;1;25.63
2023-05-18;841;48813;3;14.97
2023-05-18;841;51957;3;17.19
2023-05-18;841;35772;3;35.76
2023-06-28;1314;62364;2;65.16
2023-06-16;1314;13315;3;111.93
2023-06-16;1314;44217;2;82.82
2023-06-16;1314;58701;1;51.67
2023-06-16;1314;20635;16;481.28
2023-06-16;1314;31330;0;0
2023-06-16;1314;35416;3;46.29
2023-06-16;1314;21141;2;61.04
2023-06-16;1314;48812;8;66.72
2023-06-16;1314;18064;242;938.96
2023-06-16;1314;9607;22;289.52
2023-06-16;1314;1439;6;114.84
2023-06-16;1314;36857;10;30.6
2023-06-16;1314;5345;6;49.32
2023-06-24;1314;62364;2;65.16
2023-06-24;1314;18064;248;962.24
2023-06-24;1314;9607;25;329
2023-06-24;1314;1439;5;93.65
2023-06-24;1314;36857;9;27.54
2023-06-24;1314;5345;6;49.32
2023-06-24;1314;13315;3;111.93
2023-06-24;1314;44217;3;124.53
2023-06-24;1314;58701;1;51.67
2023-06-24;1314;20635;14;421.12
2023-06-24;1314;31330;4;264.08
2023-06-24;1314;57912;7;81.27
2023-06-24;1314;15590;1;40.43
2023-06-24;1314;62782;1;13.61
2023-06-24;1314;51957;2;24.6
2023-06-24;1314;15589;8;237.92
2023-06-24;1314;48813;4;23.96
2023-06-24;1314;35416;4;61.48
2023-06-24;1314;21141;0;0
2023-06-24;1314;48812;7;58.38
2023-06-07;841;15590;1;31.08
2023-06-07;841;21141;1;25.63
2023-06-07;841;35416;1;5.79
2023-06-07;841;62782;3;21.03
2023-06-07;841;48812;1;5.98
2023-06-07;841;55917;1;9
2023-06-07;841;15589;10;245.3
2023-06-07;841;48813;3;14.97
2023-06-07;841;51957;3;17.16
2023-06-07;841;35772;2;23.84
2023-06-07;841;1439;3;45.3
2023-06-07;841;18064;60;135
2023-06-07;841;9607;7;56
2023-06-07;841;5345;8;39.92
2023-06-07;841;36857;3;4.86
2023-05-10;1314;62364;1;32.3
2023-07-05;1314;62364;2;65.16
2023-09-02;1314;62364;1;32.58
2023-07-26;1314;57912;7;81.27
2023-07-26;1314;15590;1;40.43
2023-07-26;1314;62782;1;13.61
2023-07-26;1314;51957;2;24.6
2023-07-26;1314;48813;4;23.96
2023-07-26;1314;15589;11;325.27
2023-07-26;1314;21141;0;0
2023-07-26;1314;35416;2;30.14
2023-07-26;1314;48812;7;59.15
2023-07-26;1314;1439;4;74.72
2023-07-26;1314;18064;228;884.64
2023-07-26;1314;9607;21;276.57
2023-07-26;1314;36857;8;24.4
2023-07-26;1314;5345;4;33.12
2023-07-26;1314;31330;4;264.08
2023-07-26;1314;13315;2;84.98
2023-07-26;1314;44217;2;83.28
2023-07-26;1314;58701;2;103.34
2023-07-26;1314;20635;12;360.96
2023-06-10;1314;62364;2;65.16
2023-06-26;1314;62364;2;65.16
2023-05-17;1314;62364;1;32.3
2023-04-27;1314;31330;4;263.84
2023-04-27;1314;57912;11;127.71
2023-04-27;1314;51957;2;24.48
2023-04-27;1314;15589;1;32.11
2023-04-27;1314;62782;1;13.61
2023-04-27;1314;48813;1;5.99
2023-04-27;1314;35416;5;77.6
2023-04-27;1314;21141;1;32.85
2023-04-27;1314;48812;2;14.34
2023-04-27;1314;35772;0;0
2023-04-27;1314;18064;210;814.8
2023-04-27;1314;9607;18;235.26
2023-04-27;1314;36857;5;15.75
2023-04-27;1314;1439;6;112.2
2023-04-27;1314;5345;2;16.28
2023-04-27;1314;13315;3;107.88
2023-04-27;1314;44217;0;0
2023-04-27;1314;58701;2;103.34
2023-04-27;1314;20635;11;330.44
2023-05-09;1314;18064;189;733.32
2023-05-09;1314;9607;17;223.04
2023-05-09;1314;1439;2;37.4
2023-05-09;1314;36857;8;24.72
2023-05-09;1314;5345;1;8.17
2023-05-09;1314;13315;3;109.32
2023-05-09;1314;44217;0;0
2023-05-09;1314;58701;2;103.34
2023-05-09;1314;20635;17;511.19
2023-05-09;1314;31330;3;197.88
2023-05-09;1314;57912;11;127.71
2023-05-09;1314;51957;2;24.48
2023-05-09;1314;15589;0;0
2023-05-09;1314;62782;1;13.61
2023-05-09;1314;48813;0;0
2023-05-09;1314;35416;3;46.56
2023-05-09;1314;21141;0;0
2023-05-09;1314;48812;3;21.51
2023-05-09;1314;35772;0;0
2023-07-25;1314;62364;1;32.58
2023-05-08;841;15590;1;31.08
2023-05-08;841;35416;1;5.79
2023-05-08;841;62782;1;5.98
2023-05-08;841;48812;1;5.98
2023-05-08;841;55917;0;0
2023-05-08;841;15589;4;105.96
2023-05-08;841;21141;1;25.63
2023-05-08;841;48813;3;14.97
2023-05-08;841;51957;2;11.5
2023-05-08;841;35772;0;0
2023-06-30;1314;62364;2;65.16
2023-09-15;841;62782;3;21.03
2023-09-15;841;48812;1;5.98
2023-09-15;841;42076;1;8.56
2023-09-15;841;55917;1;9.01
2023-09-15;841;35416;1;10.74
2023-09-15;841;15589;4;96.52
2023-09-15;841;21141;2;39.42
2023-09-15;841;48813;3;14.97
2023-09-15;841;51957;3;17.13
2023-09-15;841;35772;3;35.79
2023-09-15;841;1439;2;30.2
2023-09-15;841;18064;4;9
2023-09-15;841;9607;5;40
2023-09-15;841;36857;4;6.84
2023-07-15;841;31330;2;103
2023-07-15;841;20635;3;70.11
2023-07-15;841;58701;1;42.86
2024-01-06;1314;62364;1;32.58
2023-09-30;1314;20635;6;180.6
2023-09-30;1314;31330;2;132.04
2023-09-30;1314;13315;3;134.28
2023-09-30;1314;44217;3;125.31
2024-10-15;1314;35772;4;67.92
2024-10-15;1314;48813;9;80.82
2024-10-15;1314;48812;5;44.9
2024-10-15;1314;15590;2;83.96
2024-10-15;1314;76834;1;5.22
2024-10-15;1314;1439;2;37.96
2024-10-15;1314;18064;59;252.52
2024-10-15;1314;9607;16;230.24
2024-10-15;1314;36857;7;27.51
2024-10-15;1314;5345;12;107.88
2024-10-15;1314;58701;2;116.7
2024-10-15;1314;20635;6;186.12
2024-10-15;1314;31330;3;203.13
2024-10-15;1314;44217;3;128.97
2024-10-15;1314;13315;1;46.69
2024-10-15;1314;62364;1;34.49
2024-10-15;1314;57912;2;26.58
2024-10-15;1314;57814;2;301.66
2024-10-15;1314;57816;2;120.66
2024-10-15;1314;57817;2;182.68
2024-10-15;1314;51957;1;14.66
2024-10-15;1314;21141;9;286.11
2024-10-15;1314;15589;10;316.9
2024-10-15;1314;35416;4;61.36
2024-01-20;1314;18064;146;567.94
2024-01-20;1314;9607;12;161.16
2024-01-20;1314;1439;3;55.53
2024-01-20;1314;36857;8;28.72
2024-01-20;1314;5345;10;83.9
2024-01-20;1314;58701;1;51.67
2024-01-20;1314;20635;4;120
2024-01-20;1314;31330;5;329.05
2024-01-20;1314;13315;3;121.32
2024-01-20;1314;44217;3;106.59
2024-12-24;1314;57912;2;26.58
2024-12-24;1314;62364;1;34.49
2024-12-24;1314;57814;2;301.66
2024-12-24;1314;57816;2;120.66
2024-12-24;1314;57817;2;182.68
2024-12-24;1314;15590;2;83.96
2024-12-24;1314;51957;1;14.95
2024-12-24;1314;15589;6;191.22
2024-12-24;1314;21141;9;286.11
2024-12-24;1314;35772;4;67.36
2024-12-24;1314;48812;4;35.92
2024-12-24;1314;48813;5;44.9
2024-12-24;1314;35416;3;46.11
2024-12-24;1314;76834;1;5.22
2024-12-24;1314;1439;5;94.95
2024-12-24;1314;18064;98;419.44
2024-12-24;1314;9607;10;143.4
2024-12-24;1314;36857;7;27.65
2024-12-24;1314;5345;7;62.86
2024-12-24;1314;58701;1;58.35
2024-12-24;1314;20635;10;296.7
2024-12-24;1314;31330;6;391.32
2024-12-24;1314;13315;4;186.2
2024-12-24;1314;44217;3;129.09
2024-01-13;1314;57912;1;12.61
2024-01-13;1314;57814;2;307.24
2024-01-13;1314;15590;3;121.35
2024-01-13;1314;48812;4;39.64
2024-01-13;1314;21141;5;150.5
2024-01-13;1314;15589;8;235.84
2024-01-13;1314;35416;2;29.78
2024-01-13;1314;48813;3;23.49
2024-01-13;1314;51957;1;12.37
2024-01-13;1314;18064;99;385.11
2024-01-13;1314;9607;11;147.29
2024-01-13;1314;1439;4;74.04
2024-01-13;1314;36857;4;14.12
2024-01-13;1314;5345;12;100.68
2024-01-13;1314;58701;1;51.67
2024-01-13;1314;20635;4;120
2024-01-13;1314;31330;5;329.05
2024-01-13;1314;13315;1;38.69
2024-01-13;1314;44217;3;106.59
2024-10-25;1314;62364;1;34.49
2024-10-25;1314;57912;2;26.58
2024-10-25;1314;57814;2;301.66
2024-10-25;1314;57816;2;120.66
2024-10-25;1314;57817;2;182.68
2024-10-25;1314;51957;1;14.95
2024-10-25;1314;21141;11;349.69
2024-10-25;1314;15589;10;317.1
2024-10-25;1314;35416;5;76.85
2024-10-25;1314;35772;4;67.92
2024-10-25;1314;48813;7;62.86
2024-10-25;1314;48812;5;44.9
2024-10-25;1314;15590;2;83.96
2024-10-25;1314;76834;1;5.22
2024-10-25;1314;1439;7;132.93
2024-10-25;1314;18064;81;346.68
2024-10-25;1314;9607;15;215.55
2024-10-25;1314;36857;12;47.4
2024-10-25;1314;5345;11;98.89
2024-10-25;1314;58701;1;58.35
2024-10-25;1314;20635;7;212.73
2024-10-25;1314;31330;3;203.13
2024-10-25;1314;13315;3;139.74
2024-10-25;1314;44217;4;172.12
2024-11-07;1314;62364;1;34.49
2024-11-07;1314;57912;2;26.58
2024-11-07;1314;57814;2;301.66
2024-11-07;1314;57816;2;120.66
2024-11-07;1314;57817;2;182.68
2024-11-07;1314;51957;1;14.95
2024-11-07;1314;15589;8;253.68
2024-11-07;1314;21141;8;254.32
2024-11-07;1314;35772;3;50.94
2024-11-07;1314;35416;5;76.85
2024-11-07;1314;48812;4;35.92
2024-11-07;1314;48813;7;62.86
2024-11-07;1314;15590;2;83.96
2024-11-07;1314;76834;1;5.22
2024-11-07;1314;1439;7;132.93
2024-11-07;1314;18064;89;380.92
2024-11-07;1314;9607;6;86.22
2024-11-07;1314;36857;9;35.55
2024-11-07;1314;5345;10;89.9
2024-11-07;1314;58701;1;58.35
2024-11-07;1314;20635;6;180.66
2024-11-07;1314;31330;2;132.58
2024-11-07;1314;44217;3;129.09
2024-11-07;1314;13315;1;46.58
2024-01-19;1314;57912;0;0
2024-01-19;1314;57814;2;307.24
2024-01-19;1314;15590;3;121.35
2024-01-19;1314;48812;4;39.64
2024-01-19;1314;15589;9;265.32
2024-01-19;1314;21141;5;150.5
2024-01-19;1314;35416;2;29.78
2024-01-19;1314;48813;3;23.49
2024-01-19;1314;51957;1;12.37
2024-01-19;841;57912;1;8.32
2024-01-19;841;57814;3;356.28
2024-01-19;841;48813;3;14.97
2024-01-19;841;62782;3;21.03
2024-01-19;841;42076;5;40.7
2024-01-19;841;48812;1;5.98
2024-01-19;841;55917;1;9.01
2024-01-19;841;51957;2;11.42
2024-01-19;841;15590;2;64.1
2024-01-19;841;35416;1;10.74
2024-01-19;841;15589;4;96.24
2024-01-19;841;21141;3;71.85
2024-01-19;841;35772;2;23.86
2024-01-19;841;1439;1;14.9
2024-01-19;841;18064;20;45
2024-01-19;841;9607;5;41.35
2024-01-19;841;5345;1;5.21
2024-01-19;841;36857;3;6.06
2024-01-19;841;31330;1;51.5
2024-01-19;841;58701;1;42.86
2024-01-19;841;20635;1;23.33
2024-12-19;1314;57912;2;26.58
2024-12-19;1314;62364;1;34.49
2024-12-19;1314;57814;2;301.66
2024-12-19;1314;57816;2;120.66
2024-12-19;1314;57817;2;182.68
2024-12-19;1314;15590;2;83.96
2024-12-19;1314;51957;1;14.95
2024-12-19;1314;15589;9;286.65
2024-12-19;1314;21141;11;349.69
2024-12-19;1314;35772;4;67.36
2024-12-19;1314;48812;5;44.9
2024-12-19;1314;48813;3;26.94
2024-12-19;1314;35416;3;46.11
2024-12-19;1314;76834;1;5.22
2024-12-19;1314;1439;6;113.94
2024-12-19;1314;18064;46;196.88
2024-12-19;1314;9607;7;100.38
2024-12-19;1314;36857;7;27.65
2024-12-19;1314;5345;6;53.94
2024-12-19;1314;58701;1;58.35
2024-12-19;1314;20635;10;296.7
2024-12-19;1314;31330;6;391.32
2024-12-19;1314;13315;5;232.75
2024-12-19;1314;44217;3;129.09
2023-08-21;841;1439;2;30.2
2023-08-21;841;18064;43;96.75
2023-08-21;841;9607;1;8
2023-08-21;841;5345;5;24.95
2023-08-21;841;36857;4;6.84
2023-08-21;841;31330;2;103
2023-08-21;841;20635;3;70.11
2023-08-21;841;58701;1;42.86
2023-07-29;841;1439;3;45.3
2023-07-29;841;18064;22;49.5
2023-07-29;841;9607;4;32
2023-07-29;841;36857;3;5.13
2023-07-29;841;5345;7;34.93
2023-07-29;841;20635;3;70.11
2023-07-29;841;31330;2;103
2023-07-29;841;58701;1;42.86
2023-06-03;841;15590;1;31.08
2023-06-03;841;21141;1;25.63
2023-06-03;841;35416;1;5.79
2023-06-03;841;62782;3;21.03
2023-06-03;841;48812;1;5.98
2023-06-03;841;15589;2;50.1
2023-06-03;841;48813;3;14.97
2023-06-03;841;51957;3;17.16
2023-06-03;841;35772;2;23.84
2023-06-03;841;1439;3;45.3
2023-06-03;841;18064;60;135
2023-06-03;841;9607;7;56
2023-06-03;841;5345;8;39.92
2023-06-03;841;36857;3;4.86
2023-06-03;841;58701;1;42.8
2023-06-03;841;31330;2;103
2023-06-03;841;20635;3;70.11
2023-07-18;841;15590;1;31.08
2023-07-18;841;35416;1;5.79
2023-07-18;841;21141;1;25.63
2023-07-18;841;62782;3;21.03
2023-07-18;841;48812;1;5.98
2023-07-18;841;55917;1;9
2023-07-18;841;15589;9;218.25
2023-07-18;841;48813;3;14.97
2023-07-18;841;51957;3;17.13
2023-07-18;841;35772;3;35.76
2023-07-18;841;1439;3;45.3
2023-07-18;841;18064;37;83.25
2023-07-18;841;9607;4;32
2023-07-18;841;5345;9;44.91
2023-07-18;841;36857;4;6.84
2023-08-26;841;31330;1;51.5
2023-08-26;841;20635;3;70.11
2023-08-26;841;58701;1;42.86
2023-08-26;841;35416;1;10.74
2023-08-26;841;15589;6;144.9
2023-08-26;841;21141;1;19.71
2023-08-26;841;48813;3;14.97
2023-08-26;841;51957;3;17.13
2023-08-26;841;35772;3;35.79
2023-08-26;841;1439;2;30.2
2023-08-26;841;18064;40;90
2023-08-26;841;9607;6;48
2023-08-26;841;5345;5;25.35
2023-08-26;841;36857;4;6.84
2023-08-23;1314;62364;1;32.58
2023-07-26;841;18064;30;67.5
2023-07-26;841;9607;0;0
2023-07-26;841;36857;3;5.13
2023-07-26;841;5345;7;34.93
2023-07-26;841;20635;3;70.11
2023-07-26;841;31330;2;103
2023-07-26;841;58701;1;42.86
2024-11-19;841;57912;1;8.79
2024-11-19;841;57817;2;131.42
2024-11-19;841;57814;8;876
2024-11-19;841;57816;2;87.6
2024-11-19;841;35772;2;25.04
2024-11-19;841;42076;3;24.42
2024-11-19;841;51957;1;7.71
2024-11-19;841;62782;1;7.84
2024-11-19;841;35416;1;11.13
2024-11-19;841;48812;1;7.61
2024-11-19;841;55917;2;18.26
2024-11-19;841;15590;1;32.69
2024-11-19;841;21141;4;103.72
2024-11-19;841;15589;4;104
2024-11-19;841;48813;2;14.84
2024-11-19;841;76834;1;3.34
2024-11-19;841;36857;2;4.94
2024-11-19;841;18064;28;71.68
2024-11-19;841;9607;10;89.7
2024-11-19;841;1439;4;61.96
2024-11-19;841;5345;6;33.72
2024-11-19;841;58701;2;90.78
2024-11-19;841;20635;1;24.74
2024-11-19;841;31330;2;102.12
2024-11-21;1314;62364;1;34.49
2024-11-21;1314;57912;2;26.58
2024-11-21;1314;57814;2;301.66
2024-11-21;1314;57816;2;120.66
2024-11-21;1314;57817;2;182.68
2024-11-21;1314;51957;1;14.95
2024-11-21;1314;15589;10;317.8
2024-11-21;1314;21141;13;413.27
2024-11-21;1314;35772;3;50.55
2024-11-21;1314;48812;4;35.92
2024-11-21;1314;48813;6;53.88
2024-11-21;1314;15590;2;83.96
2024-11-21;1314;35416;5;76.85
2024-11-21;1314;76834;1;5.22
2024-11-21;1314;1439;7;132.93
2024-11-21;1314;18064;104;445.12
2024-11-21;1314;9607;12;172.2
2024-11-21;1314;36857;11;43.45
2024-11-21;1314;5345;9;80.91
2024-11-21;1314;58701;2;116.7
2024-11-21;1314;20635;8;238
2024-11-21;1314;31330;4;261.76
2024-11-21;1314;13315;2;93.12
2024-11-21;1314;44217;3;129.09
2024-11-18;1314;62364;1;34.49
2024-11-18;1314;57912;2;26.58
2024-11-18;1314;57814;2;301.66
2024-11-18;1314;57816;2;120.66
2024-11-18;1314;57817;2;182.68
2024-11-18;1314;51957;1;14.95
2024-11-18;1314;15589;9;285.84
2024-11-18;1314;21141;13;413.27
2024-11-18;1314;35772;4;67.4
2024-11-18;1314;48812;4;35.92
2024-11-18;1314;48813;6;53.88
2024-11-18;1314;15590;2;83.96
2024-11-18;1314;35416;5;76.85
2024-11-18;1314;76834;1;5.22
2024-11-18;1314;1439;7;132.93
2024-11-18;1314;18064;45;192.6
2024-11-18;1314;9607;10;143.5
2024-11-18;1314;36857;11;43.45
2024-11-18;1314;5345;9;80.91
2024-11-18;1314;58701;2;116.7
2024-11-18;1314;20635;5;149.45
2024-11-18;1314;31330;4;261.76
2024-11-18;1314;13315;2;93.12
2024-11-18;1314;44217;3;129.09
2024-11-18;841;57912;1;8.79
2024-11-18;841;57817;2;131.42
2024-11-18;841;57814;8;876
2024-11-18;841;57816;2;87.6
2024-11-18;841;35772;2;25.04
2024-11-18;841;42076;3;24.42
2024-11-18;841;51957;1;7.71
2024-11-18;841;62782;1;7.84
2024-11-18;841;35416;1;11.13
2024-11-18;841;48812;1;7.61
2024-11-18;841;55917;2;18.26
2024-11-18;841;15590;1;32.69
2024-11-18;841;21141;4;103.72
2024-11-18;841;15589;4;104
2024-11-18;841;48813;2;14.84
2024-11-18;841;76834;1;3.34
2024-11-18;841;36857;2;4.94
2024-11-18;841;18064;28;71.68
2024-11-18;841;9607;10;89.7
2024-11-18;841;1439;4;61.96
2024-11-18;841;5345;6;33.72
2024-11-18;841;58701;2;90.78
2024-11-18;841;20635;1;24.74
2024-11-18;841;31330;2;102.12
2023-09-07;841;15590;1;31.08
2023-09-07;841;48812;1;5.98
2023-09-07;841;42076;1;8.56
2023-09-07;841;55917;0;0
2023-09-07;841;62782;3;21.03
2023-09-07;841;35416;1;10.74
2023-09-07;841;15589;4;96.6
2023-09-07;841;21141;3;59.13
2023-09-07;841;48813;3;14.97
2023-09-07;841;51957;3;17.13
2023-09-07;841;35772;3;35.79
2024-11-29;841;57912;1;8.79
2024-11-29;841;57817;2;131.42
2024-11-29;841;57814;8;876
2024-11-29;841;57816;2;87.6
2024-11-29;841;35772;2;25.28
2024-11-29;841;51957;1;7.71
2024-11-29;841;55917;2;18.26
2024-11-29;841;62782;1;7.84
2024-11-29;841;35416;1;11.13
2024-11-29;841;48812;1;7.49
2024-11-29;841;15590;1;32.69
2024-11-29;841;42076;3;24.42
2024-11-29;841;21141;4;103.72
2024-11-29;841;15589;4;104
2024-11-29;841;48813;2;14.84
2024-11-29;841;76834;1;3.34
2024-11-29;841;18064;15;38.4
2024-11-29;841;9607;10;89.7
2024-11-29;841;5345;6;33.72
2024-11-29;841;1439;4;61.96
2024-11-29;841;36857;0;0
2024-11-29;841;31330;2;102.12
2024-11-29;841;58701;2;90.78
2024-11-29;841;20635;0;0
2024-11-14;1314;62364;1;34.49
2024-11-14;1314;57912;2;26.58
2024-11-14;1314;57814;2;301.66
2024-11-14;1314;57816;2;120.66
2024-11-14;1314;57817;2;182.68
2024-11-14;1314;51957;1;14.95
2024-11-14;1314;15589;9;285.84
2024-11-14;1314;21141;14;445.06
2024-11-14;1314;35772;1;16.95
2024-11-14;1314;35416;5;76.85
2024-11-14;1314;48812;4;35.92
2024-11-14;1314;48813;7;62.86
2024-11-14;1314;15590;2;83.96
2024-11-14;1314;76834;1;5.22
2024-11-14;1314;1439;7;132.93
2024-11-14;1314;18064;64;273.92
2024-11-14;1314;9607;11;157.85
2024-11-14;1314;36857;11;43.45
2024-11-14;1314;5345;9;80.91
2024-11-14;1314;58701;1;58.35
2024-11-14;1314;20635;6;179.34
2024-11-14;1314;31330;5;327.2
2024-11-14;1314;44217;3;129.09
2024-11-14;1314;13315;2;93.12
2023-08-22;1314;62364;1;32.58
2023-08-22;841;21141;0;0
2023-08-22;841;15590;1;31.08
2023-08-22;841;48812;1;5.98
2023-08-22;841;42076;1;8.56
2023-08-22;841;55917;1;9
2023-08-22;841;62782;3;21.03
2023-08-22;841;35416;1;10.74
2023-08-22;841;15589;5;120.9
2023-08-22;841;48813;3;14.97
2023-08-22;841;51957;3;17.13
2023-08-22;841;35772;1;11.92
2024-12-13;1314;57912;2;26.58
2024-12-13;1314;62364;1;34.49
2024-12-13;1314;57814;2;301.66
2024-12-13;1314;57816;2;120.66
2024-12-13;1314;57817;2;182.68
2024-12-13;1314;15590;2;83.96
2024-12-13;1314;51957;1;14.95
2024-12-13;1314;15589;10;318.5
2024-12-13;1314;21141;10;317.9
2024-12-13;1314;35772;4;67.36
2024-12-13;1314;48812;5;44.9
2024-12-13;1314;48813;4;35.92
2024-12-13;1314;35416;5;76.85
2024-12-13;1314;76834;1;5.22
2024-12-13;1314;1439;6;113.94
2024-12-13;1314;18064;71;303.88
2024-12-13;1314;9607;8;114.72
2024-12-13;1314;36857;10;39.5
2024-12-13;1314;5345;6;53.94
2024-12-13;1314;58701;1;58.35
2024-12-13;1314;20635;11;326.37
2024-12-13;1314;31330;5;326.1
2024-12-13;1314;13315;4;186.2
2024-12-13;1314;44217;3;129.09
2023-09-13;841;1439;2;30.2
2023-09-13;841;18064;10;22.5
2023-09-13;841;9607;4;32
2023-09-13;841;36857;4;6.84
2023-09-13;841;31330;1;51.5
2023-09-13;841;20635;2;46.74
2023-09-13;841;58701;1;42.86
2023-07-31;1314;18064;197;764.36
2023-07-31;1314;9607;19;250.23
2023-07-31;1314;36857;9;27.45
2023-07-31;1314;5345;3;24.84
2023-07-31;1314;31330;2;132.04
2023-07-31;1314;44217;2;83.28
2023-07-31;1314;58701;2;103.34
2023-07-31;1314;13315;2;84.98
2023-07-31;1314;20635;11;330.88
2023-07-31;1314;15590;1;40.43
2023-07-31;1314;62782;1;13.61
2023-07-31;1314;51957;2;24.6
2023-07-31;1314;48813;4;23.96
2023-07-31;1314;15589;8;236.56
2023-07-31;1314;21141;0;0
2023-07-31;1314;35416;4;59.92
2023-07-31;1314;48812;7;59.15
2023-07-31;1314;1439;3;56.04
2023-07-31;1314;57912;7;81.27
2023-07-28;1314;57912;7;81.27
2023-07-28;1314;15590;1;40.43
2023-07-28;1314;62782;1;13.61
2023-07-28;1314;51957;2;24.6
2023-07-28;1314;48813;4;23.96
2023-07-28;1314;15589;8;236.56
2023-07-28;1314;21141;0;0
2023-07-28;1314;35416;4;59.92
2023-07-28;1314;48812;7;59.15
2023-07-28;1314;1439;3;56.04
2023-07-28;1314;18064;238;923.44
2023-07-28;1314;9607;20;263.4
2023-07-28;1314;36857;9;27.45
2023-07-28;1314;5345;3;24.84
2023-07-28;1314;31330;3;198.06
2023-07-28;1314;44217;2;83.28
2023-07-28;1314;58701;2;103.34
2023-07-28;1314;13315;2;84.98
2023-07-28;1314;20635;12;360.96
2023-08-03;841;58701;1;42.86
2023-08-03;841;1439;3;45.3
2023-08-03;841;18064;19;42.75
2023-08-03;841;9607;3;24
2023-08-03;841;36857;3;5.13
2023-08-03;841;5345;6;29.94
2023-08-03;841;20635;3;70.11
2023-08-03;841;31330;2;103
2023-08-08;841;15590;1;31.08
2023-09-21;841;15590;1;31.08
2023-09-21;841;62782;3;21.03
2023-09-21;841;48812;1;5.98
2023-09-21;841;42076;1;8.56
2023-09-21;841;35416;1;10.74
2023-09-21;841;55917;1;9.01
2023-09-21;841;15589;5;120.6
2023-09-21;841;21141;3;67.2
2023-09-21;841;48813;3;14.97
2023-09-21;841;51957;3;17.13
2023-09-21;841;35772;3;35.79
2023-09-21;841;1439;2;30.2
2023-09-21;841;18064;13;29.25
2023-09-21;841;9607;5;40
2023-09-21;841;36857;4;6.84
2023-09-21;841;20635;2;46.74
2023-09-21;841;58701;1;42.86
2023-09-21;841;31330;1;51.5
2023-08-07;1314;62364;1;32.58
2023-09-18;1314;57912;1;12.61
2023-09-18;1314;62782;1;13.61
2023-09-18;1314;51957;2;24.6
2023-09-18;1314;15589;4;118.04
2023-09-18;1314;21141;3;88.98
2023-09-18;1314;35416;3;44.76
2023-09-18;1314;48812;3;27.03
2023-09-18;1314;15590;3;121.35
2023-09-18;1314;48813;3;21.24
2023-09-18;1314;18064;119;461.72
2023-09-18;1314;9607;14;184.66
2023-09-18;1314;1439;3;55.47
2023-09-18;1314;36857;10;31.1
2023-09-18;1314;5345;5;41.45
2023-09-05;1314;62364;1;32.58
2024-01-06;1314;57912;1;12.61
2024-01-06;1314;57814;2;307.24
2024-01-06;1314;18064;76;295.64
2024-01-06;1314;9607;12;160.68
2024-01-06;1314;1439;4;74.04
2024-01-06;1314;36857;0;0
2024-01-06;1314;5345;13;109.07
2024-01-06;1314;58701;1;51.67
2024-01-06;1314;20635;6;180
2024-01-06;1314;31330;5;329.05
2024-01-06;1314;13315;1;38.69
2024-01-06;1314;44217;3;106.59
2024-01-06;1314;48813;3;23.49
2024-01-06;1314;51957;0;0
2024-01-06;1314;21141;5;150.5
2024-01-06;1314;15589;9;265.32
2024-01-06;1314;35416;2;29.78
2024-01-06;1314;48812;4;39.64
2024-01-06;1314;15590;3;121.35
2024-01-13;841;57912;1;8.32
2024-01-13;841;57814;3;356.28
2024-01-13;841;48812;1;5.98
2024-01-13;841;48813;3;14.97
2024-01-13;841;62782;3;21.03
2024-01-13;841;42076;5;40.7
2024-01-13;841;55917;1;9.01
2024-01-13;841;51957;2;11.42
2024-01-13;841;15590;2;64.1
2024-01-13;841;35416;1;10.74
2024-01-13;841;15589;3;72.21
2024-01-13;841;21141;3;71.85
2024-01-13;841;35772;2;23.86
2024-01-13;841;1439;1;14.9
2024-01-13;841;18064;28;63
2024-01-13;841;9607;3;24.57
2024-01-13;841;5345;1;5.21
2024-01-13;841;36857;3;6.06
2024-01-13;841;31330;1;51.5
2024-01-13;841;58701;1;42.86
2024-01-13;841;20635;1;23.33
2024-11-25;841;57912;1;8.79
2024-11-25;841;57817;2;131.42
2024-11-25;841;57814;8;876
2024-11-25;841;57816;2;87.6
2024-11-25;841;35772;0;0
2024-11-25;841;51957;1;7.71
2024-11-25;841;55917;2;18.26
2024-11-25;841;62782;1;7.84
2024-11-25;841;35416;1;11.13
2024-11-25;841;48812;1;7.49
2024-11-25;841;15590;1;32.69
2024-11-25;841;42076;3;24.42
2024-11-25;841;21141;4;103.72
2024-11-25;841;15589;4;104
2024-11-25;841;48813;2;14.84
2024-11-25;841;76834;1;3.34
2024-11-25;841;18064;18;46.08
2024-11-25;841;9607;9;80.73
2024-11-25;841;1439;4;61.96
2024-11-25;841;5345;5;28.1
2024-11-25;841;36857;2;5.18
2024-11-25;841;31330;2;102.12
2024-11-25;841;58701;2;90.78
2024-11-25;841;20635;1;24.74
2024-11-25;1314;57912;2;26.58
2024-11-25;1314;62364;1;34.49
2024-11-25;1314;57814;2;301.66
2024-11-25;1314;57816;2;120.66
2024-11-25;1314;57817;2;182.68
2024-11-25;1314;51957;1;14.95
2024-11-25;1314;15589;8;254.24
2024-11-25;1314;21141;11;349.69
2024-11-25;1314;35772;3;50.55
2024-11-25;1314;48812;3;26.94
2024-11-25;1314;48813;6;53.88
2024-11-25;1314;15590;2;83.96
2024-11-25;1314;35416;5;76.85
2024-11-25;1314;76834;1;5.22
2024-11-25;1314;1439;7;132.93
2024-11-25;1314;18064;104;445.12
2024-11-25;1314;9607;11;157.85
2024-11-25;1314;36857;11;43.45
2024-11-25;1314;5345;9;80.91
2024-11-25;1314;58701;2;116.7
2024-11-25;1314;20635;10;297.1
2024-11-25;1314;31330;4;261.76
2024-11-25;1314;13315;4;186.2
2024-11-25;1314;44217;3;129.09
2024-11-19;1314;62364;1;34.49
2024-11-19;1314;57912;2;26.58
2024-11-19;1314;57814;2;301.66
2024-11-19;1314;57816;2;120.66
2024-11-19;1314;57817;2;182.68
2024-11-19;1314;51957;1;14.95
2024-11-19;1314;15589;9;285.84
2024-11-19;1314;21141;13;413.27
2024-11-19;1314;35772;4;67.4
2024-11-19;1314;48812;4;35.92
2024-11-19;1314;48813;6;53.88
2024-11-19;1314;15590;2;83.96
2024-11-19;1314;35416;5;76.85
2024-11-19;1314;76834;1;5.22
2024-11-19;1314;1439;7;132.93
2024-11-19;1314;18064;64;273.92
2024-11-19;1314;9607;10;143.5
2024-11-19;1314;36857;11;43.45
2024-11-19;1314;5345;9;80.91
2024-11-19;1314;58701;2;116.7
2024-11-19;1314;20635;7;208.39
2024-11-19;1314;31330;4;261.76
2024-11-19;1314;13315;2;93.12
2024-11-19;1314;44217;3;129.09
2024-10-08;1314;62364;1;34.49
2024-10-08;1314;57912;2;26.58
2024-10-08;1314;57814;2;301.66
2024-10-08;1314;57816;2;120.66
2024-10-08;1314;57817;2;182.68
2024-10-08;1314;51957;1;14.66
2024-10-08;1314;21141;4;127.16
2024-10-08;1314;15589;11;348.59
2024-10-08;1314;35416;5;76.7
2024-10-08;1314;35772;4;67.92
2024-10-08;1314;48813;5;44.9
2024-10-08;1314;48812;3;26.94
2024-10-08;1314;15590;2;83.96
2024-10-08;1314;76834;1;5.22
2024-10-08;1314;1439;4;75.88
2024-10-08;1314;18064;52;222.56
2024-10-08;1314;9607;15;215.85
2024-10-08;1314;36857;12;47.16
2024-10-08;1314;5345;9;80.91
2024-10-08;1314;58701;2;116.7
2024-10-08;1314;20635;10;310.2
2024-10-08;1314;31330;2;135.42
2024-10-08;1314;44217;2;85.98
2024-10-08;1314;13315;2;93.38
2024-11-16;841;57912;1;8.79
2024-11-16;841;57817;2;131.42
2024-11-16;841;57814;8;876
2024-11-16;841;57816;2;87.6
2024-11-16;841;35772;2;25.04
2024-11-16;841;42076;3;24.42
2024-11-16;841;51957;1;7.71
2024-11-16;841;62782;0;0
2024-11-16;841;35416;1;11.13
2024-11-16;841;48812;1;7.61
2024-11-16;841;55917;2;18.26
2024-11-16;841;15590;1;32.69
2024-11-16;841;21141;3;77.79
2024-11-16;841;15589;4;104
2024-11-16;841;48813;2;14.84
2024-11-16;841;76834;1;3.34
2024-11-16;841;36857;2;4.94
2024-11-16;841;18064;28;71.68
2024-11-16;841;9607;10;89.7
2024-11-16;841;1439;4;61.96
2024-11-16;841;5345;6;33.72
2024-11-16;841;58701;2;90.78
2024-11-16;841;20635;1;24.74
2024-11-16;841;31330;2;102.12
2024-11-16;1314;62364;1;34.49
2024-11-16;1314;57912;2;26.58
2024-11-16;1314;57814;2;301.66
2024-11-16;1314;57816;2;120.66
2024-11-16;1314;57817;2;182.68
2024-11-16;1314;51957;1;14.95
2024-11-16;1314;15589;9;285.84
2024-11-16;1314;21141;13;413.27
2024-11-16;1314;35772;4;67.4
2024-11-16;1314;48812;4;35.92
2024-11-16;1314;48813;7;62.86
2024-11-16;1314;15590;2;83.96
2024-11-16;1314;35416;5;76.85
2024-11-16;1314;76834;1;5.22
2024-11-16;1314;1439;7;132.93
2024-11-16;1314;18064;60;256.8
2024-11-16;1314;9607;11;157.85
2024-11-16;1314;36857;11;43.45
2024-11-16;1314;5345;9;80.91
2024-11-16;1314;58701;2;116.7
2024-11-16;1314;20635;6;179.34
2024-11-16;1314;31330;4;261.76
2024-11-16;1314;13315;2;93.12
2024-11-16;1314;44217;3;129.09
2024-12-25;1314;57912;2;26.58
2024-12-25;1314;62364;1;34.49
2024-12-25;1314;57814;2;301.66
2024-12-25;1314;57816;2;120.66
2024-12-25;1314;57817;2;182.68
2024-12-25;1314;15590;2;83.96
2024-12-25;1314;51957;1;14.95
2024-12-25;1314;15589;6;191.22
2024-12-25;1314;21141;9;286.11
2024-12-25;1314;35772;4;67.36
2024-12-25;1314;48812;4;35.92
2024-12-25;1314;48813;5;44.9
2024-12-25;1314;35416;3;46.11
2024-12-25;1314;76834;1;5.22
2024-12-25;1314;1439;5;94.95
2024-12-25;1314;18064;91;389.48
2024-12-25;1314;9607;6;86.04
2024-12-25;1314;36857;7;27.65
2024-12-25;1314;5345;7;62.86
2024-12-25;1314;58701;1;58.35
2024-12-25;1314;20635;10;296.7
2024-12-25;1314;31330;6;391.32
2024-12-25;1314;13315;4;186.2
2024-12-25;1314;44217;3;129.09
2024-01-27;1314;62364;1;32.58
2024-01-27;1314;57912;2;25.22
2024-01-27;1314;57814;2;307.24
2024-01-27;1314;15590;3;121.35
2024-01-27;1314;48812;4;39.64
2024-01-27;1314;15589;8;235.84
2024-01-27;1314;21141;5;150.5
2024-01-27;1314;35416;5;74.45
2024-01-27;1314;48813;3;23.49
2024-01-27;1314;51957;3;37.11
2024-01-27;1314;18064;268;1042.52
2024-01-27;1314;9607;20;269.8
2024-01-27;1314;1439;2;36.76
2024-01-27;1314;36857;8;28.72
2024-01-27;1314;5345;9;75.51
2024-01-27;1314;58701;1;51.67
2024-01-27;1314;31330;5;329.05
2024-01-27;1314;20635;4;119.96
2024-01-27;1314;13315;3;121.32
2024-01-27;1314;44217;3;106.59
2023-09-20;1314;57912;1;12.61
2023-09-20;1314;62782;1;13.61
2023-09-20;1314;51957;2;24.6
2023-09-20;1314;15589;5;147.5
2023-09-20;1314;21141;4;118.64
2023-09-20;1314;35416;3;44.76
2023-09-20;1314;48812;3;27.03
2023-09-20;1314;15590;3;121.35
2023-09-20;1314;48813;3;21.24
2023-09-20;1314;18064;131;508.28
2023-09-20;1314;9607;15;197.85
2023-09-20;1314;1439;3;55.47
2023-09-20;1314;36857;10;31.1
2023-09-20;1314;5345;4;33.16
2023-09-20;1314;58701;0;0
2023-09-20;1314;20635;4;120.36
2023-09-20;1314;31330;3;198.06
2023-09-20;1314;13315;3;134.28
2023-09-20;1314;44217;3;125.31
2024-01-09;841;57912;1;8.32
2024-01-09;841;57814;3;356.28
2024-01-09;841;48812;1;5.98
2024-01-09;841;48813;3;14.97
2024-01-09;841;62782;3;21.03
2024-01-09;841;42076;5;40.7
2024-01-09;841;55917;1;9.01
2024-01-09;841;51957;2;11.42
2024-01-09;841;15590;2;64.1
2024-01-09;841;35416;1;10.74
2024-01-09;841;15589;4;96.28
2024-01-09;841;21141;3;71.85
2024-01-09;841;35772;1;11.93
2024-01-09;841;20635;1;23.33
2024-01-09;841;31330;1;51.5
2024-01-09;841;58701;1;42.86
2024-01-09;841;1439;1;14.9
2024-01-09;841;18064;32;72
2024-01-09;841;9607;3;24.57
2024-01-09;841;5345;1;5.21
2024-01-09;841;36857;3;6.06
2024-11-23;841;57912;1;8.79
2024-11-23;841;57817;2;131.42
2024-11-23;841;57814;8;876
2024-11-23;841;57816;2;87.6
2024-11-23;841;35772;0;0
2024-11-23;841;51957;1;7.71
2024-11-23;841;55917;2;18.26
2024-11-23;841;62782;1;7.84
2024-11-23;841;35416;1;11.13
2024-11-23;841;48812;0;0
2024-11-23;841;15590;1;32.69
2024-11-23;841;42076;3;24.42
2024-11-23;841;21141;4;103.72
2024-11-23;841;15589;4;104
2024-11-23;841;48813;2;14.84
2024-11-23;841;76834;1;3.34
2024-11-23;841;18064;22;56.32
2024-11-23;841;9607;9;80.73
2024-11-23;841;1439;4;61.96
2024-11-23;841;5345;6;33.72
2024-11-23;841;36857;0;0
2024-11-23;841;31330;2;102.12
2024-11-23;841;58701;2;90.78
2024-11-23;841;20635;1;24.74
2024-12-12;841;57912;1;8.79
2024-12-12;841;57817;1;65.71
2024-12-12;841;57814;8;876
2024-12-12;841;57816;2;87.6
2024-12-12;841;51957;1;7.71
2024-12-12;841;55917;2;18.26
2024-12-12;841;62782;1;7.84
2024-12-12;841;35416;1;11.13
2024-12-12;841;15590;1;32.69
2024-12-12;841;35772;2;25.28
2024-12-12;841;42076;3;24.42
2024-12-12;841;48812;1;7.49
2024-12-12;841;21141;5;129.65
2024-12-12;841;15589;4;104
2024-12-12;841;48813;2;14.92
2024-12-12;841;76834;1;3.34
2024-12-12;841;18064;61;156.77
2024-12-12;841;9607;10;89.7
2024-12-12;841;5345;5;28.1
2024-12-12;841;1439;4;61.96
2024-12-12;841;36857;3;7.8
2024-12-12;841;31330;2;102.12
2024-12-12;841;58701;2;90.78
2024-12-12;841;20635;2;47
2024-12-20;841;35416;0;0
2024-12-20;841;15590;1;32.69
2024-12-20;841;35772;2;25.28
2024-12-20;841;42076;3;24.42
2024-12-20;841;48812;1;7.49
2024-12-20;841;21141;5;129.65
2024-12-20;841;15589;3;78
2024-12-20;841;48813;2;14.92
2024-12-20;841;76834;1;3.34
2024-12-20;841;1439;4;61.96
2024-12-20;841;18064;55;141.35
2024-12-20;841;9607;9;80.73
2024-12-20;841;5345;6;33.72
2024-12-20;841;36857;3;7.8
2024-12-20;841;31330;2;102.12
2024-12-20;841;58701;2;90.78
2024-12-20;841;20635;2;47
2024-12-20;841;57912;1;8.79
2024-12-20;841;57817;2;131.42
2024-12-20;841;57814;7;766.5
2024-12-20;841;57816;2;87.6
2024-12-20;841;51957;1;7.71
2024-12-20;841;55917;2;18.26
2024-12-20;841;62782;1;7.84
2023-06-13;1314;62364;2;65.16
2023-09-04;1314;62364;1;32.58
2023-08-26;1314;62364;1;32.58
2023-08-28;841;15590;1;31.08
2023-08-28;841;48812;1;5.98
2023-08-28;841;42076;1;8.56
2023-08-28;841;55917;1;9
2023-08-28;841;62782;3;21.03
2023-08-28;841;35416;1;10.74
2023-08-28;841;15589;6;144.9
2023-08-28;841;21141;1;19.71
2023-08-28;841;48813;3;14.97
2023-08-28;841;51957;3;17.13
2023-08-28;841;35772;3;35.79
2023-08-28;841;1439;2;30.2
2023-08-28;841;18064;34;76.5
2023-08-28;841;9607;6;48
2023-08-28;841;5345;5;25.35
2023-08-24;1314;18064;196;760.48
2023-08-24;1314;9607;12;158.16
2023-08-24;1314;1439;5;92.45
2023-08-24;1314;36857;11;33.88
2023-08-24;1314;5345;9;74.61
2023-08-24;1314;58701;2;103.34
2023-08-24;1314;44217;0;0
2023-08-24;1314;20635;13;391.17
2023-08-24;1314;31330;5;330.1
2023-08-24;1314;13315;3;134.28
2023-08-24;1314;57912;7;81.27
2023-08-24;1314;62782;1;13.61
2023-08-24;1314;51957;2;24.6
2023-08-24;1314;48813;1;5.99
2023-08-24;1314;15589;11;324.61
2023-08-24;1314;21141;4;101.28
2023-08-24;1314;35416;4;59.84
2023-08-24;1314;48812;3;25.35
2023-08-24;1314;15590;2;80.9
2023-09-16;841;15590;1;31.08
2023-09-16;841;62782;3;21.03
2023-09-16;841;48812;1;5.98
2023-09-16;841;42076;1;8.56
2023-09-16;841;35416;1;10.74
2023-09-16;841;55917;1;9.01
2023-09-16;841;15589;5;120.6
2023-09-16;841;21141;3;63.48
2023-09-16;841;48813;3;14.97
2023-09-16;841;51957;3;17.13
2023-09-16;841;35772;3;35.79
2023-09-16;841;1439;2;30.2
2023-09-16;841;18064;8;18
2023-09-16;841;9607;5;40
2023-09-16;841;36857;4;6.84
2023-09-16;841;20635;2;46.74
2023-09-16;841;31330;1;51.5
2023-09-16;841;58701;1;42.86
2023-09-06;1314;18064;219;849.72
2023-09-06;1314;9607;12;158.16
2023-09-06;1314;1439;3;55.47
2023-09-06;1314;36857;12;37.32
2023-09-06;1314;5345;9;74.61
2023-09-06;1314;58701;1;51.67
2023-09-06;1314;20635;12;361.08
2023-09-06;1314;31330;4;264.08
2023-09-06;1314;13315;3;134.28
2023-09-06;1314;44217;2;83.54
2024-10-01;1314;62364;1;34.49
2024-10-01;1314;57912;2;26.58
2024-10-01;1314;57814;1;150.83
2024-10-01;1314;57816;0;0
2024-10-01;1314;57817;2;182.68
2024-10-01;1314;51957;1;14.66
2024-10-01;1314;21141;5;158.95
2024-10-01;1314;15589;11;348.59
2024-10-01;1314;35416;5;76.7
2024-10-01;1314;35772;4;67.92
2024-10-01;1314;48813;3;26.94
2024-10-01;1314;48812;2;17.96
2024-10-01;1314;15590;2;83.96
2024-10-01;1314;76834;1;5.22
2024-10-01;1314;1439;5;94.85
2024-10-01;1314;18064;65;277.55
2024-10-01;1314;9607;9;129.33
2024-10-01;1314;36857;11;43.23
2024-10-01;1314;5345;9;80.91
2024-10-01;1314;58701;2;116.7
2024-10-01;1314;20635;11;340.78
2024-10-01;1314;31330;1;67.71
2024-10-01;1314;13315;2;93.38
2024-10-01;1314;44217;1;43
2024-01-30;1314;62364;1;32.58
2024-01-05;1314;62364;1;32.58
2023-08-18;841;1439;2;30.2
2023-08-18;841;18064;43;96.75
2023-08-18;841;9607;1;8
2023-08-18;841;5345;5;24.95
2023-08-18;841;36857;4;6.84
2023-08-18;841;31330;2;103
2023-08-18;841;20635;3;70.11
2023-08-18;841;58701;1;42.86
2023-08-04;841;1439;3;45.3
2023-08-04;841;18064;19;42.75
2023-08-04;841;9607;3;24
2023-08-04;841;36857;3;5.13
2023-08-04;841;5345;6;29.94
2023-08-04;841;20635;3;70.11
2023-08-04;841;31330;2;103
2023-08-04;841;58701;1;42.86
2024-01-01;841;57912;1;8.32
2024-01-01;841;57814;3;356.28
2024-01-01;841;48812;1;5.98
2024-01-01;841;48813;3;14.97
2024-01-01;841;62782;3;21.03
2024-01-01;841;42076;5;40.7
2024-01-01;841;55917;1;9.01
2024-01-01;841;51957;2;11.42
2024-01-01;841;15590;2;64.1
2024-01-01;841;35416;1;10.74
2024-01-01;841;15589;3;72.24
2024-01-01;841;21141;3;71.28
2024-01-01;841;35772;2;23.86
2024-01-01;841;20635;1;23.33
2024-01-01;841;31330;1;51.5
2024-01-01;841;58701;1;42.86
2024-01-01;841;1439;1;15.1
2024-01-01;841;18064;14;31.5
2024-01-01;841;9607;5;40.95
2024-01-01;841;5345;1;5.21
2024-01-01;841;36857;3;6.06
2023-09-26;841;1439;2;30.2
2023-09-26;841;18064;12;27
2023-09-26;841;9607;5;40
2023-09-26;841;36857;4;6.84
2023-09-26;841;20635;2;46.74
2023-09-26;841;58701;1;42.86
2023-09-26;841;31330;1;51.5
2023-09-26;841;15590;1;31.08
2023-09-26;841;62782;3;21.03
2023-09-26;841;48812;1;5.98
2023-09-26;841;42076;1;8.56
2023-09-26;841;35416;1;10.74
2023-09-26;841;55917;1;9.01
2023-09-26;841;15589;5;120.6
2023-09-26;841;21141;3;67.2
2023-09-26;841;48813;3;14.97
2023-09-26;841;51957;3;17.13
2023-09-26;841;35772;3;35.79
2024-01-29;1314;57912;2;25.22
2024-01-29;1314;57814;2;307.24
2024-01-29;1314;15590;3;121.35
2024-01-29;1314;48812;4;39.64
2024-01-29;1314;15589;8;235.84
2024-01-29;1314;21141;5;150.5
2024-01-29;1314;35416;5;74.45
2024-01-29;1314;48813;3;23.49
2024-01-29;1314;51957;3;37.11
2024-10-19;841;57912;0;0
2024-10-19;841;57817;2;131.42
2024-10-19;841;57814;7;766.5
2024-10-19;841;57816;2;87.6
2024-10-19;841;15590;2;65.38
2024-10-19;841;35772;2;25.04
2024-10-19;841;42076;4;32.56
2024-10-19;841;51957;1;7.71
2024-10-19;841;62782;1;7.55
2024-10-19;841;55917;2;18.26
2024-10-19;841;35416;1;11.13
2024-10-19;841;48812;1;7.61
2024-10-19;841;21141;5;129.65
2024-10-19;841;15589;2;51.58
2024-10-19;841;48813;2;14.84
2024-10-19;841;76834;1;3.34
2024-10-19;841;36857;3;7.41
2024-10-19;841;18064;44;112.64
2024-10-19;841;9607;10;90.1
2024-10-19;841;5345;6;33.72
2024-10-19;841;1439;1;15.49
2024-10-19;841;58701;3;136.17
2024-10-19;841;31330;2;102.12
2024-10-19;841;20635;2;49.48
2024-10-16;841;57912;1;8.79
2024-10-16;841;57817;2;131.42
2024-10-16;841;57814;7;766.5
2024-10-16;841;57816;2;87.6
2024-10-16;841;15590;2;65.38
2024-10-16;841;35772;2;25.04
2024-10-16;841;42076;4;32.56
2024-10-16;841;51957;1;7.71
2024-10-16;841;62782;1;7.55
2024-10-16;841;55917;2;18.26
2024-10-16;841;35416;1;11.13
2024-10-16;841;48812;1;7.61
2024-10-16;841;21141;4;103.72
2024-10-16;841;15589;3;77.37
2024-10-16;841;48813;2;14.84
2024-10-16;841;76834;1;3.34
2024-10-16;841;36857;3;7.41
2024-10-16;841;1439;0;0
2024-10-16;841;18064;49;125.44
2024-10-16;841;9607;10;90.1
2024-10-16;841;5345;5;28.1
2024-10-16;841;58701;3;136.17
2024-10-16;841;31330;2;102.12
2024-10-16;841;20635;2;49.48
2024-10-29;1314;62364;1;34.49
2024-10-29;1314;57912;2;26.58
2024-10-29;1314;57814;2;301.66
2024-10-29;1314;57816;2;120.66
2024-10-29;1314;57817;2;182.68
2024-10-29;1314;51957;1;14.95
2024-10-29;1314;21141;10;317.9
2024-10-29;1314;15589;10;317.1
2024-10-29;1314;35416;5;76.85
2024-10-29;1314;35772;4;67.92
2024-10-29;1314;48812;5;44.9
2024-10-29;1314;48813;7;62.86
2024-10-29;1314;15590;2;83.96
2024-10-29;1314;76834;1;5.22
2024-10-29;1314;1439;7;132.93
2024-10-29;1314;18064;73;312.44
2024-10-29;1314;9607;12;172.44
2024-10-29;1314;36857;11;43.45
2024-10-29;1314;5345;10;89.9
2024-10-29;1314;58701;1;58.35
2024-10-29;1314;20635;7;212.03
2024-10-29;1314;31330;2;135.42
2024-10-29;1314;13315;3;139.74
2024-10-29;1314;44217;4;172.12
2024-10-26;841;57912;1;8.79
2024-10-26;841;57817;2;131.42
2024-10-26;841;57814;7;766.5
2024-10-26;841;57816;2;87.6
2024-10-26;841;15590;1;32.69
2024-10-26;841;35772;2;25.04
2024-10-26;841;42076;4;32.56
2024-10-26;841;51957;1;7.71
2024-10-26;841;62782;1;7.55
2024-10-26;841;55917;2;18.26
2024-10-26;841;35416;1;11.13
2024-10-26;841;48812;1;7.61
2024-10-26;841;21141;4;103.72
2024-10-26;841;15589;3;77.79
2024-10-26;841;48813;2;14.84
2024-10-26;841;76834;1;3.34
2024-10-26;841;36857;3;7.41
2024-10-26;841;18064;43;110.08
2024-10-26;841;9607;10;90
2024-10-26;841;5345;5;28.1
2024-10-26;841;1439;3;46.47
2024-10-26;841;58701;3;136.17
2024-10-26;841;31330;2;102.12
2024-10-26;841;20635;2;49.48
2023-05-20;1314;62364;1;32.3
2023-04-03;1314;62364;2;64.6
2023-05-06;1314;18064;201;779.88
2023-05-06;1314;9607;23;301.53
2023-05-06;1314;1439;6;112.2
2023-05-06;1314;36857;9;27.81
2023-05-06;1314;5345;3;24.51
2023-05-06;1314;13315;2;71.92
2023-05-06;1314;44217;1;39.52
2023-05-06;1314;58701;2;103.34
2023-05-06;1314;20635;14;420.84
2023-05-06;1314;31330;3;197.88
2023-05-06;1314;57912;11;127.71
2023-05-06;1314;51957;2;24.48
2023-05-06;1314;15589;2;64.22
2023-05-06;1314;62782;1;13.61
2023-05-06;1314;48813;1;5.99
2023-05-06;1314;35416;3;46.56
2023-05-06;1314;21141;0;0
2023-05-06;1314;48812;2;14.34
2023-05-06;1314;35772;0;0
2023-05-20;1314;57912;10;116.1
2023-05-20;1314;62782;1;13.61
2023-05-20;1314;51957;2;24.6
2023-05-20;1314;15589;2;63.5
2023-05-20;1314;48813;1;5.99
2023-05-20;1314;35416;1;15.52
2023-05-20;1314;21141;0;0
2023-05-20;1314;48812;8;57.36
2023-06-06;1314;57912;10;116.1
2023-06-06;1314;62782;1;13.61
2023-06-06;1314;51957;2;24.6
2023-06-06;1314;15589;6;185.76
2023-06-06;1314;48813;4;23.96
2023-06-06;1314;35416;2;30.06
2023-06-06;1314;21141;2;61.54
2023-06-06;1314;48812;5;37.15
2023-06-06;1314;35772;0;0
2023-06-06;1314;18064;238;923.44
2023-06-06;1314;9607;30;394.8
2023-06-06;1314;1439;4;77.56
2023-06-06;1314;36857;7;21.56
2023-06-06;1314;5345;3;24.66
2023-06-06;1314;13315;2;74.3
2023-06-06;1314;44217;2;82.54
2023-06-06;1314;58701;2;103.34
2023-06-06;1314;20635;16;481.28
2023-06-06;1314;31330;4;263.96
2023-07-21;1314;57912;7;81.27
2023-07-21;1314;15590;1;40.43
2023-07-21;1314;62782;1;13.61
2023-07-21;1314;51957;2;24.6
2023-07-21;1314;48813;5;29.95
2023-07-21;1314;15589;11;325.71
2023-07-21;1314;21141;0;0
2023-07-21;1314;35416;3;45.21
2023-07-21;1314;48812;8;67.6
2023-07-21;1314;1439;4;74.72
2023-07-21;1314;18064;250;970
2023-07-21;1314;9607;21;276.57
2023-07-21;1314;36857;8;24.4
2023-07-21;1314;5345;4;33.08
2023-07-21;1314;13315;2;84.98
2023-07-21;1314;44217;2;83.28
2023-07-21;1314;58701;2;103.34
2023-07-21;1314;20635;14;421.12
2023-07-21;1314;31330;3;198.06
2023-07-11;841;15590;1;31.08
2023-07-11;841;35416;1;5.79
2023-07-11;841;21141;1;25.63
2023-07-11;841;48812;1;5.98
2023-07-11;841;55917;1;9
2023-07-11;841;62782;3;21.03
2023-07-11;841;15589;11;266.75
2023-07-11;841;48813;1;4.99
2023-07-11;841;51957;2;11.42
2023-07-11;841;35772;3;35.76
2023-07-11;841;1439;3;45.3
2023-06-08;1314;57912;10;116.1
2023-06-08;1314;62782;1;13.61
2023-06-08;1314;51957;2;24.6
2023-06-08;1314;15589;5;154.8
2023-06-08;1314;48813;5;29.95
2023-06-08;1314;35416;2;30.06
2023-06-08;1314;21141;0;0
2023-06-08;1314;48812;5;37.15
2023-06-08;1314;35772;0;0
2023-06-08;1314;31330;4;263.96
2023-06-08;1314;18064;224;869.12
2023-06-08;1314;9607;25;329
2023-06-08;1314;1439;4;77.56
2023-06-08;1314;36857;3;9.24
2023-06-08;1314;5345;3;24.66
2023-06-08;1314;13315;1;37.15
2023-06-08;1314;44217;2;82.54
2023-06-08;1314;58701;2;103.34
2023-06-08;1314;20635;16;481.28
2023-06-01;1314;57912;10;116.1
2023-05-30;1314;18064;235;911.8
2023-05-30;1314;9607;21;276.15
2023-05-30;1314;1439;6;116.34
2023-05-30;1314;36857;7;21.56
2023-05-30;1314;5345;4;32.88
2023-05-30;1314;13315;1;36.44
2023-05-30;1314;44217;1;41.27
2023-05-30;1314;58701;2;103.34
2023-05-30;1314;20635;10;300.7
2023-05-30;1314;31330;4;263.96
2023-03-30;1314;62364;2;64.6
2023-06-06;841;62782;3;21.03
2023-06-06;841;48812;1;5.98
2023-06-06;841;55917;1;9
2023-06-06;841;15589;2;50.1
2023-06-06;841;48813;3;14.97
2023-06-06;841;51957;3;17.16
2023-06-06;841;35772;2;23.84
2023-06-06;841;1439;3;45.3
2023-06-06;841;18064;60;135
2023-06-06;841;9607;7;56
2023-06-06;841;5345;8;39.92
2023-06-06;841;36857;3;4.86
2023-06-06;841;15590;1;31.08
2023-06-06;841;21141;1;25.63
2023-06-06;841;35416;1;5.79
2023-06-14;1314;62364;2;65.16
2023-08-19;1314;18064;195;756.6
2023-08-19;1314;9607;15;197.7
2023-08-19;1314;1439;5;92.45
2023-08-19;1314;36857;11;33.55
2023-08-19;1314;5345;11;91.19
2023-08-19;1314;57912;7;81.27
2023-08-19;1314;15590;2;80.9
2023-08-19;1314;62782;1;13.61
2023-08-19;1314;51957;2;24.6
2023-08-19;1314;48813;1;5.99
2023-08-19;1314;15589;13;383.63
2023-08-19;1314;21141;4;101.28
2023-08-19;1314;35416;4;59.84
2023-08-19;1314;48812;3;25.35
2023-08-19;1314;58701;2;103.34
2023-08-19;1314;44217;1;41.64
2023-08-19;1314;20635;12;361.08
2023-08-19;1314;31330;5;330.1
2023-08-19;1314;13315;2;87.7
2023-07-27;841;15590;1;31.08
2023-07-27;841;35416;0;0
2023-07-27;841;21141;0;0
2023-07-27;841;62782;3;21.03
2023-07-27;841;48812;1;5.98
2023-07-27;841;55917;1;9
2023-07-27;841;15589;9;218.07
2023-07-27;841;48813;3;14.97
2023-07-27;841;51957;3;17.13
2023-07-27;841;35772;2;23.84
2023-07-27;841;1439;3;45.3
2023-08-25;841;15590;1;31.08
2023-08-25;841;48812;1;5.98
2023-08-25;841;42076;1;8.56
2023-08-25;841;55917;1;9
2023-08-25;841;62782;3;21.03
2023-08-25;841;35416;1;10.74
2023-08-25;841;15589;6;144.96
2023-08-25;841;21141;0;0
2023-08-25;841;48813;3;14.97
2023-08-25;841;51957;3;17.13
2023-08-25;841;35772;3;35.79
2023-09-22;1314;18064;152;589.76
2023-09-22;1314;9607;15;197.85
2023-09-22;1314;1439;3;55.47
2023-09-22;1314;36857;10;31.1
2023-09-22;1314;5345;6;49.74
2023-09-22;1314;58701;0;0
2023-09-22;1314;20635;5;150.45
2023-09-22;1314;31330;3;198.06
2023-09-22;1314;57912;1;12.61
2023-09-22;1314;62782;1;13.61
2023-09-22;1314;51957;2;24.6
2023-09-22;1314;15589;5;147.5
2023-09-22;1314;21141;3;88.98
2023-09-22;1314;35416;3;44.76
2023-09-22;1314;48812;3;27.03
2023-09-22;1314;15590;3;121.35
2023-09-22;1314;48813;3;21.24
2024-01-27;841;31330;1;51.5
2024-01-27;841;58701;1;42.86
2024-01-27;841;20635;1;23.33
2024-01-27;841;1439;1;14.9
2024-01-27;841;18064;33;74.25
2024-01-27;841;9607;5;41.35
2024-01-27;841;36857;3;6.06
2024-01-27;841;5345;1;5.21
2024-01-23;1314;57912;0;0
2024-01-23;1314;57814;2;307.24
2024-01-23;1314;15590;3;121.35
2024-01-23;1314;48812;4;39.64
2024-01-23;1314;15589;8;235.84
2024-01-23;1314;21141;5;150.5
2024-01-23;1314;35416;5;74.45
2024-01-23;1314;48813;3;23.49
2024-01-23;1314;51957;3;37.11
2024-01-23;1314;18064;135;525.15
2024-01-23;1314;9607;12;161.28
2024-01-23;1314;1439;1;18.51
2024-01-23;1314;36857;8;28.72
2024-01-23;1314;5345;10;83.9
2024-01-23;1314;58701;1;51.67
2024-01-23;1314;20635;3;90
2024-01-23;1314;31330;5;329.05
2024-01-23;1314;13315;3;121.32
2024-01-23;1314;44217;3;106.59
2023-09-14;841;15590;1;31.08
2023-09-14;841;62782;3;21.03
2023-09-14;841;48812;1;5.98
2023-09-14;841;42076;1;8.56
2023-09-14;841;55917;0;0
2023-09-14;841;35416;1;10.74
2024-01-11;1314;57912;1;12.61
2024-01-11;1314;57814;2;307.24
2024-01-11;1314;48813;3;23.49
2024-01-11;1314;51957;0;0
2024-01-11;1314;21141;5;150.5
2024-01-11;1314;15589;9;265.32
2024-01-11;1314;35416;3;44.67
2024-01-11;1314;48812;4;39.64
2024-01-11;1314;15590;3;121.35
2024-01-11;1314;18064;95;369.55
2024-01-11;1314;9607;12;160.68
2024-01-11;1314;1439;4;74.04
2024-01-11;1314;36857;5;17.65
2024-01-11;1314;5345;12;100.68
2024-01-11;1314;58701;1;51.67
2024-01-11;1314;20635;5;150
2024-01-11;1314;31330;5;329.05
2024-01-11;1314;13315;1;38.69
2024-01-11;1314;44217;3;106.59
2023-09-30;841;18064;12;27
2023-09-30;841;9607;3;24
2023-09-30;841;36857;4;6.84
2023-09-30;841;20635;2;46.74
2023-09-30;841;58701;1;42.86
2023-09-30;841;31330;1;51.5
2023-09-30;841;15590;1;31.08
2023-09-30;841;62782;3;21.03
2023-09-30;841;48812;1;5.98
2023-09-30;841;42076;1;8.56
2023-09-30;841;35416;1;10.74
2023-09-30;841;55917;1;9.01
2023-09-30;841;15589;3;72.36
2023-09-30;841;21141;3;67.2
2023-09-30;841;48813;3;14.97
2023-09-30;841;51957;3;17.13
2023-09-30;841;35772;3;35.79
2023-09-30;841;1439;2;30.2
2024-11-26;1314;57912;2;26.58
2024-11-26;1314;62364;1;34.49
2024-11-26;1314;57814;2;301.66
2024-11-26;1314;57816;2;120.66
2024-11-26;1314;57817;2;182.68
2024-11-26;1314;51957;1;14.95
2024-11-26;1314;15589;8;254.24
2024-11-26;1314;21141;12;381.48
2024-11-26;1314;35772;4;67.36
2024-11-26;1314;48812;3;26.94
2024-11-26;1314;48813;6;53.88
2024-11-26;1314;15590;2;83.96
2024-11-26;1314;35416;6;92.22
2024-11-26;1314;76834;1;5.22
2024-11-26;1314;1439;7;132.93
2024-11-26;1314;18064;118;505.04
2024-11-26;1314;9607;11;157.85
2024-11-26;1314;36857;11;43.45
2024-11-26;1314;5345;9;80.91
2024-11-26;1314;58701;2;116.7
2024-11-26;1314;20635;10;297.1
2024-11-26;1314;31330;3;196.32
2024-11-26;1314;13315;3;139.65
2024-11-26;1314;44217;3;129.09
2023-09-22;1314;13315;3;134.28
2023-09-22;1314;44217;3;125.31
2024-11-05;841;57912;1;8.79
2024-11-05;841;57817;2;131.42
2024-11-05;841;57814;8;876
2024-11-05;841;57816;2;87.6
2024-11-05;841;15590;1;32.69
2024-11-05;841;35772;2;25.04
2024-11-05;841;42076;4;32.56
2024-11-05;841;51957;1;7.71
2024-11-05;841;62782;1;7.55
2024-11-05;841;48812;1;7.61
2024-11-05;841;55917;2;18.26
2024-11-05;841;35416;1;11.13
2024-11-05;841;21141;3;77.79
2024-11-05;841;15589;3;77.91
2024-11-05;841;48813;2;14.84
2024-11-05;841;76834;1;3.34
2024-11-05;841;36857;3;7.41
2024-11-05;841;18064;35;89.6
2024-11-05;841;9607;10;89.8
2024-11-05;841;5345;6;33.72
2024-11-05;841;1439;4;61.96
2024-11-05;841;58701;3;136.17
2024-11-05;841;31330;2;102.12
2024-11-05;841;20635;2;49.48
2024-01-22;841;31330;1;51.5
2024-01-22;841;58701;1;42.86
2024-01-22;841;20635;1;23.33
2024-01-22;841;1439;1;14.9
2024-01-22;841;18064;10;22.5
2024-01-22;841;9607;5;41.35
2024-01-22;841;5345;1;5.21
2024-01-22;841;36857;3;6.06
2024-01-22;841;57912;1;8.32
2024-01-22;841;57814;3;356.28
2024-01-22;841;48813;3;14.97
2024-01-22;841;62782;3;21.03
2024-01-22;841;42076;5;40.7
2024-01-22;841;48812;1;5.98
2024-01-22;841;55917;1;9.01
2024-01-22;841;51957;2;11.42
2024-01-22;841;15590;2;64.1
2024-01-22;841;35416;1;10.74
2024-01-22;841;15589;4;96.24
2024-01-22;841;21141;3;71.85
2024-01-22;841;35772;2;23.86
2024-01-29;841;57912;1;8.32
2024-01-29;841;57814;3;356.28
2024-01-29;841;48813;3;14.97
2024-01-29;841;62782;1;7.01
2024-01-29;841;42076;5;40.7
2024-01-29;841;48812;0;0
2024-01-29;841;55917;1;9.01
2024-01-29;841;51957;2;11.42
2024-01-29;841;15590;2;64.1
2024-01-29;841;35416;1;10.74
2024-01-29;841;15589;2;48.12
2024-01-29;841;21141;2;48.66
2024-01-29;841;35772;2;23.86
2024-01-29;841;1439;1;14.9
2024-01-29;841;18064;31;69.75
2024-01-29;841;9607;5;41.35
2024-01-29;841;36857;3;6.06
2024-01-29;841;5345;0;0
2024-10-05;1314;62364;1;34.49
2024-10-05;1314;57912;2;26.58
2024-10-05;1314;57814;2;301.66
2024-10-05;1314;57816;2;120.66
2024-10-05;1314;57817;2;182.68
2024-10-05;1314;51957;1;14.66
2024-10-05;1314;21141;1;31.79
2024-10-05;1314;15589;11;348.59
2024-10-05;1314;35416;5;76.7
2024-10-05;1314;35772;3;50.94
2024-10-05;1314;48813;3;26.94
2024-10-05;1314;48812;2;17.96
2024-10-05;1314;15590;2;83.96
2024-10-05;1314;76834;1;5.22
2024-10-05;1314;1439;5;94.85
2024-10-05;1314;18064;37;157.99
2024-10-05;1314;9607;7;100.59
2024-10-05;1314;36857;12;47.16
2024-10-05;1314;5345;8;71.92
2024-10-05;1314;58701;2;116.7
2024-10-05;1314;20635;10;309.8
2024-10-05;1314;31330;1;67.71
2024-10-05;1314;44217;2;85.98
2024-10-05;1314;13315;2;93.38
2024-01-11;841;57912;1;8.32
2024-01-11;841;57814;3;356.28
2024-01-11;841;48812;1;5.98
2024-01-11;841;48813;3;14.97
2024-01-11;841;62782;3;21.03
2024-01-11;841;42076;5;40.7
2024-01-11;841;55917;1;9.01
2024-01-11;841;51957;2;11.42
2024-01-11;841;15590;2;64.1
2024-01-11;841;35416;1;10.74
2024-01-11;841;15589;4;96.28
2024-01-11;841;21141;3;71.85
2024-01-11;841;35772;1;11.93
2024-01-11;841;1439;1;14.9
2024-01-11;841;18064;28;63
2024-01-11;841;9607;3;24.57
2024-01-11;841;5345;1;5.21
2024-01-11;841;36857;3;6.06
2024-01-11;841;20635;1;23.33
2024-01-11;841;31330;1;51.5
2024-01-11;841;58701;1;42.86
2024-12-10;1314;57912;2;26.58
2024-12-10;1314;62364;1;34.49
2024-12-10;1314;57814;2;301.66
2024-12-10;1314;57816;2;120.66
2024-12-10;1314;57817;2;182.68
2024-12-10;1314;15590;2;83.96
2024-12-10;1314;51957;1;14.95
2024-12-10;1314;15589;9;286.56
2024-12-10;1314;21141;11;349.69
2024-12-10;1314;35772;4;67.36
2024-12-10;1314;48812;5;44.9
2024-12-10;1314;48813;4;35.92
2024-12-10;1314;35416;5;76.85
2024-12-10;1314;76834;1;5.22
2024-12-10;1314;1439;7;132.93
2024-12-10;1314;18064;102;436.56
2024-12-10;1314;9607;9;129.06
2024-12-10;1314;36857;10;39.5
2024-12-10;1314;5345;6;53.94
2024-12-10;1314;58701;1;58.35
2024-12-10;1314;20635;11;326.37
2024-12-10;1314;31330;3;195.9
2024-12-10;1314;13315;4;186.2
2024-12-10;1314;44217;3;129.09
2024-12-10;841;57912;1;8.79
2024-12-10;841;57817;2;131.42
2024-12-10;841;57814;8;876
2024-12-10;841;57816;0;0
2024-12-10;841;35772;2;25.28
2024-12-10;841;51957;1;7.71
2024-12-10;841;55917;2;18.26
2024-12-10;841;62782;1;7.84
2024-12-10;841;35416;1;11.13
2024-12-10;841;48812;1;7.49
2024-12-10;841;15590;1;32.69
2024-12-10;841;42076;3;24.42
2024-12-10;841;21141;5;129.65
2024-12-10;841;15589;4;104
2024-12-10;841;48813;2;14.92
2024-12-10;841;76834;1;3.34
2024-12-10;841;18064;63;161.91
2024-12-10;841;9607;9;80.73
2024-12-10;841;5345;6;33.72
2024-12-10;841;1439;4;61.96
2024-12-10;841;36857;2;5.2
2024-12-10;841;31330;2;102.12
2024-12-10;841;58701;2;90.78
2024-12-10;841;20635;2;47
2024-10-18;1314;62364;1;34.49
2024-10-18;1314;57912;2;26.58
2024-10-18;1314;57814;2;301.66
2024-10-18;1314;57816;2;120.66
2024-10-18;1314;57817;2;182.68
2024-10-18;1314;51957;0;0
2024-10-18;1314;21141;9;286.11
2024-10-18;1314;15589;9;285.21
2024-10-18;1314;35416;4;61.36
2024-10-18;1314;35772;4;67.92
2024-10-18;1314;48813;9;80.82
2024-10-18;1314;48812;5;44.9
2024-10-18;1314;15590;2;83.96
2024-10-18;1314;76834;1;5.22
2024-10-18;1314;1439;3;56.97
2024-10-18;1314;18064;59;252.52
2024-10-18;1314;9607;14;201.46
2024-10-18;1314;36857;6;23.58
2024-10-18;1314;5345;11;98.89
2024-10-18;1314;58701;1;58.35
2024-10-18;1314;20635;5;155.1
2024-10-18;1314;31330;3;203.13
2024-10-18;1314;13315;1;46.69
2024-10-18;1314;44217;3;128.97
2024-10-22;1314;62364;1;34.49
2024-10-22;1314;57912;2;26.58
2024-10-22;1314;57814;2;301.66
2024-10-22;1314;57816;2;120.66
2024-10-22;1314;57817;2;182.68
2024-10-22;1314;51957;1;14.95
2024-10-22;1314;21141;13;413.27
2024-10-22;1314;15589;10;317.1
2024-10-22;1314;35416;5;76.85
2024-10-22;1314;35772;4;67.92
2024-10-22;1314;48813;9;80.82
2024-10-22;1314;48812;5;44.9
2024-10-22;1314;15590;2;83.96
2024-10-22;1314;76834;1;5.22
2024-10-22;1314;1439;4;75.96
2024-10-22;1314;18064;89;380.92
2024-10-22;1314;9607;17;244.29
2024-10-22;1314;36857;11;43.45
2024-10-22;1314;5345;11;98.89
2024-10-22;1314;58701;1;58.35
2024-10-22;1314;20635;8;243.12
2024-10-22;1314;31330;3;203.13
2024-10-22;1314;13315;2;93.22
2024-10-22;1314;44217;4;172.12
2024-01-09;1314;62364;1;32.58
2024-11-15;1314;62364;1;34.49
2024-11-15;1314;57912;2;26.58
2024-11-15;1314;57814;2;301.66
2024-11-15;1314;57816;2;120.66
2024-11-15;1314;57817;2;182.68
2024-11-15;1314;51957;1;14.95
2024-11-15;1314;15589;9;285.84
2024-11-15;1314;21141;13;413.27
2024-11-15;1314;35772;4;67.4
2024-11-15;1314;48812;4;35.92
2024-11-15;1314;48813;7;62.86
2024-11-15;1314;15590;2;83.96
2024-11-15;1314;35416;5;76.85
2024-11-15;1314;76834;1;5.22
2024-11-15;1314;1439;7;132.93
2024-11-15;1314;18064;65;278.2
2024-11-15;1314;9607;11;157.85
2024-11-15;1314;36857;11;43.45
2024-11-15;1314;5345;9;80.91
2024-11-15;1314;58701;2;116.7
2024-11-15;1314;20635;6;179.34
2024-11-15;1314;31330;5;327.2
2024-11-15;1314;13315;2;93.12
2024-11-15;1314;44217;3;129.09
2024-10-03;841;57912;1;8.79
2024-10-03;841;57817;1;65.7
2024-10-03;841;57814;7;766.5
2024-10-03;841;57816;3;131.4
2024-10-03;841;15590;2;65.38
2024-10-03;841;51957;1;7.71
2024-10-03;841;62782;1;7.55
2024-10-03;841;35772;2;25.04
2024-10-03;841;42076;4;32.56
2024-10-03;841;55917;2;18.26
2024-10-03;841;35416;1;11.13
2024-10-03;841;48812;1;7.61
2024-10-03;841;21141;3;77.79
2024-10-03;841;15589;4;102.84
2024-10-03;841;48813;2;14.68
2024-10-03;841;76834;1;3.34
2024-10-03;841;36857;3;7.41
2024-10-03;841;1439;2;30.96
2024-10-03;841;18064;27;69.12
2024-10-03;841;9607;9;81.09
2024-10-03;841;5345;6;33.72
2024-10-03;841;58701;3;136.17
2024-10-03;841;31330;2;102.12
2024-10-03;841;20635;2;49.48
2024-10-30;841;57912;1;8.79
2024-10-30;841;57817;2;131.42
2024-10-30;841;57814;7;766.5
2024-10-30;841;57816;2;87.6
2024-10-30;841;15590;1;32.69
2024-10-30;841;35772;2;25.04
2024-10-30;841;42076;4;32.56
2024-10-30;841;51957;1;7.71
2024-10-30;841;62782;1;7.55
2024-10-30;841;48812;1;7.61
2024-10-30;841;55917;2;18.26
2024-10-30;841;35416;1;11.13
2024-10-30;841;21141;3;77.79
2024-10-30;841;15589;3;77.79
2024-10-30;841;48813;2;14.84
2024-10-30;841;76834;1;3.34
2024-10-30;841;36857;3;7.41
2024-10-30;841;18064;41;104.96
2024-10-30;841;9607;9;81
2024-10-30;841;5345;5;28.1
2024-10-30;841;1439;3;46.47
2024-10-30;841;58701;3;136.17
2024-10-30;841;31330;2;102.12
2024-10-30;841;20635;2;49.48
2024-12-11;1314;57912;2;26.58
2024-12-11;1314;62364;1;34.49
2024-12-11;1314;57814;2;301.66
2024-12-11;1314;57816;2;120.66
2024-12-11;1314;57817;2;182.68
2024-12-11;1314;15590;2;83.96
2024-12-11;1314;51957;1;14.95
2024-12-11;1314;15589;9;286.56
2024-12-11;1314;21141;10;317.9
2024-12-11;1314;35772;4;67.36
2024-12-11;1314;48812;5;44.9
2024-12-11;1314;48813;4;35.92
2024-12-11;1314;35416;5;76.85
2024-12-11;1314;76834;1;5.22
2024-12-11;1314;1439;7;132.93
2024-12-11;1314;18064;98;419.44
2024-12-11;1314;9607;9;129.06
2024-12-11;1314;36857;10;39.5
2024-12-11;1314;5345;6;53.94
2024-12-11;1314;58701;1;58.35
2024-12-11;1314;20635;11;326.37
2024-12-11;1314;31330;3;195.9
2024-12-11;1314;13315;4;186.2
2024-12-11;1314;44217;3;129.09
2024-10-11;841;57912;1;8.79
2024-10-11;841;57817;2;131.42
2024-10-11;841;57814;7;766.5
2024-10-11;841;57816;3;131.4
2024-10-11;841;15590;2;65.38
2024-10-11;841;42076;4;32.56
2024-10-11;841;51957;1;7.71
2024-10-11;841;62782;1;7.55
2024-10-11;841;35772;2;25.04
2024-10-11;841;55917;2;18.26
2024-10-11;841;35416;1;11.13
2024-10-11;841;48812;1;7.61
2024-10-11;841;21141;5;129.65
2024-10-11;841;15589;4;103.16
2024-10-11;841;48813;1;7.34
2024-10-11;841;76834;1;3.34
2024-10-11;841;36857;3;7.41
2024-10-11;841;1439;2;30.96
2024-10-11;841;18064;29;74.24
2024-10-11;841;9607;10;90.1
2024-10-11;841;5345;6;33.72
2024-10-11;841;58701;3;136.17
2024-10-11;841;31330;2;102.12
2024-10-11;841;20635;2;49.48
2024-10-21;1314;62364;1;34.49
2024-10-21;1314;57912;2;26.58
2024-10-21;1314;57814;2;301.66
2024-10-21;1314;57816;2;120.66
2024-10-21;1314;57817;2;182.68
2024-10-21;1314;51957;0;0
2024-10-21;1314;21141;12;381.48
2024-10-21;1314;15589;9;285.21
2024-10-21;1314;35416;5;76.85
2024-10-21;1314;35772;4;67.92
2024-10-21;1314;48813;9;80.82
2024-10-21;1314;48812;5;44.9
2024-10-21;1314;15590;2;83.96
2024-10-21;1314;76834;1;5.22
2024-10-21;1314;1439;4;75.96
2024-10-21;1314;18064;88;376.64
2024-10-21;1314;9607;14;201.32
2024-10-21;1314;36857;11;43.45
2024-10-21;1314;5345;11;98.89
2024-10-21;1314;58701;1;58.35
2024-10-21;1314;20635;8;243.92
2024-10-21;1314;31330;3;203.13
2024-10-21;1314;13315;2;93.22
2024-10-21;1314;44217;4;172.12
2024-01-27;841;57912;1;8.32
2024-01-27;841;57814;3;356.28
2024-01-27;841;48813;3;14.97
2024-01-27;841;62782;1;7.01
2024-01-27;841;42076;5;40.7
2024-01-27;841;48812;1;5.98
2024-01-27;841;55917;1;9.01
2024-01-27;841;51957;2;11.42
2024-01-27;841;15590;2;64.1
2024-01-27;841;35416;1;10.74
2024-01-27;841;15589;3;72.18
2024-01-27;841;21141;0;0
2024-01-27;841;35772;2;23.86
2024-10-30;1314;62364;1;34.49
2024-10-30;1314;57912;2;26.58
2024-10-30;1314;57814;2;301.66
2024-10-30;1314;57816;2;120.66
2024-10-30;1314;57817;2;182.68
2024-10-30;1314;51957;1;14.95
2024-10-30;1314;21141;9;286.11
2024-10-30;1314;15589;10;317.1
2024-10-30;1314;35416;5;76.85
2024-10-30;1314;35772;3;50.94
2024-10-30;1314;48812;5;44.9
2024-10-30;1314;48813;7;62.86
2024-10-30;1314;15590;2;83.96
2024-10-30;1314;76834;1;5.22
2024-10-30;1314;1439;7;132.93
2024-10-30;1314;18064;69;295.32
2024-10-30;1314;9607;12;172.44
2024-10-30;1314;36857;11;43.45
2024-10-30;1314;5345;10;89.9
2024-10-30;1314;58701;1;58.35
2024-10-30;1314;20635;7;212.03
2024-10-30;1314;31330;1;67.71
2024-10-30;1314;13315;3;139.74
2024-10-30;1314;44217;4;172.12
2024-12-02;1314;57912;2;26.58
2024-12-02;1314;62364;1;34.49
2024-12-02;1314;57814;2;301.66
2024-12-02;1314;57816;2;120.66
2024-12-02;1314;57817;2;182.68
2024-12-02;1314;15590;2;83.96
2024-12-02;1314;51957;1;14.95
2024-12-02;1314;15589;9;286.38
2024-12-02;1314;21141;9;286.11
2024-12-02;1314;35772;4;67.36
2024-12-02;1314;48812;3;26.94
2024-12-02;1314;48813;6;53.88
2024-12-02;1314;35416;6;92.22
2024-12-02;1314;76834;1;5.22
2024-12-02;1314;1439;7;132.93
2024-12-02;1314;18064;88;376.64
2024-12-02;1314;9607;9;129.15
2024-12-02;1314;36857;10;39.5
2024-12-02;1314;5345;9;80.91
2024-12-02;1314;58701;2;116.7
2024-12-02;1314;20635;9;267.3
2024-12-02;1314;31330;4;261.2
2024-12-02;1314;13315;4;186.2
2024-12-02;1314;44217;3;129.09
2023-09-16;1314;62364;1;32.58
2024-10-24;1314;62364;1;34.49
2024-10-24;1314;57912;2;26.58
2024-10-24;1314;57814;2;301.66
2024-10-24;1314;57816;2;120.66
2024-10-24;1314;57817;2;182.68
2024-10-24;1314;51957;1;14.95
2024-10-24;1314;21141;13;413.27
2024-10-24;1314;15589;10;317.1
2024-10-24;1314;35416;5;76.85
2024-10-24;1314;35772;4;67.92
2024-10-24;1314;48813;7;62.86
2024-10-24;1314;48812;5;44.9
2024-10-24;1314;15590;2;83.96
2024-10-24;1314;76834;1;5.22
2024-10-24;1314;1439;7;132.93
2024-10-24;1314;18064;89;380.92
2024-10-24;1314;9607;15;215.55
2024-10-24;1314;36857;12;47.4
2024-10-24;1314;5345;11;98.89
2024-10-24;1314;58701;1;58.35
2024-10-24;1314;20635;8;243.12
2024-10-24;1314;31330;3;203.13
2024-10-24;1314;13315;3;139.74
2024-10-24;1314;44217;4;172.12
2024-10-24;841;57912;1;8.79
2024-10-24;841;57817;2;131.42
2024-10-24;841;57814;7;766.5
2024-10-24;841;57816;2;87.6
2024-10-24;841;15590;1;32.69
2024-10-24;841;35772;2;25.04
2024-10-24;841;42076;4;32.56
2024-10-24;841;51957;1;7.71
2024-10-24;841;62782;1;7.55
2024-10-24;841;55917;2;18.26
2024-10-24;841;35416;1;11.13
2024-10-24;841;48812;1;7.61
2024-10-24;841;21141;4;103.72
2024-10-24;841;15589;4;103.72
2024-10-24;841;48813;2;14.84
2024-10-24;841;76834;1;3.34
2024-10-24;841;36857;3;7.41
2024-10-24;841;18064;44;112.64
2024-10-24;841;9607;9;81.09
2024-10-24;841;5345;5;28.1
2024-10-24;841;1439;3;46.47
2024-10-24;841;58701;3;136.17
2024-10-24;841;31330;2;102.12
2024-10-24;841;20635;2;49.48
2024-12-20;1314;57912;2;26.58
2024-12-20;1314;62364;1;34.49
2024-12-20;1314;57814;2;301.66
2024-12-20;1314;57816;2;120.66
2024-12-20;1314;57817;2;182.68
2024-12-20;1314;15590;2;83.96
2024-12-20;1314;51957;1;14.95
2024-12-20;1314;15589;8;254.8
2024-12-20;1314;21141;11;349.69
2024-12-20;1314;35772;4;67.36
2024-12-20;1314;48812;5;44.9
2024-12-20;1314;48813;4;35.92
2024-12-20;1314;35416;3;46.11
2024-12-20;1314;76834;1;5.22
2024-12-20;1314;1439;6;113.94
2024-12-20;1314;18064;64;273.92
2024-12-20;1314;9607;7;100.38
2024-12-20;1314;36857;7;27.65
2024-12-20;1314;5345;8;71.84
2024-12-20;1314;58701;1;58.35
2024-12-20;1314;20635;10;296.7
2024-12-20;1314;31330;6;391.32
2024-12-20;1314;13315;5;232.75
2024-12-20;1314;44217;3;129.09
2024-10-22;841;57912;0;0
2024-10-22;841;57817;2;131.42
2024-10-22;841;57814;7;766.5
2024-10-22;841;57816;2;87.6
2024-10-22;841;15590;2;65.38
2024-10-22;841;35772;2;25.04
2024-10-22;841;42076;4;32.56
2024-10-22;841;51957;1;7.71
2024-10-22;841;62782;1;7.55
2024-10-22;841;55917;2;18.26
2024-10-22;841;35416;1;11.13
2024-10-22;841;48812;1;7.61
2024-10-22;841;21141;4;103.72
2024-10-22;841;15589;3;77.64
2024-10-22;841;48813;2;14.84
2024-10-22;841;76834;1;3.34
2024-10-22;841;36857;3;7.41
2024-10-22;841;18064;44;112.64
2024-10-22;841;9607;9;81.09
2024-10-22;841;5345;5;28.1
2024-10-22;841;1439;1;15.49
2024-10-22;841;58701;3;136.17
2024-10-22;841;31330;2;102.12
2024-10-22;841;20635;2;49.48
2024-11-20;1314;62364;1;34.49
2024-11-20;1314;57912;2;26.58
2024-11-20;1314;57814;2;301.66
2024-11-20;1314;57816;2;120.66
2024-11-20;1314;57817;2;182.68
2024-11-20;1314;51957;1;14.95
2024-11-20;1314;15589;10;317.8
2024-11-20;1314;21141;14;445.06
2024-11-20;1314;35772;3;50.55
2024-11-20;1314;48812;4;35.92
2024-11-20;1314;48813;6;53.88
2024-11-20;1314;15590;2;83.96
2024-11-20;1314;35416;5;76.85
2024-11-20;1314;76834;1;5.22
2024-11-20;1314;1439;7;132.93
2024-11-20;1314;18064;114;487.92
2024-11-20;1314;9607;12;172.2
2024-11-20;1314;36857;11;43.45
2024-11-20;1314;5345;9;80.91
2024-11-20;1314;58701;2;116.7
2024-11-20;1314;20635;8;238
2024-11-20;1314;31330;4;261.76
2024-11-20;1314;13315;2;93.12
2024-11-20;1314;44217;3;129.09
2023-09-25;1314;20635;5;150.45
2023-09-25;1314;31330;3;198.06
2023-09-25;1314;13315;3;134.28
2023-09-25;1314;44217;3;125.31
2024-01-24;1314;57912;2;25.22
2024-01-24;1314;57814;2;307.24
2024-01-24;1314;15590;3;121.35
2024-01-24;1314;48812;4;39.64
2024-01-24;1314;15589;8;235.84
2024-01-24;1314;21141;5;150.5
2024-01-24;1314;35416;5;74.45
2024-01-24;1314;48813;3;23.49
2024-01-24;1314;51957;3;37.11
2024-01-24;1314;18064;277;1077.53
2024-01-24;1314;9607;19;256.31
2024-01-24;1314;1439;1;18.51
2024-01-24;1314;36857;8;28.72
2024-01-24;1314;5345;10;83.9
2024-01-24;1314;58701;1;51.67
2024-01-24;1314;20635;5;149.95
2024-01-24;1314;31330;5;329.05
2024-01-24;1314;13315;3;121.32
2024-01-24;1314;44217;3;106.59
2023-09-11;1314;62782;1;13.61
2023-09-11;1314;51957;2;24.6
2023-09-11;1314;15589;9;265.59
2023-09-11;1314;21141;2;50.64
2023-09-11;1314;35416;2;29.86
2023-09-11;1314;48812;3;26.79
2023-09-11;1314;15590;3;121.35
2023-09-11;1314;48813;2;11.98
2023-09-11;1314;18064;180;698.4
2023-09-11;1314;9607;7;92.26
2023-09-11;1314;1439;3;55.47
2023-09-11;1314;36857;11;34.21
2023-09-11;1314;5345;8;66.32
2023-09-11;1314;58701;1;51.67
2023-09-11;1314;20635;9;270.81
2023-09-11;1314;31330;4;264.08
2023-09-11;1314;13315;3;134.28
2023-09-11;1314;44217;3;125.31
2024-01-30;1314;57912;2;26.16
2024-01-30;1314;57814;2;316.64
2024-01-30;1314;15590;3;121.35
2024-01-30;1314;48812;4;39.68
2024-01-30;1314;15589;8;235.84
2024-01-30;1314;21141;5;152.85
2024-01-30;1314;35416;5;74.45
2024-01-30;1314;48813;3;23.52
2024-01-30;1314;51957;3;37.68
2024-01-30;1314;18064;259;1007.51
2024-01-30;1314;9607;20;269.8
2024-01-30;1314;1439;2;36.64
2024-01-30;1314;36857;8;30
2024-01-30;1314;5345;9;75.51
2024-12-11;841;57912;1;8.79
2024-12-11;841;57817;1;65.71
2024-12-11;841;57814;8;876
2024-12-11;841;57816;0;0
2024-12-11;841;51957;1;7.71
2024-12-11;841;55917;2;18.26
2024-12-11;841;62782;1;7.84
2024-12-11;841;35416;1;11.13
2024-12-11;841;15590;1;32.69
2024-12-11;841;35772;2;25.28
2024-12-11;841;42076;3;24.42
2024-12-11;841;48812;1;7.49
2024-12-11;841;21141;5;129.65
2024-12-11;841;15589;4;104
2024-12-11;841;48813;2;14.92
2024-12-11;841;76834;1;3.34
2024-12-11;841;18064;62;159.34
2024-12-11;841;9607;9;80.73
2024-12-11;841;5345;6;33.72
2024-12-11;841;1439;4;61.96
2024-12-11;841;36857;2;5.2
2024-12-11;841;31330;2;102.12
2024-12-11;841;58701;2;90.78
2024-12-11;841;20635;2;47
2023-09-08;841;15590;1;31.08
2023-09-08;841;48812;1;5.98
2023-09-08;841;42076;1;8.56
2023-09-08;841;55917;0;0
2023-09-08;841;62782;3;21.03
2023-09-08;841;35416;1;10.74
2023-09-08;841;15589;4;96.6
2023-09-08;841;21141;3;59.13
2023-09-08;841;48813;3;14.97
2023-09-08;841;51957;3;17.13
2023-09-08;841;35772;3;35.79
2024-10-17;1314;62364;1;34.49
2024-10-17;1314;57912;2;26.58
2024-10-17;1314;57814;2;301.66
2024-10-17;1314;57816;2;120.66
2024-10-17;1314;57817;2;182.68
2024-10-17;1314;51957;0;0
2024-10-17;1314;21141;9;286.11
2024-10-17;1314;15589;9;285.21
2024-10-17;1314;35416;4;61.36
2024-10-17;1314;35772;4;67.92
2024-10-17;1314;48813;9;80.82
2024-10-17;1314;48812;5;44.9
2024-10-17;1314;15590;2;83.96
2024-10-17;1314;76834;1;5.22
2024-10-17;1314;1439;4;75.96
2024-10-17;1314;18064;65;278.2
2024-10-17;1314;9607;14;201.46
2024-10-17;1314;36857;7;27.51
2024-10-17;1314;5345;12;107.88
2024-10-17;1314;58701;2;116.7
2024-10-17;1314;20635;6;186.12
2024-10-17;1314;31330;3;203.13
2024-10-17;1314;44217;3;128.97
2024-10-17;1314;13315;1;46.69
2024-11-21;841;57912;1;8.79
2024-11-21;841;57817;2;131.42
2024-11-21;841;57814;8;876
2024-11-21;841;57816;2;87.6
2024-11-21;841;35772;2;25.04
2024-11-21;841;42076;3;24.42
2024-11-21;841;51957;1;7.71
2024-11-21;841;62782;1;7.84
2024-11-21;841;35416;1;11.13
2024-11-21;841;48812;1;7.61
2024-11-21;841;55917;2;18.26
2024-11-21;841;15590;1;32.69
2024-11-21;841;21141;4;103.72
2024-11-21;841;15589;4;104
2024-11-21;841;48813;2;14.84
2024-11-21;841;76834;1;3.34
2024-11-21;841;18064;27;69.12
2024-11-21;841;9607;10;89.7
2024-11-21;841;1439;4;61.96
2024-11-21;841;5345;6;33.72
2024-11-21;841;36857;2;4.94
2024-11-21;841;58701;2;90.78
2024-11-21;841;20635;1;24.74
2024-11-21;841;31330;2;102.12
2024-10-08;841;57912;1;8.79
2024-10-08;841;57817;2;131.42
2024-10-08;841;57814;7;766.5
2024-10-08;841;57816;3;131.4
2024-10-08;841;15590;2;65.38
2024-10-08;841;51957;1;7.71
2024-10-08;841;62782;1;7.55
2024-10-08;841;35772;2;25.04
2024-10-08;841;42076;4;32.56
2024-10-08;841;55917;2;18.26
2024-10-08;841;35416;1;11.13
2024-10-08;841;48812;1;7.61
2024-10-08;841;21141;5;129.65
2024-10-08;841;15589;4;103.16
2024-10-08;841;48813;1;7.34
2024-10-08;841;76834;1;3.34
2024-10-08;841;36857;3;7.41
2024-10-08;841;1439;2;30.96
2024-10-08;841;18064;38;97.28
2024-10-08;841;9607;10;90.1
2024-10-08;841;5345;6;33.72
2024-10-08;841;58701;3;136.17
2024-10-08;841;31330;2;102.12
2024-10-08;841;20635;2;49.48
2023-09-29;1314;57912;1;12.61
2023-09-29;1314;62782;1;13.61
2023-09-29;1314;51957;1;12.3
2023-09-29;1314;15589;7;206.43
2023-09-29;1314;21141;8;240.88
2023-09-29;1314;35416;3;44.76
2023-09-29;1314;48812;2;18.26
2023-09-29;1314;48813;3;21.78
2023-09-29;1314;15590;3;121.35
2023-09-29;1314;18064;140;543.2
2023-09-29;1314;9607;11;145.09
2023-09-29;1314;1439;3;55.47
2023-09-29;1314;36857;7;21.77
2023-09-29;1314;5345;9;74.79
2023-09-29;1314;58701;1;51.67
2023-09-29;1314;20635;6;180.6
2023-09-29;1314;31330;3;198.06
2023-09-29;1314;13315;3;134.28
2023-09-29;1314;44217;3;125.31
2024-01-15;841;1439;1;14.9
2024-01-15;841;18064;26;58.5
2024-01-15;841;9607;3;24.57
2024-01-15;841;5345;1;5.21
2024-01-15;841;36857;3;6.06
2024-01-15;841;31330;1;51.5
2024-01-15;841;58701;1;42.86
2024-01-15;841;20635;1;23.33
2024-11-26;841;57912;1;8.79
2024-11-26;841;57817;2;131.42
2024-11-26;841;57814;8;876
2024-11-26;841;57816;2;87.6
2024-11-26;841;35772;0;0
2024-11-26;841;51957;1;7.71
2024-11-26;841;55917;2;18.26
2024-11-26;841;62782;1;7.84
2024-11-26;841;35416;1;11.13
2024-11-26;841;48812;1;7.49
2024-11-26;841;15590;1;32.69
2024-11-26;841;42076;3;24.42
2024-11-26;841;21141;4;103.72
2024-11-26;841;15589;4;104
2024-11-26;841;48813;2;14.84
2024-11-26;841;76834;1;3.34
2024-11-26;841;18064;18;46.08
2024-11-26;841;9607;9;80.73
2024-11-26;841;1439;4;61.96
2024-11-26;841;5345;5;28.1
2024-11-26;841;36857;2;5.18
2024-11-26;841;31330;2;102.12
2024-11-26;841;58701;2;90.78
2024-11-26;841;20635;1;24.74
2024-01-24;1314;62364;1;32.58
2024-01-19;1314;62364;1;32.58
2024-02-24;1314;57912;2;26.16
2024-02-24;1314;57816;2;126.64
2024-02-24;1314;57814;2;316.64
2024-02-24;1314;15590;2;80.9
2024-02-24;1314;48812;4;39.68
2024-02-24;1314;48813;3;23.52
2024-02-24;1314;15589;3;88.44
2024-02-24;1314;21141;2;61.08
2024-02-24;1314;35416;6;89.34
2024-02-24;1314;51957;3;37.68
2024-02-24;1314;18064;249;968.61
2024-02-24;1314;9607;17;230.01
2024-02-10;1314;58701;1;53.37
2024-02-10;1314;31330;5;339.05
2024-02-10;1314;44217;3;125.34
2024-02-10;1314;20635;4;123.56
2024-02-10;1314;13315;2;93.18
2024-03-29;841;57912;1;8.79
2024-03-29;841;57816;3;142.5
2024-03-29;841;57814;2;237.52
2024-03-29;841;48813;3;14.97
2024-03-29;841;42076;5;40.7
2024-03-29;841;51957;2;11.78
2024-03-29;841;55917;1;9.01
2024-03-29;841;62782;1;7.55
2024-03-29;841;35772;3;35.79
2024-03-29;841;35416;1;10.74
2024-03-29;841;48812;1;8.4
2024-03-29;841;15589;2;48.06
2024-03-29;841;21141;2;49.52
2024-03-29;841;15590;3;98.07
2024-03-29;841;1439;1;14.9
2024-03-29;841;18064;22;50.16
2024-03-29;841;9607;3;25.32
2024-03-29;841;5345;4;20.88
2024-03-29;841;36857;3;7.11
2024-03-29;841;20635;1;23.33
2024-03-29;841;31330;1;50.71
2024-03-29;841;58701;2;90.5
2024-11-23;1314;57912;2;26.58
2024-11-23;1314;62364;1;34.49
2024-11-23;1314;57814;2;301.66
2024-11-23;1314;57816;2;120.66
2024-11-23;1314;57817;2;182.68
2024-11-23;1314;51957;1;14.95
2024-11-23;1314;15589;8;254.24
2024-11-23;1314;21141;13;413.27
2024-11-23;1314;35772;3;50.55
2024-11-23;1314;48812;3;26.94
2024-11-23;1314;48813;6;53.88
2024-11-23;1314;15590;2;83.96
2024-11-23;1314;35416;5;76.85
2024-11-23;1314;76834;1;5.22
2024-11-23;1314;1439;7;132.93
2024-11-23;1314;18064;115;492.2
2024-11-23;1314;9607;12;172.2
2024-11-23;1314;36857;11;43.45
2024-11-23;1314;5345;9;80.91
2024-11-23;1314;58701;2;116.7
2024-11-23;1314;20635;11;326.81
2024-11-23;1314;31330;4;261.76
2024-11-23;1314;13315;4;186.2
2024-11-23;1314;44217;3;129.09
2024-02-20;1314;62364;1;32.58
2024-12-16;1314;57912;2;26.58
2024-12-16;1314;62364;1;34.49
2024-12-16;1314;57814;2;301.66
2024-12-16;1314;57816;2;120.66
2024-12-16;1314;57817;2;182.68
2024-12-16;1314;15590;2;83.96
2024-12-16;1314;51957;1;14.95
2024-12-16;1314;15589;10;318.5
2024-12-16;1314;21141;12;381.48
2024-12-16;1314;35772;4;67.36
2024-12-16;1314;48812;5;44.9
2024-12-16;1314;48813;4;35.92
2024-12-16;1314;35416;5;76.85
2024-12-16;1314;76834;1;5.22
2024-12-16;1314;1439;6;113.94
2024-12-16;1314;18064;56;239.68
2024-12-16;1314;9607;8;114.72
2024-12-16;1314;36857;9;35.55
2024-12-16;1314;5345;6;53.94
2024-12-16;1314;58701;1;58.35
2024-12-16;1314;20635;11;326.37
2024-12-16;1314;31330;6;391.32
2024-12-16;1314;13315;5;232.75
2024-12-16;1314;44217;3;129.09
2024-03-29;1314;57912;2;26.16
2024-03-29;1314;57816;2;126.64
2024-03-29;1314;57814;2;316.64
2024-03-29;1314;15590;1;40.45
2024-03-29;1314;48812;1;9.92
2024-03-29;1314;51957;3;37.68
2024-03-29;1314;15589;6;176.64
2024-03-29;1314;21141;2;60.88
2024-03-29;1314;35416;7;104.23
2024-03-29;1314;48813;3;24.15
2024-03-29;1314;18064;105;411.6
2024-03-29;1314;9607;10;135.9
2024-02-02;1314;62364;1;32.58
2024-02-19;1314;58701;1;53.37
2024-02-19;1314;31330;5;339.05
2024-02-19;1314;44217;3;125.34
2024-02-19;1314;20635;5;154.45
2024-02-19;1314;13315;0;0
2023-07-21;841;15590;1;31.08
2023-07-21;841;35416;1;5.79
2023-07-21;841;21141;0;0
2023-07-21;841;62782;3;21.03
2023-07-21;841;48812;1;5.98
2023-07-21;841;55917;1;9
2023-07-21;841;15589;11;266.53
2023-07-21;841;48813;3;14.97
2023-07-21;841;51957;3;17.13
2023-07-21;841;35772;3;35.76
2023-07-21;841;1439;3;45.3
2023-08-12;1314;57912;7;81.27
2023-08-12;1314;15590;2;80.9
2023-08-12;1314;62782;1;13.61
2023-08-12;1314;51957;2;24.6
2023-08-12;1314;48813;3;17.97
2023-08-12;1314;15589;7;206.57
2023-08-12;1314;21141;0;0
2023-08-12;1314;35416;5;74.8
2023-08-12;1314;48812;5;42.25
2023-08-15;1314;62364;1;32.58
2023-09-18;1314;62364;1;32.58
2023-09-21;841;1439;2;30.2
2023-09-21;841;18064;13;29.25
2023-09-21;841;9607;5;40
2023-09-21;841;36857;4;6.84
2023-09-21;841;20635;2;46.74
2023-09-21;841;58701;1;42.86
2023-09-21;841;31330;1;51.5
2023-09-21;841;15590;1;31.08
2023-09-21;841;62782;3;21.03
2023-09-21;841;48812;1;5.98
2023-09-21;841;42076;1;8.56
2023-09-21;841;35416;1;10.74
2023-09-21;841;55917;1;9.01
2023-09-21;841;15589;5;120.6
2023-09-21;841;21141;3;67.2
2023-09-21;841;48813;3;14.97
2023-09-21;841;51957;3;17.13
2023-09-21;841;35772;3;35.79
2023-09-09;841;15590;1;31.08
2023-09-09;841;62782;3;21.03
2023-09-09;841;48812;1;5.98
2023-09-09;841;42076;1;8.56
2023-09-09;841;55917;0;0
2023-09-09;841;35416;1;10.74
2023-09-09;841;15589;5;120.65
2023-09-09;841;21141;2;39.42
2023-09-09;841;48813;3;14.97
2023-09-09;841;51957;3;17.13
2023-09-09;841;35772;3;35.79
2023-09-09;1314;62364;1;32.58
2023-08-04;1314;62364;1;32.58
2024-01-23;1314;62364;1;32.58
2024-01-18;1314;57912;0;0
2024-01-18;1314;57814;2;307.24
2024-01-18;1314;15590;3;121.35
2024-01-18;1314;48812;4;39.64
2024-01-18;1314;15589;9;265.32
2024-01-18;1314;21141;5;150.5
2024-01-18;1314;35416;2;29.78
2024-01-18;1314;48813;3;23.49
2024-01-18;1314;51957;1;12.37
2024-01-03;841;57912;1;8.32
2024-01-03;841;57814;3;356.28
2024-01-03;841;48812;1;5.98
2024-01-03;841;48813;3;14.97
2024-01-03;841;62782;3;21.03
2024-01-03;841;42076;5;40.7
2024-01-03;841;55917;1;9.01
2024-01-03;841;51957;2;11.42
2023-07-26;1314;62364;1;32.58
2023-07-22;1314;62364;1;32.58
2024-01-17;1314;62364;1;32.58
2023-09-22;1314;62364;1;32.58
2024-11-01;1314;5345;10;89.9
2024-11-01;1314;58701;1;58.35
2024-11-01;1314;20635;8;241.6
2024-11-01;1314;31330;1;67.71
2024-11-01;1314;44217;3;129.09
2024-11-01;1314;13315;3;139.74
2024-11-01;1314;62364;1;34.49
2024-11-01;1314;57912;2;26.58
2024-11-01;1314;57814;2;301.66
2024-11-01;1314;57816;2;120.66
2024-11-01;1314;57817;2;182.68
2024-11-01;1314;51957;1;14.95
2024-11-01;1314;21141;10;317.9
2024-11-01;1314;15589;10;317.1
2024-11-01;1314;35416;5;76.85
2024-11-01;1314;35772;3;50.94
2024-11-01;1314;48812;5;44.9
2024-11-01;1314;48813;7;62.86
2024-11-01;1314;15590;2;83.96
2024-11-01;1314;76834;1;5.22
2024-11-01;1314;1439;7;132.93
2024-11-01;1314;18064;77;329.56
2024-11-01;1314;9607;12;172.44
2024-11-01;1314;36857;11;43.45
2024-12-07;841;57912;1;8.79
2024-12-07;841;57817;2;131.42
2024-12-07;841;57814;8;876
2024-12-07;841;57816;2;87.6
2024-12-07;841;35772;2;25.28
2024-12-07;841;51957;1;7.71
2024-12-07;841;55917;2;18.26
2024-12-07;841;62782;1;7.84
2024-12-07;841;35416;1;11.13
2024-12-07;841;48812;1;7.49
2024-12-07;841;15590;1;32.69
2024-12-07;841;42076;3;24.42
2024-12-07;841;21141;4;103.72
2024-12-07;841;15589;4;104
2024-12-07;841;48813;2;14.92
2024-12-07;841;76834;1;3.34
2024-12-07;841;18064;69;177.33
2024-12-07;841;9607;9;80.73
2024-12-07;841;5345;6;33.72
2024-12-07;841;1439;4;61.96
2024-12-07;841;36857;3;7.8
2024-12-07;841;31330;2;102.12
2024-12-07;841;58701;2;90.78
2024-12-07;841;20635;2;47
2024-12-07;1314;57912;2;26.58
2024-12-07;1314;62364;1;34.49
2024-12-07;1314;57814;2;301.66
2024-12-07;1314;57816;2;120.66
2024-12-07;1314;57817;2;182.68
2024-12-07;1314;15590;2;83.96
2024-12-07;1314;51957;1;14.95
2024-12-07;1314;15589;8;254.64
2024-12-07;1314;21141;13;413.27
2024-12-07;1314;35772;4;67.36
2024-12-07;1314;48812;5;44.9
2024-12-07;1314;48813;4;35.92
2024-12-07;1314;35416;5;76.85
2024-12-07;1314;76834;1;5.22
2024-12-07;1314;1439;7;132.93
2024-12-07;1314;18064;129;552.12
2024-12-07;1314;9607;8;114.8
2024-12-07;1314;36857;11;43.45
2024-12-07;1314;5345;9;80.91
2024-12-07;1314;58701;2;116.7
2024-12-07;1314;20635;9;267.21
2024-12-07;1314;31330;3;195.9
2024-12-07;1314;13315;5;232.75
2024-12-07;1314;44217;3;129.09
2023-09-11;841;58701;1;42.86
2023-09-11;841;1439;2;30.2
2023-09-11;841;18064;14;31.5
2023-09-11;841;9607;4;32
2023-09-11;841;36857;4;6.84
2023-09-11;841;31330;1;51.5
2023-09-11;841;20635;2;46.74
2023-09-23;1314;62364;1;32.58
2023-08-19;841;21141;1;19.71
2023-08-19;841;15590;1;31.08
2023-08-19;841;48812;1;5.98
2023-08-19;841;42076;1;8.56
2023-08-19;841;55917;1;9
2023-08-19;841;62782;3;21.03
2023-08-19;841;35416;1;10.74
2023-08-19;841;15589;4;96.92
2023-08-19;841;48813;3;14.97
2023-08-19;841;51957;3;17.13
2023-08-19;841;35772;1;11.92
2023-09-21;1314;57912;1;12.61
2023-09-21;1314;62782;1;13.61
2023-09-21;1314;51957;2;24.6
2023-09-21;1314;15589;5;147.5
2023-09-21;1314;21141;4;118.64
2023-09-21;1314;35416;3;44.76
2023-09-21;1314;48812;3;27.03
2023-09-21;1314;15590;3;121.35
2023-09-21;1314;48813;3;21.24
2023-09-21;1314;18064;158;613.04
2023-09-21;1314;9607;16;211.04
2023-09-21;1314;1439;3;55.47
2023-09-21;1314;36857;10;31.1
2023-09-21;1314;5345;6;49.74
2023-09-21;1314;58701;0;0
2023-09-21;1314;20635;5;150.45
2023-09-21;1314;31330;3;198.06
2023-09-21;1314;13315;3;134.28
2023-09-21;1314;44217;3;125.31
2023-08-23;841;36857;4;6.84
2023-08-23;841;31330;1;51.5
2023-08-23;841;20635;3;70.11
2023-08-23;841;58701;1;42.86
2023-08-09;1314;57912;7;81.27
2023-08-09;1314;15590;2;80.9
2023-08-09;1314;62782;1;13.61
2023-08-09;1314;51957;2;24.6
2023-08-09;1314;48813;3;17.97
2023-08-09;1314;15589;10;295.1
2023-08-09;1314;21141;0;0
2023-08-09;1314;35416;5;74.8
2023-08-09;1314;48812;6;50.7
2023-09-26;1314;58701;1;51.67
2023-09-26;1314;20635;4;120.36
2023-09-26;1314;31330;3;198.06
2023-09-26;1314;13315;3;134.28
2023-09-26;1314;44217;3;125.31
2023-08-05;1314;15590;0;0
2023-08-05;1314;62782;1;13.61
2023-08-05;1314;51957;2;24.6
2023-08-05;1314;48813;3;17.97
2023-08-05;1314;15589;5;147.85
2023-08-05;1314;21141;0;0
2023-08-05;1314;35416;5;74.8
2023-08-05;1314;48812;7;59.15
2023-08-05;1314;18064;189;733.32
2023-08-05;1314;9607;14;184.38
2023-08-05;1314;1439;3;56.04
2023-08-05;1314;36857;7;21.35
2023-08-05;1314;5345;6;49.74
2023-08-05;1314;44217;2;83.28
2023-08-05;1314;58701;2;103.34
2023-08-05;1314;20635;9;270.72
2023-08-05;1314;31330;1;66.02
2023-08-05;1314;13315;2;84.98
2024-01-22;1314;57912;0;0
2024-01-22;1314;57814;2;307.24
2024-01-22;1314;15590;3;121.35
2024-01-22;1314;48812;4;39.64
2024-01-22;1314;15589;8;235.84
2024-01-22;1314;21141;5;150.5
2024-01-22;1314;35416;5;74.45
2024-01-22;1314;48813;3;23.49
2024-01-22;1314;51957;3;37.11
2024-01-12;841;1439;1;14.9
2024-01-12;841;18064;28;63
2024-01-12;841;9607;3;24.57
2024-01-12;841;5345;1;5.21
2024-01-12;841;36857;3;6.06
2024-01-12;841;20635;1;23.33
2024-01-12;841;31330;1;51.5
2024-01-12;841;58701;1;42.86
2024-01-12;841;57912;1;8.32
2024-01-12;841;57814;3;356.28
2024-01-12;841;48812;1;5.98
2024-01-12;841;48813;3;14.97
2024-01-12;841;62782;3;21.03
2024-01-12;841;42076;5;40.7
2024-01-12;841;55917;1;9.01
2024-01-12;841;51957;2;11.42
2024-01-12;841;15590;2;64.1
2024-01-12;841;35416;1;10.74
2024-01-12;841;15589;3;72.21
2024-01-12;841;21141;3;71.85
2024-01-12;841;35772;1;11.93
2024-01-22;1314;62364;1;32.58
2024-01-15;841;57912;1;8.32
2024-01-15;841;57814;3;356.28
2024-01-15;841;48812;1;5.98
2024-01-15;841;48813;3;14.97
2024-01-15;841;62782;3;21.03
2024-01-15;841;42076;5;40.7
2024-01-15;841;55917;1;9.01
2024-01-15;841;51957;2;11.42
2024-01-15;841;15590;2;64.1
2024-01-15;841;35416;1;10.74
2024-01-15;841;15589;3;72.21
2024-01-15;841;21141;3;71.85
2024-01-15;841;35772;2;23.86
2024-01-26;1314;62364;1;32.58
2024-01-16;1314;57912;1;12.61
2024-01-16;1314;57814;2;307.24
2024-01-16;1314;15590;3;121.35
2024-01-16;1314;48812;4;39.64
2024-01-16;1314;15589;9;265.32
2024-01-16;1314;21141;5;150.5
2024-01-16;1314;35416;2;29.78
2024-01-16;1314;48813;3;23.49
2024-01-16;1314;51957;1;12.37
2023-09-05;1314;57912;1;11.61
2023-09-05;1314;62782;1;13.61
2023-09-05;1314;51957;2;24.6
2023-09-05;1314;48813;2;11.98
2023-09-05;1314;15589;11;324.61
2023-09-05;1314;21141;2;50.64
2023-09-05;1314;35416;1;14.96
2023-09-05;1314;48812;2;17.54
2023-09-08;1314;62364;1;32.58
2023-09-28;1314;18064;137;531.56
2023-09-28;1314;9607;12;158.28
2023-09-28;1314;1439;3;55.47
2023-09-28;1314;36857;7;21.77
2023-09-28;1314;5345;7;58.17
2023-09-28;1314;58701;1;51.67
2023-09-28;1314;20635;4;120.36
2023-09-28;1314;31330;3;198.06
2023-09-28;1314;13315;3;134.28
2023-09-28;1314;44217;3;125.31
2023-09-28;1314;57912;1;12.61
2023-09-28;1314;62782;1;13.61
2023-09-28;1314;51957;1;12.3
2023-09-28;1314;15589;8;235.92
2023-09-28;1314;21141;4;119.36
2023-09-28;1314;35416;3;44.76
2023-09-28;1314;48812;1;9.01
2023-09-28;1314;48813;2;14.16
2023-09-28;1314;15590;3;121.35
2023-09-28;841;20635;2;46.74
2023-09-28;841;58701;1;42.86
2023-09-28;841;31330;1;51.5
2023-09-28;841;15590;1;31.08
2023-09-28;841;62782;3;21.03
2023-09-28;841;48812;1;5.98
2023-09-28;841;42076;1;8.56
2023-09-28;841;35416;1;10.74
2023-09-28;841;55917;1;9.01
2023-09-28;841;15589;5;120.6
2023-09-28;841;21141;3;67.2
2023-09-28;841;48813;3;14.97
2023-09-28;841;51957;3;17.13
2023-09-28;841;35772;3;35.79
2023-09-28;841;1439;2;30.2
2023-09-28;841;18064;12;27
2023-09-28;841;9607;4;32
2023-09-28;841;36857;4;6.84
2024-01-09;1314;57912;1;12.61
2024-01-09;1314;57814;2;307.24
2024-01-09;1314;18064;101;392.89
2024-01-09;1314;9607;13;174.07
2024-01-09;1314;1439;4;74.04
2024-01-09;1314;36857;1;3.53
2024-01-09;1314;5345;13;109.07
2024-01-09;1314;58701;1;51.67
2024-01-09;1314;20635;6;180
2024-01-09;1314;31330;5;329.05
2024-01-09;1314;13315;1;38.69
2024-01-09;1314;44217;3;106.59
2024-01-09;1314;48813;3;23.49
2024-01-09;1314;51957;0;0
2024-01-09;1314;21141;5;150.5
2024-01-09;1314;15589;9;265.32
2024-01-09;1314;35416;3;44.67
2024-01-09;1314;48812;4;39.64
2024-01-09;1314;15590;3;121.35
2024-10-18;841;57912;0;0
2024-10-18;841;57817;2;131.42
2024-10-18;841;57814;7;766.5
2024-10-18;841;57816;2;87.6
2024-10-18;841;15590;2;65.38
2024-10-18;841;35772;2;25.04
2024-10-18;841;42076;4;32.56
2024-10-18;841;51957;1;7.71
2024-10-18;841;62782;1;7.55
2024-10-18;841;55917;2;18.26
2024-10-18;841;35416;1;11.13
2024-10-18;841;48812;1;7.61
2024-10-18;841;21141;5;129.65
2024-10-18;841;15589;2;51.58
2024-10-18;841;48813;2;14.84
2024-10-18;841;76834;1;3.34
2024-10-18;841;36857;3;7.41
2024-10-18;841;18064;45;115.2
2024-10-18;841;9607;10;90.1
2024-10-18;841;5345;6;33.72
2024-10-18;841;1439;1;15.49
2024-10-18;841;58701;3;136.17
2024-10-18;841;31330;2;102.12
2024-10-18;841;20635;2;49.48
2023-09-08;1314;57912;0;0
2023-09-08;1314;62782;1;13.61
2023-09-08;1314;51957;2;24.6
2023-09-08;1314;48813;2;11.98
2023-09-08;1314;15589;11;324.61
2023-09-08;1314;21141;3;75.96
2023-09-08;1314;35416;1;14.96
2023-09-08;1314;48812;2;17.54
2023-09-08;1314;15590;3;121.35
2023-09-08;1314;18064;210;814.8
2023-09-08;1314;9607;11;144.98
2023-09-08;1314;1439;3;55.47
2023-09-08;1314;36857;11;34.21
2023-09-08;1314;5345;9;74.61
2024-01-20;841;57912;1;8.32
2024-01-20;841;57814;3;356.28
2024-01-20;841;48813;3;14.97
2024-01-20;841;62782;3;21.03
2024-01-20;841;42076;5;40.7
2024-01-20;841;48812;1;5.98
2024-01-20;841;55917;1;9.01
2024-01-20;841;51957;2;11.42
2024-01-20;841;15590;2;64.1
2024-01-20;841;35416;1;10.74
2024-01-20;841;15589;4;96.24
2024-01-20;841;21141;3;71.85
2024-01-20;841;35772;2;23.86
2024-01-20;841;1439;1;14.9
2024-01-20;841;18064;18;40.5
2024-01-20;841;9607;5;41.35
2024-01-20;841;5345;1;5.21
2024-01-20;841;36857;3;6.06
2024-01-20;841;31330;1;51.5
2024-01-20;841;58701;1;42.86
2024-01-20;841;20635;1;23.33
2024-11-12;841;57912;1;8.79
2024-11-12;841;57817;2;131.42
2024-11-12;841;57814;8;876
2024-11-12;841;57816;2;87.6
2024-11-12;841;15590;1;32.69
2024-11-12;841;35772;2;25.04
2024-11-12;841;42076;3;24.42
2024-11-12;841;51957;1;7.71
2024-11-12;841;62782;0;0
2024-11-12;841;48812;1;7.61
2024-11-12;841;55917;2;18.26
2024-11-12;841;35416;1;11.13
2024-11-12;841;21141;3;77.79
2024-11-12;841;15589;4;104
2024-11-12;841;48813;2;14.84
2024-11-12;841;76834;1;3.34
2024-11-12;841;36857;2;4.94
2024-11-12;841;18064;29;74.24
2024-11-12;841;9607;8;71.84
2024-11-12;841;5345;6;33.72
2024-11-12;841;1439;4;61.96
2024-11-12;841;58701;2;90.78
2024-11-12;841;31330;2;102.12
2024-11-12;841;20635;2;49.48
2024-12-24;841;57912;1;8.79
2024-12-24;841;57817;2;131.42
2024-12-24;841;57814;3;328.5
2024-12-24;841;57816;2;87.6
2024-12-24;841;51957;1;7.71
2024-12-24;841;55917;2;18.26
2024-12-24;841;62782;1;7.84
2024-12-24;841;35416;0;0
2024-12-24;841;15590;1;32.69
2024-12-24;841;35772;2;25.28
2024-12-24;841;42076;3;24.42
2024-12-24;841;48812;1;7.49
2024-12-24;841;21141;5;129.65
2024-12-24;841;15589;4;104.08
2024-12-24;841;48813;2;14.92
2024-12-24;841;76834;1;3.34
2024-12-24;841;1439;4;61.96
2024-12-24;841;18064;42;107.94
2024-12-24;841;9607;8;71.76
2024-12-24;841;5345;5;28.1
2024-12-24;841;36857;3;7.8
2024-12-24;841;31330;2;102.12
2024-12-24;841;58701;2;90.78
2024-12-24;841;20635;2;47
2024-11-12;1314;62364;1;34.49
2024-11-12;1314;57912;2;26.58
2024-11-12;1314;57814;2;301.66
2024-11-12;1314;57816;2;120.66
2024-11-12;1314;57817;2;182.68
2024-11-12;1314;51957;1;14.95
2024-11-12;1314;15589;10;317.6
2024-11-12;1314;21141;16;508.64
2024-11-12;1314;35772;1;16.95
2024-11-12;1314;35416;5;76.85
2024-11-12;1314;48812;4;35.92
2024-11-12;1314;48813;7;62.86
2024-11-12;1314;15590;2;83.96
2024-11-12;1314;76834;1;5.22
2024-11-12;1314;1439;7;132.93
2024-11-12;1314;18064;86;368.08
2024-11-12;1314;9607;13;186.55
2024-11-12;1314;36857;11;43.45
2024-11-12;1314;5345;10;89.9
2024-11-12;1314;58701;1;58.35
2024-11-12;1314;20635;7;209.23
2024-11-12;1314;31330;5;327.2
2024-11-12;1314;44217;3;129.09
2024-11-12;1314;13315;2;93.12
2024-11-04;841;57912;1;8.79
2024-11-04;841;57817;2;131.42
2024-11-04;841;57814;7;766.5
2024-11-04;841;57816;2;87.6
2024-11-04;841;15590;1;32.69
2024-11-04;841;35772;2;25.04
2024-11-04;841;42076;4;32.56
2024-11-04;841;51957;1;7.71
2024-11-04;841;62782;1;7.55
2024-11-04;841;48812;1;7.61
2024-11-04;841;55917;2;18.26
2024-11-04;841;35416;1;11.13
2024-11-04;841;21141;3;77.79
2024-11-04;841;15589;3;77.91
2024-11-04;841;48813;2;14.84
2024-11-04;841;76834;1;3.34
2024-11-04;841;36857;3;7.41
2024-11-04;841;18064;36;92.16
2024-11-04;841;9607;9;80.91
2024-11-04;841;5345;6;33.72
2024-11-04;841;1439;3;46.47
2024-11-04;841;58701;3;136.17
2024-11-04;841;31330;2;102.12
2024-11-04;841;20635;2;49.48
2024-11-04;1314;62364;1;34.49
2024-11-04;1314;57912;2;26.58
2024-11-04;1314;57814;2;301.66
2024-11-04;1314;57816;2;120.66
2024-11-04;1314;57817;2;182.68
2024-11-04;1314;51957;1;14.95
2024-11-04;1314;15589;8;253.68
2024-11-04;1314;21141;10;317.9
2024-11-04;1314;35772;3;50.94
2024-11-04;1314;35416;5;76.85
2024-11-04;1314;48812;5;44.9
2024-11-04;1314;48813;7;62.86
2024-11-04;1314;15590;2;83.96
2024-11-04;1314;76834;1;5.22
2024-11-04;1314;1439;7;132.93
2024-11-04;1314;18064;51;218.28
2024-11-04;1314;9607;9;129.33
2024-11-04;1314;36857;9;35.55
2024-11-04;1314;5345;10;89.9
2024-11-04;1314;58701;1;58.35
2024-11-04;1314;20635;7;211.4
2024-11-04;1314;31330;1;67.71
2024-11-04;1314;44217;3;129.09
2024-11-04;1314;13315;3;139.74
2024-02-22;1314;58701;1;53.37
2024-02-22;1314;31330;5;339.05
2024-02-22;1314;44217;3;125.34
2024-02-22;1314;20635;5;154.45
2024-02-22;1314;13315;1;46.59
2024-03-14;1314;57912;2;26.16
2024-03-14;1314;57816;2;126.64
2024-03-14;1314;57814;2;316.64
2024-03-14;841;57912;1;8.79
2024-03-14;841;57816;3;142.5
2024-03-14;841;57814;2;237.52
2024-03-14;841;48813;3;14.97
2024-03-14;841;42076;5;40.7
2024-03-14;841;51957;2;11.78
2024-03-14;841;55917;1;9.01
2024-03-14;841;62782;0;0
2024-03-14;841;35772;3;35.79
2024-03-14;841;35416;1;10.74
2024-03-14;841;48812;1;8.4
2024-03-14;841;15589;3;72.09
2024-03-14;841;21141;3;74.31
2024-03-14;841;15590;1;32.05
2024-12-30;841;57912;1;8.79
2024-12-30;841;57817;2;131.42
2024-12-30;841;57814;0;0
2024-12-30;841;57816;0;0
2024-12-30;841;51957;1;7.71
2024-12-30;841;55917;2;18.26
2024-12-30;841;62782;0;0
2024-12-30;841;15590;1;32.69
2024-12-30;841;35772;2;25.28
2024-12-30;841;35416;1;11.26
2024-12-30;841;42076;3;24.42
2024-12-30;841;48812;1;7.49
2024-12-30;841;21141;4;103.72
2024-12-30;841;15589;4;104.08
2024-12-30;841;48813;2;14.92
2024-12-30;841;76834;1;3.34
2024-12-30;841;1439;3;46.47
2024-12-30;841;18064;37;95.09
2024-12-30;841;9607;9;80.73
2024-12-30;841;5345;5;28.1
2024-12-30;841;36857;3;7.8
2024-12-30;841;31330;2;102.12
2024-12-30;841;58701;2;90.78
2024-12-30;841;20635;2;47
2024-03-19;1314;62364;1;32.58
2024-10-29;841;57912;1;8.79
2024-10-29;841;57817;2;131.42
2024-10-29;841;57814;7;766.5
2024-10-29;841;57816;2;87.6
2024-10-29;841;15590;1;32.69
2024-10-29;841;35772;2;25.04
2024-10-29;841;42076;4;32.56
2024-10-29;841;51957;1;7.71
2024-10-29;841;62782;1;7.55
2024-10-29;841;55917;2;18.26
2024-10-29;841;35416;1;11.13
2024-10-29;841;48812;1;7.61
2024-10-29;841;21141;3;77.79
2024-10-29;841;15589;3;77.79
2024-10-29;841;48813;2;14.84
2024-10-29;841;76834;1;3.34
2024-10-29;841;36857;3;7.41
2024-10-29;841;18064;41;104.96
2024-10-29;841;9607;9;81
2024-10-29;841;5345;5;28.1
2024-10-29;841;1439;3;46.47
2024-10-29;841;58701;3;136.17
2024-10-29;841;31330;2;102.12
2024-10-29;841;20635;2;49.48
2024-01-13;1314;62364;1;32.58
2024-10-28;1314;62364;1;34.49
2024-10-28;1314;57912;2;26.58
2024-10-28;1314;57814;2;301.66
2024-10-28;1314;57816;2;120.66
2024-10-28;1314;57817;2;182.68
2024-10-28;1314;51957;1;14.95
2024-10-28;1314;21141;10;317.9
2024-10-28;1314;15589;10;317.1
2024-10-28;1314;35416;5;76.85
2024-10-28;1314;35772;4;67.92
2024-10-28;1314;48813;7;62.86
2024-10-28;1314;48812;5;44.9
2024-10-28;1314;15590;2;83.96
2024-10-28;1314;76834;1;5.22
2024-10-28;1314;1439;7;132.93
2024-10-28;1314;18064;69;295.32
2024-10-28;1314;9607;12;172.44
2024-10-28;1314;36857;12;47.4
2024-10-28;1314;5345;10;89.9
2024-10-28;1314;58701;1;58.35
2024-10-28;1314;20635;7;212.03
2024-10-28;1314;31330;3;203.13
2024-10-28;1314;13315;3;139.74
2024-10-28;1314;44217;4;172.12
2024-12-06;1314;57912;2;26.58
2024-12-06;1314;62364;1;34.49
2024-12-06;1314;57814;2;301.66
2024-12-06;1314;57816;2;120.66
2024-12-06;1314;57817;2;182.68
2024-12-06;1314;15590;2;83.96
2024-12-06;1314;51957;1;14.95
2024-12-06;1314;15589;8;254.64
2024-12-06;1314;21141;12;381.48
2024-12-06;1314;35772;4;67.36
2024-12-06;1314;48812;5;44.9
2024-12-06;1314;48813;5;44.9
2024-12-06;1314;35416;5;76.85
2024-12-06;1314;76834;1;5.22
2024-12-06;1314;1439;7;132.93
2024-12-06;1314;18064;70;299.6
2024-12-06;1314;9607;8;114.8
2024-12-06;1314;36857;11;43.45
2024-12-06;1314;5345;9;80.91
2024-12-06;1314;58701;2;116.7
2024-12-06;1314;20635;9;267.21
2024-12-06;1314;31330;3;195.9
2024-12-06;1314;13315;5;232.75
2024-12-06;1314;44217;3;129.09
2023-09-01;1314;1439;3;55.47
2023-09-01;1314;36857;12;37.32
2023-09-01;1314;5345;11;91.19
2023-09-01;1314;58701;2;103.34
2023-09-01;1314;20635;12;361.08
2023-09-01;1314;31330;5;330.1
2023-09-01;1314;13315;3;134.28
2023-09-01;1314;44217;1;41.77
2023-09-01;1314;62782;1;13.61
2023-09-01;1314;51957;2;24.6
2023-09-01;1314;48813;2;11.98
2023-09-01;1314;15589;14;413.14
2023-09-01;1314;21141;1;25.32
2023-09-01;1314;35416;4;59.84
2023-09-01;1314;48812;3;26.31
2023-09-01;1314;15590;3;121.35
2023-09-01;1314;18064;208;807.04
2023-09-01;1314;9607;9;118.62
2024-01-10;1314;57912;1;12.61
2024-01-10;1314;57814;2;307.24
2024-10-09;841;57912;1;8.79
2024-10-09;841;57817;2;131.42
2024-10-09;841;57814;7;766.5
2024-10-09;841;57816;3;131.4
2024-10-09;841;15590;2;65.38
2024-10-09;841;51957;1;7.71
2024-10-09;841;62782;1;7.55
2024-10-09;841;35772;2;25.04
2024-10-09;841;42076;4;32.56
2024-10-09;841;55917;2;18.26
2024-10-09;841;35416;1;11.13
2024-10-09;841;48812;1;7.61
2024-10-09;841;21141;5;129.65
2024-10-09;841;15589;4;103.16
2024-10-09;841;48813;1;7.34
2024-10-09;841;76834;1;3.34
2024-10-09;841;36857;3;7.41
2024-10-09;841;1439;2;30.96
2024-10-09;841;18064;33;84.48
2024-10-09;841;9607;10;90.1
2024-10-09;841;5345;6;33.72
2024-10-09;841;58701;3;136.17
2024-10-09;841;31330;2;102.12
2024-10-09;841;20635;2;49.48
2024-10-09;1314;62364;1;34.49
2024-10-09;1314;57912;2;26.58
2024-10-09;1314;57814;2;301.66
2024-10-09;1314;57816;2;120.66
2024-10-09;1314;57817;2;182.68
2024-10-09;1314;51957;1;14.66
2024-10-09;1314;21141;4;127.16
2024-10-09;1314;15589;11;348.59
2024-10-09;1314;35416;5;76.7
2024-10-09;1314;35772;4;67.92
2024-10-09;1314;48813;5;44.9
2024-10-09;1314;48812;3;26.94
2024-10-09;1314;15590;2;83.96
2024-10-09;1314;76834;1;5.22
2024-10-09;1314;1439;4;75.88
2024-10-09;1314;18064;28;119.84
2024-10-09;1314;9607;15;215.85
2024-10-09;1314;36857;12;47.16
2024-10-09;1314;5345;9;80.91
2024-10-09;1314;58701;2;116.7
2024-10-09;1314;20635;10;310.2
2024-10-09;1314;31330;2;135.42
2024-10-09;1314;44217;2;85.98
2024-10-09;1314;13315;2;93.38
2024-02-17;841;57912;1;8.79
2024-02-17;841;57816;3;142.5
2024-02-17;841;57814;3;356.28
2024-02-17;841;48813;3;14.97
2024-02-17;841;42076;5;40.7
2024-02-17;841;55917;1;9.01
2024-02-17;841;62782;1;7.01
2024-02-17;841;15590;2;64.1
2024-02-17;841;35416;1;10.74
2024-02-17;841;51957;2;11.78
2024-02-17;841;48812;1;8.4
2024-02-17;841;15589;3;72.12
2024-02-17;841;21141;1;24.76
2024-02-17;841;35772;2;23.86
2024-02-17;841;36857;3;7.02
2024-02-17;841;1439;1;14.9
2024-02-17;841;18064;33;74.25
2024-02-17;841;9607;5;41.45
2024-02-17;841;5345;4;20.84
2024-02-17;841;31330;1;50.71
2024-02-17;841;58701;1;42.86
2024-02-17;841;20635;1;23.33
2024-02-17;1314;31330;5;339.05
2024-02-17;1314;44217;3;125.34
2024-02-17;1314;20635;5;154.45
2024-02-17;1314;13315;0;0
2024-11-02;841;57912;1;8.79
2024-11-02;841;57817;2;131.42
2024-11-02;841;57814;6;657
2024-11-02;841;57816;2;87.6
2024-11-02;841;15590;1;32.69
2024-11-02;841;35772;2;25.04
2024-11-02;841;42076;4;32.56
2024-11-02;841;51957;1;7.71
2024-11-02;841;62782;1;7.55
2024-11-02;841;48812;1;7.61
2024-11-02;841;55917;2;18.26
2024-11-02;841;35416;1;11.13
2024-11-02;841;21141;4;103.72
2024-11-02;841;15589;4;103.88
2024-11-02;841;48813;2;14.84
2024-11-02;841;76834;1;3.34
2024-11-02;841;36857;3;7.41
2024-11-02;841;18064;40;102.4
2024-11-02;841;9607;9;80.91
2024-11-02;841;5345;6;33.72
2024-11-02;841;1439;3;46.47
2024-11-02;841;58701;3;136.17
2024-11-02;841;31330;2;102.12
2024-11-02;841;20635;2;49.48
2024-10-11;1314;62364;1;34.49
2024-10-11;1314;57912;2;26.58
2024-10-11;1314;57814;2;301.66
2024-10-11;1314;57816;2;120.66
2024-10-11;1314;57817;2;182.68
2024-10-11;1314;51957;1;14.66
2024-10-11;1314;21141;10;317.9
2024-10-11;1314;15589;11;348.59
2024-10-11;1314;35416;5;76.7
2024-10-11;1314;35772;4;67.92
2024-10-11;1314;48813;9;80.82
2024-10-11;1314;48812;5;44.9
2024-10-11;1314;15590;2;83.96
2024-10-11;1314;76834;1;5.22
2024-10-11;1314;1439;1;18.97
2024-10-11;1314;18064;26;111.28
2024-10-11;1314;9607;17;244.63
2024-10-11;1314;36857;12;47.16
2024-10-11;1314;5345;11;98.89
2024-10-11;1314;58701;2;116.7
2024-10-11;1314;20635;9;279.18
2024-10-11;1314;31330;3;203.13
2024-10-11;1314;44217;3;128.97
2024-10-11;1314;13315;1;46.69
2023-09-08;841;1439;2;30.2
2023-09-08;841;18064;25;56.25
2023-09-08;841;9607;4;32
2023-09-08;841;36857;4;6.84
2023-09-08;841;31330;1;51.5
2023-09-08;841;20635;2;46.74
2023-09-08;841;58701;1;42.86
2024-01-10;841;1439;1;14.9
2024-01-10;841;18064;28;63
2024-01-10;841;9607;3;24.57
2024-01-10;841;5345;1;5.21
2024-01-10;841;36857;3;6.06
2024-01-10;841;20635;1;23.33
2024-01-10;841;31330;1;51.5
2024-01-10;841;58701;1;42.86
2024-01-19;1314;18064;141;548.49
2024-01-19;1314;9607;12;161.04
2024-01-19;1314;1439;3;55.53
2024-01-19;1314;36857;4;14.12
2024-01-19;1314;5345;10;83.9
2024-01-19;1314;58701;1;51.67
2024-01-19;1314;20635;3;90
2024-01-19;1314;31330;5;329.05
2024-01-19;1314;13315;1;38.69
2024-01-19;1314;44217;3;106.59
2024-12-23;1314;57912;2;26.58
2024-12-23;1314;62364;1;34.49
2024-12-23;1314;57814;2;301.66
2024-12-23;1314;57816;2;120.66
2024-12-23;1314;57817;2;182.68
2024-12-23;1314;15590;2;83.96
2024-12-23;1314;51957;1;14.95
2024-12-23;1314;15589;5;159.25
2024-12-23;1314;21141;9;286.11
2024-12-23;1314;35772;4;67.36
2024-12-23;1314;48812;4;35.92
2024-12-23;1314;48813;5;44.9
2024-12-23;1314;35416;3;46.11
2024-12-23;1314;76834;1;5.22
2024-12-23;1314;1439;6;113.94
2024-12-23;1314;18064;103;440.84
2024-12-23;1314;9607;8;114.72
2024-12-23;1314;36857;7;27.65
2024-12-23;1314;5345;7;62.86
2024-12-23;1314;58701;1;58.35
2024-12-23;1314;20635;10;296.7
2024-12-23;1314;31330;6;391.32
2024-12-23;1314;13315;4;186.2
2024-12-23;1314;44217;3;129.09
2024-10-31;841;57912;1;8.79
2024-10-31;841;57817;2;131.42
2024-10-31;841;57814;7;766.5
2024-10-31;841;57816;2;87.6
2024-10-31;841;15590;1;32.69
2024-10-31;841;35772;2;25.04
2024-10-31;841;42076;4;32.56
2024-10-31;841;51957;1;7.71
2024-10-31;841;62782;1;7.55
2024-10-31;841;48812;1;7.61
2024-10-31;841;55917;2;18.26
2024-10-31;841;35416;1;11.13
2024-10-31;841;21141;4;103.72
2024-10-31;841;15589;4;103.88
2024-10-31;841;48813;2;14.84
2024-10-31;841;76834;1;3.34
2024-10-31;841;36857;3;7.41
2024-10-31;841;18064;41;104.96
2024-10-31;841;9607;10;89.9
2024-10-31;841;5345;6;33.72
2024-10-31;841;1439;3;46.47
2024-10-31;841;58701;3;136.17
2024-10-31;841;31330;2;102.12
2024-10-31;841;20635;2;49.48
2024-01-26;1314;57912;2;25.22
2024-01-26;1314;57814;2;307.24
2024-01-26;1314;15590;3;121.35
2024-01-26;1314;48812;4;39.64
2024-01-26;1314;15589;8;235.84
2024-01-26;1314;21141;5;150.5
2024-01-26;1314;35416;5;74.45
2024-01-26;1314;48813;3;23.49
2024-01-26;1314;51957;3;37.11
2024-01-26;1314;18064;267;1038.63
2024-01-26;1314;9607;19;256.31
2024-01-26;1314;1439;1;18.51
2024-01-26;1314;36857;8;28.72
2024-01-26;1314;5345;10;83.9
2024-01-26;1314;58701;1;51.67
2024-01-26;1314;20635;4;119.96
2024-01-26;1314;31330;5;329.05
2024-01-26;1314;13315;3;121.32
2024-01-26;1314;44217;3;106.59
2024-01-10;841;57912;1;8.32
2024-01-10;841;57814;3;356.28
2024-01-10;841;48812;1;5.98
2024-01-10;841;48813;3;14.97
2024-01-10;841;62782;3;21.03
2024-01-10;841;42076;5;40.7
2024-01-10;841;55917;1;9.01
2024-01-10;841;51957;2;11.42
2024-01-10;841;15590;2;64.1
2024-01-10;841;35416;1;10.74
2024-01-10;841;15589;4;96.28
2024-01-10;841;21141;3;71.85
2024-01-10;841;35772;1;11.93
2023-09-22;841;15590;1;31.08
2023-09-22;841;62782;3;21.03
2023-09-22;841;48812;1;5.98
2023-09-22;841;42076;1;8.56
2023-09-22;841;35416;1;10.74
2023-09-22;841;55917;1;9.01
2023-09-22;841;15589;5;120.6
2023-09-22;841;21141;3;67.2
2023-09-22;841;48813;3;14.97
2023-09-22;841;51957;3;17.13
2023-09-22;841;35772;3;35.79
2023-09-22;841;1439;2;30.2
2023-09-22;841;18064;10;22.5
2023-09-22;841;9607;5;40
2023-09-22;841;36857;4;6.84
2023-09-22;841;20635;2;46.74
2023-09-22;841;58701;1;42.86
2023-09-22;841;31330;1;51.5
2024-11-09;841;57912;1;8.79
2024-11-09;841;57817;2;131.42
2024-11-09;841;57814;8;876
2024-11-09;841;57816;2;87.6
2024-11-09;841;15590;1;32.69
2024-11-09;841;35772;2;25.04
2024-11-09;841;42076;3;24.42
2024-11-09;841;51957;1;7.71
2024-11-09;841;62782;1;7.55
2024-11-09;841;48812;1;7.61
2024-11-09;841;55917;2;18.26
2024-11-09;841;35416;1;11.13
2024-11-09;841;21141;4;103.72
2024-11-09;841;15589;4;104
2024-11-09;841;48813;2;14.84
2024-11-09;841;76834;1;3.34
2024-11-09;841;36857;3;7.41
2024-11-09;841;18064;31;79.36
2024-11-09;841;9607;10;89.8
2024-11-09;841;5345;6;33.72
2024-11-09;841;1439;4;61.96
2024-11-09;841;58701;2;90.78
2024-11-09;841;31330;2;102.12
2024-11-09;841;20635;2;49.48
2024-12-14;841;57912;1;8.79
2024-12-14;841;57817;1;65.71
2024-12-14;841;57814;8;876
2024-12-14;841;57816;2;87.6
2024-12-14;841;51957;1;7.71
2024-12-14;841;55917;2;18.26
2024-12-14;841;62782;1;7.84
2024-12-14;841;35416;1;11.13
2024-12-14;841;15590;1;32.69
2024-12-14;841;35772;2;25.28
2024-12-14;841;42076;3;24.42
2024-12-14;841;48812;1;7.49
2024-12-14;841;21141;4;103.72
2024-12-14;841;15589;4;104
2024-12-14;841;48813;2;14.92
2024-12-14;841;76834;1;3.34
2024-12-14;841;1439;4;61.96
2024-12-14;841;18064;60;154.2
2024-12-14;841;9607;9;80.73
2024-12-14;841;5345;5;28.1
2024-12-14;841;36857;3;7.8
2024-12-14;841;31330;2;102.12
2024-12-14;841;58701;2;90.78
2024-12-14;841;20635;2;47
2024-02-21;841;57912;1;8.79
2024-02-21;841;57816;3;142.5
2024-02-21;841;57814;3;356.28
2024-02-21;841;48813;3;14.97
2024-02-21;841;42076;5;40.7
2024-02-21;841;51957;2;11.78
2024-02-21;841;55917;1;9.01
2024-02-21;841;62782;1;7.01
2024-02-21;841;15590;2;64.1
2024-02-21;841;35416;1;10.74
2024-02-21;841;48812;1;8.4
2024-02-21;841;15589;2;48.08
2024-02-21;841;21141;3;74.28
2024-02-21;841;35772;2;23.86
2024-02-21;841;36857;3;7.02
2024-02-21;841;1439;1;14.9
2024-02-21;841;18064;33;74.25
2024-02-21;841;9607;4;33.16
2024-02-21;841;5345;4;20.84
2024-02-03;841;57912;1;8.79
2024-02-03;841;57814;3;356.28
2024-02-03;841;48813;3;14.97
2024-02-03;841;42076;5;40.7
2024-02-03;841;48812;1;8.4
2024-02-03;841;55917;1;9.01
2024-02-03;841;62782;1;7.01
2024-02-03;841;51957;2;11.78
2024-02-03;841;15590;2;64.1
2024-02-03;841;35416;1;10.74
2024-02-03;841;15589;4;96.2
2024-02-03;841;21141;3;74.28
2024-02-03;841;35772;2;23.86
2024-02-03;841;1439;1;14.9
2024-02-03;841;18064;29;65.25
2024-02-03;841;9607;5;41.35
2024-02-03;841;36857;3;7.02
2024-02-03;841;5345;5;26.05
2024-02-03;841;31330;1;51.5
2024-02-03;841;58701;1;42.86
2024-02-03;841;20635;1;23.33
2024-02-27;1314;62364;1;32.58
2024-02-03;1314;57912;2;26.16
2024-02-03;1314;57814;2;316.64
2024-02-03;1314;15590;2;80.9
2024-02-03;1314;48812;4;39.68
2024-02-03;1314;15589;8;235.84
2024-02-03;1314;21141;5;152.85
2024-02-03;1314;35416;5;74.45
2024-02-03;1314;48813;3;23.52
2024-02-03;1314;51957;3;37.68
2024-02-03;1314;18064;255;991.95
2024-02-03;1314;9607;21;283.5
2024-02-03;1314;1439;2;36.64
2024-02-03;1314;36857;7;26.25
2024-02-03;1314;5345;9;75.51
2024-02-03;1314;58701;1;53.37
2024-02-03;1314;31330;5;339.05
2024-02-03;1314;20635;3;92.67
2024-02-03;1314;13315;2;93.18
2024-02-03;1314;44217;3;125.34
2024-01-24;841;57912;1;8.32
2024-01-24;841;57814;3;356.28
2024-01-24;841;48813;3;14.97
2024-01-24;841;62782;1;7.01
2024-01-24;841;42076;5;40.7
2024-01-24;841;48812;1;5.98
2024-01-24;841;55917;1;9.01
2024-01-24;841;51957;2;11.42
2024-01-24;841;15590;2;64.1
2024-01-24;841;35416;1;10.74
2024-01-24;841;15589;4;96.24
2024-01-24;841;21141;3;71.85
2024-01-24;841;35772;2;23.86
2024-01-24;841;1439;1;14.9
2024-01-24;841;18064;26;58.5
2024-01-24;841;9607;5;41.35
2024-01-24;841;5345;1;5.21
2024-01-24;841;36857;3;6.06
2024-01-24;841;31330;1;51.5
2024-01-24;841;58701;1;42.86
2024-01-24;841;20635;1;23.33
2023-09-28;1314;62364;1;32.58
2024-01-08;1314;18064;80;311.2
2024-01-08;1314;9607;14;187.46
2024-01-08;1314;1439;4;74.04
2024-01-08;1314;36857;1;3.53
2024-01-08;1314;5345;13;109.07
2024-01-08;1314;58701;1;51.67
2024-01-08;1314;20635;6;180
2024-01-08;1314;31330;5;329.05
2024-01-08;1314;13315;1;38.69
2024-01-08;1314;44217;3;106.59
2024-01-08;1314;57912;1;12.61
2024-01-08;1314;57814;2;307.24
2024-01-08;1314;48813;3;23.49
2024-01-08;1314;51957;0;0
2024-01-08;1314;21141;5;150.5
2024-01-08;1314;15589;8;235.84
2024-01-08;1314;35416;3;44.67
2024-01-08;1314;48812;4;39.64
2024-01-08;1314;15590;3;121.35
2024-10-04;841;57912;1;8.79
2024-10-04;841;57817;1;65.7
2024-10-04;841;57814;7;766.5
2024-10-04;841;57816;3;131.4
2024-10-04;841;15590;2;65.38
2024-10-04;841;51957;1;7.71
2024-10-04;841;62782;1;7.55
2024-10-04;841;35772;2;25.04
2024-10-04;841;42076;4;32.56
2024-10-04;841;55917;2;18.26
2024-10-04;841;35416;1;11.13
2024-10-04;841;48812;1;7.61
2024-10-04;841;21141;5;129.65
2024-10-04;841;15589;3;77.13
2024-10-04;841;48813;2;14.68
2024-10-04;841;76834;1;3.34
2024-10-04;841;36857;3;7.41
2024-10-04;841;1439;2;30.96
2024-10-04;841;18064;27;69.12
2024-10-04;841;9607;10;90.1
2024-10-04;841;5345;6;33.72
2024-10-04;841;58701;3;136.17
2024-10-04;841;31330;2;102.12
2024-10-04;841;20635;2;49.48
2024-01-16;1314;18064;105;408.45
2024-01-16;1314;9607;10;133.9
2024-01-16;1314;1439;4;74.04
2024-01-16;1314;36857;4;14.12
2024-01-16;1314;5345;10;83.9
2024-01-16;1314;58701;1;51.67
2024-01-16;1314;20635;4;120
2024-01-16;1314;31330;5;329.05
2024-01-16;1314;13315;1;38.69
2024-01-16;1314;44217;3;106.59
2024-01-12;1314;18064;88;342.32
2024-01-12;1314;9607;11;147.29
2024-01-12;1314;1439;4;74.04
2024-01-12;1314;36857;5;17.65
2024-01-12;1314;5345;12;100.68
2024-01-12;1314;58701;1;51.67
2024-01-12;1314;20635;5;150
2024-01-12;1314;31330;5;329.05
2024-01-12;1314;13315;1;38.69
2024-01-12;1314;44217;3;106.59
2024-01-12;1314;57912;1;12.61
2024-01-12;1314;57814;2;307.24
2024-01-12;1314;48813;3;23.49
2024-01-12;1314;51957;0;0
2024-01-12;1314;21141;5;150.5
2024-01-12;1314;15589;9;265.32
2024-01-12;1314;35416;2;29.78
2024-01-12;1314;48812;4;39.64
2024-01-12;1314;15590;3;121.35
2024-01-26;841;57912;1;8.32
2024-01-26;841;57814;3;356.28
2024-01-26;841;48813;3;14.97
2024-01-26;841;62782;1;7.01
2024-01-26;841;42076;5;40.7
2024-01-26;841;48812;1;5.98
2024-01-26;841;55917;1;9.01
2024-01-26;841;51957;2;11.42
2024-01-26;841;15590;2;64.1
2024-01-26;841;35416;1;10.74
2024-01-26;841;15589;4;96.24
2024-01-26;841;21141;1;23.95
2024-01-26;841;35772;2;23.86
2024-01-26;841;1439;1;14.9
2024-01-26;841;18064;34;76.5
2024-01-26;841;9607;5;41.35
2024-01-26;841;5345;1;5.21
2024-01-26;841;36857;3;6.06
2024-01-26;841;31330;1;51.5
2024-01-26;841;58701;1;42.86
2024-01-26;841;20635;1;23.33
2024-11-20;841;57912;1;8.79
2024-11-20;841;57817;2;131.42
2024-11-20;841;57814;8;876
2024-11-20;841;57816;2;87.6
2024-11-20;841;35772;2;25.04
2024-11-20;841;42076;3;24.42
2024-11-20;841;51957;1;7.71
2024-11-20;841;62782;1;7.84
2024-11-20;841;35416;1;11.13
2024-11-20;841;48812;1;7.61
2024-11-20;841;55917;2;18.26
2024-11-20;841;15590;1;32.69
2024-11-20;841;21141;4;103.72
2024-11-20;841;15589;4;104
2024-11-20;841;48813;2;14.84
2024-11-20;841;76834;1;3.34
2024-11-20;841;18064;28;71.68
2024-11-20;841;9607;10;89.7
2024-11-20;841;1439;4;61.96
2024-11-20;841;5345;6;33.72
2024-11-20;841;36857;2;4.94
2024-11-20;841;58701;2;90.78
2024-11-20;841;20635;1;24.74
2024-11-20;841;31330;2;102.12
2024-12-12;1314;57912;2;26.58
2024-12-12;1314;62364;1;34.49
2024-12-12;1314;57814;2;301.66
2024-12-12;1314;57816;2;120.66
2024-12-12;1314;57817;2;182.68
2024-12-12;1314;15590;2;83.96
2024-12-12;1314;51957;1;14.95
2024-12-12;1314;15589;10;318.5
2024-12-12;1314;21141;10;317.9
2024-12-12;1314;35772;4;67.36
2024-12-12;1314;48812;5;44.9
2024-12-12;1314;48813;4;35.92
2024-12-12;1314;35416;5;76.85
2024-12-12;1314;76834;1;5.22
2024-12-12;1314;1439;7;132.93
2024-12-12;1314;18064;84;359.52
2024-12-12;1314;9607;8;114.72
2024-12-12;1314;36857;10;39.5
2024-12-12;1314;5345;6;53.94
2024-12-12;1314;58701;1;58.35
2024-12-12;1314;20635;11;326.37
2024-12-12;1314;31330;5;326.1
2024-12-12;1314;13315;4;186.2
2024-12-12;1314;44217;3;129.09
2024-11-15;841;57912;1;8.79
2024-11-15;841;57817;2;131.42
2024-11-15;841;57814;8;876
2024-11-15;841;57816;2;87.6
2024-11-15;841;35772;2;25.04
2024-11-15;841;42076;3;24.42
2024-11-15;841;51957;1;7.71
2024-11-15;841;62782;0;0
2024-11-15;841;35416;1;11.13
2024-11-15;841;48812;1;7.61
2024-11-15;841;55917;2;18.26
2024-11-15;841;15590;1;32.69
2024-11-15;841;21141;3;77.79
2024-11-15;841;15589;4;104
2024-11-15;841;48813;2;14.84
2024-11-15;841;76834;1;3.34
2024-11-15;841;36857;2;4.94
2024-11-15;841;18064;29;74.24
2024-11-15;841;9607;10;89.7
2024-11-15;841;1439;4;61.96
2024-11-15;841;5345;6;33.72
2024-11-15;841;58701;2;90.78
2024-11-15;841;20635;2;49.48
2024-11-15;841;31330;2;102.12
2024-12-23;841;57912;1;8.79
2024-12-23;841;57817;2;131.42
2024-12-23;841;57814;6;657
2024-12-23;841;57816;2;87.6
2024-12-23;841;51957;1;7.71
2024-12-23;841;55917;2;18.26
2024-12-23;841;62782;1;7.84
2024-12-23;841;35416;0;0
2024-12-23;841;15590;1;32.69
2024-12-23;841;35772;2;25.28
2024-12-23;841;42076;3;24.42
2024-12-23;841;48812;1;7.49
2024-12-23;841;21141;5;129.65
2024-12-23;841;15589;4;104.08
2024-12-23;841;48813;2;14.92
2024-12-23;841;76834;1;3.34
2024-12-23;841;1439;4;61.96
2024-12-23;841;18064;45;115.65
2024-12-23;841;9607;8;71.76
2024-12-23;841;5345;5;28.1
2024-12-23;841;36857;3;7.8
2024-12-23;841;31330;2;102.12
2024-12-23;841;58701;2;90.78
2024-12-23;841;20635;2;47
2024-11-13;1314;62364;1;34.49
2024-11-13;1314;57912;2;26.58
2024-11-13;1314;57814;2;301.66
2024-11-13;1314;57816;2;120.66
2024-11-13;1314;57817;2;182.68
2024-11-13;1314;51957;1;14.95
2024-11-13;1314;15589;10;317.6
2024-11-13;1314;21141;16;508.64
2024-11-13;1314;35772;1;16.95
2024-11-13;1314;35416;5;76.85
2024-11-13;1314;48812;4;35.92
2024-11-13;1314;48813;7;62.86
2024-11-13;1314;15590;2;83.96
2024-11-13;1314;76834;1;5.22
2024-11-13;1314;1439;7;132.93
2024-11-13;1314;18064;72;308.16
2024-11-13;1314;9607;12;172.2
2024-11-13;1314;36857;11;43.45
2024-11-13;1314;5345;9;80.91
2024-11-13;1314;58701;1;58.35
2024-11-13;1314;20635;6;179.34
2024-11-13;1314;31330;5;327.2
2024-11-13;1314;44217;3;129.09
2024-11-13;1314;13315;2;93.12
2024-12-27;1314;57912;2;26.58
2024-12-27;1314;62364;1;34.49
2024-12-27;1314;57814;2;301.66
2024-12-27;1314;57816;2;120.66
2024-12-27;1314;57817;2;182.68
2024-12-27;1314;15590;2;83.96
2024-12-27;1314;51957;1;14.95
2024-12-27;1314;15589;7;223.16
2024-12-27;1314;21141;9;286.11
2024-12-27;1314;35772;4;67.36
2024-12-27;1314;48812;4;35.92
2024-12-27;1314;48813;4;35.92
2024-12-27;1314;35416;3;46.11
2024-12-27;1314;76834;1;5.22
2024-12-27;1314;1439;5;94.95
2024-12-27;1314;18064;70;299.6
2024-12-27;1314;9607;6;86.04
2024-12-27;1314;36857;7;27.65
2024-12-27;1314;5345;7;62.86
2024-12-27;1314;58701;1;58.35
2024-12-27;1314;20635;10;296.6
2024-12-27;1314;31330;6;391.32
2024-12-27;1314;13315;4;186.2
2024-12-27;1314;44217;3;129.09
2024-12-02;841;57912;1;8.79
2024-12-02;841;57817;2;131.42
2024-12-02;841;57814;8;876
2024-12-02;841;57816;2;87.6
2024-12-02;841;35772;2;25.28
2024-12-02;841;51957;1;7.71
2024-12-02;841;55917;2;18.26
2024-12-02;841;62782;1;7.84
2024-12-02;841;35416;1;11.13
2024-12-02;841;48812;1;7.49
2024-12-02;841;15590;1;32.69
2024-12-02;841;42076;3;24.42
2024-12-02;841;21141;4;103.72
2024-12-02;841;15589;4;104
2024-12-02;841;48813;2;14.84
2024-12-02;841;76834;1;3.34
2024-12-02;841;18064;72;185.04
2024-12-02;841;9607;10;89.7
2024-12-02;841;5345;6;33.72
2024-12-02;841;1439;4;61.96
2024-12-02;841;36857;2;5.2
2024-12-02;841;31330;2;102.12
2024-12-02;841;58701;2;90.78
2024-12-02;841;20635;2;47
2024-11-13;841;57912;1;8.79
2024-11-13;841;57817;2;131.42
2024-11-13;841;57814;8;876
2024-11-13;841;57816;2;87.6
2024-11-13;841;15590;1;32.69
2024-11-13;841;35772;2;25.04
2024-11-13;841;42076;3;24.42
2024-11-13;841;51957;1;7.71
2024-11-13;841;62782;0;0
2024-11-13;841;35416;1;11.13
2024-11-13;841;48812;1;7.61
2024-11-13;841;55917;2;18.26
2024-11-13;841;21141;3;77.79
2024-11-13;841;15589;4;104
2024-11-13;841;48813;2;14.84
2024-11-13;841;76834;1;3.34
2024-11-13;841;36857;2;4.94
2024-11-13;841;18064;29;74.24
2024-11-13;841;9607;8;71.84
2024-11-13;841;5345;6;33.72
2024-11-13;841;1439;4;61.96
2024-11-13;841;58701;2;90.78
2024-11-13;841;31330;2;102.12
2024-11-13;841;20635;2;49.48
2024-11-05;1314;58701;1;58.35
2024-11-05;1314;20635;7;210.77
2024-11-05;1314;31330;2;132.58
2024-11-05;1314;44217;3;129.09
2024-11-05;1314;13315;3;139.74
2024-11-05;1314;62364;1;34.49
2024-11-05;1314;57912;2;26.58
2024-11-05;1314;57814;2;301.66
2024-11-05;1314;57816;2;120.66
2024-11-05;1314;57817;2;182.68
2024-11-05;1314;51957;1;14.95
2024-11-05;1314;15589;8;253.68
2024-11-05;1314;21141;9;286.11
2024-11-05;1314;35772;3;50.94
2024-11-05;1314;35416;5;76.85
2024-11-05;1314;48812;5;44.9
2024-11-05;1314;48813;7;62.86
2024-11-05;1314;15590;2;83.96
2024-11-05;1314;76834;1;5.22
2024-11-05;1314;1439;7;132.93
2024-11-05;1314;18064;106;453.68
2024-11-05;1314;9607;8;114.96
2024-11-05;1314;36857;9;35.55
2024-11-05;1314;5345;10;89.9
2024-02-02;841;57912;1;8.79
2024-02-02;841;57814;3;356.28
2024-02-02;841;48813;3;14.97
2024-02-02;841;42076;5;40.7
2024-02-02;841;48812;1;8.4
2024-02-02;841;55917;1;9.01
2024-02-02;841;62782;1;7.01
2024-02-02;841;51957;2;11.78
2024-02-02;841;15590;2;64.1
2024-02-02;841;35416;1;10.74
2024-02-02;841;15589;4;96.2
2024-02-02;841;21141;2;49.52
2024-02-02;841;35772;2;23.86
2024-02-02;841;1439;1;14.9
2024-02-02;841;18064;29;65.25
2024-02-02;841;9607;5;41.35
2024-02-02;841;36857;3;7.02
2024-02-02;841;5345;4;20.84
2024-02-02;841;31330;1;51.5
2024-02-02;841;58701;1;42.86
2024-02-02;841;20635;1;23.33
2024-03-26;1314;57912;2;26.16
2024-03-26;1314;57816;2;126.64
2024-03-26;1314;57814;2;316.64
2024-03-26;1314;15590;1;40.45
2024-03-26;1314;48812;2;19.84
2024-03-26;1314;51957;3;37.68
2024-03-26;1314;15589;7;206.08
2024-03-26;1314;21141;3;91.32
2024-03-26;1314;35416;4;59.56
2024-03-26;1314;48813;2;15.68
2024-03-26;1314;18064;118;462.56
2024-03-26;1314;9607;13;176.54
2024-03-26;1314;1439;3;54.57
2024-03-26;1314;36857;7;26.39
2024-03-26;1314;5345;6;50.76
2024-12-30;1314;57912;2;26.58
2024-12-30;1314;62364;1;34.49
2024-12-30;1314;57814;2;301.66
2024-12-30;1314;57816;2;120.66
2024-12-30;1314;57817;2;182.68
2024-12-30;1314;15590;2;83.96
2024-12-30;1314;51957;1;14.95
2024-12-30;1314;15589;6;191.28
2024-12-30;1314;21141;8;254.32
2024-12-30;1314;35772;4;67.36
2024-12-30;1314;48812;4;35.92
2024-12-30;1314;48813;4;35.92
2024-12-30;1314;35416;2;30.74
2024-12-30;1314;76834;1;5.22
2024-12-30;1314;1439;4;75.96
2024-12-30;1314;18064;40;171.2
2024-12-30;1314;9607;5;71.7
2024-12-30;1314;36857;6;23.7
2024-12-30;1314;5345;7;62.86
2024-12-30;1314;58701;1;58.35
2024-12-30;1314;20635;10;296.6
2024-12-30;1314;31330;6;391.32
2024-12-30;1314;13315;4;186.2
2024-12-30;1314;44217;3;129.09
2024-03-23;841;48812;1;8.4
2024-03-23;841;15589;4;96.12
2024-03-23;841;21141;3;74.31
2024-03-23;841;15590;3;98.07
2024-03-23;841;1439;1;14.9
2024-03-23;841;18064;23;52.21
2024-03-23;841;9607;3;25.32
2024-03-23;841;5345;4;20.88
2024-03-23;841;36857;3;7.11
2024-03-23;841;20635;1;23.33
2024-03-23;841;31330;1;50.71
2024-03-23;841;58701;2;90.5
2024-03-12;1314;62364;1;32.58
2023-09-27;1314;57912;1;12.61
2023-09-27;1314;62782;1;13.61
2023-09-27;1314;51957;1;12.3
2023-09-27;1314;15589;9;265.41
2023-09-27;1314;21141;4;119.36
2023-09-27;1314;35416;3;44.76
2023-09-27;1314;48812;1;9.01
2023-09-27;1314;48813;2;14.16
2023-09-27;1314;15590;3;121.35
2023-09-27;1314;18064;145;562.6
2023-09-27;1314;9607;15;197.85
2023-09-27;1314;1439;3;55.47
2023-09-27;1314;36857;8;24.88
2023-09-27;1314;5345;7;58.17
2023-09-27;1314;58701;1;51.67
2023-09-27;1314;20635;4;120.36
2023-09-27;1314;31330;3;198.06
2023-09-27;1314;13315;3;134.28
2023-09-27;1314;44217;3;125.31
2024-02-28;841;57912;1;8.79
2024-02-28;841;57816;3;142.5
2024-02-28;841;57814;2;237.52
2024-02-28;841;48813;3;14.97
2024-02-28;841;42076;5;40.7
2024-02-28;841;51957;2;11.78
2024-02-28;841;55917;1;9.01
2024-02-28;841;62782;1;7.01
2024-02-28;841;15590;2;64.1
2024-02-28;841;35416;1;10.74
2024-02-28;841;48812;1;8.4
2024-02-28;841;15589;4;96.12
2024-02-28;841;21141;2;49.52
2024-02-28;841;35772;3;35.79
2024-02-28;841;1439;1;14.9
2024-02-01;841;57912;1;8.79
2024-02-01;841;57814;3;356.28
2024-02-01;841;48813;3;14.97
2024-02-01;841;42076;5;40.7
2024-02-01;841;48812;0;0
2024-02-01;841;55917;1;9.01
2024-02-01;841;62782;1;7.01
2024-02-01;841;51957;2;11.78
2024-02-01;841;15590;2;64.1
2024-02-01;841;35416;1;10.74
2024-02-01;841;15589;2;48.12
2024-02-01;841;21141;1;24.76
2024-02-01;841;35772;2;23.86
2024-02-01;841;1439;1;14.9
2024-02-01;841;18064;29;65.25
2024-02-01;841;9607;5;41.35
2024-02-01;841;36857;3;7.02
2024-02-01;841;5345;0;0
2024-02-01;841;31330;1;51.5
2024-02-01;841;58701;1;42.86
2024-02-01;841;20635;1;23.33
2024-02-27;841;31330;1;50.71
2024-02-27;841;58701;1;45.25
2024-02-27;841;20635;1;23.33
2024-02-10;1314;62364;1;32.58
2024-03-30;1314;57912;2;26.16
2024-03-30;1314;57816;2;126.64
2024-03-30;1314;57814;2;316.64
2024-03-30;1314;15590;1;40.45
2024-03-30;1314;48812;1;9.92
2024-03-30;1314;51957;3;37.68
2024-03-30;1314;15589;5;147.2
2024-03-30;1314;21141;1;30.44
2024-03-30;1314;35416;7;104.23
2024-03-30;1314;48813;3;24.15
2024-03-30;1314;18064;102;399.84
2024-03-30;1314;9607;9;122.31
2024-03-14;1314;15590;1;40.45
2024-03-14;1314;48812;4;39.68
2024-03-14;1314;51957;3;37.68
2024-03-14;1314;48813;2;15.68
2024-03-14;1314;15589;7;206.15
2024-03-14;1314;21141;4;121.8
2024-03-14;1314;35416;4;59.56
2024-03-14;1314;18064;86;334.54
2024-03-14;1314;9607;10;135.6
2024-03-14;1314;1439;3;54.72
2024-03-14;1314;36857;6;22.56
2024-03-14;1314;5345;7;59.15
2024-03-14;1314;58701;1;56.35
2024-03-14;1314;31330;4;271.24
2024-03-14;1314;44217;2;83.56
2024-03-14;1314;20635;3;92.67
2024-03-14;1314;13315;3;139.77
2024-03-14;841;1439;1;14.9
2024-03-14;841;18064;21;47.46
2024-03-14;841;9607;3;25.32
2024-03-14;841;5345;4;20.88
2024-03-14;841;36857;3;7.11
2024-03-14;841;31330;1;50.71
2024-03-14;841;58701;2;90.5
2024-03-14;841;20635;1;23.33
2024-02-02;1314;18064;261;1015.29
2024-02-02;1314;9607;21;283.5
2024-02-02;1314;1439;2;36.64
2024-02-02;1314;36857;7;26.25
2024-02-02;1314;5345;9;75.51
2024-02-02;1314;58701;1;53.37
2024-02-02;1314;31330;5;339.05
2024-02-02;1314;20635;4;123.56
2024-02-02;1314;13315;2;93.18
2024-02-02;1314;44217;3;125.34
2024-02-02;1314;57912;2;26.16
2024-02-02;1314;57814;2;316.64
2024-02-02;1314;15590;2;80.9
2024-02-02;1314;48812;4;39.68
2024-02-02;1314;15589;8;235.84
2024-02-02;1314;21141;5;152.85
2024-02-02;1314;35416;5;74.45
2024-02-02;1314;48813;3;23.52
2024-02-02;1314;51957;3;37.68
2024-02-05;841;57912;1;8.79
2024-02-05;841;57814;3;356.28
2024-02-05;841;48813;3;14.97
2024-02-05;841;42076;5;40.7
2024-02-05;841;48812;1;8.4
2024-02-05;841;55917;1;9.01
2024-02-05;841;62782;1;7.01
2024-02-05;841;51957;2;11.78
2024-02-05;841;15590;2;64.1
2024-02-05;841;35416;1;10.74
2024-02-05;841;15589;3;72.15
2024-02-05;841;21141;3;74.28
2024-02-05;841;35772;2;23.86
2024-02-05;841;1439;1;14.9
2024-02-05;841;18064;35;78.75
2024-02-05;841;9607;4;33.08
2024-02-05;841;36857;3;7.02
2024-02-05;841;5345;5;26.05
2024-02-05;841;31330;1;51.5
2024-02-05;841;58701;1;42.86
2024-02-05;841;20635;1;23.33
2024-04-13;841;20635;1;23.33
2024-04-13;841;31330;1;50.71
2024-04-13;841;58701;2;90.5
2024-02-26;1314;62364;1;32.58
2024-03-19;1314;15590;1;40.45
2024-03-19;1314;48812;4;39.68
2024-03-19;1314;51957;3;37.68
2024-03-19;1314;48813;2;15.68
2024-03-19;1314;15589;6;176.7
2024-03-19;1314;21141;5;152.2
2024-03-19;1314;35416;2;29.78
2024-03-19;1314;18064;127;495.3
2024-03-19;1314;9607;13;176.54
2024-03-19;1314;1439;3;54.72
2024-03-19;1314;36857;5;18.85
2024-03-19;1314;5345;5;42.25
2024-03-19;1314;58701;1;56.35
2024-03-19;1314;31330;4;271.24
2024-03-19;1314;44217;2;83.56
2024-03-19;1314;20635;4;123.52
2024-03-19;1314;13315;2;93.18
2024-02-01;1314;62364;1;32.58
2024-05-25;1314;57912;2;26.16
2024-05-25;1314;57814;2;301.66
2024-05-25;1314;57816;2;126.64
2024-05-25;1314;51957;1;12.56
2024-05-25;1314;15590;0;0
2024-05-25;1314;15589;6;185.94
2024-05-25;1314;21141;3;95.13
2024-05-25;1314;35416;1;15.05
2024-05-25;1314;48813;2;17.42
2024-05-25;1314;48812;2;18.02
2024-05-25;1314;18064;83;337.81
2024-05-25;1314;9607;19;263.53
2024-05-25;1314;1439;7;129.78
2024-05-25;1314;36857;5;19.25
2024-05-25;1314;5345;11;94.93
2024-05-25;1314;58701;1;56.56
2024-05-25;1314;20635;3;88.17
2024-05-25;1314;13315;5;235.05
2024-05-25;1314;31330;2;135.62
2024-05-25;1314;44217;2;86.58
2024-12-18;1314;57912;2;26.58
2024-12-18;1314;62364;1;34.49
2024-12-18;1314;57814;2;301.66
2024-12-18;1314;57816;2;120.66
2024-12-18;1314;57817;2;182.68
2024-12-18;1314;15590;2;83.96
2024-12-18;1314;51957;1;14.95
2024-12-18;1314;15589;9;286.65
2024-12-18;1314;21141;12;381.48
2024-12-18;1314;35772;4;67.36
2024-12-18;1314;48812;5;44.9
2024-12-18;1314;48813;3;26.94
2024-12-18;1314;35416;5;76.85
2024-12-18;1314;76834;1;5.22
2024-12-18;1314;1439;6;113.94
2024-12-18;1314;18064;56;239.68
2024-12-18;1314;9607;7;100.38
2024-12-18;1314;36857;7;27.65
2024-12-18;1314;5345;6;53.94
2024-12-18;1314;58701;1;58.35
2024-12-18;1314;20635;11;326.37
2024-12-18;1314;31330;6;391.32
2024-12-18;1314;13315;5;232.75
2024-12-18;1314;44217;3;129.09
2024-12-18;841;42076;3;24.42
2024-12-18;841;48812;1;7.49
2024-12-18;841;21141;4;103.72
2024-12-18;841;15589;3;78
2024-12-18;841;48813;2;14.92
2024-12-18;841;76834;1;3.34
2024-12-18;841;1439;4;61.96
2024-12-18;841;18064;56;143.92
2024-12-18;841;9607;9;80.73
2024-12-18;841;5345;5;28.1
2024-12-18;841;36857;3;7.8
2024-12-18;841;31330;2;102.12
2024-12-18;841;58701;2;90.78
2024-12-18;841;20635;2;47
2024-12-18;841;57912;1;8.79
2024-12-18;841;57817;1;65.71
2024-12-18;841;57814;7;766.5
2024-12-18;841;57816;2;87.6
2024-12-18;841;51957;1;7.71
2024-12-18;841;55917;2;18.26
2024-12-18;841;62782;1;7.84
2024-12-18;841;35416;1;11.13
2024-12-18;841;15590;1;32.69
2024-12-18;841;35772;2;25.28
2024-02-22;841;57912;1;8.79
2024-02-22;841;57816;3;142.5
2024-02-22;841;57814;3;356.28
2024-02-22;841;48813;3;14.97
2024-02-22;841;42076;5;40.7
2024-02-22;841;51957;2;11.78
2024-02-22;841;55917;1;9.01
2024-02-22;841;62782;1;7.01
2024-02-22;841;15590;2;64.1
2024-02-22;841;35416;1;10.74
2024-02-22;841;48812;1;8.4
2024-02-22;841;15589;2;48.08
2024-02-22;841;21141;3;74.28
2024-02-22;841;35772;2;23.86
2024-02-22;841;36857;3;7.02
2024-02-22;841;1439;1;14.9
2024-02-22;841;18064;33;74.25
2024-02-22;841;9607;4;33.16
2024-02-22;841;5345;4;20.84
2024-02-06;1314;62364;1;32.58
2024-02-10;1314;57912;2;26.16
2024-02-10;1314;57814;2;316.64
2024-02-10;1314;15590;2;80.9
2024-02-10;1314;48812;4;39.68
2024-02-10;1314;48813;3;23.52
2024-02-10;1314;15589;7;206.36
2024-02-10;1314;21141;4;122.28
2024-02-10;1314;35416;3;44.67
2024-02-10;1314;51957;3;37.68
2024-02-10;1314;18064;262;1019.18
2024-02-10;1314;9607;17;229.5
2024-02-10;1314;1439;4;73.16
2024-02-10;1314;36857;6;22.5
2024-02-10;1314;5345;8;67.12
2024-02-09;1314;57912;2;26.16
2024-02-09;1314;57814;2;316.64
2024-02-09;1314;15590;2;80.9
2024-02-09;1314;48812;4;39.68
2024-02-09;1314;15589;7;206.36
2024-02-09;1314;21141;4;122.28
2024-02-09;1314;35416;3;44.67
2024-02-09;1314;48813;3;23.52
2024-02-09;1314;51957;3;37.68
2024-02-09;1314;18064;263;1023.07
2024-02-09;1314;9607;17;229.5
2024-02-09;1314;1439;4;73.16
2024-02-09;1314;36857;6;22.5
2024-02-09;1314;5345;8;67.12
2024-02-09;1314;58701;1;53.37
2024-02-09;1314;31330;5;339.05
2024-03-27;841;57814;2;237.52
2024-03-27;841;48813;3;14.97
2024-03-27;841;42076;5;40.7
2024-03-27;841;51957;2;11.78
2024-03-27;841;55917;1;9.01
2024-03-27;841;62782;1;7.55
2024-03-27;841;35772;3;35.79
2024-03-27;841;35416;1;10.74
2024-03-27;841;48812;1;8.4
2024-03-27;841;15589;2;48.06
2024-03-27;841;21141;2;49.54
2024-03-27;841;15590;3;98.07
2024-03-27;841;1439;1;14.9
2024-03-27;841;18064;22;49.94
2024-03-27;841;9607;3;25.32
2024-03-27;841;5345;4;20.88
2024-03-27;841;36857;3;7.11
2024-03-27;841;20635;1;23.33
2024-03-27;841;31330;1;50.71
2024-03-27;841;58701;2;90.5
2024-02-05;1314;62364;1;32.58
2024-02-16;841;57816;3;142.5
2024-02-16;841;57814;3;356.28
2024-02-16;841;48813;3;14.97
2024-02-16;841;42076;5;40.7
2024-02-16;841;55917;1;9.01
2024-02-16;841;62782;1;7.01
2024-02-16;841;15590;2;64.1
2024-02-16;841;35416;0;0
2024-02-16;841;51957;2;11.78
2024-02-16;841;48812;1;8.4
2024-02-16;841;15589;3;72.12
2024-02-16;841;21141;0;0
2024-02-16;841;35772;2;23.86
2024-02-16;841;36857;3;7.02
2024-02-16;841;1439;1;14.9
2024-02-16;841;18064;23;51.75
2024-02-16;841;9607;5;41.45
2024-02-16;841;5345;4;20.84
2024-02-16;841;31330;0;0
2024-02-16;841;58701;1;42.86
2024-02-16;841;20635;1;23.33
2024-02-26;1314;1439;3;54.78
2024-02-26;1314;36857;6;22.5
2024-02-26;1314;5345;4;33.56
2024-02-26;1314;58701;1;53.37
2024-02-26;1314;31330;5;339.05
2024-02-26;1314;44217;2;83.56
2024-02-26;1314;20635;6;185.34
2024-02-26;1314;13315;3;139.77
2024-03-06;1314;62364;1;32.58
2024-04-11;841;5345;4;20.92
2024-04-11;841;20635;1;23.33
2024-04-11;841;31330;1;50.71
2024-04-11;841;58701;2;90.5
2024-04-11;1314;18064;119;474.81
2024-04-11;1314;9607;12;165.36
2024-04-11;1314;1439;5;90.85
2024-04-11;1314;36857;7;26.67
2024-04-11;1314;5345;7;59.36
2024-04-11;1314;44217;1;41.78
2024-04-11;1314;58701;1;56.35
2024-04-11;1314;20635;7;216.16
2024-04-11;1314;13315;4;187.84
2024-04-11;1314;31330;3;203.43
2024-02-23;1314;1439;2;36.58
2024-02-23;1314;36857;7;26.25
2024-02-23;1314;5345;4;33.56
2024-02-23;1314;58701;1;53.37
2024-02-23;1314;31330;5;339.05
2024-02-23;1314;44217;2;83.56
2024-02-23;1314;20635;4;123.56
2024-02-23;1314;13315;1;46.59
2024-02-23;841;57912;1;8.79
2024-02-23;841;57816;3;142.5
2024-02-23;841;57814;3;356.28
2024-02-23;841;48813;3;14.97
2024-02-23;841;42076;5;40.7
2024-02-23;841;51957;2;11.78
2024-02-23;841;55917;1;9.01
2024-02-23;841;62782;1;7.01
2024-02-23;841;15590;2;64.1
2024-02-23;841;35416;1;10.74
2024-02-23;841;48812;1;8.4
2024-02-23;841;15589;2;48.08
2024-02-23;841;21141;3;74.28
2024-02-23;841;35772;2;23.86
2024-02-23;841;36857;3;7.02
2024-02-23;841;1439;1;14.9
2024-02-23;841;18064;32;72
2024-02-23;841;9607;4;33.16
2024-02-23;841;5345;4;20.84
2024-04-30;841;57912;4;35.16
2024-04-30;841;57814;0;0
2024-04-30;841;57816;2;83.82
2024-04-30;841;42076;5;40.7
2024-04-30;841;48813;3;14.97
2024-04-30;841;51957;1;5.89
2024-04-30;841;55917;1;9.01
2024-04-30;841;35772;3;35.79
2024-04-30;841;35416;1;10.74
2024-04-30;841;15590;3;98.07
2024-04-30;841;48812;1;7.76
2024-04-30;841;62782;1;7.55
2024-04-30;841;15589;3;72.06
2024-04-30;841;21141;5;123.7
2024-04-30;841;1439;0;0
2024-04-30;841;36857;3;7.23
2024-04-30;841;18064;0;0
2024-04-30;841;9607;2;16.88
2024-04-30;841;5345;3;15.69
2024-04-30;841;31330;1;50.71
2024-04-30;841;20635;0;0
2024-04-30;841;58701;2;90.5
2024-11-29;1314;57912;2;26.58
2024-11-29;1314;62364;1;34.49
2024-11-29;1314;57814;2;301.66
2024-11-29;1314;57816;2;120.66
2024-11-29;1314;57817;2;182.68
2024-11-29;1314;15590;2;83.96
2024-11-29;1314;51957;1;14.95
2024-11-29;1314;15589;9;286.38
2024-11-29;1314;21141;11;349.69
2024-11-29;1314;35772;4;67.36
2024-11-29;1314;48812;3;26.94
2024-11-29;1314;48813;6;53.88
2024-11-29;1314;35416;6;92.22
2024-11-29;1314;76834;1;5.22
2024-11-29;1314;1439;7;132.93
2024-11-29;1314;18064;102;436.56
2024-11-29;1314;9607;9;129.15
2024-11-29;1314;36857;10;39.5
2024-11-29;1314;5345;9;80.91
2024-11-29;1314;58701;2;116.7
2024-11-29;1314;20635;9;267.39
2024-11-29;1314;31330;3;196.32
2024-11-29;1314;13315;3;139.65
2024-11-29;1314;44217;3;129.09
2024-12-03;1314;57912;2;26.58
2024-12-03;1314;62364;1;34.49
2024-12-03;1314;57814;2;301.66
2024-12-03;1314;57816;2;120.66
2024-12-03;1314;57817;2;182.68
2024-12-03;1314;15590;2;83.96
2024-12-03;1314;51957;1;14.95
2024-12-03;1314;15589;10;318.3
2024-12-03;1314;21141;9;286.11
2024-12-03;1314;35772;4;67.36
2024-12-03;1314;48812;3;26.94
2024-12-03;1314;48813;6;53.88
2024-12-03;1314;35416;6;92.22
2024-12-03;1314;76834;1;5.22
2024-12-03;1314;1439;7;132.93
2024-12-03;1314;18064;96;410.88
2024-12-03;1314;9607;11;157.85
2024-12-03;1314;36857;11;43.45
2024-12-03;1314;5345;9;80.91
2024-12-03;1314;58701;2;116.7
2024-12-03;1314;20635;10;296.9
2024-12-03;1314;31330;4;261.2
2024-12-03;1314;13315;4;186.2
2024-12-03;1314;44217;3;129.09
2024-02-14;841;57912;1;8.79
2024-02-14;841;57814;3;356.28
2024-02-14;841;48813;3;14.97
2024-02-14;841;42076;5;40.7
2024-02-14;841;55917;1;9.01
2024-02-14;841;62782;1;7.01
2024-02-14;841;15590;2;64.1
2024-02-14;841;35416;0;0
2024-02-14;841;51957;2;11.78
2024-02-14;841;48812;1;8.4
2024-02-14;841;15589;3;72.12
2024-02-14;841;21141;1;24.76
2024-02-14;841;35772;2;23.86
2024-02-14;841;36857;3;7.02
2024-02-14;841;1439;1;14.9
2024-02-14;841;18064;26;58.5
2024-02-14;841;9607;5;41.45
2024-02-14;841;5345;4;20.84
2024-02-14;1314;58701;1;53.37
2024-02-14;1314;31330;5;339.05
2024-02-14;1314;44217;3;125.34
2024-02-14;1314;20635;7;216.23
2024-02-14;1314;13315;0;0
2024-02-20;1314;57912;2;26.16
2024-02-20;1314;57816;2;126.64
2024-02-20;1314;57814;2;316.64
2024-02-20;1314;15590;2;80.9
2024-02-20;1314;48812;4;39.68
2024-02-20;1314;48813;3;23.52
2024-02-20;1314;15589;3;88.44
2024-02-20;1314;21141;3;91.62
2024-02-20;1314;35416;7;104.23
2024-02-20;1314;51957;3;37.68
2024-02-20;1314;18064;220;855.8
2024-02-20;1314;9607;16;216.32
2024-02-20;1314;1439;2;36.58
2024-02-20;1314;36857;7;26.25
2024-02-20;1314;5345;6;50.34
2024-02-24;1314;62364;1;32.58
2024-02-27;841;57912;1;8.79
2024-02-27;841;57816;3;142.5
2024-02-27;841;57814;2;237.52
2024-02-27;841;48813;3;14.97
2024-02-27;841;42076;5;40.7
2024-02-27;841;51957;2;11.78
2024-02-27;841;55917;1;9.01
2024-02-27;841;62782;1;7.01
2024-02-27;841;15590;2;64.1
2024-02-27;841;35416;1;10.74
2024-02-27;841;48812;1;8.4
2024-02-27;841;15589;4;96.12
2024-02-27;841;21141;2;49.52
2024-02-27;841;35772;3;35.79
2024-02-27;841;36857;2;4.68
2024-02-27;841;1439;1;14.9
2024-02-27;841;18064;28;63
2024-02-27;841;9607;4;33.16
2024-02-27;841;5345;4;20.84
2024-02-27;1314;18064;236;918.04
2024-02-27;1314;9607;16;216.48
2024-02-27;1314;1439;3;54.78
2024-02-27;1314;36857;5;18.75
2024-02-27;1314;5345;3;25.17
2024-02-27;1314;58701;1;53.37
2024-02-27;1314;31330;5;339.05
2024-02-27;1314;44217;2;83.56
2024-02-27;1314;20635;4;123.56
2024-02-27;1314;13315;3;139.77
2024-03-14;1314;62364;1;32.58
2024-02-22;1314;57912;2;26.16
2024-02-22;1314;57816;2;126.64
2024-02-22;1314;57814;2;316.64
2024-02-22;1314;15590;2;80.9
2024-02-22;1314;48812;4;39.68
2024-02-22;1314;48813;3;23.52
2024-02-22;1314;15589;3;88.44
2024-02-22;1314;21141;3;91.62
2024-02-22;1314;35416;7;104.23
2024-02-22;1314;51957;3;37.68
2024-02-22;1314;18064;216;840.24
2024-02-22;1314;9607;16;216.32
2024-02-22;1314;1439;2;36.58
2024-02-22;1314;36857;7;26.25
2024-02-22;1314;5345;5;41.95
2024-02-13;1314;62364;1;32.58
2024-12-04;841;57912;1;8.79
2024-12-04;841;57817;2;131.42
2024-12-04;841;57814;8;876
2024-12-04;841;57816;2;87.6
2024-12-04;841;35772;2;25.28
2024-12-04;841;51957;1;7.71
2024-12-04;841;55917;2;18.26
2024-12-04;841;62782;1;7.84
2024-12-04;841;35416;1;11.13
2024-12-04;841;48812;1;7.49
2024-12-04;841;15590;1;32.69
2024-12-04;841;42076;3;24.42
2024-12-04;841;21141;4;103.72
2024-12-04;841;15589;4;104
2024-12-04;841;48813;1;7.42
2024-12-04;841;76834;1;3.34
2024-12-04;841;18064;72;185.04
2024-12-04;841;9607;10;89.7
2024-12-04;841;5345;6;33.72
2024-12-04;841;1439;4;61.96
2024-12-04;841;36857;2;5.2
2024-12-04;841;31330;2;102.12
2024-12-04;841;58701;2;90.78
2024-12-04;841;20635;2;47
2024-12-04;1314;76834;1;5.22
2024-12-04;1314;1439;7;132.93
2024-12-04;1314;18064;89;380.92
2024-12-04;1314;9607;8;114.8
2024-12-04;1314;36857;11;43.45
2024-12-04;1314;5345;9;80.91
2024-12-04;1314;58701;2;116.7
2024-12-04;1314;20635;10;296.9
2024-12-04;1314;31330;4;261.2
2024-12-04;1314;13315;4;186.2
2024-12-04;1314;44217;3;129.09
2024-12-04;1314;57912;2;26.58
2024-12-04;1314;62364;1;34.49
2024-12-04;1314;57814;2;301.66
2024-12-04;1314;57816;2;120.66
2024-12-04;1314;57817;2;182.68
2024-12-04;1314;15590;2;83.96
2024-12-04;1314;51957;1;14.95
2024-12-04;1314;15589;10;318.3
2024-12-04;1314;21141;9;286.11
2024-12-04;1314;35772;4;67.36
2024-12-04;1314;48812;3;26.94
2024-12-04;1314;48813;5;44.9
2024-12-04;1314;35416;5;76.85
2024-02-15;841;57912;1;8.79
2024-02-15;841;57816;3;142.5
2024-02-15;841;57814;3;356.28
2024-02-15;841;48813;3;14.97
2024-02-15;841;42076;5;40.7
2024-02-15;841;55917;1;9.01
2024-02-15;841;62782;1;7.01
2024-02-15;841;15590;2;64.1
2024-02-15;841;35416;0;0
2024-02-15;841;51957;2;11.78
2024-02-15;841;48812;1;8.4
2024-02-15;841;15589;3;72.12
2024-02-15;841;21141;0;0
2024-02-15;841;35772;2;23.86
2024-02-15;841;36857;3;7.02
2024-02-15;841;1439;1;14.9
2024-02-15;841;18064;23;51.75
2024-02-15;841;9607;5;41.45
2024-02-15;841;5345;4;20.84
2024-02-15;841;31330;0;0
2024-02-15;841;58701;1;42.86
2024-02-15;841;20635;1;23.33
2024-05-01;1314;57912;2;26.16
2024-05-01;1314;57814;2;316.64
2024-05-01;1314;57816;2;126.64
2024-05-01;1314;15590;1;40.85
2024-05-01;1314;51957;3;37.68
2024-05-01;1314;48812;0;0
2024-05-01;1314;15589;0;0
2024-05-01;1314;21141;2;61.16
2024-05-01;1314;35416;4;59.76
2024-05-01;1314;48813;1;8.47
2024-05-01;1314;18064;94;378.82
2024-05-01;1314;9607;18;249.12
2024-05-01;1314;1439;4;73.6
2024-05-01;1314;36857;6;22.86
2024-05-01;1314;5345;9;76.86
2024-05-01;1314;44217;0;0
2024-05-01;1314;58701;1;56.56
2024-05-01;1314;20635;8;236.72
2024-05-01;1314;13315;5;235.05
2024-05-01;1314;31330;3;203.43
2024-03-15;1314;62364;1;32.58
2024-02-21;841;31330;1;50.71
2024-02-21;841;58701;0;0
2024-02-21;841;20635;0;0
2024-02-19;1314;57912;2;26.16
2024-02-19;1314;57816;2;126.64
2024-02-19;1314;57814;2;316.64
2024-02-19;1314;15590;2;80.9
2024-02-19;1314;48812;4;39.68
2024-02-19;1314;48813;3;23.52
2024-02-19;1314;15589;5;147.4
2024-02-19;1314;21141;2;61.14
2024-02-19;1314;35416;5;74.45
2024-02-19;1314;51957;3;37.68
2024-02-19;1314;18064;214;832.46
2024-02-19;1314;9607;15;202.8
2024-02-19;1314;1439;2;36.58
2024-02-19;1314;36857;7;26.25
2024-02-19;1314;5345;6;50.34
2024-02-16;841;57912;1;8.79
2024-02-16;1314;57912;2;26.16
2024-02-16;1314;57816;2;126.64
2024-02-16;1314;57814;2;316.64
2024-02-16;1314;15590;2;80.9
2024-02-16;1314;48812;4;39.68
2024-02-16;1314;48813;3;23.52
2024-02-16;1314;15589;5;147.4
2024-02-16;1314;21141;3;91.71
2024-02-16;1314;35416;5;74.45
2024-02-16;1314;51957;3;37.68
2024-02-16;1314;18064;245;953.05
2024-02-16;1314;9607;17;229.84
2024-02-16;1314;1439;2;36.58
2024-02-16;1314;36857;7;26.25
2024-02-16;1314;5345;8;67.12
2024-02-16;1314;58701;1;53.37
2024-02-16;1314;31330;5;339.05
2024-02-16;1314;44217;3;125.34
2024-02-16;1314;20635;6;185.34
2024-02-16;1314;13315;0;0
2024-02-26;841;31330;1;50.71
2024-02-26;841;58701;1;45.25
2024-02-26;841;20635;1;23.33
2024-03-01;841;36857;2;4.68
2024-03-01;841;31330;1;50.71
2024-03-01;841;58701;0;0
2024-03-01;841;20635;1;23.33
2024-03-04;1314;62364;1;32.58
2024-02-12;841;1439;1;14.9
2024-02-12;841;18064;26;58.5
2024-02-12;841;9607;5;41.45
2024-02-12;841;5345;4;20.84
2024-02-12;841;36857;3;7.02
2024-02-12;841;31330;1;51.5
2024-02-12;841;57912;1;8.79
2024-02-12;841;57814;3;356.28
2024-02-12;841;48813;3;14.97
2024-02-12;841;42076;5;40.7
2024-02-12;841;55917;1;9.01
2024-02-12;841;62782;1;7.01
2024-02-12;841;15590;2;64.1
2024-02-12;841;35416;1;10.74
2024-02-12;841;51957;2;11.78
2024-02-12;841;48812;1;8.4
2024-02-12;841;15589;4;96.16
2024-02-12;841;21141;1;24.76
2024-02-12;841;35772;2;23.86
2024-02-10;841;31330;1;51.5
2024-02-10;841;58701;1;42.86
2024-02-10;841;20635;1;23.33
2024-03-26;1314;58701;1;56.35
2024-03-26;1314;44217;2;83.56
2024-03-26;1314;31330;4;271.24
2024-03-26;1314;20635;5;154.4
2024-03-26;1314;13315;2;93.18
2024-03-01;1314;62364;1;32.58
2024-11-30;1314;57912;2;26.58
2024-11-30;1314;62364;1;34.49
2024-11-30;1314;57814;2;301.66
2024-11-30;1314;57816;2;120.66
2024-11-30;1314;57817;2;182.68
2024-11-30;1314;15590;2;83.96
2024-11-30;1314;51957;1;14.95
2024-11-30;1314;15589;9;286.38
2024-11-30;1314;21141;9;286.11
2024-11-30;1314;35772;4;67.36
2024-11-30;1314;48812;3;26.94
2024-11-30;1314;48813;6;53.88
2024-11-30;1314;35416;6;92.22
2024-11-30;1314;76834;1;5.22
2024-11-30;1314;1439;7;132.93
2024-11-30;1314;18064;91;389.48
2024-11-30;1314;9607;9;129.15
2024-11-30;1314;36857;10;39.5
2024-11-30;1314;5345;9;80.91
2024-11-30;1314;58701;2;116.7
2024-11-30;1314;20635;9;267.39
2024-11-30;1314;31330;3;196.32
2024-11-30;1314;13315;3;139.65
2024-11-30;1314;44217;3;129.09
2024-11-30;841;57912;1;8.79
2024-11-30;841;57817;2;131.42
2024-11-30;841;57814;8;876
2024-11-30;841;57816;2;87.6
2024-11-30;841;35772;2;25.28
2024-11-30;841;51957;1;7.71
2024-11-30;841;55917;2;18.26
2024-11-30;841;62782;1;7.84
2024-11-30;841;35416;1;11.13
2024-11-30;841;48812;1;7.49
2024-11-30;841;15590;1;32.69
2024-11-30;841;42076;3;24.42
2024-11-30;841;21141;4;103.72
2024-11-30;841;15589;4;104
2024-11-30;841;48813;2;14.84
2024-11-30;841;76834;1;3.34
2024-11-30;841;18064;13;33.28
2024-11-30;841;9607;10;89.7
2024-11-30;841;5345;6;33.72
2024-11-30;841;1439;4;61.96
2024-11-30;841;36857;0;0
2024-11-30;841;31330;2;102.12
2024-11-30;841;58701;2;90.78
2024-11-30;841;20635;0;0
2024-12-05;841;57912;1;8.79
2024-12-05;841;57817;2;131.42
2024-12-05;841;57814;8;876
2024-12-05;841;57816;2;87.6
2024-12-05;841;35772;2;25.28
2024-12-05;841;51957;1;7.71
2024-12-05;841;55917;2;18.26
2024-12-05;841;62782;1;7.84
2024-12-05;841;35416;1;11.13
2024-12-05;841;48812;1;7.49
2024-12-05;841;15590;1;32.69
2024-12-05;841;42076;3;24.42
2024-12-05;841;21141;4;103.72
2024-12-05;841;15589;4;104
2024-12-05;841;48813;1;7.42
2024-12-05;841;76834;1;3.34
2024-12-05;841;18064;71;182.47
2024-12-05;841;9607;10;89.7
2024-12-05;841;5345;6;33.72
2024-12-05;841;1439;4;61.96
2024-12-05;841;36857;2;5.2
2024-12-05;841;31330;2;102.12
2024-12-05;841;58701;2;90.78
2024-12-05;841;20635;2;47
2024-02-20;841;31330;1;50.71
2024-02-20;841;58701;0;0
2024-02-20;841;20635;0;0
2024-02-14;1314;62364;1;32.58
2024-02-24;1314;1439;3;54.78
2024-02-24;1314;36857;7;26.25
2024-02-24;1314;5345;4;33.56
2024-02-24;1314;58701;1;53.37
2024-02-24;1314;31330;5;339.05
2024-02-24;1314;44217;2;83.56
2024-02-24;1314;20635;5;154.45
2024-02-24;1314;13315;3;139.77
2024-02-24;841;57912;1;8.79
2024-02-24;841;57816;3;142.5
2024-02-24;841;57814;2;237.52
2024-02-24;841;48813;3;14.97
2024-02-24;841;42076;5;40.7
2024-02-24;841;51957;2;11.78
2024-02-24;841;55917;1;9.01
2024-02-24;841;62782;1;7.01
2024-02-24;841;15590;2;64.1
2024-02-24;841;35416;1;10.74
2024-02-24;841;48812;1;8.4
2024-02-24;841;15589;4;96.12
2024-02-24;841;21141;3;74.28
2024-02-24;841;35772;3;35.79
2024-02-24;841;36857;3;7.02
2024-02-24;841;1439;1;14.9
2024-02-24;841;18064;35;78.75
2024-02-24;841;9607;4;33.16
2024-02-24;841;5345;4;20.84
2024-03-25;841;57912;1;8.79
2024-03-25;841;57816;3;142.5
2024-03-25;841;57814;2;237.52
2024-02-28;1314;62364;1;32.58
2023-09-14;1314;62364;1;32.58
2023-09-14;841;31330;1;51.5
2023-09-14;841;20635;2;46.74
2023-09-14;841;58701;1;42.86
2024-10-26;1314;62364;1;34.49
2024-10-26;1314;57912;2;26.58
2024-10-26;1314;57814;2;301.66
2024-10-26;1314;57816;2;120.66
2024-10-26;1314;57817;2;182.68
2024-10-26;1314;51957;1;14.95
2024-10-26;1314;21141;10;317.9
2024-10-26;1314;15589;10;317.1
2024-10-26;1314;35416;5;76.85
2024-10-26;1314;35772;4;67.92
2024-10-26;1314;48813;7;62.86
2024-10-26;1314;48812;5;44.9
2024-10-26;1314;15590;2;83.96
2024-10-26;1314;76834;1;5.22
2024-10-26;1314;1439;7;132.93
2024-10-26;1314;18064;91;389.48
2024-10-26;1314;9607;15;215.55
2024-10-26;1314;36857;12;47.4
2024-10-26;1314;5345;11;98.89
2024-10-26;1314;58701;1;58.35
2024-10-26;1314;20635;8;242.32
2024-10-26;1314;31330;3;203.13
2024-10-26;1314;13315;3;139.74
2024-10-26;1314;44217;4;172.12
2024-10-01;841;57912;1;8.79
2024-10-01;841;57817;1;65.7
2024-10-01;841;57814;2;219
2024-10-01;841;57816;3;131.4
2024-10-01;841;15590;2;65.38
2024-10-01;841;62782;1;7.55
2024-10-01;841;35772;2;25.04
2024-10-01;841;42076;4;32.56
2024-10-01;841;51957;1;7.71
2024-10-01;841;55917;2;18.26
2024-10-01;841;35416;1;11.13
2024-10-01;841;48812;1;7.61
2024-10-01;841;21141;3;77.79
2024-10-01;841;15589;4;102.56
2024-10-01;841;48813;2;14.68
2024-10-01;841;76834;1;3.34
2024-10-01;841;36857;3;7.41
2024-10-01;841;1439;2;30.96
2024-10-01;841;18064;31;79.36
2024-10-01;841;9607;4;36.04
2024-10-01;841;5345;4;22.44
2024-10-01;841;31330;2;102.12
2024-10-01;841;58701;3;136.17
2024-10-01;841;20635;2;49.48
2023-09-30;1314;62364;1;32.58
2024-01-12;1314;62364;1;32.58
2024-11-22;1314;57912;2;26.58
2024-11-22;1314;62364;1;34.49
2024-11-22;1314;57814;2;301.66
2024-11-22;1314;57816;2;120.66
2024-11-22;1314;57817;2;182.68
2024-11-22;1314;51957;1;14.95
2024-11-22;1314;15589;8;254.24
2024-11-22;1314;21141;13;413.27
2024-11-22;1314;35772;3;50.55
2024-11-22;1314;48812;4;35.92
2024-11-22;1314;48813;6;53.88
2024-11-22;1314;15590;2;83.96
2024-11-22;1314;35416;5;76.85
2024-11-22;1314;76834;1;5.22
2024-11-22;1314;1439;7;132.93
2024-11-22;1314;18064;103;440.84
2024-11-22;1314;9607;12;172.2
2024-11-22;1314;36857;11;43.45
2024-11-22;1314;5345;9;80.91
2024-11-22;1314;58701;2;116.7
2024-11-22;1314;20635;9;267.57
2024-11-22;1314;31330;4;261.76
2024-11-22;1314;13315;4;186.2
2024-11-22;1314;44217;3;129.09
2024-11-02;1314;62364;1;34.49
2024-11-02;1314;57912;2;26.58
2024-11-02;1314;57814;2;301.66
2024-11-02;1314;57816;2;120.66
2024-11-02;1314;57817;2;182.68
2024-11-02;1314;51957;1;14.95
2024-11-02;1314;15589;9;285.39
2024-11-02;1314;21141;10;317.9
2024-11-02;1314;35772;3;50.94
2024-11-02;1314;35416;5;76.85
2024-11-02;1314;48812;5;44.9
2024-11-02;1314;48813;7;62.86
2024-11-02;1314;15590;2;83.96
2024-11-02;1314;76834;1;5.22
2024-11-02;1314;1439;7;132.93
2024-11-02;1314;18064;61;261.08
2024-11-02;1314;9607;12;172.44
2024-11-02;1314;36857;11;43.45
2024-11-02;1314;5345;10;89.9
2024-11-02;1314;58701;1;58.35
2024-11-02;1314;20635;8;241.6
2024-11-02;1314;31330;1;67.71
2024-11-02;1314;44217;3;129.09
2024-11-02;1314;13315;3;139.74
2024-11-14;841;57912;1;8.79
2024-11-14;841;57817;2;131.42
2024-11-14;841;57814;8;876
2024-11-14;841;57816;2;87.6
2024-11-14;841;15590;1;32.69
2024-11-14;841;35772;2;25.04
2024-11-14;841;42076;3;24.42
2024-11-14;841;51957;1;7.71
2024-11-14;841;62782;0;0
2024-11-14;841;35416;1;11.13
2024-11-14;841;48812;1;7.61
2024-11-14;841;55917;2;18.26
2024-11-14;841;21141;3;77.79
2024-11-14;841;15589;4;104
2024-11-14;841;48813;2;14.84
2024-11-14;841;76834;1;3.34
2024-11-14;841;36857;2;4.94
2024-11-14;841;18064;29;74.24
2024-11-14;841;9607;8;71.84
2024-11-14;841;5345;6;33.72
2024-11-14;841;1439;4;61.96
2024-11-14;841;58701;2;90.78
2024-11-14;841;31330;2;102.12
2024-11-14;841;20635;2;49.48
2024-10-02;1314;62364;1;34.49
2024-10-02;1314;57912;2;26.58
2024-10-02;1314;57814;2;301.66
2024-10-02;1314;57816;1;60.33
2024-10-02;1314;57817;2;182.68
2024-10-02;1314;51957;1;14.66
2024-10-02;1314;21141;4;127.16
2024-10-02;1314;15589;11;348.59
2024-10-02;1314;35416;5;76.7
2024-10-02;1314;35772;3;50.94
2024-10-02;1314;48813;3;26.94
2024-10-02;1314;48812;2;17.96
2024-10-02;1314;15590;2;83.96
2024-10-02;1314;76834;1;5.22
2024-10-02;1314;1439;5;94.85
2024-10-02;1314;18064;66;281.82
2024-10-02;1314;9607;9;129.33
2024-10-02;1314;36857;12;47.16
2024-10-02;1314;5345;8;71.92
2024-10-02;1314;58701;2;116.7
2024-10-02;1314;20635;11;340.78
2024-10-02;1314;31330;1;67.71
2024-10-02;1314;13315;2;93.38
2024-10-02;1314;44217;1;43
2024-01-10;1314;48813;3;23.49
2024-01-10;1314;51957;0;0
2024-01-10;1314;21141;5;150.5
2024-01-10;1314;15589;9;265.32
2024-01-10;1314;35416;3;44.67
2024-01-10;1314;48812;4;39.64
2024-01-10;1314;15590;3;121.35
2024-01-10;1314;18064;100;389
2024-01-10;1314;9607;12;160.68
2024-01-10;1314;1439;4;74.04
2024-01-10;1314;36857;5;17.65
2024-01-10;1314;5345;12;100.68
2024-01-10;1314;58701;1;51.67
2024-01-10;1314;20635;5;150
2024-01-10;1314;31330;5;329.05
2024-01-10;1314;13315;1;38.69
2024-01-10;1314;44217;3;106.59
2024-01-20;1314;62364;1;32.58
2023-09-06;1314;57912;0;0
2023-09-06;1314;62782;1;13.61
2023-09-06;1314;51957;2;24.6
2023-09-06;1314;48813;2;11.98
2023-09-06;1314;15589;11;324.61
2023-09-06;1314;21141;3;75.96
2023-09-06;1314;35416;1;14.96
2023-09-06;1314;48812;2;17.54
2023-09-06;1314;15590;3;121.35
2024-10-02;841;57912;1;8.79
2024-10-02;841;57817;1;65.7
2024-10-02;841;57814;7;766.5
2024-10-02;841;57816;3;131.4
2024-10-02;841;15590;2;65.38
2024-10-02;841;51957;1;7.71
2024-10-02;841;62782;1;7.55
2024-10-02;841;35772;2;25.04
2024-10-02;841;42076;4;32.56
2024-10-02;841;55917;2;18.26
2024-10-02;841;35416;1;11.13
2024-10-02;841;48812;1;7.61
2024-10-02;841;21141;3;77.79
2024-10-02;841;15589;5;128.55
2024-10-02;841;48813;2;14.68
2024-10-02;841;76834;1;3.34
2024-10-02;841;36857;3;7.41
2024-10-02;841;1439;2;30.96
2024-10-02;841;18064;33;84.48
2024-10-02;841;9607;9;81.09
2024-10-02;841;5345;6;33.72
2024-10-02;841;58701;3;136.17
2024-10-02;841;31330;2;102.12
2024-10-02;841;20635;2;49.48
2023-08-22;1314;57912;7;81.27
2023-08-22;1314;15590;2;80.9
2023-08-22;1314;62782;1;13.61
2023-08-22;1314;51957;2;24.6
2023-08-22;1314;48813;1;5.99
2023-08-22;1314;15589;14;413.14
2023-08-22;1314;21141;4;101.28
2023-08-22;1314;35416;4;59.84
2024-01-20;1314;57912;0;0
2024-01-20;1314;57814;2;307.24
2024-01-20;1314;15590;3;121.35
2024-01-20;1314;48812;4;39.64
2024-01-20;1314;15589;9;265.32
2024-01-20;1314;21141;5;150.5
2024-01-20;1314;35416;5;74.45
2024-01-20;1314;48813;3;23.49
2024-01-20;1314;51957;3;37.11
2023-09-30;1314;57912;1;12.61
2023-09-30;1314;62782;1;13.61
2023-09-30;1314;51957;1;12.3
2023-09-30;1314;15590;3;121.35
2023-09-30;1314;15589;9;265.41
2023-09-30;1314;21141;12;362.4
2023-09-30;1314;35416;3;44.76
2023-09-30;1314;48812;2;18.26
2023-09-30;1314;48813;4;29.4
2023-09-30;1314;18064;145;562.6
2023-09-30;1314;9607;11;145.09
2023-09-30;1314;1439;3;55.47
2023-09-30;1314;36857;7;21.77
2023-09-30;1314;5345;9;74.79
2023-09-30;1314;58701;1;51.67
2024-02-01;1314;57912;2;26.16
2024-02-01;1314;57814;2;316.64
2024-02-01;1314;15590;2;80.9
2024-02-01;1314;48812;4;39.68
2024-02-01;1314;15589;8;235.84
2024-02-01;1314;21141;5;152.85
2024-02-01;1314;35416;5;74.45
2024-02-01;1314;48813;3;23.52
2024-02-01;1314;51957;3;37.68
2024-02-01;1314;18064;243;945.27
2024-02-01;1314;9607;19;256.31
2024-02-01;1314;1439;2;36.64
2024-02-01;1314;36857;7;26.25
2024-02-01;1314;5345;9;75.51
2024-02-01;1314;58701;1;53.37
2024-02-01;1314;31330;5;339.05
2024-02-01;1314;20635;3;92.67
2024-02-01;1314;13315;2;93.18
2024-02-01;1314;44217;3;125.34
2023-08-08;841;42076;1;8.56
2023-08-08;841;55917;1;9
2023-08-08;841;21141;0;0
2023-08-08;841;62782;3;21.03
2023-08-08;841;48812;1;5.98
2023-08-08;841;35416;1;10.74
2023-08-08;841;15589;7;169.61
2023-08-08;841;48813;3;14.97
2023-08-08;841;51957;3;17.13
2023-08-08;841;35772;2;23.84
2023-08-08;841;1439;3;45.3
2023-08-08;841;18064;20;45
2023-08-08;841;9607;5;40
2023-08-08;841;5345;6;29.94
2023-08-08;841;36857;4;6.84
2023-08-08;841;20635;3;70.11
2023-08-08;841;31330;2;103
2023-08-08;841;58701;1;42.86
2023-09-26;1314;18064;152;589.76
2023-09-26;1314;9607;15;197.85
2023-09-26;1314;1439;3;55.47
2023-09-26;1314;36857;8;24.88
2023-09-26;1314;5345;7;58.17
2023-09-26;1314;57912;1;12.61
2023-09-26;1314;62782;1;13.61
2023-09-26;1314;51957;2;24.6
2023-09-26;1314;15589;9;265.41
2023-09-26;1314;21141;4;119.36
2023-09-26;1314;35416;3;44.76
2023-09-26;1314;48812;1;9.01
2023-09-26;1314;48813;2;14.16
2023-09-26;1314;15590;3;121.35
2024-01-25;1314;62364;1;32.58
2024-10-15;841;57912;1;8.79
2024-10-15;841;57817;2;131.42
2024-10-15;841;57814;7;766.5
2024-10-15;841;57816;2;87.6
2024-10-15;841;15590;2;65.38
2024-10-15;841;42076;4;32.56
2024-10-15;841;51957;1;7.71
2024-10-15;841;62782;1;7.55
2024-10-15;841;35772;2;25.04
2024-10-15;841;55917;2;18.26
2024-10-15;841;35416;1;11.13
2024-10-15;841;48812;1;7.61
2024-10-15;841;21141;4;103.72
2024-10-15;841;15589;4;103.16
2024-10-15;841;48813;1;7.34
2024-10-15;841;76834;1;3.34
2024-10-15;841;36857;3;7.41
2024-10-15;841;1439;0;0
2024-10-15;841;18064;29;74.24
2024-10-15;841;9607;10;90.1
2024-10-15;841;5345;5;28.1
2024-10-15;841;58701;3;136.17
2024-10-15;841;31330;2;102.12
2024-10-15;841;20635;2;49.48
2023-09-29;841;18064;13;29.25
2023-09-29;841;9607;3;24
2023-09-29;841;36857;4;6.84
2023-09-29;841;20635;2;46.74
2023-09-29;841;58701;1;42.86
2023-09-29;841;31330;1;51.5
2023-09-20;1314;62364;1;32.58
2023-09-05;1314;15590;3;121.35
2023-09-05;1314;18064;206;799.28
2023-09-05;1314;9607;10;131.8
2023-09-05;1314;1439;3;55.47
2023-09-05;1314;36857;12;37.32
2023-09-05;1314;5345;9;74.61
2023-09-05;1314;58701;1;51.67
2023-09-05;1314;20635;13;391.17
2023-09-05;1314;31330;4;264.08
2023-09-05;1314;13315;3;134.28
2023-09-05;1314;44217;2;83.54
2023-09-25;1314;62364;1;32.58
2023-09-27;1314;62364;1;32.58
2023-08-03;1314;57912;7;81.27
2023-08-03;1314;15590;0;0
2023-08-03;1314;62782;1;13.61
2023-08-03;1314;51957;2;24.6
2023-07-07;841;31330;2;103
2023-07-07;841;20635;3;70.11
2023-07-07;841;58701;1;42.86
2023-07-08;841;31330;2;103
2023-07-08;841;20635;3;70.11
2023-07-08;841;58701;1;42.86
2023-09-04;841;15590;1;31.08
2023-09-04;841;48812;1;5.98
2023-09-04;841;42076;1;8.56
2023-09-04;841;55917;1;9
2023-09-04;841;62782;3;21.03
2023-09-04;841;35416;1;10.74
2023-09-04;841;15589;4;96.6
2023-09-04;841;21141;3;59.13
2023-09-04;841;48813;3;14.97
2023-09-04;841;51957;3;17.13
2023-09-04;841;35772;3;35.79
2024-01-31;1314;57912;2;26.16
2024-01-31;1314;57814;2;316.64
2024-01-31;1314;15590;2;80.9
2024-01-31;1314;48812;4;39.68
2024-01-31;1314;15589;8;235.84
2024-01-31;1314;21141;5;152.85
2024-01-31;1314;35416;5;74.45
2024-01-31;1314;48813;3;23.52
2024-01-31;1314;51957;3;37.68
2024-01-31;1314;18064;259;1007.51
2024-01-31;1314;9607;20;269.8
2024-01-31;1314;1439;2;36.64
2024-01-31;1314;36857;8;30
2024-01-31;1314;5345;9;75.51
2023-09-05;841;1439;2;30.2
2023-09-05;841;18064;26;58.5
2023-09-05;841;9607;4;32
2023-09-05;841;5345;5;25.35
2023-09-05;841;36857;4;6.84
2023-09-05;841;31330;1;51.5
2023-09-05;841;20635;2;46.74
2023-09-05;841;58701;1;42.86
2024-01-29;841;31330;1;51.5
2024-01-29;841;58701;1;42.86
2024-01-29;841;20635;1;23.33
2024-02-15;1314;62364;1;32.58
2024-02-10;841;57912;0;0
2024-02-10;841;57814;3;356.28
2024-02-10;841;48813;3;14.97
2024-02-10;841;42076;5;40.7
2024-02-10;841;55917;1;9.01
2024-02-10;841;62782;1;7.01
2024-02-10;841;15590;2;64.1
2024-02-10;841;35416;1;10.74
2024-02-10;841;51957;2;11.78
2024-02-10;841;48812;1;8.4
2024-02-10;841;15589;3;72.15
2024-02-10;841;21141;2;49.52
2024-02-10;841;35772;2;23.86
2024-02-10;841;1439;1;14.9
2024-02-10;841;18064;19;42.75
2024-02-10;841;9607;5;41.45
2024-02-10;841;5345;4;20.84
2024-02-10;841;36857;3;7.02
2024-02-23;1314;62364;1;32.58
2024-03-09;841;1439;1;14.9
2024-03-09;841;18064;10;22.5
2024-03-09;841;9607;0;0
2024-03-09;841;5345;4;20.88
2024-03-09;841;36857;3;7.11
2024-03-09;841;31330;1;50.71
2024-03-09;841;58701;2;90.5
2024-03-09;841;20635;1;23.33
2024-04-15;1314;57912;2;26.16
2024-04-15;1314;57816;2;126.64
2024-04-15;1314;57814;2;316.64
2024-04-15;1314;15590;1;40.45
2024-04-15;1314;51957;3;37.68
2024-04-15;1314;48812;1;9.92
2024-04-15;1314;15589;1;29.44
2024-04-15;1314;21141;3;91.14
2024-04-15;1314;35416;6;89.34
2024-04-15;1314;48813;1;8.05
2024-04-26;841;31330;1;50.71
2024-04-26;841;20635;1;23.33
2024-04-26;841;58701;2;90.5
2024-04-26;841;15590;3;98.07
2024-04-26;841;48812;1;7.76
2024-04-26;841;15589;3;72.06
2024-04-26;841;21141;5;123.7
2024-04-26;841;1439;1;14.9
2024-04-26;841;36857;3;7.23
2024-04-26;841;18064;5;11.6
2024-04-26;841;9607;2;16.88
2024-04-26;841;5345;3;15.69
2024-05-14;1314;57912;2;26.16
2024-05-14;1314;57814;0;0
2024-05-14;1314;57816;2;126.64
2024-05-14;1314;51957;1;12.56
2024-05-14;1314;15590;1;40.85
2024-05-14;1314;48812;1;9.02
2024-05-14;1314;15589;4;123.96
2024-05-14;1314;21141;6;189.9
2024-05-14;1314;35416;3;44.82
2024-05-14;1314;48813;3;25.83
2024-05-14;1314;18064;94;379.76
2024-05-14;1314;9607;12;166.08
2024-05-14;1314;1439;4;73.96
2024-05-14;1314;36857;3;11.46
2024-05-14;1314;5345;4;34.32
2024-05-14;1314;58701;1;56.56
2024-05-14;1314;20635;11;323.84
2024-05-14;1314;13315;5;235.05
2024-05-14;1314;31330;3;203.43
2024-05-14;1314;44217;3;129.87
2024-05-06;841;57912;4;35.16
2024-05-06;841;57814;0;0
2024-05-06;841;57816;0;0
2024-05-06;841;35772;3;35.79
2024-05-06;841;42076;5;40.7
2024-05-06;841;48813;3;14.97
2024-05-06;841;51957;1;5.89
2024-05-06;841;55917;1;9.01
2024-05-06;841;15590;3;98.07
2024-05-06;841;35416;1;10.74
2024-05-06;841;62782;1;7.55
2024-05-06;841;15589;3;73.02
2024-05-06;841;21141;4;98.96
2024-05-06;841;48812;1;7.76
2024-05-06;841;1439;1;15.06
2024-05-06;841;36857;3;7.23
2024-05-06;841;18064;52;121.16
2024-05-06;841;9607;6;50.7
2024-05-06;841;5345;3;15.69
2024-05-06;841;20635;1;23.08
2024-05-06;841;31330;1;50.71
2024-05-06;841;58701;2;90.5
2024-03-02;1314;18064;198;770.22
2024-03-02;1314;9607;14;189.42
2024-03-02;1314;1439;2;36.5
2024-03-02;1314;36857;4;15
2024-03-02;1314;5345;6;50.7
2024-03-02;1314;58701;1;53.37
2024-03-02;1314;31330;5;339.05
2024-03-02;1314;44217;2;83.56
2024-03-02;1314;20635;4;123.56
2024-03-02;1314;13315;3;139.77
2024-03-01;841;57912;1;8.79
2024-03-01;841;57816;3;142.5
2024-03-01;841;57814;2;237.52
2024-03-01;841;48813;3;14.97
2024-03-01;841;42076;5;40.7
2024-03-01;841;51957;2;11.78
2024-03-01;841;55917;1;9.01
2024-03-01;841;62782;1;7.01
2024-03-01;841;15590;2;64.1
2024-03-01;841;35416;1;10.74
2024-03-01;841;48812;1;8.4
2024-03-01;841;15589;4;96.12
2024-03-01;841;21141;2;49.54
2024-03-01;841;35772;3;35.79
2024-03-01;841;1439;1;14.9
2024-03-01;841;18064;24;54
2024-03-01;841;9607;4;33.16
2024-03-01;841;5345;4;20.84
2024-03-01;1314;18064;207;805.23
2024-03-01;1314;9607;15;202.95
2024-03-01;1314;1439;4;73
2024-03-01;1314;36857;5;18.75
2024-03-01;1314;5345;6;50.7
2024-03-01;1314;58701;1;53.37
2024-03-01;1314;31330;5;339.05
2024-03-01;1314;44217;2;83.56
2024-03-01;1314;20635;4;123.56
2024-03-01;1314;13315;3;139.77
2024-03-02;841;1439;1;14.9
2024-03-02;841;18064;20;45
2024-03-02;841;9607;4;33.16
2024-03-02;841;5345;3;15.63
2024-03-02;841;36857;2;4.68
2024-03-02;841;31330;1;50.71
2024-03-02;841;58701;0;0
2024-03-02;841;20635;1;23.33
2024-06-10;841;57912;4;35.16
2024-06-10;841;57817;0;0
2024-06-10;841;57814;0;0
2024-06-10;841;57816;2;87.6
2024-06-10;841;42076;4;32.56
2024-06-10;841;15590;3;98.07
2024-06-10;841;35416;1;10.74
2024-06-10;841;35772;3;37.56
2024-06-10;841;48812;2;15.22
2024-06-10;841;48813;2;9.98
2024-06-10;841;51957;1;7.71
2024-06-10;841;55917;1;9.01
2024-06-10;841;62782;1;7.55
2024-06-10;841;21141;5;129.4
2024-06-10;841;15589;3;75.69
2024-06-10;841;36857;1;2.41
2024-06-10;841;1439;1;15.06
2024-06-10;841;18064;36;84.6
2024-06-10;841;9607;3;25.98
2024-06-10;841;5345;2;10.52
2024-06-10;841;31330;1;50.37
2024-06-10;841;20635;0;0
2024-06-10;841;58701;3;136.17
2024-04-15;841;57912;4;35.16
2024-04-15;841;57816;0;0
2024-04-15;841;57814;1;118.76
2024-04-15;841;48813;3;14.97
2024-04-15;841;42076;5;40.7
2024-04-15;841;51957;2;11.78
2024-04-15;841;55917;1;9.01
2024-04-15;841;62782;1;7.55
2024-04-15;841;35772;3;35.79
2024-04-15;841;15590;3;98.07
2024-04-15;841;35416;1;10.74
2024-04-15;841;48812;1;8.4
2024-04-15;841;15589;2;48.04
2024-04-15;841;21141;1;24.74
2024-04-15;841;1439;1;14.9
2024-04-15;841;36857;3;7.23
2024-04-15;841;18064;17;39.1
2024-04-15;841;9607;4;33.76
2024-04-15;841;5345;3;15.69
2024-04-26;841;57912;4;35.16
2024-04-26;841;57814;0;0
2024-04-26;841;57816;3;125.73
2024-04-26;841;42076;5;40.7
2024-04-26;841;48813;3;14.97
2024-04-26;841;51957;1;5.89
2024-04-26;841;55917;1;9.01
2024-04-26;841;62782;1;7.55
2024-04-26;841;35772;3;35.79
2024-04-26;841;35416;1;10.74
2024-06-14;1314;57912;0;0
2024-06-14;1314;57814;2;301.66
2024-06-14;1314;57816;2;126.64
2024-06-14;1314;57817;2;182.68
2024-06-14;1314;51957;0;0
2024-06-14;1314;15590;1;40.85
2024-06-14;1314;15589;1;30.99
2024-06-14;1314;21141;4;126.96
2024-06-14;1314;35416;1;15.09
2024-06-14;1314;35772;0;0
2024-06-14;1314;48813;1;8.71
2024-06-14;1314;48812;0;0
2024-06-14;1314;18064;28;114.52
2024-06-14;1314;9607;6;84.06
2024-06-14;1314;1439;4;74.28
2024-06-14;1314;36857;2;7.7
2024-06-14;1314;5345;10;86.8
2024-06-14;1314;58701;1;56.56
2024-06-14;1314;20635;4;116.8
2024-06-14;1314;31330;3;199.38
2024-06-14;1314;13315;4;188.04
2024-06-14;1314;44217;3;129.6
2024-06-01;1314;57912;2;26.16
2024-06-01;1314;57814;2;301.66
2024-06-01;1314;57816;2;126.64
2024-06-01;1314;51957;1;12.56
2024-06-01;1314;15590;0;0
2024-06-01;1314;15589;2;61.98
2024-06-01;1314;21141;4;127.04
2024-06-01;1314;35416;4;60.36
2024-06-01;1314;48813;1;8.71
2024-06-01;1314;48812;3;27.03
2024-06-01;1314;18064;153;625.77
2024-06-01;1314;9607;12;166.44
2024-06-01;1314;1439;6;111.24
2024-06-01;1314;36857;6;23.1
2024-06-01;1314;5345;8;69.04
2024-06-01;1314;58701;0;0
2024-06-01;1314;20635;6;175.26
2024-06-01;1314;31330;3;199.38
2024-06-01;1314;13315;4;188.04
2024-06-01;1314;44217;3;129.6
2024-06-01;841;1439;1;15.06
2024-06-01;841;36857;3;7.23
2024-06-01;841;18064;41;96.35
2024-06-01;841;9607;4;34.64
2024-06-01;841;5345;3;15.78
2024-06-01;841;31330;0;0
2024-06-01;841;20635;1;23.08
2024-06-01;841;58701;3;136.14
2024-06-01;841;57912;4;35.16
2024-06-01;841;57814;2;219
2024-06-01;841;57816;2;87.6
2024-06-01;841;42076;5;40.7
2024-06-01;841;15590;3;98.07
2024-06-01;841;35416;1;10.74
2024-06-01;841;35772;3;37.56
2024-06-01;841;48812;2;15.22
2024-06-01;841;48813;2;9.98
2024-06-01;841;51957;0;0
2024-06-01;841;55917;1;9.01
2024-06-01;841;62782;1;7.55
2024-06-01;841;21141;3;77.7
2024-06-01;841;15589;3;74.46
2024-02-29;1314;62364;1;32.58
2024-06-03;1314;57912;1;13.08
2024-06-03;1314;57814;2;301.66
2024-06-03;1314;57816;2;126.64
2024-06-03;1314;51957;0;0
2024-06-03;1314;15590;1;40.85
2024-06-03;1314;15589;6;185.94
2024-06-03;1314;21141;3;95.28
2024-06-03;1314;35416;4;60.36
2024-06-03;1314;48813;2;17.42
2024-06-03;1314;48812;3;27.03
2024-06-03;1314;18064;153;625.77
2024-06-03;1314;9607;9;124.83
2024-06-03;1314;1439;6;111.24
2024-06-03;1314;36857;6;23.1
2024-06-03;1314;5345;8;69.04
2024-06-03;1314;58701;0;0
2024-06-03;1314;20635;8;233.6
2024-06-03;1314;31330;3;199.38
2024-06-03;1314;13315;4;188.04
2024-06-03;1314;44217;3;129.6
2024-02-20;841;57912;1;8.79
2024-02-20;841;57816;3;142.5
2024-02-20;841;57814;3;356.28
2024-02-20;841;48813;3;14.97
2024-02-20;841;42076;5;40.7
2024-02-20;841;51957;2;11.78
2024-02-20;841;55917;1;9.01
2024-02-20;841;62782;1;7.01
2024-02-20;841;15590;2;64.1
2024-02-20;841;35416;1;10.74
2024-02-20;841;48812;1;8.4
2024-02-20;841;15589;2;48.08
2024-02-20;841;21141;3;74.28
2024-02-20;841;35772;2;23.86
2024-02-20;841;36857;3;7.02
2024-02-20;841;1439;1;14.9
2024-02-20;841;18064;34;76.5
2024-02-20;841;9607;4;33.16
2024-02-20;841;5345;4;20.84
2024-12-31;1314;57912;2;26.58
2024-12-31;1314;62364;1;34.49
2024-12-31;1314;57814;2;301.66
2024-12-31;1314;57816;2;120.66
2024-12-31;1314;57817;2;182.68
2024-12-31;1314;15590;2;83.96
2024-12-31;1314;51957;1;14.95
2024-12-31;1314;15589;9;287.1
2024-12-31;1314;21141;11;349.69
2024-12-31;1314;35772;4;67.36
2024-12-31;1314;48812;4;35.92
2024-12-31;1314;48813;4;35.92
2024-12-31;1314;35416;2;30.74
2024-12-31;1314;76834;1;5.22
2024-12-31;1314;1439;4;75.96
2024-12-31;1314;18064;46;196.88
2024-12-31;1314;9607;4;57.36
2024-12-31;1314;36857;7;27.72
2024-12-31;1314;5345;8;71.84
2024-12-31;1314;58701;1;58.35
2024-12-31;1314;20635;9;266.94
2024-12-31;1314;31330;6;391.32
2024-12-31;1314;13315;5;232.75
2024-12-31;1314;44217;3;129.09
2024-03-13;1314;15590;1;40.45
2024-03-13;1314;48812;4;39.68
2024-03-13;1314;51957;3;37.68
2024-03-13;1314;48813;2;15.68
2024-03-13;1314;15589;7;206.15
2024-03-13;1314;21141;4;121.8
2024-03-13;1314;35416;4;59.56
2024-03-13;1314;18064;90;350.1
2024-03-13;1314;9607;10;135.6
2024-03-13;1314;1439;3;54.72
2024-03-13;1314;36857;6;22.56
2024-03-13;1314;5345;7;59.15
2024-03-13;1314;58701;1;56.35
2024-03-13;1314;31330;4;271.24
2024-03-13;1314;44217;2;83.56
2024-03-13;1314;20635;4;123.56
2024-03-13;1314;13315;3;139.77
2024-04-01;1314;57912;2;26.16
2024-04-01;1314;57816;2;126.64
2024-04-01;1314;57814;2;316.64
2024-04-01;1314;15590;1;40.45
2024-04-01;1314;48812;1;9.92
2024-04-01;1314;51957;3;37.68
2024-04-01;1314;15589;5;147.2
2024-04-01;1314;21141;2;60.8
2024-04-01;1314;35416;7;104.23
2024-04-01;1314;48813;3;24.15
2024-02-19;1314;62364;1;32.58
2024-04-25;1314;57912;2;26.16
2024-04-25;1314;57814;2;316.64
2024-04-25;1314;57816;2;126.64
2024-04-25;1314;15590;0;0
2024-04-25;1314;51957;3;37.68
2024-04-25;1314;48812;1;9.92
2024-04-25;1314;15589;2;59.24
2024-04-25;1314;21141;3;91.5
2024-04-25;1314;35416;3;44.67
2024-04-25;1314;48813;2;16.66
2024-04-25;1314;18064;108;434.16
2024-04-25;1314;9607;20;276.8
2024-04-25;1314;1439;3;54.57
2024-04-25;1314;36857;7;26.67
2024-04-25;1314;5345;10;85.4
2024-04-25;1314;44217;1;43.29
2024-04-25;1314;58701;1;56.56
2024-04-25;1314;20635;8;239.92
2024-04-25;1314;13315;4;188
2024-04-25;1314;31330;3;203.43
2024-04-25;841;57912;4;35.16
2024-04-25;841;57814;1;104.77
2024-04-25;841;57816;3;125.73
2024-04-25;841;42076;5;40.7
2024-04-25;841;48813;3;14.97
2024-04-25;841;51957;1;5.89
2024-04-25;841;55917;1;9.01
2024-04-25;841;62782;1;7.55
2024-04-25;841;35772;3;35.79
2024-04-25;841;35416;1;10.74
2024-04-25;841;15590;3;98.07
2024-04-25;841;48812;1;7.76
2024-04-25;841;15589;3;72.06
2024-04-25;841;21141;5;123.7
2024-04-25;841;1439;1;14.9
2024-04-25;841;36857;3;7.23
2024-04-25;841;18064;6;13.92
2024-04-25;841;9607;2;16.88
2024-04-25;841;5345;3;15.69
2024-04-25;841;31330;1;50.71
2024-04-25;841;20635;1;23.33
2024-04-25;841;58701;2;90.5
2024-03-20;841;20635;1;23.33
2024-03-20;841;31330;1;50.71
2024-03-20;841;58701;2;90.5
2023-09-25;1314;18064;150;582
2023-09-25;1314;9607;12;158.28
2023-09-25;1314;1439;3;55.47
2023-09-25;1314;36857;10;31.1
2023-09-25;1314;5345;5;41.5
2023-09-25;1314;58701;1;51.67
2023-09-25;1314;57912;1;12.61
2023-09-25;1314;62782;1;13.61
2023-09-25;1314;51957;2;24.6
2023-09-25;1314;15589;8;235.92
2023-09-25;1314;21141;3;88.98
2023-09-25;1314;35416;3;44.76
2023-09-25;1314;48812;1;9.01
2023-09-25;1314;48813;2;14.16
2023-09-25;1314;15590;3;121.35
2024-02-22;1314;62364;1;32.58
2024-12-28;1314;57912;2;26.58
2024-12-28;1314;62364;1;34.49
2024-12-28;1314;57814;2;301.66
2024-12-28;1314;57816;2;120.66
2024-12-28;1314;57817;2;182.68
2024-12-28;1314;15590;2;83.96
2024-12-28;1314;51957;1;14.95
2024-12-28;1314;15589;7;223.16
2024-12-28;1314;21141;9;286.11
2024-12-28;1314;35772;4;67.36
2024-12-28;1314;48812;4;35.92
2024-12-28;1314;48813;4;35.92
2024-12-28;1314;35416;3;46.11
2024-12-28;1314;76834;1;5.22
2024-12-28;1314;1439;5;94.95
2024-12-28;1314;18064;58;248.24
2024-12-28;1314;9607;6;86.04
2024-12-28;1314;36857;7;27.65
2024-12-28;1314;5345;7;62.86
2024-12-28;1314;58701;1;58.35
2024-12-28;1314;20635;10;296.6
2024-12-28;1314;31330;6;391.32
2024-12-28;1314;13315;4;186.2
2024-12-28;1314;44217;3;129.09
2024-02-14;1314;57912;2;26.16
2024-02-14;1314;57814;2;316.64
2024-02-14;1314;15590;2;80.9
2024-02-14;1314;48812;4;39.68
2024-02-14;1314;48813;3;23.52
2024-02-14;1314;15589;7;206.36
2024-02-14;1314;21141;4;122.28
2024-02-14;1314;35416;5;74.45
2024-02-14;1314;51957;3;37.68
2024-02-14;1314;18064;254;988.06
2024-02-14;1314;9607;19;256.88
2024-02-14;1314;1439;2;36.58
2024-02-14;1314;36857;7;26.25
2024-02-14;1314;5345;8;67.12
2024-02-28;841;18064;26;58.5
2024-02-28;841;9607;4;33.16
2024-02-28;841;5345;4;20.84
2024-02-28;841;36857;2;4.68
2024-02-28;841;31330;1;50.71
2024-02-28;841;58701;1;45.25
2024-02-28;841;20635;1;23.33
2024-04-01;1314;18064;114;448.02
2024-04-01;1314;9607;8;108.72
2024-04-01;1314;1439;5;90.85
2024-04-01;1314;36857;7;26.39
2024-04-01;1314;5345;8;67.68
2024-04-01;1314;58701;1;56.35
2024-04-01;1314;44217;2;83.56
2024-04-01;1314;31330;3;203.43
2024-04-01;1314;20635;3;92.64
2024-04-01;1314;13315;2;93.18
2024-02-24;841;31330;1;50.71
2024-02-24;841;58701;1;45.25
2024-02-24;841;20635;1;23.33
2024-02-06;1314;13315;2;93.18
2024-02-06;1314;44217;3;125.34
2024-02-17;1314;62364;1;32.58
2024-03-29;1314;1439;6;109.02
2024-03-29;1314;36857;7;26.39
2024-03-29;1314;5345;9;76.14
2024-03-29;1314;58701;1;56.35
2024-03-29;1314;44217;2;83.56
2024-03-29;1314;31330;4;271.24
2024-03-29;1314;20635;3;92.64
2024-03-29;1314;13315;1;46.59
2024-03-25;1314;57912;2;26.16
2024-03-25;1314;57816;2;126.64
2024-03-25;1314;57814;2;316.64
2024-03-25;1314;15590;1;40.45
2024-03-25;1314;48812;2;19.84
2024-03-25;1314;51957;3;37.68
2024-03-25;1314;15589;5;147.25
2024-03-25;1314;21141;3;91.32
2024-03-25;1314;35416;4;59.56
2024-03-25;1314;48813;2;15.68
2024-03-25;1314;18064;109;426.19
2024-03-25;1314;9607;13;176.54
2024-03-25;1314;1439;3;54.6
2024-03-25;1314;36857;7;26.39
2024-03-25;1314;5345;4;33.84
2024-03-25;841;48813;3;14.97
2024-03-25;841;42076;5;40.7
2024-03-25;841;51957;2;11.78
2024-03-25;841;55917;1;9.01
2024-03-25;841;62782;1;7.55
2024-03-25;841;35772;3;35.79
2024-03-25;841;35416;1;10.74
2024-03-25;841;48812;1;8.4
2024-03-25;841;15589;4;96.12
2024-03-25;841;21141;3;74.31
2024-03-25;841;15590;3;98.07
2024-03-25;841;1439;1;14.9
2024-03-25;841;18064;23;52.21
2024-03-25;841;9607;3;25.32
2024-03-25;841;5345;4;20.88
2024-03-25;841;36857;3;7.11
2024-03-25;841;20635;1;23.33
2024-03-25;841;31330;1;50.71
2024-03-25;841;58701;2;90.5
2024-01-02;841;57912;1;8.32
2024-01-02;841;57814;3;356.28
2024-01-02;841;48812;1;5.98
2024-01-02;841;48813;3;14.97
2024-01-02;841;62782;3;21.03
2024-01-02;841;42076;5;40.7
2024-01-02;841;55917;1;9.01
2024-01-02;841;51957;2;11.42
2024-01-02;841;15590;2;64.1
2024-11-11;841;57912;1;8.79
2024-11-11;841;57817;2;131.42
2024-11-11;841;57814;8;876
2024-11-11;841;57816;2;87.6
2024-11-11;841;15590;1;32.69
2024-11-11;841;35772;2;25.04
2024-11-11;841;42076;3;24.42
2024-11-11;841;51957;1;7.71
2024-11-11;841;62782;1;7.55
2024-11-11;841;48812;1;7.61
2024-11-11;841;55917;2;18.26
2024-11-11;841;35416;1;11.13
2024-11-11;841;21141;4;103.72
2024-11-11;841;15589;4;104
2024-11-11;841;48813;2;14.84
2024-11-11;841;76834;1;3.34
2024-11-11;841;36857;3;7.41
2024-11-11;841;18064;30;76.8
2024-11-11;841;9607;8;71.84
2024-11-11;841;5345;6;33.72
2024-11-11;841;1439;4;61.96
2024-11-11;841;58701;2;90.78
2024-11-11;841;31330;2;102.12
2024-11-11;841;20635;2;49.48
2024-11-11;1314;62364;1;34.49
2024-11-11;1314;57912;2;26.58
2024-11-11;1314;57814;2;301.66
2024-11-11;1314;57816;2;120.66
2024-11-11;1314;57817;2;182.68
2024-11-11;1314;51957;1;14.95
2024-11-11;1314;15589;10;317.6
2024-11-11;1314;21141;15;476.85
2024-11-11;1314;35772;1;16.95
2024-11-11;1314;35416;5;76.85
2024-11-11;1314;48812;4;35.92
2024-11-11;1314;48813;7;62.86
2024-11-11;1314;15590;2;83.96
2024-11-11;1314;76834;1;5.22
2024-11-11;1314;1439;7;132.93
2024-11-11;1314;18064;76;325.28
2024-11-11;1314;9607;11;157.85
2024-11-11;1314;36857;11;43.45
2024-11-11;1314;5345;10;89.9
2024-11-11;1314;58701;1;58.35
2024-11-11;1314;20635;7;209.58
2024-11-11;1314;31330;5;327.2
2024-11-11;1314;44217;3;129.09
2024-11-11;1314;13315;1;46.58
2024-10-04;1314;62364;1;34.49
2024-10-04;1314;57912;2;26.58
2024-10-04;1314;57814;2;301.66
2024-10-04;1314;57816;2;120.66
2024-10-04;1314;57817;2;182.68
2024-10-04;1314;51957;1;14.66
2024-10-04;1314;21141;3;95.37
2024-10-04;1314;15589;11;348.59
2024-10-04;1314;35416;5;76.7
2024-10-04;1314;35772;3;50.94
2024-10-04;1314;48813;3;26.94
2024-10-04;1314;48812;2;17.96
2024-10-04;1314;15590;2;83.96
2024-10-04;1314;76834;1;5.22
2024-10-04;1314;1439;5;94.85
2024-10-04;1314;18064;51;217.77
2024-10-04;1314;9607;8;114.96
2024-10-04;1314;36857;12;47.16
2024-10-04;1314;5345;8;71.92
2024-10-04;1314;58701;2;116.7
2024-10-04;1314;20635;10;309.8
2024-10-04;1314;31330;1;67.71
2024-10-04;1314;44217;2;85.98
2024-10-04;1314;13315;2;93.38
2024-11-09;1314;62364;1;34.49
2024-11-09;1314;57912;2;26.58
2024-11-09;1314;57814;2;301.66
2024-11-09;1314;57816;2;120.66
2024-11-09;1314;57817;2;182.68
2024-11-09;1314;51957;1;14.95
2024-11-09;1314;15589;10;317.6
2024-11-09;1314;21141;15;476.85
2024-11-09;1314;35772;1;16.95
2024-11-09;1314;35416;5;76.85
2024-11-09;1314;48812;4;35.92
2024-11-09;1314;48813;7;62.86
2024-11-09;1314;15590;2;83.96
2024-11-09;1314;76834;1;5.22
2024-11-09;1314;1439;7;132.93
2024-11-09;1314;18064;93;398.04
2024-11-09;1314;9607;11;157.85
2024-11-09;1314;36857;11;43.45
2024-11-09;1314;5345;10;89.9
2024-11-09;1314;58701;1;58.35
2024-11-09;1314;20635;9;269.46
2024-11-09;1314;31330;5;327.2
2024-11-09;1314;44217;3;129.09
2024-11-09;1314;13315;1;46.58
2024-10-10;841;57912;1;8.79
2024-10-10;841;57817;2;131.42
2024-10-10;841;57814;7;766.5
2024-10-10;841;57816;3;131.4
2024-10-10;841;15590;2;65.38
2024-10-10;841;51957;1;7.71
2024-10-10;841;62782;1;7.55
2024-10-10;841;35772;2;25.04
2024-10-10;841;42076;4;32.56
2024-10-10;841;55917;2;18.26
2024-10-10;841;35416;1;11.13
2024-10-10;841;48812;1;7.61
2024-10-10;841;21141;5;129.65
2024-10-10;841;15589;4;103.16
2024-10-10;841;48813;1;7.34
2024-10-10;841;76834;1;3.34
2024-10-10;841;36857;3;7.41
2024-10-10;841;1439;2;30.96
2024-10-10;841;18064;29;74.24
2024-10-10;841;9607;10;90.1
2024-10-10;841;5345;6;33.72
2024-10-10;841;58701;3;136.17
2024-10-10;841;31330;2;102.12
2024-10-10;841;20635;2;49.48
2023-09-07;841;1439;2;30.2
2023-09-07;841;18064;25;56.25
2023-09-07;841;9607;4;32
2023-09-07;841;36857;4;6.84
2023-09-07;841;31330;1;51.5
2023-09-07;841;20635;2;46.74
2023-09-07;841;58701;1;42.86
2023-08-22;841;1439;2;30.2
2023-08-22;841;18064;37;83.25
2023-08-22;841;9607;1;8
2023-08-22;841;5345;0;0
2023-08-22;841;36857;4;6.84
2023-08-22;841;31330;2;103
2023-08-22;841;20635;3;70.11
2023-08-22;841;58701;1;42.86
2023-09-01;1314;57912;1;11.61
2024-11-07;841;57912;1;8.79
2024-11-07;841;57817;2;131.42
2024-11-07;841;57814;8;876
2024-11-07;841;57816;2;87.6
2024-11-07;841;15590;1;32.69
2024-11-07;841;35772;2;25.04
2024-11-07;841;42076;4;32.56
2024-11-07;841;51957;1;7.71
2024-11-07;841;62782;1;7.55
2024-11-07;841;48812;1;7.61
2024-11-07;841;55917;2;18.26
2024-11-07;841;35416;1;11.13
2024-11-07;841;21141;4;103.72
2024-11-07;841;15589;4;104
2024-11-07;841;48813;2;14.84
2024-11-07;841;76834;1;3.34
2024-11-07;841;36857;3;7.41
2024-11-07;841;18064;31;79.36
2024-11-07;841;9607;10;89.8
2024-11-07;841;5345;6;33.72
2024-11-07;841;1439;4;61.96
2024-11-07;841;58701;3;136.17
2024-11-07;841;31330;2;102.12
2024-11-07;841;20635;2;49.48
2024-02-13;841;57912;1;8.79
2024-02-13;841;57814;3;356.28
2024-02-13;841;48813;3;14.97
2024-02-13;841;42076;5;40.7
2024-02-13;841;55917;1;9.01
2024-02-13;841;62782;1;7.01
2024-02-13;841;15590;2;64.1
2024-02-13;841;35416;1;10.74
2024-02-13;841;51957;2;11.78
2024-02-13;841;48812;1;8.4
2024-02-13;841;15589;4;96.16
2024-02-13;841;21141;1;24.76
2024-02-13;841;35772;2;23.86
2024-02-13;841;1439;1;14.9
2024-02-13;841;18064;26;58.5
2024-02-13;841;9607;5;41.45
2024-02-13;841;5345;4;20.84
2024-02-13;841;36857;3;7.02
2024-02-13;1314;58701;1;53.37
2024-02-13;1314;31330;5;339.05
2024-02-13;1314;44217;3;125.34
2024-02-13;1314;20635;4;123.56
2024-02-13;1314;13315;0;0
2023-09-07;1314;62364;1;32.58
2024-11-22;841;57912;1;8.79
2024-11-22;841;57817;2;131.42
2024-11-22;841;57814;8;876
2024-11-22;841;57816;2;87.6
2024-11-22;841;35772;0;0
2024-11-22;841;51957;1;7.71
2024-11-22;841;55917;2;18.26
2024-11-22;841;62782;1;7.84
2024-11-22;841;35416;1;11.13
2024-11-22;841;48812;0;0
2024-11-22;841;15590;1;32.69
2024-11-22;841;42076;3;24.42
2024-11-22;841;21141;4;103.72
2024-11-22;841;15589;4;104
2024-11-22;841;48813;2;14.84
2024-11-22;841;76834;1;3.34
2024-11-22;841;18064;23;58.88
2024-11-22;841;9607;9;80.73
2024-11-22;841;1439;4;61.96
2024-11-22;841;5345;6;33.72
2024-11-22;841;36857;0;0
2024-11-22;841;31330;2;102.12
2024-11-22;841;58701;2;90.78
2024-11-22;841;20635;1;24.74
2024-10-03;1314;62364;1;34.49
2024-10-03;1314;57912;2;26.58
2024-10-03;1314;57814;2;301.66
2024-10-03;1314;57816;2;120.66
2024-10-03;1314;57817;2;182.68
2024-10-03;1314;51957;1;14.66
2024-10-03;1314;21141;3;95.37
2024-10-03;1314;15589;11;348.59
2024-10-03;1314;35416;5;76.7
2024-10-03;1314;35772;3;50.94
2024-10-03;1314;48813;3;26.94
2024-10-03;1314;48812;2;17.96
2024-10-03;1314;15590;2;83.96
2024-10-03;1314;76834;1;5.22
2024-10-03;1314;1439;5;94.85
2024-10-03;1314;18064;56;239.12
2024-10-03;1314;9607;9;129.33
2024-10-03;1314;36857;12;47.16
2024-10-03;1314;5345;8;71.92
2024-10-03;1314;58701;2;116.7
2024-10-03;1314;20635;10;309.8
2024-10-03;1314;31330;1;67.71
2024-10-03;1314;13315;2;93.38
2024-10-03;1314;44217;2;85.98
2024-12-21;1314;57912;2;26.58
2024-12-21;1314;62364;1;34.49
2024-12-21;1314;57814;2;301.66
2024-12-21;1314;57816;2;120.66
2024-12-21;1314;57817;2;182.68
2024-12-21;1314;15590;2;83.96
2024-12-21;1314;51957;1;14.95
2024-12-21;1314;15589;8;254.8
2024-12-21;1314;21141;11;349.69
2024-12-21;1314;35772;4;67.36
2024-12-21;1314;48812;5;44.9
2024-12-21;1314;48813;4;35.92
2024-12-21;1314;35416;3;46.11
2024-12-21;1314;76834;1;5.22
2024-12-21;1314;1439;6;113.94
2024-12-21;1314;18064;56;239.68
2024-12-21;1314;9607;6;86.04
2024-12-21;1314;36857;7;27.65
2024-12-21;1314;5345;8;71.84
2024-12-21;1314;58701;1;58.35
2024-12-21;1314;20635;10;296.7
2024-12-21;1314;31330;6;391.32
2024-12-21;1314;13315;5;232.75
2024-12-21;1314;44217;3;129.09
2024-12-21;841;57912;1;8.79
2024-12-21;841;57817;2;131.42
2024-12-21;841;57814;7;766.5
2024-12-21;841;57816;2;87.6
2024-12-21;841;51957;1;7.71
2024-12-21;841;55917;2;18.26
2024-12-21;841;62782;1;7.84
2024-12-21;841;35416;0;0
2024-12-21;841;15590;1;32.69
2024-12-21;841;35772;2;25.28
2024-12-21;841;42076;3;24.42
2024-12-21;841;48812;1;7.49
2024-12-21;841;21141;5;129.65
2024-12-21;841;15589;4;104.08
2024-12-21;841;48813;2;14.92
2024-12-21;841;76834;1;3.34
2024-12-21;841;1439;4;61.96
2024-12-21;841;18064;48;123.36
2024-12-21;841;9607;9;80.73
2024-12-21;841;5345;5;28.1
2024-12-21;841;36857;3;7.8
2024-12-21;841;31330;2;102.12
2024-12-21;841;58701;2;90.78
2024-12-21;841;20635;2;47
2023-09-29;1314;62364;1;32.58
2024-01-30;841;1439;1;14.9
2024-01-30;841;18064;31;69.75
2024-01-30;841;9607;5;41.35
2024-01-30;841;36857;3;7.02
2024-01-30;841;5345;0;0
2024-01-30;841;31330;1;51.5
2024-01-30;841;58701;1;42.86
2024-01-30;841;20635;1;23.33
2024-01-11;1314;62364;1;32.58
2024-01-23;841;1439;1;14.9
2024-01-23;841;18064;26;58.5
2024-01-23;841;9607;5;41.35
2024-01-23;841;5345;1;5.21
2024-01-23;841;36857;3;6.06
2024-01-23;841;31330;1;51.5
2024-01-23;841;58701;1;42.86
2024-01-23;841;20635;1;23.33
2024-01-23;841;57912;1;8.32
2024-01-23;841;57814;3;356.28
2024-01-23;841;48813;3;14.97
2024-01-23;841;62782;1;7.01
2024-01-23;841;42076;5;40.7
2024-01-23;841;48812;1;5.98
2024-01-23;841;55917;1;9.01
2024-01-23;841;51957;2;11.42
2024-01-23;841;15590;2;64.1
2024-01-23;841;35416;1;10.74
2024-01-23;841;15589;4;96.24
2024-01-23;841;21141;3;71.85
2024-01-23;841;35772;2;23.86
2024-10-21;841;57912;0;0
2024-10-21;841;57817;2;131.42
2024-10-21;841;57814;7;766.5
2024-10-21;841;57816;2;87.6
2024-10-21;841;15590;2;65.38
2024-10-21;841;35772;2;25.04
2024-10-21;841;42076;4;32.56
2024-10-21;841;51957;1;7.71
2024-10-21;841;62782;1;7.55
2024-10-21;841;55917;2;18.26
2024-10-21;841;35416;1;11.13
2024-10-21;841;48812;1;7.61
2024-10-21;841;21141;4;103.72
2024-10-21;841;15589;3;77.64
2024-10-21;841;48813;2;14.84
2024-10-21;841;76834;1;3.34
2024-10-21;841;36857;3;7.41
2024-10-21;841;18064;44;112.64
2024-10-21;841;9607;10;90.1
2024-10-21;841;5345;6;33.72
2024-10-21;841;1439;1;15.49
2024-10-21;841;58701;3;136.17
2024-10-21;841;31330;2;102.12
2024-10-21;841;20635;2;49.48
2024-12-28;841;57912;1;8.79
2024-12-28;841;57817;2;131.42
2024-12-28;841;57814;1;109.5
2024-12-28;841;57816;2;87.6
2024-12-28;841;51957;1;7.71
2024-12-28;841;55917;2;18.26
2024-12-28;841;62782;1;7.84
2024-12-28;841;15590;1;32.69
2024-12-28;841;35772;2;25.28
2024-12-28;841;35416;1;11.26
2024-12-28;841;42076;3;24.42
2024-12-28;841;48812;1;7.49
2024-12-28;841;21141;3;77.79
2024-12-28;841;15589;4;104.08
2024-12-28;841;48813;2;14.92
2024-12-28;841;76834;1;3.34
2024-12-28;841;1439;4;61.96
2024-12-28;841;18064;39;100.23
2024-12-28;841;9607;9;80.73
2024-12-28;841;5345;5;28.1
2024-12-28;841;36857;3;7.8
2024-12-28;841;31330;2;102.12
2024-12-28;841;58701;2;90.78
2024-12-28;841;20635;2;47
2024-02-14;841;31330;0;0
2024-02-14;841;58701;1;42.86
2024-02-14;841;20635;1;23.33
2024-11-06;1314;62364;1;34.49
2024-11-06;1314;57912;2;26.58
2024-11-06;1314;57814;2;301.66
2024-11-06;1314;57816;2;120.66
2024-11-06;1314;57817;2;182.68
2024-11-06;1314;51957;1;14.95
2024-11-06;1314;15589;8;253.68
2024-11-06;1314;21141;8;254.32
2024-11-06;1314;35772;3;50.94
2024-11-06;1314;35416;5;76.85
2024-11-06;1314;48812;4;35.92
2024-11-06;1314;48813;7;62.86
2024-11-06;1314;15590;2;83.96
2024-11-06;1314;76834;1;5.22
2024-11-06;1314;1439;7;132.93
2024-11-06;1314;18064;99;423.72
2024-11-06;1314;9607;8;114.96
2024-11-06;1314;36857;9;35.55
2024-11-06;1314;5345;10;89.9
2024-11-06;1314;58701;1;58.35
2024-11-06;1314;20635;6;180.66
2024-11-06;1314;31330;2;132.58
2024-11-06;1314;44217;3;129.09
2024-11-06;1314;13315;3;139.74
2024-02-03;1314;62364;1;32.58
2024-02-28;1314;57912;2;26.16
2024-02-28;1314;57816;2;126.64
2024-02-28;1314;57814;2;316.64
2024-02-28;1314;15590;1;40.45
2024-02-28;1314;48812;4;39.68
2024-02-28;1314;48813;3;23.52
2024-02-28;1314;15589;6;176.7
2024-02-28;1314;21141;3;91.53
2024-02-28;1314;35416;5;74.45
2024-02-28;1314;51957;3;37.68
2024-11-06;841;57912;1;8.79
2024-11-06;841;57817;2;131.42
2024-11-06;841;57814;8;876
2024-11-06;841;57816;2;87.6
2024-11-06;841;15590;1;32.69
2024-11-06;841;35772;2;25.04
2024-11-06;841;42076;4;32.56
2024-11-06;841;51957;1;7.71
2024-11-06;841;62782;1;7.55
2024-11-06;841;48812;1;7.61
2024-11-06;841;55917;2;18.26
2024-11-06;841;35416;1;11.13
2024-11-06;841;21141;4;103.72
2024-11-06;841;15589;4;104
2024-11-06;841;48813;2;14.84
2024-11-06;841;76834;1;3.34
2024-11-06;841;36857;3;7.41
2024-11-06;841;18064;33;84.48
2024-11-06;841;9607;10;89.8
2024-11-06;841;5345;6;33.72
2024-11-06;841;1439;4;61.96
2024-11-06;841;58701;3;136.17
2024-11-06;841;31330;2;102.12
2024-11-06;841;20635;2;49.48
2024-02-09;841;57912;0;0
2024-02-09;841;57814;3;356.28
2024-02-09;841;48813;3;14.97
2024-02-09;841;42076;5;40.7
2024-02-09;841;55917;1;9.01
2024-02-09;841;62782;1;7.01
2024-02-09;841;35416;1;10.74
2024-02-09;841;51957;2;11.78
2024-02-09;841;15590;2;64.1
2024-02-09;841;48812;1;8.4
2024-02-09;841;15589;3;72.15
2024-02-09;841;21141;3;74.28
2024-02-09;841;35772;2;23.86
2024-02-09;841;1439;1;14.9
2024-02-09;841;18064;25;56.25
2024-02-09;841;9607;5;41.45
2024-02-09;841;36857;3;7.02
2024-02-09;841;5345;5;26.05
2024-02-09;841;31330;1;51.5
2024-02-09;841;58701;1;42.86
2024-02-09;841;20635;1;23.33
2024-02-09;1314;20635;3;92.67
2024-02-09;1314;13315;3;139.77
2024-02-09;1314;44217;3;125.34
2024-03-01;1314;57912;2;26.16
2024-03-01;1314;57816;2;126.64
2024-03-01;1314;57814;2;316.64
2024-03-01;1314;15590;1;40.45
2024-03-01;1314;48812;4;39.68
2024-03-01;1314;48813;3;23.52
2024-03-01;1314;15589;7;206.15
2024-03-01;1314;21141;4;121.92
2024-03-01;1314;35416;6;89.34
2024-03-01;1314;51957;3;37.68
2024-03-12;1314;15590;1;40.45
2024-03-12;1314;48812;4;39.68
2024-03-12;1314;51957;3;37.68
2024-03-12;1314;48813;2;15.68
2024-03-12;1314;15589;7;206.15
2024-03-12;1314;21141;4;121.8
2024-03-12;1314;35416;5;74.45
2024-03-12;1314;18064;91;353.99
2024-03-12;1314;9607;8;108.32
2024-03-12;1314;1439;3;54.72
2024-03-12;1314;36857;6;22.56
2024-03-12;1314;5345;7;59.15
2024-03-12;1314;58701;0;0
2024-03-12;1314;31330;4;271.24
2024-03-12;1314;44217;2;83.56
2024-03-12;1314;20635;4;123.56
2024-03-12;1314;13315;3;139.77
2024-03-12;841;1439;1;14.9
2024-03-12;841;18064;24;54.24
2024-03-12;841;9607;3;25.32
2024-03-12;841;5345;4;20.88
2024-03-12;841;36857;3;7.11
2024-03-12;841;31330;1;50.71
2024-03-12;841;58701;2;90.5
2024-03-12;841;20635;1;23.33
2024-05-27;1314;57912;2;26.16
2024-05-27;1314;57814;2;301.66
2024-05-27;1314;57816;2;126.64
2024-05-27;1314;51957;1;12.56
2024-05-27;1314;15590;0;0
2024-05-27;1314;15589;5;154.95
2024-05-27;1314;21141;5;158.85
2024-05-27;1314;35416;1;15.05
2024-05-27;1314;48813;2;17.42
2024-05-27;1314;48812;2;18.02
2024-05-27;1314;18064;99;403.92
2024-05-27;1314;9607;16;221.92
2024-05-27;1314;1439;7;129.78
2024-05-27;1314;36857;6;23.1
2024-05-27;1314;5345;11;94.93
2024-05-27;1314;58701;1;56.56
2024-05-27;1314;20635;1;29.34
2024-05-27;1314;13315;5;235.05
2024-05-27;1314;31330;2;135.62
2024-05-27;1314;44217;3;129.6
2024-05-27;841;57912;4;35.16
2024-05-27;841;57814;2;219
2024-05-27;841;57816;3;131.4
2024-05-27;841;35772;3;37.56
2024-05-27;841;42076;5;40.7
2024-05-27;841;15590;3;98.07
2024-05-27;841;35416;1;10.74
2024-05-27;841;48813;2;9.98
2024-05-27;841;51957;1;5.89
2024-05-27;841;55917;1;9.01
2024-05-27;841;62782;1;7.55
2024-05-27;841;21141;3;77.97
2024-05-27;841;15589;4;99.28
2024-05-27;841;48812;3;22.83
2024-05-27;841;1439;1;15.06
2024-05-27;841;36857;3;7.23
2024-05-27;841;18064;59;138.65
2024-05-27;841;9607;4;34.4
2024-05-27;841;5345;3;15.78
2024-05-27;841;31330;1;50.71
2024-05-27;841;20635;1;23.08
2024-05-27;841;58701;3;136.14
2024-03-18;841;18064;13;29.38
2024-03-18;841;9607;3;25.32
2024-03-18;841;5345;4;20.88
2024-03-18;841;36857;3;7.11
2024-03-18;841;31330;1;50.71
2024-03-18;841;58701;2;90.5
2024-03-18;841;20635;1;23.33
2024-04-13;1314;57912;2;26.16
2024-04-13;1314;57816;2;126.64
2024-04-13;1314;57814;2;316.64
2024-04-13;1314;15590;1;40.45
2024-04-13;1314;51957;3;37.68
2024-04-13;1314;48812;1;9.92
2024-04-13;1314;15589;3;88.32
2024-04-13;1314;21141;3;91.14
2024-04-13;1314;35416;6;89.34
2024-04-13;1314;48813;1;8.05
2024-03-04;841;1439;1;14.9
2024-03-04;841;18064;15;33.75
2024-03-04;841;9607;4;33.16
2024-03-04;841;5345;3;15.63
2024-03-04;841;36857;2;4.68
2024-03-04;841;31330;1;50.71
2024-03-04;841;58701;0;0
2024-03-04;841;20635;1;23.33
2024-04-16;841;57912;4;35.16
2024-04-16;841;57816;0;0
2024-04-16;841;57814;0;0
2024-04-16;841;48813;3;14.97
2024-04-16;841;42076;5;40.7
2024-04-16;841;51957;2;11.78
2024-04-16;841;55917;1;9.01
2024-04-16;841;62782;1;7.55
2024-04-16;841;35772;3;35.79
2024-04-16;841;15590;3;98.07
2024-04-16;841;35416;1;10.74
2024-04-16;841;48812;1;8.4
2024-04-16;841;15589;2;48.04
2024-04-16;841;21141;1;24.74
2024-04-16;841;1439;1;14.9
2024-04-16;841;36857;3;7.23
2024-04-16;841;18064;16;36.8
2024-04-16;841;9607;4;33.76
2024-04-16;841;5345;3;15.69
2024-04-18;841;57912;4;35.16
2024-04-18;841;57816;0;0
2024-04-18;841;57814;0;0
2024-04-18;841;48813;3;14.97
2024-04-18;841;42076;5;40.7
2024-04-18;841;51957;2;11.78
2024-04-18;841;55917;1;9.01
2024-04-18;841;62782;1;7.55
2024-04-18;841;35772;3;35.79
2024-04-18;841;35416;1;10.74
2024-04-18;841;15590;3;98.07
2024-04-18;841;48812;1;8.4
2024-04-18;841;15589;2;48.04
2024-04-18;841;21141;4;98.96
2024-04-18;841;1439;1;14.9
2024-04-18;841;36857;3;7.23
2024-04-18;841;18064;17;39.27
2024-04-18;841;9607;2;16.88
2024-04-18;841;5345;3;15.69
2024-04-18;1314;57912;2;26.16
2024-04-18;1314;57816;2;126.64
2024-04-18;1314;57814;2;316.64
2024-04-18;1314;15590;1;40.45
2024-04-18;1314;51957;3;37.68
2024-04-18;1314;48812;1;9.92
2024-04-18;1314;15589;2;59.24
2024-04-18;1314;21141;3;91.35
2024-04-18;1314;35416;5;74.45
2024-04-18;1314;48813;3;24.99
2024-02-16;1314;62364;1;32.58
2024-02-23;1314;57912;2;26.16
2024-02-23;1314;57816;2;126.64
2024-02-23;1314;57814;2;316.64
2024-02-23;1314;15590;2;80.9
2024-02-23;1314;48812;4;39.68
2024-02-23;1314;48813;3;23.52
2024-02-23;1314;15589;4;117.92
2024-02-23;1314;21141;2;61.08
2024-02-23;1314;35416;6;89.34
2024-02-23;1314;51957;3;37.68
2024-02-23;1314;18064;205;797.45
2024-02-23;1314;9607;15;202.8
2024-03-16;1314;57912;2;26.16
2024-03-16;1314;57816;2;126.64
2024-03-16;1314;57814;2;316.64
2024-03-16;1314;15590;1;40.45
2024-03-16;1314;48812;4;39.68
2024-03-16;841;57912;1;8.79
2024-03-16;841;57816;3;142.5
2024-03-16;841;57814;2;237.52
2024-03-16;841;48813;3;14.97
2024-03-16;841;42076;5;40.7
2024-03-16;841;51957;2;11.78
2024-03-16;841;55917;1;9.01
2024-03-16;841;62782;0;0
2024-03-16;841;35772;3;35.79
2024-03-16;841;35416;1;10.74
2024-03-16;841;48812;1;8.4
2024-03-16;841;15589;3;72.09
2024-03-16;841;21141;3;74.31
2024-03-16;841;15590;1;32.05
2024-03-16;841;1439;1;14.9
2024-02-15;1314;57912;2;26.16
2024-02-15;1314;57816;2;126.64
2024-02-15;1314;57814;2;316.64
2024-02-15;1314;15590;2;80.9
2024-02-15;1314;48812;4;39.68
2024-02-15;1314;48813;3;23.52
2024-02-15;1314;15589;7;206.36
2024-02-15;1314;21141;4;122.28
2024-02-15;1314;35416;5;74.45
2024-02-15;1314;51957;3;37.68
2024-02-15;1314;18064;251;976.39
2024-02-15;1314;9607;19;256.88
2024-02-15;1314;1439;2;36.58
2024-02-15;1314;36857;7;26.25
2024-02-15;1314;5345;8;67.12
2024-02-15;1314;58701;1;53.37
2024-02-15;1314;31330;5;339.05
2024-02-15;1314;44217;3;125.34
2024-02-15;1314;20635;6;185.34
2024-02-15;1314;13315;0;0
2024-05-17;1314;57912;2;26.16
2024-05-17;1314;57814;0;0
2024-05-17;1314;57816;2;126.64
2024-05-17;1314;51957;1;12.56
2024-05-17;1314;15590;1;40.85
2024-05-17;1314;48812;1;9.02
2024-05-17;1314;15589;3;92.97
2024-05-17;1314;21141;7;221.76
2024-05-17;1314;35416;2;29.88
2024-05-17;1314;48813;2;17.22
2024-05-17;1314;18064;55;222.2
2024-05-17;1314;9607;20;277
2024-05-17;1314;1439;6;111.12
2024-05-17;1314;36857;3;11.46
2024-05-17;1314;5345;3;25.77
2024-05-17;1314;58701;1;56.56
2024-05-17;1314;20635;9;264.96
2024-05-17;1314;13315;5;235.05
2024-05-17;1314;31330;3;203.43
2024-05-17;1314;44217;3;129.87
2024-02-12;1314;58701;1;53.37
2024-02-12;1314;31330;5;339.05
2024-02-12;1314;44217;3;125.34
2024-02-12;1314;20635;4;123.56
2024-02-12;1314;13315;0;0
2024-02-27;1314;57912;2;26.16
2024-02-27;1314;57816;2;126.64
2024-02-27;1314;57814;2;316.64
2024-02-27;1314;15590;2;80.9
2024-02-27;1314;48812;4;39.68
2024-02-27;1314;48813;3;23.52
2024-02-27;1314;15589;4;117.84
2024-02-27;1314;21141;3;91.56
2024-02-27;1314;35416;5;74.45
2024-02-27;1314;51957;3;37.68
2024-02-22;841;31330;1;50.71
2024-02-22;841;58701;0;0
2024-02-22;841;20635;0;0
2024-02-13;841;31330;0;0
2024-02-13;841;58701;1;42.86
2024-02-13;841;20635;1;23.33
2024-12-05;1314;57912;2;26.58
2024-12-05;1314;62364;1;34.49
2024-12-05;1314;57814;2;301.66
2024-12-05;1314;57816;2;120.66
2024-12-05;1314;57817;2;182.68
2024-12-05;1314;15590;2;83.96
2024-12-05;1314;51957;1;14.95
2024-12-05;1314;15589;9;286.47
2024-12-05;1314;21141;12;381.48
2024-12-05;1314;35772;4;67.36
2024-12-05;1314;48812;5;44.9
2024-12-05;1314;48813;5;44.9
2024-12-05;1314;35416;5;76.85
2024-12-05;1314;76834;1;5.22
2024-12-05;1314;1439;7;132.93
2024-12-05;1314;18064;77;329.56
2024-12-05;1314;9607;8;114.8
2024-12-05;1314;36857;11;43.45
2024-12-05;1314;5345;9;80.91
2024-12-05;1314;58701;2;116.7
2024-12-05;1314;20635;9;267.21
2024-12-05;1314;31330;4;261.2
2024-12-05;1314;13315;5;232.75
2024-12-05;1314;44217;3;129.09
2024-02-17;1314;57912;2;26.16
2024-02-17;1314;57816;2;126.64
2024-02-17;1314;57814;2;316.64
2024-02-17;1314;15590;2;80.9
2024-02-17;1314;48812;4;39.68
2024-02-17;1314;48813;3;23.52
2024-02-17;1314;15589;5;147.4
2024-02-17;1314;21141;3;91.71
2024-02-17;1314;35416;5;74.45
2024-02-17;1314;51957;3;37.68
2024-02-17;1314;18064;239;929.71
2024-02-17;1314;9607;16;216.32
2024-02-17;1314;1439;2;36.58
2024-02-17;1314;36857;7;26.25
2024-02-17;1314;5345;8;67.12
2024-02-17;1314;58701;1;53.37
2024-03-16;1314;62364;1;32.58
2024-02-26;1314;57912;2;26.16
2024-02-26;1314;57816;2;126.64
2024-02-26;1314;57814;2;316.64
2024-02-26;1314;15590;2;80.9
2024-02-26;1314;48812;4;39.68
2024-02-26;1314;48813;3;23.52
2024-02-26;1314;15589;5;147.3
2024-02-26;1314;21141;3;91.56
2024-02-26;1314;35416;5;74.45
2024-02-26;1314;51957;3;37.68
2024-02-26;1314;18064;240;933.6
2024-02-26;1314;9607;17;230.01
2024-03-04;1314;57912;2;26.16
2024-03-04;1314;57816;2;126.64
2024-03-04;1314;57814;2;316.64
2024-03-04;1314;15590;1;40.45
2024-03-04;1314;48812;4;39.68
2024-03-04;1314;48813;3;23.52
2024-03-04;1314;15589;6;176.7
2024-03-04;1314;21141;3;91.44
2024-03-04;1314;35416;6;89.34
2024-03-04;1314;51957;3;37.68
2024-03-04;1314;18064;174;676.86
2024-03-04;1314;9607;13;175.89
2024-03-04;1314;1439;1;18.25
2024-03-04;1314;36857;3;11.25
2024-03-04;1314;5345;6;50.7
2024-03-04;1314;58701;1;53.37
2024-03-04;1314;31330;5;339.05
2024-03-04;1314;44217;2;83.56
2024-03-04;1314;20635;3;92.67
2024-03-04;1314;13315;3;139.77
2024-03-05;841;57912;1;8.79
2024-03-05;841;57816;3;142.5
2024-03-05;841;57814;2;237.52
2024-03-05;841;48813;3;14.97
2024-03-05;841;42076;5;40.7
2024-03-05;841;51957;2;11.78
2024-03-05;841;55917;1;9.01
2024-03-05;841;62782;1;7.01
2024-03-05;841;15590;1;32.05
2024-03-05;841;35416;1;10.74
2024-03-05;841;48812;0;0
2024-03-05;841;15589;3;72.09
2024-03-05;841;21141;3;74.31
2024-03-05;841;35772;3;35.79
2024-06-12;1314;57912;0;0
2024-06-12;1314;57814;2;301.66
2024-06-12;1314;57816;2;126.64
2024-06-12;1314;57817;2;182.68
2024-06-12;1314;51957;0;0
2024-06-12;1314;15590;1;40.85
2024-06-12;1314;15589;4;123.96
2024-06-12;1314;21141;4;126.96
2024-06-12;1314;35416;1;15.09
2024-06-12;1314;35772;0;0
2024-06-12;1314;48813;2;17.42
2024-06-12;1314;48812;0;0
2024-06-12;1314;18064;59;241.31
2024-06-12;1314;9607;7;98.07
2024-06-12;1314;1439;5;92.85
2024-06-12;1314;36857;3;11.55
2024-06-12;1314;5345;10;86.8
2024-06-12;1314;58701;1;56.56
2024-06-12;1314;20635;5;146
2024-06-12;1314;31330;3;199.38
2024-06-12;1314;13315;4;188.04
2024-06-12;1314;44217;3;129.6
2024-05-11;1314;57912;2;26.16
2024-05-11;1314;57814;0;0
2024-05-11;1314;57816;2;126.64
2024-05-11;1314;51957;1;12.56
2024-05-11;1314;15590;1;40.85
2024-05-11;1314;48812;1;9.02
2024-05-11;1314;15589;3;92.97
2024-05-11;1314;21141;2;61.22
2024-05-11;1314;35416;4;59.76
2024-05-11;1314;48813;4;34.44
2024-05-11;1314;18064;75;303
2024-05-11;1314;9607;12;166.08
2024-05-11;1314;1439;4;73.96
2024-05-11;1314;36857;6;22.92
2024-05-11;1314;5345;4;34.16
2024-05-11;1314;58701;0;0
2024-05-11;1314;20635;13;382.72
2024-05-11;1314;13315;5;235.05
2024-05-11;1314;31330;3;203.43
2024-05-11;1314;44217;0;0
2024-05-10;841;57814;0;0
2024-05-10;841;57816;0;0
2024-05-10;841;35772;1;11.93
2024-05-10;841;42076;5;40.7
2024-05-10;841;48813;3;14.97
2024-05-10;841;51957;1;5.89
2024-05-10;841;55917;1;9.01
2024-05-10;841;15590;3;98.07
2024-05-10;841;35416;1;10.74
2024-05-10;841;62782;1;7.55
2024-05-10;841;15589;4;98.32
2024-05-10;841;21141;2;49.48
2024-05-10;841;48812;3;22.83
2024-05-10;841;1439;1;15.06
2024-05-10;841;36857;3;7.23
2024-05-10;841;18064;44;102.52
2024-05-10;841;9607;5;42.25
2024-05-10;841;5345;2;10.46
2024-05-10;841;20635;1;23.08
2024-05-10;841;31330;1;50.71
2024-05-10;841;58701;1;45.25
2024-05-10;841;57912;4;35.16
2024-05-28;1314;57912;2;26.16
2024-05-28;1314;57814;2;301.66
2024-05-28;1314;57816;2;126.64
2024-05-28;1314;51957;1;12.56
2024-05-28;1314;15590;0;0
2024-05-28;1314;15589;3;92.97
2024-05-28;1314;21141;5;158.85
2024-05-28;1314;35416;1;15.05
2024-05-28;1314;48813;2;17.42
2024-05-28;1314;48812;2;18.02
2024-05-28;1314;18064;90;367.2
2024-05-28;1314;9607;15;208.05
2024-05-28;1314;1439;7;129.78
2024-05-28;1314;36857;6;23.1
2024-05-28;1314;5345;11;94.93
2024-05-28;1314;58701;1;56.56
2024-05-28;1314;20635;1;29.34
2024-05-28;1314;13315;5;235.05
2024-05-28;1314;31330;2;135.62
2024-05-28;1314;44217;3;129.6
2024-05-28;841;57912;4;35.16
2024-05-28;841;57814;0;0
2024-05-28;841;57816;3;131.4
2024-05-28;841;35772;3;37.56
2024-05-28;841;42076;5;40.7
2024-05-28;841;15590;3;98.07
2024-05-28;841;35416;1;10.74
2024-05-28;841;48813;2;9.98
2024-05-28;841;51957;1;5.89
2024-05-28;841;55917;1;9.01
2024-05-28;841;62782;1;7.55
2024-05-28;841;21141;2;51.98
2024-05-28;841;15589;4;99.28
2024-05-28;841;48812;3;22.83
2024-05-28;841;1439;1;15.06
2024-05-28;841;36857;3;7.23
2024-05-28;841;18064;58;136.3
2024-05-28;841;9607;3;25.8
2024-05-28;841;5345;3;15.78
2024-05-28;841;31330;1;50.71
2024-05-28;841;20635;1;23.08
2024-05-28;841;58701;3;136.14
2024-05-25;841;57912;4;35.16
2024-05-25;841;57814;0;0
2024-05-25;841;57816;0;0
2024-05-25;841;35772;3;37.56
2024-05-25;841;42076;5;40.7
2024-05-25;841;15590;3;98.07
2024-05-25;841;35416;1;10.74
2024-05-25;841;48813;2;9.98
2024-05-25;841;51957;1;5.89
2024-05-25;841;55917;1;9.01
2024-05-25;841;62782;1;7.55
2024-05-25;841;21141;3;77.97
2024-05-25;841;15589;4;99.28
2024-05-25;841;48812;3;22.83
2024-05-25;841;1439;1;15.06
2024-05-25;841;36857;3;7.23
2024-05-25;841;18064;54;126.9
2024-05-25;841;9607;5;43
2024-05-25;841;5345;3;15.78
2024-05-25;841;31330;1;50.71
2024-05-25;841;20635;1;23.08
2024-05-25;841;58701;2;90.72
2024-03-15;841;57912;1;8.79
2024-03-15;841;57816;3;142.5
2024-03-15;841;57814;2;237.52
2024-03-15;841;48813;3;14.97
2024-03-15;841;42076;5;40.7
2024-03-15;841;51957;2;11.78
2024-03-15;841;55917;1;9.01
2024-03-15;841;62782;0;0
2024-03-15;841;35772;3;35.79
2024-03-15;841;35416;1;10.74
2024-03-15;841;48812;1;8.4
2024-03-15;841;15589;3;72.09
2024-03-15;841;21141;3;74.31
2024-03-15;841;15590;1;32.05
2024-03-15;841;1439;1;14.9
2024-03-15;841;18064;20;45.2
2024-03-15;841;9607;3;25.32
2024-03-15;1314;57912;2;26.16
2024-03-15;1314;57816;2;126.64
2024-03-15;1314;57814;2;316.64
2024-03-15;1314;15590;1;40.45
2024-03-15;1314;48812;4;39.68
2024-04-16;1314;57912;2;26.16
2024-04-16;1314;57816;2;126.64
2024-04-16;1314;57814;2;316.64
2024-04-16;1314;15590;1;40.45
2024-04-16;1314;51957;3;37.68
2024-04-16;1314;48812;1;9.92
2024-04-16;1314;15589;2;59.24
2024-04-16;1314;21141;3;91.14
2024-04-16;1314;35416;6;89.34
2024-04-16;1314;48813;3;24.99
2024-05-29;1314;57912;2;26.16
2024-05-29;1314;57814;2;301.66
2024-05-29;1314;57816;2;126.64
2024-05-29;1314;51957;1;12.56
2024-05-29;1314;15590;0;0
2024-05-29;1314;15589;3;92.97
2024-05-29;1314;21141;5;158.85
2024-05-29;1314;35416;1;15.05
2024-05-29;1314;48813;2;17.42
2024-05-29;1314;48812;2;18.02
2024-05-29;1314;18064;95;387.6
2024-05-29;1314;9607;15;208.05
2024-05-29;1314;1439;7;129.78
2024-05-29;1314;36857;6;23.1
2024-05-29;1314;5345;11;94.93
2024-05-29;1314;58701;0;0
2024-05-29;1314;20635;5;146.1
2024-05-29;1314;13315;5;235.05
2024-05-29;1314;31330;2;135.62
2024-05-29;1314;44217;3;129.6
2024-06-19;1314;57912;1;13.29
2024-06-19;1314;57814;2;301.66
2024-06-19;1314;57816;2;126.64
2024-06-19;1314;57817;2;182.68
2024-06-19;1314;51957;1;14.66
2024-06-19;1314;15589;3;92.97
2024-06-19;1314;21141;5;158.75
2024-06-19;1314;35416;2;30.2
2024-06-19;1314;35772;3;50.94
2024-06-19;1314;48813;0;0
2024-06-19;1314;15590;1;40.85
2024-06-19;1314;48812;0;0
2024-06-19;1314;18064;47;194.11
2024-06-19;1314;9607;12;169.44
2024-06-19;1314;1439;5;93
2024-06-19;1314;36857;1;3.85
2024-06-19;1314;5345;6;52.08
2024-06-19;1314;58701;1;56.56
2024-06-19;1314;20635;8;233.92
2024-06-19;1314;13315;4;188.04
2024-06-19;1314;31330;3;199.38
2024-06-19;1314;44217;2;86.4
2024-06-19;841;57912;4;35.16
2024-06-19;841;57817;2;131.4
2024-06-19;841;57814;2;219
2024-06-19;841;57816;4;175.2
2024-06-19;841;35416;1;10.74
2024-06-19;841;42076;4;32.56
2024-06-19;841;15590;3;98.07
2024-06-19;841;35772;3;37.56
2024-06-19;841;48813;2;9.98
2024-06-19;841;51957;1;7.71
2024-06-19;841;55917;1;9.01
2024-06-19;841;62782;1;7.55
2024-06-19;841;21141;2;51.78
2024-06-19;841;15589;2;50.54
2024-06-19;841;48812;2;15.22
2024-06-19;841;1439;1;15.06
2024-06-19;841;18064;29;70.76
2024-06-19;841;9607;3;26.28
2024-06-19;841;5345;5;27.9
2024-06-19;841;36857;1;2.41
2024-06-19;841;20635;1;23.3
2024-06-19;841;31330;1;50.37
2024-06-19;841;58701;3;136.17
2024-04-11;841;57912;4;35.16
2024-04-11;841;57816;3;128.52
2024-04-11;841;57814;2;237.52
2024-04-11;841;48813;3;14.97
2024-04-11;841;42076;5;40.7
2024-04-11;841;51957;2;11.78
2024-04-11;841;55917;1;9.01
2024-04-11;841;62782;1;7.55
2024-04-11;841;35772;3;35.79
2024-04-11;841;15590;3;98.07
2024-04-11;841;35416;1;10.74
2024-04-11;841;48812;1;8.4
2024-04-11;841;15589;2;48.04
2024-04-11;841;21141;3;74.22
2024-04-11;841;1439;1;14.9
2024-04-11;841;36857;3;7.23
2024-04-11;841;18064;17;39.1
2024-04-11;841;9607;3;25.32
2024-04-11;1314;57912;2;26.16
2024-04-11;1314;57816;2;126.64
2024-04-11;1314;57814;2;316.64
2024-04-11;1314;15590;1;40.45
2024-04-11;1314;51957;3;37.68
2024-04-11;1314;48812;1;9.92
2024-04-11;1314;15589;3;88.32
2024-04-11;1314;21141;3;91.14
2024-04-11;1314;35416;6;89.34
2024-04-11;1314;48813;1;8.05
2024-03-09;841;57912;1;8.79
2024-03-09;841;57816;3;142.5
2024-03-09;841;57814;2;237.52
2024-03-09;841;48813;3;14.97
2024-03-09;841;42076;5;40.7
2024-03-09;841;51957;2;11.78
2024-03-09;841;55917;1;9.01
2024-03-09;841;62782;1;7.01
2024-03-09;841;35772;3;35.79
2024-03-09;841;35416;1;10.74
2024-03-09;841;48812;1;8.4
2024-03-09;841;15589;4;96.12
2024-03-09;841;21141;3;74.31
2024-03-09;841;15590;1;32.05
2024-03-23;1314;57912;2;26.16
2024-03-23;1314;57816;2;126.64
2024-03-23;1314;57814;2;316.64
2024-03-23;1314;15590;1;40.45
2024-03-23;1314;48812;3;29.76
2024-03-23;1314;51957;3;37.68
2024-03-23;1314;15589;5;147.25
2024-03-23;1314;21141;4;121.76
2024-03-23;1314;35416;4;59.56
2024-03-23;1314;48813;2;15.68
2024-03-23;1314;18064;113;440.7
2024-03-23;1314;9607;12;162.96
2024-03-23;1314;1439;3;54.6
2024-03-23;1314;36857;7;26.39
2024-03-23;1314;5345;3;25.35
2024-03-23;1314;58701;1;56.35
2024-03-23;1314;44217;2;83.56
2024-03-23;1314;31330;4;271.24
2024-03-23;1314;20635;6;185.28
2024-03-23;1314;13315;2;93.18
2024-03-21;841;57912;1;8.79
2024-03-21;841;57816;3;142.5
2024-03-21;841;57814;2;237.52
2024-03-21;841;48813;3;14.97
2024-03-21;841;42076;5;40.7
2024-03-21;841;51957;2;11.78
2024-03-21;841;55917;1;9.01
2024-03-21;841;62782;1;7.55
2024-03-21;841;35772;3;35.79
2024-03-21;841;35416;1;10.74
2024-03-21;841;48812;1;8.4
2024-03-21;841;15589;3;72.09
2024-03-21;841;21141;2;49.54
2024-03-21;841;15590;3;98.07
2024-03-21;841;1439;1;14.9
2024-03-21;841;18064;22;49.72
2024-03-21;841;9607;1;8.44
2024-03-21;841;5345;4;20.88
2024-03-21;841;36857;3;7.11
2024-03-21;1314;57912;2;26.16
2024-03-21;1314;57816;2;126.64
2024-03-21;1314;57814;2;316.64
2024-03-21;1314;15590;1;40.45
2024-03-21;1314;48812;4;39.68
2024-03-21;1314;51957;3;37.68
2024-03-21;1314;48813;2;15.68
2024-03-21;1314;15589;5;147.25
2024-03-21;1314;21141;5;152.2
2024-03-21;1314;35416;2;29.78
2024-03-25;1314;58701;1;56.35
2024-03-25;1314;44217;2;83.56
2024-03-25;1314;31330;4;271.24
2024-03-25;1314;20635;6;185.28
2024-03-25;1314;13315;2;93.18
2024-06-11;841;57912;4;35.16
2024-06-11;841;57817;2;131.4
2024-06-11;841;57814;0;0
2024-06-11;841;57816;1;43.8
2024-06-11;841;42076;4;32.56
2024-06-11;841;15590;3;98.07
2024-06-11;841;35416;1;10.74
2024-06-11;841;35772;3;37.56
2024-06-11;841;48812;2;15.22
2024-06-11;841;48813;2;9.98
2024-06-11;841;51957;1;7.71
2024-06-11;841;55917;1;9.01
2024-06-11;841;62782;1;7.55
2024-06-11;841;21141;5;129.4
2024-06-11;841;15589;4;101
2024-06-11;841;36857;1;2.41
2024-06-11;841;1439;1;15.06
2024-06-11;841;18064;30;70.5
2024-06-11;841;9607;3;25.98
2024-06-11;841;5345;1;5.26
2024-06-11;841;31330;1;50.37
2024-06-11;841;20635;0;0
2024-06-11;841;58701;3;136.17
2024-05-01;841;57912;4;35.16
2024-05-01;841;57814;2;219
2024-05-01;841;57816;2;83.82
2024-05-01;841;42076;5;40.7
2024-05-01;841;48813;3;14.97
2024-05-01;841;51957;1;5.89
2024-05-01;841;55917;1;9.01
2024-05-01;841;35772;3;35.79
2024-05-01;841;35416;1;10.74
2024-05-01;841;15590;3;98.07
2024-05-01;841;48812;1;7.76
2024-05-01;841;62782;1;7.55
2024-05-01;841;15589;3;73.02
2024-05-01;841;21141;5;123.7
2024-05-01;841;1439;0;0
2024-05-01;841;36857;3;7.23
2024-05-01;841;18064;15;34.95
2024-05-01;841;9607;7;59.15
2024-05-01;841;5345;3;15.69
2024-05-01;841;31330;1;50.71
2024-05-01;841;20635;0;0
2024-05-01;841;58701;2;90.5
2024-06-08;1314;57912;0;0
2024-06-08;1314;57814;2;301.66
2024-06-08;1314;18064;128;523.52
2024-06-08;1314;9607;6;83.46
2024-06-08;1314;1439;5;92.7
2024-06-08;1314;36857;5;19.25
2024-06-08;1314;5345;9;77.85
2024-06-08;1314;58701;1;56.56
2024-06-08;1314;20635;4;116.8
2024-06-08;1314;31330;3;199.38
2024-06-08;1314;13315;4;188.04
2024-06-08;1314;44217;3;129.6
2024-06-08;1314;57816;2;126.64
2024-06-08;1314;51957;0;0
2024-06-08;1314;15590;1;40.85
2024-06-08;1314;15589;4;123.96
2024-06-08;1314;21141;1;31.76
2024-06-08;1314;35416;2;30.18
2024-06-08;1314;35772;0;0
2024-06-08;1314;48813;2;17.42
2024-06-08;1314;48812;2;18.02
2024-06-12;841;1439;1;15.06
2024-06-12;841;18064;30;70.5
2024-06-12;841;9607;3;25.98
2024-06-12;841;5345;1;5.26
2024-06-12;841;31330;1;50.37
2024-06-12;841;20635;0;0
2024-06-12;841;58701;3;136.17
2024-06-12;841;57912;4;35.16
2024-06-12;841;57817;1;65.7
2024-06-12;841;57814;0;0
2024-06-12;841;57816;0;0
2024-06-12;841;35416;1;10.74
2024-06-12;841;42076;4;32.56
2024-06-12;841;15590;3;98.07
2024-06-12;841;35772;3;37.56
2024-06-12;841;48813;2;9.98
2024-06-12;841;51957;1;7.71
2024-06-12;841;55917;1;9.01
2024-06-12;841;62782;1;7.55
2024-06-12;841;21141;5;129.4
2024-06-12;841;15589;3;75.75
2024-06-12;841;48812;2;15.22
2024-06-12;841;36857;1;2.41
2024-06-10;1314;57912;0;0
2024-06-10;1314;57814;2;301.66
2024-06-10;1314;57816;2;126.64
2024-06-10;1314;57817;2;182.68
2024-06-10;1314;51957;0;0
2024-06-10;1314;15590;1;40.85
2024-06-10;1314;15589;6;185.94
2024-06-10;1314;21141;5;158.7
2024-06-10;1314;35416;2;30.18
2024-06-10;1314;35772;0;0
2024-06-10;1314;48813;2;17.42
2024-06-10;1314;48812;0;0
2024-06-10;1314;18064;98;400.82
2024-06-10;1314;9607;8;112.08
2024-06-10;1314;1439;5;92.85
2024-06-10;1314;36857;3;11.55
2024-06-10;1314;5345;10;86.8
2024-06-10;1314;58701;1;56.56
2024-06-10;1314;20635;6;175.2
2024-06-10;1314;31330;3;199.38
2024-06-10;1314;13315;4;188.04
2024-06-10;1314;44217;3;129.6
2024-06-07;841;57912;4;35.16
2024-06-07;841;57814;0;0
2024-06-07;841;57816;4;175.2
2024-06-07;841;42076;4;32.56
2024-06-07;841;15590;3;98.07
2024-06-07;841;35416;1;10.74
2024-06-07;841;35772;3;37.56
2024-06-07;841;48812;2;15.22
2024-06-07;841;48813;2;9.98
2024-06-07;841;51957;1;7.71
2024-06-07;841;55917;1;9.01
2024-06-07;841;62782;1;7.55
2024-06-07;841;21141;5;129.4
2024-06-07;841;15589;2;50.38
2024-06-07;841;36857;1;2.41
2024-06-07;841;1439;1;15.06
2024-06-07;841;18064;39;91.65
2024-06-07;841;9607;4;34.64
2024-06-07;841;5345;2;10.52
2024-06-07;841;31330;1;50.37
2024-06-07;841;20635;1;23.08
2024-06-07;841;58701;2;90.76
2024-03-27;841;57912;1;8.79
2024-03-27;841;57816;3;142.5
2024-03-07;1314;62364;1;32.58
2024-03-07;841;57912;1;8.79
2024-03-07;841;57816;3;142.5
2024-03-07;841;57814;2;237.52
2024-03-07;841;48813;3;14.97
2024-03-07;841;42076;5;40.7
2024-03-07;841;51957;2;11.78
2024-03-07;841;55917;1;9.01
2024-03-07;841;62782;1;7.01
2024-03-07;841;15590;1;32.05
2024-03-07;841;35772;3;35.79
2024-03-07;841;35416;1;10.74
2024-03-07;841;48812;0;0
2024-03-07;841;15589;3;72.09
2024-03-07;841;21141;3;74.31
2024-12-26;1314;57912;2;26.58
2024-12-26;1314;62364;1;34.49
2024-12-26;1314;57814;2;301.66
2024-12-26;1314;57816;2;120.66
2024-12-26;1314;57817;2;182.68
2024-12-26;1314;15590;2;83.96
2024-12-26;1314;51957;1;14.95
2024-12-26;1314;15589;6;191.22
2024-12-26;1314;21141;9;286.11
2024-12-26;1314;35772;4;67.36
2024-12-26;1314;48812;4;35.92
2024-12-26;1314;48813;5;44.9
2024-12-26;1314;35416;3;46.11
2024-12-26;1314;76834;1;5.22
2024-12-26;1314;1439;5;94.95
2024-12-26;1314;18064;81;346.68
2024-12-26;1314;9607;6;86.04
2024-12-26;1314;36857;7;27.65
2024-12-26;1314;5345;7;62.86
2024-12-26;1314;58701;1;58.35
2024-12-26;1314;20635;10;296.7
2024-12-26;1314;31330;6;391.32
2024-12-26;1314;13315;4;186.2
2024-12-26;1314;44217;3;129.09
2024-05-13;1314;57912;2;26.16
2024-05-13;1314;57814;0;0
2024-05-13;1314;57816;2;126.64
2024-05-13;1314;51957;1;12.56
2024-05-13;1314;15590;1;40.85
2024-05-13;1314;48812;1;9.02
2024-05-13;1314;15589;2;61.98
2024-05-13;1314;21141;1;30.61
2024-05-13;1314;35416;4;59.76
2024-05-13;1314;48813;4;34.44
2024-05-13;1314;18064;59;238.36
2024-05-13;1314;9607;12;166.08
2024-05-13;1314;1439;4;73.96
2024-05-13;1314;36857;6;22.92
2024-05-13;1314;5345;3;25.62
2024-05-13;1314;58701;0;0
2024-05-13;1314;20635;12;353.28
2024-05-13;1314;13315;5;235.05
2024-05-13;1314;31330;3;203.43
2024-05-13;1314;44217;0;0
2024-03-28;1314;57912;2;26.16
2024-03-28;1314;57816;2;126.64
2024-03-28;1314;57814;2;316.64
2024-03-28;1314;15590;1;40.45
2024-03-28;1314;48812;1;9.92
2024-03-28;1314;51957;3;37.68
2024-03-28;1314;15589;6;176.64
2024-03-28;1314;21141;3;91.32
2024-03-28;1314;35416;4;59.56
2024-03-28;1314;48813;2;15.68
2024-03-28;1314;18064;104;407.68
2024-03-28;1314;9607;8;108.64
2024-03-28;1314;1439;3;54.57
2024-03-28;1314;36857;7;26.39
2024-03-28;1314;5345;6;50.76
2024-04-20;841;57912;4;35.16
2024-04-20;841;57814;0;0
2024-04-20;841;57816;0;0
2024-04-20;841;42076;5;40.7
2024-04-20;841;48813;3;14.97
2024-04-20;841;51957;1;5.89
2024-04-20;841;55917;1;9.01
2024-04-20;841;62782;1;7.55
2024-04-20;841;35772;3;35.79
2024-04-20;841;35416;1;10.74
2024-04-20;841;15590;3;98.07
2024-04-20;841;48812;1;8.4
2024-04-20;841;15589;2;48.04
2024-04-20;841;21141;4;98.96
2024-04-20;841;1439;1;14.9
2024-04-20;841;36857;3;7.23
2024-04-20;841;18064;14;32.34
2024-04-20;841;9607;2;16.88
2024-04-20;841;5345;3;15.69
2024-04-20;841;31330;1;50.71
2024-04-20;841;20635;1;23.33
2024-04-20;841;58701;2;90.5
2024-03-08;1314;62364;1;32.58
2024-03-06;841;1439;1;14.9
2024-03-06;841;18064;12;27
2024-03-06;841;9607;2;16.58
2024-03-06;841;5345;3;15.63
2024-03-06;841;36857;3;7.11
2024-03-06;841;31330;1;50.71
2024-03-06;841;58701;1;45.25
2024-03-06;841;20635;1;23.33
2024-04-05;841;57912;4;35.16
2024-04-05;841;57816;1;44.71
2024-04-05;841;57814;2;237.52
2024-04-05;841;48813;3;14.97
2024-04-05;841;42076;5;40.7
2024-04-05;841;51957;2;11.78
2024-04-05;841;55917;1;9.01
2024-04-05;841;62782;1;7.55
2024-04-05;841;35772;3;35.79
2024-04-05;841;35416;1;10.74
2024-04-05;841;48812;1;8.4
2024-04-05;841;15589;3;72.06
2024-04-05;841;21141;2;49.48
2024-04-05;841;15590;3;98.07
2024-04-05;841;1439;1;14.9
2024-04-05;841;18064;15;34.2
2024-04-05;841;9607;5;42.2
2024-04-05;841;5345;3;15.66
2024-04-05;841;36857;3;7.23
2024-04-05;841;20635;1;23.33
2024-04-05;841;31330;1;50.71
2024-04-05;841;58701;2;90.5
2024-07-10;841;57912;3;26.37
2024-07-10;841;57817;2;131.4
2024-07-10;841;57814;0;0
2024-07-10;841;57816;4;175.2
2024-07-10;841;15590;3;98.07
2024-07-10;841;35416;1;10.74
2024-07-10;841;35772;2;25.04
2024-07-10;841;42076;4;32.56
2024-07-10;841;48812;2;15.22
2024-07-10;841;48813;1;4.99
2024-07-10;841;51957;1;7.71
2024-07-10;841;55917;1;9.01
2024-07-10;841;62782;1;7.55
2024-07-10;841;21141;6;155.52
2024-07-10;841;15589;4;101.2
2024-07-10;841;1439;1;15.06
2024-07-10;841;18064;9;22.32
2024-07-10;841;9607;4;35.2
2024-07-10;841;5345;5;27.9
2024-07-10;841;36857;2;4.92
2024-07-10;841;31330;1;50.37
2024-07-10;841;20635;2;46.6
2024-07-10;841;58701;3;136.17
2024-04-23;1314;57912;2;26.16
2024-04-23;1314;57814;2;316.64
2024-04-23;1314;57816;2;126.64
2024-04-23;1314;15590;0;0
2024-04-23;1314;51957;3;37.68
2024-04-23;1314;48812;1;9.92
2024-04-23;1314;15589;2;59.24
2024-04-23;1314;21141;3;91.35
2024-04-23;1314;35416;3;44.67
2024-04-23;1314;48813;2;16.66
2024-04-23;1314;18064;101;406.02
2024-04-23;1314;9607;19;262.96
2024-04-23;1314;1439;3;54.57
2024-04-23;1314;36857;7;26.67
2024-04-23;1314;5345;10;85.4
2024-04-23;1314;44217;0;0
2024-04-23;1314;58701;0;0
2024-04-23;1314;20635;5;152.3
2024-04-23;1314;13315;2;93.92
2024-04-23;1314;31330;3;203.43
2024-03-28;1314;58701;1;56.35
2024-03-28;1314;44217;2;83.56
2024-03-28;1314;31330;4;271.24
2024-03-28;1314;20635;3;92.64
2024-03-28;1314;13315;1;46.59
2024-07-10;1314;57912;2;26.58
2024-07-10;1314;57814;2;301.66
2024-07-10;1314;57816;2;126.64
2024-07-10;1314;57817;2;182.68
2024-07-10;1314;51957;1;14.66
2024-07-10;1314;15589;8;247.92
2024-07-10;1314;21141;7;222.46
2024-07-10;1314;35416;3;45.63
2024-07-10;1314;35772;2;33.96
2024-07-10;1314;48812;2;17.96
2024-07-10;1314;48813;1;8.98
2024-07-10;1314;15590;2;82.64
2024-07-10;1314;18064;28;117.6
2024-07-10;1314;9607;11;155.98
2024-07-10;1314;1439;6;113.52
2024-07-10;1314;36857;7;27.09
2024-07-10;1314;5345;6;53.4
2024-07-10;1314;20635;13;381.29
2024-07-10;1314;13315;3;141.03
2024-07-10;1314;31330;3;199.38
2024-07-10;1314;44217;1;43.2
2024-07-10;1314;58701;1;57.75
2024-06-06;1314;57912;0;0
2024-06-06;1314;57814;2;301.66
2024-06-06;1314;57816;2;126.64
2024-06-06;1314;51957;0;0
2024-06-06;1314;15590;1;40.85
2024-06-06;1314;15589;5;154.95
2024-06-06;1314;21141;2;63.52
2024-06-06;1314;35416;4;60.36
2024-06-06;1314;35772;0;0
2024-06-06;1314;48813;2;17.42
2024-06-06;1314;48812;2;18.02
2024-06-06;1314;18064;165;674.85
2024-06-06;1314;9607;9;125.19
2024-06-06;1314;1439;5;92.7
2024-06-06;1314;36857;6;23.1
2024-06-06;1314;5345;9;77.85
2024-06-06;1314;58701;1;56.56
2024-06-06;1314;20635;6;175.2
2024-06-06;1314;31330;3;199.38
2024-06-06;1314;13315;4;188.04
2024-06-06;1314;44217;3;129.6
2024-06-06;841;57912;4;35.16
2024-06-06;841;57814;0;0
2024-06-06;841;57816;4;175.2
2024-06-06;841;42076;5;40.7
2024-06-06;841;15590;3;98.07
2024-06-06;841;35416;1;10.74
2024-06-06;841;35772;3;37.56
2024-06-06;841;48812;2;15.22
2024-06-06;841;48813;2;9.98
2024-06-06;841;51957;1;7.71
2024-06-06;841;55917;1;9.01
2024-06-06;841;62782;1;7.55
2024-06-06;841;21141;5;129.4
2024-06-06;841;15589;3;75.57
2024-06-06;841;36857;3;7.23
2024-06-06;841;1439;1;15.06
2024-06-06;841;18064;40;94
2024-06-06;841;9607;4;34.64
2024-06-06;841;5345;2;10.52
2024-06-06;841;31330;1;50.37
2024-06-06;841;20635;1;23.08
2024-06-06;841;58701;2;90.76
2024-04-23;841;57912;4;35.16
2024-04-23;841;57814;1;104.77
2024-04-23;841;57816;3;125.73
2024-04-23;841;42076;5;40.7
2024-04-23;841;48813;3;14.97
2024-04-23;841;51957;1;5.89
2024-04-23;841;55917;1;9.01
2024-04-23;841;62782;1;7.55
2024-04-23;841;35772;3;35.79
2024-04-23;841;35416;1;10.74
2024-04-23;841;15590;3;98.07
2024-04-23;841;48812;0;0
2024-04-23;841;15589;3;72.06
2024-04-23;841;21141;4;98.96
2024-04-23;841;1439;1;14.9
2024-04-23;841;36857;3;7.23
2024-04-23;841;18064;9;20.88
2024-04-23;841;9607;2;16.88
2024-04-23;841;5345;3;15.69
2024-04-23;841;31330;1;50.71
2024-04-23;841;20635;1;23.33
2024-04-23;841;58701;2;90.5
2024-03-26;841;48813;3;14.97
2024-03-26;841;42076;5;40.7
2024-03-26;841;51957;2;11.78
2024-03-26;841;55917;1;9.01
2024-03-26;841;62782;1;7.55
2024-03-26;841;35772;3;35.79
2024-03-26;841;35416;1;10.74
2024-03-26;841;48812;1;8.4
2024-03-26;841;15589;3;72.09
2024-03-26;841;21141;3;74.31
2024-03-26;841;15590;3;98.07
2024-03-26;841;1439;1;14.9
2024-03-26;841;18064;23;52.21
2024-03-26;841;9607;3;25.32
2024-03-26;841;5345;4;20.88
2024-03-26;841;36857;3;7.11
2024-03-26;841;20635;1;23.33
2024-03-26;841;31330;1;50.71
2024-03-26;841;58701;2;90.5
2024-03-02;1314;62364;1;32.58
2024-04-27;1314;57912;2;26.16
2024-04-27;1314;57814;2;316.64
2024-04-27;1314;57816;2;126.64
2024-04-27;1314;15590;0;0
2024-04-27;1314;51957;3;37.68
2024-04-27;1314;48812;1;9.92
2024-04-27;1314;15589;1;29.62
2024-04-27;1314;21141;2;61.1
2024-04-27;1314;35416;3;44.67
2024-04-27;1314;48813;2;16.66
2024-04-27;1314;18064;103;415.09
2024-04-27;1314;9607;19;262.96
2024-04-27;1314;1439;5;91.7
2024-04-27;1314;36857;7;26.67
2024-04-27;1314;5345;10;85.4
2024-04-27;1314;44217;0;0
2024-04-27;1314;58701;1;56.56
2024-04-27;1314;20635;6;179.94
2024-04-27;1314;13315;5;235.05
2024-04-27;1314;31330;3;203.43
2024-03-26;841;57912;1;8.79
2024-03-26;841;57816;3;142.5
2024-03-26;841;57814;2;237.52
2024-04-27;841;57912;4;35.16
2024-04-27;841;57814;0;0
2024-04-27;841;57816;3;125.73
2024-04-27;841;42076;5;40.7
2024-04-27;841;48813;3;14.97
2024-04-27;841;51957;1;5.89
2024-04-27;841;55917;1;9.01
2024-04-27;841;35772;3;35.79
2024-04-27;841;35416;1;10.74
2024-04-27;841;15590;3;98.07
2024-04-27;841;48812;1;7.76
2024-04-27;841;62782;1;7.55
2024-04-27;841;15589;3;72.06
2024-04-27;841;21141;5;123.7
2024-04-27;841;1439;1;14.9
2024-04-27;841;36857;3;7.23
2024-04-27;841;18064;4;9.28
2024-04-27;841;9607;2;16.88
2024-04-27;841;5345;3;15.69
2024-04-27;841;31330;1;50.71
2024-04-27;841;20635;0;0
2024-04-27;841;58701;2;90.5
2024-03-20;1314;18064;120;468
2024-03-20;1314;9607;13;176.54
2024-03-20;1314;1439;3;54.72
2024-03-20;1314;36857;5;18.85
2024-03-20;1314;5345;4;33.8
2024-03-20;1314;58701;1;56.35
2024-03-20;1314;31330;4;271.24
2024-03-20;1314;44217;2;83.56
2024-03-20;1314;20635;4;123.52
2024-03-20;1314;13315;2;93.18
2024-03-07;841;1439;1;14.9
2024-03-07;841;18064;12;27
2024-03-07;841;9607;1;8.29
2024-03-07;841;5345;3;15.63
2024-03-07;841;36857;3;7.11
2024-03-07;841;31330;1;50.71
2024-03-07;841;58701;1;45.25
2024-03-07;841;20635;1;23.33
2024-04-02;841;57912;4;35.16
2024-04-02;841;57816;1;47.5
2024-04-02;841;57814;2;237.52
2024-04-02;841;48813;3;14.97
2024-04-02;841;42076;5;40.7
2024-04-02;841;51957;2;11.78
2024-04-02;841;55917;1;9.01
2024-04-02;841;62782;1;7.55
2024-04-02;841;35772;3;35.79
2024-04-02;841;35416;1;10.74
2024-04-02;841;48812;1;8.4
2024-04-02;841;15589;4;96.08
2024-04-02;841;21141;2;49.5
2024-04-02;841;15590;3;98.07
2024-04-02;841;1439;1;14.9
2024-04-02;841;18064;17;38.76
2024-04-02;841;9607;3;25.32
2024-04-02;841;5345;4;20.88
2024-04-02;841;36857;3;7.23
2024-04-02;841;20635;1;23.33
2024-04-02;841;31330;1;50.71
2024-04-02;841;58701;2;90.5
2024-04-19;1314;18064;126;506.52
2024-04-19;1314;9607;16;221.28
2024-04-19;1314;1439;6;109.14
2024-04-19;1314;36857;7;26.67
2024-04-19;1314;5345;10;85.4
2024-04-19;1314;44217;0;0
2024-04-19;1314;58701;0;0
2024-04-19;1314;20635;4;123.68
2024-04-19;1314;13315;2;93.92
2024-04-19;1314;31330;3;203.43
2024-04-19;841;31330;1;50.71
2024-04-19;841;20635;1;23.33
2024-04-19;841;58701;2;90.5
2024-02-21;1314;57912;2;26.16
2024-02-21;1314;57816;2;126.64
2024-02-21;1314;57814;2;316.64
2024-02-21;1314;15590;2;80.9
2024-02-21;1314;48812;4;39.68
2024-02-21;1314;48813;3;23.52
2024-02-21;1314;15589;3;88.44
2024-02-21;1314;21141;3;91.62
2024-02-21;1314;35416;7;104.23
2024-02-21;1314;51957;3;37.68
2024-02-21;1314;18064;216;840.24
2024-02-21;1314;9607;16;216.32
2024-02-21;1314;1439;2;36.58
2024-02-21;1314;36857;7;26.25
2024-02-21;1314;5345;5;41.95
2024-04-09;1314;57912;2;26.16
2024-04-09;1314;57816;2;126.64
2024-04-09;1314;57814;2;316.64
2024-03-18;1314;57912;2;26.16
2024-03-18;1314;57816;2;126.64
2024-03-18;1314;57814;2;316.64
2024-03-06;1314;57912;2;26.16
2024-03-06;1314;57816;2;126.64
2024-03-06;1314;57814;2;316.64
2024-03-06;1314;15590;1;40.45
2024-03-06;1314;48812;4;39.68
2024-03-06;1314;48813;2;15.68
2024-03-06;1314;15589;6;176.7
2024-03-06;1314;21141;3;91.44
2024-03-06;1314;35416;6;89.34
2024-03-06;1314;51957;3;37.68
2024-03-06;1314;18064;157;610.73
2024-03-06;1314;9607;13;175.89
2024-03-06;1314;1439;1;18.25
2024-03-06;1314;36857;5;18.8
2024-03-06;1314;5345;7;59.15
2024-03-06;1314;58701;1;53.37
2024-03-06;1314;31330;5;339.05
2024-03-06;1314;44217;2;83.56
2024-03-06;1314;20635;4;123.56
2024-03-06;1314;13315;3;139.77
2024-06-29;1314;57912;1;13.29
2024-06-29;1314;57814;2;301.66
2024-06-29;1314;57816;2;126.64
2024-06-29;1314;57817;2;182.68
2024-06-29;1314;51957;1;14.66
2024-06-29;1314;15589;7;216.93
2024-06-29;1314;21141;6;190.68
2024-06-29;1314;35416;4;60.64
2024-06-29;1314;35772;3;50.94
2024-06-29;1314;48812;3;26.94
2024-06-29;1314;48813;4;35.92
2024-06-29;1314;15590;2;82.64
2024-06-29;1314;18064;13;54.6
2024-06-29;1314;9607;14;198.24
2024-06-29;1314;1439;1;18.63
2024-06-29;1314;36857;6;23.22
2024-06-29;1314;5345;6;52.8
2024-06-29;1314;20635;6;175.74
2024-06-29;1314;13315;4;188.04
2024-06-29;1314;31330;3;199.38
2024-06-29;1314;44217;2;86.4
2024-06-29;1314;58701;1;56.56
2024-11-01;841;57912;1;8.79
2024-11-01;841;57817;2;131.42
2024-11-01;841;57814;6;657
2024-11-01;841;57816;2;87.6
2024-11-01;841;15590;1;32.69
2024-11-01;841;35772;2;25.04
2024-11-01;841;42076;4;32.56
2024-11-01;841;51957;1;7.71
2024-11-01;841;62782;1;7.55
2024-11-01;841;48812;1;7.61
2024-11-01;841;55917;2;18.26
2024-11-01;841;35416;1;11.13
2024-11-01;841;21141;4;103.72
2024-11-01;841;15589;4;103.88
2024-11-01;841;48813;2;14.84
2024-11-01;841;76834;1;3.34
2024-11-01;841;36857;3;7.41
2024-11-01;841;18064;41;104.96
2024-11-01;841;9607;9;80.91
2024-11-01;841;5345;6;33.72
2024-11-01;841;1439;3;46.47
2024-11-01;841;58701;3;136.17
2024-11-01;841;31330;2;102.12
2024-11-01;841;20635;2;49.48
2024-12-13;841;57912;1;8.79
2024-12-13;841;57817;1;65.71
2024-12-13;841;57814;8;876
2024-12-13;841;57816;2;87.6
2024-12-13;841;51957;1;7.71
2024-12-13;841;55917;2;18.26
2024-12-13;841;62782;1;7.84
2024-12-13;841;35416;1;11.13
2024-12-13;841;15590;1;32.69
2024-12-13;841;35772;2;25.28
2024-12-13;841;42076;3;24.42
2024-12-13;841;48812;1;7.49
2024-12-13;841;21141;4;103.72
2024-12-13;841;15589;4;104
2024-12-13;841;48813;2;14.92
2024-12-13;841;76834;1;3.34
2024-12-13;841;1439;4;61.96
2024-12-13;841;18064;60;154.2
2024-12-13;841;9607;9;80.73
2024-12-13;841;5345;5;28.1
2024-12-13;841;36857;3;7.8
2024-12-13;841;31330;2;102.12
2024-12-13;841;58701;2;90.78
2024-12-13;841;20635;2;47
2024-12-06;841;57912;1;8.79
2024-12-06;841;57817;2;131.42
2024-12-06;841;57814;8;876
2024-12-06;841;57816;2;87.6
2024-12-06;841;35772;2;25.28
2024-12-06;841;51957;1;7.71
2024-12-06;841;55917;2;18.26
2024-12-06;841;62782;1;7.84
2024-12-06;841;35416;1;11.13
2024-12-06;841;48812;1;7.49
2024-12-06;841;15590;1;32.69
2024-12-06;841;42076;3;24.42
2024-12-06;841;21141;4;103.72
2024-12-06;841;15589;4;104
2024-12-06;841;48813;1;7.42
2024-12-06;841;76834;1;3.34
2024-12-06;841;18064;71;182.47
2024-12-06;841;9607;10;89.7
2024-12-06;841;5345;6;33.72
2024-12-06;841;1439;4;61.96
2024-12-06;841;36857;2;5.2
2024-12-06;841;31330;2;102.12
2024-12-06;841;58701;2;90.78
2024-12-06;841;20635;2;47
2024-02-13;1314;57912;2;26.16
2024-02-13;1314;57814;2;316.64
2024-02-13;1314;15590;2;80.9
2024-02-13;1314;48812;4;39.68
2024-02-13;1314;48813;3;23.52
2024-02-13;1314;15589;7;206.36
2024-02-13;1314;21141;4;122.28
2024-02-13;1314;35416;5;74.45
2024-02-13;1314;51957;3;37.68
2024-02-13;1314;18064;253;984.17
2024-02-13;1314;9607;17;229.67
2024-02-13;1314;1439;2;36.58
2024-02-13;1314;36857;7;26.25
2024-02-13;1314;5345;8;67.12
2024-02-20;1314;58701;1;53.37
2024-02-20;1314;31330;5;339.05
2024-02-20;1314;44217;3;125.34
2024-02-20;1314;20635;5;154.45
2024-02-20;1314;13315;1;46.59
2024-12-19;841;57912;1;8.79
2024-12-19;841;57817;2;131.42
2024-12-19;841;57814;7;766.5
2024-12-19;841;57816;2;87.6
2024-12-19;841;51957;1;7.71
2024-12-19;841;55917;2;18.26
2024-12-19;841;62782;1;7.84
2024-12-19;841;35416;1;11.13
2024-12-19;841;15590;1;32.69
2024-12-19;841;35772;2;25.28
2024-12-19;841;42076;3;24.42
2024-12-19;841;48812;1;7.49
2024-12-19;841;21141;5;129.65
2024-12-19;841;15589;3;78
2024-12-19;841;48813;2;14.92
2024-12-19;841;76834;1;3.34
2024-12-19;841;1439;4;61.96
2024-12-19;841;18064;56;143.92
2024-12-19;841;9607;9;80.73
2024-12-19;841;5345;6;33.72
2024-12-19;841;36857;3;7.8
2024-12-19;841;31330;2;102.12
2024-12-19;841;58701;2;90.78
2024-12-19;841;20635;2;47
2024-02-08;1314;57912;2;26.16
2024-02-08;1314;57814;2;316.64
2024-02-08;1314;15590;2;80.9
2024-02-08;1314;48812;4;39.68
2024-02-08;1314;15589;7;206.36
2024-02-08;1314;21141;5;152.85
2024-02-08;1314;35416;3;44.67
2024-02-08;1314;48813;3;23.52
2024-02-08;1314;51957;3;37.68
2024-02-08;1314;18064;272;1058.08
2024-02-08;1314;9607;17;229.5
2024-02-08;1314;1439;4;73.16
2024-02-08;1314;36857;6;22.5
2024-02-08;1314;5345;8;67.12
2024-02-08;1314;58701;1;53.37
2024-02-08;1314;31330;5;339.05
2024-02-08;1314;20635;4;123.56
2024-02-08;1314;13315;3;139.77
2024-02-08;1314;44217;3;125.34
2024-02-21;1314;58701;1;53.37
2024-02-21;1314;31330;5;339.05
2024-02-21;1314;44217;3;125.34
2024-02-21;1314;20635;5;154.45
2024-02-21;1314;13315;1;46.59
2024-02-12;841;58701;1;42.86
2024-02-12;841;20635;1;23.33
2024-02-12;1314;57912;2;26.16
2024-02-12;1314;57814;2;316.64
2024-02-12;1314;15590;2;80.9
2024-02-12;1314;48812;4;39.68
2024-02-12;1314;48813;3;23.52
2024-02-12;1314;15589;7;206.36
2024-02-12;1314;21141;4;122.28
2024-02-12;1314;35416;3;44.67
2024-02-12;1314;51957;3;37.68
2024-02-12;1314;18064;236;918.04
2024-02-12;1314;9607;17;229.5
2024-02-12;1314;1439;3;54.87
2024-02-12;1314;36857;6;22.5
2024-02-12;1314;5345;8;67.12
2024-03-09;1314;62364;1;32.58
2024-04-09;841;1439;1;14.9
2024-04-09;841;18064;15;34.35
2024-04-09;841;9607;4;33.76
2024-04-09;841;36857;3;7.23
2024-04-09;841;5345;3;15.66
2024-04-09;841;20635;1;23.33
2024-04-09;841;31330;1;50.71
2024-04-09;841;58701;2;90.5
2024-05-06;1314;57912;2;26.16
2024-05-06;1314;57814;0;0
2024-05-06;1314;57816;2;126.64
2024-05-06;1314;51957;1;12.56
2024-05-06;1314;15590;1;40.85
2024-05-06;1314;48812;0;0
2024-05-06;1314;15589;4;123.96
2024-05-06;1314;21141;4;122.44
2024-05-06;1314;35416;4;59.76
2024-05-06;1314;48813;0;0
2024-05-06;1314;18064;74;298.22
2024-05-06;1314;9607;12;166.08
2024-05-06;1314;1439;2;36.8
2024-05-06;1314;36857;6;22.86
2024-05-06;1314;5345;6;51.24
2024-05-06;1314;58701;0;0
2024-05-06;1314;20635;8;236.72
2024-05-06;1314;13315;5;235.05
2024-05-06;1314;31330;3;203.43
2024-05-06;1314;44217;1;43.29
2024-05-03;1314;57912;2;26.16
2024-05-03;1314;57814;0;0
2024-05-03;1314;57816;2;126.64
2024-05-03;1314;15590;1;40.85
2024-05-03;1314;51957;1;12.56
2024-05-03;1314;48812;0;0
2024-05-03;1314;15589;6;185.94
2024-05-03;1314;21141;4;122.44
2024-05-03;1314;35416;4;59.76
2024-05-03;1314;48813;0;0
2024-05-03;1314;18064;112;451.36
2024-05-03;1314;9607;19;262.96
2024-05-03;1314;1439;4;73.6
2024-05-03;1314;36857;6;22.86
2024-05-03;1314;5345;9;76.86
2024-05-03;1314;44217;1;43.29
2024-05-03;1314;58701;1;56.56
2024-05-03;1314;20635;8;236.72
2024-05-03;1314;13315;5;235.05
2024-05-03;1314;31330;3;203.43
2024-05-07;1314;57912;2;26.16
2024-05-07;1314;57814;0;0
2024-05-07;1314;57816;2;126.64
2024-05-07;1314;51957;1;12.56
2024-05-07;1314;15590;1;40.85
2024-05-07;1314;48812;1;9.02
2024-05-07;1314;15589;5;154.95
2024-05-07;1314;21141;3;91.83
2024-05-07;1314;35416;4;59.76
2024-05-07;1314;48813;4;34.44
2024-05-07;1314;18064;102;412.08
2024-05-07;1314;9607;13;179.92
2024-05-07;1314;1439;4;73.96
2024-05-07;1314;36857;7;26.74
2024-05-07;1314;5345;6;51.24
2024-05-07;1314;58701;0;0
2024-05-07;1314;20635;12;353.52
2024-05-07;1314;13315;5;235.05
2024-05-07;1314;31330;3;203.43
2024-05-07;1314;44217;0;0
2024-05-14;841;57912;4;35.16
2024-05-14;841;57814;0;0
2024-05-14;841;57816;0;0
2024-05-14;841;35772;1;11.93
2024-05-14;841;42076;5;40.7
2024-05-14;841;48813;3;14.97
2024-05-14;841;55917;0;0
2024-05-14;841;15590;3;98.07
2024-05-14;841;35416;1;10.74
2024-05-14;841;62782;0;0
2024-05-14;841;51957;1;5.89
2024-05-14;841;15589;6;148.92
2024-05-14;841;21141;1;25.37
2024-05-14;841;48812;3;22.83
2024-05-14;841;1439;1;15.06
2024-05-14;841;36857;3;7.23
2024-05-14;841;18064;41;95.53
2024-05-14;841;9607;3;25.35
2024-05-14;841;5345;2;10.48
2024-05-14;841;31330;1;50.71
2024-05-14;841;58701;1;45.25
2024-05-14;841;20635;1;23.08
2024-01-17;841;57912;1;8.32
2024-01-17;841;57814;3;356.28
2024-01-17;841;48813;3;14.97
2024-01-17;841;62782;3;21.03
2024-01-17;841;42076;5;40.7
2024-01-17;841;48812;1;5.98
2024-01-17;841;55917;1;9.01
2024-01-17;841;51957;2;11.42
2024-01-17;841;15590;2;64.1
2024-01-17;841;35416;1;10.74
2024-01-17;841;15589;4;96.24
2024-01-17;841;21141;3;71.85
2024-01-17;841;35772;2;23.86
2024-01-17;841;1439;1;14.9
2024-01-17;841;18064;21;47.25
2024-01-17;841;9607;3;24.57
2024-01-17;841;5345;1;5.21
2024-01-17;841;36857;3;6.06
2024-01-17;841;31330;1;51.5
2024-01-17;841;58701;1;42.86
2024-01-17;841;20635;1;23.33
2023-09-25;841;1439;2;30.2
2023-09-25;841;18064;13;29.25
2023-09-25;841;9607;5;40
2023-09-25;841;36857;4;6.84
2023-09-25;841;20635;2;46.74
2023-09-25;841;58701;1;42.86
2023-09-25;841;31330;1;51.5
2023-09-25;841;15590;1;31.08
2023-09-25;841;62782;3;21.03
2023-09-25;841;48812;1;5.98
2023-09-25;841;42076;1;8.56
2023-09-25;841;35416;1;10.74
2023-09-25;841;55917;1;9.01
2023-09-25;841;15589;5;120.6
2023-09-25;841;21141;3;67.2
2023-09-25;841;48813;3;14.97
2023-09-25;841;51957;3;17.13
2023-09-25;841;35772;3;35.79
2024-10-25;841;57912;1;8.79
2024-10-25;841;57817;2;131.42
2024-10-25;841;57814;7;766.5
2024-10-25;841;57816;2;87.6
2024-10-25;841;15590;1;32.69
2024-10-25;841;35772;2;25.04
2024-10-25;841;42076;4;32.56
2024-10-25;841;51957;1;7.71
2024-10-25;841;62782;1;7.55
2024-10-25;841;55917;2;18.26
2024-10-25;841;35416;1;11.13
2024-10-25;841;48812;1;7.61
2024-10-25;841;21141;4;103.72
2024-10-25;841;15589;4;103.72
2024-10-25;841;48813;2;14.84
2024-10-25;841;76834;1;3.34
2024-10-25;841;36857;3;7.41
2024-10-25;841;18064;44;112.64
2024-10-25;841;9607;9;81.09
2024-10-25;841;5345;5;28.1
2024-10-25;841;1439;3;46.47
2024-10-25;841;58701;3;136.17
2024-10-25;841;31330;2;102.12
2024-10-25;841;20635;2;49.48
2024-10-05;841;57912;1;8.79
2024-10-05;841;57817;1;65.7
2024-10-05;841;57814;7;766.5
2024-10-05;841;57816;3;131.4
2024-10-05;841;15590;2;65.38
2024-10-05;841;51957;1;7.71
2024-10-05;841;62782;1;7.55
2024-10-05;841;35772;2;25.04
2024-10-05;841;42076;4;32.56
2024-10-05;841;55917;2;18.26
2024-10-05;841;35416;1;11.13
2024-10-05;841;48812;1;7.61
2024-10-05;841;21141;5;129.65
2024-10-05;841;15589;3;77.13
2024-10-05;841;48813;2;14.68
2024-10-05;841;76834;1;3.34
2024-10-05;841;36857;3;7.41
2024-10-05;841;1439;2;30.96
2024-10-05;841;18064;25;64
2024-10-05;841;9607;10;90.1
2024-10-05;841;5345;6;33.72
2024-10-05;841;58701;3;136.17
2024-10-05;841;31330;2;102.12
2024-10-05;841;20635;2;49.48
2024-01-10;1314;62364;1;32.58
2024-12-25;841;57912;1;8.79
2024-12-25;841;57817;2;131.42
2024-12-25;841;57814;3;328.5
2024-12-25;841;57816;2;87.6
2024-12-25;841;51957;1;7.71
2024-12-25;841;55917;2;18.26
2024-12-25;841;62782;1;7.84
2024-12-25;841;15590;1;32.69
2024-12-25;841;35772;2;25.28
2024-12-25;841;35416;0;0
2024-12-25;841;42076;3;24.42
2024-12-25;841;48812;1;7.49
2024-12-25;841;21141;5;129.65
2024-12-25;841;15589;4;104.08
2024-12-25;841;48813;2;14.92
2024-12-25;841;76834;1;3.34
2024-12-25;841;1439;4;61.96
2024-12-25;841;18064;42;107.94
2024-12-25;841;9607;8;71.76
2024-12-25;841;5345;5;28.1
2024-12-25;841;36857;3;7.8
2024-12-25;841;31330;2;102.12
2024-12-25;841;58701;2;90.78
2024-12-25;841;20635;2;47
2024-12-03;841;57912;1;8.79
2024-12-03;841;57817;2;131.42
2024-12-03;841;57814;8;876
2024-12-03;841;57816;2;87.6
2024-12-03;841;35772;2;25.28
2024-12-03;841;51957;1;7.71
2024-12-03;841;55917;2;18.26
2024-12-03;841;62782;1;7.84
2024-12-03;841;35416;1;11.13
2024-12-03;841;48812;1;7.49
2024-12-03;841;15590;1;32.69
2024-12-03;841;42076;3;24.42
2024-12-03;841;21141;4;103.72
2024-12-03;841;15589;4;104
2024-12-03;841;48813;1;7.42
2024-12-03;841;76834;1;3.34
2024-12-03;841;18064;72;185.04
2024-12-03;841;9607;10;89.7
2024-12-03;841;5345;6;33.72
2024-12-03;841;1439;4;61.96
2024-12-03;841;36857;2;5.2
2024-12-03;841;31330;2;102.12
2024-12-03;841;58701;2;90.78
2024-12-03;841;20635;2;47
2024-02-23;841;31330;1;50.71
2024-02-23;841;58701;0;0
2024-02-23;841;20635;0;0
2024-02-09;1314;62364;1;32.58
2024-05-20;1314;57912;2;26.16
2024-05-20;1314;57814;0;0
2024-05-20;1314;57816;2;126.64
2024-05-20;1314;51957;1;12.56
2024-05-20;1314;15590;1;40.85
2024-05-20;1314;15589;1;30.99
2024-05-20;1314;21141;5;158.4
2024-05-20;1314;35416;2;29.88
2024-05-20;1314;48813;0;0
2024-05-20;1314;48812;1;9.02
2024-05-20;1314;18064;50;202
2024-05-20;1314;9607;21;291.27
2024-05-20;1314;1439;6;111.18
2024-05-20;1314;36857;2;7.64
2024-05-20;1314;5345;4;34.4
2024-05-20;1314;58701;1;56.56
2024-05-20;1314;20635;8;235.52
2024-05-20;1314;13315;5;235.05
2024-05-20;1314;31330;3;203.43
2024-05-20;1314;44217;2;86.58
2024-05-13;841;57912;4;35.16
2024-05-13;841;57814;0;0
2024-05-13;841;57816;0;0
2024-05-13;841;35772;1;11.93
2024-05-13;841;42076;5;40.7
2024-05-13;841;48813;3;14.97
2024-05-13;841;51957;1;5.89
2024-05-13;841;55917;0;0
2024-05-13;841;15590;3;98.07
2024-05-13;841;35416;1;10.74
2024-05-13;841;62782;0;0
2024-05-13;841;15589;6;148.92
2024-05-13;841;21141;1;25.37
2024-05-13;841;48812;3;22.83
2024-05-13;841;1439;1;15.06
2024-05-13;841;36857;3;7.23
2024-05-13;841;18064;41;95.53
2024-05-13;841;9607;3;25.35
2024-05-13;841;5345;2;10.48
2024-05-13;841;31330;1;50.71
2024-05-13;841;58701;1;45.25
2024-05-13;841;20635;1;23.08
2024-11-08;841;57912;1;8.79
2024-11-08;841;57817;2;131.42
2024-11-08;841;57814;8;876
2024-11-08;841;57816;2;87.6
2024-11-08;841;15590;1;32.69
2024-11-08;841;35772;2;25.04
2024-11-08;841;42076;3;24.42
2024-11-08;841;51957;1;7.71
2024-11-08;841;62782;1;7.55
2024-11-08;841;48812;1;7.61
2024-11-08;841;55917;2;18.26
2024-11-08;841;35416;1;11.13
2024-11-08;841;21141;4;103.72
2024-11-08;841;15589;4;104
2024-11-08;841;48813;2;14.84
2024-11-08;841;76834;1;3.34
2024-11-08;841;36857;3;7.41
2024-11-08;841;18064;31;79.36
2024-11-08;841;9607;10;89.8
2024-11-08;841;5345;6;33.72
2024-11-08;841;1439;4;61.96
2024-11-08;841;58701;2;90.78
2024-11-08;841;31330;2;102.12
2024-11-08;841;20635;2;49.48
2024-11-08;1314;62364;1;34.49
2024-11-08;1314;57912;2;26.58
2024-11-08;1314;57814;2;301.66
2024-11-08;1314;57816;2;120.66
2024-11-08;1314;57817;2;182.68
2024-11-08;1314;51957;1;14.95
2024-11-08;1314;15589;9;285.66
2024-11-08;1314;21141;14;445.06
2024-11-08;1314;35772;3;50.85
2024-11-08;1314;35416;5;76.85
2024-11-08;1314;48812;4;35.92
2024-11-08;1314;48813;7;62.86
2024-11-08;1314;15590;2;83.96
2024-11-08;1314;76834;1;5.22
2024-11-08;1314;1439;7;132.93
2024-11-08;1314;18064;79;338.12
2024-11-08;1314;9607;7;100.52
2024-11-08;1314;36857;10;39.5
2024-11-08;1314;5345;10;89.9
2024-11-08;1314;58701;1;58.35
2024-11-08;1314;20635;7;210.28
2024-11-08;1314;31330;5;327.2
2024-11-08;1314;44217;3;129.09
2024-11-08;1314;13315;1;46.58
2024-02-06;1314;57912;2;26.16
2024-02-06;1314;57814;2;316.64
2024-02-06;1314;15590;2;80.9
2024-02-06;1314;48812;4;39.68
2024-02-06;1314;15589;8;235.84
2024-02-06;1314;21141;5;152.85
2024-02-06;1314;35416;3;44.67
2024-02-06;1314;48813;3;23.52
2024-02-06;1314;51957;3;37.68
2024-02-06;1314;18064;256;995.84
2024-02-06;1314;9607;20;270
2024-02-06;1314;1439;2;36.64
2024-02-06;1314;36857;6;22.5
2024-02-06;1314;5345;8;67.12
2024-02-06;1314;58701;1;53.37
2024-02-06;1314;31330;5;339.05
2024-02-06;1314;20635;3;92.67
2024-03-27;1314;58701;1;56.35
2024-03-27;1314;44217;2;83.56
2024-03-27;1314;31330;4;271.24
2024-03-27;1314;20635;4;123.52
2024-03-27;1314;13315;2;93.18
2024-03-12;1314;57912;2;26.16
2024-03-12;1314;57816;2;126.64
2024-03-12;1314;57814;2;316.64
2024-03-12;841;57912;1;8.79
2024-03-12;841;57816;3;142.5
2024-03-12;841;57814;2;237.52
2024-03-12;841;48813;3;14.97
2024-03-12;841;42076;5;40.7
2024-03-12;841;51957;2;11.78
2024-03-12;841;55917;1;9.01
2024-03-12;841;62782;1;7.01
2024-03-12;841;35772;3;35.79
2024-03-12;841;35416;1;10.74
2024-03-12;841;48812;1;8.4
2024-03-12;841;15589;4;96.12
2024-03-12;841;21141;3;74.31
2024-03-12;841;15590;1;32.05
2024-03-09;1314;15590;1;40.45
2024-03-09;1314;48812;4;39.68
2024-03-09;1314;51957;3;37.68
2024-03-09;1314;48813;2;15.68
2024-03-09;1314;15589;6;176.7
2024-03-09;1314;21141;4;121.8
2024-03-09;1314;35416;5;74.45
2024-03-09;1314;18064;126;490.14
2024-03-09;1314;9607;9;121.86
2024-03-09;1314;1439;3;54.72
2024-03-09;1314;36857;6;22.56
2024-03-09;1314;5345;9;76.05
2024-03-09;1314;58701;0;0
2024-03-09;1314;31330;4;271.24
2024-03-09;1314;44217;2;83.56
2024-03-09;1314;20635;7;216.23
2024-03-09;1314;13315;3;139.77
2024-03-11;841;1439;1;14.9
2024-03-11;841;18064;21;47.46
2024-03-11;841;9607;1;8.44
2024-03-11;841;5345;4;20.88
2024-03-11;841;36857;3;7.11
2024-03-11;841;31330;1;50.71
2024-03-11;841;58701;2;90.5
2024-03-11;841;20635;1;23.33
2024-03-11;1314;15590;1;40.45
2024-03-11;1314;48812;4;39.68
2024-03-11;1314;51957;3;37.68
2024-03-11;1314;48813;2;15.68
2024-03-11;1314;15589;6;176.7
2024-03-11;1314;21141;4;121.8
2024-03-11;1314;35416;5;74.45
2024-03-11;1314;18064;102;396.78
2024-03-11;1314;9607;9;121.86
2024-03-11;1314;1439;2;36.48
2024-03-11;1314;36857;5;18.8
2024-03-11;1314;5345;7;59.15
2024-03-11;1314;58701;0;0
2024-03-11;1314;31330;4;271.24
2024-03-11;1314;44217;2;83.56
2024-03-11;1314;20635;6;185.34
2024-03-11;1314;13315;3;139.77
2024-04-17;1314;18064;124;497.24
2024-04-17;1314;9607;14;193.48
2024-04-17;1314;1439;6;109.14
2024-04-17;1314;36857;7;26.67
2024-04-17;1314;5345;9;76.77
2024-04-17;1314;44217;0;0
2024-04-17;1314;58701;0;0
2024-04-17;1314;20635;4;123.68
2024-04-17;1314;13315;2;93.92
2024-04-17;1314;31330;3;203.43
2024-04-17;841;20635;1;23.33
2024-04-17;841;31330;1;50.71
2024-04-17;841;58701;2;90.5
2024-03-07;1314;57912;2;26.16
2024-03-07;1314;57816;2;126.64
2024-03-07;1314;57814;2;316.64
2024-03-07;1314;15590;1;40.45
2024-03-07;1314;48812;4;39.68
2024-03-07;1314;48813;2;15.68
2024-03-07;1314;15589;6;176.7
2024-03-07;1314;21141;3;91.44
2024-03-07;1314;35416;5;74.45
2024-03-07;1314;51957;3;37.68
2024-03-07;1314;18064;148;575.72
2024-03-07;1314;9607;11;148.83
2024-03-07;1314;1439;1;18.25
2024-03-07;1314;36857;5;18.8
2024-03-07;1314;5345;7;59.15
2024-03-07;1314;58701;0;0
2024-03-07;1314;31330;5;339.05
2024-03-07;1314;44217;2;83.56
2024-03-07;1314;20635;4;123.56
2024-03-07;1314;13315;3;139.77
2023-09-01;1314;62364;1;32.58
2024-01-16;841;57912;1;8.32
2024-01-16;841;57814;3;356.28
2024-01-16;841;48813;3;14.97
2024-01-16;841;62782;3;21.03
2024-01-16;841;42076;5;40.7
2024-01-16;841;48812;1;5.98
2024-01-16;841;55917;1;9.01
2024-01-16;841;51957;2;11.42
2024-01-16;841;15590;2;64.1
2024-01-16;841;35416;1;10.74
2024-01-16;841;15589;4;96.24
2024-01-16;841;21141;3;71.85
2024-01-16;841;35772;2;23.86
2024-01-16;841;1439;1;14.9
2024-01-16;841;18064;26;58.5
2024-01-16;841;9607;3;24.57
2024-01-16;841;5345;1;5.21
2024-01-16;841;36857;3;6.06
2024-01-16;841;31330;1;51.5
2024-01-16;841;58701;1;42.86
2024-01-16;841;20635;1;23.33
2023-09-05;841;15590;1;31.08
2023-09-05;841;48812;1;5.98
2023-09-05;841;42076;1;8.56
2023-09-05;841;55917;1;9
2023-09-05;841;62782;3;21.03
2023-09-05;841;35416;1;10.74
2023-09-05;841;15589;4;96.6
2023-09-05;841;21141;3;59.13
2023-09-05;841;48813;3;14.97
2023-09-05;841;51957;3;17.13
2023-09-05;841;35772;3;35.79
2023-08-22;1314;58701;2;103.34
2023-08-22;1314;44217;1;41.64
2023-08-22;1314;20635;13;391.17
2023-08-22;1314;31330;5;330.1
2023-08-22;1314;13315;2;87.7
2023-08-22;1314;48812;3;25.35
2023-08-22;1314;18064;203;787.64
2023-08-22;1314;9607;12;158.16
2023-08-22;1314;1439;5;92.45
2023-08-22;1314;36857;11;33.88
2023-08-22;1314;5345;9;74.61
2023-09-07;1314;57912;0;0
2023-09-07;1314;62782;1;13.61
2023-09-07;1314;51957;2;24.6
2023-09-07;1314;48813;2;11.98
2023-09-07;1314;15589;11;324.61
2023-09-07;1314;21141;3;75.96
2023-09-07;1314;35416;1;14.96
2023-09-07;1314;48812;2;17.54
2023-09-07;1314;15590;3;121.35
2023-09-07;1314;58701;1;51.67
2023-09-07;1314;20635;11;330.99
2023-09-07;1314;31330;4;264.08
2023-09-07;1314;13315;3;134.28
2023-09-07;1314;44217;2;83.54
2023-09-07;1314;18064;215;834.2
2023-09-07;1314;9607;11;144.98
2023-09-07;1314;1439;3;55.47
2023-09-07;1314;36857;11;34.21
2023-09-07;1314;5345;9;74.61
2024-11-28;1314;57912;2;26.58
2024-11-28;1314;62364;1;34.49
2024-11-28;1314;57814;2;301.66
2024-11-28;1314;57816;2;120.66
2024-11-28;1314;57817;2;182.68
2024-11-28;1314;51957;1;14.95
2024-11-28;1314;15589;9;286.38
2024-11-28;1314;21141;11;349.69
2024-11-28;1314;35772;4;67.36
2024-11-28;1314;48812;4;35.92
2024-11-28;1314;48813;6;53.88
2024-11-28;1314;15590;2;83.96
2024-11-28;1314;35416;6;92.22
2024-11-28;1314;76834;1;5.22
2024-11-28;1314;1439;7;132.93
2024-11-28;1314;18064;110;470.8
2024-11-28;1314;9607;9;129.15
2024-11-28;1314;36857;10;39.5
2024-11-28;1314;5345;9;80.91
2024-11-28;1314;58701;2;116.7
2024-11-28;1314;20635;9;267.39
2024-11-28;1314;31330;3;196.32
2024-11-28;1314;13315;3;139.65
2024-11-28;1314;44217;3;129.09
2024-10-10;1314;58701;2;116.7
2024-10-10;1314;20635;10;310.2
2024-10-10;1314;31330;2;135.42
2024-10-10;1314;44217;2;85.98
2024-10-10;1314;13315;1;46.69
2024-10-10;1314;62364;1;34.49
2024-10-10;1314;57912;2;26.58
2024-10-10;1314;57814;2;301.66
2024-10-10;1314;57816;2;120.66
2024-10-10;1314;57817;2;182.68
2024-10-10;1314;51957;1;14.66
2024-10-10;1314;21141;3;95.37
2024-10-10;1314;15589;11;348.59
2024-10-10;1314;35416;5;76.7
2024-10-10;1314;35772;4;67.92
2024-10-10;1314;48813;5;44.9
2024-10-10;1314;48812;3;26.94
2024-10-10;1314;15590;2;83.96
2024-10-10;1314;76834;1;5.22
2024-10-10;1314;1439;2;37.94
2024-10-10;1314;18064;22;94.16
2024-10-10;1314;9607;14;201.46
2024-10-10;1314;36857;12;47.16
2024-10-10;1314;5345;9;80.91
2023-09-27;841;15590;1;31.08
2023-09-27;841;62782;3;21.03
2023-09-27;841;48812;1;5.98
2023-09-27;841;42076;1;8.56
2023-09-27;841;35416;1;10.74
2023-09-27;841;55917;1;9.01
2023-09-27;841;15589;5;120.6
2023-09-27;841;21141;3;67.2
2023-09-27;841;48813;3;14.97
2023-09-27;841;51957;3;17.13
2023-09-27;841;35772;3;35.79
2023-09-27;841;1439;2;30.2
2023-09-27;841;18064;16;36
2023-09-27;841;9607;4;32
2023-09-27;841;36857;4;6.84
2023-09-27;841;20635;2;46.74
2023-09-27;841;58701;1;42.86
2023-09-27;841;31330;1;51.5
2024-12-27;841;57912;1;8.79
2024-12-27;841;57817;2;131.42
2024-12-27;841;57814;3;328.5
2024-12-27;841;57816;2;87.6
2024-12-27;841;51957;1;7.71
2024-12-27;841;55917;2;18.26
2024-12-27;841;62782;1;7.84
2024-12-27;841;15590;1;32.69
2024-12-27;841;35772;2;25.28
2024-12-27;841;35416;1;11.26
2024-12-27;841;42076;3;24.42
2024-12-27;841;48812;1;7.49
2024-12-27;841;21141;3;77.79
2024-12-27;841;15589;4;104.08
2024-12-27;841;48813;2;14.92
2024-12-27;841;76834;1;3.34
2024-12-27;841;1439;4;61.96
2024-12-27;841;18064;40;102.8
2024-12-27;841;9607;9;80.73
2024-12-27;841;5345;5;28.1
2024-12-27;841;36857;3;7.8
2024-12-27;841;31330;2;102.12
2024-12-27;841;58701;2;90.78
2024-12-27;841;20635;2;47
2024-12-14;1314;57912;2;26.58
2024-12-14;1314;62364;1;34.49
2024-12-14;1314;57814;2;301.66
2024-12-14;1314;57816;2;120.66
2024-12-14;1314;57817;2;182.68
2024-12-14;1314;15590;2;83.96
2024-12-14;1314;51957;1;14.95
2024-12-14;1314;15589;10;318.5
2024-12-14;1314;21141;10;317.9
2024-12-14;1314;35772;4;67.36
2024-12-14;1314;48812;5;44.9
2024-12-14;1314;48813;4;35.92
2024-12-14;1314;35416;5;76.85
2024-12-14;1314;76834;1;5.22
2024-12-14;1314;1439;6;113.94
2024-12-14;1314;18064;57;243.96
2024-12-14;1314;9607;7;100.38
2024-12-14;1314;36857;10;39.5
2024-12-14;1314;5345;6;53.94
2024-12-14;1314;58701;1;58.35
2024-12-14;1314;20635;11;326.37
2024-12-14;1314;31330;5;326.1
2024-12-14;1314;13315;4;186.2
2024-12-14;1314;44217;3;129.09
2024-02-06;841;57912;1;8.79
2024-02-06;841;57814;3;356.28
2024-02-06;841;48813;3;14.97
2024-02-06;841;42076;5;40.7
2024-02-06;841;48812;1;8.4
2024-02-06;841;55917;1;9.01
2024-02-06;841;62782;1;7.01
2024-02-06;841;51957;2;11.78
2024-02-06;841;15590;2;64.1
2024-02-06;841;35416;1;10.74
2024-02-06;841;15589;3;72.15
2024-02-06;841;21141;3;74.28
2024-02-06;841;35772;2;23.86
2024-02-06;841;1439;1;14.9
2024-02-06;841;18064;34;76.5
2024-02-06;841;9607;4;33.08
2024-02-06;841;36857;3;7.02
2024-02-06;841;5345;5;26.05
2024-02-06;841;31330;1;51.5
2024-02-06;841;58701;1;42.86
2024-02-06;841;20635;1;23.33
2024-02-12;1314;62364;1;32.58
2024-02-07;1314;62364;1;32.58
2024-02-07;841;57912;1;8.79
2024-02-07;841;57814;3;356.28
2024-02-07;841;48813;3;14.97
2024-02-07;841;42076;5;40.7
2024-02-07;841;55917;1;9.01
2024-02-07;841;62782;1;7.01
2024-02-07;841;35416;1;10.74
2024-02-07;841;51957;2;11.78
2024-02-07;841;15590;2;64.1
2024-02-07;841;48812;1;8.4
2024-02-07;841;15589;3;72.15
2024-02-07;841;21141;3;74.28
2024-02-07;841;35772;2;23.86
2024-02-07;841;1439;1;14.9
2024-02-07;841;18064;32;72
2024-02-07;841;9607;4;33.08
2024-02-07;841;36857;3;7.02
2024-02-07;841;5345;5;26.05
2024-02-07;841;31330;1;51.5
2024-02-07;841;58701;1;42.86
2024-02-07;841;20635;1;23.33
2024-03-13;841;57912;1;8.79
2024-03-13;841;57816;3;142.5
2024-03-13;841;57814;2;237.52
2024-03-13;841;48813;3;14.97
2024-03-13;841;42076;5;40.7
2024-03-13;841;51957;2;11.78
2024-03-13;841;55917;1;9.01
2024-03-13;841;62782;0;0
2024-03-13;841;35772;3;35.79
2024-03-13;841;35416;1;10.74
2024-03-13;841;48812;1;8.4
2024-03-13;841;15589;4;96.12
2024-03-13;841;21141;3;74.31
2024-03-13;841;15590;1;32.05
2024-03-11;841;57912;1;8.79
2024-03-11;841;57816;3;142.5
2024-03-11;841;57814;2;237.52
2024-03-11;841;48813;3;14.97
2024-03-11;841;42076;5;40.7
2024-03-11;841;51957;2;11.78
2024-03-11;841;55917;1;9.01
2024-03-11;841;62782;1;7.01
2024-03-11;841;35772;3;35.79
2024-03-11;841;35416;1;10.74
2024-03-11;841;48812;1;8.4
2024-03-11;841;15589;4;96.12
2024-03-11;841;21141;4;99.08
2024-03-11;841;15590;1;32.05
2024-03-11;1314;57912;2;26.16
2024-03-11;1314;57816;2;126.64
2024-03-11;1314;57814;2;316.64
2024-07-13;1314;57912;2;26.58
2024-07-13;1314;57814;2;301.66
2024-07-13;1314;57816;2;126.64
2024-07-13;1314;57817;2;182.68
2024-07-13;1314;51957;1;14.66
2024-07-13;1314;15589;7;216.93
2024-07-13;1314;21141;8;254.24
2024-07-13;1314;35416;3;45.75
2024-07-13;1314;35772;1;16.98
2024-07-13;1314;48812;2;17.96
2024-07-13;1314;48813;4;35.92
2024-07-13;1314;15590;2;82.64
2024-07-13;1314;18064;49;205.8
2024-07-13;1314;9607;13;184.34
2024-07-13;1314;1439;6;113.52
2024-07-13;1314;36857;7;27.09
2024-07-13;1314;5345;6;53.46
2024-07-13;1314;20635;11;322.63
2024-07-13;1314;13315;3;141.03
2024-07-13;1314;44217;2;86.24
2024-07-13;1314;31330;3;199.38
2024-07-13;1314;58701;1;57.75
2024-03-20;841;57912;1;8.79
2024-03-20;841;57816;3;142.5
2024-03-20;841;57814;2;237.52
2024-03-20;841;48813;3;14.97
2024-03-20;841;42076;5;40.7
2024-03-20;841;51957;2;11.78
2024-03-20;841;55917;1;9.01
2024-03-20;841;62782;1;7.55
2024-03-20;841;35772;3;35.79
2024-03-20;841;35416;1;10.74
2024-03-20;841;48812;1;8.4
2024-03-20;841;15589;3;72.09
2024-03-20;841;21141;2;49.54
2024-03-20;841;15590;3;98.07
2024-03-20;841;1439;1;14.9
2024-03-20;841;18064;22;49.72
2024-03-20;841;9607;1;8.44
2024-03-20;841;5345;4;20.88
2024-03-20;841;36857;3;7.11
2024-06-27;1314;57912;1;13.29
2024-06-27;1314;57814;1;150.83
2024-06-27;1314;57816;2;126.64
2024-06-27;1314;57817;2;182.68
2024-06-27;1314;51957;1;14.66
2024-06-27;1314;15589;7;216.93
2024-06-27;1314;21141;5;158.9
2024-06-27;1314;35416;2;30.26
2024-06-27;1314;35772;3;50.94
2024-06-27;1314;48813;4;35.92
2024-06-27;1314;15590;2;82.64
2024-06-27;1314;48812;3;26.94
2024-06-27;1314;18064;1;4.19
2024-06-27;1314;9607;11;155.65
2024-06-27;1314;1439;1;18.63
2024-06-27;1314;36857;7;27.09
2024-06-27;1314;5345;5;43.85
2024-06-27;1314;58701;1;56.56
2024-06-27;1314;20635;7;205.03
2024-06-27;1314;13315;4;188.04
2024-06-27;1314;31330;3;199.38
2024-06-27;1314;44217;2;86.4
2024-09-16;1314;62364;1;34.49
2024-09-16;1314;57912;2;26.58
2024-09-16;1314;57814;2;301.66
2024-09-16;1314;57816;2;126.64
2024-09-16;1314;57817;2;182.68
2024-09-16;1314;51957;1;14.66
2024-09-16;1314;21141;6;190.74
2024-09-16;1314;15589;6;189.54
2024-09-16;1314;35416;5;76.7
2024-09-16;1314;35772;3;50.94
2024-09-16;1314;48813;4;35.92
2024-09-16;1314;48812;1;8.98
2024-09-16;1314;15590;2;83.12
2024-09-16;1314;76834;1;5.22
2024-09-16;1314;1439;5;94.85
2024-09-16;1314;18064;38;159.98
2024-09-16;1314;9607;12;172.32
2024-09-16;1314;36857;8;31.44
2024-09-16;1314;5345;9;80.82
2024-09-16;1314;20635;8;246.48
2024-09-16;1314;44217;3;129
2024-09-16;1314;31330;1;67.71
2024-09-16;1314;13315;2;93.38
2024-09-16;1314;58701;2;116.7
2024-05-15;841;57912;4;35.16
2024-05-15;841;57814;0;0
2024-05-15;841;57816;0;0
2024-05-15;841;35772;1;11.93
2024-05-15;841;42076;5;40.7
2024-05-15;841;48813;3;14.97
2024-05-15;841;55917;0;0
2024-05-15;841;15590;3;98.07
2024-05-15;841;35416;1;10.74
2024-05-15;841;62782;0;0
2024-05-15;841;51957;1;5.89
2024-05-15;841;15589;6;148.92
2024-05-15;841;21141;0;0
2024-05-15;841;48812;3;22.83
2024-05-15;841;1439;1;15.06
2024-05-15;841;36857;3;7.23
2024-05-15;841;18064;39;90.87
2024-05-15;841;9607;3;25.35
2024-05-15;841;5345;0;0
2024-05-15;841;31330;1;50.71
2024-05-15;841;20635;1;23.08
2024-05-15;841;58701;1;45.25
2024-04-10;1314;57912;2;26.16
2024-04-10;1314;57816;2;126.64
2024-04-10;1314;57814;2;316.64
2024-04-10;1314;15590;1;40.45
2024-04-10;1314;51957;3;37.68
2024-04-10;1314;48812;1;9.92
2024-04-10;1314;15589;3;88.32
2024-04-10;1314;21141;3;91.14
2024-04-10;1314;35416;6;89.34
2024-04-10;1314;48813;1;8.05
2024-04-10;1314;44217;1;41.78
2024-04-10;1314;58701;1;56.35
2024-04-10;1314;20635;7;216.16
2024-04-10;1314;13315;4;187.84
2024-04-10;1314;31330;3;203.43
2024-04-10;1314;18064;121;482.79
2024-04-10;1314;9607;12;165.36
2024-04-10;1314;1439;5;90.85
2024-04-10;1314;36857;7;26.67
2024-04-10;1314;5345;7;59.36
2024-07-30;841;57912;3;26.37
2024-07-30;841;57817;2;131.4
2024-07-30;841;57814;1;109.5
2024-07-30;841;57816;3;131.4
2024-07-30;841;15590;2;65.38
2024-07-30;841;35416;1;10.74
2024-07-30;841;62782;1;7.55
2024-07-30;841;35772;2;25.04
2024-07-30;841;42076;4;32.56
2024-07-30;841;48812;2;15.22
2024-07-30;841;51957;1;7.71
2024-07-30;841;21141;5;129.6
2024-07-30;841;15589;4;101.2
2024-07-30;841;48813;2;12.48
2024-07-30;841;55917;2;18.26
2024-07-30;841;1439;0;0
2024-07-30;841;18064;18;44.82
2024-07-30;841;9607;4;35.56
2024-07-30;841;5345;4;22.36
2024-07-30;841;36857;3;7.41
2024-07-30;841;20635;2;46.6
2024-07-30;841;31330;2;102.12
2024-07-30;841;58701;3;136.17
2024-06-17;841;57912;4;35.16
2024-06-17;841;57817;2;131.4
2024-06-17;841;57814;2;219
2024-06-17;841;57816;4;175.2
2024-06-17;841;35416;1;10.74
2024-06-17;841;42076;4;32.56
2024-06-17;841;15590;3;98.07
2024-06-17;841;35772;3;37.56
2024-06-17;841;48813;2;9.98
2024-06-17;841;51957;1;7.71
2024-06-17;841;55917;1;9.01
2024-06-17;841;62782;1;7.55
2024-06-17;841;21141;5;129.45
2024-06-17;841;15589;4;101.08
2024-06-17;841;48812;2;15.22
2024-06-17;841;36857;1;2.41
2024-06-17;841;1439;1;15.06
2024-06-17;841;18064;14;33.32
2024-06-17;841;9607;3;26.19
2024-06-17;841;5345;2;11.16
2024-06-17;841;20635;1;23.3
2024-06-17;841;31330;1;50.37
2024-06-17;841;58701;3;136.17
2024-05-24;1314;57912;2;26.16
2024-05-24;1314;57814;2;301.66
2024-05-24;1314;57816;2;126.64
2024-05-24;1314;51957;1;12.56
2024-05-24;1314;15590;0;0
2024-05-24;1314;15589;3;92.97
2024-05-24;1314;21141;4;126.84
2024-05-24;1314;35416;1;14.99
2024-05-24;1314;48813;0;0
2024-05-24;1314;48812;0;0
2024-05-24;1314;18064;61;247.66
2024-05-24;1314;9607;19;263.53
2024-05-24;1314;1439;6;111.18
2024-05-24;1314;36857;4;15.4
2024-05-24;1314;5345;8;68.96
2024-05-24;1314;58701;1;56.56
2024-05-24;1314;20635;4;117.56
2024-05-24;1314;13315;5;235.05
2024-05-24;1314;31330;3;203.43
2024-05-24;1314;44217;2;86.58
2024-06-26;1314;57912;1;13.29
2024-06-26;1314;57814;1;150.83
2024-06-26;1314;57816;2;126.64
2024-06-26;1314;57817;2;182.68
2024-06-26;1314;51957;1;14.66
2024-06-26;1314;15589;7;216.93
2024-06-26;1314;21141;4;127.08
2024-06-26;1314;35416;2;30.26
2024-06-26;1314;35772;3;50.94
2024-06-26;1314;48813;0;0
2024-06-26;1314;15590;2;82.64
2024-06-26;1314;48812;0;0
2024-06-26;1314;18064;13;54.34
2024-06-26;1314;9607;11;155.54
2024-06-26;1314;1439;1;18.63
2024-06-26;1314;36857;6;23.22
2024-06-26;1314;5345;5;43.65
2024-06-26;1314;58701;1;56.56
2024-06-26;1314;20635;11;322.19
2024-06-26;1314;13315;4;188.04
2024-06-26;1314;31330;3;199.38
2024-06-26;1314;44217;2;86.4
2024-07-25;1314;62364;1;34.49
2024-04-04;1314;18064;100;394
2024-04-04;1314;9607;12;163.2
2024-04-04;1314;1439;5;90.85
2024-04-04;1314;36857;4;15.08
2024-04-04;1314;5345;8;67.68
2024-04-04;1314;58701;1;56.35
2024-04-04;1314;44217;2;83.56
2024-04-04;1314;31330;3;203.43
2024-04-04;1314;20635;8;247.04
2024-04-04;1314;13315;1;46.59
2024-05-23;841;57912;4;35.16
2024-05-23;841;57814;1;109.5
2024-05-23;841;57816;0;0
2024-05-23;841;35772;3;37.56
2024-05-23;841;42076;5;40.7
2024-05-23;841;48813;2;9.98
2024-05-23;841;55917;1;9.01
2024-05-23;841;15590;3;98.07
2024-05-23;841;35416;1;10.74
2024-05-23;841;62782;1;7.55
2024-05-23;841;51957;1;5.89
2024-05-23;841;21141;4;103.96
2024-05-23;841;15589;5;124.1
2024-05-23;841;48812;3;22.83
2024-05-23;841;31330;1;50.71
2024-05-23;841;20635;1;23.08
2024-05-23;841;58701;2;90.72
2024-05-23;841;1439;1;15.06
2024-05-23;841;36857;3;7.23
2024-05-23;841;18064;55;129.25
2024-05-23;841;9607;5;43
2024-05-23;841;5345;3;15.78
2024-03-16;1314;51957;3;37.68
2024-03-16;1314;48813;2;15.68
2024-03-16;1314;15589;7;206.15
2024-03-16;1314;21141;5;152.2
2024-03-16;1314;35416;2;29.78
2024-03-16;1314;18064;108;421.2
2024-03-16;1314;9607;12;162.84
2024-03-16;1314;1439;2;36.48
2024-03-16;1314;36857;4;15.04
2024-03-16;1314;5345;7;59.15
2024-03-16;1314;58701;1;56.35
2024-03-16;1314;31330;4;271.24
2024-03-16;1314;44217;2;83.56
2024-03-16;1314;20635;2;61.78
2024-03-16;1314;13315;3;139.77
2024-03-16;841;18064;17;38.42
2024-03-16;841;9607;3;25.32
2024-03-16;841;5345;4;20.88
2024-03-16;841;36857;3;7.11
2024-03-16;841;31330;1;50.71
2024-03-16;841;58701;2;90.5
2024-03-16;841;20635;1;23.33
2024-03-30;841;18064;19;43.32
2024-03-30;841;9607;3;25.32
2024-03-30;841;5345;4;20.88
2024-03-30;841;36857;3;7.11
2024-03-30;841;20635;1;23.33
2024-03-30;841;31330;1;50.71
2024-03-30;841;58701;2;90.5
2024-03-30;841;57912;1;8.79
2024-03-30;841;57816;2;95
2024-03-30;841;57814;2;237.52
2024-03-30;841;48813;3;14.97
2024-03-30;841;42076;5;40.7
2024-03-30;841;51957;2;11.78
2024-03-30;841;55917;1;9.01
2024-03-30;841;62782;1;7.55
2024-03-30;841;35772;3;35.79
2024-03-30;841;35416;1;10.74
2024-03-30;841;48812;1;8.4
2024-03-30;841;15589;2;48.06
2024-03-30;841;21141;1;24.76
2024-03-30;841;15590;3;98.07
2024-03-30;841;1439;1;14.9
2024-06-05;841;57912;4;35.16
2024-06-05;841;57814;0;0
2024-06-05;841;57816;4;175.2
2024-06-05;841;42076;5;40.7
2024-06-05;841;15590;3;98.07
2024-06-05;841;35416;1;10.74
2024-06-05;841;35772;3;37.56
2024-06-05;841;48812;2;15.22
2024-06-05;841;48813;2;9.98
2024-06-05;841;51957;1;7.71
2024-06-05;841;55917;1;9.01
2024-06-05;841;62782;1;7.55
2024-06-05;841;21141;5;129.4
2024-06-05;841;15589;3;75.57
2024-06-05;841;36857;3;7.23
2024-06-05;841;1439;1;15.06
2024-06-05;841;18064;40;94
2024-06-05;841;9607;4;34.64
2024-06-05;841;5345;2;10.52
2024-06-05;841;31330;1;50.37
2024-06-05;841;20635;1;23.08
2024-06-05;841;58701;2;90.76
2024-04-06;1314;57912;2;26.16
2024-04-06;1314;57816;2;126.64
2024-04-06;1314;57814;2;316.64
2024-04-06;1314;15590;1;40.45
2024-04-06;1314;51957;3;37.68
2024-04-06;1314;48812;1;9.92
2024-04-06;1314;15589;6;176.64
2024-04-06;1314;21141;4;121.52
2024-04-06;1314;35416;6;89.34
2024-04-06;1314;48813;3;24.15
2024-04-06;841;57912;4;35.16
2024-04-06;841;57816;1;44.71
2024-04-06;841;57814;2;237.52
2024-04-06;841;48813;3;14.97
2024-04-06;841;42076;5;40.7
2024-04-06;841;51957;2;11.78
2024-04-06;841;55917;1;9.01
2024-04-06;841;62782;1;7.55
2024-04-06;841;35772;3;35.79
2024-04-06;841;15590;3;98.07
2024-04-06;841;35416;1;10.74
2024-04-06;841;48812;1;8.4
2024-04-06;841;15589;3;72.06
2024-04-06;841;21141;2;49.48
2024-04-06;841;1439;1;14.9
2024-04-06;841;18064;13;29.64
2024-04-06;841;9607;4;33.76
2024-04-06;841;36857;3;7.23
2024-04-06;841;5345;3;15.66
2024-04-06;841;20635;1;23.33
2024-04-06;841;31330;1;50.71
2024-04-26;1314;57912;2;26.16
2024-04-26;1314;57814;2;316.64
2024-04-26;1314;57816;2;126.64
2024-04-26;1314;15590;0;0
2024-04-26;1314;51957;3;37.68
2024-04-26;1314;48812;1;9.92
2024-04-26;1314;15589;2;59.24
2024-04-26;1314;21141;2;61
2024-04-26;1314;35416;3;44.67
2024-04-26;1314;48813;2;16.66
2024-04-26;1314;18064;98;393.96
2024-04-26;1314;9607;19;262.96
2024-04-26;1314;1439;3;54.57
2024-04-26;1314;36857;7;26.67
2024-04-26;1314;5345;10;85.4
2024-04-26;1314;44217;0;0
2024-04-26;1314;58701;1;56.56
2024-04-26;1314;20635;8;239.92
2024-04-26;1314;13315;4;188
2024-04-26;1314;31330;3;203.43
2024-02-07;1314;57912;2;26.16
2024-02-07;1314;57814;2;316.64
2024-02-07;1314;15590;2;80.9
2024-02-07;1314;48812;4;39.68
2024-02-07;1314;15589;7;206.36
2024-02-07;1314;21141;5;152.85
2024-02-07;1314;35416;3;44.67
2024-02-07;1314;48813;3;23.52
2024-02-07;1314;51957;3;37.68
2024-02-07;1314;18064;278;1081.42
2024-02-07;1314;9607;20;270
2024-02-07;1314;1439;4;73.16
2024-02-07;1314;36857;6;22.5
2024-02-07;1314;5345;8;67.12
2024-02-07;1314;58701;1;53.37
2024-02-07;1314;31330;5;339.05
2024-02-07;1314;20635;4;123.56
2024-02-07;1314;13315;3;139.77
2024-02-07;1314;44217;3;125.34
2024-03-18;841;57912;1;8.79
2024-03-18;841;57816;3;142.5
2024-03-18;841;57814;2;237.52
2024-03-18;841;48813;3;14.97
2024-03-18;841;42076;5;40.7
2024-03-18;841;51957;2;11.78
2024-03-18;841;55917;1;9.01
2024-03-18;841;62782;0;0
2024-03-18;841;35772;3;35.79
2024-03-18;841;35416;1;10.74
2024-03-18;841;48812;1;8.4
2024-03-18;841;15589;3;72.09
2024-03-18;841;21141;1;24.77
2024-03-18;841;15590;3;98.07
2024-03-18;841;1439;1;14.9
2024-03-19;1314;57912;2;26.16
2024-03-19;1314;57816;2;126.64
2024-03-19;1314;57814;2;316.64
2024-04-29;1314;57912;2;26.16
2024-04-29;1314;57814;2;316.64
2024-04-29;1314;57816;2;126.64
2024-04-29;1314;15590;0;0
2024-04-29;1314;51957;3;37.68
2024-04-29;1314;48812;1;9.92
2024-04-29;1314;15589;1;29.62
2024-04-29;1314;21141;2;61.1
2024-04-29;1314;35416;3;44.67
2024-04-29;1314;48813;1;8.33
2024-04-29;1314;18064;72;290.16
2024-04-29;1314;9607;18;249.12
2024-04-29;1314;1439;3;55.02
2024-04-29;1314;36857;6;22.86
2024-04-29;1314;5345;10;85.4
2024-04-29;1314;44217;0;0
2024-04-29;1314;58701;1;56.56
2024-04-29;1314;20635;5;149.95
2024-04-29;1314;13315;5;235.05
2024-04-29;1314;31330;3;203.43
2024-03-05;841;1439;1;14.9
2024-03-05;841;18064;12;27
2024-03-05;841;9607;2;16.58
2024-03-05;841;5345;3;15.63
2024-03-05;841;36857;3;7.11
2024-03-05;841;31330;1;50.71
2024-03-05;841;58701;1;45.25
2024-03-05;841;20635;1;23.33
2024-03-05;1314;57912;2;26.16
2024-03-05;1314;57816;2;126.64
2024-03-05;1314;57814;2;316.64
2024-03-05;1314;15590;1;40.45
2024-03-05;1314;48812;4;39.68
2024-03-05;1314;48813;2;15.68
2024-03-05;1314;15589;6;176.7
2024-03-05;1314;21141;3;91.44
2024-03-05;1314;35416;6;89.34
2024-03-05;1314;51957;3;37.68
2024-03-05;1314;18064;169;657.41
2024-03-05;1314;9607;13;175.89
2024-03-05;1314;1439;1;18.25
2024-03-05;1314;36857;5;18.8
2024-03-05;1314;5345;7;59.15
2024-03-05;1314;58701;1;53.37
2024-03-05;1314;31330;5;339.05
2024-03-05;1314;44217;2;83.56
2024-03-05;1314;20635;5;154.45
2024-03-05;1314;13315;3;139.77
2024-07-04;841;57912;3;26.37
2024-07-04;841;57817;1;65.7
2024-07-04;841;57814;2;219
2024-07-04;841;57816;3;131.4
2024-07-04;841;15590;3;98.07
2024-07-04;841;35416;1;10.74
2024-07-04;841;42076;4;32.56
2024-07-04;841;48812;2;15.22
2024-07-04;841;48813;2;9.98
2024-07-04;841;51957;1;7.71
2024-07-04;841;55917;1;9.01
2024-07-04;841;62782;1;7.55
2024-07-04;841;21141;6;155.52
2024-07-04;841;15589;4;101.2
2024-07-04;841;35772;2;25.04
2024-07-04;841;1439;1;15.06
2024-07-04;841;18064;19;46.74
2024-07-04;841;9607;4;35.2
2024-07-04;841;5345;5;27.9
2024-07-04;841;36857;4;9.84
2024-07-04;841;31330;1;50.37
2024-07-04;841;20635;2;46.6
2024-07-04;841;58701;3;136.17
2024-05-04;1314;57912;2;26.16
2024-05-04;1314;57814;0;0
2024-05-04;1314;57816;2;126.64
2024-05-04;1314;15590;1;40.85
2024-05-04;1314;51957;1;12.56
2024-05-04;1314;48812;0;0
2024-05-04;1314;15589;6;185.94
2024-05-04;1314;21141;4;122.44
2024-05-04;1314;35416;4;59.76
2024-05-04;1314;48813;0;0
2024-05-04;1314;18064;102;411.06
2024-05-04;1314;9607;18;249.12
2024-05-04;1314;1439;4;73.6
2024-05-04;1314;36857;6;22.86
2024-05-04;1314;5345;9;76.86
2024-05-04;1314;44217;1;43.29
2024-05-04;1314;58701;1;56.56
2024-05-04;1314;20635;8;236.72
2024-05-04;1314;13315;5;235.05
2024-05-04;1314;31330;3;203.43
2024-07-15;841;57912;3;26.37
2024-07-15;841;57817;2;131.4
2024-07-15;841;57814;2;219
2024-07-15;841;57816;3;131.4
2024-07-15;841;15590;3;98.07
2024-07-15;841;35416;1;10.74
2024-07-15;841;35772;2;25.04
2024-07-15;841;42076;4;32.56
2024-07-15;841;48812;2;15.22
2024-07-15;841;48813;1;4.99
2024-07-15;841;51957;1;7.71
2024-07-15;841;55917;0;0
2024-07-15;841;62782;1;7.55
2024-07-15;841;21141;5;129.6
2024-07-15;841;15589;4;101.2
2024-07-15;841;1439;1;15.06
2024-07-15;841;18064;17;42.33
2024-07-15;841;9607;2;17.6
2024-07-15;841;5345;4;22.32
2024-07-15;841;36857;4;9.88
2024-07-15;841;20635;1;23.3
2024-07-15;841;31330;0;0
2024-07-15;841;58701;3;136.17
2024-09-19;841;57912;1;8.79
2024-09-19;841;57817;2;131.4
2024-09-19;841;57814;2;219
2024-09-19;841;57816;3;131.4
2024-09-19;841;15590;2;65.38
2024-09-19;841;35772;2;25.04
2024-09-19;841;51957;1;7.71
2024-09-19;841;62782;1;7.55
2024-09-19;841;35416;1;11.13
2024-09-19;841;42076;4;32.56
2024-09-19;841;48812;1;7.61
2024-09-19;841;21141;5;129.65
2024-09-19;841;15589;4;102.56
2024-09-19;841;48813;2;14.68
2024-09-19;841;55917;2;18.26
2024-09-19;841;76834;1;3.34
2024-09-19;841;18064;29;73.95
2024-09-19;841;9607;4;36.04
2024-09-19;841;36857;3;7.41
2024-09-19;841;5345;4;22.44
2024-09-19;841;1439;2;30.96
2024-09-19;841;58701;3;136.17
2024-09-19;841;20635;2;49.48
2024-09-19;841;31330;2;102.12
2024-08-30;841;57912;3;26.37
2024-08-30;841;57817;2;131.4
2024-08-30;841;57814;2;219
2024-08-30;841;57816;3;131.4
2024-08-30;841;15590;2;65.38
2024-08-30;841;35416;1;11.07
2024-08-30;841;48812;2;15.22
2024-08-30;841;51957;1;7.71
2024-08-30;841;62782;1;7.55
2024-08-30;841;35772;2;25.04
2024-08-30;841;42076;4;32.56
2024-08-30;841;21141;6;155.58
2024-08-30;841;15589;3;76.38
2024-08-30;841;48813;1;6.24
2024-08-30;841;55917;2;18.26
2024-08-30;841;76834;1;3.34
2024-08-30;841;18064;36;89.64
2024-08-30;841;9607;4;35.76
2024-08-30;841;36857;3;7.41
2024-08-30;841;5345;4;22.4
2024-08-30;841;1439;2;30.96
2024-08-30;841;58701;3;136.17
2024-08-30;841;20635;2;46.6
2024-08-30;841;31330;2;102.12
2024-07-11;1314;62364;1;34.49
2024-08-26;841;57912;3;26.37
2024-08-26;841;57817;2;131.4
2024-08-26;841;57814;2;219
2024-08-26;841;57816;3;131.4
2024-08-26;841;15590;2;65.38
2024-08-26;841;35416;1;11.07
2024-08-26;841;48812;2;15.22
2024-08-26;841;51957;1;7.71
2024-08-26;841;62782;1;7.55
2024-08-26;841;35772;2;25.04
2024-08-26;841;42076;4;32.56
2024-08-26;841;21141;5;129.65
2024-08-26;841;15589;3;76.17
2024-08-26;841;48813;2;12.48
2024-08-26;841;55917;2;18.26
2024-08-26;841;76834;1;3.34
2024-08-26;841;18064;42;104.58
2024-08-26;841;9607;4;35.76
2024-08-26;841;36857;3;7.41
2024-08-26;841;5345;4;22.4
2024-08-26;841;1439;1;15.47
2024-08-26;841;58701;3;136.17
2024-08-26;841;20635;2;46.6
2024-08-26;841;31330;2;102.12
2024-04-10;841;5345;4;20.92
2024-04-10;841;20635;1;23.33
2024-04-10;841;31330;1;50.71
2024-04-10;841;58701;2;90.5
2024-07-02;841;57912;3;26.37
2024-07-02;841;57817;1;65.7
2024-07-02;841;57814;1;109.5
2024-07-02;841;57816;3;131.4
2024-07-02;841;15590;3;98.07
2024-07-02;841;35416;1;10.74
2024-07-02;841;42076;4;32.56
2024-07-02;841;48812;2;15.22
2024-07-02;841;48813;2;9.98
2024-07-02;841;51957;1;7.71
2024-07-02;841;55917;1;9.01
2024-07-02;841;62782;1;7.55
2024-07-02;841;21141;6;155.52
2024-07-02;841;15589;3;75.9
2024-07-02;841;35772;2;25.04
2024-07-02;841;1439;1;15.06
2024-07-02;841;18064;25;61.5
2024-07-02;841;9607;4;35.2
2024-07-02;841;5345;5;27.9
2024-07-02;841;36857;4;9.84
2024-07-02;841;31330;1;50.37
2024-07-02;841;20635;2;46.6
2024-07-02;841;58701;3;136.17
2024-07-02;1314;57912;1;13.29
2024-07-02;1314;57814;2;301.66
2024-07-02;1314;57816;2;126.64
2024-07-02;1314;57817;2;182.68
2024-07-02;1314;51957;1;14.66
2024-07-02;1314;15589;6;185.94
2024-07-02;1314;21141;6;190.68
2024-07-02;1314;35416;4;60.64
2024-07-02;1314;35772;3;50.94
2024-07-02;1314;48812;3;26.94
2024-07-02;1314;48813;3;26.94
2024-07-02;1314;15590;2;82.64
2024-07-02;1314;18064;0;0
2024-07-02;1314;9607;11;155.76
2024-07-02;1314;1439;0;0
2024-07-02;1314;36857;0;0
2024-07-02;1314;5345;4;35.2
2024-07-02;1314;20635;6;175.74
2024-07-02;1314;13315;4;188.04
2024-07-02;1314;31330;3;199.38
2024-07-02;1314;44217;2;86.4
2024-07-02;1314;58701;1;56.56
2024-06-27;841;57912;3;26.37
2024-06-27;841;57817;2;131.4
2024-06-27;841;57814;1;109.5
2024-06-27;841;57816;3;131.4
2024-06-27;841;35416;1;10.74
2024-06-27;841;15590;3;98.07
2024-06-27;841;42076;4;32.56
2024-06-27;841;48812;2;15.22
2024-06-27;841;48813;2;9.98
2024-06-27;841;51957;1;7.71
2024-06-27;841;55917;1;9.01
2024-06-27;841;62782;1;7.55
2024-06-27;841;21141;6;155.52
2024-06-27;841;15589;2;50.58
2024-06-27;841;35772;2;25.04
2024-06-27;841;1439;1;15.06
2024-06-27;841;18064;19;46.36
2024-06-27;841;9607;3;26.34
2024-06-27;841;5345;1;5.58
2024-06-27;841;36857;4;9.84
2024-06-27;841;31330;1;50.37
2024-06-27;841;20635;0;0
2024-06-27;841;58701;3;136.17
2024-08-24;1314;62364;1;34.49
2024-08-24;1314;57912;2;26.58
2024-08-24;1314;57814;2;301.66
2024-08-24;1314;57816;2;126.64
2024-08-24;1314;57817;2;182.68
2024-08-24;1314;51957;1;14.66
2024-08-24;1314;21141;8;254.32
2024-08-24;1314;15589;6;186.24
2024-08-24;1314;35416;5;76.7
2024-08-24;1314;35772;4;67.92
2024-08-24;1314;48813;2;17.96
2024-08-24;1314;48812;2;17.96
2024-08-24;1314;15590;2;83.12
2024-08-24;1314;76834;1;5.22
2024-08-24;1314;18064;33;138.6
2024-08-24;1314;9607;14;200.2
2024-08-24;1314;36857;11;43.23
2024-08-24;1314;1439;5;94.75
2024-08-24;1314;5345;12;107.76
2024-08-24;1314;20635;9;269.64
2024-08-24;1314;44217;1;43.06
2024-08-24;1314;31330;1;67.71
2024-08-24;1314;13315;2;93.7
2024-08-24;1314;58701;2;116.7
2024-02-19;841;58701;1;42.86
2024-02-19;841;20635;0;0
2024-02-21;1314;62364;1;32.58
2024-03-02;1314;57912;2;26.16
2024-03-02;1314;57816;2;126.64
2024-03-02;1314;57814;2;316.64
2024-03-02;1314;15590;1;40.45
2024-03-02;1314;48812;4;39.68
2024-03-02;1314;48813;3;23.52
2024-03-02;1314;15589;6;176.7
2024-03-02;1314;21141;4;121.92
2024-03-02;1314;35416;6;89.34
2024-03-02;1314;51957;3;37.68
2024-05-09;1314;57912;2;26.16
2024-05-09;1314;57814;0;0
2024-05-09;1314;57816;2;126.64
2024-05-09;1314;51957;1;12.56
2024-05-09;1314;15590;1;40.85
2024-05-09;1314;48812;1;9.02
2024-05-09;1314;15589;4;123.96
2024-05-09;1314;21141;2;61.22
2024-05-09;1314;35416;4;59.76
2024-05-09;1314;48813;4;34.44
2024-05-09;1314;18064;86;347.44
2024-05-09;1314;9607;13;179.92
2024-05-09;1314;1439;4;73.96
2024-05-09;1314;36857;7;26.74
2024-05-09;1314;5345;5;42.7
2024-05-09;1314;58701;0;0
2024-05-09;1314;20635;12;353.52
2024-05-09;1314;13315;5;235.05
2024-05-09;1314;31330;3;203.43
2024-05-09;1314;44217;0;0
2024-05-09;841;57912;4;35.16
2024-05-09;841;57814;0;0
2024-05-09;841;57816;0;0
2024-05-09;841;35772;1;11.93
2024-05-09;841;42076;5;40.7
2024-05-09;841;48813;3;14.97
2024-05-09;841;51957;1;5.89
2024-05-09;841;55917;1;9.01
2024-05-09;841;15590;3;98.07
2024-05-09;841;35416;1;10.74
2024-05-09;841;62782;1;7.55
2024-05-09;841;15589;4;98.32
2024-05-09;841;21141;3;74.22
2024-05-09;841;48812;3;22.83
2024-05-09;841;1439;1;15.06
2024-05-09;841;36857;3;7.23
2024-05-09;841;18064;47;109.51
2024-05-09;841;9607;5;42.25
2024-05-09;841;5345;2;10.46
2024-05-09;841;20635;1;23.08
2024-05-09;841;31330;1;50.71
2024-05-09;841;58701;1;45.25
2024-02-28;1314;18064;221;859.69
2024-02-28;1314;9607;17;230.01
2024-02-28;1314;1439;3;54.78
2024-02-28;1314;36857;5;18.75
2024-02-28;1314;5345;3;25.17
2024-02-28;1314;58701;1;53.37
2024-02-28;1314;31330;5;339.05
2024-02-28;1314;44217;2;83.56
2024-02-28;1314;20635;4;123.56
2024-02-28;1314;13315;3;139.77
2024-04-05;1314;18064;94;370.36
2024-04-05;1314;9607;10;136
2024-04-05;1314;1439;5;90.85
2024-04-05;1314;36857;4;15.08
2024-04-05;1314;5345;8;67.68
2024-04-05;1314;58701;1;56.35
2024-04-05;1314;44217;2;83.56
2024-04-05;1314;31330;3;203.43
2024-04-05;1314;20635;7;216.16
2024-04-05;1314;13315;1;46.59
2024-03-21;841;20635;1;23.33
2024-03-21;841;31330;1;50.71
2024-03-21;841;58701;2;90.5
2024-03-21;1314;18064;111;432.9
2024-03-21;1314;9607;12;162.96
2024-03-21;1314;1439;2;36.48
2024-03-21;1314;36857;5;18.85
2024-03-21;1314;5345;3;25.35
2024-03-21;1314;58701;1;56.35
2024-03-21;1314;31330;4;271.24
2024-03-21;1314;44217;2;83.56
2024-03-21;1314;20635;4;123.52
2024-03-21;1314;13315;2;93.18
2024-03-02;841;57912;1;8.79
2024-03-02;841;57816;3;142.5
2024-03-02;841;57814;2;237.52
2024-03-02;841;48813;3;14.97
2024-03-02;841;42076;5;40.7
2024-03-02;841;51957;2;11.78
2024-03-02;841;55917;1;9.01
2024-03-02;841;62782;1;7.01
2024-03-02;841;15590;2;64.1
2024-03-02;841;35416;1;10.74
2024-03-02;841;48812;1;8.4
2024-03-02;841;15589;3;72.09
2024-03-02;841;21141;2;49.54
2024-03-02;841;35772;3;35.79
2024-03-21;1314;62364;1;32.58
2024-04-13;1314;18064;113;452
2024-04-13;1314;9607;13;179.4
2024-04-13;1314;1439;6;109.14
2024-04-13;1314;36857;7;26.67
2024-04-13;1314;5345;6;50.88
2024-04-13;1314;44217;1;41.78
2024-04-13;1314;58701;1;56.35
2024-04-13;1314;20635;8;247.36
2024-04-13;1314;13315;3;140.88
2024-04-13;1314;31330;3;203.43
2024-03-23;841;57912;1;8.79
2024-03-23;841;57816;3;142.5
2024-03-23;841;57814;2;237.52
2024-03-23;841;48813;3;14.97
2024-03-23;841;42076;5;40.7
2024-03-23;841;51957;2;11.78
2024-03-23;841;55917;1;9.01
2024-03-23;841;62782;1;7.55
2024-03-23;841;35772;3;35.79
2024-03-23;841;35416;1;10.74
2024-02-08;841;57912;1;8.79
2024-02-08;841;57814;3;356.28
2024-02-08;841;48813;3;14.97
2024-02-08;841;42076;5;40.7
2024-02-08;841;55917;1;9.01
2024-02-08;841;62782;1;7.01
2024-02-08;841;35416;1;10.74
2024-02-08;841;51957;2;11.78
2024-02-08;841;15590;2;64.1
2024-02-08;841;48812;1;8.4
2024-02-08;841;15589;3;72.15
2024-02-08;841;21141;3;74.28
2024-02-08;841;35772;2;23.86
2024-02-08;841;1439;1;14.9
2024-02-08;841;18064;24;54
2024-02-08;841;9607;4;33.08
2024-02-08;841;36857;3;7.02
2024-02-08;841;5345;5;26.05
2024-02-08;841;31330;1;51.5
2024-02-08;841;58701;1;42.86
2024-02-08;841;20635;1;23.33
2024-03-13;1314;57912;2;26.16
2024-03-13;1314;57816;2;126.64
2024-03-13;1314;57814;2;316.64
2024-04-05;1314;57912;2;26.16
2024-04-05;1314;57816;2;126.64
2024-04-05;1314;57814;2;316.64
2024-04-05;1314;15590;1;40.45
2024-04-05;1314;48812;1;9.92
2024-04-05;1314;51957;3;37.68
2024-04-05;1314;15589;5;147.2
2024-04-05;1314;21141;2;60.8
2024-04-05;1314;35416;7;104.23
2024-04-05;1314;48813;3;24.15
2024-06-25;1314;57912;1;13.29
2024-06-25;1314;57814;1;150.83
2024-06-25;1314;57816;2;126.64
2024-06-25;1314;57817;2;182.68
2024-06-25;1314;51957;1;14.66
2024-06-25;1314;15589;6;185.94
2024-06-25;1314;21141;3;95.28
2024-06-25;1314;35416;2;30.26
2024-06-25;1314;35772;3;50.94
2024-06-25;1314;48813;0;0
2024-06-25;1314;15590;2;82.64
2024-06-25;1314;48812;0;0
2024-06-25;1314;18064;28;117.04
2024-06-25;1314;9607;11;155.54
2024-06-25;1314;1439;2;37.26
2024-06-25;1314;36857;6;23.22
2024-06-25;1314;5345;4;34.72
2024-06-25;1314;58701;1;56.56
2024-06-25;1314;20635;10;292.8
2024-06-25;1314;13315;4;188.04
2024-06-25;1314;31330;3;199.38
2024-06-25;1314;44217;2;86.4
2024-07-27;1314;57912;1;13.29
2024-07-27;1314;57814;2;301.66
2024-07-27;1314;57816;2;126.64
2024-07-27;1314;57817;2;182.68
2024-07-27;1314;51957;1;14.66
2024-07-27;1314;21141;6;190.68
2024-07-27;1314;15589;7;216.93
2024-07-27;1314;35416;5;76.65
2024-07-27;1314;35772;4;67.92
2024-07-27;1314;48813;3;26.94
2024-07-27;1314;48812;5;44.9
2024-07-27;1314;15590;1;41.32
2024-07-27;1314;18064;9;37.8
2024-07-27;1314;9607;14;199.78
2024-07-27;1314;36857;9;34.83
2024-07-27;1314;1439;2;37.84
2024-07-27;1314;5345;2;17.92
2024-07-27;1314;20635;12;352.08
2024-07-27;1314;13315;3;140.55
2024-07-27;1314;44217;2;86.18
2024-07-27;1314;31330;2;132.92
2024-07-27;1314;58701;2;116.7
2024-07-27;841;57912;3;26.37
2024-07-27;841;57817;2;131.4
2024-07-27;841;57814;1;109.5
2024-07-27;841;57816;3;131.4
2024-07-27;841;15590;3;98.07
2024-07-27;841;35416;1;10.74
2024-07-27;841;62782;1;7.55
2024-07-27;841;35772;2;25.04
2024-07-27;841;42076;4;32.56
2024-07-27;841;48812;2;15.22
2024-07-27;841;51957;1;7.71
2024-07-27;841;21141;6;155.52
2024-07-27;841;15589;4;101.2
2024-07-27;841;48813;2;12.48
2024-07-27;841;55917;2;18.26
2024-07-27;841;1439;1;15.06
2024-07-27;841;18064;14;34.86
2024-07-27;841;9607;3;26.61
2024-07-27;841;5345;4;22.36
2024-07-27;841;36857;3;7.41
2024-07-27;841;20635;2;46.6
2024-07-27;841;31330;2;102.12
2024-07-27;841;58701;3;136.17
2024-05-31;841;57912;4;35.16
2024-05-31;841;57814;0;0
2024-05-31;841;57816;2;87.6
2024-05-31;841;42076;5;40.7
2024-05-31;841;15590;3;98.07
2024-05-31;841;35416;1;10.74
2024-05-31;841;35772;3;37.56
2024-05-31;841;48812;3;22.83
2024-05-31;841;48813;2;9.98
2024-05-31;841;51957;1;5.89
2024-05-31;841;55917;1;9.01
2024-05-31;841;62782;1;7.55
2024-05-31;841;21141;2;51.84
2024-05-31;841;15589;4;99.28
2024-05-31;841;1439;1;15.06
2024-05-31;841;36857;3;7.23
2024-05-31;841;18064;44;103.4
2024-05-31;841;9607;3;25.8
2024-05-31;841;5345;3;15.78
2024-05-31;841;31330;1;50.71
2024-05-31;841;20635;1;23.08
2024-05-31;841;58701;3;136.14
2024-05-18;841;57912;4;35.16
2024-05-18;841;57814;0;0
2024-05-18;841;57816;0;0
2024-05-18;841;35772;3;37.56
2024-05-18;841;42076;5;40.7
2024-05-18;841;48813;2;9.98
2024-05-18;841;55917;1;9.01
2024-05-18;841;15590;3;98.07
2024-05-18;841;35416;1;10.74
2024-05-18;841;62782;1;7.55
2024-05-18;841;51957;1;5.89
2024-05-18;841;15589;5;124.1
2024-05-18;841;21141;5;130
2024-05-18;841;48812;3;22.83
2024-05-18;841;1439;1;15.06
2024-05-18;841;36857;3;7.23
2024-05-18;841;18064;43;100.19
2024-05-18;841;9607;5;43
2024-05-18;841;5345;3;15.78
2024-05-18;841;31330;1;50.71
2024-05-18;841;20635;1;23.08
2024-05-18;841;58701;3;136.08
2024-07-29;841;57912;3;26.37
2024-07-29;841;57817;2;131.4
2024-07-29;841;57814;1;109.5
2024-07-29;841;57816;3;131.4
2024-07-29;841;15590;2;65.38
2024-07-29;841;35416;1;10.74
2024-07-29;841;62782;1;7.55
2024-07-29;841;35772;2;25.04
2024-07-29;841;42076;4;32.56
2024-07-29;841;48812;2;15.22
2024-07-29;841;51957;1;7.71
2024-07-29;841;21141;6;155.52
2024-07-29;841;15589;4;101.2
2024-07-29;841;48813;2;12.48
2024-07-29;841;55917;2;18.26
2024-07-29;841;1439;0;0
2024-07-29;841;18064;18;44.82
2024-07-29;841;9607;4;35.56
2024-07-29;841;5345;4;22.36
2024-07-29;841;36857;3;7.41
2024-07-29;841;20635;2;46.6
2024-07-29;841;31330;2;102.12
2024-07-29;841;58701;3;136.17
2024-05-18;1314;57912;2;26.16
2024-05-18;1314;57814;0;0
2024-05-18;1314;57816;2;126.64
2024-05-18;1314;51957;1;12.56
2024-05-18;1314;15590;1;40.85
2024-05-18;1314;15589;2;61.98
2024-05-18;1314;21141;7;221.76
2024-05-18;1314;35416;2;29.88
2024-05-18;1314;48813;2;17.22
2024-05-18;1314;48812;1;9.02
2024-05-18;1314;18064;44;177.76
2024-05-18;1314;9607;20;277
2024-05-18;1314;1439;5;92.6
2024-05-18;1314;36857;3;11.46
2024-05-18;1314;5345;3;25.77
2024-05-18;1314;58701;1;56.56
2024-05-18;1314;20635;9;264.96
2024-05-18;1314;13315;5;235.05
2024-05-18;1314;31330;3;203.43
2024-05-18;1314;44217;3;129.87
2024-08-15;1314;57912;2;26.58
2024-08-15;1314;57814;2;301.66
2024-08-15;1314;57816;2;126.64
2024-08-15;1314;57817;2;182.68
2024-08-15;1314;51957;1;14.66
2024-08-15;1314;21141;0;0
2024-08-15;1314;15589;7;216.93
2024-08-15;1314;35416;5;76.7
2024-08-15;1314;35772;3;50.94
2024-08-15;1314;48813;2;17.96
2024-08-15;1314;48812;2;17.96
2024-08-15;1314;15590;2;83.12
2024-08-15;1314;18064;63;264.6
2024-08-15;1314;9607;12;171.48
2024-08-15;1314;36857;5;19.6
2024-08-15;1314;1439;5;94.7
2024-08-15;1314;5345;14;125.72
2024-08-15;1314;20635;9;265.95
2024-08-15;1314;44217;3;129.18
2024-08-15;1314;31330;2;132.92
2024-08-15;1314;13315;2;93.7
2024-08-15;1314;58701;2;116.7
2024-08-27;1314;62364;1;34.49
2024-08-27;1314;57912;2;26.58
2024-08-27;1314;57814;1;150.83
2024-08-27;1314;57816;2;126.64
2024-08-27;1314;57817;2;182.68
2024-08-27;1314;51957;1;14.66
2024-08-27;1314;21141;5;158.95
2024-08-27;1314;15589;4;124.16
2024-08-27;1314;35416;5;76.7
2024-08-27;1314;35772;4;67.92
2024-08-27;1314;48813;4;35.92
2024-08-27;1314;48812;3;26.94
2024-08-27;1314;15590;2;83.12
2024-08-27;1314;76834;1;5.22
2024-08-27;1314;18064;60;252
2024-08-27;1314;9607;16;228.96
2024-08-27;1314;36857;11;43.23
2024-08-27;1314;1439;4;75.84
2024-08-27;1314;5345;11;98.78
2024-08-27;1314;20635;9;271.89
2024-08-27;1314;44217;2;86.04
2024-08-27;1314;31330;2;135.42
2024-08-27;1314;13315;2;93.7
2024-08-27;1314;58701;2;116.7
2024-03-22;1314;57912;2;26.16
2024-03-22;1314;57816;2;126.64
2024-03-22;1314;57814;2;316.64
2024-03-22;1314;15590;1;40.45
2024-03-22;1314;48812;3;29.76
2024-03-22;1314;51957;3;37.68
2024-03-22;1314;48813;2;15.68
2024-03-22;1314;15589;5;147.25
2024-03-22;1314;21141;4;121.76
2024-03-22;1314;35416;4;59.56
2024-03-22;841;57912;1;8.79
2024-03-22;841;57816;3;142.5
2024-03-22;841;57814;2;237.52
2024-03-22;841;48813;3;14.97
2024-03-22;841;42076;5;40.7
2024-03-22;841;51957;2;11.78
2024-03-22;841;55917;1;9.01
2024-03-22;841;62782;1;7.55
2024-03-22;841;35772;3;35.79
2024-03-22;841;35416;1;10.74
2024-03-22;841;48812;1;8.4
2024-03-22;841;15589;3;72.09
2024-03-22;841;21141;2;49.54
2024-03-22;841;15590;3;98.07
2024-03-22;841;1439;1;14.9
2024-03-22;841;18064;22;49.72
2024-03-22;841;9607;1;8.44
2024-03-22;841;5345;4;20.88
2024-03-22;841;36857;3;7.11
2024-03-22;841;20635;1;23.33
2024-03-22;841;31330;1;50.71
2024-03-22;841;58701;2;90.5
2024-06-29;841;57912;3;26.37
2024-06-29;841;57817;2;131.4
2024-06-29;841;57814;1;109.5
2024-06-29;841;57816;3;131.4
2024-06-29;841;15590;3;98.07
2024-06-29;841;35416;1;10.74
2024-06-29;841;42076;4;32.56
2024-06-29;841;48812;2;15.22
2024-06-29;841;48813;2;9.98
2024-06-29;841;51957;1;7.71
2024-06-29;841;55917;1;9.01
2024-06-29;841;62782;1;7.55
2024-06-29;841;21141;6;155.52
2024-06-29;841;15589;3;75.9
2024-06-29;841;35772;2;25.04
2024-06-29;841;1439;1;15.06
2024-06-29;841;18064;27;66.42
2024-06-29;841;9607;5;44
2024-06-29;841;5345;5;27.9
2024-06-29;841;36857;4;9.84
2024-06-29;841;31330;1;50.37
2024-06-29;841;20635;1;23.3
2024-06-29;841;58701;3;136.17
2024-05-21;1314;57912;2;26.16
2024-05-21;1314;57814;0;0
2024-05-21;1314;57816;2;126.64
2024-05-21;1314;51957;1;12.56
2024-05-21;1314;15590;1;40.85
2024-05-21;1314;15589;3;92.97
2024-05-21;1314;21141;6;190.26
2024-05-21;1314;35416;3;44.97
2024-05-21;1314;48813;0;0
2024-05-21;1314;48812;1;9.02
2024-05-21;1314;18064;69;278.76
2024-05-21;1314;9607;21;291.27
2024-05-21;1314;1439;6;111.18
2024-05-21;1314;36857;4;15.4
2024-05-21;1314;5345;6;51.66
2024-05-21;1314;58701;1;56.56
2024-05-21;1314;20635;10;293.9
2024-05-21;1314;13315;5;235.05
2024-05-21;1314;31330;3;203.43
2024-05-21;1314;44217;2;86.58
2024-07-25;841;57912;3;26.37
2024-07-25;841;57817;2;131.4
2024-07-25;841;57814;2;219
2024-07-25;841;57816;3;131.4
2024-07-25;841;15590;3;98.07
2024-07-25;841;35416;1;10.74
2024-07-25;841;62782;1;7.55
2024-07-25;841;35772;2;25.04
2024-07-25;841;42076;4;32.56
2024-07-25;841;48812;2;15.22
2024-07-25;841;51957;1;7.71
2024-07-25;841;21141;6;155.52
2024-07-25;841;15589;4;101.2
2024-07-25;841;48813;1;4.99
2024-07-25;841;55917;1;9.13
2024-07-25;841;1439;1;15.06
2024-07-25;841;18064;9;22.41
2024-07-25;841;9607;3;26.61
2024-07-25;841;5345;4;22.36
2024-07-25;841;36857;3;7.41
2024-07-25;841;20635;2;46.6
2024-07-25;841;31330;2;102.12
2024-07-25;841;58701;3;136.17
2024-08-19;1314;57912;2;26.58
2024-08-19;1314;57814;2;301.66
2024-08-19;1314;57816;2;126.64
2024-08-19;1314;57817;2;182.68
2024-08-19;1314;51957;1;14.66
2024-08-19;1314;21141;8;254.32
2024-08-19;1314;15589;8;247.92
2024-08-19;1314;35416;5;76.7
2024-08-19;1314;35772;4;67.92
2024-08-19;1314;48813;3;26.94
2024-08-19;1314;48812;3;26.94
2024-08-19;1314;15590;2;83.12
2024-08-19;1314;76834;1;5.22
2024-08-19;1314;18064;53;222.6
2024-08-19;1314;9607;14;200.2
2024-08-19;1314;36857;6;23.52
2024-08-19;1314;1439;5;94.7
2024-08-19;1314;5345;13;116.74
2024-08-19;1314;20635;11;329.56
2024-08-19;1314;44217;3;129.18
2024-08-19;1314;31330;1;66.46
2024-08-19;1314;13315;2;93.7
2024-08-19;1314;58701;2;116.7
2024-07-17;1314;57912;1;13.29
2024-07-17;1314;57814;2;301.66
2024-07-17;1314;57816;2;126.64
2024-07-17;1314;57817;2;182.68
2024-07-17;1314;51957;1;14.66
2024-07-17;1314;21141;9;286.02
2024-07-17;1314;15589;9;278.91
2024-07-17;1314;35416;2;30.56
2024-07-17;1314;35772;2;33.96
2024-07-17;1314;48813;4;35.92
2024-07-17;1314;48812;1;8.98
2024-07-17;1314;15590;2;82.64
2024-07-17;1314;18064;71;298.2
2024-07-17;1314;9607;14;199.22
2024-07-17;1314;1439;6;113.52
2024-07-17;1314;36857;7;27.09
2024-07-17;1314;5345;7;62.44
2024-07-17;1314;20635;10;293.3
2024-07-17;1314;13315;3;141.03
2024-07-17;1314;44217;2;86.24
2024-07-17;1314;31330;2;132.92
2024-07-17;1314;58701;2;116.7
2024-08-07;841;18064;39;97.11
2024-08-07;841;9607;2;17.78
2024-08-07;841;36857;3;7.41
2024-08-07;841;5345;4;22.36
2024-08-07;841;1439;1;15.45
2024-08-07;841;58701;3;136.17
2024-08-07;841;20635;2;46.6
2024-08-07;841;31330;2;102.12
2024-08-07;841;57912;3;26.37
2024-08-07;841;57817;2;131.4
2024-08-07;841;57814;2;219
2024-08-07;841;57816;3;131.4
2024-08-07;841;15590;2;65.38
2024-08-07;841;35416;1;10.74
2024-08-07;841;48812;2;15.22
2024-08-07;841;51957;1;7.71
2024-08-07;841;62782;1;7.55
2024-08-07;841;35772;2;25.04
2024-08-07;841;42076;4;32.56
2024-08-07;841;21141;2;51.84
2024-08-07;841;15589;4;101.2
2024-08-07;841;48813;2;12.48
2024-08-07;841;55917;2;18.26
2024-07-09;841;57912;3;26.37
2024-07-09;841;57817;2;131.4
2024-07-09;841;57814;0;0
2024-07-09;841;57816;4;175.2
2024-07-09;841;15590;3;98.07
2024-07-09;841;35416;1;10.74
2024-07-09;841;42076;4;32.56
2024-07-09;841;48812;2;15.22
2024-07-09;841;48813;1;4.99
2024-07-09;841;51957;1;7.71
2024-07-09;841;55917;1;9.01
2024-07-09;841;62782;1;7.55
2024-07-09;841;21141;6;155.52
2024-07-09;841;15589;4;101.2
2024-07-09;841;35772;2;25.04
2024-07-09;841;1439;1;15.06
2024-07-09;841;18064;15;37.2
2024-07-09;841;9607;5;44
2024-07-09;841;5345;5;27.9
2024-07-09;841;36857;2;4.92
2024-07-09;841;31330;1;50.37
2024-07-09;841;20635;2;46.6
2024-07-09;841;58701;3;136.17
2024-07-06;1314;57912;2;26.58
2024-07-06;1314;57814;2;301.66
2024-07-06;1314;57816;2;126.64
2024-07-06;1314;57817;2;182.68
2024-07-06;1314;51957;1;14.66
2024-07-06;1314;15589;8;247.92
2024-07-06;1314;21141;5;158.9
2024-07-06;1314;35416;4;60.84
2024-07-06;1314;35772;3;50.94
2024-07-06;1314;48812;3;26.94
2024-07-06;1314;48813;1;8.98
2024-07-06;1314;15590;2;82.64
2024-07-06;1314;18064;74;310.8
2024-07-06;1314;9607;14;198.38
2024-07-06;1314;1439;5;94.6
2024-07-06;1314;36857;0;0
2024-07-06;1314;5345;5;44.4
2024-07-06;1314;20635;13;381.29
2024-07-06;1314;13315;3;141.03
2024-07-06;1314;31330;3;199.38
2024-07-06;1314;44217;1;43.2
2024-07-06;1314;58701;2;115.5
2024-07-06;841;57912;3;26.37
2024-07-06;841;57817;1;65.7
2024-07-06;841;57814;0;0
2024-07-06;841;57816;3;131.4
2024-07-06;841;15590;3;98.07
2024-07-06;841;35416;1;10.74
2024-07-06;841;42076;4;32.56
2024-07-06;841;48812;2;15.22
2024-07-06;841;48813;2;9.98
2024-07-06;841;51957;1;7.71
2024-07-06;841;55917;1;9.01
2024-07-06;841;62782;1;7.55
2024-07-06;841;21141;6;155.52
2024-07-06;841;15589;4;101.2
2024-07-06;841;35772;2;25.04
2024-07-06;841;1439;1;15.06
2024-07-06;841;18064;13;31.98
2024-07-06;841;9607;4;35.2
2024-07-06;841;5345;4;22.32
2024-07-06;841;36857;3;7.38
2024-07-06;841;31330;1;50.37
2024-07-06;841;20635;2;46.6
2024-07-06;841;58701;3;136.17
2024-09-26;841;57912;1;8.79
2024-09-26;841;57817;2;131.4
2024-09-26;841;57814;2;219
2024-09-26;841;57816;3;131.4
2024-09-26;841;15590;2;65.38
2024-09-26;841;35772;2;25.04
2024-09-26;841;51957;1;7.71
2024-09-26;841;62782;1;7.55
2024-09-26;841;35416;1;11.13
2024-09-26;841;42076;4;32.56
2024-09-26;841;48812;1;7.61
2024-09-26;841;21141;5;129.65
2024-09-26;841;15589;4;102.56
2024-09-26;841;48813;2;14.68
2024-09-26;841;55917;2;18.26
2024-09-26;841;76834;1;3.34
2024-09-26;841;36857;3;7.41
2024-09-26;841;1439;2;30.96
2024-09-26;841;18064;29;74.24
2024-09-26;841;9607;4;36.04
2024-09-26;841;5345;4;22.44
2024-09-26;841;58701;3;136.17
2024-09-26;841;20635;2;49.48
2024-09-26;841;31330;2;102.12
2024-03-28;841;57912;1;8.79
2024-05-23;1314;57912;2;26.16
2024-05-23;1314;57814;2;301.66
2024-05-23;1314;57816;2;126.64
2024-05-23;1314;51957;1;12.56
2024-05-23;1314;15590;0;0
2024-05-23;1314;15589;4;123.96
2024-05-23;1314;21141;4;126.84
2024-05-23;1314;35416;3;44.97
2024-05-23;1314;48813;0;0
2024-05-23;1314;48812;1;9.02
2024-05-23;1314;18064;76;308.56
2024-05-23;1314;9607;19;263.53
2024-05-23;1314;1439;6;111.18
2024-05-23;1314;36857;4;15.4
2024-05-23;1314;5345;8;68.96
2024-05-23;1314;58701;1;56.56
2024-05-23;1314;20635;6;176.34
2024-05-23;1314;13315;5;235.05
2024-05-23;1314;31330;3;203.43
2024-05-23;1314;44217;2;86.58
2024-04-09;1314;15590;1;40.45
2024-04-09;1314;51957;3;37.68
2024-04-09;1314;48812;1;9.92
2024-04-09;1314;15589;4;117.76
2024-04-09;1314;21141;4;121.52
2024-04-09;1314;35416;6;89.34
2024-04-09;1314;48813;1;8.05
2024-04-09;1314;18064;110;437.8
2024-04-09;1314;9607;11;151.47
2024-04-09;1314;1439;5;90.85
2024-04-09;1314;36857;6;22.8
2024-04-09;1314;5345;7;59.36
2024-04-09;1314;44217;1;41.78
2024-04-09;1314;58701;1;56.35
2024-04-09;1314;20635;7;216.16
2024-04-09;1314;13315;1;46.59
2024-04-09;1314;31330;3;203.43
2024-05-11;841;57912;4;35.16
2024-05-11;841;57814;0;0
2024-05-11;841;57816;0;0
2024-05-11;841;35772;1;11.93
2024-05-11;841;42076;5;40.7
2024-05-11;841;48813;3;14.97
2024-05-11;841;51957;1;5.89
2024-05-11;841;55917;1;9.01
2024-05-11;841;15590;3;98.07
2024-05-11;841;35416;1;10.74
2024-05-11;841;62782;1;7.55
2024-05-11;841;15589;6;148.92
2024-05-11;841;21141;4;101.48
2024-05-11;841;48812;3;22.83
2024-05-11;841;1439;1;15.06
2024-05-11;841;36857;3;7.23
2024-05-11;841;18064;48;111.84
2024-05-11;841;9607;5;42.25
2024-05-11;841;5345;3;15.72
2024-05-11;841;31330;1;50.71
2024-05-11;841;58701;1;45.25
2024-05-11;841;20635;1;23.08
2024-04-09;841;57912;4;35.16
2024-04-09;841;57816;2;86.62
2024-04-09;841;57814;2;237.52
2024-04-09;841;48813;3;14.97
2024-04-09;841;42076;5;40.7
2024-04-09;841;51957;2;11.78
2024-04-09;841;55917;1;9.01
2024-04-09;841;62782;1;7.55
2024-04-09;841;35772;3;35.79
2024-04-09;841;15590;3;98.07
2024-04-09;841;35416;1;10.74
2024-04-09;841;48812;1;8.4
2024-04-09;841;15589;4;96.08
2024-04-09;841;21141;4;98.96
2024-07-20;1314;62364;1;34.49
2024-12-31;841;57912;1;8.79
2024-12-31;841;57817;2;131.42
2024-12-31;841;57814;0;0
2024-12-31;841;57816;0;0
2024-12-31;841;51957;1;7.71
2024-12-31;841;55917;2;18.26
2024-12-31;841;62782;0;0
2024-12-31;841;15590;1;32.69
2024-12-31;841;35772;2;25.28
2024-12-31;841;35416;1;11.26
2024-12-31;841;42076;3;24.42
2024-12-31;841;48812;1;7.49
2024-12-31;841;21141;3;77.79
2024-12-31;841;15589;4;104.08
2024-12-31;841;48813;2;14.92
2024-12-31;841;76834;1;3.34
2024-12-31;841;1439;3;46.47
2024-12-31;841;18064;37;95.09
2024-12-31;841;9607;9;80.73
2024-12-31;841;5345;5;28.1
2024-12-31;841;36857;3;7.8
2024-12-31;841;31330;2;102.12
2024-12-31;841;58701;2;90.78
2024-12-31;841;20635;2;47
2024-04-12;841;5345;4;20.92
2024-04-12;841;20635;1;23.33
2024-04-12;841;31330;1;50.71
2024-04-12;841;58701;2;90.5
2024-04-12;1314;18064;122;488
2024-04-12;1314;9607;14;193.2
2024-04-12;1314;1439;6;109.14
2024-04-12;1314;36857;7;26.67
2024-04-12;1314;5345;6;50.88
2024-04-12;1314;44217;1;41.78
2024-04-12;1314;58701;1;56.35
2024-04-12;1314;20635;8;247.36
2024-04-12;1314;13315;3;140.88
2024-04-12;1314;31330;3;203.43
2024-05-21;841;57912;4;35.16
2024-05-21;841;57814;1;109.5
2024-05-21;841;57816;3;131.4
2024-05-21;841;35772;3;37.56
2024-05-21;841;42076;5;40.7
2024-05-21;841;48813;2;9.98
2024-05-21;841;55917;1;9.01
2024-05-21;841;15590;3;98.07
2024-05-21;841;35416;1;10.74
2024-05-21;841;62782;1;7.55
2024-05-21;841;51957;1;5.89
2024-05-21;841;21141;4;104
2024-05-21;841;15589;5;124.1
2024-05-21;841;48812;3;22.83
2024-05-21;841;1439;1;15.06
2024-05-21;841;36857;3;7.23
2024-05-21;841;18064;44;102.96
2024-05-21;841;9607;5;43
2024-05-21;841;5345;3;15.78
2024-05-21;841;31330;1;50.71
2024-05-21;841;20635;1;23.08
2024-05-21;841;58701;3;136.08
2024-04-22;841;57912;4;35.16
2024-04-22;841;57814;0;0
2024-04-22;841;57816;0;0
2024-04-22;841;42076;5;40.7
2024-04-22;841;48813;3;14.97
2024-04-22;841;51957;1;5.89
2024-04-22;841;55917;1;9.01
2024-04-22;841;62782;1;7.55
2024-04-22;841;35772;3;35.79
2024-04-22;841;35416;1;10.74
2024-04-22;841;15590;3;98.07
2024-04-22;841;48812;0;0
2024-04-22;841;15589;2;48.04
2024-04-22;841;21141;3;74.22
2024-04-22;841;1439;1;14.9
2024-04-22;841;36857;3;7.23
2024-04-22;841;18064;7;16.17
2024-04-22;841;9607;2;16.88
2024-04-22;841;5345;3;15.69
2024-04-22;841;31330;1;50.71
2024-04-22;841;20635;1;23.33
2024-04-22;841;58701;2;90.5
2024-04-22;1314;57912;2;26.16
2024-04-22;1314;57814;2;316.64
2024-04-22;1314;57816;2;126.64
2024-04-22;1314;15590;1;40.45
2024-04-22;1314;51957;3;37.68
2024-04-22;1314;48812;1;9.92
2024-04-22;1314;15589;2;59.24
2024-04-22;1314;21141;3;91.35
2024-04-22;1314;35416;3;44.67
2024-04-22;1314;48813;3;24.99
2024-04-22;1314;18064;93;373.86
2024-04-22;1314;9607;16;221.28
2024-04-22;1314;1439;3;54.57
2024-04-22;1314;36857;7;26.67
2024-04-22;1314;5345;10;85.4
2024-04-22;1314;44217;0;0
2024-04-22;1314;58701;0;0
2024-04-22;1314;20635;4;123.68
2024-04-22;1314;13315;2;93.92
2024-04-22;1314;31330;3;203.43
2024-07-17;841;57912;3;26.37
2024-07-17;841;57817;2;131.4
2024-07-17;841;57814;2;219
2024-07-17;841;57816;3;131.4
2024-07-17;841;15590;3;98.07
2024-07-17;841;35416;1;10.74
2024-07-17;841;35772;2;25.04
2024-07-17;841;42076;4;32.56
2024-07-17;841;48812;2;15.22
2024-07-17;841;48813;1;4.99
2024-07-17;841;51957;1;7.71
2024-07-17;841;55917;0;0
2024-07-17;841;62782;1;7.55
2024-07-17;841;21141;5;129.6
2024-07-17;841;15589;4;101.2
2024-07-17;841;1439;1;15.06
2024-07-17;841;18064;21;52.29
2024-07-17;841;9607;3;26.55
2024-07-17;841;5345;3;16.74
2024-07-17;841;36857;4;9.88
2024-07-17;841;20635;1;23.3
2024-07-17;841;31330;1;51.06
2024-07-17;841;58701;3;136.17
2024-06-18;841;57912;4;35.16
2024-06-18;841;57817;2;131.4
2024-06-18;841;57814;2;219
2024-06-18;841;57816;4;175.2
2024-06-18;841;35416;1;10.74
2024-06-18;841;42076;4;32.56
2024-06-18;841;15590;3;98.07
2024-06-18;841;35772;3;37.56
2024-06-18;841;48813;2;9.98
2024-06-18;841;51957;1;7.71
2024-06-18;841;55917;1;9.01
2024-06-18;841;62782;1;7.55
2024-06-18;841;21141;3;77.67
2024-06-18;841;15589;3;75.81
2024-06-18;841;48812;2;15.22
2024-06-18;841;36857;1;2.41
2024-06-18;841;1439;1;15.06
2024-06-18;841;18064;14;33.32
2024-06-18;841;9607;2;17.46
2024-06-18;841;5345;2;11.16
2024-06-18;841;20635;1;23.3
2024-06-18;841;31330;1;50.37
2024-06-18;841;58701;3;136.17
2024-06-18;1314;57912;1;13.29
2024-06-18;1314;57814;2;301.66
2024-06-18;1314;57816;2;126.64
2024-06-18;1314;57817;2;182.68
2024-06-18;1314;51957;1;14.66
2024-06-18;1314;15589;4;123.96
2024-06-18;1314;21141;5;158.75
2024-06-18;1314;35416;2;30.2
2024-06-18;1314;35772;3;50.94
2024-06-18;1314;48813;0;0
2024-06-18;1314;15590;1;40.85
2024-06-18;1314;48812;0;0
2024-06-18;1314;18064;61;251.93
2024-06-18;1314;9607;13;183.56
2024-06-18;1314;1439;5;93
2024-06-18;1314;36857;2;7.7
2024-06-18;1314;5345;7;60.76
2024-06-18;1314;58701;1;56.56
2024-06-18;1314;20635;8;233.92
2024-06-18;1314;13315;4;188.04
2024-06-18;1314;31330;3;199.38
2024-06-18;1314;44217;2;86.4
2024-06-22;1314;57912;1;13.29
2024-06-22;1314;57814;1;150.83
2024-06-22;1314;57816;2;126.64
2024-06-22;1314;57817;2;182.68
2024-06-22;1314;51957;1;14.66
2024-06-22;1314;15589;7;216.93
2024-06-22;1314;21141;3;95.28
2024-06-22;1314;35416;2;30.26
2024-06-22;1314;35772;3;50.94
2024-06-22;1314;48813;0;0
2024-06-22;1314;15590;1;40.85
2024-06-22;1314;48812;0;0
2024-06-22;1314;18064;78;326.04
2024-06-22;1314;9607;11;155.54
2024-06-22;1314;1439;6;111.78
2024-06-22;1314;36857;5;19.35
2024-06-22;1314;5345;5;43.4
2024-06-22;1314;58701;1;56.56
2024-06-22;1314;20635;10;292.7
2024-06-22;1314;13315;4;188.04
2024-06-22;1314;31330;3;199.38
2024-06-22;1314;44217;2;86.4
2024-09-20;1314;62364;1;34.49
2024-09-20;1314;57912;2;26.58
2024-09-20;1314;57814;2;301.66
2024-09-20;1314;57816;2;126.64
2024-09-20;1314;57817;2;182.68
2024-09-20;1314;51957;1;14.66
2024-09-20;1314;21141;8;254.32
2024-09-20;1314;15589;8;253.28
2024-09-20;1314;35416;5;76.7
2024-09-20;1314;35772;3;50.94
2024-09-20;1314;48813;3;26.94
2024-09-20;1314;48812;2;17.96
2024-09-20;1314;15590;2;83.12
2024-09-20;1314;76834;1;5.22
2024-09-20;1314;1439;4;75.88
2024-09-20;1314;18064;58;247.08
2024-09-20;1314;9607;17;244.29
2024-09-20;1314;36857;10;39.3
2024-09-20;1314;5345;11;98.89
2024-09-20;1314;20635;11;340.01
2024-09-20;1314;31330;2;135.42
2024-09-20;1314;13315;2;93.38
2024-09-20;1314;44217;3;129
2024-09-20;1314;58701;2;116.7
2024-04-24;841;57912;4;35.16
2024-04-24;841;57814;1;104.77
2024-04-24;841;57816;3;125.73
2024-04-24;841;42076;5;40.7
2024-04-24;841;48813;3;14.97
2024-04-24;841;51957;1;5.89
2024-04-24;841;55917;1;9.01
2024-04-24;841;62782;1;7.55
2024-04-24;841;35772;3;35.79
2024-04-24;841;35416;1;10.74
2024-04-24;841;15590;3;98.07
2024-04-24;841;48812;0;0
2024-04-24;841;15589;3;72.06
2024-04-24;841;21141;4;98.96
2024-04-24;841;1439;1;14.9
2024-04-24;841;36857;3;7.23
2024-04-24;841;18064;6;13.92
2024-04-24;841;9607;2;16.88
2024-04-24;841;5345;3;15.69
2024-04-24;841;31330;1;50.71
2024-04-24;841;20635;1;23.33
2024-04-24;841;58701;2;90.5
2024-03-18;1314;62364;1;32.58
2024-04-24;1314;57912;2;26.16
2024-04-24;1314;57814;2;316.64
2024-04-24;1314;57816;2;126.64
2024-04-24;1314;15590;0;0
2024-04-24;1314;51957;3;37.68
2024-04-24;1314;48812;1;9.92
2024-04-24;1314;15589;2;59.24
2024-04-24;1314;21141;4;122
2024-04-24;1314;35416;3;44.67
2024-04-24;1314;48813;2;16.66
2024-04-24;1314;18064;109;438.18
2024-04-24;1314;9607;20;276.8
2024-04-24;1314;1439;3;54.57
2024-04-24;1314;36857;7;26.67
2024-04-24;1314;5345;10;85.4
2024-04-24;1314;44217;1;43.29
2024-04-24;1314;58701;1;56.56
2024-04-24;1314;20635;8;239.92
2024-04-24;1314;13315;4;188
2024-04-24;1314;31330;3;203.43
2024-03-27;1314;57912;2;26.16
2024-03-27;1314;57816;2;126.64
2024-03-27;1314;57814;2;316.64
2024-03-27;1314;15590;1;40.45
2024-03-27;1314;48812;1;9.92
2024-03-27;1314;51957;3;37.68
2024-03-27;1314;15589;7;206.08
2024-03-27;1314;21141;3;91.32
2024-03-27;1314;35416;4;59.56
2024-03-27;1314;48813;2;15.68
2024-03-27;1314;18064;115;450.8
2024-03-27;1314;9607;11;149.38
2024-03-27;1314;1439;3;54.57
2024-03-27;1314;36857;7;26.39
2024-03-27;1314;5345;6;50.76
2024-04-13;841;57912;4;35.16
2024-04-13;841;57816;0;0
2024-04-13;841;57814;1;118.76
2024-04-13;841;48813;3;14.97
2024-04-13;841;42076;5;40.7
2024-04-13;841;51957;2;11.78
2024-04-13;841;55917;1;9.01
2024-04-13;841;62782;1;7.55
2024-04-13;841;35772;3;35.79
2024-04-13;841;15590;3;98.07
2024-04-13;841;35416;1;10.74
2024-04-13;841;48812;1;8.4
2024-04-13;841;15589;2;48.04
2024-04-13;841;21141;1;24.74
2024-04-13;841;1439;1;14.9
2024-04-13;841;36857;3;7.23
2024-04-13;841;18064;17;39.1
2024-04-13;841;9607;3;25.32
2024-04-13;841;5345;4;20.92
2024-07-16;1314;57912;1;13.29
2024-07-16;1314;57814;2;301.66
2024-07-16;1314;57816;2;126.64
2024-07-16;1314;57817;2;182.68
2024-07-16;1314;51957;1;14.66
2024-07-16;1314;21141;9;286.02
2024-07-16;1314;15589;7;216.93
2024-07-16;1314;35416;2;30.56
2024-07-16;1314;35772;1;16.98
2024-07-16;1314;48813;4;35.92
2024-07-16;1314;48812;1;8.98
2024-07-16;1314;15590;2;82.64
2024-07-16;1314;18064;73;306.6
2024-07-16;1314;9607;13;184.86
2024-07-16;1314;1439;6;113.52
2024-07-16;1314;36857;7;27.09
2024-07-16;1314;5345;7;62.44
2024-07-16;1314;20635;9;263.97
2024-07-16;1314;13315;3;141.03
2024-07-16;1314;44217;2;86.24
2024-07-16;1314;31330;2;132.92
2024-07-16;1314;58701;2;116.7
2024-07-16;841;57912;3;26.37
2024-07-16;841;57817;2;131.4
2024-07-16;841;57814;2;219
2024-07-16;841;57816;3;131.4
2024-07-16;841;15590;3;98.07
2024-07-16;841;35416;1;10.74
2024-07-16;841;35772;2;25.04
2024-07-16;841;42076;4;32.56
2024-07-16;841;48812;2;15.22
2024-07-16;841;48813;1;4.99
2024-07-16;841;51957;1;7.71
2024-07-16;841;55917;0;0
2024-07-16;841;62782;1;7.55
2024-07-16;841;21141;5;129.6
2024-07-16;841;15589;4;101.2
2024-07-16;841;1439;1;15.06
2024-07-16;841;18064;21;52.29
2024-07-16;841;9607;3;26.55
2024-07-16;841;5345;3;16.74
2024-07-16;841;36857;4;9.88
2024-07-16;841;20635;1;23.3
2024-07-16;841;31330;1;51.06
2024-07-16;841;58701;3;136.17
2024-06-05;1314;57912;1;13.08
2024-06-05;1314;57814;2;301.66
2024-06-05;1314;57816;2;126.64
2024-06-05;1314;51957;0;0
2024-06-05;1314;15590;1;40.85
2024-06-05;1314;15589;6;185.94
2024-06-05;1314;21141;3;95.28
2024-06-05;1314;35416;4;60.36
2024-06-05;1314;35772;0;0
2024-06-05;1314;48813;2;17.42
2024-06-05;1314;48812;2;18.02
2024-06-05;1314;18064;123;503.07
2024-06-05;1314;9607;8;110.96
2024-06-05;1314;1439;5;92.7
2024-06-05;1314;36857;6;23.1
2024-06-05;1314;5345;8;69.04
2024-06-05;1314;58701;0;0
2024-06-05;1314;20635;7;204.4
2024-06-05;1314;31330;3;199.38
2024-06-05;1314;13315;4;188.04
2024-06-05;1314;44217;3;129.6
2024-04-17;1314;57912;2;26.16
2024-04-17;1314;57816;2;126.64
2024-04-17;1314;57814;2;316.64
2024-04-17;1314;15590;1;40.45
2024-04-17;1314;51957;3;37.68
2024-04-17;1314;48812;1;9.92
2024-04-17;1314;15589;2;59.24
2024-04-17;1314;21141;3;91.35
2024-04-17;1314;35416;5;74.45
2024-04-17;1314;48813;3;24.99
2024-04-17;841;1439;1;14.9
2024-04-17;841;36857;3;7.23
2024-04-17;841;18064;14;32.2
2024-04-17;841;9607;2;16.88
2024-04-17;841;5345;3;15.69
2024-04-17;841;57912;4;35.16
2024-04-17;841;57816;0;0
2024-04-17;841;57814;0;0
2024-04-17;841;48813;3;14.97
2024-04-17;841;42076;5;40.7
2024-04-17;841;51957;2;11.78
2024-04-17;841;55917;1;9.01
2024-04-17;841;62782;1;7.55
2024-04-17;841;35772;3;35.79
2024-04-17;841;35416;1;10.74
2024-04-17;841;15590;3;98.07
2024-04-17;841;48812;1;8.4
2024-04-17;841;15589;2;48.04
2024-04-17;841;21141;0;0
2024-03-20;1314;62364;1;32.58
2024-03-11;1314;62364;1;32.58
2024-03-30;1314;1439;5;90.85
2024-03-30;1314;36857;7;26.39
2024-03-30;1314;5345;8;67.68
2024-03-30;1314;58701;1;56.35
2024-03-30;1314;44217;2;83.56
2024-03-30;1314;31330;4;271.24
2024-03-30;1314;20635;3;92.64
2024-03-30;1314;13315;1;46.59
2024-06-07;1314;57912;0;0
2024-06-07;1314;57814;2;301.66
2024-06-07;1314;57816;2;126.64
2024-06-07;1314;18064;156;638.04
2024-06-07;1314;9607;7;97.37
2024-06-07;1314;1439;5;92.7
2024-06-07;1314;36857;6;23.1
2024-06-07;1314;5345;9;77.85
2024-06-07;1314;58701;1;56.56
2024-06-07;1314;20635;4;116.8
2024-06-07;1314;31330;3;199.38
2024-06-07;1314;13315;4;188.04
2024-06-07;1314;44217;3;129.6
2024-06-07;1314;51957;0;0
2024-06-07;1314;15590;1;40.85
2024-06-07;1314;15589;4;123.96
2024-06-07;1314;21141;2;63.52
2024-06-07;1314;35416;3;45.27
2024-06-07;1314;35772;0;0
2024-06-07;1314;48813;2;17.42
2024-06-07;1314;48812;2;18.02
2024-05-16;841;57912;4;35.16
2024-05-16;841;57814;0;0
2024-05-16;841;57816;0;0
2024-05-16;841;35772;1;11.93
2024-05-16;841;42076;5;40.7
2024-05-16;841;48813;3;14.97
2024-05-16;841;55917;1;9.01
2024-05-16;841;15590;3;98.07
2024-05-16;841;35416;1;10.74
2024-05-16;841;62782;1;7.55
2024-05-16;841;51957;1;5.89
2024-05-16;841;15589;6;148.92
2024-05-16;841;21141;4;104
2024-05-16;841;48812;3;22.83
2024-05-16;841;1439;1;15.06
2024-05-16;841;36857;3;7.23
2024-05-16;841;18064;53;123.49
2024-05-16;841;9607;3;25.35
2024-05-16;841;5345;1;5.26
2024-05-16;841;31330;1;50.71
2024-05-16;841;20635;1;23.08
2024-05-16;841;58701;1;45.25
2024-05-16;1314;51957;1;12.56
2024-05-16;1314;15590;1;40.85
2024-05-16;1314;48812;1;9.02
2024-05-16;1314;15589;4;123.96
2024-05-16;1314;21141;7;221.76
2024-05-16;1314;35416;3;44.82
2024-05-16;1314;48813;3;25.83
2024-05-16;1314;18064;73;294.92
2024-05-16;1314;9607;20;277
2024-05-16;1314;1439;6;111.12
2024-05-16;1314;36857;3;11.46
2024-05-16;1314;5345;3;25.77
2024-05-16;1314;58701;1;56.56
2024-05-16;1314;20635;9;264.96
2024-05-16;1314;13315;5;235.05
2024-05-16;1314;31330;3;203.43
2024-05-16;1314;44217;3;129.87
2024-05-16;1314;57912;2;26.16
2024-05-16;1314;57814;0;0
2024-05-16;1314;57816;2;126.64
2024-05-22;841;57912;4;35.16
2024-05-22;841;57814;0;0
2024-05-22;841;57816;2;87.6
2024-05-22;841;35772;3;37.56
2024-05-22;841;42076;5;40.7
2024-05-22;841;48813;2;9.98
2024-05-22;841;55917;1;9.01
2024-05-22;841;15590;3;98.07
2024-05-22;841;35416;1;10.74
2024-05-22;841;62782;1;7.55
2024-05-22;841;51957;1;5.89
2024-05-22;841;21141;4;104
2024-05-22;841;15589;5;124.1
2024-05-22;841;48812;3;22.83
2024-05-22;841;1439;1;15.06
2024-05-22;841;36857;3;7.23
2024-05-22;841;18064;43;100.62
2024-05-22;841;9607;5;43
2024-05-22;841;5345;3;15.78
2024-05-22;841;31330;1;50.71
2024-05-22;841;20635;1;23.08
2024-05-22;841;58701;2;90.72
2024-06-04;841;57912;4;35.16
2024-06-04;841;57814;1;109.5
2024-06-04;841;57816;4;175.2
2024-06-04;841;42076;5;40.7
2024-06-04;841;15590;3;98.07
2024-06-04;841;35416;1;10.74
2024-06-04;841;35772;3;37.56
2024-06-04;841;48812;2;15.22
2024-06-04;841;48813;2;9.98
2024-06-04;841;51957;0;0
2024-06-04;841;55917;1;9.01
2024-06-04;841;62782;1;7.55
2024-06-04;841;21141;5;129.4
2024-06-04;841;15589;1;24.82
2024-06-04;841;1439;1;15.06
2024-06-04;841;36857;3;7.23
2024-06-04;841;18064;40;94
2024-06-04;841;9607;4;34.64
2024-06-04;841;5345;2;10.52
2024-06-04;841;31330;0;0
2024-06-04;841;20635;1;23.08
2024-06-04;841;58701;3;136.14
2024-06-04;1314;57912;1;13.08
2024-06-04;1314;57814;2;301.66
2024-06-04;1314;57816;2;126.64
2024-06-04;1314;51957;0;0
2024-06-04;1314;15590;1;40.85
2024-06-04;1314;15589;6;185.94
2024-06-04;1314;21141;3;95.28
2024-06-04;1314;35416;4;60.36
2024-06-04;1314;48813;2;17.42
2024-06-04;1314;48812;2;18.02
2024-06-04;1314;18064;140;572.6
2024-06-04;1314;9607;9;124.83
2024-06-04;1314;1439;5;92.7
2024-06-04;1314;36857;6;23.1
2024-06-04;1314;5345;8;69.04
2024-06-04;1314;58701;0;0
2024-06-04;1314;20635;8;233.6
2024-06-04;1314;31330;3;199.38
2024-06-04;1314;13315;4;188.04
2024-06-04;1314;44217;3;129.6
2024-08-14;1314;62364;1;34.49
2024-08-14;841;57912;3;26.37
2024-08-14;841;57817;2;131.4
2024-08-14;841;57814;0;0
2024-08-14;841;57816;3;131.4
2024-08-14;841;15590;2;65.38
2024-08-14;841;35416;1;10.74
2024-08-14;841;48812;2;15.22
2024-08-14;841;51957;1;7.71
2024-08-14;841;62782;1;7.55
2024-08-14;841;35772;2;25.04
2024-08-14;841;42076;4;32.56
2024-08-14;841;21141;5;129.65
2024-08-14;841;15589;4;101.2
2024-08-14;841;48813;2;12.48
2024-08-14;841;55917;2;18.26
2024-08-14;841;18064;46;114.54
2024-08-14;841;9607;2;17.84
2024-08-14;841;36857;3;7.41
2024-08-14;841;5345;3;16.77
2024-08-14;841;1439;2;30.94
2024-08-14;841;58701;3;136.17
2024-08-14;841;20635;2;46.6
2024-08-14;841;31330;2;102.12
2024-08-16;1314;57912;2;26.58
2024-08-16;1314;57814;2;301.66
2024-08-16;1314;57816;2;126.64
2024-08-16;1314;57817;2;182.68
2024-08-16;1314;51957;1;14.66
2024-08-16;1314;21141;8;254.32
2024-08-16;1314;15589;7;216.93
2024-08-16;1314;35416;5;76.7
2024-08-16;1314;35772;4;67.92
2024-08-16;1314;48813;3;26.94
2024-08-16;1314;48812;2;17.96
2024-08-16;1314;15590;2;83.12
2024-08-16;1314;76834;1;5.22
2024-08-16;1314;18064;76;319.2
2024-08-16;1314;9607;13;185.9
2024-08-16;1314;36857;6;23.52
2024-08-16;1314;1439;5;94.7
2024-08-16;1314;5345;14;125.72
2024-08-16;1314;20635;10;297.1
2024-08-16;1314;44217;3;129.18
2024-08-16;1314;31330;2;132.92
2024-08-16;1314;13315;2;93.7
2024-08-16;1314;58701;2;116.7
2024-07-26;1314;57912;1;13.29
2024-07-26;1314;57814;2;301.66
2024-07-26;1314;57816;2;126.64
2024-07-26;1314;57817;2;182.68
2024-07-26;1314;51957;1;14.66
2024-07-26;1314;21141;6;190.68
2024-07-26;1314;15589;6;185.94
2024-07-26;1314;35416;5;76.65
2024-07-26;1314;35772;4;67.92
2024-07-26;1314;48813;3;26.94
2024-07-26;1314;48812;5;44.9
2024-07-26;1314;15590;1;41.32
2024-07-26;1314;18064;6;25.2
2024-07-26;1314;9607;13;185.38
2024-07-26;1314;36857;9;34.83
2024-07-26;1314;1439;2;37.84
2024-07-26;1314;5345;1;8.93
2024-07-26;1314;20635;12;352.08
2024-07-26;1314;13315;2;94.02
2024-07-26;1314;44217;2;86.18
2024-07-26;1314;31330;2;132.92
2024-07-26;1314;58701;2;116.7
2024-08-17;1314;62364;1;34.49
2024-08-12;1314;62364;1;34.49
2024-03-06;841;57912;1;8.79
2024-03-06;841;57816;3;142.5
2024-03-06;841;57814;2;237.52
2024-03-06;841;48813;3;14.97
2024-03-06;841;42076;5;40.7
2024-03-06;841;51957;2;11.78
2024-03-06;841;55917;1;9.01
2024-03-06;841;62782;1;7.01
2024-03-06;841;15590;1;32.05
2024-03-06;841;35772;3;35.79
2024-03-06;841;35416;1;10.74
2024-03-06;841;48812;0;0
2024-03-06;841;15589;3;72.09
2024-03-06;841;21141;3;74.31
2024-07-31;1314;57912;1;13.29
2024-07-31;1314;57814;2;301.66
2024-07-31;1314;57816;2;126.64
2024-07-31;1314;57817;2;182.68
2024-07-31;1314;51957;1;14.66
2024-07-31;1314;21141;6;190.68
2024-07-31;1314;15589;8;247.92
2024-07-31;1314;35416;4;61.32
2024-07-31;1314;35772;4;67.92
2024-07-31;1314;48813;4;35.92
2024-07-31;1314;48812;5;44.9
2024-07-31;1314;15590;2;83.12
2024-07-31;1314;18064;59;247.8
2024-07-31;1314;9607;18;257.04
2024-07-31;1314;36857;3;11.67
2024-07-31;1314;1439;5;94.7
2024-07-31;1314;5345;6;53.88
2024-07-31;1314;20635;13;381.42
2024-07-31;1314;13315;3;140.55
2024-07-31;1314;44217;2;86.18
2024-07-31;1314;31330;2;132.92
2024-07-31;1314;58701;2;116.7
2024-07-31;841;57912;3;26.37
2024-07-31;841;57817;2;131.4
2024-07-31;841;57814;1;109.5
2024-07-31;841;57816;3;131.4
2024-07-31;841;15590;2;65.38
2024-07-31;841;35416;1;10.74
2024-07-31;841;62782;1;7.55
2024-07-31;841;35772;2;25.04
2024-07-31;841;42076;4;32.56
2024-07-31;841;48812;2;15.22
2024-07-31;841;51957;1;7.71
2024-07-31;841;21141;5;129.6
2024-07-31;841;15589;4;101.2
2024-07-31;841;48813;2;12.48
2024-07-31;841;55917;2;18.26
2024-07-31;841;1439;0;0
2024-07-31;841;18064;14;34.86
2024-07-31;841;9607;4;35.56
2024-07-31;841;36857;3;7.41
2024-07-31;841;5345;4;22.36
2024-07-31;841;20635;2;46.6
2024-07-31;841;31330;2;102.12
2024-07-31;841;58701;3;136.17
2024-08-16;1314;62364;1;34.49
2024-08-08;1314;57912;2;26.58
2024-08-08;1314;57814;2;301.66
2024-08-08;1314;57816;2;126.64
2024-08-08;1314;57817;2;182.68
2024-08-08;1314;51957;1;14.66
2024-08-08;1314;21141;2;63.56
2024-08-08;1314;15589;10;309.9
2024-08-08;1314;35416;4;61.36
2024-08-08;1314;35772;4;67.92
2024-08-08;1314;48813;3;26.94
2024-08-08;1314;48812;3;26.94
2024-08-08;1314;15590;2;83.12
2024-08-08;1314;18064;62;260.4
2024-08-08;1314;9607;13;185.64
2024-08-08;1314;36857;6;23.52
2024-08-08;1314;1439;4;75.76
2024-08-08;1314;5345;14;125.72
2024-08-08;1314;20635;11;322.74
2024-08-08;1314;13315;3;140.55
2024-08-08;1314;44217;3;129.18
2024-08-08;1314;31330;2;132.92
2024-08-08;1314;58701;2;116.7
2024-06-14;841;57912;4;35.16
2024-06-14;841;57817;0;0
2024-06-14;841;57814;2;219
2024-06-14;841;57816;2;87.6
2024-06-14;841;35416;1;10.74
2024-06-14;841;42076;4;32.56
2024-06-14;841;15590;3;98.07
2024-06-14;841;35772;3;37.56
2024-06-14;841;48813;2;9.98
2024-06-14;841;51957;1;7.71
2024-06-14;841;55917;1;9.01
2024-06-14;841;62782;1;7.55
2024-06-14;841;21141;6;155.34
2024-06-14;841;15589;3;75.75
2024-06-14;841;48812;2;15.22
2024-06-14;841;36857;1;2.41
2024-06-14;841;1439;1;15.06
2024-06-14;841;18064;24;56.4
2024-06-14;841;9607;3;26.1
2024-06-14;841;5345;0;0
2024-06-14;841;31330;1;50.37
2024-06-14;841;20635;0;0
2024-06-14;841;58701;3;136.17
2024-05-07;841;57912;4;35.16
2024-05-07;841;57814;0;0
2024-05-07;841;57816;0;0
2024-05-07;841;35772;3;35.79
2024-05-07;841;42076;5;40.7
2024-05-07;841;48813;3;14.97
2024-05-07;841;51957;1;5.89
2024-05-07;841;55917;1;9.01
2024-05-07;841;15590;3;98.07
2024-05-07;841;35416;1;10.74
2024-05-07;841;62782;1;7.55
2024-05-07;841;15589;3;73.02
2024-05-07;841;21141;4;98.96
2024-05-07;841;48812;1;7.76
2024-05-07;841;1439;1;15.06
2024-05-07;841;36857;3;7.23
2024-05-07;841;18064;52;121.16
2024-05-07;841;9607;6;50.7
2024-05-07;841;5345;3;15.69
2024-05-07;841;20635;1;23.08
2024-05-07;841;31330;1;50.71
2024-05-07;841;58701;2;90.5
2024-05-24;841;57912;4;35.16
2024-05-24;841;57814;0;0
2024-05-24;841;57816;0;0
2024-05-24;841;35772;3;37.56
2024-05-24;841;42076;5;40.7
2024-05-24;841;48813;2;9.98
2024-05-24;841;55917;1;9.01
2024-05-24;841;15590;3;98.07
2024-05-24;841;35416;1;10.74
2024-05-24;841;62782;1;7.55
2024-05-24;841;51957;1;5.89
2024-05-24;841;21141;4;103.96
2024-05-24;841;15589;5;124.1
2024-05-24;841;48812;3;22.83
2024-05-24;841;1439;1;15.06
2024-05-24;841;36857;3;7.23
2024-05-24;841;18064;54;126.9
2024-05-24;841;9607;5;43
2024-05-24;841;5345;3;15.78
2024-05-24;841;31330;1;50.71
2024-05-24;841;20635;1;23.08
2024-05-24;841;58701;2;90.72
2024-04-08;1314;51957;3;37.68
2024-04-08;1314;48812;1;9.92
2024-04-08;1314;15589;4;117.76
2024-04-08;1314;21141;4;121.52
2024-04-08;1314;35416;6;89.34
2024-04-08;1314;48813;1;8.05
2024-04-08;1314;18064;77;303.38
2024-04-08;1314;9607;4;54.4
2024-04-08;1314;1439;5;90.85
2024-04-08;1314;36857;4;15.08
2024-04-08;1314;5345;6;50.76
2024-04-08;1314;44217;1;41.78
2024-04-08;1314;58701;1;56.35
2024-04-08;1314;20635;7;216.16
2024-04-08;1314;13315;1;46.59
2024-04-08;1314;31330;3;203.43
2024-03-20;1314;57912;2;26.16
2024-03-20;1314;57816;2;126.64
2024-03-20;1314;57814;2;316.64
2024-03-20;1314;15590;1;40.45
2024-03-20;1314;48812;4;39.68
2024-03-20;1314;51957;3;37.68
2024-03-20;1314;48813;2;15.68
2024-03-20;1314;15589;5;147.25
2024-03-20;1314;21141;5;152.2
2024-03-20;1314;35416;2;29.78
2024-05-29;841;57912;4;35.16
2024-05-29;841;57814;0;0
2024-05-29;841;57816;4;175.2
2024-05-29;841;42076;5;40.7
2024-05-29;841;15590;3;98.07
2024-05-29;841;35416;1;10.74
2024-05-29;841;35772;3;37.56
2024-05-29;841;48812;3;22.83
2024-05-29;841;48813;2;9.98
2024-05-29;841;51957;1;5.89
2024-05-29;841;55917;1;9.01
2024-05-29;841;62782;1;7.55
2024-05-29;841;21141;4;103.68
2024-05-29;841;15589;4;99.28
2024-05-29;841;31330;1;50.71
2024-05-29;841;20635;1;23.08
2024-05-29;841;58701;3;136.14
2024-05-29;841;1439;1;15.06
2024-05-29;841;36857;3;7.23
2024-05-29;841;18064;54;126.9
2024-05-29;841;9607;3;25.8
2024-05-29;841;5345;3;15.78
2024-05-02;1314;57912;2;26.16
2024-05-02;1314;57814;1;158.32
2024-05-02;1314;57816;2;126.64
2024-05-02;1314;15590;1;40.85
2024-05-02;1314;51957;1;12.56
2024-05-02;1314;48812;0;0
2024-05-02;1314;15589;0;0
2024-05-02;1314;21141;2;61.16
2024-05-02;1314;35416;4;59.76
2024-05-02;1314;48813;1;8.47
2024-05-02;1314;18064;89;358.67
2024-05-02;1314;9607;18;249.12
2024-05-02;1314;1439;4;73.6
2024-05-02;1314;36857;6;22.86
2024-05-02;1314;5345;9;76.86
2024-05-02;1314;44217;0;0
2024-05-02;1314;58701;1;56.56
2024-05-02;1314;20635;8;236.72
2024-05-02;1314;13315;5;235.05
2024-05-02;1314;31330;3;203.43
2024-06-08;841;57912;4;35.16
2024-06-08;841;57814;2;219
2024-06-08;841;57816;3;131.4
2024-06-08;841;42076;4;32.56
2024-06-08;841;15590;3;98.07
2024-06-08;841;35416;1;10.74
2024-06-08;841;35772;3;37.56
2024-06-08;841;48812;2;15.22
2024-06-08;841;48813;2;9.98
2024-06-08;841;51957;1;7.71
2024-06-08;841;55917;1;9.01
2024-06-08;841;62782;1;7.55
2024-06-08;841;21141;6;155.28
2024-06-08;841;15589;3;75.69
2024-06-08;841;36857;1;2.41
2024-06-08;841;1439;1;15.06
2024-06-08;841;18064;39;91.65
2024-06-08;841;9607;3;25.98
2024-06-08;841;5345;2;10.52
2024-06-08;841;31330;1;50.37
2024-06-08;841;20635;1;23.08
2024-06-08;841;58701;3;136.17
2024-04-08;1314;57912;2;26.16
2024-04-08;1314;57816;2;126.64
2024-04-08;1314;57814;2;316.64
2024-04-08;1314;15590;1;40.45
2024-04-08;841;57912;4;35.16
2024-04-08;841;57816;2;86.62
2024-04-08;841;57814;2;237.52
2024-04-08;841;48813;3;14.97
2024-04-08;841;42076;5;40.7
2024-04-08;841;51957;2;11.78
2024-04-08;841;55917;1;9.01
2024-04-08;841;62782;1;7.55
2024-04-08;841;35772;3;35.79
2024-04-08;841;15590;3;98.07
2024-04-08;841;35416;1;10.74
2024-04-08;841;48812;1;8.4
2024-04-08;841;15589;4;96.08
2024-04-08;841;21141;4;98.96
2024-04-08;841;1439;1;14.9
2024-05-20;841;57912;4;35.16
2024-05-20;841;57814;1;109.5
2024-05-20;841;57816;3;131.4
2024-05-20;841;35772;3;37.56
2024-05-20;841;42076;5;40.7
2024-05-20;841;48813;2;9.98
2024-05-20;841;55917;1;9.01
2024-05-20;841;15590;3;98.07
2024-05-20;841;35416;1;10.74
2024-05-20;841;62782;1;7.55
2024-05-20;841;51957;1;5.89
2024-05-20;841;15589;5;124.1
2024-05-20;841;21141;4;104
2024-05-20;841;48812;3;22.83
2024-05-20;841;1439;1;15.06
2024-05-20;841;36857;3;7.23
2024-05-20;841;18064;47;109.98
2024-05-20;841;9607;5;43
2024-05-20;841;5345;3;15.78
2024-05-20;841;31330;1;50.71
2024-05-20;841;20635;1;23.08
2024-05-20;841;58701;3;136.08
2024-06-25;841;57912;4;35.16
2024-06-25;841;57817;2;131.4
2024-06-25;841;57814;1;109.5
2024-06-25;841;57816;4;175.2
2024-06-25;841;35416;1;10.74
2024-06-25;841;15590;3;98.07
2024-06-25;841;35772;2;25.04
2024-06-25;841;42076;4;32.56
2024-06-25;841;48813;2;9.98
2024-06-25;841;51957;1;7.71
2024-06-25;841;55917;1;9.01
2024-06-25;841;62782;1;7.55
2024-06-25;841;21141;6;155.52
2024-06-25;841;15589;3;75.87
2024-06-25;841;48812;2;15.22
2024-06-25;841;1439;1;15.06
2024-06-25;841;18064;19;46.36
2024-06-25;841;9607;4;35.12
2024-06-25;841;5345;3;16.74
2024-06-25;841;36857;4;9.84
2024-06-25;841;31330;1;50.37
2024-06-25;841;20635;1;23.3
2024-06-25;841;58701;3;136.17
2024-07-04;1314;57912;1;13.29
2024-07-04;1314;57814;2;301.66
2024-07-04;1314;57816;2;126.64
2024-07-04;1314;57817;2;182.68
2024-07-04;1314;51957;1;14.66
2024-07-04;1314;15589;7;216.93
2024-07-04;1314;21141;4;127.12
2024-07-04;1314;35416;3;45.48
2024-07-04;1314;35772;3;50.94
2024-07-04;1314;48812;3;26.94
2024-07-04;1314;48813;1;8.98
2024-07-04;1314;15590;2;82.64
2024-07-04;1314;18064;27;113.4
2024-07-04;1314;9607;13;184.21
2024-07-04;1314;1439;4;75.68
2024-07-04;1314;36857;0;0
2024-07-04;1314;5345;2;17.6
2024-07-04;1314;20635;7;205.1
2024-07-04;1314;13315;3;141.03
2024-07-04;1314;31330;3;199.38
2024-07-04;1314;44217;1;43.2
2024-07-04;1314;58701;1;56.56
2024-03-19;841;57912;1;8.79
2024-03-19;841;57816;3;142.5
2024-03-19;841;57814;2;237.52
2024-03-19;841;48813;3;14.97
2024-03-19;841;42076;5;40.7
2024-03-19;841;51957;2;11.78
2024-03-19;841;55917;1;9.01
2024-03-19;841;62782;1;7.55
2024-03-19;841;35772;3;35.79
2024-03-19;841;35416;1;10.74
2024-03-19;841;48812;1;8.4
2024-03-19;841;15589;3;72.09
2024-03-19;841;21141;0;0
2024-03-19;841;15590;3;98.07
2024-03-19;841;1439;1;14.9
2024-03-04;841;57912;1;8.79
2024-03-04;841;57816;3;142.5
2024-03-04;841;57814;2;237.52
2024-03-04;841;48813;3;14.97
2024-03-04;841;42076;5;40.7
2024-03-04;841;51957;2;11.78
2024-03-04;841;55917;1;9.01
2024-03-04;841;62782;1;7.01
2024-03-04;841;15590;1;32.05
2024-03-04;841;35416;1;10.74
2024-03-04;841;48812;0;0
2024-03-04;841;15589;3;72.09
2024-03-04;841;21141;2;49.54
2024-03-04;841;35772;3;35.79
2024-04-12;841;57912;4;35.16
2024-04-12;841;57816;2;85.68
2024-04-12;841;57814;1;118.76
2024-04-12;841;48813;3;14.97
2024-04-12;841;42076;5;40.7
2024-04-12;841;51957;2;11.78
2024-04-12;841;55917;1;9.01
2024-04-12;841;62782;1;7.55
2024-04-12;841;35772;3;35.79
2024-04-12;841;15590;3;98.07
2024-04-12;841;35416;1;10.74
2024-04-12;841;48812;1;8.4
2024-04-12;841;15589;2;48.04
2024-04-12;841;21141;3;74.22
2024-04-12;841;1439;1;14.9
2024-04-12;841;36857;3;7.23
2024-04-12;841;18064;17;39.1
2024-04-12;841;9607;3;25.32
2024-04-12;1314;57912;2;26.16
2024-04-12;1314;57816;2;126.64
2024-04-12;1314;57814;2;316.64
2024-04-12;1314;15590;1;40.45
2024-04-12;1314;51957;3;37.68
2024-04-12;1314;48812;1;9.92
2024-04-12;1314;15589;3;88.32
2024-04-12;1314;21141;3;91.14
2024-04-12;1314;35416;6;89.34
2024-04-12;1314;48813;1;8.05
2024-04-16;841;20635;1;23.33
2024-04-16;841;31330;1;50.71
2024-04-16;841;58701;2;90.5
2024-04-16;1314;18064;117;469.17
2024-04-16;1314;9607;14;193.48
2024-04-16;1314;1439;6;109.14
2024-04-16;1314;36857;7;26.67
2024-04-16;1314;5345;9;76.77
2024-04-16;1314;44217;0;0
2024-04-16;1314;58701;1;56.35
2024-04-16;1314;20635;5;154.6
2024-04-16;1314;13315;2;93.92
2024-04-16;1314;31330;3;203.43
2024-03-28;841;57816;3;142.5
2024-03-28;841;57814;2;237.52
2024-03-28;841;48813;3;14.97
2024-03-28;841;42076;5;40.7
2024-03-28;841;51957;2;11.78
2024-03-28;841;55917;1;9.01
2024-03-28;841;62782;1;7.55
2024-03-28;841;35772;3;35.79
2024-03-28;841;35416;1;10.74
2024-03-28;841;48812;1;8.4
2024-03-28;841;15589;2;48.06
2024-03-28;841;21141;2;49.54
2024-03-28;841;15590;3;98.07
2024-03-28;841;1439;1;14.9
2024-03-28;841;18064;22;49.94
2024-03-28;841;9607;3;25.32
2024-03-28;841;5345;4;20.88
2024-03-28;841;36857;3;7.11
2024-03-28;841;20635;1;23.33
2024-03-28;841;31330;1;50.71
2024-03-28;841;58701;2;90.5
2024-05-15;1314;57912;2;26.16
2024-05-15;1314;57814;0;0
2024-05-15;1314;57816;2;126.64
2024-05-15;1314;51957;1;12.56
2024-05-15;1314;15590;1;40.85
2024-05-15;1314;48812;1;9.02
2024-05-15;1314;15589;5;154.95
2024-05-15;1314;21141;7;221.76
2024-05-15;1314;35416;3;44.82
2024-05-15;1314;48813;3;25.83
2024-05-15;1314;18064;83;335.32
2024-05-15;1314;9607;20;277
2024-05-15;1314;1439;6;111.12
2024-05-15;1314;36857;3;11.46
2024-05-15;1314;5345;4;34.36
2024-05-15;1314;58701;1;56.56
2024-05-15;1314;20635;11;323.84
2024-05-15;1314;13315;5;235.05
2024-05-15;1314;31330;3;203.43
2024-05-15;1314;44217;3;129.87
2024-07-13;1314;62364;1;34.49
2024-04-10;841;57912;4;35.16
2024-04-10;841;57816;3;128.52
2024-04-10;841;57814;2;237.52
2024-04-10;841;48813;3;14.97
2024-04-10;841;42076;5;40.7
2024-04-10;841;51957;2;11.78
2024-04-10;841;55917;1;9.01
2024-04-10;841;62782;1;7.55
2024-04-10;841;35772;3;35.79
2024-04-10;841;15590;3;98.07
2024-04-10;841;35416;1;10.74
2024-04-10;841;48812;1;8.4
2024-04-10;841;15589;3;72.06
2024-04-10;841;21141;4;98.96
2024-04-10;841;1439;1;14.9
2024-04-10;841;36857;3;7.23
2024-04-10;841;18064;13;29.77
2024-04-10;841;9607;3;25.32
2024-07-26;841;57912;3;26.37
2024-07-26;841;57817;2;131.4
2024-07-26;841;57814;1;109.5
2024-07-26;841;57816;3;131.4
2024-07-26;841;15590;3;98.07
2024-07-26;841;35416;1;10.74
2024-07-26;841;62782;1;7.55
2024-07-26;841;35772;2;25.04
2024-07-26;841;42076;4;32.56
2024-07-26;841;48812;2;15.22
2024-07-26;841;51957;1;7.71
2024-07-26;841;21141;6;155.52
2024-07-26;841;15589;4;101.2
2024-07-26;841;48813;2;12.48
2024-07-26;841;55917;2;18.26
2024-07-26;841;1439;1;15.06
2024-07-26;841;18064;14;34.86
2024-07-26;841;9607;3;26.61
2024-07-26;841;5345;4;22.36
2024-07-26;841;36857;3;7.41
2024-07-26;841;20635;2;46.6
2024-07-26;841;31330;2;102.12
2024-07-26;841;58701;3;136.17
2024-07-27;1314;62364;1;34.49
2024-07-17;1314;62364;1;34.49
2024-05-10;1314;57912;2;26.16
2024-05-10;1314;57814;0;0
2024-05-10;1314;57816;2;126.64
2024-05-10;1314;51957;1;12.56
2024-05-10;1314;15590;1;40.85
2024-05-10;1314;48812;1;9.02
2024-05-10;1314;15589;3;92.97
2024-05-10;1314;21141;2;61.22
2024-05-10;1314;35416;4;59.76
2024-05-10;1314;48813;4;34.44
2024-05-10;1314;18064;78;315.12
2024-05-10;1314;9607;12;166.08
2024-05-10;1314;1439;4;73.96
2024-05-10;1314;36857;6;22.92
2024-05-10;1314;5345;4;34.16
2024-05-10;1314;58701;0;0
2024-05-10;1314;20635;12;353.52
2024-05-10;1314;13315;5;235.05
2024-05-10;1314;31330;3;203.43
2024-05-10;1314;44217;0;0
2024-07-25;1314;57912;1;13.29
2024-07-25;1314;57814;2;301.66
2024-07-25;1314;57816;2;126.64
2024-07-25;1314;57817;2;182.68
2024-07-25;1314;51957;1;14.66
2024-07-25;1314;21141;7;222.46
2024-07-25;1314;15589;6;185.94
2024-07-25;1314;35416;5;76.65
2024-07-25;1314;35772;4;67.92
2024-07-25;1314;48813;3;26.94
2024-07-25;1314;48812;5;44.9
2024-07-25;1314;15590;1;41.32
2024-07-25;1314;18064;26;109.2
2024-07-25;1314;9607;15;213.9
2024-07-25;1314;1439;2;37.84
2024-07-25;1314;36857;9;34.83
2024-07-25;1314;5345;2;17.86
2024-07-25;1314;20635;12;352.08
2024-07-25;1314;13315;2;94.02
2024-07-25;1314;44217;2;86.18
2024-07-25;1314;31330;2;132.92
2024-07-25;1314;58701;2;116.7
2024-02-19;841;57912;1;8.79
2024-02-19;841;57816;3;142.5
2024-02-19;841;57814;3;356.28
2024-02-19;841;48813;3;14.97
2024-02-19;841;42076;5;40.7
2024-02-19;841;55917;1;9.01
2024-02-19;841;62782;1;7.01
2024-02-19;841;15590;2;64.1
2024-02-19;841;35416;1;10.74
2024-02-19;841;51957;2;11.78
2024-02-19;841;48812;1;8.4
2024-02-19;841;15589;3;72.12
2024-02-19;841;21141;3;74.28
2024-02-19;841;35772;2;23.86
2024-02-19;841;36857;3;7.02
2024-02-19;841;1439;1;14.9
2024-02-19;841;18064;36;81
2024-02-19;841;9607;4;33.16
2024-02-19;841;5345;4;20.84
2024-02-19;841;31330;1;50.71
2024-04-01;841;57912;4;35.16
2024-04-01;841;57816;2;95
2024-04-01;841;57814;2;237.52
2024-04-01;841;48813;3;14.97
2024-04-01;841;42076;5;40.7
2024-04-01;841;51957;2;11.78
2024-04-01;841;55917;1;9.01
2024-04-01;841;62782;1;7.55
2024-04-01;841;35772;3;35.79
2024-04-01;841;35416;1;10.74
2024-04-01;841;48812;1;8.4
2024-04-01;841;15589;4;96.08
2024-04-01;841;21141;2;49.5
2024-04-01;841;15590;3;98.07
2024-04-01;841;1439;1;14.9
2024-04-01;841;18064;18;41.04
2024-04-01;841;9607;3;25.32
2024-04-01;841;5345;4;20.88
2024-04-01;841;36857;3;7.23
2024-04-01;841;20635;1;23.33
2024-04-01;841;31330;1;50.71
2024-04-01;841;58701;2;90.5
2024-03-13;1314;62364;1;32.58
2024-03-13;841;1439;1;14.9
2024-03-13;841;18064;24;54.24
2024-03-13;841;9607;3;25.32
2024-03-13;841;5345;4;20.88
2024-03-13;841;36857;3;7.11
2024-03-13;841;31330;1;50.71
2024-03-13;841;58701;2;90.5
2024-03-13;841;20635;1;23.33
2024-04-03;841;57912;4;35.16
2024-04-03;841;57816;1;47.5
2024-04-03;841;57814;2;237.52
2024-04-03;841;48813;3;14.97
2024-04-03;841;42076;5;40.7
2024-04-03;841;51957;2;11.78
2024-04-03;841;55917;1;9.01
2024-04-03;841;62782;1;7.55
2024-04-03;841;35772;3;35.79
2024-04-03;841;35416;1;10.74
2024-04-03;841;48812;1;8.4
2024-04-03;841;15589;3;72.06
2024-04-03;841;21141;0;0
2024-04-03;841;15590;3;98.07
2024-04-03;841;1439;1;14.9
2024-04-03;841;18064;16;36.48
2024-04-03;841;9607;3;25.32
2024-04-03;841;5345;4;20.88
2024-04-03;841;36857;3;7.23
2024-04-03;841;20635;1;23.33
2024-04-03;841;31330;1;50.71
2024-04-03;841;58701;2;90.5
2024-04-03;1314;57912;2;26.16
2024-04-03;1314;57816;2;126.64
2024-04-03;1314;57814;2;316.64
2024-04-03;1314;15590;1;40.45
2024-04-03;1314;48812;1;9.92
2024-04-03;1314;51957;3;37.68
2024-04-03;1314;15589;5;147.2
2024-04-03;1314;21141;2;60.8
2024-04-03;1314;35416;7;104.23
2024-04-03;1314;48813;3;24.15
2024-12-26;841;57912;1;8.79
2024-12-26;841;57817;2;131.42
2024-12-26;841;57814;3;328.5
2024-12-26;841;57816;2;87.6
2024-12-26;841;51957;1;7.71
2024-12-26;841;55917;2;18.26
2024-12-26;841;62782;1;7.84
2024-12-26;841;15590;1;32.69
2024-12-26;841;35772;2;25.28
2024-12-26;841;35416;1;11.26
2024-12-26;841;42076;3;24.42
2024-12-26;841;48812;1;7.49
2024-12-26;841;21141;4;103.72
2024-12-26;841;15589;4;104.08
2024-12-26;841;48813;2;14.92
2024-12-26;841;76834;1;3.34
2024-12-26;841;1439;4;61.96
2024-12-26;841;18064;41;105.37
2024-12-26;841;9607;9;80.73
2024-12-26;841;5345;5;28.1
2024-12-26;841;36857;3;7.8
2024-12-26;841;31330;2;102.12
2024-12-26;841;58701;2;90.78
2024-12-26;841;20635;2;47
2024-04-15;841;20635;1;23.33
2024-04-15;841;31330;1;50.71
2024-04-15;841;58701;2;90.5
2024-08-15;841;57912;3;26.37
2024-08-15;841;57817;2;131.4
2024-08-15;841;57814;0;0
2024-08-15;841;57816;3;131.4
2024-08-15;841;15590;2;65.38
2024-08-15;841;35416;1;10.74
2024-08-15;841;48812;2;15.22
2024-08-15;841;51957;1;7.71
2024-08-15;841;62782;1;7.55
2024-08-15;841;35772;2;25.04
2024-08-15;841;42076;4;32.56
2024-08-15;841;21141;5;129.65
2024-08-15;841;15589;4;101.2
2024-08-15;841;48813;2;12.48
2024-08-15;841;55917;2;18.26
2024-08-15;841;18064;46;114.54
2024-08-15;841;9607;3;26.79
2024-08-15;841;36857;3;7.41
2024-08-15;841;5345;4;22.4
2024-08-15;841;1439;2;30.94
2024-08-15;841;58701;3;136.17
2024-08-15;841;20635;2;46.6
2024-08-15;841;31330;2;102.12
2024-09-16;841;57912;3;26.37
2024-09-16;841;57817;2;131.4
2024-09-16;841;57814;2;219
2024-09-16;841;57816;3;131.4
2024-09-16;841;15590;2;65.38
2024-09-16;841;35416;0;0
2024-09-16;841;48812;1;7.61
2024-09-16;841;51957;1;7.71
2024-09-16;841;62782;1;7.55
2024-09-16;841;35772;2;25.04
2024-09-16;841;42076;4;32.56
2024-09-16;841;21141;5;129.65
2024-09-16;841;15589;4;102.56
2024-09-16;841;48813;1;7.18
2024-09-16;841;55917;2;18.26
2024-09-16;841;76834;1;3.34
2024-09-16;841;18064;14;35
2024-09-16;841;9607;1;8.99
2024-09-16;841;36857;3;7.41
2024-09-16;841;5345;4;22.44
2024-09-16;841;1439;2;30.96
2024-09-16;841;58701;3;136.17
2024-09-16;841;31330;2;102.12
2024-09-16;841;20635;1;24.26
2024-07-23;841;57912;3;26.37
2024-07-23;841;57817;2;131.4
2024-07-23;841;57814;2;219
2024-07-23;841;57816;3;131.4
2024-07-23;841;15590;3;98.07
2024-07-23;841;35416;1;10.74
2024-07-23;841;62782;1;7.55
2024-07-23;841;35772;2;25.04
2024-07-23;841;42076;4;32.56
2024-07-23;841;48812;2;15.22
2024-07-23;841;51957;1;7.71
2024-07-23;841;21141;6;155.52
2024-07-23;841;15589;4;101.2
2024-07-23;841;48813;1;4.99
2024-07-23;841;55917;1;9.13
2024-07-23;841;1439;1;15.06
2024-07-23;841;18064;16;39.84
2024-07-23;841;9607;3;26.61
2024-07-23;841;5345;4;22.36
2024-07-23;841;36857;4;9.88
2024-07-23;841;20635;2;46.6
2024-07-23;841;31330;2;102.12
2024-07-23;841;58701;3;136.17
2024-08-08;1314;62364;1;34.49
2024-09-11;841;57912;3;26.37
2024-09-11;841;57817;2;131.4
2024-09-11;841;57814;2;219
2024-09-11;841;57816;3;131.4
2024-09-11;841;15590;2;65.38
2024-09-11;841;35416;1;11.07
2024-09-11;841;48812;1;7.61
2024-09-11;841;51957;1;7.71
2024-09-11;841;62782;1;7.55
2024-09-11;841;35772;2;25.04
2024-09-11;841;42076;4;32.56
2024-09-11;841;21141;4;103.72
2024-09-11;841;15589;3;76.62
2024-09-11;841;48813;1;6.87
2024-09-11;841;55917;2;18.26
2024-09-11;841;76834;1;3.34
2024-09-11;841;18064;17;42.33
2024-09-11;841;9607;2;17.88
2024-09-11;841;36857;3;7.41
2024-09-11;841;5345;3;16.8
2024-09-11;841;1439;2;30.96
2024-09-11;841;58701;3;136.17
2024-09-11;841;20635;2;48.52
2024-09-11;841;31330;2;102.12
2024-09-18;841;57912;1;8.79
2024-09-18;841;57817;2;131.4
2024-09-18;841;57814;2;219
2024-09-18;841;57816;3;131.4
2024-09-18;841;15590;2;65.38
2024-09-18;841;35772;2;25.04
2024-09-18;841;51957;1;7.71
2024-09-18;841;62782;1;7.55
2024-09-18;841;35416;1;11.13
2024-09-18;841;42076;4;32.56
2024-09-18;841;48812;1;7.61
2024-09-18;841;21141;6;155.58
2024-09-18;841;15589;4;102.56
2024-09-18;841;48813;2;14.68
2024-09-18;841;55917;2;18.26
2024-09-18;841;76834;1;3.34
2024-09-18;841;18064;35;89.25
2024-09-18;841;9607;4;36.04
2024-09-18;841;36857;3;7.41
2024-09-18;841;5345;4;22.44
2024-09-18;841;1439;2;30.96
2024-09-18;841;58701;3;136.17
2024-09-18;841;20635;2;49.48
2024-09-18;841;31330;2;102.12
2024-08-07;1314;62364;1;34.49
2024-07-24;1314;57912;1;13.29
2024-07-24;1314;57814;2;301.66
2024-07-24;1314;57816;2;126.64
2024-07-24;1314;57817;2;182.68
2024-07-24;1314;51957;1;14.66
2024-07-24;1314;21141;7;222.46
2024-07-24;1314;15589;6;185.94
2024-07-24;1314;35416;5;76.65
2024-07-24;1314;35772;3;50.94
2024-07-24;1314;48813;3;26.94
2024-07-24;1314;48812;5;44.9
2024-07-24;1314;15590;2;82.64
2024-07-24;1314;18064;28;117.6
2024-07-24;1314;9607;14;199.5
2024-07-24;1314;1439;3;56.76
2024-07-24;1314;36857;10;38.7
2024-07-24;1314;5345;4;35.72
2024-07-24;1314;20635;12;352.08
2024-07-24;1314;13315;2;94.02
2024-07-24;1314;44217;3;129.27
2024-07-24;1314;31330;2;132.92
2024-07-24;1314;58701;2;116.7
2024-07-11;1314;57912;2;26.58
2024-07-11;1314;57814;2;301.66
2024-07-11;1314;57816;2;126.64
2024-07-11;1314;57817;2;182.68
2024-07-11;1314;51957;1;14.66
2024-07-11;1314;15589;7;216.93
2024-07-11;1314;21141;6;190.68
2024-07-11;1314;35416;4;61
2024-07-11;1314;35772;2;33.96
2024-07-11;1314;48812;2;17.96
2024-07-11;1314;48813;4;35.92
2024-07-11;1314;15590;2;82.64
2024-07-11;1314;18064;41;172.2
2024-07-11;1314;9607;12;170.16
2024-07-11;1314;1439;6;113.52
2024-07-11;1314;36857;7;27.09
2024-07-11;1314;5345;7;62.37
2024-07-11;1314;20635;12;351.96
2024-07-11;1314;13315;3;141.03
2024-07-11;1314;31330;3;199.38
2024-07-11;1314;44217;2;86.24
2024-07-11;1314;58701;1;57.75
2024-07-11;841;57912;3;26.37
2024-07-11;841;57817;2;131.4
2024-07-11;841;57814;0;0
2024-07-11;841;57816;4;175.2
2024-07-11;841;15590;3;98.07
2024-07-11;841;35416;1;10.74
2024-07-11;841;35772;2;25.04
2024-07-11;841;42076;4;32.56
2024-07-11;841;48812;2;15.22
2024-07-11;841;48813;1;4.99
2024-07-11;841;51957;1;7.71
2024-07-11;841;55917;1;9.01
2024-07-11;841;62782;1;7.55
2024-07-11;841;21141;5;129.6
2024-07-11;841;15589;4;101.2
2024-07-11;841;1439;1;15.06
2024-07-11;841;18064;8;19.84
2024-07-11;841;9607;3;26.4
2024-07-11;841;5345;5;27.9
2024-07-11;841;36857;2;4.92
2024-07-11;841;31330;1;50.37
2024-07-11;841;20635;2;46.6
2024-07-11;841;58701;3;136.17
2024-06-28;841;57912;3;26.37
2024-06-28;841;57817;2;131.4
2024-06-28;841;57814;1;109.5
2024-06-28;841;57816;3;131.4
2024-06-28;841;35416;1;10.74
2024-06-28;841;15590;3;98.07
2024-06-28;841;42076;4;32.56
2024-06-28;841;48812;2;15.22
2024-06-28;841;48813;2;9.98
2024-06-28;841;51957;1;7.71
2024-06-28;841;55917;1;9.01
2024-06-28;841;62782;1;7.55
2024-06-28;841;21141;6;155.52
2024-06-28;841;15589;3;75.9
2024-06-28;841;35772;2;25.04
2024-06-28;841;1439;1;15.06
2024-06-28;841;18064;23;56.35
2024-06-28;841;9607;4;35.16
2024-06-28;841;5345;2;11.16
2024-06-28;841;36857;4;9.84
2024-06-28;841;31330;1;50.37
2024-06-28;841;20635;1;23.3
2024-06-28;841;58701;3;136.17
2024-06-28;1314;57912;1;13.29
2024-06-28;1314;57814;2;301.66
2024-06-28;1314;57816;2;126.64
2024-06-28;1314;57817;2;182.68
2024-06-28;1314;51957;1;14.66
2024-06-28;1314;15589;8;247.92
2024-06-28;1314;21141;6;190.68
2024-06-28;1314;35416;4;60.64
2024-06-28;1314;35772;3;50.94
2024-06-28;1314;48813;4;35.92
2024-06-28;1314;15590;2;82.64
2024-06-28;1314;48812;3;26.94
2024-06-28;1314;18064;34;142.8
2024-06-28;1314;9607;14;198.24
2024-06-28;1314;1439;1;18.63
2024-06-28;1314;36857;7;27.09
2024-06-28;1314;5345;6;52.8
2024-06-28;1314;58701;1;56.56
2024-06-28;1314;20635;6;175.74
2024-06-28;1314;13315;4;188.04
2024-06-28;1314;31330;3;199.38
2024-06-28;1314;44217;2;86.4
2024-05-22;1314;57912;2;26.16
2024-05-22;1314;57814;2;301.66
2024-05-22;1314;57816;2;126.64
2024-05-22;1314;51957;1;12.56
2024-05-22;1314;15590;0;0
2024-05-22;1314;15589;4;123.96
2024-05-22;1314;21141;4;126.84
2024-05-22;1314;35416;3;44.97
2024-05-22;1314;48813;0;0
2024-05-22;1314;48812;1;9.02
2024-05-22;1314;18064;95;385.7
2024-05-22;1314;9607;20;277.4
2024-05-22;1314;1439;6;111.18
2024-05-22;1314;36857;4;15.4
2024-05-22;1314;5345;8;68.96
2024-05-22;1314;58701;1;56.56
2024-05-22;1314;20635;6;176.34
2024-05-22;1314;13315;5;235.05
2024-05-22;1314;31330;3;203.43
2024-05-22;1314;44217;2;86.58
2024-07-19;841;35772;2;25.04
2024-07-19;841;42076;4;32.56
2024-07-19;841;48812;2;15.22
2024-07-19;841;48813;1;4.99
2024-07-19;841;51957;1;7.71
2024-07-19;841;55917;1;9.13
2024-07-19;841;62782;1;7.55
2024-07-19;841;21141;6;155.52
2024-07-19;841;15589;4;101.2
2024-07-19;841;1439;1;15.06
2024-07-19;841;18064;25;62.25
2024-07-19;841;9607;4;35.48
2024-07-19;841;5345;3;16.74
2024-07-19;841;36857;4;9.88
2024-07-19;841;20635;2;46.6
2024-07-19;841;31330;2;102.12
2024-07-19;841;58701;3;136.17
2024-07-19;841;57912;3;26.37
2024-07-19;841;57817;2;131.4
2024-07-19;841;57814;2;219
2024-07-19;841;57816;3;131.4
2024-07-19;841;15590;3;98.07
2024-07-19;841;35416;1;10.74
2024-07-18;1314;62364;1;34.49
2024-07-19;1314;57912;1;13.29
2024-07-19;1314;57814;2;301.66
2024-07-19;1314;57816;2;126.64
2024-07-19;1314;57817;2;182.68
2024-07-19;1314;51957;1;14.66
2024-07-19;1314;21141;8;254.24
2024-07-19;1314;15589;9;278.91
2024-07-19;1314;35416;3;45.93
2024-07-19;1314;35772;2;33.96
2024-07-19;1314;48813;4;35.92
2024-07-19;1314;48812;3;26.94
2024-07-19;1314;15590;2;82.64
2024-07-19;1314;18064;73;306.6
2024-07-19;1314;9607;15;213.6
2024-07-19;1314;1439;6;113.52
2024-07-19;1314;36857;10;38.7
2024-07-19;1314;5345;8;71.44
2024-07-19;1314;20635;11;322.63
2024-07-19;1314;13315;2;94.02
2024-07-19;1314;44217;3;129.27
2024-07-19;1314;31330;2;132.92
2024-07-19;1314;58701;2;116.7
2024-06-03;841;57912;4;35.16
2024-06-03;841;57814;2;219
2024-06-03;841;57816;4;175.2
2024-06-03;841;42076;5;40.7
2024-06-03;841;15590;3;98.07
2024-06-03;841;35416;1;10.74
2024-06-03;841;35772;3;37.56
2024-06-03;841;48812;2;15.22
2024-06-03;841;48813;2;9.98
2024-06-03;841;51957;0;0
2024-06-03;841;55917;1;9.01
2024-06-03;841;62782;1;7.55
2024-06-03;841;21141;5;129.4
2024-06-03;841;15589;1;24.82
2024-06-03;841;1439;1;15.06
2024-06-03;841;36857;3;7.23
2024-06-03;841;18064;40;94
2024-06-03;841;9607;4;34.64
2024-06-03;841;5345;2;10.52
2024-06-03;841;31330;0;0
2024-06-03;841;20635;1;23.08
2024-06-03;841;58701;3;136.14
2024-04-08;841;18064;15;34.35
2024-04-08;841;9607;4;33.76
2024-04-08;841;36857;3;7.23
2024-04-08;841;5345;3;15.66
2024-04-08;841;20635;1;23.33
2024-04-08;841;31330;1;50.71
2024-04-08;841;58701;2;90.5
2024-07-20;841;57912;3;26.37
2024-07-20;841;57817;2;131.4
2024-07-20;841;57814;2;219
2024-07-20;841;57816;3;131.4
2024-07-20;841;15590;3;98.07
2024-07-20;841;35416;1;10.74
2024-07-20;841;62782;1;7.55
2024-07-20;841;35772;2;25.04
2024-07-20;841;42076;4;32.56
2024-07-20;841;48812;2;15.22
2024-07-20;841;51957;1;7.71
2024-07-20;841;21141;6;155.52
2024-07-20;841;15589;4;101.2
2024-07-20;841;48813;1;4.99
2024-07-20;841;55917;1;9.13
2024-07-20;841;1439;1;15.06
2024-07-20;841;18064;23;57.27
2024-07-20;841;9607;4;35.48
2024-07-20;841;5345;3;16.74
2024-07-20;841;36857;4;9.88
2024-07-20;841;20635;2;46.6
2024-07-20;841;31330;2;102.12
2024-07-20;841;58701;3;136.17
2024-07-20;1314;57912;1;13.29
2024-07-20;1314;57814;2;301.66
2024-07-20;1314;57816;2;126.64
2024-07-20;1314;57817;2;182.68
2024-07-20;1314;51957;1;14.66
2024-07-20;1314;21141;8;254.24
2024-07-20;1314;15589;8;247.92
2024-07-20;1314;35416;3;45.93
2024-07-20;1314;35772;2;33.96
2024-07-20;1314;48813;4;35.92
2024-07-20;1314;48812;3;26.94
2024-07-20;1314;15590;2;82.64
2024-07-20;1314;18064;55;231
2024-07-20;1314;9607;15;213.6
2024-07-20;1314;1439;5;94.6
2024-07-20;1314;36857;10;38.7
2024-07-20;1314;5345;8;71.44
2024-07-20;1314;20635;11;322.63
2024-07-20;1314;13315;2;94.02
2024-07-20;1314;44217;3;129.27
2024-07-20;1314;31330;2;132.92
2024-07-20;1314;58701;2;116.7
2024-07-10;1314;62364;1;34.49
2024-08-19;841;57912;3;26.37
2024-08-19;841;57817;2;131.4
2024-08-19;841;57814;2;219
2024-08-19;841;57816;3;131.4
2024-08-19;841;15590;2;65.38
2024-08-19;841;35416;1;10.74
2024-08-19;841;48812;2;15.22
2024-08-19;841;51957;1;7.71
2024-08-19;841;62782;1;7.55
2024-08-19;841;35772;2;25.04
2024-08-19;841;42076;4;32.56
2024-08-19;841;21141;6;155.58
2024-08-19;841;15589;4;101.2
2024-08-19;841;48813;2;12.48
2024-08-19;841;55917;2;18.26
2024-08-19;841;76834;1;3.34
2024-08-19;841;18064;41;102.09
2024-08-19;841;9607;4;35.72
2024-08-19;841;36857;3;7.41
2024-08-19;841;5345;4;22.4
2024-08-19;841;1439;2;30.94
2024-08-19;841;58701;3;136.17
2024-08-19;841;20635;2;46.6
2024-08-19;841;31330;2;102.12
2024-08-29;1314;62364;1;34.49
2024-08-29;1314;57912;2;26.58
2024-08-29;1314;57814;1;150.83
2024-08-29;1314;57816;2;126.64
2024-08-29;1314;57817;2;182.68
2024-08-29;1314;51957;1;14.66
2024-08-29;1314;21141;5;158.95
2024-08-29;1314;15589;8;250.16
2024-08-29;1314;35416;5;76.7
2024-08-29;1314;35772;4;67.92
2024-08-29;1314;48813;4;35.92
2024-08-29;1314;48812;3;26.94
2024-08-29;1314;15590;2;83.12
2024-08-29;1314;76834;1;5.22
2024-08-29;1314;18064;59;247.8
2024-08-29;1314;9607;16;228.96
2024-08-29;1314;36857;11;43.23
2024-08-29;1314;1439;4;75.84
2024-08-29;1314;5345;10;89.8
2024-08-29;1314;20635;9;272.88
2024-08-29;1314;44217;3;129.03
2024-08-29;1314;31330;2;135.42
2024-08-29;1314;13315;2;93.7
2024-08-29;1314;58701;2;116.7
2024-08-02;841;57912;3;26.37
2024-08-02;841;57817;2;131.4
2024-08-02;841;57814;1;109.5
2024-08-02;841;57816;3;131.4
2024-08-02;841;15590;2;65.38
2024-08-02;841;35416;1;10.74
2024-08-02;841;62782;1;7.55
2024-08-02;841;35772;2;25.04
2024-08-02;841;42076;4;32.56
2024-08-02;841;48812;2;15.22
2024-08-02;841;51957;1;7.71
2024-08-02;841;21141;4;103.68
2024-08-02;841;15589;4;101.2
2024-08-02;841;48813;2;12.48
2024-08-02;841;55917;2;18.26
2024-08-02;841;1439;0;0
2024-08-02;841;18064;8;19.92
2024-08-02;841;9607;4;35.56
2024-08-02;841;36857;3;7.41
2024-08-02;841;5345;4;22.36
2024-08-02;841;20635;2;46.6
2024-08-02;841;31330;2;102.12
2024-08-02;841;58701;3;136.17
2024-07-05;1314;57912;1;13.29
2024-07-05;1314;57814;2;301.66
2024-07-05;1314;57816;2;126.64
2024-07-05;1314;57817;2;182.68
2024-07-05;1314;51957;1;14.66
2024-07-05;1314;15589;8;247.92
2024-07-05;1314;21141;5;158.9
2024-07-05;1314;35416;3;45.48
2024-07-05;1314;35772;3;50.94
2024-07-05;1314;48812;3;26.94
2024-07-05;1314;48813;1;8.98
2024-07-05;1314;15590;2;82.64
2024-07-05;1314;18064;39;163.8
2024-07-05;1314;9607;13;184.21
2024-07-05;1314;1439;5;94.6
2024-07-05;1314;36857;0;0
2024-07-05;1314;5345;4;35.48
2024-07-05;1314;20635;10;293.2
2024-07-05;1314;13315;3;141.03
2024-07-05;1314;31330;3;199.38
2024-07-05;1314;44217;1;43.2
2024-07-05;1314;58701;1;56.56
2024-07-05;841;57912;3;26.37
2024-07-05;841;57817;1;65.7
2024-07-05;841;57814;1;109.5
2024-07-05;841;57816;3;131.4
2024-07-05;841;15590;3;98.07
2024-07-05;841;35416;1;10.74
2024-07-05;841;42076;4;32.56
2024-07-05;841;48812;2;15.22
2024-07-05;841;48813;2;9.98
2024-07-05;841;51957;1;7.71
2024-07-05;841;55917;1;9.01
2024-07-05;841;62782;1;7.55
2024-07-05;841;21141;6;155.52
2024-07-05;841;15589;4;101.2
2024-07-05;841;35772;2;25.04
2024-07-05;841;1439;1;15.06
2024-07-05;841;18064;15;36.9
2024-07-05;841;9607;4;35.2
2024-07-05;841;5345;4;22.32
2024-07-05;841;36857;4;9.84
2024-07-05;841;31330;1;50.37
2024-07-05;841;20635;2;46.6
2024-07-05;841;58701;3;136.17
2024-08-30;1314;62364;1;34.49
2024-08-30;1314;57912;2;26.58
2024-08-30;1314;57814;1;150.83
2024-08-30;1314;57816;2;126.64
2024-08-30;1314;57817;2;182.68
2024-08-30;1314;51957;1;14.66
2024-08-30;1314;21141;5;158.95
2024-08-30;1314;15589;8;250.16
2024-08-30;1314;35416;5;76.7
2024-08-30;1314;35772;4;67.92
2024-08-30;1314;48813;4;35.92
2024-08-30;1314;48812;3;26.94
2024-08-30;1314;15590;2;83.12
2024-08-30;1314;76834;1;5.22
2024-08-30;1314;18064;49;205.8
2024-08-30;1314;9607;16;228.96
2024-08-30;1314;36857;11;43.23
2024-08-30;1314;1439;4;75.84
2024-08-30;1314;5345;10;89.8
2024-08-30;1314;20635;9;272.88
2024-08-30;1314;44217;3;129.03
2024-08-30;1314;31330;2;135.42
2024-08-30;1314;13315;2;93.7
2024-08-30;1314;58701;2;116.7
2024-09-04;841;57912;3;26.37
2024-09-04;841;57817;2;131.4
2024-09-04;841;57814;2;219
2024-09-04;841;57816;3;131.4
2024-09-04;841;15590;2;65.38
2024-09-04;841;35416;1;11.07
2024-09-04;841;48812;1;7.61
2024-09-04;841;51957;1;7.71
2024-09-04;841;62782;1;7.55
2024-09-04;841;35772;2;25.04
2024-09-04;841;42076;4;32.56
2024-09-04;841;21141;4;103.72
2024-09-04;841;15589;4;102.16
2024-09-04;841;48813;2;13.74
2024-09-04;841;55917;2;18.26
2024-09-04;841;76834;1;3.34
2024-09-04;841;18064;34;84.66
2024-09-04;841;9607;3;26.82
2024-09-04;841;36857;3;7.41
2024-09-04;841;5345;3;16.8
2024-09-04;841;1439;2;30.96
2024-09-04;841;58701;3;136.17
2024-09-04;841;31330;2;102.12
2024-09-04;841;20635;1;23.3
2024-08-02;1314;57912;2;26.58
2024-08-02;1314;57814;2;301.66
2024-08-02;1314;57816;2;126.64
2024-08-02;1314;57817;2;182.68
2024-08-02;1314;51957;1;14.66
2024-08-02;1314;21141;5;158.9
2024-08-02;1314;15589;9;278.91
2024-08-02;1314;35416;4;61.32
2024-08-02;1314;35772;4;67.92
2024-08-02;1314;48813;4;35.92
2024-08-02;1314;48812;5;44.9
2024-08-02;1314;15590;2;83.12
2024-08-02;1314;18064;60;252
2024-08-02;1314;9607;17;242.76
2024-08-02;1314;36857;10;39.2
2024-08-02;1314;1439;4;75.76
2024-08-02;1314;5345;12;107.76
2024-08-02;1314;20635;13;381.42
2024-08-02;1314;13315;3;140.55
2024-08-02;1314;44217;3;129.18
2024-08-02;1314;31330;2;132.92
2024-08-02;1314;58701;2;116.7
2024-08-31;1314;62364;1;34.49
2024-08-31;1314;57912;2;26.58
2024-08-31;1314;57814;1;150.83
2024-08-31;1314;57816;2;126.64
2024-08-31;1314;57817;2;182.68
2024-08-31;1314;51957;1;14.66
2024-08-31;1314;21141;5;158.95
2024-08-31;1314;15589;7;218.89
2024-08-31;1314;35416;5;76.7
2024-08-31;1314;35772;4;67.92
2024-08-31;1314;48813;4;35.92
2024-08-31;1314;48812;3;26.94
2024-08-31;1314;15590;2;83.12
2024-08-31;1314;76834;1;5.22
2024-08-31;1314;1439;4;75.84
2024-08-31;1314;18064;38;159.6
2024-08-31;1314;9607;16;228.96
2024-08-31;1314;36857;11;43.23
2024-08-31;1314;5345;10;89.8
2024-08-31;1314;20635;8;242.56
2024-08-31;1314;44217;3;129.03
2024-08-31;1314;31330;2;135.42
2024-08-31;1314;13315;2;93.7
2024-08-31;1314;58701;2;116.7
2024-08-08;841;57912;3;26.37
2024-08-08;841;57817;2;131.4
2024-08-08;841;57814;2;219
2024-08-08;841;57816;3;131.4
2024-08-08;841;15590;2;65.38
2024-08-08;841;35416;1;10.74
2024-08-08;841;48812;2;15.22
2024-08-08;841;51957;1;7.71
2024-08-08;841;62782;1;7.55
2024-08-08;841;35772;2;25.04
2024-08-08;841;42076;4;32.56
2024-08-08;841;21141;2;51.84
2024-08-08;841;15589;4;101.2
2024-08-08;841;48813;2;12.48
2024-08-08;841;55917;2;18.26
2024-08-08;841;18064;39;97.11
2024-08-08;841;9607;2;17.78
2024-08-08;841;36857;3;7.41
2024-08-08;841;5345;4;22.36
2024-08-08;841;1439;1;15.45
2024-08-08;841;58701;3;136.17
2024-08-08;841;20635;2;46.6
2024-08-08;841;31330;2;102.12
2024-09-09;841;57912;3;26.37
2024-09-09;841;57817;2;131.4
2024-09-09;841;57814;2;219
2024-09-09;841;57816;3;131.4
2024-09-09;841;15590;2;65.38
2024-09-09;841;35416;1;11.07
2024-09-09;841;48812;1;7.61
2024-09-09;841;51957;1;7.71
2024-09-09;841;62782;1;7.55
2024-09-09;841;35772;2;25.04
2024-09-09;841;42076;4;32.56
2024-09-09;841;21141;4;103.72
2024-09-09;841;15589;3;76.62
2024-09-09;841;48813;1;6.87
2024-09-09;841;55917;2;18.26
2024-09-09;841;76834;1;3.34
2024-09-09;841;18064;20;49.8
2024-09-09;841;9607;3;26.82
2024-09-09;841;36857;3;7.41
2024-09-09;841;5345;3;16.8
2024-09-09;841;1439;2;30.96
2024-09-09;841;58701;3;136.17
2024-09-09;841;20635;2;48.52
2024-09-09;841;31330;2;102.12
2024-07-30;1314;57912;1;13.29
2024-07-30;1314;57814;2;301.66
2024-07-30;1314;57816;2;126.64
2024-07-30;1314;57817;2;182.68
2024-07-30;1314;51957;1;14.66
2024-07-30;1314;21141;6;190.68
2024-07-30;1314;15589;8;247.92
2024-07-30;1314;35416;4;61.32
2024-07-30;1314;35772;4;67.92
2024-07-30;1314;48813;3;26.94
2024-07-30;1314;48812;5;44.9
2024-07-30;1314;15590;1;41.32
2024-07-30;1314;18064;83;348.6
2024-07-30;1314;9607;17;242.76
2024-07-30;1314;36857;2;7.74
2024-07-30;1314;1439;2;37.84
2024-07-30;1314;5345;2;17.94
2024-07-30;1314;20635;13;381.42
2024-07-30;1314;13315;3;140.55
2024-07-30;1314;44217;2;86.18
2024-07-30;1314;31330;2;132.92
2024-07-30;1314;58701;2;116.7
2024-03-22;1314;18064;116;452.4
2024-03-22;1314;9607;13;176.54
2024-03-22;1314;1439;4;72.8
2024-03-22;1314;36857;7;26.39
2024-03-22;1314;5345;3;25.35
2024-03-22;1314;58701;1;56.35
2024-03-22;1314;31330;4;271.24
2024-03-22;1314;44217;2;83.56
2024-03-22;1314;20635;6;185.28
2024-03-22;1314;13315;2;93.18
2024-03-08;841;1439;1;14.9
2024-03-08;841;18064;11;24.75
2024-03-08;841;9607;0;0
2024-03-08;841;5345;4;20.88
2024-03-08;841;36857;3;7.11
2024-03-08;841;31330;1;50.71
2024-03-08;841;58701;2;90.5
2024-03-08;841;20635;1;23.33
2024-03-08;1314;57912;2;26.16
2024-03-08;1314;57816;2;126.64
2024-03-08;1314;57814;2;316.64
2024-03-08;1314;15590;1;40.45
2024-03-08;1314;48812;4;39.68
2024-03-08;1314;48813;2;15.68
2024-03-08;1314;15589;6;176.7
2024-03-08;1314;21141;4;121.8
2024-03-08;1314;35416;5;74.45
2024-03-08;1314;51957;3;37.68
2024-03-08;1314;18064;133;517.37
2024-03-08;1314;9607;10;135.4
2024-03-08;1314;1439;4;72.96
2024-03-08;1314;36857;6;22.56
2024-03-08;1314;5345;9;76.05
2024-03-08;1314;58701;0;0
2024-03-08;1314;31330;4;271.24
2024-03-08;1314;44217;2;83.56
2024-03-08;1314;20635;7;216.23
2024-03-08;1314;13315;3;139.77
2024-08-17;1314;57912;2;26.58
2024-08-17;1314;57814;2;301.66
2024-08-17;1314;57816;2;126.64
2024-08-17;1314;57817;2;182.68
2024-08-17;1314;51957;1;14.66
2024-08-17;1314;21141;8;254.32
2024-08-17;1314;15589;8;247.92
2024-08-17;1314;35416;5;76.7
2024-08-17;1314;35772;4;67.92
2024-08-17;1314;48813;4;35.92
2024-08-17;1314;48812;3;26.94
2024-08-17;1314;15590;2;83.12
2024-08-17;1314;76834;1;5.22
2024-08-17;1314;18064;93;390.6
2024-08-17;1314;9607;14;200.2
2024-08-17;1314;36857;6;23.52
2024-08-17;1314;1439;5;94.7
2024-08-17;1314;5345;13;116.74
2024-08-17;1314;20635;12;359.52
2024-08-17;1314;44217;3;129.18
2024-08-17;1314;31330;1;66.46
2024-08-17;1314;13315;2;93.7
2024-08-17;1314;58701;2;116.7
2024-02-29;841;57912;1;8.79
2024-02-29;841;57816;3;142.5
2024-02-29;841;57814;2;237.52
2024-02-29;841;48813;3;14.97
2024-02-29;841;42076;5;40.7
2024-02-29;841;51957;2;11.78
2024-02-29;841;55917;1;9.01
2024-02-29;841;62782;1;7.01
2024-02-29;841;15590;2;64.1
2024-02-29;841;35416;1;10.74
2024-02-29;841;48812;1;8.4
2024-02-29;841;15589;4;96.12
2024-02-29;841;21141;1;24.76
2024-02-29;841;35772;3;35.79
2024-02-29;841;1439;1;14.9
2024-02-29;841;18064;24;54
2024-02-29;841;9607;4;33.16
2024-02-29;841;5345;4;20.84
2024-02-29;841;36857;2;4.68
2024-08-02;1314;62364;1;34.49
2024-11-28;841;57912;1;8.79
2024-11-28;841;57817;2;131.42
2024-11-28;841;57814;8;876
2024-11-28;841;57816;2;87.6
2024-11-28;841;35772;2;25.28
2024-11-28;841;51957;1;7.71
2024-11-28;841;55917;2;18.26
2024-11-28;841;62782;1;7.84
2024-11-28;841;35416;1;11.13
2024-11-28;841;48812;1;7.49
2024-11-28;841;15590;1;32.69
2024-11-28;841;42076;3;24.42
2024-11-28;841;21141;4;103.72
2024-11-28;841;15589;4;104
2024-11-28;841;48813;2;14.84
2024-11-28;841;76834;1;3.34
2024-11-28;841;18064;15;38.4
2024-11-28;841;9607;10;89.7
2024-11-28;841;1439;4;61.96
2024-11-28;841;5345;6;33.72
2024-11-28;841;36857;2;5.18
2024-11-28;841;31330;2;102.12
2024-11-28;841;20635;1;24.74
2024-11-28;841;58701;2;90.78
2024-02-05;1314;18064;239;929.71
2024-02-05;1314;9607;19;256.5
2024-02-05;1314;1439;2;36.64
2024-02-05;1314;36857;6;22.5
2024-02-05;1314;5345;8;67.12
2024-02-05;1314;58701;1;53.37
2024-02-05;1314;31330;5;339.05
2024-02-05;1314;20635;3;92.67
2024-02-05;1314;13315;2;93.18
2024-02-05;1314;44217;3;125.34
2024-02-05;1314;57912;2;26.16
2024-02-05;1314;57814;2;316.64
2024-02-05;1314;15590;2;80.9
2024-02-05;1314;48812;4;39.68
2024-02-05;1314;15589;8;235.84
2024-02-05;1314;21141;5;152.85
2024-02-05;1314;35416;3;44.67
2024-02-05;1314;48813;3;23.52
2024-02-05;1314;51957;3;37.68
2024-12-16;841;48813;2;14.92
2024-12-16;841;76834;1;3.34
2024-12-16;841;1439;4;61.96
2024-12-16;841;18064;57;146.49
2024-12-16;841;9607;9;80.73
2024-12-16;841;5345;5;28.1
2024-12-16;841;36857;3;7.8
2024-12-16;841;31330;2;102.12
2024-12-16;841;58701;2;90.78
2024-12-16;841;20635;2;47
2024-12-16;841;57912;1;8.79
2024-12-16;841;57817;1;65.71
2024-12-16;841;57814;8;876
2024-12-16;841;57816;2;87.6
2024-12-16;841;51957;1;7.71
2024-12-16;841;55917;2;18.26
2024-12-16;841;62782;1;7.84
2024-12-16;841;35416;1;11.13
2024-12-16;841;15590;1;32.69
2024-12-16;841;35772;2;25.28
2024-12-16;841;42076;3;24.42
2024-12-16;841;48812;1;7.49
2024-12-16;841;21141;4;103.72
2024-12-16;841;15589;4;104
2024-12-17;1314;57912;2;26.58
2024-12-17;1314;62364;1;34.49
2024-12-17;1314;57814;2;301.66
2024-12-17;1314;57816;2;120.66
2024-12-17;1314;57817;2;182.68
2024-12-17;1314;15590;2;83.96
2024-12-17;1314;51957;1;14.95
2024-12-17;1314;15589;10;318.5
2024-12-17;1314;21141;11;349.69
2024-12-17;1314;35772;4;67.36
2024-12-17;1314;48812;5;44.9
2024-12-17;1314;48813;3;26.94
2024-12-17;1314;35416;5;76.85
2024-12-17;1314;76834;1;5.22
2024-12-17;1314;1439;6;113.94
2024-12-17;1314;18064;47;201.16
2024-12-17;1314;9607;8;114.72
2024-12-17;1314;36857;8;31.6
2024-12-17;1314;5345;6;53.94
2024-12-17;1314;58701;1;58.35
2024-12-17;1314;20635;11;326.37
2024-12-17;1314;31330;6;391.32
2024-12-17;1314;13315;5;232.75
2024-12-17;1314;44217;3;129.09
2024-12-17;841;57912;1;8.79
2024-12-17;841;57817;1;65.71
2024-12-17;841;57814;8;876
2024-12-17;841;57816;2;87.6
2024-12-17;841;51957;1;7.71
2024-12-17;841;55917;2;18.26
2024-12-17;841;62782;1;7.84
2024-12-17;841;35416;1;11.13
2024-12-17;841;15590;1;32.69
2024-12-17;841;35772;2;25.28
2024-12-17;841;42076;3;24.42
2024-12-17;841;48812;1;7.49
2024-12-17;841;21141;4;103.72
2024-12-17;841;15589;4;104
2024-12-17;841;48813;2;14.92
2024-12-17;841;76834;1;3.34
2024-12-17;841;1439;4;61.96
2024-12-17;841;18064;57;146.49
2024-12-17;841;9607;9;80.73
2024-12-17;841;5345;5;28.1
2024-12-17;841;36857;3;7.8
2024-12-17;841;31330;2;102.12
2024-12-17;841;58701;2;90.78
2024-12-17;841;20635;2;47
2024-12-09;1314;57912;2;26.58
2024-12-09;1314;62364;1;34.49
2024-12-09;1314;57814;2;301.66
2024-12-09;1314;57816;2;120.66
2024-12-09;1314;57817;2;182.68
2024-12-09;1314;15590;2;83.96
2024-12-09;1314;51957;1;14.95
2024-12-09;1314;15589;8;254.64
2024-12-09;1314;21141;12;381.48
2024-12-09;1314;35772;4;67.36
2024-12-09;1314;48812;5;44.9
2024-12-09;1314;48813;4;35.92
2024-12-09;1314;35416;5;76.85
2024-12-09;1314;76834;1;5.22
2024-12-09;1314;1439;7;132.93
2024-12-09;1314;18064;116;496.48
2024-12-09;1314;9607;7;100.45
2024-12-09;1314;36857;11;43.45
2024-12-09;1314;5345;9;80.91
2024-12-09;1314;58701;2;116.7
2024-12-09;1314;20635;8;237.52
2024-12-09;1314;31330;3;195.9
2024-12-09;1314;13315;5;232.75
2024-12-09;1314;44217;3;129.09
2024-12-09;841;57912;1;8.79
2024-12-09;841;57817;2;131.42
2024-12-09;841;57814;8;876
2024-12-09;841;57816;0;0
2024-12-09;841;35772;2;25.28
2024-12-09;841;51957;1;7.71
2024-12-09;841;55917;2;18.26
2024-12-09;841;62782;1;7.84
2024-12-09;841;35416;1;11.13
2024-12-09;841;48812;1;7.49
2024-12-09;841;15590;1;32.69
2024-12-09;841;42076;3;24.42
2024-12-09;841;21141;4;103.72
2024-12-09;841;15589;4;104
2024-12-09;841;48813;2;14.92
2024-12-09;841;76834;1;3.34
2024-12-09;841;18064;66;169.62
2024-12-09;841;9607;9;80.73
2024-12-09;841;5345;6;33.72
2024-12-09;841;1439;4;61.96
2024-12-09;841;36857;2;5.2
2024-12-09;841;31330;2;102.12
2024-12-09;841;58701;2;90.78
2024-12-09;841;20635;2;47
2024-02-08;1314;62364;1;32.58
2024-02-26;841;57912;1;8.79
2024-02-26;841;57816;3;142.5
2024-02-26;841;57814;2;237.52
2024-02-26;841;48813;3;14.97
2024-02-26;841;42076;5;40.7
2024-02-26;841;51957;2;11.78
2024-02-26;841;55917;1;9.01
2024-02-26;841;62782;1;7.01
2024-02-26;841;15590;2;64.1
2024-02-26;841;35416;1;10.74
2024-02-26;841;48812;1;8.4
2024-02-26;841;15589;4;96.12
2024-02-26;841;21141;2;49.52
2024-02-26;841;35772;3;35.79
2024-02-26;841;36857;2;4.68
2024-02-26;841;1439;1;14.9
2024-02-26;841;18064;28;63
2024-02-26;841;9607;4;33.16
2024-02-26;841;5345;4;20.84
2024-03-18;1314;15590;1;40.45
2024-03-18;1314;48812;4;39.68
2024-03-18;1314;51957;3;37.68
2024-03-18;1314;48813;2;15.68
2024-03-18;1314;15589;7;206.15
2024-03-18;1314;21141;5;152.2
2024-03-18;1314;35416;2;29.78
2024-03-18;1314;18064;95;370.5
2024-03-18;1314;9607;11;149.27
2024-03-18;1314;1439;2;36.48
2024-03-18;1314;36857;4;15.04
2024-03-18;1314;5345;5;42.25
2024-03-18;1314;58701;1;56.35
2024-03-18;1314;31330;4;271.24
2024-03-18;1314;44217;2;83.56
2024-03-18;1314;20635;1;30.89
2024-03-18;1314;13315;2;93.18
2024-03-19;841;18064;16;36.16
2024-03-19;841;9607;3;25.32
2024-03-19;841;5345;4;20.88
2024-03-19;841;36857;3;7.11
2024-03-19;841;31330;1;50.71
2024-03-19;841;58701;2;90.5
2024-03-19;841;20635;1;23.33
2024-08-24;841;57912;3;26.37
2024-08-24;841;57817;2;131.4
2024-08-24;841;57814;2;219
2024-08-24;841;57816;3;131.4
2024-08-24;841;15590;2;65.38
2024-08-24;841;35416;0;0
2024-08-24;841;48812;2;15.22
2024-08-24;841;51957;1;7.71
2024-08-24;841;62782;1;7.55
2024-08-24;841;35772;2;25.04
2024-08-24;841;42076;4;32.56
2024-08-24;841;21141;4;103.72
2024-08-24;841;15589;3;75.9
2024-08-24;841;48813;2;12.48
2024-08-24;841;55917;2;18.26
2024-08-24;841;76834;1;3.34
2024-08-24;841;18064;41;102.09
2024-08-24;841;9607;2;17.88
2024-08-24;841;36857;3;7.41
2024-08-24;841;5345;4;22.4
2024-08-24;841;1439;2;30.94
2024-08-24;841;58701;3;136.17
2024-08-24;841;20635;2;46.6
2024-08-24;841;31330;2;102.12
2024-09-30;841;57912;1;8.79
2024-09-30;841;57817;2;131.4
2024-09-30;841;57814;2;219
2024-09-30;841;57816;3;131.4
2024-09-30;841;15590;2;65.38
2024-09-30;841;62782;1;7.55
2024-09-30;841;35772;2;25.04
2024-09-30;841;42076;4;32.56
2024-09-30;841;51957;1;7.71
2024-09-30;841;55917;2;18.26
2024-09-30;841;35416;1;11.13
2024-09-30;841;48812;1;7.61
2024-09-30;841;21141;3;77.79
2024-09-30;841;15589;4;102.56
2024-09-30;841;48813;2;14.68
2024-09-30;841;76834;1;3.34
2024-09-30;841;36857;3;7.41
2024-09-30;841;1439;2;30.96
2024-09-30;841;18064;32;81.92
2024-09-30;841;9607;4;36.04
2024-09-30;841;5345;4;22.44
2024-09-30;841;31330;2;102.12
2024-09-30;841;58701;3;136.17
2024-09-30;841;20635;2;49.48
2024-07-15;1314;57912;1;13.29
2024-07-15;1314;57814;2;301.66
2024-07-15;1314;57816;2;126.64
2024-07-15;1314;57817;2;182.68
2024-07-15;1314;51957;1;14.66
2024-07-15;1314;15589;7;216.93
2024-07-15;1314;21141;9;286.02
2024-07-15;1314;35416;4;61.12
2024-07-15;1314;35772;1;16.98
2024-07-15;1314;48812;2;17.96
2024-07-15;1314;48813;4;35.92
2024-07-15;1314;15590;2;82.64
2024-07-15;1314;18064;89;373.8
2024-07-15;1314;9607;16;227.52
2024-07-15;1314;1439;6;113.52
2024-07-15;1314;36857;7;27.09
2024-07-15;1314;5345;7;62.44
2024-07-15;1314;20635;9;263.97
2024-07-15;1314;13315;3;141.03
2024-07-15;1314;44217;2;86.24
2024-07-15;1314;31330;3;199.38
2024-07-15;1314;58701;2;116.7
2024-09-26;1314;62364;1;34.49
2024-09-26;1314;57912;2;26.58
2024-09-26;1314;57814;1;150.83
2024-09-26;1314;57816;0;0
2024-09-26;1314;57817;2;182.68
2024-09-26;1314;51957;1;14.66
2024-09-26;1314;21141;7;222.53
2024-09-26;1314;15589;11;348.59
2024-09-26;1314;35416;5;76.7
2024-09-26;1314;35772;4;67.92
2024-09-26;1314;48813;5;44.9
2024-09-26;1314;48812;3;26.94
2024-09-26;1314;15590;1;41.56
2024-09-26;1314;76834;1;5.22
2024-09-26;1314;1439;5;94.85
2024-09-26;1314;18064;77;328.79
2024-09-26;1314;9607;15;215.55
2024-09-26;1314;36857;11;43.23
2024-09-26;1314;5345;10;89.9
2024-09-26;1314;20635;11;340.56
2024-09-26;1314;31330;2;135.42
2024-09-26;1314;13315;2;93.38
2024-09-26;1314;44217;2;86
2024-09-26;1314;58701;2;116.7
2024-09-05;841;57912;3;26.37
2024-09-05;841;57817;2;131.4
2024-09-05;841;57814;2;219
2024-09-05;841;57816;3;131.4
2024-09-05;841;15590;2;65.38
2024-09-05;841;35416;1;11.07
2024-09-05;841;48812;1;7.61
2024-09-05;841;51957;1;7.71
2024-09-05;841;62782;1;7.55
2024-09-05;841;35772;2;25.04
2024-09-05;841;42076;4;32.56
2024-09-05;841;21141;4;103.72
2024-09-05;841;15589;4;102.16
2024-09-05;841;48813;2;13.74
2024-09-05;841;55917;2;18.26
2024-09-05;841;76834;1;3.34
2024-09-05;841;18064;34;84.66
2024-09-05;841;9607;3;26.82
2024-09-05;841;36857;3;7.41
2024-09-05;841;5345;3;16.8
2024-09-05;841;1439;2;30.96
2024-09-05;841;58701;3;136.17
2024-09-05;841;31330;2;102.12
2024-09-05;841;20635;1;23.3
2024-09-12;841;57912;3;26.37
2024-09-12;841;57817;2;131.4
2024-09-12;841;57814;2;219
2024-09-12;841;57816;3;131.4
2024-09-12;841;15590;2;65.38
2024-09-12;841;35416;1;11.07
2024-09-12;841;48812;1;7.61
2024-09-12;841;51957;1;7.71
2024-09-12;841;62782;1;7.55
2024-09-12;841;35772;2;25.04
2024-09-12;841;42076;4;32.56
2024-09-12;841;21141;6;155.58
2024-09-12;841;15589;4;102.56
2024-09-12;841;48813;2;14.36
2024-09-12;841;55917;2;18.26
2024-09-12;841;76834;1;3.34
2024-09-12;841;18064;16;39.84
2024-09-12;841;9607;1;8.96
2024-09-12;841;36857;3;7.41
2024-09-12;841;5345;4;22.44
2024-09-12;841;1439;2;30.96
2024-09-12;841;58701;3;136.17
2024-09-12;841;20635;2;48.52
2024-09-12;841;31330;2;102.12
2024-03-08;841;57912;1;8.79
2024-03-08;841;57816;3;142.5
2024-03-08;841;57814;2;237.52
2024-03-08;841;48813;3;14.97
2024-03-08;841;42076;5;40.7
2024-03-08;841;51957;2;11.78
2024-03-08;841;55917;1;9.01
2024-03-08;841;62782;1;7.01
2024-03-08;841;15590;1;32.05
2024-03-08;841;35772;3;35.79
2024-03-08;841;35416;1;10.74
2024-03-08;841;48812;1;8.4
2024-03-08;841;15589;4;96.12
2024-03-08;841;21141;3;74.31
2024-02-29;1314;18064;215;836.35
2024-02-29;1314;9607;15;202.95
2024-02-29;1314;1439;2;36.52
2024-02-29;1314;36857;5;18.75
2024-02-29;1314;5345;2;16.82
2024-02-29;1314;58701;1;53.37
2024-02-29;1314;31330;5;339.05
2024-02-29;1314;44217;2;83.56
2024-02-29;1314;20635;4;123.56
2024-02-29;1314;13315;3;139.77
2024-06-13;1314;57912;0;0
2024-06-13;1314;57814;2;301.66
2024-06-13;1314;57816;2;126.64
2024-06-13;1314;57817;2;182.68
2024-06-13;1314;51957;0;0
2024-06-13;1314;15590;1;40.85
2024-06-13;1314;15589;2;61.98
2024-06-13;1314;21141;4;126.96
2024-06-13;1314;35416;1;15.09
2024-06-13;1314;35772;0;0
2024-06-13;1314;48813;2;17.42
2024-06-13;1314;48812;0;0
2024-06-13;1314;18064;34;139.06
2024-06-13;1314;9607;7;98.07
2024-06-13;1314;1439;5;92.85
2024-06-13;1314;36857;2;7.7
2024-06-13;1314;5345;10;86.8
2024-06-13;1314;58701;1;56.56
2024-06-13;1314;20635;5;146
2024-06-13;1314;31330;3;199.38
2024-06-13;1314;13315;4;188.04
2024-06-13;1314;44217;3;129.6
2024-05-02;841;57912;4;35.16
2024-05-02;841;57814;1;109.5
2024-05-02;841;57816;1;41.91
2024-05-02;841;35772;3;35.79
2024-05-02;841;42076;5;40.7
2024-05-02;841;48813;3;14.97
2024-05-02;841;51957;1;5.89
2024-05-02;841;55917;1;9.01
2024-05-02;841;35416;1;10.74
2024-05-02;841;15590;3;98.07
2024-05-02;841;62782;1;7.55
2024-05-02;841;15589;3;73.02
2024-05-02;841;21141;5;123.7
2024-05-02;841;48812;1;7.76
2024-05-02;841;1439;0;0
2024-05-02;841;36857;3;7.23
2024-05-02;841;18064;15;34.95
2024-05-02;841;9607;7;59.15
2024-05-02;841;5345;3;15.69
2024-05-02;841;31330;1;50.71
2024-05-02;841;20635;0;0
2024-05-02;841;58701;2;90.5
2024-07-29;1314;57912;1;13.29
2024-07-29;1314;57814;2;301.66
2024-07-29;1314;57816;2;126.64
2024-07-29;1314;57817;2;182.68
2024-07-29;1314;51957;1;14.66
2024-07-29;1314;21141;5;158.9
2024-07-29;1314;15589;6;185.94
2024-07-29;1314;35416;5;76.65
2024-07-29;1314;35772;4;67.92
2024-07-29;1314;48813;3;26.94
2024-07-29;1314;48812;5;44.9
2024-07-29;1314;15590;1;41.32
2024-07-29;1314;18064;2;8.4
2024-07-29;1314;9607;14;199.78
2024-07-29;1314;36857;2;7.74
2024-07-29;1314;1439;2;37.84
2024-07-29;1314;5345;2;17.92
2024-07-29;1314;20635;12;352.08
2024-07-29;1314;13315;3;140.55
2024-07-29;1314;44217;2;86.18
2024-07-29;1314;31330;2;132.92
2024-07-29;1314;58701;2;116.7
2024-07-18;841;57912;3;26.37
2024-07-18;841;57817;2;131.4
2024-07-18;841;57814;2;219
2024-07-18;841;57816;3;131.4
2024-07-18;841;15590;3;98.07
2024-07-18;841;35416;1;10.74
2024-07-18;841;35772;2;25.04
2024-07-18;841;42076;4;32.56
2024-07-18;841;48812;2;15.22
2024-07-18;841;48813;1;4.99
2024-07-18;841;51957;1;7.71
2024-07-18;841;55917;0;0
2024-07-18;841;62782;1;7.55
2024-07-18;841;21141;5;129.6
2024-07-18;841;15589;4;101.2
2024-07-18;841;1439;1;15.06
2024-07-18;841;18064;20;49.8
2024-07-18;841;9607;3;26.55
2024-07-18;841;5345;3;16.74
2024-07-18;841;36857;4;9.88
2024-07-18;841;20635;1;23.3
2024-07-18;841;31330;1;51.06
2024-07-18;841;58701;3;136.17
2024-07-18;1314;57912;1;13.29
2024-07-18;1314;57814;2;301.66
2024-07-18;1314;57816;2;126.64
2024-07-18;1314;57817;2;182.68
2024-07-18;1314;51957;1;14.66
2024-07-18;1314;21141;8;254.24
2024-07-18;1314;15589;9;278.91
2024-07-18;1314;35416;2;30.56
2024-07-18;1314;35772;2;33.96
2024-07-18;1314;48813;4;35.92
2024-07-18;1314;48812;1;8.98
2024-07-18;1314;15590;2;82.64
2024-07-18;1314;18064;66;277.2
2024-07-18;1314;9607;14;199.22
2024-07-18;1314;1439;6;113.52
2024-07-18;1314;36857;7;27.09
2024-07-18;1314;5345;7;62.44
2024-07-18;1314;20635;10;293.3
2024-07-18;1314;13315;3;141.03
2024-07-18;1314;44217;2;86.24
2024-07-18;1314;31330;2;132.92
2024-07-18;1314;58701;2;116.7
2024-07-12;1314;57912;2;26.58
2024-07-12;1314;57814;2;301.66
2024-07-12;1314;57816;2;126.64
2024-07-12;1314;57817;2;182.68
2024-07-12;1314;51957;1;14.66
2024-07-12;1314;15589;7;216.93
2024-07-12;1314;21141;8;254.24
2024-07-12;1314;35416;4;61
2024-07-12;1314;35772;2;33.96
2024-07-12;1314;48812;2;17.96
2024-07-12;1314;48813;4;35.92
2024-07-12;1314;15590;2;82.64
2024-07-12;1314;18064;53;222.6
2024-07-12;1314;9607;13;184.34
2024-07-12;1314;1439;6;113.52
2024-07-12;1314;36857;7;27.09
2024-07-12;1314;5345;8;71.28
2024-07-12;1314;20635;12;351.96
2024-07-12;1314;13315;3;141.03
2024-07-12;1314;31330;3;199.38
2024-07-12;1314;44217;2;86.24
2024-07-12;1314;58701;1;57.75
2024-07-12;841;57912;3;26.37
2024-07-12;841;57817;2;131.4
2024-07-12;841;57814;2;219
2024-07-12;841;57816;3;131.4
2024-07-12;841;15590;3;98.07
2024-07-12;841;35416;1;10.74
2024-07-12;841;35772;2;25.04
2024-07-12;841;42076;4;32.56
2024-07-12;841;48812;2;15.22
2024-07-12;841;48813;1;4.99
2024-07-12;841;51957;1;7.71
2024-07-12;841;55917;1;9.01
2024-07-12;841;62782;1;7.55
2024-07-12;841;21141;5;129.6
2024-07-12;841;15589;4;101.2
2024-07-12;841;1439;1;15.06
2024-07-12;841;18064;23;57.27
2024-07-12;841;9607;3;26.4
2024-07-12;841;5345;5;27.9
2024-07-12;841;36857;4;9.88
2024-07-12;841;31330;0;0
2024-07-12;841;20635;2;46.6
2024-07-12;841;58701;3;136.17
2024-07-08;1314;57912;2;26.58
2024-07-08;1314;57814;2;301.66
2024-07-08;1314;57816;2;126.64
2024-07-08;1314;57817;2;182.68
2024-07-08;1314;51957;1;14.66
2024-07-08;1314;15589;7;216.93
2024-07-08;1314;21141;3;95.34
2024-07-08;1314;35416;4;60.84
2024-07-08;1314;35772;3;50.94
2024-07-08;1314;48812;3;26.94
2024-07-08;1314;48813;1;8.98
2024-07-08;1314;15590;2;82.64
2024-07-08;1314;18064;41;172.2
2024-07-08;1314;9607;10;141.7
2024-07-08;1314;1439;5;94.6
2024-07-08;1314;36857;0;0
2024-07-08;1314;5345;4;35.52
2024-07-08;1314;20635;13;381.29
2024-07-08;1314;13315;3;141.03
2024-07-08;1314;31330;3;199.38
2024-07-08;1314;44217;1;43.2
2024-07-08;1314;58701;1;57.75
2024-07-08;841;57912;3;26.37
2024-07-08;841;57817;2;131.4
2024-07-08;841;57814;1;109.5
2024-07-08;841;57816;4;175.2
2024-07-08;841;15590;3;98.07
2024-07-08;841;35416;1;10.74
2024-07-08;841;42076;4;32.56
2024-07-08;841;48812;2;15.22
2024-07-08;841;48813;1;4.99
2024-07-08;841;51957;1;7.71
2024-07-08;841;55917;1;9.01
2024-07-08;841;62782;1;7.55
2024-07-08;841;21141;6;155.52
2024-07-08;841;15589;4;101.2
2024-07-08;841;35772;2;25.04
2024-07-08;841;1439;1;15.06
2024-07-08;841;18064;17;42.16
2024-07-08;841;9607;5;44
2024-07-08;841;5345;5;27.9
2024-07-08;841;36857;3;7.38
2024-07-08;841;31330;1;50.37
2024-07-08;841;20635;2;46.6
2024-07-08;841;58701;3;136.17
2024-06-11;1314;57912;0;0
2024-06-11;1314;57814;2;301.66
2024-06-11;1314;57816;2;126.64
2024-06-11;1314;57817;2;182.68
2024-06-11;1314;51957;0;0
2024-06-11;1314;15590;1;40.85
2024-06-11;1314;15589;6;185.94
2024-06-11;1314;21141;5;158.7
2024-06-11;1314;35416;2;30.18
2024-06-11;1314;35772;0;0
2024-06-11;1314;48813;2;17.42
2024-06-11;1314;48812;0;0
2024-06-11;1314;18064;98;400.82
2024-06-11;1314;9607;8;112.08
2024-06-11;1314;1439;5;92.85
2024-06-11;1314;36857;3;11.55
2024-06-11;1314;5345;10;86.8
2024-06-11;1314;58701;1;56.56
2024-06-11;1314;20635;6;175.2
2024-06-11;1314;31330;3;199.38
2024-06-11;1314;13315;4;188.04
2024-06-11;1314;44217;3;129.6
2024-08-14;1314;57912;2;26.58
2024-08-14;1314;57814;2;301.66
2024-08-14;1314;57816;2;126.64
2024-08-14;1314;57817;2;182.68
2024-08-14;1314;51957;1;14.66
2024-08-14;1314;21141;0;0
2024-08-14;1314;15589;8;247.92
2024-08-14;1314;35416;4;61.36
2024-08-14;1314;35772;3;50.94
2024-08-14;1314;48813;1;8.98
2024-08-14;1314;48812;2;17.96
2024-08-14;1314;15590;2;83.12
2024-08-14;1314;18064;2;8.4
2024-08-14;1314;9607;9;128.52
2024-08-14;1314;36857;7;27.44
2024-08-14;1314;1439;4;75.76
2024-08-14;1314;5345;14;125.72
2024-08-14;1314;20635;9;265.95
2024-08-14;1314;44217;3;129.18
2024-08-14;1314;31330;2;132.92
2024-08-14;1314;13315;2;93.7
2024-08-14;1314;58701;2;116.7
2024-04-03;1314;18064;96;377.28
2024-04-03;1314;9607;8;108.72
2024-04-03;1314;1439;5;90.85
2024-04-03;1314;36857;5;18.85
2024-04-03;1314;5345;8;67.68
2024-04-03;1314;58701;1;56.35
2024-04-03;1314;44217;2;83.56
2024-04-03;1314;31330;3;203.43
2024-04-03;1314;20635;3;92.64
2024-04-03;1314;13315;1;46.59
2024-04-15;1314;18064;105;420
2024-04-15;1314;9607;11;151.8
2024-04-15;1314;1439;6;109.14
2024-04-15;1314;36857;7;26.67
2024-04-15;1314;5345;6;50.88
2024-04-15;1314;44217;0;0
2024-04-15;1314;58701;1;56.35
2024-04-15;1314;20635;7;216.44
2024-04-15;1314;13315;3;140.88
2024-04-15;1314;31330;3;203.43
2024-08-17;841;57912;3;26.37
2024-08-17;841;57817;2;131.4
2024-08-17;841;57814;2;219
2024-08-17;841;57816;3;131.4
2024-08-17;841;15590;2;65.38
2024-08-17;841;35416;1;10.74
2024-08-17;841;48812;2;15.22
2024-08-17;841;51957;1;7.71
2024-08-17;841;62782;1;7.55
2024-08-17;841;35772;2;25.04
2024-08-17;841;42076;4;32.56
2024-08-17;841;21141;6;155.58
2024-08-17;841;15589;4;101.2
2024-08-17;841;48813;2;12.48
2024-08-17;841;55917;2;18.26
2024-08-17;841;76834;1;3.34
2024-08-17;841;18064;42;104.58
2024-08-17;841;9607;4;35.72
2024-08-17;841;36857;3;7.41
2024-08-17;841;5345;4;22.4
2024-08-17;841;1439;2;30.94
2024-08-17;841;58701;3;136.17
2024-08-17;841;20635;2;46.6
2024-08-17;841;31330;2;102.12
2024-04-04;1314;57912;2;26.16
2024-04-04;1314;57816;2;126.64
2024-04-04;1314;57814;2;316.64
2024-04-04;1314;15590;1;40.45
2024-04-04;1314;48812;1;9.92
2024-04-04;1314;51957;3;37.68
2024-04-04;1314;15589;6;176.64
2024-04-04;1314;21141;2;60.8
2024-04-04;1314;35416;7;104.23
2024-04-04;1314;48813;3;24.15
2024-04-04;841;57912;4;35.16
2024-04-04;841;57816;2;89.42
2024-04-04;841;57814;2;237.52
2024-04-04;841;48813;3;14.97
2024-04-04;841;42076;5;40.7
2024-04-04;841;51957;2;11.78
2024-04-04;841;55917;1;9.01
2024-04-04;841;62782;1;7.55
2024-04-04;841;35772;3;35.79
2024-04-04;841;35416;1;10.74
2024-04-04;841;48812;1;8.4
2024-04-04;841;15589;3;72.06
2024-04-04;841;21141;2;49.48
2024-04-04;841;15590;3;98.07
2024-04-04;841;1439;1;14.9
2024-04-04;841;18064;16;36.48
2024-04-04;841;9607;5;42.2
2024-04-04;841;5345;3;15.66
2024-04-04;841;36857;3;7.23
2024-04-04;841;20635;1;23.33
2024-04-04;841;31330;1;50.71
2024-04-04;841;58701;2;90.5
2024-07-24;1314;62364;1;34.49
2024-04-02;1314;18064;107;420.51
2024-04-02;1314;9607;8;108.72
2024-04-02;1314;1439;5;90.85
2024-04-02;1314;36857;5;18.85
2024-04-02;1314;5345;8;67.68
2024-04-02;1314;58701;1;56.35
2024-04-02;1314;44217;2;83.56
2024-04-02;1314;31330;3;203.43
2024-04-02;1314;20635;3;92.64
2024-04-02;1314;13315;1;46.59
2024-04-29;841;57912;4;35.16
2024-04-29;841;57814;0;0
2024-04-29;841;57816;3;125.73
2024-04-29;841;42076;5;40.7
2024-04-29;841;48813;3;14.97
2024-04-29;841;51957;1;5.89
2024-04-29;841;55917;1;9.01
2024-04-29;841;35772;3;35.79
2024-04-29;841;35416;1;10.74
2024-04-29;841;15590;3;98.07
2024-04-29;841;48812;1;7.76
2024-04-29;841;62782;1;7.55
2024-04-29;841;15589;3;72.06
2024-04-29;841;21141;5;123.7
2024-04-29;841;1439;0;0
2024-04-29;841;36857;3;7.23
2024-04-29;841;18064;4;9.28
2024-04-29;841;9607;2;16.88
2024-04-29;841;5345;3;15.69
2024-04-29;841;31330;1;50.71
2024-04-29;841;20635;0;0
2024-04-29;841;58701;2;90.5
2024-04-20;1314;57912;2;26.16
2024-04-20;1314;57814;2;316.64
2024-04-20;1314;57816;2;126.64
2024-04-20;1314;15590;1;40.45
2024-04-20;1314;51957;3;37.68
2024-04-20;1314;48812;1;9.92
2024-04-20;1314;15589;2;59.24
2024-04-20;1314;21141;3;91.35
2024-04-20;1314;35416;4;59.56
2024-04-20;1314;48813;3;24.99
2024-04-20;1314;18064;111;446.22
2024-04-20;1314;9607;16;221.28
2024-04-20;1314;1439;4;72.76
2024-04-20;1314;36857;7;26.67
2024-04-20;1314;5345;10;85.4
2024-04-20;1314;44217;0;0
2024-04-20;1314;58701;0;0
2024-04-20;1314;20635;4;123.68
2024-04-20;1314;13315;2;93.92
2024-04-20;1314;31330;3;203.43
2024-03-05;1314;62364;1;32.58
2024-04-06;1314;18064;93;366.42
2024-04-06;1314;9607;8;108.8
2024-04-06;1314;1439;5;90.85
2024-04-06;1314;36857;4;15.08
2024-04-06;1314;5345;9;76.14
2024-04-06;1314;44217;2;83.56
2024-04-06;1314;58701;1;56.35
2024-04-06;1314;20635;8;247.04
2024-04-06;1314;13315;1;46.59
2024-04-06;1314;31330;3;203.43
2024-04-06;841;58701;2;90.5
2024-07-09;1314;57912;2;26.58
2024-07-09;1314;57814;2;301.66
2024-07-09;1314;57816;2;126.64
2024-07-09;1314;57817;2;182.68
2024-07-09;1314;51957;1;14.66
2024-07-09;1314;15589;9;278.91
2024-07-09;1314;21141;7;222.46
2024-07-09;1314;35416;3;45.63
2024-07-09;1314;35772;3;50.94
2024-07-09;1314;48812;2;17.96
2024-07-09;1314;48813;1;8.98
2024-07-09;1314;15590;2;82.64
2024-07-09;1314;18064;34;142.8
2024-07-09;1314;9607;12;170.16
2024-07-09;1314;1439;6;113.52
2024-07-09;1314;36857;7;27.09
2024-07-09;1314;5345;6;53.4
2024-07-09;1314;20635;13;381.29
2024-07-09;1314;13315;3;141.03
2024-07-09;1314;31330;3;199.38
2024-07-09;1314;44217;1;43.2
2024-07-09;1314;58701;1;57.75
2024-05-04;841;57912;4;35.16
2024-05-04;841;57814;1;109.5
2024-05-04;841;57816;0;0
2024-05-04;841;35772;3;35.79
2024-05-04;841;42076;5;40.7
2024-05-04;841;48813;3;14.97
2024-05-04;841;51957;1;5.89
2024-05-04;841;55917;1;9.01
2024-05-04;841;35416;1;10.74
2024-05-04;841;15590;3;98.07
2024-05-04;841;62782;1;7.55
2024-05-04;841;15589;3;73.02
2024-05-04;841;21141;4;98.96
2024-05-04;841;48812;1;7.76
2024-05-04;841;1439;1;15.06
2024-05-04;841;36857;3;7.23
2024-05-04;841;18064;55;128.15
2024-05-04;841;9607;7;59.15
2024-05-04;841;5345;3;15.69
2024-05-04;841;20635;1;23.08
2024-05-04;841;31330;1;50.71
2024-05-04;841;58701;2;90.5
2024-06-15;1314;57912;0;0
2024-06-15;1314;57814;2;301.66
2024-06-15;1314;57816;2;126.64
2024-06-15;1314;57817;2;182.68
2024-06-15;1314;51957;1;14.66
2024-06-15;1314;15589;1;30.99
2024-06-15;1314;21141;4;126.96
2024-06-15;1314;35416;1;15.09
2024-06-15;1314;35772;1;16.98
2024-06-15;1314;48813;0;0
2024-06-15;1314;15590;1;40.85
2024-06-15;1314;48812;0;0
2024-06-15;1314;58701;1;56.56
2024-06-15;1314;20635;4;116.8
2024-06-15;1314;13315;4;188.04
2024-06-15;1314;31330;3;199.38
2024-06-15;1314;44217;3;129.6
2024-06-15;1314;18064;77;315.7
2024-06-15;1314;9607;10;140.9
2024-06-15;1314;1439;5;93
2024-06-15;1314;36857;2;7.7
2024-06-15;1314;5345;10;86.8
2024-06-15;841;57912;4;35.16
2024-06-15;841;57817;1;65.7
2024-06-15;841;57814;2;219
2024-06-15;841;57816;4;175.2
2024-06-15;841;35416;1;10.74
2024-06-15;841;42076;4;32.56
2024-06-15;841;15590;3;98.07
2024-06-15;841;35772;3;37.56
2024-06-15;841;48813;2;9.98
2024-06-15;841;51957;1;7.71
2024-06-15;841;55917;1;9.01
2024-06-15;841;62782;1;7.55
2024-06-15;841;21141;6;155.34
2024-06-15;841;15589;4;101.08
2024-06-15;841;48812;2;15.22
2024-06-15;841;36857;1;2.41
2024-06-15;841;1439;1;15.06
2024-06-15;841;18064;18;42.3
2024-06-15;841;9607;3;26.1
2024-06-15;841;5345;1;5.58
2024-06-15;841;31330;1;50.37
2024-06-15;841;20635;0;0
2024-06-15;841;58701;3;136.17
2024-08-03;1314;62364;1;34.49
2024-08-13;1314;57912;2;26.58
2024-08-13;1314;57814;2;301.66
2024-08-13;1314;57816;2;126.64
2024-08-13;1314;57817;2;182.68
2024-08-13;1314;51957;1;14.66
2024-08-13;1314;21141;0;0
2024-08-13;1314;15589;8;247.92
2024-08-13;1314;35416;4;61.36
2024-08-13;1314;35772;3;50.94
2024-08-13;1314;48813;1;8.98
2024-08-13;1314;48812;2;17.96
2024-08-13;1314;15590;2;83.12
2024-08-13;1314;18064;13;54.6
2024-08-13;1314;9607;10;142.8
2024-08-13;1314;36857;6;23.52
2024-08-13;1314;1439;4;75.76
2024-08-13;1314;5345;14;125.72
2024-08-13;1314;20635;8;234.72
2024-08-13;1314;44217;3;129.18
2024-08-13;1314;31330;2;132.92
2024-08-13;1314;13315;2;93.7
2024-08-13;1314;58701;2;116.7
2024-08-13;841;57912;3;26.37
2024-08-13;841;57817;2;131.4
2024-08-13;841;57814;2;219
2024-08-13;841;57816;3;131.4
2024-08-13;841;15590;2;65.38
2024-08-13;841;35416;1;10.74
2024-08-13;841;48812;2;15.22
2024-08-13;841;51957;1;7.71
2024-08-13;841;62782;1;7.55
2024-08-13;841;35772;2;25.04
2024-08-13;841;42076;4;32.56
2024-08-13;841;21141;6;155.58
2024-08-13;841;15589;4;101.2
2024-08-13;841;48813;2;12.48
2024-08-13;841;55917;2;18.26
2024-08-13;841;18064;46;114.54
2024-08-13;841;9607;3;26.76
2024-08-13;841;36857;3;7.41
2024-08-13;841;5345;3;16.77
2024-08-13;841;1439;2;30.94
2024-08-13;841;58701;3;136.17
2024-08-13;841;20635;2;46.6
2024-08-13;841;31330;2;102.12
2024-08-01;1314;57912;1;13.29
2024-08-01;1314;57814;2;301.66
2024-08-01;1314;57816;2;126.64
2024-08-01;1314;57817;2;182.68
2024-08-01;1314;51957;1;14.66
2024-08-01;1314;21141;5;158.9
2024-08-01;1314;15589;8;247.92
2024-08-01;1314;35416;4;61.32
2024-08-01;1314;35772;4;67.92
2024-08-01;1314;48813;4;35.92
2024-08-01;1314;48812;5;44.9
2024-08-01;1314;15590;2;83.12
2024-08-01;1314;18064;41;172.2
2024-08-01;1314;9607;18;257.04
2024-08-01;1314;36857;3;11.67
2024-08-01;1314;1439;5;94.7
2024-08-01;1314;5345;6;53.88
2024-08-01;1314;20635;13;381.42
2024-08-01;1314;13315;3;140.55
2024-08-01;1314;44217;2;86.18
2024-08-01;1314;31330;2;132.92
2024-08-01;1314;58701;2;116.7
2024-08-01;841;57912;3;26.37
2024-08-01;841;57817;2;131.4
2024-08-01;841;57814;1;109.5
2024-08-01;841;57816;3;131.4
2024-08-01;841;15590;2;65.38
2024-08-01;841;35416;1;10.74
2024-08-01;841;62782;1;7.55
2024-08-01;841;35772;2;25.04
2024-08-01;841;42076;4;32.56
2024-08-01;841;48812;2;15.22
2024-08-01;841;51957;1;7.71
2024-08-01;841;21141;4;103.68
2024-08-01;841;15589;4;101.2
2024-08-01;841;48813;2;12.48
2024-08-01;841;55917;2;18.26
2024-08-01;841;1439;0;0
2024-08-01;841;18064;8;19.92
2024-08-01;841;9607;4;35.56
2024-08-01;841;36857;3;7.41
2024-08-01;841;5345;4;22.36
2024-08-01;841;20635;2;46.6
2024-08-01;841;31330;2;102.12
2024-08-01;841;58701;3;136.17
2024-09-20;841;57912;1;8.79
2024-09-20;841;57817;2;131.4
2024-09-20;841;57814;2;219
2024-09-20;841;57816;3;131.4
2024-09-20;841;15590;2;65.38
2024-09-20;841;35772;2;25.04
2024-09-20;841;51957;1;7.71
2024-09-20;841;62782;1;7.55
2024-09-20;841;35416;1;11.13
2024-09-20;841;42076;4;32.56
2024-09-20;841;48812;1;7.61
2024-09-20;841;21141;5;129.65
2024-09-20;841;15589;4;102.56
2024-09-20;841;48813;2;14.68
2024-09-20;841;55917;2;18.26
2024-09-20;841;76834;1;3.34
2024-09-20;841;1439;2;30.96
2024-09-20;841;18064;28;71.4
2024-09-20;841;9607;4;36.04
2024-09-20;841;36857;3;7.41
2024-09-20;841;5345;4;22.44
2024-09-20;841;58701;3;136.17
2024-09-20;841;20635;2;49.48
2024-09-20;841;31330;2;102.12
2024-09-07;841;57912;3;26.37
2024-09-07;841;57817;2;131.4
2024-09-07;841;57814;2;219
2024-09-07;841;57816;3;131.4
2024-09-07;841;15590;2;65.38
2024-09-07;841;35416;1;11.07
2024-09-07;841;48812;1;7.61
2024-09-07;841;51957;1;7.71
2024-09-07;841;62782;1;7.55
2024-09-07;841;35772;2;25.04
2024-09-07;841;42076;4;32.56
2024-09-07;841;21141;5;129.65
2024-09-07;841;15589;4;102.16
2024-09-07;841;48813;1;6.87
2024-09-07;841;55917;2;18.26
2024-09-07;841;76834;1;3.34
2024-09-07;841;18064;32;79.68
2024-09-07;841;9607;4;35.76
2024-09-07;841;36857;3;7.41
2024-09-07;841;5345;3;16.8
2024-09-07;841;1439;2;30.96
2024-09-07;841;58701;3;136.17
2024-09-07;841;20635;2;48.52
2024-09-07;841;31330;2;102.12
2024-09-07;1314;62364;1;34.49
2024-09-07;1314;57912;2;26.58
2024-09-07;1314;57814;2;301.66
2024-09-07;1314;57816;2;126.64
2024-09-07;1314;57817;2;182.68
2024-09-07;1314;51957;1;14.66
2024-09-07;1314;21141;7;222.53
2024-09-07;1314;15589;8;252.24
2024-09-07;1314;35416;5;76.7
2024-09-07;1314;35772;3;50.94
2024-09-07;1314;48813;4;35.92
2024-09-07;1314;48812;2;17.96
2024-09-07;1314;15590;2;83.12
2024-09-07;1314;76834;1;5.22
2024-09-07;1314;1439;6;113.82
2024-09-07;1314;18064;58;243.6
2024-09-07;1314;9607;13;186.03
2024-09-07;1314;36857;7;27.51
2024-09-07;1314;5345;11;98.78
2024-09-07;1314;20635;10;306.8
2024-09-07;1314;44217;3;129
2024-09-07;1314;31330;2;135.42
2024-09-07;1314;13315;2;93.38
2024-09-07;1314;58701;2;116.7
2024-09-05;1314;62364;1;34.49
2024-09-05;1314;57912;2;26.58
2024-09-05;1314;57814;2;301.66
2024-09-05;1314;57816;2;126.64
2024-09-05;1314;57817;2;182.68
2024-09-05;1314;51957;1;14.66
2024-09-05;1314;21141;7;222.53
2024-09-05;1314;15589;6;188.4
2024-09-05;1314;35416;5;76.7
2024-09-05;1314;35772;3;50.94
2024-09-05;1314;48813;3;26.94
2024-09-05;1314;48812;2;17.96
2024-09-05;1314;15590;2;83.12
2024-09-05;1314;76834;1;5.22
2024-09-05;1314;1439;6;113.82
2024-09-05;1314;18064;56;235.2
2024-09-05;1314;9607;13;186.03
2024-09-05;1314;36857;8;31.44
2024-09-05;1314;5345;10;89.8
2024-09-05;1314;20635;10;306.3
2024-09-05;1314;44217;2;86.02
2024-09-05;1314;31330;2;135.42
2024-09-05;1314;13315;1;46.85
2024-09-05;1314;58701;2;116.7
2024-07-22;841;57912;3;26.37
2024-07-22;841;57817;2;131.4
2024-07-22;841;57814;2;219
2024-07-22;841;57816;3;131.4
2024-07-22;841;15590;3;98.07
2024-07-22;841;35416;1;10.74
2024-07-22;841;62782;1;7.55
2024-07-22;841;35772;2;25.04
2024-07-22;841;42076;4;32.56
2024-07-22;841;48812;2;15.22
2024-07-22;841;51957;1;7.71
2024-07-22;841;21141;6;155.52
2024-07-22;841;15589;4;101.2
2024-07-22;841;48813;1;4.99
2024-07-22;841;55917;1;9.13
2024-07-22;841;1439;1;15.06
2024-07-22;841;18064;16;39.84
2024-07-22;841;9607;4;35.48
2024-07-22;841;5345;3;16.74
2024-07-22;841;36857;4;9.88
2024-07-22;841;20635;2;46.6
2024-07-22;841;31330;2;102.12
2024-07-22;841;58701;3;136.17
2024-08-29;841;57912;3;26.37
2024-08-29;841;57817;2;131.4
2024-08-29;841;57814;2;219
2024-08-29;841;57816;3;131.4
2024-08-29;841;15590;2;65.38
2024-08-29;841;35416;1;11.07
2024-08-29;841;48812;2;15.22
2024-08-29;841;51957;1;7.71
2024-08-29;841;62782;1;7.55
2024-08-29;841;35772;2;25.04
2024-08-29;841;42076;4;32.56
2024-08-29;841;21141;6;155.58
2024-08-29;841;15589;3;76.38
2024-08-29;841;48813;2;12.48
2024-08-29;841;55917;2;18.26
2024-08-29;841;76834;1;3.34
2024-08-29;841;18064;36;89.64
2024-08-29;841;9607;4;35.76
2024-08-29;841;36857;3;7.41
2024-08-29;841;5345;4;22.4
2024-08-29;841;1439;2;30.96
2024-08-29;841;58701;3;136.17
2024-08-29;841;20635;2;46.6
2024-08-29;841;31330;2;102.12
2024-09-02;1314;62364;1;34.49
2024-09-02;1314;57912;2;26.58
2024-09-02;1314;57814;2;301.66
2024-09-02;1314;57816;2;126.64
2024-09-02;1314;57817;2;182.68
2024-09-02;1314;51957;1;14.66
2024-09-02;1314;21141;8;254.32
2024-09-02;1314;15589;7;219.24
2024-09-02;1314;35416;5;76.7
2024-09-02;1314;35772;4;67.92
2024-09-02;1314;48813;4;35.92
2024-09-02;1314;48812;3;26.94
2024-09-02;1314;15590;2;83.12
2024-09-02;1314;76834;1;5.22
2024-09-02;1314;1439;6;113.82
2024-09-02;1314;18064;78;327.6
2024-09-02;1314;9607;16;228.96
2024-09-02;1314;36857;11;43.23
2024-09-02;1314;5345;9;80.82
2024-09-02;1314;20635;9;274.5
2024-09-02;1314;44217;2;86.02
2024-09-02;1314;31330;2;135.42
2024-09-02;1314;13315;1;46.85
2024-09-02;1314;58701;2;116.7
2024-08-21;1314;62364;1;34.49
2024-08-21;1314;57912;2;26.58
2024-08-21;1314;57814;2;301.66
2024-08-21;1314;57816;2;126.64
2024-08-21;1314;57817;2;182.68
2024-08-21;1314;51957;1;14.66
2024-08-21;1314;21141;7;222.53
2024-08-21;1314;15589;8;247.92
2024-08-21;1314;35416;5;76.7
2024-08-21;1314;35772;4;67.92
2024-08-21;1314;48813;3;26.94
2024-08-21;1314;48812;2;17.96
2024-08-21;1314;15590;2;83.12
2024-08-21;1314;76834;1;5.22
2024-08-21;1314;18064;22;92.4
2024-08-21;1314;9607;12;171.6
2024-08-21;1314;36857;6;23.52
2024-08-21;1314;1439;4;75.76
2024-08-21;1314;5345;12;107.76
2024-08-21;1314;20635;11;329.56
2024-08-21;1314;44217;3;129.18
2024-08-21;1314;31330;0;0
2024-08-21;1314;13315;2;93.7
2024-08-21;1314;58701;2;116.7
2024-08-27;841;57912;3;26.37
2024-08-27;841;57817;2;131.4
2024-08-27;841;57814;2;219
2024-08-27;841;57816;3;131.4
2024-08-27;841;15590;2;65.38
2024-08-27;841;35416;1;11.07
2024-08-27;841;48812;2;15.22
2024-08-27;841;51957;1;7.71
2024-08-27;841;62782;1;7.55
2024-08-27;841;35772;2;25.04
2024-08-27;841;42076;4;32.56
2024-08-27;841;21141;5;129.65
2024-08-27;841;15589;3;76.17
2024-08-27;841;48813;2;12.48
2024-08-27;841;55917;2;18.26
2024-08-27;841;76834;1;3.34
2024-08-27;841;18064;35;87.15
2024-08-27;841;9607;4;35.76
2024-08-27;841;36857;3;7.41
2024-08-27;841;5345;4;22.4
2024-08-27;841;1439;1;15.47
2024-08-27;841;58701;3;136.17
2024-08-27;841;20635;2;46.6
2024-08-27;841;31330;2;102.12
2024-07-23;1314;62364;1;34.49
2024-06-24;841;57912;4;35.16
2024-06-24;841;57817;2;131.4
2024-06-24;841;57814;1;109.5
2024-06-24;841;57816;4;175.2
2024-06-24;841;35416;1;10.74
2024-06-24;841;15590;3;98.07
2024-06-24;841;35772;2;25.04
2024-06-24;841;42076;4;32.56
2024-06-24;841;48813;2;9.98
2024-06-24;841;51957;1;7.71
2024-06-24;841;55917;1;9.01
2024-06-24;841;62782;1;7.55
2024-06-24;841;21141;6;155.52
2024-06-24;841;15589;3;75.87
2024-06-24;841;48812;2;15.22
2024-06-24;841;1439;1;15.06
2024-06-24;841;18064;23;56.12
2024-06-24;841;9607;4;35.12
2024-06-24;841;5345;4;22.32
2024-06-24;841;36857;4;9.84
2024-06-24;841;31330;1;50.37
2024-06-24;841;20635;1;23.3
2024-06-24;841;58701;3;136.17
2024-05-17;841;57912;4;35.16
2024-05-17;841;57814;0;0
2024-05-17;841;57816;0;0
2024-05-17;841;35772;1;11.93
2024-05-17;841;42076;5;40.7
2024-05-17;841;48813;2;9.98
2024-05-17;841;55917;1;9.01
2024-05-17;841;15590;3;98.07
2024-05-17;841;35416;1;10.74
2024-05-17;841;62782;1;7.55
2024-05-17;841;51957;1;5.89
2024-05-17;841;15589;6;148.92
2024-05-17;841;21141;4;104
2024-05-17;841;48812;3;22.83
2024-05-17;841;1439;1;15.06
2024-05-17;841;36857;3;7.23
2024-05-17;841;18064;52;121.16
2024-05-17;841;9607;3;25.35
2024-05-17;841;5345;1;5.26
2024-05-17;841;31330;1;50.71
2024-05-17;841;20635;1;23.08
2024-05-17;841;58701;1;45.25
2024-07-29;1314;62364;1;34.49
2024-06-17;1314;57912;1;13.29
2024-06-17;1314;57814;2;301.66
2024-06-17;1314;57816;2;126.64
2024-06-17;1314;57817;2;182.68
2024-06-17;1314;51957;1;14.66
2024-06-17;1314;15589;4;123.96
2024-06-17;1314;21141;5;158.75
2024-06-17;1314;35416;1;15.09
2024-06-17;1314;35772;3;50.94
2024-06-17;1314;48813;0;0
2024-06-17;1314;15590;1;40.85
2024-06-17;1314;48812;0;0
2024-06-17;1314;18064;65;267.8
2024-06-17;1314;9607;11;155.1
2024-06-17;1314;1439;5;93
2024-06-17;1314;36857;2;7.7
2024-06-17;1314;5345;8;69.44
2024-06-17;1314;58701;1;56.56
2024-06-17;1314;20635;6;175.2
2024-06-17;1314;13315;4;188.04
2024-06-17;1314;31330;3;199.38
2024-06-17;1314;44217;3;129.6
2024-05-31;1314;57912;2;26.16
2024-05-31;1314;57814;2;301.66
2024-05-31;1314;57816;2;126.64
2024-05-31;1314;51957;1;12.56
2024-05-31;1314;15590;0;0
2024-05-31;1314;15589;2;61.98
2024-05-31;1314;21141;5;158.8
2024-05-31;1314;35416;4;60.36
2024-05-31;1314;48813;1;8.71
2024-05-31;1314;48812;3;27.03
2024-05-31;1314;18064;161;658.49
2024-05-31;1314;9607;13;180.31
2024-05-31;1314;1439;6;111.24
2024-05-31;1314;36857;6;23.1
2024-05-31;1314;5345;10;86.3
2024-05-31;1314;58701;0;0
2024-05-31;1314;20635;7;204.47
2024-05-31;1314;13315;4;188.04
2024-05-31;1314;31330;3;199.38
2024-05-31;1314;44217;3;129.6
2024-06-22;841;57912;4;35.16
2024-06-22;841;57817;2;131.4
2024-06-22;841;57814;1;109.5
2024-06-22;841;57816;4;175.2
2024-06-22;841;35416;1;10.74
2024-06-22;841;15590;3;98.07
2024-06-22;841;35772;3;37.56
2024-06-22;841;42076;4;32.56
2024-06-22;841;48813;2;9.98
2024-06-22;841;51957;1;7.71
2024-06-22;841;55917;1;9.01
2024-06-22;841;62782;1;7.55
2024-06-22;841;21141;6;155.52
2024-06-22;841;15589;4;101.16
2024-06-22;841;48812;2;15.22
2024-06-22;841;1439;1;15.06
2024-06-22;841;18064;23;56.12
2024-06-22;841;9607;4;35.12
2024-06-22;841;5345;5;27.9
2024-06-22;841;36857;4;9.84
2024-06-22;841;31330;1;50.37
2024-06-22;841;20635;1;23.3
2024-06-22;841;58701;3;136.17
2024-09-03;1314;62364;1;34.49
2024-09-03;1314;57912;2;26.58
2024-09-03;1314;57814;2;301.66
2024-09-03;1314;57816;2;126.64
2024-09-03;1314;57817;2;182.68
2024-09-03;1314;51957;1;14.66
2024-09-03;1314;21141;8;254.32
2024-09-03;1314;15589;6;187.92
2024-09-03;1314;35416;5;76.7
2024-09-03;1314;35772;4;67.92
2024-09-03;1314;48813;3;26.94
2024-09-03;1314;48812;3;26.94
2024-09-03;1314;15590;2;83.12
2024-09-03;1314;76834;1;5.22
2024-09-03;1314;1439;6;113.82
2024-09-03;1314;18064;66;277.2
2024-09-03;1314;9607;15;214.65
2024-09-03;1314;36857;10;39.3
2024-09-03;1314;5345;9;80.82
2024-09-03;1314;20635;9;274.5
2024-09-03;1314;44217;2;86.02
2024-09-03;1314;31330;2;135.42
2024-09-03;1314;13315;1;46.85
2024-09-03;1314;58701;2;116.7
2024-07-22;1314;62364;1;34.49
2024-06-24;1314;57912;1;13.29
2024-06-24;1314;57814;1;150.83
2024-06-24;1314;57816;2;126.64
2024-06-24;1314;57817;2;182.68
2024-06-24;1314;51957;1;14.66
2024-06-24;1314;15589;6;185.94
2024-06-24;1314;21141;3;95.28
2024-06-24;1314;35416;2;30.26
2024-06-24;1314;35772;3;50.94
2024-06-24;1314;48813;0;0
2024-06-24;1314;15590;2;82.64
2024-06-24;1314;48812;0;0
2024-06-24;1314;18064;43;179.74
2024-06-24;1314;9607;11;155.54
2024-06-24;1314;1439;2;37.26
2024-06-24;1314;36857;6;23.22
2024-06-24;1314;5345;5;43.4
2024-06-24;1314;58701;1;56.56
2024-06-24;1314;20635;11;322.08
2024-06-24;1314;13315;4;188.04
2024-06-24;1314;31330;3;199.38
2024-06-24;1314;44217;2;86.4
2024-05-03;841;57912;4;35.16
2024-05-03;841;57814;1;109.5
2024-05-03;841;57816;0;0
2024-05-03;841;35772;3;35.79
2024-05-03;841;42076;5;40.7
2024-05-03;841;48813;3;14.97
2024-05-03;841;51957;1;5.89
2024-05-03;841;55917;1;9.01
2024-05-03;841;35416;1;10.74
2024-05-03;841;15590;3;98.07
2024-05-03;841;62782;1;7.55
2024-05-03;841;15589;3;73.02
2024-05-03;841;21141;5;123.7
2024-05-03;841;48812;1;7.76
2024-05-03;841;1439;0;0
2024-05-03;841;36857;3;7.23
2024-05-03;841;18064;15;34.95
2024-05-03;841;9607;7;59.15
2024-05-03;841;5345;3;15.69
2024-05-03;841;31330;1;50.71
2024-05-03;841;20635;0;0
2024-05-03;841;58701;2;90.5
2024-07-13;841;57912;3;26.37
2024-07-13;841;57817;2;131.4
2024-07-13;841;57814;2;219
2024-07-13;841;57816;3;131.4
2024-07-13;841;15590;3;98.07
2024-07-13;841;35416;1;10.74
2024-07-13;841;35772;2;25.04
2024-07-13;841;42076;4;32.56
2024-07-13;841;48812;2;15.22
2024-07-13;841;48813;1;4.99
2024-07-13;841;51957;1;7.71
2024-07-13;841;55917;1;9.01
2024-07-13;841;62782;1;7.55
2024-07-13;841;21141;5;129.6
2024-07-13;841;15589;4;101.2
2024-07-13;841;1439;1;15.06
2024-07-13;841;18064;20;49.8
2024-07-13;841;9607;3;26.4
2024-07-13;841;5345;5;27.9
2024-07-13;841;36857;4;9.88
2024-07-13;841;20635;1;23.3
2024-07-13;841;31330;0;0
2024-07-13;841;58701;3;136.17
2024-07-12;1314;62364;1;34.49
2024-07-15;1314;62364;1;34.49
2024-06-21;841;57912;4;35.16
2024-06-21;841;57817;2;131.4
2024-06-21;841;57814;2;219
2024-06-21;841;57816;4;175.2
2024-06-21;841;35416;1;10.74
2024-06-21;841;42076;4;32.56
2024-06-21;841;15590;3;98.07
2024-06-21;841;35772;3;37.56
2024-06-21;841;48813;2;9.98
2024-06-21;841;51957;1;7.71
2024-06-21;841;55917;1;9.01
2024-06-21;841;62782;1;7.55
2024-06-21;841;21141;2;51.78
2024-06-21;841;15589;2;50.54
2024-06-21;841;48812;2;15.22
2024-06-21;841;1439;1;15.06
2024-06-21;841;18064;27;65.88
2024-06-21;841;9607;3;26.28
2024-06-21;841;5345;5;27.9
2024-06-21;841;36857;1;2.41
2024-06-21;841;20635;1;23.3
2024-06-21;841;31330;1;50.37
2024-06-21;841;58701;3;136.17
2024-08-06;1314;57912;2;26.58
2024-08-06;1314;57814;2;301.66
2024-08-06;1314;57816;2;126.64
2024-08-06;1314;57817;2;182.68
2024-08-06;1314;51957;1;14.66
2024-08-06;1314;21141;4;127.12
2024-08-06;1314;15589;10;309.9
2024-08-06;1314;35416;4;61.36
2024-08-06;1314;35772;4;67.92
2024-08-06;1314;48813;3;26.94
2024-08-06;1314;48812;3;26.94
2024-08-06;1314;15590;2;83.12
2024-08-06;1314;18064;15;63
2024-08-06;1314;9607;15;214.2
2024-08-06;1314;36857;7;27.44
2024-08-06;1314;1439;4;75.76
2024-08-06;1314;5345;13;116.74
2024-08-06;1314;20635;12;352.08
2024-08-06;1314;13315;3;140.55
2024-08-06;1314;44217;3;129.18
2024-08-06;1314;31330;2;132.92
2024-08-06;1314;58701;2;116.7
2024-08-05;841;57912;3;26.37
2024-08-05;841;57817;2;131.4
2024-08-05;841;57814;2;219
2024-08-05;841;57816;3;131.4
2024-08-05;841;15590;2;65.38
2024-08-05;841;35416;1;10.74
2024-08-05;841;62782;1;7.55
2024-08-05;841;35772;2;25.04
2024-08-05;841;42076;4;32.56
2024-08-05;841;48812;2;15.22
2024-08-05;841;51957;1;7.71
2024-08-05;841;21141;4;103.68
2024-08-05;841;15589;4;101.2
2024-08-05;841;48813;2;12.48
2024-08-05;841;55917;2;18.26
2024-08-05;841;18064;40;99.6
2024-08-05;841;9607;3;26.67
2024-08-05;841;36857;3;7.41
2024-08-05;841;5345;4;22.36
2024-08-05;841;1439;1;15.45
2024-08-05;841;20635;2;46.6
2024-08-05;841;31330;2;102.12
2024-08-05;841;58701;3;136.17
2024-08-09;841;57912;3;26.37
2024-08-09;841;57817;2;131.4
2024-08-09;841;57814;2;219
2024-08-09;841;57816;3;131.4
2024-08-09;841;15590;2;65.38
2024-08-09;841;35416;1;10.74
2024-08-09;841;48812;2;15.22
2024-08-09;841;51957;1;7.71
2024-08-09;841;62782;1;7.55
2024-08-09;841;35772;2;25.04
2024-08-09;841;42076;4;32.56
2024-08-09;841;21141;2;51.84
2024-08-09;841;15589;4;101.2
2024-08-09;841;48813;2;12.48
2024-08-09;841;55917;2;18.26
2024-08-09;841;18064;44;109.56
2024-08-09;841;9607;3;26.73
2024-08-09;841;36857;3;7.41
2024-08-09;841;5345;4;22.36
2024-08-09;841;1439;2;30.94
2024-08-09;841;58701;3;136.17
2024-08-09;841;20635;2;46.6
2024-08-09;841;31330;2;102.12
2024-08-09;1314;57912;2;26.58
2024-08-09;1314;57814;2;301.66
2024-08-09;1314;57816;2;126.64
2024-08-09;1314;57817;2;182.68
2024-08-09;1314;51957;1;14.66
2024-08-09;1314;21141;1;31.78
2024-08-09;1314;15589;9;278.91
2024-08-09;1314;35416;4;61.36
2024-08-09;1314;35772;4;67.92
2024-08-09;1314;48813;3;26.94
2024-08-09;1314;48812;3;26.94
2024-08-09;1314;15590;2;83.12
2024-08-09;1314;18064;48;201.6
2024-08-09;1314;9607;12;171.36
2024-08-09;1314;36857;6;23.52
2024-08-09;1314;1439;4;75.76
2024-08-09;1314;5345;14;125.72
2024-08-09;1314;20635;10;293.4
2024-08-09;1314;13315;3;140.55
2024-08-09;1314;44217;3;129.18
2024-08-09;1314;31330;2;132.92
2024-08-09;1314;58701;2;116.7
2024-08-19;1314;62364;1;34.49
2024-09-30;1314;58701;2;116.7
2024-09-30;1314;20635;12;371.76
2024-09-30;1314;31330;2;135.42
2024-09-30;1314;13315;2;93.38
2024-09-30;1314;44217;1;43
2024-09-30;1314;62364;1;34.49
2024-09-30;1314;57912;2;26.58
2024-09-30;1314;57814;1;150.83
2024-09-30;1314;57816;0;0
2024-09-30;1314;57817;2;182.68
2024-09-30;1314;51957;1;14.66
2024-09-30;1314;21141;6;190.74
2024-09-30;1314;15589;11;348.59
2024-09-30;1314;35416;5;76.7
2024-09-30;1314;35772;4;67.92
2024-09-30;1314;48813;3;26.94
2024-09-30;1314;48812;2;17.96
2024-09-30;1314;15590;2;83.96
2024-09-30;1314;76834;1;5.22
2024-09-30;1314;1439;5;94.85
2024-09-30;1314;18064;75;320.25
2024-09-30;1314;9607;10;143.7
2024-09-30;1314;36857;11;43.23
2024-09-30;1314;5345;9;80.91
2024-09-17;841;57912;3;26.37
2024-09-17;841;57817;2;131.4
2024-09-17;841;57814;2;219
2024-09-17;841;57816;3;131.4
2024-09-17;841;15590;2;65.38
2024-09-17;841;35416;1;11.13
2024-09-17;841;48812;1;7.61
2024-09-17;841;51957;1;7.71
2024-09-17;841;62782;1;7.55
2024-09-17;841;35772;2;25.04
2024-09-17;841;42076;4;32.56
2024-09-17;841;21141;5;129.65
2024-09-17;841;15589;4;102.56
2024-09-17;841;48813;1;7.18
2024-09-17;841;55917;2;18.26
2024-09-17;841;76834;1;3.34
2024-09-17;841;18064;40;102
2024-09-17;841;9607;4;36.04
2024-09-17;841;36857;3;7.41
2024-09-17;841;5345;4;22.44
2024-09-17;841;1439;2;30.96
2024-09-17;841;58701;3;136.17
2024-09-17;841;31330;2;102.12
2024-09-17;841;20635;1;24.26
2024-09-17;1314;62364;1;34.49
2024-09-17;1314;57912;2;26.58
2024-09-17;1314;57814;2;301.66
2024-09-17;1314;57816;2;126.64
2024-09-17;1314;57817;2;182.68
2024-09-17;1314;51957;1;14.66
2024-09-17;1314;21141;6;190.74
2024-09-17;1314;15589;6;189.54
2024-09-17;1314;35416;5;76.7
2024-09-17;1314;35772;3;50.94
2024-09-17;1314;48813;3;26.94
2024-09-17;1314;48812;1;8.98
2024-09-17;1314;15590;2;83.12
2024-09-17;1314;76834;1;5.22
2024-09-17;1314;1439;4;75.88
2024-09-17;1314;18064;30;126.3
2024-09-17;1314;9607;12;172.32
2024-09-17;1314;36857;8;31.44
2024-09-17;1314;5345;9;80.82
2024-09-17;1314;20635;8;246.48
2024-09-17;1314;44217;3;129
2024-09-17;1314;31330;1;67.71
2024-09-17;1314;13315;2;93.38
2024-09-17;1314;58701;2;116.7
2024-09-13;1314;62364;1;34.49
2024-09-13;1314;57912;2;26.58
2024-09-13;1314;57814;2;301.66
2024-09-13;1314;57816;2;126.64
2024-09-13;1314;57817;2;182.68
2024-09-13;1314;51957;1;14.66
2024-09-13;1314;21141;7;222.53
2024-09-13;1314;15589;6;189.36
2024-09-13;1314;35416;5;76.7
2024-09-13;1314;35772;2;33.96
2024-09-13;1314;48813;2;17.96
2024-09-13;1314;48812;2;17.96
2024-09-13;1314;15590;2;83.12
2024-09-13;1314;76834;1;5.22
2024-09-13;1314;1439;4;75.88
2024-09-13;1314;18064;18;75.6
2024-09-13;1314;9607;5;71.55
2024-09-13;1314;36857;6;23.58
2024-09-13;1314;5345;9;80.82
2024-09-13;1314;20635;9;276.57
2024-09-13;1314;44217;3;129
2024-09-13;1314;31330;1;67.71
2024-09-13;1314;13315;2;93.38
2024-09-13;1314;58701;2;116.7
2024-09-13;841;57912;3;26.37
2024-09-13;841;57817;2;131.4
2024-09-13;841;57814;2;219
2024-09-13;841;57816;3;131.4
2024-09-13;841;15590;2;65.38
2024-09-13;841;35416;0;0
2024-09-13;841;48812;1;7.61
2024-09-13;841;51957;1;7.71
2024-09-13;841;62782;1;7.55
2024-09-13;841;35772;2;25.04
2024-09-13;841;42076;4;32.56
2024-09-13;841;21141;6;155.58
2024-09-13;841;15589;4;102.56
2024-09-13;841;48813;2;14.36
2024-09-13;841;55917;2;18.26
2024-09-13;841;76834;1;3.34
2024-09-13;841;18064;16;39.84
2024-09-13;841;9607;1;8.96
2024-09-13;841;36857;3;7.41
2024-09-13;841;5345;4;22.44
2024-09-13;841;1439;2;30.96
2024-09-13;841;58701;3;136.17
2024-09-13;841;20635;2;48.52
2024-09-13;841;31330;2;102.12
2024-08-03;1314;57912;2;26.58
2024-08-03;1314;57814;2;301.66
2024-08-03;1314;57816;2;126.64
2024-08-03;1314;57817;2;182.68
2024-08-03;1314;51957;1;14.66
2024-08-03;1314;21141;5;158.9
2024-08-03;1314;15589;9;278.91
2024-08-03;1314;35416;4;61.32
2024-08-03;1314;35772;4;67.92
2024-08-03;1314;48813;3;26.94
2024-08-03;1314;48812;4;35.92
2024-08-03;1314;15590;2;83.12
2024-08-03;1314;18064;48;201.6
2024-08-03;1314;9607;16;228.48
2024-08-03;1314;36857;10;39.2
2024-08-03;1314;1439;4;75.76
2024-08-03;1314;5345;12;107.76
2024-08-03;1314;20635;13;381.42
2024-08-03;1314;13315;3;140.55
2024-08-03;1314;44217;3;129.18
2024-08-03;1314;31330;2;132.92
2024-08-03;1314;58701;2;116.7
2024-09-11;1314;62364;1;34.49
2024-09-11;1314;57912;2;26.58
2024-09-11;1314;57814;2;301.66
2024-09-11;1314;57816;2;126.64
2024-09-11;1314;57817;2;182.68
2024-09-11;1314;51957;1;14.66
2024-09-11;1314;21141;8;254.32
2024-09-11;1314;15589;8;252.48
2024-09-11;1314;35416;5;76.7
2024-09-11;1314;35772;2;33.96
2024-09-11;1314;48813;2;17.96
2024-09-11;1314;48812;3;26.94
2024-09-11;1314;15590;2;83.12
2024-09-11;1314;76834;1;5.22
2024-09-11;1314;1439;5;94.85
2024-09-11;1314;18064;43;180.6
2024-09-11;1314;9607;8;114.48
2024-09-11;1314;36857;7;27.51
2024-09-11;1314;5345;11;98.78
2024-09-11;1314;20635;10;307.3
2024-09-11;1314;44217;3;129
2024-09-11;1314;31330;1;67.71
2024-09-11;1314;13315;2;93.38
2024-09-11;1314;58701;2;116.7
2024-08-05;1314;18064;25;105
2024-08-05;1314;9607;15;214.2
2024-08-05;1314;36857;7;27.44
2024-08-05;1314;1439;4;75.76
2024-08-05;1314;5345;12;107.76
2024-08-05;1314;20635;12;352.08
2024-08-05;1314;13315;3;140.55
2024-08-05;1314;44217;3;129.18
2024-08-05;1314;31330;2;132.92
2024-08-05;1314;58701;2;116.7
2024-08-05;1314;57912;2;26.58
2024-08-05;1314;57814;2;301.66
2024-08-05;1314;57816;2;126.64
2024-08-05;1314;57817;2;182.68
2024-08-05;1314;51957;1;14.66
2024-08-05;1314;21141;4;127.12
2024-08-05;1314;15589;9;278.91
2024-08-05;1314;35416;3;45.99
2024-08-05;1314;35772;4;67.92
2024-08-05;1314;48813;3;26.94
2024-08-05;1314;48812;4;35.92
2024-08-05;1314;15590;2;83.12
2024-08-31;841;57912;3;26.37
2024-08-31;841;57817;2;131.4
2024-08-31;841;57814;2;219
2024-08-31;841;57816;3;131.4
2024-08-31;841;15590;2;65.38
2024-08-31;841;35416;1;11.07
2024-08-31;841;48812;1;7.61
2024-08-31;841;51957;1;7.71
2024-08-31;841;62782;1;7.55
2024-08-31;841;35772;2;25.04
2024-08-31;841;42076;4;32.56
2024-08-31;841;21141;6;155.58
2024-08-31;841;15589;3;76.38
2024-08-31;841;48813;1;6.24
2024-08-31;841;55917;2;18.26
2024-08-31;841;76834;1;3.34
2024-08-31;841;18064;40;99.6
2024-08-31;841;9607;4;35.76
2024-08-31;841;36857;3;7.41
2024-08-31;841;5345;4;22.4
2024-08-31;841;1439;2;30.96
2024-08-31;841;58701;3;136.17
2024-08-31;841;20635;2;46.6
2024-08-31;841;31330;2;102.12
2024-09-28;1314;62364;1;34.49
2024-09-28;1314;57912;2;26.58
2024-09-28;1314;57814;1;150.83
2024-09-28;1314;57816;0;0
2024-09-28;1314;57817;2;182.68
2024-09-28;1314;51957;1;14.66
2024-09-28;1314;21141;6;190.74
2024-09-28;1314;15589;11;348.59
2024-09-28;1314;35416;5;76.7
2024-09-28;1314;35772;4;67.92
2024-09-28;1314;48813;5;44.9
2024-09-28;1314;48812;3;26.94
2024-09-28;1314;15590;2;83.96
2024-09-28;1314;76834;1;5.22
2024-09-28;1314;1439;5;94.85
2024-09-28;1314;18064;95;405.65
2024-09-28;1314;9607;11;158.07
2024-09-28;1314;36857;11;43.23
2024-09-28;1314;5345;10;89.9
2024-09-28;1314;58701;2;116.7
2024-09-28;1314;20635;12;371.76
2024-09-28;1314;31330;2;135.42
2024-09-28;1314;13315;2;93.38
2024-09-28;1314;44217;1;43
2024-09-21;841;57912;1;8.79
2024-09-21;841;57817;2;131.4
2024-09-21;841;57814;2;219
2024-09-21;841;57816;3;131.4
2024-09-21;841;15590;2;65.38
2024-09-21;841;35772;2;25.04
2024-09-21;841;51957;1;7.71
2024-09-21;841;62782;1;7.55
2024-09-21;841;35416;1;11.13
2024-09-21;841;42076;4;32.56
2024-09-21;841;48812;1;7.61
2024-09-21;841;21141;5;129.65
2024-09-21;841;15589;4;102.56
2024-09-21;841;48813;2;14.68
2024-09-21;841;55917;2;18.26
2024-09-21;841;76834;1;3.34
2024-09-21;841;1439;2;30.96
2024-09-21;841;18064;20;51
2024-09-21;841;9607;3;27.03
2024-09-21;841;36857;3;7.41
2024-09-21;841;5345;4;22.44
2024-09-21;841;58701;3;136.17
2024-09-21;841;20635;2;49.48
2024-09-21;841;31330;2;102.12
2024-09-21;1314;62364;1;34.49
2024-09-21;1314;57912;2;26.58
2024-09-21;1314;57814;2;301.66
2024-09-21;1314;57816;2;126.64
2024-09-21;1314;57817;2;182.68
2024-09-21;1314;51957;1;14.66
2024-09-21;1314;21141;8;254.32
2024-09-21;1314;15589;8;253.28
2024-09-21;1314;35416;5;76.7
2024-09-21;1314;35772;3;50.94
2024-09-21;1314;48813;3;26.94
2024-09-21;1314;48812;2;17.96
2024-09-21;1314;15590;2;83.12
2024-09-21;1314;76834;1;5.22
2024-09-21;1314;1439;4;75.88
2024-09-21;1314;18064;48;204.48
2024-09-21;1314;9607;16;229.92
2024-09-21;1314;36857;10;39.3
2024-09-21;1314;5345;11;98.89
2024-09-21;1314;20635;10;309.1
2024-09-21;1314;31330;2;135.42
2024-09-21;1314;13315;2;93.38
2024-09-21;1314;44217;3;129
2024-09-21;1314;58701;2;116.7
2024-07-26;1314;62364;1;34.49
2024-05-30;841;57912;4;35.16
2024-05-30;841;57814;0;0
2024-05-30;841;57816;2;87.6
2024-05-30;841;42076;5;40.7
2024-05-30;841;15590;3;98.07
2024-05-30;841;35416;1;10.74
2024-05-30;841;35772;3;37.56
2024-05-30;841;48812;3;22.83
2024-05-30;841;48813;2;9.98
2024-05-30;841;51957;1;5.89
2024-05-30;841;55917;1;9.01
2024-05-30;841;62782;1;7.55
2024-05-30;841;21141;2;51.84
2024-05-30;841;15589;4;99.28
2024-05-30;841;31330;1;50.71
2024-05-30;841;20635;1;23.08
2024-05-30;841;58701;3;136.14
2024-05-30;841;1439;1;15.06
2024-05-30;841;36857;3;7.23
2024-05-30;841;18064;49;115.15
2024-05-30;841;9607;3;25.8
2024-05-30;841;5345;3;15.78
2024-05-30;1314;57912;2;26.16
2024-05-30;1314;57814;2;301.66
2024-05-30;1314;57816;2;126.64
2024-05-30;1314;51957;1;12.56
2024-05-30;1314;15590;0;0
2024-05-30;1314;15589;1;30.99
2024-05-30;1314;21141;4;127.08
2024-05-30;1314;35416;1;15.05
2024-05-30;1314;48813;2;17.42
2024-05-30;1314;48812;2;18.02
2024-05-30;1314;18064;61;248.88
2024-05-30;1314;9607;14;194.18
2024-05-30;1314;1439;7;129.78
2024-05-30;1314;36857;6;23.1
2024-05-30;1314;5345;10;86.3
2024-05-30;1314;58701;0;0
2024-05-30;1314;20635;5;146.1
2024-05-30;1314;13315;4;188.04
2024-05-30;1314;31330;2;135.62
2024-05-30;1314;44217;3;129.6
2024-08-23;1314;62364;1;34.49
2024-08-23;1314;57912;2;26.58
2024-08-23;1314;57814;2;301.66
2024-08-23;1314;57816;2;126.64
2024-08-23;1314;57817;2;182.68
2024-08-23;1314;51957;1;14.66
2024-08-23;1314;21141;6;190.74
2024-08-23;1314;15589;7;217.14
2024-08-23;1314;35416;5;76.7
2024-08-23;1314;35772;4;67.92
2024-08-23;1314;48813;2;17.96
2024-08-23;1314;48812;2;17.96
2024-08-23;1314;15590;2;83.12
2024-08-23;1314;76834;1;5.22
2024-08-23;1314;18064;23;96.6
2024-08-23;1314;9607;13;185.9
2024-08-23;1314;36857;11;43.23
2024-08-23;1314;1439;4;75.76
2024-08-23;1314;5345;12;107.76
2024-08-23;1314;20635;10;299.6
2024-08-23;1314;44217;1;43.06
2024-08-23;1314;31330;0;0
2024-08-23;1314;13315;2;93.7
2024-08-23;1314;58701;2;116.7
2024-08-07;1314;57912;2;26.58
2024-08-07;1314;57814;2;301.66
2024-08-07;1314;57816;2;126.64
2024-08-07;1314;57817;2;182.68
2024-08-07;1314;51957;1;14.66
2024-08-07;1314;21141;3;95.34
2024-08-07;1314;15589;10;309.9
2024-08-07;1314;35416;4;61.36
2024-08-07;1314;35772;4;67.92
2024-08-07;1314;48813;3;26.94
2024-08-07;1314;48812;3;26.94
2024-08-07;1314;15590;2;83.12
2024-08-07;1314;18064;4;16.8
2024-08-07;1314;9607;14;199.92
2024-08-07;1314;36857;7;27.44
2024-08-07;1314;1439;4;75.76
2024-08-07;1314;5345;13;116.74
2024-08-07;1314;20635;12;352.08
2024-08-07;1314;13315;3;140.55
2024-08-07;1314;44217;3;129.18
2024-08-07;1314;31330;2;132.92
2024-08-07;1314;58701;2;116.7
2024-08-20;1314;62364;1;34.49
2024-08-20;1314;57912;2;26.58
2024-08-20;1314;57814;2;301.66
2024-08-20;1314;57816;2;126.64
2024-08-20;1314;57817;2;182.68
2024-08-20;1314;51957;1;14.66
2024-08-20;1314;21141;8;254.32
2024-08-20;1314;15589;8;247.92
2024-08-20;1314;35416;5;76.7
2024-08-20;1314;35772;4;67.92
2024-08-20;1314;48813;3;26.94
2024-08-20;1314;48812;2;17.96
2024-08-20;1314;15590;2;83.12
2024-08-20;1314;76834;1;5.22
2024-08-20;1314;18064;31;130.2
2024-08-20;1314;9607;14;200.2
2024-08-20;1314;36857;6;23.52
2024-08-20;1314;1439;5;94.7
2024-08-20;1314;5345;13;116.74
2024-08-20;1314;20635;11;329.56
2024-08-20;1314;44217;3;129.18
2024-08-20;1314;31330;0;0
2024-08-20;1314;13315;2;93.7
2024-08-20;1314;58701;2;116.7
2024-08-20;841;57912;3;26.37
2024-08-20;841;57817;2;131.4
2024-08-20;841;57814;2;219
2024-08-20;841;57816;3;131.4
2024-08-20;841;15590;2;65.38
2024-08-20;841;35416;1;10.74
2024-08-20;841;48812;2;15.22
2024-08-20;841;51957;1;7.71
2024-08-20;841;62782;1;7.55
2024-08-20;841;35772;2;25.04
2024-08-20;841;42076;4;32.56
2024-08-20;841;21141;6;155.58
2024-08-20;841;15589;4;101.2
2024-08-20;841;48813;2;12.48
2024-08-20;841;55917;2;18.26
2024-08-20;841;76834;1;3.34
2024-08-20;841;18064;40;99.6
2024-08-20;841;9607;3;26.79
2024-08-20;841;36857;3;7.41
2024-08-20;841;5345;4;22.4
2024-08-20;841;1439;2;30.94
2024-08-20;841;58701;3;136.17
2024-08-20;841;20635;2;46.6
2024-08-20;841;31330;2;102.12
2024-06-21;1314;57912;1;13.29
2024-06-21;1314;57814;1;150.83
2024-06-21;1314;57816;2;126.64
2024-06-21;1314;57817;2;182.68
2024-06-21;1314;51957;1;14.66
2024-06-21;1314;15589;7;216.93
2024-06-21;1314;21141;4;127.04
2024-06-21;1314;35416;3;45.39
2024-06-21;1314;35772;3;50.94
2024-06-21;1314;48813;0;0
2024-06-21;1314;15590;1;40.85
2024-06-21;1314;48812;0;0
2024-06-21;1314;18064;95;397.1
2024-06-21;1314;9607;13;183.82
2024-06-21;1314;1439;7;130.41
2024-06-21;1314;36857;5;19.35
2024-06-21;1314;5345;6;52.08
2024-06-21;1314;58701;1;56.56
2024-06-21;1314;20635;10;292.7
2024-06-21;1314;13315;4;188.04
2024-06-21;1314;31330;3;199.38
2024-06-21;1314;44217;2;86.4
2024-09-23;1314;62364;1;34.49
2024-09-23;1314;57912;2;26.58
2024-09-23;1314;57814;2;301.66
2024-09-23;1314;57816;2;126.64
2024-09-23;1314;57817;2;182.68
2024-09-23;1314;51957;1;14.66
2024-09-23;1314;21141;9;286.11
2024-09-23;1314;15589;9;285.03
2024-09-23;1314;35416;5;76.7
2024-09-23;1314;35772;3;50.94
2024-09-23;1314;48813;4;35.92
2024-09-23;1314;48812;3;26.94
2024-09-23;1314;15590;2;83.12
2024-09-23;1314;76834;1;5.22
2024-09-23;1314;1439;5;94.85
2024-09-23;1314;18064;89;380.03
2024-09-23;1314;9607;15;215.55
2024-09-23;1314;36857;11;43.23
2024-09-23;1314;5345;11;98.89
2024-09-23;1314;20635;11;340.34
2024-09-23;1314;31330;2;135.42
2024-09-23;1314;13315;2;93.38
2024-09-23;1314;44217;3;129
2024-09-23;1314;58701;2;116.7
2024-07-03;1314;35416;3;45.48
2024-07-03;1314;35772;3;50.94
2024-07-03;1314;48812;3;26.94
2024-07-03;1314;48813;2;17.96
2024-07-03;1314;15590;2;82.64
2024-07-03;1314;18064;58;243.6
2024-07-03;1314;9607;13;184.21
2024-07-03;1314;1439;4;75.68
2024-07-03;1314;36857;0;0
2024-07-03;1314;5345;3;26.4
2024-07-03;1314;20635;7;205.1
2024-07-03;1314;13315;4;188.04
2024-07-03;1314;31330;3;199.38
2024-07-03;1314;44217;1;43.2
2024-07-03;1314;58701;1;56.56
2024-07-03;1314;57912;1;13.29
2024-07-03;1314;57814;2;301.66
2024-07-03;1314;57816;2;126.64
2024-07-03;1314;57817;2;182.68
2024-07-03;1314;51957;1;14.66
2024-07-03;1314;15589;7;216.93
2024-07-03;1314;21141;5;158.9
2024-09-10;841;57912;3;26.37
2024-09-10;841;57817;2;131.4
2024-09-10;841;57814;2;219
2024-09-10;841;57816;3;131.4
2024-09-10;841;15590;2;65.38
2024-09-10;841;35416;1;11.07
2024-09-10;841;48812;1;7.61
2024-09-10;841;51957;1;7.71
2024-09-10;841;62782;1;7.55
2024-09-10;841;35772;2;25.04
2024-09-10;841;42076;4;32.56
2024-09-10;841;21141;4;103.72
2024-09-10;841;15589;3;76.62
2024-09-10;841;48813;1;6.87
2024-09-10;841;55917;2;18.26
2024-09-10;841;76834;1;3.34
2024-09-10;841;18064;18;44.82
2024-09-10;841;9607;2;17.88
2024-09-10;841;36857;3;7.41
2024-09-10;841;5345;3;16.8
2024-09-10;841;1439;2;30.96
2024-09-10;841;58701;3;136.17
2024-09-10;841;20635;2;48.52
2024-09-10;841;31330;2;102.12
2024-09-27;1314;62364;1;34.49
2024-09-27;1314;57912;2;26.58
2024-09-27;1314;57814;1;150.83
2024-09-27;1314;57816;0;0
2024-09-27;1314;57817;2;182.68
2024-09-27;1314;51957;1;14.66
2024-09-27;1314;21141;7;222.53
2024-09-27;1314;15589;11;348.59
2024-09-27;1314;35416;5;76.7
2024-09-27;1314;35772;4;67.92
2024-09-27;1314;48813;5;44.9
2024-09-27;1314;48812;3;26.94
2024-09-27;1314;15590;1;41.56
2024-09-27;1314;76834;1;5.22
2024-09-27;1314;1439;5;94.85
2024-09-27;1314;18064;75;320.25
2024-09-27;1314;9607;13;186.81
2024-09-27;1314;36857;11;43.23
2024-09-27;1314;5345;10;89.9
2024-09-27;1314;58701;2;116.7
2024-09-27;1314;20635;11;340.56
2024-09-27;1314;31330;2;135.42
2024-09-27;1314;13315;2;93.38
2024-09-27;1314;44217;1;43
2024-09-06;841;57912;3;26.37
2024-09-06;841;57817;2;131.4
2024-09-06;841;57814;2;219
2024-09-06;841;57816;3;131.4
2024-09-06;841;15590;2;65.38
2024-09-06;841;35416;1;11.07
2024-09-06;841;48812;1;7.61
2024-09-06;841;51957;1;7.71
2024-09-06;841;62782;1;7.55
2024-09-06;841;35772;2;25.04
2024-09-06;841;42076;4;32.56
2024-09-06;841;21141;4;103.72
2024-09-06;841;15589;4;102.16
2024-09-06;841;48813;1;6.87
2024-09-06;841;55917;2;18.26
2024-09-06;841;76834;1;3.34
2024-09-06;841;18064;34;84.66
2024-09-06;841;9607;4;35.76
2024-09-06;841;36857;3;7.41
2024-09-06;841;5345;3;16.8
2024-09-06;841;1439;2;30.96
2024-09-06;841;58701;3;136.17
2024-09-06;841;31330;2;102.12
2024-09-06;841;20635;1;23.3
2024-09-03;841;57912;3;26.37
2024-09-03;841;57817;2;131.4
2024-09-03;841;57814;2;219
2024-09-03;841;57816;3;131.4
2024-09-03;841;15590;2;65.38
2024-09-03;841;35416;1;11.07
2024-09-03;841;48812;1;7.61
2024-09-03;841;51957;1;7.71
2024-09-03;841;62782;1;7.55
2024-09-03;841;35772;2;25.04
2024-09-03;841;42076;4;32.56
2024-09-03;841;21141;4;103.72
2024-09-03;841;15589;4;102.16
2024-09-03;841;48813;2;13.74
2024-09-03;841;55917;2;18.26
2024-09-03;841;76834;1;3.34
2024-09-03;841;18064;36;89.64
2024-09-03;841;9607;3;26.82
2024-09-03;841;36857;3;7.41
2024-09-03;841;5345;4;22.4
2024-09-03;841;1439;2;30.96
2024-09-03;841;58701;3;136.17
2024-09-03;841;20635;1;23.3
2024-09-03;841;31330;2;102.12
2024-09-27;841;57912;1;8.79
2024-09-27;841;57817;2;131.4
2024-09-27;841;57814;2;219
2024-09-27;841;57816;3;131.4
2024-09-27;841;15590;2;65.38
2024-09-27;841;62782;1;7.55
2024-09-27;841;35772;2;25.04
2024-09-27;841;42076;4;32.56
2024-09-27;841;51957;1;7.71
2024-09-27;841;55917;2;18.26
2024-09-27;841;35416;1;11.13
2024-09-27;841;48812;1;7.61
2024-09-27;841;21141;5;129.65
2024-09-27;841;15589;4;102.56
2024-09-27;841;48813;2;14.68
2024-09-27;841;76834;1;3.34
2024-09-27;841;36857;3;7.41
2024-09-27;841;1439;2;30.96
2024-09-27;841;18064;36;92.16
2024-09-27;841;9607;5;45.05
2024-09-27;841;5345;4;22.44
2024-09-27;841;31330;2;102.12
2024-09-27;841;58701;3;136.17
2024-09-27;841;20635;2;49.48
2024-09-10;1314;62364;1;34.49
2024-09-10;1314;57912;2;26.58
2024-09-10;1314;57814;2;301.66
2024-09-10;1314;57816;2;126.64
2024-09-10;1314;57817;2;182.68
2024-09-10;1314;51957;1;14.66
2024-09-10;1314;21141;8;254.32
2024-09-10;1314;15589;8;252.48
2024-09-10;1314;35416;5;76.7
2024-09-10;1314;35772;3;50.94
2024-09-10;1314;48813;2;17.96
2024-09-10;1314;48812;3;26.94
2024-09-10;1314;15590;2;83.12
2024-09-10;1314;76834;1;5.22
2024-09-10;1314;1439;5;94.85
2024-09-10;1314;18064;51;214.2
2024-09-10;1314;9607;10;143.1
2024-09-10;1314;36857;8;31.44
2024-09-10;1314;5345;11;98.78
2024-09-10;1314;20635;10;307.3
2024-09-10;1314;44217;3;129
2024-09-10;1314;31330;2;135.42
2024-09-10;1314;13315;2;93.38
2024-09-10;1314;58701;2;116.7
2024-09-06;1314;62364;1;34.49
2024-09-06;1314;57912;2;26.58
2024-09-06;1314;57814;2;301.66
2024-09-06;1314;57816;2;126.64
2024-09-06;1314;57817;2;182.68
2024-09-06;1314;51957;1;14.66
2024-09-06;1314;21141;7;222.53
2024-09-06;1314;15589;6;188.4
2024-09-06;1314;35416;5;76.7
2024-09-06;1314;35772;3;50.94
2024-09-06;1314;48813;3;26.94
2024-09-06;1314;48812;2;17.96
2024-09-06;1314;15590;2;83.12
2024-09-06;1314;76834;1;5.22
2024-09-06;1314;1439;6;113.82
2024-09-06;1314;18064;41;172.2
2024-09-06;1314;9607;13;186.03
2024-09-06;1314;36857;7;27.51
2024-09-06;1314;5345;10;89.8
2024-09-06;1314;20635;10;306.3
2024-09-06;1314;44217;2;86.02
2024-09-06;1314;31330;2;135.42
2024-09-06;1314;13315;1;46.85
2024-09-06;1314;58701;2;116.7
2024-05-08;841;57912;4;35.16
2024-05-08;841;57814;0;0
2024-05-08;841;57816;0;0
2024-05-08;841;35772;1;11.93
2024-05-08;841;42076;5;40.7
2024-05-08;841;48813;3;14.97
2024-05-08;841;51957;1;5.89
2024-05-08;841;55917;1;9.01
2024-05-08;841;15590;3;98.07
2024-05-08;841;35416;1;10.74
2024-05-08;841;62782;1;7.55
2024-05-08;841;15589;3;73.02
2024-05-08;841;21141;3;74.22
2024-05-08;841;48812;1;7.76
2024-05-08;841;1439;1;15.06
2024-05-08;841;36857;3;7.23
2024-05-08;841;18064;40;93.2
2024-05-08;841;9607;5;42.25
2024-05-08;841;5345;2;10.46
2024-05-08;841;20635;1;23.08
2024-05-08;841;31330;1;50.71
2024-05-08;841;58701;2;90.5
2024-09-12;1314;62364;1;34.49
2024-09-12;1314;57912;2;26.58
2024-09-12;1314;57814;2;301.66
2024-09-12;1314;57816;2;126.64
2024-09-12;1314;57817;2;182.68
2024-09-12;1314;51957;1;14.66
2024-09-12;1314;21141;7;222.53
2024-09-12;1314;15589;8;252.48
2024-09-12;1314;35416;5;76.7
2024-09-12;1314;35772;2;33.96
2024-09-12;1314;48813;2;17.96
2024-09-12;1314;48812;3;26.94
2024-09-12;1314;15590;2;83.12
2024-09-12;1314;76834;1;5.22
2024-09-12;1314;1439;4;75.88
2024-09-12;1314;18064;29;121.8
2024-09-12;1314;9607;7;100.17
2024-09-12;1314;36857;7;27.51
2024-09-12;1314;5345;11;98.78
2024-09-12;1314;20635;9;276.57
2024-09-12;1314;44217;3;129
2024-09-12;1314;31330;1;67.71
2024-09-12;1314;13315;2;93.38
2024-09-12;1314;58701;2;116.7
2024-07-16;1314;62364;1;34.49
2024-09-28;841;57912;1;8.79
2024-09-28;841;57817;2;131.4
2024-09-28;841;57814;2;219
2024-09-28;841;57816;3;131.4
2024-09-28;841;15590;2;65.38
2024-09-28;841;62782;1;7.55
2024-09-28;841;35772;2;25.04
2024-09-28;841;42076;4;32.56
2024-09-28;841;51957;1;7.71
2024-09-28;841;55917;2;18.26
2024-09-28;841;35416;1;11.13
2024-09-28;841;48812;1;7.61
2024-09-28;841;21141;4;103.72
2024-09-28;841;15589;4;102.56
2024-09-28;841;48813;2;14.68
2024-09-28;841;76834;1;3.34
2024-09-28;841;36857;3;7.41
2024-09-28;841;1439;2;30.96
2024-09-28;841;18064;34;87.04
2024-09-28;841;9607;5;45.05
2024-09-28;841;5345;4;22.44
2024-09-28;841;31330;2;102.12
2024-09-28;841;58701;3;136.17
2024-09-28;841;20635;2;49.48
2024-07-23;1314;57912;1;13.29
2024-07-23;1314;57814;2;301.66
2024-07-23;1314;57816;2;126.64
2024-07-23;1314;57817;2;182.68
2024-07-23;1314;51957;1;14.66
2024-07-23;1314;21141;7;222.46
2024-07-23;1314;15589;5;154.95
2024-07-23;1314;35416;3;45.93
2024-07-23;1314;35772;2;33.96
2024-07-23;1314;48813;4;35.92
2024-07-23;1314;48812;3;26.94
2024-07-23;1314;15590;2;82.64
2024-07-23;1314;18064;6;25.2
2024-07-23;1314;9607;12;170.88
2024-07-23;1314;1439;4;75.68
2024-07-23;1314;36857;10;38.7
2024-07-23;1314;5345;7;62.51
2024-07-23;1314;20635;10;293.3
2024-07-23;1314;13315;2;94.02
2024-07-23;1314;44217;3;129.27
2024-07-23;1314;31330;2;132.92
2024-07-23;1314;58701;2;116.7
2024-08-05;1314;62364;1;34.49
2024-09-25;841;57912;1;8.79
2024-09-25;841;57817;2;131.4
2024-09-25;841;57814;2;219
2024-09-25;841;57816;3;131.4
2024-09-25;841;15590;2;65.38
2024-09-25;841;35772;2;25.04
2024-09-25;841;51957;1;7.71
2024-09-25;841;62782;1;7.55
2024-09-25;841;35416;1;11.13
2024-09-25;841;42076;4;32.56
2024-09-25;841;48812;1;7.61
2024-09-25;841;21141;5;129.65
2024-09-25;841;15589;4;102.56
2024-09-25;841;48813;2;14.68
2024-09-25;841;55917;2;18.26
2024-09-25;841;76834;1;3.34
2024-09-25;841;36857;3;7.41
2024-09-25;841;1439;2;30.96
2024-09-25;841;18064;29;74.24
2024-09-25;841;9607;4;36.04
2024-09-25;841;5345;4;22.44
2024-09-25;841;58701;3;136.17
2024-09-25;841;20635;2;49.48
2024-09-25;841;31330;2;102.12
2024-09-25;1314;62364;1;34.49
2024-09-25;1314;57912;2;26.58
2024-09-25;1314;57814;2;301.66
2024-09-25;1314;57816;2;126.64
2024-09-25;1314;57817;2;182.68
2024-09-25;1314;51957;1;14.66
2024-09-25;1314;21141;8;254.32
2024-09-25;1314;15589;9;285.03
2024-09-25;1314;35416;5;76.7
2024-09-25;1314;35772;4;67.92
2024-09-25;1314;48813;4;35.92
2024-09-25;1314;48812;3;26.94
2024-09-25;1314;15590;1;41.56
2024-09-25;1314;76834;1;5.22
2024-09-25;1314;1439;5;94.85
2024-09-25;1314;18064;75;320.25
2024-09-25;1314;9607;15;215.55
2024-09-25;1314;36857;10;39.3
2024-09-25;1314;5345;11;98.89
2024-09-25;1314;20635;10;309.4
2024-09-25;1314;31330;2;135.42
2024-09-25;1314;13315;2;93.38
2024-09-25;1314;44217;3;129
2024-09-25;1314;58701;2;116.7
2024-07-01;841;57912;3;26.37
2024-07-01;841;57817;2;131.4
2024-07-01;841;57814;0;0
2024-07-01;841;57816;3;131.4
2024-07-01;841;15590;3;98.07
2024-07-01;841;35416;1;10.74
2024-07-01;841;42076;4;32.56
2024-07-01;841;48812;2;15.22
2024-07-01;841;48813;2;9.98
2024-07-01;841;51957;1;7.71
2024-07-01;841;55917;1;9.01
2024-07-01;841;62782;1;7.55
2024-07-01;841;21141;6;155.52
2024-07-01;841;15589;2;50.6
2024-07-01;841;35772;2;25.04
2024-07-01;841;1439;1;15.06
2024-07-01;841;18064;27;66.42
2024-07-01;841;9607;5;44
2024-07-01;841;5345;5;27.9
2024-07-01;841;36857;4;9.84
2024-07-01;841;31330;1;50.37
2024-07-01;841;20635;1;23.3
2024-07-01;841;58701;3;136.17
2024-09-19;1314;62364;1;34.49
2024-09-19;1314;57912;2;26.58
2024-09-19;1314;57814;2;301.66
2024-09-19;1314;57816;2;126.64
2024-09-19;1314;57817;2;182.68
2024-09-19;1314;51957;1;14.66
2024-09-19;1314;21141;8;254.32
2024-09-19;1314;15589;7;221.34
2024-09-19;1314;35416;5;76.7
2024-09-19;1314;35772;3;50.94
2024-09-19;1314;48813;3;26.94
2024-09-19;1314;48812;1;8.98
2024-09-19;1314;15590;2;83.12
2024-09-19;1314;76834;1;5.22
2024-09-19;1314;1439;5;94.85
2024-09-19;1314;18064;33;139.92
2024-09-19;1314;9607;15;215.55
2024-09-19;1314;36857;9;35.37
2024-09-19;1314;5345;9;80.82
2024-09-19;1314;20635;9;277.65
2024-09-19;1314;44217;3;129
2024-09-19;1314;31330;2;135.42
2024-09-19;1314;13315;2;93.38
2024-09-19;1314;58701;2;116.7
2024-09-14;841;57912;3;26.37
2024-09-14;841;57817;2;131.4
2024-09-14;841;57814;2;219
2024-09-14;841;57816;3;131.4
2024-09-14;841;15590;2;65.38
2024-09-14;841;35416;0;0
2024-09-14;841;48812;1;7.61
2024-09-14;841;51957;1;7.71
2024-09-14;841;62782;1;7.55
2024-09-14;841;35772;2;25.04
2024-09-14;841;42076;4;32.56
2024-09-14;841;21141;5;129.65
2024-09-14;841;15589;4;102.56
2024-09-14;841;48813;1;7.18
2024-09-14;841;55917;2;18.26
2024-09-14;841;76834;1;3.34
2024-09-14;841;18064;15;37.5
2024-09-14;841;9607;1;8.99
2024-09-14;841;36857;3;7.41
2024-09-14;841;5345;4;22.44
2024-09-14;841;1439;2;30.96
2024-09-14;841;58701;3;136.17
2024-09-14;841;20635;2;48.52
2024-09-14;841;31330;2;102.12
2024-09-14;1314;62364;1;34.49
2024-09-14;1314;57912;2;26.58
2024-09-14;1314;57814;2;301.66
2024-09-14;1314;57816;2;126.64
2024-09-14;1314;57817;2;182.68
2024-09-14;1314;51957;1;14.66
2024-09-14;1314;21141;7;222.53
2024-09-14;1314;15589;6;189.54
2024-09-14;1314;35416;5;76.7
2024-09-14;1314;35772;3;50.94
2024-09-14;1314;48813;4;35.92
2024-09-14;1314;48812;2;17.96
2024-09-14;1314;15590;2;83.12
2024-09-14;1314;76834;1;5.22
2024-09-14;1314;1439;4;75.88
2024-09-14;1314;18064;63;264.6
2024-09-14;1314;9607;11;157.96
2024-09-14;1314;36857;7;27.51
2024-09-14;1314;5345;9;80.82
2024-09-14;1314;20635;9;277.29
2024-09-14;1314;44217;3;129
2024-09-14;1314;31330;1;67.71
2024-09-14;1314;13315;2;93.38
2024-09-14;1314;58701;2;116.7
2024-04-19;1314;57912;2;26.16
2024-04-19;1314;57814;2;316.64
2024-04-19;1314;57816;2;126.64
2024-04-19;1314;15590;1;40.45
2024-04-19;1314;51957;3;37.68
2024-04-19;1314;48812;1;9.92
2024-04-19;1314;15589;2;59.24
2024-04-19;1314;21141;3;91.35
2024-04-19;1314;35416;5;74.45
2024-04-19;1314;48813;3;24.99
2024-04-19;841;57912;4;35.16
2024-04-19;841;57814;0;0
2024-04-19;841;57816;0;0
2024-04-19;841;42076;5;40.7
2024-04-19;841;48813;3;14.97
2024-04-19;841;51957;2;11.78
2024-04-19;841;55917;1;9.01
2024-04-19;841;62782;1;7.55
2024-04-19;841;35772;3;35.79
2024-04-19;841;35416;1;10.74
2024-04-19;841;15590;3;98.07
2024-04-19;841;48812;1;8.4
2024-04-19;841;15589;2;48.04
2024-04-19;841;21141;4;98.96
2024-04-19;841;1439;1;14.9
2024-04-19;841;36857;3;7.23
2024-04-19;841;18064;16;36.96
2024-04-19;841;9607;2;16.88
2024-04-19;841;5345;3;15.69
2024-06-20;841;57912;4;35.16
2024-06-20;841;57817;2;131.4
2024-06-20;841;57814;2;219
2024-06-20;841;57816;4;175.2
2024-06-20;841;35416;1;10.74
2024-06-20;841;42076;4;32.56
2024-06-20;841;15590;3;98.07
2024-06-20;841;35772;3;37.56
2024-06-20;841;48813;2;9.98
2024-06-20;841;51957;1;7.71
2024-06-20;841;55917;1;9.01
2024-06-20;841;62782;1;7.55
2024-06-20;841;21141;2;51.78
2024-06-20;841;15589;2;50.54
2024-06-20;841;48812;2;15.22
2024-06-20;841;1439;1;15.06
2024-06-20;841;18064;28;68.32
2024-06-20;841;9607;3;26.28
2024-06-20;841;5345;5;27.9
2024-06-20;841;36857;1;2.41
2024-06-20;841;20635;1;23.3
2024-06-20;841;31330;1;50.37
2024-06-20;841;58701;3;136.17
2024-06-20;1314;57912;1;13.29
2024-06-20;1314;57814;2;301.66
2024-06-20;1314;57816;2;126.64
2024-06-20;1314;57817;2;182.68
2024-06-20;1314;51957;1;14.66
2024-06-20;1314;15589;3;92.97
2024-06-20;1314;21141;3;95.25
2024-06-20;1314;35416;1;15.1
2024-06-20;1314;35772;3;50.94
2024-06-20;1314;48813;0;0
2024-06-20;1314;15590;1;40.85
2024-06-20;1314;48812;0;0
2024-06-20;1314;18064;33;136.29
2024-06-20;1314;9607;12;169.44
2024-06-20;1314;1439;5;93
2024-06-20;1314;36857;1;3.85
2024-06-20;1314;5345;6;52.08
2024-06-20;1314;58701;1;56.56
2024-06-20;1314;20635;8;233.92
2024-06-20;1314;13315;4;188.04
2024-06-20;1314;31330;3;199.38
2024-06-20;1314;44217;2;86.4
2024-08-16;841;57912;3;26.37
2024-08-16;841;57817;2;131.4
2024-08-16;841;57814;0;0
2024-08-16;841;57816;3;131.4
2024-08-16;841;15590;2;65.38
2024-08-16;841;35416;1;10.74
2024-08-16;841;48812;2;15.22
2024-08-16;841;51957;1;7.71
2024-08-16;841;62782;1;7.55
2024-08-16;841;35772;2;25.04
2024-08-16;841;42076;4;32.56
2024-08-16;841;21141;5;129.65
2024-08-16;841;15589;4;101.2
2024-08-16;841;48813;2;12.48
2024-08-16;841;55917;2;18.26
2024-08-16;841;76834;1;3.34
2024-08-16;841;18064;43;107.07
2024-08-16;841;9607;3;26.79
2024-08-16;841;36857;3;7.41
2024-08-16;841;5345;4;22.4
2024-08-16;841;1439;2;30.94
2024-08-16;841;58701;3;136.17
2024-08-16;841;20635;2;46.6
2024-08-16;841;31330;2;102.12
2024-08-01;1314;62364;1;34.49
2024-07-19;1314;62364;1;34.49
2024-08-10;1314;62364;1;34.49
2024-09-24;841;57912;1;8.79
2024-09-24;841;57817;2;131.4
2024-09-24;841;57814;2;219
2024-09-24;841;57816;3;131.4
2024-09-24;841;15590;2;65.38
2024-09-24;841;35772;2;25.04
2024-09-24;841;51957;1;7.71
2024-09-24;841;62782;1;7.55
2024-09-24;841;35416;1;11.13
2024-09-24;841;42076;4;32.56
2024-09-24;841;48812;1;7.61
2024-09-24;841;21141;5;129.65
2024-09-24;841;15589;4;102.56
2024-09-24;841;48813;2;14.68
2024-09-24;841;55917;2;18.26
2024-09-24;841;76834;1;3.34
2024-09-24;841;1439;2;30.96
2024-09-24;841;18064;19;48.45
2024-09-24;841;9607;3;27.03
2024-09-24;841;36857;3;7.41
2024-09-24;841;5345;4;22.44
2024-09-24;841;58701;3;136.17
2024-09-24;841;20635;2;49.48
2024-09-24;841;31330;2;102.12
2024-09-24;1314;62364;1;34.49
2024-09-24;1314;57912;2;26.58
2024-09-24;1314;57814;2;301.66
2024-09-24;1314;57816;2;126.64
2024-09-24;1314;57817;2;182.68
2024-09-24;1314;51957;1;14.66
2024-09-24;1314;21141;9;286.11
2024-09-24;1314;15589;9;285.03
2024-09-24;1314;35416;5;76.7
2024-09-24;1314;35772;3;50.94
2024-09-24;1314;48813;4;35.92
2024-09-24;1314;48812;3;26.94
2024-09-24;1314;15590;1;41.56
2024-09-24;1314;76834;1;5.22
2024-09-24;1314;1439;5;94.85
2024-09-24;1314;18064;81;345.87
2024-09-24;1314;9607;15;215.55
2024-09-24;1314;36857;11;43.23
2024-09-24;1314;5345;11;98.89
2024-09-24;1314;20635;10;309.4
2024-09-24;1314;31330;2;135.42
2024-09-24;1314;13315;2;93.38
2024-09-24;1314;44217;3;129
2024-09-24;1314;58701;2;116.7
2024-08-09;1314;62364;1;34.49
2024-07-22;1314;57912;1;13.29
2024-07-22;1314;57814;2;301.66
2024-07-22;1314;57816;2;126.64
2024-07-22;1314;57817;2;182.68
2024-07-22;1314;51957;1;14.66
2024-07-22;1314;21141;7;222.46
2024-07-22;1314;15589;5;154.95
2024-07-22;1314;35416;3;45.93
2024-07-22;1314;35772;2;33.96
2024-07-22;1314;48813;4;35.92
2024-07-22;1314;48812;3;26.94
2024-07-22;1314;15590;2;82.64
2024-07-22;1314;18064;22;92.4
2024-07-22;1314;9607;13;185.12
2024-07-22;1314;1439;5;94.6
2024-07-22;1314;36857;10;38.7
2024-07-22;1314;5345;7;62.51
2024-07-22;1314;20635;11;322.63
2024-07-22;1314;13315;2;94.02
2024-07-22;1314;44217;3;129.27
2024-07-22;1314;31330;2;132.92
2024-07-22;1314;58701;2;116.7
2024-07-30;1314;62364;1;34.49
2024-06-26;841;57912;3;26.37
2024-06-26;841;57817;2;131.4
2024-06-26;841;57814;1;109.5
2024-06-26;841;57816;4;175.2
2024-06-26;841;35416;1;10.74
2024-06-26;841;15590;3;98.07
2024-06-26;841;42076;4;32.56
2024-06-26;841;48812;2;15.22
2024-06-26;841;48813;2;9.98
2024-06-26;841;51957;1;7.71
2024-06-26;841;55917;1;9.01
2024-06-26;841;62782;1;7.55
2024-06-26;841;21141;6;155.52
2024-06-26;841;15589;3;75.87
2024-06-26;841;35772;2;25.04
2024-06-26;841;1439;1;15.06
2024-06-26;841;18064;21;51.24
2024-06-26;841;9607;3;26.34
2024-06-26;841;5345;1;5.58
2024-06-26;841;36857;4;9.84
2024-06-26;841;31330;1;50.37
2024-06-26;841;20635;1;23.3
2024-06-26;841;58701;3;136.17
2024-08-13;1314;62364;1;34.49
2024-08-03;841;57912;3;26.37
2024-08-03;841;57817;2;131.4
2024-08-03;841;57814;2;219
2024-08-03;841;57816;3;131.4
2024-08-03;841;15590;2;65.38
2024-08-03;841;35416;1;10.74
2024-08-03;841;62782;1;7.55
2024-08-03;841;35772;2;25.04
2024-08-03;841;42076;4;32.56
2024-08-03;841;48812;2;15.22
2024-08-03;841;51957;1;7.71
2024-08-03;841;21141;4;103.68
2024-08-03;841;15589;4;101.2
2024-08-03;841;48813;2;12.48
2024-08-03;841;55917;2;18.26
2024-08-03;841;18064;40;99.6
2024-08-03;841;9607;4;35.56
2024-08-03;841;36857;3;7.41
2024-08-03;841;5345;4;22.36
2024-08-03;841;1439;1;15.45
2024-08-03;841;20635;2;46.6
2024-08-03;841;31330;2;102.12
2024-08-03;841;58701;3;136.17
2024-04-18;841;31330;1;50.71
2024-04-18;841;20635;1;23.33
2024-04-18;841;58701;2;90.5
2024-04-18;1314;18064;114;457.14
2024-04-18;1314;9607;13;179.66
2024-04-18;1314;1439;6;109.14
2024-04-18;1314;36857;7;26.67
2024-04-18;1314;5345;9;76.77
2024-04-18;1314;44217;0;0
2024-04-18;1314;58701;0;0
2024-04-18;1314;20635;4;123.68
2024-04-18;1314;13315;2;93.92
2024-04-18;1314;31330;3;203.43
2024-03-15;841;5345;4;20.88
2024-03-15;841;36857;3;7.11
2024-03-15;841;31330;1;50.71
2024-03-15;841;58701;2;90.5
2024-03-15;841;20635;1;23.33
2024-03-15;1314;51957;3;37.68
2024-03-15;1314;48813;2;15.68
2024-03-15;1314;15589;7;206.15
2024-03-15;1314;21141;4;121.8
2024-03-15;1314;35416;3;44.67
2024-03-15;1314;18064;80;311.2
2024-03-15;1314;9607;9;122.04
2024-03-15;1314;1439;2;36.48
2024-03-15;1314;36857;4;15.04
2024-03-15;1314;5345;7;59.15
2024-03-15;1314;58701;1;56.35
2024-03-15;1314;31330;4;271.24
2024-03-15;1314;44217;2;83.56
2024-03-15;1314;20635;3;92.67
2024-03-15;1314;13315;3;139.77
2024-03-09;1314;57912;2;26.16
2024-03-09;1314;57816;2;126.64
2024-03-09;1314;57814;2;316.64
2024-02-29;841;31330;1;50.71
2024-02-29;841;58701;1;45.25
2024-02-29;841;20635;1;23.33
2024-04-30;1314;57912;2;26.16
2024-04-30;1314;57814;2;316.64
2024-04-30;1314;57816;2;126.64
2024-04-30;1314;15590;1;40.85
2024-04-30;1314;51957;3;37.68
2024-04-30;1314;48812;0;0
2024-04-30;1314;15589;1;29.62
2024-04-30;1314;21141;2;61.1
2024-04-30;1314;35416;4;59.76
2024-04-30;1314;48813;2;16.94
2024-04-30;1314;18064;91;366.73
2024-04-30;1314;9607;18;249.12
2024-04-30;1314;1439;4;73.6
2024-04-30;1314;36857;6;22.86
2024-04-30;1314;5345;9;76.86
2024-04-30;1314;44217;0;0
2024-04-30;1314;58701;1;56.56
2024-04-30;1314;20635;4;119.96
2024-04-30;1314;13315;5;235.05
2024-04-30;1314;31330;3;203.43
2024-08-15;1314;62364;1;34.49
2024-02-29;1314;57912;2;26.16
2024-02-29;1314;57816;2;126.64
2024-02-29;1314;57814;2;316.64
2024-02-29;1314;15590;1;40.45
2024-02-29;1314;48812;4;39.68
2024-02-29;1314;48813;3;23.52
2024-02-29;1314;15589;6;176.7
2024-02-29;1314;21141;4;121.92
2024-02-29;1314;35416;6;89.34
2024-02-29;1314;51957;3;37.68
2024-08-21;841;57912;3;26.37
2024-08-21;841;57817;2;131.4
2024-08-21;841;57814;2;219
2024-08-21;841;57816;3;131.4
2024-08-21;841;15590;2;65.38
2024-08-21;841;35416;1;10.74
2024-08-21;841;48812;2;15.22
2024-08-21;841;51957;1;7.71
2024-08-21;841;62782;1;7.55
2024-08-21;841;35772;2;25.04
2024-08-21;841;42076;4;32.56
2024-08-21;841;21141;7;181.51
2024-08-21;841;15589;4;101.2
2024-08-21;841;48813;2;12.48
2024-08-21;841;55917;2;18.26
2024-08-21;841;76834;1;3.34
2024-08-21;841;18064;47;117.03
2024-08-21;841;9607;2;17.86
2024-08-21;841;36857;3;7.41
2024-08-21;841;5345;4;22.4
2024-08-21;841;1439;2;30.94
2024-08-21;841;58701;3;136.17
2024-08-21;841;20635;2;46.6
2024-08-21;841;31330;2;102.12
2024-04-02;1314;57912;2;26.16
2024-04-02;1314;57816;2;126.64
2024-04-02;1314;57814;2;316.64
2024-04-02;1314;15590;1;40.45
2024-04-02;1314;48812;1;9.92
2024-04-02;1314;51957;3;37.68
2024-04-02;1314;15589;5;147.2
2024-04-02;1314;21141;2;60.8
2024-04-02;1314;35416;7;104.23
2024-04-02;1314;48813;3;24.15
2024-07-24;841;57912;3;26.37
2024-07-24;841;57817;2;131.4
2024-07-24;841;57814;2;219
2024-07-24;841;57816;3;131.4
2024-07-24;841;15590;3;98.07
2024-07-24;841;35416;1;10.74
2024-07-24;841;62782;1;7.55
2024-07-24;841;35772;2;25.04
2024-07-24;841;42076;4;32.56
2024-07-24;841;48812;2;15.22
2024-07-24;841;51957;1;7.71
2024-07-24;841;21141;6;155.52
2024-07-24;841;15589;4;101.2
2024-07-24;841;48813;1;4.99
2024-07-24;841;55917;1;9.13
2024-07-24;841;1439;1;15.06
2024-07-24;841;18064;14;34.86
2024-07-24;841;9607;3;26.61
2024-07-24;841;5345;4;22.36
2024-07-24;841;36857;4;9.88
2024-07-24;841;20635;2;46.6
2024-07-24;841;31330;2;102.12
2024-07-24;841;58701;3;136.17
2024-05-08;1314;57912;2;26.16
2024-05-08;1314;57814;0;0
2024-05-08;1314;57816;2;126.64
2024-05-08;1314;51957;1;12.56
2024-05-08;1314;15590;1;40.85
2024-05-08;1314;48812;1;9.02
2024-05-08;1314;15589;5;154.95
2024-05-08;1314;21141;3;91.83
2024-05-08;1314;35416;4;59.76
2024-05-08;1314;48813;4;34.44
2024-05-08;1314;18064;94;379.76
2024-05-08;1314;9607;13;179.92
2024-05-08;1314;1439;4;73.96
2024-05-08;1314;36857;7;26.74
2024-05-08;1314;5345;6;51.24
2024-05-08;1314;58701;0;0
2024-05-08;1314;20635;12;353.52
2024-05-08;1314;13315;5;235.05
2024-05-08;1314;31330;3;203.43
2024-05-08;1314;44217;0;0
2024-09-18;1314;62364;1;34.49
2024-09-18;1314;57912;2;26.58
2024-09-18;1314;57814;2;301.66
2024-09-18;1314;57816;2;126.64
2024-09-18;1314;57817;2;182.68
2024-09-18;1314;51957;1;14.66
2024-09-18;1314;21141;8;254.32
2024-09-18;1314;15589;7;221.34
2024-09-18;1314;35416;5;76.7
2024-09-18;1314;35772;4;67.92
2024-09-18;1314;48813;3;26.94
2024-09-18;1314;48812;1;8.98
2024-09-18;1314;15590;2;83.12
2024-09-18;1314;76834;1;5.22
2024-09-18;1314;1439;5;94.85
2024-09-18;1314;18064;48;203.52
2024-09-18;1314;9607;15;215.55
2024-09-18;1314;36857;9;35.37
2024-09-18;1314;5345;9;80.82
2024-09-18;1314;20635;9;277.65
2024-09-18;1314;44217;3;129
2024-09-18;1314;31330;2;135.42
2024-09-18;1314;13315;2;93.38
2024-09-18;1314;58701;2;116.7
2024-08-22;1314;62364;1;34.49
2024-08-22;1314;57912;2;26.58
2024-08-22;1314;57814;2;301.66
2024-08-22;1314;57816;2;126.64
2024-08-22;1314;57817;2;182.68
2024-08-22;1314;51957;1;14.66
2024-08-22;1314;21141;7;222.53
2024-08-22;1314;15589;8;247.92
2024-08-22;1314;35416;5;76.7
2024-08-22;1314;35772;4;67.92
2024-08-22;1314;48813;2;17.96
2024-08-22;1314;48812;2;17.96
2024-08-22;1314;15590;2;83.12
2024-08-22;1314;76834;1;5.22
2024-08-22;1314;18064;17;71.4
2024-08-22;1314;9607;11;157.3
2024-08-22;1314;36857;6;23.52
2024-08-22;1314;1439;4;75.76
2024-08-22;1314;5345;12;107.76
2024-08-22;1314;20635;10;299.6
2024-08-22;1314;44217;2;86.12
2024-08-22;1314;31330;0;0
2024-08-22;1314;13315;2;93.7
2024-08-22;1314;58701;2;116.7
2024-08-22;841;57912;3;26.37
2024-08-22;841;57817;2;131.4
2024-08-22;841;57814;2;219
2024-08-22;841;57816;3;131.4
2024-08-22;841;15590;2;65.38
2024-08-22;841;35416;1;10.74
2024-08-22;841;48812;2;15.22
2024-08-22;841;51957;1;7.71
2024-08-22;841;62782;1;7.55
2024-08-22;841;35772;2;25.04
2024-08-22;841;42076;4;32.56
2024-08-22;841;21141;6;155.58
2024-08-22;841;15589;4;101.2
2024-08-22;841;48813;2;12.48
2024-08-22;841;55917;2;18.26
2024-08-22;841;76834;1;3.34
2024-08-22;841;18064;45;112.05
2024-08-22;841;9607;0;0
2024-08-22;841;36857;3;7.41
2024-08-22;841;5345;4;22.4
2024-08-22;841;1439;2;30.94
2024-08-22;841;58701;3;136.17
2024-08-22;841;20635;2;46.6
2024-08-22;841;31330;2;102.12
2024-09-09;1314;62364;1;34.49
2024-09-09;1314;57912;2;26.58
2024-09-09;1314;57814;2;301.66
2024-09-09;1314;57816;2;126.64
2024-09-09;1314;57817;2;182.68
2024-09-09;1314;51957;1;14.66
2024-09-09;1314;21141;7;222.53
2024-09-09;1314;15589;8;252.24
2024-09-09;1314;35416;5;76.7
2024-09-09;1314;35772;2;33.96
2024-09-09;1314;48813;2;17.96
2024-09-09;1314;48812;2;17.96
2024-09-09;1314;15590;2;83.12
2024-09-09;1314;76834;1;5.22
2024-09-09;1314;1439;6;113.82
2024-09-09;1314;18064;36;151.2
2024-09-09;1314;9607;9;128.79
2024-09-09;1314;36857;7;27.51
2024-09-09;1314;5345;11;98.78
2024-09-09;1314;20635;9;276.12
2024-09-09;1314;44217;3;129
2024-09-09;1314;31330;2;135.42
2024-09-09;1314;13315;2;93.38
2024-09-09;1314;58701;2;116.7
2024-08-26;1314;62364;1;34.49
2024-08-26;1314;57912;2;26.58
2024-08-26;1314;57814;2;301.66
2024-08-26;1314;57816;2;126.64
2024-08-26;1314;57817;2;182.68
2024-08-26;1314;51957;1;14.66
2024-08-26;1314;21141;5;158.95
2024-08-26;1314;15589;5;155.2
2024-08-26;1314;35416;5;76.7
2024-08-26;1314;35772;4;67.92
2024-08-26;1314;48813;3;26.94
2024-08-26;1314;48812;3;26.94
2024-08-26;1314;15590;2;83.12
2024-08-26;1314;76834;1;5.22
2024-08-26;1314;18064;61;256.2
2024-08-26;1314;9607;13;185.9
2024-08-26;1314;36857;11;43.23
2024-08-26;1314;1439;3;56.85
2024-08-26;1314;5345;11;98.78
2024-08-26;1314;20635;9;270.9
2024-08-26;1314;44217;1;43.06
2024-08-26;1314;31330;2;135.42
2024-08-26;1314;13315;2;93.7
2024-08-26;1314;58701;2;116.7
2024-08-12;841;57912;3;26.37
2024-08-12;841;57817;2;131.4
2024-08-12;841;57814;2;219
2024-08-12;841;57816;3;131.4
2024-08-12;841;15590;2;65.38
2024-08-12;841;35416;1;10.74
2024-08-12;841;48812;2;15.22
2024-08-12;841;51957;1;7.71
2024-08-12;841;62782;1;7.55
2024-08-12;841;35772;2;25.04
2024-08-12;841;42076;4;32.56
2024-08-12;841;21141;2;51.84
2024-08-12;841;15589;4;101.2
2024-08-12;841;48813;2;12.48
2024-08-12;841;55917;2;18.26
2024-08-12;841;18064;34;84.66
2024-08-12;841;9607;3;26.76
2024-08-12;841;36857;3;7.41
2024-08-12;841;5345;3;16.77
2024-08-12;841;1439;2;30.94
2024-08-12;841;58701;3;136.17
2024-08-12;841;20635;2;46.6
2024-08-12;841;31330;2;102.12
2024-08-12;1314;57912;2;26.58
2024-08-12;1314;57814;2;301.66
2024-08-12;1314;57816;2;126.64
2024-08-12;1314;57817;2;182.68
2024-08-12;1314;51957;1;14.66
2024-08-12;1314;21141;0;0
2024-08-12;1314;15589;8;247.92
2024-08-12;1314;35416;4;61.36
2024-08-12;1314;35772;3;50.94
2024-08-12;1314;48813;2;17.96
2024-08-12;1314;48812;3;26.94
2024-08-12;1314;15590;2;83.12
2024-08-12;1314;18064;20;84
2024-08-12;1314;9607;11;157.08
2024-08-12;1314;36857;6;23.52
2024-08-12;1314;1439;4;75.76
2024-08-12;1314;5345;14;125.72
2024-08-12;1314;20635;8;234.72
2024-08-12;1314;44217;3;129.18
2024-08-12;1314;31330;2;132.92
2024-08-12;1314;13315;2;93.7
2024-08-12;1314;58701;2;116.7
2024-06-13;841;57912;4;35.16
2024-06-13;841;57817;0;0
2024-06-13;841;57814;2;219
2024-06-13;841;57816;2;87.6
2024-06-13;841;35416;1;10.74
2024-06-13;841;42076;4;32.56
2024-06-13;841;15590;3;98.07
2024-06-13;841;35772;3;37.56
2024-06-13;841;48813;2;9.98
2024-06-13;841;51957;1;7.71
2024-06-13;841;55917;1;9.01
2024-06-13;841;62782;1;7.55
2024-06-13;841;21141;6;155.34
2024-06-13;841;15589;3;75.75
2024-06-13;841;48812;2;15.22
2024-06-13;841;36857;1;2.41
2024-06-13;841;1439;1;15.06
2024-06-13;841;18064;25;58.75
2024-06-13;841;9607;4;34.8
2024-06-13;841;5345;1;5.26
2024-06-13;841;31330;1;50.37
2024-06-13;841;20635;1;23.3
2024-06-13;841;58701;3;136.17
2024-09-23;841;57912;1;8.79
2024-09-23;841;57817;2;131.4
2024-09-23;841;57814;2;219
2024-09-23;841;57816;3;131.4
2024-09-23;841;15590;2;65.38
2024-09-23;841;35772;2;25.04
2024-09-23;841;51957;1;7.71
2024-09-23;841;62782;1;7.55
2024-09-23;841;35416;1;11.13
2024-09-23;841;42076;4;32.56
2024-09-23;841;48812;1;7.61
2024-09-23;841;21141;5;129.65
2024-09-23;841;15589;4;102.56
2024-09-23;841;48813;2;14.68
2024-09-23;841;55917;2;18.26
2024-09-23;841;76834;1;3.34
2024-09-23;841;1439;2;30.96
2024-09-23;841;18064;20;51
2024-09-23;841;9607;3;27.03
2024-09-23;841;36857;3;7.41
2024-09-23;841;5345;4;22.44
2024-09-23;841;58701;3;136.17
2024-09-23;841;20635;2;49.48
2024-09-23;841;31330;2;102.12
2024-08-10;841;57912;3;26.37
2024-08-10;841;57817;2;131.4
2024-08-10;841;57814;2;219
2024-08-10;841;57816;3;131.4
2024-08-10;841;15590;2;65.38
2024-08-10;841;35416;1;10.74
2024-08-10;841;48812;2;15.22
2024-08-10;841;51957;1;7.71
2024-08-10;841;62782;1;7.55
2024-08-10;841;35772;2;25.04
2024-08-10;841;42076;4;32.56
2024-08-10;841;21141;2;51.84
2024-08-10;841;15589;4;101.2
2024-08-10;841;48813;2;12.48
2024-08-10;841;55917;2;18.26
2024-08-10;841;18064;39;97.11
2024-08-10;841;9607;4;35.68
2024-08-10;841;36857;3;7.41
2024-08-10;841;5345;4;22.36
2024-08-10;841;1439;2;30.94
2024-08-10;841;58701;3;136.17
2024-08-10;841;20635;2;46.6
2024-08-10;841;31330;2;102.12
2024-08-10;1314;57912;2;26.58
2024-08-10;1314;57814;2;301.66
2024-08-10;1314;57816;2;126.64
2024-08-10;1314;57817;2;182.68
2024-08-10;1314;51957;1;14.66
2024-08-10;1314;21141;0;0
2024-08-10;1314;15589;9;278.91
2024-08-10;1314;35416;4;61.36
2024-08-10;1314;35772;3;50.94
2024-08-10;1314;48813;2;17.96
2024-08-10;1314;48812;3;26.94
2024-08-10;1314;15590;2;83.12
2024-08-10;1314;18064;44;184.8
2024-08-10;1314;9607;11;157.08
2024-08-10;1314;36857;6;23.52
2024-08-10;1314;1439;4;75.76
2024-08-10;1314;5345;14;125.72
2024-08-10;1314;20635;9;264.06
2024-08-10;1314;44217;3;129.18
2024-08-10;1314;31330;2;132.92
2024-08-10;1314;13315;3;140.55
2024-08-10;1314;58701;2;116.7
2024-09-02;841;57912;3;26.37
2024-09-02;841;57817;2;131.4
2024-09-02;841;57814;2;219
2024-09-02;841;57816;3;131.4
2024-09-02;841;15590;2;65.38
2024-09-02;841;35416;1;11.07
2024-09-02;841;48812;1;7.61
2024-09-02;841;51957;1;7.71
2024-09-02;841;62782;1;7.55
2024-09-02;841;35772;2;25.04
2024-09-02;841;42076;4;32.56
2024-09-02;841;21141;5;129.65
2024-09-02;841;15589;4;102.16
2024-09-02;841;48813;2;13.74
2024-09-02;841;55917;2;18.26
2024-09-02;841;76834;1;3.34
2024-09-02;841;18064;37;92.13
2024-09-02;841;9607;3;26.82
2024-09-02;841;36857;3;7.41
2024-09-02;841;5345;4;22.4
2024-09-02;841;1439;2;30.96
2024-09-02;841;58701;3;136.17
2024-09-02;841;20635;2;46.6
2024-09-02;841;31330;2;102.12
2024-08-28;841;57912;3;26.37
2024-08-28;841;57817;2;131.4
2024-08-28;841;57814;2;219
2024-08-28;841;57816;3;131.4
2024-08-28;841;15590;2;65.38
2024-08-28;841;35416;1;11.07
2024-08-28;841;48812;2;15.22
2024-08-28;841;51957;1;7.71
2024-08-28;841;62782;1;7.55
2024-08-28;841;35772;2;25.04
2024-08-28;841;42076;4;32.56
2024-08-28;841;21141;5;129.65
2024-08-28;841;15589;3;76.17
2024-08-28;841;48813;2;12.48
2024-08-28;841;55917;2;18.26
2024-08-28;841;76834;1;3.34
2024-08-28;841;18064;35;87.15
2024-08-28;841;9607;4;35.76
2024-08-28;841;36857;3;7.41
2024-08-28;841;5345;4;22.4
2024-08-28;841;1439;1;15.47
2024-08-28;841;58701;3;136.17
2024-08-28;841;20635;2;46.6
2024-08-28;841;31330;2;102.12
2024-08-28;1314;62364;1;34.49
2024-08-28;1314;57912;2;26.58
2024-08-28;1314;57814;1;150.83
2024-08-28;1314;57816;2;126.64
2024-08-28;1314;57817;2;182.68
2024-08-28;1314;51957;1;14.66
2024-08-28;1314;21141;5;158.95
2024-08-28;1314;15589;4;124.16
2024-08-28;1314;35416;5;76.7
2024-08-28;1314;35772;4;67.92
2024-08-28;1314;48813;4;35.92
2024-08-28;1314;48812;3;26.94
2024-08-28;1314;15590;2;83.12
2024-08-28;1314;76834;1;5.22
2024-08-28;1314;18064;40;168
2024-08-28;1314;9607;16;228.96
2024-08-28;1314;36857;11;43.23
2024-08-28;1314;1439;4;75.84
2024-08-28;1314;5345;11;98.78
2024-08-28;1314;20635;8;241.68
2024-08-28;1314;44217;2;86.04
2024-08-28;1314;31330;2;135.42
2024-08-28;1314;13315;2;93.7
2024-08-28;1314;58701;2;116.7
2024-09-04;1314;62364;1;34.49
2024-09-04;1314;57912;2;26.58
2024-09-04;1314;57814;2;301.66
2024-09-04;1314;57816;2;126.64
2024-09-04;1314;57817;2;182.68
2024-09-04;1314;51957;1;14.66
2024-09-04;1314;21141;7;222.53
2024-09-04;1314;15589;6;187.92
2024-09-04;1314;35416;5;76.7
2024-09-04;1314;35772;3;50.94
2024-09-04;1314;48813;3;26.94
2024-09-04;1314;48812;3;26.94
2024-09-04;1314;15590;2;83.12
2024-09-04;1314;76834;1;5.22
2024-09-04;1314;1439;6;113.82
2024-09-04;1314;18064;60;252
2024-09-04;1314;9607;13;186.03
2024-09-04;1314;36857;10;39.3
2024-09-04;1314;5345;10;89.8
2024-09-04;1314;20635;10;305.7
2024-09-04;1314;44217;2;86.02
2024-09-04;1314;31330;2;135.42
2024-09-04;1314;13315;1;46.85
2024-09-04;1314;58701;2;116.7
2024-08-06;841;57912;3;26.37
2024-08-06;841;57817;2;131.4
2024-08-06;841;57814;2;219
2024-08-06;841;57816;3;131.4
2024-08-06;841;15590;2;65.38
2024-08-06;841;35416;1;10.74
2024-08-06;841;51957;1;7.71
2024-08-06;841;62782;1;7.55
2024-08-06;841;35772;2;25.04
2024-08-06;841;42076;4;32.56
2024-08-06;841;48812;2;15.22
2024-08-06;841;21141;2;51.84
2024-08-06;841;15589;4;101.2
2024-08-06;841;48813;2;12.48
2024-08-06;841;55917;2;18.26
2024-08-06;841;18064;40;99.6
2024-08-06;841;9607;2;17.78
2024-08-06;841;36857;3;7.41
2024-08-06;841;5345;4;22.36
2024-08-06;841;1439;1;15.45
2024-08-06;841;20635;2;46.6
2024-08-06;841;31330;2;102.12
2024-08-06;841;58701;3;136.17
2024-07-03;841;57912;3;26.37
2024-07-03;841;57817;1;65.7
2024-07-03;841;57814;2;219
2024-07-03;841;57816;3;131.4
2024-07-03;841;15590;3;98.07
2024-07-03;841;35416;1;10.74
2024-07-03;841;42076;4;32.56
2024-07-03;841;48812;2;15.22
2024-07-03;841;48813;2;9.98
2024-07-03;841;51957;1;7.71
2024-07-03;841;55917;1;9.01
2024-07-03;841;62782;1;7.55
2024-07-03;841;21141;6;155.52
2024-07-03;841;15589;4;101.2
2024-07-03;841;35772;2;25.04
2024-07-03;841;1439;1;15.06
2024-07-03;841;18064;21;51.66
2024-07-03;841;9607;4;35.2
2024-07-03;841;5345;5;27.9
2024-07-03;841;36857;4;9.84
2024-07-03;841;31330;1;50.37
2024-07-03;841;20635;2;46.6
2024-07-03;841;58701;3;136.17
2024-08-23;841;57912;3;26.37
2024-08-23;841;57817;2;131.4
2024-08-23;841;57814;2;219
2024-08-23;841;57816;3;131.4
2024-08-23;841;15590;2;65.38
2024-08-23;841;35416;0;0
2024-08-23;841;48812;2;15.22
2024-08-23;841;51957;1;7.71
2024-08-23;841;62782;1;7.55
2024-08-23;841;35772;2;25.04
2024-08-23;841;42076;4;32.56
2024-08-23;841;21141;5;129.65
2024-08-23;841;15589;3;75.9
2024-08-23;841;48813;2;12.48
2024-08-23;841;55917;2;18.26
2024-08-23;841;76834;1;3.34
2024-08-23;841;18064;42;104.58
2024-08-23;841;9607;2;17.88
2024-08-23;841;36857;3;7.41
2024-08-23;841;5345;4;22.4
2024-08-23;841;1439;2;30.94
2024-08-23;841;58701;3;136.17
2024-08-23;841;20635;2;46.6
2024-08-23;841;31330;2;102.12
2024-07-01;1314;57912;1;13.29
2024-07-01;1314;57814;2;301.66
2024-07-01;1314;57816;2;126.64
2024-07-01;1314;57817;2;182.68
2024-07-01;1314;51957;1;14.66
2024-07-01;1314;15589;7;216.93
2024-07-01;1314;21141;6;190.68
2024-07-01;1314;35416;4;60.64
2024-07-01;1314;35772;3;50.94
2024-07-01;1314;48812;3;26.94
2024-07-01;1314;48813;4;35.92
2024-07-01;1314;15590;2;82.64
2024-07-01;1314;18064;0;0
2024-07-01;1314;9607;12;169.92
2024-07-01;1314;1439;0;0
2024-07-01;1314;36857;1;3.87
2024-07-01;1314;5345;5;44
2024-07-01;1314;20635;6;175.74
2024-07-01;1314;13315;4;188.04
2024-07-01;1314;31330;3;199.38
2024-07-01;1314;44217;2;86.4
2024-07-01;1314;58701;1;56.56
2024-07-31;1314;62364;1;34.49
2024-08-06;1314;62364;1;34.49
