date;location;product;type;quantity;value;partner_code
2023-01-01;1314;15589;SALE;-1;-31.46;CLIENTE
2023-01-01;1314;18064;SALE;-6;-23.34;CLIENTE
2023-01-02;1314;1439;SALE;-5;-90.4;CLIENTE
2023-01-02;1314;9607;SALE;-1;-12.86;CLIENTE
2023-01-02;1314;18064;SALE;-10;-38.9;CLIENTE
2023-01-03;841;18064;SALE;-2;-4.68;CLIENTE
2023-01-03;1314;1439;DELIVERY;1;18.4;CD 2
2023-01-03;1314;9607;DELIVERY;3;38.61;CD 2
2023-01-03;1314;9607;SALE;-4;-51.48;CLIENTE
2023-01-03;1314;18064;DELIVERY;28;108.92;CD 2
2023-01-03;1314;18064;SALE;-3;-11.67;CLIENTE
2023-01-04;841;15589;SALE;-1;-25.58;CLIENTE
2023-01-04;1314;18064;ADJUSTMENT;-3;-11.67;OUTROS
2023-01-04;1314;18064;SALE;-2;-7.78;CLIENTE
2023-01-05;841;18064;DELIVERY;4;9.36;CD 2
2023-01-05;1314;18064;DELIVERY;12;46.68;CD 2
2023-01-05;1314;18064;SALE;-1;-3.89;CLIENTE
2023-01-06;841;21141;SALE;-1;-25.98;CLIENTE
2023-01-06;1314;9607;DELIVERY;1;12.87;CD 2
2023-01-06;1314;18064;DELIVERY;5;19.45;CD 2
2023-01-06;1314;18064;SALE;-6;-23.34;CLIENTE
2023-01-06;1314;62364;SALE;-1;-31.12;CLIENTE
2023-01-07;841;15589;DELIVERY;1;26.01;CD 2
2023-01-07;841;18064;DELIVERY;2;4.68;CD 2
2023-01-07;1314;9607;DELIVERY;1;12.87;CD 2
2023-01-07;1314;9607;SALE;-1;-12.87;CLIENTE
2023-01-07;1314;18064;DELIVERY;31;120.59;CD 2
2023-01-07;1314;18064;SALE;-6;-23.34;CLIENTE
2023-01-08;1314;18064;DELIVERY;3;11.67;CD 2
2023-01-08;1314;18064;SALE;-10;-38.9;CLIENTE
2023-01-09;841;18064;SALE;-1;-2.34;CLIENTE
2023-01-09;1314;1439;DELIVERY;5;92;CD 2
2023-01-09;1314;9607;SALE;-1;-12.87;CLIENTE
2023-01-09;1314;15589;DELIVERY;1;31.69;CD 2
2023-01-09;1314;18064;DELIVERY;9;35.01;CD 2
2023-01-09;1314;18064;SALE;-8;-31.12;CLIENTE
2023-01-10;1314;9607;DELIVERY;2;25.74;CD 2
2023-01-10;1314;18064;DELIVERY;9;35.01;CD 2
2023-01-10;1314;18064;SALE;-5;-19.45;CLIENTE
2023-01-10;1314;20635;DELIVERY;1;30.12;CD 2
2023-01-10;1314;21141;SALE;-1;-31.14;CLIENTE
2023-01-11;841;15589;DELIVERY;1;26.15;CD 2
2023-01-11;1314;18064;SALE;-1;-3.89;CLIENTE
2023-01-11;1314;36857;SALE;-1;-3.54;CLIENTE
2023-01-12;841;15589;SALE;-1;-26.15;CLIENTE
2023-01-12;1314;9607;DELIVERY;1;12.87;CD 2
2023-01-12;1314;18064;DELIVERY;2;7.78;CD 2
2023-01-12;1314;18064;SALE;-6;-23.34;CLIENTE
2023-01-12;1314;36857;SALE;-1;-3.54;CLIENTE
2023-01-12;1314;54554;DELIVERY;1;30.79;OUTROS
2023-01-12;1314;54554;SALE;-1;-30.79;CLIENTE
2023-01-13;841;18064;DELIVERY;1;2.34;CD 2
2023-01-13;841;18064;SALE;-1;-2.34;CLIENTE
2023-01-13;841;21141;DELIVERY;1;25.98;CD 2
2023-01-13;1314;9607;DELIVERY;4;51.48;CD 2
2023-01-13;1314;18064;DELIVERY;10;38.9;CD 2
2023-01-13;1314;18064;SALE;-1;-3.89;CLIENTE
2023-01-14;841;5345;SALE;-1;-4.99;CLIENTE
2023-01-14;841;9607;SALE;-1;-8;CLIENTE
2023-01-14;841;18064;SALE;-3;-7.02;CLIENTE
2023-01-14;1314;18064;SALE;-11;-42.79;CLIENTE
2023-01-15;841;18064;SALE;-1;-2.34;CLIENTE
2023-01-15;1314;18064;SALE;-3;-11.67;CLIENTE
2023-01-16;1314;9607;DELIVERY;2;25.74;CD 2
2023-01-16;1314;18064;DELIVERY;24;93.36;CD 2
2023-01-16;1314;18064;SALE;-3;-11.67;CLIENTE
2023-01-17;1314;15589;SALE;-1;-31.69;CLIENTE
2023-01-17;1314;18064;DELIVERY;3;11.67;CD 2
2023-01-17;1314;18064;SALE;-9;-35.01;CLIENTE
2023-01-18;841;5345;SALE;-1;-4.99;CLIENTE
2023-01-18;841;9607;SALE;-1;-8;CLIENTE
2023-01-18;841;18064;SALE;-7;-16.38;CLIENTE
2023-01-18;1314;9607;SALE;-2;-25.74;CLIENTE
2023-01-18;1314;18064;DELIVERY;7;27.23;CD 2
2023-01-18;1314;18064;SALE;-5;-19.45;CLIENTE
2023-01-18;1314;21141;DELIVERY;1;31.14;CD 2
2023-01-19;841;18064;SALE;-1;-2.34;CLIENTE
2023-01-19;1314;18064;SALE;-6;-23.34;CLIENTE
2023-01-20;841;5345;DELIVERY;1;4.99;CD 2
2023-01-20;841;18064;SALE;-5;-11.7;CLIENTE
2023-01-20;841;21141;SALE;-1;-25.98;CLIENTE
2023-01-20;1314;9607;SALE;-1;-12.87;CLIENTE
2023-01-20;1314;18064;SALE;-8;-31.12;CLIENTE
2023-01-21;1314;18064;SALE;-9;-35.01;CLIENTE
2023-01-22;1314;18064;SALE;-7;-27.23;CLIENTE
2023-01-22;1314;57912;SALE;-1;-12.68;CLIENTE
2023-01-23;1314;1439;SALE;-1;-18.4;CLIENTE
2023-01-23;1314;9607;SALE;-1;-12.87;CLIENTE
2023-01-23;1314;18064;DELIVERY;21;81.69;CD 2
2023-01-23;1314;18064;SALE;-17;-66.13;CLIENTE
2023-01-24;841;9607;SALE;-1;-8;CLIENTE
2023-01-24;841;18064;SALE;-2;-4.68;CLIENTE
2023-01-24;1314;18064;SALE;-5;-19.45;CLIENTE
2023-01-25;1314;18064;SALE;-5;-19.45;CLIENTE
2023-01-26;841;18064;SALE;-1;-2.34;CLIENTE
2023-01-26;1314;9607;SALE;-2;-25.74;CLIENTE
2023-01-27;841;5345;DELIVERY;3;14.97;CD 2
2023-01-27;841;18064;DELIVERY;5;11.7;CD 2
2023-01-27;841;18064;SALE;-3;-7.02;CLIENTE
2023-01-27;841;51957;SALE;-1;-5.89;CLIENTE
2023-01-27;1314;9607;SALE;-1;-12.87;CLIENTE
2023-01-27;1314;18064;SALE;-5;-19.45;CLIENTE
2023-01-28;841;18064;SALE;-3;-7.02;CLIENTE
2023-01-28;841;36857;SALE;-1;-2.27;CLIENTE
2023-01-28;1314;1439;SALE;-1;-18.4;CLIENTE
2023-01-28;1314;18064;SALE;-10;-38.9;CLIENTE
2023-01-29;841;18064;SALE;-3;-7.02;CLIENTE
2023-01-29;841;20635;SALE;-1;-23.09;CLIENTE
2023-01-29;1314;18064;SALE;-13;-50.57;CLIENTE
2023-01-29;1314;21141;SALE;-1;-31.14;CLIENTE
2023-01-30;841;9607;SALE;-1;-8;CLIENTE
2023-01-30;1314;18064;DELIVERY;3;11.67;CD 2
2023-01-30;1314;18064;SALE;-4;-15.56;CLIENTE
2023-01-30;1314;36857;SALE;-1;-3.54;CLIENTE
2023-01-30;1314;62782;DELIVERY;1;13.61;CD 2
2023-01-31;841;18064;DELIVERY;5;11.7;CD 2
2023-01-31;841;21141;DELIVERY;1;24.43;CD 2
2023-01-31;1314;1439;SALE;-1;-18.4;CLIENTE
2023-01-31;1314;9607;DELIVERY;2;25.74;CD 2
2023-01-31;1314;18064;DELIVERY;20;77.8;CD 2
2023-01-31;1314;18064;SALE;-5;-19.45;CLIENTE
2024-02-01;841;5345;DELIVERY;4;20.84;CD 2
2024-02-01;841;15589;DELIVERY;2;48.1;CD 2
2024-02-01;841;18064;DELIVERY;5;11.25;CD 2
2024-02-01;841;18064;SALE;-5;-11.25;CLIENTE
2024-02-01;841;21141;DELIVERY;1;24.76;CD 2
2024-02-01;841;48812;DELIVERY;1;8.4;CD 2
2024-02-01;1314;9607;DELIVERY;2;27;CD 2
2024-02-01;1314;18064;DELIVERY;23;89.47;CD 2
2024-02-01;1314;18064;SALE;-6;-23.34;CLIENTE
2024-02-01;1314;20635;DELIVERY;1;30.89;CD 2
2024-02-02;841;5345;DELIVERY;1;5.21;CD 2
2024-02-02;841;21141;DELIVERY;1;24.76;CD 2
2024-02-02;1314;18064;DELIVERY;1;3.89;CD 2
2024-02-02;1314;18064;SALE;-6;-23.34;CLIENTE
2024-02-02;1314;20635;SALE;-1;-30.89;CLIENTE
2024-02-03;841;9607;SALE;-1;-8.27;CLIENTE
2024-02-03;841;15589;SALE;-1;-24.05;CLIENTE
2024-02-03;841;18064;DELIVERY;7;15.75;CD 2
2024-02-03;1314;9607;SALE;-1;-13.5;CLIENTE
2024-02-03;1314;18064;SALE;-7;-27.23;CLIENTE
2024-02-03;1314;35416;SALE;-2;-29.78;CLIENTE
2024-02-04;841;18064;SALE;-1;-2.25;CLIENTE
2024-02-04;1314;5345;SALE;-1;-8.39;CLIENTE
2024-02-04;1314;9607;SALE;-1;-13.5;CLIENTE
2024-02-04;1314;18064;SALE;-9;-35.01;CLIENTE
2024-02-04;1314;36857;SALE;-1;-3.75;CLIENTE
2024-02-05;841;18064;SALE;-1;-2.25;CLIENTE
2024-02-05;1314;9607;DELIVERY;1;13.5;CD 2
2024-02-05;1314;18064;DELIVERY;25;97.25;CD 2
2024-02-05;1314;18064;SALE;-8;-31.12;CLIENTE
2024-02-05;1314;20635;DELIVERY;1;30.89;CD 2
2024-02-05;1314;20635;SALE;-1;-30.89;CLIENTE
2024-02-06;841;18064;SALE;-2;-4.5;CLIENTE
2024-02-06;1314;1439;DELIVERY;2;36.58;CD 2
2024-02-06;1314;9607;DELIVERY;1;13.5;CD 2
2024-02-06;1314;9607;SALE;-1;-13.5;CLIENTE
2024-02-06;1314;13315;DELIVERY;1;46.59;CD 2
2024-02-06;1314;15589;SALE;-1;-29.48;CLIENTE
2024-02-06;1314;18064;DELIVERY;33;128.37;CD 2
2024-02-06;1314;18064;SALE;-11;-42.79;CLIENTE
2024-02-06;1314;20635;DELIVERY;1;30.89;CD 2
2024-02-07;841;18064;SALE;-8;-18;CLIENTE
2024-02-07;1314;9607;SALE;-3;-40.5;CLIENTE
2024-02-07;1314;18064;SALE;-6;-23.34;CLIENTE
2024-02-08;841;9607;DELIVERY;1;8.29;CD 2
2024-02-08;841;15589;DELIVERY;1;24.05;CD 2
2024-02-08;841;15589;SALE;-1;-24.05;CLIENTE
2024-02-08;841;18064;DELIVERY;1;2.25;CD 2
2024-02-08;841;57912;SALE;-1;-8.79;CLIENTE
2024-02-08;1314;18064;SALE;-9;-35.01;CLIENTE
2024-02-08;1314;20635;SALE;-1;-30.89;CLIENTE
2024-02-08;1314;21141;SALE;-1;-30.57;CLIENTE
2024-02-09;841;5345;SALE;-1;-5.21;CLIENTE
2024-02-09;841;18064;SALE;-6;-13.5;CLIENTE
2024-02-09;841;21141;SALE;-1;-24.76;CLIENTE
2024-02-09;1314;13315;SALE;-1;-46.59;CLIENTE
2024-02-09;1314;18064;DELIVERY;11;42.79;CD 2
2024-02-09;1314;18064;SALE;-12;-46.68;CLIENTE
2024-02-09;1314;20635;DELIVERY;1;30.89;CD 2
2024-02-10;841;18064;SALE;-1;-2.25;CLIENTE
2024-02-10;1314;18064;SALE;-9;-35.01;CLIENTE
2024-02-11;841;15589;DELIVERY;1;24.04;CD 2
2024-02-11;841;18064;DELIVERY;11;24.75;CD 2
2024-02-11;841;18064;SALE;-3;-6.75;CLIENTE
2024-02-11;841;21141;SALE;-1;-24.76;CLIENTE
2024-02-11;841;57912;DELIVERY;1;8.79;CD 2
2024-02-11;1314;1439;SALE;-1;-18.29;CLIENTE
2024-02-11;1314;13315;SALE;-2;-93.18;CLIENTE
2024-02-11;1314;18064;SALE;-17;-66.13;CLIENTE
2024-02-12;841;31330;SALE;-1;-51.5;CLIENTE
2024-02-12;1314;1439;SALE;-1;-18.29;CLIENTE
2024-02-12;1314;9607;DELIVERY;2;27.02;CD 2
2024-02-12;1314;9607;SALE;-2;-27.02;CLIENTE
2024-02-12;1314;18064;DELIVERY;24;93.36;CD 2
2024-02-12;1314;18064;SALE;-7;-27.23;CLIENTE
2024-02-12;1314;35416;DELIVERY;2;29.78;CD 2
2024-02-12;1314;36857;DELIVERY;1;3.75;CD 2
2024-02-13;841;15589;SALE;-1;-24.04;CLIENTE
2024-02-13;841;35416;SALE;-1;-10.74;CLIENTE
2024-02-13;1314;9607;DELIVERY;3;40.56;CD 2
2024-02-13;1314;9607;SALE;-1;-13.52;CLIENTE
2024-02-13;1314;18064;DELIVERY;16;62.24;CD 2
2024-02-13;1314;18064;SALE;-15;-58.35;CLIENTE
2024-02-13;1314;20635;DELIVERY;3;92.67;CD 2
2024-02-14;841;18064;SALE;-3;-6.75;CLIENTE
2024-02-14;841;21141;SALE;-1;-24.76;CLIENTE
2024-02-14;1314;18064;SALE;-3;-11.67;CLIENTE
2024-02-14;1314;20635;SALE;-1;-30.89;CLIENTE
2024-02-15;1314;9607;SALE;-2;-27.04;CLIENTE
2024-02-15;1314;15589;SALE;-2;-58.96;CLIENTE
2024-02-15;1314;18064;SALE;-6;-23.34;CLIENTE
2024-02-15;1314;21141;SALE;-1;-30.57;CLIENTE
2024-02-16;841;15589;DELIVERY;1;24.04;CD 2
2024-02-16;841;15589;SALE;-1;-24.04;CLIENTE
2024-02-16;841;18064;DELIVERY;10;22.5;CD 2
2024-02-16;841;21141;DELIVERY;2;49.52;CD 2
2024-02-16;841;21141;SALE;-1;-24.76;CLIENTE
2024-02-16;841;31330;DELIVERY;1;50.71;CD 2
2024-02-16;841;35416;DELIVERY;1;10.74;CD 2
2024-02-16;1314;9607;SALE;-1;-13.52;CLIENTE
2024-02-16;1314;18064;SALE;-6;-23.34;CLIENTE
2024-02-16;1314;20635;SALE;-1;-30.89;CLIENTE
2024-02-17;841;18064;DELIVERY;3;6.75;CD 2
2024-02-17;841;20635;SALE;-1;-23.33;CLIENTE
2024-02-17;841;21141;DELIVERY;2;49.52;CD 2
2024-02-17;1314;5345;SALE;-1;-8.39;CLIENTE
2024-02-17;1314;9607;SALE;-1;-13.52;CLIENTE
2024-02-17;1314;18064;SALE;-9;-35.01;CLIENTE
2024-02-17;1314;21141;SALE;-1;-30.57;CLIENTE
2024-02-18;841;9607;SALE;-1;-8.29;CLIENTE
2024-02-18;1314;5345;SALE;-1;-8.39;CLIENTE
2024-02-18;1314;18064;SALE;-16;-62.24;CLIENTE
2024-02-19;841;15589;SALE;-1;-24.04;CLIENTE
2024-02-19;841;18064;SALE;-2;-4.5;CLIENTE
2024-02-19;841;58701;SALE;-1;-42.86;CLIENTE
2024-02-19;1314;9607;DELIVERY;1;13.52;CD 2
2024-02-19;1314;13315;DELIVERY;1;46.59;CD 2
2024-02-19;1314;15589;SALE;-2;-58.96;CLIENTE
2024-02-19;1314;18064;DELIVERY;15;58.35;CD 2
2024-02-19;1314;18064;SALE;-9;-35.01;CLIENTE
2024-02-19;1314;20635;DELIVERY;1;30.89;CD 2
2024-02-19;1314;20635;SALE;-1;-30.89;CLIENTE
2024-02-19;1314;21141;DELIVERY;1;30.54;CD 2
2024-02-19;1314;35416;DELIVERY;2;29.78;CD 2
2024-02-20;841;18064;SALE;-1;-2.25;CLIENTE
2024-02-20;1314;5345;SALE;-1;-8.39;CLIENTE
2024-02-20;1314;18064;SALE;-4;-15.56;CLIENTE
2024-02-21;841;18064;SALE;-1;-2.25;CLIENTE
2024-02-21;1314;5345;SALE;-1;-8.39;CLIENTE
2024-02-21;1314;18064;SALE;-17;-66.13;CLIENTE
2024-02-21;1314;20635;SALE;-1;-30.89;CLIENTE
2024-02-21;1314;21141;SALE;-1;-30.54;CLIENTE
2024-02-21;1314;35416;SALE;-1;-14.89;CLIENTE
2024-02-22;1314;9607;SALE;-1;-13.52;CLIENTE
2024-02-22;1314;15589;DELIVERY;1;29.48;OUTROS
2024-02-22;1314;18064;DELIVERY;11;42.79;OUTROS
2024-02-22;1314;18064;SALE;-5;-19.45;CLIENTE
2024-02-22;1314;44217;INVENTORY_CHECK;-1;-41.78;OUTROS
2024-02-23;841;15589;DELIVERY;2;48.06;CD 2
2024-02-23;841;18064;DELIVERY;3;6.75;CD 2
2024-02-23;841;20635;DELIVERY;1;23.33;CD 2
2024-02-23;841;35772;DELIVERY;1;11.93;CD 2
2024-02-23;841;57814;TRANSFER;-1;-118.76;CD 1
2024-02-23;841;58701;DELIVERY;1;45.25;CD 2
2024-02-23;1314;1439;DELIVERY;2;36.52;CD 2
2024-02-23;1314;1439;SALE;-1;-18.26;CLIENTE
2024-02-23;1314;9607;DELIVERY;3;40.59;CD 2
2024-02-23;1314;9607;SALE;-1;-13.53;CLIENTE
2024-02-23;1314;13315;DELIVERY;2;93.18;CD 2
2024-02-23;1314;15589;SALE;-1;-29.48;CLIENTE
2024-02-23;1314;18064;DELIVERY;59;229.51;CD 2
2024-02-23;1314;18064;SALE;-15;-58.35;CLIENTE
2024-02-23;1314;20635;DELIVERY;1;30.89;CD 2
2024-02-24;841;18064;SALE;-6;-13.5;CLIENTE
2024-02-24;841;21141;SALE;-1;-24.76;CLIENTE
2024-02-24;841;36857;SALE;-1;-2.34;CLIENTE
2024-02-24;1314;18064;SALE;-5;-19.45;CLIENTE
2024-02-24;1314;35416;SALE;-1;-14.89;CLIENTE
2024-02-24;1314;36857;SALE;-1;-3.75;CLIENTE
2024-02-25;841;18064;SALE;-1;-2.25;CLIENTE
2024-02-25;1314;15589;DELIVERY;2;58.92;CD 2
2024-02-25;1314;18064;SALE;-4;-15.56;CLIENTE
2024-02-25;1314;20635;DELIVERY;1;30.89;CD 2
2024-02-25;1314;21141;DELIVERY;1;30.52;CD 2
2024-02-26;1314;5345;SALE;-1;-8.39;CLIENTE
2024-02-26;1314;9607;SALE;-1;-13.53;CLIENTE
2024-02-26;1314;15589;SALE;-1;-29.46;CLIENTE
2024-02-26;1314;18064;SALE;-4;-15.56;CLIENTE
2024-02-26;1314;20635;SALE;-2;-61.78;CLIENTE
2024-02-26;1314;36857;SALE;-1;-3.75;CLIENTE
2024-02-27;841;18064;SALE;-2;-4.5;CLIENTE
2024-02-27;1314;9607;DELIVERY;1;13.53;CD 2
2024-02-27;1314;15589;DELIVERY;2;58.9;CD 2
2024-02-27;1314;15590;TRANSFER;-1;-40.45;CD 1
2024-02-27;1314;18064;SALE;-15;-58.35;CLIENTE
2024-02-27;1314;20635;DELIVERY;1;30.89;CD 2
2024-02-27;1314;20635;SALE;-1;-30.89;CLIENTE
2024-02-27;1314;21141;DELIVERY;1;30.51;CD 2
2024-02-27;1314;21141;SALE;-1;-30.51;CLIENTE
2024-02-28;841;18064;SALE;-2;-4.5;CLIENTE
2024-02-28;841;21141;SALE;-1;-24.76;CLIENTE
2024-02-28;1314;1439;SALE;-1;-18.26;CLIENTE
2024-02-28;1314;5345;DELIVERY;1;8.41;CD 2
2024-02-28;1314;5345;SALE;-2;-16.82;CLIENTE
2024-02-28;1314;9607;SALE;-2;-27.06;CLIENTE
2024-02-28;1314;18064;SALE;-6;-23.34;CLIENTE
2024-02-28;1314;21141;DELIVERY;1;30.48;CD 2
2024-02-28;1314;35416;DELIVERY;1;14.89;CD 2
2024-02-29;841;21141;DELIVERY;1;24.77;CD 2
2024-02-29;841;58701;SALE;-1;-45.25;CLIENTE
2024-02-29;1314;1439;DELIVERY;2;36.5;CD 2
2024-02-29;1314;5345;DELIVERY;4;33.8;CD 2
2024-02-29;1314;15589;DELIVERY;1;29.45;CD 2
2024-02-29;1314;18064;SALE;-8;-31.12;CLIENTE
2024-03-01;841;5345;SALE;-1;-5.21;CLIENTE
2024-03-01;841;15589;SALE;-1;-24.03;CLIENTE
2024-03-01;841;18064;SALE;-4;-9;CLIENTE
2024-03-01;1314;1439;SALE;-2;-36.5;CLIENTE
2024-03-01;1314;9607;SALE;-1;-13.53;CLIENTE
2024-03-01;1314;15589;SALE;-1;-29.45;CLIENTE
2024-03-01;1314;18064;SALE;-9;-35.01;CLIENTE
2024-03-01;1314;36857;SALE;-1;-3.75;CLIENTE
2024-03-02;841;15590;SALE;-1;-32.05;CLIENTE
2024-03-02;841;18064;SALE;-2;-4.5;CLIENTE
2024-03-02;1314;9607;SALE;-1;-13.53;CLIENTE
2024-03-02;1314;18064;SALE;-8;-31.12;CLIENTE
2024-03-02;1314;21141;SALE;-1;-30.48;CLIENTE
2024-03-02;1314;36857;SALE;-1;-3.75;CLIENTE
2024-03-03;841;18064;SALE;-3;-6.75;CLIENTE
2024-03-03;841;48812;SALE;-1;-8.4;CLIENTE
2024-03-03;1314;1439;SALE;-1;-18.25;CLIENTE
2024-03-03;1314;18064;SALE;-16;-62.24;CLIENTE
2024-03-03;1314;20635;SALE;-1;-30.89;CLIENTE
2024-03-04;841;9607;SALE;-2;-16.58;CLIENTE
2024-03-04;841;18064;SALE;-3;-6.75;CLIENTE
2024-03-04;841;21141;DELIVERY;2;49.54;CD 2
2024-03-04;841;21141;SALE;-1;-24.77;CLIENTE
2024-03-04;841;36857;DELIVERY;1;2.37;CD 2
2024-03-04;841;58701;DELIVERY;1;45.25;CD 2
2024-03-04;1314;5345;DELIVERY;1;8.45;CD 2
2024-03-04;1314;15589;DELIVERY;1;29.45;CD 2
2024-03-04;1314;15589;SALE;-1;-29.45;CLIENTE
2024-03-04;1314;18064;SALE;-5;-19.45;CLIENTE
2024-03-04;1314;20635;DELIVERY;2;61.78;CD 2
2024-03-04;1314;36857;DELIVERY;2;7.52;CD 2
2024-03-04;1314;48813;SALE;-1;-7.84;CLIENTE
2024-03-05;1314;18064;SALE;-12;-46.68;CLIENTE
2024-03-05;1314;20635;SALE;-1;-30.89;CLIENTE
2024-03-06;841;9607;SALE;-1;-8.29;CLIENTE
2024-03-06;1314;9607;SALE;-2;-27.06;CLIENTE
2024-03-06;1314;18064;SALE;-9;-35.01;CLIENTE
2024-03-06;1314;35416;SALE;-1;-14.89;CLIENTE
2024-03-06;1314;58701;SPOILAGE;-1;-53.37;OUTROS
2024-03-07;841;5345;DELIVERY;1;5.22;CD 2
2024-03-07;841;9607;SALE;-1;-8.29;CLIENTE
2024-03-07;841;15589;DELIVERY;1;24.03;CD 2
2024-03-07;841;18064;DELIVERY;2;4.5;CD 2
2024-03-07;841;18064;SALE;-2;-4.5;CLIENTE
2024-03-07;841;18064;SPOILAGE;-1;-2.25;OUTROS
2024-03-07;841;48812;DELIVERY;1;8.4;CD 2
2024-03-07;841;58701;DELIVERY;1;45.25;CD 2
2024-03-07;1314;1439;DELIVERY;3;54.72;CD 2
2024-03-07;1314;5345;DELIVERY;2;16.9;CD 2
2024-03-07;1314;9607;DELIVERY;2;27.08;CD 2
2024-03-07;1314;9607;SALE;-1;-13.54;CLIENTE
2024-03-07;1314;15589;DELIVERY;1;29.45;CD 2
2024-03-07;1314;15589;SALE;-1;-29.45;CLIENTE
2024-03-07;1314;18064;SALE;-15;-58.35;CLIENTE
2024-03-07;1314;20635;DELIVERY;3;92.67;CD 2
2024-03-07;1314;21141;DELIVERY;1;30.45;CD 2
2024-03-07;1314;31330;SALE;-1;-67.81;CLIENTE
2024-03-07;1314;36857;DELIVERY;1;3.76;CD 2
2024-03-08;841;18064;SALE;-1;-2.25;CLIENTE
2024-03-08;1314;1439;SALE;-1;-18.24;CLIENTE
2024-03-08;1314;9607;SALE;-1;-13.54;CLIENTE
2024-03-08;1314;9607;TRANSFER;-2;-27.08;CD 2
2024-03-08;1314;18064;SALE;-7;-27.23;CLIENTE
2024-03-09;841;9607;DELIVERY;1;8.44;CD 2
2024-03-09;841;18064;DELIVERY;11;24.86;CD 2
2024-03-09;841;21141;DELIVERY;1;24.77;CD 2
2024-03-09;1314;1439;SALE;-1;-18.24;CLIENTE
2024-03-09;1314;5345;SALE;-2;-16.9;CLIENTE
2024-03-09;1314;18064;SALE;-12;-46.68;CLIENTE
2024-03-09;1314;36857;SALE;-1;-3.76;CLIENTE
2024-03-10;1314;18064;SALE;-12;-46.68;CLIENTE
2024-03-10;1314;20635;SALE;-1;-30.89;CLIENTE
2024-03-11;841;9607;DELIVERY;2;16.88;CD 2
2024-03-11;841;18064;DELIVERY;3;6.78;CD 2
2024-03-11;841;21141;SALE;-1;-24.77;CLIENTE
2024-03-11;1314;1439;DELIVERY;1;18.24;CD 2
2024-03-11;1314;9607;SALE;-1;-13.54;CLIENTE
2024-03-11;1314;15589;DELIVERY;1;29.45;CD 2
2024-03-11;1314;18064;SALE;-11;-42.79;CLIENTE
2024-03-11;1314;20635;SALE;-2;-61.78;CLIENTE
2024-03-11;1314;36857;DELIVERY;1;3.76;CD 2
2024-03-12;841;62782;SALE;-1;-7.01;CLIENTE
2024-03-12;1314;9607;DELIVERY;3;40.68;CD 2
2024-03-12;1314;9607;SALE;-1;-13.56;CLIENTE
2024-03-12;1314;18064;SALE;-1;-3.89;CLIENTE
2024-03-12;1314;35416;SALE;-1;-14.89;CLIENTE
2024-03-12;1314;58701;DELIVERY;1;56.35;CD 2
2024-03-13;841;15589;SALE;-1;-24.03;CLIENTE
2024-03-13;841;18064;SALE;-3;-6.78;CLIENTE
2024-03-13;1314;18064;SALE;-4;-15.56;CLIENTE
2024-03-13;1314;20635;SALE;-1;-30.89;CLIENTE
2024-03-14;841;18064;SALE;-1;-2.26;CLIENTE
2024-03-14;1314;1439;SALE;-1;-18.24;CLIENTE
2024-03-14;1314;9607;SALE;-1;-13.56;CLIENTE
2024-03-14;1314;18064;SALE;-6;-23.34;CLIENTE
2024-03-14;1314;35416;SALE;-1;-14.89;CLIENTE
2024-03-14;1314;36857;SALE;-2;-7.52;CLIENTE
2024-03-15;841;18064;SALE;-3;-6.78;CLIENTE
2024-03-15;1314;1439;DELIVERY;1;18.24;CD 2
2024-03-15;1314;1439;SALE;-1;-18.24;CLIENTE
2024-03-15;1314;9607;DELIVERY;3;40.71;CD 2
2024-03-15;1314;18064;DELIVERY;32;124.8;CD 2
2024-03-15;1314;18064;SALE;-4;-15.6;CLIENTE
2024-03-15;1314;20635;SALE;-1;-30.89;CLIENTE
2024-03-15;1314;21141;DELIVERY;1;30.44;CD 2
2024-03-15;1314;35416;SALE;-1;-14.89;CLIENTE
2024-03-16;841;15590;DELIVERY;2;65.38;CD 2
2024-03-16;841;18064;DELIVERY;1;2.26;CD 2
2024-03-16;841;18064;SALE;-4;-9.04;CLIENTE
2024-03-16;1314;18064;SALE;-8;-31.2;CLIENTE
2024-03-16;1314;20635;SALE;-1;-30.89;CLIENTE
2024-03-17;841;18064;SALE;-1;-2.26;CLIENTE
2024-03-17;841;21141;SALE;-2;-49.54;CLIENTE
2024-03-17;1314;5345;SALE;-2;-16.9;CLIENTE
2024-03-17;1314;9607;SALE;-1;-13.57;CLIENTE
2024-03-17;1314;13315;SALE;-1;-46.59;CLIENTE
2024-03-17;1314;18064;SALE;-5;-19.5;CLIENTE
2024-03-18;841;18064;DELIVERY;4;9.04;CD 2
2024-03-18;841;18064;SALE;-1;-2.26;CLIENTE
2024-03-18;841;21141;SALE;-1;-24.77;CLIENTE
2024-03-18;841;62782;DELIVERY;1;7.55;CD 2
2024-03-18;1314;1439;DELIVERY;1;18.24;CD 2
2024-03-18;1314;9607;DELIVERY;2;27.16;CD 2
2024-03-18;1314;15589;SALE;-1;-29.45;CLIENTE
2024-03-18;1314;18064;DELIVERY;35;136.5;CD 2
2024-03-18;1314;18064;SALE;-3;-11.7;CLIENTE
2024-03-18;1314;20635;DELIVERY;3;92.64;CD 2
2024-03-18;1314;36857;DELIVERY;1;3.77;CD 2
2024-03-19;841;9607;SALE;-2;-16.88;CLIENTE
2024-03-19;841;18064;DELIVERY;8;18.08;CD 2
2024-03-19;841;18064;SALE;-2;-4.52;CLIENTE
2024-03-19;841;21141;DELIVERY;2;49.54;CD 2
2024-03-19;1314;5345;SALE;-1;-8.45;CLIENTE
2024-03-19;1314;15589;SALE;-1;-29.45;CLIENTE
2024-03-19;1314;18064;SALE;-7;-27.3;CLIENTE
2024-03-20;1314;1439;SALE;-1;-18.24;CLIENTE
2024-03-20;1314;5345;SALE;-1;-8.45;CLIENTE
2024-03-20;1314;9607;SALE;-1;-13.58;CLIENTE
2024-03-20;1314;18064;SALE;-9;-35.1;CLIENTE
2024-03-21;1314;1439;DELIVERY;2;36.4;CD 2
2024-03-21;1314;9607;DELIVERY;1;13.58;CD 2
2024-03-21;1314;18064;DELIVERY;15;58.5;CD 2
2024-03-21;1314;18064;SALE;-10;-39;CLIENTE
2024-03-21;1314;20635;DELIVERY;2;61.76;CD 2
2024-03-21;1314;21141;SALE;-1;-30.44;CLIENTE
2024-03-21;1314;35416;DELIVERY;2;29.78;CD 2
2024-03-21;1314;36857;DELIVERY;2;7.54;CD 2
2024-03-21;1314;48812;SALE;-1;-9.92;CLIENTE
2024-03-22;841;9607;DELIVERY;2;16.88;CD 2
2024-03-22;841;15589;DELIVERY;1;24.03;CD 2
2024-03-22;841;18064;DELIVERY;1;2.27;OUTROS
2024-03-22;841;18064;DELIVERY;3;6.81;CD 2
2024-03-22;841;18064;SALE;-2;-4.54;CLIENTE
2024-03-22;841;18064;SPOILAGE;-1;-2.27;CD 1
2024-03-22;841;21141;DELIVERY;1;24.77;CD 2
2024-03-22;1314;1439;SALE;-1;-18.2;CLIENTE
2024-03-22;1314;9607;SALE;-1;-13.58;CLIENTE
2024-03-22;1314;18064;SALE;-3;-11.7;CLIENTE
2024-03-23;1314;5345;DELIVERY;2;16.92;CD 2
2024-03-23;1314;9607;DELIVERY;2;27.16;CD 2
2024-03-23;1314;9607;SALE;-1;-13.58;CLIENTE
2024-03-23;1314;18064;DELIVERY;17;66.47;CD 2
2024-03-23;1314;18064;SALE;-10;-39.1;CLIENTE
2024-03-23;1314;20635;DELIVERY;1;30.88;CD 2
2024-03-23;1314;20635;SALE;-1;-30.88;CLIENTE
2024-03-24;1314;5345;SALE;-1;-8.46;CLIENTE
2024-03-24;1314;18064;SALE;-11;-43.01;CLIENTE
2024-03-24;1314;21141;SALE;-1;-30.44;CLIENTE
2024-03-24;1314;48812;TRANSFER;-1;-9.92;CD 1
2024-03-25;841;15589;SALE;-1;-24.03;CLIENTE
2024-03-25;1314;1439;DELIVERY;1;18.19;CD 2
2024-03-25;1314;1439;SALE;-1;-18.19;CLIENTE
2024-03-25;1314;5345;DELIVERY;2;16.92;CD 2
2024-03-25;1314;15589;DELIVERY;2;58.88;CD 2
2024-03-25;1314;18064;DELIVERY;15;58.8;CD 2
2024-03-25;1314;18064;SALE;-6;-23.52;CLIENTE
2024-03-25;1314;20635;SALE;-1;-30.88;CLIENTE
2024-03-26;841;9607;DELIVERY;1;8.44;CD 2
2024-03-26;841;9607;SALE;-1;-8.44;CLIENTE
2024-03-26;841;15589;SALE;-1;-24.03;CLIENTE
2024-03-26;841;18064;SALE;-1;-2.27;CLIENTE
2024-03-26;841;21141;SALE;-1;-24.77;CLIENTE
2024-03-26;1314;9607;SALE;-2;-27.16;CLIENTE
2024-03-26;1314;18064;SALE;-3;-11.76;CLIENTE
2024-03-26;1314;20635;SALE;-1;-30.88;CLIENTE
2024-03-26;1314;48812;SALE;-1;-9.92;CLIENTE
2024-03-27;1314;9607;SALE;-3;-40.74;CLIENTE
2024-03-27;1314;13315;SALE;-1;-46.59;CLIENTE
2024-03-27;1314;15589;SALE;-1;-29.44;CLIENTE
2024-03-27;1314;18064;SALE;-11;-43.12;CLIENTE
2024-03-27;1314;20635;SALE;-1;-30.88;CLIENTE
2024-03-27;1314;58701;DELIVERY;1;56.35;OUTROS
2024-03-27;1314;58701;SPOILAGE;-1;-56.35;CD 1
2024-03-28;841;18064;DELIVERY;2;4.56;CD 2
2024-03-28;841;18064;SALE;-2;-4.56;CLIENTE
2024-03-28;841;21141;DELIVERY;1;24.76;CD 2
2024-03-28;841;21141;SALE;-1;-24.76;CLIENTE
2024-03-28;1314;1439;DELIVERY;3;54.51;CD 2
2024-03-28;1314;5345;DELIVERY;3;25.38;CD 2
2024-03-28;1314;9607;DELIVERY;2;27.18;CD 2
2024-03-28;1314;18064;DELIVERY;6;23.52;CD 2
2024-03-28;1314;18064;SALE;-5;-19.6;CLIENTE
2024-03-28;1314;21141;SALE;-1;-30.44;CLIENTE
2024-03-28;1314;35416;DELIVERY;3;44.67;CD 2
2024-03-28;1314;48813;DELIVERY;1;8.05;CD 2
2024-03-29;841;18064;SALE;-3;-6.84;CLIENTE
2024-03-29;841;21141;SALE;-1;-24.76;CLIENTE
2024-03-29;841;57816;SALE;-1;-47.5;CLIENTE
2024-03-29;1314;1439;SALE;-1;-18.17;CLIENTE
2024-03-29;1314;5345;SALE;-1;-8.46;CLIENTE
2024-03-29;1314;9607;SALE;-1;-13.59;CLIENTE
2024-03-29;1314;15589;SALE;-1;-29.44;CLIENTE
2024-03-29;1314;18064;SALE;-3;-11.76;CLIENTE
2024-03-29;1314;21141;SALE;-1;-30.44;CLIENTE
2024-03-30;841;36857;SALE;-1;-2.37;CLIENTE
2024-03-30;1314;5345;DELIVERY;1;8.46;CD 2
2024-03-30;1314;9607;DELIVERY;1;13.59;CD 2
2024-03-30;1314;9607;SALE;-2;-27.18;CLIENTE
2024-03-30;1314;13315;DELIVERY;1;46.59;CD 2
2024-03-30;1314;18064;DELIVERY;26;102.18;CD 2
2024-03-30;1314;18064;SALE;-9;-35.37;CLIENTE
2024-03-30;1314;20635;DELIVERY;2;61.76;CD 2
2024-03-30;1314;21141;DELIVERY;1;30.4;CD 2
2024-03-31;841;15589;DELIVERY;2;48.04;CD 2
2024-03-31;841;18064;DELIVERY;1;2.28;CD 2
2024-03-31;841;18064;SALE;-2;-4.56;CLIENTE
2024-03-31;841;21141;DELIVERY;1;24.75;CD 2
2024-03-31;841;36857;DELIVERY;1;2.41;CD 2
2024-03-31;841;57912;DELIVERY;3;26.37;CD 2
2024-03-31;1314;5345;SALE;-1;-8.46;CLIENTE
2024-03-31;1314;18064;SALE;-5;-19.65;CLIENTE
2024-03-31;1314;20635;SALE;-2;-61.76;CLIENTE
2024-03-31;1314;31330;SALE;-1;-67.81;CLIENTE
2024-04-01;841;18064;SALE;-1;-2.28;CLIENTE
2024-04-01;841;57816;SALE;-1;-47.5;CLIENTE
2024-04-01;1314;13315;SALE;-1;-46.59;CLIENTE
2024-04-01;1314;18064;SALE;-7;-27.51;CLIENTE
2024-04-01;1314;36857;SALE;-2;-7.54;CLIENTE
2024-04-02;841;15589;SALE;-1;-24.02;CLIENTE
2024-04-02;841;18064;SALE;-1;-2.28;CLIENTE
2024-04-02;841;21141;SALE;-2;-49.5;CLIENTE
2024-04-02;1314;18064;SALE;-11;-43.23;CLIENTE
2024-04-03;841;5345;SALE;-1;-5.22;CLIENTE
2024-04-03;841;9607;DELIVERY;2;16.88;CD 2
2024-04-03;841;21141;DELIVERY;2;49.48;CD 2
2024-04-03;841;57816;DELIVERY;1;44.71;CD 2
2024-04-03;841;57817;DELIVERY;1;66.37;CD 2
2024-04-03;1314;9607;DELIVERY;5;68;CD 2
2024-04-03;1314;9607;SALE;-1;-13.6;CLIENTE
2024-04-03;1314;15589;DELIVERY;1;29.44;CD 2
2024-04-03;1314;18064;DELIVERY;14;55.16;CD 2
2024-04-03;1314;18064;SALE;-10;-39.4;CLIENTE
2024-04-03;1314;20635;DELIVERY;5;154.4;CD 2
2024-04-03;1314;36857;SALE;-1;-3.77;CLIENTE
2024-04-04;841;18064;SALE;-1;-2.28;CLIENTE
2024-04-04;841;57816;SALE;-1;-44.71;CLIENTE
2024-04-04;1314;9607;SALE;-2;-27.2;CLIENTE
2024-04-04;1314;15589;SALE;-1;-29.44;CLIENTE
2024-04-04;1314;18064;SALE;-6;-23.64;CLIENTE
2024-04-04;1314;20635;SALE;-1;-30.88;CLIENTE
2024-04-05;841;9607;SALE;-1;-8.44;CLIENTE
2024-04-05;841;18064;SALE;-2;-4.56;CLIENTE
2024-04-05;1314;5345;DELIVERY;1;8.46;CD 2
2024-04-05;1314;9607;SALE;-2;-27.2;CLIENTE
2024-04-05;1314;15589;DELIVERY;1;29.44;CD 2
2024-04-05;1314;18064;DELIVERY;8;31.52;CD 2
2024-04-05;1314;18064;SALE;-9;-35.46;CLIENTE
2024-04-05;1314;20635;DELIVERY;1;30.88;CD 2
2024-04-05;1314;21141;DELIVERY;2;60.76;CD 2
2024-04-05;1314;35416;SALE;-1;-14.89;CLIENTE
2024-04-06;1314;9607;SALE;-4;-54.4;CLIENTE
2024-04-06;1314;15589;SALE;-1;-29.44;CLIENTE
2024-04-06;1314;18064;SALE;-11;-43.34;CLIENTE
2024-04-06;1314;20635;SALE;-1;-30.88;CLIENTE
2024-04-06;1314;44217;SALE;-1;-41.78;CLIENTE
2024-04-06;1314;48813;SALE;-2;-16.1;CLIENTE
2024-04-07;841;15589;DELIVERY;1;24.02;CD 2
2024-04-07;841;18064;DELIVERY;4;9.16;CD 2
2024-04-07;841;18064;SALE;-2;-4.58;CLIENTE
2024-04-07;841;21141;DELIVERY;2;49.48;CD 2
2024-04-07;841;57816;DELIVERY;1;43.31;CD 2
2024-04-07;1314;5345;SALE;-3;-25.38;CLIENTE
2024-04-07;1314;15589;SALE;-1;-29.44;CLIENTE
2024-04-07;1314;18064;SALE;-5;-19.7;CLIENTE
2024-04-08;1314;5345;DELIVERY;1;8.48;CD 2
2024-04-08;1314;9607;DELIVERY;7;96.39;CD 2
2024-04-08;1314;18064;DELIVERY;37;147.26;CD 2
2024-04-08;1314;18064;SALE;-4;-15.92;CLIENTE
2024-04-08;1314;36857;DELIVERY;2;7.6;CD 2
2024-04-08;1314;57817;DELIVERY;1;91.34;CD 2
2024-04-09;841;5345;DELIVERY;1;5.23;CD 2
2024-04-09;841;9607;SALE;-1;-8.44;CLIENTE
2024-04-09;841;15589;SALE;-1;-24.02;CLIENTE
2024-04-09;841;18064;SALE;-2;-4.58;CLIENTE
2024-04-09;841;57816;DELIVERY;1;42.84;CD 2
2024-04-09;1314;9607;DELIVERY;1;13.78;CD 2
2024-04-09;1314;13315;DELIVERY;3;140.88;CD 2
2024-04-09;1314;15589;SALE;-1;-29.44;CLIENTE
2024-04-09;1314;18064;DELIVERY;21;83.79;CD 2
2024-04-09;1314;18064;SALE;-10;-39.9;CLIENTE
2024-04-09;1314;21141;SALE;-1;-30.38;CLIENTE
2024-04-09;1314;36857;DELIVERY;1;3.81;CD 2
2024-04-10;841;15589;SALE;-1;-24.02;CLIENTE
2024-04-10;841;18064;DELIVERY;5;11.5;CD 2
2024-04-10;841;18064;SALE;-1;-2.3;CLIENTE
2024-04-10;841;21141;DELIVERY;1;24.74;CD 2
2024-04-10;841;21141;SALE;-2;-49.48;CLIENTE
2024-04-10;1314;18064;SALE;-2;-7.98;CLIENTE
2024-04-11;841;57814;SALE;-1;-118.76;CLIENTE
2024-04-11;841;57816;SALE;-1;-42.84;CLIENTE
2024-04-11;1314;1439;DELIVERY;1;18.19;CD 2
2024-04-11;1314;5345;SALE;-1;-8.48;CLIENTE
2024-04-11;1314;9607;DELIVERY;4;55.2;CD 2
2024-04-11;1314;9607;SALE;-2;-27.6;CLIENTE
2024-04-11;1314;13315;SALE;-1;-46.96;CLIENTE
2024-04-11;1314;18064;DELIVERY;15;60;CD 2
2024-04-11;1314;18064;SALE;-12;-48;CLIENTE
2024-04-11;1314;20635;DELIVERY;1;30.92;CD 2
2024-04-12;841;21141;SALE;-2;-49.48;CLIENTE
2024-04-12;841;57816;SALE;-2;-85.68;CLIENTE
2024-04-12;1314;9607;SALE;-1;-13.8;CLIENTE
2024-04-12;1314;18064;SALE;-9;-36;CLIENTE
2024-04-13;841;5345;SALE;-1;-5.23;CLIENTE
2024-04-13;1314;9607;SALE;-1;-13.8;CLIENTE
2024-04-13;1314;15589;SALE;-1;-29.44;CLIENTE
2024-04-13;1314;18064;SALE;-4;-16;CLIENTE
2024-04-13;1314;44217;SALE;-1;-41.78;CLIENTE
2024-04-14;841;9607;DELIVERY;1;8.44;CD 2
2024-04-14;1314;9607;SALE;-1;-13.8;CLIENTE
2024-04-14;1314;15589;SALE;-1;-29.44;CLIENTE
2024-04-14;1314;18064;SALE;-4;-16;CLIENTE
2024-04-14;1314;20635;SALE;-1;-30.92;CLIENTE
2024-04-15;841;18064;SALE;-1;-2.3;CLIENTE
2024-04-15;841;57814;SALE;-1;-118.76;CLIENTE
2024-04-15;1314;5345;DELIVERY;3;25.59;CD 2
2024-04-15;1314;9607;DELIVERY;4;55.28;CD 2
2024-04-15;1314;9607;SALE;-1;-13.82;CLIENTE
2024-04-15;1314;13315;SALE;-1;-46.96;CLIENTE
2024-04-15;1314;15589;DELIVERY;2;59.24;CD 2
2024-04-15;1314;15589;SALE;-1;-29.62;CLIENTE
2024-04-15;1314;18064;DELIVERY;20;80.2;CD 2
2024-04-15;1314;18064;SALE;-8;-32.08;CLIENTE
2024-04-15;1314;20635;SALE;-2;-61.84;CLIENTE
2024-04-15;1314;48813;DELIVERY;2;16.66;CD 2
2024-04-16;841;9607;SALE;-2;-16.88;CLIENTE
2024-04-16;841;18064;SALE;-2;-4.6;CLIENTE
2024-04-16;841;21141;SALE;-1;-24.74;CLIENTE
2024-04-16;1314;18064;DELIVERY;12;48.12;CD 2
2024-04-16;1314;18064;SALE;-5;-20.05;CLIENTE
2024-04-16;1314;20635;SALE;-1;-30.92;CLIENTE
2024-04-16;1314;21141;DELIVERY;1;30.45;CD 2
2024-04-16;1314;21141;SALE;-1;-30.45;CLIENTE
2024-04-16;1314;35416;SALE;-1;-14.89;CLIENTE
2024-04-16;1314;58701;SALE;-1;-56.35;CLIENTE
2024-04-17;841;18064;DELIVERY;3;6.93;CD 2
2024-04-17;841;21141;DELIVERY;4;98.96;CD 2
2024-04-17;1314;9607;SALE;-1;-13.82;CLIENTE
2024-04-17;1314;18064;SALE;-10;-40.1;CLIENTE
2024-04-18;841;18064;SALE;-1;-2.31;CLIENTE
2024-04-18;1314;5345;DELIVERY;1;8.54;CD 2
2024-04-18;1314;9607;DELIVERY;3;41.49;CD 2
2024-04-18;1314;18064;DELIVERY;21;84.42;CD 2
2024-04-18;1314;18064;SALE;-9;-36.18;CLIENTE
2024-04-19;841;18064;SALE;-2;-4.62;CLIENTE
2024-04-19;841;51957;SALE;-1;-5.89;CLIENTE
2024-04-19;841;57817;SALE;-1;-66.37;CLIENTE
2024-04-19;1314;1439;SALE;-2;-36.38;CLIENTE
2024-04-19;1314;18064;SALE;-15;-60.3;CLIENTE
2024-04-19;1314;35416;SALE;-1;-14.89;CLIENTE
2024-04-20;841;18064;SALE;-5;-11.55;CLIENTE
2024-04-20;841;21141;SALE;-1;-24.74;CLIENTE
2024-04-20;1314;1439;SALE;-1;-18.19;CLIENTE
2024-04-20;1314;18064;SALE;-13;-52.26;CLIENTE
2024-04-20;1314;35416;SALE;-1;-14.89;CLIENTE
2024-04-21;841;18064;SALE;-2;-4.62;CLIENTE
2024-04-21;841;48812;SALE;-1;-8.4;CLIENTE
2024-04-21;1314;18064;SALE;-5;-20.1;CLIENTE
2024-04-22;841;9607;DELIVERY;1;8.44;CD 2
2024-04-22;841;9607;SALE;-1;-8.44;CLIENTE
2024-04-22;841;15589;DELIVERY;1;24.02;CD 2
2024-04-22;841;18064;DELIVERY;4;9.28;CD 2
2024-04-22;841;18064;SALE;-2;-4.64;CLIENTE
2024-04-22;841;21141;DELIVERY;1;24.74;CD 2
2024-04-22;841;57814;DELIVERY;1;104.77;CD 2
2024-04-22;841;57816;DELIVERY;3;125.73;CD 2
2024-04-22;1314;9607;DELIVERY;3;41.52;CD 2
2024-04-22;1314;15590;SALE;-1;-40.45;CLIENTE
2024-04-22;1314;18064;DELIVERY;16;64.32;CD 2
2024-04-22;1314;18064;SALE;-8;-32.16;CLIENTE
2024-04-22;1314;20635;DELIVERY;2;60.92;CD 2
2024-04-22;1314;20635;SALE;-1;-30.46;CLIENTE
2024-04-22;1314;48813;SALE;-1;-8.33;CLIENTE
2024-04-23;841;18064;SALE;-3;-6.96;CLIENTE
2024-04-23;841;57817;SALE;-1;-66.37;CLIENTE
2024-04-23;1314;9607;DELIVERY;1;13.84;CD 2
2024-04-23;1314;13315;DELIVERY;2;94;CD 2
2024-04-23;1314;18064;DELIVERY;15;60.3;CD 2
2024-04-23;1314;18064;SALE;-7;-28.14;CLIENTE
2024-04-23;1314;20635;DELIVERY;3;89.97;CD 2
2024-04-23;1314;21141;DELIVERY;1;30.5;CD 2
2024-04-23;1314;44217;DELIVERY;1;43.29;CD 2
2024-04-23;1314;58701;DELIVERY;1;56.56;CD 2
2024-04-24;841;18064;DELIVERY;4;9.28;CD 2
2024-04-24;841;18064;SALE;-4;-9.28;CLIENTE
2024-04-24;841;21141;DELIVERY;1;24.74;CD 2
2024-04-24;841;48812;DELIVERY;1;7.76;CD 2
2024-04-24;1314;18064;SALE;-1;-4.02;CLIENTE
2024-04-24;1314;21141;SALE;-1;-30.5;CLIENTE
2024-04-25;841;18064;SALE;-1;-2.32;CLIENTE
2024-04-25;841;57814;SALE;-1;-104.77;CLIENTE
2024-04-25;1314;9607;SALE;-1;-13.84;CLIENTE
2024-04-25;1314;18064;SALE;-10;-40.2;CLIENTE
2024-04-25;1314;21141;SALE;-1;-30.5;CLIENTE
2024-04-25;1314;44217;SALE;-1;-43.29;CLIENTE
2024-04-26;841;18064;SALE;-1;-2.32;CLIENTE
2024-04-26;841;20635;SALE;-1;-23.33;CLIENTE
2024-04-26;1314;1439;DELIVERY;2;36.68;CD 2
2024-04-26;1314;13315;DELIVERY;1;47.01;CD 2
2024-04-26;1314;15589;SALE;-1;-29.62;CLIENTE
2024-04-26;1314;18064;DELIVERY;24;96.72;CD 2
2024-04-26;1314;18064;SALE;-19;-76.57;CLIENTE
2024-04-26;1314;20635;SALE;-2;-59.98;CLIENTE
2024-04-26;1314;21141;DELIVERY;1;30.55;CD 2
2024-04-26;1314;21141;SALE;-1;-30.55;CLIENTE
2024-04-27;841;1439;SALE;-1;-14.9;CLIENTE
2024-04-27;1314;1439;SALE;-1;-18.34;CLIENTE
2024-04-27;1314;9607;SALE;-1;-13.84;CLIENTE
2024-04-27;1314;18064;SALE;-9;-36.27;CLIENTE
2024-04-27;1314;48813;SALE;-1;-8.33;CLIENTE
2024-04-28;1314;1439;SALE;-1;-18.34;CLIENTE
2024-04-28;1314;18064;SALE;-22;-88.66;CLIENTE
2024-04-28;1314;20635;SALE;-1;-29.99;CLIENTE
2024-04-28;1314;36857;SALE;-1;-3.81;CLIENTE
2024-04-29;841;18064;SALE;-4;-9.28;CLIENTE
2024-04-29;841;57816;SALE;-1;-41.91;CLIENTE
2024-04-29;1314;1439;DELIVERY;1;18.4;CD 2
2024-04-29;1314;5345;SALE;-1;-8.54;CLIENTE
2024-04-29;1314;15590;DELIVERY;1;40.85;CD 2
2024-04-29;1314;18064;DELIVERY;26;104.78;CD 2
2024-04-29;1314;18064;SALE;-7;-28.21;CLIENTE
2024-04-29;1314;20635;SALE;-1;-29.99;CLIENTE
2024-04-29;1314;35416;DELIVERY;1;14.94;CD 2
2024-04-29;1314;48812;SALE;-1;-9.92;CLIENTE
2024-04-29;1314;48813;DELIVERY;1;8.47;CD 2
2024-04-30;841;9607;DELIVERY;5;42.25;CD 2
2024-04-30;841;15589;DELIVERY;1;24.34;CD 2
2024-04-30;841;15589;SALE;-1;-24.34;CLIENTE
2024-04-30;841;18064;DELIVERY;15;34.95;CD 2
2024-04-30;841;57814;DELIVERY;2;219;CD 2
2024-04-30;1314;15589;SALE;-1;-29.62;CLIENTE
2024-04-30;1314;18064;DELIVERY;8;32.24;CD 2
2024-04-30;1314;18064;SALE;-5;-20.15;CLIENTE
2024-04-30;1314;20635;DELIVERY;4;118.36;CD 2
2024-04-30;1314;21141;DELIVERY;1;30.58;CD 2
2024-04-30;1314;21141;SALE;-1;-30.58;CLIENTE
2024-04-30;1314;48813;SALE;-1;-8.47;CLIENTE
2024-05-01;841;57814;SALE;-1;-109.5;CLIENTE
2024-05-01;841;57816;SALE;-1;-41.91;CLIENTE
2024-05-01;1314;18064;SALE;-5;-20.15;CLIENTE
2024-05-01;1314;51957;SPOILAGE;-2;-25.12;OUTROS
2024-05-01;1314;57814;SALE;-1;-158.32;CLIENTE
2024-05-02;841;57816;SALE;-1;-41.91;CLIENTE
2024-05-02;1314;9607;DELIVERY;1;13.84;CD 2
2024-05-02;1314;15589;DELIVERY;6;185.94;CD 2
2024-05-02;1314;18064;DELIVERY;29;116.87;CD 2
2024-05-02;1314;18064;SALE;-6;-24.18;CLIENTE
2024-05-02;1314;21141;DELIVERY;2;61.22;CD 2
2024-05-02;1314;44217;DELIVERY;1;43.29;CD 2
2024-05-02;1314;48813;SALE;-1;-8.47;CLIENTE
2024-05-02;1314;57814;SALE;-1;-158.32;CLIENTE
2024-05-03;841;1439;DELIVERY;1;15.06;CD 2
2024-05-03;841;18064;DELIVERY;41;95.53;CD 2
2024-05-03;841;18064;SALE;-1;-2.33;CLIENTE
2024-05-03;841;20635;DELIVERY;1;23.08;CD 2
2024-05-03;841;21141;SALE;-1;-24.74;CLIENTE
2024-05-03;1314;9607;SALE;-1;-13.84;CLIENTE
2024-05-03;1314;18064;SALE;-10;-40.3;CLIENTE
2024-05-04;841;18064;SALE;-2;-4.66;CLIENTE
2024-05-04;841;57814;SALE;-1;-109.5;CLIENTE
2024-05-04;1314;5345;SALE;-1;-8.54;CLIENTE
2024-05-04;1314;9607;SALE;-4;-55.36;CLIENTE
2024-05-04;1314;15589;SALE;-1;-30.99;CLIENTE
2024-05-04;1314;18064;SALE;-20;-80.6;CLIENTE
2024-05-04;1314;58701;SALE;-1;-56.56;CLIENTE
2024-05-05;841;9607;SALE;-1;-8.45;CLIENTE
2024-05-05;841;18064;SALE;-1;-2.33;CLIENTE
2024-05-05;1314;1439;SALE;-2;-36.8;CLIENTE
2024-05-05;1314;5345;SALE;-2;-17.08;CLIENTE
2024-05-05;1314;9607;SALE;-2;-27.68;CLIENTE
2024-05-05;1314;15589;SALE;-1;-30.99;CLIENTE
2024-05-05;1314;18064;SALE;-8;-32.24;CLIENTE
2024-05-06;1314;1439;DELIVERY;2;36.98;CD 2
2024-05-06;1314;9607;DELIVERY;1;13.84;CD 2
2024-05-06;1314;18064;DELIVERY;38;153.52;CD 2
2024-05-06;1314;18064;SALE;-10;-40.4;CLIENTE
2024-05-06;1314;20635;DELIVERY;4;117.84;CD 2
2024-05-06;1314;21141;SALE;-1;-30.61;CLIENTE
2024-05-06;1314;36857;DELIVERY;1;3.82;CD 2
2024-05-06;1314;44217;SALE;-1;-43.29;CLIENTE
2024-05-06;1314;48812;DELIVERY;1;9.02;CD 2
2024-05-06;1314;48813;DELIVERY;3;25.83;CD 2
2024-05-07;841;5345;SALE;-1;-5.23;CLIENTE
2024-05-07;841;9607;SALE;-1;-8.45;CLIENTE
2024-05-07;841;18064;SALE;-12;-27.96;CLIENTE
2024-05-07;841;21141;SALE;-1;-24.74;CLIENTE
2024-05-07;841;35772;SALE;-2;-23.86;CLIENTE
2024-05-07;1314;15589;DELIVERY;1;30.99;CD 2
2024-05-07;1314;18064;SALE;-8;-32.32;CLIENTE
2024-05-07;1314;48813;DELIVERY;1;8.61;CD 2
2024-05-08;841;15589;DELIVERY;1;24.58;CD 2
2024-05-08;841;18064;DELIVERY;8;18.64;CD 2
2024-05-08;841;18064;SALE;-1;-2.33;CLIENTE
2024-05-08;841;48812;DELIVERY;2;15.22;CD 2
2024-05-08;841;58701;SALE;-1;-45.25;CLIENTE
2024-05-08;1314;5345;SALE;-1;-8.54;CLIENTE
2024-05-08;1314;15589;SALE;-1;-30.99;CLIENTE
2024-05-08;1314;18064;SALE;-8;-32.32;CLIENTE
2024-05-08;1314;21141;SALE;-1;-30.61;CLIENTE
2024-05-09;841;18064;SALE;-3;-6.99;CLIENTE
2024-05-09;841;21141;SALE;-1;-24.74;CLIENTE
2024-05-09;1314;5345;SALE;-1;-8.54;CLIENTE
2024-05-09;1314;9607;SALE;-1;-13.84;CLIENTE
2024-05-09;1314;15589;SALE;-1;-30.99;CLIENTE
2024-05-09;1314;18064;SALE;-8;-32.32;CLIENTE
2024-05-09;1314;36857;SALE;-1;-3.82;CLIENTE
2024-05-10;841;5345;DELIVERY;1;5.24;CD 2
2024-05-10;841;15589;DELIVERY;2;49.64;CD 2
2024-05-10;841;18064;DELIVERY;12;27.96;CD 2
2024-05-10;841;18064;SALE;-8;-18.64;CLIENTE
2024-05-10;841;21141;DELIVERY;2;50.74;CD 2
2024-05-10;1314;18064;DELIVERY;10;40.4;CD 2
2024-05-10;1314;18064;SALE;-13;-52.52;CLIENTE
2024-05-10;1314;20635;DELIVERY;1;29.44;CD 2
2024-05-11;841;18064;SALE;-3;-6.99;CLIENTE
2024-05-11;841;21141;SALE;-2;-50.74;CLIENTE
2024-05-11;841;55917;SALE;-1;-9.01;CLIENTE
2024-05-11;841;62782;SALE;-1;-7.55;CLIENTE
2024-05-11;1314;5345;SALE;-1;-8.54;CLIENTE
2024-05-11;1314;18064;SALE;-7;-28.28;CLIENTE
2024-05-11;1314;21141;SALE;-1;-30.61;CLIENTE
2024-05-12;841;5345;SALE;-1;-5.24;CLIENTE
2024-05-12;841;9607;SALE;-2;-16.9;CLIENTE
2024-05-12;841;18064;SALE;-4;-9.32;CLIENTE
2024-05-12;841;21141;SPOILAGE;-1;-25.37;OUTROS
2024-05-12;1314;15589;SALE;-1;-30.99;CLIENTE
2024-05-12;1314;18064;SALE;-9;-36.36;CLIENTE
2024-05-12;1314;20635;SALE;-1;-29.44;CLIENTE
2024-05-13;1314;5345;DELIVERY;2;17.16;CD 2
2024-05-13;1314;5345;SALE;-1;-8.58;CLIENTE
2024-05-13;1314;9607;DELIVERY;2;27.68;CD 2
2024-05-13;1314;9607;SALE;-2;-27.68;CLIENTE
2024-05-13;1314;15589;DELIVERY;2;61.98;CD 2
2024-05-13;1314;18064;DELIVERY;38;153.52;CD 2
2024-05-13;1314;18064;SALE;-3;-12.12;CLIENTE
2024-05-13;1314;20635;SALE;-1;-29.44;CLIENTE
2024-05-13;1314;21141;DELIVERY;5;158.25;CD 2
2024-05-13;1314;35416;SALE;-1;-14.94;CLIENTE
2024-05-13;1314;36857;SALE;-3;-11.46;CLIENTE
2024-05-13;1314;44217;DELIVERY;3;129.87;CD 2
2024-05-13;1314;48813;SALE;-1;-8.61;CLIENTE
2024-05-13;1314;58701;DELIVERY;1;56.56;CD 2
2024-05-14;841;5345;INVENTORY_CHECK;-1;-5.24;OUTROS
2024-05-14;841;5345;SALE;-1;-5.24;CLIENTE
2024-05-14;841;9607;DELIVERY;1;8.45;OUTROS
2024-05-14;841;9607;SALE;-1;-8.45;CLIENTE
2024-05-14;841;18064;SALE;-2;-4.66;CLIENTE
2024-05-14;841;21141;SALE;-1;-25.37;CLIENTE
2024-05-14;1314;1439;DELIVERY;2;37.04;CD 2
2024-05-14;1314;5345;DELIVERY;1;8.59;CD 2
2024-05-14;1314;5345;SALE;-1;-8.59;CLIENTE
2024-05-14;1314;9607;DELIVERY;9;124.65;CD 2
2024-05-14;1314;9607;SALE;-1;-13.85;CLIENTE
2024-05-14;1314;15589;DELIVERY;2;61.98;CD 2
2024-05-14;1314;15589;SALE;-1;-30.99;CLIENTE
2024-05-14;1314;18064;DELIVERY;16;64.64;CD 2
2024-05-14;1314;18064;SALE;-27;-109.08;CLIENTE
2024-05-14;1314;21141;DELIVERY;1;31.68;CD 2
2024-05-15;841;5345;DELIVERY;1;5.26;CD 2
2024-05-15;841;9607;DELIVERY;1;8.45;CD 2
2024-05-15;841;9607;SALE;-1;-8.45;CLIENTE
2024-05-15;841;18064;DELIVERY;19;44.27;CD 2
2024-05-15;841;18064;SALE;-5;-11.65;CLIENTE
2024-05-15;841;21141;DELIVERY;4;104;CD 2
2024-05-15;841;55917;DELIVERY;1;9.01;CD 2
2024-05-15;841;62782;DELIVERY;1;7.55;CD 2
2024-05-15;1314;5345;SALE;-1;-8.59;CLIENTE
2024-05-15;1314;15589;SALE;-1;-30.99;CLIENTE
2024-05-15;1314;18064;SALE;-10;-40.4;CLIENTE
2024-05-15;1314;20635;SALE;-2;-58.88;CLIENTE
2024-05-16;841;18064;SALE;-1;-2.33;CLIENTE
2024-05-16;841;48813;SALE;-1;-4.99;CLIENTE
2024-05-16;1314;15589;SALE;-1;-30.99;CLIENTE
2024-05-16;1314;18064;SALE;-18;-72.72;CLIENTE
2024-05-16;1314;35416;SALE;-1;-14.94;CLIENTE
2024-05-16;1314;48813;SALE;-1;-8.61;CLIENTE
2024-05-17;841;5345;DELIVERY;2;10.52;CD 2
2024-05-17;841;9607;DELIVERY;2;17.2;CD 2
2024-05-17;841;15589;SALE;-1;-24.82;CLIENTE
2024-05-17;841;18064;DELIVERY;2;4.66;CD 2
2024-05-17;841;18064;SALE;-11;-25.63;CLIENTE
2024-05-17;841;21141;DELIVERY;1;26;CD 2
2024-05-17;841;35772;DELIVERY;2;25.04;CD 2
2024-05-17;841;58701;DELIVERY;2;90.72;CD 2
2024-05-17;1314;1439;SALE;-1;-18.52;CLIENTE
2024-05-17;1314;15589;SALE;-1;-30.99;CLIENTE
2024-05-17;1314;18064;SALE;-11;-44.44;CLIENTE
2024-05-18;841;18064;SALE;-1;-2.33;CLIENTE
2024-05-18;841;21141;SALE;-1;-26;CLIENTE
2024-05-18;1314;1439;DELIVERY;1;18.53;CD 2
2024-05-18;1314;5345;DELIVERY;1;8.6;CD 2
2024-05-18;1314;9607;DELIVERY;1;13.87;CD 2
2024-05-18;1314;18064;DELIVERY;21;84.84;CD 2
2024-05-18;1314;18064;SALE;-8;-32.32;CLIENTE
2024-05-18;1314;21141;SALE;-1;-31.68;CLIENTE
2024-05-18;1314;36857;SALE;-1;-3.82;CLIENTE
2024-05-18;1314;48813;SALE;-1;-8.61;CLIENTE
2024-05-19;841;18064;DELIVERY;6;14.04;CD 2
2024-05-19;841;18064;SALE;-1;-2.34;CLIENTE
2024-05-19;841;57814;DELIVERY;1;109.5;CD 2
2024-05-19;841;57816;DELIVERY;3;131.4;CD 2
2024-05-19;1314;15589;SALE;-1;-30.99;CLIENTE
2024-05-19;1314;18064;SALE;-7;-28.28;CLIENTE
2024-05-19;1314;20635;SALE;-1;-29.44;CLIENTE
2024-05-19;1314;21141;SALE;-1;-31.68;CLIENTE
2024-05-19;1314;44217;SALE;-1;-43.29;CLIENTE
2024-05-19;1314;48813;SALE;-1;-8.61;CLIENTE
2024-05-20;841;18064;SALE;-3;-7.02;CLIENTE
2024-05-20;1314;5345;DELIVERY;2;17.22;CD 2
2024-05-20;1314;15589;DELIVERY;2;61.98;CD 2
2024-05-20;1314;15590;SALE;-1;-40.85;CLIENTE
2024-05-20;1314;18064;DELIVERY;19;76.76;CD 2
2024-05-20;1314;18064;SALE;-8;-32.32;CLIENTE
2024-05-20;1314;20635;DELIVERY;2;58.78;CD 2
2024-05-20;1314;20635;SALE;-2;-58.78;CLIENTE
2024-05-20;1314;21141;DELIVERY;1;31.71;CD 2
2024-05-20;1314;21141;SALE;-2;-63.42;CLIENTE
2024-05-20;1314;35416;DELIVERY;1;14.99;CD 2
2024-05-20;1314;36857;DELIVERY;2;7.7;CD 2
2024-05-21;841;18064;SALE;-1;-2.34;CLIENTE
2024-05-21;841;57814;SALE;-1;-109.5;CLIENTE
2024-05-21;841;57816;SALE;-1;-43.8;CLIENTE
2024-05-21;841;58701;SALE;-1;-45.36;CLIENTE
2024-05-21;1314;5345;DELIVERY;2;17.24;CD 2
2024-05-21;1314;9607;SALE;-1;-13.87;CLIENTE
2024-05-21;1314;15589;DELIVERY;1;30.99;CD 2
2024-05-21;1314;18064;DELIVERY;37;150.22;CD 2
2024-05-21;1314;18064;SALE;-3;-12.18;CLIENTE
2024-05-21;1314;20635;SALE;-2;-58.78;CLIENTE
2024-05-21;1314;57814;DELIVERY;2;301.66;CD 2
2024-05-22;841;18064;DELIVERY;13;30.55;CD 2
2024-05-22;841;18064;SALE;-1;-2.35;CLIENTE
2024-05-22;841;21141;DELIVERY;1;25.99;CD 2
2024-05-22;841;21141;SALE;-1;-25.99;CLIENTE
2024-05-22;841;57814;DELIVERY;1;109.5;CD 2
2024-05-22;841;57816;SALE;-2;-87.6;CLIENTE
2024-05-22;1314;9607;SALE;-1;-13.87;CLIENTE
2024-05-22;1314;18064;SALE;-19;-77.14;CLIENTE
2024-05-23;841;18064;SALE;-1;-2.35;CLIENTE
2024-05-23;841;57814;SALE;-1;-109.5;CLIENTE
2024-05-23;1314;15589;SALE;-1;-30.99;CLIENTE
2024-05-23;1314;18064;INVENTORY_CHECK;-3;-12.18;OUTROS
2024-05-23;1314;18064;SALE;-12;-48.72;CLIENTE
2024-05-23;1314;20635;SALE;-2;-58.78;CLIENTE
2024-05-23;1314;35416;SALE;-2;-29.98;CLIENTE
2024-05-23;1314;48812;SALE;-1;-9.02;CLIENTE
2024-05-24;841;15589;SALE;-1;-24.82;CLIENTE
2024-05-24;841;21141;SALE;-1;-25.99;CLIENTE
2024-05-24;1314;1439;DELIVERY;1;18.54;CD 2
2024-05-24;1314;5345;DELIVERY;3;25.89;CD 2
2024-05-24;1314;15589;DELIVERY;3;92.97;CD 2
2024-05-24;1314;18064;DELIVERY;32;130.24;CD 2
2024-05-24;1314;18064;SALE;-10;-40.7;CLIENTE
2024-05-24;1314;20635;SALE;-1;-29.39;CLIENTE
2024-05-24;1314;21141;SALE;-1;-31.71;CLIENTE
2024-05-24;1314;31330;SALE;-1;-67.81;CLIENTE
2024-05-24;1314;35416;DELIVERY;1;15.05;CD 2
2024-05-24;1314;35416;SALE;-1;-15.05;CLIENTE
2024-05-24;1314;36857;DELIVERY;1;3.85;CD 2
2024-05-24;1314;48812;DELIVERY;2;18.02;CD 2
2024-05-24;1314;48813;DELIVERY;2;17.42;CD 2
2024-05-24;1314;51957;DELIVERY;2;25.12;OUTROS
2024-05-24;1314;51957;SPOILAGE;-2;-25.12;CD 1
2024-05-25;841;9607;SALE;-1;-8.6;CLIENTE
2024-05-25;841;18064;DELIVERY;6;14.1;CD 2
2024-05-25;841;18064;SALE;-1;-2.35;CLIENTE
2024-05-25;841;21141;DELIVERY;1;25.99;CD 2
2024-05-25;841;21141;SALE;-1;-25.99;CLIENTE
2024-05-25;841;57814;DELIVERY;2;219;CD 2
2024-05-25;841;57816;DELIVERY;3;131.4;CD 2
2024-05-25;841;57817;DELIVERY;2;131.4;CD 2
2024-05-25;841;58701;DELIVERY;1;45.38;CD 2
2024-05-25;1314;9607;SALE;-3;-41.61;CLIENTE
2024-05-25;1314;15589;DELIVERY;1;30.99;CD 2
2024-05-25;1314;15590;DELIVERY;1;40.85;CD 2
2024-05-25;1314;18064;DELIVERY;38;155.04;CD 2
2024-05-25;1314;18064;SALE;-7;-28.56;CLIENTE
2024-05-25;1314;20635;DELIVERY;1;29.34;CD 2
2024-05-25;1314;20635;SALE;-1;-29.34;CLIENTE
2024-05-25;1314;21141;DELIVERY;2;63.54;CD 2
2024-05-25;1314;36857;DELIVERY;1;3.85;CD 2
2024-05-25;1314;44217;DELIVERY;1;43.2;CD 2
2024-05-25;1314;48813;DELIVERY;2;17.42;CD 2
2024-05-26;841;21141;DELIVERY;1;25.99;OUTROS
2024-05-26;841;21141;SPOILAGE;-1;-25.99;CD 1
2024-05-26;1314;15589;SALE;-2;-61.98;CLIENTE
2024-05-26;1314;15590;SALE;-1;-40.85;CLIENTE
2024-05-26;1314;18064;SALE;-15;-61.2;CLIENTE
2024-05-26;1314;20635;SALE;-2;-58.68;CLIENTE
2024-05-26;1314;48813;SALE;-2;-17.42;CLIENTE
2024-05-27;841;9607;SALE;-1;-8.6;CLIENTE
2024-05-27;841;18064;SALE;-1;-2.35;CLIENTE
2024-05-27;841;21141;SALE;-1;-25.99;CLIENTE
2024-05-27;841;57814;SALE;-2;-219;CLIENTE
2024-05-27;1314;9607;SALE;-1;-13.87;CLIENTE
2024-05-27;1314;15589;SALE;-2;-61.98;CLIENTE
2024-05-27;1314;18064;SALE;-9;-36.72;CLIENTE
2024-05-28;841;18064;SALE;-4;-9.4;CLIENTE
2024-05-28;841;21141;DELIVERY;2;51.84;CD 2
2024-05-28;841;57816;DELIVERY;1;43.8;CD 2
2024-05-28;1314;18064;DELIVERY;22;89.76;CD 2
2024-05-28;1314;18064;SALE;-17;-69.36;CLIENTE
2024-05-28;1314;20635;DELIVERY;5;146.1;CD 2
2024-05-28;1314;20635;SALE;-1;-29.22;CLIENTE
2024-05-28;1314;58701;SALE;-1;-56.56;CLIENTE
2024-05-29;841;18064;SALE;-5;-11.75;CLIENTE
2024-05-29;841;21141;SALE;-2;-51.84;CLIENTE
2024-05-29;841;57816;SALE;-2;-87.6;CLIENTE
2024-05-29;841;57817;SALE;-2;-131.4;CLIENTE
2024-05-29;1314;5345;SALE;-1;-8.63;CLIENTE
2024-05-29;1314;9607;SALE;-1;-13.87;CLIENTE
2024-05-29;1314;13315;SALE;-1;-47.01;CLIENTE
2024-05-29;1314;15589;SALE;-2;-61.98;CLIENTE
2024-05-29;1314;18064;SALE;-34;-138.72;CLIENTE
2024-05-29;1314;21141;SALE;-1;-31.77;CLIENTE
2024-05-30;841;18064;SALE;-5;-11.75;CLIENTE
2024-05-30;1314;1439;SALE;-1;-18.54;CLIENTE
2024-05-30;1314;9607;SALE;-1;-13.87;CLIENTE
2024-05-30;1314;15589;DELIVERY;1;30.99;CD 2
2024-05-30;1314;18064;DELIVERY;109;445.81;CD 2
2024-05-30;1314;18064;SALE;-9;-36.81;CLIENTE
2024-05-30;1314;20635;DELIVERY;3;87.63;CD 2
2024-05-30;1314;20635;SALE;-1;-29.21;CLIENTE
2024-05-30;1314;21141;DELIVERY;1;31.76;CD 2
2024-05-30;1314;31330;DELIVERY;1;66.46;CD 2
2024-05-30;1314;35416;DELIVERY;3;45.27;CD 2
2024-05-30;1314;48812;DELIVERY;1;9.01;CD 2
2024-05-30;1314;48813;SALE;-1;-8.71;CLIENTE
2024-05-31;841;9607;DELIVERY;1;8.66;CD 2
2024-05-31;841;15589;SALE;-1;-24.82;CLIENTE
2024-05-31;841;18064;SALE;-3;-7.05;CLIENTE
2024-05-31;841;21141;DELIVERY;1;25.9;CD 2
2024-05-31;841;31330;SALE;-1;-50.71;CLIENTE
2024-05-31;841;48812;SALE;-1;-7.61;CLIENTE
2024-05-31;841;51957;SALE;-1;-5.89;CLIENTE
2024-05-31;841;57814;DELIVERY;2;219;CD 2
2024-05-31;1314;5345;SALE;-2;-17.26;CLIENTE
2024-05-31;1314;9607;SALE;-1;-13.87;CLIENTE
2024-05-31;1314;18064;SALE;-8;-32.72;CLIENTE
2024-05-31;1314;20635;SALE;-1;-29.21;CLIENTE
2024-05-31;1314;21141;SALE;-1;-31.76;CLIENTE
2024-06-01;841;15589;SALE;-1;-24.82;CLIENTE
2024-06-01;1314;9607;SALE;-1;-13.87;CLIENTE
2024-06-01;1314;15589;DELIVERY;4;123.96;CD 2
2024-06-01;1314;15590;DELIVERY;1;40.85;CD 2
2024-06-01;1314;18064;DELIVERY;30;122.7;CD 2
2024-06-01;1314;18064;SALE;-19;-77.71;CLIENTE
2024-06-01;1314;20635;DELIVERY;3;87.6;CD 2
2024-06-01;1314;20635;SALE;-1;-29.2;CLIENTE
2024-06-01;1314;21141;SALE;-1;-31.76;CLIENTE
2024-06-01;1314;35772;DELIVERY;1;16.98;CD 2
2024-06-01;1314;44217;DELIVERY;1;43.2;OUTROS
2024-06-01;1314;44217;SALE;-1;-43.2;CLIENTE
2024-06-01;1314;48813;DELIVERY;2;17.42;CD 2
2024-06-02;841;5345;SALE;-1;-5.26;CLIENTE
2024-06-02;841;15589;SALE;-1;-24.82;CLIENTE
2024-06-02;841;18064;SALE;-1;-2.35;CLIENTE
2024-06-02;841;21141;DELIVERY;2;51.76;CD 2
2024-06-02;841;57816;DELIVERY;2;87.6;CD 2
2024-06-02;841;57817;DELIVERY;2;131.4;CD 2
2024-06-02;1314;9607;SALE;-2;-27.74;CLIENTE
2024-06-02;1314;18064;SALE;-11;-44.99;CLIENTE
2024-06-02;1314;35772;SALE;-1;-16.98;CLIENTE
2024-06-02;1314;48813;SALE;-1;-8.71;CLIENTE
2024-06-02;1314;51957;SPOILAGE;-1;-12.56;OUTROS
2024-06-02;1314;57912;SPOILAGE;-1;-13.08;OUTROS
2024-06-03;841;57814;SALE;-1;-109.5;CLIENTE
2024-06-03;1314;1439;SALE;-1;-18.54;CLIENTE
2024-06-03;1314;18064;SALE;-13;-53.17;CLIENTE
2024-06-03;1314;48812;SALE;-1;-9.01;CLIENTE
2024-06-04;841;15589;DELIVERY;3;75.57;CD 2
2024-06-04;841;15589;SALE;-1;-25.19;CLIENTE
2024-06-04;841;21141;DELIVERY;1;25.88;CD 2
2024-06-04;841;21141;SALE;-1;-25.88;CLIENTE
2024-06-04;841;31330;DELIVERY;1;50.37;CD 2
2024-06-04;841;51957;DELIVERY;1;7.71;CD 2
2024-06-04;841;57814;SALE;-1;-109.5;CLIENTE
2024-06-04;841;58701;SALE;-1;-45.38;CLIENTE
2024-06-04;1314;9607;SALE;-1;-13.87;CLIENTE
2024-06-04;1314;18064;SALE;-17;-69.53;CLIENTE
2024-06-04;1314;20635;SALE;-1;-29.2;CLIENTE
2024-06-05;841;57817;SALE;-1;-65.7;CLIENTE
2024-06-05;1314;5345;DELIVERY;1;8.65;CD 2
2024-06-05;1314;9607;DELIVERY;1;13.91;CD 2
2024-06-05;1314;15589;DELIVERY;2;61.98;CD 2
2024-06-05;1314;15589;SALE;-3;-92.97;CLIENTE
2024-06-05;1314;18064;DELIVERY;60;245.4;CD 2
2024-06-05;1314;18064;SALE;-18;-73.62;CLIENTE
2024-06-05;1314;20635;DELIVERY;1;29.2;CD 2
2024-06-05;1314;20635;SALE;-2;-58.4;CLIENTE
2024-06-05;1314;21141;SALE;-1;-31.76;CLIENTE
2024-06-05;1314;57912;SALE;-1;-13.08;CLIENTE
2024-06-05;1314;58701;DELIVERY;1;56.56;CD 2
2024-06-06;841;15589;SALE;-1;-25.19;CLIENTE
2024-06-06;841;18064;SALE;-1;-2.35;CLIENTE
2024-06-06;841;36857;SALE;-2;-4.82;CLIENTE
2024-06-06;841;42076;SALE;-1;-8.14;CLIENTE
2024-06-06;841;57817;SALE;-1;-65.7;CLIENTE
2024-06-06;1314;9607;SALE;-2;-27.82;CLIENTE
2024-06-06;1314;15589;SALE;-1;-30.99;CLIENTE
2024-06-06;1314;18064;SALE;-9;-36.81;CLIENTE
2024-06-06;1314;20635;SALE;-2;-58.4;CLIENTE
2024-06-06;1314;35416;SALE;-1;-15.09;CLIENTE
2024-06-07;841;9607;SALE;-1;-8.66;CLIENTE
2024-06-07;841;15589;DELIVERY;1;25.23;CD 2
2024-06-07;841;21141;DELIVERY;1;25.88;CD 2
2024-06-07;841;57814;DELIVERY;2;219;CD 2
2024-06-07;841;57816;SALE;-1;-43.8;CLIENTE
2024-06-07;841;58701;DELIVERY;1;45.39;CD 2
2024-06-07;1314;9607;SALE;-1;-13.91;CLIENTE
2024-06-07;1314;18064;SALE;-28;-114.52;CLIENTE
2024-06-07;1314;21141;SALE;-1;-31.76;CLIENTE
2024-06-07;1314;35416;SALE;-1;-15.09;CLIENTE
2024-06-07;1314;36857;SALE;-1;-3.85;CLIENTE
2024-06-08;841;18064;SALE;-1;-2.35;CLIENTE
2024-06-08;841;20635;SALE;-1;-23.08;CLIENTE
2024-06-08;841;21141;SALE;-1;-25.88;CLIENTE
2024-06-08;841;57814;SALE;-2;-219;CLIENTE
2024-06-08;841;57816;SALE;-1;-43.8;CLIENTE
2024-06-08;1314;1439;DELIVERY;1;18.57;CD 2
2024-06-08;1314;1439;SALE;-1;-18.57;CLIENTE
2024-06-08;1314;5345;DELIVERY;1;8.68;CD 2
2024-06-08;1314;9607;DELIVERY;3;42.03;CD 2
2024-06-08;1314;9607;SALE;-1;-14.01;CLIENTE
2024-06-08;1314;15589;DELIVERY;2;61.98;CD 2
2024-06-08;1314;18064;DELIVERY;8;32.72;CD 2
2024-06-08;1314;18064;SALE;-16;-65.44;CLIENTE
2024-06-08;1314;20635;DELIVERY;2;58.4;CD 2
2024-06-08;1314;21141;DELIVERY;4;126.96;CD 2
2024-06-08;1314;36857;SALE;-1;-3.85;CLIENTE
2024-06-08;1314;48812;SALE;-1;-9.01;CLIENTE
2024-06-09;841;18064;SALE;-2;-4.7;CLIENTE
2024-06-09;1314;18064;SALE;-22;-89.98;CLIENTE
2024-06-09;1314;36857;SALE;-1;-3.85;CLIENTE
2024-06-09;1314;48812;SALE;-1;-9.01;CLIENTE
2024-06-10;841;5345;SALE;-1;-5.26;CLIENTE
2024-06-10;841;15589;DELIVERY;1;25.25;CD 2
2024-06-10;841;18064;SALE;-6;-14.1;CLIENTE
2024-06-10;841;57816;SALE;-1;-43.8;CLIENTE
2024-06-10;841;57817;DELIVERY;2;131.4;CD 2
2024-06-10;1314;9607;SALE;-1;-14.01;CLIENTE
2024-06-10;1314;15589;SALE;-1;-30.99;CLIENTE
2024-06-10;1314;18064;SALE;-18;-73.62;CLIENTE
2024-06-10;1314;20635;SALE;-1;-29.2;CLIENTE
2024-06-11;841;15589;SALE;-1;-25.25;CLIENTE
2024-06-11;841;57816;SALE;-1;-43.8;CLIENTE
2024-06-11;841;57817;SALE;-1;-65.7;CLIENTE
2024-06-11;1314;15589;SALE;-1;-30.99;CLIENTE
2024-06-11;1314;18064;SALE;-21;-85.89;CLIENTE
2024-06-11;1314;21141;SALE;-1;-31.74;CLIENTE
2024-06-11;1314;35416;SALE;-1;-15.09;CLIENTE
2024-06-12;841;9607;DELIVERY;1;8.7;CD 2
2024-06-12;841;18064;SALE;-5;-11.75;CLIENTE
2024-06-12;841;20635;DELIVERY;1;23.3;CD 2
2024-06-12;841;21141;DELIVERY;1;25.89;CD 2
2024-06-12;841;57814;DELIVERY;2;219;CD 2
2024-06-12;841;57816;DELIVERY;2;87.6;CD 2
2024-06-12;841;57817;SALE;-1;-65.7;CLIENTE
2024-06-12;1314;15589;SALE;-2;-61.98;CLIENTE
2024-06-12;1314;18064;SALE;-25;-102.25;CLIENTE
2024-06-12;1314;36857;SALE;-1;-3.85;CLIENTE
2024-06-13;841;5345;SALE;-1;-5.26;CLIENTE
2024-06-13;841;9607;SALE;-1;-8.7;CLIENTE
2024-06-13;841;18064;SALE;-1;-2.35;CLIENTE
2024-06-13;841;20635;SALE;-1;-23.3;CLIENTE
2024-06-13;1314;1439;SALE;-1;-18.57;CLIENTE
2024-06-13;1314;9607;SALE;-1;-14.01;CLIENTE
2024-06-13;1314;15589;SALE;-1;-30.99;CLIENTE
2024-06-13;1314;18064;SALE;-6;-24.54;CLIENTE
2024-06-13;1314;20635;SALE;-1;-29.2;CLIENTE
2024-06-13;1314;48813;SALE;-1;-8.71;CLIENTE
2024-06-14;841;5345;DELIVERY;1;5.58;CD 2
2024-06-14;841;15589;DELIVERY;1;25.27;CD 2
2024-06-14;841;18064;SALE;-6;-14.1;CLIENTE
2024-06-14;841;57816;DELIVERY;2;87.6;CD 2
2024-06-14;841;57817;DELIVERY;1;65.7;CD 2
2024-06-14;1314;1439;DELIVERY;1;18.6;CD 2
2024-06-14;1314;9607;DELIVERY;4;56.36;CD 2
2024-06-14;1314;18064;DELIVERY;60;246;CD 2
2024-06-14;1314;18064;SALE;-11;-45.1;CLIENTE
2024-06-14;1314;20635;DELIVERY;1;29.2;CD 2
2024-06-14;1314;20635;SALE;-1;-29.2;CLIENTE
2024-06-14;1314;21141;DELIVERY;1;31.74;CD 2
2024-06-14;1314;21141;SALE;-1;-31.74;CLIENTE
2024-06-14;1314;35772;DELIVERY;1;16.98;CD 2
2024-06-14;1314;48813;SALE;-1;-8.71;CLIENTE
2024-06-14;1314;51957;DELIVERY;1;14.66;CD 2
2024-06-15;841;18064;SALE;-4;-9.4;CLIENTE
2024-06-15;1314;5345;SALE;-1;-8.68;CLIENTE
2024-06-15;1314;9607;DELIVERY;1;14.1;CD 2
2024-06-15;1314;15589;DELIVERY;3;92.97;CD 2
2024-06-15;1314;18064;DELIVERY;18;74.16;CD 2
2024-06-15;1314;18064;SALE;-23;-94.76;CLIENTE
2024-06-15;1314;20635;DELIVERY;3;87.6;CD 2
2024-06-15;1314;20635;SALE;-1;-29.2;CLIENTE
2024-06-15;1314;21141;DELIVERY;1;31.75;CD 2
2024-06-15;1314;35772;DELIVERY;2;33.96;CD 2
2024-06-15;1314;57912;DELIVERY;1;13.29;CD 2
2024-06-16;841;5345;DELIVERY;1;5.58;CD 2
2024-06-16;841;9607;DELIVERY;1;8.73;CD 2
2024-06-16;841;9607;SALE;-1;-8.73;CLIENTE
2024-06-16;841;18064;DELIVERY;4;9.52;CD 2
2024-06-16;841;18064;SALE;-4;-9.52;CLIENTE
2024-06-16;841;20635;DELIVERY;1;23.3;CD 2
2024-06-16;841;21141;SALE;-1;-25.89;CLIENTE
2024-06-16;841;57817;DELIVERY;1;65.7;CD 2
2024-06-16;1314;5345;SALE;-1;-8.68;CLIENTE
2024-06-16;1314;18064;SALE;-7;-28.84;CLIENTE
2024-06-17;841;9607;SALE;-1;-8.73;CLIENTE
2024-06-17;841;15589;SALE;-1;-25.27;CLIENTE
2024-06-17;841;21141;SALE;-2;-51.78;CLIENTE
2024-06-17;1314;5345;SALE;-1;-8.68;CLIENTE
2024-06-17;1314;9607;DELIVERY;2;28.24;CD 2
2024-06-17;1314;15589;DELIVERY;1;30.99;CD 2
2024-06-17;1314;15589;SALE;-1;-30.99;CLIENTE
2024-06-17;1314;18064;DELIVERY;4;16.52;OUTROS
2024-06-17;1314;18064;DELIVERY;6;24.78;CD 2
2024-06-17;1314;18064;SALE;-14;-57.82;CLIENTE
2024-06-17;1314;20635;DELIVERY;2;58.48;CD 2
2024-06-17;1314;35416;DELIVERY;1;15.1;CD 2
2024-06-17;1314;44217;SALE;-1;-43.2;CLIENTE
2024-06-18;841;5345;DELIVERY;3;16.74;CD 2
2024-06-18;841;9607;DELIVERY;1;8.76;CD 2
2024-06-18;841;15589;SALE;-1;-25.27;CLIENTE
2024-06-18;841;18064;DELIVERY;15;36.6;CD 2
2024-06-18;841;21141;SALE;-1;-25.89;CLIENTE
2024-06-18;1314;5345;SALE;-1;-8.68;CLIENTE
2024-06-18;1314;9607;SALE;-1;-14.12;CLIENTE
2024-06-18;1314;15589;SALE;-1;-30.99;CLIENTE
2024-06-18;1314;18064;SALE;-14;-57.82;CLIENTE
2024-06-18;1314;36857;SALE;-1;-3.85;CLIENTE
2024-06-19;841;18064;SALE;-1;-2.44;CLIENTE
2024-06-19;1314;18064;SALE;-14;-57.82;CLIENTE
2024-06-19;1314;21141;SALE;-2;-63.5;CLIENTE
2024-06-19;1314;35416;SALE;-1;-15.1;CLIENTE
2024-06-20;841;18064;SALE;-1;-2.44;CLIENTE
2024-06-20;1314;1439;DELIVERY;2;37.25;CD 2
2024-06-20;1314;9607;DELIVERY;4;56.56;CD 2
2024-06-20;1314;9607;SALE;-2;-28.28;CLIENTE
2024-06-20;1314;9607;TRANSFER;-1;-14.14;CD 2
2024-06-20;1314;15589;DELIVERY;5;154.95;CD 2
2024-06-20;1314;15589;SALE;-1;-30.99;CLIENTE
2024-06-20;1314;18064;DELIVERY;82;342.76;CD 2
2024-06-20;1314;18064;SALE;-20;-83.6;CLIENTE
2024-06-20;1314;20635;DELIVERY;2;58.54;CD 2
2024-06-20;1314;21141;DELIVERY;1;31.76;CD 2
2024-06-20;1314;35416;DELIVERY;2;30.25;CD 2
2024-06-20;1314;36857;DELIVERY;4;15.48;CD 2
2024-06-20;1314;57814;SALE;-1;-150.83;CLIENTE
2024-06-21;841;9607;DELIVERY;1;8.78;CD 2
2024-06-21;841;15589;DELIVERY;2;50.58;CD 2
2024-06-21;841;18064;SALE;-4;-9.76;CLIENTE
2024-06-21;841;21141;DELIVERY;4;103.68;CD 2
2024-06-21;841;36857;DELIVERY;3;7.38;CD 2
2024-06-21;841;57814;SALE;-1;-109.5;CLIENTE
2024-06-21;1314;1439;SALE;-1;-18.63;CLIENTE
2024-06-21;1314;5345;SALE;-1;-8.68;CLIENTE
2024-06-21;1314;9607;SALE;-2;-28.28;CLIENTE
2024-06-21;1314;18064;SALE;-17;-71.06;CLIENTE
2024-06-21;1314;21141;SALE;-1;-31.76;CLIENTE
2024-06-21;1314;35416;SALE;-1;-15.13;CLIENTE
2024-06-22;841;15589;SALE;-1;-25.29;CLIENTE
2024-06-22;1314;1439;SALE;-4;-74.52;CLIENTE
2024-06-22;1314;15589;SALE;-1;-30.99;CLIENTE
2024-06-22;1314;15590;DELIVERY;1;41.32;CD 2
2024-06-22;1314;18064;SALE;-26;-108.68;CLIENTE
2024-06-22;1314;20635;DELIVERY;1;29.28;CD 2
2024-06-22;1314;36857;DELIVERY;1;3.87;CD 2
2024-06-22;1314;51957;DELIVERY;1;14.66;OUTROS
2024-06-22;1314;51957;SPOILAGE;-1;-14.66;CD 1
2024-06-22;1314;57912;DELIVERY;1;13.29;OUTROS
2024-06-22;1314;57912;SPOILAGE;-1;-13.29;CD 1
2024-06-23;841;5345;SALE;-1;-5.58;CLIENTE
2024-06-23;841;35772;SALE;-1;-12.52;CLIENTE
2024-06-23;1314;18064;SALE;-9;-37.62;CLIENTE
2024-06-24;841;5345;SALE;-1;-5.58;CLIENTE
2024-06-24;841;18064;SALE;-4;-9.76;CLIENTE
2024-06-24;1314;5345;SALE;-1;-8.68;CLIENTE
2024-06-24;1314;18064;SALE;-15;-62.7;CLIENTE
2024-06-24;1314;20635;SALE;-1;-29.28;CLIENTE
2024-06-25;841;5345;SALE;-2;-11.16;CLIENTE
2024-06-25;841;9607;SALE;-1;-8.78;CLIENTE
2024-06-25;841;18064;DELIVERY;2;4.88;CD 2
2024-06-25;841;57912;SPOILAGE;-1;-8.79;OUTROS
2024-06-25;1314;1439;SALE;-1;-18.63;CLIENTE
2024-06-25;1314;5345;DELIVERY;1;8.73;CD 2
2024-06-25;1314;15589;DELIVERY;1;30.99;CD 2
2024-06-25;1314;18064;SALE;-15;-62.7;CLIENTE
2024-06-25;1314;20635;DELIVERY;1;29.29;CD 2
2024-06-25;1314;21141;DELIVERY;2;63.54;CD 2
2024-06-25;1314;21141;SALE;-1;-31.77;CLIENTE
2024-06-25;1314;62364;SALE;-1;-32.58;CLIENTE
2024-06-26;841;15589;SALE;-1;-25.29;CLIENTE
2024-06-26;841;18064;SALE;-2;-4.88;CLIENTE
2024-06-26;841;20635;SALE;-1;-23.3;CLIENTE
2024-06-26;841;57816;SALE;-1;-43.8;CLIENTE
2024-06-26;1314;5345;DELIVERY;1;8.77;CD 2
2024-06-26;1314;5345;SALE;-1;-8.77;CLIENTE
2024-06-26;1314;9607;DELIVERY;1;14.15;CD 2
2024-06-26;1314;9607;SALE;-1;-14.15;CLIENTE
2024-06-26;1314;15589;DELIVERY;1;30.99;CD 2
2024-06-26;1314;15589;SALE;-1;-30.99;CLIENTE
2024-06-26;1314;18064;DELIVERY;7;29.33;CD 2
2024-06-26;1314;18064;SALE;-19;-79.61;CLIENTE
2024-06-26;1314;20635;SALE;-4;-117.16;CLIENTE
2024-06-26;1314;21141;DELIVERY;2;63.56;CD 2
2024-06-26;1314;21141;SALE;-1;-31.78;CLIENTE
2024-06-26;1314;36857;DELIVERY;1;3.87;CD 2
2024-06-26;1314;48812;DELIVERY;3;26.94;CD 2
2024-06-26;1314;48813;DELIVERY;4;35.92;CD 2
2024-06-27;841;5345;DELIVERY;1;5.58;CD 2
2024-06-27;841;9607;DELIVERY;1;8.79;CD 2
2024-06-27;841;15589;DELIVERY;1;25.3;CD 2
2024-06-27;841;18064;DELIVERY;4;9.8;CD 2
2024-06-27;841;20635;DELIVERY;1;23.3;CD 2
2024-06-27;841;57814;DELIVERY;1;109.5;CD 2
2024-06-27;841;57814;SALE;-1;-109.5;CLIENTE
2024-06-27;1314;5345;DELIVERY;1;8.8;CD 2
2024-06-27;1314;9607;DELIVERY;3;42.48;CD 2
2024-06-27;1314;15589;DELIVERY;1;30.99;CD 2
2024-06-27;1314;18064;DELIVERY;1;4.14;OUTROS
2024-06-27;1314;18064;DELIVERY;39;163.8;CD 2
2024-06-27;1314;18064;SALE;-7;-29.4;CLIENTE
2024-06-27;1314;20635;SALE;-1;-29.29;CLIENTE
2024-06-27;1314;21141;DELIVERY;1;31.78;CD 2
2024-06-27;1314;35416;DELIVERY;2;30.32;CD 2
2024-06-27;1314;57814;DELIVERY;1;150.83;CD 2
2024-06-28;841;5345;DELIVERY;3;16.74;CD 2
2024-06-28;841;9607;DELIVERY;1;8.8;CD 2
2024-06-28;841;18064;DELIVERY;4;9.84;CD 2
2024-06-28;1314;15589;SALE;-1;-30.99;CLIENTE
2024-06-28;1314;18064;SALE;-21;-88.2;CLIENTE
2024-06-28;1314;36857;SALE;-1;-3.87;CLIENTE
2024-06-29;841;15589;SALE;-1;-25.3;CLIENTE
2024-06-29;841;57814;SALE;-1;-109.5;CLIENTE
2024-06-29;1314;1439;SALE;-1;-18.63;CLIENTE
2024-06-29;1314;9607;SALE;-1;-14.16;CLIENTE
2024-06-29;1314;18064;SALE;-13;-54.6;CLIENTE
2024-06-29;1314;36857;SALE;-5;-19.35;CLIENTE
2024-06-30;1314;5345;SALE;-1;-8.8;CLIENTE
2024-06-30;1314;9607;SALE;-1;-14.16;CLIENTE
2024-07-01;841;9607;SALE;-1;-8.8;CLIENTE
2024-07-01;841;15589;DELIVERY;1;25.3;CD 2
2024-07-01;841;18064;DELIVERY;2;4.92;CD 2
2024-07-01;841;18064;SALE;-4;-9.84;CLIENTE
2024-07-01;841;20635;DELIVERY;1;23.3;CD 2
2024-07-01;841;57814;DELIVERY;1;109.5;CD 2
2024-07-01;841;57816;DELIVERY;1;43.8;CD 2
2024-07-01;841;57816;SALE;-1;-43.8;CLIENTE
2024-07-01;841;57817;SALE;-1;-65.7;CLIENTE
2024-07-01;1314;5345;SALE;-1;-8.8;CLIENTE
2024-07-01;1314;9607;SALE;-1;-14.16;CLIENTE
2024-07-01;1314;15589;SALE;-1;-30.99;CLIENTE
2024-07-01;1314;36857;DELIVERY;1;3.87;OUTROS
2024-07-01;1314;36857;SALE;-2;-7.74;CLIENTE
2024-07-01;1314;48813;SALE;-1;-8.98;CLIENTE
2024-07-02;841;15589;DELIVERY;1;25.3;CD 2
2024-07-02;841;18064;SALE;-4;-9.84;CLIENTE
2024-07-02;841;57814;DELIVERY;1;109.5;CD 2
2024-07-02;1314;1439;DELIVERY;4;75.68;CD 2
2024-07-02;1314;5345;SALE;-1;-8.8;CLIENTE
2024-07-02;1314;9607;DELIVERY;2;28.34;CD 2
2024-07-02;1314;15589;DELIVERY;1;30.99;CD 2
2024-07-02;1314;18064;DELIVERY;60;252;CD 2
2024-07-02;1314;18064;SALE;-2;-8.4;CLIENTE
2024-07-02;1314;20635;DELIVERY;1;29.3;CD 2
2024-07-02;1314;21141;SALE;-1;-31.78;CLIENTE
2024-07-02;1314;35416;SALE;-1;-15.16;CLIENTE
2024-07-02;1314;44217;SALE;-1;-43.2;CLIENTE
2024-07-02;1314;48813;SALE;-1;-8.98;CLIENTE
2024-07-03;841;18064;SALE;-2;-4.92;CLIENTE
2024-07-03;1314;5345;SALE;-1;-8.8;CLIENTE
2024-07-03;1314;13315;SALE;-1;-47.01;CLIENTE
2024-07-03;1314;18064;SALE;-31;-130.2;CLIENTE
2024-07-03;1314;21141;SALE;-1;-31.78;CLIENTE
2024-07-03;1314;48813;SALE;-1;-8.98;CLIENTE
2024-07-04;841;5345;SALE;-1;-5.58;CLIENTE
2024-07-04;841;18064;SALE;-4;-9.84;CLIENTE
2024-07-04;841;57814;SALE;-1;-109.5;CLIENTE
2024-07-04;1314;1439;DELIVERY;1;18.92;CD 2
2024-07-04;1314;5345;DELIVERY;2;17.74;CD 2
2024-07-04;1314;9607;DELIVERY;1;14.17;CD 2
2024-07-04;1314;9607;SALE;-1;-14.17;CLIENTE
2024-07-04;1314;15589;DELIVERY;1;30.99;CD 2
2024-07-04;1314;18064;DELIVERY;21;88.2;CD 2
2024-07-04;1314;18064;SALE;-9;-37.8;CLIENTE
2024-07-04;1314;20635;DELIVERY;3;87.96;CD 2
2024-07-04;1314;21141;DELIVERY;1;31.78;CD 2
2024-07-05;841;18064;SALE;-2;-4.92;CLIENTE
2024-07-05;841;36857;SALE;-1;-2.46;CLIENTE
2024-07-05;841;57814;SALE;-1;-109.5;CLIENTE
2024-07-05;1314;5345;DELIVERY;1;8.88;CD 2
2024-07-05;1314;5345;SALE;-1;-8.88;CLIENTE
2024-07-05;1314;9607;DELIVERY;1;14.17;CD 2
2024-07-05;1314;9607;SALE;-2;-28.34;CLIENTE
2024-07-05;1314;18064;DELIVERY;35;147;CD 2
2024-07-05;1314;18064;SALE;-17;-71.4;CLIENTE
2024-07-05;1314;20635;DELIVERY;3;87.99;CD 2
2024-07-05;1314;35416;DELIVERY;1;15.21;CD 2
2024-07-05;1314;57912;DELIVERY;1;13.29;CD 2
2024-07-05;1314;58701;DELIVERY;1;57.75;CD 2
2024-07-06;841;18064;SALE;-8;-19.68;CLIENTE
2024-07-06;1314;9607;SALE;-1;-14.17;CLIENTE
2024-07-06;1314;15589;SALE;-1;-30.99;CLIENTE
2024-07-06;1314;18064;SALE;-6;-25.2;CLIENTE
2024-07-06;1314;21141;SALE;-2;-63.56;CLIENTE
2024-07-06;1314;58701;SALE;-1;-57.75;CLIENTE
2024-07-07;841;5345;DELIVERY;1;5.58;CD 2
2024-07-07;841;9607;DELIVERY;1;8.8;CD 2
2024-07-07;841;18064;DELIVERY;14;34.72;CD 2
2024-07-07;841;18064;SALE;-2;-4.96;CLIENTE
2024-07-07;841;48813;SALE;-1;-4.99;CLIENTE
2024-07-07;841;57814;DELIVERY;1;109.5;CD 2
2024-07-07;841;57816;DELIVERY;1;43.8;CD 2
2024-07-07;841;57817;DELIVERY;1;65.7;CD 2
2024-07-07;1314;9607;SALE;-1;-14.17;CLIENTE
2024-07-07;1314;18064;SALE;-10;-42;CLIENTE
2024-07-08;841;18064;SALE;-2;-4.96;CLIENTE
2024-07-08;841;36857;SALE;-1;-2.46;CLIENTE
2024-07-08;841;57814;SALE;-1;-109.5;CLIENTE
2024-07-08;1314;1439;DELIVERY;1;18.92;CD 2
2024-07-08;1314;5345;DELIVERY;2;17.8;CD 2
2024-07-08;1314;9607;DELIVERY;2;28.36;CD 2
2024-07-08;1314;15589;DELIVERY;2;61.98;CD 2
2024-07-08;1314;18064;DELIVERY;10;42;CD 2
2024-07-08;1314;18064;SALE;-17;-71.4;CLIENTE
2024-07-08;1314;21141;DELIVERY;4;127.12;CD 2
2024-07-08;1314;35416;SALE;-1;-15.21;CLIENTE
2024-07-08;1314;36857;DELIVERY;7;27.09;CD 2
2024-07-08;1314;48812;SALE;-1;-8.98;CLIENTE
2024-07-08;1314;62364;DELIVERY;1;34.49;CD 2
2024-07-09;841;9607;SALE;-1;-8.8;CLIENTE
2024-07-09;841;18064;SALE;-6;-14.88;CLIENTE
2024-07-09;1314;9607;SALE;-1;-14.18;CLIENTE
2024-07-09;1314;15589;SALE;-1;-30.99;CLIENTE
2024-07-09;1314;18064;SALE;-6;-25.2;CLIENTE
2024-07-09;1314;35772;SALE;-1;-16.98;CLIENTE
2024-07-10;841;9607;SALE;-1;-8.8;CLIENTE
2024-07-10;841;18064;SALE;-1;-2.48;CLIENTE
2024-07-10;841;21141;SALE;-1;-25.92;CLIENTE
2024-07-10;1314;5345;DELIVERY;1;8.91;CD 2
2024-07-10;1314;9607;DELIVERY;1;14.18;CD 2
2024-07-10;1314;15589;SALE;-1;-30.99;CLIENTE
2024-07-10;1314;18064;DELIVERY;23;96.6;CD 2
2024-07-10;1314;18064;SALE;-10;-42;CLIENTE
2024-07-10;1314;20635;SALE;-1;-29.33;CLIENTE
2024-07-10;1314;21141;SALE;-1;-31.78;CLIENTE
2024-07-10;1314;35416;DELIVERY;1;15.25;CD 2
2024-07-10;1314;44217;DELIVERY;1;43.12;CD 2
2024-07-10;1314;48813;DELIVERY;3;26.94;CD 2
2024-07-11;841;18064;DELIVERY;16;39.8;CD 2
2024-07-11;841;18064;SALE;-1;-2.49;CLIENTE
2024-07-11;841;31330;SALE;-1;-50.37;CLIENTE
2024-07-11;841;36857;DELIVERY;2;4.94;CD 2
2024-07-11;841;57814;DELIVERY;2;219;CD 2
2024-07-11;841;57816;SALE;-1;-43.8;CLIENTE
2024-07-11;1314;5345;DELIVERY;1;8.91;CD 2
2024-07-11;1314;9607;DELIVERY;1;14.18;CD 2
2024-07-11;1314;18064;DELIVERY;23;96.6;CD 2
2024-07-11;1314;18064;SALE;-11;-46.2;CLIENTE
2024-07-11;1314;21141;DELIVERY;2;63.56;CD 2
2024-07-12;841;18064;SALE;-3;-7.47;CLIENTE
2024-07-12;841;20635;SALE;-1;-23.3;CLIENTE
2024-07-12;1314;5345;SALE;-2;-17.82;CLIENTE
2024-07-12;1314;18064;SALE;-4;-16.8;CLIENTE
2024-07-12;1314;20635;SALE;-1;-29.33;CLIENTE
2024-07-12;1314;35416;SALE;-1;-15.25;CLIENTE
2024-07-12;1314;35772;SALE;-1;-16.98;CLIENTE
2024-07-13;841;9607;SALE;-1;-8.8;CLIENTE
2024-07-13;841;18064;SALE;-1;-2.49;CLIENTE
2024-07-13;841;55917;SALE;-1;-9.01;CLIENTE
2024-07-13;1314;5345;DELIVERY;1;8.92;CD 2
2024-07-13;1314;9607;DELIVERY;4;56.88;CD 2
2024-07-13;1314;15589;DELIVERY;1;30.99;CD 2
2024-07-13;1314;18064;DELIVERY;61;256.2;CD 2
2024-07-13;1314;18064;SALE;-16;-67.2;CLIENTE
2024-07-13;1314;20635;SALE;-2;-58.66;CLIENTE
2024-07-13;1314;21141;DELIVERY;2;63.56;CD 2
2024-07-13;1314;35416;DELIVERY;1;15.28;CD 2
2024-07-13;1314;48812;DELIVERY;1;8.98;CD 2
2024-07-13;1314;57912;SALE;-1;-13.29;CLIENTE
2024-07-13;1314;58701;DELIVERY;1;58.35;CD 2
2024-07-14;841;5345;SALE;-1;-5.58;CLIENTE
2024-07-14;841;18064;SALE;-2;-4.98;CLIENTE
2024-07-14;1314;9607;SALE;-1;-14.22;CLIENTE
2024-07-14;1314;15589;SALE;-1;-30.99;CLIENTE
2024-07-14;1314;18064;SALE;-5;-21;CLIENTE
2024-07-14;1314;21141;SALE;-1;-31.78;CLIENTE
2024-07-14;1314;48812;SALE;-1;-8.98;CLIENTE
2024-07-15;841;5345;SALE;-1;-5.58;CLIENTE
2024-07-15;841;9607;DELIVERY;1;8.85;CD 2
2024-07-15;841;18064;DELIVERY;5;12.45;CD 2
2024-07-15;841;18064;SALE;-1;-2.49;CLIENTE
2024-07-15;841;31330;DELIVERY;1;51.06;CD 2
2024-07-15;1314;9607;SALE;-3;-42.66;CLIENTE
2024-07-15;1314;18064;SALE;-16;-67.2;CLIENTE
2024-07-15;1314;31330;SALE;-1;-66.46;CLIENTE
2024-07-15;1314;35416;SALE;-2;-30.56;CLIENTE
2024-07-15;1314;48812;SALE;-1;-8.98;CLIENTE
2024-07-16;1314;9607;DELIVERY;1;14.23;CD 2
2024-07-16;1314;15589;DELIVERY;2;61.98;CD 2
2024-07-16;1314;18064;SALE;-2;-8.4;CLIENTE
2024-07-16;1314;20635;DELIVERY;1;29.33;CD 2
2024-07-16;1314;35772;DELIVERY;1;16.98;CD 2
2024-07-17;841;18064;SALE;-1;-2.49;CLIENTE
2024-07-17;1314;18064;SALE;-5;-21;CLIENTE
2024-07-17;1314;21141;SALE;-1;-31.78;CLIENTE
2024-07-18;841;9607;DELIVERY;1;8.87;CD 2
2024-07-18;841;18064;DELIVERY;7;17.43;CD 2
2024-07-18;841;18064;SALE;-2;-4.98;CLIENTE
2024-07-18;841;20635;DELIVERY;1;23.3;CD 2
2024-07-18;841;21141;DELIVERY;1;25.92;CD 2
2024-07-18;841;31330;DELIVERY;1;51.06;CD 2
2024-07-18;841;55917;DELIVERY;1;9.13;CD 2
2024-07-18;1314;5345;DELIVERY;2;17.86;CD 2
2024-07-18;1314;5345;SALE;-1;-8.93;CLIENTE
2024-07-18;1314;9607;DELIVERY;2;28.48;CD 2
2024-07-18;1314;9607;SALE;-1;-14.24;CLIENTE
2024-07-18;1314;13315;SALE;-1;-47.01;CLIENTE
2024-07-18;1314;18064;DELIVERY;16;67.2;CD 2
2024-07-18;1314;18064;SALE;-9;-37.8;CLIENTE
2024-07-18;1314;20635;DELIVERY;1;29.33;CD 2
2024-07-18;1314;35416;DELIVERY;1;15.31;CD 2
2024-07-18;1314;36857;DELIVERY;3;11.61;CD 2
2024-07-18;1314;44217;DELIVERY;1;43.09;CD 2
2024-07-18;1314;48812;DELIVERY;2;17.96;CD 2
2024-07-19;841;18064;SALE;-2;-4.98;CLIENTE
2024-07-19;1314;1439;SALE;-1;-18.92;CLIENTE
2024-07-19;1314;15589;SALE;-1;-30.99;CLIENTE
2024-07-19;1314;18064;SALE;-18;-75.6;CLIENTE
2024-07-20;1314;15589;SALE;-1;-30.99;CLIENTE
2024-07-20;1314;18064;SALE;-11;-46.2;CLIENTE
2024-07-20;1314;21141;SALE;-1;-31.78;CLIENTE
2024-07-21;841;18064;SALE;-7;-17.43;CLIENTE
2024-07-21;1314;5345;SALE;-1;-8.93;CLIENTE
2024-07-21;1314;9607;SALE;-2;-28.48;CLIENTE
2024-07-21;1314;15589;SALE;-2;-61.98;CLIENTE
2024-07-21;1314;18064;SALE;-22;-92.4;CLIENTE
2024-07-22;841;5345;DELIVERY;1;5.59;CD 2
2024-07-22;841;9607;SALE;-1;-8.87;CLIENTE
2024-07-22;841;18064;DELIVERY;1;2.49;CD 2
2024-07-22;841;18064;SALE;-1;-2.49;CLIENTE
2024-07-22;841;57912;DELIVERY;1;8.79;OUTROS
2024-07-22;841;57912;SPOILAGE;-1;-8.79;CD 1
2024-07-22;1314;1439;SALE;-1;-18.92;CLIENTE
2024-07-22;1314;9607;SALE;-1;-14.24;CLIENTE
2024-07-22;1314;18064;SALE;-16;-67.2;CLIENTE
2024-07-22;1314;20635;SALE;-1;-29.33;CLIENTE
2024-07-23;841;18064;SALE;-2;-4.98;CLIENTE
2024-07-23;1314;1439;SALE;-1;-18.92;CLIENTE
2024-07-23;1314;5345;SALE;-3;-26.79;CLIENTE
2024-07-23;1314;9607;DELIVERY;2;28.5;CD 2
2024-07-23;1314;15589;DELIVERY;1;30.99;CD 2
2024-07-23;1314;18064;DELIVERY;36;151.2;CD 2
2024-07-23;1314;18064;SALE;-14;-58.8;CLIENTE
2024-07-23;1314;20635;DELIVERY;2;58.68;CD 2
2024-07-23;1314;35416;DELIVERY;2;30.66;CD 2
2024-07-23;1314;35772;DELIVERY;1;16.98;CD 2
2024-07-23;1314;48812;DELIVERY;2;17.96;CD 2
2024-07-23;1314;48813;SALE;-1;-8.98;CLIENTE
2024-07-24;841;18064;SALE;-5;-12.45;CLIENTE
2024-07-24;841;36857;SALE;-1;-2.47;CLIENTE
2024-07-24;1314;1439;SALE;-1;-18.92;CLIENTE
2024-07-24;1314;5345;SALE;-2;-17.86;CLIENTE
2024-07-24;1314;9607;DELIVERY;2;28.52;CD 2
2024-07-24;1314;9607;SALE;-1;-14.26;CLIENTE
2024-07-24;1314;15590;SALE;-1;-41.32;CLIENTE
2024-07-24;1314;18064;DELIVERY;6;25.2;CD 2
2024-07-24;1314;18064;SALE;-8;-33.6;CLIENTE
2024-07-24;1314;35772;DELIVERY;1;16.98;CD 2
2024-07-24;1314;36857;SALE;-1;-3.87;CLIENTE
2024-07-24;1314;44217;SALE;-1;-43.09;CLIENTE
2024-07-25;841;18064;DELIVERY;7;17.43;CD 2
2024-07-25;841;18064;SALE;-2;-4.98;CLIENTE
2024-07-25;841;48813;DELIVERY;1;6.24;CD 2
2024-07-25;841;55917;DELIVERY;1;9.13;CD 2
2024-07-25;841;57814;SALE;-1;-109.5;CLIENTE
2024-07-25;1314;5345;SALE;-1;-8.93;CLIENTE
2024-07-25;1314;9607;SALE;-2;-28.52;CLIENTE
2024-07-25;1314;18064;SALE;-20;-84;CLIENTE
2024-07-25;1314;21141;SALE;-1;-31.78;CLIENTE
2024-07-26;1314;5345;DELIVERY;1;8.96;CD 2
2024-07-26;1314;9607;DELIVERY;1;14.27;CD 2
2024-07-26;1314;13315;DELIVERY;1;46.85;CD 2
2024-07-26;1314;15589;DELIVERY;1;30.99;CD 2
2024-07-26;1314;18064;DELIVERY;27;113.4;CD 2
2024-07-26;1314;18064;SALE;-24;-100.8;CLIENTE
2024-07-27;841;9607;DELIVERY;1;8.89;CD 2
2024-07-27;841;15590;SPOILAGE;-1;-32.69;OUTROS
2024-07-27;841;18064;DELIVERY;8;19.92;CD 2
2024-07-27;1314;18064;SALE;-7;-29.4;CLIENTE
2024-07-27;1314;21141;SALE;-1;-31.78;CLIENTE
2024-07-28;841;1439;SALE;-1;-15.06;CLIENTE
2024-07-28;841;18064;SALE;-4;-9.96;CLIENTE
2024-07-28;1314;15589;SALE;-1;-30.99;CLIENTE
2024-07-28;1314;36857;SALE;-7;-27.09;CLIENTE
2024-07-29;841;21141;SALE;-1;-25.92;CLIENTE
2024-07-29;1314;5345;DELIVERY;1;8.97;CD 2
2024-07-29;1314;5345;SALE;-1;-8.97;CLIENTE
2024-07-29;1314;9607;DELIVERY;3;42.84;CD 2
2024-07-29;1314;15589;DELIVERY;3;92.97;CD 2
2024-07-29;1314;15589;SALE;-1;-30.99;CLIENTE
2024-07-29;1314;18064;DELIVERY;92;386.4;CD 2
2024-07-29;1314;18064;SALE;-11;-46.2;CLIENTE
2024-07-29;1314;20635;DELIVERY;1;29.34;CD 2
2024-07-29;1314;21141;DELIVERY;1;31.78;CD 2
2024-07-29;1314;35416;SALE;-1;-15.33;CLIENTE
2024-07-30;841;18064;SALE;-4;-9.96;CLIENTE
2024-07-30;1314;1439;DELIVERY;3;56.82;CD 2
2024-07-30;1314;5345;DELIVERY;5;44.9;CD 2
2024-07-30;1314;5345;SALE;-1;-8.98;CLIENTE
2024-07-30;1314;9607;DELIVERY;1;14.28;CD 2
2024-07-30;1314;15590;DELIVERY;1;41.56;CD 2
2024-07-30;1314;18064;SALE;-24;-100.8;CLIENTE
2024-07-30;1314;36857;DELIVERY;1;3.89;CD 2
2024-07-30;1314;48813;DELIVERY;1;8.98;CD 2
2024-07-31;841;18064;SALE;-6;-14.94;CLIENTE
2024-07-31;841;21141;SALE;-1;-25.92;CLIENTE
2024-07-31;1314;18064;SALE;-18;-75.6;CLIENTE
2024-07-31;1314;21141;SALE;-1;-31.78;CLIENTE
2024-08-01;1314;1439;SALE;-1;-18.94;CLIENTE
2024-08-01;1314;5345;DELIVERY;6;53.88;CD 2
2024-08-01;1314;9607;SALE;-1;-14.28;CLIENTE
2024-08-01;1314;15589;DELIVERY;1;30.99;CD 2
2024-08-01;1314;18064;DELIVERY;32;134.4;CD 2
2024-08-01;1314;18064;SALE;-13;-54.6;CLIENTE
2024-08-01;1314;36857;DELIVERY;7;27.44;CD 2
2024-08-01;1314;44217;DELIVERY;1;43.06;CD 2
2024-08-01;1314;57912;DELIVERY;1;13.29;CD 2
2024-08-02;841;1439;DELIVERY;1;15.45;CD 2
2024-08-02;841;18064;DELIVERY;32;79.68;CD 2
2024-08-02;841;57814;DELIVERY;1;109.5;CD 2
2024-08-02;1314;9607;SALE;-1;-14.28;CLIENTE
2024-08-02;1314;18064;SALE;-12;-50.4;CLIENTE
2024-08-02;1314;48812;SALE;-1;-8.98;CLIENTE
2024-08-02;1314;48813;SALE;-1;-8.98;CLIENTE
2024-08-03;841;9607;SALE;-1;-8.89;CLIENTE
2024-08-03;1314;18064;SALE;-13;-54.6;CLIENTE
2024-08-03;1314;21141;SALE;-1;-31.78;CLIENTE
2024-08-03;1314;36857;SALE;-3;-11.76;CLIENTE
2024-08-04;1314;9607;SALE;-1;-14.28;CLIENTE
2024-08-04;1314;18064;SALE;-10;-42;CLIENTE
2024-08-04;1314;20635;SALE;-1;-29.34;CLIENTE
2024-08-04;1314;35416;SALE;-1;-15.33;CLIENTE
2024-08-05;841;9607;SALE;-1;-8.89;CLIENTE
2024-08-05;841;21141;SALE;-2;-51.84;CLIENTE
2024-08-05;1314;18064;SALE;-20;-84;CLIENTE
2024-08-05;1314;48812;SALE;-1;-8.98;CLIENTE
2024-08-06;841;18064;SALE;-1;-2.49;CLIENTE
2024-08-06;1314;5345;DELIVERY;1;8.98;CD 2
2024-08-06;1314;9607;SALE;-1;-14.28;CLIENTE
2024-08-06;1314;15589;DELIVERY;1;30.99;CD 2
2024-08-06;1314;18064;DELIVERY;10;42;CD 2
2024-08-06;1314;18064;SALE;-11;-46.2;CLIENTE
2024-08-06;1314;21141;SALE;-1;-31.78;CLIENTE
2024-08-06;1314;35416;DELIVERY;1;15.34;CD 2
2024-08-07;1314;5345;DELIVERY;1;8.98;CD 2
2024-08-07;1314;9607;SALE;-1;-14.28;CLIENTE
2024-08-07;1314;18064;DELIVERY;60;252;CD 2
2024-08-07;1314;18064;SALE;-2;-8.4;CLIENTE
2024-08-07;1314;20635;SALE;-1;-29.34;CLIENTE
2024-08-07;1314;21141;SALE;-1;-31.78;CLIENTE
2024-08-07;1314;36857;SALE;-1;-3.92;CLIENTE
2024-08-08;841;1439;DELIVERY;1;15.47;CD 2
2024-08-08;841;9607;DELIVERY;1;8.91;CD 2
2024-08-08;841;18064;DELIVERY;6;14.94;CD 2
2024-08-08;841;18064;SALE;-1;-2.49;CLIENTE
2024-08-08;1314;9607;SALE;-1;-14.28;CLIENTE
2024-08-08;1314;15589;SALE;-1;-30.99;CLIENTE
2024-08-08;1314;18064;SALE;-14;-58.8;CLIENTE
2024-08-08;1314;20635;SALE;-1;-29.34;CLIENTE
2024-08-08;1314;21141;SALE;-1;-31.78;CLIENTE
2024-08-09;841;9607;DELIVERY;1;8.92;CD 2
2024-08-09;841;18064;DELIVERY;1;2.49;CD 2
2024-08-09;841;18064;SALE;-6;-14.94;CLIENTE
2024-08-09;1314;9607;SALE;-1;-14.28;CLIENTE
2024-08-09;1314;18064;SALE;-4;-16.8;CLIENTE
2024-08-09;1314;20635;SALE;-1;-29.34;CLIENTE
2024-08-09;1314;21141;SALE;-1;-31.78;CLIENTE
2024-08-09;1314;35772;SALE;-1;-16.98;CLIENTE
2024-08-09;1314;48813;SALE;-1;-8.98;CLIENTE
2024-08-10;841;9607;SALE;-1;-8.92;CLIENTE
2024-08-10;841;18064;SALE;-5;-12.45;CLIENTE
2024-08-10;1314;15589;SALE;-1;-30.99;CLIENTE
2024-08-10;1314;18064;SALE;-15;-63;CLIENTE
2024-08-10;1314;20635;SALE;-1;-29.34;CLIENTE
2024-08-11;841;5345;SALE;-1;-5.59;CLIENTE
2024-08-11;1314;13315;SALE;-1;-46.85;CLIENTE
2024-08-11;1314;18064;SALE;-9;-37.8;CLIENTE
2024-08-12;841;18064;DELIVERY;15;37.35;CD 2
2024-08-12;841;18064;SALE;-3;-7.47;CLIENTE
2024-08-12;841;21141;DELIVERY;4;103.72;CD 2
2024-08-12;841;76834;DELIVERY;1;3.34;CD 2
2024-08-12;1314;9607;SALE;-1;-14.28;CLIENTE
2024-08-12;1314;18064;SALE;-7;-29.4;CLIENTE
2024-08-12;1314;48812;SALE;-1;-8.98;CLIENTE
2024-08-12;1314;48813;SALE;-1;-8.98;CLIENTE
2024-08-13;841;9607;SALE;-1;-8.92;CLIENTE
2024-08-13;841;21141;SALE;-1;-25.93;CLIENTE
2024-08-13;841;57814;SALE;-2;-219;CLIENTE
2024-08-13;1314;9607;SALE;-2;-28.56;CLIENTE
2024-08-13;1314;18064;SALE;-11;-46.2;CLIENTE
2024-08-14;841;5345;DELIVERY;1;5.6;CD 2
2024-08-14;841;9607;DELIVERY;1;8.93;CD 2
2024-08-14;1314;1439;DELIVERY;1;18.94;CD 2
2024-08-14;1314;9607;DELIVERY;3;42.86;CD 2
2024-08-14;1314;15589;SALE;-1;-30.99;CLIENTE
2024-08-14;1314;18064;DELIVERY;7;29.4;CD 2
2024-08-14;1314;18064;SALE;-6;-25.2;CLIENTE
2024-08-14;1314;20635;DELIVERY;1;29.55;CD 2
2024-08-14;1314;36857;DELIVERY;1;3.92;CD 2
2024-08-14;1314;36857;SALE;-5;-19.6;CLIENTE
2024-08-14;1314;48813;DELIVERY;1;8.98;CD 2
2024-08-14;1314;76834;DELIVERY;1;5.22;CD 2
2024-08-15;841;18064;SALE;-3;-7.47;CLIENTE
2024-08-15;1314;9607;DELIVERY;1;14.29;CD 2
2024-08-15;1314;9607;SALE;-1;-14.29;CLIENTE
2024-08-15;1314;15589;SALE;-1;-30.99;CLIENTE
2024-08-15;1314;18064;DELIVERY;60;252;CD 2
2024-08-15;1314;18064;SALE;-2;-8.4;CLIENTE
2024-08-15;1314;35416;DELIVERY;1;15.34;CD 2
2024-08-15;1314;36857;DELIVERY;3;11.76;CD 2
2024-08-16;841;9607;DELIVERY;1;8.93;CD 2
2024-08-16;841;18064;SALE;-1;-2.49;CLIENTE
2024-08-16;841;21141;DELIVERY;1;25.93;CD 2
2024-08-16;841;57814;DELIVERY;2;219;CD 2
2024-08-16;1314;5345;SALE;-1;-8.98;CLIENTE
2024-08-16;1314;9607;DELIVERY;2;28.6;CD 2
2024-08-16;1314;15589;DELIVERY;1;30.99;CD 2
2024-08-16;1314;18064;DELIVERY;15;63;CD 2
2024-08-16;1314;18064;SALE;-13;-54.6;CLIENTE
2024-08-16;1314;20635;DELIVERY;1;29.71;CD 2
2024-08-16;1314;21141;DELIVERY;8;254.32;CD 2
2024-08-16;1314;31330;SALE;-1;-66.46;CLIENTE
2024-08-16;1314;35772;DELIVERY;1;16.98;CD 2
2024-08-16;1314;36857;DELIVERY;1;3.92;CD 2
2024-08-16;1314;48813;DELIVERY;1;8.98;CD 2
2024-08-17;841;18064;DELIVERY;3;7.47;CD 2
2024-08-17;1314;9607;DELIVERY;1;14.3;CD 2
2024-08-17;1314;15589;DELIVERY;1;30.99;CD 2
2024-08-17;1314;18064;DELIVERY;30;126;CD 2
2024-08-17;1314;18064;SALE;-26;-109.2;CLIENTE
2024-08-17;1314;20635;DELIVERY;2;59.92;CD 2
2024-08-17;1314;20635;SALE;-1;-29.96;CLIENTE
2024-08-17;1314;48812;DELIVERY;1;8.98;CD 2
2024-08-17;1314;48813;DELIVERY;1;8.98;CD 2
2024-08-18;841;18064;SALE;-4;-9.96;CLIENTE
2024-08-18;1314;18064;SALE;-14;-58.8;CLIENTE
2024-08-18;1314;48813;SALE;-1;-8.98;CLIENTE
2024-08-19;841;9607;SALE;-1;-8.93;CLIENTE
2024-08-19;841;18064;SALE;-1;-2.49;CLIENTE
2024-08-19;1314;18064;SALE;-22;-92.4;CLIENTE
2024-08-19;1314;31330;SALE;-1;-66.46;CLIENTE
2024-08-19;1314;48812;SALE;-1;-8.98;CLIENTE
2024-08-20;841;9607;INVENTORY_CHECK;-1;-8.93;OUTROS
2024-08-20;841;18064;DELIVERY;10;24.9;CD 2
2024-08-20;841;18064;SALE;-3;-7.47;CLIENTE
2024-08-20;841;21141;DELIVERY;1;25.93;OUTROS
2024-08-20;1314;1439;SALE;-1;-18.94;CLIENTE
2024-08-20;1314;5345;SALE;-1;-8.98;CLIENTE
2024-08-20;1314;9607;SALE;-2;-28.6;CLIENTE
2024-08-20;1314;18064;SALE;-9;-37.8;CLIENTE
2024-08-20;1314;21141;SALE;-1;-31.79;CLIENTE
2024-08-21;841;9607;SALE;-2;-17.86;CLIENTE
2024-08-21;841;18064;SALE;-2;-4.98;CLIENTE
2024-08-21;841;21141;SALE;-1;-25.93;CLIENTE
2024-08-21;1314;9607;SALE;-1;-14.3;CLIENTE
2024-08-21;1314;18064;SALE;-5;-21;CLIENTE
2024-08-21;1314;20635;SALE;-1;-29.96;CLIENTE
2024-08-21;1314;44217;SALE;-1;-43.06;CLIENTE
2024-08-21;1314;48813;SALE;-1;-8.98;CLIENTE
2024-08-22;841;9607;DELIVERY;2;17.88;CD 2
2024-08-22;841;15589;SALE;-1;-25.3;CLIENTE
2024-08-22;841;18064;SALE;-3;-7.47;CLIENTE
2024-08-22;841;21141;SALE;-1;-25.93;CLIENTE
2024-08-22;841;35416;SALE;-1;-10.74;CLIENTE
2024-08-22;1314;15589;INVENTORY_CHECK;-1;-30.99;OUTROS
2024-08-22;1314;15589;SALE;-1;-30.99;CLIENTE
2024-08-22;1314;18064;INVENTORY_CHECK;-2;-8.4;OUTROS
2024-08-22;1314;18064;SALE;-10;-42;CLIENTE
2024-08-22;1314;21141;SALE;-1;-31.79;CLIENTE
2024-08-22;1314;44217;SALE;-1;-43.06;CLIENTE
2024-08-23;841;18064;SALE;-1;-2.49;CLIENTE
2024-08-23;841;21141;SALE;-1;-25.93;CLIENTE
2024-08-23;1314;9607;DELIVERY;2;28.6;CD 2
2024-08-23;1314;15589;DELIVERY;1;31.02;CD 2
2024-08-23;1314;15589;SALE;-2;-62.08;CLIENTE
2024-08-23;1314;18064;DELIVERY;18;75.6;CD 2
2024-08-23;1314;18064;SALE;-5;-21;CLIENTE
2024-08-23;1314;20635;SALE;-1;-29.96;CLIENTE
2024-08-23;1314;36857;DELIVERY;5;19.65;CD 2
2024-08-24;841;9607;DELIVERY;2;17.88;CD 2
2024-08-24;841;15589;DELIVERY;1;25.39;CD 2
2024-08-24;841;15590;DELIVERY;1;32.69;OUTROS
2024-08-24;841;15590;SPOILAGE;-1;-32.69;CD 1
2024-08-24;841;18064;DELIVERY;1;2.49;CD 2
2024-08-24;841;21141;DELIVERY;1;25.93;CD 2
2024-08-24;841;35416;DELIVERY;1;11.07;CD 2
2024-08-24;1314;1439;DELIVERY;1;18.95;CD 2
2024-08-24;1314;5345;SALE;-1;-8.98;CLIENTE
2024-08-24;1314;9607;DELIVERY;1;14.3;CD 2
2024-08-24;1314;15589;DELIVERY;1;31.04;CD 2
2024-08-24;1314;15589;SALE;-1;-31.04;CLIENTE
2024-08-24;1314;18064;DELIVERY;15;63;CD 2
2024-08-24;1314;18064;SALE;-15;-63;CLIENTE
2024-08-24;1314;20635;SALE;-1;-29.96;CLIENTE
2024-08-24;1314;21141;DELIVERY;2;63.58;CD 2
2024-08-24;1314;21141;SALE;-1;-31.79;CLIENTE
2024-08-24;1314;31330;DELIVERY;1;67.71;CD 2
2024-08-25;841;1439;SALE;-1;-15.47;CLIENTE
2024-08-25;841;15589;SALE;-1;-25.39;CLIENTE
2024-08-25;1314;1439;SALE;-2;-37.9;CLIENTE
2024-08-25;1314;9607;SALE;-1;-14.3;CLIENTE
2024-08-25;1314;18064;DELIVERY;62;260.4;CD 2
2024-08-25;1314;18064;SALE;-19;-79.8;CLIENTE
2024-08-25;1314;20635;DELIVERY;1;30.1;CD 2
2024-08-25;1314;21141;SALE;-2;-63.58;CLIENTE
2024-08-25;1314;31330;DELIVERY;1;67.71;CD 2
2024-08-25;1314;48812;DELIVERY;1;8.98;CD 2
2024-08-25;1314;48813;DELIVERY;1;8.98;CD 2
2024-08-26;841;18064;SALE;-7;-17.43;CLIENTE
2024-08-26;1314;15589;SALE;-1;-31.04;CLIENTE
2024-08-26;1314;18064;SALE;-11;-46.2;CLIENTE
2024-08-26;1314;20635;SALE;-1;-30.21;CLIENTE
2024-08-26;1314;57814;SALE;-1;-150.83;CLIENTE
2024-08-27;1314;1439;DELIVERY;1;18.96;CD 2
2024-08-27;1314;9607;DELIVERY;3;42.93;CD 2
2024-08-27;1314;18064;DELIVERY;10;42;CD 2
2024-08-27;1314;18064;SALE;-20;-84;CLIENTE
2024-08-27;1314;20635;DELIVERY;1;30.21;CD 2
2024-08-27;1314;20635;SALE;-1;-30.21;CLIENTE
2024-08-27;1314;44217;DELIVERY;1;43.02;CD 2
2024-08-27;1314;48813;DELIVERY;1;8.98;CD 2
2024-08-28;841;1439;DELIVERY;1;15.48;CD 2
2024-08-28;841;15589;DELIVERY;1;25.46;CD 2
2024-08-28;841;15589;SALE;-1;-25.46;CLIENTE
2024-08-28;841;18064;DELIVERY;4;9.96;CD 2
2024-08-28;841;18064;SALE;-3;-7.47;CLIENTE
2024-08-28;841;21141;DELIVERY;1;25.93;CD 2
2024-08-28;1314;5345;SALE;-1;-8.98;CLIENTE
2024-08-28;1314;18064;SALE;-2;-8.4;CLIENTE
2024-08-29;841;48813;SALE;-1;-6.24;CLIENTE
2024-08-29;1314;15589;DELIVERY;4;125.08;CD 2
2024-08-29;1314;18064;DELIVERY;21;88.2;CD 2
2024-08-29;1314;18064;SALE;-10;-42;CLIENTE
2024-08-29;1314;20635;DELIVERY;1;30.32;CD 2
2024-08-29;1314;44217;DELIVERY;1;43.01;CD 2
2024-08-30;841;18064;DELIVERY;7;17.43;CD 2
2024-08-30;841;18064;SALE;-3;-7.47;CLIENTE
2024-08-30;841;48812;SALE;-1;-7.61;CLIENTE
2024-08-30;1314;15589;SALE;-1;-31.27;CLIENTE
2024-08-30;1314;18064;SALE;-11;-46.2;CLIENTE
2024-08-30;1314;20635;SALE;-1;-30.32;CLIENTE
2024-08-31;841;21141;SALE;-1;-25.93;CLIENTE
2024-08-31;1314;1439;DELIVERY;2;37.94;CD 2
2024-08-31;1314;5345;SALE;-1;-8.98;CLIENTE
2024-08-31;1314;9607;DELIVERY;1;14.31;CD 2
2024-08-31;1314;13315;SALE;-1;-46.85;CLIENTE
2024-08-31;1314;15589;DELIVERY;2;62.64;CD 2
2024-08-31;1314;15589;SALE;-1;-31.32;CLIENTE
2024-08-31;1314;18064;DELIVERY;60;252;CD 2
2024-08-31;1314;18064;SALE;-10;-42;CLIENTE
2024-08-31;1314;20635;DELIVERY;2;61;CD 2
2024-08-31;1314;21141;DELIVERY;3;95.37;CD 2
2024-08-31;1314;44217;SALE;-1;-43.01;CLIENTE
2024-08-31;1314;57814;DELIVERY;1;150.83;CD 2
2023-12-01;841;5345;SALE;-1;-5.07;CLIENTE
2023-12-01;841;15589;INVENTORY_CHECK;-1;-24.09;OUTROS
2023-12-01;841;15590;DELIVERY;1;31.08;OUTROS
2023-12-01;841;18064;SALE;-1;-2.25;CLIENTE
2023-12-01;1314;9607;SALE;-1;-13.34;CLIENTE
2023-12-01;1314;18064;SALE;-3;-11.67;CLIENTE
2023-12-01;1314;35416;SALE;-1;-14.89;CLIENTE
2023-12-01;1314;44217;SALE;-1;-41.77;CLIENTE
2023-12-02;841;15589;DELIVERY;2;48.16;CD 2
2023-12-02;841;18064;DELIVERY;21;47.25;CD 2
2023-12-02;1314;13315;DELIVERY;1;46.59;CD 2
2023-12-02;1314;18064;DELIVERY;19;73.91;CD 2
2023-12-02;1314;18064;SALE;-8;-31.12;CLIENTE
2023-12-02;1314;20635;DELIVERY;1;30.94;CD 2
2023-12-02;1314;36857;DELIVERY;1;3.67;CD 2
2023-12-02;1314;44217;SALE;-1;-41.77;CLIENTE
2023-12-03;1314;18064;SALE;-10;-38.9;CLIENTE
2023-12-04;841;9607;SALE;-1;-8.11;CLIENTE
2023-12-04;841;18064;SALE;-1;-2.25;CLIENTE
2023-12-04;841;20635;SALE;-1;-23.37;CLIENTE
2023-12-04;1314;5345;DELIVERY;3;25.14;CD 2
2023-12-04;1314;9607;DELIVERY;3;40.05;CD 2
2023-12-04;1314;9607;SALE;-1;-13.35;CLIENTE
2023-12-04;1314;15589;SALE;-1;-29.49;CLIENTE
2023-12-04;1314;18064;DELIVERY;34;132.26;CD 2
2023-12-04;1314;18064;SALE;-7;-27.23;CLIENTE
2023-12-04;1314;20635;DELIVERY;1;30.93;CD 2
2023-12-04;1314;21141;SALE;-1;-30.65;CLIENTE
2023-12-05;841;15589;SALE;-1;-24.08;CLIENTE
2023-12-05;841;18064;SALE;-1;-2.25;CLIENTE
2023-12-05;1314;1439;SALE;-1;-18.77;CLIENTE
2023-12-05;1314;9607;SALE;-2;-26.7;CLIENTE
2023-12-05;1314;15589;SALE;-2;-58.98;CLIENTE
2023-12-05;1314;18064;SALE;-10;-38.9;CLIENTE
2023-12-06;841;15590;DELIVERY;1;32.05;CD 2
2023-12-06;841;21141;DELIVERY;1;24.83;CD 2
2023-12-06;841;35416;SALE;-1;-10.74;CLIENTE
2023-12-06;1314;5345;SALE;-1;-8.38;CLIENTE
2023-12-06;1314;9607;SALE;-2;-26.7;CLIENTE
2023-12-06;1314;15589;SALE;-1;-29.49;CLIENTE
2023-12-06;1314;18064;SALE;-6;-23.34;CLIENTE
2023-12-07;841;1439;SALE;-1;-15.1;CLIENTE
2023-12-07;841;18064;SALE;-2;-4.5;CLIENTE
2023-12-07;1314;9607;DELIVERY;2;26.72;CD 2
2023-12-07;1314;9607;SALE;-1;-13.36;CLIENTE
2023-12-07;1314;18064;DELIVERY;5;19.45;CD 2
2023-12-07;1314;18064;SALE;-4;-15.56;CLIENTE
2023-12-07;1314;20635;DELIVERY;6;185.4;CD 2
2023-12-07;1314;20635;SALE;-1;-30.9;CLIENTE
2023-12-07;1314;35416;DELIVERY;1;14.89;CD 2
2023-12-07;1314;35416;SALE;-1;-14.89;CLIENTE
2023-12-07;1314;44217;DELIVERY;1;41.78;CD 2
2023-12-08;841;18064;SALE;-1;-2.25;CLIENTE
2023-12-08;841;36857;SALE;-1;-2.31;CLIENTE
2023-12-08;1314;5345;SALE;-1;-8.38;CLIENTE
2023-12-08;1314;9607;SALE;-1;-13.36;CLIENTE
2023-12-08;1314;18064;SALE;-12;-46.68;CLIENTE
2023-12-09;841;9607;DELIVERY;1;8.13;CD 2
2023-12-09;841;20635;DELIVERY;1;23.33;CD 2
2023-12-09;841;36857;DELIVERY;1;2.33;CD 2
2023-12-09;841;36857;SALE;-1;-2.33;CLIENTE
2023-12-09;1314;9607;SALE;-3;-40.08;CLIENTE
2023-12-09;1314;18064;SALE;-5;-19.45;CLIENTE
2023-12-10;841;9607;SALE;-2;-16.26;CLIENTE
2023-12-10;1314;15589;SALE;-2;-58.98;CLIENTE
2023-12-10;1314;18064;SALE;-8;-31.12;CLIENTE
2023-12-10;1314;35416;SALE;-1;-14.89;CLIENTE
2023-12-11;1314;9607;DELIVERY;5;66.89;CD 2
2023-12-11;1314;15589;SALE;-1;-29.49;CLIENTE
2023-12-11;1314;18064;DELIVERY;41;159.49;CD 2
2023-12-11;1314;18064;SALE;-7;-27.23;CLIENTE
2023-12-11;1314;21141;DELIVERY;1;30.62;CD 2
2023-12-11;1314;44217;DELIVERY;1;41.78;CD 2
2023-12-12;841;18064;SALE;-2;-4.5;CLIENTE
2023-12-12;1314;18064;SALE;-11;-42.79;CLIENTE
2023-12-13;841;9607;DELIVERY;2;16.34;CD 2
2023-12-13;841;18064;SALE;-2;-4.5;CLIENTE
2023-12-13;841;35416;DELIVERY;1;10.74;CD 2
2023-12-13;841;36857;DELIVERY;2;4.68;CD 2
2023-12-13;841;42076;DELIVERY;4;32.56;CD 2
2023-12-13;1314;18064;SALE;-7;-27.23;CLIENTE
2023-12-14;841;18064;SALE;-1;-2.25;CLIENTE
2023-12-14;841;35772;SALE;-1;-11.93;CLIENTE
2023-12-14;1314;9607;SALE;-2;-26.76;CLIENTE
2023-12-14;1314;13315;SALE;-1;-46.59;CLIENTE
2023-12-14;1314;18064;SALE;-3;-11.67;CLIENTE
2023-12-15;1314;5345;DELIVERY;2;16.78;CD 2
2023-12-15;1314;9607;DELIVERY;2;26.76;CD 2
2023-12-15;1314;15496;TRANSFER;-1;-249.25;CD 1
2023-12-15;1314;15589;SALE;-2;-58.98;CLIENTE
2023-12-15;1314;18064;DELIVERY;16;62.24;CD 2
2023-12-15;1314;18064;SALE;-10;-38.9;CLIENTE
2023-12-15;1314;20635;SALE;-1;-30.9;CLIENTE
2023-12-15;1314;35416;DELIVERY;1;14.89;CD 2
2023-12-15;1314;57814;DELIVERY;1;158.32;CD 2
2023-12-15;1314;62782;TRANSFER;-1;-13.61;CD 1
2023-12-16;841;9607;SALE;-2;-16.34;CLIENTE
2023-12-16;841;18064;SALE;-2;-4.5;CLIENTE
2023-12-16;1314;9607;DELIVERY;3;40.17;CD 2
2023-12-16;1314;15589;DELIVERY;2;58.98;CD 2
2023-12-16;1314;18064;DELIVERY;20;77.8;CD 2
2023-12-16;1314;18064;SALE;-5;-19.45;CLIENTE
2023-12-16;1314;21141;DELIVERY;3;91.71;CD 2
2023-12-16;1314;35416;DELIVERY;1;14.89;CD 2
2023-12-17;841;18064;SALE;-2;-4.5;CLIENTE
2023-12-17;1314;18064;SALE;-5;-19.45;CLIENTE
2023-12-17;1314;20635;SALE;-1;-30.9;CLIENTE
2023-12-18;841;15589;DELIVERY;1;24.08;CD 2
2023-12-18;841;18064;SALE;-2;-4.5;CLIENTE
2023-12-18;841;35772;SALE;-1;-11.93;CLIENTE
2023-12-18;1314;5345;SALE;-1;-8.39;CLIENTE
2023-12-18;1314;9607;SALE;-2;-26.78;CLIENTE
2023-12-18;1314;18064;DELIVERY;18;70.02;CD 2
2023-12-18;1314;18064;SALE;-7;-27.23;CLIENTE
2023-12-18;1314;21141;SALE;-1;-30.57;CLIENTE
2023-12-18;1314;36857;SALE;-1;-3.67;CLIENTE
2023-12-19;1314;5345;SALE;-1;-8.39;CLIENTE
2023-12-19;1314;9607;SALE;-1;-13.39;CLIENTE
2023-12-19;1314;18064;SALE;-23;-89.47;CLIENTE
2023-12-19;1314;21141;SALE;-1;-30.57;CLIENTE
2023-12-20;841;5345;DELIVERY;1;5.21;CD 2
2023-12-20;841;9607;DELIVERY;2;16.38;CD 2
2023-12-20;841;18064;DELIVERY;1;2.25;CD 2
2023-12-20;841;18064;SALE;-2;-4.5;CLIENTE
2023-12-20;1314;9607;SALE;-2;-26.78;CLIENTE
2023-12-20;1314;18064;SALE;-9;-35.01;CLIENTE
2023-12-20;1314;35416;SALE;-1;-14.89;CLIENTE
2023-12-21;841;18064;SALE;-1;-2.25;CLIENTE
2023-12-21;1314;1439;SALE;-1;-18.77;CLIENTE
2023-12-21;1314;9607;DELIVERY;2;26.78;CD 2
2023-12-21;1314;13315;DELIVERY;1;46.59;CD 2
2023-12-21;1314;15589;DELIVERY;2;58.98;CD 2
2023-12-21;1314;18064;DELIVERY;1;3.89;OUTROS
2023-12-21;1314;18064;SALE;-7;-27.23;CLIENTE
2023-12-22;841;18064;DELIVERY;2;4.5;CD 2
2023-12-22;1314;1439;SALE;-1;-18.77;CLIENTE
2023-12-22;1314;18064;SALE;-5;-19.45;CLIENTE
2023-12-22;1314;20635;SALE;-1;-30.9;CLIENTE
2023-12-23;841;18064;SALE;-4;-9;CLIENTE
2023-12-23;1314;15589;SALE;-1;-29.49;CLIENTE
2023-12-23;1314;18064;SALE;-2;-7.78;CLIENTE
2023-12-24;1314;15589;SALE;-1;-29.49;CLIENTE
2023-12-24;1314;18064;SALE;-3;-11.67;CLIENTE
2023-12-25;841;18064;SALE;-1;-2.25;CLIENTE
2023-12-25;1314;18064;SALE;-2;-7.78;CLIENTE
2023-12-26;841;18064;DELIVERY;3;6.75;CD 2
2023-12-26;841;18064;SALE;-2;-4.5;CLIENTE
2023-12-26;1314;5345;DELIVERY;1;8.39;CD 2
2023-12-26;1314;18064;DELIVERY;8;31.12;CD 2
2023-12-26;1314;18064;SALE;-12;-46.68;CLIENTE
2023-12-27;1314;5345;DELIVERY;1;8.39;CD 2
2023-12-27;1314;9607;DELIVERY;4;53.56;CD 2
2023-12-27;1314;9607;SALE;-1;-13.39;CLIENTE
2023-12-27;1314;18064;DELIVERY;32;124.48;CD 2
2023-12-27;1314;18064;SALE;-7;-27.23;CLIENTE
2023-12-27;1314;35416;DELIVERY;1;14.89;CD 2
2023-12-28;841;18064;DELIVERY;5;11.25;CD 2
2023-12-28;1314;9607;SALE;-2;-26.78;CLIENTE
2023-12-28;1314;18064;SALE;-1;-3.89;CLIENTE
2023-12-28;1314;35416;SALE;-1;-14.89;CLIENTE
2023-12-29;1314;1439;DELIVERY;2;37.02;CD 2
2023-12-29;1314;9607;DELIVERY;1;13.39;CD 2
2023-12-29;1314;18064;DELIVERY;8;31.12;CD 2
2023-12-29;1314;18064;SALE;-7;-27.23;CLIENTE
2023-12-29;1314;21141;SALE;-1;-30.57;CLIENTE
2023-12-29;1314;36857;SALE;-1;-3.67;CLIENTE
2023-12-30;841;18064;DELIVERY;5;11.25;CD 2
2023-12-30;841;35772;DELIVERY;1;11.93;CD 2
2023-12-30;1314;9607;SALE;-1;-13.39;CLIENTE
2023-12-30;1314;18064;SALE;-15;-58.35;CLIENTE
2023-12-30;1314;20635;SALE;-1;-30.9;CLIENTE
2023-12-31;841;9607;SALE;-1;-8.19;CLIENTE
2023-12-31;841;15589;SALE;-1;-24.08;CLIENTE
2023-12-31;841;18064;SALE;-2;-4.5;CLIENTE
2023-12-31;1314;15589;DELIVERY;2;58.96;CD 2
2023-12-31;1314;18064;DELIVERY;14;54.46;CD 2
2023-12-31;1314;18064;SALE;-2;-7.78;CLIENTE
2024-01-01;841;18064;SALE;-3;-6.75;CLIENTE
2024-01-01;1314;15589;SALE;-1;-29.48;CLIENTE
2024-01-01;1314;18064;SALE;-11;-42.79;CLIENTE
2024-01-01;1314;48813;SALE;-1;-7.84;CLIENTE
2024-01-02;1314;18064;SALE;-3;-11.67;CLIENTE
2024-01-02;1314;36857;SALE;-4;-14.68;CLIENTE
2024-01-03;841;18064;DELIVERY;20;45;CD 2
2024-01-03;841;21141;SALE;-1;-24.83;CLIENTE
2024-01-03;1314;9607;DELIVERY;1;13.39;CD 2
2024-01-03;1314;9607;SALE;-1;-13.39;CLIENTE
2024-01-03;1314;18064;DELIVERY;14;54.46;CD 2
2024-01-03;1314;18064;SALE;-13;-50.57;CLIENTE
2024-01-04;841;1439;SALE;-1;-15.1;CLIENTE
2024-01-04;841;18064;SALE;-1;-2.25;CLIENTE
2024-01-04;1314;9607;SALE;-2;-26.78;CLIENTE
2024-01-04;1314;18064;SALE;-7;-27.23;CLIENTE
2024-01-04;1314;51957;SALE;-1;-12.56;CLIENTE
2024-01-05;841;15589;DELIVERY;1;24.07;CD 2
2024-01-05;841;18064;DELIVERY;5;11.25;CD 2
2024-01-05;841;18064;SALE;-1;-2.25;CLIENTE
2024-01-05;841;35772;SALE;-1;-11.93;CLIENTE
2024-01-05;1314;18064;SALE;-10;-38.9;CLIENTE
2024-01-06;1314;9607;DELIVERY;2;26.78;CD 2
2024-01-06;1314;15589;SALE;-1;-29.48;CLIENTE
2024-01-06;1314;18064;DELIVERY;19;73.91;CD 2
2024-01-06;1314;18064;SALE;-7;-27.23;CLIENTE
2024-01-06;1314;35416;DELIVERY;1;14.89;CD 2
2024-01-06;1314;36857;DELIVERY;1;3.73;CD 2
2024-01-07;841;9607;SALE;-1;-8.19;CLIENTE
2024-01-07;841;18064;SALE;-2;-4.5;CLIENTE
2024-01-07;1314;18064;SALE;-8;-31.12;CLIENTE
2024-01-08;841;1439;DELIVERY;1;14.9;CD 2
2024-01-08;841;9607;SALE;-1;-8.19;CLIENTE
2024-01-08;841;21141;DELIVERY;1;24.81;CD 2
2024-01-08;1314;9607;SALE;-1;-13.39;CLIENTE
2024-01-08;1314;15589;DELIVERY;1;29.48;CD 2
2024-01-08;1314;18064;DELIVERY;30;116.7;CD 2
2024-01-08;1314;18064;SALE;-9;-35.01;CLIENTE
2024-01-09;841;18064;SALE;-4;-9;CLIENTE
2024-01-09;1314;5345;SALE;-1;-8.39;CLIENTE
2024-01-09;1314;9607;SALE;-1;-13.39;CLIENTE
2024-01-09;1314;18064;DELIVERY;11;42.79;CD 2
2024-01-09;1314;18064;SALE;-12;-46.68;CLIENTE
2024-01-09;1314;20635;SALE;-1;-30.9;CLIENTE
2024-01-09;1314;36857;DELIVERY;4;14.92;CD 2
2024-01-10;1314;18064;SALE;-5;-19.45;CLIENTE
2024-01-11;841;15589;SALE;-1;-24.07;CLIENTE
2024-01-11;1314;9607;SALE;-1;-13.39;CLIENTE
2024-01-11;1314;18064;SALE;-7;-27.23;CLIENTE
2024-01-11;1314;35416;SALE;-1;-14.89;CLIENTE
2024-01-12;841;35772;DELIVERY;1;11.93;CD 2
2024-01-12;1314;15589;SALE;-1;-29.48;CLIENTE
2024-01-12;1314;18064;DELIVERY;19;73.91;CD 2
2024-01-12;1314;18064;SALE;-8;-31.12;CLIENTE
2024-01-12;1314;20635;SALE;-1;-30.9;CLIENTE
2024-01-12;1314;36857;SALE;-1;-3.73;CLIENTE
2024-01-12;1314;51957;DELIVERY;1;12.56;CD 2
2024-01-13;841;18064;SALE;-1;-2.25;CLIENTE
2024-01-13;1314;5345;SALE;-2;-16.78;CLIENTE
2024-01-13;1314;18064;SALE;-7;-27.23;CLIENTE
2024-01-14;841;18064;SALE;-1;-2.25;CLIENTE
2024-01-14;1314;9607;SALE;-1;-13.39;CLIENTE
2024-01-14;1314;18064;SALE;-11;-42.79;CLIENTE
2024-01-15;841;15589;DELIVERY;1;24.06;CD 2
2024-01-15;841;18064;SALE;-1;-2.25;CLIENTE
2024-01-15;1314;15589;DELIVERY;1;29.48;CD 2
2024-01-15;1314;18064;ADJUSTMENT;-2;-7.78;CD 2
2024-01-15;1314;18064;DELIVERY;26;101.14;CD 2
2024-01-15;1314;18064;SALE;-3;-11.67;CLIENTE
2024-01-16;841;18064;SALE;-4;-9;CLIENTE
2024-01-16;1314;9607;DELIVERY;2;26.84;CD 2
2024-01-16;1314;18064;DELIVERY;60;233.4;CD 2
2024-01-16;1314;18064;SALE;-10;-38.9;CLIENTE
2024-01-16;1314;57912;SALE;-1;-13.08;CLIENTE
2024-01-17;841;18064;SALE;-1;-2.25;CLIENTE
2024-01-17;1314;18064;SALE;-8;-31.12;CLIENTE
2024-01-17;1314;20635;SALE;-1;-30.9;CLIENTE
2024-01-18;841;9607;DELIVERY;2;16.54;CD 2
2024-01-18;1314;1439;SALE;-1;-18.51;CLIENTE
2024-01-18;1314;18064;SALE;-3;-11.67;CLIENTE
2024-01-19;841;18064;SALE;-2;-4.5;CLIENTE
2024-01-19;841;62782;TRANSFER;-2;-14.02;CD 1
2024-01-19;1314;9607;DELIVERY;1;13.43;CD 2
2024-01-19;1314;9607;SALE;-1;-13.43;CLIENTE
2024-01-19;1314;13315;DELIVERY;2;93.18;CD 2
2024-01-19;1314;18064;DELIVERY;14;54.46;CD 2
2024-01-19;1314;18064;SALE;-9;-35.01;CLIENTE
2024-01-19;1314;20635;DELIVERY;1;30.9;CD 2
2024-01-19;1314;35416;DELIVERY;3;44.67;CD 2
2024-01-19;1314;36857;DELIVERY;4;15;CD 2
2024-01-19;1314;51957;DELIVERY;2;25.12;CD 2
2024-01-20;841;18064;SALE;-4;-9;CLIENTE
2024-01-20;1314;9607;SALE;-1;-13.43;CLIENTE
2024-01-20;1314;15589;SALE;-1;-29.48;CLIENTE
2024-01-20;1314;18064;SALE;-9;-35.01;CLIENTE
2024-01-21;841;18064;SALE;-4;-9;CLIENTE
2024-01-21;1314;1439;SALE;-2;-37.02;CLIENTE
2024-01-21;1314;18064;SALE;-8;-31.12;CLIENTE
2024-01-21;1314;20635;SALE;-1;-30.9;CLIENTE
2024-01-22;841;18064;DELIVERY;16;36;CD 2
2024-01-22;1314;18064;SALE;-3;-11.67;CLIENTE
2024-01-23;1314;9607;DELIVERY;10;134.85;CD 2
2024-01-23;1314;9607;SALE;-2;-26.98;CLIENTE
2024-01-23;1314;18064;ADJUSTMENT;-14;-54.46;CD 2
2024-01-23;1314;18064;DELIVERY;166;645.74;CD 2
2024-01-23;1314;18064;SALE;-1;-3.89;CLIENTE
2024-01-23;1314;20635;DELIVERY;2;61.78;CD 2
2024-01-23;1314;57912;DELIVERY;2;26.16;CD 2
2024-01-24;841;18064;DELIVERY;10;22.5;CD 2
2024-01-24;1314;18064;SALE;-8;-31.12;CLIENTE
2024-01-24;1314;20635;SALE;-1;-30.89;CLIENTE
2024-01-25;841;18064;SALE;-2;-4.5;CLIENTE
2024-01-25;841;21141;SALE;-2;-49.62;CLIENTE
2024-01-25;1314;18064;SALE;-2;-7.78;CLIENTE
2024-01-26;841;15589;SALE;-1;-24.06;CLIENTE
2024-01-26;841;18064;SALE;-1;-2.25;CLIENTE
2024-01-26;841;21141;SALE;-1;-24.81;CLIENTE
2024-01-26;1314;1439;DELIVERY;1;18.38;CD 2
2024-01-26;1314;5345;SALE;-1;-8.39;CLIENTE
2024-01-26;1314;9607;DELIVERY;1;13.49;CD 2
2024-01-26;1314;18064;DELIVERY;9;35.01;CD 2
2024-01-26;1314;18064;SALE;-8;-31.12;CLIENTE
2024-01-27;841;5345;SALE;-1;-5.21;CLIENTE
2024-01-27;841;15589;SALE;-1;-24.06;CLIENTE
2024-01-27;841;18064;DELIVERY;2;4.5;CD 2
2024-01-27;841;18064;SALE;-1;-2.25;CLIENTE
2024-01-27;841;21141;DELIVERY;2;49.52;CD 2
2024-01-27;1314;18064;SALE;-10;-38.9;CLIENTE
2024-01-27;1314;20635;SALE;-1;-30.89;CLIENTE
2024-01-28;841;18064;SALE;-3;-6.75;CLIENTE
2024-01-28;841;48812;SALE;-1;-5.98;CLIENTE
2024-01-28;1314;9607;SALE;-1;-13.49;CLIENTE
2024-01-28;1314;18064;SALE;-6;-23.34;CLIENTE
2024-01-29;1314;1439;DELIVERY;2;36.64;CD 2
2024-01-29;1314;1439;SALE;-2;-36.64;CLIENTE
2024-01-29;1314;9607;DELIVERY;1;13.49;CD 2
2024-01-29;1314;13315;SALE;-1;-46.59;CLIENTE
2024-01-29;1314;18064;DELIVERY;23;89.47;CD 2
2024-01-29;1314;18064;SALE;-16;-62.24;CLIENTE
2024-01-29;1314;20635;DELIVERY;1;30.89;CD 2
2024-01-30;841;21141;SALE;-1;-24.76;CLIENTE
2024-01-30;1314;15590;TRANSFER;-1;-40.45;CD 1
2024-01-30;1314;18064;SALE;-2;-7.78;CLIENTE
2024-01-30;1314;20635;SALE;-1;-30.89;CLIENTE
2024-01-31;841;18064;SALE;-2;-4.5;CLIENTE
2024-01-31;1314;9607;SALE;-1;-13.49;CLIENTE
2024-01-31;1314;18064;SALE;-14;-54.46;CLIENTE
2024-01-31;1314;36857;SALE;-1;-3.75;CLIENTE
2024-09-01;841;9607;SALE;-1;-8.94;CLIENTE
2024-09-01;841;15589;DELIVERY;1;25.54;CD 2
2024-09-01;841;18064;SALE;-3;-7.47;CLIENTE
2024-09-01;841;48813;DELIVERY;1;6.87;CD 2
2024-09-01;1314;9607;SALE;-1;-14.31;CLIENTE
2024-09-01;1314;15589;SALE;-1;-31.32;CLIENTE
2024-09-01;1314;18064;SALE;-10;-42;CLIENTE
2024-09-01;1314;20635;SALE;-1;-30.5;CLIENTE
2024-09-02;841;18064;SALE;-1;-2.49;CLIENTE
2024-09-02;841;20635;SALE;-1;-23.3;CLIENTE
2024-09-02;841;21141;SALE;-1;-25.93;CLIENTE
2024-09-02;1314;9607;SALE;-1;-14.31;CLIENTE
2024-09-02;1314;15589;SALE;-1;-31.32;CLIENTE
2024-09-02;1314;18064;SALE;-12;-50.4;CLIENTE
2024-09-02;1314;36857;SALE;-1;-3.93;CLIENTE
2024-09-02;1314;48813;SALE;-1;-8.98;CLIENTE
2024-09-03;841;5345;SALE;-1;-5.6;CLIENTE
2024-09-03;841;18064;SALE;-2;-4.98;CLIENTE
2024-09-03;1314;9607;SALE;-2;-28.62;CLIENTE
2024-09-03;1314;18064;SALE;-12;-50.4;CLIENTE
2024-09-03;1314;21141;SALE;-1;-31.79;CLIENTE
2024-09-03;1314;35772;SALE;-1;-16.98;CLIENTE
2024-09-04;1314;5345;DELIVERY;1;8.98;CD 2
2024-09-04;1314;15589;SALE;-1;-31.32;CLIENTE
2024-09-04;1314;18064;DELIVERY;6;25.2;CD 2
2024-09-04;1314;18064;SALE;-24;-100.8;CLIENTE
2024-09-04;1314;20635;DELIVERY;1;30.57;CD 2
2024-09-04;1314;20635;SALE;-1;-30.57;CLIENTE
2024-09-04;1314;36857;SALE;-2;-7.86;CLIENTE
2024-09-04;1314;48812;SALE;-1;-8.98;CLIENTE
2024-09-05;841;9607;DELIVERY;1;8.94;CD 2
2024-09-05;841;21141;DELIVERY;1;25.93;CD 2
2024-09-05;841;21141;SALE;-1;-25.93;CLIENTE
2024-09-05;841;48813;SALE;-1;-6.87;CLIENTE
2024-09-05;1314;15589;DELIVERY;1;31.4;CD 2
2024-09-05;1314;18064;DELIVERY;20;84;CD 2
2024-09-05;1314;18064;SALE;-15;-63;CLIENTE
2024-09-05;1314;20635;DELIVERY;1;30.63;CD 2
2024-09-05;1314;36857;SALE;-1;-3.93;CLIENTE
2024-09-06;841;18064;SALE;-2;-4.98;CLIENTE
2024-09-06;841;20635;DELIVERY;1;24.26;CD 2
2024-09-06;841;21141;DELIVERY;1;25.93;CD 2
2024-09-06;1314;9607;SALE;-2;-28.62;CLIENTE
2024-09-06;1314;15589;SALE;-1;-31.53;CLIENTE
2024-09-06;1314;18064;SALE;-14;-58.8;CLIENTE
2024-09-06;1314;20635;SALE;-1;-30.68;CLIENTE
2024-09-07;841;9607;SALE;-1;-8.94;CLIENTE
2024-09-07;841;18064;SALE;-6;-14.94;CLIENTE
2024-09-07;841;21141;SALE;-1;-25.93;CLIENTE
2024-09-07;1314;5345;DELIVERY;1;8.98;CD 2
2024-09-07;1314;9607;DELIVERY;2;28.62;CD 2
2024-09-07;1314;9607;SALE;-1;-14.31;CLIENTE
2024-09-07;1314;9607;TRANSFER;-2;-28.62;CD 2
2024-09-07;1314;13315;DELIVERY;1;46.69;CD 2
2024-09-07;1314;15589;DELIVERY;3;94.59;CD 2
2024-09-07;1314;18064;DELIVERY;31;130.2;CD 2
2024-09-07;1314;18064;SALE;-13;-54.6;CLIENTE
2024-09-07;1314;20635;DELIVERY;1;30.68;CD 2
2024-09-07;1314;44217;DELIVERY;1;43;CD 2
2024-09-07;1314;48813;DELIVERY;1;8.98;CD 2
2024-09-07;1314;48813;SALE;-1;-8.98;CLIENTE
2024-09-08;841;15589;SALE;-1;-25.54;CLIENTE
2024-09-08;841;18064;SALE;-6;-14.94;CLIENTE
2024-09-08;1314;9607;SALE;-1;-14.31;CLIENTE
2024-09-08;1314;18064;SALE;-9;-37.8;CLIENTE
2024-09-08;1314;20635;SALE;-1;-30.68;CLIENTE
2024-09-08;1314;35772;SALE;-1;-16.98;CLIENTE
2024-09-08;1314;48813;SALE;-1;-8.98;CLIENTE
2024-09-09;841;9607;SALE;-1;-8.94;CLIENTE
2024-09-09;841;18064;SALE;-2;-4.98;CLIENTE
2024-09-09;1314;1439;SALE;-1;-18.97;CLIENTE
2024-09-09;1314;9607;SALE;-1;-14.31;CLIENTE
2024-09-09;1314;15589;SALE;-1;-31.56;CLIENTE
2024-09-09;1314;18064;SALE;-23;-96.6;CLIENTE
2024-09-09;1314;36857;SALE;-2;-7.86;CLIENTE
2024-09-10;841;18064;SALE;-1;-2.49;CLIENTE
2024-09-10;1314;9607;DELIVERY;2;28.62;CD 2
2024-09-10;1314;9607;SALE;-2;-28.62;CLIENTE
2024-09-10;1314;15589;DELIVERY;1;31.56;CD 2
2024-09-10;1314;18064;DELIVERY;38;159.6;CD 2
2024-09-10;1314;18064;SALE;-8;-33.6;CLIENTE
2024-09-10;1314;20635;DELIVERY;1;30.73;CD 2
2024-09-10;1314;21141;DELIVERY;1;31.79;CD 2
2024-09-10;1314;31330;SALE;-1;-67.71;CLIENTE
2024-09-10;1314;35772;DELIVERY;1;16.98;CD 2
2024-09-10;1314;35772;SALE;-1;-16.98;CLIENTE
2024-09-10;1314;36857;DELIVERY;3;11.79;CD 2
2024-09-10;1314;36857;SALE;-1;-3.93;CLIENTE
2024-09-10;1314;48812;DELIVERY;1;8.98;CD 2
2024-09-11;841;5345;DELIVERY;1;5.61;CD 2
2024-09-11;841;9607;DELIVERY;1;8.96;CD 2
2024-09-11;841;9607;SALE;-2;-17.92;CLIENTE
2024-09-11;841;15589;DELIVERY;1;25.64;CD 2
2024-09-11;841;18064;SALE;-1;-2.49;CLIENTE
2024-09-11;841;21141;DELIVERY;2;51.86;CD 2
2024-09-11;841;48813;DELIVERY;1;7.18;CD 2
2024-09-11;1314;1439;SALE;-1;-18.97;CLIENTE
2024-09-11;1314;9607;SALE;-1;-14.31;CLIENTE
2024-09-11;1314;18064;SALE;-14;-58.8;CLIENTE
2024-09-11;1314;20635;SALE;-1;-30.73;CLIENTE
2024-09-11;1314;21141;SALE;-1;-31.79;CLIENTE
2024-09-12;841;35416;SALE;-1;-11.07;CLIENTE
2024-09-12;1314;5345;SALE;-2;-17.96;CLIENTE
2024-09-12;1314;9607;SALE;-2;-28.62;CLIENTE
2024-09-12;1314;15589;SALE;-2;-63.12;CLIENTE
2024-09-12;1314;18064;SALE;-11;-46.2;CLIENTE
2024-09-12;1314;36857;SALE;-1;-3.93;CLIENTE
2024-09-12;1314;48812;SALE;-1;-8.98;CLIENTE
2024-09-13;841;9607;DELIVERY;1;8.99;CD 2
2024-09-13;841;9607;SALE;-1;-8.99;CLIENTE
2024-09-13;841;18064;DELIVERY;2;5;CD 2
2024-09-13;841;18064;SALE;-3;-7.5;CLIENTE
2024-09-13;841;21141;SALE;-1;-25.93;CLIENTE
2024-09-13;841;48813;SALE;-1;-7.18;CLIENTE
2024-09-13;1314;9607;DELIVERY;6;86.16;CD 2
2024-09-13;1314;15589;DELIVERY;1;31.59;CD 2
2024-09-13;1314;15589;SALE;-1;-31.59;CLIENTE
2024-09-13;1314;18064;DELIVERY;60;252;CD 2
2024-09-13;1314;18064;SALE;-15;-63;CLIENTE
2024-09-13;1314;20635;DELIVERY;2;61.62;CD 2
2024-09-13;1314;20635;SALE;-2;-61.62;CLIENTE
2024-09-13;1314;35772;DELIVERY;1;16.98;CD 2
2024-09-13;1314;36857;DELIVERY;1;3.93;CD 2
2024-09-13;1314;48813;DELIVERY;2;17.96;CD 2
2024-09-14;1314;18064;SALE;-17;-71.4;CLIENTE
2024-09-15;841;18064;SALE;-1;-2.5;CLIENTE
2024-09-15;841;20635;SALE;-1;-24.26;CLIENTE
2024-09-15;1314;1439;DELIVERY;1;18.97;CD 2
2024-09-15;1314;9607;DELIVERY;1;14.36;CD 2
2024-09-15;1314;18064;DELIVERY;5;21.05;CD 2
2024-09-15;1314;18064;SALE;-13;-54.73;CLIENTE
2024-09-15;1314;20635;SALE;-1;-30.81;CLIENTE
2024-09-15;1314;21141;SALE;-1;-31.79;CLIENTE
2024-09-15;1314;36857;DELIVERY;2;7.86;CD 2
2024-09-15;1314;36857;SALE;-1;-3.93;CLIENTE
2024-09-15;1314;48812;SALE;-1;-8.98;CLIENTE
2024-09-16;841;9607;DELIVERY;3;27.03;CD 2
2024-09-16;841;18064;DELIVERY;26;66.3;CD 2
2024-09-16;841;35416;DELIVERY;1;11.13;CD 2
2024-09-16;1314;1439;SALE;-1;-18.97;CLIENTE
2024-09-16;1314;18064;SALE;-8;-33.68;CLIENTE
2024-09-16;1314;48813;SALE;-1;-8.98;CLIENTE
2024-09-17;841;18064;SALE;-5;-12.75;CLIENTE
2024-09-17;841;20635;DELIVERY;1;24.74;CD 2
2024-09-17;841;21141;DELIVERY;1;25.93;CD 2
2024-09-17;841;48813;DELIVERY;1;7.34;CD 2
2024-09-17;841;57912;SPOILAGE;-2;-17.58;OUTROS
2024-09-17;1314;1439;DELIVERY;1;18.97;CD 2
2024-09-17;1314;9607;DELIVERY;3;43.11;CD 2
2024-09-17;1314;15589;DELIVERY;1;31.62;CD 2
2024-09-17;1314;18064;DELIVERY;20;84.8;CD 2
2024-09-17;1314;18064;SALE;-2;-8.48;CLIENTE
2024-09-17;1314;20635;DELIVERY;1;30.85;CD 2
2024-09-17;1314;21141;DELIVERY;2;63.58;CD 2
2024-09-17;1314;31330;DELIVERY;1;67.71;CD 2
2024-09-17;1314;35772;DELIVERY;1;16.98;CD 2
2024-09-17;1314;36857;DELIVERY;1;3.93;CD 2
2024-09-18;841;18064;SALE;-6;-15.3;CLIENTE
2024-09-18;841;21141;SALE;-1;-25.93;CLIENTE
2024-09-18;1314;18064;SALE;-15;-63.6;CLIENTE
2024-09-18;1314;35772;SALE;-1;-16.98;CLIENTE
2024-09-19;841;18064;SALE;-1;-2.55;CLIENTE
2024-09-19;1314;1439;SALE;-1;-18.97;CLIENTE
2024-09-19;1314;5345;DELIVERY;2;17.98;CD 2
2024-09-19;1314;9607;DELIVERY;2;28.74;CD 2
2024-09-19;1314;15589;DELIVERY;2;63.32;CD 2
2024-09-19;1314;15589;SALE;-1;-31.66;CLIENTE
2024-09-19;1314;18064;DELIVERY;34;144.84;CD 2
2024-09-19;1314;18064;SALE;-9;-38.34;CLIENTE
2024-09-19;1314;20635;DELIVERY;2;61.82;CD 2
2024-09-19;1314;36857;DELIVERY;1;3.93;CD 2
2024-09-19;1314;48812;DELIVERY;1;8.98;CD 2
2024-09-20;841;9607;SALE;-1;-9.01;CLIENTE
2024-09-20;841;18064;SALE;-8;-20.4;CLIENTE
2024-09-20;1314;9607;SALE;-1;-14.37;CLIENTE
2024-09-20;1314;18064;SALE;-10;-42.6;CLIENTE
2024-09-20;1314;20635;SALE;-1;-30.91;CLIENTE
2024-09-21;1314;9607;SALE;-1;-14.37;CLIENTE
2024-09-21;1314;18064;SALE;-11;-46.86;CLIENTE
2024-09-22;1314;1439;DELIVERY;1;18.97;CD 2
2024-09-22;1314;15589;DELIVERY;1;31.67;CD 2
2024-09-22;1314;18064;DELIVERY;60;256.2;CD 2
2024-09-22;1314;18064;SALE;-8;-34.16;CLIENTE
2024-09-22;1314;20635;DELIVERY;1;30.94;CD 2
2024-09-22;1314;21141;DELIVERY;1;31.79;CD 2
2024-09-22;1314;36857;DELIVERY;1;3.93;CD 2
2024-09-22;1314;48812;DELIVERY;1;8.98;CD 2
2024-09-22;1314;48813;DELIVERY;1;8.98;CD 2
2024-09-23;841;18064;SALE;-1;-2.55;CLIENTE
2024-09-23;841;57912;DELIVERY;2;17.58;OUTROS
2024-09-23;841;57912;SPOILAGE;-2;-17.58;CD 1
2024-09-23;1314;15590;SALE;-1;-41.56;CLIENTE
2024-09-23;1314;18064;SALE;-8;-34.16;CLIENTE
2024-09-23;1314;20635;SALE;-1;-30.94;CLIENTE
2024-09-24;841;9607;DELIVERY;1;9.01;CD 2
2024-09-24;841;18064;DELIVERY;16;40.96;CD 2
2024-09-24;841;18064;SALE;-6;-15.36;CLIENTE
2024-09-24;1314;18064;SALE;-6;-25.62;CLIENTE
2024-09-24;1314;21141;SALE;-1;-31.79;CLIENTE
2024-09-24;1314;35772;DELIVERY;1;16.98;CD 2
2024-09-24;1314;36857;SALE;-1;-3.93;CLIENTE
2024-09-25;1314;5345;SALE;-1;-8.99;CLIENTE
2024-09-25;1314;18064;SALE;-12;-51.24;CLIENTE
2024-09-25;1314;21141;SALE;-1;-31.79;CLIENTE
2024-09-25;1314;44217;SALE;-1;-43;CLIENTE
2024-09-25;1314;57814;SALE;-1;-150.83;CLIENTE
2024-09-25;1314;57816;SALE;-2;-126.64;CLIENTE
2024-09-26;841;9607;DELIVERY;1;9.01;CD 2
2024-09-26;841;18064;DELIVERY;8;20.48;CD 2
2024-09-26;841;18064;SALE;-1;-2.56;CLIENTE
2024-09-26;1314;9607;SALE;-2;-28.74;CLIENTE
2024-09-26;1314;15589;DELIVERY;2;63.38;CD 2
2024-09-26;1314;18064;DELIVERY;14;59.78;CD 2
2024-09-26;1314;18064;SALE;-2;-8.54;CLIENTE
2024-09-26;1314;20635;DELIVERY;1;30.96;CD 2
2024-09-26;1314;36857;DELIVERY;1;3.93;CD 2
2024-09-26;1314;44217;SALE;-1;-43;CLIENTE
2024-09-26;1314;48813;DELIVERY;1;8.98;CD 2
2024-09-26;1314;57816;DELIVERY;1;60.88;OUTROS
2024-09-26;1314;57816;SALE;-1;-63.32;CLIENTE
2024-09-27;841;18064;SALE;-2;-5.12;CLIENTE
2024-09-27;841;21141;SALE;-1;-25.93;CLIENTE
2024-09-27;1314;9607;SALE;-2;-28.74;CLIENTE
2024-09-27;1314;18064;SALE;-7;-29.89;CLIENTE
2024-09-27;1314;21141;SALE;-1;-31.79;CLIENTE
2024-09-28;841;18064;SALE;-1;-2.56;CLIENTE
2024-09-28;1314;15590;DELIVERY;1;41.98;CD 2
2024-09-28;1314;18064;DELIVERY;27;115.29;CD 2
2024-09-28;1314;18064;SALE;-12;-51.24;CLIENTE
2024-09-28;1314;20635;DELIVERY;1;30.98;CD 2
2024-09-28;1314;48812;SALE;-1;-8.98;CLIENTE
2024-09-28;1314;48813;SALE;-1;-8.98;CLIENTE
2024-09-29;841;9607;SALE;-1;-9.01;CLIENTE
2024-09-29;841;18064;SALE;-1;-2.56;CLIENTE
2024-09-29;841;21141;SALE;-1;-25.93;CLIENTE
2024-09-29;1314;5345;SALE;-1;-8.99;CLIENTE
2024-09-29;1314;9607;SALE;-1;-14.37;CLIENTE
2024-09-29;1314;18064;SALE;-8;-34.16;CLIENTE
2024-09-29;1314;48813;SALE;-1;-8.98;CLIENTE
2024-09-30;841;18064;SALE;-1;-2.56;CLIENTE
2024-09-30;841;57817;SALE;-1;-65.7;CLIENTE
2024-09-30;1314;9607;SALE;-1;-14.37;CLIENTE
2024-09-30;1314;18064;SALE;-10;-42.7;CLIENTE
2024-09-30;1314;20635;SALE;-1;-30.98;CLIENTE
2024-09-30;1314;21141;SALE;-1;-31.79;CLIENTE
2024-09-30;1314;31330;SALE;-1;-67.71;CLIENTE
2023-02-01;1314;9607;SALE;-1;-12.87;CLIENTE
2023-02-01;1314;18064;DELIVERY;8;31.12;CD 2
2023-02-01;1314;18064;SALE;-4;-15.56;CLIENTE
2023-02-02;1314;18064;SALE;-18;-70.02;CLIENTE
2023-02-03;841;9607;SALE;-1;-8;CLIENTE
2023-02-03;1314;9607;DELIVERY;2;25.74;CD 2
2023-02-03;1314;18064;DELIVERY;25;97.25;CD 2
2023-02-03;1314;18064;SALE;-4;-15.56;CLIENTE
2023-02-03;1314;20635;SALE;-1;-30.12;CLIENTE
2023-02-03;1314;57912;DELIVERY;1;12.68;CD 2
2023-02-04;1314;5345;SALE;-2;-16.08;CLIENTE
2023-02-04;1314;18064;SALE;-5;-19.45;CLIENTE
2023-02-04;1314;35416;SALE;-1;-9.9;CLIENTE
2023-02-05;841;18064;SALE;-1;-2.34;CLIENTE
2023-02-05;1314;9607;SALE;-1;-12.87;CLIENTE
2023-02-05;1314;18064;SALE;-7;-27.23;CLIENTE
2023-02-05;1314;36857;SPOILAGE;-2;-7.08;OUTROS
2023-02-06;841;15589;SALE;-1;-26.15;CLIENTE
2023-02-06;841;18064;SALE;-3;-7.02;CLIENTE
2023-02-06;841;21141;SALE;-1;-24.43;CLIENTE
2023-02-06;1314;1439;DELIVERY;1;18.43;CD 2
2023-02-06;1314;9607;SALE;-1;-12.87;CLIENTE
2023-02-06;1314;18064;DELIVERY;9;35.01;CD 2
2023-02-06;1314;18064;SALE;-5;-19.45;CLIENTE
2023-02-07;841;9607;SALE;-2;-16;CLIENTE
2023-02-07;841;18064;SALE;-1;-2.34;CLIENTE
2023-02-07;841;51957;SALE;-1;-5.89;CLIENTE
2023-02-07;1314;5345;DELIVERY;1;8.04;OUTROS
2023-02-07;1314;5345;SALE;-1;-8.04;CLIENTE
2023-02-07;1314;18064;DELIVERY;7;27.23;CD 2
2023-02-07;1314;18064;SALE;-2;-7.78;CLIENTE
2023-02-08;1314;18064;SALE;-5;-19.45;CLIENTE
2023-02-09;841;18064;DELIVERY;4;9.36;CD 2
2023-02-09;841;18064;SALE;-3;-7.02;CLIENTE
2023-02-09;841;36857;DELIVERY;2;4.56;CD 2
2023-02-09;1314;9607;DELIVERY;3;38.61;CD 2
2023-02-09;1314;9607;SALE;-1;-12.87;CLIENTE
2023-02-09;1314;15589;DELIVERY;1;31.75;CD 2
2023-02-09;1314;18064;DELIVERY;7;27.23;CD 2
2023-02-09;1314;18064;SALE;-20;-77.8;CLIENTE
2023-02-10;841;5345;SALE;-1;-4.99;CLIENTE
2023-02-10;841;15589;DELIVERY;1;26.32;CD 2
2023-02-10;841;18064;DELIVERY;10;23.4;CD 2
2023-02-10;841;18064;SALE;-1;-2.34;CLIENTE
2023-02-10;841;20635;DELIVERY;1;23.22;CD 2
2023-02-10;841;36857;DELIVERY;1;2.28;CD 2
2023-02-10;1314;1439;SALE;-1;-18.43;CLIENTE
2023-02-10;1314;18064;SALE;-15;-58.35;CLIENTE
2023-02-11;841;51957;SALE;-1;-5.89;CLIENTE
2023-02-11;1314;1439;DELIVERY;1;18.46;CD 2
2023-02-11;1314;18064;DELIVERY;5;19.45;CD 2
2023-02-11;1314;18064;SALE;-19;-73.91;CLIENTE
2023-02-11;1314;20635;SALE;-1;-30.12;CLIENTE
2023-02-12;841;18064;SALE;-7;-16.38;CLIENTE
2023-02-12;1314;18064;DELIVERY;4;15.56;CD 2
2023-02-12;1314;18064;SALE;-23;-89.47;CLIENTE
2023-02-13;1314;1439;DELIVERY;1;18.48;CD 2
2023-02-13;1314;9607;SALE;-1;-12.87;CLIENTE
2023-02-13;1314;18064;DELIVERY;23;89.47;CD 2
2023-02-13;1314;18064;SALE;-5;-19.45;CLIENTE
2023-02-13;1314;21141;DELIVERY;1;29.59;CD 2
2023-02-14;841;15589;DELIVERY;1;26.38;CD 2
2023-02-14;841;18064;DELIVERY;5;11.7;CD 2
2023-02-14;841;18064;SALE;-4;-9.36;CLIENTE
2023-02-14;841;21141;DELIVERY;1;24.43;CD 2
2023-02-14;841;51957;SALE;-1;-5.89;CLIENTE
2023-02-14;1314;9607;SALE;-1;-12.87;CLIENTE
2023-02-14;1314;18064;SALE;-15;-58.35;CLIENTE
2023-02-14;1314;44217;SALE;-1;-39.41;CLIENTE
2023-02-15;841;18064;SALE;-3;-7.02;CLIENTE
2023-02-15;841;36857;SALE;-1;-2.28;CLIENTE
2023-02-15;1314;18064;DELIVERY;3;11.67;CD 2
2023-02-15;1314;18064;SALE;-21;-81.69;CLIENTE
2023-02-15;1314;20635;SALE;-1;-30.12;CLIENTE
2023-02-16;841;18064;DELIVERY;9;21.06;CD 2
2023-02-16;841;51957;DELIVERY;1;5.89;CD 2
2023-02-16;1314;5345;DELIVERY;2;16.08;CD 2
2023-02-16;1314;9607;DELIVERY;1;12.87;CD 2
2023-02-16;1314;18064;DELIVERY;12;46.68;CD 2
2023-02-16;1314;18064;SALE;-9;-35.01;CLIENTE
2023-02-16;1314;18064;SPOILAGE;-1;-3.89;OUTROS
2023-02-16;1314;35416;DELIVERY;1;9.9;CD 2
2023-02-16;1314;36857;SALE;-1;-3.54;CLIENTE
2023-02-16;1314;51957;SALE;-1;-12.22;CLIENTE
2023-02-16;1314;51957;TRANSFER;-1;-12.22;CD 1
2023-02-17;841;9607;DELIVERY;1;8;CD 2
2023-02-17;841;18064;DELIVERY;3;7.02;CD 2
2023-02-17;1314;9607;DELIVERY;1;12.87;CD 2
2023-02-17;1314;18064;DELIVERY;2;7.78;OUTROS
2023-02-17;1314;18064;DELIVERY;23;89.47;CD 2
2023-02-17;1314;18064;SALE;-6;-23.34;CLIENTE
2023-02-17;1314;18064;SPOILAGE;-1;-3.89;OUTROS
2023-02-17;1314;18064;SPOILAGE;-2;-7.78;CD 1
2023-02-17;1314;20635;DELIVERY;1;30.22;CD 2
2023-02-17;1314;36857;DELIVERY;2;7.08;OUTROS
2023-02-17;1314;36857;SPOILAGE;-2;-7.08;CD 1
2023-02-17;1314;57912;SALE;-1;-12.68;CLIENTE
2023-02-18;841;5345;SALE;-1;-4.99;CLIENTE
2023-02-18;841;18064;SALE;-4;-9.36;CLIENTE
2023-02-18;1314;9607;SALE;-1;-12.87;CLIENTE
2023-02-18;1314;18064;SALE;-11;-42.79;CLIENTE
2023-02-19;841;9607;SALE;-1;-8;CLIENTE
2023-02-19;841;18064;SALE;-4;-9.36;CLIENTE
2023-02-19;1314;15589;SALE;-1;-31.75;CLIENTE
2023-02-19;1314;18064;DELIVERY;19;73.91;CD 2
2023-02-19;1314;18064;SALE;-21;-81.69;CLIENTE
2023-02-19;1314;35416;SALE;-2;-19.8;CLIENTE
2023-02-19;1314;36857;SALE;-1;-3.54;CLIENTE
2023-02-20;841;9607;SALE;-1;-8;CLIENTE
2023-02-20;841;18064;DELIVERY;7;16.38;CD 2
2023-02-20;841;18064;SALE;-1;-2.34;CLIENTE
2023-02-20;841;36857;DELIVERY;1;2.28;CD 2
2023-02-20;841;51957;DELIVERY;1;5.89;CD 2
2023-02-20;841;51957;SALE;-1;-5.89;CLIENTE
2023-02-20;1314;1439;DELIVERY;1;18.49;CD 2
2023-02-20;1314;9607;DELIVERY;1;12.87;CD 2
2023-02-20;1314;9607;SALE;-1;-12.87;CLIENTE
2023-02-20;1314;18064;DELIVERY;17;66.13;CD 2
2023-02-20;1314;18064;SALE;-5;-19.45;CLIENTE
2023-02-21;841;5345;SALE;-1;-4.99;CLIENTE
2023-02-21;841;18064;SALE;-1;-2.34;CLIENTE
2023-02-21;1314;9607;DELIVERY;1;12.87;OUTROS
2023-02-21;1314;9607;DELIVERY;1;12.87;CD 2
2023-02-21;1314;18064;DELIVERY;53;206.17;CD 2
2023-02-21;1314;18064;SALE;-20;-77.8;CLIENTE
2023-02-21;1314;20635;DELIVERY;1;30.28;CD 2
2023-02-21;1314;36857;SALE;-1;-3.54;CLIENTE
2023-02-21;1314;62364;DELIVERY;1;32.3;CD 2
2023-02-22;841;18064;SALE;-1;-2.34;CLIENTE
2023-02-22;1314;5345;SALE;-1;-8.04;CLIENTE
2023-02-22;1314;9607;DELIVERY;2;25.74;CD 2
2023-02-22;1314;9607;SALE;-1;-12.87;CLIENTE
2023-02-22;1314;18064;DELIVERY;20;77.8;CD 2
2023-02-22;1314;18064;SALE;-16;-62.24;CLIENTE
2023-02-22;1314;21141;SALE;-1;-29.59;CLIENTE
2023-02-22;1314;31330;SALE;-1;-64.98;CLIENTE
2023-02-22;1314;44217;DELIVERY;1;39.49;CD 2
2023-02-23;841;9607;INVENTORY_CHECK;-1;-8;OUTROS
2023-02-23;841;18064;INVENTORY_CHECK;-1;-2.34;OUTROS
2023-02-23;841;18064;SALE;-1;-2.34;CLIENTE
2023-02-23;841;36857;INVENTORY_CHECK;-1;-2.28;OUTROS
2023-02-23;1314;9607;SALE;-1;-12.87;CLIENTE
2023-02-23;1314;18064;DELIVERY;27;105.03;CD 2
2023-02-23;1314;18064;SALE;-13;-50.57;CLIENTE
2023-02-23;1314;20635;DELIVERY;1;30.33;CD 2
2023-02-23;1314;20635;SALE;-1;-30.33;CLIENTE
2023-02-24;841;5345;DELIVERY;1;4.99;CD 2
2023-02-24;841;5345;SALE;-1;-4.99;CLIENTE
2023-02-24;841;9607;DELIVERY;2;16;CD 2
2023-02-24;841;18064;DELIVERY;10;23.4;CD 2
2023-02-24;841;21141;SALE;-1;-24.43;CLIENTE
2023-02-24;841;51957;DELIVERY;1;5.89;CD 2
2023-02-24;1314;18064;SALE;-23;-89.47;CLIENTE
2023-02-24;1314;36857;SALE;-2;-7.08;CLIENTE
2023-02-25;841;18064;SALE;-1;-2.34;CLIENTE
2023-02-25;1314;18064;SALE;-16;-62.24;CLIENTE
2023-02-25;1314;36857;SALE;-3;-10.62;CLIENTE
2023-02-26;841;5345;DELIVERY;2;9.98;CD 2
2023-02-26;841;9607;DELIVERY;1;8;CD 2
2023-02-26;841;18064;DELIVERY;3;7.02;CD 2
2023-02-26;841;18064;SALE;-1;-2.34;CLIENTE
2023-02-26;841;36857;DELIVERY;1;2.29;CD 2
2023-02-26;841;51957;SALE;-1;-5.89;CLIENTE
2023-02-26;1314;9607;SALE;-1;-12.87;CLIENTE
2023-02-26;1314;18064;SALE;-16;-62.24;CLIENTE
2023-02-26;1314;35416;SALE;-1;-9.9;CLIENTE
2023-02-27;841;18064;SALE;-4;-9.36;CLIENTE
2023-02-27;841;35416;SALE;-1;-5.79;CLIENTE
2023-02-27;1314;9607;SALE;-1;-12.87;CLIENTE
2023-02-27;1314;18064;SALE;-25;-97.25;CLIENTE
2023-02-28;841;18064;SALE;-8;-18.72;CLIENTE
2023-02-28;1314;9607;SALE;-1;-12.87;CLIENTE
2023-02-28;1314;18064;DELIVERY;11;42.79;CD 2
2023-02-28;1314;18064;SALE;-21;-81.69;CLIENTE
2023-02-28;1314;20635;SALE;-1;-30.33;CLIENTE
2023-02-28;1314;57912;DELIVERY;1;12.68;CD 2
2023-03-01;841;18064;SALE;-1;-2.34;CLIENTE
2023-03-01;1314;9607;DELIVERY;2;25.74;CD 2
2023-03-01;1314;9607;SALE;-2;-25.74;CLIENTE
2023-03-01;1314;13315;SALE;-1;-44.11;CLIENTE
2023-03-01;1314;15589;DELIVERY;1;31.75;CD 2
2023-03-01;1314;18064;DELIVERY;37;143.93;CD 2
2023-03-01;1314;18064;SALE;-11;-42.79;CLIENTE
2023-03-01;1314;35416;DELIVERY;2;19.8;CD 2
2023-03-02;841;5345;DELIVERY;1;4.99;CD 2
2023-03-02;841;51957;DELIVERY;1;5.89;CD 2
2023-03-02;1314;5345;SALE;-1;-8.04;CLIENTE
2023-03-02;1314;9607;SALE;-1;-12.87;CLIENTE
2023-03-02;1314;15589;SALE;-1;-31.75;CLIENTE
2023-03-02;1314;18064;SALE;-9;-35.01;CLIENTE
2023-03-03;841;9607;SALE;-1;-8;CLIENTE
2023-03-03;1314;5345;DELIVERY;1;8.04;CD 2
2023-03-03;1314;9607;DELIVERY;1;12.87;CD 2
2023-03-03;1314;9607;SALE;-1;-12.87;CLIENTE
2023-03-03;1314;18064;DELIVERY;42;163.38;CD 2
2023-03-03;1314;18064;SALE;-12;-46.68;CLIENTE
2023-03-03;1314;20635;SALE;-2;-60.66;CLIENTE
2023-03-03;1314;21141;DELIVERY;1;29.59;CD 2
2023-03-03;1314;35416;SALE;-1;-9.9;CLIENTE
2023-03-04;841;18064;SALE;-2;-4.68;CLIENTE
2023-03-04;1314;18064;SALE;-3;-11.67;CLIENTE
2023-03-04;1314;21141;SALE;-1;-29.59;CLIENTE
2023-03-05;1314;18064;SALE;-5;-19.45;CLIENTE
2023-03-06;841;18064;DELIVERY;12;28.08;CD 2
2023-03-06;841;21141;DELIVERY;2;48.86;CD 2
2023-03-06;841;35416;DELIVERY;1;5.79;CD 2
2023-03-06;841;51957;DELIVERY;1;5.89;CD 2
2023-03-06;1314;9607;DELIVERY;1;12.87;CD 2
2023-03-06;1314;18064;DELIVERY;62;241.18;CD 2
2023-03-06;1314;18064;SALE;-13;-50.57;CLIENTE
2023-03-06;1314;20635;DELIVERY;1;30.4;CD 2
2023-03-06;1314;35416;DELIVERY;1;9.9;CD 2
2023-03-07;841;18064;SALE;-1;-2.34;CLIENTE
2023-03-07;1314;9607;DELIVERY;1;12.87;CD 2
2023-03-07;1314;18064;DELIVERY;25;97.25;CD 2
2023-03-07;1314;18064;SALE;-16;-62.24;CLIENTE
2023-03-08;841;18064;SALE;-2;-4.68;CLIENTE
2023-03-08;1314;1439;SALE;-1;-18.49;CLIENTE
2023-03-08;1314;18064;DELIVERY;9;35.01;CD 2
2023-03-08;1314;18064;SALE;-12;-46.68;CLIENTE
2023-03-08;1314;58701;SALE;-1;-53.37;CLIENTE
2023-03-09;841;9607;DELIVERY;1;8;CD 2
2023-03-09;841;18064;DELIVERY;3;7.02;CD 2
2023-03-09;841;18064;SALE;-1;-2.34;CLIENTE
2023-03-09;1314;5345;SALE;-1;-8.04;CLIENTE
2023-03-09;1314;9607;DELIVERY;1;12.87;CD 2
2023-03-09;1314;9607;SALE;-2;-25.74;CLIENTE
2023-03-09;1314;18064;DELIVERY;21;81.69;CD 2
2023-03-09;1314;18064;SALE;-23;-89.47;CLIENTE
2023-03-09;1314;20635;DELIVERY;1;30.44;CD 2
2023-03-09;1314;20635;SALE;-1;-30.44;CLIENTE
2023-03-10;841;9607;SALE;-1;-8;CLIENTE
2023-03-10;841;18064;SALE;-2;-4.68;CLIENTE
2023-03-10;1314;5345;DELIVERY;1;8.04;CD 2
2023-03-10;1314;9607;DELIVERY;1;12.87;CD 2
2023-03-10;1314;9607;SALE;-1;-12.87;CLIENTE
2023-03-10;1314;15589;DELIVERY;1;31.75;CD 2
2023-03-10;1314;18064;DELIVERY;4;15.56;CD 2
2023-03-10;1314;18064;SALE;-20;-77.8;CLIENTE
2023-03-11;841;9607;DELIVERY;1;8;CD 2
2023-03-11;841;18064;SALE;-1;-2.34;CLIENTE
2023-03-11;1314;9607;DELIVERY;2;25.74;CD 2
2023-03-11;1314;9607;SALE;-1;-12.87;CLIENTE
2023-03-11;1314;18064;DELIVERY;7;27.23;CD 2
2023-03-11;1314;18064;SALE;-11;-42.79;CLIENTE
2023-03-11;1314;20635;SALE;-1;-30.44;CLIENTE
2023-03-12;841;18064;SALE;-2;-4.68;CLIENTE
2023-03-12;1314;9607;SALE;-1;-12.87;CLIENTE
2023-03-12;1314;13315;DELIVERY;1;44.11;OUTROS
2023-03-12;1314;13315;SALE;-1;-44.11;CLIENTE
2023-03-12;1314;18064;SALE;-7;-27.23;CLIENTE
2023-03-13;841;18064;DELIVERY;9;21.06;CD 2
2023-03-13;841;18064;SALE;-3;-7.02;CLIENTE
2023-03-13;1314;9607;SALE;-1;-12.87;CLIENTE
2023-03-13;1314;15589;SALE;-1;-31.75;CLIENTE
2023-03-13;1314;18064;SALE;-5;-19.45;CLIENTE
2023-03-13;1314;20635;SALE;-1;-30.44;CLIENTE
2023-03-14;841;18064;DELIVERY;1;2.34;CD 2
2023-03-14;841;18064;SALE;-2;-4.68;CLIENTE
2023-03-14;1314;9607;SALE;-1;-12.87;CLIENTE
2023-03-14;1314;18064;DELIVERY;13;50.57;CD 2
2023-03-14;1314;18064;SALE;-3;-11.67;CLIENTE
2023-03-14;1314;20635;SALE;-1;-30.52;CLIENTE
2023-03-15;841;18064;SALE;-1;-2.34;CLIENTE
2023-03-15;841;21141;SALE;-1;-24.43;CLIENTE
2023-03-15;841;57816;SALE;-1;-46.57;CLIENTE
2023-03-15;1314;1439;DELIVERY;1;18.5;CD 2
2023-03-15;1314;9607;DELIVERY;1;12.87;CD 2
2023-03-15;1314;18064;DELIVERY;80;311.2;CD 2
2023-03-15;1314;18064;SALE;-6;-23.34;CLIENTE
2023-03-15;1314;20635;DELIVERY;2;61.04;CD 2
2023-03-15;1314;21141;DELIVERY;1;29.59;CD 2
2023-03-15;1314;31330;SALE;-2;-129.96;CLIENTE
2023-03-15;1314;35416;DELIVERY;1;9.9;CD 2
2023-03-15;1314;35416;SALE;-1;-9.9;CLIENTE
2023-03-16;841;15589;SALE;-1;-26.38;CLIENTE
2023-03-16;841;18064;SALE;-4;-9.36;CLIENTE
2023-03-16;841;21141;SALE;-1;-24.43;CLIENTE
2023-03-16;1314;18064;SALE;-4;-15.56;CLIENTE
2023-03-16;1314;20635;SALE;-2;-61.04;CLIENTE
2023-03-16;1314;21141;SALE;-1;-29.59;CLIENTE
2023-03-16;1314;36857;SALE;-2;-7.08;CLIENTE
2023-03-17;841;18064;DELIVERY;3;7.02;CD 2
2023-03-17;1314;18064;ADJUSTMENT;-1;-3.89;OUTROS
2023-03-17;1314;18064;SALE;-8;-31.12;CLIENTE
2023-03-17;1314;35416;SALE;-1;-9.9;CLIENTE
2023-03-17;1314;36857;SALE;-1;-3.54;CLIENTE
2023-03-18;841;15589;SALE;-1;-26.38;CLIENTE
2023-03-18;841;18064;SALE;-1;-2.34;CLIENTE
2023-03-18;1314;18064;SALE;-18;-70.02;CLIENTE
2023-03-18;1314;35416;SALE;-1;-9.9;CLIENTE
2023-03-19;841;18064;SALE;-2;-4.68;CLIENTE
2023-03-19;1314;9607;DELIVERY;1;12.87;CD 2
2023-03-19;1314;9607;SALE;-1;-12.87;CLIENTE
2023-03-19;1314;18064;DELIVERY;20;77.8;CD 2
2023-03-19;1314;18064;SALE;-9;-35.01;CLIENTE
2023-03-19;1314;35416;SALE;-1;-9.9;CLIENTE
2023-03-20;841;18064;SALE;-2;-4.68;CLIENTE
2023-03-20;1314;5345;DELIVERY;1;8.04;CD 2
2023-03-20;1314;9607;DELIVERY;4;51.48;CD 2
2023-03-20;1314;9607;SALE;-1;-12.87;CLIENTE
2023-03-20;1314;18064;ADJUSTMENT;-15;-58.35;CD 2
2023-03-20;1314;18064;DELIVERY;43;167.27;CD 2
2023-03-20;1314;18064;SALE;-13;-50.57;CLIENTE
2023-03-20;1314;20635;DELIVERY;2;61.13;CD 2
2023-03-20;1314;48812;DELIVERY;3;21.51;CD 2
2023-03-20;1314;48813;DELIVERY;1;5.99;CD 2
2023-03-20;1314;58701;DELIVERY;1;53.37;CD 2
2023-03-21;841;18064;DELIVERY;5;11.7;CD 2
2023-03-21;841;18064;SALE;-1;-2.34;CLIENTE
2023-03-21;841;48812;DELIVERY;1;5.98;CD 2
2023-03-21;841;48813;DELIVERY;1;4.99;CD 2
2023-03-21;841;55917;DELIVERY;1;8.53;CD 2
2023-03-21;1314;9607;DELIVERY;1;12.87;CD 2
2023-03-21;1314;15589;DELIVERY;1;31.75;CD 2
2023-03-21;1314;15589;SALE;-1;-31.75;CLIENTE
2023-03-21;1314;18064;DELIVERY;5;19.45;CD 2
2023-03-21;1314;18064;SALE;-20;-77.8;CLIENTE
2023-03-21;1314;20635;DELIVERY;1;30.58;CD 2
2023-03-21;1314;20635;SALE;-1;-30.58;CLIENTE
2023-03-21;1314;31330;SALE;-1;-64.98;CLIENTE
2023-03-22;841;18064;DELIVERY;3;6.96;CD 2
2023-03-22;841;18064;SALE;-1;-2.32;CLIENTE
2023-03-22;1314;18064;SALE;-10;-38.9;CLIENTE
2023-03-22;1314;20635;SALE;-2;-61.16;CLIENTE
2023-03-22;1314;36857;SALE;-2;-7.08;CLIENTE
2023-03-23;841;1439;SALE;-1;-14.92;CLIENTE
2023-03-23;841;48813;SALE;-1;-4.99;CLIENTE
2023-03-23;1314;18064;SALE;-10;-38.9;CLIENTE
2023-03-23;1314;31330;SALE;-1;-64.98;CLIENTE
2023-03-23;1314;48812;SALE;-1;-7.17;CLIENTE
2023-03-23;1314;51957;SALE;-1;-12.22;CLIENTE
2023-03-23;1314;58701;SALE;-1;-53.37;CLIENTE
2023-03-24;841;15589;DELIVERY;2;52.9;CD 2
2023-03-24;841;18064;DELIVERY;7;16.07;CD 2
2023-03-24;841;18064;SALE;-5;-11.45;CLIENTE
2023-03-24;841;21141;DELIVERY;1;24.43;CD 2
2023-03-24;1314;1439;SALE;-1;-18.5;CLIENTE
2023-03-24;1314;9607;DELIVERY;1;12.87;CD 2
2023-03-24;1314;18064;DELIVERY;13;50.44;CD 2
2023-03-24;1314;18064;SALE;-3;-11.64;CLIENTE
2023-03-24;1314;20635;DELIVERY;3;91.8;CD 2
2023-03-24;1314;21141;DELIVERY;1;29.59;CD 2
2023-03-24;1314;36857;DELIVERY;2;7.08;CD 2
2023-03-25;1314;9607;SALE;-1;-12.87;CLIENTE
2023-03-25;1314;18064;SALE;-6;-23.28;CLIENTE
2023-03-25;1314;36857;SALE;-2;-7.08;CLIENTE
2023-03-26;1314;9607;SALE;-1;-12.87;CLIENTE
2023-03-26;1314;18064;SALE;-7;-27.16;CLIENTE
2023-03-26;1314;36857;SALE;-1;-3.54;CLIENTE
2023-03-26;1314;48812;SALE;-1;-7.17;CLIENTE
2023-03-27;841;18064;SALE;-5;-11.45;CLIENTE
2023-03-27;841;36857;SALE;-1;-2.29;CLIENTE
2023-03-27;1314;9607;DELIVERY;2;25.74;CD 2
2023-03-27;1314;18064;DELIVERY;63;243.18;CD 2
2023-03-27;1314;18064;SALE;-23;-88.78;CLIENTE
2023-03-27;1314;20635;SALE;-1;-30.6;CLIENTE
2023-03-27;1314;35416;DELIVERY;1;9.9;CD 2
2023-03-27;1314;48813;SALE;-1;-5.99;CLIENTE
2023-03-28;841;21141;SALE;-1;-24.43;CLIENTE
2023-03-28;1314;5345;SALE;-1;-8.04;CLIENTE
2023-03-28;1314;15589;DELIVERY;1;31.75;CD 2
2023-03-28;1314;18064;DELIVERY;60;231;CD 2
2023-03-28;1314;18064;SALE;-9;-34.65;CLIENTE
2023-03-28;1314;20635;DELIVERY;3;91.8;CD 2
2023-03-28;1314;31330;DELIVERY;1;67.12;CD 2
2023-03-28;1314;36857;DELIVERY;2;7.1;CD 2
2023-03-29;841;9607;SALE;-1;-8;CLIENTE
2023-03-29;841;15589;SALE;-1;-26.46;CLIENTE
2023-03-29;841;18064;DELIVERY;2;4.56;CD 2
2023-03-29;841;18064;SALE;-5;-11.4;CLIENTE
2023-03-29;841;48813;DELIVERY;1;4.99;CD 2
2023-03-29;1314;13315;SALE;-1;-44.11;CLIENTE
2023-03-29;1314;15589;DELIVERY;1;31.75;CD 2
2023-03-29;1314;18064;SALE;-3;-11.55;CLIENTE
2023-03-29;1314;57912;DELIVERY;4;50.72;CD 2
2023-03-30;841;18064;SALE;-4;-9.12;CLIENTE
2023-03-30;1314;9607;SALE;-1;-12.87;CLIENTE
2023-03-30;1314;18064;SALE;-6;-23.1;CLIENTE
2023-03-30;1314;20635;SALE;-2;-61.2;CLIENTE
2023-03-31;841;18064;SALE;-4;-9.12;CLIENTE
2023-03-31;1314;1439;DELIVERY;1;18.51;CD 2
2023-03-31;1314;9607;SALE;-1;-12.87;CLIENTE
2023-03-31;1314;18064;SALE;-24;-92.4;CLIENTE
2023-03-31;1314;20635;SALE;-2;-61.2;CLIENTE
2023-03-31;1314;21141;SALE;-1;-29.59;CLIENTE
2023-03-31;1314;31330;DELIVERY;1;67.12;CD 2
2023-03-31;1314;48812;DELIVERY;1;7.17;CD 2
2023-03-31;1314;51957;DELIVERY;1;12.21;CD 2
2023-03-31;1314;58701;DELIVERY;1;53.37;CD 2
2023-04-01;841;1439;DELIVERY;1;15.1;CD 2
2023-04-01;841;15589;DELIVERY;1;26.47;CD 2
2023-04-01;841;18064;DELIVERY;10;22.5;CD 2
2023-04-01;841;21141;DELIVERY;1;25.63;CD 2
2023-04-01;841;36857;DELIVERY;1;2.29;CD 2
2023-04-01;1314;9607;DELIVERY;2;25.74;CD 2
2023-04-01;1314;18064;SALE;-4;-15.4;CLIENTE
2023-04-01;1314;20635;SALE;-1;-30.6;CLIENTE
2023-04-01;1314;36857;DELIVERY;3;10.65;CD 2
2023-04-01;1314;36857;SALE;-1;-3.55;CLIENTE
2023-04-01;1314;48812;DELIVERY;1;7.17;CD 2
2023-04-02;841;18064;DELIVERY;5;11.25;CD 2
2023-04-02;1314;18064;SALE;-19;-73.15;CLIENTE
2023-04-03;841;15589;SALE;-2;-52.94;CLIENTE
2023-04-03;841;18064;DELIVERY;4;9;CD 2
2023-04-03;1314;9607;SALE;-2;-25.74;CLIENTE
2023-04-03;1314;15589;SALE;-1;-31.75;CLIENTE
2023-04-03;1314;18064;SALE;-18;-69.3;CLIENTE
2023-04-03;1314;31330;SALE;-1;-67.12;CLIENTE
2023-04-03;1314;51957;SALE;-1;-12.21;CLIENTE
2023-04-04;1314;18064;SALE;-2;-7.7;CLIENTE
2023-04-04;1314;31330;SALE;-1;-67.12;CLIENTE
2023-04-04;1314;48812;SALE;-1;-7.17;CLIENTE
2023-04-04;1314;58701;SALE;-1;-53.37;CLIENTE
2023-04-05;841;18064;DELIVERY;6;13.5;CD 2
2023-04-05;841;18064;SALE;-1;-2.25;CLIENTE
2023-04-05;1314;9607;SALE;-1;-12.87;CLIENTE
2023-04-05;1314;18064;SALE;-4;-15.4;CLIENTE
2023-04-06;841;15589;SALE;-1;-26.47;CLIENTE
2023-04-06;841;18064;SALE;-8;-18;CLIENTE
2023-04-06;1314;1439;SALE;-2;-37.02;CLIENTE
2023-04-06;1314;5345;DELIVERY;1;8.04;CD 2
2023-04-06;1314;9607;SALE;-4;-51.48;CLIENTE
2023-04-06;1314;15589;SALE;-1;-31.75;CLIENTE
2023-04-06;1314;18064;DELIVERY;28;107.8;CD 2
2023-04-06;1314;18064;SALE;-13;-50.05;CLIENTE
2023-04-06;1314;20635;DELIVERY;1;30.6;CD 2
2023-04-06;1314;35416;SALE;-1;-9.9;CLIENTE
2023-04-06;1314;48813;DELIVERY;1;5.99;CD 2
2023-04-07;841;18064;SALE;-2;-4.5;CLIENTE
2023-04-07;841;36857;SALE;-2;-4.58;CLIENTE
2023-04-07;1314;9607;SALE;-1;-12.87;CLIENTE
2023-04-07;1314;13315;SALE;-1;-44.11;CLIENTE
2023-04-07;1314;18064;SALE;-4;-15.4;CLIENTE
2023-04-08;841;18064;SALE;-1;-2.25;CLIENTE
2023-04-08;841;55917;SALE;-1;-8.53;CLIENTE
2023-04-08;1314;1439;SALE;-1;-18.51;CLIENTE
2023-04-08;1314;9607;DELIVERY;1;12.89;CD 2
2023-04-08;1314;9607;SALE;-1;-12.89;CLIENTE
2023-04-08;1314;18064;DELIVERY;47;181.42;CD 2
2023-04-08;1314;18064;SALE;-18;-69.48;CLIENTE
2023-04-08;1314;20635;DELIVERY;3;92.44;CD 2
2023-04-08;1314;21141;DELIVERY;1;31.14;CD 2
2023-04-08;1314;35416;SALE;-1;-9.9;CLIENTE
2023-04-08;1314;36857;DELIVERY;1;3.56;CD 2
2023-04-08;1314;48812;SALE;-2;-14.34;CLIENTE
2023-04-09;841;15496;ADJUSTMENT;-1;-203.05;CD 2
2023-04-09;841;15496;DELIVERY;1;203.05;CD 2
2023-04-09;841;15589;DELIVERY;2;52.98;CD 2
2023-04-09;1314;18064;SALE;-8;-30.88;CLIENTE
2023-04-09;1314;20635;SALE;-1;-30.84;CLIENTE
2023-04-09;1314;31330;DELIVERY;1;68;CD 2
2023-04-09;1314;48812;DELIVERY;1;7.17;CD 2
2023-04-09;1314;58701;DELIVERY;1;53.37;CD 2
2023-04-10;841;9607;SALE;-1;-8;CLIENTE
2023-04-10;841;18064;SALE;-1;-2.25;CLIENTE
2023-04-10;1314;5345;DELIVERY;1;8.1;CD 2
2023-04-10;1314;9607;DELIVERY;3;38.76;CD 2
2023-04-10;1314;13315;DELIVERY;1;44.11;CD 2
2023-04-10;1314;15496;DELIVERY;1;249.25;CD 2
2023-04-10;1314;15589;DELIVERY;2;64.22;CD 2
2023-04-10;1314;18064;ADJUSTMENT;-1;-3.87;CD 2
2023-04-10;1314;18064;DELIVERY;49;189.63;CD 2
2023-04-10;1314;18064;SALE;-16;-61.92;CLIENTE
2023-04-10;1314;20635;DELIVERY;12;371.44;CD 2
2023-04-10;1314;20635;SALE;-1;-30.92;CLIENTE
2023-04-10;1314;31330;ADJUSTMENT;-1;-68;CD 2
2023-04-10;1314;31330;DELIVERY;4;272;CD 2
2023-04-10;1314;48813;SALE;-1;-5.99;CLIENTE
2023-04-10;1314;51957;DELIVERY;1;12.38;CD 2
2023-04-10;1314;57814;DELIVERY;1;156.01;CD 2
2023-04-10;1314;57912;DELIVERY;5;63.4;CD 2
2023-04-11;841;18064;DELIVERY;1;2.25;CD 2
2023-04-11;1314;5345;SALE;-1;-8.1;CLIENTE
2023-04-11;1314;9607;SALE;-1;-12.92;CLIENTE
2023-04-11;1314;18064;SALE;-7;-27.09;CLIENTE
2023-04-11;1314;20635;SALE;-1;-30.92;CLIENTE
2023-04-12;841;5345;SALE;-1;-4.99;CLIENTE
2023-04-12;841;18064;SALE;-4;-9;CLIENTE
2023-04-12;1314;9607;SALE;-1;-12.92;CLIENTE
2023-04-12;1314;18064;SALE;-7;-27.09;CLIENTE
2023-04-12;1314;36857;SALE;-1;-3.56;CLIENTE
2023-04-12;1314;57814;SALE;-1;-156.01;CLIENTE
2023-04-13;841;5345;SALE;-1;-4.99;CLIENTE
2023-04-13;841;15589;SALE;-1;-26.49;CLIENTE
2023-04-13;841;18064;SALE;-2;-4.5;CLIENTE
2023-04-13;1314;9607;DELIVERY;1;12.94;CD 2
2023-04-13;1314;9607;SALE;-1;-12.94;CLIENTE
2023-04-13;1314;18064;DELIVERY;6;23.22;CD 2
2023-04-13;1314;18064;SALE;-4;-15.48;CLIENTE
2023-04-13;1314;21141;SALE;-1;-31.14;CLIENTE
2023-04-13;1314;44217;SALE;-1;-39.49;CLIENTE
2023-04-14;841;15496;DELIVERY;1;203.05;CD 2
2023-04-14;841;15589;DELIVERY;1;26.49;CD 2
2023-04-14;841;18064;DELIVERY;60;135;CD 2
2023-04-14;841;18064;SALE;-12;-27;CLIENTE
2023-04-14;841;35772;DELIVERY;1;11.29;CD 2
2023-04-14;841;36857;DELIVERY;2;4.6;CD 2
2023-04-14;1314;15589;SALE;-1;-32.11;CLIENTE
2023-04-14;1314;18064;SALE;-8;-30.96;CLIENTE
2023-04-14;1314;20635;SALE;-1;-30.92;CLIENTE
2023-04-15;841;62782;SALE;-1;-5.98;CLIENTE
2023-04-15;1314;1439;SALE;-1;-18.51;CLIENTE
2023-04-15;1314;9607;SALE;-1;-12.94;CLIENTE
2023-04-15;1314;18064;SALE;-10;-38.7;CLIENTE
2023-04-15;1314;20635;SALE;-3;-92.76;CLIENTE
2023-04-16;841;9607;SALE;-1;-8;CLIENTE
2023-04-16;841;18064;SALE;-1;-2.25;CLIENTE
2023-04-16;1314;9607;SALE;-1;-12.94;CLIENTE
2023-04-16;1314;20635;SALE;-1;-30.92;CLIENTE
2023-04-16;1314;48812;SALE;-1;-7.17;CLIENTE
2023-04-17;841;9607;DELIVERY;1;8;CD 2
2023-04-17;841;18064;DELIVERY;60;135;OUTROS
2023-04-17;841;18064;SALE;-4;-9;CLIENTE
2023-04-17;841;36857;DELIVERY;1;2.3;CD 2
2023-04-17;841;57814;SALE;-1;-116.43;CLIENTE
2023-04-17;1314;1439;DELIVERY;3;55.98;CD 2
2023-04-17;1314;5345;DELIVERY;1;8.14;CD 2
2023-04-17;1314;9607;DELIVERY;7;91.03;CD 2
2023-04-17;1314;9607;INVENTORY_CHECK;-1;-8;OUTROS
2023-04-17;1314;13315;DELIVERY;1;44.4;CD 2
2023-04-17;1314;15589;DELIVERY;1;32.11;CD 2
2023-04-17;1314;18064;DELIVERY;67;259.96;CD 2
2023-04-17;1314;18064;INVENTORY_CHECK;-6;-13.5;OUTROS
2023-04-17;1314;18064;SALE;-18;-69.84;CLIENTE
2023-04-17;1314;20635;DELIVERY;3;92.82;CD 2
2023-04-17;1314;20635;INVENTORY_CHECK;-1;-23.48;OUTROS
2023-04-17;1314;48812;DELIVERY;2;14.34;CD 2
2023-04-17;1314;48813;DELIVERY;1;5.99;CD 2
2023-04-17;1314;57912;DELIVERY;1;12.68;OUTROS
2023-04-17;1314;62364;INVENTORY_CHECK;-1;-27.47;OUTROS
2023-04-18;841;15496;SALE;-1;-203.05;CLIENTE
2023-04-18;841;51957;SALE;-1;-5.89;CLIENTE
2023-04-18;1314;18064;SALE;-5;-19.4;CLIENTE
2023-04-18;1314;48813;SALE;-1;-5.99;CLIENTE
2023-04-19;841;15589;DELIVERY;1;26.49;CD 2
2023-04-19;841;18064;SALE;-5;-11.25;CLIENTE
2023-04-19;841;48812;SALE;-1;-5.98;CLIENTE
2023-04-19;1314;9607;DELIVERY;1;13.03;CD 2
2023-04-19;1314;9607;SALE;-1;-13.03;CLIENTE
2023-04-19;1314;15589;SALE;-1;-32.11;CLIENTE
2023-04-19;1314;18064;DELIVERY;7;27.16;CD 2
2023-04-19;1314;18064;SALE;-14;-54.32;CLIENTE
2023-04-19;1314;20635;SALE;-1;-30.95;CLIENTE
2023-04-19;1314;36857;DELIVERY;1;3.57;CD 2
2023-04-19;1314;44217;DELIVERY;1;39.49;OUTROS
2023-04-19;1314;44217;SPOILAGE;-1;-39.49;OUTROS
2023-04-19;1314;44217;SPOILAGE;-1;-39.49;CD 1
2023-04-19;1314;57814;DELIVERY;1;156.01;CD 2
2023-04-20;841;31330;SALE;-1;-50.39;CLIENTE
2023-04-20;841;35772;SALE;-1;-11.29;CLIENTE
2023-04-20;1314;9607;SALE;-2;-26.06;CLIENTE
2023-04-20;1314;18064;SALE;-17;-65.96;CLIENTE
2023-04-20;1314;20635;SALE;-1;-30.95;CLIENTE
2023-04-20;1314;48812;SALE;-2;-14.34;CLIENTE
2023-04-21;841;15589;DELIVERY;1;26.49;CD 2
2023-04-21;841;57814;DELIVERY;1;116.45;CD 2
2023-04-21;1314;9607;ADJUSTMENT;-2;-26.08;OUTROS
2023-04-21;1314;9607;DELIVERY;2;26.08;OUTROS
2023-04-21;1314;9607;DELIVERY;1;13.04;CD 2
2023-04-21;1314;18064;ADJUSTMENT;-2;-7.76;OUTROS
2023-04-21;1314;18064;DELIVERY;2;7.76;OUTROS
2023-04-21;1314;18064;DELIVERY;4;15.52;CD 2
2023-04-21;1314;18064;SALE;-8;-31.04;CLIENTE
2023-04-21;1314;36857;SALE;-1;-3.57;CLIENTE
2023-04-22;841;18064;SALE;-1;-2.25;CLIENTE
2023-04-22;1314;9607;SALE;-1;-13.06;CLIENTE
2023-04-22;1314;13315;DELIVERY;1;44.5;CD 2
2023-04-22;1314;15589;DELIVERY;1;32.11;CD 2
2023-04-22;1314;18064;DELIVERY;8;31.04;CD 2
2023-04-22;1314;18064;SALE;-8;-31.04;CLIENTE
2023-04-22;1314;20635;DELIVERY;1;30.96;CD 2
2023-04-23;841;18064;SALE;-1;-2.25;CLIENTE
2023-04-23;841;48813;SALE;-1;-4.99;CLIENTE
2023-04-23;1314;9607;SALE;-2;-26.08;CLIENTE
2023-04-23;1314;18064;SALE;-5;-19.4;CLIENTE
2023-04-23;1314;20635;SALE;-1;-30.96;CLIENTE
2023-04-23;1314;36857;SALE;-4;-14.28;CLIENTE
2023-04-24;841;9607;DELIVERY;1;8;CD 2
2023-04-24;841;9607;SALE;-1;-8;CLIENTE
2023-04-24;1314;1439;DELIVERY;1;18.7;CD 2
2023-04-24;1314;9607;DELIVERY;2;26.12;CD 2
2023-04-24;1314;18064;DELIVERY;10;38.8;CD 2
2023-04-24;1314;18064;SALE;-12;-46.56;CLIENTE
2023-04-24;1314;20635;DELIVERY;4;123.88;CD 2
2023-04-24;1314;20635;SALE;-1;-30.97;CLIENTE
2023-04-24;1314;48812;DELIVERY;1;7.17;CD 2
2023-04-25;841;5345;SALE;-1;-4.99;CLIENTE
2023-04-25;841;31330;DELIVERY;1;51.5;CD 2
2023-04-25;841;48812;DELIVERY;1;5.98;CD 2
2023-04-25;841;57814;DELIVERY;1;116.45;CD 2
2023-04-25;841;57814;SALE;-1;-116.45;CLIENTE
2023-04-25;1314;5345;SALE;-1;-8.14;CLIENTE
2023-04-25;1314;9607;DELIVERY;1;13.07;CD 2
2023-04-25;1314;9607;SALE;-2;-26.14;CLIENTE
2023-04-25;1314;15589;SALE;-1;-32.11;CLIENTE
2023-04-25;1314;18064;DELIVERY;22;85.36;CD 2
2023-04-25;1314;18064;SALE;-9;-34.92;CLIENTE
2023-04-25;1314;20635;DELIVERY;1;30.97;CD 2
2023-04-25;1314;48812;DELIVERY;1;7.17;CD 2
2023-04-26;841;18064;SALE;-1;-2.25;CLIENTE
2023-04-26;1314;18064;DELIVERY;7;27.16;CD 2
2023-04-26;1314;18064;SALE;-17;-65.96;CLIENTE
2023-04-26;1314;20635;SALE;-2;-61.94;CLIENTE
2023-04-26;1314;21141;DELIVERY;1;32.85;CD 2
2023-04-26;1314;35416;DELIVERY;5;77.6;CD 2
2023-04-26;1314;48813;DELIVERY;1;5.99;CD 2
2023-04-27;841;5345;DELIVERY;2;9.98;CD 2
2023-04-27;841;18064;SALE;-1;-2.25;CLIENTE
2023-04-27;841;31330;DELIVERY;1;51.5;CD 2
2023-04-27;841;48813;DELIVERY;1;4.99;CD 2
2023-04-27;1314;13315;SALE;-1;-44.5;CLIENTE
2023-04-27;1314;18064;SALE;-4;-15.52;CLIENTE
2023-04-27;1314;20635;SALE;-2;-61.94;CLIENTE
2023-04-27;1314;36857;SALE;-1;-3.57;CLIENTE
2023-04-27;1314;48812;SALE;-1;-7.17;CLIENTE
2023-04-28;1314;9607;DELIVERY;3;39.26;CD 2
2023-04-28;1314;9607;SALE;-2;-26.18;CLIENTE
2023-04-28;1314;15589;DELIVERY;1;32.11;CD 2
2023-04-28;1314;18064;DELIVERY;31;120.28;CD 2
2023-04-28;1314;18064;SALE;-14;-54.32;CLIENTE
2023-04-28;1314;20635;DELIVERY;2;61.94;CD 2
2023-04-28;1314;20635;SALE;-1;-30.97;CLIENTE
2023-04-28;1314;35416;SALE;-1;-15.52;CLIENTE
2023-04-28;1314;44217;DELIVERY;1;39.56;CD 2
2023-04-28;1314;48812;DELIVERY;2;14.34;CD 2
2023-04-28;1314;48813;DELIVERY;1;5.99;CD 2
2023-04-29;841;5345;DELIVERY;1;4.99;CD 2
2023-04-29;841;9607;DELIVERY;1;8;CD 2
2023-04-29;1314;9607;DELIVERY;2;26.2;CD 2
2023-04-29;1314;18064;DELIVERY;5;19.4;CD 2
2023-04-29;1314;18064;SALE;-18;-69.84;CLIENTE
2023-04-29;1314;20635;DELIVERY;1;30.97;CD 2
2023-04-29;1314;21141;SALE;-1;-32.85;CLIENTE
2023-04-29;1314;48812;SALE;-1;-7.17;CLIENTE
2023-04-30;841;18064;SALE;-2;-4.5;CLIENTE
2023-04-30;1314;18064;SALE;-20;-77.6;CLIENTE
2023-05-01;841;18064;SALE;-2;-4.5;CLIENTE
2023-05-01;841;20635;SALE;-1;-23.22;CLIENTE
2023-05-01;1314;15589;SALE;-1;-32.11;CLIENTE
2023-05-01;1314;18064;SALE;-8;-31.04;CLIENTE
2023-05-02;841;18064;SALE;-6;-13.5;CLIENTE
2023-05-02;1314;9607;DELIVERY;1;13.1;CD 2
2023-05-02;1314;15589;DELIVERY;1;32.11;CD 2
2023-05-02;1314;18064;DELIVERY;28;108.64;CD 2
2023-05-02;1314;18064;SALE;-14;-54.32;CLIENTE
2023-05-02;1314;20635;DELIVERY;1;30.97;CD 2
2023-05-02;1314;20635;SALE;-1;-30.97;CLIENTE
2023-05-02;1314;35416;SALE;-1;-15.52;CLIENTE
2023-05-02;1314;36857;DELIVERY;5;18.05;CD 2
2023-05-02;1314;48812;DELIVERY;2;14.34;CD 2
2023-05-02;1314;48813;SALE;-1;-5.99;CLIENTE
2023-05-03;1314;5345;DELIVERY;1;8.17;CD 2
2023-05-03;1314;9607;DELIVERY;2;26.22;CD 2
2023-05-03;1314;15589;DELIVERY;1;32.11;CD 2
2023-05-03;1314;15589;SALE;-1;-32.11;CLIENTE
2023-05-03;1314;18064;DELIVERY;9;34.92;CD 2
2023-05-03;1314;18064;SALE;-10;-38.8;CLIENTE
2023-05-03;1314;20635;SALE;-1;-30.97;CLIENTE
2023-05-03;1314;31330;SALE;-1;-68;CLIENTE
2023-05-03;1314;48812;SALE;-1;-7.17;CLIENTE
2023-05-04;841;51957;SALE;-1;-5.89;CLIENTE
2023-05-04;1314;1439;SALE;-3;-56.1;CLIENTE
2023-05-04;1314;5345;SALE;-2;-16.34;CLIENTE
2023-05-04;1314;9607;SALE;-1;-13.11;CLIENTE
2023-05-04;1314;15589;SALE;-2;-64.22;CLIENTE
2023-05-04;1314;18064;DELIVERY;18;69.84;CD 2
2023-05-04;1314;18064;SALE;-3;-11.64;CLIENTE
2023-05-04;1314;20635;DELIVERY;4;123.96;CD 2
2023-05-04;1314;44217;SALE;-1;-39.56;CLIENTE
2023-05-04;1314;57814;SALE;-1;-156.01;CLIENTE
2023-05-05;841;18064;SALE;-9;-20.25;CLIENTE
2023-05-05;841;48813;DELIVERY;2;9.98;CD 2
2023-05-05;1314;9607;SALE;-1;-13.11;CLIENTE
2023-05-05;1314;18064;SALE;-12;-46.56;CLIENTE
2023-05-05;1314;48812;SALE;-1;-7.17;CLIENTE
2023-05-06;841;18064;SALE;-2;-4.5;CLIENTE
2023-05-06;1314;1439;SALE;-1;-18.7;CLIENTE
2023-05-06;1314;9607;SALE;-2;-26.22;CLIENTE
2023-05-06;1314;18064;SALE;-13;-50.44;CLIENTE
2023-05-07;841;18064;SALE;-5;-11.25;CLIENTE
2023-05-07;1314;9607;SALE;-3;-39.33;CLIENTE
2023-05-07;1314;18064;SALE;-2;-7.76;CLIENTE
2023-05-08;841;18064;SALE;-2;-4.5;CLIENTE
2023-05-08;841;57814;SALE;-1;-116.45;CLIENTE
2023-05-08;1314;9607;DELIVERY;2;26.24;CD 2
2023-05-08;1314;9607;SALE;-2;-26.24;CLIENTE
2023-05-08;1314;13315;DELIVERY;1;44.57;CD 2
2023-05-08;1314;18064;ADJUSTMENT;-1;-4;CD 2
2023-05-08;1314;18064;DELIVERY;17;65.96;CD 2
2023-05-08;1314;18064;SALE;-10;-38.8;CLIENTE
2023-05-08;1314;20635;DELIVERY;4;124;CD 2
2023-05-08;1314;20635;SALE;-1;-31;CLIENTE
2023-05-08;1314;36857;DELIVERY;1;3.61;CD 2
2023-05-08;1314;36857;SALE;-2;-7.22;CLIENTE
2023-05-08;1314;48812;DELIVERY;1;7.17;CD 2
2023-05-08;1314;48813;SALE;-1;-5.99;CLIENTE
2023-05-09;841;18064;SALE;-4;-9;CLIENTE
2023-05-09;1314;9607;SALE;-2;-26.24;CLIENTE
2023-05-09;1314;15589;DELIVERY;1;31.75;CD 2
2023-05-09;1314;18064;DELIVERY;46;178.48;CD 2
2023-05-09;1314;18064;SALE;-11;-42.68;CLIENTE
2023-05-09;1314;20635;SALE;-1;-31;CLIENTE
2023-05-09;1314;21141;DELIVERY;1;32.89;CD 2
2023-05-09;1314;48812;DELIVERY;1;7.17;CD 2
2023-05-09;1314;48812;SALE;-1;-7.17;CLIENTE
2023-05-10;841;18064;SALE;-1;-2.25;CLIENTE
2023-05-10;1314;15589;DELIVERY;1;31.75;CD 2
2023-05-10;1314;15589;SALE;-1;-31.75;CLIENTE
2023-05-10;1314;18064;DELIVERY;29;112.52;CD 2
2023-05-10;1314;18064;SALE;-7;-27.16;CLIENTE
2023-05-10;1314;21141;SALE;-1;-32.89;CLIENTE
2023-05-10;1314;31330;DELIVERY;1;68.01;CD 2
2023-05-10;1314;48812;DELIVERY;1;7.17;CD 2
2023-05-10;1314;48813;DELIVERY;1;5.99;CD 2
2023-05-11;841;9607;SALE;-2;-16;CLIENTE
2023-05-11;841;15589;SALE;-1;-26.49;CLIENTE
2023-05-11;841;18064;SALE;-5;-11.25;CLIENTE
2023-05-11;841;20635;DELIVERY;1;23.31;CD 2
2023-05-11;841;51957;DELIVERY;1;5.89;CD 2
2023-05-11;1314;15589;SALE;-1;-31.75;CLIENTE
2023-05-11;1314;18064;SALE;-6;-23.28;CLIENTE
2023-05-11;1314;51957;SALE;-1;-12.38;CLIENTE
2023-05-12;841;15589;SALE;-1;-26.49;CLIENTE
2023-05-12;1314;1439;ADJUSTMENT;-1;-19;CD 2
2023-05-12;1314;1439;DELIVERY;3;57.66;CD 2
2023-05-12;1314;5345;DELIVERY;3;24.63;CD 2
2023-05-12;1314;9607;DELIVERY;1;13.12;CD 2
2023-05-12;1314;15589;DELIVERY;3;95.25;CD 2
2023-05-12;1314;18064;SALE;-15;-58.2;CLIENTE
2023-05-12;1314;20635;SALE;-1;-31;CLIENTE
2023-05-12;1314;44217;DELIVERY;1;39.56;CD 2
2023-05-12;1314;48812;DELIVERY;2;14.34;CD 2
2023-05-13;1314;5345;SALE;-1;-8.21;CLIENTE
2023-05-13;1314;9607;DELIVERY;1;13.12;CD 2
2023-05-13;1314;18064;DELIVERY;10;38.8;CD 2
2023-05-13;1314;18064;SALE;-16;-62.08;CLIENTE
2023-05-13;1314;48812;DELIVERY;1;7.17;CD 2
2023-05-13;1314;57912;SALE;-1;-12.68;CLIENTE
2023-05-14;841;9607;SALE;-1;-8;CLIENTE
2023-05-14;841;18064;SALE;-1;-2.25;CLIENTE
2023-05-14;1314;5345;SALE;-1;-8.21;CLIENTE
2023-05-14;1314;9607;DELIVERY;4;52.52;CD 2
2023-05-14;1314;9607;SALE;-2;-26.26;CLIENTE
2023-05-14;1314;18064;DELIVERY;48;186.24;CD 2
2023-05-14;1314;18064;SALE;-2;-7.76;CLIENTE
2023-05-14;1314;20635;SALE;-1;-31;CLIENTE
2023-05-14;1314;35416;SALE;-1;-15.52;CLIENTE
2023-05-14;1314;44217;SALE;-1;-39.56;CLIENTE
2023-05-15;841;5345;SALE;-5;-24.95;CLIENTE
2023-05-15;1314;5345;SALE;-1;-8.21;CLIENTE
2023-05-15;1314;18064;SALE;-13;-50.44;CLIENTE
2023-05-15;1314;20635;SALE;-1;-31;CLIENTE
2023-05-15;1314;35416;SALE;-1;-15.52;CLIENTE
2023-05-15;1314;48813;SALE;-1;-5.99;CLIENTE
2023-05-16;841;9607;DELIVERY;2;16;CD 2
2023-05-16;841;15589;DELIVERY;2;52.98;CD 2
2023-05-16;841;18064;SALE;-2;-4.5;CLIENTE
2023-05-16;1314;1439;DELIVERY;1;19.29;CD 2
2023-05-16;1314;9607;DELIVERY;5;65.69;CD 2
2023-05-16;1314;9607;SALE;-2;-26.28;CLIENTE
2023-05-16;1314;18064;SALE;-14;-54.32;CLIENTE
2023-05-16;1314;20635;DELIVERY;1;31;CD 2
2023-05-16;1314;36857;DELIVERY;2;7.24;CD 2
2023-05-16;1314;48812;DELIVERY;1;7.17;CD 2
2023-05-16;1314;48813;DELIVERY;1;5.99;CD 2
2023-05-17;841;5345;DELIVERY;4;19.96;CD 2
2023-05-17;841;9607;DELIVERY;1;8;CD 2
2023-05-17;841;15589;SALE;-1;-26.49;CLIENTE
2023-05-17;841;35772;DELIVERY;3;35.76;CD 2
2023-05-17;841;55917;DELIVERY;1;9;CD 2
2023-05-17;841;57814;DELIVERY;1;116.45;CD 2
2023-05-17;841;62782;SALE;-1;-5.98;CLIENTE
2023-05-17;1314;9607;SALE;-1;-13.14;CLIENTE
2023-05-17;1314;18064;SALE;-16;-62.08;CLIENTE
2023-05-18;841;15589;SALE;-1;-26.49;CLIENTE
2023-05-18;1314;9607;SALE;-2;-26.28;CLIENTE
2023-05-18;1314;18064;DELIVERY;3;11.76;CD 2
2023-05-18;1314;18064;SALE;-9;-34.92;CLIENTE
2023-05-18;1314;21141;DELIVERY;1;32.89;CD 2
2023-05-18;1314;21141;SALE;-1;-32.89;CLIENTE
2023-05-18;1314;51957;DELIVERY;1;12.47;CD 2
2023-05-19;841;5345;SALE;-1;-4.99;CLIENTE
2023-05-19;841;15589;SALE;-1;-26.49;CLIENTE
2023-05-19;1314;1439;SALE;-1;-19.29;CLIENTE
2023-05-19;1314;15589;SALE;-1;-31.75;CLIENTE
2023-05-19;1314;18064;SALE;-12;-46.56;CLIENTE
2023-05-19;1314;20635;SALE;-1;-31;CLIENTE
2023-05-19;1314;31330;SALE;-1;-68.01;CLIENTE
2023-05-20;1314;9607;SALE;-1;-13.14;CLIENTE
2023-05-20;1314;15589;SALE;-1;-31.75;CLIENTE
2023-05-20;1314;18064;SALE;-9;-34.92;CLIENTE
2023-05-21;841;36857;SALE;-1;-2.3;CLIENTE
2023-05-21;1314;1439;DELIVERY;1;19.35;CD 2
2023-05-21;1314;5345;DELIVERY;2;16.44;CD 2
2023-05-21;1314;9607;DELIVERY;2;26.3;CD 2
2023-05-21;1314;9607;SALE;-1;-13.15;CLIENTE
2023-05-21;1314;15589;SALE;-1;-31.75;CLIENTE
2023-05-21;1314;18064;DELIVERY;48;186.24;CD 2
2023-05-21;1314;18064;SALE;-10;-38.8;CLIENTE
2023-05-21;1314;20635;DELIVERY;2;62;CD 2
2023-05-21;1314;35416;DELIVERY;3;45.18;CD 2
2023-05-21;1314;35772;DELIVERY;1;15.91;CD 2
2023-05-21;1314;44217;DELIVERY;1;41.28;CD 2
2023-05-22;841;20635;SALE;-1;-23.31;CLIENTE
2023-05-22;1314;13315;SALE;-1;-44.57;CLIENTE
2023-05-22;1314;15589;DELIVERY;1;31.87;OUTROS
2023-05-22;1314;15589;SALE;-1;-31.75;CLIENTE
2023-05-22;1314;18064;SALE;-14;-54.32;CLIENTE
2023-05-22;1314;20635;SALE;-2;-62;CLIENTE
2023-05-23;1314;5345;DELIVERY;1;8.22;CD 2
2023-05-23;1314;9607;SALE;-2;-26.3;CLIENTE
2023-05-23;1314;18064;SALE;-7;-27.16;CLIENTE
2023-05-23;1314;20635;DELIVERY;1;31;CD 2
2023-05-23;1314;20635;SALE;-1;-31;CLIENTE
2023-05-23;1314;35416;DELIVERY;1;15.03;CD 2
2023-05-23;1314;44217;DELIVERY;1;41.28;CD 2
2023-05-23;1314;48813;DELIVERY;1;5.99;CD 2
2023-05-24;841;5345;DELIVERY;2;9.98;CD 2
2023-05-24;841;9607;DELIVERY;1;8;CD 2
2023-05-24;841;15589;DELIVERY;3;78.38;CD 2
2023-05-24;841;15589;SALE;-1;-26.06;CLIENTE
2023-05-24;841;35772;SALE;-1;-11.92;CLIENTE
2023-05-24;841;36857;DELIVERY;1;2.3;CD 2
2023-05-24;841;62782;DELIVERY;3;21.03;CD 2
2023-05-24;1314;5345;DELIVERY;1;8.22;CD 2
2023-05-24;1314;9607;DELIVERY;3;39.45;CD 2
2023-05-24;1314;15589;DELIVERY;3;94.02;CD 2
2023-05-24;1314;18064;DELIVERY;28;108.64;CD 2
2023-05-24;1314;18064;SALE;-9;-34.92;CLIENTE
2023-05-24;1314;35772;SALE;-1;-15.91;CLIENTE
2023-05-24;1314;48813;DELIVERY;1;5.99;CD 2
2023-05-25;1314;9607;DELIVERY;2;26.3;CD 2
2023-05-25;1314;9607;SALE;-2;-26.3;CLIENTE
2023-05-25;1314;18064;DELIVERY;7;27.16;CD 2
2023-05-25;1314;18064;SALE;-4;-15.52;CLIENTE
2023-05-25;1314;21141;DELIVERY;1;31.01;CD 2
2023-05-25;1314;36857;SALE;-1;-3.62;CLIENTE
2023-05-26;841;5345;SALE;-1;-4.99;CLIENTE
2023-05-26;841;15589;SALE;-1;-26.06;CLIENTE
2023-05-26;841;57816;SALE;-1;-46.57;CLIENTE
2023-05-26;1314;15589;SALE;-1;-31.34;CLIENTE
2023-05-26;1314;18064;SALE;-2;-7.76;CLIENTE
2023-05-26;1314;20635;SALE;-1;-31;CLIENTE
2023-05-26;1314;21141;SALE;-1;-31.01;CLIENTE
2023-05-27;841;5345;DELIVERY;1;4.99;CD 2
2023-05-27;841;9607;DELIVERY;4;32;CD 2
2023-05-27;841;36857;SALE;-1;-2.3;CLIENTE
2023-05-27;1314;5345;SALE;-1;-8.22;CLIENTE
2023-05-27;1314;9607;SALE;-1;-13.15;CLIENTE
2023-05-27;1314;15589;DELIVERY;1;31.34;CD 2
2023-05-27;1314;18064;DELIVERY;7;27.16;CD 2
2023-05-27;1314;18064;SALE;-7;-27.16;CLIENTE
2023-05-27;1314;36857;SALE;-1;-3.62;CLIENTE
2023-05-28;841;5345;SALE;-1;-4.99;CLIENTE
2023-05-28;841;15589;SALE;-1;-26.06;CLIENTE
2023-05-28;841;51957;SALE;-1;-5.89;CLIENTE
2023-05-28;1314;1439;DELIVERY;1;19.39;CD 2
2023-05-28;1314;9607;DELIVERY;2;26.3;CD 2
2023-05-28;1314;15589;DELIVERY;2;62.68;CD 2
2023-05-28;1314;18064;DELIVERY;25;97;CD 2
2023-05-28;1314;18064;SALE;-14;-54.32;CLIENTE
2023-05-28;1314;20635;DELIVERY;1;31;CD 2
2023-05-28;1314;31330;DELIVERY;1;68.02;CD 2
2023-05-28;1314;48812;SALE;-1;-7.17;CLIENTE
2023-05-29;841;5345;SALE;-1;-4.99;CLIENTE
2023-05-29;841;15589;DELIVERY;1;25.69;CD 2
2023-05-29;1314;13315;SALE;-1;-44.57;CLIENTE
2023-05-29;1314;15589;SALE;-2;-62.68;CLIENTE
2023-05-29;1314;18064;SALE;-8;-31.04;CLIENTE
2023-05-29;1314;20635;SALE;-3;-93;CLIENTE
2023-05-29;1314;36857;SALE;-1;-3.62;CLIENTE
2023-05-29;1314;44217;SALE;-1;-41.28;CLIENTE
2023-05-29;1314;48813;SALE;-1;-5.99;CLIENTE
2023-05-30;841;5345;DELIVERY;1;4.99;CD 2
2023-05-30;841;15589;DELIVERY;1;25.57;CD 2
2023-05-30;841;15589;SALE;-1;-25.57;CLIENTE
2023-05-30;841;20635;DELIVERY;1;23.37;CD 2
2023-05-30;1314;5345;DELIVERY;1;8.22;CD 2
2023-05-30;1314;9607;DELIVERY;10;131.6;CD 2
2023-05-30;1314;13315;DELIVERY;1;44.63;CD 2
2023-05-30;1314;15589;DELIVERY;1;31.34;CD 2
2023-05-30;1314;15589;SALE;-1;-31.34;CLIENTE
2023-05-30;1314;18064;DELIVERY;15;58.32;CD 2
2023-05-30;1314;18064;SALE;-9;-34.92;CLIENTE
2023-05-30;1314;20635;DELIVERY;3;93.03;CD 2
2023-05-30;1314;21141;DELIVERY;1;31.01;CD 2
2023-05-30;1314;44217;DELIVERY;1;41.28;CD 2
2023-05-30;1314;48813;DELIVERY;1;5.99;CD 2
2023-05-30;1314;48813;SALE;-1;-5.99;CLIENTE
2023-05-31;841;9607;SALE;-1;-8;CLIENTE
2023-05-31;1314;5345;SALE;-1;-8.22;CLIENTE
2023-05-31;1314;18064;SALE;-5;-19.4;CLIENTE
2023-06-01;841;15589;SALE;-1;-25.57;CLIENTE
2023-06-01;1314;18064;DELIVERY;60;232.8;CD 2
2023-06-01;1314;18064;SALE;-15;-58.2;CLIENTE
2023-06-01;1314;35416;SALE;-1;-15.03;CLIENTE
2023-06-01;1314;36857;SALE;-1;-3.62;CLIENTE
2023-06-02;841;5345;DELIVERY;4;19.96;CD 2
2023-06-02;841;15589;DELIVERY;2;49.97;CD 2
2023-06-02;841;15589;SALE;-1;-25.05;CLIENTE
2023-06-02;841;36857;DELIVERY;1;2.3;CD 2
2023-06-02;841;36857;SALE;-1;-2.3;CLIENTE
2023-06-02;841;51957;DELIVERY;1;5.89;CD 2
2023-06-02;1314;1439;SALE;-1;-19.39;CLIENTE
2023-06-02;1314;5345;SALE;-1;-8.22;CLIENTE
2023-06-02;1314;18064;SALE;-12;-46.56;CLIENTE
2023-06-02;1314;36857;DELIVERY;1;3.62;CD 2
2023-06-03;1314;1439;SALE;-1;-19.39;CLIENTE
2023-06-03;1314;13315;SALE;-1;-44.63;CLIENTE
2023-06-03;1314;15589;DELIVERY;1;31.19;CD 2
2023-06-03;1314;18064;SALE;-9;-34.92;CLIENTE
2023-06-03;1314;20635;DELIVERY;1;31.01;CD 2
2023-06-03;1314;20635;SALE;-1;-31.01;CLIENTE
2023-06-03;1314;21141;DELIVERY;1;30.85;CD 2
2023-06-03;1314;21141;SALE;-1;-30.85;CLIENTE
2023-06-03;1314;36857;DELIVERY;1;3.62;CD 2
2023-06-03;1314;36857;SALE;-1;-3.62;CLIENTE
2023-06-03;1314;48812;DELIVERY;1;7.43;CD 2
2023-06-03;1314;48812;SALE;-2;-14.86;CLIENTE
2023-06-03;1314;62364;DELIVERY;1;32.58;CD 2
2023-06-04;1314;15589;SALE;-1;-31.19;CLIENTE
2023-06-04;1314;18064;SALE;-10;-38.8;CLIENTE
2023-06-04;1314;35416;SALE;-2;-30.06;CLIENTE
2023-06-04;1314;36857;SALE;-1;-3.62;CLIENTE
2023-06-05;1314;5345;DELIVERY;1;8.22;CD 2
2023-06-05;1314;5345;SALE;-1;-8.22;CLIENTE
2023-06-05;1314;9607;SALE;-1;-13.16;CLIENTE
2023-06-05;1314;13315;DELIVERY;1;44.66;CD 2
2023-06-05;1314;15589;DELIVERY;3;92.98;CD 2
2023-06-05;1314;18064;SALE;-12;-46.56;CLIENTE
2023-06-05;1314;20635;DELIVERY;3;93.03;CD 2
2023-06-05;1314;21141;DELIVERY;1;30.77;CD 2
2023-06-05;1314;36857;DELIVERY;1;3.62;CD 2
2023-06-05;1314;48812;SALE;-1;-7.43;CLIENTE
2023-06-05;1314;48813;DELIVERY;2;11.98;CD 2
2023-06-06;841;5345;DELIVERY;1;4.99;CD 2
2023-06-06;841;5345;SALE;-1;-4.99;CLIENTE
2023-06-06;841;15589;DELIVERY;8;195.86;CD 2
2023-06-06;1314;9607;SALE;-2;-26.32;CLIENTE
2023-06-06;1314;13315;SALE;-1;-44.66;CLIENTE
2023-06-06;1314;18064;SALE;-11;-42.68;CLIENTE
2023-06-06;1314;21141;SALE;-2;-61.54;CLIENTE
2023-06-06;1314;36857;SALE;-3;-10.86;CLIENTE
2023-06-07;841;5345;SALE;-1;-4.99;CLIENTE
2023-06-07;841;15589;SALE;-1;-24.53;CLIENTE
2023-06-07;1314;5345;DELIVERY;1;8.22;CD 2
2023-06-07;1314;5345;SALE;-1;-8.22;CLIENTE
2023-06-07;1314;9607;SALE;-3;-39.48;CLIENTE
2023-06-07;1314;15589;SALE;-1;-30.96;CLIENTE
2023-06-07;1314;18064;DELIVERY;4;15.52;CD 2
2023-06-07;1314;18064;SALE;-7;-27.16;CLIENTE
2023-06-07;1314;36857;SALE;-1;-3.62;CLIENTE
2023-06-07;1314;48813;DELIVERY;1;5.99;CD 2
2023-06-08;841;18064;INVENTORY_CHECK;-60;-135;OUTROS
2023-06-08;1314;15589;SALE;-3;-92.88;CLIENTE
2023-06-08;1314;18064;SALE;-1;-3.88;CLIENTE
2023-06-08;1314;31330;SALE;-1;-68.02;CLIENTE
2023-06-08;1314;35416;SALE;-1;-15.03;CLIENTE
2023-06-08;1314;36857;SALE;-1;-3.62;CLIENTE
2023-06-09;841;5345;SALE;-2;-9.98;CLIENTE
2023-06-09;841;15589;SALE;-1;-24.53;CLIENTE
2023-06-09;1314;5345;DELIVERY;1;8.22;CD 2
2023-06-09;1314;5345;SALE;-1;-8.22;CLIENTE
2023-06-09;1314;9607;SALE;-1;-13.16;CLIENTE
2023-06-09;1314;15589;DELIVERY;7;209.79;CD 2
2023-06-09;1314;18064;DELIVERY;15;58.2;CD 2
2023-06-09;1314;18064;SALE;-3;-11.64;CLIENTE
2023-06-09;1314;35416;DELIVERY;1;15.36;CD 2
2023-06-09;1314;36857;DELIVERY;1;3.63;CD 2
2023-06-09;1314;44217;DELIVERY;1;41.42;CD 2
2023-06-09;1314;48812;SALE;-1;-7.43;CLIENTE
2023-06-10;841;5345;DELIVERY;1;4.99;CD 2
2023-06-10;841;5345;SALE;-1;-4.99;CLIENTE
2023-06-10;1314;1439;DELIVERY;2;38.38;CD 2
2023-06-10;1314;5345;DELIVERY;1;8.22;CD 2
2023-06-10;1314;13315;DELIVERY;1;44.68;CD 2
2023-06-10;1314;15589;DELIVERY;1;29.94;CD 2
2023-06-10;1314;18064;DELIVERY;31;120.28;CD 2
2023-06-10;1314;18064;SALE;-15;-58.2;CLIENTE
2023-06-10;1314;20635;DELIVERY;1;31.01;CD 2
2023-06-10;1314;20635;SALE;-1;-31.01;CLIENTE
2023-06-10;1314;21141;DELIVERY;1;30.52;CD 2
2023-06-10;1314;31330;SALE;-1;-68.02;CLIENTE
2023-06-10;1314;35416;DELIVERY;2;30.82;CD 2
2023-06-10;1314;35416;SALE;-1;-15.41;CLIENTE
2023-06-10;1314;36857;DELIVERY;2;7.26;CD 2
2023-06-10;1314;48812;DELIVERY;2;16.08;CD 2
2023-06-10;1314;58701;SALE;-1;-53.37;CLIENTE
2023-06-11;1314;9607;SALE;-1;-13.16;CLIENTE
2023-06-11;1314;15589;SALE;-2;-59.88;CLIENTE
2023-06-11;1314;18064;SALE;-5;-19.4;CLIENTE
2023-06-12;841;5345;SALE;-1;-4.99;CLIENTE
2023-06-12;841;9607;SALE;-1;-8;CLIENTE
2023-06-12;1314;5345;DELIVERY;1;8.22;CD 2
2023-06-12;1314;9607;SALE;-1;-13.16;CLIENTE
2023-06-12;1314;13315;DELIVERY;1;44.69;CD 2
2023-06-12;1314;18064;DELIVERY;22;85.36;CD 2
2023-06-12;1314;18064;SALE;-15;-58.2;CLIENTE
2023-06-12;1314;21141;DELIVERY;2;61.04;CD 2
2023-06-12;1314;35416;SALE;-1;-15.41;CLIENTE
2023-06-12;1314;36857;DELIVERY;3;10.89;CD 2
2023-06-12;1314;44217;SALE;-1;-41.42;CLIENTE
2023-06-12;1314;48812;DELIVERY;1;8.21;CD 2
2023-06-13;841;5345;SALE;-1;-4.99;CLIENTE
2023-06-13;841;51957;SALE;-2;-11.78;CLIENTE
2023-06-13;1314;5345;SALE;-1;-8.22;CLIENTE
2023-06-13;1314;15589;SALE;-3;-89.82;CLIENTE
2023-06-13;1314;18064;SALE;-6;-23.28;CLIENTE
2023-06-13;1314;31330;SALE;-1;-68.02;CLIENTE
2023-06-13;1314;48813;SALE;-2;-11.98;CLIENTE
2023-06-14;841;5345;DELIVERY;3;14.97;CD 2
2023-06-14;841;15589;DELIVERY;1;24.5;CD 2
2023-06-14;841;35772;DELIVERY;1;11.92;CD 2
2023-06-14;841;57814;SALE;-1;-116.45;CLIENTE
2023-06-14;1314;9607;SALE;-2;-26.32;CLIENTE
2023-06-14;1314;18064;SALE;-12;-46.56;CLIENTE
2023-06-14;1314;21141;SALE;-1;-30.52;CLIENTE
2023-06-14;1314;31330;SALE;-1;-68.02;CLIENTE
2023-06-14;1314;48813;SALE;-1;-5.99;CLIENTE
2023-06-15;841;5345;DELIVERY;1;4.99;CD 2
2023-06-15;841;15589;DELIVERY;1;24.47;CD 2
2023-06-15;841;15589;SALE;-1;-24.47;CLIENTE
2023-06-15;841;18064;ADJUSTMENT;-1;-2.25;CD 2
2023-06-15;841;18064;DELIVERY;47;105.75;CD 2
2023-06-15;841;36857;SALE;-2;-4.6;CLIENTE
2023-06-15;1314;5345;DELIVERY;2;16.44;CD 2
2023-06-15;1314;9607;DELIVERY;2;26.32;CD 2
2023-06-15;1314;15589;DELIVERY;4;119.2;CD 2
2023-06-15;1314;18064;DELIVERY;10;38.8;CD 2
2023-06-15;1314;18064;SALE;-3;-11.64;CLIENTE
2023-06-15;1314;35416;DELIVERY;1;15.43;CD 2
2023-06-15;1314;36857;DELIVERY;2;7.26;CD 2
2023-06-15;1314;48812;DELIVERY;1;8.34;CD 2
2023-06-16;841;5345;DELIVERY;1;4.99;CD 2
2023-06-16;841;5345;SALE;-1;-4.99;CLIENTE
2023-06-16;841;15589;SALE;-1;-24.47;CLIENTE
2023-06-16;841;18064;SALE;-1;-2.25;CLIENTE
2023-06-16;1314;1439;SALE;-4;-76.56;CLIENTE
2023-06-16;1314;9607;SALE;-2;-26.32;CLIENTE
2023-06-16;1314;18064;SALE;-14;-54.32;CLIENTE
2023-06-17;841;15589;SALE;-1;-24.47;CLIENTE
2023-06-17;1314;9607;DELIVERY;1;13.16;CD 2
2023-06-17;1314;15589;SALE;-1;-29.8;CLIENTE
2023-06-17;1314;18064;DELIVERY;15;58.2;CD 2
2023-06-17;1314;18064;SALE;-11;-42.68;CLIENTE
2023-06-17;1314;20635;SALE;-1;-31.01;CLIENTE
2023-06-17;1314;21141;SALE;-1;-30.52;CLIENTE
2023-06-17;1314;35416;DELIVERY;1;15.38;CD 2
2023-06-17;1314;44217;DELIVERY;1;41.51;CD 2
2023-06-18;841;5345;DELIVERY;1;4.99;CD 2
2023-06-18;841;51957;DELIVERY;2;11.78;CD 2
2023-06-18;1314;18064;SALE;-6;-23.28;CLIENTE
2023-06-18;1314;21141;SALE;-1;-30.52;CLIENTE
2023-06-19;841;15589;SALE;-3;-73.41;CLIENTE
2023-06-19;1314;1439;SALE;-1;-19.14;CLIENTE
2023-06-19;1314;5345;DELIVERY;1;8.22;CD 2
2023-06-19;1314;9607;DELIVERY;1;13.16;CD 2
2023-06-19;1314;15589;DELIVERY;5;148.76;CD 2
2023-06-19;1314;15589;SALE;-2;-59.48;CLIENTE
2023-06-19;1314;15590;DELIVERY;1;40.43;CD 2
2023-06-19;1314;18064;DELIVERY;26;100.88;CD 2
2023-06-19;1314;18064;SALE;-14;-54.32;CLIENTE
2023-06-19;1314;20635;DELIVERY;1;31.01;CD 2
2023-06-19;1314;31330;DELIVERY;2;136.12;CD 2
2023-06-19;1314;35416;DELIVERY;1;15.35;CD 2
2023-06-19;1314;36857;SALE;-1;-3.63;CLIENTE
2023-06-19;1314;48813;DELIVERY;2;11.98;CD 2
2023-06-20;841;5345;DELIVERY;1;4.99;CD 2
2023-06-20;841;9607;SALE;-1;-8;CLIENTE
2023-06-20;841;15589;DELIVERY;2;48.81;CD 2
2023-06-20;841;18064;DELIVERY;2;4.5;CD 2
2023-06-20;841;18064;SALE;-2;-4.5;CLIENTE
2023-06-20;841;36857;DELIVERY;2;4.6;CD 2
2023-06-20;1314;9607;DELIVERY;1;13.16;CD 2
2023-06-20;1314;15589;SALE;-1;-29.74;CLIENTE
2023-06-20;1314;18064;DELIVERY;14;54.32;CD 2
2023-06-20;1314;18064;SALE;-7;-27.16;CLIENTE
2023-06-20;1314;21141;DELIVERY;1;30.47;CD 2
2023-06-20;1314;31330;DELIVERY;1;68.06;CD 2
2023-06-20;1314;48813;DELIVERY;1;5.99;CD 2
2023-06-21;841;15589;SALE;-1;-24.39;CLIENTE
2023-06-21;841;58701;SALE;-1;-42.8;CLIENTE
2023-06-21;1314;15589;SALE;-1;-29.74;CLIENTE
2023-06-21;1314;18064;SALE;-2;-7.76;CLIENTE
2023-06-21;1314;20635;SALE;-2;-62.02;CLIENTE
2023-06-21;1314;48813;SALE;-1;-5.99;CLIENTE
2023-06-21;1314;57912;TRANSFER;-3;-38.04;CD 1
2023-06-22;841;5345;SALE;-1;-4.99;CLIENTE
2023-06-22;841;15589;DELIVERY;3;72.99;CD 2
2023-06-22;841;18064;SALE;-1;-2.25;CLIENTE
2023-06-22;1314;5345;SALE;-1;-8.22;CLIENTE
2023-06-22;1314;9607;DELIVERY;1;13.16;CD 2
2023-06-22;1314;18064;DELIVERY;2;7.76;CD 2
2023-06-22;1314;18064;SALE;-8;-31.04;CLIENTE
2023-06-22;1314;21141;SALE;-1;-30.47;CLIENTE
2023-06-22;1314;31330;DELIVERY;1;68.06;CD 2
2023-06-22;1314;35416;SALE;-1;-15.35;CLIENTE
2023-06-22;1314;48812;SALE;-1;-8.34;CLIENTE
2023-06-23;841;15589;DELIVERY;1;24.32;CD 2
2023-06-23;841;15589;SALE;-1;-24.32;CLIENTE
2023-06-23;841;18064;DELIVERY;2;4.5;CD 2
2023-06-23;841;18064;SALE;-3;-6.75;CLIENTE
2023-06-23;1314;1439;DELIVERY;4;74.92;CD 2
2023-06-23;1314;9607;DELIVERY;2;26.32;CD 2
2023-06-23;1314;9607;SALE;-1;-13.16;CLIENTE
2023-06-23;1314;15589;SALE;-1;-29.74;CLIENTE
2023-06-23;1314;18064;DELIVERY;15;58.2;CD 2
2023-06-23;1314;18064;SALE;-4;-15.52;CLIENTE
2023-06-24;841;5345;SALE;-1;-4.99;CLIENTE
2023-06-24;841;18064;SALE;-4;-9;CLIENTE
2023-06-24;841;57817;TRANSFER;-1;-69.86;CD 1
2023-06-24;1314;1439;SALE;-1;-18.73;CLIENTE
2023-06-24;1314;5345;SALE;-1;-8.22;CLIENTE
2023-06-24;1314;15589;DELIVERY;1;29.73;CD 2
2023-06-24;1314;18064;DELIVERY;17;65.96;CD 2
2023-06-24;1314;18064;SALE;-13;-50.44;CLIENTE
2023-06-24;1314;20635;DELIVERY;1;31.01;CD 2
2023-06-24;1314;21141;DELIVERY;2;60.94;CD 2
2023-06-24;1314;58701;SALE;-1;-53.37;CLIENTE
2023-06-25;841;15589;SALE;-1;-24.32;CLIENTE
2023-06-25;1314;5345;SALE;-1;-8.22;CLIENTE
2023-06-25;1314;9607;SALE;-1;-13.16;CLIENTE
2023-06-25;1314;18064;SALE;-7;-27.16;CLIENTE
2023-06-25;1314;21141;SALE;-1;-30.47;CLIENTE
2023-06-25;1314;36857;SALE;-4;-14.52;CLIENTE
2023-06-26;841;15589;DELIVERY;1;24.31;CD 2
2023-06-26;841;15589;SALE;-1;-24.31;CLIENTE
2023-06-26;841;18064;SALE;-1;-2.25;CLIENTE
2023-06-26;841;58701;DELIVERY;1;42.86;CD 2
2023-06-26;1314;1439;DELIVERY;1;18.71;CD 2
2023-06-26;1314;1439;SALE;-1;-18.71;CLIENTE
2023-06-26;1314;15589;DELIVERY;3;89.12;CD 2
2023-06-26;1314;18064;DELIVERY;21;81.48;CD 2
2023-06-26;1314;18064;SALE;-9;-34.92;CLIENTE
2023-06-26;1314;36857;DELIVERY;1;3.63;CD 2
2023-06-27;841;5345;DELIVERY;1;4.99;CD 2
2023-06-27;841;15589;DELIVERY;1;24.3;CD 2
2023-06-27;841;15589;SALE;-1;-24.3;CLIENTE
2023-06-27;841;18064;DELIVERY;4;9;CD 2
2023-06-27;1314;9607;SALE;-1;-13.16;CLIENTE
2023-06-27;1314;13315;SALE;-2;-89.38;CLIENTE
2023-06-27;1314;15589;DELIVERY;1;29.7;CD 2
2023-06-27;1314;18064;DELIVERY;2;7.76;CD 2
2023-06-27;1314;18064;SALE;-2;-7.76;CLIENTE
2023-06-27;1314;20635;DELIVERY;2;62.02;CD 2
2023-06-27;1314;20635;SALE;-1;-31.01;CLIENTE
2023-06-27;1314;35416;SALE;-1;-15.35;CLIENTE
2023-06-27;1314;48813;DELIVERY;1;5.99;CD 2
2023-06-28;841;15589;SALE;-2;-48.6;CLIENTE
2023-06-28;841;18064;SALE;-1;-2.25;CLIENTE
2023-06-28;1314;9607;SALE;-4;-52.64;CLIENTE
2023-06-28;1314;13315;SALE;-1;-44.69;CLIENTE
2023-06-28;1314;15589;SALE;-2;-59.4;CLIENTE
2023-06-28;1314;18064;SALE;-9;-34.92;CLIENTE
2023-06-28;1314;20635;SALE;-1;-31.01;CLIENTE
2023-06-29;841;15589;SALE;-1;-24.3;CLIENTE
2023-06-29;841;36857;SALE;-3;-6.9;CLIENTE
2023-06-29;1314;5345;DELIVERY;1;8.22;CD 2
2023-06-29;1314;15589;DELIVERY;1;29.69;CD 2
2023-06-29;1314;15589;SALE;-1;-29.69;CLIENTE
2023-06-29;1314;18064;DELIVERY;8;31.04;CD 2
2023-06-29;1314;18064;SALE;-12;-46.56;CLIENTE
2023-06-29;1314;20635;SALE;-1;-31.01;CLIENTE
2023-06-29;1314;21141;DELIVERY;1;30.43;CD 2
2023-06-29;1314;21141;SALE;-1;-30.43;CLIENTE
2023-06-29;1314;35416;DELIVERY;1;15.32;CD 2
2023-06-29;1314;48812;DELIVERY;1;8.46;CD 2
2023-06-30;841;5345;DELIVERY;1;4.99;CD 2
2023-06-30;841;15589;DELIVERY;3;72.81;CD 2
2023-06-30;841;18064;DELIVERY;5;11.25;CD 2
2023-06-30;841;18064;SALE;-1;-2.25;CLIENTE
2023-06-30;1314;9607;DELIVERY;1;13.16;CD 2
2023-06-30;1314;9607;SALE;-2;-26.32;CLIENTE
2023-06-30;1314;15589;DELIVERY;1;29.69;CD 2
2023-06-30;1314;15589;SALE;-2;-59.38;CLIENTE
2023-06-30;1314;18064;DELIVERY;4;15.52;CD 2
2023-06-30;1314;18064;SALE;-4;-15.52;CLIENTE
2023-06-30;1314;21141;SALE;-1;-30.43;CLIENTE
2023-06-30;1314;36857;SALE;-2;-7.26;CLIENTE
2023-07-01;841;18064;SALE;-5;-11.25;CLIENTE
2023-07-01;1314;1439;DELIVERY;2;37.36;CD 2
2023-07-01;1314;5345;DELIVERY;2;16.44;CD 2
2023-07-01;1314;5345;SALE;-2;-16.44;CLIENTE
2023-07-01;1314;9607;DELIVERY;1;13.16;CD 2
2023-07-01;1314;18064;DELIVERY;29;112.52;CD 2
2023-07-01;1314;18064;SALE;-19;-73.72;CLIENTE
2023-07-01;1314;21141;DELIVERY;1;30.4;CD 2
2023-07-01;1314;31330;SALE;-1;-68.06;CLIENTE
2023-07-01;1314;36857;DELIVERY;4;14.52;CD 2
2023-07-01;1314;36857;SALE;-2;-7.26;CLIENTE
2023-07-01;1314;58701;DELIVERY;2;106.74;CD 2
2023-07-02;841;15589;DELIVERY;3;72.76;CD 2
2023-07-02;841;18064;DELIVERY;1;2.25;CD 2
2023-07-02;841;18064;SALE;-3;-6.75;CLIENTE
2023-07-02;841;35772;SALE;-1;-11.92;CLIENTE
2023-07-02;841;36857;DELIVERY;3;6.9;CD 2
2023-07-02;1314;9607;SALE;-1;-13.16;CLIENTE
2023-07-02;1314;18064;SALE;-1;-3.88;CLIENTE
2023-07-03;1314;5345;SALE;-1;-8.22;CLIENTE
2023-07-03;1314;9607;DELIVERY;5;65.85;CD 2
2023-07-03;1314;13315;DELIVERY;3;137.16;CD 2
2023-07-03;1314;15589;DELIVERY;2;59.36;CD 2
2023-07-03;1314;15589;SALE;-1;-29.68;CLIENTE
2023-07-03;1314;18064;DELIVERY;11;42.68;CD 2
2023-07-03;1314;18064;SALE;-9;-34.92;CLIENTE
2023-07-03;1314;20635;DELIVERY;2;62.02;CD 2
2023-07-03;1314;20635;SALE;-1;-31.01;CLIENTE
2023-07-03;1314;21141;SALE;-1;-30.4;CLIENTE
2023-07-03;1314;31330;SALE;-1;-68.06;CLIENTE
2023-07-03;1314;36857;SALE;-1;-3.63;CLIENTE
2023-07-04;841;18064;SALE;-1;-2.25;CLIENTE
2023-07-04;1314;9607;SALE;-1;-13.17;CLIENTE
2023-07-04;1314;15590;SALE;-1;-40.43;CLIENTE
2023-07-04;1314;18064;SALE;-7;-27.16;CLIENTE
2023-07-05;841;9607;SALE;-1;-8;CLIENTE
2023-07-05;841;48813;SALE;-1;-4.99;CLIENTE
2023-07-05;841;51957;SALE;-1;-5.89;CLIENTE
2023-07-05;1314;5345;SALE;-1;-8.22;CLIENTE
2023-07-05;1314;9607;SALE;-1;-13.17;CLIENTE
2023-07-05;1314;15589;SALE;-1;-29.68;CLIENTE
2023-07-05;1314;18064;SALE;-17;-65.96;CLIENTE
2023-07-05;1314;20635;SALE;-1;-31.01;CLIENTE
2023-07-05;1314;35416;SALE;-1;-15.32;CLIENTE
2023-07-06;841;18064;DELIVERY;6;13.5;CD 2
2023-07-06;841;18064;SALE;-1;-2.25;CLIENTE
2023-07-06;1314;1439;DELIVERY;1;18.68;OUTROS
2023-07-06;1314;18064;DELIVERY;6;23.28;OUTROS
2023-07-06;1314;18064;SALE;-9;-34.92;CLIENTE
2023-07-06;1314;20635;SALE;-2;-62.02;CLIENTE
2023-07-06;1314;35416;SALE;-1;-15.32;CLIENTE
2023-07-06;1314;48813;INVENTORY_CHECK;-1;-5.99;OUTROS
2023-07-06;1314;58701;SALE;-1;-53.37;CLIENTE
2023-07-07;841;9607;SALE;-1;-8;CLIENTE
2023-07-07;841;36857;SALE;-1;-2.3;CLIENTE
2023-07-07;1314;5345;SALE;-1;-8.22;CLIENTE
2023-07-07;1314;9607;DELIVERY;2;26.34;CD 2
2023-07-07;1314;9607;SALE;-1;-13.17;CLIENTE
2023-07-07;1314;15589;DELIVERY;3;89.01;CD 2
2023-07-07;1314;15589;SALE;-2;-59.34;CLIENTE
2023-07-07;1314;18064;DELIVERY;16;62.08;CD 2
2023-07-07;1314;18064;SALE;-9;-34.92;CLIENTE
2023-07-07;1314;20635;DELIVERY;1;31.01;CD 2
2023-07-07;1314;20635;SALE;-1;-31.01;CLIENTE
2023-07-07;1314;36857;DELIVERY;2;7.26;CD 2
2023-07-08;841;9607;SALE;-1;-8;CLIENTE
2023-07-08;841;18064;SALE;-1;-2.25;CLIENTE
2023-07-08;841;48813;SALE;-1;-4.99;CLIENTE
2023-07-08;1314;15589;SALE;-1;-29.67;CLIENTE
2023-07-08;1314;18064;SALE;-22;-85.36;CLIENTE
2023-07-08;1314;36857;SALE;-2;-7.26;CLIENTE
2023-07-09;841;15589;DELIVERY;1;24.25;CD 2
2023-07-09;841;18064;DELIVERY;4;9;CD 2
2023-07-09;841;18064;SALE;-5;-11.25;CLIENTE
2023-07-09;841;35772;DELIVERY;1;11.92;CD 2
2023-07-09;841;36857;DELIVERY;1;2.3;CD 2
2023-07-09;1314;9607;SALE;-1;-13.17;CLIENTE
2023-07-09;1314;15589;SALE;-1;-29.67;CLIENTE
2023-07-09;1314;18064;SALE;-7;-27.16;CLIENTE
2023-07-10;841;9607;SALE;-1;-8;CLIENTE
2023-07-10;1314;5345;DELIVERY;3;24.78;CD 2
2023-07-10;1314;9607;DELIVERY;1;13.17;CD 2
2023-07-10;1314;15589;DELIVERY;1;29.66;CD 2
2023-07-10;1314;18064;DELIVERY;29;112.52;CD 2
2023-07-10;1314;18064;SALE;-7;-27.16;CLIENTE
2023-07-10;1314;20635;DELIVERY;1;31.01;CD 2
2023-07-10;1314;21141;DELIVERY;1;30.4;CD 2
2023-07-10;1314;31330;DELIVERY;2;136.12;CD 2
2023-07-10;1314;35416;DELIVERY;1;15.18;CD 2
2023-07-10;1314;36857;DELIVERY;3;10.89;CD 2
2023-07-11;841;15589;SALE;-1;-24.25;CLIENTE
2023-07-11;841;18064;SALE;-2;-4.5;CLIENTE
2023-07-11;1314;1439;SALE;-1;-18.68;CLIENTE
2023-07-11;1314;5345;DELIVERY;1;8.27;CD 2
2023-07-11;1314;9607;DELIVERY;2;26.34;CD 2
2023-07-11;1314;15589;DELIVERY;3;88.95;CD 2
2023-07-11;1314;15589;SALE;-1;-29.65;CLIENTE
2023-07-11;1314;15590;DELIVERY;1;40.43;CD 2
2023-07-11;1314;18064;DELIVERY;24;93.12;CD 2
2023-07-11;1314;18064;SALE;-7;-27.16;CLIENTE
2023-07-11;1314;20635;DELIVERY;1;31.01;CD 2
2023-07-11;1314;20635;SALE;-1;-31.01;CLIENTE
2023-07-11;1314;35416;DELIVERY;1;15.11;CD 2
2023-07-11;1314;36857;DELIVERY;2;7.26;CD 2
2023-07-12;841;9607;DELIVERY;1;8;CD 2
2023-07-12;841;18064;SALE;-1;-2.25;CLIENTE
2023-07-12;1314;18064;SALE;-8;-31.04;CLIENTE
2023-07-12;1314;36857;SALE;-2;-7.26;CLIENTE
2023-07-13;841;9607;DELIVERY;2;16;CD 2
2023-07-13;841;15589;SALE;-1;-24.25;CLIENTE
2023-07-13;841;18064;DELIVERY;7;15.75;CD 2
2023-07-13;841;18064;SALE;-1;-2.25;CLIENTE
2023-07-13;841;36857;DELIVERY;1;2.3;CD 2
2023-07-13;841;48813;DELIVERY;2;9.98;CD 2
2023-07-13;841;51957;DELIVERY;1;5.89;CD 2
2023-07-13;1314;18064;SALE;-11;-42.68;CLIENTE
2023-07-13;1314;44217;SALE;-1;-41.51;CLIENTE
2023-07-14;841;18064;SALE;-2;-4.5;CLIENTE
2023-07-14;1314;13315;SALE;-1;-45.72;CLIENTE
2023-07-14;1314;15589;SALE;-1;-29.65;CLIENTE
2023-07-14;1314;18064;SALE;-4;-15.52;CLIENTE
2023-07-14;1314;20635;SALE;-1;-31.01;CLIENTE
2023-07-14;1314;36857;SALE;-1;-3.63;CLIENTE
2023-07-15;841;18064;SALE;-1;-2.25;CLIENTE
2023-07-15;1314;5345;SALE;-1;-8.27;CLIENTE
2023-07-15;1314;9607;SALE;-2;-26.34;CLIENTE
2023-07-15;1314;18064;SALE;-9;-34.92;CLIENTE
2023-07-15;1314;21141;SALE;-1;-30.4;CLIENTE
2023-07-16;841;18064;SALE;-1;-2.25;CLIENTE
2023-07-16;1314;1439;SALE;-1;-18.68;CLIENTE
2023-07-16;1314;18064;SALE;-20;-77.6;CLIENTE
2023-07-16;1314;31330;SALE;-1;-68.06;CLIENTE
2023-07-16;1314;36857;SALE;-2;-7.26;CLIENTE
2023-07-17;841;18064;SALE;-2;-4.5;CLIENTE
2023-07-17;1314;1439;SALE;-1;-18.68;CLIENTE
2023-07-17;1314;5345;SALE;-1;-8.27;CLIENTE
2023-07-17;1314;9607;DELIVERY;1;13.17;CD 2
2023-07-17;1314;9607;SALE;-1;-13.17;CLIENTE
2023-07-17;1314;15589;DELIVERY;1;29.64;CD 2
2023-07-17;1314;15589;SALE;-1;-29.62;CLIENTE
2023-07-17;1314;18064;DELIVERY;12;46.56;CD 2
2023-07-17;1314;18064;SALE;-5;-19.4;CLIENTE
2023-07-17;1314;20635;DELIVERY;3;93.03;CD 2
2023-07-17;1314;20635;SALE;-1;-31.01;CLIENTE
2023-07-17;1314;35416;DELIVERY;1;15.07;CD 2
2023-07-17;1314;48813;DELIVERY;1;5.99;CD 2
2023-07-17;1314;58701;DELIVERY;1;53.37;CD 2
2023-07-18;841;18064;DELIVERY;1;2.25;OUTROS
2023-07-18;841;18064;SALE;-3;-6.75;CLIENTE
2023-07-18;841;21141;INVENTORY_CHECK;-1;-25.63;OUTROS
2023-07-18;841;36857;DELIVERY;1;2.3;OUTROS
2023-07-18;1314;5345;DELIVERY;1;8.27;CD 2
2023-07-18;1314;9607;SALE;-1;-13.17;CLIENTE
2023-07-18;1314;15589;ADJUSTMENT;-4;-118.48;CD 2
2023-07-18;1314;15589;DELIVERY;4;118.48;CD 2
2023-07-18;1314;15589;SALE;-1;-29.62;CLIENTE
2023-07-18;1314;18064;DELIVERY;50;194;CD 2
2023-07-18;1314;18064;SALE;-4;-15.52;CLIENTE
2023-07-18;1314;20635;DELIVERY;1;31.01;CD 2
2023-07-18;1314;36857;DELIVERY;4;14.52;CD 2
2023-07-19;841;9607;SALE;-1;-8;CLIENTE
2023-07-19;841;15589;DELIVERY;2;48.47;CD 2
2023-07-19;841;18064;DELIVERY;4;9;CD 2
2023-07-19;841;18064;SALE;-2;-4.5;CLIENTE
2023-07-19;1314;18064;SALE;-6;-23.28;CLIENTE
2023-07-19;1314;20635;SALE;-2;-62.02;CLIENTE
2023-07-19;1314;35416;SALE;-1;-15.07;CLIENTE
2023-07-19;1314;44217;SALE;-1;-41.51;CLIENTE
2023-07-20;841;18064;DELIVERY;2;4.5;CD 2
2023-07-20;1314;5345;SALE;-1;-8.27;CLIENTE
2023-07-20;1314;15589;DELIVERY;1;29.61;CD 2
2023-07-20;1314;18064;DELIVERY;15;58.2;CD 2
2023-07-20;1314;18064;SALE;-5;-19.4;CLIENTE
2023-07-20;1314;20635;DELIVERY;1;31.01;CD 2
2023-07-20;1314;35416;SALE;-1;-15.07;CLIENTE
2023-07-20;1314;36857;DELIVERY;1;3.63;CD 2
2023-07-20;1314;36857;SALE;-2;-7.26;CLIENTE
2023-07-20;1314;44217;DELIVERY;1;41.64;CD 2
2023-07-20;1314;62364;TRANSFER;-1;-32.58;CD 1
2023-07-21;841;5345;SALE;-1;-4.99;CLIENTE
2023-07-21;841;9607;SALE;-1;-8;CLIENTE
2023-07-21;841;18064;SALE;-2;-4.5;CLIENTE
2023-07-21;841;35772;SALE;-1;-11.92;CLIENTE
2023-07-21;1314;9607;SALE;-1;-13.17;CLIENTE
2023-07-21;1314;15589;SALE;-1;-29.61;CLIENTE
2023-07-21;1314;18064;SALE;-12;-46.56;CLIENTE
2023-07-21;1314;20635;SALE;-1;-31.01;CLIENTE
2023-07-21;1314;36857;SALE;-1;-3.63;CLIENTE
2023-07-21;1314;48812;SALE;-1;-8.46;CLIENTE
2023-07-22;841;18064;SALE;-3;-6.75;CLIENTE
2023-07-22;841;36857;SALE;-2;-4.6;CLIENTE
2023-07-22;1314;9607;SALE;-1;-13.17;CLIENTE
2023-07-22;1314;18064;SALE;-15;-58.2;CLIENTE
2023-07-23;841;5345;SALE;-1;-4.99;CLIENTE
2023-07-23;841;9607;SALE;-2;-16;CLIENTE
2023-07-23;841;15589;SALE;-1;-24.23;CLIENTE
2023-07-23;841;18064;SALE;-1;-2.25;CLIENTE
2023-07-23;1314;5345;SALE;-1;-8.27;CLIENTE
2023-07-23;1314;9607;SALE;-1;-13.17;CLIENTE
2023-07-23;1314;18064;SALE;-9;-34.92;CLIENTE
2023-07-23;1314;20635;SALE;-1;-31.01;CLIENTE
2023-07-23;1314;35416;SALE;-1;-15.07;CLIENTE
2023-07-24;1314;9607;DELIVERY;3;39.51;CD 2
2023-07-24;1314;15589;SALE;-2;-59.22;CLIENTE
2023-07-24;1314;18064;DELIVERY;12;46.56;CD 2
2023-07-24;1314;18064;SALE;-1;-3.88;CLIENTE
2023-07-24;1314;36857;SALE;-1;-3.63;CLIENTE
2023-07-24;1314;48813;SALE;-1;-5.99;CLIENTE
2023-07-25;841;18064;SALE;-3;-6.75;CLIENTE
2023-07-25;1314;5345;DELIVERY;2;16.56;CD 2
2023-07-25;1314;5345;SALE;-1;-8.28;CLIENTE
2023-07-25;1314;15589;DELIVERY;6;177.42;CD 2
2023-07-25;1314;15589;SALE;-3;-88.71;CLIENTE
2023-07-25;1314;18064;DELIVERY;5;19.4;CD 2
2023-07-25;1314;18064;SALE;-2;-7.76;CLIENTE
2023-07-25;1314;31330;DELIVERY;1;68.06;CD 2
2023-07-25;1314;36857;DELIVERY;2;7.26;CD 2
2023-07-26;841;9607;DELIVERY;4;32;CD 2
2023-07-26;841;15589;SALE;-1;-24.23;CLIENTE
2023-07-26;841;35416;SALE;-1;-5.79;CLIENTE
2023-07-26;841;42076;DELIVERY;1;8.56;CD 2
2023-07-26;1314;5345;SALE;-1;-8.28;CLIENTE
2023-07-26;1314;9607;SALE;-1;-13.17;CLIENTE
2023-07-26;1314;15589;SALE;-1;-29.57;CLIENTE
2023-07-26;1314;18064;SALE;-5;-19.4;CLIENTE
2023-07-26;1314;31330;SALE;-1;-68.06;CLIENTE
2023-07-27;841;18064;SALE;-6;-13.5;CLIENTE
2023-07-27;841;57912;SALE;-1;-8.62;CLIENTE
2023-07-27;1314;1439;SALE;-1;-18.68;CLIENTE
2023-07-27;1314;15589;SALE;-2;-59.14;CLIENTE
2023-07-27;1314;18064;DELIVERY;23;89.24;CD 2
2023-07-27;1314;18064;SALE;-8;-31.04;CLIENTE
2023-07-27;1314;35416;DELIVERY;2;29.96;CD 2
2023-07-27;1314;36857;DELIVERY;1;3.63;CD 2
2023-07-28;841;18064;SALE;-2;-4.5;CLIENTE
2023-07-28;1314;9607;SALE;-1;-13.17;CLIENTE
2023-07-28;1314;18064;SALE;-11;-42.68;CLIENTE
2023-07-28;1314;31330;SALE;-1;-68.06;CLIENTE
2023-07-29;841;18064;DELIVERY;1;2.25;CD 2
2023-07-29;841;18064;SALE;-2;-4.5;CLIENTE
2023-07-29;841;35416;DELIVERY;1;10.74;CD 2
2023-07-29;841;36857;DELIVERY;1;2.3;CD 2
2023-07-29;841;36857;SALE;-1;-2.3;CLIENTE
2023-07-29;1314;18064;SALE;-22;-85.36;CLIENTE
2023-07-29;1314;20635;SALE;-1;-31.01;CLIENTE
2023-07-30;1314;18064;SALE;-8;-31.04;CLIENTE
2023-07-31;841;5345;SALE;-1;-4.99;CLIENTE
2023-07-31;841;9607;SALE;-1;-8;CLIENTE
2023-07-31;841;15589;SALE;-1;-24.23;CLIENTE
2023-07-31;841;18064;SALE;-1;-2.25;CLIENTE
2023-07-31;1314;9607;SALE;-3;-39.51;CLIENTE
2023-07-31;1314;15590;SALE;-1;-40.43;CLIENTE
2023-07-31;1314;18064;SALE;-13;-50.44;CLIENTE
2023-07-31;1314;20635;SALE;-1;-31.01;CLIENTE
2023-07-31;1314;31330;SALE;-1;-68.06;CLIENTE
2023-07-31;1314;36857;SALE;-1;-3.63;CLIENTE
2023-08-01;841;15589;SALE;-1;-24.23;CLIENTE
2023-08-01;1314;15589;SALE;-1;-29.57;CLIENTE
2023-08-01;1314;18064;DELIVERY;25;97;CD 2
2023-08-01;1314;18064;SALE;-11;-42.68;CLIENTE
2023-08-01;1314;35416;DELIVERY;1;14.96;CD 2
2023-08-01;1314;36857;DELIVERY;1;3.63;CD 2
2023-08-02;841;18064;SALE;-1;-2.25;CLIENTE
2023-08-02;1314;9607;SALE;-2;-26.34;CLIENTE
2023-08-02;1314;18064;SALE;-3;-11.64;CLIENTE
2023-08-02;1314;20635;SALE;-1;-31.01;CLIENTE
2023-08-02;1314;36857;SALE;-1;-3.63;CLIENTE
2023-08-03;1314;5345;DELIVERY;5;41.45;CD 2
2023-08-03;1314;15589;SALE;-2;-59.14;CLIENTE
2023-08-03;1314;18064;DELIVERY;7;27.16;CD 2
2023-08-03;1314;18064;SALE;-2;-7.76;CLIENTE
2023-08-03;1314;36857;SALE;-1;-3.63;CLIENTE
2023-08-04;841;18064;DELIVERY;1;2.25;CD 2
2023-08-04;841;18064;SALE;-1;-2.25;CLIENTE
2023-08-04;1314;5345;SALE;-2;-16.58;CLIENTE
2023-08-04;1314;18064;SALE;-11;-42.68;CLIENTE
2023-08-04;1314;48813;SALE;-1;-5.99;CLIENTE
2023-08-05;841;9607;DELIVERY;2;16;CD 2
2023-08-05;841;18064;DELIVERY;5;11.25;CD 2
2023-08-05;841;36857;DELIVERY;1;2.3;CD 2
2023-08-05;1314;5345;SALE;-1;-8.29;CLIENTE
2023-08-05;1314;9607;SALE;-1;-13.17;CLIENTE
2023-08-05;1314;15589;DELIVERY;1;29.56;CD 2
2023-08-05;1314;15589;SALE;-4;-118.24;CLIENTE
2023-08-05;1314;18064;DELIVERY;19;73.72;CD 2
2023-08-05;1314;18064;SALE;-21;-81.48;CLIENTE
2023-08-05;1314;36857;SALE;-1;-3.63;CLIENTE
2023-08-06;841;18064;SALE;-2;-4.5;CLIENTE
2023-08-06;1314;15589;SALE;-1;-29.56;CLIENTE
2023-08-06;1314;18064;SALE;-9;-34.92;CLIENTE
2023-08-07;841;18064;SALE;-2;-4.5;CLIENTE
2023-08-07;1314;1439;DELIVERY;1;18.56;CD 2
2023-08-07;1314;9607;DELIVERY;2;26.34;CD 2
2023-08-07;1314;15590;DELIVERY;1;40.45;CD 2
2023-08-07;1314;18064;DELIVERY;46;178.48;CD 2
2023-08-07;1314;18064;SALE;-8;-31.04;CLIENTE
2023-08-08;841;1439;SALE;-1;-15.1;CLIENTE
2023-08-08;1314;5345;DELIVERY;2;16.58;CD 2
2023-08-08;1314;9607;DELIVERY;2;26.34;CD 2
2023-08-08;1314;13315;DELIVERY;1;46.01;CD 2
2023-08-08;1314;15589;DELIVERY;9;265.59;CD 2
2023-08-08;1314;15590;DELIVERY;1;40.45;CD 2
2023-08-08;1314;18064;DELIVERY;14;54.32;CD 2
2023-08-08;1314;18064;SALE;-4;-15.52;CLIENTE
2023-08-08;1314;20635;DELIVERY;4;124.08;CD 2
2023-08-08;1314;31330;DELIVERY;4;272.24;CD 2
2023-08-08;1314;36857;DELIVERY;5;18.15;CD 2
2023-08-08;1314;48812;SALE;-1;-8.46;CLIENTE
2023-08-09;841;5345;SALE;-1;-4.99;CLIENTE
2023-08-09;841;18064;DELIVERY;26;58.5;CD 2
2023-08-09;841;35772;SALE;-1;-11.92;CLIENTE
2023-08-09;1314;5345;SALE;-2;-16.58;CLIENTE
2023-08-09;1314;15589;SALE;-1;-29.51;CLIENTE
2023-08-09;1314;18064;SALE;-3;-11.64;CLIENTE
2023-08-09;1314;20635;SALE;-2;-62.04;CLIENTE
2023-08-09;1314;48812;SALE;-1;-8.46;CLIENTE
2023-08-10;1314;15589;SALE;-2;-59.02;CLIENTE
2023-08-10;1314;18064;SALE;-4;-15.52;CLIENTE
2023-08-11;841;9607;SALE;-1;-8;CLIENTE
2023-08-11;841;18064;DELIVERY;1;2.25;CD 2
2023-08-11;1314;9607;SALE;-3;-39.51;CLIENTE
2023-08-11;1314;18064;SALE;-12;-46.56;CLIENTE
2023-08-12;1314;5345;DELIVERY;1;8.29;CD 2
2023-08-12;1314;9607;DELIVERY;1;13.17;CD 2
2023-08-12;1314;15589;DELIVERY;5;147.55;CD 2
2023-08-12;1314;18064;DELIVERY;34;131.92;CD 2
2023-08-12;1314;18064;SALE;-20;-77.6;CLIENTE
2023-08-12;1314;36857;DELIVERY;1;3.63;CD 2
2023-08-13;841;21141;DELIVERY;1;24.79;CD 2
2023-08-13;1314;9607;SALE;-2;-26.34;CLIENTE
2023-08-13;1314;15589;SALE;-1;-29.51;CLIENTE
2023-08-13;1314;18064;SALE;-4;-15.52;CLIENTE
2023-08-13;1314;36857;SALE;-2;-7.26;CLIENTE
2023-08-13;1314;48812;SALE;-1;-8.46;CLIENTE
2023-08-14;841;18064;SALE;-1;-2.25;CLIENTE
2023-08-14;1314;5345;DELIVERY;2;16.58;CD 2
2023-08-14;1314;9607;DELIVERY;6;79.08;CD 2
2023-08-14;1314;15589;DELIVERY;2;59.02;CD 2
2023-08-14;1314;15589;SALE;-1;-29.51;CLIENTE
2023-08-14;1314;18064;DELIVERY;13;50.44;CD 2
2023-08-14;1314;18064;SALE;-11;-42.68;CLIENTE
2023-08-14;1314;20635;SALE;-1;-31.02;CLIENTE
2023-08-14;1314;36857;DELIVERY;1;3.63;CD 2
2023-08-14;1314;44217;SALE;-1;-41.64;CLIENTE
2023-08-15;841;15589;SALE;-2;-48.46;CLIENTE
2023-08-15;841;18064;SALE;-1;-2.25;CLIENTE
2023-08-15;1314;13315;SALE;-1;-46.01;CLIENTE
2023-08-15;1314;18064;SALE;-19;-73.72;CLIENTE
2023-08-15;1314;48813;SALE;-1;-5.99;CLIENTE
2023-08-16;841;9607;SALE;-3;-24;CLIENTE
2023-08-16;841;15589;SALE;-1;-24.23;CLIENTE
2023-08-16;841;18064;SALE;-1;-2.25;CLIENTE
2023-08-16;1314;5345;SALE;-1;-8.29;CLIENTE
2023-08-16;1314;18064;SALE;-8;-31.04;CLIENTE
2023-08-16;1314;35416;SALE;-1;-14.96;CLIENTE
2023-08-16;1314;48813;SALE;-1;-5.99;CLIENTE
2023-08-17;841;9607;DELIVERY;1;8;CD 2
2023-08-17;841;9607;SALE;-1;-8;CLIENTE
2023-08-17;841;18064;SALE;-1;-2.25;CLIENTE
2023-08-17;1314;5345;DELIVERY;2;16.58;CD 2
2023-08-17;1314;5345;SALE;-1;-8.29;CLIENTE
2023-08-17;1314;15589;DELIVERY;1;29.51;CD 2
2023-08-17;1314;18064;SALE;-15;-58.2;CLIENTE
2023-08-17;1314;20635;DELIVERY;2;62.04;CD 2
2023-08-17;1314;21141;DELIVERY;4;121.6;CD 2
2023-08-17;1314;48812;SALE;-1;-8.46;CLIENTE
2023-08-18;841;18064;SALE;-2;-4.5;CLIENTE
2023-08-18;1314;1439;DELIVERY;1;18.49;CD 2
2023-08-18;1314;5345;DELIVERY;3;24.87;CD 2
2023-08-18;1314;9607;SALE;-4;-52.72;CLIENTE
2023-08-18;1314;15589;DELIVERY;2;59.02;CD 2
2023-08-18;1314;15589;SALE;-2;-59.02;CLIENTE
2023-08-18;1314;18064;DELIVERY;23;89.24;CD 2
2023-08-18;1314;18064;SALE;-5;-19.4;CLIENTE
2023-08-19;841;5345;SALE;-2;-9.98;CLIENTE
2023-08-19;841;15589;DELIVERY;2;48.36;CD 2
2023-08-19;841;18064;SALE;-4;-9;CLIENTE
2023-08-19;1314;5345;SALE;-1;-8.29;CLIENTE
2023-08-19;1314;9607;SALE;-3;-39.54;CLIENTE
2023-08-19;1314;18064;SALE;-11;-42.68;CLIENTE
2023-08-20;841;5345;SALE;-2;-9.98;CLIENTE
2023-08-20;1314;5345;SALE;-1;-8.29;CLIENTE
2023-08-20;1314;15589;DELIVERY;2;59.02;CD 2
2023-08-20;1314;18064;DELIVERY;36;139.68;CD 2
2023-08-20;1314;18064;SALE;-12;-46.56;CLIENTE
2023-08-20;1314;20635;DELIVERY;1;31.02;CD 2
2023-08-20;1314;36857;DELIVERY;2;7.28;CD 2
2023-08-21;841;5345;SALE;-1;-4.99;CLIENTE
2023-08-21;841;15589;SALE;-1;-24.18;CLIENTE
2023-08-21;841;21141;SALE;-1;-24.79;CLIENTE
2023-08-21;1314;15589;SALE;-1;-29.51;CLIENTE
2023-08-21;1314;18064;SALE;-5;-19.4;CLIENTE
2023-08-21;1314;36857;SALE;-2;-7.28;CLIENTE
2023-08-22;841;18064;SALE;-1;-2.25;CLIENTE
2023-08-22;841;31330;SALE;-1;-51.5;CLIENTE
2023-08-22;1314;13315;DELIVERY;1;46.2;CD 2
2023-08-22;1314;18064;DELIVERY;27;104.76;CD 2
2023-08-22;1314;18064;SALE;-24;-93.12;CLIENTE
2023-08-23;841;9607;DELIVERY;4;32;CD 2
2023-08-23;841;15589;DELIVERY;1;24.16;CD 2
2023-08-23;841;35772;DELIVERY;2;23.86;CD 2
2023-08-23;1314;15589;SALE;-3;-88.53;CLIENTE
2023-08-23;1314;18064;SALE;-10;-38.8;CLIENTE
2023-08-23;1314;44217;SALE;-1;-41.64;CLIENTE
2023-08-24;841;5345;DELIVERY;4;20.28;CD 2
2023-08-24;841;9607;DELIVERY;1;8;CD 2
2023-08-24;841;18064;DELIVERY;3;6.75;CD 2
2023-08-24;1314;5345;SALE;-1;-8.29;CLIENTE
2023-08-24;1314;9607;SALE;-1;-13.18;CLIENTE
2023-08-24;1314;18064;SALE;-7;-27.16;CLIENTE
2023-08-24;1314;48813;DELIVERY;1;5.99;OUTROS
2023-08-24;1314;48813;SALE;-2;-11.98;CLIENTE
2023-08-25;841;5345;DELIVERY;1;5.07;CD 2
2023-08-25;841;15589;DELIVERY;1;24.15;CD 2
2023-08-25;841;15589;SALE;-1;-24.15;CLIENTE
2023-08-25;841;18064;DELIVERY;1;2.25;CD 2
2023-08-25;841;21141;DELIVERY;1;24.79;CD 2
2023-08-25;1314;18064;SALE;-6;-23.28;CLIENTE
2023-08-26;841;20635;TRANSFER;-1;-23.37;CD 1
2023-08-26;841;31330;TRANSFER;-1;-51.5;CD 1
2023-08-26;1314;18064;SALE;-15;-58.2;CLIENTE
2023-08-27;841;18064;SALE;-6;-13.5;CLIENTE
2023-08-27;1314;5345;SALE;-1;-8.29;CLIENTE
2023-08-27;1314;18064;SALE;-14;-54.32;CLIENTE
2023-08-28;841;18064;SALE;-4;-9;CLIENTE
2023-08-28;841;21141;DELIVERY;2;49.58;CD 2
2023-08-28;1314;1439;SALE;-1;-18.49;CLIENTE
2023-08-28;1314;5345;DELIVERY;4;33.16;CD 2
2023-08-28;1314;15589;DELIVERY;3;88.53;CD 2
2023-08-28;1314;18064;DELIVERY;48;186.24;CD 2
2023-08-28;1314;18064;SALE;-8;-31.04;CLIENTE
2023-08-28;1314;20635;SALE;-1;-31.02;CLIENTE
2023-08-28;1314;21141;SALE;-2;-60.8;CLIENTE
2023-08-28;1314;36857;DELIVERY;2;7.28;CD 2
2023-08-28;1314;57912;TRANSFER;-6;-76.08;CD 1
2023-08-29;1314;9607;SALE;-2;-26.36;CLIENTE
2023-08-29;1314;15589;SALE;-1;-29.51;CLIENTE
2023-08-29;1314;18064;SALE;-7;-27.16;CLIENTE
2023-08-30;841;15589;SALE;-1;-24.15;CLIENTE
2023-08-30;841;18064;SALE;-1;-2.25;CLIENTE
2023-08-30;1314;15589;DELIVERY;3;88.53;CD 2
2023-08-30;1314;15590;DELIVERY;1;40.45;CD 2
2023-08-30;1314;18064;DELIVERY;34;131.92;CD 2
2023-08-30;1314;18064;SALE;-16;-62.08;CLIENTE
2023-08-30;1314;21141;SALE;-1;-30.4;CLIENTE
2023-08-30;1314;44217;DELIVERY;1;41.77;CD 2
2023-08-30;1314;48812;DELIVERY;2;17.56;CD 2
2023-08-30;1314;48812;SALE;-1;-8.78;CLIENTE
2023-08-31;841;31330;DELIVERY;1;51.5;CD 2
2023-08-31;1314;1439;SALE;-1;-18.49;CLIENTE
2023-08-31;1314;15589;SALE;-2;-59.02;CLIENTE
2023-08-31;1314;36857;SALE;-1;-3.64;CLIENTE
2023-08-31;1314;48812;SALE;-1;-8.78;CLIENTE
2023-08-31;1314;18064;SALE;-10;-38.8;CLIENTE
2023-09-01;1314;5345;SALE;-1;-8.29;CLIENTE
2023-09-01;1314;15589;SALE;-2;-59.02;CLIENTE
2023-09-01;1314;18064;DELIVERY;13;50.44;CD 2
2023-09-01;1314;18064;SALE;-3;-11.64;CLIENTE
2023-09-01;1314;35416;SALE;-2;-29.92;CLIENTE
2023-09-01;1314;44217;SALE;-1;-41.77;CLIENTE
2023-09-01;1314;48813;DELIVERY;2;11.98;CD 2
2023-09-02;841;15589;SALE;-1;-24.15;CLIENTE
2023-09-02;841;18064;SALE;-2;-4.5;CLIENTE
2023-09-02;1314;18064;SALE;-4;-15.52;CLIENTE
2023-09-02;1314;48812;SALE;-1;-8.78;CLIENTE
2023-09-03;841;18064;SALE;-1;-2.25;CLIENTE
2023-09-03;1314;5345;SALE;-1;-8.29;CLIENTE
2023-09-03;1314;18064;SALE;-8;-31.04;CLIENTE
2023-09-03;1314;35416;SALE;-1;-14.96;CLIENTE
2023-09-03;1314;58701;SALE;-1;-53.37;CLIENTE
2023-09-04;841;9607;SALE;-2;-16;CLIENTE
2023-09-04;1314;15589;SALE;-1;-29.51;CLIENTE
2023-09-04;1314;18064;SALE;-9;-34.92;CLIENTE
2023-09-04;1314;21141;SALE;-1;-30.4;CLIENTE
2023-09-04;1314;31330;SALE;-1;-68.06;CLIENTE
2023-09-05;841;55917;SALE;-1;-9;CLIENTE
2023-09-05;1314;9607;DELIVERY;3;39.54;CD 2
2023-09-05;1314;15589;DELIVERY;1;29.51;CD 2
2023-09-05;1314;15589;SALE;-1;-29.51;CLIENTE
2023-09-05;1314;18064;ADJUSTMENT;-15;-58.2;CD 2
2023-09-05;1314;18064;DELIVERY;60;232.8;CD 2
2023-09-05;1314;18064;SALE;-10;-38.8;CLIENTE
2023-09-05;1314;20635;DELIVERY;1;31.02;CD 2
2023-09-05;1314;20635;SALE;-1;-31.02;CLIENTE
2023-09-05;1314;21141;DELIVERY;3;91.2;CD 2
2023-09-05;1314;44217;DELIVERY;2;83.54;CD 2
2023-09-05;1314;57912;SALE;-1;-12.68;CLIENTE
2023-09-06;841;5345;SALE;-1;-5.07;CLIENTE
2023-09-06;841;18064;SALE;-1;-2.25;CLIENTE
2023-09-06;1314;9607;SALE;-1;-13.18;CLIENTE
2023-09-06;1314;18064;SALE;-4;-15.52;CLIENTE
2023-09-06;1314;20635;SALE;-1;-31.02;CLIENTE
2023-09-06;1314;36857;SALE;-1;-3.64;CLIENTE
2023-09-07;1314;18064;SALE;-5;-19.4;CLIENTE
2023-09-08;841;15589;DELIVERY;1;24.13;CD 2
2023-09-08;841;18064;SALE;-10;-22.5;CLIENTE
2023-09-08;841;21141;SALE;-1;-24.79;CLIENTE
2023-09-08;1314;9607;SALE;-1;-13.18;CLIENTE
2023-09-08;1314;18064;DELIVERY;1;3.88;OUTROS
2023-09-08;1314;18064;SALE;-14;-54.32;CLIENTE
2023-09-08;1314;20635;SALE;-1;-31.02;CLIENTE
2023-09-08;1314;21141;SALE;-1;-30.4;CLIENTE
2023-09-08;1314;35416;DELIVERY;1;14.93;CD 2
2023-09-08;1314;44217;DELIVERY;1;41.77;CD 2
2023-09-08;1314;48812;DELIVERY;1;8.94;CD 2
2023-09-09;1314;5345;SALE;-1;-8.29;CLIENTE
2023-09-09;1314;9607;SALE;-1;-13.18;CLIENTE
2023-09-09;1314;18064;SALE;-16;-62.08;CLIENTE
2023-09-09;1314;20635;SALE;-1;-31.02;CLIENTE
2023-09-10;841;15589;SALE;-1;-24.13;CLIENTE
2023-09-10;841;18064;SALE;-1;-2.25;CLIENTE
2023-09-10;1314;9607;SALE;-2;-26.36;CLIENTE
2023-09-10;1314;15589;SALE;-2;-59.02;CLIENTE
2023-09-10;1314;18064;SALE;-1;-3.88;CLIENTE
2023-09-11;1314;5345;DELIVERY;1;8.29;CD 2
2023-09-11;1314;18064;SALE;-10;-38.8;CLIENTE
2023-09-11;1314;21141;DELIVERY;1;30.4;CD 2
2023-09-11;1314;21141;SALE;-1;-30.4;CLIENTE
2023-09-11;1314;35416;DELIVERY;1;14.92;CD 2
2023-09-11;1314;44217;SALE;-1;-41.77;CLIENTE
2023-09-11;1314;48812;DELIVERY;1;9.02;CD 2
2023-09-12;841;18064;SALE;-4;-9;CLIENTE
2023-09-12;1314;5345;SALE;-2;-16.58;CLIENTE
2023-09-12;1314;18064;SALE;-18;-69.84;CLIENTE
2023-09-13;841;18064;SALE;-5;-11.25;CLIENTE
2023-09-13;1314;9607;SALE;-1;-13.18;CLIENTE
2023-09-13;1314;18064;SALE;-9;-34.92;CLIENTE
2023-09-13;1314;20635;SALE;-2;-62.04;CLIENTE
2023-09-14;841;9607;DELIVERY;1;8;CD 2
2023-09-14;841;18064;SALE;-1;-2.25;CLIENTE
2023-09-14;841;55917;DELIVERY;1;9.01;CD 2
2023-09-14;1314;5345;SALE;-2;-16.58;CLIENTE
2023-09-14;1314;18064;SALE;-4;-15.52;CLIENTE
2023-09-14;1314;20635;SALE;-1;-31.02;CLIENTE
2023-09-14;1314;21141;SALE;-2;-60.8;CLIENTE
2023-09-14;1314;48812;SALE;-1;-9.02;CLIENTE
2023-09-14;1314;48813;SALE;-1;-5.99;CLIENTE
2023-09-15;841;15589;DELIVERY;1;24.12;CD 2
2023-09-15;841;18064;DELIVERY;4;9;CD 2
2023-09-15;841;21141;DELIVERY;1;24.79;CD 2
2023-09-15;1314;15589;SALE;-2;-59.02;CLIENTE
2023-09-15;1314;18064;SALE;-11;-42.68;CLIENTE
2023-09-15;1314;20635;SALE;-2;-62.04;CLIENTE
2023-09-15;1314;31330;SALE;-1;-68.06;CLIENTE
2023-09-15;1314;36857;SALE;-1;-3.64;CLIENTE
2023-09-16;841;21141;SALE;-1;-24.79;CLIENTE
2023-09-16;1314;5345;DELIVERY;1;8.29;CD 2
2023-09-16;1314;9607;DELIVERY;8;105.52;CD 2
2023-09-16;1314;15589;DELIVERY;1;29.51;CD 2
2023-09-16;1314;15589;SALE;-4;-118.04;CLIENTE
2023-09-16;1314;18064;DELIVERY;8;31.04;CD 2
2023-09-16;1314;18064;SALE;-11;-42.68;CLIENTE
2023-09-16;1314;21141;DELIVERY;3;91.2;CD 2
2023-09-16;1314;48813;DELIVERY;2;14.18;CD 2
2023-09-16;1314;57912;DELIVERY;1;13.08;CD 2
2023-09-17;1314;5345;SALE;-1;-8.29;CLIENTE
2023-09-17;1314;18064;SALE;-6;-23.28;CLIENTE
2023-09-18;841;18064;DELIVERY;4;9;CD 2
2023-09-18;841;18064;SALE;-4;-9;CLIENTE
2023-09-18;1314;18064;SALE;-12;-46.56;CLIENTE
2023-09-18;1314;58701;SALE;-1;-53.37;CLIENTE
2023-09-19;1314;5345;DELIVERY;1;8.29;CD 2
2023-09-19;1314;5345;SALE;-2;-16.58;CLIENTE
2023-09-19;1314;9607;DELIVERY;3;39.57;CD 2
2023-09-19;1314;9607;SALE;-2;-26.38;CLIENTE
2023-09-19;1314;15589;DELIVERY;2;59;CD 2
2023-09-19;1314;15589;SALE;-1;-29.5;CLIENTE
2023-09-19;1314;18064;DELIVERY;27;104.76;CD 2
2023-09-19;1314;18064;SALE;-3;-11.64;CLIENTE
2023-09-19;1314;21141;DELIVERY;1;30.4;CD 2
2023-09-19;1314;44217;DELIVERY;1;41.77;CD 2
2023-09-20;841;18064;DELIVERY;6;13.5;CD 2
2023-09-20;841;18064;SALE;-1;-2.25;CLIENTE
2023-09-20;841;21141;DELIVERY;1;24.99;CD 2
2023-09-20;1314;5345;DELIVERY;2;16.58;CD 2
2023-09-20;1314;9607;DELIVERY;1;13.19;CD 2
2023-09-20;1314;9607;SALE;-1;-13.19;CLIENTE
2023-09-20;1314;18064;DELIVERY;27;104.76;CD 2
2023-09-20;1314;18064;SALE;-5;-19.4;CLIENTE
2023-09-20;1314;20635;DELIVERY;1;31.02;CD 2
2023-09-20;1314;21141;SALE;-1;-30.4;CLIENTE
2023-09-21;841;18064;SALE;-3;-6.75;CLIENTE
2023-09-21;1314;18064;SALE;-1;-3.88;CLIENTE
2023-09-22;1314;5345;SALE;-1;-8.29;CLIENTE
2023-09-22;1314;15589;SALE;-2;-59;CLIENTE
2023-09-22;1314;18064;SALE;-11;-42.68;CLIENTE
2023-09-23;1314;5345;DELIVERY;1;8.3;CD 2
2023-09-23;1314;9607;SALE;-3;-39.57;CLIENTE
2023-09-23;1314;15589;DELIVERY;5;147.45;CD 2
2023-09-23;1314;18064;DELIVERY;29;112.52;CD 2
2023-09-23;1314;18064;SALE;-10;-38.8;CLIENTE
2023-09-23;1314;48812;SALE;-2;-18.04;CLIENTE
2023-09-23;1314;48813;SALE;-1;-7.09;CLIENTE
2023-09-23;1314;58701;DELIVERY;1;53.37;CD 2
2023-09-24;841;18064;DELIVERY;4;9;CD 2
2023-09-24;841;18064;SALE;-1;-2.25;CLIENTE
2023-09-24;1314;5345;SALE;-1;-8.3;CLIENTE
2023-09-24;1314;18064;SALE;-10;-38.8;CLIENTE
2023-09-25;841;18064;SALE;-1;-2.25;CLIENTE
2023-09-25;1314;5345;DELIVERY;2;16.62;CD 2
2023-09-25;1314;9607;DELIVERY;3;39.57;CD 2
2023-09-25;1314;15589;DELIVERY;1;29.49;CD 2
2023-09-25;1314;18064;DELIVERY;9;34.92;CD 2
2023-09-25;1314;18064;SALE;-7;-27.16;CLIENTE
2023-09-25;1314;20635;SALE;-1;-31.02;CLIENTE
2023-09-25;1314;21141;DELIVERY;1;30.53;CD 2
2023-09-25;1314;36857;SALE;-2;-7.28;CLIENTE
2023-09-26;841;9607;SALE;-1;-8;CLIENTE
2023-09-26;841;18064;DELIVERY;4;9;CD 2
2023-09-26;1314;18064;SALE;-7;-27.16;CLIENTE
2023-09-26;1314;51957;TRANSFER;-1;-12.47;CD 1
2023-09-27;841;18064;SALE;-4;-9;CLIENTE
2023-09-27;1314;9607;SALE;-3;-39.57;CLIENTE
2023-09-27;1314;15589;SALE;-1;-29.49;CLIENTE
2023-09-27;1314;18064;SALE;-8;-31.04;CLIENTE
2023-09-27;1314;36857;SALE;-1;-3.64;CLIENTE
2023-09-28;841;9607;SALE;-1;-8;CLIENTE
2023-09-28;841;15589;SALE;-2;-48.24;CLIENTE
2023-09-28;841;18064;DELIVERY;1;2.25;CD 2
2023-09-28;1314;5345;DELIVERY;2;16.62;CD 2
2023-09-28;1314;9607;SALE;-1;-13.19;CLIENTE
2023-09-28;1314;15589;DELIVERY;1;29.49;CD 2
2023-09-28;1314;15589;SALE;-2;-58.98;CLIENTE
2023-09-28;1314;18064;DELIVERY;14;54.32;CD 2
2023-09-28;1314;18064;SALE;-11;-42.68;CLIENTE
2023-09-28;1314;20635;DELIVERY;3;93.09;CD 2
2023-09-28;1314;20635;SALE;-1;-31.03;CLIENTE
2023-09-28;1314;21141;DELIVERY;4;122.88;CD 2
2023-09-28;1314;48812;DELIVERY;1;9.14;CD 2
2023-09-28;1314;48813;DELIVERY;1;7.27;CD 2
2023-09-29;841;5345;SALE;-1;-5.07;CLIENTE
2023-09-29;841;18064;SALE;-1;-2.25;CLIENTE
2023-09-29;1314;5345;DELIVERY;1;8.31;CD 2
2023-09-29;1314;5345;SALE;-1;-8.31;CLIENTE
2023-09-29;1314;15589;DELIVERY;2;58.98;CD 2
2023-09-29;1314;18064;DELIVERY;12;46.56;CD 2
2023-09-29;1314;18064;SALE;-7;-27.16;CLIENTE
2023-09-29;1314;21141;DELIVERY;4;123.16;CD 2
2023-09-29;1314;31330;SALE;-1;-68.06;CLIENTE
2023-09-29;1314;48813;DELIVERY;1;7.36;CD 2
2023-09-30;841;9607;DELIVERY;1;8;CD 2
2023-09-30;841;18064;DELIVERY;1;2.25;CD 2
2023-09-30;841;57912;DELIVERY;1;8.79;CD 2
2023-09-30;1314;5345;SALE;-1;-8.31;CLIENTE
2023-09-30;1314;18064;SALE;-11;-42.68;CLIENTE
2023-10-01;841;18064;SALE;-2;-4.5;CLIENTE
2023-10-01;1314;18064;SALE;-8;-31.04;CLIENTE
2023-10-01;1314;21141;SALE;-2;-61.58;CLIENTE
2023-10-02;841;18064;SALE;-1;-2.25;CLIENTE
2023-10-02;1314;9607;SALE;-1;-13.19;CLIENTE
2023-10-02;1314;18064;DELIVERY;1;3.88;OUTROS
2023-10-02;1314;18064;SALE;-1;-3.88;CLIENTE
2023-10-02;1314;21141;SALE;-1;-30.79;CLIENTE
2023-10-03;1314;5345;DELIVERY;1;8.31;CD 2
2023-10-03;1314;9607;DELIVERY;3;39.57;CD 2
2023-10-03;1314;18064;DELIVERY;27;104.76;CD 2
2023-10-03;1314;18064;SALE;-4;-15.52;CLIENTE
2023-10-03;1314;20635;DELIVERY;1;31.03;CD 2
2023-10-03;1314;48812;DELIVERY;2;18.4;CD 2
2023-10-03;1314;48813;DELIVERY;1;7.42;CD 2
2023-10-04;841;18064;SALE;-2;-4.5;CLIENTE
2023-10-04;1314;5345;DELIVERY;1;8.31;CD 2
2023-10-04;1314;9607;DELIVERY;3;39.57;CD 2
2023-10-04;1314;15589;DELIVERY;1;29.49;CD 2
2023-10-04;1314;15589;SALE;-1;-29.49;CLIENTE
2023-10-04;1314;18064;DELIVERY;15;58.2;CD 2
2023-10-04;1314;18064;SALE;-6;-23.28;CLIENTE
2023-10-04;1314;36857;DELIVERY;1;3.64;CD 2
2023-10-05;841;9607;DELIVERY;1;8;CD 2
2023-10-05;841;15589;DELIVERY;2;48.2;CD 2
2023-10-05;841;18064;DELIVERY;4;9;CD 2
2023-10-05;841;18064;SALE;-4;-9;CLIENTE
2023-10-05;841;36857;SALE;-1;-2.3;CLIENTE
2023-10-05;1314;1439;SALE;-3;-55.47;CLIENTE
2023-10-05;1314;9607;SALE;-1;-13.19;CLIENTE
2023-10-05;1314;18064;SALE;-11;-42.68;CLIENTE
2023-10-05;1314;48813;SALE;-1;-7.42;CLIENTE
2023-10-06;841;15589;SALE;-1;-24.1;CLIENTE
2023-10-06;841;18064;DELIVERY;4;9;CD 2
2023-10-06;841;18064;SALE;-4;-9;CLIENTE
2023-10-06;841;35416;SALE;-1;-10.74;CLIENTE
2023-10-06;1314;15589;SALE;-1;-29.49;CLIENTE
2023-10-06;1314;18064;SALE;-12;-46.56;CLIENTE
2023-10-06;1314;35416;SALE;-1;-14.92;CLIENTE
2023-10-07;1314;9607;DELIVERY;3;39.57;CD 2
2023-10-07;1314;9607;SALE;-1;-13.19;CLIENTE
2023-10-07;1314;15589;DELIVERY;2;58.98;CD 2
2023-10-07;1314;18064;DELIVERY;18;69.84;CD 2
2023-10-07;1314;18064;SALE;-11;-42.68;CLIENTE
2023-10-07;1314;20635;DELIVERY;1;31.03;CD 2
2023-10-07;1314;21141;SALE;-1;-30.79;CLIENTE
2023-10-07;1314;31330;DELIVERY;1;68.06;CD 2
2023-10-08;1314;15589;SALE;-1;-29.49;CLIENTE
2023-10-08;1314;18064;SALE;-6;-23.28;CLIENTE
2023-10-08;1314;31330;SALE;-1;-68.06;CLIENTE
2023-10-09;841;9607;SALE;-1;-8;CLIENTE
2023-10-09;841;18064;SALE;-3;-6.75;CLIENTE
2023-10-09;1314;5345;DELIVERY;2;16.62;CD 2
2023-10-09;1314;9607;DELIVERY;1;13.19;CD 2
2023-10-09;1314;18064;DELIVERY;19;73.72;CD 2
2023-10-09;1314;18064;SALE;-10;-38.8;CLIENTE
2023-10-10;841;15589;DELIVERY;2;48.18;CD 2
2023-10-10;841;18064;DELIVERY;6;13.5;CD 2
2023-10-10;1314;5345;DELIVERY;1;8.31;CD 2
2023-10-10;1314;5345;SALE;-1;-8.31;CLIENTE
2023-10-10;1314;9607;SALE;-1;-13.19;CLIENTE
2023-10-10;1314;15589;DELIVERY;1;29.49;CD 2
2023-10-10;1314;15589;SALE;-2;-58.98;CLIENTE
2023-10-10;1314;18064;DELIVERY;10;38.8;CD 2
2023-10-10;1314;18064;SALE;-8;-31.04;CLIENTE
2023-10-10;1314;21141;SALE;-1;-30.79;CLIENTE
2023-10-10;1314;31330;SALE;-1;-68.06;CLIENTE
2023-10-11;841;9607;SALE;-1;-8;CLIENTE
2023-10-11;1314;18064;SALE;-11;-42.68;CLIENTE
2023-10-11;1314;36857;SALE;-1;-3.64;CLIENTE
2023-10-12;841;9607;DELIVERY;1;8;CD 2
2023-10-12;841;15589;DELIVERY;1;24.09;CD 2
2023-10-12;841;18064;DELIVERY;17;38.25;CD 2
2023-10-12;841;35416;DELIVERY;1;10.74;CD 2
2023-10-12;841;36857;DELIVERY;1;2.31;CD 2
2023-10-12;1314;9607;SALE;-1;-13.19;CLIENTE
2023-10-12;1314;18064;SALE;-5;-19.4;CLIENTE
2023-10-12;1314;21141;SALE;-1;-30.79;CLIENTE
2023-10-12;1314;35416;SALE;-2;-29.84;CLIENTE
2023-10-12;1314;36857;SALE;-1;-3.64;CLIENTE
2023-10-13;1314;1439;DELIVERY;2;37.84;CD 2
2023-10-13;1314;15589;DELIVERY;3;88.47;CD 2
2023-10-13;1314;18064;DELIVERY;22;85.36;CD 2
2023-10-13;1314;18064;SALE;-8;-31.04;CLIENTE
2023-10-13;1314;21141;DELIVERY;1;30.75;CD 2
2023-10-13;1314;31330;DELIVERY;1;68.06;CD 2
2023-10-13;1314;35416;DELIVERY;3;44.67;CD 2
2023-10-13;1314;36857;DELIVERY;1;3.65;CD 2
2023-10-14;841;5345;SALE;-1;-5.07;CLIENTE
2023-10-14;1314;5345;SALE;-3;-24.93;CLIENTE
2023-10-14;1314;9607;SALE;-1;-13.19;CLIENTE
2023-10-14;1314;18064;SALE;-11;-42.68;CLIENTE
2023-10-14;1314;36857;SALE;-2;-7.3;CLIENTE
2023-10-15;841;9607;DELIVERY;1;8;CD 2
2023-10-15;841;15589;SALE;-1;-24.09;CLIENTE
2023-10-15;841;18064;DELIVERY;3;6.75;CD 2
2023-10-15;841;21141;SALE;-1;-24.99;CLIENTE
2023-10-15;1314;1439;SALE;-1;-18.92;CLIENTE
2023-10-15;1314;18064;SALE;-11;-42.68;CLIENTE
2023-10-16;841;51957;SALE;-1;-5.89;CLIENTE
2023-10-16;1314;15589;DELIVERY;1;29.49;CD 2
2023-10-16;1314;18064;DELIVERY;51;198.39;CD 2
2023-10-16;1314;18064;SALE;-17;-66.13;CLIENTE
2023-10-16;1314;20635;SALE;-1;-31.03;CLIENTE
2023-10-16;1314;21141;DELIVERY;1;30.72;CD 2
2023-10-16;1314;31330;DELIVERY;1;68.06;CD 2
2023-10-17;841;9607;DELIVERY;1;8;CD 2
2023-10-17;841;15589;SALE;-1;-24.09;CLIENTE
2023-10-17;1314;1439;SALE;-1;-18.92;CLIENTE
2023-10-17;1314;9607;SALE;-1;-13.19;CLIENTE
2023-10-17;1314;18064;SALE;-2;-7.78;CLIENTE
2023-10-18;841;18064;SALE;-7;-15.75;CLIENTE
2023-10-18;1314;5345;DELIVERY;1;8.31;CD 2
2023-10-18;1314;9607;DELIVERY;1;13.19;CD 2
2023-10-18;1314;9607;SALE;-1;-13.19;CLIENTE
2023-10-18;1314;15589;DELIVERY;2;58.98;CD 2
2023-10-18;1314;18064;DELIVERY;9;35.01;CD 2
2023-10-18;1314;18064;SALE;-9;-35.01;CLIENTE
2023-10-18;1314;21141;DELIVERY;1;30.69;CD 2
2023-10-18;1314;31330;DELIVERY;1;68;CD 2
2023-10-18;1314;48812;SALE;-1;-9.2;CLIENTE
2023-10-19;841;9607;SALE;-1;-8;CLIENTE
2023-10-19;841;18064;SALE;-1;-2.25;CLIENTE
2023-10-19;841;21141;DELIVERY;1;24.91;CD 2
2023-10-19;841;36857;SALE;-1;-2.31;CLIENTE
2023-10-19;1314;5345;SALE;-1;-8.31;CLIENTE
2023-10-19;1314;18064;SALE;-5;-19.45;CLIENTE
2023-10-19;1314;21141;SALE;-1;-30.69;CLIENTE
2023-10-19;1314;48812;SALE;-1;-9.2;CLIENTE
2023-10-20;1314;9607;DELIVERY;1;13.19;CD 2
2023-10-20;1314;18064;DELIVERY;24;93.36;CD 2
2023-10-20;1314;18064;SALE;-5;-19.45;CLIENTE
2023-10-20;1314;21141;DELIVERY;2;61.3;CD 2
2023-10-20;1314;31330;DELIVERY;2;135.62;CD 2
2023-10-20;1314;35416;DELIVERY;2;29.78;CD 2
2023-10-20;1314;36857;DELIVERY;2;7.32;CD 2
2023-10-20;1314;48813;DELIVERY;1;7.63;CD 2
2023-10-21;841;18064;SALE;-3;-6.75;CLIENTE
2023-10-21;1314;18064;SALE;-10;-38.9;CLIENTE
2023-10-21;1314;21141;SALE;-1;-30.65;CLIENTE
2023-10-22;841;20635;TRANSFER;-1;-23.37;CD 1
2023-10-22;1314;18064;SALE;-2;-7.78;CLIENTE
2023-10-22;1314;44217;SALE;-1;-41.77;CLIENTE
2023-10-23;1314;5345;SALE;-1;-8.31;CLIENTE
2023-10-23;1314;13315;INVENTORY_CHECK;-1;-46.2;OUTROS
2023-10-23;1314;18064;INVENTORY_CHECK;-1;-3.89;OUTROS
2023-10-23;1314;18064;SALE;-10;-38.9;CLIENTE
2023-10-23;1314;44217;DELIVERY;2;83.54;OUTROS
2023-10-23;1314;48812;DELIVERY;1;9.2;OUTROS
2023-10-23;1314;48813;INVENTORY_CHECK;-1;-7.63;OUTROS
2023-10-24;1314;1439;DELIVERY;2;37.84;CD 2
2023-10-24;1314;5345;DELIVERY;3;24.93;CD 2
2023-10-24;1314;9607;DELIVERY;3;39.57;CD 2
2023-10-24;1314;18064;DELIVERY;39;151.71;CD 2
2023-10-24;1314;20635;DELIVERY;1;31.02;CD 2
2023-10-24;1314;36857;DELIVERY;2;7.34;CD 2
2023-10-25;1314;15589;SALE;-1;-29.49;CLIENTE
2023-10-25;1314;15590;SALE;-1;-40.45;CLIENTE
2023-10-25;1314;18064;SALE;-17;-66.13;CLIENTE
2023-10-25;1314;20635;SALE;-2;-62.04;CLIENTE
2023-10-26;841;9607;SALE;-1;-8;CLIENTE
2023-10-26;841;18064;SALE;-1;-2.25;CLIENTE
2023-10-26;1314;9607;SALE;-1;-13.19;CLIENTE
2023-10-26;1314;18064;SALE;-6;-23.34;CLIENTE
2023-10-27;841;9607;DELIVERY;1;8;CD 2
2023-10-27;841;15589;SALE;-1;-24.09;CLIENTE
2023-10-27;1314;18064;SALE;-1;-3.89;CLIENTE
2023-10-27;1314;51957;SALE;-1;-12.47;CLIENTE
2023-10-28;841;9607;DELIVERY;1;8;CD 2
2023-10-28;1314;9607;SALE;-1;-13.19;CLIENTE
2023-10-28;1314;18064;SALE;-9;-35.01;CLIENTE
2023-10-29;841;9607;SALE;-1;-8;CLIENTE
2023-10-29;1314;9607;SALE;-1;-13.19;CLIENTE
2023-10-29;1314;18064;SALE;-9;-35.01;CLIENTE
2023-10-30;841;18064;SALE;-2;-4.5;CLIENTE
2023-10-30;1314;5345;DELIVERY;2;16.62;CD 2
2023-10-30;1314;18064;DELIVERY;20;77.8;CD 2
2023-10-30;1314;18064;SALE;-16;-62.24;CLIENTE
2023-10-30;1314;35416;DELIVERY;2;29.78;CD 2
2023-10-31;841;9607;SALE;-1;-8;CLIENTE
2023-10-31;841;18064;SALE;-1;-2.25;CLIENTE
2023-10-31;1314;5345;SALE;-1;-8.31;CLIENTE
2023-10-31;1314;18064;SALE;-3;-11.67;CLIENTE
2023-08-31;1314;18064;SALE;-10;-38.8;CLIENTE
2023-09-01;1314;5345;SALE;-1;-8.29;CLIENTE
2023-09-01;1314;15589;SALE;-2;-59.02;CLIENTE
2023-09-01;1314;18064;DELIVERY;13;50.44;CD 2
2023-09-01;1314;18064;SALE;-3;-11.64;CLIENTE
2023-09-01;1314;35416;SALE;-2;-29.92;CLIENTE
2023-09-01;1314;44217;SALE;-1;-41.77;CLIENTE
2023-09-01;1314;48813;DELIVERY;2;11.98;CD 2
2023-09-02;841;15589;SALE;-1;-24.15;CLIENTE
2023-09-02;841;18064;SALE;-2;-4.5;CLIENTE
2023-09-02;1314;18064;SALE;-4;-15.52;CLIENTE
2023-09-02;1314;48812;SALE;-1;-8.78;CLIENTE
2023-09-03;841;18064;SALE;-1;-2.25;CLIENTE
2023-09-03;1314;5345;SALE;-1;-8.29;CLIENTE
2023-09-03;1314;18064;SALE;-8;-31.04;CLIENTE
2023-09-03;1314;35416;SALE;-1;-14.96;CLIENTE
2023-09-03;1314;58701;SALE;-1;-53.37;CLIENTE
2023-09-04;841;9607;SALE;-2;-16;CLIENTE
2023-09-04;1314;15589;SALE;-1;-29.51;CLIENTE
2023-09-04;1314;18064;SALE;-9;-34.92;CLIENTE
2023-09-04;1314;21141;SALE;-1;-30.4;CLIENTE
2023-09-04;1314;31330;SALE;-1;-68.06;CLIENTE
2023-09-05;841;55917;SALE;-1;-9;CLIENTE
2023-09-05;1314;9607;DELIVERY;3;39.54;CD 2
2023-09-05;1314;15589;DELIVERY;1;29.51;CD 2
2023-09-05;1314;15589;SALE;-1;-29.51;CLIENTE
2023-09-05;1314;18064;ADJUSTMENT;-15;-58.2;CD 2
2023-09-05;1314;18064;DELIVERY;60;232.8;CD 2
2023-09-05;1314;18064;SALE;-10;-38.8;CLIENTE
2023-09-05;1314;20635;DELIVERY;1;31.02;CD 2
2023-09-05;1314;20635;SALE;-1;-31.02;CLIENTE
2023-09-05;1314;21141;DELIVERY;3;91.2;CD 2
2023-09-05;1314;44217;DELIVERY;2;83.54;CD 2
2023-09-05;1314;57912;SALE;-1;-12.68;CLIENTE
2023-09-06;841;5345;SALE;-1;-5.07;CLIENTE
2023-09-06;841;18064;SALE;-1;-2.25;CLIENTE
2023-09-06;1314;9607;SALE;-1;-13.18;CLIENTE
2023-09-06;1314;18064;SALE;-4;-15.52;CLIENTE
2023-09-06;1314;20635;SALE;-1;-31.02;CLIENTE
2023-09-06;1314;36857;SALE;-1;-3.64;CLIENTE
2023-09-07;1314;18064;SALE;-5;-19.4;CLIENTE
2023-09-08;841;15589;DELIVERY;1;24.13;CD 2
2023-09-08;841;18064;SALE;-10;-22.5;CLIENTE
2023-09-08;841;21141;SALE;-1;-24.79;CLIENTE
2023-09-08;1314;9607;SALE;-1;-13.18;CLIENTE
2023-09-08;1314;18064;DELIVERY;1;3.88;OUTROS
2023-09-08;1314;18064;SALE;-14;-54.32;CLIENTE
2023-09-08;1314;20635;SALE;-1;-31.02;CLIENTE
2023-09-08;1314;21141;SALE;-1;-30.4;CLIENTE
2023-09-08;1314;35416;DELIVERY;1;14.93;CD 2
2023-09-08;1314;44217;DELIVERY;1;41.77;CD 2
2023-09-08;1314;48812;DELIVERY;1;8.94;CD 2
2023-09-09;1314;5345;SALE;-1;-8.29;CLIENTE
2023-09-09;1314;9607;SALE;-1;-13.18;CLIENTE
2023-09-09;1314;18064;SALE;-16;-62.08;CLIENTE
2023-09-09;1314;20635;SALE;-1;-31.02;CLIENTE
2023-09-10;841;15589;SALE;-1;-24.13;CLIENTE
2023-09-10;841;18064;SALE;-1;-2.25;CLIENTE
2023-09-10;1314;9607;SALE;-2;-26.36;CLIENTE
2023-09-10;1314;15589;SALE;-2;-59.02;CLIENTE
2023-09-10;1314;18064;SALE;-1;-3.88;CLIENTE
2023-09-11;1314;5345;DELIVERY;1;8.29;CD 2
2023-09-11;1314;18064;SALE;-10;-38.8;CLIENTE
2023-09-11;1314;21141;DELIVERY;1;30.4;CD 2
2023-09-11;1314;21141;SALE;-1;-30.4;CLIENTE
2023-09-11;1314;35416;DELIVERY;1;14.92;CD 2
2023-09-11;1314;44217;SALE;-1;-41.77;CLIENTE
2023-09-11;1314;48812;DELIVERY;1;9.02;CD 2
2023-09-12;841;18064;SALE;-4;-9;CLIENTE
2023-09-12;1314;5345;SALE;-2;-16.58;CLIENTE
2023-09-12;1314;18064;SALE;-18;-69.84;CLIENTE
2023-09-13;841;18064;SALE;-5;-11.25;CLIENTE
2023-09-13;1314;9607;SALE;-1;-13.18;CLIENTE
2023-09-13;1314;18064;SALE;-9;-34.92;CLIENTE
2023-09-13;1314;20635;SALE;-2;-62.04;CLIENTE
2023-09-14;841;9607;DELIVERY;1;8;CD 2
2023-09-14;841;18064;SALE;-1;-2.25;CLIENTE
2023-09-14;841;55917;DELIVERY;1;9.01;CD 2
2023-09-14;1314;5345;SALE;-2;-16.58;CLIENTE
2023-09-14;1314;18064;SALE;-4;-15.52;CLIENTE
2023-09-14;1314;20635;SALE;-1;-31.02;CLIENTE
2023-09-14;1314;21141;SALE;-2;-60.8;CLIENTE
2023-09-14;1314;48812;SALE;-1;-9.02;CLIENTE
2023-09-14;1314;48813;SALE;-1;-5.99;CLIENTE
2023-09-15;841;15589;DELIVERY;1;24.12;CD 2
2023-09-15;841;18064;DELIVERY;4;9;CD 2
2023-09-15;841;21141;DELIVERY;1;24.79;CD 2
2023-09-15;1314;15589;SALE;-2;-59.02;CLIENTE
2023-09-15;1314;18064;SALE;-11;-42.68;CLIENTE
2023-09-15;1314;20635;SALE;-2;-62.04;CLIENTE
2023-09-15;1314;31330;SALE;-1;-68.06;CLIENTE
2023-09-15;1314;36857;SALE;-1;-3.64;CLIENTE
2023-09-16;841;21141;SALE;-1;-24.79;CLIENTE
2023-09-16;1314;5345;DELIVERY;1;8.29;CD 2
2023-09-16;1314;9607;DELIVERY;8;105.52;CD 2
2023-09-16;1314;15589;DELIVERY;1;29.51;CD 2
2023-09-16;1314;15589;SALE;-4;-118.04;CLIENTE
2023-09-16;1314;18064;DELIVERY;8;31.04;CD 2
2023-09-16;1314;18064;SALE;-11;-42.68;CLIENTE
2023-09-16;1314;21141;DELIVERY;3;91.2;CD 2
2023-09-16;1314;48813;DELIVERY;2;14.18;CD 2
2023-09-16;1314;57912;DELIVERY;1;13.08;CD 2
2023-09-17;1314;5345;SALE;-1;-8.29;CLIENTE
2023-09-17;1314;18064;SALE;-6;-23.28;CLIENTE
2023-09-18;841;18064;DELIVERY;4;9;CD 2
2023-09-18;841;18064;SALE;-4;-9;CLIENTE
2023-09-18;1314;18064;SALE;-12;-46.56;CLIENTE
2023-09-18;1314;58701;SALE;-1;-53.37;CLIENTE
2023-09-19;1314;5345;DELIVERY;1;8.29;CD 2
2023-09-19;1314;5345;SALE;-2;-16.58;CLIENTE
2023-09-19;1314;9607;DELIVERY;3;39.57;CD 2
2023-09-19;1314;9607;SALE;-2;-26.38;CLIENTE
2023-09-19;1314;15589;DELIVERY;2;59;CD 2
2023-09-19;1314;15589;SALE;-1;-29.5;CLIENTE
2023-09-19;1314;18064;DELIVERY;27;104.76;CD 2
2023-09-19;1314;18064;SALE;-3;-11.64;CLIENTE
2023-09-19;1314;21141;DELIVERY;1;30.4;CD 2
2023-09-19;1314;44217;DELIVERY;1;41.77;CD 2
2023-09-20;841;18064;DELIVERY;6;13.5;CD 2
2023-09-20;841;18064;SALE;-1;-2.25;CLIENTE
2023-09-20;841;21141;DELIVERY;1;24.99;CD 2
2023-09-20;1314;5345;DELIVERY;2;16.58;CD 2
2023-09-20;1314;9607;DELIVERY;1;13.19;CD 2
2023-09-20;1314;9607;SALE;-1;-13.19;CLIENTE
2023-09-20;1314;18064;DELIVERY;27;104.76;CD 2
2023-09-20;1314;18064;SALE;-5;-19.4;CLIENTE
2023-09-20;1314;20635;DELIVERY;1;31.02;CD 2
2023-09-20;1314;21141;SALE;-1;-30.4;CLIENTE
2023-09-21;841;18064;SALE;-3;-6.75;CLIENTE
2023-09-21;1314;18064;SALE;-1;-3.88;CLIENTE
2023-09-22;1314;5345;SALE;-1;-8.29;CLIENTE
2023-09-22;1314;15589;SALE;-2;-59;CLIENTE
2023-09-22;1314;18064;SALE;-11;-42.68;CLIENTE
2023-09-23;1314;5345;DELIVERY;1;8.3;CD 2
2023-09-23;1314;9607;SALE;-3;-39.57;CLIENTE
2023-09-23;1314;15589;DELIVERY;5;147.45;CD 2
2023-09-23;1314;18064;DELIVERY;29;112.52;CD 2
2023-09-23;1314;18064;SALE;-10;-38.8;CLIENTE
2023-09-23;1314;48812;SALE;-2;-18.04;CLIENTE
2023-09-23;1314;48813;SALE;-1;-7.09;CLIENTE
2023-09-23;1314;58701;DELIVERY;1;53.37;CD 2
2023-09-24;841;18064;DELIVERY;4;9;CD 2
2023-09-24;841;18064;SALE;-1;-2.25;CLIENTE
2023-09-24;1314;5345;SALE;-1;-8.3;CLIENTE
2023-09-24;1314;18064;SALE;-10;-38.8;CLIENTE
2023-09-25;841;18064;SALE;-1;-2.25;CLIENTE
2023-09-25;1314;5345;DELIVERY;2;16.62;CD 2
2023-09-25;1314;9607;DELIVERY;3;39.57;CD 2
2023-09-25;1314;15589;DELIVERY;1;29.49;CD 2
2023-09-25;1314;18064;DELIVERY;9;34.92;CD 2
2023-09-25;1314;18064;SALE;-7;-27.16;CLIENTE
2023-09-25;1314;20635;SALE;-1;-31.02;CLIENTE
2023-09-25;1314;21141;DELIVERY;1;30.53;CD 2
2023-09-25;1314;36857;SALE;-2;-7.28;CLIENTE
2023-09-26;841;9607;SALE;-1;-8;CLIENTE
2023-09-26;841;18064;DELIVERY;4;9;CD 2
2023-09-26;1314;18064;SALE;-7;-27.16;CLIENTE
2023-09-26;1314;51957;TRANSFER;-1;-12.47;CD 1
2023-09-27;841;18064;SALE;-4;-9;CLIENTE
2023-09-27;1314;9607;SALE;-3;-39.57;CLIENTE
2023-09-27;1314;15589;SALE;-1;-29.49;CLIENTE
2023-09-27;1314;18064;SALE;-8;-31.04;CLIENTE
2023-09-27;1314;36857;SALE;-1;-3.64;CLIENTE
2023-09-28;841;9607;SALE;-1;-8;CLIENTE
2023-09-28;841;15589;SALE;-2;-48.24;CLIENTE
2023-09-28;841;18064;DELIVERY;1;2.25;CD 2
2023-09-28;1314;5345;DELIVERY;2;16.62;CD 2
2023-09-28;1314;9607;SALE;-1;-13.19;CLIENTE
2023-09-28;1314;15589;DELIVERY;1;29.49;CD 2
2023-09-28;1314;15589;SALE;-2;-58.98;CLIENTE
2023-09-28;1314;18064;DELIVERY;14;54.32;CD 2
2023-09-28;1314;18064;SALE;-11;-42.68;CLIENTE
2023-09-28;1314;20635;DELIVERY;3;93.09;CD 2
2023-09-28;1314;20635;SALE;-1;-31.03;CLIENTE
2023-09-28;1314;21141;DELIVERY;4;122.88;CD 2
2023-09-28;1314;48812;DELIVERY;1;9.14;CD 2
2023-09-28;1314;48813;DELIVERY;1;7.27;CD 2
2023-09-29;841;5345;SALE;-1;-5.07;CLIENTE
2023-09-29;841;18064;SALE;-1;-2.25;CLIENTE
2023-09-29;1314;5345;DELIVERY;1;8.31;CD 2
2023-09-29;1314;5345;SALE;-1;-8.31;CLIENTE
2023-09-29;1314;15589;DELIVERY;2;58.98;CD 2
2023-09-29;1314;18064;DELIVERY;12;46.56;CD 2
2023-09-29;1314;18064;SALE;-7;-27.16;CLIENTE
2023-09-29;1314;21141;DELIVERY;4;123.16;CD 2
2023-09-29;1314;31330;SALE;-1;-68.06;CLIENTE
2023-09-29;1314;48813;DELIVERY;1;7.36;CD 2
2023-09-30;841;9607;DELIVERY;1;8;CD 2
2023-09-30;841;18064;DELIVERY;1;2.25;CD 2
2023-09-30;841;57912;DELIVERY;1;8.79;CD 2
2023-09-30;1314;5345;SALE;-1;-8.31;CLIENTE
2023-09-30;1314;18064;SALE;-11;-42.68;CLIENTE
2023-10-01;841;18064;SALE;-2;-4.5;CLIENTE
2023-10-01;1314;18064;SALE;-8;-31.04;CLIENTE
2023-10-01;1314;21141;SALE;-2;-61.58;CLIENTE
2023-10-02;841;18064;SALE;-1;-2.25;CLIENTE
2023-10-02;1314;9607;SALE;-1;-13.19;CLIENTE
2023-10-02;1314;18064;DELIVERY;1;3.88;OUTROS
2023-10-02;1314;18064;SALE;-1;-3.88;CLIENTE
2023-10-02;1314;21141;SALE;-1;-30.79;CLIENTE
2023-10-03;1314;5345;DELIVERY;1;8.31;CD 2
2023-10-03;1314;9607;DELIVERY;3;39.57;CD 2
2023-10-03;1314;18064;DELIVERY;27;104.76;CD 2
2023-10-03;1314;18064;SALE;-4;-15.52;CLIENTE
2023-10-03;1314;20635;DELIVERY;1;31.03;CD 2
2023-10-03;1314;48812;DELIVERY;2;18.4;CD 2
2023-10-03;1314;48813;DELIVERY;1;7.42;CD 2
2023-10-04;841;18064;SALE;-2;-4.5;CLIENTE
2023-10-04;1314;5345;DELIVERY;1;8.31;CD 2
2023-10-04;1314;9607;DELIVERY;3;39.57;CD 2
2023-10-04;1314;15589;DELIVERY;1;29.49;CD 2
2023-10-04;1314;15589;SALE;-1;-29.49;CLIENTE
2023-10-04;1314;18064;DELIVERY;15;58.2;CD 2
2023-10-04;1314;18064;SALE;-6;-23.28;CLIENTE
2023-10-04;1314;36857;DELIVERY;1;3.64;CD 2
2023-10-05;841;9607;DELIVERY;1;8;CD 2
2023-10-05;841;15589;DELIVERY;2;48.2;CD 2
2023-10-05;841;18064;DELIVERY;4;9;CD 2
2023-10-05;841;18064;SALE;-4;-9;CLIENTE
2023-10-05;841;36857;SALE;-1;-2.3;CLIENTE
2023-10-05;1314;1439;SALE;-3;-55.47;CLIENTE
2023-10-05;1314;9607;SALE;-1;-13.19;CLIENTE
2023-10-05;1314;18064;SALE;-11;-42.68;CLIENTE
2023-10-05;1314;48813;SALE;-1;-7.42;CLIENTE
2023-10-06;841;15589;SALE;-1;-24.1;CLIENTE
2023-10-06;841;18064;DELIVERY;4;9;CD 2
2023-10-06;841;18064;SALE;-4;-9;CLIENTE
2023-10-06;841;35416;SALE;-1;-10.74;CLIENTE
2023-10-06;1314;15589;SALE;-1;-29.49;CLIENTE
2023-10-06;1314;18064;SALE;-12;-46.56;CLIENTE
2023-10-06;1314;35416;SALE;-1;-14.92;CLIENTE
2023-10-07;1314;9607;DELIVERY;3;39.57;CD 2
2023-10-07;1314;9607;SALE;-1;-13.19;CLIENTE
2023-10-07;1314;15589;DELIVERY;2;58.98;CD 2
2023-10-07;1314;18064;DELIVERY;18;69.84;CD 2
2023-10-07;1314;18064;SALE;-11;-42.68;CLIENTE
2023-10-07;1314;20635;DELIVERY;1;31.03;CD 2
2023-10-07;1314;21141;SALE;-1;-30.79;CLIENTE
2023-10-07;1314;31330;DELIVERY;1;68.06;CD 2
2023-10-08;1314;15589;SALE;-1;-29.49;CLIENTE
2023-10-08;1314;18064;SALE;-6;-23.28;CLIENTE
2023-10-08;1314;31330;SALE;-1;-68.06;CLIENTE
2023-10-09;841;9607;SALE;-1;-8;CLIENTE
2023-10-09;841;18064;SALE;-3;-6.75;CLIENTE
2023-10-09;1314;5345;DELIVERY;2;16.62;CD 2
2023-10-09;1314;9607;DELIVERY;1;13.19;CD 2
2023-10-09;1314;18064;DELIVERY;19;73.72;CD 2
2023-10-09;1314;18064;SALE;-10;-38.8;CLIENTE
2023-10-10;841;15589;DELIVERY;2;48.18;CD 2
2023-10-10;841;18064;DELIVERY;6;13.5;CD 2
2023-10-10;1314;5345;DELIVERY;1;8.31;CD 2
2023-10-10;1314;5345;SALE;-1;-8.31;CLIENTE
2023-10-10;1314;9607;SALE;-1;-13.19;CLIENTE
2023-10-10;1314;15589;DELIVERY;1;29.49;CD 2
2023-10-10;1314;15589;SALE;-2;-58.98;CLIENTE
2023-10-10;1314;18064;DELIVERY;10;38.8;CD 2
2023-10-10;1314;18064;SALE;-8;-31.04;CLIENTE
2023-10-10;1314;21141;SALE;-1;-30.79;CLIENTE
2023-10-10;1314;31330;SALE;-1;-68.06;CLIENTE
2023-10-11;841;9607;SALE;-1;-8;CLIENTE
2023-10-11;1314;18064;SALE;-11;-42.68;CLIENTE
2023-10-11;1314;36857;SALE;-1;-3.64;CLIENTE
2023-10-12;841;9607;DELIVERY;1;8;CD 2
2023-10-12;841;15589;DELIVERY;1;24.09;CD 2
2023-10-12;841;18064;DELIVERY;17;38.25;CD 2
2023-10-12;841;35416;DELIVERY;1;10.74;CD 2
2023-10-12;841;36857;DELIVERY;1;2.31;CD 2
2023-10-12;1314;9607;SALE;-1;-13.19;CLIENTE
2023-10-12;1314;18064;SALE;-5;-19.4;CLIENTE
2023-10-12;1314;21141;SALE;-1;-30.79;CLIENTE
2023-10-12;1314;35416;SALE;-2;-29.84;CLIENTE
2023-10-12;1314;36857;SALE;-1;-3.64;CLIENTE
2023-10-13;1314;1439;DELIVERY;2;37.84;CD 2
2023-10-13;1314;15589;DELIVERY;3;88.47;CD 2
2023-10-13;1314;18064;DELIVERY;22;85.36;CD 2
2023-10-13;1314;18064;SALE;-8;-31.04;CLIENTE
2023-10-13;1314;21141;DELIVERY;1;30.75;CD 2
2023-10-13;1314;31330;DELIVERY;1;68.06;CD 2
2023-10-13;1314;35416;DELIVERY;3;44.67;CD 2
2023-10-13;1314;36857;DELIVERY;1;3.65;CD 2
2023-10-14;841;5345;SALE;-1;-5.07;CLIENTE
2023-10-14;1314;5345;SALE;-3;-24.93;CLIENTE
2023-10-14;1314;9607;SALE;-1;-13.19;CLIENTE
2023-10-14;1314;18064;SALE;-11;-42.68;CLIENTE
2023-10-14;1314;36857;SALE;-2;-7.3;CLIENTE
2023-10-15;841;9607;DELIVERY;1;8;CD 2
2023-10-15;841;15589;SALE;-1;-24.09;CLIENTE
2023-10-15;841;18064;DELIVERY;3;6.75;CD 2
2023-10-15;841;21141;SALE;-1;-24.99;CLIENTE
2023-10-15;1314;1439;SALE;-1;-18.92;CLIENTE
2023-10-15;1314;18064;SALE;-11;-42.68;CLIENTE
2023-10-16;841;51957;SALE;-1;-5.89;CLIENTE
2023-10-16;1314;15589;DELIVERY;1;29.49;CD 2
2023-10-16;1314;18064;DELIVERY;51;198.39;CD 2
2023-10-16;1314;18064;SALE;-17;-66.13;CLIENTE
2023-10-16;1314;20635;SALE;-1;-31.03;CLIENTE
2023-10-16;1314;21141;DELIVERY;1;30.72;CD 2
2023-10-16;1314;31330;DELIVERY;1;68.06;CD 2
2023-10-17;841;9607;DELIVERY;1;8;CD 2
2023-10-17;841;15589;SALE;-1;-24.09;CLIENTE
2023-10-17;1314;1439;SALE;-1;-18.92;CLIENTE
2023-10-17;1314;9607;SALE;-1;-13.19;CLIENTE
2023-10-17;1314;18064;SALE;-2;-7.78;CLIENTE
2023-10-18;841;18064;SALE;-7;-15.75;CLIENTE
2023-10-18;1314;5345;DELIVERY;1;8.31;CD 2
2023-10-18;1314;9607;DELIVERY;1;13.19;CD 2
2023-10-18;1314;9607;SALE;-1;-13.19;CLIENTE
2023-10-18;1314;15589;DELIVERY;2;58.98;CD 2
2023-10-18;1314;18064;DELIVERY;9;35.01;CD 2
2023-10-18;1314;18064;SALE;-9;-35.01;CLIENTE
2023-10-18;1314;21141;DELIVERY;1;30.69;CD 2
2023-10-18;1314;31330;DELIVERY;1;68;CD 2
2023-10-18;1314;48812;SALE;-1;-9.2;CLIENTE
2023-10-19;841;9607;SALE;-1;-8;CLIENTE
2023-10-19;841;18064;SALE;-1;-2.25;CLIENTE
2023-10-19;841;21141;DELIVERY;1;24.91;CD 2
2023-10-19;841;36857;SALE;-1;-2.31;CLIENTE
2023-10-19;1314;5345;SALE;-1;-8.31;CLIENTE
2023-10-19;1314;18064;SALE;-5;-19.45;CLIENTE
2023-10-19;1314;21141;SALE;-1;-30.69;CLIENTE
2023-10-19;1314;48812;SALE;-1;-9.2;CLIENTE
2023-10-20;1314;9607;DELIVERY;1;13.19;CD 2
2023-10-20;1314;18064;DELIVERY;24;93.36;CD 2
2023-10-20;1314;18064;SALE;-5;-19.45;CLIENTE
2023-10-20;1314;21141;DELIVERY;2;61.3;CD 2
2023-10-20;1314;31330;DELIVERY;2;135.62;CD 2
2023-10-20;1314;35416;DELIVERY;2;29.78;CD 2
2023-10-20;1314;36857;DELIVERY;2;7.32;CD 2
2023-10-20;1314;48813;DELIVERY;1;7.63;CD 2
2023-10-21;841;18064;SALE;-3;-6.75;CLIENTE
2023-10-21;1314;18064;SALE;-10;-38.9;CLIENTE
2023-10-21;1314;21141;SALE;-1;-30.65;CLIENTE
2023-10-22;841;20635;TRANSFER;-1;-23.37;CD 1
2023-10-22;1314;18064;SALE;-2;-7.78;CLIENTE
2023-10-22;1314;44217;SALE;-1;-41.77;CLIENTE
2023-10-23;1314;5345;SALE;-1;-8.31;CLIENTE
2023-10-23;1314;13315;INVENTORY_CHECK;-1;-46.2;OUTROS
2023-10-23;1314;18064;INVENTORY_CHECK;-1;-3.89;OUTROS
2023-10-23;1314;18064;SALE;-10;-38.9;CLIENTE
2023-10-23;1314;44217;DELIVERY;2;83.54;OUTROS
2023-10-23;1314;48812;DELIVERY;1;9.2;OUTROS
2023-10-23;1314;48813;INVENTORY_CHECK;-1;-7.63;OUTROS
2023-10-24;1314;1439;DELIVERY;2;37.84;CD 2
2023-10-24;1314;5345;DELIVERY;3;24.93;CD 2
2023-10-24;1314;9607;DELIVERY;3;39.57;CD 2
2023-10-24;1314;18064;DELIVERY;39;151.71;CD 2
2023-10-24;1314;20635;DELIVERY;1;31.02;CD 2
2023-10-24;1314;36857;DELIVERY;2;7.34;CD 2
2023-10-25;1314;15589;SALE;-1;-29.49;CLIENTE
2023-10-25;1314;15590;SALE;-1;-40.45;CLIENTE
2023-10-25;1314;18064;SALE;-17;-66.13;CLIENTE
2023-10-25;1314;20635;SALE;-2;-62.04;CLIENTE
2023-10-26;841;9607;SALE;-1;-8;CLIENTE
2023-10-26;841;18064;SALE;-1;-2.25;CLIENTE
2023-10-26;1314;9607;SALE;-1;-13.19;CLIENTE
2023-10-26;1314;18064;SALE;-6;-23.34;CLIENTE
2023-10-27;841;9607;DELIVERY;1;8;CD 2
2023-10-27;841;15589;SALE;-1;-24.09;CLIENTE
2023-10-27;1314;18064;SALE;-1;-3.89;CLIENTE
2023-10-27;1314;51957;SALE;-1;-12.47;CLIENTE
2023-10-28;841;9607;DELIVERY;1;8;CD 2
2023-10-28;1314;9607;SALE;-1;-13.19;CLIENTE
2023-10-28;1314;18064;SALE;-9;-35.01;CLIENTE
2023-10-29;841;9607;SALE;-1;-8;CLIENTE
2023-10-29;1314;9607;SALE;-1;-13.19;CLIENTE
2023-10-29;1314;18064;SALE;-9;-35.01;CLIENTE
2023-10-30;841;18064;SALE;-2;-4.5;CLIENTE
2023-10-30;1314;5345;DELIVERY;2;16.62;CD 2
2023-10-30;1314;18064;DELIVERY;20;77.8;CD 2
2023-10-30;1314;18064;SALE;-16;-62.24;CLIENTE
2023-10-30;1314;35416;DELIVERY;2;29.78;CD 2
2023-10-31;841;9607;SALE;-1;-8;CLIENTE
2023-10-31;841;18064;SALE;-1;-2.25;CLIENTE
2023-10-31;1314;5345;SALE;-1;-8.31;CLIENTE
2023-10-31;1314;18064;SALE;-3;-11.67;CLIENTE
2023-10-01;841;18064;SALE;-2;-4.5;CLIENTE
2023-10-01;1314;18064;SALE;-8;-31.04;CLIENTE
2023-10-01;1314;21141;SALE;-2;-61.58;CLIENTE
2023-10-02;841;18064;SALE;-1;-2.25;CLIENTE
2023-10-02;1314;9607;SALE;-1;-13.19;CLIENTE
2023-10-02;1314;18064;DELIVERY;1;3.88;OUTROS
2023-10-02;1314;18064;SALE;-1;-3.88;CLIENTE
2023-10-02;1314;21141;SALE;-1;-30.79;CLIENTE
2023-10-03;1314;5345;DELIVERY;1;8.31;CD 2
2023-10-03;1314;9607;DELIVERY;3;39.57;CD 2
2023-10-03;1314;18064;DELIVERY;27;104.76;CD 2
2023-10-03;1314;18064;SALE;-4;-15.52;CLIENTE
2023-10-03;1314;20635;DELIVERY;1;31.03;CD 2
2023-10-03;1314;48812;DELIVERY;2;18.4;CD 2
2023-10-03;1314;48813;DELIVERY;1;7.42;CD 2
2023-10-04;841;18064;SALE;-2;-4.5;CLIENTE
2023-10-04;1314;5345;DELIVERY;1;8.31;CD 2
2023-10-04;1314;9607;DELIVERY;3;39.57;CD 2
2023-10-04;1314;15589;DELIVERY;1;29.49;CD 2
2023-10-04;1314;15589;SALE;-1;-29.49;CLIENTE
2023-10-04;1314;18064;DELIVERY;15;58.2;CD 2
2023-10-04;1314;18064;SALE;-6;-23.28;CLIENTE
2023-10-04;1314;36857;DELIVERY;1;3.64;CD 2
2023-10-05;841;9607;DELIVERY;1;8;CD 2
2023-10-05;841;15589;DELIVERY;2;48.2;CD 2
2023-10-05;841;18064;DELIVERY;4;9;CD 2
2023-10-05;841;18064;SALE;-4;-9;CLIENTE
2023-10-05;841;36857;SALE;-1;-2.3;CLIENTE
2023-10-05;1314;1439;SALE;-3;-55.47;CLIENTE
2023-10-05;1314;9607;SALE;-1;-13.19;CLIENTE
2023-10-05;1314;18064;SALE;-11;-42.68;CLIENTE
2023-10-05;1314;48813;SALE;-1;-7.42;CLIENTE
2023-10-06;841;15589;SALE;-1;-24.1;CLIENTE
2023-10-06;841;18064;DELIVERY;4;9;CD 2
2023-10-06;841;18064;SALE;-4;-9;CLIENTE
2023-10-06;841;35416;SALE;-1;-10.74;CLIENTE
2023-10-06;1314;15589;SALE;-1;-29.49;CLIENTE
2023-10-06;1314;18064;SALE;-12;-46.56;CLIENTE
2023-10-06;1314;35416;SALE;-1;-14.92;CLIENTE
2023-10-07;1314;9607;DELIVERY;3;39.57;CD 2
2023-10-07;1314;9607;SALE;-1;-13.19;CLIENTE
2023-10-07;1314;15589;DELIVERY;2;58.98;CD 2
2023-10-07;1314;18064;DELIVERY;18;69.84;CD 2
2023-10-07;1314;18064;SALE;-11;-42.68;CLIENTE
2023-10-07;1314;20635;DELIVERY;1;31.03;CD 2
2023-10-07;1314;21141;SALE;-1;-30.79;CLIENTE
2023-10-07;1314;31330;DELIVERY;1;68.06;CD 2
2023-10-08;1314;15589;SALE;-1;-29.49;CLIENTE
2023-10-08;1314;18064;SALE;-6;-23.28;CLIENTE
2023-10-08;1314;31330;SALE;-1;-68.06;CLIENTE
2023-10-09;841;9607;SALE;-1;-8;CLIENTE
2023-10-09;841;18064;SALE;-3;-6.75;CLIENTE
2023-10-09;1314;5345;DELIVERY;2;16.62;CD 2
2023-10-09;1314;9607;DELIVERY;1;13.19;CD 2
2023-10-09;1314;18064;DELIVERY;19;73.72;CD 2
2023-10-09;1314;18064;SALE;-10;-38.8;CLIENTE
2023-10-10;841;15589;DELIVERY;2;48.18;CD 2
2023-10-10;841;18064;DELIVERY;6;13.5;CD 2
2023-10-10;1314;5345;DELIVERY;1;8.31;CD 2
2023-10-10;1314;5345;SALE;-1;-8.31;CLIENTE
2023-10-10;1314;9607;SALE;-1;-13.19;CLIENTE
2023-10-10;1314;15589;DELIVERY;1;29.49;CD 2
2023-10-10;1314;15589;SALE;-2;-58.98;CLIENTE
2023-10-10;1314;18064;DELIVERY;10;38.8;CD 2
2023-10-10;1314;18064;SALE;-8;-31.04;CLIENTE
2023-10-10;1314;21141;SALE;-1;-30.79;CLIENTE
2023-10-10;1314;31330;SALE;-1;-68.06;CLIENTE
2023-10-11;841;9607;SALE;-1;-8;CLIENTE
2023-10-11;1314;18064;SALE;-11;-42.68;CLIENTE
2023-10-11;1314;36857;SALE;-1;-3.64;CLIENTE
2023-10-12;841;9607;DELIVERY;1;8;CD 2
2023-10-12;841;15589;DELIVERY;1;24.09;CD 2
2023-10-12;841;18064;DELIVERY;17;38.25;CD 2
2023-10-12;841;35416;DELIVERY;1;10.74;CD 2
2023-10-12;841;36857;DELIVERY;1;2.31;CD 2
2023-10-12;1314;9607;SALE;-1;-13.19;CLIENTE
2023-10-12;1314;18064;SALE;-5;-19.4;CLIENTE
2023-10-12;1314;21141;SALE;-1;-30.79;CLIENTE
2023-10-12;1314;35416;SALE;-2;-29.84;CLIENTE
2023-10-12;1314;36857;SALE;-1;-3.64;CLIENTE
2023-10-13;1314;1439;DELIVERY;2;37.84;CD 2
2023-10-13;1314;15589;DELIVERY;3;88.47;CD 2
2023-10-13;1314;18064;DELIVERY;22;85.36;CD 2
2023-10-13;1314;18064;SALE;-8;-31.04;CLIENTE
2023-10-13;1314;21141;DELIVERY;1;30.75;CD 2
2023-10-13;1314;31330;DELIVERY;1;68.06;CD 2
2023-10-13;1314;35416;DELIVERY;3;44.67;CD 2
2023-10-13;1314;36857;DELIVERY;1;3.65;CD 2
2023-10-14;841;5345;SALE;-1;-5.07;CLIENTE
2023-10-14;1314;5345;SALE;-3;-24.93;CLIENTE
2023-10-14;1314;9607;SALE;-1;-13.19;CLIENTE
2023-10-14;1314;18064;SALE;-11;-42.68;CLIENTE
2023-10-14;1314;36857;SALE;-2;-7.3;CLIENTE
2023-10-15;841;9607;DELIVERY;1;8;CD 2
2023-10-15;841;15589;SALE;-1;-24.09;CLIENTE
2023-10-15;841;18064;DELIVERY;3;6.75;CD 2
2023-10-15;841;21141;SALE;-1;-24.99;CLIENTE
2023-10-15;1314;1439;SALE;-1;-18.92;CLIENTE
2023-10-15;1314;18064;SALE;-11;-42.68;CLIENTE
2023-10-16;841;51957;SALE;-1;-5.89;CLIENTE
2023-10-16;1314;15589;DELIVERY;1;29.49;CD 2
2023-10-16;1314;18064;DELIVERY;51;198.39;CD 2
2023-10-16;1314;18064;SALE;-17;-66.13;CLIENTE
2023-10-16;1314;20635;SALE;-1;-31.03;CLIENTE
2023-10-16;1314;21141;DELIVERY;1;30.72;CD 2
2023-10-16;1314;31330;DELIVERY;1;68.06;CD 2
2023-10-17;841;9607;DELIVERY;1;8;CD 2
2023-10-17;841;15589;SALE;-1;-24.09;CLIENTE
2023-10-17;1314;1439;SALE;-1;-18.92;CLIENTE
2023-10-17;1314;9607;SALE;-1;-13.19;CLIENTE
2023-10-17;1314;18064;SALE;-2;-7.78;CLIENTE
2023-10-18;841;18064;SALE;-7;-15.75;CLIENTE
2023-10-18;1314;5345;DELIVERY;1;8.31;CD 2
2023-10-18;1314;9607;DELIVERY;1;13.19;CD 2
2023-10-18;1314;9607;SALE;-1;-13.19;CLIENTE
2023-10-18;1314;15589;DELIVERY;2;58.98;CD 2
2023-10-18;1314;18064;DELIVERY;9;35.01;CD 2
2023-10-18;1314;18064;SALE;-9;-35.01;CLIENTE
2023-10-18;1314;21141;DELIVERY;1;30.69;CD 2
2023-10-18;1314;31330;DELIVERY;1;68;CD 2
2023-10-18;1314;48812;SALE;-1;-9.2;CLIENTE
2023-10-19;841;9607;SALE;-1;-8;CLIENTE
2023-10-19;841;18064;SALE;-1;-2.25;CLIENTE
2023-10-19;841;21141;DELIVERY;1;24.91;CD 2
2023-10-19;841;36857;SALE;-1;-2.31;CLIENTE
2023-10-19;1314;5345;SALE;-1;-8.31;CLIENTE
2023-10-19;1314;18064;SALE;-5;-19.45;CLIENTE
2023-10-19;1314;21141;SALE;-1;-30.69;CLIENTE
2023-10-19;1314;48812;SALE;-1;-9.2;CLIENTE
2023-10-20;1314;9607;DELIVERY;1;13.19;CD 2
2023-10-20;1314;18064;DELIVERY;24;93.36;CD 2
2023-10-20;1314;18064;SALE;-5;-19.45;CLIENTE
2023-10-20;1314;21141;DELIVERY;2;61.3;CD 2
2023-10-20;1314;31330;DELIVERY;2;135.62;CD 2
2023-10-20;1314;35416;DELIVERY;2;29.78;CD 2
2023-10-20;1314;36857;DELIVERY;2;7.32;CD 2
2023-10-20;1314;48813;DELIVERY;1;7.63;CD 2
2023-10-21;841;18064;SALE;-3;-6.75;CLIENTE
2023-10-21;1314;18064;SALE;-10;-38.9;CLIENTE
2023-10-21;1314;21141;SALE;-1;-30.65;CLIENTE
2023-10-22;841;20635;TRANSFER;-1;-23.37;CD 1
2023-10-22;1314;18064;SALE;-2;-7.78;CLIENTE
2023-10-22;1314;44217;SALE;-1;-41.77;CLIENTE
2023-10-23;1314;5345;SALE;-1;-8.31;CLIENTE
2023-10-23;1314;13315;INVENTORY_CHECK;-1;-46.2;OUTROS
2023-10-23;1314;18064;INVENTORY_CHECK;-1;-3.89;OUTROS
2023-10-23;1314;18064;SALE;-10;-38.9;CLIENTE
2023-10-23;1314;44217;DELIVERY;2;83.54;OUTROS
2023-10-23;1314;48812;DELIVERY;1;9.2;OUTROS
2023-10-23;1314;48813;INVENTORY_CHECK;-1;-7.63;OUTROS
2023-10-24;1314;1439;DELIVERY;2;37.84;CD 2
2023-10-24;1314;5345;DELIVERY;3;24.93;CD 2
2023-10-24;1314;9607;DELIVERY;3;39.57;CD 2
2023-10-24;1314;18064;DELIVERY;39;151.71;CD 2
2023-10-24;1314;20635;DELIVERY;1;31.02;CD 2
2023-10-24;1314;36857;DELIVERY;2;7.34;CD 2
2023-10-25;1314;15589;SALE;-1;-29.49;CLIENTE
2023-10-25;1314;15590;SALE;-1;-40.45;CLIENTE
2023-10-25;1314;18064;SALE;-17;-66.13;CLIENTE
2023-10-25;1314;20635;SALE;-2;-62.04;CLIENTE
2023-10-26;841;9607;SALE;-1;-8;CLIENTE
2023-10-26;841;18064;SALE;-1;-2.25;CLIENTE
2023-10-26;1314;9607;SALE;-1;-13.19;CLIENTE
2023-10-26;1314;18064;SALE;-6;-23.34;CLIENTE
2023-10-27;841;9607;DELIVERY;1;8;CD 2
2023-10-27;841;15589;SALE;-1;-24.09;CLIENTE
2023-10-27;1314;18064;SALE;-1;-3.89;CLIENTE
2023-10-27;1314;51957;SALE;-1;-12.47;CLIENTE
2023-10-28;841;9607;DELIVERY;1;8;CD 2
2023-10-28;1314;9607;SALE;-1;-13.19;CLIENTE
2023-10-28;1314;18064;SALE;-9;-35.01;CLIENTE
2023-10-29;841;9607;SALE;-1;-8;CLIENTE
2023-10-29;1314;9607;SALE;-1;-13.19;CLIENTE
2023-10-29;1314;18064;SALE;-9;-35.01;CLIENTE
2023-10-30;841;18064;SALE;-2;-4.5;CLIENTE
2023-10-30;1314;5345;DELIVERY;2;16.62;CD 2
2023-10-30;1314;18064;DELIVERY;20;77.8;CD 2
2023-10-30;1314;18064;SALE;-16;-62.24;CLIENTE
2023-10-30;1314;35416;DELIVERY;2;29.78;CD 2
2023-10-31;841;9607;SALE;-1;-8;CLIENTE
2023-10-31;841;18064;SALE;-1;-2.25;CLIENTE
2023-10-31;1314;5345;SALE;-1;-8.31;CLIENTE
2023-10-31;1314;18064;SALE;-3;-11.67;CLIENTE
2023-11-01;841;18064;SALE;-2;-4.5;CLIENTE
2023-11-01;1314;15589;DELIVERY;1;29.49;CD 2
2023-11-01;1314;18064;DELIVERY;17;66.13;CD 2
2023-11-01;1314;18064;SALE;-5;-19.45;CLIENTE
2023-11-01;1314;20635;DELIVERY;2;61.98;CD 2
2023-11-02;1314;15589;SALE;-1;-29.49;CLIENTE
2023-11-02;1314;18064;SALE;-5;-19.45;CLIENTE
2023-11-03;841;5345;SALE;-1;-5.07;CLIENTE
2023-11-03;1314;9607;DELIVERY;1;13.19;CD 2
2023-11-03;1314;15590;DELIVERY;1;40.45;CD 2
2023-11-03;1314;18064;DELIVERY;7;27.23;CD 2
2023-11-03;1314;18064;SALE;-10;-38.9;CLIENTE
2023-11-03;1314;51957;DELIVERY;1;12.56;CD 2
2023-11-04;841;9607;DELIVERY;2;16.16;CD 2
2023-11-04;841;18064;DELIVERY;2;4.5;CD 2
2023-11-04;841;18064;SALE;-4;-9;CLIENTE
2023-11-04;1314;18064;SALE;-25;-97.25;CLIENTE
2023-11-05;841;18064;SALE;-1;-2.25;CLIENTE
2023-11-05;1314;5345;SALE;-1;-8.31;CLIENTE
2023-11-05;1314;9607;SALE;-3;-39.57;CLIENTE
2023-11-05;1314;18064;SALE;-11;-42.79;CLIENTE
2023-11-05;1314;20635;SALE;-1;-30.99;CLIENTE
2023-11-06;1314;1439;SALE;-1;-18.92;CLIENTE
2023-11-06;1314;18064;SALE;-12;-46.68;CLIENTE
2023-11-06;1314;36857;SALE;-1;-3.67;CLIENTE
2023-11-07;841;18064;SALE;-2;-4.5;CLIENTE
2023-11-07;1314;5345;SALE;-1;-8.31;CLIENTE
2023-11-07;1314;9607;DELIVERY;2;26.44;CD 2
2023-11-07;1314;9607;SALE;-1;-13.22;CLIENTE
2023-11-07;1314;15589;SALE;-1;-29.49;CLIENTE
2023-11-07;1314;18064;DELIVERY;34;132.26;CD 2
2023-11-07;1314;18064;SALE;-3;-11.67;CLIENTE
2023-11-08;841;21141;SALE;-1;-24.91;CLIENTE
2023-11-08;1314;15589;SALE;-1;-29.49;CLIENTE
2023-11-08;1314;18064;SALE;-2;-7.78;CLIENTE
2023-11-08;1314;20635;SALE;-1;-30.99;CLIENTE
2023-11-08;1314;35416;SALE;-1;-14.89;CLIENTE
2023-11-08;1314;36857;SALE;-3;-11.01;CLIENTE
2023-11-09;841;18064;DELIVERY;3;6.75;CD 2
2023-11-09;841;18064;SALE;-1;-2.25;CLIENTE
2023-11-09;1314;5345;DELIVERY;1;8.32;CD 2
2023-11-09;1314;9607;SALE;-2;-26.44;CLIENTE
2023-11-09;1314;18064;SALE;-7;-27.23;CLIENTE
2023-11-09;1314;21141;SALE;-1;-30.65;CLIENTE
2023-11-09;1314;36857;SALE;-1;-3.67;CLIENTE
2023-11-09;1314;44217;SALE;-1;-41.77;CLIENTE
2023-11-10;841;18064;DELIVERY;2;4.5;CD 2
2023-11-10;841;18064;SALE;-2;-4.5;CLIENTE
2023-11-10;1314;1439;DELIVERY;4;75.12;CD 2
2023-11-10;1314;5345;SALE;-1;-8.32;CLIENTE
2023-11-10;1314;13315;SALE;-1;-46.2;CLIENTE
2023-11-10;1314;18064;SALE;-2;-7.78;CLIENTE
2023-11-11;1314;15589;SALE;-2;-58.98;CLIENTE
2023-11-11;1314;18064;SALE;-11;-42.79;CLIENTE
2023-11-11;1314;48813;SALE;-1;-7.63;CLIENTE
2023-11-12;1314;9607;SALE;-1;-13.22;CLIENTE
2023-11-12;1314;18064;SALE;-13;-50.57;CLIENTE
2023-11-12;1314;36857;SALE;-1;-3.67;CLIENTE
2023-11-13;841;9607;SALE;-1;-8.08;CLIENTE
2023-11-13;841;18064;DELIVERY;1;2.25;CD 2
2023-11-13;841;18064;SALE;-2;-4.5;CLIENTE
2023-11-13;841;21141;DELIVERY;1;24.86;CD 2
2023-11-13;1314;1439;DELIVERY;1;18.77;CD 2
2023-11-13;1314;5345;DELIVERY;1;8.33;CD 2
2023-11-13;1314;5345;SALE;-1;-8.33;CLIENTE
2023-11-13;1314;9607;DELIVERY;3;39.78;CD 2
2023-11-13;1314;9607;SALE;-4;-53.04;CLIENTE
2023-11-13;1314;15589;SALE;-1;-29.49;CLIENTE
2023-11-13;1314;18064;DELIVERY;34;132.26;CD 2
2023-11-13;1314;18064;SALE;-5;-19.45;CLIENTE
2023-11-14;841;18064;SALE;-1;-2.25;CLIENTE
2023-11-14;1314;18064;SALE;-6;-23.34;CLIENTE
2023-11-15;841;18064;DELIVERY;2;4.5;CD 2
2023-11-15;1314;15589;SALE;-1;-29.49;CLIENTE
2023-11-15;1314;18064;SALE;-8;-31.12;CLIENTE
2023-11-15;1314;20635;SALE;-1;-30.99;CLIENTE
2023-11-15;1314;35416;SALE;-1;-14.89;CLIENTE
2023-11-16;841;15589;SALE;-1;-24.09;CLIENTE
2023-11-16;841;18064;SALE;-4;-9;CLIENTE
2023-11-16;1314;5345;DELIVERY;1;8.34;CD 2
2023-11-16;1314;5345;SALE;-1;-8.34;CLIENTE
2023-11-16;1314;9607;DELIVERY;1;13.27;CD 2
2023-11-16;1314;9607;SALE;-1;-13.27;CLIENTE
2023-11-16;1314;15589;SALE;-1;-29.49;CLIENTE
2023-11-16;1314;18064;DELIVERY;4;15.56;CD 2
2023-11-16;1314;18064;SALE;-8;-31.12;CLIENTE
2023-11-16;1314;21141;SALE;-1;-30.65;CLIENTE
2023-11-17;841;18064;SALE;-4;-9;CLIENTE
2023-11-17;1314;5345;DELIVERY;1;8.35;CD 2
2023-11-17;1314;9607;DELIVERY;2;26.58;CD 2
2023-11-17;1314;9607;SALE;-1;-13.29;CLIENTE
2023-11-17;1314;18064;DELIVERY;10;38.9;CD 2
2023-11-17;1314;18064;SALE;-9;-35.01;CLIENTE
2023-11-17;1314;20635;SALE;-1;-30.99;CLIENTE
2023-11-17;1314;21141;SALE;-1;-30.65;CLIENTE
2023-11-17;1314;36857;DELIVERY;1;3.67;CD 2
2023-11-18;841;36857;SALE;-1;-2.31;CLIENTE
2023-11-18;1314;18064;SALE;-9;-35.01;CLIENTE
2023-11-18;1314;36857;SALE;-1;-3.67;CLIENTE
2023-11-19;1314;18064;SALE;-7;-27.23;CLIENTE
2023-11-20;841;9607;DELIVERY;1;8.11;CD 2
2023-11-20;841;18064;DELIVERY;3;6.75;CD 2
2023-11-20;1314;18064;SALE;-8;-31.12;CLIENTE
2023-11-20;1314;35416;SALE;-1;-14.89;CLIENTE
2023-11-21;1314;15589;DELIVERY;1;29.49;CD 2
2023-11-21;1314;18064;DELIVERY;14;54.46;CD 2
2023-11-21;1314;18064;SALE;-10;-38.9;CLIENTE
2023-11-21;1314;35416;SALE;-1;-14.89;CLIENTE
2023-11-22;841;18064;DELIVERY;8;18;CD 2
2023-11-22;841;18064;SALE;-1;-2.25;CLIENTE
2023-11-22;841;57814;DELIVERY;3;356.28;CD 2
2023-11-22;841;57816;DELIVERY;3;142.5;CD 2
2023-11-22;1314;5345;DELIVERY;1;8.36;CD 2
2023-11-22;1314;9607;DELIVERY;5;66.65;CD 2
2023-11-22;1314;9607;SALE;-1;-13.33;CLIENTE
2023-11-22;1314;15589;DELIVERY;2;58.98;CD 2
2023-11-22;1314;18064;DELIVERY;29;112.81;CD 2
2023-11-22;1314;18064;SALE;-13;-50.57;CLIENTE
2023-11-22;1314;36857;DELIVERY;1;3.67;CD 2
2023-11-22;1314;48813;DELIVERY;1;7.84;CD 2
2023-11-23;841;18064;SALE;-1;-2.25;CLIENTE
2023-11-23;1314;13315;SALE;-1;-46.2;CLIENTE
2023-11-23;1314;18064;SALE;-5;-19.45;CLIENTE
2023-11-23;1314;20635;SALE;-1;-30.99;CLIENTE
2023-11-24;841;18064;SALE;-1;-2.25;CLIENTE
2023-11-24;1314;5345;DELIVERY;1;8.37;CD 2
2023-11-24;1314;9607;DELIVERY;2;26.68;CD 2
2023-11-24;1314;15589;DELIVERY;1;29.49;CD 2
2023-11-24;1314;18064;DELIVERY;17;66.13;CD 2
2023-11-24;1314;18064;SALE;-5;-19.45;CLIENTE
2023-11-24;1314;20635;DELIVERY;1;30.96;CD 2
2023-11-24;1314;31330;SALE;-1;-67.81;CLIENTE
2023-11-24;1314;57814;DELIVERY;1;158.32;CD 2
2023-11-24;1314;57816;DELIVERY;2;126.64;CD 2
2023-11-24;1314;57817;DELIVERY;1;95;CD 2
2023-11-25;1314;18064;SALE;-11;-42.79;CLIENTE
2023-11-26;841;18064;SALE;-2;-4.5;CLIENTE
2023-11-26;1314;5345;SALE;-2;-16.74;CLIENTE
2023-11-26;1314;9607;SALE;-2;-26.68;CLIENTE
2023-11-26;1314;18064;SALE;-10;-38.9;CLIENTE
2023-11-26;1314;35416;SALE;-1;-14.89;CLIENTE
2023-11-27;841;18064;SALE;-1;-2.25;CLIENTE
2023-11-27;1314;18064;DELIVERY;24;93.36;CD 2
2023-11-27;1314;18064;SALE;-3;-11.67;CLIENTE
2023-11-27;1314;20635;SALE;-1;-30.96;CLIENTE
2023-11-27;1314;36857;DELIVERY;1;3.67;CD 2
2023-11-28;841;18064;SALE;-1;-2.25;CLIENTE
2023-11-28;1314;9607;DELIVERY;1;13.34;CD 2
2023-11-28;1314;9607;SALE;-1;-13.34;CLIENTE
2023-11-28;1314;15589;DELIVERY;5;147.45;CD 2
2023-11-28;1314;18064;DELIVERY;14;54.46;CD 2
2023-11-28;1314;18064;SALE;-4;-15.56;CLIENTE
2023-11-28;1314;35416;DELIVERY;1;14.89;CD 2
2023-11-28;1314;36857;DELIVERY;1;3.67;CD 2
2023-11-28;1314;48812;DELIVERY;1;9.92;CD 2
2023-11-29;841;18064;SALE;-1;-2.25;CLIENTE
2023-11-29;1314;5345;SALE;-1;-8.37;CLIENTE
2023-11-29;1314;18064;SALE;-6;-23.34;CLIENTE
2023-11-29;1314;36857;SALE;-1;-3.67;CLIENTE
2023-11-30;841;15590;SALE;-1;-31.08;CLIENTE
2023-11-30;841;21141;SALE;-1;-24.86;CLIENTE
2023-11-30;1314;1439;SALE;-1;-18.77;CLIENTE
2023-11-30;1314;9607;SALE;-1;-13.34;CLIENTE
2023-11-30;1314;18064;SALE;-2;-7.78;CLIENTE
2023-11-30;1314;21141;SALE;-1;-30.65;CLIENTE
2024-10-01;841;5345;DELIVERY;2;11.24;CD 2
2024-10-01;841;9607;DELIVERY;5;45.05;CD 2
2024-10-01;841;15589;DELIVERY;1;25.71;CD 2
2024-10-01;841;18064;DELIVERY;8;20.48;CD 2
2024-10-01;841;18064;SALE;-6;-15.36;CLIENTE
2024-10-01;841;57814;DELIVERY;5;547.5;CD 2
2024-10-01;1314;5345;SALE;-1;-8.99;CLIENTE
2024-10-01;1314;18064;SALE;-14;-59.78;CLIENTE
2024-10-01;1314;21141;SALE;-1;-31.79;CLIENTE
2024-10-01;1314;35772;SALE;-1;-16.98;CLIENTE
2024-10-02;841;15589;SALE;-1;-25.71;CLIENTE
2024-10-02;841;18064;SALE;-6;-15.36;CLIENTE
2024-10-02;1314;18064;DELIVERY;15;64.05;CD 2
2024-10-02;1314;18064;SALE;-23;-98.21;CLIENTE
2024-10-02;1314;20635;SALE;-1;-30.98;CLIENTE
2024-10-02;1314;21141;SALE;-1;-31.79;CLIENTE
2024-10-02;1314;36857;DELIVERY;1;3.93;CD 2
2024-10-02;1314;57814;DELIVERY;1;150.83;CD 2
2024-10-02;1314;57816;DELIVERY;1;60.33;CD 2
2024-10-03;841;9607;DELIVERY;1;9.01;CD 2
2024-10-03;841;15589;SALE;-1;-25.71;CLIENTE
2024-10-03;841;21141;DELIVERY;2;51.86;CD 2
2024-10-03;1314;9607;SALE;-1;-14.37;CLIENTE
2024-10-03;1314;18064;DELIVERY;13;55.51;CD 2
2024-10-03;1314;18064;SALE;-5;-21.35;CLIENTE
2024-10-03;1314;44217;DELIVERY;1;42.99;CD 2
2024-10-03;1314;57816;DELIVERY;1;60.33;CD 2
2024-10-04;841;18064;SALE;-2;-5.12;CLIENTE
2024-10-04;1314;9607;SALE;-1;-14.37;CLIENTE
2024-10-04;1314;18064;SALE;-14;-59.78;CLIENTE
2024-10-04;1314;21141;SALE;-2;-63.58;CLIENTE
2024-10-05;841;18064;SALE;-7;-17.92;CLIENTE
2024-10-05;1314;1439;SALE;-1;-18.97;CLIENTE
2024-10-05;1314;18064;SALE;-16;-68.48;CLIENTE
2024-10-06;841;15589;DELIVERY;1;25.79;CD 2
2024-10-06;841;18064;DELIVERY;22;56.32;CD 2
2024-10-06;841;18064;SALE;-2;-5.12;CLIENTE
2024-10-06;841;57817;DELIVERY;1;65.71;CD 2
2024-10-06;1314;5345;DELIVERY;1;8.99;CD 2
2024-10-06;1314;9607;DELIVERY;8;115.12;CD 2
2024-10-06;1314;18064;DELIVERY;29;124.12;CD 2
2024-10-06;1314;18064;SALE;-8;-34.24;CLIENTE
2024-10-06;1314;20635;DELIVERY;1;31;CD 2
2024-10-06;1314;20635;SALE;-1;-31;CLIENTE
2024-10-06;1314;21141;DELIVERY;2;63.58;CD 2
2024-10-06;1314;48812;DELIVERY;1;8.98;CD 2
2024-10-06;1314;48813;DELIVERY;2;17.96;CD 2
2024-10-07;841;48813;SALE;-1;-7.34;CLIENTE
2024-10-07;1314;5345;SALE;-1;-8.99;CLIENTE
2024-10-07;1314;18064;SALE;-25;-107;CLIENTE
2024-10-07;1314;20635;SALE;-1;-31.02;CLIENTE
2024-10-07;1314;21141;SALE;-1;-31.79;CLIENTE
2024-10-08;841;18064;SALE;-5;-12.8;CLIENTE
2024-10-08;1314;5345;DELIVERY;1;8.99;CD 2
2024-10-08;1314;18064;DELIVERY;35;149.8;CD 2
2024-10-08;1314;18064;SALE;-24;-102.72;CLIENTE
2024-10-08;1314;20635;DELIVERY;1;31.02;CD 2
2024-10-08;1314;21141;DELIVERY;2;63.58;CD 2
2024-10-08;1314;31330;DELIVERY;1;67.71;CD 2
2024-10-08;1314;35772;DELIVERY;1;16.98;CD 2
2024-10-09;841;18064;SALE;-4;-10.24;CLIENTE
2024-10-09;1314;1439;SALE;-2;-37.94;CLIENTE
2024-10-09;1314;9607;SALE;-1;-14.39;CLIENTE
2024-10-09;1314;13315;SALE;-1;-46.69;CLIENTE
2024-10-09;1314;18064;SALE;-6;-25.68;CLIENTE
2024-10-09;1314;21141;SALE;-1;-31.79;CLIENTE
2024-10-10;1314;1439;SALE;-1;-18.97;CLIENTE
2024-10-10;1314;9607;SALE;-1;-14.39;CLIENTE
2024-10-10;1314;18064;SALE;-13;-55.64;CLIENTE
2024-10-10;1314;20635;SALE;-1;-31.02;CLIENTE
2024-10-10;1314;21141;SALE;-1;-31.79;CLIENTE
2024-10-11;841;21141;SALE;-1;-25.93;CLIENTE
2024-10-11;841;57816;SALE;-1;-43.8;CLIENTE
2024-10-11;1314;5345;DELIVERY;2;17.98;CD 2
2024-10-11;1314;9607;DELIVERY;4;57.56;CD 2
2024-10-11;1314;9607;SALE;-1;-14.39;CLIENTE
2024-10-11;1314;18064;DELIVERY;17;72.76;CD 2
2024-10-11;1314;18064;SALE;-14;-59.92;CLIENTE
2024-10-11;1314;21141;DELIVERY;8;254.32;CD 2
2024-10-11;1314;31330;DELIVERY;1;67.71;CD 2
2024-10-11;1314;44217;DELIVERY;1;42.99;CD 2
2024-10-11;1314;48812;DELIVERY;2;17.96;CD 2
2024-10-11;1314;48813;DELIVERY;4;35.92;CD 2
2024-10-12;841;1439;SALE;-2;-30.96;CLIENTE
2024-10-12;1314;1439;DELIVERY;1;18.98;CD 2
2024-10-12;1314;5345;DELIVERY;1;8.99;CD 2
2024-10-12;1314;18064;DELIVERY;60;256.8;CD 2
2024-10-12;1314;18064;SALE;-7;-29.96;CLIENTE
2024-10-12;1314;21141;DELIVERY;1;31.79;CD 2
2024-10-12;1314;21141;SALE;-1;-31.79;CLIENTE
2024-10-12;1314;35416;SALE;-1;-15.34;CLIENTE
2024-10-13;841;5345;SALE;-1;-5.62;CLIENTE
2024-10-13;1314;15589;SALE;-1;-31.69;CLIENTE
2024-10-13;1314;18064;SALE;-6;-25.68;CLIENTE
2024-10-13;1314;20635;SALE;-2;-62.04;CLIENTE
2024-10-13;1314;21141;SALE;-1;-31.79;CLIENTE
2024-10-13;1314;36857;SALE;-1;-3.93;CLIENTE
2024-10-14;1314;20635;SALE;-1;-31.02;CLIENTE
2024-10-14;1314;36857;SALE;-4;-15.72;CLIENTE
2024-10-15;841;15589;SALE;-1;-25.79;CLIENTE
2024-10-15;841;18064;DELIVERY;20;51.2;CD 2
2024-10-15;841;48813;DELIVERY;1;7.42;CD 2
2024-10-15;1314;9607;SALE;-2;-28.78;CLIENTE
2024-10-15;1314;15589;SALE;-1;-31.69;CLIENTE
2024-10-15;1314;18064;SALE;-10;-42.8;CLIENTE
2024-10-15;1314;21141;SALE;-1;-31.79;CLIENTE
2024-10-16;841;15589;SALE;-1;-25.79;CLIENTE
2024-10-16;1314;9607;SALE;-1;-14.39;CLIENTE
2024-10-16;1314;18064;SALE;-11;-47.08;CLIENTE
2024-10-16;1314;51957;SALE;-1;-14.66;CLIENTE
2024-10-17;841;1439;DELIVERY;1;15.49;CD 2
2024-10-17;841;5345;DELIVERY;1;5.62;CD 2
2024-10-17;841;18064;SALE;-4;-10.24;CLIENTE
2024-10-17;841;21141;DELIVERY;1;25.93;CD 2
2024-10-17;841;57912;SPOILAGE;-1;-8.79;OUTROS
2024-10-17;1314;1439;DELIVERY;2;37.98;CD 2
2024-10-17;1314;1439;SALE;-1;-18.99;CLIENTE
2024-10-17;1314;5345;SALE;-1;-8.99;CLIENTE
2024-10-17;1314;9607;DELIVERY;1;14.39;CD 2
2024-10-17;1314;18064;DELIVERY;27;115.56;CD 2
2024-10-17;1314;18064;SALE;-6;-25.68;CLIENTE
2024-10-17;1314;20635;SALE;-1;-31.02;CLIENTE
2024-10-17;1314;21141;DELIVERY;1;31.79;CD 2
2024-10-17;1314;36857;SALE;-1;-3.93;CLIENTE
2024-10-17;1314;58701;SPOILAGE;-1;-58.35;OUTROS
2024-10-18;841;18064;SALE;-1;-2.56;CLIENTE
2024-10-18;1314;18064;SALE;-15;-64.2;CLIENTE
2024-10-19;841;15589;DELIVERY;1;25.88;CD 2
2024-10-19;1314;1439;DELIVERY;1;18.99;CD 2
2024-10-19;1314;9607;DELIVERY;2;28.76;CD 2
2024-10-19;1314;9607;SALE;-2;-28.76;CLIENTE
2024-10-19;1314;13315;DELIVERY;1;46.61;CD 2
2024-10-19;1314;18064;DELIVERY;60;256.8;CD 2
2024-10-19;1314;18064;SALE;-3;-12.84;CLIENTE
2024-10-19;1314;20635;DELIVERY;3;91.47;CD 2
2024-10-19;1314;21141;DELIVERY;3;95.37;CD 2
2024-10-19;1314;35416;DELIVERY;1;15.37;CD 2
2024-10-19;1314;36857;DELIVERY;1;3.94;CD 2
2024-10-19;1314;44217;DELIVERY;1;43.03;CD 2
2024-10-20;841;21141;SALE;-1;-25.93;CLIENTE
2024-10-20;1314;18064;SALE;-13;-55.64;CLIENTE
2024-10-20;1314;36857;DELIVERY;4;15.8;CD 2
2024-10-21;841;5345;SALE;-1;-5.62;CLIENTE
2024-10-21;841;9607;SALE;-1;-9.01;CLIENTE
2024-10-21;1314;18064;SALE;-8;-34.24;CLIENTE
2024-10-21;1314;20635;SALE;-1;-30.39;CLIENTE
2024-10-22;841;15590;SALE;-1;-32.69;CLIENTE
2024-10-22;1314;9607;DELIVERY;3;43.11;CD 2
2024-10-22;1314;9607;SALE;-2;-28.74;CLIENTE
2024-10-22;1314;15589;DELIVERY;1;31.71;CD 2
2024-10-22;1314;18064;DELIVERY;9;38.52;CD 2
2024-10-22;1314;18064;SALE;-12;-51.36;CLIENTE
2024-10-22;1314;20635;DELIVERY;1;30.39;CD 2
2024-10-22;1314;21141;DELIVERY;1;31.79;CD 2
2024-10-22;1314;51957;DELIVERY;1;14.95;CD 2
2024-10-23;841;1439;DELIVERY;2;30.98;CD 2
2024-10-23;841;15589;DELIVERY;1;25.93;CD 2
2024-10-23;841;57912;DELIVERY;1;8.79;CD 2
2024-10-23;1314;18064;SALE;-1;-4.28;CLIENTE
2024-10-23;1314;48813;SALE;-2;-17.96;CLIENTE
2024-10-24;1314;1439;DELIVERY;3;56.97;CD 2
2024-10-24;1314;13315;DELIVERY;1;46.58;CD 2
2024-10-24;1314;18064;DELIVERY;13;55.64;CD 2
2024-10-24;1314;18064;SALE;-8;-34.24;CLIENTE
2024-10-24;1314;20635;SALE;-1;-30.39;CLIENTE
2024-10-24;1314;21141;SALE;-2;-63.58;CLIENTE
2024-10-24;1314;36857;DELIVERY;1;3.95;CD 2
2024-10-25;841;5345;DELIVERY;1;5.62;CD 2
2024-10-25;841;5345;SALE;-1;-5.62;CLIENTE
2024-10-25;841;9607;DELIVERY;1;9;CD 2
2024-10-25;841;15589;SALE;-1;-25.93;CLIENTE
2024-10-25;841;18064;SALE;-1;-2.56;CLIENTE
2024-10-25;1314;18064;SALE;-14;-59.92;CLIENTE
2024-10-25;1314;21141;SALE;-1;-31.79;CLIENTE
2024-10-25;1314;58701;DELIVERY;1;58.35;OUTROS
2024-10-25;1314;58701;SPOILAGE;-1;-58.35;CD 1
2024-10-26;841;18064;SALE;-1;-2.56;CLIENTE
2024-10-26;1314;9607;SALE;-1;-14.37;CLIENTE
2024-10-26;1314;18064;DELIVERY;24;102.72;CD 2
2024-10-26;1314;18064;SALE;-6;-25.68;CLIENTE
2024-10-26;1314;20635;DELIVERY;1;30.29;CD 2
2024-10-27;841;9607;SALE;-1;-9;CLIENTE
2024-10-27;841;21141;SALE;-1;-25.93;CLIENTE
2024-10-27;1314;5345;SALE;-1;-8.99;CLIENTE
2024-10-27;1314;9607;SALE;-2;-28.74;CLIENTE
2024-10-27;1314;18064;SALE;-16;-68.48;CLIENTE
2024-10-27;1314;20635;SALE;-1;-30.29;CLIENTE
2024-10-28;841;18064;SALE;-1;-2.56;CLIENTE
2024-10-28;1314;18064;SALE;-9;-38.52;CLIENTE
2024-10-28;1314;31330;SALE;-1;-67.71;CLIENTE
2024-10-28;1314;36857;SALE;-1;-3.95;CLIENTE
2024-10-29;841;57912;DELIVERY;1;8.79;OUTROS
2024-10-29;841;57912;SPOILAGE;-1;-8.79;CD 1
2024-10-29;1314;18064;DELIVERY;13;55.64;CD 2
2024-10-29;1314;18064;SALE;-4;-17.12;CLIENTE
2024-10-29;1314;21141;SALE;-1;-31.79;CLIENTE
2024-10-29;1314;31330;SALE;-1;-67.71;CLIENTE
2024-10-29;1314;35772;SALE;-1;-16.98;CLIENTE
2024-10-30;841;5345;DELIVERY;1;5.62;CD 2
2024-10-30;841;9607;DELIVERY;1;8.99;CD 2
2024-10-30;841;15589;DELIVERY;1;25.97;CD 2
2024-10-30;841;21141;DELIVERY;1;25.93;CD 2
2024-10-30;1314;18064;SALE;-9;-38.52;CLIENTE
2024-10-31;841;9607;SALE;-1;-8.99;CLIENTE
2024-10-31;841;57814;SALE;-1;-109.5;CLIENTE
2024-10-31;1314;18064;SALE;-5;-21.4;CLIENTE
2024-10-31;1314;44217;SALE;-1;-43.03;CLIENTE
2024-11-01;841;18064;SALE;-1;-2.56;CLIENTE
2024-11-01;1314;15589;SALE;-1;-31.71;CLIENTE
2024-11-01;1314;18064;DELIVERY;22;94.16;CD 2
2024-11-01;1314;18064;SALE;-16;-68.48;CLIENTE
2024-11-01;1314;20635;DELIVERY;1;30.2;CD 2
2024-11-01;1314;21141;DELIVERY;1;31.79;CD 2
2024-11-02;841;18064;SALE;-1;-2.56;CLIENTE
2024-11-02;841;21141;SALE;-1;-25.93;CLIENTE
2024-11-02;841;57814;DELIVERY;1;109.5;OUTROS
2024-11-02;1314;9607;SALE;-1;-14.37;CLIENTE
2024-11-02;1314;15589;SALE;-1;-31.71;CLIENTE
2024-11-02;1314;18064;SALE;-6;-25.68;CLIENTE
2024-11-03;841;15589;SALE;-1;-25.97;CLIENTE
2024-11-03;841;18064;SALE;-3;-7.68;CLIENTE
2024-11-03;1314;9607;SALE;-2;-28.74;CLIENTE
2024-11-03;1314;18064;SALE;-4;-17.12;CLIENTE
2024-11-03;1314;20635;SALE;-1;-30.2;CLIENTE
2024-11-03;1314;36857;SALE;-2;-7.9;CLIENTE
2024-11-04;841;1439;DELIVERY;1;15.49;CD 2
2024-11-04;841;9607;DELIVERY;1;8.98;CD 2
2024-11-04;841;18064;SALE;-1;-2.56;CLIENTE
2024-11-04;841;57814;DELIVERY;1;109.5;CD 2
2024-11-04;1314;9607;SALE;-1;-14.37;CLIENTE
2024-11-04;1314;18064;SALE;-5;-21.4;CLIENTE
2024-11-04;1314;20635;SALE;-1;-30.2;CLIENTE
2024-11-04;1314;21141;SALE;-1;-31.79;CLIENTE
2024-11-05;841;15589;DELIVERY;1;26;CD 2
2024-11-05;841;18064;SALE;-2;-5.12;CLIENTE
2024-11-05;841;21141;DELIVERY;1;25.93;CD 2
2024-11-05;1314;18064;DELIVERY;60;256.8;CD 2
2024-11-05;1314;18064;SALE;-7;-29.96;CLIENTE
2024-11-05;1314;20635;DELIVERY;1;30.11;CD 2
2024-11-05;1314;20635;SALE;-1;-30.11;CLIENTE
2024-11-05;1314;21141;SALE;-1;-31.79;CLIENTE
2024-11-05;1314;31330;DELIVERY;1;66.29;CD 2
2024-11-05;1314;48812;SALE;-1;-8.98;CLIENTE
2024-11-06;841;18064;SALE;-2;-5.12;CLIENTE
2024-11-06;1314;9607;SALE;-2;-28.74;CLIENTE
2024-11-06;1314;13315;SALE;-2;-93.16;CLIENTE
2024-11-06;1314;18064;SALE;-10;-42.8;CLIENTE
2024-11-07;841;42076;SALE;-1;-8.14;CLIENTE
2024-11-07;841;58701;SALE;-1;-45.39;CLIENTE
2024-11-07;1314;18064;SALE;-13;-55.64;CLIENTE
2024-11-07;1314;21141;DELIVERY;1;31.79;CD 2
2024-11-07;1314;31330;DELIVERY;1;65.82;CD 2
2024-11-07;1314;35772;DELIVERY;1;16.95;CD 2
2024-11-07;1314;35772;SALE;-1;-16.95;CLIENTE
2024-11-07;1314;36857;DELIVERY;1;3.95;CD 2
2024-11-08;1314;9607;DELIVERY;1;14.36;CD 2
2024-11-08;1314;15589;DELIVERY;1;31.74;CD 2
2024-11-08;1314;18064;DELIVERY;3;12.84;CD 2
2024-11-08;1314;18064;SALE;-2;-8.56;CLIENTE
2024-11-08;1314;20635;DELIVERY;1;30.04;CD 2
2024-11-08;1314;21141;DELIVERY;5;158.95;CD 2
2024-11-08;1314;31330;DELIVERY;2;130.88;CD 2
2024-11-08;1314;35772;SALE;-2;-33.9;CLIENTE
2024-11-09;841;9607;SALE;-2;-17.96;CLIENTE
2024-11-09;1314;9607;DELIVERY;4;57.4;CD 2
2024-11-09;1314;15589;DELIVERY;1;31.76;CD 2
2024-11-09;1314;18064;DELIVERY;16;68.48;CD 2
2024-11-09;1314;18064;SALE;-10;-42.8;CLIENTE
2024-11-09;1314;20635;DELIVERY;2;59.88;CD 2
2024-11-09;1314;20635;SALE;-2;-59.88;CLIENTE
2024-11-09;1314;21141;DELIVERY;1;31.79;CD 2
2024-11-09;1314;36857;DELIVERY;1;3.95;CD 2
2024-11-10;841;18064;SALE;-1;-2.56;CLIENTE
2024-11-10;1314;18064;SALE;-7;-29.96;CLIENTE
2024-11-11;841;18064;SALE;-1;-2.56;CLIENTE
2024-11-11;841;21141;SALE;-1;-25.93;CLIENTE
2024-11-11;841;36857;SALE;-1;-2.47;CLIENTE
2024-11-11;841;62782;SPOILAGE;-1;-7.55;OUTROS
2024-11-11;1314;18064;SALE;-8;-34.24;CLIENTE
2024-11-11;1314;20635;SALE;-1;-29.94;CLIENTE
2024-11-12;841;62782;DELIVERY;1;7.55;OUTROS
2024-11-12;841;62782;SPOILAGE;-1;-7.55;CD 1
2024-11-12;1314;5345;SALE;-1;-8.99;CLIENTE
2024-11-12;1314;9607;DELIVERY;2;28.7;CD 2
2024-11-12;1314;9607;SALE;-1;-14.35;CLIENTE
2024-11-12;1314;13315;DELIVERY;1;46.56;CD 2
2024-11-12;1314;18064;DELIVERY;18;77.04;CD 2
2024-11-12;1314;18064;SALE;-14;-59.92;CLIENTE
2024-11-12;1314;20635;DELIVERY;1;29.89;CD 2
2024-11-12;1314;20635;SALE;-1;-29.89;CLIENTE
2024-11-12;1314;21141;DELIVERY;1;31.79;CD 2
2024-11-13;1314;9607;SALE;-1;-14.35;CLIENTE
2024-11-13;1314;15589;SALE;-1;-31.76;CLIENTE
2024-11-13;1314;18064;SALE;-8;-34.24;CLIENTE
2024-11-13;1314;21141;SALE;-2;-63.58;CLIENTE
2024-11-14;841;9607;DELIVERY;2;17.94;CD 2
2024-11-14;1314;18064;INVENTORY_CHECK;-2;-8.56;OUTROS
2024-11-14;1314;18064;SALE;-11;-47.08;CLIENTE
2024-11-14;1314;21141;INVENTORY_CHECK;-1;-31.79;OUTROS
2024-11-14;1314;58701;DELIVERY;1;58.35;OUTROS
2024-11-15;841;18064;SALE;-1;-2.56;CLIENTE
2024-11-15;841;20635;SALE;-1;-24.74;CLIENTE
2024-11-15;1314;18064;DELIVERY;14;59.92;CD 2
2024-11-15;1314;18064;SALE;-5;-21.4;CLIENTE
2024-11-15;1314;31330;SALE;-1;-65.44;CLIENTE
2024-11-15;1314;35772;DELIVERY;3;50.55;CD 2
2024-11-16;1314;18064;SALE;-8;-34.24;CLIENTE
2024-11-16;1314;20635;SALE;-1;-29.89;CLIENTE
2024-11-17;841;21141;DELIVERY;1;25.93;CD 2
2024-11-17;841;62782;DELIVERY;1;7.84;CD 2
2024-11-17;1314;9607;SALE;-1;-14.35;CLIENTE
2024-11-17;1314;18064;SALE;-7;-29.96;CLIENTE
2024-11-17;1314;48813;SALE;-1;-8.98;CLIENTE
2024-11-18;1314;18064;SALE;-4;-17.12;CLIENTE
2024-11-18;1314;20635;SALE;-1;-29.89;CLIENTE
2024-11-19;841;9607;SALE;-1;-8.97;CLIENTE
2024-11-19;841;18064;SALE;-3;-7.68;CLIENTE
2024-11-19;841;35772;SALE;-1;-12.52;CLIENTE
2024-11-19;841;48812;SALE;-1;-7.61;CLIENTE
2024-11-19;1314;18064;DELIVERY;23;98.44;CD 2
2024-11-19;1314;18064;SALE;-10;-42.8;CLIENTE
2024-11-19;1314;20635;DELIVERY;3;89.31;CD 2
2024-11-19;1314;21141;SALE;-1;-31.79;CLIENTE
2024-11-19;1314;35772;SALE;-1;-16.85;CLIENTE
2024-11-19;1314;76834;DELIVERY;1;5.22;OUTROS
2024-11-19;1314;76834;SALE;-1;-5.22;CLIENTE
2024-11-20;841;18064;SALE;-1;-2.56;CLIENTE
2024-11-20;1314;9607;DELIVERY;2;28.7;CD 2
2024-11-20;1314;15589;DELIVERY;1;31.78;CD 2
2024-11-20;1314;18064;DELIVERY;60;256.8;CD 2
2024-11-20;1314;18064;SALE;-10;-42.8;CLIENTE
2024-11-20;1314;20635;DELIVERY;1;29.75;CD 2
2024-11-20;1314;21141;DELIVERY;2;63.58;CD 2
2024-11-20;1314;21141;SALE;-1;-31.79;CLIENTE
2024-11-21;841;18064;SALE;-1;-2.56;CLIENTE
2024-11-21;841;35772;SALE;-1;-12.52;CLIENTE
2024-11-21;841;36857;SALE;-2;-4.94;CLIENTE
2024-11-21;1314;15589;SALE;-2;-63.56;CLIENTE
2024-11-21;1314;18064;SALE;-6;-25.68;CLIENTE
2024-11-22;841;18064;SALE;-1;-2.56;CLIENTE
2024-11-22;1314;13315;DELIVERY;2;93.1;CD 2
2024-11-22;1314;18064;DELIVERY;5;21.4;CD 2
2024-11-22;1314;18064;SALE;-7;-29.96;CLIENTE
2024-11-22;1314;20635;DELIVERY;1;29.73;CD 2
2024-11-22;1314;48812;SALE;-1;-8.98;CLIENTE
2024-11-23;841;9607;DELIVERY;1;8.97;CD 2
2024-11-23;841;9607;SALE;-1;-8.97;CLIENTE
2024-11-23;841;48812;DELIVERY;1;7.49;CD 2
2024-11-23;1314;9607;SALE;-1;-14.35;CLIENTE
2024-11-23;1314;18064;DELIVERY;19;81.32;CD 2
2024-11-23;1314;18064;SALE;-6;-25.68;CLIENTE
2024-11-23;1314;20635;DELIVERY;2;59.42;CD 2
2024-11-24;841;5345;SALE;-1;-5.62;CLIENTE
2024-11-24;841;18064;SALE;-4;-10.24;CLIENTE
2024-11-24;841;36857;DELIVERY;2;5.18;CD 2
2024-11-24;1314;18064;SALE;-5;-21.4;CLIENTE
2024-11-24;1314;20635;SALE;-1;-29.71;CLIENTE
2024-11-24;1314;21141;SALE;-2;-63.58;CLIENTE
2024-11-25;1314;13315;SALE;-1;-46.55;CLIENTE
2024-11-25;1314;18064;SALE;-6;-25.68;CLIENTE
2024-11-25;1314;21141;DELIVERY;1;31.79;OUTROS
2024-11-25;1314;31330;SALE;-1;-65.44;CLIENTE
2024-11-25;1314;35416;DELIVERY;1;15.37;OUTROS
2024-11-26;841;18064;SALE;-1;-2.56;CLIENTE
2024-11-26;1314;9607;SALE;-1;-14.35;CLIENTE
2024-11-26;1314;18064;DELIVERY;20;85.6;CD 2
2024-11-26;1314;18064;SALE;-13;-55.64;CLIENTE
2024-11-26;1314;21141;SALE;-1;-31.79;CLIENTE
2024-11-26;1314;35772;DELIVERY;1;16.84;CD 2
2024-11-27;841;5345;DELIVERY;1;5.62;CD 2
2024-11-27;841;9607;DELIVERY;1;8.97;CD 2
2024-11-27;841;18064;SALE;-2;-5.12;CLIENTE
2024-11-27;841;35772;DELIVERY;2;25.28;CD 2
2024-11-27;1314;9607;SALE;-1;-14.35;CLIENTE
2024-11-27;1314;15589;SALE;-1;-31.78;CLIENTE
2024-11-27;1314;18064;SALE;-4;-17.12;CLIENTE
2024-11-27;1314;20635;SALE;-1;-29.71;CLIENTE
2024-11-27;1314;36857;SALE;-1;-3.95;CLIENTE
2024-11-28;841;20635;SALE;-1;-24.74;CLIENTE
2024-11-28;841;36857;SALE;-2;-5.18;CLIENTE
2024-11-28;1314;15589;DELIVERY;2;63.64;CD 2
2024-11-28;1314;18064;DELIVERY;9;38.52;CD 2
2024-11-28;1314;18064;SALE;-8;-34.24;CLIENTE
2024-11-28;1314;48812;DELIVERY;1;8.98;CD 2
2024-11-28;1314;48812;SALE;-1;-8.98;CLIENTE
2024-11-29;841;18064;SALE;-2;-5.12;CLIENTE
2024-11-29;1314;18064;SALE;-11;-47.08;CLIENTE
2024-11-29;1314;21141;SALE;-2;-63.58;CLIENTE
2024-11-30;1314;18064;SALE;-16;-68.48;CLIENTE
2024-11-30;1314;20635;SALE;-1;-29.71;CLIENTE
2024-12-01;841;18064;DELIVERY;60;154.2;CD 2
2024-12-01;841;18064;SALE;-1;-2.57;CLIENTE
2024-12-01;841;20635;DELIVERY;2;47;CD 2
2024-12-01;841;36857;DELIVERY;2;5.2;CD 2
2024-12-01;1314;9607;DELIVERY;1;14.35;CD 2
2024-12-01;1314;9607;SALE;-1;-14.35;CLIENTE
2024-12-01;1314;13315;DELIVERY;1;46.55;CD 2
2024-12-01;1314;18064;DELIVERY;20;85.6;CD 2
2024-12-01;1314;18064;SALE;-7;-29.96;CLIENTE
2024-12-01;1314;20635;DELIVERY;1;29.7;CD 2
2024-12-01;1314;31330;DELIVERY;1;65.3;CD 2
2024-12-02;841;48813;SALE;-1;-7.42;CLIENTE
2024-12-02;1314;18064;SALE;-10;-42.8;CLIENTE
2024-12-03;1314;9607;DELIVERY;2;28.7;CD 2
2024-12-03;1314;9607;SALE;-3;-43.05;CLIENTE
2024-12-03;1314;15589;DELIVERY;1;31.83;CD 2
2024-12-03;1314;18064;DELIVERY;18;77.04;CD 2
2024-12-03;1314;18064;SALE;-7;-29.96;CLIENTE
2024-12-03;1314;20635;DELIVERY;1;29.69;CD 2
2024-12-03;1314;35416;SALE;-1;-15.37;CLIENTE
2024-12-03;1314;36857;DELIVERY;1;3.95;CD 2
2024-12-03;1314;48813;SALE;-1;-8.98;CLIENTE
2024-12-04;841;18064;SALE;-1;-2.57;CLIENTE
2024-12-04;1314;15589;SALE;-1;-31.83;CLIENTE
2024-12-04;1314;18064;SALE;-12;-51.36;CLIENTE
2024-12-04;1314;20635;SALE;-1;-29.69;CLIENTE
2024-12-05;1314;13315;DELIVERY;1;46.55;CD 2
2024-12-05;1314;15589;SALE;-1;-31.83;CLIENTE
2024-12-05;1314;18064;SALE;-7;-29.96;CLIENTE
2024-12-05;1314;21141;DELIVERY;3;95.37;CD 2
2024-12-05;1314;31330;SALE;-1;-65.3;CLIENTE
2024-12-05;1314;48812;DELIVERY;2;17.96;CD 2
2024-12-06;841;9607;SALE;-1;-8.97;CLIENTE
2024-12-06;841;18064;SALE;-2;-5.14;CLIENTE
2024-12-06;841;36857;DELIVERY;1;2.6;CD 2
2024-12-06;841;48813;DELIVERY;1;7.46;CD 2
2024-12-06;1314;18064;SALE;-1;-4.28;CLIENTE
2024-12-06;1314;48813;SALE;-1;-8.98;CLIENTE
2024-12-07;841;18064;SALE;-2;-5.14;CLIENTE
2024-12-07;1314;9607;SALE;-1;-14.35;CLIENTE
2024-12-07;1314;18064;DELIVERY;60;256.8;CD 2
2024-12-07;1314;18064;SALE;-13;-55.64;CLIENTE
2024-12-07;1314;20635;SALE;-1;-29.69;CLIENTE
2024-12-07;1314;21141;DELIVERY;1;31.79;CD 2
2024-12-07;1314;21141;SALE;-1;-31.79;CLIENTE
2024-12-08;841;18064;SALE;-1;-2.57;CLIENTE
2024-12-08;841;36857;SALE;-1;-2.6;CLIENTE
2024-12-08;841;57816;SALE;-2;-87.6;CLIENTE
2024-12-08;1314;5345;SALE;-3;-26.97;CLIENTE
2024-12-08;1314;18064;SALE;-10;-42.8;CLIENTE
2024-12-08;1314;36857;SALE;-1;-3.95;CLIENTE
2024-12-08;1314;58701;SALE;-1;-58.35;CLIENTE
2024-12-09;841;18064;SALE;-3;-7.71;CLIENTE
2024-12-09;841;21141;DELIVERY;1;25.93;CD 2
2024-12-09;1314;9607;DELIVERY;3;43.02;CD 2
2024-12-09;1314;9607;SALE;-1;-14.34;CLIENTE
2024-12-09;1314;13315;SALE;-1;-46.55;CLIENTE
2024-12-09;1314;15589;DELIVERY;1;31.84;CD 2
2024-12-09;1314;18064;SALE;-4;-17.12;CLIENTE
2024-12-09;1314;20635;DELIVERY;3;89.01;CD 2
2024-12-09;1314;21141;SALE;-1;-31.79;CLIENTE
2024-12-10;841;18064;SALE;-1;-2.57;CLIENTE
2024-12-10;841;57817;SALE;-1;-65.71;CLIENTE
2024-12-10;1314;18064;SALE;-4;-17.12;CLIENTE
2024-12-10;1314;21141;SALE;-1;-31.79;CLIENTE
2024-12-11;841;5345;SALE;-1;-5.62;CLIENTE
2024-12-11;841;9607;DELIVERY;1;8.97;CD 2
2024-12-11;841;18064;SALE;-1;-2.57;CLIENTE
2024-12-11;841;36857;DELIVERY;1;2.6;CD 2
2024-12-11;841;57816;DELIVERY;2;87.6;CD 2
2024-12-11;1314;9607;SALE;-1;-14.34;CLIENTE
2024-12-11;1314;18064;SALE;-14;-59.92;CLIENTE
2024-12-11;1314;31330;DELIVERY;1;65.3;OUTROS
2024-12-12;841;9607;SALE;-1;-8.97;CLIENTE
2024-12-12;841;18064;SALE;-1;-2.57;CLIENTE
2024-12-12;841;21141;SALE;-1;-25.93;CLIENTE
2024-12-12;1314;1439;SALE;-1;-18.99;CLIENTE
2024-12-12;1314;15589;DELIVERY;1;31.85;CD 2
2024-12-12;1314;18064;SALE;-13;-55.64;CLIENTE
2024-12-12;1314;31330;DELIVERY;1;65.22;CD 2
2024-12-13;841;18064;SALE;-1;-2.57;CLIENTE
2024-12-13;1314;9607;SALE;-1;-14.34;CLIENTE
2024-12-13;1314;18064;SALE;-14;-59.92;CLIENTE
2024-12-14;1314;18064;SALE;-16;-68.48;CLIENTE
2024-12-14;1314;31330;DELIVERY;1;65.22;OUTROS
2024-12-14;1314;36857;SALE;-1;-3.95;CLIENTE
2024-12-15;841;18064;SALE;-2;-5.14;CLIENTE
2024-12-15;1314;9607;DELIVERY;2;28.68;CD 2
2024-12-15;1314;9607;SALE;-1;-14.34;CLIENTE
2024-12-15;1314;13315;DELIVERY;1;46.55;CD 2
2024-12-15;1314;18064;DELIVERY;23;98.44;CD 2
2024-12-15;1314;18064;SALE;-8;-34.24;CLIENTE
2024-12-15;1314;21141;DELIVERY;2;63.58;CD 2
2024-12-15;1314;36857;DELIVERY;1;3.95;CD 2
2024-12-15;1314;36857;SALE;-1;-3.95;CLIENTE
2024-12-16;1314;18064;SALE;-9;-38.52;CLIENTE
2024-12-16;1314;21141;SALE;-1;-31.79;CLIENTE
2024-12-16;1314;36857;SALE;-1;-3.95;CLIENTE
2024-12-16;1314;48813;SALE;-1;-8.98;CLIENTE
2024-12-17;841;15589;SALE;-1;-26;CLIENTE
2024-12-17;841;18064;INVENTORY_CHECK;-1;-2.57;OUTROS
2024-12-17;841;57814;SALE;-1;-109.5;CLIENTE
2024-12-17;1314;9607;SALE;-2;-28.68;CLIENTE
2024-12-17;1314;15589;SALE;-1;-31.85;CLIENTE
2024-12-17;1314;18064;SALE;-8;-34.24;CLIENTE
2024-12-17;1314;36857;SALE;-1;-3.95;CLIENTE
2024-12-18;841;5345;DELIVERY;1;5.62;CD 2
2024-12-18;841;9607;DELIVERY;1;8.97;CD 2
2024-12-18;841;9607;SALE;-1;-8.97;CLIENTE
2024-12-18;841;21141;DELIVERY;1;25.93;CD 2
2024-12-18;841;57817;DELIVERY;1;65.71;CD 2
2024-12-18;1314;9607;DELIVERY;1;14.34;CD 2
2024-12-18;1314;18064;DELIVERY;17;72.76;CD 2
2024-12-18;1314;18064;SALE;-10;-42.8;CLIENTE
2024-12-18;1314;20635;SALE;-1;-29.67;CLIENTE
2024-12-18;1314;21141;DELIVERY;1;31.79;CD 2
2024-12-18;1314;21141;SALE;-1;-31.79;CLIENTE
2024-12-18;1314;35416;TRANSFER;-2;-30.74;CD 1
2024-12-19;841;18064;SALE;-1;-2.57;CLIENTE
2024-12-19;841;35416;SALE;-1;-11.13;CLIENTE
2024-12-19;1314;5345;DELIVERY;2;17.96;CD 2
2024-12-19;1314;15589;SALE;-1;-31.85;CLIENTE
2024-12-19;1314;18064;DELIVERY;21;89.88;CD 2
2024-12-19;1314;18064;SALE;-3;-12.84;CLIENTE
2024-12-19;1314;48813;DELIVERY;1;8.98;CD 2
2024-12-20;841;5345;SALE;-1;-5.62;CLIENTE
2024-12-20;841;15589;DELIVERY;1;26.02;CD 2
2024-12-20;841;18064;SALE;-7;-17.99;CLIENTE
2024-12-20;1314;9607;SALE;-1;-14.34;CLIENTE
2024-12-20;1314;18064;SALE;-8;-34.24;CLIENTE
2024-12-21;841;18064;SALE;-1;-2.57;CLIENTE
2024-12-21;841;57814;SALE;-1;-109.5;CLIENTE
2024-12-21;1314;9607;DELIVERY;2;28.68;CD 2
2024-12-21;1314;13315;SALE;-1;-46.55;CLIENTE
2024-12-21;1314;18064;DELIVERY;60;256.8;CD 2
2024-12-21;1314;18064;SALE;-8;-34.24;CLIENTE
2024-12-21;1314;48812;SALE;-1;-8.98;CLIENTE
2024-12-21;1314;48813;DELIVERY;1;8.98;CD 2
2024-12-22;841;9607;SALE;-1;-8.97;CLIENTE
2024-12-22;841;18064;SALE;-2;-5.14;CLIENTE
2024-12-22;1314;5345;SALE;-1;-8.98;CLIENTE
2024-12-22;1314;15589;SALE;-3;-95.55;CLIENTE
2024-12-22;1314;18064;SALE;-5;-21.4;CLIENTE
2024-12-22;1314;21141;SALE;-2;-63.58;CLIENTE
2024-12-23;841;18064;SALE;-3;-7.71;CLIENTE
2024-12-23;841;57814;SALE;-3;-328.5;CLIENTE
2024-12-23;1314;1439;SALE;-1;-18.99;CLIENTE
2024-12-23;1314;9607;DELIVERY;2;28.68;CD 2
2024-12-23;1314;15589;DELIVERY;1;31.87;CD 2
2024-12-23;1314;18064;SALE;-5;-21.4;CLIENTE
2024-12-23;1314;21141;DELIVERY;1;31.79;CD 2
2024-12-23;1314;21141;SALE;-1;-31.79;CLIENTE
2024-12-23;1314;36857;DELIVERY;1;3.95;CD 2
2024-12-23;1314;36857;SALE;-1;-3.95;CLIENTE
2024-12-24;1314;9607;SALE;-4;-57.36;CLIENTE
2024-12-24;1314;18064;SALE;-7;-29.96;CLIENTE
2024-12-25;841;9607;DELIVERY;1;8.97;CD 2
2024-12-25;841;18064;SALE;-1;-2.57;CLIENTE
2024-12-25;841;21141;SALE;-1;-25.93;CLIENTE
2024-12-25;841;35416;DELIVERY;1;11.26;CD 2
2024-12-25;1314;18064;SALE;-10;-42.8;CLIENTE
2024-12-26;841;18064;SALE;-1;-2.57;CLIENTE
2024-12-26;841;21141;SALE;-1;-25.93;CLIENTE
2024-12-26;1314;9607;SALE;-1;-14.34;CLIENTE
2024-12-26;1314;18064;SALE;-15;-64.2;CLIENTE
2024-12-26;1314;20635;SALE;-1;-29.67;CLIENTE
2024-12-26;1314;48813;SALE;-1;-8.98;CLIENTE
2024-12-27;841;18064;SALE;-1;-2.57;CLIENTE
2024-12-27;841;57814;SALE;-2;-219;CLIENTE
2024-12-27;1314;9607;DELIVERY;1;14.34;CD 2
2024-12-27;1314;15589;DELIVERY;1;31.88;CD 2
2024-12-27;1314;18064;DELIVERY;4;17.12;CD 2
2024-12-27;1314;18064;SALE;-12;-51.36;CLIENTE
2024-12-27;1314;20635;DELIVERY;1;29.66;CD 2
2024-12-28;841;1439;SALE;-1;-15.49;CLIENTE
2024-12-28;841;18064;SALE;-1;-2.57;CLIENTE
2024-12-28;841;57816;SALE;-2;-87.6;CLIENTE
2024-12-28;1314;1439;SALE;-1;-18.99;CLIENTE
2024-12-28;1314;9607;SALE;-1;-14.34;CLIENTE
2024-12-28;1314;15589;SALE;-1;-31.88;CLIENTE
2024-12-28;1314;18064;SALE;-10;-42.8;CLIENTE
2024-12-28;1314;21141;SALE;-1;-31.79;CLIENTE
2024-12-28;1314;35416;SALE;-1;-15.37;CLIENTE
2024-12-29;841;18064;SALE;-1;-2.57;CLIENTE
2024-12-29;841;21141;DELIVERY;2;51.86;CD 2
2024-12-29;841;21141;SALE;-1;-25.93;CLIENTE
2024-12-29;841;57814;SALE;-1;-109.5;CLIENTE
2024-12-29;841;62782;SALE;-1;-7.84;CLIENTE
2024-12-29;1314;18064;SALE;-8;-34.24;CLIENTE
2024-12-29;1314;36857;SALE;-1;-3.95;CLIENTE
2024-12-30;841;21141;SALE;-1;-25.93;CLIENTE
2024-12-30;1314;5345;DELIVERY;1;8.98;CD 2
2024-12-30;1314;9607;SALE;-1;-14.34;CLIENTE
2024-12-30;1314;13315;DELIVERY;1;46.55;CD 2
2024-12-30;1314;15589;DELIVERY;3;95.7;CD 2
2024-12-30;1314;18064;DELIVERY;19;81.32;CD 2
2024-12-30;1314;18064;SALE;-13;-55.64;CLIENTE
2024-12-30;1314;20635;SALE;-1;-29.66;CLIENTE
2024-12-30;1314;21141;DELIVERY;3;95.37;CD 2
2024-12-30;1314;36857;DELIVERY;1;3.96;CD 2
2024-12-31;841;5345;SALE;-1;-5.62;CLIENTE
2024-12-31;1314;5345;SALE;-2;-17.96;CLIENTE
2024-12-31;1314;9607;SALE;-2;-28.68;CLIENTE
2024-12-31;1314;18064;SALE;-11;-47.08;CLIENTE
