horizon_name,date,location,location_name,product,product_name,supplier,is_promo,campaign_type,promo_uplift,lead_time_days,purchase_price,sales_price,cost_of_ordering,minimum_delivery_batch,forecast_demand,forecast_std,observed_demand,corrected_observed_demand,actual_balance,actual_balance_value,actual_stockout_flag,mode
test_q4_2024,2024-10-01,1314,LOJA 1314,13315,BROMELIN SUSP 100ML,33104,0,,1.0,9.0,54.34,66.14,46.54,1.0,0.0,0.1873,0.0,0.0,2.0,93.38,0,static
test_q4_2024,2024-10-02,1314,LOJA 1314,13315,BROMELIN SUSP 100ML,33104,0,,1.0,9.0,54.34,66.14,46.54,1.0,0.0,0.1873,0.0,0.0,2.0,93.38,0,static
test_q4_2024,2024-10-03,1314,LOJA 1314,13315,BROMELIN SUSP 100ML,33104,0,,1.0,9.0,54.34,66.14,46.54,1.0,0.0,0.1873,0.0,0.0,2.0,93.38,0,static
test_q4_2024,2024-10-04,1314,LOJA 1314,13315,BROMELIN SUSP 100ML,33104,0,,1.0,9.0,54.34,66.14,46.54,1.0,0.0,0.1873,0.0,0.0,2.0,93.38,0,static
test_q4_2024,2024-10-05,1314,LOJA 1314,13315,BROMELIN SUSP 100ML,33104,0,,1.0,9.0,54.34,66.14,46.54,1.0,0.0437,0.1873,0.0,0.0,2.0,93.38,0,static
test_q4_2024,2024-10-06,1314,LOJA 1314,13315,BROMELIN SUSP 100ML,33104,0,,1.0,9.0,54.34,66.14,46.54,1.0,0.0437,0.1873,0.0,0.0,,,0,static
test_q4_2024,2024-10-07,1314,LOJA 1314,13315,BROMELIN SUSP 100ML,33104,0,,1.0,9.0,54.34,66.14,46.54,1.0,0.0,0.1873,0.0,0.0,2.0,93.38,0,static
test_q4_2024,2024-10-08,1314,LOJA 1314,13315,BROMELIN SUSP 100ML,33104,0,,1.0,9.0,54.34,66.14,46.54,1.0,0.0,0.1873,0.0,0.0,2.0,93.38,0,static
test_q4_2024,2024-10-09,1314,LOJA 1314,13315,BROMELIN SUSP 100ML,33104,0,,1.0,9.0,54.34,66.14,46.54,1.0,0.0,0.1873,1.0,1.0,2.0,93.38,0,static
test_q4_2024,2024-10-10,1314,LOJA 1314,13315,BROMELIN SUSP 100ML,33104,0,,1.0,9.0,54.34,66.14,46.54,1.0,0.0,0.1873,0.0,0.0,1.0,46.69,0,static
test_q4_2024,2024-10-11,1314,LOJA 1314,13315,BROMELIN SUSP 100ML,33104,0,,1.0,9.0,54.34,66.14,46.54,1.0,0.0,0.1873,0.0,0.0,1.0,46.69,0,static
test_q4_2024,2024-10-12,1314,LOJA 1314,13315,BROMELIN SUSP 100ML,33104,0,,1.0,9.0,54.34,66.14,46.54,1.0,0.0437,0.1873,0.0,0.0,1.0,46.69,0,static
test_q4_2024,2024-10-13,1314,LOJA 1314,13315,BROMELIN SUSP 100ML,33104,0,,1.0,9.0,54.34,66.14,46.54,1.0,0.0437,0.1873,0.0,0.0,,,0,static
test_q4_2024,2024-10-14,1314,LOJA 1314,13315,BROMELIN SUSP 100ML,33104,0,,1.0,9.0,54.34,66.14,46.54,1.0,0.0,0.1873,0.0,0.0,1.0,46.69,0,static
test_q4_2024,2024-10-15,1314,LOJA 1314,13315,BROMELIN SUSP 100ML,33104,0,,1.0,9.0,54.34,66.14,46.54,1.0,0.0,0.1873,0.0,0.0,1.0,46.69,0,static
test_q4_2024,2024-10-16,1314,LOJA 1314,13315,BROMELIN SUSP 100ML,33104,0,,1.0,9.0,54.34,66.14,46.54,1.0,0.0,0.1873,0.0,0.0,1.0,46.69,0,static
test_q4_2024,2024-10-17,1314,LOJA 1314,13315,BROMELIN SUSP 100ML,33104,0,,1.0,9.0,54.34,66.14,46.54,1.0,0.0,0.1873,0.0,0.0,1.0,46.69,0,static
test_q4_2024,2024-10-18,1314,LOJA 1314,13315,BROMELIN SUSP 100ML,33104,0,,1.0,9.0,54.34,66.14,46.54,1.0,0.0,0.1873,0.0,0.0,1.0,46.69,0,static
test_q4_2024,2024-10-19,1314,LOJA 1314,13315,BROMELIN SUSP 100ML,33104,0,,1.0,9.0,54.34,66.14,46.54,1.0,0.0437,0.1873,0.0,0.0,2.0,93.22,0,static
test_q4_2024,2024-10-20,1314,LOJA 1314,13315,BROMELIN SUSP 100ML,33104,0,,1.0,9.0,54.34,66.14,46.54,1.0,0.0437,0.1873,0.0,0.0,,,0,static
test_q4_2024,2024-10-21,1314,LOJA 1314,13315,BROMELIN SUSP 100ML,33104,0,,1.0,9.0,54.34,66.14,46.54,1.0,0.0,0.1873,0.0,0.0,2.0,93.22,0,static
test_q4_2024,2024-10-22,1314,LOJA 1314,13315,BROMELIN SUSP 100ML,33104,0,,1.0,9.0,54.34,66.14,46.54,1.0,0.0,0.1873,0.0,0.0,2.0,93.22,0,static
test_q4_2024,2024-10-23,1314,LOJA 1314,13315,BROMELIN SUSP 100ML,33104,0,,1.0,9.0,54.34,66.14,46.54,1.0,0.0,0.1873,0.0,0.0,2.0,93.22,0,static
test_q4_2024,2024-10-24,1314,LOJA 1314,13315,BROMELIN SUSP 100ML,33104,0,,1.0,9.0,54.34,66.14,46.54,1.0,0.0,0.1873,0.0,0.0,3.0,139.74,0,static
test_q4_2024,2024-10-25,1314,LOJA 1314,13315,BROMELIN SUSP 100ML,33104,0,,1.0,9.0,54.34,66.14,46.54,1.0,0.0,0.1873,0.0,0.0,3.0,139.74,0,static
test_q4_2024,2024-10-26,1314,LOJA 1314,13315,BROMELIN SUSP 100ML,33104,0,,1.0,9.0,54.34,66.14,46.54,1.0,0.0437,0.1873,0.0,0.0,3.0,139.74,0,static
test_q4_2024,2024-10-27,1314,LOJA 1314,13315,BROMELIN SUSP 100ML,33104,0,,1.0,9.0,54.34,66.14,46.54,1.0,0.0437,0.1873,0.0,0.0,,,0,static
test_q4_2024,2024-10-28,1314,LOJA 1314,13315,BROMELIN SUSP 100ML,33104,0,,1.0,9.0,54.34,66.14,46.54,1.0,0.0,0.1873,0.0,0.0,3.0,139.74,0,static
test_q4_2024,2024-10-29,1314,LOJA 1314,13315,BROMELIN SUSP 100ML,33104,0,,1.0,9.0,54.34,66.14,46.54,1.0,0.0,0.1873,0.0,0.0,3.0,139.74,0,static
test_q4_2024,2024-10-30,1314,LOJA 1314,13315,BROMELIN SUSP 100ML,33104,0,,1.0,9.0,54.34,66.14,46.54,1.0,0.0,0.1873,0.0,0.0,3.0,139.74,0,static
test_q4_2024,2024-10-31,1314,LOJA 1314,13315,BROMELIN SUSP 100ML,33104,0,,1.0,9.0,54.34,66.14,46.54,1.0,0.0,0.1873,0.0,0.0,3.0,139.74,0,static
test_q4_2024,2024-11-01,1314,LOJA 1314,13315,BROMELIN SUSP 100ML,33104,0,,1.0,9.0,54.34,66.14,46.54,1.0,0.0,0.1873,0.0,0.0,3.0,139.74,0,static
test_q4_2024,2024-11-02,1314,LOJA 1314,13315,BROMELIN SUSP 100ML,33104,0,,1.0,9.0,54.34,66.14,46.54,1.0,0.0571,0.1873,0.0,0.0,3.0,139.74,0,static
test_q4_2024,2024-11-03,1314,LOJA 1314,13315,BROMELIN SUSP 100ML,33104,0,,1.0,9.0,54.34,66.14,46.54,1.0,0.0571,0.1873,0.0,0.0,,,0,static
test_q4_2024,2024-11-04,1314,LOJA 1314,13315,BROMELIN SUSP 100ML,33104,0,,1.0,9.0,54.34,66.14,46.54,1.0,0.0133,0.1873,0.0,0.0,3.0,139.74,0,static
test_q4_2024,2024-11-05,1314,LOJA 1314,13315,BROMELIN SUSP 100ML,33104,0,,1.0,9.0,54.34,66.14,46.54,1.0,0.0133,0.1873,0.0,0.0,3.0,139.74,0,static
test_q4_2024,2024-11-06,1314,LOJA 1314,13315,BROMELIN SUSP 100ML,33104,0,,1.0,9.0,54.34,66.14,46.54,1.0,0.0133,0.1873,2.0,2.0,3.0,139.74,0,static
test_q4_2024,2024-11-07,1314,LOJA 1314,13315,BROMELIN SUSP 100ML,33104,0,,1.0,9.0,54.34,66.14,46.54,1.0,0.0133,0.1873,0.0,0.0,1.0,46.58,0,static
test_q4_2024,2024-11-08,1314,LOJA 1314,13315,BROMELIN SUSP 100ML,33104,0,,1.0,9.0,54.34,66.14,46.54,1.0,0.0133,0.1873,0.0,0.0,1.0,46.58,0,static
test_q4_2024,2024-11-09,1314,LOJA 1314,13315,BROMELIN SUSP 100ML,33104,0,,1.0,9.0,54.34,66.14,46.54,1.0,0.0571,0.1873,0.0,0.0,1.0,46.58,0,static
test_q4_2024,2024-11-10,1314,LOJA 1314,13315,BROMELIN SUSP 100ML,33104,0,,1.0,9.0,54.34,66.14,46.54,1.0,0.0571,0.1873,0.0,0.0,,,0,static
test_q4_2024,2024-11-11,1314,LOJA 1314,13315,BROMELIN SUSP 100ML,33104,0,,1.0,9.0,54.34,66.14,46.54,1.0,0.0133,0.1873,0.0,0.0,1.0,46.58,0,static
test_q4_2024,2024-11-12,1314,LOJA 1314,13315,BROMELIN SUSP 100ML,33104,0,,1.0,9.0,54.34,66.14,46.54,1.0,0.0133,0.1873,0.0,0.0,2.0,93.12,0,static
test_q4_2024,2024-11-13,1314,LOJA 1314,13315,BROMELIN SUSP 100ML,33104,0,,1.0,9.0,54.34,66.14,46.54,1.0,0.0133,0.1873,0.0,0.0,2.0,93.12,0,static
test_q4_2024,2024-11-14,1314,LOJA 1314,13315,BROMELIN SUSP 100ML,33104,0,,1.0,9.0,54.34,66.14,46.54,1.0,0.0133,0.1873,0.0,0.0,2.0,93.12,0,static
test_q4_2024,2024-11-15,1314,LOJA 1314,13315,BROMELIN SUSP 100ML,33104,0,,1.0,9.0,54.34,66.14,46.54,1.0,0.0267,0.1873,0.0,0.0,2.0,93.12,0,static
test_q4_2024,2024-11-16,1314,LOJA 1314,13315,BROMELIN SUSP 100ML,33104,0,,1.0,9.0,54.34,66.14,46.54,1.0,0.0704,0.1873,0.0,0.0,2.0,93.12,0,static
test_q4_2024,2024-11-17,1314,LOJA 1314,13315,BROMELIN SUSP 100ML,33104,0,,1.0,9.0,54.34,66.14,46.54,1.0,0.0571,0.1873,0.0,0.0,,,0,static
test_q4_2024,2024-11-18,1314,LOJA 1314,13315,BROMELIN SUSP 100ML,33104,0,,1.0,9.0,54.34,66.14,46.54,1.0,0.0133,0.1873,0.0,0.0,2.0,93.12,0,static
test_q4_2024,2024-11-19,1314,LOJA 1314,13315,BROMELIN SUSP 100ML,33104,0,,1.0,9.0,54.34,66.14,46.54,1.0,0.0133,0.1873,0.0,0.0,2.0,93.12,0,static
test_q4_2024,2024-11-20,1314,LOJA 1314,13315,BROMELIN SUSP 100ML,33104,0,,1.0,9.0,54.34,66.14,46.54,1.0,0.0133,0.1873,0.0,0.0,2.0,93.12,0,static
test_q4_2024,2024-11-21,1314,LOJA 1314,13315,BROMELIN SUSP 100ML,33104,0,,1.0,9.0,54.34,66.14,46.54,1.0,0.0133,0.1873,0.0,0.0,2.0,93.12,0,static
test_q4_2024,2024-11-22,1314,LOJA 1314,13315,BROMELIN SUSP 100ML,33104,0,,1.0,9.0,54.34,66.14,46.54,1.0,0.0133,0.1873,0.0,0.0,4.0,186.2,0,static
test_q4_2024,2024-11-23,1314,LOJA 1314,13315,BROMELIN SUSP 100ML,33104,0,,1.0,9.0,54.34,66.14,46.54,1.0,0.0571,0.1873,0.0,0.0,4.0,186.2,0,static
test_q4_2024,2024-11-24,1314,LOJA 1314,13315,BROMELIN SUSP 100ML,33104,0,,1.0,9.0,54.34,66.14,46.54,1.0,0.0571,0.1873,0.0,0.0,,,0,static
test_q4_2024,2024-11-25,1314,LOJA 1314,13315,BROMELIN SUSP 100ML,33104,0,,1.0,9.0,54.34,66.14,46.54,1.0,0.0133,0.1873,1.0,1.0,4.0,186.2,0,static
test_q4_2024,2024-11-26,1314,LOJA 1314,13315,BROMELIN SUSP 100ML,33104,0,,1.0,9.0,54.34,66.14,46.54,1.0,0.0133,0.1873,0.0,0.0,3.0,139.65,0,static
test_q4_2024,2024-11-27,1314,LOJA 1314,13315,BROMELIN SUSP 100ML,33104,0,,1.0,9.0,54.34,66.14,46.54,1.0,0.0133,0.1873,0.0,0.0,3.0,139.65,0,static
test_q4_2024,2024-11-28,1314,LOJA 1314,13315,BROMELIN SUSP 100ML,33104,0,,1.0,9.0,54.34,66.14,46.54,1.0,0.0133,0.1873,0.0,0.0,3.0,139.65,0,static
test_q4_2024,2024-11-29,1314,LOJA 1314,13315,BROMELIN SUSP 100ML,33104,0,,1.0,9.0,54.34,66.14,46.54,1.0,0.0133,0.1873,0.0,0.0,3.0,139.65,0,static
test_q4_2024,2024-11-30,1314,LOJA 1314,13315,BROMELIN SUSP 100ML,33104,0,,1.0,9.0,54.34,66.14,46.54,1.0,0.0437,0.1873,0.0,0.0,3.0,139.65,0,static
test_q4_2024,2024-12-01,1314,LOJA 1314,13315,BROMELIN SUSP 100ML,33104,0,,1.0,9.0,54.34,66.14,46.54,1.0,0.0437,0.1873,0.0,0.0,,,0,static
test_q4_2024,2024-12-02,1314,LOJA 1314,13315,BROMELIN SUSP 100ML,33104,0,,1.0,9.0,54.34,66.14,46.54,1.0,0.0,0.1873,0.0,0.0,4.0,186.2,0,static
test_q4_2024,2024-12-03,1314,LOJA 1314,13315,BROMELIN SUSP 100ML,33104,0,,1.0,9.0,54.34,66.14,46.54,1.0,0.0,0.1873,0.0,0.0,4.0,186.2,0,static
test_q4_2024,2024-12-04,1314,LOJA 1314,13315,BROMELIN SUSP 100ML,33104,0,,1.0,9.0,54.34,66.14,46.54,1.0,0.0,0.1873,0.0,0.0,4.0,186.2,0,static
test_q4_2024,2024-12-05,1314,LOJA 1314,13315,BROMELIN SUSP 100ML,33104,0,,1.0,9.0,54.34,66.14,46.54,1.0,0.0,0.1873,0.0,0.0,5.0,232.75,0,static
test_q4_2024,2024-12-06,1314,LOJA 1314,13315,BROMELIN SUSP 100ML,33104,0,,1.0,9.0,54.34,66.14,46.54,1.0,0.0133,0.1873,0.0,0.0,5.0,232.75,0,static
test_q4_2024,2024-12-07,1314,LOJA 1314,13315,BROMELIN SUSP 100ML,33104,0,,1.0,9.0,54.34,66.14,46.54,1.0,0.0571,0.1873,0.0,0.0,5.0,232.75,0,static
test_q4_2024,2024-12-08,1314,LOJA 1314,13315,BROMELIN SUSP 100ML,33104,0,,1.0,9.0,54.34,66.14,46.54,1.0,0.0571,0.1873,0.0,0.0,,,0,static
test_q4_2024,2024-12-09,1314,LOJA 1314,13315,BROMELIN SUSP 100ML,33104,0,,1.0,9.0,54.34,66.14,46.54,1.0,0.0133,0.1873,1.0,1.0,5.0,232.75,0,static
test_q4_2024,2024-12-10,1314,LOJA 1314,13315,BROMELIN SUSP 100ML,33104,0,,1.0,9.0,54.34,66.14,46.54,1.0,0.0133,0.1873,0.0,0.0,4.0,186.2,0,static
test_q4_2024,2024-12-11,1314,LOJA 1314,13315,BROMELIN SUSP 100ML,33104,0,,1.0,9.0,54.34,66.14,46.54,1.0,0.0133,0.1873,0.0,0.0,4.0,186.2,0,static
test_q4_2024,2024-12-12,1314,LOJA 1314,13315,BROMELIN SUSP 100ML,33104,0,,1.0,9.0,54.34,66.14,46.54,1.0,0.0133,0.1873,0.0,0.0,4.0,186.2,0,static
test_q4_2024,2024-12-13,1314,LOJA 1314,13315,BROMELIN SUSP 100ML,33104,0,,1.0,9.0,54.34,66.14,46.54,1.0,0.0133,0.1873,0.0,0.0,4.0,186.2,0,static
test_q4_2024,2024-12-14,1314,LOJA 1314,13315,BROMELIN SUSP 100ML,33104,0,,1.0,9.0,54.34,66.14,46.54,1.0,0.0571,0.1873,0.0,0.0,4.0,186.2,0,static
test_q4_2024,2024-12-15,1314,LOJA 1314,13315,BROMELIN SUSP 100ML,33104,0,,1.0,9.0,54.34,66.14,46.54,1.0,0.0571,0.1873,0.0,0.0,,,0,static
test_q4_2024,2024-12-16,1314,LOJA 1314,13315,BROMELIN SUSP 100ML,33104,0,,1.0,9.0,54.34,66.14,46.54,1.0,0.0133,0.1873,0.0,0.0,5.0,232.75,0,static
test_q4_2024,2024-12-17,1314,LOJA 1314,13315,BROMELIN SUSP 100ML,33104,0,,1.0,9.0,54.34,66.14,46.54,1.0,0.0133,0.1873,0.0,0.0,5.0,232.75,0,static
test_q4_2024,2024-12-18,1314,LOJA 1314,13315,BROMELIN SUSP 100ML,33104,0,,1.0,9.0,54.34,66.14,46.54,1.0,0.0133,0.1873,0.0,0.0,5.0,232.75,0,static
test_q4_2024,2024-12-19,1314,LOJA 1314,13315,BROMELIN SUSP 100ML,33104,0,,1.0,9.0,54.34,66.14,46.54,1.0,0.0133,0.1873,0.0,0.0,5.0,232.75,0,static
test_q4_2024,2024-12-20,1314,LOJA 1314,13315,BROMELIN SUSP 100ML,33104,0,,1.0,9.0,54.34,66.14,46.54,1.0,0.0133,0.1873,0.0,0.0,5.0,232.75,0,static
test_q4_2024,2024-12-21,1314,LOJA 1314,13315,BROMELIN SUSP 100ML,33104,0,,1.0,9.0,54.34,66.14,46.54,1.0,0.0437,0.1873,1.0,1.0,5.0,232.75,0,static
test_q4_2024,2024-12-22,1314,LOJA 1314,13315,BROMELIN SUSP 100ML,33104,0,,1.0,9.0,54.34,66.14,46.54,1.0,0.0437,0.1873,0.0,0.0,,,0,static
test_q4_2024,2024-12-23,1314,LOJA 1314,13315,BROMELIN SUSP 100ML,33104,0,,1.0,9.0,54.34,66.14,46.54,1.0,0.0,0.1873,0.0,0.0,4.0,186.2,0,static
test_q4_2024,2024-12-24,1314,LOJA 1314,13315,BROMELIN SUSP 100ML,33104,0,,1.0,9.0,54.34,66.14,46.54,1.0,0.0,0.1873,0.0,0.0,4.0,186.2,0,static
test_q4_2024,2024-12-25,1314,LOJA 1314,13315,BROMELIN SUSP 100ML,33104,0,,1.0,9.0,54.34,66.14,46.54,1.0,0.0,0.1873,0.0,0.0,4.0,186.2,0,static
test_q4_2024,2024-12-26,1314,LOJA 1314,13315,BROMELIN SUSP 100ML,33104,0,,1.0,9.0,54.34,66.14,46.54,1.0,0.0,0.1873,0.0,0.0,4.0,186.2,0,static
test_q4_2024,2024-12-27,1314,LOJA 1314,13315,BROMELIN SUSP 100ML,33104,0,,1.0,9.0,54.34,66.14,46.54,1.0,0.0,0.1873,0.0,0.0,4.0,186.2,0,static
test_q4_2024,2024-12-28,1314,LOJA 1314,13315,BROMELIN SUSP 100ML,33104,0,,1.0,9.0,54.34,66.14,46.54,1.0,0.0437,0.1873,0.0,0.0,4.0,186.2,0,static
test_q4_2024,2024-12-29,1314,LOJA 1314,13315,BROMELIN SUSP 100ML,33104,0,,1.0,9.0,54.34,66.14,46.54,1.0,0.0437,0.1873,0.0,0.0,,,0,static
test_q4_2024,2024-12-30,1314,LOJA 1314,13315,BROMELIN SUSP 100ML,33104,0,,1.0,9.0,54.34,66.14,46.54,1.0,0.0,0.1873,0.0,0.0,4.0,186.2,0,static
test_q4_2024,2024-12-31,1314,LOJA 1314,13315,BROMELIN SUSP 100ML,33104,0,,1.0,9.0,54.34,66.14,46.54,1.0,0.0,0.1873,0.0,0.0,5.0,232.75,0,static
test_q4_2024,2024-10-01,1314,LOJA 1314,1439,SORINE GTS ADULTO 30ML,334,0,,1.0,9.0,20.27,23.45,19.0,1.0,0.228,0.3844,0.0,0.0,5.0,94.85,0,static
test_q4_2024,2024-10-02,1314,LOJA 1314,1439,SORINE GTS ADULTO 30ML,334,0,,1.0,9.0,20.27,23.45,19.0,1.0,0.228,0.3844,0.0,0.0,5.0,94.85,0,static
test_q4_2024,2024-10-03,1314,LOJA 1314,1439,SORINE GTS ADULTO 30ML,334,0,,1.0,9.0,20.27,23.45,19.0,1.0,0.228,0.3844,0.0,0.0,5.0,94.85,0,static
test_q4_2024,2024-10-04,1314,LOJA 1314,1439,SORINE GTS ADULTO 30ML,334,0,,1.0,9.0,20.27,23.45,19.0,1.0,0.1843,0.3844,0.0,0.0,5.0,94.85,0,static
test_q4_2024,2024-10-05,1314,LOJA 1314,1439,SORINE GTS ADULTO 30ML,334,0,,1.0,9.0,20.27,23.45,19.0,1.0,0.1843,0.3844,1.0,1.0,5.0,94.85,0,static
test_q4_2024,2024-10-06,1314,LOJA 1314,1439,SORINE GTS ADULTO 30ML,334,0,,1.0,9.0,20.27,23.45,19.0,1.0,0.2718,0.3844,0.0,0.0,,,0,static
test_q4_2024,2024-10-07,1314,LOJA 1314,1439,SORINE GTS ADULTO 30ML,334,0,,1.0,9.0,20.27,23.45,19.0,1.0,0.3118,0.3844,0.0,0.0,4.0,75.88,0,static
test_q4_2024,2024-10-08,1314,LOJA 1314,1439,SORINE GTS ADULTO 30ML,334,0,,1.0,9.0,20.27,23.45,19.0,1.0,0.268,0.3844,0.0,0.0,4.0,75.88,0,static
test_q4_2024,2024-10-09,1314,LOJA 1314,1439,SORINE GTS ADULTO 30ML,334,0,,1.0,9.0,20.27,23.45,19.0,1.0,0.308,0.3844,2.0,2.0,4.0,75.88,0,static
test_q4_2024,2024-10-10,1314,LOJA 1314,1439,SORINE GTS ADULTO 30ML,334,0,,1.0,9.0,20.27,23.45,19.0,1.0,0.308,0.3844,1.0,1.0,2.0,37.94,0,static
test_q4_2024,2024-10-11,1314,LOJA 1314,1439,SORINE GTS ADULTO 30ML,334,0,,1.0,9.0,20.27,23.45,19.0,1.0,0.2643,0.3844,0.0,0.0,1.0,18.97,0,static
test_q4_2024,2024-10-12,1314,LOJA 1314,1439,SORINE GTS ADULTO 30ML,334,0,,1.0,9.0,20.27,23.45,19.0,1.0,0.1443,0.3844,0.0,0.0,1.0,18.97,0,static
test_q4_2024,2024-10-13,1314,LOJA 1314,1439,SORINE GTS ADULTO 30ML,334,0,,1.0,9.0,20.27,23.45,19.0,1.0,0.2318,0.3844,0.0,0.0,,,0,static
test_q4_2024,2024-10-14,1314,LOJA 1314,1439,SORINE GTS ADULTO 30ML,334,0,,1.0,9.0,20.27,23.45,19.0,1.0,0.2318,0.3844,0.0,0.0,2.0,37.96,0,static
test_q4_2024,2024-10-15,1314,LOJA 1314,1439,SORINE GTS ADULTO 30ML,334,0,,1.0,9.0,20.27,23.45,19.0,1.0,0.188,0.3844,0.0,0.0,2.0,37.96,0,static
test_q4_2024,2024-10-16,1314,LOJA 1314,1439,SORINE GTS ADULTO 30ML,334,0,,1.0,9.0,20.27,23.45,19.0,1.0,0.188,0.3844,0.0,0.0,2.0,37.96,0,static
test_q4_2024,2024-10-17,1314,LOJA 1314,1439,SORINE GTS ADULTO 30ML,334,0,,1.0,9.0,20.27,23.45,19.0,1.0,0.188,0.3844,1.0,1.0,4.0,75.96,0,static
test_q4_2024,2024-10-18,1314,LOJA 1314,1439,SORINE GTS ADULTO 30ML,334,0,,1.0,9.0,20.27,23.45,19.0,1.0,0.1443,0.3844,0.0,0.0,3.0,56.97,0,static
test_q4_2024,2024-10-19,1314,LOJA 1314,1439,SORINE GTS ADULTO 30ML,334,0,,1.0,9.0,20.27,23.45,19.0,1.0,0.1443,0.3844,0.0,0.0,4.0,75.96,0,static
test_q4_2024,2024-10-20,1314,LOJA 1314,1439,SORINE GTS ADULTO 30ML,334,0,,1.0,9.0,20.27,23.45,19.0,1.0,0.2318,0.3844,0.0,0.0,,,0,static
test_q4_2024,2024-10-21,1314,LOJA 1314,1439,SORINE GTS ADULTO 30ML,334,0,,1.0,9.0,20.27,23.45,19.0,1.0,0.2318,0.3844,0.0,0.0,4.0,75.96,0,static
test_q4_2024,2024-10-22,1314,LOJA 1314,1439,SORINE GTS ADULTO 30ML,334,0,,1.0,9.0,20.27,23.45,19.0,1.0,0.148,0.3844,0.0,0.0,4.0,75.96,0,static
test_q4_2024,2024-10-23,1314,LOJA 1314,1439,SORINE GTS ADULTO 30ML,334,0,,1.0,9.0,20.27,23.45,19.0,1.0,0.148,0.3844,0.0,0.0,4.0,75.96,0,static
test_q4_2024,2024-10-24,1314,LOJA 1314,1439,SORINE GTS ADULTO 30ML,334,0,,1.0,9.0,20.27,23.45,19.0,1.0,0.108,0.3844,0.0,0.0,7.0,132.93,0,static
test_q4_2024,2024-10-25,1314,LOJA 1314,1439,SORINE GTS ADULTO 30ML,334,0,,1.0,9.0,20.27,23.45,19.0,1.0,0.0643,0.3844,0.0,0.0,7.0,132.93,0,static
test_q4_2024,2024-10-26,1314,LOJA 1314,1439,SORINE GTS ADULTO 30ML,334,0,,1.0,9.0,20.27,23.45,19.0,1.0,0.0643,0.3844,0.0,0.0,7.0,132.93,0,static
test_q4_2024,2024-10-27,1314,LOJA 1314,1439,SORINE GTS ADULTO 30ML,334,0,,1.0,9.0,20.27,23.45,19.0,1.0,0.1518,0.3844,0.0,0.0,,,0,static
test_q4_2024,2024-10-28,1314,LOJA 1314,1439,SORINE GTS ADULTO 30ML,334,0,,1.0,9.0,20.27,23.45,19.0,1.0,0.1518,0.3844,0.0,0.0,7.0,132.93,0,static
test_q4_2024,2024-10-29,1314,LOJA 1314,1439,SORINE GTS ADULTO 30ML,334,0,,1.0,9.0,20.27,23.45,19.0,1.0,0.1214,0.3844,0.0,0.0,7.0,132.93,0,static
test_q4_2024,2024-10-30,1314,LOJA 1314,1439,SORINE GTS ADULTO 30ML,334,0,,1.0,9.0,20.27,23.45,19.0,1.0,0.1214,0.3844,0.0,0.0,7.0,132.93,0,static
test_q4_2024,2024-10-31,1314,LOJA 1314,1439,SORINE GTS ADULTO 30ML,334,0,,1.0,9.0,20.27,23.45,19.0,1.0,0.1214,0.3844,0.0,0.0,7.0,132.93,0,static
test_q4_2024,2024-11-01,1314,LOJA 1314,1439,SORINE GTS ADULTO 30ML,334,0,,1.0,9.0,20.27,23.45,19.0,1.0,0.0776,0.3844,0.0,0.0,7.0,132.93,0,static
test_q4_2024,2024-11-02,1314,LOJA 1314,1439,SORINE GTS ADULTO 30ML,334,0,,1.0,9.0,20.27,23.45,19.0,1.0,0.0776,0.3844,0.0,0.0,7.0,132.93,0,static
test_q4_2024,2024-11-03,1314,LOJA 1314,1439,SORINE GTS ADULTO 30ML,334,0,,1.0,9.0,20.27,23.45,19.0,1.0,0.1651,0.3844,0.0,0.0,,,0,static
test_q4_2024,2024-11-04,1314,LOJA 1314,1439,SORINE GTS ADULTO 30ML,334,0,,1.0,9.0,20.27,23.45,19.0,1.0,0.1651,0.3844,0.0,0.0,7.0,132.93,0,static
test_q4_2024,2024-11-05,1314,LOJA 1314,1439,SORINE GTS ADULTO 30ML,334,0,,1.0,9.0,20.27,23.45,19.0,1.0,0.1214,0.3844,0.0,0.0,7.0,132.93,0,static
test_q4_2024,2024-11-06,1314,LOJA 1314,1439,SORINE GTS ADULTO 30ML,334,0,,1.0,9.0,20.27,23.45,19.0,1.0,0.1214,0.3844,0.0,0.0,7.0,132.93,0,static
test_q4_2024,2024-11-07,1314,LOJA 1314,1439,SORINE GTS ADULTO 30ML,334,0,,1.0,9.0,20.27,23.45,19.0,1.0,0.1214,0.3844,0.0,0.0,7.0,132.93,0,static
test_q4_2024,2024-11-08,1314,LOJA 1314,1439,SORINE GTS ADULTO 30ML,334,0,,1.0,9.0,20.27,23.45,19.0,1.0,0.0776,0.3844,0.0,0.0,7.0,132.93,0,static
test_q4_2024,2024-11-09,1314,LOJA 1314,1439,SORINE GTS ADULTO 30ML,334,0,,1.0,9.0,20.27,23.45,19.0,1.0,0.0776,0.3844,0.0,0.0,7.0,132.93,0,static
test_q4_2024,2024-11-10,1314,LOJA 1314,1439,SORINE GTS ADULTO 30ML,334,0,,1.0,9.0,20.27,23.45,19.0,1.0,0.1651,0.3844,0.0,0.0,,,0,static
test_q4_2024,2024-11-11,1314,LOJA 1314,1439,SORINE GTS ADULTO 30ML,334,0,,1.0,9.0,20.27,23.45,19.0,1.0,0.1651,0.3844,0.0,0.0,7.0,132.93,0,static
test_q4_2024,2024-11-12,1314,LOJA 1314,1439,SORINE GTS ADULTO 30ML,334,0,,1.0,9.0,20.27,23.45,19.0,1.0,0.1214,0.3844,0.0,0.0,7.0,132.93,0,static
test_q4_2024,2024-11-13,1314,LOJA 1314,1439,SORINE GTS ADULTO 30ML,334,0,,1.0,9.0,20.27,23.45,19.0,1.0,0.108,0.3844,0.0,0.0,7.0,132.93,0,static
test_q4_2024,2024-11-14,1314,LOJA 1314,1439,SORINE GTS ADULTO 30ML,334,0,,1.0,9.0,20.27,23.45,19.0,1.0,0.108,0.3844,0.0,0.0,7.0,132.93,0,static
test_q4_2024,2024-11-15,1314,LOJA 1314,1439,SORINE GTS ADULTO 30ML,334,0,,1.0,9.0,20.27,23.45,19.0,1.0,0.0643,0.3844,0.0,0.0,7.0,132.93,0,static
test_q4_2024,2024-11-16,1314,LOJA 1314,1439,SORINE GTS ADULTO 30ML,334,0,,1.0,9.0,20.27,23.45,19.0,1.0,0.0643,0.3844,0.0,0.0,7.0,132.93,0,static
test_q4_2024,2024-11-17,1314,LOJA 1314,1439,SORINE GTS ADULTO 30ML,334,0,,1.0,9.0,20.27,23.45,19.0,1.0,0.1518,0.3844,0.0,0.0,,,0,static
test_q4_2024,2024-11-18,1314,LOJA 1314,1439,SORINE GTS ADULTO 30ML,334,0,,1.0,9.0,20.27,23.45,19.0,1.0,0.1518,0.3844,0.0,0.0,7.0,132.93,0,static
test_q4_2024,2024-11-19,1314,LOJA 1314,1439,SORINE GTS ADULTO 30ML,334,0,,1.0,9.0,20.27,23.45,19.0,1.0,0.108,0.3844,0.0,0.0,7.0,132.93,0,static
test_q4_2024,2024-11-20,1314,LOJA 1314,1439,SORINE GTS ADULTO 30ML,334,0,,1.0,9.0,20.27,23.45,19.0,1.0,0.108,0.3844,0.0,0.0,7.0,132.93,0,static
test_q4_2024,2024-11-21,1314,LOJA 1314,1439,SORINE GTS ADULTO 30ML,334,0,,1.0,9.0,20.27,23.45,19.0,1.0,0.108,0.3844,0.0,0.0,7.0,132.93,0,static
test_q4_2024,2024-11-22,1314,LOJA 1314,1439,SORINE GTS ADULTO 30ML,334,0,,1.0,9.0,20.27,23.45,19.0,1.0,0.0776,0.3844,0.0,0.0,7.0,132.93,0,static
test_q4_2024,2024-11-23,1314,LOJA 1314,1439,SORINE GTS ADULTO 30ML,334,0,,1.0,9.0,20.27,23.45,19.0,1.0,0.0776,0.3844,0.0,0.0,7.0,132.93,0,static
test_q4_2024,2024-11-24,1314,LOJA 1314,1439,SORINE GTS ADULTO 30ML,334,0,,1.0,9.0,20.27,23.45,19.0,1.0,0.1651,0.3844,0.0,0.0,,,0,static
test_q4_2024,2024-11-25,1314,LOJA 1314,1439,SORINE GTS ADULTO 30ML,334,0,,1.0,9.0,20.27,23.45,19.0,1.0,0.1651,0.3844,0.0,0.0,7.0,132.93,0,static
test_q4_2024,2024-11-26,1314,LOJA 1314,1439,SORINE GTS ADULTO 30ML,334,0,,1.0,9.0,20.27,23.45,19.0,1.0,0.1214,0.3844,0.0,0.0,7.0,132.93,0,static
test_q4_2024,2024-11-27,1314,LOJA 1314,1439,SORINE GTS ADULTO 30ML,334,0,,1.0,9.0,20.27,23.45,19.0,1.0,0.1347,0.3844,0.0,0.0,7.0,132.93,0,static
test_q4_2024,2024-11-28,1314,LOJA 1314,1439,SORINE GTS ADULTO 30ML,334,0,,1.0,9.0,20.27,23.45,19.0,1.0,0.1347,0.3844,0.0,0.0,7.0,132.93,0,static
test_q4_2024,2024-11-29,1314,LOJA 1314,1439,SORINE GTS ADULTO 30ML,334,0,,1.0,9.0,20.27,23.45,19.0,1.0,0.091,0.3844,0.0,0.0,7.0,132.93,0,static
test_q4_2024,2024-11-30,1314,LOJA 1314,1439,SORINE GTS ADULTO 30ML,334,0,,1.0,9.0,20.27,23.45,19.0,1.0,0.091,0.3844,0.0,0.0,7.0,132.93,0,static
test_q4_2024,2024-12-01,1314,LOJA 1314,1439,SORINE GTS ADULTO 30ML,334,0,,1.0,9.0,20.27,23.45,19.0,1.0,0.1785,0.3844,0.0,0.0,,,0,static
test_q4_2024,2024-12-02,1314,LOJA 1314,1439,SORINE GTS ADULTO 30ML,334,0,,1.0,9.0,20.27,23.45,19.0,1.0,0.1785,0.3844,0.0,0.0,7.0,132.93,0,static
test_q4_2024,2024-12-03,1314,LOJA 1314,1439,SORINE GTS ADULTO 30ML,334,0,,1.0,9.0,20.27,23.45,19.0,1.0,0.1347,0.3844,0.0,0.0,7.0,132.93,0,static
test_q4_2024,2024-12-04,1314,LOJA 1314,1439,SORINE GTS ADULTO 30ML,334,0,,1.0,9.0,20.27,23.45,19.0,1.0,0.1347,0.3844,0.0,0.0,7.0,132.93,0,static
test_q4_2024,2024-12-05,1314,LOJA 1314,1439,SORINE GTS ADULTO 30ML,334,0,,1.0,9.0,20.27,23.45,19.0,1.0,0.1347,0.3844,0.0,0.0,7.0,132.93,0,static
test_q4_2024,2024-12-06,1314,LOJA 1314,1439,SORINE GTS ADULTO 30ML,334,0,,1.0,9.0,20.27,23.45,19.0,1.0,0.091,0.3844,0.0,0.0,7.0,132.93,0,static
test_q4_2024,2024-12-07,1314,LOJA 1314,1439,SORINE GTS ADULTO 30ML,334,0,,1.0,9.0,20.27,23.45,19.0,1.0,0.0776,0.3844,0.0,0.0,7.0,132.93,0,static
test_q4_2024,2024-12-08,1314,LOJA 1314,1439,SORINE GTS ADULTO 30ML,334,0,,1.0,9.0,20.27,23.45,19.0,1.0,0.1651,0.3844,0.0,0.0,,,0,static
test_q4_2024,2024-12-09,1314,LOJA 1314,1439,SORINE GTS ADULTO 30ML,334,0,,1.0,9.0,20.27,23.45,19.0,1.0,0.1651,0.3844,0.0,0.0,7.0,132.93,0,static
test_q4_2024,2024-12-10,1314,LOJA 1314,1439,SORINE GTS ADULTO 30ML,334,0,,1.0,9.0,20.27,23.45,19.0,1.0,0.1214,0.3844,0.0,0.0,7.0,132.93,0,static
test_q4_2024,2024-12-11,1314,LOJA 1314,1439,SORINE GTS ADULTO 30ML,334,0,,1.0,9.0,20.27,23.45,19.0,1.0,0.1214,0.3844,0.0,0.0,7.0,132.93,0,static
test_q4_2024,2024-12-12,1314,LOJA 1314,1439,SORINE GTS ADULTO 30ML,334,0,,1.0,9.0,20.27,23.45,19.0,1.0,0.108,0.3844,1.0,1.0,7.0,132.93,0,static
test_q4_2024,2024-12-13,1314,LOJA 1314,1439,SORINE GTS ADULTO 30ML,334,0,,1.0,9.0,20.27,23.45,19.0,1.0,0.0776,0.3844,0.0,0.0,6.0,113.94,0,static
test_q4_2024,2024-12-14,1314,LOJA 1314,1439,SORINE GTS ADULTO 30ML,334,0,,1.0,9.0,20.27,23.45,19.0,1.0,0.091,0.3844,0.0,0.0,6.0,113.94,0,static
test_q4_2024,2024-12-15,1314,LOJA 1314,1439,SORINE GTS ADULTO 30ML,334,0,,1.0,9.0,20.27,23.45,19.0,1.0,0.1785,0.3844,0.0,0.0,,,0,static
test_q4_2024,2024-12-16,1314,LOJA 1314,1439,SORINE GTS ADULTO 30ML,334,0,,1.0,9.0,20.27,23.45,19.0,1.0,0.1785,0.3844,0.0,0.0,6.0,113.94,0,static
test_q4_2024,2024-12-17,1314,LOJA 1314,1439,SORINE GTS ADULTO 30ML,334,0,,1.0,9.0,20.27,23.45,19.0,1.0,0.1347,0.3844,0.0,0.0,6.0,113.94,0,static
test_q4_2024,2024-12-18,1314,LOJA 1314,1439,SORINE GTS ADULTO 30ML,334,0,,1.0,9.0,20.27,23.45,19.0,1.0,0.1347,0.3844,0.0,0.0,6.0,113.94,0,static
test_q4_2024,2024-12-19,1314,LOJA 1314,1439,SORINE GTS ADULTO 30ML,334,0,,1.0,9.0,20.27,23.45,19.0,1.0,0.1347,0.3844,0.0,0.0,6.0,113.94,0,static
test_q4_2024,2024-12-20,1314,LOJA 1314,1439,SORINE GTS ADULTO 30ML,334,0,,1.0,9.0,20.27,23.45,19.0,1.0,0.091,0.3844,0.0,0.0,6.0,113.94,0,static
test_q4_2024,2024-12-21,1314,LOJA 1314,1439,SORINE GTS ADULTO 30ML,334,0,,1.0,9.0,20.27,23.45,19.0,1.0,0.091,0.3844,0.0,0.0,6.0,113.94,0,static
test_q4_2024,2024-12-22,1314,LOJA 1314,1439,SORINE GTS ADULTO 30ML,334,0,,1.0,9.0,20.27,23.45,19.0,1.0,0.1785,0.3844,0.0,0.0,,,0,static
test_q4_2024,2024-12-23,1314,LOJA 1314,1439,SORINE GTS ADULTO 30ML,334,0,,1.0,9.0,20.27,23.45,19.0,1.0,0.1785,0.3844,1.0,1.0,6.0,113.94,0,static
test_q4_2024,2024-12-24,1314,LOJA 1314,1439,SORINE GTS ADULTO 30ML,334,0,,1.0,9.0,20.27,23.45,19.0,1.0,0.1347,0.3844,0.0,0.0,5.0,94.95,0,static
test_q4_2024,2024-12-25,1314,LOJA 1314,1439,SORINE GTS ADULTO 30ML,334,0,,1.0,9.0,20.27,23.45,19.0,1.0,0.1347,0.3844,0.0,0.0,5.0,94.95,0,static
test_q4_2024,2024-12-26,1314,LOJA 1314,1439,SORINE GTS ADULTO 30ML,334,0,,1.0,9.0,20.27,23.45,19.0,1.0,0.1347,0.3844,0.0,0.0,5.0,94.95,0,static
test_q4_2024,2024-12-27,1314,LOJA 1314,1439,SORINE GTS ADULTO 30ML,334,0,,1.0,9.0,20.27,23.45,19.0,1.0,0.091,0.3844,0.0,0.0,5.0,94.95,0,static
test_q4_2024,2024-12-28,1314,LOJA 1314,1439,SORINE GTS ADULTO 30ML,334,0,,1.0,9.0,20.27,23.45,19.0,1.0,0.0776,0.3844,1.0,1.0,5.0,94.95,0,static
test_q4_2024,2024-12-29,1314,LOJA 1314,1439,SORINE GTS ADULTO 30ML,334,0,,1.0,9.0,20.27,23.45,19.0,1.0,0.1518,0.3844,0.0,0.0,,,0,static
test_q4_2024,2024-12-30,1314,LOJA 1314,1439,SORINE GTS ADULTO 30ML,334,0,,1.0,9.0,20.27,23.45,19.0,1.0,0.1518,0.3844,0.0,0.0,4.0,75.96,0,static
test_q4_2024,2024-12-31,1314,LOJA 1314,1439,SORINE GTS ADULTO 30ML,334,0,,1.0,9.0,20.27,23.45,19.0,1.0,0.108,0.3844,0.0,0.0,4.0,75.96,0,static
test_q4_2024,2024-10-01,1314,LOJA 1314,15496,TAMIFLU 75MG CAPS C/10,30697,0,,1.0,9.0,270.61,374.1,249.25,1.0,0.0,0.0,0.0,0.0,,,0,static
test_q4_2024,2024-10-02,1314,LOJA 1314,15496,TAMIFLU 75MG CAPS C/10,30697,0,,1.0,9.0,270.61,374.1,249.25,1.0,0.0,0.0,0.0,0.0,,,0,static
test_q4_2024,2024-10-03,1314,LOJA 1314,15496,TAMIFLU 75MG CAPS C/10,30697,0,,1.0,9.0,270.61,374.1,249.25,1.0,0.0,0.0,0.0,0.0,,,0,static
test_q4_2024,2024-10-04,1314,LOJA 1314,15496,TAMIFLU 75MG CAPS C/10,30697,0,,1.0,9.0,270.61,374.1,249.25,1.0,0.0,0.0,0.0,0.0,,,0,static
test_q4_2024,2024-10-05,1314,LOJA 1314,15496,TAMIFLU 75MG CAPS C/10,30697,0,,1.0,9.0,270.61,374.1,249.25,1.0,0.0,0.0,0.0,0.0,,,0,static
test_q4_2024,2024-10-06,1314,LOJA 1314,15496,TAMIFLU 75MG CAPS C/10,30697,0,,1.0,9.0,270.61,374.1,249.25,1.0,0.0,0.0,0.0,0.0,,,0,static
test_q4_2024,2024-10-07,1314,LOJA 1314,15496,TAMIFLU 75MG CAPS C/10,30697,0,,1.0,9.0,270.61,374.1,249.25,1.0,0.0,0.0,0.0,0.0,,,0,static
test_q4_2024,2024-10-08,1314,LOJA 1314,15496,TAMIFLU 75MG CAPS C/10,30697,0,,1.0,9.0,270.61,374.1,249.25,1.0,0.0,0.0,0.0,0.0,,,0,static
test_q4_2024,2024-10-09,1314,LOJA 1314,15496,TAMIFLU 75MG CAPS C/10,30697,0,,1.0,9.0,270.61,374.1,249.25,1.0,0.0,0.0,0.0,0.0,,,0,static
test_q4_2024,2024-10-10,1314,LOJA 1314,15496,TAMIFLU 75MG CAPS C/10,30697,0,,1.0,9.0,270.61,374.1,249.25,1.0,0.0,0.0,0.0,0.0,,,0,static
test_q4_2024,2024-10-11,1314,LOJA 1314,15496,TAMIFLU 75MG CAPS C/10,30697,0,,1.0,9.0,270.61,374.1,249.25,1.0,0.0,0.0,0.0,0.0,,,0,static
test_q4_2024,2024-10-12,1314,LOJA 1314,15496,TAMIFLU 75MG CAPS C/10,30697,0,,1.0,9.0,270.61,374.1,249.25,1.0,0.0,0.0,0.0,0.0,,,0,static
test_q4_2024,2024-10-13,1314,LOJA 1314,15496,TAMIFLU 75MG CAPS C/10,30697,0,,1.0,9.0,270.61,374.1,249.25,1.0,0.0,0.0,0.0,0.0,,,0,static
test_q4_2024,2024-10-14,1314,LOJA 1314,15496,TAMIFLU 75MG CAPS C/10,30697,0,,1.0,9.0,270.61,374.1,249.25,1.0,0.0,0.0,0.0,0.0,,,0,static
test_q4_2024,2024-10-15,1314,LOJA 1314,15496,TAMIFLU 75MG CAPS C/10,30697,0,,1.0,9.0,270.61,374.1,249.25,1.0,0.0,0.0,0.0,0.0,,,0,static
test_q4_2024,2024-10-16,1314,LOJA 1314,15496,TAMIFLU 75MG CAPS C/10,30697,0,,1.0,9.0,270.61,374.1,249.25,1.0,0.0,0.0,0.0,0.0,,,0,static
test_q4_2024,2024-10-17,1314,LOJA 1314,15496,TAMIFLU 75MG CAPS C/10,30697,0,,1.0,9.0,270.61,374.1,249.25,1.0,0.0,0.0,0.0,0.0,,,0,static
test_q4_2024,2024-10-18,1314,LOJA 1314,15496,TAMIFLU 75MG CAPS C/10,30697,0,,1.0,9.0,270.61,374.1,249.25,1.0,0.0,0.0,0.0,0.0,,,0,static
test_q4_2024,2024-10-19,1314,LOJA 1314,15496,TAMIFLU 75MG CAPS C/10,30697,0,,1.0,9.0,270.61,374.1,249.25,1.0,0.0,0.0,0.0,0.0,,,0,static
test_q4_2024,2024-10-20,1314,LOJA 1314,15496,TAMIFLU 75MG CAPS C/10,30697,0,,1.0,9.0,270.61,374.1,249.25,1.0,0.0,0.0,0.0,0.0,,,0,static
test_q4_2024,2024-10-21,1314,LOJA 1314,15496,TAMIFLU 75MG CAPS C/10,30697,0,,1.0,9.0,270.61,374.1,249.25,1.0,0.0,0.0,0.0,0.0,,,0,static
test_q4_2024,2024-10-22,1314,LOJA 1314,15496,TAMIFLU 75MG CAPS C/10,30697,0,,1.0,9.0,270.61,374.1,249.25,1.0,0.0,0.0,0.0,0.0,,,0,static
test_q4_2024,2024-10-23,1314,LOJA 1314,15496,TAMIFLU 75MG CAPS C/10,30697,0,,1.0,9.0,270.61,374.1,249.25,1.0,0.0,0.0,0.0,0.0,,,0,static
test_q4_2024,2024-10-24,1314,LOJA 1314,15496,TAMIFLU 75MG CAPS C/10,30697,0,,1.0,9.0,270.61,374.1,249.25,1.0,0.0,0.0,0.0,0.0,,,0,static
test_q4_2024,2024-10-25,1314,LOJA 1314,15496,TAMIFLU 75MG CAPS C/10,30697,0,,1.0,9.0,270.61,374.1,249.25,1.0,0.0,0.0,0.0,0.0,,,0,static
test_q4_2024,2024-10-26,1314,LOJA 1314,15496,TAMIFLU 75MG CAPS C/10,30697,0,,1.0,9.0,270.61,374.1,249.25,1.0,0.0,0.0,0.0,0.0,,,0,static
test_q4_2024,2024-10-27,1314,LOJA 1314,15496,TAMIFLU 75MG CAPS C/10,30697,0,,1.0,9.0,270.61,374.1,249.25,1.0,0.0,0.0,0.0,0.0,,,0,static
test_q4_2024,2024-10-28,1314,LOJA 1314,15496,TAMIFLU 75MG CAPS C/10,30697,0,,1.0,9.0,270.61,374.1,249.25,1.0,0.0,0.0,0.0,0.0,,,0,static
test_q4_2024,2024-10-29,1314,LOJA 1314,15496,TAMIFLU 75MG CAPS C/10,30697,0,,1.0,9.0,270.61,374.1,249.25,1.0,0.0,0.0,0.0,0.0,,,0,static
test_q4_2024,2024-10-30,1314,LOJA 1314,15496,TAMIFLU 75MG CAPS C/10,30697,0,,1.0,9.0,270.61,374.1,249.25,1.0,0.0,0.0,0.0,0.0,,,0,static
test_q4_2024,2024-10-31,1314,LOJA 1314,15496,TAMIFLU 75MG CAPS C/10,30697,0,,1.0,9.0,270.61,374.1,249.25,1.0,0.0,0.0,0.0,0.0,,,0,static
test_q4_2024,2024-11-01,1314,LOJA 1314,15496,TAMIFLU 75MG CAPS C/10,30697,0,,1.0,9.0,270.61,374.1,249.25,1.0,0.0,0.0,0.0,0.0,,,0,static
test_q4_2024,2024-11-02,1314,LOJA 1314,15496,TAMIFLU 75MG CAPS C/10,30697,0,,1.0,9.0,270.61,374.1,249.25,1.0,0.0,0.0,0.0,0.0,,,0,static
test_q4_2024,2024-11-03,1314,LOJA 1314,15496,TAMIFLU 75MG CAPS C/10,30697,0,,1.0,9.0,270.61,374.1,249.25,1.0,0.0,0.0,0.0,0.0,,,0,static
test_q4_2024,2024-11-04,1314,LOJA 1314,15496,TAMIFLU 75MG CAPS C/10,30697,0,,1.0,9.0,270.61,374.1,249.25,1.0,0.0,0.0,0.0,0.0,,,0,static
test_q4_2024,2024-11-05,1314,LOJA 1314,15496,TAMIFLU 75MG CAPS C/10,30697,0,,1.0,9.0,270.61,374.1,249.25,1.0,0.0,0.0,0.0,0.0,,,0,static
test_q4_2024,2024-11-06,1314,LOJA 1314,15496,TAMIFLU 75MG CAPS C/10,30697,0,,1.0,9.0,270.61,374.1,249.25,1.0,0.0,0.0,0.0,0.0,,,0,static
test_q4_2024,2024-11-07,1314,LOJA 1314,15496,TAMIFLU 75MG CAPS C/10,30697,0,,1.0,9.0,270.61,374.1,249.25,1.0,0.0,0.0,0.0,0.0,,,0,static
test_q4_2024,2024-11-08,1314,LOJA 1314,15496,TAMIFLU 75MG CAPS C/10,30697,0,,1.0,9.0,270.61,374.1,249.25,1.0,0.0,0.0,0.0,0.0,,,0,static
test_q4_2024,2024-11-09,1314,LOJA 1314,15496,TAMIFLU 75MG CAPS C/10,30697,0,,1.0,9.0,270.61,374.1,249.25,1.0,0.0,0.0,0.0,0.0,,,0,static
test_q4_2024,2024-11-10,1314,LOJA 1314,15496,TAMIFLU 75MG CAPS C/10,30697,0,,1.0,9.0,270.61,374.1,249.25,1.0,0.0,0.0,0.0,0.0,,,0,static
test_q4_2024,2024-11-11,1314,LOJA 1314,15496,TAMIFLU 75MG CAPS C/10,30697,0,,1.0,9.0,270.61,374.1,249.25,1.0,0.0,0.0,0.0,0.0,,,0,static
test_q4_2024,2024-11-12,1314,LOJA 1314,15496,TAMIFLU 75MG CAPS C/10,30697,0,,1.0,9.0,270.61,374.1,249.25,1.0,0.0,0.0,0.0,0.0,,,0,static
test_q4_2024,2024-11-13,1314,LOJA 1314,15496,TAMIFLU 75MG CAPS C/10,30697,0,,1.0,9.0,270.61,374.1,249.25,1.0,0.0,0.0,0.0,0.0,,,0,static
test_q4_2024,2024-11-14,1314,LOJA 1314,15496,TAMIFLU 75MG CAPS C/10,30697,0,,1.0,9.0,270.61,374.1,249.25,1.0,0.0,0.0,0.0,0.0,,,0,static
test_q4_2024,2024-11-15,1314,LOJA 1314,15496,TAMIFLU 75MG CAPS C/10,30697,0,,1.0,9.0,270.61,374.1,249.25,1.0,0.0,0.0,0.0,0.0,,,0,static
test_q4_2024,2024-11-16,1314,LOJA 1314,15496,TAMIFLU 75MG CAPS C/10,30697,0,,1.0,9.0,270.61,374.1,249.25,1.0,0.0,0.0,0.0,0.0,,,0,static
test_q4_2024,2024-11-17,1314,LOJA 1314,15496,TAMIFLU 75MG CAPS C/10,30697,0,,1.0,9.0,270.61,374.1,249.25,1.0,0.0,0.0,0.0,0.0,,,0,static
test_q4_2024,2024-11-18,1314,LOJA 1314,15496,TAMIFLU 75MG CAPS C/10,30697,0,,1.0,9.0,270.61,374.1,249.25,1.0,0.0,0.0,0.0,0.0,,,0,static
test_q4_2024,2024-11-19,1314,LOJA 1314,15496,TAMIFLU 75MG CAPS C/10,30697,0,,1.0,9.0,270.61,374.1,249.25,1.0,0.0,0.0,0.0,0.0,,,0,static
test_q4_2024,2024-11-20,1314,LOJA 1314,15496,TAMIFLU 75MG CAPS C/10,30697,0,,1.0,9.0,270.61,374.1,249.25,1.0,0.0,0.0,0.0,0.0,,,0,static
test_q4_2024,2024-11-21,1314,LOJA 1314,15496,TAMIFLU 75MG CAPS C/10,30697,0,,1.0,9.0,270.61,374.1,249.25,1.0,0.0,0.0,0.0,0.0,,,0,static
test_q4_2024,2024-11-22,1314,LOJA 1314,15496,TAMIFLU 75MG CAPS C/10,30697,0,,1.0,9.0,270.61,374.1,249.25,1.0,0.0,0.0,0.0,0.0,,,0,static
test_q4_2024,2024-11-23,1314,LOJA 1314,15496,TAMIFLU 75MG CAPS C/10,30697,0,,1.0,9.0,270.61,374.1,249.25,1.0,0.0,0.0,0.0,0.0,,,0,static
test_q4_2024,2024-11-24,1314,LOJA 1314,15496,TAMIFLU 75MG CAPS C/10,30697,0,,1.0,9.0,270.61,374.1,249.25,1.0,0.0,0.0,0.0,0.0,,,0,static
test_q4_2024,2024-11-25,1314,LOJA 1314,15496,TAMIFLU 75MG CAPS C/10,30697,0,,1.0,9.0,270.61,374.1,249.25,1.0,0.0,0.0,0.0,0.0,,,0,static
test_q4_2024,2024-11-26,1314,LOJA 1314,15496,TAMIFLU 75MG CAPS C/10,30697,0,,1.0,9.0,270.61,374.1,249.25,1.0,0.0,0.0,0.0,0.0,,,0,static
test_q4_2024,2024-11-27,1314,LOJA 1314,15496,TAMIFLU 75MG CAPS C/10,30697,0,,1.0,9.0,270.61,374.1,249.25,1.0,0.0,0.0,0.0,0.0,,,0,static
test_q4_2024,2024-11-28,1314,LOJA 1314,15496,TAMIFLU 75MG CAPS C/10,30697,0,,1.0,9.0,270.61,374.1,249.25,1.0,0.0,0.0,0.0,0.0,,,0,static
test_q4_2024,2024-11-29,1314,LOJA 1314,15496,TAMIFLU 75MG CAPS C/10,30697,0,,1.0,9.0,270.61,374.1,249.25,1.0,0.0,0.0,0.0,0.0,,,0,static
test_q4_2024,2024-11-30,1314,LOJA 1314,15496,TAMIFLU 75MG CAPS C/10,30697,0,,1.0,9.0,270.61,374.1,249.25,1.0,0.0,0.0,0.0,0.0,,,0,static
test_q4_2024,2024-12-01,1314,LOJA 1314,15496,TAMIFLU 75MG CAPS C/10,30697,0,,1.0,9.0,270.61,374.1,249.25,1.0,0.0,0.0,0.0,0.0,,,0,static
test_q4_2024,2024-12-02,1314,LOJA 1314,15496,TAMIFLU 75MG CAPS C/10,30697,0,,1.0,9.0,270.61,374.1,249.25,1.0,0.0,0.0,0.0,0.0,,,0,static
test_q4_2024,2024-12-03,1314,LOJA 1314,15496,TAMIFLU 75MG CAPS C/10,30697,0,,1.0,9.0,270.61,374.1,249.25,1.0,0.0,0.0,0.0,0.0,,,0,static
test_q4_2024,2024-12-04,1314,LOJA 1314,15496,TAMIFLU 75MG CAPS C/10,30697,0,,1.0,9.0,270.61,374.1,249.25,1.0,0.0,0.0,0.0,0.0,,,0,static
test_q4_2024,2024-12-05,1314,LOJA 1314,15496,TAMIFLU 75MG CAPS C/10,30697,0,,1.0,9.0,270.61,374.1,249.25,1.0,0.0,0.0,0.0,0.0,,,0,static
test_q4_2024,2024-12-06,1314,LOJA 1314,15496,TAMIFLU 75MG CAPS C/10,30697,0,,1.0,9.0,270.61,374.1,249.25,1.0,0.0,0.0,0.0,0.0,,,0,static
test_q4_2024,2024-12-07,1314,LOJA 1314,15496,TAMIFLU 75MG CAPS C/10,30697,0,,1.0,9.0,270.61,374.1,249.25,1.0,0.0,0.0,0.0,0.0,,,0,static
test_q4_2024,2024-12-08,1314,LOJA 1314,15496,TAMIFLU 75MG CAPS C/10,30697,0,,1.0,9.0,270.61,374.1,249.25,1.0,0.0,0.0,0.0,0.0,,,0,static
test_q4_2024,2024-12-09,1314,LOJA 1314,15496,TAMIFLU 75MG CAPS C/10,30697,0,,1.0,9.0,270.61,374.1,249.25,1.0,0.0,0.0,0.0,0.0,,,0,static
test_q4_2024,2024-12-10,1314,LOJA 1314,15496,TAMIFLU 75MG CAPS C/10,30697,0,,1.0,9.0,270.61,374.1,249.25,1.0,0.0,0.0,0.0,0.0,,,0,static
test_q4_2024,2024-12-11,1314,LOJA 1314,15496,TAMIFLU 75MG CAPS C/10,30697,0,,1.0,9.0,270.61,374.1,249.25,1.0,0.0,0.0,0.0,0.0,,,0,static
test_q4_2024,2024-12-12,1314,LOJA 1314,15496,TAMIFLU 75MG CAPS C/10,30697,0,,1.0,9.0,270.61,374.1,249.25,1.0,0.0,0.0,0.0,0.0,,,0,static
test_q4_2024,2024-12-13,1314,LOJA 1314,15496,TAMIFLU 75MG CAPS C/10,30697,0,,1.0,9.0,270.61,374.1,249.25,1.0,0.0,0.0,0.0,0.0,,,0,static
test_q4_2024,2024-12-14,1314,LOJA 1314,15496,TAMIFLU 75MG CAPS C/10,30697,0,,1.0,9.0,270.61,374.1,249.25,1.0,0.0,0.0,0.0,0.0,,,0,static
test_q4_2024,2024-12-15,1314,LOJA 1314,15496,TAMIFLU 75MG CAPS C/10,30697,0,,1.0,9.0,270.61,374.1,249.25,1.0,0.0,0.0,0.0,0.0,,,0,static
test_q4_2024,2024-12-16,1314,LOJA 1314,15496,TAMIFLU 75MG CAPS C/10,30697,0,,1.0,9.0,270.61,374.1,249.25,1.0,0.0,0.0,0.0,0.0,,,0,static
test_q4_2024,2024-12-17,1314,LOJA 1314,15496,TAMIFLU 75MG CAPS C/10,30697,0,,1.0,9.0,270.61,374.1,249.25,1.0,0.0,0.0,0.0,0.0,,,0,static
test_q4_2024,2024-12-18,1314,LOJA 1314,15496,TAMIFLU 75MG CAPS C/10,30697,0,,1.0,9.0,270.61,374.1,249.25,1.0,0.0,0.0,0.0,0.0,,,0,static
test_q4_2024,2024-12-19,1314,LOJA 1314,15496,TAMIFLU 75MG CAPS C/10,30697,0,,1.0,9.0,270.61,374.1,249.25,1.0,0.0,0.0,0.0,0.0,,,0,static
test_q4_2024,2024-12-20,1314,LOJA 1314,15496,TAMIFLU 75MG CAPS C/10,30697,0,,1.0,9.0,270.61,374.1,249.25,1.0,0.0,0.0,0.0,0.0,,,0,static
test_q4_2024,2024-12-21,1314,LOJA 1314,15496,TAMIFLU 75MG CAPS C/10,30697,0,,1.0,9.0,270.61,374.1,249.25,1.0,0.0,0.0,0.0,0.0,,,0,static
test_q4_2024,2024-12-22,1314,LOJA 1314,15496,TAMIFLU 75MG CAPS C/10,30697,0,,1.0,9.0,270.61,374.1,249.25,1.0,0.0,0.0,0.0,0.0,,,0,static
test_q4_2024,2024-12-23,1314,LOJA 1314,15496,TAMIFLU 75MG CAPS C/10,30697,0,,1.0,9.0,270.61,374.1,249.25,1.0,0.0,0.0,0.0,0.0,,,0,static
test_q4_2024,2024-12-24,1314,LOJA 1314,15496,TAMIFLU 75MG CAPS C/10,30697,0,,1.0,9.0,270.61,374.1,249.25,1.0,0.0,0.0,0.0,0.0,,,0,static
test_q4_2024,2024-12-25,1314,LOJA 1314,15496,TAMIFLU 75MG CAPS C/10,30697,0,,1.0,9.0,270.61,374.1,249.25,1.0,0.0,0.0,0.0,0.0,,,0,static
test_q4_2024,2024-12-26,1314,LOJA 1314,15496,TAMIFLU 75MG CAPS C/10,30697,0,,1.0,9.0,270.61,374.1,249.25,1.0,0.0,0.0,0.0,0.0,,,0,static
test_q4_2024,2024-12-27,1314,LOJA 1314,15496,TAMIFLU 75MG CAPS C/10,30697,0,,1.0,9.0,270.61,374.1,249.25,1.0,0.0,0.0,0.0,0.0,,,0,static
test_q4_2024,2024-12-28,1314,LOJA 1314,15496,TAMIFLU 75MG CAPS C/10,30697,0,,1.0,9.0,270.61,374.1,249.25,1.0,0.0,0.0,0.0,0.0,,,0,static
test_q4_2024,2024-12-29,1314,LOJA 1314,15496,TAMIFLU 75MG CAPS C/10,30697,0,,1.0,9.0,270.61,374.1,249.25,1.0,0.0,0.0,0.0,0.0,,,0,static
test_q4_2024,2024-12-30,1314,LOJA 1314,15496,TAMIFLU 75MG CAPS C/10,30697,0,,1.0,9.0,270.61,374.1,249.25,1.0,0.0,0.0,0.0,0.0,,,0,static
test_q4_2024,2024-12-31,1314,LOJA 1314,15496,TAMIFLU 75MG CAPS C/10,30697,0,,1.0,9.0,270.61,374.1,249.25,1.0,0.0,0.0,0.0,0.0,,,0,static
test_q4_2024,2024-10-01,1314,LOJA 1314,15589,ANTUX XAROPE 120ML,334,0,,1.0,9.0,34.77,41.16,32.02,1.0,0.3125,0.5536,0.0,0.0,11.0,348.59,0,static
test_q4_2024,2024-10-02,1314,LOJA 1314,15589,ANTUX XAROPE 120ML,334,0,,1.0,9.0,34.77,41.16,32.02,1.0,0.48,0.5536,0.0,0.0,11.0,348.59,0,static
test_q4_2024,2024-10-03,1314,LOJA 1314,15589,ANTUX XAROPE 120ML,334,0,,1.0,9.0,34.77,41.16,32.02,1.0,0.655,0.5536,0.0,0.0,11.0,348.59,0,static
test_q4_2024,2024-10-04,1314,LOJA 1314,15589,ANTUX XAROPE 120ML,334,0,,1.0,9.0,34.77,41.16,32.02,1.0,0.5846,0.5536,0.0,0.0,11.0,348.59,0,static
test_q4_2024,2024-10-05,1314,LOJA 1314,15589,ANTUX XAROPE 120ML,334,0,,1.0,9.0,34.77,41.16,32.02,1.0,0.4437,0.5536,0.0,0.0,11.0,348.59,0,static
test_q4_2024,2024-10-06,1314,LOJA 1314,15589,ANTUX XAROPE 120ML,334,0,,1.0,9.0,34.77,41.16,32.02,1.0,0.3563,0.5536,0.0,0.0,,,0,static
test_q4_2024,2024-10-07,1314,LOJA 1314,15589,ANTUX XAROPE 120ML,334,0,,1.0,9.0,34.77,41.16,32.02,1.0,0.4437,0.5536,0.0,0.0,11.0,348.59,0,static
test_q4_2024,2024-10-08,1314,LOJA 1314,15589,ANTUX XAROPE 120ML,334,0,,1.0,9.0,34.77,41.16,32.02,1.0,0.3125,0.5536,0.0,0.0,11.0,348.59,0,static
test_q4_2024,2024-10-09,1314,LOJA 1314,15589,ANTUX XAROPE 120ML,334,0,,1.0,9.0,34.77,41.16,32.02,1.0,0.4,0.5536,0.0,0.0,11.0,348.59,0,static
test_q4_2024,2024-10-10,1314,LOJA 1314,15589,ANTUX XAROPE 120ML,334,0,,1.0,9.0,34.77,41.16,32.02,1.0,0.575,0.5536,0.0,0.0,11.0,348.59,0,static
test_q4_2024,2024-10-11,1314,LOJA 1314,15589,ANTUX XAROPE 120ML,334,0,,1.0,9.0,34.77,41.16,32.02,1.0,0.4913,0.5536,0.0,0.0,11.0,348.59,0,static
test_q4_2024,2024-10-12,1314,LOJA 1314,15589,ANTUX XAROPE 120ML,334,0,,1.0,9.0,34.77,41.16,32.02,1.0,0.4037,0.5536,0.0,0.0,11.0,348.59,0,static
test_q4_2024,2024-10-13,1314,LOJA 1314,15589,ANTUX XAROPE 120ML,334,0,,1.0,9.0,34.77,41.16,32.02,1.0,0.2762,0.5536,1.0,1.0,,,0,static
test_q4_2024,2024-10-14,1314,LOJA 1314,15589,ANTUX XAROPE 120ML,334,0,,1.0,9.0,34.77,41.16,32.02,1.0,0.3637,0.5536,0.0,0.0,10.0,316.9,0,static
test_q4_2024,2024-10-15,1314,LOJA 1314,15589,ANTUX XAROPE 120ML,334,0,,1.0,9.0,34.77,41.16,32.02,1.0,0.1925,0.5536,1.0,1.0,10.0,316.9,0,static
test_q4_2024,2024-10-16,1314,LOJA 1314,15589,ANTUX XAROPE 120ML,334,0,,1.0,9.0,34.77,41.16,32.02,1.0,0.28,0.5536,0.0,0.0,9.0,285.21,0,static
test_q4_2024,2024-10-17,1314,LOJA 1314,15589,ANTUX XAROPE 120ML,334,0,,1.0,9.0,34.77,41.16,32.02,1.0,0.415,0.5536,0.0,0.0,9.0,285.21,0,static
test_q4_2024,2024-10-18,1314,LOJA 1314,15589,ANTUX XAROPE 120ML,334,0,,1.0,9.0,34.77,41.16,32.02,1.0,0.3712,0.5536,0.0,0.0,9.0,285.21,0,static
test_q4_2024,2024-10-19,1314,LOJA 1314,15589,ANTUX XAROPE 120ML,334,0,,1.0,9.0,34.77,41.16,32.02,1.0,0.2837,0.5536,0.0,0.0,9.0,285.21,0,static
test_q4_2024,2024-10-20,1314,LOJA 1314,15589,ANTUX XAROPE 120ML,334,0,,1.0,9.0,34.77,41.16,32.02,1.0,0.1963,0.5536,0.0,0.0,,,0,static
test_q4_2024,2024-10-21,1314,LOJA 1314,15589,ANTUX XAROPE 120ML,334,0,,1.0,9.0,34.77,41.16,32.02,1.0,0.2837,0.5536,0.0,0.0,9.0,285.21,0,static
test_q4_2024,2024-10-22,1314,LOJA 1314,15589,ANTUX XAROPE 120ML,334,0,,1.0,9.0,34.77,41.16,32.02,1.0,0.1525,0.5536,0.0,0.0,10.0,317.1,0,static
test_q4_2024,2024-10-23,1314,LOJA 1314,15589,ANTUX XAROPE 120ML,334,0,,1.0,9.0,34.77,41.16,32.02,1.0,0.24,0.5536,0.0,0.0,10.0,317.1,0,static
test_q4_2024,2024-10-24,1314,LOJA 1314,15589,ANTUX XAROPE 120ML,334,0,,1.0,9.0,34.77,41.16,32.02,1.0,0.415,0.5536,0.0,0.0,10.0,317.1,0,static
test_q4_2024,2024-10-25,1314,LOJA 1314,15589,ANTUX XAROPE 120ML,334,0,,1.0,9.0,34.77,41.16,32.02,1.0,0.3846,0.5536,0.0,0.0,10.0,317.1,0,static
test_q4_2024,2024-10-26,1314,LOJA 1314,15589,ANTUX XAROPE 120ML,334,0,,1.0,9.0,34.77,41.16,32.02,1.0,0.2971,0.5536,0.0,0.0,10.0,317.1,0,static
test_q4_2024,2024-10-27,1314,LOJA 1314,15589,ANTUX XAROPE 120ML,334,0,,1.0,9.0,34.77,41.16,32.02,1.0,0.2096,0.5536,0.0,0.0,,,0,static
test_q4_2024,2024-10-28,1314,LOJA 1314,15589,ANTUX XAROPE 120ML,334,0,,1.0,9.0,34.77,41.16,32.02,1.0,0.2971,0.5536,0.0,0.0,10.0,317.1,0,static
test_q4_2024,2024-10-29,1314,LOJA 1314,15589,ANTUX XAROPE 120ML,334,0,,1.0,9.0,34.77,41.16,32.02,1.0,0.1658,0.5536,0.0,0.0,10.0,317.1,0,static
test_q4_2024,2024-10-30,1314,LOJA 1314,15589,ANTUX XAROPE 120ML,334,0,,1.0,9.0,34.77,41.16,32.02,1.0,0.2667,0.5536,0.0,0.0,10.0,317.1,0,static
test_q4_2024,2024-10-31,1314,LOJA 1314,15589,ANTUX XAROPE 120ML,334,0,,1.0,9.0,34.77,41.16,32.02,1.0,0.455,0.5536,0.0,0.0,10.0,317.1,0,static
test_q4_2024,2024-11-01,1314,LOJA 1314,15589,ANTUX XAROPE 120ML,334,0,,1.0,9.0,34.77,41.16,32.02,1.0,0.3712,0.5536,1.0,1.0,10.0,317.1,0,static
test_q4_2024,2024-11-02,1314,LOJA 1314,15589,ANTUX XAROPE 120ML,334,0,,1.0,9.0,34.77,41.16,32.02,1.0,0.2837,0.5536,1.0,1.0,9.0,285.39,0,static
test_q4_2024,2024-11-03,1314,LOJA 1314,15589,ANTUX XAROPE 120ML,334,0,,1.0,9.0,34.77,41.16,32.02,1.0,0.2229,0.5536,0.0,0.0,,,0,static
test_q4_2024,2024-11-04,1314,LOJA 1314,15589,ANTUX XAROPE 120ML,334,0,,1.0,9.0,34.77,41.16,32.02,1.0,0.3104,0.5536,0.0,0.0,8.0,253.68,0,static
test_q4_2024,2024-11-05,1314,LOJA 1314,15589,ANTUX XAROPE 120ML,334,0,,1.0,9.0,34.77,41.16,32.02,1.0,0.1925,0.5536,0.0,0.0,8.0,253.68,0,static
test_q4_2024,2024-11-06,1314,LOJA 1314,15589,ANTUX XAROPE 120ML,334,0,,1.0,9.0,34.77,41.16,32.02,1.0,0.28,0.5536,0.0,0.0,8.0,253.68,0,static
test_q4_2024,2024-11-07,1314,LOJA 1314,15589,ANTUX XAROPE 120ML,334,0,,1.0,9.0,34.77,41.16,32.02,1.0,0.4683,0.5536,0.0,0.0,8.0,253.68,0,static
test_q4_2024,2024-11-08,1314,LOJA 1314,15589,ANTUX XAROPE 120ML,334,0,,1.0,9.0,34.77,41.16,32.02,1.0,0.4379,0.5536,0.0,0.0,9.0,285.66,0,static
test_q4_2024,2024-11-09,1314,LOJA 1314,15589,ANTUX XAROPE 120ML,334,0,,1.0,9.0,34.77,41.16,32.02,1.0,0.3371,0.5536,0.0,0.0,10.0,317.6,0,static
test_q4_2024,2024-11-10,1314,LOJA 1314,15589,ANTUX XAROPE 120ML,334,0,,1.0,9.0,34.77,41.16,32.02,1.0,0.2496,0.5536,0.0,0.0,,,0,static
test_q4_2024,2024-11-11,1314,LOJA 1314,15589,ANTUX XAROPE 120ML,334,0,,1.0,9.0,34.77,41.16,32.02,1.0,0.3371,0.5536,0.0,0.0,10.0,317.6,0,static
test_q4_2024,2024-11-12,1314,LOJA 1314,15589,ANTUX XAROPE 120ML,334,0,,1.0,9.0,34.77,41.16,32.02,1.0,0.2058,0.5536,0.0,0.0,10.0,317.6,0,static
test_q4_2024,2024-11-13,1314,LOJA 1314,15589,ANTUX XAROPE 120ML,334,0,,1.0,9.0,34.77,41.16,32.02,1.0,0.2933,0.5536,1.0,1.0,10.0,317.6,0,static
test_q4_2024,2024-11-14,1314,LOJA 1314,15589,ANTUX XAROPE 120ML,334,0,,1.0,9.0,34.77,41.16,32.02,1.0,0.455,0.5536,0.0,0.0,9.0,285.84,0,static
test_q4_2024,2024-11-15,1314,LOJA 1314,15589,ANTUX XAROPE 120ML,334,0,,1.0,9.0,34.77,41.16,32.02,1.0,0.3979,0.5536,0.0,0.0,9.0,285.84,0,static
test_q4_2024,2024-11-16,1314,LOJA 1314,15589,ANTUX XAROPE 120ML,334,0,,1.0,9.0,34.77,41.16,32.02,1.0,0.3104,0.5536,0.0,0.0,9.0,285.84,0,static
test_q4_2024,2024-11-17,1314,LOJA 1314,15589,ANTUX XAROPE 120ML,334,0,,1.0,9.0,34.77,41.16,32.02,1.0,0.2229,0.5536,0.0,0.0,,,0,static
test_q4_2024,2024-11-18,1314,LOJA 1314,15589,ANTUX XAROPE 120ML,334,0,,1.0,9.0,34.77,41.16,32.02,1.0,0.2837,0.5536,0.0,0.0,9.0,285.84,0,static
test_q4_2024,2024-11-19,1314,LOJA 1314,15589,ANTUX XAROPE 120ML,334,0,,1.0,9.0,34.77,41.16,32.02,1.0,0.1525,0.5536,0.0,0.0,9.0,285.84,0,static
test_q4_2024,2024-11-20,1314,LOJA 1314,15589,ANTUX XAROPE 120ML,334,0,,1.0,9.0,34.77,41.16,32.02,1.0,0.2267,0.5536,0.0,0.0,10.0,317.8,0,static
test_q4_2024,2024-11-21,1314,LOJA 1314,15589,ANTUX XAROPE 120ML,334,0,,1.0,9.0,34.77,41.16,32.02,1.0,0.4017,0.5536,2.0,2.0,10.0,317.8,0,static
test_q4_2024,2024-11-22,1314,LOJA 1314,15589,ANTUX XAROPE 120ML,334,0,,1.0,9.0,34.77,41.16,32.02,1.0,0.3446,0.5536,0.0,0.0,8.0,254.24,0,static
test_q4_2024,2024-11-23,1314,LOJA 1314,15589,ANTUX XAROPE 120ML,334,0,,1.0,9.0,34.77,41.16,32.02,1.0,0.2437,0.5536,0.0,0.0,8.0,254.24,0,static
test_q4_2024,2024-11-24,1314,LOJA 1314,15589,ANTUX XAROPE 120ML,334,0,,1.0,9.0,34.77,41.16,32.02,1.0,0.1562,0.5536,0.0,0.0,,,0,static
test_q4_2024,2024-11-25,1314,LOJA 1314,15589,ANTUX XAROPE 120ML,334,0,,1.0,9.0,34.77,41.16,32.02,1.0,0.2437,0.5536,0.0,0.0,8.0,254.24,0,static
test_q4_2024,2024-11-26,1314,LOJA 1314,15589,ANTUX XAROPE 120ML,334,0,,1.0,9.0,34.77,41.16,32.02,1.0,0.1258,0.5536,0.0,0.0,8.0,254.24,0,static
test_q4_2024,2024-11-27,1314,LOJA 1314,15589,ANTUX XAROPE 120ML,334,0,,1.0,9.0,34.77,41.16,32.02,1.0,0.24,0.5536,1.0,1.0,8.0,254.24,0,static
test_q4_2024,2024-11-28,1314,LOJA 1314,15589,ANTUX XAROPE 120ML,334,0,,1.0,9.0,34.77,41.16,32.02,1.0,0.4283,0.5536,0.0,0.0,9.0,286.38,0,static
test_q4_2024,2024-11-29,1314,LOJA 1314,15589,ANTUX XAROPE 120ML,334,0,,1.0,9.0,34.77,41.16,32.02,1.0,0.3846,0.5536,0.0,0.0,9.0,286.38,0,static
test_q4_2024,2024-11-30,1314,LOJA 1314,15589,ANTUX XAROPE 120ML,334,0,,1.0,9.0,34.77,41.16,32.02,1.0,0.2971,0.5536,0.0,0.0,9.0,286.38,0,static
test_q4_2024,2024-12-01,1314,LOJA 1314,15589,ANTUX XAROPE 120ML,334,0,,1.0,9.0,34.77,41.16,32.02,1.0,0.2096,0.5536,0.0,0.0,,,0,static
test_q4_2024,2024-12-02,1314,LOJA 1314,15589,ANTUX XAROPE 120ML,334,0,,1.0,9.0,34.77,41.16,32.02,1.0,0.3237,0.5536,0.0,0.0,9.0,286.38,0,static
test_q4_2024,2024-12-03,1314,LOJA 1314,15589,ANTUX XAROPE 120ML,334,0,,1.0,9.0,34.77,41.16,32.02,1.0,0.2058,0.5536,0.0,0.0,10.0,318.3,0,static
test_q4_2024,2024-12-04,1314,LOJA 1314,15589,ANTUX XAROPE 120ML,334,0,,1.0,9.0,34.77,41.16,32.02,1.0,0.2933,0.5536,1.0,1.0,10.0,318.3,0,static
test_q4_2024,2024-12-05,1314,LOJA 1314,15589,ANTUX XAROPE 120ML,334,0,,1.0,9.0,34.77,41.16,32.02,1.0,0.4683,0.5536,1.0,1.0,9.0,286.47,0,static
test_q4_2024,2024-12-06,1314,LOJA 1314,15589,ANTUX XAROPE 120ML,334,0,,1.0,9.0,34.77,41.16,32.02,1.0,0.4246,0.5536,0.0,0.0,8.0,254.64,0,static
test_q4_2024,2024-12-07,1314,LOJA 1314,15589,ANTUX XAROPE 120ML,334,0,,1.0,9.0,34.77,41.16,32.02,1.0,0.3637,0.5536,0.0,0.0,8.0,254.64,0,static
test_q4_2024,2024-12-08,1314,LOJA 1314,15589,ANTUX XAROPE 120ML,334,0,,1.0,9.0,34.77,41.16,32.02,1.0,0.2762,0.5536,0.0,0.0,,,0,static
test_q4_2024,2024-12-09,1314,LOJA 1314,15589,ANTUX XAROPE 120ML,334,0,,1.0,9.0,34.77,41.16,32.02,1.0,0.3637,0.5536,0.0,0.0,8.0,254.64,0,static
test_q4_2024,2024-12-10,1314,LOJA 1314,15589,ANTUX XAROPE 120ML,334,0,,1.0,9.0,34.77,41.16,32.02,1.0,0.2325,0.5536,0.0,0.0,9.0,286.56,0,static
test_q4_2024,2024-12-11,1314,LOJA 1314,15589,ANTUX XAROPE 120ML,334,0,,1.0,9.0,34.77,41.16,32.02,1.0,0.3067,0.5536,0.0,0.0,9.0,286.56,0,static
test_q4_2024,2024-12-12,1314,LOJA 1314,15589,ANTUX XAROPE 120ML,334,0,,1.0,9.0,34.77,41.16,32.02,1.0,0.455,0.5536,0.0,0.0,10.0,318.5,0,static
test_q4_2024,2024-12-13,1314,LOJA 1314,15589,ANTUX XAROPE 120ML,334,0,,1.0,9.0,34.77,41.16,32.02,1.0,0.3979,0.5536,0.0,0.0,10.0,318.5,0,static
test_q4_2024,2024-12-14,1314,LOJA 1314,15589,ANTUX XAROPE 120ML,334,0,,1.0,9.0,34.77,41.16,32.02,1.0,0.3104,0.5536,0.0,0.0,10.0,318.5,0,static
test_q4_2024,2024-12-15,1314,LOJA 1314,15589,ANTUX XAROPE 120ML,334,0,,1.0,9.0,34.77,41.16,32.02,1.0,0.2363,0.5536,0.0,0.0,,,0,static
test_q4_2024,2024-12-16,1314,LOJA 1314,15589,ANTUX XAROPE 120ML,334,0,,1.0,9.0,34.77,41.16,32.02,1.0,0.3371,0.5536,0.0,0.0,10.0,318.5,0,static
test_q4_2024,2024-12-17,1314,LOJA 1314,15589,ANTUX XAROPE 120ML,334,0,,1.0,9.0,34.77,41.16,32.02,1.0,0.1792,0.5536,1.0,1.0,10.0,318.5,0,static
test_q4_2024,2024-12-18,1314,LOJA 1314,15589,ANTUX XAROPE 120ML,334,0,,1.0,9.0,34.77,41.16,32.02,1.0,0.2533,0.5536,0.0,0.0,9.0,286.65,0,static
test_q4_2024,2024-12-19,1314,LOJA 1314,15589,ANTUX XAROPE 120ML,334,0,,1.0,9.0,34.77,41.16,32.02,1.0,0.4283,0.5536,1.0,1.0,9.0,286.65,0,static
test_q4_2024,2024-12-20,1314,LOJA 1314,15589,ANTUX XAROPE 120ML,334,0,,1.0,9.0,34.77,41.16,32.02,1.0,0.3846,0.5536,0.0,0.0,8.0,254.8,0,static
test_q4_2024,2024-12-21,1314,LOJA 1314,15589,ANTUX XAROPE 120ML,334,0,,1.0,9.0,34.77,41.16,32.02,1.0,0.2971,0.5536,0.0,0.0,8.0,254.8,0,static
test_q4_2024,2024-12-22,1314,LOJA 1314,15589,ANTUX XAROPE 120ML,334,0,,1.0,9.0,34.77,41.16,32.02,1.0,0.1829,0.5536,3.0,3.0,,,0,static
test_q4_2024,2024-12-23,1314,LOJA 1314,15589,ANTUX XAROPE 120ML,334,0,,1.0,9.0,34.77,41.16,32.02,1.0,0.2704,0.5536,0.0,0.0,5.0,159.25,0,static
test_q4_2024,2024-12-24,1314,LOJA 1314,15589,ANTUX XAROPE 120ML,334,0,,1.0,9.0,34.77,41.16,32.02,1.0,0.1525,0.5536,0.0,0.0,6.0,191.22,0,static
test_q4_2024,2024-12-25,1314,LOJA 1314,15589,ANTUX XAROPE 120ML,334,0,,1.0,9.0,34.77,41.16,32.02,1.0,0.24,0.5536,0.0,0.0,6.0,191.22,0,static
test_q4_2024,2024-12-26,1314,LOJA 1314,15589,ANTUX XAROPE 120ML,334,0,,1.0,9.0,34.77,41.16,32.02,1.0,0.415,0.5536,0.0,0.0,6.0,191.22,0,static
test_q4_2024,2024-12-27,1314,LOJA 1314,15589,ANTUX XAROPE 120ML,334,0,,1.0,9.0,34.77,41.16,32.02,1.0,0.3712,0.5536,0.0,0.0,7.0,223.16,0,static
test_q4_2024,2024-12-28,1314,LOJA 1314,15589,ANTUX XAROPE 120ML,334,0,,1.0,9.0,34.77,41.16,32.02,1.0,0.2837,0.5536,1.0,1.0,7.0,223.16,0,static
test_q4_2024,2024-12-29,1314,LOJA 1314,15589,ANTUX XAROPE 120ML,334,0,,1.0,9.0,34.77,41.16,32.02,1.0,0.2096,0.5536,0.0,0.0,,,0,static
test_q4_2024,2024-12-30,1314,LOJA 1314,15589,ANTUX XAROPE 120ML,334,0,,1.0,9.0,34.77,41.16,32.02,1.0,0.2837,0.5536,0.0,0.0,6.0,191.28,0,static
test_q4_2024,2024-12-31,1314,LOJA 1314,15589,ANTUX XAROPE 120ML,334,0,,1.0,9.0,34.77,41.16,32.02,1.0,0.1392,0.5536,0.0,0.0,9.0,287.1,0,static
test_q4_2024,2024-10-01,1314,LOJA 1314,15590,ANTUX GTS 20ML,334,0,,1.0,9.0,45.02,59.25,42.19,1.0,0.0,0.1336,0.0,0.0,2.0,83.96,0,static
test_q4_2024,2024-10-02,1314,LOJA 1314,15590,ANTUX GTS 20ML,334,0,,1.0,9.0,45.02,59.25,42.19,1.0,0.0,0.1336,0.0,0.0,2.0,83.96,0,static
test_q4_2024,2024-10-03,1314,LOJA 1314,15590,ANTUX GTS 20ML,334,0,,1.0,9.0,45.02,59.25,42.19,1.0,0.0,0.1336,0.0,0.0,2.0,83.96,0,static
test_q4_2024,2024-10-04,1314,LOJA 1314,15590,ANTUX GTS 20ML,334,0,,1.0,9.0,45.02,59.25,42.19,1.0,0.0,0.1336,0.0,0.0,2.0,83.96,0,static
test_q4_2024,2024-10-05,1314,LOJA 1314,15590,ANTUX GTS 20ML,334,0,,1.0,9.0,45.02,59.25,42.19,1.0,0.0,0.1336,0.0,0.0,2.0,83.96,0,static
test_q4_2024,2024-10-06,1314,LOJA 1314,15590,ANTUX GTS 20ML,334,0,,1.0,9.0,45.02,59.25,42.19,1.0,0.0,0.1336,0.0,0.0,,,0,static
test_q4_2024,2024-10-07,1314,LOJA 1314,15590,ANTUX GTS 20ML,334,0,,1.0,9.0,45.02,59.25,42.19,1.0,0.0,0.1336,0.0,0.0,2.0,83.96,0,static
test_q4_2024,2024-10-08,1314,LOJA 1314,15590,ANTUX GTS 20ML,334,0,,1.0,9.0,45.02,59.25,42.19,1.0,0.0,0.1336,0.0,0.0,2.0,83.96,0,static
test_q4_2024,2024-10-09,1314,LOJA 1314,15590,ANTUX GTS 20ML,334,0,,1.0,9.0,45.02,59.25,42.19,1.0,0.0,0.1336,0.0,0.0,2.0,83.96,0,static
test_q4_2024,2024-10-10,1314,LOJA 1314,15590,ANTUX GTS 20ML,334,0,,1.0,9.0,45.02,59.25,42.19,1.0,0.0,0.1336,0.0,0.0,2.0,83.96,0,static
test_q4_2024,2024-10-11,1314,LOJA 1314,15590,ANTUX GTS 20ML,334,0,,1.0,9.0,45.02,59.25,42.19,1.0,0.0,0.1336,0.0,0.0,2.0,83.96,0,static
test_q4_2024,2024-10-12,1314,LOJA 1314,15590,ANTUX GTS 20ML,334,0,,1.0,9.0,45.02,59.25,42.19,1.0,0.0,0.1336,0.0,0.0,2.0,83.96,0,static
test_q4_2024,2024-10-13,1314,LOJA 1314,15590,ANTUX GTS 20ML,334,0,,1.0,9.0,45.02,59.25,42.19,1.0,0.0,0.1336,0.0,0.0,,,0,static
test_q4_2024,2024-10-14,1314,LOJA 1314,15590,ANTUX GTS 20ML,334,0,,1.0,9.0,45.02,59.25,42.19,1.0,0.0,0.1336,0.0,0.0,2.0,83.96,0,static
test_q4_2024,2024-10-15,1314,LOJA 1314,15590,ANTUX GTS 20ML,334,0,,1.0,9.0,45.02,59.25,42.19,1.0,0.0,0.1336,0.0,0.0,2.0,83.96,0,static
test_q4_2024,2024-10-16,1314,LOJA 1314,15590,ANTUX GTS 20ML,334,0,,1.0,9.0,45.02,59.25,42.19,1.0,0.0,0.1336,0.0,0.0,2.0,83.96,0,static
test_q4_2024,2024-10-17,1314,LOJA 1314,15590,ANTUX GTS 20ML,334,0,,1.0,9.0,45.02,59.25,42.19,1.0,0.0,0.1336,0.0,0.0,2.0,83.96,0,static
test_q4_2024,2024-10-18,1314,LOJA 1314,15590,ANTUX GTS 20ML,334,0,,1.0,9.0,45.02,59.25,42.19,1.0,0.0,0.1336,0.0,0.0,2.0,83.96,0,static
test_q4_2024,2024-10-19,1314,LOJA 1314,15590,ANTUX GTS 20ML,334,0,,1.0,9.0,45.02,59.25,42.19,1.0,0.0,0.1336,0.0,0.0,2.0,83.96,0,static
test_q4_2024,2024-10-20,1314,LOJA 1314,15590,ANTUX GTS 20ML,334,0,,1.0,9.0,45.02,59.25,42.19,1.0,0.0,0.1336,0.0,0.0,,,0,static
test_q4_2024,2024-10-21,1314,LOJA 1314,15590,ANTUX GTS 20ML,334,0,,1.0,9.0,45.02,59.25,42.19,1.0,0.0,0.1336,0.0,0.0,2.0,83.96,0,static
test_q4_2024,2024-10-22,1314,LOJA 1314,15590,ANTUX GTS 20ML,334,0,,1.0,9.0,45.02,59.25,42.19,1.0,0.0,0.1336,0.0,0.0,2.0,83.96,0,static
test_q4_2024,2024-10-23,1314,LOJA 1314,15590,ANTUX GTS 20ML,334,0,,1.0,9.0,45.02,59.25,42.19,1.0,0.0,0.1336,0.0,0.0,2.0,83.96,0,static
test_q4_2024,2024-10-24,1314,LOJA 1314,15590,ANTUX GTS 20ML,334,0,,1.0,9.0,45.02,59.25,42.19,1.0,0.0,0.1336,0.0,0.0,2.0,83.96,0,static
test_q4_2024,2024-10-25,1314,LOJA 1314,15590,ANTUX GTS 20ML,334,0,,1.0,9.0,45.02,59.25,42.19,1.0,0.0,0.1336,0.0,0.0,2.0,83.96,0,static
test_q4_2024,2024-10-26,1314,LOJA 1314,15590,ANTUX GTS 20ML,334,0,,1.0,9.0,45.02,59.25,42.19,1.0,0.0,0.1336,0.0,0.0,2.0,83.96,0,static
test_q4_2024,2024-10-27,1314,LOJA 1314,15590,ANTUX GTS 20ML,334,0,,1.0,9.0,45.02,59.25,42.19,1.0,0.0,0.1336,0.0,0.0,,,0,static
test_q4_2024,2024-10-28,1314,LOJA 1314,15590,ANTUX GTS 20ML,334,0,,1.0,9.0,45.02,59.25,42.19,1.0,0.0,0.1336,0.0,0.0,2.0,83.96,0,static
test_q4_2024,2024-10-29,1314,LOJA 1314,15590,ANTUX GTS 20ML,334,0,,1.0,9.0,45.02,59.25,42.19,1.0,0.0,0.1336,0.0,0.0,2.0,83.96,0,static
test_q4_2024,2024-10-30,1314,LOJA 1314,15590,ANTUX GTS 20ML,334,0,,1.0,9.0,45.02,59.25,42.19,1.0,0.0,0.1336,0.0,0.0,2.0,83.96,0,static
test_q4_2024,2024-10-31,1314,LOJA 1314,15590,ANTUX GTS 20ML,334,0,,1.0,9.0,45.02,59.25,42.19,1.0,0.0,0.1336,0.0,0.0,2.0,83.96,0,static
test_q4_2024,2024-11-01,1314,LOJA 1314,15590,ANTUX GTS 20ML,334,0,,1.0,9.0,45.02,59.25,42.19,1.0,0.0,0.1336,0.0,0.0,2.0,83.96,0,static
test_q4_2024,2024-11-02,1314,LOJA 1314,15590,ANTUX GTS 20ML,334,0,,1.0,9.0,45.02,59.25,42.19,1.0,0.0,0.1336,0.0,0.0,2.0,83.96,0,static
test_q4_2024,2024-11-03,1314,LOJA 1314,15590,ANTUX GTS 20ML,334,0,,1.0,9.0,45.02,59.25,42.19,1.0,0.0,0.1336,0.0,0.0,,,0,static
test_q4_2024,2024-11-04,1314,LOJA 1314,15590,ANTUX GTS 20ML,334,0,,1.0,9.0,45.02,59.25,42.19,1.0,0.0,0.1336,0.0,0.0,2.0,83.96,0,static
test_q4_2024,2024-11-05,1314,LOJA 1314,15590,ANTUX GTS 20ML,334,0,,1.0,9.0,45.02,59.25,42.19,1.0,0.0,0.1336,0.0,0.0,2.0,83.96,0,static
test_q4_2024,2024-11-06,1314,LOJA 1314,15590,ANTUX GTS 20ML,334,0,,1.0,9.0,45.02,59.25,42.19,1.0,0.0,0.1336,0.0,0.0,2.0,83.96,0,static
test_q4_2024,2024-11-07,1314,LOJA 1314,15590,ANTUX GTS 20ML,334,0,,1.0,9.0,45.02,59.25,42.19,1.0,0.0,0.1336,0.0,0.0,2.0,83.96,0,static
test_q4_2024,2024-11-08,1314,LOJA 1314,15590,ANTUX GTS 20ML,334,0,,1.0,9.0,45.02,59.25,42.19,1.0,0.0,0.1336,0.0,0.0,2.0,83.96,0,static
test_q4_2024,2024-11-09,1314,LOJA 1314,15590,ANTUX GTS 20ML,334,0,,1.0,9.0,45.02,59.25,42.19,1.0,0.0,0.1336,0.0,0.0,2.0,83.96,0,static
test_q4_2024,2024-11-10,1314,LOJA 1314,15590,ANTUX GTS 20ML,334,0,,1.0,9.0,45.02,59.25,42.19,1.0,0.0,0.1336,0.0,0.0,,,0,static
test_q4_2024,2024-11-11,1314,LOJA 1314,15590,ANTUX GTS 20ML,334,0,,1.0,9.0,45.02,59.25,42.19,1.0,0.0,0.1336,0.0,0.0,2.0,83.96,0,static
test_q4_2024,2024-11-12,1314,LOJA 1314,15590,ANTUX GTS 20ML,334,0,,1.0,9.0,45.02,59.25,42.19,1.0,0.0,0.1336,0.0,0.0,2.0,83.96,0,static
test_q4_2024,2024-11-13,1314,LOJA 1314,15590,ANTUX GTS 20ML,334,0,,1.0,9.0,45.02,59.25,42.19,1.0,0.0,0.1336,0.0,0.0,2.0,83.96,0,static
test_q4_2024,2024-11-14,1314,LOJA 1314,15590,ANTUX GTS 20ML,334,0,,1.0,9.0,45.02,59.25,42.19,1.0,0.0,0.1336,0.0,0.0,2.0,83.96,0,static
test_q4_2024,2024-11-15,1314,LOJA 1314,15590,ANTUX GTS 20ML,334,0,,1.0,9.0,45.02,59.25,42.19,1.0,0.0,0.1336,0.0,0.0,2.0,83.96,0,static
test_q4_2024,2024-11-16,1314,LOJA 1314,15590,ANTUX GTS 20ML,334,0,,1.0,9.0,45.02,59.25,42.19,1.0,0.0,0.1336,0.0,0.0,2.0,83.96,0,static
test_q4_2024,2024-11-17,1314,LOJA 1314,15590,ANTUX GTS 20ML,334,0,,1.0,9.0,45.02,59.25,42.19,1.0,0.0,0.1336,0.0,0.0,,,0,static
test_q4_2024,2024-11-18,1314,LOJA 1314,15590,ANTUX GTS 20ML,334,0,,1.0,9.0,45.02,59.25,42.19,1.0,0.0,0.1336,0.0,0.0,2.0,83.96,0,static
test_q4_2024,2024-11-19,1314,LOJA 1314,15590,ANTUX GTS 20ML,334,0,,1.0,9.0,45.02,59.25,42.19,1.0,0.0,0.1336,0.0,0.0,2.0,83.96,0,static
test_q4_2024,2024-11-20,1314,LOJA 1314,15590,ANTUX GTS 20ML,334,0,,1.0,9.0,45.02,59.25,42.19,1.0,0.0,0.1336,0.0,0.0,2.0,83.96,0,static
test_q4_2024,2024-11-21,1314,LOJA 1314,15590,ANTUX GTS 20ML,334,0,,1.0,9.0,45.02,59.25,42.19,1.0,0.0,0.1336,0.0,0.0,2.0,83.96,0,static
test_q4_2024,2024-11-22,1314,LOJA 1314,15590,ANTUX GTS 20ML,334,0,,1.0,9.0,45.02,59.25,42.19,1.0,0.0,0.1336,0.0,0.0,2.0,83.96,0,static
test_q4_2024,2024-11-23,1314,LOJA 1314,15590,ANTUX GTS 20ML,334,0,,1.0,9.0,45.02,59.25,42.19,1.0,0.0,0.1336,0.0,0.0,2.0,83.96,0,static
test_q4_2024,2024-11-24,1314,LOJA 1314,15590,ANTUX GTS 20ML,334,0,,1.0,9.0,45.02,59.25,42.19,1.0,0.0,0.1336,0.0,0.0,,,0,static
test_q4_2024,2024-11-25,1314,LOJA 1314,15590,ANTUX GTS 20ML,334,0,,1.0,9.0,45.02,59.25,42.19,1.0,0.0,0.1336,0.0,0.0,2.0,83.96,0,static
test_q4_2024,2024-11-26,1314,LOJA 1314,15590,ANTUX GTS 20ML,334,0,,1.0,9.0,45.02,59.25,42.19,1.0,0.0,0.1336,0.0,0.0,2.0,83.96,0,static
test_q4_2024,2024-11-27,1314,LOJA 1314,15590,ANTUX GTS 20ML,334,0,,1.0,9.0,45.02,59.25,42.19,1.0,0.0,0.1336,0.0,0.0,2.0,83.96,0,static
test_q4_2024,2024-11-28,1314,LOJA 1314,15590,ANTUX GTS 20ML,334,0,,1.0,9.0,45.02,59.25,42.19,1.0,0.0,0.1336,0.0,0.0,2.0,83.96,0,static
test_q4_2024,2024-11-29,1314,LOJA 1314,15590,ANTUX GTS 20ML,334,0,,1.0,9.0,45.02,59.25,42.19,1.0,0.0,0.1336,0.0,0.0,2.0,83.96,0,static
test_q4_2024,2024-11-30,1314,LOJA 1314,15590,ANTUX GTS 20ML,334,0,,1.0,9.0,45.02,59.25,42.19,1.0,0.0,0.1336,0.0,0.0,2.0,83.96,0,static
test_q4_2024,2024-12-01,1314,LOJA 1314,15590,ANTUX GTS 20ML,334,0,,1.0,9.0,45.02,59.25,42.19,1.0,0.0,0.1336,0.0,0.0,,,0,static
test_q4_2024,2024-12-02,1314,LOJA 1314,15590,ANTUX GTS 20ML,334,0,,1.0,9.0,45.02,59.25,42.19,1.0,0.0,0.1336,0.0,0.0,2.0,83.96,0,static
test_q4_2024,2024-12-03,1314,LOJA 1314,15590,ANTUX GTS 20ML,334,0,,1.0,9.0,45.02,59.25,42.19,1.0,0.0,0.1336,0.0,0.0,2.0,83.96,0,static
test_q4_2024,2024-12-04,1314,LOJA 1314,15590,ANTUX GTS 20ML,334,0,,1.0,9.0,45.02,59.25,42.19,1.0,0.0,0.1336,0.0,0.0,2.0,83.96,0,static
test_q4_2024,2024-12-05,1314,LOJA 1314,15590,ANTUX GTS 20ML,334,0,,1.0,9.0,45.02,59.25,42.19,1.0,0.0,0.1336,0.0,0.0,2.0,83.96,0,static
test_q4_2024,2024-12-06,1314,LOJA 1314,15590,ANTUX GTS 20ML,334,0,,1.0,9.0,45.02,59.25,42.19,1.0,0.0,0.1336,0.0,0.0,2.0,83.96,0,static
test_q4_2024,2024-12-07,1314,LOJA 1314,15590,ANTUX GTS 20ML,334,0,,1.0,9.0,45.02,59.25,42.19,1.0,0.0,0.1336,0.0,0.0,2.0,83.96,0,static
test_q4_2024,2024-12-08,1314,LOJA 1314,15590,ANTUX GTS 20ML,334,0,,1.0,9.0,45.02,59.25,42.19,1.0,0.0,0.1336,0.0,0.0,,,0,static
test_q4_2024,2024-12-09,1314,LOJA 1314,15590,ANTUX GTS 20ML,334,0,,1.0,9.0,45.02,59.25,42.19,1.0,0.0,0.1336,0.0,0.0,2.0,83.96,0,static
test_q4_2024,2024-12-10,1314,LOJA 1314,15590,ANTUX GTS 20ML,334,0,,1.0,9.0,45.02,59.25,42.19,1.0,0.0,0.1336,0.0,0.0,2.0,83.96,0,static
test_q4_2024,2024-12-11,1314,LOJA 1314,15590,ANTUX GTS 20ML,334,0,,1.0,9.0,45.02,59.25,42.19,1.0,0.0,0.1336,0.0,0.0,2.0,83.96,0,static
test_q4_2024,2024-12-12,1314,LOJA 1314,15590,ANTUX GTS 20ML,334,0,,1.0,9.0,45.02,59.25,42.19,1.0,0.0,0.1336,0.0,0.0,2.0,83.96,0,static
test_q4_2024,2024-12-13,1314,LOJA 1314,15590,ANTUX GTS 20ML,334,0,,1.0,9.0,45.02,59.25,42.19,1.0,0.0,0.1336,0.0,0.0,2.0,83.96,0,static
test_q4_2024,2024-12-14,1314,LOJA 1314,15590,ANTUX GTS 20ML,334,0,,1.0,9.0,45.02,59.25,42.19,1.0,0.0,0.1336,0.0,0.0,2.0,83.96,0,static
test_q4_2024,2024-12-15,1314,LOJA 1314,15590,ANTUX GTS 20ML,334,0,,1.0,9.0,45.02,59.25,42.19,1.0,0.0,0.1336,0.0,0.0,,,0,static
test_q4_2024,2024-12-16,1314,LOJA 1314,15590,ANTUX GTS 20ML,334,0,,1.0,9.0,45.02,59.25,42.19,1.0,0.0,0.1336,0.0,0.0,2.0,83.96,0,static
test_q4_2024,2024-12-17,1314,LOJA 1314,15590,ANTUX GTS 20ML,334,0,,1.0,9.0,45.02,59.25,42.19,1.0,0.0,0.1336,0.0,0.0,2.0,83.96,0,static
test_q4_2024,2024-12-18,1314,LOJA 1314,15590,ANTUX GTS 20ML,334,0,,1.0,9.0,45.02,59.25,42.19,1.0,0.0,0.1336,0.0,0.0,2.0,83.96,0,static
test_q4_2024,2024-12-19,1314,LOJA 1314,15590,ANTUX GTS 20ML,334,0,,1.0,9.0,45.02,59.25,42.19,1.0,0.0,0.1336,0.0,0.0,2.0,83.96,0,static
test_q4_2024,2024-12-20,1314,LOJA 1314,15590,ANTUX GTS 20ML,334,0,,1.0,9.0,45.02,59.25,42.19,1.0,0.0,0.1336,0.0,0.0,2.0,83.96,0,static
test_q4_2024,2024-12-21,1314,LOJA 1314,15590,ANTUX GTS 20ML,334,0,,1.0,9.0,45.02,59.25,42.19,1.0,0.0,0.1336,0.0,0.0,2.0,83.96,0,static
test_q4_2024,2024-12-22,1314,LOJA 1314,15590,ANTUX GTS 20ML,334,0,,1.0,9.0,45.02,59.25,42.19,1.0,0.0,0.1336,0.0,0.0,,,0,static
test_q4_2024,2024-12-23,1314,LOJA 1314,15590,ANTUX GTS 20ML,334,0,,1.0,9.0,45.02,59.25,42.19,1.0,0.0,0.1336,0.0,0.0,2.0,83.96,0,static
test_q4_2024,2024-12-24,1314,LOJA 1314,15590,ANTUX GTS 20ML,334,0,,1.0,9.0,45.02,59.25,42.19,1.0,0.0,0.1336,0.0,0.0,2.0,83.96,0,static
test_q4_2024,2024-12-25,1314,LOJA 1314,15590,ANTUX GTS 20ML,334,0,,1.0,9.0,45.02,59.25,42.19,1.0,0.0,0.1336,0.0,0.0,2.0,83.96,0,static
test_q4_2024,2024-12-26,1314,LOJA 1314,15590,ANTUX GTS 20ML,334,0,,1.0,9.0,45.02,59.25,42.19,1.0,0.0,0.1336,0.0,0.0,2.0,83.96,0,static
test_q4_2024,2024-12-27,1314,LOJA 1314,15590,ANTUX GTS 20ML,334,0,,1.0,9.0,45.02,59.25,42.19,1.0,0.0,0.1336,0.0,0.0,2.0,83.96,0,static
test_q4_2024,2024-12-28,1314,LOJA 1314,15590,ANTUX GTS 20ML,334,0,,1.0,9.0,45.02,59.25,42.19,1.0,0.0,0.1336,0.0,0.0,2.0,83.96,0,static
test_q4_2024,2024-12-29,1314,LOJA 1314,15590,ANTUX GTS 20ML,334,0,,1.0,9.0,45.02,59.25,42.19,1.0,0.0,0.1336,0.0,0.0,,,0,static
test_q4_2024,2024-12-30,1314,LOJA 1314,15590,ANTUX GTS 20ML,334,0,,1.0,9.0,45.02,59.25,42.19,1.0,0.0,0.1336,0.0,0.0,2.0,83.96,0,static
test_q4_2024,2024-12-31,1314,LOJA 1314,15590,ANTUX GTS 20ML,334,0,,1.0,9.0,45.02,59.25,42.19,1.0,0.0,0.1336,0.0,0.0,2.0,83.96,0,static
test_q4_2024,2024-10-01,1314,LOJA 1314,18064,NEOSORO SOLUCAO NASAL ADULTO 30ML,45151,1,PAGUE E LEVE,1.1726039399558574,9.0,8.93,7.86,4.28,1.0,14.8391,5.4715,14.0,14.0,65.0,277.55,0,static
test_q4_2024,2024-10-02,1314,LOJA 1314,18064,NEOSORO SOLUCAO NASAL ADULTO 30ML,45151,1,PAGUE E LEVE,1.1726039399558574,9.0,8.93,7.86,4.28,1.0,15.0467,5.4715,23.0,23.0,66.0,281.82,0,static
test_q4_2024,2024-10-03,1314,LOJA 1314,18064,NEOSORO SOLUCAO NASAL ADULTO 30ML,45151,1,PAGUE E LEVE,1.1726039399558574,9.0,8.93,7.86,4.28,1.0,14.9847,5.4715,5.0,5.0,56.0,239.12,0,static
test_q4_2024,2024-10-04,1314,LOJA 1314,18064,NEOSORO SOLUCAO NASAL ADULTO 30ML,45151,1,PAGUE E LEVE,1.1726039399558574,9.0,8.93,7.86,4.28,1.0,15.2769,5.4715,14.0,14.0,51.0,217.77,0,static
test_q4_2024,2024-10-05,1314,LOJA 1314,18064,NEOSORO SOLUCAO NASAL ADULTO 30ML,45151,1,PAGUE E LEVE,1.1726039399558574,9.0,8.93,7.86,4.28,1.0,17.3602,5.4715,16.0,16.0,37.0,157.99,0,static
test_q4_2024,2024-10-06,1314,LOJA 1314,18064,NEOSORO SOLUCAO NASAL ADULTO 30ML,45151,1,PAGUE E LEVE,1.1726039399558574,9.0,8.93,7.86,4.28,1.0,16.1695,5.4715,8.0,8.0,,,0,static
test_q4_2024,2024-10-07,1314,LOJA 1314,18064,NEOSORO SOLUCAO NASAL ADULTO 30ML,45151,1,PAGUE E LEVE,1.1726039399558574,9.0,8.93,7.86,4.28,1.0,16.9058,5.4715,25.0,25.0,42.0,179.76,0,static
test_q4_2024,2024-10-08,1314,LOJA 1314,18064,NEOSORO SOLUCAO NASAL ADULTO 30ML,45151,1,PAGUE E LEVE,1.1726039399558574,9.0,8.93,7.86,4.28,1.0,16.1993,5.4715,24.0,24.0,52.0,222.56,0,static
test_q4_2024,2024-10-09,1314,LOJA 1314,18064,NEOSORO SOLUCAO NASAL ADULTO 30ML,45151,1,PAGUE E LEVE,1.1726039399558574,9.0,8.93,7.86,4.28,1.0,16.2975,5.4715,6.0,6.0,28.0,119.84,0,static
test_q4_2024,2024-10-10,1314,LOJA 1314,18064,NEOSORO SOLUCAO NASAL ADULTO 30ML,45151,1,PAGUE E LEVE,1.1726039399558574,9.0,8.93,7.86,4.28,1.0,16.1729,5.4715,13.0,13.0,22.0,94.16,0,static
test_q4_2024,2024-10-11,1314,LOJA 1314,18064,NEOSORO SOLUCAO NASAL ADULTO 30ML,45151,1,PAGUE E LEVE,1.1726039399558574,9.0,8.93,7.86,4.28,1.0,16.4338,5.4715,14.0,14.0,26.0,111.28,0,static
test_q4_2024,2024-10-12,1314,LOJA 1314,18064,NEOSORO SOLUCAO NASAL ADULTO 30ML,45151,1,PAGUE E LEVE,1.1726039399558574,9.0,8.93,7.86,4.28,1.0,18.2045,5.4715,7.0,7.0,12.0,51.36,0,static
test_q4_2024,2024-10-13,1314,LOJA 1314,18064,NEOSORO SOLUCAO NASAL ADULTO 30ML,45151,1,PAGUE E LEVE,1.1726039399558574,9.0,8.93,7.86,4.28,1.0,16.6229,5.4715,6.0,6.0,,,0,static
test_q4_2024,2024-10-14,1314,LOJA 1314,18064,NEOSORO SOLUCAO NASAL ADULTO 30ML,45151,1,PAGUE E LEVE,1.1726039399558574,9.0,8.93,7.86,4.28,1.0,16.7651,5.4715,0.0,0.0,59.0,252.52,0,static
test_q4_2024,2024-10-15,1314,LOJA 1314,18064,NEOSORO SOLUCAO NASAL ADULTO 30ML,45151,1,PAGUE E LEVE,1.1726039399558574,9.0,8.93,7.86,4.28,1.0,15.8241,5.4715,10.0,10.0,59.0,252.52,0,static
test_q4_2024,2024-10-16,1314,LOJA 1314,18064,NEOSORO SOLUCAO NASAL ADULTO 30ML,45151,1,PAGUE E LEVE,1.1726039399558574,9.0,8.93,7.86,4.28,1.0,15.4063,5.4715,11.0,11.0,49.0,209.72,0,static
test_q4_2024,2024-10-17,1314,LOJA 1314,18064,NEOSORO SOLUCAO NASAL ADULTO 30ML,45151,1,PAGUE E LEVE,1.1726039399558574,9.0,8.93,7.86,4.28,1.0,15.4694,5.4715,6.0,6.0,65.0,278.2,0,static
test_q4_2024,2024-10-18,1314,LOJA 1314,18064,NEOSORO SOLUCAO NASAL ADULTO 30ML,45151,1,PAGUE E LEVE,1.1726039399558574,9.0,8.93,7.86,4.28,1.0,15.5427,5.4715,15.0,15.0,59.0,252.52,0,static
test_q4_2024,2024-10-19,1314,LOJA 1314,18064,NEOSORO SOLUCAO NASAL ADULTO 30ML,45151,1,PAGUE E LEVE,1.1726039399558574,9.0,8.93,7.86,4.28,1.0,17.4071,5.4715,3.0,3.0,104.0,445.12,0,static
test_q4_2024,2024-10-20,1314,LOJA 1314,18064,NEOSORO SOLUCAO NASAL ADULTO 30ML,45151,1,PAGUE E LEVE,1.1726039399558574,9.0,8.93,7.86,4.28,1.0,15.9663,5.4715,13.0,13.0,,,0,static
test_q4_2024,2024-10-21,1314,LOJA 1314,18064,NEOSORO SOLUCAO NASAL ADULTO 30ML,45151,1,PAGUE E LEVE,1.1726039399558574,9.0,8.93,7.86,4.28,1.0,16.4368,5.4715,8.0,8.0,88.0,376.64,0,static
test_q4_2024,2024-10-22,1314,LOJA 1314,18064,NEOSORO SOLUCAO NASAL ADULTO 30ML,45151,1,PAGUE E LEVE,1.1726039399558574,9.0,8.93,7.86,4.28,1.0,15.5427,5.4715,12.0,12.0,89.0,380.92,0,static
test_q4_2024,2024-10-23,1314,LOJA 1314,18064,NEOSORO SOLUCAO NASAL ADULTO 30ML,45151,1,PAGUE E LEVE,1.1726039399558574,9.0,8.93,7.86,4.28,1.0,14.9373,5.4715,1.0,1.0,77.0,329.56,0,static
test_q4_2024,2024-10-24,1314,LOJA 1314,18064,NEOSORO SOLUCAO NASAL ADULTO 30ML,45151,1,PAGUE E LEVE,1.1726039399558574,9.0,8.93,7.86,4.28,1.0,14.5626,5.4715,8.0,8.0,89.0,380.92,0,static
test_q4_2024,2024-10-25,1314,LOJA 1314,18064,NEOSORO SOLUCAO NASAL ADULTO 30ML,45151,1,PAGUE E LEVE,1.1726039399558574,9.0,8.93,7.86,4.28,1.0,14.5264,5.4715,14.0,14.0,81.0,346.68,0,static
test_q4_2024,2024-10-26,1314,LOJA 1314,18064,NEOSORO SOLUCAO NASAL ADULTO 30ML,45151,1,PAGUE E LEVE,1.1726039399558574,9.0,8.93,7.86,4.28,1.0,16.5003,5.4715,6.0,6.0,91.0,389.48,0,static
test_q4_2024,2024-10-27,1314,LOJA 1314,18064,NEOSORO SOLUCAO NASAL ADULTO 30ML,45151,1,PAGUE E LEVE,1.1726039399558574,9.0,8.93,7.86,4.28,1.0,15.1689,5.4715,16.0,16.0,,,0,static
test_q4_2024,2024-10-28,1314,LOJA 1314,18064,NEOSORO SOLUCAO NASAL ADULTO 30ML,45151,1,PAGUE E LEVE,1.1726039399558574,9.0,8.93,7.86,4.28,1.0,15.4361,5.4715,9.0,9.0,69.0,295.32,0,static
test_q4_2024,2024-10-29,1314,LOJA 1314,18064,NEOSORO SOLUCAO NASAL ADULTO 30ML,45151,1,PAGUE E LEVE,1.1726039399558574,9.0,8.93,7.86,4.28,1.0,14.4013,5.4715,4.0,4.0,73.0,312.44,0,static
test_q4_2024,2024-10-30,1314,LOJA 1314,18064,NEOSORO SOLUCAO NASAL ADULTO 30ML,45151,1,PAGUE E LEVE,1.1726039399558574,9.0,8.93,7.86,4.28,1.0,14.0305,5.4715,9.0,9.0,69.0,295.32,0,static
test_q4_2024,2024-10-31,1314,LOJA 1314,18064,NEOSORO SOLUCAO NASAL ADULTO 30ML,45151,1,PAGUE E LEVE,1.1726039399558574,9.0,8.93,7.86,4.28,1.0,13.7026,5.4715,5.0,5.0,60.0,256.8,0,static
test_q4_2024,2024-11-01,1314,LOJA 1314,18064,NEOSORO SOLUCAO NASAL ADULTO 30ML,45151,0,,1.1726039399558574,9.0,8.93,7.86,4.28,1.0,11.3615,5.4715,16.0,16.0,77.0,329.56,0,static
test_q4_2024,2024-11-02,1314,LOJA 1314,18064,NEOSORO SOLUCAO NASAL ADULTO 30ML,45151,0,,1.1726039399558574,9.0,8.93,7.86,4.28,1.0,12.8982,5.4715,6.0,6.0,61.0,261.08,0,static
test_q4_2024,2024-11-03,1314,LOJA 1314,18064,NEOSORO SOLUCAO NASAL ADULTO 30ML,45151,0,,1.1726039399558574,9.0,8.93,7.86,4.28,1.0,11.7361,5.4715,4.0,4.0,,,0,static
test_q4_2024,2024-11-04,1314,LOJA 1314,18064,NEOSORO SOLUCAO NASAL ADULTO 30ML,45151,0,,1.1726039399558574,9.0,8.93,7.86,4.28,1.0,12.0307,5.4715,5.0,5.0,51.0,218.28,0,static
test_q4_2024,2024-11-05,1314,LOJA 1314,18064,NEOSORO SOLUCAO NASAL ADULTO 30ML,45151,0,,1.1726039399558574,9.0,8.93,7.86,4.28,1.0,10.7748,5.4715,7.0,7.0,106.0,453.68,0,static
test_q4_2024,2024-11-06,1314,LOJA 1314,18064,NEOSORO SOLUCAO NASAL ADULTO 30ML,45151,0,,1.1726039399558574,9.0,8.93,7.86,4.28,1.0,10.2586,5.4715,10.0,10.0,99.0,423.72,0,static
test_q4_2024,2024-11-07,1314,LOJA 1314,18064,NEOSORO SOLUCAO NASAL ADULTO 30ML,45151,0,,1.1726039399558574,9.0,8.93,7.86,4.28,1.0,9.939,5.4715,13.0,13.0,89.0,380.92,0,static
test_q4_2024,2024-11-08,1314,LOJA 1314,18064,NEOSORO SOLUCAO NASAL ADULTO 30ML,45151,0,,1.1726039399558574,9.0,8.93,7.86,4.28,1.0,10.2415,5.4715,2.0,2.0,79.0,338.12,0,static
test_q4_2024,2024-11-09,1314,LOJA 1314,18064,NEOSORO SOLUCAO NASAL ADULTO 30ML,45151,0,,1.1726039399558574,9.0,8.93,7.86,4.28,1.0,12.0448,5.4715,10.0,10.0,93.0,398.04,0,static
test_q4_2024,2024-11-10,1314,LOJA 1314,18064,NEOSORO SOLUCAO NASAL ADULTO 30ML,45151,0,,1.1726039399558574,9.0,8.93,7.86,4.28,1.0,10.7627,5.4715,7.0,7.0,,,0,static
test_q4_2024,2024-11-11,1314,LOJA 1314,18064,NEOSORO SOLUCAO NASAL ADULTO 30ML,45151,0,,1.1726039399558574,9.0,8.93,7.86,4.28,1.0,11.004,5.4715,8.0,8.0,76.0,325.28,0,static
test_q4_2024,2024-11-12,1314,LOJA 1314,18064,NEOSORO SOLUCAO NASAL ADULTO 30ML,45151,0,,1.1726039399558574,9.0,8.93,7.86,4.28,1.0,10.0015,5.4715,14.0,14.0,86.0,368.08,0,static
test_q4_2024,2024-11-13,1314,LOJA 1314,18064,NEOSORO SOLUCAO NASAL ADULTO 30ML,45151,0,,1.1726039399558574,9.0,8.93,7.86,4.28,1.0,10.0186,5.4715,8.0,8.0,72.0,308.16,0,static
test_q4_2024,2024-11-14,1314,LOJA 1314,18064,NEOSORO SOLUCAO NASAL ADULTO 30ML,45151,0,,1.1726039399558574,9.0,8.93,7.86,4.28,1.0,9.8457,5.4715,11.0,11.0,64.0,273.92,0,static
test_q4_2024,2024-11-15,1314,LOJA 1314,18064,NEOSORO SOLUCAO NASAL ADULTO 30ML,45151,0,,1.1726039399558574,9.0,8.93,7.86,4.28,1.0,10.1482,5.4715,5.0,5.0,65.0,278.2,0,static
test_q4_2024,2024-11-16,1314,LOJA 1314,18064,NEOSORO SOLUCAO NASAL ADULTO 30ML,45151,0,,1.1726039399558574,9.0,8.93,7.86,4.28,1.0,11.8715,5.4715,8.0,8.0,60.0,256.8,0,static
test_q4_2024,2024-11-17,1314,LOJA 1314,18064,NEOSORO SOLUCAO NASAL ADULTO 30ML,45151,0,,1.1726039399558574,9.0,8.93,7.86,4.28,1.0,10.7227,5.4715,7.0,7.0,,,0,static
test_q4_2024,2024-11-18,1314,LOJA 1314,18064,NEOSORO SOLUCAO NASAL ADULTO 30ML,45151,0,,1.1726039399558574,9.0,8.93,7.86,4.28,1.0,11.1907,5.4715,4.0,4.0,45.0,192.6,0,static
test_q4_2024,2024-11-19,1314,LOJA 1314,18064,NEOSORO SOLUCAO NASAL ADULTO 30ML,45151,0,,1.1726039399558574,9.0,8.93,7.86,4.28,1.0,10.0948,5.4715,10.0,10.0,64.0,273.92,0,static
test_q4_2024,2024-11-20,1314,LOJA 1314,18064,NEOSORO SOLUCAO NASAL ADULTO 30ML,45151,0,,1.1726039399558574,9.0,8.93,7.86,4.28,1.0,10.1252,5.4715,10.0,10.0,114.0,487.92,0,static
test_q4_2024,2024-11-21,1314,LOJA 1314,18064,NEOSORO SOLUCAO NASAL ADULTO 30ML,45151,0,,1.1726039399558574,9.0,8.93,7.86,4.28,1.0,9.819,5.4715,6.0,6.0,104.0,445.12,0,static
test_q4_2024,2024-11-22,1314,LOJA 1314,18064,NEOSORO SOLUCAO NASAL ADULTO 30ML,45151,0,,1.1726039399558574,9.0,8.93,7.86,4.28,1.0,10.0015,5.4715,7.0,7.0,103.0,440.84,0,static
test_q4_2024,2024-11-23,1314,LOJA 1314,18064,NEOSORO SOLUCAO NASAL ADULTO 30ML,45151,0,,1.1726039399558574,9.0,8.93,7.86,4.28,1.0,11.6848,5.4715,6.0,6.0,115.0,492.2,0,static
test_q4_2024,2024-11-24,1314,LOJA 1314,18064,NEOSORO SOLUCAO NASAL ADULTO 30ML,45151,0,,1.1726039399558574,9.0,8.93,7.86,4.28,1.0,10.4027,5.4715,5.0,5.0,,,0,static
test_q4_2024,2024-11-25,1314,LOJA 1314,18064,NEOSORO SOLUCAO NASAL ADULTO 30ML,45151,0,,1.1726039399558574,9.0,8.93,7.86,4.28,1.0,10.8973,5.4715,6.0,6.0,104.0,445.12,0,static
test_q4_2024,2024-11-26,1314,LOJA 1314,18064,NEOSORO SOLUCAO NASAL ADULTO 30ML,45151,0,,1.1726039399558574,9.0,8.93,7.86,4.28,1.0,9.9348,5.4715,13.0,13.0,118.0,505.04,0,static
test_q4_2024,2024-11-27,1314,LOJA 1314,18064,NEOSORO SOLUCAO NASAL ADULTO 30ML,45151,0,,1.1726039399558574,9.0,8.93,7.86,4.28,1.0,10.0052,5.4715,4.0,4.0,105.0,449.4,0,static
test_q4_2024,2024-11-28,1314,LOJA 1314,18064,NEOSORO SOLUCAO NASAL ADULTO 30ML,45151,0,,1.1726039399558574,9.0,8.93,7.86,4.28,1.0,9.6457,5.4715,8.0,8.0,110.0,470.8,0,static
test_q4_2024,2024-11-29,1314,LOJA 1314,18064,NEOSORO SOLUCAO NASAL ADULTO 30ML,45151,0,,1.1726039399558574,9.0,8.93,7.86,4.28,1.0,9.7882,5.4715,11.0,11.0,102.0,436.56,0,static
test_q4_2024,2024-11-30,1314,LOJA 1314,18064,NEOSORO SOLUCAO NASAL ADULTO 30ML,45151,0,,1.1726039399558574,9.0,8.93,7.86,4.28,1.0,11.6315,5.4715,16.0,16.0,91.0,389.48,0,static
test_q4_2024,2024-12-01,1314,LOJA 1314,18064,NEOSORO SOLUCAO NASAL ADULTO 30ML,45151,0,,1.1726039399558574,9.0,8.93,7.86,4.28,1.0,10.3627,5.4715,7.0,7.0,,,0,static
test_q4_2024,2024-12-02,1314,LOJA 1314,18064,NEOSORO SOLUCAO NASAL ADULTO 30ML,45151,0,,1.1726039399558574,9.0,8.93,7.86,4.28,1.0,10.804,5.4715,10.0,10.0,88.0,376.64,0,static
test_q4_2024,2024-12-03,1314,LOJA 1314,18064,NEOSORO SOLUCAO NASAL ADULTO 30ML,45151,0,,1.1726039399558574,9.0,8.93,7.86,4.28,1.0,9.8015,5.4715,7.0,7.0,96.0,410.88,0,static
test_q4_2024,2024-12-04,1314,LOJA 1314,18064,NEOSORO SOLUCAO NASAL ADULTO 30ML,45151,0,,1.1726039399558574,9.0,8.93,7.86,4.28,1.0,9.9519,5.4715,12.0,12.0,89.0,380.92,0,static
test_q4_2024,2024-12-05,1314,LOJA 1314,18064,NEOSORO SOLUCAO NASAL ADULTO 30ML,45151,0,,1.1726039399558574,9.0,8.93,7.86,4.28,1.0,9.6857,5.4715,7.0,7.0,77.0,329.56,0,static
test_q4_2024,2024-12-06,1314,LOJA 1314,18064,NEOSORO SOLUCAO NASAL ADULTO 30ML,45151,0,,1.1726039399558574,9.0,8.93,7.86,4.28,1.0,9.9082,5.4715,1.0,1.0,70.0,299.6,0,static
test_q4_2024,2024-12-07,1314,LOJA 1314,18064,NEOSORO SOLUCAO NASAL ADULTO 30ML,45151,0,,1.1726039399558574,9.0,8.93,7.86,4.28,1.0,11.7648,5.4715,13.0,13.0,129.0,552.12,0,static
test_q4_2024,2024-12-08,1314,LOJA 1314,18064,NEOSORO SOLUCAO NASAL ADULTO 30ML,45151,0,,1.1726039399558574,9.0,8.93,7.86,4.28,1.0,10.5227,5.4715,10.0,10.0,,,0,static
test_q4_2024,2024-12-09,1314,LOJA 1314,18064,NEOSORO SOLUCAO NASAL ADULTO 30ML,45151,0,,1.1726039399558574,9.0,8.93,7.86,4.28,1.0,10.964,5.4715,4.0,4.0,116.0,496.48,0,static
test_q4_2024,2024-12-10,1314,LOJA 1314,18064,NEOSORO SOLUCAO NASAL ADULTO 30ML,45151,0,,1.1726039399558574,9.0,8.93,7.86,4.28,1.0,9.9615,5.4715,4.0,4.0,102.0,436.56,0,static
test_q4_2024,2024-12-11,1314,LOJA 1314,18064,NEOSORO SOLUCAO NASAL ADULTO 30ML,45151,0,,1.1726039399558574,9.0,8.93,7.86,4.28,1.0,10.2186,5.4715,14.0,14.0,98.0,419.44,0,static
test_q4_2024,2024-12-12,1314,LOJA 1314,18064,NEOSORO SOLUCAO NASAL ADULTO 30ML,45151,0,,1.1726039399558574,9.0,8.93,7.86,4.28,1.0,9.899,5.4715,13.0,13.0,84.0,359.52,0,static
test_q4_2024,2024-12-13,1314,LOJA 1314,18064,NEOSORO SOLUCAO NASAL ADULTO 30ML,45151,0,,1.1726039399558574,9.0,8.93,7.86,4.28,1.0,10.1748,5.4715,14.0,14.0,71.0,303.88,0,static
test_q4_2024,2024-12-14,1314,LOJA 1314,18064,NEOSORO SOLUCAO NASAL ADULTO 30ML,45151,0,,1.1726039399558574,9.0,8.93,7.86,4.28,1.0,11.9382,5.4715,16.0,16.0,57.0,243.96,0,static
test_q4_2024,2024-12-15,1314,LOJA 1314,18064,NEOSORO SOLUCAO NASAL ADULTO 30ML,45151,0,,1.1726039399558574,9.0,8.93,7.86,4.28,1.0,10.5361,5.4715,8.0,8.0,,,0,static
test_q4_2024,2024-12-16,1314,LOJA 1314,18064,NEOSORO SOLUCAO NASAL ADULTO 30ML,45151,0,,1.1726039399558574,9.0,8.93,7.86,4.28,1.0,10.9907,5.4715,9.0,9.0,56.0,239.68,0,static
test_q4_2024,2024-12-17,1314,LOJA 1314,18064,NEOSORO SOLUCAO NASAL ADULTO 30ML,45151,0,,1.1726039399558574,9.0,8.93,7.86,4.28,1.0,9.9482,5.4715,8.0,8.0,47.0,201.16,0,static
test_q4_2024,2024-12-18,1314,LOJA 1314,18064,NEOSORO SOLUCAO NASAL ADULTO 30ML,45151,0,,1.1726039399558574,9.0,8.93,7.86,4.28,1.0,10.0586,5.4715,10.0,10.0,56.0,239.68,0,static
test_q4_2024,2024-12-19,1314,LOJA 1314,18064,NEOSORO SOLUCAO NASAL ADULTO 30ML,45151,0,,1.1726039399558574,9.0,8.93,7.86,4.28,1.0,9.699,5.4715,3.0,3.0,46.0,196.88,0,static
test_q4_2024,2024-12-20,1314,LOJA 1314,18064,NEOSORO SOLUCAO NASAL ADULTO 30ML,45151,0,,1.1726039399558574,9.0,8.93,7.86,4.28,1.0,9.8815,5.4715,8.0,8.0,64.0,273.92,0,static
test_q4_2024,2024-12-21,1314,LOJA 1314,18064,NEOSORO SOLUCAO NASAL ADULTO 30ML,45151,0,,1.1726039399558574,9.0,8.93,7.86,4.28,1.0,11.6848,5.4715,8.0,8.0,56.0,239.68,0,static
test_q4_2024,2024-12-22,1314,LOJA 1314,18064,NEOSORO SOLUCAO NASAL ADULTO 30ML,45151,0,,1.1726039399558574,9.0,8.93,7.86,4.28,1.0,10.4827,5.4715,5.0,5.0,,,0,static
test_q4_2024,2024-12-23,1314,LOJA 1314,18064,NEOSORO SOLUCAO NASAL ADULTO 30ML,45151,0,,1.1726039399558574,9.0,8.93,7.86,4.28,1.0,10.924,5.4715,5.0,5.0,103.0,440.84,0,static
test_q4_2024,2024-12-24,1314,LOJA 1314,18064,NEOSORO SOLUCAO NASAL ADULTO 30ML,45151,0,,1.1726039399558574,9.0,8.93,7.86,4.28,1.0,10.0415,5.4715,7.0,7.0,98.0,419.44,0,static
test_q4_2024,2024-12-25,1314,LOJA 1314,18064,NEOSORO SOLUCAO NASAL ADULTO 30ML,45151,0,,1.1726039399558574,9.0,8.93,7.86,4.28,1.0,10.0319,5.4715,10.0,10.0,91.0,389.48,0,static
test_q4_2024,2024-12-26,1314,LOJA 1314,18064,NEOSORO SOLUCAO NASAL ADULTO 30ML,45151,0,,1.1726039399558574,9.0,8.93,7.86,4.28,1.0,9.5923,5.4715,15.0,15.0,81.0,346.68,0,static
test_q4_2024,2024-12-27,1314,LOJA 1314,18064,NEOSORO SOLUCAO NASAL ADULTO 30ML,45151,0,,1.1726039399558574,9.0,8.93,7.86,4.28,1.0,9.8282,5.4715,12.0,12.0,70.0,299.6,0,static
test_q4_2024,2024-12-28,1314,LOJA 1314,18064,NEOSORO SOLUCAO NASAL ADULTO 30ML,45151,0,,1.1726039399558574,9.0,8.93,7.86,4.28,1.0,11.6182,5.4715,10.0,10.0,58.0,248.24,0,static
test_q4_2024,2024-12-29,1314,LOJA 1314,18064,NEOSORO SOLUCAO NASAL ADULTO 30ML,45151,0,,1.1726039399558574,9.0,8.93,7.86,4.28,1.0,10.3761,5.4715,8.0,8.0,,,0,static
test_q4_2024,2024-12-30,1314,LOJA 1314,18064,NEOSORO SOLUCAO NASAL ADULTO 30ML,45151,0,,1.1726039399558574,9.0,8.93,7.86,4.28,1.0,10.9373,5.4715,13.0,13.0,40.0,171.2,0,static
test_q4_2024,2024-12-31,1314,LOJA 1314,18064,NEOSORO SOLUCAO NASAL ADULTO 30ML,45151,0,,1.1726039399558574,9.0,8.93,7.86,4.28,1.0,10.0548,5.4715,11.0,11.0,46.0,196.88,0,static
test_q4_2024,2024-10-01,1314,LOJA 1314,20635,ABRILAR XAROPE 100ML,87021,0,,1.0,9.0,34.83,41.5,29.62,1.0,0.2578,0.5284,0.0,0.0,11.0,340.78,0,static
test_q4_2024,2024-10-02,1314,LOJA 1314,20635,ABRILAR XAROPE 100ML,87021,0,,1.0,9.0,34.83,41.5,29.62,1.0,0.3624,0.5284,1.0,1.0,11.0,340.78,0,static
test_q4_2024,2024-10-03,1314,LOJA 1314,20635,ABRILAR XAROPE 100ML,87021,0,,1.0,9.0,34.83,41.5,29.62,1.0,0.2311,0.5284,0.0,0.0,10.0,309.8,0,static
test_q4_2024,2024-10-04,1314,LOJA 1314,20635,ABRILAR XAROPE 100ML,87021,0,,1.0,9.0,34.83,41.5,29.62,1.0,0.4936,0.5284,0.0,0.0,10.0,309.8,0,static
test_q4_2024,2024-10-05,1314,LOJA 1314,20635,ABRILAR XAROPE 100ML,87021,0,,1.0,9.0,34.83,41.5,29.62,1.0,0.292,0.5284,0.0,0.0,10.0,309.8,0,static
test_q4_2024,2024-10-06,1314,LOJA 1314,20635,ABRILAR XAROPE 100ML,87021,0,,1.0,9.0,34.83,41.5,29.62,1.0,0.292,0.5284,1.0,1.0,,,0,static
test_q4_2024,2024-10-07,1314,LOJA 1314,20635,ABRILAR XAROPE 100ML,87021,0,,1.0,9.0,34.83,41.5,29.62,1.0,0.292,0.5284,1.0,1.0,10.0,310.0,0,static
test_q4_2024,2024-10-08,1314,LOJA 1314,20635,ABRILAR XAROPE 100ML,87021,0,,1.0,9.0,34.83,41.5,29.62,1.0,0.2445,0.5284,0.0,0.0,10.0,310.2,0,static
test_q4_2024,2024-10-09,1314,LOJA 1314,20635,ABRILAR XAROPE 100ML,87021,0,,1.0,9.0,34.83,41.5,29.62,1.0,0.3757,0.5284,0.0,0.0,10.0,310.2,0,static
test_q4_2024,2024-10-10,1314,LOJA 1314,20635,ABRILAR XAROPE 100ML,87021,0,,1.0,9.0,34.83,41.5,29.62,1.0,0.2445,0.5284,1.0,1.0,10.0,310.2,0,static
test_q4_2024,2024-10-11,1314,LOJA 1314,20635,ABRILAR XAROPE 100ML,87021,0,,1.0,9.0,34.83,41.5,29.62,1.0,0.507,0.5284,0.0,0.0,9.0,279.18,0,static
test_q4_2024,2024-10-12,1314,LOJA 1314,20635,ABRILAR XAROPE 100ML,87021,0,,1.0,9.0,34.83,41.5,29.62,1.0,0.332,0.5284,0.0,0.0,9.0,279.18,0,static
test_q4_2024,2024-10-13,1314,LOJA 1314,20635,ABRILAR XAROPE 100ML,87021,0,,1.0,9.0,34.83,41.5,29.62,1.0,0.332,0.5284,2.0,2.0,,,0,static
test_q4_2024,2024-10-14,1314,LOJA 1314,20635,ABRILAR XAROPE 100ML,87021,0,,1.0,9.0,34.83,41.5,29.62,1.0,0.332,0.5284,1.0,1.0,7.0,217.14,0,static
test_q4_2024,2024-10-15,1314,LOJA 1314,20635,ABRILAR XAROPE 100ML,87021,0,,1.0,9.0,34.83,41.5,29.62,1.0,0.2445,0.5284,0.0,0.0,6.0,186.12,0,static
test_q4_2024,2024-10-16,1314,LOJA 1314,20635,ABRILAR XAROPE 100ML,87021,0,,1.0,9.0,34.83,41.5,29.62,1.0,0.3757,0.5284,0.0,0.0,6.0,186.12,0,static
test_q4_2024,2024-10-17,1314,LOJA 1314,20635,ABRILAR XAROPE 100ML,87021,0,,1.0,9.0,34.83,41.5,29.62,1.0,0.3245,0.5284,1.0,1.0,6.0,186.12,0,static
test_q4_2024,2024-10-18,1314,LOJA 1314,20635,ABRILAR XAROPE 100ML,87021,0,,1.0,9.0,34.83,41.5,29.62,1.0,0.587,0.5284,0.0,0.0,5.0,155.1,0,static
test_q4_2024,2024-10-19,1314,LOJA 1314,20635,ABRILAR XAROPE 100ML,87021,0,,1.0,9.0,34.83,41.5,29.62,1.0,0.412,0.5284,0.0,0.0,8.0,243.92,0,static
test_q4_2024,2024-10-20,1314,LOJA 1314,20635,ABRILAR XAROPE 100ML,87021,0,,1.0,9.0,34.83,41.5,29.62,1.0,0.412,0.5284,0.0,0.0,,,0,static
test_q4_2024,2024-10-21,1314,LOJA 1314,20635,ABRILAR XAROPE 100ML,87021,0,,1.0,9.0,34.83,41.5,29.62,1.0,0.412,0.5284,1.0,1.0,8.0,243.92,0,static
test_q4_2024,2024-10-22,1314,LOJA 1314,20635,ABRILAR XAROPE 100ML,87021,0,,1.0,9.0,34.83,41.5,29.62,1.0,0.3245,0.5284,0.0,0.0,8.0,243.12,0,static
test_q4_2024,2024-10-23,1314,LOJA 1314,20635,ABRILAR XAROPE 100ML,87021,0,,1.0,9.0,34.83,41.5,29.62,1.0,0.4157,0.5284,0.0,0.0,8.0,243.12,0,static
test_q4_2024,2024-10-24,1314,LOJA 1314,20635,ABRILAR XAROPE 100ML,87021,0,,1.0,9.0,34.83,41.5,29.62,1.0,0.2845,0.5284,1.0,1.0,8.0,243.12,0,static
test_q4_2024,2024-10-25,1314,LOJA 1314,20635,ABRILAR XAROPE 100ML,87021,0,,1.0,9.0,34.83,41.5,29.62,1.0,0.547,0.5284,0.0,0.0,7.0,212.73,0,static
test_q4_2024,2024-10-26,1314,LOJA 1314,20635,ABRILAR XAROPE 100ML,87021,0,,1.0,9.0,34.83,41.5,29.62,1.0,0.372,0.5284,0.0,0.0,8.0,242.32,0,static
test_q4_2024,2024-10-27,1314,LOJA 1314,20635,ABRILAR XAROPE 100ML,87021,0,,1.0,9.0,34.83,41.5,29.62,1.0,0.372,0.5284,1.0,1.0,,,0,static
test_q4_2024,2024-10-28,1314,LOJA 1314,20635,ABRILAR XAROPE 100ML,87021,0,,1.0,9.0,34.83,41.5,29.62,1.0,0.3853,0.5284,0.0,0.0,7.0,212.03,0,static
test_q4_2024,2024-10-29,1314,LOJA 1314,20635,ABRILAR XAROPE 100ML,87021,0,,1.0,9.0,34.83,41.5,29.62,1.0,0.2978,0.5284,0.0,0.0,7.0,212.03,0,static
test_q4_2024,2024-10-30,1314,LOJA 1314,20635,ABRILAR XAROPE 100ML,87021,0,,1.0,9.0,34.83,41.5,29.62,1.0,0.429,0.5284,0.0,0.0,7.0,212.03,0,static
test_q4_2024,2024-10-31,1314,LOJA 1314,20635,ABRILAR XAROPE 100ML,87021,0,,1.0,9.0,34.83,41.5,29.62,1.0,0.3111,0.5284,0.0,0.0,7.0,212.03,0,static
test_q4_2024,2024-11-01,1314,LOJA 1314,20635,ABRILAR XAROPE 100ML,87021,0,,1.0,9.0,34.83,41.5,29.62,1.0,0.4936,0.5284,0.0,0.0,8.0,241.6,0,static
test_q4_2024,2024-11-02,1314,LOJA 1314,20635,ABRILAR XAROPE 100ML,87021,0,,1.0,9.0,34.83,41.5,29.62,1.0,0.3186,0.5284,0.0,0.0,8.0,241.6,0,static
test_q4_2024,2024-11-03,1314,LOJA 1314,20635,ABRILAR XAROPE 100ML,87021,0,,1.0,9.0,34.83,41.5,29.62,1.0,0.3186,0.5284,1.0,1.0,,,0,static
test_q4_2024,2024-11-04,1314,LOJA 1314,20635,ABRILAR XAROPE 100ML,87021,0,,1.0,9.0,34.83,41.5,29.62,1.0,0.3186,0.5284,1.0,1.0,7.0,211.4,0,static
test_q4_2024,2024-11-05,1314,LOJA 1314,20635,ABRILAR XAROPE 100ML,87021,0,,1.0,9.0,34.83,41.5,29.62,1.0,0.2311,0.5284,1.0,1.0,7.0,210.77,0,static
test_q4_2024,2024-11-06,1314,LOJA 1314,20635,ABRILAR XAROPE 100ML,87021,0,,1.0,9.0,34.83,41.5,29.62,1.0,0.3624,0.5284,0.0,0.0,6.0,180.66,0,static
test_q4_2024,2024-11-07,1314,LOJA 1314,20635,ABRILAR XAROPE 100ML,87021,0,,1.0,9.0,34.83,41.5,29.62,1.0,0.2445,0.5284,0.0,0.0,6.0,180.66,0,static
test_q4_2024,2024-11-08,1314,LOJA 1314,20635,ABRILAR XAROPE 100ML,87021,0,,1.0,9.0,34.83,41.5,29.62,1.0,0.507,0.5284,0.0,0.0,7.0,210.28,0,static
test_q4_2024,2024-11-09,1314,LOJA 1314,20635,ABRILAR XAROPE 100ML,87021,0,,1.0,9.0,34.83,41.5,29.62,1.0,0.3453,0.5284,2.0,2.0,9.0,269.46,0,static
test_q4_2024,2024-11-10,1314,LOJA 1314,20635,ABRILAR XAROPE 100ML,87021,0,,1.0,9.0,34.83,41.5,29.62,1.0,0.3453,0.5284,0.0,0.0,,,0,static
test_q4_2024,2024-11-11,1314,LOJA 1314,20635,ABRILAR XAROPE 100ML,87021,0,,1.0,9.0,34.83,41.5,29.62,1.0,0.3453,0.5284,1.0,1.0,7.0,209.58,0,static
test_q4_2024,2024-11-12,1314,LOJA 1314,20635,ABRILAR XAROPE 100ML,87021,0,,1.0,9.0,34.83,41.5,29.62,1.0,0.2445,0.5284,1.0,1.0,7.0,209.23,0,static
test_q4_2024,2024-11-13,1314,LOJA 1314,20635,ABRILAR XAROPE 100ML,87021,0,,1.0,9.0,34.83,41.5,29.62,1.0,0.3757,0.5284,0.0,0.0,6.0,179.34,0,static
test_q4_2024,2024-11-14,1314,LOJA 1314,20635,ABRILAR XAROPE 100ML,87021,0,,1.0,9.0,34.83,41.5,29.62,1.0,0.2445,0.5284,0.0,0.0,6.0,179.34,0,static
test_q4_2024,2024-11-15,1314,LOJA 1314,20635,ABRILAR XAROPE 100ML,87021,0,,1.0,9.0,34.83,41.5,29.62,1.0,0.507,0.5284,0.0,0.0,6.0,179.34,0,static
test_q4_2024,2024-11-16,1314,LOJA 1314,20635,ABRILAR XAROPE 100ML,87021,0,,1.0,9.0,34.83,41.5,29.62,1.0,0.332,0.5284,1.0,1.0,6.0,179.34,0,static
test_q4_2024,2024-11-17,1314,LOJA 1314,20635,ABRILAR XAROPE 100ML,87021,0,,1.0,9.0,34.83,41.5,29.62,1.0,0.332,0.5284,0.0,0.0,,,0,static
test_q4_2024,2024-11-18,1314,LOJA 1314,20635,ABRILAR XAROPE 100ML,87021,0,,1.0,9.0,34.83,41.5,29.62,1.0,0.332,0.5284,1.0,1.0,5.0,149.45,0,static
test_q4_2024,2024-11-19,1314,LOJA 1314,20635,ABRILAR XAROPE 100ML,87021,0,,1.0,9.0,34.83,41.5,29.62,1.0,0.2578,0.5284,0.0,0.0,7.0,208.39,0,static
test_q4_2024,2024-11-20,1314,LOJA 1314,20635,ABRILAR XAROPE 100ML,87021,0,,1.0,9.0,34.83,41.5,29.62,1.0,0.389,0.5284,0.0,0.0,8.0,238.0,0,static
test_q4_2024,2024-11-21,1314,LOJA 1314,20635,ABRILAR XAROPE 100ML,87021,0,,1.0,9.0,34.83,41.5,29.62,1.0,0.2578,0.5284,0.0,0.0,8.0,238.0,0,static
test_q4_2024,2024-11-22,1314,LOJA 1314,20635,ABRILAR XAROPE 100ML,87021,0,,1.0,9.0,34.83,41.5,29.62,1.0,0.507,0.5284,0.0,0.0,9.0,267.57,0,static
test_q4_2024,2024-11-23,1314,LOJA 1314,20635,ABRILAR XAROPE 100ML,87021,0,,1.0,9.0,34.83,41.5,29.62,1.0,0.332,0.5284,0.0,0.0,11.0,326.81,0,static
test_q4_2024,2024-11-24,1314,LOJA 1314,20635,ABRILAR XAROPE 100ML,87021,0,,1.0,9.0,34.83,41.5,29.62,1.0,0.3186,0.5284,1.0,1.0,,,0,static
test_q4_2024,2024-11-25,1314,LOJA 1314,20635,ABRILAR XAROPE 100ML,87021,0,,1.0,9.0,34.83,41.5,29.62,1.0,0.3186,0.5284,0.0,0.0,10.0,297.1,0,static
test_q4_2024,2024-11-26,1314,LOJA 1314,20635,ABRILAR XAROPE 100ML,87021,0,,1.0,9.0,34.83,41.5,29.62,1.0,0.2311,0.5284,0.0,0.0,10.0,297.1,0,static
test_q4_2024,2024-11-27,1314,LOJA 1314,20635,ABRILAR XAROPE 100ML,87021,0,,1.0,9.0,34.83,41.5,29.62,1.0,0.3624,0.5284,1.0,1.0,10.0,297.1,0,static
test_q4_2024,2024-11-28,1314,LOJA 1314,20635,ABRILAR XAROPE 100ML,87021,0,,1.0,9.0,34.83,41.5,29.62,1.0,0.2311,0.5284,0.0,0.0,9.0,267.39,0,static
test_q4_2024,2024-11-29,1314,LOJA 1314,20635,ABRILAR XAROPE 100ML,87021,0,,1.0,9.0,34.83,41.5,29.62,1.0,0.507,0.5284,0.0,0.0,9.0,267.39,0,static
test_q4_2024,2024-11-30,1314,LOJA 1314,20635,ABRILAR XAROPE 100ML,87021,0,,1.0,9.0,34.83,41.5,29.62,1.0,0.3186,0.5284,1.0,1.0,9.0,267.39,0,static
test_q4_2024,2024-12-01,1314,LOJA 1314,20635,ABRILAR XAROPE 100ML,87021,0,,1.0,9.0,34.83,41.5,29.62,1.0,0.3186,0.5284,0.0,0.0,,,0,static
test_q4_2024,2024-12-02,1314,LOJA 1314,20635,ABRILAR XAROPE 100ML,87021,0,,1.0,9.0,34.83,41.5,29.62,1.0,0.3186,0.5284,0.0,0.0,9.0,267.3,0,static
test_q4_2024,2024-12-03,1314,LOJA 1314,20635,ABRILAR XAROPE 100ML,87021,0,,1.0,9.0,34.83,41.5,29.62,1.0,0.2311,0.5284,0.0,0.0,10.0,296.9,0,static
test_q4_2024,2024-12-04,1314,LOJA 1314,20635,ABRILAR XAROPE 100ML,87021,0,,1.0,9.0,34.83,41.5,29.62,1.0,0.349,0.5284,1.0,1.0,10.0,296.9,0,static
test_q4_2024,2024-12-05,1314,LOJA 1314,20635,ABRILAR XAROPE 100ML,87021,0,,1.0,9.0,34.83,41.5,29.62,1.0,0.2178,0.5284,0.0,0.0,9.0,267.21,0,static
test_q4_2024,2024-12-06,1314,LOJA 1314,20635,ABRILAR XAROPE 100ML,87021,0,,1.0,9.0,34.83,41.5,29.62,1.0,0.4803,0.5284,0.0,0.0,9.0,267.21,0,static
test_q4_2024,2024-12-07,1314,LOJA 1314,20635,ABRILAR XAROPE 100ML,87021,0,,1.0,9.0,34.83,41.5,29.62,1.0,0.3186,0.5284,1.0,1.0,9.0,267.21,0,static
test_q4_2024,2024-12-08,1314,LOJA 1314,20635,ABRILAR XAROPE 100ML,87021,0,,1.0,9.0,34.83,41.5,29.62,1.0,0.3186,0.5284,0.0,0.0,,,0,static
test_q4_2024,2024-12-09,1314,LOJA 1314,20635,ABRILAR XAROPE 100ML,87021,0,,1.0,9.0,34.83,41.5,29.62,1.0,0.332,0.5284,0.0,0.0,8.0,237.52,0,static
test_q4_2024,2024-12-10,1314,LOJA 1314,20635,ABRILAR XAROPE 100ML,87021,0,,1.0,9.0,34.83,41.5,29.62,1.0,0.2445,0.5284,0.0,0.0,11.0,326.37,0,static
test_q4_2024,2024-12-11,1314,LOJA 1314,20635,ABRILAR XAROPE 100ML,87021,0,,1.0,9.0,34.83,41.5,29.62,1.0,0.3757,0.5284,0.0,0.0,11.0,326.37,0,static
test_q4_2024,2024-12-12,1314,LOJA 1314,20635,ABRILAR XAROPE 100ML,87021,0,,1.0,9.0,34.83,41.5,29.62,1.0,0.2445,0.5284,0.0,0.0,11.0,326.37,0,static
test_q4_2024,2024-12-13,1314,LOJA 1314,20635,ABRILAR XAROPE 100ML,87021,0,,1.0,9.0,34.83,41.5,29.62,1.0,0.507,0.5284,0.0,0.0,11.0,326.37,0,static
test_q4_2024,2024-12-14,1314,LOJA 1314,20635,ABRILAR XAROPE 100ML,87021,0,,1.0,9.0,34.83,41.5,29.62,1.0,0.332,0.5284,0.0,0.0,11.0,326.37,0,static
test_q4_2024,2024-12-15,1314,LOJA 1314,20635,ABRILAR XAROPE 100ML,87021,0,,1.0,9.0,34.83,41.5,29.62,1.0,0.332,0.5284,0.0,0.0,,,0,static
test_q4_2024,2024-12-16,1314,LOJA 1314,20635,ABRILAR XAROPE 100ML,87021,0,,1.0,9.0,34.83,41.5,29.62,1.0,0.332,0.5284,0.0,0.0,11.0,326.37,0,static
test_q4_2024,2024-12-17,1314,LOJA 1314,20635,ABRILAR XAROPE 100ML,87021,0,,1.0,9.0,34.83,41.5,29.62,1.0,0.2445,0.5284,0.0,0.0,11.0,326.37,0,static
test_q4_2024,2024-12-18,1314,LOJA 1314,20635,ABRILAR XAROPE 100ML,87021,0,,1.0,9.0,34.83,41.5,29.62,1.0,0.3757,0.5284,1.0,1.0,11.0,326.37,0,static
test_q4_2024,2024-12-19,1314,LOJA 1314,20635,ABRILAR XAROPE 100ML,87021,0,,1.0,9.0,34.83,41.5,29.62,1.0,0.2445,0.5284,0.0,0.0,10.0,296.7,0,static
test_q4_2024,2024-12-20,1314,LOJA 1314,20635,ABRILAR XAROPE 100ML,87021,0,,1.0,9.0,34.83,41.5,29.62,1.0,0.507,0.5284,0.0,0.0,10.0,296.7,0,static
test_q4_2024,2024-12-21,1314,LOJA 1314,20635,ABRILAR XAROPE 100ML,87021,0,,1.0,9.0,34.83,41.5,29.62,1.0,0.332,0.5284,0.0,0.0,10.0,296.7,0,static
test_q4_2024,2024-12-22,1314,LOJA 1314,20635,ABRILAR XAROPE 100ML,87021,0,,1.0,9.0,34.83,41.5,29.62,1.0,0.332,0.5284,0.0,0.0,,,0,static
test_q4_2024,2024-12-23,1314,LOJA 1314,20635,ABRILAR XAROPE 100ML,87021,0,,1.0,9.0,34.83,41.5,29.62,1.0,0.332,0.5284,0.0,0.0,10.0,296.7,0,static
test_q4_2024,2024-12-24,1314,LOJA 1314,20635,ABRILAR XAROPE 100ML,87021,0,,1.0,9.0,34.83,41.5,29.62,1.0,0.2311,0.5284,0.0,0.0,10.0,296.7,0,static
test_q4_2024,2024-12-25,1314,LOJA 1314,20635,ABRILAR XAROPE 100ML,87021,0,,1.0,9.0,34.83,41.5,29.62,1.0,0.3624,0.5284,0.0,0.0,10.0,296.7,0,static
test_q4_2024,2024-12-26,1314,LOJA 1314,20635,ABRILAR XAROPE 100ML,87021,0,,1.0,9.0,34.83,41.5,29.62,1.0,0.2311,0.5284,1.0,1.0,10.0,296.7,0,static
test_q4_2024,2024-12-27,1314,LOJA 1314,20635,ABRILAR XAROPE 100ML,87021,0,,1.0,9.0,34.83,41.5,29.62,1.0,0.4936,0.5284,0.0,0.0,10.0,296.6,0,static
test_q4_2024,2024-12-28,1314,LOJA 1314,20635,ABRILAR XAROPE 100ML,87021,0,,1.0,9.0,34.83,41.5,29.62,1.0,0.3186,0.5284,0.0,0.0,10.0,296.6,0,static
test_q4_2024,2024-12-29,1314,LOJA 1314,20635,ABRILAR XAROPE 100ML,87021,0,,1.0,9.0,34.83,41.5,29.62,1.0,0.3053,0.5284,0.0,0.0,,,0,static
test_q4_2024,2024-12-30,1314,LOJA 1314,20635,ABRILAR XAROPE 100ML,87021,0,,1.0,9.0,34.83,41.5,29.62,1.0,0.3053,0.5284,1.0,1.0,10.0,296.6,0,static
test_q4_2024,2024-12-31,1314,LOJA 1314,20635,ABRILAR XAROPE 100ML,87021,0,,1.0,9.0,34.83,41.5,29.62,1.0,0.2178,0.5284,0.0,0.0,9.0,266.94,0,static
test_q4_2024,2024-10-01,1314,LOJA 1314,21141,PERCOF XAROPE 120ML,96108,0,,1.0,9.0,33.92,45.21,31.81,1.0,0.4475,0.4941,1.0,1.0,5.0,158.95,0,static
test_q4_2024,2024-10-02,1314,LOJA 1314,21141,PERCOF XAROPE 120ML,96108,0,,1.0,9.0,33.92,45.21,31.81,1.0,0.4437,0.4941,1.0,1.0,4.0,127.16,0,static
test_q4_2024,2024-10-03,1314,LOJA 1314,21141,PERCOF XAROPE 120ML,96108,0,,1.0,9.0,33.92,45.21,31.81,1.0,0.4,0.4941,0.0,0.0,3.0,95.37,0,static
test_q4_2024,2024-10-04,1314,LOJA 1314,21141,PERCOF XAROPE 120ML,96108,0,,1.0,9.0,33.92,45.21,31.81,1.0,0.44,0.4941,2.0,2.0,3.0,95.37,0,static
test_q4_2024,2024-10-05,1314,LOJA 1314,21141,PERCOF XAROPE 120ML,96108,0,,1.0,9.0,33.92,45.21,31.81,1.0,0.3962,0.4941,0.0,0.0,1.0,31.79,0,static
test_q4_2024,2024-10-06,1314,LOJA 1314,21141,PERCOF XAROPE 120ML,96108,0,,1.0,9.0,33.92,45.21,31.81,1.0,0.4837,0.4941,0.0,0.0,,,0,static
test_q4_2024,2024-10-07,1314,LOJA 1314,21141,PERCOF XAROPE 120ML,96108,0,,1.0,9.0,33.92,45.21,31.81,1.0,0.3962,0.4941,1.0,1.0,3.0,95.37,0,static
test_q4_2024,2024-10-08,1314,LOJA 1314,21141,PERCOF XAROPE 120ML,96108,0,,1.0,9.0,33.92,45.21,31.81,1.0,0.4475,0.4941,0.0,0.0,4.0,127.16,0,static
test_q4_2024,2024-10-09,1314,LOJA 1314,21141,PERCOF XAROPE 120ML,96108,0,,1.0,9.0,33.92,45.21,31.81,1.0,0.3637,0.4941,1.0,1.0,4.0,127.16,0,static
test_q4_2024,2024-10-10,1314,LOJA 1314,21141,PERCOF XAROPE 120ML,96108,0,,1.0,9.0,33.92,45.21,31.81,1.0,0.32,0.4941,1.0,1.0,3.0,95.37,0,static
test_q4_2024,2024-10-11,1314,LOJA 1314,21141,PERCOF XAROPE 120ML,96108,0,,1.0,9.0,33.92,45.21,31.81,1.0,0.36,0.4941,0.0,0.0,10.0,317.9,0,static
test_q4_2024,2024-10-12,1314,LOJA 1314,21141,PERCOF XAROPE 120ML,96108,0,,1.0,9.0,33.92,45.21,31.81,1.0,0.3163,0.4941,1.0,1.0,10.0,317.9,0,static
test_q4_2024,2024-10-13,1314,LOJA 1314,21141,PERCOF XAROPE 120ML,96108,0,,1.0,9.0,33.92,45.21,31.81,1.0,0.4437,0.4941,1.0,1.0,,,0,static
test_q4_2024,2024-10-14,1314,LOJA 1314,21141,PERCOF XAROPE 120ML,96108,0,,1.0,9.0,33.92,45.21,31.81,1.0,0.3163,0.4941,0.0,0.0,9.0,286.11,0,static
test_q4_2024,2024-10-15,1314,LOJA 1314,21141,PERCOF XAROPE 120ML,96108,0,,1.0,9.0,33.92,45.21,31.81,1.0,0.4475,0.4941,1.0,1.0,9.0,286.11,0,static
test_q4_2024,2024-10-16,1314,LOJA 1314,21141,PERCOF XAROPE 120ML,96108,0,,1.0,9.0,33.92,45.21,31.81,1.0,0.4037,0.4941,0.0,0.0,8.0,254.32,0,static
test_q4_2024,2024-10-17,1314,LOJA 1314,21141,PERCOF XAROPE 120ML,96108,0,,1.0,9.0,33.92,45.21,31.81,1.0,0.32,0.4941,0.0,0.0,9.0,286.11,0,static
test_q4_2024,2024-10-18,1314,LOJA 1314,21141,PERCOF XAROPE 120ML,96108,0,,1.0,9.0,33.92,45.21,31.81,1.0,0.32,0.4941,0.0,0.0,9.0,286.11,0,static
test_q4_2024,2024-10-19,1314,LOJA 1314,21141,PERCOF XAROPE 120ML,96108,0,,1.0,9.0,33.92,45.21,31.81,1.0,0.2363,0.4941,0.0,0.0,12.0,381.48,0,static
test_q4_2024,2024-10-20,1314,LOJA 1314,21141,PERCOF XAROPE 120ML,96108,0,,1.0,9.0,33.92,45.21,31.81,1.0,0.3237,0.4941,0.0,0.0,,,0,static
test_q4_2024,2024-10-21,1314,LOJA 1314,21141,PERCOF XAROPE 120ML,96108,0,,1.0,9.0,33.92,45.21,31.81,1.0,0.2363,0.4941,0.0,0.0,12.0,381.48,0,static
test_q4_2024,2024-10-22,1314,LOJA 1314,21141,PERCOF XAROPE 120ML,96108,0,,1.0,9.0,33.92,45.21,31.81,1.0,0.3675,0.4941,0.0,0.0,13.0,413.27,0,static
test_q4_2024,2024-10-23,1314,LOJA 1314,21141,PERCOF XAROPE 120ML,96108,0,,1.0,9.0,33.92,45.21,31.81,1.0,0.3237,0.4941,0.0,0.0,13.0,413.27,0,static
test_q4_2024,2024-10-24,1314,LOJA 1314,21141,PERCOF XAROPE 120ML,96108,0,,1.0,9.0,33.92,45.21,31.81,1.0,0.28,0.4941,2.0,2.0,13.0,413.27,0,static
test_q4_2024,2024-10-25,1314,LOJA 1314,21141,PERCOF XAROPE 120ML,96108,0,,1.0,9.0,33.92,45.21,31.81,1.0,0.28,0.4941,1.0,1.0,11.0,349.69,0,static
test_q4_2024,2024-10-26,1314,LOJA 1314,21141,PERCOF XAROPE 120ML,96108,0,,1.0,9.0,33.92,45.21,31.81,1.0,0.1963,0.4941,0.0,0.0,10.0,317.9,0,static
test_q4_2024,2024-10-27,1314,LOJA 1314,21141,PERCOF XAROPE 120ML,96108,0,,1.0,9.0,33.92,45.21,31.81,1.0,0.2837,0.4941,0.0,0.0,,,0,static
test_q4_2024,2024-10-28,1314,LOJA 1314,21141,PERCOF XAROPE 120ML,96108,0,,1.0,9.0,33.92,45.21,31.81,1.0,0.1562,0.4941,0.0,0.0,10.0,317.9,0,static
test_q4_2024,2024-10-29,1314,LOJA 1314,21141,PERCOF XAROPE 120ML,96108,0,,1.0,9.0,33.92,45.21,31.81,1.0,0.2875,0.4941,1.0,1.0,10.0,317.9,0,static
test_q4_2024,2024-10-30,1314,LOJA 1314,21141,PERCOF XAROPE 120ML,96108,0,,1.0,9.0,33.92,45.21,31.81,1.0,0.2437,0.4941,0.0,0.0,9.0,286.11,0,static
test_q4_2024,2024-10-31,1314,LOJA 1314,21141,PERCOF XAROPE 120ML,96108,0,,1.0,9.0,33.92,45.21,31.81,1.0,0.2,0.4941,0.0,0.0,9.0,286.11,0,static
test_q4_2024,2024-11-01,1314,LOJA 1314,21141,PERCOF XAROPE 120ML,96108,0,,1.0,9.0,33.92,45.21,31.81,1.0,0.2133,0.4941,0.0,0.0,10.0,317.9,0,static
test_q4_2024,2024-11-02,1314,LOJA 1314,21141,PERCOF XAROPE 120ML,96108,0,,1.0,9.0,33.92,45.21,31.81,1.0,0.1696,0.4941,0.0,0.0,10.0,317.9,0,static
test_q4_2024,2024-11-03,1314,LOJA 1314,21141,PERCOF XAROPE 120ML,96108,0,,1.0,9.0,33.92,45.21,31.81,1.0,0.2571,0.4941,0.0,0.0,,,0,static
test_q4_2024,2024-11-04,1314,LOJA 1314,21141,PERCOF XAROPE 120ML,96108,0,,1.0,9.0,33.92,45.21,31.81,1.0,0.1696,0.4941,1.0,1.0,10.0,317.9,0,static
test_q4_2024,2024-11-05,1314,LOJA 1314,21141,PERCOF XAROPE 120ML,96108,0,,1.0,9.0,33.92,45.21,31.81,1.0,0.3008,0.4941,1.0,1.0,9.0,286.11,0,static
test_q4_2024,2024-11-06,1314,LOJA 1314,21141,PERCOF XAROPE 120ML,96108,0,,1.0,9.0,33.92,45.21,31.81,1.0,0.2571,0.4941,0.0,0.0,8.0,254.32,0,static
test_q4_2024,2024-11-07,1314,LOJA 1314,21141,PERCOF XAROPE 120ML,96108,0,,1.0,9.0,33.92,45.21,31.81,1.0,0.2133,0.4941,0.0,0.0,8.0,254.32,0,static
test_q4_2024,2024-11-08,1314,LOJA 1314,21141,PERCOF XAROPE 120ML,96108,0,,1.0,9.0,33.92,45.21,31.81,1.0,0.2267,0.4941,0.0,0.0,14.0,445.06,0,static
test_q4_2024,2024-11-09,1314,LOJA 1314,21141,PERCOF XAROPE 120ML,96108,0,,1.0,9.0,33.92,45.21,31.81,1.0,0.1963,0.4941,0.0,0.0,15.0,476.85,0,static
test_q4_2024,2024-11-10,1314,LOJA 1314,21141,PERCOF XAROPE 120ML,96108,0,,1.0,9.0,33.92,45.21,31.81,1.0,0.2837,0.4941,0.0,0.0,,,0,static
test_q4_2024,2024-11-11,1314,LOJA 1314,21141,PERCOF XAROPE 120ML,96108,0,,1.0,9.0,33.92,45.21,31.81,1.0,0.1963,0.4941,0.0,0.0,15.0,476.85,0,static
test_q4_2024,2024-11-12,1314,LOJA 1314,21141,PERCOF XAROPE 120ML,96108,0,,1.0,9.0,33.92,45.21,31.81,1.0,0.3275,0.4941,0.0,0.0,16.0,508.64,0,static
test_q4_2024,2024-11-13,1314,LOJA 1314,21141,PERCOF XAROPE 120ML,96108,0,,1.0,9.0,33.92,45.21,31.81,1.0,0.2837,0.4941,2.0,2.0,16.0,508.64,0,static
test_q4_2024,2024-11-14,1314,LOJA 1314,21141,PERCOF XAROPE 120ML,96108,0,,1.0,9.0,33.92,45.21,31.81,1.0,0.24,0.4941,0.0,0.0,14.0,445.06,0,static
test_q4_2024,2024-11-15,1314,LOJA 1314,21141,PERCOF XAROPE 120ML,96108,0,,1.0,9.0,33.92,45.21,31.81,1.0,0.24,0.4941,0.0,0.0,13.0,413.27,0,static
test_q4_2024,2024-11-16,1314,LOJA 1314,21141,PERCOF XAROPE 120ML,96108,0,,1.0,9.0,33.92,45.21,31.81,1.0,0.1829,0.4941,0.0,0.0,13.0,413.27,0,static
test_q4_2024,2024-11-17,1314,LOJA 1314,21141,PERCOF XAROPE 120ML,96108,0,,1.0,9.0,33.92,45.21,31.81,1.0,0.2704,0.4941,0.0,0.0,,,0,static
test_q4_2024,2024-11-18,1314,LOJA 1314,21141,PERCOF XAROPE 120ML,96108,0,,1.0,9.0,33.92,45.21,31.81,1.0,0.1829,0.4941,0.0,0.0,13.0,413.27,0,static
test_q4_2024,2024-11-19,1314,LOJA 1314,21141,PERCOF XAROPE 120ML,96108,0,,1.0,9.0,33.92,45.21,31.81,1.0,0.3142,0.4941,1.0,1.0,13.0,413.27,0,static
test_q4_2024,2024-11-20,1314,LOJA 1314,21141,PERCOF XAROPE 120ML,96108,0,,1.0,9.0,33.92,45.21,31.81,1.0,0.2704,0.4941,1.0,1.0,14.0,445.06,0,static
test_q4_2024,2024-11-21,1314,LOJA 1314,21141,PERCOF XAROPE 120ML,96108,0,,1.0,9.0,33.92,45.21,31.81,1.0,0.2267,0.4941,0.0,0.0,13.0,413.27,0,static
test_q4_2024,2024-11-22,1314,LOJA 1314,21141,PERCOF XAROPE 120ML,96108,0,,1.0,9.0,33.92,45.21,31.81,1.0,0.24,0.4941,0.0,0.0,13.0,413.27,0,static
test_q4_2024,2024-11-23,1314,LOJA 1314,21141,PERCOF XAROPE 120ML,96108,0,,1.0,9.0,33.92,45.21,31.81,1.0,0.1829,0.4941,0.0,0.0,13.0,413.27,0,static
test_q4_2024,2024-11-24,1314,LOJA 1314,21141,PERCOF XAROPE 120ML,96108,0,,1.0,9.0,33.92,45.21,31.81,1.0,0.2571,0.4941,2.0,2.0,,,0,static
test_q4_2024,2024-11-25,1314,LOJA 1314,21141,PERCOF XAROPE 120ML,96108,0,,1.0,9.0,33.92,45.21,31.81,1.0,0.1696,0.4941,0.0,0.0,11.0,349.69,0,static
test_q4_2024,2024-11-26,1314,LOJA 1314,21141,PERCOF XAROPE 120ML,96108,0,,1.0,9.0,33.92,45.21,31.81,1.0,0.3142,0.4941,1.0,1.0,12.0,381.48,0,static
test_q4_2024,2024-11-27,1314,LOJA 1314,21141,PERCOF XAROPE 120ML,96108,0,,1.0,9.0,33.92,45.21,31.81,1.0,0.2704,0.4941,0.0,0.0,11.0,349.69,0,static
test_q4_2024,2024-11-28,1314,LOJA 1314,21141,PERCOF XAROPE 120ML,96108,0,,1.0,9.0,33.92,45.21,31.81,1.0,0.2267,0.4941,0.0,0.0,11.0,349.69,0,static
test_q4_2024,2024-11-29,1314,LOJA 1314,21141,PERCOF XAROPE 120ML,96108,0,,1.0,9.0,33.92,45.21,31.81,1.0,0.2267,0.4941,2.0,2.0,11.0,349.69,0,static
test_q4_2024,2024-11-30,1314,LOJA 1314,21141,PERCOF XAROPE 120ML,96108,0,,1.0,9.0,33.92,45.21,31.81,1.0,0.1829,0.4941,0.0,0.0,9.0,286.11,0,static
test_q4_2024,2024-12-01,1314,LOJA 1314,21141,PERCOF XAROPE 120ML,96108,0,,1.0,9.0,33.92,45.21,31.81,1.0,0.2704,0.4941,0.0,0.0,,,0,static
test_q4_2024,2024-12-02,1314,LOJA 1314,21141,PERCOF XAROPE 120ML,96108,0,,1.0,9.0,33.92,45.21,31.81,1.0,0.1829,0.4941,0.0,0.0,9.0,286.11,0,static
test_q4_2024,2024-12-03,1314,LOJA 1314,21141,PERCOF XAROPE 120ML,96108,0,,1.0,9.0,33.92,45.21,31.81,1.0,0.3142,0.4941,0.0,0.0,9.0,286.11,0,static
test_q4_2024,2024-12-04,1314,LOJA 1314,21141,PERCOF XAROPE 120ML,96108,0,,1.0,9.0,33.92,45.21,31.81,1.0,0.2704,0.4941,0.0,0.0,9.0,286.11,0,static
test_q4_2024,2024-12-05,1314,LOJA 1314,21141,PERCOF XAROPE 120ML,96108,0,,1.0,9.0,33.92,45.21,31.81,1.0,0.2267,0.4941,0.0,0.0,12.0,381.48,0,static
test_q4_2024,2024-12-06,1314,LOJA 1314,21141,PERCOF XAROPE 120ML,96108,0,,1.0,9.0,33.92,45.21,31.81,1.0,0.2267,0.4941,0.0,0.0,12.0,381.48,0,static
test_q4_2024,2024-12-07,1314,LOJA 1314,21141,PERCOF XAROPE 120ML,96108,0,,1.0,9.0,33.92,45.21,31.81,1.0,0.1696,0.4941,1.0,1.0,13.0,413.27,0,static
test_q4_2024,2024-12-08,1314,LOJA 1314,21141,PERCOF XAROPE 120ML,96108,0,,1.0,9.0,33.92,45.21,31.81,1.0,0.2571,0.4941,0.0,0.0,,,0,static
test_q4_2024,2024-12-09,1314,LOJA 1314,21141,PERCOF XAROPE 120ML,96108,0,,1.0,9.0,33.92,45.21,31.81,1.0,0.1696,0.4941,1.0,1.0,12.0,381.48,0,static
test_q4_2024,2024-12-10,1314,LOJA 1314,21141,PERCOF XAROPE 120ML,96108,0,,1.0,9.0,33.92,45.21,31.81,1.0,0.3142,0.4941,1.0,1.0,11.0,349.69,0,static
test_q4_2024,2024-12-11,1314,LOJA 1314,21141,PERCOF XAROPE 120ML,96108,0,,1.0,9.0,33.92,45.21,31.81,1.0,0.2704,0.4941,0.0,0.0,10.0,317.9,0,static
test_q4_2024,2024-12-12,1314,LOJA 1314,21141,PERCOF XAROPE 120ML,96108,0,,1.0,9.0,33.92,45.21,31.81,1.0,0.2267,0.4941,0.0,0.0,10.0,317.9,0,static
test_q4_2024,2024-12-13,1314,LOJA 1314,21141,PERCOF XAROPE 120ML,96108,0,,1.0,9.0,33.92,45.21,31.81,1.0,0.2267,0.4941,0.0,0.0,10.0,317.9,0,static
test_q4_2024,2024-12-14,1314,LOJA 1314,21141,PERCOF XAROPE 120ML,96108,0,,1.0,9.0,33.92,45.21,31.81,1.0,0.1829,0.4941,0.0,0.0,10.0,317.9,0,static
test_q4_2024,2024-12-15,1314,LOJA 1314,21141,PERCOF XAROPE 120ML,96108,0,,1.0,9.0,33.92,45.21,31.81,1.0,0.2704,0.4941,0.0,0.0,,,0,static
test_q4_2024,2024-12-16,1314,LOJA 1314,21141,PERCOF XAROPE 120ML,96108,0,,1.0,9.0,33.92,45.21,31.81,1.0,0.1829,0.4941,1.0,1.0,12.0,381.48,0,static
test_q4_2024,2024-12-17,1314,LOJA 1314,21141,PERCOF XAROPE 120ML,96108,0,,1.0,9.0,33.92,45.21,31.81,1.0,0.3142,0.4941,0.0,0.0,11.0,349.69,0,static
test_q4_2024,2024-12-18,1314,LOJA 1314,21141,PERCOF XAROPE 120ML,96108,0,,1.0,9.0,33.92,45.21,31.81,1.0,0.2704,0.4941,1.0,1.0,12.0,381.48,0,static
test_q4_2024,2024-12-19,1314,LOJA 1314,21141,PERCOF XAROPE 120ML,96108,0,,1.0,9.0,33.92,45.21,31.81,1.0,0.2267,0.4941,0.0,0.0,11.0,349.69,0,static
test_q4_2024,2024-12-20,1314,LOJA 1314,21141,PERCOF XAROPE 120ML,96108,0,,1.0,9.0,33.92,45.21,31.81,1.0,0.2267,0.4941,0.0,0.0,11.0,349.69,0,static
test_q4_2024,2024-12-21,1314,LOJA 1314,21141,PERCOF XAROPE 120ML,96108,0,,1.0,9.0,33.92,45.21,31.81,1.0,0.1963,0.4941,0.0,0.0,11.0,349.69,0,static
test_q4_2024,2024-12-22,1314,LOJA 1314,21141,PERCOF XAROPE 120ML,96108,0,,1.0,9.0,33.92,45.21,31.81,1.0,0.2837,0.4941,2.0,2.0,,,0,static
test_q4_2024,2024-12-23,1314,LOJA 1314,21141,PERCOF XAROPE 120ML,96108,0,,1.0,9.0,33.92,45.21,31.81,1.0,0.1963,0.4941,1.0,1.0,9.0,286.11,0,static
test_q4_2024,2024-12-24,1314,LOJA 1314,21141,PERCOF XAROPE 120ML,96108,0,,1.0,9.0,33.92,45.21,31.81,1.0,0.3275,0.4941,0.0,0.0,9.0,286.11,0,static
test_q4_2024,2024-12-25,1314,LOJA 1314,21141,PERCOF XAROPE 120ML,96108,0,,1.0,9.0,33.92,45.21,31.81,1.0,0.2704,0.4941,0.0,0.0,9.0,286.11,0,static
test_q4_2024,2024-12-26,1314,LOJA 1314,21141,PERCOF XAROPE 120ML,96108,0,,1.0,9.0,33.92,45.21,31.81,1.0,0.2133,0.4941,0.0,0.0,9.0,286.11,0,static
test_q4_2024,2024-12-27,1314,LOJA 1314,21141,PERCOF XAROPE 120ML,96108,0,,1.0,9.0,33.92,45.21,31.81,1.0,0.2133,0.4941,0.0,0.0,9.0,286.11,0,static
test_q4_2024,2024-12-28,1314,LOJA 1314,21141,PERCOF XAROPE 120ML,96108,0,,1.0,9.0,33.92,45.21,31.81,1.0,0.1696,0.4941,1.0,1.0,9.0,286.11,0,static
test_q4_2024,2024-12-29,1314,LOJA 1314,21141,PERCOF XAROPE 120ML,96108,0,,1.0,9.0,33.92,45.21,31.81,1.0,0.2571,0.4941,0.0,0.0,,,0,static
test_q4_2024,2024-12-30,1314,LOJA 1314,21141,PERCOF XAROPE 120ML,96108,0,,1.0,9.0,33.92,45.21,31.81,1.0,0.1696,0.4941,0.0,0.0,8.0,254.32,0,static
test_q4_2024,2024-12-31,1314,LOJA 1314,21141,PERCOF XAROPE 120ML,96108,0,,1.0,9.0,33.92,45.21,31.81,1.0,0.3008,0.4941,0.0,0.0,11.0,349.69,0,static
test_q4_2024,2024-10-01,1314,LOJA 1314,31330,ABRILAR XAROPE 200ML,87021,0,,1.0,9.0,76.37,91.1,65.22,1.0,0.1426,0.2599,0.0,0.0,1.0,67.71,0,static
test_q4_2024,2024-10-02,1314,LOJA 1314,31330,ABRILAR XAROPE 200ML,87021,0,,1.0,9.0,76.37,91.1,65.22,1.0,0.1388,0.2599,0.0,0.0,1.0,67.71,0,static
test_q4_2024,2024-10-03,1314,LOJA 1314,31330,ABRILAR XAROPE 200ML,87021,0,,1.0,9.0,76.37,91.1,65.22,1.0,0.1388,0.2599,0.0,0.0,1.0,67.71,0,static
test_q4_2024,2024-10-04,1314,LOJA 1314,31330,ABRILAR XAROPE 200ML,87021,0,,1.0,9.0,76.37,91.1,65.22,1.0,0.1826,0.2599,0.0,0.0,1.0,67.71,0,static
test_q4_2024,2024-10-05,1314,LOJA 1314,31330,ABRILAR XAROPE 200ML,87021,0,,1.0,9.0,76.37,91.1,65.22,1.0,0.1388,0.2599,0.0,0.0,1.0,67.71,0,static
test_q4_2024,2024-10-06,1314,LOJA 1314,31330,ABRILAR XAROPE 200ML,87021,0,,1.0,9.0,76.37,91.1,65.22,1.0,0.1121,0.2599,0.0,0.0,,,0,static
test_q4_2024,2024-10-07,1314,LOJA 1314,31330,ABRILAR XAROPE 200ML,87021,0,,1.0,9.0,76.37,91.1,65.22,1.0,0.1996,0.2599,0.0,0.0,1.0,67.71,0,static
test_q4_2024,2024-10-08,1314,LOJA 1314,31330,ABRILAR XAROPE 200ML,87021,0,,1.0,9.0,76.37,91.1,65.22,1.0,0.1559,0.2599,0.0,0.0,2.0,135.42,0,static
test_q4_2024,2024-10-09,1314,LOJA 1314,31330,ABRILAR XAROPE 200ML,87021,0,,1.0,9.0,76.37,91.1,65.22,1.0,0.1121,0.2599,0.0,0.0,2.0,135.42,0,static
test_q4_2024,2024-10-10,1314,LOJA 1314,31330,ABRILAR XAROPE 200ML,87021,0,,1.0,9.0,76.37,91.1,65.22,1.0,0.1121,0.2599,0.0,0.0,2.0,135.42,0,static
test_q4_2024,2024-10-11,1314,LOJA 1314,31330,ABRILAR XAROPE 200ML,87021,0,,1.0,9.0,76.37,91.1,65.22,1.0,0.1559,0.2599,0.0,0.0,3.0,203.13,0,static
test_q4_2024,2024-10-12,1314,LOJA 1314,31330,ABRILAR XAROPE 200ML,87021,0,,1.0,9.0,76.37,91.1,65.22,1.0,0.1121,0.2599,0.0,0.0,3.0,203.13,0,static
test_q4_2024,2024-10-13,1314,LOJA 1314,31330,ABRILAR XAROPE 200ML,87021,0,,1.0,9.0,76.37,91.1,65.22,1.0,0.1121,0.2599,0.0,0.0,,,0,static
test_q4_2024,2024-10-14,1314,LOJA 1314,31330,ABRILAR XAROPE 200ML,87021,0,,1.0,9.0,76.37,91.1,65.22,1.0,0.1996,0.2599,0.0,0.0,3.0,203.13,0,static
test_q4_2024,2024-10-15,1314,LOJA 1314,31330,ABRILAR XAROPE 200ML,87021,0,,1.0,9.0,76.37,91.1,65.22,1.0,0.1159,0.2599,0.0,0.0,3.0,203.13,0,static
test_q4_2024,2024-10-16,1314,LOJA 1314,31330,ABRILAR XAROPE 200ML,87021,0,,1.0,9.0,76.37,91.1,65.22,1.0,0.0721,0.2599,0.0,0.0,3.0,203.13,0,static
test_q4_2024,2024-10-17,1314,LOJA 1314,31330,ABRILAR XAROPE 200ML,87021,0,,1.0,9.0,76.37,91.1,65.22,1.0,0.0321,0.2599,0.0,0.0,3.0,203.13,0,static
test_q4_2024,2024-10-18,1314,LOJA 1314,31330,ABRILAR XAROPE 200ML,87021,0,,1.0,9.0,76.37,91.1,65.22,1.0,0.0759,0.2599,0.0,0.0,3.0,203.13,0,static
test_q4_2024,2024-10-19,1314,LOJA 1314,31330,ABRILAR XAROPE 200ML,87021,0,,1.0,9.0,76.37,91.1,65.22,1.0,0.0321,0.2599,0.0,0.0,3.0,203.13,0,static
test_q4_2024,2024-10-20,1314,LOJA 1314,31330,ABRILAR XAROPE 200ML,87021,0,,1.0,9.0,76.37,91.1,65.22,1.0,0.0321,0.2599,0.0,0.0,,,0,static
test_q4_2024,2024-10-21,1314,LOJA 1314,31330,ABRILAR XAROPE 200ML,87021,0,,1.0,9.0,76.37,91.1,65.22,1.0,0.1196,0.2599,0.0,0.0,3.0,203.13,0,static
test_q4_2024,2024-10-22,1314,LOJA 1314,31330,ABRILAR XAROPE 200ML,87021,0,,1.0,9.0,76.37,91.1,65.22,1.0,0.0759,0.2599,0.0,0.0,3.0,203.13,0,static
test_q4_2024,2024-10-23,1314,LOJA 1314,31330,ABRILAR XAROPE 200ML,87021,0,,1.0,9.0,76.37,91.1,65.22,1.0,0.0321,0.2599,0.0,0.0,3.0,203.13,0,static
test_q4_2024,2024-10-24,1314,LOJA 1314,31330,ABRILAR XAROPE 200ML,87021,0,,1.0,9.0,76.37,91.1,65.22,1.0,0.0321,0.2599,0.0,0.0,3.0,203.13,0,static
test_q4_2024,2024-10-25,1314,LOJA 1314,31330,ABRILAR XAROPE 200ML,87021,0,,1.0,9.0,76.37,91.1,65.22,1.0,0.0759,0.2599,0.0,0.0,3.0,203.13,0,static
test_q4_2024,2024-10-26,1314,LOJA 1314,31330,ABRILAR XAROPE 200ML,87021,0,,1.0,9.0,76.37,91.1,65.22,1.0,0.0321,0.2599,0.0,0.0,3.0,203.13,0,static
test_q4_2024,2024-10-27,1314,LOJA 1314,31330,ABRILAR XAROPE 200ML,87021,0,,1.0,9.0,76.37,91.1,65.22,1.0,0.0321,0.2599,0.0,0.0,,,0,static
test_q4_2024,2024-10-28,1314,LOJA 1314,31330,ABRILAR XAROPE 200ML,87021,0,,1.0,9.0,76.37,91.1,65.22,1.0,0.1196,0.2599,1.0,1.0,3.0,203.13,0,static
test_q4_2024,2024-10-29,1314,LOJA 1314,31330,ABRILAR XAROPE 200ML,87021,0,,1.0,9.0,76.37,91.1,65.22,1.0,0.0759,0.2599,1.0,1.0,2.0,135.42,0,static
test_q4_2024,2024-10-30,1314,LOJA 1314,31330,ABRILAR XAROPE 200ML,87021,0,,1.0,9.0,76.37,91.1,65.22,1.0,0.0321,0.2599,0.0,0.0,1.0,67.71,0,static
test_q4_2024,2024-10-31,1314,LOJA 1314,31330,ABRILAR XAROPE 200ML,87021,0,,1.0,9.0,76.37,91.1,65.22,1.0,0.0321,0.2599,0.0,0.0,1.0,67.71,0,static
test_q4_2024,2024-11-01,1314,LOJA 1314,31330,ABRILAR XAROPE 200ML,87021,0,,1.0,9.0,76.37,91.1,65.22,1.0,0.0759,0.2599,0.0,0.0,1.0,67.71,0,static
test_q4_2024,2024-11-02,1314,LOJA 1314,31330,ABRILAR XAROPE 200ML,87021,0,,1.0,9.0,76.37,91.1,65.22,1.0,0.0321,0.2599,0.0,0.0,1.0,67.71,0,static
test_q4_2024,2024-11-03,1314,LOJA 1314,31330,ABRILAR XAROPE 200ML,87021,0,,1.0,9.0,76.37,91.1,65.22,1.0,0.0321,0.2599,0.0,0.0,,,0,static
test_q4_2024,2024-11-04,1314,LOJA 1314,31330,ABRILAR XAROPE 200ML,87021,0,,1.0,9.0,76.37,91.1,65.22,1.0,0.1196,0.2599,0.0,0.0,1.0,67.71,0,static
test_q4_2024,2024-11-05,1314,LOJA 1314,31330,ABRILAR XAROPE 200ML,87021,0,,1.0,9.0,76.37,91.1,65.22,1.0,0.0759,0.2599,0.0,0.0,2.0,132.58,0,static
test_q4_2024,2024-11-06,1314,LOJA 1314,31330,ABRILAR XAROPE 200ML,87021,0,,1.0,9.0,76.37,91.1,65.22,1.0,0.0321,0.2599,0.0,0.0,2.0,132.58,0,static
test_q4_2024,2024-11-07,1314,LOJA 1314,31330,ABRILAR XAROPE 200ML,87021,0,,1.0,9.0,76.37,91.1,65.22,1.0,0.0321,0.2599,0.0,0.0,2.0,132.58,0,static
test_q4_2024,2024-11-08,1314,LOJA 1314,31330,ABRILAR XAROPE 200ML,87021,0,,1.0,9.0,76.37,91.1,65.22,1.0,0.0759,0.2599,0.0,0.0,5.0,327.2,0,static
test_q4_2024,2024-11-09,1314,LOJA 1314,31330,ABRILAR XAROPE 200ML,87021,0,,1.0,9.0,76.37,91.1,65.22,1.0,0.0321,0.2599,0.0,0.0,5.0,327.2,0,static
test_q4_2024,2024-11-10,1314,LOJA 1314,31330,ABRILAR XAROPE 200ML,87021,0,,1.0,9.0,76.37,91.1,65.22,1.0,0.0321,0.2599,0.0,0.0,,,0,static
test_q4_2024,2024-11-11,1314,LOJA 1314,31330,ABRILAR XAROPE 200ML,87021,0,,1.0,9.0,76.37,91.1,65.22,1.0,0.1196,0.2599,0.0,0.0,5.0,327.2,0,static
test_q4_2024,2024-11-12,1314,LOJA 1314,31330,ABRILAR XAROPE 200ML,87021,0,,1.0,9.0,76.37,91.1,65.22,1.0,0.0759,0.2599,0.0,0.0,5.0,327.2,0,static
test_q4_2024,2024-11-13,1314,LOJA 1314,31330,ABRILAR XAROPE 200ML,87021,0,,1.0,9.0,76.37,91.1,65.22,1.0,0.0321,0.2599,0.0,0.0,5.0,327.2,0,static
test_q4_2024,2024-11-14,1314,LOJA 1314,31330,ABRILAR XAROPE 200ML,87021,0,,1.0,9.0,76.37,91.1,65.22,1.0,0.0321,0.2599,0.0,0.0,5.0,327.2,0,static
test_q4_2024,2024-11-15,1314,LOJA 1314,31330,ABRILAR XAROPE 200ML,87021,0,,1.0,9.0,76.37,91.1,65.22,1.0,0.0759,0.2599,1.0,1.0,5.0,327.2,0,static
test_q4_2024,2024-11-16,1314,LOJA 1314,31330,ABRILAR XAROPE 200ML,87021,0,,1.0,9.0,76.37,91.1,65.22,1.0,0.0455,0.2599,0.0,0.0,4.0,261.76,0,static
test_q4_2024,2024-11-17,1314,LOJA 1314,31330,ABRILAR XAROPE 200ML,87021,0,,1.0,9.0,76.37,91.1,65.22,1.0,0.0455,0.2599,0.0,0.0,,,0,static
test_q4_2024,2024-11-18,1314,LOJA 1314,31330,ABRILAR XAROPE 200ML,87021,0,,1.0,9.0,76.37,91.1,65.22,1.0,0.133,0.2599,0.0,0.0,4.0,261.76,0,static
test_q4_2024,2024-11-19,1314,LOJA 1314,31330,ABRILAR XAROPE 200ML,87021,0,,1.0,9.0,76.37,91.1,65.22,1.0,0.0892,0.2599,0.0,0.0,4.0,261.76,0,static
test_q4_2024,2024-11-20,1314,LOJA 1314,31330,ABRILAR XAROPE 200ML,87021,0,,1.0,9.0,76.37,91.1,65.22,1.0,0.0455,0.2599,0.0,0.0,4.0,261.76,0,static
test_q4_2024,2024-11-21,1314,LOJA 1314,31330,ABRILAR XAROPE 200ML,87021,0,,1.0,9.0,76.37,91.1,65.22,1.0,0.0455,0.2599,0.0,0.0,4.0,261.76,0,static
test_q4_2024,2024-11-22,1314,LOJA 1314,31330,ABRILAR XAROPE 200ML,87021,0,,1.0,9.0,76.37,91.1,65.22,1.0,0.0892,0.2599,0.0,0.0,4.0,261.76,0,static
test_q4_2024,2024-11-23,1314,LOJA 1314,31330,ABRILAR XAROPE 200ML,87021,0,,1.0,9.0,76.37,91.1,65.22,1.0,0.0455,0.2599,0.0,0.0,4.0,261.76,0,static
test_q4_2024,2024-11-24,1314,LOJA 1314,31330,ABRILAR XAROPE 200ML,87021,0,,1.0,9.0,76.37,91.1,65.22,1.0,0.0455,0.2599,0.0,0.0,,,0,static
test_q4_2024,2024-11-25,1314,LOJA 1314,31330,ABRILAR XAROPE 200ML,87021,0,,1.0,9.0,76.37,91.1,65.22,1.0,0.133,0.2599,1.0,1.0,4.0,261.76,0,static
test_q4_2024,2024-11-26,1314,LOJA 1314,31330,ABRILAR XAROPE 200ML,87021,0,,1.0,9.0,76.37,91.1,65.22,1.0,0.0892,0.2599,0.0,0.0,3.0,196.32,0,static
test_q4_2024,2024-11-27,1314,LOJA 1314,31330,ABRILAR XAROPE 200ML,87021,0,,1.0,9.0,76.37,91.1,65.22,1.0,0.0455,0.2599,0.0,0.0,3.0,196.32,0,static
test_q4_2024,2024-11-28,1314,LOJA 1314,31330,ABRILAR XAROPE 200ML,87021,0,,1.0,9.0,76.37,91.1,65.22,1.0,0.0455,0.2599,0.0,0.0,3.0,196.32,0,static
test_q4_2024,2024-11-29,1314,LOJA 1314,31330,ABRILAR XAROPE 200ML,87021,0,,1.0,9.0,76.37,91.1,65.22,1.0,0.0892,0.2599,0.0,0.0,3.0,196.32,0,static
test_q4_2024,2024-11-30,1314,LOJA 1314,31330,ABRILAR XAROPE 200ML,87021,0,,1.0,9.0,76.37,91.1,65.22,1.0,0.0455,0.2599,0.0,0.0,3.0,196.32,0,static
test_q4_2024,2024-12-01,1314,LOJA 1314,31330,ABRILAR XAROPE 200ML,87021,0,,1.0,9.0,76.37,91.1,65.22,1.0,0.0321,0.2599,0.0,0.0,,,0,static
test_q4_2024,2024-12-02,1314,LOJA 1314,31330,ABRILAR XAROPE 200ML,87021,0,,1.0,9.0,76.37,91.1,65.22,1.0,0.1196,0.2599,0.0,0.0,4.0,261.2,0,static
test_q4_2024,2024-12-03,1314,LOJA 1314,31330,ABRILAR XAROPE 200ML,87021,0,,1.0,9.0,76.37,91.1,65.22,1.0,0.0759,0.2599,0.0,0.0,4.0,261.2,0,static
test_q4_2024,2024-12-04,1314,LOJA 1314,31330,ABRILAR XAROPE 200ML,87021,0,,1.0,9.0,76.37,91.1,65.22,1.0,0.0321,0.2599,0.0,0.0,4.0,261.2,0,static
test_q4_2024,2024-12-05,1314,LOJA 1314,31330,ABRILAR XAROPE 200ML,87021,0,,1.0,9.0,76.37,91.1,65.22,1.0,0.0321,0.2599,1.0,1.0,4.0,261.2,0,static
test_q4_2024,2024-12-06,1314,LOJA 1314,31330,ABRILAR XAROPE 200ML,87021,0,,1.0,9.0,76.37,91.1,65.22,1.0,0.0759,0.2599,0.0,0.0,3.0,195.9,0,static
test_q4_2024,2024-12-07,1314,LOJA 1314,31330,ABRILAR XAROPE 200ML,87021,0,,1.0,9.0,76.37,91.1,65.22,1.0,0.0321,0.2599,0.0,0.0,3.0,195.9,0,static
test_q4_2024,2024-12-08,1314,LOJA 1314,31330,ABRILAR XAROPE 200ML,87021,0,,1.0,9.0,76.37,91.1,65.22,1.0,0.0321,0.2599,0.0,0.0,,,0,static
test_q4_2024,2024-12-09,1314,LOJA 1314,31330,ABRILAR XAROPE 200ML,87021,0,,1.0,9.0,76.37,91.1,65.22,1.0,0.1196,0.2599,0.0,0.0,3.0,195.9,0,static
test_q4_2024,2024-12-10,1314,LOJA 1314,31330,ABRILAR XAROPE 200ML,87021,0,,1.0,9.0,76.37,91.1,65.22,1.0,0.0759,0.2599,0.0,0.0,3.0,195.9,0,static
test_q4_2024,2024-12-11,1314,LOJA 1314,31330,ABRILAR XAROPE 200ML,87021,0,,1.0,9.0,76.37,91.1,65.22,1.0,0.0321,0.2599,0.0,0.0,3.0,195.9,0,static
test_q4_2024,2024-12-12,1314,LOJA 1314,31330,ABRILAR XAROPE 200ML,87021,0,,1.0,9.0,76.37,91.1,65.22,1.0,0.0321,0.2599,0.0,0.0,5.0,326.1,0,static
test_q4_2024,2024-12-13,1314,LOJA 1314,31330,ABRILAR XAROPE 200ML,87021,0,,1.0,9.0,76.37,91.1,65.22,1.0,0.0759,0.2599,0.0,0.0,5.0,326.1,0,static
test_q4_2024,2024-12-14,1314,LOJA 1314,31330,ABRILAR XAROPE 200ML,87021,0,,1.0,9.0,76.37,91.1,65.22,1.0,0.0321,0.2599,0.0,0.0,5.0,326.1,0,static
test_q4_2024,2024-12-15,1314,LOJA 1314,31330,ABRILAR XAROPE 200ML,87021,0,,1.0,9.0,76.37,91.1,65.22,1.0,0.0321,0.2599,0.0,0.0,,,0,static
test_q4_2024,2024-12-16,1314,LOJA 1314,31330,ABRILAR XAROPE 200ML,87021,0,,1.0,9.0,76.37,91.1,65.22,1.0,0.1196,0.2599,0.0,0.0,6.0,391.32,0,static
test_q4_2024,2024-12-17,1314,LOJA 1314,31330,ABRILAR XAROPE 200ML,87021,0,,1.0,9.0,76.37,91.1,65.22,1.0,0.0759,0.2599,0.0,0.0,6.0,391.32,0,static
test_q4_2024,2024-12-18,1314,LOJA 1314,31330,ABRILAR XAROPE 200ML,87021,0,,1.0,9.0,76.37,91.1,65.22,1.0,0.0321,0.2599,0.0,0.0,6.0,391.32,0,static
test_q4_2024,2024-12-19,1314,LOJA 1314,31330,ABRILAR XAROPE 200ML,87021,0,,1.0,9.0,76.37,91.1,65.22,1.0,0.0321,0.2599,0.0,0.0,6.0,391.32,0,static
test_q4_2024,2024-12-20,1314,LOJA 1314,31330,ABRILAR XAROPE 200ML,87021,0,,1.0,9.0,76.37,91.1,65.22,1.0,0.0759,0.2599,0.0,0.0,6.0,391.32,0,static
test_q4_2024,2024-12-21,1314,LOJA 1314,31330,ABRILAR XAROPE 200ML,87021,0,,1.0,9.0,76.37,91.1,65.22,1.0,0.0321,0.2599,0.0,0.0,6.0,391.32,0,static
test_q4_2024,2024-12-22,1314,LOJA 1314,31330,ABRILAR XAROPE 200ML,87021,0,,1.0,9.0,76.37,91.1,65.22,1.0,0.0321,0.2599,0.0,0.0,,,0,static
test_q4_2024,2024-12-23,1314,LOJA 1314,31330,ABRILAR XAROPE 200ML,87021,0,,1.0,9.0,76.37,91.1,65.22,1.0,0.1196,0.2599,0.0,0.0,6.0,391.32,0,static
test_q4_2024,2024-12-24,1314,LOJA 1314,31330,ABRILAR XAROPE 200ML,87021,0,,1.0,9.0,76.37,91.1,65.22,1.0,0.0759,0.2599,0.0,0.0,6.0,391.32,0,static
test_q4_2024,2024-12-25,1314,LOJA 1314,31330,ABRILAR XAROPE 200ML,87021,0,,1.0,9.0,76.37,91.1,65.22,1.0,0.0321,0.2599,0.0,0.0,6.0,391.32,0,static
test_q4_2024,2024-12-26,1314,LOJA 1314,31330,ABRILAR XAROPE 200ML,87021,0,,1.0,9.0,76.37,91.1,65.22,1.0,0.0321,0.2599,0.0,0.0,6.0,391.32,0,static
test_q4_2024,2024-12-27,1314,LOJA 1314,31330,ABRILAR XAROPE 200ML,87021,0,,1.0,9.0,76.37,91.1,65.22,1.0,0.0759,0.2599,0.0,0.0,6.0,391.32,0,static
test_q4_2024,2024-12-28,1314,LOJA 1314,31330,ABRILAR XAROPE 200ML,87021,0,,1.0,9.0,76.37,91.1,65.22,1.0,0.0321,0.2599,0.0,0.0,6.0,391.32,0,static
test_q4_2024,2024-12-29,1314,LOJA 1314,31330,ABRILAR XAROPE 200ML,87021,0,,1.0,9.0,76.37,91.1,65.22,1.0,0.0321,0.2599,0.0,0.0,,,0,static
test_q4_2024,2024-12-30,1314,LOJA 1314,31330,ABRILAR XAROPE 200ML,87021,0,,1.0,9.0,76.37,91.1,65.22,1.0,0.1196,0.2599,0.0,0.0,6.0,391.32,0,static
test_q4_2024,2024-12-31,1314,LOJA 1314,31330,ABRILAR XAROPE 200ML,87021,0,,1.0,9.0,76.37,91.1,65.22,1.0,0.0759,0.2599,0.0,0.0,6.0,391.32,0,static
test_q4_2024,2024-10-01,1314,LOJA 1314,35416,EXPECTAMIN XAROPE 120ML,102013,0,,1.0,9.0,23.52,25.52,15.48,1.0,0.0,0.0,0.0,0.0,5.0,76.7,0,static
test_q4_2024,2024-10-02,1314,LOJA 1314,35416,EXPECTAMIN XAROPE 120ML,102013,0,,1.0,9.0,23.52,25.52,15.48,1.0,0.0,0.0,0.0,0.0,5.0,76.7,0,static
test_q4_2024,2024-10-03,1314,LOJA 1314,35416,EXPECTAMIN XAROPE 120ML,102013,0,,1.0,9.0,23.52,25.52,15.48,1.0,0.0,0.0,0.0,0.0,5.0,76.7,0,static
test_q4_2024,2024-10-04,1314,LOJA 1314,35416,EXPECTAMIN XAROPE 120ML,102013,0,,1.0,9.0,23.52,25.52,15.48,1.0,0.0,0.0,0.0,0.0,5.0,76.7,0,static
test_q4_2024,2024-10-05,1314,LOJA 1314,35416,EXPECTAMIN XAROPE 120ML,102013,0,,1.0,9.0,23.52,25.52,15.48,1.0,0.0,0.0,0.0,0.0,5.0,76.7,0,static
test_q4_2024,2024-10-06,1314,LOJA 1314,35416,EXPECTAMIN XAROPE 120ML,102013,0,,1.0,9.0,23.52,25.52,15.48,1.0,0.0,0.0,0.0,0.0,,,0,static
test_q4_2024,2024-10-07,1314,LOJA 1314,35416,EXPECTAMIN XAROPE 120ML,102013,0,,1.0,9.0,23.52,25.52,15.48,1.0,0.0,0.0,0.0,0.0,5.0,76.7,0,static
test_q4_2024,2024-10-08,1314,LOJA 1314,35416,EXPECTAMIN XAROPE 120ML,102013,0,,1.0,9.0,23.52,25.52,15.48,1.0,0.0,0.0,0.0,0.0,5.0,76.7,0,static
test_q4_2024,2024-10-09,1314,LOJA 1314,35416,EXPECTAMIN XAROPE 120ML,102013,0,,1.0,9.0,23.52,25.52,15.48,1.0,0.0,0.0,0.0,0.0,5.0,76.7,0,static
test_q4_2024,2024-10-10,1314,LOJA 1314,35416,EXPECTAMIN XAROPE 120ML,102013,0,,1.0,9.0,23.52,25.52,15.48,1.0,0.0,0.0,0.0,0.0,5.0,76.7,0,static
test_q4_2024,2024-10-11,1314,LOJA 1314,35416,EXPECTAMIN XAROPE 120ML,102013,0,,1.0,9.0,23.52,25.52,15.48,1.0,0.0,0.0,0.0,0.0,5.0,76.7,0,static
test_q4_2024,2024-10-12,1314,LOJA 1314,35416,EXPECTAMIN XAROPE 120ML,102013,0,,1.0,9.0,23.52,25.52,15.48,1.0,0.0,0.0,1.0,1.0,5.0,76.7,0,static
test_q4_2024,2024-10-13,1314,LOJA 1314,35416,EXPECTAMIN XAROPE 120ML,102013,0,,1.0,9.0,23.52,25.52,15.48,1.0,0.0,0.0,0.0,0.0,,,0,static
test_q4_2024,2024-10-14,1314,LOJA 1314,35416,EXPECTAMIN XAROPE 120ML,102013,0,,1.0,9.0,23.52,25.52,15.48,1.0,0.0,0.0,0.0,0.0,4.0,61.36,0,static
test_q4_2024,2024-10-15,1314,LOJA 1314,35416,EXPECTAMIN XAROPE 120ML,102013,0,,1.0,9.0,23.52,25.52,15.48,1.0,0.0,0.0,0.0,0.0,4.0,61.36,0,static
test_q4_2024,2024-10-16,1314,LOJA 1314,35416,EXPECTAMIN XAROPE 120ML,102013,0,,1.0,9.0,23.52,25.52,15.48,1.0,0.0,0.0,0.0,0.0,4.0,61.36,0,static
test_q4_2024,2024-10-17,1314,LOJA 1314,35416,EXPECTAMIN XAROPE 120ML,102013,0,,1.0,9.0,23.52,25.52,15.48,1.0,0.0,0.0,0.0,0.0,4.0,61.36,0,static
test_q4_2024,2024-10-18,1314,LOJA 1314,35416,EXPECTAMIN XAROPE 120ML,102013,0,,1.0,9.0,23.52,25.52,15.48,1.0,0.0,0.0,0.0,0.0,4.0,61.36,0,static
test_q4_2024,2024-10-19,1314,LOJA 1314,35416,EXPECTAMIN XAROPE 120ML,102013,0,,1.0,9.0,23.52,25.52,15.48,1.0,0.0,0.0,0.0,0.0,5.0,76.85,0,static
test_q4_2024,2024-10-20,1314,LOJA 1314,35416,EXPECTAMIN XAROPE 120ML,102013,0,,1.0,9.0,23.52,25.52,15.48,1.0,0.0,0.0,0.0,0.0,,,0,static
test_q4_2024,2024-10-21,1314,LOJA 1314,35416,EXPECTAMIN XAROPE 120ML,102013,0,,1.0,9.0,23.52,25.52,15.48,1.0,0.0,0.0,0.0,0.0,5.0,76.85,0,static
test_q4_2024,2024-10-22,1314,LOJA 1314,35416,EXPECTAMIN XAROPE 120ML,102013,0,,1.0,9.0,23.52,25.52,15.48,1.0,0.0,0.0,0.0,0.0,5.0,76.85,0,static
test_q4_2024,2024-10-23,1314,LOJA 1314,35416,EXPECTAMIN XAROPE 120ML,102013,0,,1.0,9.0,23.52,25.52,15.48,1.0,0.0,0.0,0.0,0.0,5.0,76.85,0,static
test_q4_2024,2024-10-24,1314,LOJA 1314,35416,EXPECTAMIN XAROPE 120ML,102013,0,,1.0,9.0,23.52,25.52,15.48,1.0,0.0,0.0,0.0,0.0,5.0,76.85,0,static
test_q4_2024,2024-10-25,1314,LOJA 1314,35416,EXPECTAMIN XAROPE 120ML,102013,0,,1.0,9.0,23.52,25.52,15.48,1.0,0.0,0.0,0.0,0.0,5.0,76.85,0,static
test_q4_2024,2024-10-26,1314,LOJA 1314,35416,EXPECTAMIN XAROPE 120ML,102013,0,,1.0,9.0,23.52,25.52,15.48,1.0,0.0,0.0,0.0,0.0,5.0,76.85,0,static
test_q4_2024,2024-10-27,1314,LOJA 1314,35416,EXPECTAMIN XAROPE 120ML,102013,0,,1.0,9.0,23.52,25.52,15.48,1.0,0.0,0.0,0.0,0.0,,,0,static
test_q4_2024,2024-10-28,1314,LOJA 1314,35416,EXPECTAMIN XAROPE 120ML,102013,0,,1.0,9.0,23.52,25.52,15.48,1.0,0.0,0.0,0.0,0.0,5.0,76.85,0,static
test_q4_2024,2024-10-29,1314,LOJA 1314,35416,EXPECTAMIN XAROPE 120ML,102013,0,,1.0,9.0,23.52,25.52,15.48,1.0,0.0,0.0,0.0,0.0,5.0,76.85,0,static
test_q4_2024,2024-10-30,1314,LOJA 1314,35416,EXPECTAMIN XAROPE 120ML,102013,0,,1.0,9.0,23.52,25.52,15.48,1.0,0.0,0.0,0.0,0.0,5.0,76.85,0,static
test_q4_2024,2024-10-31,1314,LOJA 1314,35416,EXPECTAMIN XAROPE 120ML,102013,0,,1.0,9.0,23.52,25.52,15.48,1.0,0.0,0.0,0.0,0.0,5.0,76.85,0,static
test_q4_2024,2024-11-01,1314,LOJA 1314,35416,EXPECTAMIN XAROPE 120ML,102013,0,,1.0,9.0,23.52,25.52,15.48,1.0,0.0,0.0,0.0,0.0,5.0,76.85,0,static
test_q4_2024,2024-11-02,1314,LOJA 1314,35416,EXPECTAMIN XAROPE 120ML,102013,0,,1.0,9.0,23.52,25.52,15.48,1.0,0.0,0.0,0.0,0.0,5.0,76.85,0,static
test_q4_2024,2024-11-03,1314,LOJA 1314,35416,EXPECTAMIN XAROPE 120ML,102013,0,,1.0,9.0,23.52,25.52,15.48,1.0,0.0,0.0,0.0,0.0,,,0,static
test_q4_2024,2024-11-04,1314,LOJA 1314,35416,EXPECTAMIN XAROPE 120ML,102013,0,,1.0,9.0,23.52,25.52,15.48,1.0,0.0,0.0,0.0,0.0,5.0,76.85,0,static
test_q4_2024,2024-11-05,1314,LOJA 1314,35416,EXPECTAMIN XAROPE 120ML,102013,0,,1.0,9.0,23.52,25.52,15.48,1.0,0.0,0.0,0.0,0.0,5.0,76.85,0,static
test_q4_2024,2024-11-06,1314,LOJA 1314,35416,EXPECTAMIN XAROPE 120ML,102013,0,,1.0,9.0,23.52,25.52,15.48,1.0,0.0,0.0,0.0,0.0,5.0,76.85,0,static
test_q4_2024,2024-11-07,1314,LOJA 1314,35416,EXPECTAMIN XAROPE 120ML,102013,0,,1.0,9.0,23.52,25.52,15.48,1.0,0.0,0.0,0.0,0.0,5.0,76.85,0,static
test_q4_2024,2024-11-08,1314,LOJA 1314,35416,EXPECTAMIN XAROPE 120ML,102013,0,,1.0,9.0,23.52,25.52,15.48,1.0,0.0,0.0,0.0,0.0,5.0,76.85,0,static
test_q4_2024,2024-11-09,1314,LOJA 1314,35416,EXPECTAMIN XAROPE 120ML,102013,0,,1.0,9.0,23.52,25.52,15.48,1.0,0.0,0.0,0.0,0.0,5.0,76.85,0,static
test_q4_2024,2024-11-10,1314,LOJA 1314,35416,EXPECTAMIN XAROPE 120ML,102013,0,,1.0,9.0,23.52,25.52,15.48,1.0,0.0,0.0,0.0,0.0,,,0,static
test_q4_2024,2024-11-11,1314,LOJA 1314,35416,EXPECTAMIN XAROPE 120ML,102013,0,,1.0,9.0,23.52,25.52,15.48,1.0,0.0,0.0,0.0,0.0,5.0,76.85,0,static
test_q4_2024,2024-11-12,1314,LOJA 1314,35416,EXPECTAMIN XAROPE 120ML,102013,0,,1.0,9.0,23.52,25.52,15.48,1.0,0.0,0.0,0.0,0.0,5.0,76.85,0,static
test_q4_2024,2024-11-13,1314,LOJA 1314,35416,EXPECTAMIN XAROPE 120ML,102013,0,,1.0,9.0,23.52,25.52,15.48,1.0,0.0,0.0,0.0,0.0,5.0,76.85,0,static
test_q4_2024,2024-11-14,1314,LOJA 1314,35416,EXPECTAMIN XAROPE 120ML,102013,0,,1.0,9.0,23.52,25.52,15.48,1.0,0.0,0.0,0.0,0.0,5.0,76.85,0,static
test_q4_2024,2024-11-15,1314,LOJA 1314,35416,EXPECTAMIN XAROPE 120ML,102013,0,,1.0,9.0,23.52,25.52,15.48,1.0,0.0,0.0,0.0,0.0,5.0,76.85,0,static
test_q4_2024,2024-11-16,1314,LOJA 1314,35416,EXPECTAMIN XAROPE 120ML,102013,0,,1.0,9.0,23.52,25.52,15.48,1.0,0.0,0.0,0.0,0.0,5.0,76.85,0,static
test_q4_2024,2024-11-17,1314,LOJA 1314,35416,EXPECTAMIN XAROPE 120ML,102013,0,,1.0,9.0,23.52,25.52,15.48,1.0,0.0,0.0,0.0,0.0,,,0,static
test_q4_2024,2024-11-18,1314,LOJA 1314,35416,EXPECTAMIN XAROPE 120ML,102013,0,,1.0,9.0,23.52,25.52,15.48,1.0,0.0,0.0,0.0,0.0,5.0,76.85,0,static
test_q4_2024,2024-11-19,1314,LOJA 1314,35416,EXPECTAMIN XAROPE 120ML,102013,0,,1.0,9.0,23.52,25.52,15.48,1.0,0.0,0.0,0.0,0.0,5.0,76.85,0,static
test_q4_2024,2024-11-20,1314,LOJA 1314,35416,EXPECTAMIN XAROPE 120ML,102013,0,,1.0,9.0,23.52,25.52,15.48,1.0,0.0,0.0,0.0,0.0,5.0,76.85,0,static
test_q4_2024,2024-11-21,1314,LOJA 1314,35416,EXPECTAMIN XAROPE 120ML,102013,0,,1.0,9.0,23.52,25.52,15.48,1.0,0.0,0.0,0.0,0.0,5.0,76.85,0,static
test_q4_2024,2024-11-22,1314,LOJA 1314,35416,EXPECTAMIN XAROPE 120ML,102013,0,,1.0,9.0,23.52,25.52,15.48,1.0,0.0,0.0,0.0,0.0,5.0,76.85,0,static
test_q4_2024,2024-11-23,1314,LOJA 1314,35416,EXPECTAMIN XAROPE 120ML,102013,0,,1.0,9.0,23.52,25.52,15.48,1.0,0.0,0.0,0.0,0.0,5.0,76.85,0,static
test_q4_2024,2024-11-24,1314,LOJA 1314,35416,EXPECTAMIN XAROPE 120ML,102013,0,,1.0,9.0,23.52,25.52,15.48,1.0,0.0,0.0,0.0,0.0,,,0,static
test_q4_2024,2024-11-25,1314,LOJA 1314,35416,EXPECTAMIN XAROPE 120ML,102013,0,,1.0,9.0,23.52,25.52,15.48,1.0,0.0,0.0,0.0,0.0,5.0,76.85,0,static
test_q4_2024,2024-11-26,1314,LOJA 1314,35416,EXPECTAMIN XAROPE 120ML,102013,0,,1.0,9.0,23.52,25.52,15.48,1.0,0.0,0.0,0.0,0.0,6.0,92.22,0,static
test_q4_2024,2024-11-27,1314,LOJA 1314,35416,EXPECTAMIN XAROPE 120ML,102013,0,,1.0,9.0,23.52,25.52,15.48,1.0,0.0,0.0,0.0,0.0,6.0,92.22,0,static
test_q4_2024,2024-11-28,1314,LOJA 1314,35416,EXPECTAMIN XAROPE 120ML,102013,0,,1.0,9.0,23.52,25.52,15.48,1.0,0.0,0.0,0.0,0.0,6.0,92.22,0,static
test_q4_2024,2024-11-29,1314,LOJA 1314,35416,EXPECTAMIN XAROPE 120ML,102013,0,,1.0,9.0,23.52,25.52,15.48,1.0,0.0,0.0,0.0,0.0,6.0,92.22,0,static
test_q4_2024,2024-11-30,1314,LOJA 1314,35416,EXPECTAMIN XAROPE 120ML,102013,0,,1.0,9.0,23.52,25.52,15.48,1.0,0.0,0.0,0.0,0.0,6.0,92.22,0,static
test_q4_2024,2024-12-01,1314,LOJA 1314,35416,EXPECTAMIN XAROPE 120ML,102013,0,,1.0,9.0,23.52,25.52,15.48,1.0,0.0,0.0,0.0,0.0,,,0,static
test_q4_2024,2024-12-02,1314,LOJA 1314,35416,EXPECTAMIN XAROPE 120ML,102013,0,,1.0,9.0,23.52,25.52,15.48,1.0,0.0,0.0,0.0,0.0,6.0,92.22,0,static
test_q4_2024,2024-12-03,1314,LOJA 1314,35416,EXPECTAMIN XAROPE 120ML,102013,0,,1.0,9.0,23.52,25.52,15.48,1.0,0.0,0.0,1.0,1.0,6.0,92.22,0,static
test_q4_2024,2024-12-04,1314,LOJA 1314,35416,EXPECTAMIN XAROPE 120ML,102013,0,,1.0,9.0,23.52,25.52,15.48,1.0,0.0,0.0,0.0,0.0,5.0,76.85,0,static
test_q4_2024,2024-12-05,1314,LOJA 1314,35416,EXPECTAMIN XAROPE 120ML,102013,0,,1.0,9.0,23.52,25.52,15.48,1.0,0.0,0.0,0.0,0.0,5.0,76.85,0,static
test_q4_2024,2024-12-06,1314,LOJA 1314,35416,EXPECTAMIN XAROPE 120ML,102013,0,,1.0,9.0,23.52,25.52,15.48,1.0,0.0,0.0,0.0,0.0,5.0,76.85,0,static
test_q4_2024,2024-12-07,1314,LOJA 1314,35416,EXPECTAMIN XAROPE 120ML,102013,0,,1.0,9.0,23.52,25.52,15.48,1.0,0.0,0.0,0.0,0.0,5.0,76.85,0,static
test_q4_2024,2024-12-08,1314,LOJA 1314,35416,EXPECTAMIN XAROPE 120ML,102013,0,,1.0,9.0,23.52,25.52,15.48,1.0,0.0,0.0,0.0,0.0,,,0,static
test_q4_2024,2024-12-09,1314,LOJA 1314,35416,EXPECTAMIN XAROPE 120ML,102013,0,,1.0,9.0,23.52,25.52,15.48,1.0,0.0,0.0,0.0,0.0,5.0,76.85,0,static
test_q4_2024,2024-12-10,1314,LOJA 1314,35416,EXPECTAMIN XAROPE 120ML,102013,0,,1.0,9.0,23.52,25.52,15.48,1.0,0.0,0.0,0.0,0.0,5.0,76.85,0,static
test_q4_2024,2024-12-11,1314,LOJA 1314,35416,EXPECTAMIN XAROPE 120ML,102013,0,,1.0,9.0,23.52,25.52,15.48,1.0,0.0,0.0,0.0,0.0,5.0,76.85,0,static
test_q4_2024,2024-12-12,1314,LOJA 1314,35416,EXPECTAMIN XAROPE 120ML,102013,0,,1.0,9.0,23.52,25.52,15.48,1.0,0.0,0.0,0.0,0.0,5.0,76.85,0,static
test_q4_2024,2024-12-13,1314,LOJA 1314,35416,EXPECTAMIN XAROPE 120ML,102013,0,,1.0,9.0,23.52,25.52,15.48,1.0,0.0,0.0,0.0,0.0,5.0,76.85,0,static
test_q4_2024,2024-12-14,1314,LOJA 1314,35416,EXPECTAMIN XAROPE 120ML,102013,0,,1.0,9.0,23.52,25.52,15.48,1.0,0.0,0.0,0.0,0.0,5.0,76.85,0,static
test_q4_2024,2024-12-15,1314,LOJA 1314,35416,EXPECTAMIN XAROPE 120ML,102013,0,,1.0,9.0,23.52,25.52,15.48,1.0,0.0,0.0,0.0,0.0,,,0,static
test_q4_2024,2024-12-16,1314,LOJA 1314,35416,EXPECTAMIN XAROPE 120ML,102013,0,,1.0,9.0,23.52,25.52,15.48,1.0,0.0,0.0,0.0,0.0,5.0,76.85,0,static
test_q4_2024,2024-12-17,1314,LOJA 1314,35416,EXPECTAMIN XAROPE 120ML,102013,0,,1.0,9.0,23.52,25.52,15.48,1.0,0.0,0.0,0.0,0.0,5.0,76.85,0,static
test_q4_2024,2024-12-18,1314,LOJA 1314,35416,EXPECTAMIN XAROPE 120ML,102013,0,,1.0,9.0,23.52,25.52,15.48,1.0,0.0,0.0,0.0,0.0,5.0,76.85,0,static
test_q4_2024,2024-12-19,1314,LOJA 1314,35416,EXPECTAMIN XAROPE 120ML,102013,0,,1.0,9.0,23.52,25.52,15.48,1.0,0.0,0.0,0.0,0.0,3.0,46.11,0,static
test_q4_2024,2024-12-20,1314,LOJA 1314,35416,EXPECTAMIN XAROPE 120ML,102013,0,,1.0,9.0,23.52,25.52,15.48,1.0,0.0,0.0,0.0,0.0,3.0,46.11,0,static
test_q4_2024,2024-12-21,1314,LOJA 1314,35416,EXPECTAMIN XAROPE 120ML,102013,0,,1.0,9.0,23.52,25.52,15.48,1.0,0.0,0.0,0.0,0.0,3.0,46.11,0,static
test_q4_2024,2024-12-22,1314,LOJA 1314,35416,EXPECTAMIN XAROPE 120ML,102013,0,,1.0,9.0,23.52,25.52,15.48,1.0,0.0,0.0,0.0,0.0,,,0,static
test_q4_2024,2024-12-23,1314,LOJA 1314,35416,EXPECTAMIN XAROPE 120ML,102013,0,,1.0,9.0,23.52,25.52,15.48,1.0,0.0,0.0,0.0,0.0,3.0,46.11,0,static
test_q4_2024,2024-12-24,1314,LOJA 1314,35416,EXPECTAMIN XAROPE 120ML,102013,0,,1.0,9.0,23.52,25.52,15.48,1.0,0.0,0.0,0.0,0.0,3.0,46.11,0,static
test_q4_2024,2024-12-25,1314,LOJA 1314,35416,EXPECTAMIN XAROPE 120ML,102013,0,,1.0,9.0,23.52,25.52,15.48,1.0,0.0,0.0,0.0,0.0,3.0,46.11,0,static
test_q4_2024,2024-12-26,1314,LOJA 1314,35416,EXPECTAMIN XAROPE 120ML,102013,0,,1.0,9.0,23.52,25.52,15.48,1.0,0.0,0.0,0.0,0.0,3.0,46.11,0,static
test_q4_2024,2024-12-27,1314,LOJA 1314,35416,EXPECTAMIN XAROPE 120ML,102013,0,,1.0,9.0,23.52,25.52,15.48,1.0,0.0,0.0,0.0,0.0,3.0,46.11,0,static
test_q4_2024,2024-12-28,1314,LOJA 1314,35416,EXPECTAMIN XAROPE 120ML,102013,0,,1.0,9.0,23.52,25.52,15.48,1.0,0.0,0.0,1.0,1.0,3.0,46.11,0,static
test_q4_2024,2024-12-29,1314,LOJA 1314,35416,EXPECTAMIN XAROPE 120ML,102013,0,,1.0,9.0,23.52,25.52,15.48,1.0,0.0,0.0,0.0,0.0,,,0,static
test_q4_2024,2024-12-30,1314,LOJA 1314,35416,EXPECTAMIN XAROPE 120ML,102013,0,,1.0,9.0,23.52,25.52,15.48,1.0,0.0,0.0,0.0,0.0,2.0,30.74,0,static
test_q4_2024,2024-12-31,1314,LOJA 1314,35416,EXPECTAMIN XAROPE 120ML,102013,0,,1.0,9.0,23.52,25.52,15.48,1.0,0.0,0.0,0.0,0.0,2.0,30.74,0,static
test_q4_2024,2024-10-01,1314,LOJA 1314,35772,EMSEXPECTOR XAROPE 120ML,173,0,,1.0,9.0,23.11,14.9,16.75,1.0,0.1518,0.2877,1.0,1.0,4.0,67.92,0,static
test_q4_2024,2024-10-02,1314,LOJA 1314,35772,EMSEXPECTOR XAROPE 120ML,173,0,,1.0,9.0,23.11,14.9,16.75,1.0,0.108,0.2877,0.0,0.0,3.0,50.94,0,static
test_q4_2024,2024-10-03,1314,LOJA 1314,35772,EMSEXPECTOR XAROPE 120ML,173,0,,1.0,9.0,23.11,14.9,16.75,1.0,0.0643,0.2877,0.0,0.0,3.0,50.94,0,static
test_q4_2024,2024-10-04,1314,LOJA 1314,35772,EMSEXPECTOR XAROPE 120ML,173,0,,1.0,9.0,23.11,14.9,16.75,1.0,0.108,0.2877,0.0,0.0,3.0,50.94,0,static
test_q4_2024,2024-10-05,1314,LOJA 1314,35772,EMSEXPECTOR XAROPE 120ML,173,0,,1.0,9.0,23.11,14.9,16.75,1.0,0.0643,0.2877,0.0,0.0,3.0,50.94,0,static
test_q4_2024,2024-10-06,1314,LOJA 1314,35772,EMSEXPECTOR XAROPE 120ML,173,0,,1.0,9.0,23.11,14.9,16.75,1.0,0.108,0.2877,0.0,0.0,,,0,static
test_q4_2024,2024-10-07,1314,LOJA 1314,35772,EMSEXPECTOR XAROPE 120ML,173,0,,1.0,9.0,23.11,14.9,16.75,1.0,0.0643,0.2877,0.0,0.0,3.0,50.94,0,static
test_q4_2024,2024-10-08,1314,LOJA 1314,35772,EMSEXPECTOR XAROPE 120ML,173,0,,1.0,9.0,23.11,14.9,16.75,1.0,0.1518,0.2877,0.0,0.0,4.0,67.92,0,static
test_q4_2024,2024-10-09,1314,LOJA 1314,35772,EMSEXPECTOR XAROPE 120ML,173,0,,1.0,9.0,23.11,14.9,16.75,1.0,0.108,0.2877,0.0,0.0,4.0,67.92,0,static
test_q4_2024,2024-10-10,1314,LOJA 1314,35772,EMSEXPECTOR XAROPE 120ML,173,0,,1.0,9.0,23.11,14.9,16.75,1.0,0.0643,0.2877,0.0,0.0,4.0,67.92,0,static
test_q4_2024,2024-10-11,1314,LOJA 1314,35772,EMSEXPECTOR XAROPE 120ML,173,0,,1.0,9.0,23.11,14.9,16.75,1.0,0.108,0.2877,0.0,0.0,4.0,67.92,0,static
test_q4_2024,2024-10-12,1314,LOJA 1314,35772,EMSEXPECTOR XAROPE 120ML,173,0,,1.0,9.0,23.11,14.9,16.75,1.0,0.0643,0.2877,0.0,0.0,4.0,67.92,0,static
test_q4_2024,2024-10-13,1314,LOJA 1314,35772,EMSEXPECTOR XAROPE 120ML,173,0,,1.0,9.0,23.11,14.9,16.75,1.0,0.108,0.2877,0.0,0.0,,,0,static
test_q4_2024,2024-10-14,1314,LOJA 1314,35772,EMSEXPECTOR XAROPE 120ML,173,0,,1.0,9.0,23.11,14.9,16.75,1.0,0.0643,0.2877,0.0,0.0,4.0,67.92,0,static
test_q4_2024,2024-10-15,1314,LOJA 1314,35772,EMSEXPECTOR XAROPE 120ML,173,0,,1.0,9.0,23.11,14.9,16.75,1.0,0.1518,0.2877,0.0,0.0,4.0,67.92,0,static
test_q4_2024,2024-10-16,1314,LOJA 1314,35772,EMSEXPECTOR XAROPE 120ML,173,0,,1.0,9.0,23.11,14.9,16.75,1.0,0.108,0.2877,0.0,0.0,4.0,67.92,0,static
test_q4_2024,2024-10-17,1314,LOJA 1314,35772,EMSEXPECTOR XAROPE 120ML,173,0,,1.0,9.0,23.11,14.9,16.75,1.0,0.0643,0.2877,0.0,0.0,4.0,67.92,0,static
test_q4_2024,2024-10-18,1314,LOJA 1314,35772,EMSEXPECTOR XAROPE 120ML,173,0,,1.0,9.0,23.11,14.9,16.75,1.0,0.108,0.2877,0.0,0.0,4.0,67.92,0,static
test_q4_2024,2024-10-19,1314,LOJA 1314,35772,EMSEXPECTOR XAROPE 120ML,173,0,,1.0,9.0,23.11,14.9,16.75,1.0,0.0643,0.2877,0.0,0.0,4.0,67.92,0,static
test_q4_2024,2024-10-20,1314,LOJA 1314,35772,EMSEXPECTOR XAROPE 120ML,173,0,,1.0,9.0,23.11,14.9,16.75,1.0,0.108,0.2877,0.0,0.0,,,0,static
test_q4_2024,2024-10-21,1314,LOJA 1314,35772,EMSEXPECTOR XAROPE 120ML,173,0,,1.0,9.0,23.11,14.9,16.75,1.0,0.0643,0.2877,0.0,0.0,4.0,67.92,0,static
test_q4_2024,2024-10-22,1314,LOJA 1314,35772,EMSEXPECTOR XAROPE 120ML,173,0,,1.0,9.0,23.11,14.9,16.75,1.0,0.1518,0.2877,0.0,0.0,4.0,67.92,0,static
test_q4_2024,2024-10-23,1314,LOJA 1314,35772,EMSEXPECTOR XAROPE 120ML,173,0,,1.0,9.0,23.11,14.9,16.75,1.0,0.108,0.2877,0.0,0.0,4.0,67.92,0,static
test_q4_2024,2024-10-24,1314,LOJA 1314,35772,EMSEXPECTOR XAROPE 120ML,173,0,,1.0,9.0,23.11,14.9,16.75,1.0,0.0643,0.2877,0.0,0.0,4.0,67.92,0,static
test_q4_2024,2024-10-25,1314,LOJA 1314,35772,EMSEXPECTOR XAROPE 120ML,173,0,,1.0,9.0,23.11,14.9,16.75,1.0,0.108,0.2877,0.0,0.0,4.0,67.92,0,static
test_q4_2024,2024-10-26,1314,LOJA 1314,35772,EMSEXPECTOR XAROPE 120ML,173,0,,1.0,9.0,23.11,14.9,16.75,1.0,0.0643,0.2877,0.0,0.0,4.0,67.92,0,static
test_q4_2024,2024-10-27,1314,LOJA 1314,35772,EMSEXPECTOR XAROPE 120ML,173,0,,1.0,9.0,23.11,14.9,16.75,1.0,0.108,0.2877,0.0,0.0,,,0,static
test_q4_2024,2024-10-28,1314,LOJA 1314,35772,EMSEXPECTOR XAROPE 120ML,173,0,,1.0,9.0,23.11,14.9,16.75,1.0,0.0643,0.2877,0.0,0.0,4.0,67.92,0,static
test_q4_2024,2024-10-29,1314,LOJA 1314,35772,EMSEXPECTOR XAROPE 120ML,173,0,,1.0,9.0,23.11,14.9,16.75,1.0,0.1518,0.2877,1.0,1.0,4.0,67.92,0,static
test_q4_2024,2024-10-30,1314,LOJA 1314,35772,EMSEXPECTOR XAROPE 120ML,173,0,,1.0,9.0,23.11,14.9,16.75,1.0,0.108,0.2877,0.0,0.0,3.0,50.94,0,static
test_q4_2024,2024-10-31,1314,LOJA 1314,35772,EMSEXPECTOR XAROPE 120ML,173,0,,1.0,9.0,23.11,14.9,16.75,1.0,0.0643,0.2877,0.0,0.0,3.0,50.94,0,static
test_q4_2024,2024-11-01,1314,LOJA 1314,35772,EMSEXPECTOR XAROPE 120ML,173,0,,1.0,9.0,23.11,14.9,16.75,1.0,0.108,0.2877,0.0,0.0,3.0,50.94,0,static
test_q4_2024,2024-11-02,1314,LOJA 1314,35772,EMSEXPECTOR XAROPE 120ML,173,0,,1.0,9.0,23.11,14.9,16.75,1.0,0.0643,0.2877,0.0,0.0,3.0,50.94,0,static
test_q4_2024,2024-11-03,1314,LOJA 1314,35772,EMSEXPECTOR XAROPE 120ML,173,0,,1.0,9.0,23.11,14.9,16.75,1.0,0.108,0.2877,0.0,0.0,,,0,static
test_q4_2024,2024-11-04,1314,LOJA 1314,35772,EMSEXPECTOR XAROPE 120ML,173,0,,1.0,9.0,23.11,14.9,16.75,1.0,0.0643,0.2877,0.0,0.0,3.0,50.94,0,static
test_q4_2024,2024-11-05,1314,LOJA 1314,35772,EMSEXPECTOR XAROPE 120ML,173,0,,1.0,9.0,23.11,14.9,16.75,1.0,0.1518,0.2877,0.0,0.0,3.0,50.94,0,static
test_q4_2024,2024-11-06,1314,LOJA 1314,35772,EMSEXPECTOR XAROPE 120ML,173,0,,1.0,9.0,23.11,14.9,16.75,1.0,0.108,0.2877,0.0,0.0,3.0,50.94,0,static
test_q4_2024,2024-11-07,1314,LOJA 1314,35772,EMSEXPECTOR XAROPE 120ML,173,0,,1.0,9.0,23.11,14.9,16.75,1.0,0.0643,0.2877,1.0,1.0,3.0,50.94,0,static
test_q4_2024,2024-11-08,1314,LOJA 1314,35772,EMSEXPECTOR XAROPE 120ML,173,0,,1.0,9.0,23.11,14.9,16.75,1.0,0.108,0.2877,2.0,2.0,3.0,50.85,0,static
test_q4_2024,2024-11-09,1314,LOJA 1314,35772,EMSEXPECTOR XAROPE 120ML,173,0,,1.0,9.0,23.11,14.9,16.75,1.0,0.0643,0.2877,0.0,0.0,1.0,16.95,0,static
test_q4_2024,2024-11-10,1314,LOJA 1314,35772,EMSEXPECTOR XAROPE 120ML,173,0,,1.0,9.0,23.11,14.9,16.75,1.0,0.108,0.2877,0.0,0.0,,,0,static
test_q4_2024,2024-11-11,1314,LOJA 1314,35772,EMSEXPECTOR XAROPE 120ML,173,0,,1.0,9.0,23.11,14.9,16.75,1.0,0.0643,0.2877,0.0,0.0,1.0,16.95,0,static
test_q4_2024,2024-11-12,1314,LOJA 1314,35772,EMSEXPECTOR XAROPE 120ML,173,0,,1.0,9.0,23.11,14.9,16.75,1.0,0.1518,0.2877,0.0,0.0,1.0,16.95,0,static
test_q4_2024,2024-11-13,1314,LOJA 1314,35772,EMSEXPECTOR XAROPE 120ML,173,0,,1.0,9.0,23.11,14.9,16.75,1.0,0.108,0.2877,0.0,0.0,1.0,16.95,0,static
test_q4_2024,2024-11-14,1314,LOJA 1314,35772,EMSEXPECTOR XAROPE 120ML,173,0,,1.0,9.0,23.11,14.9,16.75,1.0,0.0643,0.2877,0.0,0.0,1.0,16.95,0,static
test_q4_2024,2024-11-15,1314,LOJA 1314,35772,EMSEXPECTOR XAROPE 120ML,173,0,,1.0,9.0,23.11,14.9,16.75,1.0,0.108,0.2877,0.0,0.0,4.0,67.4,0,static
test_q4_2024,2024-11-16,1314,LOJA 1314,35772,EMSEXPECTOR XAROPE 120ML,173,0,,1.0,9.0,23.11,14.9,16.75,1.0,0.0643,0.2877,0.0,0.0,4.0,67.4,0,static
test_q4_2024,2024-11-17,1314,LOJA 1314,35772,EMSEXPECTOR XAROPE 120ML,173,0,,1.0,9.0,23.11,14.9,16.75,1.0,0.108,0.2877,0.0,0.0,,,0,static
test_q4_2024,2024-11-18,1314,LOJA 1314,35772,EMSEXPECTOR XAROPE 120ML,173,0,,1.0,9.0,23.11,14.9,16.75,1.0,0.0643,0.2877,0.0,0.0,4.0,67.4,0,static
test_q4_2024,2024-11-19,1314,LOJA 1314,35772,EMSEXPECTOR XAROPE 120ML,173,0,,1.0,9.0,23.11,14.9,16.75,1.0,0.1518,0.2877,1.0,1.0,4.0,67.4,0,static
test_q4_2024,2024-11-20,1314,LOJA 1314,35772,EMSEXPECTOR XAROPE 120ML,173,0,,1.0,9.0,23.11,14.9,16.75,1.0,0.108,0.2877,0.0,0.0,3.0,50.55,0,static
test_q4_2024,2024-11-21,1314,LOJA 1314,35772,EMSEXPECTOR XAROPE 120ML,173,0,,1.0,9.0,23.11,14.9,16.75,1.0,0.0643,0.2877,0.0,0.0,3.0,50.55,0,static
test_q4_2024,2024-11-22,1314,LOJA 1314,35772,EMSEXPECTOR XAROPE 120ML,173,0,,1.0,9.0,23.11,14.9,16.75,1.0,0.108,0.2877,0.0,0.0,3.0,50.55,0,static
test_q4_2024,2024-11-23,1314,LOJA 1314,35772,EMSEXPECTOR XAROPE 120ML,173,0,,1.0,9.0,23.11,14.9,16.75,1.0,0.0643,0.2877,0.0,0.0,3.0,50.55,0,static
test_q4_2024,2024-11-24,1314,LOJA 1314,35772,EMSEXPECTOR XAROPE 120ML,173,0,,1.0,9.0,23.11,14.9,16.75,1.0,0.108,0.2877,0.0,0.0,,,0,static
test_q4_2024,2024-11-25,1314,LOJA 1314,35772,EMSEXPECTOR XAROPE 120ML,173,0,,1.0,9.0,23.11,14.9,16.75,1.0,0.0643,0.2877,0.0,0.0,3.0,50.55,0,static
test_q4_2024,2024-11-26,1314,LOJA 1314,35772,EMSEXPECTOR XAROPE 120ML,173,0,,1.0,9.0,23.11,14.9,16.75,1.0,0.1518,0.2877,0.0,0.0,4.0,67.36,0,static
test_q4_2024,2024-11-27,1314,LOJA 1314,35772,EMSEXPECTOR XAROPE 120ML,173,0,,1.0,9.0,23.11,14.9,16.75,1.0,0.108,0.2877,0.0,0.0,4.0,67.36,0,static
test_q4_2024,2024-11-28,1314,LOJA 1314,35772,EMSEXPECTOR XAROPE 120ML,173,0,,1.0,9.0,23.11,14.9,16.75,1.0,0.0643,0.2877,0.0,0.0,4.0,67.36,0,static
test_q4_2024,2024-11-29,1314,LOJA 1314,35772,EMSEXPECTOR XAROPE 120ML,173,0,,1.0,9.0,23.11,14.9,16.75,1.0,0.108,0.2877,0.0,0.0,4.0,67.36,0,static
test_q4_2024,2024-11-30,1314,LOJA 1314,35772,EMSEXPECTOR XAROPE 120ML,173,0,,1.0,9.0,23.11,14.9,16.75,1.0,0.0643,0.2877,0.0,0.0,4.0,67.36,0,static
test_q4_2024,2024-12-01,1314,LOJA 1314,35772,EMSEXPECTOR XAROPE 120ML,173,0,,1.0,9.0,23.11,14.9,16.75,1.0,0.108,0.2877,0.0,0.0,,,0,static
test_q4_2024,2024-12-02,1314,LOJA 1314,35772,EMSEXPECTOR XAROPE 120ML,173,0,,1.0,9.0,23.11,14.9,16.75,1.0,0.0643,0.2877,0.0,0.0,4.0,67.36,0,static
test_q4_2024,2024-12-03,1314,LOJA 1314,35772,EMSEXPECTOR XAROPE 120ML,173,0,,1.0,9.0,23.11,14.9,16.75,1.0,0.1518,0.2877,0.0,0.0,4.0,67.36,0,static
test_q4_2024,2024-12-04,1314,LOJA 1314,35772,EMSEXPECTOR XAROPE 120ML,173,0,,1.0,9.0,23.11,14.9,16.75,1.0,0.108,0.2877,0.0,0.0,4.0,67.36,0,static
test_q4_2024,2024-12-05,1314,LOJA 1314,35772,EMSEXPECTOR XAROPE 120ML,173,0,,1.0,9.0,23.11,14.9,16.75,1.0,0.0643,0.2877,0.0,0.0,4.0,67.36,0,static
test_q4_2024,2024-12-06,1314,LOJA 1314,35772,EMSEXPECTOR XAROPE 120ML,173,0,,1.0,9.0,23.11,14.9,16.75,1.0,0.108,0.2877,0.0,0.0,4.0,67.36,0,static
test_q4_2024,2024-12-07,1314,LOJA 1314,35772,EMSEXPECTOR XAROPE 120ML,173,0,,1.0,9.0,23.11,14.9,16.75,1.0,0.0643,0.2877,0.0,0.0,4.0,67.36,0,static
test_q4_2024,2024-12-08,1314,LOJA 1314,35772,EMSEXPECTOR XAROPE 120ML,173,0,,1.0,9.0,23.11,14.9,16.75,1.0,0.108,0.2877,0.0,0.0,,,0,static
test_q4_2024,2024-12-09,1314,LOJA 1314,35772,EMSEXPECTOR XAROPE 120ML,173,0,,1.0,9.0,23.11,14.9,16.75,1.0,0.0643,0.2877,0.0,0.0,4.0,67.36,0,static
test_q4_2024,2024-12-10,1314,LOJA 1314,35772,EMSEXPECTOR XAROPE 120ML,173,0,,1.0,9.0,23.11,14.9,16.75,1.0,0.1518,0.2877,0.0,0.0,4.0,67.36,0,static
test_q4_2024,2024-12-11,1314,LOJA 1314,35772,EMSEXPECTOR XAROPE 120ML,173,0,,1.0,9.0,23.11,14.9,16.75,1.0,0.108,0.2877,0.0,0.0,4.0,67.36,0,static
test_q4_2024,2024-12-12,1314,LOJA 1314,35772,EMSEXPECTOR XAROPE 120ML,173,0,,1.0,9.0,23.11,14.9,16.75,1.0,0.0643,0.2877,0.0,0.0,4.0,67.36,0,static
test_q4_2024,2024-12-13,1314,LOJA 1314,35772,EMSEXPECTOR XAROPE 120ML,173,0,,1.0,9.0,23.11,14.9,16.75,1.0,0.108,0.2877,0.0,0.0,4.0,67.36,0,static
test_q4_2024,2024-12-14,1314,LOJA 1314,35772,EMSEXPECTOR XAROPE 120ML,173,0,,1.0,9.0,23.11,14.9,16.75,1.0,0.0643,0.2877,0.0,0.0,4.0,67.36,0,static
test_q4_2024,2024-12-15,1314,LOJA 1314,35772,EMSEXPECTOR XAROPE 120ML,173,0,,1.0,9.0,23.11,14.9,16.75,1.0,0.108,0.2877,0.0,0.0,,,0,static
test_q4_2024,2024-12-16,1314,LOJA 1314,35772,EMSEXPECTOR XAROPE 120ML,173,0,,1.0,9.0,23.11,14.9,16.75,1.0,0.0643,0.2877,0.0,0.0,4.0,67.36,0,static
test_q4_2024,2024-12-17,1314,LOJA 1314,35772,EMSEXPECTOR XAROPE 120ML,173,0,,1.0,9.0,23.11,14.9,16.75,1.0,0.1518,0.2877,0.0,0.0,4.0,67.36,0,static
test_q4_2024,2024-12-18,1314,LOJA 1314,35772,EMSEXPECTOR XAROPE 120ML,173,0,,1.0,9.0,23.11,14.9,16.75,1.0,0.108,0.2877,0.0,0.0,4.0,67.36,0,static
test_q4_2024,2024-12-19,1314,LOJA 1314,35772,EMSEXPECTOR XAROPE 120ML,173,0,,1.0,9.0,23.11,14.9,16.75,1.0,0.0643,0.2877,0.0,0.0,4.0,67.36,0,static
test_q4_2024,2024-12-20,1314,LOJA 1314,35772,EMSEXPECTOR XAROPE 120ML,173,0,,1.0,9.0,23.11,14.9,16.75,1.0,0.108,0.2877,0.0,0.0,4.0,67.36,0,static
test_q4_2024,2024-12-21,1314,LOJA 1314,35772,EMSEXPECTOR XAROPE 120ML,173,0,,1.0,9.0,23.11,14.9,16.75,1.0,0.0643,0.2877,0.0,0.0,4.0,67.36,0,static
test_q4_2024,2024-12-22,1314,LOJA 1314,35772,EMSEXPECTOR XAROPE 120ML,173,0,,1.0,9.0,23.11,14.9,16.75,1.0,0.108,0.2877,0.0,0.0,,,0,static
test_q4_2024,2024-12-23,1314,LOJA 1314,35772,EMSEXPECTOR XAROPE 120ML,173,0,,1.0,9.0,23.11,14.9,16.75,1.0,0.0643,0.2877,0.0,0.0,4.0,67.36,0,static
test_q4_2024,2024-12-24,1314,LOJA 1314,35772,EMSEXPECTOR XAROPE 120ML,173,0,,1.0,9.0,23.11,14.9,16.75,1.0,0.1518,0.2877,0.0,0.0,4.0,67.36,0,static
test_q4_2024,2024-12-25,1314,LOJA 1314,35772,EMSEXPECTOR XAROPE 120ML,173,0,,1.0,9.0,23.11,14.9,16.75,1.0,0.108,0.2877,0.0,0.0,4.0,67.36,0,static
test_q4_2024,2024-12-26,1314,LOJA 1314,35772,EMSEXPECTOR XAROPE 120ML,173,0,,1.0,9.0,23.11,14.9,16.75,1.0,0.0643,0.2877,0.0,0.0,4.0,67.36,0,static
test_q4_2024,2024-12-27,1314,LOJA 1314,35772,EMSEXPECTOR XAROPE 120ML,173,0,,1.0,9.0,23.11,14.9,16.75,1.0,0.108,0.2877,0.0,0.0,4.0,67.36,0,static
test_q4_2024,2024-12-28,1314,LOJA 1314,35772,EMSEXPECTOR XAROPE 120ML,173,0,,1.0,9.0,23.11,14.9,16.75,1.0,0.0643,0.2877,0.0,0.0,4.0,67.36,0,static
test_q4_2024,2024-12-29,1314,LOJA 1314,35772,EMSEXPECTOR XAROPE 120ML,173,0,,1.0,9.0,23.11,14.9,16.75,1.0,0.108,0.2877,0.0,0.0,,,0,static
test_q4_2024,2024-12-30,1314,LOJA 1314,35772,EMSEXPECTOR XAROPE 120ML,173,0,,1.0,9.0,23.11,14.9,16.75,1.0,0.0643,0.2877,0.0,0.0,4.0,67.36,0,static
test_q4_2024,2024-12-31,1314,LOJA 1314,35772,EMSEXPECTOR XAROPE 120ML,173,0,,1.0,9.0,23.11,14.9,16.75,1.0,0.1518,0.2877,0.0,0.0,4.0,67.36,0,static
test_q4_2024,2024-10-01,1314,LOJA 1314,36857,NARIX ADULTO 30ML,51356,0,,1.0,9.0,7.33,8.39,3.97,1.0,0.3121,0.8026,0.0,0.0,11.0,43.23,0,static
test_q4_2024,2024-10-02,1314,LOJA 1314,36857,NARIX ADULTO 30ML,51356,0,,1.0,9.0,7.33,8.39,3.97,1.0,0.5213,0.8026,0.0,0.0,12.0,47.16,0,static
test_q4_2024,2024-10-03,1314,LOJA 1314,36857,NARIX ADULTO 30ML,51356,0,,1.0,9.0,7.33,8.39,3.97,1.0,0.2988,0.8026,0.0,0.0,12.0,47.16,0,static
test_q4_2024,2024-10-04,1314,LOJA 1314,36857,NARIX ADULTO 30ML,51356,0,,1.0,9.0,7.33,8.39,3.97,1.0,0.2246,0.8026,0.0,0.0,12.0,47.16,0,static
test_q4_2024,2024-10-05,1314,LOJA 1314,36857,NARIX ADULTO 30ML,51356,0,,1.0,9.0,7.33,8.39,3.97,1.0,0.2246,0.8026,0.0,0.0,12.0,47.16,0,static
test_q4_2024,2024-10-06,1314,LOJA 1314,36857,NARIX ADULTO 30ML,51356,0,,1.0,9.0,7.33,8.39,3.97,1.0,0.3484,0.8026,0.0,0.0,,,0,static
test_q4_2024,2024-10-07,1314,LOJA 1314,36857,NARIX ADULTO 30ML,51356,0,,1.0,9.0,7.33,8.39,3.97,1.0,0.4359,0.8026,0.0,0.0,12.0,47.16,0,static
test_q4_2024,2024-10-08,1314,LOJA 1314,36857,NARIX ADULTO 30ML,51356,0,,1.0,9.0,7.33,8.39,3.97,1.0,0.3921,0.8026,0.0,0.0,12.0,47.16,0,static
test_q4_2024,2024-10-09,1314,LOJA 1314,36857,NARIX ADULTO 30ML,51356,0,,1.0,9.0,7.33,8.39,3.97,1.0,0.6546,0.8026,0.0,0.0,12.0,47.16,0,static
test_q4_2024,2024-10-10,1314,LOJA 1314,36857,NARIX ADULTO 30ML,51356,0,,1.0,9.0,7.33,8.39,3.97,1.0,0.3921,0.8026,0.0,0.0,12.0,47.16,0,static
test_q4_2024,2024-10-11,1314,LOJA 1314,36857,NARIX ADULTO 30ML,51356,0,,1.0,9.0,7.33,8.39,3.97,1.0,0.3046,0.8026,0.0,0.0,12.0,47.16,0,static
test_q4_2024,2024-10-12,1314,LOJA 1314,36857,NARIX ADULTO 30ML,51356,0,,1.0,9.0,7.33,8.39,3.97,1.0,0.3046,0.8026,0.0,0.0,12.0,47.16,0,static
test_q4_2024,2024-10-13,1314,LOJA 1314,36857,NARIX ADULTO 30ML,51356,0,,1.0,9.0,7.33,8.39,3.97,1.0,0.3484,0.8026,1.0,1.0,,,0,static
test_q4_2024,2024-10-14,1314,LOJA 1314,36857,NARIX ADULTO 30ML,51356,0,,1.0,9.0,7.33,8.39,3.97,1.0,0.4359,0.8026,4.0,4.0,11.0,43.23,0,static
test_q4_2024,2024-10-15,1314,LOJA 1314,36857,NARIX ADULTO 30ML,51356,0,,1.0,9.0,7.33,8.39,3.97,1.0,0.3921,0.8026,0.0,0.0,7.0,27.51,0,static
test_q4_2024,2024-10-16,1314,LOJA 1314,36857,NARIX ADULTO 30ML,51356,0,,1.0,9.0,7.33,8.39,3.97,1.0,0.6546,0.8026,0.0,0.0,7.0,27.51,0,static
test_q4_2024,2024-10-17,1314,LOJA 1314,36857,NARIX ADULTO 30ML,51356,0,,1.0,9.0,7.33,8.39,3.97,1.0,0.3921,0.8026,1.0,1.0,7.0,27.51,0,static
test_q4_2024,2024-10-18,1314,LOJA 1314,36857,NARIX ADULTO 30ML,51356,0,,1.0,9.0,7.33,8.39,3.97,1.0,0.2646,0.8026,0.0,0.0,6.0,23.58,0,static
test_q4_2024,2024-10-19,1314,LOJA 1314,36857,NARIX ADULTO 30ML,51356,0,,1.0,9.0,7.33,8.39,3.97,1.0,0.2246,0.8026,0.0,0.0,7.0,27.58,0,static
test_q4_2024,2024-10-20,1314,LOJA 1314,36857,NARIX ADULTO 30ML,51356,0,,1.0,9.0,7.33,8.39,3.97,1.0,0.2684,0.8026,0.0,0.0,,,0,static
test_q4_2024,2024-10-21,1314,LOJA 1314,36857,NARIX ADULTO 30ML,51356,0,,1.0,9.0,7.33,8.39,3.97,1.0,0.2759,0.8026,0.0,0.0,11.0,43.45,0,static
test_q4_2024,2024-10-22,1314,LOJA 1314,36857,NARIX ADULTO 30ML,51356,0,,1.0,9.0,7.33,8.39,3.97,1.0,0.2321,0.8026,0.0,0.0,11.0,43.45,0,static
test_q4_2024,2024-10-23,1314,LOJA 1314,36857,NARIX ADULTO 30ML,51356,0,,1.0,9.0,7.33,8.39,3.97,1.0,0.4946,0.8026,0.0,0.0,11.0,43.45,0,static
test_q4_2024,2024-10-24,1314,LOJA 1314,36857,NARIX ADULTO 30ML,51356,0,,1.0,9.0,7.33,8.39,3.97,1.0,0.2321,0.8026,0.0,0.0,12.0,47.4,0,static
test_q4_2024,2024-10-25,1314,LOJA 1314,36857,NARIX ADULTO 30ML,51356,0,,1.0,9.0,7.33,8.39,3.97,1.0,0.1446,0.8026,0.0,0.0,12.0,47.4,0,static
test_q4_2024,2024-10-26,1314,LOJA 1314,36857,NARIX ADULTO 30ML,51356,0,,1.0,9.0,7.33,8.39,3.97,1.0,0.1446,0.8026,0.0,0.0,12.0,47.4,0,static
test_q4_2024,2024-10-27,1314,LOJA 1314,36857,NARIX ADULTO 30ML,51356,0,,1.0,9.0,7.33,8.39,3.97,1.0,0.1884,0.8026,0.0,0.0,,,0,static
test_q4_2024,2024-10-28,1314,LOJA 1314,36857,NARIX ADULTO 30ML,51356,0,,1.0,9.0,7.33,8.39,3.97,1.0,0.2759,0.8026,1.0,1.0,12.0,47.4,0,static
test_q4_2024,2024-10-29,1314,LOJA 1314,36857,NARIX ADULTO 30ML,51356,0,,1.0,9.0,7.33,8.39,3.97,1.0,0.2455,0.8026,0.0,0.0,11.0,43.45,0,static
test_q4_2024,2024-10-30,1314,LOJA 1314,36857,NARIX ADULTO 30ML,51356,0,,1.0,9.0,7.33,8.39,3.97,1.0,0.508,0.8026,0.0,0.0,11.0,43.45,0,static
test_q4_2024,2024-10-31,1314,LOJA 1314,36857,NARIX ADULTO 30ML,51356,0,,1.0,9.0,7.33,8.39,3.97,1.0,0.2855,0.8026,0.0,0.0,11.0,43.45,0,static
test_q4_2024,2024-11-01,1314,LOJA 1314,36857,NARIX ADULTO 30ML,51356,0,,1.0,9.0,7.33,8.39,3.97,1.0,0.2113,0.8026,0.0,0.0,11.0,43.45,0,static
test_q4_2024,2024-11-02,1314,LOJA 1314,36857,NARIX ADULTO 30ML,51356,0,,1.0,9.0,7.33,8.39,3.97,1.0,0.2113,0.8026,0.0,0.0,11.0,43.45,0,static
test_q4_2024,2024-11-03,1314,LOJA 1314,36857,NARIX ADULTO 30ML,51356,0,,1.0,9.0,7.33,8.39,3.97,1.0,0.2551,0.8026,2.0,2.0,,,0,static
test_q4_2024,2024-11-04,1314,LOJA 1314,36857,NARIX ADULTO 30ML,51356,0,,1.0,9.0,7.33,8.39,3.97,1.0,0.3559,0.8026,0.0,0.0,9.0,35.55,0,static
test_q4_2024,2024-11-05,1314,LOJA 1314,36857,NARIX ADULTO 30ML,51356,0,,1.0,9.0,7.33,8.39,3.97,1.0,0.3121,0.8026,0.0,0.0,9.0,35.55,0,static
test_q4_2024,2024-11-06,1314,LOJA 1314,36857,NARIX ADULTO 30ML,51356,0,,1.0,9.0,7.33,8.39,3.97,1.0,0.5746,0.8026,0.0,0.0,9.0,35.55,0,static
test_q4_2024,2024-11-07,1314,LOJA 1314,36857,NARIX ADULTO 30ML,51356,0,,1.0,9.0,7.33,8.39,3.97,1.0,0.3121,0.8026,0.0,0.0,9.0,35.55,0,static
test_q4_2024,2024-11-08,1314,LOJA 1314,36857,NARIX ADULTO 30ML,51356,0,,1.0,9.0,7.33,8.39,3.97,1.0,0.2246,0.8026,0.0,0.0,10.0,39.5,0,static
test_q4_2024,2024-11-09,1314,LOJA 1314,36857,NARIX ADULTO 30ML,51356,0,,1.0,9.0,7.33,8.39,3.97,1.0,0.2246,0.8026,0.0,0.0,11.0,43.45,0,static
test_q4_2024,2024-11-10,1314,LOJA 1314,36857,NARIX ADULTO 30ML,51356,0,,1.0,9.0,7.33,8.39,3.97,1.0,0.2817,0.8026,0.0,0.0,,,0,static
test_q4_2024,2024-11-11,1314,LOJA 1314,36857,NARIX ADULTO 30ML,51356,0,,1.0,9.0,7.33,8.39,3.97,1.0,0.3692,0.8026,0.0,0.0,11.0,43.45,0,static
test_q4_2024,2024-11-12,1314,LOJA 1314,36857,NARIX ADULTO 30ML,51356,0,,1.0,9.0,7.33,8.39,3.97,1.0,0.3255,0.8026,0.0,0.0,11.0,43.45,0,static
test_q4_2024,2024-11-13,1314,LOJA 1314,36857,NARIX ADULTO 30ML,51356,0,,1.0,9.0,7.33,8.39,3.97,1.0,0.5746,0.8026,0.0,0.0,11.0,43.45,0,static
test_q4_2024,2024-11-14,1314,LOJA 1314,36857,NARIX ADULTO 30ML,51356,0,,1.0,9.0,7.33,8.39,3.97,1.0,0.3121,0.8026,0.0,0.0,11.0,43.45,0,static
test_q4_2024,2024-11-15,1314,LOJA 1314,36857,NARIX ADULTO 30ML,51356,0,,1.0,9.0,7.33,8.39,3.97,1.0,0.1846,0.8026,0.0,0.0,11.0,43.45,0,static
test_q4_2024,2024-11-16,1314,LOJA 1314,36857,NARIX ADULTO 30ML,51356,0,,1.0,9.0,7.33,8.39,3.97,1.0,0.1713,0.8026,0.0,0.0,11.0,43.45,0,static
test_q4_2024,2024-11-17,1314,LOJA 1314,36857,NARIX ADULTO 30ML,51356,1,PAGUE E LEVE,1.0,9.0,7.33,8.39,3.97,1.0,0.2151,0.8026,0.0,0.0,,,0,static
test_q4_2024,2024-11-18,1314,LOJA 1314,36857,NARIX ADULTO 30ML,51356,1,PAGUE E LEVE,1.0,9.0,7.33,8.39,3.97,1.0,0.3026,0.8026,0.0,0.0,11.0,43.45,0,static
test_q4_2024,2024-11-19,1314,LOJA 1314,36857,NARIX ADULTO 30ML,51356,1,PAGUE E LEVE,1.0,9.0,7.33,8.39,3.97,1.0,0.2455,0.8026,0.0,0.0,11.0,43.45,0,static
test_q4_2024,2024-11-20,1314,LOJA 1314,36857,NARIX ADULTO 30ML,51356,1,PAGUE E LEVE,1.0,9.0,7.33,8.39,3.97,1.0,0.508,0.8026,0.0,0.0,11.0,43.45,0,static
test_q4_2024,2024-11-21,1314,LOJA 1314,36857,NARIX ADULTO 30ML,51356,1,PAGUE E LEVE,1.0,9.0,7.33,8.39,3.97,1.0,0.2588,0.8026,0.0,0.0,11.0,43.45,0,static
test_q4_2024,2024-11-22,1314,LOJA 1314,36857,NARIX ADULTO 30ML,51356,1,PAGUE E LEVE,1.0,9.0,7.33,8.39,3.97,1.0,0.1713,0.8026,0.0,0.0,11.0,43.45,0,static
test_q4_2024,2024-11-23,1314,LOJA 1314,36857,NARIX ADULTO 30ML,51356,0,,1.0,9.0,7.33,8.39,3.97,1.0,0.1713,0.8026,0.0,0.0,11.0,43.45,0,static
test_q4_2024,2024-11-24,1314,LOJA 1314,36857,NARIX ADULTO 30ML,51356,0,,1.0,9.0,7.33,8.39,3.97,1.0,0.2151,0.8026,0.0,0.0,,,0,static
test_q4_2024,2024-11-25,1314,LOJA 1314,36857,NARIX ADULTO 30ML,51356,0,,1.0,9.0,7.33,8.39,3.97,1.0,0.2892,0.8026,0.0,0.0,11.0,43.45,0,static
test_q4_2024,2024-11-26,1314,LOJA 1314,36857,NARIX ADULTO 30ML,51356,0,,1.0,9.0,7.33,8.39,3.97,1.0,0.2455,0.8026,0.0,0.0,11.0,43.45,0,static
test_q4_2024,2024-11-27,1314,LOJA 1314,36857,NARIX ADULTO 30ML,51356,0,,1.0,9.0,7.33,8.39,3.97,1.0,0.508,0.8026,1.0,1.0,11.0,43.45,0,static
test_q4_2024,2024-11-28,1314,LOJA 1314,36857,NARIX ADULTO 30ML,51356,0,,1.0,9.0,7.33,8.39,3.97,1.0,0.2455,0.8026,0.0,0.0,10.0,39.5,0,static
test_q4_2024,2024-11-29,1314,LOJA 1314,36857,NARIX ADULTO 30ML,51356,1,PAGUE E LEVE,1.0,9.0,7.33,8.39,3.97,1.0,0.158,0.8026,0.0,0.0,10.0,39.5,0,static
test_q4_2024,2024-11-30,1314,LOJA 1314,36857,NARIX ADULTO 30ML,51356,1,PAGUE E LEVE,1.0,9.0,7.33,8.39,3.97,1.0,0.158,0.8026,0.0,0.0,10.0,39.5,0,static
test_q4_2024,2024-12-01,1314,LOJA 1314,36857,NARIX ADULTO 30ML,51356,1,PAGUE E LEVE,1.0,9.0,7.33,8.39,3.97,1.0,0.2017,0.8026,0.0,0.0,,,0,static
test_q4_2024,2024-12-02,1314,LOJA 1314,36857,NARIX ADULTO 30ML,51356,0,,1.0,9.0,7.33,8.39,3.97,1.0,0.2892,0.8026,0.0,0.0,10.0,39.5,0,static
test_q4_2024,2024-12-03,1314,LOJA 1314,36857,NARIX ADULTO 30ML,51356,0,,1.0,9.0,7.33,8.39,3.97,1.0,0.2455,0.8026,0.0,0.0,11.0,43.45,0,static
test_q4_2024,2024-12-04,1314,LOJA 1314,36857,NARIX ADULTO 30ML,51356,0,,1.0,9.0,7.33,8.39,3.97,1.0,0.508,0.8026,0.0,0.0,11.0,43.45,0,static
test_q4_2024,2024-12-05,1314,LOJA 1314,36857,NARIX ADULTO 30ML,51356,0,,1.0,9.0,7.33,8.39,3.97,1.0,0.2455,0.8026,0.0,0.0,11.0,43.45,0,static
test_q4_2024,2024-12-06,1314,LOJA 1314,36857,NARIX ADULTO 30ML,51356,0,,1.0,9.0,7.33,8.39,3.97,1.0,0.1446,0.8026,0.0,0.0,11.0,43.45,0,static
test_q4_2024,2024-12-07,1314,LOJA 1314,36857,NARIX ADULTO 30ML,51356,0,,1.0,9.0,7.33,8.39,3.97,1.0,0.1446,0.8026,0.0,0.0,11.0,43.45,0,static
test_q4_2024,2024-12-08,1314,LOJA 1314,36857,NARIX ADULTO 30ML,51356,0,,1.0,9.0,7.33,8.39,3.97,1.0,0.1884,0.8026,1.0,1.0,,,0,static
test_q4_2024,2024-12-09,1314,LOJA 1314,36857,NARIX ADULTO 30ML,51356,0,,1.0,9.0,7.33,8.39,3.97,1.0,0.2759,0.8026,0.0,0.0,11.0,43.45,0,static
test_q4_2024,2024-12-10,1314,LOJA 1314,36857,NARIX ADULTO 30ML,51356,0,,1.0,9.0,7.33,8.39,3.97,1.0,0.2455,0.8026,0.0,0.0,10.0,39.5,0,static
test_q4_2024,2024-12-11,1314,LOJA 1314,36857,NARIX ADULTO 30ML,51356,0,,1.0,9.0,7.33,8.39,3.97,1.0,0.508,0.8026,0.0,0.0,10.0,39.5,0,static
test_q4_2024,2024-12-12,1314,LOJA 1314,36857,NARIX ADULTO 30ML,51356,0,,1.0,9.0,7.33,8.39,3.97,1.0,0.2455,0.8026,0.0,0.0,10.0,39.5,0,static
test_q4_2024,2024-12-13,1314,LOJA 1314,36857,NARIX ADULTO 30ML,51356,0,,1.0,9.0,7.33,8.39,3.97,1.0,0.158,0.8026,0.0,0.0,10.0,39.5,0,static
test_q4_2024,2024-12-14,1314,LOJA 1314,36857,NARIX ADULTO 30ML,51356,0,,1.0,9.0,7.33,8.39,3.97,1.0,0.158,0.8026,1.0,1.0,10.0,39.5,0,static
test_q4_2024,2024-12-15,1314,LOJA 1314,36857,NARIX ADULTO 30ML,51356,0,,1.0,9.0,7.33,8.39,3.97,1.0,0.2017,0.8026,1.0,1.0,,,0,static
test_q4_2024,2024-12-16,1314,LOJA 1314,36857,NARIX ADULTO 30ML,51356,0,,1.0,9.0,7.33,8.39,3.97,1.0,0.2892,0.8026,1.0,1.0,9.0,35.55,0,static
test_q4_2024,2024-12-17,1314,LOJA 1314,36857,NARIX ADULTO 30ML,51356,0,,1.0,9.0,7.33,8.39,3.97,1.0,0.2455,0.8026,1.0,1.0,8.0,31.6,0,static
test_q4_2024,2024-12-18,1314,LOJA 1314,36857,NARIX ADULTO 30ML,51356,0,,1.0,9.0,7.33,8.39,3.97,1.0,0.508,0.8026,0.0,0.0,7.0,27.65,0,static
test_q4_2024,2024-12-19,1314,LOJA 1314,36857,NARIX ADULTO 30ML,51356,0,,1.0,9.0,7.33,8.39,3.97,1.0,0.2455,0.8026,0.0,0.0,7.0,27.65,0,static
test_q4_2024,2024-12-20,1314,LOJA 1314,36857,NARIX ADULTO 30ML,51356,0,,1.0,9.0,7.33,8.39,3.97,1.0,0.158,0.8026,0.0,0.0,7.0,27.65,0,static
test_q4_2024,2024-12-21,1314,LOJA 1314,36857,NARIX ADULTO 30ML,51356,0,,1.0,9.0,7.33,8.39,3.97,1.0,0.1713,0.8026,0.0,0.0,7.0,27.65,0,static
test_q4_2024,2024-12-22,1314,LOJA 1314,36857,NARIX ADULTO 30ML,51356,0,,1.0,9.0,7.33,8.39,3.97,1.0,0.2151,0.8026,0.0,0.0,,,0,static
test_q4_2024,2024-12-23,1314,LOJA 1314,36857,NARIX ADULTO 30ML,51356,0,,1.0,9.0,7.33,8.39,3.97,1.0,0.3026,0.8026,1.0,1.0,7.0,27.65,0,static
test_q4_2024,2024-12-24,1314,LOJA 1314,36857,NARIX ADULTO 30ML,51356,0,,1.0,9.0,7.33,8.39,3.97,1.0,0.2588,0.8026,0.0,0.0,7.0,27.65,0,static
test_q4_2024,2024-12-25,1314,LOJA 1314,36857,NARIX ADULTO 30ML,51356,0,,1.0,9.0,7.33,8.39,3.97,1.0,0.5613,0.8026,0.0,0.0,7.0,27.65,0,static
test_q4_2024,2024-12-26,1314,LOJA 1314,36857,NARIX ADULTO 30ML,51356,0,,1.0,9.0,7.33,8.39,3.97,1.0,0.2988,0.8026,0.0,0.0,7.0,27.65,0,static
test_q4_2024,2024-12-27,1314,LOJA 1314,36857,NARIX ADULTO 30ML,51356,0,,1.0,9.0,7.33,8.39,3.97,1.0,0.2113,0.8026,0.0,0.0,7.0,27.65,0,static
test_q4_2024,2024-12-28,1314,LOJA 1314,36857,NARIX ADULTO 30ML,51356,0,,1.0,9.0,7.33,8.39,3.97,1.0,0.2113,0.8026,0.0,0.0,7.0,27.65,0,static
test_q4_2024,2024-12-29,1314,LOJA 1314,36857,NARIX ADULTO 30ML,51356,0,,1.0,9.0,7.33,8.39,3.97,1.0,0.2551,0.8026,1.0,1.0,,,0,static
test_q4_2024,2024-12-30,1314,LOJA 1314,36857,NARIX ADULTO 30ML,51356,0,,1.0,9.0,7.33,8.39,3.97,1.0,0.3426,0.8026,0.0,0.0,6.0,23.7,0,static
test_q4_2024,2024-12-31,1314,LOJA 1314,36857,NARIX ADULTO 30ML,51356,0,,1.0,9.0,7.33,8.39,3.97,1.0,0.2988,0.8026,0.0,0.0,7.0,27.72,0,static
test_q4_2024,2024-10-01,1314,LOJA 1314,42076,HEDRA EXPEC XAROPE 100ML,102013,0,,1.0,9.0,21.17,37.99,15.89,1.0,0.0,0.0,0.0,0.0,,,0,static
test_q4_2024,2024-10-02,1314,LOJA 1314,42076,HEDRA EXPEC XAROPE 100ML,102013,0,,1.0,9.0,21.17,37.99,15.89,1.0,0.0,0.0,0.0,0.0,,,0,static
test_q4_2024,2024-10-03,1314,LOJA 1314,42076,HEDRA EXPEC XAROPE 100ML,102013,0,,1.0,9.0,21.17,37.99,15.89,1.0,0.0,0.0,0.0,0.0,,,0,static
test_q4_2024,2024-10-04,1314,LOJA 1314,42076,HEDRA EXPEC XAROPE 100ML,102013,0,,1.0,9.0,21.17,37.99,15.89,1.0,0.0,0.0,0.0,0.0,,,0,static
test_q4_2024,2024-10-05,1314,LOJA 1314,42076,HEDRA EXPEC XAROPE 100ML,102013,0,,1.0,9.0,21.17,37.99,15.89,1.0,0.0,0.0,0.0,0.0,,,0,static
test_q4_2024,2024-10-06,1314,LOJA 1314,42076,HEDRA EXPEC XAROPE 100ML,102013,0,,1.0,9.0,21.17,37.99,15.89,1.0,0.0,0.0,0.0,0.0,,,0,static
test_q4_2024,2024-10-07,1314,LOJA 1314,42076,HEDRA EXPEC XAROPE 100ML,102013,0,,1.0,9.0,21.17,37.99,15.89,1.0,0.0,0.0,0.0,0.0,,,0,static
test_q4_2024,2024-10-08,1314,LOJA 1314,42076,HEDRA EXPEC XAROPE 100ML,102013,0,,1.0,9.0,21.17,37.99,15.89,1.0,0.0,0.0,0.0,0.0,,,0,static
test_q4_2024,2024-10-09,1314,LOJA 1314,42076,HEDRA EXPEC XAROPE 100ML,102013,0,,1.0,9.0,21.17,37.99,15.89,1.0,0.0,0.0,0.0,0.0,,,0,static
test_q4_2024,2024-10-10,1314,LOJA 1314,42076,HEDRA EXPEC XAROPE 100ML,102013,0,,1.0,9.0,21.17,37.99,15.89,1.0,0.0,0.0,0.0,0.0,,,0,static
test_q4_2024,2024-10-11,1314,LOJA 1314,42076,HEDRA EXPEC XAROPE 100ML,102013,0,,1.0,9.0,21.17,37.99,15.89,1.0,0.0,0.0,0.0,0.0,,,0,static
test_q4_2024,2024-10-12,1314,LOJA 1314,42076,HEDRA EXPEC XAROPE 100ML,102013,0,,1.0,9.0,21.17,37.99,15.89,1.0,0.0,0.0,0.0,0.0,,,0,static
test_q4_2024,2024-10-13,1314,LOJA 1314,42076,HEDRA EXPEC XAROPE 100ML,102013,0,,1.0,9.0,21.17,37.99,15.89,1.0,0.0,0.0,0.0,0.0,,,0,static
test_q4_2024,2024-10-14,1314,LOJA 1314,42076,HEDRA EXPEC XAROPE 100ML,102013,0,,1.0,9.0,21.17,37.99,15.89,1.0,0.0,0.0,0.0,0.0,,,0,static
test_q4_2024,2024-10-15,1314,LOJA 1314,42076,HEDRA EXPEC XAROPE 100ML,102013,0,,1.0,9.0,21.17,37.99,15.89,1.0,0.0,0.0,0.0,0.0,,,0,static
test_q4_2024,2024-10-16,1314,LOJA 1314,42076,HEDRA EXPEC XAROPE 100ML,102013,0,,1.0,9.0,21.17,37.99,15.89,1.0,0.0,0.0,0.0,0.0,,,0,static
test_q4_2024,2024-10-17,1314,LOJA 1314,42076,HEDRA EXPEC XAROPE 100ML,102013,0,,1.0,9.0,21.17,37.99,15.89,1.0,0.0,0.0,0.0,0.0,,,0,static
test_q4_2024,2024-10-18,1314,LOJA 1314,42076,HEDRA EXPEC XAROPE 100ML,102013,0,,1.0,9.0,21.17,37.99,15.89,1.0,0.0,0.0,0.0,0.0,,,0,static
test_q4_2024,2024-10-19,1314,LOJA 1314,42076,HEDRA EXPEC XAROPE 100ML,102013,0,,1.0,9.0,21.17,37.99,15.89,1.0,0.0,0.0,0.0,0.0,,,0,static
test_q4_2024,2024-10-20,1314,LOJA 1314,42076,HEDRA EXPEC XAROPE 100ML,102013,0,,1.0,9.0,21.17,37.99,15.89,1.0,0.0,0.0,0.0,0.0,,,0,static
test_q4_2024,2024-10-21,1314,LOJA 1314,42076,HEDRA EXPEC XAROPE 100ML,102013,0,,1.0,9.0,21.17,37.99,15.89,1.0,0.0,0.0,0.0,0.0,,,0,static
test_q4_2024,2024-10-22,1314,LOJA 1314,42076,HEDRA EXPEC XAROPE 100ML,102013,0,,1.0,9.0,21.17,37.99,15.89,1.0,0.0,0.0,0.0,0.0,,,0,static
test_q4_2024,2024-10-23,1314,LOJA 1314,42076,HEDRA EXPEC XAROPE 100ML,102013,0,,1.0,9.0,21.17,37.99,15.89,1.0,0.0,0.0,0.0,0.0,,,0,static
test_q4_2024,2024-10-24,1314,LOJA 1314,42076,HEDRA EXPEC XAROPE 100ML,102013,0,,1.0,9.0,21.17,37.99,15.89,1.0,0.0,0.0,0.0,0.0,,,0,static
test_q4_2024,2024-10-25,1314,LOJA 1314,42076,HEDRA EXPEC XAROPE 100ML,102013,0,,1.0,9.0,21.17,37.99,15.89,1.0,0.0,0.0,0.0,0.0,,,0,static
test_q4_2024,2024-10-26,1314,LOJA 1314,42076,HEDRA EXPEC XAROPE 100ML,102013,0,,1.0,9.0,21.17,37.99,15.89,1.0,0.0,0.0,0.0,0.0,,,0,static
test_q4_2024,2024-10-27,1314,LOJA 1314,42076,HEDRA EXPEC XAROPE 100ML,102013,0,,1.0,9.0,21.17,37.99,15.89,1.0,0.0,0.0,0.0,0.0,,,0,static
test_q4_2024,2024-10-28,1314,LOJA 1314,42076,HEDRA EXPEC XAROPE 100ML,102013,0,,1.0,9.0,21.17,37.99,15.89,1.0,0.0,0.0,0.0,0.0,,,0,static
test_q4_2024,2024-10-29,1314,LOJA 1314,42076,HEDRA EXPEC XAROPE 100ML,102013,0,,1.0,9.0,21.17,37.99,15.89,1.0,0.0,0.0,0.0,0.0,,,0,static
test_q4_2024,2024-10-30,1314,LOJA 1314,42076,HEDRA EXPEC XAROPE 100ML,102013,0,,1.0,9.0,21.17,37.99,15.89,1.0,0.0,0.0,0.0,0.0,,,0,static
test_q4_2024,2024-10-31,1314,LOJA 1314,42076,HEDRA EXPEC XAROPE 100ML,102013,0,,1.0,9.0,21.17,37.99,15.89,1.0,0.0,0.0,0.0,0.0,,,0,static
test_q4_2024,2024-11-01,1314,LOJA 1314,42076,HEDRA EXPEC XAROPE 100ML,102013,0,,1.0,9.0,21.17,37.99,15.89,1.0,0.0,0.0,0.0,0.0,,,0,static
test_q4_2024,2024-11-02,1314,LOJA 1314,42076,HEDRA EXPEC XAROPE 100ML,102013,0,,1.0,9.0,21.17,37.99,15.89,1.0,0.0,0.0,0.0,0.0,,,0,static
test_q4_2024,2024-11-03,1314,LOJA 1314,42076,HEDRA EXPEC XAROPE 100ML,102013,0,,1.0,9.0,21.17,37.99,15.89,1.0,0.0,0.0,0.0,0.0,,,0,static
test_q4_2024,2024-11-04,1314,LOJA 1314,42076,HEDRA EXPEC XAROPE 100ML,102013,0,,1.0,9.0,21.17,37.99,15.89,1.0,0.0,0.0,0.0,0.0,,,0,static
test_q4_2024,2024-11-05,1314,LOJA 1314,42076,HEDRA EXPEC XAROPE 100ML,102013,0,,1.0,9.0,21.17,37.99,15.89,1.0,0.0,0.0,0.0,0.0,,,0,static
test_q4_2024,2024-11-06,1314,LOJA 1314,42076,HEDRA EXPEC XAROPE 100ML,102013,0,,1.0,9.0,21.17,37.99,15.89,1.0,0.0,0.0,0.0,0.0,,,0,static
test_q4_2024,2024-11-07,1314,LOJA 1314,42076,HEDRA EXPEC XAROPE 100ML,102013,0,,1.0,9.0,21.17,37.99,15.89,1.0,0.0,0.0,0.0,0.0,,,0,static
test_q4_2024,2024-11-08,1314,LOJA 1314,42076,HEDRA EXPEC XAROPE 100ML,102013,0,,1.0,9.0,21.17,37.99,15.89,1.0,0.0,0.0,0.0,0.0,,,0,static
test_q4_2024,2024-11-09,1314,LOJA 1314,42076,HEDRA EXPEC XAROPE 100ML,102013,0,,1.0,9.0,21.17,37.99,15.89,1.0,0.0,0.0,0.0,0.0,,,0,static
test_q4_2024,2024-11-10,1314,LOJA 1314,42076,HEDRA EXPEC XAROPE 100ML,102013,0,,1.0,9.0,21.17,37.99,15.89,1.0,0.0,0.0,0.0,0.0,,,0,static
test_q4_2024,2024-11-11,1314,LOJA 1314,42076,HEDRA EXPEC XAROPE 100ML,102013,0,,1.0,9.0,21.17,37.99,15.89,1.0,0.0,0.0,0.0,0.0,,,0,static
test_q4_2024,2024-11-12,1314,LOJA 1314,42076,HEDRA EXPEC XAROPE 100ML,102013,0,,1.0,9.0,21.17,37.99,15.89,1.0,0.0,0.0,0.0,0.0,,,0,static
test_q4_2024,2024-11-13,1314,LOJA 1314,42076,HEDRA EXPEC XAROPE 100ML,102013,0,,1.0,9.0,21.17,37.99,15.89,1.0,0.0,0.0,0.0,0.0,,,0,static
test_q4_2024,2024-11-14,1314,LOJA 1314,42076,HEDRA EXPEC XAROPE 100ML,102013,0,,1.0,9.0,21.17,37.99,15.89,1.0,0.0,0.0,0.0,0.0,,,0,static
test_q4_2024,2024-11-15,1314,LOJA 1314,42076,HEDRA EXPEC XAROPE 100ML,102013,0,,1.0,9.0,21.17,37.99,15.89,1.0,0.0,0.0,0.0,0.0,,,0,static
test_q4_2024,2024-11-16,1314,LOJA 1314,42076,HEDRA EXPEC XAROPE 100ML,102013,0,,1.0,9.0,21.17,37.99,15.89,1.0,0.0,0.0,0.0,0.0,,,0,static
test_q4_2024,2024-11-17,1314,LOJA 1314,42076,HEDRA EXPEC XAROPE 100ML,102013,0,,1.0,9.0,21.17,37.99,15.89,1.0,0.0,0.0,0.0,0.0,,,0,static
test_q4_2024,2024-11-18,1314,LOJA 1314,42076,HEDRA EXPEC XAROPE 100ML,102013,0,,1.0,9.0,21.17,37.99,15.89,1.0,0.0,0.0,0.0,0.0,,,0,static
test_q4_2024,2024-11-19,1314,LOJA 1314,42076,HEDRA EXPEC XAROPE 100ML,102013,0,,1.0,9.0,21.17,37.99,15.89,1.0,0.0,0.0,0.0,0.0,,,0,static
test_q4_2024,2024-11-20,1314,LOJA 1314,42076,HEDRA EXPEC XAROPE 100ML,102013,0,,1.0,9.0,21.17,37.99,15.89,1.0,0.0,0.0,0.0,0.0,,,0,static
test_q4_2024,2024-11-21,1314,LOJA 1314,42076,HEDRA EXPEC XAROPE 100ML,102013,0,,1.0,9.0,21.17,37.99,15.89,1.0,0.0,0.0,0.0,0.0,,,0,static
test_q4_2024,2024-11-22,1314,LOJA 1314,42076,HEDRA EXPEC XAROPE 100ML,102013,0,,1.0,9.0,21.17,37.99,15.89,1.0,0.0,0.0,0.0,0.0,,,0,static
test_q4_2024,2024-11-23,1314,LOJA 1314,42076,HEDRA EXPEC XAROPE 100ML,102013,0,,1.0,9.0,21.17,37.99,15.89,1.0,0.0,0.0,0.0,0.0,,,0,static
test_q4_2024,2024-11-24,1314,LOJA 1314,42076,HEDRA EXPEC XAROPE 100ML,102013,0,,1.0,9.0,21.17,37.99,15.89,1.0,0.0,0.0,0.0,0.0,,,0,static
test_q4_2024,2024-11-25,1314,LOJA 1314,42076,HEDRA EXPEC XAROPE 100ML,102013,0,,1.0,9.0,21.17,37.99,15.89,1.0,0.0,0.0,0.0,0.0,,,0,static
test_q4_2024,2024-11-26,1314,LOJA 1314,42076,HEDRA EXPEC XAROPE 100ML,102013,0,,1.0,9.0,21.17,37.99,15.89,1.0,0.0,0.0,0.0,0.0,,,0,static
test_q4_2024,2024-11-27,1314,LOJA 1314,42076,HEDRA EXPEC XAROPE 100ML,102013,0,,1.0,9.0,21.17,37.99,15.89,1.0,0.0,0.0,0.0,0.0,,,0,static
test_q4_2024,2024-11-28,1314,LOJA 1314,42076,HEDRA EXPEC XAROPE 100ML,102013,0,,1.0,9.0,21.17,37.99,15.89,1.0,0.0,0.0,0.0,0.0,,,0,static
test_q4_2024,2024-11-29,1314,LOJA 1314,42076,HEDRA EXPEC XAROPE 100ML,102013,0,,1.0,9.0,21.17,37.99,15.89,1.0,0.0,0.0,0.0,0.0,,,0,static
test_q4_2024,2024-11-30,1314,LOJA 1314,42076,HEDRA EXPEC XAROPE 100ML,102013,0,,1.0,9.0,21.17,37.99,15.89,1.0,0.0,0.0,0.0,0.0,,,0,static
test_q4_2024,2024-12-01,1314,LOJA 1314,42076,HEDRA EXPEC XAROPE 100ML,102013,0,,1.0,9.0,21.17,37.99,15.89,1.0,0.0,0.0,0.0,0.0,,,0,static
test_q4_2024,2024-12-02,1314,LOJA 1314,42076,HEDRA EXPEC XAROPE 100ML,102013,0,,1.0,9.0,21.17,37.99,15.89,1.0,0.0,0.0,0.0,0.0,,,0,static
test_q4_2024,2024-12-03,1314,LOJA 1314,42076,HEDRA EXPEC XAROPE 100ML,102013,0,,1.0,9.0,21.17,37.99,15.89,1.0,0.0,0.0,0.0,0.0,,,0,static
test_q4_2024,2024-12-04,1314,LOJA 1314,42076,HEDRA EXPEC XAROPE 100ML,102013,0,,1.0,9.0,21.17,37.99,15.89,1.0,0.0,0.0,0.0,0.0,,,0,static
test_q4_2024,2024-12-05,1314,LOJA 1314,42076,HEDRA EXPEC XAROPE 100ML,102013,0,,1.0,9.0,21.17,37.99,15.89,1.0,0.0,0.0,0.0,0.0,,,0,static
test_q4_2024,2024-12-06,1314,LOJA 1314,42076,HEDRA EXPEC XAROPE 100ML,102013,0,,1.0,9.0,21.17,37.99,15.89,1.0,0.0,0.0,0.0,0.0,,,0,static
test_q4_2024,2024-12-07,1314,LOJA 1314,42076,HEDRA EXPEC XAROPE 100ML,102013,0,,1.0,9.0,21.17,37.99,15.89,1.0,0.0,0.0,0.0,0.0,,,0,static
test_q4_2024,2024-12-08,1314,LOJA 1314,42076,HEDRA EXPEC XAROPE 100ML,102013,0,,1.0,9.0,21.17,37.99,15.89,1.0,0.0,0.0,0.0,0.0,,,0,static
test_q4_2024,2024-12-09,1314,LOJA 1314,42076,HEDRA EXPEC XAROPE 100ML,102013,0,,1.0,9.0,21.17,37.99,15.89,1.0,0.0,0.0,0.0,0.0,,,0,static
test_q4_2024,2024-12-10,1314,LOJA 1314,42076,HEDRA EXPEC XAROPE 100ML,102013,0,,1.0,9.0,21.17,37.99,15.89,1.0,0.0,0.0,0.0,0.0,,,0,static
test_q4_2024,2024-12-11,1314,LOJA 1314,42076,HEDRA EXPEC XAROPE 100ML,102013,0,,1.0,9.0,21.17,37.99,15.89,1.0,0.0,0.0,0.0,0.0,,,0,static
test_q4_2024,2024-12-12,1314,LOJA 1314,42076,HEDRA EXPEC XAROPE 100ML,102013,0,,1.0,9.0,21.17,37.99,15.89,1.0,0.0,0.0,0.0,0.0,,,0,static
test_q4_2024,2024-12-13,1314,LOJA 1314,42076,HEDRA EXPEC XAROPE 100ML,102013,0,,1.0,9.0,21.17,37.99,15.89,1.0,0.0,0.0,0.0,0.0,,,0,static
test_q4_2024,2024-12-14,1314,LOJA 1314,42076,HEDRA EXPEC XAROPE 100ML,102013,0,,1.0,9.0,21.17,37.99,15.89,1.0,0.0,0.0,0.0,0.0,,,0,static
test_q4_2024,2024-12-15,1314,LOJA 1314,42076,HEDRA EXPEC XAROPE 100ML,102013,0,,1.0,9.0,21.17,37.99,15.89,1.0,0.0,0.0,0.0,0.0,,,0,static
test_q4_2024,2024-12-16,1314,LOJA 1314,42076,HEDRA EXPEC XAROPE 100ML,102013,0,,1.0,9.0,21.17,37.99,15.89,1.0,0.0,0.0,0.0,0.0,,,0,static
test_q4_2024,2024-12-17,1314,LOJA 1314,42076,HEDRA EXPEC XAROPE 100ML,102013,0,,1.0,9.0,21.17,37.99,15.89,1.0,0.0,0.0,0.0,0.0,,,0,static
test_q4_2024,2024-12-18,1314,LOJA 1314,42076,HEDRA EXPEC XAROPE 100ML,102013,0,,1.0,9.0,21.17,37.99,15.89,1.0,0.0,0.0,0.0,0.0,,,0,static
test_q4_2024,2024-12-19,1314,LOJA 1314,42076,HEDRA EXPEC XAROPE 100ML,102013,0,,1.0,9.0,21.17,37.99,15.89,1.0,0.0,0.0,0.0,0.0,,,0,static
test_q4_2024,2024-12-20,1314,LOJA 1314,42076,HEDRA EXPEC XAROPE 100ML,102013,0,,1.0,9.0,21.17,37.99,15.89,1.0,0.0,0.0,0.0,0.0,,,0,static
test_q4_2024,2024-12-21,1314,LOJA 1314,42076,HEDRA EXPEC XAROPE 100ML,102013,0,,1.0,9.0,21.17,37.99,15.89,1.0,0.0,0.0,0.0,0.0,,,0,static
test_q4_2024,2024-12-22,1314,LOJA 1314,42076,HEDRA EXPEC XAROPE 100ML,102013,0,,1.0,9.0,21.17,37.99,15.89,1.0,0.0,0.0,0.0,0.0,,,0,static
test_q4_2024,2024-12-23,1314,LOJA 1314,42076,HEDRA EXPEC XAROPE 100ML,102013,0,,1.0,9.0,21.17,37.99,15.89,1.0,0.0,0.0,0.0,0.0,,,0,static
test_q4_2024,2024-12-24,1314,LOJA 1314,42076,HEDRA EXPEC XAROPE 100ML,102013,0,,1.0,9.0,21.17,37.99,15.89,1.0,0.0,0.0,0.0,0.0,,,0,static
test_q4_2024,2024-12-25,1314,LOJA 1314,42076,HEDRA EXPEC XAROPE 100ML,102013,0,,1.0,9.0,21.17,37.99,15.89,1.0,0.0,0.0,0.0,0.0,,,0,static
test_q4_2024,2024-12-26,1314,LOJA 1314,42076,HEDRA EXPEC XAROPE 100ML,102013,0,,1.0,9.0,21.17,37.99,15.89,1.0,0.0,0.0,0.0,0.0,,,0,static
test_q4_2024,2024-12-27,1314,LOJA 1314,42076,HEDRA EXPEC XAROPE 100ML,102013,0,,1.0,9.0,21.17,37.99,15.89,1.0,0.0,0.0,0.0,0.0,,,0,static
test_q4_2024,2024-12-28,1314,LOJA 1314,42076,HEDRA EXPEC XAROPE 100ML,102013,0,,1.0,9.0,21.17,37.99,15.89,1.0,0.0,0.0,0.0,0.0,,,0,static
test_q4_2024,2024-12-29,1314,LOJA 1314,42076,HEDRA EXPEC XAROPE 100ML,102013,0,,1.0,9.0,21.17,37.99,15.89,1.0,0.0,0.0,0.0,0.0,,,0,static
test_q4_2024,2024-12-30,1314,LOJA 1314,42076,HEDRA EXPEC XAROPE 100ML,102013,0,,1.0,9.0,21.17,37.99,15.89,1.0,0.0,0.0,0.0,0.0,,,0,static
test_q4_2024,2024-12-31,1314,LOJA 1314,42076,HEDRA EXPEC XAROPE 100ML,102013,0,,1.0,9.0,21.17,37.99,15.89,1.0,0.0,0.0,0.0,0.0,,,0,static
test_q4_2024,2024-10-01,1314,LOJA 1314,44217,BROMELIN S 100ML,33104,0,,1.0,9.0,55.77,74.2,43.09,1.0,0.0,0.2877,0.0,0.0,1.0,43.0,0,static
test_q4_2024,2024-10-02,1314,LOJA 1314,44217,BROMELIN S 100ML,33104,0,,1.0,9.0,55.77,74.2,43.09,1.0,0.0,0.2877,0.0,0.0,1.0,43.0,0,static
test_q4_2024,2024-10-03,1314,LOJA 1314,44217,BROMELIN S 100ML,33104,0,,1.0,9.0,55.77,74.2,43.09,1.0,0.0,0.2877,0.0,0.0,2.0,85.98,0,static
test_q4_2024,2024-10-04,1314,LOJA 1314,44217,BROMELIN S 100ML,33104,0,,1.0,9.0,55.77,74.2,43.09,1.0,0.0,0.2877,0.0,0.0,2.0,85.98,0,static
test_q4_2024,2024-10-05,1314,LOJA 1314,44217,BROMELIN S 100ML,33104,0,,1.0,9.0,55.77,74.2,43.09,1.0,0.0,0.2877,0.0,0.0,2.0,85.98,0,static
test_q4_2024,2024-10-06,1314,LOJA 1314,44217,BROMELIN S 100ML,33104,0,,1.0,9.0,55.77,74.2,43.09,1.0,0.0,0.2877,0.0,0.0,,,0,static
test_q4_2024,2024-10-07,1314,LOJA 1314,44217,BROMELIN S 100ML,33104,0,,1.0,9.0,55.77,74.2,43.09,1.0,0.0,0.2877,0.0,0.0,2.0,85.98,0,static
test_q4_2024,2024-10-08,1314,LOJA 1314,44217,BROMELIN S 100ML,33104,0,,1.0,9.0,55.77,74.2,43.09,1.0,0.0,0.2877,0.0,0.0,2.0,85.98,0,static
test_q4_2024,2024-10-09,1314,LOJA 1314,44217,BROMELIN S 100ML,33104,0,,1.0,9.0,55.77,74.2,43.09,1.0,0.0,0.2877,0.0,0.0,2.0,85.98,0,static
test_q4_2024,2024-10-10,1314,LOJA 1314,44217,BROMELIN S 100ML,33104,0,,1.0,9.0,55.77,74.2,43.09,1.0,0.0,0.2877,0.0,0.0,2.0,85.98,0,static
test_q4_2024,2024-10-11,1314,LOJA 1314,44217,BROMELIN S 100ML,33104,0,,1.0,9.0,55.77,74.2,43.09,1.0,0.0,0.2877,0.0,0.0,3.0,128.97,0,static
test_q4_2024,2024-10-12,1314,LOJA 1314,44217,BROMELIN S 100ML,33104,0,,1.0,9.0,55.77,74.2,43.09,1.0,0.0,0.2877,0.0,0.0,3.0,128.97,0,static
test_q4_2024,2024-10-13,1314,LOJA 1314,44217,BROMELIN S 100ML,33104,0,,1.0,9.0,55.77,74.2,43.09,1.0,0.0,0.2877,0.0,0.0,,,0,static
test_q4_2024,2024-10-14,1314,LOJA 1314,44217,BROMELIN S 100ML,33104,0,,1.0,9.0,55.77,74.2,43.09,1.0,0.0,0.2877,0.0,0.0,3.0,128.97,0,static
test_q4_2024,2024-10-15,1314,LOJA 1314,44217,BROMELIN S 100ML,33104,0,,1.0,9.0,55.77,74.2,43.09,1.0,0.0,0.2877,0.0,0.0,3.0,128.97,0,static
test_q4_2024,2024-10-16,1314,LOJA 1314,44217,BROMELIN S 100ML,33104,0,,1.0,9.0,55.77,74.2,43.09,1.0,0.0,0.2877,0.0,0.0,3.0,128.97,0,static
test_q4_2024,2024-10-17,1314,LOJA 1314,44217,BROMELIN S 100ML,33104,0,,1.0,9.0,55.77,74.2,43.09,1.0,0.0,0.2877,0.0,0.0,3.0,128.97,0,static
test_q4_2024,2024-10-18,1314,LOJA 1314,44217,BROMELIN S 100ML,33104,0,,1.0,9.0,55.77,74.2,43.09,1.0,0.0,0.2877,0.0,0.0,3.0,128.97,0,static
test_q4_2024,2024-10-19,1314,LOJA 1314,44217,BROMELIN S 100ML,33104,0,,1.0,9.0,55.77,74.2,43.09,1.0,0.0,0.2877,0.0,0.0,4.0,172.12,0,static
test_q4_2024,2024-10-20,1314,LOJA 1314,44217,BROMELIN S 100ML,33104,0,,1.0,9.0,55.77,74.2,43.09,1.0,0.0,0.2877,0.0,0.0,,,0,static
test_q4_2024,2024-10-21,1314,LOJA 1314,44217,BROMELIN S 100ML,33104,0,,1.0,9.0,55.77,74.2,43.09,1.0,0.0,0.2877,0.0,0.0,4.0,172.12,0,static
test_q4_2024,2024-10-22,1314,LOJA 1314,44217,BROMELIN S 100ML,33104,0,,1.0,9.0,55.77,74.2,43.09,1.0,0.0,0.2877,0.0,0.0,4.0,172.12,0,static
test_q4_2024,2024-10-23,1314,LOJA 1314,44217,BROMELIN S 100ML,33104,0,,1.0,9.0,55.77,74.2,43.09,1.0,0.0,0.2877,0.0,0.0,4.0,172.12,0,static
test_q4_2024,2024-10-24,1314,LOJA 1314,44217,BROMELIN S 100ML,33104,0,,1.0,9.0,55.77,74.2,43.09,1.0,0.0,0.2877,0.0,0.0,4.0,172.12,0,static
test_q4_2024,2024-10-25,1314,LOJA 1314,44217,BROMELIN S 100ML,33104,0,,1.0,9.0,55.77,74.2,43.09,1.0,0.0,0.2877,0.0,0.0,4.0,172.12,0,static
test_q4_2024,2024-10-26,1314,LOJA 1314,44217,BROMELIN S 100ML,33104,0,,1.0,9.0,55.77,74.2,43.09,1.0,0.0,0.2877,0.0,0.0,4.0,172.12,0,static
test_q4_2024,2024-10-27,1314,LOJA 1314,44217,BROMELIN S 100ML,33104,0,,1.0,9.0,55.77,74.2,43.09,1.0,0.0,0.2877,0.0,0.0,,,0,static
test_q4_2024,2024-10-28,1314,LOJA 1314,44217,BROMELIN S 100ML,33104,0,,1.0,9.0,55.77,74.2,43.09,1.0,0.0,0.2877,0.0,0.0,4.0,172.12,0,static
test_q4_2024,2024-10-29,1314,LOJA 1314,44217,BROMELIN S 100ML,33104,0,,1.0,9.0,55.77,74.2,43.09,1.0,0.0,0.2877,0.0,0.0,4.0,172.12,0,static
test_q4_2024,2024-10-30,1314,LOJA 1314,44217,BROMELIN S 100ML,33104,0,,1.0,9.0,55.77,74.2,43.09,1.0,0.0,0.2877,0.0,0.0,4.0,172.12,0,static
test_q4_2024,2024-10-31,1314,LOJA 1314,44217,BROMELIN S 100ML,33104,0,,1.0,9.0,55.77,74.2,43.09,1.0,0.0,0.2877,1.0,1.0,4.0,172.12,0,static
test_q4_2024,2024-11-01,1314,LOJA 1314,44217,BROMELIN S 100ML,33104,0,,1.0,9.0,55.77,74.2,43.09,1.0,0.0,0.2877,0.0,0.0,3.0,129.09,0,static
test_q4_2024,2024-11-02,1314,LOJA 1314,44217,BROMELIN S 100ML,33104,0,,1.0,9.0,55.77,74.2,43.09,1.0,0.0,0.2877,0.0,0.0,3.0,129.09,0,static
test_q4_2024,2024-11-03,1314,LOJA 1314,44217,BROMELIN S 100ML,33104,0,,1.0,9.0,55.77,74.2,43.09,1.0,0.0,0.2877,0.0,0.0,,,0,static
test_q4_2024,2024-11-04,1314,LOJA 1314,44217,BROMELIN S 100ML,33104,0,,1.0,9.0,55.77,74.2,43.09,1.0,0.0,0.2877,0.0,0.0,3.0,129.09,0,static
test_q4_2024,2024-11-05,1314,LOJA 1314,44217,BROMELIN S 100ML,33104,0,,1.0,9.0,55.77,74.2,43.09,1.0,0.0,0.2877,0.0,0.0,3.0,129.09,0,static
test_q4_2024,2024-11-06,1314,LOJA 1314,44217,BROMELIN S 100ML,33104,0,,1.0,9.0,55.77,74.2,43.09,1.0,0.0,0.2877,0.0,0.0,3.0,129.09,0,static
test_q4_2024,2024-11-07,1314,LOJA 1314,44217,BROMELIN S 100ML,33104,0,,1.0,9.0,55.77,74.2,43.09,1.0,0.0,0.2877,0.0,0.0,3.0,129.09,0,static
test_q4_2024,2024-11-08,1314,LOJA 1314,44217,BROMELIN S 100ML,33104,0,,1.0,9.0,55.77,74.2,43.09,1.0,0.0,0.2877,0.0,0.0,3.0,129.09,0,static
test_q4_2024,2024-11-09,1314,LOJA 1314,44217,BROMELIN S 100ML,33104,0,,1.0,9.0,55.77,74.2,43.09,1.0,0.0,0.2877,0.0,0.0,3.0,129.09,0,static
test_q4_2024,2024-11-10,1314,LOJA 1314,44217,BROMELIN S 100ML,33104,0,,1.0,9.0,55.77,74.2,43.09,1.0,0.0,0.2877,0.0,0.0,,,0,static
test_q4_2024,2024-11-11,1314,LOJA 1314,44217,BROMELIN S 100ML,33104,0,,1.0,9.0,55.77,74.2,43.09,1.0,0.0,0.2877,0.0,0.0,3.0,129.09,0,static
test_q4_2024,2024-11-12,1314,LOJA 1314,44217,BROMELIN S 100ML,33104,0,,1.0,9.0,55.77,74.2,43.09,1.0,0.0,0.2877,0.0,0.0,3.0,129.09,0,static
test_q4_2024,2024-11-13,1314,LOJA 1314,44217,BROMELIN S 100ML,33104,0,,1.0,9.0,55.77,74.2,43.09,1.0,0.0,0.2877,0.0,0.0,3.0,129.09,0,static
test_q4_2024,2024-11-14,1314,LOJA 1314,44217,BROMELIN S 100ML,33104,0,,1.0,9.0,55.77,74.2,43.09,1.0,0.0,0.2877,0.0,0.0,3.0,129.09,0,static
test_q4_2024,2024-11-15,1314,LOJA 1314,44217,BROMELIN S 100ML,33104,0,,1.0,9.0,55.77,74.2,43.09,1.0,0.0,0.2877,0.0,0.0,3.0,129.09,0,static
test_q4_2024,2024-11-16,1314,LOJA 1314,44217,BROMELIN S 100ML,33104,0,,1.0,9.0,55.77,74.2,43.09,1.0,0.0,0.2877,0.0,0.0,3.0,129.09,0,static
test_q4_2024,2024-11-17,1314,LOJA 1314,44217,BROMELIN S 100ML,33104,0,,1.0,9.0,55.77,74.2,43.09,1.0,0.0,0.2877,0.0,0.0,,,0,static
test_q4_2024,2024-11-18,1314,LOJA 1314,44217,BROMELIN S 100ML,33104,0,,1.0,9.0,55.77,74.2,43.09,1.0,0.0,0.2877,0.0,0.0,3.0,129.09,0,static
test_q4_2024,2024-11-19,1314,LOJA 1314,44217,BROMELIN S 100ML,33104,0,,1.0,9.0,55.77,74.2,43.09,1.0,0.0,0.2877,0.0,0.0,3.0,129.09,0,static
test_q4_2024,2024-11-20,1314,LOJA 1314,44217,BROMELIN S 100ML,33104,0,,1.0,9.0,55.77,74.2,43.09,1.0,0.0,0.2877,0.0,0.0,3.0,129.09,0,static
test_q4_2024,2024-11-21,1314,LOJA 1314,44217,BROMELIN S 100ML,33104,0,,1.0,9.0,55.77,74.2,43.09,1.0,0.0,0.2877,0.0,0.0,3.0,129.09,0,static
test_q4_2024,2024-11-22,1314,LOJA 1314,44217,BROMELIN S 100ML,33104,0,,1.0,9.0,55.77,74.2,43.09,1.0,0.0,0.2877,0.0,0.0,3.0,129.09,0,static
test_q4_2024,2024-11-23,1314,LOJA 1314,44217,BROMELIN S 100ML,33104,0,,1.0,9.0,55.77,74.2,43.09,1.0,0.0,0.2877,0.0,0.0,3.0,129.09,0,static
test_q4_2024,2024-11-24,1314,LOJA 1314,44217,BROMELIN S 100ML,33104,0,,1.0,9.0,55.77,74.2,43.09,1.0,0.0,0.2877,0.0,0.0,,,0,static
test_q4_2024,2024-11-25,1314,LOJA 1314,44217,BROMELIN S 100ML,33104,0,,1.0,9.0,55.77,74.2,43.09,1.0,0.0,0.2877,0.0,0.0,3.0,129.09,0,static
test_q4_2024,2024-11-26,1314,LOJA 1314,44217,BROMELIN S 100ML,33104,0,,1.0,9.0,55.77,74.2,43.09,1.0,0.0,0.2877,0.0,0.0,3.0,129.09,0,static
test_q4_2024,2024-11-27,1314,LOJA 1314,44217,BROMELIN S 100ML,33104,0,,1.0,9.0,55.77,74.2,43.09,1.0,0.0,0.2877,0.0,0.0,3.0,129.09,0,static
test_q4_2024,2024-11-28,1314,LOJA 1314,44217,BROMELIN S 100ML,33104,0,,1.0,9.0,55.77,74.2,43.09,1.0,0.0,0.2877,0.0,0.0,3.0,129.09,0,static
test_q4_2024,2024-11-29,1314,LOJA 1314,44217,BROMELIN S 100ML,33104,0,,1.0,9.0,55.77,74.2,43.09,1.0,0.0,0.2877,0.0,0.0,3.0,129.09,0,static
test_q4_2024,2024-11-30,1314,LOJA 1314,44217,BROMELIN S 100ML,33104,0,,1.0,9.0,55.77,74.2,43.09,1.0,0.0,0.2877,0.0,0.0,3.0,129.09,0,static
test_q4_2024,2024-12-01,1314,LOJA 1314,44217,BROMELIN S 100ML,33104,0,,1.0,9.0,55.77,74.2,43.09,1.0,0.0,0.2877,0.0,0.0,,,0,static
test_q4_2024,2024-12-02,1314,LOJA 1314,44217,BROMELIN S 100ML,33104,0,,1.0,9.0,55.77,74.2,43.09,1.0,0.0,0.2877,0.0,0.0,3.0,129.09,0,static
test_q4_2024,2024-12-03,1314,LOJA 1314,44217,BROMELIN S 100ML,33104,0,,1.0,9.0,55.77,74.2,43.09,1.0,0.0,0.2877,0.0,0.0,3.0,129.09,0,static
test_q4_2024,2024-12-04,1314,LOJA 1314,44217,BROMELIN S 100ML,33104,0,,1.0,9.0,55.77,74.2,43.09,1.0,0.0,0.2877,0.0,0.0,3.0,129.09,0,static
test_q4_2024,2024-12-05,1314,LOJA 1314,44217,BROMELIN S 100ML,33104,0,,1.0,9.0,55.77,74.2,43.09,1.0,0.0,0.2877,0.0,0.0,3.0,129.09,0,static
test_q4_2024,2024-12-06,1314,LOJA 1314,44217,BROMELIN S 100ML,33104,0,,1.0,9.0,55.77,74.2,43.09,1.0,0.0,0.2877,0.0,0.0,3.0,129.09,0,static
test_q4_2024,2024-12-07,1314,LOJA 1314,44217,BROMELIN S 100ML,33104,0,,1.0,9.0,55.77,74.2,43.09,1.0,0.0,0.2877,0.0,0.0,3.0,129.09,0,static
test_q4_2024,2024-12-08,1314,LOJA 1314,44217,BROMELIN S 100ML,33104,0,,1.0,9.0,55.77,74.2,43.09,1.0,0.0,0.2877,0.0,0.0,,,0,static
test_q4_2024,2024-12-09,1314,LOJA 1314,44217,BROMELIN S 100ML,33104,0,,1.0,9.0,55.77,74.2,43.09,1.0,0.0,0.2877,0.0,0.0,3.0,129.09,0,static
test_q4_2024,2024-12-10,1314,LOJA 1314,44217,BROMELIN S 100ML,33104,0,,1.0,9.0,55.77,74.2,43.09,1.0,0.0,0.2877,0.0,0.0,3.0,129.09,0,static
test_q4_2024,2024-12-11,1314,LOJA 1314,44217,BROMELIN S 100ML,33104,0,,1.0,9.0,55.77,74.2,43.09,1.0,0.0,0.2877,0.0,0.0,3.0,129.09,0,static
test_q4_2024,2024-12-12,1314,LOJA 1314,44217,BROMELIN S 100ML,33104,0,,1.0,9.0,55.77,74.2,43.09,1.0,0.0,0.2877,0.0,0.0,3.0,129.09,0,static
test_q4_2024,2024-12-13,1314,LOJA 1314,44217,BROMELIN S 100ML,33104,0,,1.0,9.0,55.77,74.2,43.09,1.0,0.0,0.2877,0.0,0.0,3.0,129.09,0,static
test_q4_2024,2024-12-14,1314,LOJA 1314,44217,BROMELIN S 100ML,33104,0,,1.0,9.0,55.77,74.2,43.09,1.0,0.0,0.2877,0.0,0.0,3.0,129.09,0,static
test_q4_2024,2024-12-15,1314,LOJA 1314,44217,BROMELIN S 100ML,33104,0,,1.0,9.0,55.77,74.2,43.09,1.0,0.0,0.2877,0.0,0.0,,,0,static
test_q4_2024,2024-12-16,1314,LOJA 1314,44217,BROMELIN S 100ML,33104,0,,1.0,9.0,55.77,74.2,43.09,1.0,0.0,0.2877,0.0,0.0,3.0,129.09,0,static
test_q4_2024,2024-12-17,1314,LOJA 1314,44217,BROMELIN S 100ML,33104,0,,1.0,9.0,55.77,74.2,43.09,1.0,0.0,0.2877,0.0,0.0,3.0,129.09,0,static
test_q4_2024,2024-12-18,1314,LOJA 1314,44217,BROMELIN S 100ML,33104,0,,1.0,9.0,55.77,74.2,43.09,1.0,0.0,0.2877,0.0,0.0,3.0,129.09,0,static
test_q4_2024,2024-12-19,1314,LOJA 1314,44217,BROMELIN S 100ML,33104,0,,1.0,9.0,55.77,74.2,43.09,1.0,0.0,0.2877,0.0,0.0,3.0,129.09,0,static
test_q4_2024,2024-12-20,1314,LOJA 1314,44217,BROMELIN S 100ML,33104,0,,1.0,9.0,55.77,74.2,43.09,1.0,0.0,0.2877,0.0,0.0,3.0,129.09,0,static
test_q4_2024,2024-12-21,1314,LOJA 1314,44217,BROMELIN S 100ML,33104,0,,1.0,9.0,55.77,74.2,43.09,1.0,0.0,0.2877,0.0,0.0,3.0,129.09,0,static
test_q4_2024,2024-12-22,1314,LOJA 1314,44217,BROMELIN S 100ML,33104,0,,1.0,9.0,55.77,74.2,43.09,1.0,0.0,0.2877,0.0,0.0,,,0,static
test_q4_2024,2024-12-23,1314,LOJA 1314,44217,BROMELIN S 100ML,33104,0,,1.0,9.0,55.77,74.2,43.09,1.0,0.0,0.2877,0.0,0.0,3.0,129.09,0,static
test_q4_2024,2024-12-24,1314,LOJA 1314,44217,BROMELIN S 100ML,33104,0,,1.0,9.0,55.77,74.2,43.09,1.0,0.0,0.2877,0.0,0.0,3.0,129.09,0,static
test_q4_2024,2024-12-25,1314,LOJA 1314,44217,BROMELIN S 100ML,33104,0,,1.0,9.0,55.77,74.2,43.09,1.0,0.0,0.2877,0.0,0.0,3.0,129.09,0,static
test_q4_2024,2024-12-26,1314,LOJA 1314,44217,BROMELIN S 100ML,33104,0,,1.0,9.0,55.77,74.2,43.09,1.0,0.0,0.2877,0.0,0.0,3.0,129.09,0,static
test_q4_2024,2024-12-27,1314,LOJA 1314,44217,BROMELIN S 100ML,33104,0,,1.0,9.0,55.77,74.2,43.09,1.0,0.0,0.2877,0.0,0.0,3.0,129.09,0,static
test_q4_2024,2024-12-28,1314,LOJA 1314,44217,BROMELIN S 100ML,33104,0,,1.0,9.0,55.77,74.2,43.09,1.0,0.0,0.2877,0.0,0.0,3.0,129.09,0,static
test_q4_2024,2024-12-29,1314,LOJA 1314,44217,BROMELIN S 100ML,33104,0,,1.0,9.0,55.77,74.2,43.09,1.0,0.0,0.2877,0.0,0.0,,,0,static
test_q4_2024,2024-12-30,1314,LOJA 1314,44217,BROMELIN S 100ML,33104,0,,1.0,9.0,55.77,74.2,43.09,1.0,0.0,0.2877,0.0,0.0,3.0,129.09,0,static
test_q4_2024,2024-12-31,1314,LOJA 1314,44217,BROMELIN S 100ML,33104,0,,1.0,9.0,55.77,74.2,43.09,1.0,0.0,0.2877,0.0,0.0,3.0,129.09,0,static
test_q4_2024,2024-10-01,1314,LOJA 1314,48812,ARLIVRY XAROPE CEREJA 100ML,35610,0,,1.0,9.0,21.9,18.49,8.98,1.0,0.0643,0.3121,0.0,0.0,2.0,17.96,0,static
test_q4_2024,2024-10-02,1314,LOJA 1314,48812,ARLIVRY XAROPE CEREJA 100ML,35610,0,,1.0,9.0,21.9,18.49,8.98,1.0,0.108,0.3121,0.0,0.0,2.0,17.96,0,static
test_q4_2024,2024-10-03,1314,LOJA 1314,48812,ARLIVRY XAROPE CEREJA 100ML,35610,0,,1.0,9.0,21.9,18.49,8.98,1.0,0.108,0.3121,0.0,0.0,2.0,17.96,0,static
test_q4_2024,2024-10-04,1314,LOJA 1314,48812,ARLIVRY XAROPE CEREJA 100ML,35610,0,,1.0,9.0,21.9,18.49,8.98,1.0,0.0643,0.3121,0.0,0.0,2.0,17.96,0,static
test_q4_2024,2024-10-05,1314,LOJA 1314,48812,ARLIVRY XAROPE CEREJA 100ML,35610,0,,1.0,9.0,21.9,18.49,8.98,1.0,0.108,0.3121,0.0,0.0,2.0,17.96,0,static
test_q4_2024,2024-10-06,1314,LOJA 1314,48812,ARLIVRY XAROPE CEREJA 100ML,35610,0,,1.0,9.0,21.9,18.49,8.98,1.0,0.108,0.3121,0.0,0.0,,,0,static
test_q4_2024,2024-10-07,1314,LOJA 1314,48812,ARLIVRY XAROPE CEREJA 100ML,35610,0,,1.0,9.0,21.9,18.49,8.98,1.0,0.1518,0.3121,0.0,0.0,3.0,26.94,0,static
test_q4_2024,2024-10-08,1314,LOJA 1314,48812,ARLIVRY XAROPE CEREJA 100ML,35610,0,,1.0,9.0,21.9,18.49,8.98,1.0,0.0643,0.3121,0.0,0.0,3.0,26.94,0,static
test_q4_2024,2024-10-09,1314,LOJA 1314,48812,ARLIVRY XAROPE CEREJA 100ML,35610,0,,1.0,9.0,21.9,18.49,8.98,1.0,0.108,0.3121,0.0,0.0,3.0,26.94,0,static
test_q4_2024,2024-10-10,1314,LOJA 1314,48812,ARLIVRY XAROPE CEREJA 100ML,35610,0,,1.0,9.0,21.9,18.49,8.98,1.0,0.148,0.3121,0.0,0.0,3.0,26.94,0,static
test_q4_2024,2024-10-11,1314,LOJA 1314,48812,ARLIVRY XAROPE CEREJA 100ML,35610,0,,1.0,9.0,21.9,18.49,8.98,1.0,0.1443,0.3121,0.0,0.0,5.0,44.9,0,static
test_q4_2024,2024-10-12,1314,LOJA 1314,48812,ARLIVRY XAROPE CEREJA 100ML,35610,0,,1.0,9.0,21.9,18.49,8.98,1.0,0.188,0.3121,0.0,0.0,5.0,44.9,0,static
test_q4_2024,2024-10-13,1314,LOJA 1314,48812,ARLIVRY XAROPE CEREJA 100ML,35610,0,,1.0,9.0,21.9,18.49,8.98,1.0,0.188,0.3121,0.0,0.0,,,0,static
test_q4_2024,2024-10-14,1314,LOJA 1314,48812,ARLIVRY XAROPE CEREJA 100ML,35610,0,,1.0,9.0,21.9,18.49,8.98,1.0,0.2318,0.3121,0.0,0.0,5.0,44.9,0,static
test_q4_2024,2024-10-15,1314,LOJA 1314,48812,ARLIVRY XAROPE CEREJA 100ML,35610,0,,1.0,9.0,21.9,18.49,8.98,1.0,0.1443,0.3121,0.0,0.0,5.0,44.9,0,static
test_q4_2024,2024-10-16,1314,LOJA 1314,48812,ARLIVRY XAROPE CEREJA 100ML,35610,0,,1.0,9.0,21.9,18.49,8.98,1.0,0.188,0.3121,0.0,0.0,5.0,44.9,0,static
test_q4_2024,2024-10-17,1314,LOJA 1314,48812,ARLIVRY XAROPE CEREJA 100ML,35610,0,,1.0,9.0,21.9,18.49,8.98,1.0,0.188,0.3121,0.0,0.0,5.0,44.9,0,static
test_q4_2024,2024-10-18,1314,LOJA 1314,48812,ARLIVRY XAROPE CEREJA 100ML,35610,0,,1.0,9.0,21.9,18.49,8.98,1.0,0.1443,0.3121,0.0,0.0,5.0,44.9,0,static
test_q4_2024,2024-10-19,1314,LOJA 1314,48812,ARLIVRY XAROPE CEREJA 100ML,35610,0,,1.0,9.0,21.9,18.49,8.98,1.0,0.188,0.3121,0.0,0.0,5.0,44.9,0,static
test_q4_2024,2024-10-20,1314,LOJA 1314,48812,ARLIVRY XAROPE CEREJA 100ML,35610,0,,1.0,9.0,21.9,18.49,8.98,1.0,0.188,0.3121,0.0,0.0,,,0,static
test_q4_2024,2024-10-21,1314,LOJA 1314,48812,ARLIVRY XAROPE CEREJA 100ML,35610,0,,1.0,9.0,21.9,18.49,8.98,1.0,0.2318,0.3121,0.0,0.0,5.0,44.9,0,static
test_q4_2024,2024-10-22,1314,LOJA 1314,48812,ARLIVRY XAROPE CEREJA 100ML,35610,0,,1.0,9.0,21.9,18.49,8.98,1.0,0.1443,0.3121,0.0,0.0,5.0,44.9,0,static
test_q4_2024,2024-10-23,1314,LOJA 1314,48812,ARLIVRY XAROPE CEREJA 100ML,35610,0,,1.0,9.0,21.9,18.49,8.98,1.0,0.188,0.3121,0.0,0.0,5.0,44.9,0,static
test_q4_2024,2024-10-24,1314,LOJA 1314,48812,ARLIVRY XAROPE CEREJA 100ML,35610,0,,1.0,9.0,21.9,18.49,8.98,1.0,0.188,0.3121,0.0,0.0,5.0,44.9,0,static
test_q4_2024,2024-10-25,1314,LOJA 1314,48812,ARLIVRY XAROPE CEREJA 100ML,35610,0,,1.0,9.0,21.9,18.49,8.98,1.0,0.1043,0.3121,0.0,0.0,5.0,44.9,0,static
test_q4_2024,2024-10-26,1314,LOJA 1314,48812,ARLIVRY XAROPE CEREJA 100ML,35610,0,,1.0,9.0,21.9,18.49,8.98,1.0,0.108,0.3121,0.0,0.0,5.0,44.9,0,static
test_q4_2024,2024-10-27,1314,LOJA 1314,48812,ARLIVRY XAROPE CEREJA 100ML,35610,0,,1.0,9.0,21.9,18.49,8.98,1.0,0.108,0.3121,0.0,0.0,,,0,static
test_q4_2024,2024-10-28,1314,LOJA 1314,48812,ARLIVRY XAROPE CEREJA 100ML,35610,0,,1.0,9.0,21.9,18.49,8.98,1.0,0.1518,0.3121,0.0,0.0,5.0,44.9,0,static
test_q4_2024,2024-10-29,1314,LOJA 1314,48812,ARLIVRY XAROPE CEREJA 100ML,35610,0,,1.0,9.0,21.9,18.49,8.98,1.0,0.0643,0.3121,0.0,0.0,5.0,44.9,0,static
test_q4_2024,2024-10-30,1314,LOJA 1314,48812,ARLIVRY XAROPE CEREJA 100ML,35610,0,,1.0,9.0,21.9,18.49,8.98,1.0,0.108,0.3121,0.0,0.0,5.0,44.9,0,static
test_q4_2024,2024-10-31,1314,LOJA 1314,48812,ARLIVRY XAROPE CEREJA 100ML,35610,0,,1.0,9.0,21.9,18.49,8.98,1.0,0.108,0.3121,0.0,0.0,5.0,44.9,0,static
test_q4_2024,2024-11-01,1314,LOJA 1314,48812,ARLIVRY XAROPE CEREJA 100ML,35610,0,,1.0,9.0,21.9,18.49,8.98,1.0,0.0643,0.3121,0.0,0.0,5.0,44.9,0,static
test_q4_2024,2024-11-02,1314,LOJA 1314,48812,ARLIVRY XAROPE CEREJA 100ML,35610,0,,1.0,9.0,21.9,18.49,8.98,1.0,0.108,0.3121,0.0,0.0,5.0,44.9,0,static
test_q4_2024,2024-11-03,1314,LOJA 1314,48812,ARLIVRY XAROPE CEREJA 100ML,35610,0,,1.0,9.0,21.9,18.49,8.98,1.0,0.108,0.3121,0.0,0.0,,,0,static
test_q4_2024,2024-11-04,1314,LOJA 1314,48812,ARLIVRY XAROPE CEREJA 100ML,35610,0,,1.0,9.0,21.9,18.49,8.98,1.0,0.1518,0.3121,0.0,0.0,5.0,44.9,0,static
test_q4_2024,2024-11-05,1314,LOJA 1314,48812,ARLIVRY XAROPE CEREJA 100ML,35610,0,,1.0,9.0,21.9,18.49,8.98,1.0,0.0643,0.3121,1.0,1.0,5.0,44.9,0,static
test_q4_2024,2024-11-06,1314,LOJA 1314,48812,ARLIVRY XAROPE CEREJA 100ML,35610,0,,1.0,9.0,21.9,18.49,8.98,1.0,0.108,0.3121,0.0,0.0,4.0,35.92,0,static
test_q4_2024,2024-11-07,1314,LOJA 1314,48812,ARLIVRY XAROPE CEREJA 100ML,35610,0,,1.0,9.0,21.9,18.49,8.98,1.0,0.108,0.3121,0.0,0.0,4.0,35.92,0,static
test_q4_2024,2024-11-08,1314,LOJA 1314,48812,ARLIVRY XAROPE CEREJA 100ML,35610,0,,1.0,9.0,21.9,18.49,8.98,1.0,0.0643,0.3121,0.0,0.0,4.0,35.92,0,static
test_q4_2024,2024-11-09,1314,LOJA 1314,48812,ARLIVRY XAROPE CEREJA 100ML,35610,0,,1.0,9.0,21.9,18.49,8.98,1.0,0.108,0.3121,0.0,0.0,4.0,35.92,0,static
test_q4_2024,2024-11-10,1314,LOJA 1314,48812,ARLIVRY XAROPE CEREJA 100ML,35610,0,,1.0,9.0,21.9,18.49,8.98,1.0,0.108,0.3121,0.0,0.0,,,0,static
test_q4_2024,2024-11-11,1314,LOJA 1314,48812,ARLIVRY XAROPE CEREJA 100ML,35610,0,,1.0,9.0,21.9,18.49,8.98,1.0,0.1518,0.3121,0.0,0.0,4.0,35.92,0,static
test_q4_2024,2024-11-12,1314,LOJA 1314,48812,ARLIVRY XAROPE CEREJA 100ML,35610,0,,1.0,9.0,21.9,18.49,8.98,1.0,0.0643,0.3121,0.0,0.0,4.0,35.92,0,static
test_q4_2024,2024-11-13,1314,LOJA 1314,48812,ARLIVRY XAROPE CEREJA 100ML,35610,0,,1.0,9.0,21.9,18.49,8.98,1.0,0.108,0.3121,0.0,0.0,4.0,35.92,0,static
test_q4_2024,2024-11-14,1314,LOJA 1314,48812,ARLIVRY XAROPE CEREJA 100ML,35610,0,,1.0,9.0,21.9,18.49,8.98,1.0,0.108,0.3121,0.0,0.0,4.0,35.92,0,static
test_q4_2024,2024-11-15,1314,LOJA 1314,48812,ARLIVRY XAROPE CEREJA 100ML,35610,0,,1.0,9.0,21.9,18.49,8.98,1.0,0.0643,0.3121,0.0,0.0,4.0,35.92,0,static
test_q4_2024,2024-11-16,1314,LOJA 1314,48812,ARLIVRY XAROPE CEREJA 100ML,35610,0,,1.0,9.0,21.9,18.49,8.98,1.0,0.108,0.3121,0.0,0.0,4.0,35.92,0,static
test_q4_2024,2024-11-17,1314,LOJA 1314,48812,ARLIVRY XAROPE CEREJA 100ML,35610,0,,1.0,9.0,21.9,18.49,8.98,1.0,0.108,0.3121,0.0,0.0,,,0,static
test_q4_2024,2024-11-18,1314,LOJA 1314,48812,ARLIVRY XAROPE CEREJA 100ML,35610,0,,1.0,9.0,21.9,18.49,8.98,1.0,0.1518,0.3121,0.0,0.0,4.0,35.92,0,static
test_q4_2024,2024-11-19,1314,LOJA 1314,48812,ARLIVRY XAROPE CEREJA 100ML,35610,0,,1.0,9.0,21.9,18.49,8.98,1.0,0.0643,0.3121,0.0,0.0,4.0,35.92,0,static
test_q4_2024,2024-11-20,1314,LOJA 1314,48812,ARLIVRY XAROPE CEREJA 100ML,35610,0,,1.0,9.0,21.9,18.49,8.98,1.0,0.108,0.3121,0.0,0.0,4.0,35.92,0,static
test_q4_2024,2024-11-21,1314,LOJA 1314,48812,ARLIVRY XAROPE CEREJA 100ML,35610,0,,1.0,9.0,21.9,18.49,8.98,1.0,0.108,0.3121,0.0,0.0,4.0,35.92,0,static
test_q4_2024,2024-11-22,1314,LOJA 1314,48812,ARLIVRY XAROPE CEREJA 100ML,35610,0,,1.0,9.0,21.9,18.49,8.98,1.0,0.0643,0.3121,1.0,1.0,4.0,35.92,0,static
test_q4_2024,2024-11-23,1314,LOJA 1314,48812,ARLIVRY XAROPE CEREJA 100ML,35610,0,,1.0,9.0,21.9,18.49,8.98,1.0,0.108,0.3121,0.0,0.0,3.0,26.94,0,static
test_q4_2024,2024-11-24,1314,LOJA 1314,48812,ARLIVRY XAROPE CEREJA 100ML,35610,0,,1.0,9.0,21.9,18.49,8.98,1.0,0.108,0.3121,0.0,0.0,,,0,static
test_q4_2024,2024-11-25,1314,LOJA 1314,48812,ARLIVRY XAROPE CEREJA 100ML,35610,0,,1.0,9.0,21.9,18.49,8.98,1.0,0.1518,0.3121,0.0,0.0,3.0,26.94,0,static
test_q4_2024,2024-11-26,1314,LOJA 1314,48812,ARLIVRY XAROPE CEREJA 100ML,35610,0,,1.0,9.0,21.9,18.49,8.98,1.0,0.0643,0.3121,0.0,0.0,3.0,26.94,0,static
test_q4_2024,2024-11-27,1314,LOJA 1314,48812,ARLIVRY XAROPE CEREJA 100ML,35610,0,,1.0,9.0,21.9,18.49,8.98,1.0,0.108,0.3121,0.0,0.0,3.0,26.94,0,static
test_q4_2024,2024-11-28,1314,LOJA 1314,48812,ARLIVRY XAROPE CEREJA 100ML,35610,0,,1.0,9.0,21.9,18.49,8.98,1.0,0.108,0.3121,1.0,1.0,4.0,35.92,0,static
test_q4_2024,2024-11-29,1314,LOJA 1314,48812,ARLIVRY XAROPE CEREJA 100ML,35610,0,,1.0,9.0,21.9,18.49,8.98,1.0,0.0643,0.3121,0.0,0.0,3.0,26.94,0,static
test_q4_2024,2024-11-30,1314,LOJA 1314,48812,ARLIVRY XAROPE CEREJA 100ML,35610,0,,1.0,9.0,21.9,18.49,8.98,1.0,0.108,0.3121,0.0,0.0,3.0,26.94,0,static
test_q4_2024,2024-12-01,1314,LOJA 1314,48812,ARLIVRY XAROPE CEREJA 100ML,35610,0,,1.0,9.0,21.9,18.49,8.98,1.0,0.108,0.3121,0.0,0.0,,,0,static
test_q4_2024,2024-12-02,1314,LOJA 1314,48812,ARLIVRY XAROPE CEREJA 100ML,35610,0,,1.0,9.0,21.9,18.49,8.98,1.0,0.1518,0.3121,0.0,0.0,3.0,26.94,0,static
test_q4_2024,2024-12-03,1314,LOJA 1314,48812,ARLIVRY XAROPE CEREJA 100ML,35610,0,,1.0,9.0,21.9,18.49,8.98,1.0,0.0643,0.3121,0.0,0.0,3.0,26.94,0,static
test_q4_2024,2024-12-04,1314,LOJA 1314,48812,ARLIVRY XAROPE CEREJA 100ML,35610,0,,1.0,9.0,21.9,18.49,8.98,1.0,0.108,0.3121,0.0,0.0,3.0,26.94,0,static
test_q4_2024,2024-12-05,1314,LOJA 1314,48812,ARLIVRY XAROPE CEREJA 100ML,35610,0,,1.0,9.0,21.9,18.49,8.98,1.0,0.108,0.3121,0.0,0.0,5.0,44.9,0,static
test_q4_2024,2024-12-06,1314,LOJA 1314,48812,ARLIVRY XAROPE CEREJA 100ML,35610,0,,1.0,9.0,21.9,18.49,8.98,1.0,0.0643,0.3121,0.0,0.0,5.0,44.9,0,static
test_q4_2024,2024-12-07,1314,LOJA 1314,48812,ARLIVRY XAROPE CEREJA 100ML,35610,0,,1.0,9.0,21.9,18.49,8.98,1.0,0.108,0.3121,0.0,0.0,5.0,44.9,0,static
test_q4_2024,2024-12-08,1314,LOJA 1314,48812,ARLIVRY XAROPE CEREJA 100ML,35610,0,,1.0,9.0,21.9,18.49,8.98,1.0,0.108,0.3121,0.0,0.0,,,0,static
test_q4_2024,2024-12-09,1314,LOJA 1314,48812,ARLIVRY XAROPE CEREJA 100ML,35610,0,,1.0,9.0,21.9,18.49,8.98,1.0,0.1518,0.3121,0.0,0.0,5.0,44.9,0,static
test_q4_2024,2024-12-10,1314,LOJA 1314,48812,ARLIVRY XAROPE CEREJA 100ML,35610,0,,1.0,9.0,21.9,18.49,8.98,1.0,0.0643,0.3121,0.0,0.0,5.0,44.9,0,static
test_q4_2024,2024-12-11,1314,LOJA 1314,48812,ARLIVRY XAROPE CEREJA 100ML,35610,0,,1.0,9.0,21.9,18.49,8.98,1.0,0.108,0.3121,0.0,0.0,5.0,44.9,0,static
test_q4_2024,2024-12-12,1314,LOJA 1314,48812,ARLIVRY XAROPE CEREJA 100ML,35610,0,,1.0,9.0,21.9,18.49,8.98,1.0,0.108,0.3121,0.0,0.0,5.0,44.9,0,static
test_q4_2024,2024-12-13,1314,LOJA 1314,48812,ARLIVRY XAROPE CEREJA 100ML,35610,0,,1.0,9.0,21.9,18.49,8.98,1.0,0.0643,0.3121,0.0,0.0,5.0,44.9,0,static
test_q4_2024,2024-12-14,1314,LOJA 1314,48812,ARLIVRY XAROPE CEREJA 100ML,35610,0,,1.0,9.0,21.9,18.49,8.98,1.0,0.108,0.3121,0.0,0.0,5.0,44.9,0,static
test_q4_2024,2024-12-15,1314,LOJA 1314,48812,ARLIVRY XAROPE CEREJA 100ML,35610,0,,1.0,9.0,21.9,18.49,8.98,1.0,0.108,0.3121,0.0,0.0,,,0,static
test_q4_2024,2024-12-16,1314,LOJA 1314,48812,ARLIVRY XAROPE CEREJA 100ML,35610,0,,1.0,9.0,21.9,18.49,8.98,1.0,0.1518,0.3121,0.0,0.0,5.0,44.9,0,static
test_q4_2024,2024-12-17,1314,LOJA 1314,48812,ARLIVRY XAROPE CEREJA 100ML,35610,0,,1.0,9.0,21.9,18.49,8.98,1.0,0.0643,0.3121,0.0,0.0,5.0,44.9,0,static
test_q4_2024,2024-12-18,1314,LOJA 1314,48812,ARLIVRY XAROPE CEREJA 100ML,35610,0,,1.0,9.0,21.9,18.49,8.98,1.0,0.108,0.3121,0.0,0.0,5.0,44.9,0,static
test_q4_2024,2024-12-19,1314,LOJA 1314,48812,ARLIVRY XAROPE CEREJA 100ML,35610,0,,1.0,9.0,21.9,18.49,8.98,1.0,0.108,0.3121,0.0,0.0,5.0,44.9,0,static
test_q4_2024,2024-12-20,1314,LOJA 1314,48812,ARLIVRY XAROPE CEREJA 100ML,35610,0,,1.0,9.0,21.9,18.49,8.98,1.0,0.0643,0.3121,0.0,0.0,5.0,44.9,0,static
test_q4_2024,2024-12-21,1314,LOJA 1314,48812,ARLIVRY XAROPE CEREJA 100ML,35610,0,,1.0,9.0,21.9,18.49,8.98,1.0,0.108,0.3121,1.0,1.0,5.0,44.9,0,static
test_q4_2024,2024-12-22,1314,LOJA 1314,48812,ARLIVRY XAROPE CEREJA 100ML,35610,0,,1.0,9.0,21.9,18.49,8.98,1.0,0.108,0.3121,0.0,0.0,,,0,static
test_q4_2024,2024-12-23,1314,LOJA 1314,48812,ARLIVRY XAROPE CEREJA 100ML,35610,0,,1.0,9.0,21.9,18.49,8.98,1.0,0.1518,0.3121,0.0,0.0,4.0,35.92,0,static
test_q4_2024,2024-12-24,1314,LOJA 1314,48812,ARLIVRY XAROPE CEREJA 100ML,35610,0,,1.0,9.0,21.9,18.49,8.98,1.0,0.0643,0.3121,0.0,0.0,4.0,35.92,0,static
test_q4_2024,2024-12-25,1314,LOJA 1314,48812,ARLIVRY XAROPE CEREJA 100ML,35610,0,,1.0,9.0,21.9,18.49,8.98,1.0,0.108,0.3121,0.0,0.0,4.0,35.92,0,static
test_q4_2024,2024-12-26,1314,LOJA 1314,48812,ARLIVRY XAROPE CEREJA 100ML,35610,0,,1.0,9.0,21.9,18.49,8.98,1.0,0.108,0.3121,0.0,0.0,4.0,35.92,0,static
test_q4_2024,2024-12-27,1314,LOJA 1314,48812,ARLIVRY XAROPE CEREJA 100ML,35610,0,,1.0,9.0,21.9,18.49,8.98,1.0,0.0643,0.3121,0.0,0.0,4.0,35.92,0,static
test_q4_2024,2024-12-28,1314,LOJA 1314,48812,ARLIVRY XAROPE CEREJA 100ML,35610,0,,1.0,9.0,21.9,18.49,8.98,1.0,0.108,0.3121,0.0,0.0,4.0,35.92,0,static
test_q4_2024,2024-12-29,1314,LOJA 1314,48812,ARLIVRY XAROPE CEREJA 100ML,35610,0,,1.0,9.0,21.9,18.49,8.98,1.0,0.108,0.3121,0.0,0.0,,,0,static
test_q4_2024,2024-12-30,1314,LOJA 1314,48812,ARLIVRY XAROPE CEREJA 100ML,35610,0,,1.0,9.0,21.9,18.49,8.98,1.0,0.1518,0.3121,0.0,0.0,4.0,35.92,0,static
test_q4_2024,2024-12-31,1314,LOJA 1314,48812,ARLIVRY XAROPE CEREJA 100ML,35610,0,,1.0,9.0,21.9,18.49,8.98,1.0,0.0643,0.3121,0.0,0.0,4.0,35.92,0,static
test_q4_2024,2024-10-01,1314,LOJA 1314,48813,ARLIVRY XAROPE MEL 100ML,35610,0,,1.0,9.0,27.51,18.49,8.98,1.0,0.1204,0.3865,0.0,0.0,3.0,26.94,0,static
test_q4_2024,2024-10-02,1314,LOJA 1314,48813,ARLIVRY XAROPE MEL 100ML,35610,0,,1.0,9.0,27.51,18.49,8.98,1.0,0.1641,0.3865,0.0,0.0,3.0,26.94,0,static
test_q4_2024,2024-10-03,1314,LOJA 1314,48813,ARLIVRY XAROPE MEL 100ML,35610,0,,1.0,9.0,27.51,18.49,8.98,1.0,0.1204,0.3865,0.0,0.0,3.0,26.94,0,static
test_q4_2024,2024-10-04,1314,LOJA 1314,48813,ARLIVRY XAROPE MEL 100ML,35610,0,,1.0,9.0,27.51,18.49,8.98,1.0,0.1641,0.3865,0.0,0.0,3.0,26.94,0,static
test_q4_2024,2024-10-05,1314,LOJA 1314,48813,ARLIVRY XAROPE MEL 100ML,35610,0,,1.0,9.0,27.51,18.49,8.98,1.0,0.2079,0.3865,0.0,0.0,3.0,26.94,0,static
test_q4_2024,2024-10-06,1314,LOJA 1314,48813,ARLIVRY XAROPE MEL 100ML,35610,0,,1.0,9.0,27.51,18.49,8.98,1.0,0.2516,0.3865,0.0,0.0,,,0,static
test_q4_2024,2024-10-07,1314,LOJA 1314,48813,ARLIVRY XAROPE MEL 100ML,35610,0,,1.0,9.0,27.51,18.49,8.98,1.0,0.2516,0.3865,0.0,0.0,5.0,44.9,0,static
test_q4_2024,2024-10-08,1314,LOJA 1314,48813,ARLIVRY XAROPE MEL 100ML,35610,0,,1.0,9.0,27.51,18.49,8.98,1.0,0.1204,0.3865,0.0,0.0,5.0,44.9,0,static
test_q4_2024,2024-10-09,1314,LOJA 1314,48813,ARLIVRY XAROPE MEL 100ML,35610,0,,1.0,9.0,27.51,18.49,8.98,1.0,0.1641,0.3865,0.0,0.0,5.0,44.9,0,static
test_q4_2024,2024-10-10,1314,LOJA 1314,48813,ARLIVRY XAROPE MEL 100ML,35610,0,,1.0,9.0,27.51,18.49,8.98,1.0,0.1204,0.3865,0.0,0.0,5.0,44.9,0,static
test_q4_2024,2024-10-11,1314,LOJA 1314,48813,ARLIVRY XAROPE MEL 100ML,35610,0,,1.0,9.0,27.51,18.49,8.98,1.0,0.1641,0.3865,0.0,0.0,9.0,80.82,0,static
test_q4_2024,2024-10-12,1314,LOJA 1314,48813,ARLIVRY XAROPE MEL 100ML,35610,0,,1.0,9.0,27.51,18.49,8.98,1.0,0.1679,0.3865,0.0,0.0,9.0,80.82,0,static
test_q4_2024,2024-10-13,1314,LOJA 1314,48813,ARLIVRY XAROPE MEL 100ML,35610,0,,1.0,9.0,27.51,18.49,8.98,1.0,0.2116,0.3865,0.0,0.0,,,0,static
test_q4_2024,2024-10-14,1314,LOJA 1314,48813,ARLIVRY XAROPE MEL 100ML,35610,0,,1.0,9.0,27.51,18.49,8.98,1.0,0.2116,0.3865,0.0,0.0,9.0,80.82,0,static
test_q4_2024,2024-10-15,1314,LOJA 1314,48813,ARLIVRY XAROPE MEL 100ML,35610,0,,1.0,9.0,27.51,18.49,8.98,1.0,0.0804,0.3865,0.0,0.0,9.0,80.82,0,static
test_q4_2024,2024-10-16,1314,LOJA 1314,48813,ARLIVRY XAROPE MEL 100ML,35610,0,,1.0,9.0,27.51,18.49,8.98,1.0,0.1241,0.3865,0.0,0.0,9.0,80.82,0,static
test_q4_2024,2024-10-17,1314,LOJA 1314,48813,ARLIVRY XAROPE MEL 100ML,35610,0,,1.0,9.0,27.51,18.49,8.98,1.0,0.0804,0.3865,0.0,0.0,9.0,80.82,0,static
test_q4_2024,2024-10-18,1314,LOJA 1314,48813,ARLIVRY XAROPE MEL 100ML,35610,0,,1.0,9.0,27.51,18.49,8.98,1.0,0.1241,0.3865,0.0,0.0,9.0,80.82,0,static
test_q4_2024,2024-10-19,1314,LOJA 1314,48813,ARLIVRY XAROPE MEL 100ML,35610,0,,1.0,9.0,27.51,18.49,8.98,1.0,0.1679,0.3865,0.0,0.0,9.0,80.82,0,static
test_q4_2024,2024-10-20,1314,LOJA 1314,48813,ARLIVRY XAROPE MEL 100ML,35610,0,,1.0,9.0,27.51,18.49,8.98,1.0,0.2116,0.3865,0.0,0.0,,,0,static
test_q4_2024,2024-10-21,1314,LOJA 1314,48813,ARLIVRY XAROPE MEL 100ML,35610,0,,1.0,9.0,27.51,18.49,8.98,1.0,0.2116,0.3865,0.0,0.0,9.0,80.82,0,static
test_q4_2024,2024-10-22,1314,LOJA 1314,48813,ARLIVRY XAROPE MEL 100ML,35610,0,,1.0,9.0,27.51,18.49,8.98,1.0,0.0804,0.3865,0.0,0.0,9.0,80.82,0,static
test_q4_2024,2024-10-23,1314,LOJA 1314,48813,ARLIVRY XAROPE MEL 100ML,35610,0,,1.0,9.0,27.51,18.49,8.98,1.0,0.1241,0.3865,2.0,2.0,9.0,80.82,0,static
test_q4_2024,2024-10-24,1314,LOJA 1314,48813,ARLIVRY XAROPE MEL 100ML,35610,0,,1.0,9.0,27.51,18.49,8.98,1.0,0.0804,0.3865,0.0,0.0,7.0,62.86,0,static
test_q4_2024,2024-10-25,1314,LOJA 1314,48813,ARLIVRY XAROPE MEL 100ML,35610,0,,1.0,9.0,27.51,18.49,8.98,1.0,0.1241,0.3865,0.0,0.0,7.0,62.86,0,static
test_q4_2024,2024-10-26,1314,LOJA 1314,48813,ARLIVRY XAROPE MEL 100ML,35610,0,,1.0,9.0,27.51,18.49,8.98,1.0,0.1679,0.3865,0.0,0.0,7.0,62.86,0,static
test_q4_2024,2024-10-27,1314,LOJA 1314,48813,ARLIVRY XAROPE MEL 100ML,35610,0,,1.0,9.0,27.51,18.49,8.98,1.0,0.2116,0.3865,0.0,0.0,,,0,static
test_q4_2024,2024-10-28,1314,LOJA 1314,48813,ARLIVRY XAROPE MEL 100ML,35610,0,,1.0,9.0,27.51,18.49,8.98,1.0,0.2116,0.3865,0.0,0.0,7.0,62.86,0,static
test_q4_2024,2024-10-29,1314,LOJA 1314,48813,ARLIVRY XAROPE MEL 100ML,35610,0,,1.0,9.0,27.51,18.49,8.98,1.0,0.0804,0.3865,0.0,0.0,7.0,62.86,0,static
test_q4_2024,2024-10-30,1314,LOJA 1314,48813,ARLIVRY XAROPE MEL 100ML,35610,0,,1.0,9.0,27.51,18.49,8.98,1.0,0.1241,0.3865,0.0,0.0,7.0,62.86,0,static
test_q4_2024,2024-10-31,1314,LOJA 1314,48813,ARLIVRY XAROPE MEL 100ML,35610,0,,1.0,9.0,27.51,18.49,8.98,1.0,0.0804,0.3865,0.0,0.0,7.0,62.86,0,static
test_q4_2024,2024-11-01,1314,LOJA 1314,48813,ARLIVRY XAROPE MEL 100ML,35610,0,,1.0,9.0,27.51,18.49,8.98,1.0,0.1241,0.3865,0.0,0.0,7.0,62.86,0,static
test_q4_2024,2024-11-02,1314,LOJA 1314,48813,ARLIVRY XAROPE MEL 100ML,35610,0,,1.0,9.0,27.51,18.49,8.98,1.0,0.1679,0.3865,0.0,0.0,7.0,62.86,0,static
test_q4_2024,2024-11-03,1314,LOJA 1314,48813,ARLIVRY XAROPE MEL 100ML,35610,0,,1.0,9.0,27.51,18.49,8.98,1.0,0.2249,0.3865,0.0,0.0,,,0,static
test_q4_2024,2024-11-04,1314,LOJA 1314,48813,ARLIVRY XAROPE MEL 100ML,35610,0,,1.0,9.0,27.51,18.49,8.98,1.0,0.2249,0.3865,0.0,0.0,7.0,62.86,0,static
test_q4_2024,2024-11-05,1314,LOJA 1314,48813,ARLIVRY XAROPE MEL 100ML,35610,0,,1.0,9.0,27.51,18.49,8.98,1.0,0.0937,0.3865,0.0,0.0,7.0,62.86,0,static
test_q4_2024,2024-11-06,1314,LOJA 1314,48813,ARLIVRY XAROPE MEL 100ML,35610,0,,1.0,9.0,27.51,18.49,8.98,1.0,0.1374,0.3865,0.0,0.0,7.0,62.86,0,static
test_q4_2024,2024-11-07,1314,LOJA 1314,48813,ARLIVRY XAROPE MEL 100ML,35610,0,,1.0,9.0,27.51,18.49,8.98,1.0,0.0937,0.3865,0.0,0.0,7.0,62.86,0,static
test_q4_2024,2024-11-08,1314,LOJA 1314,48813,ARLIVRY XAROPE MEL 100ML,35610,0,,1.0,9.0,27.51,18.49,8.98,1.0,0.1374,0.3865,0.0,0.0,7.0,62.86,0,static
test_q4_2024,2024-11-09,1314,LOJA 1314,48813,ARLIVRY XAROPE MEL 100ML,35610,0,,1.0,9.0,27.51,18.49,8.98,1.0,0.1812,0.3865,0.0,0.0,7.0,62.86,0,static
test_q4_2024,2024-11-10,1314,LOJA 1314,48813,ARLIVRY XAROPE MEL 100ML,35610,0,,1.0,9.0,27.51,18.49,8.98,1.0,0.2249,0.3865,0.0,0.0,,,0,static
test_q4_2024,2024-11-11,1314,LOJA 1314,48813,ARLIVRY XAROPE MEL 100ML,35610,0,,1.0,9.0,27.51,18.49,8.98,1.0,0.2249,0.3865,0.0,0.0,7.0,62.86,0,static
test_q4_2024,2024-11-12,1314,LOJA 1314,48813,ARLIVRY XAROPE MEL 100ML,35610,0,,1.0,9.0,27.51,18.49,8.98,1.0,0.0937,0.3865,0.0,0.0,7.0,62.86,0,static
test_q4_2024,2024-11-13,1314,LOJA 1314,48813,ARLIVRY XAROPE MEL 100ML,35610,0,,1.0,9.0,27.51,18.49,8.98,1.0,0.1374,0.3865,0.0,0.0,7.0,62.86,0,static
test_q4_2024,2024-11-14,1314,LOJA 1314,48813,ARLIVRY XAROPE MEL 100ML,35610,0,,1.0,9.0,27.51,18.49,8.98,1.0,0.0937,0.3865,0.0,0.0,7.0,62.86,0,static
test_q4_2024,2024-11-15,1314,LOJA 1314,48813,ARLIVRY XAROPE MEL 100ML,35610,0,,1.0,9.0,27.51,18.49,8.98,1.0,0.1374,0.3865,0.0,0.0,7.0,62.86,0,static
test_q4_2024,2024-11-16,1314,LOJA 1314,48813,ARLIVRY XAROPE MEL 100ML,35610,0,,1.0,9.0,27.51,18.49,8.98,1.0,0.1812,0.3865,0.0,0.0,7.0,62.86,0,static
test_q4_2024,2024-11-17,1314,LOJA 1314,48813,ARLIVRY XAROPE MEL 100ML,35610,0,,1.0,9.0,27.51,18.49,8.98,1.0,0.2249,0.3865,1.0,1.0,,,0,static
test_q4_2024,2024-11-18,1314,LOJA 1314,48813,ARLIVRY XAROPE MEL 100ML,35610,0,,1.0,9.0,27.51,18.49,8.98,1.0,0.2116,0.3865,0.0,0.0,6.0,53.88,0,static
test_q4_2024,2024-11-19,1314,LOJA 1314,48813,ARLIVRY XAROPE MEL 100ML,35610,0,,1.0,9.0,27.51,18.49,8.98,1.0,0.0804,0.3865,0.0,0.0,6.0,53.88,0,static
test_q4_2024,2024-11-20,1314,LOJA 1314,48813,ARLIVRY XAROPE MEL 100ML,35610,0,,1.0,9.0,27.51,18.49,8.98,1.0,0.1241,0.3865,0.0,0.0,6.0,53.88,0,static
test_q4_2024,2024-11-21,1314,LOJA 1314,48813,ARLIVRY XAROPE MEL 100ML,35610,0,,1.0,9.0,27.51,18.49,8.98,1.0,0.0804,0.3865,0.0,0.0,6.0,53.88,0,static
test_q4_2024,2024-11-22,1314,LOJA 1314,48813,ARLIVRY XAROPE MEL 100ML,35610,0,,1.0,9.0,27.51,18.49,8.98,1.0,0.1241,0.3865,0.0,0.0,6.0,53.88,0,static
test_q4_2024,2024-11-23,1314,LOJA 1314,48813,ARLIVRY XAROPE MEL 100ML,35610,0,,1.0,9.0,27.51,18.49,8.98,1.0,0.1679,0.3865,0.0,0.0,6.0,53.88,0,static
test_q4_2024,2024-11-24,1314,LOJA 1314,48813,ARLIVRY XAROPE MEL 100ML,35610,0,,1.0,9.0,27.51,18.49,8.98,1.0,0.2116,0.3865,0.0,0.0,,,0,static
test_q4_2024,2024-11-25,1314,LOJA 1314,48813,ARLIVRY XAROPE MEL 100ML,35610,0,,1.0,9.0,27.51,18.49,8.98,1.0,0.2116,0.3865,0.0,0.0,6.0,53.88,0,static
test_q4_2024,2024-11-26,1314,LOJA 1314,48813,ARLIVRY XAROPE MEL 100ML,35610,0,,1.0,9.0,27.51,18.49,8.98,1.0,0.0804,0.3865,0.0,0.0,6.0,53.88,0,static
test_q4_2024,2024-11-27,1314,LOJA 1314,48813,ARLIVRY XAROPE MEL 100ML,35610,0,,1.0,9.0,27.51,18.49,8.98,1.0,0.1241,0.3865,0.0,0.0,6.0,53.88,0,static
test_q4_2024,2024-11-28,1314,LOJA 1314,48813,ARLIVRY XAROPE MEL 100ML,35610,0,,1.0,9.0,27.51,18.49,8.98,1.0,0.0804,0.3865,0.0,0.0,6.0,53.88,0,static
test_q4_2024,2024-11-29,1314,LOJA 1314,48813,ARLIVRY XAROPE MEL 100ML,35610,0,,1.0,9.0,27.51,18.49,8.98,1.0,0.1241,0.3865,0.0,0.0,6.0,53.88,0,static
test_q4_2024,2024-11-30,1314,LOJA 1314,48813,ARLIVRY XAROPE MEL 100ML,35610,0,,1.0,9.0,27.51,18.49,8.98,1.0,0.1679,0.3865,0.0,0.0,6.0,53.88,0,static
test_q4_2024,2024-12-01,1314,LOJA 1314,48813,ARLIVRY XAROPE MEL 100ML,35610,0,,1.0,9.0,27.51,18.49,8.98,1.0,0.2116,0.3865,0.0,0.0,,,0,static
test_q4_2024,2024-12-02,1314,LOJA 1314,48813,ARLIVRY XAROPE MEL 100ML,35610,0,,1.0,9.0,27.51,18.49,8.98,1.0,0.2116,0.3865,0.0,0.0,6.0,53.88,0,static
test_q4_2024,2024-12-03,1314,LOJA 1314,48813,ARLIVRY XAROPE MEL 100ML,35610,0,,1.0,9.0,27.51,18.49,8.98,1.0,0.0804,0.3865,1.0,1.0,6.0,53.88,0,static
test_q4_2024,2024-12-04,1314,LOJA 1314,48813,ARLIVRY XAROPE MEL 100ML,35610,0,,1.0,9.0,27.51,18.49,8.98,1.0,0.1241,0.3865,0.0,0.0,5.0,44.9,0,static
test_q4_2024,2024-12-05,1314,LOJA 1314,48813,ARLIVRY XAROPE MEL 100ML,35610,0,,1.0,9.0,27.51,18.49,8.98,1.0,0.0804,0.3865,0.0,0.0,5.0,44.9,0,static
test_q4_2024,2024-12-06,1314,LOJA 1314,48813,ARLIVRY XAROPE MEL 100ML,35610,0,,1.0,9.0,27.51,18.49,8.98,1.0,0.1241,0.3865,1.0,1.0,5.0,44.9,0,static
test_q4_2024,2024-12-07,1314,LOJA 1314,48813,ARLIVRY XAROPE MEL 100ML,35610,0,,1.0,9.0,27.51,18.49,8.98,1.0,0.1679,0.3865,0.0,0.0,4.0,35.92,0,static
test_q4_2024,2024-12-08,1314,LOJA 1314,48813,ARLIVRY XAROPE MEL 100ML,35610,0,,1.0,9.0,27.51,18.49,8.98,1.0,0.2116,0.3865,0.0,0.0,,,0,static
test_q4_2024,2024-12-09,1314,LOJA 1314,48813,ARLIVRY XAROPE MEL 100ML,35610,0,,1.0,9.0,27.51,18.49,8.98,1.0,0.2116,0.3865,0.0,0.0,4.0,35.92,0,static
test_q4_2024,2024-12-10,1314,LOJA 1314,48813,ARLIVRY XAROPE MEL 100ML,35610,0,,1.0,9.0,27.51,18.49,8.98,1.0,0.0804,0.3865,0.0,0.0,4.0,35.92,0,static
test_q4_2024,2024-12-11,1314,LOJA 1314,48813,ARLIVRY XAROPE MEL 100ML,35610,0,,1.0,9.0,27.51,18.49,8.98,1.0,0.1241,0.3865,0.0,0.0,4.0,35.92,0,static
test_q4_2024,2024-12-12,1314,LOJA 1314,48813,ARLIVRY XAROPE MEL 100ML,35610,0,,1.0,9.0,27.51,18.49,8.98,1.0,0.0804,0.3865,0.0,0.0,4.0,35.92,0,static
test_q4_2024,2024-12-13,1314,LOJA 1314,48813,ARLIVRY XAROPE MEL 100ML,35610,0,,1.0,9.0,27.51,18.49,8.98,1.0,0.1241,0.3865,0.0,0.0,4.0,35.92,0,static
test_q4_2024,2024-12-14,1314,LOJA 1314,48813,ARLIVRY XAROPE MEL 100ML,35610,0,,1.0,9.0,27.51,18.49,8.98,1.0,0.1679,0.3865,0.0,0.0,4.0,35.92,0,static
test_q4_2024,2024-12-15,1314,LOJA 1314,48813,ARLIVRY XAROPE MEL 100ML,35610,0,,1.0,9.0,27.51,18.49,8.98,1.0,0.2116,0.3865,0.0,0.0,,,0,static
test_q4_2024,2024-12-16,1314,LOJA 1314,48813,ARLIVRY XAROPE MEL 100ML,35610,0,,1.0,9.0,27.51,18.49,8.98,1.0,0.2116,0.3865,1.0,1.0,4.0,35.92,0,static
test_q4_2024,2024-12-17,1314,LOJA 1314,48813,ARLIVRY XAROPE MEL 100ML,35610,0,,1.0,9.0,27.51,18.49,8.98,1.0,0.0804,0.3865,0.0,0.0,3.0,26.94,0,static
test_q4_2024,2024-12-18,1314,LOJA 1314,48813,ARLIVRY XAROPE MEL 100ML,35610,0,,1.0,9.0,27.51,18.49,8.98,1.0,0.1241,0.3865,0.0,0.0,3.0,26.94,0,static
test_q4_2024,2024-12-19,1314,LOJA 1314,48813,ARLIVRY XAROPE MEL 100ML,35610,0,,1.0,9.0,27.51,18.49,8.98,1.0,0.0804,0.3865,0.0,0.0,3.0,26.94,0,static
test_q4_2024,2024-12-20,1314,LOJA 1314,48813,ARLIVRY XAROPE MEL 100ML,35610,0,,1.0,9.0,27.51,18.49,8.98,1.0,0.1241,0.3865,0.0,0.0,4.0,35.92,0,static
test_q4_2024,2024-12-21,1314,LOJA 1314,48813,ARLIVRY XAROPE MEL 100ML,35610,0,,1.0,9.0,27.51,18.49,8.98,1.0,0.1679,0.3865,0.0,0.0,4.0,35.92,0,static
test_q4_2024,2024-12-22,1314,LOJA 1314,48813,ARLIVRY XAROPE MEL 100ML,35610,0,,1.0,9.0,27.51,18.49,8.98,1.0,0.2116,0.3865,0.0,0.0,,,0,static
test_q4_2024,2024-12-23,1314,LOJA 1314,48813,ARLIVRY XAROPE MEL 100ML,35610,0,,1.0,9.0,27.51,18.49,8.98,1.0,0.2116,0.3865,0.0,0.0,5.0,44.9,0,static
test_q4_2024,2024-12-24,1314,LOJA 1314,48813,ARLIVRY XAROPE MEL 100ML,35610,0,,1.0,9.0,27.51,18.49,8.98,1.0,0.0937,0.3865,0.0,0.0,5.0,44.9,0,static
test_q4_2024,2024-12-25,1314,LOJA 1314,48813,ARLIVRY XAROPE MEL 100ML,35610,0,,1.0,9.0,27.51,18.49,8.98,1.0,0.1374,0.3865,0.0,0.0,5.0,44.9,0,static
test_q4_2024,2024-12-26,1314,LOJA 1314,48813,ARLIVRY XAROPE MEL 100ML,35610,0,,1.0,9.0,27.51,18.49,8.98,1.0,0.0937,0.3865,1.0,1.0,5.0,44.9,0,static
test_q4_2024,2024-12-27,1314,LOJA 1314,48813,ARLIVRY XAROPE MEL 100ML,35610,0,,1.0,9.0,27.51,18.49,8.98,1.0,0.1374,0.3865,0.0,0.0,4.0,35.92,0,static
test_q4_2024,2024-12-28,1314,LOJA 1314,48813,ARLIVRY XAROPE MEL 100ML,35610,0,,1.0,9.0,27.51,18.49,8.98,1.0,0.1812,0.3865,0.0,0.0,4.0,35.92,0,static
test_q4_2024,2024-12-29,1314,LOJA 1314,48813,ARLIVRY XAROPE MEL 100ML,35610,0,,1.0,9.0,27.51,18.49,8.98,1.0,0.2249,0.3865,0.0,0.0,,,0,static
test_q4_2024,2024-12-30,1314,LOJA 1314,48813,ARLIVRY XAROPE MEL 100ML,35610,0,,1.0,9.0,27.51,18.49,8.98,1.0,0.2249,0.3865,0.0,0.0,4.0,35.92,0,static
test_q4_2024,2024-12-31,1314,LOJA 1314,48813,ARLIVRY XAROPE MEL 100ML,35610,0,,1.0,9.0,27.51,18.49,8.98,1.0,0.0937,0.3865,0.0,0.0,4.0,35.92,0,static
test_q4_2024,2024-10-01,1314,LOJA 1314,51957,HEDERA CIMED 7MG 100ML,51356,0,,1.0,9.0,35.63,47.49,14.95,1.0,0.0,0.0,0.0,0.0,1.0,14.66,0,static
test_q4_2024,2024-10-02,1314,LOJA 1314,51957,HEDERA CIMED 7MG 100ML,51356,0,,1.0,9.0,35.63,47.49,14.95,1.0,0.0,0.0,0.0,0.0,1.0,14.66,0,static
test_q4_2024,2024-10-03,1314,LOJA 1314,51957,HEDERA CIMED 7MG 100ML,51356,0,,1.0,9.0,35.63,47.49,14.95,1.0,0.0,0.0,0.0,0.0,1.0,14.66,0,static
test_q4_2024,2024-10-04,1314,LOJA 1314,51957,HEDERA CIMED 7MG 100ML,51356,0,,1.0,9.0,35.63,47.49,14.95,1.0,0.0,0.0,0.0,0.0,1.0,14.66,0,static
test_q4_2024,2024-10-05,1314,LOJA 1314,51957,HEDERA CIMED 7MG 100ML,51356,0,,1.0,9.0,35.63,47.49,14.95,1.0,0.0,0.0,0.0,0.0,1.0,14.66,0,static
test_q4_2024,2024-10-06,1314,LOJA 1314,51957,HEDERA CIMED 7MG 100ML,51356,0,,1.0,9.0,35.63,47.49,14.95,1.0,0.0,0.0,0.0,0.0,,,0,static
test_q4_2024,2024-10-07,1314,LOJA 1314,51957,HEDERA CIMED 7MG 100ML,51356,0,,1.0,9.0,35.63,47.49,14.95,1.0,0.0,0.0,0.0,0.0,1.0,14.66,0,static
test_q4_2024,2024-10-08,1314,LOJA 1314,51957,HEDERA CIMED 7MG 100ML,51356,0,,1.0,9.0,35.63,47.49,14.95,1.0,0.0,0.0,0.0,0.0,1.0,14.66,0,static
test_q4_2024,2024-10-09,1314,LOJA 1314,51957,HEDERA CIMED 7MG 100ML,51356,0,,1.0,9.0,35.63,47.49,14.95,1.0,0.0,0.0,0.0,0.0,1.0,14.66,0,static
test_q4_2024,2024-10-10,1314,LOJA 1314,51957,HEDERA CIMED 7MG 100ML,51356,0,,1.0,9.0,35.63,47.49,14.95,1.0,0.0,0.0,0.0,0.0,1.0,14.66,0,static
test_q4_2024,2024-10-11,1314,LOJA 1314,51957,HEDERA CIMED 7MG 100ML,51356,0,,1.0,9.0,35.63,47.49,14.95,1.0,0.0,0.0,0.0,0.0,1.0,14.66,0,static
test_q4_2024,2024-10-12,1314,LOJA 1314,51957,HEDERA CIMED 7MG 100ML,51356,0,,1.0,9.0,35.63,47.49,14.95,1.0,0.0,0.0,0.0,0.0,1.0,14.66,0,static
test_q4_2024,2024-10-13,1314,LOJA 1314,51957,HEDERA CIMED 7MG 100ML,51356,0,,1.0,9.0,35.63,47.49,14.95,1.0,0.0,0.0,0.0,0.0,,,0,static
test_q4_2024,2024-10-14,1314,LOJA 1314,51957,HEDERA CIMED 7MG 100ML,51356,0,,1.0,9.0,35.63,47.49,14.95,1.0,0.0,0.0,0.0,0.0,1.0,14.66,0,static
test_q4_2024,2024-10-15,1314,LOJA 1314,51957,HEDERA CIMED 7MG 100ML,51356,0,,1.0,9.0,35.63,47.49,14.95,1.0,0.0,0.0,0.0,0.0,1.0,14.66,0,static
test_q4_2024,2024-10-16,1314,LOJA 1314,51957,HEDERA CIMED 7MG 100ML,51356,0,,1.0,9.0,35.63,47.49,14.95,1.0,0.0,0.0,1.0,1.0,1.0,14.66,0,static
test_q4_2024,2024-10-17,1314,LOJA 1314,51957,HEDERA CIMED 7MG 100ML,51356,0,,1.0,9.0,35.63,47.49,14.95,1.0,0.0,0.0,0.0,0.0,0.0,0.0,1,static
test_q4_2024,2024-10-18,1314,LOJA 1314,51957,HEDERA CIMED 7MG 100ML,51356,0,,1.0,9.0,35.63,47.49,14.95,1.0,0.0,0.0,0.0,0.0,0.0,0.0,1,static
test_q4_2024,2024-10-19,1314,LOJA 1314,51957,HEDERA CIMED 7MG 100ML,51356,0,,1.0,9.0,35.63,47.49,14.95,1.0,0.0,0.0,0.0,0.0,0.0,0.0,1,static
test_q4_2024,2024-10-20,1314,LOJA 1314,51957,HEDERA CIMED 7MG 100ML,51356,0,,1.0,9.0,35.63,47.49,14.95,1.0,0.0,0.0,0.0,0.0,,,0,static
test_q4_2024,2024-10-21,1314,LOJA 1314,51957,HEDERA CIMED 7MG 100ML,51356,0,,1.0,9.0,35.63,47.49,14.95,1.0,0.0,0.0,0.0,0.0,0.0,0.0,1,static
test_q4_2024,2024-10-22,1314,LOJA 1314,51957,HEDERA CIMED 7MG 100ML,51356,0,,1.0,9.0,35.63,47.49,14.95,1.0,0.0,0.0,0.0,0.0,1.0,14.95,0,static
test_q4_2024,2024-10-23,1314,LOJA 1314,51957,HEDERA CIMED 7MG 100ML,51356,0,,1.0,9.0,35.63,47.49,14.95,1.0,0.0,0.0,0.0,0.0,1.0,14.95,0,static
test_q4_2024,2024-10-24,1314,LOJA 1314,51957,HEDERA CIMED 7MG 100ML,51356,0,,1.0,9.0,35.63,47.49,14.95,1.0,0.0,0.0,0.0,0.0,1.0,14.95,0,static
test_q4_2024,2024-10-25,1314,LOJA 1314,51957,HEDERA CIMED 7MG 100ML,51356,0,,1.0,9.0,35.63,47.49,14.95,1.0,0.0,0.0,0.0,0.0,1.0,14.95,0,static
test_q4_2024,2024-10-26,1314,LOJA 1314,51957,HEDERA CIMED 7MG 100ML,51356,0,,1.0,9.0,35.63,47.49,14.95,1.0,0.0,0.0,0.0,0.0,1.0,14.95,0,static
test_q4_2024,2024-10-27,1314,LOJA 1314,51957,HEDERA CIMED 7MG 100ML,51356,0,,1.0,9.0,35.63,47.49,14.95,1.0,0.0,0.0,0.0,0.0,,,0,static
test_q4_2024,2024-10-28,1314,LOJA 1314,51957,HEDERA CIMED 7MG 100ML,51356,0,,1.0,9.0,35.63,47.49,14.95,1.0,0.0,0.0,0.0,0.0,1.0,14.95,0,static
test_q4_2024,2024-10-29,1314,LOJA 1314,51957,HEDERA CIMED 7MG 100ML,51356,0,,1.0,9.0,35.63,47.49,14.95,1.0,0.0,0.0,0.0,0.0,1.0,14.95,0,static
test_q4_2024,2024-10-30,1314,LOJA 1314,51957,HEDERA CIMED 7MG 100ML,51356,0,,1.0,9.0,35.63,47.49,14.95,1.0,0.0,0.0,0.0,0.0,1.0,14.95,0,static
test_q4_2024,2024-10-31,1314,LOJA 1314,51957,HEDERA CIMED 7MG 100ML,51356,0,,1.0,9.0,35.63,47.49,14.95,1.0,0.0,0.0,0.0,0.0,1.0,14.95,0,static
test_q4_2024,2024-11-01,1314,LOJA 1314,51957,HEDERA CIMED 7MG 100ML,51356,0,,1.0,9.0,35.63,47.49,14.95,1.0,0.0,0.0,0.0,0.0,1.0,14.95,0,static
test_q4_2024,2024-11-02,1314,LOJA 1314,51957,HEDERA CIMED 7MG 100ML,51356,0,,1.0,9.0,35.63,47.49,14.95,1.0,0.0,0.0,0.0,0.0,1.0,14.95,0,static
test_q4_2024,2024-11-03,1314,LOJA 1314,51957,HEDERA CIMED 7MG 100ML,51356,0,,1.0,9.0,35.63,47.49,14.95,1.0,0.0,0.0,0.0,0.0,,,0,static
test_q4_2024,2024-11-04,1314,LOJA 1314,51957,HEDERA CIMED 7MG 100ML,51356,0,,1.0,9.0,35.63,47.49,14.95,1.0,0.0,0.0,0.0,0.0,1.0,14.95,0,static
test_q4_2024,2024-11-05,1314,LOJA 1314,51957,HEDERA CIMED 7MG 100ML,51356,0,,1.0,9.0,35.63,47.49,14.95,1.0,0.0,0.0,0.0,0.0,1.0,14.95,0,static
test_q4_2024,2024-11-06,1314,LOJA 1314,51957,HEDERA CIMED 7MG 100ML,51356,0,,1.0,9.0,35.63,47.49,14.95,1.0,0.0,0.0,0.0,0.0,1.0,14.95,0,static
test_q4_2024,2024-11-07,1314,LOJA 1314,51957,HEDERA CIMED 7MG 100ML,51356,0,,1.0,9.0,35.63,47.49,14.95,1.0,0.0,0.0,0.0,0.0,1.0,14.95,0,static
test_q4_2024,2024-11-08,1314,LOJA 1314,51957,HEDERA CIMED 7MG 100ML,51356,0,,1.0,9.0,35.63,47.49,14.95,1.0,0.0,0.0,0.0,0.0,1.0,14.95,0,static
test_q4_2024,2024-11-09,1314,LOJA 1314,51957,HEDERA CIMED 7MG 100ML,51356,0,,1.0,9.0,35.63,47.49,14.95,1.0,0.0,0.0,0.0,0.0,1.0,14.95,0,static
test_q4_2024,2024-11-10,1314,LOJA 1314,51957,HEDERA CIMED 7MG 100ML,51356,0,,1.0,9.0,35.63,47.49,14.95,1.0,0.0,0.0,0.0,0.0,,,0,static
test_q4_2024,2024-11-11,1314,LOJA 1314,51957,HEDERA CIMED 7MG 100ML,51356,0,,1.0,9.0,35.63,47.49,14.95,1.0,0.0,0.0,0.0,0.0,1.0,14.95,0,static
test_q4_2024,2024-11-12,1314,LOJA 1314,51957,HEDERA CIMED 7MG 100ML,51356,0,,1.0,9.0,35.63,47.49,14.95,1.0,0.0,0.0,0.0,0.0,1.0,14.95,0,static
test_q4_2024,2024-11-13,1314,LOJA 1314,51957,HEDERA CIMED 7MG 100ML,51356,0,,1.0,9.0,35.63,47.49,14.95,1.0,0.0,0.0,0.0,0.0,1.0,14.95,0,static
test_q4_2024,2024-11-14,1314,LOJA 1314,51957,HEDERA CIMED 7MG 100ML,51356,0,,1.0,9.0,35.63,47.49,14.95,1.0,0.0,0.0,0.0,0.0,1.0,14.95,0,static
test_q4_2024,2024-11-15,1314,LOJA 1314,51957,HEDERA CIMED 7MG 100ML,51356,0,,1.0,9.0,35.63,47.49,14.95,1.0,0.0,0.0,0.0,0.0,1.0,14.95,0,static
test_q4_2024,2024-11-16,1314,LOJA 1314,51957,HEDERA CIMED 7MG 100ML,51356,0,,1.0,9.0,35.63,47.49,14.95,1.0,0.0,0.0,0.0,0.0,1.0,14.95,0,static
test_q4_2024,2024-11-17,1314,LOJA 1314,51957,HEDERA CIMED 7MG 100ML,51356,0,,1.0,9.0,35.63,47.49,14.95,1.0,0.0,0.0,0.0,0.0,,,0,static
test_q4_2024,2024-11-18,1314,LOJA 1314,51957,HEDERA CIMED 7MG 100ML,51356,0,,1.0,9.0,35.63,47.49,14.95,1.0,0.0,0.0,0.0,0.0,1.0,14.95,0,static
test_q4_2024,2024-11-19,1314,LOJA 1314,51957,HEDERA CIMED 7MG 100ML,51356,0,,1.0,9.0,35.63,47.49,14.95,1.0,0.0,0.0,0.0,0.0,1.0,14.95,0,static
test_q4_2024,2024-11-20,1314,LOJA 1314,51957,HEDERA CIMED 7MG 100ML,51356,0,,1.0,9.0,35.63,47.49,14.95,1.0,0.0,0.0,0.0,0.0,1.0,14.95,0,static
test_q4_2024,2024-11-21,1314,LOJA 1314,51957,HEDERA CIMED 7MG 100ML,51356,0,,1.0,9.0,35.63,47.49,14.95,1.0,0.0,0.0,0.0,0.0,1.0,14.95,0,static
test_q4_2024,2024-11-22,1314,LOJA 1314,51957,HEDERA CIMED 7MG 100ML,51356,0,,1.0,9.0,35.63,47.49,14.95,1.0,0.0,0.0,0.0,0.0,1.0,14.95,0,static
test_q4_2024,2024-11-23,1314,LOJA 1314,51957,HEDERA CIMED 7MG 100ML,51356,0,,1.0,9.0,35.63,47.49,14.95,1.0,0.0,0.0,0.0,0.0,1.0,14.95,0,static
test_q4_2024,2024-11-24,1314,LOJA 1314,51957,HEDERA CIMED 7MG 100ML,51356,0,,1.0,9.0,35.63,47.49,14.95,1.0,0.0,0.0,0.0,0.0,,,0,static
test_q4_2024,2024-11-25,1314,LOJA 1314,51957,HEDERA CIMED 7MG 100ML,51356,0,,1.0,9.0,35.63,47.49,14.95,1.0,0.0,0.0,0.0,0.0,1.0,14.95,0,static
test_q4_2024,2024-11-26,1314,LOJA 1314,51957,HEDERA CIMED 7MG 100ML,51356,0,,1.0,9.0,35.63,47.49,14.95,1.0,0.0,0.0,0.0,0.0,1.0,14.95,0,static
test_q4_2024,2024-11-27,1314,LOJA 1314,51957,HEDERA CIMED 7MG 100ML,51356,0,,1.0,9.0,35.63,47.49,14.95,1.0,0.0,0.0,0.0,0.0,1.0,14.95,0,static
test_q4_2024,2024-11-28,1314,LOJA 1314,51957,HEDERA CIMED 7MG 100ML,51356,0,,1.0,9.0,35.63,47.49,14.95,1.0,0.0,0.0,0.0,0.0,1.0,14.95,0,static
test_q4_2024,2024-11-29,1314,LOJA 1314,51957,HEDERA CIMED 7MG 100ML,51356,0,,1.0,9.0,35.63,47.49,14.95,1.0,0.0,0.0,0.0,0.0,1.0,14.95,0,static
test_q4_2024,2024-11-30,1314,LOJA 1314,51957,HEDERA CIMED 7MG 100ML,51356,0,,1.0,9.0,35.63,47.49,14.95,1.0,0.0,0.0,0.0,0.0,1.0,14.95,0,static
test_q4_2024,2024-12-01,1314,LOJA 1314,51957,HEDERA CIMED 7MG 100ML,51356,0,,1.0,9.0,35.63,47.49,14.95,1.0,0.0,0.0,0.0,0.0,,,0,static
test_q4_2024,2024-12-02,1314,LOJA 1314,51957,HEDERA CIMED 7MG 100ML,51356,0,,1.0,9.0,35.63,47.49,14.95,1.0,0.0,0.0,0.0,0.0,1.0,14.95,0,static
test_q4_2024,2024-12-03,1314,LOJA 1314,51957,HEDERA CIMED 7MG 100ML,51356,0,,1.0,9.0,35.63,47.49,14.95,1.0,0.0,0.0,0.0,0.0,1.0,14.95,0,static
test_q4_2024,2024-12-04,1314,LOJA 1314,51957,HEDERA CIMED 7MG 100ML,51356,0,,1.0,9.0,35.63,47.49,14.95,1.0,0.0,0.0,0.0,0.0,1.0,14.95,0,static
test_q4_2024,2024-12-05,1314,LOJA 1314,51957,HEDERA CIMED 7MG 100ML,51356,0,,1.0,9.0,35.63,47.49,14.95,1.0,0.0,0.0,0.0,0.0,1.0,14.95,0,static
test_q4_2024,2024-12-06,1314,LOJA 1314,51957,HEDERA CIMED 7MG 100ML,51356,0,,1.0,9.0,35.63,47.49,14.95,1.0,0.0,0.0,0.0,0.0,1.0,14.95,0,static
test_q4_2024,2024-12-07,1314,LOJA 1314,51957,HEDERA CIMED 7MG 100ML,51356,0,,1.0,9.0,35.63,47.49,14.95,1.0,0.0,0.0,0.0,0.0,1.0,14.95,0,static
test_q4_2024,2024-12-08,1314,LOJA 1314,51957,HEDERA CIMED 7MG 100ML,51356,0,,1.0,9.0,35.63,47.49,14.95,1.0,0.0,0.0,0.0,0.0,,,0,static
test_q4_2024,2024-12-09,1314,LOJA 1314,51957,HEDERA CIMED 7MG 100ML,51356,0,,1.0,9.0,35.63,47.49,14.95,1.0,0.0,0.0,0.0,0.0,1.0,14.95,0,static
test_q4_2024,2024-12-10,1314,LOJA 1314,51957,HEDERA CIMED 7MG 100ML,51356,0,,1.0,9.0,35.63,47.49,14.95,1.0,0.0,0.0,0.0,0.0,1.0,14.95,0,static
test_q4_2024,2024-12-11,1314,LOJA 1314,51957,HEDERA CIMED 7MG 100ML,51356,0,,1.0,9.0,35.63,47.49,14.95,1.0,0.0,0.0,0.0,0.0,1.0,14.95,0,static
test_q4_2024,2024-12-12,1314,LOJA 1314,51957,HEDERA CIMED 7MG 100ML,51356,0,,1.0,9.0,35.63,47.49,14.95,1.0,0.0,0.0,0.0,0.0,1.0,14.95,0,static
test_q4_2024,2024-12-13,1314,LOJA 1314,51957,HEDERA CIMED 7MG 100ML,51356,0,,1.0,9.0,35.63,47.49,14.95,1.0,0.0,0.0,0.0,0.0,1.0,14.95,0,static
test_q4_2024,2024-12-14,1314,LOJA 1314,51957,HEDERA CIMED 7MG 100ML,51356,0,,1.0,9.0,35.63,47.49,14.95,1.0,0.0,0.0,0.0,0.0,1.0,14.95,0,static
test_q4_2024,2024-12-15,1314,LOJA 1314,51957,HEDERA CIMED 7MG 100ML,51356,0,,1.0,9.0,35.63,47.49,14.95,1.0,0.0,0.0,0.0,0.0,,,0,static
test_q4_2024,2024-12-16,1314,LOJA 1314,51957,HEDERA CIMED 7MG 100ML,51356,0,,1.0,9.0,35.63,47.49,14.95,1.0,0.0,0.0,0.0,0.0,1.0,14.95,0,static
test_q4_2024,2024-12-17,1314,LOJA 1314,51957,HEDERA CIMED 7MG 100ML,51356,0,,1.0,9.0,35.63,47.49,14.95,1.0,0.0,0.0,0.0,0.0,1.0,14.95,0,static
test_q4_2024,2024-12-18,1314,LOJA 1314,51957,HEDERA CIMED 7MG 100ML,51356,0,,1.0,9.0,35.63,47.49,14.95,1.0,0.0,0.0,0.0,0.0,1.0,14.95,0,static
test_q4_2024,2024-12-19,1314,LOJA 1314,51957,HEDERA CIMED 7MG 100ML,51356,0,,1.0,9.0,35.63,47.49,14.95,1.0,0.0,0.0,0.0,0.0,1.0,14.95,0,static
test_q4_2024,2024-12-20,1314,LOJA 1314,51957,HEDERA CIMED 7MG 100ML,51356,0,,1.0,9.0,35.63,47.49,14.95,1.0,0.0,0.0,0.0,0.0,1.0,14.95,0,static
test_q4_2024,2024-12-21,1314,LOJA 1314,51957,HEDERA CIMED 7MG 100ML,51356,0,,1.0,9.0,35.63,47.49,14.95,1.0,0.0,0.0,0.0,0.0,1.0,14.95,0,static
test_q4_2024,2024-12-22,1314,LOJA 1314,51957,HEDERA CIMED 7MG 100ML,51356,0,,1.0,9.0,35.63,47.49,14.95,1.0,0.0,0.0,0.0,0.0,,,0,static
test_q4_2024,2024-12-23,1314,LOJA 1314,51957,HEDERA CIMED 7MG 100ML,51356,0,,1.0,9.0,35.63,47.49,14.95,1.0,0.0,0.0,0.0,0.0,1.0,14.95,0,static
test_q4_2024,2024-12-24,1314,LOJA 1314,51957,HEDERA CIMED 7MG 100ML,51356,0,,1.0,9.0,35.63,47.49,14.95,1.0,0.0,0.0,0.0,0.0,1.0,14.95,0,static
test_q4_2024,2024-12-25,1314,LOJA 1314,51957,HEDERA CIMED 7MG 100ML,51356,0,,1.0,9.0,35.63,47.49,14.95,1.0,0.0,0.0,0.0,0.0,1.0,14.95,0,static
test_q4_2024,2024-12-26,1314,LOJA 1314,51957,HEDERA CIMED 7MG 100ML,51356,0,,1.0,9.0,35.63,47.49,14.95,1.0,0.0,0.0,0.0,0.0,1.0,14.95,0,static
test_q4_2024,2024-12-27,1314,LOJA 1314,51957,HEDERA CIMED 7MG 100ML,51356,0,,1.0,9.0,35.63,47.49,14.95,1.0,0.0,0.0,0.0,0.0,1.0,14.95,0,static
test_q4_2024,2024-12-28,1314,LOJA 1314,51957,HEDERA CIMED 7MG 100ML,51356,0,,1.0,9.0,35.63,47.49,14.95,1.0,0.0,0.0,0.0,0.0,1.0,14.95,0,static
test_q4_2024,2024-12-29,1314,LOJA 1314,51957,HEDERA CIMED 7MG 100ML,51356,0,,1.0,9.0,35.63,47.49,14.95,1.0,0.0,0.0,0.0,0.0,,,0,static
test_q4_2024,2024-12-30,1314,LOJA 1314,51957,HEDERA CIMED 7MG 100ML,51356,0,,1.0,9.0,35.63,47.49,14.95,1.0,0.0,0.0,0.0,0.0,1.0,14.95,0,static
test_q4_2024,2024-12-31,1314,LOJA 1314,51957,HEDERA CIMED 7MG 100ML,51356,0,,1.0,9.0,35.63,47.49,14.95,1.0,0.0,0.0,0.0,0.0,1.0,14.95,0,static
test_q4_2024,2024-10-01,1314,LOJA 1314,5345,NARIDRIN ADULTO 15ML,173,0,,1.0,9.0,17.68,17.05,8.94,1.0,0.1614,0.4168,1.0,1.0,9.0,80.91,0,static
test_q4_2024,2024-10-02,1314,LOJA 1314,5345,NARIDRIN ADULTO 15ML,173,0,,1.0,9.0,17.68,17.05,8.94,1.0,0.2451,0.4168,0.0,0.0,8.0,71.92,0,static
test_q4_2024,2024-10-03,1314,LOJA 1314,5345,NARIDRIN ADULTO 15ML,173,0,,1.0,9.0,17.68,17.05,8.94,1.0,0.2451,0.4168,0.0,0.0,8.0,71.92,0,static
test_q4_2024,2024-10-04,1314,LOJA 1314,5345,NARIDRIN ADULTO 15ML,173,0,,1.0,9.0,17.68,17.05,8.94,1.0,0.2014,0.4168,0.0,0.0,8.0,71.92,0,static
test_q4_2024,2024-10-05,1314,LOJA 1314,5345,NARIDRIN ADULTO 15ML,173,0,,1.0,9.0,17.68,17.05,8.94,1.0,0.2451,0.4168,0.0,0.0,8.0,71.92,0,static
test_q4_2024,2024-10-06,1314,LOJA 1314,5345,NARIDRIN ADULTO 15ML,173,0,,1.0,9.0,17.68,17.05,8.94,1.0,0.2947,0.4168,0.0,0.0,,,0,static
test_q4_2024,2024-10-07,1314,LOJA 1314,5345,NARIDRIN ADULTO 15ML,173,0,,1.0,9.0,17.68,17.05,8.94,1.0,0.2243,0.4168,1.0,1.0,9.0,80.91,0,static
test_q4_2024,2024-10-08,1314,LOJA 1314,5345,NARIDRIN ADULTO 15ML,173,0,,1.0,9.0,17.68,17.05,8.94,1.0,0.268,0.4168,0.0,0.0,9.0,80.91,0,static
test_q4_2024,2024-10-09,1314,LOJA 1314,5345,NARIDRIN ADULTO 15ML,173,0,,1.0,9.0,17.68,17.05,8.94,1.0,0.3118,0.4168,0.0,0.0,9.0,80.91,0,static
test_q4_2024,2024-10-10,1314,LOJA 1314,5345,NARIDRIN ADULTO 15ML,173,0,,1.0,9.0,17.68,17.05,8.94,1.0,0.3118,0.4168,0.0,0.0,9.0,80.91,0,static
test_q4_2024,2024-10-11,1314,LOJA 1314,5345,NARIDRIN ADULTO 15ML,173,0,,1.0,9.0,17.68,17.05,8.94,1.0,0.308,0.4168,0.0,0.0,11.0,98.89,0,static
test_q4_2024,2024-10-12,1314,LOJA 1314,5345,NARIDRIN ADULTO 15ML,173,0,,1.0,9.0,17.68,17.05,8.94,1.0,0.3518,0.4168,0.0,0.0,11.0,98.89,0,static
test_q4_2024,2024-10-13,1314,LOJA 1314,5345,NARIDRIN ADULTO 15ML,173,0,,1.0,9.0,17.68,17.05,8.94,1.0,0.308,0.4168,0.0,0.0,,,0,static
test_q4_2024,2024-10-14,1314,LOJA 1314,5345,NARIDRIN ADULTO 15ML,173,0,,1.0,9.0,17.68,17.05,8.94,1.0,0.2643,0.4168,0.0,0.0,12.0,107.88,0,static
test_q4_2024,2024-10-15,1314,LOJA 1314,5345,NARIDRIN ADULTO 15ML,173,0,,1.0,9.0,17.68,17.05,8.94,1.0,0.348,0.4168,0.0,0.0,12.0,107.88,0,static
test_q4_2024,2024-10-16,1314,LOJA 1314,5345,NARIDRIN ADULTO 15ML,173,0,,1.0,9.0,17.68,17.05,8.94,1.0,0.3918,0.4168,0.0,0.0,12.0,107.88,0,static
test_q4_2024,2024-10-17,1314,LOJA 1314,5345,NARIDRIN ADULTO 15ML,173,0,,1.0,9.0,17.68,17.05,8.94,1.0,0.3518,0.4168,1.0,1.0,12.0,107.88,0,static
test_q4_2024,2024-10-18,1314,LOJA 1314,5345,NARIDRIN ADULTO 15ML,173,0,,1.0,9.0,17.68,17.05,8.94,1.0,0.308,0.4168,0.0,0.0,11.0,98.89,0,static
test_q4_2024,2024-10-19,1314,LOJA 1314,5345,NARIDRIN ADULTO 15ML,173,0,,1.0,9.0,17.68,17.05,8.94,1.0,0.3518,0.4168,0.0,0.0,11.0,98.89,0,static
test_q4_2024,2024-10-20,1314,LOJA 1314,5345,NARIDRIN ADULTO 15ML,173,0,,1.0,9.0,17.68,17.05,8.94,1.0,0.308,0.4168,0.0,0.0,,,0,static
test_q4_2024,2024-10-21,1314,LOJA 1314,5345,NARIDRIN ADULTO 15ML,173,0,,1.0,9.0,17.68,17.05,8.94,1.0,0.1443,0.4168,0.0,0.0,11.0,98.89,0,static
test_q4_2024,2024-10-22,1314,LOJA 1314,5345,NARIDRIN ADULTO 15ML,173,0,,1.0,9.0,17.68,17.05,8.94,1.0,0.188,0.4168,0.0,0.0,11.0,98.89,0,static
test_q4_2024,2024-10-23,1314,LOJA 1314,5345,NARIDRIN ADULTO 15ML,173,0,,1.0,9.0,17.68,17.05,8.94,1.0,0.2718,0.4168,0.0,0.0,11.0,98.89,0,static
test_q4_2024,2024-10-24,1314,LOJA 1314,5345,NARIDRIN ADULTO 15ML,173,0,,1.0,9.0,17.68,17.05,8.94,1.0,0.2718,0.4168,0.0,0.0,11.0,98.89,0,static
test_q4_2024,2024-10-25,1314,LOJA 1314,5345,NARIDRIN ADULTO 15ML,173,0,,1.0,9.0,17.68,17.05,8.94,1.0,0.228,0.4168,0.0,0.0,11.0,98.89,0,static
test_q4_2024,2024-10-26,1314,LOJA 1314,5345,NARIDRIN ADULTO 15ML,173,0,,1.0,9.0,17.68,17.05,8.94,1.0,0.2318,0.4168,0.0,0.0,11.0,98.89,0,static
test_q4_2024,2024-10-27,1314,LOJA 1314,5345,NARIDRIN ADULTO 15ML,173,0,,1.0,9.0,17.68,17.05,8.94,1.0,0.188,0.4168,1.0,1.0,,,0,static
test_q4_2024,2024-10-28,1314,LOJA 1314,5345,NARIDRIN ADULTO 15ML,173,0,,1.0,9.0,17.68,17.05,8.94,1.0,0.1576,0.4168,0.0,0.0,10.0,89.9,0,static
test_q4_2024,2024-10-29,1314,LOJA 1314,5345,NARIDRIN ADULTO 15ML,173,0,,1.0,9.0,17.68,17.05,8.94,1.0,0.2014,0.4168,0.0,0.0,10.0,89.9,0,static
test_q4_2024,2024-10-30,1314,LOJA 1314,5345,NARIDRIN ADULTO 15ML,173,0,,1.0,9.0,17.68,17.05,8.94,1.0,0.2185,0.4168,0.0,0.0,10.0,89.9,0,static
test_q4_2024,2024-10-31,1314,LOJA 1314,5345,NARIDRIN ADULTO 15ML,173,0,,1.0,9.0,17.68,17.05,8.94,1.0,0.2185,0.4168,0.0,0.0,10.0,89.9,0,static
test_q4_2024,2024-11-01,1314,LOJA 1314,5345,NARIDRIN ADULTO 15ML,173,0,,1.0,9.0,17.68,17.05,8.94,1.0,0.1747,0.4168,0.0,0.0,10.0,89.9,0,static
test_q4_2024,2024-11-02,1314,LOJA 1314,5345,NARIDRIN ADULTO 15ML,173,0,,1.0,9.0,17.68,17.05,8.94,1.0,0.2318,0.4168,0.0,0.0,10.0,89.9,0,static
test_q4_2024,2024-11-03,1314,LOJA 1314,5345,NARIDRIN ADULTO 15ML,173,0,,1.0,9.0,17.68,17.05,8.94,1.0,0.188,0.4168,0.0,0.0,,,0,static
test_q4_2024,2024-11-04,1314,LOJA 1314,5345,NARIDRIN ADULTO 15ML,173,0,,1.0,9.0,17.68,17.05,8.94,1.0,0.1443,0.4168,0.0,0.0,10.0,89.9,0,static
test_q4_2024,2024-11-05,1314,LOJA 1314,5345,NARIDRIN ADULTO 15ML,173,0,,1.0,9.0,17.68,17.05,8.94,1.0,0.2014,0.4168,0.0,0.0,10.0,89.9,0,static
test_q4_2024,2024-11-06,1314,LOJA 1314,5345,NARIDRIN ADULTO 15ML,173,0,,1.0,9.0,17.68,17.05,8.94,1.0,0.2451,0.4168,0.0,0.0,10.0,89.9,0,static
test_q4_2024,2024-11-07,1314,LOJA 1314,5345,NARIDRIN ADULTO 15ML,173,0,,1.0,9.0,17.68,17.05,8.94,1.0,0.2051,0.4168,0.0,0.0,10.0,89.9,0,static
test_q4_2024,2024-11-08,1314,LOJA 1314,5345,NARIDRIN ADULTO 15ML,173,0,,1.0,9.0,17.68,17.05,8.94,1.0,0.1747,0.4168,0.0,0.0,10.0,89.9,0,static
test_q4_2024,2024-11-09,1314,LOJA 1314,5345,NARIDRIN ADULTO 15ML,173,0,,1.0,9.0,17.68,17.05,8.94,1.0,0.2185,0.4168,0.0,0.0,10.0,89.9,0,static
test_q4_2024,2024-11-10,1314,LOJA 1314,5345,NARIDRIN ADULTO 15ML,173,0,,1.0,9.0,17.68,17.05,8.94,1.0,0.1747,0.4168,0.0,0.0,,,0,static
test_q4_2024,2024-11-11,1314,LOJA 1314,5345,NARIDRIN ADULTO 15ML,173,0,,1.0,9.0,17.68,17.05,8.94,1.0,0.131,0.4168,0.0,0.0,10.0,89.9,0,static
test_q4_2024,2024-11-12,1314,LOJA 1314,5345,NARIDRIN ADULTO 15ML,173,0,,1.0,9.0,17.68,17.05,8.94,1.0,0.1614,0.4168,1.0,1.0,10.0,89.9,0,static
test_q4_2024,2024-11-13,1314,LOJA 1314,5345,NARIDRIN ADULTO 15ML,173,0,,1.0,9.0,17.68,17.05,8.94,1.0,0.2051,0.4168,0.0,0.0,9.0,80.91,0,static
test_q4_2024,2024-11-14,1314,LOJA 1314,5345,NARIDRIN ADULTO 15ML,173,0,,1.0,9.0,17.68,17.05,8.94,1.0,0.1918,0.4168,0.0,0.0,9.0,80.91,0,static
test_q4_2024,2024-11-15,1314,LOJA 1314,5345,NARIDRIN ADULTO 15ML,173,0,,1.0,9.0,17.68,17.05,8.94,1.0,0.148,0.4168,0.0,0.0,9.0,80.91,0,static
test_q4_2024,2024-11-16,1314,LOJA 1314,5345,NARIDRIN ADULTO 15ML,173,0,,1.0,9.0,17.68,17.05,8.94,1.0,0.1918,0.4168,0.0,0.0,9.0,80.91,0,static
test_q4_2024,2024-11-17,1314,LOJA 1314,5345,NARIDRIN ADULTO 15ML,173,0,,1.0,9.0,17.68,17.05,8.94,1.0,0.1347,0.4168,0.0,0.0,,,0,static
test_q4_2024,2024-11-18,1314,LOJA 1314,5345,NARIDRIN ADULTO 15ML,173,0,,1.0,9.0,17.68,17.05,8.94,1.0,0.1176,0.4168,0.0,0.0,9.0,80.91,0,static
test_q4_2024,2024-11-19,1314,LOJA 1314,5345,NARIDRIN ADULTO 15ML,173,0,,1.0,9.0,17.68,17.05,8.94,1.0,0.1614,0.4168,0.0,0.0,9.0,80.91,0,static
test_q4_2024,2024-11-20,1314,LOJA 1314,5345,NARIDRIN ADULTO 15ML,173,0,,1.0,9.0,17.68,17.05,8.94,1.0,0.1918,0.4168,0.0,0.0,9.0,80.91,0,static
test_q4_2024,2024-11-21,1314,LOJA 1314,5345,NARIDRIN ADULTO 15ML,173,0,,1.0,9.0,17.68,17.05,8.94,1.0,0.2051,0.4168,0.0,0.0,9.0,80.91,0,static
test_q4_2024,2024-11-22,1314,LOJA 1314,5345,NARIDRIN ADULTO 15ML,173,0,,1.0,9.0,17.68,17.05,8.94,1.0,0.1614,0.4168,0.0,0.0,9.0,80.91,0,static
test_q4_2024,2024-11-23,1314,LOJA 1314,5345,NARIDRIN ADULTO 15ML,173,0,,1.0,9.0,17.68,17.05,8.94,1.0,0.1918,0.4168,0.0,0.0,9.0,80.91,0,static
test_q4_2024,2024-11-24,1314,LOJA 1314,5345,NARIDRIN ADULTO 15ML,173,0,,1.0,9.0,17.68,17.05,8.94,1.0,0.148,0.4168,0.0,0.0,,,0,static
test_q4_2024,2024-11-25,1314,LOJA 1314,5345,NARIDRIN ADULTO 15ML,173,0,,1.0,9.0,17.68,17.05,8.94,1.0,0.1043,0.4168,0.0,0.0,9.0,80.91,0,static
test_q4_2024,2024-11-26,1314,LOJA 1314,5345,NARIDRIN ADULTO 15ML,173,0,,1.0,9.0,17.68,17.05,8.94,1.0,0.148,0.4168,0.0,0.0,9.0,80.91,0,static
test_q4_2024,2024-11-27,1314,LOJA 1314,5345,NARIDRIN ADULTO 15ML,173,0,,1.0,9.0,17.68,17.05,8.94,1.0,0.1918,0.4168,0.0,0.0,9.0,80.91,0,static
test_q4_2024,2024-11-28,1314,LOJA 1314,5345,NARIDRIN ADULTO 15ML,173,0,,1.0,9.0,17.68,17.05,8.94,1.0,0.2051,0.4168,0.0,0.0,9.0,80.91,0,static
test_q4_2024,2024-11-29,1314,LOJA 1314,5345,NARIDRIN ADULTO 15ML,173,0,,1.0,9.0,17.68,17.05,8.94,1.0,0.1614,0.4168,0.0,0.0,9.0,80.91,0,static
test_q4_2024,2024-11-30,1314,LOJA 1314,5345,NARIDRIN ADULTO 15ML,173,0,,1.0,9.0,17.68,17.05,8.94,1.0,0.2185,0.4168,0.0,0.0,9.0,80.91,0,static
test_q4_2024,2024-12-01,1314,LOJA 1314,5345,NARIDRIN ADULTO 15ML,173,0,,1.0,9.0,17.68,17.05,8.94,1.0,0.1747,0.4168,0.0,0.0,,,0,static
test_q4_2024,2024-12-02,1314,LOJA 1314,5345,NARIDRIN ADULTO 15ML,173,0,,1.0,9.0,17.68,17.05,8.94,1.0,0.131,0.4168,0.0,0.0,9.0,80.91,0,static
test_q4_2024,2024-12-03,1314,LOJA 1314,5345,NARIDRIN ADULTO 15ML,173,0,,1.0,9.0,17.68,17.05,8.94,1.0,0.148,0.4168,0.0,0.0,9.0,80.91,0,static
test_q4_2024,2024-12-04,1314,LOJA 1314,5345,NARIDRIN ADULTO 15ML,173,0,,1.0,9.0,17.68,17.05,8.94,1.0,0.1918,0.4168,0.0,0.0,9.0,80.91,0,static
test_q4_2024,2024-12-05,1314,LOJA 1314,5345,NARIDRIN ADULTO 15ML,173,0,,1.0,9.0,17.68,17.05,8.94,1.0,0.1918,0.4168,0.0,0.0,9.0,80.91,0,static
test_q4_2024,2024-12-06,1314,LOJA 1314,5345,NARIDRIN ADULTO 15ML,173,0,,1.0,9.0,17.68,17.05,8.94,1.0,0.1347,0.4168,0.0,0.0,9.0,80.91,0,static
test_q4_2024,2024-12-07,1314,LOJA 1314,5345,NARIDRIN ADULTO 15ML,173,0,,1.0,9.0,17.68,17.05,8.94,1.0,0.1785,0.4168,0.0,0.0,9.0,80.91,0,static
test_q4_2024,2024-12-08,1314,LOJA 1314,5345,NARIDRIN ADULTO 15ML,173,0,,1.0,9.0,17.68,17.05,8.94,1.0,0.1347,0.4168,3.0,3.0,,,0,static
test_q4_2024,2024-12-09,1314,LOJA 1314,5345,NARIDRIN ADULTO 15ML,173,0,,1.0,9.0,17.68,17.05,8.94,1.0,0.091,0.4168,0.0,0.0,9.0,80.91,0,static
test_q4_2024,2024-12-10,1314,LOJA 1314,5345,NARIDRIN ADULTO 15ML,173,0,,1.0,9.0,17.68,17.05,8.94,1.0,0.148,0.4168,0.0,0.0,6.0,53.94,0,static
test_q4_2024,2024-12-11,1314,LOJA 1314,5345,NARIDRIN ADULTO 15ML,173,0,,1.0,9.0,17.68,17.05,8.94,1.0,0.2051,0.4168,0.0,0.0,6.0,53.94,0,static
test_q4_2024,2024-12-12,1314,LOJA 1314,5345,NARIDRIN ADULTO 15ML,173,0,,1.0,9.0,17.68,17.05,8.94,1.0,0.2051,0.4168,0.0,0.0,6.0,53.94,0,static
test_q4_2024,2024-12-13,1314,LOJA 1314,5345,NARIDRIN ADULTO 15ML,173,0,,1.0,9.0,17.68,17.05,8.94,1.0,0.148,0.4168,0.0,0.0,6.0,53.94,0,static
test_q4_2024,2024-12-14,1314,LOJA 1314,5345,NARIDRIN ADULTO 15ML,173,0,,1.0,9.0,17.68,17.05,8.94,1.0,0.1918,0.4168,0.0,0.0,6.0,53.94,0,static
test_q4_2024,2024-12-15,1314,LOJA 1314,5345,NARIDRIN ADULTO 15ML,173,0,,1.0,9.0,17.68,17.05,8.94,1.0,0.1347,0.4168,0.0,0.0,,,0,static
test_q4_2024,2024-12-16,1314,LOJA 1314,5345,NARIDRIN ADULTO 15ML,173,0,,1.0,9.0,17.68,17.05,8.94,1.0,0.091,0.4168,0.0,0.0,6.0,53.94,0,static
test_q4_2024,2024-12-17,1314,LOJA 1314,5345,NARIDRIN ADULTO 15ML,173,0,,1.0,9.0,17.68,17.05,8.94,1.0,0.1347,0.4168,0.0,0.0,6.0,53.94,0,static
test_q4_2024,2024-12-18,1314,LOJA 1314,5345,NARIDRIN ADULTO 15ML,173,0,,1.0,9.0,17.68,17.05,8.94,1.0,0.1785,0.4168,0.0,0.0,6.0,53.94,0,static
test_q4_2024,2024-12-19,1314,LOJA 1314,5345,NARIDRIN ADULTO 15ML,173,0,,1.0,9.0,17.68,17.05,8.94,1.0,0.1785,0.4168,0.0,0.0,6.0,53.94,0,static
test_q4_2024,2024-12-20,1314,LOJA 1314,5345,NARIDRIN ADULTO 15ML,173,0,,1.0,9.0,17.68,17.05,8.94,1.0,0.1347,0.4168,0.0,0.0,8.0,71.84,0,static
test_q4_2024,2024-12-21,1314,LOJA 1314,5345,NARIDRIN ADULTO 15ML,173,0,,1.0,9.0,17.68,17.05,8.94,1.0,0.1785,0.4168,0.0,0.0,8.0,71.84,0,static
test_q4_2024,2024-12-22,1314,LOJA 1314,5345,NARIDRIN ADULTO 15ML,173,0,,1.0,9.0,17.68,17.05,8.94,1.0,0.1347,0.4168,1.0,1.0,,,0,static
test_q4_2024,2024-12-23,1314,LOJA 1314,5345,NARIDRIN ADULTO 15ML,173,0,,1.0,9.0,17.68,17.05,8.94,1.0,0.091,0.4168,0.0,0.0,7.0,62.86,0,static
test_q4_2024,2024-12-24,1314,LOJA 1314,5345,NARIDRIN ADULTO 15ML,173,0,,1.0,9.0,17.68,17.05,8.94,1.0,0.1347,0.4168,0.0,0.0,7.0,62.86,0,static
test_q4_2024,2024-12-25,1314,LOJA 1314,5345,NARIDRIN ADULTO 15ML,173,0,,1.0,9.0,17.68,17.05,8.94,1.0,0.1651,0.4168,0.0,0.0,7.0,62.86,0,static
test_q4_2024,2024-12-26,1314,LOJA 1314,5345,NARIDRIN ADULTO 15ML,173,0,,1.0,9.0,17.68,17.05,8.94,1.0,0.1518,0.4168,0.0,0.0,7.0,62.86,0,static
test_q4_2024,2024-12-27,1314,LOJA 1314,5345,NARIDRIN ADULTO 15ML,173,0,,1.0,9.0,17.68,17.05,8.94,1.0,0.108,0.4168,0.0,0.0,7.0,62.86,0,static
test_q4_2024,2024-12-28,1314,LOJA 1314,5345,NARIDRIN ADULTO 15ML,173,0,,1.0,9.0,17.68,17.05,8.94,1.0,0.1518,0.4168,0.0,0.0,7.0,62.86,0,static
test_q4_2024,2024-12-29,1314,LOJA 1314,5345,NARIDRIN ADULTO 15ML,173,0,,1.0,9.0,17.68,17.05,8.94,1.0,0.108,0.4168,0.0,0.0,,,0,static
test_q4_2024,2024-12-30,1314,LOJA 1314,5345,NARIDRIN ADULTO 15ML,173,0,,1.0,9.0,17.68,17.05,8.94,1.0,0.0643,0.4168,0.0,0.0,7.0,62.86,0,static
test_q4_2024,2024-12-31,1314,LOJA 1314,5345,NARIDRIN ADULTO 15ML,173,0,,1.0,9.0,17.68,17.05,8.94,1.0,0.108,0.4168,2.0,2.0,8.0,71.84,0,static
test_q4_2024,2024-10-01,1314,LOJA 1314,54554,ALOFF XPE 60ML,88708,0,,1.0,9.0,33.04,37.45,30.79,1.0,0.0,0.0,0.0,0.0,,,0,static
test_q4_2024,2024-10-02,1314,LOJA 1314,54554,ALOFF XPE 60ML,88708,0,,1.0,9.0,33.04,37.45,30.79,1.0,0.0,0.0,0.0,0.0,,,0,static
test_q4_2024,2024-10-03,1314,LOJA 1314,54554,ALOFF XPE 60ML,88708,0,,1.0,9.0,33.04,37.45,30.79,1.0,0.0,0.0,0.0,0.0,,,0,static
test_q4_2024,2024-10-04,1314,LOJA 1314,54554,ALOFF XPE 60ML,88708,0,,1.0,9.0,33.04,37.45,30.79,1.0,0.0,0.0,0.0,0.0,,,0,static
test_q4_2024,2024-10-05,1314,LOJA 1314,54554,ALOFF XPE 60ML,88708,0,,1.0,9.0,33.04,37.45,30.79,1.0,0.0,0.0,0.0,0.0,,,0,static
test_q4_2024,2024-10-06,1314,LOJA 1314,54554,ALOFF XPE 60ML,88708,0,,1.0,9.0,33.04,37.45,30.79,1.0,0.0,0.0,0.0,0.0,,,0,static
test_q4_2024,2024-10-07,1314,LOJA 1314,54554,ALOFF XPE 60ML,88708,0,,1.0,9.0,33.04,37.45,30.79,1.0,0.0,0.0,0.0,0.0,,,0,static
test_q4_2024,2024-10-08,1314,LOJA 1314,54554,ALOFF XPE 60ML,88708,0,,1.0,9.0,33.04,37.45,30.79,1.0,0.0,0.0,0.0,0.0,,,0,static
test_q4_2024,2024-10-09,1314,LOJA 1314,54554,ALOFF XPE 60ML,88708,0,,1.0,9.0,33.04,37.45,30.79,1.0,0.0,0.0,0.0,0.0,,,0,static
test_q4_2024,2024-10-10,1314,LOJA 1314,54554,ALOFF XPE 60ML,88708,0,,1.0,9.0,33.04,37.45,30.79,1.0,0.0,0.0,0.0,0.0,,,0,static
test_q4_2024,2024-10-11,1314,LOJA 1314,54554,ALOFF XPE 60ML,88708,0,,1.0,9.0,33.04,37.45,30.79,1.0,0.0,0.0,0.0,0.0,,,0,static
test_q4_2024,2024-10-12,1314,LOJA 1314,54554,ALOFF XPE 60ML,88708,0,,1.0,9.0,33.04,37.45,30.79,1.0,0.0,0.0,0.0,0.0,,,0,static
test_q4_2024,2024-10-13,1314,LOJA 1314,54554,ALOFF XPE 60ML,88708,0,,1.0,9.0,33.04,37.45,30.79,1.0,0.0,0.0,0.0,0.0,,,0,static
test_q4_2024,2024-10-14,1314,LOJA 1314,54554,ALOFF XPE 60ML,88708,0,,1.0,9.0,33.04,37.45,30.79,1.0,0.0,0.0,0.0,0.0,,,0,static
test_q4_2024,2024-10-15,1314,LOJA 1314,54554,ALOFF XPE 60ML,88708,0,,1.0,9.0,33.04,37.45,30.79,1.0,0.0,0.0,0.0,0.0,,,0,static
test_q4_2024,2024-10-16,1314,LOJA 1314,54554,ALOFF XPE 60ML,88708,0,,1.0,9.0,33.04,37.45,30.79,1.0,0.0,0.0,0.0,0.0,,,0,static
test_q4_2024,2024-10-17,1314,LOJA 1314,54554,ALOFF XPE 60ML,88708,0,,1.0,9.0,33.04,37.45,30.79,1.0,0.0,0.0,0.0,0.0,,,0,static
test_q4_2024,2024-10-18,1314,LOJA 1314,54554,ALOFF XPE 60ML,88708,0,,1.0,9.0,33.04,37.45,30.79,1.0,0.0,0.0,0.0,0.0,,,0,static
test_q4_2024,2024-10-19,1314,LOJA 1314,54554,ALOFF XPE 60ML,88708,0,,1.0,9.0,33.04,37.45,30.79,1.0,0.0,0.0,0.0,0.0,,,0,static
test_q4_2024,2024-10-20,1314,LOJA 1314,54554,ALOFF XPE 60ML,88708,0,,1.0,9.0,33.04,37.45,30.79,1.0,0.0,0.0,0.0,0.0,,,0,static
test_q4_2024,2024-10-21,1314,LOJA 1314,54554,ALOFF XPE 60ML,88708,0,,1.0,9.0,33.04,37.45,30.79,1.0,0.0,0.0,0.0,0.0,,,0,static
test_q4_2024,2024-10-22,1314,LOJA 1314,54554,ALOFF XPE 60ML,88708,0,,1.0,9.0,33.04,37.45,30.79,1.0,0.0,0.0,0.0,0.0,,,0,static
test_q4_2024,2024-10-23,1314,LOJA 1314,54554,ALOFF XPE 60ML,88708,0,,1.0,9.0,33.04,37.45,30.79,1.0,0.0,0.0,0.0,0.0,,,0,static
test_q4_2024,2024-10-24,1314,LOJA 1314,54554,ALOFF XPE 60ML,88708,0,,1.0,9.0,33.04,37.45,30.79,1.0,0.0,0.0,0.0,0.0,,,0,static
test_q4_2024,2024-10-25,1314,LOJA 1314,54554,ALOFF XPE 60ML,88708,0,,1.0,9.0,33.04,37.45,30.79,1.0,0.0,0.0,0.0,0.0,,,0,static
test_q4_2024,2024-10-26,1314,LOJA 1314,54554,ALOFF XPE 60ML,88708,0,,1.0,9.0,33.04,37.45,30.79,1.0,0.0,0.0,0.0,0.0,,,0,static
test_q4_2024,2024-10-27,1314,LOJA 1314,54554,ALOFF XPE 60ML,88708,0,,1.0,9.0,33.04,37.45,30.79,1.0,0.0,0.0,0.0,0.0,,,0,static
test_q4_2024,2024-10-28,1314,LOJA 1314,54554,ALOFF XPE 60ML,88708,0,,1.0,9.0,33.04,37.45,30.79,1.0,0.0,0.0,0.0,0.0,,,0,static
test_q4_2024,2024-10-29,1314,LOJA 1314,54554,ALOFF XPE 60ML,88708,0,,1.0,9.0,33.04,37.45,30.79,1.0,0.0,0.0,0.0,0.0,,,0,static
test_q4_2024,2024-10-30,1314,LOJA 1314,54554,ALOFF XPE 60ML,88708,0,,1.0,9.0,33.04,37.45,30.79,1.0,0.0,0.0,0.0,0.0,,,0,static
test_q4_2024,2024-10-31,1314,LOJA 1314,54554,ALOFF XPE 60ML,88708,0,,1.0,9.0,33.04,37.45,30.79,1.0,0.0,0.0,0.0,0.0,,,0,static
test_q4_2024,2024-11-01,1314,LOJA 1314,54554,ALOFF XPE 60ML,88708,0,,1.0,9.0,33.04,37.45,30.79,1.0,0.0,0.0,0.0,0.0,,,0,static
test_q4_2024,2024-11-02,1314,LOJA 1314,54554,ALOFF XPE 60ML,88708,0,,1.0,9.0,33.04,37.45,30.79,1.0,0.0,0.0,0.0,0.0,,,0,static
test_q4_2024,2024-11-03,1314,LOJA 1314,54554,ALOFF XPE 60ML,88708,0,,1.0,9.0,33.04,37.45,30.79,1.0,0.0,0.0,0.0,0.0,,,0,static
test_q4_2024,2024-11-04,1314,LOJA 1314,54554,ALOFF XPE 60ML,88708,0,,1.0,9.0,33.04,37.45,30.79,1.0,0.0,0.0,0.0,0.0,,,0,static
test_q4_2024,2024-11-05,1314,LOJA 1314,54554,ALOFF XPE 60ML,88708,0,,1.0,9.0,33.04,37.45,30.79,1.0,0.0,0.0,0.0,0.0,,,0,static
test_q4_2024,2024-11-06,1314,LOJA 1314,54554,ALOFF XPE 60ML,88708,0,,1.0,9.0,33.04,37.45,30.79,1.0,0.0,0.0,0.0,0.0,,,0,static
test_q4_2024,2024-11-07,1314,LOJA 1314,54554,ALOFF XPE 60ML,88708,0,,1.0,9.0,33.04,37.45,30.79,1.0,0.0,0.0,0.0,0.0,,,0,static
test_q4_2024,2024-11-08,1314,LOJA 1314,54554,ALOFF XPE 60ML,88708,0,,1.0,9.0,33.04,37.45,30.79,1.0,0.0,0.0,0.0,0.0,,,0,static
test_q4_2024,2024-11-09,1314,LOJA 1314,54554,ALOFF XPE 60ML,88708,0,,1.0,9.0,33.04,37.45,30.79,1.0,0.0,0.0,0.0,0.0,,,0,static
test_q4_2024,2024-11-10,1314,LOJA 1314,54554,ALOFF XPE 60ML,88708,0,,1.0,9.0,33.04,37.45,30.79,1.0,0.0,0.0,0.0,0.0,,,0,static
test_q4_2024,2024-11-11,1314,LOJA 1314,54554,ALOFF XPE 60ML,88708,0,,1.0,9.0,33.04,37.45,30.79,1.0,0.0,0.0,0.0,0.0,,,0,static
test_q4_2024,2024-11-12,1314,LOJA 1314,54554,ALOFF XPE 60ML,88708,0,,1.0,9.0,33.04,37.45,30.79,1.0,0.0,0.0,0.0,0.0,,,0,static
test_q4_2024,2024-11-13,1314,LOJA 1314,54554,ALOFF XPE 60ML,88708,0,,1.0,9.0,33.04,37.45,30.79,1.0,0.0,0.0,0.0,0.0,,,0,static
test_q4_2024,2024-11-14,1314,LOJA 1314,54554,ALOFF XPE 60ML,88708,0,,1.0,9.0,33.04,37.45,30.79,1.0,0.0,0.0,0.0,0.0,,,0,static
test_q4_2024,2024-11-15,1314,LOJA 1314,54554,ALOFF XPE 60ML,88708,0,,1.0,9.0,33.04,37.45,30.79,1.0,0.0,0.0,0.0,0.0,,,0,static
test_q4_2024,2024-11-16,1314,LOJA 1314,54554,ALOFF XPE 60ML,88708,0,,1.0,9.0,33.04,37.45,30.79,1.0,0.0,0.0,0.0,0.0,,,0,static
test_q4_2024,2024-11-17,1314,LOJA 1314,54554,ALOFF XPE 60ML,88708,0,,1.0,9.0,33.04,37.45,30.79,1.0,0.0,0.0,0.0,0.0,,,0,static
test_q4_2024,2024-11-18,1314,LOJA 1314,54554,ALOFF XPE 60ML,88708,0,,1.0,9.0,33.04,37.45,30.79,1.0,0.0,0.0,0.0,0.0,,,0,static
test_q4_2024,2024-11-19,1314,LOJA 1314,54554,ALOFF XPE 60ML,88708,0,,1.0,9.0,33.04,37.45,30.79,1.0,0.0,0.0,0.0,0.0,,,0,static
test_q4_2024,2024-11-20,1314,LOJA 1314,54554,ALOFF XPE 60ML,88708,0,,1.0,9.0,33.04,37.45,30.79,1.0,0.0,0.0,0.0,0.0,,,0,static
test_q4_2024,2024-11-21,1314,LOJA 1314,54554,ALOFF XPE 60ML,88708,0,,1.0,9.0,33.04,37.45,30.79,1.0,0.0,0.0,0.0,0.0,,,0,static
test_q4_2024,2024-11-22,1314,LOJA 1314,54554,ALOFF XPE 60ML,88708,0,,1.0,9.0,33.04,37.45,30.79,1.0,0.0,0.0,0.0,0.0,,,0,static
test_q4_2024,2024-11-23,1314,LOJA 1314,54554,ALOFF XPE 60ML,88708,0,,1.0,9.0,33.04,37.45,30.79,1.0,0.0,0.0,0.0,0.0,,,0,static
test_q4_2024,2024-11-24,1314,LOJA 1314,54554,ALOFF XPE 60ML,88708,0,,1.0,9.0,33.04,37.45,30.79,1.0,0.0,0.0,0.0,0.0,,,0,static
test_q4_2024,2024-11-25,1314,LOJA 1314,54554,ALOFF XPE 60ML,88708,0,,1.0,9.0,33.04,37.45,30.79,1.0,0.0,0.0,0.0,0.0,,,0,static
test_q4_2024,2024-11-26,1314,LOJA 1314,54554,ALOFF XPE 60ML,88708,0,,1.0,9.0,33.04,37.45,30.79,1.0,0.0,0.0,0.0,0.0,,,0,static
test_q4_2024,2024-11-27,1314,LOJA 1314,54554,ALOFF XPE 60ML,88708,0,,1.0,9.0,33.04,37.45,30.79,1.0,0.0,0.0,0.0,0.0,,,0,static
test_q4_2024,2024-11-28,1314,LOJA 1314,54554,ALOFF XPE 60ML,88708,0,,1.0,9.0,33.04,37.45,30.79,1.0,0.0,0.0,0.0,0.0,,,0,static
test_q4_2024,2024-11-29,1314,LOJA 1314,54554,ALOFF XPE 60ML,88708,0,,1.0,9.0,33.04,37.45,30.79,1.0,0.0,0.0,0.0,0.0,,,0,static
test_q4_2024,2024-11-30,1314,LOJA 1314,54554,ALOFF XPE 60ML,88708,0,,1.0,9.0,33.04,37.45,30.79,1.0,0.0,0.0,0.0,0.0,,,0,static
test_q4_2024,2024-12-01,1314,LOJA 1314,54554,ALOFF XPE 60ML,88708,0,,1.0,9.0,33.04,37.45,30.79,1.0,0.0,0.0,0.0,0.0,,,0,static
test_q4_2024,2024-12-02,1314,LOJA 1314,54554,ALOFF XPE 60ML,88708,0,,1.0,9.0,33.04,37.45,30.79,1.0,0.0,0.0,0.0,0.0,,,0,static
test_q4_2024,2024-12-03,1314,LOJA 1314,54554,ALOFF XPE 60ML,88708,0,,1.0,9.0,33.04,37.45,30.79,1.0,0.0,0.0,0.0,0.0,,,0,static
test_q4_2024,2024-12-04,1314,LOJA 1314,54554,ALOFF XPE 60ML,88708,0,,1.0,9.0,33.04,37.45,30.79,1.0,0.0,0.0,0.0,0.0,,,0,static
test_q4_2024,2024-12-05,1314,LOJA 1314,54554,ALOFF XPE 60ML,88708,0,,1.0,9.0,33.04,37.45,30.79,1.0,0.0,0.0,0.0,0.0,,,0,static
test_q4_2024,2024-12-06,1314,LOJA 1314,54554,ALOFF XPE 60ML,88708,0,,1.0,9.0,33.04,37.45,30.79,1.0,0.0,0.0,0.0,0.0,,,0,static
test_q4_2024,2024-12-07,1314,LOJA 1314,54554,ALOFF XPE 60ML,88708,0,,1.0,9.0,33.04,37.45,30.79,1.0,0.0,0.0,0.0,0.0,,,0,static
test_q4_2024,2024-12-08,1314,LOJA 1314,54554,ALOFF XPE 60ML,88708,0,,1.0,9.0,33.04,37.45,30.79,1.0,0.0,0.0,0.0,0.0,,,0,static
test_q4_2024,2024-12-09,1314,LOJA 1314,54554,ALOFF XPE 60ML,88708,0,,1.0,9.0,33.04,37.45,30.79,1.0,0.0,0.0,0.0,0.0,,,0,static
test_q4_2024,2024-12-10,1314,LOJA 1314,54554,ALOFF XPE 60ML,88708,0,,1.0,9.0,33.04,37.45,30.79,1.0,0.0,0.0,0.0,0.0,,,0,static
test_q4_2024,2024-12-11,1314,LOJA 1314,54554,ALOFF XPE 60ML,88708,0,,1.0,9.0,33.04,37.45,30.79,1.0,0.0,0.0,0.0,0.0,,,0,static
test_q4_2024,2024-12-12,1314,LOJA 1314,54554,ALOFF XPE 60ML,88708,0,,1.0,9.0,33.04,37.45,30.79,1.0,0.0,0.0,0.0,0.0,,,0,static
test_q4_2024,2024-12-13,1314,LOJA 1314,54554,ALOFF XPE 60ML,88708,0,,1.0,9.0,33.04,37.45,30.79,1.0,0.0,0.0,0.0,0.0,,,0,static
test_q4_2024,2024-12-14,1314,LOJA 1314,54554,ALOFF XPE 60ML,88708,0,,1.0,9.0,33.04,37.45,30.79,1.0,0.0,0.0,0.0,0.0,,,0,static
test_q4_2024,2024-12-15,1314,LOJA 1314,54554,ALOFF XPE 60ML,88708,0,,1.0,9.0,33.04,37.45,30.79,1.0,0.0,0.0,0.0,0.0,,,0,static
test_q4_2024,2024-12-16,1314,LOJA 1314,54554,ALOFF XPE 60ML,88708,0,,1.0,9.0,33.04,37.45,30.79,1.0,0.0,0.0,0.0,0.0,,,0,static
test_q4_2024,2024-12-17,1314,LOJA 1314,54554,ALOFF XPE 60ML,88708,0,,1.0,9.0,33.04,37.45,30.79,1.0,0.0,0.0,0.0,0.0,,,0,static
test_q4_2024,2024-12-18,1314,LOJA 1314,54554,ALOFF XPE 60ML,88708,0,,1.0,9.0,33.04,37.45,30.79,1.0,0.0,0.0,0.0,0.0,,,0,static
test_q4_2024,2024-12-19,1314,LOJA 1314,54554,ALOFF XPE 60ML,88708,0,,1.0,9.0,33.04,37.45,30.79,1.0,0.0,0.0,0.0,0.0,,,0,static
test_q4_2024,2024-12-20,1314,LOJA 1314,54554,ALOFF XPE 60ML,88708,0,,1.0,9.0,33.04,37.45,30.79,1.0,0.0,0.0,0.0,0.0,,,0,static
test_q4_2024,2024-12-21,1314,LOJA 1314,54554,ALOFF XPE 60ML,88708,0,,1.0,9.0,33.04,37.45,30.79,1.0,0.0,0.0,0.0,0.0,,,0,static
test_q4_2024,2024-12-22,1314,LOJA 1314,54554,ALOFF XPE 60ML,88708,0,,1.0,9.0,33.04,37.45,30.79,1.0,0.0,0.0,0.0,0.0,,,0,static
test_q4_2024,2024-12-23,1314,LOJA 1314,54554,ALOFF XPE 60ML,88708,0,,1.0,9.0,33.04,37.45,30.79,1.0,0.0,0.0,0.0,0.0,,,0,static
test_q4_2024,2024-12-24,1314,LOJA 1314,54554,ALOFF XPE 60ML,88708,0,,1.0,9.0,33.04,37.45,30.79,1.0,0.0,0.0,0.0,0.0,,,0,static
test_q4_2024,2024-12-25,1314,LOJA 1314,54554,ALOFF XPE 60ML,88708,0,,1.0,9.0,33.04,37.45,30.79,1.0,0.0,0.0,0.0,0.0,,,0,static
test_q4_2024,2024-12-26,1314,LOJA 1314,54554,ALOFF XPE 60ML,88708,0,,1.0,9.0,33.04,37.45,30.79,1.0,0.0,0.0,0.0,0.0,,,0,static
test_q4_2024,2024-12-27,1314,LOJA 1314,54554,ALOFF XPE 60ML,88708,0,,1.0,9.0,33.04,37.45,30.79,1.0,0.0,0.0,0.0,0.0,,,0,static
test_q4_2024,2024-12-28,1314,LOJA 1314,54554,ALOFF XPE 60ML,88708,0,,1.0,9.0,33.04,37.45,30.79,1.0,0.0,0.0,0.0,0.0,,,0,static
test_q4_2024,2024-12-29,1314,LOJA 1314,54554,ALOFF XPE 60ML,88708,0,,1.0,9.0,33.04,37.45,30.79,1.0,0.0,0.0,0.0,0.0,,,0,static
test_q4_2024,2024-12-30,1314,LOJA 1314,54554,ALOFF XPE 60ML,88708,0,,1.0,9.0,33.04,37.45,30.79,1.0,0.0,0.0,0.0,0.0,,,0,static
test_q4_2024,2024-12-31,1314,LOJA 1314,54554,ALOFF XPE 60ML,88708,0,,1.0,9.0,33.04,37.45,30.79,1.0,0.0,0.0,0.0,0.0,,,0,static
test_q4_2024,2024-10-01,1314,LOJA 1314,55917,POLARATUSS LIQ 120ML,29532,0,,1.0,9.0,29.53,33.44,10.88,1.0,0.0,0.0,0.0,0.0,,,0,static
test_q4_2024,2024-10-02,1314,LOJA 1314,55917,POLARATUSS LIQ 120ML,29532,0,,1.0,9.0,29.53,33.44,10.88,1.0,0.0,0.0,0.0,0.0,,,0,static
test_q4_2024,2024-10-03,1314,LOJA 1314,55917,POLARATUSS LIQ 120ML,29532,0,,1.0,9.0,29.53,33.44,10.88,1.0,0.0,0.0,0.0,0.0,,,0,static
test_q4_2024,2024-10-04,1314,LOJA 1314,55917,POLARATUSS LIQ 120ML,29532,0,,1.0,9.0,29.53,33.44,10.88,1.0,0.0,0.0,0.0,0.0,,,0,static
test_q4_2024,2024-10-05,1314,LOJA 1314,55917,POLARATUSS LIQ 120ML,29532,0,,1.0,9.0,29.53,33.44,10.88,1.0,0.0,0.0,0.0,0.0,,,0,static
test_q4_2024,2024-10-06,1314,LOJA 1314,55917,POLARATUSS LIQ 120ML,29532,0,,1.0,9.0,29.53,33.44,10.88,1.0,0.0,0.0,0.0,0.0,,,0,static
test_q4_2024,2024-10-07,1314,LOJA 1314,55917,POLARATUSS LIQ 120ML,29532,0,,1.0,9.0,29.53,33.44,10.88,1.0,0.0,0.0,0.0,0.0,,,0,static
test_q4_2024,2024-10-08,1314,LOJA 1314,55917,POLARATUSS LIQ 120ML,29532,0,,1.0,9.0,29.53,33.44,10.88,1.0,0.0,0.0,0.0,0.0,,,0,static
test_q4_2024,2024-10-09,1314,LOJA 1314,55917,POLARATUSS LIQ 120ML,29532,0,,1.0,9.0,29.53,33.44,10.88,1.0,0.0,0.0,0.0,0.0,,,0,static
test_q4_2024,2024-10-10,1314,LOJA 1314,55917,POLARATUSS LIQ 120ML,29532,0,,1.0,9.0,29.53,33.44,10.88,1.0,0.0,0.0,0.0,0.0,,,0,static
test_q4_2024,2024-10-11,1314,LOJA 1314,55917,POLARATUSS LIQ 120ML,29532,0,,1.0,9.0,29.53,33.44,10.88,1.0,0.0,0.0,0.0,0.0,,,0,static
test_q4_2024,2024-10-12,1314,LOJA 1314,55917,POLARATUSS LIQ 120ML,29532,0,,1.0,9.0,29.53,33.44,10.88,1.0,0.0,0.0,0.0,0.0,,,0,static
test_q4_2024,2024-10-13,1314,LOJA 1314,55917,POLARATUSS LIQ 120ML,29532,0,,1.0,9.0,29.53,33.44,10.88,1.0,0.0,0.0,0.0,0.0,,,0,static
test_q4_2024,2024-10-14,1314,LOJA 1314,55917,POLARATUSS LIQ 120ML,29532,0,,1.0,9.0,29.53,33.44,10.88,1.0,0.0,0.0,0.0,0.0,,,0,static
test_q4_2024,2024-10-15,1314,LOJA 1314,55917,POLARATUSS LIQ 120ML,29532,0,,1.0,9.0,29.53,33.44,10.88,1.0,0.0,0.0,0.0,0.0,,,0,static
test_q4_2024,2024-10-16,1314,LOJA 1314,55917,POLARATUSS LIQ 120ML,29532,0,,1.0,9.0,29.53,33.44,10.88,1.0,0.0,0.0,0.0,0.0,,,0,static
test_q4_2024,2024-10-17,1314,LOJA 1314,55917,POLARATUSS LIQ 120ML,29532,0,,1.0,9.0,29.53,33.44,10.88,1.0,0.0,0.0,0.0,0.0,,,0,static
test_q4_2024,2024-10-18,1314,LOJA 1314,55917,POLARATUSS LIQ 120ML,29532,0,,1.0,9.0,29.53,33.44,10.88,1.0,0.0,0.0,0.0,0.0,,,0,static
test_q4_2024,2024-10-19,1314,LOJA 1314,55917,POLARATUSS LIQ 120ML,29532,0,,1.0,9.0,29.53,33.44,10.88,1.0,0.0,0.0,0.0,0.0,,,0,static
test_q4_2024,2024-10-20,1314,LOJA 1314,55917,POLARATUSS LIQ 120ML,29532,0,,1.0,9.0,29.53,33.44,10.88,1.0,0.0,0.0,0.0,0.0,,,0,static
test_q4_2024,2024-10-21,1314,LOJA 1314,55917,POLARATUSS LIQ 120ML,29532,0,,1.0,9.0,29.53,33.44,10.88,1.0,0.0,0.0,0.0,0.0,,,0,static
test_q4_2024,2024-10-22,1314,LOJA 1314,55917,POLARATUSS LIQ 120ML,29532,0,,1.0,9.0,29.53,33.44,10.88,1.0,0.0,0.0,0.0,0.0,,,0,static
test_q4_2024,2024-10-23,1314,LOJA 1314,55917,POLARATUSS LIQ 120ML,29532,0,,1.0,9.0,29.53,33.44,10.88,1.0,0.0,0.0,0.0,0.0,,,0,static
test_q4_2024,2024-10-24,1314,LOJA 1314,55917,POLARATUSS LIQ 120ML,29532,0,,1.0,9.0,29.53,33.44,10.88,1.0,0.0,0.0,0.0,0.0,,,0,static
test_q4_2024,2024-10-25,1314,LOJA 1314,55917,POLARATUSS LIQ 120ML,29532,0,,1.0,9.0,29.53,33.44,10.88,1.0,0.0,0.0,0.0,0.0,,,0,static
test_q4_2024,2024-10-26,1314,LOJA 1314,55917,POLARATUSS LIQ 120ML,29532,0,,1.0,9.0,29.53,33.44,10.88,1.0,0.0,0.0,0.0,0.0,,,0,static
test_q4_2024,2024-10-27,1314,LOJA 1314,55917,POLARATUSS LIQ 120ML,29532,0,,1.0,9.0,29.53,33.44,10.88,1.0,0.0,0.0,0.0,0.0,,,0,static
test_q4_2024,2024-10-28,1314,LOJA 1314,55917,POLARATUSS LIQ 120ML,29532,0,,1.0,9.0,29.53,33.44,10.88,1.0,0.0,0.0,0.0,0.0,,,0,static
test_q4_2024,2024-10-29,1314,LOJA 1314,55917,POLARATUSS LIQ 120ML,29532,0,,1.0,9.0,29.53,33.44,10.88,1.0,0.0,0.0,0.0,0.0,,,0,static
test_q4_2024,2024-10-30,1314,LOJA 1314,55917,POLARATUSS LIQ 120ML,29532,0,,1.0,9.0,29.53,33.44,10.88,1.0,0.0,0.0,0.0,0.0,,,0,static
test_q4_2024,2024-10-31,1314,LOJA 1314,55917,POLARATUSS LIQ 120ML,29532,0,,1.0,9.0,29.53,33.44,10.88,1.0,0.0,0.0,0.0,0.0,,,0,static
test_q4_2024,2024-11-01,1314,LOJA 1314,55917,POLARATUSS LIQ 120ML,29532,0,,1.0,9.0,29.53,33.44,10.88,1.0,0.0,0.0,0.0,0.0,,,0,static
test_q4_2024,2024-11-02,1314,LOJA 1314,55917,POLARATUSS LIQ 120ML,29532,0,,1.0,9.0,29.53,33.44,10.88,1.0,0.0,0.0,0.0,0.0,,,0,static
test_q4_2024,2024-11-03,1314,LOJA 1314,55917,POLARATUSS LIQ 120ML,29532,0,,1.0,9.0,29.53,33.44,10.88,1.0,0.0,0.0,0.0,0.0,,,0,static
test_q4_2024,2024-11-04,1314,LOJA 1314,55917,POLARATUSS LIQ 120ML,29532,0,,1.0,9.0,29.53,33.44,10.88,1.0,0.0,0.0,0.0,0.0,,,0,static
test_q4_2024,2024-11-05,1314,LOJA 1314,55917,POLARATUSS LIQ 120ML,29532,0,,1.0,9.0,29.53,33.44,10.88,1.0,0.0,0.0,0.0,0.0,,,0,static
test_q4_2024,2024-11-06,1314,LOJA 1314,55917,POLARATUSS LIQ 120ML,29532,0,,1.0,9.0,29.53,33.44,10.88,1.0,0.0,0.0,0.0,0.0,,,0,static
test_q4_2024,2024-11-07,1314,LOJA 1314,55917,POLARATUSS LIQ 120ML,29532,0,,1.0,9.0,29.53,33.44,10.88,1.0,0.0,0.0,0.0,0.0,,,0,static
test_q4_2024,2024-11-08,1314,LOJA 1314,55917,POLARATUSS LIQ 120ML,29532,0,,1.0,9.0,29.53,33.44,10.88,1.0,0.0,0.0,0.0,0.0,,,0,static
test_q4_2024,2024-11-09,1314,LOJA 1314,55917,POLARATUSS LIQ 120ML,29532,0,,1.0,9.0,29.53,33.44,10.88,1.0,0.0,0.0,0.0,0.0,,,0,static
test_q4_2024,2024-11-10,1314,LOJA 1314,55917,POLARATUSS LIQ 120ML,29532,0,,1.0,9.0,29.53,33.44,10.88,1.0,0.0,0.0,0.0,0.0,,,0,static
test_q4_2024,2024-11-11,1314,LOJA 1314,55917,POLARATUSS LIQ 120ML,29532,0,,1.0,9.0,29.53,33.44,10.88,1.0,0.0,0.0,0.0,0.0,,,0,static
test_q4_2024,2024-11-12,1314,LOJA 1314,55917,POLARATUSS LIQ 120ML,29532,0,,1.0,9.0,29.53,33.44,10.88,1.0,0.0,0.0,0.0,0.0,,,0,static
test_q4_2024,2024-11-13,1314,LOJA 1314,55917,POLARATUSS LIQ 120ML,29532,0,,1.0,9.0,29.53,33.44,10.88,1.0,0.0,0.0,0.0,0.0,,,0,static
test_q4_2024,2024-11-14,1314,LOJA 1314,55917,POLARATUSS LIQ 120ML,29532,0,,1.0,9.0,29.53,33.44,10.88,1.0,0.0,0.0,0.0,0.0,,,0,static
test_q4_2024,2024-11-15,1314,LOJA 1314,55917,POLARATUSS LIQ 120ML,29532,0,,1.0,9.0,29.53,33.44,10.88,1.0,0.0,0.0,0.0,0.0,,,0,static
test_q4_2024,2024-11-16,1314,LOJA 1314,55917,POLARATUSS LIQ 120ML,29532,0,,1.0,9.0,29.53,33.44,10.88,1.0,0.0,0.0,0.0,0.0,,,0,static
test_q4_2024,2024-11-17,1314,LOJA 1314,55917,POLARATUSS LIQ 120ML,29532,0,,1.0,9.0,29.53,33.44,10.88,1.0,0.0,0.0,0.0,0.0,,,0,static
test_q4_2024,2024-11-18,1314,LOJA 1314,55917,POLARATUSS LIQ 120ML,29532,0,,1.0,9.0,29.53,33.44,10.88,1.0,0.0,0.0,0.0,0.0,,,0,static
test_q4_2024,2024-11-19,1314,LOJA 1314,55917,POLARATUSS LIQ 120ML,29532,0,,1.0,9.0,29.53,33.44,10.88,1.0,0.0,0.0,0.0,0.0,,,0,static
test_q4_2024,2024-11-20,1314,LOJA 1314,55917,POLARATUSS LIQ 120ML,29532,0,,1.0,9.0,29.53,33.44,10.88,1.0,0.0,0.0,0.0,0.0,,,0,static
test_q4_2024,2024-11-21,1314,LOJA 1314,55917,POLARATUSS LIQ 120ML,29532,0,,1.0,9.0,29.53,33.44,10.88,1.0,0.0,0.0,0.0,0.0,,,0,static
test_q4_2024,2024-11-22,1314,LOJA 1314,55917,POLARATUSS LIQ 120ML,29532,0,,1.0,9.0,29.53,33.44,10.88,1.0,0.0,0.0,0.0,0.0,,,0,static
test_q4_2024,2024-11-23,1314,LOJA 1314,55917,POLARATUSS LIQ 120ML,29532,0,,1.0,9.0,29.53,33.44,10.88,1.0,0.0,0.0,0.0,0.0,,,0,static
test_q4_2024,2024-11-24,1314,LOJA 1314,55917,POLARATUSS LIQ 120ML,29532,0,,1.0,9.0,29.53,33.44,10.88,1.0,0.0,0.0,0.0,0.0,,,0,static
test_q4_2024,2024-11-25,1314,LOJA 1314,55917,POLARATUSS LIQ 120ML,29532,0,,1.0,9.0,29.53,33.44,10.88,1.0,0.0,0.0,0.0,0.0,,,0,static
test_q4_2024,2024-11-26,1314,LOJA 1314,55917,POLARATUSS LIQ 120ML,29532,0,,1.0,9.0,29.53,33.44,10.88,1.0,0.0,0.0,0.0,0.0,,,0,static
test_q4_2024,2024-11-27,1314,LOJA 1314,55917,POLARATUSS LIQ 120ML,29532,0,,1.0,9.0,29.53,33.44,10.88,1.0,0.0,0.0,0.0,0.0,,,0,static
test_q4_2024,2024-11-28,1314,LOJA 1314,55917,POLARATUSS LIQ 120ML,29532,0,,1.0,9.0,29.53,33.44,10.88,1.0,0.0,0.0,0.0,0.0,,,0,static
test_q4_2024,2024-11-29,1314,LOJA 1314,55917,POLARATUSS LIQ 120ML,29532,0,,1.0,9.0,29.53,33.44,10.88,1.0,0.0,0.0,0.0,0.0,,,0,static
test_q4_2024,2024-11-30,1314,LOJA 1314,55917,POLARATUSS LIQ 120ML,29532,0,,1.0,9.0,29.53,33.44,10.88,1.0,0.0,0.0,0.0,0.0,,,0,static
test_q4_2024,2024-12-01,1314,LOJA 1314,55917,POLARATUSS LIQ 120ML,29532,0,,1.0,9.0,29.53,33.44,10.88,1.0,0.0,0.0,0.0,0.0,,,0,static
test_q4_2024,2024-12-02,1314,LOJA 1314,55917,POLARATUSS LIQ 120ML,29532,0,,1.0,9.0,29.53,33.44,10.88,1.0,0.0,0.0,0.0,0.0,,,0,static
test_q4_2024,2024-12-03,1314,LOJA 1314,55917,POLARATUSS LIQ 120ML,29532,0,,1.0,9.0,29.53,33.44,10.88,1.0,0.0,0.0,0.0,0.0,,,0,static
test_q4_2024,2024-12-04,1314,LOJA 1314,55917,POLARATUSS LIQ 120ML,29532,0,,1.0,9.0,29.53,33.44,10.88,1.0,0.0,0.0,0.0,0.0,,,0,static
test_q4_2024,2024-12-05,1314,LOJA 1314,55917,POLARATUSS LIQ 120ML,29532,0,,1.0,9.0,29.53,33.44,10.88,1.0,0.0,0.0,0.0,0.0,,,0,static
test_q4_2024,2024-12-06,1314,LOJA 1314,55917,POLARATUSS LIQ 120ML,29532,0,,1.0,9.0,29.53,33.44,10.88,1.0,0.0,0.0,0.0,0.0,,,0,static
test_q4_2024,2024-12-07,1314,LOJA 1314,55917,POLARATUSS LIQ 120ML,29532,0,,1.0,9.0,29.53,33.44,10.88,1.0,0.0,0.0,0.0,0.0,,,0,static
test_q4_2024,2024-12-08,1314,LOJA 1314,55917,POLARATUSS LIQ 120ML,29532,0,,1.0,9.0,29.53,33.44,10.88,1.0,0.0,0.0,0.0,0.0,,,0,static
test_q4_2024,2024-12-09,1314,LOJA 1314,55917,POLARATUSS LIQ 120ML,29532,0,,1.0,9.0,29.53,33.44,10.88,1.0,0.0,0.0,0.0,0.0,,,0,static
test_q4_2024,2024-12-10,1314,LOJA 1314,55917,POLARATUSS LIQ 120ML,29532,0,,1.0,9.0,29.53,33.44,10.88,1.0,0.0,0.0,0.0,0.0,,,0,static
test_q4_2024,2024-12-11,1314,LOJA 1314,55917,POLARATUSS LIQ 120ML,29532,0,,1.0,9.0,29.53,33.44,10.88,1.0,0.0,0.0,0.0,0.0,,,0,static
test_q4_2024,2024-12-12,1314,LOJA 1314,55917,POLARATUSS LIQ 120ML,29532,0,,1.0,9.0,29.53,33.44,10.88,1.0,0.0,0.0,0.0,0.0,,,0,static
test_q4_2024,2024-12-13,1314,LOJA 1314,55917,POLARATUSS LIQ 120ML,29532,0,,1.0,9.0,29.53,33.44,10.88,1.0,0.0,0.0,0.0,0.0,,,0,static
test_q4_2024,2024-12-14,1314,LOJA 1314,55917,POLARATUSS LIQ 120ML,29532,0,,1.0,9.0,29.53,33.44,10.88,1.0,0.0,0.0,0.0,0.0,,,0,static
test_q4_2024,2024-12-15,1314,LOJA 1314,55917,POLARATUSS LIQ 120ML,29532,0,,1.0,9.0,29.53,33.44,10.88,1.0,0.0,0.0,0.0,0.0,,,0,static
test_q4_2024,2024-12-16,1314,LOJA 1314,55917,POLARATUSS LIQ 120ML,29532,0,,1.0,9.0,29.53,33.44,10.88,1.0,0.0,0.0,0.0,0.0,,,0,static
test_q4_2024,2024-12-17,1314,LOJA 1314,55917,POLARATUSS LIQ 120ML,29532,0,,1.0,9.0,29.53,33.44,10.88,1.0,0.0,0.0,0.0,0.0,,,0,static
test_q4_2024,2024-12-18,1314,LOJA 1314,55917,POLARATUSS LIQ 120ML,29532,0,,1.0,9.0,29.53,33.44,10.88,1.0,0.0,0.0,0.0,0.0,,,0,static
test_q4_2024,2024-12-19,1314,LOJA 1314,55917,POLARATUSS LIQ 120ML,29532,0,,1.0,9.0,29.53,33.44,10.88,1.0,0.0,0.0,0.0,0.0,,,0,static
test_q4_2024,2024-12-20,1314,LOJA 1314,55917,POLARATUSS LIQ 120ML,29532,0,,1.0,9.0,29.53,33.44,10.88,1.0,0.0,0.0,0.0,0.0,,,0,static
test_q4_2024,2024-12-21,1314,LOJA 1314,55917,POLARATUSS LIQ 120ML,29532,0,,1.0,9.0,29.53,33.44,10.88,1.0,0.0,0.0,0.0,0.0,,,0,static
test_q4_2024,2024-12-22,1314,LOJA 1314,55917,POLARATUSS LIQ 120ML,29532,0,,1.0,9.0,29.53,33.44,10.88,1.0,0.0,0.0,0.0,0.0,,,0,static
test_q4_2024,2024-12-23,1314,LOJA 1314,55917,POLARATUSS LIQ 120ML,29532,0,,1.0,9.0,29.53,33.44,10.88,1.0,0.0,0.0,0.0,0.0,,,0,static
test_q4_2024,2024-12-24,1314,LOJA 1314,55917,POLARATUSS LIQ 120ML,29532,0,,1.0,9.0,29.53,33.44,10.88,1.0,0.0,0.0,0.0,0.0,,,0,static
test_q4_2024,2024-12-25,1314,LOJA 1314,55917,POLARATUSS LIQ 120ML,29532,0,,1.0,9.0,29.53,33.44,10.88,1.0,0.0,0.0,0.0,0.0,,,0,static
test_q4_2024,2024-12-26,1314,LOJA 1314,55917,POLARATUSS LIQ 120ML,29532,0,,1.0,9.0,29.53,33.44,10.88,1.0,0.0,0.0,0.0,0.0,,,0,static
test_q4_2024,2024-12-27,1314,LOJA 1314,55917,POLARATUSS LIQ 120ML,29532,0,,1.0,9.0,29.53,33.44,10.88,1.0,0.0,0.0,0.0,0.0,,,0,static
test_q4_2024,2024-12-28,1314,LOJA 1314,55917,POLARATUSS LIQ 120ML,29532,0,,1.0,9.0,29.53,33.44,10.88,1.0,0.0,0.0,0.0,0.0,,,0,static
test_q4_2024,2024-12-29,1314,LOJA 1314,55917,POLARATUSS LIQ 120ML,29532,0,,1.0,9.0,29.53,33.44,10.88,1.0,0.0,0.0,0.0,0.0,,,0,static
test_q4_2024,2024-12-30,1314,LOJA 1314,55917,POLARATUSS LIQ 120ML,29532,0,,1.0,9.0,29.53,33.44,10.88,1.0,0.0,0.0,0.0,0.0,,,0,static
test_q4_2024,2024-12-31,1314,LOJA 1314,55917,POLARATUSS LIQ 120ML,29532,0,,1.0,9.0,29.53,33.44,10.88,1.0,0.0,0.0,0.0,0.0,,,0,static
test_q4_2024,2024-10-01,1314,LOJA 1314,57814,OSELTAMIVIR 75MG CAPS/10 GN-NATCOF,105913,1,PAGUE E LEVE,1.0,9.0,175.88,193.1,146.1,1.0,0.0,0.1873,0.0,0.0,1.0,150.83,0,static
test_q4_2024,2024-10-02,1314,LOJA 1314,57814,OSELTAMIVIR 75MG CAPS/10 GN-NATCOF,105913,0,,1.0,9.0,175.88,193.1,146.1,1.0,0.0,0.1873,0.0,0.0,2.0,301.66,0,static
test_q4_2024,2024-10-03,1314,LOJA 1314,57814,OSELTAMIVIR 75MG CAPS/10 GN-NATCOF,105913,0,,1.0,9.0,175.88,193.1,146.1,1.0,0.0,0.1873,0.0,0.0,2.0,301.66,0,static
test_q4_2024,2024-10-04,1314,LOJA 1314,57814,OSELTAMIVIR 75MG CAPS/10 GN-NATCOF,105913,1,PAGUE E LEVE,1.0,9.0,175.88,193.1,146.1,1.0,0.0,0.1873,0.0,0.0,2.0,301.66,0,static
test_q4_2024,2024-10-05,1314,LOJA 1314,57814,OSELTAMIVIR 75MG CAPS/10 GN-NATCOF,105913,0,,1.0,9.0,175.88,193.1,146.1,1.0,0.0,0.1873,0.0,0.0,2.0,301.66,0,static
test_q4_2024,2024-10-06,1314,LOJA 1314,57814,OSELTAMIVIR 75MG CAPS/10 GN-NATCOF,105913,0,,1.0,9.0,175.88,193.1,146.1,1.0,0.0,0.1873,0.0,0.0,,,0,static
test_q4_2024,2024-10-07,1314,LOJA 1314,57814,OSELTAMIVIR 75MG CAPS/10 GN-NATCOF,105913,0,,1.0,9.0,175.88,193.1,146.1,1.0,0.0,0.1873,0.0,0.0,2.0,301.66,0,static
test_q4_2024,2024-10-08,1314,LOJA 1314,57814,OSELTAMIVIR 75MG CAPS/10 GN-NATCOF,105913,0,,1.0,9.0,175.88,193.1,146.1,1.0,0.0,0.1873,0.0,0.0,2.0,301.66,0,static
test_q4_2024,2024-10-09,1314,LOJA 1314,57814,OSELTAMIVIR 75MG CAPS/10 GN-NATCOF,105913,0,,1.0,9.0,175.88,193.1,146.1,1.0,0.0,0.1873,0.0,0.0,2.0,301.66,0,static
test_q4_2024,2024-10-10,1314,LOJA 1314,57814,OSELTAMIVIR 75MG CAPS/10 GN-NATCOF,105913,0,,1.0,9.0,175.88,193.1,146.1,1.0,0.0,0.1873,0.0,0.0,2.0,301.66,0,static
test_q4_2024,2024-10-11,1314,LOJA 1314,57814,OSELTAMIVIR 75MG CAPS/10 GN-NATCOF,105913,1,PAGUE E LEVE,1.0,9.0,175.88,193.1,146.1,1.0,0.0,0.1873,0.0,0.0,2.0,301.66,0,static
test_q4_2024,2024-10-12,1314,LOJA 1314,57814,OSELTAMIVIR 75MG CAPS/10 GN-NATCOF,105913,0,,1.0,9.0,175.88,193.1,146.1,1.0,0.0,0.1873,0.0,0.0,2.0,301.66,0,static
test_q4_2024,2024-10-13,1314,LOJA 1314,57814,OSELTAMIVIR 75MG CAPS/10 GN-NATCOF,105913,0,,1.0,9.0,175.88,193.1,146.1,1.0,0.0,0.1873,0.0,0.0,,,0,static
test_q4_2024,2024-10-14,1314,LOJA 1314,57814,OSELTAMIVIR 75MG CAPS/10 GN-NATCOF,105913,0,,1.0,9.0,175.88,193.1,146.1,1.0,0.0,0.1873,0.0,0.0,2.0,301.66,0,static
test_q4_2024,2024-10-15,1314,LOJA 1314,57814,OSELTAMIVIR 75MG CAPS/10 GN-NATCOF,105913,0,,1.0,9.0,175.88,193.1,146.1,1.0,0.0,0.1873,0.0,0.0,2.0,301.66,0,static
test_q4_2024,2024-10-16,1314,LOJA 1314,57814,OSELTAMIVIR 75MG CAPS/10 GN-NATCOF,105913,0,,1.0,9.0,175.88,193.1,146.1,1.0,0.0,0.1873,0.0,0.0,2.0,301.66,0,static
test_q4_2024,2024-10-17,1314,LOJA 1314,57814,OSELTAMIVIR 75MG CAPS/10 GN-NATCOF,105913,0,,1.0,9.0,175.88,193.1,146.1,1.0,0.0,0.1873,0.0,0.0,2.0,301.66,0,static
test_q4_2024,2024-10-18,1314,LOJA 1314,57814,OSELTAMIVIR 75MG CAPS/10 GN-NATCOF,105913,1,PAGUE E LEVE,1.0,9.0,175.88,193.1,146.1,1.0,0.0,0.1873,0.0,0.0,2.0,301.66,0,static
test_q4_2024,2024-10-19,1314,LOJA 1314,57814,OSELTAMIVIR 75MG CAPS/10 GN-NATCOF,105913,0,,1.0,9.0,175.88,193.1,146.1,1.0,0.0,0.1873,0.0,0.0,2.0,301.66,0,static
test_q4_2024,2024-10-20,1314,LOJA 1314,57814,OSELTAMIVIR 75MG CAPS/10 GN-NATCOF,105913,0,,1.0,9.0,175.88,193.1,146.1,1.0,0.0,0.1873,0.0,0.0,,,0,static
test_q4_2024,2024-10-21,1314,LOJA 1314,57814,OSELTAMIVIR 75MG CAPS/10 GN-NATCOF,105913,0,,1.0,9.0,175.88,193.1,146.1,1.0,0.0,0.1873,0.0,0.0,2.0,301.66,0,static
test_q4_2024,2024-10-22,1314,LOJA 1314,57814,OSELTAMIVIR 75MG CAPS/10 GN-NATCOF,105913,0,,1.0,9.0,175.88,193.1,146.1,1.0,0.0,0.1873,0.0,0.0,2.0,301.66,0,static
test_q4_2024,2024-10-23,1314,LOJA 1314,57814,OSELTAMIVIR 75MG CAPS/10 GN-NATCOF,105913,0,,1.0,9.0,175.88,193.1,146.1,1.0,0.0,0.1873,0.0,0.0,2.0,301.66,0,static
test_q4_2024,2024-10-24,1314,LOJA 1314,57814,OSELTAMIVIR 75MG CAPS/10 GN-NATCOF,105913,0,,1.0,9.0,175.88,193.1,146.1,1.0,0.0,0.1873,0.0,0.0,2.0,301.66,0,static
test_q4_2024,2024-10-25,1314,LOJA 1314,57814,OSELTAMIVIR 75MG CAPS/10 GN-NATCOF,105913,1,PAGUE E LEVE,1.0,9.0,175.88,193.1,146.1,1.0,0.0,0.1873,0.0,0.0,2.0,301.66,0,static
test_q4_2024,2024-10-26,1314,LOJA 1314,57814,OSELTAMIVIR 75MG CAPS/10 GN-NATCOF,105913,0,,1.0,9.0,175.88,193.1,146.1,1.0,0.0,0.1873,0.0,0.0,2.0,301.66,0,static
test_q4_2024,2024-10-27,1314,LOJA 1314,57814,OSELTAMIVIR 75MG CAPS/10 GN-NATCOF,105913,0,,1.0,9.0,175.88,193.1,146.1,1.0,0.0,0.1873,0.0,0.0,,,0,static
test_q4_2024,2024-10-28,1314,LOJA 1314,57814,OSELTAMIVIR 75MG CAPS/10 GN-NATCOF,105913,0,,1.0,9.0,175.88,193.1,146.1,1.0,0.0,0.1873,0.0,0.0,2.0,301.66,0,static
test_q4_2024,2024-10-29,1314,LOJA 1314,57814,OSELTAMIVIR 75MG CAPS/10 GN-NATCOF,105913,0,,1.0,9.0,175.88,193.1,146.1,1.0,0.0,0.1873,0.0,0.0,2.0,301.66,0,static
test_q4_2024,2024-10-30,1314,LOJA 1314,57814,OSELTAMIVIR 75MG CAPS/10 GN-NATCOF,105913,0,,1.0,9.0,175.88,193.1,146.1,1.0,0.0,0.1873,0.0,0.0,2.0,301.66,0,static
test_q4_2024,2024-10-31,1314,LOJA 1314,57814,OSELTAMIVIR 75MG CAPS/10 GN-NATCOF,105913,0,,1.0,9.0,175.88,193.1,146.1,1.0,0.0,0.1873,0.0,0.0,2.0,301.66,0,static
test_q4_2024,2024-11-01,1314,LOJA 1314,57814,OSELTAMIVIR 75MG CAPS/10 GN-NATCOF,105913,1,PAGUE E LEVE,1.0,9.0,175.88,193.1,146.1,1.0,0.0,0.1873,0.0,0.0,2.0,301.66,0,static
test_q4_2024,2024-11-02,1314,LOJA 1314,57814,OSELTAMIVIR 75MG CAPS/10 GN-NATCOF,105913,0,,1.0,9.0,175.88,193.1,146.1,1.0,0.0,0.1873,0.0,0.0,2.0,301.66,0,static
test_q4_2024,2024-11-03,1314,LOJA 1314,57814,OSELTAMIVIR 75MG CAPS/10 GN-NATCOF,105913,0,,1.0,9.0,175.88,193.1,146.1,1.0,0.0,0.1873,0.0,0.0,,,0,static
test_q4_2024,2024-11-04,1314,LOJA 1314,57814,OSELTAMIVIR 75MG CAPS/10 GN-NATCOF,105913,0,,1.0,9.0,175.88,193.1,146.1,1.0,0.0,0.1873,0.0,0.0,2.0,301.66,0,static
test_q4_2024,2024-11-05,1314,LOJA 1314,57814,OSELTAMIVIR 75MG CAPS/10 GN-NATCOF,105913,0,,1.0,9.0,175.88,193.1,146.1,1.0,0.0,0.1873,0.0,0.0,2.0,301.66,0,static
test_q4_2024,2024-11-06,1314,LOJA 1314,57814,OSELTAMIVIR 75MG CAPS/10 GN-NATCOF,105913,0,,1.0,9.0,175.88,193.1,146.1,1.0,0.0,0.1873,0.0,0.0,2.0,301.66,0,static
test_q4_2024,2024-11-07,1314,LOJA 1314,57814,OSELTAMIVIR 75MG CAPS/10 GN-NATCOF,105913,0,,1.0,9.0,175.88,193.1,146.1,1.0,0.0,0.1873,0.0,0.0,2.0,301.66,0,static
test_q4_2024,2024-11-08,1314,LOJA 1314,57814,OSELTAMIVIR 75MG CAPS/10 GN-NATCOF,105913,1,PAGUE E LEVE,1.0,9.0,175.88,193.1,146.1,1.0,0.0,0.1873,0.0,0.0,2.0,301.66,0,static
test_q4_2024,2024-11-09,1314,LOJA 1314,57814,OSELTAMIVIR 75MG CAPS/10 GN-NATCOF,105913,0,,1.0,9.0,175.88,193.1,146.1,1.0,0.0,0.1873,0.0,0.0,2.0,301.66,0,static
test_q4_2024,2024-11-10,1314,LOJA 1314,57814,OSELTAMIVIR 75MG CAPS/10 GN-NATCOF,105913,0,,1.0,9.0,175.88,193.1,146.1,1.0,0.0,0.1873,0.0,0.0,,,0,static
test_q4_2024,2024-11-11,1314,LOJA 1314,57814,OSELTAMIVIR 75MG CAPS/10 GN-NATCOF,105913,0,,1.0,9.0,175.88,193.1,146.1,1.0,0.0,0.1873,0.0,0.0,2.0,301.66,0,static
test_q4_2024,2024-11-12,1314,LOJA 1314,57814,OSELTAMIVIR 75MG CAPS/10 GN-NATCOF,105913,0,,1.0,9.0,175.88,193.1,146.1,1.0,0.0,0.1873,0.0,0.0,2.0,301.66,0,static
test_q4_2024,2024-11-13,1314,LOJA 1314,57814,OSELTAMIVIR 75MG CAPS/10 GN-NATCOF,105913,0,,1.0,9.0,175.88,193.1,146.1,1.0,0.0,0.1873,0.0,0.0,2.0,301.66,0,static
test_q4_2024,2024-11-14,1314,LOJA 1314,57814,OSELTAMIVIR 75MG CAPS/10 GN-NATCOF,105913,0,,1.0,9.0,175.88,193.1,146.1,1.0,0.0,0.1873,0.0,0.0,2.0,301.66,0,static
test_q4_2024,2024-11-15,1314,LOJA 1314,57814,OSELTAMIVIR 75MG CAPS/10 GN-NATCOF,105913,1,PAGUE E LEVE,1.0,9.0,175.88,193.1,146.1,1.0,0.0,0.1873,0.0,0.0,2.0,301.66,0,static
test_q4_2024,2024-11-16,1314,LOJA 1314,57814,OSELTAMIVIR 75MG CAPS/10 GN-NATCOF,105913,0,,1.0,9.0,175.88,193.1,146.1,1.0,0.0,0.1873,0.0,0.0,2.0,301.66,0,static
test_q4_2024,2024-11-17,1314,LOJA 1314,57814,OSELTAMIVIR 75MG CAPS/10 GN-NATCOF,105913,0,,1.0,9.0,175.88,193.1,146.1,1.0,0.0,0.1873,0.0,0.0,,,0,static
test_q4_2024,2024-11-18,1314,LOJA 1314,57814,OSELTAMIVIR 75MG CAPS/10 GN-NATCOF,105913,0,,1.0,9.0,175.88,193.1,146.1,1.0,0.0,0.1873,0.0,0.0,2.0,301.66,0,static
test_q4_2024,2024-11-19,1314,LOJA 1314,57814,OSELTAMIVIR 75MG CAPS/10 GN-NATCOF,105913,0,,1.0,9.0,175.88,193.1,146.1,1.0,0.0,0.1873,0.0,0.0,2.0,301.66,0,static
test_q4_2024,2024-11-20,1314,LOJA 1314,57814,OSELTAMIVIR 75MG CAPS/10 GN-NATCOF,105913,0,,1.0,9.0,175.88,193.1,146.1,1.0,0.0,0.1873,0.0,0.0,2.0,301.66,0,static
test_q4_2024,2024-11-21,1314,LOJA 1314,57814,OSELTAMIVIR 75MG CAPS/10 GN-NATCOF,105913,0,,1.0,9.0,175.88,193.1,146.1,1.0,0.0,0.1873,0.0,0.0,2.0,301.66,0,static
test_q4_2024,2024-11-22,1314,LOJA 1314,57814,OSELTAMIVIR 75MG CAPS/10 GN-NATCOF,105913,1,PAGUE E LEVE,1.0,9.0,175.88,193.1,146.1,1.0,0.0,0.1873,0.0,0.0,2.0,301.66,0,static
test_q4_2024,2024-11-23,1314,LOJA 1314,57814,OSELTAMIVIR 75MG CAPS/10 GN-NATCOF,105913,0,,1.0,9.0,175.88,193.1,146.1,1.0,0.0,0.1873,0.0,0.0,2.0,301.66,0,static
test_q4_2024,2024-11-24,1314,LOJA 1314,57814,OSELTAMIVIR 75MG CAPS/10 GN-NATCOF,105913,0,,1.0,9.0,175.88,193.1,146.1,1.0,0.0,0.1873,0.0,0.0,,,0,static
test_q4_2024,2024-11-25,1314,LOJA 1314,57814,OSELTAMIVIR 75MG CAPS/10 GN-NATCOF,105913,0,,1.0,9.0,175.88,193.1,146.1,1.0,0.0,0.1873,0.0,0.0,2.0,301.66,0,static
test_q4_2024,2024-11-26,1314,LOJA 1314,57814,OSELTAMIVIR 75MG CAPS/10 GN-NATCOF,105913,0,,1.0,9.0,175.88,193.1,146.1,1.0,0.0,0.1873,0.0,0.0,2.0,301.66,0,static
test_q4_2024,2024-11-27,1314,LOJA 1314,57814,OSELTAMIVIR 75MG CAPS/10 GN-NATCOF,105913,0,,1.0,9.0,175.88,193.1,146.1,1.0,0.0,0.1873,0.0,0.0,2.0,301.66,0,static
test_q4_2024,2024-11-28,1314,LOJA 1314,57814,OSELTAMIVIR 75MG CAPS/10 GN-NATCOF,105913,0,,1.0,9.0,175.88,193.1,146.1,1.0,0.0,0.1873,0.0,0.0,2.0,301.66,0,static
test_q4_2024,2024-11-29,1314,LOJA 1314,57814,OSELTAMIVIR 75MG CAPS/10 GN-NATCOF,105913,1,PAGUE E LEVE,1.0,9.0,175.88,193.1,146.1,1.0,0.0,0.1873,0.0,0.0,2.0,301.66,0,static
test_q4_2024,2024-11-30,1314,LOJA 1314,57814,OSELTAMIVIR 75MG CAPS/10 GN-NATCOF,105913,0,,1.0,9.0,175.88,193.1,146.1,1.0,0.0,0.1873,0.0,0.0,2.0,301.66,0,static
test_q4_2024,2024-12-01,1314,LOJA 1314,57814,OSELTAMIVIR 75MG CAPS/10 GN-NATCOF,105913,0,,1.0,9.0,175.88,193.1,146.1,1.0,0.0,0.1873,0.0,0.0,,,0,static
test_q4_2024,2024-12-02,1314,LOJA 1314,57814,OSELTAMIVIR 75MG CAPS/10 GN-NATCOF,105913,0,,1.0,9.0,175.88,193.1,146.1,1.0,0.0,0.1873,0.0,0.0,2.0,301.66,0,static
test_q4_2024,2024-12-03,1314,LOJA 1314,57814,OSELTAMIVIR 75MG CAPS/10 GN-NATCOF,105913,0,,1.0,9.0,175.88,193.1,146.1,1.0,0.0,0.1873,0.0,0.0,2.0,301.66,0,static
test_q4_2024,2024-12-04,1314,LOJA 1314,57814,OSELTAMIVIR 75MG CAPS/10 GN-NATCOF,105913,0,,1.0,9.0,175.88,193.1,146.1,1.0,0.0,0.1873,0.0,0.0,2.0,301.66,0,static
test_q4_2024,2024-12-05,1314,LOJA 1314,57814,OSELTAMIVIR 75MG CAPS/10 GN-NATCOF,105913,0,,1.0,9.0,175.88,193.1,146.1,1.0,0.0,0.1873,0.0,0.0,2.0,301.66,0,static
test_q4_2024,2024-12-06,1314,LOJA 1314,57814,OSELTAMIVIR 75MG CAPS/10 GN-NATCOF,105913,1,PAGUE E LEVE,1.0,9.0,175.88,193.1,146.1,1.0,0.0,0.1873,0.0,0.0,2.0,301.66,0,static
test_q4_2024,2024-12-07,1314,LOJA 1314,57814,OSELTAMIVIR 75MG CAPS/10 GN-NATCOF,105913,0,,1.0,9.0,175.88,193.1,146.1,1.0,0.0,0.1873,0.0,0.0,2.0,301.66,0,static
test_q4_2024,2024-12-08,1314,LOJA 1314,57814,OSELTAMIVIR 75MG CAPS/10 GN-NATCOF,105913,0,,1.0,9.0,175.88,193.1,146.1,1.0,0.0,0.1873,0.0,0.0,,,0,static
test_q4_2024,2024-12-09,1314,LOJA 1314,57814,OSELTAMIVIR 75MG CAPS/10 GN-NATCOF,105913,0,,1.0,9.0,175.88,193.1,146.1,1.0,0.0,0.1873,0.0,0.0,2.0,301.66,0,static
test_q4_2024,2024-12-10,1314,LOJA 1314,57814,OSELTAMIVIR 75MG CAPS/10 GN-NATCOF,105913,0,,1.0,9.0,175.88,193.1,146.1,1.0,0.0,0.1873,0.0,0.0,2.0,301.66,0,static
test_q4_2024,2024-12-11,1314,LOJA 1314,57814,OSELTAMIVIR 75MG CAPS/10 GN-NATCOF,105913,0,,1.0,9.0,175.88,193.1,146.1,1.0,0.0,0.1873,0.0,0.0,2.0,301.66,0,static
test_q4_2024,2024-12-12,1314,LOJA 1314,57814,OSELTAMIVIR 75MG CAPS/10 GN-NATCOF,105913,0,,1.0,9.0,175.88,193.1,146.1,1.0,0.0,0.1873,0.0,0.0,2.0,301.66,0,static
test_q4_2024,2024-12-13,1314,LOJA 1314,57814,OSELTAMIVIR 75MG CAPS/10 GN-NATCOF,105913,1,PAGUE E LEVE,1.0,9.0,175.88,193.1,146.1,1.0,0.0,0.1873,0.0,0.0,2.0,301.66,0,static
test_q4_2024,2024-12-14,1314,LOJA 1314,57814,OSELTAMIVIR 75MG CAPS/10 GN-NATCOF,105913,0,,1.0,9.0,175.88,193.1,146.1,1.0,0.0,0.1873,0.0,0.0,2.0,301.66,0,static
test_q4_2024,2024-12-15,1314,LOJA 1314,57814,OSELTAMIVIR 75MG CAPS/10 GN-NATCOF,105913,0,,1.0,9.0,175.88,193.1,146.1,1.0,0.0,0.1873,0.0,0.0,,,0,static
test_q4_2024,2024-12-16,1314,LOJA 1314,57814,OSELTAMIVIR 75MG CAPS/10 GN-NATCOF,105913,0,,1.0,9.0,175.88,193.1,146.1,1.0,0.0,0.1873,0.0,0.0,2.0,301.66,0,static
test_q4_2024,2024-12-17,1314,LOJA 1314,57814,OSELTAMIVIR 75MG CAPS/10 GN-NATCOF,105913,0,,1.0,9.0,175.88,193.1,146.1,1.0,0.0,0.1873,0.0,0.0,2.0,301.66,0,static
test_q4_2024,2024-12-18,1314,LOJA 1314,57814,OSELTAMIVIR 75MG CAPS/10 GN-NATCOF,105913,0,,1.0,9.0,175.88,193.1,146.1,1.0,0.0,0.1873,0.0,0.0,2.0,301.66,0,static
test_q4_2024,2024-12-19,1314,LOJA 1314,57814,OSELTAMIVIR 75MG CAPS/10 GN-NATCOF,105913,0,,1.0,9.0,175.88,193.1,146.1,1.0,0.0,0.1873,0.0,0.0,2.0,301.66,0,static
test_q4_2024,2024-12-20,1314,LOJA 1314,57814,OSELTAMIVIR 75MG CAPS/10 GN-NATCOF,105913,1,PAGUE E LEVE,1.0,9.0,175.88,193.1,146.1,1.0,0.0,0.1873,0.0,0.0,2.0,301.66,0,static
test_q4_2024,2024-12-21,1314,LOJA 1314,57814,OSELTAMIVIR 75MG CAPS/10 GN-NATCOF,105913,0,,1.0,9.0,175.88,193.1,146.1,1.0,0.0,0.1873,0.0,0.0,2.0,301.66,0,static
test_q4_2024,2024-12-22,1314,LOJA 1314,57814,OSELTAMIVIR 75MG CAPS/10 GN-NATCOF,105913,0,,1.0,9.0,175.88,193.1,146.1,1.0,0.0,0.1873,0.0,0.0,,,0,static
test_q4_2024,2024-12-23,1314,LOJA 1314,57814,OSELTAMIVIR 75MG CAPS/10 GN-NATCOF,105913,0,,1.0,9.0,175.88,193.1,146.1,1.0,0.0,0.1873,0.0,0.0,2.0,301.66,0,static
test_q4_2024,2024-12-24,1314,LOJA 1314,57814,OSELTAMIVIR 75MG CAPS/10 GN-NATCOF,105913,0,,1.0,9.0,175.88,193.1,146.1,1.0,0.0,0.1873,0.0,0.0,2.0,301.66,0,static
test_q4_2024,2024-12-25,1314,LOJA 1314,57814,OSELTAMIVIR 75MG CAPS/10 GN-NATCOF,105913,0,,1.0,9.0,175.88,193.1,146.1,1.0,0.0,0.1873,0.0,0.0,2.0,301.66,0,static
test_q4_2024,2024-12-26,1314,LOJA 1314,57814,OSELTAMIVIR 75MG CAPS/10 GN-NATCOF,105913,0,,1.0,9.0,175.88,193.1,146.1,1.0,0.0,0.1873,0.0,0.0,2.0,301.66,0,static
test_q4_2024,2024-12-27,1314,LOJA 1314,57814,OSELTAMIVIR 75MG CAPS/10 GN-NATCOF,105913,1,PAGUE E LEVE,1.0,9.0,175.88,193.1,146.1,1.0,0.0,0.1873,0.0,0.0,2.0,301.66,0,static
test_q4_2024,2024-12-28,1314,LOJA 1314,57814,OSELTAMIVIR 75MG CAPS/10 GN-NATCOF,105913,0,,1.0,9.0,175.88,193.1,146.1,1.0,0.0,0.1873,0.0,0.0,2.0,301.66,0,static
test_q4_2024,2024-12-29,1314,LOJA 1314,57814,OSELTAMIVIR 75MG CAPS/10 GN-NATCOF,105913,0,,1.0,9.0,175.88,193.1,146.1,1.0,0.0,0.1873,0.0,0.0,,,0,static
test_q4_2024,2024-12-30,1314,LOJA 1314,57814,OSELTAMIVIR 75MG CAPS/10 GN-NATCOF,105913,0,,1.0,9.0,175.88,193.1,146.1,1.0,0.0,0.1873,0.0,0.0,2.0,301.66,0,static
test_q4_2024,2024-12-31,1314,LOJA 1314,57814,OSELTAMIVIR 75MG CAPS/10 GN-NATCOF,105913,0,,1.0,9.0,175.88,193.1,146.1,1.0,0.0,0.1873,0.0,0.0,2.0,301.66,0,static
test_q4_2024,2024-10-01,1314,LOJA 1314,57816,OSELTAMIVIR 30MG CAPS/10 GN-NATCOF,105913,1,PAGUE E LEVE,1.0,9.0,70.35,77.33,60.33,1.0,0.0,0.2966,0.0,0.0,0.0,0.0,1,static
test_q4_2024,2024-10-02,1314,LOJA 1314,57816,OSELTAMIVIR 30MG CAPS/10 GN-NATCOF,105913,0,,1.0,9.0,70.35,77.33,60.33,1.0,0.0,0.2966,0.0,0.0,1.0,60.33,0,static
test_q4_2024,2024-10-03,1314,LOJA 1314,57816,OSELTAMIVIR 30MG CAPS/10 GN-NATCOF,105913,0,,1.0,9.0,70.35,77.33,60.33,1.0,0.0,0.2966,0.0,0.0,2.0,120.66,0,static
test_q4_2024,2024-10-04,1314,LOJA 1314,57816,OSELTAMIVIR 30MG CAPS/10 GN-NATCOF,105913,1,PAGUE E LEVE,1.0,9.0,70.35,77.33,60.33,1.0,0.0,0.2966,0.0,0.0,2.0,120.66,0,static
test_q4_2024,2024-10-05,1314,LOJA 1314,57816,OSELTAMIVIR 30MG CAPS/10 GN-NATCOF,105913,0,,1.0,9.0,70.35,77.33,60.33,1.0,0.0,0.2966,0.0,0.0,2.0,120.66,0,static
test_q4_2024,2024-10-06,1314,LOJA 1314,57816,OSELTAMIVIR 30MG CAPS/10 GN-NATCOF,105913,0,,1.0,9.0,70.35,77.33,60.33,1.0,0.0,0.2966,0.0,0.0,,,0,static
test_q4_2024,2024-10-07,1314,LOJA 1314,57816,OSELTAMIVIR 30MG CAPS/10 GN-NATCOF,105913,0,,1.0,9.0,70.35,77.33,60.33,1.0,0.0,0.2966,0.0,0.0,2.0,120.66,0,static
test_q4_2024,2024-10-08,1314,LOJA 1314,57816,OSELTAMIVIR 30MG CAPS/10 GN-NATCOF,105913,0,,1.0,9.0,70.35,77.33,60.33,1.0,0.0,0.2966,0.0,0.0,2.0,120.66,0,static
test_q4_2024,2024-10-09,1314,LOJA 1314,57816,OSELTAMIVIR 30MG CAPS/10 GN-NATCOF,105913,0,,1.0,9.0,70.35,77.33,60.33,1.0,0.0,0.2966,0.0,0.0,2.0,120.66,0,static
test_q4_2024,2024-10-10,1314,LOJA 1314,57816,OSELTAMIVIR 30MG CAPS/10 GN-NATCOF,105913,0,,1.0,9.0,70.35,77.33,60.33,1.0,0.0,0.2966,0.0,0.0,2.0,120.66,0,static
test_q4_2024,2024-10-11,1314,LOJA 1314,57816,OSELTAMIVIR 30MG CAPS/10 GN-NATCOF,105913,1,PAGUE E LEVE,1.0,9.0,70.35,77.33,60.33,1.0,0.0,0.2966,0.0,0.0,2.0,120.66,0,static
test_q4_2024,2024-10-12,1314,LOJA 1314,57816,OSELTAMIVIR 30MG CAPS/10 GN-NATCOF,105913,0,,1.0,9.0,70.35,77.33,60.33,1.0,0.0,0.2966,0.0,0.0,2.0,120.66,0,static
test_q4_2024,2024-10-13,1314,LOJA 1314,57816,OSELTAMIVIR 30MG CAPS/10 GN-NATCOF,105913,0,,1.0,9.0,70.35,77.33,60.33,1.0,0.0,0.2966,0.0,0.0,,,0,static
test_q4_2024,2024-10-14,1314,LOJA 1314,57816,OSELTAMIVIR 30MG CAPS/10 GN-NATCOF,105913,0,,1.0,9.0,70.35,77.33,60.33,1.0,0.0,0.2966,0.0,0.0,2.0,120.66,0,static
test_q4_2024,2024-10-15,1314,LOJA 1314,57816,OSELTAMIVIR 30MG CAPS/10 GN-NATCOF,105913,0,,1.0,9.0,70.35,77.33,60.33,1.0,0.0,0.2966,0.0,0.0,2.0,120.66,0,static
test_q4_2024,2024-10-16,1314,LOJA 1314,57816,OSELTAMIVIR 30MG CAPS/10 GN-NATCOF,105913,0,,1.0,9.0,70.35,77.33,60.33,1.0,0.0,0.2966,0.0,0.0,2.0,120.66,0,static
test_q4_2024,2024-10-17,1314,LOJA 1314,57816,OSELTAMIVIR 30MG CAPS/10 GN-NATCOF,105913,0,,1.0,9.0,70.35,77.33,60.33,1.0,0.0,0.2966,0.0,0.0,2.0,120.66,0,static
test_q4_2024,2024-10-18,1314,LOJA 1314,57816,OSELTAMIVIR 30MG CAPS/10 GN-NATCOF,105913,1,PAGUE E LEVE,1.0,9.0,70.35,77.33,60.33,1.0,0.0,0.2966,0.0,0.0,2.0,120.66,0,static
test_q4_2024,2024-10-19,1314,LOJA 1314,57816,OSELTAMIVIR 30MG CAPS/10 GN-NATCOF,105913,0,,1.0,9.0,70.35,77.33,60.33,1.0,0.0,0.2966,0.0,0.0,2.0,120.66,0,static
test_q4_2024,2024-10-20,1314,LOJA 1314,57816,OSELTAMIVIR 30MG CAPS/10 GN-NATCOF,105913,0,,1.0,9.0,70.35,77.33,60.33,1.0,0.0,0.2966,0.0,0.0,,,0,static
test_q4_2024,2024-10-21,1314,LOJA 1314,57816,OSELTAMIVIR 30MG CAPS/10 GN-NATCOF,105913,0,,1.0,9.0,70.35,77.33,60.33,1.0,0.0,0.2966,0.0,0.0,2.0,120.66,0,static
test_q4_2024,2024-10-22,1314,LOJA 1314,57816,OSELTAMIVIR 30MG CAPS/10 GN-NATCOF,105913,0,,1.0,9.0,70.35,77.33,60.33,1.0,0.0,0.2966,0.0,0.0,2.0,120.66,0,static
test_q4_2024,2024-10-23,1314,LOJA 1314,57816,OSELTAMIVIR 30MG CAPS/10 GN-NATCOF,105913,0,,1.0,9.0,70.35,77.33,60.33,1.0,0.0,0.2966,0.0,0.0,2.0,120.66,0,static
test_q4_2024,2024-10-24,1314,LOJA 1314,57816,OSELTAMIVIR 30MG CAPS/10 GN-NATCOF,105913,0,,1.0,9.0,70.35,77.33,60.33,1.0,0.0,0.2966,0.0,0.0,2.0,120.66,0,static
test_q4_2024,2024-10-25,1314,LOJA 1314,57816,OSELTAMIVIR 30MG CAPS/10 GN-NATCOF,105913,1,PAGUE E LEVE,1.0,9.0,70.35,77.33,60.33,1.0,0.0,0.2966,0.0,0.0,2.0,120.66,0,static
test_q4_2024,2024-10-26,1314,LOJA 1314,57816,OSELTAMIVIR 30MG CAPS/10 GN-NATCOF,105913,0,,1.0,9.0,70.35,77.33,60.33,1.0,0.0,0.2966,0.0,0.0,2.0,120.66,0,static
test_q4_2024,2024-10-27,1314,LOJA 1314,57816,OSELTAMIVIR 30MG CAPS/10 GN-NATCOF,105913,0,,1.0,9.0,70.35,77.33,60.33,1.0,0.0,0.2966,0.0,0.0,,,0,static
test_q4_2024,2024-10-28,1314,LOJA 1314,57816,OSELTAMIVIR 30MG CAPS/10 GN-NATCOF,105913,0,,1.0,9.0,70.35,77.33,60.33,1.0,0.0,0.2966,0.0,0.0,2.0,120.66,0,static
test_q4_2024,2024-10-29,1314,LOJA 1314,57816,OSELTAMIVIR 30MG CAPS/10 GN-NATCOF,105913,0,,1.0,9.0,70.35,77.33,60.33,1.0,0.0,0.2966,0.0,0.0,2.0,120.66,0,static
test_q4_2024,2024-10-30,1314,LOJA 1314,57816,OSELTAMIVIR 30MG CAPS/10 GN-NATCOF,105913,0,,1.0,9.0,70.35,77.33,60.33,1.0,0.0,0.2966,0.0,0.0,2.0,120.66,0,static
test_q4_2024,2024-10-31,1314,LOJA 1314,57816,OSELTAMIVIR 30MG CAPS/10 GN-NATCOF,105913,0,,1.0,9.0,70.35,77.33,60.33,1.0,0.0,0.2966,0.0,0.0,2.0,120.66,0,static
test_q4_2024,2024-11-01,1314,LOJA 1314,57816,OSELTAMIVIR 30MG CAPS/10 GN-NATCOF,105913,1,PAGUE E LEVE,1.0,9.0,70.35,77.33,60.33,1.0,0.0,0.2966,0.0,0.0,2.0,120.66,0,static
test_q4_2024,2024-11-02,1314,LOJA 1314,57816,OSELTAMIVIR 30MG CAPS/10 GN-NATCOF,105913,0,,1.0,9.0,70.35,77.33,60.33,1.0,0.0,0.2966,0.0,0.0,2.0,120.66,0,static
test_q4_2024,2024-11-03,1314,LOJA 1314,57816,OSELTAMIVIR 30MG CAPS/10 GN-NATCOF,105913,0,,1.0,9.0,70.35,77.33,60.33,1.0,0.0,0.2966,0.0,0.0,,,0,static
test_q4_2024,2024-11-04,1314,LOJA 1314,57816,OSELTAMIVIR 30MG CAPS/10 GN-NATCOF,105913,0,,1.0,9.0,70.35,77.33,60.33,1.0,0.0,0.2966,0.0,0.0,2.0,120.66,0,static
test_q4_2024,2024-11-05,1314,LOJA 1314,57816,OSELTAMIVIR 30MG CAPS/10 GN-NATCOF,105913,0,,1.0,9.0,70.35,77.33,60.33,1.0,0.0,0.2966,0.0,0.0,2.0,120.66,0,static
test_q4_2024,2024-11-06,1314,LOJA 1314,57816,OSELTAMIVIR 30MG CAPS/10 GN-NATCOF,105913,0,,1.0,9.0,70.35,77.33,60.33,1.0,0.0,0.2966,0.0,0.0,2.0,120.66,0,static
test_q4_2024,2024-11-07,1314,LOJA 1314,57816,OSELTAMIVIR 30MG CAPS/10 GN-NATCOF,105913,0,,1.0,9.0,70.35,77.33,60.33,1.0,0.0,0.2966,0.0,0.0,2.0,120.66,0,static
test_q4_2024,2024-11-08,1314,LOJA 1314,57816,OSELTAMIVIR 30MG CAPS/10 GN-NATCOF,105913,1,PAGUE E LEVE,1.0,9.0,70.35,77.33,60.33,1.0,0.0,0.2966,0.0,0.0,2.0,120.66,0,static
test_q4_2024,2024-11-09,1314,LOJA 1314,57816,OSELTAMIVIR 30MG CAPS/10 GN-NATCOF,105913,0,,1.0,9.0,70.35,77.33,60.33,1.0,0.0,0.2966,0.0,0.0,2.0,120.66,0,static
test_q4_2024,2024-11-10,1314,LOJA 1314,57816,OSELTAMIVIR 30MG CAPS/10 GN-NATCOF,105913,0,,1.0,9.0,70.35,77.33,60.33,1.0,0.0,0.2966,0.0,0.0,,,0,static
test_q4_2024,2024-11-11,1314,LOJA 1314,57816,OSELTAMIVIR 30MG CAPS/10 GN-NATCOF,105913,0,,1.0,9.0,70.35,77.33,60.33,1.0,0.0,0.2966,0.0,0.0,2.0,120.66,0,static
test_q4_2024,2024-11-12,1314,LOJA 1314,57816,OSELTAMIVIR 30MG CAPS/10 GN-NATCOF,105913,0,,1.0,9.0,70.35,77.33,60.33,1.0,0.0,0.2966,0.0,0.0,2.0,120.66,0,static
test_q4_2024,2024-11-13,1314,LOJA 1314,57816,OSELTAMIVIR 30MG CAPS/10 GN-NATCOF,105913,0,,1.0,9.0,70.35,77.33,60.33,1.0,0.0,0.2966,0.0,0.0,2.0,120.66,0,static
test_q4_2024,2024-11-14,1314,LOJA 1314,57816,OSELTAMIVIR 30MG CAPS/10 GN-NATCOF,105913,0,,1.0,9.0,70.35,77.33,60.33,1.0,0.0,0.2966,0.0,0.0,2.0,120.66,0,static
test_q4_2024,2024-11-15,1314,LOJA 1314,57816,OSELTAMIVIR 30MG CAPS/10 GN-NATCOF,105913,1,PAGUE E LEVE,1.0,9.0,70.35,77.33,60.33,1.0,0.0,0.2966,0.0,0.0,2.0,120.66,0,static
test_q4_2024,2024-11-16,1314,LOJA 1314,57816,OSELTAMIVIR 30MG CAPS/10 GN-NATCOF,105913,0,,1.0,9.0,70.35,77.33,60.33,1.0,0.0,0.2966,0.0,0.0,2.0,120.66,0,static
test_q4_2024,2024-11-17,1314,LOJA 1314,57816,OSELTAMIVIR 30MG CAPS/10 GN-NATCOF,105913,0,,1.0,9.0,70.35,77.33,60.33,1.0,0.0,0.2966,0.0,0.0,,,0,static
test_q4_2024,2024-11-18,1314,LOJA 1314,57816,OSELTAMIVIR 30MG CAPS/10 GN-NATCOF,105913,0,,1.0,9.0,70.35,77.33,60.33,1.0,0.0,0.2966,0.0,0.0,2.0,120.66,0,static
test_q4_2024,2024-11-19,1314,LOJA 1314,57816,OSELTAMIVIR 30MG CAPS/10 GN-NATCOF,105913,0,,1.0,9.0,70.35,77.33,60.33,1.0,0.0,0.2966,0.0,0.0,2.0,120.66,0,static
test_q4_2024,2024-11-20,1314,LOJA 1314,57816,OSELTAMIVIR 30MG CAPS/10 GN-NATCOF,105913,0,,1.0,9.0,70.35,77.33,60.33,1.0,0.0,0.2966,0.0,0.0,2.0,120.66,0,static
test_q4_2024,2024-11-21,1314,LOJA 1314,57816,OSELTAMIVIR 30MG CAPS/10 GN-NATCOF,105913,0,,1.0,9.0,70.35,77.33,60.33,1.0,0.0,0.2966,0.0,0.0,2.0,120.66,0,static
test_q4_2024,2024-11-22,1314,LOJA 1314,57816,OSELTAMIVIR 30MG CAPS/10 GN-NATCOF,105913,1,PAGUE E LEVE,1.0,9.0,70.35,77.33,60.33,1.0,0.0,0.2966,0.0,0.0,2.0,120.66,0,static
test_q4_2024,2024-11-23,1314,LOJA 1314,57816,OSELTAMIVIR 30MG CAPS/10 GN-NATCOF,105913,0,,1.0,9.0,70.35,77.33,60.33,1.0,0.0,0.2966,0.0,0.0,2.0,120.66,0,static
test_q4_2024,2024-11-24,1314,LOJA 1314,57816,OSELTAMIVIR 30MG CAPS/10 GN-NATCOF,105913,0,,1.0,9.0,70.35,77.33,60.33,1.0,0.0,0.2966,0.0,0.0,,,0,static
test_q4_2024,2024-11-25,1314,LOJA 1314,57816,OSELTAMIVIR 30MG CAPS/10 GN-NATCOF,105913,0,,1.0,9.0,70.35,77.33,60.33,1.0,0.0,0.2966,0.0,0.0,2.0,120.66,0,static
test_q4_2024,2024-11-26,1314,LOJA 1314,57816,OSELTAMIVIR 30MG CAPS/10 GN-NATCOF,105913,0,,1.0,9.0,70.35,77.33,60.33,1.0,0.0,0.2966,0.0,0.0,2.0,120.66,0,static
test_q4_2024,2024-11-27,1314,LOJA 1314,57816,OSELTAMIVIR 30MG CAPS/10 GN-NATCOF,105913,0,,1.0,9.0,70.35,77.33,60.33,1.0,0.0,0.2966,0.0,0.0,2.0,120.66,0,static
test_q4_2024,2024-11-28,1314,LOJA 1314,57816,OSELTAMIVIR 30MG CAPS/10 GN-NATCOF,105913,0,,1.0,9.0,70.35,77.33,60.33,1.0,0.0,0.2966,0.0,0.0,2.0,120.66,0,static
test_q4_2024,2024-11-29,1314,LOJA 1314,57816,OSELTAMIVIR 30MG CAPS/10 GN-NATCOF,105913,1,PAGUE E LEVE,1.0,9.0,70.35,77.33,60.33,1.0,0.0,0.2966,0.0,0.0,2.0,120.66,0,static
test_q4_2024,2024-11-30,1314,LOJA 1314,57816,OSELTAMIVIR 30MG CAPS/10 GN-NATCOF,105913,0,,1.0,9.0,70.35,77.33,60.33,1.0,0.0,0.2966,0.0,0.0,2.0,120.66,0,static
test_q4_2024,2024-12-01,1314,LOJA 1314,57816,OSELTAMIVIR 30MG CAPS/10 GN-NATCOF,105913,0,,1.0,9.0,70.35,77.33,60.33,1.0,0.0,0.2966,0.0,0.0,,,0,static
test_q4_2024,2024-12-02,1314,LOJA 1314,57816,OSELTAMIVIR 30MG CAPS/10 GN-NATCOF,105913,0,,1.0,9.0,70.35,77.33,60.33,1.0,0.0,0.2966,0.0,0.0,2.0,120.66,0,static
test_q4_2024,2024-12-03,1314,LOJA 1314,57816,OSELTAMIVIR 30MG CAPS/10 GN-NATCOF,105913,0,,1.0,9.0,70.35,77.33,60.33,1.0,0.0,0.2966,0.0,0.0,2.0,120.66,0,static
test_q4_2024,2024-12-04,1314,LOJA 1314,57816,OSELTAMIVIR 30MG CAPS/10 GN-NATCOF,105913,0,,1.0,9.0,70.35,77.33,60.33,1.0,0.0,0.2966,0.0,0.0,2.0,120.66,0,static
test_q4_2024,2024-12-05,1314,LOJA 1314,57816,OSELTAMIVIR 30MG CAPS/10 GN-NATCOF,105913,0,,1.0,9.0,70.35,77.33,60.33,1.0,0.0,0.2966,0.0,0.0,2.0,120.66,0,static
test_q4_2024,2024-12-06,1314,LOJA 1314,57816,OSELTAMIVIR 30MG CAPS/10 GN-NATCOF,105913,1,PAGUE E LEVE,1.0,9.0,70.35,77.33,60.33,1.0,0.0,0.2966,0.0,0.0,2.0,120.66,0,static
test_q4_2024,2024-12-07,1314,LOJA 1314,57816,OSELTAMIVIR 30MG CAPS/10 GN-NATCOF,105913,0,,1.0,9.0,70.35,77.33,60.33,1.0,0.0,0.2966,0.0,0.0,2.0,120.66,0,static
test_q4_2024,2024-12-08,1314,LOJA 1314,57816,OSELTAMIVIR 30MG CAPS/10 GN-NATCOF,105913,0,,1.0,9.0,70.35,77.33,60.33,1.0,0.0,0.2966,0.0,0.0,,,0,static
test_q4_2024,2024-12-09,1314,LOJA 1314,57816,OSELTAMIVIR 30MG CAPS/10 GN-NATCOF,105913,0,,1.0,9.0,70.35,77.33,60.33,1.0,0.0,0.2966,0.0,0.0,2.0,120.66,0,static
test_q4_2024,2024-12-10,1314,LOJA 1314,57816,OSELTAMIVIR 30MG CAPS/10 GN-NATCOF,105913,0,,1.0,9.0,70.35,77.33,60.33,1.0,0.0,0.2966,0.0,0.0,2.0,120.66,0,static
test_q4_2024,2024-12-11,1314,LOJA 1314,57816,OSELTAMIVIR 30MG CAPS/10 GN-NATCOF,105913,0,,1.0,9.0,70.35,77.33,60.33,1.0,0.0,0.2966,0.0,0.0,2.0,120.66,0,static
test_q4_2024,2024-12-12,1314,LOJA 1314,57816,OSELTAMIVIR 30MG CAPS/10 GN-NATCOF,105913,0,,1.0,9.0,70.35,77.33,60.33,1.0,0.0,0.2966,0.0,0.0,2.0,120.66,0,static
test_q4_2024,2024-12-13,1314,LOJA 1314,57816,OSELTAMIVIR 30MG CAPS/10 GN-NATCOF,105913,1,PAGUE E LEVE,1.0,9.0,70.35,77.33,60.33,1.0,0.0,0.2966,0.0,0.0,2.0,120.66,0,static
test_q4_2024,2024-12-14,1314,LOJA 1314,57816,OSELTAMIVIR 30MG CAPS/10 GN-NATCOF,105913,0,,1.0,9.0,70.35,77.33,60.33,1.0,0.0,0.2966,0.0,0.0,2.0,120.66,0,static
test_q4_2024,2024-12-15,1314,LOJA 1314,57816,OSELTAMIVIR 30MG CAPS/10 GN-NATCOF,105913,0,,1.0,9.0,70.35,77.33,60.33,1.0,0.0,0.2966,0.0,0.0,,,0,static
test_q4_2024,2024-12-16,1314,LOJA 1314,57816,OSELTAMIVIR 30MG CAPS/10 GN-NATCOF,105913,0,,1.0,9.0,70.35,77.33,60.33,1.0,0.0,0.2966,0.0,0.0,2.0,120.66,0,static
test_q4_2024,2024-12-17,1314,LOJA 1314,57816,OSELTAMIVIR 30MG CAPS/10 GN-NATCOF,105913,0,,1.0,9.0,70.35,77.33,60.33,1.0,0.0,0.2966,0.0,0.0,2.0,120.66,0,static
test_q4_2024,2024-12-18,1314,LOJA 1314,57816,OSELTAMIVIR 30MG CAPS/10 GN-NATCOF,105913,0,,1.0,9.0,70.35,77.33,60.33,1.0,0.0,0.2966,0.0,0.0,2.0,120.66,0,static
test_q4_2024,2024-12-19,1314,LOJA 1314,57816,OSELTAMIVIR 30MG CAPS/10 GN-NATCOF,105913,0,,1.0,9.0,70.35,77.33,60.33,1.0,0.0,0.2966,0.0,0.0,2.0,120.66,0,static
test_q4_2024,2024-12-20,1314,LOJA 1314,57816,OSELTAMIVIR 30MG CAPS/10 GN-NATCOF,105913,1,PAGUE E LEVE,1.0,9.0,70.35,77.33,60.33,1.0,0.0,0.2966,0.0,0.0,2.0,120.66,0,static
test_q4_2024,2024-12-21,1314,LOJA 1314,57816,OSELTAMIVIR 30MG CAPS/10 GN-NATCOF,105913,0,,1.0,9.0,70.35,77.33,60.33,1.0,0.0,0.2966,0.0,0.0,2.0,120.66,0,static
test_q4_2024,2024-12-22,1314,LOJA 1314,57816,OSELTAMIVIR 30MG CAPS/10 GN-NATCOF,105913,0,,1.0,9.0,70.35,77.33,60.33,1.0,0.0,0.2966,0.0,0.0,,,0,static
test_q4_2024,2024-12-23,1314,LOJA 1314,57816,OSELTAMIVIR 30MG CAPS/10 GN-NATCOF,105913,0,,1.0,9.0,70.35,77.33,60.33,1.0,0.0,0.2966,0.0,0.0,2.0,120.66,0,static
test_q4_2024,2024-12-24,1314,LOJA 1314,57816,OSELTAMIVIR 30MG CAPS/10 GN-NATCOF,105913,0,,1.0,9.0,70.35,77.33,60.33,1.0,0.0,0.2966,0.0,0.0,2.0,120.66,0,static
test_q4_2024,2024-12-25,1314,LOJA 1314,57816,OSELTAMIVIR 30MG CAPS/10 GN-NATCOF,105913,0,,1.0,9.0,70.35,77.33,60.33,1.0,0.0,0.2966,0.0,0.0,2.0,120.66,0,static
test_q4_2024,2024-12-26,1314,LOJA 1314,57816,OSELTAMIVIR 30MG CAPS/10 GN-NATCOF,105913,0,,1.0,9.0,70.35,77.33,60.33,1.0,0.0,0.2966,0.0,0.0,2.0,120.66,0,static
test_q4_2024,2024-12-27,1314,LOJA 1314,57816,OSELTAMIVIR 30MG CAPS/10 GN-NATCOF,105913,1,PAGUE E LEVE,1.0,9.0,70.35,77.33,60.33,1.0,0.0,0.2966,0.0,0.0,2.0,120.66,0,static
test_q4_2024,2024-12-28,1314,LOJA 1314,57816,OSELTAMIVIR 30MG CAPS/10 GN-NATCOF,105913,0,,1.0,9.0,70.35,77.33,60.33,1.0,0.0,0.2966,0.0,0.0,2.0,120.66,0,static
test_q4_2024,2024-12-29,1314,LOJA 1314,57816,OSELTAMIVIR 30MG CAPS/10 GN-NATCOF,105913,0,,1.0,9.0,70.35,77.33,60.33,1.0,0.0,0.2966,0.0,0.0,,,0,static
test_q4_2024,2024-12-30,1314,LOJA 1314,57816,OSELTAMIVIR 30MG CAPS/10 GN-NATCOF,105913,0,,1.0,9.0,70.35,77.33,60.33,1.0,0.0,0.2966,0.0,0.0,2.0,120.66,0,static
test_q4_2024,2024-12-31,1314,LOJA 1314,57816,OSELTAMIVIR 30MG CAPS/10 GN-NATCOF,105913,0,,1.0,9.0,70.35,77.33,60.33,1.0,0.0,0.2966,0.0,0.0,2.0,120.66,0,static
test_q4_2024,2024-10-01,1314,LOJA 1314,57817,OSELTAMIVIR 45MG CAPS/10 GN-NATCOF,105913,1,PAGUE E LEVE,1.0,9.0,105.53,116.25,91.34,1.0,0.0,0.0,0.0,0.0,2.0,182.68,0,static
test_q4_2024,2024-10-02,1314,LOJA 1314,57817,OSELTAMIVIR 45MG CAPS/10 GN-NATCOF,105913,0,,1.0,9.0,105.53,116.25,91.34,1.0,0.0,0.0,0.0,0.0,2.0,182.68,0,static
test_q4_2024,2024-10-03,1314,LOJA 1314,57817,OSELTAMIVIR 45MG CAPS/10 GN-NATCOF,105913,0,,1.0,9.0,105.53,116.25,91.34,1.0,0.0,0.0,0.0,0.0,2.0,182.68,0,static
test_q4_2024,2024-10-04,1314,LOJA 1314,57817,OSELTAMIVIR 45MG CAPS/10 GN-NATCOF,105913,1,PAGUE E LEVE,1.0,9.0,105.53,116.25,91.34,1.0,0.0,0.0,0.0,0.0,2.0,182.68,0,static
test_q4_2024,2024-10-05,1314,LOJA 1314,57817,OSELTAMIVIR 45MG CAPS/10 GN-NATCOF,105913,0,,1.0,9.0,105.53,116.25,91.34,1.0,0.0,0.0,0.0,0.0,2.0,182.68,0,static
test_q4_2024,2024-10-06,1314,LOJA 1314,57817,OSELTAMIVIR 45MG CAPS/10 GN-NATCOF,105913,0,,1.0,9.0,105.53,116.25,91.34,1.0,0.0,0.0,0.0,0.0,,,0,static
test_q4_2024,2024-10-07,1314,LOJA 1314,57817,OSELTAMIVIR 45MG CAPS/10 GN-NATCOF,105913,0,,1.0,9.0,105.53,116.25,91.34,1.0,0.0,0.0,0.0,0.0,2.0,182.68,0,static
test_q4_2024,2024-10-08,1314,LOJA 1314,57817,OSELTAMIVIR 45MG CAPS/10 GN-NATCOF,105913,0,,1.0,9.0,105.53,116.25,91.34,1.0,0.0,0.0,0.0,0.0,2.0,182.68,0,static
test_q4_2024,2024-10-09,1314,LOJA 1314,57817,OSELTAMIVIR 45MG CAPS/10 GN-NATCOF,105913,0,,1.0,9.0,105.53,116.25,91.34,1.0,0.0,0.0,0.0,0.0,2.0,182.68,0,static
test_q4_2024,2024-10-10,1314,LOJA 1314,57817,OSELTAMIVIR 45MG CAPS/10 GN-NATCOF,105913,0,,1.0,9.0,105.53,116.25,91.34,1.0,0.0,0.0,0.0,0.0,2.0,182.68,0,static
test_q4_2024,2024-10-11,1314,LOJA 1314,57817,OSELTAMIVIR 45MG CAPS/10 GN-NATCOF,105913,1,PAGUE E LEVE,1.0,9.0,105.53,116.25,91.34,1.0,0.0,0.0,0.0,0.0,2.0,182.68,0,static
test_q4_2024,2024-10-12,1314,LOJA 1314,57817,OSELTAMIVIR 45MG CAPS/10 GN-NATCOF,105913,0,,1.0,9.0,105.53,116.25,91.34,1.0,0.0,0.0,0.0,0.0,2.0,182.68,0,static
test_q4_2024,2024-10-13,1314,LOJA 1314,57817,OSELTAMIVIR 45MG CAPS/10 GN-NATCOF,105913,0,,1.0,9.0,105.53,116.25,91.34,1.0,0.0,0.0,0.0,0.0,,,0,static
test_q4_2024,2024-10-14,1314,LOJA 1314,57817,OSELTAMIVIR 45MG CAPS/10 GN-NATCOF,105913,0,,1.0,9.0,105.53,116.25,91.34,1.0,0.0,0.0,0.0,0.0,2.0,182.68,0,static
test_q4_2024,2024-10-15,1314,LOJA 1314,57817,OSELTAMIVIR 45MG CAPS/10 GN-NATCOF,105913,0,,1.0,9.0,105.53,116.25,91.34,1.0,0.0,0.0,0.0,0.0,2.0,182.68,0,static
test_q4_2024,2024-10-16,1314,LOJA 1314,57817,OSELTAMIVIR 45MG CAPS/10 GN-NATCOF,105913,0,,1.0,9.0,105.53,116.25,91.34,1.0,0.0,0.0,0.0,0.0,2.0,182.68,0,static
test_q4_2024,2024-10-17,1314,LOJA 1314,57817,OSELTAMIVIR 45MG CAPS/10 GN-NATCOF,105913,0,,1.0,9.0,105.53,116.25,91.34,1.0,0.0,0.0,0.0,0.0,2.0,182.68,0,static
test_q4_2024,2024-10-18,1314,LOJA 1314,57817,OSELTAMIVIR 45MG CAPS/10 GN-NATCOF,105913,1,PAGUE E LEVE,1.0,9.0,105.53,116.25,91.34,1.0,0.0,0.0,0.0,0.0,2.0,182.68,0,static
test_q4_2024,2024-10-19,1314,LOJA 1314,57817,OSELTAMIVIR 45MG CAPS/10 GN-NATCOF,105913,0,,1.0,9.0,105.53,116.25,91.34,1.0,0.0,0.0,0.0,0.0,2.0,182.68,0,static
test_q4_2024,2024-10-20,1314,LOJA 1314,57817,OSELTAMIVIR 45MG CAPS/10 GN-NATCOF,105913,0,,1.0,9.0,105.53,116.25,91.34,1.0,0.0,0.0,0.0,0.0,,,0,static
test_q4_2024,2024-10-21,1314,LOJA 1314,57817,OSELTAMIVIR 45MG CAPS/10 GN-NATCOF,105913,0,,1.0,9.0,105.53,116.25,91.34,1.0,0.0,0.0,0.0,0.0,2.0,182.68,0,static
test_q4_2024,2024-10-22,1314,LOJA 1314,57817,OSELTAMIVIR 45MG CAPS/10 GN-NATCOF,105913,0,,1.0,9.0,105.53,116.25,91.34,1.0,0.0,0.0,0.0,0.0,2.0,182.68,0,static
test_q4_2024,2024-10-23,1314,LOJA 1314,57817,OSELTAMIVIR 45MG CAPS/10 GN-NATCOF,105913,0,,1.0,9.0,105.53,116.25,91.34,1.0,0.0,0.0,0.0,0.0,2.0,182.68,0,static
test_q4_2024,2024-10-24,1314,LOJA 1314,57817,OSELTAMIVIR 45MG CAPS/10 GN-NATCOF,105913,0,,1.0,9.0,105.53,116.25,91.34,1.0,0.0,0.0,0.0,0.0,2.0,182.68,0,static
test_q4_2024,2024-10-25,1314,LOJA 1314,57817,OSELTAMIVIR 45MG CAPS/10 GN-NATCOF,105913,1,PAGUE E LEVE,1.0,9.0,105.53,116.25,91.34,1.0,0.0,0.0,0.0,0.0,2.0,182.68,0,static
test_q4_2024,2024-10-26,1314,LOJA 1314,57817,OSELTAMIVIR 45MG CAPS/10 GN-NATCOF,105913,0,,1.0,9.0,105.53,116.25,91.34,1.0,0.0,0.0,0.0,0.0,2.0,182.68,0,static
test_q4_2024,2024-10-27,1314,LOJA 1314,57817,OSELTAMIVIR 45MG CAPS/10 GN-NATCOF,105913,0,,1.0,9.0,105.53,116.25,91.34,1.0,0.0,0.0,0.0,0.0,,,0,static
test_q4_2024,2024-10-28,1314,LOJA 1314,57817,OSELTAMIVIR 45MG CAPS/10 GN-NATCOF,105913,0,,1.0,9.0,105.53,116.25,91.34,1.0,0.0,0.0,0.0,0.0,2.0,182.68,0,static
test_q4_2024,2024-10-29,1314,LOJA 1314,57817,OSELTAMIVIR 45MG CAPS/10 GN-NATCOF,105913,0,,1.0,9.0,105.53,116.25,91.34,1.0,0.0,0.0,0.0,0.0,2.0,182.68,0,static
test_q4_2024,2024-10-30,1314,LOJA 1314,57817,OSELTAMIVIR 45MG CAPS/10 GN-NATCOF,105913,0,,1.0,9.0,105.53,116.25,91.34,1.0,0.0,0.0,0.0,0.0,2.0,182.68,0,static
test_q4_2024,2024-10-31,1314,LOJA 1314,57817,OSELTAMIVIR 45MG CAPS/10 GN-NATCOF,105913,0,,1.0,9.0,105.53,116.25,91.34,1.0,0.0,0.0,0.0,0.0,2.0,182.68,0,static
test_q4_2024,2024-11-01,1314,LOJA 1314,57817,OSELTAMIVIR 45MG CAPS/10 GN-NATCOF,105913,1,PAGUE E LEVE,1.0,9.0,105.53,116.25,91.34,1.0,0.0,0.0,0.0,0.0,2.0,182.68,0,static
test_q4_2024,2024-11-02,1314,LOJA 1314,57817,OSELTAMIVIR 45MG CAPS/10 GN-NATCOF,105913,0,,1.0,9.0,105.53,116.25,91.34,1.0,0.0,0.0,0.0,0.0,2.0,182.68,0,static
test_q4_2024,2024-11-03,1314,LOJA 1314,57817,OSELTAMIVIR 45MG CAPS/10 GN-NATCOF,105913,0,,1.0,9.0,105.53,116.25,91.34,1.0,0.0,0.0,0.0,0.0,,,0,static
test_q4_2024,2024-11-04,1314,LOJA 1314,57817,OSELTAMIVIR 45MG CAPS/10 GN-NATCOF,105913,0,,1.0,9.0,105.53,116.25,91.34,1.0,0.0,0.0,0.0,0.0,2.0,182.68,0,static
test_q4_2024,2024-11-05,1314,LOJA 1314,57817,OSELTAMIVIR 45MG CAPS/10 GN-NATCOF,105913,0,,1.0,9.0,105.53,116.25,91.34,1.0,0.0,0.0,0.0,0.0,2.0,182.68,0,static
test_q4_2024,2024-11-06,1314,LOJA 1314,57817,OSELTAMIVIR 45MG CAPS/10 GN-NATCOF,105913,0,,1.0,9.0,105.53,116.25,91.34,1.0,0.0,0.0,0.0,0.0,2.0,182.68,0,static
test_q4_2024,2024-11-07,1314,LOJA 1314,57817,OSELTAMIVIR 45MG CAPS/10 GN-NATCOF,105913,0,,1.0,9.0,105.53,116.25,91.34,1.0,0.0,0.0,0.0,0.0,2.0,182.68,0,static
test_q4_2024,2024-11-08,1314,LOJA 1314,57817,OSELTAMIVIR 45MG CAPS/10 GN-NATCOF,105913,1,PAGUE E LEVE,1.0,9.0,105.53,116.25,91.34,1.0,0.0,0.0,0.0,0.0,2.0,182.68,0,static
test_q4_2024,2024-11-09,1314,LOJA 1314,57817,OSELTAMIVIR 45MG CAPS/10 GN-NATCOF,105913,0,,1.0,9.0,105.53,116.25,91.34,1.0,0.0,0.0,0.0,0.0,2.0,182.68,0,static
test_q4_2024,2024-11-10,1314,LOJA 1314,57817,OSELTAMIVIR 45MG CAPS/10 GN-NATCOF,105913,0,,1.0,9.0,105.53,116.25,91.34,1.0,0.0,0.0,0.0,0.0,,,0,static
test_q4_2024,2024-11-11,1314,LOJA 1314,57817,OSELTAMIVIR 45MG CAPS/10 GN-NATCOF,105913,0,,1.0,9.0,105.53,116.25,91.34,1.0,0.0,0.0,0.0,0.0,2.0,182.68,0,static
test_q4_2024,2024-11-12,1314,LOJA 1314,57817,OSELTAMIVIR 45MG CAPS/10 GN-NATCOF,105913,0,,1.0,9.0,105.53,116.25,91.34,1.0,0.0,0.0,0.0,0.0,2.0,182.68,0,static
test_q4_2024,2024-11-13,1314,LOJA 1314,57817,OSELTAMIVIR 45MG CAPS/10 GN-NATCOF,105913,0,,1.0,9.0,105.53,116.25,91.34,1.0,0.0,0.0,0.0,0.0,2.0,182.68,0,static
test_q4_2024,2024-11-14,1314,LOJA 1314,57817,OSELTAMIVIR 45MG CAPS/10 GN-NATCOF,105913,0,,1.0,9.0,105.53,116.25,91.34,1.0,0.0,0.0,0.0,0.0,2.0,182.68,0,static
test_q4_2024,2024-11-15,1314,LOJA 1314,57817,OSELTAMIVIR 45MG CAPS/10 GN-NATCOF,105913,1,PAGUE E LEVE,1.0,9.0,105.53,116.25,91.34,1.0,0.0,0.0,0.0,0.0,2.0,182.68,0,static
test_q4_2024,2024-11-16,1314,LOJA 1314,57817,OSELTAMIVIR 45MG CAPS/10 GN-NATCOF,105913,0,,1.0,9.0,105.53,116.25,91.34,1.0,0.0,0.0,0.0,0.0,2.0,182.68,0,static
test_q4_2024,2024-11-17,1314,LOJA 1314,57817,OSELTAMIVIR 45MG CAPS/10 GN-NATCOF,105913,0,,1.0,9.0,105.53,116.25,91.34,1.0,0.0,0.0,0.0,0.0,,,0,static
test_q4_2024,2024-11-18,1314,LOJA 1314,57817,OSELTAMIVIR 45MG CAPS/10 GN-NATCOF,105913,0,,1.0,9.0,105.53,116.25,91.34,1.0,0.0,0.0,0.0,0.0,2.0,182.68,0,static
test_q4_2024,2024-11-19,1314,LOJA 1314,57817,OSELTAMIVIR 45MG CAPS/10 GN-NATCOF,105913,0,,1.0,9.0,105.53,116.25,91.34,1.0,0.0,0.0,0.0,0.0,2.0,182.68,0,static
test_q4_2024,2024-11-20,1314,LOJA 1314,57817,OSELTAMIVIR 45MG CAPS/10 GN-NATCOF,105913,0,,1.0,9.0,105.53,116.25,91.34,1.0,0.0,0.0,0.0,0.0,2.0,182.68,0,static
test_q4_2024,2024-11-21,1314,LOJA 1314,57817,OSELTAMIVIR 45MG CAPS/10 GN-NATCOF,105913,0,,1.0,9.0,105.53,116.25,91.34,1.0,0.0,0.0,0.0,0.0,2.0,182.68,0,static
test_q4_2024,2024-11-22,1314,LOJA 1314,57817,OSELTAMIVIR 45MG CAPS/10 GN-NATCOF,105913,1,PAGUE E LEVE,1.0,9.0,105.53,116.25,91.34,1.0,0.0,0.0,0.0,0.0,2.0,182.68,0,static
test_q4_2024,2024-11-23,1314,LOJA 1314,57817,OSELTAMIVIR 45MG CAPS/10 GN-NATCOF,105913,0,,1.0,9.0,105.53,116.25,91.34,1.0,0.0,0.0,0.0,0.0,2.0,182.68,0,static
test_q4_2024,2024-11-24,1314,LOJA 1314,57817,OSELTAMIVIR 45MG CAPS/10 GN-NATCOF,105913,0,,1.0,9.0,105.53,116.25,91.34,1.0,0.0,0.0,0.0,0.0,,,0,static
test_q4_2024,2024-11-25,1314,LOJA 1314,57817,OSELTAMIVIR 45MG CAPS/10 GN-NATCOF,105913,0,,1.0,9.0,105.53,116.25,91.34,1.0,0.0,0.0,0.0,0.0,2.0,182.68,0,static
test_q4_2024,2024-11-26,1314,LOJA 1314,57817,OSELTAMIVIR 45MG CAPS/10 GN-NATCOF,105913,0,,1.0,9.0,105.53,116.25,91.34,1.0,0.0,0.0,0.0,0.0,2.0,182.68,0,static
test_q4_2024,2024-11-27,1314,LOJA 1314,57817,OSELTAMIVIR 45MG CAPS/10 GN-NATCOF,105913,0,,1.0,9.0,105.53,116.25,91.34,1.0,0.0,0.0,0.0,0.0,2.0,182.68,0,static
test_q4_2024,2024-11-28,1314,LOJA 1314,57817,OSELTAMIVIR 45MG CAPS/10 GN-NATCOF,105913,0,,1.0,9.0,105.53,116.25,91.34,1.0,0.0,0.0,0.0,0.0,2.0,182.68,0,static
test_q4_2024,2024-11-29,1314,LOJA 1314,57817,OSELTAMIVIR 45MG CAPS/10 GN-NATCOF,105913,1,PAGUE E LEVE,1.0,9.0,105.53,116.25,91.34,1.0,0.0,0.0,0.0,0.0,2.0,182.68,0,static
test_q4_2024,2024-11-30,1314,LOJA 1314,57817,OSELTAMIVIR 45MG CAPS/10 GN-NATCOF,105913,0,,1.0,9.0,105.53,116.25,91.34,1.0,0.0,0.0,0.0,0.0,2.0,182.68,0,static
test_q4_2024,2024-12-01,1314,LOJA 1314,57817,OSELTAMIVIR 45MG CAPS/10 GN-NATCOF,105913,0,,1.0,9.0,105.53,116.25,91.34,1.0,0.0,0.0,0.0,0.0,,,0,static
test_q4_2024,2024-12-02,1314,LOJA 1314,57817,OSELTAMIVIR 45MG CAPS/10 GN-NATCOF,105913,0,,1.0,9.0,105.53,116.25,91.34,1.0,0.0,0.0,0.0,0.0,2.0,182.68,0,static
test_q4_2024,2024-12-03,1314,LOJA 1314,57817,OSELTAMIVIR 45MG CAPS/10 GN-NATCOF,105913,0,,1.0,9.0,105.53,116.25,91.34,1.0,0.0,0.0,0.0,0.0,2.0,182.68,0,static
test_q4_2024,2024-12-04,1314,LOJA 1314,57817,OSELTAMIVIR 45MG CAPS/10 GN-NATCOF,105913,0,,1.0,9.0,105.53,116.25,91.34,1.0,0.0,0.0,0.0,0.0,2.0,182.68,0,static
test_q4_2024,2024-12-05,1314,LOJA 1314,57817,OSELTAMIVIR 45MG CAPS/10 GN-NATCOF,105913,0,,1.0,9.0,105.53,116.25,91.34,1.0,0.0,0.0,0.0,0.0,2.0,182.68,0,static
test_q4_2024,2024-12-06,1314,LOJA 1314,57817,OSELTAMIVIR 45MG CAPS/10 GN-NATCOF,105913,1,PAGUE E LEVE,1.0,9.0,105.53,116.25,91.34,1.0,0.0,0.0,0.0,0.0,2.0,182.68,0,static
test_q4_2024,2024-12-07,1314,LOJA 1314,57817,OSELTAMIVIR 45MG CAPS/10 GN-NATCOF,105913,0,,1.0,9.0,105.53,116.25,91.34,1.0,0.0,0.0,0.0,0.0,2.0,182.68,0,static
test_q4_2024,2024-12-08,1314,LOJA 1314,57817,OSELTAMIVIR 45MG CAPS/10 GN-NATCOF,105913,0,,1.0,9.0,105.53,116.25,91.34,1.0,0.0,0.0,0.0,0.0,,,0,static
test_q4_2024,2024-12-09,1314,LOJA 1314,57817,OSELTAMIVIR 45MG CAPS/10 GN-NATCOF,105913,0,,1.0,9.0,105.53,116.25,91.34,1.0,0.0,0.0,0.0,0.0,2.0,182.68,0,static
test_q4_2024,2024-12-10,1314,LOJA 1314,57817,OSELTAMIVIR 45MG CAPS/10 GN-NATCOF,105913,0,,1.0,9.0,105.53,116.25,91.34,1.0,0.0,0.0,0.0,0.0,2.0,182.68,0,static
test_q4_2024,2024-12-11,1314,LOJA 1314,57817,OSELTAMIVIR 45MG CAPS/10 GN-NATCOF,105913,0,,1.0,9.0,105.53,116.25,91.34,1.0,0.0,0.0,0.0,0.0,2.0,182.68,0,static
test_q4_2024,2024-12-12,1314,LOJA 1314,57817,OSELTAMIVIR 45MG CAPS/10 GN-NATCOF,105913,0,,1.0,9.0,105.53,116.25,91.34,1.0,0.0,0.0,0.0,0.0,2.0,182.68,0,static
test_q4_2024,2024-12-13,1314,LOJA 1314,57817,OSELTAMIVIR 45MG CAPS/10 GN-NATCOF,105913,1,PAGUE E LEVE,1.0,9.0,105.53,116.25,91.34,1.0,0.0,0.0,0.0,0.0,2.0,182.68,0,static
test_q4_2024,2024-12-14,1314,LOJA 1314,57817,OSELTAMIVIR 45MG CAPS/10 GN-NATCOF,105913,0,,1.0,9.0,105.53,116.25,91.34,1.0,0.0,0.0,0.0,0.0,2.0,182.68,0,static
test_q4_2024,2024-12-15,1314,LOJA 1314,57817,OSELTAMIVIR 45MG CAPS/10 GN-NATCOF,105913,0,,1.0,9.0,105.53,116.25,91.34,1.0,0.0,0.0,0.0,0.0,,,0,static
test_q4_2024,2024-12-16,1314,LOJA 1314,57817,OSELTAMIVIR 45MG CAPS/10 GN-NATCOF,105913,0,,1.0,9.0,105.53,116.25,91.34,1.0,0.0,0.0,0.0,0.0,2.0,182.68,0,static
test_q4_2024,2024-12-17,1314,LOJA 1314,57817,OSELTAMIVIR 45MG CAPS/10 GN-NATCOF,105913,0,,1.0,9.0,105.53,116.25,91.34,1.0,0.0,0.0,0.0,0.0,2.0,182.68,0,static
test_q4_2024,2024-12-18,1314,LOJA 1314,57817,OSELTAMIVIR 45MG CAPS/10 GN-NATCOF,105913,0,,1.0,9.0,105.53,116.25,91.34,1.0,0.0,0.0,0.0,0.0,2.0,182.68,0,static
test_q4_2024,2024-12-19,1314,LOJA 1314,57817,OSELTAMIVIR 45MG CAPS/10 GN-NATCOF,105913,0,,1.0,9.0,105.53,116.25,91.34,1.0,0.0,0.0,0.0,0.0,2.0,182.68,0,static
test_q4_2024,2024-12-20,1314,LOJA 1314,57817,OSELTAMIVIR 45MG CAPS/10 GN-NATCOF,105913,1,PAGUE E LEVE,1.0,9.0,105.53,116.25,91.34,1.0,0.0,0.0,0.0,0.0,2.0,182.68,0,static
test_q4_2024,2024-12-21,1314,LOJA 1314,57817,OSELTAMIVIR 45MG CAPS/10 GN-NATCOF,105913,0,,1.0,9.0,105.53,116.25,91.34,1.0,0.0,0.0,0.0,0.0,2.0,182.68,0,static
test_q4_2024,2024-12-22,1314,LOJA 1314,57817,OSELTAMIVIR 45MG CAPS/10 GN-NATCOF,105913,0,,1.0,9.0,105.53,116.25,91.34,1.0,0.0,0.0,0.0,0.0,,,0,static
test_q4_2024,2024-12-23,1314,LOJA 1314,57817,OSELTAMIVIR 45MG CAPS/10 GN-NATCOF,105913,0,,1.0,9.0,105.53,116.25,91.34,1.0,0.0,0.0,0.0,0.0,2.0,182.68,0,static
test_q4_2024,2024-12-24,1314,LOJA 1314,57817,OSELTAMIVIR 45MG CAPS/10 GN-NATCOF,105913,0,,1.0,9.0,105.53,116.25,91.34,1.0,0.0,0.0,0.0,0.0,2.0,182.68,0,static
test_q4_2024,2024-12-25,1314,LOJA 1314,57817,OSELTAMIVIR 45MG CAPS/10 GN-NATCOF,105913,0,,1.0,9.0,105.53,116.25,91.34,1.0,0.0,0.0,0.0,0.0,2.0,182.68,0,static
test_q4_2024,2024-12-26,1314,LOJA 1314,57817,OSELTAMIVIR 45MG CAPS/10 GN-NATCOF,105913,0,,1.0,9.0,105.53,116.25,91.34,1.0,0.0,0.0,0.0,0.0,2.0,182.68,0,static
test_q4_2024,2024-12-27,1314,LOJA 1314,57817,OSELTAMIVIR 45MG CAPS/10 GN-NATCOF,105913,1,PAGUE E LEVE,1.0,9.0,105.53,116.25,91.34,1.0,0.0,0.0,0.0,0.0,2.0,182.68,0,static
test_q4_2024,2024-12-28,1314,LOJA 1314,57817,OSELTAMIVIR 45MG CAPS/10 GN-NATCOF,105913,0,,1.0,9.0,105.53,116.25,91.34,1.0,0.0,0.0,0.0,0.0,2.0,182.68,0,static
test_q4_2024,2024-12-29,1314,LOJA 1314,57817,OSELTAMIVIR 45MG CAPS/10 GN-NATCOF,105913,0,,1.0,9.0,105.53,116.25,91.34,1.0,0.0,0.0,0.0,0.0,,,0,static
test_q4_2024,2024-12-30,1314,LOJA 1314,57817,OSELTAMIVIR 45MG CAPS/10 GN-NATCOF,105913,0,,1.0,9.0,105.53,116.25,91.34,1.0,0.0,0.0,0.0,0.0,2.0,182.68,0,static
test_q4_2024,2024-12-31,1314,LOJA 1314,57817,OSELTAMIVIR 45MG CAPS/10 GN-NATCOF,105913,0,,1.0,9.0,105.53,116.25,91.34,1.0,0.0,0.0,0.0,0.0,2.0,182.68,0,static
test_q4_2024,2024-10-01,1314,LOJA 1314,57912,LORATAMED D XPE 60ML,51356,0,,1.0,9.0,23.87,27.81,13.67,1.0,0.0,0.0,0.0,0.0,2.0,26.58,0,static
test_q4_2024,2024-10-02,1314,LOJA 1314,57912,LORATAMED D XPE 60ML,51356,0,,1.0,9.0,23.87,27.81,13.67,1.0,0.0,0.0,0.0,0.0,2.0,26.58,0,static
test_q4_2024,2024-10-03,1314,LOJA 1314,57912,LORATAMED D XPE 60ML,51356,0,,1.0,9.0,23.87,27.81,13.67,1.0,0.0,0.0,0.0,0.0,2.0,26.58,0,static
test_q4_2024,2024-10-04,1314,LOJA 1314,57912,LORATAMED D XPE 60ML,51356,0,,1.0,9.0,23.87,27.81,13.67,1.0,0.0,0.0,0.0,0.0,2.0,26.58,0,static
test_q4_2024,2024-10-05,1314,LOJA 1314,57912,LORATAMED D XPE 60ML,51356,0,,1.0,9.0,23.87,27.81,13.67,1.0,0.0,0.0,0.0,0.0,2.0,26.58,0,static
test_q4_2024,2024-10-06,1314,LOJA 1314,57912,LORATAMED D XPE 60ML,51356,0,,1.0,9.0,23.87,27.81,13.67,1.0,0.0,0.0,0.0,0.0,,,0,static
test_q4_2024,2024-10-07,1314,LOJA 1314,57912,LORATAMED D XPE 60ML,51356,0,,1.0,9.0,23.87,27.81,13.67,1.0,0.0,0.0,0.0,0.0,2.0,26.58,0,static
test_q4_2024,2024-10-08,1314,LOJA 1314,57912,LORATAMED D XPE 60ML,51356,0,,1.0,9.0,23.87,27.81,13.67,1.0,0.0,0.0,0.0,0.0,2.0,26.58,0,static
test_q4_2024,2024-10-09,1314,LOJA 1314,57912,LORATAMED D XPE 60ML,51356,0,,1.0,9.0,23.87,27.81,13.67,1.0,0.0,0.0,0.0,0.0,2.0,26.58,0,static
test_q4_2024,2024-10-10,1314,LOJA 1314,57912,LORATAMED D XPE 60ML,51356,0,,1.0,9.0,23.87,27.81,13.67,1.0,0.0,0.0,0.0,0.0,2.0,26.58,0,static
test_q4_2024,2024-10-11,1314,LOJA 1314,57912,LORATAMED D XPE 60ML,51356,0,,1.0,9.0,23.87,27.81,13.67,1.0,0.0,0.0,0.0,0.0,2.0,26.58,0,static
test_q4_2024,2024-10-12,1314,LOJA 1314,57912,LORATAMED D XPE 60ML,51356,0,,1.0,9.0,23.87,27.81,13.67,1.0,0.0,0.0,0.0,0.0,2.0,26.58,0,static
test_q4_2024,2024-10-13,1314,LOJA 1314,57912,LORATAMED D XPE 60ML,51356,0,,1.0,9.0,23.87,27.81,13.67,1.0,0.0,0.0,0.0,0.0,,,0,static
test_q4_2024,2024-10-14,1314,LOJA 1314,57912,LORATAMED D XPE 60ML,51356,0,,1.0,9.0,23.87,27.81,13.67,1.0,0.0,0.0,0.0,0.0,2.0,26.58,0,static
test_q4_2024,2024-10-15,1314,LOJA 1314,57912,LORATAMED D XPE 60ML,51356,0,,1.0,9.0,23.87,27.81,13.67,1.0,0.0,0.0,0.0,0.0,2.0,26.58,0,static
test_q4_2024,2024-10-16,1314,LOJA 1314,57912,LORATAMED D XPE 60ML,51356,0,,1.0,9.0,23.87,27.81,13.67,1.0,0.0,0.0,0.0,0.0,2.0,26.58,0,static
test_q4_2024,2024-10-17,1314,LOJA 1314,57912,LORATAMED D XPE 60ML,51356,0,,1.0,9.0,23.87,27.81,13.67,1.0,0.0,0.0,0.0,0.0,2.0,26.58,0,static
test_q4_2024,2024-10-18,1314,LOJA 1314,57912,LORATAMED D XPE 60ML,51356,0,,1.0,9.0,23.87,27.81,13.67,1.0,0.0,0.0,0.0,0.0,2.0,26.58,0,static
test_q4_2024,2024-10-19,1314,LOJA 1314,57912,LORATAMED D XPE 60ML,51356,0,,1.0,9.0,23.87,27.81,13.67,1.0,0.0,0.0,0.0,0.0,2.0,26.58,0,static
test_q4_2024,2024-10-20,1314,LOJA 1314,57912,LORATAMED D XPE 60ML,51356,0,,1.0,9.0,23.87,27.81,13.67,1.0,0.0,0.0,0.0,0.0,,,0,static
test_q4_2024,2024-10-21,1314,LOJA 1314,57912,LORATAMED D XPE 60ML,51356,0,,1.0,9.0,23.87,27.81,13.67,1.0,0.0,0.0,0.0,0.0,2.0,26.58,0,static
test_q4_2024,2024-10-22,1314,LOJA 1314,57912,LORATAMED D XPE 60ML,51356,0,,1.0,9.0,23.87,27.81,13.67,1.0,0.0,0.0,0.0,0.0,2.0,26.58,0,static
test_q4_2024,2024-10-23,1314,LOJA 1314,57912,LORATAMED D XPE 60ML,51356,0,,1.0,9.0,23.87,27.81,13.67,1.0,0.0,0.0,0.0,0.0,2.0,26.58,0,static
test_q4_2024,2024-10-24,1314,LOJA 1314,57912,LORATAMED D XPE 60ML,51356,0,,1.0,9.0,23.87,27.81,13.67,1.0,0.0,0.0,0.0,0.0,2.0,26.58,0,static
test_q4_2024,2024-10-25,1314,LOJA 1314,57912,LORATAMED D XPE 60ML,51356,0,,1.0,9.0,23.87,27.81,13.67,1.0,0.0,0.0,0.0,0.0,2.0,26.58,0,static
test_q4_2024,2024-10-26,1314,LOJA 1314,57912,LORATAMED D XPE 60ML,51356,0,,1.0,9.0,23.87,27.81,13.67,1.0,0.0,0.0,0.0,0.0,2.0,26.58,0,static
test_q4_2024,2024-10-27,1314,LOJA 1314,57912,LORATAMED D XPE 60ML,51356,0,,1.0,9.0,23.87,27.81,13.67,1.0,0.0,0.0,0.0,0.0,,,0,static
test_q4_2024,2024-10-28,1314,LOJA 1314,57912,LORATAMED D XPE 60ML,51356,0,,1.0,9.0,23.87,27.81,13.67,1.0,0.0,0.0,0.0,0.0,2.0,26.58,0,static
test_q4_2024,2024-10-29,1314,LOJA 1314,57912,LORATAMED D XPE 60ML,51356,0,,1.0,9.0,23.87,27.81,13.67,1.0,0.0,0.0,0.0,0.0,2.0,26.58,0,static
test_q4_2024,2024-10-30,1314,LOJA 1314,57912,LORATAMED D XPE 60ML,51356,0,,1.0,9.0,23.87,27.81,13.67,1.0,0.0,0.0,0.0,0.0,2.0,26.58,0,static
test_q4_2024,2024-10-31,1314,LOJA 1314,57912,LORATAMED D XPE 60ML,51356,0,,1.0,9.0,23.87,27.81,13.67,1.0,0.0,0.0,0.0,0.0,2.0,26.58,0,static
test_q4_2024,2024-11-01,1314,LOJA 1314,57912,LORATAMED D XPE 60ML,51356,0,,1.0,9.0,23.87,27.81,13.67,1.0,0.0,0.0,0.0,0.0,2.0,26.58,0,static
test_q4_2024,2024-11-02,1314,LOJA 1314,57912,LORATAMED D XPE 60ML,51356,0,,1.0,9.0,23.87,27.81,13.67,1.0,0.0,0.0,0.0,0.0,2.0,26.58,0,static
test_q4_2024,2024-11-03,1314,LOJA 1314,57912,LORATAMED D XPE 60ML,51356,0,,1.0,9.0,23.87,27.81,13.67,1.0,0.0,0.0,0.0,0.0,,,0,static
test_q4_2024,2024-11-04,1314,LOJA 1314,57912,LORATAMED D XPE 60ML,51356,0,,1.0,9.0,23.87,27.81,13.67,1.0,0.0,0.0,0.0,0.0,2.0,26.58,0,static
test_q4_2024,2024-11-05,1314,LOJA 1314,57912,LORATAMED D XPE 60ML,51356,0,,1.0,9.0,23.87,27.81,13.67,1.0,0.0,0.0,0.0,0.0,2.0,26.58,0,static
test_q4_2024,2024-11-06,1314,LOJA 1314,57912,LORATAMED D XPE 60ML,51356,0,,1.0,9.0,23.87,27.81,13.67,1.0,0.0,0.0,0.0,0.0,2.0,26.58,0,static
test_q4_2024,2024-11-07,1314,LOJA 1314,57912,LORATAMED D XPE 60ML,51356,0,,1.0,9.0,23.87,27.81,13.67,1.0,0.0,0.0,0.0,0.0,2.0,26.58,0,static
test_q4_2024,2024-11-08,1314,LOJA 1314,57912,LORATAMED D XPE 60ML,51356,0,,1.0,9.0,23.87,27.81,13.67,1.0,0.0,0.0,0.0,0.0,2.0,26.58,0,static
test_q4_2024,2024-11-09,1314,LOJA 1314,57912,LORATAMED D XPE 60ML,51356,0,,1.0,9.0,23.87,27.81,13.67,1.0,0.0,0.0,0.0,0.0,2.0,26.58,0,static
test_q4_2024,2024-11-10,1314,LOJA 1314,57912,LORATAMED D XPE 60ML,51356,0,,1.0,9.0,23.87,27.81,13.67,1.0,0.0,0.0,0.0,0.0,,,0,static
test_q4_2024,2024-11-11,1314,LOJA 1314,57912,LORATAMED D XPE 60ML,51356,0,,1.0,9.0,23.87,27.81,13.67,1.0,0.0,0.0,0.0,0.0,2.0,26.58,0,static
test_q4_2024,2024-11-12,1314,LOJA 1314,57912,LORATAMED D XPE 60ML,51356,0,,1.0,9.0,23.87,27.81,13.67,1.0,0.0,0.0,0.0,0.0,2.0,26.58,0,static
test_q4_2024,2024-11-13,1314,LOJA 1314,57912,LORATAMED D XPE 60ML,51356,0,,1.0,9.0,23.87,27.81,13.67,1.0,0.0,0.0,0.0,0.0,2.0,26.58,0,static
test_q4_2024,2024-11-14,1314,LOJA 1314,57912,LORATAMED D XPE 60ML,51356,0,,1.0,9.0,23.87,27.81,13.67,1.0,0.0,0.0,0.0,0.0,2.0,26.58,0,static
test_q4_2024,2024-11-15,1314,LOJA 1314,57912,LORATAMED D XPE 60ML,51356,0,,1.0,9.0,23.87,27.81,13.67,1.0,0.0,0.0,0.0,0.0,2.0,26.58,0,static
test_q4_2024,2024-11-16,1314,LOJA 1314,57912,LORATAMED D XPE 60ML,51356,0,,1.0,9.0,23.87,27.81,13.67,1.0,0.0,0.0,0.0,0.0,2.0,26.58,0,static
test_q4_2024,2024-11-17,1314,LOJA 1314,57912,LORATAMED D XPE 60ML,51356,0,,1.0,9.0,23.87,27.81,13.67,1.0,0.0,0.0,0.0,0.0,,,0,static
test_q4_2024,2024-11-18,1314,LOJA 1314,57912,LORATAMED D XPE 60ML,51356,0,,1.0,9.0,23.87,27.81,13.67,1.0,0.0,0.0,0.0,0.0,2.0,26.58,0,static
test_q4_2024,2024-11-19,1314,LOJA 1314,57912,LORATAMED D XPE 60ML,51356,0,,1.0,9.0,23.87,27.81,13.67,1.0,0.0,0.0,0.0,0.0,2.0,26.58,0,static
test_q4_2024,2024-11-20,1314,LOJA 1314,57912,LORATAMED D XPE 60ML,51356,0,,1.0,9.0,23.87,27.81,13.67,1.0,0.0,0.0,0.0,0.0,2.0,26.58,0,static
test_q4_2024,2024-11-21,1314,LOJA 1314,57912,LORATAMED D XPE 60ML,51356,0,,1.0,9.0,23.87,27.81,13.67,1.0,0.0,0.0,0.0,0.0,2.0,26.58,0,static
test_q4_2024,2024-11-22,1314,LOJA 1314,57912,LORATAMED D XPE 60ML,51356,0,,1.0,9.0,23.87,27.81,13.67,1.0,0.0,0.0,0.0,0.0,2.0,26.58,0,static
test_q4_2024,2024-11-23,1314,LOJA 1314,57912,LORATAMED D XPE 60ML,51356,0,,1.0,9.0,23.87,27.81,13.67,1.0,0.0,0.0,0.0,0.0,2.0,26.58,0,static
test_q4_2024,2024-11-24,1314,LOJA 1314,57912,LORATAMED D XPE 60ML,51356,0,,1.0,9.0,23.87,27.81,13.67,1.0,0.0,0.0,0.0,0.0,,,0,static
test_q4_2024,2024-11-25,1314,LOJA 1314,57912,LORATAMED D XPE 60ML,51356,0,,1.0,9.0,23.87,27.81,13.67,1.0,0.0,0.0,0.0,0.0,2.0,26.58,0,static
test_q4_2024,2024-11-26,1314,LOJA 1314,57912,LORATAMED D XPE 60ML,51356,0,,1.0,9.0,23.87,27.81,13.67,1.0,0.0,0.0,0.0,0.0,2.0,26.58,0,static
test_q4_2024,2024-11-27,1314,LOJA 1314,57912,LORATAMED D XPE 60ML,51356,0,,1.0,9.0,23.87,27.81,13.67,1.0,0.0,0.0,0.0,0.0,2.0,26.58,0,static
test_q4_2024,2024-11-28,1314,LOJA 1314,57912,LORATAMED D XPE 60ML,51356,0,,1.0,9.0,23.87,27.81,13.67,1.0,0.0,0.0,0.0,0.0,2.0,26.58,0,static
test_q4_2024,2024-11-29,1314,LOJA 1314,57912,LORATAMED D XPE 60ML,51356,0,,1.0,9.0,23.87,27.81,13.67,1.0,0.0,0.0,0.0,0.0,2.0,26.58,0,static
test_q4_2024,2024-11-30,1314,LOJA 1314,57912,LORATAMED D XPE 60ML,51356,0,,1.0,9.0,23.87,27.81,13.67,1.0,0.0,0.0,0.0,0.0,2.0,26.58,0,static
test_q4_2024,2024-12-01,1314,LOJA 1314,57912,LORATAMED D XPE 60ML,51356,0,,1.0,9.0,23.87,27.81,13.67,1.0,0.0,0.0,0.0,0.0,,,0,static
test_q4_2024,2024-12-02,1314,LOJA 1314,57912,LORATAMED D XPE 60ML,51356,0,,1.0,9.0,23.87,27.81,13.67,1.0,0.0,0.0,0.0,0.0,2.0,26.58,0,static
test_q4_2024,2024-12-03,1314,LOJA 1314,57912,LORATAMED D XPE 60ML,51356,0,,1.0,9.0,23.87,27.81,13.67,1.0,0.0,0.0,0.0,0.0,2.0,26.58,0,static
test_q4_2024,2024-12-04,1314,LOJA 1314,57912,LORATAMED D XPE 60ML,51356,0,,1.0,9.0,23.87,27.81,13.67,1.0,0.0,0.0,0.0,0.0,2.0,26.58,0,static
test_q4_2024,2024-12-05,1314,LOJA 1314,57912,LORATAMED D XPE 60ML,51356,0,,1.0,9.0,23.87,27.81,13.67,1.0,0.0,0.0,0.0,0.0,2.0,26.58,0,static
test_q4_2024,2024-12-06,1314,LOJA 1314,57912,LORATAMED D XPE 60ML,51356,0,,1.0,9.0,23.87,27.81,13.67,1.0,0.0,0.0,0.0,0.0,2.0,26.58,0,static
test_q4_2024,2024-12-07,1314,LOJA 1314,57912,LORATAMED D XPE 60ML,51356,0,,1.0,9.0,23.87,27.81,13.67,1.0,0.0,0.0,0.0,0.0,2.0,26.58,0,static
test_q4_2024,2024-12-08,1314,LOJA 1314,57912,LORATAMED D XPE 60ML,51356,0,,1.0,9.0,23.87,27.81,13.67,1.0,0.0,0.0,0.0,0.0,,,0,static
test_q4_2024,2024-12-09,1314,LOJA 1314,57912,LORATAMED D XPE 60ML,51356,0,,1.0,9.0,23.87,27.81,13.67,1.0,0.0,0.0,0.0,0.0,2.0,26.58,0,static
test_q4_2024,2024-12-10,1314,LOJA 1314,57912,LORATAMED D XPE 60ML,51356,0,,1.0,9.0,23.87,27.81,13.67,1.0,0.0,0.0,0.0,0.0,2.0,26.58,0,static
test_q4_2024,2024-12-11,1314,LOJA 1314,57912,LORATAMED D XPE 60ML,51356,0,,1.0,9.0,23.87,27.81,13.67,1.0,0.0,0.0,0.0,0.0,2.0,26.58,0,static
test_q4_2024,2024-12-12,1314,LOJA 1314,57912,LORATAMED D XPE 60ML,51356,0,,1.0,9.0,23.87,27.81,13.67,1.0,0.0,0.0,0.0,0.0,2.0,26.58,0,static
test_q4_2024,2024-12-13,1314,LOJA 1314,57912,LORATAMED D XPE 60ML,51356,0,,1.0,9.0,23.87,27.81,13.67,1.0,0.0,0.0,0.0,0.0,2.0,26.58,0,static
test_q4_2024,2024-12-14,1314,LOJA 1314,57912,LORATAMED D XPE 60ML,51356,0,,1.0,9.0,23.87,27.81,13.67,1.0,0.0,0.0,0.0,0.0,2.0,26.58,0,static
test_q4_2024,2024-12-15,1314,LOJA 1314,57912,LORATAMED D XPE 60ML,51356,0,,1.0,9.0,23.87,27.81,13.67,1.0,0.0,0.0,0.0,0.0,,,0,static
test_q4_2024,2024-12-16,1314,LOJA 1314,57912,LORATAMED D XPE 60ML,51356,0,,1.0,9.0,23.87,27.81,13.67,1.0,0.0,0.0,0.0,0.0,2.0,26.58,0,static
test_q4_2024,2024-12-17,1314,LOJA 1314,57912,LORATAMED D XPE 60ML,51356,0,,1.0,9.0,23.87,27.81,13.67,1.0,0.0,0.0,0.0,0.0,2.0,26.58,0,static
test_q4_2024,2024-12-18,1314,LOJA 1314,57912,LORATAMED D XPE 60ML,51356,0,,1.0,9.0,23.87,27.81,13.67,1.0,0.0,0.0,0.0,0.0,2.0,26.58,0,static
test_q4_2024,2024-12-19,1314,LOJA 1314,57912,LORATAMED D XPE 60ML,51356,0,,1.0,9.0,23.87,27.81,13.67,1.0,0.0,0.0,0.0,0.0,2.0,26.58,0,static
test_q4_2024,2024-12-20,1314,LOJA 1314,57912,LORATAMED D XPE 60ML,51356,0,,1.0,9.0,23.87,27.81,13.67,1.0,0.0,0.0,0.0,0.0,2.0,26.58,0,static
test_q4_2024,2024-12-21,1314,LOJA 1314,57912,LORATAMED D XPE 60ML,51356,0,,1.0,9.0,23.87,27.81,13.67,1.0,0.0,0.0,0.0,0.0,2.0,26.58,0,static
test_q4_2024,2024-12-22,1314,LOJA 1314,57912,LORATAMED D XPE 60ML,51356,0,,1.0,9.0,23.87,27.81,13.67,1.0,0.0,0.0,0.0,0.0,,,0,static
test_q4_2024,2024-12-23,1314,LOJA 1314,57912,LORATAMED D XPE 60ML,51356,0,,1.0,9.0,23.87,27.81,13.67,1.0,0.0,0.0,0.0,0.0,2.0,26.58,0,static
test_q4_2024,2024-12-24,1314,LOJA 1314,57912,LORATAMED D XPE 60ML,51356,0,,1.0,9.0,23.87,27.81,13.67,1.0,0.0,0.0,0.0,0.0,2.0,26.58,0,static
test_q4_2024,2024-12-25,1314,LOJA 1314,57912,LORATAMED D XPE 60ML,51356,0,,1.0,9.0,23.87,27.81,13.67,1.0,0.0,0.0,0.0,0.0,2.0,26.58,0,static
test_q4_2024,2024-12-26,1314,LOJA 1314,57912,LORATAMED D XPE 60ML,51356,0,,1.0,9.0,23.87,27.81,13.67,1.0,0.0,0.0,0.0,0.0,2.0,26.58,0,static
test_q4_2024,2024-12-27,1314,LOJA 1314,57912,LORATAMED D XPE 60ML,51356,0,,1.0,9.0,23.87,27.81,13.67,1.0,0.0,0.0,0.0,0.0,2.0,26.58,0,static
test_q4_2024,2024-12-28,1314,LOJA 1314,57912,LORATAMED D XPE 60ML,51356,0,,1.0,9.0,23.87,27.81,13.67,1.0,0.0,0.0,0.0,0.0,2.0,26.58,0,static
test_q4_2024,2024-12-29,1314,LOJA 1314,57912,LORATAMED D XPE 60ML,51356,0,,1.0,9.0,23.87,27.81,13.67,1.0,0.0,0.0,0.0,0.0,,,0,static
test_q4_2024,2024-12-30,1314,LOJA 1314,57912,LORATAMED D XPE 60ML,51356,0,,1.0,9.0,23.87,27.81,13.67,1.0,0.0,0.0,0.0,0.0,2.0,26.58,0,static
test_q4_2024,2024-12-31,1314,LOJA 1314,57912,LORATAMED D XPE 60ML,51356,0,,1.0,9.0,23.87,27.81,13.67,1.0,0.0,0.0,0.0,0.0,2.0,26.58,0,static
test_q4_2024,2024-10-01,1314,LOJA 1314,58701,ABRILAR XAROPE L-MENTOL 200ML,87021,0,,1.0,9.0,65.43,78.99,55.87,1.0,0.0,0.0,0.0,0.0,2.0,116.7,0,static
test_q4_2024,2024-10-02,1314,LOJA 1314,58701,ABRILAR XAROPE L-MENTOL 200ML,87021,0,,1.0,9.0,65.43,78.99,55.87,1.0,0.0,0.0,0.0,0.0,2.0,116.7,0,static
test_q4_2024,2024-10-03,1314,LOJA 1314,58701,ABRILAR XAROPE L-MENTOL 200ML,87021,0,,1.0,9.0,65.43,78.99,55.87,1.0,0.0,0.0,0.0,0.0,2.0,116.7,0,static
test_q4_2024,2024-10-04,1314,LOJA 1314,58701,ABRILAR XAROPE L-MENTOL 200ML,87021,0,,1.0,9.0,65.43,78.99,55.87,1.0,0.0,0.0,0.0,0.0,2.0,116.7,0,static
test_q4_2024,2024-10-05,1314,LOJA 1314,58701,ABRILAR XAROPE L-MENTOL 200ML,87021,0,,1.0,9.0,65.43,78.99,55.87,1.0,0.0,0.0,0.0,0.0,2.0,116.7,0,static
test_q4_2024,2024-10-06,1314,LOJA 1314,58701,ABRILAR XAROPE L-MENTOL 200ML,87021,0,,1.0,9.0,65.43,78.99,55.87,1.0,0.0,0.0,0.0,0.0,,,0,static
test_q4_2024,2024-10-07,1314,LOJA 1314,58701,ABRILAR XAROPE L-MENTOL 200ML,87021,0,,1.0,9.0,65.43,78.99,55.87,1.0,0.0,0.0,0.0,0.0,2.0,116.7,0,static
test_q4_2024,2024-10-08,1314,LOJA 1314,58701,ABRILAR XAROPE L-MENTOL 200ML,87021,0,,1.0,9.0,65.43,78.99,55.87,1.0,0.0,0.0,0.0,0.0,2.0,116.7,0,static
test_q4_2024,2024-10-09,1314,LOJA 1314,58701,ABRILAR XAROPE L-MENTOL 200ML,87021,0,,1.0,9.0,65.43,78.99,55.87,1.0,0.0,0.0,0.0,0.0,2.0,116.7,0,static
test_q4_2024,2024-10-10,1314,LOJA 1314,58701,ABRILAR XAROPE L-MENTOL 200ML,87021,0,,1.0,9.0,65.43,78.99,55.87,1.0,0.0,0.0,0.0,0.0,2.0,116.7,0,static
test_q4_2024,2024-10-11,1314,LOJA 1314,58701,ABRILAR XAROPE L-MENTOL 200ML,87021,0,,1.0,9.0,65.43,78.99,55.87,1.0,0.0,0.0,0.0,0.0,2.0,116.7,0,static
test_q4_2024,2024-10-12,1314,LOJA 1314,58701,ABRILAR XAROPE L-MENTOL 200ML,87021,0,,1.0,9.0,65.43,78.99,55.87,1.0,0.0,0.0,0.0,0.0,2.0,116.7,0,static
test_q4_2024,2024-10-13,1314,LOJA 1314,58701,ABRILAR XAROPE L-MENTOL 200ML,87021,0,,1.0,9.0,65.43,78.99,55.87,1.0,0.0,0.0,0.0,0.0,,,0,static
test_q4_2024,2024-10-14,1314,LOJA 1314,58701,ABRILAR XAROPE L-MENTOL 200ML,87021,0,,1.0,9.0,65.43,78.99,55.87,1.0,0.0,0.0,0.0,0.0,2.0,116.7,0,static
test_q4_2024,2024-10-15,1314,LOJA 1314,58701,ABRILAR XAROPE L-MENTOL 200ML,87021,0,,1.0,9.0,65.43,78.99,55.87,1.0,0.0,0.0,0.0,0.0,2.0,116.7,0,static
test_q4_2024,2024-10-16,1314,LOJA 1314,58701,ABRILAR XAROPE L-MENTOL 200ML,87021,0,,1.0,9.0,65.43,78.99,55.87,1.0,0.0,0.0,0.0,0.0,2.0,116.7,0,static
test_q4_2024,2024-10-17,1314,LOJA 1314,58701,ABRILAR XAROPE L-MENTOL 200ML,87021,0,,1.0,9.0,65.43,78.99,55.87,1.0,0.0,0.0,0.0,0.0,2.0,116.7,0,static
test_q4_2024,2024-10-18,1314,LOJA 1314,58701,ABRILAR XAROPE L-MENTOL 200ML,87021,0,,1.0,9.0,65.43,78.99,55.87,1.0,0.0,0.0,0.0,0.0,1.0,58.35,0,static
test_q4_2024,2024-10-19,1314,LOJA 1314,58701,ABRILAR XAROPE L-MENTOL 200ML,87021,0,,1.0,9.0,65.43,78.99,55.87,1.0,0.0,0.0,0.0,0.0,1.0,58.35,0,static
test_q4_2024,2024-10-20,1314,LOJA 1314,58701,ABRILAR XAROPE L-MENTOL 200ML,87021,0,,1.0,9.0,65.43,78.99,55.87,1.0,0.0,0.0,0.0,0.0,,,0,static
test_q4_2024,2024-10-21,1314,LOJA 1314,58701,ABRILAR XAROPE L-MENTOL 200ML,87021,0,,1.0,9.0,65.43,78.99,55.87,1.0,0.0,0.0,0.0,0.0,1.0,58.35,0,static
test_q4_2024,2024-10-22,1314,LOJA 1314,58701,ABRILAR XAROPE L-MENTOL 200ML,87021,0,,1.0,9.0,65.43,78.99,55.87,1.0,0.0,0.0,0.0,0.0,1.0,58.35,0,static
test_q4_2024,2024-10-23,1314,LOJA 1314,58701,ABRILAR XAROPE L-MENTOL 200ML,87021,0,,1.0,9.0,65.43,78.99,55.87,1.0,0.0,0.0,0.0,0.0,1.0,58.35,0,static
test_q4_2024,2024-10-24,1314,LOJA 1314,58701,ABRILAR XAROPE L-MENTOL 200ML,87021,0,,1.0,9.0,65.43,78.99,55.87,1.0,0.0,0.0,0.0,0.0,1.0,58.35,0,static
test_q4_2024,2024-10-25,1314,LOJA 1314,58701,ABRILAR XAROPE L-MENTOL 200ML,87021,0,,1.0,9.0,65.43,78.99,55.87,1.0,0.0,0.0,0.0,0.0,1.0,58.35,0,static
test_q4_2024,2024-10-26,1314,LOJA 1314,58701,ABRILAR XAROPE L-MENTOL 200ML,87021,0,,1.0,9.0,65.43,78.99,55.87,1.0,0.0,0.0,0.0,0.0,1.0,58.35,0,static
test_q4_2024,2024-10-27,1314,LOJA 1314,58701,ABRILAR XAROPE L-MENTOL 200ML,87021,0,,1.0,9.0,65.43,78.99,55.87,1.0,0.0,0.0,0.0,0.0,,,0,static
test_q4_2024,2024-10-28,1314,LOJA 1314,58701,ABRILAR XAROPE L-MENTOL 200ML,87021,0,,1.0,9.0,65.43,78.99,55.87,1.0,0.0,0.0,0.0,0.0,1.0,58.35,0,static
test_q4_2024,2024-10-29,1314,LOJA 1314,58701,ABRILAR XAROPE L-MENTOL 200ML,87021,0,,1.0,9.0,65.43,78.99,55.87,1.0,0.0,0.0,0.0,0.0,1.0,58.35,0,static
test_q4_2024,2024-10-30,1314,LOJA 1314,58701,ABRILAR XAROPE L-MENTOL 200ML,87021,0,,1.0,9.0,65.43,78.99,55.87,1.0,0.0,0.0,0.0,0.0,1.0,58.35,0,static
test_q4_2024,2024-10-31,1314,LOJA 1314,58701,ABRILAR XAROPE L-MENTOL 200ML,87021,0,,1.0,9.0,65.43,78.99,55.87,1.0,0.0,0.0,0.0,0.0,1.0,58.35,0,static
test_q4_2024,2024-11-01,1314,LOJA 1314,58701,ABRILAR XAROPE L-MENTOL 200ML,87021,0,,1.0,9.0,65.43,78.99,55.87,1.0,0.0,0.0,0.0,0.0,1.0,58.35,0,static
test_q4_2024,2024-11-02,1314,LOJA 1314,58701,ABRILAR XAROPE L-MENTOL 200ML,87021,0,,1.0,9.0,65.43,78.99,55.87,1.0,0.0,0.0,0.0,0.0,1.0,58.35,0,static
test_q4_2024,2024-11-03,1314,LOJA 1314,58701,ABRILAR XAROPE L-MENTOL 200ML,87021,0,,1.0,9.0,65.43,78.99,55.87,1.0,0.0,0.0,0.0,0.0,,,0,static
test_q4_2024,2024-11-04,1314,LOJA 1314,58701,ABRILAR XAROPE L-MENTOL 200ML,87021,0,,1.0,9.0,65.43,78.99,55.87,1.0,0.0,0.0,0.0,0.0,1.0,58.35,0,static
test_q4_2024,2024-11-05,1314,LOJA 1314,58701,ABRILAR XAROPE L-MENTOL 200ML,87021,0,,1.0,9.0,65.43,78.99,55.87,1.0,0.0,0.0,0.0,0.0,1.0,58.35,0,static
test_q4_2024,2024-11-06,1314,LOJA 1314,58701,ABRILAR XAROPE L-MENTOL 200ML,87021,0,,1.0,9.0,65.43,78.99,55.87,1.0,0.0,0.0,0.0,0.0,1.0,58.35,0,static
test_q4_2024,2024-11-07,1314,LOJA 1314,58701,ABRILAR XAROPE L-MENTOL 200ML,87021,0,,1.0,9.0,65.43,78.99,55.87,1.0,0.0,0.0,0.0,0.0,1.0,58.35,0,static
test_q4_2024,2024-11-08,1314,LOJA 1314,58701,ABRILAR XAROPE L-MENTOL 200ML,87021,0,,1.0,9.0,65.43,78.99,55.87,1.0,0.0,0.0,0.0,0.0,1.0,58.35,0,static
test_q4_2024,2024-11-09,1314,LOJA 1314,58701,ABRILAR XAROPE L-MENTOL 200ML,87021,0,,1.0,9.0,65.43,78.99,55.87,1.0,0.0,0.0,0.0,0.0,1.0,58.35,0,static
test_q4_2024,2024-11-10,1314,LOJA 1314,58701,ABRILAR XAROPE L-MENTOL 200ML,87021,0,,1.0,9.0,65.43,78.99,55.87,1.0,0.0,0.0,0.0,0.0,,,0,static
test_q4_2024,2024-11-11,1314,LOJA 1314,58701,ABRILAR XAROPE L-MENTOL 200ML,87021,0,,1.0,9.0,65.43,78.99,55.87,1.0,0.0,0.0,0.0,0.0,1.0,58.35,0,static
test_q4_2024,2024-11-12,1314,LOJA 1314,58701,ABRILAR XAROPE L-MENTOL 200ML,87021,0,,1.0,9.0,65.43,78.99,55.87,1.0,0.0,0.0,0.0,0.0,1.0,58.35,0,static
test_q4_2024,2024-11-13,1314,LOJA 1314,58701,ABRILAR XAROPE L-MENTOL 200ML,87021,0,,1.0,9.0,65.43,78.99,55.87,1.0,0.0,0.0,0.0,0.0,1.0,58.35,0,static
test_q4_2024,2024-11-14,1314,LOJA 1314,58701,ABRILAR XAROPE L-MENTOL 200ML,87021,0,,1.0,9.0,65.43,78.99,55.87,1.0,0.0,0.0,0.0,0.0,1.0,58.35,0,static
test_q4_2024,2024-11-15,1314,LOJA 1314,58701,ABRILAR XAROPE L-MENTOL 200ML,87021,0,,1.0,9.0,65.43,78.99,55.87,1.0,0.0,0.0,0.0,0.0,2.0,116.7,0,static
test_q4_2024,2024-11-16,1314,LOJA 1314,58701,ABRILAR XAROPE L-MENTOL 200ML,87021,0,,1.0,9.0,65.43,78.99,55.87,1.0,0.0,0.0,0.0,0.0,2.0,116.7,0,static
test_q4_2024,2024-11-17,1314,LOJA 1314,58701,ABRILAR XAROPE L-MENTOL 200ML,87021,0,,1.0,9.0,65.43,78.99,55.87,1.0,0.0,0.0,0.0,0.0,,,0,static
test_q4_2024,2024-11-18,1314,LOJA 1314,58701,ABRILAR XAROPE L-MENTOL 200ML,87021,0,,1.0,9.0,65.43,78.99,55.87,1.0,0.0,0.0,0.0,0.0,2.0,116.7,0,static
test_q4_2024,2024-11-19,1314,LOJA 1314,58701,ABRILAR XAROPE L-MENTOL 200ML,87021,0,,1.0,9.0,65.43,78.99,55.87,1.0,0.0,0.0,0.0,0.0,2.0,116.7,0,static
test_q4_2024,2024-11-20,1314,LOJA 1314,58701,ABRILAR XAROPE L-MENTOL 200ML,87021,0,,1.0,9.0,65.43,78.99,55.87,1.0,0.0,0.0,0.0,0.0,2.0,116.7,0,static
test_q4_2024,2024-11-21,1314,LOJA 1314,58701,ABRILAR XAROPE L-MENTOL 200ML,87021,0,,1.0,9.0,65.43,78.99,55.87,1.0,0.0,0.0,0.0,0.0,2.0,116.7,0,static
test_q4_2024,2024-11-22,1314,LOJA 1314,58701,ABRILAR XAROPE L-MENTOL 200ML,87021,0,,1.0,9.0,65.43,78.99,55.87,1.0,0.0,0.0,0.0,0.0,2.0,116.7,0,static
test_q4_2024,2024-11-23,1314,LOJA 1314,58701,ABRILAR XAROPE L-MENTOL 200ML,87021,0,,1.0,9.0,65.43,78.99,55.87,1.0,0.0,0.0,0.0,0.0,2.0,116.7,0,static
test_q4_2024,2024-11-24,1314,LOJA 1314,58701,ABRILAR XAROPE L-MENTOL 200ML,87021,0,,1.0,9.0,65.43,78.99,55.87,1.0,0.0,0.0,0.0,0.0,,,0,static
test_q4_2024,2024-11-25,1314,LOJA 1314,58701,ABRILAR XAROPE L-MENTOL 200ML,87021,0,,1.0,9.0,65.43,78.99,55.87,1.0,0.0,0.0,0.0,0.0,2.0,116.7,0,static
test_q4_2024,2024-11-26,1314,LOJA 1314,58701,ABRILAR XAROPE L-MENTOL 200ML,87021,0,,1.0,9.0,65.43,78.99,55.87,1.0,0.0,0.0,0.0,0.0,2.0,116.7,0,static
test_q4_2024,2024-11-27,1314,LOJA 1314,58701,ABRILAR XAROPE L-MENTOL 200ML,87021,0,,1.0,9.0,65.43,78.99,55.87,1.0,0.0,0.0,0.0,0.0,2.0,116.7,0,static
test_q4_2024,2024-11-28,1314,LOJA 1314,58701,ABRILAR XAROPE L-MENTOL 200ML,87021,0,,1.0,9.0,65.43,78.99,55.87,1.0,0.0,0.0,0.0,0.0,2.0,116.7,0,static
test_q4_2024,2024-11-29,1314,LOJA 1314,58701,ABRILAR XAROPE L-MENTOL 200ML,87021,0,,1.0,9.0,65.43,78.99,55.87,1.0,0.0,0.0,0.0,0.0,2.0,116.7,0,static
test_q4_2024,2024-11-30,1314,LOJA 1314,58701,ABRILAR XAROPE L-MENTOL 200ML,87021,0,,1.0,9.0,65.43,78.99,55.87,1.0,0.0,0.0,0.0,0.0,2.0,116.7,0,static
test_q4_2024,2024-12-01,1314,LOJA 1314,58701,ABRILAR XAROPE L-MENTOL 200ML,87021,0,,1.0,9.0,65.43,78.99,55.87,1.0,0.0,0.0,0.0,0.0,,,0,static
test_q4_2024,2024-12-02,1314,LOJA 1314,58701,ABRILAR XAROPE L-MENTOL 200ML,87021,0,,1.0,9.0,65.43,78.99,55.87,1.0,0.0,0.0,0.0,0.0,2.0,116.7,0,static
test_q4_2024,2024-12-03,1314,LOJA 1314,58701,ABRILAR XAROPE L-MENTOL 200ML,87021,0,,1.0,9.0,65.43,78.99,55.87,1.0,0.0,0.0,0.0,0.0,2.0,116.7,0,static
test_q4_2024,2024-12-04,1314,LOJA 1314,58701,ABRILAR XAROPE L-MENTOL 200ML,87021,0,,1.0,9.0,65.43,78.99,55.87,1.0,0.0,0.0,0.0,0.0,2.0,116.7,0,static
test_q4_2024,2024-12-05,1314,LOJA 1314,58701,ABRILAR XAROPE L-MENTOL 200ML,87021,0,,1.0,9.0,65.43,78.99,55.87,1.0,0.0,0.0,0.0,0.0,2.0,116.7,0,static
test_q4_2024,2024-12-06,1314,LOJA 1314,58701,ABRILAR XAROPE L-MENTOL 200ML,87021,0,,1.0,9.0,65.43,78.99,55.87,1.0,0.0,0.0,0.0,0.0,2.0,116.7,0,static
test_q4_2024,2024-12-07,1314,LOJA 1314,58701,ABRILAR XAROPE L-MENTOL 200ML,87021,0,,1.0,9.0,65.43,78.99,55.87,1.0,0.0,0.0,0.0,0.0,2.0,116.7,0,static
test_q4_2024,2024-12-08,1314,LOJA 1314,58701,ABRILAR XAROPE L-MENTOL 200ML,87021,0,,1.0,9.0,65.43,78.99,55.87,1.0,0.0,0.0,1.0,1.0,,,0,static
test_q4_2024,2024-12-09,1314,LOJA 1314,58701,ABRILAR XAROPE L-MENTOL 200ML,87021,0,,1.0,9.0,65.43,78.99,55.87,1.0,0.0,0.0,0.0,0.0,2.0,116.7,0,static
test_q4_2024,2024-12-10,1314,LOJA 1314,58701,ABRILAR XAROPE L-MENTOL 200ML,87021,0,,1.0,9.0,65.43,78.99,55.87,1.0,0.0,0.0,0.0,0.0,1.0,58.35,0,static
test_q4_2024,2024-12-11,1314,LOJA 1314,58701,ABRILAR XAROPE L-MENTOL 200ML,87021,0,,1.0,9.0,65.43,78.99,55.87,1.0,0.0,0.0,0.0,0.0,1.0,58.35,0,static
test_q4_2024,2024-12-12,1314,LOJA 1314,58701,ABRILAR XAROPE L-MENTOL 200ML,87021,0,,1.0,9.0,65.43,78.99,55.87,1.0,0.0,0.0,0.0,0.0,1.0,58.35,0,static
test_q4_2024,2024-12-13,1314,LOJA 1314,58701,ABRILAR XAROPE L-MENTOL 200ML,87021,0,,1.0,9.0,65.43,78.99,55.87,1.0,0.0,0.0,0.0,0.0,1.0,58.35,0,static
test_q4_2024,2024-12-14,1314,LOJA 1314,58701,ABRILAR XAROPE L-MENTOL 200ML,87021,0,,1.0,9.0,65.43,78.99,55.87,1.0,0.0,0.0,0.0,0.0,1.0,58.35,0,static
test_q4_2024,2024-12-15,1314,LOJA 1314,58701,ABRILAR XAROPE L-MENTOL 200ML,87021,0,,1.0,9.0,65.43,78.99,55.87,1.0,0.0,0.0,0.0,0.0,,,0,static
test_q4_2024,2024-12-16,1314,LOJA 1314,58701,ABRILAR XAROPE L-MENTOL 200ML,87021,0,,1.0,9.0,65.43,78.99,55.87,1.0,0.0,0.0,0.0,0.0,1.0,58.35,0,static
test_q4_2024,2024-12-17,1314,LOJA 1314,58701,ABRILAR XAROPE L-MENTOL 200ML,87021,0,,1.0,9.0,65.43,78.99,55.87,1.0,0.0,0.0,0.0,0.0,1.0,58.35,0,static
test_q4_2024,2024-12-18,1314,LOJA 1314,58701,ABRILAR XAROPE L-MENTOL 200ML,87021,0,,1.0,9.0,65.43,78.99,55.87,1.0,0.0,0.0,0.0,0.0,1.0,58.35,0,static
test_q4_2024,2024-12-19,1314,LOJA 1314,58701,ABRILAR XAROPE L-MENTOL 200ML,87021,0,,1.0,9.0,65.43,78.99,55.87,1.0,0.0,0.0,0.0,0.0,1.0,58.35,0,static
test_q4_2024,2024-12-20,1314,LOJA 1314,58701,ABRILAR XAROPE L-MENTOL 200ML,87021,0,,1.0,9.0,65.43,78.99,55.87,1.0,0.0,0.0,0.0,0.0,1.0,58.35,0,static
test_q4_2024,2024-12-21,1314,LOJA 1314,58701,ABRILAR XAROPE L-MENTOL 200ML,87021,0,,1.0,9.0,65.43,78.99,55.87,1.0,0.0,0.0,0.0,0.0,1.0,58.35,0,static
test_q4_2024,2024-12-22,1314,LOJA 1314,58701,ABRILAR XAROPE L-MENTOL 200ML,87021,0,,1.0,9.0,65.43,78.99,55.87,1.0,0.0,0.0,0.0,0.0,,,0,static
test_q4_2024,2024-12-23,1314,LOJA 1314,58701,ABRILAR XAROPE L-MENTOL 200ML,87021,0,,1.0,9.0,65.43,78.99,55.87,1.0,0.0,0.0,0.0,0.0,1.0,58.35,0,static
test_q4_2024,2024-12-24,1314,LOJA 1314,58701,ABRILAR XAROPE L-MENTOL 200ML,87021,0,,1.0,9.0,65.43,78.99,55.87,1.0,0.0,0.0,0.0,0.0,1.0,58.35,0,static
test_q4_2024,2024-12-25,1314,LOJA 1314,58701,ABRILAR XAROPE L-MENTOL 200ML,87021,0,,1.0,9.0,65.43,78.99,55.87,1.0,0.0,0.0,0.0,0.0,1.0,58.35,0,static
test_q4_2024,2024-12-26,1314,LOJA 1314,58701,ABRILAR XAROPE L-MENTOL 200ML,87021,0,,1.0,9.0,65.43,78.99,55.87,1.0,0.0,0.0,0.0,0.0,1.0,58.35,0,static
test_q4_2024,2024-12-27,1314,LOJA 1314,58701,ABRILAR XAROPE L-MENTOL 200ML,87021,0,,1.0,9.0,65.43,78.99,55.87,1.0,0.0,0.0,0.0,0.0,1.0,58.35,0,static
test_q4_2024,2024-12-28,1314,LOJA 1314,58701,ABRILAR XAROPE L-MENTOL 200ML,87021,0,,1.0,9.0,65.43,78.99,55.87,1.0,0.0,0.0,0.0,0.0,1.0,58.35,0,static
test_q4_2024,2024-12-29,1314,LOJA 1314,58701,ABRILAR XAROPE L-MENTOL 200ML,87021,0,,1.0,9.0,65.43,78.99,55.87,1.0,0.0,0.0,0.0,0.0,,,0,static
test_q4_2024,2024-12-30,1314,LOJA 1314,58701,ABRILAR XAROPE L-MENTOL 200ML,87021,0,,1.0,9.0,65.43,78.99,55.87,1.0,0.0,0.0,0.0,0.0,1.0,58.35,0,static
test_q4_2024,2024-12-31,1314,LOJA 1314,58701,ABRILAR XAROPE L-MENTOL 200ML,87021,0,,1.0,9.0,65.43,78.99,55.87,1.0,0.0,0.0,0.0,0.0,1.0,58.35,0,static
test_q4_2024,2024-10-01,1314,LOJA 1314,62364,ALOFF XPE 60ML + SER,101141,0,,1.0,9.0,36.45,43.95,34.49,1.0,0.0,0.0,0.0,0.0,1.0,34.49,0,static
test_q4_2024,2024-10-02,1314,LOJA 1314,62364,ALOFF XPE 60ML + SER,101141,0,,1.0,9.0,36.45,43.95,34.49,1.0,0.0,0.0,0.0,0.0,1.0,34.49,0,static
test_q4_2024,2024-10-03,1314,LOJA 1314,62364,ALOFF XPE 60ML + SER,101141,0,,1.0,9.0,36.45,43.95,34.49,1.0,0.0,0.0,0.0,0.0,1.0,34.49,0,static
test_q4_2024,2024-10-04,1314,LOJA 1314,62364,ALOFF XPE 60ML + SER,101141,0,,1.0,9.0,36.45,43.95,34.49,1.0,0.0,0.0,0.0,0.0,1.0,34.49,0,static
test_q4_2024,2024-10-05,1314,LOJA 1314,62364,ALOFF XPE 60ML + SER,101141,0,,1.0,9.0,36.45,43.95,34.49,1.0,0.0,0.0,0.0,0.0,1.0,34.49,0,static
test_q4_2024,2024-10-06,1314,LOJA 1314,62364,ALOFF XPE 60ML + SER,101141,0,,1.0,9.0,36.45,43.95,34.49,1.0,0.0,0.0,0.0,0.0,,,0,static
test_q4_2024,2024-10-07,1314,LOJA 1314,62364,ALOFF XPE 60ML + SER,101141,0,,1.0,9.0,36.45,43.95,34.49,1.0,0.0,0.0,0.0,0.0,1.0,34.49,0,static
test_q4_2024,2024-10-08,1314,LOJA 1314,62364,ALOFF XPE 60ML + SER,101141,0,,1.0,9.0,36.45,43.95,34.49,1.0,0.0,0.0,0.0,0.0,1.0,34.49,0,static
test_q4_2024,2024-10-09,1314,LOJA 1314,62364,ALOFF XPE 60ML + SER,101141,0,,1.0,9.0,36.45,43.95,34.49,1.0,0.0,0.0,0.0,0.0,1.0,34.49,0,static
test_q4_2024,2024-10-10,1314,LOJA 1314,62364,ALOFF XPE 60ML + SER,101141,0,,1.0,9.0,36.45,43.95,34.49,1.0,0.0,0.0,0.0,0.0,1.0,34.49,0,static
test_q4_2024,2024-10-11,1314,LOJA 1314,62364,ALOFF XPE 60ML + SER,101141,0,,1.0,9.0,36.45,43.95,34.49,1.0,0.0,0.0,0.0,0.0,1.0,34.49,0,static
test_q4_2024,2024-10-12,1314,LOJA 1314,62364,ALOFF XPE 60ML + SER,101141,0,,1.0,9.0,36.45,43.95,34.49,1.0,0.0,0.0,0.0,0.0,1.0,34.49,0,static
test_q4_2024,2024-10-13,1314,LOJA 1314,62364,ALOFF XPE 60ML + SER,101141,0,,1.0,9.0,36.45,43.95,34.49,1.0,0.0,0.0,0.0,0.0,,,0,static
test_q4_2024,2024-10-14,1314,LOJA 1314,62364,ALOFF XPE 60ML + SER,101141,0,,1.0,9.0,36.45,43.95,34.49,1.0,0.0,0.0,0.0,0.0,1.0,34.49,0,static
test_q4_2024,2024-10-15,1314,LOJA 1314,62364,ALOFF XPE 60ML + SER,101141,0,,1.0,9.0,36.45,43.95,34.49,1.0,0.0,0.0,0.0,0.0,1.0,34.49,0,static
test_q4_2024,2024-10-16,1314,LOJA 1314,62364,ALOFF XPE 60ML + SER,101141,0,,1.0,9.0,36.45,43.95,34.49,1.0,0.0,0.0,0.0,0.0,1.0,34.49,0,static
test_q4_2024,2024-10-17,1314,LOJA 1314,62364,ALOFF XPE 60ML + SER,101141,0,,1.0,9.0,36.45,43.95,34.49,1.0,0.0,0.0,0.0,0.0,1.0,34.49,0,static
test_q4_2024,2024-10-18,1314,LOJA 1314,62364,ALOFF XPE 60ML + SER,101141,0,,1.0,9.0,36.45,43.95,34.49,1.0,0.0,0.0,0.0,0.0,1.0,34.49,0,static
test_q4_2024,2024-10-19,1314,LOJA 1314,62364,ALOFF XPE 60ML + SER,101141,0,,1.0,9.0,36.45,43.95,34.49,1.0,0.0,0.0,0.0,0.0,1.0,34.49,0,static
test_q4_2024,2024-10-20,1314,LOJA 1314,62364,ALOFF XPE 60ML + SER,101141,0,,1.0,9.0,36.45,43.95,34.49,1.0,0.0,0.0,0.0,0.0,,,0,static
test_q4_2024,2024-10-21,1314,LOJA 1314,62364,ALOFF XPE 60ML + SER,101141,0,,1.0,9.0,36.45,43.95,34.49,1.0,0.0,0.0,0.0,0.0,1.0,34.49,0,static
test_q4_2024,2024-10-22,1314,LOJA 1314,62364,ALOFF XPE 60ML + SER,101141,0,,1.0,9.0,36.45,43.95,34.49,1.0,0.0,0.0,0.0,0.0,1.0,34.49,0,static
test_q4_2024,2024-10-23,1314,LOJA 1314,62364,ALOFF XPE 60ML + SER,101141,0,,1.0,9.0,36.45,43.95,34.49,1.0,0.0,0.0,0.0,0.0,1.0,34.49,0,static
test_q4_2024,2024-10-24,1314,LOJA 1314,62364,ALOFF XPE 60ML + SER,101141,0,,1.0,9.0,36.45,43.95,34.49,1.0,0.0,0.0,0.0,0.0,1.0,34.49,0,static
test_q4_2024,2024-10-25,1314,LOJA 1314,62364,ALOFF XPE 60ML + SER,101141,0,,1.0,9.0,36.45,43.95,34.49,1.0,0.0,0.0,0.0,0.0,1.0,34.49,0,static
test_q4_2024,2024-10-26,1314,LOJA 1314,62364,ALOFF XPE 60ML + SER,101141,0,,1.0,9.0,36.45,43.95,34.49,1.0,0.0,0.0,0.0,0.0,1.0,34.49,0,static
test_q4_2024,2024-10-27,1314,LOJA 1314,62364,ALOFF XPE 60ML + SER,101141,0,,1.0,9.0,36.45,43.95,34.49,1.0,0.0,0.0,0.0,0.0,,,0,static
test_q4_2024,2024-10-28,1314,LOJA 1314,62364,ALOFF XPE 60ML + SER,101141,0,,1.0,9.0,36.45,43.95,34.49,1.0,0.0,0.0,0.0,0.0,1.0,34.49,0,static
test_q4_2024,2024-10-29,1314,LOJA 1314,62364,ALOFF XPE 60ML + SER,101141,0,,1.0,9.0,36.45,43.95,34.49,1.0,0.0,0.0,0.0,0.0,1.0,34.49,0,static
test_q4_2024,2024-10-30,1314,LOJA 1314,62364,ALOFF XPE 60ML + SER,101141,0,,1.0,9.0,36.45,43.95,34.49,1.0,0.0,0.0,0.0,0.0,1.0,34.49,0,static
test_q4_2024,2024-10-31,1314,LOJA 1314,62364,ALOFF XPE 60ML + SER,101141,0,,1.0,9.0,36.45,43.95,34.49,1.0,0.0,0.0,0.0,0.0,1.0,34.49,0,static
test_q4_2024,2024-11-01,1314,LOJA 1314,62364,ALOFF XPE 60ML + SER,101141,0,,1.0,9.0,36.45,43.95,34.49,1.0,0.0,0.0,0.0,0.0,1.0,34.49,0,static
test_q4_2024,2024-11-02,1314,LOJA 1314,62364,ALOFF XPE 60ML + SER,101141,0,,1.0,9.0,36.45,43.95,34.49,1.0,0.0,0.0,0.0,0.0,1.0,34.49,0,static
test_q4_2024,2024-11-03,1314,LOJA 1314,62364,ALOFF XPE 60ML + SER,101141,0,,1.0,9.0,36.45,43.95,34.49,1.0,0.0,0.0,0.0,0.0,,,0,static
test_q4_2024,2024-11-04,1314,LOJA 1314,62364,ALOFF XPE 60ML + SER,101141,0,,1.0,9.0,36.45,43.95,34.49,1.0,0.0,0.0,0.0,0.0,1.0,34.49,0,static
test_q4_2024,2024-11-05,1314,LOJA 1314,62364,ALOFF XPE 60ML + SER,101141,0,,1.0,9.0,36.45,43.95,34.49,1.0,0.0,0.0,0.0,0.0,1.0,34.49,0,static
test_q4_2024,2024-11-06,1314,LOJA 1314,62364,ALOFF XPE 60ML + SER,101141,0,,1.0,9.0,36.45,43.95,34.49,1.0,0.0,0.0,0.0,0.0,1.0,34.49,0,static
test_q4_2024,2024-11-07,1314,LOJA 1314,62364,ALOFF XPE 60ML + SER,101141,0,,1.0,9.0,36.45,43.95,34.49,1.0,0.0,0.0,0.0,0.0,1.0,34.49,0,static
test_q4_2024,2024-11-08,1314,LOJA 1314,62364,ALOFF XPE 60ML + SER,101141,0,,1.0,9.0,36.45,43.95,34.49,1.0,0.0,0.0,0.0,0.0,1.0,34.49,0,static
test_q4_2024,2024-11-09,1314,LOJA 1314,62364,ALOFF XPE 60ML + SER,101141,0,,1.0,9.0,36.45,43.95,34.49,1.0,0.0,0.0,0.0,0.0,1.0,34.49,0,static
test_q4_2024,2024-11-10,1314,LOJA 1314,62364,ALOFF XPE 60ML + SER,101141,0,,1.0,9.0,36.45,43.95,34.49,1.0,0.0,0.0,0.0,0.0,,,0,static
test_q4_2024,2024-11-11,1314,LOJA 1314,62364,ALOFF XPE 60ML + SER,101141,0,,1.0,9.0,36.45,43.95,34.49,1.0,0.0,0.0,0.0,0.0,1.0,34.49,0,static
test_q4_2024,2024-11-12,1314,LOJA 1314,62364,ALOFF XPE 60ML + SER,101141,0,,1.0,9.0,36.45,43.95,34.49,1.0,0.0,0.0,0.0,0.0,1.0,34.49,0,static
test_q4_2024,2024-11-13,1314,LOJA 1314,62364,ALOFF XPE 60ML + SER,101141,0,,1.0,9.0,36.45,43.95,34.49,1.0,0.0,0.0,0.0,0.0,1.0,34.49,0,static
test_q4_2024,2024-11-14,1314,LOJA 1314,62364,ALOFF XPE 60ML + SER,101141,0,,1.0,9.0,36.45,43.95,34.49,1.0,0.0,0.0,0.0,0.0,1.0,34.49,0,static
test_q4_2024,2024-11-15,1314,LOJA 1314,62364,ALOFF XPE 60ML + SER,101141,0,,1.0,9.0,36.45,43.95,34.49,1.0,0.0,0.0,0.0,0.0,1.0,34.49,0,static
test_q4_2024,2024-11-16,1314,LOJA 1314,62364,ALOFF XPE 60ML + SER,101141,0,,1.0,9.0,36.45,43.95,34.49,1.0,0.0,0.0,0.0,0.0,1.0,34.49,0,static
test_q4_2024,2024-11-17,1314,LOJA 1314,62364,ALOFF XPE 60ML + SER,101141,0,,1.0,9.0,36.45,43.95,34.49,1.0,0.0,0.0,0.0,0.0,,,0,static
test_q4_2024,2024-11-18,1314,LOJA 1314,62364,ALOFF XPE 60ML + SER,101141,0,,1.0,9.0,36.45,43.95,34.49,1.0,0.0,0.0,0.0,0.0,1.0,34.49,0,static
test_q4_2024,2024-11-19,1314,LOJA 1314,62364,ALOFF XPE 60ML + SER,101141,0,,1.0,9.0,36.45,43.95,34.49,1.0,0.0,0.0,0.0,0.0,1.0,34.49,0,static
test_q4_2024,2024-11-20,1314,LOJA 1314,62364,ALOFF XPE 60ML + SER,101141,0,,1.0,9.0,36.45,43.95,34.49,1.0,0.0,0.0,0.0,0.0,1.0,34.49,0,static
test_q4_2024,2024-11-21,1314,LOJA 1314,62364,ALOFF XPE 60ML + SER,101141,0,,1.0,9.0,36.45,43.95,34.49,1.0,0.0,0.0,0.0,0.0,1.0,34.49,0,static
test_q4_2024,2024-11-22,1314,LOJA 1314,62364,ALOFF XPE 60ML + SER,101141,0,,1.0,9.0,36.45,43.95,34.49,1.0,0.0,0.0,0.0,0.0,1.0,34.49,0,static
test_q4_2024,2024-11-23,1314,LOJA 1314,62364,ALOFF XPE 60ML + SER,101141,0,,1.0,9.0,36.45,43.95,34.49,1.0,0.0,0.0,0.0,0.0,1.0,34.49,0,static
test_q4_2024,2024-11-24,1314,LOJA 1314,62364,ALOFF XPE 60ML + SER,101141,0,,1.0,9.0,36.45,43.95,34.49,1.0,0.0,0.0,0.0,0.0,,,0,static
test_q4_2024,2024-11-25,1314,LOJA 1314,62364,ALOFF XPE 60ML + SER,101141,0,,1.0,9.0,36.45,43.95,34.49,1.0,0.0,0.0,0.0,0.0,1.0,34.49,0,static
test_q4_2024,2024-11-26,1314,LOJA 1314,62364,ALOFF XPE 60ML + SER,101141,0,,1.0,9.0,36.45,43.95,34.49,1.0,0.0,0.0,0.0,0.0,1.0,34.49,0,static
test_q4_2024,2024-11-27,1314,LOJA 1314,62364,ALOFF XPE 60ML + SER,101141,0,,1.0,9.0,36.45,43.95,34.49,1.0,0.0,0.0,0.0,0.0,1.0,34.49,0,static
test_q4_2024,2024-11-28,1314,LOJA 1314,62364,ALOFF XPE 60ML + SER,101141,0,,1.0,9.0,36.45,43.95,34.49,1.0,0.0,0.0,0.0,0.0,1.0,34.49,0,static
test_q4_2024,2024-11-29,1314,LOJA 1314,62364,ALOFF XPE 60ML + SER,101141,0,,1.0,9.0,36.45,43.95,34.49,1.0,0.0,0.0,0.0,0.0,1.0,34.49,0,static
test_q4_2024,2024-11-30,1314,LOJA 1314,62364,ALOFF XPE 60ML + SER,101141,0,,1.0,9.0,36.45,43.95,34.49,1.0,0.0,0.0,0.0,0.0,1.0,34.49,0,static
test_q4_2024,2024-12-01,1314,LOJA 1314,62364,ALOFF XPE 60ML + SER,101141,0,,1.0,9.0,36.45,43.95,34.49,1.0,0.0,0.0,0.0,0.0,,,0,static
test_q4_2024,2024-12-02,1314,LOJA 1314,62364,ALOFF XPE 60ML + SER,101141,0,,1.0,9.0,36.45,43.95,34.49,1.0,0.0,0.0,0.0,0.0,1.0,34.49,0,static
test_q4_2024,2024-12-03,1314,LOJA 1314,62364,ALOFF XPE 60ML + SER,101141,0,,1.0,9.0,36.45,43.95,34.49,1.0,0.0,0.0,0.0,0.0,1.0,34.49,0,static
test_q4_2024,2024-12-04,1314,LOJA 1314,62364,ALOFF XPE 60ML + SER,101141,0,,1.0,9.0,36.45,43.95,34.49,1.0,0.0,0.0,0.0,0.0,1.0,34.49,0,static
test_q4_2024,2024-12-05,1314,LOJA 1314,62364,ALOFF XPE 60ML + SER,101141,0,,1.0,9.0,36.45,43.95,34.49,1.0,0.0,0.0,0.0,0.0,1.0,34.49,0,static
test_q4_2024,2024-12-06,1314,LOJA 1314,62364,ALOFF XPE 60ML + SER,101141,0,,1.0,9.0,36.45,43.95,34.49,1.0,0.0,0.0,0.0,0.0,1.0,34.49,0,static
test_q4_2024,2024-12-07,1314,LOJA 1314,62364,ALOFF XPE 60ML + SER,101141,0,,1.0,9.0,36.45,43.95,34.49,1.0,0.0,0.0,0.0,0.0,1.0,34.49,0,static
test_q4_2024,2024-12-08,1314,LOJA 1314,62364,ALOFF XPE 60ML + SER,101141,0,,1.0,9.0,36.45,43.95,34.49,1.0,0.0,0.0,0.0,0.0,,,0,static
test_q4_2024,2024-12-09,1314,LOJA 1314,62364,ALOFF XPE 60ML + SER,101141,0,,1.0,9.0,36.45,43.95,34.49,1.0,0.0,0.0,0.0,0.0,1.0,34.49,0,static
test_q4_2024,2024-12-10,1314,LOJA 1314,62364,ALOFF XPE 60ML + SER,101141,0,,1.0,9.0,36.45,43.95,34.49,1.0,0.0,0.0,0.0,0.0,1.0,34.49,0,static
test_q4_2024,2024-12-11,1314,LOJA 1314,62364,ALOFF XPE 60ML + SER,101141,0,,1.0,9.0,36.45,43.95,34.49,1.0,0.0,0.0,0.0,0.0,1.0,34.49,0,static
test_q4_2024,2024-12-12,1314,LOJA 1314,62364,ALOFF XPE 60ML + SER,101141,0,,1.0,9.0,36.45,43.95,34.49,1.0,0.0,0.0,0.0,0.0,1.0,34.49,0,static
test_q4_2024,2024-12-13,1314,LOJA 1314,62364,ALOFF XPE 60ML + SER,101141,0,,1.0,9.0,36.45,43.95,34.49,1.0,0.0,0.0,0.0,0.0,1.0,34.49,0,static
test_q4_2024,2024-12-14,1314,LOJA 1314,62364,ALOFF XPE 60ML + SER,101141,0,,1.0,9.0,36.45,43.95,34.49,1.0,0.0,0.0,0.0,0.0,1.0,34.49,0,static
test_q4_2024,2024-12-15,1314,LOJA 1314,62364,ALOFF XPE 60ML + SER,101141,0,,1.0,9.0,36.45,43.95,34.49,1.0,0.0,0.0,0.0,0.0,,,0,static
test_q4_2024,2024-12-16,1314,LOJA 1314,62364,ALOFF XPE 60ML + SER,101141,0,,1.0,9.0,36.45,43.95,34.49,1.0,0.0,0.0,0.0,0.0,1.0,34.49,0,static
test_q4_2024,2024-12-17,1314,LOJA 1314,62364,ALOFF XPE 60ML + SER,101141,0,,1.0,9.0,36.45,43.95,34.49,1.0,0.0,0.0,0.0,0.0,1.0,34.49,0,static
test_q4_2024,2024-12-18,1314,LOJA 1314,62364,ALOFF XPE 60ML + SER,101141,0,,1.0,9.0,36.45,43.95,34.49,1.0,0.0,0.0,0.0,0.0,1.0,34.49,0,static
test_q4_2024,2024-12-19,1314,LOJA 1314,62364,ALOFF XPE 60ML + SER,101141,0,,1.0,9.0,36.45,43.95,34.49,1.0,0.0,0.0,0.0,0.0,1.0,34.49,0,static
test_q4_2024,2024-12-20,1314,LOJA 1314,62364,ALOFF XPE 60ML + SER,101141,0,,1.0,9.0,36.45,43.95,34.49,1.0,0.0,0.0,0.0,0.0,1.0,34.49,0,static
test_q4_2024,2024-12-21,1314,LOJA 1314,62364,ALOFF XPE 60ML + SER,101141,0,,1.0,9.0,36.45,43.95,34.49,1.0,0.0,0.0,0.0,0.0,1.0,34.49,0,static
test_q4_2024,2024-12-22,1314,LOJA 1314,62364,ALOFF XPE 60ML + SER,101141,0,,1.0,9.0,36.45,43.95,34.49,1.0,0.0,0.0,0.0,0.0,,,0,static
test_q4_2024,2024-12-23,1314,LOJA 1314,62364,ALOFF XPE 60ML + SER,101141,0,,1.0,9.0,36.45,43.95,34.49,1.0,0.0,0.0,0.0,0.0,1.0,34.49,0,static
test_q4_2024,2024-12-24,1314,LOJA 1314,62364,ALOFF XPE 60ML + SER,101141,0,,1.0,9.0,36.45,43.95,34.49,1.0,0.0,0.0,0.0,0.0,1.0,34.49,0,static
test_q4_2024,2024-12-25,1314,LOJA 1314,62364,ALOFF XPE 60ML + SER,101141,0,,1.0,9.0,36.45,43.95,34.49,1.0,0.0,0.0,0.0,0.0,1.0,34.49,0,static
test_q4_2024,2024-12-26,1314,LOJA 1314,62364,ALOFF XPE 60ML + SER,101141,0,,1.0,9.0,36.45,43.95,34.49,1.0,0.0,0.0,0.0,0.0,1.0,34.49,0,static
test_q4_2024,2024-12-27,1314,LOJA 1314,62364,ALOFF XPE 60ML + SER,101141,0,,1.0,9.0,36.45,43.95,34.49,1.0,0.0,0.0,0.0,0.0,1.0,34.49,0,static
test_q4_2024,2024-12-28,1314,LOJA 1314,62364,ALOFF XPE 60ML + SER,101141,0,,1.0,9.0,36.45,43.95,34.49,1.0,0.0,0.0,0.0,0.0,1.0,34.49,0,static
test_q4_2024,2024-12-29,1314,LOJA 1314,62364,ALOFF XPE 60ML + SER,101141,0,,1.0,9.0,36.45,43.95,34.49,1.0,0.0,0.0,0.0,0.0,,,0,static
test_q4_2024,2024-12-30,1314,LOJA 1314,62364,ALOFF XPE 60ML + SER,101141,0,,1.0,9.0,36.45,43.95,34.49,1.0,0.0,0.0,0.0,0.0,1.0,34.49,0,static
test_q4_2024,2024-12-31,1314,LOJA 1314,62364,ALOFF XPE 60ML + SER,101141,0,,1.0,9.0,36.45,43.95,34.49,1.0,0.0,0.0,0.0,0.0,1.0,34.49,0,static
test_q4_2024,2024-10-01,1314,LOJA 1314,62782,HEDERA CIMED 7MG/ML CEREJA XPE100ML,51356,0,,1.0,9.0,37.26,46.88,13.61,1.0,0.0,0.0,0.0,0.0,,,0,static
test_q4_2024,2024-10-02,1314,LOJA 1314,62782,HEDERA CIMED 7MG/ML CEREJA XPE100ML,51356,0,,1.0,9.0,37.26,46.88,13.61,1.0,0.0,0.0,0.0,0.0,,,0,static
test_q4_2024,2024-10-03,1314,LOJA 1314,62782,HEDERA CIMED 7MG/ML CEREJA XPE100ML,51356,0,,1.0,9.0,37.26,46.88,13.61,1.0,0.0,0.0,0.0,0.0,,,0,static
test_q4_2024,2024-10-04,1314,LOJA 1314,62782,HEDERA CIMED 7MG/ML CEREJA XPE100ML,51356,0,,1.0,9.0,37.26,46.88,13.61,1.0,0.0,0.0,0.0,0.0,,,0,static
test_q4_2024,2024-10-05,1314,LOJA 1314,62782,HEDERA CIMED 7MG/ML CEREJA XPE100ML,51356,0,,1.0,9.0,37.26,46.88,13.61,1.0,0.0,0.0,0.0,0.0,,,0,static
test_q4_2024,2024-10-06,1314,LOJA 1314,62782,HEDERA CIMED 7MG/ML CEREJA XPE100ML,51356,0,,1.0,9.0,37.26,46.88,13.61,1.0,0.0,0.0,0.0,0.0,,,0,static
test_q4_2024,2024-10-07,1314,LOJA 1314,62782,HEDERA CIMED 7MG/ML CEREJA XPE100ML,51356,0,,1.0,9.0,37.26,46.88,13.61,1.0,0.0,0.0,0.0,0.0,,,0,static
test_q4_2024,2024-10-08,1314,LOJA 1314,62782,HEDERA CIMED 7MG/ML CEREJA XPE100ML,51356,0,,1.0,9.0,37.26,46.88,13.61,1.0,0.0,0.0,0.0,0.0,,,0,static
test_q4_2024,2024-10-09,1314,LOJA 1314,62782,HEDERA CIMED 7MG/ML CEREJA XPE100ML,51356,0,,1.0,9.0,37.26,46.88,13.61,1.0,0.0,0.0,0.0,0.0,,,0,static
test_q4_2024,2024-10-10,1314,LOJA 1314,62782,HEDERA CIMED 7MG/ML CEREJA XPE100ML,51356,0,,1.0,9.0,37.26,46.88,13.61,1.0,0.0,0.0,0.0,0.0,,,0,static
test_q4_2024,2024-10-11,1314,LOJA 1314,62782,HEDERA CIMED 7MG/ML CEREJA XPE100ML,51356,0,,1.0,9.0,37.26,46.88,13.61,1.0,0.0,0.0,0.0,0.0,,,0,static
test_q4_2024,2024-10-12,1314,LOJA 1314,62782,HEDERA CIMED 7MG/ML CEREJA XPE100ML,51356,0,,1.0,9.0,37.26,46.88,13.61,1.0,0.0,0.0,0.0,0.0,,,0,static
test_q4_2024,2024-10-13,1314,LOJA 1314,62782,HEDERA CIMED 7MG/ML CEREJA XPE100ML,51356,0,,1.0,9.0,37.26,46.88,13.61,1.0,0.0,0.0,0.0,0.0,,,0,static
test_q4_2024,2024-10-14,1314,LOJA 1314,62782,HEDERA CIMED 7MG/ML CEREJA XPE100ML,51356,0,,1.0,9.0,37.26,46.88,13.61,1.0,0.0,0.0,0.0,0.0,,,0,static
test_q4_2024,2024-10-15,1314,LOJA 1314,62782,HEDERA CIMED 7MG/ML CEREJA XPE100ML,51356,0,,1.0,9.0,37.26,46.88,13.61,1.0,0.0,0.0,0.0,0.0,,,0,static
test_q4_2024,2024-10-16,1314,LOJA 1314,62782,HEDERA CIMED 7MG/ML CEREJA XPE100ML,51356,0,,1.0,9.0,37.26,46.88,13.61,1.0,0.0,0.0,0.0,0.0,,,0,static
test_q4_2024,2024-10-17,1314,LOJA 1314,62782,HEDERA CIMED 7MG/ML CEREJA XPE100ML,51356,0,,1.0,9.0,37.26,46.88,13.61,1.0,0.0,0.0,0.0,0.0,,,0,static
test_q4_2024,2024-10-18,1314,LOJA 1314,62782,HEDERA CIMED 7MG/ML CEREJA XPE100ML,51356,0,,1.0,9.0,37.26,46.88,13.61,1.0,0.0,0.0,0.0,0.0,,,0,static
test_q4_2024,2024-10-19,1314,LOJA 1314,62782,HEDERA CIMED 7MG/ML CEREJA XPE100ML,51356,0,,1.0,9.0,37.26,46.88,13.61,1.0,0.0,0.0,0.0,0.0,,,0,static
test_q4_2024,2024-10-20,1314,LOJA 1314,62782,HEDERA CIMED 7MG/ML CEREJA XPE100ML,51356,0,,1.0,9.0,37.26,46.88,13.61,1.0,0.0,0.0,0.0,0.0,,,0,static
test_q4_2024,2024-10-21,1314,LOJA 1314,62782,HEDERA CIMED 7MG/ML CEREJA XPE100ML,51356,0,,1.0,9.0,37.26,46.88,13.61,1.0,0.0,0.0,0.0,0.0,,,0,static
test_q4_2024,2024-10-22,1314,LOJA 1314,62782,HEDERA CIMED 7MG/ML CEREJA XPE100ML,51356,0,,1.0,9.0,37.26,46.88,13.61,1.0,0.0,0.0,0.0,0.0,,,0,static
test_q4_2024,2024-10-23,1314,LOJA 1314,62782,HEDERA CIMED 7MG/ML CEREJA XPE100ML,51356,0,,1.0,9.0,37.26,46.88,13.61,1.0,0.0,0.0,0.0,0.0,,,0,static
test_q4_2024,2024-10-24,1314,LOJA 1314,62782,HEDERA CIMED 7MG/ML CEREJA XPE100ML,51356,0,,1.0,9.0,37.26,46.88,13.61,1.0,0.0,0.0,0.0,0.0,,,0,static
test_q4_2024,2024-10-25,1314,LOJA 1314,62782,HEDERA CIMED 7MG/ML CEREJA XPE100ML,51356,0,,1.0,9.0,37.26,46.88,13.61,1.0,0.0,0.0,0.0,0.0,,,0,static
test_q4_2024,2024-10-26,1314,LOJA 1314,62782,HEDERA CIMED 7MG/ML CEREJA XPE100ML,51356,0,,1.0,9.0,37.26,46.88,13.61,1.0,0.0,0.0,0.0,0.0,,,0,static
test_q4_2024,2024-10-27,1314,LOJA 1314,62782,HEDERA CIMED 7MG/ML CEREJA XPE100ML,51356,0,,1.0,9.0,37.26,46.88,13.61,1.0,0.0,0.0,0.0,0.0,,,0,static
test_q4_2024,2024-10-28,1314,LOJA 1314,62782,HEDERA CIMED 7MG/ML CEREJA XPE100ML,51356,0,,1.0,9.0,37.26,46.88,13.61,1.0,0.0,0.0,0.0,0.0,,,0,static
test_q4_2024,2024-10-29,1314,LOJA 1314,62782,HEDERA CIMED 7MG/ML CEREJA XPE100ML,51356,0,,1.0,9.0,37.26,46.88,13.61,1.0,0.0,0.0,0.0,0.0,,,0,static
test_q4_2024,2024-10-30,1314,LOJA 1314,62782,HEDERA CIMED 7MG/ML CEREJA XPE100ML,51356,0,,1.0,9.0,37.26,46.88,13.61,1.0,0.0,0.0,0.0,0.0,,,0,static
test_q4_2024,2024-10-31,1314,LOJA 1314,62782,HEDERA CIMED 7MG/ML CEREJA XPE100ML,51356,0,,1.0,9.0,37.26,46.88,13.61,1.0,0.0,0.0,0.0,0.0,,,0,static
test_q4_2024,2024-11-01,1314,LOJA 1314,62782,HEDERA CIMED 7MG/ML CEREJA XPE100ML,51356,0,,1.0,9.0,37.26,46.88,13.61,1.0,0.0,0.0,0.0,0.0,,,0,static
test_q4_2024,2024-11-02,1314,LOJA 1314,62782,HEDERA CIMED 7MG/ML CEREJA XPE100ML,51356,0,,1.0,9.0,37.26,46.88,13.61,1.0,0.0,0.0,0.0,0.0,,,0,static
test_q4_2024,2024-11-03,1314,LOJA 1314,62782,HEDERA CIMED 7MG/ML CEREJA XPE100ML,51356,0,,1.0,9.0,37.26,46.88,13.61,1.0,0.0,0.0,0.0,0.0,,,0,static
test_q4_2024,2024-11-04,1314,LOJA 1314,62782,HEDERA CIMED 7MG/ML CEREJA XPE100ML,51356,0,,1.0,9.0,37.26,46.88,13.61,1.0,0.0,0.0,0.0,0.0,,,0,static
test_q4_2024,2024-11-05,1314,LOJA 1314,62782,HEDERA CIMED 7MG/ML CEREJA XPE100ML,51356,0,,1.0,9.0,37.26,46.88,13.61,1.0,0.0,0.0,0.0,0.0,,,0,static
test_q4_2024,2024-11-06,1314,LOJA 1314,62782,HEDERA CIMED 7MG/ML CEREJA XPE100ML,51356,0,,1.0,9.0,37.26,46.88,13.61,1.0,0.0,0.0,0.0,0.0,,,0,static
test_q4_2024,2024-11-07,1314,LOJA 1314,62782,HEDERA CIMED 7MG/ML CEREJA XPE100ML,51356,0,,1.0,9.0,37.26,46.88,13.61,1.0,0.0,0.0,0.0,0.0,,,0,static
test_q4_2024,2024-11-08,1314,LOJA 1314,62782,HEDERA CIMED 7MG/ML CEREJA XPE100ML,51356,0,,1.0,9.0,37.26,46.88,13.61,1.0,0.0,0.0,0.0,0.0,,,0,static
test_q4_2024,2024-11-09,1314,LOJA 1314,62782,HEDERA CIMED 7MG/ML CEREJA XPE100ML,51356,0,,1.0,9.0,37.26,46.88,13.61,1.0,0.0,0.0,0.0,0.0,,,0,static
test_q4_2024,2024-11-10,1314,LOJA 1314,62782,HEDERA CIMED 7MG/ML CEREJA XPE100ML,51356,0,,1.0,9.0,37.26,46.88,13.61,1.0,0.0,0.0,0.0,0.0,,,0,static
test_q4_2024,2024-11-11,1314,LOJA 1314,62782,HEDERA CIMED 7MG/ML CEREJA XPE100ML,51356,0,,1.0,9.0,37.26,46.88,13.61,1.0,0.0,0.0,0.0,0.0,,,0,static
test_q4_2024,2024-11-12,1314,LOJA 1314,62782,HEDERA CIMED 7MG/ML CEREJA XPE100ML,51356,0,,1.0,9.0,37.26,46.88,13.61,1.0,0.0,0.0,0.0,0.0,,,0,static
test_q4_2024,2024-11-13,1314,LOJA 1314,62782,HEDERA CIMED 7MG/ML CEREJA XPE100ML,51356,0,,1.0,9.0,37.26,46.88,13.61,1.0,0.0,0.0,0.0,0.0,,,0,static
test_q4_2024,2024-11-14,1314,LOJA 1314,62782,HEDERA CIMED 7MG/ML CEREJA XPE100ML,51356,0,,1.0,9.0,37.26,46.88,13.61,1.0,0.0,0.0,0.0,0.0,,,0,static
test_q4_2024,2024-11-15,1314,LOJA 1314,62782,HEDERA CIMED 7MG/ML CEREJA XPE100ML,51356,0,,1.0,9.0,37.26,46.88,13.61,1.0,0.0,0.0,0.0,0.0,,,0,static
test_q4_2024,2024-11-16,1314,LOJA 1314,62782,HEDERA CIMED 7MG/ML CEREJA XPE100ML,51356,0,,1.0,9.0,37.26,46.88,13.61,1.0,0.0,0.0,0.0,0.0,,,0,static
test_q4_2024,2024-11-17,1314,LOJA 1314,62782,HEDERA CIMED 7MG/ML CEREJA XPE100ML,51356,0,,1.0,9.0,37.26,46.88,13.61,1.0,0.0,0.0,0.0,0.0,,,0,static
test_q4_2024,2024-11-18,1314,LOJA 1314,62782,HEDERA CIMED 7MG/ML CEREJA XPE100ML,51356,0,,1.0,9.0,37.26,46.88,13.61,1.0,0.0,0.0,0.0,0.0,,,0,static
test_q4_2024,2024-11-19,1314,LOJA 1314,62782,HEDERA CIMED 7MG/ML CEREJA XPE100ML,51356,0,,1.0,9.0,37.26,46.88,13.61,1.0,0.0,0.0,0.0,0.0,,,0,static
test_q4_2024,2024-11-20,1314,LOJA 1314,62782,HEDERA CIMED 7MG/ML CEREJA XPE100ML,51356,0,,1.0,9.0,37.26,46.88,13.61,1.0,0.0,0.0,0.0,0.0,,,0,static
test_q4_2024,2024-11-21,1314,LOJA 1314,62782,HEDERA CIMED 7MG/ML CEREJA XPE100ML,51356,0,,1.0,9.0,37.26,46.88,13.61,1.0,0.0,0.0,0.0,0.0,,,0,static
test_q4_2024,2024-11-22,1314,LOJA 1314,62782,HEDERA CIMED 7MG/ML CEREJA XPE100ML,51356,0,,1.0,9.0,37.26,46.88,13.61,1.0,0.0,0.0,0.0,0.0,,,0,static
test_q4_2024,2024-11-23,1314,LOJA 1314,62782,HEDERA CIMED 7MG/ML CEREJA XPE100ML,51356,0,,1.0,9.0,37.26,46.88,13.61,1.0,0.0,0.0,0.0,0.0,,,0,static
test_q4_2024,2024-11-24,1314,LOJA 1314,62782,HEDERA CIMED 7MG/ML CEREJA XPE100ML,51356,0,,1.0,9.0,37.26,46.88,13.61,1.0,0.0,0.0,0.0,0.0,,,0,static
test_q4_2024,2024-11-25,1314,LOJA 1314,62782,HEDERA CIMED 7MG/ML CEREJA XPE100ML,51356,0,,1.0,9.0,37.26,46.88,13.61,1.0,0.0,0.0,0.0,0.0,,,0,static
test_q4_2024,2024-11-26,1314,LOJA 1314,62782,HEDERA CIMED 7MG/ML CEREJA XPE100ML,51356,0,,1.0,9.0,37.26,46.88,13.61,1.0,0.0,0.0,0.0,0.0,,,0,static
test_q4_2024,2024-11-27,1314,LOJA 1314,62782,HEDERA CIMED 7MG/ML CEREJA XPE100ML,51356,0,,1.0,9.0,37.26,46.88,13.61,1.0,0.0,0.0,0.0,0.0,,,0,static
test_q4_2024,2024-11-28,1314,LOJA 1314,62782,HEDERA CIMED 7MG/ML CEREJA XPE100ML,51356,0,,1.0,9.0,37.26,46.88,13.61,1.0,0.0,0.0,0.0,0.0,,,0,static
test_q4_2024,2024-11-29,1314,LOJA 1314,62782,HEDERA CIMED 7MG/ML CEREJA XPE100ML,51356,0,,1.0,9.0,37.26,46.88,13.61,1.0,0.0,0.0,0.0,0.0,,,0,static
test_q4_2024,2024-11-30,1314,LOJA 1314,62782,HEDERA CIMED 7MG/ML CEREJA XPE100ML,51356,0,,1.0,9.0,37.26,46.88,13.61,1.0,0.0,0.0,0.0,0.0,,,0,static
test_q4_2024,2024-12-01,1314,LOJA 1314,62782,HEDERA CIMED 7MG/ML CEREJA XPE100ML,51356,0,,1.0,9.0,37.26,46.88,13.61,1.0,0.0,0.0,0.0,0.0,,,0,static
test_q4_2024,2024-12-02,1314,LOJA 1314,62782,HEDERA CIMED 7MG/ML CEREJA XPE100ML,51356,0,,1.0,9.0,37.26,46.88,13.61,1.0,0.0,0.0,0.0,0.0,,,0,static
test_q4_2024,2024-12-03,1314,LOJA 1314,62782,HEDERA CIMED 7MG/ML CEREJA XPE100ML,51356,0,,1.0,9.0,37.26,46.88,13.61,1.0,0.0,0.0,0.0,0.0,,,0,static
test_q4_2024,2024-12-04,1314,LOJA 1314,62782,HEDERA CIMED 7MG/ML CEREJA XPE100ML,51356,0,,1.0,9.0,37.26,46.88,13.61,1.0,0.0,0.0,0.0,0.0,,,0,static
test_q4_2024,2024-12-05,1314,LOJA 1314,62782,HEDERA CIMED 7MG/ML CEREJA XPE100ML,51356,0,,1.0,9.0,37.26,46.88,13.61,1.0,0.0,0.0,0.0,0.0,,,0,static
test_q4_2024,2024-12-06,1314,LOJA 1314,62782,HEDERA CIMED 7MG/ML CEREJA XPE100ML,51356,0,,1.0,9.0,37.26,46.88,13.61,1.0,0.0,0.0,0.0,0.0,,,0,static
test_q4_2024,2024-12-07,1314,LOJA 1314,62782,HEDERA CIMED 7MG/ML CEREJA XPE100ML,51356,0,,1.0,9.0,37.26,46.88,13.61,1.0,0.0,0.0,0.0,0.0,,,0,static
test_q4_2024,2024-12-08,1314,LOJA 1314,62782,HEDERA CIMED 7MG/ML CEREJA XPE100ML,51356,0,,1.0,9.0,37.26,46.88,13.61,1.0,0.0,0.0,0.0,0.0,,,0,static
test_q4_2024,2024-12-09,1314,LOJA 1314,62782,HEDERA CIMED 7MG/ML CEREJA XPE100ML,51356,0,,1.0,9.0,37.26,46.88,13.61,1.0,0.0,0.0,0.0,0.0,,,0,static
test_q4_2024,2024-12-10,1314,LOJA 1314,62782,HEDERA CIMED 7MG/ML CEREJA XPE100ML,51356,0,,1.0,9.0,37.26,46.88,13.61,1.0,0.0,0.0,0.0,0.0,,,0,static
test_q4_2024,2024-12-11,1314,LOJA 1314,62782,HEDERA CIMED 7MG/ML CEREJA XPE100ML,51356,0,,1.0,9.0,37.26,46.88,13.61,1.0,0.0,0.0,0.0,0.0,,,0,static
test_q4_2024,2024-12-12,1314,LOJA 1314,62782,HEDERA CIMED 7MG/ML CEREJA XPE100ML,51356,0,,1.0,9.0,37.26,46.88,13.61,1.0,0.0,0.0,0.0,0.0,,,0,static
test_q4_2024,2024-12-13,1314,LOJA 1314,62782,HEDERA CIMED 7MG/ML CEREJA XPE100ML,51356,0,,1.0,9.0,37.26,46.88,13.61,1.0,0.0,0.0,0.0,0.0,,,0,static
test_q4_2024,2024-12-14,1314,LOJA 1314,62782,HEDERA CIMED 7MG/ML CEREJA XPE100ML,51356,0,,1.0,9.0,37.26,46.88,13.61,1.0,0.0,0.0,0.0,0.0,,,0,static
test_q4_2024,2024-12-15,1314,LOJA 1314,62782,HEDERA CIMED 7MG/ML CEREJA XPE100ML,51356,0,,1.0,9.0,37.26,46.88,13.61,1.0,0.0,0.0,0.0,0.0,,,0,static
test_q4_2024,2024-12-16,1314,LOJA 1314,62782,HEDERA CIMED 7MG/ML CEREJA XPE100ML,51356,0,,1.0,9.0,37.26,46.88,13.61,1.0,0.0,0.0,0.0,0.0,,,0,static
test_q4_2024,2024-12-17,1314,LOJA 1314,62782,HEDERA CIMED 7MG/ML CEREJA XPE100ML,51356,0,,1.0,9.0,37.26,46.88,13.61,1.0,0.0,0.0,0.0,0.0,,,0,static
test_q4_2024,2024-12-18,1314,LOJA 1314,62782,HEDERA CIMED 7MG/ML CEREJA XPE100ML,51356,0,,1.0,9.0,37.26,46.88,13.61,1.0,0.0,0.0,0.0,0.0,,,0,static
test_q4_2024,2024-12-19,1314,LOJA 1314,62782,HEDERA CIMED 7MG/ML CEREJA XPE100ML,51356,0,,1.0,9.0,37.26,46.88,13.61,1.0,0.0,0.0,0.0,0.0,,,0,static
test_q4_2024,2024-12-20,1314,LOJA 1314,62782,HEDERA CIMED 7MG/ML CEREJA XPE100ML,51356,0,,1.0,9.0,37.26,46.88,13.61,1.0,0.0,0.0,0.0,0.0,,,0,static
test_q4_2024,2024-12-21,1314,LOJA 1314,62782,HEDERA CIMED 7MG/ML CEREJA XPE100ML,51356,0,,1.0,9.0,37.26,46.88,13.61,1.0,0.0,0.0,0.0,0.0,,,0,static
test_q4_2024,2024-12-22,1314,LOJA 1314,62782,HEDERA CIMED 7MG/ML CEREJA XPE100ML,51356,0,,1.0,9.0,37.26,46.88,13.61,1.0,0.0,0.0,0.0,0.0,,,0,static
test_q4_2024,2024-12-23,1314,LOJA 1314,62782,HEDERA CIMED 7MG/ML CEREJA XPE100ML,51356,0,,1.0,9.0,37.26,46.88,13.61,1.0,0.0,0.0,0.0,0.0,,,0,static
test_q4_2024,2024-12-24,1314,LOJA 1314,62782,HEDERA CIMED 7MG/ML CEREJA XPE100ML,51356,0,,1.0,9.0,37.26,46.88,13.61,1.0,0.0,0.0,0.0,0.0,,,0,static
test_q4_2024,2024-12-25,1314,LOJA 1314,62782,HEDERA CIMED 7MG/ML CEREJA XPE100ML,51356,0,,1.0,9.0,37.26,46.88,13.61,1.0,0.0,0.0,0.0,0.0,,,0,static
test_q4_2024,2024-12-26,1314,LOJA 1314,62782,HEDERA CIMED 7MG/ML CEREJA XPE100ML,51356,0,,1.0,9.0,37.26,46.88,13.61,1.0,0.0,0.0,0.0,0.0,,,0,static
test_q4_2024,2024-12-27,1314,LOJA 1314,62782,HEDERA CIMED 7MG/ML CEREJA XPE100ML,51356,0,,1.0,9.0,37.26,46.88,13.61,1.0,0.0,0.0,0.0,0.0,,,0,static
test_q4_2024,2024-12-28,1314,LOJA 1314,62782,HEDERA CIMED 7MG/ML CEREJA XPE100ML,51356,0,,1.0,9.0,37.26,46.88,13.61,1.0,0.0,0.0,0.0,0.0,,,0,static
test_q4_2024,2024-12-29,1314,LOJA 1314,62782,HEDERA CIMED 7MG/ML CEREJA XPE100ML,51356,0,,1.0,9.0,37.26,46.88,13.61,1.0,0.0,0.0,0.0,0.0,,,0,static
test_q4_2024,2024-12-30,1314,LOJA 1314,62782,HEDERA CIMED 7MG/ML CEREJA XPE100ML,51356,0,,1.0,9.0,37.26,46.88,13.61,1.0,0.0,0.0,0.0,0.0,,,0,static
test_q4_2024,2024-12-31,1314,LOJA 1314,62782,HEDERA CIMED 7MG/ML CEREJA XPE100ML,51356,0,,1.0,9.0,37.26,46.88,13.61,1.0,0.0,0.0,0.0,0.0,,,0,static
test_q4_2024,2024-10-01,1314,LOJA 1314,76834,"SORINAN ADULTO 0,5MG SOL NASAL 30ML",111893,0,,1.0,9.0,8.55,10.8,5.22,1.0,0.0,0.0,0.0,0.0,1.0,5.22,0,static
test_q4_2024,2024-10-02,1314,LOJA 1314,76834,"SORINAN ADULTO 0,5MG SOL NASAL 30ML",111893,0,,1.0,9.0,8.55,10.8,5.22,1.0,0.0,0.0,0.0,0.0,1.0,5.22,0,static
test_q4_2024,2024-10-03,1314,LOJA 1314,76834,"SORINAN ADULTO 0,5MG SOL NASAL 30ML",111893,0,,1.0,9.0,8.55,10.8,5.22,1.0,0.0,0.0,0.0,0.0,1.0,5.22,0,static
test_q4_2024,2024-10-04,1314,LOJA 1314,76834,"SORINAN ADULTO 0,5MG SOL NASAL 30ML",111893,0,,1.0,9.0,8.55,10.8,5.22,1.0,0.0,0.0,0.0,0.0,1.0,5.22,0,static
test_q4_2024,2024-10-05,1314,LOJA 1314,76834,"SORINAN ADULTO 0,5MG SOL NASAL 30ML",111893,0,,1.0,9.0,8.55,10.8,5.22,1.0,0.0,0.0,0.0,0.0,1.0,5.22,0,static
test_q4_2024,2024-10-06,1314,LOJA 1314,76834,"SORINAN ADULTO 0,5MG SOL NASAL 30ML",111893,0,,1.0,9.0,8.55,10.8,5.22,1.0,0.0,0.0,0.0,0.0,,,0,static
test_q4_2024,2024-10-07,1314,LOJA 1314,76834,"SORINAN ADULTO 0,5MG SOL NASAL 30ML",111893,0,,1.0,9.0,8.55,10.8,5.22,1.0,0.0,0.0,0.0,0.0,1.0,5.22,0,static
test_q4_2024,2024-10-08,1314,LOJA 1314,76834,"SORINAN ADULTO 0,5MG SOL NASAL 30ML",111893,0,,1.0,9.0,8.55,10.8,5.22,1.0,0.0,0.0,0.0,0.0,1.0,5.22,0,static
test_q4_2024,2024-10-09,1314,LOJA 1314,76834,"SORINAN ADULTO 0,5MG SOL NASAL 30ML",111893,0,,1.0,9.0,8.55,10.8,5.22,1.0,0.0,0.0,0.0,0.0,1.0,5.22,0,static
test_q4_2024,2024-10-10,1314,LOJA 1314,76834,"SORINAN ADULTO 0,5MG SOL NASAL 30ML",111893,0,,1.0,9.0,8.55,10.8,5.22,1.0,0.0,0.0,0.0,0.0,1.0,5.22,0,static
test_q4_2024,2024-10-11,1314,LOJA 1314,76834,"SORINAN ADULTO 0,5MG SOL NASAL 30ML",111893,0,,1.0,9.0,8.55,10.8,5.22,1.0,0.0,0.0,0.0,0.0,1.0,5.22,0,static
test_q4_2024,2024-10-12,1314,LOJA 1314,76834,"SORINAN ADULTO 0,5MG SOL NASAL 30ML",111893,0,,1.0,9.0,8.55,10.8,5.22,1.0,0.0,0.0,0.0,0.0,1.0,5.22,0,static
test_q4_2024,2024-10-13,1314,LOJA 1314,76834,"SORINAN ADULTO 0,5MG SOL NASAL 30ML",111893,0,,1.0,9.0,8.55,10.8,5.22,1.0,0.0,0.0,0.0,0.0,,,0,static
test_q4_2024,2024-10-14,1314,LOJA 1314,76834,"SORINAN ADULTO 0,5MG SOL NASAL 30ML",111893,0,,1.0,9.0,8.55,10.8,5.22,1.0,0.0,0.0,0.0,0.0,1.0,5.22,0,static
test_q4_2024,2024-10-15,1314,LOJA 1314,76834,"SORINAN ADULTO 0,5MG SOL NASAL 30ML",111893,0,,1.0,9.0,8.55,10.8,5.22,1.0,0.0,0.0,0.0,0.0,1.0,5.22,0,static
test_q4_2024,2024-10-16,1314,LOJA 1314,76834,"SORINAN ADULTO 0,5MG SOL NASAL 30ML",111893,0,,1.0,9.0,8.55,10.8,5.22,1.0,0.0,0.0,0.0,0.0,1.0,5.22,0,static
test_q4_2024,2024-10-17,1314,LOJA 1314,76834,"SORINAN ADULTO 0,5MG SOL NASAL 30ML",111893,0,,1.0,9.0,8.55,10.8,5.22,1.0,0.0,0.0,0.0,0.0,1.0,5.22,0,static
test_q4_2024,2024-10-18,1314,LOJA 1314,76834,"SORINAN ADULTO 0,5MG SOL NASAL 30ML",111893,0,,1.0,9.0,8.55,10.8,5.22,1.0,0.0,0.0,0.0,0.0,1.0,5.22,0,static
test_q4_2024,2024-10-19,1314,LOJA 1314,76834,"SORINAN ADULTO 0,5MG SOL NASAL 30ML",111893,0,,1.0,9.0,8.55,10.8,5.22,1.0,0.0,0.0,0.0,0.0,1.0,5.22,0,static
test_q4_2024,2024-10-20,1314,LOJA 1314,76834,"SORINAN ADULTO 0,5MG SOL NASAL 30ML",111893,0,,1.0,9.0,8.55,10.8,5.22,1.0,0.0,0.0,0.0,0.0,,,0,static
test_q4_2024,2024-10-21,1314,LOJA 1314,76834,"SORINAN ADULTO 0,5MG SOL NASAL 30ML",111893,0,,1.0,9.0,8.55,10.8,5.22,1.0,0.0,0.0,0.0,0.0,1.0,5.22,0,static
test_q4_2024,2024-10-22,1314,LOJA 1314,76834,"SORINAN ADULTO 0,5MG SOL NASAL 30ML",111893,0,,1.0,9.0,8.55,10.8,5.22,1.0,0.0,0.0,0.0,0.0,1.0,5.22,0,static
test_q4_2024,2024-10-23,1314,LOJA 1314,76834,"SORINAN ADULTO 0,5MG SOL NASAL 30ML",111893,0,,1.0,9.0,8.55,10.8,5.22,1.0,0.0,0.0,0.0,0.0,1.0,5.22,0,static
test_q4_2024,2024-10-24,1314,LOJA 1314,76834,"SORINAN ADULTO 0,5MG SOL NASAL 30ML",111893,0,,1.0,9.0,8.55,10.8,5.22,1.0,0.0,0.0,0.0,0.0,1.0,5.22,0,static
test_q4_2024,2024-10-25,1314,LOJA 1314,76834,"SORINAN ADULTO 0,5MG SOL NASAL 30ML",111893,0,,1.0,9.0,8.55,10.8,5.22,1.0,0.0,0.0,0.0,0.0,1.0,5.22,0,static
test_q4_2024,2024-10-26,1314,LOJA 1314,76834,"SORINAN ADULTO 0,5MG SOL NASAL 30ML",111893,0,,1.0,9.0,8.55,10.8,5.22,1.0,0.0,0.0,0.0,0.0,1.0,5.22,0,static
test_q4_2024,2024-10-27,1314,LOJA 1314,76834,"SORINAN ADULTO 0,5MG SOL NASAL 30ML",111893,0,,1.0,9.0,8.55,10.8,5.22,1.0,0.0,0.0,0.0,0.0,,,0,static
test_q4_2024,2024-10-28,1314,LOJA 1314,76834,"SORINAN ADULTO 0,5MG SOL NASAL 30ML",111893,0,,1.0,9.0,8.55,10.8,5.22,1.0,0.0,0.0,0.0,0.0,1.0,5.22,0,static
test_q4_2024,2024-10-29,1314,LOJA 1314,76834,"SORINAN ADULTO 0,5MG SOL NASAL 30ML",111893,0,,1.0,9.0,8.55,10.8,5.22,1.0,0.0,0.0,0.0,0.0,1.0,5.22,0,static
test_q4_2024,2024-10-30,1314,LOJA 1314,76834,"SORINAN ADULTO 0,5MG SOL NASAL 30ML",111893,0,,1.0,9.0,8.55,10.8,5.22,1.0,0.0,0.0,0.0,0.0,1.0,5.22,0,static
test_q4_2024,2024-10-31,1314,LOJA 1314,76834,"SORINAN ADULTO 0,5MG SOL NASAL 30ML",111893,0,,1.0,9.0,8.55,10.8,5.22,1.0,0.0,0.0,0.0,0.0,1.0,5.22,0,static
test_q4_2024,2024-11-01,1314,LOJA 1314,76834,"SORINAN ADULTO 0,5MG SOL NASAL 30ML",111893,0,,1.0,9.0,8.55,10.8,5.22,1.0,0.0,0.0,0.0,0.0,1.0,5.22,0,static
test_q4_2024,2024-11-02,1314,LOJA 1314,76834,"SORINAN ADULTO 0,5MG SOL NASAL 30ML",111893,0,,1.0,9.0,8.55,10.8,5.22,1.0,0.0,0.0,0.0,0.0,1.0,5.22,0,static
test_q4_2024,2024-11-03,1314,LOJA 1314,76834,"SORINAN ADULTO 0,5MG SOL NASAL 30ML",111893,0,,1.0,9.0,8.55,10.8,5.22,1.0,0.0,0.0,0.0,0.0,,,0,static
test_q4_2024,2024-11-04,1314,LOJA 1314,76834,"SORINAN ADULTO 0,5MG SOL NASAL 30ML",111893,0,,1.0,9.0,8.55,10.8,5.22,1.0,0.0,0.0,0.0,0.0,1.0,5.22,0,static
test_q4_2024,2024-11-05,1314,LOJA 1314,76834,"SORINAN ADULTO 0,5MG SOL NASAL 30ML",111893,0,,1.0,9.0,8.55,10.8,5.22,1.0,0.0,0.0,0.0,0.0,1.0,5.22,0,static
test_q4_2024,2024-11-06,1314,LOJA 1314,76834,"SORINAN ADULTO 0,5MG SOL NASAL 30ML",111893,0,,1.0,9.0,8.55,10.8,5.22,1.0,0.0,0.0,0.0,0.0,1.0,5.22,0,static
test_q4_2024,2024-11-07,1314,LOJA 1314,76834,"SORINAN ADULTO 0,5MG SOL NASAL 30ML",111893,0,,1.0,9.0,8.55,10.8,5.22,1.0,0.0,0.0,0.0,0.0,1.0,5.22,0,static
test_q4_2024,2024-11-08,1314,LOJA 1314,76834,"SORINAN ADULTO 0,5MG SOL NASAL 30ML",111893,0,,1.0,9.0,8.55,10.8,5.22,1.0,0.0,0.0,0.0,0.0,1.0,5.22,0,static
test_q4_2024,2024-11-09,1314,LOJA 1314,76834,"SORINAN ADULTO 0,5MG SOL NASAL 30ML",111893,0,,1.0,9.0,8.55,10.8,5.22,1.0,0.0,0.0,0.0,0.0,1.0,5.22,0,static
test_q4_2024,2024-11-10,1314,LOJA 1314,76834,"SORINAN ADULTO 0,5MG SOL NASAL 30ML",111893,0,,1.0,9.0,8.55,10.8,5.22,1.0,0.0,0.0,0.0,0.0,,,0,static
test_q4_2024,2024-11-11,1314,LOJA 1314,76834,"SORINAN ADULTO 0,5MG SOL NASAL 30ML",111893,0,,1.0,9.0,8.55,10.8,5.22,1.0,0.0,0.0,0.0,0.0,1.0,5.22,0,static
test_q4_2024,2024-11-12,1314,LOJA 1314,76834,"SORINAN ADULTO 0,5MG SOL NASAL 30ML",111893,0,,1.0,9.0,8.55,10.8,5.22,1.0,0.0,0.0,0.0,0.0,1.0,5.22,0,static
test_q4_2024,2024-11-13,1314,LOJA 1314,76834,"SORINAN ADULTO 0,5MG SOL NASAL 30ML",111893,0,,1.0,9.0,8.55,10.8,5.22,1.0,0.0,0.0,0.0,0.0,1.0,5.22,0,static
test_q4_2024,2024-11-14,1314,LOJA 1314,76834,"SORINAN ADULTO 0,5MG SOL NASAL 30ML",111893,0,,1.0,9.0,8.55,10.8,5.22,1.0,0.0,0.0,0.0,0.0,1.0,5.22,0,static
test_q4_2024,2024-11-15,1314,LOJA 1314,76834,"SORINAN ADULTO 0,5MG SOL NASAL 30ML",111893,0,,1.0,9.0,8.55,10.8,5.22,1.0,0.0,0.0,0.0,0.0,1.0,5.22,0,static
test_q4_2024,2024-11-16,1314,LOJA 1314,76834,"SORINAN ADULTO 0,5MG SOL NASAL 30ML",111893,0,,1.0,9.0,8.55,10.8,5.22,1.0,0.0,0.0,0.0,0.0,1.0,5.22,0,static
test_q4_2024,2024-11-17,1314,LOJA 1314,76834,"SORINAN ADULTO 0,5MG SOL NASAL 30ML",111893,0,,1.0,9.0,8.55,10.8,5.22,1.0,0.0,0.0,0.0,0.0,,,0,static
test_q4_2024,2024-11-18,1314,LOJA 1314,76834,"SORINAN ADULTO 0,5MG SOL NASAL 30ML",111893,0,,1.0,9.0,8.55,10.8,5.22,1.0,0.0,0.0,0.0,0.0,1.0,5.22,0,static
test_q4_2024,2024-11-19,1314,LOJA 1314,76834,"SORINAN ADULTO 0,5MG SOL NASAL 30ML",111893,0,,1.0,9.0,8.55,10.8,5.22,1.0,0.0,0.0,1.0,1.0,1.0,5.22,0,static
test_q4_2024,2024-11-20,1314,LOJA 1314,76834,"SORINAN ADULTO 0,5MG SOL NASAL 30ML",111893,0,,1.0,9.0,8.55,10.8,5.22,1.0,0.0,0.0,0.0,0.0,1.0,5.22,0,static
test_q4_2024,2024-11-21,1314,LOJA 1314,76834,"SORINAN ADULTO 0,5MG SOL NASAL 30ML",111893,0,,1.0,9.0,8.55,10.8,5.22,1.0,0.0,0.0,0.0,0.0,1.0,5.22,0,static
test_q4_2024,2024-11-22,1314,LOJA 1314,76834,"SORINAN ADULTO 0,5MG SOL NASAL 30ML",111893,0,,1.0,9.0,8.55,10.8,5.22,1.0,0.0,0.0,0.0,0.0,1.0,5.22,0,static
test_q4_2024,2024-11-23,1314,LOJA 1314,76834,"SORINAN ADULTO 0,5MG SOL NASAL 30ML",111893,0,,1.0,9.0,8.55,10.8,5.22,1.0,0.0,0.0,0.0,0.0,1.0,5.22,0,static
test_q4_2024,2024-11-24,1314,LOJA 1314,76834,"SORINAN ADULTO 0,5MG SOL NASAL 30ML",111893,0,,1.0,9.0,8.55,10.8,5.22,1.0,0.0,0.0,0.0,0.0,,,0,static
test_q4_2024,2024-11-25,1314,LOJA 1314,76834,"SORINAN ADULTO 0,5MG SOL NASAL 30ML",111893,0,,1.0,9.0,8.55,10.8,5.22,1.0,0.0,0.0,0.0,0.0,1.0,5.22,0,static
test_q4_2024,2024-11-26,1314,LOJA 1314,76834,"SORINAN ADULTO 0,5MG SOL NASAL 30ML",111893,0,,1.0,9.0,8.55,10.8,5.22,1.0,0.0,0.0,0.0,0.0,1.0,5.22,0,static
test_q4_2024,2024-11-27,1314,LOJA 1314,76834,"SORINAN ADULTO 0,5MG SOL NASAL 30ML",111893,0,,1.0,9.0,8.55,10.8,5.22,1.0,0.0,0.0,0.0,0.0,1.0,5.22,0,static
test_q4_2024,2024-11-28,1314,LOJA 1314,76834,"SORINAN ADULTO 0,5MG SOL NASAL 30ML",111893,0,,1.0,9.0,8.55,10.8,5.22,1.0,0.0,0.0,0.0,0.0,1.0,5.22,0,static
test_q4_2024,2024-11-29,1314,LOJA 1314,76834,"SORINAN ADULTO 0,5MG SOL NASAL 30ML",111893,0,,1.0,9.0,8.55,10.8,5.22,1.0,0.0,0.0,0.0,0.0,1.0,5.22,0,static
test_q4_2024,2024-11-30,1314,LOJA 1314,76834,"SORINAN ADULTO 0,5MG SOL NASAL 30ML",111893,0,,1.0,9.0,8.55,10.8,5.22,1.0,0.0,0.0,0.0,0.0,1.0,5.22,0,static
test_q4_2024,2024-12-01,1314,LOJA 1314,76834,"SORINAN ADULTO 0,5MG SOL NASAL 30ML",111893,0,,1.0,9.0,8.55,10.8,5.22,1.0,0.0,0.0,0.0,0.0,,,0,static
test_q4_2024,2024-12-02,1314,LOJA 1314,76834,"SORINAN ADULTO 0,5MG SOL NASAL 30ML",111893,0,,1.0,9.0,8.55,10.8,5.22,1.0,0.0,0.0,0.0,0.0,1.0,5.22,0,static
test_q4_2024,2024-12-03,1314,LOJA 1314,76834,"SORINAN ADULTO 0,5MG SOL NASAL 30ML",111893,0,,1.0,9.0,8.55,10.8,5.22,1.0,0.0,0.0,0.0,0.0,1.0,5.22,0,static
test_q4_2024,2024-12-04,1314,LOJA 1314,76834,"SORINAN ADULTO 0,5MG SOL NASAL 30ML",111893,0,,1.0,9.0,8.55,10.8,5.22,1.0,0.0,0.0,0.0,0.0,1.0,5.22,0,static
test_q4_2024,2024-12-05,1314,LOJA 1314,76834,"SORINAN ADULTO 0,5MG SOL NASAL 30ML",111893,0,,1.0,9.0,8.55,10.8,5.22,1.0,0.0,0.0,0.0,0.0,1.0,5.22,0,static
test_q4_2024,2024-12-06,1314,LOJA 1314,76834,"SORINAN ADULTO 0,5MG SOL NASAL 30ML",111893,0,,1.0,9.0,8.55,10.8,5.22,1.0,0.0,0.0,0.0,0.0,1.0,5.22,0,static
test_q4_2024,2024-12-07,1314,LOJA 1314,76834,"SORINAN ADULTO 0,5MG SOL NASAL 30ML",111893,0,,1.0,9.0,8.55,10.8,5.22,1.0,0.0,0.0,0.0,0.0,1.0,5.22,0,static
test_q4_2024,2024-12-08,1314,LOJA 1314,76834,"SORINAN ADULTO 0,5MG SOL NASAL 30ML",111893,0,,1.0,9.0,8.55,10.8,5.22,1.0,0.0,0.0,0.0,0.0,,,0,static
test_q4_2024,2024-12-09,1314,LOJA 1314,76834,"SORINAN ADULTO 0,5MG SOL NASAL 30ML",111893,0,,1.0,9.0,8.55,10.8,5.22,1.0,0.0,0.0,0.0,0.0,1.0,5.22,0,static
test_q4_2024,2024-12-10,1314,LOJA 1314,76834,"SORINAN ADULTO 0,5MG SOL NASAL 30ML",111893,0,,1.0,9.0,8.55,10.8,5.22,1.0,0.0,0.0,0.0,0.0,1.0,5.22,0,static
test_q4_2024,2024-12-11,1314,LOJA 1314,76834,"SORINAN ADULTO 0,5MG SOL NASAL 30ML",111893,0,,1.0,9.0,8.55,10.8,5.22,1.0,0.0,0.0,0.0,0.0,1.0,5.22,0,static
test_q4_2024,2024-12-12,1314,LOJA 1314,76834,"SORINAN ADULTO 0,5MG SOL NASAL 30ML",111893,0,,1.0,9.0,8.55,10.8,5.22,1.0,0.0,0.0,0.0,0.0,1.0,5.22,0,static
test_q4_2024,2024-12-13,1314,LOJA 1314,76834,"SORINAN ADULTO 0,5MG SOL NASAL 30ML",111893,0,,1.0,9.0,8.55,10.8,5.22,1.0,0.0,0.0,0.0,0.0,1.0,5.22,0,static
test_q4_2024,2024-12-14,1314,LOJA 1314,76834,"SORINAN ADULTO 0,5MG SOL NASAL 30ML",111893,0,,1.0,9.0,8.55,10.8,5.22,1.0,0.0,0.0,0.0,0.0,1.0,5.22,0,static
test_q4_2024,2024-12-15,1314,LOJA 1314,76834,"SORINAN ADULTO 0,5MG SOL NASAL 30ML",111893,0,,1.0,9.0,8.55,10.8,5.22,1.0,0.0,0.0,0.0,0.0,,,0,static
test_q4_2024,2024-12-16,1314,LOJA 1314,76834,"SORINAN ADULTO 0,5MG SOL NASAL 30ML",111893,0,,1.0,9.0,8.55,10.8,5.22,1.0,0.0,0.0,0.0,0.0,1.0,5.22,0,static
test_q4_2024,2024-12-17,1314,LOJA 1314,76834,"SORINAN ADULTO 0,5MG SOL NASAL 30ML",111893,0,,1.0,9.0,8.55,10.8,5.22,1.0,0.0,0.0,0.0,0.0,1.0,5.22,0,static
test_q4_2024,2024-12-18,1314,LOJA 1314,76834,"SORINAN ADULTO 0,5MG SOL NASAL 30ML",111893,0,,1.0,9.0,8.55,10.8,5.22,1.0,0.0,0.0,0.0,0.0,1.0,5.22,0,static
test_q4_2024,2024-12-19,1314,LOJA 1314,76834,"SORINAN ADULTO 0,5MG SOL NASAL 30ML",111893,0,,1.0,9.0,8.55,10.8,5.22,1.0,0.0,0.0,0.0,0.0,1.0,5.22,0,static
test_q4_2024,2024-12-20,1314,LOJA 1314,76834,"SORINAN ADULTO 0,5MG SOL NASAL 30ML",111893,0,,1.0,9.0,8.55,10.8,5.22,1.0,0.0,0.0,0.0,0.0,1.0,5.22,0,static
test_q4_2024,2024-12-21,1314,LOJA 1314,76834,"SORINAN ADULTO 0,5MG SOL NASAL 30ML",111893,0,,1.0,9.0,8.55,10.8,5.22,1.0,0.0,0.0,0.0,0.0,1.0,5.22,0,static
test_q4_2024,2024-12-22,1314,LOJA 1314,76834,"SORINAN ADULTO 0,5MG SOL NASAL 30ML",111893,0,,1.0,9.0,8.55,10.8,5.22,1.0,0.0,0.0,0.0,0.0,,,0,static
test_q4_2024,2024-12-23,1314,LOJA 1314,76834,"SORINAN ADULTO 0,5MG SOL NASAL 30ML",111893,0,,1.0,9.0,8.55,10.8,5.22,1.0,0.0,0.0,0.0,0.0,1.0,5.22,0,static
test_q4_2024,2024-12-24,1314,LOJA 1314,76834,"SORINAN ADULTO 0,5MG SOL NASAL 30ML",111893,0,,1.0,9.0,8.55,10.8,5.22,1.0,0.0,0.0,0.0,0.0,1.0,5.22,0,static
test_q4_2024,2024-12-25,1314,LOJA 1314,76834,"SORINAN ADULTO 0,5MG SOL NASAL 30ML",111893,0,,1.0,9.0,8.55,10.8,5.22,1.0,0.0,0.0,0.0,0.0,1.0,5.22,0,static
test_q4_2024,2024-12-26,1314,LOJA 1314,76834,"SORINAN ADULTO 0,5MG SOL NASAL 30ML",111893,0,,1.0,9.0,8.55,10.8,5.22,1.0,0.0,0.0,0.0,0.0,1.0,5.22,0,static
test_q4_2024,2024-12-27,1314,LOJA 1314,76834,"SORINAN ADULTO 0,5MG SOL NASAL 30ML",111893,0,,1.0,9.0,8.55,10.8,5.22,1.0,0.0,0.0,0.0,0.0,1.0,5.22,0,static
test_q4_2024,2024-12-28,1314,LOJA 1314,76834,"SORINAN ADULTO 0,5MG SOL NASAL 30ML",111893,0,,1.0,9.0,8.55,10.8,5.22,1.0,0.0,0.0,0.0,0.0,1.0,5.22,0,static
test_q4_2024,2024-12-29,1314,LOJA 1314,76834,"SORINAN ADULTO 0,5MG SOL NASAL 30ML",111893,0,,1.0,9.0,8.55,10.8,5.22,1.0,0.0,0.0,0.0,0.0,,,0,static
test_q4_2024,2024-12-30,1314,LOJA 1314,76834,"SORINAN ADULTO 0,5MG SOL NASAL 30ML",111893,0,,1.0,9.0,8.55,10.8,5.22,1.0,0.0,0.0,0.0,0.0,1.0,5.22,0,static
test_q4_2024,2024-12-31,1314,LOJA 1314,76834,"SORINAN ADULTO 0,5MG SOL NASAL 30ML",111893,0,,1.0,9.0,8.55,10.8,5.22,1.0,0.0,0.0,0.0,0.0,1.0,5.22,0,static
test_q4_2024,2024-10-01,1314,LOJA 1314,9607,NARIDRIN 12H ADULTO 30ML,173,0,,1.0,9.0,28.36,27.5,14.31,1.0,0.9418,0.7306,0.0,0.0,9.0,129.33,0,static
test_q4_2024,2024-10-02,1314,LOJA 1314,9607,NARIDRIN 12H ADULTO 30ML,173,0,,1.0,9.0,28.36,27.5,14.31,1.0,0.7193,0.7306,0.0,0.0,9.0,129.33,0,static
test_q4_2024,2024-10-03,1314,LOJA 1314,9607,NARIDRIN 12H ADULTO 30ML,173,0,,1.0,9.0,28.36,27.5,14.31,1.0,0.8506,0.7306,1.0,1.0,9.0,129.33,0,static
test_q4_2024,2024-10-04,1314,LOJA 1314,9607,NARIDRIN 12H ADULTO 30ML,173,0,,1.0,9.0,28.36,27.5,14.31,1.0,0.8106,0.7306,1.0,1.0,8.0,114.96,0,static
test_q4_2024,2024-10-05,1314,LOJA 1314,9607,NARIDRIN 12H ADULTO 30ML,173,0,,1.0,9.0,28.36,27.5,14.31,1.0,0.6089,0.7306,0.0,0.0,7.0,100.59,0,static
test_q4_2024,2024-10-06,1314,LOJA 1314,9607,NARIDRIN 12H ADULTO 30ML,173,0,,1.0,9.0,28.36,27.5,14.31,1.0,0.7364,0.7306,0.0,0.0,,,0,static
test_q4_2024,2024-10-07,1314,LOJA 1314,9607,NARIDRIN 12H ADULTO 30ML,173,0,,1.0,9.0,28.36,27.5,14.31,1.0,0.7364,0.7306,0.0,0.0,15.0,215.85,0,static
test_q4_2024,2024-10-08,1314,LOJA 1314,9607,NARIDRIN 12H ADULTO 30ML,173,0,,1.0,9.0,28.36,27.5,14.31,1.0,0.9552,0.7306,0.0,0.0,15.0,215.85,0,static
test_q4_2024,2024-10-09,1314,LOJA 1314,9607,NARIDRIN 12H ADULTO 30ML,173,0,,1.0,9.0,28.36,27.5,14.31,1.0,0.6927,0.7306,1.0,1.0,15.0,215.85,0,static
test_q4_2024,2024-10-10,1314,LOJA 1314,9607,NARIDRIN 12H ADULTO 30ML,173,0,,1.0,9.0,28.36,27.5,14.31,1.0,0.8639,0.7306,1.0,1.0,14.0,201.46,0,static
test_q4_2024,2024-10-11,1314,LOJA 1314,9607,NARIDRIN 12H ADULTO 30ML,173,0,,1.0,9.0,28.36,27.5,14.31,1.0,0.8639,0.7306,1.0,1.0,17.0,244.63,0,static
test_q4_2024,2024-10-12,1314,LOJA 1314,9607,NARIDRIN 12H ADULTO 30ML,173,0,,1.0,9.0,28.36,27.5,14.31,1.0,0.6489,0.7306,0.0,0.0,16.0,230.24,0,static
test_q4_2024,2024-10-13,1314,LOJA 1314,9607,NARIDRIN 12H ADULTO 30ML,173,0,,1.0,9.0,28.36,27.5,14.31,1.0,0.7364,0.7306,0.0,0.0,,,0,static
test_q4_2024,2024-10-14,1314,LOJA 1314,9607,NARIDRIN 12H ADULTO 30ML,173,0,,1.0,9.0,28.36,27.5,14.31,1.0,0.6964,0.7306,0.0,0.0,16.0,230.24,0,static
test_q4_2024,2024-10-15,1314,LOJA 1314,9607,NARIDRIN 12H ADULTO 30ML,173,0,,1.0,9.0,28.36,27.5,14.31,1.0,0.9152,0.7306,2.0,2.0,16.0,230.24,0,static
test_q4_2024,2024-10-16,1314,LOJA 1314,9607,NARIDRIN 12H ADULTO 30ML,173,0,,1.0,9.0,28.36,27.5,14.31,1.0,0.6527,0.7306,1.0,1.0,14.0,201.46,0,static
test_q4_2024,2024-10-17,1314,LOJA 1314,9607,NARIDRIN 12H ADULTO 30ML,173,0,,1.0,9.0,28.36,27.5,14.31,1.0,0.7439,0.7306,0.0,0.0,14.0,201.46,0,static
test_q4_2024,2024-10-18,1314,LOJA 1314,9607,NARIDRIN 12H ADULTO 30ML,173,0,,1.0,9.0,28.36,27.5,14.31,1.0,0.7839,0.7306,0.0,0.0,14.0,201.46,0,static
test_q4_2024,2024-10-19,1314,LOJA 1314,9607,NARIDRIN 12H ADULTO 30ML,173,0,,1.0,9.0,28.36,27.5,14.31,1.0,0.5689,0.7306,2.0,2.0,16.0,230.08,0,static
test_q4_2024,2024-10-20,1314,LOJA 1314,9607,NARIDRIN 12H ADULTO 30ML,173,0,,1.0,9.0,28.36,27.5,14.31,1.0,0.6964,0.7306,0.0,0.0,,,0,static
test_q4_2024,2024-10-21,1314,LOJA 1314,9607,NARIDRIN 12H ADULTO 30ML,173,0,,1.0,9.0,28.36,27.5,14.31,1.0,0.6964,0.7306,0.0,0.0,14.0,201.32,0,static
test_q4_2024,2024-10-22,1314,LOJA 1314,9607,NARIDRIN 12H ADULTO 30ML,173,0,,1.0,9.0,28.36,27.5,14.31,1.0,0.9152,0.7306,2.0,2.0,17.0,244.29,0,static
test_q4_2024,2024-10-23,1314,LOJA 1314,9607,NARIDRIN 12H ADULTO 30ML,173,0,,1.0,9.0,28.36,27.5,14.31,1.0,0.6527,0.7306,0.0,0.0,15.0,215.55,0,static
test_q4_2024,2024-10-24,1314,LOJA 1314,9607,NARIDRIN 12H ADULTO 30ML,173,0,,1.0,9.0,28.36,27.5,14.31,1.0,0.7439,0.7306,0.0,0.0,15.0,215.55,0,static
test_q4_2024,2024-10-25,1314,LOJA 1314,9607,NARIDRIN 12H ADULTO 30ML,173,0,,1.0,9.0,28.36,27.5,14.31,1.0,0.7039,0.7306,0.0,0.0,15.0,215.55,0,static
test_q4_2024,2024-10-26,1314,LOJA 1314,9607,NARIDRIN 12H ADULTO 30ML,173,0,,1.0,9.0,28.36,27.5,14.31,1.0,0.5289,0.7306,1.0,1.0,15.0,215.55,0,static
test_q4_2024,2024-10-27,1314,LOJA 1314,9607,NARIDRIN 12H ADULTO 30ML,173,0,,1.0,9.0,28.36,27.5,14.31,1.0,0.6164,0.7306,2.0,2.0,,,0,static
test_q4_2024,2024-10-28,1314,LOJA 1314,9607,NARIDRIN 12H ADULTO 30ML,173,0,,1.0,9.0,28.36,27.5,14.31,1.0,0.6564,0.7306,0.0,0.0,12.0,172.44,0,static
test_q4_2024,2024-10-29,1314,LOJA 1314,9607,NARIDRIN 12H ADULTO 30ML,173,0,,1.0,9.0,28.36,27.5,14.31,1.0,0.8752,0.7306,0.0,0.0,12.0,172.44,0,static
test_q4_2024,2024-10-30,1314,LOJA 1314,9607,NARIDRIN 12H ADULTO 30ML,173,0,,1.0,9.0,28.36,27.5,14.31,1.0,0.626,0.7306,0.0,0.0,12.0,172.44,0,static
test_q4_2024,2024-10-31,1314,LOJA 1314,9607,NARIDRIN 12H ADULTO 30ML,173,0,,1.0,9.0,28.36,27.5,14.31,1.0,0.7573,0.7306,0.0,0.0,12.0,172.44,0,static
test_q4_2024,2024-11-01,1314,LOJA 1314,9607,NARIDRIN 12H ADULTO 30ML,173,0,,1.0,9.0,28.36,27.5,14.31,1.0,0.7839,0.7306,0.0,0.0,12.0,172.44,0,static
test_q4_2024,2024-11-02,1314,LOJA 1314,9607,NARIDRIN 12H ADULTO 30ML,173,0,,1.0,9.0,28.36,27.5,14.31,1.0,0.5689,0.7306,1.0,1.0,12.0,172.44,0,static
test_q4_2024,2024-11-03,1314,LOJA 1314,9607,NARIDRIN 12H ADULTO 30ML,173,0,,1.0,9.0,28.36,27.5,14.31,1.0,0.6564,0.7306,2.0,2.0,,,0,static
test_q4_2024,2024-11-04,1314,LOJA 1314,9607,NARIDRIN 12H ADULTO 30ML,173,0,,1.0,9.0,28.36,27.5,14.31,1.0,0.6298,0.7306,1.0,1.0,9.0,129.33,0,static
test_q4_2024,2024-11-05,1314,LOJA 1314,9607,NARIDRIN 12H ADULTO 30ML,173,0,,1.0,9.0,28.36,27.5,14.31,1.0,0.8618,0.7306,0.0,0.0,8.0,114.96,0,static
test_q4_2024,2024-11-06,1314,LOJA 1314,9607,NARIDRIN 12H ADULTO 30ML,173,0,,1.0,9.0,28.36,27.5,14.31,1.0,0.5993,0.7306,2.0,2.0,8.0,114.96,0,static
test_q4_2024,2024-11-07,1314,LOJA 1314,9607,NARIDRIN 12H ADULTO 30ML,173,0,,1.0,9.0,28.36,27.5,14.31,1.0,0.7306,0.7306,0.0,0.0,6.0,86.22,0,static
test_q4_2024,2024-11-08,1314,LOJA 1314,9607,NARIDRIN 12H ADULTO 30ML,173,0,,1.0,9.0,28.36,27.5,14.31,1.0,0.7439,0.7306,0.0,0.0,7.0,100.52,0,static
test_q4_2024,2024-11-09,1314,LOJA 1314,9607,NARIDRIN 12H ADULTO 30ML,173,0,,1.0,9.0,28.36,27.5,14.31,1.0,0.5823,0.7306,0.0,0.0,11.0,157.85,0,static
test_q4_2024,2024-11-10,1314,LOJA 1314,9607,NARIDRIN 12H ADULTO 30ML,173,0,,1.0,9.0,28.36,27.5,14.31,1.0,0.6698,0.7306,0.0,0.0,,,0,static
test_q4_2024,2024-11-11,1314,LOJA 1314,9607,NARIDRIN 12H ADULTO 30ML,173,0,,1.0,9.0,28.36,27.5,14.31,1.0,0.6698,0.7306,0.0,0.0,11.0,157.85,0,static
test_q4_2024,2024-11-12,1314,LOJA 1314,9607,NARIDRIN 12H ADULTO 30ML,173,0,,1.0,9.0,28.36,27.5,14.31,1.0,0.8485,0.7306,1.0,1.0,13.0,186.55,0,static
test_q4_2024,2024-11-13,1314,LOJA 1314,9607,NARIDRIN 12H ADULTO 30ML,173,0,,1.0,9.0,28.36,27.5,14.31,1.0,0.586,0.7306,1.0,1.0,12.0,172.2,0,static
test_q4_2024,2024-11-14,1314,LOJA 1314,9607,NARIDRIN 12H ADULTO 30ML,173,0,,1.0,9.0,28.36,27.5,14.31,1.0,0.7173,0.7306,0.0,0.0,11.0,157.85,0,static
test_q4_2024,2024-11-15,1314,LOJA 1314,9607,NARIDRIN 12H ADULTO 30ML,173,0,,1.0,9.0,28.36,27.5,14.31,1.0,0.7173,0.7306,0.0,0.0,11.0,157.85,0,static
test_q4_2024,2024-11-16,1314,LOJA 1314,9607,NARIDRIN 12H ADULTO 30ML,173,0,,1.0,9.0,28.36,27.5,14.31,1.0,0.5156,0.7306,0.0,0.0,11.0,157.85,0,static
test_q4_2024,2024-11-17,1314,LOJA 1314,9607,NARIDRIN 12H ADULTO 30ML,173,0,,1.0,9.0,28.36,27.5,14.31,1.0,0.6031,0.7306,1.0,1.0,,,0,static
test_q4_2024,2024-11-18,1314,LOJA 1314,9607,NARIDRIN 12H ADULTO 30ML,173,0,,1.0,9.0,28.36,27.5,14.31,1.0,0.6298,0.7306,0.0,0.0,10.0,143.5,0,static
test_q4_2024,2024-11-19,1314,LOJA 1314,9607,NARIDRIN 12H ADULTO 30ML,173,0,,1.0,9.0,28.36,27.5,14.31,1.0,0.8352,0.7306,0.0,0.0,10.0,143.5,0,static
test_q4_2024,2024-11-20,1314,LOJA 1314,9607,NARIDRIN 12H ADULTO 30ML,173,0,,1.0,9.0,28.36,27.5,14.31,1.0,0.5327,0.7306,0.0,0.0,12.0,172.2,0,static
test_q4_2024,2024-11-21,1314,LOJA 1314,9607,NARIDRIN 12H ADULTO 30ML,173,0,,1.0,9.0,28.36,27.5,14.31,1.0,0.6639,0.7306,0.0,0.0,12.0,172.2,0,static
test_q4_2024,2024-11-22,1314,LOJA 1314,9607,NARIDRIN 12H ADULTO 30ML,173,0,,1.0,9.0,28.36,27.5,14.31,1.0,0.6773,0.7306,0.0,0.0,12.0,172.2,0,static
test_q4_2024,2024-11-23,1314,LOJA 1314,9607,NARIDRIN 12H ADULTO 30ML,173,0,,1.0,9.0,28.36,27.5,14.31,1.0,0.5023,0.7306,1.0,1.0,12.0,172.2,0,static
test_q4_2024,2024-11-24,1314,LOJA 1314,9607,NARIDRIN 12H ADULTO 30ML,173,0,,1.0,9.0,28.36,27.5,14.31,1.0,0.5764,0.7306,0.0,0.0,,,0,static
test_q4_2024,2024-11-25,1314,LOJA 1314,9607,NARIDRIN 12H ADULTO 30ML,173,0,,1.0,9.0,28.36,27.5,14.31,1.0,0.5764,0.7306,0.0,0.0,11.0,157.85,0,static
test_q4_2024,2024-11-26,1314,LOJA 1314,9607,NARIDRIN 12H ADULTO 30ML,173,0,,1.0,9.0,28.36,27.5,14.31,1.0,0.8085,0.7306,1.0,1.0,11.0,157.85,0,static
test_q4_2024,2024-11-27,1314,LOJA 1314,9607,NARIDRIN 12H ADULTO 30ML,173,0,,1.0,9.0,28.36,27.5,14.31,1.0,0.5727,0.7306,1.0,1.0,10.0,143.5,0,static
test_q4_2024,2024-11-28,1314,LOJA 1314,9607,NARIDRIN 12H ADULTO 30ML,173,0,,1.0,9.0,28.36,27.5,14.31,1.0,0.7306,0.7306,0.0,0.0,9.0,129.15,0,static
test_q4_2024,2024-11-29,1314,LOJA 1314,9607,NARIDRIN 12H ADULTO 30ML,173,0,,1.0,9.0,28.36,27.5,14.31,1.0,0.7306,0.7306,0.0,0.0,9.0,129.15,0,static
test_q4_2024,2024-11-30,1314,LOJA 1314,9607,NARIDRIN 12H ADULTO 30ML,173,0,,1.0,9.0,28.36,27.5,14.31,1.0,0.5689,0.7306,0.0,0.0,9.0,129.15,0,static
test_q4_2024,2024-12-01,1314,LOJA 1314,9607,NARIDRIN 12H ADULTO 30ML,173,0,,1.0,9.0,28.36,27.5,14.31,1.0,0.6964,0.7306,1.0,1.0,,,0,static
test_q4_2024,2024-12-02,1314,LOJA 1314,9607,NARIDRIN 12H ADULTO 30ML,173,0,,1.0,9.0,28.36,27.5,14.31,1.0,0.6964,0.7306,0.0,0.0,9.0,129.15,0,static
test_q4_2024,2024-12-03,1314,LOJA 1314,9607,NARIDRIN 12H ADULTO 30ML,173,0,,1.0,9.0,28.36,27.5,14.31,1.0,0.8885,0.7306,3.0,3.0,11.0,157.85,0,static
test_q4_2024,2024-12-04,1314,LOJA 1314,9607,NARIDRIN 12H ADULTO 30ML,173,0,,1.0,9.0,28.36,27.5,14.31,1.0,0.626,0.7306,0.0,0.0,8.0,114.8,0,static
test_q4_2024,2024-12-05,1314,LOJA 1314,9607,NARIDRIN 12H ADULTO 30ML,173,0,,1.0,9.0,28.36,27.5,14.31,1.0,0.7439,0.7306,0.0,0.0,8.0,114.8,0,static
test_q4_2024,2024-12-06,1314,LOJA 1314,9607,NARIDRIN 12H ADULTO 30ML,173,0,,1.0,9.0,28.36,27.5,14.31,1.0,0.7706,0.7306,0.0,0.0,8.0,114.8,0,static
test_q4_2024,2024-12-07,1314,LOJA 1314,9607,NARIDRIN 12H ADULTO 30ML,173,0,,1.0,9.0,28.36,27.5,14.31,1.0,0.5823,0.7306,1.0,1.0,8.0,114.8,0,static
test_q4_2024,2024-12-08,1314,LOJA 1314,9607,NARIDRIN 12H ADULTO 30ML,173,0,,1.0,9.0,28.36,27.5,14.31,1.0,0.6564,0.7306,0.0,0.0,,,0,static
test_q4_2024,2024-12-09,1314,LOJA 1314,9607,NARIDRIN 12H ADULTO 30ML,173,0,,1.0,9.0,28.36,27.5,14.31,1.0,0.6564,0.7306,1.0,1.0,7.0,100.45,0,static
test_q4_2024,2024-12-10,1314,LOJA 1314,9607,NARIDRIN 12H ADULTO 30ML,173,0,,1.0,9.0,28.36,27.5,14.31,1.0,0.9018,0.7306,0.0,0.0,9.0,129.06,0,static
test_q4_2024,2024-12-11,1314,LOJA 1314,9607,NARIDRIN 12H ADULTO 30ML,173,0,,1.0,9.0,28.36,27.5,14.31,1.0,0.6393,0.7306,1.0,1.0,9.0,129.06,0,static
test_q4_2024,2024-12-12,1314,LOJA 1314,9607,NARIDRIN 12H ADULTO 30ML,173,0,,1.0,9.0,28.36,27.5,14.31,1.0,0.7706,0.7306,0.0,0.0,8.0,114.72,0,static
test_q4_2024,2024-12-13,1314,LOJA 1314,9607,NARIDRIN 12H ADULTO 30ML,173,0,,1.0,9.0,28.36,27.5,14.31,1.0,0.7439,0.7306,1.0,1.0,8.0,114.72,0,static
test_q4_2024,2024-12-14,1314,LOJA 1314,9607,NARIDRIN 12H ADULTO 30ML,173,0,,1.0,9.0,28.36,27.5,14.31,1.0,0.5556,0.7306,0.0,0.0,7.0,100.38,0,static
test_q4_2024,2024-12-15,1314,LOJA 1314,9607,NARIDRIN 12H ADULTO 30ML,173,0,,1.0,9.0,28.36,27.5,14.31,1.0,0.6298,0.7306,1.0,1.0,,,0,static
test_q4_2024,2024-12-16,1314,LOJA 1314,9607,NARIDRIN 12H ADULTO 30ML,173,0,,1.0,9.0,28.36,27.5,14.31,1.0,0.5898,0.7306,0.0,0.0,8.0,114.72,0,static
test_q4_2024,2024-12-17,1314,LOJA 1314,9607,NARIDRIN 12H ADULTO 30ML,173,0,,1.0,9.0,28.36,27.5,14.31,1.0,0.8085,0.7306,2.0,2.0,8.0,114.72,0,static
test_q4_2024,2024-12-18,1314,LOJA 1314,9607,NARIDRIN 12H ADULTO 30ML,173,0,,1.0,9.0,28.36,27.5,14.31,1.0,0.546,0.7306,0.0,0.0,7.0,100.38,0,static
test_q4_2024,2024-12-19,1314,LOJA 1314,9607,NARIDRIN 12H ADULTO 30ML,173,0,,1.0,9.0,28.36,27.5,14.31,1.0,0.6906,0.7306,0.0,0.0,7.0,100.38,0,static
test_q4_2024,2024-12-20,1314,LOJA 1314,9607,NARIDRIN 12H ADULTO 30ML,173,0,,1.0,9.0,28.36,27.5,14.31,1.0,0.7173,0.7306,1.0,1.0,7.0,100.38,0,static
test_q4_2024,2024-12-21,1314,LOJA 1314,9607,NARIDRIN 12H ADULTO 30ML,173,0,,1.0,9.0,28.36,27.5,14.31,1.0,0.5156,0.7306,0.0,0.0,6.0,86.04,0,static
test_q4_2024,2024-12-22,1314,LOJA 1314,9607,NARIDRIN 12H ADULTO 30ML,173,0,,1.0,9.0,28.36,27.5,14.31,1.0,0.6164,0.7306,0.0,0.0,,,0,static
test_q4_2024,2024-12-23,1314,LOJA 1314,9607,NARIDRIN 12H ADULTO 30ML,173,0,,1.0,9.0,28.36,27.5,14.31,1.0,0.6164,0.7306,0.0,0.0,8.0,114.72,0,static
test_q4_2024,2024-12-24,1314,LOJA 1314,9607,NARIDRIN 12H ADULTO 30ML,173,0,,1.0,9.0,28.36,27.5,14.31,1.0,0.8352,0.7306,4.0,4.0,10.0,143.4,0,static
test_q4_2024,2024-12-25,1314,LOJA 1314,9607,NARIDRIN 12H ADULTO 30ML,173,0,,1.0,9.0,28.36,27.5,14.31,1.0,0.546,0.7306,0.0,0.0,6.0,86.04,0,static
test_q4_2024,2024-12-26,1314,LOJA 1314,9607,NARIDRIN 12H ADULTO 30ML,173,0,,1.0,9.0,28.36,27.5,14.31,1.0,0.6773,0.7306,1.0,1.0,6.0,86.04,0,static
test_q4_2024,2024-12-27,1314,LOJA 1314,9607,NARIDRIN 12H ADULTO 30ML,173,0,,1.0,9.0,28.36,27.5,14.31,1.0,0.6773,0.7306,0.0,0.0,6.0,86.04,0,static
test_q4_2024,2024-12-28,1314,LOJA 1314,9607,NARIDRIN 12H ADULTO 30ML,173,0,,1.0,9.0,28.36,27.5,14.31,1.0,0.5023,0.7306,1.0,1.0,6.0,86.04,0,static
test_q4_2024,2024-12-29,1314,LOJA 1314,9607,NARIDRIN 12H ADULTO 30ML,173,0,,1.0,9.0,28.36,27.5,14.31,1.0,0.5898,0.7306,0.0,0.0,,,0,static
test_q4_2024,2024-12-30,1314,LOJA 1314,9607,NARIDRIN 12H ADULTO 30ML,173,0,,1.0,9.0,28.36,27.5,14.31,1.0,0.5898,0.7306,1.0,1.0,5.0,71.7,0,static
test_q4_2024,2024-12-31,1314,LOJA 1314,9607,NARIDRIN 12H ADULTO 30ML,173,0,,1.0,9.0,28.36,27.5,14.31,1.0,0.8218,0.7306,2.0,2.0,4.0,57.36,0,static
test_q4_2024,2024-10-01,841,LOJA 841,13315,BROMELIN SUSP 100ML,33104,0,,1.0,3.0,55.89,74.42,18.29,1.0,0.0,0.0,0.0,0.0,,,0,static
test_q4_2024,2024-10-02,841,LOJA 841,13315,BROMELIN SUSP 100ML,33104,0,,1.0,3.0,55.89,74.42,18.29,1.0,0.0,0.0,0.0,0.0,,,0,static
test_q4_2024,2024-10-03,841,LOJA 841,13315,BROMELIN SUSP 100ML,33104,0,,1.0,3.0,55.89,74.42,18.29,1.0,0.0,0.0,0.0,0.0,,,0,static
test_q4_2024,2024-10-04,841,LOJA 841,13315,BROMELIN SUSP 100ML,33104,0,,1.0,3.0,55.89,74.42,18.29,1.0,0.0,0.0,0.0,0.0,,,0,static
test_q4_2024,2024-10-05,841,LOJA 841,13315,BROMELIN SUSP 100ML,33104,0,,1.0,3.0,55.89,74.42,18.29,1.0,0.0,0.0,0.0,0.0,,,0,static
test_q4_2024,2024-10-06,841,LOJA 841,13315,BROMELIN SUSP 100ML,33104,0,,1.0,3.0,55.89,74.42,18.29,1.0,0.0,0.0,0.0,0.0,,,0,static
test_q4_2024,2024-10-07,841,LOJA 841,13315,BROMELIN SUSP 100ML,33104,0,,1.0,3.0,55.89,74.42,18.29,1.0,0.0,0.0,0.0,0.0,,,0,static
test_q4_2024,2024-10-08,841,LOJA 841,13315,BROMELIN SUSP 100ML,33104,0,,1.0,3.0,55.89,74.42,18.29,1.0,0.0,0.0,0.0,0.0,,,0,static
test_q4_2024,2024-10-09,841,LOJA 841,13315,BROMELIN SUSP 100ML,33104,0,,1.0,3.0,55.89,74.42,18.29,1.0,0.0,0.0,0.0,0.0,,,0,static
test_q4_2024,2024-10-10,841,LOJA 841,13315,BROMELIN SUSP 100ML,33104,0,,1.0,3.0,55.89,74.42,18.29,1.0,0.0,0.0,0.0,0.0,,,0,static
test_q4_2024,2024-10-11,841,LOJA 841,13315,BROMELIN SUSP 100ML,33104,0,,1.0,3.0,55.89,74.42,18.29,1.0,0.0,0.0,0.0,0.0,,,0,static
test_q4_2024,2024-10-12,841,LOJA 841,13315,BROMELIN SUSP 100ML,33104,0,,1.0,3.0,55.89,74.42,18.29,1.0,0.0,0.0,0.0,0.0,,,0,static
test_q4_2024,2024-10-13,841,LOJA 841,13315,BROMELIN SUSP 100ML,33104,0,,1.0,3.0,55.89,74.42,18.29,1.0,0.0,0.0,0.0,0.0,,,0,static
test_q4_2024,2024-10-14,841,LOJA 841,13315,BROMELIN SUSP 100ML,33104,0,,1.0,3.0,55.89,74.42,18.29,1.0,0.0,0.0,0.0,0.0,,,0,static
test_q4_2024,2024-10-15,841,LOJA 841,13315,BROMELIN SUSP 100ML,33104,0,,1.0,3.0,55.89,74.42,18.29,1.0,0.0,0.0,0.0,0.0,,,0,static
test_q4_2024,2024-10-16,841,LOJA 841,13315,BROMELIN SUSP 100ML,33104,0,,1.0,3.0,55.89,74.42,18.29,1.0,0.0,0.0,0.0,0.0,,,0,static
test_q4_2024,2024-10-17,841,LOJA 841,13315,BROMELIN SUSP 100ML,33104,0,,1.0,3.0,55.89,74.42,18.29,1.0,0.0,0.0,0.0,0.0,,,0,static
test_q4_2024,2024-10-18,841,LOJA 841,13315,BROMELIN SUSP 100ML,33104,0,,1.0,3.0,55.89,74.42,18.29,1.0,0.0,0.0,0.0,0.0,,,0,static
test_q4_2024,2024-10-19,841,LOJA 841,13315,BROMELIN SUSP 100ML,33104,0,,1.0,3.0,55.89,74.42,18.29,1.0,0.0,0.0,0.0,0.0,,,0,static
test_q4_2024,2024-10-20,841,LOJA 841,13315,BROMELIN SUSP 100ML,33104,0,,1.0,3.0,55.89,74.42,18.29,1.0,0.0,0.0,0.0,0.0,,,0,static
test_q4_2024,2024-10-21,841,LOJA 841,13315,BROMELIN SUSP 100ML,33104,0,,1.0,3.0,55.89,74.42,18.29,1.0,0.0,0.0,0.0,0.0,,,0,static
test_q4_2024,2024-10-22,841,LOJA 841,13315,BROMELIN SUSP 100ML,33104,0,,1.0,3.0,55.89,74.42,18.29,1.0,0.0,0.0,0.0,0.0,,,0,static
test_q4_2024,2024-10-23,841,LOJA 841,13315,BROMELIN SUSP 100ML,33104,0,,1.0,3.0,55.89,74.42,18.29,1.0,0.0,0.0,0.0,0.0,,,0,static
test_q4_2024,2024-10-24,841,LOJA 841,13315,BROMELIN SUSP 100ML,33104,0,,1.0,3.0,55.89,74.42,18.29,1.0,0.0,0.0,0.0,0.0,,,0,static
test_q4_2024,2024-10-25,841,LOJA 841,13315,BROMELIN SUSP 100ML,33104,0,,1.0,3.0,55.89,74.42,18.29,1.0,0.0,0.0,0.0,0.0,,,0,static
test_q4_2024,2024-10-26,841,LOJA 841,13315,BROMELIN SUSP 100ML,33104,0,,1.0,3.0,55.89,74.42,18.29,1.0,0.0,0.0,0.0,0.0,,,0,static
test_q4_2024,2024-10-27,841,LOJA 841,13315,BROMELIN SUSP 100ML,33104,0,,1.0,3.0,55.89,74.42,18.29,1.0,0.0,0.0,0.0,0.0,,,0,static
test_q4_2024,2024-10-28,841,LOJA 841,13315,BROMELIN SUSP 100ML,33104,0,,1.0,3.0,55.89,74.42,18.29,1.0,0.0,0.0,0.0,0.0,,,0,static
test_q4_2024,2024-10-29,841,LOJA 841,13315,BROMELIN SUSP 100ML,33104,0,,1.0,3.0,55.89,74.42,18.29,1.0,0.0,0.0,0.0,0.0,,,0,static
test_q4_2024,2024-10-30,841,LOJA 841,13315,BROMELIN SUSP 100ML,33104,0,,1.0,3.0,55.89,74.42,18.29,1.0,0.0,0.0,0.0,0.0,,,0,static
test_q4_2024,2024-10-31,841,LOJA 841,13315,BROMELIN SUSP 100ML,33104,0,,1.0,3.0,55.89,74.42,18.29,1.0,0.0,0.0,0.0,0.0,,,0,static
test_q4_2024,2024-11-01,841,LOJA 841,13315,BROMELIN SUSP 100ML,33104,0,,1.0,3.0,55.89,74.42,18.29,1.0,0.0,0.0,0.0,0.0,,,0,static
test_q4_2024,2024-11-02,841,LOJA 841,13315,BROMELIN SUSP 100ML,33104,0,,1.0,3.0,55.89,74.42,18.29,1.0,0.0,0.0,0.0,0.0,,,0,static
test_q4_2024,2024-11-03,841,LOJA 841,13315,BROMELIN SUSP 100ML,33104,0,,1.0,3.0,55.89,74.42,18.29,1.0,0.0,0.0,0.0,0.0,,,0,static
test_q4_2024,2024-11-04,841,LOJA 841,13315,BROMELIN SUSP 100ML,33104,0,,1.0,3.0,55.89,74.42,18.29,1.0,0.0,0.0,0.0,0.0,,,0,static
test_q4_2024,2024-11-05,841,LOJA 841,13315,BROMELIN SUSP 100ML,33104,0,,1.0,3.0,55.89,74.42,18.29,1.0,0.0,0.0,0.0,0.0,,,0,static
test_q4_2024,2024-11-06,841,LOJA 841,13315,BROMELIN SUSP 100ML,33104,0,,1.0,3.0,55.89,74.42,18.29,1.0,0.0,0.0,0.0,0.0,,,0,static
test_q4_2024,2024-11-07,841,LOJA 841,13315,BROMELIN SUSP 100ML,33104,0,,1.0,3.0,55.89,74.42,18.29,1.0,0.0,0.0,0.0,0.0,,,0,static
test_q4_2024,2024-11-08,841,LOJA 841,13315,BROMELIN SUSP 100ML,33104,0,,1.0,3.0,55.89,74.42,18.29,1.0,0.0,0.0,0.0,0.0,,,0,static
test_q4_2024,2024-11-09,841,LOJA 841,13315,BROMELIN SUSP 100ML,33104,0,,1.0,3.0,55.89,74.42,18.29,1.0,0.0,0.0,0.0,0.0,,,0,static
test_q4_2024,2024-11-10,841,LOJA 841,13315,BROMELIN SUSP 100ML,33104,0,,1.0,3.0,55.89,74.42,18.29,1.0,0.0,0.0,0.0,0.0,,,0,static
test_q4_2024,2024-11-11,841,LOJA 841,13315,BROMELIN SUSP 100ML,33104,0,,1.0,3.0,55.89,74.42,18.29,1.0,0.0,0.0,0.0,0.0,,,0,static
test_q4_2024,2024-11-12,841,LOJA 841,13315,BROMELIN SUSP 100ML,33104,0,,1.0,3.0,55.89,74.42,18.29,1.0,0.0,0.0,0.0,0.0,,,0,static
test_q4_2024,2024-11-13,841,LOJA 841,13315,BROMELIN SUSP 100ML,33104,0,,1.0,3.0,55.89,74.42,18.29,1.0,0.0,0.0,0.0,0.0,,,0,static
test_q4_2024,2024-11-14,841,LOJA 841,13315,BROMELIN SUSP 100ML,33104,0,,1.0,3.0,55.89,74.42,18.29,1.0,0.0,0.0,0.0,0.0,,,0,static
test_q4_2024,2024-11-15,841,LOJA 841,13315,BROMELIN SUSP 100ML,33104,0,,1.0,3.0,55.89,74.42,18.29,1.0,0.0,0.0,0.0,0.0,,,0,static
test_q4_2024,2024-11-16,841,LOJA 841,13315,BROMELIN SUSP 100ML,33104,0,,1.0,3.0,55.89,74.42,18.29,1.0,0.0,0.0,0.0,0.0,,,0,static
test_q4_2024,2024-11-17,841,LOJA 841,13315,BROMELIN SUSP 100ML,33104,0,,1.0,3.0,55.89,74.42,18.29,1.0,0.0,0.0,0.0,0.0,,,0,static
test_q4_2024,2024-11-18,841,LOJA 841,13315,BROMELIN SUSP 100ML,33104,0,,1.0,3.0,55.89,74.42,18.29,1.0,0.0,0.0,0.0,0.0,,,0,static
test_q4_2024,2024-11-19,841,LOJA 841,13315,BROMELIN SUSP 100ML,33104,0,,1.0,3.0,55.89,74.42,18.29,1.0,0.0,0.0,0.0,0.0,,,0,static
test_q4_2024,2024-11-20,841,LOJA 841,13315,BROMELIN SUSP 100ML,33104,0,,1.0,3.0,55.89,74.42,18.29,1.0,0.0,0.0,0.0,0.0,,,0,static
test_q4_2024,2024-11-21,841,LOJA 841,13315,BROMELIN SUSP 100ML,33104,0,,1.0,3.0,55.89,74.42,18.29,1.0,0.0,0.0,0.0,0.0,,,0,static
test_q4_2024,2024-11-22,841,LOJA 841,13315,BROMELIN SUSP 100ML,33104,0,,1.0,3.0,55.89,74.42,18.29,1.0,0.0,0.0,0.0,0.0,,,0,static
test_q4_2024,2024-11-23,841,LOJA 841,13315,BROMELIN SUSP 100ML,33104,0,,1.0,3.0,55.89,74.42,18.29,1.0,0.0,0.0,0.0,0.0,,,0,static
test_q4_2024,2024-11-24,841,LOJA 841,13315,BROMELIN SUSP 100ML,33104,0,,1.0,3.0,55.89,74.42,18.29,1.0,0.0,0.0,0.0,0.0,,,0,static
test_q4_2024,2024-11-25,841,LOJA 841,13315,BROMELIN SUSP 100ML,33104,0,,1.0,3.0,55.89,74.42,18.29,1.0,0.0,0.0,0.0,0.0,,,0,static
test_q4_2024,2024-11-26,841,LOJA 841,13315,BROMELIN SUSP 100ML,33104,0,,1.0,3.0,55.89,74.42,18.29,1.0,0.0,0.0,0.0,0.0,,,0,static
test_q4_2024,2024-11-27,841,LOJA 841,13315,BROMELIN SUSP 100ML,33104,0,,1.0,3.0,55.89,74.42,18.29,1.0,0.0,0.0,0.0,0.0,,,0,static
test_q4_2024,2024-11-28,841,LOJA 841,13315,BROMELIN SUSP 100ML,33104,0,,1.0,3.0,55.89,74.42,18.29,1.0,0.0,0.0,0.0,0.0,,,0,static
test_q4_2024,2024-11-29,841,LOJA 841,13315,BROMELIN SUSP 100ML,33104,0,,1.0,3.0,55.89,74.42,18.29,1.0,0.0,0.0,0.0,0.0,,,0,static
test_q4_2024,2024-11-30,841,LOJA 841,13315,BROMELIN SUSP 100ML,33104,0,,1.0,3.0,55.89,74.42,18.29,1.0,0.0,0.0,0.0,0.0,,,0,static
test_q4_2024,2024-12-01,841,LOJA 841,13315,BROMELIN SUSP 100ML,33104,0,,1.0,3.0,55.89,74.42,18.29,1.0,0.0,0.0,0.0,0.0,,,0,static
test_q4_2024,2024-12-02,841,LOJA 841,13315,BROMELIN SUSP 100ML,33104,0,,1.0,3.0,55.89,74.42,18.29,1.0,0.0,0.0,0.0,0.0,,,0,static
test_q4_2024,2024-12-03,841,LOJA 841,13315,BROMELIN SUSP 100ML,33104,0,,1.0,3.0,55.89,74.42,18.29,1.0,0.0,0.0,0.0,0.0,,,0,static
test_q4_2024,2024-12-04,841,LOJA 841,13315,BROMELIN SUSP 100ML,33104,0,,1.0,3.0,55.89,74.42,18.29,1.0,0.0,0.0,0.0,0.0,,,0,static
test_q4_2024,2024-12-05,841,LOJA 841,13315,BROMELIN SUSP 100ML,33104,0,,1.0,3.0,55.89,74.42,18.29,1.0,0.0,0.0,0.0,0.0,,,0,static
test_q4_2024,2024-12-06,841,LOJA 841,13315,BROMELIN SUSP 100ML,33104,0,,1.0,3.0,55.89,74.42,18.29,1.0,0.0,0.0,0.0,0.0,,,0,static
test_q4_2024,2024-12-07,841,LOJA 841,13315,BROMELIN SUSP 100ML,33104,0,,1.0,3.0,55.89,74.42,18.29,1.0,0.0,0.0,0.0,0.0,,,0,static
test_q4_2024,2024-12-08,841,LOJA 841,13315,BROMELIN SUSP 100ML,33104,0,,1.0,3.0,55.89,74.42,18.29,1.0,0.0,0.0,0.0,0.0,,,0,static
test_q4_2024,2024-12-09,841,LOJA 841,13315,BROMELIN SUSP 100ML,33104,0,,1.0,3.0,55.89,74.42,18.29,1.0,0.0,0.0,0.0,0.0,,,0,static
test_q4_2024,2024-12-10,841,LOJA 841,13315,BROMELIN SUSP 100ML,33104,0,,1.0,3.0,55.89,74.42,18.29,1.0,0.0,0.0,0.0,0.0,,,0,static
test_q4_2024,2024-12-11,841,LOJA 841,13315,BROMELIN SUSP 100ML,33104,0,,1.0,3.0,55.89,74.42,18.29,1.0,0.0,0.0,0.0,0.0,,,0,static
test_q4_2024,2024-12-12,841,LOJA 841,13315,BROMELIN SUSP 100ML,33104,0,,1.0,3.0,55.89,74.42,18.29,1.0,0.0,0.0,0.0,0.0,,,0,static
test_q4_2024,2024-12-13,841,LOJA 841,13315,BROMELIN SUSP 100ML,33104,0,,1.0,3.0,55.89,74.42,18.29,1.0,0.0,0.0,0.0,0.0,,,0,static
test_q4_2024,2024-12-14,841,LOJA 841,13315,BROMELIN SUSP 100ML,33104,0,,1.0,3.0,55.89,74.42,18.29,1.0,0.0,0.0,0.0,0.0,,,0,static
test_q4_2024,2024-12-15,841,LOJA 841,13315,BROMELIN SUSP 100ML,33104,0,,1.0,3.0,55.89,74.42,18.29,1.0,0.0,0.0,0.0,0.0,,,0,static
test_q4_2024,2024-12-16,841,LOJA 841,13315,BROMELIN SUSP 100ML,33104,0,,1.0,3.0,55.89,74.42,18.29,1.0,0.0,0.0,0.0,0.0,,,0,static
test_q4_2024,2024-12-17,841,LOJA 841,13315,BROMELIN SUSP 100ML,33104,0,,1.0,3.0,55.89,74.42,18.29,1.0,0.0,0.0,0.0,0.0,,,0,static
test_q4_2024,2024-12-18,841,LOJA 841,13315,BROMELIN SUSP 100ML,33104,0,,1.0,3.0,55.89,74.42,18.29,1.0,0.0,0.0,0.0,0.0,,,0,static
test_q4_2024,2024-12-19,841,LOJA 841,13315,BROMELIN SUSP 100ML,33104,0,,1.0,3.0,55.89,74.42,18.29,1.0,0.0,0.0,0.0,0.0,,,0,static
test_q4_2024,2024-12-20,841,LOJA 841,13315,BROMELIN SUSP 100ML,33104,0,,1.0,3.0,55.89,74.42,18.29,1.0,0.0,0.0,0.0,0.0,,,0,static
test_q4_2024,2024-12-21,841,LOJA 841,13315,BROMELIN SUSP 100ML,33104,0,,1.0,3.0,55.89,74.42,18.29,1.0,0.0,0.0,0.0,0.0,,,0,static
test_q4_2024,2024-12-22,841,LOJA 841,13315,BROMELIN SUSP 100ML,33104,0,,1.0,3.0,55.89,74.42,18.29,1.0,0.0,0.0,0.0,0.0,,,0,static
test_q4_2024,2024-12-23,841,LOJA 841,13315,BROMELIN SUSP 100ML,33104,0,,1.0,3.0,55.89,74.42,18.29,1.0,0.0,0.0,0.0,0.0,,,0,static
test_q4_2024,2024-12-24,841,LOJA 841,13315,BROMELIN SUSP 100ML,33104,0,,1.0,3.0,55.89,74.42,18.29,1.0,0.0,0.0,0.0,0.0,,,0,static
test_q4_2024,2024-12-25,841,LOJA 841,13315,BROMELIN SUSP 100ML,33104,0,,1.0,3.0,55.89,74.42,18.29,1.0,0.0,0.0,0.0,0.0,,,0,static
test_q4_2024,2024-12-26,841,LOJA 841,13315,BROMELIN SUSP 100ML,33104,0,,1.0,3.0,55.89,74.42,18.29,1.0,0.0,0.0,0.0,0.0,,,0,static
test_q4_2024,2024-12-27,841,LOJA 841,13315,BROMELIN SUSP 100ML,33104,0,,1.0,3.0,55.89,74.42,18.29,1.0,0.0,0.0,0.0,0.0,,,0,static
test_q4_2024,2024-12-28,841,LOJA 841,13315,BROMELIN SUSP 100ML,33104,0,,1.0,3.0,55.89,74.42,18.29,1.0,0.0,0.0,0.0,0.0,,,0,static
test_q4_2024,2024-12-29,841,LOJA 841,13315,BROMELIN SUSP 100ML,33104,0,,1.0,3.0,55.89,74.42,18.29,1.0,0.0,0.0,0.0,0.0,,,0,static
test_q4_2024,2024-12-30,841,LOJA 841,13315,BROMELIN SUSP 100ML,33104,0,,1.0,3.0,55.89,74.42,18.29,1.0,0.0,0.0,0.0,0.0,,,0,static
test_q4_2024,2024-12-31,841,LOJA 841,13315,BROMELIN SUSP 100ML,33104,0,,1.0,3.0,55.89,74.42,18.29,1.0,0.0,0.0,0.0,0.0,,,0,static
test_q4_2024,2024-10-01,841,LOJA 841,1439,SORINE GTS ADULTO 30ML,334,0,,1.0,3.0,20.84,24.3,15.49,1.0,0.0,0.1336,0.0,0.0,2.0,30.96,0,static
test_q4_2024,2024-10-02,841,LOJA 841,1439,SORINE GTS ADULTO 30ML,334,0,,1.0,3.0,20.84,24.3,15.49,1.0,0.0,0.1336,0.0,0.0,2.0,30.96,0,static
test_q4_2024,2024-10-03,841,LOJA 841,1439,SORINE GTS ADULTO 30ML,334,0,,1.0,3.0,20.84,24.3,15.49,1.0,0.0,0.1336,0.0,0.0,2.0,30.96,0,static
test_q4_2024,2024-10-04,841,LOJA 841,1439,SORINE GTS ADULTO 30ML,334,0,,1.0,3.0,20.84,24.3,15.49,1.0,0.0,0.1336,0.0,0.0,2.0,30.96,0,static
test_q4_2024,2024-10-05,841,LOJA 841,1439,SORINE GTS ADULTO 30ML,334,0,,1.0,3.0,20.84,24.3,15.49,1.0,0.0,0.1336,0.0,0.0,2.0,30.96,0,static
test_q4_2024,2024-10-06,841,LOJA 841,1439,SORINE GTS ADULTO 30ML,334,0,,1.0,3.0,20.84,24.3,15.49,1.0,0.0,0.1336,0.0,0.0,,,0,static
test_q4_2024,2024-10-07,841,LOJA 841,1439,SORINE GTS ADULTO 30ML,334,0,,1.0,3.0,20.84,24.3,15.49,1.0,0.0,0.1336,0.0,0.0,2.0,30.96,0,static
test_q4_2024,2024-10-08,841,LOJA 841,1439,SORINE GTS ADULTO 30ML,334,0,,1.0,3.0,20.84,24.3,15.49,1.0,0.0,0.1336,0.0,0.0,2.0,30.96,0,static
test_q4_2024,2024-10-09,841,LOJA 841,1439,SORINE GTS ADULTO 30ML,334,0,,1.0,3.0,20.84,24.3,15.49,1.0,0.0,0.1336,0.0,0.0,2.0,30.96,0,static
test_q4_2024,2024-10-10,841,LOJA 841,1439,SORINE GTS ADULTO 30ML,334,0,,1.0,3.0,20.84,24.3,15.49,1.0,0.0,0.1336,0.0,0.0,2.0,30.96,0,static
test_q4_2024,2024-10-11,841,LOJA 841,1439,SORINE GTS ADULTO 30ML,334,0,,1.0,3.0,20.84,24.3,15.49,1.0,0.0,0.1336,0.0,0.0,2.0,30.96,0,static
test_q4_2024,2024-10-12,841,LOJA 841,1439,SORINE GTS ADULTO 30ML,334,0,,1.0,3.0,20.84,24.3,15.49,1.0,0.0,0.1336,2.0,2.0,2.0,30.96,0,static
test_q4_2024,2024-10-13,841,LOJA 841,1439,SORINE GTS ADULTO 30ML,334,0,,1.0,3.0,20.84,24.3,15.49,1.0,0.0,0.1336,0.0,0.0,,,0,static
test_q4_2024,2024-10-14,841,LOJA 841,1439,SORINE GTS ADULTO 30ML,334,0,,1.0,3.0,20.84,24.3,15.49,1.0,0.0,0.1336,0.0,0.0,0.0,0.0,1,static
test_q4_2024,2024-10-15,841,LOJA 841,1439,SORINE GTS ADULTO 30ML,334,0,,1.0,3.0,20.84,24.3,15.49,1.0,0.0,0.1336,0.0,0.0,0.0,0.0,1,static
test_q4_2024,2024-10-16,841,LOJA 841,1439,SORINE GTS ADULTO 30ML,334,0,,1.0,3.0,20.84,24.3,15.49,1.0,0.0,0.1336,0.0,0.0,0.0,0.0,1,static
test_q4_2024,2024-10-17,841,LOJA 841,1439,SORINE GTS ADULTO 30ML,334,0,,1.0,3.0,20.84,24.3,15.49,1.0,0.0,0.1336,0.0,0.0,0.0,0.0,1,static
test_q4_2024,2024-10-18,841,LOJA 841,1439,SORINE GTS ADULTO 30ML,334,0,,1.0,3.0,20.84,24.3,15.49,1.0,0.0,0.1336,0.0,0.0,1.0,15.49,0,static
test_q4_2024,2024-10-19,841,LOJA 841,1439,SORINE GTS ADULTO 30ML,334,0,,1.0,3.0,20.84,24.3,15.49,1.0,0.0,0.1336,0.0,0.0,1.0,15.49,0,static
test_q4_2024,2024-10-20,841,LOJA 841,1439,SORINE GTS ADULTO 30ML,334,0,,1.0,3.0,20.84,24.3,15.49,1.0,0.0,0.1336,0.0,0.0,,,0,static
test_q4_2024,2024-10-21,841,LOJA 841,1439,SORINE GTS ADULTO 30ML,334,0,,1.0,3.0,20.84,24.3,15.49,1.0,0.0,0.1336,0.0,0.0,1.0,15.49,0,static
test_q4_2024,2024-10-22,841,LOJA 841,1439,SORINE GTS ADULTO 30ML,334,0,,1.0,3.0,20.84,24.3,15.49,1.0,0.0,0.1336,0.0,0.0,1.0,15.49,0,static
test_q4_2024,2024-10-23,841,LOJA 841,1439,SORINE GTS ADULTO 30ML,334,0,,1.0,3.0,20.84,24.3,15.49,1.0,0.0,0.1336,0.0,0.0,1.0,15.49,0,static
test_q4_2024,2024-10-24,841,LOJA 841,1439,SORINE GTS ADULTO 30ML,334,0,,1.0,3.0,20.84,24.3,15.49,1.0,0.0,0.1336,0.0,0.0,3.0,46.47,0,static
test_q4_2024,2024-10-25,841,LOJA 841,1439,SORINE GTS ADULTO 30ML,334,0,,1.0,3.0,20.84,24.3,15.49,1.0,0.0,0.1336,0.0,0.0,3.0,46.47,0,static
test_q4_2024,2024-10-26,841,LOJA 841,1439,SORINE GTS ADULTO 30ML,334,0,,1.0,3.0,20.84,24.3,15.49,1.0,0.0,0.1336,0.0,0.0,3.0,46.47,0,static
test_q4_2024,2024-10-27,841,LOJA 841,1439,SORINE GTS ADULTO 30ML,334,0,,1.0,3.0,20.84,24.3,15.49,1.0,0.0,0.1336,0.0,0.0,,,0,static
test_q4_2024,2024-10-28,841,LOJA 841,1439,SORINE GTS ADULTO 30ML,334,0,,1.0,3.0,20.84,24.3,15.49,1.0,0.0,0.1336,0.0,0.0,3.0,46.47,0,static
test_q4_2024,2024-10-29,841,LOJA 841,1439,SORINE GTS ADULTO 30ML,334,0,,1.0,3.0,20.84,24.3,15.49,1.0,0.0,0.1336,0.0,0.0,3.0,46.47,0,static
test_q4_2024,2024-10-30,841,LOJA 841,1439,SORINE GTS ADULTO 30ML,334,0,,1.0,3.0,20.84,24.3,15.49,1.0,0.0,0.1336,0.0,0.0,3.0,46.47,0,static
test_q4_2024,2024-10-31,841,LOJA 841,1439,SORINE GTS ADULTO 30ML,334,0,,1.0,3.0,20.84,24.3,15.49,1.0,0.0,0.1336,0.0,0.0,3.0,46.47,0,static
test_q4_2024,2024-11-01,841,LOJA 841,1439,SORINE GTS ADULTO 30ML,334,0,,1.0,3.0,20.84,24.3,15.49,1.0,0.0,0.1336,0.0,0.0,3.0,46.47,0,static
test_q4_2024,2024-11-02,841,LOJA 841,1439,SORINE GTS ADULTO 30ML,334,0,,1.0,3.0,20.84,24.3,15.49,1.0,0.0,0.1336,0.0,0.0,3.0,46.47,0,static
test_q4_2024,2024-11-03,841,LOJA 841,1439,SORINE GTS ADULTO 30ML,334,0,,1.0,3.0,20.84,24.3,15.49,1.0,0.0,0.1336,0.0,0.0,,,0,static
test_q4_2024,2024-11-04,841,LOJA 841,1439,SORINE GTS ADULTO 30ML,334,0,,1.0,3.0,20.84,24.3,15.49,1.0,0.0,0.1336,0.0,0.0,3.0,46.47,0,static
test_q4_2024,2024-11-05,841,LOJA 841,1439,SORINE GTS ADULTO 30ML,334,0,,1.0,3.0,20.84,24.3,15.49,1.0,0.0,0.1336,0.0,0.0,4.0,61.96,0,static
test_q4_2024,2024-11-06,841,LOJA 841,1439,SORINE GTS ADULTO 30ML,334,0,,1.0,3.0,20.84,24.3,15.49,1.0,0.0,0.1336,0.0,0.0,4.0,61.96,0,static
test_q4_2024,2024-11-07,841,LOJA 841,1439,SORINE GTS ADULTO 30ML,334,0,,1.0,3.0,20.84,24.3,15.49,1.0,0.0,0.1336,0.0,0.0,4.0,61.96,0,static
test_q4_2024,2024-11-08,841,LOJA 841,1439,SORINE GTS ADULTO 30ML,334,0,,1.0,3.0,20.84,24.3,15.49,1.0,0.0,0.1336,0.0,0.0,4.0,61.96,0,static
test_q4_2024,2024-11-09,841,LOJA 841,1439,SORINE GTS ADULTO 30ML,334,0,,1.0,3.0,20.84,24.3,15.49,1.0,0.0,0.1336,0.0,0.0,4.0,61.96,0,static
test_q4_2024,2024-11-10,841,LOJA 841,1439,SORINE GTS ADULTO 30ML,334,0,,1.0,3.0,20.84,24.3,15.49,1.0,0.0,0.1336,0.0,0.0,,,0,static
test_q4_2024,2024-11-11,841,LOJA 841,1439,SORINE GTS ADULTO 30ML,334,0,,1.0,3.0,20.84,24.3,15.49,1.0,0.0,0.1336,0.0,0.0,4.0,61.96,0,static
test_q4_2024,2024-11-12,841,LOJA 841,1439,SORINE GTS ADULTO 30ML,334,0,,1.0,3.0,20.84,24.3,15.49,1.0,0.0,0.1336,0.0,0.0,4.0,61.96,0,static
test_q4_2024,2024-11-13,841,LOJA 841,1439,SORINE GTS ADULTO 30ML,334,0,,1.0,3.0,20.84,24.3,15.49,1.0,0.0,0.1336,0.0,0.0,4.0,61.96,0,static
test_q4_2024,2024-11-14,841,LOJA 841,1439,SORINE GTS ADULTO 30ML,334,0,,1.0,3.0,20.84,24.3,15.49,1.0,0.0,0.1336,0.0,0.0,4.0,61.96,0,static
test_q4_2024,2024-11-15,841,LOJA 841,1439,SORINE GTS ADULTO 30ML,334,0,,1.0,3.0,20.84,24.3,15.49,1.0,0.0,0.1336,0.0,0.0,4.0,61.96,0,static
test_q4_2024,2024-11-16,841,LOJA 841,1439,SORINE GTS ADULTO 30ML,334,0,,1.0,3.0,20.84,24.3,15.49,1.0,0.0,0.1336,0.0,0.0,4.0,61.96,0,static
test_q4_2024,2024-11-17,841,LOJA 841,1439,SORINE GTS ADULTO 30ML,334,0,,1.0,3.0,20.84,24.3,15.49,1.0,0.0,0.1336,0.0,0.0,,,0,static
test_q4_2024,2024-11-18,841,LOJA 841,1439,SORINE GTS ADULTO 30ML,334,0,,1.0,3.0,20.84,24.3,15.49,1.0,0.0,0.1336,0.0,0.0,4.0,61.96,0,static
test_q4_2024,2024-11-19,841,LOJA 841,1439,SORINE GTS ADULTO 30ML,334,0,,1.0,3.0,20.84,24.3,15.49,1.0,0.0,0.1336,0.0,0.0,4.0,61.96,0,static
test_q4_2024,2024-11-20,841,LOJA 841,1439,SORINE GTS ADULTO 30ML,334,0,,1.0,3.0,20.84,24.3,15.49,1.0,0.0,0.1336,0.0,0.0,4.0,61.96,0,static
test_q4_2024,2024-11-21,841,LOJA 841,1439,SORINE GTS ADULTO 30ML,334,0,,1.0,3.0,20.84,24.3,15.49,1.0,0.0,0.1336,0.0,0.0,4.0,61.96,0,static
test_q4_2024,2024-11-22,841,LOJA 841,1439,SORINE GTS ADULTO 30ML,334,0,,1.0,3.0,20.84,24.3,15.49,1.0,0.0,0.1336,0.0,0.0,4.0,61.96,0,static
test_q4_2024,2024-11-23,841,LOJA 841,1439,SORINE GTS ADULTO 30ML,334,0,,1.0,3.0,20.84,24.3,15.49,1.0,0.0,0.1336,0.0,0.0,4.0,61.96,0,static
test_q4_2024,2024-11-24,841,LOJA 841,1439,SORINE GTS ADULTO 30ML,334,0,,1.0,3.0,20.84,24.3,15.49,1.0,0.0,0.1336,0.0,0.0,,,0,static
test_q4_2024,2024-11-25,841,LOJA 841,1439,SORINE GTS ADULTO 30ML,334,0,,1.0,3.0,20.84,24.3,15.49,1.0,0.0,0.1336,0.0,0.0,4.0,61.96,0,static
test_q4_2024,2024-11-26,841,LOJA 841,1439,SORINE GTS ADULTO 30ML,334,0,,1.0,3.0,20.84,24.3,15.49,1.0,0.0,0.1336,0.0,0.0,4.0,61.96,0,static
test_q4_2024,2024-11-27,841,LOJA 841,1439,SORINE GTS ADULTO 30ML,334,0,,1.0,3.0,20.84,24.3,15.49,1.0,0.0,0.1336,0.0,0.0,4.0,61.96,0,static
test_q4_2024,2024-11-28,841,LOJA 841,1439,SORINE GTS ADULTO 30ML,334,0,,1.0,3.0,20.84,24.3,15.49,1.0,0.0,0.1336,0.0,0.0,4.0,61.96,0,static
test_q4_2024,2024-11-29,841,LOJA 841,1439,SORINE GTS ADULTO 30ML,334,0,,1.0,3.0,20.84,24.3,15.49,1.0,0.0,0.1336,0.0,0.0,4.0,61.96,0,static
test_q4_2024,2024-11-30,841,LOJA 841,1439,SORINE GTS ADULTO 30ML,334,0,,1.0,3.0,20.84,24.3,15.49,1.0,0.0,0.1336,0.0,0.0,4.0,61.96,0,static
test_q4_2024,2024-12-01,841,LOJA 841,1439,SORINE GTS ADULTO 30ML,334,0,,1.0,3.0,20.84,24.3,15.49,1.0,0.0,0.1336,0.0,0.0,,,0,static
test_q4_2024,2024-12-02,841,LOJA 841,1439,SORINE GTS ADULTO 30ML,334,0,,1.0,3.0,20.84,24.3,15.49,1.0,0.0,0.1336,0.0,0.0,4.0,61.96,0,static
test_q4_2024,2024-12-03,841,LOJA 841,1439,SORINE GTS ADULTO 30ML,334,0,,1.0,3.0,20.84,24.3,15.49,1.0,0.0,0.1336,0.0,0.0,4.0,61.96,0,static
test_q4_2024,2024-12-04,841,LOJA 841,1439,SORINE GTS ADULTO 30ML,334,0,,1.0,3.0,20.84,24.3,15.49,1.0,0.0,0.1336,0.0,0.0,4.0,61.96,0,static
test_q4_2024,2024-12-05,841,LOJA 841,1439,SORINE GTS ADULTO 30ML,334,0,,1.0,3.0,20.84,24.3,15.49,1.0,0.0,0.1336,0.0,0.0,4.0,61.96,0,static
test_q4_2024,2024-12-06,841,LOJA 841,1439,SORINE GTS ADULTO 30ML,334,0,,1.0,3.0,20.84,24.3,15.49,1.0,0.0,0.1336,0.0,0.0,4.0,61.96,0,static
test_q4_2024,2024-12-07,841,LOJA 841,1439,SORINE GTS ADULTO 30ML,334,0,,1.0,3.0,20.84,24.3,15.49,1.0,0.0,0.1336,0.0,0.0,4.0,61.96,0,static
test_q4_2024,2024-12-08,841,LOJA 841,1439,SORINE GTS ADULTO 30ML,334,0,,1.0,3.0,20.84,24.3,15.49,1.0,0.0,0.1336,0.0,0.0,,,0,static
test_q4_2024,2024-12-09,841,LOJA 841,1439,SORINE GTS ADULTO 30ML,334,0,,1.0,3.0,20.84,24.3,15.49,1.0,0.0,0.1336,0.0,0.0,4.0,61.96,0,static
test_q4_2024,2024-12-10,841,LOJA 841,1439,SORINE GTS ADULTO 30ML,334,0,,1.0,3.0,20.84,24.3,15.49,1.0,0.0,0.1336,0.0,0.0,4.0,61.96,0,static
test_q4_2024,2024-12-11,841,LOJA 841,1439,SORINE GTS ADULTO 30ML,334,0,,1.0,3.0,20.84,24.3,15.49,1.0,0.0,0.1336,0.0,0.0,4.0,61.96,0,static
test_q4_2024,2024-12-12,841,LOJA 841,1439,SORINE GTS ADULTO 30ML,334,0,,1.0,3.0,20.84,24.3,15.49,1.0,0.0,0.1336,0.0,0.0,4.0,61.96,0,static
test_q4_2024,2024-12-13,841,LOJA 841,1439,SORINE GTS ADULTO 30ML,334,0,,1.0,3.0,20.84,24.3,15.49,1.0,0.0,0.1336,0.0,0.0,4.0,61.96,0,static
test_q4_2024,2024-12-14,841,LOJA 841,1439,SORINE GTS ADULTO 30ML,334,0,,1.0,3.0,20.84,24.3,15.49,1.0,0.0,0.1336,0.0,0.0,4.0,61.96,0,static
test_q4_2024,2024-12-15,841,LOJA 841,1439,SORINE GTS ADULTO 30ML,334,0,,1.0,3.0,20.84,24.3,15.49,1.0,0.0,0.1336,0.0,0.0,,,0,static
test_q4_2024,2024-12-16,841,LOJA 841,1439,SORINE GTS ADULTO 30ML,334,0,,1.0,3.0,20.84,24.3,15.49,1.0,0.0,0.1336,0.0,0.0,4.0,61.96,0,static
test_q4_2024,2024-12-17,841,LOJA 841,1439,SORINE GTS ADULTO 30ML,334,0,,1.0,3.0,20.84,24.3,15.49,1.0,0.0,0.1336,0.0,0.0,4.0,61.96,0,static
test_q4_2024,2024-12-18,841,LOJA 841,1439,SORINE GTS ADULTO 30ML,334,0,,1.0,3.0,20.84,24.3,15.49,1.0,0.0,0.1336,0.0,0.0,4.0,61.96,0,static
test_q4_2024,2024-12-19,841,LOJA 841,1439,SORINE GTS ADULTO 30ML,334,0,,1.0,3.0,20.84,24.3,15.49,1.0,0.0,0.1336,0.0,0.0,4.0,61.96,0,static
test_q4_2024,2024-12-20,841,LOJA 841,1439,SORINE GTS ADULTO 30ML,334,0,,1.0,3.0,20.84,24.3,15.49,1.0,0.0,0.1336,0.0,0.0,4.0,61.96,0,static
test_q4_2024,2024-12-21,841,LOJA 841,1439,SORINE GTS ADULTO 30ML,334,0,,1.0,3.0,20.84,24.3,15.49,1.0,0.0,0.1336,0.0,0.0,4.0,61.96,0,static
test_q4_2024,2024-12-22,841,LOJA 841,1439,SORINE GTS ADULTO 30ML,334,0,,1.0,3.0,20.84,24.3,15.49,1.0,0.0,0.1336,0.0,0.0,,,0,static
test_q4_2024,2024-12-23,841,LOJA 841,1439,SORINE GTS ADULTO 30ML,334,0,,1.0,3.0,20.84,24.3,15.49,1.0,0.0,0.1336,0.0,0.0,4.0,61.96,0,static
test_q4_2024,2024-12-24,841,LOJA 841,1439,SORINE GTS ADULTO 30ML,334,0,,1.0,3.0,20.84,24.3,15.49,1.0,0.0,0.1336,0.0,0.0,4.0,61.96,0,static
test_q4_2024,2024-12-25,841,LOJA 841,1439,SORINE GTS ADULTO 30ML,334,0,,1.0,3.0,20.84,24.3,15.49,1.0,0.0,0.1336,0.0,0.0,4.0,61.96,0,static
test_q4_2024,2024-12-26,841,LOJA 841,1439,SORINE GTS ADULTO 30ML,334,0,,1.0,3.0,20.84,24.3,15.49,1.0,0.0,0.1336,0.0,0.0,4.0,61.96,0,static
test_q4_2024,2024-12-27,841,LOJA 841,1439,SORINE GTS ADULTO 30ML,334,0,,1.0,3.0,20.84,24.3,15.49,1.0,0.0,0.1336,0.0,0.0,4.0,61.96,0,static
test_q4_2024,2024-12-28,841,LOJA 841,1439,SORINE GTS ADULTO 30ML,334,0,,1.0,3.0,20.84,24.3,15.49,1.0,0.0,0.1336,1.0,1.0,4.0,61.96,0,static
test_q4_2024,2024-12-29,841,LOJA 841,1439,SORINE GTS ADULTO 30ML,334,0,,1.0,3.0,20.84,24.3,15.49,1.0,0.0,0.1336,0.0,0.0,,,0,static
test_q4_2024,2024-12-30,841,LOJA 841,1439,SORINE GTS ADULTO 30ML,334,0,,1.0,3.0,20.84,24.3,15.49,1.0,0.0,0.1336,0.0,0.0,3.0,46.47,0,static
test_q4_2024,2024-12-31,841,LOJA 841,1439,SORINE GTS ADULTO 30ML,334,0,,1.0,3.0,20.84,24.3,15.49,1.0,0.0,0.1336,0.0,0.0,3.0,46.47,0,static
test_q4_2024,2024-10-01,841,LOJA 841,15496,TAMIFLU 75MG CAPS C/10,30697,0,,1.0,3.0,277.3,346.49,203.05,1.0,0.0,0.0,0.0,0.0,,,0,static
test_q4_2024,2024-10-02,841,LOJA 841,15496,TAMIFLU 75MG CAPS C/10,30697,0,,1.0,3.0,277.3,346.49,203.05,1.0,0.0,0.0,0.0,0.0,,,0,static
test_q4_2024,2024-10-03,841,LOJA 841,15496,TAMIFLU 75MG CAPS C/10,30697,0,,1.0,3.0,277.3,346.49,203.05,1.0,0.0,0.0,0.0,0.0,,,0,static
test_q4_2024,2024-10-04,841,LOJA 841,15496,TAMIFLU 75MG CAPS C/10,30697,0,,1.0,3.0,277.3,346.49,203.05,1.0,0.0,0.0,0.0,0.0,,,0,static
test_q4_2024,2024-10-05,841,LOJA 841,15496,TAMIFLU 75MG CAPS C/10,30697,0,,1.0,3.0,277.3,346.49,203.05,1.0,0.0,0.0,0.0,0.0,,,0,static
test_q4_2024,2024-10-06,841,LOJA 841,15496,TAMIFLU 75MG CAPS C/10,30697,0,,1.0,3.0,277.3,346.49,203.05,1.0,0.0,0.0,0.0,0.0,,,0,static
test_q4_2024,2024-10-07,841,LOJA 841,15496,TAMIFLU 75MG CAPS C/10,30697,0,,1.0,3.0,277.3,346.49,203.05,1.0,0.0,0.0,0.0,0.0,,,0,static
test_q4_2024,2024-10-08,841,LOJA 841,15496,TAMIFLU 75MG CAPS C/10,30697,0,,1.0,3.0,277.3,346.49,203.05,1.0,0.0,0.0,0.0,0.0,,,0,static
test_q4_2024,2024-10-09,841,LOJA 841,15496,TAMIFLU 75MG CAPS C/10,30697,0,,1.0,3.0,277.3,346.49,203.05,1.0,0.0,0.0,0.0,0.0,,,0,static
test_q4_2024,2024-10-10,841,LOJA 841,15496,TAMIFLU 75MG CAPS C/10,30697,0,,1.0,3.0,277.3,346.49,203.05,1.0,0.0,0.0,0.0,0.0,,,0,static
test_q4_2024,2024-10-11,841,LOJA 841,15496,TAMIFLU 75MG CAPS C/10,30697,0,,1.0,3.0,277.3,346.49,203.05,1.0,0.0,0.0,0.0,0.0,,,0,static
test_q4_2024,2024-10-12,841,LOJA 841,15496,TAMIFLU 75MG CAPS C/10,30697,0,,1.0,3.0,277.3,346.49,203.05,1.0,0.0,0.0,0.0,0.0,,,0,static
test_q4_2024,2024-10-13,841,LOJA 841,15496,TAMIFLU 75MG CAPS C/10,30697,0,,1.0,3.0,277.3,346.49,203.05,1.0,0.0,0.0,0.0,0.0,,,0,static
test_q4_2024,2024-10-14,841,LOJA 841,15496,TAMIFLU 75MG CAPS C/10,30697,0,,1.0,3.0,277.3,346.49,203.05,1.0,0.0,0.0,0.0,0.0,,,0,static
test_q4_2024,2024-10-15,841,LOJA 841,15496,TAMIFLU 75MG CAPS C/10,30697,0,,1.0,3.0,277.3,346.49,203.05,1.0,0.0,0.0,0.0,0.0,,,0,static
test_q4_2024,2024-10-16,841,LOJA 841,15496,TAMIFLU 75MG CAPS C/10,30697,0,,1.0,3.0,277.3,346.49,203.05,1.0,0.0,0.0,0.0,0.0,,,0,static
test_q4_2024,2024-10-17,841,LOJA 841,15496,TAMIFLU 75MG CAPS C/10,30697,0,,1.0,3.0,277.3,346.49,203.05,1.0,0.0,0.0,0.0,0.0,,,0,static
test_q4_2024,2024-10-18,841,LOJA 841,15496,TAMIFLU 75MG CAPS C/10,30697,0,,1.0,3.0,277.3,346.49,203.05,1.0,0.0,0.0,0.0,0.0,,,0,static
test_q4_2024,2024-10-19,841,LOJA 841,15496,TAMIFLU 75MG CAPS C/10,30697,0,,1.0,3.0,277.3,346.49,203.05,1.0,0.0,0.0,0.0,0.0,,,0,static
test_q4_2024,2024-10-20,841,LOJA 841,15496,TAMIFLU 75MG CAPS C/10,30697,0,,1.0,3.0,277.3,346.49,203.05,1.0,0.0,0.0,0.0,0.0,,,0,static
test_q4_2024,2024-10-21,841,LOJA 841,15496,TAMIFLU 75MG CAPS C/10,30697,0,,1.0,3.0,277.3,346.49,203.05,1.0,0.0,0.0,0.0,0.0,,,0,static
test_q4_2024,2024-10-22,841,LOJA 841,15496,TAMIFLU 75MG CAPS C/10,30697,0,,1.0,3.0,277.3,346.49,203.05,1.0,0.0,0.0,0.0,0.0,,,0,static
test_q4_2024,2024-10-23,841,LOJA 841,15496,TAMIFLU 75MG CAPS C/10,30697,0,,1.0,3.0,277.3,346.49,203.05,1.0,0.0,0.0,0.0,0.0,,,0,static
test_q4_2024,2024-10-24,841,LOJA 841,15496,TAMIFLU 75MG CAPS C/10,30697,0,,1.0,3.0,277.3,346.49,203.05,1.0,0.0,0.0,0.0,0.0,,,0,static
test_q4_2024,2024-10-25,841,LOJA 841,15496,TAMIFLU 75MG CAPS C/10,30697,0,,1.0,3.0,277.3,346.49,203.05,1.0,0.0,0.0,0.0,0.0,,,0,static
test_q4_2024,2024-10-26,841,LOJA 841,15496,TAMIFLU 75MG CAPS C/10,30697,0,,1.0,3.0,277.3,346.49,203.05,1.0,0.0,0.0,0.0,0.0,,,0,static
test_q4_2024,2024-10-27,841,LOJA 841,15496,TAMIFLU 75MG CAPS C/10,30697,0,,1.0,3.0,277.3,346.49,203.05,1.0,0.0,0.0,0.0,0.0,,,0,static
test_q4_2024,2024-10-28,841,LOJA 841,15496,TAMIFLU 75MG CAPS C/10,30697,0,,1.0,3.0,277.3,346.49,203.05,1.0,0.0,0.0,0.0,0.0,,,0,static
test_q4_2024,2024-10-29,841,LOJA 841,15496,TAMIFLU 75MG CAPS C/10,30697,0,,1.0,3.0,277.3,346.49,203.05,1.0,0.0,0.0,0.0,0.0,,,0,static
test_q4_2024,2024-10-30,841,LOJA 841,15496,TAMIFLU 75MG CAPS C/10,30697,0,,1.0,3.0,277.3,346.49,203.05,1.0,0.0,0.0,0.0,0.0,,,0,static
test_q4_2024,2024-10-31,841,LOJA 841,15496,TAMIFLU 75MG CAPS C/10,30697,0,,1.0,3.0,277.3,346.49,203.05,1.0,0.0,0.0,0.0,0.0,,,0,static
test_q4_2024,2024-11-01,841,LOJA 841,15496,TAMIFLU 75MG CAPS C/10,30697,0,,1.0,3.0,277.3,346.49,203.05,1.0,0.0,0.0,0.0,0.0,,,0,static
test_q4_2024,2024-11-02,841,LOJA 841,15496,TAMIFLU 75MG CAPS C/10,30697,0,,1.0,3.0,277.3,346.49,203.05,1.0,0.0,0.0,0.0,0.0,,,0,static
test_q4_2024,2024-11-03,841,LOJA 841,15496,TAMIFLU 75MG CAPS C/10,30697,0,,1.0,3.0,277.3,346.49,203.05,1.0,0.0,0.0,0.0,0.0,,,0,static
test_q4_2024,2024-11-04,841,LOJA 841,15496,TAMIFLU 75MG CAPS C/10,30697,0,,1.0,3.0,277.3,346.49,203.05,1.0,0.0,0.0,0.0,0.0,,,0,static
test_q4_2024,2024-11-05,841,LOJA 841,15496,TAMIFLU 75MG CAPS C/10,30697,0,,1.0,3.0,277.3,346.49,203.05,1.0,0.0,0.0,0.0,0.0,,,0,static
test_q4_2024,2024-11-06,841,LOJA 841,15496,TAMIFLU 75MG CAPS C/10,30697,0,,1.0,3.0,277.3,346.49,203.05,1.0,0.0,0.0,0.0,0.0,,,0,static
test_q4_2024,2024-11-07,841,LOJA 841,15496,TAMIFLU 75MG CAPS C/10,30697,0,,1.0,3.0,277.3,346.49,203.05,1.0,0.0,0.0,0.0,0.0,,,0,static
test_q4_2024,2024-11-08,841,LOJA 841,15496,TAMIFLU 75MG CAPS C/10,30697,0,,1.0,3.0,277.3,346.49,203.05,1.0,0.0,0.0,0.0,0.0,,,0,static
test_q4_2024,2024-11-09,841,LOJA 841,15496,TAMIFLU 75MG CAPS C/10,30697,0,,1.0,3.0,277.3,346.49,203.05,1.0,0.0,0.0,0.0,0.0,,,0,static
test_q4_2024,2024-11-10,841,LOJA 841,15496,TAMIFLU 75MG CAPS C/10,30697,0,,1.0,3.0,277.3,346.49,203.05,1.0,0.0,0.0,0.0,0.0,,,0,static
test_q4_2024,2024-11-11,841,LOJA 841,15496,TAMIFLU 75MG CAPS C/10,30697,0,,1.0,3.0,277.3,346.49,203.05,1.0,0.0,0.0,0.0,0.0,,,0,static
test_q4_2024,2024-11-12,841,LOJA 841,15496,TAMIFLU 75MG CAPS C/10,30697,0,,1.0,3.0,277.3,346.49,203.05,1.0,0.0,0.0,0.0,0.0,,,0,static
test_q4_2024,2024-11-13,841,LOJA 841,15496,TAMIFLU 75MG CAPS C/10,30697,0,,1.0,3.0,277.3,346.49,203.05,1.0,0.0,0.0,0.0,0.0,,,0,static
test_q4_2024,2024-11-14,841,LOJA 841,15496,TAMIFLU 75MG CAPS C/10,30697,0,,1.0,3.0,277.3,346.49,203.05,1.0,0.0,0.0,0.0,0.0,,,0,static
test_q4_2024,2024-11-15,841,LOJA 841,15496,TAMIFLU 75MG CAPS C/10,30697,0,,1.0,3.0,277.3,346.49,203.05,1.0,0.0,0.0,0.0,0.0,,,0,static
test_q4_2024,2024-11-16,841,LOJA 841,15496,TAMIFLU 75MG CAPS C/10,30697,0,,1.0,3.0,277.3,346.49,203.05,1.0,0.0,0.0,0.0,0.0,,,0,static
test_q4_2024,2024-11-17,841,LOJA 841,15496,TAMIFLU 75MG CAPS C/10,30697,0,,1.0,3.0,277.3,346.49,203.05,1.0,0.0,0.0,0.0,0.0,,,0,static
test_q4_2024,2024-11-18,841,LOJA 841,15496,TAMIFLU 75MG CAPS C/10,30697,0,,1.0,3.0,277.3,346.49,203.05,1.0,0.0,0.0,0.0,0.0,,,0,static
test_q4_2024,2024-11-19,841,LOJA 841,15496,TAMIFLU 75MG CAPS C/10,30697,0,,1.0,3.0,277.3,346.49,203.05,1.0,0.0,0.0,0.0,0.0,,,0,static
test_q4_2024,2024-11-20,841,LOJA 841,15496,TAMIFLU 75MG CAPS C/10,30697,0,,1.0,3.0,277.3,346.49,203.05,1.0,0.0,0.0,0.0,0.0,,,0,static
test_q4_2024,2024-11-21,841,LOJA 841,15496,TAMIFLU 75MG CAPS C/10,30697,0,,1.0,3.0,277.3,346.49,203.05,1.0,0.0,0.0,0.0,0.0,,,0,static
test_q4_2024,2024-11-22,841,LOJA 841,15496,TAMIFLU 75MG CAPS C/10,30697,0,,1.0,3.0,277.3,346.49,203.05,1.0,0.0,0.0,0.0,0.0,,,0,static
test_q4_2024,2024-11-23,841,LOJA 841,15496,TAMIFLU 75MG CAPS C/10,30697,0,,1.0,3.0,277.3,346.49,203.05,1.0,0.0,0.0,0.0,0.0,,,0,static
test_q4_2024,2024-11-24,841,LOJA 841,15496,TAMIFLU 75MG CAPS C/10,30697,0,,1.0,3.0,277.3,346.49,203.05,1.0,0.0,0.0,0.0,0.0,,,0,static
test_q4_2024,2024-11-25,841,LOJA 841,15496,TAMIFLU 75MG CAPS C/10,30697,0,,1.0,3.0,277.3,346.49,203.05,1.0,0.0,0.0,0.0,0.0,,,0,static
test_q4_2024,2024-11-26,841,LOJA 841,15496,TAMIFLU 75MG CAPS C/10,30697,0,,1.0,3.0,277.3,346.49,203.05,1.0,0.0,0.0,0.0,0.0,,,0,static
test_q4_2024,2024-11-27,841,LOJA 841,15496,TAMIFLU 75MG CAPS C/10,30697,0,,1.0,3.0,277.3,346.49,203.05,1.0,0.0,0.0,0.0,0.0,,,0,static
test_q4_2024,2024-11-28,841,LOJA 841,15496,TAMIFLU 75MG CAPS C/10,30697,0,,1.0,3.0,277.3,346.49,203.05,1.0,0.0,0.0,0.0,0.0,,,0,static
test_q4_2024,2024-11-29,841,LOJA 841,15496,TAMIFLU 75MG CAPS C/10,30697,0,,1.0,3.0,277.3,346.49,203.05,1.0,0.0,0.0,0.0,0.0,,,0,static
test_q4_2024,2024-11-30,841,LOJA 841,15496,TAMIFLU 75MG CAPS C/10,30697,0,,1.0,3.0,277.3,346.49,203.05,1.0,0.0,0.0,0.0,0.0,,,0,static
test_q4_2024,2024-12-01,841,LOJA 841,15496,TAMIFLU 75MG CAPS C/10,30697,0,,1.0,3.0,277.3,346.49,203.05,1.0,0.0,0.0,0.0,0.0,,,0,static
test_q4_2024,2024-12-02,841,LOJA 841,15496,TAMIFLU 75MG CAPS C/10,30697,0,,1.0,3.0,277.3,346.49,203.05,1.0,0.0,0.0,0.0,0.0,,,0,static
test_q4_2024,2024-12-03,841,LOJA 841,15496,TAMIFLU 75MG CAPS C/10,30697,0,,1.0,3.0,277.3,346.49,203.05,1.0,0.0,0.0,0.0,0.0,,,0,static
test_q4_2024,2024-12-04,841,LOJA 841,15496,TAMIFLU 75MG CAPS C/10,30697,0,,1.0,3.0,277.3,346.49,203.05,1.0,0.0,0.0,0.0,0.0,,,0,static
test_q4_2024,2024-12-05,841,LOJA 841,15496,TAMIFLU 75MG CAPS C/10,30697,0,,1.0,3.0,277.3,346.49,203.05,1.0,0.0,0.0,0.0,0.0,,,0,static
test_q4_2024,2024-12-06,841,LOJA 841,15496,TAMIFLU 75MG CAPS C/10,30697,0,,1.0,3.0,277.3,346.49,203.05,1.0,0.0,0.0,0.0,0.0,,,0,static
test_q4_2024,2024-12-07,841,LOJA 841,15496,TAMIFLU 75MG CAPS C/10,30697,0,,1.0,3.0,277.3,346.49,203.05,1.0,0.0,0.0,0.0,0.0,,,0,static
test_q4_2024,2024-12-08,841,LOJA 841,15496,TAMIFLU 75MG CAPS C/10,30697,0,,1.0,3.0,277.3,346.49,203.05,1.0,0.0,0.0,0.0,0.0,,,0,static
test_q4_2024,2024-12-09,841,LOJA 841,15496,TAMIFLU 75MG CAPS C/10,30697,0,,1.0,3.0,277.3,346.49,203.05,1.0,0.0,0.0,0.0,0.0,,,0,static
test_q4_2024,2024-12-10,841,LOJA 841,15496,TAMIFLU 75MG CAPS C/10,30697,0,,1.0,3.0,277.3,346.49,203.05,1.0,0.0,0.0,0.0,0.0,,,0,static
test_q4_2024,2024-12-11,841,LOJA 841,15496,TAMIFLU 75MG CAPS C/10,30697,0,,1.0,3.0,277.3,346.49,203.05,1.0,0.0,0.0,0.0,0.0,,,0,static
test_q4_2024,2024-12-12,841,LOJA 841,15496,TAMIFLU 75MG CAPS C/10,30697,0,,1.0,3.0,277.3,346.49,203.05,1.0,0.0,0.0,0.0,0.0,,,0,static
test_q4_2024,2024-12-13,841,LOJA 841,15496,TAMIFLU 75MG CAPS C/10,30697,0,,1.0,3.0,277.3,346.49,203.05,1.0,0.0,0.0,0.0,0.0,,,0,static
test_q4_2024,2024-12-14,841,LOJA 841,15496,TAMIFLU 75MG CAPS C/10,30697,0,,1.0,3.0,277.3,346.49,203.05,1.0,0.0,0.0,0.0,0.0,,,0,static
test_q4_2024,2024-12-15,841,LOJA 841,15496,TAMIFLU 75MG CAPS C/10,30697,0,,1.0,3.0,277.3,346.49,203.05,1.0,0.0,0.0,0.0,0.0,,,0,static
test_q4_2024,2024-12-16,841,LOJA 841,15496,TAMIFLU 75MG CAPS C/10,30697,0,,1.0,3.0,277.3,346.49,203.05,1.0,0.0,0.0,0.0,0.0,,,0,static
test_q4_2024,2024-12-17,841,LOJA 841,15496,TAMIFLU 75MG CAPS C/10,30697,0,,1.0,3.0,277.3,346.49,203.05,1.0,0.0,0.0,0.0,0.0,,,0,static
test_q4_2024,2024-12-18,841,LOJA 841,15496,TAMIFLU 75MG CAPS C/10,30697,0,,1.0,3.0,277.3,346.49,203.05,1.0,0.0,0.0,0.0,0.0,,,0,static
test_q4_2024,2024-12-19,841,LOJA 841,15496,TAMIFLU 75MG CAPS C/10,30697,0,,1.0,3.0,277.3,346.49,203.05,1.0,0.0,0.0,0.0,0.0,,,0,static
test_q4_2024,2024-12-20,841,LOJA 841,15496,TAMIFLU 75MG CAPS C/10,30697,0,,1.0,3.0,277.3,346.49,203.05,1.0,0.0,0.0,0.0,0.0,,,0,static
test_q4_2024,2024-12-21,841,LOJA 841,15496,TAMIFLU 75MG CAPS C/10,30697,0,,1.0,3.0,277.3,346.49,203.05,1.0,0.0,0.0,0.0,0.0,,,0,static
test_q4_2024,2024-12-22,841,LOJA 841,15496,TAMIFLU 75MG CAPS C/10,30697,0,,1.0,3.0,277.3,346.49,203.05,1.0,0.0,0.0,0.0,0.0,,,0,static
test_q4_2024,2024-12-23,841,LOJA 841,15496,TAMIFLU 75MG CAPS C/10,30697,0,,1.0,3.0,277.3,346.49,203.05,1.0,0.0,0.0,0.0,0.0,,,0,static
test_q4_2024,2024-12-24,841,LOJA 841,15496,TAMIFLU 75MG CAPS C/10,30697,0,,1.0,3.0,277.3,346.49,203.05,1.0,0.0,0.0,0.0,0.0,,,0,static
test_q4_2024,2024-12-25,841,LOJA 841,15496,TAMIFLU 75MG CAPS C/10,30697,0,,1.0,3.0,277.3,346.49,203.05,1.0,0.0,0.0,0.0,0.0,,,0,static
test_q4_2024,2024-12-26,841,LOJA 841,15496,TAMIFLU 75MG CAPS C/10,30697,0,,1.0,3.0,277.3,346.49,203.05,1.0,0.0,0.0,0.0,0.0,,,0,static
test_q4_2024,2024-12-27,841,LOJA 841,15496,TAMIFLU 75MG CAPS C/10,30697,0,,1.0,3.0,277.3,346.49,203.05,1.0,0.0,0.0,0.0,0.0,,,0,static
test_q4_2024,2024-12-28,841,LOJA 841,15496,TAMIFLU 75MG CAPS C/10,30697,0,,1.0,3.0,277.3,346.49,203.05,1.0,0.0,0.0,0.0,0.0,,,0,static
test_q4_2024,2024-12-29,841,LOJA 841,15496,TAMIFLU 75MG CAPS C/10,30697,0,,1.0,3.0,277.3,346.49,203.05,1.0,0.0,0.0,0.0,0.0,,,0,static
test_q4_2024,2024-12-30,841,LOJA 841,15496,TAMIFLU 75MG CAPS C/10,30697,0,,1.0,3.0,277.3,346.49,203.05,1.0,0.0,0.0,0.0,0.0,,,0,static
test_q4_2024,2024-12-31,841,LOJA 841,15496,TAMIFLU 75MG CAPS C/10,30697,0,,1.0,3.0,277.3,346.49,203.05,1.0,0.0,0.0,0.0,0.0,,,0,static
test_q4_2024,2024-10-01,841,LOJA 841,15589,ANTUX XAROPE 120ML,334,0,,1.0,3.0,35.77,46.99,26.08,1.0,0.1094,0.2599,0.0,0.0,4.0,102.56,0,static
test_q4_2024,2024-10-02,841,LOJA 841,15589,ANTUX XAROPE 120ML,334,0,,1.0,3.0,35.77,46.99,26.08,1.0,0.1532,0.2599,1.0,1.0,5.0,128.55,0,static
test_q4_2024,2024-10-03,841,LOJA 841,15589,ANTUX XAROPE 120ML,334,0,,1.0,3.0,35.77,46.99,26.08,1.0,0.1532,0.2599,1.0,1.0,4.0,102.84,0,static
test_q4_2024,2024-10-04,841,LOJA 841,15589,ANTUX XAROPE 120ML,334,0,,1.0,3.0,35.77,46.99,26.08,1.0,0.1094,0.2599,0.0,0.0,3.0,77.13,0,static
test_q4_2024,2024-10-05,841,LOJA 841,15589,ANTUX XAROPE 120ML,334,0,,1.0,3.0,35.77,46.99,26.08,1.0,0.0561,0.2599,0.0,0.0,3.0,77.13,0,static
test_q4_2024,2024-10-06,841,LOJA 841,15589,ANTUX XAROPE 120ML,334,0,,1.0,3.0,35.77,46.99,26.08,1.0,0.1436,0.2599,0.0,0.0,,,0,static
test_q4_2024,2024-10-07,841,LOJA 841,15589,ANTUX XAROPE 120ML,334,0,,1.0,3.0,35.77,46.99,26.08,1.0,0.0961,0.2599,0.0,0.0,4.0,103.16,0,static
test_q4_2024,2024-10-08,841,LOJA 841,15589,ANTUX XAROPE 120ML,334,0,,1.0,3.0,35.77,46.99,26.08,1.0,0.0961,0.2599,0.0,0.0,4.0,103.16,0,static
test_q4_2024,2024-10-09,841,LOJA 841,15589,ANTUX XAROPE 120ML,334,0,,1.0,3.0,35.77,46.99,26.08,1.0,0.1798,0.2599,0.0,0.0,4.0,103.16,0,static
test_q4_2024,2024-10-10,841,LOJA 841,15589,ANTUX XAROPE 120ML,334,0,,1.0,3.0,35.77,46.99,26.08,1.0,0.1798,0.2599,0.0,0.0,4.0,103.16,0,static
test_q4_2024,2024-10-11,841,LOJA 841,15589,ANTUX XAROPE 120ML,334,0,,1.0,3.0,35.77,46.99,26.08,1.0,0.1361,0.2599,0.0,0.0,4.0,103.16,0,static
test_q4_2024,2024-10-12,841,LOJA 841,15589,ANTUX XAROPE 120ML,334,0,,1.0,3.0,35.77,46.99,26.08,1.0,0.1361,0.2599,0.0,0.0,4.0,103.16,0,static
test_q4_2024,2024-10-13,841,LOJA 841,15589,ANTUX XAROPE 120ML,334,0,,1.0,3.0,35.77,46.99,26.08,1.0,0.1836,0.2599,0.0,0.0,,,0,static
test_q4_2024,2024-10-14,841,LOJA 841,15589,ANTUX XAROPE 120ML,334,0,,1.0,3.0,35.77,46.99,26.08,1.0,0.0961,0.2599,0.0,0.0,4.0,103.16,0,static
test_q4_2024,2024-10-15,841,LOJA 841,15589,ANTUX XAROPE 120ML,334,0,,1.0,3.0,35.77,46.99,26.08,1.0,0.0961,0.2599,1.0,1.0,4.0,103.16,0,static
test_q4_2024,2024-10-16,841,LOJA 841,15589,ANTUX XAROPE 120ML,334,0,,1.0,3.0,35.77,46.99,26.08,1.0,0.1398,0.2599,1.0,1.0,3.0,77.37,0,static
test_q4_2024,2024-10-17,841,LOJA 841,15589,ANTUX XAROPE 120ML,334,0,,1.0,3.0,35.77,46.99,26.08,1.0,0.1398,0.2599,0.0,0.0,2.0,51.58,0,static
test_q4_2024,2024-10-18,841,LOJA 841,15589,ANTUX XAROPE 120ML,334,0,,1.0,3.0,35.77,46.99,26.08,1.0,0.0961,0.2599,0.0,0.0,2.0,51.58,0,static
test_q4_2024,2024-10-19,841,LOJA 841,15589,ANTUX XAROPE 120ML,334,0,,1.0,3.0,35.77,46.99,26.08,1.0,0.1361,0.2599,0.0,0.0,2.0,51.58,0,static
test_q4_2024,2024-10-20,841,LOJA 841,15589,ANTUX XAROPE 120ML,334,0,,1.0,3.0,35.77,46.99,26.08,1.0,0.2236,0.2599,0.0,0.0,,,0,static
test_q4_2024,2024-10-21,841,LOJA 841,15589,ANTUX XAROPE 120ML,334,0,,1.0,3.0,35.77,46.99,26.08,1.0,0.1361,0.2599,0.0,0.0,3.0,77.64,0,static
test_q4_2024,2024-10-22,841,LOJA 841,15589,ANTUX XAROPE 120ML,334,0,,1.0,3.0,35.77,46.99,26.08,1.0,0.0961,0.2599,0.0,0.0,3.0,77.64,0,static
test_q4_2024,2024-10-23,841,LOJA 841,15589,ANTUX XAROPE 120ML,334,0,,1.0,3.0,35.77,46.99,26.08,1.0,0.1398,0.2599,0.0,0.0,3.0,77.64,0,static
test_q4_2024,2024-10-24,841,LOJA 841,15589,ANTUX XAROPE 120ML,334,0,,1.0,3.0,35.77,46.99,26.08,1.0,0.0998,0.2599,0.0,0.0,4.0,103.72,0,static
test_q4_2024,2024-10-25,841,LOJA 841,15589,ANTUX XAROPE 120ML,334,0,,1.0,3.0,35.77,46.99,26.08,1.0,0.0561,0.2599,1.0,1.0,4.0,103.72,0,static
test_q4_2024,2024-10-26,841,LOJA 841,15589,ANTUX XAROPE 120ML,334,0,,1.0,3.0,35.77,46.99,26.08,1.0,0.0561,0.2599,0.0,0.0,3.0,77.79,0,static
test_q4_2024,2024-10-27,841,LOJA 841,15589,ANTUX XAROPE 120ML,334,0,,1.0,3.0,35.77,46.99,26.08,1.0,0.1436,0.2599,0.0,0.0,,,0,static
test_q4_2024,2024-10-28,841,LOJA 841,15589,ANTUX XAROPE 120ML,334,0,,1.0,3.0,35.77,46.99,26.08,1.0,0.0561,0.2599,0.0,0.0,3.0,77.79,0,static
test_q4_2024,2024-10-29,841,LOJA 841,15589,ANTUX XAROPE 120ML,334,0,,1.0,3.0,35.77,46.99,26.08,1.0,0.0561,0.2599,0.0,0.0,3.0,77.79,0,static
test_q4_2024,2024-10-30,841,LOJA 841,15589,ANTUX XAROPE 120ML,334,0,,1.0,3.0,35.77,46.99,26.08,1.0,0.0998,0.2599,0.0,0.0,3.0,77.79,0,static
test_q4_2024,2024-10-31,841,LOJA 841,15589,ANTUX XAROPE 120ML,334,0,,1.0,3.0,35.77,46.99,26.08,1.0,0.0998,0.2599,0.0,0.0,4.0,103.88,0,static
test_q4_2024,2024-11-01,841,LOJA 841,15589,ANTUX XAROPE 120ML,334,0,,1.0,3.0,35.77,46.99,26.08,1.0,0.0561,0.2599,0.0,0.0,4.0,103.88,0,static
test_q4_2024,2024-11-02,841,LOJA 841,15589,ANTUX XAROPE 120ML,334,0,,1.0,3.0,35.77,46.99,26.08,1.0,0.0561,0.2599,0.0,0.0,4.0,103.88,0,static
test_q4_2024,2024-11-03,841,LOJA 841,15589,ANTUX XAROPE 120ML,334,0,,1.0,3.0,35.77,46.99,26.08,1.0,0.1036,0.2599,1.0,1.0,,,0,static
test_q4_2024,2024-11-04,841,LOJA 841,15589,ANTUX XAROPE 120ML,334,0,,1.0,3.0,35.77,46.99,26.08,1.0,0.0161,0.2599,0.0,0.0,3.0,77.91,0,static
test_q4_2024,2024-11-05,841,LOJA 841,15589,ANTUX XAROPE 120ML,334,0,,1.0,3.0,35.77,46.99,26.08,1.0,0.0161,0.2599,0.0,0.0,3.0,77.91,0,static
test_q4_2024,2024-11-06,841,LOJA 841,15589,ANTUX XAROPE 120ML,334,0,,1.0,3.0,35.77,46.99,26.08,1.0,0.0598,0.2599,0.0,0.0,4.0,104.0,0,static
test_q4_2024,2024-11-07,841,LOJA 841,15589,ANTUX XAROPE 120ML,334,0,,1.0,3.0,35.77,46.99,26.08,1.0,0.0598,0.2599,0.0,0.0,4.0,104.0,0,static
test_q4_2024,2024-11-08,841,LOJA 841,15589,ANTUX XAROPE 120ML,334,0,,1.0,3.0,35.77,46.99,26.08,1.0,0.0294,0.2599,0.0,0.0,4.0,104.0,0,static
test_q4_2024,2024-11-09,841,LOJA 841,15589,ANTUX XAROPE 120ML,334,0,,1.0,3.0,35.77,46.99,26.08,1.0,0.0294,0.2599,0.0,0.0,4.0,104.0,0,static
test_q4_2024,2024-11-10,841,LOJA 841,15589,ANTUX XAROPE 120ML,334,0,,1.0,3.0,35.77,46.99,26.08,1.0,0.1169,0.2599,0.0,0.0,,,0,static
test_q4_2024,2024-11-11,841,LOJA 841,15589,ANTUX XAROPE 120ML,334,0,,1.0,3.0,35.77,46.99,26.08,1.0,0.0294,0.2599,0.0,0.0,4.0,104.0,0,static
test_q4_2024,2024-11-12,841,LOJA 841,15589,ANTUX XAROPE 120ML,334,0,,1.0,3.0,35.77,46.99,26.08,1.0,0.0294,0.2599,0.0,0.0,4.0,104.0,0,static
test_q4_2024,2024-11-13,841,LOJA 841,15589,ANTUX XAROPE 120ML,334,0,,1.0,3.0,35.77,46.99,26.08,1.0,0.0732,0.2599,0.0,0.0,4.0,104.0,0,static
test_q4_2024,2024-11-14,841,LOJA 841,15589,ANTUX XAROPE 120ML,334,0,,1.0,3.0,35.77,46.99,26.08,1.0,0.0732,0.2599,0.0,0.0,4.0,104.0,0,static
test_q4_2024,2024-11-15,841,LOJA 841,15589,ANTUX XAROPE 120ML,334,0,,1.0,3.0,35.77,46.99,26.08,1.0,0.0294,0.2599,0.0,0.0,4.0,104.0,0,static
test_q4_2024,2024-11-16,841,LOJA 841,15589,ANTUX XAROPE 120ML,334,0,,1.0,3.0,35.77,46.99,26.08,1.0,0.0294,0.2599,0.0,0.0,4.0,104.0,0,static
test_q4_2024,2024-11-17,841,LOJA 841,15589,ANTUX XAROPE 120ML,334,0,,1.0,3.0,35.77,46.99,26.08,1.0,0.1169,0.2599,0.0,0.0,,,0,static
test_q4_2024,2024-11-18,841,LOJA 841,15589,ANTUX XAROPE 120ML,334,0,,1.0,3.0,35.77,46.99,26.08,1.0,0.0294,0.2599,0.0,0.0,4.0,104.0,0,static
test_q4_2024,2024-11-19,841,LOJA 841,15589,ANTUX XAROPE 120ML,334,0,,1.0,3.0,35.77,46.99,26.08,1.0,0.0294,0.2599,0.0,0.0,4.0,104.0,0,static
test_q4_2024,2024-11-20,841,LOJA 841,15589,ANTUX XAROPE 120ML,334,0,,1.0,3.0,35.77,46.99,26.08,1.0,0.0732,0.2599,0.0,0.0,4.0,104.0,0,static
test_q4_2024,2024-11-21,841,LOJA 841,15589,ANTUX XAROPE 120ML,334,0,,1.0,3.0,35.77,46.99,26.08,1.0,0.0732,0.2599,0.0,0.0,4.0,104.0,0,static
test_q4_2024,2024-11-22,841,LOJA 841,15589,ANTUX XAROPE 120ML,334,0,,1.0,3.0,35.77,46.99,26.08,1.0,0.0294,0.2599,0.0,0.0,4.0,104.0,0,static
test_q4_2024,2024-11-23,841,LOJA 841,15589,ANTUX XAROPE 120ML,334,0,,1.0,3.0,35.77,46.99,26.08,1.0,0.0161,0.2599,0.0,0.0,4.0,104.0,0,static
test_q4_2024,2024-11-24,841,LOJA 841,15589,ANTUX XAROPE 120ML,334,0,,1.0,3.0,35.77,46.99,26.08,1.0,0.1036,0.2599,0.0,0.0,,,0,static
test_q4_2024,2024-11-25,841,LOJA 841,15589,ANTUX XAROPE 120ML,334,0,,1.0,3.0,35.77,46.99,26.08,1.0,0.0161,0.2599,0.0,0.0,4.0,104.0,0,static
test_q4_2024,2024-11-26,841,LOJA 841,15589,ANTUX XAROPE 120ML,334,0,,1.0,3.0,35.77,46.99,26.08,1.0,0.0161,0.2599,0.0,0.0,4.0,104.0,0,static
test_q4_2024,2024-11-27,841,LOJA 841,15589,ANTUX XAROPE 120ML,334,0,,1.0,3.0,35.77,46.99,26.08,1.0,0.0732,0.2599,0.0,0.0,4.0,104.0,0,static
test_q4_2024,2024-11-28,841,LOJA 841,15589,ANTUX XAROPE 120ML,334,0,,1.0,3.0,35.77,46.99,26.08,1.0,0.0732,0.2599,0.0,0.0,4.0,104.0,0,static
test_q4_2024,2024-11-29,841,LOJA 841,15589,ANTUX XAROPE 120ML,334,0,,1.0,3.0,35.77,46.99,26.08,1.0,0.0294,0.2599,0.0,0.0,4.0,104.0,0,static
test_q4_2024,2024-11-30,841,LOJA 841,15589,ANTUX XAROPE 120ML,334,0,,1.0,3.0,35.77,46.99,26.08,1.0,0.0294,0.2599,0.0,0.0,4.0,104.0,0,static
test_q4_2024,2024-12-01,841,LOJA 841,15589,ANTUX XAROPE 120ML,334,0,,1.0,3.0,35.77,46.99,26.08,1.0,0.1169,0.2599,0.0,0.0,,,0,static
test_q4_2024,2024-12-02,841,LOJA 841,15589,ANTUX XAROPE 120ML,334,0,,1.0,3.0,35.77,46.99,26.08,1.0,0.0294,0.2599,0.0,0.0,4.0,104.0,0,static
test_q4_2024,2024-12-03,841,LOJA 841,15589,ANTUX XAROPE 120ML,334,0,,1.0,3.0,35.77,46.99,26.08,1.0,0.0294,0.2599,0.0,0.0,4.0,104.0,0,static
test_q4_2024,2024-12-04,841,LOJA 841,15589,ANTUX XAROPE 120ML,334,0,,1.0,3.0,35.77,46.99,26.08,1.0,0.0732,0.2599,0.0,0.0,4.0,104.0,0,static
test_q4_2024,2024-12-05,841,LOJA 841,15589,ANTUX XAROPE 120ML,334,0,,1.0,3.0,35.77,46.99,26.08,1.0,0.0732,0.2599,0.0,0.0,4.0,104.0,0,static
test_q4_2024,2024-12-06,841,LOJA 841,15589,ANTUX XAROPE 120ML,334,0,,1.0,3.0,35.77,46.99,26.08,1.0,0.0294,0.2599,0.0,0.0,4.0,104.0,0,static
test_q4_2024,2024-12-07,841,LOJA 841,15589,ANTUX XAROPE 120ML,334,0,,1.0,3.0,35.77,46.99,26.08,1.0,0.0294,0.2599,0.0,0.0,4.0,104.0,0,static
test_q4_2024,2024-12-08,841,LOJA 841,15589,ANTUX XAROPE 120ML,334,0,,1.0,3.0,35.77,46.99,26.08,1.0,0.1169,0.2599,0.0,0.0,,,0,static
test_q4_2024,2024-12-09,841,LOJA 841,15589,ANTUX XAROPE 120ML,334,0,,1.0,3.0,35.77,46.99,26.08,1.0,0.0294,0.2599,0.0,0.0,4.0,104.0,0,static
test_q4_2024,2024-12-10,841,LOJA 841,15589,ANTUX XAROPE 120ML,334,0,,1.0,3.0,35.77,46.99,26.08,1.0,0.0294,0.2599,0.0,0.0,4.0,104.0,0,static
test_q4_2024,2024-12-11,841,LOJA 841,15589,ANTUX XAROPE 120ML,334,0,,1.0,3.0,35.77,46.99,26.08,1.0,0.0732,0.2599,0.0,0.0,4.0,104.0,0,static
test_q4_2024,2024-12-12,841,LOJA 841,15589,ANTUX XAROPE 120ML,334,0,,1.0,3.0,35.77,46.99,26.08,1.0,0.0598,0.2599,0.0,0.0,4.0,104.0,0,static
test_q4_2024,2024-12-13,841,LOJA 841,15589,ANTUX XAROPE 120ML,334,0,,1.0,3.0,35.77,46.99,26.08,1.0,0.0161,0.2599,0.0,0.0,4.0,104.0,0,static
test_q4_2024,2024-12-14,841,LOJA 841,15589,ANTUX XAROPE 120ML,334,0,,1.0,3.0,35.77,46.99,26.08,1.0,0.0161,0.2599,0.0,0.0,4.0,104.0,0,static
test_q4_2024,2024-12-15,841,LOJA 841,15589,ANTUX XAROPE 120ML,334,0,,1.0,3.0,35.77,46.99,26.08,1.0,0.1036,0.2599,0.0,0.0,,,0,static
test_q4_2024,2024-12-16,841,LOJA 841,15589,ANTUX XAROPE 120ML,334,0,,1.0,3.0,35.77,46.99,26.08,1.0,0.0161,0.2599,0.0,0.0,4.0,104.0,0,static
test_q4_2024,2024-12-17,841,LOJA 841,15589,ANTUX XAROPE 120ML,334,0,,1.0,3.0,35.77,46.99,26.08,1.0,0.0161,0.2599,1.0,1.0,4.0,104.0,0,static
test_q4_2024,2024-12-18,841,LOJA 841,15589,ANTUX XAROPE 120ML,334,0,,1.0,3.0,35.77,46.99,26.08,1.0,0.0598,0.2599,0.0,0.0,3.0,78.0,0,static
test_q4_2024,2024-12-19,841,LOJA 841,15589,ANTUX XAROPE 120ML,334,0,,1.0,3.0,35.77,46.99,26.08,1.0,0.0598,0.2599,0.0,0.0,3.0,78.0,0,static
test_q4_2024,2024-12-20,841,LOJA 841,15589,ANTUX XAROPE 120ML,334,0,,1.0,3.0,35.77,46.99,26.08,1.0,0.0161,0.2599,0.0,0.0,3.0,78.0,0,static
test_q4_2024,2024-12-21,841,LOJA 841,15589,ANTUX XAROPE 120ML,334,0,,1.0,3.0,35.77,46.99,26.08,1.0,0.0161,0.2599,0.0,0.0,4.0,104.08,0,static
test_q4_2024,2024-12-22,841,LOJA 841,15589,ANTUX XAROPE 120ML,334,0,,1.0,3.0,35.77,46.99,26.08,1.0,0.1036,0.2599,0.0,0.0,,,0,static
test_q4_2024,2024-12-23,841,LOJA 841,15589,ANTUX XAROPE 120ML,334,0,,1.0,3.0,35.77,46.99,26.08,1.0,0.0294,0.2599,0.0,0.0,4.0,104.08,0,static
test_q4_2024,2024-12-24,841,LOJA 841,15589,ANTUX XAROPE 120ML,334,0,,1.0,3.0,35.77,46.99,26.08,1.0,0.0294,0.2599,0.0,0.0,4.0,104.08,0,static
test_q4_2024,2024-12-25,841,LOJA 841,15589,ANTUX XAROPE 120ML,334,0,,1.0,3.0,35.77,46.99,26.08,1.0,0.0732,0.2599,0.0,0.0,4.0,104.08,0,static
test_q4_2024,2024-12-26,841,LOJA 841,15589,ANTUX XAROPE 120ML,334,0,,1.0,3.0,35.77,46.99,26.08,1.0,0.0732,0.2599,0.0,0.0,4.0,104.08,0,static
test_q4_2024,2024-12-27,841,LOJA 841,15589,ANTUX XAROPE 120ML,334,0,,1.0,3.0,35.77,46.99,26.08,1.0,0.0294,0.2599,0.0,0.0,4.0,104.08,0,static
test_q4_2024,2024-12-28,841,LOJA 841,15589,ANTUX XAROPE 120ML,334,0,,1.0,3.0,35.77,46.99,26.08,1.0,0.0294,0.2599,0.0,0.0,4.0,104.08,0,static
test_q4_2024,2024-12-29,841,LOJA 841,15589,ANTUX XAROPE 120ML,334,0,,1.0,3.0,35.77,46.99,26.08,1.0,0.1169,0.2599,0.0,0.0,,,0,static
test_q4_2024,2024-12-30,841,LOJA 841,15589,ANTUX XAROPE 120ML,334,0,,1.0,3.0,35.77,46.99,26.08,1.0,0.0294,0.2599,0.0,0.0,4.0,104.08,0,static
test_q4_2024,2024-12-31,841,LOJA 841,15589,ANTUX XAROPE 120ML,334,0,,1.0,3.0,35.77,46.99,26.08,1.0,0.0294,0.2599,0.0,0.0,4.0,104.08,0,static
test_q4_2024,2024-10-01,841,LOJA 841,15590,ANTUX GTS 20ML,334,0,,1.0,3.0,46.3,58.26,34.63,1.0,0.0,0.0,0.0,0.0,2.0,65.38,0,static
test_q4_2024,2024-10-02,841,LOJA 841,15590,ANTUX GTS 20ML,334,0,,1.0,3.0,46.3,58.26,34.63,1.0,0.0,0.0,0.0,0.0,2.0,65.38,0,static
test_q4_2024,2024-10-03,841,LOJA 841,15590,ANTUX GTS 20ML,334,0,,1.0,3.0,46.3,58.26,34.63,1.0,0.0,0.0,0.0,0.0,2.0,65.38,0,static
test_q4_2024,2024-10-04,841,LOJA 841,15590,ANTUX GTS 20ML,334,0,,1.0,3.0,46.3,58.26,34.63,1.0,0.0,0.0,0.0,0.0,2.0,65.38,0,static
test_q4_2024,2024-10-05,841,LOJA 841,15590,ANTUX GTS 20ML,334,0,,1.0,3.0,46.3,58.26,34.63,1.0,0.0,0.0,0.0,0.0,2.0,65.38,0,static
test_q4_2024,2024-10-06,841,LOJA 841,15590,ANTUX GTS 20ML,334,0,,1.0,3.0,46.3,58.26,34.63,1.0,0.0,0.0,0.0,0.0,,,0,static
test_q4_2024,2024-10-07,841,LOJA 841,15590,ANTUX GTS 20ML,334,0,,1.0,3.0,46.3,58.26,34.63,1.0,0.0,0.0,0.0,0.0,2.0,65.38,0,static
test_q4_2024,2024-10-08,841,LOJA 841,15590,ANTUX GTS 20ML,334,0,,1.0,3.0,46.3,58.26,34.63,1.0,0.0,0.0,0.0,0.0,2.0,65.38,0,static
test_q4_2024,2024-10-09,841,LOJA 841,15590,ANTUX GTS 20ML,334,0,,1.0,3.0,46.3,58.26,34.63,1.0,0.0,0.0,0.0,0.0,2.0,65.38,0,static
test_q4_2024,2024-10-10,841,LOJA 841,15590,ANTUX GTS 20ML,334,0,,1.0,3.0,46.3,58.26,34.63,1.0,0.0,0.0,0.0,0.0,2.0,65.38,0,static
test_q4_2024,2024-10-11,841,LOJA 841,15590,ANTUX GTS 20ML,334,0,,1.0,3.0,46.3,58.26,34.63,1.0,0.0,0.0,0.0,0.0,2.0,65.38,0,static
test_q4_2024,2024-10-12,841,LOJA 841,15590,ANTUX GTS 20ML,334,0,,1.0,3.0,46.3,58.26,34.63,1.0,0.0,0.0,0.0,0.0,2.0,65.38,0,static
test_q4_2024,2024-10-13,841,LOJA 841,15590,ANTUX GTS 20ML,334,0,,1.0,3.0,46.3,58.26,34.63,1.0,0.0,0.0,0.0,0.0,,,0,static
test_q4_2024,2024-10-14,841,LOJA 841,15590,ANTUX GTS 20ML,334,0,,1.0,3.0,46.3,58.26,34.63,1.0,0.0,0.0,0.0,0.0,2.0,65.38,0,static
test_q4_2024,2024-10-15,841,LOJA 841,15590,ANTUX GTS 20ML,334,0,,1.0,3.0,46.3,58.26,34.63,1.0,0.0,0.0,0.0,0.0,2.0,65.38,0,static
test_q4_2024,2024-10-16,841,LOJA 841,15590,ANTUX GTS 20ML,334,0,,1.0,3.0,46.3,58.26,34.63,1.0,0.0,0.0,0.0,0.0,2.0,65.38,0,static
test_q4_2024,2024-10-17,841,LOJA 841,15590,ANTUX GTS 20ML,334,0,,1.0,3.0,46.3,58.26,34.63,1.0,0.0,0.0,0.0,0.0,2.0,65.38,0,static
test_q4_2024,2024-10-18,841,LOJA 841,15590,ANTUX GTS 20ML,334,0,,1.0,3.0,46.3,58.26,34.63,1.0,0.0,0.0,0.0,0.0,2.0,65.38,0,static
test_q4_2024,2024-10-19,841,LOJA 841,15590,ANTUX GTS 20ML,334,0,,1.0,3.0,46.3,58.26,34.63,1.0,0.0,0.0,0.0,0.0,2.0,65.38,0,static
test_q4_2024,2024-10-20,841,LOJA 841,15590,ANTUX GTS 20ML,334,0,,1.0,3.0,46.3,58.26,34.63,1.0,0.0,0.0,0.0,0.0,,,0,static
test_q4_2024,2024-10-21,841,LOJA 841,15590,ANTUX GTS 20ML,334,0,,1.0,3.0,46.3,58.26,34.63,1.0,0.0,0.0,0.0,0.0,2.0,65.38,0,static
test_q4_2024,2024-10-22,841,LOJA 841,15590,ANTUX GTS 20ML,334,0,,1.0,3.0,46.3,58.26,34.63,1.0,0.0,0.0,1.0,1.0,2.0,65.38,0,static
test_q4_2024,2024-10-23,841,LOJA 841,15590,ANTUX GTS 20ML,334,0,,1.0,3.0,46.3,58.26,34.63,1.0,0.0,0.0,0.0,0.0,1.0,32.69,0,static
test_q4_2024,2024-10-24,841,LOJA 841,15590,ANTUX GTS 20ML,334,0,,1.0,3.0,46.3,58.26,34.63,1.0,0.0,0.0,0.0,0.0,1.0,32.69,0,static
test_q4_2024,2024-10-25,841,LOJA 841,15590,ANTUX GTS 20ML,334,0,,1.0,3.0,46.3,58.26,34.63,1.0,0.0,0.0,0.0,0.0,1.0,32.69,0,static
test_q4_2024,2024-10-26,841,LOJA 841,15590,ANTUX GTS 20ML,334,0,,1.0,3.0,46.3,58.26,34.63,1.0,0.0,0.0,0.0,0.0,1.0,32.69,0,static
test_q4_2024,2024-10-27,841,LOJA 841,15590,ANTUX GTS 20ML,334,0,,1.0,3.0,46.3,58.26,34.63,1.0,0.0,0.0,0.0,0.0,,,0,static
test_q4_2024,2024-10-28,841,LOJA 841,15590,ANTUX GTS 20ML,334,0,,1.0,3.0,46.3,58.26,34.63,1.0,0.0,0.0,0.0,0.0,1.0,32.69,0,static
test_q4_2024,2024-10-29,841,LOJA 841,15590,ANTUX GTS 20ML,334,0,,1.0,3.0,46.3,58.26,34.63,1.0,0.0,0.0,0.0,0.0,1.0,32.69,0,static
test_q4_2024,2024-10-30,841,LOJA 841,15590,ANTUX GTS 20ML,334,0,,1.0,3.0,46.3,58.26,34.63,1.0,0.0,0.0,0.0,0.0,1.0,32.69,0,static
test_q4_2024,2024-10-31,841,LOJA 841,15590,ANTUX GTS 20ML,334,0,,1.0,3.0,46.3,58.26,34.63,1.0,0.0,0.0,0.0,0.0,1.0,32.69,0,static
test_q4_2024,2024-11-01,841,LOJA 841,15590,ANTUX GTS 20ML,334,0,,1.0,3.0,46.3,58.26,34.63,1.0,0.0,0.0,0.0,0.0,1.0,32.69,0,static
test_q4_2024,2024-11-02,841,LOJA 841,15590,ANTUX GTS 20ML,334,0,,1.0,3.0,46.3,58.26,34.63,1.0,0.0,0.0,0.0,0.0,1.0,32.69,0,static
test_q4_2024,2024-11-03,841,LOJA 841,15590,ANTUX GTS 20ML,334,0,,1.0,3.0,46.3,58.26,34.63,1.0,0.0,0.0,0.0,0.0,,,0,static
test_q4_2024,2024-11-04,841,LOJA 841,15590,ANTUX GTS 20ML,334,0,,1.0,3.0,46.3,58.26,34.63,1.0,0.0,0.0,0.0,0.0,1.0,32.69,0,static
test_q4_2024,2024-11-05,841,LOJA 841,15590,ANTUX GTS 20ML,334,0,,1.0,3.0,46.3,58.26,34.63,1.0,0.0,0.0,0.0,0.0,1.0,32.69,0,static
test_q4_2024,2024-11-06,841,LOJA 841,15590,ANTUX GTS 20ML,334,0,,1.0,3.0,46.3,58.26,34.63,1.0,0.0,0.0,0.0,0.0,1.0,32.69,0,static
test_q4_2024,2024-11-07,841,LOJA 841,15590,ANTUX GTS 20ML,334,0,,1.0,3.0,46.3,58.26,34.63,1.0,0.0,0.0,0.0,0.0,1.0,32.69,0,static
test_q4_2024,2024-11-08,841,LOJA 841,15590,ANTUX GTS 20ML,334,0,,1.0,3.0,46.3,58.26,34.63,1.0,0.0,0.0,0.0,0.0,1.0,32.69,0,static
test_q4_2024,2024-11-09,841,LOJA 841,15590,ANTUX GTS 20ML,334,0,,1.0,3.0,46.3,58.26,34.63,1.0,0.0,0.0,0.0,0.0,1.0,32.69,0,static
test_q4_2024,2024-11-10,841,LOJA 841,15590,ANTUX GTS 20ML,334,0,,1.0,3.0,46.3,58.26,34.63,1.0,0.0,0.0,0.0,0.0,,,0,static
test_q4_2024,2024-11-11,841,LOJA 841,15590,ANTUX GTS 20ML,334,0,,1.0,3.0,46.3,58.26,34.63,1.0,0.0,0.0,0.0,0.0,1.0,32.69,0,static
test_q4_2024,2024-11-12,841,LOJA 841,15590,ANTUX GTS 20ML,334,0,,1.0,3.0,46.3,58.26,34.63,1.0,0.0,0.0,0.0,0.0,1.0,32.69,0,static
test_q4_2024,2024-11-13,841,LOJA 841,15590,ANTUX GTS 20ML,334,0,,1.0,3.0,46.3,58.26,34.63,1.0,0.0,0.0,0.0,0.0,1.0,32.69,0,static
test_q4_2024,2024-11-14,841,LOJA 841,15590,ANTUX GTS 20ML,334,0,,1.0,3.0,46.3,58.26,34.63,1.0,0.0,0.0,0.0,0.0,1.0,32.69,0,static
test_q4_2024,2024-11-15,841,LOJA 841,15590,ANTUX GTS 20ML,334,0,,1.0,3.0,46.3,58.26,34.63,1.0,0.0,0.0,0.0,0.0,1.0,32.69,0,static
test_q4_2024,2024-11-16,841,LOJA 841,15590,ANTUX GTS 20ML,334,0,,1.0,3.0,46.3,58.26,34.63,1.0,0.0,0.0,0.0,0.0,1.0,32.69,0,static
test_q4_2024,2024-11-17,841,LOJA 841,15590,ANTUX GTS 20ML,334,0,,1.0,3.0,46.3,58.26,34.63,1.0,0.0,0.0,0.0,0.0,,,0,static
test_q4_2024,2024-11-18,841,LOJA 841,15590,ANTUX GTS 20ML,334,0,,1.0,3.0,46.3,58.26,34.63,1.0,0.0,0.0,0.0,0.0,1.0,32.69,0,static
test_q4_2024,2024-11-19,841,LOJA 841,15590,ANTUX GTS 20ML,334,0,,1.0,3.0,46.3,58.26,34.63,1.0,0.0,0.0,0.0,0.0,1.0,32.69,0,static
test_q4_2024,2024-11-20,841,LOJA 841,15590,ANTUX GTS 20ML,334,0,,1.0,3.0,46.3,58.26,34.63,1.0,0.0,0.0,0.0,0.0,1.0,32.69,0,static
test_q4_2024,2024-11-21,841,LOJA 841,15590,ANTUX GTS 20ML,334,0,,1.0,3.0,46.3,58.26,34.63,1.0,0.0,0.0,0.0,0.0,1.0,32.69,0,static
test_q4_2024,2024-11-22,841,LOJA 841,15590,ANTUX GTS 20ML,334,0,,1.0,3.0,46.3,58.26,34.63,1.0,0.0,0.0,0.0,0.0,1.0,32.69,0,static
test_q4_2024,2024-11-23,841,LOJA 841,15590,ANTUX GTS 20ML,334,0,,1.0,3.0,46.3,58.26,34.63,1.0,0.0,0.0,0.0,0.0,1.0,32.69,0,static
test_q4_2024,2024-11-24,841,LOJA 841,15590,ANTUX GTS 20ML,334,0,,1.0,3.0,46.3,58.26,34.63,1.0,0.0,0.0,0.0,0.0,,,0,static
test_q4_2024,2024-11-25,841,LOJA 841,15590,ANTUX GTS 20ML,334,0,,1.0,3.0,46.3,58.26,34.63,1.0,0.0,0.0,0.0,0.0,1.0,32.69,0,static
test_q4_2024,2024-11-26,841,LOJA 841,15590,ANTUX GTS 20ML,334,0,,1.0,3.0,46.3,58.26,34.63,1.0,0.0,0.0,0.0,0.0,1.0,32.69,0,static
test_q4_2024,2024-11-27,841,LOJA 841,15590,ANTUX GTS 20ML,334,0,,1.0,3.0,46.3,58.26,34.63,1.0,0.0,0.0,0.0,0.0,1.0,32.69,0,static
test_q4_2024,2024-11-28,841,LOJA 841,15590,ANTUX GTS 20ML,334,0,,1.0,3.0,46.3,58.26,34.63,1.0,0.0,0.0,0.0,0.0,1.0,32.69,0,static
test_q4_2024,2024-11-29,841,LOJA 841,15590,ANTUX GTS 20ML,334,0,,1.0,3.0,46.3,58.26,34.63,1.0,0.0,0.0,0.0,0.0,1.0,32.69,0,static
test_q4_2024,2024-11-30,841,LOJA 841,15590,ANTUX GTS 20ML,334,0,,1.0,3.0,46.3,58.26,34.63,1.0,0.0,0.0,0.0,0.0,1.0,32.69,0,static
test_q4_2024,2024-12-01,841,LOJA 841,15590,ANTUX GTS 20ML,334,0,,1.0,3.0,46.3,58.26,34.63,1.0,0.0,0.0,0.0,0.0,,,0,static
test_q4_2024,2024-12-02,841,LOJA 841,15590,ANTUX GTS 20ML,334,0,,1.0,3.0,46.3,58.26,34.63,1.0,0.0,0.0,0.0,0.0,1.0,32.69,0,static
test_q4_2024,2024-12-03,841,LOJA 841,15590,ANTUX GTS 20ML,334,0,,1.0,3.0,46.3,58.26,34.63,1.0,0.0,0.0,0.0,0.0,1.0,32.69,0,static
test_q4_2024,2024-12-04,841,LOJA 841,15590,ANTUX GTS 20ML,334,0,,1.0,3.0,46.3,58.26,34.63,1.0,0.0,0.0,0.0,0.0,1.0,32.69,0,static
test_q4_2024,2024-12-05,841,LOJA 841,15590,ANTUX GTS 20ML,334,0,,1.0,3.0,46.3,58.26,34.63,1.0,0.0,0.0,0.0,0.0,1.0,32.69,0,static
test_q4_2024,2024-12-06,841,LOJA 841,15590,ANTUX GTS 20ML,334,0,,1.0,3.0,46.3,58.26,34.63,1.0,0.0,0.0,0.0,0.0,1.0,32.69,0,static
test_q4_2024,2024-12-07,841,LOJA 841,15590,ANTUX GTS 20ML,334,0,,1.0,3.0,46.3,58.26,34.63,1.0,0.0,0.0,0.0,0.0,1.0,32.69,0,static
test_q4_2024,2024-12-08,841,LOJA 841,15590,ANTUX GTS 20ML,334,0,,1.0,3.0,46.3,58.26,34.63,1.0,0.0,0.0,0.0,0.0,,,0,static
test_q4_2024,2024-12-09,841,LOJA 841,15590,ANTUX GTS 20ML,334,0,,1.0,3.0,46.3,58.26,34.63,1.0,0.0,0.0,0.0,0.0,1.0,32.69,0,static
test_q4_2024,2024-12-10,841,LOJA 841,15590,ANTUX GTS 20ML,334,0,,1.0,3.0,46.3,58.26,34.63,1.0,0.0,0.0,0.0,0.0,1.0,32.69,0,static
test_q4_2024,2024-12-11,841,LOJA 841,15590,ANTUX GTS 20ML,334,0,,1.0,3.0,46.3,58.26,34.63,1.0,0.0,0.0,0.0,0.0,1.0,32.69,0,static
test_q4_2024,2024-12-12,841,LOJA 841,15590,ANTUX GTS 20ML,334,0,,1.0,3.0,46.3,58.26,34.63,1.0,0.0,0.0,0.0,0.0,1.0,32.69,0,static
test_q4_2024,2024-12-13,841,LOJA 841,15590,ANTUX GTS 20ML,334,0,,1.0,3.0,46.3,58.26,34.63,1.0,0.0,0.0,0.0,0.0,1.0,32.69,0,static
test_q4_2024,2024-12-14,841,LOJA 841,15590,ANTUX GTS 20ML,334,0,,1.0,3.0,46.3,58.26,34.63,1.0,0.0,0.0,0.0,0.0,1.0,32.69,0,static
test_q4_2024,2024-12-15,841,LOJA 841,15590,ANTUX GTS 20ML,334,0,,1.0,3.0,46.3,58.26,34.63,1.0,0.0,0.0,0.0,0.0,,,0,static
test_q4_2024,2024-12-16,841,LOJA 841,15590,ANTUX GTS 20ML,334,0,,1.0,3.0,46.3,58.26,34.63,1.0,0.0,0.0,0.0,0.0,1.0,32.69,0,static
test_q4_2024,2024-12-17,841,LOJA 841,15590,ANTUX GTS 20ML,334,0,,1.0,3.0,46.3,58.26,34.63,1.0,0.0,0.0,0.0,0.0,1.0,32.69,0,static
test_q4_2024,2024-12-18,841,LOJA 841,15590,ANTUX GTS 20ML,334,0,,1.0,3.0,46.3,58.26,34.63,1.0,0.0,0.0,0.0,0.0,1.0,32.69,0,static
test_q4_2024,2024-12-19,841,LOJA 841,15590,ANTUX GTS 20ML,334,0,,1.0,3.0,46.3,58.26,34.63,1.0,0.0,0.0,0.0,0.0,1.0,32.69,0,static
test_q4_2024,2024-12-20,841,LOJA 841,15590,ANTUX GTS 20ML,334,0,,1.0,3.0,46.3,58.26,34.63,1.0,0.0,0.0,0.0,0.0,1.0,32.69,0,static
test_q4_2024,2024-12-21,841,LOJA 841,15590,ANTUX GTS 20ML,334,0,,1.0,3.0,46.3,58.26,34.63,1.0,0.0,0.0,0.0,0.0,1.0,32.69,0,static
test_q4_2024,2024-12-22,841,LOJA 841,15590,ANTUX GTS 20ML,334,0,,1.0,3.0,46.3,58.26,34.63,1.0,0.0,0.0,0.0,0.0,,,0,static
test_q4_2024,2024-12-23,841,LOJA 841,15590,ANTUX GTS 20ML,334,0,,1.0,3.0,46.3,58.26,34.63,1.0,0.0,0.0,0.0,0.0,1.0,32.69,0,static
test_q4_2024,2024-12-24,841,LOJA 841,15590,ANTUX GTS 20ML,334,0,,1.0,3.0,46.3,58.26,34.63,1.0,0.0,0.0,0.0,0.0,1.0,32.69,0,static
test_q4_2024,2024-12-25,841,LOJA 841,15590,ANTUX GTS 20ML,334,0,,1.0,3.0,46.3,58.26,34.63,1.0,0.0,0.0,0.0,0.0,1.0,32.69,0,static
test_q4_2024,2024-12-26,841,LOJA 841,15590,ANTUX GTS 20ML,334,0,,1.0,3.0,46.3,58.26,34.63,1.0,0.0,0.0,0.0,0.0,1.0,32.69,0,static
test_q4_2024,2024-12-27,841,LOJA 841,15590,ANTUX GTS 20ML,334,0,,1.0,3.0,46.3,58.26,34.63,1.0,0.0,0.0,0.0,0.0,1.0,32.69,0,static
test_q4_2024,2024-12-28,841,LOJA 841,15590,ANTUX GTS 20ML,334,0,,1.0,3.0,46.3,58.26,34.63,1.0,0.0,0.0,0.0,0.0,1.0,32.69,0,static
test_q4_2024,2024-12-29,841,LOJA 841,15590,ANTUX GTS 20ML,334,0,,1.0,3.0,46.3,58.26,34.63,1.0,0.0,0.0,0.0,0.0,,,0,static
test_q4_2024,2024-12-30,841,LOJA 841,15590,ANTUX GTS 20ML,334,0,,1.0,3.0,46.3,58.26,34.63,1.0,0.0,0.0,0.0,0.0,1.0,32.69,0,static
test_q4_2024,2024-12-31,841,LOJA 841,15590,ANTUX GTS 20ML,334,0,,1.0,3.0,46.3,58.26,34.63,1.0,0.0,0.0,0.0,0.0,1.0,32.69,0,static
test_q4_2024,2024-10-01,841,LOJA 841,18064,NEOSORO SOLUCAO NASAL ADULTO 30ML,45151,1,PAGUE E LEVE,1.0,3.0,9.19,9.02,2.57,1.0,2.5036,2.1647,6.0,6.0,31.0,79.36,0,static
test_q4_2024,2024-10-02,841,LOJA 841,18064,NEOSORO SOLUCAO NASAL ADULTO 30ML,45151,1,PAGUE E LEVE,1.0,3.0,9.19,9.02,2.57,1.0,2.2144,2.1647,6.0,6.0,33.0,84.48,0,static
test_q4_2024,2024-10-03,841,LOJA 841,18064,NEOSORO SOLUCAO NASAL ADULTO 30ML,45151,1,PAGUE E LEVE,1.0,3.0,9.19,9.02,2.57,1.0,2.0832,2.1647,0.0,0.0,27.0,69.12,0,static
test_q4_2024,2024-10-04,841,LOJA 841,18064,NEOSORO SOLUCAO NASAL ADULTO 30ML,45151,1,PAGUE E LEVE,1.0,3.0,9.19,9.02,2.57,1.0,2.7202,2.1647,2.0,2.0,27.0,69.12,0,static
test_q4_2024,2024-10-05,841,LOJA 841,18064,NEOSORO SOLUCAO NASAL ADULTO 30ML,45151,1,PAGUE E LEVE,1.0,3.0,9.19,9.02,2.57,1.0,2.1077,2.1647,7.0,7.0,25.0,64.0,0,static
test_q4_2024,2024-10-06,841,LOJA 841,18064,NEOSORO SOLUCAO NASAL ADULTO 30ML,45151,1,PAGUE E LEVE,1.0,3.0,9.19,9.02,2.57,1.0,2.2123,2.1647,2.0,2.0,,,0,static
test_q4_2024,2024-10-07,841,LOJA 841,18064,NEOSORO SOLUCAO NASAL ADULTO 30ML,45151,1,PAGUE E LEVE,1.0,3.0,9.19,9.02,2.57,1.0,2.2561,2.1647,0.0,0.0,38.0,97.28,0,static
test_q4_2024,2024-10-08,841,LOJA 841,18064,NEOSORO SOLUCAO NASAL ADULTO 30ML,45151,1,PAGUE E LEVE,1.0,3.0,9.19,9.02,2.57,1.0,2.2636,2.1647,5.0,5.0,38.0,97.28,0,static
test_q4_2024,2024-10-09,841,LOJA 841,18064,NEOSORO SOLUCAO NASAL ADULTO 30ML,45151,1,PAGUE E LEVE,1.0,3.0,9.19,9.02,2.57,1.0,1.9611,2.1647,4.0,4.0,33.0,84.48,0,static
test_q4_2024,2024-10-10,841,LOJA 841,18064,NEOSORO SOLUCAO NASAL ADULTO 30ML,45151,1,PAGUE E LEVE,1.0,3.0,9.19,9.02,2.57,1.0,2.1098,2.1647,0.0,0.0,29.0,74.24,0,static
test_q4_2024,2024-10-11,841,LOJA 841,18064,NEOSORO SOLUCAO NASAL ADULTO 30ML,45151,1,PAGUE E LEVE,1.0,3.0,9.19,9.02,2.57,1.0,2.8136,2.1647,0.0,0.0,29.0,74.24,0,static
test_q4_2024,2024-10-12,841,LOJA 841,18064,NEOSORO SOLUCAO NASAL ADULTO 30ML,45151,1,PAGUE E LEVE,1.0,3.0,9.19,9.02,2.57,1.0,2.0411,2.1647,0.0,0.0,29.0,74.24,0,static
test_q4_2024,2024-10-13,841,LOJA 841,18064,NEOSORO SOLUCAO NASAL ADULTO 30ML,45151,1,PAGUE E LEVE,1.0,3.0,9.19,9.02,2.57,1.0,2.1323,2.1647,0.0,0.0,,,0,static
test_q4_2024,2024-10-14,841,LOJA 841,18064,NEOSORO SOLUCAO NASAL ADULTO 30ML,45151,1,PAGUE E LEVE,1.0,3.0,9.19,9.02,2.57,1.0,2.1761,2.1647,0.0,0.0,29.0,74.24,0,static
test_q4_2024,2024-10-15,841,LOJA 841,18064,NEOSORO SOLUCAO NASAL ADULTO 30ML,45151,1,PAGUE E LEVE,1.0,3.0,9.19,9.02,2.57,1.0,2.2636,2.1647,0.0,0.0,29.0,74.24,0,static
test_q4_2024,2024-10-16,841,LOJA 841,18064,NEOSORO SOLUCAO NASAL ADULTO 30ML,45151,1,PAGUE E LEVE,1.0,3.0,9.19,9.02,2.57,1.0,1.8811,2.1647,0.0,0.0,49.0,125.44,0,static
test_q4_2024,2024-10-17,841,LOJA 841,18064,NEOSORO SOLUCAO NASAL ADULTO 30ML,45151,1,PAGUE E LEVE,1.0,3.0,9.19,9.02,2.57,1.0,1.7498,2.1647,4.0,4.0,49.0,125.44,0,static
test_q4_2024,2024-10-18,841,LOJA 841,18064,NEOSORO SOLUCAO NASAL ADULTO 30ML,45151,1,PAGUE E LEVE,1.0,3.0,9.19,9.02,2.57,1.0,2.5336,2.1647,1.0,1.0,45.0,115.2,0,static
test_q4_2024,2024-10-19,841,LOJA 841,18064,NEOSORO SOLUCAO NASAL ADULTO 30ML,45151,1,PAGUE E LEVE,1.0,3.0,9.19,9.02,2.57,1.0,1.9211,2.1647,0.0,0.0,44.0,112.64,0,static
test_q4_2024,2024-10-20,841,LOJA 841,18064,NEOSORO SOLUCAO NASAL ADULTO 30ML,45151,1,PAGUE E LEVE,1.0,3.0,9.19,9.02,2.57,1.0,2.0523,2.1647,0.0,0.0,,,0,static
test_q4_2024,2024-10-21,841,LOJA 841,18064,NEOSORO SOLUCAO NASAL ADULTO 30ML,45151,1,PAGUE E LEVE,1.0,3.0,9.19,9.02,2.57,1.0,2.0961,2.1647,0.0,0.0,44.0,112.64,0,static
test_q4_2024,2024-10-22,841,LOJA 841,18064,NEOSORO SOLUCAO NASAL ADULTO 30ML,45151,1,PAGUE E LEVE,1.0,3.0,9.19,9.02,2.57,1.0,2.2636,2.1647,0.0,0.0,44.0,112.64,0,static
test_q4_2024,2024-10-23,841,LOJA 841,18064,NEOSORO SOLUCAO NASAL ADULTO 30ML,45151,1,PAGUE E LEVE,1.0,3.0,9.19,9.02,2.57,1.0,2.0411,2.1647,0.0,0.0,44.0,112.64,0,static
test_q4_2024,2024-10-24,841,LOJA 841,18064,NEOSORO SOLUCAO NASAL ADULTO 30ML,45151,1,PAGUE E LEVE,1.0,3.0,9.19,9.02,2.57,1.0,1.9365,2.1647,0.0,0.0,44.0,112.64,0,static
test_q4_2024,2024-10-25,841,LOJA 841,18064,NEOSORO SOLUCAO NASAL ADULTO 30ML,45151,1,PAGUE E LEVE,1.0,3.0,9.19,9.02,2.57,1.0,2.4002,2.1647,1.0,1.0,44.0,112.64,0,static
test_q4_2024,2024-10-26,841,LOJA 841,18064,NEOSORO SOLUCAO NASAL ADULTO 30ML,45151,1,PAGUE E LEVE,1.0,3.0,9.19,9.02,2.57,1.0,1.7477,2.1647,1.0,1.0,43.0,110.08,0,static
test_q4_2024,2024-10-27,841,LOJA 841,18064,NEOSORO SOLUCAO NASAL ADULTO 30ML,45151,1,PAGUE E LEVE,1.0,3.0,9.19,9.02,2.57,1.0,1.9323,2.1647,0.0,0.0,,,0,static
test_q4_2024,2024-10-28,841,LOJA 841,18064,NEOSORO SOLUCAO NASAL ADULTO 30ML,45151,1,PAGUE E LEVE,1.0,3.0,9.19,9.02,2.57,1.0,1.8694,2.1647,1.0,1.0,42.0,107.52,0,static
test_q4_2024,2024-10-29,841,LOJA 841,18064,NEOSORO SOLUCAO NASAL ADULTO 30ML,45151,1,PAGUE E LEVE,1.0,3.0,9.19,9.02,2.57,1.0,1.9569,2.1647,0.0,0.0,41.0,104.96,0,static
test_q4_2024,2024-10-30,841,LOJA 841,18064,NEOSORO SOLUCAO NASAL ADULTO 30ML,45151,1,PAGUE E LEVE,1.0,3.0,9.19,9.02,2.57,1.0,1.7211,2.1647,0.0,0.0,41.0,104.96,0,static
test_q4_2024,2024-10-31,841,LOJA 841,18064,NEOSORO SOLUCAO NASAL ADULTO 30ML,45151,1,PAGUE E LEVE,1.0,3.0,9.19,9.02,2.57,1.0,1.5898,2.1647,0.0,0.0,41.0,104.96,0,static
test_q4_2024,2024-11-01,841,LOJA 841,18064,NEOSORO SOLUCAO NASAL ADULTO 30ML,45151,0,,1.0,3.0,9.19,9.02,2.57,1.0,2.3469,2.1647,1.0,1.0,41.0,104.96,0,static
test_q4_2024,2024-11-02,841,LOJA 841,18064,NEOSORO SOLUCAO NASAL ADULTO 30ML,45151,0,,1.0,3.0,9.19,9.02,2.57,1.0,1.7211,2.1647,1.0,1.0,40.0,102.4,0,static
test_q4_2024,2024-11-03,841,LOJA 841,18064,NEOSORO SOLUCAO NASAL ADULTO 30ML,45151,0,,1.0,3.0,9.19,9.02,2.57,1.0,1.8523,2.1647,3.0,3.0,,,0,static
test_q4_2024,2024-11-04,841,LOJA 841,18064,NEOSORO SOLUCAO NASAL ADULTO 30ML,45151,0,,1.0,3.0,9.19,9.02,2.57,1.0,1.8961,2.1647,1.0,1.0,36.0,92.16,0,static
test_q4_2024,2024-11-05,841,LOJA 841,18064,NEOSORO SOLUCAO NASAL ADULTO 30ML,45151,0,,1.0,3.0,9.19,9.02,2.57,1.0,2.0102,2.1647,2.0,2.0,35.0,89.6,0,static
test_q4_2024,2024-11-06,841,LOJA 841,18064,NEOSORO SOLUCAO NASAL ADULTO 30ML,45151,0,,1.0,3.0,9.19,9.02,2.57,1.0,1.6811,2.1647,2.0,2.0,33.0,84.48,0,static
test_q4_2024,2024-11-07,841,LOJA 841,18064,NEOSORO SOLUCAO NASAL ADULTO 30ML,45151,0,,1.0,3.0,9.19,9.02,2.57,1.0,1.5098,2.1647,0.0,0.0,31.0,79.36,0,static
test_q4_2024,2024-11-08,841,LOJA 841,18064,NEOSORO SOLUCAO NASAL ADULTO 30ML,45151,0,,1.0,3.0,9.19,9.02,2.57,1.0,2.2802,2.1647,0.0,0.0,31.0,79.36,0,static
test_q4_2024,2024-11-09,841,LOJA 841,18064,NEOSORO SOLUCAO NASAL ADULTO 30ML,45151,0,,1.0,3.0,9.19,9.02,2.57,1.0,1.7211,2.1647,0.0,0.0,31.0,79.36,0,static
test_q4_2024,2024-11-10,841,LOJA 841,18064,NEOSORO SOLUCAO NASAL ADULTO 30ML,45151,0,,1.0,3.0,9.19,9.02,2.57,1.0,1.8523,2.1647,1.0,1.0,,,0,static
test_q4_2024,2024-11-11,841,LOJA 841,18064,NEOSORO SOLUCAO NASAL ADULTO 30ML,45151,0,,1.0,3.0,9.19,9.02,2.57,1.0,1.8427,2.1647,1.0,1.0,30.0,76.8,0,static
test_q4_2024,2024-11-12,841,LOJA 841,18064,NEOSORO SOLUCAO NASAL ADULTO 30ML,45151,0,,1.0,3.0,9.19,9.02,2.57,1.0,1.9169,2.1647,0.0,0.0,29.0,74.24,0,static
test_q4_2024,2024-11-13,841,LOJA 841,18064,NEOSORO SOLUCAO NASAL ADULTO 30ML,45151,0,,1.0,3.0,9.19,9.02,2.57,1.0,1.6544,2.1647,0.0,0.0,29.0,74.24,0,static
test_q4_2024,2024-11-14,841,LOJA 841,18064,NEOSORO SOLUCAO NASAL ADULTO 30ML,45151,0,,1.0,3.0,9.19,9.02,2.57,1.0,1.5098,2.1647,0.0,0.0,29.0,74.24,0,static
test_q4_2024,2024-11-15,841,LOJA 841,18064,NEOSORO SOLUCAO NASAL ADULTO 30ML,45151,0,,1.0,3.0,9.19,9.02,2.57,1.0,2.2669,2.1647,1.0,1.0,29.0,74.24,0,static
test_q4_2024,2024-11-16,841,LOJA 841,18064,NEOSORO SOLUCAO NASAL ADULTO 30ML,45151,0,,1.0,3.0,9.19,9.02,2.57,1.0,1.6544,2.1647,0.0,0.0,28.0,71.68,0,static
test_q4_2024,2024-11-17,841,LOJA 841,18064,NEOSORO SOLUCAO NASAL ADULTO 30ML,45151,0,,1.0,3.0,9.19,9.02,2.57,1.0,1.759,2.1647,0.0,0.0,,,0,static
test_q4_2024,2024-11-18,841,LOJA 841,18064,NEOSORO SOLUCAO NASAL ADULTO 30ML,45151,0,,1.0,3.0,9.19,9.02,2.57,1.0,1.8294,2.1647,0.0,0.0,28.0,71.68,0,static
test_q4_2024,2024-11-19,841,LOJA 841,18064,NEOSORO SOLUCAO NASAL ADULTO 30ML,45151,0,,1.0,3.0,9.19,9.02,2.57,1.0,1.9302,2.1647,3.0,3.0,28.0,71.68,0,static
test_q4_2024,2024-11-20,841,LOJA 841,18064,NEOSORO SOLUCAO NASAL ADULTO 30ML,45151,0,,1.0,3.0,9.19,9.02,2.57,1.0,1.6544,2.1647,1.0,1.0,28.0,71.68,0,static
test_q4_2024,2024-11-21,841,LOJA 841,18064,NEOSORO SOLUCAO NASAL ADULTO 30ML,45151,0,,1.0,3.0,9.19,9.02,2.57,1.0,1.5232,2.1647,1.0,1.0,27.0,69.12,0,static
test_q4_2024,2024-11-22,841,LOJA 841,18064,NEOSORO SOLUCAO NASAL ADULTO 30ML,45151,0,,1.0,3.0,9.19,9.02,2.57,1.0,2.2669,2.1647,1.0,1.0,23.0,58.88,0,static
test_q4_2024,2024-11-23,841,LOJA 841,18064,NEOSORO SOLUCAO NASAL ADULTO 30ML,45151,0,,1.0,3.0,9.19,9.02,2.57,1.0,1.6144,2.1647,0.0,0.0,22.0,56.32,0,static
test_q4_2024,2024-11-24,841,LOJA 841,18064,NEOSORO SOLUCAO NASAL ADULTO 30ML,45151,0,,1.0,3.0,9.19,9.02,2.57,1.0,1.6923,2.1647,4.0,4.0,,,0,static
test_q4_2024,2024-11-25,841,LOJA 841,18064,NEOSORO SOLUCAO NASAL ADULTO 30ML,45151,0,,1.0,3.0,9.19,9.02,2.57,1.0,1.7361,2.1647,0.0,0.0,18.0,46.08,0,static
test_q4_2024,2024-11-26,841,LOJA 841,18064,NEOSORO SOLUCAO NASAL ADULTO 30ML,45151,0,,1.0,3.0,9.19,9.02,2.57,1.0,1.8369,2.1647,1.0,1.0,18.0,46.08,0,static
test_q4_2024,2024-11-27,841,LOJA 841,18064,NEOSORO SOLUCAO NASAL ADULTO 30ML,45151,0,,1.0,3.0,9.19,9.02,2.57,1.0,1.5877,2.1647,2.0,2.0,17.0,43.52,0,static
test_q4_2024,2024-11-28,841,LOJA 841,18064,NEOSORO SOLUCAO NASAL ADULTO 30ML,45151,0,,1.0,3.0,9.19,9.02,2.57,1.0,1.4565,2.1647,0.0,0.0,15.0,38.4,0,static
test_q4_2024,2024-11-29,841,LOJA 841,18064,NEOSORO SOLUCAO NASAL ADULTO 30ML,45151,0,,1.0,3.0,9.19,9.02,2.57,1.0,2.2136,2.1647,2.0,2.0,15.0,38.4,0,static
test_q4_2024,2024-11-30,841,LOJA 841,18064,NEOSORO SOLUCAO NASAL ADULTO 30ML,45151,0,,1.0,3.0,9.19,9.02,2.57,1.0,1.6011,2.1647,0.0,0.0,13.0,33.28,0,static
test_q4_2024,2024-12-01,841,LOJA 841,18064,NEOSORO SOLUCAO NASAL ADULTO 30ML,45151,0,,1.0,3.0,9.19,9.02,2.57,1.0,1.719,2.1647,1.0,1.0,,,0,static
test_q4_2024,2024-12-02,841,LOJA 841,18064,NEOSORO SOLUCAO NASAL ADULTO 30ML,45151,0,,1.0,3.0,9.19,9.02,2.57,1.0,1.7627,2.1647,0.0,0.0,72.0,185.04,0,static
test_q4_2024,2024-12-03,841,LOJA 841,18064,NEOSORO SOLUCAO NASAL ADULTO 30ML,45151,0,,1.0,3.0,9.19,9.02,2.57,1.0,1.8236,2.1647,0.0,0.0,72.0,185.04,0,static
test_q4_2024,2024-12-04,841,LOJA 841,18064,NEOSORO SOLUCAO NASAL ADULTO 30ML,45151,0,,1.0,3.0,9.19,9.02,2.57,1.0,1.5744,2.1647,1.0,1.0,72.0,185.04,0,static
test_q4_2024,2024-12-05,841,LOJA 841,18064,NEOSORO SOLUCAO NASAL ADULTO 30ML,45151,0,,1.0,3.0,9.19,9.02,2.57,1.0,1.4565,2.1647,0.0,0.0,71.0,182.47,0,static
test_q4_2024,2024-12-06,841,LOJA 841,18064,NEOSORO SOLUCAO NASAL ADULTO 30ML,45151,0,,1.0,3.0,9.19,9.02,2.57,1.0,2.2002,2.1647,2.0,2.0,71.0,182.47,0,static
test_q4_2024,2024-12-07,841,LOJA 841,18064,NEOSORO SOLUCAO NASAL ADULTO 30ML,45151,0,,1.0,3.0,9.19,9.02,2.57,1.0,1.5877,2.1647,2.0,2.0,69.0,177.33,0,static
test_q4_2024,2024-12-08,841,LOJA 841,18064,NEOSORO SOLUCAO NASAL ADULTO 30ML,45151,0,,1.0,3.0,9.19,9.02,2.57,1.0,1.7323,2.1647,1.0,1.0,,,0,static
test_q4_2024,2024-12-09,841,LOJA 841,18064,NEOSORO SOLUCAO NASAL ADULTO 30ML,45151,0,,1.0,3.0,9.19,9.02,2.57,1.0,1.8027,2.1647,3.0,3.0,66.0,169.62,0,static
test_q4_2024,2024-12-10,841,LOJA 841,18064,NEOSORO SOLUCAO NASAL ADULTO 30ML,45151,0,,1.0,3.0,9.19,9.02,2.57,1.0,1.9169,2.1647,1.0,1.0,63.0,161.91,0,static
test_q4_2024,2024-12-11,841,LOJA 841,18064,NEOSORO SOLUCAO NASAL ADULTO 30ML,45151,0,,1.0,3.0,9.19,9.02,2.57,1.0,1.6411,2.1647,1.0,1.0,62.0,159.34,0,static
test_q4_2024,2024-12-12,841,LOJA 841,18064,NEOSORO SOLUCAO NASAL ADULTO 30ML,45151,0,,1.0,3.0,9.19,9.02,2.57,1.0,1.5232,2.1647,1.0,1.0,61.0,156.77,0,static
test_q4_2024,2024-12-13,841,LOJA 841,18064,NEOSORO SOLUCAO NASAL ADULTO 30ML,45151,0,,1.0,3.0,9.19,9.02,2.57,1.0,2.2802,2.1647,1.0,1.0,60.0,154.2,0,static
test_q4_2024,2024-12-14,841,LOJA 841,18064,NEOSORO SOLUCAO NASAL ADULTO 30ML,45151,0,,1.0,3.0,9.19,9.02,2.57,1.0,1.6411,2.1647,0.0,0.0,60.0,154.2,0,static
test_q4_2024,2024-12-15,841,LOJA 841,18064,NEOSORO SOLUCAO NASAL ADULTO 30ML,45151,0,,1.0,3.0,9.19,9.02,2.57,1.0,1.8123,2.1647,2.0,2.0,,,0,static
test_q4_2024,2024-12-16,841,LOJA 841,18064,NEOSORO SOLUCAO NASAL ADULTO 30ML,45151,0,,1.0,3.0,9.19,9.02,2.57,1.0,1.8561,2.1647,0.0,0.0,57.0,146.49,0,static
test_q4_2024,2024-12-17,841,LOJA 841,18064,NEOSORO SOLUCAO NASAL ADULTO 30ML,45151,0,,1.0,3.0,9.19,9.02,2.57,1.0,1.9569,2.1647,0.0,0.0,57.0,146.49,0,static
test_q4_2024,2024-12-18,841,LOJA 841,18064,NEOSORO SOLUCAO NASAL ADULTO 30ML,45151,0,,1.0,3.0,9.19,9.02,2.57,1.0,1.7211,2.1647,0.0,0.0,56.0,143.92,0,static
test_q4_2024,2024-12-19,841,LOJA 841,18064,NEOSORO SOLUCAO NASAL ADULTO 30ML,45151,0,,1.0,3.0,9.19,9.02,2.57,1.0,1.5632,2.1647,1.0,1.0,56.0,143.92,0,static
test_q4_2024,2024-12-20,841,LOJA 841,18064,NEOSORO SOLUCAO NASAL ADULTO 30ML,45151,0,,1.0,3.0,9.19,9.02,2.57,1.0,2.2802,2.1647,7.0,7.0,55.0,141.35,0,static
test_q4_2024,2024-12-21,841,LOJA 841,18064,NEOSORO SOLUCAO NASAL ADULTO 30ML,45151,0,,1.0,3.0,9.19,9.02,2.57,1.0,1.6544,2.1647,1.0,1.0,48.0,123.36,0,static
test_q4_2024,2024-12-22,841,LOJA 841,18064,NEOSORO SOLUCAO NASAL ADULTO 30ML,45151,0,,1.0,3.0,9.19,9.02,2.57,1.0,1.7857,2.1647,2.0,2.0,,,0,static
test_q4_2024,2024-12-23,841,LOJA 841,18064,NEOSORO SOLUCAO NASAL ADULTO 30ML,45151,0,,1.0,3.0,9.19,9.02,2.57,1.0,1.8294,2.1647,3.0,3.0,45.0,115.65,0,static
test_q4_2024,2024-12-24,841,LOJA 841,18064,NEOSORO SOLUCAO NASAL ADULTO 30ML,45151,0,,1.0,3.0,9.19,9.02,2.57,1.0,1.9302,2.1647,0.0,0.0,42.0,107.94,0,static
test_q4_2024,2024-12-25,841,LOJA 841,18064,NEOSORO SOLUCAO NASAL ADULTO 30ML,45151,0,,1.0,3.0,9.19,9.02,2.57,1.0,1.6411,2.1647,1.0,1.0,42.0,107.94,0,static
test_q4_2024,2024-12-26,841,LOJA 841,18064,NEOSORO SOLUCAO NASAL ADULTO 30ML,45151,0,,1.0,3.0,9.19,9.02,2.57,1.0,1.5098,2.1647,1.0,1.0,41.0,105.37,0,static
test_q4_2024,2024-12-27,841,LOJA 841,18064,NEOSORO SOLUCAO NASAL ADULTO 30ML,45151,0,,1.0,3.0,9.19,9.02,2.57,1.0,2.2402,2.1647,1.0,1.0,40.0,102.8,0,static
test_q4_2024,2024-12-28,841,LOJA 841,18064,NEOSORO SOLUCAO NASAL ADULTO 30ML,45151,0,,1.0,3.0,9.19,9.02,2.57,1.0,1.6277,2.1647,1.0,1.0,39.0,100.23,0,static
test_q4_2024,2024-12-29,841,LOJA 841,18064,NEOSORO SOLUCAO NASAL ADULTO 30ML,45151,0,,1.0,3.0,9.19,9.02,2.57,1.0,1.759,2.1647,1.0,1.0,,,0,static
test_q4_2024,2024-12-30,841,LOJA 841,18064,NEOSORO SOLUCAO NASAL ADULTO 30ML,45151,0,,1.0,3.0,9.19,9.02,2.57,1.0,1.7761,2.1647,0.0,0.0,37.0,95.09,0,static
test_q4_2024,2024-12-31,841,LOJA 841,18064,NEOSORO SOLUCAO NASAL ADULTO 30ML,45151,0,,1.0,3.0,9.19,9.02,2.57,1.0,1.8636,2.1647,0.0,0.0,37.0,95.09,0,static
test_q4_2024,2024-10-01,841,LOJA 841,20635,ABRILAR XAROPE 100ML,87021,0,,1.0,3.0,35.82,43.04,23.5,1.0,0.0,0.1873,0.0,0.0,2.0,49.48,0,static
test_q4_2024,2024-10-02,841,LOJA 841,20635,ABRILAR XAROPE 100ML,87021,0,,1.0,3.0,35.82,43.04,23.5,1.0,0.0,0.1873,0.0,0.0,2.0,49.48,0,static
test_q4_2024,2024-10-03,841,LOJA 841,20635,ABRILAR XAROPE 100ML,87021,0,,1.0,3.0,35.82,43.04,23.5,1.0,0.0,0.1873,0.0,0.0,2.0,49.48,0,static
test_q4_2024,2024-10-04,841,LOJA 841,20635,ABRILAR XAROPE 100ML,87021,0,,1.0,3.0,35.82,43.04,23.5,1.0,0.0,0.1873,0.0,0.0,2.0,49.48,0,static
test_q4_2024,2024-10-05,841,LOJA 841,20635,ABRILAR XAROPE 100ML,87021,0,,1.0,3.0,35.82,43.04,23.5,1.0,0.0,0.1873,0.0,0.0,2.0,49.48,0,static
test_q4_2024,2024-10-06,841,LOJA 841,20635,ABRILAR XAROPE 100ML,87021,0,,1.0,3.0,35.82,43.04,23.5,1.0,0.0,0.1873,0.0,0.0,,,0,static
test_q4_2024,2024-10-07,841,LOJA 841,20635,ABRILAR XAROPE 100ML,87021,0,,1.0,3.0,35.82,43.04,23.5,1.0,0.0,0.1873,0.0,0.0,2.0,49.48,0,static
test_q4_2024,2024-10-08,841,LOJA 841,20635,ABRILAR XAROPE 100ML,87021,0,,1.0,3.0,35.82,43.04,23.5,1.0,0.0,0.1873,0.0,0.0,2.0,49.48,0,static
test_q4_2024,2024-10-09,841,LOJA 841,20635,ABRILAR XAROPE 100ML,87021,0,,1.0,3.0,35.82,43.04,23.5,1.0,0.0,0.1873,0.0,0.0,2.0,49.48,0,static
test_q4_2024,2024-10-10,841,LOJA 841,20635,ABRILAR XAROPE 100ML,87021,0,,1.0,3.0,35.82,43.04,23.5,1.0,0.0,0.1873,0.0,0.0,2.0,49.48,0,static
test_q4_2024,2024-10-11,841,LOJA 841,20635,ABRILAR XAROPE 100ML,87021,0,,1.0,3.0,35.82,43.04,23.5,1.0,0.0,0.1873,0.0,0.0,2.0,49.48,0,static
test_q4_2024,2024-10-12,841,LOJA 841,20635,ABRILAR XAROPE 100ML,87021,0,,1.0,3.0,35.82,43.04,23.5,1.0,0.0,0.1873,0.0,0.0,2.0,49.48,0,static
test_q4_2024,2024-10-13,841,LOJA 841,20635,ABRILAR XAROPE 100ML,87021,0,,1.0,3.0,35.82,43.04,23.5,1.0,0.0,0.1873,0.0,0.0,,,0,static
test_q4_2024,2024-10-14,841,LOJA 841,20635,ABRILAR XAROPE 100ML,87021,0,,1.0,3.0,35.82,43.04,23.5,1.0,0.0,0.1873,0.0,0.0,2.0,49.48,0,static
test_q4_2024,2024-10-15,841,LOJA 841,20635,ABRILAR XAROPE 100ML,87021,0,,1.0,3.0,35.82,43.04,23.5,1.0,0.0,0.1873,0.0,0.0,2.0,49.48,0,static
test_q4_2024,2024-10-16,841,LOJA 841,20635,ABRILAR XAROPE 100ML,87021,0,,1.0,3.0,35.82,43.04,23.5,1.0,0.0,0.1873,0.0,0.0,2.0,49.48,0,static
test_q4_2024,2024-10-17,841,LOJA 841,20635,ABRILAR XAROPE 100ML,87021,0,,1.0,3.0,35.82,43.04,23.5,1.0,0.0,0.1873,0.0,0.0,2.0,49.48,0,static
test_q4_2024,2024-10-18,841,LOJA 841,20635,ABRILAR XAROPE 100ML,87021,0,,1.0,3.0,35.82,43.04,23.5,1.0,0.0,0.1873,0.0,0.0,2.0,49.48,0,static
test_q4_2024,2024-10-19,841,LOJA 841,20635,ABRILAR XAROPE 100ML,87021,0,,1.0,3.0,35.82,43.04,23.5,1.0,0.0,0.1873,0.0,0.0,2.0,49.48,0,static
test_q4_2024,2024-10-20,841,LOJA 841,20635,ABRILAR XAROPE 100ML,87021,0,,1.0,3.0,35.82,43.04,23.5,1.0,0.0,0.1873,0.0,0.0,,,0,static
test_q4_2024,2024-10-21,841,LOJA 841,20635,ABRILAR XAROPE 100ML,87021,0,,1.0,3.0,35.82,43.04,23.5,1.0,0.0,0.1873,0.0,0.0,2.0,49.48,0,static
test_q4_2024,2024-10-22,841,LOJA 841,20635,ABRILAR XAROPE 100ML,87021,0,,1.0,3.0,35.82,43.04,23.5,1.0,0.0,0.1873,0.0,0.0,2.0,49.48,0,static
test_q4_2024,2024-10-23,841,LOJA 841,20635,ABRILAR XAROPE 100ML,87021,0,,1.0,3.0,35.82,43.04,23.5,1.0,0.0,0.1873,0.0,0.0,2.0,49.48,0,static
test_q4_2024,2024-10-24,841,LOJA 841,20635,ABRILAR XAROPE 100ML,87021,0,,1.0,3.0,35.82,43.04,23.5,1.0,0.0,0.1873,0.0,0.0,2.0,49.48,0,static
test_q4_2024,2024-10-25,841,LOJA 841,20635,ABRILAR XAROPE 100ML,87021,0,,1.0,3.0,35.82,43.04,23.5,1.0,0.0,0.1873,0.0,0.0,2.0,49.48,0,static
test_q4_2024,2024-10-26,841,LOJA 841,20635,ABRILAR XAROPE 100ML,87021,0,,1.0,3.0,35.82,43.04,23.5,1.0,0.0,0.1873,0.0,0.0,2.0,49.48,0,static
test_q4_2024,2024-10-27,841,LOJA 841,20635,ABRILAR XAROPE 100ML,87021,0,,1.0,3.0,35.82,43.04,23.5,1.0,0.0,0.1873,0.0,0.0,,,0,static
test_q4_2024,2024-10-28,841,LOJA 841,20635,ABRILAR XAROPE 100ML,87021,0,,1.0,3.0,35.82,43.04,23.5,1.0,0.0,0.1873,0.0,0.0,2.0,49.48,0,static
test_q4_2024,2024-10-29,841,LOJA 841,20635,ABRILAR XAROPE 100ML,87021,0,,1.0,3.0,35.82,43.04,23.5,1.0,0.0,0.1873,0.0,0.0,2.0,49.48,0,static
test_q4_2024,2024-10-30,841,LOJA 841,20635,ABRILAR XAROPE 100ML,87021,0,,1.0,3.0,35.82,43.04,23.5,1.0,0.0,0.1873,0.0,0.0,2.0,49.48,0,static
test_q4_2024,2024-10-31,841,LOJA 841,20635,ABRILAR XAROPE 100ML,87021,0,,1.0,3.0,35.82,43.04,23.5,1.0,0.0,0.1873,0.0,0.0,2.0,49.48,0,static
test_q4_2024,2024-11-01,841,LOJA 841,20635,ABRILAR XAROPE 100ML,87021,0,,1.0,3.0,35.82,43.04,23.5,1.0,0.0,0.1873,0.0,0.0,2.0,49.48,0,static
test_q4_2024,2024-11-02,841,LOJA 841,20635,ABRILAR XAROPE 100ML,87021,0,,1.0,3.0,35.82,43.04,23.5,1.0,0.0,0.1873,0.0,0.0,2.0,49.48,0,static
test_q4_2024,2024-11-03,841,LOJA 841,20635,ABRILAR XAROPE 100ML,87021,0,,1.0,3.0,35.82,43.04,23.5,1.0,0.0,0.1873,0.0,0.0,,,0,static
test_q4_2024,2024-11-04,841,LOJA 841,20635,ABRILAR XAROPE 100ML,87021,0,,1.0,3.0,35.82,43.04,23.5,1.0,0.0,0.1873,0.0,0.0,2.0,49.48,0,static
test_q4_2024,2024-11-05,841,LOJA 841,20635,ABRILAR XAROPE 100ML,87021,0,,1.0,3.0,35.82,43.04,23.5,1.0,0.0,0.1873,0.0,0.0,2.0,49.48,0,static
test_q4_2024,2024-11-06,841,LOJA 841,20635,ABRILAR XAROPE 100ML,87021,0,,1.0,3.0,35.82,43.04,23.5,1.0,0.0,0.1873,0.0,0.0,2.0,49.48,0,static
test_q4_2024,2024-11-07,841,LOJA 841,20635,ABRILAR XAROPE 100ML,87021,0,,1.0,3.0,35.82,43.04,23.5,1.0,0.0,0.1873,0.0,0.0,2.0,49.48,0,static
test_q4_2024,2024-11-08,841,LOJA 841,20635,ABRILAR XAROPE 100ML,87021,0,,1.0,3.0,35.82,43.04,23.5,1.0,0.0,0.1873,0.0,0.0,2.0,49.48,0,static
test_q4_2024,2024-11-09,841,LOJA 841,20635,ABRILAR XAROPE 100ML,87021,0,,1.0,3.0,35.82,43.04,23.5,1.0,0.0,0.1873,0.0,0.0,2.0,49.48,0,static
test_q4_2024,2024-11-10,841,LOJA 841,20635,ABRILAR XAROPE 100ML,87021,0,,1.0,3.0,35.82,43.04,23.5,1.0,0.0,0.1873,0.0,0.0,,,0,static
test_q4_2024,2024-11-11,841,LOJA 841,20635,ABRILAR XAROPE 100ML,87021,0,,1.0,3.0,35.82,43.04,23.5,1.0,0.0,0.1873,0.0,0.0,2.0,49.48,0,static
test_q4_2024,2024-11-12,841,LOJA 841,20635,ABRILAR XAROPE 100ML,87021,0,,1.0,3.0,35.82,43.04,23.5,1.0,0.0,0.1873,0.0,0.0,2.0,49.48,0,static
test_q4_2024,2024-11-13,841,LOJA 841,20635,ABRILAR XAROPE 100ML,87021,0,,1.0,3.0,35.82,43.04,23.5,1.0,0.0,0.1873,0.0,0.0,2.0,49.48,0,static
test_q4_2024,2024-11-14,841,LOJA 841,20635,ABRILAR XAROPE 100ML,87021,0,,1.0,3.0,35.82,43.04,23.5,1.0,0.0,0.1873,0.0,0.0,2.0,49.48,0,static
test_q4_2024,2024-11-15,841,LOJA 841,20635,ABRILAR XAROPE 100ML,87021,0,,1.0,3.0,35.82,43.04,23.5,1.0,0.0,0.1873,1.0,1.0,2.0,49.48,0,static
test_q4_2024,2024-11-16,841,LOJA 841,20635,ABRILAR XAROPE 100ML,87021,0,,1.0,3.0,35.82,43.04,23.5,1.0,0.0,0.1873,0.0,0.0,1.0,24.74,0,static
test_q4_2024,2024-11-17,841,LOJA 841,20635,ABRILAR XAROPE 100ML,87021,0,,1.0,3.0,35.82,43.04,23.5,1.0,0.0,0.1873,0.0,0.0,,,0,static
test_q4_2024,2024-11-18,841,LOJA 841,20635,ABRILAR XAROPE 100ML,87021,0,,1.0,3.0,35.82,43.04,23.5,1.0,0.0,0.1873,0.0,0.0,1.0,24.74,0,static
test_q4_2024,2024-11-19,841,LOJA 841,20635,ABRILAR XAROPE 100ML,87021,0,,1.0,3.0,35.82,43.04,23.5,1.0,0.0,0.1873,0.0,0.0,1.0,24.74,0,static
test_q4_2024,2024-11-20,841,LOJA 841,20635,ABRILAR XAROPE 100ML,87021,0,,1.0,3.0,35.82,43.04,23.5,1.0,0.0,0.1873,0.0,0.0,1.0,24.74,0,static
test_q4_2024,2024-11-21,841,LOJA 841,20635,ABRILAR XAROPE 100ML,87021,0,,1.0,3.0,35.82,43.04,23.5,1.0,0.0,0.1873,0.0,0.0,1.0,24.74,0,static
test_q4_2024,2024-11-22,841,LOJA 841,20635,ABRILAR XAROPE 100ML,87021,0,,1.0,3.0,35.82,43.04,23.5,1.0,0.0,0.1873,0.0,0.0,1.0,24.74,0,static
test_q4_2024,2024-11-23,841,LOJA 841,20635,ABRILAR XAROPE 100ML,87021,0,,1.0,3.0,35.82,43.04,23.5,1.0,0.0,0.1873,0.0,0.0,1.0,24.74,0,static
test_q4_2024,2024-11-24,841,LOJA 841,20635,ABRILAR XAROPE 100ML,87021,0,,1.0,3.0,35.82,43.04,23.5,1.0,0.0,0.1873,0.0,0.0,,,0,static
test_q4_2024,2024-11-25,841,LOJA 841,20635,ABRILAR XAROPE 100ML,87021,0,,1.0,3.0,35.82,43.04,23.5,1.0,0.0,0.1873,0.0,0.0,1.0,24.74,0,static
test_q4_2024,2024-11-26,841,LOJA 841,20635,ABRILAR XAROPE 100ML,87021,0,,1.0,3.0,35.82,43.04,23.5,1.0,0.0,0.1873,0.0,0.0,1.0,24.74,0,static
test_q4_2024,2024-11-27,841,LOJA 841,20635,ABRILAR XAROPE 100ML,87021,0,,1.0,3.0,35.82,43.04,23.5,1.0,0.0,0.1873,0.0,0.0,1.0,24.74,0,static
test_q4_2024,2024-11-28,841,LOJA 841,20635,ABRILAR XAROPE 100ML,87021,0,,1.0,3.0,35.82,43.04,23.5,1.0,0.0,0.1873,1.0,1.0,1.0,24.74,0,static
test_q4_2024,2024-11-29,841,LOJA 841,20635,ABRILAR XAROPE 100ML,87021,0,,1.0,3.0,35.82,43.04,23.5,1.0,0.0,0.1873,0.0,0.0,0.0,0.0,1,static
test_q4_2024,2024-11-30,841,LOJA 841,20635,ABRILAR XAROPE 100ML,87021,0,,1.0,3.0,35.82,43.04,23.5,1.0,0.0,0.1873,0.0,0.0,0.0,0.0,1,static
test_q4_2024,2024-12-01,841,LOJA 841,20635,ABRILAR XAROPE 100ML,87021,0,,1.0,3.0,35.82,43.04,23.5,1.0,0.0,0.1873,0.0,0.0,,,0,static
test_q4_2024,2024-12-02,841,LOJA 841,20635,ABRILAR XAROPE 100ML,87021,0,,1.0,3.0,35.82,43.04,23.5,1.0,0.0,0.1873,0.0,0.0,2.0,47.0,0,static
test_q4_2024,2024-12-03,841,LOJA 841,20635,ABRILAR XAROPE 100ML,87021,0,,1.0,3.0,35.82,43.04,23.5,1.0,0.0,0.1873,0.0,0.0,2.0,47.0,0,static
test_q4_2024,2024-12-04,841,LOJA 841,20635,ABRILAR XAROPE 100ML,87021,0,,1.0,3.0,35.82,43.04,23.5,1.0,0.0,0.1873,0.0,0.0,2.0,47.0,0,static
test_q4_2024,2024-12-05,841,LOJA 841,20635,ABRILAR XAROPE 100ML,87021,0,,1.0,3.0,35.82,43.04,23.5,1.0,0.0,0.1873,0.0,0.0,2.0,47.0,0,static
test_q4_2024,2024-12-06,841,LOJA 841,20635,ABRILAR XAROPE 100ML,87021,0,,1.0,3.0,35.82,43.04,23.5,1.0,0.0,0.1873,0.0,0.0,2.0,47.0,0,static
test_q4_2024,2024-12-07,841,LOJA 841,20635,ABRILAR XAROPE 100ML,87021,0,,1.0,3.0,35.82,43.04,23.5,1.0,0.0,0.1873,0.0,0.0,2.0,47.0,0,static
test_q4_2024,2024-12-08,841,LOJA 841,20635,ABRILAR XAROPE 100ML,87021,0,,1.0,3.0,35.82,43.04,23.5,1.0,0.0,0.1873,0.0,0.0,,,0,static
test_q4_2024,2024-12-09,841,LOJA 841,20635,ABRILAR XAROPE 100ML,87021,0,,1.0,3.0,35.82,43.04,23.5,1.0,0.0,0.1873,0.0,0.0,2.0,47.0,0,static
test_q4_2024,2024-12-10,841,LOJA 841,20635,ABRILAR XAROPE 100ML,87021,0,,1.0,3.0,35.82,43.04,23.5,1.0,0.0,0.1873,0.0,0.0,2.0,47.0,0,static
test_q4_2024,2024-12-11,841,LOJA 841,20635,ABRILAR XAROPE 100ML,87021,0,,1.0,3.0,35.82,43.04,23.5,1.0,0.0,0.1873,0.0,0.0,2.0,47.0,0,static
test_q4_2024,2024-12-12,841,LOJA 841,20635,ABRILAR XAROPE 100ML,87021,0,,1.0,3.0,35.82,43.04,23.5,1.0,0.0,0.1873,0.0,0.0,2.0,47.0,0,static
test_q4_2024,2024-12-13,841,LOJA 841,20635,ABRILAR XAROPE 100ML,87021,0,,1.0,3.0,35.82,43.04,23.5,1.0,0.0,0.1873,0.0,0.0,2.0,47.0,0,static
test_q4_2024,2024-12-14,841,LOJA 841,20635,ABRILAR XAROPE 100ML,87021,0,,1.0,3.0,35.82,43.04,23.5,1.0,0.0,0.1873,0.0,0.0,2.0,47.0,0,static
test_q4_2024,2024-12-15,841,LOJA 841,20635,ABRILAR XAROPE 100ML,87021,0,,1.0,3.0,35.82,43.04,23.5,1.0,0.0,0.1873,0.0,0.0,,,0,static
test_q4_2024,2024-12-16,841,LOJA 841,20635,ABRILAR XAROPE 100ML,87021,0,,1.0,3.0,35.82,43.04,23.5,1.0,0.0,0.1873,0.0,0.0,2.0,47.0,0,static
test_q4_2024,2024-12-17,841,LOJA 841,20635,ABRILAR XAROPE 100ML,87021,0,,1.0,3.0,35.82,43.04,23.5,1.0,0.0,0.1873,0.0,0.0,2.0,47.0,0,static
test_q4_2024,2024-12-18,841,LOJA 841,20635,ABRILAR XAROPE 100ML,87021,0,,1.0,3.0,35.82,43.04,23.5,1.0,0.0,0.1873,0.0,0.0,2.0,47.0,0,static
test_q4_2024,2024-12-19,841,LOJA 841,20635,ABRILAR XAROPE 100ML,87021,0,,1.0,3.0,35.82,43.04,23.5,1.0,0.0,0.1873,0.0,0.0,2.0,47.0,0,static
test_q4_2024,2024-12-20,841,LOJA 841,20635,ABRILAR XAROPE 100ML,87021,0,,1.0,3.0,35.82,43.04,23.5,1.0,0.0,0.1873,0.0,0.0,2.0,47.0,0,static
test_q4_2024,2024-12-21,841,LOJA 841,20635,ABRILAR XAROPE 100ML,87021,0,,1.0,3.0,35.82,43.04,23.5,1.0,0.0,0.1873,0.0,0.0,2.0,47.0,0,static
test_q4_2024,2024-12-22,841,LOJA 841,20635,ABRILAR XAROPE 100ML,87021,0,,1.0,3.0,35.82,43.04,23.5,1.0,0.0,0.1873,0.0,0.0,,,0,static
test_q4_2024,2024-12-23,841,LOJA 841,20635,ABRILAR XAROPE 100ML,87021,0,,1.0,3.0,35.82,43.04,23.5,1.0,0.0,0.1873,0.0,0.0,2.0,47.0,0,static
test_q4_2024,2024-12-24,841,LOJA 841,20635,ABRILAR XAROPE 100ML,87021,0,,1.0,3.0,35.82,43.04,23.5,1.0,0.0,0.1873,0.0,0.0,2.0,47.0,0,static
test_q4_2024,2024-12-25,841,LOJA 841,20635,ABRILAR XAROPE 100ML,87021,0,,1.0,3.0,35.82,43.04,23.5,1.0,0.0,0.1873,0.0,0.0,2.0,47.0,0,static
test_q4_2024,2024-12-26,841,LOJA 841,20635,ABRILAR XAROPE 100ML,87021,0,,1.0,3.0,35.82,43.04,23.5,1.0,0.0,0.1873,0.0,0.0,2.0,47.0,0,static
test_q4_2024,2024-12-27,841,LOJA 841,20635,ABRILAR XAROPE 100ML,87021,0,,1.0,3.0,35.82,43.04,23.5,1.0,0.0,0.1873,0.0,0.0,2.0,47.0,0,static
test_q4_2024,2024-12-28,841,LOJA 841,20635,ABRILAR XAROPE 100ML,87021,0,,1.0,3.0,35.82,43.04,23.5,1.0,0.0,0.1873,0.0,0.0,2.0,47.0,0,static
test_q4_2024,2024-12-29,841,LOJA 841,20635,ABRILAR XAROPE 100ML,87021,0,,1.0,3.0,35.82,43.04,23.5,1.0,0.0,0.1873,0.0,0.0,,,0,static
test_q4_2024,2024-12-30,841,LOJA 841,20635,ABRILAR XAROPE 100ML,87021,0,,1.0,3.0,35.82,43.04,23.5,1.0,0.0,0.1873,0.0,0.0,2.0,47.0,0,static
test_q4_2024,2024-12-31,841,LOJA 841,20635,ABRILAR XAROPE 100ML,87021,0,,1.0,3.0,35.82,43.04,23.5,1.0,0.0,0.1873,0.0,0.0,2.0,47.0,0,static
test_q4_2024,2024-10-01,841,LOJA 841,21141,PERCOF XAROPE 120ML,96108,0,,1.0,3.0,34.89,44.09,25.97,1.0,0.1402,0.414,0.0,0.0,3.0,77.79,0,static
test_q4_2024,2024-10-02,841,LOJA 841,21141,PERCOF XAROPE 120ML,96108,0,,1.0,3.0,34.89,44.09,25.97,1.0,0.1839,0.414,0.0,0.0,3.0,77.79,0,static
test_q4_2024,2024-10-03,841,LOJA 841,21141,PERCOF XAROPE 120ML,96108,0,,1.0,3.0,34.89,44.09,25.97,1.0,0.1839,0.414,0.0,0.0,3.0,77.79,0,static
test_q4_2024,2024-10-04,841,LOJA 841,21141,PERCOF XAROPE 120ML,96108,0,,1.0,3.0,34.89,44.09,25.97,1.0,0.2277,0.414,0.0,0.0,5.0,129.65,0,static
test_q4_2024,2024-10-05,841,LOJA 841,21141,PERCOF XAROPE 120ML,96108,0,,1.0,3.0,34.89,44.09,25.97,1.0,0.1839,0.414,0.0,0.0,5.0,129.65,0,static
test_q4_2024,2024-10-06,841,LOJA 841,21141,PERCOF XAROPE 120ML,96108,0,,1.0,3.0,34.89,44.09,25.97,1.0,0.1402,0.414,0.0,0.0,,,0,static
test_q4_2024,2024-10-07,841,LOJA 841,21141,PERCOF XAROPE 120ML,96108,0,,1.0,3.0,34.89,44.09,25.97,1.0,0.1802,0.414,0.0,0.0,5.0,129.65,0,static
test_q4_2024,2024-10-08,841,LOJA 841,21141,PERCOF XAROPE 120ML,96108,0,,1.0,3.0,34.89,44.09,25.97,1.0,0.1802,0.414,0.0,0.0,5.0,129.65,0,static
test_q4_2024,2024-10-09,841,LOJA 841,21141,PERCOF XAROPE 120ML,96108,0,,1.0,3.0,34.89,44.09,25.97,1.0,0.2239,0.414,0.0,0.0,5.0,129.65,0,static
test_q4_2024,2024-10-10,841,LOJA 841,21141,PERCOF XAROPE 120ML,96108,0,,1.0,3.0,34.89,44.09,25.97,1.0,0.2239,0.414,0.0,0.0,5.0,129.65,0,static
test_q4_2024,2024-10-11,841,LOJA 841,21141,PERCOF XAROPE 120ML,96108,0,,1.0,3.0,34.89,44.09,25.97,1.0,0.2677,0.414,1.0,1.0,5.0,129.65,0,static
test_q4_2024,2024-10-12,841,LOJA 841,21141,PERCOF XAROPE 120ML,96108,0,,1.0,3.0,34.89,44.09,25.97,1.0,0.2239,0.414,0.0,0.0,4.0,103.72,0,static
test_q4_2024,2024-10-13,841,LOJA 841,21141,PERCOF XAROPE 120ML,96108,0,,1.0,3.0,34.89,44.09,25.97,1.0,0.1802,0.414,0.0,0.0,,,0,static
test_q4_2024,2024-10-14,841,LOJA 841,21141,PERCOF XAROPE 120ML,96108,0,,1.0,3.0,34.89,44.09,25.97,1.0,0.1802,0.414,0.0,0.0,4.0,103.72,0,static
test_q4_2024,2024-10-15,841,LOJA 841,21141,PERCOF XAROPE 120ML,96108,0,,1.0,3.0,34.89,44.09,25.97,1.0,0.1802,0.414,0.0,0.0,4.0,103.72,0,static
test_q4_2024,2024-10-16,841,LOJA 841,21141,PERCOF XAROPE 120ML,96108,0,,1.0,3.0,34.89,44.09,25.97,1.0,0.2239,0.414,0.0,0.0,4.0,103.72,0,static
test_q4_2024,2024-10-17,841,LOJA 841,21141,PERCOF XAROPE 120ML,96108,0,,1.0,3.0,34.89,44.09,25.97,1.0,0.2239,0.414,0.0,0.0,4.0,103.72,0,static
test_q4_2024,2024-10-18,841,LOJA 841,21141,PERCOF XAROPE 120ML,96108,0,,1.0,3.0,34.89,44.09,25.97,1.0,0.2677,0.414,0.0,0.0,5.0,129.65,0,static
test_q4_2024,2024-10-19,841,LOJA 841,21141,PERCOF XAROPE 120ML,96108,0,,1.0,3.0,34.89,44.09,25.97,1.0,0.2239,0.414,0.0,0.0,5.0,129.65,0,static
test_q4_2024,2024-10-20,841,LOJA 841,21141,PERCOF XAROPE 120ML,96108,0,,1.0,3.0,34.89,44.09,25.97,1.0,0.1802,0.414,1.0,1.0,,,0,static
test_q4_2024,2024-10-21,841,LOJA 841,21141,PERCOF XAROPE 120ML,96108,0,,1.0,3.0,34.89,44.09,25.97,1.0,0.1802,0.414,0.0,0.0,4.0,103.72,0,static
test_q4_2024,2024-10-22,841,LOJA 841,21141,PERCOF XAROPE 120ML,96108,0,,1.0,3.0,34.89,44.09,25.97,1.0,0.1402,0.414,0.0,0.0,4.0,103.72,0,static
test_q4_2024,2024-10-23,841,LOJA 841,21141,PERCOF XAROPE 120ML,96108,0,,1.0,3.0,34.89,44.09,25.97,1.0,0.1839,0.414,0.0,0.0,4.0,103.72,0,static
test_q4_2024,2024-10-24,841,LOJA 841,21141,PERCOF XAROPE 120ML,96108,0,,1.0,3.0,34.89,44.09,25.97,1.0,0.1839,0.414,0.0,0.0,4.0,103.72,0,static
test_q4_2024,2024-10-25,841,LOJA 841,21141,PERCOF XAROPE 120ML,96108,0,,1.0,3.0,34.89,44.09,25.97,1.0,0.2277,0.414,0.0,0.0,4.0,103.72,0,static
test_q4_2024,2024-10-26,841,LOJA 841,21141,PERCOF XAROPE 120ML,96108,0,,1.0,3.0,34.89,44.09,25.97,1.0,0.1839,0.414,0.0,0.0,4.0,103.72,0,static
test_q4_2024,2024-10-27,841,LOJA 841,21141,PERCOF XAROPE 120ML,96108,0,,1.0,3.0,34.89,44.09,25.97,1.0,0.1402,0.414,1.0,1.0,,,0,static
test_q4_2024,2024-10-28,841,LOJA 841,21141,PERCOF XAROPE 120ML,96108,0,,1.0,3.0,34.89,44.09,25.97,1.0,0.1402,0.414,0.0,0.0,3.0,77.79,0,static
test_q4_2024,2024-10-29,841,LOJA 841,21141,PERCOF XAROPE 120ML,96108,0,,1.0,3.0,34.89,44.09,25.97,1.0,0.1402,0.414,0.0,0.0,3.0,77.79,0,static
test_q4_2024,2024-10-30,841,LOJA 841,21141,PERCOF XAROPE 120ML,96108,0,,1.0,3.0,34.89,44.09,25.97,1.0,0.1839,0.414,0.0,0.0,3.0,77.79,0,static
test_q4_2024,2024-10-31,841,LOJA 841,21141,PERCOF XAROPE 120ML,96108,0,,1.0,3.0,34.89,44.09,25.97,1.0,0.1973,0.414,0.0,0.0,4.0,103.72,0,static
test_q4_2024,2024-11-01,841,LOJA 841,21141,PERCOF XAROPE 120ML,96108,0,,1.0,3.0,34.89,44.09,25.97,1.0,0.241,0.414,0.0,0.0,4.0,103.72,0,static
test_q4_2024,2024-11-02,841,LOJA 841,21141,PERCOF XAROPE 120ML,96108,0,,1.0,3.0,34.89,44.09,25.97,1.0,0.1973,0.414,1.0,1.0,4.0,103.72,0,static
test_q4_2024,2024-11-03,841,LOJA 841,21141,PERCOF XAROPE 120ML,96108,0,,1.0,3.0,34.89,44.09,25.97,1.0,0.1535,0.414,0.0,0.0,,,0,static
test_q4_2024,2024-11-04,841,LOJA 841,21141,PERCOF XAROPE 120ML,96108,0,,1.0,3.0,34.89,44.09,25.97,1.0,0.1535,0.414,0.0,0.0,3.0,77.79,0,static
test_q4_2024,2024-11-05,841,LOJA 841,21141,PERCOF XAROPE 120ML,96108,0,,1.0,3.0,34.89,44.09,25.97,1.0,0.1535,0.414,0.0,0.0,3.0,77.79,0,static
test_q4_2024,2024-11-06,841,LOJA 841,21141,PERCOF XAROPE 120ML,96108,0,,1.0,3.0,34.89,44.09,25.97,1.0,0.1973,0.414,0.0,0.0,4.0,103.72,0,static
test_q4_2024,2024-11-07,841,LOJA 841,21141,PERCOF XAROPE 120ML,96108,0,,1.0,3.0,34.89,44.09,25.97,1.0,0.1973,0.414,0.0,0.0,4.0,103.72,0,static
test_q4_2024,2024-11-08,841,LOJA 841,21141,PERCOF XAROPE 120ML,96108,0,,1.0,3.0,34.89,44.09,25.97,1.0,0.241,0.414,0.0,0.0,4.0,103.72,0,static
test_q4_2024,2024-11-09,841,LOJA 841,21141,PERCOF XAROPE 120ML,96108,0,,1.0,3.0,34.89,44.09,25.97,1.0,0.1973,0.414,0.0,0.0,4.0,103.72,0,static
test_q4_2024,2024-11-10,841,LOJA 841,21141,PERCOF XAROPE 120ML,96108,0,,1.0,3.0,34.89,44.09,25.97,1.0,0.1535,0.414,0.0,0.0,,,0,static
test_q4_2024,2024-11-11,841,LOJA 841,21141,PERCOF XAROPE 120ML,96108,0,,1.0,3.0,34.89,44.09,25.97,1.0,0.1535,0.414,1.0,1.0,4.0,103.72,0,static
test_q4_2024,2024-11-12,841,LOJA 841,21141,PERCOF XAROPE 120ML,96108,0,,1.0,3.0,34.89,44.09,25.97,1.0,0.1535,0.414,0.0,0.0,3.0,77.79,0,static
test_q4_2024,2024-11-13,841,LOJA 841,21141,PERCOF XAROPE 120ML,96108,0,,1.0,3.0,34.89,44.09,25.97,1.0,0.1973,0.414,0.0,0.0,3.0,77.79,0,static
test_q4_2024,2024-11-14,841,LOJA 841,21141,PERCOF XAROPE 120ML,96108,0,,1.0,3.0,34.89,44.09,25.97,1.0,0.1973,0.414,0.0,0.0,3.0,77.79,0,static
test_q4_2024,2024-11-15,841,LOJA 841,21141,PERCOF XAROPE 120ML,96108,0,,1.0,3.0,34.89,44.09,25.97,1.0,0.2277,0.414,0.0,0.0,3.0,77.79,0,static
test_q4_2024,2024-11-16,841,LOJA 841,21141,PERCOF XAROPE 120ML,96108,0,,1.0,3.0,34.89,44.09,25.97,1.0,0.1839,0.414,0.0,0.0,3.0,77.79,0,static
test_q4_2024,2024-11-17,841,LOJA 841,21141,PERCOF XAROPE 120ML,96108,0,,1.0,3.0,34.89,44.09,25.97,1.0,0.1402,0.414,0.0,0.0,,,0,static
test_q4_2024,2024-11-18,841,LOJA 841,21141,PERCOF XAROPE 120ML,96108,0,,1.0,3.0,34.89,44.09,25.97,1.0,0.1402,0.414,0.0,0.0,4.0,103.72,0,static
test_q4_2024,2024-11-19,841,LOJA 841,21141,PERCOF XAROPE 120ML,96108,0,,1.0,3.0,34.89,44.09,25.97,1.0,0.1402,0.414,0.0,0.0,4.0,103.72,0,static
test_q4_2024,2024-11-20,841,LOJA 841,21141,PERCOF XAROPE 120ML,96108,0,,1.0,3.0,34.89,44.09,25.97,1.0,0.1839,0.414,0.0,0.0,4.0,103.72,0,static
test_q4_2024,2024-11-21,841,LOJA 841,21141,PERCOF XAROPE 120ML,96108,0,,1.0,3.0,34.89,44.09,25.97,1.0,0.1839,0.414,0.0,0.0,4.0,103.72,0,static
test_q4_2024,2024-11-22,841,LOJA 841,21141,PERCOF XAROPE 120ML,96108,0,,1.0,3.0,34.89,44.09,25.97,1.0,0.241,0.414,0.0,0.0,4.0,103.72,0,static
test_q4_2024,2024-11-23,841,LOJA 841,21141,PERCOF XAROPE 120ML,96108,0,,1.0,3.0,34.89,44.09,25.97,1.0,0.1973,0.414,0.0,0.0,4.0,103.72,0,static
test_q4_2024,2024-11-24,841,LOJA 841,21141,PERCOF XAROPE 120ML,96108,0,,1.0,3.0,34.89,44.09,25.97,1.0,0.1535,0.414,0.0,0.0,,,0,static
test_q4_2024,2024-11-25,841,LOJA 841,21141,PERCOF XAROPE 120ML,96108,0,,1.0,3.0,34.89,44.09,25.97,1.0,0.1535,0.414,0.0,0.0,4.0,103.72,0,static
test_q4_2024,2024-11-26,841,LOJA 841,21141,PERCOF XAROPE 120ML,96108,0,,1.0,3.0,34.89,44.09,25.97,1.0,0.1535,0.414,0.0,0.0,4.0,103.72,0,static
test_q4_2024,2024-11-27,841,LOJA 841,21141,PERCOF XAROPE 120ML,96108,0,,1.0,3.0,34.89,44.09,25.97,1.0,0.1973,0.414,0.0,0.0,4.0,103.72,0,static
test_q4_2024,2024-11-28,841,LOJA 841,21141,PERCOF XAROPE 120ML,96108,0,,1.0,3.0,34.89,44.09,25.97,1.0,0.1973,0.414,0.0,0.0,4.0,103.72,0,static
test_q4_2024,2024-11-29,841,LOJA 841,21141,PERCOF XAROPE 120ML,96108,0,,1.0,3.0,34.89,44.09,25.97,1.0,0.241,0.414,0.0,0.0,4.0,103.72,0,static
test_q4_2024,2024-11-30,841,LOJA 841,21141,PERCOF XAROPE 120ML,96108,0,,1.0,3.0,34.89,44.09,25.97,1.0,0.1973,0.414,0.0,0.0,4.0,103.72,0,static
test_q4_2024,2024-12-01,841,LOJA 841,21141,PERCOF XAROPE 120ML,96108,0,,1.0,3.0,34.89,44.09,25.97,1.0,0.1535,0.414,0.0,0.0,,,0,static
test_q4_2024,2024-12-02,841,LOJA 841,21141,PERCOF XAROPE 120ML,96108,0,,1.0,3.0,34.89,44.09,25.97,1.0,0.1535,0.414,0.0,0.0,4.0,103.72,0,static
test_q4_2024,2024-12-03,841,LOJA 841,21141,PERCOF XAROPE 120ML,96108,0,,1.0,3.0,34.89,44.09,25.97,1.0,0.1535,0.414,0.0,0.0,4.0,103.72,0,static
test_q4_2024,2024-12-04,841,LOJA 841,21141,PERCOF XAROPE 120ML,96108,0,,1.0,3.0,34.89,44.09,25.97,1.0,0.1973,0.414,0.0,0.0,4.0,103.72,0,static
test_q4_2024,2024-12-05,841,LOJA 841,21141,PERCOF XAROPE 120ML,96108,0,,1.0,3.0,34.89,44.09,25.97,1.0,0.1973,0.414,0.0,0.0,4.0,103.72,0,static
test_q4_2024,2024-12-06,841,LOJA 841,21141,PERCOF XAROPE 120ML,96108,0,,1.0,3.0,34.89,44.09,25.97,1.0,0.241,0.414,0.0,0.0,4.0,103.72,0,static
test_q4_2024,2024-12-07,841,LOJA 841,21141,PERCOF XAROPE 120ML,96108,0,,1.0,3.0,34.89,44.09,25.97,1.0,0.1839,0.414,0.0,0.0,4.0,103.72,0,static
test_q4_2024,2024-12-08,841,LOJA 841,21141,PERCOF XAROPE 120ML,96108,0,,1.0,3.0,34.89,44.09,25.97,1.0,0.1402,0.414,0.0,0.0,,,0,static
test_q4_2024,2024-12-09,841,LOJA 841,21141,PERCOF XAROPE 120ML,96108,0,,1.0,3.0,34.89,44.09,25.97,1.0,0.1402,0.414,0.0,0.0,4.0,103.72,0,static
test_q4_2024,2024-12-10,841,LOJA 841,21141,PERCOF XAROPE 120ML,96108,0,,1.0,3.0,34.89,44.09,25.97,1.0,0.1402,0.414,0.0,0.0,5.0,129.65,0,static
test_q4_2024,2024-12-11,841,LOJA 841,21141,PERCOF XAROPE 120ML,96108,0,,1.0,3.0,34.89,44.09,25.97,1.0,0.1839,0.414,0.0,0.0,5.0,129.65,0,static
test_q4_2024,2024-12-12,841,LOJA 841,21141,PERCOF XAROPE 120ML,96108,0,,1.0,3.0,34.89,44.09,25.97,1.0,0.1839,0.414,1.0,1.0,5.0,129.65,0,static
test_q4_2024,2024-12-13,841,LOJA 841,21141,PERCOF XAROPE 120ML,96108,0,,1.0,3.0,34.89,44.09,25.97,1.0,0.2277,0.414,0.0,0.0,4.0,103.72,0,static
test_q4_2024,2024-12-14,841,LOJA 841,21141,PERCOF XAROPE 120ML,96108,0,,1.0,3.0,34.89,44.09,25.97,1.0,0.1839,0.414,0.0,0.0,4.0,103.72,0,static
test_q4_2024,2024-12-15,841,LOJA 841,21141,PERCOF XAROPE 120ML,96108,0,,1.0,3.0,34.89,44.09,25.97,1.0,0.1402,0.414,0.0,0.0,,,0,static
test_q4_2024,2024-12-16,841,LOJA 841,21141,PERCOF XAROPE 120ML,96108,0,,1.0,3.0,34.89,44.09,25.97,1.0,0.1402,0.414,0.0,0.0,4.0,103.72,0,static
test_q4_2024,2024-12-17,841,LOJA 841,21141,PERCOF XAROPE 120ML,96108,0,,1.0,3.0,34.89,44.09,25.97,1.0,0.1402,0.414,0.0,0.0,4.0,103.72,0,static
test_q4_2024,2024-12-18,841,LOJA 841,21141,PERCOF XAROPE 120ML,96108,0,,1.0,3.0,34.89,44.09,25.97,1.0,0.1839,0.414,0.0,0.0,4.0,103.72,0,static
test_q4_2024,2024-12-19,841,LOJA 841,21141,PERCOF XAROPE 120ML,96108,0,,1.0,3.0,34.89,44.09,25.97,1.0,0.1839,0.414,0.0,0.0,5.0,129.65,0,static
test_q4_2024,2024-12-20,841,LOJA 841,21141,PERCOF XAROPE 120ML,96108,0,,1.0,3.0,34.89,44.09,25.97,1.0,0.2277,0.414,0.0,0.0,5.0,129.65,0,static
test_q4_2024,2024-12-21,841,LOJA 841,21141,PERCOF XAROPE 120ML,96108,0,,1.0,3.0,34.89,44.09,25.97,1.0,0.1839,0.414,0.0,0.0,5.0,129.65,0,static
test_q4_2024,2024-12-22,841,LOJA 841,21141,PERCOF XAROPE 120ML,96108,0,,1.0,3.0,34.89,44.09,25.97,1.0,0.1402,0.414,0.0,0.0,,,0,static
test_q4_2024,2024-12-23,841,LOJA 841,21141,PERCOF XAROPE 120ML,96108,0,,1.0,3.0,34.89,44.09,25.97,1.0,0.1402,0.414,0.0,0.0,5.0,129.65,0,static
test_q4_2024,2024-12-24,841,LOJA 841,21141,PERCOF XAROPE 120ML,96108,0,,1.0,3.0,34.89,44.09,25.97,1.0,0.1402,0.414,0.0,0.0,5.0,129.65,0,static
test_q4_2024,2024-12-25,841,LOJA 841,21141,PERCOF XAROPE 120ML,96108,0,,1.0,3.0,34.89,44.09,25.97,1.0,0.1839,0.414,1.0,1.0,5.0,129.65,0,static
test_q4_2024,2024-12-26,841,LOJA 841,21141,PERCOF XAROPE 120ML,96108,0,,1.0,3.0,34.89,44.09,25.97,1.0,0.1973,0.414,1.0,1.0,4.0,103.72,0,static
test_q4_2024,2024-12-27,841,LOJA 841,21141,PERCOF XAROPE 120ML,96108,0,,1.0,3.0,34.89,44.09,25.97,1.0,0.241,0.414,0.0,0.0,3.0,77.79,0,static
test_q4_2024,2024-12-28,841,LOJA 841,21141,PERCOF XAROPE 120ML,96108,0,,1.0,3.0,34.89,44.09,25.97,1.0,0.1973,0.414,0.0,0.0,3.0,77.79,0,static
test_q4_2024,2024-12-29,841,LOJA 841,21141,PERCOF XAROPE 120ML,96108,0,,1.0,3.0,34.89,44.09,25.97,1.0,0.1535,0.414,1.0,1.0,,,0,static
test_q4_2024,2024-12-30,841,LOJA 841,21141,PERCOF XAROPE 120ML,96108,0,,1.0,3.0,34.89,44.09,25.97,1.0,0.1535,0.414,1.0,1.0,4.0,103.72,0,static
test_q4_2024,2024-12-31,841,LOJA 841,21141,PERCOF XAROPE 120ML,96108,0,,1.0,3.0,34.89,44.09,25.97,1.0,0.1535,0.414,0.0,0.0,3.0,77.79,0,static
test_q4_2024,2024-10-01,841,LOJA 841,31330,ABRILAR XAROPE 200ML,87021,0,,1.0,3.0,78.55,95.01,51.06,1.0,0.0,0.0,0.0,0.0,2.0,102.12,0,static
test_q4_2024,2024-10-02,841,LOJA 841,31330,ABRILAR XAROPE 200ML,87021,0,,1.0,3.0,78.55,95.01,51.06,1.0,0.0,0.0,0.0,0.0,2.0,102.12,0,static
test_q4_2024,2024-10-03,841,LOJA 841,31330,ABRILAR XAROPE 200ML,87021,0,,1.0,3.0,78.55,95.01,51.06,1.0,0.0,0.0,0.0,0.0,2.0,102.12,0,static
test_q4_2024,2024-10-04,841,LOJA 841,31330,ABRILAR XAROPE 200ML,87021,0,,1.0,3.0,78.55,95.01,51.06,1.0,0.0,0.0,0.0,0.0,2.0,102.12,0,static
test_q4_2024,2024-10-05,841,LOJA 841,31330,ABRILAR XAROPE 200ML,87021,0,,1.0,3.0,78.55,95.01,51.06,1.0,0.0,0.0,0.0,0.0,2.0,102.12,0,static
test_q4_2024,2024-10-06,841,LOJA 841,31330,ABRILAR XAROPE 200ML,87021,0,,1.0,3.0,78.55,95.01,51.06,1.0,0.0,0.0,0.0,0.0,,,0,static
test_q4_2024,2024-10-07,841,LOJA 841,31330,ABRILAR XAROPE 200ML,87021,0,,1.0,3.0,78.55,95.01,51.06,1.0,0.0,0.0,0.0,0.0,2.0,102.12,0,static
test_q4_2024,2024-10-08,841,LOJA 841,31330,ABRILAR XAROPE 200ML,87021,0,,1.0,3.0,78.55,95.01,51.06,1.0,0.0,0.0,0.0,0.0,2.0,102.12,0,static
test_q4_2024,2024-10-09,841,LOJA 841,31330,ABRILAR XAROPE 200ML,87021,0,,1.0,3.0,78.55,95.01,51.06,1.0,0.0,0.0,0.0,0.0,2.0,102.12,0,static
test_q4_2024,2024-10-10,841,LOJA 841,31330,ABRILAR XAROPE 200ML,87021,0,,1.0,3.0,78.55,95.01,51.06,1.0,0.0,0.0,0.0,0.0,2.0,102.12,0,static
test_q4_2024,2024-10-11,841,LOJA 841,31330,ABRILAR XAROPE 200ML,87021,0,,1.0,3.0,78.55,95.01,51.06,1.0,0.0,0.0,0.0,0.0,2.0,102.12,0,static
test_q4_2024,2024-10-12,841,LOJA 841,31330,ABRILAR XAROPE 200ML,87021,0,,1.0,3.0,78.55,95.01,51.06,1.0,0.0,0.0,0.0,0.0,2.0,102.12,0,static
test_q4_2024,2024-10-13,841,LOJA 841,31330,ABRILAR XAROPE 200ML,87021,0,,1.0,3.0,78.55,95.01,51.06,1.0,0.0,0.0,0.0,0.0,,,0,static
test_q4_2024,2024-10-14,841,LOJA 841,31330,ABRILAR XAROPE 200ML,87021,0,,1.0,3.0,78.55,95.01,51.06,1.0,0.0,0.0,0.0,0.0,2.0,102.12,0,static
test_q4_2024,2024-10-15,841,LOJA 841,31330,ABRILAR XAROPE 200ML,87021,0,,1.0,3.0,78.55,95.01,51.06,1.0,0.0,0.0,0.0,0.0,2.0,102.12,0,static
test_q4_2024,2024-10-16,841,LOJA 841,31330,ABRILAR XAROPE 200ML,87021,0,,1.0,3.0,78.55,95.01,51.06,1.0,0.0,0.0,0.0,0.0,2.0,102.12,0,static
test_q4_2024,2024-10-17,841,LOJA 841,31330,ABRILAR XAROPE 200ML,87021,0,,1.0,3.0,78.55,95.01,51.06,1.0,0.0,0.0,0.0,0.0,2.0,102.12,0,static
test_q4_2024,2024-10-18,841,LOJA 841,31330,ABRILAR XAROPE 200ML,87021,0,,1.0,3.0,78.55,95.01,51.06,1.0,0.0,0.0,0.0,0.0,2.0,102.12,0,static
test_q4_2024,2024-10-19,841,LOJA 841,31330,ABRILAR XAROPE 200ML,87021,0,,1.0,3.0,78.55,95.01,51.06,1.0,0.0,0.0,0.0,0.0,2.0,102.12,0,static
test_q4_2024,2024-10-20,841,LOJA 841,31330,ABRILAR XAROPE 200ML,87021,0,,1.0,3.0,78.55,95.01,51.06,1.0,0.0,0.0,0.0,0.0,,,0,static
test_q4_2024,2024-10-21,841,LOJA 841,31330,ABRILAR XAROPE 200ML,87021,0,,1.0,3.0,78.55,95.01,51.06,1.0,0.0,0.0,0.0,0.0,2.0,102.12,0,static
test_q4_2024,2024-10-22,841,LOJA 841,31330,ABRILAR XAROPE 200ML,87021,0,,1.0,3.0,78.55,95.01,51.06,1.0,0.0,0.0,0.0,0.0,2.0,102.12,0,static
test_q4_2024,2024-10-23,841,LOJA 841,31330,ABRILAR XAROPE 200ML,87021,0,,1.0,3.0,78.55,95.01,51.06,1.0,0.0,0.0,0.0,0.0,2.0,102.12,0,static
test_q4_2024,2024-10-24,841,LOJA 841,31330,ABRILAR XAROPE 200ML,87021,0,,1.0,3.0,78.55,95.01,51.06,1.0,0.0,0.0,0.0,0.0,2.0,102.12,0,static
test_q4_2024,2024-10-25,841,LOJA 841,31330,ABRILAR XAROPE 200ML,87021,0,,1.0,3.0,78.55,95.01,51.06,1.0,0.0,0.0,0.0,0.0,2.0,102.12,0,static
test_q4_2024,2024-10-26,841,LOJA 841,31330,ABRILAR XAROPE 200ML,87021,0,,1.0,3.0,78.55,95.01,51.06,1.0,0.0,0.0,0.0,0.0,2.0,102.12,0,static
test_q4_2024,2024-10-27,841,LOJA 841,31330,ABRILAR XAROPE 200ML,87021,0,,1.0,3.0,78.55,95.01,51.06,1.0,0.0,0.0,0.0,0.0,,,0,static
test_q4_2024,2024-10-28,841,LOJA 841,31330,ABRILAR XAROPE 200ML,87021,0,,1.0,3.0,78.55,95.01,51.06,1.0,0.0,0.0,0.0,0.0,2.0,102.12,0,static
test_q4_2024,2024-10-29,841,LOJA 841,31330,ABRILAR XAROPE 200ML,87021,0,,1.0,3.0,78.55,95.01,51.06,1.0,0.0,0.0,0.0,0.0,2.0,102.12,0,static
test_q4_2024,2024-10-30,841,LOJA 841,31330,ABRILAR XAROPE 200ML,87021,0,,1.0,3.0,78.55,95.01,51.06,1.0,0.0,0.0,0.0,0.0,2.0,102.12,0,static
test_q4_2024,2024-10-31,841,LOJA 841,31330,ABRILAR XAROPE 200ML,87021,0,,1.0,3.0,78.55,95.01,51.06,1.0,0.0,0.0,0.0,0.0,2.0,102.12,0,static
test_q4_2024,2024-11-01,841,LOJA 841,31330,ABRILAR XAROPE 200ML,87021,0,,1.0,3.0,78.55,95.01,51.06,1.0,0.0,0.0,0.0,0.0,2.0,102.12,0,static
test_q4_2024,2024-11-02,841,LOJA 841,31330,ABRILAR XAROPE 200ML,87021,0,,1.0,3.0,78.55,95.01,51.06,1.0,0.0,0.0,0.0,0.0,2.0,102.12,0,static
test_q4_2024,2024-11-03,841,LOJA 841,31330,ABRILAR XAROPE 200ML,87021,0,,1.0,3.0,78.55,95.01,51.06,1.0,0.0,0.0,0.0,0.0,,,0,static
test_q4_2024,2024-11-04,841,LOJA 841,31330,ABRILAR XAROPE 200ML,87021,0,,1.0,3.0,78.55,95.01,51.06,1.0,0.0,0.0,0.0,0.0,2.0,102.12,0,static
test_q4_2024,2024-11-05,841,LOJA 841,31330,ABRILAR XAROPE 200ML,87021,0,,1.0,3.0,78.55,95.01,51.06,1.0,0.0,0.0,0.0,0.0,2.0,102.12,0,static
test_q4_2024,2024-11-06,841,LOJA 841,31330,ABRILAR XAROPE 200ML,87021,0,,1.0,3.0,78.55,95.01,51.06,1.0,0.0,0.0,0.0,0.0,2.0,102.12,0,static
test_q4_2024,2024-11-07,841,LOJA 841,31330,ABRILAR XAROPE 200ML,87021,0,,1.0,3.0,78.55,95.01,51.06,1.0,0.0,0.0,0.0,0.0,2.0,102.12,0,static
test_q4_2024,2024-11-08,841,LOJA 841,31330,ABRILAR XAROPE 200ML,87021,0,,1.0,3.0,78.55,95.01,51.06,1.0,0.0,0.0,0.0,0.0,2.0,102.12,0,static
test_q4_2024,2024-11-09,841,LOJA 841,31330,ABRILAR XAROPE 200ML,87021,0,,1.0,3.0,78.55,95.01,51.06,1.0,0.0,0.0,0.0,0.0,2.0,102.12,0,static
test_q4_2024,2024-11-10,841,LOJA 841,31330,ABRILAR XAROPE 200ML,87021,0,,1.0,3.0,78.55,95.01,51.06,1.0,0.0,0.0,0.0,0.0,,,0,static
test_q4_2024,2024-11-11,841,LOJA 841,31330,ABRILAR XAROPE 200ML,87021,0,,1.0,3.0,78.55,95.01,51.06,1.0,0.0,0.0,0.0,0.0,2.0,102.12,0,static
test_q4_2024,2024-11-12,841,LOJA 841,31330,ABRILAR XAROPE 200ML,87021,0,,1.0,3.0,78.55,95.01,51.06,1.0,0.0,0.0,0.0,0.0,2.0,102.12,0,static
test_q4_2024,2024-11-13,841,LOJA 841,31330,ABRILAR XAROPE 200ML,87021,0,,1.0,3.0,78.55,95.01,51.06,1.0,0.0,0.0,0.0,0.0,2.0,102.12,0,static
test_q4_2024,2024-11-14,841,LOJA 841,31330,ABRILAR XAROPE 200ML,87021,0,,1.0,3.0,78.55,95.01,51.06,1.0,0.0,0.0,0.0,0.0,2.0,102.12,0,static
test_q4_2024,2024-11-15,841,LOJA 841,31330,ABRILAR XAROPE 200ML,87021,0,,1.0,3.0,78.55,95.01,51.06,1.0,0.0,0.0,0.0,0.0,2.0,102.12,0,static
test_q4_2024,2024-11-16,841,LOJA 841,31330,ABRILAR XAROPE 200ML,87021,0,,1.0,3.0,78.55,95.01,51.06,1.0,0.0,0.0,0.0,0.0,2.0,102.12,0,static
test_q4_2024,2024-11-17,841,LOJA 841,31330,ABRILAR XAROPE 200ML,87021,0,,1.0,3.0,78.55,95.01,51.06,1.0,0.0,0.0,0.0,0.0,,,0,static
test_q4_2024,2024-11-18,841,LOJA 841,31330,ABRILAR XAROPE 200ML,87021,0,,1.0,3.0,78.55,95.01,51.06,1.0,0.0,0.0,0.0,0.0,2.0,102.12,0,static
test_q4_2024,2024-11-19,841,LOJA 841,31330,ABRILAR XAROPE 200ML,87021,0,,1.0,3.0,78.55,95.01,51.06,1.0,0.0,0.0,0.0,0.0,2.0,102.12,0,static
test_q4_2024,2024-11-20,841,LOJA 841,31330,ABRILAR XAROPE 200ML,87021,0,,1.0,3.0,78.55,95.01,51.06,1.0,0.0,0.0,0.0,0.0,2.0,102.12,0,static
test_q4_2024,2024-11-21,841,LOJA 841,31330,ABRILAR XAROPE 200ML,87021,0,,1.0,3.0,78.55,95.01,51.06,1.0,0.0,0.0,0.0,0.0,2.0,102.12,0,static
test_q4_2024,2024-11-22,841,LOJA 841,31330,ABRILAR XAROPE 200ML,87021,0,,1.0,3.0,78.55,95.01,51.06,1.0,0.0,0.0,0.0,0.0,2.0,102.12,0,static
test_q4_2024,2024-11-23,841,LOJA 841,31330,ABRILAR XAROPE 200ML,87021,0,,1.0,3.0,78.55,95.01,51.06,1.0,0.0,0.0,0.0,0.0,2.0,102.12,0,static
test_q4_2024,2024-11-24,841,LOJA 841,31330,ABRILAR XAROPE 200ML,87021,0,,1.0,3.0,78.55,95.01,51.06,1.0,0.0,0.0,0.0,0.0,,,0,static
test_q4_2024,2024-11-25,841,LOJA 841,31330,ABRILAR XAROPE 200ML,87021,0,,1.0,3.0,78.55,95.01,51.06,1.0,0.0,0.0,0.0,0.0,2.0,102.12,0,static
test_q4_2024,2024-11-26,841,LOJA 841,31330,ABRILAR XAROPE 200ML,87021,0,,1.0,3.0,78.55,95.01,51.06,1.0,0.0,0.0,0.0,0.0,2.0,102.12,0,static
test_q4_2024,2024-11-27,841,LOJA 841,31330,ABRILAR XAROPE 200ML,87021,0,,1.0,3.0,78.55,95.01,51.06,1.0,0.0,0.0,0.0,0.0,2.0,102.12,0,static
test_q4_2024,2024-11-28,841,LOJA 841,31330,ABRILAR XAROPE 200ML,87021,0,,1.0,3.0,78.55,95.01,51.06,1.0,0.0,0.0,0.0,0.0,2.0,102.12,0,static
test_q4_2024,2024-11-29,841,LOJA 841,31330,ABRILAR XAROPE 200ML,87021,0,,1.0,3.0,78.55,95.01,51.06,1.0,0.0,0.0,0.0,0.0,2.0,102.12,0,static
test_q4_2024,2024-11-30,841,LOJA 841,31330,ABRILAR XAROPE 200ML,87021,0,,1.0,3.0,78.55,95.01,51.06,1.0,0.0,0.0,0.0,0.0,2.0,102.12,0,static
test_q4_2024,2024-12-01,841,LOJA 841,31330,ABRILAR XAROPE 200ML,87021,0,,1.0,3.0,78.55,95.01,51.06,1.0,0.0,0.0,0.0,0.0,,,0,static
test_q4_2024,2024-12-02,841,LOJA 841,31330,ABRILAR XAROPE 200ML,87021,0,,1.0,3.0,78.55,95.01,51.06,1.0,0.0,0.0,0.0,0.0,2.0,102.12,0,static
test_q4_2024,2024-12-03,841,LOJA 841,31330,ABRILAR XAROPE 200ML,87021,0,,1.0,3.0,78.55,95.01,51.06,1.0,0.0,0.0,0.0,0.0,2.0,102.12,0,static
test_q4_2024,2024-12-04,841,LOJA 841,31330,ABRILAR XAROPE 200ML,87021,0,,1.0,3.0,78.55,95.01,51.06,1.0,0.0,0.0,0.0,0.0,2.0,102.12,0,static
test_q4_2024,2024-12-05,841,LOJA 841,31330,ABRILAR XAROPE 200ML,87021,0,,1.0,3.0,78.55,95.01,51.06,1.0,0.0,0.0,0.0,0.0,2.0,102.12,0,static
test_q4_2024,2024-12-06,841,LOJA 841,31330,ABRILAR XAROPE 200ML,87021,0,,1.0,3.0,78.55,95.01,51.06,1.0,0.0,0.0,0.0,0.0,2.0,102.12,0,static
test_q4_2024,2024-12-07,841,LOJA 841,31330,ABRILAR XAROPE 200ML,87021,0,,1.0,3.0,78.55,95.01,51.06,1.0,0.0,0.0,0.0,0.0,2.0,102.12,0,static
test_q4_2024,2024-12-08,841,LOJA 841,31330,ABRILAR XAROPE 200ML,87021,0,,1.0,3.0,78.55,95.01,51.06,1.0,0.0,0.0,0.0,0.0,,,0,static
test_q4_2024,2024-12-09,841,LOJA 841,31330,ABRILAR XAROPE 200ML,87021,0,,1.0,3.0,78.55,95.01,51.06,1.0,0.0,0.0,0.0,0.0,2.0,102.12,0,static
test_q4_2024,2024-12-10,841,LOJA 841,31330,ABRILAR XAROPE 200ML,87021,0,,1.0,3.0,78.55,95.01,51.06,1.0,0.0,0.0,0.0,0.0,2.0,102.12,0,static
test_q4_2024,2024-12-11,841,LOJA 841,31330,ABRILAR XAROPE 200ML,87021,0,,1.0,3.0,78.55,95.01,51.06,1.0,0.0,0.0,0.0,0.0,2.0,102.12,0,static
test_q4_2024,2024-12-12,841,LOJA 841,31330,ABRILAR XAROPE 200ML,87021,0,,1.0,3.0,78.55,95.01,51.06,1.0,0.0,0.0,0.0,0.0,2.0,102.12,0,static
test_q4_2024,2024-12-13,841,LOJA 841,31330,ABRILAR XAROPE 200ML,87021,0,,1.0,3.0,78.55,95.01,51.06,1.0,0.0,0.0,0.0,0.0,2.0,102.12,0,static
test_q4_2024,2024-12-14,841,LOJA 841,31330,ABRILAR XAROPE 200ML,87021,0,,1.0,3.0,78.55,95.01,51.06,1.0,0.0,0.0,0.0,0.0,2.0,102.12,0,static
test_q4_2024,2024-12-15,841,LOJA 841,31330,ABRILAR XAROPE 200ML,87021,0,,1.0,3.0,78.55,95.01,51.06,1.0,0.0,0.0,0.0,0.0,,,0,static
test_q4_2024,2024-12-16,841,LOJA 841,31330,ABRILAR XAROPE 200ML,87021,0,,1.0,3.0,78.55,95.01,51.06,1.0,0.0,0.0,0.0,0.0,2.0,102.12,0,static
test_q4_2024,2024-12-17,841,LOJA 841,31330,ABRILAR XAROPE 200ML,87021,0,,1.0,3.0,78.55,95.01,51.06,1.0,0.0,0.0,0.0,0.0,2.0,102.12,0,static
test_q4_2024,2024-12-18,841,LOJA 841,31330,ABRILAR XAROPE 200ML,87021,0,,1.0,3.0,78.55,95.01,51.06,1.0,0.0,0.0,0.0,0.0,2.0,102.12,0,static
test_q4_2024,2024-12-19,841,LOJA 841,31330,ABRILAR XAROPE 200ML,87021,0,,1.0,3.0,78.55,95.01,51.06,1.0,0.0,0.0,0.0,0.0,2.0,102.12,0,static
test_q4_2024,2024-12-20,841,LOJA 841,31330,ABRILAR XAROPE 200ML,87021,0,,1.0,3.0,78.55,95.01,51.06,1.0,0.0,0.0,0.0,0.0,2.0,102.12,0,static
test_q4_2024,2024-12-21,841,LOJA 841,31330,ABRILAR XAROPE 200ML,87021,0,,1.0,3.0,78.55,95.01,51.06,1.0,0.0,0.0,0.0,0.0,2.0,102.12,0,static
test_q4_2024,2024-12-22,841,LOJA 841,31330,ABRILAR XAROPE 200ML,87021,0,,1.0,3.0,78.55,95.01,51.06,1.0,0.0,0.0,0.0,0.0,,,0,static
test_q4_2024,2024-12-23,841,LOJA 841,31330,ABRILAR XAROPE 200ML,87021,0,,1.0,3.0,78.55,95.01,51.06,1.0,0.0,0.0,0.0,0.0,2.0,102.12,0,static
test_q4_2024,2024-12-24,841,LOJA 841,31330,ABRILAR XAROPE 200ML,87021,0,,1.0,3.0,78.55,95.01,51.06,1.0,0.0,0.0,0.0,0.0,2.0,102.12,0,static
test_q4_2024,2024-12-25,841,LOJA 841,31330,ABRILAR XAROPE 200ML,87021,0,,1.0,3.0,78.55,95.01,51.06,1.0,0.0,0.0,0.0,0.0,2.0,102.12,0,static
test_q4_2024,2024-12-26,841,LOJA 841,31330,ABRILAR XAROPE 200ML,87021,0,,1.0,3.0,78.55,95.01,51.06,1.0,0.0,0.0,0.0,0.0,2.0,102.12,0,static
test_q4_2024,2024-12-27,841,LOJA 841,31330,ABRILAR XAROPE 200ML,87021,0,,1.0,3.0,78.55,95.01,51.06,1.0,0.0,0.0,0.0,0.0,2.0,102.12,0,static
test_q4_2024,2024-12-28,841,LOJA 841,31330,ABRILAR XAROPE 200ML,87021,0,,1.0,3.0,78.55,95.01,51.06,1.0,0.0,0.0,0.0,0.0,2.0,102.12,0,static
test_q4_2024,2024-12-29,841,LOJA 841,31330,ABRILAR XAROPE 200ML,87021,0,,1.0,3.0,78.55,95.01,51.06,1.0,0.0,0.0,0.0,0.0,,,0,static
test_q4_2024,2024-12-30,841,LOJA 841,31330,ABRILAR XAROPE 200ML,87021,0,,1.0,3.0,78.55,95.01,51.06,1.0,0.0,0.0,0.0,0.0,2.0,102.12,0,static
test_q4_2024,2024-12-31,841,LOJA 841,31330,ABRILAR XAROPE 200ML,87021,0,,1.0,3.0,78.55,95.01,51.06,1.0,0.0,0.0,0.0,0.0,2.0,102.12,0,static
test_q4_2024,2024-10-01,841,LOJA 841,35416,EXPECTAMIN XAROPE 120ML,102013,0,,1.0,3.0,24.19,27.29,11.26,1.0,0.0,0.1873,0.0,0.0,1.0,11.13,0,static
test_q4_2024,2024-10-02,841,LOJA 841,35416,EXPECTAMIN XAROPE 120ML,102013,0,,1.0,3.0,24.19,27.29,11.26,1.0,0.0,0.1873,0.0,0.0,1.0,11.13,0,static
test_q4_2024,2024-10-03,841,LOJA 841,35416,EXPECTAMIN XAROPE 120ML,102013,0,,1.0,3.0,24.19,27.29,11.26,1.0,0.0,0.1873,0.0,0.0,1.0,11.13,0,static
test_q4_2024,2024-10-04,841,LOJA 841,35416,EXPECTAMIN XAROPE 120ML,102013,0,,1.0,3.0,24.19,27.29,11.26,1.0,0.0,0.1873,0.0,0.0,1.0,11.13,0,static
test_q4_2024,2024-10-05,841,LOJA 841,35416,EXPECTAMIN XAROPE 120ML,102013,0,,1.0,3.0,24.19,27.29,11.26,1.0,0.0,0.1873,0.0,0.0,1.0,11.13,0,static
test_q4_2024,2024-10-06,841,LOJA 841,35416,EXPECTAMIN XAROPE 120ML,102013,0,,1.0,3.0,24.19,27.29,11.26,1.0,0.0,0.1873,0.0,0.0,,,0,static
test_q4_2024,2024-10-07,841,LOJA 841,35416,EXPECTAMIN XAROPE 120ML,102013,0,,1.0,3.0,24.19,27.29,11.26,1.0,0.0,0.1873,0.0,0.0,1.0,11.13,0,static
test_q4_2024,2024-10-08,841,LOJA 841,35416,EXPECTAMIN XAROPE 120ML,102013,0,,1.0,3.0,24.19,27.29,11.26,1.0,0.0,0.1873,0.0,0.0,1.0,11.13,0,static
test_q4_2024,2024-10-09,841,LOJA 841,35416,EXPECTAMIN XAROPE 120ML,102013,0,,1.0,3.0,24.19,27.29,11.26,1.0,0.0,0.1873,0.0,0.0,1.0,11.13,0,static
test_q4_2024,2024-10-10,841,LOJA 841,35416,EXPECTAMIN XAROPE 120ML,102013,0,,1.0,3.0,24.19,27.29,11.26,1.0,0.0,0.1873,0.0,0.0,1.0,11.13,0,static
test_q4_2024,2024-10-11,841,LOJA 841,35416,EXPECTAMIN XAROPE 120ML,102013,0,,1.0,3.0,24.19,27.29,11.26,1.0,0.0,0.1873,0.0,0.0,1.0,11.13,0,static
test_q4_2024,2024-10-12,841,LOJA 841,35416,EXPECTAMIN XAROPE 120ML,102013,0,,1.0,3.0,24.19,27.29,11.26,1.0,0.0,0.1873,0.0,0.0,1.0,11.13,0,static
test_q4_2024,2024-10-13,841,LOJA 841,35416,EXPECTAMIN XAROPE 120ML,102013,0,,1.0,3.0,24.19,27.29,11.26,1.0,0.0,0.1873,0.0,0.0,,,0,static
test_q4_2024,2024-10-14,841,LOJA 841,35416,EXPECTAMIN XAROPE 120ML,102013,0,,1.0,3.0,24.19,27.29,11.26,1.0,0.0,0.1873,0.0,0.0,1.0,11.13,0,static
test_q4_2024,2024-10-15,841,LOJA 841,35416,EXPECTAMIN XAROPE 120ML,102013,0,,1.0,3.0,24.19,27.29,11.26,1.0,0.0,0.1873,0.0,0.0,1.0,11.13,0,static
test_q4_2024,2024-10-16,841,LOJA 841,35416,EXPECTAMIN XAROPE 120ML,102013,0,,1.0,3.0,24.19,27.29,11.26,1.0,0.0,0.1873,0.0,0.0,1.0,11.13,0,static
test_q4_2024,2024-10-17,841,LOJA 841,35416,EXPECTAMIN XAROPE 120ML,102013,0,,1.0,3.0,24.19,27.29,11.26,1.0,0.0,0.1873,0.0,0.0,1.0,11.13,0,static
test_q4_2024,2024-10-18,841,LOJA 841,35416,EXPECTAMIN XAROPE 120ML,102013,0,,1.0,3.0,24.19,27.29,11.26,1.0,0.0,0.1873,0.0,0.0,1.0,11.13,0,static
test_q4_2024,2024-10-19,841,LOJA 841,35416,EXPECTAMIN XAROPE 120ML,102013,0,,1.0,3.0,24.19,27.29,11.26,1.0,0.0,0.1873,0.0,0.0,1.0,11.13,0,static
test_q4_2024,2024-10-20,841,LOJA 841,35416,EXPECTAMIN XAROPE 120ML,102013,0,,1.0,3.0,24.19,27.29,11.26,1.0,0.0,0.1873,0.0,0.0,,,0,static
test_q4_2024,2024-10-21,841,LOJA 841,35416,EXPECTAMIN XAROPE 120ML,102013,0,,1.0,3.0,24.19,27.29,11.26,1.0,0.0,0.1873,0.0,0.0,1.0,11.13,0,static
test_q4_2024,2024-10-22,841,LOJA 841,35416,EXPECTAMIN XAROPE 120ML,102013,0,,1.0,3.0,24.19,27.29,11.26,1.0,0.0,0.1873,0.0,0.0,1.0,11.13,0,static
test_q4_2024,2024-10-23,841,LOJA 841,35416,EXPECTAMIN XAROPE 120ML,102013,0,,1.0,3.0,24.19,27.29,11.26,1.0,0.0,0.1873,0.0,0.0,1.0,11.13,0,static
test_q4_2024,2024-10-24,841,LOJA 841,35416,EXPECTAMIN XAROPE 120ML,102013,0,,1.0,3.0,24.19,27.29,11.26,1.0,0.0,0.1873,0.0,0.0,1.0,11.13,0,static
test_q4_2024,2024-10-25,841,LOJA 841,35416,EXPECTAMIN XAROPE 120ML,102013,0,,1.0,3.0,24.19,27.29,11.26,1.0,0.0,0.1873,0.0,0.0,1.0,11.13,0,static
test_q4_2024,2024-10-26,841,LOJA 841,35416,EXPECTAMIN XAROPE 120ML,102013,0,,1.0,3.0,24.19,27.29,11.26,1.0,0.0,0.1873,0.0,0.0,1.0,11.13,0,static
test_q4_2024,2024-10-27,841,LOJA 841,35416,EXPECTAMIN XAROPE 120ML,102013,0,,1.0,3.0,24.19,27.29,11.26,1.0,0.0,0.1873,0.0,0.0,,,0,static
test_q4_2024,2024-10-28,841,LOJA 841,35416,EXPECTAMIN XAROPE 120ML,102013,0,,1.0,3.0,24.19,27.29,11.26,1.0,0.0,0.1873,0.0,0.0,1.0,11.13,0,static
test_q4_2024,2024-10-29,841,LOJA 841,35416,EXPECTAMIN XAROPE 120ML,102013,0,,1.0,3.0,24.19,27.29,11.26,1.0,0.0,0.1873,0.0,0.0,1.0,11.13,0,static
test_q4_2024,2024-10-30,841,LOJA 841,35416,EXPECTAMIN XAROPE 120ML,102013,0,,1.0,3.0,24.19,27.29,11.26,1.0,0.0,0.1873,0.0,0.0,1.0,11.13,0,static
test_q4_2024,2024-10-31,841,LOJA 841,35416,EXPECTAMIN XAROPE 120ML,102013,0,,1.0,3.0,24.19,27.29,11.26,1.0,0.0,0.1873,0.0,0.0,1.0,11.13,0,static
test_q4_2024,2024-11-01,841,LOJA 841,35416,EXPECTAMIN XAROPE 120ML,102013,0,,1.0,3.0,24.19,27.29,11.26,1.0,0.0,0.1873,0.0,0.0,1.0,11.13,0,static
test_q4_2024,2024-11-02,841,LOJA 841,35416,EXPECTAMIN XAROPE 120ML,102013,0,,1.0,3.0,24.19,27.29,11.26,1.0,0.0,0.1873,0.0,0.0,1.0,11.13,0,static
test_q4_2024,2024-11-03,841,LOJA 841,35416,EXPECTAMIN XAROPE 120ML,102013,0,,1.0,3.0,24.19,27.29,11.26,1.0,0.0,0.1873,0.0,0.0,,,0,static
test_q4_2024,2024-11-04,841,LOJA 841,35416,EXPECTAMIN XAROPE 120ML,102013,0,,1.0,3.0,24.19,27.29,11.26,1.0,0.0,0.1873,0.0,0.0,1.0,11.13,0,static
test_q4_2024,2024-11-05,841,LOJA 841,35416,EXPECTAMIN XAROPE 120ML,102013,0,,1.0,3.0,24.19,27.29,11.26,1.0,0.0,0.1873,0.0,0.0,1.0,11.13,0,static
test_q4_2024,2024-11-06,841,LOJA 841,35416,EXPECTAMIN XAROPE 120ML,102013,0,,1.0,3.0,24.19,27.29,11.26,1.0,0.0,0.1873,0.0,0.0,1.0,11.13,0,static
test_q4_2024,2024-11-07,841,LOJA 841,35416,EXPECTAMIN XAROPE 120ML,102013,0,,1.0,3.0,24.19,27.29,11.26,1.0,0.0,0.1873,0.0,0.0,1.0,11.13,0,static
test_q4_2024,2024-11-08,841,LOJA 841,35416,EXPECTAMIN XAROPE 120ML,102013,0,,1.0,3.0,24.19,27.29,11.26,1.0,0.0,0.1873,0.0,0.0,1.0,11.13,0,static
test_q4_2024,2024-11-09,841,LOJA 841,35416,EXPECTAMIN XAROPE 120ML,102013,0,,1.0,3.0,24.19,27.29,11.26,1.0,0.0,0.1873,0.0,0.0,1.0,11.13,0,static
test_q4_2024,2024-11-10,841,LOJA 841,35416,EXPECTAMIN XAROPE 120ML,102013,0,,1.0,3.0,24.19,27.29,11.26,1.0,0.0,0.1873,0.0,0.0,,,0,static
test_q4_2024,2024-11-11,841,LOJA 841,35416,EXPECTAMIN XAROPE 120ML,102013,0,,1.0,3.0,24.19,27.29,11.26,1.0,0.0,0.1873,0.0,0.0,1.0,11.13,0,static
test_q4_2024,2024-11-12,841,LOJA 841,35416,EXPECTAMIN XAROPE 120ML,102013,0,,1.0,3.0,24.19,27.29,11.26,1.0,0.0,0.1873,0.0,0.0,1.0,11.13,0,static
test_q4_2024,2024-11-13,841,LOJA 841,35416,EXPECTAMIN XAROPE 120ML,102013,0,,1.0,3.0,24.19,27.29,11.26,1.0,0.0,0.1873,0.0,0.0,1.0,11.13,0,static
test_q4_2024,2024-11-14,841,LOJA 841,35416,EXPECTAMIN XAROPE 120ML,102013,0,,1.0,3.0,24.19,27.29,11.26,1.0,0.0,0.1873,0.0,0.0,1.0,11.13,0,static
test_q4_2024,2024-11-15,841,LOJA 841,35416,EXPECTAMIN XAROPE 120ML,102013,0,,1.0,3.0,24.19,27.29,11.26,1.0,0.0,0.1873,0.0,0.0,1.0,11.13,0,static
test_q4_2024,2024-11-16,841,LOJA 841,35416,EXPECTAMIN XAROPE 120ML,102013,0,,1.0,3.0,24.19,27.29,11.26,1.0,0.0,0.1873,0.0,0.0,1.0,11.13,0,static
test_q4_2024,2024-11-17,841,LOJA 841,35416,EXPECTAMIN XAROPE 120ML,102013,0,,1.0,3.0,24.19,27.29,11.26,1.0,0.0,0.1873,0.0,0.0,,,0,static
test_q4_2024,2024-11-18,841,LOJA 841,35416,EXPECTAMIN XAROPE 120ML,102013,0,,1.0,3.0,24.19,27.29,11.26,1.0,0.0,0.1873,0.0,0.0,1.0,11.13,0,static
test_q4_2024,2024-11-19,841,LOJA 841,35416,EXPECTAMIN XAROPE 120ML,102013,0,,1.0,3.0,24.19,27.29,11.26,1.0,0.0,0.1873,0.0,0.0,1.0,11.13,0,static
test_q4_2024,2024-11-20,841,LOJA 841,35416,EXPECTAMIN XAROPE 120ML,102013,0,,1.0,3.0,24.19,27.29,11.26,1.0,0.0,0.1873,0.0,0.0,1.0,11.13,0,static
test_q4_2024,2024-11-21,841,LOJA 841,35416,EXPECTAMIN XAROPE 120ML,102013,0,,1.0,3.0,24.19,27.29,11.26,1.0,0.0,0.1873,0.0,0.0,1.0,11.13,0,static
test_q4_2024,2024-11-22,841,LOJA 841,35416,EXPECTAMIN XAROPE 120ML,102013,0,,1.0,3.0,24.19,27.29,11.26,1.0,0.0,0.1873,0.0,0.0,1.0,11.13,0,static
test_q4_2024,2024-11-23,841,LOJA 841,35416,EXPECTAMIN XAROPE 120ML,102013,0,,1.0,3.0,24.19,27.29,11.26,1.0,0.0,0.1873,0.0,0.0,1.0,11.13,0,static
test_q4_2024,2024-11-24,841,LOJA 841,35416,EXPECTAMIN XAROPE 120ML,102013,0,,1.0,3.0,24.19,27.29,11.26,1.0,0.0,0.1873,0.0,0.0,,,0,static
test_q4_2024,2024-11-25,841,LOJA 841,35416,EXPECTAMIN XAROPE 120ML,102013,0,,1.0,3.0,24.19,27.29,11.26,1.0,0.0,0.1873,0.0,0.0,1.0,11.13,0,static
test_q4_2024,2024-11-26,841,LOJA 841,35416,EXPECTAMIN XAROPE 120ML,102013,0,,1.0,3.0,24.19,27.29,11.26,1.0,0.0,0.1873,0.0,0.0,1.0,11.13,0,static
test_q4_2024,2024-11-27,841,LOJA 841,35416,EXPECTAMIN XAROPE 120ML,102013,0,,1.0,3.0,24.19,27.29,11.26,1.0,0.0,0.1873,0.0,0.0,1.0,11.13,0,static
test_q4_2024,2024-11-28,841,LOJA 841,35416,EXPECTAMIN XAROPE 120ML,102013,0,,1.0,3.0,24.19,27.29,11.26,1.0,0.0,0.1873,0.0,0.0,1.0,11.13,0,static
test_q4_2024,2024-11-29,841,LOJA 841,35416,EXPECTAMIN XAROPE 120ML,102013,0,,1.0,3.0,24.19,27.29,11.26,1.0,0.0,0.1873,0.0,0.0,1.0,11.13,0,static
test_q4_2024,2024-11-30,841,LOJA 841,35416,EXPECTAMIN XAROPE 120ML,102013,0,,1.0,3.0,24.19,27.29,11.26,1.0,0.0,0.1873,0.0,0.0,1.0,11.13,0,static
test_q4_2024,2024-12-01,841,LOJA 841,35416,EXPECTAMIN XAROPE 120ML,102013,0,,1.0,3.0,24.19,27.29,11.26,1.0,0.0,0.1873,0.0,0.0,,,0,static
test_q4_2024,2024-12-02,841,LOJA 841,35416,EXPECTAMIN XAROPE 120ML,102013,0,,1.0,3.0,24.19,27.29,11.26,1.0,0.0,0.1873,0.0,0.0,1.0,11.13,0,static
test_q4_2024,2024-12-03,841,LOJA 841,35416,EXPECTAMIN XAROPE 120ML,102013,0,,1.0,3.0,24.19,27.29,11.26,1.0,0.0,0.1873,0.0,0.0,1.0,11.13,0,static
test_q4_2024,2024-12-04,841,LOJA 841,35416,EXPECTAMIN XAROPE 120ML,102013,0,,1.0,3.0,24.19,27.29,11.26,1.0,0.0,0.1873,0.0,0.0,1.0,11.13,0,static
test_q4_2024,2024-12-05,841,LOJA 841,35416,EXPECTAMIN XAROPE 120ML,102013,0,,1.0,3.0,24.19,27.29,11.26,1.0,0.0,0.1873,0.0,0.0,1.0,11.13,0,static
test_q4_2024,2024-12-06,841,LOJA 841,35416,EXPECTAMIN XAROPE 120ML,102013,0,,1.0,3.0,24.19,27.29,11.26,1.0,0.0,0.1873,0.0,0.0,1.0,11.13,0,static
test_q4_2024,2024-12-07,841,LOJA 841,35416,EXPECTAMIN XAROPE 120ML,102013,0,,1.0,3.0,24.19,27.29,11.26,1.0,0.0,0.1873,0.0,0.0,1.0,11.13,0,static
test_q4_2024,2024-12-08,841,LOJA 841,35416,EXPECTAMIN XAROPE 120ML,102013,0,,1.0,3.0,24.19,27.29,11.26,1.0,0.0,0.1873,0.0,0.0,,,0,static
test_q4_2024,2024-12-09,841,LOJA 841,35416,EXPECTAMIN XAROPE 120ML,102013,0,,1.0,3.0,24.19,27.29,11.26,1.0,0.0,0.1873,0.0,0.0,1.0,11.13,0,static
test_q4_2024,2024-12-10,841,LOJA 841,35416,EXPECTAMIN XAROPE 120ML,102013,0,,1.0,3.0,24.19,27.29,11.26,1.0,0.0,0.1873,0.0,0.0,1.0,11.13,0,static
test_q4_2024,2024-12-11,841,LOJA 841,35416,EXPECTAMIN XAROPE 120ML,102013,0,,1.0,3.0,24.19,27.29,11.26,1.0,0.0,0.1873,0.0,0.0,1.0,11.13,0,static
test_q4_2024,2024-12-12,841,LOJA 841,35416,EXPECTAMIN XAROPE 120ML,102013,0,,1.0,3.0,24.19,27.29,11.26,1.0,0.0,0.1873,0.0,0.0,1.0,11.13,0,static
test_q4_2024,2024-12-13,841,LOJA 841,35416,EXPECTAMIN XAROPE 120ML,102013,0,,1.0,3.0,24.19,27.29,11.26,1.0,0.0,0.1873,0.0,0.0,1.0,11.13,0,static
test_q4_2024,2024-12-14,841,LOJA 841,35416,EXPECTAMIN XAROPE 120ML,102013,0,,1.0,3.0,24.19,27.29,11.26,1.0,0.0,0.1873,0.0,0.0,1.0,11.13,0,static
test_q4_2024,2024-12-15,841,LOJA 841,35416,EXPECTAMIN XAROPE 120ML,102013,0,,1.0,3.0,24.19,27.29,11.26,1.0,0.0,0.1873,0.0,0.0,,,0,static
test_q4_2024,2024-12-16,841,LOJA 841,35416,EXPECTAMIN XAROPE 120ML,102013,0,,1.0,3.0,24.19,27.29,11.26,1.0,0.0,0.1873,0.0,0.0,1.0,11.13,0,static
test_q4_2024,2024-12-17,841,LOJA 841,35416,EXPECTAMIN XAROPE 120ML,102013,0,,1.0,3.0,24.19,27.29,11.26,1.0,0.0,0.1873,0.0,0.0,1.0,11.13,0,static
test_q4_2024,2024-12-18,841,LOJA 841,35416,EXPECTAMIN XAROPE 120ML,102013,0,,1.0,3.0,24.19,27.29,11.26,1.0,0.0,0.1873,0.0,0.0,1.0,11.13,0,static
test_q4_2024,2024-12-19,841,LOJA 841,35416,EXPECTAMIN XAROPE 120ML,102013,0,,1.0,3.0,24.19,27.29,11.26,1.0,0.0,0.1873,1.0,1.0,1.0,11.13,0,static
test_q4_2024,2024-12-20,841,LOJA 841,35416,EXPECTAMIN XAROPE 120ML,102013,0,,1.0,3.0,24.19,27.29,11.26,1.0,0.0,0.1873,0.0,0.0,0.0,0.0,1,static
test_q4_2024,2024-12-21,841,LOJA 841,35416,EXPECTAMIN XAROPE 120ML,102013,0,,1.0,3.0,24.19,27.29,11.26,1.0,0.0,0.1873,0.0,0.0,0.0,0.0,1,static
test_q4_2024,2024-12-22,841,LOJA 841,35416,EXPECTAMIN XAROPE 120ML,102013,0,,1.0,3.0,24.19,27.29,11.26,1.0,0.0,0.1873,0.0,0.0,,,0,static
test_q4_2024,2024-12-23,841,LOJA 841,35416,EXPECTAMIN XAROPE 120ML,102013,0,,1.0,3.0,24.19,27.29,11.26,1.0,0.0,0.1873,0.0,0.0,0.0,0.0,1,static
test_q4_2024,2024-12-24,841,LOJA 841,35416,EXPECTAMIN XAROPE 120ML,102013,0,,1.0,3.0,24.19,27.29,11.26,1.0,0.0,0.1873,0.0,0.0,0.0,0.0,1,static
test_q4_2024,2024-12-25,841,LOJA 841,35416,EXPECTAMIN XAROPE 120ML,102013,0,,1.0,3.0,24.19,27.29,11.26,1.0,0.0,0.1873,0.0,0.0,0.0,0.0,1,static
test_q4_2024,2024-12-26,841,LOJA 841,35416,EXPECTAMIN XAROPE 120ML,102013,0,,1.0,3.0,24.19,27.29,11.26,1.0,0.0,0.1873,0.0,0.0,1.0,11.26,0,static
test_q4_2024,2024-12-27,841,LOJA 841,35416,EXPECTAMIN XAROPE 120ML,102013,0,,1.0,3.0,24.19,27.29,11.26,1.0,0.0,0.1873,0.0,0.0,1.0,11.26,0,static
test_q4_2024,2024-12-28,841,LOJA 841,35416,EXPECTAMIN XAROPE 120ML,102013,0,,1.0,3.0,24.19,27.29,11.26,1.0,0.0,0.1873,0.0,0.0,1.0,11.26,0,static
test_q4_2024,2024-12-29,841,LOJA 841,35416,EXPECTAMIN XAROPE 120ML,102013,0,,1.0,3.0,24.19,27.29,11.26,1.0,0.0,0.1873,0.0,0.0,,,0,static
test_q4_2024,2024-12-30,841,LOJA 841,35416,EXPECTAMIN XAROPE 120ML,102013,0,,1.0,3.0,24.19,27.29,11.26,1.0,0.0,0.1873,0.0,0.0,1.0,11.26,0,static
test_q4_2024,2024-12-31,841,LOJA 841,35416,EXPECTAMIN XAROPE 120ML,102013,0,,1.0,3.0,24.19,27.29,11.26,1.0,0.0,0.1873,0.0,0.0,1.0,11.26,0,static
test_q4_2024,2024-10-01,841,LOJA 841,35772,EMSEXPECTOR XAROPE 120ML,173,0,,1.0,3.0,23.77,16.65,12.57,1.0,0.0,0.0,0.0,0.0,2.0,25.04,0,static
test_q4_2024,2024-10-02,841,LOJA 841,35772,EMSEXPECTOR XAROPE 120ML,173,0,,1.0,3.0,23.77,16.65,12.57,1.0,0.0,0.0,0.0,0.0,2.0,25.04,0,static
test_q4_2024,2024-10-03,841,LOJA 841,35772,EMSEXPECTOR XAROPE 120ML,173,0,,1.0,3.0,23.77,16.65,12.57,1.0,0.0,0.0,0.0,0.0,2.0,25.04,0,static
test_q4_2024,2024-10-04,841,LOJA 841,35772,EMSEXPECTOR XAROPE 120ML,173,0,,1.0,3.0,23.77,16.65,12.57,1.0,0.0,0.0,0.0,0.0,2.0,25.04,0,static
test_q4_2024,2024-10-05,841,LOJA 841,35772,EMSEXPECTOR XAROPE 120ML,173,0,,1.0,3.0,23.77,16.65,12.57,1.0,0.0,0.0,0.0,0.0,2.0,25.04,0,static
test_q4_2024,2024-10-06,841,LOJA 841,35772,EMSEXPECTOR XAROPE 120ML,173,0,,1.0,3.0,23.77,16.65,12.57,1.0,0.0,0.0,0.0,0.0,,,0,static
test_q4_2024,2024-10-07,841,LOJA 841,35772,EMSEXPECTOR XAROPE 120ML,173,0,,1.0,3.0,23.77,16.65,12.57,1.0,0.0,0.0,0.0,0.0,2.0,25.04,0,static
test_q4_2024,2024-10-08,841,LOJA 841,35772,EMSEXPECTOR XAROPE 120ML,173,0,,1.0,3.0,23.77,16.65,12.57,1.0,0.0,0.0,0.0,0.0,2.0,25.04,0,static
test_q4_2024,2024-10-09,841,LOJA 841,35772,EMSEXPECTOR XAROPE 120ML,173,0,,1.0,3.0,23.77,16.65,12.57,1.0,0.0,0.0,0.0,0.0,2.0,25.04,0,static
test_q4_2024,2024-10-10,841,LOJA 841,35772,EMSEXPECTOR XAROPE 120ML,173,0,,1.0,3.0,23.77,16.65,12.57,1.0,0.0,0.0,0.0,0.0,2.0,25.04,0,static
test_q4_2024,2024-10-11,841,LOJA 841,35772,EMSEXPECTOR XAROPE 120ML,173,0,,1.0,3.0,23.77,16.65,12.57,1.0,0.0,0.0,0.0,0.0,2.0,25.04,0,static
test_q4_2024,2024-10-12,841,LOJA 841,35772,EMSEXPECTOR XAROPE 120ML,173,0,,1.0,3.0,23.77,16.65,12.57,1.0,0.0,0.0,0.0,0.0,2.0,25.04,0,static
test_q4_2024,2024-10-13,841,LOJA 841,35772,EMSEXPECTOR XAROPE 120ML,173,0,,1.0,3.0,23.77,16.65,12.57,1.0,0.0,0.0,0.0,0.0,,,0,static
test_q4_2024,2024-10-14,841,LOJA 841,35772,EMSEXPECTOR XAROPE 120ML,173,0,,1.0,3.0,23.77,16.65,12.57,1.0,0.0,0.0,0.0,0.0,2.0,25.04,0,static
test_q4_2024,2024-10-15,841,LOJA 841,35772,EMSEXPECTOR XAROPE 120ML,173,0,,1.0,3.0,23.77,16.65,12.57,1.0,0.0,0.0,0.0,0.0,2.0,25.04,0,static
test_q4_2024,2024-10-16,841,LOJA 841,35772,EMSEXPECTOR XAROPE 120ML,173,0,,1.0,3.0,23.77,16.65,12.57,1.0,0.0,0.0,0.0,0.0,2.0,25.04,0,static
test_q4_2024,2024-10-17,841,LOJA 841,35772,EMSEXPECTOR XAROPE 120ML,173,0,,1.0,3.0,23.77,16.65,12.57,1.0,0.0,0.0,0.0,0.0,2.0,25.04,0,static
test_q4_2024,2024-10-18,841,LOJA 841,35772,EMSEXPECTOR XAROPE 120ML,173,0,,1.0,3.0,23.77,16.65,12.57,1.0,0.0,0.0,0.0,0.0,2.0,25.04,0,static
test_q4_2024,2024-10-19,841,LOJA 841,35772,EMSEXPECTOR XAROPE 120ML,173,0,,1.0,3.0,23.77,16.65,12.57,1.0,0.0,0.0,0.0,0.0,2.0,25.04,0,static
test_q4_2024,2024-10-20,841,LOJA 841,35772,EMSEXPECTOR XAROPE 120ML,173,0,,1.0,3.0,23.77,16.65,12.57,1.0,0.0,0.0,0.0,0.0,,,0,static
test_q4_2024,2024-10-21,841,LOJA 841,35772,EMSEXPECTOR XAROPE 120ML,173,0,,1.0,3.0,23.77,16.65,12.57,1.0,0.0,0.0,0.0,0.0,2.0,25.04,0,static
test_q4_2024,2024-10-22,841,LOJA 841,35772,EMSEXPECTOR XAROPE 120ML,173,0,,1.0,3.0,23.77,16.65,12.57,1.0,0.0,0.0,0.0,0.0,2.0,25.04,0,static
test_q4_2024,2024-10-23,841,LOJA 841,35772,EMSEXPECTOR XAROPE 120ML,173,0,,1.0,3.0,23.77,16.65,12.57,1.0,0.0,0.0,0.0,0.0,2.0,25.04,0,static
test_q4_2024,2024-10-24,841,LOJA 841,35772,EMSEXPECTOR XAROPE 120ML,173,0,,1.0,3.0,23.77,16.65,12.57,1.0,0.0,0.0,0.0,0.0,2.0,25.04,0,static
test_q4_2024,2024-10-25,841,LOJA 841,35772,EMSEXPECTOR XAROPE 120ML,173,0,,1.0,3.0,23.77,16.65,12.57,1.0,0.0,0.0,0.0,0.0,2.0,25.04,0,static
test_q4_2024,2024-10-26,841,LOJA 841,35772,EMSEXPECTOR XAROPE 120ML,173,0,,1.0,3.0,23.77,16.65,12.57,1.0,0.0,0.0,0.0,0.0,2.0,25.04,0,static
test_q4_2024,2024-10-27,841,LOJA 841,35772,EMSEXPECTOR XAROPE 120ML,173,0,,1.0,3.0,23.77,16.65,12.57,1.0,0.0,0.0,0.0,0.0,,,0,static
test_q4_2024,2024-10-28,841,LOJA 841,35772,EMSEXPECTOR XAROPE 120ML,173,0,,1.0,3.0,23.77,16.65,12.57,1.0,0.0,0.0,0.0,0.0,2.0,25.04,0,static
test_q4_2024,2024-10-29,841,LOJA 841,35772,EMSEXPECTOR XAROPE 120ML,173,0,,1.0,3.0,23.77,16.65,12.57,1.0,0.0,0.0,0.0,0.0,2.0,25.04,0,static
test_q4_2024,2024-10-30,841,LOJA 841,35772,EMSEXPECTOR XAROPE 120ML,173,0,,1.0,3.0,23.77,16.65,12.57,1.0,0.0,0.0,0.0,0.0,2.0,25.04,0,static
test_q4_2024,2024-10-31,841,LOJA 841,35772,EMSEXPECTOR XAROPE 120ML,173,0,,1.0,3.0,23.77,16.65,12.57,1.0,0.0,0.0,0.0,0.0,2.0,25.04,0,static
test_q4_2024,2024-11-01,841,LOJA 841,35772,EMSEXPECTOR XAROPE 120ML,173,0,,1.0,3.0,23.77,16.65,12.57,1.0,0.0,0.0,0.0,0.0,2.0,25.04,0,static
test_q4_2024,2024-11-02,841,LOJA 841,35772,EMSEXPECTOR XAROPE 120ML,173,0,,1.0,3.0,23.77,16.65,12.57,1.0,0.0,0.0,0.0,0.0,2.0,25.04,0,static
test_q4_2024,2024-11-03,841,LOJA 841,35772,EMSEXPECTOR XAROPE 120ML,173,0,,1.0,3.0,23.77,16.65,12.57,1.0,0.0,0.0,0.0,0.0,,,0,static
test_q4_2024,2024-11-04,841,LOJA 841,35772,EMSEXPECTOR XAROPE 120ML,173,0,,1.0,3.0,23.77,16.65,12.57,1.0,0.0,0.0,0.0,0.0,2.0,25.04,0,static
test_q4_2024,2024-11-05,841,LOJA 841,35772,EMSEXPECTOR XAROPE 120ML,173,0,,1.0,3.0,23.77,16.65,12.57,1.0,0.0,0.0,0.0,0.0,2.0,25.04,0,static
test_q4_2024,2024-11-06,841,LOJA 841,35772,EMSEXPECTOR XAROPE 120ML,173,0,,1.0,3.0,23.77,16.65,12.57,1.0,0.0,0.0,0.0,0.0,2.0,25.04,0,static
test_q4_2024,2024-11-07,841,LOJA 841,35772,EMSEXPECTOR XAROPE 120ML,173,0,,1.0,3.0,23.77,16.65,12.57,1.0,0.0,0.0,0.0,0.0,2.0,25.04,0,static
test_q4_2024,2024-11-08,841,LOJA 841,35772,EMSEXPECTOR XAROPE 120ML,173,0,,1.0,3.0,23.77,16.65,12.57,1.0,0.0,0.0,0.0,0.0,2.0,25.04,0,static
test_q4_2024,2024-11-09,841,LOJA 841,35772,EMSEXPECTOR XAROPE 120ML,173,0,,1.0,3.0,23.77,16.65,12.57,1.0,0.0,0.0,0.0,0.0,2.0,25.04,0,static
test_q4_2024,2024-11-10,841,LOJA 841,35772,EMSEXPECTOR XAROPE 120ML,173,0,,1.0,3.0,23.77,16.65,12.57,1.0,0.0,0.0,0.0,0.0,,,0,static
test_q4_2024,2024-11-11,841,LOJA 841,35772,EMSEXPECTOR XAROPE 120ML,173,0,,1.0,3.0,23.77,16.65,12.57,1.0,0.0,0.0,0.0,0.0,2.0,25.04,0,static
test_q4_2024,2024-11-12,841,LOJA 841,35772,EMSEXPECTOR XAROPE 120ML,173,0,,1.0,3.0,23.77,16.65,12.57,1.0,0.0,0.0,0.0,0.0,2.0,25.04,0,static
test_q4_2024,2024-11-13,841,LOJA 841,35772,EMSEXPECTOR XAROPE 120ML,173,0,,1.0,3.0,23.77,16.65,12.57,1.0,0.0,0.0,0.0,0.0,2.0,25.04,0,static
test_q4_2024,2024-11-14,841,LOJA 841,35772,EMSEXPECTOR XAROPE 120ML,173,0,,1.0,3.0,23.77,16.65,12.57,1.0,0.0,0.0,0.0,0.0,2.0,25.04,0,static
test_q4_2024,2024-11-15,841,LOJA 841,35772,EMSEXPECTOR XAROPE 120ML,173,0,,1.0,3.0,23.77,16.65,12.57,1.0,0.0,0.0,0.0,0.0,2.0,25.04,0,static
test_q4_2024,2024-11-16,841,LOJA 841,35772,EMSEXPECTOR XAROPE 120ML,173,0,,1.0,3.0,23.77,16.65,12.57,1.0,0.0,0.0,0.0,0.0,2.0,25.04,0,static
test_q4_2024,2024-11-17,841,LOJA 841,35772,EMSEXPECTOR XAROPE 120ML,173,0,,1.0,3.0,23.77,16.65,12.57,1.0,0.0,0.0,0.0,0.0,,,0,static
test_q4_2024,2024-11-18,841,LOJA 841,35772,EMSEXPECTOR XAROPE 120ML,173,0,,1.0,3.0,23.77,16.65,12.57,1.0,0.0,0.0,0.0,0.0,2.0,25.04,0,static
test_q4_2024,2024-11-19,841,LOJA 841,35772,EMSEXPECTOR XAROPE 120ML,173,0,,1.0,3.0,23.77,16.65,12.57,1.0,0.0,0.0,1.0,1.0,2.0,25.04,0,static
test_q4_2024,2024-11-20,841,LOJA 841,35772,EMSEXPECTOR XAROPE 120ML,173,0,,1.0,3.0,23.77,16.65,12.57,1.0,0.0,0.0,0.0,0.0,2.0,25.04,0,static
test_q4_2024,2024-11-21,841,LOJA 841,35772,EMSEXPECTOR XAROPE 120ML,173,0,,1.0,3.0,23.77,16.65,12.57,1.0,0.0,0.0,1.0,1.0,2.0,25.04,0,static
test_q4_2024,2024-11-22,841,LOJA 841,35772,EMSEXPECTOR XAROPE 120ML,173,0,,1.0,3.0,23.77,16.65,12.57,1.0,0.0,0.0,0.0,0.0,0.0,0.0,1,static
test_q4_2024,2024-11-23,841,LOJA 841,35772,EMSEXPECTOR XAROPE 120ML,173,0,,1.0,3.0,23.77,16.65,12.57,1.0,0.0,0.0,0.0,0.0,0.0,0.0,1,static
test_q4_2024,2024-11-24,841,LOJA 841,35772,EMSEXPECTOR XAROPE 120ML,173,0,,1.0,3.0,23.77,16.65,12.57,1.0,0.0,0.0,0.0,0.0,,,0,static
test_q4_2024,2024-11-25,841,LOJA 841,35772,EMSEXPECTOR XAROPE 120ML,173,0,,1.0,3.0,23.77,16.65,12.57,1.0,0.0,0.0,0.0,0.0,0.0,0.0,1,static
test_q4_2024,2024-11-26,841,LOJA 841,35772,EMSEXPECTOR XAROPE 120ML,173,0,,1.0,3.0,23.77,16.65,12.57,1.0,0.0,0.0,0.0,0.0,0.0,0.0,1,static
test_q4_2024,2024-11-27,841,LOJA 841,35772,EMSEXPECTOR XAROPE 120ML,173,0,,1.0,3.0,23.77,16.65,12.57,1.0,0.0,0.0,0.0,0.0,0.0,0.0,1,static
test_q4_2024,2024-11-28,841,LOJA 841,35772,EMSEXPECTOR XAROPE 120ML,173,0,,1.0,3.0,23.77,16.65,12.57,1.0,0.0,0.0,0.0,0.0,2.0,25.28,0,static
test_q4_2024,2024-11-29,841,LOJA 841,35772,EMSEXPECTOR XAROPE 120ML,173,0,,1.0,3.0,23.77,16.65,12.57,1.0,0.0,0.0,0.0,0.0,2.0,25.28,0,static
test_q4_2024,2024-11-30,841,LOJA 841,35772,EMSEXPECTOR XAROPE 120ML,173,0,,1.0,3.0,23.77,16.65,12.57,1.0,0.0,0.0,0.0,0.0,2.0,25.28,0,static
test_q4_2024,2024-12-01,841,LOJA 841,35772,EMSEXPECTOR XAROPE 120ML,173,0,,1.0,3.0,23.77,16.65,12.57,1.0,0.0,0.0,0.0,0.0,,,0,static
test_q4_2024,2024-12-02,841,LOJA 841,35772,EMSEXPECTOR XAROPE 120ML,173,0,,1.0,3.0,23.77,16.65,12.57,1.0,0.0,0.0,0.0,0.0,2.0,25.28,0,static
test_q4_2024,2024-12-03,841,LOJA 841,35772,EMSEXPECTOR XAROPE 120ML,173,0,,1.0,3.0,23.77,16.65,12.57,1.0,0.0,0.0,0.0,0.0,2.0,25.28,0,static
test_q4_2024,2024-12-04,841,LOJA 841,35772,EMSEXPECTOR XAROPE 120ML,173,0,,1.0,3.0,23.77,16.65,12.57,1.0,0.0,0.0,0.0,0.0,2.0,25.28,0,static
test_q4_2024,2024-12-05,841,LOJA 841,35772,EMSEXPECTOR XAROPE 120ML,173,0,,1.0,3.0,23.77,16.65,12.57,1.0,0.0,0.0,0.0,0.0,2.0,25.28,0,static
test_q4_2024,2024-12-06,841,LOJA 841,35772,EMSEXPECTOR XAROPE 120ML,173,0,,1.0,3.0,23.77,16.65,12.57,1.0,0.0,0.0,0.0,0.0,2.0,25.28,0,static
test_q4_2024,2024-12-07,841,LOJA 841,35772,EMSEXPECTOR XAROPE 120ML,173,0,,1.0,3.0,23.77,16.65,12.57,1.0,0.0,0.0,0.0,0.0,2.0,25.28,0,static
test_q4_2024,2024-12-08,841,LOJA 841,35772,EMSEXPECTOR XAROPE 120ML,173,0,,1.0,3.0,23.77,16.65,12.57,1.0,0.0,0.0,0.0,0.0,,,0,static
test_q4_2024,2024-12-09,841,LOJA 841,35772,EMSEXPECTOR XAROPE 120ML,173,0,,1.0,3.0,23.77,16.65,12.57,1.0,0.0,0.0,0.0,0.0,2.0,25.28,0,static
test_q4_2024,2024-12-10,841,LOJA 841,35772,EMSEXPECTOR XAROPE 120ML,173,0,,1.0,3.0,23.77,16.65,12.57,1.0,0.0,0.0,0.0,0.0,2.0,25.28,0,static
test_q4_2024,2024-12-11,841,LOJA 841,35772,EMSEXPECTOR XAROPE 120ML,173,0,,1.0,3.0,23.77,16.65,12.57,1.0,0.0,0.0,0.0,0.0,2.0,25.28,0,static
test_q4_2024,2024-12-12,841,LOJA 841,35772,EMSEXPECTOR XAROPE 120ML,173,0,,1.0,3.0,23.77,16.65,12.57,1.0,0.0,0.0,0.0,0.0,2.0,25.28,0,static
test_q4_2024,2024-12-13,841,LOJA 841,35772,EMSEXPECTOR XAROPE 120ML,173,0,,1.0,3.0,23.77,16.65,12.57,1.0,0.0,0.0,0.0,0.0,2.0,25.28,0,static
test_q4_2024,2024-12-14,841,LOJA 841,35772,EMSEXPECTOR XAROPE 120ML,173,0,,1.0,3.0,23.77,16.65,12.57,1.0,0.0,0.0,0.0,0.0,2.0,25.28,0,static
test_q4_2024,2024-12-15,841,LOJA 841,35772,EMSEXPECTOR XAROPE 120ML,173,0,,1.0,3.0,23.77,16.65,12.57,1.0,0.0,0.0,0.0,0.0,,,0,static
test_q4_2024,2024-12-16,841,LOJA 841,35772,EMSEXPECTOR XAROPE 120ML,173,0,,1.0,3.0,23.77,16.65,12.57,1.0,0.0,0.0,0.0,0.0,2.0,25.28,0,static
test_q4_2024,2024-12-17,841,LOJA 841,35772,EMSEXPECTOR XAROPE 120ML,173,0,,1.0,3.0,23.77,16.65,12.57,1.0,0.0,0.0,0.0,0.0,2.0,25.28,0,static
test_q4_2024,2024-12-18,841,LOJA 841,35772,EMSEXPECTOR XAROPE 120ML,173,0,,1.0,3.0,23.77,16.65,12.57,1.0,0.0,0.0,0.0,0.0,2.0,25.28,0,static
test_q4_2024,2024-12-19,841,LOJA 841,35772,EMSEXPECTOR XAROPE 120ML,173,0,,1.0,3.0,23.77,16.65,12.57,1.0,0.0,0.0,0.0,0.0,2.0,25.28,0,static
test_q4_2024,2024-12-20,841,LOJA 841,35772,EMSEXPECTOR XAROPE 120ML,173,0,,1.0,3.0,23.77,16.65,12.57,1.0,0.0,0.0,0.0,0.0,2.0,25.28,0,static
test_q4_2024,2024-12-21,841,LOJA 841,35772,EMSEXPECTOR XAROPE 120ML,173,0,,1.0,3.0,23.77,16.65,12.57,1.0,0.0,0.0,0.0,0.0,2.0,25.28,0,static
test_q4_2024,2024-12-22,841,LOJA 841,35772,EMSEXPECTOR XAROPE 120ML,173,0,,1.0,3.0,23.77,16.65,12.57,1.0,0.0,0.0,0.0,0.0,,,0,static
test_q4_2024,2024-12-23,841,LOJA 841,35772,EMSEXPECTOR XAROPE 120ML,173,0,,1.0,3.0,23.77,16.65,12.57,1.0,0.0,0.0,0.0,0.0,2.0,25.28,0,static
test_q4_2024,2024-12-24,841,LOJA 841,35772,EMSEXPECTOR XAROPE 120ML,173,0,,1.0,3.0,23.77,16.65,12.57,1.0,0.0,0.0,0.0,0.0,2.0,25.28,0,static
test_q4_2024,2024-12-25,841,LOJA 841,35772,EMSEXPECTOR XAROPE 120ML,173,0,,1.0,3.0,23.77,16.65,12.57,1.0,0.0,0.0,0.0,0.0,2.0,25.28,0,static
test_q4_2024,2024-12-26,841,LOJA 841,35772,EMSEXPECTOR XAROPE 120ML,173,0,,1.0,3.0,23.77,16.65,12.57,1.0,0.0,0.0,0.0,0.0,2.0,25.28,0,static
test_q4_2024,2024-12-27,841,LOJA 841,35772,EMSEXPECTOR XAROPE 120ML,173,0,,1.0,3.0,23.77,16.65,12.57,1.0,0.0,0.0,0.0,0.0,2.0,25.28,0,static
test_q4_2024,2024-12-28,841,LOJA 841,35772,EMSEXPECTOR XAROPE 120ML,173,0,,1.0,3.0,23.77,16.65,12.57,1.0,0.0,0.0,0.0,0.0,2.0,25.28,0,static
test_q4_2024,2024-12-29,841,LOJA 841,35772,EMSEXPECTOR XAROPE 120ML,173,0,,1.0,3.0,23.77,16.65,12.57,1.0,0.0,0.0,0.0,0.0,,,0,static
test_q4_2024,2024-12-30,841,LOJA 841,35772,EMSEXPECTOR XAROPE 120ML,173,0,,1.0,3.0,23.77,16.65,12.57,1.0,0.0,0.0,0.0,0.0,2.0,25.28,0,static
test_q4_2024,2024-12-31,841,LOJA 841,35772,EMSEXPECTOR XAROPE 120ML,173,0,,1.0,3.0,23.77,16.65,12.57,1.0,0.0,0.0,0.0,0.0,2.0,25.28,0,static
test_q4_2024,2024-10-01,841,LOJA 841,36857,NARIX ADULTO 30ML,51356,0,,1.0,3.0,7.54,6.5,2.6,1.0,0.04,0.0,0.0,0.0,3.0,7.41,0,static
test_q4_2024,2024-10-02,841,LOJA 841,36857,NARIX ADULTO 30ML,51356,0,,1.0,3.0,7.54,6.5,2.6,1.0,0.04,0.0,0.0,0.0,3.0,7.41,0,static
test_q4_2024,2024-10-03,841,LOJA 841,36857,NARIX ADULTO 30ML,51356,0,,1.0,3.0,7.54,6.5,2.6,1.0,0.04,0.0,0.0,0.0,3.0,7.41,0,static
test_q4_2024,2024-10-04,841,LOJA 841,36857,NARIX ADULTO 30ML,51356,0,,1.0,3.0,7.54,6.5,2.6,1.0,0.04,0.0,0.0,0.0,3.0,7.41,0,static
test_q4_2024,2024-10-05,841,LOJA 841,36857,NARIX ADULTO 30ML,51356,0,,1.0,3.0,7.54,6.5,2.6,1.0,0.04,0.0,0.0,0.0,3.0,7.41,0,static
test_q4_2024,2024-10-06,841,LOJA 841,36857,NARIX ADULTO 30ML,51356,0,,1.0,3.0,7.54,6.5,2.6,1.0,0.04,0.0,0.0,0.0,,,0,static
test_q4_2024,2024-10-07,841,LOJA 841,36857,NARIX ADULTO 30ML,51356,0,,1.0,3.0,7.54,6.5,2.6,1.0,0.04,0.0,0.0,0.0,3.0,7.41,0,static
test_q4_2024,2024-10-08,841,LOJA 841,36857,NARIX ADULTO 30ML,51356,0,,1.0,3.0,7.54,6.5,2.6,1.0,0.04,0.0,0.0,0.0,3.0,7.41,0,static
test_q4_2024,2024-10-09,841,LOJA 841,36857,NARIX ADULTO 30ML,51356,0,,1.0,3.0,7.54,6.5,2.6,1.0,0.04,0.0,0.0,0.0,3.0,7.41,0,static
test_q4_2024,2024-10-10,841,LOJA 841,36857,NARIX ADULTO 30ML,51356,0,,1.0,3.0,7.54,6.5,2.6,1.0,0.04,0.0,0.0,0.0,3.0,7.41,0,static
test_q4_2024,2024-10-11,841,LOJA 841,36857,NARIX ADULTO 30ML,51356,0,,1.0,3.0,7.54,6.5,2.6,1.0,0.08,0.0,0.0,0.0,3.0,7.41,0,static
test_q4_2024,2024-10-12,841,LOJA 841,36857,NARIX ADULTO 30ML,51356,0,,1.0,3.0,7.54,6.5,2.6,1.0,0.04,0.0,0.0,0.0,3.0,7.41,0,static
test_q4_2024,2024-10-13,841,LOJA 841,36857,NARIX ADULTO 30ML,51356,0,,1.0,3.0,7.54,6.5,2.6,1.0,0.04,0.0,0.0,0.0,,,0,static
test_q4_2024,2024-10-14,841,LOJA 841,36857,NARIX ADULTO 30ML,51356,0,,1.0,3.0,7.54,6.5,2.6,1.0,0.04,0.0,0.0,0.0,3.0,7.41,0,static
test_q4_2024,2024-10-15,841,LOJA 841,36857,NARIX ADULTO 30ML,51356,0,,1.0,3.0,7.54,6.5,2.6,1.0,0.04,0.0,0.0,0.0,3.0,7.41,0,static
test_q4_2024,2024-10-16,841,LOJA 841,36857,NARIX ADULTO 30ML,51356,0,,1.0,3.0,7.54,6.5,2.6,1.0,0.04,0.0,0.0,0.0,3.0,7.41,0,static
test_q4_2024,2024-10-17,841,LOJA 841,36857,NARIX ADULTO 30ML,51356,0,,1.0,3.0,7.54,6.5,2.6,1.0,0.04,0.0,0.0,0.0,3.0,7.41,0,static
test_q4_2024,2024-10-18,841,LOJA 841,36857,NARIX ADULTO 30ML,51356,0,,1.0,3.0,7.54,6.5,2.6,1.0,0.04,0.0,0.0,0.0,3.0,7.41,0,static
test_q4_2024,2024-10-19,841,LOJA 841,36857,NARIX ADULTO 30ML,51356,0,,1.0,3.0,7.54,6.5,2.6,1.0,0.04,0.0,0.0,0.0,3.0,7.41,0,static
test_q4_2024,2024-10-20,841,LOJA 841,36857,NARIX ADULTO 30ML,51356,0,,1.0,3.0,7.54,6.5,2.6,1.0,0.04,0.0,0.0,0.0,,,0,static
test_q4_2024,2024-10-21,841,LOJA 841,36857,NARIX ADULTO 30ML,51356,0,,1.0,3.0,7.54,6.5,2.6,1.0,0.04,0.0,0.0,0.0,3.0,7.41,0,static
test_q4_2024,2024-10-22,841,LOJA 841,36857,NARIX ADULTO 30ML,51356,0,,1.0,3.0,7.54,6.5,2.6,1.0,0.04,0.0,0.0,0.0,3.0,7.41,0,static
test_q4_2024,2024-10-23,841,LOJA 841,36857,NARIX ADULTO 30ML,51356,0,,1.0,3.0,7.54,6.5,2.6,1.0,0.04,0.0,0.0,0.0,3.0,7.41,0,static
test_q4_2024,2024-10-24,841,LOJA 841,36857,NARIX ADULTO 30ML,51356,0,,1.0,3.0,7.54,6.5,2.6,1.0,0.04,0.0,0.0,0.0,3.0,7.41,0,static
test_q4_2024,2024-10-25,841,LOJA 841,36857,NARIX ADULTO 30ML,51356,0,,1.0,3.0,7.54,6.5,2.6,1.0,0.04,0.0,0.0,0.0,3.0,7.41,0,static
test_q4_2024,2024-10-26,841,LOJA 841,36857,NARIX ADULTO 30ML,51356,0,,1.0,3.0,7.54,6.5,2.6,1.0,0.0,0.0,0.0,0.0,3.0,7.41,0,static
test_q4_2024,2024-10-27,841,LOJA 841,36857,NARIX ADULTO 30ML,51356,0,,1.0,3.0,7.54,6.5,2.6,1.0,0.0,0.0,0.0,0.0,,,0,static
test_q4_2024,2024-10-28,841,LOJA 841,36857,NARIX ADULTO 30ML,51356,0,,1.0,3.0,7.54,6.5,2.6,1.0,0.0,0.0,0.0,0.0,3.0,7.41,0,static
test_q4_2024,2024-10-29,841,LOJA 841,36857,NARIX ADULTO 30ML,51356,0,,1.0,3.0,7.54,6.5,2.6,1.0,0.0,0.0,0.0,0.0,3.0,7.41,0,static
test_q4_2024,2024-10-30,841,LOJA 841,36857,NARIX ADULTO 30ML,51356,0,,1.0,3.0,7.54,6.5,2.6,1.0,0.0,0.0,0.0,0.0,3.0,7.41,0,static
test_q4_2024,2024-10-31,841,LOJA 841,36857,NARIX ADULTO 30ML,51356,0,,1.0,3.0,7.54,6.5,2.6,1.0,0.0,0.0,0.0,0.0,3.0,7.41,0,static
test_q4_2024,2024-11-01,841,LOJA 841,36857,NARIX ADULTO 30ML,51356,0,,1.0,3.0,7.54,6.5,2.6,1.0,0.0,0.0,0.0,0.0,3.0,7.41,0,static
test_q4_2024,2024-11-02,841,LOJA 841,36857,NARIX ADULTO 30ML,51356,0,,1.0,3.0,7.54,6.5,2.6,1.0,0.0,0.0,0.0,0.0,3.0,7.41,0,static
test_q4_2024,2024-11-03,841,LOJA 841,36857,NARIX ADULTO 30ML,51356,0,,1.0,3.0,7.54,6.5,2.6,1.0,0.0,0.0,0.0,0.0,,,0,static
test_q4_2024,2024-11-04,841,LOJA 841,36857,NARIX ADULTO 30ML,51356,0,,1.0,3.0,7.54,6.5,2.6,1.0,0.0,0.0,0.0,0.0,3.0,7.41,0,static
test_q4_2024,2024-11-05,841,LOJA 841,36857,NARIX ADULTO 30ML,51356,0,,1.0,3.0,7.54,6.5,2.6,1.0,0.0,0.0,0.0,0.0,3.0,7.41,0,static
test_q4_2024,2024-11-06,841,LOJA 841,36857,NARIX ADULTO 30ML,51356,0,,1.0,3.0,7.54,6.5,2.6,1.0,0.0,0.0,0.0,0.0,3.0,7.41,0,static
test_q4_2024,2024-11-07,841,LOJA 841,36857,NARIX ADULTO 30ML,51356,0,,1.0,3.0,7.54,6.5,2.6,1.0,0.0,0.0,0.0,0.0,3.0,7.41,0,static
test_q4_2024,2024-11-08,841,LOJA 841,36857,NARIX ADULTO 30ML,51356,0,,1.0,3.0,7.54,6.5,2.6,1.0,0.0,0.0,0.0,0.0,3.0,7.41,0,static
test_q4_2024,2024-11-09,841,LOJA 841,36857,NARIX ADULTO 30ML,51356,0,,1.0,3.0,7.54,6.5,2.6,1.0,0.0,0.0,0.0,0.0,3.0,7.41,0,static
test_q4_2024,2024-11-10,841,LOJA 841,36857,NARIX ADULTO 30ML,51356,0,,1.0,3.0,7.54,6.5,2.6,1.0,0.0133,0.0,0.0,0.0,,,0,static
test_q4_2024,2024-11-11,841,LOJA 841,36857,NARIX ADULTO 30ML,51356,0,,1.0,3.0,7.54,6.5,2.6,1.0,0.0133,0.0,1.0,1.0,3.0,7.41,0,static
test_q4_2024,2024-11-12,841,LOJA 841,36857,NARIX ADULTO 30ML,51356,0,,1.0,3.0,7.54,6.5,2.6,1.0,0.0133,0.0,0.0,0.0,2.0,4.94,0,static
test_q4_2024,2024-11-13,841,LOJA 841,36857,NARIX ADULTO 30ML,51356,0,,1.0,3.0,7.54,6.5,2.6,1.0,0.0133,0.0,0.0,0.0,2.0,4.94,0,static
test_q4_2024,2024-11-14,841,LOJA 841,36857,NARIX ADULTO 30ML,51356,0,,1.0,3.0,7.54,6.5,2.6,1.0,0.0133,0.0,0.0,0.0,2.0,4.94,0,static
test_q4_2024,2024-11-15,841,LOJA 841,36857,NARIX ADULTO 30ML,51356,0,,1.0,3.0,7.54,6.5,2.6,1.0,0.0133,0.0,0.0,0.0,2.0,4.94,0,static
test_q4_2024,2024-11-16,841,LOJA 841,36857,NARIX ADULTO 30ML,51356,0,,1.0,3.0,7.54,6.5,2.6,1.0,0.0133,0.0,0.0,0.0,2.0,4.94,0,static
test_q4_2024,2024-11-17,841,LOJA 841,36857,NARIX ADULTO 30ML,51356,1,PAGUE E LEVE,1.0,3.0,7.54,6.5,2.6,1.0,0.0133,0.0,0.0,0.0,,,0,static
test_q4_2024,2024-11-18,841,LOJA 841,36857,NARIX ADULTO 30ML,51356,1,PAGUE E LEVE,1.0,3.0,7.54,6.5,2.6,1.0,0.0133,0.0,0.0,0.0,2.0,4.94,0,static
test_q4_2024,2024-11-19,841,LOJA 841,36857,NARIX ADULTO 30ML,51356,1,PAGUE E LEVE,1.0,3.0,7.54,6.5,2.6,1.0,0.0133,0.0,0.0,0.0,2.0,4.94,0,static
test_q4_2024,2024-11-20,841,LOJA 841,36857,NARIX ADULTO 30ML,51356,1,PAGUE E LEVE,1.0,3.0,7.54,6.5,2.6,1.0,0.0133,0.0,0.0,0.0,2.0,4.94,0,static
test_q4_2024,2024-11-21,841,LOJA 841,36857,NARIX ADULTO 30ML,51356,1,PAGUE E LEVE,1.0,3.0,7.54,6.5,2.6,1.0,0.0133,0.0,2.0,2.0,2.0,4.94,0,static
test_q4_2024,2024-11-22,841,LOJA 841,36857,NARIX ADULTO 30ML,51356,1,PAGUE E LEVE,1.0,3.0,7.54,6.5,2.6,1.0,0.0133,0.0,0.0,0.0,0.0,0.0,1,static
test_q4_2024,2024-11-23,841,LOJA 841,36857,NARIX ADULTO 30ML,51356,0,,1.0,3.0,7.54,6.5,2.6,1.0,0.0133,0.0,0.0,0.0,0.0,0.0,1,static
test_q4_2024,2024-11-24,841,LOJA 841,36857,NARIX ADULTO 30ML,51356,0,,1.0,3.0,7.54,6.5,2.6,1.0,0.0133,0.0,0.0,0.0,,,0,static
test_q4_2024,2024-11-25,841,LOJA 841,36857,NARIX ADULTO 30ML,51356,0,,1.0,3.0,7.54,6.5,2.6,1.0,0.0,0.0,0.0,0.0,2.0,5.18,0,static
test_q4_2024,2024-11-26,841,LOJA 841,36857,NARIX ADULTO 30ML,51356,0,,1.0,3.0,7.54,6.5,2.6,1.0,0.0,0.0,0.0,0.0,2.0,5.18,0,static
test_q4_2024,2024-11-27,841,LOJA 841,36857,NARIX ADULTO 30ML,51356,0,,1.0,3.0,7.54,6.5,2.6,1.0,0.0,0.0,0.0,0.0,2.0,5.18,0,static
test_q4_2024,2024-11-28,841,LOJA 841,36857,NARIX ADULTO 30ML,51356,0,,1.0,3.0,7.54,6.5,2.6,1.0,0.0,0.0,2.0,2.0,2.0,5.18,0,static
test_q4_2024,2024-11-29,841,LOJA 841,36857,NARIX ADULTO 30ML,51356,1,PAGUE E LEVE,1.0,3.0,7.54,6.5,2.6,1.0,0.0,0.0,0.0,0.0,0.0,0.0,1,static
test_q4_2024,2024-11-30,841,LOJA 841,36857,NARIX ADULTO 30ML,51356,1,PAGUE E LEVE,1.0,3.0,7.54,6.5,2.6,1.0,0.0133,0.0,0.0,0.0,0.0,0.0,1,static
test_q4_2024,2024-12-01,841,LOJA 841,36857,NARIX ADULTO 30ML,51356,1,PAGUE E LEVE,1.0,3.0,7.54,6.5,2.6,1.0,0.0267,0.0,0.0,0.0,,,0,static
test_q4_2024,2024-12-02,841,LOJA 841,36857,NARIX ADULTO 30ML,51356,0,,1.0,3.0,7.54,6.5,2.6,1.0,0.0267,0.0,0.0,0.0,2.0,5.2,0,static
test_q4_2024,2024-12-03,841,LOJA 841,36857,NARIX ADULTO 30ML,51356,0,,1.0,3.0,7.54,6.5,2.6,1.0,0.0267,0.0,0.0,0.0,2.0,5.2,0,static
test_q4_2024,2024-12-04,841,LOJA 841,36857,NARIX ADULTO 30ML,51356,0,,1.0,3.0,7.54,6.5,2.6,1.0,0.0267,0.0,0.0,0.0,2.0,5.2,0,static
test_q4_2024,2024-12-05,841,LOJA 841,36857,NARIX ADULTO 30ML,51356,0,,1.0,3.0,7.54,6.5,2.6,1.0,0.0267,0.0,0.0,0.0,2.0,5.2,0,static
test_q4_2024,2024-12-06,841,LOJA 841,36857,NARIX ADULTO 30ML,51356,0,,1.0,3.0,7.54,6.5,2.6,1.0,0.0267,0.0,0.0,0.0,2.0,5.2,0,static
test_q4_2024,2024-12-07,841,LOJA 841,36857,NARIX ADULTO 30ML,51356,0,,1.0,3.0,7.54,6.5,2.6,1.0,0.0267,0.0,0.0,0.0,3.0,7.8,0,static
test_q4_2024,2024-12-08,841,LOJA 841,36857,NARIX ADULTO 30ML,51356,0,,1.0,3.0,7.54,6.5,2.6,1.0,0.0267,0.0,1.0,1.0,,,0,static
test_q4_2024,2024-12-09,841,LOJA 841,36857,NARIX ADULTO 30ML,51356,0,,1.0,3.0,7.54,6.5,2.6,1.0,0.0267,0.0,0.0,0.0,2.0,5.2,0,static
test_q4_2024,2024-12-10,841,LOJA 841,36857,NARIX ADULTO 30ML,51356,0,,1.0,3.0,7.54,6.5,2.6,1.0,0.0267,0.0,0.0,0.0,2.0,5.2,0,static
test_q4_2024,2024-12-11,841,LOJA 841,36857,NARIX ADULTO 30ML,51356,0,,1.0,3.0,7.54,6.5,2.6,1.0,0.0267,0.0,0.0,0.0,2.0,5.2,0,static
test_q4_2024,2024-12-12,841,LOJA 841,36857,NARIX ADULTO 30ML,51356,0,,1.0,3.0,7.54,6.5,2.6,1.0,0.0267,0.0,0.0,0.0,3.0,7.8,0,static
test_q4_2024,2024-12-13,841,LOJA 841,36857,NARIX ADULTO 30ML,51356,0,,1.0,3.0,7.54,6.5,2.6,1.0,0.0267,0.0,0.0,0.0,3.0,7.8,0,static
test_q4_2024,2024-12-14,841,LOJA 841,36857,NARIX ADULTO 30ML,51356,0,,1.0,3.0,7.54,6.5,2.6,1.0,0.0267,0.0,0.0,0.0,3.0,7.8,0,static
test_q4_2024,2024-12-15,841,LOJA 841,36857,NARIX ADULTO 30ML,51356,0,,1.0,3.0,7.54,6.5,2.6,1.0,0.0133,0.0,0.0,0.0,,,0,static
test_q4_2024,2024-12-16,841,LOJA 841,36857,NARIX ADULTO 30ML,51356,0,,1.0,3.0,7.54,6.5,2.6,1.0,0.0,0.0,0.0,0.0,3.0,7.8,0,static
test_q4_2024,2024-12-17,841,LOJA 841,36857,NARIX ADULTO 30ML,51356,0,,1.0,3.0,7.54,6.5,2.6,1.0,0.0,0.0,0.0,0.0,3.0,7.8,0,static
test_q4_2024,2024-12-18,841,LOJA 841,36857,NARIX ADULTO 30ML,51356,0,,1.0,3.0,7.54,6.5,2.6,1.0,0.0,0.0,0.0,0.0,3.0,7.8,0,static
test_q4_2024,2024-12-19,841,LOJA 841,36857,NARIX ADULTO 30ML,51356,0,,1.0,3.0,7.54,6.5,2.6,1.0,0.0,0.0,0.0,0.0,3.0,7.8,0,static
test_q4_2024,2024-12-20,841,LOJA 841,36857,NARIX ADULTO 30ML,51356,0,,1.0,3.0,7.54,6.5,2.6,1.0,0.0,0.0,0.0,0.0,3.0,7.8,0,static
test_q4_2024,2024-12-21,841,LOJA 841,36857,NARIX ADULTO 30ML,51356,0,,1.0,3.0,7.54,6.5,2.6,1.0,0.0,0.0,0.0,0.0,3.0,7.8,0,static
test_q4_2024,2024-12-22,841,LOJA 841,36857,NARIX ADULTO 30ML,51356,0,,1.0,3.0,7.54,6.5,2.6,1.0,0.0,0.0,0.0,0.0,,,0,static
test_q4_2024,2024-12-23,841,LOJA 841,36857,NARIX ADULTO 30ML,51356,0,,1.0,3.0,7.54,6.5,2.6,1.0,0.0,0.0,0.0,0.0,3.0,7.8,0,static
test_q4_2024,2024-12-24,841,LOJA 841,36857,NARIX ADULTO 30ML,51356,0,,1.0,3.0,7.54,6.5,2.6,1.0,0.0,0.0,0.0,0.0,3.0,7.8,0,static
test_q4_2024,2024-12-25,841,LOJA 841,36857,NARIX ADULTO 30ML,51356,0,,1.0,3.0,7.54,6.5,2.6,1.0,0.0,0.0,0.0,0.0,3.0,7.8,0,static
test_q4_2024,2024-12-26,841,LOJA 841,36857,NARIX ADULTO 30ML,51356,0,,1.0,3.0,7.54,6.5,2.6,1.0,0.0,0.0,0.0,0.0,3.0,7.8,0,static
test_q4_2024,2024-12-27,841,LOJA 841,36857,NARIX ADULTO 30ML,51356,0,,1.0,3.0,7.54,6.5,2.6,1.0,0.0,0.0,0.0,0.0,3.0,7.8,0,static
test_q4_2024,2024-12-28,841,LOJA 841,36857,NARIX ADULTO 30ML,51356,0,,1.0,3.0,7.54,6.5,2.6,1.0,0.0,0.0,0.0,0.0,3.0,7.8,0,static
test_q4_2024,2024-12-29,841,LOJA 841,36857,NARIX ADULTO 30ML,51356,0,,1.0,3.0,7.54,6.5,2.6,1.0,0.0,0.0,0.0,0.0,,,0,static
test_q4_2024,2024-12-30,841,LOJA 841,36857,NARIX ADULTO 30ML,51356,0,,1.0,3.0,7.54,6.5,2.6,1.0,0.0,0.0,0.0,0.0,3.0,7.8,0,static
test_q4_2024,2024-12-31,841,LOJA 841,36857,NARIX ADULTO 30ML,51356,0,,1.0,3.0,7.54,6.5,2.6,1.0,0.0,0.0,0.0,0.0,3.0,7.8,0,static
test_q4_2024,2024-10-01,841,LOJA 841,42076,HEDRA EXPEC XAROPE 100ML,102013,0,,1.0,3.0,21.17,32.59,8.35,1.0,0.0,0.0,0.0,0.0,4.0,32.56,0,static
test_q4_2024,2024-10-02,841,LOJA 841,42076,HEDRA EXPEC XAROPE 100ML,102013,0,,1.0,3.0,21.17,32.59,8.35,1.0,0.0,0.0,0.0,0.0,4.0,32.56,0,static
test_q4_2024,2024-10-03,841,LOJA 841,42076,HEDRA EXPEC XAROPE 100ML,102013,0,,1.0,3.0,21.17,32.59,8.35,1.0,0.0,0.0,0.0,0.0,4.0,32.56,0,static
test_q4_2024,2024-10-04,841,LOJA 841,42076,HEDRA EXPEC XAROPE 100ML,102013,0,,1.0,3.0,21.17,32.59,8.35,1.0,0.0,0.0,0.0,0.0,4.0,32.56,0,static
test_q4_2024,2024-10-05,841,LOJA 841,42076,HEDRA EXPEC XAROPE 100ML,102013,0,,1.0,3.0,21.17,32.59,8.35,1.0,0.0,0.0,0.0,0.0,4.0,32.56,0,static
test_q4_2024,2024-10-06,841,LOJA 841,42076,HEDRA EXPEC XAROPE 100ML,102013,0,,1.0,3.0,21.17,32.59,8.35,1.0,0.0,0.0,0.0,0.0,,,0,static
test_q4_2024,2024-10-07,841,LOJA 841,42076,HEDRA EXPEC XAROPE 100ML,102013,0,,1.0,3.0,21.17,32.59,8.35,1.0,0.0,0.0,0.0,0.0,4.0,32.56,0,static
test_q4_2024,2024-10-08,841,LOJA 841,42076,HEDRA EXPEC XAROPE 100ML,102013,0,,1.0,3.0,21.17,32.59,8.35,1.0,0.0,0.0,0.0,0.0,4.0,32.56,0,static
test_q4_2024,2024-10-09,841,LOJA 841,42076,HEDRA EXPEC XAROPE 100ML,102013,0,,1.0,3.0,21.17,32.59,8.35,1.0,0.0,0.0,0.0,0.0,4.0,32.56,0,static
test_q4_2024,2024-10-10,841,LOJA 841,42076,HEDRA EXPEC XAROPE 100ML,102013,0,,1.0,3.0,21.17,32.59,8.35,1.0,0.0,0.0,0.0,0.0,4.0,32.56,0,static
test_q4_2024,2024-10-11,841,LOJA 841,42076,HEDRA EXPEC XAROPE 100ML,102013,0,,1.0,3.0,21.17,32.59,8.35,1.0,0.0,0.0,0.0,0.0,4.0,32.56,0,static
test_q4_2024,2024-10-12,841,LOJA 841,42076,HEDRA EXPEC XAROPE 100ML,102013,0,,1.0,3.0,21.17,32.59,8.35,1.0,0.0,0.0,0.0,0.0,4.0,32.56,0,static
test_q4_2024,2024-10-13,841,LOJA 841,42076,HEDRA EXPEC XAROPE 100ML,102013,0,,1.0,3.0,21.17,32.59,8.35,1.0,0.0,0.0,0.0,0.0,,,0,static
test_q4_2024,2024-10-14,841,LOJA 841,42076,HEDRA EXPEC XAROPE 100ML,102013,0,,1.0,3.0,21.17,32.59,8.35,1.0,0.0,0.0,0.0,0.0,4.0,32.56,0,static
test_q4_2024,2024-10-15,841,LOJA 841,42076,HEDRA EXPEC XAROPE 100ML,102013,0,,1.0,3.0,21.17,32.59,8.35,1.0,0.0,0.0,0.0,0.0,4.0,32.56,0,static
test_q4_2024,2024-10-16,841,LOJA 841,42076,HEDRA EXPEC XAROPE 100ML,102013,0,,1.0,3.0,21.17,32.59,8.35,1.0,0.0,0.0,0.0,0.0,4.0,32.56,0,static
test_q4_2024,2024-10-17,841,LOJA 841,42076,HEDRA EXPEC XAROPE 100ML,102013,0,,1.0,3.0,21.17,32.59,8.35,1.0,0.0,0.0,0.0,0.0,4.0,32.56,0,static
test_q4_2024,2024-10-18,841,LOJA 841,42076,HEDRA EXPEC XAROPE 100ML,102013,0,,1.0,3.0,21.17,32.59,8.35,1.0,0.0,0.0,0.0,0.0,4.0,32.56,0,static
test_q4_2024,2024-10-19,841,LOJA 841,42076,HEDRA EXPEC XAROPE 100ML,102013,0,,1.0,3.0,21.17,32.59,8.35,1.0,0.0,0.0,0.0,0.0,4.0,32.56,0,static
test_q4_2024,2024-10-20,841,LOJA 841,42076,HEDRA EXPEC XAROPE 100ML,102013,0,,1.0,3.0,21.17,32.59,8.35,1.0,0.0,0.0,0.0,0.0,,,0,static
test_q4_2024,2024-10-21,841,LOJA 841,42076,HEDRA EXPEC XAROPE 100ML,102013,0,,1.0,3.0,21.17,32.59,8.35,1.0,0.0,0.0,0.0,0.0,4.0,32.56,0,static
test_q4_2024,2024-10-22,841,LOJA 841,42076,HEDRA EXPEC XAROPE 100ML,102013,0,,1.0,3.0,21.17,32.59,8.35,1.0,0.0,0.0,0.0,0.0,4.0,32.56,0,static
test_q4_2024,2024-10-23,841,LOJA 841,42076,HEDRA EXPEC XAROPE 100ML,102013,0,,1.0,3.0,21.17,32.59,8.35,1.0,0.0,0.0,0.0,0.0,4.0,32.56,0,static
test_q4_2024,2024-10-24,841,LOJA 841,42076,HEDRA EXPEC XAROPE 100ML,102013,0,,1.0,3.0,21.17,32.59,8.35,1.0,0.0,0.0,0.0,0.0,4.0,32.56,0,static
test_q4_2024,2024-10-25,841,LOJA 841,42076,HEDRA EXPEC XAROPE 100ML,102013,0,,1.0,3.0,21.17,32.59,8.35,1.0,0.0,0.0,0.0,0.0,4.0,32.56,0,static
test_q4_2024,2024-10-26,841,LOJA 841,42076,HEDRA EXPEC XAROPE 100ML,102013,0,,1.0,3.0,21.17,32.59,8.35,1.0,0.0,0.0,0.0,0.0,4.0,32.56,0,static
test_q4_2024,2024-10-27,841,LOJA 841,42076,HEDRA EXPEC XAROPE 100ML,102013,0,,1.0,3.0,21.17,32.59,8.35,1.0,0.0,0.0,0.0,0.0,,,0,static
test_q4_2024,2024-10-28,841,LOJA 841,42076,HEDRA EXPEC XAROPE 100ML,102013,0,,1.0,3.0,21.17,32.59,8.35,1.0,0.0,0.0,0.0,0.0,4.0,32.56,0,static
test_q4_2024,2024-10-29,841,LOJA 841,42076,HEDRA EXPEC XAROPE 100ML,102013,0,,1.0,3.0,21.17,32.59,8.35,1.0,0.0,0.0,0.0,0.0,4.0,32.56,0,static
test_q4_2024,2024-10-30,841,LOJA 841,42076,HEDRA EXPEC XAROPE 100ML,102013,0,,1.0,3.0,21.17,32.59,8.35,1.0,0.0,0.0,0.0,0.0,4.0,32.56,0,static
test_q4_2024,2024-10-31,841,LOJA 841,42076,HEDRA EXPEC XAROPE 100ML,102013,0,,1.0,3.0,21.17,32.59,8.35,1.0,0.0,0.0,0.0,0.0,4.0,32.56,0,static
test_q4_2024,2024-11-01,841,LOJA 841,42076,HEDRA EXPEC XAROPE 100ML,102013,0,,1.0,3.0,21.17,32.59,8.35,1.0,0.0,0.0,0.0,0.0,4.0,32.56,0,static
test_q4_2024,2024-11-02,841,LOJA 841,42076,HEDRA EXPEC XAROPE 100ML,102013,0,,1.0,3.0,21.17,32.59,8.35,1.0,0.0,0.0,0.0,0.0,4.0,32.56,0,static
test_q4_2024,2024-11-03,841,LOJA 841,42076,HEDRA EXPEC XAROPE 100ML,102013,0,,1.0,3.0,21.17,32.59,8.35,1.0,0.0,0.0,0.0,0.0,,,0,static
test_q4_2024,2024-11-04,841,LOJA 841,42076,HEDRA EXPEC XAROPE 100ML,102013,0,,1.0,3.0,21.17,32.59,8.35,1.0,0.0,0.0,0.0,0.0,4.0,32.56,0,static
test_q4_2024,2024-11-05,841,LOJA 841,42076,HEDRA EXPEC XAROPE 100ML,102013,0,,1.0,3.0,21.17,32.59,8.35,1.0,0.0,0.0,0.0,0.0,4.0,32.56,0,static
test_q4_2024,2024-11-06,841,LOJA 841,42076,HEDRA EXPEC XAROPE 100ML,102013,0,,1.0,3.0,21.17,32.59,8.35,1.0,0.0,0.0,0.0,0.0,4.0,32.56,0,static
test_q4_2024,2024-11-07,841,LOJA 841,42076,HEDRA EXPEC XAROPE 100ML,102013,0,,1.0,3.0,21.17,32.59,8.35,1.0,0.0,0.0,1.0,1.0,4.0,32.56,0,static
test_q4_2024,2024-11-08,841,LOJA 841,42076,HEDRA EXPEC XAROPE 100ML,102013,0,,1.0,3.0,21.17,32.59,8.35,1.0,0.0,0.0,0.0,0.0,3.0,24.42,0,static
test_q4_2024,2024-11-09,841,LOJA 841,42076,HEDRA EXPEC XAROPE 100ML,102013,0,,1.0,3.0,21.17,32.59,8.35,1.0,0.0,0.0,0.0,0.0,3.0,24.42,0,static
test_q4_2024,2024-11-10,841,LOJA 841,42076,HEDRA EXPEC XAROPE 100ML,102013,0,,1.0,3.0,21.17,32.59,8.35,1.0,0.0,0.0,0.0,0.0,,,0,static
test_q4_2024,2024-11-11,841,LOJA 841,42076,HEDRA EXPEC XAROPE 100ML,102013,0,,1.0,3.0,21.17,32.59,8.35,1.0,0.0,0.0,0.0,0.0,3.0,24.42,0,static
test_q4_2024,2024-11-12,841,LOJA 841,42076,HEDRA EXPEC XAROPE 100ML,102013,0,,1.0,3.0,21.17,32.59,8.35,1.0,0.0,0.0,0.0,0.0,3.0,24.42,0,static
test_q4_2024,2024-11-13,841,LOJA 841,42076,HEDRA EXPEC XAROPE 100ML,102013,0,,1.0,3.0,21.17,32.59,8.35,1.0,0.0,0.0,0.0,0.0,3.0,24.42,0,static
test_q4_2024,2024-11-14,841,LOJA 841,42076,HEDRA EXPEC XAROPE 100ML,102013,0,,1.0,3.0,21.17,32.59,8.35,1.0,0.0,0.0,0.0,0.0,3.0,24.42,0,static
test_q4_2024,2024-11-15,841,LOJA 841,42076,HEDRA EXPEC XAROPE 100ML,102013,0,,1.0,3.0,21.17,32.59,8.35,1.0,0.0,0.0,0.0,0.0,3.0,24.42,0,static
test_q4_2024,2024-11-16,841,LOJA 841,42076,HEDRA EXPEC XAROPE 100ML,102013,0,,1.0,3.0,21.17,32.59,8.35,1.0,0.0,0.0,0.0,0.0,3.0,24.42,0,static
test_q4_2024,2024-11-17,841,LOJA 841,42076,HEDRA EXPEC XAROPE 100ML,102013,0,,1.0,3.0,21.17,32.59,8.35,1.0,0.0,0.0,0.0,0.0,,,0,static
test_q4_2024,2024-11-18,841,LOJA 841,42076,HEDRA EXPEC XAROPE 100ML,102013,0,,1.0,3.0,21.17,32.59,8.35,1.0,0.0,0.0,0.0,0.0,3.0,24.42,0,static
test_q4_2024,2024-11-19,841,LOJA 841,42076,HEDRA EXPEC XAROPE 100ML,102013,0,,1.0,3.0,21.17,32.59,8.35,1.0,0.0,0.0,0.0,0.0,3.0,24.42,0,static
test_q4_2024,2024-11-20,841,LOJA 841,42076,HEDRA EXPEC XAROPE 100ML,102013,0,,1.0,3.0,21.17,32.59,8.35,1.0,0.0,0.0,0.0,0.0,3.0,24.42,0,static
test_q4_2024,2024-11-21,841,LOJA 841,42076,HEDRA EXPEC XAROPE 100ML,102013,0,,1.0,3.0,21.17,32.59,8.35,1.0,0.0,0.0,0.0,0.0,3.0,24.42,0,static
test_q4_2024,2024-11-22,841,LOJA 841,42076,HEDRA EXPEC XAROPE 100ML,102013,0,,1.0,3.0,21.17,32.59,8.35,1.0,0.0,0.0,0.0,0.0,3.0,24.42,0,static
test_q4_2024,2024-11-23,841,LOJA 841,42076,HEDRA EXPEC XAROPE 100ML,102013,0,,1.0,3.0,21.17,32.59,8.35,1.0,0.0,0.0,0.0,0.0,3.0,24.42,0,static
test_q4_2024,2024-11-24,841,LOJA 841,42076,HEDRA EXPEC XAROPE 100ML,102013,0,,1.0,3.0,21.17,32.59,8.35,1.0,0.0,0.0,0.0,0.0,,,0,static
test_q4_2024,2024-11-25,841,LOJA 841,42076,HEDRA EXPEC XAROPE 100ML,102013,0,,1.0,3.0,21.17,32.59,8.35,1.0,0.0,0.0,0.0,0.0,3.0,24.42,0,static
test_q4_2024,2024-11-26,841,LOJA 841,42076,HEDRA EXPEC XAROPE 100ML,102013,0,,1.0,3.0,21.17,32.59,8.35,1.0,0.0,0.0,0.0,0.0,3.0,24.42,0,static
test_q4_2024,2024-11-27,841,LOJA 841,42076,HEDRA EXPEC XAROPE 100ML,102013,0,,1.0,3.0,21.17,32.59,8.35,1.0,0.0,0.0,0.0,0.0,3.0,24.42,0,static
test_q4_2024,2024-11-28,841,LOJA 841,42076,HEDRA EXPEC XAROPE 100ML,102013,0,,1.0,3.0,21.17,32.59,8.35,1.0,0.0,0.0,0.0,0.0,3.0,24.42,0,static
test_q4_2024,2024-11-29,841,LOJA 841,42076,HEDRA EXPEC XAROPE 100ML,102013,0,,1.0,3.0,21.17,32.59,8.35,1.0,0.0,0.0,0.0,0.0,3.0,24.42,0,static
test_q4_2024,2024-11-30,841,LOJA 841,42076,HEDRA EXPEC XAROPE 100ML,102013,0,,1.0,3.0,21.17,32.59,8.35,1.0,0.0,0.0,0.0,0.0,3.0,24.42,0,static
test_q4_2024,2024-12-01,841,LOJA 841,42076,HEDRA EXPEC XAROPE 100ML,102013,0,,1.0,3.0,21.17,32.59,8.35,1.0,0.0,0.0,0.0,0.0,,,0,static
test_q4_2024,2024-12-02,841,LOJA 841,42076,HEDRA EXPEC XAROPE 100ML,102013,0,,1.0,3.0,21.17,32.59,8.35,1.0,0.0,0.0,0.0,0.0,3.0,24.42,0,static
test_q4_2024,2024-12-03,841,LOJA 841,42076,HEDRA EXPEC XAROPE 100ML,102013,0,,1.0,3.0,21.17,32.59,8.35,1.0,0.0,0.0,0.0,0.0,3.0,24.42,0,static
test_q4_2024,2024-12-04,841,LOJA 841,42076,HEDRA EXPEC XAROPE 100ML,102013,0,,1.0,3.0,21.17,32.59,8.35,1.0,0.0,0.0,0.0,0.0,3.0,24.42,0,static
test_q4_2024,2024-12-05,841,LOJA 841,42076,HEDRA EXPEC XAROPE 100ML,102013,0,,1.0,3.0,21.17,32.59,8.35,1.0,0.0,0.0,0.0,0.0,3.0,24.42,0,static
test_q4_2024,2024-12-06,841,LOJA 841,42076,HEDRA EXPEC XAROPE 100ML,102013,0,,1.0,3.0,21.17,32.59,8.35,1.0,0.0,0.0,0.0,0.0,3.0,24.42,0,static
test_q4_2024,2024-12-07,841,LOJA 841,42076,HEDRA EXPEC XAROPE 100ML,102013,0,,1.0,3.0,21.17,32.59,8.35,1.0,0.0,0.0,0.0,0.0,3.0,24.42,0,static
test_q4_2024,2024-12-08,841,LOJA 841,42076,HEDRA EXPEC XAROPE 100ML,102013,0,,1.0,3.0,21.17,32.59,8.35,1.0,0.0,0.0,0.0,0.0,,,0,static
test_q4_2024,2024-12-09,841,LOJA 841,42076,HEDRA EXPEC XAROPE 100ML,102013,0,,1.0,3.0,21.17,32.59,8.35,1.0,0.0,0.0,0.0,0.0,3.0,24.42,0,static
test_q4_2024,2024-12-10,841,LOJA 841,42076,HEDRA EXPEC XAROPE 100ML,102013,0,,1.0,3.0,21.17,32.59,8.35,1.0,0.0,0.0,0.0,0.0,3.0,24.42,0,static
test_q4_2024,2024-12-11,841,LOJA 841,42076,HEDRA EXPEC XAROPE 100ML,102013,0,,1.0,3.0,21.17,32.59,8.35,1.0,0.0,0.0,0.0,0.0,3.0,24.42,0,static
test_q4_2024,2024-12-12,841,LOJA 841,42076,HEDRA EXPEC XAROPE 100ML,102013,0,,1.0,3.0,21.17,32.59,8.35,1.0,0.0,0.0,0.0,0.0,3.0,24.42,0,static
test_q4_2024,2024-12-13,841,LOJA 841,42076,HEDRA EXPEC XAROPE 100ML,102013,0,,1.0,3.0,21.17,32.59,8.35,1.0,0.0,0.0,0.0,0.0,3.0,24.42,0,static
test_q4_2024,2024-12-14,841,LOJA 841,42076,HEDRA EXPEC XAROPE 100ML,102013,0,,1.0,3.0,21.17,32.59,8.35,1.0,0.0,0.0,0.0,0.0,3.0,24.42,0,static
test_q4_2024,2024-12-15,841,LOJA 841,42076,HEDRA EXPEC XAROPE 100ML,102013,0,,1.0,3.0,21.17,32.59,8.35,1.0,0.0,0.0,0.0,0.0,,,0,static
test_q4_2024,2024-12-16,841,LOJA 841,42076,HEDRA EXPEC XAROPE 100ML,102013,0,,1.0,3.0,21.17,32.59,8.35,1.0,0.0,0.0,0.0,0.0,3.0,24.42,0,static
test_q4_2024,2024-12-17,841,LOJA 841,42076,HEDRA EXPEC XAROPE 100ML,102013,0,,1.0,3.0,21.17,32.59,8.35,1.0,0.0,0.0,0.0,0.0,3.0,24.42,0,static
test_q4_2024,2024-12-18,841,LOJA 841,42076,HEDRA EXPEC XAROPE 100ML,102013,0,,1.0,3.0,21.17,32.59,8.35,1.0,0.0,0.0,0.0,0.0,3.0,24.42,0,static
test_q4_2024,2024-12-19,841,LOJA 841,42076,HEDRA EXPEC XAROPE 100ML,102013,0,,1.0,3.0,21.17,32.59,8.35,1.0,0.0,0.0,0.0,0.0,3.0,24.42,0,static
test_q4_2024,2024-12-20,841,LOJA 841,42076,HEDRA EXPEC XAROPE 100ML,102013,0,,1.0,3.0,21.17,32.59,8.35,1.0,0.0,0.0,0.0,0.0,3.0,24.42,0,static
test_q4_2024,2024-12-21,841,LOJA 841,42076,HEDRA EXPEC XAROPE 100ML,102013,0,,1.0,3.0,21.17,32.59,8.35,1.0,0.0,0.0,0.0,0.0,3.0,24.42,0,static
test_q4_2024,2024-12-22,841,LOJA 841,42076,HEDRA EXPEC XAROPE 100ML,102013,0,,1.0,3.0,21.17,32.59,8.35,1.0,0.0,0.0,0.0,0.0,,,0,static
test_q4_2024,2024-12-23,841,LOJA 841,42076,HEDRA EXPEC XAROPE 100ML,102013,0,,1.0,3.0,21.17,32.59,8.35,1.0,0.0,0.0,0.0,0.0,3.0,24.42,0,static
test_q4_2024,2024-12-24,841,LOJA 841,42076,HEDRA EXPEC XAROPE 100ML,102013,0,,1.0,3.0,21.17,32.59,8.35,1.0,0.0,0.0,0.0,0.0,3.0,24.42,0,static
test_q4_2024,2024-12-25,841,LOJA 841,42076,HEDRA EXPEC XAROPE 100ML,102013,0,,1.0,3.0,21.17,32.59,8.35,1.0,0.0,0.0,0.0,0.0,3.0,24.42,0,static
test_q4_2024,2024-12-26,841,LOJA 841,42076,HEDRA EXPEC XAROPE 100ML,102013,0,,1.0,3.0,21.17,32.59,8.35,1.0,0.0,0.0,0.0,0.0,3.0,24.42,0,static
test_q4_2024,2024-12-27,841,LOJA 841,42076,HEDRA EXPEC XAROPE 100ML,102013,0,,1.0,3.0,21.17,32.59,8.35,1.0,0.0,0.0,0.0,0.0,3.0,24.42,0,static
test_q4_2024,2024-12-28,841,LOJA 841,42076,HEDRA EXPEC XAROPE 100ML,102013,0,,1.0,3.0,21.17,32.59,8.35,1.0,0.0,0.0,0.0,0.0,3.0,24.42,0,static
test_q4_2024,2024-12-29,841,LOJA 841,42076,HEDRA EXPEC XAROPE 100ML,102013,0,,1.0,3.0,21.17,32.59,8.35,1.0,0.0,0.0,0.0,0.0,,,0,static
test_q4_2024,2024-12-30,841,LOJA 841,42076,HEDRA EXPEC XAROPE 100ML,102013,0,,1.0,3.0,21.17,32.59,8.35,1.0,0.0,0.0,0.0,0.0,3.0,24.42,0,static
test_q4_2024,2024-12-31,841,LOJA 841,42076,HEDRA EXPEC XAROPE 100ML,102013,0,,1.0,3.0,21.17,32.59,8.35,1.0,0.0,0.0,0.0,0.0,3.0,24.42,0,static
test_q4_2024,2024-10-01,841,LOJA 841,44217,BROMELIN S 100ML,33104,0,,1.0,3.0,57.36,76.25,32.88,1.0,0.0,0.0,0.0,0.0,,,0,static
test_q4_2024,2024-10-02,841,LOJA 841,44217,BROMELIN S 100ML,33104,0,,1.0,3.0,57.36,76.25,32.88,1.0,0.0,0.0,0.0,0.0,,,0,static
test_q4_2024,2024-10-03,841,LOJA 841,44217,BROMELIN S 100ML,33104,0,,1.0,3.0,57.36,76.25,32.88,1.0,0.0,0.0,0.0,0.0,,,0,static
test_q4_2024,2024-10-04,841,LOJA 841,44217,BROMELIN S 100ML,33104,0,,1.0,3.0,57.36,76.25,32.88,1.0,0.0,0.0,0.0,0.0,,,0,static
test_q4_2024,2024-10-05,841,LOJA 841,44217,BROMELIN S 100ML,33104,0,,1.0,3.0,57.36,76.25,32.88,1.0,0.0,0.0,0.0,0.0,,,0,static
test_q4_2024,2024-10-06,841,LOJA 841,44217,BROMELIN S 100ML,33104,0,,1.0,3.0,57.36,76.25,32.88,1.0,0.0,0.0,0.0,0.0,,,0,static
test_q4_2024,2024-10-07,841,LOJA 841,44217,BROMELIN S 100ML,33104,0,,1.0,3.0,57.36,76.25,32.88,1.0,0.0,0.0,0.0,0.0,,,0,static
test_q4_2024,2024-10-08,841,LOJA 841,44217,BROMELIN S 100ML,33104,0,,1.0,3.0,57.36,76.25,32.88,1.0,0.0,0.0,0.0,0.0,,,0,static
test_q4_2024,2024-10-09,841,LOJA 841,44217,BROMELIN S 100ML,33104,0,,1.0,3.0,57.36,76.25,32.88,1.0,0.0,0.0,0.0,0.0,,,0,static
test_q4_2024,2024-10-10,841,LOJA 841,44217,BROMELIN S 100ML,33104,0,,1.0,3.0,57.36,76.25,32.88,1.0,0.0,0.0,0.0,0.0,,,0,static
test_q4_2024,2024-10-11,841,LOJA 841,44217,BROMELIN S 100ML,33104,0,,1.0,3.0,57.36,76.25,32.88,1.0,0.0,0.0,0.0,0.0,,,0,static
test_q4_2024,2024-10-12,841,LOJA 841,44217,BROMELIN S 100ML,33104,0,,1.0,3.0,57.36,76.25,32.88,1.0,0.0,0.0,0.0,0.0,,,0,static
test_q4_2024,2024-10-13,841,LOJA 841,44217,BROMELIN S 100ML,33104,0,,1.0,3.0,57.36,76.25,32.88,1.0,0.0,0.0,0.0,0.0,,,0,static
test_q4_2024,2024-10-14,841,LOJA 841,44217,BROMELIN S 100ML,33104,0,,1.0,3.0,57.36,76.25,32.88,1.0,0.0,0.0,0.0,0.0,,,0,static
test_q4_2024,2024-10-15,841,LOJA 841,44217,BROMELIN S 100ML,33104,0,,1.0,3.0,57.36,76.25,32.88,1.0,0.0,0.0,0.0,0.0,,,0,static
test_q4_2024,2024-10-16,841,LOJA 841,44217,BROMELIN S 100ML,33104,0,,1.0,3.0,57.36,76.25,32.88,1.0,0.0,0.0,0.0,0.0,,,0,static
test_q4_2024,2024-10-17,841,LOJA 841,44217,BROMELIN S 100ML,33104,0,,1.0,3.0,57.36,76.25,32.88,1.0,0.0,0.0,0.0,0.0,,,0,static
test_q4_2024,2024-10-18,841,LOJA 841,44217,BROMELIN S 100ML,33104,0,,1.0,3.0,57.36,76.25,32.88,1.0,0.0,0.0,0.0,0.0,,,0,static
test_q4_2024,2024-10-19,841,LOJA 841,44217,BROMELIN S 100ML,33104,0,,1.0,3.0,57.36,76.25,32.88,1.0,0.0,0.0,0.0,0.0,,,0,static
test_q4_2024,2024-10-20,841,LOJA 841,44217,BROMELIN S 100ML,33104,0,,1.0,3.0,57.36,76.25,32.88,1.0,0.0,0.0,0.0,0.0,,,0,static
test_q4_2024,2024-10-21,841,LOJA 841,44217,BROMELIN S 100ML,33104,0,,1.0,3.0,57.36,76.25,32.88,1.0,0.0,0.0,0.0,0.0,,,0,static
test_q4_2024,2024-10-22,841,LOJA 841,44217,BROMELIN S 100ML,33104,0,,1.0,3.0,57.36,76.25,32.88,1.0,0.0,0.0,0.0,0.0,,,0,static
test_q4_2024,2024-10-23,841,LOJA 841,44217,BROMELIN S 100ML,33104,0,,1.0,3.0,57.36,76.25,32.88,1.0,0.0,0.0,0.0,0.0,,,0,static
test_q4_2024,2024-10-24,841,LOJA 841,44217,BROMELIN S 100ML,33104,0,,1.0,3.0,57.36,76.25,32.88,1.0,0.0,0.0,0.0,0.0,,,0,static
test_q4_2024,2024-10-25,841,LOJA 841,44217,BROMELIN S 100ML,33104,0,,1.0,3.0,57.36,76.25,32.88,1.0,0.0,0.0,0.0,0.0,,,0,static
test_q4_2024,2024-10-26,841,LOJA 841,44217,BROMELIN S 100ML,33104,0,,1.0,3.0,57.36,76.25,32.88,1.0,0.0,0.0,0.0,0.0,,,0,static
test_q4_2024,2024-10-27,841,LOJA 841,44217,BROMELIN S 100ML,33104,0,,1.0,3.0,57.36,76.25,32.88,1.0,0.0,0.0,0.0,0.0,,,0,static
test_q4_2024,2024-10-28,841,LOJA 841,44217,BROMELIN S 100ML,33104,0,,1.0,3.0,57.36,76.25,32.88,1.0,0.0,0.0,0.0,0.0,,,0,static
test_q4_2024,2024-10-29,841,LOJA 841,44217,BROMELIN S 100ML,33104,0,,1.0,3.0,57.36,76.25,32.88,1.0,0.0,0.0,0.0,0.0,,,0,static
test_q4_2024,2024-10-30,841,LOJA 841,44217,BROMELIN S 100ML,33104,0,,1.0,3.0,57.36,76.25,32.88,1.0,0.0,0.0,0.0,0.0,,,0,static
test_q4_2024,2024-10-31,841,LOJA 841,44217,BROMELIN S 100ML,33104,0,,1.0,3.0,57.36,76.25,32.88,1.0,0.0,0.0,0.0,0.0,,,0,static
test_q4_2024,2024-11-01,841,LOJA 841,44217,BROMELIN S 100ML,33104,0,,1.0,3.0,57.36,76.25,32.88,1.0,0.0,0.0,0.0,0.0,,,0,static
test_q4_2024,2024-11-02,841,LOJA 841,44217,BROMELIN S 100ML,33104,0,,1.0,3.0,57.36,76.25,32.88,1.0,0.0,0.0,0.0,0.0,,,0,static
test_q4_2024,2024-11-03,841,LOJA 841,44217,BROMELIN S 100ML,33104,0,,1.0,3.0,57.36,76.25,32.88,1.0,0.0,0.0,0.0,0.0,,,0,static
test_q4_2024,2024-11-04,841,LOJA 841,44217,BROMELIN S 100ML,33104,0,,1.0,3.0,57.36,76.25,32.88,1.0,0.0,0.0,0.0,0.0,,,0,static
test_q4_2024,2024-11-05,841,LOJA 841,44217,BROMELIN S 100ML,33104,0,,1.0,3.0,57.36,76.25,32.88,1.0,0.0,0.0,0.0,0.0,,,0,static
test_q4_2024,2024-11-06,841,LOJA 841,44217,BROMELIN S 100ML,33104,0,,1.0,3.0,57.36,76.25,32.88,1.0,0.0,0.0,0.0,0.0,,,0,static
test_q4_2024,2024-11-07,841,LOJA 841,44217,BROMELIN S 100ML,33104,0,,1.0,3.0,57.36,76.25,32.88,1.0,0.0,0.0,0.0,0.0,,,0,static
test_q4_2024,2024-11-08,841,LOJA 841,44217,BROMELIN S 100ML,33104,0,,1.0,3.0,57.36,76.25,32.88,1.0,0.0,0.0,0.0,0.0,,,0,static
test_q4_2024,2024-11-09,841,LOJA 841,44217,BROMELIN S 100ML,33104,0,,1.0,3.0,57.36,76.25,32.88,1.0,0.0,0.0,0.0,0.0,,,0,static
test_q4_2024,2024-11-10,841,LOJA 841,44217,BROMELIN S 100ML,33104,0,,1.0,3.0,57.36,76.25,32.88,1.0,0.0,0.0,0.0,0.0,,,0,static
test_q4_2024,2024-11-11,841,LOJA 841,44217,BROMELIN S 100ML,33104,0,,1.0,3.0,57.36,76.25,32.88,1.0,0.0,0.0,0.0,0.0,,,0,static
test_q4_2024,2024-11-12,841,LOJA 841,44217,BROMELIN S 100ML,33104,0,,1.0,3.0,57.36,76.25,32.88,1.0,0.0,0.0,0.0,0.0,,,0,static
test_q4_2024,2024-11-13,841,LOJA 841,44217,BROMELIN S 100ML,33104,0,,1.0,3.0,57.36,76.25,32.88,1.0,0.0,0.0,0.0,0.0,,,0,static
test_q4_2024,2024-11-14,841,LOJA 841,44217,BROMELIN S 100ML,33104,0,,1.0,3.0,57.36,76.25,32.88,1.0,0.0,0.0,0.0,0.0,,,0,static
test_q4_2024,2024-11-15,841,LOJA 841,44217,BROMELIN S 100ML,33104,0,,1.0,3.0,57.36,76.25,32.88,1.0,0.0,0.0,0.0,0.0,,,0,static
test_q4_2024,2024-11-16,841,LOJA 841,44217,BROMELIN S 100ML,33104,0,,1.0,3.0,57.36,76.25,32.88,1.0,0.0,0.0,0.0,0.0,,,0,static
test_q4_2024,2024-11-17,841,LOJA 841,44217,BROMELIN S 100ML,33104,0,,1.0,3.0,57.36,76.25,32.88,1.0,0.0,0.0,0.0,0.0,,,0,static
test_q4_2024,2024-11-18,841,LOJA 841,44217,BROMELIN S 100ML,33104,0,,1.0,3.0,57.36,76.25,32.88,1.0,0.0,0.0,0.0,0.0,,,0,static
test_q4_2024,2024-11-19,841,LOJA 841,44217,BROMELIN S 100ML,33104,0,,1.0,3.0,57.36,76.25,32.88,1.0,0.0,0.0,0.0,0.0,,,0,static
test_q4_2024,2024-11-20,841,LOJA 841,44217,BROMELIN S 100ML,33104,0,,1.0,3.0,57.36,76.25,32.88,1.0,0.0,0.0,0.0,0.0,,,0,static
test_q4_2024,2024-11-21,841,LOJA 841,44217,BROMELIN S 100ML,33104,0,,1.0,3.0,57.36,76.25,32.88,1.0,0.0,0.0,0.0,0.0,,,0,static
test_q4_2024,2024-11-22,841,LOJA 841,44217,BROMELIN S 100ML,33104,0,,1.0,3.0,57.36,76.25,32.88,1.0,0.0,0.0,0.0,0.0,,,0,static
test_q4_2024,2024-11-23,841,LOJA 841,44217,BROMELIN S 100ML,33104,0,,1.0,3.0,57.36,76.25,32.88,1.0,0.0,0.0,0.0,0.0,,,0,static
test_q4_2024,2024-11-24,841,LOJA 841,44217,BROMELIN S 100ML,33104,0,,1.0,3.0,57.36,76.25,32.88,1.0,0.0,0.0,0.0,0.0,,,0,static
test_q4_2024,2024-11-25,841,LOJA 841,44217,BROMELIN S 100ML,33104,0,,1.0,3.0,57.36,76.25,32.88,1.0,0.0,0.0,0.0,0.0,,,0,static
test_q4_2024,2024-11-26,841,LOJA 841,44217,BROMELIN S 100ML,33104,0,,1.0,3.0,57.36,76.25,32.88,1.0,0.0,0.0,0.0,0.0,,,0,static
test_q4_2024,2024-11-27,841,LOJA 841,44217,BROMELIN S 100ML,33104,0,,1.0,3.0,57.36,76.25,32.88,1.0,0.0,0.0,0.0,0.0,,,0,static
test_q4_2024,2024-11-28,841,LOJA 841,44217,BROMELIN S 100ML,33104,0,,1.0,3.0,57.36,76.25,32.88,1.0,0.0,0.0,0.0,0.0,,,0,static
test_q4_2024,2024-11-29,841,LOJA 841,44217,BROMELIN S 100ML,33104,0,,1.0,3.0,57.36,76.25,32.88,1.0,0.0,0.0,0.0,0.0,,,0,static
test_q4_2024,2024-11-30,841,LOJA 841,44217,BROMELIN S 100ML,33104,0,,1.0,3.0,57.36,76.25,32.88,1.0,0.0,0.0,0.0,0.0,,,0,static
test_q4_2024,2024-12-01,841,LOJA 841,44217,BROMELIN S 100ML,33104,0,,1.0,3.0,57.36,76.25,32.88,1.0,0.0,0.0,0.0,0.0,,,0,static
test_q4_2024,2024-12-02,841,LOJA 841,44217,BROMELIN S 100ML,33104,0,,1.0,3.0,57.36,76.25,32.88,1.0,0.0,0.0,0.0,0.0,,,0,static
test_q4_2024,2024-12-03,841,LOJA 841,44217,BROMELIN S 100ML,33104,0,,1.0,3.0,57.36,76.25,32.88,1.0,0.0,0.0,0.0,0.0,,,0,static
test_q4_2024,2024-12-04,841,LOJA 841,44217,BROMELIN S 100ML,33104,0,,1.0,3.0,57.36,76.25,32.88,1.0,0.0,0.0,0.0,0.0,,,0,static
test_q4_2024,2024-12-05,841,LOJA 841,44217,BROMELIN S 100ML,33104,0,,1.0,3.0,57.36,76.25,32.88,1.0,0.0,0.0,0.0,0.0,,,0,static
test_q4_2024,2024-12-06,841,LOJA 841,44217,BROMELIN S 100ML,33104,0,,1.0,3.0,57.36,76.25,32.88,1.0,0.0,0.0,0.0,0.0,,,0,static
test_q4_2024,2024-12-07,841,LOJA 841,44217,BROMELIN S 100ML,33104,0,,1.0,3.0,57.36,76.25,32.88,1.0,0.0,0.0,0.0,0.0,,,0,static
test_q4_2024,2024-12-08,841,LOJA 841,44217,BROMELIN S 100ML,33104,0,,1.0,3.0,57.36,76.25,32.88,1.0,0.0,0.0,0.0,0.0,,,0,static
test_q4_2024,2024-12-09,841,LOJA 841,44217,BROMELIN S 100ML,33104,0,,1.0,3.0,57.36,76.25,32.88,1.0,0.0,0.0,0.0,0.0,,,0,static
test_q4_2024,2024-12-10,841,LOJA 841,44217,BROMELIN S 100ML,33104,0,,1.0,3.0,57.36,76.25,32.88,1.0,0.0,0.0,0.0,0.0,,,0,static
test_q4_2024,2024-12-11,841,LOJA 841,44217,BROMELIN S 100ML,33104,0,,1.0,3.0,57.36,76.25,32.88,1.0,0.0,0.0,0.0,0.0,,,0,static
test_q4_2024,2024-12-12,841,LOJA 841,44217,BROMELIN S 100ML,33104,0,,1.0,3.0,57.36,76.25,32.88,1.0,0.0,0.0,0.0,0.0,,,0,static
test_q4_2024,2024-12-13,841,LOJA 841,44217,BROMELIN S 100ML,33104,0,,1.0,3.0,57.36,76.25,32.88,1.0,0.0,0.0,0.0,0.0,,,0,static
test_q4_2024,2024-12-14,841,LOJA 841,44217,BROMELIN S 100ML,33104,0,,1.0,3.0,57.36,76.25,32.88,1.0,0.0,0.0,0.0,0.0,,,0,static
test_q4_2024,2024-12-15,841,LOJA 841,44217,BROMELIN S 100ML,33104,0,,1.0,3.0,57.36,76.25,32.88,1.0,0.0,0.0,0.0,0.0,,,0,static
test_q4_2024,2024-12-16,841,LOJA 841,44217,BROMELIN S 100ML,33104,0,,1.0,3.0,57.36,76.25,32.88,1.0,0.0,0.0,0.0,0.0,,,0,static
test_q4_2024,2024-12-17,841,LOJA 841,44217,BROMELIN S 100ML,33104,0,,1.0,3.0,57.36,76.25,32.88,1.0,0.0,0.0,0.0,0.0,,,0,static
test_q4_2024,2024-12-18,841,LOJA 841,44217,BROMELIN S 100ML,33104,0,,1.0,3.0,57.36,76.25,32.88,1.0,0.0,0.0,0.0,0.0,,,0,static
test_q4_2024,2024-12-19,841,LOJA 841,44217,BROMELIN S 100ML,33104,0,,1.0,3.0,57.36,76.25,32.88,1.0,0.0,0.0,0.0,0.0,,,0,static
test_q4_2024,2024-12-20,841,LOJA 841,44217,BROMELIN S 100ML,33104,0,,1.0,3.0,57.36,76.25,32.88,1.0,0.0,0.0,0.0,0.0,,,0,static
test_q4_2024,2024-12-21,841,LOJA 841,44217,BROMELIN S 100ML,33104,0,,1.0,3.0,57.36,76.25,32.88,1.0,0.0,0.0,0.0,0.0,,,0,static
test_q4_2024,2024-12-22,841,LOJA 841,44217,BROMELIN S 100ML,33104,0,,1.0,3.0,57.36,76.25,32.88,1.0,0.0,0.0,0.0,0.0,,,0,static
test_q4_2024,2024-12-23,841,LOJA 841,44217,BROMELIN S 100ML,33104,0,,1.0,3.0,57.36,76.25,32.88,1.0,0.0,0.0,0.0,0.0,,,0,static
test_q4_2024,2024-12-24,841,LOJA 841,44217,BROMELIN S 100ML,33104,0,,1.0,3.0,57.36,76.25,32.88,1.0,0.0,0.0,0.0,0.0,,,0,static
test_q4_2024,2024-12-25,841,LOJA 841,44217,BROMELIN S 100ML,33104,0,,1.0,3.0,57.36,76.25,32.88,1.0,0.0,0.0,0.0,0.0,,,0,static
test_q4_2024,2024-12-26,841,LOJA 841,44217,BROMELIN S 100ML,33104,0,,1.0,3.0,57.36,76.25,32.88,1.0,0.0,0.0,0.0,0.0,,,0,static
test_q4_2024,2024-12-27,841,LOJA 841,44217,BROMELIN S 100ML,33104,0,,1.0,3.0,57.36,76.25,32.88,1.0,0.0,0.0,0.0,0.0,,,0,static
test_q4_2024,2024-12-28,841,LOJA 841,44217,BROMELIN S 100ML,33104,0,,1.0,3.0,57.36,76.25,32.88,1.0,0.0,0.0,0.0,0.0,,,0,static
test_q4_2024,2024-12-29,841,LOJA 841,44217,BROMELIN S 100ML,33104,0,,1.0,3.0,57.36,76.25,32.88,1.0,0.0,0.0,0.0,0.0,,,0,static
test_q4_2024,2024-12-30,841,LOJA 841,44217,BROMELIN S 100ML,33104,0,,1.0,3.0,57.36,76.25,32.88,1.0,0.0,0.0,0.0,0.0,,,0,static
test_q4_2024,2024-12-31,841,LOJA 841,44217,BROMELIN S 100ML,33104,0,,1.0,3.0,57.36,76.25,32.88,1.0,0.0,0.0,0.0,0.0,,,0,static
test_q4_2024,2024-10-01,841,LOJA 841,48812,ARLIVRY XAROPE CEREJA 100ML,35610,0,,1.0,3.0,21.9,18.49,7.49,1.0,0.0,0.1336,0.0,0.0,1.0,7.61,0,static
test_q4_2024,2024-10-02,841,LOJA 841,48812,ARLIVRY XAROPE CEREJA 100ML,35610,0,,1.0,3.0,21.9,18.49,7.49,1.0,0.0,0.1336,0.0,0.0,1.0,7.61,0,static
test_q4_2024,2024-10-03,841,LOJA 841,48812,ARLIVRY XAROPE CEREJA 100ML,35610,0,,1.0,3.0,21.9,18.49,7.49,1.0,0.0,0.1336,0.0,0.0,1.0,7.61,0,static
test_q4_2024,2024-10-04,841,LOJA 841,48812,ARLIVRY XAROPE CEREJA 100ML,35610,0,,1.0,3.0,21.9,18.49,7.49,1.0,0.0,0.1336,0.0,0.0,1.0,7.61,0,static
test_q4_2024,2024-10-05,841,LOJA 841,48812,ARLIVRY XAROPE CEREJA 100ML,35610,0,,1.0,3.0,21.9,18.49,7.49,1.0,0.0,0.1336,0.0,0.0,1.0,7.61,0,static
test_q4_2024,2024-10-06,841,LOJA 841,48812,ARLIVRY XAROPE CEREJA 100ML,35610,0,,1.0,3.0,21.9,18.49,7.49,1.0,0.0,0.1336,0.0,0.0,,,0,static
test_q4_2024,2024-10-07,841,LOJA 841,48812,ARLIVRY XAROPE CEREJA 100ML,35610,0,,1.0,3.0,21.9,18.49,7.49,1.0,0.0,0.1336,0.0,0.0,1.0,7.61,0,static
test_q4_2024,2024-10-08,841,LOJA 841,48812,ARLIVRY XAROPE CEREJA 100ML,35610,0,,1.0,3.0,21.9,18.49,7.49,1.0,0.0,0.1336,0.0,0.0,1.0,7.61,0,static
test_q4_2024,2024-10-09,841,LOJA 841,48812,ARLIVRY XAROPE CEREJA 100ML,35610,0,,1.0,3.0,21.9,18.49,7.49,1.0,0.0,0.1336,0.0,0.0,1.0,7.61,0,static
test_q4_2024,2024-10-10,841,LOJA 841,48812,ARLIVRY XAROPE CEREJA 100ML,35610,0,,1.0,3.0,21.9,18.49,7.49,1.0,0.0,0.1336,0.0,0.0,1.0,7.61,0,static
test_q4_2024,2024-10-11,841,LOJA 841,48812,ARLIVRY XAROPE CEREJA 100ML,35610,0,,1.0,3.0,21.9,18.49,7.49,1.0,0.0,0.1336,0.0,0.0,1.0,7.61,0,static
test_q4_2024,2024-10-12,841,LOJA 841,48812,ARLIVRY XAROPE CEREJA 100ML,35610,0,,1.0,3.0,21.9,18.49,7.49,1.0,0.0,0.1336,0.0,0.0,1.0,7.61,0,static
test_q4_2024,2024-10-13,841,LOJA 841,48812,ARLIVRY XAROPE CEREJA 100ML,35610,0,,1.0,3.0,21.9,18.49,7.49,1.0,0.0,0.1336,0.0,0.0,,,0,static
test_q4_2024,2024-10-14,841,LOJA 841,48812,ARLIVRY XAROPE CEREJA 100ML,35610,0,,1.0,3.0,21.9,18.49,7.49,1.0,0.0,0.1336,0.0,0.0,1.0,7.61,0,static
test_q4_2024,2024-10-15,841,LOJA 841,48812,ARLIVRY XAROPE CEREJA 100ML,35610,0,,1.0,3.0,21.9,18.49,7.49,1.0,0.0,0.1336,0.0,0.0,1.0,7.61,0,static
test_q4_2024,2024-10-16,841,LOJA 841,48812,ARLIVRY XAROPE CEREJA 100ML,35610,0,,1.0,3.0,21.9,18.49,7.49,1.0,0.0,0.1336,0.0,0.0,1.0,7.61,0,static
test_q4_2024,2024-10-17,841,LOJA 841,48812,ARLIVRY XAROPE CEREJA 100ML,35610,0,,1.0,3.0,21.9,18.49,7.49,1.0,0.0,0.1336,0.0,0.0,1.0,7.61,0,static
test_q4_2024,2024-10-18,841,LOJA 841,48812,ARLIVRY XAROPE CEREJA 100ML,35610,0,,1.0,3.0,21.9,18.49,7.49,1.0,0.0,0.1336,0.0,0.0,1.0,7.61,0,static
test_q4_2024,2024-10-19,841,LOJA 841,48812,ARLIVRY XAROPE CEREJA 100ML,35610,0,,1.0,3.0,21.9,18.49,7.49,1.0,0.0,0.1336,0.0,0.0,1.0,7.61,0,static
test_q4_2024,2024-10-20,841,LOJA 841,48812,ARLIVRY XAROPE CEREJA 100ML,35610,0,,1.0,3.0,21.9,18.49,7.49,1.0,0.0,0.1336,0.0,0.0,,,0,static
test_q4_2024,2024-10-21,841,LOJA 841,48812,ARLIVRY XAROPE CEREJA 100ML,35610,0,,1.0,3.0,21.9,18.49,7.49,1.0,0.0,0.1336,0.0,0.0,1.0,7.61,0,static
test_q4_2024,2024-10-22,841,LOJA 841,48812,ARLIVRY XAROPE CEREJA 100ML,35610,0,,1.0,3.0,21.9,18.49,7.49,1.0,0.0,0.1336,0.0,0.0,1.0,7.61,0,static
test_q4_2024,2024-10-23,841,LOJA 841,48812,ARLIVRY XAROPE CEREJA 100ML,35610,0,,1.0,3.0,21.9,18.49,7.49,1.0,0.0,0.1336,0.0,0.0,1.0,7.61,0,static
test_q4_2024,2024-10-24,841,LOJA 841,48812,ARLIVRY XAROPE CEREJA 100ML,35610,0,,1.0,3.0,21.9,18.49,7.49,1.0,0.0,0.1336,0.0,0.0,1.0,7.61,0,static
test_q4_2024,2024-10-25,841,LOJA 841,48812,ARLIVRY XAROPE CEREJA 100ML,35610,0,,1.0,3.0,21.9,18.49,7.49,1.0,0.0,0.1336,0.0,0.0,1.0,7.61,0,static
test_q4_2024,2024-10-26,841,LOJA 841,48812,ARLIVRY XAROPE CEREJA 100ML,35610,0,,1.0,3.0,21.9,18.49,7.49,1.0,0.0,0.1336,0.0,0.0,1.0,7.61,0,static
test_q4_2024,2024-10-27,841,LOJA 841,48812,ARLIVRY XAROPE CEREJA 100ML,35610,0,,1.0,3.0,21.9,18.49,7.49,1.0,0.0,0.1336,0.0,0.0,,,0,static
test_q4_2024,2024-10-28,841,LOJA 841,48812,ARLIVRY XAROPE CEREJA 100ML,35610,0,,1.0,3.0,21.9,18.49,7.49,1.0,0.0,0.1336,0.0,0.0,1.0,7.61,0,static
test_q4_2024,2024-10-29,841,LOJA 841,48812,ARLIVRY XAROPE CEREJA 100ML,35610,0,,1.0,3.0,21.9,18.49,7.49,1.0,0.0,0.1336,0.0,0.0,1.0,7.61,0,static
test_q4_2024,2024-10-30,841,LOJA 841,48812,ARLIVRY XAROPE CEREJA 100ML,35610,0,,1.0,3.0,21.9,18.49,7.49,1.0,0.0,0.1336,0.0,0.0,1.0,7.61,0,static
test_q4_2024,2024-10-31,841,LOJA 841,48812,ARLIVRY XAROPE CEREJA 100ML,35610,0,,1.0,3.0,21.9,18.49,7.49,1.0,0.0,0.1336,0.0,0.0,1.0,7.61,0,static
test_q4_2024,2024-11-01,841,LOJA 841,48812,ARLIVRY XAROPE CEREJA 100ML,35610,0,,1.0,3.0,21.9,18.49,7.49,1.0,0.0,0.1336,0.0,0.0,1.0,7.61,0,static
test_q4_2024,2024-11-02,841,LOJA 841,48812,ARLIVRY XAROPE CEREJA 100ML,35610,0,,1.0,3.0,21.9,18.49,7.49,1.0,0.0,0.1336,0.0,0.0,1.0,7.61,0,static
test_q4_2024,2024-11-03,841,LOJA 841,48812,ARLIVRY XAROPE CEREJA 100ML,35610,0,,1.0,3.0,21.9,18.49,7.49,1.0,0.0,0.1336,0.0,0.0,,,0,static
test_q4_2024,2024-11-04,841,LOJA 841,48812,ARLIVRY XAROPE CEREJA 100ML,35610,0,,1.0,3.0,21.9,18.49,7.49,1.0,0.0,0.1336,0.0,0.0,1.0,7.61,0,static
test_q4_2024,2024-11-05,841,LOJA 841,48812,ARLIVRY XAROPE CEREJA 100ML,35610,0,,1.0,3.0,21.9,18.49,7.49,1.0,0.0,0.1336,0.0,0.0,1.0,7.61,0,static
test_q4_2024,2024-11-06,841,LOJA 841,48812,ARLIVRY XAROPE CEREJA 100ML,35610,0,,1.0,3.0,21.9,18.49,7.49,1.0,0.0,0.1336,0.0,0.0,1.0,7.61,0,static
test_q4_2024,2024-11-07,841,LOJA 841,48812,ARLIVRY XAROPE CEREJA 100ML,35610,0,,1.0,3.0,21.9,18.49,7.49,1.0,0.0,0.1336,0.0,0.0,1.0,7.61,0,static
test_q4_2024,2024-11-08,841,LOJA 841,48812,ARLIVRY XAROPE CEREJA 100ML,35610,0,,1.0,3.0,21.9,18.49,7.49,1.0,0.0,0.1336,0.0,0.0,1.0,7.61,0,static
test_q4_2024,2024-11-09,841,LOJA 841,48812,ARLIVRY XAROPE CEREJA 100ML,35610,0,,1.0,3.0,21.9,18.49,7.49,1.0,0.0,0.1336,0.0,0.0,1.0,7.61,0,static
test_q4_2024,2024-11-10,841,LOJA 841,48812,ARLIVRY XAROPE CEREJA 100ML,35610,0,,1.0,3.0,21.9,18.49,7.49,1.0,0.0,0.1336,0.0,0.0,,,0,static
test_q4_2024,2024-11-11,841,LOJA 841,48812,ARLIVRY XAROPE CEREJA 100ML,35610,0,,1.0,3.0,21.9,18.49,7.49,1.0,0.0,0.1336,0.0,0.0,1.0,7.61,0,static
test_q4_2024,2024-11-12,841,LOJA 841,48812,ARLIVRY XAROPE CEREJA 100ML,35610,0,,1.0,3.0,21.9,18.49,7.49,1.0,0.0,0.1336,0.0,0.0,1.0,7.61,0,static
test_q4_2024,2024-11-13,841,LOJA 841,48812,ARLIVRY XAROPE CEREJA 100ML,35610,0,,1.0,3.0,21.9,18.49,7.49,1.0,0.0,0.1336,0.0,0.0,1.0,7.61,0,static
test_q4_2024,2024-11-14,841,LOJA 841,48812,ARLIVRY XAROPE CEREJA 100ML,35610,0,,1.0,3.0,21.9,18.49,7.49,1.0,0.0,0.1336,0.0,0.0,1.0,7.61,0,static
test_q4_2024,2024-11-15,841,LOJA 841,48812,ARLIVRY XAROPE CEREJA 100ML,35610,0,,1.0,3.0,21.9,18.49,7.49,1.0,0.0,0.1336,0.0,0.0,1.0,7.61,0,static
test_q4_2024,2024-11-16,841,LOJA 841,48812,ARLIVRY XAROPE CEREJA 100ML,35610,0,,1.0,3.0,21.9,18.49,7.49,1.0,0.0,0.1336,0.0,0.0,1.0,7.61,0,static
test_q4_2024,2024-11-17,841,LOJA 841,48812,ARLIVRY XAROPE CEREJA 100ML,35610,0,,1.0,3.0,21.9,18.49,7.49,1.0,0.0,0.1336,0.0,0.0,,,0,static
test_q4_2024,2024-11-18,841,LOJA 841,48812,ARLIVRY XAROPE CEREJA 100ML,35610,0,,1.0,3.0,21.9,18.49,7.49,1.0,0.0,0.1336,0.0,0.0,1.0,7.61,0,static
test_q4_2024,2024-11-19,841,LOJA 841,48812,ARLIVRY XAROPE CEREJA 100ML,35610,0,,1.0,3.0,21.9,18.49,7.49,1.0,0.0,0.1336,1.0,1.0,1.0,7.61,0,static
test_q4_2024,2024-11-20,841,LOJA 841,48812,ARLIVRY XAROPE CEREJA 100ML,35610,0,,1.0,3.0,21.9,18.49,7.49,1.0,0.0,0.1336,0.0,0.0,1.0,7.61,0,static
test_q4_2024,2024-11-21,841,LOJA 841,48812,ARLIVRY XAROPE CEREJA 100ML,35610,0,,1.0,3.0,21.9,18.49,7.49,1.0,0.0,0.1336,0.0,0.0,1.0,7.61,0,static
test_q4_2024,2024-11-22,841,LOJA 841,48812,ARLIVRY XAROPE CEREJA 100ML,35610,0,,1.0,3.0,21.9,18.49,7.49,1.0,0.0,0.1336,0.0,0.0,0.0,0.0,1,static
test_q4_2024,2024-11-23,841,LOJA 841,48812,ARLIVRY XAROPE CEREJA 100ML,35610,0,,1.0,3.0,21.9,18.49,7.49,1.0,0.0,0.1336,0.0,0.0,0.0,0.0,1,static
test_q4_2024,2024-11-24,841,LOJA 841,48812,ARLIVRY XAROPE CEREJA 100ML,35610,0,,1.0,3.0,21.9,18.49,7.49,1.0,0.0,0.1336,0.0,0.0,,,0,static
test_q4_2024,2024-11-25,841,LOJA 841,48812,ARLIVRY XAROPE CEREJA 100ML,35610,0,,1.0,3.0,21.9,18.49,7.49,1.0,0.0,0.1336,0.0,0.0,1.0,7.49,0,static
test_q4_2024,2024-11-26,841,LOJA 841,48812,ARLIVRY XAROPE CEREJA 100ML,35610,0,,1.0,3.0,21.9,18.49,7.49,1.0,0.0,0.1336,0.0,0.0,1.0,7.49,0,static
test_q4_2024,2024-11-27,841,LOJA 841,48812,ARLIVRY XAROPE CEREJA 100ML,35610,0,,1.0,3.0,21.9,18.49,7.49,1.0,0.0,0.1336,0.0,0.0,1.0,7.49,0,static
test_q4_2024,2024-11-28,841,LOJA 841,48812,ARLIVRY XAROPE CEREJA 100ML,35610,0,,1.0,3.0,21.9,18.49,7.49,1.0,0.0,0.1336,0.0,0.0,1.0,7.49,0,static
test_q4_2024,2024-11-29,841,LOJA 841,48812,ARLIVRY XAROPE CEREJA 100ML,35610,0,,1.0,3.0,21.9,18.49,7.49,1.0,0.0,0.1336,0.0,0.0,1.0,7.49,0,static
test_q4_2024,2024-11-30,841,LOJA 841,48812,ARLIVRY XAROPE CEREJA 100ML,35610,0,,1.0,3.0,21.9,18.49,7.49,1.0,0.0,0.1336,0.0,0.0,1.0,7.49,0,static
test_q4_2024,2024-12-01,841,LOJA 841,48812,ARLIVRY XAROPE CEREJA 100ML,35610,0,,1.0,3.0,21.9,18.49,7.49,1.0,0.0,0.1336,0.0,0.0,,,0,static
test_q4_2024,2024-12-02,841,LOJA 841,48812,ARLIVRY XAROPE CEREJA 100ML,35610,0,,1.0,3.0,21.9,18.49,7.49,1.0,0.0,0.1336,0.0,0.0,1.0,7.49,0,static
test_q4_2024,2024-12-03,841,LOJA 841,48812,ARLIVRY XAROPE CEREJA 100ML,35610,0,,1.0,3.0,21.9,18.49,7.49,1.0,0.0,0.1336,0.0,0.0,1.0,7.49,0,static
test_q4_2024,2024-12-04,841,LOJA 841,48812,ARLIVRY XAROPE CEREJA 100ML,35610,0,,1.0,3.0,21.9,18.49,7.49,1.0,0.0,0.1336,0.0,0.0,1.0,7.49,0,static
test_q4_2024,2024-12-05,841,LOJA 841,48812,ARLIVRY XAROPE CEREJA 100ML,35610,0,,1.0,3.0,21.9,18.49,7.49,1.0,0.0,0.1336,0.0,0.0,1.0,7.49,0,static
test_q4_2024,2024-12-06,841,LOJA 841,48812,ARLIVRY XAROPE CEREJA 100ML,35610,0,,1.0,3.0,21.9,18.49,7.49,1.0,0.0,0.1336,0.0,0.0,1.0,7.49,0,static
test_q4_2024,2024-12-07,841,LOJA 841,48812,ARLIVRY XAROPE CEREJA 100ML,35610,0,,1.0,3.0,21.9,18.49,7.49,1.0,0.0,0.1336,0.0,0.0,1.0,7.49,0,static
test_q4_2024,2024-12-08,841,LOJA 841,48812,ARLIVRY XAROPE CEREJA 100ML,35610,0,,1.0,3.0,21.9,18.49,7.49,1.0,0.0,0.1336,0.0,0.0,,,0,static
test_q4_2024,2024-12-09,841,LOJA 841,48812,ARLIVRY XAROPE CEREJA 100ML,35610,0,,1.0,3.0,21.9,18.49,7.49,1.0,0.0,0.1336,0.0,0.0,1.0,7.49,0,static
test_q4_2024,2024-12-10,841,LOJA 841,48812,ARLIVRY XAROPE CEREJA 100ML,35610,0,,1.0,3.0,21.9,18.49,7.49,1.0,0.0,0.1336,0.0,0.0,1.0,7.49,0,static
test_q4_2024,2024-12-11,841,LOJA 841,48812,ARLIVRY XAROPE CEREJA 100ML,35610,0,,1.0,3.0,21.9,18.49,7.49,1.0,0.0,0.1336,0.0,0.0,1.0,7.49,0,static
test_q4_2024,2024-12-12,841,LOJA 841,48812,ARLIVRY XAROPE CEREJA 100ML,35610,0,,1.0,3.0,21.9,18.49,7.49,1.0,0.0,0.1336,0.0,0.0,1.0,7.49,0,static
test_q4_2024,2024-12-13,841,LOJA 841,48812,ARLIVRY XAROPE CEREJA 100ML,35610,0,,1.0,3.0,21.9,18.49,7.49,1.0,0.0,0.1336,0.0,0.0,1.0,7.49,0,static
test_q4_2024,2024-12-14,841,LOJA 841,48812,ARLIVRY XAROPE CEREJA 100ML,35610,0,,1.0,3.0,21.9,18.49,7.49,1.0,0.0,0.1336,0.0,0.0,1.0,7.49,0,static
test_q4_2024,2024-12-15,841,LOJA 841,48812,ARLIVRY XAROPE CEREJA 100ML,35610,0,,1.0,3.0,21.9,18.49,7.49,1.0,0.0,0.1336,0.0,0.0,,,0,static
test_q4_2024,2024-12-16,841,LOJA 841,48812,ARLIVRY XAROPE CEREJA 100ML,35610,0,,1.0,3.0,21.9,18.49,7.49,1.0,0.0,0.1336,0.0,0.0,1.0,7.49,0,static
test_q4_2024,2024-12-17,841,LOJA 841,48812,ARLIVRY XAROPE CEREJA 100ML,35610,0,,1.0,3.0,21.9,18.49,7.49,1.0,0.0,0.1336,0.0,0.0,1.0,7.49,0,static
test_q4_2024,2024-12-18,841,LOJA 841,48812,ARLIVRY XAROPE CEREJA 100ML,35610,0,,1.0,3.0,21.9,18.49,7.49,1.0,0.0,0.1336,0.0,0.0,1.0,7.49,0,static
test_q4_2024,2024-12-19,841,LOJA 841,48812,ARLIVRY XAROPE CEREJA 100ML,35610,0,,1.0,3.0,21.9,18.49,7.49,1.0,0.0,0.1336,0.0,0.0,1.0,7.49,0,static
test_q4_2024,2024-12-20,841,LOJA 841,48812,ARLIVRY XAROPE CEREJA 100ML,35610,0,,1.0,3.0,21.9,18.49,7.49,1.0,0.0,0.1336,0.0,0.0,1.0,7.49,0,static
test_q4_2024,2024-12-21,841,LOJA 841,48812,ARLIVRY XAROPE CEREJA 100ML,35610,0,,1.0,3.0,21.9,18.49,7.49,1.0,0.0,0.1336,0.0,0.0,1.0,7.49,0,static
test_q4_2024,2024-12-22,841,LOJA 841,48812,ARLIVRY XAROPE CEREJA 100ML,35610,0,,1.0,3.0,21.9,18.49,7.49,1.0,0.0,0.1336,0.0,0.0,,,0,static
test_q4_2024,2024-12-23,841,LOJA 841,48812,ARLIVRY XAROPE CEREJA 100ML,35610,0,,1.0,3.0,21.9,18.49,7.49,1.0,0.0,0.1336,0.0,0.0,1.0,7.49,0,static
test_q4_2024,2024-12-24,841,LOJA 841,48812,ARLIVRY XAROPE CEREJA 100ML,35610,0,,1.0,3.0,21.9,18.49,7.49,1.0,0.0,0.1336,0.0,0.0,1.0,7.49,0,static
test_q4_2024,2024-12-25,841,LOJA 841,48812,ARLIVRY XAROPE CEREJA 100ML,35610,0,,1.0,3.0,21.9,18.49,7.49,1.0,0.0,0.1336,0.0,0.0,1.0,7.49,0,static
test_q4_2024,2024-12-26,841,LOJA 841,48812,ARLIVRY XAROPE CEREJA 100ML,35610,0,,1.0,3.0,21.9,18.49,7.49,1.0,0.0,0.1336,0.0,0.0,1.0,7.49,0,static
test_q4_2024,2024-12-27,841,LOJA 841,48812,ARLIVRY XAROPE CEREJA 100ML,35610,0,,1.0,3.0,21.9,18.49,7.49,1.0,0.0,0.1336,0.0,0.0,1.0,7.49,0,static
test_q4_2024,2024-12-28,841,LOJA 841,48812,ARLIVRY XAROPE CEREJA 100ML,35610,0,,1.0,3.0,21.9,18.49,7.49,1.0,0.0,0.1336,0.0,0.0,1.0,7.49,0,static
test_q4_2024,2024-12-29,841,LOJA 841,48812,ARLIVRY XAROPE CEREJA 100ML,35610,0,,1.0,3.0,21.9,18.49,7.49,1.0,0.0,0.1336,0.0,0.0,,,0,static
test_q4_2024,2024-12-30,841,LOJA 841,48812,ARLIVRY XAROPE CEREJA 100ML,35610,0,,1.0,3.0,21.9,18.49,7.49,1.0,0.0,0.1336,0.0,0.0,1.0,7.49,0,static
test_q4_2024,2024-12-31,841,LOJA 841,48812,ARLIVRY XAROPE CEREJA 100ML,35610,0,,1.0,3.0,21.9,18.49,7.49,1.0,0.0,0.1336,0.0,0.0,1.0,7.49,0,static
test_q4_2024,2024-10-01,841,LOJA 841,48813,ARLIVRY XAROPE MEL 100ML,35610,0,,1.0,3.0,27.51,18.49,7.49,1.0,0.0,0.2272,0.0,0.0,2.0,14.68,0,static
test_q4_2024,2024-10-02,841,LOJA 841,48813,ARLIVRY XAROPE MEL 100ML,35610,0,,1.0,3.0,27.51,18.49,7.49,1.0,0.0,0.2272,0.0,0.0,2.0,14.68,0,static
test_q4_2024,2024-10-03,841,LOJA 841,48813,ARLIVRY XAROPE MEL 100ML,35610,0,,1.0,3.0,27.51,18.49,7.49,1.0,0.0,0.2272,0.0,0.0,2.0,14.68,0,static
test_q4_2024,2024-10-04,841,LOJA 841,48813,ARLIVRY XAROPE MEL 100ML,35610,0,,1.0,3.0,27.51,18.49,7.49,1.0,0.0,0.2272,0.0,0.0,2.0,14.68,0,static
test_q4_2024,2024-10-05,841,LOJA 841,48813,ARLIVRY XAROPE MEL 100ML,35610,0,,1.0,3.0,27.51,18.49,7.49,1.0,0.0,0.2272,0.0,0.0,2.0,14.68,0,static
test_q4_2024,2024-10-06,841,LOJA 841,48813,ARLIVRY XAROPE MEL 100ML,35610,0,,1.0,3.0,27.51,18.49,7.49,1.0,0.0,0.2272,0.0,0.0,,,0,static
test_q4_2024,2024-10-07,841,LOJA 841,48813,ARLIVRY XAROPE MEL 100ML,35610,0,,1.0,3.0,27.51,18.49,7.49,1.0,0.0,0.2272,1.0,1.0,2.0,14.68,0,static
test_q4_2024,2024-10-08,841,LOJA 841,48813,ARLIVRY XAROPE MEL 100ML,35610,0,,1.0,3.0,27.51,18.49,7.49,1.0,0.0,0.2272,0.0,0.0,1.0,7.34,0,static
test_q4_2024,2024-10-09,841,LOJA 841,48813,ARLIVRY XAROPE MEL 100ML,35610,0,,1.0,3.0,27.51,18.49,7.49,1.0,0.0,0.2272,0.0,0.0,1.0,7.34,0,static
test_q4_2024,2024-10-10,841,LOJA 841,48813,ARLIVRY XAROPE MEL 100ML,35610,0,,1.0,3.0,27.51,18.49,7.49,1.0,0.0,0.2272,0.0,0.0,1.0,7.34,0,static
test_q4_2024,2024-10-11,841,LOJA 841,48813,ARLIVRY XAROPE MEL 100ML,35610,0,,1.0,3.0,27.51,18.49,7.49,1.0,0.0,0.2272,0.0,0.0,1.0,7.34,0,static
test_q4_2024,2024-10-12,841,LOJA 841,48813,ARLIVRY XAROPE MEL 100ML,35610,0,,1.0,3.0,27.51,18.49,7.49,1.0,0.0,0.2272,0.0,0.0,1.0,7.34,0,static
test_q4_2024,2024-10-13,841,LOJA 841,48813,ARLIVRY XAROPE MEL 100ML,35610,0,,1.0,3.0,27.51,18.49,7.49,1.0,0.0,0.2272,0.0,0.0,,,0,static
test_q4_2024,2024-10-14,841,LOJA 841,48813,ARLIVRY XAROPE MEL 100ML,35610,0,,1.0,3.0,27.51,18.49,7.49,1.0,0.0,0.2272,0.0,0.0,1.0,7.34,0,static
test_q4_2024,2024-10-15,841,LOJA 841,48813,ARLIVRY XAROPE MEL 100ML,35610,0,,1.0,3.0,27.51,18.49,7.49,1.0,0.0,0.2272,0.0,0.0,1.0,7.34,0,static
test_q4_2024,2024-10-16,841,LOJA 841,48813,ARLIVRY XAROPE MEL 100ML,35610,0,,1.0,3.0,27.51,18.49,7.49,1.0,0.0,0.2272,0.0,0.0,2.0,14.84,0,static
test_q4_2024,2024-10-17,841,LOJA 841,48813,ARLIVRY XAROPE MEL 100ML,35610,0,,1.0,3.0,27.51,18.49,7.49,1.0,0.0,0.2272,0.0,0.0,2.0,14.84,0,static
test_q4_2024,2024-10-18,841,LOJA 841,48813,ARLIVRY XAROPE MEL 100ML,35610,0,,1.0,3.0,27.51,18.49,7.49,1.0,0.0,0.2272,0.0,0.0,2.0,14.84,0,static
test_q4_2024,2024-10-19,841,LOJA 841,48813,ARLIVRY XAROPE MEL 100ML,35610,0,,1.0,3.0,27.51,18.49,7.49,1.0,0.0,0.2272,0.0,0.0,2.0,14.84,0,static
test_q4_2024,2024-10-20,841,LOJA 841,48813,ARLIVRY XAROPE MEL 100ML,35610,0,,1.0,3.0,27.51,18.49,7.49,1.0,0.0,0.2272,0.0,0.0,,,0,static
test_q4_2024,2024-10-21,841,LOJA 841,48813,ARLIVRY XAROPE MEL 100ML,35610,0,,1.0,3.0,27.51,18.49,7.49,1.0,0.0,0.2272,0.0,0.0,2.0,14.84,0,static
test_q4_2024,2024-10-22,841,LOJA 841,48813,ARLIVRY XAROPE MEL 100ML,35610,0,,1.0,3.0,27.51,18.49,7.49,1.0,0.0,0.2272,0.0,0.0,2.0,14.84,0,static
test_q4_2024,2024-10-23,841,LOJA 841,48813,ARLIVRY XAROPE MEL 100ML,35610,0,,1.0,3.0,27.51,18.49,7.49,1.0,0.0,0.2272,0.0,0.0,2.0,14.84,0,static
test_q4_2024,2024-10-24,841,LOJA 841,48813,ARLIVRY XAROPE MEL 100ML,35610,0,,1.0,3.0,27.51,18.49,7.49,1.0,0.0,0.2272,0.0,0.0,2.0,14.84,0,static
test_q4_2024,2024-10-25,841,LOJA 841,48813,ARLIVRY XAROPE MEL 100ML,35610,0,,1.0,3.0,27.51,18.49,7.49,1.0,0.0,0.2272,0.0,0.0,2.0,14.84,0,static
test_q4_2024,2024-10-26,841,LOJA 841,48813,ARLIVRY XAROPE MEL 100ML,35610,0,,1.0,3.0,27.51,18.49,7.49,1.0,0.0,0.2272,0.0,0.0,2.0,14.84,0,static
test_q4_2024,2024-10-27,841,LOJA 841,48813,ARLIVRY XAROPE MEL 100ML,35610,0,,1.0,3.0,27.51,18.49,7.49,1.0,0.0,0.2272,0.0,0.0,,,0,static
test_q4_2024,2024-10-28,841,LOJA 841,48813,ARLIVRY XAROPE MEL 100ML,35610,0,,1.0,3.0,27.51,18.49,7.49,1.0,0.0,0.2272,0.0,0.0,2.0,14.84,0,static
test_q4_2024,2024-10-29,841,LOJA 841,48813,ARLIVRY XAROPE MEL 100ML,35610,0,,1.0,3.0,27.51,18.49,7.49,1.0,0.0,0.2272,0.0,0.0,2.0,14.84,0,static
test_q4_2024,2024-10-30,841,LOJA 841,48813,ARLIVRY XAROPE MEL 100ML,35610,0,,1.0,3.0,27.51,18.49,7.49,1.0,0.0,0.2272,0.0,0.0,2.0,14.84,0,static
test_q4_2024,2024-10-31,841,LOJA 841,48813,ARLIVRY XAROPE MEL 100ML,35610,0,,1.0,3.0,27.51,18.49,7.49,1.0,0.0,0.2272,0.0,0.0,2.0,14.84,0,static
test_q4_2024,2024-11-01,841,LOJA 841,48813,ARLIVRY XAROPE MEL 100ML,35610,0,,1.0,3.0,27.51,18.49,7.49,1.0,0.0,0.2272,0.0,0.0,2.0,14.84,0,static
test_q4_2024,2024-11-02,841,LOJA 841,48813,ARLIVRY XAROPE MEL 100ML,35610,0,,1.0,3.0,27.51,18.49,7.49,1.0,0.0,0.2272,0.0,0.0,2.0,14.84,0,static
test_q4_2024,2024-11-03,841,LOJA 841,48813,ARLIVRY XAROPE MEL 100ML,35610,0,,1.0,3.0,27.51,18.49,7.49,1.0,0.0,0.2272,0.0,0.0,,,0,static
test_q4_2024,2024-11-04,841,LOJA 841,48813,ARLIVRY XAROPE MEL 100ML,35610,0,,1.0,3.0,27.51,18.49,7.49,1.0,0.0,0.2272,0.0,0.0,2.0,14.84,0,static
test_q4_2024,2024-11-05,841,LOJA 841,48813,ARLIVRY XAROPE MEL 100ML,35610,0,,1.0,3.0,27.51,18.49,7.49,1.0,0.0,0.2272,0.0,0.0,2.0,14.84,0,static
test_q4_2024,2024-11-06,841,LOJA 841,48813,ARLIVRY XAROPE MEL 100ML,35610,0,,1.0,3.0,27.51,18.49,7.49,1.0,0.0,0.2272,0.0,0.0,2.0,14.84,0,static
test_q4_2024,2024-11-07,841,LOJA 841,48813,ARLIVRY XAROPE MEL 100ML,35610,0,,1.0,3.0,27.51,18.49,7.49,1.0,0.0,0.2272,0.0,0.0,2.0,14.84,0,static
test_q4_2024,2024-11-08,841,LOJA 841,48813,ARLIVRY XAROPE MEL 100ML,35610,0,,1.0,3.0,27.51,18.49,7.49,1.0,0.0,0.2272,0.0,0.0,2.0,14.84,0,static
test_q4_2024,2024-11-09,841,LOJA 841,48813,ARLIVRY XAROPE MEL 100ML,35610,0,,1.0,3.0,27.51,18.49,7.49,1.0,0.0,0.2272,0.0,0.0,2.0,14.84,0,static
test_q4_2024,2024-11-10,841,LOJA 841,48813,ARLIVRY XAROPE MEL 100ML,35610,0,,1.0,3.0,27.51,18.49,7.49,1.0,0.0,0.2272,0.0,0.0,,,0,static
test_q4_2024,2024-11-11,841,LOJA 841,48813,ARLIVRY XAROPE MEL 100ML,35610,0,,1.0,3.0,27.51,18.49,7.49,1.0,0.0,0.2272,0.0,0.0,2.0,14.84,0,static
test_q4_2024,2024-11-12,841,LOJA 841,48813,ARLIVRY XAROPE MEL 100ML,35610,0,,1.0,3.0,27.51,18.49,7.49,1.0,0.0,0.2272,0.0,0.0,2.0,14.84,0,static
test_q4_2024,2024-11-13,841,LOJA 841,48813,ARLIVRY XAROPE MEL 100ML,35610,0,,1.0,3.0,27.51,18.49,7.49,1.0,0.0,0.2272,0.0,0.0,2.0,14.84,0,static
test_q4_2024,2024-11-14,841,LOJA 841,48813,ARLIVRY XAROPE MEL 100ML,35610,0,,1.0,3.0,27.51,18.49,7.49,1.0,0.0,0.2272,0.0,0.0,2.0,14.84,0,static
test_q4_2024,2024-11-15,841,LOJA 841,48813,ARLIVRY XAROPE MEL 100ML,35610,0,,1.0,3.0,27.51,18.49,7.49,1.0,0.0,0.2272,0.0,0.0,2.0,14.84,0,static
test_q4_2024,2024-11-16,841,LOJA 841,48813,ARLIVRY XAROPE MEL 100ML,35610,0,,1.0,3.0,27.51,18.49,7.49,1.0,0.0,0.2272,0.0,0.0,2.0,14.84,0,static
test_q4_2024,2024-11-17,841,LOJA 841,48813,ARLIVRY XAROPE MEL 100ML,35610,0,,1.0,3.0,27.51,18.49,7.49,1.0,0.0,0.2272,0.0,0.0,,,0,static
test_q4_2024,2024-11-18,841,LOJA 841,48813,ARLIVRY XAROPE MEL 100ML,35610,0,,1.0,3.0,27.51,18.49,7.49,1.0,0.0,0.2272,0.0,0.0,2.0,14.84,0,static
test_q4_2024,2024-11-19,841,LOJA 841,48813,ARLIVRY XAROPE MEL 100ML,35610,0,,1.0,3.0,27.51,18.49,7.49,1.0,0.0,0.2272,0.0,0.0,2.0,14.84,0,static
test_q4_2024,2024-11-20,841,LOJA 841,48813,ARLIVRY XAROPE MEL 100ML,35610,0,,1.0,3.0,27.51,18.49,7.49,1.0,0.0,0.2272,0.0,0.0,2.0,14.84,0,static
test_q4_2024,2024-11-21,841,LOJA 841,48813,ARLIVRY XAROPE MEL 100ML,35610,0,,1.0,3.0,27.51,18.49,7.49,1.0,0.0,0.2272,0.0,0.0,2.0,14.84,0,static
test_q4_2024,2024-11-22,841,LOJA 841,48813,ARLIVRY XAROPE MEL 100ML,35610,0,,1.0,3.0,27.51,18.49,7.49,1.0,0.0,0.2272,0.0,0.0,2.0,14.84,0,static
test_q4_2024,2024-11-23,841,LOJA 841,48813,ARLIVRY XAROPE MEL 100ML,35610,0,,1.0,3.0,27.51,18.49,7.49,1.0,0.0,0.2272,0.0,0.0,2.0,14.84,0,static
test_q4_2024,2024-11-24,841,LOJA 841,48813,ARLIVRY XAROPE MEL 100ML,35610,0,,1.0,3.0,27.51,18.49,7.49,1.0,0.0,0.2272,0.0,0.0,,,0,static
test_q4_2024,2024-11-25,841,LOJA 841,48813,ARLIVRY XAROPE MEL 100ML,35610,0,,1.0,3.0,27.51,18.49,7.49,1.0,0.0,0.2272,0.0,0.0,2.0,14.84,0,static
test_q4_2024,2024-11-26,841,LOJA 841,48813,ARLIVRY XAROPE MEL 100ML,35610,0,,1.0,3.0,27.51,18.49,7.49,1.0,0.0,0.2272,0.0,0.0,2.0,14.84,0,static
test_q4_2024,2024-11-27,841,LOJA 841,48813,ARLIVRY XAROPE MEL 100ML,35610,0,,1.0,3.0,27.51,18.49,7.49,1.0,0.0,0.2272,0.0,0.0,2.0,14.84,0,static
test_q4_2024,2024-11-28,841,LOJA 841,48813,ARLIVRY XAROPE MEL 100ML,35610,0,,1.0,3.0,27.51,18.49,7.49,1.0,0.0,0.2272,0.0,0.0,2.0,14.84,0,static
test_q4_2024,2024-11-29,841,LOJA 841,48813,ARLIVRY XAROPE MEL 100ML,35610,0,,1.0,3.0,27.51,18.49,7.49,1.0,0.0,0.2272,0.0,0.0,2.0,14.84,0,static
test_q4_2024,2024-11-30,841,LOJA 841,48813,ARLIVRY XAROPE MEL 100ML,35610,0,,1.0,3.0,27.51,18.49,7.49,1.0,0.0,0.2272,0.0,0.0,2.0,14.84,0,static
test_q4_2024,2024-12-01,841,LOJA 841,48813,ARLIVRY XAROPE MEL 100ML,35610,0,,1.0,3.0,27.51,18.49,7.49,1.0,0.0,0.2272,0.0,0.0,,,0,static
test_q4_2024,2024-12-02,841,LOJA 841,48813,ARLIVRY XAROPE MEL 100ML,35610,0,,1.0,3.0,27.51,18.49,7.49,1.0,0.0,0.2272,1.0,1.0,2.0,14.84,0,static
test_q4_2024,2024-12-03,841,LOJA 841,48813,ARLIVRY XAROPE MEL 100ML,35610,0,,1.0,3.0,27.51,18.49,7.49,1.0,0.0,0.2272,0.0,0.0,1.0,7.42,0,static
test_q4_2024,2024-12-04,841,LOJA 841,48813,ARLIVRY XAROPE MEL 100ML,35610,0,,1.0,3.0,27.51,18.49,7.49,1.0,0.0,0.2272,0.0,0.0,1.0,7.42,0,static
test_q4_2024,2024-12-05,841,LOJA 841,48813,ARLIVRY XAROPE MEL 100ML,35610,0,,1.0,3.0,27.51,18.49,7.49,1.0,0.0,0.2272,0.0,0.0,1.0,7.42,0,static
test_q4_2024,2024-12-06,841,LOJA 841,48813,ARLIVRY XAROPE MEL 100ML,35610,0,,1.0,3.0,27.51,18.49,7.49,1.0,0.0,0.2272,0.0,0.0,1.0,7.42,0,static
test_q4_2024,2024-12-07,841,LOJA 841,48813,ARLIVRY XAROPE MEL 100ML,35610,0,,1.0,3.0,27.51,18.49,7.49,1.0,0.0,0.2272,0.0,0.0,2.0,14.92,0,static
test_q4_2024,2024-12-08,841,LOJA 841,48813,ARLIVRY XAROPE MEL 100ML,35610,0,,1.0,3.0,27.51,18.49,7.49,1.0,0.0,0.2272,0.0,0.0,,,0,static
test_q4_2024,2024-12-09,841,LOJA 841,48813,ARLIVRY XAROPE MEL 100ML,35610,0,,1.0,3.0,27.51,18.49,7.49,1.0,0.0,0.2272,0.0,0.0,2.0,14.92,0,static
test_q4_2024,2024-12-10,841,LOJA 841,48813,ARLIVRY XAROPE MEL 100ML,35610,0,,1.0,3.0,27.51,18.49,7.49,1.0,0.0,0.2272,0.0,0.0,2.0,14.92,0,static
test_q4_2024,2024-12-11,841,LOJA 841,48813,ARLIVRY XAROPE MEL 100ML,35610,0,,1.0,3.0,27.51,18.49,7.49,1.0,0.0,0.2272,0.0,0.0,2.0,14.92,0,static
test_q4_2024,2024-12-12,841,LOJA 841,48813,ARLIVRY XAROPE MEL 100ML,35610,0,,1.0,3.0,27.51,18.49,7.49,1.0,0.0,0.2272,0.0,0.0,2.0,14.92,0,static
test_q4_2024,2024-12-13,841,LOJA 841,48813,ARLIVRY XAROPE MEL 100ML,35610,0,,1.0,3.0,27.51,18.49,7.49,1.0,0.0,0.2272,0.0,0.0,2.0,14.92,0,static
test_q4_2024,2024-12-14,841,LOJA 841,48813,ARLIVRY XAROPE MEL 100ML,35610,0,,1.0,3.0,27.51,18.49,7.49,1.0,0.0,0.2272,0.0,0.0,2.0,14.92,0,static
test_q4_2024,2024-12-15,841,LOJA 841,48813,ARLIVRY XAROPE MEL 100ML,35610,0,,1.0,3.0,27.51,18.49,7.49,1.0,0.0,0.2272,0.0,0.0,,,0,static
test_q4_2024,2024-12-16,841,LOJA 841,48813,ARLIVRY XAROPE MEL 100ML,35610,0,,1.0,3.0,27.51,18.49,7.49,1.0,0.0,0.2272,0.0,0.0,2.0,14.92,0,static
test_q4_2024,2024-12-17,841,LOJA 841,48813,ARLIVRY XAROPE MEL 100ML,35610,0,,1.0,3.0,27.51,18.49,7.49,1.0,0.0,0.2272,0.0,0.0,2.0,14.92,0,static
test_q4_2024,2024-12-18,841,LOJA 841,48813,ARLIVRY XAROPE MEL 100ML,35610,0,,1.0,3.0,27.51,18.49,7.49,1.0,0.0,0.2272,0.0,0.0,2.0,14.92,0,static
test_q4_2024,2024-12-19,841,LOJA 841,48813,ARLIVRY XAROPE MEL 100ML,35610,0,,1.0,3.0,27.51,18.49,7.49,1.0,0.0,0.2272,0.0,0.0,2.0,14.92,0,static
test_q4_2024,2024-12-20,841,LOJA 841,48813,ARLIVRY XAROPE MEL 100ML,35610,0,,1.0,3.0,27.51,18.49,7.49,1.0,0.0,0.2272,0.0,0.0,2.0,14.92,0,static
test_q4_2024,2024-12-21,841,LOJA 841,48813,ARLIVRY XAROPE MEL 100ML,35610,0,,1.0,3.0,27.51,18.49,7.49,1.0,0.0,0.2272,0.0,0.0,2.0,14.92,0,static
test_q4_2024,2024-12-22,841,LOJA 841,48813,ARLIVRY XAROPE MEL 100ML,35610,0,,1.0,3.0,27.51,18.49,7.49,1.0,0.0,0.2272,0.0,0.0,,,0,static
test_q4_2024,2024-12-23,841,LOJA 841,48813,ARLIVRY XAROPE MEL 100ML,35610,0,,1.0,3.0,27.51,18.49,7.49,1.0,0.0,0.2272,0.0,0.0,2.0,14.92,0,static
test_q4_2024,2024-12-24,841,LOJA 841,48813,ARLIVRY XAROPE MEL 100ML,35610,0,,1.0,3.0,27.51,18.49,7.49,1.0,0.0,0.2272,0.0,0.0,2.0,14.92,0,static
test_q4_2024,2024-12-25,841,LOJA 841,48813,ARLIVRY XAROPE MEL 100ML,35610,0,,1.0,3.0,27.51,18.49,7.49,1.0,0.0,0.2272,0.0,0.0,2.0,14.92,0,static
test_q4_2024,2024-12-26,841,LOJA 841,48813,ARLIVRY XAROPE MEL 100ML,35610,0,,1.0,3.0,27.51,18.49,7.49,1.0,0.0,0.2272,0.0,0.0,2.0,14.92,0,static
test_q4_2024,2024-12-27,841,LOJA 841,48813,ARLIVRY XAROPE MEL 100ML,35610,0,,1.0,3.0,27.51,18.49,7.49,1.0,0.0,0.2272,0.0,0.0,2.0,14.92,0,static
test_q4_2024,2024-12-28,841,LOJA 841,48813,ARLIVRY XAROPE MEL 100ML,35610,0,,1.0,3.0,27.51,18.49,7.49,1.0,0.0,0.2272,0.0,0.0,2.0,14.92,0,static
test_q4_2024,2024-12-29,841,LOJA 841,48813,ARLIVRY XAROPE MEL 100ML,35610,0,,1.0,3.0,27.51,18.49,7.49,1.0,0.0,0.2272,0.0,0.0,,,0,static
test_q4_2024,2024-12-30,841,LOJA 841,48813,ARLIVRY XAROPE MEL 100ML,35610,0,,1.0,3.0,27.51,18.49,7.49,1.0,0.0,0.2272,0.0,0.0,2.0,14.92,0,static
test_q4_2024,2024-12-31,841,LOJA 841,48813,ARLIVRY XAROPE MEL 100ML,35610,0,,1.0,3.0,27.51,18.49,7.49,1.0,0.0,0.2272,0.0,0.0,2.0,14.92,0,static
test_q4_2024,2024-10-01,841,LOJA 841,51957,HEDERA CIMED 7MG 100ML,51356,0,,1.0,3.0,36.64,48.79,7.71,1.0,0.0,0.0,0.0,0.0,1.0,7.71,0,static
test_q4_2024,2024-10-02,841,LOJA 841,51957,HEDERA CIMED 7MG 100ML,51356,0,,1.0,3.0,36.64,48.79,7.71,1.0,0.0,0.0,0.0,0.0,1.0,7.71,0,static
test_q4_2024,2024-10-03,841,LOJA 841,51957,HEDERA CIMED 7MG 100ML,51356,0,,1.0,3.0,36.64,48.79,7.71,1.0,0.0,0.0,0.0,0.0,1.0,7.71,0,static
test_q4_2024,2024-10-04,841,LOJA 841,51957,HEDERA CIMED 7MG 100ML,51356,0,,1.0,3.0,36.64,48.79,7.71,1.0,0.0,0.0,0.0,0.0,1.0,7.71,0,static
test_q4_2024,2024-10-05,841,LOJA 841,51957,HEDERA CIMED 7MG 100ML,51356,0,,1.0,3.0,36.64,48.79,7.71,1.0,0.0,0.0,0.0,0.0,1.0,7.71,0,static
test_q4_2024,2024-10-06,841,LOJA 841,51957,HEDERA CIMED 7MG 100ML,51356,0,,1.0,3.0,36.64,48.79,7.71,1.0,0.0,0.0,0.0,0.0,,,0,static
test_q4_2024,2024-10-07,841,LOJA 841,51957,HEDERA CIMED 7MG 100ML,51356,0,,1.0,3.0,36.64,48.79,7.71,1.0,0.0,0.0,0.0,0.0,1.0,7.71,0,static
test_q4_2024,2024-10-08,841,LOJA 841,51957,HEDERA CIMED 7MG 100ML,51356,0,,1.0,3.0,36.64,48.79,7.71,1.0,0.0,0.0,0.0,0.0,1.0,7.71,0,static
test_q4_2024,2024-10-09,841,LOJA 841,51957,HEDERA CIMED 7MG 100ML,51356,0,,1.0,3.0,36.64,48.79,7.71,1.0,0.0,0.0,0.0,0.0,1.0,7.71,0,static
test_q4_2024,2024-10-10,841,LOJA 841,51957,HEDERA CIMED 7MG 100ML,51356,0,,1.0,3.0,36.64,48.79,7.71,1.0,0.0,0.0,0.0,0.0,1.0,7.71,0,static
test_q4_2024,2024-10-11,841,LOJA 841,51957,HEDERA CIMED 7MG 100ML,51356,0,,1.0,3.0,36.64,48.79,7.71,1.0,0.0,0.0,0.0,0.0,1.0,7.71,0,static
test_q4_2024,2024-10-12,841,LOJA 841,51957,HEDERA CIMED 7MG 100ML,51356,0,,1.0,3.0,36.64,48.79,7.71,1.0,0.0,0.0,0.0,0.0,1.0,7.71,0,static
test_q4_2024,2024-10-13,841,LOJA 841,51957,HEDERA CIMED 7MG 100ML,51356,0,,1.0,3.0,36.64,48.79,7.71,1.0,0.0,0.0,0.0,0.0,,,0,static
test_q4_2024,2024-10-14,841,LOJA 841,51957,HEDERA CIMED 7MG 100ML,51356,0,,1.0,3.0,36.64,48.79,7.71,1.0,0.0,0.0,0.0,0.0,1.0,7.71,0,static
test_q4_2024,2024-10-15,841,LOJA 841,51957,HEDERA CIMED 7MG 100ML,51356,0,,1.0,3.0,36.64,48.79,7.71,1.0,0.0,0.0,0.0,0.0,1.0,7.71,0,static
test_q4_2024,2024-10-16,841,LOJA 841,51957,HEDERA CIMED 7MG 100ML,51356,0,,1.0,3.0,36.64,48.79,7.71,1.0,0.0,0.0,0.0,0.0,1.0,7.71,0,static
test_q4_2024,2024-10-17,841,LOJA 841,51957,HEDERA CIMED 7MG 100ML,51356,0,,1.0,3.0,36.64,48.79,7.71,1.0,0.0,0.0,0.0,0.0,1.0,7.71,0,static
test_q4_2024,2024-10-18,841,LOJA 841,51957,HEDERA CIMED 7MG 100ML,51356,0,,1.0,3.0,36.64,48.79,7.71,1.0,0.0,0.0,0.0,0.0,1.0,7.71,0,static
test_q4_2024,2024-10-19,841,LOJA 841,51957,HEDERA CIMED 7MG 100ML,51356,0,,1.0,3.0,36.64,48.79,7.71,1.0,0.0,0.0,0.0,0.0,1.0,7.71,0,static
test_q4_2024,2024-10-20,841,LOJA 841,51957,HEDERA CIMED 7MG 100ML,51356,0,,1.0,3.0,36.64,48.79,7.71,1.0,0.0,0.0,0.0,0.0,,,0,static
test_q4_2024,2024-10-21,841,LOJA 841,51957,HEDERA CIMED 7MG 100ML,51356,0,,1.0,3.0,36.64,48.79,7.71,1.0,0.0,0.0,0.0,0.0,1.0,7.71,0,static
test_q4_2024,2024-10-22,841,LOJA 841,51957,HEDERA CIMED 7MG 100ML,51356,0,,1.0,3.0,36.64,48.79,7.71,1.0,0.0,0.0,0.0,0.0,1.0,7.71,0,static
test_q4_2024,2024-10-23,841,LOJA 841,51957,HEDERA CIMED 7MG 100ML,51356,0,,1.0,3.0,36.64,48.79,7.71,1.0,0.0,0.0,0.0,0.0,1.0,7.71,0,static
test_q4_2024,2024-10-24,841,LOJA 841,51957,HEDERA CIMED 7MG 100ML,51356,0,,1.0,3.0,36.64,48.79,7.71,1.0,0.0,0.0,0.0,0.0,1.0,7.71,0,static
test_q4_2024,2024-10-25,841,LOJA 841,51957,HEDERA CIMED 7MG 100ML,51356,0,,1.0,3.0,36.64,48.79,7.71,1.0,0.0,0.0,0.0,0.0,1.0,7.71,0,static
test_q4_2024,2024-10-26,841,LOJA 841,51957,HEDERA CIMED 7MG 100ML,51356,0,,1.0,3.0,36.64,48.79,7.71,1.0,0.0,0.0,0.0,0.0,1.0,7.71,0,static
test_q4_2024,2024-10-27,841,LOJA 841,51957,HEDERA CIMED 7MG 100ML,51356,0,,1.0,3.0,36.64,48.79,7.71,1.0,0.0,0.0,0.0,0.0,,,0,static
test_q4_2024,2024-10-28,841,LOJA 841,51957,HEDERA CIMED 7MG 100ML,51356,0,,1.0,3.0,36.64,48.79,7.71,1.0,0.0,0.0,0.0,0.0,1.0,7.71,0,static
test_q4_2024,2024-10-29,841,LOJA 841,51957,HEDERA CIMED 7MG 100ML,51356,0,,1.0,3.0,36.64,48.79,7.71,1.0,0.0,0.0,0.0,0.0,1.0,7.71,0,static
test_q4_2024,2024-10-30,841,LOJA 841,51957,HEDERA CIMED 7MG 100ML,51356,0,,1.0,3.0,36.64,48.79,7.71,1.0,0.0,0.0,0.0,0.0,1.0,7.71,0,static
test_q4_2024,2024-10-31,841,LOJA 841,51957,HEDERA CIMED 7MG 100ML,51356,0,,1.0,3.0,36.64,48.79,7.71,1.0,0.0,0.0,0.0,0.0,1.0,7.71,0,static
test_q4_2024,2024-11-01,841,LOJA 841,51957,HEDERA CIMED 7MG 100ML,51356,0,,1.0,3.0,36.64,48.79,7.71,1.0,0.0,0.0,0.0,0.0,1.0,7.71,0,static
test_q4_2024,2024-11-02,841,LOJA 841,51957,HEDERA CIMED 7MG 100ML,51356,0,,1.0,3.0,36.64,48.79,7.71,1.0,0.0,0.0,0.0,0.0,1.0,7.71,0,static
test_q4_2024,2024-11-03,841,LOJA 841,51957,HEDERA CIMED 7MG 100ML,51356,0,,1.0,3.0,36.64,48.79,7.71,1.0,0.0,0.0,0.0,0.0,,,0,static
test_q4_2024,2024-11-04,841,LOJA 841,51957,HEDERA CIMED 7MG 100ML,51356,0,,1.0,3.0,36.64,48.79,7.71,1.0,0.0,0.0,0.0,0.0,1.0,7.71,0,static
test_q4_2024,2024-11-05,841,LOJA 841,51957,HEDERA CIMED 7MG 100ML,51356,0,,1.0,3.0,36.64,48.79,7.71,1.0,0.0,0.0,0.0,0.0,1.0,7.71,0,static
test_q4_2024,2024-11-06,841,LOJA 841,51957,HEDERA CIMED 7MG 100ML,51356,0,,1.0,3.0,36.64,48.79,7.71,1.0,0.0,0.0,0.0,0.0,1.0,7.71,0,static
test_q4_2024,2024-11-07,841,LOJA 841,51957,HEDERA CIMED 7MG 100ML,51356,0,,1.0,3.0,36.64,48.79,7.71,1.0,0.0,0.0,0.0,0.0,1.0,7.71,0,static
test_q4_2024,2024-11-08,841,LOJA 841,51957,HEDERA CIMED 7MG 100ML,51356,0,,1.0,3.0,36.64,48.79,7.71,1.0,0.0,0.0,0.0,0.0,1.0,7.71,0,static
test_q4_2024,2024-11-09,841,LOJA 841,51957,HEDERA CIMED 7MG 100ML,51356,0,,1.0,3.0,36.64,48.79,7.71,1.0,0.0,0.0,0.0,0.0,1.0,7.71,0,static
test_q4_2024,2024-11-10,841,LOJA 841,51957,HEDERA CIMED 7MG 100ML,51356,0,,1.0,3.0,36.64,48.79,7.71,1.0,0.0,0.0,0.0,0.0,,,0,static
test_q4_2024,2024-11-11,841,LOJA 841,51957,HEDERA CIMED 7MG 100ML,51356,0,,1.0,3.0,36.64,48.79,7.71,1.0,0.0,0.0,0.0,0.0,1.0,7.71,0,static
test_q4_2024,2024-11-12,841,LOJA 841,51957,HEDERA CIMED 7MG 100ML,51356,0,,1.0,3.0,36.64,48.79,7.71,1.0,0.0,0.0,0.0,0.0,1.0,7.71,0,static
test_q4_2024,2024-11-13,841,LOJA 841,51957,HEDERA CIMED 7MG 100ML,51356,0,,1.0,3.0,36.64,48.79,7.71,1.0,0.0,0.0,0.0,0.0,1.0,7.71,0,static
test_q4_2024,2024-11-14,841,LOJA 841,51957,HEDERA CIMED 7MG 100ML,51356,0,,1.0,3.0,36.64,48.79,7.71,1.0,0.0,0.0,0.0,0.0,1.0,7.71,0,static
test_q4_2024,2024-11-15,841,LOJA 841,51957,HEDERA CIMED 7MG 100ML,51356,0,,1.0,3.0,36.64,48.79,7.71,1.0,0.0,0.0,0.0,0.0,1.0,7.71,0,static
test_q4_2024,2024-11-16,841,LOJA 841,51957,HEDERA CIMED 7MG 100ML,51356,0,,1.0,3.0,36.64,48.79,7.71,1.0,0.0,0.0,0.0,0.0,1.0,7.71,0,static
test_q4_2024,2024-11-17,841,LOJA 841,51957,HEDERA CIMED 7MG 100ML,51356,0,,1.0,3.0,36.64,48.79,7.71,1.0,0.0,0.0,0.0,0.0,,,0,static
test_q4_2024,2024-11-18,841,LOJA 841,51957,HEDERA CIMED 7MG 100ML,51356,0,,1.0,3.0,36.64,48.79,7.71,1.0,0.0,0.0,0.0,0.0,1.0,7.71,0,static
test_q4_2024,2024-11-19,841,LOJA 841,51957,HEDERA CIMED 7MG 100ML,51356,0,,1.0,3.0,36.64,48.79,7.71,1.0,0.0,0.0,0.0,0.0,1.0,7.71,0,static
test_q4_2024,2024-11-20,841,LOJA 841,51957,HEDERA CIMED 7MG 100ML,51356,0,,1.0,3.0,36.64,48.79,7.71,1.0,0.0,0.0,0.0,0.0,1.0,7.71,0,static
test_q4_2024,2024-11-21,841,LOJA 841,51957,HEDERA CIMED 7MG 100ML,51356,0,,1.0,3.0,36.64,48.79,7.71,1.0,0.0,0.0,0.0,0.0,1.0,7.71,0,static
test_q4_2024,2024-11-22,841,LOJA 841,51957,HEDERA CIMED 7MG 100ML,51356,0,,1.0,3.0,36.64,48.79,7.71,1.0,0.0,0.0,0.0,0.0,1.0,7.71,0,static
test_q4_2024,2024-11-23,841,LOJA 841,51957,HEDERA CIMED 7MG 100ML,51356,0,,1.0,3.0,36.64,48.79,7.71,1.0,0.0,0.0,0.0,0.0,1.0,7.71,0,static
test_q4_2024,2024-11-24,841,LOJA 841,51957,HEDERA CIMED 7MG 100ML,51356,0,,1.0,3.0,36.64,48.79,7.71,1.0,0.0,0.0,0.0,0.0,,,0,static
test_q4_2024,2024-11-25,841,LOJA 841,51957,HEDERA CIMED 7MG 100ML,51356,0,,1.0,3.0,36.64,48.79,7.71,1.0,0.0,0.0,0.0,0.0,1.0,7.71,0,static
test_q4_2024,2024-11-26,841,LOJA 841,51957,HEDERA CIMED 7MG 100ML,51356,0,,1.0,3.0,36.64,48.79,7.71,1.0,0.0,0.0,0.0,0.0,1.0,7.71,0,static
test_q4_2024,2024-11-27,841,LOJA 841,51957,HEDERA CIMED 7MG 100ML,51356,0,,1.0,3.0,36.64,48.79,7.71,1.0,0.0,0.0,0.0,0.0,1.0,7.71,0,static
test_q4_2024,2024-11-28,841,LOJA 841,51957,HEDERA CIMED 7MG 100ML,51356,0,,1.0,3.0,36.64,48.79,7.71,1.0,0.0,0.0,0.0,0.0,1.0,7.71,0,static
test_q4_2024,2024-11-29,841,LOJA 841,51957,HEDERA CIMED 7MG 100ML,51356,0,,1.0,3.0,36.64,48.79,7.71,1.0,0.0,0.0,0.0,0.0,1.0,7.71,0,static
test_q4_2024,2024-11-30,841,LOJA 841,51957,HEDERA CIMED 7MG 100ML,51356,0,,1.0,3.0,36.64,48.79,7.71,1.0,0.0,0.0,0.0,0.0,1.0,7.71,0,static
test_q4_2024,2024-12-01,841,LOJA 841,51957,HEDERA CIMED 7MG 100ML,51356,0,,1.0,3.0,36.64,48.79,7.71,1.0,0.0,0.0,0.0,0.0,,,0,static
test_q4_2024,2024-12-02,841,LOJA 841,51957,HEDERA CIMED 7MG 100ML,51356,0,,1.0,3.0,36.64,48.79,7.71,1.0,0.0,0.0,0.0,0.0,1.0,7.71,0,static
test_q4_2024,2024-12-03,841,LOJA 841,51957,HEDERA CIMED 7MG 100ML,51356,0,,1.0,3.0,36.64,48.79,7.71,1.0,0.0,0.0,0.0,0.0,1.0,7.71,0,static
test_q4_2024,2024-12-04,841,LOJA 841,51957,HEDERA CIMED 7MG 100ML,51356,0,,1.0,3.0,36.64,48.79,7.71,1.0,0.0,0.0,0.0,0.0,1.0,7.71,0,static
test_q4_2024,2024-12-05,841,LOJA 841,51957,HEDERA CIMED 7MG 100ML,51356,0,,1.0,3.0,36.64,48.79,7.71,1.0,0.0,0.0,0.0,0.0,1.0,7.71,0,static
test_q4_2024,2024-12-06,841,LOJA 841,51957,HEDERA CIMED 7MG 100ML,51356,0,,1.0,3.0,36.64,48.79,7.71,1.0,0.0,0.0,0.0,0.0,1.0,7.71,0,static
test_q4_2024,2024-12-07,841,LOJA 841,51957,HEDERA CIMED 7MG 100ML,51356,0,,1.0,3.0,36.64,48.79,7.71,1.0,0.0,0.0,0.0,0.0,1.0,7.71,0,static
test_q4_2024,2024-12-08,841,LOJA 841,51957,HEDERA CIMED 7MG 100ML,51356,0,,1.0,3.0,36.64,48.79,7.71,1.0,0.0,0.0,0.0,0.0,,,0,static
test_q4_2024,2024-12-09,841,LOJA 841,51957,HEDERA CIMED 7MG 100ML,51356,0,,1.0,3.0,36.64,48.79,7.71,1.0,0.0,0.0,0.0,0.0,1.0,7.71,0,static
test_q4_2024,2024-12-10,841,LOJA 841,51957,HEDERA CIMED 7MG 100ML,51356,0,,1.0,3.0,36.64,48.79,7.71,1.0,0.0,0.0,0.0,0.0,1.0,7.71,0,static
test_q4_2024,2024-12-11,841,LOJA 841,51957,HEDERA CIMED 7MG 100ML,51356,0,,1.0,3.0,36.64,48.79,7.71,1.0,0.0,0.0,0.0,0.0,1.0,7.71,0,static
test_q4_2024,2024-12-12,841,LOJA 841,51957,HEDERA CIMED 7MG 100ML,51356,0,,1.0,3.0,36.64,48.79,7.71,1.0,0.0,0.0,0.0,0.0,1.0,7.71,0,static
test_q4_2024,2024-12-13,841,LOJA 841,51957,HEDERA CIMED 7MG 100ML,51356,0,,1.0,3.0,36.64,48.79,7.71,1.0,0.0,0.0,0.0,0.0,1.0,7.71,0,static
test_q4_2024,2024-12-14,841,LOJA 841,51957,HEDERA CIMED 7MG 100ML,51356,0,,1.0,3.0,36.64,48.79,7.71,1.0,0.0,0.0,0.0,0.0,1.0,7.71,0,static
test_q4_2024,2024-12-15,841,LOJA 841,51957,HEDERA CIMED 7MG 100ML,51356,0,,1.0,3.0,36.64,48.79,7.71,1.0,0.0,0.0,0.0,0.0,,,0,static
test_q4_2024,2024-12-16,841,LOJA 841,51957,HEDERA CIMED 7MG 100ML,51356,0,,1.0,3.0,36.64,48.79,7.71,1.0,0.0,0.0,0.0,0.0,1.0,7.71,0,static
test_q4_2024,2024-12-17,841,LOJA 841,51957,HEDERA CIMED 7MG 100ML,51356,0,,1.0,3.0,36.64,48.79,7.71,1.0,0.0,0.0,0.0,0.0,1.0,7.71,0,static
test_q4_2024,2024-12-18,841,LOJA 841,51957,HEDERA CIMED 7MG 100ML,51356,0,,1.0,3.0,36.64,48.79,7.71,1.0,0.0,0.0,0.0,0.0,1.0,7.71,0,static
test_q4_2024,2024-12-19,841,LOJA 841,51957,HEDERA CIMED 7MG 100ML,51356,0,,1.0,3.0,36.64,48.79,7.71,1.0,0.0,0.0,0.0,0.0,1.0,7.71,0,static
test_q4_2024,2024-12-20,841,LOJA 841,51957,HEDERA CIMED 7MG 100ML,51356,0,,1.0,3.0,36.64,48.79,7.71,1.0,0.0,0.0,0.0,0.0,1.0,7.71,0,static
test_q4_2024,2024-12-21,841,LOJA 841,51957,HEDERA CIMED 7MG 100ML,51356,0,,1.0,3.0,36.64,48.79,7.71,1.0,0.0,0.0,0.0,0.0,1.0,7.71,0,static
test_q4_2024,2024-12-22,841,LOJA 841,51957,HEDERA CIMED 7MG 100ML,51356,0,,1.0,3.0,36.64,48.79,7.71,1.0,0.0,0.0,0.0,0.0,,,0,static
test_q4_2024,2024-12-23,841,LOJA 841,51957,HEDERA CIMED 7MG 100ML,51356,0,,1.0,3.0,36.64,48.79,7.71,1.0,0.0,0.0,0.0,0.0,1.0,7.71,0,static
test_q4_2024,2024-12-24,841,LOJA 841,51957,HEDERA CIMED 7MG 100ML,51356,0,,1.0,3.0,36.64,48.79,7.71,1.0,0.0,0.0,0.0,0.0,1.0,7.71,0,static
test_q4_2024,2024-12-25,841,LOJA 841,51957,HEDERA CIMED 7MG 100ML,51356,0,,1.0,3.0,36.64,48.79,7.71,1.0,0.0,0.0,0.0,0.0,1.0,7.71,0,static
test_q4_2024,2024-12-26,841,LOJA 841,51957,HEDERA CIMED 7MG 100ML,51356,0,,1.0,3.0,36.64,48.79,7.71,1.0,0.0,0.0,0.0,0.0,1.0,7.71,0,static
test_q4_2024,2024-12-27,841,LOJA 841,51957,HEDERA CIMED 7MG 100ML,51356,0,,1.0,3.0,36.64,48.79,7.71,1.0,0.0,0.0,0.0,0.0,1.0,7.71,0,static
test_q4_2024,2024-12-28,841,LOJA 841,51957,HEDERA CIMED 7MG 100ML,51356,0,,1.0,3.0,36.64,48.79,7.71,1.0,0.0,0.0,0.0,0.0,1.0,7.71,0,static
test_q4_2024,2024-12-29,841,LOJA 841,51957,HEDERA CIMED 7MG 100ML,51356,0,,1.0,3.0,36.64,48.79,7.71,1.0,0.0,0.0,0.0,0.0,,,0,static
test_q4_2024,2024-12-30,841,LOJA 841,51957,HEDERA CIMED 7MG 100ML,51356,0,,1.0,3.0,36.64,48.79,7.71,1.0,0.0,0.0,0.0,0.0,1.0,7.71,0,static
test_q4_2024,2024-12-31,841,LOJA 841,51957,HEDERA CIMED 7MG 100ML,51356,0,,1.0,3.0,36.64,48.79,7.71,1.0,0.0,0.0,0.0,0.0,1.0,7.71,0,static
test_q4_2024,2024-10-01,841,LOJA 841,5345,NARIDRIN ADULTO 15ML,173,0,,1.0,3.0,18.19,15.1,5.56,1.0,0.0865,0.1873,0.0,0.0,4.0,22.44,0,static
test_q4_2024,2024-10-02,841,LOJA 841,5345,NARIDRIN ADULTO 15ML,173,0,,1.0,3.0,18.19,15.1,5.56,1.0,0.0427,0.1873,0.0,0.0,6.0,33.72,0,static
test_q4_2024,2024-10-03,841,LOJA 841,5345,NARIDRIN ADULTO 15ML,173,0,,1.0,3.0,18.19,15.1,5.56,1.0,0.0427,0.1873,0.0,0.0,6.0,33.72,0,static
test_q4_2024,2024-10-04,841,LOJA 841,5345,NARIDRIN ADULTO 15ML,173,0,,1.0,3.0,18.19,15.1,5.56,1.0,0.0427,0.1873,0.0,0.0,6.0,33.72,0,static
test_q4_2024,2024-10-05,841,LOJA 841,5345,NARIDRIN ADULTO 15ML,173,0,,1.0,3.0,18.19,15.1,5.56,1.0,0.0427,0.1873,0.0,0.0,6.0,33.72,0,static
test_q4_2024,2024-10-06,841,LOJA 841,5345,NARIDRIN ADULTO 15ML,173,0,,1.0,3.0,18.19,15.1,5.56,1.0,0.0998,0.1873,0.0,0.0,,,0,static
test_q4_2024,2024-10-07,841,LOJA 841,5345,NARIDRIN ADULTO 15ML,173,0,,1.0,3.0,18.19,15.1,5.56,1.0,0.0561,0.1873,0.0,0.0,6.0,33.72,0,static
test_q4_2024,2024-10-08,841,LOJA 841,5345,NARIDRIN ADULTO 15ML,173,0,,1.0,3.0,18.19,15.1,5.56,1.0,0.0998,0.1873,0.0,0.0,6.0,33.72,0,static
test_q4_2024,2024-10-09,841,LOJA 841,5345,NARIDRIN ADULTO 15ML,173,0,,1.0,3.0,18.19,15.1,5.56,1.0,0.0561,0.1873,0.0,0.0,6.0,33.72,0,static
test_q4_2024,2024-10-10,841,LOJA 841,5345,NARIDRIN ADULTO 15ML,173,0,,1.0,3.0,18.19,15.1,5.56,1.0,0.0561,0.1873,0.0,0.0,6.0,33.72,0,static
test_q4_2024,2024-10-11,841,LOJA 841,5345,NARIDRIN ADULTO 15ML,173,0,,1.0,3.0,18.19,15.1,5.56,1.0,0.0561,0.1873,0.0,0.0,6.0,33.72,0,static
test_q4_2024,2024-10-12,841,LOJA 841,5345,NARIDRIN ADULTO 15ML,173,0,,1.0,3.0,18.19,15.1,5.56,1.0,0.0561,0.1873,0.0,0.0,6.0,33.72,0,static
test_q4_2024,2024-10-13,841,LOJA 841,5345,NARIDRIN ADULTO 15ML,173,0,,1.0,3.0,18.19,15.1,5.56,1.0,0.0998,0.1873,1.0,1.0,,,0,static
test_q4_2024,2024-10-14,841,LOJA 841,5345,NARIDRIN ADULTO 15ML,173,0,,1.0,3.0,18.19,15.1,5.56,1.0,0.0561,0.1873,0.0,0.0,5.0,28.1,0,static
test_q4_2024,2024-10-15,841,LOJA 841,5345,NARIDRIN ADULTO 15ML,173,0,,1.0,3.0,18.19,15.1,5.56,1.0,0.0998,0.1873,0.0,0.0,5.0,28.1,0,static
test_q4_2024,2024-10-16,841,LOJA 841,5345,NARIDRIN ADULTO 15ML,173,0,,1.0,3.0,18.19,15.1,5.56,1.0,0.0561,0.1873,0.0,0.0,5.0,28.1,0,static
test_q4_2024,2024-10-17,841,LOJA 841,5345,NARIDRIN ADULTO 15ML,173,0,,1.0,3.0,18.19,15.1,5.56,1.0,0.0561,0.1873,0.0,0.0,5.0,28.1,0,static
test_q4_2024,2024-10-18,841,LOJA 841,5345,NARIDRIN ADULTO 15ML,173,0,,1.0,3.0,18.19,15.1,5.56,1.0,0.0561,0.1873,0.0,0.0,6.0,33.72,0,static
test_q4_2024,2024-10-19,841,LOJA 841,5345,NARIDRIN ADULTO 15ML,173,0,,1.0,3.0,18.19,15.1,5.56,1.0,0.0561,0.1873,0.0,0.0,6.0,33.72,0,static
test_q4_2024,2024-10-20,841,LOJA 841,5345,NARIDRIN ADULTO 15ML,173,0,,1.0,3.0,18.19,15.1,5.56,1.0,0.0998,0.1873,0.0,0.0,,,0,static
test_q4_2024,2024-10-21,841,LOJA 841,5345,NARIDRIN ADULTO 15ML,173,0,,1.0,3.0,18.19,15.1,5.56,1.0,0.0161,0.1873,1.0,1.0,6.0,33.72,0,static
test_q4_2024,2024-10-22,841,LOJA 841,5345,NARIDRIN ADULTO 15ML,173,0,,1.0,3.0,18.19,15.1,5.56,1.0,0.0598,0.1873,0.0,0.0,5.0,28.1,0,static
test_q4_2024,2024-10-23,841,LOJA 841,5345,NARIDRIN ADULTO 15ML,173,0,,1.0,3.0,18.19,15.1,5.56,1.0,0.0161,0.1873,0.0,0.0,5.0,28.1,0,static
test_q4_2024,2024-10-24,841,LOJA 841,5345,NARIDRIN ADULTO 15ML,173,0,,1.0,3.0,18.19,15.1,5.56,1.0,0.0161,0.1873,0.0,0.0,5.0,28.1,0,static
test_q4_2024,2024-10-25,841,LOJA 841,5345,NARIDRIN ADULTO 15ML,173,0,,1.0,3.0,18.19,15.1,5.56,1.0,0.0161,0.1873,1.0,1.0,5.0,28.1,0,static
test_q4_2024,2024-10-26,841,LOJA 841,5345,NARIDRIN ADULTO 15ML,173,0,,1.0,3.0,18.19,15.1,5.56,1.0,0.0294,0.1873,0.0,0.0,5.0,28.1,0,static
test_q4_2024,2024-10-27,841,LOJA 841,5345,NARIDRIN ADULTO 15ML,173,0,,1.0,3.0,18.19,15.1,5.56,1.0,0.0732,0.1873,0.0,0.0,,,0,static
test_q4_2024,2024-10-28,841,LOJA 841,5345,NARIDRIN ADULTO 15ML,173,0,,1.0,3.0,18.19,15.1,5.56,1.0,0.0294,0.1873,0.0,0.0,5.0,28.1,0,static
test_q4_2024,2024-10-29,841,LOJA 841,5345,NARIDRIN ADULTO 15ML,173,0,,1.0,3.0,18.19,15.1,5.56,1.0,0.0732,0.1873,0.0,0.0,5.0,28.1,0,static
test_q4_2024,2024-10-30,841,LOJA 841,5345,NARIDRIN ADULTO 15ML,173,0,,1.0,3.0,18.19,15.1,5.56,1.0,0.0294,0.1873,0.0,0.0,5.0,28.1,0,static
test_q4_2024,2024-10-31,841,LOJA 841,5345,NARIDRIN ADULTO 15ML,173,0,,1.0,3.0,18.19,15.1,5.56,1.0,0.0294,0.1873,0.0,0.0,6.0,33.72,0,static
test_q4_2024,2024-11-01,841,LOJA 841,5345,NARIDRIN ADULTO 15ML,173,0,,1.0,3.0,18.19,15.1,5.56,1.0,0.0294,0.1873,0.0,0.0,6.0,33.72,0,static
test_q4_2024,2024-11-02,841,LOJA 841,5345,NARIDRIN ADULTO 15ML,173,0,,1.0,3.0,18.19,15.1,5.56,1.0,0.0294,0.1873,0.0,0.0,6.0,33.72,0,static
test_q4_2024,2024-11-03,841,LOJA 841,5345,NARIDRIN ADULTO 15ML,173,0,,1.0,3.0,18.19,15.1,5.56,1.0,0.0732,0.1873,0.0,0.0,,,0,static
test_q4_2024,2024-11-04,841,LOJA 841,5345,NARIDRIN ADULTO 15ML,173,0,,1.0,3.0,18.19,15.1,5.56,1.0,0.0294,0.1873,0.0,0.0,6.0,33.72,0,static
test_q4_2024,2024-11-05,841,LOJA 841,5345,NARIDRIN ADULTO 15ML,173,0,,1.0,3.0,18.19,15.1,5.56,1.0,0.0732,0.1873,0.0,0.0,6.0,33.72,0,static
test_q4_2024,2024-11-06,841,LOJA 841,5345,NARIDRIN ADULTO 15ML,173,0,,1.0,3.0,18.19,15.1,5.56,1.0,0.0294,0.1873,0.0,0.0,6.0,33.72,0,static
test_q4_2024,2024-11-07,841,LOJA 841,5345,NARIDRIN ADULTO 15ML,173,0,,1.0,3.0,18.19,15.1,5.56,1.0,0.0294,0.1873,0.0,0.0,6.0,33.72,0,static
test_q4_2024,2024-11-08,841,LOJA 841,5345,NARIDRIN ADULTO 15ML,173,0,,1.0,3.0,18.19,15.1,5.56,1.0,0.0294,0.1873,0.0,0.0,6.0,33.72,0,static
test_q4_2024,2024-11-09,841,LOJA 841,5345,NARIDRIN ADULTO 15ML,173,0,,1.0,3.0,18.19,15.1,5.56,1.0,0.0294,0.1873,0.0,0.0,6.0,33.72,0,static
test_q4_2024,2024-11-10,841,LOJA 841,5345,NARIDRIN ADULTO 15ML,173,0,,1.0,3.0,18.19,15.1,5.56,1.0,0.0598,0.1873,0.0,0.0,,,0,static
test_q4_2024,2024-11-11,841,LOJA 841,5345,NARIDRIN ADULTO 15ML,173,0,,1.0,3.0,18.19,15.1,5.56,1.0,0.0161,0.1873,0.0,0.0,6.0,33.72,0,static
test_q4_2024,2024-11-12,841,LOJA 841,5345,NARIDRIN ADULTO 15ML,173,0,,1.0,3.0,18.19,15.1,5.56,1.0,0.0598,0.1873,0.0,0.0,6.0,33.72,0,static
test_q4_2024,2024-11-13,841,LOJA 841,5345,NARIDRIN ADULTO 15ML,173,0,,1.0,3.0,18.19,15.1,5.56,1.0,0.0161,0.1873,0.0,0.0,6.0,33.72,0,static
test_q4_2024,2024-11-14,841,LOJA 841,5345,NARIDRIN ADULTO 15ML,173,0,,1.0,3.0,18.19,15.1,5.56,1.0,0.0161,0.1873,0.0,0.0,6.0,33.72,0,static
test_q4_2024,2024-11-15,841,LOJA 841,5345,NARIDRIN ADULTO 15ML,173,0,,1.0,3.0,18.19,15.1,5.56,1.0,0.0161,0.1873,0.0,0.0,6.0,33.72,0,static
test_q4_2024,2024-11-16,841,LOJA 841,5345,NARIDRIN ADULTO 15ML,173,0,,1.0,3.0,18.19,15.1,5.56,1.0,0.0161,0.1873,0.0,0.0,6.0,33.72,0,static
test_q4_2024,2024-11-17,841,LOJA 841,5345,NARIDRIN ADULTO 15ML,173,0,,1.0,3.0,18.19,15.1,5.56,1.0,0.0598,0.1873,0.0,0.0,,,0,static
test_q4_2024,2024-11-18,841,LOJA 841,5345,NARIDRIN ADULTO 15ML,173,0,,1.0,3.0,18.19,15.1,5.56,1.0,0.0161,0.1873,0.0,0.0,6.0,33.72,0,static
test_q4_2024,2024-11-19,841,LOJA 841,5345,NARIDRIN ADULTO 15ML,173,0,,1.0,3.0,18.19,15.1,5.56,1.0,0.0598,0.1873,0.0,0.0,6.0,33.72,0,static
test_q4_2024,2024-11-20,841,LOJA 841,5345,NARIDRIN ADULTO 15ML,173,0,,1.0,3.0,18.19,15.1,5.56,1.0,0.0161,0.1873,0.0,0.0,6.0,33.72,0,static
test_q4_2024,2024-11-21,841,LOJA 841,5345,NARIDRIN ADULTO 15ML,173,0,,1.0,3.0,18.19,15.1,5.56,1.0,0.0161,0.1873,0.0,0.0,6.0,33.72,0,static
test_q4_2024,2024-11-22,841,LOJA 841,5345,NARIDRIN ADULTO 15ML,173,0,,1.0,3.0,18.19,15.1,5.56,1.0,0.0161,0.1873,0.0,0.0,6.0,33.72,0,static
test_q4_2024,2024-11-23,841,LOJA 841,5345,NARIDRIN ADULTO 15ML,173,0,,1.0,3.0,18.19,15.1,5.56,1.0,0.0294,0.1873,0.0,0.0,6.0,33.72,0,static
test_q4_2024,2024-11-24,841,LOJA 841,5345,NARIDRIN ADULTO 15ML,173,0,,1.0,3.0,18.19,15.1,5.56,1.0,0.0732,0.1873,1.0,1.0,,,0,static
test_q4_2024,2024-11-25,841,LOJA 841,5345,NARIDRIN ADULTO 15ML,173,0,,1.0,3.0,18.19,15.1,5.56,1.0,0.0294,0.1873,0.0,0.0,5.0,28.1,0,static
test_q4_2024,2024-11-26,841,LOJA 841,5345,NARIDRIN ADULTO 15ML,173,0,,1.0,3.0,18.19,15.1,5.56,1.0,0.0732,0.1873,0.0,0.0,5.0,28.1,0,static
test_q4_2024,2024-11-27,841,LOJA 841,5345,NARIDRIN ADULTO 15ML,173,0,,1.0,3.0,18.19,15.1,5.56,1.0,0.0294,0.1873,0.0,0.0,5.0,28.1,0,static
test_q4_2024,2024-11-28,841,LOJA 841,5345,NARIDRIN ADULTO 15ML,173,0,,1.0,3.0,18.19,15.1,5.56,1.0,0.0294,0.1873,0.0,0.0,6.0,33.72,0,static
test_q4_2024,2024-11-29,841,LOJA 841,5345,NARIDRIN ADULTO 15ML,173,0,,1.0,3.0,18.19,15.1,5.56,1.0,0.0294,0.1873,0.0,0.0,6.0,33.72,0,static
test_q4_2024,2024-11-30,841,LOJA 841,5345,NARIDRIN ADULTO 15ML,173,0,,1.0,3.0,18.19,15.1,5.56,1.0,0.0294,0.1873,0.0,0.0,6.0,33.72,0,static
test_q4_2024,2024-12-01,841,LOJA 841,5345,NARIDRIN ADULTO 15ML,173,0,,1.0,3.0,18.19,15.1,5.56,1.0,0.0732,0.1873,0.0,0.0,,,0,static
test_q4_2024,2024-12-02,841,LOJA 841,5345,NARIDRIN ADULTO 15ML,173,0,,1.0,3.0,18.19,15.1,5.56,1.0,0.0294,0.1873,0.0,0.0,6.0,33.72,0,static
test_q4_2024,2024-12-03,841,LOJA 841,5345,NARIDRIN ADULTO 15ML,173,0,,1.0,3.0,18.19,15.1,5.56,1.0,0.0732,0.1873,0.0,0.0,6.0,33.72,0,static
test_q4_2024,2024-12-04,841,LOJA 841,5345,NARIDRIN ADULTO 15ML,173,0,,1.0,3.0,18.19,15.1,5.56,1.0,0.0294,0.1873,0.0,0.0,6.0,33.72,0,static
test_q4_2024,2024-12-05,841,LOJA 841,5345,NARIDRIN ADULTO 15ML,173,0,,1.0,3.0,18.19,15.1,5.56,1.0,0.0294,0.1873,0.0,0.0,6.0,33.72,0,static
test_q4_2024,2024-12-06,841,LOJA 841,5345,NARIDRIN ADULTO 15ML,173,0,,1.0,3.0,18.19,15.1,5.56,1.0,0.0294,0.1873,0.0,0.0,6.0,33.72,0,static
test_q4_2024,2024-12-07,841,LOJA 841,5345,NARIDRIN ADULTO 15ML,173,0,,1.0,3.0,18.19,15.1,5.56,1.0,0.0294,0.1873,0.0,0.0,6.0,33.72,0,static
test_q4_2024,2024-12-08,841,LOJA 841,5345,NARIDRIN ADULTO 15ML,173,0,,1.0,3.0,18.19,15.1,5.56,1.0,0.0598,0.1873,0.0,0.0,,,0,static
test_q4_2024,2024-12-09,841,LOJA 841,5345,NARIDRIN ADULTO 15ML,173,0,,1.0,3.0,18.19,15.1,5.56,1.0,0.0161,0.1873,0.0,0.0,6.0,33.72,0,static
test_q4_2024,2024-12-10,841,LOJA 841,5345,NARIDRIN ADULTO 15ML,173,0,,1.0,3.0,18.19,15.1,5.56,1.0,0.0598,0.1873,0.0,0.0,6.0,33.72,0,static
test_q4_2024,2024-12-11,841,LOJA 841,5345,NARIDRIN ADULTO 15ML,173,0,,1.0,3.0,18.19,15.1,5.56,1.0,0.0161,0.1873,1.0,1.0,6.0,33.72,0,static
test_q4_2024,2024-12-12,841,LOJA 841,5345,NARIDRIN ADULTO 15ML,173,0,,1.0,3.0,18.19,15.1,5.56,1.0,0.0161,0.1873,0.0,0.0,5.0,28.1,0,static
test_q4_2024,2024-12-13,841,LOJA 841,5345,NARIDRIN ADULTO 15ML,173,0,,1.0,3.0,18.19,15.1,5.56,1.0,0.0161,0.1873,0.0,0.0,5.0,28.1,0,static
test_q4_2024,2024-12-14,841,LOJA 841,5345,NARIDRIN ADULTO 15ML,173,0,,1.0,3.0,18.19,15.1,5.56,1.0,0.0161,0.1873,0.0,0.0,5.0,28.1,0,static
test_q4_2024,2024-12-15,841,LOJA 841,5345,NARIDRIN ADULTO 15ML,173,0,,1.0,3.0,18.19,15.1,5.56,1.0,0.0598,0.1873,0.0,0.0,,,0,static
test_q4_2024,2024-12-16,841,LOJA 841,5345,NARIDRIN ADULTO 15ML,173,0,,1.0,3.0,18.19,15.1,5.56,1.0,0.0161,0.1873,0.0,0.0,5.0,28.1,0,static
test_q4_2024,2024-12-17,841,LOJA 841,5345,NARIDRIN ADULTO 15ML,173,0,,1.0,3.0,18.19,15.1,5.56,1.0,0.0598,0.1873,0.0,0.0,5.0,28.1,0,static
test_q4_2024,2024-12-18,841,LOJA 841,5345,NARIDRIN ADULTO 15ML,173,0,,1.0,3.0,18.19,15.1,5.56,1.0,0.0161,0.1873,0.0,0.0,5.0,28.1,0,static
test_q4_2024,2024-12-19,841,LOJA 841,5345,NARIDRIN ADULTO 15ML,173,0,,1.0,3.0,18.19,15.1,5.56,1.0,0.0161,0.1873,0.0,0.0,6.0,33.72,0,static
test_q4_2024,2024-12-20,841,LOJA 841,5345,NARIDRIN ADULTO 15ML,173,0,,1.0,3.0,18.19,15.1,5.56,1.0,0.0161,0.1873,1.0,1.0,6.0,33.72,0,static
test_q4_2024,2024-12-21,841,LOJA 841,5345,NARIDRIN ADULTO 15ML,173,0,,1.0,3.0,18.19,15.1,5.56,1.0,0.0161,0.1873,0.0,0.0,5.0,28.1,0,static
test_q4_2024,2024-12-22,841,LOJA 841,5345,NARIDRIN ADULTO 15ML,173,0,,1.0,3.0,18.19,15.1,5.56,1.0,0.0598,0.1873,0.0,0.0,,,0,static
test_q4_2024,2024-12-23,841,LOJA 841,5345,NARIDRIN ADULTO 15ML,173,0,,1.0,3.0,18.19,15.1,5.56,1.0,0.0161,0.1873,0.0,0.0,5.0,28.1,0,static
test_q4_2024,2024-12-24,841,LOJA 841,5345,NARIDRIN ADULTO 15ML,173,0,,1.0,3.0,18.19,15.1,5.56,1.0,0.0598,0.1873,0.0,0.0,5.0,28.1,0,static
test_q4_2024,2024-12-25,841,LOJA 841,5345,NARIDRIN ADULTO 15ML,173,0,,1.0,3.0,18.19,15.1,5.56,1.0,0.0161,0.1873,0.0,0.0,5.0,28.1,0,static
test_q4_2024,2024-12-26,841,LOJA 841,5345,NARIDRIN ADULTO 15ML,173,0,,1.0,3.0,18.19,15.1,5.56,1.0,0.0161,0.1873,0.0,0.0,5.0,28.1,0,static
test_q4_2024,2024-12-27,841,LOJA 841,5345,NARIDRIN ADULTO 15ML,173,0,,1.0,3.0,18.19,15.1,5.56,1.0,0.0161,0.1873,0.0,0.0,5.0,28.1,0,static
test_q4_2024,2024-12-28,841,LOJA 841,5345,NARIDRIN ADULTO 15ML,173,0,,1.0,3.0,18.19,15.1,5.56,1.0,0.0161,0.1873,0.0,0.0,5.0,28.1,0,static
test_q4_2024,2024-12-29,841,LOJA 841,5345,NARIDRIN ADULTO 15ML,173,0,,1.0,3.0,18.19,15.1,5.56,1.0,0.0598,0.1873,0.0,0.0,,,0,static
test_q4_2024,2024-12-30,841,LOJA 841,5345,NARIDRIN ADULTO 15ML,173,0,,1.0,3.0,18.19,15.1,5.56,1.0,0.0161,0.1873,0.0,0.0,5.0,28.1,0,static
test_q4_2024,2024-12-31,841,LOJA 841,5345,NARIDRIN ADULTO 15ML,173,0,,1.0,3.0,18.19,15.1,5.56,1.0,0.0598,0.1873,1.0,1.0,5.0,28.1,0,static
test_q4_2024,2024-10-01,841,LOJA 841,54554,ALOFF XPE 60ML,88708,0,,1.0,3.0,33.04,37.4,18.81,1.0,0.0,0.0,0.0,0.0,,,0,static
test_q4_2024,2024-10-02,841,LOJA 841,54554,ALOFF XPE 60ML,88708,0,,1.0,3.0,33.04,37.4,18.81,1.0,0.0,0.0,0.0,0.0,,,0,static
test_q4_2024,2024-10-03,841,LOJA 841,54554,ALOFF XPE 60ML,88708,0,,1.0,3.0,33.04,37.4,18.81,1.0,0.0,0.0,0.0,0.0,,,0,static
test_q4_2024,2024-10-04,841,LOJA 841,54554,ALOFF XPE 60ML,88708,0,,1.0,3.0,33.04,37.4,18.81,1.0,0.0,0.0,0.0,0.0,,,0,static
test_q4_2024,2024-10-05,841,LOJA 841,54554,ALOFF XPE 60ML,88708,0,,1.0,3.0,33.04,37.4,18.81,1.0,0.0,0.0,0.0,0.0,,,0,static
test_q4_2024,2024-10-06,841,LOJA 841,54554,ALOFF XPE 60ML,88708,0,,1.0,3.0,33.04,37.4,18.81,1.0,0.0,0.0,0.0,0.0,,,0,static
test_q4_2024,2024-10-07,841,LOJA 841,54554,ALOFF XPE 60ML,88708,0,,1.0,3.0,33.04,37.4,18.81,1.0,0.0,0.0,0.0,0.0,,,0,static
test_q4_2024,2024-10-08,841,LOJA 841,54554,ALOFF XPE 60ML,88708,0,,1.0,3.0,33.04,37.4,18.81,1.0,0.0,0.0,0.0,0.0,,,0,static
test_q4_2024,2024-10-09,841,LOJA 841,54554,ALOFF XPE 60ML,88708,0,,1.0,3.0,33.04,37.4,18.81,1.0,0.0,0.0,0.0,0.0,,,0,static
test_q4_2024,2024-10-10,841,LOJA 841,54554,ALOFF XPE 60ML,88708,0,,1.0,3.0,33.04,37.4,18.81,1.0,0.0,0.0,0.0,0.0,,,0,static
test_q4_2024,2024-10-11,841,LOJA 841,54554,ALOFF XPE 60ML,88708,0,,1.0,3.0,33.04,37.4,18.81,1.0,0.0,0.0,0.0,0.0,,,0,static
test_q4_2024,2024-10-12,841,LOJA 841,54554,ALOFF XPE 60ML,88708,0,,1.0,3.0,33.04,37.4,18.81,1.0,0.0,0.0,0.0,0.0,,,0,static
test_q4_2024,2024-10-13,841,LOJA 841,54554,ALOFF XPE 60ML,88708,0,,1.0,3.0,33.04,37.4,18.81,1.0,0.0,0.0,0.0,0.0,,,0,static
test_q4_2024,2024-10-14,841,LOJA 841,54554,ALOFF XPE 60ML,88708,0,,1.0,3.0,33.04,37.4,18.81,1.0,0.0,0.0,0.0,0.0,,,0,static
test_q4_2024,2024-10-15,841,LOJA 841,54554,ALOFF XPE 60ML,88708,0,,1.0,3.0,33.04,37.4,18.81,1.0,0.0,0.0,0.0,0.0,,,0,static
test_q4_2024,2024-10-16,841,LOJA 841,54554,ALOFF XPE 60ML,88708,0,,1.0,3.0,33.04,37.4,18.81,1.0,0.0,0.0,0.0,0.0,,,0,static
test_q4_2024,2024-10-17,841,LOJA 841,54554,ALOFF XPE 60ML,88708,0,,1.0,3.0,33.04,37.4,18.81,1.0,0.0,0.0,0.0,0.0,,,0,static
test_q4_2024,2024-10-18,841,LOJA 841,54554,ALOFF XPE 60ML,88708,0,,1.0,3.0,33.04,37.4,18.81,1.0,0.0,0.0,0.0,0.0,,,0,static
test_q4_2024,2024-10-19,841,LOJA 841,54554,ALOFF XPE 60ML,88708,0,,1.0,3.0,33.04,37.4,18.81,1.0,0.0,0.0,0.0,0.0,,,0,static
test_q4_2024,2024-10-20,841,LOJA 841,54554,ALOFF XPE 60ML,88708,0,,1.0,3.0,33.04,37.4,18.81,1.0,0.0,0.0,0.0,0.0,,,0,static
test_q4_2024,2024-10-21,841,LOJA 841,54554,ALOFF XPE 60ML,88708,0,,1.0,3.0,33.04,37.4,18.81,1.0,0.0,0.0,0.0,0.0,,,0,static
test_q4_2024,2024-10-22,841,LOJA 841,54554,ALOFF XPE 60ML,88708,0,,1.0,3.0,33.04,37.4,18.81,1.0,0.0,0.0,0.0,0.0,,,0,static
test_q4_2024,2024-10-23,841,LOJA 841,54554,ALOFF XPE 60ML,88708,0,,1.0,3.0,33.04,37.4,18.81,1.0,0.0,0.0,0.0,0.0,,,0,static
test_q4_2024,2024-10-24,841,LOJA 841,54554,ALOFF XPE 60ML,88708,0,,1.0,3.0,33.04,37.4,18.81,1.0,0.0,0.0,0.0,0.0,,,0,static
test_q4_2024,2024-10-25,841,LOJA 841,54554,ALOFF XPE 60ML,88708,0,,1.0,3.0,33.04,37.4,18.81,1.0,0.0,0.0,0.0,0.0,,,0,static
test_q4_2024,2024-10-26,841,LOJA 841,54554,ALOFF XPE 60ML,88708,0,,1.0,3.0,33.04,37.4,18.81,1.0,0.0,0.0,0.0,0.0,,,0,static
test_q4_2024,2024-10-27,841,LOJA 841,54554,ALOFF XPE 60ML,88708,0,,1.0,3.0,33.04,37.4,18.81,1.0,0.0,0.0,0.0,0.0,,,0,static
test_q4_2024,2024-10-28,841,LOJA 841,54554,ALOFF XPE 60ML,88708,0,,1.0,3.0,33.04,37.4,18.81,1.0,0.0,0.0,0.0,0.0,,,0,static
test_q4_2024,2024-10-29,841,LOJA 841,54554,ALOFF XPE 60ML,88708,0,,1.0,3.0,33.04,37.4,18.81,1.0,0.0,0.0,0.0,0.0,,,0,static
test_q4_2024,2024-10-30,841,LOJA 841,54554,ALOFF XPE 60ML,88708,0,,1.0,3.0,33.04,37.4,18.81,1.0,0.0,0.0,0.0,0.0,,,0,static
test_q4_2024,2024-10-31,841,LOJA 841,54554,ALOFF XPE 60ML,88708,0,,1.0,3.0,33.04,37.4,18.81,1.0,0.0,0.0,0.0,0.0,,,0,static
test_q4_2024,2024-11-01,841,LOJA 841,54554,ALOFF XPE 60ML,88708,0,,1.0,3.0,33.04,37.4,18.81,1.0,0.0,0.0,0.0,0.0,,,0,static
test_q4_2024,2024-11-02,841,LOJA 841,54554,ALOFF XPE 60ML,88708,0,,1.0,3.0,33.04,37.4,18.81,1.0,0.0,0.0,0.0,0.0,,,0,static
test_q4_2024,2024-11-03,841,LOJA 841,54554,ALOFF XPE 60ML,88708,0,,1.0,3.0,33.04,37.4,18.81,1.0,0.0,0.0,0.0,0.0,,,0,static
test_q4_2024,2024-11-04,841,LOJA 841,54554,ALOFF XPE 60ML,88708,0,,1.0,3.0,33.04,37.4,18.81,1.0,0.0,0.0,0.0,0.0,,,0,static
test_q4_2024,2024-11-05,841,LOJA 841,54554,ALOFF XPE 60ML,88708,0,,1.0,3.0,33.04,37.4,18.81,1.0,0.0,0.0,0.0,0.0,,,0,static
test_q4_2024,2024-11-06,841,LOJA 841,54554,ALOFF XPE 60ML,88708,0,,1.0,3.0,33.04,37.4,18.81,1.0,0.0,0.0,0.0,0.0,,,0,static
test_q4_2024,2024-11-07,841,LOJA 841,54554,ALOFF XPE 60ML,88708,0,,1.0,3.0,33.04,37.4,18.81,1.0,0.0,0.0,0.0,0.0,,,0,static
test_q4_2024,2024-11-08,841,LOJA 841,54554,ALOFF XPE 60ML,88708,0,,1.0,3.0,33.04,37.4,18.81,1.0,0.0,0.0,0.0,0.0,,,0,static
test_q4_2024,2024-11-09,841,LOJA 841,54554,ALOFF XPE 60ML,88708,0,,1.0,3.0,33.04,37.4,18.81,1.0,0.0,0.0,0.0,0.0,,,0,static
test_q4_2024,2024-11-10,841,LOJA 841,54554,ALOFF XPE 60ML,88708,0,,1.0,3.0,33.04,37.4,18.81,1.0,0.0,0.0,0.0,0.0,,,0,static
test_q4_2024,2024-11-11,841,LOJA 841,54554,ALOFF XPE 60ML,88708,0,,1.0,3.0,33.04,37.4,18.81,1.0,0.0,0.0,0.0,0.0,,,0,static
test_q4_2024,2024-11-12,841,LOJA 841,54554,ALOFF XPE 60ML,88708,0,,1.0,3.0,33.04,37.4,18.81,1.0,0.0,0.0,0.0,0.0,,,0,static
test_q4_2024,2024-11-13,841,LOJA 841,54554,ALOFF XPE 60ML,88708,0,,1.0,3.0,33.04,37.4,18.81,1.0,0.0,0.0,0.0,0.0,,,0,static
test_q4_2024,2024-11-14,841,LOJA 841,54554,ALOFF XPE 60ML,88708,0,,1.0,3.0,33.04,37.4,18.81,1.0,0.0,0.0,0.0,0.0,,,0,static
test_q4_2024,2024-11-15,841,LOJA 841,54554,ALOFF XPE 60ML,88708,0,,1.0,3.0,33.04,37.4,18.81,1.0,0.0,0.0,0.0,0.0,,,0,static
test_q4_2024,2024-11-16,841,LOJA 841,54554,ALOFF XPE 60ML,88708,0,,1.0,3.0,33.04,37.4,18.81,1.0,0.0,0.0,0.0,0.0,,,0,static
test_q4_2024,2024-11-17,841,LOJA 841,54554,ALOFF XPE 60ML,88708,0,,1.0,3.0,33.04,37.4,18.81,1.0,0.0,0.0,0.0,0.0,,,0,static
test_q4_2024,2024-11-18,841,LOJA 841,54554,ALOFF XPE 60ML,88708,0,,1.0,3.0,33.04,37.4,18.81,1.0,0.0,0.0,0.0,0.0,,,0,static
test_q4_2024,2024-11-19,841,LOJA 841,54554,ALOFF XPE 60ML,88708,0,,1.0,3.0,33.04,37.4,18.81,1.0,0.0,0.0,0.0,0.0,,,0,static
test_q4_2024,2024-11-20,841,LOJA 841,54554,ALOFF XPE 60ML,88708,0,,1.0,3.0,33.04,37.4,18.81,1.0,0.0,0.0,0.0,0.0,,,0,static
test_q4_2024,2024-11-21,841,LOJA 841,54554,ALOFF XPE 60ML,88708,0,,1.0,3.0,33.04,37.4,18.81,1.0,0.0,0.0,0.0,0.0,,,0,static
test_q4_2024,2024-11-22,841,LOJA 841,54554,ALOFF XPE 60ML,88708,0,,1.0,3.0,33.04,37.4,18.81,1.0,0.0,0.0,0.0,0.0,,,0,static
test_q4_2024,2024-11-23,841,LOJA 841,54554,ALOFF XPE 60ML,88708,0,,1.0,3.0,33.04,37.4,18.81,1.0,0.0,0.0,0.0,0.0,,,0,static
test_q4_2024,2024-11-24,841,LOJA 841,54554,ALOFF XPE 60ML,88708,0,,1.0,3.0,33.04,37.4,18.81,1.0,0.0,0.0,0.0,0.0,,,0,static
test_q4_2024,2024-11-25,841,LOJA 841,54554,ALOFF XPE 60ML,88708,0,,1.0,3.0,33.04,37.4,18.81,1.0,0.0,0.0,0.0,0.0,,,0,static
test_q4_2024,2024-11-26,841,LOJA 841,54554,ALOFF XPE 60ML,88708,0,,1.0,3.0,33.04,37.4,18.81,1.0,0.0,0.0,0.0,0.0,,,0,static
test_q4_2024,2024-11-27,841,LOJA 841,54554,ALOFF XPE 60ML,88708,0,,1.0,3.0,33.04,37.4,18.81,1.0,0.0,0.0,0.0,0.0,,,0,static
test_q4_2024,2024-11-28,841,LOJA 841,54554,ALOFF XPE 60ML,88708,0,,1.0,3.0,33.04,37.4,18.81,1.0,0.0,0.0,0.0,0.0,,,0,static
test_q4_2024,2024-11-29,841,LOJA 841,54554,ALOFF XPE 60ML,88708,0,,1.0,3.0,33.04,37.4,18.81,1.0,0.0,0.0,0.0,0.0,,,0,static
test_q4_2024,2024-11-30,841,LOJA 841,54554,ALOFF XPE 60ML,88708,0,,1.0,3.0,33.04,37.4,18.81,1.0,0.0,0.0,0.0,0.0,,,0,static
test_q4_2024,2024-12-01,841,LOJA 841,54554,ALOFF XPE 60ML,88708,0,,1.0,3.0,33.04,37.4,18.81,1.0,0.0,0.0,0.0,0.0,,,0,static
test_q4_2024,2024-12-02,841,LOJA 841,54554,ALOFF XPE 60ML,88708,0,,1.0,3.0,33.04,37.4,18.81,1.0,0.0,0.0,0.0,0.0,,,0,static
test_q4_2024,2024-12-03,841,LOJA 841,54554,ALOFF XPE 60ML,88708,0,,1.0,3.0,33.04,37.4,18.81,1.0,0.0,0.0,0.0,0.0,,,0,static
test_q4_2024,2024-12-04,841,LOJA 841,54554,ALOFF XPE 60ML,88708,0,,1.0,3.0,33.04,37.4,18.81,1.0,0.0,0.0,0.0,0.0,,,0,static
test_q4_2024,2024-12-05,841,LOJA 841,54554,ALOFF XPE 60ML,88708,0,,1.0,3.0,33.04,37.4,18.81,1.0,0.0,0.0,0.0,0.0,,,0,static
test_q4_2024,2024-12-06,841,LOJA 841,54554,ALOFF XPE 60ML,88708,0,,1.0,3.0,33.04,37.4,18.81,1.0,0.0,0.0,0.0,0.0,,,0,static
test_q4_2024,2024-12-07,841,LOJA 841,54554,ALOFF XPE 60ML,88708,0,,1.0,3.0,33.04,37.4,18.81,1.0,0.0,0.0,0.0,0.0,,,0,static
test_q4_2024,2024-12-08,841,LOJA 841,54554,ALOFF XPE 60ML,88708,0,,1.0,3.0,33.04,37.4,18.81,1.0,0.0,0.0,0.0,0.0,,,0,static
test_q4_2024,2024-12-09,841,LOJA 841,54554,ALOFF XPE 60ML,88708,0,,1.0,3.0,33.04,37.4,18.81,1.0,0.0,0.0,0.0,0.0,,,0,static
test_q4_2024,2024-12-10,841,LOJA 841,54554,ALOFF XPE 60ML,88708,0,,1.0,3.0,33.04,37.4,18.81,1.0,0.0,0.0,0.0,0.0,,,0,static
test_q4_2024,2024-12-11,841,LOJA 841,54554,ALOFF XPE 60ML,88708,0,,1.0,3.0,33.04,37.4,18.81,1.0,0.0,0.0,0.0,0.0,,,0,static
test_q4_2024,2024-12-12,841,LOJA 841,54554,ALOFF XPE 60ML,88708,0,,1.0,3.0,33.04,37.4,18.81,1.0,0.0,0.0,0.0,0.0,,,0,static
test_q4_2024,2024-12-13,841,LOJA 841,54554,ALOFF XPE 60ML,88708,0,,1.0,3.0,33.04,37.4,18.81,1.0,0.0,0.0,0.0,0.0,,,0,static
test_q4_2024,2024-12-14,841,LOJA 841,54554,ALOFF XPE 60ML,88708,0,,1.0,3.0,33.04,37.4,18.81,1.0,0.0,0.0,0.0,0.0,,,0,static
test_q4_2024,2024-12-15,841,LOJA 841,54554,ALOFF XPE 60ML,88708,0,,1.0,3.0,33.04,37.4,18.81,1.0,0.0,0.0,0.0,0.0,,,0,static
test_q4_2024,2024-12-16,841,LOJA 841,54554,ALOFF XPE 60ML,88708,0,,1.0,3.0,33.04,37.4,18.81,1.0,0.0,0.0,0.0,0.0,,,0,static
test_q4_2024,2024-12-17,841,LOJA 841,54554,ALOFF XPE 60ML,88708,0,,1.0,3.0,33.04,37.4,18.81,1.0,0.0,0.0,0.0,0.0,,,0,static
test_q4_2024,2024-12-18,841,LOJA 841,54554,ALOFF XPE 60ML,88708,0,,1.0,3.0,33.04,37.4,18.81,1.0,0.0,0.0,0.0,0.0,,,0,static
test_q4_2024,2024-12-19,841,LOJA 841,54554,ALOFF XPE 60ML,88708,0,,1.0,3.0,33.04,37.4,18.81,1.0,0.0,0.0,0.0,0.0,,,0,static
test_q4_2024,2024-12-20,841,LOJA 841,54554,ALOFF XPE 60ML,88708,0,,1.0,3.0,33.04,37.4,18.81,1.0,0.0,0.0,0.0,0.0,,,0,static
test_q4_2024,2024-12-21,841,LOJA 841,54554,ALOFF XPE 60ML,88708,0,,1.0,3.0,33.04,37.4,18.81,1.0,0.0,0.0,0.0,0.0,,,0,static
test_q4_2024,2024-12-22,841,LOJA 841,54554,ALOFF XPE 60ML,88708,0,,1.0,3.0,33.04,37.4,18.81,1.0,0.0,0.0,0.0,0.0,,,0,static
test_q4_2024,2024-12-23,841,LOJA 841,54554,ALOFF XPE 60ML,88708,0,,1.0,3.0,33.04,37.4,18.81,1.0,0.0,0.0,0.0,0.0,,,0,static
test_q4_2024,2024-12-24,841,LOJA 841,54554,ALOFF XPE 60ML,88708,0,,1.0,3.0,33.04,37.4,18.81,1.0,0.0,0.0,0.0,0.0,,,0,static
test_q4_2024,2024-12-25,841,LOJA 841,54554,ALOFF XPE 60ML,88708,0,,1.0,3.0,33.04,37.4,18.81,1.0,0.0,0.0,0.0,0.0,,,0,static
test_q4_2024,2024-12-26,841,LOJA 841,54554,ALOFF XPE 60ML,88708,0,,1.0,3.0,33.04,37.4,18.81,1.0,0.0,0.0,0.0,0.0,,,0,static
test_q4_2024,2024-12-27,841,LOJA 841,54554,ALOFF XPE 60ML,88708,0,,1.0,3.0,33.04,37.4,18.81,1.0,0.0,0.0,0.0,0.0,,,0,static
test_q4_2024,2024-12-28,841,LOJA 841,54554,ALOFF XPE 60ML,88708,0,,1.0,3.0,33.04,37.4,18.81,1.0,0.0,0.0,0.0,0.0,,,0,static
test_q4_2024,2024-12-29,841,LOJA 841,54554,ALOFF XPE 60ML,88708,0,,1.0,3.0,33.04,37.4,18.81,1.0,0.0,0.0,0.0,0.0,,,0,static
test_q4_2024,2024-12-30,841,LOJA 841,54554,ALOFF XPE 60ML,88708,0,,1.0,3.0,33.04,37.4,18.81,1.0,0.0,0.0,0.0,0.0,,,0,static
test_q4_2024,2024-12-31,841,LOJA 841,54554,ALOFF XPE 60ML,88708,0,,1.0,3.0,33.04,37.4,18.81,1.0,0.0,0.0,0.0,0.0,,,0,static
test_q4_2024,2024-10-01,841,LOJA 841,55917,POLARATUSS LIQ 120ML,29532,0,,1.0,3.0,30.38,34.4,9.13,1.0,0.0,0.0,0.0,0.0,2.0,18.26,0,static
test_q4_2024,2024-10-02,841,LOJA 841,55917,POLARATUSS LIQ 120ML,29532,0,,1.0,3.0,30.38,34.4,9.13,1.0,0.0,0.0,0.0,0.0,2.0,18.26,0,static
test_q4_2024,2024-10-03,841,LOJA 841,55917,POLARATUSS LIQ 120ML,29532,0,,1.0,3.0,30.38,34.4,9.13,1.0,0.0,0.0,0.0,0.0,2.0,18.26,0,static
test_q4_2024,2024-10-04,841,LOJA 841,55917,POLARATUSS LIQ 120ML,29532,0,,1.0,3.0,30.38,34.4,9.13,1.0,0.0,0.0,0.0,0.0,2.0,18.26,0,static
test_q4_2024,2024-10-05,841,LOJA 841,55917,POLARATUSS LIQ 120ML,29532,0,,1.0,3.0,30.38,34.4,9.13,1.0,0.0,0.0,0.0,0.0,2.0,18.26,0,static
test_q4_2024,2024-10-06,841,LOJA 841,55917,POLARATUSS LIQ 120ML,29532,0,,1.0,3.0,30.38,34.4,9.13,1.0,0.0,0.0,0.0,0.0,,,0,static
test_q4_2024,2024-10-07,841,LOJA 841,55917,POLARATUSS LIQ 120ML,29532,0,,1.0,3.0,30.38,34.4,9.13,1.0,0.0,0.0,0.0,0.0,2.0,18.26,0,static
test_q4_2024,2024-10-08,841,LOJA 841,55917,POLARATUSS LIQ 120ML,29532,0,,1.0,3.0,30.38,34.4,9.13,1.0,0.0,0.0,0.0,0.0,2.0,18.26,0,static
test_q4_2024,2024-10-09,841,LOJA 841,55917,POLARATUSS LIQ 120ML,29532,0,,1.0,3.0,30.38,34.4,9.13,1.0,0.0,0.0,0.0,0.0,2.0,18.26,0,static
test_q4_2024,2024-10-10,841,LOJA 841,55917,POLARATUSS LIQ 120ML,29532,0,,1.0,3.0,30.38,34.4,9.13,1.0,0.0,0.0,0.0,0.0,2.0,18.26,0,static
test_q4_2024,2024-10-11,841,LOJA 841,55917,POLARATUSS LIQ 120ML,29532,0,,1.0,3.0,30.38,34.4,9.13,1.0,0.0,0.0,0.0,0.0,2.0,18.26,0,static
test_q4_2024,2024-10-12,841,LOJA 841,55917,POLARATUSS LIQ 120ML,29532,0,,1.0,3.0,30.38,34.4,9.13,1.0,0.0,0.0,0.0,0.0,2.0,18.26,0,static
test_q4_2024,2024-10-13,841,LOJA 841,55917,POLARATUSS LIQ 120ML,29532,0,,1.0,3.0,30.38,34.4,9.13,1.0,0.0,0.0,0.0,0.0,,,0,static
test_q4_2024,2024-10-14,841,LOJA 841,55917,POLARATUSS LIQ 120ML,29532,0,,1.0,3.0,30.38,34.4,9.13,1.0,0.0,0.0,0.0,0.0,2.0,18.26,0,static
test_q4_2024,2024-10-15,841,LOJA 841,55917,POLARATUSS LIQ 120ML,29532,0,,1.0,3.0,30.38,34.4,9.13,1.0,0.0,0.0,0.0,0.0,2.0,18.26,0,static
test_q4_2024,2024-10-16,841,LOJA 841,55917,POLARATUSS LIQ 120ML,29532,0,,1.0,3.0,30.38,34.4,9.13,1.0,0.0,0.0,0.0,0.0,2.0,18.26,0,static
test_q4_2024,2024-10-17,841,LOJA 841,55917,POLARATUSS LIQ 120ML,29532,0,,1.0,3.0,30.38,34.4,9.13,1.0,0.0,0.0,0.0,0.0,2.0,18.26,0,static
test_q4_2024,2024-10-18,841,LOJA 841,55917,POLARATUSS LIQ 120ML,29532,0,,1.0,3.0,30.38,34.4,9.13,1.0,0.0,0.0,0.0,0.0,2.0,18.26,0,static
test_q4_2024,2024-10-19,841,LOJA 841,55917,POLARATUSS LIQ 120ML,29532,0,,1.0,3.0,30.38,34.4,9.13,1.0,0.0,0.0,0.0,0.0,2.0,18.26,0,static
test_q4_2024,2024-10-20,841,LOJA 841,55917,POLARATUSS LIQ 120ML,29532,0,,1.0,3.0,30.38,34.4,9.13,1.0,0.0,0.0,0.0,0.0,,,0,static
test_q4_2024,2024-10-21,841,LOJA 841,55917,POLARATUSS LIQ 120ML,29532,0,,1.0,3.0,30.38,34.4,9.13,1.0,0.0,0.0,0.0,0.0,2.0,18.26,0,static
test_q4_2024,2024-10-22,841,LOJA 841,55917,POLARATUSS LIQ 120ML,29532,0,,1.0,3.0,30.38,34.4,9.13,1.0,0.0,0.0,0.0,0.0,2.0,18.26,0,static
test_q4_2024,2024-10-23,841,LOJA 841,55917,POLARATUSS LIQ 120ML,29532,0,,1.0,3.0,30.38,34.4,9.13,1.0,0.0,0.0,0.0,0.0,2.0,18.26,0,static
test_q4_2024,2024-10-24,841,LOJA 841,55917,POLARATUSS LIQ 120ML,29532,0,,1.0,3.0,30.38,34.4,9.13,1.0,0.0,0.0,0.0,0.0,2.0,18.26,0,static
test_q4_2024,2024-10-25,841,LOJA 841,55917,POLARATUSS LIQ 120ML,29532,0,,1.0,3.0,30.38,34.4,9.13,1.0,0.0,0.0,0.0,0.0,2.0,18.26,0,static
test_q4_2024,2024-10-26,841,LOJA 841,55917,POLARATUSS LIQ 120ML,29532,0,,1.0,3.0,30.38,34.4,9.13,1.0,0.0,0.0,0.0,0.0,2.0,18.26,0,static
test_q4_2024,2024-10-27,841,LOJA 841,55917,POLARATUSS LIQ 120ML,29532,0,,1.0,3.0,30.38,34.4,9.13,1.0,0.0,0.0,0.0,0.0,,,0,static
test_q4_2024,2024-10-28,841,LOJA 841,55917,POLARATUSS LIQ 120ML,29532,0,,1.0,3.0,30.38,34.4,9.13,1.0,0.0,0.0,0.0,0.0,2.0,18.26,0,static
test_q4_2024,2024-10-29,841,LOJA 841,55917,POLARATUSS LIQ 120ML,29532,0,,1.0,3.0,30.38,34.4,9.13,1.0,0.0,0.0,0.0,0.0,2.0,18.26,0,static
test_q4_2024,2024-10-30,841,LOJA 841,55917,POLARATUSS LIQ 120ML,29532,0,,1.0,3.0,30.38,34.4,9.13,1.0,0.0,0.0,0.0,0.0,2.0,18.26,0,static
test_q4_2024,2024-10-31,841,LOJA 841,55917,POLARATUSS LIQ 120ML,29532,0,,1.0,3.0,30.38,34.4,9.13,1.0,0.0,0.0,0.0,0.0,2.0,18.26,0,static
test_q4_2024,2024-11-01,841,LOJA 841,55917,POLARATUSS LIQ 120ML,29532,0,,1.0,3.0,30.38,34.4,9.13,1.0,0.0,0.0,0.0,0.0,2.0,18.26,0,static
test_q4_2024,2024-11-02,841,LOJA 841,55917,POLARATUSS LIQ 120ML,29532,0,,1.0,3.0,30.38,34.4,9.13,1.0,0.0,0.0,0.0,0.0,2.0,18.26,0,static
test_q4_2024,2024-11-03,841,LOJA 841,55917,POLARATUSS LIQ 120ML,29532,0,,1.0,3.0,30.38,34.4,9.13,1.0,0.0,0.0,0.0,0.0,,,0,static
test_q4_2024,2024-11-04,841,LOJA 841,55917,POLARATUSS LIQ 120ML,29532,0,,1.0,3.0,30.38,34.4,9.13,1.0,0.0,0.0,0.0,0.0,2.0,18.26,0,static
test_q4_2024,2024-11-05,841,LOJA 841,55917,POLARATUSS LIQ 120ML,29532,0,,1.0,3.0,30.38,34.4,9.13,1.0,0.0,0.0,0.0,0.0,2.0,18.26,0,static
test_q4_2024,2024-11-06,841,LOJA 841,55917,POLARATUSS LIQ 120ML,29532,0,,1.0,3.0,30.38,34.4,9.13,1.0,0.0,0.0,0.0,0.0,2.0,18.26,0,static
test_q4_2024,2024-11-07,841,LOJA 841,55917,POLARATUSS LIQ 120ML,29532,0,,1.0,3.0,30.38,34.4,9.13,1.0,0.0,0.0,0.0,0.0,2.0,18.26,0,static
test_q4_2024,2024-11-08,841,LOJA 841,55917,POLARATUSS LIQ 120ML,29532,0,,1.0,3.0,30.38,34.4,9.13,1.0,0.0,0.0,0.0,0.0,2.0,18.26,0,static
test_q4_2024,2024-11-09,841,LOJA 841,55917,POLARATUSS LIQ 120ML,29532,0,,1.0,3.0,30.38,34.4,9.13,1.0,0.0,0.0,0.0,0.0,2.0,18.26,0,static
test_q4_2024,2024-11-10,841,LOJA 841,55917,POLARATUSS LIQ 120ML,29532,0,,1.0,3.0,30.38,34.4,9.13,1.0,0.0,0.0,0.0,0.0,,,0,static
test_q4_2024,2024-11-11,841,LOJA 841,55917,POLARATUSS LIQ 120ML,29532,0,,1.0,3.0,30.38,34.4,9.13,1.0,0.0,0.0,0.0,0.0,2.0,18.26,0,static
test_q4_2024,2024-11-12,841,LOJA 841,55917,POLARATUSS LIQ 120ML,29532,0,,1.0,3.0,30.38,34.4,9.13,1.0,0.0,0.0,0.0,0.0,2.0,18.26,0,static
test_q4_2024,2024-11-13,841,LOJA 841,55917,POLARATUSS LIQ 120ML,29532,0,,1.0,3.0,30.38,34.4,9.13,1.0,0.0,0.0,0.0,0.0,2.0,18.26,0,static
test_q4_2024,2024-11-14,841,LOJA 841,55917,POLARATUSS LIQ 120ML,29532,0,,1.0,3.0,30.38,34.4,9.13,1.0,0.0,0.0,0.0,0.0,2.0,18.26,0,static
test_q4_2024,2024-11-15,841,LOJA 841,55917,POLARATUSS LIQ 120ML,29532,0,,1.0,3.0,30.38,34.4,9.13,1.0,0.0,0.0,0.0,0.0,2.0,18.26,0,static
test_q4_2024,2024-11-16,841,LOJA 841,55917,POLARATUSS LIQ 120ML,29532,0,,1.0,3.0,30.38,34.4,9.13,1.0,0.0,0.0,0.0,0.0,2.0,18.26,0,static
test_q4_2024,2024-11-17,841,LOJA 841,55917,POLARATUSS LIQ 120ML,29532,0,,1.0,3.0,30.38,34.4,9.13,1.0,0.0,0.0,0.0,0.0,,,0,static
test_q4_2024,2024-11-18,841,LOJA 841,55917,POLARATUSS LIQ 120ML,29532,0,,1.0,3.0,30.38,34.4,9.13,1.0,0.0,0.0,0.0,0.0,2.0,18.26,0,static
test_q4_2024,2024-11-19,841,LOJA 841,55917,POLARATUSS LIQ 120ML,29532,0,,1.0,3.0,30.38,34.4,9.13,1.0,0.0,0.0,0.0,0.0,2.0,18.26,0,static
test_q4_2024,2024-11-20,841,LOJA 841,55917,POLARATUSS LIQ 120ML,29532,0,,1.0,3.0,30.38,34.4,9.13,1.0,0.0,0.0,0.0,0.0,2.0,18.26,0,static
test_q4_2024,2024-11-21,841,LOJA 841,55917,POLARATUSS LIQ 120ML,29532,0,,1.0,3.0,30.38,34.4,9.13,1.0,0.0,0.0,0.0,0.0,2.0,18.26,0,static
test_q4_2024,2024-11-22,841,LOJA 841,55917,POLARATUSS LIQ 120ML,29532,0,,1.0,3.0,30.38,34.4,9.13,1.0,0.0,0.0,0.0,0.0,2.0,18.26,0,static
test_q4_2024,2024-11-23,841,LOJA 841,55917,POLARATUSS LIQ 120ML,29532,0,,1.0,3.0,30.38,34.4,9.13,1.0,0.0,0.0,0.0,0.0,2.0,18.26,0,static
test_q4_2024,2024-11-24,841,LOJA 841,55917,POLARATUSS LIQ 120ML,29532,0,,1.0,3.0,30.38,34.4,9.13,1.0,0.0,0.0,0.0,0.0,,,0,static
test_q4_2024,2024-11-25,841,LOJA 841,55917,POLARATUSS LIQ 120ML,29532,0,,1.0,3.0,30.38,34.4,9.13,1.0,0.0,0.0,0.0,0.0,2.0,18.26,0,static
test_q4_2024,2024-11-26,841,LOJA 841,55917,POLARATUSS LIQ 120ML,29532,0,,1.0,3.0,30.38,34.4,9.13,1.0,0.0,0.0,0.0,0.0,2.0,18.26,0,static
test_q4_2024,2024-11-27,841,LOJA 841,55917,POLARATUSS LIQ 120ML,29532,0,,1.0,3.0,30.38,34.4,9.13,1.0,0.0,0.0,0.0,0.0,2.0,18.26,0,static
test_q4_2024,2024-11-28,841,LOJA 841,55917,POLARATUSS LIQ 120ML,29532,0,,1.0,3.0,30.38,34.4,9.13,1.0,0.0,0.0,0.0,0.0,2.0,18.26,0,static
test_q4_2024,2024-11-29,841,LOJA 841,55917,POLARATUSS LIQ 120ML,29532,0,,1.0,3.0,30.38,34.4,9.13,1.0,0.0,0.0,0.0,0.0,2.0,18.26,0,static
test_q4_2024,2024-11-30,841,LOJA 841,55917,POLARATUSS LIQ 120ML,29532,0,,1.0,3.0,30.38,34.4,9.13,1.0,0.0,0.0,0.0,0.0,2.0,18.26,0,static
test_q4_2024,2024-12-01,841,LOJA 841,55917,POLARATUSS LIQ 120ML,29532,0,,1.0,3.0,30.38,34.4,9.13,1.0,0.0,0.0,0.0,0.0,,,0,static
test_q4_2024,2024-12-02,841,LOJA 841,55917,POLARATUSS LIQ 120ML,29532,0,,1.0,3.0,30.38,34.4,9.13,1.0,0.0,0.0,0.0,0.0,2.0,18.26,0,static
test_q4_2024,2024-12-03,841,LOJA 841,55917,POLARATUSS LIQ 120ML,29532,0,,1.0,3.0,30.38,34.4,9.13,1.0,0.0,0.0,0.0,0.0,2.0,18.26,0,static
test_q4_2024,2024-12-04,841,LOJA 841,55917,POLARATUSS LIQ 120ML,29532,0,,1.0,3.0,30.38,34.4,9.13,1.0,0.0,0.0,0.0,0.0,2.0,18.26,0,static
test_q4_2024,2024-12-05,841,LOJA 841,55917,POLARATUSS LIQ 120ML,29532,0,,1.0,3.0,30.38,34.4,9.13,1.0,0.0,0.0,0.0,0.0,2.0,18.26,0,static
test_q4_2024,2024-12-06,841,LOJA 841,55917,POLARATUSS LIQ 120ML,29532,0,,1.0,3.0,30.38,34.4,9.13,1.0,0.0,0.0,0.0,0.0,2.0,18.26,0,static
test_q4_2024,2024-12-07,841,LOJA 841,55917,POLARATUSS LIQ 120ML,29532,0,,1.0,3.0,30.38,34.4,9.13,1.0,0.0,0.0,0.0,0.0,2.0,18.26,0,static
test_q4_2024,2024-12-08,841,LOJA 841,55917,POLARATUSS LIQ 120ML,29532,0,,1.0,3.0,30.38,34.4,9.13,1.0,0.0,0.0,0.0,0.0,,,0,static
test_q4_2024,2024-12-09,841,LOJA 841,55917,POLARATUSS LIQ 120ML,29532,0,,1.0,3.0,30.38,34.4,9.13,1.0,0.0,0.0,0.0,0.0,2.0,18.26,0,static
test_q4_2024,2024-12-10,841,LOJA 841,55917,POLARATUSS LIQ 120ML,29532,0,,1.0,3.0,30.38,34.4,9.13,1.0,0.0,0.0,0.0,0.0,2.0,18.26,0,static
test_q4_2024,2024-12-11,841,LOJA 841,55917,POLARATUSS LIQ 120ML,29532,0,,1.0,3.0,30.38,34.4,9.13,1.0,0.0,0.0,0.0,0.0,2.0,18.26,0,static
test_q4_2024,2024-12-12,841,LOJA 841,55917,POLARATUSS LIQ 120ML,29532,0,,1.0,3.0,30.38,34.4,9.13,1.0,0.0,0.0,0.0,0.0,2.0,18.26,0,static
test_q4_2024,2024-12-13,841,LOJA 841,55917,POLARATUSS LIQ 120ML,29532,0,,1.0,3.0,30.38,34.4,9.13,1.0,0.0,0.0,0.0,0.0,2.0,18.26,0,static
test_q4_2024,2024-12-14,841,LOJA 841,55917,POLARATUSS LIQ 120ML,29532,0,,1.0,3.0,30.38,34.4,9.13,1.0,0.0,0.0,0.0,0.0,2.0,18.26,0,static
test_q4_2024,2024-12-15,841,LOJA 841,55917,POLARATUSS LIQ 120ML,29532,0,,1.0,3.0,30.38,34.4,9.13,1.0,0.0,0.0,0.0,0.0,,,0,static
test_q4_2024,2024-12-16,841,LOJA 841,55917,POLARATUSS LIQ 120ML,29532,0,,1.0,3.0,30.38,34.4,9.13,1.0,0.0,0.0,0.0,0.0,2.0,18.26,0,static
test_q4_2024,2024-12-17,841,LOJA 841,55917,POLARATUSS LIQ 120ML,29532,0,,1.0,3.0,30.38,34.4,9.13,1.0,0.0,0.0,0.0,0.0,2.0,18.26,0,static
test_q4_2024,2024-12-18,841,LOJA 841,55917,POLARATUSS LIQ 120ML,29532,0,,1.0,3.0,30.38,34.4,9.13,1.0,0.0,0.0,0.0,0.0,2.0,18.26,0,static
test_q4_2024,2024-12-19,841,LOJA 841,55917,POLARATUSS LIQ 120ML,29532,0,,1.0,3.0,30.38,34.4,9.13,1.0,0.0,0.0,0.0,0.0,2.0,18.26,0,static
test_q4_2024,2024-12-20,841,LOJA 841,55917,POLARATUSS LIQ 120ML,29532,0,,1.0,3.0,30.38,34.4,9.13,1.0,0.0,0.0,0.0,0.0,2.0,18.26,0,static
test_q4_2024,2024-12-21,841,LOJA 841,55917,POLARATUSS LIQ 120ML,29532,0,,1.0,3.0,30.38,34.4,9.13,1.0,0.0,0.0,0.0,0.0,2.0,18.26,0,static
test_q4_2024,2024-12-22,841,LOJA 841,55917,POLARATUSS LIQ 120ML,29532,0,,1.0,3.0,30.38,34.4,9.13,1.0,0.0,0.0,0.0,0.0,,,0,static
test_q4_2024,2024-12-23,841,LOJA 841,55917,POLARATUSS LIQ 120ML,29532,0,,1.0,3.0,30.38,34.4,9.13,1.0,0.0,0.0,0.0,0.0,2.0,18.26,0,static
test_q4_2024,2024-12-24,841,LOJA 841,55917,POLARATUSS LIQ 120ML,29532,0,,1.0,3.0,30.38,34.4,9.13,1.0,0.0,0.0,0.0,0.0,2.0,18.26,0,static
test_q4_2024,2024-12-25,841,LOJA 841,55917,POLARATUSS LIQ 120ML,29532,0,,1.0,3.0,30.38,34.4,9.13,1.0,0.0,0.0,0.0,0.0,2.0,18.26,0,static
test_q4_2024,2024-12-26,841,LOJA 841,55917,POLARATUSS LIQ 120ML,29532,0,,1.0,3.0,30.38,34.4,9.13,1.0,0.0,0.0,0.0,0.0,2.0,18.26,0,static
test_q4_2024,2024-12-27,841,LOJA 841,55917,POLARATUSS LIQ 120ML,29532,0,,1.0,3.0,30.38,34.4,9.13,1.0,0.0,0.0,0.0,0.0,2.0,18.26,0,static
test_q4_2024,2024-12-28,841,LOJA 841,55917,POLARATUSS LIQ 120ML,29532,0,,1.0,3.0,30.38,34.4,9.13,1.0,0.0,0.0,0.0,0.0,2.0,18.26,0,static
test_q4_2024,2024-12-29,841,LOJA 841,55917,POLARATUSS LIQ 120ML,29532,0,,1.0,3.0,30.38,34.4,9.13,1.0,0.0,0.0,0.0,0.0,,,0,static
test_q4_2024,2024-12-30,841,LOJA 841,55917,POLARATUSS LIQ 120ML,29532,0,,1.0,3.0,30.38,34.4,9.13,1.0,0.0,0.0,0.0,0.0,2.0,18.26,0,static
test_q4_2024,2024-12-31,841,LOJA 841,55917,POLARATUSS LIQ 120ML,29532,0,,1.0,3.0,30.38,34.4,9.13,1.0,0.0,0.0,0.0,0.0,2.0,18.26,0,static
test_q4_2024,2024-10-01,841,LOJA 841,57814,OSELTAMIVIR 75MG CAPS/10 GN-NATCOF,105913,1,PAGUE E LEVE,1.0,3.0,180.22,183.2,101.38,1.0,0.0875,0.2673,0.0,0.0,2.0,219.0,0,static
test_q4_2024,2024-10-02,841,LOJA 841,57814,OSELTAMIVIR 75MG CAPS/10 GN-NATCOF,105913,0,,1.0,3.0,180.22,183.2,101.38,1.0,0.0,0.2673,0.0,0.0,7.0,766.5,0,static
test_q4_2024,2024-10-03,841,LOJA 841,57814,OSELTAMIVIR 75MG CAPS/10 GN-NATCOF,105913,0,,1.0,3.0,180.22,183.2,101.38,1.0,0.0,0.2673,0.0,0.0,7.0,766.5,0,static
test_q4_2024,2024-10-04,841,LOJA 841,57814,OSELTAMIVIR 75MG CAPS/10 GN-NATCOF,105913,1,PAGUE E LEVE,1.0,3.0,180.22,183.2,101.38,1.0,0.0,0.2673,0.0,0.0,7.0,766.5,0,static
test_q4_2024,2024-10-05,841,LOJA 841,57814,OSELTAMIVIR 75MG CAPS/10 GN-NATCOF,105913,0,,1.0,3.0,180.22,183.2,101.38,1.0,0.0,0.2673,0.0,0.0,7.0,766.5,0,static
test_q4_2024,2024-10-06,841,LOJA 841,57814,OSELTAMIVIR 75MG CAPS/10 GN-NATCOF,105913,0,,1.0,3.0,180.22,183.2,101.38,1.0,0.0,0.2673,0.0,0.0,,,0,static
test_q4_2024,2024-10-07,841,LOJA 841,57814,OSELTAMIVIR 75MG CAPS/10 GN-NATCOF,105913,0,,1.0,3.0,180.22,183.2,101.38,1.0,0.0,0.2673,0.0,0.0,7.0,766.5,0,static
test_q4_2024,2024-10-08,841,LOJA 841,57814,OSELTAMIVIR 75MG CAPS/10 GN-NATCOF,105913,0,,1.0,3.0,180.22,183.2,101.38,1.0,0.0875,0.2673,0.0,0.0,7.0,766.5,0,static
test_q4_2024,2024-10-09,841,LOJA 841,57814,OSELTAMIVIR 75MG CAPS/10 GN-NATCOF,105913,0,,1.0,3.0,180.22,183.2,101.38,1.0,0.0,0.2673,0.0,0.0,7.0,766.5,0,static
test_q4_2024,2024-10-10,841,LOJA 841,57814,OSELTAMIVIR 75MG CAPS/10 GN-NATCOF,105913,0,,1.0,3.0,180.22,183.2,101.38,1.0,0.0,0.2673,0.0,0.0,7.0,766.5,0,static
test_q4_2024,2024-10-11,841,LOJA 841,57814,OSELTAMIVIR 75MG CAPS/10 GN-NATCOF,105913,1,PAGUE E LEVE,1.0,3.0,180.22,183.2,101.38,1.0,0.0,0.2673,0.0,0.0,7.0,766.5,0,static
test_q4_2024,2024-10-12,841,LOJA 841,57814,OSELTAMIVIR 75MG CAPS/10 GN-NATCOF,105913,0,,1.0,3.0,180.22,183.2,101.38,1.0,0.0,0.2673,0.0,0.0,7.0,766.5,0,static
test_q4_2024,2024-10-13,841,LOJA 841,57814,OSELTAMIVIR 75MG CAPS/10 GN-NATCOF,105913,0,,1.0,3.0,180.22,183.2,101.38,1.0,0.0,0.2673,0.0,0.0,,,0,static
test_q4_2024,2024-10-14,841,LOJA 841,57814,OSELTAMIVIR 75MG CAPS/10 GN-NATCOF,105913,0,,1.0,3.0,180.22,183.2,101.38,1.0,0.0,0.2673,0.0,0.0,7.0,766.5,0,static
test_q4_2024,2024-10-15,841,LOJA 841,57814,OSELTAMIVIR 75MG CAPS/10 GN-NATCOF,105913,0,,1.0,3.0,180.22,183.2,101.38,1.0,0.0875,0.2673,0.0,0.0,7.0,766.5,0,static
test_q4_2024,2024-10-16,841,LOJA 841,57814,OSELTAMIVIR 75MG CAPS/10 GN-NATCOF,105913,0,,1.0,3.0,180.22,183.2,101.38,1.0,0.0,0.2673,0.0,0.0,7.0,766.5,0,static
test_q4_2024,2024-10-17,841,LOJA 841,57814,OSELTAMIVIR 75MG CAPS/10 GN-NATCOF,105913,0,,1.0,3.0,180.22,183.2,101.38,1.0,0.0,0.2673,0.0,0.0,7.0,766.5,0,static
test_q4_2024,2024-10-18,841,LOJA 841,57814,OSELTAMIVIR 75MG CAPS/10 GN-NATCOF,105913,1,PAGUE E LEVE,1.0,3.0,180.22,183.2,101.38,1.0,0.0,0.2673,0.0,0.0,7.0,766.5,0,static
test_q4_2024,2024-10-19,841,LOJA 841,57814,OSELTAMIVIR 75MG CAPS/10 GN-NATCOF,105913,0,,1.0,3.0,180.22,183.2,101.38,1.0,0.0,0.2673,0.0,0.0,7.0,766.5,0,static
test_q4_2024,2024-10-20,841,LOJA 841,57814,OSELTAMIVIR 75MG CAPS/10 GN-NATCOF,105913,0,,1.0,3.0,180.22,183.2,101.38,1.0,0.0,0.2673,0.0,0.0,,,0,static
test_q4_2024,2024-10-21,841,LOJA 841,57814,OSELTAMIVIR 75MG CAPS/10 GN-NATCOF,105913,0,,1.0,3.0,180.22,183.2,101.38,1.0,0.0,0.2673,0.0,0.0,7.0,766.5,0,static
test_q4_2024,2024-10-22,841,LOJA 841,57814,OSELTAMIVIR 75MG CAPS/10 GN-NATCOF,105913,0,,1.0,3.0,180.22,183.2,101.38,1.0,0.0875,0.2673,0.0,0.0,7.0,766.5,0,static
test_q4_2024,2024-10-23,841,LOJA 841,57814,OSELTAMIVIR 75MG CAPS/10 GN-NATCOF,105913,0,,1.0,3.0,180.22,183.2,101.38,1.0,0.0,0.2673,0.0,0.0,7.0,766.5,0,static
test_q4_2024,2024-10-24,841,LOJA 841,57814,OSELTAMIVIR 75MG CAPS/10 GN-NATCOF,105913,0,,1.0,3.0,180.22,183.2,101.38,1.0,0.0,0.2673,0.0,0.0,7.0,766.5,0,static
test_q4_2024,2024-10-25,841,LOJA 841,57814,OSELTAMIVIR 75MG CAPS/10 GN-NATCOF,105913,1,PAGUE E LEVE,1.0,3.0,180.22,183.2,101.38,1.0,0.0,0.2673,0.0,0.0,7.0,766.5,0,static
test_q4_2024,2024-10-26,841,LOJA 841,57814,OSELTAMIVIR 75MG CAPS/10 GN-NATCOF,105913,0,,1.0,3.0,180.22,183.2,101.38,1.0,0.0,0.2673,0.0,0.0,7.0,766.5,0,static
test_q4_2024,2024-10-27,841,LOJA 841,57814,OSELTAMIVIR 75MG CAPS/10 GN-NATCOF,105913,0,,1.0,3.0,180.22,183.2,101.38,1.0,0.0,0.2673,0.0,0.0,,,0,static
test_q4_2024,2024-10-28,841,LOJA 841,57814,OSELTAMIVIR 75MG CAPS/10 GN-NATCOF,105913,0,,1.0,3.0,180.22,183.2,101.38,1.0,0.0,0.2673,0.0,0.0,7.0,766.5,0,static
test_q4_2024,2024-10-29,841,LOJA 841,57814,OSELTAMIVIR 75MG CAPS/10 GN-NATCOF,105913,0,,1.0,3.0,180.22,183.2,101.38,1.0,0.0875,0.2673,0.0,0.0,7.0,766.5,0,static
test_q4_2024,2024-10-30,841,LOJA 841,57814,OSELTAMIVIR 75MG CAPS/10 GN-NATCOF,105913,0,,1.0,3.0,180.22,183.2,101.38,1.0,0.0,0.2673,0.0,0.0,7.0,766.5,0,static
test_q4_2024,2024-10-31,841,LOJA 841,57814,OSELTAMIVIR 75MG CAPS/10 GN-NATCOF,105913,0,,1.0,3.0,180.22,183.2,101.38,1.0,0.0,0.2673,1.0,1.0,7.0,766.5,0,static
test_q4_2024,2024-11-01,841,LOJA 841,57814,OSELTAMIVIR 75MG CAPS/10 GN-NATCOF,105913,1,PAGUE E LEVE,1.0,3.0,180.22,183.2,101.38,1.0,0.0,0.2673,0.0,0.0,6.0,657.0,0,static
test_q4_2024,2024-11-02,841,LOJA 841,57814,OSELTAMIVIR 75MG CAPS/10 GN-NATCOF,105913,0,,1.0,3.0,180.22,183.2,101.38,1.0,0.0,0.2673,0.0,0.0,6.0,657.0,0,static
test_q4_2024,2024-11-03,841,LOJA 841,57814,OSELTAMIVIR 75MG CAPS/10 GN-NATCOF,105913,0,,1.0,3.0,180.22,183.2,101.38,1.0,0.0,0.2673,0.0,0.0,,,0,static
test_q4_2024,2024-11-04,841,LOJA 841,57814,OSELTAMIVIR 75MG CAPS/10 GN-NATCOF,105913,0,,1.0,3.0,180.22,183.2,101.38,1.0,0.0,0.2673,0.0,0.0,7.0,766.5,0,static
test_q4_2024,2024-11-05,841,LOJA 841,57814,OSELTAMIVIR 75MG CAPS/10 GN-NATCOF,105913,0,,1.0,3.0,180.22,183.2,101.38,1.0,0.0875,0.2673,0.0,0.0,8.0,876.0,0,static
test_q4_2024,2024-11-06,841,LOJA 841,57814,OSELTAMIVIR 75MG CAPS/10 GN-NATCOF,105913,0,,1.0,3.0,180.22,183.2,101.38,1.0,0.0,0.2673,0.0,0.0,8.0,876.0,0,static
test_q4_2024,2024-11-07,841,LOJA 841,57814,OSELTAMIVIR 75MG CAPS/10 GN-NATCOF,105913,0,,1.0,3.0,180.22,183.2,101.38,1.0,0.0,0.2673,0.0,0.0,8.0,876.0,0,static
test_q4_2024,2024-11-08,841,LOJA 841,57814,OSELTAMIVIR 75MG CAPS/10 GN-NATCOF,105913,1,PAGUE E LEVE,1.0,3.0,180.22,183.2,101.38,1.0,0.0,0.2673,0.0,0.0,8.0,876.0,0,static
test_q4_2024,2024-11-09,841,LOJA 841,57814,OSELTAMIVIR 75MG CAPS/10 GN-NATCOF,105913,0,,1.0,3.0,180.22,183.2,101.38,1.0,0.0,0.2673,0.0,0.0,8.0,876.0,0,static
test_q4_2024,2024-11-10,841,LOJA 841,57814,OSELTAMIVIR 75MG CAPS/10 GN-NATCOF,105913,0,,1.0,3.0,180.22,183.2,101.38,1.0,0.0,0.2673,0.0,0.0,,,0,static
test_q4_2024,2024-11-11,841,LOJA 841,57814,OSELTAMIVIR 75MG CAPS/10 GN-NATCOF,105913,0,,1.0,3.0,180.22,183.2,101.38,1.0,0.0,0.2673,0.0,0.0,8.0,876.0,0,static
test_q4_2024,2024-11-12,841,LOJA 841,57814,OSELTAMIVIR 75MG CAPS/10 GN-NATCOF,105913,0,,1.0,3.0,180.22,183.2,101.38,1.0,0.0875,0.2673,0.0,0.0,8.0,876.0,0,static
test_q4_2024,2024-11-13,841,LOJA 841,57814,OSELTAMIVIR 75MG CAPS/10 GN-NATCOF,105913,0,,1.0,3.0,180.22,183.2,101.38,1.0,0.0,0.2673,0.0,0.0,8.0,876.0,0,static
test_q4_2024,2024-11-14,841,LOJA 841,57814,OSELTAMIVIR 75MG CAPS/10 GN-NATCOF,105913,0,,1.0,3.0,180.22,183.2,101.38,1.0,0.0,0.2673,0.0,0.0,8.0,876.0,0,static
test_q4_2024,2024-11-15,841,LOJA 841,57814,OSELTAMIVIR 75MG CAPS/10 GN-NATCOF,105913,1,PAGUE E LEVE,1.0,3.0,180.22,183.2,101.38,1.0,0.0,0.2673,0.0,0.0,8.0,876.0,0,static
test_q4_2024,2024-11-16,841,LOJA 841,57814,OSELTAMIVIR 75MG CAPS/10 GN-NATCOF,105913,0,,1.0,3.0,180.22,183.2,101.38,1.0,0.0,0.2673,0.0,0.0,8.0,876.0,0,static
test_q4_2024,2024-11-17,841,LOJA 841,57814,OSELTAMIVIR 75MG CAPS/10 GN-NATCOF,105913,0,,1.0,3.0,180.22,183.2,101.38,1.0,0.0,0.2673,0.0,0.0,,,0,static
test_q4_2024,2024-11-18,841,LOJA 841,57814,OSELTAMIVIR 75MG CAPS/10 GN-NATCOF,105913,0,,1.0,3.0,180.22,183.2,101.38,1.0,0.0,0.2673,0.0,0.0,8.0,876.0,0,static
test_q4_2024,2024-11-19,841,LOJA 841,57814,OSELTAMIVIR 75MG CAPS/10 GN-NATCOF,105913,0,,1.0,3.0,180.22,183.2,101.38,1.0,0.0875,0.2673,0.0,0.0,8.0,876.0,0,static
test_q4_2024,2024-11-20,841,LOJA 841,57814,OSELTAMIVIR 75MG CAPS/10 GN-NATCOF,105913,0,,1.0,3.0,180.22,183.2,101.38,1.0,0.0,0.2673,0.0,0.0,8.0,876.0,0,static
test_q4_2024,2024-11-21,841,LOJA 841,57814,OSELTAMIVIR 75MG CAPS/10 GN-NATCOF,105913,0,,1.0,3.0,180.22,183.2,101.38,1.0,0.0,0.2673,0.0,0.0,8.0,876.0,0,static
test_q4_2024,2024-11-22,841,LOJA 841,57814,OSELTAMIVIR 75MG CAPS/10 GN-NATCOF,105913,1,PAGUE E LEVE,1.0,3.0,180.22,183.2,101.38,1.0,0.0,0.2673,0.0,0.0,8.0,876.0,0,static
test_q4_2024,2024-11-23,841,LOJA 841,57814,OSELTAMIVIR 75MG CAPS/10 GN-NATCOF,105913,0,,1.0,3.0,180.22,183.2,101.38,1.0,0.0,0.2673,0.0,0.0,8.0,876.0,0,static
test_q4_2024,2024-11-24,841,LOJA 841,57814,OSELTAMIVIR 75MG CAPS/10 GN-NATCOF,105913,0,,1.0,3.0,180.22,183.2,101.38,1.0,0.0,0.2673,0.0,0.0,,,0,static
test_q4_2024,2024-11-25,841,LOJA 841,57814,OSELTAMIVIR 75MG CAPS/10 GN-NATCOF,105913,0,,1.0,3.0,180.22,183.2,101.38,1.0,0.0,0.2673,0.0,0.0,8.0,876.0,0,static
test_q4_2024,2024-11-26,841,LOJA 841,57814,OSELTAMIVIR 75MG CAPS/10 GN-NATCOF,105913,0,,1.0,3.0,180.22,183.2,101.38,1.0,0.0875,0.2673,0.0,0.0,8.0,876.0,0,static
test_q4_2024,2024-11-27,841,LOJA 841,57814,OSELTAMIVIR 75MG CAPS/10 GN-NATCOF,105913,0,,1.0,3.0,180.22,183.2,101.38,1.0,0.0,0.2673,0.0,0.0,8.0,876.0,0,static
test_q4_2024,2024-11-28,841,LOJA 841,57814,OSELTAMIVIR 75MG CAPS/10 GN-NATCOF,105913,0,,1.0,3.0,180.22,183.2,101.38,1.0,0.0,0.2673,0.0,0.0,8.0,876.0,0,static
test_q4_2024,2024-11-29,841,LOJA 841,57814,OSELTAMIVIR 75MG CAPS/10 GN-NATCOF,105913,1,PAGUE E LEVE,1.0,3.0,180.22,183.2,101.38,1.0,0.0,0.2673,0.0,0.0,8.0,876.0,0,static
test_q4_2024,2024-11-30,841,LOJA 841,57814,OSELTAMIVIR 75MG CAPS/10 GN-NATCOF,105913,0,,1.0,3.0,180.22,183.2,101.38,1.0,0.0,0.2673,0.0,0.0,8.0,876.0,0,static
test_q4_2024,2024-12-01,841,LOJA 841,57814,OSELTAMIVIR 75MG CAPS/10 GN-NATCOF,105913,0,,1.0,3.0,180.22,183.2,101.38,1.0,0.0,0.2673,0.0,0.0,,,0,static
test_q4_2024,2024-12-02,841,LOJA 841,57814,OSELTAMIVIR 75MG CAPS/10 GN-NATCOF,105913,0,,1.0,3.0,180.22,183.2,101.38,1.0,0.0,0.2673,0.0,0.0,8.0,876.0,0,static
test_q4_2024,2024-12-03,841,LOJA 841,57814,OSELTAMIVIR 75MG CAPS/10 GN-NATCOF,105913,0,,1.0,3.0,180.22,183.2,101.38,1.0,0.0875,0.2673,0.0,0.0,8.0,876.0,0,static
test_q4_2024,2024-12-04,841,LOJA 841,57814,OSELTAMIVIR 75MG CAPS/10 GN-NATCOF,105913,0,,1.0,3.0,180.22,183.2,101.38,1.0,0.0,0.2673,0.0,0.0,8.0,876.0,0,static
test_q4_2024,2024-12-05,841,LOJA 841,57814,OSELTAMIVIR 75MG CAPS/10 GN-NATCOF,105913,0,,1.0,3.0,180.22,183.2,101.38,1.0,0.0,0.2673,0.0,0.0,8.0,876.0,0,static
test_q4_2024,2024-12-06,841,LOJA 841,57814,OSELTAMIVIR 75MG CAPS/10 GN-NATCOF,105913,1,PAGUE E LEVE,1.0,3.0,180.22,183.2,101.38,1.0,0.0,0.2673,0.0,0.0,8.0,876.0,0,static
test_q4_2024,2024-12-07,841,LOJA 841,57814,OSELTAMIVIR 75MG CAPS/10 GN-NATCOF,105913,0,,1.0,3.0,180.22,183.2,101.38,1.0,0.0,0.2673,0.0,0.0,8.0,876.0,0,static
test_q4_2024,2024-12-08,841,LOJA 841,57814,OSELTAMIVIR 75MG CAPS/10 GN-NATCOF,105913,0,,1.0,3.0,180.22,183.2,101.38,1.0,0.0,0.2673,0.0,0.0,,,0,static
test_q4_2024,2024-12-09,841,LOJA 841,57814,OSELTAMIVIR 75MG CAPS/10 GN-NATCOF,105913,0,,1.0,3.0,180.22,183.2,101.38,1.0,0.0,0.2673,0.0,0.0,8.0,876.0,0,static
test_q4_2024,2024-12-10,841,LOJA 841,57814,OSELTAMIVIR 75MG CAPS/10 GN-NATCOF,105913,0,,1.0,3.0,180.22,183.2,101.38,1.0,0.0875,0.2673,0.0,0.0,8.0,876.0,0,static
test_q4_2024,2024-12-11,841,LOJA 841,57814,OSELTAMIVIR 75MG CAPS/10 GN-NATCOF,105913,0,,1.0,3.0,180.22,183.2,101.38,1.0,0.0,0.2673,0.0,0.0,8.0,876.0,0,static
test_q4_2024,2024-12-12,841,LOJA 841,57814,OSELTAMIVIR 75MG CAPS/10 GN-NATCOF,105913,0,,1.0,3.0,180.22,183.2,101.38,1.0,0.0,0.2673,0.0,0.0,8.0,876.0,0,static
test_q4_2024,2024-12-13,841,LOJA 841,57814,OSELTAMIVIR 75MG CAPS/10 GN-NATCOF,105913,1,PAGUE E LEVE,1.0,3.0,180.22,183.2,101.38,1.0,0.0,0.2673,0.0,0.0,8.0,876.0,0,static
test_q4_2024,2024-12-14,841,LOJA 841,57814,OSELTAMIVIR 75MG CAPS/10 GN-NATCOF,105913,0,,1.0,3.0,180.22,183.2,101.38,1.0,0.0,0.2673,0.0,0.0,8.0,876.0,0,static
test_q4_2024,2024-12-15,841,LOJA 841,57814,OSELTAMIVIR 75MG CAPS/10 GN-NATCOF,105913,0,,1.0,3.0,180.22,183.2,101.38,1.0,0.0,0.2673,0.0,0.0,,,0,static
test_q4_2024,2024-12-16,841,LOJA 841,57814,OSELTAMIVIR 75MG CAPS/10 GN-NATCOF,105913,0,,1.0,3.0,180.22,183.2,101.38,1.0,0.0,0.2673,0.0,0.0,8.0,876.0,0,static
test_q4_2024,2024-12-17,841,LOJA 841,57814,OSELTAMIVIR 75MG CAPS/10 GN-NATCOF,105913,0,,1.0,3.0,180.22,183.2,101.38,1.0,0.0875,0.2673,1.0,1.0,8.0,876.0,0,static
test_q4_2024,2024-12-18,841,LOJA 841,57814,OSELTAMIVIR 75MG CAPS/10 GN-NATCOF,105913,0,,1.0,3.0,180.22,183.2,101.38,1.0,0.0,0.2673,0.0,0.0,7.0,766.5,0,static
test_q4_2024,2024-12-19,841,LOJA 841,57814,OSELTAMIVIR 75MG CAPS/10 GN-NATCOF,105913,0,,1.0,3.0,180.22,183.2,101.38,1.0,0.0,0.2673,0.0,0.0,7.0,766.5,0,static
test_q4_2024,2024-12-20,841,LOJA 841,57814,OSELTAMIVIR 75MG CAPS/10 GN-NATCOF,105913,1,PAGUE E LEVE,1.0,3.0,180.22,183.2,101.38,1.0,0.0,0.2673,0.0,0.0,7.0,766.5,0,static
test_q4_2024,2024-12-21,841,LOJA 841,57814,OSELTAMIVIR 75MG CAPS/10 GN-NATCOF,105913,0,,1.0,3.0,180.22,183.2,101.38,1.0,0.0,0.2673,1.0,1.0,7.0,766.5,0,static
test_q4_2024,2024-12-22,841,LOJA 841,57814,OSELTAMIVIR 75MG CAPS/10 GN-NATCOF,105913,0,,1.0,3.0,180.22,183.2,101.38,1.0,0.0,0.2673,0.0,0.0,,,0,static
test_q4_2024,2024-12-23,841,LOJA 841,57814,OSELTAMIVIR 75MG CAPS/10 GN-NATCOF,105913,0,,1.0,3.0,180.22,183.2,101.38,1.0,0.0,0.2673,3.0,3.0,6.0,657.0,0,static
test_q4_2024,2024-12-24,841,LOJA 841,57814,OSELTAMIVIR 75MG CAPS/10 GN-NATCOF,105913,0,,1.0,3.0,180.22,183.2,101.38,1.0,0.0875,0.2673,0.0,0.0,3.0,328.5,0,static
test_q4_2024,2024-12-25,841,LOJA 841,57814,OSELTAMIVIR 75MG CAPS/10 GN-NATCOF,105913,0,,1.0,3.0,180.22,183.2,101.38,1.0,0.0,0.2673,0.0,0.0,3.0,328.5,0,static
test_q4_2024,2024-12-26,841,LOJA 841,57814,OSELTAMIVIR 75MG CAPS/10 GN-NATCOF,105913,0,,1.0,3.0,180.22,183.2,101.38,1.0,0.0,0.2673,0.0,0.0,3.0,328.5,0,static
test_q4_2024,2024-12-27,841,LOJA 841,57814,OSELTAMIVIR 75MG CAPS/10 GN-NATCOF,105913,1,PAGUE E LEVE,1.0,3.0,180.22,183.2,101.38,1.0,0.0,0.2673,2.0,2.0,3.0,328.5,0,static
test_q4_2024,2024-12-28,841,LOJA 841,57814,OSELTAMIVIR 75MG CAPS/10 GN-NATCOF,105913,0,,1.0,3.0,180.22,183.2,101.38,1.0,0.0,0.2673,0.0,0.0,1.0,109.5,0,static
test_q4_2024,2024-12-29,841,LOJA 841,57814,OSELTAMIVIR 75MG CAPS/10 GN-NATCOF,105913,0,,1.0,3.0,180.22,183.2,101.38,1.0,0.0,0.2673,1.0,1.0,,,0,static
test_q4_2024,2024-12-30,841,LOJA 841,57814,OSELTAMIVIR 75MG CAPS/10 GN-NATCOF,105913,0,,1.0,3.0,180.22,183.2,101.38,1.0,0.0,0.2673,0.0,0.0,0.0,0.0,1,static
test_q4_2024,2024-12-31,841,LOJA 841,57814,OSELTAMIVIR 75MG CAPS/10 GN-NATCOF,105913,0,,1.0,3.0,180.22,183.2,101.38,1.0,0.0875,0.2673,0.0,0.0,0.0,0.0,1,static
test_q4_2024,2024-10-01,841,LOJA 841,57816,OSELTAMIVIR 30MG CAPS/10 GN-NATCOF,105913,1,PAGUE E LEVE,1.0,3.0,72.09,73.66,43.8,1.0,0.0,0.0,0.0,0.0,3.0,131.4,0,static
test_q4_2024,2024-10-02,841,LOJA 841,57816,OSELTAMIVIR 30MG CAPS/10 GN-NATCOF,105913,0,,1.0,3.0,72.09,73.66,43.8,1.0,0.0,0.0,0.0,0.0,3.0,131.4,0,static
test_q4_2024,2024-10-03,841,LOJA 841,57816,OSELTAMIVIR 30MG CAPS/10 GN-NATCOF,105913,0,,1.0,3.0,72.09,73.66,43.8,1.0,0.0,0.0,0.0,0.0,3.0,131.4,0,static
test_q4_2024,2024-10-04,841,LOJA 841,57816,OSELTAMIVIR 30MG CAPS/10 GN-NATCOF,105913,1,PAGUE E LEVE,1.0,3.0,72.09,73.66,43.8,1.0,0.0,0.0,0.0,0.0,3.0,131.4,0,static
test_q4_2024,2024-10-05,841,LOJA 841,57816,OSELTAMIVIR 30MG CAPS/10 GN-NATCOF,105913,0,,1.0,3.0,72.09,73.66,43.8,1.0,0.0,0.0,0.0,0.0,3.0,131.4,0,static
test_q4_2024,2024-10-06,841,LOJA 841,57816,OSELTAMIVIR 30MG CAPS/10 GN-NATCOF,105913,0,,1.0,3.0,72.09,73.66,43.8,1.0,0.0,0.0,0.0,0.0,,,0,static
test_q4_2024,2024-10-07,841,LOJA 841,57816,OSELTAMIVIR 30MG CAPS/10 GN-NATCOF,105913,0,,1.0,3.0,72.09,73.66,43.8,1.0,0.0,0.0,0.0,0.0,3.0,131.4,0,static
test_q4_2024,2024-10-08,841,LOJA 841,57816,OSELTAMIVIR 30MG CAPS/10 GN-NATCOF,105913,0,,1.0,3.0,72.09,73.66,43.8,1.0,0.0,0.0,0.0,0.0,3.0,131.4,0,static
test_q4_2024,2024-10-09,841,LOJA 841,57816,OSELTAMIVIR 30MG CAPS/10 GN-NATCOF,105913,0,,1.0,3.0,72.09,73.66,43.8,1.0,0.0,0.0,0.0,0.0,3.0,131.4,0,static
test_q4_2024,2024-10-10,841,LOJA 841,57816,OSELTAMIVIR 30MG CAPS/10 GN-NATCOF,105913,0,,1.0,3.0,72.09,73.66,43.8,1.0,0.0,0.0,0.0,0.0,3.0,131.4,0,static
test_q4_2024,2024-10-11,841,LOJA 841,57816,OSELTAMIVIR 30MG CAPS/10 GN-NATCOF,105913,1,PAGUE E LEVE,1.0,3.0,72.09,73.66,43.8,1.0,0.0,0.0,1.0,1.0,3.0,131.4,0,static
test_q4_2024,2024-10-12,841,LOJA 841,57816,OSELTAMIVIR 30MG CAPS/10 GN-NATCOF,105913,0,,1.0,3.0,72.09,73.66,43.8,1.0,0.0,0.0,0.0,0.0,2.0,87.6,0,static
test_q4_2024,2024-10-13,841,LOJA 841,57816,OSELTAMIVIR 30MG CAPS/10 GN-NATCOF,105913,0,,1.0,3.0,72.09,73.66,43.8,1.0,0.0,0.0,0.0,0.0,,,0,static
test_q4_2024,2024-10-14,841,LOJA 841,57816,OSELTAMIVIR 30MG CAPS/10 GN-NATCOF,105913,0,,1.0,3.0,72.09,73.66,43.8,1.0,0.0,0.0,0.0,0.0,2.0,87.6,0,static
test_q4_2024,2024-10-15,841,LOJA 841,57816,OSELTAMIVIR 30MG CAPS/10 GN-NATCOF,105913,0,,1.0,3.0,72.09,73.66,43.8,1.0,0.0,0.0,0.0,0.0,2.0,87.6,0,static
test_q4_2024,2024-10-16,841,LOJA 841,57816,OSELTAMIVIR 30MG CAPS/10 GN-NATCOF,105913,0,,1.0,3.0,72.09,73.66,43.8,1.0,0.0,0.0,0.0,0.0,2.0,87.6,0,static
test_q4_2024,2024-10-17,841,LOJA 841,57816,OSELTAMIVIR 30MG CAPS/10 GN-NATCOF,105913,0,,1.0,3.0,72.09,73.66,43.8,1.0,0.0,0.0,0.0,0.0,2.0,87.6,0,static
test_q4_2024,2024-10-18,841,LOJA 841,57816,OSELTAMIVIR 30MG CAPS/10 GN-NATCOF,105913,1,PAGUE E LEVE,1.0,3.0,72.09,73.66,43.8,1.0,0.0,0.0,0.0,0.0,2.0,87.6,0,static
test_q4_2024,2024-10-19,841,LOJA 841,57816,OSELTAMIVIR 30MG CAPS/10 GN-NATCOF,105913,0,,1.0,3.0,72.09,73.66,43.8,1.0,0.0,0.0,0.0,0.0,2.0,87.6,0,static
test_q4_2024,2024-10-20,841,LOJA 841,57816,OSELTAMIVIR 30MG CAPS/10 GN-NATCOF,105913,0,,1.0,3.0,72.09,73.66,43.8,1.0,0.0,0.0,0.0,0.0,,,0,static
test_q4_2024,2024-10-21,841,LOJA 841,57816,OSELTAMIVIR 30MG CAPS/10 GN-NATCOF,105913,0,,1.0,3.0,72.09,73.66,43.8,1.0,0.0,0.0,0.0,0.0,2.0,87.6,0,static
test_q4_2024,2024-10-22,841,LOJA 841,57816,OSELTAMIVIR 30MG CAPS/10 GN-NATCOF,105913,0,,1.0,3.0,72.09,73.66,43.8,1.0,0.0,0.0,0.0,0.0,2.0,87.6,0,static
test_q4_2024,2024-10-23,841,LOJA 841,57816,OSELTAMIVIR 30MG CAPS/10 GN-NATCOF,105913,0,,1.0,3.0,72.09,73.66,43.8,1.0,0.0,0.0,0.0,0.0,2.0,87.6,0,static
test_q4_2024,2024-10-24,841,LOJA 841,57816,OSELTAMIVIR 30MG CAPS/10 GN-NATCOF,105913,0,,1.0,3.0,72.09,73.66,43.8,1.0,0.0,0.0,0.0,0.0,2.0,87.6,0,static
test_q4_2024,2024-10-25,841,LOJA 841,57816,OSELTAMIVIR 30MG CAPS/10 GN-NATCOF,105913,1,PAGUE E LEVE,1.0,3.0,72.09,73.66,43.8,1.0,0.0,0.0,0.0,0.0,2.0,87.6,0,static
test_q4_2024,2024-10-26,841,LOJA 841,57816,OSELTAMIVIR 30MG CAPS/10 GN-NATCOF,105913,0,,1.0,3.0,72.09,73.66,43.8,1.0,0.0,0.0,0.0,0.0,2.0,87.6,0,static
test_q4_2024,2024-10-27,841,LOJA 841,57816,OSELTAMIVIR 30MG CAPS/10 GN-NATCOF,105913,0,,1.0,3.0,72.09,73.66,43.8,1.0,0.0,0.0,0.0,0.0,,,0,static
test_q4_2024,2024-10-28,841,LOJA 841,57816,OSELTAMIVIR 30MG CAPS/10 GN-NATCOF,105913,0,,1.0,3.0,72.09,73.66,43.8,1.0,0.0,0.0,0.0,0.0,2.0,87.6,0,static
test_q4_2024,2024-10-29,841,LOJA 841,57816,OSELTAMIVIR 30MG CAPS/10 GN-NATCOF,105913,0,,1.0,3.0,72.09,73.66,43.8,1.0,0.0,0.0,0.0,0.0,2.0,87.6,0,static
test_q4_2024,2024-10-30,841,LOJA 841,57816,OSELTAMIVIR 30MG CAPS/10 GN-NATCOF,105913,0,,1.0,3.0,72.09,73.66,43.8,1.0,0.0,0.0,0.0,0.0,2.0,87.6,0,static
test_q4_2024,2024-10-31,841,LOJA 841,57816,OSELTAMIVIR 30MG CAPS/10 GN-NATCOF,105913,0,,1.0,3.0,72.09,73.66,43.8,1.0,0.0,0.0,0.0,0.0,2.0,87.6,0,static
test_q4_2024,2024-11-01,841,LOJA 841,57816,OSELTAMIVIR 30MG CAPS/10 GN-NATCOF,105913,1,PAGUE E LEVE,1.0,3.0,72.09,73.66,43.8,1.0,0.0,0.0,0.0,0.0,2.0,87.6,0,static
test_q4_2024,2024-11-02,841,LOJA 841,57816,OSELTAMIVIR 30MG CAPS/10 GN-NATCOF,105913,0,,1.0,3.0,72.09,73.66,43.8,1.0,0.0,0.0,0.0,0.0,2.0,87.6,0,static
test_q4_2024,2024-11-03,841,LOJA 841,57816,OSELTAMIVIR 30MG CAPS/10 GN-NATCOF,105913,0,,1.0,3.0,72.09,73.66,43.8,1.0,0.0,0.0,0.0,0.0,,,0,static
test_q4_2024,2024-11-04,841,LOJA 841,57816,OSELTAMIVIR 30MG CAPS/10 GN-NATCOF,105913,0,,1.0,3.0,72.09,73.66,43.8,1.0,0.0,0.0,0.0,0.0,2.0,87.6,0,static
test_q4_2024,2024-11-05,841,LOJA 841,57816,OSELTAMIVIR 30MG CAPS/10 GN-NATCOF,105913,0,,1.0,3.0,72.09,73.66,43.8,1.0,0.0,0.0,0.0,0.0,2.0,87.6,0,static
test_q4_2024,2024-11-06,841,LOJA 841,57816,OSELTAMIVIR 30MG CAPS/10 GN-NATCOF,105913,0,,1.0,3.0,72.09,73.66,43.8,1.0,0.0,0.0,0.0,0.0,2.0,87.6,0,static
test_q4_2024,2024-11-07,841,LOJA 841,57816,OSELTAMIVIR 30MG CAPS/10 GN-NATCOF,105913,0,,1.0,3.0,72.09,73.66,43.8,1.0,0.0,0.0,0.0,0.0,2.0,87.6,0,static
test_q4_2024,2024-11-08,841,LOJA 841,57816,OSELTAMIVIR 30MG CAPS/10 GN-NATCOF,105913,1,PAGUE E LEVE,1.0,3.0,72.09,73.66,43.8,1.0,0.0,0.0,0.0,0.0,2.0,87.6,0,static
test_q4_2024,2024-11-09,841,LOJA 841,57816,OSELTAMIVIR 30MG CAPS/10 GN-NATCOF,105913,0,,1.0,3.0,72.09,73.66,43.8,1.0,0.0,0.0,0.0,0.0,2.0,87.6,0,static
test_q4_2024,2024-11-10,841,LOJA 841,57816,OSELTAMIVIR 30MG CAPS/10 GN-NATCOF,105913,0,,1.0,3.0,72.09,73.66,43.8,1.0,0.0,0.0,0.0,0.0,,,0,static
test_q4_2024,2024-11-11,841,LOJA 841,57816,OSELTAMIVIR 30MG CAPS/10 GN-NATCOF,105913,0,,1.0,3.0,72.09,73.66,43.8,1.0,0.0,0.0,0.0,0.0,2.0,87.6,0,static
test_q4_2024,2024-11-12,841,LOJA 841,57816,OSELTAMIVIR 30MG CAPS/10 GN-NATCOF,105913,0,,1.0,3.0,72.09,73.66,43.8,1.0,0.0,0.0,0.0,0.0,2.0,87.6,0,static
test_q4_2024,2024-11-13,841,LOJA 841,57816,OSELTAMIVIR 30MG CAPS/10 GN-NATCOF,105913,0,,1.0,3.0,72.09,73.66,43.8,1.0,0.0,0.0,0.0,0.0,2.0,87.6,0,static
test_q4_2024,2024-11-14,841,LOJA 841,57816,OSELTAMIVIR 30MG CAPS/10 GN-NATCOF,105913,0,,1.0,3.0,72.09,73.66,43.8,1.0,0.0,0.0,0.0,0.0,2.0,87.6,0,static
test_q4_2024,2024-11-15,841,LOJA 841,57816,OSELTAMIVIR 30MG CAPS/10 GN-NATCOF,105913,1,PAGUE E LEVE,1.0,3.0,72.09,73.66,43.8,1.0,0.0,0.0,0.0,0.0,2.0,87.6,0,static
test_q4_2024,2024-11-16,841,LOJA 841,57816,OSELTAMIVIR 30MG CAPS/10 GN-NATCOF,105913,0,,1.0,3.0,72.09,73.66,43.8,1.0,0.0,0.0,0.0,0.0,2.0,87.6,0,static
test_q4_2024,2024-11-17,841,LOJA 841,57816,OSELTAMIVIR 30MG CAPS/10 GN-NATCOF,105913,0,,1.0,3.0,72.09,73.66,43.8,1.0,0.0,0.0,0.0,0.0,,,0,static
test_q4_2024,2024-11-18,841,LOJA 841,57816,OSELTAMIVIR 30MG CAPS/10 GN-NATCOF,105913,0,,1.0,3.0,72.09,73.66,43.8,1.0,0.0,0.0,0.0,0.0,2.0,87.6,0,static
test_q4_2024,2024-11-19,841,LOJA 841,57816,OSELTAMIVIR 30MG CAPS/10 GN-NATCOF,105913,0,,1.0,3.0,72.09,73.66,43.8,1.0,0.0,0.0,0.0,0.0,2.0,87.6,0,static
test_q4_2024,2024-11-20,841,LOJA 841,57816,OSELTAMIVIR 30MG CAPS/10 GN-NATCOF,105913,0,,1.0,3.0,72.09,73.66,43.8,1.0,0.0,0.0,0.0,0.0,2.0,87.6,0,static
test_q4_2024,2024-11-21,841,LOJA 841,57816,OSELTAMIVIR 30MG CAPS/10 GN-NATCOF,105913,0,,1.0,3.0,72.09,73.66,43.8,1.0,0.0,0.0,0.0,0.0,2.0,87.6,0,static
test_q4_2024,2024-11-22,841,LOJA 841,57816,OSELTAMIVIR 30MG CAPS/10 GN-NATCOF,105913,1,PAGUE E LEVE,1.0,3.0,72.09,73.66,43.8,1.0,0.0,0.0,0.0,0.0,2.0,87.6,0,static
test_q4_2024,2024-11-23,841,LOJA 841,57816,OSELTAMIVIR 30MG CAPS/10 GN-NATCOF,105913,0,,1.0,3.0,72.09,73.66,43.8,1.0,0.0,0.0,0.0,0.0,2.0,87.6,0,static
test_q4_2024,2024-11-24,841,LOJA 841,57816,OSELTAMIVIR 30MG CAPS/10 GN-NATCOF,105913,0,,1.0,3.0,72.09,73.66,43.8,1.0,0.0,0.0,0.0,0.0,,,0,static
test_q4_2024,2024-11-25,841,LOJA 841,57816,OSELTAMIVIR 30MG CAPS/10 GN-NATCOF,105913,0,,1.0,3.0,72.09,73.66,43.8,1.0,0.0,0.0,0.0,0.0,2.0,87.6,0,static
test_q4_2024,2024-11-26,841,LOJA 841,57816,OSELTAMIVIR 30MG CAPS/10 GN-NATCOF,105913,0,,1.0,3.0,72.09,73.66,43.8,1.0,0.0,0.0,0.0,0.0,2.0,87.6,0,static
test_q4_2024,2024-11-27,841,LOJA 841,57816,OSELTAMIVIR 30MG CAPS/10 GN-NATCOF,105913,0,,1.0,3.0,72.09,73.66,43.8,1.0,0.0,0.0,0.0,0.0,2.0,87.6,0,static
test_q4_2024,2024-11-28,841,LOJA 841,57816,OSELTAMIVIR 30MG CAPS/10 GN-NATCOF,105913,0,,1.0,3.0,72.09,73.66,43.8,1.0,0.0,0.0,0.0,0.0,2.0,87.6,0,static
test_q4_2024,2024-11-29,841,LOJA 841,57816,OSELTAMIVIR 30MG CAPS/10 GN-NATCOF,105913,1,PAGUE E LEVE,1.0,3.0,72.09,73.66,43.8,1.0,0.0,0.0,0.0,0.0,2.0,87.6,0,static
test_q4_2024,2024-11-30,841,LOJA 841,57816,OSELTAMIVIR 30MG CAPS/10 GN-NATCOF,105913,0,,1.0,3.0,72.09,73.66,43.8,1.0,0.0,0.0,0.0,0.0,2.0,87.6,0,static
test_q4_2024,2024-12-01,841,LOJA 841,57816,OSELTAMIVIR 30MG CAPS/10 GN-NATCOF,105913,0,,1.0,3.0,72.09,73.66,43.8,1.0,0.0,0.0,0.0,0.0,,,0,static
test_q4_2024,2024-12-02,841,LOJA 841,57816,OSELTAMIVIR 30MG CAPS/10 GN-NATCOF,105913,0,,1.0,3.0,72.09,73.66,43.8,1.0,0.0,0.0,0.0,0.0,2.0,87.6,0,static
test_q4_2024,2024-12-03,841,LOJA 841,57816,OSELTAMIVIR 30MG CAPS/10 GN-NATCOF,105913,0,,1.0,3.0,72.09,73.66,43.8,1.0,0.0,0.0,0.0,0.0,2.0,87.6,0,static
test_q4_2024,2024-12-04,841,LOJA 841,57816,OSELTAMIVIR 30MG CAPS/10 GN-NATCOF,105913,0,,1.0,3.0,72.09,73.66,43.8,1.0,0.0,0.0,0.0,0.0,2.0,87.6,0,static
test_q4_2024,2024-12-05,841,LOJA 841,57816,OSELTAMIVIR 30MG CAPS/10 GN-NATCOF,105913,0,,1.0,3.0,72.09,73.66,43.8,1.0,0.0,0.0,0.0,0.0,2.0,87.6,0,static
test_q4_2024,2024-12-06,841,LOJA 841,57816,OSELTAMIVIR 30MG CAPS/10 GN-NATCOF,105913,1,PAGUE E LEVE,1.0,3.0,72.09,73.66,43.8,1.0,0.0,0.0,0.0,0.0,2.0,87.6,0,static
test_q4_2024,2024-12-07,841,LOJA 841,57816,OSELTAMIVIR 30MG CAPS/10 GN-NATCOF,105913,0,,1.0,3.0,72.09,73.66,43.8,1.0,0.0,0.0,0.0,0.0,2.0,87.6,0,static
test_q4_2024,2024-12-08,841,LOJA 841,57816,OSELTAMIVIR 30MG CAPS/10 GN-NATCOF,105913,0,,1.0,3.0,72.09,73.66,43.8,1.0,0.0,0.0,2.0,2.0,,,0,static
test_q4_2024,2024-12-09,841,LOJA 841,57816,OSELTAMIVIR 30MG CAPS/10 GN-NATCOF,105913,0,,1.0,3.0,72.09,73.66,43.8,1.0,0.0,0.0,0.0,0.0,0.0,0.0,1,static
test_q4_2024,2024-12-10,841,LOJA 841,57816,OSELTAMIVIR 30MG CAPS/10 GN-NATCOF,105913,0,,1.0,3.0,72.09,73.66,43.8,1.0,0.0,0.0,0.0,0.0,0.0,0.0,1,static
test_q4_2024,2024-12-11,841,LOJA 841,57816,OSELTAMIVIR 30MG CAPS/10 GN-NATCOF,105913,0,,1.0,3.0,72.09,73.66,43.8,1.0,0.0,0.0,0.0,0.0,0.0,0.0,1,static
test_q4_2024,2024-12-12,841,LOJA 841,57816,OSELTAMIVIR 30MG CAPS/10 GN-NATCOF,105913,0,,1.0,3.0,72.09,73.66,43.8,1.0,0.0,0.0,0.0,0.0,2.0,87.6,0,static
test_q4_2024,2024-12-13,841,LOJA 841,57816,OSELTAMIVIR 30MG CAPS/10 GN-NATCOF,105913,1,PAGUE E LEVE,1.0,3.0,72.09,73.66,43.8,1.0,0.0,0.0,0.0,0.0,2.0,87.6,0,static
test_q4_2024,2024-12-14,841,LOJA 841,57816,OSELTAMIVIR 30MG CAPS/10 GN-NATCOF,105913,0,,1.0,3.0,72.09,73.66,43.8,1.0,0.0,0.0,0.0,0.0,2.0,87.6,0,static
test_q4_2024,2024-12-15,841,LOJA 841,57816,OSELTAMIVIR 30MG CAPS/10 GN-NATCOF,105913,0,,1.0,3.0,72.09,73.66,43.8,1.0,0.0,0.0,0.0,0.0,,,0,static
test_q4_2024,2024-12-16,841,LOJA 841,57816,OSELTAMIVIR 30MG CAPS/10 GN-NATCOF,105913,0,,1.0,3.0,72.09,73.66,43.8,1.0,0.0,0.0,0.0,0.0,2.0,87.6,0,static
test_q4_2024,2024-12-17,841,LOJA 841,57816,OSELTAMIVIR 30MG CAPS/10 GN-NATCOF,105913,0,,1.0,3.0,72.09,73.66,43.8,1.0,0.0,0.0,0.0,0.0,2.0,87.6,0,static
test_q4_2024,2024-12-18,841,LOJA 841,57816,OSELTAMIVIR 30MG CAPS/10 GN-NATCOF,105913,0,,1.0,3.0,72.09,73.66,43.8,1.0,0.0,0.0,0.0,0.0,2.0,87.6,0,static
test_q4_2024,2024-12-19,841,LOJA 841,57816,OSELTAMIVIR 30MG CAPS/10 GN-NATCOF,105913,0,,1.0,3.0,72.09,73.66,43.8,1.0,0.0,0.0,0.0,0.0,2.0,87.6,0,static
test_q4_2024,2024-12-20,841,LOJA 841,57816,OSELTAMIVIR 30MG CAPS/10 GN-NATCOF,105913,1,PAGUE E LEVE,1.0,3.0,72.09,73.66,43.8,1.0,0.0,0.0,0.0,0.0,2.0,87.6,0,static
test_q4_2024,2024-12-21,841,LOJA 841,57816,OSELTAMIVIR 30MG CAPS/10 GN-NATCOF,105913,0,,1.0,3.0,72.09,73.66,43.8,1.0,0.0,0.0,0.0,0.0,2.0,87.6,0,static
test_q4_2024,2024-12-22,841,LOJA 841,57816,OSELTAMIVIR 30MG CAPS/10 GN-NATCOF,105913,0,,1.0,3.0,72.09,73.66,43.8,1.0,0.0,0.0,0.0,0.0,,,0,static
test_q4_2024,2024-12-23,841,LOJA 841,57816,OSELTAMIVIR 30MG CAPS/10 GN-NATCOF,105913,0,,1.0,3.0,72.09,73.66,43.8,1.0,0.0,0.0,0.0,0.0,2.0,87.6,0,static
test_q4_2024,2024-12-24,841,LOJA 841,57816,OSELTAMIVIR 30MG CAPS/10 GN-NATCOF,105913,0,,1.0,3.0,72.09,73.66,43.8,1.0,0.0,0.0,0.0,0.0,2.0,87.6,0,static
test_q4_2024,2024-12-25,841,LOJA 841,57816,OSELTAMIVIR 30MG CAPS/10 GN-NATCOF,105913,0,,1.0,3.0,72.09,73.66,43.8,1.0,0.0,0.0,0.0,0.0,2.0,87.6,0,static
test_q4_2024,2024-12-26,841,LOJA 841,57816,OSELTAMIVIR 30MG CAPS/10 GN-NATCOF,105913,0,,1.0,3.0,72.09,73.66,43.8,1.0,0.0,0.0,0.0,0.0,2.0,87.6,0,static
test_q4_2024,2024-12-27,841,LOJA 841,57816,OSELTAMIVIR 30MG CAPS/10 GN-NATCOF,105913,1,PAGUE E LEVE,1.0,3.0,72.09,73.66,43.8,1.0,0.0,0.0,0.0,0.0,2.0,87.6,0,static
test_q4_2024,2024-12-28,841,LOJA 841,57816,OSELTAMIVIR 30MG CAPS/10 GN-NATCOF,105913,0,,1.0,3.0,72.09,73.66,43.8,1.0,0.0,0.0,2.0,2.0,2.0,87.6,0,static
test_q4_2024,2024-12-29,841,LOJA 841,57816,OSELTAMIVIR 30MG CAPS/10 GN-NATCOF,105913,0,,1.0,3.0,72.09,73.66,43.8,1.0,0.0,0.0,0.0,0.0,,,0,static
test_q4_2024,2024-12-30,841,LOJA 841,57816,OSELTAMIVIR 30MG CAPS/10 GN-NATCOF,105913,0,,1.0,3.0,72.09,73.66,43.8,1.0,0.0,0.0,0.0,0.0,0.0,0.0,1,static
test_q4_2024,2024-12-31,841,LOJA 841,57816,OSELTAMIVIR 30MG CAPS/10 GN-NATCOF,105913,0,,1.0,3.0,72.09,73.66,43.8,1.0,0.0,0.0,0.0,0.0,0.0,0.0,1,static
test_q4_2024,2024-10-01,841,LOJA 841,57817,OSELTAMIVIR 45MG CAPS/10 GN-NATCOF,105913,1,PAGUE E LEVE,1.0,3.0,108.14,110.2,65.71,1.0,0.0,0.1336,0.0,0.0,1.0,65.7,0,static
test_q4_2024,2024-10-02,841,LOJA 841,57817,OSELTAMIVIR 45MG CAPS/10 GN-NATCOF,105913,0,,1.0,3.0,108.14,110.2,65.71,1.0,0.0,0.1336,0.0,0.0,1.0,65.7,0,static
test_q4_2024,2024-10-03,841,LOJA 841,57817,OSELTAMIVIR 45MG CAPS/10 GN-NATCOF,105913,0,,1.0,3.0,108.14,110.2,65.71,1.0,0.0,0.1336,0.0,0.0,1.0,65.7,0,static
test_q4_2024,2024-10-04,841,LOJA 841,57817,OSELTAMIVIR 45MG CAPS/10 GN-NATCOF,105913,1,PAGUE E LEVE,1.0,3.0,108.14,110.2,65.71,1.0,0.0,0.1336,0.0,0.0,1.0,65.7,0,static
test_q4_2024,2024-10-05,841,LOJA 841,57817,OSELTAMIVIR 45MG CAPS/10 GN-NATCOF,105913,0,,1.0,3.0,108.14,110.2,65.71,1.0,0.0,0.1336,0.0,0.0,1.0,65.7,0,static
test_q4_2024,2024-10-06,841,LOJA 841,57817,OSELTAMIVIR 45MG CAPS/10 GN-NATCOF,105913,0,,1.0,3.0,108.14,110.2,65.71,1.0,0.0,0.1336,0.0,0.0,,,0,static
test_q4_2024,2024-10-07,841,LOJA 841,57817,OSELTAMIVIR 45MG CAPS/10 GN-NATCOF,105913,0,,1.0,3.0,108.14,110.2,65.71,1.0,0.0,0.1336,0.0,0.0,2.0,131.42,0,static
test_q4_2024,2024-10-08,841,LOJA 841,57817,OSELTAMIVIR 45MG CAPS/10 GN-NATCOF,105913,0,,1.0,3.0,108.14,110.2,65.71,1.0,0.0,0.1336,0.0,0.0,2.0,131.42,0,static
test_q4_2024,2024-10-09,841,LOJA 841,57817,OSELTAMIVIR 45MG CAPS/10 GN-NATCOF,105913,0,,1.0,3.0,108.14,110.2,65.71,1.0,0.0,0.1336,0.0,0.0,2.0,131.42,0,static
test_q4_2024,2024-10-10,841,LOJA 841,57817,OSELTAMIVIR 45MG CAPS/10 GN-NATCOF,105913,0,,1.0,3.0,108.14,110.2,65.71,1.0,0.0,0.1336,0.0,0.0,2.0,131.42,0,static
test_q4_2024,2024-10-11,841,LOJA 841,57817,OSELTAMIVIR 45MG CAPS/10 GN-NATCOF,105913,1,PAGUE E LEVE,1.0,3.0,108.14,110.2,65.71,1.0,0.0,0.1336,0.0,0.0,2.0,131.42,0,static
test_q4_2024,2024-10-12,841,LOJA 841,57817,OSELTAMIVIR 45MG CAPS/10 GN-NATCOF,105913,0,,1.0,3.0,108.14,110.2,65.71,1.0,0.0,0.1336,0.0,0.0,2.0,131.42,0,static
test_q4_2024,2024-10-13,841,LOJA 841,57817,OSELTAMIVIR 45MG CAPS/10 GN-NATCOF,105913,0,,1.0,3.0,108.14,110.2,65.71,1.0,0.0,0.1336,0.0,0.0,,,0,static
test_q4_2024,2024-10-14,841,LOJA 841,57817,OSELTAMIVIR 45MG CAPS/10 GN-NATCOF,105913,0,,1.0,3.0,108.14,110.2,65.71,1.0,0.0,0.1336,0.0,0.0,2.0,131.42,0,static
test_q4_2024,2024-10-15,841,LOJA 841,57817,OSELTAMIVIR 45MG CAPS/10 GN-NATCOF,105913,0,,1.0,3.0,108.14,110.2,65.71,1.0,0.0,0.1336,0.0,0.0,2.0,131.42,0,static
test_q4_2024,2024-10-16,841,LOJA 841,57817,OSELTAMIVIR 45MG CAPS/10 GN-NATCOF,105913,0,,1.0,3.0,108.14,110.2,65.71,1.0,0.0,0.1336,0.0,0.0,2.0,131.42,0,static
test_q4_2024,2024-10-17,841,LOJA 841,57817,OSELTAMIVIR 45MG CAPS/10 GN-NATCOF,105913,0,,1.0,3.0,108.14,110.2,65.71,1.0,0.0,0.1336,0.0,0.0,2.0,131.42,0,static
test_q4_2024,2024-10-18,841,LOJA 841,57817,OSELTAMIVIR 45MG CAPS/10 GN-NATCOF,105913,1,PAGUE E LEVE,1.0,3.0,108.14,110.2,65.71,1.0,0.0,0.1336,0.0,0.0,2.0,131.42,0,static
test_q4_2024,2024-10-19,841,LOJA 841,57817,OSELTAMIVIR 45MG CAPS/10 GN-NATCOF,105913,0,,1.0,3.0,108.14,110.2,65.71,1.0,0.0,0.1336,0.0,0.0,2.0,131.42,0,static
test_q4_2024,2024-10-20,841,LOJA 841,57817,OSELTAMIVIR 45MG CAPS/10 GN-NATCOF,105913,0,,1.0,3.0,108.14,110.2,65.71,1.0,0.0,0.1336,0.0,0.0,,,0,static
test_q4_2024,2024-10-21,841,LOJA 841,57817,OSELTAMIVIR 45MG CAPS/10 GN-NATCOF,105913,0,,1.0,3.0,108.14,110.2,65.71,1.0,0.0,0.1336,0.0,0.0,2.0,131.42,0,static
test_q4_2024,2024-10-22,841,LOJA 841,57817,OSELTAMIVIR 45MG CAPS/10 GN-NATCOF,105913,0,,1.0,3.0,108.14,110.2,65.71,1.0,0.0,0.1336,0.0,0.0,2.0,131.42,0,static
test_q4_2024,2024-10-23,841,LOJA 841,57817,OSELTAMIVIR 45MG CAPS/10 GN-NATCOF,105913,0,,1.0,3.0,108.14,110.2,65.71,1.0,0.0,0.1336,0.0,0.0,2.0,131.42,0,static
test_q4_2024,2024-10-24,841,LOJA 841,57817,OSELTAMIVIR 45MG CAPS/10 GN-NATCOF,105913,0,,1.0,3.0,108.14,110.2,65.71,1.0,0.0,0.1336,0.0,0.0,2.0,131.42,0,static
test_q4_2024,2024-10-25,841,LOJA 841,57817,OSELTAMIVIR 45MG CAPS/10 GN-NATCOF,105913,1,PAGUE E LEVE,1.0,3.0,108.14,110.2,65.71,1.0,0.0,0.1336,0.0,0.0,2.0,131.42,0,static
test_q4_2024,2024-10-26,841,LOJA 841,57817,OSELTAMIVIR 45MG CAPS/10 GN-NATCOF,105913,0,,1.0,3.0,108.14,110.2,65.71,1.0,0.0,0.1336,0.0,0.0,2.0,131.42,0,static
test_q4_2024,2024-10-27,841,LOJA 841,57817,OSELTAMIVIR 45MG CAPS/10 GN-NATCOF,105913,0,,1.0,3.0,108.14,110.2,65.71,1.0,0.0,0.1336,0.0,0.0,,,0,static
test_q4_2024,2024-10-28,841,LOJA 841,57817,OSELTAMIVIR 45MG CAPS/10 GN-NATCOF,105913,0,,1.0,3.0,108.14,110.2,65.71,1.0,0.0,0.1336,0.0,0.0,2.0,131.42,0,static
test_q4_2024,2024-10-29,841,LOJA 841,57817,OSELTAMIVIR 45MG CAPS/10 GN-NATCOF,105913,0,,1.0,3.0,108.14,110.2,65.71,1.0,0.0,0.1336,0.0,0.0,2.0,131.42,0,static
test_q4_2024,2024-10-30,841,LOJA 841,57817,OSELTAMIVIR 45MG CAPS/10 GN-NATCOF,105913,0,,1.0,3.0,108.14,110.2,65.71,1.0,0.0,0.1336,0.0,0.0,2.0,131.42,0,static
test_q4_2024,2024-10-31,841,LOJA 841,57817,OSELTAMIVIR 45MG CAPS/10 GN-NATCOF,105913,0,,1.0,3.0,108.14,110.2,65.71,1.0,0.0,0.1336,0.0,0.0,2.0,131.42,0,static
test_q4_2024,2024-11-01,841,LOJA 841,57817,OSELTAMIVIR 45MG CAPS/10 GN-NATCOF,105913,1,PAGUE E LEVE,1.0,3.0,108.14,110.2,65.71,1.0,0.0,0.1336,0.0,0.0,2.0,131.42,0,static
test_q4_2024,2024-11-02,841,LOJA 841,57817,OSELTAMIVIR 45MG CAPS/10 GN-NATCOF,105913,0,,1.0,3.0,108.14,110.2,65.71,1.0,0.0,0.1336,0.0,0.0,2.0,131.42,0,static
test_q4_2024,2024-11-03,841,LOJA 841,57817,OSELTAMIVIR 45MG CAPS/10 GN-NATCOF,105913,0,,1.0,3.0,108.14,110.2,65.71,1.0,0.0,0.1336,0.0,0.0,,,0,static
test_q4_2024,2024-11-04,841,LOJA 841,57817,OSELTAMIVIR 45MG CAPS/10 GN-NATCOF,105913,0,,1.0,3.0,108.14,110.2,65.71,1.0,0.0,0.1336,0.0,0.0,2.0,131.42,0,static
test_q4_2024,2024-11-05,841,LOJA 841,57817,OSELTAMIVIR 45MG CAPS/10 GN-NATCOF,105913,0,,1.0,3.0,108.14,110.2,65.71,1.0,0.0,0.1336,0.0,0.0,2.0,131.42,0,static
test_q4_2024,2024-11-06,841,LOJA 841,57817,OSELTAMIVIR 45MG CAPS/10 GN-NATCOF,105913,0,,1.0,3.0,108.14,110.2,65.71,1.0,0.0,0.1336,0.0,0.0,2.0,131.42,0,static
test_q4_2024,2024-11-07,841,LOJA 841,57817,OSELTAMIVIR 45MG CAPS/10 GN-NATCOF,105913,0,,1.0,3.0,108.14,110.2,65.71,1.0,0.0,0.1336,0.0,0.0,2.0,131.42,0,static
test_q4_2024,2024-11-08,841,LOJA 841,57817,OSELTAMIVIR 45MG CAPS/10 GN-NATCOF,105913,1,PAGUE E LEVE,1.0,3.0,108.14,110.2,65.71,1.0,0.0,0.1336,0.0,0.0,2.0,131.42,0,static
test_q4_2024,2024-11-09,841,LOJA 841,57817,OSELTAMIVIR 45MG CAPS/10 GN-NATCOF,105913,0,,1.0,3.0,108.14,110.2,65.71,1.0,0.0,0.1336,0.0,0.0,2.0,131.42,0,static
test_q4_2024,2024-11-10,841,LOJA 841,57817,OSELTAMIVIR 45MG CAPS/10 GN-NATCOF,105913,0,,1.0,3.0,108.14,110.2,65.71,1.0,0.0,0.1336,0.0,0.0,,,0,static
test_q4_2024,2024-11-11,841,LOJA 841,57817,OSELTAMIVIR 45MG CAPS/10 GN-NATCOF,105913,0,,1.0,3.0,108.14,110.2,65.71,1.0,0.0,0.1336,0.0,0.0,2.0,131.42,0,static
test_q4_2024,2024-11-12,841,LOJA 841,57817,OSELTAMIVIR 45MG CAPS/10 GN-NATCOF,105913,0,,1.0,3.0,108.14,110.2,65.71,1.0,0.0,0.1336,0.0,0.0,2.0,131.42,0,static
test_q4_2024,2024-11-13,841,LOJA 841,57817,OSELTAMIVIR 45MG CAPS/10 GN-NATCOF,105913,0,,1.0,3.0,108.14,110.2,65.71,1.0,0.0,0.1336,0.0,0.0,2.0,131.42,0,static
test_q4_2024,2024-11-14,841,LOJA 841,57817,OSELTAMIVIR 45MG CAPS/10 GN-NATCOF,105913,0,,1.0,3.0,108.14,110.2,65.71,1.0,0.0,0.1336,0.0,0.0,2.0,131.42,0,static
test_q4_2024,2024-11-15,841,LOJA 841,57817,OSELTAMIVIR 45MG CAPS/10 GN-NATCOF,105913,1,PAGUE E LEVE,1.0,3.0,108.14,110.2,65.71,1.0,0.0,0.1336,0.0,0.0,2.0,131.42,0,static
test_q4_2024,2024-11-16,841,LOJA 841,57817,OSELTAMIVIR 45MG CAPS/10 GN-NATCOF,105913,0,,1.0,3.0,108.14,110.2,65.71,1.0,0.0,0.1336,0.0,0.0,2.0,131.42,0,static
test_q4_2024,2024-11-17,841,LOJA 841,57817,OSELTAMIVIR 45MG CAPS/10 GN-NATCOF,105913,0,,1.0,3.0,108.14,110.2,65.71,1.0,0.0,0.1336,0.0,0.0,,,0,static
test_q4_2024,2024-11-18,841,LOJA 841,57817,OSELTAMIVIR 45MG CAPS/10 GN-NATCOF,105913,0,,1.0,3.0,108.14,110.2,65.71,1.0,0.0,0.1336,0.0,0.0,2.0,131.42,0,static
test_q4_2024,2024-11-19,841,LOJA 841,57817,OSELTAMIVIR 45MG CAPS/10 GN-NATCOF,105913,0,,1.0,3.0,108.14,110.2,65.71,1.0,0.0,0.1336,0.0,0.0,2.0,131.42,0,static
test_q4_2024,2024-11-20,841,LOJA 841,57817,OSELTAMIVIR 45MG CAPS/10 GN-NATCOF,105913,0,,1.0,3.0,108.14,110.2,65.71,1.0,0.0,0.1336,0.0,0.0,2.0,131.42,0,static
test_q4_2024,2024-11-21,841,LOJA 841,57817,OSELTAMIVIR 45MG CAPS/10 GN-NATCOF,105913,0,,1.0,3.0,108.14,110.2,65.71,1.0,0.0,0.1336,0.0,0.0,2.0,131.42,0,static
test_q4_2024,2024-11-22,841,LOJA 841,57817,OSELTAMIVIR 45MG CAPS/10 GN-NATCOF,105913,1,PAGUE E LEVE,1.0,3.0,108.14,110.2,65.71,1.0,0.0,0.1336,0.0,0.0,2.0,131.42,0,static
test_q4_2024,2024-11-23,841,LOJA 841,57817,OSELTAMIVIR 45MG CAPS/10 GN-NATCOF,105913,0,,1.0,3.0,108.14,110.2,65.71,1.0,0.0,0.1336,0.0,0.0,2.0,131.42,0,static
test_q4_2024,2024-11-24,841,LOJA 841,57817,OSELTAMIVIR 45MG CAPS/10 GN-NATCOF,105913,0,,1.0,3.0,108.14,110.2,65.71,1.0,0.0,0.1336,0.0,0.0,,,0,static
test_q4_2024,2024-11-25,841,LOJA 841,57817,OSELTAMIVIR 45MG CAPS/10 GN-NATCOF,105913,0,,1.0,3.0,108.14,110.2,65.71,1.0,0.0,0.1336,0.0,0.0,2.0,131.42,0,static
test_q4_2024,2024-11-26,841,LOJA 841,57817,OSELTAMIVIR 45MG CAPS/10 GN-NATCOF,105913,0,,1.0,3.0,108.14,110.2,65.71,1.0,0.0,0.1336,0.0,0.0,2.0,131.42,0,static
test_q4_2024,2024-11-27,841,LOJA 841,57817,OSELTAMIVIR 45MG CAPS/10 GN-NATCOF,105913,0,,1.0,3.0,108.14,110.2,65.71,1.0,0.0,0.1336,0.0,0.0,2.0,131.42,0,static
test_q4_2024,2024-11-28,841,LOJA 841,57817,OSELTAMIVIR 45MG CAPS/10 GN-NATCOF,105913,0,,1.0,3.0,108.14,110.2,65.71,1.0,0.0,0.1336,0.0,0.0,2.0,131.42,0,static
test_q4_2024,2024-11-29,841,LOJA 841,57817,OSELTAMIVIR 45MG CAPS/10 GN-NATCOF,105913,1,PAGUE E LEVE,1.0,3.0,108.14,110.2,65.71,1.0,0.0,0.1336,0.0,0.0,2.0,131.42,0,static
test_q4_2024,2024-11-30,841,LOJA 841,57817,OSELTAMIVIR 45MG CAPS/10 GN-NATCOF,105913,0,,1.0,3.0,108.14,110.2,65.71,1.0,0.0,0.1336,0.0,0.0,2.0,131.42,0,static
test_q4_2024,2024-12-01,841,LOJA 841,57817,OSELTAMIVIR 45MG CAPS/10 GN-NATCOF,105913,0,,1.0,3.0,108.14,110.2,65.71,1.0,0.0,0.1336,0.0,0.0,,,0,static
test_q4_2024,2024-12-02,841,LOJA 841,57817,OSELTAMIVIR 45MG CAPS/10 GN-NATCOF,105913,0,,1.0,3.0,108.14,110.2,65.71,1.0,0.0,0.1336,0.0,0.0,2.0,131.42,0,static
test_q4_2024,2024-12-03,841,LOJA 841,57817,OSELTAMIVIR 45MG CAPS/10 GN-NATCOF,105913,0,,1.0,3.0,108.14,110.2,65.71,1.0,0.0,0.1336,0.0,0.0,2.0,131.42,0,static
test_q4_2024,2024-12-04,841,LOJA 841,57817,OSELTAMIVIR 45MG CAPS/10 GN-NATCOF,105913,0,,1.0,3.0,108.14,110.2,65.71,1.0,0.0,0.1336,0.0,0.0,2.0,131.42,0,static
test_q4_2024,2024-12-05,841,LOJA 841,57817,OSELTAMIVIR 45MG CAPS/10 GN-NATCOF,105913,0,,1.0,3.0,108.14,110.2,65.71,1.0,0.0,0.1336,0.0,0.0,2.0,131.42,0,static
test_q4_2024,2024-12-06,841,LOJA 841,57817,OSELTAMIVIR 45MG CAPS/10 GN-NATCOF,105913,1,PAGUE E LEVE,1.0,3.0,108.14,110.2,65.71,1.0,0.0,0.1336,0.0,0.0,2.0,131.42,0,static
test_q4_2024,2024-12-07,841,LOJA 841,57817,OSELTAMIVIR 45MG CAPS/10 GN-NATCOF,105913,0,,1.0,3.0,108.14,110.2,65.71,1.0,0.0,0.1336,0.0,0.0,2.0,131.42,0,static
test_q4_2024,2024-12-08,841,LOJA 841,57817,OSELTAMIVIR 45MG CAPS/10 GN-NATCOF,105913,0,,1.0,3.0,108.14,110.2,65.71,1.0,0.0,0.1336,0.0,0.0,,,0,static
test_q4_2024,2024-12-09,841,LOJA 841,57817,OSELTAMIVIR 45MG CAPS/10 GN-NATCOF,105913,0,,1.0,3.0,108.14,110.2,65.71,1.0,0.0,0.1336,0.0,0.0,2.0,131.42,0,static
test_q4_2024,2024-12-10,841,LOJA 841,57817,OSELTAMIVIR 45MG CAPS/10 GN-NATCOF,105913,0,,1.0,3.0,108.14,110.2,65.71,1.0,0.0,0.1336,1.0,1.0,2.0,131.42,0,static
test_q4_2024,2024-12-11,841,LOJA 841,57817,OSELTAMIVIR 45MG CAPS/10 GN-NATCOF,105913,0,,1.0,3.0,108.14,110.2,65.71,1.0,0.0,0.1336,0.0,0.0,1.0,65.71,0,static
test_q4_2024,2024-12-12,841,LOJA 841,57817,OSELTAMIVIR 45MG CAPS/10 GN-NATCOF,105913,0,,1.0,3.0,108.14,110.2,65.71,1.0,0.0,0.1336,0.0,0.0,1.0,65.71,0,static
test_q4_2024,2024-12-13,841,LOJA 841,57817,OSELTAMIVIR 45MG CAPS/10 GN-NATCOF,105913,1,PAGUE E LEVE,1.0,3.0,108.14,110.2,65.71,1.0,0.0,0.1336,0.0,0.0,1.0,65.71,0,static
test_q4_2024,2024-12-14,841,LOJA 841,57817,OSELTAMIVIR 45MG CAPS/10 GN-NATCOF,105913,0,,1.0,3.0,108.14,110.2,65.71,1.0,0.0,0.1336,0.0,0.0,1.0,65.71,0,static
test_q4_2024,2024-12-15,841,LOJA 841,57817,OSELTAMIVIR 45MG CAPS/10 GN-NATCOF,105913,0,,1.0,3.0,108.14,110.2,65.71,1.0,0.0,0.1336,0.0,0.0,,,0,static
test_q4_2024,2024-12-16,841,LOJA 841,57817,OSELTAMIVIR 45MG CAPS/10 GN-NATCOF,105913,0,,1.0,3.0,108.14,110.2,65.71,1.0,0.0,0.1336,0.0,0.0,1.0,65.71,0,static
test_q4_2024,2024-12-17,841,LOJA 841,57817,OSELTAMIVIR 45MG CAPS/10 GN-NATCOF,105913,0,,1.0,3.0,108.14,110.2,65.71,1.0,0.0,0.1336,0.0,0.0,1.0,65.71,0,static
test_q4_2024,2024-12-18,841,LOJA 841,57817,OSELTAMIVIR 45MG CAPS/10 GN-NATCOF,105913,0,,1.0,3.0,108.14,110.2,65.71,1.0,0.0,0.1336,0.0,0.0,1.0,65.71,0,static
test_q4_2024,2024-12-19,841,LOJA 841,57817,OSELTAMIVIR 45MG CAPS/10 GN-NATCOF,105913,0,,1.0,3.0,108.14,110.2,65.71,1.0,0.0,0.1336,0.0,0.0,2.0,131.42,0,static
test_q4_2024,2024-12-20,841,LOJA 841,57817,OSELTAMIVIR 45MG CAPS/10 GN-NATCOF,105913,1,PAGUE E LEVE,1.0,3.0,108.14,110.2,65.71,1.0,0.0,0.1336,0.0,0.0,2.0,131.42,0,static
test_q4_2024,2024-12-21,841,LOJA 841,57817,OSELTAMIVIR 45MG CAPS/10 GN-NATCOF,105913,0,,1.0,3.0,108.14,110.2,65.71,1.0,0.0,0.1336,0.0,0.0,2.0,131.42,0,static
test_q4_2024,2024-12-22,841,LOJA 841,57817,OSELTAMIVIR 45MG CAPS/10 GN-NATCOF,105913,0,,1.0,3.0,108.14,110.2,65.71,1.0,0.0,0.1336,0.0,0.0,,,0,static
test_q4_2024,2024-12-23,841,LOJA 841,57817,OSELTAMIVIR 45MG CAPS/10 GN-NATCOF,105913,0,,1.0,3.0,108.14,110.2,65.71,1.0,0.0,0.1336,0.0,0.0,2.0,131.42,0,static
test_q4_2024,2024-12-24,841,LOJA 841,57817,OSELTAMIVIR 45MG CAPS/10 GN-NATCOF,105913,0,,1.0,3.0,108.14,110.2,65.71,1.0,0.0,0.1336,0.0,0.0,2.0,131.42,0,static
test_q4_2024,2024-12-25,841,LOJA 841,57817,OSELTAMIVIR 45MG CAPS/10 GN-NATCOF,105913,0,,1.0,3.0,108.14,110.2,65.71,1.0,0.0,0.1336,0.0,0.0,2.0,131.42,0,static
test_q4_2024,2024-12-26,841,LOJA 841,57817,OSELTAMIVIR 45MG CAPS/10 GN-NATCOF,105913,0,,1.0,3.0,108.14,110.2,65.71,1.0,0.0,0.1336,0.0,0.0,2.0,131.42,0,static
test_q4_2024,2024-12-27,841,LOJA 841,57817,OSELTAMIVIR 45MG CAPS/10 GN-NATCOF,105913,1,PAGUE E LEVE,1.0,3.0,108.14,110.2,65.71,1.0,0.0,0.1336,0.0,0.0,2.0,131.42,0,static
test_q4_2024,2024-12-28,841,LOJA 841,57817,OSELTAMIVIR 45MG CAPS/10 GN-NATCOF,105913,0,,1.0,3.0,108.14,110.2,65.71,1.0,0.0,0.1336,0.0,0.0,2.0,131.42,0,static
test_q4_2024,2024-12-29,841,LOJA 841,57817,OSELTAMIVIR 45MG CAPS/10 GN-NATCOF,105913,0,,1.0,3.0,108.14,110.2,65.71,1.0,0.0,0.1336,0.0,0.0,,,0,static
test_q4_2024,2024-12-30,841,LOJA 841,57817,OSELTAMIVIR 45MG CAPS/10 GN-NATCOF,105913,0,,1.0,3.0,108.14,110.2,65.71,1.0,0.0,0.1336,0.0,0.0,2.0,131.42,0,static
test_q4_2024,2024-12-31,841,LOJA 841,57817,OSELTAMIVIR 45MG CAPS/10 GN-NATCOF,105913,0,,1.0,3.0,108.14,110.2,65.71,1.0,0.0,0.1336,0.0,0.0,2.0,131.42,0,static
test_q4_2024,2024-10-01,841,LOJA 841,57912,LORATAMED D XPE 60ML,51356,0,,1.0,3.0,24.54,25.9,8.79,1.0,0.0,0.0,0.0,0.0,1.0,8.79,0,static
test_q4_2024,2024-10-02,841,LOJA 841,57912,LORATAMED D XPE 60ML,51356,0,,1.0,3.0,24.54,25.9,8.79,1.0,0.0,0.0,0.0,0.0,1.0,8.79,0,static
test_q4_2024,2024-10-03,841,LOJA 841,57912,LORATAMED D XPE 60ML,51356,0,,1.0,3.0,24.54,25.9,8.79,1.0,0.0,0.0,0.0,0.0,1.0,8.79,0,static
test_q4_2024,2024-10-04,841,LOJA 841,57912,LORATAMED D XPE 60ML,51356,0,,1.0,3.0,24.54,25.9,8.79,1.0,0.0,0.0,0.0,0.0,1.0,8.79,0,static
test_q4_2024,2024-10-05,841,LOJA 841,57912,LORATAMED D XPE 60ML,51356,0,,1.0,3.0,24.54,25.9,8.79,1.0,0.0,0.0,0.0,0.0,1.0,8.79,0,static
test_q4_2024,2024-10-06,841,LOJA 841,57912,LORATAMED D XPE 60ML,51356,0,,1.0,3.0,24.54,25.9,8.79,1.0,0.0,0.0,0.0,0.0,,,0,static
test_q4_2024,2024-10-07,841,LOJA 841,57912,LORATAMED D XPE 60ML,51356,0,,1.0,3.0,24.54,25.9,8.79,1.0,0.0,0.0,0.0,0.0,1.0,8.79,0,static
test_q4_2024,2024-10-08,841,LOJA 841,57912,LORATAMED D XPE 60ML,51356,0,,1.0,3.0,24.54,25.9,8.79,1.0,0.0,0.0,0.0,0.0,1.0,8.79,0,static
test_q4_2024,2024-10-09,841,LOJA 841,57912,LORATAMED D XPE 60ML,51356,0,,1.0,3.0,24.54,25.9,8.79,1.0,0.0,0.0,0.0,0.0,1.0,8.79,0,static
test_q4_2024,2024-10-10,841,LOJA 841,57912,LORATAMED D XPE 60ML,51356,0,,1.0,3.0,24.54,25.9,8.79,1.0,0.0,0.0,0.0,0.0,1.0,8.79,0,static
test_q4_2024,2024-10-11,841,LOJA 841,57912,LORATAMED D XPE 60ML,51356,0,,1.0,3.0,24.54,25.9,8.79,1.0,0.0,0.0,0.0,0.0,1.0,8.79,0,static
test_q4_2024,2024-10-12,841,LOJA 841,57912,LORATAMED D XPE 60ML,51356,0,,1.0,3.0,24.54,25.9,8.79,1.0,0.0,0.0,0.0,0.0,1.0,8.79,0,static
test_q4_2024,2024-10-13,841,LOJA 841,57912,LORATAMED D XPE 60ML,51356,0,,1.0,3.0,24.54,25.9,8.79,1.0,0.0,0.0,0.0,0.0,,,0,static
test_q4_2024,2024-10-14,841,LOJA 841,57912,LORATAMED D XPE 60ML,51356,0,,1.0,3.0,24.54,25.9,8.79,1.0,0.0,0.0,0.0,0.0,1.0,8.79,0,static
test_q4_2024,2024-10-15,841,LOJA 841,57912,LORATAMED D XPE 60ML,51356,0,,1.0,3.0,24.54,25.9,8.79,1.0,0.0,0.0,0.0,0.0,1.0,8.79,0,static
test_q4_2024,2024-10-16,841,LOJA 841,57912,LORATAMED D XPE 60ML,51356,0,,1.0,3.0,24.54,25.9,8.79,1.0,0.0,0.0,0.0,0.0,1.0,8.79,0,static
test_q4_2024,2024-10-17,841,LOJA 841,57912,LORATAMED D XPE 60ML,51356,0,,1.0,3.0,24.54,25.9,8.79,1.0,0.0,0.0,0.0,0.0,1.0,8.79,0,static
test_q4_2024,2024-10-18,841,LOJA 841,57912,LORATAMED D XPE 60ML,51356,0,,1.0,3.0,24.54,25.9,8.79,1.0,0.0,0.0,0.0,0.0,0.0,0.0,1,static
test_q4_2024,2024-10-19,841,LOJA 841,57912,LORATAMED D XPE 60ML,51356,0,,1.0,3.0,24.54,25.9,8.79,1.0,0.0,0.0,0.0,0.0,0.0,0.0,1,static
test_q4_2024,2024-10-20,841,LOJA 841,57912,LORATAMED D XPE 60ML,51356,0,,1.0,3.0,24.54,25.9,8.79,1.0,0.0,0.0,0.0,0.0,,,0,static
test_q4_2024,2024-10-21,841,LOJA 841,57912,LORATAMED D XPE 60ML,51356,0,,1.0,3.0,24.54,25.9,8.79,1.0,0.0,0.0,0.0,0.0,0.0,0.0,1,static
test_q4_2024,2024-10-22,841,LOJA 841,57912,LORATAMED D XPE 60ML,51356,0,,1.0,3.0,24.54,25.9,8.79,1.0,0.0,0.0,0.0,0.0,0.0,0.0,1,static
test_q4_2024,2024-10-23,841,LOJA 841,57912,LORATAMED D XPE 60ML,51356,0,,1.0,3.0,24.54,25.9,8.79,1.0,0.0,0.0,0.0,0.0,0.0,0.0,1,static
test_q4_2024,2024-10-24,841,LOJA 841,57912,LORATAMED D XPE 60ML,51356,0,,1.0,3.0,24.54,25.9,8.79,1.0,0.0,0.0,0.0,0.0,1.0,8.79,0,static
test_q4_2024,2024-10-25,841,LOJA 841,57912,LORATAMED D XPE 60ML,51356,0,,1.0,3.0,24.54,25.9,8.79,1.0,0.0,0.0,0.0,0.0,1.0,8.79,0,static
test_q4_2024,2024-10-26,841,LOJA 841,57912,LORATAMED D XPE 60ML,51356,0,,1.0,3.0,24.54,25.9,8.79,1.0,0.0,0.0,0.0,0.0,1.0,8.79,0,static
test_q4_2024,2024-10-27,841,LOJA 841,57912,LORATAMED D XPE 60ML,51356,0,,1.0,3.0,24.54,25.9,8.79,1.0,0.0,0.0,0.0,0.0,,,0,static
test_q4_2024,2024-10-28,841,LOJA 841,57912,LORATAMED D XPE 60ML,51356,0,,1.0,3.0,24.54,25.9,8.79,1.0,0.0,0.0,0.0,0.0,1.0,8.79,0,static
test_q4_2024,2024-10-29,841,LOJA 841,57912,LORATAMED D XPE 60ML,51356,0,,1.0,3.0,24.54,25.9,8.79,1.0,0.0,0.0,0.0,0.0,1.0,8.79,0,static
test_q4_2024,2024-10-30,841,LOJA 841,57912,LORATAMED D XPE 60ML,51356,0,,1.0,3.0,24.54,25.9,8.79,1.0,0.0,0.0,0.0,0.0,1.0,8.79,0,static
test_q4_2024,2024-10-31,841,LOJA 841,57912,LORATAMED D XPE 60ML,51356,0,,1.0,3.0,24.54,25.9,8.79,1.0,0.0,0.0,0.0,0.0,1.0,8.79,0,static
test_q4_2024,2024-11-01,841,LOJA 841,57912,LORATAMED D XPE 60ML,51356,0,,1.0,3.0,24.54,25.9,8.79,1.0,0.0,0.0,0.0,0.0,1.0,8.79,0,static
test_q4_2024,2024-11-02,841,LOJA 841,57912,LORATAMED D XPE 60ML,51356,0,,1.0,3.0,24.54,25.9,8.79,1.0,0.0,0.0,0.0,0.0,1.0,8.79,0,static
test_q4_2024,2024-11-03,841,LOJA 841,57912,LORATAMED D XPE 60ML,51356,0,,1.0,3.0,24.54,25.9,8.79,1.0,0.0,0.0,0.0,0.0,,,0,static
test_q4_2024,2024-11-04,841,LOJA 841,57912,LORATAMED D XPE 60ML,51356,0,,1.0,3.0,24.54,25.9,8.79,1.0,0.0,0.0,0.0,0.0,1.0,8.79,0,static
test_q4_2024,2024-11-05,841,LOJA 841,57912,LORATAMED D XPE 60ML,51356,0,,1.0,3.0,24.54,25.9,8.79,1.0,0.0,0.0,0.0,0.0,1.0,8.79,0,static
test_q4_2024,2024-11-06,841,LOJA 841,57912,LORATAMED D XPE 60ML,51356,0,,1.0,3.0,24.54,25.9,8.79,1.0,0.0,0.0,0.0,0.0,1.0,8.79,0,static
test_q4_2024,2024-11-07,841,LOJA 841,57912,LORATAMED D XPE 60ML,51356,0,,1.0,3.0,24.54,25.9,8.79,1.0,0.0,0.0,0.0,0.0,1.0,8.79,0,static
test_q4_2024,2024-11-08,841,LOJA 841,57912,LORATAMED D XPE 60ML,51356,0,,1.0,3.0,24.54,25.9,8.79,1.0,0.0,0.0,0.0,0.0,1.0,8.79,0,static
test_q4_2024,2024-11-09,841,LOJA 841,57912,LORATAMED D XPE 60ML,51356,0,,1.0,3.0,24.54,25.9,8.79,1.0,0.0,0.0,0.0,0.0,1.0,8.79,0,static
test_q4_2024,2024-11-10,841,LOJA 841,57912,LORATAMED D XPE 60ML,51356,0,,1.0,3.0,24.54,25.9,8.79,1.0,0.0,0.0,0.0,0.0,,,0,static
test_q4_2024,2024-11-11,841,LOJA 841,57912,LORATAMED D XPE 60ML,51356,0,,1.0,3.0,24.54,25.9,8.79,1.0,0.0,0.0,0.0,0.0,1.0,8.79,0,static
test_q4_2024,2024-11-12,841,LOJA 841,57912,LORATAMED D XPE 60ML,51356,0,,1.0,3.0,24.54,25.9,8.79,1.0,0.0,0.0,0.0,0.0,1.0,8.79,0,static
test_q4_2024,2024-11-13,841,LOJA 841,57912,LORATAMED D XPE 60ML,51356,0,,1.0,3.0,24.54,25.9,8.79,1.0,0.0,0.0,0.0,0.0,1.0,8.79,0,static
test_q4_2024,2024-11-14,841,LOJA 841,57912,LORATAMED D XPE 60ML,51356,0,,1.0,3.0,24.54,25.9,8.79,1.0,0.0,0.0,0.0,0.0,1.0,8.79,0,static
test_q4_2024,2024-11-15,841,LOJA 841,57912,LORATAMED D XPE 60ML,51356,0,,1.0,3.0,24.54,25.9,8.79,1.0,0.0,0.0,0.0,0.0,1.0,8.79,0,static
test_q4_2024,2024-11-16,841,LOJA 841,57912,LORATAMED D XPE 60ML,51356,0,,1.0,3.0,24.54,25.9,8.79,1.0,0.0,0.0,0.0,0.0,1.0,8.79,0,static
test_q4_2024,2024-11-17,841,LOJA 841,57912,LORATAMED D XPE 60ML,51356,0,,1.0,3.0,24.54,25.9,8.79,1.0,0.0,0.0,0.0,0.0,,,0,static
test_q4_2024,2024-11-18,841,LOJA 841,57912,LORATAMED D XPE 60ML,51356,0,,1.0,3.0,24.54,25.9,8.79,1.0,0.0,0.0,0.0,0.0,1.0,8.79,0,static
test_q4_2024,2024-11-19,841,LOJA 841,57912,LORATAMED D XPE 60ML,51356,0,,1.0,3.0,24.54,25.9,8.79,1.0,0.0,0.0,0.0,0.0,1.0,8.79,0,static
test_q4_2024,2024-11-20,841,LOJA 841,57912,LORATAMED D XPE 60ML,51356,0,,1.0,3.0,24.54,25.9,8.79,1.0,0.0,0.0,0.0,0.0,1.0,8.79,0,static
test_q4_2024,2024-11-21,841,LOJA 841,57912,LORATAMED D XPE 60ML,51356,0,,1.0,3.0,24.54,25.9,8.79,1.0,0.0,0.0,0.0,0.0,1.0,8.79,0,static
test_q4_2024,2024-11-22,841,LOJA 841,57912,LORATAMED D XPE 60ML,51356,0,,1.0,3.0,24.54,25.9,8.79,1.0,0.0,0.0,0.0,0.0,1.0,8.79,0,static
test_q4_2024,2024-11-23,841,LOJA 841,57912,LORATAMED D XPE 60ML,51356,0,,1.0,3.0,24.54,25.9,8.79,1.0,0.0,0.0,0.0,0.0,1.0,8.79,0,static
test_q4_2024,2024-11-24,841,LOJA 841,57912,LORATAMED D XPE 60ML,51356,0,,1.0,3.0,24.54,25.9,8.79,1.0,0.0,0.0,0.0,0.0,,,0,static
test_q4_2024,2024-11-25,841,LOJA 841,57912,LORATAMED D XPE 60ML,51356,0,,1.0,3.0,24.54,25.9,8.79,1.0,0.0,0.0,0.0,0.0,1.0,8.79,0,static
test_q4_2024,2024-11-26,841,LOJA 841,57912,LORATAMED D XPE 60ML,51356,0,,1.0,3.0,24.54,25.9,8.79,1.0,0.0,0.0,0.0,0.0,1.0,8.79,0,static
test_q4_2024,2024-11-27,841,LOJA 841,57912,LORATAMED D XPE 60ML,51356,0,,1.0,3.0,24.54,25.9,8.79,1.0,0.0,0.0,0.0,0.0,1.0,8.79,0,static
test_q4_2024,2024-11-28,841,LOJA 841,57912,LORATAMED D XPE 60ML,51356,0,,1.0,3.0,24.54,25.9,8.79,1.0,0.0,0.0,0.0,0.0,1.0,8.79,0,static
test_q4_2024,2024-11-29,841,LOJA 841,57912,LORATAMED D XPE 60ML,51356,0,,1.0,3.0,24.54,25.9,8.79,1.0,0.0,0.0,0.0,0.0,1.0,8.79,0,static
test_q4_2024,2024-11-30,841,LOJA 841,57912,LORATAMED D XPE 60ML,51356,0,,1.0,3.0,24.54,25.9,8.79,1.0,0.0,0.0,0.0,0.0,1.0,8.79,0,static
test_q4_2024,2024-12-01,841,LOJA 841,57912,LORATAMED D XPE 60ML,51356,0,,1.0,3.0,24.54,25.9,8.79,1.0,0.0,0.0,0.0,0.0,,,0,static
test_q4_2024,2024-12-02,841,LOJA 841,57912,LORATAMED D XPE 60ML,51356,0,,1.0,3.0,24.54,25.9,8.79,1.0,0.0,0.0,0.0,0.0,1.0,8.79,0,static
test_q4_2024,2024-12-03,841,LOJA 841,57912,LORATAMED D XPE 60ML,51356,0,,1.0,3.0,24.54,25.9,8.79,1.0,0.0,0.0,0.0,0.0,1.0,8.79,0,static
test_q4_2024,2024-12-04,841,LOJA 841,57912,LORATAMED D XPE 60ML,51356,0,,1.0,3.0,24.54,25.9,8.79,1.0,0.0,0.0,0.0,0.0,1.0,8.79,0,static
test_q4_2024,2024-12-05,841,LOJA 841,57912,LORATAMED D XPE 60ML,51356,0,,1.0,3.0,24.54,25.9,8.79,1.0,0.0,0.0,0.0,0.0,1.0,8.79,0,static
test_q4_2024,2024-12-06,841,LOJA 841,57912,LORATAMED D XPE 60ML,51356,0,,1.0,3.0,24.54,25.9,8.79,1.0,0.0,0.0,0.0,0.0,1.0,8.79,0,static
test_q4_2024,2024-12-07,841,LOJA 841,57912,LORATAMED D XPE 60ML,51356,0,,1.0,3.0,24.54,25.9,8.79,1.0,0.0,0.0,0.0,0.0,1.0,8.79,0,static
test_q4_2024,2024-12-08,841,LOJA 841,57912,LORATAMED D XPE 60ML,51356,0,,1.0,3.0,24.54,25.9,8.79,1.0,0.0,0.0,0.0,0.0,,,0,static
test_q4_2024,2024-12-09,841,LOJA 841,57912,LORATAMED D XPE 60ML,51356,0,,1.0,3.0,24.54,25.9,8.79,1.0,0.0,0.0,0.0,0.0,1.0,8.79,0,static
test_q4_2024,2024-12-10,841,LOJA 841,57912,LORATAMED D XPE 60ML,51356,0,,1.0,3.0,24.54,25.9,8.79,1.0,0.0,0.0,0.0,0.0,1.0,8.79,0,static
test_q4_2024,2024-12-11,841,LOJA 841,57912,LORATAMED D XPE 60ML,51356,0,,1.0,3.0,24.54,25.9,8.79,1.0,0.0,0.0,0.0,0.0,1.0,8.79,0,static
test_q4_2024,2024-12-12,841,LOJA 841,57912,LORATAMED D XPE 60ML,51356,0,,1.0,3.0,24.54,25.9,8.79,1.0,0.0,0.0,0.0,0.0,1.0,8.79,0,static
test_q4_2024,2024-12-13,841,LOJA 841,57912,LORATAMED D XPE 60ML,51356,0,,1.0,3.0,24.54,25.9,8.79,1.0,0.0,0.0,0.0,0.0,1.0,8.79,0,static
test_q4_2024,2024-12-14,841,LOJA 841,57912,LORATAMED D XPE 60ML,51356,0,,1.0,3.0,24.54,25.9,8.79,1.0,0.0,0.0,0.0,0.0,1.0,8.79,0,static
test_q4_2024,2024-12-15,841,LOJA 841,57912,LORATAMED D XPE 60ML,51356,0,,1.0,3.0,24.54,25.9,8.79,1.0,0.0,0.0,0.0,0.0,,,0,static
test_q4_2024,2024-12-16,841,LOJA 841,57912,LORATAMED D XPE 60ML,51356,0,,1.0,3.0,24.54,25.9,8.79,1.0,0.0,0.0,0.0,0.0,1.0,8.79,0,static
test_q4_2024,2024-12-17,841,LOJA 841,57912,LORATAMED D XPE 60ML,51356,0,,1.0,3.0,24.54,25.9,8.79,1.0,0.0,0.0,0.0,0.0,1.0,8.79,0,static
test_q4_2024,2024-12-18,841,LOJA 841,57912,LORATAMED D XPE 60ML,51356,0,,1.0,3.0,24.54,25.9,8.79,1.0,0.0,0.0,0.0,0.0,1.0,8.79,0,static
test_q4_2024,2024-12-19,841,LOJA 841,57912,LORATAMED D XPE 60ML,51356,0,,1.0,3.0,24.54,25.9,8.79,1.0,0.0,0.0,0.0,0.0,1.0,8.79,0,static
test_q4_2024,2024-12-20,841,LOJA 841,57912,LORATAMED D XPE 60ML,51356,0,,1.0,3.0,24.54,25.9,8.79,1.0,0.0,0.0,0.0,0.0,1.0,8.79,0,static
test_q4_2024,2024-12-21,841,LOJA 841,57912,LORATAMED D XPE 60ML,51356,0,,1.0,3.0,24.54,25.9,8.79,1.0,0.0,0.0,0.0,0.0,1.0,8.79,0,static
test_q4_2024,2024-12-22,841,LOJA 841,57912,LORATAMED D XPE 60ML,51356,0,,1.0,3.0,24.54,25.9,8.79,1.0,0.0,0.0,0.0,0.0,,,0,static
test_q4_2024,2024-12-23,841,LOJA 841,57912,LORATAMED D XPE 60ML,51356,0,,1.0,3.0,24.54,25.9,8.79,1.0,0.0,0.0,0.0,0.0,1.0,8.79,0,static
test_q4_2024,2024-12-24,841,LOJA 841,57912,LORATAMED D XPE 60ML,51356,0,,1.0,3.0,24.54,25.9,8.79,1.0,0.0,0.0,0.0,0.0,1.0,8.79,0,static
test_q4_2024,2024-12-25,841,LOJA 841,57912,LORATAMED D XPE 60ML,51356,0,,1.0,3.0,24.54,25.9,8.79,1.0,0.0,0.0,0.0,0.0,1.0,8.79,0,static
test_q4_2024,2024-12-26,841,LOJA 841,57912,LORATAMED D XPE 60ML,51356,0,,1.0,3.0,24.54,25.9,8.79,1.0,0.0,0.0,0.0,0.0,1.0,8.79,0,static
test_q4_2024,2024-12-27,841,LOJA 841,57912,LORATAMED D XPE 60ML,51356,0,,1.0,3.0,24.54,25.9,8.79,1.0,0.0,0.0,0.0,0.0,1.0,8.79,0,static
test_q4_2024,2024-12-28,841,LOJA 841,57912,LORATAMED D XPE 60ML,51356,0,,1.0,3.0,24.54,25.9,8.79,1.0,0.0,0.0,0.0,0.0,1.0,8.79,0,static
test_q4_2024,2024-12-29,841,LOJA 841,57912,LORATAMED D XPE 60ML,51356,0,,1.0,3.0,24.54,25.9,8.79,1.0,0.0,0.0,0.0,0.0,,,0,static
test_q4_2024,2024-12-30,841,LOJA 841,57912,LORATAMED D XPE 60ML,51356,0,,1.0,3.0,24.54,25.9,8.79,1.0,0.0,0.0,0.0,0.0,1.0,8.79,0,static
test_q4_2024,2024-12-31,841,LOJA 841,57912,LORATAMED D XPE 60ML,51356,0,,1.0,3.0,24.54,25.9,8.79,1.0,0.0,0.0,0.0,0.0,1.0,8.79,0,static
test_q4_2024,2024-10-01,841,LOJA 841,58701,ABRILAR XAROPE L-MENTOL 200ML,87021,0,,1.0,3.0,65.43,76.99,42.99,1.0,0.0,0.0,0.0,0.0,3.0,136.17,0,static
test_q4_2024,2024-10-02,841,LOJA 841,58701,ABRILAR XAROPE L-MENTOL 200ML,87021,0,,1.0,3.0,65.43,76.99,42.99,1.0,0.0,0.0,0.0,0.0,3.0,136.17,0,static
test_q4_2024,2024-10-03,841,LOJA 841,58701,ABRILAR XAROPE L-MENTOL 200ML,87021,0,,1.0,3.0,65.43,76.99,42.99,1.0,0.0,0.0,0.0,0.0,3.0,136.17,0,static
test_q4_2024,2024-10-04,841,LOJA 841,58701,ABRILAR XAROPE L-MENTOL 200ML,87021,0,,1.0,3.0,65.43,76.99,42.99,1.0,0.0,0.0,0.0,0.0,3.0,136.17,0,static
test_q4_2024,2024-10-05,841,LOJA 841,58701,ABRILAR XAROPE L-MENTOL 200ML,87021,0,,1.0,3.0,65.43,76.99,42.99,1.0,0.0,0.0,0.0,0.0,3.0,136.17,0,static
test_q4_2024,2024-10-06,841,LOJA 841,58701,ABRILAR XAROPE L-MENTOL 200ML,87021,0,,1.0,3.0,65.43,76.99,42.99,1.0,0.0,0.0,0.0,0.0,,,0,static
test_q4_2024,2024-10-07,841,LOJA 841,58701,ABRILAR XAROPE L-MENTOL 200ML,87021,0,,1.0,3.0,65.43,76.99,42.99,1.0,0.0,0.0,0.0,0.0,3.0,136.17,0,static
test_q4_2024,2024-10-08,841,LOJA 841,58701,ABRILAR XAROPE L-MENTOL 200ML,87021,0,,1.0,3.0,65.43,76.99,42.99,1.0,0.0,0.0,0.0,0.0,3.0,136.17,0,static
test_q4_2024,2024-10-09,841,LOJA 841,58701,ABRILAR XAROPE L-MENTOL 200ML,87021,0,,1.0,3.0,65.43,76.99,42.99,1.0,0.0,0.0,0.0,0.0,3.0,136.17,0,static
test_q4_2024,2024-10-10,841,LOJA 841,58701,ABRILAR XAROPE L-MENTOL 200ML,87021,0,,1.0,3.0,65.43,76.99,42.99,1.0,0.0,0.0,0.0,0.0,3.0,136.17,0,static
test_q4_2024,2024-10-11,841,LOJA 841,58701,ABRILAR XAROPE L-MENTOL 200ML,87021,0,,1.0,3.0,65.43,76.99,42.99,1.0,0.0,0.0,0.0,0.0,3.0,136.17,0,static
test_q4_2024,2024-10-12,841,LOJA 841,58701,ABRILAR XAROPE L-MENTOL 200ML,87021,0,,1.0,3.0,65.43,76.99,42.99,1.0,0.0,0.0,0.0,0.0,3.0,136.17,0,static
test_q4_2024,2024-10-13,841,LOJA 841,58701,ABRILAR XAROPE L-MENTOL 200ML,87021,0,,1.0,3.0,65.43,76.99,42.99,1.0,0.0,0.0,0.0,0.0,,,0,static
test_q4_2024,2024-10-14,841,LOJA 841,58701,ABRILAR XAROPE L-MENTOL 200ML,87021,0,,1.0,3.0,65.43,76.99,42.99,1.0,0.0,0.0,0.0,0.0,3.0,136.17,0,static
test_q4_2024,2024-10-15,841,LOJA 841,58701,ABRILAR XAROPE L-MENTOL 200ML,87021,0,,1.0,3.0,65.43,76.99,42.99,1.0,0.0,0.0,0.0,0.0,3.0,136.17,0,static
test_q4_2024,2024-10-16,841,LOJA 841,58701,ABRILAR XAROPE L-MENTOL 200ML,87021,0,,1.0,3.0,65.43,76.99,42.99,1.0,0.0,0.0,0.0,0.0,3.0,136.17,0,static
test_q4_2024,2024-10-17,841,LOJA 841,58701,ABRILAR XAROPE L-MENTOL 200ML,87021,0,,1.0,3.0,65.43,76.99,42.99,1.0,0.0,0.0,0.0,0.0,3.0,136.17,0,static
test_q4_2024,2024-10-18,841,LOJA 841,58701,ABRILAR XAROPE L-MENTOL 200ML,87021,0,,1.0,3.0,65.43,76.99,42.99,1.0,0.0,0.0,0.0,0.0,3.0,136.17,0,static
test_q4_2024,2024-10-19,841,LOJA 841,58701,ABRILAR XAROPE L-MENTOL 200ML,87021,0,,1.0,3.0,65.43,76.99,42.99,1.0,0.0,0.0,0.0,0.0,3.0,136.17,0,static
test_q4_2024,2024-10-20,841,LOJA 841,58701,ABRILAR XAROPE L-MENTOL 200ML,87021,0,,1.0,3.0,65.43,76.99,42.99,1.0,0.0,0.0,0.0,0.0,,,0,static
test_q4_2024,2024-10-21,841,LOJA 841,58701,ABRILAR XAROPE L-MENTOL 200ML,87021,0,,1.0,3.0,65.43,76.99,42.99,1.0,0.0,0.0,0.0,0.0,3.0,136.17,0,static
test_q4_2024,2024-10-22,841,LOJA 841,58701,ABRILAR XAROPE L-MENTOL 200ML,87021,0,,1.0,3.0,65.43,76.99,42.99,1.0,0.0,0.0,0.0,0.0,3.0,136.17,0,static
test_q4_2024,2024-10-23,841,LOJA 841,58701,ABRILAR XAROPE L-MENTOL 200ML,87021,0,,1.0,3.0,65.43,76.99,42.99,1.0,0.0,0.0,0.0,0.0,3.0,136.17,0,static
test_q4_2024,2024-10-24,841,LOJA 841,58701,ABRILAR XAROPE L-MENTOL 200ML,87021,0,,1.0,3.0,65.43,76.99,42.99,1.0,0.0,0.0,0.0,0.0,3.0,136.17,0,static
test_q4_2024,2024-10-25,841,LOJA 841,58701,ABRILAR XAROPE L-MENTOL 200ML,87021,0,,1.0,3.0,65.43,76.99,42.99,1.0,0.0,0.0,0.0,0.0,3.0,136.17,0,static
test_q4_2024,2024-10-26,841,LOJA 841,58701,ABRILAR XAROPE L-MENTOL 200ML,87021,0,,1.0,3.0,65.43,76.99,42.99,1.0,0.0,0.0,0.0,0.0,3.0,136.17,0,static
test_q4_2024,2024-10-27,841,LOJA 841,58701,ABRILAR XAROPE L-MENTOL 200ML,87021,0,,1.0,3.0,65.43,76.99,42.99,1.0,0.0,0.0,0.0,0.0,,,0,static
test_q4_2024,2024-10-28,841,LOJA 841,58701,ABRILAR XAROPE L-MENTOL 200ML,87021,0,,1.0,3.0,65.43,76.99,42.99,1.0,0.0,0.0,0.0,0.0,3.0,136.17,0,static
test_q4_2024,2024-10-29,841,LOJA 841,58701,ABRILAR XAROPE L-MENTOL 200ML,87021,0,,1.0,3.0,65.43,76.99,42.99,1.0,0.0,0.0,0.0,0.0,3.0,136.17,0,static
test_q4_2024,2024-10-30,841,LOJA 841,58701,ABRILAR XAROPE L-MENTOL 200ML,87021,0,,1.0,3.0,65.43,76.99,42.99,1.0,0.0,0.0,0.0,0.0,3.0,136.17,0,static
test_q4_2024,2024-10-31,841,LOJA 841,58701,ABRILAR XAROPE L-MENTOL 200ML,87021,0,,1.0,3.0,65.43,76.99,42.99,1.0,0.0,0.0,0.0,0.0,3.0,136.17,0,static
test_q4_2024,2024-11-01,841,LOJA 841,58701,ABRILAR XAROPE L-MENTOL 200ML,87021,0,,1.0,3.0,65.43,76.99,42.99,1.0,0.0,0.0,0.0,0.0,3.0,136.17,0,static
test_q4_2024,2024-11-02,841,LOJA 841,58701,ABRILAR XAROPE L-MENTOL 200ML,87021,0,,1.0,3.0,65.43,76.99,42.99,1.0,0.0,0.0,0.0,0.0,3.0,136.17,0,static
test_q4_2024,2024-11-03,841,LOJA 841,58701,ABRILAR XAROPE L-MENTOL 200ML,87021,0,,1.0,3.0,65.43,76.99,42.99,1.0,0.0,0.0,0.0,0.0,,,0,static
test_q4_2024,2024-11-04,841,LOJA 841,58701,ABRILAR XAROPE L-MENTOL 200ML,87021,0,,1.0,3.0,65.43,76.99,42.99,1.0,0.0,0.0,0.0,0.0,3.0,136.17,0,static
test_q4_2024,2024-11-05,841,LOJA 841,58701,ABRILAR XAROPE L-MENTOL 200ML,87021,0,,1.0,3.0,65.43,76.99,42.99,1.0,0.0,0.0,0.0,0.0,3.0,136.17,0,static
test_q4_2024,2024-11-06,841,LOJA 841,58701,ABRILAR XAROPE L-MENTOL 200ML,87021,0,,1.0,3.0,65.43,76.99,42.99,1.0,0.0,0.0,0.0,0.0,3.0,136.17,0,static
test_q4_2024,2024-11-07,841,LOJA 841,58701,ABRILAR XAROPE L-MENTOL 200ML,87021,0,,1.0,3.0,65.43,76.99,42.99,1.0,0.0,0.0,1.0,1.0,3.0,136.17,0,static
test_q4_2024,2024-11-08,841,LOJA 841,58701,ABRILAR XAROPE L-MENTOL 200ML,87021,0,,1.0,3.0,65.43,76.99,42.99,1.0,0.0,0.0,0.0,0.0,2.0,90.78,0,static
test_q4_2024,2024-11-09,841,LOJA 841,58701,ABRILAR XAROPE L-MENTOL 200ML,87021,0,,1.0,3.0,65.43,76.99,42.99,1.0,0.0,0.0,0.0,0.0,2.0,90.78,0,static
test_q4_2024,2024-11-10,841,LOJA 841,58701,ABRILAR XAROPE L-MENTOL 200ML,87021,0,,1.0,3.0,65.43,76.99,42.99,1.0,0.0,0.0,0.0,0.0,,,0,static
test_q4_2024,2024-11-11,841,LOJA 841,58701,ABRILAR XAROPE L-MENTOL 200ML,87021,0,,1.0,3.0,65.43,76.99,42.99,1.0,0.0,0.0,0.0,0.0,2.0,90.78,0,static
test_q4_2024,2024-11-12,841,LOJA 841,58701,ABRILAR XAROPE L-MENTOL 200ML,87021,0,,1.0,3.0,65.43,76.99,42.99,1.0,0.0,0.0,0.0,0.0,2.0,90.78,0,static
test_q4_2024,2024-11-13,841,LOJA 841,58701,ABRILAR XAROPE L-MENTOL 200ML,87021,0,,1.0,3.0,65.43,76.99,42.99,1.0,0.0,0.0,0.0,0.0,2.0,90.78,0,static
test_q4_2024,2024-11-14,841,LOJA 841,58701,ABRILAR XAROPE L-MENTOL 200ML,87021,0,,1.0,3.0,65.43,76.99,42.99,1.0,0.0,0.0,0.0,0.0,2.0,90.78,0,static
test_q4_2024,2024-11-15,841,LOJA 841,58701,ABRILAR XAROPE L-MENTOL 200ML,87021,0,,1.0,3.0,65.43,76.99,42.99,1.0,0.0,0.0,0.0,0.0,2.0,90.78,0,static
test_q4_2024,2024-11-16,841,LOJA 841,58701,ABRILAR XAROPE L-MENTOL 200ML,87021,0,,1.0,3.0,65.43,76.99,42.99,1.0,0.0,0.0,0.0,0.0,2.0,90.78,0,static
test_q4_2024,2024-11-17,841,LOJA 841,58701,ABRILAR XAROPE L-MENTOL 200ML,87021,0,,1.0,3.0,65.43,76.99,42.99,1.0,0.0,0.0,0.0,0.0,,,0,static
test_q4_2024,2024-11-18,841,LOJA 841,58701,ABRILAR XAROPE L-MENTOL 200ML,87021,0,,1.0,3.0,65.43,76.99,42.99,1.0,0.0,0.0,0.0,0.0,2.0,90.78,0,static
test_q4_2024,2024-11-19,841,LOJA 841,58701,ABRILAR XAROPE L-MENTOL 200ML,87021,0,,1.0,3.0,65.43,76.99,42.99,1.0,0.0,0.0,0.0,0.0,2.0,90.78,0,static
test_q4_2024,2024-11-20,841,LOJA 841,58701,ABRILAR XAROPE L-MENTOL 200ML,87021,0,,1.0,3.0,65.43,76.99,42.99,1.0,0.0,0.0,0.0,0.0,2.0,90.78,0,static
test_q4_2024,2024-11-21,841,LOJA 841,58701,ABRILAR XAROPE L-MENTOL 200ML,87021,0,,1.0,3.0,65.43,76.99,42.99,1.0,0.0,0.0,0.0,0.0,2.0,90.78,0,static
test_q4_2024,2024-11-22,841,LOJA 841,58701,ABRILAR XAROPE L-MENTOL 200ML,87021,0,,1.0,3.0,65.43,76.99,42.99,1.0,0.0,0.0,0.0,0.0,2.0,90.78,0,static
test_q4_2024,2024-11-23,841,LOJA 841,58701,ABRILAR XAROPE L-MENTOL 200ML,87021,0,,1.0,3.0,65.43,76.99,42.99,1.0,0.0,0.0,0.0,0.0,2.0,90.78,0,static
test_q4_2024,2024-11-24,841,LOJA 841,58701,ABRILAR XAROPE L-MENTOL 200ML,87021,0,,1.0,3.0,65.43,76.99,42.99,1.0,0.0,0.0,0.0,0.0,,,0,static
test_q4_2024,2024-11-25,841,LOJA 841,58701,ABRILAR XAROPE L-MENTOL 200ML,87021,0,,1.0,3.0,65.43,76.99,42.99,1.0,0.0,0.0,0.0,0.0,2.0,90.78,0,static
test_q4_2024,2024-11-26,841,LOJA 841,58701,ABRILAR XAROPE L-MENTOL 200ML,87021,0,,1.0,3.0,65.43,76.99,42.99,1.0,0.0,0.0,0.0,0.0,2.0,90.78,0,static
test_q4_2024,2024-11-27,841,LOJA 841,58701,ABRILAR XAROPE L-MENTOL 200ML,87021,0,,1.0,3.0,65.43,76.99,42.99,1.0,0.0,0.0,0.0,0.0,2.0,90.78,0,static
test_q4_2024,2024-11-28,841,LOJA 841,58701,ABRILAR XAROPE L-MENTOL 200ML,87021,0,,1.0,3.0,65.43,76.99,42.99,1.0,0.0,0.0,0.0,0.0,2.0,90.78,0,static
test_q4_2024,2024-11-29,841,LOJA 841,58701,ABRILAR XAROPE L-MENTOL 200ML,87021,0,,1.0,3.0,65.43,76.99,42.99,1.0,0.0,0.0,0.0,0.0,2.0,90.78,0,static
test_q4_2024,2024-11-30,841,LOJA 841,58701,ABRILAR XAROPE L-MENTOL 200ML,87021,0,,1.0,3.0,65.43,76.99,42.99,1.0,0.0,0.0,0.0,0.0,2.0,90.78,0,static
test_q4_2024,2024-12-01,841,LOJA 841,58701,ABRILAR XAROPE L-MENTOL 200ML,87021,0,,1.0,3.0,65.43,76.99,42.99,1.0,0.0,0.0,0.0,0.0,,,0,static
test_q4_2024,2024-12-02,841,LOJA 841,58701,ABRILAR XAROPE L-MENTOL 200ML,87021,0,,1.0,3.0,65.43,76.99,42.99,1.0,0.0,0.0,0.0,0.0,2.0,90.78,0,static
test_q4_2024,2024-12-03,841,LOJA 841,58701,ABRILAR XAROPE L-MENTOL 200ML,87021,0,,1.0,3.0,65.43,76.99,42.99,1.0,0.0,0.0,0.0,0.0,2.0,90.78,0,static
test_q4_2024,2024-12-04,841,LOJA 841,58701,ABRILAR XAROPE L-MENTOL 200ML,87021,0,,1.0,3.0,65.43,76.99,42.99,1.0,0.0,0.0,0.0,0.0,2.0,90.78,0,static
test_q4_2024,2024-12-05,841,LOJA 841,58701,ABRILAR XAROPE L-MENTOL 200ML,87021,0,,1.0,3.0,65.43,76.99,42.99,1.0,0.0,0.0,0.0,0.0,2.0,90.78,0,static
test_q4_2024,2024-12-06,841,LOJA 841,58701,ABRILAR XAROPE L-MENTOL 200ML,87021,0,,1.0,3.0,65.43,76.99,42.99,1.0,0.0,0.0,0.0,0.0,2.0,90.78,0,static
test_q4_2024,2024-12-07,841,LOJA 841,58701,ABRILAR XAROPE L-MENTOL 200ML,87021,0,,1.0,3.0,65.43,76.99,42.99,1.0,0.0,0.0,0.0,0.0,2.0,90.78,0,static
test_q4_2024,2024-12-08,841,LOJA 841,58701,ABRILAR XAROPE L-MENTOL 200ML,87021,0,,1.0,3.0,65.43,76.99,42.99,1.0,0.0,0.0,0.0,0.0,,,0,static
test_q4_2024,2024-12-09,841,LOJA 841,58701,ABRILAR XAROPE L-MENTOL 200ML,87021,0,,1.0,3.0,65.43,76.99,42.99,1.0,0.0,0.0,0.0,0.0,2.0,90.78,0,static
test_q4_2024,2024-12-10,841,LOJA 841,58701,ABRILAR XAROPE L-MENTOL 200ML,87021,0,,1.0,3.0,65.43,76.99,42.99,1.0,0.0,0.0,0.0,0.0,2.0,90.78,0,static
test_q4_2024,2024-12-11,841,LOJA 841,58701,ABRILAR XAROPE L-MENTOL 200ML,87021,0,,1.0,3.0,65.43,76.99,42.99,1.0,0.0,0.0,0.0,0.0,2.0,90.78,0,static
test_q4_2024,2024-12-12,841,LOJA 841,58701,ABRILAR XAROPE L-MENTOL 200ML,87021,0,,1.0,3.0,65.43,76.99,42.99,1.0,0.0,0.0,0.0,0.0,2.0,90.78,0,static
test_q4_2024,2024-12-13,841,LOJA 841,58701,ABRILAR XAROPE L-MENTOL 200ML,87021,0,,1.0,3.0,65.43,76.99,42.99,1.0,0.0,0.0,0.0,0.0,2.0,90.78,0,static
test_q4_2024,2024-12-14,841,LOJA 841,58701,ABRILAR XAROPE L-MENTOL 200ML,87021,0,,1.0,3.0,65.43,76.99,42.99,1.0,0.0,0.0,0.0,0.0,2.0,90.78,0,static
test_q4_2024,2024-12-15,841,LOJA 841,58701,ABRILAR XAROPE L-MENTOL 200ML,87021,0,,1.0,3.0,65.43,76.99,42.99,1.0,0.0,0.0,0.0,0.0,,,0,static
test_q4_2024,2024-12-16,841,LOJA 841,58701,ABRILAR XAROPE L-MENTOL 200ML,87021,0,,1.0,3.0,65.43,76.99,42.99,1.0,0.0,0.0,0.0,0.0,2.0,90.78,0,static
test_q4_2024,2024-12-17,841,LOJA 841,58701,ABRILAR XAROPE L-MENTOL 200ML,87021,0,,1.0,3.0,65.43,76.99,42.99,1.0,0.0,0.0,0.0,0.0,2.0,90.78,0,static
test_q4_2024,2024-12-18,841,LOJA 841,58701,ABRILAR XAROPE L-MENTOL 200ML,87021,0,,1.0,3.0,65.43,76.99,42.99,1.0,0.0,0.0,0.0,0.0,2.0,90.78,0,static
test_q4_2024,2024-12-19,841,LOJA 841,58701,ABRILAR XAROPE L-MENTOL 200ML,87021,0,,1.0,3.0,65.43,76.99,42.99,1.0,0.0,0.0,0.0,0.0,2.0,90.78,0,static
test_q4_2024,2024-12-20,841,LOJA 841,58701,ABRILAR XAROPE L-MENTOL 200ML,87021,0,,1.0,3.0,65.43,76.99,42.99,1.0,0.0,0.0,0.0,0.0,2.0,90.78,0,static
test_q4_2024,2024-12-21,841,LOJA 841,58701,ABRILAR XAROPE L-MENTOL 200ML,87021,0,,1.0,3.0,65.43,76.99,42.99,1.0,0.0,0.0,0.0,0.0,2.0,90.78,0,static
test_q4_2024,2024-12-22,841,LOJA 841,58701,ABRILAR XAROPE L-MENTOL 200ML,87021,0,,1.0,3.0,65.43,76.99,42.99,1.0,0.0,0.0,0.0,0.0,,,0,static
test_q4_2024,2024-12-23,841,LOJA 841,58701,ABRILAR XAROPE L-MENTOL 200ML,87021,0,,1.0,3.0,65.43,76.99,42.99,1.0,0.0,0.0,0.0,0.0,2.0,90.78,0,static
test_q4_2024,2024-12-24,841,LOJA 841,58701,ABRILAR XAROPE L-MENTOL 200ML,87021,0,,1.0,3.0,65.43,76.99,42.99,1.0,0.0,0.0,0.0,0.0,2.0,90.78,0,static
test_q4_2024,2024-12-25,841,LOJA 841,58701,ABRILAR XAROPE L-MENTOL 200ML,87021,0,,1.0,3.0,65.43,76.99,42.99,1.0,0.0,0.0,0.0,0.0,2.0,90.78,0,static
test_q4_2024,2024-12-26,841,LOJA 841,58701,ABRILAR XAROPE L-MENTOL 200ML,87021,0,,1.0,3.0,65.43,76.99,42.99,1.0,0.0,0.0,0.0,0.0,2.0,90.78,0,static
test_q4_2024,2024-12-27,841,LOJA 841,58701,ABRILAR XAROPE L-MENTOL 200ML,87021,0,,1.0,3.0,65.43,76.99,42.99,1.0,0.0,0.0,0.0,0.0,2.0,90.78,0,static
test_q4_2024,2024-12-28,841,LOJA 841,58701,ABRILAR XAROPE L-MENTOL 200ML,87021,0,,1.0,3.0,65.43,76.99,42.99,1.0,0.0,0.0,0.0,0.0,2.0,90.78,0,static
test_q4_2024,2024-12-29,841,LOJA 841,58701,ABRILAR XAROPE L-MENTOL 200ML,87021,0,,1.0,3.0,65.43,76.99,42.99,1.0,0.0,0.0,0.0,0.0,,,0,static
test_q4_2024,2024-12-30,841,LOJA 841,58701,ABRILAR XAROPE L-MENTOL 200ML,87021,0,,1.0,3.0,65.43,76.99,42.99,1.0,0.0,0.0,0.0,0.0,2.0,90.78,0,static
test_q4_2024,2024-12-31,841,LOJA 841,58701,ABRILAR XAROPE L-MENTOL 200ML,87021,0,,1.0,3.0,65.43,76.99,42.99,1.0,0.0,0.0,0.0,0.0,2.0,90.78,0,static
test_q4_2024,2024-10-01,841,LOJA 841,62364,ALOFF XPE 60ML + SER,101141,0,,1.0,3.0,37.49,45.15,27.94,1.0,0.0,0.0,0.0,0.0,,,0,static
test_q4_2024,2024-10-02,841,LOJA 841,62364,ALOFF XPE 60ML + SER,101141,0,,1.0,3.0,37.49,45.15,27.94,1.0,0.0,0.0,0.0,0.0,,,0,static
test_q4_2024,2024-10-03,841,LOJA 841,62364,ALOFF XPE 60ML + SER,101141,0,,1.0,3.0,37.49,45.15,27.94,1.0,0.0,0.0,0.0,0.0,,,0,static
test_q4_2024,2024-10-04,841,LOJA 841,62364,ALOFF XPE 60ML + SER,101141,0,,1.0,3.0,37.49,45.15,27.94,1.0,0.0,0.0,0.0,0.0,,,0,static
test_q4_2024,2024-10-05,841,LOJA 841,62364,ALOFF XPE 60ML + SER,101141,0,,1.0,3.0,37.49,45.15,27.94,1.0,0.0,0.0,0.0,0.0,,,0,static
test_q4_2024,2024-10-06,841,LOJA 841,62364,ALOFF XPE 60ML + SER,101141,0,,1.0,3.0,37.49,45.15,27.94,1.0,0.0,0.0,0.0,0.0,,,0,static
test_q4_2024,2024-10-07,841,LOJA 841,62364,ALOFF XPE 60ML + SER,101141,0,,1.0,3.0,37.49,45.15,27.94,1.0,0.0,0.0,0.0,0.0,,,0,static
test_q4_2024,2024-10-08,841,LOJA 841,62364,ALOFF XPE 60ML + SER,101141,0,,1.0,3.0,37.49,45.15,27.94,1.0,0.0,0.0,0.0,0.0,,,0,static
test_q4_2024,2024-10-09,841,LOJA 841,62364,ALOFF XPE 60ML + SER,101141,0,,1.0,3.0,37.49,45.15,27.94,1.0,0.0,0.0,0.0,0.0,,,0,static
test_q4_2024,2024-10-10,841,LOJA 841,62364,ALOFF XPE 60ML + SER,101141,0,,1.0,3.0,37.49,45.15,27.94,1.0,0.0,0.0,0.0,0.0,,,0,static
test_q4_2024,2024-10-11,841,LOJA 841,62364,ALOFF XPE 60ML + SER,101141,0,,1.0,3.0,37.49,45.15,27.94,1.0,0.0,0.0,0.0,0.0,,,0,static
test_q4_2024,2024-10-12,841,LOJA 841,62364,ALOFF XPE 60ML + SER,101141,0,,1.0,3.0,37.49,45.15,27.94,1.0,0.0,0.0,0.0,0.0,,,0,static
test_q4_2024,2024-10-13,841,LOJA 841,62364,ALOFF XPE 60ML + SER,101141,0,,1.0,3.0,37.49,45.15,27.94,1.0,0.0,0.0,0.0,0.0,,,0,static
test_q4_2024,2024-10-14,841,LOJA 841,62364,ALOFF XPE 60ML + SER,101141,0,,1.0,3.0,37.49,45.15,27.94,1.0,0.0,0.0,0.0,0.0,,,0,static
test_q4_2024,2024-10-15,841,LOJA 841,62364,ALOFF XPE 60ML + SER,101141,0,,1.0,3.0,37.49,45.15,27.94,1.0,0.0,0.0,0.0,0.0,,,0,static
test_q4_2024,2024-10-16,841,LOJA 841,62364,ALOFF XPE 60ML + SER,101141,0,,1.0,3.0,37.49,45.15,27.94,1.0,0.0,0.0,0.0,0.0,,,0,static
test_q4_2024,2024-10-17,841,LOJA 841,62364,ALOFF XPE 60ML + SER,101141,0,,1.0,3.0,37.49,45.15,27.94,1.0,0.0,0.0,0.0,0.0,,,0,static
test_q4_2024,2024-10-18,841,LOJA 841,62364,ALOFF XPE 60ML + SER,101141,0,,1.0,3.0,37.49,45.15,27.94,1.0,0.0,0.0,0.0,0.0,,,0,static
test_q4_2024,2024-10-19,841,LOJA 841,62364,ALOFF XPE 60ML + SER,101141,0,,1.0,3.0,37.49,45.15,27.94,1.0,0.0,0.0,0.0,0.0,,,0,static
test_q4_2024,2024-10-20,841,LOJA 841,62364,ALOFF XPE 60ML + SER,101141,0,,1.0,3.0,37.49,45.15,27.94,1.0,0.0,0.0,0.0,0.0,,,0,static
test_q4_2024,2024-10-21,841,LOJA 841,62364,ALOFF XPE 60ML + SER,101141,0,,1.0,3.0,37.49,45.15,27.94,1.0,0.0,0.0,0.0,0.0,,,0,static
test_q4_2024,2024-10-22,841,LOJA 841,62364,ALOFF XPE 60ML + SER,101141,0,,1.0,3.0,37.49,45.15,27.94,1.0,0.0,0.0,0.0,0.0,,,0,static
test_q4_2024,2024-10-23,841,LOJA 841,62364,ALOFF XPE 60ML + SER,101141,0,,1.0,3.0,37.49,45.15,27.94,1.0,0.0,0.0,0.0,0.0,,,0,static
test_q4_2024,2024-10-24,841,LOJA 841,62364,ALOFF XPE 60ML + SER,101141,0,,1.0,3.0,37.49,45.15,27.94,1.0,0.0,0.0,0.0,0.0,,,0,static
test_q4_2024,2024-10-25,841,LOJA 841,62364,ALOFF XPE 60ML + SER,101141,0,,1.0,3.0,37.49,45.15,27.94,1.0,0.0,0.0,0.0,0.0,,,0,static
test_q4_2024,2024-10-26,841,LOJA 841,62364,ALOFF XPE 60ML + SER,101141,0,,1.0,3.0,37.49,45.15,27.94,1.0,0.0,0.0,0.0,0.0,,,0,static
test_q4_2024,2024-10-27,841,LOJA 841,62364,ALOFF XPE 60ML + SER,101141,0,,1.0,3.0,37.49,45.15,27.94,1.0,0.0,0.0,0.0,0.0,,,0,static
test_q4_2024,2024-10-28,841,LOJA 841,62364,ALOFF XPE 60ML + SER,101141,0,,1.0,3.0,37.49,45.15,27.94,1.0,0.0,0.0,0.0,0.0,,,0,static
test_q4_2024,2024-10-29,841,LOJA 841,62364,ALOFF XPE 60ML + SER,101141,0,,1.0,3.0,37.49,45.15,27.94,1.0,0.0,0.0,0.0,0.0,,,0,static
test_q4_2024,2024-10-30,841,LOJA 841,62364,ALOFF XPE 60ML + SER,101141,0,,1.0,3.0,37.49,45.15,27.94,1.0,0.0,0.0,0.0,0.0,,,0,static
test_q4_2024,2024-10-31,841,LOJA 841,62364,ALOFF XPE 60ML + SER,101141,0,,1.0,3.0,37.49,45.15,27.94,1.0,0.0,0.0,0.0,0.0,,,0,static
test_q4_2024,2024-11-01,841,LOJA 841,62364,ALOFF XPE 60ML + SER,101141,0,,1.0,3.0,37.49,45.15,27.94,1.0,0.0,0.0,0.0,0.0,,,0,static
test_q4_2024,2024-11-02,841,LOJA 841,62364,ALOFF XPE 60ML + SER,101141,0,,1.0,3.0,37.49,45.15,27.94,1.0,0.0,0.0,0.0,0.0,,,0,static
test_q4_2024,2024-11-03,841,LOJA 841,62364,ALOFF XPE 60ML + SER,101141,0,,1.0,3.0,37.49,45.15,27.94,1.0,0.0,0.0,0.0,0.0,,,0,static
test_q4_2024,2024-11-04,841,LOJA 841,62364,ALOFF XPE 60ML + SER,101141,0,,1.0,3.0,37.49,45.15,27.94,1.0,0.0,0.0,0.0,0.0,,,0,static
test_q4_2024,2024-11-05,841,LOJA 841,62364,ALOFF XPE 60ML + SER,101141,0,,1.0,3.0,37.49,45.15,27.94,1.0,0.0,0.0,0.0,0.0,,,0,static
test_q4_2024,2024-11-06,841,LOJA 841,62364,ALOFF XPE 60ML + SER,101141,0,,1.0,3.0,37.49,45.15,27.94,1.0,0.0,0.0,0.0,0.0,,,0,static
test_q4_2024,2024-11-07,841,LOJA 841,62364,ALOFF XPE 60ML + SER,101141,0,,1.0,3.0,37.49,45.15,27.94,1.0,0.0,0.0,0.0,0.0,,,0,static
test_q4_2024,2024-11-08,841,LOJA 841,62364,ALOFF XPE 60ML + SER,101141,0,,1.0,3.0,37.49,45.15,27.94,1.0,0.0,0.0,0.0,0.0,,,0,static
test_q4_2024,2024-11-09,841,LOJA 841,62364,ALOFF XPE 60ML + SER,101141,0,,1.0,3.0,37.49,45.15,27.94,1.0,0.0,0.0,0.0,0.0,,,0,static
test_q4_2024,2024-11-10,841,LOJA 841,62364,ALOFF XPE 60ML + SER,101141,0,,1.0,3.0,37.49,45.15,27.94,1.0,0.0,0.0,0.0,0.0,,,0,static
test_q4_2024,2024-11-11,841,LOJA 841,62364,ALOFF XPE 60ML + SER,101141,0,,1.0,3.0,37.49,45.15,27.94,1.0,0.0,0.0,0.0,0.0,,,0,static
test_q4_2024,2024-11-12,841,LOJA 841,62364,ALOFF XPE 60ML + SER,101141,0,,1.0,3.0,37.49,45.15,27.94,1.0,0.0,0.0,0.0,0.0,,,0,static
test_q4_2024,2024-11-13,841,LOJA 841,62364,ALOFF XPE 60ML + SER,101141,0,,1.0,3.0,37.49,45.15,27.94,1.0,0.0,0.0,0.0,0.0,,,0,static
test_q4_2024,2024-11-14,841,LOJA 841,62364,ALOFF XPE 60ML + SER,101141,0,,1.0,3.0,37.49,45.15,27.94,1.0,0.0,0.0,0.0,0.0,,,0,static
test_q4_2024,2024-11-15,841,LOJA 841,62364,ALOFF XPE 60ML + SER,101141,0,,1.0,3.0,37.49,45.15,27.94,1.0,0.0,0.0,0.0,0.0,,,0,static
test_q4_2024,2024-11-16,841,LOJA 841,62364,ALOFF XPE 60ML + SER,101141,0,,1.0,3.0,37.49,45.15,27.94,1.0,0.0,0.0,0.0,0.0,,,0,static
test_q4_2024,2024-11-17,841,LOJA 841,62364,ALOFF XPE 60ML + SER,101141,0,,1.0,3.0,37.49,45.15,27.94,1.0,0.0,0.0,0.0,0.0,,,0,static
test_q4_2024,2024-11-18,841,LOJA 841,62364,ALOFF XPE 60ML + SER,101141,0,,1.0,3.0,37.49,45.15,27.94,1.0,0.0,0.0,0.0,0.0,,,0,static
test_q4_2024,2024-11-19,841,LOJA 841,62364,ALOFF XPE 60ML + SER,101141,0,,1.0,3.0,37.49,45.15,27.94,1.0,0.0,0.0,0.0,0.0,,,0,static
test_q4_2024,2024-11-20,841,LOJA 841,62364,ALOFF XPE 60ML + SER,101141,0,,1.0,3.0,37.49,45.15,27.94,1.0,0.0,0.0,0.0,0.0,,,0,static
test_q4_2024,2024-11-21,841,LOJA 841,62364,ALOFF XPE 60ML + SER,101141,0,,1.0,3.0,37.49,45.15,27.94,1.0,0.0,0.0,0.0,0.0,,,0,static
test_q4_2024,2024-11-22,841,LOJA 841,62364,ALOFF XPE 60ML + SER,101141,0,,1.0,3.0,37.49,45.15,27.94,1.0,0.0,0.0,0.0,0.0,,,0,static
test_q4_2024,2024-11-23,841,LOJA 841,62364,ALOFF XPE 60ML + SER,101141,0,,1.0,3.0,37.49,45.15,27.94,1.0,0.0,0.0,0.0,0.0,,,0,static
test_q4_2024,2024-11-24,841,LOJA 841,62364,ALOFF XPE 60ML + SER,101141,0,,1.0,3.0,37.49,45.15,27.94,1.0,0.0,0.0,0.0,0.0,,,0,static
test_q4_2024,2024-11-25,841,LOJA 841,62364,ALOFF XPE 60ML + SER,101141,0,,1.0,3.0,37.49,45.15,27.94,1.0,0.0,0.0,0.0,0.0,,,0,static
test_q4_2024,2024-11-26,841,LOJA 841,62364,ALOFF XPE 60ML + SER,101141,0,,1.0,3.0,37.49,45.15,27.94,1.0,0.0,0.0,0.0,0.0,,,0,static
test_q4_2024,2024-11-27,841,LOJA 841,62364,ALOFF XPE 60ML + SER,101141,0,,1.0,3.0,37.49,45.15,27.94,1.0,0.0,0.0,0.0,0.0,,,0,static
test_q4_2024,2024-11-28,841,LOJA 841,62364,ALOFF XPE 60ML + SER,101141,0,,1.0,3.0,37.49,45.15,27.94,1.0,0.0,0.0,0.0,0.0,,,0,static
test_q4_2024,2024-11-29,841,LOJA 841,62364,ALOFF XPE 60ML + SER,101141,0,,1.0,3.0,37.49,45.15,27.94,1.0,0.0,0.0,0.0,0.0,,,0,static
test_q4_2024,2024-11-30,841,LOJA 841,62364,ALOFF XPE 60ML + SER,101141,0,,1.0,3.0,37.49,45.15,27.94,1.0,0.0,0.0,0.0,0.0,,,0,static
test_q4_2024,2024-12-01,841,LOJA 841,62364,ALOFF XPE 60ML + SER,101141,0,,1.0,3.0,37.49,45.15,27.94,1.0,0.0,0.0,0.0,0.0,,,0,static
test_q4_2024,2024-12-02,841,LOJA 841,62364,ALOFF XPE 60ML + SER,101141,0,,1.0,3.0,37.49,45.15,27.94,1.0,0.0,0.0,0.0,0.0,,,0,static
test_q4_2024,2024-12-03,841,LOJA 841,62364,ALOFF XPE 60ML + SER,101141,0,,1.0,3.0,37.49,45.15,27.94,1.0,0.0,0.0,0.0,0.0,,,0,static
test_q4_2024,2024-12-04,841,LOJA 841,62364,ALOFF XPE 60ML + SER,101141,0,,1.0,3.0,37.49,45.15,27.94,1.0,0.0,0.0,0.0,0.0,,,0,static
test_q4_2024,2024-12-05,841,LOJA 841,62364,ALOFF XPE 60ML + SER,101141,0,,1.0,3.0,37.49,45.15,27.94,1.0,0.0,0.0,0.0,0.0,,,0,static
test_q4_2024,2024-12-06,841,LOJA 841,62364,ALOFF XPE 60ML + SER,101141,0,,1.0,3.0,37.49,45.15,27.94,1.0,0.0,0.0,0.0,0.0,,,0,static
test_q4_2024,2024-12-07,841,LOJA 841,62364,ALOFF XPE 60ML + SER,101141,0,,1.0,3.0,37.49,45.15,27.94,1.0,0.0,0.0,0.0,0.0,,,0,static
test_q4_2024,2024-12-08,841,LOJA 841,62364,ALOFF XPE 60ML + SER,101141,0,,1.0,3.0,37.49,45.15,27.94,1.0,0.0,0.0,0.0,0.0,,,0,static
test_q4_2024,2024-12-09,841,LOJA 841,62364,ALOFF XPE 60ML + SER,101141,0,,1.0,3.0,37.49,45.15,27.94,1.0,0.0,0.0,0.0,0.0,,,0,static
test_q4_2024,2024-12-10,841,LOJA 841,62364,ALOFF XPE 60ML + SER,101141,0,,1.0,3.0,37.49,45.15,27.94,1.0,0.0,0.0,0.0,0.0,,,0,static
test_q4_2024,2024-12-11,841,LOJA 841,62364,ALOFF XPE 60ML + SER,101141,0,,1.0,3.0,37.49,45.15,27.94,1.0,0.0,0.0,0.0,0.0,,,0,static
test_q4_2024,2024-12-12,841,LOJA 841,62364,ALOFF XPE 60ML + SER,101141,0,,1.0,3.0,37.49,45.15,27.94,1.0,0.0,0.0,0.0,0.0,,,0,static
test_q4_2024,2024-12-13,841,LOJA 841,62364,ALOFF XPE 60ML + SER,101141,0,,1.0,3.0,37.49,45.15,27.94,1.0,0.0,0.0,0.0,0.0,,,0,static
test_q4_2024,2024-12-14,841,LOJA 841,62364,ALOFF XPE 60ML + SER,101141,0,,1.0,3.0,37.49,45.15,27.94,1.0,0.0,0.0,0.0,0.0,,,0,static
test_q4_2024,2024-12-15,841,LOJA 841,62364,ALOFF XPE 60ML + SER,101141,0,,1.0,3.0,37.49,45.15,27.94,1.0,0.0,0.0,0.0,0.0,,,0,static
test_q4_2024,2024-12-16,841,LOJA 841,62364,ALOFF XPE 60ML + SER,101141,0,,1.0,3.0,37.49,45.15,27.94,1.0,0.0,0.0,0.0,0.0,,,0,static
test_q4_2024,2024-12-17,841,LOJA 841,62364,ALOFF XPE 60ML + SER,101141,0,,1.0,3.0,37.49,45.15,27.94,1.0,0.0,0.0,0.0,0.0,,,0,static
test_q4_2024,2024-12-18,841,LOJA 841,62364,ALOFF XPE 60ML + SER,101141,0,,1.0,3.0,37.49,45.15,27.94,1.0,0.0,0.0,0.0,0.0,,,0,static
test_q4_2024,2024-12-19,841,LOJA 841,62364,ALOFF XPE 60ML + SER,101141,0,,1.0,3.0,37.49,45.15,27.94,1.0,0.0,0.0,0.0,0.0,,,0,static
test_q4_2024,2024-12-20,841,LOJA 841,62364,ALOFF XPE 60ML + SER,101141,0,,1.0,3.0,37.49,45.15,27.94,1.0,0.0,0.0,0.0,0.0,,,0,static
test_q4_2024,2024-12-21,841,LOJA 841,62364,ALOFF XPE 60ML + SER,101141,0,,1.0,3.0,37.49,45.15,27.94,1.0,0.0,0.0,0.0,0.0,,,0,static
test_q4_2024,2024-12-22,841,LOJA 841,62364,ALOFF XPE 60ML + SER,101141,0,,1.0,3.0,37.49,45.15,27.94,1.0,0.0,0.0,0.0,0.0,,,0,static
test_q4_2024,2024-12-23,841,LOJA 841,62364,ALOFF XPE 60ML + SER,101141,0,,1.0,3.0,37.49,45.15,27.94,1.0,0.0,0.0,0.0,0.0,,,0,static
test_q4_2024,2024-12-24,841,LOJA 841,62364,ALOFF XPE 60ML + SER,101141,0,,1.0,3.0,37.49,45.15,27.94,1.0,0.0,0.0,0.0,0.0,,,0,static
test_q4_2024,2024-12-25,841,LOJA 841,62364,ALOFF XPE 60ML + SER,101141,0,,1.0,3.0,37.49,45.15,27.94,1.0,0.0,0.0,0.0,0.0,,,0,static
test_q4_2024,2024-12-26,841,LOJA 841,62364,ALOFF XPE 60ML + SER,101141,0,,1.0,3.0,37.49,45.15,27.94,1.0,0.0,0.0,0.0,0.0,,,0,static
test_q4_2024,2024-12-27,841,LOJA 841,62364,ALOFF XPE 60ML + SER,101141,0,,1.0,3.0,37.49,45.15,27.94,1.0,0.0,0.0,0.0,0.0,,,0,static
test_q4_2024,2024-12-28,841,LOJA 841,62364,ALOFF XPE 60ML + SER,101141,0,,1.0,3.0,37.49,45.15,27.94,1.0,0.0,0.0,0.0,0.0,,,0,static
test_q4_2024,2024-12-29,841,LOJA 841,62364,ALOFF XPE 60ML + SER,101141,0,,1.0,3.0,37.49,45.15,27.94,1.0,0.0,0.0,0.0,0.0,,,0,static
test_q4_2024,2024-12-30,841,LOJA 841,62364,ALOFF XPE 60ML + SER,101141,0,,1.0,3.0,37.49,45.15,27.94,1.0,0.0,0.0,0.0,0.0,,,0,static
test_q4_2024,2024-12-31,841,LOJA 841,62364,ALOFF XPE 60ML + SER,101141,0,,1.0,3.0,37.49,45.15,27.94,1.0,0.0,0.0,0.0,0.0,,,0,static
test_q4_2024,2024-10-01,841,LOJA 841,62782,HEDERA CIMED 7MG/ML CEREJA XPE100ML,51356,0,,1.0,3.0,38.33,47.3,8.02,1.0,0.0,0.0,0.0,0.0,1.0,7.55,0,static
test_q4_2024,2024-10-02,841,LOJA 841,62782,HEDERA CIMED 7MG/ML CEREJA XPE100ML,51356,0,,1.0,3.0,38.33,47.3,8.02,1.0,0.0,0.0,0.0,0.0,1.0,7.55,0,static
test_q4_2024,2024-10-03,841,LOJA 841,62782,HEDERA CIMED 7MG/ML CEREJA XPE100ML,51356,0,,1.0,3.0,38.33,47.3,8.02,1.0,0.0,0.0,0.0,0.0,1.0,7.55,0,static
test_q4_2024,2024-10-04,841,LOJA 841,62782,HEDERA CIMED 7MG/ML CEREJA XPE100ML,51356,0,,1.0,3.0,38.33,47.3,8.02,1.0,0.0,0.0,0.0,0.0,1.0,7.55,0,static
test_q4_2024,2024-10-05,841,LOJA 841,62782,HEDERA CIMED 7MG/ML CEREJA XPE100ML,51356,0,,1.0,3.0,38.33,47.3,8.02,1.0,0.0,0.0,0.0,0.0,1.0,7.55,0,static
test_q4_2024,2024-10-06,841,LOJA 841,62782,HEDERA CIMED 7MG/ML CEREJA XPE100ML,51356,0,,1.0,3.0,38.33,47.3,8.02,1.0,0.0,0.0,0.0,0.0,,,0,static
test_q4_2024,2024-10-07,841,LOJA 841,62782,HEDERA CIMED 7MG/ML CEREJA XPE100ML,51356,0,,1.0,3.0,38.33,47.3,8.02,1.0,0.0,0.0,0.0,0.0,1.0,7.55,0,static
test_q4_2024,2024-10-08,841,LOJA 841,62782,HEDERA CIMED 7MG/ML CEREJA XPE100ML,51356,0,,1.0,3.0,38.33,47.3,8.02,1.0,0.0,0.0,0.0,0.0,1.0,7.55,0,static
test_q4_2024,2024-10-09,841,LOJA 841,62782,HEDERA CIMED 7MG/ML CEREJA XPE100ML,51356,0,,1.0,3.0,38.33,47.3,8.02,1.0,0.0,0.0,0.0,0.0,1.0,7.55,0,static
test_q4_2024,2024-10-10,841,LOJA 841,62782,HEDERA CIMED 7MG/ML CEREJA XPE100ML,51356,0,,1.0,3.0,38.33,47.3,8.02,1.0,0.0,0.0,0.0,0.0,1.0,7.55,0,static
test_q4_2024,2024-10-11,841,LOJA 841,62782,HEDERA CIMED 7MG/ML CEREJA XPE100ML,51356,0,,1.0,3.0,38.33,47.3,8.02,1.0,0.0,0.0,0.0,0.0,1.0,7.55,0,static
test_q4_2024,2024-10-12,841,LOJA 841,62782,HEDERA CIMED 7MG/ML CEREJA XPE100ML,51356,0,,1.0,3.0,38.33,47.3,8.02,1.0,0.0,0.0,0.0,0.0,1.0,7.55,0,static
test_q4_2024,2024-10-13,841,LOJA 841,62782,HEDERA CIMED 7MG/ML CEREJA XPE100ML,51356,0,,1.0,3.0,38.33,47.3,8.02,1.0,0.0,0.0,0.0,0.0,,,0,static
test_q4_2024,2024-10-14,841,LOJA 841,62782,HEDERA CIMED 7MG/ML CEREJA XPE100ML,51356,0,,1.0,3.0,38.33,47.3,8.02,1.0,0.0,0.0,0.0,0.0,1.0,7.55,0,static
test_q4_2024,2024-10-15,841,LOJA 841,62782,HEDERA CIMED 7MG/ML CEREJA XPE100ML,51356,0,,1.0,3.0,38.33,47.3,8.02,1.0,0.0,0.0,0.0,0.0,1.0,7.55,0,static
test_q4_2024,2024-10-16,841,LOJA 841,62782,HEDERA CIMED 7MG/ML CEREJA XPE100ML,51356,0,,1.0,3.0,38.33,47.3,8.02,1.0,0.0,0.0,0.0,0.0,1.0,7.55,0,static
test_q4_2024,2024-10-17,841,LOJA 841,62782,HEDERA CIMED 7MG/ML CEREJA XPE100ML,51356,0,,1.0,3.0,38.33,47.3,8.02,1.0,0.0,0.0,0.0,0.0,1.0,7.55,0,static
test_q4_2024,2024-10-18,841,LOJA 841,62782,HEDERA CIMED 7MG/ML CEREJA XPE100ML,51356,0,,1.0,3.0,38.33,47.3,8.02,1.0,0.0,0.0,0.0,0.0,1.0,7.55,0,static
test_q4_2024,2024-10-19,841,LOJA 841,62782,HEDERA CIMED 7MG/ML CEREJA XPE100ML,51356,0,,1.0,3.0,38.33,47.3,8.02,1.0,0.0,0.0,0.0,0.0,1.0,7.55,0,static
test_q4_2024,2024-10-20,841,LOJA 841,62782,HEDERA CIMED 7MG/ML CEREJA XPE100ML,51356,0,,1.0,3.0,38.33,47.3,8.02,1.0,0.0,0.0,0.0,0.0,,,0,static
test_q4_2024,2024-10-21,841,LOJA 841,62782,HEDERA CIMED 7MG/ML CEREJA XPE100ML,51356,0,,1.0,3.0,38.33,47.3,8.02,1.0,0.0,0.0,0.0,0.0,1.0,7.55,0,static
test_q4_2024,2024-10-22,841,LOJA 841,62782,HEDERA CIMED 7MG/ML CEREJA XPE100ML,51356,0,,1.0,3.0,38.33,47.3,8.02,1.0,0.0,0.0,0.0,0.0,1.0,7.55,0,static
test_q4_2024,2024-10-23,841,LOJA 841,62782,HEDERA CIMED 7MG/ML CEREJA XPE100ML,51356,0,,1.0,3.0,38.33,47.3,8.02,1.0,0.0,0.0,0.0,0.0,1.0,7.55,0,static
test_q4_2024,2024-10-24,841,LOJA 841,62782,HEDERA CIMED 7MG/ML CEREJA XPE100ML,51356,0,,1.0,3.0,38.33,47.3,8.02,1.0,0.0,0.0,0.0,0.0,1.0,7.55,0,static
test_q4_2024,2024-10-25,841,LOJA 841,62782,HEDERA CIMED 7MG/ML CEREJA XPE100ML,51356,0,,1.0,3.0,38.33,47.3,8.02,1.0,0.0,0.0,0.0,0.0,1.0,7.55,0,static
test_q4_2024,2024-10-26,841,LOJA 841,62782,HEDERA CIMED 7MG/ML CEREJA XPE100ML,51356,0,,1.0,3.0,38.33,47.3,8.02,1.0,0.0,0.0,0.0,0.0,1.0,7.55,0,static
test_q4_2024,2024-10-27,841,LOJA 841,62782,HEDERA CIMED 7MG/ML CEREJA XPE100ML,51356,0,,1.0,3.0,38.33,47.3,8.02,1.0,0.0,0.0,0.0,0.0,,,0,static
test_q4_2024,2024-10-28,841,LOJA 841,62782,HEDERA CIMED 7MG/ML CEREJA XPE100ML,51356,0,,1.0,3.0,38.33,47.3,8.02,1.0,0.0,0.0,0.0,0.0,1.0,7.55,0,static
test_q4_2024,2024-10-29,841,LOJA 841,62782,HEDERA CIMED 7MG/ML CEREJA XPE100ML,51356,0,,1.0,3.0,38.33,47.3,8.02,1.0,0.0,0.0,0.0,0.0,1.0,7.55,0,static
test_q4_2024,2024-10-30,841,LOJA 841,62782,HEDERA CIMED 7MG/ML CEREJA XPE100ML,51356,0,,1.0,3.0,38.33,47.3,8.02,1.0,0.0,0.0,0.0,0.0,1.0,7.55,0,static
test_q4_2024,2024-10-31,841,LOJA 841,62782,HEDERA CIMED 7MG/ML CEREJA XPE100ML,51356,0,,1.0,3.0,38.33,47.3,8.02,1.0,0.0,0.0,0.0,0.0,1.0,7.55,0,static
test_q4_2024,2024-11-01,841,LOJA 841,62782,HEDERA CIMED 7MG/ML CEREJA XPE100ML,51356,0,,1.0,3.0,38.33,47.3,8.02,1.0,0.0,0.0,0.0,0.0,1.0,7.55,0,static
test_q4_2024,2024-11-02,841,LOJA 841,62782,HEDERA CIMED 7MG/ML CEREJA XPE100ML,51356,0,,1.0,3.0,38.33,47.3,8.02,1.0,0.0,0.0,0.0,0.0,1.0,7.55,0,static
test_q4_2024,2024-11-03,841,LOJA 841,62782,HEDERA CIMED 7MG/ML CEREJA XPE100ML,51356,0,,1.0,3.0,38.33,47.3,8.02,1.0,0.0,0.0,0.0,0.0,,,0,static
test_q4_2024,2024-11-04,841,LOJA 841,62782,HEDERA CIMED 7MG/ML CEREJA XPE100ML,51356,0,,1.0,3.0,38.33,47.3,8.02,1.0,0.0,0.0,0.0,0.0,1.0,7.55,0,static
test_q4_2024,2024-11-05,841,LOJA 841,62782,HEDERA CIMED 7MG/ML CEREJA XPE100ML,51356,0,,1.0,3.0,38.33,47.3,8.02,1.0,0.0,0.0,0.0,0.0,1.0,7.55,0,static
test_q4_2024,2024-11-06,841,LOJA 841,62782,HEDERA CIMED 7MG/ML CEREJA XPE100ML,51356,0,,1.0,3.0,38.33,47.3,8.02,1.0,0.0,0.0,0.0,0.0,1.0,7.55,0,static
test_q4_2024,2024-11-07,841,LOJA 841,62782,HEDERA CIMED 7MG/ML CEREJA XPE100ML,51356,0,,1.0,3.0,38.33,47.3,8.02,1.0,0.0,0.0,0.0,0.0,1.0,7.55,0,static
test_q4_2024,2024-11-08,841,LOJA 841,62782,HEDERA CIMED 7MG/ML CEREJA XPE100ML,51356,0,,1.0,3.0,38.33,47.3,8.02,1.0,0.0,0.0,0.0,0.0,1.0,7.55,0,static
test_q4_2024,2024-11-09,841,LOJA 841,62782,HEDERA CIMED 7MG/ML CEREJA XPE100ML,51356,0,,1.0,3.0,38.33,47.3,8.02,1.0,0.0,0.0,0.0,0.0,1.0,7.55,0,static
test_q4_2024,2024-11-10,841,LOJA 841,62782,HEDERA CIMED 7MG/ML CEREJA XPE100ML,51356,0,,1.0,3.0,38.33,47.3,8.02,1.0,0.0,0.0,0.0,0.0,,,0,static
test_q4_2024,2024-11-11,841,LOJA 841,62782,HEDERA CIMED 7MG/ML CEREJA XPE100ML,51356,0,,1.0,3.0,38.33,47.3,8.02,1.0,0.0,0.0,0.0,0.0,1.0,7.55,0,static
test_q4_2024,2024-11-12,841,LOJA 841,62782,HEDERA CIMED 7MG/ML CEREJA XPE100ML,51356,0,,1.0,3.0,38.33,47.3,8.02,1.0,0.0,0.0,0.0,0.0,0.0,0.0,1,static
test_q4_2024,2024-11-13,841,LOJA 841,62782,HEDERA CIMED 7MG/ML CEREJA XPE100ML,51356,0,,1.0,3.0,38.33,47.3,8.02,1.0,0.0,0.0,0.0,0.0,0.0,0.0,1,static
test_q4_2024,2024-11-14,841,LOJA 841,62782,HEDERA CIMED 7MG/ML CEREJA XPE100ML,51356,0,,1.0,3.0,38.33,47.3,8.02,1.0,0.0,0.0,0.0,0.0,0.0,0.0,1,static
test_q4_2024,2024-11-15,841,LOJA 841,62782,HEDERA CIMED 7MG/ML CEREJA XPE100ML,51356,0,,1.0,3.0,38.33,47.3,8.02,1.0,0.0,0.0,0.0,0.0,0.0,0.0,1,static
test_q4_2024,2024-11-16,841,LOJA 841,62782,HEDERA CIMED 7MG/ML CEREJA XPE100ML,51356,0,,1.0,3.0,38.33,47.3,8.02,1.0,0.0,0.0,0.0,0.0,0.0,0.0,1,static
test_q4_2024,2024-11-17,841,LOJA 841,62782,HEDERA CIMED 7MG/ML CEREJA XPE100ML,51356,0,,1.0,3.0,38.33,47.3,8.02,1.0,0.0,0.0,0.0,0.0,,,0,static
test_q4_2024,2024-11-18,841,LOJA 841,62782,HEDERA CIMED 7MG/ML CEREJA XPE100ML,51356,0,,1.0,3.0,38.33,47.3,8.02,1.0,0.0,0.0,0.0,0.0,1.0,7.84,0,static
test_q4_2024,2024-11-19,841,LOJA 841,62782,HEDERA CIMED 7MG/ML CEREJA XPE100ML,51356,0,,1.0,3.0,38.33,47.3,8.02,1.0,0.0,0.0,0.0,0.0,1.0,7.84,0,static
test_q4_2024,2024-11-20,841,LOJA 841,62782,HEDERA CIMED 7MG/ML CEREJA XPE100ML,51356,0,,1.0,3.0,38.33,47.3,8.02,1.0,0.0,0.0,0.0,0.0,1.0,7.84,0,static
test_q4_2024,2024-11-21,841,LOJA 841,62782,HEDERA CIMED 7MG/ML CEREJA XPE100ML,51356,0,,1.0,3.0,38.33,47.3,8.02,1.0,0.0,0.0,0.0,0.0,1.0,7.84,0,static
test_q4_2024,2024-11-22,841,LOJA 841,62782,HEDERA CIMED 7MG/ML CEREJA XPE100ML,51356,0,,1.0,3.0,38.33,47.3,8.02,1.0,0.0,0.0,0.0,0.0,1.0,7.84,0,static
test_q4_2024,2024-11-23,841,LOJA 841,62782,HEDERA CIMED 7MG/ML CEREJA XPE100ML,51356,0,,1.0,3.0,38.33,47.3,8.02,1.0,0.0,0.0,0.0,0.0,1.0,7.84,0,static
test_q4_2024,2024-11-24,841,LOJA 841,62782,HEDERA CIMED 7MG/ML CEREJA XPE100ML,51356,0,,1.0,3.0,38.33,47.3,8.02,1.0,0.0,0.0,0.0,0.0,,,0,static
test_q4_2024,2024-11-25,841,LOJA 841,62782,HEDERA CIMED 7MG/ML CEREJA XPE100ML,51356,0,,1.0,3.0,38.33,47.3,8.02,1.0,0.0,0.0,0.0,0.0,1.0,7.84,0,static
test_q4_2024,2024-11-26,841,LOJA 841,62782,HEDERA CIMED 7MG/ML CEREJA XPE100ML,51356,0,,1.0,3.0,38.33,47.3,8.02,1.0,0.0,0.0,0.0,0.0,1.0,7.84,0,static
test_q4_2024,2024-11-27,841,LOJA 841,62782,HEDERA CIMED 7MG/ML CEREJA XPE100ML,51356,0,,1.0,3.0,38.33,47.3,8.02,1.0,0.0,0.0,0.0,0.0,1.0,7.84,0,static
test_q4_2024,2024-11-28,841,LOJA 841,62782,HEDERA CIMED 7MG/ML CEREJA XPE100ML,51356,0,,1.0,3.0,38.33,47.3,8.02,1.0,0.0,0.0,0.0,0.0,1.0,7.84,0,static
test_q4_2024,2024-11-29,841,LOJA 841,62782,HEDERA CIMED 7MG/ML CEREJA XPE100ML,51356,0,,1.0,3.0,38.33,47.3,8.02,1.0,0.0,0.0,0.0,0.0,1.0,7.84,0,static
test_q4_2024,2024-11-30,841,LOJA 841,62782,HEDERA CIMED 7MG/ML CEREJA XPE100ML,51356,0,,1.0,3.0,38.33,47.3,8.02,1.0,0.0,0.0,0.0,0.0,1.0,7.84,0,static
test_q4_2024,2024-12-01,841,LOJA 841,62782,HEDERA CIMED 7MG/ML CEREJA XPE100ML,51356,0,,1.0,3.0,38.33,47.3,8.02,1.0,0.0,0.0,0.0,0.0,,,0,static
test_q4_2024,2024-12-02,841,LOJA 841,62782,HEDERA CIMED 7MG/ML CEREJA XPE100ML,51356,0,,1.0,3.0,38.33,47.3,8.02,1.0,0.0,0.0,0.0,0.0,1.0,7.84,0,static
test_q4_2024,2024-12-03,841,LOJA 841,62782,HEDERA CIMED 7MG/ML CEREJA XPE100ML,51356,0,,1.0,3.0,38.33,47.3,8.02,1.0,0.0,0.0,0.0,0.0,1.0,7.84,0,static
test_q4_2024,2024-12-04,841,LOJA 841,62782,HEDERA CIMED 7MG/ML CEREJA XPE100ML,51356,0,,1.0,3.0,38.33,47.3,8.02,1.0,0.0,0.0,0.0,0.0,1.0,7.84,0,static
test_q4_2024,2024-12-05,841,LOJA 841,62782,HEDERA CIMED 7MG/ML CEREJA XPE100ML,51356,0,,1.0,3.0,38.33,47.3,8.02,1.0,0.0,0.0,0.0,0.0,1.0,7.84,0,static
test_q4_2024,2024-12-06,841,LOJA 841,62782,HEDERA CIMED 7MG/ML CEREJA XPE100ML,51356,0,,1.0,3.0,38.33,47.3,8.02,1.0,0.0,0.0,0.0,0.0,1.0,7.84,0,static
test_q4_2024,2024-12-07,841,LOJA 841,62782,HEDERA CIMED 7MG/ML CEREJA XPE100ML,51356,0,,1.0,3.0,38.33,47.3,8.02,1.0,0.0,0.0,0.0,0.0,1.0,7.84,0,static
test_q4_2024,2024-12-08,841,LOJA 841,62782,HEDERA CIMED 7MG/ML CEREJA XPE100ML,51356,0,,1.0,3.0,38.33,47.3,8.02,1.0,0.0,0.0,0.0,0.0,,,0,static
test_q4_2024,2024-12-09,841,LOJA 841,62782,HEDERA CIMED 7MG/ML CEREJA XPE100ML,51356,0,,1.0,3.0,38.33,47.3,8.02,1.0,0.0,0.0,0.0,0.0,1.0,7.84,0,static
test_q4_2024,2024-12-10,841,LOJA 841,62782,HEDERA CIMED 7MG/ML CEREJA XPE100ML,51356,0,,1.0,3.0,38.33,47.3,8.02,1.0,0.0,0.0,0.0,0.0,1.0,7.84,0,static
test_q4_2024,2024-12-11,841,LOJA 841,62782,HEDERA CIMED 7MG/ML CEREJA XPE100ML,51356,0,,1.0,3.0,38.33,47.3,8.02,1.0,0.0,0.0,0.0,0.0,1.0,7.84,0,static
test_q4_2024,2024-12-12,841,LOJA 841,62782,HEDERA CIMED 7MG/ML CEREJA XPE100ML,51356,0,,1.0,3.0,38.33,47.3,8.02,1.0,0.0,0.0,0.0,0.0,1.0,7.84,0,static
test_q4_2024,2024-12-13,841,LOJA 841,62782,HEDERA CIMED 7MG/ML CEREJA XPE100ML,51356,0,,1.0,3.0,38.33,47.3,8.02,1.0,0.0,0.0,0.0,0.0,1.0,7.84,0,static
test_q4_2024,2024-12-14,841,LOJA 841,62782,HEDERA CIMED 7MG/ML CEREJA XPE100ML,51356,0,,1.0,3.0,38.33,47.3,8.02,1.0,0.0,0.0,0.0,0.0,1.0,7.84,0,static
test_q4_2024,2024-12-15,841,LOJA 841,62782,HEDERA CIMED 7MG/ML CEREJA XPE100ML,51356,0,,1.0,3.0,38.33,47.3,8.02,1.0,0.0,0.0,0.0,0.0,,,0,static
test_q4_2024,2024-12-16,841,LOJA 841,62782,HEDERA CIMED 7MG/ML CEREJA XPE100ML,51356,0,,1.0,3.0,38.33,47.3,8.02,1.0,0.0,0.0,0.0,0.0,1.0,7.84,0,static
test_q4_2024,2024-12-17,841,LOJA 841,62782,HEDERA CIMED 7MG/ML CEREJA XPE100ML,51356,0,,1.0,3.0,38.33,47.3,8.02,1.0,0.0,0.0,0.0,0.0,1.0,7.84,0,static
test_q4_2024,2024-12-18,841,LOJA 841,62782,HEDERA CIMED 7MG/ML CEREJA XPE100ML,51356,0,,1.0,3.0,38.33,47.3,8.02,1.0,0.0,0.0,0.0,0.0,1.0,7.84,0,static
test_q4_2024,2024-12-19,841,LOJA 841,62782,HEDERA CIMED 7MG/ML CEREJA XPE100ML,51356,0,,1.0,3.0,38.33,47.3,8.02,1.0,0.0,0.0,0.0,0.0,1.0,7.84,0,static
test_q4_2024,2024-12-20,841,LOJA 841,62782,HEDERA CIMED 7MG/ML CEREJA XPE100ML,51356,0,,1.0,3.0,38.33,47.3,8.02,1.0,0.0,0.0,0.0,0.0,1.0,7.84,0,static
test_q4_2024,2024-12-21,841,LOJA 841,62782,HEDERA CIMED 7MG/ML CEREJA XPE100ML,51356,0,,1.0,3.0,38.33,47.3,8.02,1.0,0.0,0.0,0.0,0.0,1.0,7.84,0,static
test_q4_2024,2024-12-22,841,LOJA 841,62782,HEDERA CIMED 7MG/ML CEREJA XPE100ML,51356,0,,1.0,3.0,38.33,47.3,8.02,1.0,0.0,0.0,0.0,0.0,,,0,static
test_q4_2024,2024-12-23,841,LOJA 841,62782,HEDERA CIMED 7MG/ML CEREJA XPE100ML,51356,0,,1.0,3.0,38.33,47.3,8.02,1.0,0.0,0.0,0.0,0.0,1.0,7.84,0,static
test_q4_2024,2024-12-24,841,LOJA 841,62782,HEDERA CIMED 7MG/ML CEREJA XPE100ML,51356,0,,1.0,3.0,38.33,47.3,8.02,1.0,0.0,0.0,0.0,0.0,1.0,7.84,0,static
test_q4_2024,2024-12-25,841,LOJA 841,62782,HEDERA CIMED 7MG/ML CEREJA XPE100ML,51356,0,,1.0,3.0,38.33,47.3,8.02,1.0,0.0,0.0,0.0,0.0,1.0,7.84,0,static
test_q4_2024,2024-12-26,841,LOJA 841,62782,HEDERA CIMED 7MG/ML CEREJA XPE100ML,51356,0,,1.0,3.0,38.33,47.3,8.02,1.0,0.0,0.0,0.0,0.0,1.0,7.84,0,static
test_q4_2024,2024-12-27,841,LOJA 841,62782,HEDERA CIMED 7MG/ML CEREJA XPE100ML,51356,0,,1.0,3.0,38.33,47.3,8.02,1.0,0.0,0.0,0.0,0.0,1.0,7.84,0,static
test_q4_2024,2024-12-28,841,LOJA 841,62782,HEDERA CIMED 7MG/ML CEREJA XPE100ML,51356,0,,1.0,3.0,38.33,47.3,8.02,1.0,0.0,0.0,0.0,0.0,1.0,7.84,0,static
test_q4_2024,2024-12-29,841,LOJA 841,62782,HEDERA CIMED 7MG/ML CEREJA XPE100ML,51356,0,,1.0,3.0,38.33,47.3,8.02,1.0,0.0,0.0,1.0,1.0,,,0,static
test_q4_2024,2024-12-30,841,LOJA 841,62782,HEDERA CIMED 7MG/ML CEREJA XPE100ML,51356,0,,1.0,3.0,38.33,47.3,8.02,1.0,0.0,0.0,0.0,0.0,0.0,0.0,1,static
test_q4_2024,2024-12-31,841,LOJA 841,62782,HEDERA CIMED 7MG/ML CEREJA XPE100ML,51356,0,,1.0,3.0,38.33,47.3,8.02,1.0,0.0,0.0,0.0,0.0,0.0,0.0,1,static
test_q4_2024,2024-10-01,841,LOJA 841,76834,"SORINAN ADULTO 0,5MG SOL NASAL 30ML",111893,0,,1.0,3.0,9.19,10.8,3.34,1.0,0.0,0.0,0.0,0.0,1.0,3.34,0,static
test_q4_2024,2024-10-02,841,LOJA 841,76834,"SORINAN ADULTO 0,5MG SOL NASAL 30ML",111893,0,,1.0,3.0,9.19,10.8,3.34,1.0,0.0,0.0,0.0,0.0,1.0,3.34,0,static
test_q4_2024,2024-10-03,841,LOJA 841,76834,"SORINAN ADULTO 0,5MG SOL NASAL 30ML",111893,0,,1.0,3.0,9.19,10.8,3.34,1.0,0.0,0.0,0.0,0.0,1.0,3.34,0,static
test_q4_2024,2024-10-04,841,LOJA 841,76834,"SORINAN ADULTO 0,5MG SOL NASAL 30ML",111893,0,,1.0,3.0,9.19,10.8,3.34,1.0,0.0,0.0,0.0,0.0,1.0,3.34,0,static
test_q4_2024,2024-10-05,841,LOJA 841,76834,"SORINAN ADULTO 0,5MG SOL NASAL 30ML",111893,0,,1.0,3.0,9.19,10.8,3.34,1.0,0.0,0.0,0.0,0.0,1.0,3.34,0,static
test_q4_2024,2024-10-06,841,LOJA 841,76834,"SORINAN ADULTO 0,5MG SOL NASAL 30ML",111893,0,,1.0,3.0,9.19,10.8,3.34,1.0,0.0,0.0,0.0,0.0,,,0,static
test_q4_2024,2024-10-07,841,LOJA 841,76834,"SORINAN ADULTO 0,5MG SOL NASAL 30ML",111893,0,,1.0,3.0,9.19,10.8,3.34,1.0,0.0,0.0,0.0,0.0,1.0,3.34,0,static
test_q4_2024,2024-10-08,841,LOJA 841,76834,"SORINAN ADULTO 0,5MG SOL NASAL 30ML",111893,0,,1.0,3.0,9.19,10.8,3.34,1.0,0.0,0.0,0.0,0.0,1.0,3.34,0,static
test_q4_2024,2024-10-09,841,LOJA 841,76834,"SORINAN ADULTO 0,5MG SOL NASAL 30ML",111893,0,,1.0,3.0,9.19,10.8,3.34,1.0,0.0,0.0,0.0,0.0,1.0,3.34,0,static
test_q4_2024,2024-10-10,841,LOJA 841,76834,"SORINAN ADULTO 0,5MG SOL NASAL 30ML",111893,0,,1.0,3.0,9.19,10.8,3.34,1.0,0.0,0.0,0.0,0.0,1.0,3.34,0,static
test_q4_2024,2024-10-11,841,LOJA 841,76834,"SORINAN ADULTO 0,5MG SOL NASAL 30ML",111893,0,,1.0,3.0,9.19,10.8,3.34,1.0,0.0,0.0,0.0,0.0,1.0,3.34,0,static
test_q4_2024,2024-10-12,841,LOJA 841,76834,"SORINAN ADULTO 0,5MG SOL NASAL 30ML",111893,0,,1.0,3.0,9.19,10.8,3.34,1.0,0.0,0.0,0.0,0.0,1.0,3.34,0,static
test_q4_2024,2024-10-13,841,LOJA 841,76834,"SORINAN ADULTO 0,5MG SOL NASAL 30ML",111893,0,,1.0,3.0,9.19,10.8,3.34,1.0,0.0,0.0,0.0,0.0,,,0,static
test_q4_2024,2024-10-14,841,LOJA 841,76834,"SORINAN ADULTO 0,5MG SOL NASAL 30ML",111893,0,,1.0,3.0,9.19,10.8,3.34,1.0,0.0,0.0,0.0,0.0,1.0,3.34,0,static
test_q4_2024,2024-10-15,841,LOJA 841,76834,"SORINAN ADULTO 0,5MG SOL NASAL 30ML",111893,0,,1.0,3.0,9.19,10.8,3.34,1.0,0.0,0.0,0.0,0.0,1.0,3.34,0,static
test_q4_2024,2024-10-16,841,LOJA 841,76834,"SORINAN ADULTO 0,5MG SOL NASAL 30ML",111893,0,,1.0,3.0,9.19,10.8,3.34,1.0,0.0,0.0,0.0,0.0,1.0,3.34,0,static
test_q4_2024,2024-10-17,841,LOJA 841,76834,"SORINAN ADULTO 0,5MG SOL NASAL 30ML",111893,0,,1.0,3.0,9.19,10.8,3.34,1.0,0.0,0.0,0.0,0.0,1.0,3.34,0,static
test_q4_2024,2024-10-18,841,LOJA 841,76834,"SORINAN ADULTO 0,5MG SOL NASAL 30ML",111893,0,,1.0,3.0,9.19,10.8,3.34,1.0,0.0,0.0,0.0,0.0,1.0,3.34,0,static
test_q4_2024,2024-10-19,841,LOJA 841,76834,"SORINAN ADULTO 0,5MG SOL NASAL 30ML",111893,0,,1.0,3.0,9.19,10.8,3.34,1.0,0.0,0.0,0.0,0.0,1.0,3.34,0,static
test_q4_2024,2024-10-20,841,LOJA 841,76834,"SORINAN ADULTO 0,5MG SOL NASAL 30ML",111893,0,,1.0,3.0,9.19,10.8,3.34,1.0,0.0,0.0,0.0,0.0,,,0,static
test_q4_2024,2024-10-21,841,LOJA 841,76834,"SORINAN ADULTO 0,5MG SOL NASAL 30ML",111893,0,,1.0,3.0,9.19,10.8,3.34,1.0,0.0,0.0,0.0,0.0,1.0,3.34,0,static
test_q4_2024,2024-10-22,841,LOJA 841,76834,"SORINAN ADULTO 0,5MG SOL NASAL 30ML",111893,0,,1.0,3.0,9.19,10.8,3.34,1.0,0.0,0.0,0.0,0.0,1.0,3.34,0,static
test_q4_2024,2024-10-23,841,LOJA 841,76834,"SORINAN ADULTO 0,5MG SOL NASAL 30ML",111893,0,,1.0,3.0,9.19,10.8,3.34,1.0,0.0,0.0,0.0,0.0,1.0,3.34,0,static
test_q4_2024,2024-10-24,841,LOJA 841,76834,"SORINAN ADULTO 0,5MG SOL NASAL 30ML",111893,0,,1.0,3.0,9.19,10.8,3.34,1.0,0.0,0.0,0.0,0.0,1.0,3.34,0,static
test_q4_2024,2024-10-25,841,LOJA 841,76834,"SORINAN ADULTO 0,5MG SOL NASAL 30ML",111893,0,,1.0,3.0,9.19,10.8,3.34,1.0,0.0,0.0,0.0,0.0,1.0,3.34,0,static
test_q4_2024,2024-10-26,841,LOJA 841,76834,"SORINAN ADULTO 0,5MG SOL NASAL 30ML",111893,0,,1.0,3.0,9.19,10.8,3.34,1.0,0.0,0.0,0.0,0.0,1.0,3.34,0,static
test_q4_2024,2024-10-27,841,LOJA 841,76834,"SORINAN ADULTO 0,5MG SOL NASAL 30ML",111893,0,,1.0,3.0,9.19,10.8,3.34,1.0,0.0,0.0,0.0,0.0,,,0,static
test_q4_2024,2024-10-28,841,LOJA 841,76834,"SORINAN ADULTO 0,5MG SOL NASAL 30ML",111893,0,,1.0,3.0,9.19,10.8,3.34,1.0,0.0,0.0,0.0,0.0,1.0,3.34,0,static
test_q4_2024,2024-10-29,841,LOJA 841,76834,"SORINAN ADULTO 0,5MG SOL NASAL 30ML",111893,0,,1.0,3.0,9.19,10.8,3.34,1.0,0.0,0.0,0.0,0.0,1.0,3.34,0,static
test_q4_2024,2024-10-30,841,LOJA 841,76834,"SORINAN ADULTO 0,5MG SOL NASAL 30ML",111893,0,,1.0,3.0,9.19,10.8,3.34,1.0,0.0,0.0,0.0,0.0,1.0,3.34,0,static
test_q4_2024,2024-10-31,841,LOJA 841,76834,"SORINAN ADULTO 0,5MG SOL NASAL 30ML",111893,0,,1.0,3.0,9.19,10.8,3.34,1.0,0.0,0.0,0.0,0.0,1.0,3.34,0,static
test_q4_2024,2024-11-01,841,LOJA 841,76834,"SORINAN ADULTO 0,5MG SOL NASAL 30ML",111893,0,,1.0,3.0,9.19,10.8,3.34,1.0,0.0,0.0,0.0,0.0,1.0,3.34,0,static
test_q4_2024,2024-11-02,841,LOJA 841,76834,"SORINAN ADULTO 0,5MG SOL NASAL 30ML",111893,0,,1.0,3.0,9.19,10.8,3.34,1.0,0.0,0.0,0.0,0.0,1.0,3.34,0,static
test_q4_2024,2024-11-03,841,LOJA 841,76834,"SORINAN ADULTO 0,5MG SOL NASAL 30ML",111893,0,,1.0,3.0,9.19,10.8,3.34,1.0,0.0,0.0,0.0,0.0,,,0,static
test_q4_2024,2024-11-04,841,LOJA 841,76834,"SORINAN ADULTO 0,5MG SOL NASAL 30ML",111893,0,,1.0,3.0,9.19,10.8,3.34,1.0,0.0,0.0,0.0,0.0,1.0,3.34,0,static
test_q4_2024,2024-11-05,841,LOJA 841,76834,"SORINAN ADULTO 0,5MG SOL NASAL 30ML",111893,0,,1.0,3.0,9.19,10.8,3.34,1.0,0.0,0.0,0.0,0.0,1.0,3.34,0,static
test_q4_2024,2024-11-06,841,LOJA 841,76834,"SORINAN ADULTO 0,5MG SOL NASAL 30ML",111893,0,,1.0,3.0,9.19,10.8,3.34,1.0,0.0,0.0,0.0,0.0,1.0,3.34,0,static
test_q4_2024,2024-11-07,841,LOJA 841,76834,"SORINAN ADULTO 0,5MG SOL NASAL 30ML",111893,0,,1.0,3.0,9.19,10.8,3.34,1.0,0.0,0.0,0.0,0.0,1.0,3.34,0,static
test_q4_2024,2024-11-08,841,LOJA 841,76834,"SORINAN ADULTO 0,5MG SOL NASAL 30ML",111893,0,,1.0,3.0,9.19,10.8,3.34,1.0,0.0,0.0,0.0,0.0,1.0,3.34,0,static
test_q4_2024,2024-11-09,841,LOJA 841,76834,"SORINAN ADULTO 0,5MG SOL NASAL 30ML",111893,0,,1.0,3.0,9.19,10.8,3.34,1.0,0.0,0.0,0.0,0.0,1.0,3.34,0,static
test_q4_2024,2024-11-10,841,LOJA 841,76834,"SORINAN ADULTO 0,5MG SOL NASAL 30ML",111893,0,,1.0,3.0,9.19,10.8,3.34,1.0,0.0,0.0,0.0,0.0,,,0,static
test_q4_2024,2024-11-11,841,LOJA 841,76834,"SORINAN ADULTO 0,5MG SOL NASAL 30ML",111893,0,,1.0,3.0,9.19,10.8,3.34,1.0,0.0,0.0,0.0,0.0,1.0,3.34,0,static
test_q4_2024,2024-11-12,841,LOJA 841,76834,"SORINAN ADULTO 0,5MG SOL NASAL 30ML",111893,0,,1.0,3.0,9.19,10.8,3.34,1.0,0.0,0.0,0.0,0.0,1.0,3.34,0,static
test_q4_2024,2024-11-13,841,LOJA 841,76834,"SORINAN ADULTO 0,5MG SOL NASAL 30ML",111893,0,,1.0,3.0,9.19,10.8,3.34,1.0,0.0,0.0,0.0,0.0,1.0,3.34,0,static
test_q4_2024,2024-11-14,841,LOJA 841,76834,"SORINAN ADULTO 0,5MG SOL NASAL 30ML",111893,0,,1.0,3.0,9.19,10.8,3.34,1.0,0.0,0.0,0.0,0.0,1.0,3.34,0,static
test_q4_2024,2024-11-15,841,LOJA 841,76834,"SORINAN ADULTO 0,5MG SOL NASAL 30ML",111893,0,,1.0,3.0,9.19,10.8,3.34,1.0,0.0,0.0,0.0,0.0,1.0,3.34,0,static
test_q4_2024,2024-11-16,841,LOJA 841,76834,"SORINAN ADULTO 0,5MG SOL NASAL 30ML",111893,0,,1.0,3.0,9.19,10.8,3.34,1.0,0.0,0.0,0.0,0.0,1.0,3.34,0,static
test_q4_2024,2024-11-17,841,LOJA 841,76834,"SORINAN ADULTO 0,5MG SOL NASAL 30ML",111893,0,,1.0,3.0,9.19,10.8,3.34,1.0,0.0,0.0,0.0,0.0,,,0,static
test_q4_2024,2024-11-18,841,LOJA 841,76834,"SORINAN ADULTO 0,5MG SOL NASAL 30ML",111893,0,,1.0,3.0,9.19,10.8,3.34,1.0,0.0,0.0,0.0,0.0,1.0,3.34,0,static
test_q4_2024,2024-11-19,841,LOJA 841,76834,"SORINAN ADULTO 0,5MG SOL NASAL 30ML",111893,0,,1.0,3.0,9.19,10.8,3.34,1.0,0.0,0.0,0.0,0.0,1.0,3.34,0,static
test_q4_2024,2024-11-20,841,LOJA 841,76834,"SORINAN ADULTO 0,5MG SOL NASAL 30ML",111893,0,,1.0,3.0,9.19,10.8,3.34,1.0,0.0,0.0,0.0,0.0,1.0,3.34,0,static
test_q4_2024,2024-11-21,841,LOJA 841,76834,"SORINAN ADULTO 0,5MG SOL NASAL 30ML",111893,0,,1.0,3.0,9.19,10.8,3.34,1.0,0.0,0.0,0.0,0.0,1.0,3.34,0,static
test_q4_2024,2024-11-22,841,LOJA 841,76834,"SORINAN ADULTO 0,5MG SOL NASAL 30ML",111893,0,,1.0,3.0,9.19,10.8,3.34,1.0,0.0,0.0,0.0,0.0,1.0,3.34,0,static
test_q4_2024,2024-11-23,841,LOJA 841,76834,"SORINAN ADULTO 0,5MG SOL NASAL 30ML",111893,0,,1.0,3.0,9.19,10.8,3.34,1.0,0.0,0.0,0.0,0.0,1.0,3.34,0,static
test_q4_2024,2024-11-24,841,LOJA 841,76834,"SORINAN ADULTO 0,5MG SOL NASAL 30ML",111893,0,,1.0,3.0,9.19,10.8,3.34,1.0,0.0,0.0,0.0,0.0,,,0,static
test_q4_2024,2024-11-25,841,LOJA 841,76834,"SORINAN ADULTO 0,5MG SOL NASAL 30ML",111893,0,,1.0,3.0,9.19,10.8,3.34,1.0,0.0,0.0,0.0,0.0,1.0,3.34,0,static
test_q4_2024,2024-11-26,841,LOJA 841,76834,"SORINAN ADULTO 0,5MG SOL NASAL 30ML",111893,0,,1.0,3.0,9.19,10.8,3.34,1.0,0.0,0.0,0.0,0.0,1.0,3.34,0,static
test_q4_2024,2024-11-27,841,LOJA 841,76834,"SORINAN ADULTO 0,5MG SOL NASAL 30ML",111893,0,,1.0,3.0,9.19,10.8,3.34,1.0,0.0,0.0,0.0,0.0,1.0,3.34,0,static
test_q4_2024,2024-11-28,841,LOJA 841,76834,"SORINAN ADULTO 0,5MG SOL NASAL 30ML",111893,0,,1.0,3.0,9.19,10.8,3.34,1.0,0.0,0.0,0.0,0.0,1.0,3.34,0,static
test_q4_2024,2024-11-29,841,LOJA 841,76834,"SORINAN ADULTO 0,5MG SOL NASAL 30ML",111893,0,,1.0,3.0,9.19,10.8,3.34,1.0,0.0,0.0,0.0,0.0,1.0,3.34,0,static
test_q4_2024,2024-11-30,841,LOJA 841,76834,"SORINAN ADULTO 0,5MG SOL NASAL 30ML",111893,0,,1.0,3.0,9.19,10.8,3.34,1.0,0.0,0.0,0.0,0.0,1.0,3.34,0,static
test_q4_2024,2024-12-01,841,LOJA 841,76834,"SORINAN ADULTO 0,5MG SOL NASAL 30ML",111893,0,,1.0,3.0,9.19,10.8,3.34,1.0,0.0,0.0,0.0,0.0,,,0,static
test_q4_2024,2024-12-02,841,LOJA 841,76834,"SORINAN ADULTO 0,5MG SOL NASAL 30ML",111893,0,,1.0,3.0,9.19,10.8,3.34,1.0,0.0,0.0,0.0,0.0,1.0,3.34,0,static
test_q4_2024,2024-12-03,841,LOJA 841,76834,"SORINAN ADULTO 0,5MG SOL NASAL 30ML",111893,0,,1.0,3.0,9.19,10.8,3.34,1.0,0.0,0.0,0.0,0.0,1.0,3.34,0,static
test_q4_2024,2024-12-04,841,LOJA 841,76834,"SORINAN ADULTO 0,5MG SOL NASAL 30ML",111893,0,,1.0,3.0,9.19,10.8,3.34,1.0,0.0,0.0,0.0,0.0,1.0,3.34,0,static
test_q4_2024,2024-12-05,841,LOJA 841,76834,"SORINAN ADULTO 0,5MG SOL NASAL 30ML",111893,0,,1.0,3.0,9.19,10.8,3.34,1.0,0.0,0.0,0.0,0.0,1.0,3.34,0,static
test_q4_2024,2024-12-06,841,LOJA 841,76834,"SORINAN ADULTO 0,5MG SOL NASAL 30ML",111893,0,,1.0,3.0,9.19,10.8,3.34,1.0,0.0,0.0,0.0,0.0,1.0,3.34,0,static
test_q4_2024,2024-12-07,841,LOJA 841,76834,"SORINAN ADULTO 0,5MG SOL NASAL 30ML",111893,0,,1.0,3.0,9.19,10.8,3.34,1.0,0.0,0.0,0.0,0.0,1.0,3.34,0,static
test_q4_2024,2024-12-08,841,LOJA 841,76834,"SORINAN ADULTO 0,5MG SOL NASAL 30ML",111893,0,,1.0,3.0,9.19,10.8,3.34,1.0,0.0,0.0,0.0,0.0,,,0,static
test_q4_2024,2024-12-09,841,LOJA 841,76834,"SORINAN ADULTO 0,5MG SOL NASAL 30ML",111893,0,,1.0,3.0,9.19,10.8,3.34,1.0,0.0,0.0,0.0,0.0,1.0,3.34,0,static
test_q4_2024,2024-12-10,841,LOJA 841,76834,"SORINAN ADULTO 0,5MG SOL NASAL 30ML",111893,0,,1.0,3.0,9.19,10.8,3.34,1.0,0.0,0.0,0.0,0.0,1.0,3.34,0,static
test_q4_2024,2024-12-11,841,LOJA 841,76834,"SORINAN ADULTO 0,5MG SOL NASAL 30ML",111893,0,,1.0,3.0,9.19,10.8,3.34,1.0,0.0,0.0,0.0,0.0,1.0,3.34,0,static
test_q4_2024,2024-12-12,841,LOJA 841,76834,"SORINAN ADULTO 0,5MG SOL NASAL 30ML",111893,0,,1.0,3.0,9.19,10.8,3.34,1.0,0.0,0.0,0.0,0.0,1.0,3.34,0,static
test_q4_2024,2024-12-13,841,LOJA 841,76834,"SORINAN ADULTO 0,5MG SOL NASAL 30ML",111893,0,,1.0,3.0,9.19,10.8,3.34,1.0,0.0,0.0,0.0,0.0,1.0,3.34,0,static
test_q4_2024,2024-12-14,841,LOJA 841,76834,"SORINAN ADULTO 0,5MG SOL NASAL 30ML",111893,0,,1.0,3.0,9.19,10.8,3.34,1.0,0.0,0.0,0.0,0.0,1.0,3.34,0,static
test_q4_2024,2024-12-15,841,LOJA 841,76834,"SORINAN ADULTO 0,5MG SOL NASAL 30ML",111893,0,,1.0,3.0,9.19,10.8,3.34,1.0,0.0,0.0,0.0,0.0,,,0,static
test_q4_2024,2024-12-16,841,LOJA 841,76834,"SORINAN ADULTO 0,5MG SOL NASAL 30ML",111893,0,,1.0,3.0,9.19,10.8,3.34,1.0,0.0,0.0,0.0,0.0,1.0,3.34,0,static
test_q4_2024,2024-12-17,841,LOJA 841,76834,"SORINAN ADULTO 0,5MG SOL NASAL 30ML",111893,0,,1.0,3.0,9.19,10.8,3.34,1.0,0.0,0.0,0.0,0.0,1.0,3.34,0,static
test_q4_2024,2024-12-18,841,LOJA 841,76834,"SORINAN ADULTO 0,5MG SOL NASAL 30ML",111893,0,,1.0,3.0,9.19,10.8,3.34,1.0,0.0,0.0,0.0,0.0,1.0,3.34,0,static
test_q4_2024,2024-12-19,841,LOJA 841,76834,"SORINAN ADULTO 0,5MG SOL NASAL 30ML",111893,0,,1.0,3.0,9.19,10.8,3.34,1.0,0.0,0.0,0.0,0.0,1.0,3.34,0,static
test_q4_2024,2024-12-20,841,LOJA 841,76834,"SORINAN ADULTO 0,5MG SOL NASAL 30ML",111893,0,,1.0,3.0,9.19,10.8,3.34,1.0,0.0,0.0,0.0,0.0,1.0,3.34,0,static
test_q4_2024,2024-12-21,841,LOJA 841,76834,"SORINAN ADULTO 0,5MG SOL NASAL 30ML",111893,0,,1.0,3.0,9.19,10.8,3.34,1.0,0.0,0.0,0.0,0.0,1.0,3.34,0,static
test_q4_2024,2024-12-22,841,LOJA 841,76834,"SORINAN ADULTO 0,5MG SOL NASAL 30ML",111893,0,,1.0,3.0,9.19,10.8,3.34,1.0,0.0,0.0,0.0,0.0,,,0,static
test_q4_2024,2024-12-23,841,LOJA 841,76834,"SORINAN ADULTO 0,5MG SOL NASAL 30ML",111893,0,,1.0,3.0,9.19,10.8,3.34,1.0,0.0,0.0,0.0,0.0,1.0,3.34,0,static
test_q4_2024,2024-12-24,841,LOJA 841,76834,"SORINAN ADULTO 0,5MG SOL NASAL 30ML",111893,0,,1.0,3.0,9.19,10.8,3.34,1.0,0.0,0.0,0.0,0.0,1.0,3.34,0,static
test_q4_2024,2024-12-25,841,LOJA 841,76834,"SORINAN ADULTO 0,5MG SOL NASAL 30ML",111893,0,,1.0,3.0,9.19,10.8,3.34,1.0,0.0,0.0,0.0,0.0,1.0,3.34,0,static
test_q4_2024,2024-12-26,841,LOJA 841,76834,"SORINAN ADULTO 0,5MG SOL NASAL 30ML",111893,0,,1.0,3.0,9.19,10.8,3.34,1.0,0.0,0.0,0.0,0.0,1.0,3.34,0,static
test_q4_2024,2024-12-27,841,LOJA 841,76834,"SORINAN ADULTO 0,5MG SOL NASAL 30ML",111893,0,,1.0,3.0,9.19,10.8,3.34,1.0,0.0,0.0,0.0,0.0,1.0,3.34,0,static
test_q4_2024,2024-12-28,841,LOJA 841,76834,"SORINAN ADULTO 0,5MG SOL NASAL 30ML",111893,0,,1.0,3.0,9.19,10.8,3.34,1.0,0.0,0.0,0.0,0.0,1.0,3.34,0,static
test_q4_2024,2024-12-29,841,LOJA 841,76834,"SORINAN ADULTO 0,5MG SOL NASAL 30ML",111893,0,,1.0,3.0,9.19,10.8,3.34,1.0,0.0,0.0,0.0,0.0,,,0,static
test_q4_2024,2024-12-30,841,LOJA 841,76834,"SORINAN ADULTO 0,5MG SOL NASAL 30ML",111893,0,,1.0,3.0,9.19,10.8,3.34,1.0,0.0,0.0,0.0,0.0,1.0,3.34,0,static
test_q4_2024,2024-12-31,841,LOJA 841,76834,"SORINAN ADULTO 0,5MG SOL NASAL 30ML",111893,0,,1.0,3.0,9.19,10.8,3.34,1.0,0.0,0.0,0.0,0.0,1.0,3.34,0,static
test_q4_2024,2024-10-01,841,LOJA 841,9607,NARIDRIN 12H ADULTO 30ML,173,0,,1.0,3.0,29.17,26.76,8.91,1.0,0.2496,0.5042,0.0,0.0,4.0,36.04,0,static
test_q4_2024,2024-10-02,841,LOJA 841,9607,NARIDRIN 12H ADULTO 30ML,173,0,,1.0,3.0,29.17,26.76,8.91,1.0,0.3808,0.5042,0.0,0.0,9.0,81.09,0,static
test_q4_2024,2024-10-03,841,LOJA 841,9607,NARIDRIN 12H ADULTO 30ML,173,0,,1.0,3.0,29.17,26.76,8.91,1.0,0.2192,0.5042,0.0,0.0,9.0,81.09,0,static
test_q4_2024,2024-10-04,841,LOJA 841,9607,NARIDRIN 12H ADULTO 30ML,173,0,,1.0,3.0,29.17,26.76,8.91,1.0,0.3067,0.5042,0.0,0.0,10.0,90.1,0,static
test_q4_2024,2024-10-05,841,LOJA 841,9607,NARIDRIN 12H ADULTO 30ML,173,0,,1.0,3.0,29.17,26.76,8.91,1.0,0.28,0.5042,0.0,0.0,10.0,90.1,0,static
test_q4_2024,2024-10-06,841,LOJA 841,9607,NARIDRIN 12H ADULTO 30ML,173,0,,1.0,3.0,29.17,26.76,8.91,1.0,0.28,0.5042,0.0,0.0,,,0,static
test_q4_2024,2024-10-07,841,LOJA 841,9607,NARIDRIN 12H ADULTO 30ML,173,0,,1.0,3.0,29.17,26.76,8.91,1.0,0.28,0.5042,0.0,0.0,10.0,90.1,0,static
test_q4_2024,2024-10-08,841,LOJA 841,9607,NARIDRIN 12H ADULTO 30ML,173,0,,1.0,3.0,29.17,26.76,8.91,1.0,0.2363,0.5042,0.0,0.0,10.0,90.1,0,static
test_q4_2024,2024-10-09,841,LOJA 841,9607,NARIDRIN 12H ADULTO 30ML,173,0,,1.0,3.0,29.17,26.76,8.91,1.0,0.3675,0.5042,0.0,0.0,10.0,90.1,0,static
test_q4_2024,2024-10-10,841,LOJA 841,9607,NARIDRIN 12H ADULTO 30ML,173,0,,1.0,3.0,29.17,26.76,8.91,1.0,0.1925,0.5042,0.0,0.0,10.0,90.1,0,static
test_q4_2024,2024-10-11,841,LOJA 841,9607,NARIDRIN 12H ADULTO 30ML,173,0,,1.0,3.0,29.17,26.76,8.91,1.0,0.32,0.5042,0.0,0.0,10.0,90.1,0,static
test_q4_2024,2024-10-12,841,LOJA 841,9607,NARIDRIN 12H ADULTO 30ML,173,0,,1.0,3.0,29.17,26.76,8.91,1.0,0.32,0.5042,0.0,0.0,10.0,90.1,0,static
test_q4_2024,2024-10-13,841,LOJA 841,9607,NARIDRIN 12H ADULTO 30ML,173,0,,1.0,3.0,29.17,26.76,8.91,1.0,0.32,0.5042,0.0,0.0,,,0,static
test_q4_2024,2024-10-14,841,LOJA 841,9607,NARIDRIN 12H ADULTO 30ML,173,0,,1.0,3.0,29.17,26.76,8.91,1.0,0.32,0.5042,0.0,0.0,10.0,90.1,0,static
test_q4_2024,2024-10-15,841,LOJA 841,9607,NARIDRIN 12H ADULTO 30ML,173,0,,1.0,3.0,29.17,26.76,8.91,1.0,0.2762,0.5042,0.0,0.0,10.0,90.1,0,static
test_q4_2024,2024-10-16,841,LOJA 841,9607,NARIDRIN 12H ADULTO 30ML,173,0,,1.0,3.0,29.17,26.76,8.91,1.0,0.3675,0.5042,0.0,0.0,10.0,90.1,0,static
test_q4_2024,2024-10-17,841,LOJA 841,9607,NARIDRIN 12H ADULTO 30ML,173,0,,1.0,3.0,29.17,26.76,8.91,1.0,0.1925,0.5042,0.0,0.0,10.0,90.1,0,static
test_q4_2024,2024-10-18,841,LOJA 841,9607,NARIDRIN 12H ADULTO 30ML,173,0,,1.0,3.0,29.17,26.76,8.91,1.0,0.28,0.5042,0.0,0.0,10.0,90.1,0,static
test_q4_2024,2024-10-19,841,LOJA 841,9607,NARIDRIN 12H ADULTO 30ML,173,0,,1.0,3.0,29.17,26.76,8.91,1.0,0.28,0.5042,0.0,0.0,10.0,90.1,0,static
test_q4_2024,2024-10-20,841,LOJA 841,9607,NARIDRIN 12H ADULTO 30ML,173,0,,1.0,3.0,29.17,26.76,8.91,1.0,0.28,0.5042,0.0,0.0,,,0,static
test_q4_2024,2024-10-21,841,LOJA 841,9607,NARIDRIN 12H ADULTO 30ML,173,0,,1.0,3.0,29.17,26.76,8.91,1.0,0.32,0.5042,1.0,1.0,10.0,90.1,0,static
test_q4_2024,2024-10-22,841,LOJA 841,9607,NARIDRIN 12H ADULTO 30ML,173,0,,1.0,3.0,29.17,26.76,8.91,1.0,0.2762,0.5042,0.0,0.0,9.0,81.09,0,static
test_q4_2024,2024-10-23,841,LOJA 841,9607,NARIDRIN 12H ADULTO 30ML,173,0,,1.0,3.0,29.17,26.76,8.91,1.0,0.4475,0.5042,0.0,0.0,9.0,81.09,0,static
test_q4_2024,2024-10-24,841,LOJA 841,9607,NARIDRIN 12H ADULTO 30ML,173,0,,1.0,3.0,29.17,26.76,8.91,1.0,0.2725,0.5042,0.0,0.0,9.0,81.09,0,static
test_q4_2024,2024-10-25,841,LOJA 841,9607,NARIDRIN 12H ADULTO 30ML,173,0,,1.0,3.0,29.17,26.76,8.91,1.0,0.36,0.5042,0.0,0.0,9.0,81.09,0,static
test_q4_2024,2024-10-26,841,LOJA 841,9607,NARIDRIN 12H ADULTO 30ML,173,0,,1.0,3.0,29.17,26.76,8.91,1.0,0.32,0.5042,0.0,0.0,10.0,90.0,0,static
test_q4_2024,2024-10-27,841,LOJA 841,9607,NARIDRIN 12H ADULTO 30ML,173,0,,1.0,3.0,29.17,26.76,8.91,1.0,0.32,0.5042,1.0,1.0,,,0,static
test_q4_2024,2024-10-28,841,LOJA 841,9607,NARIDRIN 12H ADULTO 30ML,173,0,,1.0,3.0,29.17,26.76,8.91,1.0,0.32,0.5042,0.0,0.0,9.0,81.0,0,static
test_q4_2024,2024-10-29,841,LOJA 841,9607,NARIDRIN 12H ADULTO 30ML,173,0,,1.0,3.0,29.17,26.76,8.91,1.0,0.2762,0.5042,0.0,0.0,9.0,81.0,0,static
test_q4_2024,2024-10-30,841,LOJA 841,9607,NARIDRIN 12H ADULTO 30ML,173,0,,1.0,3.0,29.17,26.76,8.91,1.0,0.4075,0.5042,0.0,0.0,9.0,81.0,0,static
test_q4_2024,2024-10-31,841,LOJA 841,9607,NARIDRIN 12H ADULTO 30ML,173,0,,1.0,3.0,29.17,26.76,8.91,1.0,0.2325,0.5042,1.0,1.0,10.0,89.9,0,static
test_q4_2024,2024-11-01,841,LOJA 841,9607,NARIDRIN 12H ADULTO 30ML,173,0,,1.0,3.0,29.17,26.76,8.91,1.0,0.32,0.5042,0.0,0.0,9.0,80.91,0,static
test_q4_2024,2024-11-02,841,LOJA 841,9607,NARIDRIN 12H ADULTO 30ML,173,0,,1.0,3.0,29.17,26.76,8.91,1.0,0.28,0.5042,0.0,0.0,9.0,80.91,0,static
test_q4_2024,2024-11-03,841,LOJA 841,9607,NARIDRIN 12H ADULTO 30ML,173,0,,1.0,3.0,29.17,26.76,8.91,1.0,0.28,0.5042,0.0,0.0,,,0,static
test_q4_2024,2024-11-04,841,LOJA 841,9607,NARIDRIN 12H ADULTO 30ML,173,0,,1.0,3.0,29.17,26.76,8.91,1.0,0.28,0.5042,0.0,0.0,9.0,80.91,0,static
test_q4_2024,2024-11-05,841,LOJA 841,9607,NARIDRIN 12H ADULTO 30ML,173,0,,1.0,3.0,29.17,26.76,8.91,1.0,0.2096,0.5042,0.0,0.0,10.0,89.8,0,static
test_q4_2024,2024-11-06,841,LOJA 841,9607,NARIDRIN 12H ADULTO 30ML,173,0,,1.0,3.0,29.17,26.76,8.91,1.0,0.3408,0.5042,0.0,0.0,10.0,89.8,0,static
test_q4_2024,2024-11-07,841,LOJA 841,9607,NARIDRIN 12H ADULTO 30ML,173,0,,1.0,3.0,29.17,26.76,8.91,1.0,0.1258,0.5042,0.0,0.0,10.0,89.8,0,static
test_q4_2024,2024-11-08,841,LOJA 841,9607,NARIDRIN 12H ADULTO 30ML,173,0,,1.0,3.0,29.17,26.76,8.91,1.0,0.2133,0.5042,0.0,0.0,10.0,89.8,0,static
test_q4_2024,2024-11-09,841,LOJA 841,9607,NARIDRIN 12H ADULTO 30ML,173,0,,1.0,3.0,29.17,26.76,8.91,1.0,0.2133,0.5042,2.0,2.0,10.0,89.8,0,static
test_q4_2024,2024-11-10,841,LOJA 841,9607,NARIDRIN 12H ADULTO 30ML,173,0,,1.0,3.0,29.17,26.76,8.91,1.0,0.2133,0.5042,0.0,0.0,,,0,static
test_q4_2024,2024-11-11,841,LOJA 841,9607,NARIDRIN 12H ADULTO 30ML,173,0,,1.0,3.0,29.17,26.76,8.91,1.0,0.2133,0.5042,0.0,0.0,8.0,71.84,0,static
test_q4_2024,2024-11-12,841,LOJA 841,9607,NARIDRIN 12H ADULTO 30ML,173,0,,1.0,3.0,29.17,26.76,8.91,1.0,0.1696,0.5042,0.0,0.0,8.0,71.84,0,static
test_q4_2024,2024-11-13,841,LOJA 841,9607,NARIDRIN 12H ADULTO 30ML,173,0,,1.0,3.0,29.17,26.76,8.91,1.0,0.3008,0.5042,0.0,0.0,8.0,71.84,0,static
test_q4_2024,2024-11-14,841,LOJA 841,9607,NARIDRIN 12H ADULTO 30ML,173,0,,1.0,3.0,29.17,26.76,8.91,1.0,0.1258,0.5042,0.0,0.0,8.0,71.84,0,static
test_q4_2024,2024-11-15,841,LOJA 841,9607,NARIDRIN 12H ADULTO 30ML,173,0,,1.0,3.0,29.17,26.76,8.91,1.0,0.2133,0.5042,0.0,0.0,10.0,89.7,0,static
test_q4_2024,2024-11-16,841,LOJA 841,9607,NARIDRIN 12H ADULTO 30ML,173,0,,1.0,3.0,29.17,26.76,8.91,1.0,0.2133,0.5042,0.0,0.0,10.0,89.7,0,static
test_q4_2024,2024-11-17,841,LOJA 841,9607,NARIDRIN 12H ADULTO 30ML,173,0,,1.0,3.0,29.17,26.76,8.91,1.0,0.2133,0.5042,0.0,0.0,,,0,static
test_q4_2024,2024-11-18,841,LOJA 841,9607,NARIDRIN 12H ADULTO 30ML,173,0,,1.0,3.0,29.17,26.76,8.91,1.0,0.2133,0.5042,0.0,0.0,10.0,89.7,0,static
test_q4_2024,2024-11-19,841,LOJA 841,9607,NARIDRIN 12H ADULTO 30ML,173,0,,1.0,3.0,29.17,26.76,8.91,1.0,0.1696,0.5042,1.0,1.0,10.0,89.7,0,static
test_q4_2024,2024-11-20,841,LOJA 841,9607,NARIDRIN 12H ADULTO 30ML,173,0,,1.0,3.0,29.17,26.76,8.91,1.0,0.2875,0.5042,0.0,0.0,10.0,89.7,0,static
test_q4_2024,2024-11-21,841,LOJA 841,9607,NARIDRIN 12H ADULTO 30ML,173,0,,1.0,3.0,29.17,26.76,8.91,1.0,0.1125,0.5042,0.0,0.0,10.0,89.7,0,static
test_q4_2024,2024-11-22,841,LOJA 841,9607,NARIDRIN 12H ADULTO 30ML,173,0,,1.0,3.0,29.17,26.76,8.91,1.0,0.2,0.5042,0.0,0.0,9.0,80.73,0,static
test_q4_2024,2024-11-23,841,LOJA 841,9607,NARIDRIN 12H ADULTO 30ML,173,0,,1.0,3.0,29.17,26.76,8.91,1.0,0.2,0.5042,1.0,1.0,9.0,80.73,0,static
test_q4_2024,2024-11-24,841,LOJA 841,9607,NARIDRIN 12H ADULTO 30ML,173,0,,1.0,3.0,29.17,26.76,8.91,1.0,0.2,0.5042,0.0,0.0,,,0,static
test_q4_2024,2024-11-25,841,LOJA 841,9607,NARIDRIN 12H ADULTO 30ML,173,0,,1.0,3.0,29.17,26.76,8.91,1.0,0.2,0.5042,0.0,0.0,9.0,80.73,0,static
test_q4_2024,2024-11-26,841,LOJA 841,9607,NARIDRIN 12H ADULTO 30ML,173,0,,1.0,3.0,29.17,26.76,8.91,1.0,0.1696,0.5042,0.0,0.0,9.0,80.73,0,static
test_q4_2024,2024-11-27,841,LOJA 841,9607,NARIDRIN 12H ADULTO 30ML,173,0,,1.0,3.0,29.17,26.76,8.91,1.0,0.3008,0.5042,0.0,0.0,9.0,80.73,0,static
test_q4_2024,2024-11-28,841,LOJA 841,9607,NARIDRIN 12H ADULTO 30ML,173,0,,1.0,3.0,29.17,26.76,8.91,1.0,0.1258,0.5042,0.0,0.0,10.0,89.7,0,static
test_q4_2024,2024-11-29,841,LOJA 841,9607,NARIDRIN 12H ADULTO 30ML,173,0,,1.0,3.0,29.17,26.76,8.91,1.0,0.2133,0.5042,0.0,0.0,10.0,89.7,0,static
test_q4_2024,2024-11-30,841,LOJA 841,9607,NARIDRIN 12H ADULTO 30ML,173,0,,1.0,3.0,29.17,26.76,8.91,1.0,0.2133,0.5042,0.0,0.0,10.0,89.7,0,static
test_q4_2024,2024-12-01,841,LOJA 841,9607,NARIDRIN 12H ADULTO 30ML,173,0,,1.0,3.0,29.17,26.76,8.91,1.0,0.2133,0.5042,0.0,0.0,,,0,static
test_q4_2024,2024-12-02,841,LOJA 841,9607,NARIDRIN 12H ADULTO 30ML,173,0,,1.0,3.0,29.17,26.76,8.91,1.0,0.24,0.5042,0.0,0.0,10.0,89.7,0,static
test_q4_2024,2024-12-03,841,LOJA 841,9607,NARIDRIN 12H ADULTO 30ML,173,0,,1.0,3.0,29.17,26.76,8.91,1.0,0.1963,0.5042,0.0,0.0,10.0,89.7,0,static
test_q4_2024,2024-12-04,841,LOJA 841,9607,NARIDRIN 12H ADULTO 30ML,173,0,,1.0,3.0,29.17,26.76,8.91,1.0,0.3275,0.5042,0.0,0.0,10.0,89.7,0,static
test_q4_2024,2024-12-05,841,LOJA 841,9607,NARIDRIN 12H ADULTO 30ML,173,0,,1.0,3.0,29.17,26.76,8.91,1.0,0.1525,0.5042,0.0,0.0,10.0,89.7,0,static
test_q4_2024,2024-12-06,841,LOJA 841,9607,NARIDRIN 12H ADULTO 30ML,173,0,,1.0,3.0,29.17,26.76,8.91,1.0,0.24,0.5042,1.0,1.0,10.0,89.7,0,static
test_q4_2024,2024-12-07,841,LOJA 841,9607,NARIDRIN 12H ADULTO 30ML,173,0,,1.0,3.0,29.17,26.76,8.91,1.0,0.24,0.5042,0.0,0.0,9.0,80.73,0,static
test_q4_2024,2024-12-08,841,LOJA 841,9607,NARIDRIN 12H ADULTO 30ML,173,0,,1.0,3.0,29.17,26.76,8.91,1.0,0.2667,0.5042,0.0,0.0,,,0,static
test_q4_2024,2024-12-09,841,LOJA 841,9607,NARIDRIN 12H ADULTO 30ML,173,0,,1.0,3.0,29.17,26.76,8.91,1.0,0.2667,0.5042,0.0,0.0,9.0,80.73,0,static
test_q4_2024,2024-12-10,841,LOJA 841,9607,NARIDRIN 12H ADULTO 30ML,173,0,,1.0,3.0,29.17,26.76,8.91,1.0,0.2229,0.5042,0.0,0.0,9.0,80.73,0,static
test_q4_2024,2024-12-11,841,LOJA 841,9607,NARIDRIN 12H ADULTO 30ML,173,0,,1.0,3.0,29.17,26.76,8.91,1.0,0.3408,0.5042,0.0,0.0,9.0,80.73,0,static
test_q4_2024,2024-12-12,841,LOJA 841,9607,NARIDRIN 12H ADULTO 30ML,173,0,,1.0,3.0,29.17,26.76,8.91,1.0,0.1658,0.5042,1.0,1.0,10.0,89.7,0,static
test_q4_2024,2024-12-13,841,LOJA 841,9607,NARIDRIN 12H ADULTO 30ML,173,0,,1.0,3.0,29.17,26.76,8.91,1.0,0.2533,0.5042,0.0,0.0,9.0,80.73,0,static
test_q4_2024,2024-12-14,841,LOJA 841,9607,NARIDRIN 12H ADULTO 30ML,173,0,,1.0,3.0,29.17,26.76,8.91,1.0,0.2533,0.5042,0.0,0.0,9.0,80.73,0,static
test_q4_2024,2024-12-15,841,LOJA 841,9607,NARIDRIN 12H ADULTO 30ML,173,0,,1.0,3.0,29.17,26.76,8.91,1.0,0.2533,0.5042,0.0,0.0,,,0,static
test_q4_2024,2024-12-16,841,LOJA 841,9607,NARIDRIN 12H ADULTO 30ML,173,0,,1.0,3.0,29.17,26.76,8.91,1.0,0.2533,0.5042,0.0,0.0,9.0,80.73,0,static
test_q4_2024,2024-12-17,841,LOJA 841,9607,NARIDRIN 12H ADULTO 30ML,173,0,,1.0,3.0,29.17,26.76,8.91,1.0,0.1829,0.5042,0.0,0.0,9.0,80.73,0,static
test_q4_2024,2024-12-18,841,LOJA 841,9607,NARIDRIN 12H ADULTO 30ML,173,0,,1.0,3.0,29.17,26.76,8.91,1.0,0.3142,0.5042,1.0,1.0,9.0,80.73,0,static
test_q4_2024,2024-12-19,841,LOJA 841,9607,NARIDRIN 12H ADULTO 30ML,173,0,,1.0,3.0,29.17,26.76,8.91,1.0,0.1392,0.5042,0.0,0.0,9.0,80.73,0,static
test_q4_2024,2024-12-20,841,LOJA 841,9607,NARIDRIN 12H ADULTO 30ML,173,0,,1.0,3.0,29.17,26.76,8.91,1.0,0.2267,0.5042,0.0,0.0,9.0,80.73,0,static
test_q4_2024,2024-12-21,841,LOJA 841,9607,NARIDRIN 12H ADULTO 30ML,173,0,,1.0,3.0,29.17,26.76,8.91,1.0,0.2267,0.5042,0.0,0.0,9.0,80.73,0,static
test_q4_2024,2024-12-22,841,LOJA 841,9607,NARIDRIN 12H ADULTO 30ML,173,0,,1.0,3.0,29.17,26.76,8.91,1.0,0.2267,0.5042,1.0,1.0,,,0,static
test_q4_2024,2024-12-23,841,LOJA 841,9607,NARIDRIN 12H ADULTO 30ML,173,0,,1.0,3.0,29.17,26.76,8.91,1.0,0.2133,0.5042,0.0,0.0,8.0,71.76,0,static
test_q4_2024,2024-12-24,841,LOJA 841,9607,NARIDRIN 12H ADULTO 30ML,173,0,,1.0,3.0,29.17,26.76,8.91,1.0,0.1696,0.5042,0.0,0.0,8.0,71.76,0,static
test_q4_2024,2024-12-25,841,LOJA 841,9607,NARIDRIN 12H ADULTO 30ML,173,0,,1.0,3.0,29.17,26.76,8.91,1.0,0.3008,0.5042,0.0,0.0,8.0,71.76,0,static
test_q4_2024,2024-12-26,841,LOJA 841,9607,NARIDRIN 12H ADULTO 30ML,173,0,,1.0,3.0,29.17,26.76,8.91,1.0,0.1258,0.5042,0.0,0.0,9.0,80.73,0,static
test_q4_2024,2024-12-27,841,LOJA 841,9607,NARIDRIN 12H ADULTO 30ML,173,0,,1.0,3.0,29.17,26.76,8.91,1.0,0.2133,0.5042,0.0,0.0,9.0,80.73,0,static
test_q4_2024,2024-12-28,841,LOJA 841,9607,NARIDRIN 12H ADULTO 30ML,173,0,,1.0,3.0,29.17,26.76,8.91,1.0,0.2133,0.5042,0.0,0.0,9.0,80.73,0,static
test_q4_2024,2024-12-29,841,LOJA 841,9607,NARIDRIN 12H ADULTO 30ML,173,0,,1.0,3.0,29.17,26.76,8.91,1.0,0.2133,0.5042,0.0,0.0,,,0,static
test_q4_2024,2024-12-30,841,LOJA 841,9607,NARIDRIN 12H ADULTO 30ML,173,0,,1.0,3.0,29.17,26.76,8.91,1.0,0.2267,0.5042,0.0,0.0,9.0,80.73,0,static
test_q4_2024,2024-12-31,841,LOJA 841,9607,NARIDRIN 12H ADULTO 30ML,173,0,,1.0,3.0,29.17,26.76,8.91,1.0,0.1963,0.5042,0.0,0.0,9.0,80.73,0,static
