location,product,product_name,z_value,review_days,objective,service_level,actual_service_level,service_level_delta_vs_actual,avg_inventory_value,actual_avg_inventory_value,inventory_value_delta_vs_actual,total_ordering_cost,total_lost_sales_units,total_orders,total_forecast_units,total_actual_units,horizon_days,series_days
1314,13315,BROMELIN SUSP 100ML,0.84,5,109.101,1.0,1.0,0.0,108.0893,127.2519,-19.1626,93.08,0.0,2,3.6897,4.0,92,92
1314,13315,BROMELIN SUSP 100ML,0.84,7,109.101,1.0,1.0,0.0,108.0893,127.2519,-19.1626,93.08,0.0,2,3.6897,4.0,92,92
1314,13315,BROMELIN SUSP 100ML,0.84,10,109.101,1.0,1.0,0.0,108.0893,127.2519,-19.1626,93.08,0.0,2,3.6897,4.0,92,92
1314,13315,BROMELIN SUSP 100ML,0.84,14,109.101,1.0,1.0,0.0,108.0893,127.2519,-19.1626,93.08,0.0,2,3.6897,4.0,92,92
1314,13315,BROMELIN SUSP 100ML,1.04,5,109.101,1.0,1.0,0.0,108.0893,127.2519,-19.1626,93.08,0.0,2,3.6897,4.0,92,92
1314,13315,BROMELIN SUSP 100ML,1.04,7,109.101,1.0,1.0,0.0,108.0893,127.2519,-19.1626,93.08,0.0,2,3.6897,4.0,92,92
1314,13315,BROMELIN SUSP 100ML,1.04,10,109.101,1.0,1.0,0.0,108.0893,127.2519,-19.1626,93.08,0.0,2,3.6897,4.0,92,92
1314,13315,BROMELIN SUSP 100ML,1.04,14,109.101,1.0,1.0,0.0,108.0893,127.2519,-19.1626,93.08,0.0,2,3.6897,4.0,92,92
1314,13315,BROMELIN SUSP 100ML,1.28,5,109.101,1.0,1.0,0.0,108.0893,127.2519,-19.1626,93.08,0.0,2,3.6897,4.0,92,92
1314,13315,BROMELIN SUSP 100ML,1.28,7,109.101,1.0,1.0,0.0,108.0893,127.2519,-19.1626,93.08,0.0,2,3.6897,4.0,92,92
1314,13315,BROMELIN SUSP 100ML,1.28,10,109.101,1.0,1.0,0.0,108.0893,127.2519,-19.1626,93.08,0.0,2,3.6897,4.0,92,92
1314,13315,BROMELIN SUSP 100ML,1.28,14,109.101,1.0,1.0,0.0,108.0893,127.2519,-19.1626,93.08,0.0,2,3.6897,4.0,92,92
1314,13315,BROMELIN SUSP 100ML,1.65,5,109.101,1.0,1.0,0.0,108.0893,127.2519,-19.1626,93.08,0.0,2,3.6897,4.0,92,92
1314,13315,BROMELIN SUSP 100ML,1.65,7,109.101,1.0,1.0,0.0,108.0893,127.2519,-19.1626,93.08,0.0,2,3.6897,4.0,92,92
1314,13315,BROMELIN SUSP 100ML,1.65,10,109.101,1.0,1.0,0.0,108.0893,127.2519,-19.1626,93.08,0.0,2,3.6897,4.0,92,92
1314,13315,BROMELIN SUSP 100ML,1.65,14,109.101,1.0,1.0,0.0,108.0893,127.2519,-19.1626,93.08,0.0,2,3.6897,4.0,92,92
1314,13315,BROMELIN SUSP 100ML,2.05,5,109.101,1.0,1.0,0.0,108.0893,127.2519,-19.1626,93.08,0.0,2,3.6897,4.0,92,92
1314,13315,BROMELIN SUSP 100ML,2.05,7,109.101,1.0,1.0,0.0,108.0893,127.2519,-19.1626,93.08,0.0,2,3.6897,4.0,92,92
1314,13315,BROMELIN SUSP 100ML,2.05,10,109.101,1.0,1.0,0.0,108.0893,127.2519,-19.1626,93.08,0.0,2,3.6897,4.0,92,92
1314,13315,BROMELIN SUSP 100ML,2.05,14,109.101,1.0,1.0,0.0,108.0893,127.2519,-19.1626,93.08,0.0,2,3.6897,4.0,92,92
1314,13315,BROMELIN SUSP 100ML,2.33,5,147.9993,1.0,1.0,0.0,146.4817,127.2519,19.2298,139.62,0.0,3,3.6897,4.0,92,92
1314,13315,BROMELIN SUSP 100ML,2.33,7,147.9993,1.0,1.0,0.0,146.4817,127.2519,19.2298,139.62,0.0,3,3.6897,4.0,92,92
1314,13315,BROMELIN SUSP 100ML,2.33,10,147.9993,1.0,1.0,0.0,146.4817,127.2519,19.2298,139.62,0.0,3,3.6897,4.0,92,92
1314,13315,BROMELIN SUSP 100ML,2.33,14,147.9993,1.0,1.0,0.0,146.4817,127.2519,19.2298,139.62,0.0,3,3.6897,4.0,92,92
1314,13315,BROMELIN SUSP 100ML,2.58,5,147.9993,1.0,1.0,0.0,146.4817,127.2519,19.2298,139.62,0.0,3,3.6897,4.0,92,92
1314,13315,BROMELIN SUSP 100ML,2.58,7,147.9993,1.0,1.0,0.0,146.4817,127.2519,19.2298,139.62,0.0,3,3.6897,4.0,92,92
1314,13315,BROMELIN SUSP 100ML,2.58,10,147.9993,1.0,1.0,0.0,146.4817,127.2519,19.2298,139.62,0.0,3,3.6897,4.0,92,92
1314,13315,BROMELIN SUSP 100ML,2.58,14,147.9993,1.0,1.0,0.0,146.4817,127.2519,19.2298,139.62,0.0,3,3.6897,4.0,92,92
1314,1439,SORINE GTS ADULTO 30ML,0.84,5,89.3695,1.0,0.978261,0.021739,88.1304,91.0867,-2.9563,114.0,0.0,6,14.9859,12.0,92,92
1314,1439,SORINE GTS ADULTO 30ML,0.84,7,89.3695,1.0,0.978261,0.021739,88.1304,91.0867,-2.9563,114.0,0.0,6,14.9859,12.0,92,92
1314,1439,SORINE GTS ADULTO 30ML,0.84,10,92.9224,1.0,0.978261,0.021739,92.0963,91.0867,1.0096,76.0,0.0,4,14.9859,12.0,92,92
1314,1439,SORINE GTS ADULTO 30ML,1.04,5,105.894,0.98913,0.978261,0.01087,104.6549,91.0867,13.5682,114.0,0.0,6,14.9859,12.0,92,92
1314,1439,SORINE GTS ADULTO 30ML,1.04,7,105.894,0.98913,0.978261,0.01087,104.6549,91.0867,13.5682,114.0,0.0,6,14.9859,12.0,92,92
1314,1439,SORINE GTS ADULTO 30ML,1.28,5,105.894,0.98913,0.978261,0.01087,104.6549,91.0867,13.5682,114.0,0.0,6,14.9859,12.0,92,92
1314,1439,SORINE GTS ADULTO 30ML,1.28,7,105.894,0.98913,0.978261,0.01087,104.6549,91.0867,13.5682,114.0,0.0,6,14.9859,12.0,92,92
1314,1439,SORINE GTS ADULTO 30ML,1.04,10,112.7518,0.98913,0.978261,0.01087,111.9257,91.0867,20.8389,76.0,0.0,4,14.9859,12.0,92,92
1314,1439,SORINE GTS ADULTO 30ML,1.28,10,112.7518,0.98913,0.978261,0.01087,111.9257,91.0867,20.8389,76.0,0.0,4,14.9859,12.0,92,92
1314,1439,SORINE GTS ADULTO 30ML,1.04,14,115.4095,1.0,0.978261,0.021739,114.7899,91.0867,23.7032,57.0,0.0,3,14.9859,12.0,92,92
1314,1439,SORINE GTS ADULTO 30ML,1.28,14,115.4095,1.0,0.978261,0.021739,114.7899,91.0867,23.7032,57.0,0.0,3,14.9859,12.0,92,92
1314,1439,SORINE GTS ADULTO 30ML,0.84,14,122.6803,1.0,0.978261,0.021739,122.0607,91.0867,30.9739,57.0,0.0,3,14.9859,12.0,92,92
1314,1439,SORINE GTS ADULTO 30ML,1.65,5,126.3843,1.0,0.978261,0.021739,125.1452,91.0867,34.0585,114.0,0.0,6,14.9859,12.0,92,92
1314,1439,SORINE GTS ADULTO 30ML,1.65,7,126.3843,1.0,0.978261,0.021739,125.1452,91.0867,34.0585,114.0,0.0,6,14.9859,12.0,92,92
1314,1439,SORINE GTS ADULTO 30ML,1.65,10,133.4624,1.0,0.978261,0.021739,132.6363,91.0867,41.5496,76.0,0.0,4,14.9859,12.0,92,92
1314,1439,SORINE GTS ADULTO 30ML,1.65,14,135.4592,1.0,0.978261,0.021739,134.8396,91.0867,43.7529,57.0,0.0,3,14.9859,12.0,92,92
1314,1439,SORINE GTS ADULTO 30ML,2.05,5,146.6543,1.0,0.978261,0.021739,145.4152,91.0867,54.3285,114.0,0.0,6,14.9859,12.0,92,92
1314,1439,SORINE GTS ADULTO 30ML,2.05,7,146.6543,1.0,0.978261,0.021739,145.4152,91.0867,54.3285,114.0,0.0,6,14.9859,12.0,92,92
1314,1439,SORINE GTS ADULTO 30ML,2.33,5,146.6543,1.0,0.978261,0.021739,145.4152,91.0867,54.3285,114.0,0.0,6,14.9859,12.0,92,92
1314,1439,SORINE GTS ADULTO 30ML,2.33,7,146.6543,1.0,0.978261,0.021739,145.4152,91.0867,54.3285,114.0,0.0,6,14.9859,12.0,92,92
1314,1439,SORINE GTS ADULTO 30ML,2.05,10,153.7324,1.0,0.978261,0.021739,152.9063,91.0867,61.8196,76.0,0.0,4,14.9859,12.0,92,92
1314,1439,SORINE GTS ADULTO 30ML,2.33,10,153.7324,1.0,0.978261,0.021739,152.9063,91.0867,61.8196,76.0,0.0,4,14.9859,12.0,92,92
1314,1439,SORINE GTS ADULTO 30ML,2.05,14,155.7292,1.0,0.978261,0.021739,155.1096,91.0867,64.0229,57.0,0.0,3,14.9859,12.0,92,92
1314,1439,SORINE GTS ADULTO 30ML,2.33,14,155.7292,1.0,0.978261,0.021739,155.1096,91.0867,64.0229,57.0,0.0,3,14.9859,12.0,92,92
1314,1439,SORINE GTS ADULTO 30ML,2.58,5,166.9243,1.0,0.978261,0.021739,165.6852,91.0867,74.5985,114.0,0.0,6,14.9859,12.0,92,92
1314,1439,SORINE GTS ADULTO 30ML,2.58,7,166.9243,1.0,0.978261,0.021739,165.6852,91.0867,74.5985,114.0,0.0,6,14.9859,12.0,92,92
1314,1439,SORINE GTS ADULTO 30ML,2.58,10,174.0024,1.0,0.978261,0.021739,173.1763,91.0867,82.0896,76.0,0.0,4,14.9859,12.0,92,92
1314,1439,SORINE GTS ADULTO 30ML,2.58,14,175.9992,1.0,0.978261,0.021739,175.3796,91.0867,84.2929,57.0,0.0,3,14.9859,12.0,92,92
1314,15496,TAMIFLU 75MG CAPS C/10,0.84,5,541.22,1.0,1.0,0.0,541.22,,,0.0,0.0,0,0.0,0.0,92,92
1314,15496,TAMIFLU 75MG CAPS C/10,0.84,7,541.22,1.0,1.0,0.0,541.22,,,0.0,0.0,0,0.0,0.0,92,92
1314,15496,TAMIFLU 75MG CAPS C/10,0.84,10,541.22,1.0,1.0,0.0,541.22,,,0.0,0.0,0,0.0,0.0,92,92
1314,15496,TAMIFLU 75MG CAPS C/10,0.84,14,541.22,1.0,1.0,0.0,541.22,,,0.0,0.0,0,0.0,0.0,92,92
1314,15496,TAMIFLU 75MG CAPS C/10,1.04,5,541.22,1.0,1.0,0.0,541.22,,,0.0,0.0,0,0.0,0.0,92,92
1314,15496,TAMIFLU 75MG CAPS C/10,1.04,7,541.22,1.0,1.0,0.0,541.22,,,0.0,0.0,0,0.0,0.0,92,92
1314,15496,TAMIFLU 75MG CAPS C/10,1.04,10,541.22,1.0,1.0,0.0,541.22,,,0.0,0.0,0,0.0,0.0,92,92
1314,15496,TAMIFLU 75MG CAPS C/10,1.04,14,541.22,1.0,1.0,0.0,541.22,,,0.0,0.0,0,0.0,0.0,92,92
1314,15496,TAMIFLU 75MG CAPS C/10,1.28,5,541.22,1.0,1.0,0.0,541.22,,,0.0,0.0,0,0.0,0.0,92,92
1314,15496,TAMIFLU 75MG CAPS C/10,1.28,7,541.22,1.0,1.0,0.0,541.22,,,0.0,0.0,0,0.0,0.0,92,92
1314,15496,TAMIFLU 75MG CAPS C/10,1.28,10,541.22,1.0,1.0,0.0,541.22,,,0.0,0.0,0,0.0,0.0,92,92
1314,15496,TAMIFLU 75MG CAPS C/10,1.28,14,541.22,1.0,1.0,0.0,541.22,,,0.0,0.0,0,0.0,0.0,92,92
1314,15496,TAMIFLU 75MG CAPS C/10,1.65,5,541.22,1.0,1.0,0.0,541.22,,,0.0,0.0,0,0.0,0.0,92,92
1314,15496,TAMIFLU 75MG CAPS C/10,1.65,7,541.22,1.0,1.0,0.0,541.22,,,0.0,0.0,0,0.0,0.0,92,92
1314,15496,TAMIFLU 75MG CAPS C/10,1.65,10,541.22,1.0,1.0,0.0,541.22,,,0.0,0.0,0,0.0,0.0,92,92
1314,15496,TAMIFLU 75MG CAPS C/10,1.65,14,541.22,1.0,1.0,0.0,541.22,,,0.0,0.0,0,0.0,0.0,92,92
1314,15496,TAMIFLU 75MG CAPS C/10,2.05,5,541.22,1.0,1.0,0.0,541.22,,,0.0,0.0,0,0.0,0.0,92,92
1314,15496,TAMIFLU 75MG CAPS C/10,2.05,7,541.22,1.0,1.0,0.0,541.22,,,0.0,0.0,0,0.0,0.0,92,92
1314,15496,TAMIFLU 75MG CAPS C/10,2.05,10,541.22,1.0,1.0,0.0,541.22,,,0.0,0.0,0,0.0,0.0,92,92
1314,15496,TAMIFLU 75MG CAPS C/10,2.05,14,541.22,1.0,1.0,0.0,541.22,,,0.0,0.0,0,0.0,0.0,92,92
1314,15496,TAMIFLU 75MG CAPS C/10,2.33,5,541.22,1.0,1.0,0.0,541.22,,,0.0,0.0,0,0.0,0.0,92,92
1314,15496,TAMIFLU 75MG CAPS C/10,2.33,7,541.22,1.0,1.0,0.0,541.22,,,0.0,0.0,0,0.0,0.0,92,92
1314,15496,TAMIFLU 75MG CAPS C/10,2.33,10,541.22,1.0,1.0,0.0,541.22,,,0.0,0.0,0,0.0,0.0,92,92
1314,15496,TAMIFLU 75MG CAPS C/10,2.33,14,541.22,1.0,1.0,0.0,541.22,,,0.0,0.0,0,0.0,0.0,92,92
1314,15496,TAMIFLU 75MG CAPS C/10,2.58,5,541.22,1.0,1.0,0.0,541.22,,,0.0,0.0,0,0.0,0.0,92,92
1314,15496,TAMIFLU 75MG CAPS C/10,2.58,7,541.22,1.0,1.0,0.0,541.22,,,0.0,0.0,0,0.0,0.0,92,92
1314,15496,TAMIFLU 75MG CAPS C/10,2.58,10,541.22,1.0,1.0,0.0,541.22,,,0.0,0.0,0,0.0,0.0,92,92
1314,15496,TAMIFLU 75MG CAPS C/10,2.58,14,541.22,1.0,1.0,0.0,541.22,,,0.0,0.0,0,0.0,0.0,92,92
1314,15589,ANTUX XAROPE 120ML,0.84,5,230.9971,1.0,1.0,0.0,227.5167,264.0759,-36.5592,320.2,0.0,10,44.7183,31.0,92,92
1314,15589,ANTUX XAROPE 120ML,1.04,5,230.9971,1.0,1.0,0.0,227.5167,264.0759,-36.5592,320.2,0.0,10,44.7183,31.0,92,92
1314,15589,ANTUX XAROPE 120ML,1.28,5,265.7671,1.0,1.0,0.0,262.2867,264.0759,-1.7892,320.2,0.0,10,44.7183,31.0,92,92
1314,15589,ANTUX XAROPE 120ML,1.65,5,265.7671,1.0,1.0,0.0,262.2867,264.0759,-1.7892,320.2,0.0,10,44.7183,31.0,92,92
1314,15589,ANTUX XAROPE 120ML,0.84,7,273.0675,1.0,1.0,0.0,270.9792,264.0759,6.9033,192.12,0.0,6,44.7183,31.0,92,92
1314,15589,ANTUX XAROPE 120ML,1.04,7,273.0675,1.0,1.0,0.0,270.9792,264.0759,6.9033,192.12,0.0,6,44.7183,31.0,92,92
1314,15589,ANTUX XAROPE 120ML,0.84,10,277.9807,1.0,1.0,0.0,275.8924,264.0759,11.8164,192.12,0.0,6,44.7183,31.0,92,92
1314,15589,ANTUX XAROPE 120ML,1.04,10,277.9807,1.0,1.0,0.0,275.8924,264.0759,11.8164,192.12,0.0,6,44.7183,31.0,92,92
1314,15589,ANTUX XAROPE 120ML,2.05,5,300.5371,1.0,1.0,0.0,297.0567,264.0759,32.9808,320.2,0.0,10,44.7183,31.0,92,92
1314,15589,ANTUX XAROPE 120ML,1.28,7,307.8375,1.0,1.0,0.0,305.7492,264.0759,41.6733,192.12,0.0,6,44.7183,31.0,92,92
1314,15589,ANTUX XAROPE 120ML,1.65,7,307.8375,1.0,1.0,0.0,305.7492,264.0759,41.6733,192.12,0.0,6,44.7183,31.0,92,92
1314,15589,ANTUX XAROPE 120ML,1.28,10,312.7507,1.0,1.0,0.0,310.6624,264.0759,46.5864,192.12,0.0,6,44.7183,31.0,92,92
1314,15589,ANTUX XAROPE 120ML,1.65,10,312.7507,1.0,1.0,0.0,310.6624,264.0759,46.5864,192.12,0.0,6,44.7183,31.0,92,92
1314,15589,ANTUX XAROPE 120ML,0.84,14,319.6133,1.0,1.0,0.0,318.2211,264.0759,54.1451,128.08,0.0,4,44.7183,31.0,92,92
1314,15589,ANTUX XAROPE 120ML,1.04,14,319.6133,1.0,1.0,0.0,318.2211,264.0759,54.1451,128.08,0.0,4,44.7183,31.0,92,92
1314,15589,ANTUX XAROPE 120ML,2.33,5,335.3071,1.0,1.0,0.0,331.8267,264.0759,67.7508,320.2,0.0,10,44.7183,31.0,92,92
1314,15589,ANTUX XAROPE 120ML,2.58,5,335.3071,1.0,1.0,0.0,331.8267,264.0759,67.7508,320.2,0.0,10,44.7183,31.0,92,92
1314,15589,ANTUX XAROPE 120ML,2.05,7,342.6075,1.0,1.0,0.0,340.5192,264.0759,76.4433,192.12,0.0,6,44.7183,31.0,92,92
1314,15589,ANTUX XAROPE 120ML,2.05,10,347.5207,1.0,1.0,0.0,345.4324,264.0759,81.3564,192.12,0.0,6,44.7183,31.0,92,92
1314,15589,ANTUX XAROPE 120ML,1.28,14,354.3833,1.0,1.0,0.0,352.9911,264.0759,88.9151,128.08,0.0,4,44.7183,31.0,92,92
1314,15589,ANTUX XAROPE 120ML,1.65,14,354.3833,1.0,1.0,0.0,352.9911,264.0759,88.9151,128.08,0.0,4,44.7183,31.0,92,92
1314,15589,ANTUX XAROPE 120ML,2.33,7,377.3775,1.0,1.0,0.0,375.2892,264.0759,111.2133,192.12,0.0,6,44.7183,31.0,92,92
1314,15589,ANTUX XAROPE 120ML,2.58,7,377.3775,1.0,1.0,0.0,375.2892,264.0759,111.2133,192.12,0.0,6,44.7183,31.0,92,92
1314,15589,ANTUX XAROPE 120ML,2.33,10,382.2907,1.0,1.0,0.0,380.2024,264.0759,116.1264,192.12,0.0,6,44.7183,31.0,92,92
1314,15589,ANTUX XAROPE 120ML,2.58,10,382.2907,1.0,1.0,0.0,380.2024,264.0759,116.1264,192.12,0.0,6,44.7183,31.0,92,92
1314,15589,ANTUX XAROPE 120ML,2.05,14,389.1533,1.0,1.0,0.0,387.7611,264.0759,123.6851,128.08,0.0,4,44.7183,31.0,92,92
1314,15589,ANTUX XAROPE 120ML,2.33,14,423.9233,1.0,1.0,0.0,422.5311,264.0759,158.4551,128.08,0.0,4,44.7183,31.0,92,92
1314,15589,ANTUX XAROPE 120ML,2.58,14,423.9233,1.0,1.0,0.0,422.5311,264.0759,158.4551,128.08,0.0,4,44.7183,31.0,92,92
1314,15590,ANTUX GTS 20ML,0.84,5,82.1489,1.0,1.0,0.0,81.2317,84.9111,-3.6794,84.38,0.0,2,1.5519,2.0,92,92
1314,15590,ANTUX GTS 20ML,0.84,7,82.1489,1.0,1.0,0.0,81.2317,84.9111,-3.6794,84.38,0.0,2,1.5519,2.0,92,92
1314,15590,ANTUX GTS 20ML,0.84,10,82.1489,1.0,1.0,0.0,81.2317,84.9111,-3.6794,84.38,0.0,2,1.5519,2.0,92,92
1314,15590,ANTUX GTS 20ML,0.84,14,82.1489,1.0,1.0,0.0,81.2317,84.9111,-3.6794,84.38,0.0,2,1.5519,2.0,92,92
1314,15590,ANTUX GTS 20ML,1.04,5,82.1489,1.0,1.0,0.0,81.2317,84.9111,-3.6794,84.38,0.0,2,1.5519,2.0,92,92
1314,15590,ANTUX GTS 20ML,1.04,7,82.1489,1.0,1.0,0.0,81.2317,84.9111,-3.6794,84.38,0.0,2,1.5519,2.0,92,92
1314,15590,ANTUX GTS 20ML,1.04,10,82.1489,1.0,1.0,0.0,81.2317,84.9111,-3.6794,84.38,0.0,2,1.5519,2.0,92,92
1314,15590,ANTUX GTS 20ML,1.04,14,82.1489,1.0,1.0,0.0,81.2317,84.9111,-3.6794,84.38,0.0,2,1.5519,2.0,92,92
1314,15590,ANTUX GTS 20ML,1.28,5,82.1489,1.0,1.0,0.0,81.2317,84.9111,-3.6794,84.38,0.0,2,1.5519,2.0,92,92
1314,15590,ANTUX GTS 20ML,1.28,7,82.1489,1.0,1.0,0.0,81.2317,84.9111,-3.6794,84.38,0.0,2,1.5519,2.0,92,92
1314,15590,ANTUX GTS 20ML,1.28,10,82.1489,1.0,1.0,0.0,81.2317,84.9111,-3.6794,84.38,0.0,2,1.5519,2.0,92,92
1314,15590,ANTUX GTS 20ML,1.28,14,82.1489,1.0,1.0,0.0,81.2317,84.9111,-3.6794,84.38,0.0,2,1.5519,2.0,92,92
1314,15590,ANTUX GTS 20ML,1.65,5,127.1689,1.0,1.0,0.0,126.2517,84.9111,41.3406,84.38,0.0,2,1.5519,2.0,92,92
1314,15590,ANTUX GTS 20ML,1.65,7,127.1689,1.0,1.0,0.0,126.2517,84.9111,41.3406,84.38,0.0,2,1.5519,2.0,92,92
1314,15590,ANTUX GTS 20ML,1.65,10,127.1689,1.0,1.0,0.0,126.2517,84.9111,41.3406,84.38,0.0,2,1.5519,2.0,92,92
1314,15590,ANTUX GTS 20ML,1.65,14,127.1689,1.0,1.0,0.0,126.2517,84.9111,41.3406,84.38,0.0,2,1.5519,2.0,92,92
1314,15590,ANTUX GTS 20ML,2.05,5,127.1689,1.0,1.0,0.0,126.2517,84.9111,41.3406,84.38,0.0,2,1.5519,2.0,92,92
1314,15590,ANTUX GTS 20ML,2.05,7,127.1689,1.0,1.0,0.0,126.2517,84.9111,41.3406,84.38,0.0,2,1.5519,2.0,92,92
1314,15590,ANTUX GTS 20ML,2.05,10,127.1689,1.0,1.0,0.0,126.2517,84.9111,41.3406,84.38,0.0,2,1.5519,2.0,92,92
1314,15590,ANTUX GTS 20ML,2.05,14,127.1689,1.0,1.0,0.0,126.2517,84.9111,41.3406,84.38,0.0,2,1.5519,2.0,92,92
1314,15590,ANTUX GTS 20ML,2.33,5,127.1689,1.0,1.0,0.0,126.2517,84.9111,41.3406,84.38,0.0,2,1.5519,2.0,92,92
1314,15590,ANTUX GTS 20ML,2.33,7,127.1689,1.0,1.0,0.0,126.2517,84.9111,41.3406,84.38,0.0,2,1.5519,2.0,92,92
1314,15590,ANTUX GTS 20ML,2.33,10,127.1689,1.0,1.0,0.0,126.2517,84.9111,41.3406,84.38,0.0,2,1.5519,2.0,92,92
1314,15590,ANTUX GTS 20ML,2.33,14,127.1689,1.0,1.0,0.0,126.2517,84.9111,41.3406,84.38,0.0,2,1.5519,2.0,92,92
1314,15590,ANTUX GTS 20ML,2.58,5,127.1689,1.0,1.0,0.0,126.2517,84.9111,41.3406,84.38,0.0,2,1.5519,2.0,92,92
1314,15590,ANTUX GTS 20ML,2.58,7,127.1689,1.0,1.0,0.0,126.2517,84.9111,41.3406,84.38,0.0,2,1.5519,2.0,92,92
1314,15590,ANTUX GTS 20ML,2.58,10,127.1689,1.0,1.0,0.0,126.2517,84.9111,41.3406,84.38,0.0,2,1.5519,2.0,92,92
1314,15590,ANTUX GTS 20ML,2.58,14,127.1689,1.0,1.0,0.0,126.2517,84.9111,41.3406,84.38,0.0,2,1.5519,2.0,92,92
1314,18064,NEOSORO SOLUCAO NASAL ADULTO 30ML,0.84,5,1461.6385,1.0,0.978261,0.021739,1461.2198,410.667,1050.5528,38.52,0.0,9,1807.7572,1058.0,92,92
1314,18064,NEOSORO SOLUCAO NASAL ADULTO 30ML,1.04,5,1497.3585,1.0,0.978261,0.021739,1496.9398,410.667,1086.2728,38.52,0.0,9,1807.7572,1058.0,92,92
1314,18064,NEOSORO SOLUCAO NASAL ADULTO 30ML,1.28,5,1542.0085,1.0,0.978261,0.021739,1541.5898,410.667,1130.9228,38.52,0.0,9,1807.7572,1058.0,92,92
1314,18064,NEOSORO SOLUCAO NASAL ADULTO 30ML,0.84,7,1595.8837,1.0,0.978261,0.021739,1595.558,410.667,1184.8911,29.96,0.0,7,1807.7572,1058.0,92,92
1314,18064,NEOSORO SOLUCAO NASAL ADULTO 30ML,1.65,5,1613.4485,1.0,0.978261,0.021739,1613.0298,410.667,1202.3628,38.52,0.0,9,1807.7572,1058.0,92,92
1314,18064,NEOSORO SOLUCAO NASAL ADULTO 30ML,1.04,7,1631.6037,1.0,0.978261,0.021739,1631.278,410.667,1220.6111,29.96,0.0,7,1807.7572,1058.0,92,92
1314,18064,NEOSORO SOLUCAO NASAL ADULTO 30ML,1.28,7,1676.2537,1.0,0.978261,0.021739,1675.928,410.667,1265.2611,29.96,0.0,7,1807.7572,1058.0,92,92
1314,18064,NEOSORO SOLUCAO NASAL ADULTO 30ML,2.05,5,1684.8885,1.0,0.978261,0.021739,1684.4698,410.667,1273.8028,38.52,0.0,9,1807.7572,1058.0,92,92
1314,18064,NEOSORO SOLUCAO NASAL ADULTO 30ML,2.33,5,1738.4685,1.0,0.978261,0.021739,1738.0498,410.667,1327.3828,38.52,0.0,9,1807.7572,1058.0,92,92
1314,18064,NEOSORO SOLUCAO NASAL ADULTO 30ML,1.65,7,1747.6937,1.0,0.978261,0.021739,1747.368,410.667,1336.7011,29.96,0.0,7,1807.7572,1058.0,92,92
1314,18064,NEOSORO SOLUCAO NASAL ADULTO 30ML,2.58,5,1783.1185,1.0,0.978261,0.021739,1782.6998,410.667,1372.0328,38.52,0.0,9,1807.7572,1058.0,92,92
1314,18064,NEOSORO SOLUCAO NASAL ADULTO 30ML,2.05,7,1819.1337,1.0,0.978261,0.021739,1818.808,410.667,1408.1411,29.96,0.0,7,1807.7572,1058.0,92,92
1314,18064,NEOSORO SOLUCAO NASAL ADULTO 30ML,2.33,7,1872.7137,1.0,0.978261,0.021739,1872.388,410.667,1461.7211,29.96,0.0,7,1807.7572,1058.0,92,92
1314,18064,NEOSORO SOLUCAO NASAL ADULTO 30ML,0.84,10,1874.8531,1.0,0.978261,0.021739,1874.6205,410.667,1463.9536,21.4,0.0,5,1807.7572,1058.0,92,92
1314,18064,NEOSORO SOLUCAO NASAL ADULTO 30ML,1.04,10,1910.5731,1.0,0.978261,0.021739,1910.3405,410.667,1499.6736,21.4,0.0,5,1807.7572,1058.0,92,92
1314,18064,NEOSORO SOLUCAO NASAL ADULTO 30ML,2.58,7,1917.3637,1.0,0.978261,0.021739,1917.038,410.667,1506.3711,29.96,0.0,7,1807.7572,1058.0,92,92
1314,18064,NEOSORO SOLUCAO NASAL ADULTO 30ML,1.28,10,1955.2231,1.0,0.978261,0.021739,1954.9905,410.667,1544.3236,21.4,0.0,5,1807.7572,1058.0,92,92
1314,18064,NEOSORO SOLUCAO NASAL ADULTO 30ML,1.65,10,2026.6631,1.0,0.978261,0.021739,2026.4305,410.667,1615.7636,21.4,0.0,5,1807.7572,1058.0,92,92
1314,18064,NEOSORO SOLUCAO NASAL ADULTO 30ML,2.05,10,2098.1031,1.0,0.978261,0.021739,2097.8705,410.667,1687.2036,21.4,0.0,5,1807.7572,1058.0,92,92
1314,18064,NEOSORO SOLUCAO NASAL ADULTO 30ML,2.33,10,2151.6831,1.0,0.978261,0.021739,2151.4505,410.667,1740.7836,21.4,0.0,5,1807.7572,1058.0,92,92
1314,18064,NEOSORO SOLUCAO NASAL ADULTO 30ML,2.58,10,2196.3331,1.0,0.978261,0.021739,2196.1005,410.667,1785.4336,21.4,0.0,5,1807.7572,1058.0,92,92
1314,18064,NEOSORO SOLUCAO NASAL ADULTO 30ML,0.84,14,2325.6281,1.0,0.978261,0.021739,2325.4885,410.667,1914.8215,12.84,0.0,3,1807.7572,1058.0,92,92
1314,18064,NEOSORO SOLUCAO NASAL ADULTO 30ML,1.04,14,2361.3481,1.0,0.978261,0.021739,2361.2085,410.667,1950.5415,12.84,0.0,3,1807.7572,1058.0,92,92
1314,18064,NEOSORO SOLUCAO NASAL ADULTO 30ML,1.28,14,2405.9981,1.0,0.978261,0.021739,2405.8585,410.667,1995.1915,12.84,0.0,3,1807.7572,1058.0,92,92
1314,18064,NEOSORO SOLUCAO NASAL ADULTO 30ML,1.65,14,2477.4381,1.0,0.978261,0.021739,2477.2985,410.667,2066.6315,12.84,0.0,3,1807.7572,1058.0,92,92
1314,18064,NEOSORO SOLUCAO NASAL ADULTO 30ML,2.05,14,2548.8781,1.0,0.978261,0.021739,2548.7385,410.667,2138.0715,12.84,0.0,3,1807.7572,1058.0,92,92
1314,18064,NEOSORO SOLUCAO NASAL ADULTO 30ML,2.33,14,2602.4581,1.0,0.978261,0.021739,2602.3185,410.667,2191.6515,12.84,0.0,3,1807.7572,1058.0,92,92
1314,18064,NEOSORO SOLUCAO NASAL ADULTO 30ML,2.58,14,2647.1081,1.0,0.978261,0.021739,2646.9685,410.667,2236.3015,12.84,0.0,3,1807.7572,1058.0,92,92
1314,20635,ABRILAR XAROPE 100ML,0.84,5,202.7915,1.0,1.0,0.0,199.8939,357.5586,-157.6647,266.58,0.0,9,34.3406,28.0,92,92
1314,20635,ABRILAR XAROPE 100ML,0.84,7,227.9481,1.0,1.0,0.0,226.0164,357.5586,-131.5422,177.72,0.0,6,34.3406,28.0,92,92
1314,20635,ABRILAR XAROPE 100ML,1.04,5,239.5144,1.0,1.0,0.0,236.6168,357.5586,-120.9418,266.58,0.0,9,34.3406,28.0,92,92
1314,20635,ABRILAR XAROPE 100ML,0.84,10,255.6982,1.0,1.0,0.0,254.4104,357.5586,-103.1482,118.48,0.0,4,34.3406,28.0,92,92
1314,20635,ABRILAR XAROPE 100ML,1.04,7,266.564,1.0,1.0,0.0,264.6323,357.5586,-92.9263,177.72,0.0,6,34.3406,28.0,92,92
1314,20635,ABRILAR XAROPE 100ML,1.28,5,274.3444,1.0,1.0,0.0,271.4468,357.5586,-86.1118,266.58,0.0,9,34.3406,28.0,92,92
1314,20635,ABRILAR XAROPE 100ML,1.28,7,297.6081,1.0,1.0,0.0,295.6764,357.5586,-61.8822,177.72,0.0,6,34.3406,28.0,92,92
1314,20635,ABRILAR XAROPE 100ML,1.04,10,302.2644,1.0,1.0,0.0,300.9766,357.5586,-56.582,118.48,0.0,4,34.3406,28.0,92,92
1314,20635,ABRILAR XAROPE 100ML,1.65,5,309.1744,1.0,1.0,0.0,306.2768,357.5586,-51.2818,266.58,0.0,9,34.3406,28.0,92,92
1314,20635,ABRILAR XAROPE 100ML,0.84,14,310.65,1.0,1.0,0.0,309.6841,357.5586,-47.8745,88.86,0.0,3,34.3406,28.0,92,92
1314,20635,ABRILAR XAROPE 100ML,1.04,14,320.8719,1.0,1.0,0.0,319.906,357.5586,-37.6526,88.86,0.0,3,34.3406,28.0,92,92
1314,20635,ABRILAR XAROPE 100ML,1.65,7,332.4381,1.0,1.0,0.0,330.5064,357.5586,-27.0522,177.72,0.0,6,34.3406,28.0,92,92
1314,20635,ABRILAR XAROPE 100ML,1.28,10,333.3086,1.0,1.0,0.0,332.0208,357.5586,-25.5378,118.48,0.0,4,34.3406,28.0,92,92
1314,20635,ABRILAR XAROPE 100ML,2.05,5,344.0044,1.0,1.0,0.0,341.1068,357.5586,-16.4518,266.58,0.0,9,34.3406,28.0,92,92
1314,20635,ABRILAR XAROPE 100ML,2.33,5,344.0044,1.0,1.0,0.0,341.1068,357.5586,-16.4518,266.58,0.0,9,34.3406,28.0,92,92
1314,20635,ABRILAR XAROPE 100ML,1.28,14,362.4598,1.0,1.0,0.0,361.172,357.5586,3.6133,118.48,0.0,4,34.3406,28.0,92,92
1314,20635,ABRILAR XAROPE 100ML,2.05,7,367.2681,1.0,1.0,0.0,365.3364,357.5586,7.7778,177.72,0.0,6,34.3406,28.0,92,92
1314,20635,ABRILAR XAROPE 100ML,2.33,7,367.2681,1.0,1.0,0.0,365.3364,357.5586,7.7778,177.72,0.0,6,34.3406,28.0,92,92
1314,20635,ABRILAR XAROPE 100ML,1.65,10,368.1386,1.0,1.0,0.0,366.8508,357.5586,9.2922,118.48,0.0,4,34.3406,28.0,92,92
1314,20635,ABRILAR XAROPE 100ML,2.58,5,378.8344,1.0,1.0,0.0,375.9368,357.5586,18.3782,266.58,0.0,9,34.3406,28.0,92,92
1314,20635,ABRILAR XAROPE 100ML,1.65,14,397.2898,1.0,1.0,0.0,396.002,357.5586,38.4433,118.48,0.0,4,34.3406,28.0,92,92
1314,20635,ABRILAR XAROPE 100ML,2.58,7,402.0981,1.0,1.0,0.0,400.1664,357.5586,42.6078,177.72,0.0,6,34.3406,28.0,92,92
1314,20635,ABRILAR XAROPE 100ML,2.05,10,402.9686,1.0,1.0,0.0,401.6808,357.5586,44.1222,118.48,0.0,4,34.3406,28.0,92,92
1314,20635,ABRILAR XAROPE 100ML,2.33,10,402.9686,1.0,1.0,0.0,401.6808,357.5586,44.1222,118.48,0.0,4,34.3406,28.0,92,92
1314,20635,ABRILAR XAROPE 100ML,2.05,14,432.1198,1.0,1.0,0.0,430.832,357.5586,73.2733,118.48,0.0,4,34.3406,28.0,92,92
1314,20635,ABRILAR XAROPE 100ML,2.33,14,432.1198,1.0,1.0,0.0,430.832,357.5586,73.2733,118.48,0.0,4,34.3406,28.0,92,92
1314,20635,ABRILAR XAROPE 100ML,2.58,10,437.7986,1.0,1.0,0.0,436.5108,357.5586,78.9522,118.48,0.0,4,34.3406,28.0,92,92
1314,20635,ABRILAR XAROPE 100ML,2.58,14,466.9498,1.0,1.0,0.0,465.662,357.5586,108.1033,118.48,0.0,4,34.3406,28.0,92,92
1314,21141,PERCOF XAROPE 120ML,0.84,5,127.2706,1.0,0.945652,0.054348,122.7757,206.5256,-83.7499,413.53,0.0,13,27.8393,28.0,92,92
1314,21141,PERCOF XAROPE 120ML,1.04,5,127.2706,1.0,0.945652,0.054348,122.7757,206.5256,-83.7499,413.53,0.0,13,27.8393,28.0,92,92
1314,21141,PERCOF XAROPE 120ML,1.28,5,127.2706,1.0,0.945652,0.054348,122.7757,206.5256,-83.7499,413.53,0.0,13,27.8393,28.0,92,92
1314,21141,PERCOF XAROPE 120ML,0.84,7,144.7139,1.0,0.945652,0.054348,141.9478,206.5256,-64.5777,254.48,0.0,8,27.8393,28.0,92,92
1314,21141,PERCOF XAROPE 120ML,1.04,7,144.7139,1.0,0.945652,0.054348,141.9478,206.5256,-64.5777,254.48,0.0,8,27.8393,28.0,92,92
1314,21141,PERCOF XAROPE 120ML,1.28,7,144.7139,1.0,0.945652,0.054348,141.9478,206.5256,-64.5777,254.48,0.0,8,27.8393,28.0,92,92
1314,21141,PERCOF XAROPE 120ML,0.84,10,151.742,1.0,0.945652,0.054348,149.3217,206.5256,-57.2038,222.67,0.0,7,27.8393,28.0,92,92
1314,21141,PERCOF XAROPE 120ML,1.04,10,151.742,1.0,0.945652,0.054348,149.3217,206.5256,-57.2038,222.67,0.0,7,27.8393,28.0,92,92
1314,21141,PERCOF XAROPE 120ML,1.28,10,151.742,1.0,0.945652,0.054348,149.3217,206.5256,-57.2038,222.67,0.0,7,27.8393,28.0,92,92
1314,21141,PERCOF XAROPE 120ML,1.65,5,161.1906,1.0,0.945652,0.054348,156.6957,206.5256,-49.8299,413.53,0.0,13,27.8393,28.0,92,92
1314,21141,PERCOF XAROPE 120ML,1.65,7,178.6339,1.0,0.945652,0.054348,175.8678,206.5256,-30.6577,254.48,0.0,8,27.8393,28.0,92,92
1314,21141,PERCOF XAROPE 120ML,1.65,10,185.662,1.0,0.945652,0.054348,183.2417,206.5256,-23.2838,222.67,0.0,7,27.8393,28.0,92,92
1314,21141,PERCOF XAROPE 120ML,0.84,14,188.6575,1.0,0.945652,0.054348,186.9287,206.5256,-19.5969,159.05,0.0,5,27.8393,28.0,92,92
1314,21141,PERCOF XAROPE 120ML,1.04,14,188.6575,1.0,0.945652,0.054348,186.9287,206.5256,-19.5969,159.05,0.0,5,27.8393,28.0,92,92
1314,21141,PERCOF XAROPE 120ML,1.28,14,188.6575,1.0,0.945652,0.054348,186.9287,206.5256,-19.5969,159.05,0.0,5,27.8393,28.0,92,92
1314,21141,PERCOF XAROPE 120ML,2.05,5,195.1106,1.0,0.945652,0.054348,190.6157,206.5256,-15.9099,413.53,0.0,13,27.8393,28.0,92,92
1314,21141,PERCOF XAROPE 120ML,2.33,5,195.1106,1.0,0.945652,0.054348,190.6157,206.5256,-15.9099,413.53,0.0,13,27.8393,28.0,92,92
1314,21141,PERCOF XAROPE 120ML,1.65,14,206.3549,1.0,0.945652,0.054348,204.6261,206.5256,-1.8995,159.05,0.0,5,27.8393,28.0,92,92
1314,21141,PERCOF XAROPE 120ML,2.05,7,212.5539,1.0,0.945652,0.054348,209.7878,206.5256,3.2623,254.48,0.0,8,27.8393,28.0,92,92
1314,21141,PERCOF XAROPE 120ML,2.33,7,212.5539,1.0,0.945652,0.054348,209.7878,206.5256,3.2623,254.48,0.0,8,27.8393,28.0,92,92
1314,21141,PERCOF XAROPE 120ML,2.58,5,229.0306,1.0,0.945652,0.054348,224.5357,206.5256,18.0101,413.53,0.0,13,27.8393,28.0,92,92
1314,21141,PERCOF XAROPE 120ML,2.05,10,233.9842,1.0,0.945652,0.054348,231.9096,206.5256,25.384,190.86,0.0,6,27.8393,28.0,92,92
1314,21141,PERCOF XAROPE 120ML,2.33,10,233.9842,1.0,0.945652,0.054348,231.9096,206.5256,25.384,190.86,0.0,6,27.8393,28.0,92,92
1314,21141,PERCOF XAROPE 120ML,2.05,14,242.1184,1.0,0.945652,0.054348,240.3896,206.5256,33.864,159.05,0.0,5,27.8393,28.0,92,92
1314,21141,PERCOF XAROPE 120ML,2.33,14,242.1184,1.0,0.945652,0.054348,240.3896,206.5256,33.864,159.05,0.0,5,27.8393,28.0,92,92
1314,21141,PERCOF XAROPE 120ML,2.58,7,246.4739,1.0,0.945652,0.054348,243.7078,206.5256,37.1823,254.48,0.0,8,27.8393,28.0,92,92
1314,21141,PERCOF XAROPE 120ML,2.58,10,267.9042,1.0,0.945652,0.054348,265.8296,206.5256,59.304,190.86,0.0,6,27.8393,28.0,92,92
1314,21141,PERCOF XAROPE 120ML,2.58,14,276.0384,1.0,0.945652,0.054348,274.3096,206.5256,67.784,159.05,0.0,5,27.8393,28.0,92,92
1314,31330,ABRILAR XAROPE 200ML,2.05,5,197.9112,1.0,0.956522,0.043478,195.0755,148.8732,46.2024,260.88,0.0,4,4.8853,5.0,92,92
1314,31330,ABRILAR XAROPE 200ML,2.05,7,197.9112,1.0,0.956522,0.043478,195.0755,148.8732,46.2024,260.88,0.0,4,4.8853,5.0,92,92
1314,31330,ABRILAR XAROPE 200ML,2.05,10,197.9112,1.0,0.956522,0.043478,195.0755,148.8732,46.2024,260.88,0.0,4,4.8853,5.0,92,92
1314,31330,ABRILAR XAROPE 200ML,2.05,14,197.9112,1.0,0.956522,0.043478,195.0755,148.8732,46.2024,260.88,0.0,4,4.8853,5.0,92,92
1314,31330,ABRILAR XAROPE 200ML,2.33,5,197.9112,1.0,0.956522,0.043478,195.0755,148.8732,46.2024,260.88,0.0,4,4.8853,5.0,92,92
1314,31330,ABRILAR XAROPE 200ML,2.33,7,197.9112,1.0,0.956522,0.043478,195.0755,148.8732,46.2024,260.88,0.0,4,4.8853,5.0,92,92
1314,31330,ABRILAR XAROPE 200ML,2.33,10,197.9112,1.0,0.956522,0.043478,195.0755,148.8732,46.2024,260.88,0.0,4,4.8853,5.0,92,92
1314,31330,ABRILAR XAROPE 200ML,2.33,14,197.9112,1.0,0.956522,0.043478,195.0755,148.8732,46.2024,260.88,0.0,4,4.8853,5.0,92,92
1314,31330,ABRILAR XAROPE 200ML,2.58,5,197.9112,1.0,0.956522,0.043478,195.0755,148.8732,46.2024,260.88,0.0,4,4.8853,5.0,92,92
1314,31330,ABRILAR XAROPE 200ML,2.58,7,197.9112,1.0,0.956522,0.043478,195.0755,148.8732,46.2024,260.88,0.0,4,4.8853,5.0,92,92
1314,31330,ABRILAR XAROPE 200ML,2.58,10,197.9112,1.0,0.956522,0.043478,195.0755,148.8732,46.2024,260.88,0.0,4,4.8853,5.0,92,92
1314,31330,ABRILAR XAROPE 200ML,2.58,14,197.9112,1.0,0.956522,0.043478,195.0755,148.8732,46.2024,260.88,0.0,4,4.8853,5.0,92,92
1314,31330,ABRILAR XAROPE 200ML,0.84,5,46208.5412,0.923913,0.956522,-0.032609,118.7055,148.8732,-30.1676,260.88,0.0,4,4.8853,5.0,92,92
1314,31330,ABRILAR XAROPE 200ML,0.84,7,46208.5412,0.923913,0.956522,-0.032609,118.7055,148.8732,-30.1676,260.88,0.0,4,4.8853,5.0,92,92
1314,31330,ABRILAR XAROPE 200ML,0.84,10,46208.5412,0.923913,0.956522,-0.032609,118.7055,148.8732,-30.1676,260.88,0.0,4,4.8853,5.0,92,92
1314,31330,ABRILAR XAROPE 200ML,0.84,14,46208.5412,0.923913,0.956522,-0.032609,118.7055,148.8732,-30.1676,260.88,0.0,4,4.8853,5.0,92,92
1314,31330,ABRILAR XAROPE 200ML,1.04,5,46208.5412,0.923913,0.956522,-0.032609,118.7055,148.8732,-30.1676,260.88,0.0,4,4.8853,5.0,92,92
1314,31330,ABRILAR XAROPE 200ML,1.04,7,46208.5412,0.923913,0.956522,-0.032609,118.7055,148.8732,-30.1676,260.88,0.0,4,4.8853,5.0,92,92
1314,31330,ABRILAR XAROPE 200ML,1.04,10,46208.5412,0.923913,0.956522,-0.032609,118.7055,148.8732,-30.1676,260.88,0.0,4,4.8853,5.0,92,92
1314,31330,ABRILAR XAROPE 200ML,1.04,14,46208.5412,0.923913,0.956522,-0.032609,118.7055,148.8732,-30.1676,260.88,0.0,4,4.8853,5.0,92,92
1314,31330,ABRILAR XAROPE 200ML,1.28,5,46208.5412,0.923913,0.956522,-0.032609,118.7055,148.8732,-30.1676,260.88,0.0,4,4.8853,5.0,92,92
1314,31330,ABRILAR XAROPE 200ML,1.28,7,46208.5412,0.923913,0.956522,-0.032609,118.7055,148.8732,-30.1676,260.88,0.0,4,4.8853,5.0,92,92
1314,31330,ABRILAR XAROPE 200ML,1.28,10,46208.5412,0.923913,0.956522,-0.032609,118.7055,148.8732,-30.1676,260.88,0.0,4,4.8853,5.0,92,92
1314,31330,ABRILAR XAROPE 200ML,1.28,14,46208.5412,0.923913,0.956522,-0.032609,118.7055,148.8732,-30.1676,260.88,0.0,4,4.8853,5.0,92,92
1314,31330,ABRILAR XAROPE 200ML,1.65,5,46208.5412,0.923913,0.956522,-0.032609,118.7055,148.8732,-30.1676,260.88,0.0,4,4.8853,5.0,92,92
1314,31330,ABRILAR XAROPE 200ML,1.65,7,46208.5412,0.923913,0.956522,-0.032609,118.7055,148.8732,-30.1676,260.88,0.0,4,4.8853,5.0,92,92
1314,31330,ABRILAR XAROPE 200ML,1.65,10,46208.5412,0.923913,0.956522,-0.032609,118.7055,148.8732,-30.1676,260.88,0.0,4,4.8853,5.0,92,92
1314,31330,ABRILAR XAROPE 200ML,1.65,14,46208.5412,0.923913,0.956522,-0.032609,118.7055,148.8732,-30.1676,260.88,0.0,4,4.8853,5.0,92,92
1314,35416,EXPECTAMIN XAROPE 120ML,0.84,14,89.3035,1.0,1.0,0.0,88.967,102.4162,-13.4492,30.96,0.0,2,10.8159,7.0,92,92
1314,35416,EXPECTAMIN XAROPE 120ML,1.04,14,89.3035,1.0,1.0,0.0,88.967,102.4162,-13.4492,30.96,0.0,2,10.8159,7.0,92,92
1314,35416,EXPECTAMIN XAROPE 120ML,1.28,5,100.7139,1.0,1.0,0.0,99.7043,102.4162,-2.7119,92.88,0.0,6,10.8159,7.0,92,92
1314,35416,EXPECTAMIN XAROPE 120ML,1.65,5,100.7139,1.0,1.0,0.0,99.7043,102.4162,-2.7119,92.88,0.0,6,10.8159,7.0,92,92
1314,35416,EXPECTAMIN XAROPE 120ML,1.28,14,112.8235,1.0,1.0,0.0,112.487,102.4162,10.0708,30.96,0.0,2,10.8159,7.0,92,92
1314,35416,EXPECTAMIN XAROPE 120ML,1.65,14,112.8235,1.0,1.0,0.0,112.487,102.4162,10.0708,30.96,0.0,2,10.8159,7.0,92,92
1314,35416,EXPECTAMIN XAROPE 120ML,1.28,7,119.8944,1.0,1.0,0.0,119.3896,102.4162,16.9734,46.44,0.0,3,10.8159,7.0,92,92
1314,35416,EXPECTAMIN XAROPE 120ML,1.28,10,119.8944,1.0,1.0,0.0,119.3896,102.4162,16.9734,46.44,0.0,3,10.8159,7.0,92,92
1314,35416,EXPECTAMIN XAROPE 120ML,1.65,7,119.8944,1.0,1.0,0.0,119.3896,102.4162,16.9734,46.44,0.0,3,10.8159,7.0,92,92
1314,35416,EXPECTAMIN XAROPE 120ML,1.65,10,119.8944,1.0,1.0,0.0,119.3896,102.4162,16.9734,46.44,0.0,3,10.8159,7.0,92,92
1314,35416,EXPECTAMIN XAROPE 120ML,2.05,5,124.2339,1.0,1.0,0.0,123.2243,102.4162,20.8081,92.88,0.0,6,10.8159,7.0,92,92
1314,35416,EXPECTAMIN XAROPE 120ML,2.33,5,124.2339,1.0,1.0,0.0,123.2243,102.4162,20.8081,92.88,0.0,6,10.8159,7.0,92,92
1314,35416,EXPECTAMIN XAROPE 120ML,2.58,5,124.2339,1.0,1.0,0.0,123.2243,102.4162,20.8081,92.88,0.0,6,10.8159,7.0,92,92
1314,35416,EXPECTAMIN XAROPE 120ML,2.05,14,136.3435,1.0,1.0,0.0,136.007,102.4162,33.5908,30.96,0.0,2,10.8159,7.0,92,92
1314,35416,EXPECTAMIN XAROPE 120ML,2.33,14,136.3435,1.0,1.0,0.0,136.007,102.4162,33.5908,30.96,0.0,2,10.8159,7.0,92,92
1314,35416,EXPECTAMIN XAROPE 120ML,2.58,14,136.3435,1.0,1.0,0.0,136.007,102.4162,33.5908,30.96,0.0,2,10.8159,7.0,92,92
1314,35416,EXPECTAMIN XAROPE 120ML,2.05,7,143.4144,1.0,1.0,0.0,142.9096,102.4162,40.4934,46.44,0.0,3,10.8159,7.0,92,92
1314,35416,EXPECTAMIN XAROPE 120ML,2.05,10,143.4144,1.0,1.0,0.0,142.9096,102.4162,40.4934,46.44,0.0,3,10.8159,7.0,92,92
1314,35416,EXPECTAMIN XAROPE 120ML,2.33,7,143.4144,1.0,1.0,0.0,142.9096,102.4162,40.4934,46.44,0.0,3,10.8159,7.0,92,92
1314,35416,EXPECTAMIN XAROPE 120ML,2.33,10,143.4144,1.0,1.0,0.0,142.9096,102.4162,40.4934,46.44,0.0,3,10.8159,7.0,92,92
1314,35416,EXPECTAMIN XAROPE 120ML,2.58,7,143.4144,1.0,1.0,0.0,142.9096,102.4162,40.4934,46.44,0.0,3,10.8159,7.0,92,92
1314,35416,EXPECTAMIN XAROPE 120ML,2.58,10,143.4144,1.0,1.0,0.0,142.9096,102.4162,40.4934,46.44,0.0,3,10.8159,7.0,92,92
1314,35416,EXPECTAMIN XAROPE 120ML,0.84,5,2686.1939,0.967391,1.0,-0.032609,76.1843,102.4162,-26.2319,92.88,0.0,6,10.8159,7.0,92,92
1314,35416,EXPECTAMIN XAROPE 120ML,1.04,5,2686.1939,0.967391,1.0,-0.032609,76.1843,102.4162,-26.2319,92.88,0.0,6,10.8159,7.0,92,92
1314,35416,EXPECTAMIN XAROPE 120ML,0.84,7,2705.3744,0.967391,1.0,-0.032609,95.8696,102.4162,-6.5466,46.44,0.0,3,10.8159,7.0,92,92
1314,35416,EXPECTAMIN XAROPE 120ML,0.84,10,2705.3744,0.967391,1.0,-0.032609,95.8696,102.4162,-6.5466,46.44,0.0,3,10.8159,7.0,92,92
1314,35416,EXPECTAMIN XAROPE 120ML,1.04,7,2705.3744,0.967391,1.0,-0.032609,95.8696,102.4162,-6.5466,46.44,0.0,3,10.8159,7.0,92,92
1314,35416,EXPECTAMIN XAROPE 120ML,1.04,10,2705.3744,0.967391,1.0,-0.032609,95.8696,102.4162,-6.5466,46.44,0.0,3,10.8159,7.0,92,92
1314,35772,EMSEXPECTOR XAROPE 120ML,2.58,5,2662.0208,0.967391,1.0,-0.032609,51.7463,74.303,-22.5567,117.25,0.0,7,4.2266,7.0,92,92
1314,35772,EMSEXPECTOR XAROPE 120ML,2.58,7,2662.0208,0.967391,1.0,-0.032609,51.7463,74.303,-22.5567,117.25,0.0,7,4.2266,7.0,92,92
1314,35772,EMSEXPECTOR XAROPE 120ML,2.58,10,2662.0208,0.967391,1.0,-0.032609,51.7463,74.303,-22.5567,117.25,0.0,7,4.2266,7.0,92,92
1314,35772,EMSEXPECTOR XAROPE 120ML,2.58,14,2662.0208,0.967391,1.0,-0.032609,51.7463,74.303,-22.5567,117.25,0.0,7,4.2266,7.0,92,92
1314,35772,EMSEXPECTOR XAROPE 120ML,0.84,5,100467.2407,0.869565,1.0,-0.130435,31.1483,74.303,-43.1548,100.5,1.0,6,4.2266,7.0,92,92
1314,35772,EMSEXPECTOR XAROPE 120ML,0.84,7,100467.2407,0.869565,1.0,-0.130435,31.1483,74.303,-43.1548,100.5,1.0,6,4.2266,7.0,92,92
1314,35772,EMSEXPECTOR XAROPE 120ML,0.84,10,100467.2407,0.869565,1.0,-0.130435,31.1483,74.303,-43.1548,100.5,1.0,6,4.2266,7.0,92,92
1314,35772,EMSEXPECTOR XAROPE 120ML,0.84,14,100467.2407,0.869565,1.0,-0.130435,31.1483,74.303,-43.1548,100.5,1.0,6,4.2266,7.0,92,92
1314,35772,EMSEXPECTOR XAROPE 120ML,1.04,5,100467.2407,0.869565,1.0,-0.130435,31.1483,74.303,-43.1548,100.5,1.0,6,4.2266,7.0,92,92
1314,35772,EMSEXPECTOR XAROPE 120ML,1.04,7,100467.2407,0.869565,1.0,-0.130435,31.1483,74.303,-43.1548,100.5,1.0,6,4.2266,7.0,92,92
1314,35772,EMSEXPECTOR XAROPE 120ML,1.04,10,100467.2407,0.869565,1.0,-0.130435,31.1483,74.303,-43.1548,100.5,1.0,6,4.2266,7.0,92,92
1314,35772,EMSEXPECTOR XAROPE 120ML,1.04,14,100467.2407,0.869565,1.0,-0.130435,31.1483,74.303,-43.1548,100.5,1.0,6,4.2266,7.0,92,92
1314,35772,EMSEXPECTOR XAROPE 120ML,1.28,5,100467.2407,0.869565,1.0,-0.130435,31.1483,74.303,-43.1548,100.5,1.0,6,4.2266,7.0,92,92
1314,35772,EMSEXPECTOR XAROPE 120ML,1.28,7,100467.2407,0.869565,1.0,-0.130435,31.1483,74.303,-43.1548,100.5,1.0,6,4.2266,7.0,92,92
1314,35772,EMSEXPECTOR XAROPE 120ML,1.28,10,100467.2407,0.869565,1.0,-0.130435,31.1483,74.303,-43.1548,100.5,1.0,6,4.2266,7.0,92,92
1314,35772,EMSEXPECTOR XAROPE 120ML,1.28,14,100467.2407,0.869565,1.0,-0.130435,31.1483,74.303,-43.1548,100.5,1.0,6,4.2266,7.0,92,92
1314,35772,EMSEXPECTOR XAROPE 120ML,1.65,5,100467.2407,0.869565,1.0,-0.130435,31.1483,74.303,-43.1548,100.5,1.0,6,4.2266,7.0,92,92
1314,35772,EMSEXPECTOR XAROPE 120ML,1.65,7,100467.2407,0.869565,1.0,-0.130435,31.1483,74.303,-43.1548,100.5,1.0,6,4.2266,7.0,92,92
1314,35772,EMSEXPECTOR XAROPE 120ML,1.65,10,100467.2407,0.869565,1.0,-0.130435,31.1483,74.303,-43.1548,100.5,1.0,6,4.2266,7.0,92,92
1314,35772,EMSEXPECTOR XAROPE 120ML,1.65,14,100467.2407,0.869565,1.0,-0.130435,31.1483,74.303,-43.1548,100.5,1.0,6,4.2266,7.0,92,92
1314,35772,EMSEXPECTOR XAROPE 120ML,2.05,5,100467.2407,0.869565,1.0,-0.130435,31.1483,74.303,-43.1548,100.5,1.0,6,4.2266,7.0,92,92
1314,35772,EMSEXPECTOR XAROPE 120ML,2.05,7,100467.2407,0.869565,1.0,-0.130435,31.1483,74.303,-43.1548,100.5,1.0,6,4.2266,7.0,92,92
1314,35772,EMSEXPECTOR XAROPE 120ML,2.05,10,100467.2407,0.869565,1.0,-0.130435,31.1483,74.303,-43.1548,100.5,1.0,6,4.2266,7.0,92,92
1314,35772,EMSEXPECTOR XAROPE 120ML,2.05,14,100467.2407,0.869565,1.0,-0.130435,31.1483,74.303,-43.1548,100.5,1.0,6,4.2266,7.0,92,92
1314,35772,EMSEXPECTOR XAROPE 120ML,2.33,5,100467.2407,0.869565,1.0,-0.130435,31.1483,74.303,-43.1548,100.5,1.0,6,4.2266,7.0,92,92
1314,35772,EMSEXPECTOR XAROPE 120ML,2.33,7,100467.2407,0.869565,1.0,-0.130435,31.1483,74.303,-43.1548,100.5,1.0,6,4.2266,7.0,92,92
1314,35772,EMSEXPECTOR XAROPE 120ML,2.33,10,100467.2407,0.869565,1.0,-0.130435,31.1483,74.303,-43.1548,100.5,1.0,6,4.2266,7.0,92,92
1314,35772,EMSEXPECTOR XAROPE 120ML,2.33,14,100467.2407,0.869565,1.0,-0.130435,31.1483,74.303,-43.1548,100.5,1.0,6,4.2266,7.0,92,92
1314,36857,NARIX ADULTO 30ML,1.65,7,48.9032,1.0,0.934783,0.065217,48.6011,54.0935,-5.4925,27.79,0.0,7,32.4958,29.0,92,92
1314,36857,NARIX ADULTO 30ML,2.05,7,56.2332,1.0,0.934783,0.065217,55.9311,54.0935,1.8375,27.79,0.0,7,32.4958,29.0,92,92
1314,36857,NARIX ADULTO 30ML,2.33,7,56.2332,1.0,0.934783,0.065217,55.9311,54.0935,1.8375,27.79,0.0,7,32.4958,29.0,92,92
1314,36857,NARIX ADULTO 30ML,2.58,5,59.6226,1.0,0.934783,0.065217,59.2774,54.0935,5.1838,31.76,0.0,8,32.4958,29.0,92,92
1314,36857,NARIX ADULTO 30ML,2.58,7,63.5632,1.0,0.934783,0.065217,63.2611,54.0935,9.1675,27.79,0.0,7,32.4958,29.0,92,92
1314,36857,NARIX ADULTO 30ML,2.05,14,63.8686,1.0,0.934783,0.065217,63.7391,54.0935,9.6456,11.91,0.0,3,32.4958,29.0,92,92
1314,36857,NARIX ADULTO 30ML,2.33,14,63.8686,1.0,0.934783,0.065217,63.7391,54.0935,9.6456,11.91,0.0,3,32.4958,29.0,92,92
1314,36857,NARIX ADULTO 30ML,2.58,10,67.7793,1.0,0.934783,0.065217,67.5635,54.0935,13.4699,19.85,0.0,5,32.4958,29.0,92,92
1314,36857,NARIX ADULTO 30ML,2.58,14,71.1986,1.0,0.934783,0.065217,71.0691,54.0935,16.9756,11.91,0.0,3,32.4958,29.0,92,92
1314,36857,NARIX ADULTO 30ML,1.28,5,13517.4651,0.956522,0.934783,0.021739,39.1199,54.0935,-14.9737,31.76,2.0,8,32.4958,29.0,92,92
1314,36857,NARIX ADULTO 30ML,0.84,14,13523.2249,0.956522,0.934783,0.021739,45.0954,54.0935,-8.9981,11.91,2.0,3,32.4958,29.0,92,92
1314,36857,NARIX ADULTO 30ML,1.04,14,13523.2249,0.956522,0.934783,0.021739,45.0954,54.0935,-8.9981,11.91,2.0,3,32.4958,29.0,92,92
1314,36857,NARIX ADULTO 30ML,1.65,5,13523.7593,0.956522,0.934783,0.021739,45.4141,54.0935,-8.6794,31.76,1.0,8,32.4958,29.0,92,92
1314,36857,NARIX ADULTO 30ML,1.28,10,13524.8615,0.956522,0.934783,0.021739,46.6889,54.0935,-7.4046,15.88,2.0,4,32.4958,29.0,92,92
1314,36857,NARIX ADULTO 30ML,1.28,14,13528.8818,0.956522,0.934783,0.021739,50.7523,54.0935,-3.3413,11.91,1.0,3,32.4958,29.0,92,92
1314,36857,NARIX ADULTO 30ML,2.05,5,13530.2926,0.956522,0.934783,0.021739,51.9474,54.0935,-2.1462,31.76,0.0,8,32.4958,29.0,92,92
1314,36857,NARIX ADULTO 30ML,2.33,5,13530.2926,0.956522,0.934783,0.021739,51.9474,54.0935,-2.1462,31.76,0.0,8,32.4958,29.0,92,92
1314,36857,NARIX ADULTO 30ML,1.65,10,13530.5184,0.956522,0.934783,0.021739,52.3458,54.0935,-1.7478,15.88,1.0,4,32.4958,29.0,92,92
1314,36857,NARIX ADULTO 30ML,1.65,14,13534.5386,0.956522,0.934783,0.021739,56.4091,54.0935,2.3156,11.91,0.0,3,32.4958,29.0,92,92
1314,36857,NARIX ADULTO 30ML,2.05,10,13538.4493,0.956522,0.934783,0.021739,60.2335,54.0935,6.1399,19.85,0.0,5,32.4958,29.0,92,92
1314,36857,NARIX ADULTO 30ML,2.33,10,13538.4493,0.956522,0.934783,0.021739,60.2335,54.0935,6.1399,19.85,0.0,5,32.4958,29.0,92,92
1314,36857,NARIX ADULTO 30ML,0.84,7,78731.0399,0.891304,0.934783,-0.043478,34.7378,54.0935,-19.3557,27.79,1.0,7,32.4958,29.0,92,92
1314,36857,NARIX ADULTO 30ML,1.04,7,78731.0399,0.891304,0.934783,-0.043478,34.7378,54.0935,-19.3557,27.79,1.0,7,32.4958,29.0,92,92
1314,36857,NARIX ADULTO 30ML,1.28,7,78737.5732,0.891304,0.934783,-0.043478,41.2711,54.0935,-12.8225,27.79,0.0,7,32.4958,29.0,92,92
1314,36857,NARIX ADULTO 30ML,0.84,10,165693.2047,0.804348,0.934783,-0.130435,41.0321,54.0935,-13.0615,15.88,3.0,4,32.4958,29.0,92,92
1314,36857,NARIX ADULTO 30ML,1.04,10,165693.2047,0.804348,0.934783,-0.130435,41.0321,54.0935,-13.0615,15.88,3.0,4,32.4958,29.0,92,92
1314,36857,NARIX ADULTO 30ML,0.84,5,187423.6497,0.782609,0.934783,-0.152174,32.3476,54.0935,-21.7459,27.79,3.0,7,32.4958,29.0,92,92
1314,36857,NARIX ADULTO 30ML,1.04,5,187423.6497,0.782609,0.934783,-0.152174,32.3476,54.0935,-21.7459,27.79,3.0,7,32.4958,29.0,92,92
1314,42076,HEDRA EXPEC XAROPE 100ML,0.84,5,42.34,1.0,1.0,0.0,42.34,,,0.0,0.0,0,0.0,0.0,92,92
1314,42076,HEDRA EXPEC XAROPE 100ML,0.84,7,42.34,1.0,1.0,0.0,42.34,,,0.0,0.0,0,0.0,0.0,92,92
1314,42076,HEDRA EXPEC XAROPE 100ML,0.84,10,42.34,1.0,1.0,0.0,42.34,,,0.0,0.0,0,0.0,0.0,92,92
1314,42076,HEDRA EXPEC XAROPE 100ML,0.84,14,42.34,1.0,1.0,0.0,42.34,,,0.0,0.0,0,0.0,0.0,92,92
1314,42076,HEDRA EXPEC XAROPE 100ML,1.04,5,42.34,1.0,1.0,0.0,42.34,,,0.0,0.0,0,0.0,0.0,92,92
1314,42076,HEDRA EXPEC XAROPE 100ML,1.04,7,42.34,1.0,1.0,0.0,42.34,,,0.0,0.0,0,0.0,0.0,92,92
1314,42076,HEDRA EXPEC XAROPE 100ML,1.04,10,42.34,1.0,1.0,0.0,42.34,,,0.0,0.0,0,0.0,0.0,92,92
1314,42076,HEDRA EXPEC XAROPE 100ML,1.04,14,42.34,1.0,1.0,0.0,42.34,,,0.0,0.0,0,0.0,0.0,92,92
1314,42076,HEDRA EXPEC XAROPE 100ML,1.28,5,42.34,1.0,1.0,0.0,42.34,,,0.0,0.0,0,0.0,0.0,92,92
1314,42076,HEDRA EXPEC XAROPE 100ML,1.28,7,42.34,1.0,1.0,0.0,42.34,,,0.0,0.0,0,0.0,0.0,92,92
1314,42076,HEDRA EXPEC XAROPE 100ML,1.28,10,42.34,1.0,1.0,0.0,42.34,,,0.0,0.0,0,0.0,0.0,92,92
1314,42076,HEDRA EXPEC XAROPE 100ML,1.28,14,42.34,1.0,1.0,0.0,42.34,,,0.0,0.0,0,0.0,0.0,92,92
1314,42076,HEDRA EXPEC XAROPE 100ML,1.65,5,42.34,1.0,1.0,0.0,42.34,,,0.0,0.0,0,0.0,0.0,92,92
1314,42076,HEDRA EXPEC XAROPE 100ML,1.65,7,42.34,1.0,1.0,0.0,42.34,,,0.0,0.0,0,0.0,0.0,92,92
1314,42076,HEDRA EXPEC XAROPE 100ML,1.65,10,42.34,1.0,1.0,0.0,42.34,,,0.0,0.0,0,0.0,0.0,92,92
1314,42076,HEDRA EXPEC XAROPE 100ML,1.65,14,42.34,1.0,1.0,0.0,42.34,,,0.0,0.0,0,0.0,0.0,92,92
1314,42076,HEDRA EXPEC XAROPE 100ML,2.05,5,42.34,1.0,1.0,0.0,42.34,,,0.0,0.0,0,0.0,0.0,92,92
1314,42076,HEDRA EXPEC XAROPE 100ML,2.05,7,42.34,1.0,1.0,0.0,42.34,,,0.0,0.0,0,0.0,0.0,92,92
1314,42076,HEDRA EXPEC XAROPE 100ML,2.05,10,42.34,1.0,1.0,0.0,42.34,,,0.0,0.0,0,0.0,0.0,92,92
1314,42076,HEDRA EXPEC XAROPE 100ML,2.05,14,42.34,1.0,1.0,0.0,42.34,,,0.0,0.0,0,0.0,0.0,92,92
1314,42076,HEDRA EXPEC XAROPE 100ML,2.33,5,42.34,1.0,1.0,0.0,42.34,,,0.0,0.0,0,0.0,0.0,92,92
1314,42076,HEDRA EXPEC XAROPE 100ML,2.33,7,42.34,1.0,1.0,0.0,42.34,,,0.0,0.0,0,0.0,0.0,92,92
1314,42076,HEDRA EXPEC XAROPE 100ML,2.33,10,42.34,1.0,1.0,0.0,42.34,,,0.0,0.0,0,0.0,0.0,92,92
1314,42076,HEDRA EXPEC XAROPE 100ML,2.33,14,42.34,1.0,1.0,0.0,42.34,,,0.0,0.0,0,0.0,0.0,92,92
1314,42076,HEDRA EXPEC XAROPE 100ML,2.58,5,42.34,1.0,1.0,0.0,42.34,,,0.0,0.0,0,0.0,0.0,92,92
1314,42076,HEDRA EXPEC XAROPE 100ML,2.58,7,42.34,1.0,1.0,0.0,42.34,,,0.0,0.0,0,0.0,0.0,92,92
1314,42076,HEDRA EXPEC XAROPE 100ML,2.58,10,42.34,1.0,1.0,0.0,42.34,,,0.0,0.0,0,0.0,0.0,92,92
1314,42076,HEDRA EXPEC XAROPE 100ML,2.58,14,42.34,1.0,1.0,0.0,42.34,,,0.0,0.0,0,0.0,0.0,92,92
1314,44217,BROMELIN S 100ML,0.84,5,133.6107,1.0,1.0,0.0,130.3321,131.3066,-0.9745,301.63,0.0,7,6.1607,7.0,92,92
1314,44217,BROMELIN S 100ML,0.84,7,133.6107,1.0,1.0,0.0,130.3321,131.3066,-0.9745,301.63,0.0,7,6.1607,7.0,92,92
1314,44217,BROMELIN S 100ML,0.84,10,133.6107,1.0,1.0,0.0,130.3321,131.3066,-0.9745,301.63,0.0,7,6.1607,7.0,92,92
1314,44217,BROMELIN S 100ML,0.84,14,133.6107,1.0,1.0,0.0,130.3321,131.3066,-0.9745,301.63,0.0,7,6.1607,7.0,92,92
1314,44217,BROMELIN S 100ML,1.04,5,133.6107,1.0,1.0,0.0,130.3321,131.3066,-0.9745,301.63,0.0,7,6.1607,7.0,92,92
1314,44217,BROMELIN S 100ML,1.04,7,133.6107,1.0,1.0,0.0,130.3321,131.3066,-0.9745,301.63,0.0,7,6.1607,7.0,92,92
1314,44217,BROMELIN S 100ML,1.04,10,133.6107,1.0,1.0,0.0,130.3321,131.3066,-0.9745,301.63,0.0,7,6.1607,7.0,92,92
1314,44217,BROMELIN S 100ML,1.04,14,133.6107,1.0,1.0,0.0,130.3321,131.3066,-0.9745,301.63,0.0,7,6.1607,7.0,92,92
1314,44217,BROMELIN S 100ML,1.28,5,133.6107,1.0,1.0,0.0,130.3321,131.3066,-0.9745,301.63,0.0,7,6.1607,7.0,92,92
1314,44217,BROMELIN S 100ML,1.28,7,133.6107,1.0,1.0,0.0,130.3321,131.3066,-0.9745,301.63,0.0,7,6.1607,7.0,92,92
1314,44217,BROMELIN S 100ML,1.28,10,133.6107,1.0,1.0,0.0,130.3321,131.3066,-0.9745,301.63,0.0,7,6.1607,7.0,92,92
1314,44217,BROMELIN S 100ML,1.28,14,133.6107,1.0,1.0,0.0,130.3321,131.3066,-0.9745,301.63,0.0,7,6.1607,7.0,92,92
1314,44217,BROMELIN S 100ML,1.65,5,133.6107,1.0,1.0,0.0,130.3321,131.3066,-0.9745,301.63,0.0,7,6.1607,7.0,92,92
1314,44217,BROMELIN S 100ML,1.65,7,133.6107,1.0,1.0,0.0,130.3321,131.3066,-0.9745,301.63,0.0,7,6.1607,7.0,92,92
1314,44217,BROMELIN S 100ML,1.65,10,133.6107,1.0,1.0,0.0,130.3321,131.3066,-0.9745,301.63,0.0,7,6.1607,7.0,92,92
1314,44217,BROMELIN S 100ML,1.65,14,133.6107,1.0,1.0,0.0,130.3321,131.3066,-0.9745,301.63,0.0,7,6.1607,7.0,92,92
1314,44217,BROMELIN S 100ML,2.05,5,189.3807,1.0,1.0,0.0,186.1021,131.3066,54.7955,301.63,0.0,7,6.1607,7.0,92,92
1314,44217,BROMELIN S 100ML,2.05,7,189.3807,1.0,1.0,0.0,186.1021,131.3066,54.7955,301.63,0.0,7,6.1607,7.0,92,92
1314,44217,BROMELIN S 100ML,2.05,10,189.3807,1.0,1.0,0.0,186.1021,131.3066,54.7955,301.63,0.0,7,6.1607,7.0,92,92
1314,44217,BROMELIN S 100ML,2.05,14,189.3807,1.0,1.0,0.0,186.1021,131.3066,54.7955,301.63,0.0,7,6.1607,7.0,92,92
1314,44217,BROMELIN S 100ML,2.33,5,189.3807,1.0,1.0,0.0,186.1021,131.3066,54.7955,301.63,0.0,7,6.1607,7.0,92,92
1314,44217,BROMELIN S 100ML,2.33,7,189.3807,1.0,1.0,0.0,186.1021,131.3066,54.7955,301.63,0.0,7,6.1607,7.0,92,92
1314,44217,BROMELIN S 100ML,2.33,10,189.3807,1.0,1.0,0.0,186.1021,131.3066,54.7955,301.63,0.0,7,6.1607,7.0,92,92
1314,44217,BROMELIN S 100ML,2.33,14,189.3807,1.0,1.0,0.0,186.1021,131.3066,54.7955,301.63,0.0,7,6.1607,7.0,92,92
1314,44217,BROMELIN S 100ML,2.58,5,189.3807,1.0,1.0,0.0,186.1021,131.3066,54.7955,301.63,0.0,7,6.1607,7.0,92,92
1314,44217,BROMELIN S 100ML,2.58,7,189.3807,1.0,1.0,0.0,186.1021,131.3066,54.7955,301.63,0.0,7,6.1607,7.0,92,92
1314,44217,BROMELIN S 100ML,2.58,10,189.3807,1.0,1.0,0.0,186.1021,131.3066,54.7955,301.63,0.0,7,6.1607,7.0,92,92
1314,44217,BROMELIN S 100ML,2.58,14,189.3807,1.0,1.0,0.0,186.1021,131.3066,54.7955,301.63,0.0,7,6.1607,7.0,92,92
1314,48812,ARLIVRY XAROPE CEREJA 100ML,0.84,10,51.6673,1.0,1.0,0.0,51.1793,60.7101,-9.5308,44.9,0.0,5,10.7674,11.0,92,92
1314,48812,ARLIVRY XAROPE CEREJA 100ML,0.84,14,51.6673,1.0,1.0,0.0,51.1793,60.7101,-9.5308,44.9,0.0,5,10.7674,11.0,92,92
1314,48812,ARLIVRY XAROPE CEREJA 100ML,1.04,10,51.6673,1.0,1.0,0.0,51.1793,60.7101,-9.5308,44.9,0.0,5,10.7674,11.0,92,92
1314,48812,ARLIVRY XAROPE CEREJA 100ML,1.04,14,51.6673,1.0,1.0,0.0,51.1793,60.7101,-9.5308,44.9,0.0,5,10.7674,11.0,92,92
1314,48812,ARLIVRY XAROPE CEREJA 100ML,1.28,10,51.6673,1.0,1.0,0.0,51.1793,60.7101,-9.5308,44.9,0.0,5,10.7674,11.0,92,92
1314,48812,ARLIVRY XAROPE CEREJA 100ML,1.28,14,51.6673,1.0,1.0,0.0,51.1793,60.7101,-9.5308,44.9,0.0,5,10.7674,11.0,92,92
1314,48812,ARLIVRY XAROPE CEREJA 100ML,1.65,5,64.1552,1.0,1.0,0.0,63.0815,60.7101,2.3714,98.78,0.0,11,10.7674,11.0,92,92
1314,48812,ARLIVRY XAROPE CEREJA 100ML,1.65,7,64.1552,1.0,1.0,0.0,63.0815,60.7101,2.3714,98.78,0.0,11,10.7674,11.0,92,92
1314,48812,ARLIVRY XAROPE CEREJA 100ML,2.05,5,64.1552,1.0,1.0,0.0,63.0815,60.7101,2.3714,98.78,0.0,11,10.7674,11.0,92,92
1314,48812,ARLIVRY XAROPE CEREJA 100ML,2.05,7,64.1552,1.0,1.0,0.0,63.0815,60.7101,2.3714,98.78,0.0,11,10.7674,11.0,92,92
1314,48812,ARLIVRY XAROPE CEREJA 100ML,2.33,5,64.1552,1.0,1.0,0.0,63.0815,60.7101,2.3714,98.78,0.0,11,10.7674,11.0,92,92
1314,48812,ARLIVRY XAROPE CEREJA 100ML,2.33,7,64.1552,1.0,1.0,0.0,63.0815,60.7101,2.3714,98.78,0.0,11,10.7674,11.0,92,92
1314,48812,ARLIVRY XAROPE CEREJA 100ML,2.58,5,64.1552,1.0,1.0,0.0,63.0815,60.7101,2.3714,98.78,0.0,11,10.7674,11.0,92,92
1314,48812,ARLIVRY XAROPE CEREJA 100ML,2.58,7,64.1552,1.0,1.0,0.0,63.0815,60.7101,2.3714,98.78,0.0,11,10.7674,11.0,92,92
1314,48812,ARLIVRY XAROPE CEREJA 100ML,1.65,10,73.5673,1.0,1.0,0.0,73.0793,60.7101,12.3692,44.9,0.0,5,10.7674,11.0,92,92
1314,48812,ARLIVRY XAROPE CEREJA 100ML,1.65,14,73.5673,1.0,1.0,0.0,73.0793,60.7101,12.3692,44.9,0.0,5,10.7674,11.0,92,92
1314,48812,ARLIVRY XAROPE CEREJA 100ML,2.05,10,73.5673,1.0,1.0,0.0,73.0793,60.7101,12.3692,44.9,0.0,5,10.7674,11.0,92,92
1314,48812,ARLIVRY XAROPE CEREJA 100ML,2.05,14,73.5673,1.0,1.0,0.0,73.0793,60.7101,12.3692,44.9,0.0,5,10.7674,11.0,92,92
1314,48812,ARLIVRY XAROPE CEREJA 100ML,2.33,10,73.5673,1.0,1.0,0.0,73.0793,60.7101,12.3692,44.9,0.0,5,10.7674,11.0,92,92
1314,48812,ARLIVRY XAROPE CEREJA 100ML,2.33,14,73.5673,1.0,1.0,0.0,73.0793,60.7101,12.3692,44.9,0.0,5,10.7674,11.0,92,92
1314,48812,ARLIVRY XAROPE CEREJA 100ML,2.58,10,73.5673,1.0,1.0,0.0,73.0793,60.7101,12.3692,44.9,0.0,5,10.7674,11.0,92,92
1314,48812,ARLIVRY XAROPE CEREJA 100ML,2.58,14,73.5673,1.0,1.0,0.0,73.0793,60.7101,12.3692,44.9,0.0,5,10.7674,11.0,92,92
1314,48812,ARLIVRY XAROPE CEREJA 100ML,0.84,5,2651.2552,0.967391,1.0,-0.032609,41.1815,60.7101,-19.5286,98.78,0.0,11,10.7674,11.0,92,92
1314,48812,ARLIVRY XAROPE CEREJA 100ML,0.84,7,2651.2552,0.967391,1.0,-0.032609,41.1815,60.7101,-19.5286,98.78,0.0,11,10.7674,11.0,92,92
1314,48812,ARLIVRY XAROPE CEREJA 100ML,1.04,5,2651.2552,0.967391,1.0,-0.032609,41.1815,60.7101,-19.5286,98.78,0.0,11,10.7674,11.0,92,92
1314,48812,ARLIVRY XAROPE CEREJA 100ML,1.04,7,2651.2552,0.967391,1.0,-0.032609,41.1815,60.7101,-19.5286,98.78,0.0,11,10.7674,11.0,92,92
1314,48812,ARLIVRY XAROPE CEREJA 100ML,1.28,5,2651.2552,0.967391,1.0,-0.032609,41.1815,60.7101,-19.5286,98.78,0.0,11,10.7674,11.0,92,92
1314,48812,ARLIVRY XAROPE CEREJA 100ML,1.28,7,2651.2552,0.967391,1.0,-0.032609,41.1815,60.7101,-19.5286,98.78,0.0,11,10.7674,11.0,92,92
1314,48813,ARLIVRY XAROPE MEL 100ML,0.84,5,71.1362,1.0,1.0,0.0,69.6721,84.6194,-14.9473,134.7,0.0,15,12.8826,15.0,92,92
1314,48813,ARLIVRY XAROPE MEL 100ML,0.84,7,71.1362,1.0,1.0,0.0,69.6721,84.6194,-14.9473,134.7,0.0,15,12.8826,15.0,92,92
1314,48813,ARLIVRY XAROPE MEL 100ML,1.04,5,71.1362,1.0,1.0,0.0,69.6721,84.6194,-14.9473,134.7,0.0,15,12.8826,15.0,92,92
1314,48813,ARLIVRY XAROPE MEL 100ML,1.04,7,71.1362,1.0,1.0,0.0,69.6721,84.6194,-14.9473,134.7,0.0,15,12.8826,15.0,92,92
1314,48813,ARLIVRY XAROPE MEL 100ML,1.28,5,71.1362,1.0,1.0,0.0,69.6721,84.6194,-14.9473,134.7,0.0,15,12.8826,15.0,92,92
1314,48813,ARLIVRY XAROPE MEL 100ML,1.28,7,71.1362,1.0,1.0,0.0,69.6721,84.6194,-14.9473,134.7,0.0,15,12.8826,15.0,92,92
1314,48813,ARLIVRY XAROPE MEL 100ML,0.84,10,82.3162,1.0,1.0,0.0,81.6329,84.6194,-2.9864,62.86,0.0,7,12.8826,15.0,92,92
1314,48813,ARLIVRY XAROPE MEL 100ML,0.84,14,82.3162,1.0,1.0,0.0,81.6329,84.6194,-2.9864,62.86,0.0,7,12.8826,15.0,92,92
1314,48813,ARLIVRY XAROPE MEL 100ML,1.04,10,82.3162,1.0,1.0,0.0,81.6329,84.6194,-2.9864,62.86,0.0,7,12.8826,15.0,92,92
1314,48813,ARLIVRY XAROPE MEL 100ML,1.04,14,82.3162,1.0,1.0,0.0,81.6329,84.6194,-2.9864,62.86,0.0,7,12.8826,15.0,92,92
1314,48813,ARLIVRY XAROPE MEL 100ML,1.28,10,82.3162,1.0,1.0,0.0,81.6329,84.6194,-2.9864,62.86,0.0,7,12.8826,15.0,92,92
1314,48813,ARLIVRY XAROPE MEL 100ML,1.28,14,82.3162,1.0,1.0,0.0,81.6329,84.6194,-2.9864,62.86,0.0,7,12.8826,15.0,92,92
1314,48813,ARLIVRY XAROPE MEL 100ML,1.65,5,98.6462,1.0,1.0,0.0,97.1821,84.6194,12.5627,134.7,0.0,15,12.8826,15.0,92,92
1314,48813,ARLIVRY XAROPE MEL 100ML,1.65,7,98.6462,1.0,1.0,0.0,97.1821,84.6194,12.5627,134.7,0.0,15,12.8826,15.0,92,92
1314,48813,ARLIVRY XAROPE MEL 100ML,2.05,5,98.6462,1.0,1.0,0.0,97.1821,84.6194,12.5627,134.7,0.0,15,12.8826,15.0,92,92
1314,48813,ARLIVRY XAROPE MEL 100ML,2.05,7,98.6462,1.0,1.0,0.0,97.1821,84.6194,12.5627,134.7,0.0,15,12.8826,15.0,92,92
1314,48813,ARLIVRY XAROPE MEL 100ML,1.65,10,109.8262,1.0,1.0,0.0,109.1429,84.6194,24.5236,62.86,0.0,7,12.8826,15.0,92,92
1314,48813,ARLIVRY XAROPE MEL 100ML,1.65,14,109.8262,1.0,1.0,0.0,109.1429,84.6194,24.5236,62.86,0.0,7,12.8826,15.0,92,92
1314,48813,ARLIVRY XAROPE MEL 100ML,2.05,10,109.8262,1.0,1.0,0.0,109.1429,84.6194,24.5236,62.86,0.0,7,12.8826,15.0,92,92
1314,48813,ARLIVRY XAROPE MEL 100ML,2.05,14,109.8262,1.0,1.0,0.0,109.1429,84.6194,24.5236,62.86,0.0,7,12.8826,15.0,92,92
1314,48813,ARLIVRY XAROPE MEL 100ML,2.33,5,126.1562,1.0,1.0,0.0,124.6921,84.6194,40.0727,134.7,0.0,15,12.8826,15.0,92,92
1314,48813,ARLIVRY XAROPE MEL 100ML,2.33,7,126.1562,1.0,1.0,0.0,124.6921,84.6194,40.0727,134.7,0.0,15,12.8826,15.0,92,92
1314,48813,ARLIVRY XAROPE MEL 100ML,2.58,5,126.1562,1.0,1.0,0.0,124.6921,84.6194,40.0727,134.7,0.0,15,12.8826,15.0,92,92
1314,48813,ARLIVRY XAROPE MEL 100ML,2.58,7,126.1562,1.0,1.0,0.0,124.6921,84.6194,40.0727,134.7,0.0,15,12.8826,15.0,92,92
1314,48813,ARLIVRY XAROPE MEL 100ML,2.33,10,137.3362,1.0,1.0,0.0,136.6529,84.6194,52.0336,62.86,0.0,7,12.8826,15.0,92,92
1314,48813,ARLIVRY XAROPE MEL 100ML,2.33,14,137.3362,1.0,1.0,0.0,136.6529,84.6194,52.0336,62.86,0.0,7,12.8826,15.0,92,92
1314,48813,ARLIVRY XAROPE MEL 100ML,2.58,10,137.3362,1.0,1.0,0.0,136.6529,84.6194,52.0336,62.86,0.0,7,12.8826,15.0,92,92
1314,48813,ARLIVRY XAROPE MEL 100ML,2.58,14,137.3362,1.0,1.0,0.0,136.6529,84.6194,52.0336,62.86,0.0,7,12.8826,15.0,92,92
1314,51957,HEDERA CIMED 7MG 100ML,0.84,5,71.26,1.0,1.0,0.0,71.26,35.63,35.63,0.0,0.0,0,0.0,0.0,92,92
1314,51957,HEDERA CIMED 7MG 100ML,0.84,7,71.26,1.0,1.0,0.0,71.26,35.63,35.63,0.0,0.0,0,0.0,0.0,92,92
1314,51957,HEDERA CIMED 7MG 100ML,0.84,10,71.26,1.0,1.0,0.0,71.26,35.63,35.63,0.0,0.0,0,0.0,0.0,92,92
1314,51957,HEDERA CIMED 7MG 100ML,0.84,14,71.26,1.0,1.0,0.0,71.26,35.63,35.63,0.0,0.0,0,0.0,0.0,92,92
1314,51957,HEDERA CIMED 7MG 100ML,1.04,5,71.26,1.0,1.0,0.0,71.26,35.63,35.63,0.0,0.0,0,0.0,0.0,92,92
1314,51957,HEDERA CIMED 7MG 100ML,1.04,7,71.26,1.0,1.0,0.0,71.26,35.63,35.63,0.0,0.0,0,0.0,0.0,92,92
1314,51957,HEDERA CIMED 7MG 100ML,1.04,10,71.26,1.0,1.0,0.0,71.26,35.63,35.63,0.0,0.0,0,0.0,0.0,92,92
1314,51957,HEDERA CIMED 7MG 100ML,1.04,14,71.26,1.0,1.0,0.0,71.26,35.63,35.63,0.0,0.0,0,0.0,0.0,92,92
1314,51957,HEDERA CIMED 7MG 100ML,1.28,5,71.26,1.0,1.0,0.0,71.26,35.63,35.63,0.0,0.0,0,0.0,0.0,92,92
1314,51957,HEDERA CIMED 7MG 100ML,1.28,7,71.26,1.0,1.0,0.0,71.26,35.63,35.63,0.0,0.0,0,0.0,0.0,92,92
1314,51957,HEDERA CIMED 7MG 100ML,1.28,10,71.26,1.0,1.0,0.0,71.26,35.63,35.63,0.0,0.0,0,0.0,0.0,92,92
1314,51957,HEDERA CIMED 7MG 100ML,1.28,14,71.26,1.0,1.0,0.0,71.26,35.63,35.63,0.0,0.0,0,0.0,0.0,92,92
1314,51957,HEDERA CIMED 7MG 100ML,1.65,5,71.26,1.0,1.0,0.0,71.26,35.63,35.63,0.0,0.0,0,0.0,0.0,92,92
1314,51957,HEDERA CIMED 7MG 100ML,1.65,7,71.26,1.0,1.0,0.0,71.26,35.63,35.63,0.0,0.0,0,0.0,0.0,92,92
1314,51957,HEDERA CIMED 7MG 100ML,1.65,10,71.26,1.0,1.0,0.0,71.26,35.63,35.63,0.0,0.0,0,0.0,0.0,92,92
1314,51957,HEDERA CIMED 7MG 100ML,1.65,14,71.26,1.0,1.0,0.0,71.26,35.63,35.63,0.0,0.0,0,0.0,0.0,92,92
1314,51957,HEDERA CIMED 7MG 100ML,2.05,5,71.26,1.0,1.0,0.0,71.26,35.63,35.63,0.0,0.0,0,0.0,0.0,92,92
1314,51957,HEDERA CIMED 7MG 100ML,2.05,7,71.26,1.0,1.0,0.0,71.26,35.63,35.63,0.0,0.0,0,0.0,0.0,92,92
1314,51957,HEDERA CIMED 7MG 100ML,2.05,10,71.26,1.0,1.0,0.0,71.26,35.63,35.63,0.0,0.0,0,0.0,0.0,92,92
1314,51957,HEDERA CIMED 7MG 100ML,2.05,14,71.26,1.0,1.0,0.0,71.26,35.63,35.63,0.0,0.0,0,0.0,0.0,92,92
1314,51957,HEDERA CIMED 7MG 100ML,2.33,5,71.26,1.0,1.0,0.0,71.26,35.63,35.63,0.0,0.0,0,0.0,0.0,92,92
1314,51957,HEDERA CIMED 7MG 100ML,2.33,7,71.26,1.0,1.0,0.0,71.26,35.63,35.63,0.0,0.0,0,0.0,0.0,92,92
1314,51957,HEDERA CIMED 7MG 100ML,2.33,10,71.26,1.0,1.0,0.0,71.26,35.63,35.63,0.0,0.0,0,0.0,0.0,92,92
1314,51957,HEDERA CIMED 7MG 100ML,2.33,14,71.26,1.0,1.0,0.0,71.26,35.63,35.63,0.0,0.0,0,0.0,0.0,92,92
1314,51957,HEDERA CIMED 7MG 100ML,2.58,5,71.26,1.0,1.0,0.0,71.26,35.63,35.63,0.0,0.0,0,0.0,0.0,92,92
1314,51957,HEDERA CIMED 7MG 100ML,2.58,7,71.26,1.0,1.0,0.0,71.26,35.63,35.63,0.0,0.0,0,0.0,0.0,92,92
1314,51957,HEDERA CIMED 7MG 100ML,2.58,10,71.26,1.0,1.0,0.0,71.26,35.63,35.63,0.0,0.0,0,0.0,0.0,92,92
1314,51957,HEDERA CIMED 7MG 100ML,2.58,14,71.26,1.0,1.0,0.0,71.26,35.63,35.63,0.0,0.0,0,0.0,0.0,92,92
1314,5345,NARIDRIN ADULTO 15ML,2.05,5,106.0931,0.978261,1.0,-0.021739,104.927,160.6866,-55.7596,107.28,1.0,12,32.1363,25.0,92,92
1314,5345,NARIDRIN ADULTO 15ML,2.33,5,106.0931,0.978261,1.0,-0.021739,104.927,160.6866,-55.7596,107.28,1.0,12,32.1363,25.0,92,92
1314,5345,NARIDRIN ADULTO 15ML,2.58,5,106.0931,0.978261,1.0,-0.021739,104.927,160.6866,-55.7596,107.28,1.0,12,32.1363,25.0,92,92
1314,5345,NARIDRIN ADULTO 15ML,2.05,10,122.2291,1.0,1.0,0.0,121.6461,160.6866,-39.0405,53.64,0.0,6,32.1363,25.0,92,92
1314,5345,NARIDRIN ADULTO 15ML,2.33,10,122.2291,1.0,1.0,0.0,121.6461,160.6866,-39.0405,53.64,0.0,6,32.1363,25.0,92,92
1314,5345,NARIDRIN ADULTO 15ML,2.58,10,122.2291,1.0,1.0,0.0,121.6461,160.6866,-39.0405,53.64,0.0,6,32.1363,25.0,92,92
1314,5345,NARIDRIN ADULTO 15ML,1.65,10,2713.5491,0.967391,1.0,-0.032609,103.9661,160.6866,-56.7205,53.64,0.0,6,32.1363,25.0,92,92
1314,5345,NARIDRIN ADULTO 15ML,2.05,7,2719.8931,0.967391,1.0,-0.032609,110.1157,160.6866,-50.5709,71.52,0.0,8,32.1363,25.0,92,92
1314,5345,NARIDRIN ADULTO 15ML,2.33,7,2719.8931,0.967391,1.0,-0.032609,110.1157,160.6866,-50.5709,71.52,0.0,8,32.1363,25.0,92,92
1314,5345,NARIDRIN ADULTO 15ML,2.58,7,2719.8931,0.967391,1.0,-0.032609,110.1157,160.6866,-50.5709,71.52,0.0,8,32.1363,25.0,92,92
1314,5345,NARIDRIN ADULTO 15ML,2.05,14,2747.1774,0.967391,1.0,-0.032609,137.7887,160.6866,-22.8979,35.76,0.0,4,32.1363,25.0,92,92
1314,5345,NARIDRIN ADULTO 15ML,2.33,14,2747.1774,0.967391,1.0,-0.032609,137.7887,160.6866,-22.8979,35.76,0.0,4,32.1363,25.0,92,92
1314,5345,NARIDRIN ADULTO 15ML,2.58,14,2747.1774,0.967391,1.0,-0.032609,137.7887,160.6866,-22.8979,35.76,0.0,4,32.1363,25.0,92,92
1314,5345,NARIDRIN ADULTO 15ML,0.84,10,13566.983,0.956522,1.0,-0.043478,88.4,160.6866,-72.2866,53.64,1.0,6,32.1363,25.0,92,92
1314,5345,NARIDRIN ADULTO 15ML,1.04,10,13566.983,0.956522,1.0,-0.043478,88.4,160.6866,-72.2866,53.64,1.0,6,32.1363,25.0,92,92
1314,5345,NARIDRIN ADULTO 15ML,1.28,10,13566.983,0.956522,1.0,-0.043478,88.4,160.6866,-72.2866,53.64,1.0,6,32.1363,25.0,92,92
1314,5345,NARIDRIN ADULTO 15ML,1.65,7,13572.7504,0.956522,1.0,-0.043478,93.973,160.6866,-66.7135,71.52,1.0,8,32.1363,25.0,92,92
1314,5345,NARIDRIN ADULTO 15ML,1.65,14,13584.4687,0.956522,1.0,-0.043478,106.08,160.6866,-54.6066,35.76,1.0,4,32.1363,25.0,92,92
1314,5345,NARIDRIN ADULTO 15ML,0.84,7,24430.1619,0.945652,1.0,-0.054348,81.4817,160.6866,-79.2048,62.58,2.0,7,32.1363,25.0,92,92
1314,5345,NARIDRIN ADULTO 15ML,1.04,7,24430.1619,0.945652,1.0,-0.054348,81.4817,160.6866,-79.2048,62.58,2.0,7,32.1363,25.0,92,92
1314,5345,NARIDRIN ADULTO 15ML,1.28,7,24430.1619,0.945652,1.0,-0.054348,81.4817,160.6866,-79.2048,62.58,2.0,7,32.1363,25.0,92,92
1314,5345,NARIDRIN ADULTO 15ML,1.65,5,35306.3739,0.934783,1.0,-0.065217,88.2078,160.6866,-72.4788,107.28,2.0,12,32.1363,25.0,92,92
1314,5345,NARIDRIN ADULTO 15ML,0.84,5,57032.248,0.913043,1.0,-0.086957,74.1791,160.6866,-86.5075,98.34,3.0,11,32.1363,25.0,92,92
1314,5345,NARIDRIN ADULTO 15ML,1.04,5,57032.248,0.913043,1.0,-0.086957,74.1791,160.6866,-86.5075,98.34,3.0,11,32.1363,25.0,92,92
1314,5345,NARIDRIN ADULTO 15ML,1.28,5,57032.248,0.913043,1.0,-0.086957,74.1791,160.6866,-86.5075,98.34,3.0,11,32.1363,25.0,92,92
1314,5345,NARIDRIN ADULTO 15ML,0.84,14,67921.5148,0.902174,1.0,-0.097826,95.1261,160.6866,-65.5605,35.76,2.0,4,32.1363,25.0,92,92
1314,5345,NARIDRIN ADULTO 15ML,1.04,14,67921.5148,0.902174,1.0,-0.097826,95.1261,160.6866,-65.5605,35.76,2.0,4,32.1363,25.0,92,92
1314,5345,NARIDRIN ADULTO 15ML,1.28,14,67921.5148,0.902174,1.0,-0.097826,95.1261,160.6866,-65.5605,35.76,2.0,4,32.1363,25.0,92,92
1314,54554,ALOFF XPE 60ML,0.84,5,66.08,1.0,1.0,0.0,66.08,,,0.0,0.0,0,0.0,0.0,92,92
1314,54554,ALOFF XPE 60ML,0.84,7,66.08,1.0,1.0,0.0,66.08,,,0.0,0.0,0,0.0,0.0,92,92
1314,54554,ALOFF XPE 60ML,0.84,10,66.08,1.0,1.0,0.0,66.08,,,0.0,0.0,0,0.0,0.0,92,92
1314,54554,ALOFF XPE 60ML,0.84,14,66.08,1.0,1.0,0.0,66.08,,,0.0,0.0,0,0.0,0.0,92,92
1314,54554,ALOFF XPE 60ML,1.04,5,66.08,1.0,1.0,0.0,66.08,,,0.0,0.0,0,0.0,0.0,92,92
1314,54554,ALOFF XPE 60ML,1.04,7,66.08,1.0,1.0,0.0,66.08,,,0.0,0.0,0,0.0,0.0,92,92
1314,54554,ALOFF XPE 60ML,1.04,10,66.08,1.0,1.0,0.0,66.08,,,0.0,0.0,0,0.0,0.0,92,92
1314,54554,ALOFF XPE 60ML,1.04,14,66.08,1.0,1.0,0.0,66.08,,,0.0,0.0,0,0.0,0.0,92,92
1314,54554,ALOFF XPE 60ML,1.28,5,66.08,1.0,1.0,0.0,66.08,,,0.0,0.0,0,0.0,0.0,92,92
1314,54554,ALOFF XPE 60ML,1.28,7,66.08,1.0,1.0,0.0,66.08,,,0.0,0.0,0,0.0,0.0,92,92
1314,54554,ALOFF XPE 60ML,1.28,10,66.08,1.0,1.0,0.0,66.08,,,0.0,0.0,0,0.0,0.0,92,92
1314,54554,ALOFF XPE 60ML,1.28,14,66.08,1.0,1.0,0.0,66.08,,,0.0,0.0,0,0.0,0.0,92,92
1314,54554,ALOFF XPE 60ML,1.65,5,66.08,1.0,1.0,0.0,66.08,,,0.0,0.0,0,0.0,0.0,92,92
1314,54554,ALOFF XPE 60ML,1.65,7,66.08,1.0,1.0,0.0,66.08,,,0.0,0.0,0,0.0,0.0,92,92
1314,54554,ALOFF XPE 60ML,1.65,10,66.08,1.0,1.0,0.0,66.08,,,0.0,0.0,0,0.0,0.0,92,92
1314,54554,ALOFF XPE 60ML,1.65,14,66.08,1.0,1.0,0.0,66.08,,,0.0,0.0,0,0.0,0.0,92,92
1314,54554,ALOFF XPE 60ML,2.05,5,66.08,1.0,1.0,0.0,66.08,,,0.0,0.0,0,0.0,0.0,92,92
1314,54554,ALOFF XPE 60ML,2.05,7,66.08,1.0,1.0,0.0,66.08,,,0.0,0.0,0,0.0,0.0,92,92
1314,54554,ALOFF XPE 60ML,2.05,10,66.08,1.0,1.0,0.0,66.08,,,0.0,0.0,0,0.0,0.0,92,92
1314,54554,ALOFF XPE 60ML,2.05,14,66.08,1.0,1.0,0.0,66.08,,,0.0,0.0,0,0.0,0.0,92,92
1314,54554,ALOFF XPE 60ML,2.33,5,66.08,1.0,1.0,0.0,66.08,,,0.0,0.0,0,0.0,0.0,92,92
1314,54554,ALOFF XPE 60ML,2.33,7,66.08,1.0,1.0,0.0,66.08,,,0.0,0.0,0,0.0,0.0,92,92
1314,54554,ALOFF XPE 60ML,2.33,10,66.08,1.0,1.0,0.0,66.08,,,0.0,0.0,0,0.0,0.0,92,92
1314,54554,ALOFF XPE 60ML,2.33,14,66.08,1.0,1.0,0.0,66.08,,,0.0,0.0,0,0.0,0.0,92,92
1314,54554,ALOFF XPE 60ML,2.58,5,66.08,1.0,1.0,0.0,66.08,,,0.0,0.0,0,0.0,0.0,92,92
1314,54554,ALOFF XPE 60ML,2.58,7,66.08,1.0,1.0,0.0,66.08,,,0.0,0.0,0,0.0,0.0,92,92
1314,54554,ALOFF XPE 60ML,2.58,10,66.08,1.0,1.0,0.0,66.08,,,0.0,0.0,0,0.0,0.0,92,92
1314,54554,ALOFF XPE 60ML,2.58,14,66.08,1.0,1.0,0.0,66.08,,,0.0,0.0,0,0.0,0.0,92,92
1314,55917,POLARATUSS LIQ 120ML,0.84,5,59.06,1.0,1.0,0.0,59.06,,,0.0,0.0,0,0.0,0.0,92,92
1314,55917,POLARATUSS LIQ 120ML,0.84,7,59.06,1.0,1.0,0.0,59.06,,,0.0,0.0,0,0.0,0.0,92,92
1314,55917,POLARATUSS LIQ 120ML,0.84,10,59.06,1.0,1.0,0.0,59.06,,,0.0,0.0,0,0.0,0.0,92,92
1314,55917,POLARATUSS LIQ 120ML,0.84,14,59.06,1.0,1.0,0.0,59.06,,,0.0,0.0,0,0.0,0.0,92,92
1314,55917,POLARATUSS LIQ 120ML,1.04,5,59.06,1.0,1.0,0.0,59.06,,,0.0,0.0,0,0.0,0.0,92,92
1314,55917,POLARATUSS LIQ 120ML,1.04,7,59.06,1.0,1.0,0.0,59.06,,,0.0,0.0,0,0.0,0.0,92,92
1314,55917,POLARATUSS LIQ 120ML,1.04,10,59.06,1.0,1.0,0.0,59.06,,,0.0,0.0,0,0.0,0.0,92,92
1314,55917,POLARATUSS LIQ 120ML,1.04,14,59.06,1.0,1.0,0.0,59.06,,,0.0,0.0,0,0.0,0.0,92,92
1314,55917,POLARATUSS LIQ 120ML,1.28,5,59.06,1.0,1.0,0.0,59.06,,,0.0,0.0,0,0.0,0.0,92,92
1314,55917,POLARATUSS LIQ 120ML,1.28,7,59.06,1.0,1.0,0.0,59.06,,,0.0,0.0,0,0.0,0.0,92,92
1314,55917,POLARATUSS LIQ 120ML,1.28,10,59.06,1.0,1.0,0.0,59.06,,,0.0,0.0,0,0.0,0.0,92,92
1314,55917,POLARATUSS LIQ 120ML,1.28,14,59.06,1.0,1.0,0.0,59.06,,,0.0,0.0,0,0.0,0.0,92,92
1314,55917,POLARATUSS LIQ 120ML,1.65,5,59.06,1.0,1.0,0.0,59.06,,,0.0,0.0,0,0.0,0.0,92,92
1314,55917,POLARATUSS LIQ 120ML,1.65,7,59.06,1.0,1.0,0.0,59.06,,,0.0,0.0,0,0.0,0.0,92,92
1314,55917,POLARATUSS LIQ 120ML,1.65,10,59.06,1.0,1.0,0.0,59.06,,,0.0,0.0,0,0.0,0.0,92,92
1314,55917,POLARATUSS LIQ 120ML,1.65,14,59.06,1.0,1.0,0.0,59.06,,,0.0,0.0,0,0.0,0.0,92,92
1314,55917,POLARATUSS LIQ 120ML,2.05,5,59.06,1.0,1.0,0.0,59.06,,,0.0,0.0,0,0.0,0.0,92,92
1314,55917,POLARATUSS LIQ 120ML,2.05,7,59.06,1.0,1.0,0.0,59.06,,,0.0,0.0,0,0.0,0.0,92,92
1314,55917,POLARATUSS LIQ 120ML,2.05,10,59.06,1.0,1.0,0.0,59.06,,,0.0,0.0,0,0.0,0.0,92,92
1314,55917,POLARATUSS LIQ 120ML,2.05,14,59.06,1.0,1.0,0.0,59.06,,,0.0,0.0,0,0.0,0.0,92,92
1314,55917,POLARATUSS LIQ 120ML,2.33,5,59.06,1.0,1.0,0.0,59.06,,,0.0,0.0,0,0.0,0.0,92,92
1314,55917,POLARATUSS LIQ 120ML,2.33,7,59.06,1.0,1.0,0.0,59.06,,,0.0,0.0,0,0.0,0.0,92,92
1314,55917,POLARATUSS LIQ 120ML,2.33,10,59.06,1.0,1.0,0.0,59.06,,,0.0,0.0,0,0.0,0.0,92,92
1314,55917,POLARATUSS LIQ 120ML,2.33,14,59.06,1.0,1.0,0.0,59.06,,,0.0,0.0,0,0.0,0.0,92,92
1314,55917,POLARATUSS LIQ 120ML,2.58,5,59.06,1.0,1.0,0.0,59.06,,,0.0,0.0,0,0.0,0.0,92,92
1314,55917,POLARATUSS LIQ 120ML,2.58,7,59.06,1.0,1.0,0.0,59.06,,,0.0,0.0,0,0.0,0.0,92,92
1314,55917,POLARATUSS LIQ 120ML,2.58,10,59.06,1.0,1.0,0.0,59.06,,,0.0,0.0,0,0.0,0.0,92,92
1314,55917,POLARATUSS LIQ 120ML,2.58,14,59.06,1.0,1.0,0.0,59.06,,,0.0,0.0,0,0.0,0.0,92,92
1314,57814,OSELTAMIVIR 75MG CAPS/10 GN-NATCOF,0.84,5,324.3483,1.0,1.0,0.0,321.1722,331.723,-10.5509,292.2,0.0,2,1.3455,2.0,92,92
1314,57814,OSELTAMIVIR 75MG CAPS/10 GN-NATCOF,0.84,7,324.3483,1.0,1.0,0.0,321.1722,331.723,-10.5509,292.2,0.0,2,1.3455,2.0,92,92
1314,57814,OSELTAMIVIR 75MG CAPS/10 GN-NATCOF,0.84,10,324.3483,1.0,1.0,0.0,321.1722,331.723,-10.5509,292.2,0.0,2,1.3455,2.0,92,92
1314,57814,OSELTAMIVIR 75MG CAPS/10 GN-NATCOF,0.84,14,324.3483,1.0,1.0,0.0,321.1722,331.723,-10.5509,292.2,0.0,2,1.3455,2.0,92,92
1314,57814,OSELTAMIVIR 75MG CAPS/10 GN-NATCOF,1.04,5,324.3483,1.0,1.0,0.0,321.1722,331.723,-10.5509,292.2,0.0,2,1.3455,2.0,92,92
1314,57814,OSELTAMIVIR 75MG CAPS/10 GN-NATCOF,1.04,7,324.3483,1.0,1.0,0.0,321.1722,331.723,-10.5509,292.2,0.0,2,1.3455,2.0,92,92
1314,57814,OSELTAMIVIR 75MG CAPS/10 GN-NATCOF,1.04,10,324.3483,1.0,1.0,0.0,321.1722,331.723,-10.5509,292.2,0.0,2,1.3455,2.0,92,92
1314,57814,OSELTAMIVIR 75MG CAPS/10 GN-NATCOF,1.04,14,324.3483,1.0,1.0,0.0,321.1722,331.723,-10.5509,292.2,0.0,2,1.3455,2.0,92,92
1314,57814,OSELTAMIVIR 75MG CAPS/10 GN-NATCOF,1.28,5,324.3483,1.0,1.0,0.0,321.1722,331.723,-10.5509,292.2,0.0,2,1.3455,2.0,92,92
1314,57814,OSELTAMIVIR 75MG CAPS/10 GN-NATCOF,1.28,7,324.3483,1.0,1.0,0.0,321.1722,331.723,-10.5509,292.2,0.0,2,1.3455,2.0,92,92
1314,57814,OSELTAMIVIR 75MG CAPS/10 GN-NATCOF,1.28,10,324.3483,1.0,1.0,0.0,321.1722,331.723,-10.5509,292.2,0.0,2,1.3455,2.0,92,92
1314,57814,OSELTAMIVIR 75MG CAPS/10 GN-NATCOF,1.28,14,324.3483,1.0,1.0,0.0,321.1722,331.723,-10.5509,292.2,0.0,2,1.3455,2.0,92,92
1314,57814,OSELTAMIVIR 75MG CAPS/10 GN-NATCOF,1.65,5,324.3483,1.0,1.0,0.0,321.1722,331.723,-10.5509,292.2,0.0,2,1.3455,2.0,92,92
1314,57814,OSELTAMIVIR 75MG CAPS/10 GN-NATCOF,1.65,7,324.3483,1.0,1.0,0.0,321.1722,331.723,-10.5509,292.2,0.0,2,1.3455,2.0,92,92
1314,57814,OSELTAMIVIR 75MG CAPS/10 GN-NATCOF,1.65,10,324.3483,1.0,1.0,0.0,321.1722,331.723,-10.5509,292.2,0.0,2,1.3455,2.0,92,92
1314,57814,OSELTAMIVIR 75MG CAPS/10 GN-NATCOF,1.65,14,324.3483,1.0,1.0,0.0,321.1722,331.723,-10.5509,292.2,0.0,2,1.3455,2.0,92,92
1314,57814,OSELTAMIVIR 75MG CAPS/10 GN-NATCOF,2.05,5,500.2283,1.0,1.0,0.0,497.0522,331.723,165.3291,292.2,0.0,2,1.3455,2.0,92,92
1314,57814,OSELTAMIVIR 75MG CAPS/10 GN-NATCOF,2.05,7,500.2283,1.0,1.0,0.0,497.0522,331.723,165.3291,292.2,0.0,2,1.3455,2.0,92,92
1314,57814,OSELTAMIVIR 75MG CAPS/10 GN-NATCOF,2.05,10,500.2283,1.0,1.0,0.0,497.0522,331.723,165.3291,292.2,0.0,2,1.3455,2.0,92,92
1314,57814,OSELTAMIVIR 75MG CAPS/10 GN-NATCOF,2.05,14,500.2283,1.0,1.0,0.0,497.0522,331.723,165.3291,292.2,0.0,2,1.3455,2.0,92,92
1314,57814,OSELTAMIVIR 75MG CAPS/10 GN-NATCOF,2.33,5,500.2283,1.0,1.0,0.0,497.0522,331.723,165.3291,292.2,0.0,2,1.3455,2.0,92,92
1314,57814,OSELTAMIVIR 75MG CAPS/10 GN-NATCOF,2.33,7,500.2283,1.0,1.0,0.0,497.0522,331.723,165.3291,292.2,0.0,2,1.3455,2.0,92,92
1314,57814,OSELTAMIVIR 75MG CAPS/10 GN-NATCOF,2.33,10,500.2283,1.0,1.0,0.0,497.0522,331.723,165.3291,292.2,0.0,2,1.3455,2.0,92,92
1314,57814,OSELTAMIVIR 75MG CAPS/10 GN-NATCOF,2.33,14,500.2283,1.0,1.0,0.0,497.0522,331.723,165.3291,292.2,0.0,2,1.3455,2.0,92,92
1314,57814,OSELTAMIVIR 75MG CAPS/10 GN-NATCOF,2.58,5,500.2283,1.0,1.0,0.0,497.0522,331.723,165.3291,292.2,0.0,2,1.3455,2.0,92,92
1314,57814,OSELTAMIVIR 75MG CAPS/10 GN-NATCOF,2.58,7,500.2283,1.0,1.0,0.0,497.0522,331.723,165.3291,292.2,0.0,2,1.3455,2.0,92,92
1314,57814,OSELTAMIVIR 75MG CAPS/10 GN-NATCOF,2.58,10,500.2283,1.0,1.0,0.0,497.0522,331.723,165.3291,292.2,0.0,2,1.3455,2.0,92,92
1314,57814,OSELTAMIVIR 75MG CAPS/10 GN-NATCOF,2.58,14,500.2283,1.0,1.0,0.0,497.0522,331.723,165.3291,292.2,0.0,2,1.3455,2.0,92,92
1314,57816,OSELTAMIVIR 30MG CAPS/10 GN-NATCOF,0.84,5,35349.1797,0.934783,0.956522,-0.021739,131.5239,133.5759,-2.052,60.33,1.0,1,0.5141,3.0,92,92
1314,57816,OSELTAMIVIR 30MG CAPS/10 GN-NATCOF,0.84,7,35349.1797,0.934783,0.956522,-0.021739,131.5239,133.5759,-2.052,60.33,1.0,1,0.5141,3.0,92,92
1314,57816,OSELTAMIVIR 30MG CAPS/10 GN-NATCOF,0.84,10,35349.1797,0.934783,0.956522,-0.021739,131.5239,133.5759,-2.052,60.33,1.0,1,0.5141,3.0,92,92
1314,57816,OSELTAMIVIR 30MG CAPS/10 GN-NATCOF,0.84,14,35349.1797,0.934783,0.956522,-0.021739,131.5239,133.5759,-2.052,60.33,1.0,1,0.5141,3.0,92,92
1314,57816,OSELTAMIVIR 30MG CAPS/10 GN-NATCOF,1.04,5,35349.1797,0.934783,0.956522,-0.021739,131.5239,133.5759,-2.052,60.33,1.0,1,0.5141,3.0,92,92
1314,57816,OSELTAMIVIR 30MG CAPS/10 GN-NATCOF,1.04,7,35349.1797,0.934783,0.956522,-0.021739,131.5239,133.5759,-2.052,60.33,1.0,1,0.5141,3.0,92,92
1314,57816,OSELTAMIVIR 30MG CAPS/10 GN-NATCOF,1.04,10,35349.1797,0.934783,0.956522,-0.021739,131.5239,133.5759,-2.052,60.33,1.0,1,0.5141,3.0,92,92
1314,57816,OSELTAMIVIR 30MG CAPS/10 GN-NATCOF,1.04,14,35349.1797,0.934783,0.956522,-0.021739,131.5239,133.5759,-2.052,60.33,1.0,1,0.5141,3.0,92,92
1314,57816,OSELTAMIVIR 30MG CAPS/10 GN-NATCOF,1.28,5,35349.1797,0.934783,0.956522,-0.021739,131.5239,133.5759,-2.052,60.33,1.0,1,0.5141,3.0,92,92
1314,57816,OSELTAMIVIR 30MG CAPS/10 GN-NATCOF,1.28,7,35349.1797,0.934783,0.956522,-0.021739,131.5239,133.5759,-2.052,60.33,1.0,1,0.5141,3.0,92,92
1314,57816,OSELTAMIVIR 30MG CAPS/10 GN-NATCOF,1.28,10,35349.1797,0.934783,0.956522,-0.021739,131.5239,133.5759,-2.052,60.33,1.0,1,0.5141,3.0,92,92
1314,57816,OSELTAMIVIR 30MG CAPS/10 GN-NATCOF,1.28,14,35349.1797,0.934783,0.956522,-0.021739,131.5239,133.5759,-2.052,60.33,1.0,1,0.5141,3.0,92,92
1314,57816,OSELTAMIVIR 30MG CAPS/10 GN-NATCOF,1.65,5,35349.1797,0.934783,0.956522,-0.021739,131.5239,133.5759,-2.052,60.33,1.0,1,0.5141,3.0,92,92
1314,57816,OSELTAMIVIR 30MG CAPS/10 GN-NATCOF,1.65,7,35349.1797,0.934783,0.956522,-0.021739,131.5239,133.5759,-2.052,60.33,1.0,1,0.5141,3.0,92,92
1314,57816,OSELTAMIVIR 30MG CAPS/10 GN-NATCOF,1.65,10,35349.1797,0.934783,0.956522,-0.021739,131.5239,133.5759,-2.052,60.33,1.0,1,0.5141,3.0,92,92
1314,57816,OSELTAMIVIR 30MG CAPS/10 GN-NATCOF,1.65,14,35349.1797,0.934783,0.956522,-0.021739,131.5239,133.5759,-2.052,60.33,1.0,1,0.5141,3.0,92,92
1314,57816,OSELTAMIVIR 30MG CAPS/10 GN-NATCOF,2.05,5,35349.1797,0.934783,0.956522,-0.021739,131.5239,133.5759,-2.052,60.33,1.0,1,0.5141,3.0,92,92
1314,57816,OSELTAMIVIR 30MG CAPS/10 GN-NATCOF,2.05,7,35349.1797,0.934783,0.956522,-0.021739,131.5239,133.5759,-2.052,60.33,1.0,1,0.5141,3.0,92,92
1314,57816,OSELTAMIVIR 30MG CAPS/10 GN-NATCOF,2.05,10,35349.1797,0.934783,0.956522,-0.021739,131.5239,133.5759,-2.052,60.33,1.0,1,0.5141,3.0,92,92
1314,57816,OSELTAMIVIR 30MG CAPS/10 GN-NATCOF,2.05,14,35349.1797,0.934783,0.956522,-0.021739,131.5239,133.5759,-2.052,60.33,1.0,1,0.5141,3.0,92,92
1314,57816,OSELTAMIVIR 30MG CAPS/10 GN-NATCOF,2.33,5,35349.1797,0.934783,0.956522,-0.021739,131.5239,133.5759,-2.052,60.33,1.0,1,0.5141,3.0,92,92
1314,57816,OSELTAMIVIR 30MG CAPS/10 GN-NATCOF,2.33,7,35349.1797,0.934783,0.956522,-0.021739,131.5239,133.5759,-2.052,60.33,1.0,1,0.5141,3.0,92,92
1314,57816,OSELTAMIVIR 30MG CAPS/10 GN-NATCOF,2.33,10,35349.1797,0.934783,0.956522,-0.021739,131.5239,133.5759,-2.052,60.33,1.0,1,0.5141,3.0,92,92
1314,57816,OSELTAMIVIR 30MG CAPS/10 GN-NATCOF,2.33,14,35349.1797,0.934783,0.956522,-0.021739,131.5239,133.5759,-2.052,60.33,1.0,1,0.5141,3.0,92,92
1314,57816,OSELTAMIVIR 30MG CAPS/10 GN-NATCOF,2.58,5,35349.1797,0.934783,0.956522,-0.021739,131.5239,133.5759,-2.052,60.33,1.0,1,0.5141,3.0,92,92
1314,57816,OSELTAMIVIR 30MG CAPS/10 GN-NATCOF,2.58,7,35349.1797,0.934783,0.956522,-0.021739,131.5239,133.5759,-2.052,60.33,1.0,1,0.5141,3.0,92,92
1314,57816,OSELTAMIVIR 30MG CAPS/10 GN-NATCOF,2.58,10,35349.1797,0.934783,0.956522,-0.021739,131.5239,133.5759,-2.052,60.33,1.0,1,0.5141,3.0,92,92
1314,57816,OSELTAMIVIR 30MG CAPS/10 GN-NATCOF,2.58,14,35349.1797,0.934783,0.956522,-0.021739,131.5239,133.5759,-2.052,60.33,1.0,1,0.5141,3.0,92,92
1314,57817,OSELTAMIVIR 45MG CAPS/10 GN-NATCOF,0.84,5,211.06,1.0,1.0,0.0,211.06,211.06,0.0,0.0,0.0,0,0.0,0.0,92,92
1314,57817,OSELTAMIVIR 45MG CAPS/10 GN-NATCOF,0.84,7,211.06,1.0,1.0,0.0,211.06,211.06,0.0,0.0,0.0,0,0.0,0.0,92,92
1314,57817,OSELTAMIVIR 45MG CAPS/10 GN-NATCOF,0.84,10,211.06,1.0,1.0,0.0,211.06,211.06,0.0,0.0,0.0,0,0.0,0.0,92,92
1314,57817,OSELTAMIVIR 45MG CAPS/10 GN-NATCOF,0.84,14,211.06,1.0,1.0,0.0,211.06,211.06,0.0,0.0,0.0,0,0.0,0.0,92,92
1314,57817,OSELTAMIVIR 45MG CAPS/10 GN-NATCOF,1.04,5,211.06,1.0,1.0,0.0,211.06,211.06,0.0,0.0,0.0,0,0.0,0.0,92,92
1314,57817,OSELTAMIVIR 45MG CAPS/10 GN-NATCOF,1.04,7,211.06,1.0,1.0,0.0,211.06,211.06,0.0,0.0,0.0,0,0.0,0.0,92,92
1314,57817,OSELTAMIVIR 45MG CAPS/10 GN-NATCOF,1.04,10,211.06,1.0,1.0,0.0,211.06,211.06,0.0,0.0,0.0,0,0.0,0.0,92,92
1314,57817,OSELTAMIVIR 45MG CAPS/10 GN-NATCOF,1.04,14,211.06,1.0,1.0,0.0,211.06,211.06,0.0,0.0,0.0,0,0.0,0.0,92,92
1314,57817,OSELTAMIVIR 45MG CAPS/10 GN-NATCOF,1.28,5,211.06,1.0,1.0,0.0,211.06,211.06,0.0,0.0,0.0,0,0.0,0.0,92,92
1314,57817,OSELTAMIVIR 45MG CAPS/10 GN-NATCOF,1.28,7,211.06,1.0,1.0,0.0,211.06,211.06,0.0,0.0,0.0,0,0.0,0.0,92,92
1314,57817,OSELTAMIVIR 45MG CAPS/10 GN-NATCOF,1.28,10,211.06,1.0,1.0,0.0,211.06,211.06,0.0,0.0,0.0,0,0.0,0.0,92,92
1314,57817,OSELTAMIVIR 45MG CAPS/10 GN-NATCOF,1.28,14,211.06,1.0,1.0,0.0,211.06,211.06,0.0,0.0,0.0,0,0.0,0.0,92,92
1314,57817,OSELTAMIVIR 45MG CAPS/10 GN-NATCOF,1.65,5,211.06,1.0,1.0,0.0,211.06,211.06,0.0,0.0,0.0,0,0.0,0.0,92,92
1314,57817,OSELTAMIVIR 45MG CAPS/10 GN-NATCOF,1.65,7,211.06,1.0,1.0,0.0,211.06,211.06,0.0,0.0,0.0,0,0.0,0.0,92,92
1314,57817,OSELTAMIVIR 45MG CAPS/10 GN-NATCOF,1.65,10,211.06,1.0,1.0,0.0,211.06,211.06,0.0,0.0,0.0,0,0.0,0.0,92,92
1314,57817,OSELTAMIVIR 45MG CAPS/10 GN-NATCOF,1.65,14,211.06,1.0,1.0,0.0,211.06,211.06,0.0,0.0,0.0,0,0.0,0.0,92,92
1314,57817,OSELTAMIVIR 45MG CAPS/10 GN-NATCOF,2.05,5,211.06,1.0,1.0,0.0,211.06,211.06,0.0,0.0,0.0,0,0.0,0.0,92,92
1314,57817,OSELTAMIVIR 45MG CAPS/10 GN-NATCOF,2.05,7,211.06,1.0,1.0,0.0,211.06,211.06,0.0,0.0,0.0,0,0.0,0.0,92,92
1314,57817,OSELTAMIVIR 45MG CAPS/10 GN-NATCOF,2.05,10,211.06,1.0,1.0,0.0,211.06,211.06,0.0,0.0,0.0,0,0.0,0.0,92,92
1314,57817,OSELTAMIVIR 45MG CAPS/10 GN-NATCOF,2.05,14,211.06,1.0,1.0,0.0,211.06,211.06,0.0,0.0,0.0,0,0.0,0.0,92,92
1314,57817,OSELTAMIVIR 45MG CAPS/10 GN-NATCOF,2.33,5,211.06,1.0,1.0,0.0,211.06,211.06,0.0,0.0,0.0,0,0.0,0.0,92,92
1314,57817,OSELTAMIVIR 45MG CAPS/10 GN-NATCOF,2.33,7,211.06,1.0,1.0,0.0,211.06,211.06,0.0,0.0,0.0,0,0.0,0.0,92,92
1314,57817,OSELTAMIVIR 45MG CAPS/10 GN-NATCOF,2.33,10,211.06,1.0,1.0,0.0,211.06,211.06,0.0,0.0,0.0,0,0.0,0.0,92,92
1314,57817,OSELTAMIVIR 45MG CAPS/10 GN-NATCOF,2.33,14,211.06,1.0,1.0,0.0,211.06,211.06,0.0,0.0,0.0,0,0.0,0.0,92,92
1314,57817,OSELTAMIVIR 45MG CAPS/10 GN-NATCOF,2.58,5,211.06,1.0,1.0,0.0,211.06,211.06,0.0,0.0,0.0,0,0.0,0.0,92,92
1314,57817,OSELTAMIVIR 45MG CAPS/10 GN-NATCOF,2.58,7,211.06,1.0,1.0,0.0,211.06,211.06,0.0,0.0,0.0,0,0.0,0.0,92,92
1314,57817,OSELTAMIVIR 45MG CAPS/10 GN-NATCOF,2.58,10,211.06,1.0,1.0,0.0,211.06,211.06,0.0,0.0,0.0,0,0.0,0.0,92,92
1314,57817,OSELTAMIVIR 45MG CAPS/10 GN-NATCOF,2.58,14,211.06,1.0,1.0,0.0,211.06,211.06,0.0,0.0,0.0,0,0.0,0.0,92,92
1314,57912,LORATAMED D XPE 60ML,0.84,5,45.294,1.0,1.0,0.0,45.1454,41.3948,3.7506,13.67,0.0,1,1.4677,1.0,92,92
1314,57912,LORATAMED D XPE 60ML,0.84,7,45.294,1.0,1.0,0.0,45.1454,41.3948,3.7506,13.67,0.0,1,1.4677,1.0,92,92
1314,57912,LORATAMED D XPE 60ML,0.84,10,45.294,1.0,1.0,0.0,45.1454,41.3948,3.7506,13.67,0.0,1,1.4677,1.0,92,92
1314,57912,LORATAMED D XPE 60ML,0.84,14,45.294,1.0,1.0,0.0,45.1454,41.3948,3.7506,13.67,0.0,1,1.4677,1.0,92,92
1314,57912,LORATAMED D XPE 60ML,1.04,5,45.294,1.0,1.0,0.0,45.1454,41.3948,3.7506,13.67,0.0,1,1.4677,1.0,92,92
1314,57912,LORATAMED D XPE 60ML,1.04,7,45.294,1.0,1.0,0.0,45.1454,41.3948,3.7506,13.67,0.0,1,1.4677,1.0,92,92
1314,57912,LORATAMED D XPE 60ML,1.04,10,45.294,1.0,1.0,0.0,45.1454,41.3948,3.7506,13.67,0.0,1,1.4677,1.0,92,92
1314,57912,LORATAMED D XPE 60ML,1.04,14,45.294,1.0,1.0,0.0,45.1454,41.3948,3.7506,13.67,0.0,1,1.4677,1.0,92,92
1314,57912,LORATAMED D XPE 60ML,1.28,5,45.294,1.0,1.0,0.0,45.1454,41.3948,3.7506,13.67,0.0,1,1.4677,1.0,92,92
1314,57912,LORATAMED D XPE 60ML,1.28,7,45.294,1.0,1.0,0.0,45.1454,41.3948,3.7506,13.67,0.0,1,1.4677,1.0,92,92
1314,57912,LORATAMED D XPE 60ML,1.28,10,45.294,1.0,1.0,0.0,45.1454,41.3948,3.7506,13.67,0.0,1,1.4677,1.0,92,92
1314,57912,LORATAMED D XPE 60ML,1.28,14,45.294,1.0,1.0,0.0,45.1454,41.3948,3.7506,13.67,0.0,1,1.4677,1.0,92,92
1314,57912,LORATAMED D XPE 60ML,1.65,5,45.294,1.0,1.0,0.0,45.1454,41.3948,3.7506,13.67,0.0,1,1.4677,1.0,92,92
1314,57912,LORATAMED D XPE 60ML,1.65,7,45.294,1.0,1.0,0.0,45.1454,41.3948,3.7506,13.67,0.0,1,1.4677,1.0,92,92
1314,57912,LORATAMED D XPE 60ML,1.65,10,45.294,1.0,1.0,0.0,45.1454,41.3948,3.7506,13.67,0.0,1,1.4677,1.0,92,92
1314,57912,LORATAMED D XPE 60ML,1.65,14,45.294,1.0,1.0,0.0,45.1454,41.3948,3.7506,13.67,0.0,1,1.4677,1.0,92,92
1314,57912,LORATAMED D XPE 60ML,2.05,5,69.164,1.0,1.0,0.0,69.0154,41.3948,27.6206,13.67,0.0,1,1.4677,1.0,92,92
1314,57912,LORATAMED D XPE 60ML,2.05,7,69.164,1.0,1.0,0.0,69.0154,41.3948,27.6206,13.67,0.0,1,1.4677,1.0,92,92
1314,57912,LORATAMED D XPE 60ML,2.05,10,69.164,1.0,1.0,0.0,69.0154,41.3948,27.6206,13.67,0.0,1,1.4677,1.0,92,92
1314,57912,LORATAMED D XPE 60ML,2.05,14,69.164,1.0,1.0,0.0,69.0154,41.3948,27.6206,13.67,0.0,1,1.4677,1.0,92,92
1314,57912,LORATAMED D XPE 60ML,2.33,5,69.164,1.0,1.0,0.0,69.0154,41.3948,27.6206,13.67,0.0,1,1.4677,1.0,92,92
1314,57912,LORATAMED D XPE 60ML,2.33,7,69.164,1.0,1.0,0.0,69.0154,41.3948,27.6206,13.67,0.0,1,1.4677,1.0,92,92
1314,57912,LORATAMED D XPE 60ML,2.33,10,69.164,1.0,1.0,0.0,69.0154,41.3948,27.6206,13.67,0.0,1,1.4677,1.0,92,92
1314,57912,LORATAMED D XPE 60ML,2.33,14,69.164,1.0,1.0,0.0,69.0154,41.3948,27.6206,13.67,0.0,1,1.4677,1.0,92,92
1314,57912,LORATAMED D XPE 60ML,2.58,5,69.164,1.0,1.0,0.0,69.0154,41.3948,27.6206,13.67,0.0,1,1.4677,1.0,92,92
1314,57912,LORATAMED D XPE 60ML,2.58,7,69.164,1.0,1.0,0.0,69.0154,41.3948,27.6206,13.67,0.0,1,1.4677,1.0,92,92
1314,57912,LORATAMED D XPE 60ML,2.58,10,69.164,1.0,1.0,0.0,69.0154,41.3948,27.6206,13.67,0.0,1,1.4677,1.0,92,92
1314,57912,LORATAMED D XPE 60ML,2.58,14,69.164,1.0,1.0,0.0,69.0154,41.3948,27.6206,13.67,0.0,1,1.4677,1.0,92,92
1314,58701,ABRILAR XAROPE L-MENTOL 200ML,0.84,5,124.3553,1.0,1.0,0.0,123.748,121.7495,1.9985,55.87,0.0,1,1.936,1.0,92,92
1314,58701,ABRILAR XAROPE L-MENTOL 200ML,0.84,7,124.3553,1.0,1.0,0.0,123.748,121.7495,1.9985,55.87,0.0,1,1.936,1.0,92,92
1314,58701,ABRILAR XAROPE L-MENTOL 200ML,0.84,10,124.3553,1.0,1.0,0.0,123.748,121.7495,1.9985,55.87,0.0,1,1.936,1.0,92,92
1314,58701,ABRILAR XAROPE L-MENTOL 200ML,0.84,14,124.3553,1.0,1.0,0.0,123.748,121.7495,1.9985,55.87,0.0,1,1.936,1.0,92,92
1314,58701,ABRILAR XAROPE L-MENTOL 200ML,1.04,5,124.3553,1.0,1.0,0.0,123.748,121.7495,1.9985,55.87,0.0,1,1.936,1.0,92,92
1314,58701,ABRILAR XAROPE L-MENTOL 200ML,1.04,7,124.3553,1.0,1.0,0.0,123.748,121.7495,1.9985,55.87,0.0,1,1.936,1.0,92,92
1314,58701,ABRILAR XAROPE L-MENTOL 200ML,1.04,10,124.3553,1.0,1.0,0.0,123.748,121.7495,1.9985,55.87,0.0,1,1.936,1.0,92,92
1314,58701,ABRILAR XAROPE L-MENTOL 200ML,1.04,14,124.3553,1.0,1.0,0.0,123.748,121.7495,1.9985,55.87,0.0,1,1.936,1.0,92,92
1314,58701,ABRILAR XAROPE L-MENTOL 200ML,1.28,5,124.3553,1.0,1.0,0.0,123.748,121.7495,1.9985,55.87,0.0,1,1.936,1.0,92,92
1314,58701,ABRILAR XAROPE L-MENTOL 200ML,1.28,7,124.3553,1.0,1.0,0.0,123.748,121.7495,1.9985,55.87,0.0,1,1.936,1.0,92,92
1314,58701,ABRILAR XAROPE L-MENTOL 200ML,1.28,10,124.3553,1.0,1.0,0.0,123.748,121.7495,1.9985,55.87,0.0,1,1.936,1.0,92,92
1314,58701,ABRILAR XAROPE L-MENTOL 200ML,1.28,14,124.3553,1.0,1.0,0.0,123.748,121.7495,1.9985,55.87,0.0,1,1.936,1.0,92,92
1314,58701,ABRILAR XAROPE L-MENTOL 200ML,1.65,5,124.3553,1.0,1.0,0.0,123.748,121.7495,1.9985,55.87,0.0,1,1.936,1.0,92,92
1314,58701,ABRILAR XAROPE L-MENTOL 200ML,1.65,7,124.3553,1.0,1.0,0.0,123.748,121.7495,1.9985,55.87,0.0,1,1.936,1.0,92,92
1314,58701,ABRILAR XAROPE L-MENTOL 200ML,1.65,10,124.3553,1.0,1.0,0.0,123.748,121.7495,1.9985,55.87,0.0,1,1.936,1.0,92,92
1314,58701,ABRILAR XAROPE L-MENTOL 200ML,1.65,14,124.3553,1.0,1.0,0.0,123.748,121.7495,1.9985,55.87,0.0,1,1.936,1.0,92,92
1314,58701,ABRILAR XAROPE L-MENTOL 200ML,2.05,5,124.3553,1.0,1.0,0.0,123.748,121.7495,1.9985,55.87,0.0,1,1.936,1.0,92,92
1314,58701,ABRILAR XAROPE L-MENTOL 200ML,2.05,7,124.3553,1.0,1.0,0.0,123.748,121.7495,1.9985,55.87,0.0,1,1.936,1.0,92,92
1314,58701,ABRILAR XAROPE L-MENTOL 200ML,2.05,10,124.3553,1.0,1.0,0.0,123.748,121.7495,1.9985,55.87,0.0,1,1.936,1.0,92,92
1314,58701,ABRILAR XAROPE L-MENTOL 200ML,2.05,14,124.3553,1.0,1.0,0.0,123.748,121.7495,1.9985,55.87,0.0,1,1.936,1.0,92,92
1314,58701,ABRILAR XAROPE L-MENTOL 200ML,2.33,5,189.7853,1.0,1.0,0.0,189.178,121.7495,67.4285,55.87,0.0,1,1.936,1.0,92,92
1314,58701,ABRILAR XAROPE L-MENTOL 200ML,2.33,7,189.7853,1.0,1.0,0.0,189.178,121.7495,67.4285,55.87,0.0,1,1.936,1.0,92,92
1314,58701,ABRILAR XAROPE L-MENTOL 200ML,2.33,10,189.7853,1.0,1.0,0.0,189.178,121.7495,67.4285,55.87,0.0,1,1.936,1.0,92,92
1314,58701,ABRILAR XAROPE L-MENTOL 200ML,2.33,14,189.7853,1.0,1.0,0.0,189.178,121.7495,67.4285,55.87,0.0,1,1.936,1.0,92,92
1314,58701,ABRILAR XAROPE L-MENTOL 200ML,2.58,5,189.7853,1.0,1.0,0.0,189.178,121.7495,67.4285,55.87,0.0,1,1.936,1.0,92,92
1314,58701,ABRILAR XAROPE L-MENTOL 200ML,2.58,7,189.7853,1.0,1.0,0.0,189.178,121.7495,67.4285,55.87,0.0,1,1.936,1.0,92,92
1314,58701,ABRILAR XAROPE L-MENTOL 200ML,2.58,10,189.7853,1.0,1.0,0.0,189.178,121.7495,67.4285,55.87,0.0,1,1.936,1.0,92,92
1314,58701,ABRILAR XAROPE L-MENTOL 200ML,2.58,14,189.7853,1.0,1.0,0.0,189.178,121.7495,67.4285,55.87,0.0,1,1.936,1.0,92,92
1314,62364,ALOFF XPE 60ML + SER,0.84,5,71.3152,1.0,1.0,0.0,71.3152,36.45,34.8652,0.0,0.0,0,0.7199,0.0,92,92
1314,62364,ALOFF XPE 60ML + SER,0.84,7,71.3152,1.0,1.0,0.0,71.3152,36.45,34.8652,0.0,0.0,0,0.7199,0.0,92,92
1314,62364,ALOFF XPE 60ML + SER,0.84,10,71.3152,1.0,1.0,0.0,71.3152,36.45,34.8652,0.0,0.0,0,0.7199,0.0,92,92
1314,62364,ALOFF XPE 60ML + SER,0.84,14,71.3152,1.0,1.0,0.0,71.3152,36.45,34.8652,0.0,0.0,0,0.7199,0.0,92,92
1314,62364,ALOFF XPE 60ML + SER,1.04,5,71.3152,1.0,1.0,0.0,71.3152,36.45,34.8652,0.0,0.0,0,0.7199,0.0,92,92
1314,62364,ALOFF XPE 60ML + SER,1.04,7,71.3152,1.0,1.0,0.0,71.3152,36.45,34.8652,0.0,0.0,0,0.7199,0.0,92,92
1314,62364,ALOFF XPE 60ML + SER,1.04,10,71.3152,1.0,1.0,0.0,71.3152,36.45,34.8652,0.0,0.0,0,0.7199,0.0,92,92
1314,62364,ALOFF XPE 60ML + SER,1.04,14,71.3152,1.0,1.0,0.0,71.3152,36.45,34.8652,0.0,0.0,0,0.7199,0.0,92,92
1314,62364,ALOFF XPE 60ML + SER,1.28,5,71.3152,1.0,1.0,0.0,71.3152,36.45,34.8652,0.0,0.0,0,0.7199,0.0,92,92
1314,62364,ALOFF XPE 60ML + SER,1.28,7,71.3152,1.0,1.0,0.0,71.3152,36.45,34.8652,0.0,0.0,0,0.7199,0.0,92,92
1314,62364,ALOFF XPE 60ML + SER,1.28,10,71.3152,1.0,1.0,0.0,71.3152,36.45,34.8652,0.0,0.0,0,0.7199,0.0,92,92
1314,62364,ALOFF XPE 60ML + SER,1.28,14,71.3152,1.0,1.0,0.0,71.3152,36.45,34.8652,0.0,0.0,0,0.7199,0.0,92,92
1314,62364,ALOFF XPE 60ML + SER,1.65,5,71.3152,1.0,1.0,0.0,71.3152,36.45,34.8652,0.0,0.0,0,0.7199,0.0,92,92
1314,62364,ALOFF XPE 60ML + SER,1.65,7,71.3152,1.0,1.0,0.0,71.3152,36.45,34.8652,0.0,0.0,0,0.7199,0.0,92,92
1314,62364,ALOFF XPE 60ML + SER,1.65,10,71.3152,1.0,1.0,0.0,71.3152,36.45,34.8652,0.0,0.0,0,0.7199,0.0,92,92
1314,62364,ALOFF XPE 60ML + SER,1.65,14,71.3152,1.0,1.0,0.0,71.3152,36.45,34.8652,0.0,0.0,0,0.7199,0.0,92,92
1314,62364,ALOFF XPE 60ML + SER,2.05,5,107.7652,1.0,1.0,0.0,107.7652,36.45,71.3152,0.0,0.0,0,0.7199,0.0,92,92
1314,62364,ALOFF XPE 60ML + SER,2.05,7,107.7652,1.0,1.0,0.0,107.7652,36.45,71.3152,0.0,0.0,0,0.7199,0.0,92,92
1314,62364,ALOFF XPE 60ML + SER,2.05,10,107.7652,1.0,1.0,0.0,107.7652,36.45,71.3152,0.0,0.0,0,0.7199,0.0,92,92
1314,62364,ALOFF XPE 60ML + SER,2.05,14,107.7652,1.0,1.0,0.0,107.7652,36.45,71.3152,0.0,0.0,0,0.7199,0.0,92,92
1314,62364,ALOFF XPE 60ML + SER,2.33,5,107.7652,1.0,1.0,0.0,107.7652,36.45,71.3152,0.0,0.0,0,0.7199,0.0,92,92
1314,62364,ALOFF XPE 60ML + SER,2.33,7,107.7652,1.0,1.0,0.0,107.7652,36.45,71.3152,0.0,0.0,0,0.7199,0.0,92,92
1314,62364,ALOFF XPE 60ML + SER,2.33,10,107.7652,1.0,1.0,0.0,107.7652,36.45,71.3152,0.0,0.0,0,0.7199,0.0,92,92
1314,62364,ALOFF XPE 60ML + SER,2.33,14,107.7652,1.0,1.0,0.0,107.7652,36.45,71.3152,0.0,0.0,0,0.7199,0.0,92,92
1314,62364,ALOFF XPE 60ML + SER,2.58,5,107.7652,1.0,1.0,0.0,107.7652,36.45,71.3152,0.0,0.0,0,0.7199,0.0,92,92
1314,62364,ALOFF XPE 60ML + SER,2.58,7,107.7652,1.0,1.0,0.0,107.7652,36.45,71.3152,0.0,0.0,0,0.7199,0.0,92,92
1314,62364,ALOFF XPE 60ML + SER,2.58,10,107.7652,1.0,1.0,0.0,107.7652,36.45,71.3152,0.0,0.0,0,0.7199,0.0,92,92
1314,62364,ALOFF XPE 60ML + SER,2.58,14,107.7652,1.0,1.0,0.0,107.7652,36.45,71.3152,0.0,0.0,0,0.7199,0.0,92,92
1314,62782,HEDERA CIMED 7MG/ML CEREJA XPE100ML,0.84,5,74.52,1.0,1.0,0.0,74.52,,,0.0,0.0,0,0.0,0.0,92,92
1314,62782,HEDERA CIMED 7MG/ML CEREJA XPE100ML,0.84,7,74.52,1.0,1.0,0.0,74.52,,,0.0,0.0,0,0.0,0.0,92,92
1314,62782,HEDERA CIMED 7MG/ML CEREJA XPE100ML,0.84,10,74.52,1.0,1.0,0.0,74.52,,,0.0,0.0,0,0.0,0.0,92,92
1314,62782,HEDERA CIMED 7MG/ML CEREJA XPE100ML,0.84,14,74.52,1.0,1.0,0.0,74.52,,,0.0,0.0,0,0.0,0.0,92,92
1314,62782,HEDERA CIMED 7MG/ML CEREJA XPE100ML,1.04,5,74.52,1.0,1.0,0.0,74.52,,,0.0,0.0,0,0.0,0.0,92,92
1314,62782,HEDERA CIMED 7MG/ML CEREJA XPE100ML,1.04,7,74.52,1.0,1.0,0.0,74.52,,,0.0,0.0,0,0.0,0.0,92,92
1314,62782,HEDERA CIMED 7MG/ML CEREJA XPE100ML,1.04,10,74.52,1.0,1.0,0.0,74.52,,,0.0,0.0,0,0.0,0.0,92,92
1314,62782,HEDERA CIMED 7MG/ML CEREJA XPE100ML,1.04,14,74.52,1.0,1.0,0.0,74.52,,,0.0,0.0,0,0.0,0.0,92,92
1314,62782,HEDERA CIMED 7MG/ML CEREJA XPE100ML,1.28,5,74.52,1.0,1.0,0.0,74.52,,,0.0,0.0,0,0.0,0.0,92,92
1314,62782,HEDERA CIMED 7MG/ML CEREJA XPE100ML,1.28,7,74.52,1.0,1.0,0.0,74.52,,,0.0,0.0,0,0.0,0.0,92,92
1314,62782,HEDERA CIMED 7MG/ML CEREJA XPE100ML,1.28,10,74.52,1.0,1.0,0.0,74.52,,,0.0,0.0,0,0.0,0.0,92,92
1314,62782,HEDERA CIMED 7MG/ML CEREJA XPE100ML,1.28,14,74.52,1.0,1.0,0.0,74.52,,,0.0,0.0,0,0.0,0.0,92,92
1314,62782,HEDERA CIMED 7MG/ML CEREJA XPE100ML,1.65,5,74.52,1.0,1.0,0.0,74.52,,,0.0,0.0,0,0.0,0.0,92,92
1314,62782,HEDERA CIMED 7MG/ML CEREJA XPE100ML,1.65,7,74.52,1.0,1.0,0.0,74.52,,,0.0,0.0,0,0.0,0.0,92,92
1314,62782,HEDERA CIMED 7MG/ML CEREJA XPE100ML,1.65,10,74.52,1.0,1.0,0.0,74.52,,,0.0,0.0,0,0.0,0.0,92,92
1314,62782,HEDERA CIMED 7MG/ML CEREJA XPE100ML,1.65,14,74.52,1.0,1.0,0.0,74.52,,,0.0,0.0,0,0.0,0.0,92,92
1314,62782,HEDERA CIMED 7MG/ML CEREJA XPE100ML,2.05,5,74.52,1.0,1.0,0.0,74.52,,,0.0,0.0,0,0.0,0.0,92,92
1314,62782,HEDERA CIMED 7MG/ML CEREJA XPE100ML,2.05,7,74.52,1.0,1.0,0.0,74.52,,,0.0,0.0,0,0.0,0.0,92,92
1314,62782,HEDERA CIMED 7MG/ML CEREJA XPE100ML,2.05,10,74.52,1.0,1.0,0.0,74.52,,,0.0,0.0,0,0.0,0.0,92,92
1314,62782,HEDERA CIMED 7MG/ML CEREJA XPE100ML,2.05,14,74.52,1.0,1.0,0.0,74.52,,,0.0,0.0,0,0.0,0.0,92,92
1314,62782,HEDERA CIMED 7MG/ML CEREJA XPE100ML,2.33,5,74.52,1.0,1.0,0.0,74.52,,,0.0,0.0,0,0.0,0.0,92,92
1314,62782,HEDERA CIMED 7MG/ML CEREJA XPE100ML,2.33,7,74.52,1.0,1.0,0.0,74.52,,,0.0,0.0,0,0.0,0.0,92,92
1314,62782,HEDERA CIMED 7MG/ML CEREJA XPE100ML,2.33,10,74.52,1.0,1.0,0.0,74.52,,,0.0,0.0,0,0.0,0.0,92,92
1314,62782,HEDERA CIMED 7MG/ML CEREJA XPE100ML,2.33,14,74.52,1.0,1.0,0.0,74.52,,,0.0,0.0,0,0.0,0.0,92,92
1314,62782,HEDERA CIMED 7MG/ML CEREJA XPE100ML,2.58,5,74.52,1.0,1.0,0.0,74.52,,,0.0,0.0,0,0.0,0.0,92,92
1314,62782,HEDERA CIMED 7MG/ML CEREJA XPE100ML,2.58,7,74.52,1.0,1.0,0.0,74.52,,,0.0,0.0,0,0.0,0.0,92,92
1314,62782,HEDERA CIMED 7MG/ML CEREJA XPE100ML,2.58,10,74.52,1.0,1.0,0.0,74.52,,,0.0,0.0,0,0.0,0.0,92,92
1314,62782,HEDERA CIMED 7MG/ML CEREJA XPE100ML,2.58,14,74.52,1.0,1.0,0.0,74.52,,,0.0,0.0,0,0.0,0.0,92,92
1314,76834,"SORINAN ADULTO 0,5MG SOL NASAL 30ML",0.84,5,17.1,1.0,1.0,0.0,17.1,8.55,8.55,0.0,0.0,0,0.0,0.0,92,92
1314,76834,"SORINAN ADULTO 0,5MG SOL NASAL 30ML",0.84,7,17.1,1.0,1.0,0.0,17.1,8.55,8.55,0.0,0.0,0,0.0,0.0,92,92
1314,76834,"SORINAN ADULTO 0,5MG SOL NASAL 30ML",0.84,10,17.1,1.0,1.0,0.0,17.1,8.55,8.55,0.0,0.0,0,0.0,0.0,92,92
1314,76834,"SORINAN ADULTO 0,5MG SOL NASAL 30ML",0.84,14,17.1,1.0,1.0,0.0,17.1,8.55,8.55,0.0,0.0,0,0.0,0.0,92,92
1314,76834,"SORINAN ADULTO 0,5MG SOL NASAL 30ML",1.04,5,17.1,1.0,1.0,0.0,17.1,8.55,8.55,0.0,0.0,0,0.0,0.0,92,92
1314,76834,"SORINAN ADULTO 0,5MG SOL NASAL 30ML",1.04,7,17.1,1.0,1.0,0.0,17.1,8.55,8.55,0.0,0.0,0,0.0,0.0,92,92
1314,76834,"SORINAN ADULTO 0,5MG SOL NASAL 30ML",1.04,10,17.1,1.0,1.0,0.0,17.1,8.55,8.55,0.0,0.0,0,0.0,0.0,92,92
1314,76834,"SORINAN ADULTO 0,5MG SOL NASAL 30ML",1.04,14,17.1,1.0,1.0,0.0,17.1,8.55,8.55,0.0,0.0,0,0.0,0.0,92,92
1314,76834,"SORINAN ADULTO 0,5MG SOL NASAL 30ML",1.28,5,17.1,1.0,1.0,0.0,17.1,8.55,8.55,0.0,0.0,0,0.0,0.0,92,92
1314,76834,"SORINAN ADULTO 0,5MG SOL NASAL 30ML",1.28,7,17.1,1.0,1.0,0.0,17.1,8.55,8.55,0.0,0.0,0,0.0,0.0,92,92
1314,76834,"SORINAN ADULTO 0,5MG SOL NASAL 30ML",1.28,10,17.1,1.0,1.0,0.0,17.1,8.55,8.55,0.0,0.0,0,0.0,0.0,92,92
1314,76834,"SORINAN ADULTO 0,5MG SOL NASAL 30ML",1.28,14,17.1,1.0,1.0,0.0,17.1,8.55,8.55,0.0,0.0,0,0.0,0.0,92,92
1314,76834,"SORINAN ADULTO 0,5MG SOL NASAL 30ML",1.65,5,17.1,1.0,1.0,0.0,17.1,8.55,8.55,0.0,0.0,0,0.0,0.0,92,92
1314,76834,"SORINAN ADULTO 0,5MG SOL NASAL 30ML",1.65,7,17.1,1.0,1.0,0.0,17.1,8.55,8.55,0.0,0.0,0,0.0,0.0,92,92
1314,76834,"SORINAN ADULTO 0,5MG SOL NASAL 30ML",1.65,10,17.1,1.0,1.0,0.0,17.1,8.55,8.55,0.0,0.0,0,0.0,0.0,92,92
1314,76834,"SORINAN ADULTO 0,5MG SOL NASAL 30ML",1.65,14,17.1,1.0,1.0,0.0,17.1,8.55,8.55,0.0,0.0,0,0.0,0.0,92,92
1314,76834,"SORINAN ADULTO 0,5MG SOL NASAL 30ML",2.05,5,17.1,1.0,1.0,0.0,17.1,8.55,8.55,0.0,0.0,0,0.0,0.0,92,92
1314,76834,"SORINAN ADULTO 0,5MG SOL NASAL 30ML",2.05,7,17.1,1.0,1.0,0.0,17.1,8.55,8.55,0.0,0.0,0,0.0,0.0,92,92
1314,76834,"SORINAN ADULTO 0,5MG SOL NASAL 30ML",2.05,10,17.1,1.0,1.0,0.0,17.1,8.55,8.55,0.0,0.0,0,0.0,0.0,92,92
1314,76834,"SORINAN ADULTO 0,5MG SOL NASAL 30ML",2.05,14,17.1,1.0,1.0,0.0,17.1,8.55,8.55,0.0,0.0,0,0.0,0.0,92,92
1314,76834,"SORINAN ADULTO 0,5MG SOL NASAL 30ML",2.33,5,17.1,1.0,1.0,0.0,17.1,8.55,8.55,0.0,0.0,0,0.0,0.0,92,92
1314,76834,"SORINAN ADULTO 0,5MG SOL NASAL 30ML",2.33,7,17.1,1.0,1.0,0.0,17.1,8.55,8.55,0.0,0.0,0,0.0,0.0,92,92
1314,76834,"SORINAN ADULTO 0,5MG SOL NASAL 30ML",2.33,10,17.1,1.0,1.0,0.0,17.1,8.55,8.55,0.0,0.0,0,0.0,0.0,92,92
1314,76834,"SORINAN ADULTO 0,5MG SOL NASAL 30ML",2.33,14,17.1,1.0,1.0,0.0,17.1,8.55,8.55,0.0,0.0,0,0.0,0.0,92,92
1314,76834,"SORINAN ADULTO 0,5MG SOL NASAL 30ML",2.58,5,17.1,1.0,1.0,0.0,17.1,8.55,8.55,0.0,0.0,0,0.0,0.0,92,92
1314,76834,"SORINAN ADULTO 0,5MG SOL NASAL 30ML",2.58,7,17.1,1.0,1.0,0.0,17.1,8.55,8.55,0.0,0.0,0,0.0,0.0,92,92
1314,76834,"SORINAN ADULTO 0,5MG SOL NASAL 30ML",2.58,10,17.1,1.0,1.0,0.0,17.1,8.55,8.55,0.0,0.0,0,0.0,0.0,92,92
1314,76834,"SORINAN ADULTO 0,5MG SOL NASAL 30ML",2.58,14,17.1,1.0,1.0,0.0,17.1,8.55,8.55,0.0,0.0,0,0.0,0.0,92,92
1314,9607,NARIDRIN 12H ADULTO 30ML,1.28,5,159.8572,0.978261,1.0,-0.021739,157.213,376.5777,-219.3647,243.27,1.0,17,56.367,55.0,92,92
1314,9607,NARIDRIN 12H ADULTO 30ML,1.65,5,159.8572,0.978261,1.0,-0.021739,157.213,376.5777,-219.3647,243.27,1.0,17,56.367,55.0,92,92
1314,9607,NARIDRIN 12H ADULTO 30ML,1.28,7,182.0436,0.978261,1.0,-0.021739,180.3326,376.5777,-196.2451,157.41,2.0,11,56.367,55.0,92,92
1314,9607,NARIDRIN 12H ADULTO 30ML,1.65,7,182.0436,0.978261,1.0,-0.021739,180.3326,376.5777,-196.2451,157.41,2.0,11,56.367,55.0,92,92
1314,9607,NARIDRIN 12H ADULTO 30ML,2.05,5,185.1346,0.978261,1.0,-0.021739,182.4904,376.5777,-194.0873,243.27,0.0,17,56.367,55.0,92,92
1314,9607,NARIDRIN 12H ADULTO 30ML,0.84,10,185.8926,0.978261,1.0,-0.021739,184.6483,376.5777,-191.9295,114.48,2.0,8,56.367,55.0,92,92
1314,9607,NARIDRIN 12H ADULTO 30ML,1.04,10,185.8926,0.978261,1.0,-0.021739,184.6483,376.5777,-191.9295,114.48,2.0,8,56.367,55.0,92,92
1314,9607,NARIDRIN 12H ADULTO 30ML,2.05,7,201.925,0.98913,1.0,-0.01087,200.3696,376.5777,-176.2082,143.1,1.0,10,56.367,55.0,92,92
1314,9607,NARIDRIN 12H ADULTO 30ML,1.28,10,208.3956,0.98913,1.0,-0.01087,207.1513,376.5777,-169.4264,114.48,1.0,8,56.367,55.0,92,92
1314,9607,NARIDRIN 12H ADULTO 30ML,1.65,10,208.3956,0.98913,1.0,-0.01087,207.1513,376.5777,-169.4264,114.48,1.0,8,56.367,55.0,92,92
1314,9607,NARIDRIN 12H ADULTO 30ML,0.84,14,209.0094,1.0,1.0,0.0,208.0761,376.5777,-168.5016,85.86,0.0,6,56.367,55.0,92,92
1314,9607,NARIDRIN 12H ADULTO 30ML,1.04,14,209.0094,1.0,1.0,0.0,208.0761,376.5777,-168.5016,85.86,0.0,6,56.367,55.0,92,92
1314,9607,NARIDRIN 12H ADULTO 30ML,2.33,5,213.4946,1.0,1.0,0.0,210.8504,376.5777,-165.7273,243.27,0.0,17,56.367,55.0,92,92
1314,9607,NARIDRIN 12H ADULTO 30ML,2.58,5,213.4946,1.0,1.0,0.0,210.8504,376.5777,-165.7273,243.27,0.0,17,56.367,55.0,92,92
1314,9607,NARIDRIN 12H ADULTO 30ML,2.05,10,223.656,1.0,1.0,0.0,222.2561,376.5777,-154.3216,128.79,0.0,9,56.367,55.0,92,92
1314,9607,NARIDRIN 12H ADULTO 30ML,2.33,7,236.7584,0.98913,1.0,-0.01087,235.203,376.5777,-141.3747,143.1,0.0,10,56.367,55.0,92,92
1314,9607,NARIDRIN 12H ADULTO 30ML,2.58,7,236.7584,0.98913,1.0,-0.01087,235.203,376.5777,-141.3747,143.1,0.0,10,56.367,55.0,92,92
1314,9607,NARIDRIN 12H ADULTO 30ML,1.28,14,237.3694,1.0,1.0,0.0,236.4361,376.5777,-140.1416,85.86,0.0,6,56.367,55.0,92,92
1314,9607,NARIDRIN 12H ADULTO 30ML,1.65,14,237.3694,1.0,1.0,0.0,236.4361,376.5777,-140.1416,85.86,0.0,6,56.367,55.0,92,92
1314,9607,NARIDRIN 12H ADULTO 30ML,2.33,10,252.016,1.0,1.0,0.0,250.6161,376.5777,-125.9616,128.79,0.0,9,56.367,55.0,92,92
1314,9607,NARIDRIN 12H ADULTO 30ML,2.58,10,252.016,1.0,1.0,0.0,250.6161,376.5777,-125.9616,128.79,0.0,9,56.367,55.0,92,92
1314,9607,NARIDRIN 12H ADULTO 30ML,2.05,14,253.7072,1.0,1.0,0.0,252.7739,376.5777,-123.8038,85.86,0.0,6,56.367,55.0,92,92
1314,9607,NARIDRIN 12H ADULTO 30ML,2.33,14,277.4433,1.0,1.0,0.0,276.51,376.5777,-100.0677,85.86,0.0,6,56.367,55.0,92,92
1314,9607,NARIDRIN 12H ADULTO 30ML,2.58,14,277.4433,1.0,1.0,0.0,276.51,376.5777,-100.0677,85.86,0.0,6,56.367,55.0,92,92
1314,9607,NARIDRIN 12H ADULTO 30ML,0.84,5,2738.6477,0.967391,1.0,-0.032609,127.0035,376.5777,-249.5742,243.27,2.0,17,56.367,55.0,92,92
1314,9607,NARIDRIN 12H ADULTO 30ML,1.04,5,2738.6477,0.967391,1.0,-0.032609,127.0035,376.5777,-249.5742,243.27,2.0,17,56.367,55.0,92,92
1314,9607,NARIDRIN 12H ADULTO 30ML,0.84,7,2768.6932,0.967391,1.0,-0.032609,158.1378,376.5777,-218.4399,143.1,3.0,10,56.367,55.0,92,92
1314,9607,NARIDRIN 12H ADULTO 30ML,1.04,7,2768.6932,0.967391,1.0,-0.032609,158.1378,376.5777,-218.4399,143.1,3.0,10,56.367,55.0,92,92
841,13315,BROMELIN SUSP 100ML,0.84,5,111.78,1.0,1.0,0.0,111.78,,,0.0,0.0,0,0.0,0.0,92,92
841,13315,BROMELIN SUSP 100ML,0.84,7,111.78,1.0,1.0,0.0,111.78,,,0.0,0.0,0,0.0,0.0,92,92
841,13315,BROMELIN SUSP 100ML,0.84,10,111.78,1.0,1.0,0.0,111.78,,,0.0,0.0,0,0.0,0.0,92,92
841,13315,BROMELIN SUSP 100ML,0.84,14,111.78,1.0,1.0,0.0,111.78,,,0.0,0.0,0,0.0,0.0,92,92
841,13315,BROMELIN SUSP 100ML,1.04,5,111.78,1.0,1.0,0.0,111.78,,,0.0,0.0,0,0.0,0.0,92,92
841,13315,BROMELIN SUSP 100ML,1.04,7,111.78,1.0,1.0,0.0,111.78,,,0.0,0.0,0,0.0,0.0,92,92
841,13315,BROMELIN SUSP 100ML,1.04,10,111.78,1.0,1.0,0.0,111.78,,,0.0,0.0,0,0.0,0.0,92,92
841,13315,BROMELIN SUSP 100ML,1.04,14,111.78,1.0,1.0,0.0,111.78,,,0.0,0.0,0,0.0,0.0,92,92
841,13315,BROMELIN SUSP 100ML,1.28,5,111.78,1.0,1.0,0.0,111.78,,,0.0,0.0,0,0.0,0.0,92,92
841,13315,BROMELIN SUSP 100ML,1.28,7,111.78,1.0,1.0,0.0,111.78,,,0.0,0.0,0,0.0,0.0,92,92
841,13315,BROMELIN SUSP 100ML,1.28,10,111.78,1.0,1.0,0.0,111.78,,,0.0,0.0,0,0.0,0.0,92,92
841,13315,BROMELIN SUSP 100ML,1.28,14,111.78,1.0,1.0,0.0,111.78,,,0.0,0.0,0,0.0,0.0,92,92
841,13315,BROMELIN SUSP 100ML,1.65,5,111.78,1.0,1.0,0.0,111.78,,,0.0,0.0,0,0.0,0.0,92,92
841,13315,BROMELIN SUSP 100ML,1.65,7,111.78,1.0,1.0,0.0,111.78,,,0.0,0.0,0,0.0,0.0,92,92
841,13315,BROMELIN SUSP 100ML,1.65,10,111.78,1.0,1.0,0.0,111.78,,,0.0,0.0,0,0.0,0.0,92,92
841,13315,BROMELIN SUSP 100ML,1.65,14,111.78,1.0,1.0,0.0,111.78,,,0.0,0.0,0,0.0,0.0,92,92
841,13315,BROMELIN SUSP 100ML,2.05,5,111.78,1.0,1.0,0.0,111.78,,,0.0,0.0,0,0.0,0.0,92,92
841,13315,BROMELIN SUSP 100ML,2.05,7,111.78,1.0,1.0,0.0,111.78,,,0.0,0.0,0,0.0,0.0,92,92
841,13315,BROMELIN SUSP 100ML,2.05,10,111.78,1.0,1.0,0.0,111.78,,,0.0,0.0,0,0.0,0.0,92,92
841,13315,BROMELIN SUSP 100ML,2.05,14,111.78,1.0,1.0,0.0,111.78,,,0.0,0.0,0,0.0,0.0,92,92
841,13315,BROMELIN SUSP 100ML,2.33,5,111.78,1.0,1.0,0.0,111.78,,,0.0,0.0,0,0.0,0.0,92,92
841,13315,BROMELIN SUSP 100ML,2.33,7,111.78,1.0,1.0,0.0,111.78,,,0.0,0.0,0,0.0,0.0,92,92
841,13315,BROMELIN SUSP 100ML,2.33,10,111.78,1.0,1.0,0.0,111.78,,,0.0,0.0,0,0.0,0.0,92,92
841,13315,BROMELIN SUSP 100ML,2.33,14,111.78,1.0,1.0,0.0,111.78,,,0.0,0.0,0,0.0,0.0,92,92
841,13315,BROMELIN SUSP 100ML,2.58,5,111.78,1.0,1.0,0.0,111.78,,,0.0,0.0,0,0.0,0.0,92,92
841,13315,BROMELIN SUSP 100ML,2.58,7,111.78,1.0,1.0,0.0,111.78,,,0.0,0.0,0,0.0,0.0,92,92
841,13315,BROMELIN SUSP 100ML,2.58,10,111.78,1.0,1.0,0.0,111.78,,,0.0,0.0,0,0.0,0.0,92,92
841,13315,BROMELIN SUSP 100ML,2.58,14,111.78,1.0,1.0,0.0,111.78,,,0.0,0.0,0,0.0,0.0,92,92
841,1439,SORINE GTS ADULTO 30ML,0.84,5,40.2045,1.0,0.945652,0.054348,39.8678,30.6005,9.2673,30.98,0.0,2,1.6698,2.0,92,92
841,1439,SORINE GTS ADULTO 30ML,0.84,7,40.2045,1.0,0.945652,0.054348,39.8678,30.6005,9.2673,30.98,0.0,2,1.6698,2.0,92,92
841,1439,SORINE GTS ADULTO 30ML,0.84,10,40.2045,1.0,0.945652,0.054348,39.8678,30.6005,9.2673,30.98,0.0,2,1.6698,2.0,92,92
841,1439,SORINE GTS ADULTO 30ML,0.84,14,40.2045,1.0,0.945652,0.054348,39.8678,30.6005,9.2673,30.98,0.0,2,1.6698,2.0,92,92
841,1439,SORINE GTS ADULTO 30ML,1.04,5,40.2045,1.0,0.945652,0.054348,39.8678,30.6005,9.2673,30.98,0.0,2,1.6698,2.0,92,92
841,1439,SORINE GTS ADULTO 30ML,1.04,7,40.2045,1.0,0.945652,0.054348,39.8678,30.6005,9.2673,30.98,0.0,2,1.6698,2.0,92,92
841,1439,SORINE GTS ADULTO 30ML,1.04,10,40.2045,1.0,0.945652,0.054348,39.8678,30.6005,9.2673,30.98,0.0,2,1.6698,2.0,92,92
841,1439,SORINE GTS ADULTO 30ML,1.04,14,40.2045,1.0,0.945652,0.054348,39.8678,30.6005,9.2673,30.98,0.0,2,1.6698,2.0,92,92
841,1439,SORINE GTS ADULTO 30ML,1.28,5,40.2045,1.0,0.945652,0.054348,39.8678,30.6005,9.2673,30.98,0.0,2,1.6698,2.0,92,92
841,1439,SORINE GTS ADULTO 30ML,1.28,7,40.2045,1.0,0.945652,0.054348,39.8678,30.6005,9.2673,30.98,0.0,2,1.6698,2.0,92,92
841,1439,SORINE GTS ADULTO 30ML,1.28,10,40.2045,1.0,0.945652,0.054348,39.8678,30.6005,9.2673,30.98,0.0,2,1.6698,2.0,92,92
841,1439,SORINE GTS ADULTO 30ML,1.28,14,40.2045,1.0,0.945652,0.054348,39.8678,30.6005,9.2673,30.98,0.0,2,1.6698,2.0,92,92
841,1439,SORINE GTS ADULTO 30ML,1.65,5,40.2045,1.0,0.945652,0.054348,39.8678,30.6005,9.2673,30.98,0.0,2,1.6698,2.0,92,92
841,1439,SORINE GTS ADULTO 30ML,1.65,7,40.2045,1.0,0.945652,0.054348,39.8678,30.6005,9.2673,30.98,0.0,2,1.6698,2.0,92,92
841,1439,SORINE GTS ADULTO 30ML,1.65,10,40.2045,1.0,0.945652,0.054348,39.8678,30.6005,9.2673,30.98,0.0,2,1.6698,2.0,92,92
841,1439,SORINE GTS ADULTO 30ML,1.65,14,40.2045,1.0,0.945652,0.054348,39.8678,30.6005,9.2673,30.98,0.0,2,1.6698,2.0,92,92
841,1439,SORINE GTS ADULTO 30ML,2.05,5,40.2045,1.0,0.945652,0.054348,39.8678,30.6005,9.2673,30.98,0.0,2,1.6698,2.0,92,92
841,1439,SORINE GTS ADULTO 30ML,2.05,7,40.2045,1.0,0.945652,0.054348,39.8678,30.6005,9.2673,30.98,0.0,2,1.6698,2.0,92,92
841,1439,SORINE GTS ADULTO 30ML,2.05,10,40.2045,1.0,0.945652,0.054348,39.8678,30.6005,9.2673,30.98,0.0,2,1.6698,2.0,92,92
841,1439,SORINE GTS ADULTO 30ML,2.05,14,40.2045,1.0,0.945652,0.054348,39.8678,30.6005,9.2673,30.98,0.0,2,1.6698,2.0,92,92
841,1439,SORINE GTS ADULTO 30ML,2.33,5,40.2045,1.0,0.945652,0.054348,39.8678,30.6005,9.2673,30.98,0.0,2,1.6698,2.0,92,92
841,1439,SORINE GTS ADULTO 30ML,2.33,7,40.2045,1.0,0.945652,0.054348,39.8678,30.6005,9.2673,30.98,0.0,2,1.6698,2.0,92,92
841,1439,SORINE GTS ADULTO 30ML,2.33,10,40.2045,1.0,0.945652,0.054348,39.8678,30.6005,9.2673,30.98,0.0,2,1.6698,2.0,92,92
841,1439,SORINE GTS ADULTO 30ML,2.33,14,40.2045,1.0,0.945652,0.054348,39.8678,30.6005,9.2673,30.98,0.0,2,1.6698,2.0,92,92
841,1439,SORINE GTS ADULTO 30ML,2.58,5,40.2045,1.0,0.945652,0.054348,39.8678,30.6005,9.2673,30.98,0.0,2,1.6698,2.0,92,92
841,1439,SORINE GTS ADULTO 30ML,2.58,7,40.2045,1.0,0.945652,0.054348,39.8678,30.6005,9.2673,30.98,0.0,2,1.6698,2.0,92,92
841,1439,SORINE GTS ADULTO 30ML,2.58,10,40.2045,1.0,0.945652,0.054348,39.8678,30.6005,9.2673,30.98,0.0,2,1.6698,2.0,92,92
841,1439,SORINE GTS ADULTO 30ML,2.58,14,40.2045,1.0,0.945652,0.054348,39.8678,30.6005,9.2673,30.98,0.0,2,1.6698,2.0,92,92
841,15496,TAMIFLU 75MG CAPS C/10,0.84,5,554.6,1.0,1.0,0.0,554.6,,,0.0,0.0,0,0.0,0.0,92,92
841,15496,TAMIFLU 75MG CAPS C/10,0.84,7,554.6,1.0,1.0,0.0,554.6,,,0.0,0.0,0,0.0,0.0,92,92
841,15496,TAMIFLU 75MG CAPS C/10,0.84,10,554.6,1.0,1.0,0.0,554.6,,,0.0,0.0,0,0.0,0.0,92,92
841,15496,TAMIFLU 75MG CAPS C/10,0.84,14,554.6,1.0,1.0,0.0,554.6,,,0.0,0.0,0,0.0,0.0,92,92
841,15496,TAMIFLU 75MG CAPS C/10,1.04,5,554.6,1.0,1.0,0.0,554.6,,,0.0,0.0,0,0.0,0.0,92,92
841,15496,TAMIFLU 75MG CAPS C/10,1.04,7,554.6,1.0,1.0,0.0,554.6,,,0.0,0.0,0,0.0,0.0,92,92
841,15496,TAMIFLU 75MG CAPS C/10,1.04,10,554.6,1.0,1.0,0.0,554.6,,,0.0,0.0,0,0.0,0.0,92,92
841,15496,TAMIFLU 75MG CAPS C/10,1.04,14,554.6,1.0,1.0,0.0,554.6,,,0.0,0.0,0,0.0,0.0,92,92
841,15496,TAMIFLU 75MG CAPS C/10,1.28,5,554.6,1.0,1.0,0.0,554.6,,,0.0,0.0,0,0.0,0.0,92,92
841,15496,TAMIFLU 75MG CAPS C/10,1.28,7,554.6,1.0,1.0,0.0,554.6,,,0.0,0.0,0,0.0,0.0,92,92
841,15496,TAMIFLU 75MG CAPS C/10,1.28,10,554.6,1.0,1.0,0.0,554.6,,,0.0,0.0,0,0.0,0.0,92,92
841,15496,TAMIFLU 75MG CAPS C/10,1.28,14,554.6,1.0,1.0,0.0,554.6,,,0.0,0.0,0,0.0,0.0,92,92
841,15496,TAMIFLU 75MG CAPS C/10,1.65,5,554.6,1.0,1.0,0.0,554.6,,,0.0,0.0,0,0.0,0.0,92,92
841,15496,TAMIFLU 75MG CAPS C/10,1.65,7,554.6,1.0,1.0,0.0,554.6,,,0.0,0.0,0,0.0,0.0,92,92
841,15496,TAMIFLU 75MG CAPS C/10,1.65,10,554.6,1.0,1.0,0.0,554.6,,,0.0,0.0,0,0.0,0.0,92,92
841,15496,TAMIFLU 75MG CAPS C/10,1.65,14,554.6,1.0,1.0,0.0,554.6,,,0.0,0.0,0,0.0,0.0,92,92
841,15496,TAMIFLU 75MG CAPS C/10,2.05,5,554.6,1.0,1.0,0.0,554.6,,,0.0,0.0,0,0.0,0.0,92,92
841,15496,TAMIFLU 75MG CAPS C/10,2.05,7,554.6,1.0,1.0,0.0,554.6,,,0.0,0.0,0,0.0,0.0,92,92
841,15496,TAMIFLU 75MG CAPS C/10,2.05,10,554.6,1.0,1.0,0.0,554.6,,,0.0,0.0,0,0.0,0.0,92,92
841,15496,TAMIFLU 75MG CAPS C/10,2.05,14,554.6,1.0,1.0,0.0,554.6,,,0.0,0.0,0,0.0,0.0,92,92
841,15496,TAMIFLU 75MG CAPS C/10,2.33,5,554.6,1.0,1.0,0.0,554.6,,,0.0,0.0,0,0.0,0.0,92,92
841,15496,TAMIFLU 75MG CAPS C/10,2.33,7,554.6,1.0,1.0,0.0,554.6,,,0.0,0.0,0,0.0,0.0,92,92
841,15496,TAMIFLU 75MG CAPS C/10,2.33,10,554.6,1.0,1.0,0.0,554.6,,,0.0,0.0,0,0.0,0.0,92,92
841,15496,TAMIFLU 75MG CAPS C/10,2.33,14,554.6,1.0,1.0,0.0,554.6,,,0.0,0.0,0,0.0,0.0,92,92
841,15496,TAMIFLU 75MG CAPS C/10,2.58,5,554.6,1.0,1.0,0.0,554.6,,,0.0,0.0,0,0.0,0.0,92,92
841,15496,TAMIFLU 75MG CAPS C/10,2.58,7,554.6,1.0,1.0,0.0,554.6,,,0.0,0.0,0,0.0,0.0,92,92
841,15496,TAMIFLU 75MG CAPS C/10,2.58,10,554.6,1.0,1.0,0.0,554.6,,,0.0,0.0,0,0.0,0.0,92,92
841,15496,TAMIFLU 75MG CAPS C/10,2.58,14,554.6,1.0,1.0,0.0,554.6,,,0.0,0.0,0,0.0,0.0,92,92
841,15589,ANTUX XAROPE 120ML,0.84,5,107.0994,1.0,1.0,0.0,106.5324,136.741,-30.2086,52.16,0.0,2,11.5171,4.0,92,92
841,15589,ANTUX XAROPE 120ML,0.84,7,107.0994,1.0,1.0,0.0,106.5324,136.741,-30.2086,52.16,0.0,2,11.5171,4.0,92,92
841,15589,ANTUX XAROPE 120ML,1.04,5,107.0994,1.0,1.0,0.0,106.5324,136.741,-30.2086,52.16,0.0,2,11.5171,4.0,92,92
841,15589,ANTUX XAROPE 120ML,1.04,7,107.0994,1.0,1.0,0.0,106.5324,136.741,-30.2086,52.16,0.0,2,11.5171,4.0,92,92
841,15589,ANTUX XAROPE 120ML,1.28,5,107.0994,1.0,1.0,0.0,106.5324,136.741,-30.2086,52.16,0.0,2,11.5171,4.0,92,92
841,15589,ANTUX XAROPE 120ML,1.28,7,107.0994,1.0,1.0,0.0,106.5324,136.741,-30.2086,52.16,0.0,2,11.5171,4.0,92,92
841,15589,ANTUX XAROPE 120ML,1.65,5,107.0994,1.0,1.0,0.0,106.5324,136.741,-30.2086,52.16,0.0,2,11.5171,4.0,92,92
841,15589,ANTUX XAROPE 120ML,1.65,7,107.0994,1.0,1.0,0.0,106.5324,136.741,-30.2086,52.16,0.0,2,11.5171,4.0,92,92
841,15589,ANTUX XAROPE 120ML,0.84,10,159.6933,1.0,1.0,0.0,159.4098,136.741,22.6688,26.08,0.0,1,11.5171,4.0,92,92
841,15589,ANTUX XAROPE 120ML,1.04,10,159.6933,1.0,1.0,0.0,159.4098,136.741,22.6688,26.08,0.0,1,11.5171,4.0,92,92
841,15589,ANTUX XAROPE 120ML,1.28,10,159.6933,1.0,1.0,0.0,159.4098,136.741,22.6688,26.08,0.0,1,11.5171,4.0,92,92
841,15589,ANTUX XAROPE 120ML,1.65,10,159.6933,1.0,1.0,0.0,159.4098,136.741,22.6688,26.08,0.0,1,11.5171,4.0,92,92
841,15589,ANTUX XAROPE 120ML,2.05,10,165.5253,1.0,1.0,0.0,165.2418,136.741,28.5008,26.08,0.0,1,11.5171,4.0,92,92
841,15589,ANTUX XAROPE 120ML,2.33,10,165.5253,1.0,1.0,0.0,165.2418,136.741,28.5008,26.08,0.0,1,11.5171,4.0,92,92
841,15589,ANTUX XAROPE 120ML,2.58,10,165.5253,1.0,1.0,0.0,165.2418,136.741,28.5008,26.08,0.0,1,11.5171,4.0,92,92
841,15589,ANTUX XAROPE 120ML,2.05,5,166.1977,1.0,1.0,0.0,165.6307,136.741,28.8896,52.16,0.0,2,11.5171,4.0,92,92
841,15589,ANTUX XAROPE 120ML,2.05,7,166.1977,1.0,1.0,0.0,165.6307,136.741,28.8896,52.16,0.0,2,11.5171,4.0,92,92
841,15589,ANTUX XAROPE 120ML,2.33,5,166.1977,1.0,1.0,0.0,165.6307,136.741,28.8896,52.16,0.0,2,11.5171,4.0,92,92
841,15589,ANTUX XAROPE 120ML,2.33,7,166.1977,1.0,1.0,0.0,165.6307,136.741,28.8896,52.16,0.0,2,11.5171,4.0,92,92
841,15589,ANTUX XAROPE 120ML,2.58,5,166.1977,1.0,1.0,0.0,165.6307,136.741,28.8896,52.16,0.0,2,11.5171,4.0,92,92
841,15589,ANTUX XAROPE 120ML,2.58,7,166.1977,1.0,1.0,0.0,165.6307,136.741,28.8896,52.16,0.0,2,11.5171,4.0,92,92
841,15589,ANTUX XAROPE 120ML,0.84,14,173.6902,1.0,1.0,0.0,173.4067,136.741,36.6657,26.08,0.0,1,11.5171,4.0,92,92
841,15589,ANTUX XAROPE 120ML,1.04,14,173.6902,1.0,1.0,0.0,173.4067,136.741,36.6657,26.08,0.0,1,11.5171,4.0,92,92
841,15589,ANTUX XAROPE 120ML,1.28,14,173.6902,1.0,1.0,0.0,173.4067,136.741,36.6657,26.08,0.0,1,11.5171,4.0,92,92
841,15589,ANTUX XAROPE 120ML,1.65,14,173.6902,1.0,1.0,0.0,173.4067,136.741,36.6657,26.08,0.0,1,11.5171,4.0,92,92
841,15589,ANTUX XAROPE 120ML,2.05,14,178.3559,1.0,1.0,0.0,178.0724,136.741,41.3314,26.08,0.0,1,11.5171,4.0,92,92
841,15589,ANTUX XAROPE 120ML,2.33,14,178.3559,1.0,1.0,0.0,178.0724,136.741,41.3314,26.08,0.0,1,11.5171,4.0,92,92
841,15589,ANTUX XAROPE 120ML,2.58,14,178.3559,1.0,1.0,0.0,178.0724,136.741,41.3314,26.08,0.0,1,11.5171,4.0,92,92
841,15590,ANTUX GTS 20ML,0.84,5,138.9,1.0,1.0,0.0,138.9,106.6658,32.2342,0.0,0.0,0,0.0,0.0,92,92
841,15590,ANTUX GTS 20ML,0.84,7,138.9,1.0,1.0,0.0,138.9,106.6658,32.2342,0.0,0.0,0,0.0,0.0,92,92
841,15590,ANTUX GTS 20ML,0.84,10,138.9,1.0,1.0,0.0,138.9,106.6658,32.2342,0.0,0.0,0,0.0,0.0,92,92
841,15590,ANTUX GTS 20ML,0.84,14,138.9,1.0,1.0,0.0,138.9,106.6658,32.2342,0.0,0.0,0,0.0,0.0,92,92
841,15590,ANTUX GTS 20ML,1.04,5,138.9,1.0,1.0,0.0,138.9,106.6658,32.2342,0.0,0.0,0,0.0,0.0,92,92
841,15590,ANTUX GTS 20ML,1.04,7,138.9,1.0,1.0,0.0,138.9,106.6658,32.2342,0.0,0.0,0,0.0,0.0,92,92
841,15590,ANTUX GTS 20ML,1.04,10,138.9,1.0,1.0,0.0,138.9,106.6658,32.2342,0.0,0.0,0,0.0,0.0,92,92
841,15590,ANTUX GTS 20ML,1.04,14,138.9,1.0,1.0,0.0,138.9,106.6658,32.2342,0.0,0.0,0,0.0,0.0,92,92
841,15590,ANTUX GTS 20ML,1.28,5,138.9,1.0,1.0,0.0,138.9,106.6658,32.2342,0.0,0.0,0,0.0,0.0,92,92
841,15590,ANTUX GTS 20ML,1.28,7,138.9,1.0,1.0,0.0,138.9,106.6658,32.2342,0.0,0.0,0,0.0,0.0,92,92
841,15590,ANTUX GTS 20ML,1.28,10,138.9,1.0,1.0,0.0,138.9,106.6658,32.2342,0.0,0.0,0,0.0,0.0,92,92
841,15590,ANTUX GTS 20ML,1.28,14,138.9,1.0,1.0,0.0,138.9,106.6658,32.2342,0.0,0.0,0,0.0,0.0,92,92
841,15590,ANTUX GTS 20ML,1.65,5,138.9,1.0,1.0,0.0,138.9,106.6658,32.2342,0.0,0.0,0,0.0,0.0,92,92
841,15590,ANTUX GTS 20ML,1.65,7,138.9,1.0,1.0,0.0,138.9,106.6658,32.2342,0.0,0.0,0,0.0,0.0,92,92
841,15590,ANTUX GTS 20ML,1.65,10,138.9,1.0,1.0,0.0,138.9,106.6658,32.2342,0.0,0.0,0,0.0,0.0,92,92
841,15590,ANTUX GTS 20ML,1.65,14,138.9,1.0,1.0,0.0,138.9,106.6658,32.2342,0.0,0.0,0,0.0,0.0,92,92
841,15590,ANTUX GTS 20ML,2.05,5,138.9,1.0,1.0,0.0,138.9,106.6658,32.2342,0.0,0.0,0,0.0,0.0,92,92
841,15590,ANTUX GTS 20ML,2.05,7,138.9,1.0,1.0,0.0,138.9,106.6658,32.2342,0.0,0.0,0,0.0,0.0,92,92
841,15590,ANTUX GTS 20ML,2.05,10,138.9,1.0,1.0,0.0,138.9,106.6658,32.2342,0.0,0.0,0,0.0,0.0,92,92
841,15590,ANTUX GTS 20ML,2.05,14,138.9,1.0,1.0,0.0,138.9,106.6658,32.2342,0.0,0.0,0,0.0,0.0,92,92
841,15590,ANTUX GTS 20ML,2.33,5,138.9,1.0,1.0,0.0,138.9,106.6658,32.2342,0.0,0.0,0,0.0,0.0,92,92
841,15590,ANTUX GTS 20ML,2.33,7,138.9,1.0,1.0,0.0,138.9,106.6658,32.2342,0.0,0.0,0,0.0,0.0,92,92
841,15590,ANTUX GTS 20ML,2.33,10,138.9,1.0,1.0,0.0,138.9,106.6658,32.2342,0.0,0.0,0,0.0,0.0,92,92
841,15590,ANTUX GTS 20ML,2.33,14,138.9,1.0,1.0,0.0,138.9,106.6658,32.2342,0.0,0.0,0,0.0,0.0,92,92
841,15590,ANTUX GTS 20ML,2.58,5,138.9,1.0,1.0,0.0,138.9,106.6658,32.2342,0.0,0.0,0,0.0,0.0,92,92
841,15590,ANTUX GTS 20ML,2.58,7,138.9,1.0,1.0,0.0,138.9,106.6658,32.2342,0.0,0.0,0,0.0,0.0,92,92
841,15590,ANTUX GTS 20ML,2.58,10,138.9,1.0,1.0,0.0,138.9,106.6658,32.2342,0.0,0.0,0,0.0,0.0,92,92
841,15590,ANTUX GTS 20ML,2.58,14,138.9,1.0,1.0,0.0,138.9,106.6658,32.2342,0.0,0.0,0,0.0,0.0,92,92
841,18064,NEOSORO SOLUCAO NASAL ADULTO 30ML,0.84,5,143.8511,1.0,1.0,0.0,143.5438,253.5975,-110.0537,28.27,0.0,11,310.9696,187.0,92,92
841,18064,NEOSORO SOLUCAO NASAL ADULTO 30ML,1.04,5,152.5416,1.0,1.0,0.0,152.2343,253.5975,-101.3631,28.27,0.0,11,310.9696,187.0,92,92
841,18064,NEOSORO SOLUCAO NASAL ADULTO 30ML,1.28,5,161.7316,1.0,1.0,0.0,161.4243,253.5975,-92.1731,28.27,0.0,11,310.9696,187.0,92,92
841,18064,NEOSORO SOLUCAO NASAL ADULTO 30ML,0.84,7,170.1386,1.0,1.0,0.0,169.9151,253.5975,-83.6824,20.56,0.0,8,310.9696,187.0,92,92
841,18064,NEOSORO SOLUCAO NASAL ADULTO 30ML,1.04,7,179.3286,1.0,1.0,0.0,179.1051,253.5975,-74.4924,20.56,0.0,8,310.9696,187.0,92,92
841,18064,NEOSORO SOLUCAO NASAL ADULTO 30ML,1.65,5,180.1116,1.0,1.0,0.0,179.8043,253.5975,-73.7931,28.27,0.0,11,310.9696,187.0,92,92
841,18064,NEOSORO SOLUCAO NASAL ADULTO 30ML,1.28,7,188.5186,1.0,1.0,0.0,188.2951,253.5975,-65.3024,20.56,0.0,8,310.9696,187.0,92,92
841,18064,NEOSORO SOLUCAO NASAL ADULTO 30ML,2.05,5,189.3016,1.0,1.0,0.0,188.9943,253.5975,-64.6031,28.27,0.0,11,310.9696,187.0,92,92
841,18064,NEOSORO SOLUCAO NASAL ADULTO 30ML,1.65,7,206.8986,1.0,1.0,0.0,206.6751,253.5975,-46.9224,20.56,0.0,8,310.9696,187.0,92,92
841,18064,NEOSORO SOLUCAO NASAL ADULTO 30ML,2.33,5,207.6816,1.0,1.0,0.0,207.3743,253.5975,-46.2231,28.27,0.0,11,310.9696,187.0,92,92
841,18064,NEOSORO SOLUCAO NASAL ADULTO 30ML,0.84,10,210.5108,0.98913,1.0,-0.01087,210.3711,253.5975,-43.2264,12.85,2.0,5,310.9696,187.0,92,92
841,18064,NEOSORO SOLUCAO NASAL ADULTO 30ML,2.05,7,216.0886,1.0,1.0,0.0,215.8651,253.5975,-37.7324,20.56,0.0,8,310.9696,187.0,92,92
841,18064,NEOSORO SOLUCAO NASAL ADULTO 30ML,2.58,5,216.8716,1.0,1.0,0.0,216.5643,253.5975,-37.0331,28.27,0.0,11,310.9696,187.0,92,92
841,18064,NEOSORO SOLUCAO NASAL ADULTO 30ML,1.04,10,217.703,0.98913,1.0,-0.01087,217.5633,253.5975,-36.0342,12.85,1.0,5,310.9696,187.0,92,92
841,18064,NEOSORO SOLUCAO NASAL ADULTO 30ML,1.28,10,225.7942,0.98913,1.0,-0.01087,225.6545,253.5975,-27.943,12.85,0.0,5,310.9696,187.0,92,92
841,18064,NEOSORO SOLUCAO NASAL ADULTO 30ML,2.33,7,234.4686,1.0,1.0,0.0,234.2451,253.5975,-19.3524,20.56,0.0,8,310.9696,187.0,92,92
841,18064,NEOSORO SOLUCAO NASAL ADULTO 30ML,1.65,10,243.2751,1.0,1.0,0.0,243.1354,253.5975,-10.462,12.85,0.0,5,310.9696,187.0,92,92
841,18064,NEOSORO SOLUCAO NASAL ADULTO 30ML,2.58,7,243.6586,1.0,1.0,0.0,243.4351,253.5975,-10.1624,20.56,0.0,8,310.9696,187.0,92,92
841,18064,NEOSORO SOLUCAO NASAL ADULTO 30ML,0.84,14,246.6714,1.0,1.0,0.0,246.5317,253.5975,-7.0657,12.85,0.0,5,310.9696,187.0,92,92
841,18064,NEOSORO SOLUCAO NASAL ADULTO 30ML,2.05,10,252.4651,1.0,1.0,0.0,252.3254,253.5975,-1.272,12.85,0.0,5,310.9696,187.0,92,92
841,18064,NEOSORO SOLUCAO NASAL ADULTO 30ML,1.04,14,255.4619,1.0,1.0,0.0,255.3222,253.5975,1.7247,12.85,0.0,5,310.9696,187.0,92,92
841,18064,NEOSORO SOLUCAO NASAL ADULTO 30ML,1.28,14,264.6519,1.0,1.0,0.0,264.5122,253.5975,10.9147,12.85,0.0,5,310.9696,187.0,92,92
841,18064,NEOSORO SOLUCAO NASAL ADULTO 30ML,2.33,10,270.8451,1.0,1.0,0.0,270.7054,253.5975,17.108,12.85,0.0,5,310.9696,187.0,92,92
841,18064,NEOSORO SOLUCAO NASAL ADULTO 30ML,2.58,10,280.0351,1.0,1.0,0.0,279.8954,253.5975,26.298,12.85,0.0,5,310.9696,187.0,92,92
841,18064,NEOSORO SOLUCAO NASAL ADULTO 30ML,1.65,14,304.5804,1.0,1.0,0.0,304.4687,253.5975,50.8712,10.28,0.0,4,310.9696,187.0,92,92
841,18064,NEOSORO SOLUCAO NASAL ADULTO 30ML,2.05,14,313.7704,1.0,1.0,0.0,313.6587,253.5975,60.0612,10.28,0.0,4,310.9696,187.0,92,92
841,18064,NEOSORO SOLUCAO NASAL ADULTO 30ML,2.33,14,332.1504,1.0,1.0,0.0,332.0387,253.5975,78.4412,10.28,0.0,4,310.9696,187.0,92,92
841,18064,NEOSORO SOLUCAO NASAL ADULTO 30ML,2.58,14,341.3404,1.0,1.0,0.0,341.2287,253.5975,87.6312,10.28,0.0,4,310.9696,187.0,92,92
841,20635,ABRILAR XAROPE 100ML,0.84,5,67.7341,1.0,1.0,0.0,66.9678,66.199,0.7688,70.5,0.0,3,3.2431,3.0,92,92
841,20635,ABRILAR XAROPE 100ML,0.84,7,67.7341,1.0,1.0,0.0,66.9678,66.199,0.7688,70.5,0.0,3,3.2431,3.0,92,92
841,20635,ABRILAR XAROPE 100ML,0.84,10,67.7341,1.0,1.0,0.0,66.9678,66.199,0.7688,70.5,0.0,3,3.2431,3.0,92,92
841,20635,ABRILAR XAROPE 100ML,0.84,14,67.7341,1.0,1.0,0.0,66.9678,66.199,0.7688,70.5,0.0,3,3.2431,3.0,92,92
841,20635,ABRILAR XAROPE 100ML,1.04,5,67.7341,1.0,1.0,0.0,66.9678,66.199,0.7688,70.5,0.0,3,3.2431,3.0,92,92
841,20635,ABRILAR XAROPE 100ML,1.04,7,67.7341,1.0,1.0,0.0,66.9678,66.199,0.7688,70.5,0.0,3,3.2431,3.0,92,92
841,20635,ABRILAR XAROPE 100ML,1.04,10,67.7341,1.0,1.0,0.0,66.9678,66.199,0.7688,70.5,0.0,3,3.2431,3.0,92,92
841,20635,ABRILAR XAROPE 100ML,1.04,14,67.7341,1.0,1.0,0.0,66.9678,66.199,0.7688,70.5,0.0,3,3.2431,3.0,92,92
841,20635,ABRILAR XAROPE 100ML,1.28,5,67.7341,1.0,1.0,0.0,66.9678,66.199,0.7688,70.5,0.0,3,3.2431,3.0,92,92
841,20635,ABRILAR XAROPE 100ML,1.28,7,67.7341,1.0,1.0,0.0,66.9678,66.199,0.7688,70.5,0.0,3,3.2431,3.0,92,92
841,20635,ABRILAR XAROPE 100ML,1.28,10,67.7341,1.0,1.0,0.0,66.9678,66.199,0.7688,70.5,0.0,3,3.2431,3.0,92,92
841,20635,ABRILAR XAROPE 100ML,1.28,14,67.7341,1.0,1.0,0.0,66.9678,66.199,0.7688,70.5,0.0,3,3.2431,3.0,92,92
841,20635,ABRILAR XAROPE 100ML,1.65,5,67.7341,1.0,1.0,0.0,66.9678,66.199,0.7688,70.5,0.0,3,3.2431,3.0,92,92
841,20635,ABRILAR XAROPE 100ML,1.65,7,67.7341,1.0,1.0,0.0,66.9678,66.199,0.7688,70.5,0.0,3,3.2431,3.0,92,92
841,20635,ABRILAR XAROPE 100ML,1.65,10,67.7341,1.0,1.0,0.0,66.9678,66.199,0.7688,70.5,0.0,3,3.2431,3.0,92,92
841,20635,ABRILAR XAROPE 100ML,1.65,14,67.7341,1.0,1.0,0.0,66.9678,66.199,0.7688,70.5,0.0,3,3.2431,3.0,92,92
841,20635,ABRILAR XAROPE 100ML,2.05,5,67.7341,1.0,1.0,0.0,66.9678,66.199,0.7688,70.5,0.0,3,3.2431,3.0,92,92
841,20635,ABRILAR XAROPE 100ML,2.05,7,67.7341,1.0,1.0,0.0,66.9678,66.199,0.7688,70.5,0.0,3,3.2431,3.0,92,92
841,20635,ABRILAR XAROPE 100ML,2.05,10,67.7341,1.0,1.0,0.0,66.9678,66.199,0.7688,70.5,0.0,3,3.2431,3.0,92,92
841,20635,ABRILAR XAROPE 100ML,2.05,14,67.7341,1.0,1.0,0.0,66.9678,66.199,0.7688,70.5,0.0,3,3.2431,3.0,92,92
841,20635,ABRILAR XAROPE 100ML,2.33,5,103.5541,1.0,1.0,0.0,102.7878,66.199,36.5888,70.5,0.0,3,3.2431,3.0,92,92
841,20635,ABRILAR XAROPE 100ML,2.33,7,103.5541,1.0,1.0,0.0,102.7878,66.199,36.5888,70.5,0.0,3,3.2431,3.0,92,92
841,20635,ABRILAR XAROPE 100ML,2.33,10,103.5541,1.0,1.0,0.0,102.7878,66.199,36.5888,70.5,0.0,3,3.2431,3.0,92,92
841,20635,ABRILAR XAROPE 100ML,2.33,14,103.5541,1.0,1.0,0.0,102.7878,66.199,36.5888,70.5,0.0,3,3.2431,3.0,92,92
841,20635,ABRILAR XAROPE 100ML,2.58,5,103.5541,1.0,1.0,0.0,102.7878,66.199,36.5888,70.5,0.0,3,3.2431,3.0,92,92
841,20635,ABRILAR XAROPE 100ML,2.58,7,103.5541,1.0,1.0,0.0,102.7878,66.199,36.5888,70.5,0.0,3,3.2431,3.0,92,92
841,20635,ABRILAR XAROPE 100ML,2.58,10,103.5541,1.0,1.0,0.0,102.7878,66.199,36.5888,70.5,0.0,3,3.2431,3.0,92,92
841,20635,ABRILAR XAROPE 100ML,2.58,14,103.5541,1.0,1.0,0.0,102.7878,66.199,36.5888,70.5,0.0,3,3.2431,3.0,92,92
841,21141,PERCOF XAROPE 120ML,0.84,5,104.5558,0.978261,1.0,-0.021739,102.0153,173.5667,-71.5514,233.73,0.0,9,14.6243,17.0,92,92
841,21141,PERCOF XAROPE 120ML,0.84,7,104.5558,0.978261,1.0,-0.021739,102.0153,173.5667,-71.5514,233.73,0.0,9,14.6243,17.0,92,92
841,21141,PERCOF XAROPE 120ML,1.04,5,104.5558,0.978261,1.0,-0.021739,102.0153,173.5667,-71.5514,233.73,0.0,9,14.6243,17.0,92,92
841,21141,PERCOF XAROPE 120ML,1.04,7,104.5558,0.978261,1.0,-0.021739,102.0153,173.5667,-71.5514,233.73,0.0,9,14.6243,17.0,92,92
841,21141,PERCOF XAROPE 120ML,1.28,5,104.5558,0.978261,1.0,-0.021739,102.0153,173.5667,-71.5514,233.73,0.0,9,14.6243,17.0,92,92
841,21141,PERCOF XAROPE 120ML,1.28,7,104.5558,0.978261,1.0,-0.021739,102.0153,173.5667,-71.5514,233.73,0.0,9,14.6243,17.0,92,92
841,21141,PERCOF XAROPE 120ML,0.84,10,112.8108,1.0,1.0,0.0,111.1171,173.5667,-62.4496,155.82,0.0,6,14.6243,17.0,92,92
841,21141,PERCOF XAROPE 120ML,1.04,10,112.8108,1.0,1.0,0.0,111.1171,173.5667,-62.4496,155.82,0.0,6,14.6243,17.0,92,92
841,21141,PERCOF XAROPE 120ML,1.28,10,112.8108,1.0,1.0,0.0,111.1171,173.5667,-62.4496,155.82,0.0,6,14.6243,17.0,92,92
841,21141,PERCOF XAROPE 120ML,0.84,14,128.9327,0.978261,1.0,-0.021739,127.8036,173.5667,-45.7631,103.88,0.0,4,14.6243,17.0,92,92
841,21141,PERCOF XAROPE 120ML,1.04,14,128.9327,0.978261,1.0,-0.021739,127.8036,173.5667,-45.7631,103.88,0.0,4,14.6243,17.0,92,92
841,21141,PERCOF XAROPE 120ML,1.28,14,128.9327,0.978261,1.0,-0.021739,127.8036,173.5667,-45.7631,103.88,0.0,4,14.6243,17.0,92,92
841,21141,PERCOF XAROPE 120ML,1.65,5,139.4458,1.0,1.0,0.0,136.9053,173.5667,-36.6614,233.73,0.0,9,14.6243,17.0,92,92
841,21141,PERCOF XAROPE 120ML,1.65,7,139.4458,1.0,1.0,0.0,136.9053,173.5667,-36.6614,233.73,0.0,9,14.6243,17.0,92,92
841,21141,PERCOF XAROPE 120ML,2.05,5,139.4458,1.0,1.0,0.0,136.9053,173.5667,-36.6614,233.73,0.0,9,14.6243,17.0,92,92
841,21141,PERCOF XAROPE 120ML,2.05,7,139.4458,1.0,1.0,0.0,136.9053,173.5667,-36.6614,233.73,0.0,9,14.6243,17.0,92,92
841,21141,PERCOF XAROPE 120ML,2.33,5,139.4458,1.0,1.0,0.0,136.9053,173.5667,-36.6614,233.73,0.0,9,14.6243,17.0,92,92
841,21141,PERCOF XAROPE 120ML,2.33,7,139.4458,1.0,1.0,0.0,136.9053,173.5667,-36.6614,233.73,0.0,9,14.6243,17.0,92,92
841,21141,PERCOF XAROPE 120ML,1.65,10,160.6918,1.0,1.0,0.0,159.2804,173.5667,-14.2863,129.85,0.0,5,14.6243,17.0,92,92
841,21141,PERCOF XAROPE 120ML,2.05,10,160.6918,1.0,1.0,0.0,159.2804,173.5667,-14.2863,129.85,0.0,5,14.6243,17.0,92,92
841,21141,PERCOF XAROPE 120ML,2.33,10,160.6918,1.0,1.0,0.0,159.2804,173.5667,-14.2863,129.85,0.0,5,14.6243,17.0,92,92
841,21141,PERCOF XAROPE 120ML,2.58,5,174.3358,1.0,1.0,0.0,171.7953,173.5667,-1.7714,233.73,0.0,9,14.6243,17.0,92,92
841,21141,PERCOF XAROPE 120ML,2.58,7,174.3358,1.0,1.0,0.0,171.7953,173.5667,-1.7714,233.73,0.0,9,14.6243,17.0,92,92
841,21141,PERCOF XAROPE 120ML,1.65,14,186.9563,1.0,1.0,0.0,185.8272,173.5667,12.2605,103.88,0.0,4,14.6243,17.0,92,92
841,21141,PERCOF XAROPE 120ML,2.05,14,186.9563,1.0,1.0,0.0,185.8272,173.5667,12.2605,103.88,0.0,4,14.6243,17.0,92,92
841,21141,PERCOF XAROPE 120ML,2.33,14,186.9563,1.0,1.0,0.0,185.8272,173.5667,12.2605,103.88,0.0,4,14.6243,17.0,92,92
841,21141,PERCOF XAROPE 120ML,2.58,10,195.5818,1.0,1.0,0.0,194.1704,173.5667,20.6037,129.85,0.0,5,14.6243,17.0,92,92
841,21141,PERCOF XAROPE 120ML,2.58,14,198.7127,1.0,1.0,0.0,197.5836,173.5667,24.0169,103.88,0.0,4,14.6243,17.0,92,92
841,31330,ABRILAR XAROPE 200ML,0.84,5,154.2398,1.0,0.967391,0.032609,153.6848,138.2082,15.4766,51.06,0.0,1,1.1749,1.0,92,92
841,31330,ABRILAR XAROPE 200ML,0.84,7,154.2398,1.0,0.967391,0.032609,153.6848,138.2082,15.4766,51.06,0.0,1,1.1749,1.0,92,92
841,31330,ABRILAR XAROPE 200ML,0.84,10,154.2398,1.0,0.967391,0.032609,153.6848,138.2082,15.4766,51.06,0.0,1,1.1749,1.0,92,92
841,31330,ABRILAR XAROPE 200ML,0.84,14,154.2398,1.0,0.967391,0.032609,153.6848,138.2082,15.4766,51.06,0.0,1,1.1749,1.0,92,92
841,31330,ABRILAR XAROPE 200ML,1.04,5,154.2398,1.0,0.967391,0.032609,153.6848,138.2082,15.4766,51.06,0.0,1,1.1749,1.0,92,92
841,31330,ABRILAR XAROPE 200ML,1.04,7,154.2398,1.0,0.967391,0.032609,153.6848,138.2082,15.4766,51.06,0.0,1,1.1749,1.0,92,92
841,31330,ABRILAR XAROPE 200ML,1.04,10,154.2398,1.0,0.967391,0.032609,153.6848,138.2082,15.4766,51.06,0.0,1,1.1749,1.0,92,92
841,31330,ABRILAR XAROPE 200ML,1.04,14,154.2398,1.0,0.967391,0.032609,153.6848,138.2082,15.4766,51.06,0.0,1,1.1749,1.0,92,92
841,31330,ABRILAR XAROPE 200ML,1.28,5,154.2398,1.0,0.967391,0.032609,153.6848,138.2082,15.4766,51.06,0.0,1,1.1749,1.0,92,92
841,31330,ABRILAR XAROPE 200ML,1.28,7,154.2398,1.0,0.967391,0.032609,153.6848,138.2082,15.4766,51.06,0.0,1,1.1749,1.0,92,92
841,31330,ABRILAR XAROPE 200ML,1.28,10,154.2398,1.0,0.967391,0.032609,153.6848,138.2082,15.4766,51.06,0.0,1,1.1749,1.0,92,92
841,31330,ABRILAR XAROPE 200ML,1.28,14,154.2398,1.0,0.967391,0.032609,153.6848,138.2082,15.4766,51.06,0.0,1,1.1749,1.0,92,92
841,31330,ABRILAR XAROPE 200ML,1.65,5,154.2398,1.0,0.967391,0.032609,153.6848,138.2082,15.4766,51.06,0.0,1,1.1749,1.0,92,92
841,31330,ABRILAR XAROPE 200ML,1.65,7,154.2398,1.0,0.967391,0.032609,153.6848,138.2082,15.4766,51.06,0.0,1,1.1749,1.0,92,92
841,31330,ABRILAR XAROPE 200ML,1.65,10,154.2398,1.0,0.967391,0.032609,153.6848,138.2082,15.4766,51.06,0.0,1,1.1749,1.0,92,92
841,31330,ABRILAR XAROPE 200ML,1.65,14,154.2398,1.0,0.967391,0.032609,153.6848,138.2082,15.4766,51.06,0.0,1,1.1749,1.0,92,92
841,31330,ABRILAR XAROPE 200ML,2.05,5,154.2398,1.0,0.967391,0.032609,153.6848,138.2082,15.4766,51.06,0.0,1,1.1749,1.0,92,92
841,31330,ABRILAR XAROPE 200ML,2.05,7,154.2398,1.0,0.967391,0.032609,153.6848,138.2082,15.4766,51.06,0.0,1,1.1749,1.0,92,92
841,31330,ABRILAR XAROPE 200ML,2.05,10,154.2398,1.0,0.967391,0.032609,153.6848,138.2082,15.4766,51.06,0.0,1,1.1749,1.0,92,92
841,31330,ABRILAR XAROPE 200ML,2.05,14,154.2398,1.0,0.967391,0.032609,153.6848,138.2082,15.4766,51.06,0.0,1,1.1749,1.0,92,92
841,31330,ABRILAR XAROPE 200ML,2.33,5,154.2398,1.0,0.967391,0.032609,153.6848,138.2082,15.4766,51.06,0.0,1,1.1749,1.0,92,92
841,31330,ABRILAR XAROPE 200ML,2.33,7,154.2398,1.0,0.967391,0.032609,153.6848,138.2082,15.4766,51.06,0.0,1,1.1749,1.0,92,92
841,31330,ABRILAR XAROPE 200ML,2.33,10,154.2398,1.0,0.967391,0.032609,153.6848,138.2082,15.4766,51.06,0.0,1,1.1749,1.0,92,92
841,31330,ABRILAR XAROPE 200ML,2.33,14,154.2398,1.0,0.967391,0.032609,153.6848,138.2082,15.4766,51.06,0.0,1,1.1749,1.0,92,92
841,31330,ABRILAR XAROPE 200ML,2.58,5,154.2398,1.0,0.967391,0.032609,153.6848,138.2082,15.4766,51.06,0.0,1,1.1749,1.0,92,92
841,31330,ABRILAR XAROPE 200ML,2.58,7,154.2398,1.0,0.967391,0.032609,153.6848,138.2082,15.4766,51.06,0.0,1,1.1749,1.0,92,92
841,31330,ABRILAR XAROPE 200ML,2.58,10,154.2398,1.0,0.967391,0.032609,153.6848,138.2082,15.4766,51.06,0.0,1,1.1749,1.0,92,92
841,31330,ABRILAR XAROPE 200ML,2.58,14,154.2398,1.0,0.967391,0.032609,153.6848,138.2082,15.4766,51.06,0.0,1,1.1749,1.0,92,92
841,35416,EXPECTAMIN XAROPE 120ML,0.84,5,46.5213,1.0,0.945652,0.054348,46.2765,22.659,23.6175,22.52,0.0,2,1.3655,2.0,92,92
841,35416,EXPECTAMIN XAROPE 120ML,0.84,7,46.5213,1.0,0.945652,0.054348,46.2765,22.659,23.6175,22.52,0.0,2,1.3655,2.0,92,92
841,35416,EXPECTAMIN XAROPE 120ML,0.84,10,46.5213,1.0,0.945652,0.054348,46.2765,22.659,23.6175,22.52,0.0,2,1.3655,2.0,92,92
841,35416,EXPECTAMIN XAROPE 120ML,0.84,14,46.5213,1.0,0.945652,0.054348,46.2765,22.659,23.6175,22.52,0.0,2,1.3655,2.0,92,92
841,35416,EXPECTAMIN XAROPE 120ML,1.04,5,46.5213,1.0,0.945652,0.054348,46.2765,22.659,23.6175,22.52,0.0,2,1.3655,2.0,92,92
841,35416,EXPECTAMIN XAROPE 120ML,1.04,7,46.5213,1.0,0.945652,0.054348,46.2765,22.659,23.6175,22.52,0.0,2,1.3655,2.0,92,92
841,35416,EXPECTAMIN XAROPE 120ML,1.04,10,46.5213,1.0,0.945652,0.054348,46.2765,22.659,23.6175,22.52,0.0,2,1.3655,2.0,92,92
841,35416,EXPECTAMIN XAROPE 120ML,1.04,14,46.5213,1.0,0.945652,0.054348,46.2765,22.659,23.6175,22.52,0.0,2,1.3655,2.0,92,92
841,35416,EXPECTAMIN XAROPE 120ML,1.28,5,46.5213,1.0,0.945652,0.054348,46.2765,22.659,23.6175,22.52,0.0,2,1.3655,2.0,92,92
841,35416,EXPECTAMIN XAROPE 120ML,1.28,7,46.5213,1.0,0.945652,0.054348,46.2765,22.659,23.6175,22.52,0.0,2,1.3655,2.0,92,92
841,35416,EXPECTAMIN XAROPE 120ML,1.28,10,46.5213,1.0,0.945652,0.054348,46.2765,22.659,23.6175,22.52,0.0,2,1.3655,2.0,92,92
841,35416,EXPECTAMIN XAROPE 120ML,1.28,14,46.5213,1.0,0.945652,0.054348,46.2765,22.659,23.6175,22.52,0.0,2,1.3655,2.0,92,92
841,35416,EXPECTAMIN XAROPE 120ML,1.65,5,46.5213,1.0,0.945652,0.054348,46.2765,22.659,23.6175,22.52,0.0,2,1.3655,2.0,92,92
841,35416,EXPECTAMIN XAROPE 120ML,1.65,7,46.5213,1.0,0.945652,0.054348,46.2765,22.659,23.6175,22.52,0.0,2,1.3655,2.0,92,92
841,35416,EXPECTAMIN XAROPE 120ML,1.65,10,46.5213,1.0,0.945652,0.054348,46.2765,22.659,23.6175,22.52,0.0,2,1.3655,2.0,92,92
841,35416,EXPECTAMIN XAROPE 120ML,1.65,14,46.5213,1.0,0.945652,0.054348,46.2765,22.659,23.6175,22.52,0.0,2,1.3655,2.0,92,92
841,35416,EXPECTAMIN XAROPE 120ML,2.05,5,46.5213,1.0,0.945652,0.054348,46.2765,22.659,23.6175,22.52,0.0,2,1.3655,2.0,92,92
841,35416,EXPECTAMIN XAROPE 120ML,2.05,7,46.5213,1.0,0.945652,0.054348,46.2765,22.659,23.6175,22.52,0.0,2,1.3655,2.0,92,92
841,35416,EXPECTAMIN XAROPE 120ML,2.05,10,46.5213,1.0,0.945652,0.054348,46.2765,22.659,23.6175,22.52,0.0,2,1.3655,2.0,92,92
841,35416,EXPECTAMIN XAROPE 120ML,2.05,14,46.5213,1.0,0.945652,0.054348,46.2765,22.659,23.6175,22.52,0.0,2,1.3655,2.0,92,92
841,35416,EXPECTAMIN XAROPE 120ML,2.33,5,46.5213,1.0,0.945652,0.054348,46.2765,22.659,23.6175,22.52,0.0,2,1.3655,2.0,92,92
841,35416,EXPECTAMIN XAROPE 120ML,2.33,7,46.5213,1.0,0.945652,0.054348,46.2765,22.659,23.6175,22.52,0.0,2,1.3655,2.0,92,92
841,35416,EXPECTAMIN XAROPE 120ML,2.33,10,46.5213,1.0,0.945652,0.054348,46.2765,22.659,23.6175,22.52,0.0,2,1.3655,2.0,92,92
841,35416,EXPECTAMIN XAROPE 120ML,2.33,14,46.5213,1.0,0.945652,0.054348,46.2765,22.659,23.6175,22.52,0.0,2,1.3655,2.0,92,92
841,35416,EXPECTAMIN XAROPE 120ML,2.58,5,46.5213,1.0,0.945652,0.054348,46.2765,22.659,23.6175,22.52,0.0,2,1.3655,2.0,92,92
841,35416,EXPECTAMIN XAROPE 120ML,2.58,7,46.5213,1.0,0.945652,0.054348,46.2765,22.659,23.6175,22.52,0.0,2,1.3655,2.0,92,92
841,35416,EXPECTAMIN XAROPE 120ML,2.58,10,46.5213,1.0,0.945652,0.054348,46.2765,22.659,23.6175,22.52,0.0,2,1.3655,2.0,92,92
841,35416,EXPECTAMIN XAROPE 120ML,2.58,14,46.5213,1.0,0.945652,0.054348,46.2765,22.659,23.6175,22.52,0.0,2,1.3655,2.0,92,92
841,35772,EMSEXPECTOR XAROPE 120ML,0.84,5,47.54,1.0,1.0,0.0,47.54,47.54,0.0,0.0,0.0,0,1.2374,0.0,92,92
841,35772,EMSEXPECTOR XAROPE 120ML,0.84,7,47.54,1.0,1.0,0.0,47.54,47.54,0.0,0.0,0.0,0,1.2374,0.0,92,92
841,35772,EMSEXPECTOR XAROPE 120ML,0.84,10,47.54,1.0,1.0,0.0,47.54,47.54,0.0,0.0,0.0,0,1.2374,0.0,92,92
841,35772,EMSEXPECTOR XAROPE 120ML,0.84,14,47.54,1.0,1.0,0.0,47.54,47.54,0.0,0.0,0.0,0,1.2374,0.0,92,92
841,35772,EMSEXPECTOR XAROPE 120ML,1.04,5,47.54,1.0,1.0,0.0,47.54,47.54,0.0,0.0,0.0,0,1.2374,0.0,92,92
841,35772,EMSEXPECTOR XAROPE 120ML,1.04,7,47.54,1.0,1.0,0.0,47.54,47.54,0.0,0.0,0.0,0,1.2374,0.0,92,92
841,35772,EMSEXPECTOR XAROPE 120ML,1.04,10,47.54,1.0,1.0,0.0,47.54,47.54,0.0,0.0,0.0,0,1.2374,0.0,92,92
841,35772,EMSEXPECTOR XAROPE 120ML,1.04,14,47.54,1.0,1.0,0.0,47.54,47.54,0.0,0.0,0.0,0,1.2374,0.0,92,92
841,35772,EMSEXPECTOR XAROPE 120ML,1.28,5,47.54,1.0,1.0,0.0,47.54,47.54,0.0,0.0,0.0,0,1.2374,0.0,92,92
841,35772,EMSEXPECTOR XAROPE 120ML,1.28,7,47.54,1.0,1.0,0.0,47.54,47.54,0.0,0.0,0.0,0,1.2374,0.0,92,92
841,35772,EMSEXPECTOR XAROPE 120ML,1.28,10,47.54,1.0,1.0,0.0,47.54,47.54,0.0,0.0,0.0,0,1.2374,0.0,92,92
841,35772,EMSEXPECTOR XAROPE 120ML,1.28,14,47.54,1.0,1.0,0.0,47.54,47.54,0.0,0.0,0.0,0,1.2374,0.0,92,92
841,35772,EMSEXPECTOR XAROPE 120ML,1.65,5,47.54,1.0,1.0,0.0,47.54,47.54,0.0,0.0,0.0,0,1.2374,0.0,92,92
841,35772,EMSEXPECTOR XAROPE 120ML,1.65,7,47.54,1.0,1.0,0.0,47.54,47.54,0.0,0.0,0.0,0,1.2374,0.0,92,92
841,35772,EMSEXPECTOR XAROPE 120ML,1.65,10,47.54,1.0,1.0,0.0,47.54,47.54,0.0,0.0,0.0,0,1.2374,0.0,92,92
841,35772,EMSEXPECTOR XAROPE 120ML,1.65,14,47.54,1.0,1.0,0.0,47.54,47.54,0.0,0.0,0.0,0,1.2374,0.0,92,92
841,35772,EMSEXPECTOR XAROPE 120ML,2.05,5,71.31,1.0,1.0,0.0,71.31,47.54,23.77,0.0,0.0,0,1.2374,0.0,92,92
841,35772,EMSEXPECTOR XAROPE 120ML,2.05,7,71.31,1.0,1.0,0.0,71.31,47.54,23.77,0.0,0.0,0,1.2374,0.0,92,92
841,35772,EMSEXPECTOR XAROPE 120ML,2.05,10,71.31,1.0,1.0,0.0,71.31,47.54,23.77,0.0,0.0,0,1.2374,0.0,92,92
841,35772,EMSEXPECTOR XAROPE 120ML,2.05,14,71.31,1.0,1.0,0.0,71.31,47.54,23.77,0.0,0.0,0,1.2374,0.0,92,92
841,35772,EMSEXPECTOR XAROPE 120ML,2.33,5,71.31,1.0,1.0,0.0,71.31,47.54,23.77,0.0,0.0,0,1.2374,0.0,92,92
841,35772,EMSEXPECTOR XAROPE 120ML,2.33,7,71.31,1.0,1.0,0.0,71.31,47.54,23.77,0.0,0.0,0,1.2374,0.0,92,92
841,35772,EMSEXPECTOR XAROPE 120ML,2.33,10,71.31,1.0,1.0,0.0,71.31,47.54,23.77,0.0,0.0,0,1.2374,0.0,92,92
841,35772,EMSEXPECTOR XAROPE 120ML,2.33,14,71.31,1.0,1.0,0.0,71.31,47.54,23.77,0.0,0.0,0,1.2374,0.0,92,92
841,35772,EMSEXPECTOR XAROPE 120ML,2.58,5,71.31,1.0,1.0,0.0,71.31,47.54,23.77,0.0,0.0,0,1.2374,0.0,92,92
841,35772,EMSEXPECTOR XAROPE 120ML,2.58,7,71.31,1.0,1.0,0.0,71.31,47.54,23.77,0.0,0.0,0,1.2374,0.0,92,92
841,35772,EMSEXPECTOR XAROPE 120ML,2.58,10,71.31,1.0,1.0,0.0,71.31,47.54,23.77,0.0,0.0,0,1.2374,0.0,92,92
841,35772,EMSEXPECTOR XAROPE 120ML,2.58,14,71.31,1.0,1.0,0.0,71.31,47.54,23.77,0.0,0.0,0,1.2374,0.0,92,92
841,36857,NARIX ADULTO 30ML,0.84,5,14.1813,0.98913,1.0,-0.01087,14.0965,23.8608,-9.7642,7.8,0.0,3,4.0966,3.0,92,92
841,36857,NARIX ADULTO 30ML,0.84,7,14.1813,0.98913,1.0,-0.01087,14.0965,23.8608,-9.7642,7.8,0.0,3,4.0966,3.0,92,92
841,36857,NARIX ADULTO 30ML,0.84,10,14.1813,0.98913,1.0,-0.01087,14.0965,23.8608,-9.7642,7.8,0.0,3,4.0966,3.0,92,92
841,36857,NARIX ADULTO 30ML,0.84,14,14.1813,0.98913,1.0,-0.01087,14.0965,23.8608,-9.7642,7.8,0.0,3,4.0966,3.0,92,92
841,36857,NARIX ADULTO 30ML,1.04,5,14.1813,0.98913,1.0,-0.01087,14.0965,23.8608,-9.7642,7.8,0.0,3,4.0966,3.0,92,92
841,36857,NARIX ADULTO 30ML,1.04,7,14.1813,0.98913,1.0,-0.01087,14.0965,23.8608,-9.7642,7.8,0.0,3,4.0966,3.0,92,92
841,36857,NARIX ADULTO 30ML,1.04,10,14.1813,0.98913,1.0,-0.01087,14.0965,23.8608,-9.7642,7.8,0.0,3,4.0966,3.0,92,92
841,36857,NARIX ADULTO 30ML,1.04,14,14.1813,0.98913,1.0,-0.01087,14.0965,23.8608,-9.7642,7.8,0.0,3,4.0966,3.0,92,92
841,36857,NARIX ADULTO 30ML,1.28,5,14.1813,0.98913,1.0,-0.01087,14.0965,23.8608,-9.7642,7.8,0.0,3,4.0966,3.0,92,92
841,36857,NARIX ADULTO 30ML,1.28,7,14.1813,0.98913,1.0,-0.01087,14.0965,23.8608,-9.7642,7.8,0.0,3,4.0966,3.0,92,92
841,36857,NARIX ADULTO 30ML,1.28,10,14.1813,0.98913,1.0,-0.01087,14.0965,23.8608,-9.7642,7.8,0.0,3,4.0966,3.0,92,92
841,36857,NARIX ADULTO 30ML,1.28,14,14.1813,0.98913,1.0,-0.01087,14.0965,23.8608,-9.7642,7.8,0.0,3,4.0966,3.0,92,92
841,36857,NARIX ADULTO 30ML,1.65,5,14.1813,0.98913,1.0,-0.01087,14.0965,23.8608,-9.7642,7.8,0.0,3,4.0966,3.0,92,92
841,36857,NARIX ADULTO 30ML,1.65,7,14.1813,0.98913,1.0,-0.01087,14.0965,23.8608,-9.7642,7.8,0.0,3,4.0966,3.0,92,92
841,36857,NARIX ADULTO 30ML,1.65,10,14.1813,0.98913,1.0,-0.01087,14.0965,23.8608,-9.7642,7.8,0.0,3,4.0966,3.0,92,92
841,36857,NARIX ADULTO 30ML,1.65,14,14.1813,0.98913,1.0,-0.01087,14.0965,23.8608,-9.7642,7.8,0.0,3,4.0966,3.0,92,92
841,36857,NARIX ADULTO 30ML,2.05,5,21.7213,1.0,1.0,0.0,21.6365,23.8608,-2.2242,7.8,0.0,3,4.0966,3.0,92,92
841,36857,NARIX ADULTO 30ML,2.05,7,21.7213,1.0,1.0,0.0,21.6365,23.8608,-2.2242,7.8,0.0,3,4.0966,3.0,92,92
841,36857,NARIX ADULTO 30ML,2.05,10,21.7213,1.0,1.0,0.0,21.6365,23.8608,-2.2242,7.8,0.0,3,4.0966,3.0,92,92
841,36857,NARIX ADULTO 30ML,2.05,14,21.7213,1.0,1.0,0.0,21.6365,23.8608,-2.2242,7.8,0.0,3,4.0966,3.0,92,92
841,36857,NARIX ADULTO 30ML,2.33,5,21.7213,1.0,1.0,0.0,21.6365,23.8608,-2.2242,7.8,0.0,3,4.0966,3.0,92,92
841,36857,NARIX ADULTO 30ML,2.33,7,21.7213,1.0,1.0,0.0,21.6365,23.8608,-2.2242,7.8,0.0,3,4.0966,3.0,92,92
841,36857,NARIX ADULTO 30ML,2.33,10,21.7213,1.0,1.0,0.0,21.6365,23.8608,-2.2242,7.8,0.0,3,4.0966,3.0,92,92
841,36857,NARIX ADULTO 30ML,2.33,14,21.7213,1.0,1.0,0.0,21.6365,23.8608,-2.2242,7.8,0.0,3,4.0966,3.0,92,92
841,36857,NARIX ADULTO 30ML,2.58,5,21.7213,1.0,1.0,0.0,21.6365,23.8608,-2.2242,7.8,0.0,3,4.0966,3.0,92,92
841,36857,NARIX ADULTO 30ML,2.58,7,21.7213,1.0,1.0,0.0,21.6365,23.8608,-2.2242,7.8,0.0,3,4.0966,3.0,92,92
841,36857,NARIX ADULTO 30ML,2.58,10,21.7213,1.0,1.0,0.0,21.6365,23.8608,-2.2242,7.8,0.0,3,4.0966,3.0,92,92
841,36857,NARIX ADULTO 30ML,2.58,14,21.7213,1.0,1.0,0.0,21.6365,23.8608,-2.2242,7.8,0.0,3,4.0966,3.0,92,92
841,42076,HEDRA EXPEC XAROPE 100ML,0.84,5,84.68,1.0,1.0,0.0,84.68,84.68,0.0,0.0,0.0,0,0.2829,0.0,92,92
841,42076,HEDRA EXPEC XAROPE 100ML,0.84,7,84.68,1.0,1.0,0.0,84.68,84.68,0.0,0.0,0.0,0,0.2829,0.0,92,92
841,42076,HEDRA EXPEC XAROPE 100ML,0.84,10,84.68,1.0,1.0,0.0,84.68,84.68,0.0,0.0,0.0,0,0.2829,0.0,92,92
841,42076,HEDRA EXPEC XAROPE 100ML,0.84,14,84.68,1.0,1.0,0.0,84.68,84.68,0.0,0.0,0.0,0,0.2829,0.0,92,92
841,42076,HEDRA EXPEC XAROPE 100ML,1.04,5,84.68,1.0,1.0,0.0,84.68,84.68,0.0,0.0,0.0,0,0.2829,0.0,92,92
841,42076,HEDRA EXPEC XAROPE 100ML,1.04,7,84.68,1.0,1.0,0.0,84.68,84.68,0.0,0.0,0.0,0,0.2829,0.0,92,92
841,42076,HEDRA EXPEC XAROPE 100ML,1.04,10,84.68,1.0,1.0,0.0,84.68,84.68,0.0,0.0,0.0,0,0.2829,0.0,92,92
841,42076,HEDRA EXPEC XAROPE 100ML,1.04,14,84.68,1.0,1.0,0.0,84.68,84.68,0.0,0.0,0.0,0,0.2829,0.0,92,92
841,42076,HEDRA EXPEC XAROPE 100ML,1.28,5,84.68,1.0,1.0,0.0,84.68,84.68,0.0,0.0,0.0,0,0.2829,0.0,92,92
841,42076,HEDRA EXPEC XAROPE 100ML,1.28,7,84.68,1.0,1.0,0.0,84.68,84.68,0.0,0.0,0.0,0,0.2829,0.0,92,92
841,42076,HEDRA EXPEC XAROPE 100ML,1.28,10,84.68,1.0,1.0,0.0,84.68,84.68,0.0,0.0,0.0,0,0.2829,0.0,92,92
841,42076,HEDRA EXPEC XAROPE 100ML,1.28,14,84.68,1.0,1.0,0.0,84.68,84.68,0.0,0.0,0.0,0,0.2829,0.0,92,92
841,42076,HEDRA EXPEC XAROPE 100ML,1.65,5,84.68,1.0,1.0,0.0,84.68,84.68,0.0,0.0,0.0,0,0.2829,0.0,92,92
841,42076,HEDRA EXPEC XAROPE 100ML,1.65,7,84.68,1.0,1.0,0.0,84.68,84.68,0.0,0.0,0.0,0,0.2829,0.0,92,92
841,42076,HEDRA EXPEC XAROPE 100ML,1.65,10,84.68,1.0,1.0,0.0,84.68,84.68,0.0,0.0,0.0,0,0.2829,0.0,92,92
841,42076,HEDRA EXPEC XAROPE 100ML,1.65,14,84.68,1.0,1.0,0.0,84.68,84.68,0.0,0.0,0.0,0,0.2829,0.0,92,92
841,42076,HEDRA EXPEC XAROPE 100ML,2.05,5,84.68,1.0,1.0,0.0,84.68,84.68,0.0,0.0,0.0,0,0.2829,0.0,92,92
841,42076,HEDRA EXPEC XAROPE 100ML,2.05,7,84.68,1.0,1.0,0.0,84.68,84.68,0.0,0.0,0.0,0,0.2829,0.0,92,92
841,42076,HEDRA EXPEC XAROPE 100ML,2.05,10,84.68,1.0,1.0,0.0,84.68,84.68,0.0,0.0,0.0,0,0.2829,0.0,92,92
841,42076,HEDRA EXPEC XAROPE 100ML,2.05,14,84.68,1.0,1.0,0.0,84.68,84.68,0.0,0.0,0.0,0,0.2829,0.0,92,92
841,42076,HEDRA EXPEC XAROPE 100ML,2.33,5,84.68,1.0,1.0,0.0,84.68,84.68,0.0,0.0,0.0,0,0.2829,0.0,92,92
841,42076,HEDRA EXPEC XAROPE 100ML,2.33,7,84.68,1.0,1.0,0.0,84.68,84.68,0.0,0.0,0.0,0,0.2829,0.0,92,92
841,42076,HEDRA EXPEC XAROPE 100ML,2.33,10,84.68,1.0,1.0,0.0,84.68,84.68,0.0,0.0,0.0,0,0.2829,0.0,92,92
841,42076,HEDRA EXPEC XAROPE 100ML,2.33,14,84.68,1.0,1.0,0.0,84.68,84.68,0.0,0.0,0.0,0,0.2829,0.0,92,92
841,42076,HEDRA EXPEC XAROPE 100ML,2.58,5,84.68,1.0,1.0,0.0,84.68,84.68,0.0,0.0,0.0,0,0.2829,0.0,92,92
841,42076,HEDRA EXPEC XAROPE 100ML,2.58,7,84.68,1.0,1.0,0.0,84.68,84.68,0.0,0.0,0.0,0,0.2829,0.0,92,92
841,42076,HEDRA EXPEC XAROPE 100ML,2.58,10,84.68,1.0,1.0,0.0,84.68,84.68,0.0,0.0,0.0,0,0.2829,0.0,92,92
841,42076,HEDRA EXPEC XAROPE 100ML,2.58,14,84.68,1.0,1.0,0.0,84.68,84.68,0.0,0.0,0.0,0,0.2829,0.0,92,92
841,44217,BROMELIN S 100ML,0.84,5,114.72,1.0,1.0,0.0,114.72,,,0.0,0.0,0,0.0,0.0,92,92
841,44217,BROMELIN S 100ML,0.84,7,114.72,1.0,1.0,0.0,114.72,,,0.0,0.0,0,0.0,0.0,92,92
841,44217,BROMELIN S 100ML,0.84,10,114.72,1.0,1.0,0.0,114.72,,,0.0,0.0,0,0.0,0.0,92,92
841,44217,BROMELIN S 100ML,0.84,14,114.72,1.0,1.0,0.0,114.72,,,0.0,0.0,0,0.0,0.0,92,92
841,44217,BROMELIN S 100ML,1.04,5,114.72,1.0,1.0,0.0,114.72,,,0.0,0.0,0,0.0,0.0,92,92
841,44217,BROMELIN S 100ML,1.04,7,114.72,1.0,1.0,0.0,114.72,,,0.0,0.0,0,0.0,0.0,92,92
841,44217,BROMELIN S 100ML,1.04,10,114.72,1.0,1.0,0.0,114.72,,,0.0,0.0,0,0.0,0.0,92,92
841,44217,BROMELIN S 100ML,1.04,14,114.72,1.0,1.0,0.0,114.72,,,0.0,0.0,0,0.0,0.0,92,92
841,44217,BROMELIN S 100ML,1.28,5,114.72,1.0,1.0,0.0,114.72,,,0.0,0.0,0,0.0,0.0,92,92
841,44217,BROMELIN S 100ML,1.28,7,114.72,1.0,1.0,0.0,114.72,,,0.0,0.0,0,0.0,0.0,92,92
841,44217,BROMELIN S 100ML,1.28,10,114.72,1.0,1.0,0.0,114.72,,,0.0,0.0,0,0.0,0.0,92,92
841,44217,BROMELIN S 100ML,1.28,14,114.72,1.0,1.0,0.0,114.72,,,0.0,0.0,0,0.0,0.0,92,92
841,44217,BROMELIN S 100ML,1.65,5,114.72,1.0,1.0,0.0,114.72,,,0.0,0.0,0,0.0,0.0,92,92
841,44217,BROMELIN S 100ML,1.65,7,114.72,1.0,1.0,0.0,114.72,,,0.0,0.0,0,0.0,0.0,92,92
841,44217,BROMELIN S 100ML,1.65,10,114.72,1.0,1.0,0.0,114.72,,,0.0,0.0,0,0.0,0.0,92,92
841,44217,BROMELIN S 100ML,1.65,14,114.72,1.0,1.0,0.0,114.72,,,0.0,0.0,0,0.0,0.0,92,92
841,44217,BROMELIN S 100ML,2.05,5,114.72,1.0,1.0,0.0,114.72,,,0.0,0.0,0,0.0,0.0,92,92
841,44217,BROMELIN S 100ML,2.05,7,114.72,1.0,1.0,0.0,114.72,,,0.0,0.0,0,0.0,0.0,92,92
841,44217,BROMELIN S 100ML,2.05,10,114.72,1.0,1.0,0.0,114.72,,,0.0,0.0,0,0.0,0.0,92,92
841,44217,BROMELIN S 100ML,2.05,14,114.72,1.0,1.0,0.0,114.72,,,0.0,0.0,0,0.0,0.0,92,92
841,44217,BROMELIN S 100ML,2.33,5,114.72,1.0,1.0,0.0,114.72,,,0.0,0.0,0,0.0,0.0,92,92
841,44217,BROMELIN S 100ML,2.33,7,114.72,1.0,1.0,0.0,114.72,,,0.0,0.0,0,0.0,0.0,92,92
841,44217,BROMELIN S 100ML,2.33,10,114.72,1.0,1.0,0.0,114.72,,,0.0,0.0,0,0.0,0.0,92,92
841,44217,BROMELIN S 100ML,2.33,14,114.72,1.0,1.0,0.0,114.72,,,0.0,0.0,0,0.0,0.0,92,92
841,44217,BROMELIN S 100ML,2.58,5,114.72,1.0,1.0,0.0,114.72,,,0.0,0.0,0,0.0,0.0,92,92
841,44217,BROMELIN S 100ML,2.58,7,114.72,1.0,1.0,0.0,114.72,,,0.0,0.0,0,0.0,0.0,92,92
841,44217,BROMELIN S 100ML,2.58,10,114.72,1.0,1.0,0.0,114.72,,,0.0,0.0,0,0.0,0.0,92,92
841,44217,BROMELIN S 100ML,2.58,14,114.72,1.0,1.0,0.0,114.72,,,0.0,0.0,0,0.0,0.0,92,92
841,48812,ARLIVRY XAROPE CEREJA 100ML,0.84,5,42.9292,1.0,1.0,0.0,42.8478,36.5924,6.2554,7.49,0.0,1,0.8004,1.0,92,92
841,48812,ARLIVRY XAROPE CEREJA 100ML,0.84,7,42.9292,1.0,1.0,0.0,42.8478,36.5924,6.2554,7.49,0.0,1,0.8004,1.0,92,92
841,48812,ARLIVRY XAROPE CEREJA 100ML,0.84,10,42.9292,1.0,1.0,0.0,42.8478,36.5924,6.2554,7.49,0.0,1,0.8004,1.0,92,92
841,48812,ARLIVRY XAROPE CEREJA 100ML,0.84,14,42.9292,1.0,1.0,0.0,42.8478,36.5924,6.2554,7.49,0.0,1,0.8004,1.0,92,92
841,48812,ARLIVRY XAROPE CEREJA 100ML,1.04,5,42.9292,1.0,1.0,0.0,42.8478,36.5924,6.2554,7.49,0.0,1,0.8004,1.0,92,92
841,48812,ARLIVRY XAROPE CEREJA 100ML,1.04,7,42.9292,1.0,1.0,0.0,42.8478,36.5924,6.2554,7.49,0.0,1,0.8004,1.0,92,92
841,48812,ARLIVRY XAROPE CEREJA 100ML,1.04,10,42.9292,1.0,1.0,0.0,42.8478,36.5924,6.2554,7.49,0.0,1,0.8004,1.0,92,92
841,48812,ARLIVRY XAROPE CEREJA 100ML,1.04,14,42.9292,1.0,1.0,0.0,42.8478,36.5924,6.2554,7.49,0.0,1,0.8004,1.0,92,92
841,48812,ARLIVRY XAROPE CEREJA 100ML,1.28,5,42.9292,1.0,1.0,0.0,42.8478,36.5924,6.2554,7.49,0.0,1,0.8004,1.0,92,92
841,48812,ARLIVRY XAROPE CEREJA 100ML,1.28,7,42.9292,1.0,1.0,0.0,42.8478,36.5924,6.2554,7.49,0.0,1,0.8004,1.0,92,92
841,48812,ARLIVRY XAROPE CEREJA 100ML,1.28,10,42.9292,1.0,1.0,0.0,42.8478,36.5924,6.2554,7.49,0.0,1,0.8004,1.0,92,92
841,48812,ARLIVRY XAROPE CEREJA 100ML,1.28,14,42.9292,1.0,1.0,0.0,42.8478,36.5924,6.2554,7.49,0.0,1,0.8004,1.0,92,92
841,48812,ARLIVRY XAROPE CEREJA 100ML,1.65,5,42.9292,1.0,1.0,0.0,42.8478,36.5924,6.2554,7.49,0.0,1,0.8004,1.0,92,92
841,48812,ARLIVRY XAROPE CEREJA 100ML,1.65,7,42.9292,1.0,1.0,0.0,42.8478,36.5924,6.2554,7.49,0.0,1,0.8004,1.0,92,92
841,48812,ARLIVRY XAROPE CEREJA 100ML,1.65,10,42.9292,1.0,1.0,0.0,42.8478,36.5924,6.2554,7.49,0.0,1,0.8004,1.0,92,92
841,48812,ARLIVRY XAROPE CEREJA 100ML,1.65,14,42.9292,1.0,1.0,0.0,42.8478,36.5924,6.2554,7.49,0.0,1,0.8004,1.0,92,92
841,48812,ARLIVRY XAROPE CEREJA 100ML,2.05,5,42.9292,1.0,1.0,0.0,42.8478,36.5924,6.2554,7.49,0.0,1,0.8004,1.0,92,92
841,48812,ARLIVRY XAROPE CEREJA 100ML,2.05,7,42.9292,1.0,1.0,0.0,42.8478,36.5924,6.2554,7.49,0.0,1,0.8004,1.0,92,92
841,48812,ARLIVRY XAROPE CEREJA 100ML,2.05,10,42.9292,1.0,1.0,0.0,42.8478,36.5924,6.2554,7.49,0.0,1,0.8004,1.0,92,92
841,48812,ARLIVRY XAROPE CEREJA 100ML,2.05,14,42.9292,1.0,1.0,0.0,42.8478,36.5924,6.2554,7.49,0.0,1,0.8004,1.0,92,92
841,48812,ARLIVRY XAROPE CEREJA 100ML,2.33,5,42.9292,1.0,1.0,0.0,42.8478,36.5924,6.2554,7.49,0.0,1,0.8004,1.0,92,92
841,48812,ARLIVRY XAROPE CEREJA 100ML,2.33,7,42.9292,1.0,1.0,0.0,42.8478,36.5924,6.2554,7.49,0.0,1,0.8004,1.0,92,92
841,48812,ARLIVRY XAROPE CEREJA 100ML,2.33,10,42.9292,1.0,1.0,0.0,42.8478,36.5924,6.2554,7.49,0.0,1,0.8004,1.0,92,92
841,48812,ARLIVRY XAROPE CEREJA 100ML,2.33,14,42.9292,1.0,1.0,0.0,42.8478,36.5924,6.2554,7.49,0.0,1,0.8004,1.0,92,92
841,48812,ARLIVRY XAROPE CEREJA 100ML,2.58,5,42.9292,1.0,1.0,0.0,42.8478,36.5924,6.2554,7.49,0.0,1,0.8004,1.0,92,92
841,48812,ARLIVRY XAROPE CEREJA 100ML,2.58,7,42.9292,1.0,1.0,0.0,42.8478,36.5924,6.2554,7.49,0.0,1,0.8004,1.0,92,92
841,48812,ARLIVRY XAROPE CEREJA 100ML,2.58,10,42.9292,1.0,1.0,0.0,42.8478,36.5924,6.2554,7.49,0.0,1,0.8004,1.0,92,92
841,48812,ARLIVRY XAROPE CEREJA 100ML,2.58,14,42.9292,1.0,1.0,0.0,42.8478,36.5924,6.2554,7.49,0.0,1,0.8004,1.0,92,92
841,48813,ARLIVRY XAROPE MEL 100ML,0.84,5,53.4701,1.0,1.0,0.0,53.2259,45.9661,7.2598,22.47,0.0,3,2.7395,4.0,92,92
841,48813,ARLIVRY XAROPE MEL 100ML,0.84,7,53.4701,1.0,1.0,0.0,53.2259,45.9661,7.2598,22.47,0.0,3,2.7395,4.0,92,92
841,48813,ARLIVRY XAROPE MEL 100ML,0.84,10,53.4701,1.0,1.0,0.0,53.2259,45.9661,7.2598,22.47,0.0,3,2.7395,4.0,92,92
841,48813,ARLIVRY XAROPE MEL 100ML,0.84,14,53.4701,1.0,1.0,0.0,53.2259,45.9661,7.2598,22.47,0.0,3,2.7395,4.0,92,92
841,48813,ARLIVRY XAROPE MEL 100ML,1.04,5,53.4701,1.0,1.0,0.0,53.2259,45.9661,7.2598,22.47,0.0,3,2.7395,4.0,92,92
841,48813,ARLIVRY XAROPE MEL 100ML,1.04,7,53.4701,1.0,1.0,0.0,53.2259,45.9661,7.2598,22.47,0.0,3,2.7395,4.0,92,92
841,48813,ARLIVRY XAROPE MEL 100ML,1.04,10,53.4701,1.0,1.0,0.0,53.2259,45.9661,7.2598,22.47,0.0,3,2.7395,4.0,92,92
841,48813,ARLIVRY XAROPE MEL 100ML,1.04,14,53.4701,1.0,1.0,0.0,53.2259,45.9661,7.2598,22.47,0.0,3,2.7395,4.0,92,92
841,48813,ARLIVRY XAROPE MEL 100ML,1.28,5,53.4701,1.0,1.0,0.0,53.2259,45.9661,7.2598,22.47,0.0,3,2.7395,4.0,92,92
841,48813,ARLIVRY XAROPE MEL 100ML,1.28,7,53.4701,1.0,1.0,0.0,53.2259,45.9661,7.2598,22.47,0.0,3,2.7395,4.0,92,92
841,48813,ARLIVRY XAROPE MEL 100ML,1.28,10,53.4701,1.0,1.0,0.0,53.2259,45.9661,7.2598,22.47,0.0,3,2.7395,4.0,92,92
841,48813,ARLIVRY XAROPE MEL 100ML,1.28,14,53.4701,1.0,1.0,0.0,53.2259,45.9661,7.2598,22.47,0.0,3,2.7395,4.0,92,92
841,48813,ARLIVRY XAROPE MEL 100ML,1.65,5,53.4701,1.0,1.0,0.0,53.2259,45.9661,7.2598,22.47,0.0,3,2.7395,4.0,92,92
841,48813,ARLIVRY XAROPE MEL 100ML,1.65,7,53.4701,1.0,1.0,0.0,53.2259,45.9661,7.2598,22.47,0.0,3,2.7395,4.0,92,92
841,48813,ARLIVRY XAROPE MEL 100ML,1.65,10,53.4701,1.0,1.0,0.0,53.2259,45.9661,7.2598,22.47,0.0,3,2.7395,4.0,92,92
841,48813,ARLIVRY XAROPE MEL 100ML,1.65,14,53.4701,1.0,1.0,0.0,53.2259,45.9661,7.2598,22.47,0.0,3,2.7395,4.0,92,92
841,48813,ARLIVRY XAROPE MEL 100ML,2.05,5,53.4701,1.0,1.0,0.0,53.2259,45.9661,7.2598,22.47,0.0,3,2.7395,4.0,92,92
841,48813,ARLIVRY XAROPE MEL 100ML,2.05,7,53.4701,1.0,1.0,0.0,53.2259,45.9661,7.2598,22.47,0.0,3,2.7395,4.0,92,92
841,48813,ARLIVRY XAROPE MEL 100ML,2.05,10,53.4701,1.0,1.0,0.0,53.2259,45.9661,7.2598,22.47,0.0,3,2.7395,4.0,92,92
841,48813,ARLIVRY XAROPE MEL 100ML,2.05,14,53.4701,1.0,1.0,0.0,53.2259,45.9661,7.2598,22.47,0.0,3,2.7395,4.0,92,92
841,48813,ARLIVRY XAROPE MEL 100ML,2.33,5,53.4701,1.0,1.0,0.0,53.2259,45.9661,7.2598,22.47,0.0,3,2.7395,4.0,92,92
841,48813,ARLIVRY XAROPE MEL 100ML,2.33,7,53.4701,1.0,1.0,0.0,53.2259,45.9661,7.2598,22.47,0.0,3,2.7395,4.0,92,92
841,48813,ARLIVRY XAROPE MEL 100ML,2.33,10,53.4701,1.0,1.0,0.0,53.2259,45.9661,7.2598,22.47,0.0,3,2.7395,4.0,92,92
841,48813,ARLIVRY XAROPE MEL 100ML,2.33,14,53.4701,1.0,1.0,0.0,53.2259,45.9661,7.2598,22.47,0.0,3,2.7395,4.0,92,92
841,48813,ARLIVRY XAROPE MEL 100ML,2.58,5,53.4701,1.0,1.0,0.0,53.2259,45.9661,7.2598,22.47,0.0,3,2.7395,4.0,92,92
841,48813,ARLIVRY XAROPE MEL 100ML,2.58,7,53.4701,1.0,1.0,0.0,53.2259,45.9661,7.2598,22.47,0.0,3,2.7395,4.0,92,92
841,48813,ARLIVRY XAROPE MEL 100ML,2.58,10,53.4701,1.0,1.0,0.0,53.2259,45.9661,7.2598,22.47,0.0,3,2.7395,4.0,92,92
841,48813,ARLIVRY XAROPE MEL 100ML,2.58,14,53.4701,1.0,1.0,0.0,53.2259,45.9661,7.2598,22.47,0.0,3,2.7395,4.0,92,92
841,51957,HEDERA CIMED 7MG 100ML,0.84,5,73.28,1.0,1.0,0.0,73.28,36.64,36.64,0.0,0.0,0,0.3212,0.0,92,92
841,51957,HEDERA CIMED 7MG 100ML,0.84,7,73.28,1.0,1.0,0.0,73.28,36.64,36.64,0.0,0.0,0,0.3212,0.0,92,92
841,51957,HEDERA CIMED 7MG 100ML,0.84,10,73.28,1.0,1.0,0.0,73.28,36.64,36.64,0.0,0.0,0,0.3212,0.0,92,92
841,51957,HEDERA CIMED 7MG 100ML,0.84,14,73.28,1.0,1.0,0.0,73.28,36.64,36.64,0.0,0.0,0,0.3212,0.0,92,92
841,51957,HEDERA CIMED 7MG 100ML,1.04,5,73.28,1.0,1.0,0.0,73.28,36.64,36.64,0.0,0.0,0,0.3212,0.0,92,92
841,51957,HEDERA CIMED 7MG 100ML,1.04,7,73.28,1.0,1.0,0.0,73.28,36.64,36.64,0.0,0.0,0,0.3212,0.0,92,92
841,51957,HEDERA CIMED 7MG 100ML,1.04,10,73.28,1.0,1.0,0.0,73.28,36.64,36.64,0.0,0.0,0,0.3212,0.0,92,92
841,51957,HEDERA CIMED 7MG 100ML,1.04,14,73.28,1.0,1.0,0.0,73.28,36.64,36.64,0.0,0.0,0,0.3212,0.0,92,92
841,51957,HEDERA CIMED 7MG 100ML,1.28,5,73.28,1.0,1.0,0.0,73.28,36.64,36.64,0.0,0.0,0,0.3212,0.0,92,92
841,51957,HEDERA CIMED 7MG 100ML,1.28,7,73.28,1.0,1.0,0.0,73.28,36.64,36.64,0.0,0.0,0,0.3212,0.0,92,92
841,51957,HEDERA CIMED 7MG 100ML,1.28,10,73.28,1.0,1.0,0.0,73.28,36.64,36.64,0.0,0.0,0,0.3212,0.0,92,92
841,51957,HEDERA CIMED 7MG 100ML,1.28,14,73.28,1.0,1.0,0.0,73.28,36.64,36.64,0.0,0.0,0,0.3212,0.0,92,92
841,51957,HEDERA CIMED 7MG 100ML,1.65,5,73.28,1.0,1.0,0.0,73.28,36.64,36.64,0.0,0.0,0,0.3212,0.0,92,92
841,51957,HEDERA CIMED 7MG 100ML,1.65,7,73.28,1.0,1.0,0.0,73.28,36.64,36.64,0.0,0.0,0,0.3212,0.0,92,92
841,51957,HEDERA CIMED 7MG 100ML,1.65,10,73.28,1.0,1.0,0.0,73.28,36.64,36.64,0.0,0.0,0,0.3212,0.0,92,92
841,51957,HEDERA CIMED 7MG 100ML,1.65,14,73.28,1.0,1.0,0.0,73.28,36.64,36.64,0.0,0.0,0,0.3212,0.0,92,92
841,51957,HEDERA CIMED 7MG 100ML,2.05,5,73.28,1.0,1.0,0.0,73.28,36.64,36.64,0.0,0.0,0,0.3212,0.0,92,92
841,51957,HEDERA CIMED 7MG 100ML,2.05,7,73.28,1.0,1.0,0.0,73.28,36.64,36.64,0.0,0.0,0,0.3212,0.0,92,92
841,51957,HEDERA CIMED 7MG 100ML,2.05,10,73.28,1.0,1.0,0.0,73.28,36.64,36.64,0.0,0.0,0,0.3212,0.0,92,92
841,51957,HEDERA CIMED 7MG 100ML,2.05,14,73.28,1.0,1.0,0.0,73.28,36.64,36.64,0.0,0.0,0,0.3212,0.0,92,92
841,51957,HEDERA CIMED 7MG 100ML,2.33,5,73.28,1.0,1.0,0.0,73.28,36.64,36.64,0.0,0.0,0,0.3212,0.0,92,92
841,51957,HEDERA CIMED 7MG 100ML,2.33,7,73.28,1.0,1.0,0.0,73.28,36.64,36.64,0.0,0.0,0,0.3212,0.0,92,92
841,51957,HEDERA CIMED 7MG 100ML,2.33,10,73.28,1.0,1.0,0.0,73.28,36.64,36.64,0.0,0.0,0,0.3212,0.0,92,92
841,51957,HEDERA CIMED 7MG 100ML,2.33,14,73.28,1.0,1.0,0.0,73.28,36.64,36.64,0.0,0.0,0,0.3212,0.0,92,92
841,51957,HEDERA CIMED 7MG 100ML,2.58,5,73.28,1.0,1.0,0.0,73.28,36.64,36.64,0.0,0.0,0,0.3212,0.0,92,92
841,51957,HEDERA CIMED 7MG 100ML,2.58,7,73.28,1.0,1.0,0.0,73.28,36.64,36.64,0.0,0.0,0,0.3212,0.0,92,92
841,51957,HEDERA CIMED 7MG 100ML,2.58,10,73.28,1.0,1.0,0.0,73.28,36.64,36.64,0.0,0.0,0,0.3212,0.0,92,92
841,51957,HEDERA CIMED 7MG 100ML,2.58,14,73.28,1.0,1.0,0.0,73.28,36.64,36.64,0.0,0.0,0,0.3212,0.0,92,92
841,5345,NARIDRIN ADULTO 15ML,0.84,5,56.8658,1.0,1.0,0.0,56.7449,71.3785,-14.6336,11.12,0.0,2,12.3371,5.0,92,92
841,5345,NARIDRIN ADULTO 15ML,0.84,7,56.8658,1.0,1.0,0.0,56.7449,71.3785,-14.6336,11.12,0.0,2,12.3371,5.0,92,92
841,5345,NARIDRIN ADULTO 15ML,1.04,5,56.8658,1.0,1.0,0.0,56.7449,71.3785,-14.6336,11.12,0.0,2,12.3371,5.0,92,92
841,5345,NARIDRIN ADULTO 15ML,1.04,7,56.8658,1.0,1.0,0.0,56.7449,71.3785,-14.6336,11.12,0.0,2,12.3371,5.0,92,92
841,5345,NARIDRIN ADULTO 15ML,1.28,5,56.8658,1.0,1.0,0.0,56.7449,71.3785,-14.6336,11.12,0.0,2,12.3371,5.0,92,92
841,5345,NARIDRIN ADULTO 15ML,1.28,7,56.8658,1.0,1.0,0.0,56.7449,71.3785,-14.6336,11.12,0.0,2,12.3371,5.0,92,92
841,5345,NARIDRIN ADULTO 15ML,1.65,5,56.8658,1.0,1.0,0.0,56.7449,71.3785,-14.6336,11.12,0.0,2,12.3371,5.0,92,92
841,5345,NARIDRIN ADULTO 15ML,1.65,7,56.8658,1.0,1.0,0.0,56.7449,71.3785,-14.6336,11.12,0.0,2,12.3371,5.0,92,92
841,5345,NARIDRIN ADULTO 15ML,0.84,10,70.6455,1.0,1.0,0.0,70.5851,71.3785,-0.7934,5.56,0.0,1,12.3371,5.0,92,92
841,5345,NARIDRIN ADULTO 15ML,0.84,14,70.6455,1.0,1.0,0.0,70.5851,71.3785,-0.7934,5.56,0.0,1,12.3371,5.0,92,92
841,5345,NARIDRIN ADULTO 15ML,1.04,10,70.6455,1.0,1.0,0.0,70.5851,71.3785,-0.7934,5.56,0.0,1,12.3371,5.0,92,92
841,5345,NARIDRIN ADULTO 15ML,1.04,14,70.6455,1.0,1.0,0.0,70.5851,71.3785,-0.7934,5.56,0.0,1,12.3371,5.0,92,92
841,5345,NARIDRIN ADULTO 15ML,1.28,10,70.6455,1.0,1.0,0.0,70.5851,71.3785,-0.7934,5.56,0.0,1,12.3371,5.0,92,92
841,5345,NARIDRIN ADULTO 15ML,1.28,14,70.6455,1.0,1.0,0.0,70.5851,71.3785,-0.7934,5.56,0.0,1,12.3371,5.0,92,92
841,5345,NARIDRIN ADULTO 15ML,1.65,10,70.6455,1.0,1.0,0.0,70.5851,71.3785,-0.7934,5.56,0.0,1,12.3371,5.0,92,92
841,5345,NARIDRIN ADULTO 15ML,1.65,14,70.6455,1.0,1.0,0.0,70.5851,71.3785,-0.7934,5.56,0.0,1,12.3371,5.0,92,92
841,5345,NARIDRIN ADULTO 15ML,2.05,5,75.0558,1.0,1.0,0.0,74.9349,71.3785,3.5564,11.12,0.0,2,12.3371,5.0,92,92
841,5345,NARIDRIN ADULTO 15ML,2.05,7,75.0558,1.0,1.0,0.0,74.9349,71.3785,3.5564,11.12,0.0,2,12.3371,5.0,92,92
841,5345,NARIDRIN ADULTO 15ML,2.33,5,75.0558,1.0,1.0,0.0,74.9349,71.3785,3.5564,11.12,0.0,2,12.3371,5.0,92,92
841,5345,NARIDRIN ADULTO 15ML,2.33,7,75.0558,1.0,1.0,0.0,74.9349,71.3785,3.5564,11.12,0.0,2,12.3371,5.0,92,92
841,5345,NARIDRIN ADULTO 15ML,2.58,5,75.0558,1.0,1.0,0.0,74.9349,71.3785,3.5564,11.12,0.0,2,12.3371,5.0,92,92
841,5345,NARIDRIN ADULTO 15ML,2.58,7,75.0558,1.0,1.0,0.0,74.9349,71.3785,3.5564,11.12,0.0,2,12.3371,5.0,92,92
841,5345,NARIDRIN ADULTO 15ML,2.05,10,88.8355,1.0,1.0,0.0,88.7751,71.3785,17.3966,5.56,0.0,1,12.3371,5.0,92,92
841,5345,NARIDRIN ADULTO 15ML,2.05,14,88.8355,1.0,1.0,0.0,88.7751,71.3785,17.3966,5.56,0.0,1,12.3371,5.0,92,92
841,5345,NARIDRIN ADULTO 15ML,2.33,10,88.8355,1.0,1.0,0.0,88.7751,71.3785,17.3966,5.56,0.0,1,12.3371,5.0,92,92
841,5345,NARIDRIN ADULTO 15ML,2.33,14,88.8355,1.0,1.0,0.0,88.7751,71.3785,17.3966,5.56,0.0,1,12.3371,5.0,92,92
841,5345,NARIDRIN ADULTO 15ML,2.58,10,88.8355,1.0,1.0,0.0,88.7751,71.3785,17.3966,5.56,0.0,1,12.3371,5.0,92,92
841,5345,NARIDRIN ADULTO 15ML,2.58,14,88.8355,1.0,1.0,0.0,88.7751,71.3785,17.3966,5.56,0.0,1,12.3371,5.0,92,92
841,54554,ALOFF XPE 60ML,0.84,5,66.08,1.0,1.0,0.0,66.08,,,0.0,0.0,0,0.0,0.0,92,92
841,54554,ALOFF XPE 60ML,0.84,7,66.08,1.0,1.0,0.0,66.08,,,0.0,0.0,0,0.0,0.0,92,92
841,54554,ALOFF XPE 60ML,0.84,10,66.08,1.0,1.0,0.0,66.08,,,0.0,0.0,0,0.0,0.0,92,92
841,54554,ALOFF XPE 60ML,0.84,14,66.08,1.0,1.0,0.0,66.08,,,0.0,0.0,0,0.0,0.0,92,92
841,54554,ALOFF XPE 60ML,1.04,5,66.08,1.0,1.0,0.0,66.08,,,0.0,0.0,0,0.0,0.0,92,92
841,54554,ALOFF XPE 60ML,1.04,7,66.08,1.0,1.0,0.0,66.08,,,0.0,0.0,0,0.0,0.0,92,92
841,54554,ALOFF XPE 60ML,1.04,10,66.08,1.0,1.0,0.0,66.08,,,0.0,0.0,0,0.0,0.0,92,92
841,54554,ALOFF XPE 60ML,1.04,14,66.08,1.0,1.0,0.0,66.08,,,0.0,0.0,0,0.0,0.0,92,92
841,54554,ALOFF XPE 60ML,1.28,5,66.08,1.0,1.0,0.0,66.08,,,0.0,0.0,0,0.0,0.0,92,92
841,54554,ALOFF XPE 60ML,1.28,7,66.08,1.0,1.0,0.0,66.08,,,0.0,0.0,0,0.0,0.0,92,92
841,54554,ALOFF XPE 60ML,1.28,10,66.08,1.0,1.0,0.0,66.08,,,0.0,0.0,0,0.0,0.0,92,92
841,54554,ALOFF XPE 60ML,1.28,14,66.08,1.0,1.0,0.0,66.08,,,0.0,0.0,0,0.0,0.0,92,92
841,54554,ALOFF XPE 60ML,1.65,5,66.08,1.0,1.0,0.0,66.08,,,0.0,0.0,0,0.0,0.0,92,92
841,54554,ALOFF XPE 60ML,1.65,7,66.08,1.0,1.0,0.0,66.08,,,0.0,0.0,0,0.0,0.0,92,92
841,54554,ALOFF XPE 60ML,1.65,10,66.08,1.0,1.0,0.0,66.08,,,0.0,0.0,0,0.0,0.0,92,92
841,54554,ALOFF XPE 60ML,1.65,14,66.08,1.0,1.0,0.0,66.08,,,0.0,0.0,0,0.0,0.0,92,92
841,54554,ALOFF XPE 60ML,2.05,5,66.08,1.0,1.0,0.0,66.08,,,0.0,0.0,0,0.0,0.0,92,92
841,54554,ALOFF XPE 60ML,2.05,7,66.08,1.0,1.0,0.0,66.08,,,0.0,0.0,0,0.0,0.0,92,92
841,54554,ALOFF XPE 60ML,2.05,10,66.08,1.0,1.0,0.0,66.08,,,0.0,0.0,0,0.0,0.0,92,92
841,54554,ALOFF XPE 60ML,2.05,14,66.08,1.0,1.0,0.0,66.08,,,0.0,0.0,0,0.0,0.0,92,92
841,54554,ALOFF XPE 60ML,2.33,5,66.08,1.0,1.0,0.0,66.08,,,0.0,0.0,0,0.0,0.0,92,92
841,54554,ALOFF XPE 60ML,2.33,7,66.08,1.0,1.0,0.0,66.08,,,0.0,0.0,0,0.0,0.0,92,92
841,54554,ALOFF XPE 60ML,2.33,10,66.08,1.0,1.0,0.0,66.08,,,0.0,0.0,0,0.0,0.0,92,92
841,54554,ALOFF XPE 60ML,2.33,14,66.08,1.0,1.0,0.0,66.08,,,0.0,0.0,0,0.0,0.0,92,92
841,54554,ALOFF XPE 60ML,2.58,5,66.08,1.0,1.0,0.0,66.08,,,0.0,0.0,0,0.0,0.0,92,92
841,54554,ALOFF XPE 60ML,2.58,7,66.08,1.0,1.0,0.0,66.08,,,0.0,0.0,0,0.0,0.0,92,92
841,54554,ALOFF XPE 60ML,2.58,10,66.08,1.0,1.0,0.0,66.08,,,0.0,0.0,0,0.0,0.0,92,92
841,54554,ALOFF XPE 60ML,2.58,14,66.08,1.0,1.0,0.0,66.08,,,0.0,0.0,0,0.0,0.0,92,92
841,55917,POLARATUSS LIQ 120ML,0.84,5,59.5383,1.0,0.956522,0.043478,59.4391,50.7615,8.6776,9.13,0.0,1,1.2446,1.0,92,92
841,55917,POLARATUSS LIQ 120ML,0.84,7,59.5383,1.0,0.956522,0.043478,59.4391,50.7615,8.6776,9.13,0.0,1,1.2446,1.0,92,92
841,55917,POLARATUSS LIQ 120ML,0.84,10,59.5383,1.0,0.956522,0.043478,59.4391,50.7615,8.6776,9.13,0.0,1,1.2446,1.0,92,92
841,55917,POLARATUSS LIQ 120ML,0.84,14,59.5383,1.0,0.956522,0.043478,59.4391,50.7615,8.6776,9.13,0.0,1,1.2446,1.0,92,92
841,55917,POLARATUSS LIQ 120ML,1.04,5,59.5383,1.0,0.956522,0.043478,59.4391,50.7615,8.6776,9.13,0.0,1,1.2446,1.0,92,92
841,55917,POLARATUSS LIQ 120ML,1.04,7,59.5383,1.0,0.956522,0.043478,59.4391,50.7615,8.6776,9.13,0.0,1,1.2446,1.0,92,92
841,55917,POLARATUSS LIQ 120ML,1.04,10,59.5383,1.0,0.956522,0.043478,59.4391,50.7615,8.6776,9.13,0.0,1,1.2446,1.0,92,92
841,55917,POLARATUSS LIQ 120ML,1.04,14,59.5383,1.0,0.956522,0.043478,59.4391,50.7615,8.6776,9.13,0.0,1,1.2446,1.0,92,92
841,55917,POLARATUSS LIQ 120ML,1.28,5,59.5383,1.0,0.956522,0.043478,59.4391,50.7615,8.6776,9.13,0.0,1,1.2446,1.0,92,92
841,55917,POLARATUSS LIQ 120ML,1.28,7,59.5383,1.0,0.956522,0.043478,59.4391,50.7615,8.6776,9.13,0.0,1,1.2446,1.0,92,92
841,55917,POLARATUSS LIQ 120ML,1.28,10,59.5383,1.0,0.956522,0.043478,59.4391,50.7615,8.6776,9.13,0.0,1,1.2446,1.0,92,92
841,55917,POLARATUSS LIQ 120ML,1.28,14,59.5383,1.0,0.956522,0.043478,59.4391,50.7615,8.6776,9.13,0.0,1,1.2446,1.0,92,92
841,55917,POLARATUSS LIQ 120ML,1.65,5,59.5383,1.0,0.956522,0.043478,59.4391,50.7615,8.6776,9.13,0.0,1,1.2446,1.0,92,92
841,55917,POLARATUSS LIQ 120ML,1.65,7,59.5383,1.0,0.956522,0.043478,59.4391,50.7615,8.6776,9.13,0.0,1,1.2446,1.0,92,92
841,55917,POLARATUSS LIQ 120ML,1.65,10,59.5383,1.0,0.956522,0.043478,59.4391,50.7615,8.6776,9.13,0.0,1,1.2446,1.0,92,92
841,55917,POLARATUSS LIQ 120ML,1.65,14,59.5383,1.0,0.956522,0.043478,59.4391,50.7615,8.6776,9.13,0.0,1,1.2446,1.0,92,92
841,55917,POLARATUSS LIQ 120ML,2.05,5,59.5383,1.0,0.956522,0.043478,59.4391,50.7615,8.6776,9.13,0.0,1,1.2446,1.0,92,92
841,55917,POLARATUSS LIQ 120ML,2.05,7,59.5383,1.0,0.956522,0.043478,59.4391,50.7615,8.6776,9.13,0.0,1,1.2446,1.0,92,92
841,55917,POLARATUSS LIQ 120ML,2.05,10,59.5383,1.0,0.956522,0.043478,59.4391,50.7615,8.6776,9.13,0.0,1,1.2446,1.0,92,92
841,55917,POLARATUSS LIQ 120ML,2.05,14,59.5383,1.0,0.956522,0.043478,59.4391,50.7615,8.6776,9.13,0.0,1,1.2446,1.0,92,92
841,55917,POLARATUSS LIQ 120ML,2.33,5,59.5383,1.0,0.956522,0.043478,59.4391,50.7615,8.6776,9.13,0.0,1,1.2446,1.0,92,92
841,55917,POLARATUSS LIQ 120ML,2.33,7,59.5383,1.0,0.956522,0.043478,59.4391,50.7615,8.6776,9.13,0.0,1,1.2446,1.0,92,92
841,55917,POLARATUSS LIQ 120ML,2.33,10,59.5383,1.0,0.956522,0.043478,59.4391,50.7615,8.6776,9.13,0.0,1,1.2446,1.0,92,92
841,55917,POLARATUSS LIQ 120ML,2.33,14,59.5383,1.0,0.956522,0.043478,59.4391,50.7615,8.6776,9.13,0.0,1,1.2446,1.0,92,92
841,55917,POLARATUSS LIQ 120ML,2.58,5,59.5383,1.0,0.956522,0.043478,59.4391,50.7615,8.6776,9.13,0.0,1,1.2446,1.0,92,92
841,55917,POLARATUSS LIQ 120ML,2.58,7,59.5383,1.0,0.956522,0.043478,59.4391,50.7615,8.6776,9.13,0.0,1,1.2446,1.0,92,92
841,55917,POLARATUSS LIQ 120ML,2.58,10,59.5383,1.0,0.956522,0.043478,59.4391,50.7615,8.6776,9.13,0.0,1,1.2446,1.0,92,92
841,55917,POLARATUSS LIQ 120ML,2.58,14,59.5383,1.0,0.956522,0.043478,59.4391,50.7615,8.6776,9.13,0.0,1,1.2446,1.0,92,92
841,57814,OSELTAMIVIR 75MG CAPS/10 GN-NATCOF,0.84,5,495.2381,1.0,0.913043,0.086957,489.7283,301.1271,188.6012,506.9,0.0,5,8.5004,6.0,92,92
841,57814,OSELTAMIVIR 75MG CAPS/10 GN-NATCOF,1.04,5,495.2381,1.0,0.913043,0.086957,489.7283,301.1271,188.6012,506.9,0.0,5,8.5004,6.0,92,92
841,57814,OSELTAMIVIR 75MG CAPS/10 GN-NATCOF,1.28,5,495.2381,1.0,0.913043,0.086957,489.7283,301.1271,188.6012,506.9,0.0,5,8.5004,6.0,92,92
841,57814,OSELTAMIVIR 75MG CAPS/10 GN-NATCOF,1.65,5,495.2381,1.0,0.913043,0.086957,489.7283,301.1271,188.6012,506.9,0.0,5,8.5004,6.0,92,92
841,57814,OSELTAMIVIR 75MG CAPS/10 GN-NATCOF,0.84,7,620.3635,1.0,0.913043,0.086957,617.0576,301.1271,315.9305,304.14,0.0,3,8.5004,6.0,92,92
841,57814,OSELTAMIVIR 75MG CAPS/10 GN-NATCOF,0.84,10,620.3635,1.0,0.913043,0.086957,617.0576,301.1271,315.9305,304.14,0.0,3,8.5004,6.0,92,92
841,57814,OSELTAMIVIR 75MG CAPS/10 GN-NATCOF,1.04,7,620.3635,1.0,0.913043,0.086957,617.0576,301.1271,315.9305,304.14,0.0,3,8.5004,6.0,92,92
841,57814,OSELTAMIVIR 75MG CAPS/10 GN-NATCOF,1.04,10,620.3635,1.0,0.913043,0.086957,617.0576,301.1271,315.9305,304.14,0.0,3,8.5004,6.0,92,92
841,57814,OSELTAMIVIR 75MG CAPS/10 GN-NATCOF,1.28,7,620.3635,1.0,0.913043,0.086957,617.0576,301.1271,315.9305,304.14,0.0,3,8.5004,6.0,92,92
841,57814,OSELTAMIVIR 75MG CAPS/10 GN-NATCOF,1.28,10,620.3635,1.0,0.913043,0.086957,617.0576,301.1271,315.9305,304.14,0.0,3,8.5004,6.0,92,92
841,57814,OSELTAMIVIR 75MG CAPS/10 GN-NATCOF,1.65,7,620.3635,1.0,0.913043,0.086957,617.0576,301.1271,315.9305,304.14,0.0,3,8.5004,6.0,92,92
841,57814,OSELTAMIVIR 75MG CAPS/10 GN-NATCOF,1.65,10,620.3635,1.0,0.913043,0.086957,617.0576,301.1271,315.9305,304.14,0.0,3,8.5004,6.0,92,92
841,57814,OSELTAMIVIR 75MG CAPS/10 GN-NATCOF,2.05,5,675.4581,1.0,0.913043,0.086957,669.9483,301.1271,368.8212,506.9,0.0,5,8.5004,6.0,92,92
841,57814,OSELTAMIVIR 75MG CAPS/10 GN-NATCOF,2.33,5,675.4581,1.0,0.913043,0.086957,669.9483,301.1271,368.8212,506.9,0.0,5,8.5004,6.0,92,92
841,57814,OSELTAMIVIR 75MG CAPS/10 GN-NATCOF,2.58,5,675.4581,1.0,0.913043,0.086957,669.9483,301.1271,368.8212,506.9,0.0,5,8.5004,6.0,92,92
841,57814,OSELTAMIVIR 75MG CAPS/10 GN-NATCOF,0.84,14,793.6048,1.0,0.913043,0.086957,791.4009,301.1271,490.2738,202.76,0.0,2,8.5004,6.0,92,92
841,57814,OSELTAMIVIR 75MG CAPS/10 GN-NATCOF,1.04,14,793.6048,1.0,0.913043,0.086957,791.4009,301.1271,490.2738,202.76,0.0,2,8.5004,6.0,92,92
841,57814,OSELTAMIVIR 75MG CAPS/10 GN-NATCOF,1.28,14,793.6048,1.0,0.913043,0.086957,791.4009,301.1271,490.2738,202.76,0.0,2,8.5004,6.0,92,92
841,57814,OSELTAMIVIR 75MG CAPS/10 GN-NATCOF,1.65,14,793.6048,1.0,0.913043,0.086957,791.4009,301.1271,490.2738,202.76,0.0,2,8.5004,6.0,92,92
841,57814,OSELTAMIVIR 75MG CAPS/10 GN-NATCOF,2.05,7,800.5835,1.0,0.913043,0.086957,797.2776,301.1271,496.1505,304.14,0.0,3,8.5004,6.0,92,92
841,57814,OSELTAMIVIR 75MG CAPS/10 GN-NATCOF,2.05,10,800.5835,1.0,0.913043,0.086957,797.2776,301.1271,496.1505,304.14,0.0,3,8.5004,6.0,92,92
841,57814,OSELTAMIVIR 75MG CAPS/10 GN-NATCOF,2.33,7,800.5835,1.0,0.913043,0.086957,797.2776,301.1271,496.1505,304.14,0.0,3,8.5004,6.0,92,92
841,57814,OSELTAMIVIR 75MG CAPS/10 GN-NATCOF,2.33,10,800.5835,1.0,0.913043,0.086957,797.2776,301.1271,496.1505,304.14,0.0,3,8.5004,6.0,92,92
841,57814,OSELTAMIVIR 75MG CAPS/10 GN-NATCOF,2.58,7,800.5835,1.0,0.913043,0.086957,797.2776,301.1271,496.1505,304.14,0.0,3,8.5004,6.0,92,92
841,57814,OSELTAMIVIR 75MG CAPS/10 GN-NATCOF,2.58,10,800.5835,1.0,0.913043,0.086957,797.2776,301.1271,496.1505,304.14,0.0,3,8.5004,6.0,92,92
841,57814,OSELTAMIVIR 75MG CAPS/10 GN-NATCOF,2.05,14,973.8248,1.0,0.913043,0.086957,971.6209,301.1271,670.4938,202.76,0.0,2,8.5004,6.0,92,92
841,57814,OSELTAMIVIR 75MG CAPS/10 GN-NATCOF,2.33,14,973.8248,1.0,0.913043,0.086957,971.6209,301.1271,670.4938,202.76,0.0,2,8.5004,6.0,92,92
841,57814,OSELTAMIVIR 75MG CAPS/10 GN-NATCOF,2.58,14,973.8248,1.0,0.913043,0.086957,971.6209,301.1271,670.4938,202.76,0.0,2,8.5004,6.0,92,92
841,57816,OSELTAMIVIR 30MG CAPS/10 GN-NATCOF,0.84,5,210.9535,1.0,1.0,0.0,210.0013,219.9201,-9.9188,87.6,0.0,2,4.4915,2.0,92,92
841,57816,OSELTAMIVIR 30MG CAPS/10 GN-NATCOF,0.84,7,210.9535,1.0,1.0,0.0,210.0013,219.9201,-9.9188,87.6,0.0,2,4.4915,2.0,92,92
841,57816,OSELTAMIVIR 30MG CAPS/10 GN-NATCOF,1.04,5,210.9535,1.0,1.0,0.0,210.0013,219.9201,-9.9188,87.6,0.0,2,4.4915,2.0,92,92
841,57816,OSELTAMIVIR 30MG CAPS/10 GN-NATCOF,1.04,7,210.9535,1.0,1.0,0.0,210.0013,219.9201,-9.9188,87.6,0.0,2,4.4915,2.0,92,92
841,57816,OSELTAMIVIR 30MG CAPS/10 GN-NATCOF,1.28,5,210.9535,1.0,1.0,0.0,210.0013,219.9201,-9.9188,87.6,0.0,2,4.4915,2.0,92,92
841,57816,OSELTAMIVIR 30MG CAPS/10 GN-NATCOF,1.28,7,210.9535,1.0,1.0,0.0,210.0013,219.9201,-9.9188,87.6,0.0,2,4.4915,2.0,92,92
841,57816,OSELTAMIVIR 30MG CAPS/10 GN-NATCOF,1.65,5,210.9535,1.0,1.0,0.0,210.0013,219.9201,-9.9188,87.6,0.0,2,4.4915,2.0,92,92
841,57816,OSELTAMIVIR 30MG CAPS/10 GN-NATCOF,1.65,7,210.9535,1.0,1.0,0.0,210.0013,219.9201,-9.9188,87.6,0.0,2,4.4915,2.0,92,92
841,57816,OSELTAMIVIR 30MG CAPS/10 GN-NATCOF,0.84,10,218.3133,1.0,1.0,0.0,217.8372,219.9201,-2.083,43.8,0.0,1,4.4915,2.0,92,92
841,57816,OSELTAMIVIR 30MG CAPS/10 GN-NATCOF,0.84,14,218.3133,1.0,1.0,0.0,217.8372,219.9201,-2.083,43.8,0.0,1,4.4915,2.0,92,92
841,57816,OSELTAMIVIR 30MG CAPS/10 GN-NATCOF,1.04,10,218.3133,1.0,1.0,0.0,217.8372,219.9201,-2.083,43.8,0.0,1,4.4915,2.0,92,92
841,57816,OSELTAMIVIR 30MG CAPS/10 GN-NATCOF,1.04,14,218.3133,1.0,1.0,0.0,217.8372,219.9201,-2.083,43.8,0.0,1,4.4915,2.0,92,92
841,57816,OSELTAMIVIR 30MG CAPS/10 GN-NATCOF,1.28,10,218.3133,1.0,1.0,0.0,217.8372,219.9201,-2.083,43.8,0.0,1,4.4915,2.0,92,92
841,57816,OSELTAMIVIR 30MG CAPS/10 GN-NATCOF,1.28,14,218.3133,1.0,1.0,0.0,217.8372,219.9201,-2.083,43.8,0.0,1,4.4915,2.0,92,92
841,57816,OSELTAMIVIR 30MG CAPS/10 GN-NATCOF,1.65,10,218.3133,1.0,1.0,0.0,217.8372,219.9201,-2.083,43.8,0.0,1,4.4915,2.0,92,92
841,57816,OSELTAMIVIR 30MG CAPS/10 GN-NATCOF,1.65,14,218.3133,1.0,1.0,0.0,217.8372,219.9201,-2.083,43.8,0.0,1,4.4915,2.0,92,92
841,57816,OSELTAMIVIR 30MG CAPS/10 GN-NATCOF,2.05,5,283.0435,1.0,1.0,0.0,282.0913,219.9201,62.1712,87.6,0.0,2,4.4915,2.0,92,92
841,57816,OSELTAMIVIR 30MG CAPS/10 GN-NATCOF,2.05,7,283.0435,1.0,1.0,0.0,282.0913,219.9201,62.1712,87.6,0.0,2,4.4915,2.0,92,92
841,57816,OSELTAMIVIR 30MG CAPS/10 GN-NATCOF,2.33,5,283.0435,1.0,1.0,0.0,282.0913,219.9201,62.1712,87.6,0.0,2,4.4915,2.0,92,92
841,57816,OSELTAMIVIR 30MG CAPS/10 GN-NATCOF,2.33,7,283.0435,1.0,1.0,0.0,282.0913,219.9201,62.1712,87.6,0.0,2,4.4915,2.0,92,92
841,57816,OSELTAMIVIR 30MG CAPS/10 GN-NATCOF,2.58,5,283.0435,1.0,1.0,0.0,282.0913,219.9201,62.1712,87.6,0.0,2,4.4915,2.0,92,92
841,57816,OSELTAMIVIR 30MG CAPS/10 GN-NATCOF,2.58,7,283.0435,1.0,1.0,0.0,282.0913,219.9201,62.1712,87.6,0.0,2,4.4915,2.0,92,92
841,57816,OSELTAMIVIR 30MG CAPS/10 GN-NATCOF,2.05,10,290.4033,1.0,1.0,0.0,289.9272,219.9201,70.007,43.8,0.0,1,4.4915,2.0,92,92
841,57816,OSELTAMIVIR 30MG CAPS/10 GN-NATCOF,2.05,14,290.4033,1.0,1.0,0.0,289.9272,219.9201,70.007,43.8,0.0,1,4.4915,2.0,92,92
841,57816,OSELTAMIVIR 30MG CAPS/10 GN-NATCOF,2.33,10,290.4033,1.0,1.0,0.0,289.9272,219.9201,70.007,43.8,0.0,1,4.4915,2.0,92,92
841,57816,OSELTAMIVIR 30MG CAPS/10 GN-NATCOF,2.33,14,290.4033,1.0,1.0,0.0,289.9272,219.9201,70.007,43.8,0.0,1,4.4915,2.0,92,92
841,57816,OSELTAMIVIR 30MG CAPS/10 GN-NATCOF,2.58,10,290.4033,1.0,1.0,0.0,289.9272,219.9201,70.007,43.8,0.0,1,4.4915,2.0,92,92
841,57816,OSELTAMIVIR 30MG CAPS/10 GN-NATCOF,2.58,14,290.4033,1.0,1.0,0.0,289.9272,219.9201,70.007,43.8,0.0,1,4.4915,2.0,92,92
841,57817,OSELTAMIVIR 45MG CAPS/10 GN-NATCOF,0.84,5,211.117,1.0,1.0,0.0,210.4028,209.4357,0.9671,65.71,0.0,1,2.5301,2.0,92,92
841,57817,OSELTAMIVIR 45MG CAPS/10 GN-NATCOF,0.84,7,211.117,1.0,1.0,0.0,210.4028,209.4357,0.9671,65.71,0.0,1,2.5301,2.0,92,92
841,57817,OSELTAMIVIR 45MG CAPS/10 GN-NATCOF,1.04,5,211.117,1.0,1.0,0.0,210.4028,209.4357,0.9671,65.71,0.0,1,2.5301,2.0,92,92
841,57817,OSELTAMIVIR 45MG CAPS/10 GN-NATCOF,1.04,7,211.117,1.0,1.0,0.0,210.4028,209.4357,0.9671,65.71,0.0,1,2.5301,2.0,92,92
841,57817,OSELTAMIVIR 45MG CAPS/10 GN-NATCOF,0.84,10,215.1046,1.0,1.0,0.0,215.1046,209.4357,5.6689,0.0,0.0,0,2.5301,2.0,92,92
841,57817,OSELTAMIVIR 45MG CAPS/10 GN-NATCOF,0.84,14,215.1046,1.0,1.0,0.0,215.1046,209.4357,5.6689,0.0,0.0,0,2.5301,2.0,92,92
841,57817,OSELTAMIVIR 45MG CAPS/10 GN-NATCOF,1.04,10,215.1046,1.0,1.0,0.0,215.1046,209.4357,5.6689,0.0,0.0,0,2.5301,2.0,92,92
841,57817,OSELTAMIVIR 45MG CAPS/10 GN-NATCOF,1.04,14,215.1046,1.0,1.0,0.0,215.1046,209.4357,5.6689,0.0,0.0,0,2.5301,2.0,92,92
841,57817,OSELTAMIVIR 45MG CAPS/10 GN-NATCOF,1.28,5,319.257,1.0,1.0,0.0,318.5428,209.4357,109.1071,65.71,0.0,1,2.5301,2.0,92,92
841,57817,OSELTAMIVIR 45MG CAPS/10 GN-NATCOF,1.28,7,319.257,1.0,1.0,0.0,318.5428,209.4357,109.1071,65.71,0.0,1,2.5301,2.0,92,92
841,57817,OSELTAMIVIR 45MG CAPS/10 GN-NATCOF,1.65,5,319.257,1.0,1.0,0.0,318.5428,209.4357,109.1071,65.71,0.0,1,2.5301,2.0,92,92
841,57817,OSELTAMIVIR 45MG CAPS/10 GN-NATCOF,1.65,7,319.257,1.0,1.0,0.0,318.5428,209.4357,109.1071,65.71,0.0,1,2.5301,2.0,92,92
841,57817,OSELTAMIVIR 45MG CAPS/10 GN-NATCOF,2.05,5,319.257,1.0,1.0,0.0,318.5428,209.4357,109.1071,65.71,0.0,1,2.5301,2.0,92,92
841,57817,OSELTAMIVIR 45MG CAPS/10 GN-NATCOF,2.05,7,319.257,1.0,1.0,0.0,318.5428,209.4357,109.1071,65.71,0.0,1,2.5301,2.0,92,92
841,57817,OSELTAMIVIR 45MG CAPS/10 GN-NATCOF,2.33,5,319.257,1.0,1.0,0.0,318.5428,209.4357,109.1071,65.71,0.0,1,2.5301,2.0,92,92
841,57817,OSELTAMIVIR 45MG CAPS/10 GN-NATCOF,2.33,7,319.257,1.0,1.0,0.0,318.5428,209.4357,109.1071,65.71,0.0,1,2.5301,2.0,92,92
841,57817,OSELTAMIVIR 45MG CAPS/10 GN-NATCOF,2.58,5,319.257,1.0,1.0,0.0,318.5428,209.4357,109.1071,65.71,0.0,1,2.5301,2.0,92,92
841,57817,OSELTAMIVIR 45MG CAPS/10 GN-NATCOF,2.58,7,319.257,1.0,1.0,0.0,318.5428,209.4357,109.1071,65.71,0.0,1,2.5301,2.0,92,92
841,57817,OSELTAMIVIR 45MG CAPS/10 GN-NATCOF,1.28,10,323.2446,1.0,1.0,0.0,323.2446,209.4357,113.8089,0.0,0.0,0,2.5301,2.0,92,92
841,57817,OSELTAMIVIR 45MG CAPS/10 GN-NATCOF,1.28,14,323.2446,1.0,1.0,0.0,323.2446,209.4357,113.8089,0.0,0.0,0,2.5301,2.0,92,92
841,57817,OSELTAMIVIR 45MG CAPS/10 GN-NATCOF,1.65,10,323.2446,1.0,1.0,0.0,323.2446,209.4357,113.8089,0.0,0.0,0,2.5301,2.0,92,92
841,57817,OSELTAMIVIR 45MG CAPS/10 GN-NATCOF,1.65,14,323.2446,1.0,1.0,0.0,323.2446,209.4357,113.8089,0.0,0.0,0,2.5301,2.0,92,92
841,57817,OSELTAMIVIR 45MG CAPS/10 GN-NATCOF,2.05,10,323.2446,1.0,1.0,0.0,323.2446,209.4357,113.8089,0.0,0.0,0,2.5301,2.0,92,92
841,57817,OSELTAMIVIR 45MG CAPS/10 GN-NATCOF,2.05,14,323.2446,1.0,1.0,0.0,323.2446,209.4357,113.8089,0.0,0.0,0,2.5301,2.0,92,92
841,57817,OSELTAMIVIR 45MG CAPS/10 GN-NATCOF,2.33,10,323.2446,1.0,1.0,0.0,323.2446,209.4357,113.8089,0.0,0.0,0,2.5301,2.0,92,92
841,57817,OSELTAMIVIR 45MG CAPS/10 GN-NATCOF,2.33,14,323.2446,1.0,1.0,0.0,323.2446,209.4357,113.8089,0.0,0.0,0,2.5301,2.0,92,92
841,57817,OSELTAMIVIR 45MG CAPS/10 GN-NATCOF,2.58,10,323.2446,1.0,1.0,0.0,323.2446,209.4357,113.8089,0.0,0.0,0,2.5301,2.0,92,92
841,57817,OSELTAMIVIR 45MG CAPS/10 GN-NATCOF,2.58,14,323.2446,1.0,1.0,0.0,323.2446,209.4357,113.8089,0.0,0.0,0,2.5301,2.0,92,92
841,57912,LORATAMED D XPE 60ML,0.84,5,98.16,1.0,1.0,0.0,98.16,66.7861,31.3739,0.0,0.0,0,0.1995,0.0,92,92
841,57912,LORATAMED D XPE 60ML,0.84,7,98.16,1.0,1.0,0.0,98.16,66.7861,31.3739,0.0,0.0,0,0.1995,0.0,92,92
841,57912,LORATAMED D XPE 60ML,0.84,10,98.16,1.0,1.0,0.0,98.16,66.7861,31.3739,0.0,0.0,0,0.1995,0.0,92,92
841,57912,LORATAMED D XPE 60ML,0.84,14,98.16,1.0,1.0,0.0,98.16,66.7861,31.3739,0.0,0.0,0,0.1995,0.0,92,92
841,57912,LORATAMED D XPE 60ML,1.04,5,98.16,1.0,1.0,0.0,98.16,66.7861,31.3739,0.0,0.0,0,0.1995,0.0,92,92
841,57912,LORATAMED D XPE 60ML,1.04,7,98.16,1.0,1.0,0.0,98.16,66.7861,31.3739,0.0,0.0,0,0.1995,0.0,92,92
841,57912,LORATAMED D XPE 60ML,1.04,10,98.16,1.0,1.0,0.0,98.16,66.7861,31.3739,0.0,0.0,0,0.1995,0.0,92,92
841,57912,LORATAMED D XPE 60ML,1.04,14,98.16,1.0,1.0,0.0,98.16,66.7861,31.3739,0.0,0.0,0,0.1995,0.0,92,92
841,57912,LORATAMED D XPE 60ML,1.28,5,98.16,1.0,1.0,0.0,98.16,66.7861,31.3739,0.0,0.0,0,0.1995,0.0,92,92
841,57912,LORATAMED D XPE 60ML,1.28,7,98.16,1.0,1.0,0.0,98.16,66.7861,31.3739,0.0,0.0,0,0.1995,0.0,92,92
841,57912,LORATAMED D XPE 60ML,1.28,10,98.16,1.0,1.0,0.0,98.16,66.7861,31.3739,0.0,0.0,0,0.1995,0.0,92,92
841,57912,LORATAMED D XPE 60ML,1.28,14,98.16,1.0,1.0,0.0,98.16,66.7861,31.3739,0.0,0.0,0,0.1995,0.0,92,92
841,57912,LORATAMED D XPE 60ML,1.65,5,98.16,1.0,1.0,0.0,98.16,66.7861,31.3739,0.0,0.0,0,0.1995,0.0,92,92
841,57912,LORATAMED D XPE 60ML,1.65,7,98.16,1.0,1.0,0.0,98.16,66.7861,31.3739,0.0,0.0,0,0.1995,0.0,92,92
841,57912,LORATAMED D XPE 60ML,1.65,10,98.16,1.0,1.0,0.0,98.16,66.7861,31.3739,0.0,0.0,0,0.1995,0.0,92,92
841,57912,LORATAMED D XPE 60ML,1.65,14,98.16,1.0,1.0,0.0,98.16,66.7861,31.3739,0.0,0.0,0,0.1995,0.0,92,92
841,57912,LORATAMED D XPE 60ML,2.05,5,98.16,1.0,1.0,0.0,98.16,66.7861,31.3739,0.0,0.0,0,0.1995,0.0,92,92
841,57912,LORATAMED D XPE 60ML,2.05,7,98.16,1.0,1.0,0.0,98.16,66.7861,31.3739,0.0,0.0,0,0.1995,0.0,92,92
841,57912,LORATAMED D XPE 60ML,2.05,10,98.16,1.0,1.0,0.0,98.16,66.7861,31.3739,0.0,0.0,0,0.1995,0.0,92,92
841,57912,LORATAMED D XPE 60ML,2.05,14,98.16,1.0,1.0,0.0,98.16,66.7861,31.3739,0.0,0.0,0,0.1995,0.0,92,92
841,57912,LORATAMED D XPE 60ML,2.33,5,98.16,1.0,1.0,0.0,98.16,66.7861,31.3739,0.0,0.0,0,0.1995,0.0,92,92
841,57912,LORATAMED D XPE 60ML,2.33,7,98.16,1.0,1.0,0.0,98.16,66.7861,31.3739,0.0,0.0,0,0.1995,0.0,92,92
841,57912,LORATAMED D XPE 60ML,2.33,10,98.16,1.0,1.0,0.0,98.16,66.7861,31.3739,0.0,0.0,0,0.1995,0.0,92,92
841,57912,LORATAMED D XPE 60ML,2.33,14,98.16,1.0,1.0,0.0,98.16,66.7861,31.3739,0.0,0.0,0,0.1995,0.0,92,92
841,57912,LORATAMED D XPE 60ML,2.58,5,98.16,1.0,1.0,0.0,98.16,66.7861,31.3739,0.0,0.0,0,0.1995,0.0,92,92
841,57912,LORATAMED D XPE 60ML,2.58,7,98.16,1.0,1.0,0.0,98.16,66.7861,31.3739,0.0,0.0,0,0.1995,0.0,92,92
841,57912,LORATAMED D XPE 60ML,2.58,10,98.16,1.0,1.0,0.0,98.16,66.7861,31.3739,0.0,0.0,0,0.1995,0.0,92,92
841,57912,LORATAMED D XPE 60ML,2.58,14,98.16,1.0,1.0,0.0,98.16,66.7861,31.3739,0.0,0.0,0,0.1995,0.0,92,92
841,58701,ABRILAR XAROPE L-MENTOL 200ML,0.84,5,130.86,1.0,1.0,0.0,130.86,196.29,-65.43,0.0,0.0,0,0.4258,0.0,92,92
841,58701,ABRILAR XAROPE L-MENTOL 200ML,0.84,7,130.86,1.0,1.0,0.0,130.86,196.29,-65.43,0.0,0.0,0,0.4258,0.0,92,92
841,58701,ABRILAR XAROPE L-MENTOL 200ML,0.84,10,130.86,1.0,1.0,0.0,130.86,196.29,-65.43,0.0,0.0,0,0.4258,0.0,92,92
841,58701,ABRILAR XAROPE L-MENTOL 200ML,0.84,14,130.86,1.0,1.0,0.0,130.86,196.29,-65.43,0.0,0.0,0,0.4258,0.0,92,92
841,58701,ABRILAR XAROPE L-MENTOL 200ML,1.04,5,130.86,1.0,1.0,0.0,130.86,196.29,-65.43,0.0,0.0,0,0.4258,0.0,92,92
841,58701,ABRILAR XAROPE L-MENTOL 200ML,1.04,7,130.86,1.0,1.0,0.0,130.86,196.29,-65.43,0.0,0.0,0,0.4258,0.0,92,92
841,58701,ABRILAR XAROPE L-MENTOL 200ML,1.04,10,130.86,1.0,1.0,0.0,130.86,196.29,-65.43,0.0,0.0,0,0.4258,0.0,92,92
841,58701,ABRILAR XAROPE L-MENTOL 200ML,1.04,14,130.86,1.0,1.0,0.0,130.86,196.29,-65.43,0.0,0.0,0,0.4258,0.0,92,92
841,58701,ABRILAR XAROPE L-MENTOL 200ML,1.28,5,130.86,1.0,1.0,0.0,130.86,196.29,-65.43,0.0,0.0,0,0.4258,0.0,92,92
841,58701,ABRILAR XAROPE L-MENTOL 200ML,1.28,7,130.86,1.0,1.0,0.0,130.86,196.29,-65.43,0.0,0.0,0,0.4258,0.0,92,92
841,58701,ABRILAR XAROPE L-MENTOL 200ML,1.28,10,130.86,1.0,1.0,0.0,130.86,196.29,-65.43,0.0,0.0,0,0.4258,0.0,92,92
841,58701,ABRILAR XAROPE L-MENTOL 200ML,1.28,14,130.86,1.0,1.0,0.0,130.86,196.29,-65.43,0.0,0.0,0,0.4258,0.0,92,92
841,58701,ABRILAR XAROPE L-MENTOL 200ML,1.65,5,130.86,1.0,1.0,0.0,130.86,196.29,-65.43,0.0,0.0,0,0.4258,0.0,92,92
841,58701,ABRILAR XAROPE L-MENTOL 200ML,1.65,7,130.86,1.0,1.0,0.0,130.86,196.29,-65.43,0.0,0.0,0,0.4258,0.0,92,92
841,58701,ABRILAR XAROPE L-MENTOL 200ML,1.65,10,130.86,1.0,1.0,0.0,130.86,196.29,-65.43,0.0,0.0,0,0.4258,0.0,92,92
841,58701,ABRILAR XAROPE L-MENTOL 200ML,1.65,14,130.86,1.0,1.0,0.0,130.86,196.29,-65.43,0.0,0.0,0,0.4258,0.0,92,92
841,58701,ABRILAR XAROPE L-MENTOL 200ML,2.05,5,130.86,1.0,1.0,0.0,130.86,196.29,-65.43,0.0,0.0,0,0.4258,0.0,92,92
841,58701,ABRILAR XAROPE L-MENTOL 200ML,2.05,7,130.86,1.0,1.0,0.0,130.86,196.29,-65.43,0.0,0.0,0,0.4258,0.0,92,92
841,58701,ABRILAR XAROPE L-MENTOL 200ML,2.05,10,130.86,1.0,1.0,0.0,130.86,196.29,-65.43,0.0,0.0,0,0.4258,0.0,92,92
841,58701,ABRILAR XAROPE L-MENTOL 200ML,2.05,14,130.86,1.0,1.0,0.0,130.86,196.29,-65.43,0.0,0.0,0,0.4258,0.0,92,92
841,58701,ABRILAR XAROPE L-MENTOL 200ML,2.33,5,196.29,1.0,1.0,0.0,196.29,196.29,0.0,0.0,0.0,0,0.4258,0.0,92,92
841,58701,ABRILAR XAROPE L-MENTOL 200ML,2.33,7,196.29,1.0,1.0,0.0,196.29,196.29,0.0,0.0,0.0,0,0.4258,0.0,92,92
841,58701,ABRILAR XAROPE L-MENTOL 200ML,2.33,10,196.29,1.0,1.0,0.0,196.29,196.29,0.0,0.0,0.0,0,0.4258,0.0,92,92
841,58701,ABRILAR XAROPE L-MENTOL 200ML,2.33,14,196.29,1.0,1.0,0.0,196.29,196.29,0.0,0.0,0.0,0,0.4258,0.0,92,92
841,58701,ABRILAR XAROPE L-MENTOL 200ML,2.58,5,196.29,1.0,1.0,0.0,196.29,196.29,0.0,0.0,0.0,0,0.4258,0.0,92,92
841,58701,ABRILAR XAROPE L-MENTOL 200ML,2.58,7,196.29,1.0,1.0,0.0,196.29,196.29,0.0,0.0,0.0,0,0.4258,0.0,92,92
841,58701,ABRILAR XAROPE L-MENTOL 200ML,2.58,10,196.29,1.0,1.0,0.0,196.29,196.29,0.0,0.0,0.0,0,0.4258,0.0,92,92
841,58701,ABRILAR XAROPE L-MENTOL 200ML,2.58,14,196.29,1.0,1.0,0.0,196.29,196.29,0.0,0.0,0.0,0,0.4258,0.0,92,92
841,62364,ALOFF XPE 60ML + SER,0.84,5,74.98,1.0,1.0,0.0,74.98,,,0.0,0.0,0,0.0,0.0,92,92
841,62364,ALOFF XPE 60ML + SER,0.84,7,74.98,1.0,1.0,0.0,74.98,,,0.0,0.0,0,0.0,0.0,92,92
841,62364,ALOFF XPE 60ML + SER,0.84,10,74.98,1.0,1.0,0.0,74.98,,,0.0,0.0,0,0.0,0.0,92,92
841,62364,ALOFF XPE 60ML + SER,0.84,14,74.98,1.0,1.0,0.0,74.98,,,0.0,0.0,0,0.0,0.0,92,92
841,62364,ALOFF XPE 60ML + SER,1.04,5,74.98,1.0,1.0,0.0,74.98,,,0.0,0.0,0,0.0,0.0,92,92
841,62364,ALOFF XPE 60ML + SER,1.04,7,74.98,1.0,1.0,0.0,74.98,,,0.0,0.0,0,0.0,0.0,92,92
841,62364,ALOFF XPE 60ML + SER,1.04,10,74.98,1.0,1.0,0.0,74.98,,,0.0,0.0,0,0.0,0.0,92,92
841,62364,ALOFF XPE 60ML + SER,1.04,14,74.98,1.0,1.0,0.0,74.98,,,0.0,0.0,0,0.0,0.0,92,92
841,62364,ALOFF XPE 60ML + SER,1.28,5,74.98,1.0,1.0,0.0,74.98,,,0.0,0.0,0,0.0,0.0,92,92
841,62364,ALOFF XPE 60ML + SER,1.28,7,74.98,1.0,1.0,0.0,74.98,,,0.0,0.0,0,0.0,0.0,92,92
841,62364,ALOFF XPE 60ML + SER,1.28,10,74.98,1.0,1.0,0.0,74.98,,,0.0,0.0,0,0.0,0.0,92,92
841,62364,ALOFF XPE 60ML + SER,1.28,14,74.98,1.0,1.0,0.0,74.98,,,0.0,0.0,0,0.0,0.0,92,92
841,62364,ALOFF XPE 60ML + SER,1.65,5,74.98,1.0,1.0,0.0,74.98,,,0.0,0.0,0,0.0,0.0,92,92
841,62364,ALOFF XPE 60ML + SER,1.65,7,74.98,1.0,1.0,0.0,74.98,,,0.0,0.0,0,0.0,0.0,92,92
841,62364,ALOFF XPE 60ML + SER,1.65,10,74.98,1.0,1.0,0.0,74.98,,,0.0,0.0,0,0.0,0.0,92,92
841,62364,ALOFF XPE 60ML + SER,1.65,14,74.98,1.0,1.0,0.0,74.98,,,0.0,0.0,0,0.0,0.0,92,92
841,62364,ALOFF XPE 60ML + SER,2.05,5,74.98,1.0,1.0,0.0,74.98,,,0.0,0.0,0,0.0,0.0,92,92
841,62364,ALOFF XPE 60ML + SER,2.05,7,74.98,1.0,1.0,0.0,74.98,,,0.0,0.0,0,0.0,0.0,92,92
841,62364,ALOFF XPE 60ML + SER,2.05,10,74.98,1.0,1.0,0.0,74.98,,,0.0,0.0,0,0.0,0.0,92,92
841,62364,ALOFF XPE 60ML + SER,2.05,14,74.98,1.0,1.0,0.0,74.98,,,0.0,0.0,0,0.0,0.0,92,92
841,62364,ALOFF XPE 60ML + SER,2.33,5,74.98,1.0,1.0,0.0,74.98,,,0.0,0.0,0,0.0,0.0,92,92
841,62364,ALOFF XPE 60ML + SER,2.33,7,74.98,1.0,1.0,0.0,74.98,,,0.0,0.0,0,0.0,0.0,92,92
841,62364,ALOFF XPE 60ML + SER,2.33,10,74.98,1.0,1.0,0.0,74.98,,,0.0,0.0,0,0.0,0.0,92,92
841,62364,ALOFF XPE 60ML + SER,2.33,14,74.98,1.0,1.0,0.0,74.98,,,0.0,0.0,0,0.0,0.0,92,92
841,62364,ALOFF XPE 60ML + SER,2.58,5,74.98,1.0,1.0,0.0,74.98,,,0.0,0.0,0,0.0,0.0,92,92
841,62364,ALOFF XPE 60ML + SER,2.58,7,74.98,1.0,1.0,0.0,74.98,,,0.0,0.0,0,0.0,0.0,92,92
841,62364,ALOFF XPE 60ML + SER,2.58,10,74.98,1.0,1.0,0.0,74.98,,,0.0,0.0,0,0.0,0.0,92,92
841,62364,ALOFF XPE 60ML + SER,2.58,14,74.98,1.0,1.0,0.0,74.98,,,0.0,0.0,0,0.0,0.0,92,92
841,62782,HEDERA CIMED 7MG/ML CEREJA XPE100ML,0.84,5,76.66,1.0,1.0,0.0,76.66,38.33,38.33,0.0,0.0,0,0.0437,0.0,92,92
841,62782,HEDERA CIMED 7MG/ML CEREJA XPE100ML,0.84,7,76.66,1.0,1.0,0.0,76.66,38.33,38.33,0.0,0.0,0,0.0437,0.0,92,92
841,62782,HEDERA CIMED 7MG/ML CEREJA XPE100ML,0.84,10,76.66,1.0,1.0,0.0,76.66,38.33,38.33,0.0,0.0,0,0.0437,0.0,92,92
841,62782,HEDERA CIMED 7MG/ML CEREJA XPE100ML,0.84,14,76.66,1.0,1.0,0.0,76.66,38.33,38.33,0.0,0.0,0,0.0437,0.0,92,92
841,62782,HEDERA CIMED 7MG/ML CEREJA XPE100ML,1.04,5,76.66,1.0,1.0,0.0,76.66,38.33,38.33,0.0,0.0,0,0.0437,0.0,92,92
841,62782,HEDERA CIMED 7MG/ML CEREJA XPE100ML,1.04,7,76.66,1.0,1.0,0.0,76.66,38.33,38.33,0.0,0.0,0,0.0437,0.0,92,92
841,62782,HEDERA CIMED 7MG/ML CEREJA XPE100ML,1.04,10,76.66,1.0,1.0,0.0,76.66,38.33,38.33,0.0,0.0,0,0.0437,0.0,92,92
841,62782,HEDERA CIMED 7MG/ML CEREJA XPE100ML,1.04,14,76.66,1.0,1.0,0.0,76.66,38.33,38.33,0.0,0.0,0,0.0437,0.0,92,92
841,62782,HEDERA CIMED 7MG/ML CEREJA XPE100ML,1.28,5,76.66,1.0,1.0,0.0,76.66,38.33,38.33,0.0,0.0,0,0.0437,0.0,92,92
841,62782,HEDERA CIMED 7MG/ML CEREJA XPE100ML,1.28,7,76.66,1.0,1.0,0.0,76.66,38.33,38.33,0.0,0.0,0,0.0437,0.0,92,92
841,62782,HEDERA CIMED 7MG/ML CEREJA XPE100ML,1.28,10,76.66,1.0,1.0,0.0,76.66,38.33,38.33,0.0,0.0,0,0.0437,0.0,92,92
841,62782,HEDERA CIMED 7MG/ML CEREJA XPE100ML,1.28,14,76.66,1.0,1.0,0.0,76.66,38.33,38.33,0.0,0.0,0,0.0437,0.0,92,92
841,62782,HEDERA CIMED 7MG/ML CEREJA XPE100ML,1.65,5,76.66,1.0,1.0,0.0,76.66,38.33,38.33,0.0,0.0,0,0.0437,0.0,92,92
841,62782,HEDERA CIMED 7MG/ML CEREJA XPE100ML,1.65,7,76.66,1.0,1.0,0.0,76.66,38.33,38.33,0.0,0.0,0,0.0437,0.0,92,92
841,62782,HEDERA CIMED 7MG/ML CEREJA XPE100ML,1.65,10,76.66,1.0,1.0,0.0,76.66,38.33,38.33,0.0,0.0,0,0.0437,0.0,92,92
841,62782,HEDERA CIMED 7MG/ML CEREJA XPE100ML,1.65,14,76.66,1.0,1.0,0.0,76.66,38.33,38.33,0.0,0.0,0,0.0437,0.0,92,92
841,62782,HEDERA CIMED 7MG/ML CEREJA XPE100ML,2.05,5,76.66,1.0,1.0,0.0,76.66,38.33,38.33,0.0,0.0,0,0.0437,0.0,92,92
841,62782,HEDERA CIMED 7MG/ML CEREJA XPE100ML,2.05,7,76.66,1.0,1.0,0.0,76.66,38.33,38.33,0.0,0.0,0,0.0437,0.0,92,92
841,62782,HEDERA CIMED 7MG/ML CEREJA XPE100ML,2.05,10,76.66,1.0,1.0,0.0,76.66,38.33,38.33,0.0,0.0,0,0.0437,0.0,92,92
841,62782,HEDERA CIMED 7MG/ML CEREJA XPE100ML,2.05,14,76.66,1.0,1.0,0.0,76.66,38.33,38.33,0.0,0.0,0,0.0437,0.0,92,92
841,62782,HEDERA CIMED 7MG/ML CEREJA XPE100ML,2.33,5,76.66,1.0,1.0,0.0,76.66,38.33,38.33,0.0,0.0,0,0.0437,0.0,92,92
841,62782,HEDERA CIMED 7MG/ML CEREJA XPE100ML,2.33,7,76.66,1.0,1.0,0.0,76.66,38.33,38.33,0.0,0.0,0,0.0437,0.0,92,92
841,62782,HEDERA CIMED 7MG/ML CEREJA XPE100ML,2.33,10,76.66,1.0,1.0,0.0,76.66,38.33,38.33,0.0,0.0,0,0.0437,0.0,92,92
841,62782,HEDERA CIMED 7MG/ML CEREJA XPE100ML,2.33,14,76.66,1.0,1.0,0.0,76.66,38.33,38.33,0.0,0.0,0,0.0437,0.0,92,92
841,62782,HEDERA CIMED 7MG/ML CEREJA XPE100ML,2.58,5,76.66,1.0,1.0,0.0,76.66,38.33,38.33,0.0,0.0,0,0.0437,0.0,92,92
841,62782,HEDERA CIMED 7MG/ML CEREJA XPE100ML,2.58,7,76.66,1.0,1.0,0.0,76.66,38.33,38.33,0.0,0.0,0,0.0437,0.0,92,92
841,62782,HEDERA CIMED 7MG/ML CEREJA XPE100ML,2.58,10,76.66,1.0,1.0,0.0,76.66,38.33,38.33,0.0,0.0,0,0.0437,0.0,92,92
841,62782,HEDERA CIMED 7MG/ML CEREJA XPE100ML,2.58,14,76.66,1.0,1.0,0.0,76.66,38.33,38.33,0.0,0.0,0,0.0437,0.0,92,92
841,76834,"SORINAN ADULTO 0,5MG SOL NASAL 30ML",0.84,5,18.38,1.0,1.0,0.0,18.38,9.19,9.19,0.0,0.0,0,0.0,0.0,92,92
841,76834,"SORINAN ADULTO 0,5MG SOL NASAL 30ML",0.84,7,18.38,1.0,1.0,0.0,18.38,9.19,9.19,0.0,0.0,0,0.0,0.0,92,92
841,76834,"SORINAN ADULTO 0,5MG SOL NASAL 30ML",0.84,10,18.38,1.0,1.0,0.0,18.38,9.19,9.19,0.0,0.0,0,0.0,0.0,92,92
841,76834,"SORINAN ADULTO 0,5MG SOL NASAL 30ML",0.84,14,18.38,1.0,1.0,0.0,18.38,9.19,9.19,0.0,0.0,0,0.0,0.0,92,92
841,76834,"SORINAN ADULTO 0,5MG SOL NASAL 30ML",1.04,5,18.38,1.0,1.0,0.0,18.38,9.19,9.19,0.0,0.0,0,0.0,0.0,92,92
841,76834,"SORINAN ADULTO 0,5MG SOL NASAL 30ML",1.04,7,18.38,1.0,1.0,0.0,18.38,9.19,9.19,0.0,0.0,0,0.0,0.0,92,92
841,76834,"SORINAN ADULTO 0,5MG SOL NASAL 30ML",1.04,10,18.38,1.0,1.0,0.0,18.38,9.19,9.19,0.0,0.0,0,0.0,0.0,92,92
841,76834,"SORINAN ADULTO 0,5MG SOL NASAL 30ML",1.04,14,18.38,1.0,1.0,0.0,18.38,9.19,9.19,0.0,0.0,0,0.0,0.0,92,92
841,76834,"SORINAN ADULTO 0,5MG SOL NASAL 30ML",1.28,5,18.38,1.0,1.0,0.0,18.38,9.19,9.19,0.0,0.0,0,0.0,0.0,92,92
841,76834,"SORINAN ADULTO 0,5MG SOL NASAL 30ML",1.28,7,18.38,1.0,1.0,0.0,18.38,9.19,9.19,0.0,0.0,0,0.0,0.0,92,92
841,76834,"SORINAN ADULTO 0,5MG SOL NASAL 30ML",1.28,10,18.38,1.0,1.0,0.0,18.38,9.19,9.19,0.0,0.0,0,0.0,0.0,92,92
841,76834,"SORINAN ADULTO 0,5MG SOL NASAL 30ML",1.28,14,18.38,1.0,1.0,0.0,18.38,9.19,9.19,0.0,0.0,0,0.0,0.0,92,92
841,76834,"SORINAN ADULTO 0,5MG SOL NASAL 30ML",1.65,5,18.38,1.0,1.0,0.0,18.38,9.19,9.19,0.0,0.0,0,0.0,0.0,92,92
841,76834,"SORINAN ADULTO 0,5MG SOL NASAL 30ML",1.65,7,18.38,1.0,1.0,0.0,18.38,9.19,9.19,0.0,0.0,0,0.0,0.0,92,92
841,76834,"SORINAN ADULTO 0,5MG SOL NASAL 30ML",1.65,10,18.38,1.0,1.0,0.0,18.38,9.19,9.19,0.0,0.0,0,0.0,0.0,92,92
841,76834,"SORINAN ADULTO 0,5MG SOL NASAL 30ML",1.65,14,18.38,1.0,1.0,0.0,18.38,9.19,9.19,0.0,0.0,0,0.0,0.0,92,92
841,76834,"SORINAN ADULTO 0,5MG SOL NASAL 30ML",2.05,5,18.38,1.0,1.0,0.0,18.38,9.19,9.19,0.0,0.0,0,0.0,0.0,92,92
841,76834,"SORINAN ADULTO 0,5MG SOL NASAL 30ML",2.05,7,18.38,1.0,1.0,0.0,18.38,9.19,9.19,0.0,0.0,0,0.0,0.0,92,92
841,76834,"SORINAN ADULTO 0,5MG SOL NASAL 30ML",2.05,10,18.38,1.0,1.0,0.0,18.38,9.19,9.19,0.0,0.0,0,0.0,0.0,92,92
841,76834,"SORINAN ADULTO 0,5MG SOL NASAL 30ML",2.05,14,18.38,1.0,1.0,0.0,18.38,9.19,9.19,0.0,0.0,0,0.0,0.0,92,92
841,76834,"SORINAN ADULTO 0,5MG SOL NASAL 30ML",2.33,5,18.38,1.0,1.0,0.0,18.38,9.19,9.19,0.0,0.0,0,0.0,0.0,92,92
841,76834,"SORINAN ADULTO 0,5MG SOL NASAL 30ML",2.33,7,18.38,1.0,1.0,0.0,18.38,9.19,9.19,0.0,0.0,0,0.0,0.0,92,92
841,76834,"SORINAN ADULTO 0,5MG SOL NASAL 30ML",2.33,10,18.38,1.0,1.0,0.0,18.38,9.19,9.19,0.0,0.0,0,0.0,0.0,92,92
841,76834,"SORINAN ADULTO 0,5MG SOL NASAL 30ML",2.33,14,18.38,1.0,1.0,0.0,18.38,9.19,9.19,0.0,0.0,0,0.0,0.0,92,92
841,76834,"SORINAN ADULTO 0,5MG SOL NASAL 30ML",2.58,5,18.38,1.0,1.0,0.0,18.38,9.19,9.19,0.0,0.0,0,0.0,0.0,92,92
841,76834,"SORINAN ADULTO 0,5MG SOL NASAL 30ML",2.58,7,18.38,1.0,1.0,0.0,18.38,9.19,9.19,0.0,0.0,0,0.0,0.0,92,92
841,76834,"SORINAN ADULTO 0,5MG SOL NASAL 30ML",2.58,10,18.38,1.0,1.0,0.0,18.38,9.19,9.19,0.0,0.0,0,0.0,0.0,92,92
841,76834,"SORINAN ADULTO 0,5MG SOL NASAL 30ML",2.58,14,18.38,1.0,1.0,0.0,18.38,9.19,9.19,0.0,0.0,0,0.0,0.0,92,92
841,9607,NARIDRIN 12H ADULTO 30ML,0.84,10,97.286,0.978261,0.98913,-0.01087,96.7049,95.6333,1.0716,53.46,0.0,6,19.3019,20.0,92,92
841,9607,NARIDRIN 12H ADULTO 30ML,0.84,14,97.286,0.978261,0.98913,-0.01087,96.7049,95.6333,1.0716,53.46,0.0,6,19.3019,20.0,92,92
841,9607,NARIDRIN 12H ADULTO 30ML,1.04,10,97.286,0.978261,0.98913,-0.01087,96.7049,95.6333,1.0716,53.46,0.0,6,19.3019,20.0,92,92
841,9607,NARIDRIN 12H ADULTO 30ML,1.04,14,97.286,0.978261,0.98913,-0.01087,96.7049,95.6333,1.0716,53.46,0.0,6,19.3019,20.0,92,92
841,9607,NARIDRIN 12H ADULTO 30ML,1.28,10,97.286,0.978261,0.98913,-0.01087,96.7049,95.6333,1.0716,53.46,0.0,6,19.3019,20.0,92,92
841,9607,NARIDRIN 12H ADULTO 30ML,1.28,14,97.286,0.978261,0.98913,-0.01087,96.7049,95.6333,1.0716,53.46,0.0,6,19.3019,20.0,92,92
841,9607,NARIDRIN 12H ADULTO 30ML,1.65,10,97.286,0.978261,0.98913,-0.01087,96.7049,95.6333,1.0716,53.46,0.0,6,19.3019,20.0,92,92
841,9607,NARIDRIN 12H ADULTO 30ML,1.65,14,97.286,0.978261,0.98913,-0.01087,96.7049,95.6333,1.0716,53.46,0.0,6,19.3019,20.0,92,92
841,9607,NARIDRIN 12H ADULTO 30ML,2.05,5,110.5762,1.0,0.98913,0.01087,109.7046,95.6333,14.0713,80.19,0.0,9,19.3019,20.0,92,92
841,9607,NARIDRIN 12H ADULTO 30ML,2.05,7,110.5762,1.0,0.98913,0.01087,109.7046,95.6333,14.0713,80.19,0.0,9,19.3019,20.0,92,92
841,9607,NARIDRIN 12H ADULTO 30ML,2.33,5,110.5762,1.0,0.98913,0.01087,109.7046,95.6333,14.0713,80.19,0.0,9,19.3019,20.0,92,92
841,9607,NARIDRIN 12H ADULTO 30ML,2.33,7,110.5762,1.0,0.98913,0.01087,109.7046,95.6333,14.0713,80.19,0.0,9,19.3019,20.0,92,92
841,9607,NARIDRIN 12H ADULTO 30ML,2.58,5,110.5762,1.0,0.98913,0.01087,109.7046,95.6333,14.0713,80.19,0.0,9,19.3019,20.0,92,92
841,9607,NARIDRIN 12H ADULTO 30ML,2.58,7,110.5762,1.0,0.98913,0.01087,109.7046,95.6333,14.0713,80.19,0.0,9,19.3019,20.0,92,92
841,9607,NARIDRIN 12H ADULTO 30ML,2.05,10,124.2365,1.0,0.98913,0.01087,123.6554,95.6333,28.0221,53.46,0.0,6,19.3019,20.0,92,92
841,9607,NARIDRIN 12H ADULTO 30ML,2.05,14,124.2365,1.0,0.98913,0.01087,123.6554,95.6333,28.0221,53.46,0.0,6,19.3019,20.0,92,92
841,9607,NARIDRIN 12H ADULTO 30ML,2.33,10,124.2365,1.0,0.98913,0.01087,123.6554,95.6333,28.0221,53.46,0.0,6,19.3019,20.0,92,92
841,9607,NARIDRIN 12H ADULTO 30ML,2.33,14,124.2365,1.0,0.98913,0.01087,123.6554,95.6333,28.0221,53.46,0.0,6,19.3019,20.0,92,92
841,9607,NARIDRIN 12H ADULTO 30ML,2.58,10,124.2365,1.0,0.98913,0.01087,123.6554,95.6333,28.0221,53.46,0.0,6,19.3019,20.0,92,92
841,9607,NARIDRIN 12H ADULTO 30ML,2.58,14,124.2365,1.0,0.98913,0.01087,123.6554,95.6333,28.0221,53.46,0.0,6,19.3019,20.0,92,92
841,9607,NARIDRIN 12H ADULTO 30ML,0.84,5,13555.2843,0.956522,0.98913,-0.032609,76.4127,95.6333,-19.2206,80.19,0.0,9,19.3019,20.0,92,92
841,9607,NARIDRIN 12H ADULTO 30ML,0.84,7,13555.2843,0.956522,0.98913,-0.032609,76.4127,95.6333,-19.2206,80.19,0.0,9,19.3019,20.0,92,92
841,9607,NARIDRIN 12H ADULTO 30ML,1.04,5,13555.2843,0.956522,0.98913,-0.032609,76.4127,95.6333,-19.2206,80.19,0.0,9,19.3019,20.0,92,92
841,9607,NARIDRIN 12H ADULTO 30ML,1.04,7,13555.2843,0.956522,0.98913,-0.032609,76.4127,95.6333,-19.2206,80.19,0.0,9,19.3019,20.0,92,92
841,9607,NARIDRIN 12H ADULTO 30ML,1.28,5,13555.2843,0.956522,0.98913,-0.032609,76.4127,95.6333,-19.2206,80.19,0.0,9,19.3019,20.0,92,92
841,9607,NARIDRIN 12H ADULTO 30ML,1.28,7,13555.2843,0.956522,0.98913,-0.032609,76.4127,95.6333,-19.2206,80.19,0.0,9,19.3019,20.0,92,92
841,9607,NARIDRIN 12H ADULTO 30ML,1.65,5,13555.2843,0.956522,0.98913,-0.032609,76.4127,95.6333,-19.2206,80.19,0.0,9,19.3019,20.0,92,92
841,9607,NARIDRIN 12H ADULTO 30ML,1.65,7,13555.2843,0.956522,0.98913,-0.032609,76.4127,95.6333,-19.2206,80.19,0.0,9,19.3019,20.0,92,92
