horizon_name,date,location,location_name,product,product_name,supplier,abc_class,lead_time_days,reorder_point_s,order_up_to_S,z_value,review_days,opening_inventory,received_qty,inventory_position_before_order,order_qty,arrival_date,inventory_position_after_order,on_order_after,forecast_demand,forecast_std,promo_uplift,actual_demand,fulfilled_units,lost_sales_units,ending_inventory,simulated_stockout_flag,purchase_price,sales_price,simulated_inventory_value,ordering_cost,actual_balance,actual_inventory_value,actual_stockout_flag,is_promo,campaign_type
test_q4_2024,2024-10-01,1314,LOJA 1314,13315,BROMELIN SUSP 100ML,33104,C,9,1,3,0.84,5,3.0,0,3.0,0,,3.0,0,0.0,0.1856,2.5,0.0,0.0,0.0,3.0,0,54.34,66.14,163.02,0.0,2.0,108.68,0,0,
test_q4_2024,2024-10-02,1314,LOJA 1314,13315,BROMELIN SUSP 100ML,33104,C,9,1,3,0.84,5,3.0,0,3.0,0,,3.0,0,0.0,0.1856,2.5,0.0,0.0,0.0,3.0,0,54.34,66.14,163.02,0.0,2.0,108.68,0,0,
test_q4_2024,2024-10-03,1314,LOJA 1314,13315,BROMELIN SUSP 100ML,33104,C,9,1,3,0.84,5,3.0,0,3.0,0,,3.0,0,0.0,0.1856,2.5,0.0,0.0,0.0,3.0,0,54.34,66.14,163.02,0.0,2.0,108.68,0,0,
test_q4_2024,2024-10-04,1314,LOJA 1314,13315,BROMELIN SUSP 100ML,33104,C,9,1,3,0.84,5,3.0,0,3.0,0,,3.0,0,0.0,0.1856,2.5,0.0,0.0,0.0,3.0,0,54.34,66.14,163.02,0.0,2.0,108.68,0,0,
test_q4_2024,2024-10-05,1314,LOJA 1314,13315,BROMELIN SUSP 100ML,33104,C,9,1,3,0.84,5,3.0,0,3.0,0,,3.0,0,0.0437,0.1856,2.5,0.0,0.0,0.0,3.0,0,54.34,66.14,163.02,0.0,2.0,108.68,0,0,
test_q4_2024,2024-10-06,1314,LOJA 1314,13315,BROMELIN SUSP 100ML,33104,C,9,1,3,0.84,5,3.0,0,3.0,0,,3.0,0,0.0437,0.1856,2.5,0.0,0.0,0.0,3.0,0,54.34,66.14,163.02,0.0,,,0,0,
test_q4_2024,2024-10-07,1314,LOJA 1314,13315,BROMELIN SUSP 100ML,33104,C,9,1,3,0.84,5,3.0,0,3.0,0,,3.0,0,0.0,0.1856,2.5,0.0,0.0,0.0,3.0,0,54.34,66.14,163.02,0.0,2.0,108.68,0,0,
test_q4_2024,2024-10-08,1314,LOJA 1314,13315,BROMELIN SUSP 100ML,33104,C,9,1,3,0.84,5,3.0,0,3.0,0,,3.0,0,0.0,0.1856,2.5,0.0,0.0,0.0,3.0,0,54.34,66.14,163.02,0.0,2.0,108.68,0,0,
test_q4_2024,2024-10-09,1314,LOJA 1314,13315,BROMELIN SUSP 100ML,33104,C,9,1,3,0.84,5,3.0,0,3.0,0,,3.0,0,0.0,0.1856,2.5,1.0,1.0,0.0,2.0,0,54.34,66.14,108.68,0.0,2.0,108.68,0,0,
test_q4_2024,2024-10-10,1314,LOJA 1314,13315,BROMELIN SUSP 100ML,33104,C,9,1,3,0.84,5,2.0,0,2.0,0,,2.0,0,0.0,0.1856,2.5,0.0,0.0,0.0,2.0,0,54.34,66.14,108.68,0.0,1.0,54.34,0,0,
test_q4_2024,2024-10-11,1314,LOJA 1314,13315,BROMELIN SUSP 100ML,33104,C,9,1,3,0.84,5,2.0,0,2.0,0,,2.0,0,0.0,0.1856,2.5,0.0,0.0,0.0,2.0,0,54.34,66.14,108.68,0.0,1.0,54.34,0,0,
test_q4_2024,2024-10-12,1314,LOJA 1314,13315,BROMELIN SUSP 100ML,33104,C,9,1,3,0.84,5,2.0,0,2.0,0,,2.0,0,0.0437,0.1856,2.5,0.0,0.0,0.0,2.0,0,54.34,66.14,108.68,0.0,1.0,54.34,0,0,
test_q4_2024,2024-10-13,1314,LOJA 1314,13315,BROMELIN SUSP 100ML,33104,C,9,1,3,0.84,5,2.0,0,2.0,0,,2.0,0,0.0437,0.1856,2.5,0.0,0.0,0.0,2.0,0,54.34,66.14,108.68,0.0,,,0,0,
test_q4_2024,2024-10-14,1314,LOJA 1314,13315,BROMELIN SUSP 100ML,33104,C,9,1,3,0.84,5,2.0,0,2.0,0,,2.0,0,0.0,0.1856,2.5,0.0,0.0,0.0,2.0,0,54.34,66.14,108.68,0.0,1.0,54.34,0,0,
test_q4_2024,2024-10-15,1314,LOJA 1314,13315,BROMELIN SUSP 100ML,33104,C,9,1,3,0.84,5,2.0,0,2.0,0,,2.0,0,0.0,0.1856,2.5,0.0,0.0,0.0,2.0,0,54.34,66.14,108.68,0.0,1.0,54.34,0,0,
test_q4_2024,2024-10-16,1314,LOJA 1314,13315,BROMELIN SUSP 100ML,33104,C,9,1,3,0.84,5,2.0,0,2.0,0,,2.0,0,0.0,0.1856,2.5,0.0,0.0,0.0,2.0,0,54.34,66.14,108.68,0.0,1.0,54.34,0,0,
test_q4_2024,2024-10-17,1314,LOJA 1314,13315,BROMELIN SUSP 100ML,33104,C,9,1,3,0.84,5,2.0,0,2.0,0,,2.0,0,0.0,0.1856,2.5,0.0,0.0,0.0,2.0,0,54.34,66.14,108.68,0.0,1.0,54.34,0,0,
test_q4_2024,2024-10-18,1314,LOJA 1314,13315,BROMELIN SUSP 100ML,33104,C,9,1,3,0.84,5,2.0,0,2.0,0,,2.0,0,0.0,0.1856,2.5,0.0,0.0,0.0,2.0,0,54.34,66.14,108.68,0.0,1.0,54.34,0,0,
test_q4_2024,2024-10-19,1314,LOJA 1314,13315,BROMELIN SUSP 100ML,33104,C,9,1,3,0.84,5,2.0,0,2.0,0,,2.0,0,0.0437,0.1856,2.5,0.0,0.0,0.0,2.0,0,54.34,66.14,108.68,0.0,2.0,108.68,0,0,
test_q4_2024,2024-10-20,1314,LOJA 1314,13315,BROMELIN SUSP 100ML,33104,C,9,1,3,0.84,5,2.0,0,2.0,0,,2.0,0,0.0437,0.1856,2.5,0.0,0.0,0.0,2.0,0,54.34,66.14,108.68,0.0,,,0,0,
test_q4_2024,2024-10-21,1314,LOJA 1314,13315,BROMELIN SUSP 100ML,33104,C,9,1,3,0.84,5,2.0,0,2.0,0,,2.0,0,0.0,0.1856,2.5,0.0,0.0,0.0,2.0,0,54.34,66.14,108.68,0.0,2.0,108.68,0,0,
test_q4_2024,2024-10-22,1314,LOJA 1314,13315,BROMELIN SUSP 100ML,33104,C,9,1,3,0.84,5,2.0,0,2.0,0,,2.0,0,0.0,0.1856,2.5,0.0,0.0,0.0,2.0,0,54.34,66.14,108.68,0.0,2.0,108.68,0,0,
test_q4_2024,2024-10-23,1314,LOJA 1314,13315,BROMELIN SUSP 100ML,33104,C,9,1,3,0.84,5,2.0,0,2.0,0,,2.0,0,0.0,0.1856,2.5,0.0,0.0,0.0,2.0,0,54.34,66.14,108.68,0.0,2.0,108.68,0,0,
test_q4_2024,2024-10-24,1314,LOJA 1314,13315,BROMELIN SUSP 100ML,33104,C,9,1,3,0.84,5,2.0,0,2.0,0,,2.0,0,0.0,0.1856,2.5,0.0,0.0,0.0,2.0,0,54.34,66.14,108.68,0.0,3.0,163.02,0,0,
test_q4_2024,2024-10-25,1314,LOJA 1314,13315,BROMELIN SUSP 100ML,33104,C,9,1,3,0.84,5,2.0,0,2.0,0,,2.0,0,0.0,0.1856,2.5,0.0,0.0,0.0,2.0,0,54.34,66.14,108.68,0.0,3.0,163.02,0,0,
test_q4_2024,2024-10-26,1314,LOJA 1314,13315,BROMELIN SUSP 100ML,33104,C,9,1,3,0.84,5,2.0,0,2.0,0,,2.0,0,0.0437,0.1856,2.5,0.0,0.0,0.0,2.0,0,54.34,66.14,108.68,0.0,3.0,163.02,0,0,
test_q4_2024,2024-10-27,1314,LOJA 1314,13315,BROMELIN SUSP 100ML,33104,C,9,1,3,0.84,5,2.0,0,2.0,0,,2.0,0,0.0437,0.1856,2.5,0.0,0.0,0.0,2.0,0,54.34,66.14,108.68,0.0,,,0,0,
test_q4_2024,2024-10-28,1314,LOJA 1314,13315,BROMELIN SUSP 100ML,33104,C,9,1,3,0.84,5,2.0,0,2.0,0,,2.0,0,0.0,0.1856,2.5,0.0,0.0,0.0,2.0,0,54.34,66.14,108.68,0.0,3.0,163.02,0,0,
test_q4_2024,2024-10-29,1314,LOJA 1314,13315,BROMELIN SUSP 100ML,33104,C,9,1,3,0.84,5,2.0,0,2.0,0,,2.0,0,0.0,0.1856,2.5,0.0,0.0,0.0,2.0,0,54.34,66.14,108.68,0.0,3.0,163.02,0,0,
test_q4_2024,2024-10-30,1314,LOJA 1314,13315,BROMELIN SUSP 100ML,33104,C,9,1,3,0.84,5,2.0,0,2.0,0,,2.0,0,0.0,0.1856,2.5,0.0,0.0,0.0,2.0,0,54.34,66.14,108.68,0.0,3.0,163.02,0,0,
test_q4_2024,2024-10-31,1314,LOJA 1314,13315,BROMELIN SUSP 100ML,33104,C,9,1,3,0.84,5,2.0,0,2.0,0,,2.0,0,0.0,0.1856,2.5,0.0,0.0,0.0,2.0,0,54.34,66.14,108.68,0.0,3.0,163.02,0,0,
test_q4_2024,2024-11-01,1314,LOJA 1314,13315,BROMELIN SUSP 100ML,33104,C,9,1,3,0.84,5,2.0,0,2.0,0,,2.0,0,0.0,0.1856,2.5,0.0,0.0,0.0,2.0,0,54.34,66.14,108.68,0.0,3.0,163.02,0,0,
test_q4_2024,2024-11-02,1314,LOJA 1314,13315,BROMELIN SUSP 100ML,33104,C,9,1,3,0.84,5,2.0,0,2.0,0,,2.0,0,0.0571,0.1856,2.5,0.0,0.0,0.0,2.0,0,54.34,66.14,108.68,0.0,3.0,163.02,0,0,
test_q4_2024,2024-11-03,1314,LOJA 1314,13315,BROMELIN SUSP 100ML,33104,C,9,1,3,0.84,5,2.0,0,2.0,0,,2.0,0,0.0571,0.1856,2.5,0.0,0.0,0.0,2.0,0,54.34,66.14,108.68,0.0,,,0,0,
test_q4_2024,2024-11-04,1314,LOJA 1314,13315,BROMELIN SUSP 100ML,33104,C,9,1,3,0.84,5,2.0,0,2.0,0,,2.0,0,0.0133,0.1856,2.5,0.0,0.0,0.0,2.0,0,54.34,66.14,108.68,0.0,3.0,163.02,0,0,
test_q4_2024,2024-11-05,1314,LOJA 1314,13315,BROMELIN SUSP 100ML,33104,C,9,1,3,0.84,5,2.0,0,2.0,0,,2.0,0,0.0133,0.1856,2.5,0.0,0.0,0.0,2.0,0,54.34,66.14,108.68,0.0,3.0,163.02,0,0,
test_q4_2024,2024-11-06,1314,LOJA 1314,13315,BROMELIN SUSP 100ML,33104,C,9,1,3,0.84,5,2.0,0,2.0,0,,2.0,0,0.0133,0.1856,2.5,2.0,2.0,0.0,0.0,0,54.34,66.14,0.0,0.0,3.0,163.02,0,0,
test_q4_2024,2024-11-07,1314,LOJA 1314,13315,BROMELIN SUSP 100ML,33104,C,9,1,3,0.84,5,0.0,0,0.0,3,2024-11-16,3.0,3,0.0133,0.1856,2.5,0.0,0.0,0.0,0.0,0,54.34,66.14,0.0,46.54,1.0,54.34,0,0,
test_q4_2024,2024-11-08,1314,LOJA 1314,13315,BROMELIN SUSP 100ML,33104,C,9,1,3,0.84,5,0.0,0,3.0,0,,3.0,3,0.0133,0.1856,2.5,0.0,0.0,0.0,0.0,0,54.34,66.14,0.0,0.0,1.0,54.34,0,0,
test_q4_2024,2024-11-09,1314,LOJA 1314,13315,BROMELIN SUSP 100ML,33104,C,9,1,3,0.84,5,0.0,0,3.0,0,,3.0,3,0.0571,0.1856,2.5,0.0,0.0,0.0,0.0,0,54.34,66.14,0.0,0.0,1.0,54.34,0,0,
test_q4_2024,2024-11-10,1314,LOJA 1314,13315,BROMELIN SUSP 100ML,33104,C,9,1,3,0.84,5,0.0,0,3.0,0,,3.0,3,0.0571,0.1856,2.5,0.0,0.0,0.0,0.0,0,54.34,66.14,0.0,0.0,,,0,0,
test_q4_2024,2024-11-11,1314,LOJA 1314,13315,BROMELIN SUSP 100ML,33104,C,9,1,3,0.84,5,0.0,0,3.0,0,,3.0,3,0.0133,0.1856,2.5,0.0,0.0,0.0,0.0,0,54.34,66.14,0.0,0.0,1.0,54.34,0,0,
test_q4_2024,2024-11-12,1314,LOJA 1314,13315,BROMELIN SUSP 100ML,33104,C,9,1,3,0.84,5,0.0,0,3.0,0,,3.0,3,0.0133,0.1856,2.5,0.0,0.0,0.0,0.0,0,54.34,66.14,0.0,0.0,2.0,108.68,0,0,
test_q4_2024,2024-11-13,1314,LOJA 1314,13315,BROMELIN SUSP 100ML,33104,C,9,1,3,0.84,5,0.0,0,3.0,0,,3.0,3,0.0133,0.1856,2.5,0.0,0.0,0.0,0.0,0,54.34,66.14,0.0,0.0,2.0,108.68,0,0,
test_q4_2024,2024-11-14,1314,LOJA 1314,13315,BROMELIN SUSP 100ML,33104,C,9,1,3,0.84,5,0.0,0,3.0,0,,3.0,3,0.0133,0.1856,2.5,0.0,0.0,0.0,0.0,0,54.34,66.14,0.0,0.0,2.0,108.68,0,0,
test_q4_2024,2024-11-15,1314,LOJA 1314,13315,BROMELIN SUSP 100ML,33104,C,9,1,3,0.84,5,0.0,0,3.0,0,,3.0,3,0.0267,0.1856,2.5,0.0,0.0,0.0,0.0,0,54.34,66.14,0.0,0.0,2.0,108.68,0,0,
test_q4_2024,2024-11-16,1314,LOJA 1314,13315,BROMELIN SUSP 100ML,33104,C,9,1,3,0.84,5,3.0,3,3.0,0,,3.0,0,0.0704,0.1856,2.5,0.0,0.0,0.0,3.0,0,54.34,66.14,163.02,0.0,2.0,108.68,0,0,
test_q4_2024,2024-11-17,1314,LOJA 1314,13315,BROMELIN SUSP 100ML,33104,C,9,1,3,0.84,5,3.0,0,3.0,0,,3.0,0,0.0571,0.1856,2.5,0.0,0.0,0.0,3.0,0,54.34,66.14,163.02,0.0,,,0,0,
test_q4_2024,2024-11-18,1314,LOJA 1314,13315,BROMELIN SUSP 100ML,33104,C,9,1,3,0.84,5,3.0,0,3.0,0,,3.0,0,0.0133,0.1856,2.5,0.0,0.0,0.0,3.0,0,54.34,66.14,163.02,0.0,2.0,108.68,0,0,
test_q4_2024,2024-11-19,1314,LOJA 1314,13315,BROMELIN SUSP 100ML,33104,C,9,1,3,0.84,5,3.0,0,3.0,0,,3.0,0,0.0133,0.1856,2.5,0.0,0.0,0.0,3.0,0,54.34,66.14,163.02,0.0,2.0,108.68,0,0,
test_q4_2024,2024-11-20,1314,LOJA 1314,13315,BROMELIN SUSP 100ML,33104,C,9,1,3,0.84,5,3.0,0,3.0,0,,3.0,0,0.0133,0.1856,2.5,0.0,0.0,0.0,3.0,0,54.34,66.14,163.02,0.0,2.0,108.68,0,0,
test_q4_2024,2024-11-21,1314,LOJA 1314,13315,BROMELIN SUSP 100ML,33104,C,9,1,3,0.84,5,3.0,0,3.0,0,,3.0,0,0.0133,0.1856,2.5,0.0,0.0,0.0,3.0,0,54.34,66.14,163.02,0.0,2.0,108.68,0,0,
test_q4_2024,2024-11-22,1314,LOJA 1314,13315,BROMELIN SUSP 100ML,33104,C,9,1,3,0.84,5,3.0,0,3.0,0,,3.0,0,0.0133,0.1856,2.5,0.0,0.0,0.0,3.0,0,54.34,66.14,163.02,0.0,4.0,217.36,0,0,
test_q4_2024,2024-11-23,1314,LOJA 1314,13315,BROMELIN SUSP 100ML,33104,C,9,1,3,0.84,5,3.0,0,3.0,0,,3.0,0,0.0571,0.1856,2.5,0.0,0.0,0.0,3.0,0,54.34,66.14,163.02,0.0,4.0,217.36,0,0,
test_q4_2024,2024-11-24,1314,LOJA 1314,13315,BROMELIN SUSP 100ML,33104,C,9,1,3,0.84,5,3.0,0,3.0,0,,3.0,0,0.0571,0.1856,2.5,0.0,0.0,0.0,3.0,0,54.34,66.14,163.02,0.0,,,0,0,
test_q4_2024,2024-11-25,1314,LOJA 1314,13315,BROMELIN SUSP 100ML,33104,C,9,1,3,0.84,5,3.0,0,3.0,0,,3.0,0,0.0133,0.1856,2.5,1.0,1.0,0.0,2.0,0,54.34,66.14,108.68,0.0,4.0,217.36,0,0,
test_q4_2024,2024-11-26,1314,LOJA 1314,13315,BROMELIN SUSP 100ML,33104,C,9,1,3,0.84,5,2.0,0,2.0,0,,2.0,0,0.0133,0.1856,2.5,0.0,0.0,0.0,2.0,0,54.34,66.14,108.68,0.0,3.0,163.02,0,0,
test_q4_2024,2024-11-27,1314,LOJA 1314,13315,BROMELIN SUSP 100ML,33104,C,9,1,3,0.84,5,2.0,0,2.0,0,,2.0,0,0.0133,0.1856,2.5,0.0,0.0,0.0,2.0,0,54.34,66.14,108.68,0.0,3.0,163.02,0,0,
test_q4_2024,2024-11-28,1314,LOJA 1314,13315,BROMELIN SUSP 100ML,33104,C,9,1,3,0.84,5,2.0,0,2.0,0,,2.0,0,0.0133,0.1856,2.5,0.0,0.0,0.0,2.0,0,54.34,66.14,108.68,0.0,3.0,163.02,0,0,
test_q4_2024,2024-11-29,1314,LOJA 1314,13315,BROMELIN SUSP 100ML,33104,C,9,1,3,0.84,5,2.0,0,2.0,0,,2.0,0,0.0133,0.1856,2.5,0.0,0.0,0.0,2.0,0,54.34,66.14,108.68,0.0,3.0,163.02,0,0,
test_q4_2024,2024-11-30,1314,LOJA 1314,13315,BROMELIN SUSP 100ML,33104,C,9,1,3,0.84,5,2.0,0,2.0,0,,2.0,0,0.0437,0.1856,2.5,0.0,0.0,0.0,2.0,0,54.34,66.14,108.68,0.0,3.0,163.02,0,0,
test_q4_2024,2024-12-01,1314,LOJA 1314,13315,BROMELIN SUSP 100ML,33104,C,9,1,3,0.84,5,2.0,0,2.0,0,,2.0,0,0.0437,0.1856,2.5,0.0,0.0,0.0,2.0,0,54.34,66.14,108.68,0.0,,,0,0,
test_q4_2024,2024-12-02,1314,LOJA 1314,13315,BROMELIN SUSP 100ML,33104,C,9,1,3,0.84,5,2.0,0,2.0,0,,2.0,0,0.0,0.1856,2.5,0.0,0.0,0.0,2.0,0,54.34,66.14,108.68,0.0,4.0,217.36,0,0,
test_q4_2024,2024-12-03,1314,LOJA 1314,13315,BROMELIN SUSP 100ML,33104,C,9,1,3,0.84,5,2.0,0,2.0,0,,2.0,0,0.0,0.1856,2.5,0.0,0.0,0.0,2.0,0,54.34,66.14,108.68,0.0,4.0,217.36,0,0,
test_q4_2024,2024-12-04,1314,LOJA 1314,13315,BROMELIN SUSP 100ML,33104,C,9,1,3,0.84,5,2.0,0,2.0,0,,2.0,0,0.0,0.1856,2.5,0.0,0.0,0.0,2.0,0,54.34,66.14,108.68,0.0,4.0,217.36,0,0,
test_q4_2024,2024-12-05,1314,LOJA 1314,13315,BROMELIN SUSP 100ML,33104,C,9,1,3,0.84,5,2.0,0,2.0,0,,2.0,0,0.0,0.1856,2.5,0.0,0.0,0.0,2.0,0,54.34,66.14,108.68,0.0,5.0,271.70000000000005,0,0,
test_q4_2024,2024-12-06,1314,LOJA 1314,13315,BROMELIN SUSP 100ML,33104,C,9,1,3,0.84,5,2.0,0,2.0,0,,2.0,0,0.0133,0.1856,2.5,0.0,0.0,0.0,2.0,0,54.34,66.14,108.68,0.0,5.0,271.70000000000005,0,0,
test_q4_2024,2024-12-07,1314,LOJA 1314,13315,BROMELIN SUSP 100ML,33104,C,9,1,3,0.84,5,2.0,0,2.0,0,,2.0,0,0.0571,0.1856,2.5,0.0,0.0,0.0,2.0,0,54.34,66.14,108.68,0.0,5.0,271.70000000000005,0,0,
test_q4_2024,2024-12-08,1314,LOJA 1314,13315,BROMELIN SUSP 100ML,33104,C,9,1,3,0.84,5,2.0,0,2.0,0,,2.0,0,0.0571,0.1856,2.5,0.0,0.0,0.0,2.0,0,54.34,66.14,108.68,0.0,,,0,0,
test_q4_2024,2024-12-09,1314,LOJA 1314,13315,BROMELIN SUSP 100ML,33104,C,9,1,3,0.84,5,2.0,0,2.0,0,,2.0,0,0.0133,0.1856,2.5,1.0,1.0,0.0,1.0,0,54.34,66.14,54.34,0.0,5.0,271.70000000000005,0,0,
test_q4_2024,2024-12-10,1314,LOJA 1314,13315,BROMELIN SUSP 100ML,33104,C,9,1,3,0.84,5,1.0,0,1.0,2,2024-12-19,3.0,2,0.0133,0.1856,2.5,0.0,0.0,0.0,1.0,0,54.34,66.14,54.34,46.54,4.0,217.36,0,0,
test_q4_2024,2024-12-11,1314,LOJA 1314,13315,BROMELIN SUSP 100ML,33104,C,9,1,3,0.84,5,1.0,0,3.0,0,,3.0,2,0.0133,0.1856,2.5,0.0,0.0,0.0,1.0,0,54.34,66.14,54.34,0.0,4.0,217.36,0,0,
test_q4_2024,2024-12-12,1314,LOJA 1314,13315,BROMELIN SUSP 100ML,33104,C,9,1,3,0.84,5,1.0,0,3.0,0,,3.0,2,0.0133,0.1856,2.5,0.0,0.0,0.0,1.0,0,54.34,66.14,54.34,0.0,4.0,217.36,0,0,
test_q4_2024,2024-12-13,1314,LOJA 1314,13315,BROMELIN SUSP 100ML,33104,C,9,1,3,0.84,5,1.0,0,3.0,0,,3.0,2,0.0133,0.1856,2.5,0.0,0.0,0.0,1.0,0,54.34,66.14,54.34,0.0,4.0,217.36,0,0,
test_q4_2024,2024-12-14,1314,LOJA 1314,13315,BROMELIN SUSP 100ML,33104,C,9,1,3,0.84,5,1.0,0,3.0,0,,3.0,2,0.0571,0.1856,2.5,0.0,0.0,0.0,1.0,0,54.34,66.14,54.34,0.0,4.0,217.36,0,0,
test_q4_2024,2024-12-15,1314,LOJA 1314,13315,BROMELIN SUSP 100ML,33104,C,9,1,3,0.84,5,1.0,0,3.0,0,,3.0,2,0.0571,0.1856,2.5,0.0,0.0,0.0,1.0,0,54.34,66.14,54.34,0.0,,,0,0,
test_q4_2024,2024-12-16,1314,LOJA 1314,13315,BROMELIN SUSP 100ML,33104,C,9,1,3,0.84,5,1.0,0,3.0,0,,3.0,2,0.0133,0.1856,2.5,0.0,0.0,0.0,1.0,0,54.34,66.14,54.34,0.0,5.0,271.70000000000005,0,0,
test_q4_2024,2024-12-17,1314,LOJA 1314,13315,BROMELIN SUSP 100ML,33104,C,9,1,3,0.84,5,1.0,0,3.0,0,,3.0,2,0.0133,0.1856,2.5,0.0,0.0,0.0,1.0,0,54.34,66.14,54.34,0.0,5.0,271.70000000000005,0,0,
test_q4_2024,2024-12-18,1314,LOJA 1314,13315,BROMELIN SUSP 100ML,33104,C,9,1,3,0.84,5,1.0,0,3.0,0,,3.0,2,0.0133,0.1856,2.5,0.0,0.0,0.0,1.0,0,54.34,66.14,54.34,0.0,5.0,271.70000000000005,0,0,
test_q4_2024,2024-12-19,1314,LOJA 1314,13315,BROMELIN SUSP 100ML,33104,C,9,1,3,0.84,5,3.0,2,3.0,0,,3.0,0,0.0133,0.1856,2.5,0.0,0.0,0.0,3.0,0,54.34,66.14,163.02,0.0,5.0,271.70000000000005,0,0,
test_q4_2024,2024-12-20,1314,LOJA 1314,13315,BROMELIN SUSP 100ML,33104,C,9,1,3,0.84,5,3.0,0,3.0,0,,3.0,0,0.0133,0.1856,2.5,0.0,0.0,0.0,3.0,0,54.34,66.14,163.02,0.0,5.0,271.70000000000005,0,0,
test_q4_2024,2024-12-21,1314,LOJA 1314,13315,BROMELIN SUSP 100ML,33104,C,9,1,3,0.84,5,3.0,0,3.0,0,,3.0,0,0.0437,0.1856,2.5,1.0,1.0,0.0,2.0,0,54.34,66.14,108.68,0.0,5.0,271.70000000000005,0,0,
test_q4_2024,2024-12-22,1314,LOJA 1314,13315,BROMELIN SUSP 100ML,33104,C,9,1,3,0.84,5,2.0,0,2.0,0,,2.0,0,0.0437,0.1856,2.5,0.0,0.0,0.0,2.0,0,54.34,66.14,108.68,0.0,,,0,0,
test_q4_2024,2024-12-23,1314,LOJA 1314,13315,BROMELIN SUSP 100ML,33104,C,9,1,3,0.84,5,2.0,0,2.0,0,,2.0,0,0.0,0.1856,2.5,0.0,0.0,0.0,2.0,0,54.34,66.14,108.68,0.0,4.0,217.36,0,0,
test_q4_2024,2024-12-24,1314,LOJA 1314,13315,BROMELIN SUSP 100ML,33104,C,9,1,3,0.84,5,2.0,0,2.0,0,,2.0,0,0.0,0.1856,2.5,0.0,0.0,0.0,2.0,0,54.34,66.14,108.68,0.0,4.0,217.36,0,0,
test_q4_2024,2024-12-25,1314,LOJA 1314,13315,BROMELIN SUSP 100ML,33104,C,9,1,3,0.84,5,2.0,0,2.0,0,,2.0,0,0.0,0.1856,2.5,0.0,0.0,0.0,2.0,0,54.34,66.14,108.68,0.0,4.0,217.36,0,0,
test_q4_2024,2024-12-26,1314,LOJA 1314,13315,BROMELIN SUSP 100ML,33104,C,9,1,3,0.84,5,2.0,0,2.0,0,,2.0,0,0.0,0.1856,2.5,0.0,0.0,0.0,2.0,0,54.34,66.14,108.68,0.0,4.0,217.36,0,0,
test_q4_2024,2024-12-27,1314,LOJA 1314,13315,BROMELIN SUSP 100ML,33104,C,9,1,3,0.84,5,2.0,0,2.0,0,,2.0,0,0.0,0.1856,2.5,0.0,0.0,0.0,2.0,0,54.34,66.14,108.68,0.0,4.0,217.36,0,0,
test_q4_2024,2024-12-28,1314,LOJA 1314,13315,BROMELIN SUSP 100ML,33104,C,9,1,3,0.84,5,2.0,0,2.0,0,,2.0,0,0.0437,0.1856,2.5,0.0,0.0,0.0,2.0,0,54.34,66.14,108.68,0.0,4.0,217.36,0,0,
test_q4_2024,2024-12-29,1314,LOJA 1314,13315,BROMELIN SUSP 100ML,33104,C,9,1,3,0.84,5,2.0,0,2.0,0,,2.0,0,0.0437,0.1856,2.5,0.0,0.0,0.0,2.0,0,54.34,66.14,108.68,0.0,,,0,0,
test_q4_2024,2024-12-30,1314,LOJA 1314,13315,BROMELIN SUSP 100ML,33104,C,9,1,3,0.84,5,2.0,0,2.0,0,,2.0,0,0.0,0.1856,2.5,0.0,0.0,0.0,2.0,0,54.34,66.14,108.68,0.0,4.0,217.36,0,0,
test_q4_2024,2024-12-31,1314,LOJA 1314,13315,BROMELIN SUSP 100ML,33104,C,9,1,3,0.84,5,2.0,0,2.0,0,,2.0,0,0.0,0.1856,2.5,0.0,0.0,0.0,2.0,0,54.34,66.14,108.68,0.0,5.0,271.70000000000005,0,0,
test_q4_2024,2024-10-01,1314,LOJA 1314,1439,SORINE GTS ADULTO 30ML,334,B,9,6,9,0.84,5,8.0,0,8.0,0,,8.0,0,0.228,0.3809,2.5,0.0,0.0,0.0,8.0,0,20.27,23.45,162.16,0.0,5.0,101.35,0,0,
test_q4_2024,2024-10-02,1314,LOJA 1314,1439,SORINE GTS ADULTO 30ML,334,B,9,6,9,0.84,5,8.0,0,8.0,0,,8.0,0,0.228,0.3809,2.5,0.0,0.0,0.0,8.0,0,20.27,23.45,162.16,0.0,5.0,101.35,0,0,
test_q4_2024,2024-10-03,1314,LOJA 1314,1439,SORINE GTS ADULTO 30ML,334,B,9,6,9,0.84,5,8.0,0,8.0,0,,8.0,0,0.228,0.3809,2.5,0.0,0.0,0.0,8.0,0,20.27,23.45,162.16,0.0,5.0,101.35,0,0,
test_q4_2024,2024-10-04,1314,LOJA 1314,1439,SORINE GTS ADULTO 30ML,334,B,9,6,9,0.84,5,8.0,0,8.0,0,,8.0,0,0.1843,0.3809,2.5,0.0,0.0,0.0,8.0,0,20.27,23.45,162.16,0.0,5.0,101.35,0,0,
test_q4_2024,2024-10-05,1314,LOJA 1314,1439,SORINE GTS ADULTO 30ML,334,B,9,6,9,0.84,5,8.0,0,8.0,0,,8.0,0,0.1843,0.3809,2.5,1.0,1.0,0.0,7.0,0,20.27,23.45,141.89,0.0,5.0,101.35,0,0,
test_q4_2024,2024-10-06,1314,LOJA 1314,1439,SORINE GTS ADULTO 30ML,334,B,9,6,9,0.84,5,7.0,0,7.0,0,,7.0,0,0.2718,0.3809,2.5,0.0,0.0,0.0,7.0,0,20.27,23.45,141.89,0.0,,,0,0,
test_q4_2024,2024-10-07,1314,LOJA 1314,1439,SORINE GTS ADULTO 30ML,334,B,9,6,9,0.84,5,7.0,0,7.0,0,,7.0,0,0.3118,0.3809,2.5,0.0,0.0,0.0,7.0,0,20.27,23.45,141.89,0.0,4.0,81.08,0,0,
test_q4_2024,2024-10-08,1314,LOJA 1314,1439,SORINE GTS ADULTO 30ML,334,B,9,6,9,0.84,5,7.0,0,7.0,0,,7.0,0,0.268,0.3809,2.5,0.0,0.0,0.0,7.0,0,20.27,23.45,141.89,0.0,4.0,81.08,0,0,
test_q4_2024,2024-10-09,1314,LOJA 1314,1439,SORINE GTS ADULTO 30ML,334,B,9,6,9,0.84,5,7.0,0,7.0,0,,7.0,0,0.308,0.3809,2.5,2.0,2.0,0.0,5.0,0,20.27,23.45,101.35,0.0,4.0,81.08,0,0,
test_q4_2024,2024-10-10,1314,LOJA 1314,1439,SORINE GTS ADULTO 30ML,334,B,9,6,9,0.84,5,5.0,0,5.0,4,2024-10-19,9.0,4,0.308,0.3809,2.5,1.0,1.0,0.0,4.0,0,20.27,23.45,81.08,19.0,2.0,40.54,0,0,
test_q4_2024,2024-10-11,1314,LOJA 1314,1439,SORINE GTS ADULTO 30ML,334,B,9,6,9,0.84,5,4.0,0,8.0,0,,8.0,4,0.2643,0.3809,2.5,0.0,0.0,0.0,4.0,0,20.27,23.45,81.08,0.0,1.0,20.27,0,0,
test_q4_2024,2024-10-12,1314,LOJA 1314,1439,SORINE GTS ADULTO 30ML,334,B,9,6,9,0.84,5,4.0,0,8.0,0,,8.0,4,0.1443,0.3809,2.5,0.0,0.0,0.0,4.0,0,20.27,23.45,81.08,0.0,1.0,20.27,0,0,
test_q4_2024,2024-10-13,1314,LOJA 1314,1439,SORINE GTS ADULTO 30ML,334,B,9,6,9,0.84,5,4.0,0,8.0,0,,8.0,4,0.2318,0.3809,2.5,0.0,0.0,0.0,4.0,0,20.27,23.45,81.08,0.0,,,0,0,
test_q4_2024,2024-10-14,1314,LOJA 1314,1439,SORINE GTS ADULTO 30ML,334,B,9,6,9,0.84,5,4.0,0,8.0,0,,8.0,4,0.2318,0.3809,2.5,0.0,0.0,0.0,4.0,0,20.27,23.45,81.08,0.0,2.0,40.54,0,0,
test_q4_2024,2024-10-15,1314,LOJA 1314,1439,SORINE GTS ADULTO 30ML,334,B,9,6,9,0.84,5,4.0,0,8.0,0,,8.0,4,0.188,0.3809,2.5,0.0,0.0,0.0,4.0,0,20.27,23.45,81.08,0.0,2.0,40.54,0,0,
test_q4_2024,2024-10-16,1314,LOJA 1314,1439,SORINE GTS ADULTO 30ML,334,B,9,6,9,0.84,5,4.0,0,8.0,0,,8.0,4,0.188,0.3809,2.5,0.0,0.0,0.0,4.0,0,20.27,23.45,81.08,0.0,2.0,40.54,0,0,
test_q4_2024,2024-10-17,1314,LOJA 1314,1439,SORINE GTS ADULTO 30ML,334,B,9,6,9,0.84,5,4.0,0,8.0,0,,8.0,4,0.188,0.3809,2.5,1.0,1.0,0.0,3.0,0,20.27,23.45,60.81,0.0,4.0,81.08,0,0,
test_q4_2024,2024-10-18,1314,LOJA 1314,1439,SORINE GTS ADULTO 30ML,334,B,9,6,9,0.84,5,3.0,0,7.0,0,,7.0,4,0.1443,0.3809,2.5,0.0,0.0,0.0,3.0,0,20.27,23.45,60.81,0.0,3.0,60.81,0,0,
test_q4_2024,2024-10-19,1314,LOJA 1314,1439,SORINE GTS ADULTO 30ML,334,B,9,6,9,0.84,5,7.0,4,7.0,0,,7.0,0,0.1443,0.3809,2.5,0.0,0.0,0.0,7.0,0,20.27,23.45,141.89,0.0,4.0,81.08,0,0,
test_q4_2024,2024-10-20,1314,LOJA 1314,1439,SORINE GTS ADULTO 30ML,334,B,9,6,9,0.84,5,7.0,0,7.0,0,,7.0,0,0.2318,0.3809,2.5,0.0,0.0,0.0,7.0,0,20.27,23.45,141.89,0.0,,,0,0,
test_q4_2024,2024-10-21,1314,LOJA 1314,1439,SORINE GTS ADULTO 30ML,334,B,9,6,9,0.84,5,7.0,0,7.0,0,,7.0,0,0.2318,0.3809,2.5,0.0,0.0,0.0,7.0,0,20.27,23.45,141.89,0.0,4.0,81.08,0,0,
test_q4_2024,2024-10-22,1314,LOJA 1314,1439,SORINE GTS ADULTO 30ML,334,B,9,6,9,0.84,5,7.0,0,7.0,0,,7.0,0,0.148,0.3809,2.5,0.0,0.0,0.0,7.0,0,20.27,23.45,141.89,0.0,4.0,81.08,0,0,
test_q4_2024,2024-10-23,1314,LOJA 1314,1439,SORINE GTS ADULTO 30ML,334,B,9,6,9,0.84,5,7.0,0,7.0,0,,7.0,0,0.148,0.3809,2.5,0.0,0.0,0.0,7.0,0,20.27,23.45,141.89,0.0,4.0,81.08,0,0,
test_q4_2024,2024-10-24,1314,LOJA 1314,1439,SORINE GTS ADULTO 30ML,334,B,9,6,9,0.84,5,7.0,0,7.0,0,,7.0,0,0.108,0.3809,2.5,0.0,0.0,0.0,7.0,0,20.27,23.45,141.89,0.0,7.0,141.89,0,0,
test_q4_2024,2024-10-25,1314,LOJA 1314,1439,SORINE GTS ADULTO 30ML,334,B,9,6,9,0.84,5,7.0,0,7.0,0,,7.0,0,0.0643,0.3809,2.5,0.0,0.0,0.0,7.0,0,20.27,23.45,141.89,0.0,7.0,141.89,0,0,
test_q4_2024,2024-10-26,1314,LOJA 1314,1439,SORINE GTS ADULTO 30ML,334,B,9,6,9,0.84,5,7.0,0,7.0,0,,7.0,0,0.0643,0.3809,2.5,0.0,0.0,0.0,7.0,0,20.27,23.45,141.89,0.0,7.0,141.89,0,0,
test_q4_2024,2024-10-27,1314,LOJA 1314,1439,SORINE GTS ADULTO 30ML,334,B,9,6,9,0.84,5,7.0,0,7.0,0,,7.0,0,0.1518,0.3809,2.5,0.0,0.0,0.0,7.0,0,20.27,23.45,141.89,0.0,,,0,0,
test_q4_2024,2024-10-28,1314,LOJA 1314,1439,SORINE GTS ADULTO 30ML,334,B,9,6,9,0.84,5,7.0,0,7.0,0,,7.0,0,0.1518,0.3809,2.5,0.0,0.0,0.0,7.0,0,20.27,23.45,141.89,0.0,7.0,141.89,0,0,
test_q4_2024,2024-10-29,1314,LOJA 1314,1439,SORINE GTS ADULTO 30ML,334,B,9,6,9,0.84,5,7.0,0,7.0,0,,7.0,0,0.1214,0.3809,2.5,0.0,0.0,0.0,7.0,0,20.27,23.45,141.89,0.0,7.0,141.89,0,0,
test_q4_2024,2024-10-30,1314,LOJA 1314,1439,SORINE GTS ADULTO 30ML,334,B,9,6,9,0.84,5,7.0,0,7.0,0,,7.0,0,0.1214,0.3809,2.5,0.0,0.0,0.0,7.0,0,20.27,23.45,141.89,0.0,7.0,141.89,0,0,
test_q4_2024,2024-10-31,1314,LOJA 1314,1439,SORINE GTS ADULTO 30ML,334,B,9,6,9,0.84,5,7.0,0,7.0,0,,7.0,0,0.1214,0.3809,2.5,0.0,0.0,0.0,7.0,0,20.27,23.45,141.89,0.0,7.0,141.89,0,0,
test_q4_2024,2024-11-01,1314,LOJA 1314,1439,SORINE GTS ADULTO 30ML,334,B,9,6,9,0.84,5,7.0,0,7.0,0,,7.0,0,0.0776,0.3809,2.5,0.0,0.0,0.0,7.0,0,20.27,23.45,141.89,0.0,7.0,141.89,0,0,
test_q4_2024,2024-11-02,1314,LOJA 1314,1439,SORINE GTS ADULTO 30ML,334,B,9,6,9,0.84,5,7.0,0,7.0,0,,7.0,0,0.0776,0.3809,2.5,0.0,0.0,0.0,7.0,0,20.27,23.45,141.89,0.0,7.0,141.89,0,0,
test_q4_2024,2024-11-03,1314,LOJA 1314,1439,SORINE GTS ADULTO 30ML,334,B,9,6,9,0.84,5,7.0,0,7.0,0,,7.0,0,0.1651,0.3809,2.5,0.0,0.0,0.0,7.0,0,20.27,23.45,141.89,0.0,,,0,0,
test_q4_2024,2024-11-04,1314,LOJA 1314,1439,SORINE GTS ADULTO 30ML,334,B,9,6,9,0.84,5,7.0,0,7.0,0,,7.0,0,0.1651,0.3809,2.5,0.0,0.0,0.0,7.0,0,20.27,23.45,141.89,0.0,7.0,141.89,0,0,
test_q4_2024,2024-11-05,1314,LOJA 1314,1439,SORINE GTS ADULTO 30ML,334,B,9,6,9,0.84,5,7.0,0,7.0,0,,7.0,0,0.1214,0.3809,2.5,0.0,0.0,0.0,7.0,0,20.27,23.45,141.89,0.0,7.0,141.89,0,0,
test_q4_2024,2024-11-06,1314,LOJA 1314,1439,SORINE GTS ADULTO 30ML,334,B,9,6,9,0.84,5,7.0,0,7.0,0,,7.0,0,0.1214,0.3809,2.5,0.0,0.0,0.0,7.0,0,20.27,23.45,141.89,0.0,7.0,141.89,0,0,
test_q4_2024,2024-11-07,1314,LOJA 1314,1439,SORINE GTS ADULTO 30ML,334,B,9,6,9,0.84,5,7.0,0,7.0,0,,7.0,0,0.1214,0.3809,2.5,0.0,0.0,0.0,7.0,0,20.27,23.45,141.89,0.0,7.0,141.89,0,0,
test_q4_2024,2024-11-08,1314,LOJA 1314,1439,SORINE GTS ADULTO 30ML,334,B,9,6,9,0.84,5,7.0,0,7.0,0,,7.0,0,0.0776,0.3809,2.5,0.0,0.0,0.0,7.0,0,20.27,23.45,141.89,0.0,7.0,141.89,0,0,
test_q4_2024,2024-11-09,1314,LOJA 1314,1439,SORINE GTS ADULTO 30ML,334,B,9,6,9,0.84,5,7.0,0,7.0,0,,7.0,0,0.0776,0.3809,2.5,0.0,0.0,0.0,7.0,0,20.27,23.45,141.89,0.0,7.0,141.89,0,0,
test_q4_2024,2024-11-10,1314,LOJA 1314,1439,SORINE GTS ADULTO 30ML,334,B,9,6,9,0.84,5,7.0,0,7.0,0,,7.0,0,0.1651,0.3809,2.5,0.0,0.0,0.0,7.0,0,20.27,23.45,141.89,0.0,,,0,0,
test_q4_2024,2024-11-11,1314,LOJA 1314,1439,SORINE GTS ADULTO 30ML,334,B,9,6,9,0.84,5,7.0,0,7.0,0,,7.0,0,0.1651,0.3809,2.5,0.0,0.0,0.0,7.0,0,20.27,23.45,141.89,0.0,7.0,141.89,0,0,
test_q4_2024,2024-11-12,1314,LOJA 1314,1439,SORINE GTS ADULTO 30ML,334,B,9,6,9,0.84,5,7.0,0,7.0,0,,7.0,0,0.1214,0.3809,2.5,0.0,0.0,0.0,7.0,0,20.27,23.45,141.89,0.0,7.0,141.89,0,0,
test_q4_2024,2024-11-13,1314,LOJA 1314,1439,SORINE GTS ADULTO 30ML,334,B,9,6,9,0.84,5,7.0,0,7.0,0,,7.0,0,0.108,0.3809,2.5,0.0,0.0,0.0,7.0,0,20.27,23.45,141.89,0.0,7.0,141.89,0,0,
test_q4_2024,2024-11-14,1314,LOJA 1314,1439,SORINE GTS ADULTO 30ML,334,B,9,6,9,0.84,5,7.0,0,7.0,0,,7.0,0,0.108,0.3809,2.5,0.0,0.0,0.0,7.0,0,20.27,23.45,141.89,0.0,7.0,141.89,0,0,
test_q4_2024,2024-11-15,1314,LOJA 1314,1439,SORINE GTS ADULTO 30ML,334,B,9,6,9,0.84,5,7.0,0,7.0,0,,7.0,0,0.0643,0.3809,2.5,0.0,0.0,0.0,7.0,0,20.27,23.45,141.89,0.0,7.0,141.89,0,0,
test_q4_2024,2024-11-16,1314,LOJA 1314,1439,SORINE GTS ADULTO 30ML,334,B,9,6,9,0.84,5,7.0,0,7.0,0,,7.0,0,0.0643,0.3809,2.5,0.0,0.0,0.0,7.0,0,20.27,23.45,141.89,0.0,7.0,141.89,0,0,
test_q4_2024,2024-11-17,1314,LOJA 1314,1439,SORINE GTS ADULTO 30ML,334,B,9,6,9,0.84,5,7.0,0,7.0,0,,7.0,0,0.1518,0.3809,2.5,0.0,0.0,0.0,7.0,0,20.27,23.45,141.89,0.0,,,0,0,
test_q4_2024,2024-11-18,1314,LOJA 1314,1439,SORINE GTS ADULTO 30ML,334,B,9,6,9,0.84,5,7.0,0,7.0,0,,7.0,0,0.1518,0.3809,2.5,0.0,0.0,0.0,7.0,0,20.27,23.45,141.89,0.0,7.0,141.89,0,0,
test_q4_2024,2024-11-19,1314,LOJA 1314,1439,SORINE GTS ADULTO 30ML,334,B,9,6,9,0.84,5,7.0,0,7.0,0,,7.0,0,0.108,0.3809,2.5,0.0,0.0,0.0,7.0,0,20.27,23.45,141.89,0.0,7.0,141.89,0,0,
test_q4_2024,2024-11-20,1314,LOJA 1314,1439,SORINE GTS ADULTO 30ML,334,B,9,6,9,0.84,5,7.0,0,7.0,0,,7.0,0,0.108,0.3809,2.5,0.0,0.0,0.0,7.0,0,20.27,23.45,141.89,0.0,7.0,141.89,0,0,
test_q4_2024,2024-11-21,1314,LOJA 1314,1439,SORINE GTS ADULTO 30ML,334,B,9,6,9,0.84,5,7.0,0,7.0,0,,7.0,0,0.108,0.3809,2.5,0.0,0.0,0.0,7.0,0,20.27,23.45,141.89,0.0,7.0,141.89,0,0,
test_q4_2024,2024-11-22,1314,LOJA 1314,1439,SORINE GTS ADULTO 30ML,334,B,9,6,9,0.84,5,7.0,0,7.0,0,,7.0,0,0.0776,0.3809,2.5,0.0,0.0,0.0,7.0,0,20.27,23.45,141.89,0.0,7.0,141.89,0,0,
test_q4_2024,2024-11-23,1314,LOJA 1314,1439,SORINE GTS ADULTO 30ML,334,B,9,6,9,0.84,5,7.0,0,7.0,0,,7.0,0,0.0776,0.3809,2.5,0.0,0.0,0.0,7.0,0,20.27,23.45,141.89,0.0,7.0,141.89,0,0,
test_q4_2024,2024-11-24,1314,LOJA 1314,1439,SORINE GTS ADULTO 30ML,334,B,9,6,9,0.84,5,7.0,0,7.0,0,,7.0,0,0.1651,0.3809,2.5,0.0,0.0,0.0,7.0,0,20.27,23.45,141.89,0.0,,,0,0,
test_q4_2024,2024-11-25,1314,LOJA 1314,1439,SORINE GTS ADULTO 30ML,334,B,9,6,9,0.84,5,7.0,0,7.0,0,,7.0,0,0.1651,0.3809,2.5,0.0,0.0,0.0,7.0,0,20.27,23.45,141.89,0.0,7.0,141.89,0,0,
test_q4_2024,2024-11-26,1314,LOJA 1314,1439,SORINE GTS ADULTO 30ML,334,B,9,6,9,0.84,5,7.0,0,7.0,0,,7.0,0,0.1214,0.3809,2.5,0.0,0.0,0.0,7.0,0,20.27,23.45,141.89,0.0,7.0,141.89,0,0,
test_q4_2024,2024-11-27,1314,LOJA 1314,1439,SORINE GTS ADULTO 30ML,334,B,9,6,9,0.84,5,7.0,0,7.0,0,,7.0,0,0.1347,0.3809,2.5,0.0,0.0,0.0,7.0,0,20.27,23.45,141.89,0.0,7.0,141.89,0,0,
test_q4_2024,2024-11-28,1314,LOJA 1314,1439,SORINE GTS ADULTO 30ML,334,B,9,6,9,0.84,5,7.0,0,7.0,0,,7.0,0,0.1347,0.3809,2.5,0.0,0.0,0.0,7.0,0,20.27,23.45,141.89,0.0,7.0,141.89,0,0,
test_q4_2024,2024-11-29,1314,LOJA 1314,1439,SORINE GTS ADULTO 30ML,334,B,9,6,9,0.84,5,7.0,0,7.0,0,,7.0,0,0.091,0.3809,2.5,0.0,0.0,0.0,7.0,0,20.27,23.45,141.89,0.0,7.0,141.89,0,0,
test_q4_2024,2024-11-30,1314,LOJA 1314,1439,SORINE GTS ADULTO 30ML,334,B,9,6,9,0.84,5,7.0,0,7.0,0,,7.0,0,0.091,0.3809,2.5,0.0,0.0,0.0,7.0,0,20.27,23.45,141.89,0.0,7.0,141.89,0,0,
test_q4_2024,2024-12-01,1314,LOJA 1314,1439,SORINE GTS ADULTO 30ML,334,B,9,6,9,0.84,5,7.0,0,7.0,0,,7.0,0,0.1785,0.3809,2.5,0.0,0.0,0.0,7.0,0,20.27,23.45,141.89,0.0,,,0,0,
test_q4_2024,2024-12-02,1314,LOJA 1314,1439,SORINE GTS ADULTO 30ML,334,B,9,6,9,0.84,5,7.0,0,7.0,0,,7.0,0,0.1785,0.3809,2.5,0.0,0.0,0.0,7.0,0,20.27,23.45,141.89,0.0,7.0,141.89,0,0,
test_q4_2024,2024-12-03,1314,LOJA 1314,1439,SORINE GTS ADULTO 30ML,334,B,9,6,9,0.84,5,7.0,0,7.0,0,,7.0,0,0.1347,0.3809,2.5,0.0,0.0,0.0,7.0,0,20.27,23.45,141.89,0.0,7.0,141.89,0,0,
test_q4_2024,2024-12-04,1314,LOJA 1314,1439,SORINE GTS ADULTO 30ML,334,B,9,6,9,0.84,5,7.0,0,7.0,0,,7.0,0,0.1347,0.3809,2.5,0.0,0.0,0.0,7.0,0,20.27,23.45,141.89,0.0,7.0,141.89,0,0,
test_q4_2024,2024-12-05,1314,LOJA 1314,1439,SORINE GTS ADULTO 30ML,334,B,9,6,9,0.84,5,7.0,0,7.0,0,,7.0,0,0.1347,0.3809,2.5,0.0,0.0,0.0,7.0,0,20.27,23.45,141.89,0.0,7.0,141.89,0,0,
test_q4_2024,2024-12-06,1314,LOJA 1314,1439,SORINE GTS ADULTO 30ML,334,B,9,6,9,0.84,5,7.0,0,7.0,0,,7.0,0,0.091,0.3809,2.5,0.0,0.0,0.0,7.0,0,20.27,23.45,141.89,0.0,7.0,141.89,0,0,
test_q4_2024,2024-12-07,1314,LOJA 1314,1439,SORINE GTS ADULTO 30ML,334,B,9,6,9,0.84,5,7.0,0,7.0,0,,7.0,0,0.0776,0.3809,2.5,0.0,0.0,0.0,7.0,0,20.27,23.45,141.89,0.0,7.0,141.89,0,0,
test_q4_2024,2024-12-08,1314,LOJA 1314,1439,SORINE GTS ADULTO 30ML,334,B,9,6,9,0.84,5,7.0,0,7.0,0,,7.0,0,0.1651,0.3809,2.5,0.0,0.0,0.0,7.0,0,20.27,23.45,141.89,0.0,,,0,0,
test_q4_2024,2024-12-09,1314,LOJA 1314,1439,SORINE GTS ADULTO 30ML,334,B,9,6,9,0.84,5,7.0,0,7.0,0,,7.0,0,0.1651,0.3809,2.5,0.0,0.0,0.0,7.0,0,20.27,23.45,141.89,0.0,7.0,141.89,0,0,
test_q4_2024,2024-12-10,1314,LOJA 1314,1439,SORINE GTS ADULTO 30ML,334,B,9,6,9,0.84,5,7.0,0,7.0,0,,7.0,0,0.1214,0.3809,2.5,0.0,0.0,0.0,7.0,0,20.27,23.45,141.89,0.0,7.0,141.89,0,0,
test_q4_2024,2024-12-11,1314,LOJA 1314,1439,SORINE GTS ADULTO 30ML,334,B,9,6,9,0.84,5,7.0,0,7.0,0,,7.0,0,0.1214,0.3809,2.5,0.0,0.0,0.0,7.0,0,20.27,23.45,141.89,0.0,7.0,141.89,0,0,
test_q4_2024,2024-12-12,1314,LOJA 1314,1439,SORINE GTS ADULTO 30ML,334,B,9,6,9,0.84,5,7.0,0,7.0,0,,7.0,0,0.108,0.3809,2.5,1.0,1.0,0.0,6.0,0,20.27,23.45,121.62,0.0,7.0,141.89,0,0,
test_q4_2024,2024-12-13,1314,LOJA 1314,1439,SORINE GTS ADULTO 30ML,334,B,9,6,9,0.84,5,6.0,0,6.0,3,2024-12-22,9.0,3,0.0776,0.3809,2.5,0.0,0.0,0.0,6.0,0,20.27,23.45,121.62,19.0,6.0,121.62,0,0,
test_q4_2024,2024-12-14,1314,LOJA 1314,1439,SORINE GTS ADULTO 30ML,334,B,9,6,9,0.84,5,6.0,0,9.0,0,,9.0,3,0.091,0.3809,2.5,0.0,0.0,0.0,6.0,0,20.27,23.45,121.62,0.0,6.0,121.62,0,0,
test_q4_2024,2024-12-15,1314,LOJA 1314,1439,SORINE GTS ADULTO 30ML,334,B,9,6,9,0.84,5,6.0,0,9.0,0,,9.0,3,0.1785,0.3809,2.5,0.0,0.0,0.0,6.0,0,20.27,23.45,121.62,0.0,,,0,0,
test_q4_2024,2024-12-16,1314,LOJA 1314,1439,SORINE GTS ADULTO 30ML,334,B,9,6,9,0.84,5,6.0,0,9.0,0,,9.0,3,0.1785,0.3809,2.5,0.0,0.0,0.0,6.0,0,20.27,23.45,121.62,0.0,6.0,121.62,0,0,
test_q4_2024,2024-12-17,1314,LOJA 1314,1439,SORINE GTS ADULTO 30ML,334,B,9,6,9,0.84,5,6.0,0,9.0,0,,9.0,3,0.1347,0.3809,2.5,0.0,0.0,0.0,6.0,0,20.27,23.45,121.62,0.0,6.0,121.62,0,0,
test_q4_2024,2024-12-18,1314,LOJA 1314,1439,SORINE GTS ADULTO 30ML,334,B,9,6,9,0.84,5,6.0,0,9.0,0,,9.0,3,0.1347,0.3809,2.5,0.0,0.0,0.0,6.0,0,20.27,23.45,121.62,0.0,6.0,121.62,0,0,
test_q4_2024,2024-12-19,1314,LOJA 1314,1439,SORINE GTS ADULTO 30ML,334,B,9,6,9,0.84,5,6.0,0,9.0,0,,9.0,3,0.1347,0.3809,2.5,0.0,0.0,0.0,6.0,0,20.27,23.45,121.62,0.0,6.0,121.62,0,0,
test_q4_2024,2024-12-20,1314,LOJA 1314,1439,SORINE GTS ADULTO 30ML,334,B,9,6,9,0.84,5,6.0,0,9.0,0,,9.0,3,0.091,0.3809,2.5,0.0,0.0,0.0,6.0,0,20.27,23.45,121.62,0.0,6.0,121.62,0,0,
test_q4_2024,2024-12-21,1314,LOJA 1314,1439,SORINE GTS ADULTO 30ML,334,B,9,6,9,0.84,5,6.0,0,9.0,0,,9.0,3,0.091,0.3809,2.5,0.0,0.0,0.0,6.0,0,20.27,23.45,121.62,0.0,6.0,121.62,0,0,
test_q4_2024,2024-12-22,1314,LOJA 1314,1439,SORINE GTS ADULTO 30ML,334,B,9,6,9,0.84,5,9.0,3,9.0,0,,9.0,0,0.1785,0.3809,2.5,0.0,0.0,0.0,9.0,0,20.27,23.45,182.43,0.0,,,0,0,
test_q4_2024,2024-12-23,1314,LOJA 1314,1439,SORINE GTS ADULTO 30ML,334,B,9,6,9,0.84,5,9.0,0,9.0,0,,9.0,0,0.1785,0.3809,2.5,1.0,1.0,0.0,8.0,0,20.27,23.45,162.16,0.0,6.0,121.62,0,0,
test_q4_2024,2024-12-24,1314,LOJA 1314,1439,SORINE GTS ADULTO 30ML,334,B,9,6,9,0.84,5,8.0,0,8.0,0,,8.0,0,0.1347,0.3809,2.5,0.0,0.0,0.0,8.0,0,20.27,23.45,162.16,0.0,5.0,101.35,0,0,
test_q4_2024,2024-12-25,1314,LOJA 1314,1439,SORINE GTS ADULTO 30ML,334,B,9,6,9,0.84,5,8.0,0,8.0,0,,8.0,0,0.1347,0.3809,2.5,0.0,0.0,0.0,8.0,0,20.27,23.45,162.16,0.0,5.0,101.35,0,0,
test_q4_2024,2024-12-26,1314,LOJA 1314,1439,SORINE GTS ADULTO 30ML,334,B,9,6,9,0.84,5,8.0,0,8.0,0,,8.0,0,0.1347,0.3809,2.5,0.0,0.0,0.0,8.0,0,20.27,23.45,162.16,0.0,5.0,101.35,0,0,
test_q4_2024,2024-12-27,1314,LOJA 1314,1439,SORINE GTS ADULTO 30ML,334,B,9,6,9,0.84,5,8.0,0,8.0,0,,8.0,0,0.091,0.3809,2.5,0.0,0.0,0.0,8.0,0,20.27,23.45,162.16,0.0,5.0,101.35,0,0,
test_q4_2024,2024-12-28,1314,LOJA 1314,1439,SORINE GTS ADULTO 30ML,334,B,9,6,9,0.84,5,8.0,0,8.0,0,,8.0,0,0.0776,0.3809,2.5,1.0,1.0,0.0,7.0,0,20.27,23.45,141.89,0.0,5.0,101.35,0,0,
test_q4_2024,2024-12-29,1314,LOJA 1314,1439,SORINE GTS ADULTO 30ML,334,B,9,6,9,0.84,5,7.0,0,7.0,0,,7.0,0,0.1518,0.3809,2.5,0.0,0.0,0.0,7.0,0,20.27,23.45,141.89,0.0,,,0,0,
test_q4_2024,2024-12-30,1314,LOJA 1314,1439,SORINE GTS ADULTO 30ML,334,B,9,6,9,0.84,5,7.0,0,7.0,0,,7.0,0,0.1518,0.3809,2.5,0.0,0.0,0.0,7.0,0,20.27,23.45,141.89,0.0,4.0,81.08,0,0,
test_q4_2024,2024-12-31,1314,LOJA 1314,1439,SORINE GTS ADULTO 30ML,334,B,9,6,9,0.84,5,7.0,0,7.0,0,,7.0,0,0.108,0.3809,2.5,0.0,0.0,0.0,7.0,0,20.27,23.45,141.89,0.0,4.0,81.08,0,0,
test_q4_2024,2024-10-01,1314,LOJA 1314,15496,TAMIFLU 75MG CAPS C/10,30697,C,9,1,2,0.84,5,2.0,0,2.0,0,,2.0,0,0.0,0.0,2.5,0.0,0.0,0.0,2.0,0,270.61,374.1,541.22,0.0,,,0,0,
test_q4_2024,2024-10-02,1314,LOJA 1314,15496,TAMIFLU 75MG CAPS C/10,30697,C,9,1,2,0.84,5,2.0,0,2.0,0,,2.0,0,0.0,0.0,2.5,0.0,0.0,0.0,2.0,0,270.61,374.1,541.22,0.0,,,0,0,
test_q4_2024,2024-10-03,1314,LOJA 1314,15496,TAMIFLU 75MG CAPS C/10,30697,C,9,1,2,0.84,5,2.0,0,2.0,0,,2.0,0,0.0,0.0,2.5,0.0,0.0,0.0,2.0,0,270.61,374.1,541.22,0.0,,,0,0,
test_q4_2024,2024-10-04,1314,LOJA 1314,15496,TAMIFLU 75MG CAPS C/10,30697,C,9,1,2,0.84,5,2.0,0,2.0,0,,2.0,0,0.0,0.0,2.5,0.0,0.0,0.0,2.0,0,270.61,374.1,541.22,0.0,,,0,0,
test_q4_2024,2024-10-05,1314,LOJA 1314,15496,TAMIFLU 75MG CAPS C/10,30697,C,9,1,2,0.84,5,2.0,0,2.0,0,,2.0,0,0.0,0.0,2.5,0.0,0.0,0.0,2.0,0,270.61,374.1,541.22,0.0,,,0,0,
test_q4_2024,2024-10-06,1314,LOJA 1314,15496,TAMIFLU 75MG CAPS C/10,30697,C,9,1,2,0.84,5,2.0,0,2.0,0,,2.0,0,0.0,0.0,2.5,0.0,0.0,0.0,2.0,0,270.61,374.1,541.22,0.0,,,0,0,
test_q4_2024,2024-10-07,1314,LOJA 1314,15496,TAMIFLU 75MG CAPS C/10,30697,C,9,1,2,0.84,5,2.0,0,2.0,0,,2.0,0,0.0,0.0,2.5,0.0,0.0,0.0,2.0,0,270.61,374.1,541.22,0.0,,,0,0,
test_q4_2024,2024-10-08,1314,LOJA 1314,15496,TAMIFLU 75MG CAPS C/10,30697,C,9,1,2,0.84,5,2.0,0,2.0,0,,2.0,0,0.0,0.0,2.5,0.0,0.0,0.0,2.0,0,270.61,374.1,541.22,0.0,,,0,0,
test_q4_2024,2024-10-09,1314,LOJA 1314,15496,TAMIFLU 75MG CAPS C/10,30697,C,9,1,2,0.84,5,2.0,0,2.0,0,,2.0,0,0.0,0.0,2.5,0.0,0.0,0.0,2.0,0,270.61,374.1,541.22,0.0,,,0,0,
test_q4_2024,2024-10-10,1314,LOJA 1314,15496,TAMIFLU 75MG CAPS C/10,30697,C,9,1,2,0.84,5,2.0,0,2.0,0,,2.0,0,0.0,0.0,2.5,0.0,0.0,0.0,2.0,0,270.61,374.1,541.22,0.0,,,0,0,
test_q4_2024,2024-10-11,1314,LOJA 1314,15496,TAMIFLU 75MG CAPS C/10,30697,C,9,1,2,0.84,5,2.0,0,2.0,0,,2.0,0,0.0,0.0,2.5,0.0,0.0,0.0,2.0,0,270.61,374.1,541.22,0.0,,,0,0,
test_q4_2024,2024-10-12,1314,LOJA 1314,15496,TAMIFLU 75MG CAPS C/10,30697,C,9,1,2,0.84,5,2.0,0,2.0,0,,2.0,0,0.0,0.0,2.5,0.0,0.0,0.0,2.0,0,270.61,374.1,541.22,0.0,,,0,0,
test_q4_2024,2024-10-13,1314,LOJA 1314,15496,TAMIFLU 75MG CAPS C/10,30697,C,9,1,2,0.84,5,2.0,0,2.0,0,,2.0,0,0.0,0.0,2.5,0.0,0.0,0.0,2.0,0,270.61,374.1,541.22,0.0,,,0,0,
test_q4_2024,2024-10-14,1314,LOJA 1314,15496,TAMIFLU 75MG CAPS C/10,30697,C,9,1,2,0.84,5,2.0,0,2.0,0,,2.0,0,0.0,0.0,2.5,0.0,0.0,0.0,2.0,0,270.61,374.1,541.22,0.0,,,0,0,
test_q4_2024,2024-10-15,1314,LOJA 1314,15496,TAMIFLU 75MG CAPS C/10,30697,C,9,1,2,0.84,5,2.0,0,2.0,0,,2.0,0,0.0,0.0,2.5,0.0,0.0,0.0,2.0,0,270.61,374.1,541.22,0.0,,,0,0,
test_q4_2024,2024-10-16,1314,LOJA 1314,15496,TAMIFLU 75MG CAPS C/10,30697,C,9,1,2,0.84,5,2.0,0,2.0,0,,2.0,0,0.0,0.0,2.5,0.0,0.0,0.0,2.0,0,270.61,374.1,541.22,0.0,,,0,0,
test_q4_2024,2024-10-17,1314,LOJA 1314,15496,TAMIFLU 75MG CAPS C/10,30697,C,9,1,2,0.84,5,2.0,0,2.0,0,,2.0,0,0.0,0.0,2.5,0.0,0.0,0.0,2.0,0,270.61,374.1,541.22,0.0,,,0,0,
test_q4_2024,2024-10-18,1314,LOJA 1314,15496,TAMIFLU 75MG CAPS C/10,30697,C,9,1,2,0.84,5,2.0,0,2.0,0,,2.0,0,0.0,0.0,2.5,0.0,0.0,0.0,2.0,0,270.61,374.1,541.22,0.0,,,0,0,
test_q4_2024,2024-10-19,1314,LOJA 1314,15496,TAMIFLU 75MG CAPS C/10,30697,C,9,1,2,0.84,5,2.0,0,2.0,0,,2.0,0,0.0,0.0,2.5,0.0,0.0,0.0,2.0,0,270.61,374.1,541.22,0.0,,,0,0,
test_q4_2024,2024-10-20,1314,LOJA 1314,15496,TAMIFLU 75MG CAPS C/10,30697,C,9,1,2,0.84,5,2.0,0,2.0,0,,2.0,0,0.0,0.0,2.5,0.0,0.0,0.0,2.0,0,270.61,374.1,541.22,0.0,,,0,0,
test_q4_2024,2024-10-21,1314,LOJA 1314,15496,TAMIFLU 75MG CAPS C/10,30697,C,9,1,2,0.84,5,2.0,0,2.0,0,,2.0,0,0.0,0.0,2.5,0.0,0.0,0.0,2.0,0,270.61,374.1,541.22,0.0,,,0,0,
test_q4_2024,2024-10-22,1314,LOJA 1314,15496,TAMIFLU 75MG CAPS C/10,30697,C,9,1,2,0.84,5,2.0,0,2.0,0,,2.0,0,0.0,0.0,2.5,0.0,0.0,0.0,2.0,0,270.61,374.1,541.22,0.0,,,0,0,
test_q4_2024,2024-10-23,1314,LOJA 1314,15496,TAMIFLU 75MG CAPS C/10,30697,C,9,1,2,0.84,5,2.0,0,2.0,0,,2.0,0,0.0,0.0,2.5,0.0,0.0,0.0,2.0,0,270.61,374.1,541.22,0.0,,,0,0,
test_q4_2024,2024-10-24,1314,LOJA 1314,15496,TAMIFLU 75MG CAPS C/10,30697,C,9,1,2,0.84,5,2.0,0,2.0,0,,2.0,0,0.0,0.0,2.5,0.0,0.0,0.0,2.0,0,270.61,374.1,541.22,0.0,,,0,0,
test_q4_2024,2024-10-25,1314,LOJA 1314,15496,TAMIFLU 75MG CAPS C/10,30697,C,9,1,2,0.84,5,2.0,0,2.0,0,,2.0,0,0.0,0.0,2.5,0.0,0.0,0.0,2.0,0,270.61,374.1,541.22,0.0,,,0,0,
test_q4_2024,2024-10-26,1314,LOJA 1314,15496,TAMIFLU 75MG CAPS C/10,30697,C,9,1,2,0.84,5,2.0,0,2.0,0,,2.0,0,0.0,0.0,2.5,0.0,0.0,0.0,2.0,0,270.61,374.1,541.22,0.0,,,0,0,
test_q4_2024,2024-10-27,1314,LOJA 1314,15496,TAMIFLU 75MG CAPS C/10,30697,C,9,1,2,0.84,5,2.0,0,2.0,0,,2.0,0,0.0,0.0,2.5,0.0,0.0,0.0,2.0,0,270.61,374.1,541.22,0.0,,,0,0,
test_q4_2024,2024-10-28,1314,LOJA 1314,15496,TAMIFLU 75MG CAPS C/10,30697,C,9,1,2,0.84,5,2.0,0,2.0,0,,2.0,0,0.0,0.0,2.5,0.0,0.0,0.0,2.0,0,270.61,374.1,541.22,0.0,,,0,0,
test_q4_2024,2024-10-29,1314,LOJA 1314,15496,TAMIFLU 75MG CAPS C/10,30697,C,9,1,2,0.84,5,2.0,0,2.0,0,,2.0,0,0.0,0.0,2.5,0.0,0.0,0.0,2.0,0,270.61,374.1,541.22,0.0,,,0,0,
test_q4_2024,2024-10-30,1314,LOJA 1314,15496,TAMIFLU 75MG CAPS C/10,30697,C,9,1,2,0.84,5,2.0,0,2.0,0,,2.0,0,0.0,0.0,2.5,0.0,0.0,0.0,2.0,0,270.61,374.1,541.22,0.0,,,0,0,
test_q4_2024,2024-10-31,1314,LOJA 1314,15496,TAMIFLU 75MG CAPS C/10,30697,C,9,1,2,0.84,5,2.0,0,2.0,0,,2.0,0,0.0,0.0,2.5,0.0,0.0,0.0,2.0,0,270.61,374.1,541.22,0.0,,,0,0,
test_q4_2024,2024-11-01,1314,LOJA 1314,15496,TAMIFLU 75MG CAPS C/10,30697,C,9,1,2,0.84,5,2.0,0,2.0,0,,2.0,0,0.0,0.0,2.5,0.0,0.0,0.0,2.0,0,270.61,374.1,541.22,0.0,,,0,0,
test_q4_2024,2024-11-02,1314,LOJA 1314,15496,TAMIFLU 75MG CAPS C/10,30697,C,9,1,2,0.84,5,2.0,0,2.0,0,,2.0,0,0.0,0.0,2.5,0.0,0.0,0.0,2.0,0,270.61,374.1,541.22,0.0,,,0,0,
test_q4_2024,2024-11-03,1314,LOJA 1314,15496,TAMIFLU 75MG CAPS C/10,30697,C,9,1,2,0.84,5,2.0,0,2.0,0,,2.0,0,0.0,0.0,2.5,0.0,0.0,0.0,2.0,0,270.61,374.1,541.22,0.0,,,0,0,
test_q4_2024,2024-11-04,1314,LOJA 1314,15496,TAMIFLU 75MG CAPS C/10,30697,C,9,1,2,0.84,5,2.0,0,2.0,0,,2.0,0,0.0,0.0,2.5,0.0,0.0,0.0,2.0,0,270.61,374.1,541.22,0.0,,,0,0,
test_q4_2024,2024-11-05,1314,LOJA 1314,15496,TAMIFLU 75MG CAPS C/10,30697,C,9,1,2,0.84,5,2.0,0,2.0,0,,2.0,0,0.0,0.0,2.5,0.0,0.0,0.0,2.0,0,270.61,374.1,541.22,0.0,,,0,0,
test_q4_2024,2024-11-06,1314,LOJA 1314,15496,TAMIFLU 75MG CAPS C/10,30697,C,9,1,2,0.84,5,2.0,0,2.0,0,,2.0,0,0.0,0.0,2.5,0.0,0.0,0.0,2.0,0,270.61,374.1,541.22,0.0,,,0,0,
test_q4_2024,2024-11-07,1314,LOJA 1314,15496,TAMIFLU 75MG CAPS C/10,30697,C,9,1,2,0.84,5,2.0,0,2.0,0,,2.0,0,0.0,0.0,2.5,0.0,0.0,0.0,2.0,0,270.61,374.1,541.22,0.0,,,0,0,
test_q4_2024,2024-11-08,1314,LOJA 1314,15496,TAMIFLU 75MG CAPS C/10,30697,C,9,1,2,0.84,5,2.0,0,2.0,0,,2.0,0,0.0,0.0,2.5,0.0,0.0,0.0,2.0,0,270.61,374.1,541.22,0.0,,,0,0,
test_q4_2024,2024-11-09,1314,LOJA 1314,15496,TAMIFLU 75MG CAPS C/10,30697,C,9,1,2,0.84,5,2.0,0,2.0,0,,2.0,0,0.0,0.0,2.5,0.0,0.0,0.0,2.0,0,270.61,374.1,541.22,0.0,,,0,0,
test_q4_2024,2024-11-10,1314,LOJA 1314,15496,TAMIFLU 75MG CAPS C/10,30697,C,9,1,2,0.84,5,2.0,0,2.0,0,,2.0,0,0.0,0.0,2.5,0.0,0.0,0.0,2.0,0,270.61,374.1,541.22,0.0,,,0,0,
test_q4_2024,2024-11-11,1314,LOJA 1314,15496,TAMIFLU 75MG CAPS C/10,30697,C,9,1,2,0.84,5,2.0,0,2.0,0,,2.0,0,0.0,0.0,2.5,0.0,0.0,0.0,2.0,0,270.61,374.1,541.22,0.0,,,0,0,
test_q4_2024,2024-11-12,1314,LOJA 1314,15496,TAMIFLU 75MG CAPS C/10,30697,C,9,1,2,0.84,5,2.0,0,2.0,0,,2.0,0,0.0,0.0,2.5,0.0,0.0,0.0,2.0,0,270.61,374.1,541.22,0.0,,,0,0,
test_q4_2024,2024-11-13,1314,LOJA 1314,15496,TAMIFLU 75MG CAPS C/10,30697,C,9,1,2,0.84,5,2.0,0,2.0,0,,2.0,0,0.0,0.0,2.5,0.0,0.0,0.0,2.0,0,270.61,374.1,541.22,0.0,,,0,0,
test_q4_2024,2024-11-14,1314,LOJA 1314,15496,TAMIFLU 75MG CAPS C/10,30697,C,9,1,2,0.84,5,2.0,0,2.0,0,,2.0,0,0.0,0.0,2.5,0.0,0.0,0.0,2.0,0,270.61,374.1,541.22,0.0,,,0,0,
test_q4_2024,2024-11-15,1314,LOJA 1314,15496,TAMIFLU 75MG CAPS C/10,30697,C,9,1,2,0.84,5,2.0,0,2.0,0,,2.0,0,0.0,0.0,2.5,0.0,0.0,0.0,2.0,0,270.61,374.1,541.22,0.0,,,0,0,
test_q4_2024,2024-11-16,1314,LOJA 1314,15496,TAMIFLU 75MG CAPS C/10,30697,C,9,1,2,0.84,5,2.0,0,2.0,0,,2.0,0,0.0,0.0,2.5,0.0,0.0,0.0,2.0,0,270.61,374.1,541.22,0.0,,,0,0,
test_q4_2024,2024-11-17,1314,LOJA 1314,15496,TAMIFLU 75MG CAPS C/10,30697,C,9,1,2,0.84,5,2.0,0,2.0,0,,2.0,0,0.0,0.0,2.5,0.0,0.0,0.0,2.0,0,270.61,374.1,541.22,0.0,,,0,0,
test_q4_2024,2024-11-18,1314,LOJA 1314,15496,TAMIFLU 75MG CAPS C/10,30697,C,9,1,2,0.84,5,2.0,0,2.0,0,,2.0,0,0.0,0.0,2.5,0.0,0.0,0.0,2.0,0,270.61,374.1,541.22,0.0,,,0,0,
test_q4_2024,2024-11-19,1314,LOJA 1314,15496,TAMIFLU 75MG CAPS C/10,30697,C,9,1,2,0.84,5,2.0,0,2.0,0,,2.0,0,0.0,0.0,2.5,0.0,0.0,0.0,2.0,0,270.61,374.1,541.22,0.0,,,0,0,
test_q4_2024,2024-11-20,1314,LOJA 1314,15496,TAMIFLU 75MG CAPS C/10,30697,C,9,1,2,0.84,5,2.0,0,2.0,0,,2.0,0,0.0,0.0,2.5,0.0,0.0,0.0,2.0,0,270.61,374.1,541.22,0.0,,,0,0,
test_q4_2024,2024-11-21,1314,LOJA 1314,15496,TAMIFLU 75MG CAPS C/10,30697,C,9,1,2,0.84,5,2.0,0,2.0,0,,2.0,0,0.0,0.0,2.5,0.0,0.0,0.0,2.0,0,270.61,374.1,541.22,0.0,,,0,0,
test_q4_2024,2024-11-22,1314,LOJA 1314,15496,TAMIFLU 75MG CAPS C/10,30697,C,9,1,2,0.84,5,2.0,0,2.0,0,,2.0,0,0.0,0.0,2.5,0.0,0.0,0.0,2.0,0,270.61,374.1,541.22,0.0,,,0,0,
test_q4_2024,2024-11-23,1314,LOJA 1314,15496,TAMIFLU 75MG CAPS C/10,30697,C,9,1,2,0.84,5,2.0,0,2.0,0,,2.0,0,0.0,0.0,2.5,0.0,0.0,0.0,2.0,0,270.61,374.1,541.22,0.0,,,0,0,
test_q4_2024,2024-11-24,1314,LOJA 1314,15496,TAMIFLU 75MG CAPS C/10,30697,C,9,1,2,0.84,5,2.0,0,2.0,0,,2.0,0,0.0,0.0,2.5,0.0,0.0,0.0,2.0,0,270.61,374.1,541.22,0.0,,,0,0,
test_q4_2024,2024-11-25,1314,LOJA 1314,15496,TAMIFLU 75MG CAPS C/10,30697,C,9,1,2,0.84,5,2.0,0,2.0,0,,2.0,0,0.0,0.0,2.5,0.0,0.0,0.0,2.0,0,270.61,374.1,541.22,0.0,,,0,0,
test_q4_2024,2024-11-26,1314,LOJA 1314,15496,TAMIFLU 75MG CAPS C/10,30697,C,9,1,2,0.84,5,2.0,0,2.0,0,,2.0,0,0.0,0.0,2.5,0.0,0.0,0.0,2.0,0,270.61,374.1,541.22,0.0,,,0,0,
test_q4_2024,2024-11-27,1314,LOJA 1314,15496,TAMIFLU 75MG CAPS C/10,30697,C,9,1,2,0.84,5,2.0,0,2.0,0,,2.0,0,0.0,0.0,2.5,0.0,0.0,0.0,2.0,0,270.61,374.1,541.22,0.0,,,0,0,
test_q4_2024,2024-11-28,1314,LOJA 1314,15496,TAMIFLU 75MG CAPS C/10,30697,C,9,1,2,0.84,5,2.0,0,2.0,0,,2.0,0,0.0,0.0,2.5,0.0,0.0,0.0,2.0,0,270.61,374.1,541.22,0.0,,,0,0,
test_q4_2024,2024-11-29,1314,LOJA 1314,15496,TAMIFLU 75MG CAPS C/10,30697,C,9,1,2,0.84,5,2.0,0,2.0,0,,2.0,0,0.0,0.0,2.5,0.0,0.0,0.0,2.0,0,270.61,374.1,541.22,0.0,,,0,0,
test_q4_2024,2024-11-30,1314,LOJA 1314,15496,TAMIFLU 75MG CAPS C/10,30697,C,9,1,2,0.84,5,2.0,0,2.0,0,,2.0,0,0.0,0.0,2.5,0.0,0.0,0.0,2.0,0,270.61,374.1,541.22,0.0,,,0,0,
test_q4_2024,2024-12-01,1314,LOJA 1314,15496,TAMIFLU 75MG CAPS C/10,30697,C,9,1,2,0.84,5,2.0,0,2.0,0,,2.0,0,0.0,0.0,2.5,0.0,0.0,0.0,2.0,0,270.61,374.1,541.22,0.0,,,0,0,
test_q4_2024,2024-12-02,1314,LOJA 1314,15496,TAMIFLU 75MG CAPS C/10,30697,C,9,1,2,0.84,5,2.0,0,2.0,0,,2.0,0,0.0,0.0,2.5,0.0,0.0,0.0,2.0,0,270.61,374.1,541.22,0.0,,,0,0,
test_q4_2024,2024-12-03,1314,LOJA 1314,15496,TAMIFLU 75MG CAPS C/10,30697,C,9,1,2,0.84,5,2.0,0,2.0,0,,2.0,0,0.0,0.0,2.5,0.0,0.0,0.0,2.0,0,270.61,374.1,541.22,0.0,,,0,0,
test_q4_2024,2024-12-04,1314,LOJA 1314,15496,TAMIFLU 75MG CAPS C/10,30697,C,9,1,2,0.84,5,2.0,0,2.0,0,,2.0,0,0.0,0.0,2.5,0.0,0.0,0.0,2.0,0,270.61,374.1,541.22,0.0,,,0,0,
test_q4_2024,2024-12-05,1314,LOJA 1314,15496,TAMIFLU 75MG CAPS C/10,30697,C,9,1,2,0.84,5,2.0,0,2.0,0,,2.0,0,0.0,0.0,2.5,0.0,0.0,0.0,2.0,0,270.61,374.1,541.22,0.0,,,0,0,
test_q4_2024,2024-12-06,1314,LOJA 1314,15496,TAMIFLU 75MG CAPS C/10,30697,C,9,1,2,0.84,5,2.0,0,2.0,0,,2.0,0,0.0,0.0,2.5,0.0,0.0,0.0,2.0,0,270.61,374.1,541.22,0.0,,,0,0,
test_q4_2024,2024-12-07,1314,LOJA 1314,15496,TAMIFLU 75MG CAPS C/10,30697,C,9,1,2,0.84,5,2.0,0,2.0,0,,2.0,0,0.0,0.0,2.5,0.0,0.0,0.0,2.0,0,270.61,374.1,541.22,0.0,,,0,0,
test_q4_2024,2024-12-08,1314,LOJA 1314,15496,TAMIFLU 75MG CAPS C/10,30697,C,9,1,2,0.84,5,2.0,0,2.0,0,,2.0,0,0.0,0.0,2.5,0.0,0.0,0.0,2.0,0,270.61,374.1,541.22,0.0,,,0,0,
test_q4_2024,2024-12-09,1314,LOJA 1314,15496,TAMIFLU 75MG CAPS C/10,30697,C,9,1,2,0.84,5,2.0,0,2.0,0,,2.0,0,0.0,0.0,2.5,0.0,0.0,0.0,2.0,0,270.61,374.1,541.22,0.0,,,0,0,
test_q4_2024,2024-12-10,1314,LOJA 1314,15496,TAMIFLU 75MG CAPS C/10,30697,C,9,1,2,0.84,5,2.0,0,2.0,0,,2.0,0,0.0,0.0,2.5,0.0,0.0,0.0,2.0,0,270.61,374.1,541.22,0.0,,,0,0,
test_q4_2024,2024-12-11,1314,LOJA 1314,15496,TAMIFLU 75MG CAPS C/10,30697,C,9,1,2,0.84,5,2.0,0,2.0,0,,2.0,0,0.0,0.0,2.5,0.0,0.0,0.0,2.0,0,270.61,374.1,541.22,0.0,,,0,0,
test_q4_2024,2024-12-12,1314,LOJA 1314,15496,TAMIFLU 75MG CAPS C/10,30697,C,9,1,2,0.84,5,2.0,0,2.0,0,,2.0,0,0.0,0.0,2.5,0.0,0.0,0.0,2.0,0,270.61,374.1,541.22,0.0,,,0,0,
test_q4_2024,2024-12-13,1314,LOJA 1314,15496,TAMIFLU 75MG CAPS C/10,30697,C,9,1,2,0.84,5,2.0,0,2.0,0,,2.0,0,0.0,0.0,2.5,0.0,0.0,0.0,2.0,0,270.61,374.1,541.22,0.0,,,0,0,
test_q4_2024,2024-12-14,1314,LOJA 1314,15496,TAMIFLU 75MG CAPS C/10,30697,C,9,1,2,0.84,5,2.0,0,2.0,0,,2.0,0,0.0,0.0,2.5,0.0,0.0,0.0,2.0,0,270.61,374.1,541.22,0.0,,,0,0,
test_q4_2024,2024-12-15,1314,LOJA 1314,15496,TAMIFLU 75MG CAPS C/10,30697,C,9,1,2,0.84,5,2.0,0,2.0,0,,2.0,0,0.0,0.0,2.5,0.0,0.0,0.0,2.0,0,270.61,374.1,541.22,0.0,,,0,0,
test_q4_2024,2024-12-16,1314,LOJA 1314,15496,TAMIFLU 75MG CAPS C/10,30697,C,9,1,2,0.84,5,2.0,0,2.0,0,,2.0,0,0.0,0.0,2.5,0.0,0.0,0.0,2.0,0,270.61,374.1,541.22,0.0,,,0,0,
test_q4_2024,2024-12-17,1314,LOJA 1314,15496,TAMIFLU 75MG CAPS C/10,30697,C,9,1,2,0.84,5,2.0,0,2.0,0,,2.0,0,0.0,0.0,2.5,0.0,0.0,0.0,2.0,0,270.61,374.1,541.22,0.0,,,0,0,
test_q4_2024,2024-12-18,1314,LOJA 1314,15496,TAMIFLU 75MG CAPS C/10,30697,C,9,1,2,0.84,5,2.0,0,2.0,0,,2.0,0,0.0,0.0,2.5,0.0,0.0,0.0,2.0,0,270.61,374.1,541.22,0.0,,,0,0,
test_q4_2024,2024-12-19,1314,LOJA 1314,15496,TAMIFLU 75MG CAPS C/10,30697,C,9,1,2,0.84,5,2.0,0,2.0,0,,2.0,0,0.0,0.0,2.5,0.0,0.0,0.0,2.0,0,270.61,374.1,541.22,0.0,,,0,0,
test_q4_2024,2024-12-20,1314,LOJA 1314,15496,TAMIFLU 75MG CAPS C/10,30697,C,9,1,2,0.84,5,2.0,0,2.0,0,,2.0,0,0.0,0.0,2.5,0.0,0.0,0.0,2.0,0,270.61,374.1,541.22,0.0,,,0,0,
test_q4_2024,2024-12-21,1314,LOJA 1314,15496,TAMIFLU 75MG CAPS C/10,30697,C,9,1,2,0.84,5,2.0,0,2.0,0,,2.0,0,0.0,0.0,2.5,0.0,0.0,0.0,2.0,0,270.61,374.1,541.22,0.0,,,0,0,
test_q4_2024,2024-12-22,1314,LOJA 1314,15496,TAMIFLU 75MG CAPS C/10,30697,C,9,1,2,0.84,5,2.0,0,2.0,0,,2.0,0,0.0,0.0,2.5,0.0,0.0,0.0,2.0,0,270.61,374.1,541.22,0.0,,,0,0,
test_q4_2024,2024-12-23,1314,LOJA 1314,15496,TAMIFLU 75MG CAPS C/10,30697,C,9,1,2,0.84,5,2.0,0,2.0,0,,2.0,0,0.0,0.0,2.5,0.0,0.0,0.0,2.0,0,270.61,374.1,541.22,0.0,,,0,0,
test_q4_2024,2024-12-24,1314,LOJA 1314,15496,TAMIFLU 75MG CAPS C/10,30697,C,9,1,2,0.84,5,2.0,0,2.0,0,,2.0,0,0.0,0.0,2.5,0.0,0.0,0.0,2.0,0,270.61,374.1,541.22,0.0,,,0,0,
test_q4_2024,2024-12-25,1314,LOJA 1314,15496,TAMIFLU 75MG CAPS C/10,30697,C,9,1,2,0.84,5,2.0,0,2.0,0,,2.0,0,0.0,0.0,2.5,0.0,0.0,0.0,2.0,0,270.61,374.1,541.22,0.0,,,0,0,
test_q4_2024,2024-12-26,1314,LOJA 1314,15496,TAMIFLU 75MG CAPS C/10,30697,C,9,1,2,0.84,5,2.0,0,2.0,0,,2.0,0,0.0,0.0,2.5,0.0,0.0,0.0,2.0,0,270.61,374.1,541.22,0.0,,,0,0,
test_q4_2024,2024-12-27,1314,LOJA 1314,15496,TAMIFLU 75MG CAPS C/10,30697,C,9,1,2,0.84,5,2.0,0,2.0,0,,2.0,0,0.0,0.0,2.5,0.0,0.0,0.0,2.0,0,270.61,374.1,541.22,0.0,,,0,0,
test_q4_2024,2024-12-28,1314,LOJA 1314,15496,TAMIFLU 75MG CAPS C/10,30697,C,9,1,2,0.84,5,2.0,0,2.0,0,,2.0,0,0.0,0.0,2.5,0.0,0.0,0.0,2.0,0,270.61,374.1,541.22,0.0,,,0,0,
test_q4_2024,2024-12-29,1314,LOJA 1314,15496,TAMIFLU 75MG CAPS C/10,30697,C,9,1,2,0.84,5,2.0,0,2.0,0,,2.0,0,0.0,0.0,2.5,0.0,0.0,0.0,2.0,0,270.61,374.1,541.22,0.0,,,0,0,
test_q4_2024,2024-12-30,1314,LOJA 1314,15496,TAMIFLU 75MG CAPS C/10,30697,C,9,1,2,0.84,5,2.0,0,2.0,0,,2.0,0,0.0,0.0,2.5,0.0,0.0,0.0,2.0,0,270.61,374.1,541.22,0.0,,,0,0,
test_q4_2024,2024-12-31,1314,LOJA 1314,15496,TAMIFLU 75MG CAPS C/10,30697,C,9,1,2,0.84,5,2.0,0,2.0,0,,2.0,0,0.0,0.0,2.5,0.0,0.0,0.0,2.0,0,270.61,374.1,541.22,0.0,,,0,0,
test_q4_2024,2024-10-01,1314,LOJA 1314,15589,ANTUX XAROPE 120ML,334,A,9,6,12,0.84,5,10.0,0,10.0,0,,10.0,0,0.3125,0.5487,2.5,0.0,0.0,0.0,10.0,0,34.77,41.16,347.7,0.0,11.0,382.47,0,0,
test_q4_2024,2024-10-02,1314,LOJA 1314,15589,ANTUX XAROPE 120ML,334,A,9,6,12,0.84,5,10.0,0,10.0,0,,10.0,0,0.48,0.5487,2.5,0.0,0.0,0.0,10.0,0,34.77,41.16,347.7,0.0,11.0,382.47,0,0,
test_q4_2024,2024-10-03,1314,LOJA 1314,15589,ANTUX XAROPE 120ML,334,A,9,6,12,0.84,5,10.0,0,10.0,0,,10.0,0,0.655,0.5487,2.5,0.0,0.0,0.0,10.0,0,34.77,41.16,347.7,0.0,11.0,382.47,0,0,
test_q4_2024,2024-10-04,1314,LOJA 1314,15589,ANTUX XAROPE 120ML,334,A,9,6,12,0.84,5,10.0,0,10.0,0,,10.0,0,0.5846,0.5487,2.5,0.0,0.0,0.0,10.0,0,34.77,41.16,347.7,0.0,11.0,382.47,0,0,
test_q4_2024,2024-10-05,1314,LOJA 1314,15589,ANTUX XAROPE 120ML,334,A,9,6,12,0.84,5,10.0,0,10.0,0,,10.0,0,0.4437,0.5487,2.5,0.0,0.0,0.0,10.0,0,34.77,41.16,347.7,0.0,11.0,382.47,0,0,
test_q4_2024,2024-10-06,1314,LOJA 1314,15589,ANTUX XAROPE 120ML,334,A,9,6,12,0.84,5,10.0,0,10.0,0,,10.0,0,0.3563,0.5487,2.5,0.0,0.0,0.0,10.0,0,34.77,41.16,347.7,0.0,,,0,0,
test_q4_2024,2024-10-07,1314,LOJA 1314,15589,ANTUX XAROPE 120ML,334,A,9,6,12,0.84,5,10.0,0,10.0,0,,10.0,0,0.4437,0.5487,2.5,0.0,0.0,0.0,10.0,0,34.77,41.16,347.7,0.0,11.0,382.47,0,0,
test_q4_2024,2024-10-08,1314,LOJA 1314,15589,ANTUX XAROPE 120ML,334,A,9,6,12,0.84,5,10.0,0,10.0,0,,10.0,0,0.3125,0.5487,2.5,0.0,0.0,0.0,10.0,0,34.77,41.16,347.7,0.0,11.0,382.47,0,0,
test_q4_2024,2024-10-09,1314,LOJA 1314,15589,ANTUX XAROPE 120ML,334,A,9,6,12,0.84,5,10.0,0,10.0,0,,10.0,0,0.4,0.5487,2.5,0.0,0.0,0.0,10.0,0,34.77,41.16,347.7,0.0,11.0,382.47,0,0,
test_q4_2024,2024-10-10,1314,LOJA 1314,15589,ANTUX XAROPE 120ML,334,A,9,6,12,0.84,5,10.0,0,10.0,0,,10.0,0,0.575,0.5487,2.5,0.0,0.0,0.0,10.0,0,34.77,41.16,347.7,0.0,11.0,382.47,0,0,
test_q4_2024,2024-10-11,1314,LOJA 1314,15589,ANTUX XAROPE 120ML,334,A,9,6,12,0.84,5,10.0,0,10.0,0,,10.0,0,0.4913,0.5487,2.5,0.0,0.0,0.0,10.0,0,34.77,41.16,347.7,0.0,11.0,382.47,0,0,
test_q4_2024,2024-10-12,1314,LOJA 1314,15589,ANTUX XAROPE 120ML,334,A,9,6,12,0.84,5,10.0,0,10.0,0,,10.0,0,0.4037,0.5487,2.5,0.0,0.0,0.0,10.0,0,34.77,41.16,347.7,0.0,11.0,382.47,0,0,
test_q4_2024,2024-10-13,1314,LOJA 1314,15589,ANTUX XAROPE 120ML,334,A,9,6,12,0.84,5,10.0,0,10.0,0,,10.0,0,0.2762,0.5487,2.5,1.0,1.0,0.0,9.0,0,34.77,41.16,312.93,0.0,,,0,0,
test_q4_2024,2024-10-14,1314,LOJA 1314,15589,ANTUX XAROPE 120ML,334,A,9,6,12,0.84,5,9.0,0,9.0,0,,9.0,0,0.3637,0.5487,2.5,0.0,0.0,0.0,9.0,0,34.77,41.16,312.93,0.0,10.0,347.70000000000005,0,0,
test_q4_2024,2024-10-15,1314,LOJA 1314,15589,ANTUX XAROPE 120ML,334,A,9,6,12,0.84,5,9.0,0,9.0,0,,9.0,0,0.1925,0.5487,2.5,1.0,1.0,0.0,8.0,0,34.77,41.16,278.16,0.0,10.0,347.70000000000005,0,0,
test_q4_2024,2024-10-16,1314,LOJA 1314,15589,ANTUX XAROPE 120ML,334,A,9,6,12,0.84,5,8.0,0,8.0,0,,8.0,0,0.28,0.5487,2.5,0.0,0.0,0.0,8.0,0,34.77,41.16,278.16,0.0,9.0,312.93,0,0,
test_q4_2024,2024-10-17,1314,LOJA 1314,15589,ANTUX XAROPE 120ML,334,A,9,6,12,0.84,5,8.0,0,8.0,0,,8.0,0,0.415,0.5487,2.5,0.0,0.0,0.0,8.0,0,34.77,41.16,278.16,0.0,9.0,312.93,0,0,
test_q4_2024,2024-10-18,1314,LOJA 1314,15589,ANTUX XAROPE 120ML,334,A,9,6,12,0.84,5,8.0,0,8.0,0,,8.0,0,0.3712,0.5487,2.5,0.0,0.0,0.0,8.0,0,34.77,41.16,278.16,0.0,9.0,312.93,0,0,
test_q4_2024,2024-10-19,1314,LOJA 1314,15589,ANTUX XAROPE 120ML,334,A,9,6,12,0.84,5,8.0,0,8.0,0,,8.0,0,0.2837,0.5487,2.5,0.0,0.0,0.0,8.0,0,34.77,41.16,278.16,0.0,9.0,312.93,0,0,
test_q4_2024,2024-10-20,1314,LOJA 1314,15589,ANTUX XAROPE 120ML,334,A,9,6,12,0.84,5,8.0,0,8.0,0,,8.0,0,0.1963,0.5487,2.5,0.0,0.0,0.0,8.0,0,34.77,41.16,278.16,0.0,,,0,0,
test_q4_2024,2024-10-21,1314,LOJA 1314,15589,ANTUX XAROPE 120ML,334,A,9,6,12,0.84,5,8.0,0,8.0,0,,8.0,0,0.2837,0.5487,2.5,0.0,0.0,0.0,8.0,0,34.77,41.16,278.16,0.0,9.0,312.93,0,0,
test_q4_2024,2024-10-22,1314,LOJA 1314,15589,ANTUX XAROPE 120ML,334,A,9,6,12,0.84,5,8.0,0,8.0,0,,8.0,0,0.1525,0.5487,2.5,0.0,0.0,0.0,8.0,0,34.77,41.16,278.16,0.0,10.0,347.70000000000005,0,0,
test_q4_2024,2024-10-23,1314,LOJA 1314,15589,ANTUX XAROPE 120ML,334,A,9,6,12,0.84,5,8.0,0,8.0,0,,8.0,0,0.24,0.5487,2.5,0.0,0.0,0.0,8.0,0,34.77,41.16,278.16,0.0,10.0,347.70000000000005,0,0,
test_q4_2024,2024-10-24,1314,LOJA 1314,15589,ANTUX XAROPE 120ML,334,A,9,6,12,0.84,5,8.0,0,8.0,0,,8.0,0,0.415,0.5487,2.5,0.0,0.0,0.0,8.0,0,34.77,41.16,278.16,0.0,10.0,347.70000000000005,0,0,
test_q4_2024,2024-10-25,1314,LOJA 1314,15589,ANTUX XAROPE 120ML,334,A,9,6,12,0.84,5,8.0,0,8.0,0,,8.0,0,0.3846,0.5487,2.5,0.0,0.0,0.0,8.0,0,34.77,41.16,278.16,0.0,10.0,347.70000000000005,0,0,
test_q4_2024,2024-10-26,1314,LOJA 1314,15589,ANTUX XAROPE 120ML,334,A,9,6,12,0.84,5,8.0,0,8.0,0,,8.0,0,0.2971,0.5487,2.5,0.0,0.0,0.0,8.0,0,34.77,41.16,278.16,0.0,10.0,347.70000000000005,0,0,
test_q4_2024,2024-10-27,1314,LOJA 1314,15589,ANTUX XAROPE 120ML,334,A,9,6,12,0.84,5,8.0,0,8.0,0,,8.0,0,0.2096,0.5487,2.5,0.0,0.0,0.0,8.0,0,34.77,41.16,278.16,0.0,,,0,0,
test_q4_2024,2024-10-28,1314,LOJA 1314,15589,ANTUX XAROPE 120ML,334,A,9,6,12,0.84,5,8.0,0,8.0,0,,8.0,0,0.2971,0.5487,2.5,0.0,0.0,0.0,8.0,0,34.77,41.16,278.16,0.0,10.0,347.70000000000005,0,0,
test_q4_2024,2024-10-29,1314,LOJA 1314,15589,ANTUX XAROPE 120ML,334,A,9,6,12,0.84,5,8.0,0,8.0,0,,8.0,0,0.1658,0.5487,2.5,0.0,0.0,0.0,8.0,0,34.77,41.16,278.16,0.0,10.0,347.70000000000005,0,0,
test_q4_2024,2024-10-30,1314,LOJA 1314,15589,ANTUX XAROPE 120ML,334,A,9,6,12,0.84,5,8.0,0,8.0,0,,8.0,0,0.2667,0.5487,2.5,0.0,0.0,0.0,8.0,0,34.77,41.16,278.16,0.0,10.0,347.70000000000005,0,0,
test_q4_2024,2024-10-31,1314,LOJA 1314,15589,ANTUX XAROPE 120ML,334,A,9,6,12,0.84,5,8.0,0,8.0,0,,8.0,0,0.455,0.5487,2.5,0.0,0.0,0.0,8.0,0,34.77,41.16,278.16,0.0,10.0,347.70000000000005,0,0,
test_q4_2024,2024-11-01,1314,LOJA 1314,15589,ANTUX XAROPE 120ML,334,A,9,6,12,0.84,5,8.0,0,8.0,0,,8.0,0,0.3712,0.5487,2.5,1.0,1.0,0.0,7.0,0,34.77,41.16,243.39,0.0,10.0,347.70000000000005,0,0,
test_q4_2024,2024-11-02,1314,LOJA 1314,15589,ANTUX XAROPE 120ML,334,A,9,6,12,0.84,5,7.0,0,7.0,0,,7.0,0,0.2837,0.5487,2.5,1.0,1.0,0.0,6.0,0,34.77,41.16,208.62,0.0,9.0,312.93,0,0,
test_q4_2024,2024-11-03,1314,LOJA 1314,15589,ANTUX XAROPE 120ML,334,A,9,6,12,0.84,5,6.0,0,6.0,6,2024-11-12,12.0,6,0.2229,0.5487,2.5,0.0,0.0,0.0,6.0,0,34.77,41.16,208.62,32.02,,,0,0,
test_q4_2024,2024-11-04,1314,LOJA 1314,15589,ANTUX XAROPE 120ML,334,A,9,6,12,0.84,5,6.0,0,12.0,0,,12.0,6,0.3104,0.5487,2.5,0.0,0.0,0.0,6.0,0,34.77,41.16,208.62,0.0,8.0,278.16,0,0,
test_q4_2024,2024-11-05,1314,LOJA 1314,15589,ANTUX XAROPE 120ML,334,A,9,6,12,0.84,5,6.0,0,12.0,0,,12.0,6,0.1925,0.5487,2.5,0.0,0.0,0.0,6.0,0,34.77,41.16,208.62,0.0,8.0,278.16,0,0,
test_q4_2024,2024-11-06,1314,LOJA 1314,15589,ANTUX XAROPE 120ML,334,A,9,6,12,0.84,5,6.0,0,12.0,0,,12.0,6,0.28,0.5487,2.5,0.0,0.0,0.0,6.0,0,34.77,41.16,208.62,0.0,8.0,278.16,0,0,
test_q4_2024,2024-11-07,1314,LOJA 1314,15589,ANTUX XAROPE 120ML,334,A,9,6,12,0.84,5,6.0,0,12.0,0,,12.0,6,0.4683,0.5487,2.5,0.0,0.0,0.0,6.0,0,34.77,41.16,208.62,0.0,8.0,278.16,0,0,
test_q4_2024,2024-11-08,1314,LOJA 1314,15589,ANTUX XAROPE 120ML,334,A,9,6,12,0.84,5,6.0,0,12.0,0,,12.0,6,0.4379,0.5487,2.5,0.0,0.0,0.0,6.0,0,34.77,41.16,208.62,0.0,9.0,312.93,0,0,
test_q4_2024,2024-11-09,1314,LOJA 1314,15589,ANTUX XAROPE 120ML,334,A,9,6,12,0.84,5,6.0,0,12.0,0,,12.0,6,0.3371,0.5487,2.5,0.0,0.0,0.0,6.0,0,34.77,41.16,208.62,0.0,10.0,347.70000000000005,0,0,
test_q4_2024,2024-11-10,1314,LOJA 1314,15589,ANTUX XAROPE 120ML,334,A,9,6,12,0.84,5,6.0,0,12.0,0,,12.0,6,0.2496,0.5487,2.5,0.0,0.0,0.0,6.0,0,34.77,41.16,208.62,0.0,,,0,0,
test_q4_2024,2024-11-11,1314,LOJA 1314,15589,ANTUX XAROPE 120ML,334,A,9,6,12,0.84,5,6.0,0,12.0,0,,12.0,6,0.3371,0.5487,2.5,0.0,0.0,0.0,6.0,0,34.77,41.16,208.62,0.0,10.0,347.70000000000005,0,0,
test_q4_2024,2024-11-12,1314,LOJA 1314,15589,ANTUX XAROPE 120ML,334,A,9,6,12,0.84,5,12.0,6,12.0,0,,12.0,0,0.2058,0.5487,2.5,0.0,0.0,0.0,12.0,0,34.77,41.16,417.24,0.0,10.0,347.70000000000005,0,0,
test_q4_2024,2024-11-13,1314,LOJA 1314,15589,ANTUX XAROPE 120ML,334,A,9,6,12,0.84,5,12.0,0,12.0,0,,12.0,0,0.2933,0.5487,2.5,1.0,1.0,0.0,11.0,0,34.77,41.16,382.47,0.0,10.0,347.70000000000005,0,0,
test_q4_2024,2024-11-14,1314,LOJA 1314,15589,ANTUX XAROPE 120ML,334,A,9,6,12,0.84,5,11.0,0,11.0,0,,11.0,0,0.455,0.5487,2.5,0.0,0.0,0.0,11.0,0,34.77,41.16,382.47,0.0,9.0,312.93,0,0,
test_q4_2024,2024-11-15,1314,LOJA 1314,15589,ANTUX XAROPE 120ML,334,A,9,6,12,0.84,5,11.0,0,11.0,0,,11.0,0,0.3979,0.5487,2.5,0.0,0.0,0.0,11.0,0,34.77,41.16,382.47,0.0,9.0,312.93,0,0,
test_q4_2024,2024-11-16,1314,LOJA 1314,15589,ANTUX XAROPE 120ML,334,A,9,6,12,0.84,5,11.0,0,11.0,0,,11.0,0,0.3104,0.5487,2.5,0.0,0.0,0.0,11.0,0,34.77,41.16,382.47,0.0,9.0,312.93,0,0,
test_q4_2024,2024-11-17,1314,LOJA 1314,15589,ANTUX XAROPE 120ML,334,A,9,6,12,0.84,5,11.0,0,11.0,0,,11.0,0,0.2229,0.5487,2.5,0.0,0.0,0.0,11.0,0,34.77,41.16,382.47,0.0,,,0,0,
test_q4_2024,2024-11-18,1314,LOJA 1314,15589,ANTUX XAROPE 120ML,334,A,9,6,12,0.84,5,11.0,0,11.0,0,,11.0,0,0.2837,0.5487,2.5,0.0,0.0,0.0,11.0,0,34.77,41.16,382.47,0.0,9.0,312.93,0,0,
test_q4_2024,2024-11-19,1314,LOJA 1314,15589,ANTUX XAROPE 120ML,334,A,9,6,12,0.84,5,11.0,0,11.0,0,,11.0,0,0.1525,0.5487,2.5,0.0,0.0,0.0,11.0,0,34.77,41.16,382.47,0.0,9.0,312.93,0,0,
test_q4_2024,2024-11-20,1314,LOJA 1314,15589,ANTUX XAROPE 120ML,334,A,9,6,12,0.84,5,11.0,0,11.0,0,,11.0,0,0.2267,0.5487,2.5,0.0,0.0,0.0,11.0,0,34.77,41.16,382.47,0.0,10.0,347.70000000000005,0,0,
test_q4_2024,2024-11-21,1314,LOJA 1314,15589,ANTUX XAROPE 120ML,334,A,9,6,12,0.84,5,11.0,0,11.0,0,,11.0,0,0.4017,0.5487,2.5,2.0,2.0,0.0,9.0,0,34.77,41.16,312.93,0.0,10.0,347.70000000000005,0,0,
test_q4_2024,2024-11-22,1314,LOJA 1314,15589,ANTUX XAROPE 120ML,334,A,9,6,12,0.84,5,9.0,0,9.0,0,,9.0,0,0.3446,0.5487,2.5,0.0,0.0,0.0,9.0,0,34.77,41.16,312.93,0.0,8.0,278.16,0,0,
test_q4_2024,2024-11-23,1314,LOJA 1314,15589,ANTUX XAROPE 120ML,334,A,9,6,12,0.84,5,9.0,0,9.0,0,,9.0,0,0.2437,0.5487,2.5,0.0,0.0,0.0,9.0,0,34.77,41.16,312.93,0.0,8.0,278.16,0,0,
test_q4_2024,2024-11-24,1314,LOJA 1314,15589,ANTUX XAROPE 120ML,334,A,9,6,12,0.84,5,9.0,0,9.0,0,,9.0,0,0.1562,0.5487,2.5,0.0,0.0,0.0,9.0,0,34.77,41.16,312.93,0.0,,,0,0,
test_q4_2024,2024-11-25,1314,LOJA 1314,15589,ANTUX XAROPE 120ML,334,A,9,6,12,0.84,5,9.0,0,9.0,0,,9.0,0,0.2437,0.5487,2.5,0.0,0.0,0.0,9.0,0,34.77,41.16,312.93,0.0,8.0,278.16,0,0,
test_q4_2024,2024-11-26,1314,LOJA 1314,15589,ANTUX XAROPE 120ML,334,A,9,6,12,0.84,5,9.0,0,9.0,0,,9.0,0,0.1258,0.5487,2.5,0.0,0.0,0.0,9.0,0,34.77,41.16,312.93,0.0,8.0,278.16,0,0,
test_q4_2024,2024-11-27,1314,LOJA 1314,15589,ANTUX XAROPE 120ML,334,A,9,6,12,0.84,5,9.0,0,9.0,0,,9.0,0,0.24,0.5487,2.5,1.0,1.0,0.0,8.0,0,34.77,41.16,278.16,0.0,8.0,278.16,0,0,
test_q4_2024,2024-11-28,1314,LOJA 1314,15589,ANTUX XAROPE 120ML,334,A,9,6,12,0.84,5,8.0,0,8.0,0,,8.0,0,0.4283,0.5487,2.5,0.0,0.0,0.0,8.0,0,34.77,41.16,278.16,0.0,9.0,312.93,0,0,
test_q4_2024,2024-11-29,1314,LOJA 1314,15589,ANTUX XAROPE 120ML,334,A,9,6,12,0.84,5,8.0,0,8.0,0,,8.0,0,0.3846,0.5487,2.5,0.0,0.0,0.0,8.0,0,34.77,41.16,278.16,0.0,9.0,312.93,0,0,
test_q4_2024,2024-11-30,1314,LOJA 1314,15589,ANTUX XAROPE 120ML,334,A,9,6,12,0.84,5,8.0,0,8.0,0,,8.0,0,0.2971,0.5487,2.5,0.0,0.0,0.0,8.0,0,34.77,41.16,278.16,0.0,9.0,312.93,0,0,
test_q4_2024,2024-12-01,1314,LOJA 1314,15589,ANTUX XAROPE 120ML,334,A,9,6,12,0.84,5,8.0,0,8.0,0,,8.0,0,0.2096,0.5487,2.5,0.0,0.0,0.0,8.0,0,34.77,41.16,278.16,0.0,,,0,0,
test_q4_2024,2024-12-02,1314,LOJA 1314,15589,ANTUX XAROPE 120ML,334,A,9,6,12,0.84,5,8.0,0,8.0,0,,8.0,0,0.3237,0.5487,2.5,0.0,0.0,0.0,8.0,0,34.77,41.16,278.16,0.0,9.0,312.93,0,0,
test_q4_2024,2024-12-03,1314,LOJA 1314,15589,ANTUX XAROPE 120ML,334,A,9,6,12,0.84,5,8.0,0,8.0,0,,8.0,0,0.2058,0.5487,2.5,0.0,0.0,0.0,8.0,0,34.77,41.16,278.16,0.0,10.0,347.70000000000005,0,0,
test_q4_2024,2024-12-04,1314,LOJA 1314,15589,ANTUX XAROPE 120ML,334,A,9,6,12,0.84,5,8.0,0,8.0,0,,8.0,0,0.2933,0.5487,2.5,1.0,1.0,0.0,7.0,0,34.77,41.16,243.39,0.0,10.0,347.70000000000005,0,0,
test_q4_2024,2024-12-05,1314,LOJA 1314,15589,ANTUX XAROPE 120ML,334,A,9,6,12,0.84,5,7.0,0,7.0,0,,7.0,0,0.4683,0.5487,2.5,1.0,1.0,0.0,6.0,0,34.77,41.16,208.62,0.0,9.0,312.93,0,0,
test_q4_2024,2024-12-06,1314,LOJA 1314,15589,ANTUX XAROPE 120ML,334,A,9,6,12,0.84,5,6.0,0,6.0,6,2024-12-15,12.0,6,0.4246,0.5487,2.5,0.0,0.0,0.0,6.0,0,34.77,41.16,208.62,32.02,8.0,278.16,0,0,
test_q4_2024,2024-12-07,1314,LOJA 1314,15589,ANTUX XAROPE 120ML,334,A,9,6,12,0.84,5,6.0,0,12.0,0,,12.0,6,0.3637,0.5487,2.5,0.0,0.0,0.0,6.0,0,34.77,41.16,208.62,0.0,8.0,278.16,0,0,
test_q4_2024,2024-12-08,1314,LOJA 1314,15589,ANTUX XAROPE 120ML,334,A,9,6,12,0.84,5,6.0,0,12.0,0,,12.0,6,0.2762,0.5487,2.5,0.0,0.0,0.0,6.0,0,34.77,41.16,208.62,0.0,,,0,0,
test_q4_2024,2024-12-09,1314,LOJA 1314,15589,ANTUX XAROPE 120ML,334,A,9,6,12,0.84,5,6.0,0,12.0,0,,12.0,6,0.3637,0.5487,2.5,0.0,0.0,0.0,6.0,0,34.77,41.16,208.62,0.0,8.0,278.16,0,0,
test_q4_2024,2024-12-10,1314,LOJA 1314,15589,ANTUX XAROPE 120ML,334,A,9,6,12,0.84,5,6.0,0,12.0,0,,12.0,6,0.2325,0.5487,2.5,0.0,0.0,0.0,6.0,0,34.77,41.16,208.62,0.0,9.0,312.93,0,0,
test_q4_2024,2024-12-11,1314,LOJA 1314,15589,ANTUX XAROPE 120ML,334,A,9,6,12,0.84,5,6.0,0,12.0,0,,12.0,6,0.3067,0.5487,2.5,0.0,0.0,0.0,6.0,0,34.77,41.16,208.62,0.0,9.0,312.93,0,0,
test_q4_2024,2024-12-12,1314,LOJA 1314,15589,ANTUX XAROPE 120ML,334,A,9,6,12,0.84,5,6.0,0,12.0,0,,12.0,6,0.455,0.5487,2.5,0.0,0.0,0.0,6.0,0,34.77,41.16,208.62,0.0,10.0,347.70000000000005,0,0,
test_q4_2024,2024-12-13,1314,LOJA 1314,15589,ANTUX XAROPE 120ML,334,A,9,6,12,0.84,5,6.0,0,12.0,0,,12.0,6,0.3979,0.5487,2.5,0.0,0.0,0.0,6.0,0,34.77,41.16,208.62,0.0,10.0,347.70000000000005,0,0,
test_q4_2024,2024-12-14,1314,LOJA 1314,15589,ANTUX XAROPE 120ML,334,A,9,6,12,0.84,5,6.0,0,12.0,0,,12.0,6,0.3104,0.5487,2.5,0.0,0.0,0.0,6.0,0,34.77,41.16,208.62,0.0,10.0,347.70000000000005,0,0,
test_q4_2024,2024-12-15,1314,LOJA 1314,15589,ANTUX XAROPE 120ML,334,A,9,6,12,0.84,5,12.0,6,12.0,0,,12.0,0,0.2363,0.5487,2.5,0.0,0.0,0.0,12.0,0,34.77,41.16,417.24,0.0,,,0,0,
test_q4_2024,2024-12-16,1314,LOJA 1314,15589,ANTUX XAROPE 120ML,334,A,9,6,12,0.84,5,12.0,0,12.0,0,,12.0,0,0.3371,0.5487,2.5,0.0,0.0,0.0,12.0,0,34.77,41.16,417.24,0.0,10.0,347.70000000000005,0,0,
test_q4_2024,2024-12-17,1314,LOJA 1314,15589,ANTUX XAROPE 120ML,334,A,9,6,12,0.84,5,12.0,0,12.0,0,,12.0,0,0.1792,0.5487,2.5,1.0,1.0,0.0,11.0,0,34.77,41.16,382.47,0.0,10.0,347.70000000000005,0,0,
test_q4_2024,2024-12-18,1314,LOJA 1314,15589,ANTUX XAROPE 120ML,334,A,9,6,12,0.84,5,11.0,0,11.0,0,,11.0,0,0.2533,0.5487,2.5,0.0,0.0,0.0,11.0,0,34.77,41.16,382.47,0.0,9.0,312.93,0,0,
test_q4_2024,2024-12-19,1314,LOJA 1314,15589,ANTUX XAROPE 120ML,334,A,9,6,12,0.84,5,11.0,0,11.0,0,,11.0,0,0.4283,0.5487,2.5,1.0,1.0,0.0,10.0,0,34.77,41.16,347.7,0.0,9.0,312.93,0,0,
test_q4_2024,2024-12-20,1314,LOJA 1314,15589,ANTUX XAROPE 120ML,334,A,9,6,12,0.84,5,10.0,0,10.0,0,,10.0,0,0.3846,0.5487,2.5,0.0,0.0,0.0,10.0,0,34.77,41.16,347.7,0.0,8.0,278.16,0,0,
test_q4_2024,2024-12-21,1314,LOJA 1314,15589,ANTUX XAROPE 120ML,334,A,9,6,12,0.84,5,10.0,0,10.0,0,,10.0,0,0.2971,0.5487,2.5,0.0,0.0,0.0,10.0,0,34.77,41.16,347.7,0.0,8.0,278.16,0,0,
test_q4_2024,2024-12-22,1314,LOJA 1314,15589,ANTUX XAROPE 120ML,334,A,9,6,12,0.84,5,10.0,0,10.0,0,,10.0,0,0.1829,0.5487,2.5,3.0,3.0,0.0,7.0,0,34.77,41.16,243.39,0.0,,,0,0,
test_q4_2024,2024-12-23,1314,LOJA 1314,15589,ANTUX XAROPE 120ML,334,A,9,6,12,0.84,5,7.0,0,7.0,0,,7.0,0,0.2704,0.5487,2.5,0.0,0.0,0.0,7.0,0,34.77,41.16,243.39,0.0,5.0,173.85000000000002,0,0,
test_q4_2024,2024-12-24,1314,LOJA 1314,15589,ANTUX XAROPE 120ML,334,A,9,6,12,0.84,5,7.0,0,7.0,0,,7.0,0,0.1525,0.5487,2.5,0.0,0.0,0.0,7.0,0,34.77,41.16,243.39,0.0,6.0,208.62,0,0,
test_q4_2024,2024-12-25,1314,LOJA 1314,15589,ANTUX XAROPE 120ML,334,A,9,6,12,0.84,5,7.0,0,7.0,0,,7.0,0,0.24,0.5487,2.5,0.0,0.0,0.0,7.0,0,34.77,41.16,243.39,0.0,6.0,208.62,0,0,
test_q4_2024,2024-12-26,1314,LOJA 1314,15589,ANTUX XAROPE 120ML,334,A,9,6,12,0.84,5,7.0,0,7.0,0,,7.0,0,0.415,0.5487,2.5,0.0,0.0,0.0,7.0,0,34.77,41.16,243.39,0.0,6.0,208.62,0,0,
test_q4_2024,2024-12-27,1314,LOJA 1314,15589,ANTUX XAROPE 120ML,334,A,9,6,12,0.84,5,7.0,0,7.0,0,,7.0,0,0.3712,0.5487,2.5,0.0,0.0,0.0,7.0,0,34.77,41.16,243.39,0.0,7.0,243.39000000000001,0,0,
test_q4_2024,2024-12-28,1314,LOJA 1314,15589,ANTUX XAROPE 120ML,334,A,9,6,12,0.84,5,7.0,0,7.0,0,,7.0,0,0.2837,0.5487,2.5,1.0,1.0,0.0,6.0,0,34.77,41.16,208.62,0.0,7.0,243.39000000000001,0,0,
test_q4_2024,2024-12-29,1314,LOJA 1314,15589,ANTUX XAROPE 120ML,334,A,9,6,12,0.84,5,6.0,0,6.0,6,2025-01-07,12.0,6,0.2096,0.5487,2.5,0.0,0.0,0.0,6.0,0,34.77,41.16,208.62,32.02,,,0,0,
test_q4_2024,2024-12-30,1314,LOJA 1314,15589,ANTUX XAROPE 120ML,334,A,9,6,12,0.84,5,6.0,0,12.0,0,,12.0,6,0.2837,0.5487,2.5,0.0,0.0,0.0,6.0,0,34.77,41.16,208.62,0.0,6.0,208.62,0,0,
test_q4_2024,2024-12-31,1314,LOJA 1314,15589,ANTUX XAROPE 120ML,334,A,9,6,12,0.84,5,6.0,0,12.0,0,,12.0,6,0.1392,0.5487,2.5,0.0,0.0,0.0,6.0,0,34.77,41.16,208.62,0.0,9.0,312.93,0,0,
test_q4_2024,2024-10-01,1314,LOJA 1314,15590,ANTUX GTS 20ML,334,C,9,3,4,0.84,5,3.0,0,4.0,0,,4.0,1,0.0161,0.1324,2.5,0.0,0.0,0.0,3.0,0,45.02,59.25,135.06,0.0,2.0,90.04,0,0,
test_q4_2024,2024-10-02,1314,LOJA 1314,15590,ANTUX GTS 20ML,334,C,9,3,4,0.84,5,3.0,0,4.0,0,,4.0,1,0.0161,0.1324,2.5,0.0,0.0,0.0,3.0,0,45.02,59.25,135.06,0.0,2.0,90.04,0,0,
test_q4_2024,2024-10-03,1314,LOJA 1314,15590,ANTUX GTS 20ML,334,C,9,3,4,0.84,5,4.0,1,4.0,0,,4.0,0,0.0161,0.1324,2.5,0.0,0.0,0.0,4.0,0,45.02,59.25,180.08,0.0,2.0,90.04,0,0,
test_q4_2024,2024-10-04,1314,LOJA 1314,15590,ANTUX GTS 20ML,334,C,9,3,4,0.84,5,4.0,0,4.0,0,,4.0,0,0.0161,0.1324,2.5,0.0,0.0,0.0,4.0,0,45.02,59.25,180.08,0.0,2.0,90.04,0,0,
test_q4_2024,2024-10-05,1314,LOJA 1314,15590,ANTUX GTS 20ML,334,C,9,3,4,0.84,5,4.0,0,4.0,0,,4.0,0,0.0161,0.1324,2.5,0.0,0.0,0.0,4.0,0,45.02,59.25,180.08,0.0,2.0,90.04,0,0,
test_q4_2024,2024-10-06,1314,LOJA 1314,15590,ANTUX GTS 20ML,334,C,9,3,4,0.84,5,4.0,0,4.0,0,,4.0,0,0.0161,0.1324,2.5,0.0,0.0,0.0,4.0,0,45.02,59.25,180.08,0.0,,,0,0,
test_q4_2024,2024-10-07,1314,LOJA 1314,15590,ANTUX GTS 20ML,334,C,9,3,4,0.84,5,4.0,0,4.0,0,,4.0,0,0.0598,0.1324,2.5,0.0,0.0,0.0,4.0,0,45.02,59.25,180.08,0.0,2.0,90.04,0,0,
test_q4_2024,2024-10-08,1314,LOJA 1314,15590,ANTUX GTS 20ML,334,C,9,3,4,0.84,5,4.0,0,4.0,0,,4.0,0,0.0161,0.1324,2.5,0.0,0.0,0.0,4.0,0,45.02,59.25,180.08,0.0,2.0,90.04,0,0,
test_q4_2024,2024-10-09,1314,LOJA 1314,15590,ANTUX GTS 20ML,334,C,9,3,4,0.84,5,4.0,0,4.0,0,,4.0,0,0.0161,0.1324,2.5,0.0,0.0,0.0,4.0,0,45.02,59.25,180.08,0.0,2.0,90.04,0,0,
test_q4_2024,2024-10-10,1314,LOJA 1314,15590,ANTUX GTS 20ML,334,C,9,3,4,0.84,5,4.0,0,4.0,0,,4.0,0,0.0161,0.1324,2.5,0.0,0.0,0.0,4.0,0,45.02,59.25,180.08,0.0,2.0,90.04,0,0,
test_q4_2024,2024-10-11,1314,LOJA 1314,15590,ANTUX GTS 20ML,334,C,9,3,4,0.84,5,4.0,0,4.0,0,,4.0,0,0.0161,0.1324,2.5,0.0,0.0,0.0,4.0,0,45.02,59.25,180.08,0.0,2.0,90.04,0,0,
test_q4_2024,2024-10-12,1314,LOJA 1314,15590,ANTUX GTS 20ML,334,C,9,3,4,0.84,5,4.0,0,4.0,0,,4.0,0,0.0161,0.1324,2.5,0.0,0.0,0.0,4.0,0,45.02,59.25,180.08,0.0,2.0,90.04,0,0,
test_q4_2024,2024-10-13,1314,LOJA 1314,15590,ANTUX GTS 20ML,334,C,9,3,4,0.84,5,4.0,0,4.0,0,,4.0,0,0.0161,0.1324,2.5,0.0,0.0,0.0,4.0,0,45.02,59.25,180.08,0.0,,,0,0,
test_q4_2024,2024-10-14,1314,LOJA 1314,15590,ANTUX GTS 20ML,334,C,9,3,4,0.84,5,4.0,0,4.0,0,,4.0,0,0.0598,0.1324,2.5,0.0,0.0,0.0,4.0,0,45.02,59.25,180.08,0.0,2.0,90.04,0,0,
test_q4_2024,2024-10-15,1314,LOJA 1314,15590,ANTUX GTS 20ML,334,C,9,3,4,0.84,5,4.0,0,4.0,0,,4.0,0,0.0161,0.1324,2.5,0.0,0.0,0.0,4.0,0,45.02,59.25,180.08,0.0,2.0,90.04,0,0,
test_q4_2024,2024-10-16,1314,LOJA 1314,15590,ANTUX GTS 20ML,334,C,9,3,4,0.84,5,4.0,0,4.0,0,,4.0,0,0.0161,0.1324,2.5,0.0,0.0,0.0,4.0,0,45.02,59.25,180.08,0.0,2.0,90.04,0,0,
test_q4_2024,2024-10-17,1314,LOJA 1314,15590,ANTUX GTS 20ML,334,C,9,3,4,0.84,5,4.0,0,4.0,0,,4.0,0,0.0561,0.1324,2.5,0.0,0.0,0.0,4.0,0,45.02,59.25,180.08,0.0,2.0,90.04,0,0,
test_q4_2024,2024-10-18,1314,LOJA 1314,15590,ANTUX GTS 20ML,334,C,9,3,4,0.84,5,4.0,0,4.0,0,,4.0,0,0.0561,0.1324,2.5,0.0,0.0,0.0,4.0,0,45.02,59.25,180.08,0.0,2.0,90.04,0,0,
test_q4_2024,2024-10-19,1314,LOJA 1314,15590,ANTUX GTS 20ML,334,C,9,3,4,0.84,5,4.0,0,4.0,0,,4.0,0,0.0561,0.1324,2.5,0.0,0.0,0.0,4.0,0,45.02,59.25,180.08,0.0,2.0,90.04,0,0,
test_q4_2024,2024-10-20,1314,LOJA 1314,15590,ANTUX GTS 20ML,334,C,9,3,4,0.84,5,4.0,0,4.0,0,,4.0,0,0.0561,0.1324,2.5,0.0,0.0,0.0,4.0,0,45.02,59.25,180.08,0.0,,,0,0,
test_q4_2024,2024-10-21,1314,LOJA 1314,15590,ANTUX GTS 20ML,334,C,9,3,4,0.84,5,4.0,0,4.0,0,,4.0,0,0.0998,0.1324,2.5,0.0,0.0,0.0,4.0,0,45.02,59.25,180.08,0.0,2.0,90.04,0,0,
test_q4_2024,2024-10-22,1314,LOJA 1314,15590,ANTUX GTS 20ML,334,C,9,3,4,0.84,5,4.0,0,4.0,0,,4.0,0,0.0561,0.1324,2.5,0.0,0.0,0.0,4.0,0,45.02,59.25,180.08,0.0,2.0,90.04,0,0,
test_q4_2024,2024-10-23,1314,LOJA 1314,15590,ANTUX GTS 20ML,334,C,9,3,4,0.84,5,4.0,0,4.0,0,,4.0,0,0.0561,0.1324,2.5,0.0,0.0,0.0,4.0,0,45.02,59.25,180.08,0.0,2.0,90.04,0,0,
test_q4_2024,2024-10-24,1314,LOJA 1314,15590,ANTUX GTS 20ML,334,C,9,3,4,0.84,5,4.0,0,4.0,0,,4.0,0,0.0561,0.1324,2.5,0.0,0.0,0.0,4.0,0,45.02,59.25,180.08,0.0,2.0,90.04,0,0,
test_q4_2024,2024-10-25,1314,LOJA 1314,15590,ANTUX GTS 20ML,334,C,9,3,4,0.84,5,4.0,0,4.0,0,,4.0,0,0.0561,0.1324,2.5,0.0,0.0,0.0,4.0,0,45.02,59.25,180.08,0.0,2.0,90.04,0,0,
test_q4_2024,2024-10-26,1314,LOJA 1314,15590,ANTUX GTS 20ML,334,C,9,3,4,0.84,5,4.0,0,4.0,0,,4.0,0,0.0561,0.1324,2.5,0.0,0.0,0.0,4.0,0,45.02,59.25,180.08,0.0,2.0,90.04,0,0,
test_q4_2024,2024-10-27,1314,LOJA 1314,15590,ANTUX GTS 20ML,334,C,9,3,4,0.84,5,4.0,0,4.0,0,,4.0,0,0.0561,0.1324,2.5,0.0,0.0,0.0,4.0,0,45.02,59.25,180.08,0.0,,,0,0,
test_q4_2024,2024-10-28,1314,LOJA 1314,15590,ANTUX GTS 20ML,334,C,9,3,4,0.84,5,4.0,0,4.0,0,,4.0,0,0.0998,0.1324,2.5,0.0,0.0,0.0,4.0,0,45.02,59.25,180.08,0.0,2.0,90.04,0,0,
test_q4_2024,2024-10-29,1314,LOJA 1314,15590,ANTUX GTS 20ML,334,C,9,3,4,0.84,5,4.0,0,4.0,0,,4.0,0,0.0561,0.1324,2.5,0.0,0.0,0.0,4.0,0,45.02,59.25,180.08,0.0,2.0,90.04,0,0,
test_q4_2024,2024-10-30,1314,LOJA 1314,15590,ANTUX GTS 20ML,334,C,9,3,4,0.84,5,4.0,0,4.0,0,,4.0,0,0.0561,0.1324,2.5,0.0,0.0,0.0,4.0,0,45.02,59.25,180.08,0.0,2.0,90.04,0,0,
test_q4_2024,2024-10-31,1314,LOJA 1314,15590,ANTUX GTS 20ML,334,C,9,3,4,0.84,5,4.0,0,4.0,0,,4.0,0,0.0561,0.1324,2.5,0.0,0.0,0.0,4.0,0,45.02,59.25,180.08,0.0,2.0,90.04,0,0,
test_q4_2024,2024-11-01,1314,LOJA 1314,15590,ANTUX GTS 20ML,334,C,9,3,4,0.84,5,4.0,0,4.0,0,,4.0,0,0.0161,0.1324,2.5,0.0,0.0,0.0,4.0,0,45.02,59.25,180.08,0.0,2.0,90.04,0,0,
test_q4_2024,2024-11-02,1314,LOJA 1314,15590,ANTUX GTS 20ML,334,C,9,3,4,0.84,5,4.0,0,4.0,0,,4.0,0,0.0161,0.1324,2.5,0.0,0.0,0.0,4.0,0,45.02,59.25,180.08,0.0,2.0,90.04,0,0,
test_q4_2024,2024-11-03,1314,LOJA 1314,15590,ANTUX GTS 20ML,334,C,9,3,4,0.84,5,4.0,0,4.0,0,,4.0,0,0.0161,0.1324,2.5,0.0,0.0,0.0,4.0,0,45.02,59.25,180.08,0.0,,,0,0,
test_q4_2024,2024-11-04,1314,LOJA 1314,15590,ANTUX GTS 20ML,334,C,9,3,4,0.84,5,4.0,0,4.0,0,,4.0,0,0.0598,0.1324,2.5,0.0,0.0,0.0,4.0,0,45.02,59.25,180.08,0.0,2.0,90.04,0,0,
test_q4_2024,2024-11-05,1314,LOJA 1314,15590,ANTUX GTS 20ML,334,C,9,3,4,0.84,5,4.0,0,4.0,0,,4.0,0,0.0161,0.1324,2.5,0.0,0.0,0.0,4.0,0,45.02,59.25,180.08,0.0,2.0,90.04,0,0,
test_q4_2024,2024-11-06,1314,LOJA 1314,15590,ANTUX GTS 20ML,334,C,9,3,4,0.84,5,4.0,0,4.0,0,,4.0,0,0.0161,0.1324,2.5,0.0,0.0,0.0,4.0,0,45.02,59.25,180.08,0.0,2.0,90.04,0,0,
test_q4_2024,2024-11-07,1314,LOJA 1314,15590,ANTUX GTS 20ML,334,C,9,3,4,0.84,5,4.0,0,4.0,0,,4.0,0,0.0161,0.1324,2.5,0.0,0.0,0.0,4.0,0,45.02,59.25,180.08,0.0,2.0,90.04,0,0,
test_q4_2024,2024-11-08,1314,LOJA 1314,15590,ANTUX GTS 20ML,334,C,9,3,4,0.84,5,4.0,0,4.0,0,,4.0,0,0.0161,0.1324,2.5,0.0,0.0,0.0,4.0,0,45.02,59.25,180.08,0.0,2.0,90.04,0,0,
test_q4_2024,2024-11-09,1314,LOJA 1314,15590,ANTUX GTS 20ML,334,C,9,3,4,0.84,5,4.0,0,4.0,0,,4.0,0,0.0161,0.1324,2.5,0.0,0.0,0.0,4.0,0,45.02,59.25,180.08,0.0,2.0,90.04,0,0,
test_q4_2024,2024-11-10,1314,LOJA 1314,15590,ANTUX GTS 20ML,334,C,9,3,4,0.84,5,4.0,0,4.0,0,,4.0,0,0.0161,0.1324,2.5,0.0,0.0,0.0,4.0,0,45.02,59.25,180.08,0.0,,,0,0,
test_q4_2024,2024-11-11,1314,LOJA 1314,15590,ANTUX GTS 20ML,334,C,9,3,4,0.84,5,4.0,0,4.0,0,,4.0,0,0.0598,0.1324,2.5,0.0,0.0,0.0,4.0,0,45.02,59.25,180.08,0.0,2.0,90.04,0,0,
test_q4_2024,2024-11-12,1314,LOJA 1314,15590,ANTUX GTS 20ML,334,C,9,3,4,0.84,5,4.0,0,4.0,0,,4.0,0,0.0161,0.1324,2.5,0.0,0.0,0.0,4.0,0,45.02,59.25,180.08,0.0,2.0,90.04,0,0,
test_q4_2024,2024-11-13,1314,LOJA 1314,15590,ANTUX GTS 20ML,334,C,9,3,4,0.84,5,4.0,0,4.0,0,,4.0,0,0.0161,0.1324,2.5,0.0,0.0,0.0,4.0,0,45.02,59.25,180.08,0.0,2.0,90.04,0,0,
test_q4_2024,2024-11-14,1314,LOJA 1314,15590,ANTUX GTS 20ML,334,C,9,3,4,0.84,5,4.0,0,4.0,0,,4.0,0,0.0161,0.1324,2.5,0.0,0.0,0.0,4.0,0,45.02,59.25,180.08,0.0,2.0,90.04,0,0,
test_q4_2024,2024-11-15,1314,LOJA 1314,15590,ANTUX GTS 20ML,334,C,9,3,4,0.84,5,4.0,0,4.0,0,,4.0,0,0.0161,0.1324,2.5,0.0,0.0,0.0,4.0,0,45.02,59.25,180.08,0.0,2.0,90.04,0,0,
test_q4_2024,2024-11-16,1314,LOJA 1314,15590,ANTUX GTS 20ML,334,C,9,3,4,0.84,5,4.0,0,4.0,0,,4.0,0,0.0161,0.1324,2.5,0.0,0.0,0.0,4.0,0,45.02,59.25,180.08,0.0,2.0,90.04,0,0,
test_q4_2024,2024-11-17,1314,LOJA 1314,15590,ANTUX GTS 20ML,334,C,9,3,4,0.84,5,4.0,0,4.0,0,,4.0,0,0.0161,0.1324,2.5,0.0,0.0,0.0,4.0,0,45.02,59.25,180.08,0.0,,,0,0,
test_q4_2024,2024-11-18,1314,LOJA 1314,15590,ANTUX GTS 20ML,334,C,9,3,4,0.84,5,4.0,0,4.0,0,,4.0,0,0.0598,0.1324,2.5,0.0,0.0,0.0,4.0,0,45.02,59.25,180.08,0.0,2.0,90.04,0,0,
test_q4_2024,2024-11-19,1314,LOJA 1314,15590,ANTUX GTS 20ML,334,C,9,3,4,0.84,5,4.0,0,4.0,0,,4.0,0,0.0161,0.1324,2.5,0.0,0.0,0.0,4.0,0,45.02,59.25,180.08,0.0,2.0,90.04,0,0,
test_q4_2024,2024-11-20,1314,LOJA 1314,15590,ANTUX GTS 20ML,334,C,9,3,4,0.84,5,4.0,0,4.0,0,,4.0,0,0.0161,0.1324,2.5,0.0,0.0,0.0,4.0,0,45.02,59.25,180.08,0.0,2.0,90.04,0,0,
test_q4_2024,2024-11-21,1314,LOJA 1314,15590,ANTUX GTS 20ML,334,C,9,3,4,0.84,5,4.0,0,4.0,0,,4.0,0,0.0161,0.1324,2.5,0.0,0.0,0.0,4.0,0,45.02,59.25,180.08,0.0,2.0,90.04,0,0,
test_q4_2024,2024-11-22,1314,LOJA 1314,15590,ANTUX GTS 20ML,334,C,9,3,4,0.84,5,4.0,0,4.0,0,,4.0,0,0.0161,0.1324,2.5,0.0,0.0,0.0,4.0,0,45.02,59.25,180.08,0.0,2.0,90.04,0,0,
test_q4_2024,2024-11-23,1314,LOJA 1314,15590,ANTUX GTS 20ML,334,C,9,3,4,0.84,5,4.0,0,4.0,0,,4.0,0,0.0161,0.1324,2.5,0.0,0.0,0.0,4.0,0,45.02,59.25,180.08,0.0,2.0,90.04,0,0,
test_q4_2024,2024-11-24,1314,LOJA 1314,15590,ANTUX GTS 20ML,334,C,9,3,4,0.84,5,4.0,0,4.0,0,,4.0,0,0.0161,0.1324,2.5,0.0,0.0,0.0,4.0,0,45.02,59.25,180.08,0.0,,,0,0,
test_q4_2024,2024-11-25,1314,LOJA 1314,15590,ANTUX GTS 20ML,334,C,9,3,4,0.84,5,4.0,0,4.0,0,,4.0,0,0.0598,0.1324,2.5,0.0,0.0,0.0,4.0,0,45.02,59.25,180.08,0.0,2.0,90.04,0,0,
test_q4_2024,2024-11-26,1314,LOJA 1314,15590,ANTUX GTS 20ML,334,C,9,3,4,0.84,5,4.0,0,4.0,0,,4.0,0,0.0161,0.1324,2.5,0.0,0.0,0.0,4.0,0,45.02,59.25,180.08,0.0,2.0,90.04,0,0,
test_q4_2024,2024-11-27,1314,LOJA 1314,15590,ANTUX GTS 20ML,334,C,9,3,4,0.84,5,4.0,0,4.0,0,,4.0,0,0.0161,0.1324,2.5,0.0,0.0,0.0,4.0,0,45.02,59.25,180.08,0.0,2.0,90.04,0,0,
test_q4_2024,2024-11-28,1314,LOJA 1314,15590,ANTUX GTS 20ML,334,C,9,3,4,0.84,5,4.0,0,4.0,0,,4.0,0,0.0161,0.1324,2.5,0.0,0.0,0.0,4.0,0,45.02,59.25,180.08,0.0,2.0,90.04,0,0,
test_q4_2024,2024-11-29,1314,LOJA 1314,15590,ANTUX GTS 20ML,334,C,9,3,4,0.84,5,4.0,0,4.0,0,,4.0,0,0.0161,0.1324,2.5,0.0,0.0,0.0,4.0,0,45.02,59.25,180.08,0.0,2.0,90.04,0,0,
test_q4_2024,2024-11-30,1314,LOJA 1314,15590,ANTUX GTS 20ML,334,C,9,3,4,0.84,5,4.0,0,4.0,0,,4.0,0,0.0161,0.1324,2.5,0.0,0.0,0.0,4.0,0,45.02,59.25,180.08,0.0,2.0,90.04,0,0,
test_q4_2024,2024-12-01,1314,LOJA 1314,15590,ANTUX GTS 20ML,334,C,9,3,4,0.84,5,4.0,0,4.0,0,,4.0,0,0.0161,0.1324,2.5,0.0,0.0,0.0,4.0,0,45.02,59.25,180.08,0.0,,,0,0,
test_q4_2024,2024-12-02,1314,LOJA 1314,15590,ANTUX GTS 20ML,334,C,9,3,4,0.84,5,4.0,0,4.0,0,,4.0,0,0.0598,0.1324,2.5,0.0,0.0,0.0,4.0,0,45.02,59.25,180.08,0.0,2.0,90.04,0,0,
test_q4_2024,2024-12-03,1314,LOJA 1314,15590,ANTUX GTS 20ML,334,C,9,3,4,0.84,5,4.0,0,4.0,0,,4.0,0,0.0161,0.1324,2.5,0.0,0.0,0.0,4.0,0,45.02,59.25,180.08,0.0,2.0,90.04,0,0,
test_q4_2024,2024-12-04,1314,LOJA 1314,15590,ANTUX GTS 20ML,334,C,9,3,4,0.84,5,4.0,0,4.0,0,,4.0,0,0.0161,0.1324,2.5,0.0,0.0,0.0,4.0,0,45.02,59.25,180.08,0.0,2.0,90.04,0,0,
test_q4_2024,2024-12-05,1314,LOJA 1314,15590,ANTUX GTS 20ML,334,C,9,3,4,0.84,5,4.0,0,4.0,0,,4.0,0,0.0161,0.1324,2.5,0.0,0.0,0.0,4.0,0,45.02,59.25,180.08,0.0,2.0,90.04,0,0,
test_q4_2024,2024-12-06,1314,LOJA 1314,15590,ANTUX GTS 20ML,334,C,9,3,4,0.84,5,4.0,0,4.0,0,,4.0,0,0.0161,0.1324,2.5,0.0,0.0,0.0,4.0,0,45.02,59.25,180.08,0.0,2.0,90.04,0,0,
test_q4_2024,2024-12-07,1314,LOJA 1314,15590,ANTUX GTS 20ML,334,C,9,3,4,0.84,5,4.0,0,4.0,0,,4.0,0,0.0161,0.1324,2.5,0.0,0.0,0.0,4.0,0,45.02,59.25,180.08,0.0,2.0,90.04,0,0,
test_q4_2024,2024-12-08,1314,LOJA 1314,15590,ANTUX GTS 20ML,334,C,9,3,4,0.84,5,4.0,0,4.0,0,,4.0,0,0.0161,0.1324,2.5,0.0,0.0,0.0,4.0,0,45.02,59.25,180.08,0.0,,,0,0,
test_q4_2024,2024-12-09,1314,LOJA 1314,15590,ANTUX GTS 20ML,334,C,9,3,4,0.84,5,4.0,0,4.0,0,,4.0,0,0.0598,0.1324,2.5,0.0,0.0,0.0,4.0,0,45.02,59.25,180.08,0.0,2.0,90.04,0,0,
test_q4_2024,2024-12-10,1314,LOJA 1314,15590,ANTUX GTS 20ML,334,C,9,3,4,0.84,5,4.0,0,4.0,0,,4.0,0,0.0161,0.1324,2.5,0.0,0.0,0.0,4.0,0,45.02,59.25,180.08,0.0,2.0,90.04,0,0,
test_q4_2024,2024-12-11,1314,LOJA 1314,15590,ANTUX GTS 20ML,334,C,9,3,4,0.84,5,4.0,0,4.0,0,,4.0,0,0.0161,0.1324,2.5,0.0,0.0,0.0,4.0,0,45.02,59.25,180.08,0.0,2.0,90.04,0,0,
test_q4_2024,2024-12-12,1314,LOJA 1314,15590,ANTUX GTS 20ML,334,C,9,3,4,0.84,5,4.0,0,4.0,0,,4.0,0,0.0161,0.1324,2.5,0.0,0.0,0.0,4.0,0,45.02,59.25,180.08,0.0,2.0,90.04,0,0,
test_q4_2024,2024-12-13,1314,LOJA 1314,15590,ANTUX GTS 20ML,334,C,9,3,4,0.84,5,4.0,0,4.0,0,,4.0,0,0.0161,0.1324,2.5,0.0,0.0,0.0,4.0,0,45.02,59.25,180.08,0.0,2.0,90.04,0,0,
test_q4_2024,2024-12-14,1314,LOJA 1314,15590,ANTUX GTS 20ML,334,C,9,3,4,0.84,5,4.0,0,4.0,0,,4.0,0,0.0161,0.1324,2.5,0.0,0.0,0.0,4.0,0,45.02,59.25,180.08,0.0,2.0,90.04,0,0,
test_q4_2024,2024-12-15,1314,LOJA 1314,15590,ANTUX GTS 20ML,334,C,9,3,4,0.84,5,4.0,0,4.0,0,,4.0,0,0.0161,0.1324,2.5,0.0,0.0,0.0,4.0,0,45.02,59.25,180.08,0.0,,,0,0,
test_q4_2024,2024-12-16,1314,LOJA 1314,15590,ANTUX GTS 20ML,334,C,9,3,4,0.84,5,4.0,0,4.0,0,,4.0,0,0.0598,0.1324,2.5,0.0,0.0,0.0,4.0,0,45.02,59.25,180.08,0.0,2.0,90.04,0,0,
test_q4_2024,2024-12-17,1314,LOJA 1314,15590,ANTUX GTS 20ML,334,C,9,3,4,0.84,5,4.0,0,4.0,0,,4.0,0,0.0161,0.1324,2.5,0.0,0.0,0.0,4.0,0,45.02,59.25,180.08,0.0,2.0,90.04,0,0,
test_q4_2024,2024-12-18,1314,LOJA 1314,15590,ANTUX GTS 20ML,334,C,9,3,4,0.84,5,4.0,0,4.0,0,,4.0,0,0.0161,0.1324,2.5,0.0,0.0,0.0,4.0,0,45.02,59.25,180.08,0.0,2.0,90.04,0,0,
test_q4_2024,2024-12-19,1314,LOJA 1314,15590,ANTUX GTS 20ML,334,C,9,3,4,0.84,5,4.0,0,4.0,0,,4.0,0,0.0161,0.1324,2.5,0.0,0.0,0.0,4.0,0,45.02,59.25,180.08,0.0,2.0,90.04,0,0,
test_q4_2024,2024-12-20,1314,LOJA 1314,15590,ANTUX GTS 20ML,334,C,9,3,4,0.84,5,4.0,0,4.0,0,,4.0,0,0.0161,0.1324,2.5,0.0,0.0,0.0,4.0,0,45.02,59.25,180.08,0.0,2.0,90.04,0,0,
test_q4_2024,2024-12-21,1314,LOJA 1314,15590,ANTUX GTS 20ML,334,C,9,3,4,0.84,5,4.0,0,4.0,0,,4.0,0,0.0161,0.1324,2.5,0.0,0.0,0.0,4.0,0,45.02,59.25,180.08,0.0,2.0,90.04,0,0,
test_q4_2024,2024-12-22,1314,LOJA 1314,15590,ANTUX GTS 20ML,334,C,9,3,4,0.84,5,4.0,0,4.0,0,,4.0,0,0.0161,0.1324,2.5,0.0,0.0,0.0,4.0,0,45.02,59.25,180.08,0.0,,,0,0,
test_q4_2024,2024-12-23,1314,LOJA 1314,15590,ANTUX GTS 20ML,334,C,9,3,4,0.84,5,4.0,0,4.0,0,,4.0,0,0.0598,0.1324,2.5,0.0,0.0,0.0,4.0,0,45.02,59.25,180.08,0.0,2.0,90.04,0,0,
test_q4_2024,2024-12-24,1314,LOJA 1314,15590,ANTUX GTS 20ML,334,C,9,3,4,0.84,5,4.0,0,4.0,0,,4.0,0,0.0161,0.1324,2.5,0.0,0.0,0.0,4.0,0,45.02,59.25,180.08,0.0,2.0,90.04,0,0,
test_q4_2024,2024-12-25,1314,LOJA 1314,15590,ANTUX GTS 20ML,334,C,9,3,4,0.84,5,4.0,0,4.0,0,,4.0,0,0.0161,0.1324,2.5,0.0,0.0,0.0,4.0,0,45.02,59.25,180.08,0.0,2.0,90.04,0,0,
test_q4_2024,2024-12-26,1314,LOJA 1314,15590,ANTUX GTS 20ML,334,C,9,3,4,0.84,5,4.0,0,4.0,0,,4.0,0,0.0161,0.1324,2.5,0.0,0.0,0.0,4.0,0,45.02,59.25,180.08,0.0,2.0,90.04,0,0,
test_q4_2024,2024-12-27,1314,LOJA 1314,15590,ANTUX GTS 20ML,334,C,9,3,4,0.84,5,4.0,0,4.0,0,,4.0,0,0.0161,0.1324,2.5,0.0,0.0,0.0,4.0,0,45.02,59.25,180.08,0.0,2.0,90.04,0,0,
test_q4_2024,2024-12-28,1314,LOJA 1314,15590,ANTUX GTS 20ML,334,C,9,3,4,0.84,5,4.0,0,4.0,0,,4.0,0,0.0161,0.1324,2.5,0.0,0.0,0.0,4.0,0,45.02,59.25,180.08,0.0,2.0,90.04,0,0,
test_q4_2024,2024-12-29,1314,LOJA 1314,15590,ANTUX GTS 20ML,334,C,9,3,4,0.84,5,4.0,0,4.0,0,,4.0,0,0.0161,0.1324,2.5,0.0,0.0,0.0,4.0,0,45.02,59.25,180.08,0.0,,,0,0,
test_q4_2024,2024-12-30,1314,LOJA 1314,15590,ANTUX GTS 20ML,334,C,9,3,4,0.84,5,4.0,0,4.0,0,,4.0,0,0.0598,0.1324,2.5,0.0,0.0,0.0,4.0,0,45.02,59.25,180.08,0.0,2.0,90.04,0,0,
test_q4_2024,2024-12-31,1314,LOJA 1314,15590,ANTUX GTS 20ML,334,C,9,3,4,0.84,5,4.0,0,4.0,0,,4.0,0,0.0161,0.1324,2.5,0.0,0.0,0.0,4.0,0,45.02,59.25,180.08,0.0,2.0,90.04,0,0,
test_q4_2024,2024-10-01,1314,LOJA 1314,18064,NEOSORO SOLUCAO NASAL ADULTO 30ML,45151,A,9,180,339,0.84,5,198.0,0,198.0,0,,198.0,0,19.2416,5.4224,1.5204982891360137,14.0,14.0,0.0,184.0,0,8.93,7.86,1643.12,0.0,65.0,580.4499999999999,0,1,PAGUE E LEVE
test_q4_2024,2024-10-02,1314,LOJA 1314,18064,NEOSORO SOLUCAO NASAL ADULTO 30ML,45151,A,9,180,339,0.84,5,184.0,0,184.0,0,,184.0,0,19.5109,5.4224,1.5204982891360137,23.0,23.0,0.0,161.0,0,8.93,7.86,1437.73,0.0,66.0,589.38,0,1,PAGUE E LEVE
test_q4_2024,2024-10-03,1314,LOJA 1314,18064,NEOSORO SOLUCAO NASAL ADULTO 30ML,45151,A,9,180,339,0.84,5,161.0,0,161.0,178,2024-10-12,339.0,178,19.4304,5.4224,1.5204982891360137,5.0,5.0,0.0,156.0,0,8.93,7.86,1393.08,4.28,56.0,500.08,0,1,PAGUE E LEVE
test_q4_2024,2024-10-04,1314,LOJA 1314,18064,NEOSORO SOLUCAO NASAL ADULTO 30ML,45151,A,9,180,339,0.84,5,156.0,0,334.0,0,,334.0,178,19.8093,5.4224,1.5204982891360137,14.0,14.0,0.0,142.0,0,8.93,7.86,1268.06,0.0,51.0,455.43,0,1,PAGUE E LEVE
test_q4_2024,2024-10-05,1314,LOJA 1314,18064,NEOSORO SOLUCAO NASAL ADULTO 30ML,45151,A,9,180,339,0.84,5,142.0,0,320.0,0,,320.0,178,22.5107,5.4224,1.5204982891360137,16.0,16.0,0.0,126.0,0,8.93,7.86,1125.18,0.0,37.0,330.40999999999997,0,1,PAGUE E LEVE
test_q4_2024,2024-10-06,1314,LOJA 1314,18064,NEOSORO SOLUCAO NASAL ADULTO 30ML,45151,A,9,180,339,0.84,5,126.0,0,304.0,0,,304.0,178,20.9668,5.4224,1.5204982891360137,8.0,8.0,0.0,118.0,0,8.93,7.86,1053.74,0.0,,,0,1,PAGUE E LEVE
test_q4_2024,2024-10-07,1314,LOJA 1314,18064,NEOSORO SOLUCAO NASAL ADULTO 30ML,45151,A,9,180,339,0.84,5,118.0,0,296.0,0,,296.0,178,21.9215,5.4224,1.5204982891360137,25.0,25.0,0.0,93.0,0,8.93,7.86,830.49,0.0,42.0,375.06,0,1,PAGUE E LEVE
test_q4_2024,2024-10-08,1314,LOJA 1314,18064,NEOSORO SOLUCAO NASAL ADULTO 30ML,45151,A,9,180,339,0.84,5,93.0,0,271.0,0,,271.0,178,21.0054,5.4224,1.5204982891360137,24.0,24.0,0.0,69.0,0,8.93,7.86,616.17,0.0,52.0,464.36,0,1,PAGUE E LEVE
test_q4_2024,2024-10-09,1314,LOJA 1314,18064,NEOSORO SOLUCAO NASAL ADULTO 30ML,45151,A,9,180,339,0.84,5,69.0,0,247.0,0,,247.0,178,21.1328,5.4224,1.5204982891360137,6.0,6.0,0.0,63.0,0,8.93,7.86,562.59,0.0,28.0,250.04,0,1,PAGUE E LEVE
test_q4_2024,2024-10-10,1314,LOJA 1314,18064,NEOSORO SOLUCAO NASAL ADULTO 30ML,45151,A,9,180,339,0.84,5,63.0,0,241.0,0,,241.0,178,20.9712,5.4224,1.5204982891360137,13.0,13.0,0.0,50.0,0,8.93,7.86,446.5,0.0,22.0,196.45999999999998,0,1,PAGUE E LEVE
test_q4_2024,2024-10-11,1314,LOJA 1314,18064,NEOSORO SOLUCAO NASAL ADULTO 30ML,45151,A,9,180,339,0.84,5,50.0,0,228.0,0,,228.0,178,21.3095,5.4224,1.5204982891360137,14.0,14.0,0.0,36.0,0,8.93,7.86,321.48,0.0,26.0,232.18,0,1,PAGUE E LEVE
test_q4_2024,2024-10-12,1314,LOJA 1314,18064,NEOSORO SOLUCAO NASAL ADULTO 30ML,45151,A,9,180,339,0.84,5,214.0,178,214.0,0,,214.0,0,23.6055,5.4224,1.5204982891360137,7.0,7.0,0.0,207.0,0,8.93,7.86,1848.51,0.0,12.0,107.16,0,1,PAGUE E LEVE
test_q4_2024,2024-10-13,1314,LOJA 1314,18064,NEOSORO SOLUCAO NASAL ADULTO 30ML,45151,A,9,180,339,0.84,5,207.0,0,207.0,0,,207.0,0,21.5547,5.4224,1.5204982891360137,6.0,6.0,0.0,201.0,0,8.93,7.86,1794.93,0.0,,,0,1,PAGUE E LEVE
test_q4_2024,2024-10-14,1314,LOJA 1314,18064,NEOSORO SOLUCAO NASAL ADULTO 30ML,45151,A,9,180,339,0.84,5,201.0,0,201.0,0,,201.0,0,21.7391,5.4224,1.5204982891360137,0.0,0.0,0.0,201.0,0,8.93,7.86,1794.93,0.0,59.0,526.87,0,1,PAGUE E LEVE
test_q4_2024,2024-10-15,1314,LOJA 1314,18064,NEOSORO SOLUCAO NASAL ADULTO 30ML,45151,A,9,180,339,0.84,5,201.0,0,201.0,0,,201.0,0,20.5189,5.4224,1.5204982891360137,10.0,10.0,0.0,191.0,0,8.93,7.86,1705.63,0.0,59.0,526.87,0,1,PAGUE E LEVE
test_q4_2024,2024-10-16,1314,LOJA 1314,18064,NEOSORO SOLUCAO NASAL ADULTO 30ML,45151,A,9,180,339,0.84,5,191.0,0,191.0,0,,191.0,0,19.9772,5.4224,1.5204982891360137,11.0,11.0,0.0,180.0,0,8.93,7.86,1607.4,0.0,49.0,437.57,0,1,PAGUE E LEVE
test_q4_2024,2024-10-17,1314,LOJA 1314,18064,NEOSORO SOLUCAO NASAL ADULTO 30ML,45151,A,9,180,339,0.84,5,180.0,0,180.0,159,2024-10-26,339.0,159,20.0589,5.4224,1.5204982891360137,6.0,6.0,0.0,174.0,0,8.93,7.86,1553.82,4.28,65.0,580.4499999999999,0,1,PAGUE E LEVE
test_q4_2024,2024-10-18,1314,LOJA 1314,18064,NEOSORO SOLUCAO NASAL ADULTO 30ML,45151,A,9,180,339,0.84,5,174.0,0,333.0,0,,333.0,159,20.1539,5.4224,1.5204982891360137,15.0,15.0,0.0,159.0,0,8.93,7.86,1419.87,0.0,59.0,526.87,0,1,PAGUE E LEVE
test_q4_2024,2024-10-19,1314,LOJA 1314,18064,NEOSORO SOLUCAO NASAL ADULTO 30ML,45151,A,9,180,339,0.84,5,159.0,0,318.0,0,,318.0,159,22.5715,5.4224,1.5204982891360137,3.0,3.0,0.0,156.0,0,8.93,7.86,1393.08,0.0,104.0,928.72,0,1,PAGUE E LEVE
test_q4_2024,2024-10-20,1314,LOJA 1314,18064,NEOSORO SOLUCAO NASAL ADULTO 30ML,45151,A,9,180,339,0.84,5,156.0,0,315.0,0,,315.0,159,20.7032,5.4224,1.5204982891360137,13.0,13.0,0.0,143.0,0,8.93,7.86,1276.99,0.0,,,0,1,PAGUE E LEVE
test_q4_2024,2024-10-21,1314,LOJA 1314,18064,NEOSORO SOLUCAO NASAL ADULTO 30ML,45151,A,9,180,339,0.84,5,143.0,0,302.0,0,,302.0,159,21.3133,5.4224,1.5204982891360137,8.0,8.0,0.0,135.0,0,8.93,7.86,1205.55,0.0,88.0,785.8399999999999,0,1,PAGUE E LEVE
test_q4_2024,2024-10-22,1314,LOJA 1314,18064,NEOSORO SOLUCAO NASAL ADULTO 30ML,45151,A,9,180,339,0.84,5,135.0,0,294.0,0,,294.0,159,20.1539,5.4224,1.5204982891360137,12.0,12.0,0.0,123.0,0,8.93,7.86,1098.39,0.0,89.0,794.77,0,1,PAGUE E LEVE
test_q4_2024,2024-10-23,1314,LOJA 1314,18064,NEOSORO SOLUCAO NASAL ADULTO 30ML,45151,A,9,180,339,0.84,5,123.0,0,282.0,0,,282.0,159,19.369,5.4224,1.5204982891360137,1.0,1.0,0.0,122.0,0,8.93,7.86,1089.46,0.0,77.0,687.61,0,1,PAGUE E LEVE
test_q4_2024,2024-10-24,1314,LOJA 1314,18064,NEOSORO SOLUCAO NASAL ADULTO 30ML,45151,A,9,180,339,0.84,5,122.0,0,281.0,0,,281.0,159,18.8831,5.4224,1.5204982891360137,8.0,8.0,0.0,114.0,0,8.93,7.86,1018.02,0.0,89.0,794.77,0,1,PAGUE E LEVE
test_q4_2024,2024-10-25,1314,LOJA 1314,18064,NEOSORO SOLUCAO NASAL ADULTO 30ML,45151,A,9,180,339,0.84,5,114.0,0,273.0,0,,273.0,159,18.8362,5.4224,1.5204982891360137,14.0,14.0,0.0,100.0,0,8.93,7.86,893.0,0.0,81.0,723.3299999999999,0,1,PAGUE E LEVE
test_q4_2024,2024-10-26,1314,LOJA 1314,18064,NEOSORO SOLUCAO NASAL ADULTO 30ML,45151,A,9,180,339,0.84,5,259.0,159,259.0,0,,259.0,0,21.3957,5.4224,1.5204982891360137,6.0,6.0,0.0,253.0,0,8.93,7.86,2259.29,0.0,91.0,812.63,0,1,PAGUE E LEVE
test_q4_2024,2024-10-27,1314,LOJA 1314,18064,NEOSORO SOLUCAO NASAL ADULTO 30ML,45151,A,9,180,339,0.84,5,253.0,0,253.0,0,,253.0,0,19.6693,5.4224,1.5204982891360137,16.0,16.0,0.0,237.0,0,8.93,7.86,2116.41,0.0,,,0,1,PAGUE E LEVE
test_q4_2024,2024-10-28,1314,LOJA 1314,18064,NEOSORO SOLUCAO NASAL ADULTO 30ML,45151,A,9,180,339,0.84,5,237.0,0,237.0,0,,237.0,0,20.0158,5.4224,1.5204982891360137,9.0,9.0,0.0,228.0,0,8.93,7.86,2036.04,0.0,69.0,616.17,0,1,PAGUE E LEVE
test_q4_2024,2024-10-29,1314,LOJA 1314,18064,NEOSORO SOLUCAO NASAL ADULTO 30ML,45151,A,9,180,339,0.84,5,228.0,0,228.0,0,,228.0,0,18.674,5.4224,1.5204982891360137,4.0,4.0,0.0,224.0,0,8.93,7.86,2000.32,0.0,73.0,651.89,0,1,PAGUE E LEVE
test_q4_2024,2024-10-30,1314,LOJA 1314,18064,NEOSORO SOLUCAO NASAL ADULTO 30ML,45151,A,9,180,339,0.84,5,224.0,0,224.0,0,,224.0,0,18.1931,5.4224,1.5204982891360137,9.0,9.0,0.0,215.0,0,8.93,7.86,1919.95,0.0,69.0,616.17,0,1,PAGUE E LEVE
test_q4_2024,2024-10-31,1314,LOJA 1314,18064,NEOSORO SOLUCAO NASAL ADULTO 30ML,45151,A,9,180,339,0.84,5,215.0,0,215.0,0,,215.0,0,17.768,5.4224,1.5204982891360137,5.0,5.0,0.0,210.0,0,8.93,7.86,1875.3,0.0,60.0,535.8,0,1,PAGUE E LEVE
test_q4_2024,2024-11-01,1314,LOJA 1314,18064,NEOSORO SOLUCAO NASAL ADULTO 30ML,45151,A,9,180,339,0.84,5,210.0,0,210.0,0,,210.0,0,11.3615,5.4224,1.5204982891360137,16.0,16.0,0.0,194.0,0,8.93,7.86,1732.42,0.0,77.0,687.61,0,0,
test_q4_2024,2024-11-02,1314,LOJA 1314,18064,NEOSORO SOLUCAO NASAL ADULTO 30ML,45151,A,9,180,339,0.84,5,194.0,0,194.0,0,,194.0,0,12.8982,5.4224,1.5204982891360137,6.0,6.0,0.0,188.0,0,8.93,7.86,1678.84,0.0,61.0,544.73,0,0,
test_q4_2024,2024-11-03,1314,LOJA 1314,18064,NEOSORO SOLUCAO NASAL ADULTO 30ML,45151,A,9,180,339,0.84,5,188.0,0,188.0,0,,188.0,0,11.7361,5.4224,1.5204982891360137,4.0,4.0,0.0,184.0,0,8.93,7.86,1643.12,0.0,,,0,0,
test_q4_2024,2024-11-04,1314,LOJA 1314,18064,NEOSORO SOLUCAO NASAL ADULTO 30ML,45151,A,9,180,339,0.84,5,184.0,0,184.0,0,,184.0,0,12.0307,5.4224,1.5204982891360137,5.0,5.0,0.0,179.0,0,8.93,7.86,1598.47,0.0,51.0,455.43,0,0,
test_q4_2024,2024-11-05,1314,LOJA 1314,18064,NEOSORO SOLUCAO NASAL ADULTO 30ML,45151,A,9,180,339,0.84,5,179.0,0,179.0,160,2024-11-14,339.0,160,10.7748,5.4224,1.5204982891360137,7.0,7.0,0.0,172.0,0,8.93,7.86,1535.96,4.28,106.0,946.5799999999999,0,0,
test_q4_2024,2024-11-06,1314,LOJA 1314,18064,NEOSORO SOLUCAO NASAL ADULTO 30ML,45151,A,9,180,339,0.84,5,172.0,0,332.0,0,,332.0,160,10.2586,5.4224,1.5204982891360137,10.0,10.0,0.0,162.0,0,8.93,7.86,1446.66,0.0,99.0,884.0699999999999,0,0,
test_q4_2024,2024-11-07,1314,LOJA 1314,18064,NEOSORO SOLUCAO NASAL ADULTO 30ML,45151,A,9,180,339,0.84,5,162.0,0,322.0,0,,322.0,160,9.939,5.4224,1.5204982891360137,13.0,13.0,0.0,149.0,0,8.93,7.86,1330.57,0.0,89.0,794.77,0,0,
test_q4_2024,2024-11-08,1314,LOJA 1314,18064,NEOSORO SOLUCAO NASAL ADULTO 30ML,45151,A,9,180,339,0.84,5,149.0,0,309.0,0,,309.0,160,10.2415,5.4224,1.5204982891360137,2.0,2.0,0.0,147.0,0,8.93,7.86,1312.71,0.0,79.0,705.47,0,0,
test_q4_2024,2024-11-09,1314,LOJA 1314,18064,NEOSORO SOLUCAO NASAL ADULTO 30ML,45151,A,9,180,339,0.84,5,147.0,0,307.0,0,,307.0,160,12.0448,5.4224,1.5204982891360137,10.0,10.0,0.0,137.0,0,8.93,7.86,1223.41,0.0,93.0,830.49,0,0,
test_q4_2024,2024-11-10,1314,LOJA 1314,18064,NEOSORO SOLUCAO NASAL ADULTO 30ML,45151,A,9,180,339,0.84,5,137.0,0,297.0,0,,297.0,160,10.7627,5.4224,1.5204982891360137,7.0,7.0,0.0,130.0,0,8.93,7.86,1160.9,0.0,,,0,0,
test_q4_2024,2024-11-11,1314,LOJA 1314,18064,NEOSORO SOLUCAO NASAL ADULTO 30ML,45151,A,9,180,339,0.84,5,130.0,0,290.0,0,,290.0,160,11.004,5.4224,1.5204982891360137,8.0,8.0,0.0,122.0,0,8.93,7.86,1089.46,0.0,76.0,678.68,0,0,
test_q4_2024,2024-11-12,1314,LOJA 1314,18064,NEOSORO SOLUCAO NASAL ADULTO 30ML,45151,A,9,180,339,0.84,5,122.0,0,282.0,0,,282.0,160,10.0015,5.4224,1.5204982891360137,14.0,14.0,0.0,108.0,0,8.93,7.86,964.44,0.0,86.0,767.98,0,0,
test_q4_2024,2024-11-13,1314,LOJA 1314,18064,NEOSORO SOLUCAO NASAL ADULTO 30ML,45151,A,9,180,339,0.84,5,108.0,0,268.0,0,,268.0,160,10.0186,5.4224,1.5204982891360137,8.0,8.0,0.0,100.0,0,8.93,7.86,893.0,0.0,72.0,642.96,0,0,
test_q4_2024,2024-11-14,1314,LOJA 1314,18064,NEOSORO SOLUCAO NASAL ADULTO 30ML,45151,A,9,180,339,0.84,5,260.0,160,260.0,0,,260.0,0,9.8457,5.4224,1.5204982891360137,11.0,11.0,0.0,249.0,0,8.93,7.86,2223.57,0.0,64.0,571.52,0,0,
test_q4_2024,2024-11-15,1314,LOJA 1314,18064,NEOSORO SOLUCAO NASAL ADULTO 30ML,45151,A,9,180,339,0.84,5,249.0,0,249.0,0,,249.0,0,10.1482,5.4224,1.5204982891360137,5.0,5.0,0.0,244.0,0,8.93,7.86,2178.92,0.0,65.0,580.4499999999999,0,0,
test_q4_2024,2024-11-16,1314,LOJA 1314,18064,NEOSORO SOLUCAO NASAL ADULTO 30ML,45151,A,9,180,339,0.84,5,244.0,0,244.0,0,,244.0,0,11.8715,5.4224,1.5204982891360137,8.0,8.0,0.0,236.0,0,8.93,7.86,2107.48,0.0,60.0,535.8,0,0,
test_q4_2024,2024-11-17,1314,LOJA 1314,18064,NEOSORO SOLUCAO NASAL ADULTO 30ML,45151,A,9,180,339,0.84,5,236.0,0,236.0,0,,236.0,0,10.7227,5.4224,1.5204982891360137,7.0,7.0,0.0,229.0,0,8.93,7.86,2044.97,0.0,,,0,0,
test_q4_2024,2024-11-18,1314,LOJA 1314,18064,NEOSORO SOLUCAO NASAL ADULTO 30ML,45151,A,9,180,339,0.84,5,229.0,0,229.0,0,,229.0,0,11.1907,5.4224,1.5204982891360137,4.0,4.0,0.0,225.0,0,8.93,7.86,2009.25,0.0,45.0,401.84999999999997,0,0,
test_q4_2024,2024-11-19,1314,LOJA 1314,18064,NEOSORO SOLUCAO NASAL ADULTO 30ML,45151,A,9,180,339,0.84,5,225.0,0,225.0,0,,225.0,0,10.0948,5.4224,1.5204982891360137,10.0,10.0,0.0,215.0,0,8.93,7.86,1919.95,0.0,64.0,571.52,0,0,
test_q4_2024,2024-11-20,1314,LOJA 1314,18064,NEOSORO SOLUCAO NASAL ADULTO 30ML,45151,A,9,180,339,0.84,5,215.0,0,215.0,0,,215.0,0,10.1252,5.4224,1.5204982891360137,10.0,10.0,0.0,205.0,0,8.93,7.86,1830.65,0.0,114.0,1018.02,0,0,
test_q4_2024,2024-11-21,1314,LOJA 1314,18064,NEOSORO SOLUCAO NASAL ADULTO 30ML,45151,A,9,180,339,0.84,5,205.0,0,205.0,0,,205.0,0,9.819,5.4224,1.5204982891360137,6.0,6.0,0.0,199.0,0,8.93,7.86,1777.07,0.0,104.0,928.72,0,0,
test_q4_2024,2024-11-22,1314,LOJA 1314,18064,NEOSORO SOLUCAO NASAL ADULTO 30ML,45151,A,9,180,339,0.84,5,199.0,0,199.0,0,,199.0,0,10.0015,5.4224,1.5204982891360137,7.0,7.0,0.0,192.0,0,8.93,7.86,1714.56,0.0,103.0,919.79,0,0,
test_q4_2024,2024-11-23,1314,LOJA 1314,18064,NEOSORO SOLUCAO NASAL ADULTO 30ML,45151,A,9,180,339,0.84,5,192.0,0,192.0,0,,192.0,0,11.6848,5.4224,1.5204982891360137,6.0,6.0,0.0,186.0,0,8.93,7.86,1660.98,0.0,115.0,1026.95,0,0,
test_q4_2024,2024-11-24,1314,LOJA 1314,18064,NEOSORO SOLUCAO NASAL ADULTO 30ML,45151,A,9,180,339,0.84,5,186.0,0,186.0,0,,186.0,0,10.4027,5.4224,1.5204982891360137,5.0,5.0,0.0,181.0,0,8.93,7.86,1616.33,0.0,,,0,0,
test_q4_2024,2024-11-25,1314,LOJA 1314,18064,NEOSORO SOLUCAO NASAL ADULTO 30ML,45151,A,9,180,339,0.84,5,181.0,0,181.0,0,,181.0,0,10.8973,5.4224,1.5204982891360137,6.0,6.0,0.0,175.0,0,8.93,7.86,1562.75,0.0,104.0,928.72,0,0,
test_q4_2024,2024-11-26,1314,LOJA 1314,18064,NEOSORO SOLUCAO NASAL ADULTO 30ML,45151,A,9,180,339,0.84,5,175.0,0,175.0,164,2024-12-05,339.0,164,9.9348,5.4224,1.5204982891360137,13.0,13.0,0.0,162.0,0,8.93,7.86,1446.66,4.28,118.0,1053.74,0,0,
test_q4_2024,2024-11-27,1314,LOJA 1314,18064,NEOSORO SOLUCAO NASAL ADULTO 30ML,45151,A,9,180,339,0.84,5,162.0,0,326.0,0,,326.0,164,10.0052,5.4224,1.5204982891360137,4.0,4.0,0.0,158.0,0,8.93,7.86,1410.94,0.0,105.0,937.65,0,0,
test_q4_2024,2024-11-28,1314,LOJA 1314,18064,NEOSORO SOLUCAO NASAL ADULTO 30ML,45151,A,9,180,339,0.84,5,158.0,0,322.0,0,,322.0,164,9.6457,5.4224,1.5204982891360137,8.0,8.0,0.0,150.0,0,8.93,7.86,1339.5,0.0,110.0,982.3,0,0,
test_q4_2024,2024-11-29,1314,LOJA 1314,18064,NEOSORO SOLUCAO NASAL ADULTO 30ML,45151,A,9,180,339,0.84,5,150.0,0,314.0,0,,314.0,164,9.7882,5.4224,1.5204982891360137,11.0,11.0,0.0,139.0,0,8.93,7.86,1241.27,0.0,102.0,910.86,0,0,
test_q4_2024,2024-11-30,1314,LOJA 1314,18064,NEOSORO SOLUCAO NASAL ADULTO 30ML,45151,A,9,180,339,0.84,5,139.0,0,303.0,0,,303.0,164,11.6315,5.4224,1.5204982891360137,16.0,16.0,0.0,123.0,0,8.93,7.86,1098.39,0.0,91.0,812.63,0,0,
test_q4_2024,2024-12-01,1314,LOJA 1314,18064,NEOSORO SOLUCAO NASAL ADULTO 30ML,45151,A,9,180,339,0.84,5,123.0,0,287.0,0,,287.0,164,10.3627,5.4224,1.5204982891360137,7.0,7.0,0.0,116.0,0,8.93,7.86,1035.88,0.0,,,0,0,
test_q4_2024,2024-12-02,1314,LOJA 1314,18064,NEOSORO SOLUCAO NASAL ADULTO 30ML,45151,A,9,180,339,0.84,5,116.0,0,280.0,0,,280.0,164,10.804,5.4224,1.5204982891360137,10.0,10.0,0.0,106.0,0,8.93,7.86,946.58,0.0,88.0,785.8399999999999,0,0,
test_q4_2024,2024-12-03,1314,LOJA 1314,18064,NEOSORO SOLUCAO NASAL ADULTO 30ML,45151,A,9,180,339,0.84,5,106.0,0,270.0,0,,270.0,164,9.8015,5.4224,1.5204982891360137,7.0,7.0,0.0,99.0,0,8.93,7.86,884.07,0.0,96.0,857.28,0,0,
test_q4_2024,2024-12-04,1314,LOJA 1314,18064,NEOSORO SOLUCAO NASAL ADULTO 30ML,45151,A,9,180,339,0.84,5,99.0,0,263.0,0,,263.0,164,9.9519,5.4224,1.5204982891360137,12.0,12.0,0.0,87.0,0,8.93,7.86,776.91,0.0,89.0,794.77,0,0,
test_q4_2024,2024-12-05,1314,LOJA 1314,18064,NEOSORO SOLUCAO NASAL ADULTO 30ML,45151,A,9,180,339,0.84,5,251.0,164,251.0,0,,251.0,0,9.6857,5.4224,1.5204982891360137,7.0,7.0,0.0,244.0,0,8.93,7.86,2178.92,0.0,77.0,687.61,0,0,
test_q4_2024,2024-12-06,1314,LOJA 1314,18064,NEOSORO SOLUCAO NASAL ADULTO 30ML,45151,A,9,180,339,0.84,5,244.0,0,244.0,0,,244.0,0,9.9082,5.4224,1.5204982891360137,1.0,1.0,0.0,243.0,0,8.93,7.86,2169.99,0.0,70.0,625.1,0,0,
test_q4_2024,2024-12-07,1314,LOJA 1314,18064,NEOSORO SOLUCAO NASAL ADULTO 30ML,45151,A,9,180,339,0.84,5,243.0,0,243.0,0,,243.0,0,11.7648,5.4224,1.5204982891360137,13.0,13.0,0.0,230.0,0,8.93,7.86,2053.9,0.0,129.0,1151.97,0,0,
test_q4_2024,2024-12-08,1314,LOJA 1314,18064,NEOSORO SOLUCAO NASAL ADULTO 30ML,45151,A,9,180,339,0.84,5,230.0,0,230.0,0,,230.0,0,10.5227,5.4224,1.5204982891360137,10.0,10.0,0.0,220.0,0,8.93,7.86,1964.6,0.0,,,0,0,
test_q4_2024,2024-12-09,1314,LOJA 1314,18064,NEOSORO SOLUCAO NASAL ADULTO 30ML,45151,A,9,180,339,0.84,5,220.0,0,220.0,0,,220.0,0,10.964,5.4224,1.5204982891360137,4.0,4.0,0.0,216.0,0,8.93,7.86,1928.88,0.0,116.0,1035.8799999999999,0,0,
test_q4_2024,2024-12-10,1314,LOJA 1314,18064,NEOSORO SOLUCAO NASAL ADULTO 30ML,45151,A,9,180,339,0.84,5,216.0,0,216.0,0,,216.0,0,9.9615,5.4224,1.5204982891360137,4.0,4.0,0.0,212.0,0,8.93,7.86,1893.16,0.0,102.0,910.86,0,0,
test_q4_2024,2024-12-11,1314,LOJA 1314,18064,NEOSORO SOLUCAO NASAL ADULTO 30ML,45151,A,9,180,339,0.84,5,212.0,0,212.0,0,,212.0,0,10.2186,5.4224,1.5204982891360137,14.0,14.0,0.0,198.0,0,8.93,7.86,1768.14,0.0,98.0,875.14,0,0,
test_q4_2024,2024-12-12,1314,LOJA 1314,18064,NEOSORO SOLUCAO NASAL ADULTO 30ML,45151,A,9,180,339,0.84,5,198.0,0,198.0,0,,198.0,0,9.899,5.4224,1.5204982891360137,13.0,13.0,0.0,185.0,0,8.93,7.86,1652.05,0.0,84.0,750.12,0,0,
test_q4_2024,2024-12-13,1314,LOJA 1314,18064,NEOSORO SOLUCAO NASAL ADULTO 30ML,45151,A,9,180,339,0.84,5,185.0,0,185.0,0,,185.0,0,10.1748,5.4224,1.5204982891360137,14.0,14.0,0.0,171.0,0,8.93,7.86,1527.03,0.0,71.0,634.03,0,0,
test_q4_2024,2024-12-14,1314,LOJA 1314,18064,NEOSORO SOLUCAO NASAL ADULTO 30ML,45151,A,9,180,339,0.84,5,171.0,0,171.0,168,2024-12-23,339.0,168,11.9382,5.4224,1.5204982891360137,16.0,16.0,0.0,155.0,0,8.93,7.86,1384.15,4.28,57.0,509.01,0,0,
test_q4_2024,2024-12-15,1314,LOJA 1314,18064,NEOSORO SOLUCAO NASAL ADULTO 30ML,45151,A,9,180,339,0.84,5,155.0,0,323.0,0,,323.0,168,10.5361,5.4224,1.5204982891360137,8.0,8.0,0.0,147.0,0,8.93,7.86,1312.71,0.0,,,0,0,
test_q4_2024,2024-12-16,1314,LOJA 1314,18064,NEOSORO SOLUCAO NASAL ADULTO 30ML,45151,A,9,180,339,0.84,5,147.0,0,315.0,0,,315.0,168,10.9907,5.4224,1.5204982891360137,9.0,9.0,0.0,138.0,0,8.93,7.86,1232.34,0.0,56.0,500.08,0,0,
test_q4_2024,2024-12-17,1314,LOJA 1314,18064,NEOSORO SOLUCAO NASAL ADULTO 30ML,45151,A,9,180,339,0.84,5,138.0,0,306.0,0,,306.0,168,9.9482,5.4224,1.5204982891360137,8.0,8.0,0.0,130.0,0,8.93,7.86,1160.9,0.0,47.0,419.71,0,0,
test_q4_2024,2024-12-18,1314,LOJA 1314,18064,NEOSORO SOLUCAO NASAL ADULTO 30ML,45151,A,9,180,339,0.84,5,130.0,0,298.0,0,,298.0,168,10.0586,5.4224,1.5204982891360137,10.0,10.0,0.0,120.0,0,8.93,7.86,1071.6,0.0,56.0,500.08,0,0,
test_q4_2024,2024-12-19,1314,LOJA 1314,18064,NEOSORO SOLUCAO NASAL ADULTO 30ML,45151,A,9,180,339,0.84,5,120.0,0,288.0,0,,288.0,168,9.699,5.4224,1.5204982891360137,3.0,3.0,0.0,117.0,0,8.93,7.86,1044.81,0.0,46.0,410.78,0,0,
test_q4_2024,2024-12-20,1314,LOJA 1314,18064,NEOSORO SOLUCAO NASAL ADULTO 30ML,45151,A,9,180,339,0.84,5,117.0,0,285.0,0,,285.0,168,9.8815,5.4224,1.5204982891360137,8.0,8.0,0.0,109.0,0,8.93,7.86,973.37,0.0,64.0,571.52,0,0,
test_q4_2024,2024-12-21,1314,LOJA 1314,18064,NEOSORO SOLUCAO NASAL ADULTO 30ML,45151,A,9,180,339,0.84,5,109.0,0,277.0,0,,277.0,168,11.6848,5.4224,1.5204982891360137,8.0,8.0,0.0,101.0,0,8.93,7.86,901.93,0.0,56.0,500.08,0,0,
test_q4_2024,2024-12-22,1314,LOJA 1314,18064,NEOSORO SOLUCAO NASAL ADULTO 30ML,45151,A,9,180,339,0.84,5,101.0,0,269.0,0,,269.0,168,10.4827,5.4224,1.5204982891360137,5.0,5.0,0.0,96.0,0,8.93,7.86,857.28,0.0,,,0,0,
test_q4_2024,2024-12-23,1314,LOJA 1314,18064,NEOSORO SOLUCAO NASAL ADULTO 30ML,45151,A,9,180,339,0.84,5,264.0,168,264.0,0,,264.0,0,10.924,5.4224,1.5204982891360137,5.0,5.0,0.0,259.0,0,8.93,7.86,2312.87,0.0,103.0,919.79,0,0,
test_q4_2024,2024-12-24,1314,LOJA 1314,18064,NEOSORO SOLUCAO NASAL ADULTO 30ML,45151,A,9,180,339,0.84,5,259.0,0,259.0,0,,259.0,0,10.0415,5.4224,1.5204982891360137,7.0,7.0,0.0,252.0,0,8.93,7.86,2250.36,0.0,98.0,875.14,0,0,
test_q4_2024,2024-12-25,1314,LOJA 1314,18064,NEOSORO SOLUCAO NASAL ADULTO 30ML,45151,A,9,180,339,0.84,5,252.0,0,252.0,0,,252.0,0,10.0319,5.4224,1.5204982891360137,10.0,10.0,0.0,242.0,0,8.93,7.86,2161.06,0.0,91.0,812.63,0,0,
test_q4_2024,2024-12-26,1314,LOJA 1314,18064,NEOSORO SOLUCAO NASAL ADULTO 30ML,45151,A,9,180,339,0.84,5,242.0,0,242.0,0,,242.0,0,9.5923,5.4224,1.5204982891360137,15.0,15.0,0.0,227.0,0,8.93,7.86,2027.11,0.0,81.0,723.3299999999999,0,0,
test_q4_2024,2024-12-27,1314,LOJA 1314,18064,NEOSORO SOLUCAO NASAL ADULTO 30ML,45151,A,9,180,339,0.84,5,227.0,0,227.0,0,,227.0,0,9.8282,5.4224,1.5204982891360137,12.0,12.0,0.0,215.0,0,8.93,7.86,1919.95,0.0,70.0,625.1,0,0,
test_q4_2024,2024-12-28,1314,LOJA 1314,18064,NEOSORO SOLUCAO NASAL ADULTO 30ML,45151,A,9,180,339,0.84,5,215.0,0,215.0,0,,215.0,0,11.6182,5.4224,1.5204982891360137,10.0,10.0,0.0,205.0,0,8.93,7.86,1830.65,0.0,58.0,517.9399999999999,0,0,
test_q4_2024,2024-12-29,1314,LOJA 1314,18064,NEOSORO SOLUCAO NASAL ADULTO 30ML,45151,A,9,180,339,0.84,5,205.0,0,205.0,0,,205.0,0,10.3761,5.4224,1.5204982891360137,8.0,8.0,0.0,197.0,0,8.93,7.86,1759.21,0.0,,,0,0,
test_q4_2024,2024-12-30,1314,LOJA 1314,18064,NEOSORO SOLUCAO NASAL ADULTO 30ML,45151,A,9,180,339,0.84,5,197.0,0,197.0,0,,197.0,0,10.9373,5.4224,1.5204982891360137,13.0,13.0,0.0,184.0,0,8.93,7.86,1643.12,0.0,40.0,357.2,0,0,
test_q4_2024,2024-12-31,1314,LOJA 1314,18064,NEOSORO SOLUCAO NASAL ADULTO 30ML,45151,A,9,180,339,0.84,5,184.0,0,184.0,0,,184.0,0,10.0548,5.4224,1.5204982891360137,11.0,11.0,0.0,173.0,0,8.93,7.86,1544.89,0.0,46.0,410.78,0,0,
test_q4_2024,2024-10-01,1314,LOJA 1314,20635,ABRILAR XAROPE 100ML,87021,A,9,5,9,0.84,5,5.0,0,5.0,4,2024-10-10,9.0,4,0.2578,0.5237,2.5,0.0,0.0,0.0,5.0,0,34.83,41.5,174.15,29.62,11.0,383.13,0,0,
test_q4_2024,2024-10-02,1314,LOJA 1314,20635,ABRILAR XAROPE 100ML,87021,A,9,5,9,0.84,5,5.0,0,9.0,0,,9.0,4,0.3624,0.5237,2.5,1.0,1.0,0.0,4.0,0,34.83,41.5,139.32,0.0,11.0,383.13,0,0,
test_q4_2024,2024-10-03,1314,LOJA 1314,20635,ABRILAR XAROPE 100ML,87021,A,9,5,9,0.84,5,4.0,0,8.0,0,,8.0,4,0.2311,0.5237,2.5,0.0,0.0,0.0,4.0,0,34.83,41.5,139.32,0.0,10.0,348.29999999999995,0,0,
test_q4_2024,2024-10-04,1314,LOJA 1314,20635,ABRILAR XAROPE 100ML,87021,A,9,5,9,0.84,5,4.0,0,8.0,0,,8.0,4,0.4936,0.5237,2.5,0.0,0.0,0.0,4.0,0,34.83,41.5,139.32,0.0,10.0,348.29999999999995,0,0,
test_q4_2024,2024-10-05,1314,LOJA 1314,20635,ABRILAR XAROPE 100ML,87021,A,9,5,9,0.84,5,4.0,0,8.0,0,,8.0,4,0.292,0.5237,2.5,0.0,0.0,0.0,4.0,0,34.83,41.5,139.32,0.0,10.0,348.29999999999995,0,0,
test_q4_2024,2024-10-06,1314,LOJA 1314,20635,ABRILAR XAROPE 100ML,87021,A,9,5,9,0.84,5,4.0,0,8.0,0,,8.0,4,0.292,0.5237,2.5,1.0,1.0,0.0,3.0,0,34.83,41.5,104.49,0.0,,,0,0,
test_q4_2024,2024-10-07,1314,LOJA 1314,20635,ABRILAR XAROPE 100ML,87021,A,9,5,9,0.84,5,3.0,0,7.0,0,,7.0,4,0.292,0.5237,2.5,1.0,1.0,0.0,2.0,0,34.83,41.5,69.66,0.0,10.0,348.29999999999995,0,0,
test_q4_2024,2024-10-08,1314,LOJA 1314,20635,ABRILAR XAROPE 100ML,87021,A,9,5,9,0.84,5,2.0,0,6.0,0,,6.0,4,0.2445,0.5237,2.5,0.0,0.0,0.0,2.0,0,34.83,41.5,69.66,0.0,10.0,348.29999999999995,0,0,
test_q4_2024,2024-10-09,1314,LOJA 1314,20635,ABRILAR XAROPE 100ML,87021,A,9,5,9,0.84,5,2.0,0,6.0,0,,6.0,4,0.3757,0.5237,2.5,0.0,0.0,0.0,2.0,0,34.83,41.5,69.66,0.0,10.0,348.29999999999995,0,0,
test_q4_2024,2024-10-10,1314,LOJA 1314,20635,ABRILAR XAROPE 100ML,87021,A,9,5,9,0.84,5,6.0,4,6.0,0,,6.0,0,0.2445,0.5237,2.5,1.0,1.0,0.0,5.0,0,34.83,41.5,174.15,0.0,10.0,348.29999999999995,0,0,
test_q4_2024,2024-10-11,1314,LOJA 1314,20635,ABRILAR XAROPE 100ML,87021,A,9,5,9,0.84,5,5.0,0,5.0,4,2024-10-20,9.0,4,0.507,0.5237,2.5,0.0,0.0,0.0,5.0,0,34.83,41.5,174.15,29.62,9.0,313.46999999999997,0,0,
test_q4_2024,2024-10-12,1314,LOJA 1314,20635,ABRILAR XAROPE 100ML,87021,A,9,5,9,0.84,5,5.0,0,9.0,0,,9.0,4,0.332,0.5237,2.5,0.0,0.0,0.0,5.0,0,34.83,41.5,174.15,0.0,9.0,313.46999999999997,0,0,
test_q4_2024,2024-10-13,1314,LOJA 1314,20635,ABRILAR XAROPE 100ML,87021,A,9,5,9,0.84,5,5.0,0,9.0,0,,9.0,4,0.332,0.5237,2.5,2.0,2.0,0.0,3.0,0,34.83,41.5,104.49,0.0,,,0,0,
test_q4_2024,2024-10-14,1314,LOJA 1314,20635,ABRILAR XAROPE 100ML,87021,A,9,5,9,0.84,5,3.0,0,7.0,0,,7.0,4,0.332,0.5237,2.5,1.0,1.0,0.0,2.0,0,34.83,41.5,69.66,0.0,7.0,243.81,0,0,
test_q4_2024,2024-10-15,1314,LOJA 1314,20635,ABRILAR XAROPE 100ML,87021,A,9,5,9,0.84,5,2.0,0,6.0,0,,6.0,4,0.2445,0.5237,2.5,0.0,0.0,0.0,2.0,0,34.83,41.5,69.66,0.0,6.0,208.98,0,0,
test_q4_2024,2024-10-16,1314,LOJA 1314,20635,ABRILAR XAROPE 100ML,87021,A,9,5,9,0.84,5,2.0,0,6.0,0,,6.0,4,0.3757,0.5237,2.5,0.0,0.0,0.0,2.0,0,34.83,41.5,69.66,0.0,6.0,208.98,0,0,
test_q4_2024,2024-10-17,1314,LOJA 1314,20635,ABRILAR XAROPE 100ML,87021,A,9,5,9,0.84,5,2.0,0,6.0,0,,6.0,4,0.3245,0.5237,2.5,1.0,1.0,0.0,1.0,0,34.83,41.5,34.83,0.0,6.0,208.98,0,0,
test_q4_2024,2024-10-18,1314,LOJA 1314,20635,ABRILAR XAROPE 100ML,87021,A,9,5,9,0.84,5,1.0,0,5.0,4,2024-10-27,9.0,8,0.587,0.5237,2.5,0.0,0.0,0.0,1.0,0,34.83,41.5,34.83,29.62,5.0,174.14999999999998,0,0,
test_q4_2024,2024-10-19,1314,LOJA 1314,20635,ABRILAR XAROPE 100ML,87021,A,9,5,9,0.84,5,1.0,0,9.0,0,,9.0,8,0.412,0.5237,2.5,0.0,0.0,0.0,1.0,0,34.83,41.5,34.83,0.0,8.0,278.64,0,0,
test_q4_2024,2024-10-20,1314,LOJA 1314,20635,ABRILAR XAROPE 100ML,87021,A,9,5,9,0.84,5,5.0,4,9.0,0,,9.0,4,0.412,0.5237,2.5,0.0,0.0,0.0,5.0,0,34.83,41.5,174.15,0.0,,,0,0,
test_q4_2024,2024-10-21,1314,LOJA 1314,20635,ABRILAR XAROPE 100ML,87021,A,9,5,9,0.84,5,5.0,0,9.0,0,,9.0,4,0.412,0.5237,2.5,1.0,1.0,0.0,4.0,0,34.83,41.5,139.32,0.0,8.0,278.64,0,0,
test_q4_2024,2024-10-22,1314,LOJA 1314,20635,ABRILAR XAROPE 100ML,87021,A,9,5,9,0.84,5,4.0,0,8.0,0,,8.0,4,0.3245,0.5237,2.5,0.0,0.0,0.0,4.0,0,34.83,41.5,139.32,0.0,8.0,278.64,0,0,
test_q4_2024,2024-10-23,1314,LOJA 1314,20635,ABRILAR XAROPE 100ML,87021,A,9,5,9,0.84,5,4.0,0,8.0,0,,8.0,4,0.4157,0.5237,2.5,0.0,0.0,0.0,4.0,0,34.83,41.5,139.32,0.0,8.0,278.64,0,0,
test_q4_2024,2024-10-24,1314,LOJA 1314,20635,ABRILAR XAROPE 100ML,87021,A,9,5,9,0.84,5,4.0,0,8.0,0,,8.0,4,0.2845,0.5237,2.5,1.0,1.0,0.0,3.0,0,34.83,41.5,104.49,0.0,8.0,278.64,0,0,
test_q4_2024,2024-10-25,1314,LOJA 1314,20635,ABRILAR XAROPE 100ML,87021,A,9,5,9,0.84,5,3.0,0,7.0,0,,7.0,4,0.547,0.5237,2.5,0.0,0.0,0.0,3.0,0,34.83,41.5,104.49,0.0,7.0,243.81,0,0,
test_q4_2024,2024-10-26,1314,LOJA 1314,20635,ABRILAR XAROPE 100ML,87021,A,9,5,9,0.84,5,3.0,0,7.0,0,,7.0,4,0.372,0.5237,2.5,0.0,0.0,0.0,3.0,0,34.83,41.5,104.49,0.0,8.0,278.64,0,0,
test_q4_2024,2024-10-27,1314,LOJA 1314,20635,ABRILAR XAROPE 100ML,87021,A,9,5,9,0.84,5,7.0,4,7.0,0,,7.0,0,0.372,0.5237,2.5,1.0,1.0,0.0,6.0,0,34.83,41.5,208.98,0.0,,,0,0,
test_q4_2024,2024-10-28,1314,LOJA 1314,20635,ABRILAR XAROPE 100ML,87021,A,9,5,9,0.84,5,6.0,0,6.0,0,,6.0,0,0.3853,0.5237,2.5,0.0,0.0,0.0,6.0,0,34.83,41.5,208.98,0.0,7.0,243.81,0,0,
test_q4_2024,2024-10-29,1314,LOJA 1314,20635,ABRILAR XAROPE 100ML,87021,A,9,5,9,0.84,5,6.0,0,6.0,0,,6.0,0,0.2978,0.5237,2.5,0.0,0.0,0.0,6.0,0,34.83,41.5,208.98,0.0,7.0,243.81,0,0,
test_q4_2024,2024-10-30,1314,LOJA 1314,20635,ABRILAR XAROPE 100ML,87021,A,9,5,9,0.84,5,6.0,0,6.0,0,,6.0,0,0.429,0.5237,2.5,0.0,0.0,0.0,6.0,0,34.83,41.5,208.98,0.0,7.0,243.81,0,0,
test_q4_2024,2024-10-31,1314,LOJA 1314,20635,ABRILAR XAROPE 100ML,87021,A,9,5,9,0.84,5,6.0,0,6.0,0,,6.0,0,0.3111,0.5237,2.5,0.0,0.0,0.0,6.0,0,34.83,41.5,208.98,0.0,7.0,243.81,0,0,
test_q4_2024,2024-11-01,1314,LOJA 1314,20635,ABRILAR XAROPE 100ML,87021,A,9,5,9,0.84,5,6.0,0,6.0,0,,6.0,0,0.4936,0.5237,2.5,0.0,0.0,0.0,6.0,0,34.83,41.5,208.98,0.0,8.0,278.64,0,0,
test_q4_2024,2024-11-02,1314,LOJA 1314,20635,ABRILAR XAROPE 100ML,87021,A,9,5,9,0.84,5,6.0,0,6.0,0,,6.0,0,0.3186,0.5237,2.5,0.0,0.0,0.0,6.0,0,34.83,41.5,208.98,0.0,8.0,278.64,0,0,
test_q4_2024,2024-11-03,1314,LOJA 1314,20635,ABRILAR XAROPE 100ML,87021,A,9,5,9,0.84,5,6.0,0,6.0,0,,6.0,0,0.3186,0.5237,2.5,1.0,1.0,0.0,5.0,0,34.83,41.5,174.15,0.0,,,0,0,
test_q4_2024,2024-11-04,1314,LOJA 1314,20635,ABRILAR XAROPE 100ML,87021,A,9,5,9,0.84,5,5.0,0,5.0,4,2024-11-13,9.0,4,0.3186,0.5237,2.5,1.0,1.0,0.0,4.0,0,34.83,41.5,139.32,29.62,7.0,243.81,0,0,
test_q4_2024,2024-11-05,1314,LOJA 1314,20635,ABRILAR XAROPE 100ML,87021,A,9,5,9,0.84,5,4.0,0,8.0,0,,8.0,4,0.2311,0.5237,2.5,1.0,1.0,0.0,3.0,0,34.83,41.5,104.49,0.0,7.0,243.81,0,0,
test_q4_2024,2024-11-06,1314,LOJA 1314,20635,ABRILAR XAROPE 100ML,87021,A,9,5,9,0.84,5,3.0,0,7.0,0,,7.0,4,0.3624,0.5237,2.5,0.0,0.0,0.0,3.0,0,34.83,41.5,104.49,0.0,6.0,208.98,0,0,
test_q4_2024,2024-11-07,1314,LOJA 1314,20635,ABRILAR XAROPE 100ML,87021,A,9,5,9,0.84,5,3.0,0,7.0,0,,7.0,4,0.2445,0.5237,2.5,0.0,0.0,0.0,3.0,0,34.83,41.5,104.49,0.0,6.0,208.98,0,0,
test_q4_2024,2024-11-08,1314,LOJA 1314,20635,ABRILAR XAROPE 100ML,87021,A,9,5,9,0.84,5,3.0,0,7.0,0,,7.0,4,0.507,0.5237,2.5,0.0,0.0,0.0,3.0,0,34.83,41.5,104.49,0.0,7.0,243.81,0,0,
test_q4_2024,2024-11-09,1314,LOJA 1314,20635,ABRILAR XAROPE 100ML,87021,A,9,5,9,0.84,5,3.0,0,7.0,0,,7.0,4,0.3453,0.5237,2.5,2.0,2.0,0.0,1.0,0,34.83,41.5,34.83,0.0,9.0,313.46999999999997,0,0,
test_q4_2024,2024-11-10,1314,LOJA 1314,20635,ABRILAR XAROPE 100ML,87021,A,9,5,9,0.84,5,1.0,0,5.0,4,2024-11-19,9.0,8,0.3453,0.5237,2.5,0.0,0.0,0.0,1.0,0,34.83,41.5,34.83,29.62,,,0,0,
test_q4_2024,2024-11-11,1314,LOJA 1314,20635,ABRILAR XAROPE 100ML,87021,A,9,5,9,0.84,5,1.0,0,9.0,0,,9.0,8,0.3453,0.5237,2.5,1.0,1.0,0.0,0.0,0,34.83,41.5,0.0,0.0,7.0,243.81,0,0,
test_q4_2024,2024-11-12,1314,LOJA 1314,20635,ABRILAR XAROPE 100ML,87021,A,9,5,9,0.84,5,0.0,0,8.0,0,,8.0,8,0.2445,0.5237,2.5,1.0,0.0,1.0,0.0,1,34.83,41.5,0.0,0.0,7.0,243.81,0,0,
test_q4_2024,2024-11-13,1314,LOJA 1314,20635,ABRILAR XAROPE 100ML,87021,A,9,5,9,0.84,5,4.0,4,8.0,0,,8.0,4,0.3757,0.5237,2.5,0.0,0.0,0.0,4.0,0,34.83,41.5,139.32,0.0,6.0,208.98,0,0,
test_q4_2024,2024-11-14,1314,LOJA 1314,20635,ABRILAR XAROPE 100ML,87021,A,9,5,9,0.84,5,4.0,0,8.0,0,,8.0,4,0.2445,0.5237,2.5,0.0,0.0,0.0,4.0,0,34.83,41.5,139.32,0.0,6.0,208.98,0,0,
test_q4_2024,2024-11-15,1314,LOJA 1314,20635,ABRILAR XAROPE 100ML,87021,A,9,5,9,0.84,5,4.0,0,8.0,0,,8.0,4,0.507,0.5237,2.5,0.0,0.0,0.0,4.0,0,34.83,41.5,139.32,0.0,6.0,208.98,0,0,
test_q4_2024,2024-11-16,1314,LOJA 1314,20635,ABRILAR XAROPE 100ML,87021,A,9,5,9,0.84,5,4.0,0,8.0,0,,8.0,4,0.332,0.5237,2.5,1.0,1.0,0.0,3.0,0,34.83,41.5,104.49,0.0,6.0,208.98,0,0,
test_q4_2024,2024-11-17,1314,LOJA 1314,20635,ABRILAR XAROPE 100ML,87021,A,9,5,9,0.84,5,3.0,0,7.0,0,,7.0,4,0.332,0.5237,2.5,0.0,0.0,0.0,3.0,0,34.83,41.5,104.49,0.0,,,0,0,
test_q4_2024,2024-11-18,1314,LOJA 1314,20635,ABRILAR XAROPE 100ML,87021,A,9,5,9,0.84,5,3.0,0,7.0,0,,7.0,4,0.332,0.5237,2.5,1.0,1.0,0.0,2.0,0,34.83,41.5,69.66,0.0,5.0,174.14999999999998,0,0,
test_q4_2024,2024-11-19,1314,LOJA 1314,20635,ABRILAR XAROPE 100ML,87021,A,9,5,9,0.84,5,6.0,4,6.0,0,,6.0,0,0.2578,0.5237,2.5,0.0,0.0,0.0,6.0,0,34.83,41.5,208.98,0.0,7.0,243.81,0,0,
test_q4_2024,2024-11-20,1314,LOJA 1314,20635,ABRILAR XAROPE 100ML,87021,A,9,5,9,0.84,5,6.0,0,6.0,0,,6.0,0,0.389,0.5237,2.5,0.0,0.0,0.0,6.0,0,34.83,41.5,208.98,0.0,8.0,278.64,0,0,
test_q4_2024,2024-11-21,1314,LOJA 1314,20635,ABRILAR XAROPE 100ML,87021,A,9,5,9,0.84,5,6.0,0,6.0,0,,6.0,0,0.2578,0.5237,2.5,0.0,0.0,0.0,6.0,0,34.83,41.5,208.98,0.0,8.0,278.64,0,0,
test_q4_2024,2024-11-22,1314,LOJA 1314,20635,ABRILAR XAROPE 100ML,87021,A,9,5,9,0.84,5,6.0,0,6.0,0,,6.0,0,0.507,0.5237,2.5,0.0,0.0,0.0,6.0,0,34.83,41.5,208.98,0.0,9.0,313.46999999999997,0,0,
test_q4_2024,2024-11-23,1314,LOJA 1314,20635,ABRILAR XAROPE 100ML,87021,A,9,5,9,0.84,5,6.0,0,6.0,0,,6.0,0,0.332,0.5237,2.5,0.0,0.0,0.0,6.0,0,34.83,41.5,208.98,0.0,11.0,383.13,0,0,
test_q4_2024,2024-11-24,1314,LOJA 1314,20635,ABRILAR XAROPE 100ML,87021,A,9,5,9,0.84,5,6.0,0,6.0,0,,6.0,0,0.3186,0.5237,2.5,1.0,1.0,0.0,5.0,0,34.83,41.5,174.15,0.0,,,0,0,
test_q4_2024,2024-11-25,1314,LOJA 1314,20635,ABRILAR XAROPE 100ML,87021,A,9,5,9,0.84,5,5.0,0,5.0,4,2024-12-04,9.0,4,0.3186,0.5237,2.5,0.0,0.0,0.0,5.0,0,34.83,41.5,174.15,29.62,10.0,348.29999999999995,0,0,
test_q4_2024,2024-11-26,1314,LOJA 1314,20635,ABRILAR XAROPE 100ML,87021,A,9,5,9,0.84,5,5.0,0,9.0,0,,9.0,4,0.2311,0.5237,2.5,0.0,0.0,0.0,5.0,0,34.83,41.5,174.15,0.0,10.0,348.29999999999995,0,0,
test_q4_2024,2024-11-27,1314,LOJA 1314,20635,ABRILAR XAROPE 100ML,87021,A,9,5,9,0.84,5,5.0,0,9.0,0,,9.0,4,0.3624,0.5237,2.5,1.0,1.0,0.0,4.0,0,34.83,41.5,139.32,0.0,10.0,348.29999999999995,0,0,
test_q4_2024,2024-11-28,1314,LOJA 1314,20635,ABRILAR XAROPE 100ML,87021,A,9,5,9,0.84,5,4.0,0,8.0,0,,8.0,4,0.2311,0.5237,2.5,0.0,0.0,0.0,4.0,0,34.83,41.5,139.32,0.0,9.0,313.46999999999997,0,0,
test_q4_2024,2024-11-29,1314,LOJA 1314,20635,ABRILAR XAROPE 100ML,87021,A,9,5,9,0.84,5,4.0,0,8.0,0,,8.0,4,0.507,0.5237,2.5,0.0,0.0,0.0,4.0,0,34.83,41.5,139.32,0.0,9.0,313.46999999999997,0,0,
test_q4_2024,2024-11-30,1314,LOJA 1314,20635,ABRILAR XAROPE 100ML,87021,A,9,5,9,0.84,5,4.0,0,8.0,0,,8.0,4,0.3186,0.5237,2.5,1.0,1.0,0.0,3.0,0,34.83,41.5,104.49,0.0,9.0,313.46999999999997,0,0,
test_q4_2024,2024-12-01,1314,LOJA 1314,20635,ABRILAR XAROPE 100ML,87021,A,9,5,9,0.84,5,3.0,0,7.0,0,,7.0,4,0.3186,0.5237,2.5,0.0,0.0,0.0,3.0,0,34.83,41.5,104.49,0.0,,,0,0,
test_q4_2024,2024-12-02,1314,LOJA 1314,20635,ABRILAR XAROPE 100ML,87021,A,9,5,9,0.84,5,3.0,0,7.0,0,,7.0,4,0.3186,0.5237,2.5,0.0,0.0,0.0,3.0,0,34.83,41.5,104.49,0.0,9.0,313.46999999999997,0,0,
test_q4_2024,2024-12-03,1314,LOJA 1314,20635,ABRILAR XAROPE 100ML,87021,A,9,5,9,0.84,5,3.0,0,7.0,0,,7.0,4,0.2311,0.5237,2.5,0.0,0.0,0.0,3.0,0,34.83,41.5,104.49,0.0,10.0,348.29999999999995,0,0,
test_q4_2024,2024-12-04,1314,LOJA 1314,20635,ABRILAR XAROPE 100ML,87021,A,9,5,9,0.84,5,7.0,4,7.0,0,,7.0,0,0.349,0.5237,2.5,1.0,1.0,0.0,6.0,0,34.83,41.5,208.98,0.0,10.0,348.29999999999995,0,0,
test_q4_2024,2024-12-05,1314,LOJA 1314,20635,ABRILAR XAROPE 100ML,87021,A,9,5,9,0.84,5,6.0,0,6.0,0,,6.0,0,0.2178,0.5237,2.5,0.0,0.0,0.0,6.0,0,34.83,41.5,208.98,0.0,9.0,313.46999999999997,0,0,
test_q4_2024,2024-12-06,1314,LOJA 1314,20635,ABRILAR XAROPE 100ML,87021,A,9,5,9,0.84,5,6.0,0,6.0,0,,6.0,0,0.4803,0.5237,2.5,0.0,0.0,0.0,6.0,0,34.83,41.5,208.98,0.0,9.0,313.46999999999997,0,0,
test_q4_2024,2024-12-07,1314,LOJA 1314,20635,ABRILAR XAROPE 100ML,87021,A,9,5,9,0.84,5,6.0,0,6.0,0,,6.0,0,0.3186,0.5237,2.5,1.0,1.0,0.0,5.0,0,34.83,41.5,174.15,0.0,9.0,313.46999999999997,0,0,
test_q4_2024,2024-12-08,1314,LOJA 1314,20635,ABRILAR XAROPE 100ML,87021,A,9,5,9,0.84,5,5.0,0,5.0,4,2024-12-17,9.0,4,0.3186,0.5237,2.5,0.0,0.0,0.0,5.0,0,34.83,41.5,174.15,29.62,,,0,0,
test_q4_2024,2024-12-09,1314,LOJA 1314,20635,ABRILAR XAROPE 100ML,87021,A,9,5,9,0.84,5,5.0,0,9.0,0,,9.0,4,0.332,0.5237,2.5,0.0,0.0,0.0,5.0,0,34.83,41.5,174.15,0.0,8.0,278.64,0,0,
test_q4_2024,2024-12-10,1314,LOJA 1314,20635,ABRILAR XAROPE 100ML,87021,A,9,5,9,0.84,5,5.0,0,9.0,0,,9.0,4,0.2445,0.5237,2.5,0.0,0.0,0.0,5.0,0,34.83,41.5,174.15,0.0,11.0,383.13,0,0,
test_q4_2024,2024-12-11,1314,LOJA 1314,20635,ABRILAR XAROPE 100ML,87021,A,9,5,9,0.84,5,5.0,0,9.0,0,,9.0,4,0.3757,0.5237,2.5,0.0,0.0,0.0,5.0,0,34.83,41.5,174.15,0.0,11.0,383.13,0,0,
test_q4_2024,2024-12-12,1314,LOJA 1314,20635,ABRILAR XAROPE 100ML,87021,A,9,5,9,0.84,5,5.0,0,9.0,0,,9.0,4,0.2445,0.5237,2.5,0.0,0.0,0.0,5.0,0,34.83,41.5,174.15,0.0,11.0,383.13,0,0,
test_q4_2024,2024-12-13,1314,LOJA 1314,20635,ABRILAR XAROPE 100ML,87021,A,9,5,9,0.84,5,5.0,0,9.0,0,,9.0,4,0.507,0.5237,2.5,0.0,0.0,0.0,5.0,0,34.83,41.5,174.15,0.0,11.0,383.13,0,0,
test_q4_2024,2024-12-14,1314,LOJA 1314,20635,ABRILAR XAROPE 100ML,87021,A,9,5,9,0.84,5,5.0,0,9.0,0,,9.0,4,0.332,0.5237,2.5,0.0,0.0,0.0,5.0,0,34.83,41.5,174.15,0.0,11.0,383.13,0,0,
test_q4_2024,2024-12-15,1314,LOJA 1314,20635,ABRILAR XAROPE 100ML,87021,A,9,5,9,0.84,5,5.0,0,9.0,0,,9.0,4,0.332,0.5237,2.5,0.0,0.0,0.0,5.0,0,34.83,41.5,174.15,0.0,,,0,0,
test_q4_2024,2024-12-16,1314,LOJA 1314,20635,ABRILAR XAROPE 100ML,87021,A,9,5,9,0.84,5,5.0,0,9.0,0,,9.0,4,0.332,0.5237,2.5,0.0,0.0,0.0,5.0,0,34.83,41.5,174.15,0.0,11.0,383.13,0,0,
test_q4_2024,2024-12-17,1314,LOJA 1314,20635,ABRILAR XAROPE 100ML,87021,A,9,5,9,0.84,5,9.0,4,9.0,0,,9.0,0,0.2445,0.5237,2.5,0.0,0.0,0.0,9.0,0,34.83,41.5,313.47,0.0,11.0,383.13,0,0,
test_q4_2024,2024-12-18,1314,LOJA 1314,20635,ABRILAR XAROPE 100ML,87021,A,9,5,9,0.84,5,9.0,0,9.0,0,,9.0,0,0.3757,0.5237,2.5,1.0,1.0,0.0,8.0,0,34.83,41.5,278.64,0.0,11.0,383.13,0,0,
test_q4_2024,2024-12-19,1314,LOJA 1314,20635,ABRILAR XAROPE 100ML,87021,A,9,5,9,0.84,5,8.0,0,8.0,0,,8.0,0,0.2445,0.5237,2.5,0.0,0.0,0.0,8.0,0,34.83,41.5,278.64,0.0,10.0,348.29999999999995,0,0,
test_q4_2024,2024-12-20,1314,LOJA 1314,20635,ABRILAR XAROPE 100ML,87021,A,9,5,9,0.84,5,8.0,0,8.0,0,,8.0,0,0.507,0.5237,2.5,0.0,0.0,0.0,8.0,0,34.83,41.5,278.64,0.0,10.0,348.29999999999995,0,0,
test_q4_2024,2024-12-21,1314,LOJA 1314,20635,ABRILAR XAROPE 100ML,87021,A,9,5,9,0.84,5,8.0,0,8.0,0,,8.0,0,0.332,0.5237,2.5,0.0,0.0,0.0,8.0,0,34.83,41.5,278.64,0.0,10.0,348.29999999999995,0,0,
test_q4_2024,2024-12-22,1314,LOJA 1314,20635,ABRILAR XAROPE 100ML,87021,A,9,5,9,0.84,5,8.0,0,8.0,0,,8.0,0,0.332,0.5237,2.5,0.0,0.0,0.0,8.0,0,34.83,41.5,278.64,0.0,,,0,0,
test_q4_2024,2024-12-23,1314,LOJA 1314,20635,ABRILAR XAROPE 100ML,87021,A,9,5,9,0.84,5,8.0,0,8.0,0,,8.0,0,0.332,0.5237,2.5,0.0,0.0,0.0,8.0,0,34.83,41.5,278.64,0.0,10.0,348.29999999999995,0,0,
test_q4_2024,2024-12-24,1314,LOJA 1314,20635,ABRILAR XAROPE 100ML,87021,A,9,5,9,0.84,5,8.0,0,8.0,0,,8.0,0,0.2311,0.5237,2.5,0.0,0.0,0.0,8.0,0,34.83,41.5,278.64,0.0,10.0,348.29999999999995,0,0,
test_q4_2024,2024-12-25,1314,LOJA 1314,20635,ABRILAR XAROPE 100ML,87021,A,9,5,9,0.84,5,8.0,0,8.0,0,,8.0,0,0.3624,0.5237,2.5,0.0,0.0,0.0,8.0,0,34.83,41.5,278.64,0.0,10.0,348.29999999999995,0,0,
test_q4_2024,2024-12-26,1314,LOJA 1314,20635,ABRILAR XAROPE 100ML,87021,A,9,5,9,0.84,5,8.0,0,8.0,0,,8.0,0,0.2311,0.5237,2.5,1.0,1.0,0.0,7.0,0,34.83,41.5,243.81,0.0,10.0,348.29999999999995,0,0,
test_q4_2024,2024-12-27,1314,LOJA 1314,20635,ABRILAR XAROPE 100ML,87021,A,9,5,9,0.84,5,7.0,0,7.0,0,,7.0,0,0.4936,0.5237,2.5,0.0,0.0,0.0,7.0,0,34.83,41.5,243.81,0.0,10.0,348.29999999999995,0,0,
test_q4_2024,2024-12-28,1314,LOJA 1314,20635,ABRILAR XAROPE 100ML,87021,A,9,5,9,0.84,5,7.0,0,7.0,0,,7.0,0,0.3186,0.5237,2.5,0.0,0.0,0.0,7.0,0,34.83,41.5,243.81,0.0,10.0,348.29999999999995,0,0,
test_q4_2024,2024-12-29,1314,LOJA 1314,20635,ABRILAR XAROPE 100ML,87021,A,9,5,9,0.84,5,7.0,0,7.0,0,,7.0,0,0.3053,0.5237,2.5,0.0,0.0,0.0,7.0,0,34.83,41.5,243.81,0.0,,,0,0,
test_q4_2024,2024-12-30,1314,LOJA 1314,20635,ABRILAR XAROPE 100ML,87021,A,9,5,9,0.84,5,7.0,0,7.0,0,,7.0,0,0.3053,0.5237,2.5,1.0,1.0,0.0,6.0,0,34.83,41.5,208.98,0.0,10.0,348.29999999999995,0,0,
test_q4_2024,2024-12-31,1314,LOJA 1314,20635,ABRILAR XAROPE 100ML,87021,A,9,5,9,0.84,5,6.0,0,6.0,0,,6.0,0,0.2178,0.5237,2.5,0.0,0.0,0.0,6.0,0,34.83,41.5,208.98,0.0,9.0,313.46999999999997,0,0,
test_q4_2024,2024-10-01,1314,LOJA 1314,21141,PERCOF XAROPE 120ML,96108,A,9,6,12,0.84,5,8.0,0,8.0,0,,8.0,0,0.4475,0.4897,2.5,1.0,1.0,0.0,7.0,0,33.92,45.21,237.44,0.0,5.0,169.60000000000002,0,0,
test_q4_2024,2024-10-02,1314,LOJA 1314,21141,PERCOF XAROPE 120ML,96108,A,9,6,12,0.84,5,7.0,0,7.0,0,,7.0,0,0.4437,0.4897,2.5,1.0,1.0,0.0,6.0,0,33.92,45.21,203.52,0.0,4.0,135.68,0,0,
test_q4_2024,2024-10-03,1314,LOJA 1314,21141,PERCOF XAROPE 120ML,96108,A,9,6,12,0.84,5,6.0,0,6.0,6,2024-10-12,12.0,6,0.4,0.4897,2.5,0.0,0.0,0.0,6.0,0,33.92,45.21,203.52,31.81,3.0,101.76,0,0,
test_q4_2024,2024-10-04,1314,LOJA 1314,21141,PERCOF XAROPE 120ML,96108,A,9,6,12,0.84,5,6.0,0,12.0,0,,12.0,6,0.44,0.4897,2.5,2.0,2.0,0.0,4.0,0,33.92,45.21,135.68,0.0,3.0,101.76,0,0,
test_q4_2024,2024-10-05,1314,LOJA 1314,21141,PERCOF XAROPE 120ML,96108,A,9,6,12,0.84,5,4.0,0,10.0,0,,10.0,6,0.3962,0.4897,2.5,0.0,0.0,0.0,4.0,0,33.92,45.21,135.68,0.0,1.0,33.92,0,0,
test_q4_2024,2024-10-06,1314,LOJA 1314,21141,PERCOF XAROPE 120ML,96108,A,9,6,12,0.84,5,4.0,0,10.0,0,,10.0,6,0.4837,0.4897,2.5,0.0,0.0,0.0,4.0,0,33.92,45.21,135.68,0.0,,,0,0,
test_q4_2024,2024-10-07,1314,LOJA 1314,21141,PERCOF XAROPE 120ML,96108,A,9,6,12,0.84,5,4.0,0,10.0,0,,10.0,6,0.3962,0.4897,2.5,1.0,1.0,0.0,3.0,0,33.92,45.21,101.76,0.0,3.0,101.76,0,0,
test_q4_2024,2024-10-08,1314,LOJA 1314,21141,PERCOF XAROPE 120ML,96108,A,9,6,12,0.84,5,3.0,0,9.0,0,,9.0,6,0.4475,0.4897,2.5,0.0,0.0,0.0,3.0,0,33.92,45.21,101.76,0.0,4.0,135.68,0,0,
test_q4_2024,2024-10-09,1314,LOJA 1314,21141,PERCOF XAROPE 120ML,96108,A,9,6,12,0.84,5,3.0,0,9.0,0,,9.0,6,0.3637,0.4897,2.5,1.0,1.0,0.0,2.0,0,33.92,45.21,67.84,0.0,4.0,135.68,0,0,
test_q4_2024,2024-10-10,1314,LOJA 1314,21141,PERCOF XAROPE 120ML,96108,A,9,6,12,0.84,5,2.0,0,8.0,0,,8.0,6,0.32,0.4897,2.5,1.0,1.0,0.0,1.0,0,33.92,45.21,33.92,0.0,3.0,101.76,0,0,
test_q4_2024,2024-10-11,1314,LOJA 1314,21141,PERCOF XAROPE 120ML,96108,A,9,6,12,0.84,5,1.0,0,7.0,0,,7.0,6,0.36,0.4897,2.5,0.0,0.0,0.0,1.0,0,33.92,45.21,33.92,0.0,10.0,339.20000000000005,0,0,
test_q4_2024,2024-10-12,1314,LOJA 1314,21141,PERCOF XAROPE 120ML,96108,A,9,6,12,0.84,5,7.0,6,7.0,0,,7.0,0,0.3163,0.4897,2.5,1.0,1.0,0.0,6.0,0,33.92,45.21,203.52,0.0,10.0,339.20000000000005,0,0,
test_q4_2024,2024-10-13,1314,LOJA 1314,21141,PERCOF XAROPE 120ML,96108,A,9,6,12,0.84,5,6.0,0,6.0,6,2024-10-22,12.0,6,0.4437,0.4897,2.5,1.0,1.0,0.0,5.0,0,33.92,45.21,169.6,31.81,,,0,0,
test_q4_2024,2024-10-14,1314,LOJA 1314,21141,PERCOF XAROPE 120ML,96108,A,9,6,12,0.84,5,5.0,0,11.0,0,,11.0,6,0.3163,0.4897,2.5,0.0,0.0,0.0,5.0,0,33.92,45.21,169.6,0.0,9.0,305.28000000000003,0,0,
test_q4_2024,2024-10-15,1314,LOJA 1314,21141,PERCOF XAROPE 120ML,96108,A,9,6,12,0.84,5,5.0,0,11.0,0,,11.0,6,0.4475,0.4897,2.5,1.0,1.0,0.0,4.0,0,33.92,45.21,135.68,0.0,9.0,305.28000000000003,0,0,
test_q4_2024,2024-10-16,1314,LOJA 1314,21141,PERCOF XAROPE 120ML,96108,A,9,6,12,0.84,5,4.0,0,10.0,0,,10.0,6,0.4037,0.4897,2.5,0.0,0.0,0.0,4.0,0,33.92,45.21,135.68,0.0,8.0,271.36,0,0,
test_q4_2024,2024-10-17,1314,LOJA 1314,21141,PERCOF XAROPE 120ML,96108,A,9,6,12,0.84,5,4.0,0,10.0,0,,10.0,6,0.32,0.4897,2.5,0.0,0.0,0.0,4.0,0,33.92,45.21,135.68,0.0,9.0,305.28000000000003,0,0,
test_q4_2024,2024-10-18,1314,LOJA 1314,21141,PERCOF XAROPE 120ML,96108,A,9,6,12,0.84,5,4.0,0,10.0,0,,10.0,6,0.32,0.4897,2.5,0.0,0.0,0.0,4.0,0,33.92,45.21,135.68,0.0,9.0,305.28000000000003,0,0,
test_q4_2024,2024-10-19,1314,LOJA 1314,21141,PERCOF XAROPE 120ML,96108,A,9,6,12,0.84,5,4.0,0,10.0,0,,10.0,6,0.2363,0.4897,2.5,0.0,0.0,0.0,4.0,0,33.92,45.21,135.68,0.0,12.0,407.04,0,0,
test_q4_2024,2024-10-20,1314,LOJA 1314,21141,PERCOF XAROPE 120ML,96108,A,9,6,12,0.84,5,4.0,0,10.0,0,,10.0,6,0.3237,0.4897,2.5,0.0,0.0,0.0,4.0,0,33.92,45.21,135.68,0.0,,,0,0,
test_q4_2024,2024-10-21,1314,LOJA 1314,21141,PERCOF XAROPE 120ML,96108,A,9,6,12,0.84,5,4.0,0,10.0,0,,10.0,6,0.2363,0.4897,2.5,0.0,0.0,0.0,4.0,0,33.92,45.21,135.68,0.0,12.0,407.04,0,0,
test_q4_2024,2024-10-22,1314,LOJA 1314,21141,PERCOF XAROPE 120ML,96108,A,9,6,12,0.84,5,10.0,6,10.0,0,,10.0,0,0.3675,0.4897,2.5,0.0,0.0,0.0,10.0,0,33.92,45.21,339.2,0.0,13.0,440.96000000000004,0,0,
test_q4_2024,2024-10-23,1314,LOJA 1314,21141,PERCOF XAROPE 120ML,96108,A,9,6,12,0.84,5,10.0,0,10.0,0,,10.0,0,0.3237,0.4897,2.5,0.0,0.0,0.0,10.0,0,33.92,45.21,339.2,0.0,13.0,440.96000000000004,0,0,
test_q4_2024,2024-10-24,1314,LOJA 1314,21141,PERCOF XAROPE 120ML,96108,A,9,6,12,0.84,5,10.0,0,10.0,0,,10.0,0,0.28,0.4897,2.5,2.0,2.0,0.0,8.0,0,33.92,45.21,271.36,0.0,13.0,440.96000000000004,0,0,
test_q4_2024,2024-10-25,1314,LOJA 1314,21141,PERCOF XAROPE 120ML,96108,A,9,6,12,0.84,5,8.0,0,8.0,0,,8.0,0,0.28,0.4897,2.5,1.0,1.0,0.0,7.0,0,33.92,45.21,237.44,0.0,11.0,373.12,0,0,
test_q4_2024,2024-10-26,1314,LOJA 1314,21141,PERCOF XAROPE 120ML,96108,A,9,6,12,0.84,5,7.0,0,7.0,0,,7.0,0,0.1963,0.4897,2.5,0.0,0.0,0.0,7.0,0,33.92,45.21,237.44,0.0,10.0,339.20000000000005,0,0,
test_q4_2024,2024-10-27,1314,LOJA 1314,21141,PERCOF XAROPE 120ML,96108,A,9,6,12,0.84,5,7.0,0,7.0,0,,7.0,0,0.2837,0.4897,2.5,0.0,0.0,0.0,7.0,0,33.92,45.21,237.44,0.0,,,0,0,
test_q4_2024,2024-10-28,1314,LOJA 1314,21141,PERCOF XAROPE 120ML,96108,A,9,6,12,0.84,5,7.0,0,7.0,0,,7.0,0,0.1562,0.4897,2.5,0.0,0.0,0.0,7.0,0,33.92,45.21,237.44,0.0,10.0,339.20000000000005,0,0,
test_q4_2024,2024-10-29,1314,LOJA 1314,21141,PERCOF XAROPE 120ML,96108,A,9,6,12,0.84,5,7.0,0,7.0,0,,7.0,0,0.2875,0.4897,2.5,1.0,1.0,0.0,6.0,0,33.92,45.21,203.52,0.0,10.0,339.20000000000005,0,0,
test_q4_2024,2024-10-30,1314,LOJA 1314,21141,PERCOF XAROPE 120ML,96108,A,9,6,12,0.84,5,6.0,0,6.0,6,2024-11-08,12.0,6,0.2437,0.4897,2.5,0.0,0.0,0.0,6.0,0,33.92,45.21,203.52,31.81,9.0,305.28000000000003,0,0,
test_q4_2024,2024-10-31,1314,LOJA 1314,21141,PERCOF XAROPE 120ML,96108,A,9,6,12,0.84,5,6.0,0,12.0,0,,12.0,6,0.2,0.4897,2.5,0.0,0.0,0.0,6.0,0,33.92,45.21,203.52,0.0,9.0,305.28000000000003,0,0,
test_q4_2024,2024-11-01,1314,LOJA 1314,21141,PERCOF XAROPE 120ML,96108,A,9,6,12,0.84,5,6.0,0,12.0,0,,12.0,6,0.2133,0.4897,2.5,0.0,0.0,0.0,6.0,0,33.92,45.21,203.52,0.0,10.0,339.20000000000005,0,0,
test_q4_2024,2024-11-02,1314,LOJA 1314,21141,PERCOF XAROPE 120ML,96108,A,9,6,12,0.84,5,6.0,0,12.0,0,,12.0,6,0.1696,0.4897,2.5,0.0,0.0,0.0,6.0,0,33.92,45.21,203.52,0.0,10.0,339.20000000000005,0,0,
test_q4_2024,2024-11-03,1314,LOJA 1314,21141,PERCOF XAROPE 120ML,96108,A,9,6,12,0.84,5,6.0,0,12.0,0,,12.0,6,0.2571,0.4897,2.5,0.0,0.0,0.0,6.0,0,33.92,45.21,203.52,0.0,,,0,0,
test_q4_2024,2024-11-04,1314,LOJA 1314,21141,PERCOF XAROPE 120ML,96108,A,9,6,12,0.84,5,6.0,0,12.0,0,,12.0,6,0.1696,0.4897,2.5,1.0,1.0,0.0,5.0,0,33.92,45.21,169.6,0.0,10.0,339.20000000000005,0,0,
test_q4_2024,2024-11-05,1314,LOJA 1314,21141,PERCOF XAROPE 120ML,96108,A,9,6,12,0.84,5,5.0,0,11.0,0,,11.0,6,0.3008,0.4897,2.5,1.0,1.0,0.0,4.0,0,33.92,45.21,135.68,0.0,9.0,305.28000000000003,0,0,
test_q4_2024,2024-11-06,1314,LOJA 1314,21141,PERCOF XAROPE 120ML,96108,A,9,6,12,0.84,5,4.0,0,10.0,0,,10.0,6,0.2571,0.4897,2.5,0.0,0.0,0.0,4.0,0,33.92,45.21,135.68,0.0,8.0,271.36,0,0,
test_q4_2024,2024-11-07,1314,LOJA 1314,21141,PERCOF XAROPE 120ML,96108,A,9,6,12,0.84,5,4.0,0,10.0,0,,10.0,6,0.2133,0.4897,2.5,0.0,0.0,0.0,4.0,0,33.92,45.21,135.68,0.0,8.0,271.36,0,0,
test_q4_2024,2024-11-08,1314,LOJA 1314,21141,PERCOF XAROPE 120ML,96108,A,9,6,12,0.84,5,10.0,6,10.0,0,,10.0,0,0.2267,0.4897,2.5,0.0,0.0,0.0,10.0,0,33.92,45.21,339.2,0.0,14.0,474.88,0,0,
test_q4_2024,2024-11-09,1314,LOJA 1314,21141,PERCOF XAROPE 120ML,96108,A,9,6,12,0.84,5,10.0,0,10.0,0,,10.0,0,0.1963,0.4897,2.5,0.0,0.0,0.0,10.0,0,33.92,45.21,339.2,0.0,15.0,508.8,0,0,
test_q4_2024,2024-11-10,1314,LOJA 1314,21141,PERCOF XAROPE 120ML,96108,A,9,6,12,0.84,5,10.0,0,10.0,0,,10.0,0,0.2837,0.4897,2.5,0.0,0.0,0.0,10.0,0,33.92,45.21,339.2,0.0,,,0,0,
test_q4_2024,2024-11-11,1314,LOJA 1314,21141,PERCOF XAROPE 120ML,96108,A,9,6,12,0.84,5,10.0,0,10.0,0,,10.0,0,0.1963,0.4897,2.5,0.0,0.0,0.0,10.0,0,33.92,45.21,339.2,0.0,15.0,508.8,0,0,
test_q4_2024,2024-11-12,1314,LOJA 1314,21141,PERCOF XAROPE 120ML,96108,A,9,6,12,0.84,5,10.0,0,10.0,0,,10.0,0,0.3275,0.4897,2.5,0.0,0.0,0.0,10.0,0,33.92,45.21,339.2,0.0,16.0,542.72,0,0,
test_q4_2024,2024-11-13,1314,LOJA 1314,21141,PERCOF XAROPE 120ML,96108,A,9,6,12,0.84,5,10.0,0,10.0,0,,10.0,0,0.2837,0.4897,2.5,2.0,2.0,0.0,8.0,0,33.92,45.21,271.36,0.0,16.0,542.72,0,0,
test_q4_2024,2024-11-14,1314,LOJA 1314,21141,PERCOF XAROPE 120ML,96108,A,9,6,12,0.84,5,8.0,0,8.0,0,,8.0,0,0.24,0.4897,2.5,0.0,0.0,0.0,8.0,0,33.92,45.21,271.36,0.0,14.0,474.88,0,0,
test_q4_2024,2024-11-15,1314,LOJA 1314,21141,PERCOF XAROPE 120ML,96108,A,9,6,12,0.84,5,8.0,0,8.0,0,,8.0,0,0.24,0.4897,2.5,0.0,0.0,0.0,8.0,0,33.92,45.21,271.36,0.0,13.0,440.96000000000004,0,0,
test_q4_2024,2024-11-16,1314,LOJA 1314,21141,PERCOF XAROPE 120ML,96108,A,9,6,12,0.84,5,8.0,0,8.0,0,,8.0,0,0.1829,0.4897,2.5,0.0,0.0,0.0,8.0,0,33.92,45.21,271.36,0.0,13.0,440.96000000000004,0,0,
test_q4_2024,2024-11-17,1314,LOJA 1314,21141,PERCOF XAROPE 120ML,96108,A,9,6,12,0.84,5,8.0,0,8.0,0,,8.0,0,0.2704,0.4897,2.5,0.0,0.0,0.0,8.0,0,33.92,45.21,271.36,0.0,,,0,0,
test_q4_2024,2024-11-18,1314,LOJA 1314,21141,PERCOF XAROPE 120ML,96108,A,9,6,12,0.84,5,8.0,0,8.0,0,,8.0,0,0.1829,0.4897,2.5,0.0,0.0,0.0,8.0,0,33.92,45.21,271.36,0.0,13.0,440.96000000000004,0,0,
test_q4_2024,2024-11-19,1314,LOJA 1314,21141,PERCOF XAROPE 120ML,96108,A,9,6,12,0.84,5,8.0,0,8.0,0,,8.0,0,0.3142,0.4897,2.5,1.0,1.0,0.0,7.0,0,33.92,45.21,237.44,0.0,13.0,440.96000000000004,0,0,
test_q4_2024,2024-11-20,1314,LOJA 1314,21141,PERCOF XAROPE 120ML,96108,A,9,6,12,0.84,5,7.0,0,7.0,0,,7.0,0,0.2704,0.4897,2.5,1.0,1.0,0.0,6.0,0,33.92,45.21,203.52,0.0,14.0,474.88,0,0,
test_q4_2024,2024-11-21,1314,LOJA 1314,21141,PERCOF XAROPE 120ML,96108,A,9,6,12,0.84,5,6.0,0,6.0,6,2024-11-30,12.0,6,0.2267,0.4897,2.5,0.0,0.0,0.0,6.0,0,33.92,45.21,203.52,31.81,13.0,440.96000000000004,0,0,
test_q4_2024,2024-11-22,1314,LOJA 1314,21141,PERCOF XAROPE 120ML,96108,A,9,6,12,0.84,5,6.0,0,12.0,0,,12.0,6,0.24,0.4897,2.5,0.0,0.0,0.0,6.0,0,33.92,45.21,203.52,0.0,13.0,440.96000000000004,0,0,
test_q4_2024,2024-11-23,1314,LOJA 1314,21141,PERCOF XAROPE 120ML,96108,A,9,6,12,0.84,5,6.0,0,12.0,0,,12.0,6,0.1829,0.4897,2.5,0.0,0.0,0.0,6.0,0,33.92,45.21,203.52,0.0,13.0,440.96000000000004,0,0,
test_q4_2024,2024-11-24,1314,LOJA 1314,21141,PERCOF XAROPE 120ML,96108,A,9,6,12,0.84,5,6.0,0,12.0,0,,12.0,6,0.2571,0.4897,2.5,2.0,2.0,0.0,4.0,0,33.92,45.21,135.68,0.0,,,0,0,
test_q4_2024,2024-11-25,1314,LOJA 1314,21141,PERCOF XAROPE 120ML,96108,A,9,6,12,0.84,5,4.0,0,10.0,0,,10.0,6,0.1696,0.4897,2.5,0.0,0.0,0.0,4.0,0,33.92,45.21,135.68,0.0,11.0,373.12,0,0,
test_q4_2024,2024-11-26,1314,LOJA 1314,21141,PERCOF XAROPE 120ML,96108,A,9,6,12,0.84,5,4.0,0,10.0,0,,10.0,6,0.3142,0.4897,2.5,1.0,1.0,0.0,3.0,0,33.92,45.21,101.76,0.0,12.0,407.04,0,0,
test_q4_2024,2024-11-27,1314,LOJA 1314,21141,PERCOF XAROPE 120ML,96108,A,9,6,12,0.84,5,3.0,0,9.0,0,,9.0,6,0.2704,0.4897,2.5,0.0,0.0,0.0,3.0,0,33.92,45.21,101.76,0.0,11.0,373.12,0,0,
test_q4_2024,2024-11-28,1314,LOJA 1314,21141,PERCOF XAROPE 120ML,96108,A,9,6,12,0.84,5,3.0,0,9.0,0,,9.0,6,0.2267,0.4897,2.5,0.0,0.0,0.0,3.0,0,33.92,45.21,101.76,0.0,11.0,373.12,0,0,
test_q4_2024,2024-11-29,1314,LOJA 1314,21141,PERCOF XAROPE 120ML,96108,A,9,6,12,0.84,5,3.0,0,9.0,0,,9.0,6,0.2267,0.4897,2.5,2.0,2.0,0.0,1.0,0,33.92,45.21,33.92,0.0,11.0,373.12,0,0,
test_q4_2024,2024-11-30,1314,LOJA 1314,21141,PERCOF XAROPE 120ML,96108,A,9,6,12,0.84,5,7.0,6,7.0,0,,7.0,0,0.1829,0.4897,2.5,0.0,0.0,0.0,7.0,0,33.92,45.21,237.44,0.0,9.0,305.28000000000003,0,0,
test_q4_2024,2024-12-01,1314,LOJA 1314,21141,PERCOF XAROPE 120ML,96108,A,9,6,12,0.84,5,7.0,0,7.0,0,,7.0,0,0.2704,0.4897,2.5,0.0,0.0,0.0,7.0,0,33.92,45.21,237.44,0.0,,,0,0,
test_q4_2024,2024-12-02,1314,LOJA 1314,21141,PERCOF XAROPE 120ML,96108,A,9,6,12,0.84,5,7.0,0,7.0,0,,7.0,0,0.1829,0.4897,2.5,0.0,0.0,0.0,7.0,0,33.92,45.21,237.44,0.0,9.0,305.28000000000003,0,0,
test_q4_2024,2024-12-03,1314,LOJA 1314,21141,PERCOF XAROPE 120ML,96108,A,9,6,12,0.84,5,7.0,0,7.0,0,,7.0,0,0.3142,0.4897,2.5,0.0,0.0,0.0,7.0,0,33.92,45.21,237.44,0.0,9.0,305.28000000000003,0,0,
test_q4_2024,2024-12-04,1314,LOJA 1314,21141,PERCOF XAROPE 120ML,96108,A,9,6,12,0.84,5,7.0,0,7.0,0,,7.0,0,0.2704,0.4897,2.5,0.0,0.0,0.0,7.0,0,33.92,45.21,237.44,0.0,9.0,305.28000000000003,0,0,
test_q4_2024,2024-12-05,1314,LOJA 1314,21141,PERCOF XAROPE 120ML,96108,A,9,6,12,0.84,5,7.0,0,7.0,0,,7.0,0,0.2267,0.4897,2.5,0.0,0.0,0.0,7.0,0,33.92,45.21,237.44,0.0,12.0,407.04,0,0,
test_q4_2024,2024-12-06,1314,LOJA 1314,21141,PERCOF XAROPE 120ML,96108,A,9,6,12,0.84,5,7.0,0,7.0,0,,7.0,0,0.2267,0.4897,2.5,0.0,0.0,0.0,7.0,0,33.92,45.21,237.44,0.0,12.0,407.04,0,0,
test_q4_2024,2024-12-07,1314,LOJA 1314,21141,PERCOF XAROPE 120ML,96108,A,9,6,12,0.84,5,7.0,0,7.0,0,,7.0,0,0.1696,0.4897,2.5,1.0,1.0,0.0,6.0,0,33.92,45.21,203.52,0.0,13.0,440.96000000000004,0,0,
test_q4_2024,2024-12-08,1314,LOJA 1314,21141,PERCOF XAROPE 120ML,96108,A,9,6,12,0.84,5,6.0,0,6.0,6,2024-12-17,12.0,6,0.2571,0.4897,2.5,0.0,0.0,0.0,6.0,0,33.92,45.21,203.52,31.81,,,0,0,
test_q4_2024,2024-12-09,1314,LOJA 1314,21141,PERCOF XAROPE 120ML,96108,A,9,6,12,0.84,5,6.0,0,12.0,0,,12.0,6,0.1696,0.4897,2.5,1.0,1.0,0.0,5.0,0,33.92,45.21,169.6,0.0,12.0,407.04,0,0,
test_q4_2024,2024-12-10,1314,LOJA 1314,21141,PERCOF XAROPE 120ML,96108,A,9,6,12,0.84,5,5.0,0,11.0,0,,11.0,6,0.3142,0.4897,2.5,1.0,1.0,0.0,4.0,0,33.92,45.21,135.68,0.0,11.0,373.12,0,0,
test_q4_2024,2024-12-11,1314,LOJA 1314,21141,PERCOF XAROPE 120ML,96108,A,9,6,12,0.84,5,4.0,0,10.0,0,,10.0,6,0.2704,0.4897,2.5,0.0,0.0,0.0,4.0,0,33.92,45.21,135.68,0.0,10.0,339.20000000000005,0,0,
test_q4_2024,2024-12-12,1314,LOJA 1314,21141,PERCOF XAROPE 120ML,96108,A,9,6,12,0.84,5,4.0,0,10.0,0,,10.0,6,0.2267,0.4897,2.5,0.0,0.0,0.0,4.0,0,33.92,45.21,135.68,0.0,10.0,339.20000000000005,0,0,
test_q4_2024,2024-12-13,1314,LOJA 1314,21141,PERCOF XAROPE 120ML,96108,A,9,6,12,0.84,5,4.0,0,10.0,0,,10.0,6,0.2267,0.4897,2.5,0.0,0.0,0.0,4.0,0,33.92,45.21,135.68,0.0,10.0,339.20000000000005,0,0,
test_q4_2024,2024-12-14,1314,LOJA 1314,21141,PERCOF XAROPE 120ML,96108,A,9,6,12,0.84,5,4.0,0,10.0,0,,10.0,6,0.1829,0.4897,2.5,0.0,0.0,0.0,4.0,0,33.92,45.21,135.68,0.0,10.0,339.20000000000005,0,0,
test_q4_2024,2024-12-15,1314,LOJA 1314,21141,PERCOF XAROPE 120ML,96108,A,9,6,12,0.84,5,4.0,0,10.0,0,,10.0,6,0.2704,0.4897,2.5,0.0,0.0,0.0,4.0,0,33.92,45.21,135.68,0.0,,,0,0,
test_q4_2024,2024-12-16,1314,LOJA 1314,21141,PERCOF XAROPE 120ML,96108,A,9,6,12,0.84,5,4.0,0,10.0,0,,10.0,6,0.1829,0.4897,2.5,1.0,1.0,0.0,3.0,0,33.92,45.21,101.76,0.0,12.0,407.04,0,0,
test_q4_2024,2024-12-17,1314,LOJA 1314,21141,PERCOF XAROPE 120ML,96108,A,9,6,12,0.84,5,9.0,6,9.0,0,,9.0,0,0.3142,0.4897,2.5,0.0,0.0,0.0,9.0,0,33.92,45.21,305.28,0.0,11.0,373.12,0,0,
test_q4_2024,2024-12-18,1314,LOJA 1314,21141,PERCOF XAROPE 120ML,96108,A,9,6,12,0.84,5,9.0,0,9.0,0,,9.0,0,0.2704,0.4897,2.5,1.0,1.0,0.0,8.0,0,33.92,45.21,271.36,0.0,12.0,407.04,0,0,
test_q4_2024,2024-12-19,1314,LOJA 1314,21141,PERCOF XAROPE 120ML,96108,A,9,6,12,0.84,5,8.0,0,8.0,0,,8.0,0,0.2267,0.4897,2.5,0.0,0.0,0.0,8.0,0,33.92,45.21,271.36,0.0,11.0,373.12,0,0,
test_q4_2024,2024-12-20,1314,LOJA 1314,21141,PERCOF XAROPE 120ML,96108,A,9,6,12,0.84,5,8.0,0,8.0,0,,8.0,0,0.2267,0.4897,2.5,0.0,0.0,0.0,8.0,0,33.92,45.21,271.36,0.0,11.0,373.12,0,0,
test_q4_2024,2024-12-21,1314,LOJA 1314,21141,PERCOF XAROPE 120ML,96108,A,9,6,12,0.84,5,8.0,0,8.0,0,,8.0,0,0.1963,0.4897,2.5,0.0,0.0,0.0,8.0,0,33.92,45.21,271.36,0.0,11.0,373.12,0,0,
test_q4_2024,2024-12-22,1314,LOJA 1314,21141,PERCOF XAROPE 120ML,96108,A,9,6,12,0.84,5,8.0,0,8.0,0,,8.0,0,0.2837,0.4897,2.5,2.0,2.0,0.0,6.0,0,33.92,45.21,203.52,0.0,,,0,0,
test_q4_2024,2024-12-23,1314,LOJA 1314,21141,PERCOF XAROPE 120ML,96108,A,9,6,12,0.84,5,6.0,0,6.0,6,2025-01-01,12.0,6,0.1963,0.4897,2.5,1.0,1.0,0.0,5.0,0,33.92,45.21,169.6,31.81,9.0,305.28000000000003,0,0,
test_q4_2024,2024-12-24,1314,LOJA 1314,21141,PERCOF XAROPE 120ML,96108,A,9,6,12,0.84,5,5.0,0,11.0,0,,11.0,6,0.3275,0.4897,2.5,0.0,0.0,0.0,5.0,0,33.92,45.21,169.6,0.0,9.0,305.28000000000003,0,0,
test_q4_2024,2024-12-25,1314,LOJA 1314,21141,PERCOF XAROPE 120ML,96108,A,9,6,12,0.84,5,5.0,0,11.0,0,,11.0,6,0.2704,0.4897,2.5,0.0,0.0,0.0,5.0,0,33.92,45.21,169.6,0.0,9.0,305.28000000000003,0,0,
test_q4_2024,2024-12-26,1314,LOJA 1314,21141,PERCOF XAROPE 120ML,96108,A,9,6,12,0.84,5,5.0,0,11.0,0,,11.0,6,0.2133,0.4897,2.5,0.0,0.0,0.0,5.0,0,33.92,45.21,169.6,0.0,9.0,305.28000000000003,0,0,
test_q4_2024,2024-12-27,1314,LOJA 1314,21141,PERCOF XAROPE 120ML,96108,A,9,6,12,0.84,5,5.0,0,11.0,0,,11.0,6,0.2133,0.4897,2.5,0.0,0.0,0.0,5.0,0,33.92,45.21,169.6,0.0,9.0,305.28000000000003,0,0,
test_q4_2024,2024-12-28,1314,LOJA 1314,21141,PERCOF XAROPE 120ML,96108,A,9,6,12,0.84,5,5.0,0,11.0,0,,11.0,6,0.1696,0.4897,2.5,1.0,1.0,0.0,4.0,0,33.92,45.21,135.68,0.0,9.0,305.28000000000003,0,0,
test_q4_2024,2024-12-29,1314,LOJA 1314,21141,PERCOF XAROPE 120ML,96108,A,9,6,12,0.84,5,4.0,0,10.0,0,,10.0,6,0.2571,0.4897,2.5,0.0,0.0,0.0,4.0,0,33.92,45.21,135.68,0.0,,,0,0,
test_q4_2024,2024-12-30,1314,LOJA 1314,21141,PERCOF XAROPE 120ML,96108,A,9,6,12,0.84,5,4.0,0,10.0,0,,10.0,6,0.1696,0.4897,2.5,0.0,0.0,0.0,4.0,0,33.92,45.21,135.68,0.0,8.0,271.36,0,0,
test_q4_2024,2024-12-31,1314,LOJA 1314,21141,PERCOF XAROPE 120ML,96108,A,9,6,12,0.84,5,4.0,0,10.0,0,,10.0,6,0.3008,0.4897,2.5,0.0,0.0,0.0,4.0,0,33.92,45.21,135.68,0.0,11.0,373.12,0,0,
test_q4_2024,2024-10-01,1314,LOJA 1314,31330,ABRILAR XAROPE 200ML,87021,B,9,6,7,0.84,5,6.0,0,6.0,1,2024-10-10,7.0,1,0.1426,0.2575,2.5,0.0,0.0,0.0,6.0,0,76.37,91.1,458.22,65.22,1.0,76.37,0,0,
test_q4_2024,2024-10-02,1314,LOJA 1314,31330,ABRILAR XAROPE 200ML,87021,B,9,6,7,0.84,5,6.0,0,7.0,0,,7.0,1,0.1388,0.2575,2.5,0.0,0.0,0.0,6.0,0,76.37,91.1,458.22,0.0,1.0,76.37,0,0,
test_q4_2024,2024-10-03,1314,LOJA 1314,31330,ABRILAR XAROPE 200ML,87021,B,9,6,7,0.84,5,6.0,0,7.0,0,,7.0,1,0.1388,0.2575,2.5,0.0,0.0,0.0,6.0,0,76.37,91.1,458.22,0.0,1.0,76.37,0,0,
test_q4_2024,2024-10-04,1314,LOJA 1314,31330,ABRILAR XAROPE 200ML,87021,B,9,6,7,0.84,5,6.0,0,7.0,0,,7.0,1,0.1826,0.2575,2.5,0.0,0.0,0.0,6.0,0,76.37,91.1,458.22,0.0,1.0,76.37,0,0,
test_q4_2024,2024-10-05,1314,LOJA 1314,31330,ABRILAR XAROPE 200ML,87021,B,9,6,7,0.84,5,6.0,0,7.0,0,,7.0,1,0.1388,0.2575,2.5,0.0,0.0,0.0,6.0,0,76.37,91.1,458.22,0.0,1.0,76.37,0,0,
test_q4_2024,2024-10-06,1314,LOJA 1314,31330,ABRILAR XAROPE 200ML,87021,B,9,6,7,0.84,5,6.0,0,7.0,0,,7.0,1,0.1121,0.2575,2.5,0.0,0.0,0.0,6.0,0,76.37,91.1,458.22,0.0,,,0,0,
test_q4_2024,2024-10-07,1314,LOJA 1314,31330,ABRILAR XAROPE 200ML,87021,B,9,6,7,0.84,5,6.0,0,7.0,0,,7.0,1,0.1996,0.2575,2.5,0.0,0.0,0.0,6.0,0,76.37,91.1,458.22,0.0,1.0,76.37,0,0,
test_q4_2024,2024-10-08,1314,LOJA 1314,31330,ABRILAR XAROPE 200ML,87021,B,9,6,7,0.84,5,6.0,0,7.0,0,,7.0,1,0.1559,0.2575,2.5,0.0,0.0,0.0,6.0,0,76.37,91.1,458.22,0.0,2.0,152.74,0,0,
test_q4_2024,2024-10-09,1314,LOJA 1314,31330,ABRILAR XAROPE 200ML,87021,B,9,6,7,0.84,5,6.0,0,7.0,0,,7.0,1,0.1121,0.2575,2.5,0.0,0.0,0.0,6.0,0,76.37,91.1,458.22,0.0,2.0,152.74,0,0,
test_q4_2024,2024-10-10,1314,LOJA 1314,31330,ABRILAR XAROPE 200ML,87021,B,9,6,7,0.84,5,7.0,1,7.0,0,,7.0,0,0.1121,0.2575,2.5,0.0,0.0,0.0,7.0,0,76.37,91.1,534.59,0.0,2.0,152.74,0,0,
test_q4_2024,2024-10-11,1314,LOJA 1314,31330,ABRILAR XAROPE 200ML,87021,B,9,6,7,0.84,5,7.0,0,7.0,0,,7.0,0,0.1559,0.2575,2.5,0.0,0.0,0.0,7.0,0,76.37,91.1,534.59,0.0,3.0,229.11,0,0,
test_q4_2024,2024-10-12,1314,LOJA 1314,31330,ABRILAR XAROPE 200ML,87021,B,9,6,7,0.84,5,7.0,0,7.0,0,,7.0,0,0.1121,0.2575,2.5,0.0,0.0,0.0,7.0,0,76.37,91.1,534.59,0.0,3.0,229.11,0,0,
test_q4_2024,2024-10-13,1314,LOJA 1314,31330,ABRILAR XAROPE 200ML,87021,B,9,6,7,0.84,5,7.0,0,7.0,0,,7.0,0,0.1121,0.2575,2.5,0.0,0.0,0.0,7.0,0,76.37,91.1,534.59,0.0,,,0,0,
test_q4_2024,2024-10-14,1314,LOJA 1314,31330,ABRILAR XAROPE 200ML,87021,B,9,6,7,0.84,5,7.0,0,7.0,0,,7.0,0,0.1996,0.2575,2.5,0.0,0.0,0.0,7.0,0,76.37,91.1,534.59,0.0,3.0,229.11,0,0,
test_q4_2024,2024-10-15,1314,LOJA 1314,31330,ABRILAR XAROPE 200ML,87021,B,9,6,7,0.84,5,7.0,0,7.0,0,,7.0,0,0.1159,0.2575,2.5,0.0,0.0,0.0,7.0,0,76.37,91.1,534.59,0.0,3.0,229.11,0,0,
test_q4_2024,2024-10-16,1314,LOJA 1314,31330,ABRILAR XAROPE 200ML,87021,B,9,6,7,0.84,5,7.0,0,7.0,0,,7.0,0,0.0721,0.2575,2.5,0.0,0.0,0.0,7.0,0,76.37,91.1,534.59,0.0,3.0,229.11,0,0,
test_q4_2024,2024-10-17,1314,LOJA 1314,31330,ABRILAR XAROPE 200ML,87021,B,9,6,7,0.84,5,7.0,0,7.0,0,,7.0,0,0.0321,0.2575,2.5,0.0,0.0,0.0,7.0,0,76.37,91.1,534.59,0.0,3.0,229.11,0,0,
test_q4_2024,2024-10-18,1314,LOJA 1314,31330,ABRILAR XAROPE 200ML,87021,B,9,6,7,0.84,5,7.0,0,7.0,0,,7.0,0,0.0759,0.2575,2.5,0.0,0.0,0.0,7.0,0,76.37,91.1,534.59,0.0,3.0,229.11,0,0,
test_q4_2024,2024-10-19,1314,LOJA 1314,31330,ABRILAR XAROPE 200ML,87021,B,9,6,7,0.84,5,7.0,0,7.0,0,,7.0,0,0.0321,0.2575,2.5,0.0,0.0,0.0,7.0,0,76.37,91.1,534.59,0.0,3.0,229.11,0,0,
test_q4_2024,2024-10-20,1314,LOJA 1314,31330,ABRILAR XAROPE 200ML,87021,B,9,6,7,0.84,5,7.0,0,7.0,0,,7.0,0,0.0321,0.2575,2.5,0.0,0.0,0.0,7.0,0,76.37,91.1,534.59,0.0,,,0,0,
test_q4_2024,2024-10-21,1314,LOJA 1314,31330,ABRILAR XAROPE 200ML,87021,B,9,6,7,0.84,5,7.0,0,7.0,0,,7.0,0,0.1196,0.2575,2.5,0.0,0.0,0.0,7.0,0,76.37,91.1,534.59,0.0,3.0,229.11,0,0,
test_q4_2024,2024-10-22,1314,LOJA 1314,31330,ABRILAR XAROPE 200ML,87021,B,9,6,7,0.84,5,7.0,0,7.0,0,,7.0,0,0.0759,0.2575,2.5,0.0,0.0,0.0,7.0,0,76.37,91.1,534.59,0.0,3.0,229.11,0,0,
test_q4_2024,2024-10-23,1314,LOJA 1314,31330,ABRILAR XAROPE 200ML,87021,B,9,6,7,0.84,5,7.0,0,7.0,0,,7.0,0,0.0321,0.2575,2.5,0.0,0.0,0.0,7.0,0,76.37,91.1,534.59,0.0,3.0,229.11,0,0,
test_q4_2024,2024-10-24,1314,LOJA 1314,31330,ABRILAR XAROPE 200ML,87021,B,9,6,7,0.84,5,7.0,0,7.0,0,,7.0,0,0.0321,0.2575,2.5,0.0,0.0,0.0,7.0,0,76.37,91.1,534.59,0.0,3.0,229.11,0,0,
test_q4_2024,2024-10-25,1314,LOJA 1314,31330,ABRILAR XAROPE 200ML,87021,B,9,6,7,0.84,5,7.0,0,7.0,0,,7.0,0,0.0759,0.2575,2.5,0.0,0.0,0.0,7.0,0,76.37,91.1,534.59,0.0,3.0,229.11,0,0,
test_q4_2024,2024-10-26,1314,LOJA 1314,31330,ABRILAR XAROPE 200ML,87021,B,9,6,7,0.84,5,7.0,0,7.0,0,,7.0,0,0.0321,0.2575,2.5,0.0,0.0,0.0,7.0,0,76.37,91.1,534.59,0.0,3.0,229.11,0,0,
test_q4_2024,2024-10-27,1314,LOJA 1314,31330,ABRILAR XAROPE 200ML,87021,B,9,6,7,0.84,5,7.0,0,7.0,0,,7.0,0,0.0321,0.2575,2.5,0.0,0.0,0.0,7.0,0,76.37,91.1,534.59,0.0,,,0,0,
test_q4_2024,2024-10-28,1314,LOJA 1314,31330,ABRILAR XAROPE 200ML,87021,B,9,6,7,0.84,5,7.0,0,7.0,0,,7.0,0,0.1196,0.2575,2.5,1.0,1.0,0.0,6.0,0,76.37,91.1,458.22,0.0,3.0,229.11,0,0,
test_q4_2024,2024-10-29,1314,LOJA 1314,31330,ABRILAR XAROPE 200ML,87021,B,9,6,7,0.84,5,6.0,0,6.0,1,2024-11-07,7.0,1,0.0759,0.2575,2.5,1.0,1.0,0.0,5.0,0,76.37,91.1,381.85,65.22,2.0,152.74,0,0,
test_q4_2024,2024-10-30,1314,LOJA 1314,31330,ABRILAR XAROPE 200ML,87021,B,9,6,7,0.84,5,5.0,0,6.0,1,2024-11-08,7.0,2,0.0321,0.2575,2.5,0.0,0.0,0.0,5.0,0,76.37,91.1,381.85,65.22,1.0,76.37,0,0,
test_q4_2024,2024-10-31,1314,LOJA 1314,31330,ABRILAR XAROPE 200ML,87021,B,9,6,7,0.84,5,5.0,0,7.0,0,,7.0,2,0.0321,0.2575,2.5,0.0,0.0,0.0,5.0,0,76.37,91.1,381.85,0.0,1.0,76.37,0,0,
test_q4_2024,2024-11-01,1314,LOJA 1314,31330,ABRILAR XAROPE 200ML,87021,B,9,6,7,0.84,5,5.0,0,7.0,0,,7.0,2,0.0759,0.2575,2.5,0.0,0.0,0.0,5.0,0,76.37,91.1,381.85,0.0,1.0,76.37,0,0,
test_q4_2024,2024-11-02,1314,LOJA 1314,31330,ABRILAR XAROPE 200ML,87021,B,9,6,7,0.84,5,5.0,0,7.0,0,,7.0,2,0.0321,0.2575,2.5,0.0,0.0,0.0,5.0,0,76.37,91.1,381.85,0.0,1.0,76.37,0,0,
test_q4_2024,2024-11-03,1314,LOJA 1314,31330,ABRILAR XAROPE 200ML,87021,B,9,6,7,0.84,5,5.0,0,7.0,0,,7.0,2,0.0321,0.2575,2.5,0.0,0.0,0.0,5.0,0,76.37,91.1,381.85,0.0,,,0,0,
test_q4_2024,2024-11-04,1314,LOJA 1314,31330,ABRILAR XAROPE 200ML,87021,B,9,6,7,0.84,5,5.0,0,7.0,0,,7.0,2,0.1196,0.2575,2.5,0.0,0.0,0.0,5.0,0,76.37,91.1,381.85,0.0,1.0,76.37,0,0,
test_q4_2024,2024-11-05,1314,LOJA 1314,31330,ABRILAR XAROPE 200ML,87021,B,9,6,7,0.84,5,5.0,0,7.0,0,,7.0,2,0.0759,0.2575,2.5,0.0,0.0,0.0,5.0,0,76.37,91.1,381.85,0.0,2.0,152.74,0,0,
test_q4_2024,2024-11-06,1314,LOJA 1314,31330,ABRILAR XAROPE 200ML,87021,B,9,6,7,0.84,5,5.0,0,7.0,0,,7.0,2,0.0321,0.2575,2.5,0.0,0.0,0.0,5.0,0,76.37,91.1,381.85,0.0,2.0,152.74,0,0,
test_q4_2024,2024-11-07,1314,LOJA 1314,31330,ABRILAR XAROPE 200ML,87021,B,9,6,7,0.84,5,6.0,1,7.0,0,,7.0,1,0.0321,0.2575,2.5,0.0,0.0,0.0,6.0,0,76.37,91.1,458.22,0.0,2.0,152.74,0,0,
test_q4_2024,2024-11-08,1314,LOJA 1314,31330,ABRILAR XAROPE 200ML,87021,B,9,6,7,0.84,5,7.0,1,7.0,0,,7.0,0,0.0759,0.2575,2.5,0.0,0.0,0.0,7.0,0,76.37,91.1,534.59,0.0,5.0,381.85,0,0,
test_q4_2024,2024-11-09,1314,LOJA 1314,31330,ABRILAR XAROPE 200ML,87021,B,9,6,7,0.84,5,7.0,0,7.0,0,,7.0,0,0.0321,0.2575,2.5,0.0,0.0,0.0,7.0,0,76.37,91.1,534.59,0.0,5.0,381.85,0,0,
test_q4_2024,2024-11-10,1314,LOJA 1314,31330,ABRILAR XAROPE 200ML,87021,B,9,6,7,0.84,5,7.0,0,7.0,0,,7.0,0,0.0321,0.2575,2.5,0.0,0.0,0.0,7.0,0,76.37,91.1,534.59,0.0,,,0,0,
test_q4_2024,2024-11-11,1314,LOJA 1314,31330,ABRILAR XAROPE 200ML,87021,B,9,6,7,0.84,5,7.0,0,7.0,0,,7.0,0,0.1196,0.2575,2.5,0.0,0.0,0.0,7.0,0,76.37,91.1,534.59,0.0,5.0,381.85,0,0,
test_q4_2024,2024-11-12,1314,LOJA 1314,31330,ABRILAR XAROPE 200ML,87021,B,9,6,7,0.84,5,7.0,0,7.0,0,,7.0,0,0.0759,0.2575,2.5,0.0,0.0,0.0,7.0,0,76.37,91.1,534.59,0.0,5.0,381.85,0,0,
test_q4_2024,2024-11-13,1314,LOJA 1314,31330,ABRILAR XAROPE 200ML,87021,B,9,6,7,0.84,5,7.0,0,7.0,0,,7.0,0,0.0321,0.2575,2.5,0.0,0.0,0.0,7.0,0,76.37,91.1,534.59,0.0,5.0,381.85,0,0,
test_q4_2024,2024-11-14,1314,LOJA 1314,31330,ABRILAR XAROPE 200ML,87021,B,9,6,7,0.84,5,7.0,0,7.0,0,,7.0,0,0.0321,0.2575,2.5,0.0,0.0,0.0,7.0,0,76.37,91.1,534.59,0.0,5.0,381.85,0,0,
test_q4_2024,2024-11-15,1314,LOJA 1314,31330,ABRILAR XAROPE 200ML,87021,B,9,6,7,0.84,5,7.0,0,7.0,0,,7.0,0,0.0759,0.2575,2.5,1.0,1.0,0.0,6.0,0,76.37,91.1,458.22,0.0,5.0,381.85,0,0,
test_q4_2024,2024-11-16,1314,LOJA 1314,31330,ABRILAR XAROPE 200ML,87021,B,9,6,7,0.84,5,6.0,0,6.0,1,2024-11-25,7.0,1,0.0455,0.2575,2.5,0.0,0.0,0.0,6.0,0,76.37,91.1,458.22,65.22,4.0,305.48,0,0,
test_q4_2024,2024-11-17,1314,LOJA 1314,31330,ABRILAR XAROPE 200ML,87021,B,9,6,7,0.84,5,6.0,0,7.0,0,,7.0,1,0.0455,0.2575,2.5,0.0,0.0,0.0,6.0,0,76.37,91.1,458.22,0.0,,,0,0,
test_q4_2024,2024-11-18,1314,LOJA 1314,31330,ABRILAR XAROPE 200ML,87021,B,9,6,7,0.84,5,6.0,0,7.0,0,,7.0,1,0.133,0.2575,2.5,0.0,0.0,0.0,6.0,0,76.37,91.1,458.22,0.0,4.0,305.48,0,0,
test_q4_2024,2024-11-19,1314,LOJA 1314,31330,ABRILAR XAROPE 200ML,87021,B,9,6,7,0.84,5,6.0,0,7.0,0,,7.0,1,0.0892,0.2575,2.5,0.0,0.0,0.0,6.0,0,76.37,91.1,458.22,0.0,4.0,305.48,0,0,
test_q4_2024,2024-11-20,1314,LOJA 1314,31330,ABRILAR XAROPE 200ML,87021,B,9,6,7,0.84,5,6.0,0,7.0,0,,7.0,1,0.0455,0.2575,2.5,0.0,0.0,0.0,6.0,0,76.37,91.1,458.22,0.0,4.0,305.48,0,0,
test_q4_2024,2024-11-21,1314,LOJA 1314,31330,ABRILAR XAROPE 200ML,87021,B,9,6,7,0.84,5,6.0,0,7.0,0,,7.0,1,0.0455,0.2575,2.5,0.0,0.0,0.0,6.0,0,76.37,91.1,458.22,0.0,4.0,305.48,0,0,
test_q4_2024,2024-11-22,1314,LOJA 1314,31330,ABRILAR XAROPE 200ML,87021,B,9,6,7,0.84,5,6.0,0,7.0,0,,7.0,1,0.0892,0.2575,2.5,0.0,0.0,0.0,6.0,0,76.37,91.1,458.22,0.0,4.0,305.48,0,0,
test_q4_2024,2024-11-23,1314,LOJA 1314,31330,ABRILAR XAROPE 200ML,87021,B,9,6,7,0.84,5,6.0,0,7.0,0,,7.0,1,0.0455,0.2575,2.5,0.0,0.0,0.0,6.0,0,76.37,91.1,458.22,0.0,4.0,305.48,0,0,
test_q4_2024,2024-11-24,1314,LOJA 1314,31330,ABRILAR XAROPE 200ML,87021,B,9,6,7,0.84,5,6.0,0,7.0,0,,7.0,1,0.0455,0.2575,2.5,0.0,0.0,0.0,6.0,0,76.37,91.1,458.22,0.0,,,0,0,
test_q4_2024,2024-11-25,1314,LOJA 1314,31330,ABRILAR XAROPE 200ML,87021,B,9,6,7,0.84,5,7.0,1,7.0,0,,7.0,0,0.133,0.2575,2.5,1.0,1.0,0.0,6.0,0,76.37,91.1,458.22,0.0,4.0,305.48,0,0,
test_q4_2024,2024-11-26,1314,LOJA 1314,31330,ABRILAR XAROPE 200ML,87021,B,9,6,7,0.84,5,6.0,0,6.0,1,2024-12-05,7.0,1,0.0892,0.2575,2.5,0.0,0.0,0.0,6.0,0,76.37,91.1,458.22,65.22,3.0,229.11,0,0,
test_q4_2024,2024-11-27,1314,LOJA 1314,31330,ABRILAR XAROPE 200ML,87021,B,9,6,7,0.84,5,6.0,0,7.0,0,,7.0,1,0.0455,0.2575,2.5,0.0,0.0,0.0,6.0,0,76.37,91.1,458.22,0.0,3.0,229.11,0,0,
test_q4_2024,2024-11-28,1314,LOJA 1314,31330,ABRILAR XAROPE 200ML,87021,B,9,6,7,0.84,5,6.0,0,7.0,0,,7.0,1,0.0455,0.2575,2.5,0.0,0.0,0.0,6.0,0,76.37,91.1,458.22,0.0,3.0,229.11,0,0,
test_q4_2024,2024-11-29,1314,LOJA 1314,31330,ABRILAR XAROPE 200ML,87021,B,9,6,7,0.84,5,6.0,0,7.0,0,,7.0,1,0.0892,0.2575,2.5,0.0,0.0,0.0,6.0,0,76.37,91.1,458.22,0.0,3.0,229.11,0,0,
test_q4_2024,2024-11-30,1314,LOJA 1314,31330,ABRILAR XAROPE 200ML,87021,B,9,6,7,0.84,5,6.0,0,7.0,0,,7.0,1,0.0455,0.2575,2.5,0.0,0.0,0.0,6.0,0,76.37,91.1,458.22,0.0,3.0,229.11,0,0,
test_q4_2024,2024-12-01,1314,LOJA 1314,31330,ABRILAR XAROPE 200ML,87021,B,9,6,7,0.84,5,6.0,0,7.0,0,,7.0,1,0.0321,0.2575,2.5,0.0,0.0,0.0,6.0,0,76.37,91.1,458.22,0.0,,,0,0,
test_q4_2024,2024-12-02,1314,LOJA 1314,31330,ABRILAR XAROPE 200ML,87021,B,9,6,7,0.84,5,6.0,0,7.0,0,,7.0,1,0.1196,0.2575,2.5,0.0,0.0,0.0,6.0,0,76.37,91.1,458.22,0.0,4.0,305.48,0,0,
test_q4_2024,2024-12-03,1314,LOJA 1314,31330,ABRILAR XAROPE 200ML,87021,B,9,6,7,0.84,5,6.0,0,7.0,0,,7.0,1,0.0759,0.2575,2.5,0.0,0.0,0.0,6.0,0,76.37,91.1,458.22,0.0,4.0,305.48,0,0,
test_q4_2024,2024-12-04,1314,LOJA 1314,31330,ABRILAR XAROPE 200ML,87021,B,9,6,7,0.84,5,6.0,0,7.0,0,,7.0,1,0.0321,0.2575,2.5,0.0,0.0,0.0,6.0,0,76.37,91.1,458.22,0.0,4.0,305.48,0,0,
test_q4_2024,2024-12-05,1314,LOJA 1314,31330,ABRILAR XAROPE 200ML,87021,B,9,6,7,0.84,5,7.0,1,7.0,0,,7.0,0,0.0321,0.2575,2.5,1.0,1.0,0.0,6.0,0,76.37,91.1,458.22,0.0,4.0,305.48,0,0,
test_q4_2024,2024-12-06,1314,LOJA 1314,31330,ABRILAR XAROPE 200ML,87021,B,9,6,7,0.84,5,6.0,0,6.0,1,2024-12-15,7.0,1,0.0759,0.2575,2.5,0.0,0.0,0.0,6.0,0,76.37,91.1,458.22,65.22,3.0,229.11,0,0,
test_q4_2024,2024-12-07,1314,LOJA 1314,31330,ABRILAR XAROPE 200ML,87021,B,9,6,7,0.84,5,6.0,0,7.0,0,,7.0,1,0.0321,0.2575,2.5,0.0,0.0,0.0,6.0,0,76.37,91.1,458.22,0.0,3.0,229.11,0,0,
test_q4_2024,2024-12-08,1314,LOJA 1314,31330,ABRILAR XAROPE 200ML,87021,B,9,6,7,0.84,5,6.0,0,7.0,0,,7.0,1,0.0321,0.2575,2.5,0.0,0.0,0.0,6.0,0,76.37,91.1,458.22,0.0,,,0,0,
test_q4_2024,2024-12-09,1314,LOJA 1314,31330,ABRILAR XAROPE 200ML,87021,B,9,6,7,0.84,5,6.0,0,7.0,0,,7.0,1,0.1196,0.2575,2.5,0.0,0.0,0.0,6.0,0,76.37,91.1,458.22,0.0,3.0,229.11,0,0,
test_q4_2024,2024-12-10,1314,LOJA 1314,31330,ABRILAR XAROPE 200ML,87021,B,9,6,7,0.84,5,6.0,0,7.0,0,,7.0,1,0.0759,0.2575,2.5,0.0,0.0,0.0,6.0,0,76.37,91.1,458.22,0.0,3.0,229.11,0,0,
test_q4_2024,2024-12-11,1314,LOJA 1314,31330,ABRILAR XAROPE 200ML,87021,B,9,6,7,0.84,5,6.0,0,7.0,0,,7.0,1,0.0321,0.2575,2.5,0.0,0.0,0.0,6.0,0,76.37,91.1,458.22,0.0,3.0,229.11,0,0,
test_q4_2024,2024-12-12,1314,LOJA 1314,31330,ABRILAR XAROPE 200ML,87021,B,9,6,7,0.84,5,6.0,0,7.0,0,,7.0,1,0.0321,0.2575,2.5,0.0,0.0,0.0,6.0,0,76.37,91.1,458.22,0.0,5.0,381.85,0,0,
test_q4_2024,2024-12-13,1314,LOJA 1314,31330,ABRILAR XAROPE 200ML,87021,B,9,6,7,0.84,5,6.0,0,7.0,0,,7.0,1,0.0759,0.2575,2.5,0.0,0.0,0.0,6.0,0,76.37,91.1,458.22,0.0,5.0,381.85,0,0,
test_q4_2024,2024-12-14,1314,LOJA 1314,31330,ABRILAR XAROPE 200ML,87021,B,9,6,7,0.84,5,6.0,0,7.0,0,,7.0,1,0.0321,0.2575,2.5,0.0,0.0,0.0,6.0,0,76.37,91.1,458.22,0.0,5.0,381.85,0,0,
test_q4_2024,2024-12-15,1314,LOJA 1314,31330,ABRILAR XAROPE 200ML,87021,B,9,6,7,0.84,5,7.0,1,7.0,0,,7.0,0,0.0321,0.2575,2.5,0.0,0.0,0.0,7.0,0,76.37,91.1,534.59,0.0,,,0,0,
test_q4_2024,2024-12-16,1314,LOJA 1314,31330,ABRILAR XAROPE 200ML,87021,B,9,6,7,0.84,5,7.0,0,7.0,0,,7.0,0,0.1196,0.2575,2.5,0.0,0.0,0.0,7.0,0,76.37,91.1,534.59,0.0,6.0,458.22,0,0,
test_q4_2024,2024-12-17,1314,LOJA 1314,31330,ABRILAR XAROPE 200ML,87021,B,9,6,7,0.84,5,7.0,0,7.0,0,,7.0,0,0.0759,0.2575,2.5,0.0,0.0,0.0,7.0,0,76.37,91.1,534.59,0.0,6.0,458.22,0,0,
test_q4_2024,2024-12-18,1314,LOJA 1314,31330,ABRILAR XAROPE 200ML,87021,B,9,6,7,0.84,5,7.0,0,7.0,0,,7.0,0,0.0321,0.2575,2.5,0.0,0.0,0.0,7.0,0,76.37,91.1,534.59,0.0,6.0,458.22,0,0,
test_q4_2024,2024-12-19,1314,LOJA 1314,31330,ABRILAR XAROPE 200ML,87021,B,9,6,7,0.84,5,7.0,0,7.0,0,,7.0,0,0.0321,0.2575,2.5,0.0,0.0,0.0,7.0,0,76.37,91.1,534.59,0.0,6.0,458.22,0,0,
test_q4_2024,2024-12-20,1314,LOJA 1314,31330,ABRILAR XAROPE 200ML,87021,B,9,6,7,0.84,5,7.0,0,7.0,0,,7.0,0,0.0759,0.2575,2.5,0.0,0.0,0.0,7.0,0,76.37,91.1,534.59,0.0,6.0,458.22,0,0,
test_q4_2024,2024-12-21,1314,LOJA 1314,31330,ABRILAR XAROPE 200ML,87021,B,9,6,7,0.84,5,7.0,0,7.0,0,,7.0,0,0.0321,0.2575,2.5,0.0,0.0,0.0,7.0,0,76.37,91.1,534.59,0.0,6.0,458.22,0,0,
test_q4_2024,2024-12-22,1314,LOJA 1314,31330,ABRILAR XAROPE 200ML,87021,B,9,6,7,0.84,5,7.0,0,7.0,0,,7.0,0,0.0321,0.2575,2.5,0.0,0.0,0.0,7.0,0,76.37,91.1,534.59,0.0,,,0,0,
test_q4_2024,2024-12-23,1314,LOJA 1314,31330,ABRILAR XAROPE 200ML,87021,B,9,6,7,0.84,5,7.0,0,7.0,0,,7.0,0,0.1196,0.2575,2.5,0.0,0.0,0.0,7.0,0,76.37,91.1,534.59,0.0,6.0,458.22,0,0,
test_q4_2024,2024-12-24,1314,LOJA 1314,31330,ABRILAR XAROPE 200ML,87021,B,9,6,7,0.84,5,7.0,0,7.0,0,,7.0,0,0.0759,0.2575,2.5,0.0,0.0,0.0,7.0,0,76.37,91.1,534.59,0.0,6.0,458.22,0,0,
test_q4_2024,2024-12-25,1314,LOJA 1314,31330,ABRILAR XAROPE 200ML,87021,B,9,6,7,0.84,5,7.0,0,7.0,0,,7.0,0,0.0321,0.2575,2.5,0.0,0.0,0.0,7.0,0,76.37,91.1,534.59,0.0,6.0,458.22,0,0,
test_q4_2024,2024-12-26,1314,LOJA 1314,31330,ABRILAR XAROPE 200ML,87021,B,9,6,7,0.84,5,7.0,0,7.0,0,,7.0,0,0.0321,0.2575,2.5,0.0,0.0,0.0,7.0,0,76.37,91.1,534.59,0.0,6.0,458.22,0,0,
test_q4_2024,2024-12-27,1314,LOJA 1314,31330,ABRILAR XAROPE 200ML,87021,B,9,6,7,0.84,5,7.0,0,7.0,0,,7.0,0,0.0759,0.2575,2.5,0.0,0.0,0.0,7.0,0,76.37,91.1,534.59,0.0,6.0,458.22,0,0,
test_q4_2024,2024-12-28,1314,LOJA 1314,31330,ABRILAR XAROPE 200ML,87021,B,9,6,7,0.84,5,7.0,0,7.0,0,,7.0,0,0.0321,0.2575,2.5,0.0,0.0,0.0,7.0,0,76.37,91.1,534.59,0.0,6.0,458.22,0,0,
test_q4_2024,2024-12-29,1314,LOJA 1314,31330,ABRILAR XAROPE 200ML,87021,B,9,6,7,0.84,5,7.0,0,7.0,0,,7.0,0,0.0321,0.2575,2.5,0.0,0.0,0.0,7.0,0,76.37,91.1,534.59,0.0,,,0,0,
test_q4_2024,2024-12-30,1314,LOJA 1314,31330,ABRILAR XAROPE 200ML,87021,B,9,6,7,0.84,5,7.0,0,7.0,0,,7.0,0,0.1196,0.2575,2.5,0.0,0.0,0.0,7.0,0,76.37,91.1,534.59,0.0,6.0,458.22,0,0,
test_q4_2024,2024-12-31,1314,LOJA 1314,31330,ABRILAR XAROPE 200ML,87021,B,9,6,7,0.84,5,7.0,0,7.0,0,,7.0,0,0.0759,0.2575,2.5,0.0,0.0,0.0,7.0,0,76.37,91.1,534.59,0.0,6.0,458.22,0,0,
test_q4_2024,2024-10-01,1314,LOJA 1314,35416,EXPECTAMIN XAROPE 120ML,102013,C,9,3,9,0.84,5,5.0,0,5.0,0,,5.0,0,0.04,0.0,2.5,0.0,0.0,0.0,5.0,0,23.52,25.52,117.6,0.0,5.0,117.6,0,0,
test_q4_2024,2024-10-02,1314,LOJA 1314,35416,EXPECTAMIN XAROPE 120ML,102013,C,9,3,9,0.84,5,5.0,0,5.0,0,,5.0,0,0.04,0.0,2.5,0.0,0.0,0.0,5.0,0,23.52,25.52,117.6,0.0,5.0,117.6,0,0,
test_q4_2024,2024-10-03,1314,LOJA 1314,35416,EXPECTAMIN XAROPE 120ML,102013,C,9,3,9,0.84,5,5.0,0,5.0,0,,5.0,0,0.04,0.0,2.5,0.0,0.0,0.0,5.0,0,23.52,25.52,117.6,0.0,5.0,117.6,0,0,
test_q4_2024,2024-10-04,1314,LOJA 1314,35416,EXPECTAMIN XAROPE 120ML,102013,C,9,3,9,0.84,5,5.0,0,5.0,0,,5.0,0,0.12,0.0,2.5,0.0,0.0,0.0,5.0,0,23.52,25.52,117.6,0.0,5.0,117.6,0,0,
test_q4_2024,2024-10-05,1314,LOJA 1314,35416,EXPECTAMIN XAROPE 120ML,102013,C,9,3,9,0.84,5,5.0,0,5.0,0,,5.0,0,0.12,0.0,2.5,0.0,0.0,0.0,5.0,0,23.52,25.52,117.6,0.0,5.0,117.6,0,0,
test_q4_2024,2024-10-06,1314,LOJA 1314,35416,EXPECTAMIN XAROPE 120ML,102013,C,9,3,9,0.84,5,5.0,0,5.0,0,,5.0,0,0.12,0.0,2.5,0.0,0.0,0.0,5.0,0,23.52,25.52,117.6,0.0,,,0,0,
test_q4_2024,2024-10-07,1314,LOJA 1314,35416,EXPECTAMIN XAROPE 120ML,102013,C,9,3,9,0.84,5,5.0,0,5.0,0,,5.0,0,0.12,0.0,2.5,0.0,0.0,0.0,5.0,0,23.52,25.52,117.6,0.0,5.0,117.6,0,0,
test_q4_2024,2024-10-08,1314,LOJA 1314,35416,EXPECTAMIN XAROPE 120ML,102013,C,9,3,9,0.84,5,5.0,0,5.0,0,,5.0,0,0.12,0.0,2.5,0.0,0.0,0.0,5.0,0,23.52,25.52,117.6,0.0,5.0,117.6,0,0,
test_q4_2024,2024-10-09,1314,LOJA 1314,35416,EXPECTAMIN XAROPE 120ML,102013,C,9,3,9,0.84,5,5.0,0,5.0,0,,5.0,0,0.12,0.0,2.5,0.0,0.0,0.0,5.0,0,23.52,25.52,117.6,0.0,5.0,117.6,0,0,
test_q4_2024,2024-10-10,1314,LOJA 1314,35416,EXPECTAMIN XAROPE 120ML,102013,C,9,3,9,0.84,5,5.0,0,5.0,0,,5.0,0,0.12,0.0,2.5,0.0,0.0,0.0,5.0,0,23.52,25.52,117.6,0.0,5.0,117.6,0,0,
test_q4_2024,2024-10-11,1314,LOJA 1314,35416,EXPECTAMIN XAROPE 120ML,102013,C,9,3,9,0.84,5,5.0,0,5.0,0,,5.0,0,0.12,0.0,2.5,0.0,0.0,0.0,5.0,0,23.52,25.52,117.6,0.0,5.0,117.6,0,0,
test_q4_2024,2024-10-12,1314,LOJA 1314,35416,EXPECTAMIN XAROPE 120ML,102013,C,9,3,9,0.84,5,5.0,0,5.0,0,,5.0,0,0.12,0.0,2.5,1.0,1.0,0.0,4.0,0,23.52,25.52,94.08,0.0,5.0,117.6,0,0,
test_q4_2024,2024-10-13,1314,LOJA 1314,35416,EXPECTAMIN XAROPE 120ML,102013,C,9,3,9,0.84,5,4.0,0,4.0,0,,4.0,0,0.08,0.0,2.5,0.0,0.0,0.0,4.0,0,23.52,25.52,94.08,0.0,,,0,0,
test_q4_2024,2024-10-14,1314,LOJA 1314,35416,EXPECTAMIN XAROPE 120ML,102013,C,9,3,9,0.84,5,4.0,0,4.0,0,,4.0,0,0.08,0.0,2.5,0.0,0.0,0.0,4.0,0,23.52,25.52,94.08,0.0,4.0,94.08,0,0,
test_q4_2024,2024-10-15,1314,LOJA 1314,35416,EXPECTAMIN XAROPE 120ML,102013,C,9,3,9,0.84,5,4.0,0,4.0,0,,4.0,0,0.08,0.0,2.5,0.0,0.0,0.0,4.0,0,23.52,25.52,94.08,0.0,4.0,94.08,0,0,
test_q4_2024,2024-10-16,1314,LOJA 1314,35416,EXPECTAMIN XAROPE 120ML,102013,C,9,3,9,0.84,5,4.0,0,4.0,0,,4.0,0,0.08,0.0,2.5,0.0,0.0,0.0,4.0,0,23.52,25.52,94.08,0.0,4.0,94.08,0,0,
test_q4_2024,2024-10-17,1314,LOJA 1314,35416,EXPECTAMIN XAROPE 120ML,102013,C,9,3,9,0.84,5,4.0,0,4.0,0,,4.0,0,0.08,0.0,2.5,0.0,0.0,0.0,4.0,0,23.52,25.52,94.08,0.0,4.0,94.08,0,0,
test_q4_2024,2024-10-18,1314,LOJA 1314,35416,EXPECTAMIN XAROPE 120ML,102013,C,9,3,9,0.84,5,4.0,0,4.0,0,,4.0,0,0.08,0.0,2.5,0.0,0.0,0.0,4.0,0,23.52,25.52,94.08,0.0,4.0,94.08,0,0,
test_q4_2024,2024-10-19,1314,LOJA 1314,35416,EXPECTAMIN XAROPE 120ML,102013,C,9,3,9,0.84,5,4.0,0,4.0,0,,4.0,0,0.0,0.0,2.5,0.0,0.0,0.0,4.0,0,23.52,25.52,94.08,0.0,5.0,117.6,0,0,
test_q4_2024,2024-10-20,1314,LOJA 1314,35416,EXPECTAMIN XAROPE 120ML,102013,C,9,3,9,0.84,5,4.0,0,4.0,0,,4.0,0,0.0,0.0,2.5,0.0,0.0,0.0,4.0,0,23.52,25.52,94.08,0.0,,,0,0,
test_q4_2024,2024-10-21,1314,LOJA 1314,35416,EXPECTAMIN XAROPE 120ML,102013,C,9,3,9,0.84,5,4.0,0,4.0,0,,4.0,0,0.0,0.0,2.5,0.0,0.0,0.0,4.0,0,23.52,25.52,94.08,0.0,5.0,117.6,0,0,
test_q4_2024,2024-10-22,1314,LOJA 1314,35416,EXPECTAMIN XAROPE 120ML,102013,C,9,3,9,0.84,5,4.0,0,4.0,0,,4.0,0,0.0,0.0,2.5,0.0,0.0,0.0,4.0,0,23.52,25.52,94.08,0.0,5.0,117.6,0,0,
test_q4_2024,2024-10-23,1314,LOJA 1314,35416,EXPECTAMIN XAROPE 120ML,102013,C,9,3,9,0.84,5,4.0,0,4.0,0,,4.0,0,0.0,0.0,2.5,0.0,0.0,0.0,4.0,0,23.52,25.52,94.08,0.0,5.0,117.6,0,0,
test_q4_2024,2024-10-24,1314,LOJA 1314,35416,EXPECTAMIN XAROPE 120ML,102013,C,9,3,9,0.84,5,4.0,0,4.0,0,,4.0,0,0.0,0.0,2.5,0.0,0.0,0.0,4.0,0,23.52,25.52,94.08,0.0,5.0,117.6,0,0,
test_q4_2024,2024-10-25,1314,LOJA 1314,35416,EXPECTAMIN XAROPE 120ML,102013,C,9,3,9,0.84,5,4.0,0,4.0,0,,4.0,0,0.0,0.0,2.5,0.0,0.0,0.0,4.0,0,23.52,25.52,94.08,0.0,5.0,117.6,0,0,
test_q4_2024,2024-10-26,1314,LOJA 1314,35416,EXPECTAMIN XAROPE 120ML,102013,C,9,3,9,0.84,5,4.0,0,4.0,0,,4.0,0,0.0,0.0,2.5,0.0,0.0,0.0,4.0,0,23.52,25.52,94.08,0.0,5.0,117.6,0,0,
test_q4_2024,2024-10-27,1314,LOJA 1314,35416,EXPECTAMIN XAROPE 120ML,102013,C,9,3,9,0.84,5,4.0,0,4.0,0,,4.0,0,0.0,0.0,2.5,0.0,0.0,0.0,4.0,0,23.52,25.52,94.08,0.0,,,0,0,
test_q4_2024,2024-10-28,1314,LOJA 1314,35416,EXPECTAMIN XAROPE 120ML,102013,C,9,3,9,0.84,5,4.0,0,4.0,0,,4.0,0,0.0,0.0,2.5,0.0,0.0,0.0,4.0,0,23.52,25.52,94.08,0.0,5.0,117.6,0,0,
test_q4_2024,2024-10-29,1314,LOJA 1314,35416,EXPECTAMIN XAROPE 120ML,102013,C,9,3,9,0.84,5,4.0,0,4.0,0,,4.0,0,0.0,0.0,2.5,0.0,0.0,0.0,4.0,0,23.52,25.52,94.08,0.0,5.0,117.6,0,0,
test_q4_2024,2024-10-30,1314,LOJA 1314,35416,EXPECTAMIN XAROPE 120ML,102013,C,9,3,9,0.84,5,4.0,0,4.0,0,,4.0,0,0.0,0.0,2.5,0.0,0.0,0.0,4.0,0,23.52,25.52,94.08,0.0,5.0,117.6,0,0,
test_q4_2024,2024-10-31,1314,LOJA 1314,35416,EXPECTAMIN XAROPE 120ML,102013,C,9,3,9,0.84,5,4.0,0,4.0,0,,4.0,0,0.0133,0.0,2.5,0.0,0.0,0.0,4.0,0,23.52,25.52,94.08,0.0,5.0,117.6,0,0,
test_q4_2024,2024-11-01,1314,LOJA 1314,35416,EXPECTAMIN XAROPE 120ML,102013,C,9,3,9,0.84,5,4.0,0,4.0,0,,4.0,0,0.0133,0.0,2.5,0.0,0.0,0.0,4.0,0,23.52,25.52,94.08,0.0,5.0,117.6,0,0,
test_q4_2024,2024-11-02,1314,LOJA 1314,35416,EXPECTAMIN XAROPE 120ML,102013,C,9,3,9,0.84,5,4.0,0,4.0,0,,4.0,0,0.0133,0.0,2.5,0.0,0.0,0.0,4.0,0,23.52,25.52,94.08,0.0,5.0,117.6,0,0,
test_q4_2024,2024-11-03,1314,LOJA 1314,35416,EXPECTAMIN XAROPE 120ML,102013,C,9,3,9,0.84,5,4.0,0,4.0,0,,4.0,0,0.0133,0.0,2.5,0.0,0.0,0.0,4.0,0,23.52,25.52,94.08,0.0,,,0,0,
test_q4_2024,2024-11-04,1314,LOJA 1314,35416,EXPECTAMIN XAROPE 120ML,102013,C,9,3,9,0.84,5,4.0,0,4.0,0,,4.0,0,0.0133,0.0,2.5,0.0,0.0,0.0,4.0,0,23.52,25.52,94.08,0.0,5.0,117.6,0,0,
test_q4_2024,2024-11-05,1314,LOJA 1314,35416,EXPECTAMIN XAROPE 120ML,102013,C,9,3,9,0.84,5,4.0,0,4.0,0,,4.0,0,0.0133,0.0,2.5,0.0,0.0,0.0,4.0,0,23.52,25.52,94.08,0.0,5.0,117.6,0,0,
test_q4_2024,2024-11-06,1314,LOJA 1314,35416,EXPECTAMIN XAROPE 120ML,102013,C,9,3,9,0.84,5,4.0,0,4.0,0,,4.0,0,0.0133,0.0,2.5,0.0,0.0,0.0,4.0,0,23.52,25.52,94.08,0.0,5.0,117.6,0,0,
test_q4_2024,2024-11-07,1314,LOJA 1314,35416,EXPECTAMIN XAROPE 120ML,102013,C,9,3,9,0.84,5,4.0,0,4.0,0,,4.0,0,0.0267,0.0,2.5,0.0,0.0,0.0,4.0,0,23.52,25.52,94.08,0.0,5.0,117.6,0,0,
test_q4_2024,2024-11-08,1314,LOJA 1314,35416,EXPECTAMIN XAROPE 120ML,102013,C,9,3,9,0.84,5,4.0,0,4.0,0,,4.0,0,0.0267,0.0,2.5,0.0,0.0,0.0,4.0,0,23.52,25.52,94.08,0.0,5.0,117.6,0,0,
test_q4_2024,2024-11-09,1314,LOJA 1314,35416,EXPECTAMIN XAROPE 120ML,102013,C,9,3,9,0.84,5,4.0,0,4.0,0,,4.0,0,0.0267,0.0,2.5,0.0,0.0,0.0,4.0,0,23.52,25.52,94.08,0.0,5.0,117.6,0,0,
test_q4_2024,2024-11-10,1314,LOJA 1314,35416,EXPECTAMIN XAROPE 120ML,102013,C,9,3,9,0.84,5,4.0,0,4.0,0,,4.0,0,0.0267,0.0,2.5,0.0,0.0,0.0,4.0,0,23.52,25.52,94.08,0.0,,,0,0,
test_q4_2024,2024-11-11,1314,LOJA 1314,35416,EXPECTAMIN XAROPE 120ML,102013,C,9,3,9,0.84,5,4.0,0,4.0,0,,4.0,0,0.0267,0.0,2.5,0.0,0.0,0.0,4.0,0,23.52,25.52,94.08,0.0,5.0,117.6,0,0,
test_q4_2024,2024-11-12,1314,LOJA 1314,35416,EXPECTAMIN XAROPE 120ML,102013,C,9,3,9,0.84,5,4.0,0,4.0,0,,4.0,0,0.04,0.0,2.5,0.0,0.0,0.0,4.0,0,23.52,25.52,94.08,0.0,5.0,117.6,0,0,
test_q4_2024,2024-11-13,1314,LOJA 1314,35416,EXPECTAMIN XAROPE 120ML,102013,C,9,3,9,0.84,5,4.0,0,4.0,0,,4.0,0,0.0533,0.0,2.5,0.0,0.0,0.0,4.0,0,23.52,25.52,94.08,0.0,5.0,117.6,0,0,
test_q4_2024,2024-11-14,1314,LOJA 1314,35416,EXPECTAMIN XAROPE 120ML,102013,C,9,3,9,0.84,5,4.0,0,4.0,0,,4.0,0,0.0533,0.0,2.5,0.0,0.0,0.0,4.0,0,23.52,25.52,94.08,0.0,5.0,117.6,0,0,
test_q4_2024,2024-11-15,1314,LOJA 1314,35416,EXPECTAMIN XAROPE 120ML,102013,C,9,3,9,0.84,5,4.0,0,4.0,0,,4.0,0,0.04,0.0,2.5,0.0,0.0,0.0,4.0,0,23.52,25.52,94.08,0.0,5.0,117.6,0,0,
test_q4_2024,2024-11-16,1314,LOJA 1314,35416,EXPECTAMIN XAROPE 120ML,102013,C,9,3,9,0.84,5,4.0,0,4.0,0,,4.0,0,0.04,0.0,2.5,0.0,0.0,0.0,4.0,0,23.52,25.52,94.08,0.0,5.0,117.6,0,0,
test_q4_2024,2024-11-17,1314,LOJA 1314,35416,EXPECTAMIN XAROPE 120ML,102013,C,9,3,9,0.84,5,4.0,0,4.0,0,,4.0,0,0.04,0.0,2.5,0.0,0.0,0.0,4.0,0,23.52,25.52,94.08,0.0,,,0,0,
test_q4_2024,2024-11-18,1314,LOJA 1314,35416,EXPECTAMIN XAROPE 120ML,102013,C,9,3,9,0.84,5,4.0,0,4.0,0,,4.0,0,0.0533,0.0,2.5,0.0,0.0,0.0,4.0,0,23.52,25.52,94.08,0.0,5.0,117.6,0,0,
test_q4_2024,2024-11-19,1314,LOJA 1314,35416,EXPECTAMIN XAROPE 120ML,102013,C,9,3,9,0.84,5,4.0,0,4.0,0,,4.0,0,0.0533,0.0,2.5,0.0,0.0,0.0,4.0,0,23.52,25.52,94.08,0.0,5.0,117.6,0,0,
test_q4_2024,2024-11-20,1314,LOJA 1314,35416,EXPECTAMIN XAROPE 120ML,102013,C,9,3,9,0.84,5,4.0,0,4.0,0,,4.0,0,0.0533,0.0,2.5,0.0,0.0,0.0,4.0,0,23.52,25.52,94.08,0.0,5.0,117.6,0,0,
test_q4_2024,2024-11-21,1314,LOJA 1314,35416,EXPECTAMIN XAROPE 120ML,102013,C,9,3,9,0.84,5,4.0,0,4.0,0,,4.0,0,0.0533,0.0,2.5,0.0,0.0,0.0,4.0,0,23.52,25.52,94.08,0.0,5.0,117.6,0,0,
test_q4_2024,2024-11-22,1314,LOJA 1314,35416,EXPECTAMIN XAROPE 120ML,102013,C,9,3,9,0.84,5,4.0,0,4.0,0,,4.0,0,0.04,0.0,2.5,0.0,0.0,0.0,4.0,0,23.52,25.52,94.08,0.0,5.0,117.6,0,0,
test_q4_2024,2024-11-23,1314,LOJA 1314,35416,EXPECTAMIN XAROPE 120ML,102013,C,9,3,9,0.84,5,4.0,0,4.0,0,,4.0,0,0.0533,0.0,2.5,0.0,0.0,0.0,4.0,0,23.52,25.52,94.08,0.0,5.0,117.6,0,0,
test_q4_2024,2024-11-24,1314,LOJA 1314,35416,EXPECTAMIN XAROPE 120ML,102013,C,9,3,9,0.84,5,4.0,0,4.0,0,,4.0,0,0.0533,0.0,2.5,0.0,0.0,0.0,4.0,0,23.52,25.52,94.08,0.0,,,0,0,
test_q4_2024,2024-11-25,1314,LOJA 1314,35416,EXPECTAMIN XAROPE 120ML,102013,C,9,3,9,0.84,5,4.0,0,4.0,0,,4.0,0,0.0533,0.0,2.5,0.0,0.0,0.0,4.0,0,23.52,25.52,94.08,0.0,5.0,117.6,0,0,
test_q4_2024,2024-11-26,1314,LOJA 1314,35416,EXPECTAMIN XAROPE 120ML,102013,C,9,3,9,0.84,5,4.0,0,4.0,0,,4.0,0,0.0533,0.0,2.5,0.0,0.0,0.0,4.0,0,23.52,25.52,94.08,0.0,6.0,141.12,0,0,
test_q4_2024,2024-11-27,1314,LOJA 1314,35416,EXPECTAMIN XAROPE 120ML,102013,C,9,3,9,0.84,5,4.0,0,4.0,0,,4.0,0,0.04,0.0,2.5,0.0,0.0,0.0,4.0,0,23.52,25.52,94.08,0.0,6.0,141.12,0,0,
test_q4_2024,2024-11-28,1314,LOJA 1314,35416,EXPECTAMIN XAROPE 120ML,102013,C,9,3,9,0.84,5,4.0,0,4.0,0,,4.0,0,0.0267,0.0,2.5,0.0,0.0,0.0,4.0,0,23.52,25.52,94.08,0.0,6.0,141.12,0,0,
test_q4_2024,2024-11-29,1314,LOJA 1314,35416,EXPECTAMIN XAROPE 120ML,102013,C,9,3,9,0.84,5,4.0,0,4.0,0,,4.0,0,0.04,0.0,2.5,0.0,0.0,0.0,4.0,0,23.52,25.52,94.08,0.0,6.0,141.12,0,0,
test_q4_2024,2024-11-30,1314,LOJA 1314,35416,EXPECTAMIN XAROPE 120ML,102013,C,9,3,9,0.84,5,4.0,0,4.0,0,,4.0,0,0.04,0.0,2.5,0.0,0.0,0.0,4.0,0,23.52,25.52,94.08,0.0,6.0,141.12,0,0,
test_q4_2024,2024-12-01,1314,LOJA 1314,35416,EXPECTAMIN XAROPE 120ML,102013,C,9,3,9,0.84,5,4.0,0,4.0,0,,4.0,0,0.04,0.0,2.5,0.0,0.0,0.0,4.0,0,23.52,25.52,94.08,0.0,,,0,0,
test_q4_2024,2024-12-02,1314,LOJA 1314,35416,EXPECTAMIN XAROPE 120ML,102013,C,9,3,9,0.84,5,4.0,0,4.0,0,,4.0,0,0.0533,0.0,2.5,0.0,0.0,0.0,4.0,0,23.52,25.52,94.08,0.0,6.0,141.12,0,0,
test_q4_2024,2024-12-03,1314,LOJA 1314,35416,EXPECTAMIN XAROPE 120ML,102013,C,9,3,9,0.84,5,4.0,0,4.0,0,,4.0,0,0.04,0.0,2.5,1.0,1.0,0.0,3.0,0,23.52,25.52,70.56,0.0,6.0,141.12,0,0,
test_q4_2024,2024-12-04,1314,LOJA 1314,35416,EXPECTAMIN XAROPE 120ML,102013,C,9,3,9,0.84,5,3.0,0,3.0,6,2024-12-13,9.0,6,0.04,0.0,2.5,0.0,0.0,0.0,3.0,0,23.52,25.52,70.56,15.48,5.0,117.6,0,0,
test_q4_2024,2024-12-05,1314,LOJA 1314,35416,EXPECTAMIN XAROPE 120ML,102013,C,9,3,9,0.84,5,3.0,0,9.0,0,,9.0,6,0.04,0.0,2.5,0.0,0.0,0.0,3.0,0,23.52,25.52,70.56,0.0,5.0,117.6,0,0,
test_q4_2024,2024-12-06,1314,LOJA 1314,35416,EXPECTAMIN XAROPE 120ML,102013,C,9,3,9,0.84,5,3.0,0,9.0,0,,9.0,6,0.04,0.0,2.5,0.0,0.0,0.0,3.0,0,23.52,25.52,70.56,0.0,5.0,117.6,0,0,
test_q4_2024,2024-12-07,1314,LOJA 1314,35416,EXPECTAMIN XAROPE 120ML,102013,C,9,3,9,0.84,5,3.0,0,9.0,0,,9.0,6,0.04,0.0,2.5,0.0,0.0,0.0,3.0,0,23.52,25.52,70.56,0.0,5.0,117.6,0,0,
test_q4_2024,2024-12-08,1314,LOJA 1314,35416,EXPECTAMIN XAROPE 120ML,102013,C,9,3,9,0.84,5,3.0,0,9.0,0,,9.0,6,0.0267,0.0,2.5,0.0,0.0,0.0,3.0,0,23.52,25.52,70.56,0.0,,,0,0,
test_q4_2024,2024-12-09,1314,LOJA 1314,35416,EXPECTAMIN XAROPE 120ML,102013,C,9,3,9,0.84,5,3.0,0,9.0,0,,9.0,6,0.0267,0.0,2.5,0.0,0.0,0.0,3.0,0,23.52,25.52,70.56,0.0,5.0,117.6,0,0,
test_q4_2024,2024-12-10,1314,LOJA 1314,35416,EXPECTAMIN XAROPE 120ML,102013,C,9,3,9,0.84,5,3.0,0,9.0,0,,9.0,6,0.0267,0.0,2.5,0.0,0.0,0.0,3.0,0,23.52,25.52,70.56,0.0,5.0,117.6,0,0,
test_q4_2024,2024-12-11,1314,LOJA 1314,35416,EXPECTAMIN XAROPE 120ML,102013,C,9,3,9,0.84,5,3.0,0,9.0,0,,9.0,6,0.0267,0.0,2.5,0.0,0.0,0.0,3.0,0,23.52,25.52,70.56,0.0,5.0,117.6,0,0,
test_q4_2024,2024-12-12,1314,LOJA 1314,35416,EXPECTAMIN XAROPE 120ML,102013,C,9,3,9,0.84,5,3.0,0,9.0,0,,9.0,6,0.04,0.0,2.5,0.0,0.0,0.0,3.0,0,23.52,25.52,70.56,0.0,5.0,117.6,0,0,
test_q4_2024,2024-12-13,1314,LOJA 1314,35416,EXPECTAMIN XAROPE 120ML,102013,C,9,3,9,0.84,5,9.0,6,9.0,0,,9.0,0,0.04,0.0,2.5,0.0,0.0,0.0,9.0,0,23.52,25.52,211.68,0.0,5.0,117.6,0,0,
test_q4_2024,2024-12-14,1314,LOJA 1314,35416,EXPECTAMIN XAROPE 120ML,102013,C,9,3,9,0.84,5,9.0,0,9.0,0,,9.0,0,0.0267,0.0,2.5,0.0,0.0,0.0,9.0,0,23.52,25.52,211.68,0.0,5.0,117.6,0,0,
test_q4_2024,2024-12-15,1314,LOJA 1314,35416,EXPECTAMIN XAROPE 120ML,102013,C,9,3,9,0.84,5,9.0,0,9.0,0,,9.0,0,0.0267,0.0,2.5,0.0,0.0,0.0,9.0,0,23.52,25.52,211.68,0.0,,,0,0,
test_q4_2024,2024-12-16,1314,LOJA 1314,35416,EXPECTAMIN XAROPE 120ML,102013,C,9,3,9,0.84,5,9.0,0,9.0,0,,9.0,0,0.0267,0.0,2.5,0.0,0.0,0.0,9.0,0,23.52,25.52,211.68,0.0,5.0,117.6,0,0,
test_q4_2024,2024-12-17,1314,LOJA 1314,35416,EXPECTAMIN XAROPE 120ML,102013,C,9,3,9,0.84,5,9.0,0,9.0,0,,9.0,0,0.0133,0.0,2.5,0.0,0.0,0.0,9.0,0,23.52,25.52,211.68,0.0,5.0,117.6,0,0,
test_q4_2024,2024-12-18,1314,LOJA 1314,35416,EXPECTAMIN XAROPE 120ML,102013,C,9,3,9,0.84,5,9.0,0,9.0,0,,9.0,0,0.0133,0.0,2.5,0.0,0.0,0.0,9.0,0,23.52,25.52,211.68,0.0,5.0,117.6,0,0,
test_q4_2024,2024-12-19,1314,LOJA 1314,35416,EXPECTAMIN XAROPE 120ML,102013,C,9,3,9,0.84,5,9.0,0,9.0,0,,9.0,0,0.0133,0.0,2.5,0.0,0.0,0.0,9.0,0,23.52,25.52,211.68,0.0,3.0,70.56,0,0,
test_q4_2024,2024-12-20,1314,LOJA 1314,35416,EXPECTAMIN XAROPE 120ML,102013,C,9,3,9,0.84,5,9.0,0,9.0,0,,9.0,0,0.0267,0.0,2.5,0.0,0.0,0.0,9.0,0,23.52,25.52,211.68,0.0,3.0,70.56,0,0,
test_q4_2024,2024-12-21,1314,LOJA 1314,35416,EXPECTAMIN XAROPE 120ML,102013,C,9,3,9,0.84,5,9.0,0,9.0,0,,9.0,0,0.0267,0.0,2.5,0.0,0.0,0.0,9.0,0,23.52,25.52,211.68,0.0,3.0,70.56,0,0,
test_q4_2024,2024-12-22,1314,LOJA 1314,35416,EXPECTAMIN XAROPE 120ML,102013,C,9,3,9,0.84,5,9.0,0,9.0,0,,9.0,0,0.0267,0.0,2.5,0.0,0.0,0.0,9.0,0,23.52,25.52,211.68,0.0,,,0,0,
test_q4_2024,2024-12-23,1314,LOJA 1314,35416,EXPECTAMIN XAROPE 120ML,102013,C,9,3,9,0.84,5,9.0,0,9.0,0,,9.0,0,0.0267,0.0,2.5,0.0,0.0,0.0,9.0,0,23.52,25.52,211.68,0.0,3.0,70.56,0,0,
test_q4_2024,2024-12-24,1314,LOJA 1314,35416,EXPECTAMIN XAROPE 120ML,102013,C,9,3,9,0.84,5,9.0,0,9.0,0,,9.0,0,0.0267,0.0,2.5,0.0,0.0,0.0,9.0,0,23.52,25.52,211.68,0.0,3.0,70.56,0,0,
test_q4_2024,2024-12-25,1314,LOJA 1314,35416,EXPECTAMIN XAROPE 120ML,102013,C,9,3,9,0.84,5,9.0,0,9.0,0,,9.0,0,0.0267,0.0,2.5,0.0,0.0,0.0,9.0,0,23.52,25.52,211.68,0.0,3.0,70.56,0,0,
test_q4_2024,2024-12-26,1314,LOJA 1314,35416,EXPECTAMIN XAROPE 120ML,102013,C,9,3,9,0.84,5,9.0,0,9.0,0,,9.0,0,0.0267,0.0,2.5,0.0,0.0,0.0,9.0,0,23.52,25.52,211.68,0.0,3.0,70.56,0,0,
test_q4_2024,2024-12-27,1314,LOJA 1314,35416,EXPECTAMIN XAROPE 120ML,102013,C,9,3,9,0.84,5,9.0,0,9.0,0,,9.0,0,0.0133,0.0,2.5,0.0,0.0,0.0,9.0,0,23.52,25.52,211.68,0.0,3.0,70.56,0,0,
test_q4_2024,2024-12-28,1314,LOJA 1314,35416,EXPECTAMIN XAROPE 120ML,102013,C,9,3,9,0.84,5,9.0,0,9.0,0,,9.0,0,0.0133,0.0,2.5,1.0,1.0,0.0,8.0,0,23.52,25.52,188.16,0.0,3.0,70.56,0,0,
test_q4_2024,2024-12-29,1314,LOJA 1314,35416,EXPECTAMIN XAROPE 120ML,102013,C,9,3,9,0.84,5,8.0,0,8.0,0,,8.0,0,0.0133,0.0,2.5,0.0,0.0,0.0,8.0,0,23.52,25.52,188.16,0.0,,,0,0,
test_q4_2024,2024-12-30,1314,LOJA 1314,35416,EXPECTAMIN XAROPE 120ML,102013,C,9,3,9,0.84,5,8.0,0,8.0,0,,8.0,0,0.0133,0.0,2.5,0.0,0.0,0.0,8.0,0,23.52,25.52,188.16,0.0,2.0,47.04,0,0,
test_q4_2024,2024-12-31,1314,LOJA 1314,35416,EXPECTAMIN XAROPE 120ML,102013,C,9,3,9,0.84,5,8.0,0,8.0,0,,8.0,0,0.0133,0.0,2.5,0.0,0.0,0.0,8.0,0,23.52,25.52,188.16,0.0,2.0,47.04,0,0,
test_q4_2024,2024-10-01,1314,LOJA 1314,35772,EMSEXPECTOR XAROPE 120ML,173,C,9,2,3,0.84,5,3.0,0,3.0,0,,3.0,0,0.1518,0.2852,2.5,1.0,1.0,0.0,2.0,0,23.11,14.9,46.22,0.0,4.0,92.44,0,0,
test_q4_2024,2024-10-02,1314,LOJA 1314,35772,EMSEXPECTOR XAROPE 120ML,173,C,9,2,3,0.84,5,2.0,0,2.0,1,2024-10-11,3.0,1,0.108,0.2852,2.5,0.0,0.0,0.0,2.0,0,23.11,14.9,46.22,16.75,3.0,69.33,0,0,
test_q4_2024,2024-10-03,1314,LOJA 1314,35772,EMSEXPECTOR XAROPE 120ML,173,C,9,2,3,0.84,5,2.0,0,3.0,0,,3.0,1,0.0643,0.2852,2.5,0.0,0.0,0.0,2.0,0,23.11,14.9,46.22,0.0,3.0,69.33,0,0,
test_q4_2024,2024-10-04,1314,LOJA 1314,35772,EMSEXPECTOR XAROPE 120ML,173,C,9,2,3,0.84,5,2.0,0,3.0,0,,3.0,1,0.108,0.2852,2.5,0.0,0.0,0.0,2.0,0,23.11,14.9,46.22,0.0,3.0,69.33,0,0,
test_q4_2024,2024-10-05,1314,LOJA 1314,35772,EMSEXPECTOR XAROPE 120ML,173,C,9,2,3,0.84,5,2.0,0,3.0,0,,3.0,1,0.0643,0.2852,2.5,0.0,0.0,0.0,2.0,0,23.11,14.9,46.22,0.0,3.0,69.33,0,0,
test_q4_2024,2024-10-06,1314,LOJA 1314,35772,EMSEXPECTOR XAROPE 120ML,173,C,9,2,3,0.84,5,2.0,0,3.0,0,,3.0,1,0.108,0.2852,2.5,0.0,0.0,0.0,2.0,0,23.11,14.9,46.22,0.0,,,0,0,
test_q4_2024,2024-10-07,1314,LOJA 1314,35772,EMSEXPECTOR XAROPE 120ML,173,C,9,2,3,0.84,5,2.0,0,3.0,0,,3.0,1,0.0643,0.2852,2.5,0.0,0.0,0.0,2.0,0,23.11,14.9,46.22,0.0,3.0,69.33,0,0,
test_q4_2024,2024-10-08,1314,LOJA 1314,35772,EMSEXPECTOR XAROPE 120ML,173,C,9,2,3,0.84,5,2.0,0,3.0,0,,3.0,1,0.1518,0.2852,2.5,0.0,0.0,0.0,2.0,0,23.11,14.9,46.22,0.0,4.0,92.44,0,0,
test_q4_2024,2024-10-09,1314,LOJA 1314,35772,EMSEXPECTOR XAROPE 120ML,173,C,9,2,3,0.84,5,2.0,0,3.0,0,,3.0,1,0.108,0.2852,2.5,0.0,0.0,0.0,2.0,0,23.11,14.9,46.22,0.0,4.0,92.44,0,0,
test_q4_2024,2024-10-10,1314,LOJA 1314,35772,EMSEXPECTOR XAROPE 120ML,173,C,9,2,3,0.84,5,2.0,0,3.0,0,,3.0,1,0.0643,0.2852,2.5,0.0,0.0,0.0,2.0,0,23.11,14.9,46.22,0.0,4.0,92.44,0,0,
test_q4_2024,2024-10-11,1314,LOJA 1314,35772,EMSEXPECTOR XAROPE 120ML,173,C,9,2,3,0.84,5,3.0,1,3.0,0,,3.0,0,0.108,0.2852,2.5,0.0,0.0,0.0,3.0,0,23.11,14.9,69.33,0.0,4.0,92.44,0,0,
test_q4_2024,2024-10-12,1314,LOJA 1314,35772,EMSEXPECTOR XAROPE 120ML,173,C,9,2,3,0.84,5,3.0,0,3.0,0,,3.0,0,0.0643,0.2852,2.5,0.0,0.0,0.0,3.0,0,23.11,14.9,69.33,0.0,4.0,92.44,0,0,
test_q4_2024,2024-10-13,1314,LOJA 1314,35772,EMSEXPECTOR XAROPE 120ML,173,C,9,2,3,0.84,5,3.0,0,3.0,0,,3.0,0,0.108,0.2852,2.5,0.0,0.0,0.0,3.0,0,23.11,14.9,69.33,0.0,,,0,0,
test_q4_2024,2024-10-14,1314,LOJA 1314,35772,EMSEXPECTOR XAROPE 120ML,173,C,9,2,3,0.84,5,3.0,0,3.0,0,,3.0,0,0.0643,0.2852,2.5,0.0,0.0,0.0,3.0,0,23.11,14.9,69.33,0.0,4.0,92.44,0,0,
test_q4_2024,2024-10-15,1314,LOJA 1314,35772,EMSEXPECTOR XAROPE 120ML,173,C,9,2,3,0.84,5,3.0,0,3.0,0,,3.0,0,0.1518,0.2852,2.5,0.0,0.0,0.0,3.0,0,23.11,14.9,69.33,0.0,4.0,92.44,0,0,
test_q4_2024,2024-10-16,1314,LOJA 1314,35772,EMSEXPECTOR XAROPE 120ML,173,C,9,2,3,0.84,5,3.0,0,3.0,0,,3.0,0,0.108,0.2852,2.5,0.0,0.0,0.0,3.0,0,23.11,14.9,69.33,0.0,4.0,92.44,0,0,
test_q4_2024,2024-10-17,1314,LOJA 1314,35772,EMSEXPECTOR XAROPE 120ML,173,C,9,2,3,0.84,5,3.0,0,3.0,0,,3.0,0,0.0643,0.2852,2.5,0.0,0.0,0.0,3.0,0,23.11,14.9,69.33,0.0,4.0,92.44,0,0,
test_q4_2024,2024-10-18,1314,LOJA 1314,35772,EMSEXPECTOR XAROPE 120ML,173,C,9,2,3,0.84,5,3.0,0,3.0,0,,3.0,0,0.108,0.2852,2.5,0.0,0.0,0.0,3.0,0,23.11,14.9,69.33,0.0,4.0,92.44,0,0,
test_q4_2024,2024-10-19,1314,LOJA 1314,35772,EMSEXPECTOR XAROPE 120ML,173,C,9,2,3,0.84,5,3.0,0,3.0,0,,3.0,0,0.0643,0.2852,2.5,0.0,0.0,0.0,3.0,0,23.11,14.9,69.33,0.0,4.0,92.44,0,0,
test_q4_2024,2024-10-20,1314,LOJA 1314,35772,EMSEXPECTOR XAROPE 120ML,173,C,9,2,3,0.84,5,3.0,0,3.0,0,,3.0,0,0.108,0.2852,2.5,0.0,0.0,0.0,3.0,0,23.11,14.9,69.33,0.0,,,0,0,
test_q4_2024,2024-10-21,1314,LOJA 1314,35772,EMSEXPECTOR XAROPE 120ML,173,C,9,2,3,0.84,5,3.0,0,3.0,0,,3.0,0,0.0643,0.2852,2.5,0.0,0.0,0.0,3.0,0,23.11,14.9,69.33,0.0,4.0,92.44,0,0,
test_q4_2024,2024-10-22,1314,LOJA 1314,35772,EMSEXPECTOR XAROPE 120ML,173,C,9,2,3,0.84,5,3.0,0,3.0,0,,3.0,0,0.1518,0.2852,2.5,0.0,0.0,0.0,3.0,0,23.11,14.9,69.33,0.0,4.0,92.44,0,0,
test_q4_2024,2024-10-23,1314,LOJA 1314,35772,EMSEXPECTOR XAROPE 120ML,173,C,9,2,3,0.84,5,3.0,0,3.0,0,,3.0,0,0.108,0.2852,2.5,0.0,0.0,0.0,3.0,0,23.11,14.9,69.33,0.0,4.0,92.44,0,0,
test_q4_2024,2024-10-24,1314,LOJA 1314,35772,EMSEXPECTOR XAROPE 120ML,173,C,9,2,3,0.84,5,3.0,0,3.0,0,,3.0,0,0.0643,0.2852,2.5,0.0,0.0,0.0,3.0,0,23.11,14.9,69.33,0.0,4.0,92.44,0,0,
test_q4_2024,2024-10-25,1314,LOJA 1314,35772,EMSEXPECTOR XAROPE 120ML,173,C,9,2,3,0.84,5,3.0,0,3.0,0,,3.0,0,0.108,0.2852,2.5,0.0,0.0,0.0,3.0,0,23.11,14.9,69.33,0.0,4.0,92.44,0,0,
test_q4_2024,2024-10-26,1314,LOJA 1314,35772,EMSEXPECTOR XAROPE 120ML,173,C,9,2,3,0.84,5,3.0,0,3.0,0,,3.0,0,0.0643,0.2852,2.5,0.0,0.0,0.0,3.0,0,23.11,14.9,69.33,0.0,4.0,92.44,0,0,
test_q4_2024,2024-10-27,1314,LOJA 1314,35772,EMSEXPECTOR XAROPE 120ML,173,C,9,2,3,0.84,5,3.0,0,3.0,0,,3.0,0,0.108,0.2852,2.5,0.0,0.0,0.0,3.0,0,23.11,14.9,69.33,0.0,,,0,0,
test_q4_2024,2024-10-28,1314,LOJA 1314,35772,EMSEXPECTOR XAROPE 120ML,173,C,9,2,3,0.84,5,3.0,0,3.0,0,,3.0,0,0.0643,0.2852,2.5,0.0,0.0,0.0,3.0,0,23.11,14.9,69.33,0.0,4.0,92.44,0,0,
test_q4_2024,2024-10-29,1314,LOJA 1314,35772,EMSEXPECTOR XAROPE 120ML,173,C,9,2,3,0.84,5,3.0,0,3.0,0,,3.0,0,0.1518,0.2852,2.5,1.0,1.0,0.0,2.0,0,23.11,14.9,46.22,0.0,4.0,92.44,0,0,
test_q4_2024,2024-10-30,1314,LOJA 1314,35772,EMSEXPECTOR XAROPE 120ML,173,C,9,2,3,0.84,5,2.0,0,2.0,1,2024-11-08,3.0,1,0.108,0.2852,2.5,0.0,0.0,0.0,2.0,0,23.11,14.9,46.22,16.75,3.0,69.33,0,0,
test_q4_2024,2024-10-31,1314,LOJA 1314,35772,EMSEXPECTOR XAROPE 120ML,173,C,9,2,3,0.84,5,2.0,0,3.0,0,,3.0,1,0.0643,0.2852,2.5,0.0,0.0,0.0,2.0,0,23.11,14.9,46.22,0.0,3.0,69.33,0,0,
test_q4_2024,2024-11-01,1314,LOJA 1314,35772,EMSEXPECTOR XAROPE 120ML,173,C,9,2,3,0.84,5,2.0,0,3.0,0,,3.0,1,0.108,0.2852,2.5,0.0,0.0,0.0,2.0,0,23.11,14.9,46.22,0.0,3.0,69.33,0,0,
test_q4_2024,2024-11-02,1314,LOJA 1314,35772,EMSEXPECTOR XAROPE 120ML,173,C,9,2,3,0.84,5,2.0,0,3.0,0,,3.0,1,0.0643,0.2852,2.5,0.0,0.0,0.0,2.0,0,23.11,14.9,46.22,0.0,3.0,69.33,0,0,
test_q4_2024,2024-11-03,1314,LOJA 1314,35772,EMSEXPECTOR XAROPE 120ML,173,C,9,2,3,0.84,5,2.0,0,3.0,0,,3.0,1,0.108,0.2852,2.5,0.0,0.0,0.0,2.0,0,23.11,14.9,46.22,0.0,,,0,0,
test_q4_2024,2024-11-04,1314,LOJA 1314,35772,EMSEXPECTOR XAROPE 120ML,173,C,9,2,3,0.84,5,2.0,0,3.0,0,,3.0,1,0.0643,0.2852,2.5,0.0,0.0,0.0,2.0,0,23.11,14.9,46.22,0.0,3.0,69.33,0,0,
test_q4_2024,2024-11-05,1314,LOJA 1314,35772,EMSEXPECTOR XAROPE 120ML,173,C,9,2,3,0.84,5,2.0,0,3.0,0,,3.0,1,0.1518,0.2852,2.5,0.0,0.0,0.0,2.0,0,23.11,14.9,46.22,0.0,3.0,69.33,0,0,
test_q4_2024,2024-11-06,1314,LOJA 1314,35772,EMSEXPECTOR XAROPE 120ML,173,C,9,2,3,0.84,5,2.0,0,3.0,0,,3.0,1,0.108,0.2852,2.5,0.0,0.0,0.0,2.0,0,23.11,14.9,46.22,0.0,3.0,69.33,0,0,
test_q4_2024,2024-11-07,1314,LOJA 1314,35772,EMSEXPECTOR XAROPE 120ML,173,C,9,2,3,0.84,5,2.0,0,3.0,0,,3.0,1,0.0643,0.2852,2.5,1.0,1.0,0.0,1.0,0,23.11,14.9,23.11,0.0,3.0,69.33,0,0,
test_q4_2024,2024-11-08,1314,LOJA 1314,35772,EMSEXPECTOR XAROPE 120ML,173,C,9,2,3,0.84,5,2.0,1,2.0,1,2024-11-17,3.0,1,0.108,0.2852,2.5,2.0,2.0,0.0,0.0,0,23.11,14.9,0.0,16.75,3.0,69.33,0,0,
test_q4_2024,2024-11-09,1314,LOJA 1314,35772,EMSEXPECTOR XAROPE 120ML,173,C,9,2,3,0.84,5,0.0,0,1.0,2,2024-11-18,3.0,3,0.0643,0.2852,2.5,0.0,0.0,0.0,0.0,0,23.11,14.9,0.0,16.75,1.0,23.11,0,0,
test_q4_2024,2024-11-10,1314,LOJA 1314,35772,EMSEXPECTOR XAROPE 120ML,173,C,9,2,3,0.84,5,0.0,0,3.0,0,,3.0,3,0.108,0.2852,2.5,0.0,0.0,0.0,0.0,0,23.11,14.9,0.0,0.0,,,0,0,
test_q4_2024,2024-11-11,1314,LOJA 1314,35772,EMSEXPECTOR XAROPE 120ML,173,C,9,2,3,0.84,5,0.0,0,3.0,0,,3.0,3,0.0643,0.2852,2.5,0.0,0.0,0.0,0.0,0,23.11,14.9,0.0,0.0,1.0,23.11,0,0,
test_q4_2024,2024-11-12,1314,LOJA 1314,35772,EMSEXPECTOR XAROPE 120ML,173,C,9,2,3,0.84,5,0.0,0,3.0,0,,3.0,3,0.1518,0.2852,2.5,0.0,0.0,0.0,0.0,0,23.11,14.9,0.0,0.0,1.0,23.11,0,0,
test_q4_2024,2024-11-13,1314,LOJA 1314,35772,EMSEXPECTOR XAROPE 120ML,173,C,9,2,3,0.84,5,0.0,0,3.0,0,,3.0,3,0.108,0.2852,2.5,0.0,0.0,0.0,0.0,0,23.11,14.9,0.0,0.0,1.0,23.11,0,0,
test_q4_2024,2024-11-14,1314,LOJA 1314,35772,EMSEXPECTOR XAROPE 120ML,173,C,9,2,3,0.84,5,0.0,0,3.0,0,,3.0,3,0.0643,0.2852,2.5,0.0,0.0,0.0,0.0,0,23.11,14.9,0.0,0.0,1.0,23.11,0,0,
test_q4_2024,2024-11-15,1314,LOJA 1314,35772,EMSEXPECTOR XAROPE 120ML,173,C,9,2,3,0.84,5,0.0,0,3.0,0,,3.0,3,0.108,0.2852,2.5,0.0,0.0,0.0,0.0,0,23.11,14.9,0.0,0.0,4.0,92.44,0,0,
test_q4_2024,2024-11-16,1314,LOJA 1314,35772,EMSEXPECTOR XAROPE 120ML,173,C,9,2,3,0.84,5,0.0,0,3.0,0,,3.0,3,0.0643,0.2852,2.5,0.0,0.0,0.0,0.0,0,23.11,14.9,0.0,0.0,4.0,92.44,0,0,
test_q4_2024,2024-11-17,1314,LOJA 1314,35772,EMSEXPECTOR XAROPE 120ML,173,C,9,2,3,0.84,5,1.0,1,3.0,0,,3.0,2,0.108,0.2852,2.5,0.0,0.0,0.0,1.0,0,23.11,14.9,23.11,0.0,,,0,0,
test_q4_2024,2024-11-18,1314,LOJA 1314,35772,EMSEXPECTOR XAROPE 120ML,173,C,9,2,3,0.84,5,3.0,2,3.0,0,,3.0,0,0.0643,0.2852,2.5,0.0,0.0,0.0,3.0,0,23.11,14.9,69.33,0.0,4.0,92.44,0,0,
test_q4_2024,2024-11-19,1314,LOJA 1314,35772,EMSEXPECTOR XAROPE 120ML,173,C,9,2,3,0.84,5,3.0,0,3.0,0,,3.0,0,0.1518,0.2852,2.5,1.0,1.0,0.0,2.0,0,23.11,14.9,46.22,0.0,4.0,92.44,0,0,
test_q4_2024,2024-11-20,1314,LOJA 1314,35772,EMSEXPECTOR XAROPE 120ML,173,C,9,2,3,0.84,5,2.0,0,2.0,1,2024-11-29,3.0,1,0.108,0.2852,2.5,0.0,0.0,0.0,2.0,0,23.11,14.9,46.22,16.75,3.0,69.33,0,0,
test_q4_2024,2024-11-21,1314,LOJA 1314,35772,EMSEXPECTOR XAROPE 120ML,173,C,9,2,3,0.84,5,2.0,0,3.0,0,,3.0,1,0.0643,0.2852,2.5,0.0,0.0,0.0,2.0,0,23.11,14.9,46.22,0.0,3.0,69.33,0,0,
test_q4_2024,2024-11-22,1314,LOJA 1314,35772,EMSEXPECTOR XAROPE 120ML,173,C,9,2,3,0.84,5,2.0,0,3.0,0,,3.0,1,0.108,0.2852,2.5,0.0,0.0,0.0,2.0,0,23.11,14.9,46.22,0.0,3.0,69.33,0,0,
test_q4_2024,2024-11-23,1314,LOJA 1314,35772,EMSEXPECTOR XAROPE 120ML,173,C,9,2,3,0.84,5,2.0,0,3.0,0,,3.0,1,0.0643,0.2852,2.5,0.0,0.0,0.0,2.0,0,23.11,14.9,46.22,0.0,3.0,69.33,0,0,
test_q4_2024,2024-11-24,1314,LOJA 1314,35772,EMSEXPECTOR XAROPE 120ML,173,C,9,2,3,0.84,5,2.0,0,3.0,0,,3.0,1,0.108,0.2852,2.5,0.0,0.0,0.0,2.0,0,23.11,14.9,46.22,0.0,,,0,0,
test_q4_2024,2024-11-25,1314,LOJA 1314,35772,EMSEXPECTOR XAROPE 120ML,173,C,9,2,3,0.84,5,2.0,0,3.0,0,,3.0,1,0.0643,0.2852,2.5,0.0,0.0,0.0,2.0,0,23.11,14.9,46.22,0.0,3.0,69.33,0,0,
test_q4_2024,2024-11-26,1314,LOJA 1314,35772,EMSEXPECTOR XAROPE 120ML,173,C,9,2,3,0.84,5,2.0,0,3.0,0,,3.0,1,0.1518,0.2852,2.5,0.0,0.0,0.0,2.0,0,23.11,14.9,46.22,0.0,4.0,92.44,0,0,
test_q4_2024,2024-11-27,1314,LOJA 1314,35772,EMSEXPECTOR XAROPE 120ML,173,C,9,2,3,0.84,5,2.0,0,3.0,0,,3.0,1,0.108,0.2852,2.5,0.0,0.0,0.0,2.0,0,23.11,14.9,46.22,0.0,4.0,92.44,0,0,
test_q4_2024,2024-11-28,1314,LOJA 1314,35772,EMSEXPECTOR XAROPE 120ML,173,C,9,2,3,0.84,5,2.0,0,3.0,0,,3.0,1,0.0643,0.2852,2.5,0.0,0.0,0.0,2.0,0,23.11,14.9,46.22,0.0,4.0,92.44,0,0,
test_q4_2024,2024-11-29,1314,LOJA 1314,35772,EMSEXPECTOR XAROPE 120ML,173,C,9,2,3,0.84,5,3.0,1,3.0,0,,3.0,0,0.108,0.2852,2.5,0.0,0.0,0.0,3.0,0,23.11,14.9,69.33,0.0,4.0,92.44,0,0,
test_q4_2024,2024-11-30,1314,LOJA 1314,35772,EMSEXPECTOR XAROPE 120ML,173,C,9,2,3,0.84,5,3.0,0,3.0,0,,3.0,0,0.0643,0.2852,2.5,0.0,0.0,0.0,3.0,0,23.11,14.9,69.33,0.0,4.0,92.44,0,0,
test_q4_2024,2024-12-01,1314,LOJA 1314,35772,EMSEXPECTOR XAROPE 120ML,173,C,9,2,3,0.84,5,3.0,0,3.0,0,,3.0,0,0.108,0.2852,2.5,0.0,0.0,0.0,3.0,0,23.11,14.9,69.33,0.0,,,0,0,
test_q4_2024,2024-12-02,1314,LOJA 1314,35772,EMSEXPECTOR XAROPE 120ML,173,C,9,2,3,0.84,5,3.0,0,3.0,0,,3.0,0,0.0643,0.2852,2.5,0.0,0.0,0.0,3.0,0,23.11,14.9,69.33,0.0,4.0,92.44,0,0,
test_q4_2024,2024-12-03,1314,LOJA 1314,35772,EMSEXPECTOR XAROPE 120ML,173,C,9,2,3,0.84,5,3.0,0,3.0,0,,3.0,0,0.1518,0.2852,2.5,0.0,0.0,0.0,3.0,0,23.11,14.9,69.33,0.0,4.0,92.44,0,0,
test_q4_2024,2024-12-04,1314,LOJA 1314,35772,EMSEXPECTOR XAROPE 120ML,173,C,9,2,3,0.84,5,3.0,0,3.0,0,,3.0,0,0.108,0.2852,2.5,0.0,0.0,0.0,3.0,0,23.11,14.9,69.33,0.0,4.0,92.44,0,0,
test_q4_2024,2024-12-05,1314,LOJA 1314,35772,EMSEXPECTOR XAROPE 120ML,173,C,9,2,3,0.84,5,3.0,0,3.0,0,,3.0,0,0.0643,0.2852,2.5,0.0,0.0,0.0,3.0,0,23.11,14.9,69.33,0.0,4.0,92.44,0,0,
test_q4_2024,2024-12-06,1314,LOJA 1314,35772,EMSEXPECTOR XAROPE 120ML,173,C,9,2,3,0.84,5,3.0,0,3.0,0,,3.0,0,0.108,0.2852,2.5,0.0,0.0,0.0,3.0,0,23.11,14.9,69.33,0.0,4.0,92.44,0,0,
test_q4_2024,2024-12-07,1314,LOJA 1314,35772,EMSEXPECTOR XAROPE 120ML,173,C,9,2,3,0.84,5,3.0,0,3.0,0,,3.0,0,0.0643,0.2852,2.5,0.0,0.0,0.0,3.0,0,23.11,14.9,69.33,0.0,4.0,92.44,0,0,
test_q4_2024,2024-12-08,1314,LOJA 1314,35772,EMSEXPECTOR XAROPE 120ML,173,C,9,2,3,0.84,5,3.0,0,3.0,0,,3.0,0,0.108,0.2852,2.5,0.0,0.0,0.0,3.0,0,23.11,14.9,69.33,0.0,,,0,0,
test_q4_2024,2024-12-09,1314,LOJA 1314,35772,EMSEXPECTOR XAROPE 120ML,173,C,9,2,3,0.84,5,3.0,0,3.0,0,,3.0,0,0.0643,0.2852,2.5,0.0,0.0,0.0,3.0,0,23.11,14.9,69.33,0.0,4.0,92.44,0,0,
test_q4_2024,2024-12-10,1314,LOJA 1314,35772,EMSEXPECTOR XAROPE 120ML,173,C,9,2,3,0.84,5,3.0,0,3.0,0,,3.0,0,0.1518,0.2852,2.5,0.0,0.0,0.0,3.0,0,23.11,14.9,69.33,0.0,4.0,92.44,0,0,
test_q4_2024,2024-12-11,1314,LOJA 1314,35772,EMSEXPECTOR XAROPE 120ML,173,C,9,2,3,0.84,5,3.0,0,3.0,0,,3.0,0,0.108,0.2852,2.5,0.0,0.0,0.0,3.0,0,23.11,14.9,69.33,0.0,4.0,92.44,0,0,
test_q4_2024,2024-12-12,1314,LOJA 1314,35772,EMSEXPECTOR XAROPE 120ML,173,C,9,2,3,0.84,5,3.0,0,3.0,0,,3.0,0,0.0643,0.2852,2.5,0.0,0.0,0.0,3.0,0,23.11,14.9,69.33,0.0,4.0,92.44,0,0,
test_q4_2024,2024-12-13,1314,LOJA 1314,35772,EMSEXPECTOR XAROPE 120ML,173,C,9,2,3,0.84,5,3.0,0,3.0,0,,3.0,0,0.108,0.2852,2.5,0.0,0.0,0.0,3.0,0,23.11,14.9,69.33,0.0,4.0,92.44,0,0,
test_q4_2024,2024-12-14,1314,LOJA 1314,35772,EMSEXPECTOR XAROPE 120ML,173,C,9,2,3,0.84,5,3.0,0,3.0,0,,3.0,0,0.0643,0.2852,2.5,0.0,0.0,0.0,3.0,0,23.11,14.9,69.33,0.0,4.0,92.44,0,0,
test_q4_2024,2024-12-15,1314,LOJA 1314,35772,EMSEXPECTOR XAROPE 120ML,173,C,9,2,3,0.84,5,3.0,0,3.0,0,,3.0,0,0.108,0.2852,2.5,0.0,0.0,0.0,3.0,0,23.11,14.9,69.33,0.0,,,0,0,
test_q4_2024,2024-12-16,1314,LOJA 1314,35772,EMSEXPECTOR XAROPE 120ML,173,C,9,2,3,0.84,5,3.0,0,3.0,0,,3.0,0,0.0643,0.2852,2.5,0.0,0.0,0.0,3.0,0,23.11,14.9,69.33,0.0,4.0,92.44,0,0,
test_q4_2024,2024-12-17,1314,LOJA 1314,35772,EMSEXPECTOR XAROPE 120ML,173,C,9,2,3,0.84,5,3.0,0,3.0,0,,3.0,0,0.1518,0.2852,2.5,0.0,0.0,0.0,3.0,0,23.11,14.9,69.33,0.0,4.0,92.44,0,0,
test_q4_2024,2024-12-18,1314,LOJA 1314,35772,EMSEXPECTOR XAROPE 120ML,173,C,9,2,3,0.84,5,3.0,0,3.0,0,,3.0,0,0.108,0.2852,2.5,0.0,0.0,0.0,3.0,0,23.11,14.9,69.33,0.0,4.0,92.44,0,0,
test_q4_2024,2024-12-19,1314,LOJA 1314,35772,EMSEXPECTOR XAROPE 120ML,173,C,9,2,3,0.84,5,3.0,0,3.0,0,,3.0,0,0.0643,0.2852,2.5,0.0,0.0,0.0,3.0,0,23.11,14.9,69.33,0.0,4.0,92.44,0,0,
test_q4_2024,2024-12-20,1314,LOJA 1314,35772,EMSEXPECTOR XAROPE 120ML,173,C,9,2,3,0.84,5,3.0,0,3.0,0,,3.0,0,0.108,0.2852,2.5,0.0,0.0,0.0,3.0,0,23.11,14.9,69.33,0.0,4.0,92.44,0,0,
test_q4_2024,2024-12-21,1314,LOJA 1314,35772,EMSEXPECTOR XAROPE 120ML,173,C,9,2,3,0.84,5,3.0,0,3.0,0,,3.0,0,0.0643,0.2852,2.5,0.0,0.0,0.0,3.0,0,23.11,14.9,69.33,0.0,4.0,92.44,0,0,
test_q4_2024,2024-12-22,1314,LOJA 1314,35772,EMSEXPECTOR XAROPE 120ML,173,C,9,2,3,0.84,5,3.0,0,3.0,0,,3.0,0,0.108,0.2852,2.5,0.0,0.0,0.0,3.0,0,23.11,14.9,69.33,0.0,,,0,0,
test_q4_2024,2024-12-23,1314,LOJA 1314,35772,EMSEXPECTOR XAROPE 120ML,173,C,9,2,3,0.84,5,3.0,0,3.0,0,,3.0,0,0.0643,0.2852,2.5,0.0,0.0,0.0,3.0,0,23.11,14.9,69.33,0.0,4.0,92.44,0,0,
test_q4_2024,2024-12-24,1314,LOJA 1314,35772,EMSEXPECTOR XAROPE 120ML,173,C,9,2,3,0.84,5,3.0,0,3.0,0,,3.0,0,0.1518,0.2852,2.5,0.0,0.0,0.0,3.0,0,23.11,14.9,69.33,0.0,4.0,92.44,0,0,
test_q4_2024,2024-12-25,1314,LOJA 1314,35772,EMSEXPECTOR XAROPE 120ML,173,C,9,2,3,0.84,5,3.0,0,3.0,0,,3.0,0,0.108,0.2852,2.5,0.0,0.0,0.0,3.0,0,23.11,14.9,69.33,0.0,4.0,92.44,0,0,
test_q4_2024,2024-12-26,1314,LOJA 1314,35772,EMSEXPECTOR XAROPE 120ML,173,C,9,2,3,0.84,5,3.0,0,3.0,0,,3.0,0,0.0643,0.2852,2.5,0.0,0.0,0.0,3.0,0,23.11,14.9,69.33,0.0,4.0,92.44,0,0,
test_q4_2024,2024-12-27,1314,LOJA 1314,35772,EMSEXPECTOR XAROPE 120ML,173,C,9,2,3,0.84,5,3.0,0,3.0,0,,3.0,0,0.108,0.2852,2.5,0.0,0.0,0.0,3.0,0,23.11,14.9,69.33,0.0,4.0,92.44,0,0,
test_q4_2024,2024-12-28,1314,LOJA 1314,35772,EMSEXPECTOR XAROPE 120ML,173,C,9,2,3,0.84,5,3.0,0,3.0,0,,3.0,0,0.0643,0.2852,2.5,0.0,0.0,0.0,3.0,0,23.11,14.9,69.33,0.0,4.0,92.44,0,0,
test_q4_2024,2024-12-29,1314,LOJA 1314,35772,EMSEXPECTOR XAROPE 120ML,173,C,9,2,3,0.84,5,3.0,0,3.0,0,,3.0,0,0.108,0.2852,2.5,0.0,0.0,0.0,3.0,0,23.11,14.9,69.33,0.0,,,0,0,
test_q4_2024,2024-12-30,1314,LOJA 1314,35772,EMSEXPECTOR XAROPE 120ML,173,C,9,2,3,0.84,5,3.0,0,3.0,0,,3.0,0,0.0643,0.2852,2.5,0.0,0.0,0.0,3.0,0,23.11,14.9,69.33,0.0,4.0,92.44,0,0,
test_q4_2024,2024-12-31,1314,LOJA 1314,35772,EMSEXPECTOR XAROPE 120ML,173,C,9,2,3,0.84,5,3.0,0,3.0,0,,3.0,0,0.1518,0.2852,2.5,0.0,0.0,0.0,3.0,0,23.11,14.9,69.33,0.0,4.0,92.44,0,0,
test_q4_2024,2024-10-01,1314,LOJA 1314,36857,NARIX ADULTO 30ML,51356,C,9,6,12,0.84,5,8.0,0,8.0,0,,8.0,0,0.3121,0.7954,1.771518987341772,0.0,0.0,0.0,8.0,0,7.33,8.39,58.64,0.0,11.0,80.63,0,0,
test_q4_2024,2024-10-02,1314,LOJA 1314,36857,NARIX ADULTO 30ML,51356,C,9,6,12,0.84,5,8.0,0,8.0,0,,8.0,0,0.5213,0.7954,1.771518987341772,0.0,0.0,0.0,8.0,0,7.33,8.39,58.64,0.0,12.0,87.96000000000001,0,0,
test_q4_2024,2024-10-03,1314,LOJA 1314,36857,NARIX ADULTO 30ML,51356,C,9,6,12,0.84,5,8.0,0,8.0,0,,8.0,0,0.2988,0.7954,1.771518987341772,0.0,0.0,0.0,8.0,0,7.33,8.39,58.64,0.0,12.0,87.96000000000001,0,0,
test_q4_2024,2024-10-04,1314,LOJA 1314,36857,NARIX ADULTO 30ML,51356,C,9,6,12,0.84,5,8.0,0,8.0,0,,8.0,0,0.2246,0.7954,1.771518987341772,0.0,0.0,0.0,8.0,0,7.33,8.39,58.64,0.0,12.0,87.96000000000001,0,0,
test_q4_2024,2024-10-05,1314,LOJA 1314,36857,NARIX ADULTO 30ML,51356,C,9,6,12,0.84,5,8.0,0,8.0,0,,8.0,0,0.2246,0.7954,1.771518987341772,0.0,0.0,0.0,8.0,0,7.33,8.39,58.64,0.0,12.0,87.96000000000001,0,0,
test_q4_2024,2024-10-06,1314,LOJA 1314,36857,NARIX ADULTO 30ML,51356,C,9,6,12,0.84,5,8.0,0,8.0,0,,8.0,0,0.3484,0.7954,1.771518987341772,0.0,0.0,0.0,8.0,0,7.33,8.39,58.64,0.0,,,0,0,
test_q4_2024,2024-10-07,1314,LOJA 1314,36857,NARIX ADULTO 30ML,51356,C,9,6,12,0.84,5,8.0,0,8.0,0,,8.0,0,0.4359,0.7954,1.771518987341772,0.0,0.0,0.0,8.0,0,7.33,8.39,58.64,0.0,12.0,87.96000000000001,0,0,
test_q4_2024,2024-10-08,1314,LOJA 1314,36857,NARIX ADULTO 30ML,51356,C,9,6,12,0.84,5,8.0,0,8.0,0,,8.0,0,0.3921,0.7954,1.771518987341772,0.0,0.0,0.0,8.0,0,7.33,8.39,58.64,0.0,12.0,87.96000000000001,0,0,
test_q4_2024,2024-10-09,1314,LOJA 1314,36857,NARIX ADULTO 30ML,51356,C,9,6,12,0.84,5,8.0,0,8.0,0,,8.0,0,0.6546,0.7954,1.771518987341772,0.0,0.0,0.0,8.0,0,7.33,8.39,58.64,0.0,12.0,87.96000000000001,0,0,
test_q4_2024,2024-10-10,1314,LOJA 1314,36857,NARIX ADULTO 30ML,51356,C,9,6,12,0.84,5,8.0,0,8.0,0,,8.0,0,0.3921,0.7954,1.771518987341772,0.0,0.0,0.0,8.0,0,7.33,8.39,58.64,0.0,12.0,87.96000000000001,0,0,
test_q4_2024,2024-10-11,1314,LOJA 1314,36857,NARIX ADULTO 30ML,51356,C,9,6,12,0.84,5,8.0,0,8.0,0,,8.0,0,0.3046,0.7954,1.771518987341772,0.0,0.0,0.0,8.0,0,7.33,8.39,58.64,0.0,12.0,87.96000000000001,0,0,
test_q4_2024,2024-10-12,1314,LOJA 1314,36857,NARIX ADULTO 30ML,51356,C,9,6,12,0.84,5,8.0,0,8.0,0,,8.0,0,0.3046,0.7954,1.771518987341772,0.0,0.0,0.0,8.0,0,7.33,8.39,58.64,0.0,12.0,87.96000000000001,0,0,
test_q4_2024,2024-10-13,1314,LOJA 1314,36857,NARIX ADULTO 30ML,51356,C,9,6,12,0.84,5,8.0,0,8.0,0,,8.0,0,0.3484,0.7954,1.771518987341772,1.0,1.0,0.0,7.0,0,7.33,8.39,51.31,0.0,,,0,0,
test_q4_2024,2024-10-14,1314,LOJA 1314,36857,NARIX ADULTO 30ML,51356,C,9,6,12,0.84,5,7.0,0,7.0,0,,7.0,0,0.4359,0.7954,1.771518987341772,4.0,4.0,0.0,3.0,0,7.33,8.39,21.99,0.0,11.0,80.63,0,0,
test_q4_2024,2024-10-15,1314,LOJA 1314,36857,NARIX ADULTO 30ML,51356,C,9,6,12,0.84,5,3.0,0,3.0,9,2024-10-24,12.0,9,0.3921,0.7954,1.771518987341772,0.0,0.0,0.0,3.0,0,7.33,8.39,21.99,3.97,7.0,51.31,0,0,
test_q4_2024,2024-10-16,1314,LOJA 1314,36857,NARIX ADULTO 30ML,51356,C,9,6,12,0.84,5,3.0,0,12.0,0,,12.0,9,0.6546,0.7954,1.771518987341772,0.0,0.0,0.0,3.0,0,7.33,8.39,21.99,0.0,7.0,51.31,0,0,
test_q4_2024,2024-10-17,1314,LOJA 1314,36857,NARIX ADULTO 30ML,51356,C,9,6,12,0.84,5,3.0,0,12.0,0,,12.0,9,0.3921,0.7954,1.771518987341772,1.0,1.0,0.0,2.0,0,7.33,8.39,14.66,0.0,7.0,51.31,0,0,
test_q4_2024,2024-10-18,1314,LOJA 1314,36857,NARIX ADULTO 30ML,51356,C,9,6,12,0.84,5,2.0,0,11.0,0,,11.0,9,0.2646,0.7954,1.771518987341772,0.0,0.0,0.0,2.0,0,7.33,8.39,14.66,0.0,6.0,43.980000000000004,0,0,
test_q4_2024,2024-10-19,1314,LOJA 1314,36857,NARIX ADULTO 30ML,51356,C,9,6,12,0.84,5,2.0,0,11.0,0,,11.0,9,0.2246,0.7954,1.771518987341772,0.0,0.0,0.0,2.0,0,7.33,8.39,14.66,0.0,7.0,51.31,0,0,
test_q4_2024,2024-10-20,1314,LOJA 1314,36857,NARIX ADULTO 30ML,51356,C,9,6,12,0.84,5,2.0,0,11.0,0,,11.0,9,0.2684,0.7954,1.771518987341772,0.0,0.0,0.0,2.0,0,7.33,8.39,14.66,0.0,,,0,0,
test_q4_2024,2024-10-21,1314,LOJA 1314,36857,NARIX ADULTO 30ML,51356,C,9,6,12,0.84,5,2.0,0,11.0,0,,11.0,9,0.2759,0.7954,1.771518987341772,0.0,0.0,0.0,2.0,0,7.33,8.39,14.66,0.0,11.0,80.63,0,0,
test_q4_2024,2024-10-22,1314,LOJA 1314,36857,NARIX ADULTO 30ML,51356,C,9,6,12,0.84,5,2.0,0,11.0,0,,11.0,9,0.2321,0.7954,1.771518987341772,0.0,0.0,0.0,2.0,0,7.33,8.39,14.66,0.0,11.0,80.63,0,0,
test_q4_2024,2024-10-23,1314,LOJA 1314,36857,NARIX ADULTO 30ML,51356,C,9,6,12,0.84,5,2.0,0,11.0,0,,11.0,9,0.4946,0.7954,1.771518987341772,0.0,0.0,0.0,2.0,0,7.33,8.39,14.66,0.0,11.0,80.63,0,0,
test_q4_2024,2024-10-24,1314,LOJA 1314,36857,NARIX ADULTO 30ML,51356,C,9,6,12,0.84,5,11.0,9,11.0,0,,11.0,0,0.2321,0.7954,1.771518987341772,0.0,0.0,0.0,11.0,0,7.33,8.39,80.63,0.0,12.0,87.96000000000001,0,0,
test_q4_2024,2024-10-25,1314,LOJA 1314,36857,NARIX ADULTO 30ML,51356,C,9,6,12,0.84,5,11.0,0,11.0,0,,11.0,0,0.1446,0.7954,1.771518987341772,0.0,0.0,0.0,11.0,0,7.33,8.39,80.63,0.0,12.0,87.96000000000001,0,0,
test_q4_2024,2024-10-26,1314,LOJA 1314,36857,NARIX ADULTO 30ML,51356,C,9,6,12,0.84,5,11.0,0,11.0,0,,11.0,0,0.1446,0.7954,1.771518987341772,0.0,0.0,0.0,11.0,0,7.33,8.39,80.63,0.0,12.0,87.96000000000001,0,0,
test_q4_2024,2024-10-27,1314,LOJA 1314,36857,NARIX ADULTO 30ML,51356,C,9,6,12,0.84,5,11.0,0,11.0,0,,11.0,0,0.1884,0.7954,1.771518987341772,0.0,0.0,0.0,11.0,0,7.33,8.39,80.63,0.0,,,0,0,
test_q4_2024,2024-10-28,1314,LOJA 1314,36857,NARIX ADULTO 30ML,51356,C,9,6,12,0.84,5,11.0,0,11.0,0,,11.0,0,0.2759,0.7954,1.771518987341772,1.0,1.0,0.0,10.0,0,7.33,8.39,73.3,0.0,12.0,87.96000000000001,0,0,
test_q4_2024,2024-10-29,1314,LOJA 1314,36857,NARIX ADULTO 30ML,51356,C,9,6,12,0.84,5,10.0,0,10.0,0,,10.0,0,0.2455,0.7954,1.771518987341772,0.0,0.0,0.0,10.0,0,7.33,8.39,73.3,0.0,11.0,80.63,0,0,
test_q4_2024,2024-10-30,1314,LOJA 1314,36857,NARIX ADULTO 30ML,51356,C,9,6,12,0.84,5,10.0,0,10.0,0,,10.0,0,0.508,0.7954,1.771518987341772,0.0,0.0,0.0,10.0,0,7.33,8.39,73.3,0.0,11.0,80.63,0,0,
test_q4_2024,2024-10-31,1314,LOJA 1314,36857,NARIX ADULTO 30ML,51356,C,9,6,12,0.84,5,10.0,0,10.0,0,,10.0,0,0.2855,0.7954,1.771518987341772,0.0,0.0,0.0,10.0,0,7.33,8.39,73.3,0.0,11.0,80.63,0,0,
test_q4_2024,2024-11-01,1314,LOJA 1314,36857,NARIX ADULTO 30ML,51356,C,9,6,12,0.84,5,10.0,0,10.0,0,,10.0,0,0.2113,0.7954,1.771518987341772,0.0,0.0,0.0,10.0,0,7.33,8.39,73.3,0.0,11.0,80.63,0,0,
test_q4_2024,2024-11-02,1314,LOJA 1314,36857,NARIX ADULTO 30ML,51356,C,9,6,12,0.84,5,10.0,0,10.0,0,,10.0,0,0.2113,0.7954,1.771518987341772,0.0,0.0,0.0,10.0,0,7.33,8.39,73.3,0.0,11.0,80.63,0,0,
test_q4_2024,2024-11-03,1314,LOJA 1314,36857,NARIX ADULTO 30ML,51356,C,9,6,12,0.84,5,10.0,0,10.0,0,,10.0,0,0.2551,0.7954,1.771518987341772,2.0,2.0,0.0,8.0,0,7.33,8.39,58.64,0.0,,,0,0,
test_q4_2024,2024-11-04,1314,LOJA 1314,36857,NARIX ADULTO 30ML,51356,C,9,6,12,0.84,5,8.0,0,8.0,0,,8.0,0,0.3559,0.7954,1.771518987341772,0.0,0.0,0.0,8.0,0,7.33,8.39,58.64,0.0,9.0,65.97,0,0,
test_q4_2024,2024-11-05,1314,LOJA 1314,36857,NARIX ADULTO 30ML,51356,C,9,6,12,0.84,5,8.0,0,8.0,0,,8.0,0,0.3121,0.7954,1.771518987341772,0.0,0.0,0.0,8.0,0,7.33,8.39,58.64,0.0,9.0,65.97,0,0,
test_q4_2024,2024-11-06,1314,LOJA 1314,36857,NARIX ADULTO 30ML,51356,C,9,6,12,0.84,5,8.0,0,8.0,0,,8.0,0,0.5746,0.7954,1.771518987341772,0.0,0.0,0.0,8.0,0,7.33,8.39,58.64,0.0,9.0,65.97,0,0,
test_q4_2024,2024-11-07,1314,LOJA 1314,36857,NARIX ADULTO 30ML,51356,C,9,6,12,0.84,5,8.0,0,8.0,0,,8.0,0,0.3121,0.7954,1.771518987341772,0.0,0.0,0.0,8.0,0,7.33,8.39,58.64,0.0,9.0,65.97,0,0,
test_q4_2024,2024-11-08,1314,LOJA 1314,36857,NARIX ADULTO 30ML,51356,C,9,6,12,0.84,5,8.0,0,8.0,0,,8.0,0,0.2246,0.7954,1.771518987341772,0.0,0.0,0.0,8.0,0,7.33,8.39,58.64,0.0,10.0,73.3,0,0,
test_q4_2024,2024-11-09,1314,LOJA 1314,36857,NARIX ADULTO 30ML,51356,C,9,6,12,0.84,5,8.0,0,8.0,0,,8.0,0,0.2246,0.7954,1.771518987341772,0.0,0.0,0.0,8.0,0,7.33,8.39,58.64,0.0,11.0,80.63,0,0,
test_q4_2024,2024-11-10,1314,LOJA 1314,36857,NARIX ADULTO 30ML,51356,C,9,6,12,0.84,5,8.0,0,8.0,0,,8.0,0,0.2817,0.7954,1.771518987341772,0.0,0.0,0.0,8.0,0,7.33,8.39,58.64,0.0,,,0,0,
test_q4_2024,2024-11-11,1314,LOJA 1314,36857,NARIX ADULTO 30ML,51356,C,9,6,12,0.84,5,8.0,0,8.0,0,,8.0,0,0.3692,0.7954,1.771518987341772,0.0,0.0,0.0,8.0,0,7.33,8.39,58.64,0.0,11.0,80.63,0,0,
test_q4_2024,2024-11-12,1314,LOJA 1314,36857,NARIX ADULTO 30ML,51356,C,9,6,12,0.84,5,8.0,0,8.0,0,,8.0,0,0.3255,0.7954,1.771518987341772,0.0,0.0,0.0,8.0,0,7.33,8.39,58.64,0.0,11.0,80.63,0,0,
test_q4_2024,2024-11-13,1314,LOJA 1314,36857,NARIX ADULTO 30ML,51356,C,9,6,12,0.84,5,8.0,0,8.0,0,,8.0,0,0.5746,0.7954,1.771518987341772,0.0,0.0,0.0,8.0,0,7.33,8.39,58.64,0.0,11.0,80.63,0,0,
test_q4_2024,2024-11-14,1314,LOJA 1314,36857,NARIX ADULTO 30ML,51356,C,9,6,12,0.84,5,8.0,0,8.0,0,,8.0,0,0.3121,0.7954,1.771518987341772,0.0,0.0,0.0,8.0,0,7.33,8.39,58.64,0.0,11.0,80.63,0,0,
test_q4_2024,2024-11-15,1314,LOJA 1314,36857,NARIX ADULTO 30ML,51356,C,9,6,12,0.84,5,8.0,0,8.0,0,,8.0,0,0.1846,0.7954,1.771518987341772,0.0,0.0,0.0,8.0,0,7.33,8.39,58.64,0.0,11.0,80.63,0,0,
test_q4_2024,2024-11-16,1314,LOJA 1314,36857,NARIX ADULTO 30ML,51356,C,9,6,12,0.84,5,8.0,0,8.0,0,,8.0,0,0.1713,0.7954,1.771518987341772,0.0,0.0,0.0,8.0,0,7.33,8.39,58.64,0.0,11.0,80.63,0,0,
test_q4_2024,2024-11-17,1314,LOJA 1314,36857,NARIX ADULTO 30ML,51356,C,9,6,12,0.84,5,8.0,0,8.0,0,,8.0,0,0.381,0.7954,1.771518987341772,0.0,0.0,0.0,8.0,0,7.33,8.39,58.64,0.0,,,0,1,PAGUE E LEVE
test_q4_2024,2024-11-18,1314,LOJA 1314,36857,NARIX ADULTO 30ML,51356,C,9,6,12,0.84,5,8.0,0,8.0,0,,8.0,0,0.536,0.7954,1.771518987341772,0.0,0.0,0.0,8.0,0,7.33,8.39,58.64,0.0,11.0,80.63,0,1,PAGUE E LEVE
test_q4_2024,2024-11-19,1314,LOJA 1314,36857,NARIX ADULTO 30ML,51356,C,9,6,12,0.84,5,8.0,0,8.0,0,,8.0,0,0.4349,0.7954,1.771518987341772,0.0,0.0,0.0,8.0,0,7.33,8.39,58.64,0.0,11.0,80.63,0,1,PAGUE E LEVE
test_q4_2024,2024-11-20,1314,LOJA 1314,36857,NARIX ADULTO 30ML,51356,C,9,6,12,0.84,5,8.0,0,8.0,0,,8.0,0,0.8999,0.7954,1.771518987341772,0.0,0.0,0.0,8.0,0,7.33,8.39,58.64,0.0,11.0,80.63,0,1,PAGUE E LEVE
test_q4_2024,2024-11-21,1314,LOJA 1314,36857,NARIX ADULTO 30ML,51356,C,9,6,12,0.84,5,8.0,0,8.0,0,,8.0,0,0.4585,0.7954,1.771518987341772,0.0,0.0,0.0,8.0,0,7.33,8.39,58.64,0.0,11.0,80.63,0,1,PAGUE E LEVE
test_q4_2024,2024-11-22,1314,LOJA 1314,36857,NARIX ADULTO 30ML,51356,C,9,6,12,0.84,5,8.0,0,8.0,0,,8.0,0,0.3035,0.7954,1.771518987341772,0.0,0.0,0.0,8.0,0,7.33,8.39,58.64,0.0,11.0,80.63,0,1,PAGUE E LEVE
test_q4_2024,2024-11-23,1314,LOJA 1314,36857,NARIX ADULTO 30ML,51356,C,9,6,12,0.84,5,8.0,0,8.0,0,,8.0,0,0.1713,0.7954,1.771518987341772,0.0,0.0,0.0,8.0,0,7.33,8.39,58.64,0.0,11.0,80.63,0,0,
test_q4_2024,2024-11-24,1314,LOJA 1314,36857,NARIX ADULTO 30ML,51356,C,9,6,12,0.84,5,8.0,0,8.0,0,,8.0,0,0.2151,0.7954,1.771518987341772,0.0,0.0,0.0,8.0,0,7.33,8.39,58.64,0.0,,,0,0,
test_q4_2024,2024-11-25,1314,LOJA 1314,36857,NARIX ADULTO 30ML,51356,C,9,6,12,0.84,5,8.0,0,8.0,0,,8.0,0,0.2892,0.7954,1.771518987341772,0.0,0.0,0.0,8.0,0,7.33,8.39,58.64,0.0,11.0,80.63,0,0,
test_q4_2024,2024-11-26,1314,LOJA 1314,36857,NARIX ADULTO 30ML,51356,C,9,6,12,0.84,5,8.0,0,8.0,0,,8.0,0,0.2455,0.7954,1.771518987341772,0.0,0.0,0.0,8.0,0,7.33,8.39,58.64,0.0,11.0,80.63,0,0,
test_q4_2024,2024-11-27,1314,LOJA 1314,36857,NARIX ADULTO 30ML,51356,C,9,6,12,0.84,5,8.0,0,8.0,0,,8.0,0,0.508,0.7954,1.771518987341772,1.0,1.0,0.0,7.0,0,7.33,8.39,51.31,0.0,11.0,80.63,0,0,
test_q4_2024,2024-11-28,1314,LOJA 1314,36857,NARIX ADULTO 30ML,51356,C,9,6,12,0.84,5,7.0,0,7.0,0,,7.0,0,0.2455,0.7954,1.771518987341772,0.0,0.0,0.0,7.0,0,7.33,8.39,51.31,0.0,10.0,73.3,0,0,
test_q4_2024,2024-11-29,1314,LOJA 1314,36857,NARIX ADULTO 30ML,51356,C,9,6,12,0.84,5,7.0,0,7.0,0,,7.0,0,0.2799,0.7954,1.771518987341772,0.0,0.0,0.0,7.0,0,7.33,8.39,51.31,0.0,10.0,73.3,0,1,PAGUE E LEVE
test_q4_2024,2024-11-30,1314,LOJA 1314,36857,NARIX ADULTO 30ML,51356,C,9,6,12,0.84,5,7.0,0,7.0,0,,7.0,0,0.2799,0.7954,1.771518987341772,0.0,0.0,0.0,7.0,0,7.33,8.39,51.31,0.0,10.0,73.3,0,1,PAGUE E LEVE
test_q4_2024,2024-12-01,1314,LOJA 1314,36857,NARIX ADULTO 30ML,51356,C,9,6,12,0.84,5,7.0,0,7.0,0,,7.0,0,0.3574,0.7954,1.771518987341772,0.0,0.0,0.0,7.0,0,7.33,8.39,51.31,0.0,,,0,1,PAGUE E LEVE
test_q4_2024,2024-12-02,1314,LOJA 1314,36857,NARIX ADULTO 30ML,51356,C,9,6,12,0.84,5,7.0,0,7.0,0,,7.0,0,0.2892,0.7954,1.771518987341772,0.0,0.0,0.0,7.0,0,7.33,8.39,51.31,0.0,10.0,73.3,0,0,
test_q4_2024,2024-12-03,1314,LOJA 1314,36857,NARIX ADULTO 30ML,51356,C,9,6,12,0.84,5,7.0,0,7.0,0,,7.0,0,0.2455,0.7954,1.771518987341772,0.0,0.0,0.0,7.0,0,7.33,8.39,51.31,0.0,11.0,80.63,0,0,
test_q4_2024,2024-12-04,1314,LOJA 1314,36857,NARIX ADULTO 30ML,51356,C,9,6,12,0.84,5,7.0,0,7.0,0,,7.0,0,0.508,0.7954,1.771518987341772,0.0,0.0,0.0,7.0,0,7.33,8.39,51.31,0.0,11.0,80.63,0,0,
test_q4_2024,2024-12-05,1314,LOJA 1314,36857,NARIX ADULTO 30ML,51356,C,9,6,12,0.84,5,7.0,0,7.0,0,,7.0,0,0.2455,0.7954,1.771518987341772,0.0,0.0,0.0,7.0,0,7.33,8.39,51.31,0.0,11.0,80.63,0,0,
test_q4_2024,2024-12-06,1314,LOJA 1314,36857,NARIX ADULTO 30ML,51356,C,9,6,12,0.84,5,7.0,0,7.0,0,,7.0,0,0.1446,0.7954,1.771518987341772,0.0,0.0,0.0,7.0,0,7.33,8.39,51.31,0.0,11.0,80.63,0,0,
test_q4_2024,2024-12-07,1314,LOJA 1314,36857,NARIX ADULTO 30ML,51356,C,9,6,12,0.84,5,7.0,0,7.0,0,,7.0,0,0.1446,0.7954,1.771518987341772,0.0,0.0,0.0,7.0,0,7.33,8.39,51.31,0.0,11.0,80.63,0,0,
test_q4_2024,2024-12-08,1314,LOJA 1314,36857,NARIX ADULTO 30ML,51356,C,9,6,12,0.84,5,7.0,0,7.0,0,,7.0,0,0.1884,0.7954,1.771518987341772,1.0,1.0,0.0,6.0,0,7.33,8.39,43.98,0.0,,,0,0,
test_q4_2024,2024-12-09,1314,LOJA 1314,36857,NARIX ADULTO 30ML,51356,C,9,6,12,0.84,5,6.0,0,6.0,6,2024-12-18,12.0,6,0.2759,0.7954,1.771518987341772,0.0,0.0,0.0,6.0,0,7.33,8.39,43.98,3.97,11.0,80.63,0,0,
test_q4_2024,2024-12-10,1314,LOJA 1314,36857,NARIX ADULTO 30ML,51356,C,9,6,12,0.84,5,6.0,0,12.0,0,,12.0,6,0.2455,0.7954,1.771518987341772,0.0,0.0,0.0,6.0,0,7.33,8.39,43.98,0.0,10.0,73.3,0,0,
test_q4_2024,2024-12-11,1314,LOJA 1314,36857,NARIX ADULTO 30ML,51356,C,9,6,12,0.84,5,6.0,0,12.0,0,,12.0,6,0.508,0.7954,1.771518987341772,0.0,0.0,0.0,6.0,0,7.33,8.39,43.98,0.0,10.0,73.3,0,0,
test_q4_2024,2024-12-12,1314,LOJA 1314,36857,NARIX ADULTO 30ML,51356,C,9,6,12,0.84,5,6.0,0,12.0,0,,12.0,6,0.2455,0.7954,1.771518987341772,0.0,0.0,0.0,6.0,0,7.33,8.39,43.98,0.0,10.0,73.3,0,0,
test_q4_2024,2024-12-13,1314,LOJA 1314,36857,NARIX ADULTO 30ML,51356,C,9,6,12,0.84,5,6.0,0,12.0,0,,12.0,6,0.158,0.7954,1.771518987341772,0.0,0.0,0.0,6.0,0,7.33,8.39,43.98,0.0,10.0,73.3,0,0,
test_q4_2024,2024-12-14,1314,LOJA 1314,36857,NARIX ADULTO 30ML,51356,C,9,6,12,0.84,5,6.0,0,12.0,0,,12.0,6,0.158,0.7954,1.771518987341772,1.0,1.0,0.0,5.0,0,7.33,8.39,36.65,0.0,10.0,73.3,0,0,
test_q4_2024,2024-12-15,1314,LOJA 1314,36857,NARIX ADULTO 30ML,51356,C,9,6,12,0.84,5,5.0,0,11.0,0,,11.0,6,0.2017,0.7954,1.771518987341772,1.0,1.0,0.0,4.0,0,7.33,8.39,29.32,0.0,,,0,0,
test_q4_2024,2024-12-16,1314,LOJA 1314,36857,NARIX ADULTO 30ML,51356,C,9,6,12,0.84,5,4.0,0,10.0,0,,10.0,6,0.2892,0.7954,1.771518987341772,1.0,1.0,0.0,3.0,0,7.33,8.39,21.99,0.0,9.0,65.97,0,0,
test_q4_2024,2024-12-17,1314,LOJA 1314,36857,NARIX ADULTO 30ML,51356,C,9,6,12,0.84,5,3.0,0,9.0,0,,9.0,6,0.2455,0.7954,1.771518987341772,1.0,1.0,0.0,2.0,0,7.33,8.39,14.66,0.0,8.0,58.64,0,0,
test_q4_2024,2024-12-18,1314,LOJA 1314,36857,NARIX ADULTO 30ML,51356,C,9,6,12,0.84,5,8.0,6,8.0,0,,8.0,0,0.508,0.7954,1.771518987341772,0.0,0.0,0.0,8.0,0,7.33,8.39,58.64,0.0,7.0,51.31,0,0,
test_q4_2024,2024-12-19,1314,LOJA 1314,36857,NARIX ADULTO 30ML,51356,C,9,6,12,0.84,5,8.0,0,8.0,0,,8.0,0,0.2455,0.7954,1.771518987341772,0.0,0.0,0.0,8.0,0,7.33,8.39,58.64,0.0,7.0,51.31,0,0,
test_q4_2024,2024-12-20,1314,LOJA 1314,36857,NARIX ADULTO 30ML,51356,C,9,6,12,0.84,5,8.0,0,8.0,0,,8.0,0,0.158,0.7954,1.771518987341772,0.0,0.0,0.0,8.0,0,7.33,8.39,58.64,0.0,7.0,51.31,0,0,
test_q4_2024,2024-12-21,1314,LOJA 1314,36857,NARIX ADULTO 30ML,51356,C,9,6,12,0.84,5,8.0,0,8.0,0,,8.0,0,0.1713,0.7954,1.771518987341772,0.0,0.0,0.0,8.0,0,7.33,8.39,58.64,0.0,7.0,51.31,0,0,
test_q4_2024,2024-12-22,1314,LOJA 1314,36857,NARIX ADULTO 30ML,51356,C,9,6,12,0.84,5,8.0,0,8.0,0,,8.0,0,0.2151,0.7954,1.771518987341772,0.0,0.0,0.0,8.0,0,7.33,8.39,58.64,0.0,,,0,0,
test_q4_2024,2024-12-23,1314,LOJA 1314,36857,NARIX ADULTO 30ML,51356,C,9,6,12,0.84,5,8.0,0,8.0,0,,8.0,0,0.3026,0.7954,1.771518987341772,1.0,1.0,0.0,7.0,0,7.33,8.39,51.31,0.0,7.0,51.31,0,0,
test_q4_2024,2024-12-24,1314,LOJA 1314,36857,NARIX ADULTO 30ML,51356,C,9,6,12,0.84,5,7.0,0,7.0,0,,7.0,0,0.2588,0.7954,1.771518987341772,0.0,0.0,0.0,7.0,0,7.33,8.39,51.31,0.0,7.0,51.31,0,0,
test_q4_2024,2024-12-25,1314,LOJA 1314,36857,NARIX ADULTO 30ML,51356,C,9,6,12,0.84,5,7.0,0,7.0,0,,7.0,0,0.5613,0.7954,1.771518987341772,0.0,0.0,0.0,7.0,0,7.33,8.39,51.31,0.0,7.0,51.31,0,0,
test_q4_2024,2024-12-26,1314,LOJA 1314,36857,NARIX ADULTO 30ML,51356,C,9,6,12,0.84,5,7.0,0,7.0,0,,7.0,0,0.2988,0.7954,1.771518987341772,0.0,0.0,0.0,7.0,0,7.33,8.39,51.31,0.0,7.0,51.31,0,0,
test_q4_2024,2024-12-27,1314,LOJA 1314,36857,NARIX ADULTO 30ML,51356,C,9,6,12,0.84,5,7.0,0,7.0,0,,7.0,0,0.2113,0.7954,1.771518987341772,0.0,0.0,0.0,7.0,0,7.33,8.39,51.31,0.0,7.0,51.31,0,0,
test_q4_2024,2024-12-28,1314,LOJA 1314,36857,NARIX ADULTO 30ML,51356,C,9,6,12,0.84,5,7.0,0,7.0,0,,7.0,0,0.2113,0.7954,1.771518987341772,0.0,0.0,0.0,7.0,0,7.33,8.39,51.31,0.0,7.0,51.31,0,0,
test_q4_2024,2024-12-29,1314,LOJA 1314,36857,NARIX ADULTO 30ML,51356,C,9,6,12,0.84,5,7.0,0,7.0,0,,7.0,0,0.2551,0.7954,1.771518987341772,1.0,1.0,0.0,6.0,0,7.33,8.39,43.98,0.0,,,0,0,
test_q4_2024,2024-12-30,1314,LOJA 1314,36857,NARIX ADULTO 30ML,51356,C,9,6,12,0.84,5,6.0,0,6.0,6,2025-01-08,12.0,6,0.3426,0.7954,1.771518987341772,0.0,0.0,0.0,6.0,0,7.33,8.39,43.98,3.97,6.0,43.980000000000004,0,0,
test_q4_2024,2024-12-31,1314,LOJA 1314,36857,NARIX ADULTO 30ML,51356,C,9,6,12,0.84,5,6.0,0,12.0,0,,12.0,6,0.2988,0.7954,1.771518987341772,0.0,0.0,0.0,6.0,0,7.33,8.39,43.98,0.0,7.0,51.31,0,0,
test_q4_2024,2024-10-01,1314,LOJA 1314,42076,HEDRA EXPEC XAROPE 100ML,102013,C,9,1,2,0.84,5,2.0,0,2.0,0,,2.0,0,0.0,0.0,2.5,0.0,0.0,0.0,2.0,0,21.17,37.99,42.34,0.0,,,0,0,
test_q4_2024,2024-10-02,1314,LOJA 1314,42076,HEDRA EXPEC XAROPE 100ML,102013,C,9,1,2,0.84,5,2.0,0,2.0,0,,2.0,0,0.0,0.0,2.5,0.0,0.0,0.0,2.0,0,21.17,37.99,42.34,0.0,,,0,0,
test_q4_2024,2024-10-03,1314,LOJA 1314,42076,HEDRA EXPEC XAROPE 100ML,102013,C,9,1,2,0.84,5,2.0,0,2.0,0,,2.0,0,0.0,0.0,2.5,0.0,0.0,0.0,2.0,0,21.17,37.99,42.34,0.0,,,0,0,
test_q4_2024,2024-10-04,1314,LOJA 1314,42076,HEDRA EXPEC XAROPE 100ML,102013,C,9,1,2,0.84,5,2.0,0,2.0,0,,2.0,0,0.0,0.0,2.5,0.0,0.0,0.0,2.0,0,21.17,37.99,42.34,0.0,,,0,0,
test_q4_2024,2024-10-05,1314,LOJA 1314,42076,HEDRA EXPEC XAROPE 100ML,102013,C,9,1,2,0.84,5,2.0,0,2.0,0,,2.0,0,0.0,0.0,2.5,0.0,0.0,0.0,2.0,0,21.17,37.99,42.34,0.0,,,0,0,
test_q4_2024,2024-10-06,1314,LOJA 1314,42076,HEDRA EXPEC XAROPE 100ML,102013,C,9,1,2,0.84,5,2.0,0,2.0,0,,2.0,0,0.0,0.0,2.5,0.0,0.0,0.0,2.0,0,21.17,37.99,42.34,0.0,,,0,0,
test_q4_2024,2024-10-07,1314,LOJA 1314,42076,HEDRA EXPEC XAROPE 100ML,102013,C,9,1,2,0.84,5,2.0,0,2.0,0,,2.0,0,0.0,0.0,2.5,0.0,0.0,0.0,2.0,0,21.17,37.99,42.34,0.0,,,0,0,
test_q4_2024,2024-10-08,1314,LOJA 1314,42076,HEDRA EXPEC XAROPE 100ML,102013,C,9,1,2,0.84,5,2.0,0,2.0,0,,2.0,0,0.0,0.0,2.5,0.0,0.0,0.0,2.0,0,21.17,37.99,42.34,0.0,,,0,0,
test_q4_2024,2024-10-09,1314,LOJA 1314,42076,HEDRA EXPEC XAROPE 100ML,102013,C,9,1,2,0.84,5,2.0,0,2.0,0,,2.0,0,0.0,0.0,2.5,0.0,0.0,0.0,2.0,0,21.17,37.99,42.34,0.0,,,0,0,
test_q4_2024,2024-10-10,1314,LOJA 1314,42076,HEDRA EXPEC XAROPE 100ML,102013,C,9,1,2,0.84,5,2.0,0,2.0,0,,2.0,0,0.0,0.0,2.5,0.0,0.0,0.0,2.0,0,21.17,37.99,42.34,0.0,,,0,0,
test_q4_2024,2024-10-11,1314,LOJA 1314,42076,HEDRA EXPEC XAROPE 100ML,102013,C,9,1,2,0.84,5,2.0,0,2.0,0,,2.0,0,0.0,0.0,2.5,0.0,0.0,0.0,2.0,0,21.17,37.99,42.34,0.0,,,0,0,
test_q4_2024,2024-10-12,1314,LOJA 1314,42076,HEDRA EXPEC XAROPE 100ML,102013,C,9,1,2,0.84,5,2.0,0,2.0,0,,2.0,0,0.0,0.0,2.5,0.0,0.0,0.0,2.0,0,21.17,37.99,42.34,0.0,,,0,0,
test_q4_2024,2024-10-13,1314,LOJA 1314,42076,HEDRA EXPEC XAROPE 100ML,102013,C,9,1,2,0.84,5,2.0,0,2.0,0,,2.0,0,0.0,0.0,2.5,0.0,0.0,0.0,2.0,0,21.17,37.99,42.34,0.0,,,0,0,
test_q4_2024,2024-10-14,1314,LOJA 1314,42076,HEDRA EXPEC XAROPE 100ML,102013,C,9,1,2,0.84,5,2.0,0,2.0,0,,2.0,0,0.0,0.0,2.5,0.0,0.0,0.0,2.0,0,21.17,37.99,42.34,0.0,,,0,0,
test_q4_2024,2024-10-15,1314,LOJA 1314,42076,HEDRA EXPEC XAROPE 100ML,102013,C,9,1,2,0.84,5,2.0,0,2.0,0,,2.0,0,0.0,0.0,2.5,0.0,0.0,0.0,2.0,0,21.17,37.99,42.34,0.0,,,0,0,
test_q4_2024,2024-10-16,1314,LOJA 1314,42076,HEDRA EXPEC XAROPE 100ML,102013,C,9,1,2,0.84,5,2.0,0,2.0,0,,2.0,0,0.0,0.0,2.5,0.0,0.0,0.0,2.0,0,21.17,37.99,42.34,0.0,,,0,0,
test_q4_2024,2024-10-17,1314,LOJA 1314,42076,HEDRA EXPEC XAROPE 100ML,102013,C,9,1,2,0.84,5,2.0,0,2.0,0,,2.0,0,0.0,0.0,2.5,0.0,0.0,0.0,2.0,0,21.17,37.99,42.34,0.0,,,0,0,
test_q4_2024,2024-10-18,1314,LOJA 1314,42076,HEDRA EXPEC XAROPE 100ML,102013,C,9,1,2,0.84,5,2.0,0,2.0,0,,2.0,0,0.0,0.0,2.5,0.0,0.0,0.0,2.0,0,21.17,37.99,42.34,0.0,,,0,0,
test_q4_2024,2024-10-19,1314,LOJA 1314,42076,HEDRA EXPEC XAROPE 100ML,102013,C,9,1,2,0.84,5,2.0,0,2.0,0,,2.0,0,0.0,0.0,2.5,0.0,0.0,0.0,2.0,0,21.17,37.99,42.34,0.0,,,0,0,
test_q4_2024,2024-10-20,1314,LOJA 1314,42076,HEDRA EXPEC XAROPE 100ML,102013,C,9,1,2,0.84,5,2.0,0,2.0,0,,2.0,0,0.0,0.0,2.5,0.0,0.0,0.0,2.0,0,21.17,37.99,42.34,0.0,,,0,0,
test_q4_2024,2024-10-21,1314,LOJA 1314,42076,HEDRA EXPEC XAROPE 100ML,102013,C,9,1,2,0.84,5,2.0,0,2.0,0,,2.0,0,0.0,0.0,2.5,0.0,0.0,0.0,2.0,0,21.17,37.99,42.34,0.0,,,0,0,
test_q4_2024,2024-10-22,1314,LOJA 1314,42076,HEDRA EXPEC XAROPE 100ML,102013,C,9,1,2,0.84,5,2.0,0,2.0,0,,2.0,0,0.0,0.0,2.5,0.0,0.0,0.0,2.0,0,21.17,37.99,42.34,0.0,,,0,0,
test_q4_2024,2024-10-23,1314,LOJA 1314,42076,HEDRA EXPEC XAROPE 100ML,102013,C,9,1,2,0.84,5,2.0,0,2.0,0,,2.0,0,0.0,0.0,2.5,0.0,0.0,0.0,2.0,0,21.17,37.99,42.34,0.0,,,0,0,
test_q4_2024,2024-10-24,1314,LOJA 1314,42076,HEDRA EXPEC XAROPE 100ML,102013,C,9,1,2,0.84,5,2.0,0,2.0,0,,2.0,0,0.0,0.0,2.5,0.0,0.0,0.0,2.0,0,21.17,37.99,42.34,0.0,,,0,0,
test_q4_2024,2024-10-25,1314,LOJA 1314,42076,HEDRA EXPEC XAROPE 100ML,102013,C,9,1,2,0.84,5,2.0,0,2.0,0,,2.0,0,0.0,0.0,2.5,0.0,0.0,0.0,2.0,0,21.17,37.99,42.34,0.0,,,0,0,
test_q4_2024,2024-10-26,1314,LOJA 1314,42076,HEDRA EXPEC XAROPE 100ML,102013,C,9,1,2,0.84,5,2.0,0,2.0,0,,2.0,0,0.0,0.0,2.5,0.0,0.0,0.0,2.0,0,21.17,37.99,42.34,0.0,,,0,0,
test_q4_2024,2024-10-27,1314,LOJA 1314,42076,HEDRA EXPEC XAROPE 100ML,102013,C,9,1,2,0.84,5,2.0,0,2.0,0,,2.0,0,0.0,0.0,2.5,0.0,0.0,0.0,2.0,0,21.17,37.99,42.34,0.0,,,0,0,
test_q4_2024,2024-10-28,1314,LOJA 1314,42076,HEDRA EXPEC XAROPE 100ML,102013,C,9,1,2,0.84,5,2.0,0,2.0,0,,2.0,0,0.0,0.0,2.5,0.0,0.0,0.0,2.0,0,21.17,37.99,42.34,0.0,,,0,0,
test_q4_2024,2024-10-29,1314,LOJA 1314,42076,HEDRA EXPEC XAROPE 100ML,102013,C,9,1,2,0.84,5,2.0,0,2.0,0,,2.0,0,0.0,0.0,2.5,0.0,0.0,0.0,2.0,0,21.17,37.99,42.34,0.0,,,0,0,
test_q4_2024,2024-10-30,1314,LOJA 1314,42076,HEDRA EXPEC XAROPE 100ML,102013,C,9,1,2,0.84,5,2.0,0,2.0,0,,2.0,0,0.0,0.0,2.5,0.0,0.0,0.0,2.0,0,21.17,37.99,42.34,0.0,,,0,0,
test_q4_2024,2024-10-31,1314,LOJA 1314,42076,HEDRA EXPEC XAROPE 100ML,102013,C,9,1,2,0.84,5,2.0,0,2.0,0,,2.0,0,0.0,0.0,2.5,0.0,0.0,0.0,2.0,0,21.17,37.99,42.34,0.0,,,0,0,
test_q4_2024,2024-11-01,1314,LOJA 1314,42076,HEDRA EXPEC XAROPE 100ML,102013,C,9,1,2,0.84,5,2.0,0,2.0,0,,2.0,0,0.0,0.0,2.5,0.0,0.0,0.0,2.0,0,21.17,37.99,42.34,0.0,,,0,0,
test_q4_2024,2024-11-02,1314,LOJA 1314,42076,HEDRA EXPEC XAROPE 100ML,102013,C,9,1,2,0.84,5,2.0,0,2.0,0,,2.0,0,0.0,0.0,2.5,0.0,0.0,0.0,2.0,0,21.17,37.99,42.34,0.0,,,0,0,
test_q4_2024,2024-11-03,1314,LOJA 1314,42076,HEDRA EXPEC XAROPE 100ML,102013,C,9,1,2,0.84,5,2.0,0,2.0,0,,2.0,0,0.0,0.0,2.5,0.0,0.0,0.0,2.0,0,21.17,37.99,42.34,0.0,,,0,0,
test_q4_2024,2024-11-04,1314,LOJA 1314,42076,HEDRA EXPEC XAROPE 100ML,102013,C,9,1,2,0.84,5,2.0,0,2.0,0,,2.0,0,0.0,0.0,2.5,0.0,0.0,0.0,2.0,0,21.17,37.99,42.34,0.0,,,0,0,
test_q4_2024,2024-11-05,1314,LOJA 1314,42076,HEDRA EXPEC XAROPE 100ML,102013,C,9,1,2,0.84,5,2.0,0,2.0,0,,2.0,0,0.0,0.0,2.5,0.0,0.0,0.0,2.0,0,21.17,37.99,42.34,0.0,,,0,0,
test_q4_2024,2024-11-06,1314,LOJA 1314,42076,HEDRA EXPEC XAROPE 100ML,102013,C,9,1,2,0.84,5,2.0,0,2.0,0,,2.0,0,0.0,0.0,2.5,0.0,0.0,0.0,2.0,0,21.17,37.99,42.34,0.0,,,0,0,
test_q4_2024,2024-11-07,1314,LOJA 1314,42076,HEDRA EXPEC XAROPE 100ML,102013,C,9,1,2,0.84,5,2.0,0,2.0,0,,2.0,0,0.0,0.0,2.5,0.0,0.0,0.0,2.0,0,21.17,37.99,42.34,0.0,,,0,0,
test_q4_2024,2024-11-08,1314,LOJA 1314,42076,HEDRA EXPEC XAROPE 100ML,102013,C,9,1,2,0.84,5,2.0,0,2.0,0,,2.0,0,0.0,0.0,2.5,0.0,0.0,0.0,2.0,0,21.17,37.99,42.34,0.0,,,0,0,
test_q4_2024,2024-11-09,1314,LOJA 1314,42076,HEDRA EXPEC XAROPE 100ML,102013,C,9,1,2,0.84,5,2.0,0,2.0,0,,2.0,0,0.0,0.0,2.5,0.0,0.0,0.0,2.0,0,21.17,37.99,42.34,0.0,,,0,0,
test_q4_2024,2024-11-10,1314,LOJA 1314,42076,HEDRA EXPEC XAROPE 100ML,102013,C,9,1,2,0.84,5,2.0,0,2.0,0,,2.0,0,0.0,0.0,2.5,0.0,0.0,0.0,2.0,0,21.17,37.99,42.34,0.0,,,0,0,
test_q4_2024,2024-11-11,1314,LOJA 1314,42076,HEDRA EXPEC XAROPE 100ML,102013,C,9,1,2,0.84,5,2.0,0,2.0,0,,2.0,0,0.0,0.0,2.5,0.0,0.0,0.0,2.0,0,21.17,37.99,42.34,0.0,,,0,0,
test_q4_2024,2024-11-12,1314,LOJA 1314,42076,HEDRA EXPEC XAROPE 100ML,102013,C,9,1,2,0.84,5,2.0,0,2.0,0,,2.0,0,0.0,0.0,2.5,0.0,0.0,0.0,2.0,0,21.17,37.99,42.34,0.0,,,0,0,
test_q4_2024,2024-11-13,1314,LOJA 1314,42076,HEDRA EXPEC XAROPE 100ML,102013,C,9,1,2,0.84,5,2.0,0,2.0,0,,2.0,0,0.0,0.0,2.5,0.0,0.0,0.0,2.0,0,21.17,37.99,42.34,0.0,,,0,0,
test_q4_2024,2024-11-14,1314,LOJA 1314,42076,HEDRA EXPEC XAROPE 100ML,102013,C,9,1,2,0.84,5,2.0,0,2.0,0,,2.0,0,0.0,0.0,2.5,0.0,0.0,0.0,2.0,0,21.17,37.99,42.34,0.0,,,0,0,
test_q4_2024,2024-11-15,1314,LOJA 1314,42076,HEDRA EXPEC XAROPE 100ML,102013,C,9,1,2,0.84,5,2.0,0,2.0,0,,2.0,0,0.0,0.0,2.5,0.0,0.0,0.0,2.0,0,21.17,37.99,42.34,0.0,,,0,0,
test_q4_2024,2024-11-16,1314,LOJA 1314,42076,HEDRA EXPEC XAROPE 100ML,102013,C,9,1,2,0.84,5,2.0,0,2.0,0,,2.0,0,0.0,0.0,2.5,0.0,0.0,0.0,2.0,0,21.17,37.99,42.34,0.0,,,0,0,
test_q4_2024,2024-11-17,1314,LOJA 1314,42076,HEDRA EXPEC XAROPE 100ML,102013,C,9,1,2,0.84,5,2.0,0,2.0,0,,2.0,0,0.0,0.0,2.5,0.0,0.0,0.0,2.0,0,21.17,37.99,42.34,0.0,,,0,0,
test_q4_2024,2024-11-18,1314,LOJA 1314,42076,HEDRA EXPEC XAROPE 100ML,102013,C,9,1,2,0.84,5,2.0,0,2.0,0,,2.0,0,0.0,0.0,2.5,0.0,0.0,0.0,2.0,0,21.17,37.99,42.34,0.0,,,0,0,
test_q4_2024,2024-11-19,1314,LOJA 1314,42076,HEDRA EXPEC XAROPE 100ML,102013,C,9,1,2,0.84,5,2.0,0,2.0,0,,2.0,0,0.0,0.0,2.5,0.0,0.0,0.0,2.0,0,21.17,37.99,42.34,0.0,,,0,0,
test_q4_2024,2024-11-20,1314,LOJA 1314,42076,HEDRA EXPEC XAROPE 100ML,102013,C,9,1,2,0.84,5,2.0,0,2.0,0,,2.0,0,0.0,0.0,2.5,0.0,0.0,0.0,2.0,0,21.17,37.99,42.34,0.0,,,0,0,
test_q4_2024,2024-11-21,1314,LOJA 1314,42076,HEDRA EXPEC XAROPE 100ML,102013,C,9,1,2,0.84,5,2.0,0,2.0,0,,2.0,0,0.0,0.0,2.5,0.0,0.0,0.0,2.0,0,21.17,37.99,42.34,0.0,,,0,0,
test_q4_2024,2024-11-22,1314,LOJA 1314,42076,HEDRA EXPEC XAROPE 100ML,102013,C,9,1,2,0.84,5,2.0,0,2.0,0,,2.0,0,0.0,0.0,2.5,0.0,0.0,0.0,2.0,0,21.17,37.99,42.34,0.0,,,0,0,
test_q4_2024,2024-11-23,1314,LOJA 1314,42076,HEDRA EXPEC XAROPE 100ML,102013,C,9,1,2,0.84,5,2.0,0,2.0,0,,2.0,0,0.0,0.0,2.5,0.0,0.0,0.0,2.0,0,21.17,37.99,42.34,0.0,,,0,0,
test_q4_2024,2024-11-24,1314,LOJA 1314,42076,HEDRA EXPEC XAROPE 100ML,102013,C,9,1,2,0.84,5,2.0,0,2.0,0,,2.0,0,0.0,0.0,2.5,0.0,0.0,0.0,2.0,0,21.17,37.99,42.34,0.0,,,0,0,
test_q4_2024,2024-11-25,1314,LOJA 1314,42076,HEDRA EXPEC XAROPE 100ML,102013,C,9,1,2,0.84,5,2.0,0,2.0,0,,2.0,0,0.0,0.0,2.5,0.0,0.0,0.0,2.0,0,21.17,37.99,42.34,0.0,,,0,0,
test_q4_2024,2024-11-26,1314,LOJA 1314,42076,HEDRA EXPEC XAROPE 100ML,102013,C,9,1,2,0.84,5,2.0,0,2.0,0,,2.0,0,0.0,0.0,2.5,0.0,0.0,0.0,2.0,0,21.17,37.99,42.34,0.0,,,0,0,
test_q4_2024,2024-11-27,1314,LOJA 1314,42076,HEDRA EXPEC XAROPE 100ML,102013,C,9,1,2,0.84,5,2.0,0,2.0,0,,2.0,0,0.0,0.0,2.5,0.0,0.0,0.0,2.0,0,21.17,37.99,42.34,0.0,,,0,0,
test_q4_2024,2024-11-28,1314,LOJA 1314,42076,HEDRA EXPEC XAROPE 100ML,102013,C,9,1,2,0.84,5,2.0,0,2.0,0,,2.0,0,0.0,0.0,2.5,0.0,0.0,0.0,2.0,0,21.17,37.99,42.34,0.0,,,0,0,
test_q4_2024,2024-11-29,1314,LOJA 1314,42076,HEDRA EXPEC XAROPE 100ML,102013,C,9,1,2,0.84,5,2.0,0,2.0,0,,2.0,0,0.0,0.0,2.5,0.0,0.0,0.0,2.0,0,21.17,37.99,42.34,0.0,,,0,0,
test_q4_2024,2024-11-30,1314,LOJA 1314,42076,HEDRA EXPEC XAROPE 100ML,102013,C,9,1,2,0.84,5,2.0,0,2.0,0,,2.0,0,0.0,0.0,2.5,0.0,0.0,0.0,2.0,0,21.17,37.99,42.34,0.0,,,0,0,
test_q4_2024,2024-12-01,1314,LOJA 1314,42076,HEDRA EXPEC XAROPE 100ML,102013,C,9,1,2,0.84,5,2.0,0,2.0,0,,2.0,0,0.0,0.0,2.5,0.0,0.0,0.0,2.0,0,21.17,37.99,42.34,0.0,,,0,0,
test_q4_2024,2024-12-02,1314,LOJA 1314,42076,HEDRA EXPEC XAROPE 100ML,102013,C,9,1,2,0.84,5,2.0,0,2.0,0,,2.0,0,0.0,0.0,2.5,0.0,0.0,0.0,2.0,0,21.17,37.99,42.34,0.0,,,0,0,
test_q4_2024,2024-12-03,1314,LOJA 1314,42076,HEDRA EXPEC XAROPE 100ML,102013,C,9,1,2,0.84,5,2.0,0,2.0,0,,2.0,0,0.0,0.0,2.5,0.0,0.0,0.0,2.0,0,21.17,37.99,42.34,0.0,,,0,0,
test_q4_2024,2024-12-04,1314,LOJA 1314,42076,HEDRA EXPEC XAROPE 100ML,102013,C,9,1,2,0.84,5,2.0,0,2.0,0,,2.0,0,0.0,0.0,2.5,0.0,0.0,0.0,2.0,0,21.17,37.99,42.34,0.0,,,0,0,
test_q4_2024,2024-12-05,1314,LOJA 1314,42076,HEDRA EXPEC XAROPE 100ML,102013,C,9,1,2,0.84,5,2.0,0,2.0,0,,2.0,0,0.0,0.0,2.5,0.0,0.0,0.0,2.0,0,21.17,37.99,42.34,0.0,,,0,0,
test_q4_2024,2024-12-06,1314,LOJA 1314,42076,HEDRA EXPEC XAROPE 100ML,102013,C,9,1,2,0.84,5,2.0,0,2.0,0,,2.0,0,0.0,0.0,2.5,0.0,0.0,0.0,2.0,0,21.17,37.99,42.34,0.0,,,0,0,
test_q4_2024,2024-12-07,1314,LOJA 1314,42076,HEDRA EXPEC XAROPE 100ML,102013,C,9,1,2,0.84,5,2.0,0,2.0,0,,2.0,0,0.0,0.0,2.5,0.0,0.0,0.0,2.0,0,21.17,37.99,42.34,0.0,,,0,0,
test_q4_2024,2024-12-08,1314,LOJA 1314,42076,HEDRA EXPEC XAROPE 100ML,102013,C,9,1,2,0.84,5,2.0,0,2.0,0,,2.0,0,0.0,0.0,2.5,0.0,0.0,0.0,2.0,0,21.17,37.99,42.34,0.0,,,0,0,
test_q4_2024,2024-12-09,1314,LOJA 1314,42076,HEDRA EXPEC XAROPE 100ML,102013,C,9,1,2,0.84,5,2.0,0,2.0,0,,2.0,0,0.0,0.0,2.5,0.0,0.0,0.0,2.0,0,21.17,37.99,42.34,0.0,,,0,0,
test_q4_2024,2024-12-10,1314,LOJA 1314,42076,HEDRA EXPEC XAROPE 100ML,102013,C,9,1,2,0.84,5,2.0,0,2.0,0,,2.0,0,0.0,0.0,2.5,0.0,0.0,0.0,2.0,0,21.17,37.99,42.34,0.0,,,0,0,
test_q4_2024,2024-12-11,1314,LOJA 1314,42076,HEDRA EXPEC XAROPE 100ML,102013,C,9,1,2,0.84,5,2.0,0,2.0,0,,2.0,0,0.0,0.0,2.5,0.0,0.0,0.0,2.0,0,21.17,37.99,42.34,0.0,,,0,0,
test_q4_2024,2024-12-12,1314,LOJA 1314,42076,HEDRA EXPEC XAROPE 100ML,102013,C,9,1,2,0.84,5,2.0,0,2.0,0,,2.0,0,0.0,0.0,2.5,0.0,0.0,0.0,2.0,0,21.17,37.99,42.34,0.0,,,0,0,
test_q4_2024,2024-12-13,1314,LOJA 1314,42076,HEDRA EXPEC XAROPE 100ML,102013,C,9,1,2,0.84,5,2.0,0,2.0,0,,2.0,0,0.0,0.0,2.5,0.0,0.0,0.0,2.0,0,21.17,37.99,42.34,0.0,,,0,0,
test_q4_2024,2024-12-14,1314,LOJA 1314,42076,HEDRA EXPEC XAROPE 100ML,102013,C,9,1,2,0.84,5,2.0,0,2.0,0,,2.0,0,0.0,0.0,2.5,0.0,0.0,0.0,2.0,0,21.17,37.99,42.34,0.0,,,0,0,
test_q4_2024,2024-12-15,1314,LOJA 1314,42076,HEDRA EXPEC XAROPE 100ML,102013,C,9,1,2,0.84,5,2.0,0,2.0,0,,2.0,0,0.0,0.0,2.5,0.0,0.0,0.0,2.0,0,21.17,37.99,42.34,0.0,,,0,0,
test_q4_2024,2024-12-16,1314,LOJA 1314,42076,HEDRA EXPEC XAROPE 100ML,102013,C,9,1,2,0.84,5,2.0,0,2.0,0,,2.0,0,0.0,0.0,2.5,0.0,0.0,0.0,2.0,0,21.17,37.99,42.34,0.0,,,0,0,
test_q4_2024,2024-12-17,1314,LOJA 1314,42076,HEDRA EXPEC XAROPE 100ML,102013,C,9,1,2,0.84,5,2.0,0,2.0,0,,2.0,0,0.0,0.0,2.5,0.0,0.0,0.0,2.0,0,21.17,37.99,42.34,0.0,,,0,0,
test_q4_2024,2024-12-18,1314,LOJA 1314,42076,HEDRA EXPEC XAROPE 100ML,102013,C,9,1,2,0.84,5,2.0,0,2.0,0,,2.0,0,0.0,0.0,2.5,0.0,0.0,0.0,2.0,0,21.17,37.99,42.34,0.0,,,0,0,
test_q4_2024,2024-12-19,1314,LOJA 1314,42076,HEDRA EXPEC XAROPE 100ML,102013,C,9,1,2,0.84,5,2.0,0,2.0,0,,2.0,0,0.0,0.0,2.5,0.0,0.0,0.0,2.0,0,21.17,37.99,42.34,0.0,,,0,0,
test_q4_2024,2024-12-20,1314,LOJA 1314,42076,HEDRA EXPEC XAROPE 100ML,102013,C,9,1,2,0.84,5,2.0,0,2.0,0,,2.0,0,0.0,0.0,2.5,0.0,0.0,0.0,2.0,0,21.17,37.99,42.34,0.0,,,0,0,
test_q4_2024,2024-12-21,1314,LOJA 1314,42076,HEDRA EXPEC XAROPE 100ML,102013,C,9,1,2,0.84,5,2.0,0,2.0,0,,2.0,0,0.0,0.0,2.5,0.0,0.0,0.0,2.0,0,21.17,37.99,42.34,0.0,,,0,0,
test_q4_2024,2024-12-22,1314,LOJA 1314,42076,HEDRA EXPEC XAROPE 100ML,102013,C,9,1,2,0.84,5,2.0,0,2.0,0,,2.0,0,0.0,0.0,2.5,0.0,0.0,0.0,2.0,0,21.17,37.99,42.34,0.0,,,0,0,
test_q4_2024,2024-12-23,1314,LOJA 1314,42076,HEDRA EXPEC XAROPE 100ML,102013,C,9,1,2,0.84,5,2.0,0,2.0,0,,2.0,0,0.0,0.0,2.5,0.0,0.0,0.0,2.0,0,21.17,37.99,42.34,0.0,,,0,0,
test_q4_2024,2024-12-24,1314,LOJA 1314,42076,HEDRA EXPEC XAROPE 100ML,102013,C,9,1,2,0.84,5,2.0,0,2.0,0,,2.0,0,0.0,0.0,2.5,0.0,0.0,0.0,2.0,0,21.17,37.99,42.34,0.0,,,0,0,
test_q4_2024,2024-12-25,1314,LOJA 1314,42076,HEDRA EXPEC XAROPE 100ML,102013,C,9,1,2,0.84,5,2.0,0,2.0,0,,2.0,0,0.0,0.0,2.5,0.0,0.0,0.0,2.0,0,21.17,37.99,42.34,0.0,,,0,0,
test_q4_2024,2024-12-26,1314,LOJA 1314,42076,HEDRA EXPEC XAROPE 100ML,102013,C,9,1,2,0.84,5,2.0,0,2.0,0,,2.0,0,0.0,0.0,2.5,0.0,0.0,0.0,2.0,0,21.17,37.99,42.34,0.0,,,0,0,
test_q4_2024,2024-12-27,1314,LOJA 1314,42076,HEDRA EXPEC XAROPE 100ML,102013,C,9,1,2,0.84,5,2.0,0,2.0,0,,2.0,0,0.0,0.0,2.5,0.0,0.0,0.0,2.0,0,21.17,37.99,42.34,0.0,,,0,0,
test_q4_2024,2024-12-28,1314,LOJA 1314,42076,HEDRA EXPEC XAROPE 100ML,102013,C,9,1,2,0.84,5,2.0,0,2.0,0,,2.0,0,0.0,0.0,2.5,0.0,0.0,0.0,2.0,0,21.17,37.99,42.34,0.0,,,0,0,
test_q4_2024,2024-12-29,1314,LOJA 1314,42076,HEDRA EXPEC XAROPE 100ML,102013,C,9,1,2,0.84,5,2.0,0,2.0,0,,2.0,0,0.0,0.0,2.5,0.0,0.0,0.0,2.0,0,21.17,37.99,42.34,0.0,,,0,0,
test_q4_2024,2024-12-30,1314,LOJA 1314,42076,HEDRA EXPEC XAROPE 100ML,102013,C,9,1,2,0.84,5,2.0,0,2.0,0,,2.0,0,0.0,0.0,2.5,0.0,0.0,0.0,2.0,0,21.17,37.99,42.34,0.0,,,0,0,
test_q4_2024,2024-12-31,1314,LOJA 1314,42076,HEDRA EXPEC XAROPE 100ML,102013,C,9,1,2,0.84,5,2.0,0,2.0,0,,2.0,0,0.0,0.0,2.5,0.0,0.0,0.0,2.0,0,21.17,37.99,42.34,0.0,,,0,0,
test_q4_2024,2024-10-01,1314,LOJA 1314,44217,BROMELIN S 100ML,33104,B,9,3,4,0.84,5,2.0,0,4.0,0,,4.0,2,0.0321,0.2852,2.5,0.0,0.0,0.0,2.0,0,55.77,74.2,111.54,0.0,1.0,55.77,0,0,
test_q4_2024,2024-10-02,1314,LOJA 1314,44217,BROMELIN S 100ML,33104,B,9,3,4,0.84,5,2.0,0,4.0,0,,4.0,2,0.1196,0.2852,2.5,0.0,0.0,0.0,2.0,0,55.77,74.2,111.54,0.0,1.0,55.77,0,0,
test_q4_2024,2024-10-03,1314,LOJA 1314,44217,BROMELIN S 100ML,33104,B,9,3,4,0.84,5,2.0,0,4.0,0,,4.0,2,0.1196,0.2852,2.5,0.0,0.0,0.0,2.0,0,55.77,74.2,111.54,0.0,2.0,111.54,0,0,
test_q4_2024,2024-10-04,1314,LOJA 1314,44217,BROMELIN S 100ML,33104,B,9,3,4,0.84,5,2.0,0,4.0,0,,4.0,2,0.0321,0.2852,2.5,0.0,0.0,0.0,2.0,0,55.77,74.2,111.54,0.0,2.0,111.54,0,0,
test_q4_2024,2024-10-05,1314,LOJA 1314,44217,BROMELIN S 100ML,33104,B,9,3,4,0.84,5,3.0,1,4.0,0,,4.0,1,0.0759,0.2852,2.5,0.0,0.0,0.0,3.0,0,55.77,74.2,167.31,0.0,2.0,111.54,0,0,
test_q4_2024,2024-10-06,1314,LOJA 1314,44217,BROMELIN S 100ML,33104,B,9,3,4,0.84,5,4.0,1,4.0,0,,4.0,0,0.0321,0.2852,2.5,0.0,0.0,0.0,4.0,0,55.77,74.2,223.08,0.0,,,0,0,
test_q4_2024,2024-10-07,1314,LOJA 1314,44217,BROMELIN S 100ML,33104,B,9,3,4,0.84,5,4.0,0,4.0,0,,4.0,0,0.0321,0.2852,2.5,0.0,0.0,0.0,4.0,0,55.77,74.2,223.08,0.0,2.0,111.54,0,0,
test_q4_2024,2024-10-08,1314,LOJA 1314,44217,BROMELIN S 100ML,33104,B,9,3,4,0.84,5,4.0,0,4.0,0,,4.0,0,0.0321,0.2852,2.5,0.0,0.0,0.0,4.0,0,55.77,74.2,223.08,0.0,2.0,111.54,0,0,
test_q4_2024,2024-10-09,1314,LOJA 1314,44217,BROMELIN S 100ML,33104,B,9,3,4,0.84,5,4.0,0,4.0,0,,4.0,0,0.1196,0.2852,2.5,0.0,0.0,0.0,4.0,0,55.77,74.2,223.08,0.0,2.0,111.54,0,0,
test_q4_2024,2024-10-10,1314,LOJA 1314,44217,BROMELIN S 100ML,33104,B,9,3,4,0.84,5,4.0,0,4.0,0,,4.0,0,0.1196,0.2852,2.5,0.0,0.0,0.0,4.0,0,55.77,74.2,223.08,0.0,2.0,111.54,0,0,
test_q4_2024,2024-10-11,1314,LOJA 1314,44217,BROMELIN S 100ML,33104,B,9,3,4,0.84,5,4.0,0,4.0,0,,4.0,0,0.0321,0.2852,2.5,0.0,0.0,0.0,4.0,0,55.77,74.2,223.08,0.0,3.0,167.31,0,0,
test_q4_2024,2024-10-12,1314,LOJA 1314,44217,BROMELIN S 100ML,33104,B,9,3,4,0.84,5,4.0,0,4.0,0,,4.0,0,0.0759,0.2852,2.5,0.0,0.0,0.0,4.0,0,55.77,74.2,223.08,0.0,3.0,167.31,0,0,
test_q4_2024,2024-10-13,1314,LOJA 1314,44217,BROMELIN S 100ML,33104,B,9,3,4,0.84,5,4.0,0,4.0,0,,4.0,0,0.0321,0.2852,2.5,0.0,0.0,0.0,4.0,0,55.77,74.2,223.08,0.0,,,0,0,
test_q4_2024,2024-10-14,1314,LOJA 1314,44217,BROMELIN S 100ML,33104,B,9,3,4,0.84,5,4.0,0,4.0,0,,4.0,0,0.0721,0.2852,2.5,0.0,0.0,0.0,4.0,0,55.77,74.2,223.08,0.0,3.0,167.31,0,0,
test_q4_2024,2024-10-15,1314,LOJA 1314,44217,BROMELIN S 100ML,33104,B,9,3,4,0.84,5,4.0,0,4.0,0,,4.0,0,0.0721,0.2852,2.5,0.0,0.0,0.0,4.0,0,55.77,74.2,223.08,0.0,3.0,167.31,0,0,
test_q4_2024,2024-10-16,1314,LOJA 1314,44217,BROMELIN S 100ML,33104,B,9,3,4,0.84,5,4.0,0,4.0,0,,4.0,0,0.1596,0.2852,2.5,0.0,0.0,0.0,4.0,0,55.77,74.2,223.08,0.0,3.0,167.31,0,0,
test_q4_2024,2024-10-17,1314,LOJA 1314,44217,BROMELIN S 100ML,33104,B,9,3,4,0.84,5,4.0,0,4.0,0,,4.0,0,0.1596,0.2852,2.5,0.0,0.0,0.0,4.0,0,55.77,74.2,223.08,0.0,3.0,167.31,0,0,
test_q4_2024,2024-10-18,1314,LOJA 1314,44217,BROMELIN S 100ML,33104,B,9,3,4,0.84,5,4.0,0,4.0,0,,4.0,0,0.0721,0.2852,2.5,0.0,0.0,0.0,4.0,0,55.77,74.2,223.08,0.0,3.0,167.31,0,0,
test_q4_2024,2024-10-19,1314,LOJA 1314,44217,BROMELIN S 100ML,33104,B,9,3,4,0.84,5,4.0,0,4.0,0,,4.0,0,0.1159,0.2852,2.5,0.0,0.0,0.0,4.0,0,55.77,74.2,223.08,0.0,4.0,223.08,0,0,
test_q4_2024,2024-10-20,1314,LOJA 1314,44217,BROMELIN S 100ML,33104,B,9,3,4,0.84,5,4.0,0,4.0,0,,4.0,0,0.0721,0.2852,2.5,0.0,0.0,0.0,4.0,0,55.77,74.2,223.08,0.0,,,0,0,
test_q4_2024,2024-10-21,1314,LOJA 1314,44217,BROMELIN S 100ML,33104,B,9,3,4,0.84,5,4.0,0,4.0,0,,4.0,0,0.0721,0.2852,2.5,0.0,0.0,0.0,4.0,0,55.77,74.2,223.08,0.0,4.0,223.08,0,0,
test_q4_2024,2024-10-22,1314,LOJA 1314,44217,BROMELIN S 100ML,33104,B,9,3,4,0.84,5,4.0,0,4.0,0,,4.0,0,0.0721,0.2852,2.5,0.0,0.0,0.0,4.0,0,55.77,74.2,223.08,0.0,4.0,223.08,0,0,
test_q4_2024,2024-10-23,1314,LOJA 1314,44217,BROMELIN S 100ML,33104,B,9,3,4,0.84,5,4.0,0,4.0,0,,4.0,0,0.1596,0.2852,2.5,0.0,0.0,0.0,4.0,0,55.77,74.2,223.08,0.0,4.0,223.08,0,0,
test_q4_2024,2024-10-24,1314,LOJA 1314,44217,BROMELIN S 100ML,33104,B,9,3,4,0.84,5,4.0,0,4.0,0,,4.0,0,0.1596,0.2852,2.5,0.0,0.0,0.0,4.0,0,55.77,74.2,223.08,0.0,4.0,223.08,0,0,
test_q4_2024,2024-10-25,1314,LOJA 1314,44217,BROMELIN S 100ML,33104,B,9,3,4,0.84,5,4.0,0,4.0,0,,4.0,0,0.0721,0.2852,2.5,0.0,0.0,0.0,4.0,0,55.77,74.2,223.08,0.0,4.0,223.08,0,0,
test_q4_2024,2024-10-26,1314,LOJA 1314,44217,BROMELIN S 100ML,33104,B,9,3,4,0.84,5,4.0,0,4.0,0,,4.0,0,0.1159,0.2852,2.5,0.0,0.0,0.0,4.0,0,55.77,74.2,223.08,0.0,4.0,223.08,0,0,
test_q4_2024,2024-10-27,1314,LOJA 1314,44217,BROMELIN S 100ML,33104,B,9,3,4,0.84,5,4.0,0,4.0,0,,4.0,0,0.0721,0.2852,2.5,0.0,0.0,0.0,4.0,0,55.77,74.2,223.08,0.0,,,0,0,
test_q4_2024,2024-10-28,1314,LOJA 1314,44217,BROMELIN S 100ML,33104,B,9,3,4,0.84,5,4.0,0,4.0,0,,4.0,0,0.0721,0.2852,2.5,0.0,0.0,0.0,4.0,0,55.77,74.2,223.08,0.0,4.0,223.08,0,0,
test_q4_2024,2024-10-29,1314,LOJA 1314,44217,BROMELIN S 100ML,33104,B,9,3,4,0.84,5,4.0,0,4.0,0,,4.0,0,0.0321,0.2852,2.5,0.0,0.0,0.0,4.0,0,55.77,74.2,223.08,0.0,4.0,223.08,0,0,
test_q4_2024,2024-10-30,1314,LOJA 1314,44217,BROMELIN S 100ML,33104,B,9,3,4,0.84,5,4.0,0,4.0,0,,4.0,0,0.1196,0.2852,2.5,0.0,0.0,0.0,4.0,0,55.77,74.2,223.08,0.0,4.0,223.08,0,0,
test_q4_2024,2024-10-31,1314,LOJA 1314,44217,BROMELIN S 100ML,33104,B,9,3,4,0.84,5,4.0,0,4.0,0,,4.0,0,0.1196,0.2852,2.5,1.0,1.0,0.0,3.0,0,55.77,74.2,167.31,0.0,4.0,223.08,0,0,
test_q4_2024,2024-11-01,1314,LOJA 1314,44217,BROMELIN S 100ML,33104,B,9,3,4,0.84,5,3.0,0,3.0,1,2024-11-10,4.0,1,0.0455,0.2852,2.5,0.0,0.0,0.0,3.0,0,55.77,74.2,167.31,43.09,3.0,167.31,0,0,
test_q4_2024,2024-11-02,1314,LOJA 1314,44217,BROMELIN S 100ML,33104,B,9,3,4,0.84,5,3.0,0,4.0,0,,4.0,1,0.0892,0.2852,2.5,0.0,0.0,0.0,3.0,0,55.77,74.2,167.31,0.0,3.0,167.31,0,0,
test_q4_2024,2024-11-03,1314,LOJA 1314,44217,BROMELIN S 100ML,33104,B,9,3,4,0.84,5,3.0,0,4.0,0,,4.0,1,0.0455,0.2852,2.5,0.0,0.0,0.0,3.0,0,55.77,74.2,167.31,0.0,,,0,0,
test_q4_2024,2024-11-04,1314,LOJA 1314,44217,BROMELIN S 100ML,33104,B,9,3,4,0.84,5,3.0,0,4.0,0,,4.0,1,0.0455,0.2852,2.5,0.0,0.0,0.0,3.0,0,55.77,74.2,167.31,0.0,3.0,167.31,0,0,
test_q4_2024,2024-11-05,1314,LOJA 1314,44217,BROMELIN S 100ML,33104,B,9,3,4,0.84,5,3.0,0,4.0,0,,4.0,1,0.0455,0.2852,2.5,0.0,0.0,0.0,3.0,0,55.77,74.2,167.31,0.0,3.0,167.31,0,0,
test_q4_2024,2024-11-06,1314,LOJA 1314,44217,BROMELIN S 100ML,33104,B,9,3,4,0.84,5,3.0,0,4.0,0,,4.0,1,0.133,0.2852,2.5,0.0,0.0,0.0,3.0,0,55.77,74.2,167.31,0.0,3.0,167.31,0,0,
test_q4_2024,2024-11-07,1314,LOJA 1314,44217,BROMELIN S 100ML,33104,B,9,3,4,0.84,5,3.0,0,4.0,0,,4.0,1,0.133,0.2852,2.5,0.0,0.0,0.0,3.0,0,55.77,74.2,167.31,0.0,3.0,167.31,0,0,
test_q4_2024,2024-11-08,1314,LOJA 1314,44217,BROMELIN S 100ML,33104,B,9,3,4,0.84,5,3.0,0,4.0,0,,4.0,1,0.0455,0.2852,2.5,0.0,0.0,0.0,3.0,0,55.77,74.2,167.31,0.0,3.0,167.31,0,0,
test_q4_2024,2024-11-09,1314,LOJA 1314,44217,BROMELIN S 100ML,33104,B,9,3,4,0.84,5,3.0,0,4.0,0,,4.0,1,0.0892,0.2852,2.5,0.0,0.0,0.0,3.0,0,55.77,74.2,167.31,0.0,3.0,167.31,0,0,
test_q4_2024,2024-11-10,1314,LOJA 1314,44217,BROMELIN S 100ML,33104,B,9,3,4,0.84,5,4.0,1,4.0,0,,4.0,0,0.0455,0.2852,2.5,0.0,0.0,0.0,4.0,0,55.77,74.2,223.08,0.0,,,0,0,
test_q4_2024,2024-11-11,1314,LOJA 1314,44217,BROMELIN S 100ML,33104,B,9,3,4,0.84,5,4.0,0,4.0,0,,4.0,0,0.0455,0.2852,2.5,0.0,0.0,0.0,4.0,0,55.77,74.2,223.08,0.0,3.0,167.31,0,0,
test_q4_2024,2024-11-12,1314,LOJA 1314,44217,BROMELIN S 100ML,33104,B,9,3,4,0.84,5,4.0,0,4.0,0,,4.0,0,0.0455,0.2852,2.5,0.0,0.0,0.0,4.0,0,55.77,74.2,223.08,0.0,3.0,167.31,0,0,
test_q4_2024,2024-11-13,1314,LOJA 1314,44217,BROMELIN S 100ML,33104,B,9,3,4,0.84,5,4.0,0,4.0,0,,4.0,0,0.133,0.2852,2.5,0.0,0.0,0.0,4.0,0,55.77,74.2,223.08,0.0,3.0,167.31,0,0,
test_q4_2024,2024-11-14,1314,LOJA 1314,44217,BROMELIN S 100ML,33104,B,9,3,4,0.84,5,4.0,0,4.0,0,,4.0,0,0.133,0.2852,2.5,0.0,0.0,0.0,4.0,0,55.77,74.2,223.08,0.0,3.0,167.31,0,0,
test_q4_2024,2024-11-15,1314,LOJA 1314,44217,BROMELIN S 100ML,33104,B,9,3,4,0.84,5,4.0,0,4.0,0,,4.0,0,0.0455,0.2852,2.5,0.0,0.0,0.0,4.0,0,55.77,74.2,223.08,0.0,3.0,167.31,0,0,
test_q4_2024,2024-11-16,1314,LOJA 1314,44217,BROMELIN S 100ML,33104,B,9,3,4,0.84,5,4.0,0,4.0,0,,4.0,0,0.0759,0.2852,2.5,0.0,0.0,0.0,4.0,0,55.77,74.2,223.08,0.0,3.0,167.31,0,0,
test_q4_2024,2024-11-17,1314,LOJA 1314,44217,BROMELIN S 100ML,33104,B,9,3,4,0.84,5,4.0,0,4.0,0,,4.0,0,0.0321,0.2852,2.5,0.0,0.0,0.0,4.0,0,55.77,74.2,223.08,0.0,,,0,0,
test_q4_2024,2024-11-18,1314,LOJA 1314,44217,BROMELIN S 100ML,33104,B,9,3,4,0.84,5,4.0,0,4.0,0,,4.0,0,0.0321,0.2852,2.5,0.0,0.0,0.0,4.0,0,55.77,74.2,223.08,0.0,3.0,167.31,0,0,
test_q4_2024,2024-11-19,1314,LOJA 1314,44217,BROMELIN S 100ML,33104,B,9,3,4,0.84,5,4.0,0,4.0,0,,4.0,0,0.0321,0.2852,2.5,0.0,0.0,0.0,4.0,0,55.77,74.2,223.08,0.0,3.0,167.31,0,0,
test_q4_2024,2024-11-20,1314,LOJA 1314,44217,BROMELIN S 100ML,33104,B,9,3,4,0.84,5,4.0,0,4.0,0,,4.0,0,0.1196,0.2852,2.5,0.0,0.0,0.0,4.0,0,55.77,74.2,223.08,0.0,3.0,167.31,0,0,
test_q4_2024,2024-11-21,1314,LOJA 1314,44217,BROMELIN S 100ML,33104,B,9,3,4,0.84,5,4.0,0,4.0,0,,4.0,0,0.1196,0.2852,2.5,0.0,0.0,0.0,4.0,0,55.77,74.2,223.08,0.0,3.0,167.31,0,0,
test_q4_2024,2024-11-22,1314,LOJA 1314,44217,BROMELIN S 100ML,33104,B,9,3,4,0.84,5,4.0,0,4.0,0,,4.0,0,0.0321,0.2852,2.5,0.0,0.0,0.0,4.0,0,55.77,74.2,223.08,0.0,3.0,167.31,0,0,
test_q4_2024,2024-11-23,1314,LOJA 1314,44217,BROMELIN S 100ML,33104,B,9,3,4,0.84,5,4.0,0,4.0,0,,4.0,0,0.0892,0.2852,2.5,0.0,0.0,0.0,4.0,0,55.77,74.2,223.08,0.0,3.0,167.31,0,0,
test_q4_2024,2024-11-24,1314,LOJA 1314,44217,BROMELIN S 100ML,33104,B,9,3,4,0.84,5,4.0,0,4.0,0,,4.0,0,0.0588,0.2852,2.5,0.0,0.0,0.0,4.0,0,55.77,74.2,223.08,0.0,,,0,0,
test_q4_2024,2024-11-25,1314,LOJA 1314,44217,BROMELIN S 100ML,33104,B,9,3,4,0.84,5,4.0,0,4.0,0,,4.0,0,0.0588,0.2852,2.5,0.0,0.0,0.0,4.0,0,55.77,74.2,223.08,0.0,3.0,167.31,0,0,
test_q4_2024,2024-11-26,1314,LOJA 1314,44217,BROMELIN S 100ML,33104,B,9,3,4,0.84,5,4.0,0,4.0,0,,4.0,0,0.0588,0.2852,2.5,0.0,0.0,0.0,4.0,0,55.77,74.2,223.08,0.0,3.0,167.31,0,0,
test_q4_2024,2024-11-27,1314,LOJA 1314,44217,BROMELIN S 100ML,33104,B,9,3,4,0.84,5,4.0,0,4.0,0,,4.0,0,0.1463,0.2852,2.5,0.0,0.0,0.0,4.0,0,55.77,74.2,223.08,0.0,3.0,167.31,0,0,
test_q4_2024,2024-11-28,1314,LOJA 1314,44217,BROMELIN S 100ML,33104,B,9,3,4,0.84,5,4.0,0,4.0,0,,4.0,0,0.1463,0.2852,2.5,0.0,0.0,0.0,4.0,0,55.77,74.2,223.08,0.0,3.0,167.31,0,0,
test_q4_2024,2024-11-29,1314,LOJA 1314,44217,BROMELIN S 100ML,33104,B,9,3,4,0.84,5,4.0,0,4.0,0,,4.0,0,0.0588,0.2852,2.5,0.0,0.0,0.0,4.0,0,55.77,74.2,223.08,0.0,3.0,167.31,0,0,
test_q4_2024,2024-11-30,1314,LOJA 1314,44217,BROMELIN S 100ML,33104,B,9,3,4,0.84,5,4.0,0,4.0,0,,4.0,0,0.1026,0.2852,2.5,0.0,0.0,0.0,4.0,0,55.77,74.2,223.08,0.0,3.0,167.31,0,0,
test_q4_2024,2024-12-01,1314,LOJA 1314,44217,BROMELIN S 100ML,33104,B,9,3,4,0.84,5,4.0,0,4.0,0,,4.0,0,0.0588,0.2852,2.5,0.0,0.0,0.0,4.0,0,55.77,74.2,223.08,0.0,,,0,0,
test_q4_2024,2024-12-02,1314,LOJA 1314,44217,BROMELIN S 100ML,33104,B,9,3,4,0.84,5,4.0,0,4.0,0,,4.0,0,0.0588,0.2852,2.5,0.0,0.0,0.0,4.0,0,55.77,74.2,223.08,0.0,3.0,167.31,0,0,
test_q4_2024,2024-12-03,1314,LOJA 1314,44217,BROMELIN S 100ML,33104,B,9,3,4,0.84,5,4.0,0,4.0,0,,4.0,0,0.0588,0.2852,2.5,0.0,0.0,0.0,4.0,0,55.77,74.2,223.08,0.0,3.0,167.31,0,0,
test_q4_2024,2024-12-04,1314,LOJA 1314,44217,BROMELIN S 100ML,33104,B,9,3,4,0.84,5,4.0,0,4.0,0,,4.0,0,0.1463,0.2852,2.5,0.0,0.0,0.0,4.0,0,55.77,74.2,223.08,0.0,3.0,167.31,0,0,
test_q4_2024,2024-12-05,1314,LOJA 1314,44217,BROMELIN S 100ML,33104,B,9,3,4,0.84,5,4.0,0,4.0,0,,4.0,0,0.1463,0.2852,2.5,0.0,0.0,0.0,4.0,0,55.77,74.2,223.08,0.0,3.0,167.31,0,0,
test_q4_2024,2024-12-06,1314,LOJA 1314,44217,BROMELIN S 100ML,33104,B,9,3,4,0.84,5,4.0,0,4.0,0,,4.0,0,0.0588,0.2852,2.5,0.0,0.0,0.0,4.0,0,55.77,74.2,223.08,0.0,3.0,167.31,0,0,
test_q4_2024,2024-12-07,1314,LOJA 1314,44217,BROMELIN S 100ML,33104,B,9,3,4,0.84,5,4.0,0,4.0,0,,4.0,0,0.1026,0.2852,2.5,0.0,0.0,0.0,4.0,0,55.77,74.2,223.08,0.0,3.0,167.31,0,0,
test_q4_2024,2024-12-08,1314,LOJA 1314,44217,BROMELIN S 100ML,33104,B,9,3,4,0.84,5,4.0,0,4.0,0,,4.0,0,0.0455,0.2852,2.5,0.0,0.0,0.0,4.0,0,55.77,74.2,223.08,0.0,,,0,0,
test_q4_2024,2024-12-09,1314,LOJA 1314,44217,BROMELIN S 100ML,33104,B,9,3,4,0.84,5,4.0,0,4.0,0,,4.0,0,0.0321,0.2852,2.5,0.0,0.0,0.0,4.0,0,55.77,74.2,223.08,0.0,3.0,167.31,0,0,
test_q4_2024,2024-12-10,1314,LOJA 1314,44217,BROMELIN S 100ML,33104,B,9,3,4,0.84,5,4.0,0,4.0,0,,4.0,0,0.0321,0.2852,2.5,0.0,0.0,0.0,4.0,0,55.77,74.2,223.08,0.0,3.0,167.31,0,0,
test_q4_2024,2024-12-11,1314,LOJA 1314,44217,BROMELIN S 100ML,33104,B,9,3,4,0.84,5,4.0,0,4.0,0,,4.0,0,0.1196,0.2852,2.5,0.0,0.0,0.0,4.0,0,55.77,74.2,223.08,0.0,3.0,167.31,0,0,
test_q4_2024,2024-12-12,1314,LOJA 1314,44217,BROMELIN S 100ML,33104,B,9,3,4,0.84,5,4.0,0,4.0,0,,4.0,0,0.1196,0.2852,2.5,0.0,0.0,0.0,4.0,0,55.77,74.2,223.08,0.0,3.0,167.31,0,0,
test_q4_2024,2024-12-13,1314,LOJA 1314,44217,BROMELIN S 100ML,33104,B,9,3,4,0.84,5,4.0,0,4.0,0,,4.0,0,0.0321,0.2852,2.5,0.0,0.0,0.0,4.0,0,55.77,74.2,223.08,0.0,3.0,167.31,0,0,
test_q4_2024,2024-12-14,1314,LOJA 1314,44217,BROMELIN S 100ML,33104,B,9,3,4,0.84,5,4.0,0,4.0,0,,4.0,0,0.0759,0.2852,2.5,0.0,0.0,0.0,4.0,0,55.77,74.2,223.08,0.0,3.0,167.31,0,0,
test_q4_2024,2024-12-15,1314,LOJA 1314,44217,BROMELIN S 100ML,33104,B,9,3,4,0.84,5,4.0,0,4.0,0,,4.0,0,0.0321,0.2852,2.5,0.0,0.0,0.0,4.0,0,55.77,74.2,223.08,0.0,,,0,0,
test_q4_2024,2024-12-16,1314,LOJA 1314,44217,BROMELIN S 100ML,33104,B,9,3,4,0.84,5,4.0,0,4.0,0,,4.0,0,0.0321,0.2852,2.5,0.0,0.0,0.0,4.0,0,55.77,74.2,223.08,0.0,3.0,167.31,0,0,
test_q4_2024,2024-12-17,1314,LOJA 1314,44217,BROMELIN S 100ML,33104,B,9,3,4,0.84,5,4.0,0,4.0,0,,4.0,0,0.0321,0.2852,2.5,0.0,0.0,0.0,4.0,0,55.77,74.2,223.08,0.0,3.0,167.31,0,0,
test_q4_2024,2024-12-18,1314,LOJA 1314,44217,BROMELIN S 100ML,33104,B,9,3,4,0.84,5,4.0,0,4.0,0,,4.0,0,0.1196,0.2852,2.5,0.0,0.0,0.0,4.0,0,55.77,74.2,223.08,0.0,3.0,167.31,0,0,
test_q4_2024,2024-12-19,1314,LOJA 1314,44217,BROMELIN S 100ML,33104,B,9,3,4,0.84,5,4.0,0,4.0,0,,4.0,0,0.1196,0.2852,2.5,0.0,0.0,0.0,4.0,0,55.77,74.2,223.08,0.0,3.0,167.31,0,0,
test_q4_2024,2024-12-20,1314,LOJA 1314,44217,BROMELIN S 100ML,33104,B,9,3,4,0.84,5,4.0,0,4.0,0,,4.0,0,0.0321,0.2852,2.5,0.0,0.0,0.0,4.0,0,55.77,74.2,223.08,0.0,3.0,167.31,0,0,
test_q4_2024,2024-12-21,1314,LOJA 1314,44217,BROMELIN S 100ML,33104,B,9,3,4,0.84,5,4.0,0,4.0,0,,4.0,0,0.0759,0.2852,2.5,0.0,0.0,0.0,4.0,0,55.77,74.2,223.08,0.0,3.0,167.31,0,0,
test_q4_2024,2024-12-22,1314,LOJA 1314,44217,BROMELIN S 100ML,33104,B,9,3,4,0.84,5,4.0,0,4.0,0,,4.0,0,0.0321,0.2852,2.5,0.0,0.0,0.0,4.0,0,55.77,74.2,223.08,0.0,,,0,0,
test_q4_2024,2024-12-23,1314,LOJA 1314,44217,BROMELIN S 100ML,33104,B,9,3,4,0.84,5,4.0,0,4.0,0,,4.0,0,0.0321,0.2852,2.5,0.0,0.0,0.0,4.0,0,55.77,74.2,223.08,0.0,3.0,167.31,0,0,
test_q4_2024,2024-12-24,1314,LOJA 1314,44217,BROMELIN S 100ML,33104,B,9,3,4,0.84,5,4.0,0,4.0,0,,4.0,0,0.0321,0.2852,2.5,0.0,0.0,0.0,4.0,0,55.77,74.2,223.08,0.0,3.0,167.31,0,0,
test_q4_2024,2024-12-25,1314,LOJA 1314,44217,BROMELIN S 100ML,33104,B,9,3,4,0.84,5,4.0,0,4.0,0,,4.0,0,0.1196,0.2852,2.5,0.0,0.0,0.0,4.0,0,55.77,74.2,223.08,0.0,3.0,167.31,0,0,
test_q4_2024,2024-12-26,1314,LOJA 1314,44217,BROMELIN S 100ML,33104,B,9,3,4,0.84,5,4.0,0,4.0,0,,4.0,0,0.1196,0.2852,2.5,0.0,0.0,0.0,4.0,0,55.77,74.2,223.08,0.0,3.0,167.31,0,0,
test_q4_2024,2024-12-27,1314,LOJA 1314,44217,BROMELIN S 100ML,33104,B,9,3,4,0.84,5,4.0,0,4.0,0,,4.0,0,0.0321,0.2852,2.5,0.0,0.0,0.0,4.0,0,55.77,74.2,223.08,0.0,3.0,167.31,0,0,
test_q4_2024,2024-12-28,1314,LOJA 1314,44217,BROMELIN S 100ML,33104,B,9,3,4,0.84,5,4.0,0,4.0,0,,4.0,0,0.0759,0.2852,2.5,0.0,0.0,0.0,4.0,0,55.77,74.2,223.08,0.0,3.0,167.31,0,0,
test_q4_2024,2024-12-29,1314,LOJA 1314,44217,BROMELIN S 100ML,33104,B,9,3,4,0.84,5,4.0,0,4.0,0,,4.0,0,0.0321,0.2852,2.5,0.0,0.0,0.0,4.0,0,55.77,74.2,223.08,0.0,,,0,0,
test_q4_2024,2024-12-30,1314,LOJA 1314,44217,BROMELIN S 100ML,33104,B,9,3,4,0.84,5,4.0,0,4.0,0,,4.0,0,0.0321,0.2852,2.5,0.0,0.0,0.0,4.0,0,55.77,74.2,223.08,0.0,3.0,167.31,0,0,
test_q4_2024,2024-12-31,1314,LOJA 1314,44217,BROMELIN S 100ML,33104,B,9,3,4,0.84,5,4.0,0,4.0,0,,4.0,0,0.0321,0.2852,2.5,0.0,0.0,0.0,4.0,0,55.77,74.2,223.08,0.0,3.0,167.31,0,0,
test_q4_2024,2024-10-01,1314,LOJA 1314,48812,ARLIVRY XAROPE CEREJA 100ML,35610,B,9,6,7,0.84,5,6.0,0,7.0,0,,7.0,1,0.0643,0.3093,2.5,0.0,0.0,0.0,6.0,0,21.9,18.49,131.4,0.0,2.0,43.8,0,0,
test_q4_2024,2024-10-02,1314,LOJA 1314,48812,ARLIVRY XAROPE CEREJA 100ML,35610,B,9,6,7,0.84,5,6.0,0,7.0,0,,7.0,1,0.108,0.3093,2.5,0.0,0.0,0.0,6.0,0,21.9,18.49,131.4,0.0,2.0,43.8,0,0,
test_q4_2024,2024-10-03,1314,LOJA 1314,48812,ARLIVRY XAROPE CEREJA 100ML,35610,B,9,6,7,0.84,5,6.0,0,7.0,0,,7.0,1,0.108,0.3093,2.5,0.0,0.0,0.0,6.0,0,21.9,18.49,131.4,0.0,2.0,43.8,0,0,
test_q4_2024,2024-10-04,1314,LOJA 1314,48812,ARLIVRY XAROPE CEREJA 100ML,35610,B,9,6,7,0.84,5,6.0,0,7.0,0,,7.0,1,0.0643,0.3093,2.5,0.0,0.0,0.0,6.0,0,21.9,18.49,131.4,0.0,2.0,43.8,0,0,
test_q4_2024,2024-10-05,1314,LOJA 1314,48812,ARLIVRY XAROPE CEREJA 100ML,35610,B,9,6,7,0.84,5,6.0,0,7.0,0,,7.0,1,0.108,0.3093,2.5,0.0,0.0,0.0,6.0,0,21.9,18.49,131.4,0.0,2.0,43.8,0,0,
test_q4_2024,2024-10-06,1314,LOJA 1314,48812,ARLIVRY XAROPE CEREJA 100ML,35610,B,9,6,7,0.84,5,6.0,0,7.0,0,,7.0,1,0.108,0.3093,2.5,0.0,0.0,0.0,6.0,0,21.9,18.49,131.4,0.0,,,0,0,
test_q4_2024,2024-10-07,1314,LOJA 1314,48812,ARLIVRY XAROPE CEREJA 100ML,35610,B,9,6,7,0.84,5,6.0,0,7.0,0,,7.0,1,0.1518,0.3093,2.5,0.0,0.0,0.0,6.0,0,21.9,18.49,131.4,0.0,3.0,65.69999999999999,0,0,
test_q4_2024,2024-10-08,1314,LOJA 1314,48812,ARLIVRY XAROPE CEREJA 100ML,35610,B,9,6,7,0.84,5,7.0,1,7.0,0,,7.0,0,0.0643,0.3093,2.5,0.0,0.0,0.0,7.0,0,21.9,18.49,153.3,0.0,3.0,65.69999999999999,0,0,
test_q4_2024,2024-10-09,1314,LOJA 1314,48812,ARLIVRY XAROPE CEREJA 100ML,35610,B,9,6,7,0.84,5,7.0,0,7.0,0,,7.0,0,0.108,0.3093,2.5,0.0,0.0,0.0,7.0,0,21.9,18.49,153.3,0.0,3.0,65.69999999999999,0,0,
test_q4_2024,2024-10-10,1314,LOJA 1314,48812,ARLIVRY XAROPE CEREJA 100ML,35610,B,9,6,7,0.84,5,7.0,0,7.0,0,,7.0,0,0.148,0.3093,2.5,0.0,0.0,0.0,7.0,0,21.9,18.49,153.3,0.0,3.0,65.69999999999999,0,0,
test_q4_2024,2024-10-11,1314,LOJA 1314,48812,ARLIVRY XAROPE CEREJA 100ML,35610,B,9,6,7,0.84,5,7.0,0,7.0,0,,7.0,0,0.1443,0.3093,2.5,0.0,0.0,0.0,7.0,0,21.9,18.49,153.3,0.0,5.0,109.5,0,0,
test_q4_2024,2024-10-12,1314,LOJA 1314,48812,ARLIVRY XAROPE CEREJA 100ML,35610,B,9,6,7,0.84,5,7.0,0,7.0,0,,7.0,0,0.188,0.3093,2.5,0.0,0.0,0.0,7.0,0,21.9,18.49,153.3,0.0,5.0,109.5,0,0,
test_q4_2024,2024-10-13,1314,LOJA 1314,48812,ARLIVRY XAROPE CEREJA 100ML,35610,B,9,6,7,0.84,5,7.0,0,7.0,0,,7.0,0,0.188,0.3093,2.5,0.0,0.0,0.0,7.0,0,21.9,18.49,153.3,0.0,,,0,0,
test_q4_2024,2024-10-14,1314,LOJA 1314,48812,ARLIVRY XAROPE CEREJA 100ML,35610,B,9,6,7,0.84,5,7.0,0,7.0,0,,7.0,0,0.2318,0.3093,2.5,0.0,0.0,0.0,7.0,0,21.9,18.49,153.3,0.0,5.0,109.5,0,0,
test_q4_2024,2024-10-15,1314,LOJA 1314,48812,ARLIVRY XAROPE CEREJA 100ML,35610,B,9,6,7,0.84,5,7.0,0,7.0,0,,7.0,0,0.1443,0.3093,2.5,0.0,0.0,0.0,7.0,0,21.9,18.49,153.3,0.0,5.0,109.5,0,0,
test_q4_2024,2024-10-16,1314,LOJA 1314,48812,ARLIVRY XAROPE CEREJA 100ML,35610,B,9,6,7,0.84,5,7.0,0,7.0,0,,7.0,0,0.188,0.3093,2.5,0.0,0.0,0.0,7.0,0,21.9,18.49,153.3,0.0,5.0,109.5,0,0,
test_q4_2024,2024-10-17,1314,LOJA 1314,48812,ARLIVRY XAROPE CEREJA 100ML,35610,B,9,6,7,0.84,5,7.0,0,7.0,0,,7.0,0,0.188,0.3093,2.5,0.0,0.0,0.0,7.0,0,21.9,18.49,153.3,0.0,5.0,109.5,0,0,
test_q4_2024,2024-10-18,1314,LOJA 1314,48812,ARLIVRY XAROPE CEREJA 100ML,35610,B,9,6,7,0.84,5,7.0,0,7.0,0,,7.0,0,0.1443,0.3093,2.5,0.0,0.0,0.0,7.0,0,21.9,18.49,153.3,0.0,5.0,109.5,0,0,
test_q4_2024,2024-10-19,1314,LOJA 1314,48812,ARLIVRY XAROPE CEREJA 100ML,35610,B,9,6,7,0.84,5,7.0,0,7.0,0,,7.0,0,0.188,0.3093,2.5,0.0,0.0,0.0,7.0,0,21.9,18.49,153.3,0.0,5.0,109.5,0,0,
test_q4_2024,2024-10-20,1314,LOJA 1314,48812,ARLIVRY XAROPE CEREJA 100ML,35610,B,9,6,7,0.84,5,7.0,0,7.0,0,,7.0,0,0.188,0.3093,2.5,0.0,0.0,0.0,7.0,0,21.9,18.49,153.3,0.0,,,0,0,
test_q4_2024,2024-10-21,1314,LOJA 1314,48812,ARLIVRY XAROPE CEREJA 100ML,35610,B,9,6,7,0.84,5,7.0,0,7.0,0,,7.0,0,0.2318,0.3093,2.5,0.0,0.0,0.0,7.0,0,21.9,18.49,153.3,0.0,5.0,109.5,0,0,
test_q4_2024,2024-10-22,1314,LOJA 1314,48812,ARLIVRY XAROPE CEREJA 100ML,35610,B,9,6,7,0.84,5,7.0,0,7.0,0,,7.0,0,0.1443,0.3093,2.5,0.0,0.0,0.0,7.0,0,21.9,18.49,153.3,0.0,5.0,109.5,0,0,
test_q4_2024,2024-10-23,1314,LOJA 1314,48812,ARLIVRY XAROPE CEREJA 100ML,35610,B,9,6,7,0.84,5,7.0,0,7.0,0,,7.0,0,0.188,0.3093,2.5,0.0,0.0,0.0,7.0,0,21.9,18.49,153.3,0.0,5.0,109.5,0,0,
test_q4_2024,2024-10-24,1314,LOJA 1314,48812,ARLIVRY XAROPE CEREJA 100ML,35610,B,9,6,7,0.84,5,7.0,0,7.0,0,,7.0,0,0.188,0.3093,2.5,0.0,0.0,0.0,7.0,0,21.9,18.49,153.3,0.0,5.0,109.5,0,0,
test_q4_2024,2024-10-25,1314,LOJA 1314,48812,ARLIVRY XAROPE CEREJA 100ML,35610,B,9,6,7,0.84,5,7.0,0,7.0,0,,7.0,0,0.1043,0.3093,2.5,0.0,0.0,0.0,7.0,0,21.9,18.49,153.3,0.0,5.0,109.5,0,0,
test_q4_2024,2024-10-26,1314,LOJA 1314,48812,ARLIVRY XAROPE CEREJA 100ML,35610,B,9,6,7,0.84,5,7.0,0,7.0,0,,7.0,0,0.108,0.3093,2.5,0.0,0.0,0.0,7.0,0,21.9,18.49,153.3,0.0,5.0,109.5,0,0,
test_q4_2024,2024-10-27,1314,LOJA 1314,48812,ARLIVRY XAROPE CEREJA 100ML,35610,B,9,6,7,0.84,5,7.0,0,7.0,0,,7.0,0,0.108,0.3093,2.5,0.0,0.0,0.0,7.0,0,21.9,18.49,153.3,0.0,,,0,0,
test_q4_2024,2024-10-28,1314,LOJA 1314,48812,ARLIVRY XAROPE CEREJA 100ML,35610,B,9,6,7,0.84,5,7.0,0,7.0,0,,7.0,0,0.1518,0.3093,2.5,0.0,0.0,0.0,7.0,0,21.9,18.49,153.3,0.0,5.0,109.5,0,0,
test_q4_2024,2024-10-29,1314,LOJA 1314,48812,ARLIVRY XAROPE CEREJA 100ML,35610,B,9,6,7,0.84,5,7.0,0,7.0,0,,7.0,0,0.0643,0.3093,2.5,0.0,0.0,0.0,7.0,0,21.9,18.49,153.3,0.0,5.0,109.5,0,0,
test_q4_2024,2024-10-30,1314,LOJA 1314,48812,ARLIVRY XAROPE CEREJA 100ML,35610,B,9,6,7,0.84,5,7.0,0,7.0,0,,7.0,0,0.108,0.3093,2.5,0.0,0.0,0.0,7.0,0,21.9,18.49,153.3,0.0,5.0,109.5,0,0,
test_q4_2024,2024-10-31,1314,LOJA 1314,48812,ARLIVRY XAROPE CEREJA 100ML,35610,B,9,6,7,0.84,5,7.0,0,7.0,0,,7.0,0,0.108,0.3093,2.5,0.0,0.0,0.0,7.0,0,21.9,18.49,153.3,0.0,5.0,109.5,0,0,
test_q4_2024,2024-11-01,1314,LOJA 1314,48812,ARLIVRY XAROPE CEREJA 100ML,35610,B,9,6,7,0.84,5,7.0,0,7.0,0,,7.0,0,0.0643,0.3093,2.5,0.0,0.0,0.0,7.0,0,21.9,18.49,153.3,0.0,5.0,109.5,0,0,
test_q4_2024,2024-11-02,1314,LOJA 1314,48812,ARLIVRY XAROPE CEREJA 100ML,35610,B,9,6,7,0.84,5,7.0,0,7.0,0,,7.0,0,0.108,0.3093,2.5,0.0,0.0,0.0,7.0,0,21.9,18.49,153.3,0.0,5.0,109.5,0,0,
test_q4_2024,2024-11-03,1314,LOJA 1314,48812,ARLIVRY XAROPE CEREJA 100ML,35610,B,9,6,7,0.84,5,7.0,0,7.0,0,,7.0,0,0.108,0.3093,2.5,0.0,0.0,0.0,7.0,0,21.9,18.49,153.3,0.0,,,0,0,
test_q4_2024,2024-11-04,1314,LOJA 1314,48812,ARLIVRY XAROPE CEREJA 100ML,35610,B,9,6,7,0.84,5,7.0,0,7.0,0,,7.0,0,0.1518,0.3093,2.5,0.0,0.0,0.0,7.0,0,21.9,18.49,153.3,0.0,5.0,109.5,0,0,
test_q4_2024,2024-11-05,1314,LOJA 1314,48812,ARLIVRY XAROPE CEREJA 100ML,35610,B,9,6,7,0.84,5,7.0,0,7.0,0,,7.0,0,0.0643,0.3093,2.5,1.0,1.0,0.0,6.0,0,21.9,18.49,131.4,0.0,5.0,109.5,0,0,
test_q4_2024,2024-11-06,1314,LOJA 1314,48812,ARLIVRY XAROPE CEREJA 100ML,35610,B,9,6,7,0.84,5,6.0,0,6.0,1,2024-11-15,7.0,1,0.108,0.3093,2.5,0.0,0.0,0.0,6.0,0,21.9,18.49,131.4,8.98,4.0,87.6,0,0,
test_q4_2024,2024-11-07,1314,LOJA 1314,48812,ARLIVRY XAROPE CEREJA 100ML,35610,B,9,6,7,0.84,5,6.0,0,7.0,0,,7.0,1,0.108,0.3093,2.5,0.0,0.0,0.0,6.0,0,21.9,18.49,131.4,0.0,4.0,87.6,0,0,
test_q4_2024,2024-11-08,1314,LOJA 1314,48812,ARLIVRY XAROPE CEREJA 100ML,35610,B,9,6,7,0.84,5,6.0,0,7.0,0,,7.0,1,0.0643,0.3093,2.5,0.0,0.0,0.0,6.0,0,21.9,18.49,131.4,0.0,4.0,87.6,0,0,
test_q4_2024,2024-11-09,1314,LOJA 1314,48812,ARLIVRY XAROPE CEREJA 100ML,35610,B,9,6,7,0.84,5,6.0,0,7.0,0,,7.0,1,0.108,0.3093,2.5,0.0,0.0,0.0,6.0,0,21.9,18.49,131.4,0.0,4.0,87.6,0,0,
test_q4_2024,2024-11-10,1314,LOJA 1314,48812,ARLIVRY XAROPE CEREJA 100ML,35610,B,9,6,7,0.84,5,6.0,0,7.0,0,,7.0,1,0.108,0.3093,2.5,0.0,0.0,0.0,6.0,0,21.9,18.49,131.4,0.0,,,0,0,
test_q4_2024,2024-11-11,1314,LOJA 1314,48812,ARLIVRY XAROPE CEREJA 100ML,35610,B,9,6,7,0.84,5,6.0,0,7.0,0,,7.0,1,0.1518,0.3093,2.5,0.0,0.0,0.0,6.0,0,21.9,18.49,131.4,0.0,4.0,87.6,0,0,
test_q4_2024,2024-11-12,1314,LOJA 1314,48812,ARLIVRY XAROPE CEREJA 100ML,35610,B,9,6,7,0.84,5,6.0,0,7.0,0,,7.0,1,0.0643,0.3093,2.5,0.0,0.0,0.0,6.0,0,21.9,18.49,131.4,0.0,4.0,87.6,0,0,
test_q4_2024,2024-11-13,1314,LOJA 1314,48812,ARLIVRY XAROPE CEREJA 100ML,35610,B,9,6,7,0.84,5,6.0,0,7.0,0,,7.0,1,0.108,0.3093,2.5,0.0,0.0,0.0,6.0,0,21.9,18.49,131.4,0.0,4.0,87.6,0,0,
test_q4_2024,2024-11-14,1314,LOJA 1314,48812,ARLIVRY XAROPE CEREJA 100ML,35610,B,9,6,7,0.84,5,6.0,0,7.0,0,,7.0,1,0.108,0.3093,2.5,0.0,0.0,0.0,6.0,0,21.9,18.49,131.4,0.0,4.0,87.6,0,0,
test_q4_2024,2024-11-15,1314,LOJA 1314,48812,ARLIVRY XAROPE CEREJA 100ML,35610,B,9,6,7,0.84,5,7.0,1,7.0,0,,7.0,0,0.0643,0.3093,2.5,0.0,0.0,0.0,7.0,0,21.9,18.49,153.3,0.0,4.0,87.6,0,0,
test_q4_2024,2024-11-16,1314,LOJA 1314,48812,ARLIVRY XAROPE CEREJA 100ML,35610,B,9,6,7,0.84,5,7.0,0,7.0,0,,7.0,0,0.108,0.3093,2.5,0.0,0.0,0.0,7.0,0,21.9,18.49,153.3,0.0,4.0,87.6,0,0,
test_q4_2024,2024-11-17,1314,LOJA 1314,48812,ARLIVRY XAROPE CEREJA 100ML,35610,B,9,6,7,0.84,5,7.0,0,7.0,0,,7.0,0,0.108,0.3093,2.5,0.0,0.0,0.0,7.0,0,21.9,18.49,153.3,0.0,,,0,0,
test_q4_2024,2024-11-18,1314,LOJA 1314,48812,ARLIVRY XAROPE CEREJA 100ML,35610,B,9,6,7,0.84,5,7.0,0,7.0,0,,7.0,0,0.1518,0.3093,2.5,0.0,0.0,0.0,7.0,0,21.9,18.49,153.3,0.0,4.0,87.6,0,0,
test_q4_2024,2024-11-19,1314,LOJA 1314,48812,ARLIVRY XAROPE CEREJA 100ML,35610,B,9,6,7,0.84,5,7.0,0,7.0,0,,7.0,0,0.0643,0.3093,2.5,0.0,0.0,0.0,7.0,0,21.9,18.49,153.3,0.0,4.0,87.6,0,0,
test_q4_2024,2024-11-20,1314,LOJA 1314,48812,ARLIVRY XAROPE CEREJA 100ML,35610,B,9,6,7,0.84,5,7.0,0,7.0,0,,7.0,0,0.108,0.3093,2.5,0.0,0.0,0.0,7.0,0,21.9,18.49,153.3,0.0,4.0,87.6,0,0,
test_q4_2024,2024-11-21,1314,LOJA 1314,48812,ARLIVRY XAROPE CEREJA 100ML,35610,B,9,6,7,0.84,5,7.0,0,7.0,0,,7.0,0,0.108,0.3093,2.5,0.0,0.0,0.0,7.0,0,21.9,18.49,153.3,0.0,4.0,87.6,0,0,
test_q4_2024,2024-11-22,1314,LOJA 1314,48812,ARLIVRY XAROPE CEREJA 100ML,35610,B,9,6,7,0.84,5,7.0,0,7.0,0,,7.0,0,0.0643,0.3093,2.5,1.0,1.0,0.0,6.0,0,21.9,18.49,131.4,0.0,4.0,87.6,0,0,
test_q4_2024,2024-11-23,1314,LOJA 1314,48812,ARLIVRY XAROPE CEREJA 100ML,35610,B,9,6,7,0.84,5,6.0,0,6.0,1,2024-12-02,7.0,1,0.108,0.3093,2.5,0.0,0.0,0.0,6.0,0,21.9,18.49,131.4,8.98,3.0,65.69999999999999,0,0,
test_q4_2024,2024-11-24,1314,LOJA 1314,48812,ARLIVRY XAROPE CEREJA 100ML,35610,B,9,6,7,0.84,5,6.0,0,7.0,0,,7.0,1,0.108,0.3093,2.5,0.0,0.0,0.0,6.0,0,21.9,18.49,131.4,0.0,,,0,0,
test_q4_2024,2024-11-25,1314,LOJA 1314,48812,ARLIVRY XAROPE CEREJA 100ML,35610,B,9,6,7,0.84,5,6.0,0,7.0,0,,7.0,1,0.1518,0.3093,2.5,0.0,0.0,0.0,6.0,0,21.9,18.49,131.4,0.0,3.0,65.69999999999999,0,0,
test_q4_2024,2024-11-26,1314,LOJA 1314,48812,ARLIVRY XAROPE CEREJA 100ML,35610,B,9,6,7,0.84,5,6.0,0,7.0,0,,7.0,1,0.0643,0.3093,2.5,0.0,0.0,0.0,6.0,0,21.9,18.49,131.4,0.0,3.0,65.69999999999999,0,0,
test_q4_2024,2024-11-27,1314,LOJA 1314,48812,ARLIVRY XAROPE CEREJA 100ML,35610,B,9,6,7,0.84,5,6.0,0,7.0,0,,7.0,1,0.108,0.3093,2.5,0.0,0.0,0.0,6.0,0,21.9,18.49,131.4,0.0,3.0,65.69999999999999,0,0,
test_q4_2024,2024-11-28,1314,LOJA 1314,48812,ARLIVRY XAROPE CEREJA 100ML,35610,B,9,6,7,0.84,5,6.0,0,7.0,0,,7.0,1,0.108,0.3093,2.5,1.0,1.0,0.0,5.0,0,21.9,18.49,109.5,0.0,4.0,87.6,0,0,
test_q4_2024,2024-11-29,1314,LOJA 1314,48812,ARLIVRY XAROPE CEREJA 100ML,35610,B,9,6,7,0.84,5,5.0,0,6.0,1,2024-12-08,7.0,2,0.0643,0.3093,2.5,0.0,0.0,0.0,5.0,0,21.9,18.49,109.5,8.98,3.0,65.69999999999999,0,0,
test_q4_2024,2024-11-30,1314,LOJA 1314,48812,ARLIVRY XAROPE CEREJA 100ML,35610,B,9,6,7,0.84,5,5.0,0,7.0,0,,7.0,2,0.108,0.3093,2.5,0.0,0.0,0.0,5.0,0,21.9,18.49,109.5,0.0,3.0,65.69999999999999,0,0,
test_q4_2024,2024-12-01,1314,LOJA 1314,48812,ARLIVRY XAROPE CEREJA 100ML,35610,B,9,6,7,0.84,5,5.0,0,7.0,0,,7.0,2,0.108,0.3093,2.5,0.0,0.0,0.0,5.0,0,21.9,18.49,109.5,0.0,,,0,0,
test_q4_2024,2024-12-02,1314,LOJA 1314,48812,ARLIVRY XAROPE CEREJA 100ML,35610,B,9,6,7,0.84,5,6.0,1,7.0,0,,7.0,1,0.1518,0.3093,2.5,0.0,0.0,0.0,6.0,0,21.9,18.49,131.4,0.0,3.0,65.69999999999999,0,0,
test_q4_2024,2024-12-03,1314,LOJA 1314,48812,ARLIVRY XAROPE CEREJA 100ML,35610,B,9,6,7,0.84,5,6.0,0,7.0,0,,7.0,1,0.0643,0.3093,2.5,0.0,0.0,0.0,6.0,0,21.9,18.49,131.4,0.0,3.0,65.69999999999999,0,0,
test_q4_2024,2024-12-04,1314,LOJA 1314,48812,ARLIVRY XAROPE CEREJA 100ML,35610,B,9,6,7,0.84,5,6.0,0,7.0,0,,7.0,1,0.108,0.3093,2.5,0.0,0.0,0.0,6.0,0,21.9,18.49,131.4,0.0,3.0,65.69999999999999,0,0,
test_q4_2024,2024-12-05,1314,LOJA 1314,48812,ARLIVRY XAROPE CEREJA 100ML,35610,B,9,6,7,0.84,5,6.0,0,7.0,0,,7.0,1,0.108,0.3093,2.5,0.0,0.0,0.0,6.0,0,21.9,18.49,131.4,0.0,5.0,109.5,0,0,
test_q4_2024,2024-12-06,1314,LOJA 1314,48812,ARLIVRY XAROPE CEREJA 100ML,35610,B,9,6,7,0.84,5,6.0,0,7.0,0,,7.0,1,0.0643,0.3093,2.5,0.0,0.0,0.0,6.0,0,21.9,18.49,131.4,0.0,5.0,109.5,0,0,
test_q4_2024,2024-12-07,1314,LOJA 1314,48812,ARLIVRY XAROPE CEREJA 100ML,35610,B,9,6,7,0.84,5,6.0,0,7.0,0,,7.0,1,0.108,0.3093,2.5,0.0,0.0,0.0,6.0,0,21.9,18.49,131.4,0.0,5.0,109.5,0,0,
test_q4_2024,2024-12-08,1314,LOJA 1314,48812,ARLIVRY XAROPE CEREJA 100ML,35610,B,9,6,7,0.84,5,7.0,1,7.0,0,,7.0,0,0.108,0.3093,2.5,0.0,0.0,0.0,7.0,0,21.9,18.49,153.3,0.0,,,0,0,
test_q4_2024,2024-12-09,1314,LOJA 1314,48812,ARLIVRY XAROPE CEREJA 100ML,35610,B,9,6,7,0.84,5,7.0,0,7.0,0,,7.0,0,0.1518,0.3093,2.5,0.0,0.0,0.0,7.0,0,21.9,18.49,153.3,0.0,5.0,109.5,0,0,
test_q4_2024,2024-12-10,1314,LOJA 1314,48812,ARLIVRY XAROPE CEREJA 100ML,35610,B,9,6,7,0.84,5,7.0,0,7.0,0,,7.0,0,0.0643,0.3093,2.5,0.0,0.0,0.0,7.0,0,21.9,18.49,153.3,0.0,5.0,109.5,0,0,
test_q4_2024,2024-12-11,1314,LOJA 1314,48812,ARLIVRY XAROPE CEREJA 100ML,35610,B,9,6,7,0.84,5,7.0,0,7.0,0,,7.0,0,0.108,0.3093,2.5,0.0,0.0,0.0,7.0,0,21.9,18.49,153.3,0.0,5.0,109.5,0,0,
test_q4_2024,2024-12-12,1314,LOJA 1314,48812,ARLIVRY XAROPE CEREJA 100ML,35610,B,9,6,7,0.84,5,7.0,0,7.0,0,,7.0,0,0.108,0.3093,2.5,0.0,0.0,0.0,7.0,0,21.9,18.49,153.3,0.0,5.0,109.5,0,0,
test_q4_2024,2024-12-13,1314,LOJA 1314,48812,ARLIVRY XAROPE CEREJA 100ML,35610,B,9,6,7,0.84,5,7.0,0,7.0,0,,7.0,0,0.0643,0.3093,2.5,0.0,0.0,0.0,7.0,0,21.9,18.49,153.3,0.0,5.0,109.5,0,0,
test_q4_2024,2024-12-14,1314,LOJA 1314,48812,ARLIVRY XAROPE CEREJA 100ML,35610,B,9,6,7,0.84,5,7.0,0,7.0,0,,7.0,0,0.108,0.3093,2.5,0.0,0.0,0.0,7.0,0,21.9,18.49,153.3,0.0,5.0,109.5,0,0,
test_q4_2024,2024-12-15,1314,LOJA 1314,48812,ARLIVRY XAROPE CEREJA 100ML,35610,B,9,6,7,0.84,5,7.0,0,7.0,0,,7.0,0,0.108,0.3093,2.5,0.0,0.0,0.0,7.0,0,21.9,18.49,153.3,0.0,,,0,0,
test_q4_2024,2024-12-16,1314,LOJA 1314,48812,ARLIVRY XAROPE CEREJA 100ML,35610,B,9,6,7,0.84,5,7.0,0,7.0,0,,7.0,0,0.1518,0.3093,2.5,0.0,0.0,0.0,7.0,0,21.9,18.49,153.3,0.0,5.0,109.5,0,0,
test_q4_2024,2024-12-17,1314,LOJA 1314,48812,ARLIVRY XAROPE CEREJA 100ML,35610,B,9,6,7,0.84,5,7.0,0,7.0,0,,7.0,0,0.0643,0.3093,2.5,0.0,0.0,0.0,7.0,0,21.9,18.49,153.3,0.0,5.0,109.5,0,0,
test_q4_2024,2024-12-18,1314,LOJA 1314,48812,ARLIVRY XAROPE CEREJA 100ML,35610,B,9,6,7,0.84,5,7.0,0,7.0,0,,7.0,0,0.108,0.3093,2.5,0.0,0.0,0.0,7.0,0,21.9,18.49,153.3,0.0,5.0,109.5,0,0,
test_q4_2024,2024-12-19,1314,LOJA 1314,48812,ARLIVRY XAROPE CEREJA 100ML,35610,B,9,6,7,0.84,5,7.0,0,7.0,0,,7.0,0,0.108,0.3093,2.5,0.0,0.0,0.0,7.0,0,21.9,18.49,153.3,0.0,5.0,109.5,0,0,
test_q4_2024,2024-12-20,1314,LOJA 1314,48812,ARLIVRY XAROPE CEREJA 100ML,35610,B,9,6,7,0.84,5,7.0,0,7.0,0,,7.0,0,0.0643,0.3093,2.5,0.0,0.0,0.0,7.0,0,21.9,18.49,153.3,0.0,5.0,109.5,0,0,
test_q4_2024,2024-12-21,1314,LOJA 1314,48812,ARLIVRY XAROPE CEREJA 100ML,35610,B,9,6,7,0.84,5,7.0,0,7.0,0,,7.0,0,0.108,0.3093,2.5,1.0,1.0,0.0,6.0,0,21.9,18.49,131.4,0.0,5.0,109.5,0,0,
test_q4_2024,2024-12-22,1314,LOJA 1314,48812,ARLIVRY XAROPE CEREJA 100ML,35610,B,9,6,7,0.84,5,6.0,0,6.0,1,2024-12-31,7.0,1,0.108,0.3093,2.5,0.0,0.0,0.0,6.0,0,21.9,18.49,131.4,8.98,,,0,0,
test_q4_2024,2024-12-23,1314,LOJA 1314,48812,ARLIVRY XAROPE CEREJA 100ML,35610,B,9,6,7,0.84,5,6.0,0,7.0,0,,7.0,1,0.1518,0.3093,2.5,0.0,0.0,0.0,6.0,0,21.9,18.49,131.4,0.0,4.0,87.6,0,0,
test_q4_2024,2024-12-24,1314,LOJA 1314,48812,ARLIVRY XAROPE CEREJA 100ML,35610,B,9,6,7,0.84,5,6.0,0,7.0,0,,7.0,1,0.0643,0.3093,2.5,0.0,0.0,0.0,6.0,0,21.9,18.49,131.4,0.0,4.0,87.6,0,0,
test_q4_2024,2024-12-25,1314,LOJA 1314,48812,ARLIVRY XAROPE CEREJA 100ML,35610,B,9,6,7,0.84,5,6.0,0,7.0,0,,7.0,1,0.108,0.3093,2.5,0.0,0.0,0.0,6.0,0,21.9,18.49,131.4,0.0,4.0,87.6,0,0,
test_q4_2024,2024-12-26,1314,LOJA 1314,48812,ARLIVRY XAROPE CEREJA 100ML,35610,B,9,6,7,0.84,5,6.0,0,7.0,0,,7.0,1,0.108,0.3093,2.5,0.0,0.0,0.0,6.0,0,21.9,18.49,131.4,0.0,4.0,87.6,0,0,
test_q4_2024,2024-12-27,1314,LOJA 1314,48812,ARLIVRY XAROPE CEREJA 100ML,35610,B,9,6,7,0.84,5,6.0,0,7.0,0,,7.0,1,0.0643,0.3093,2.5,0.0,0.0,0.0,6.0,0,21.9,18.49,131.4,0.0,4.0,87.6,0,0,
test_q4_2024,2024-12-28,1314,LOJA 1314,48812,ARLIVRY XAROPE CEREJA 100ML,35610,B,9,6,7,0.84,5,6.0,0,7.0,0,,7.0,1,0.108,0.3093,2.5,0.0,0.0,0.0,6.0,0,21.9,18.49,131.4,0.0,4.0,87.6,0,0,
test_q4_2024,2024-12-29,1314,LOJA 1314,48812,ARLIVRY XAROPE CEREJA 100ML,35610,B,9,6,7,0.84,5,6.0,0,7.0,0,,7.0,1,0.108,0.3093,2.5,0.0,0.0,0.0,6.0,0,21.9,18.49,131.4,0.0,,,0,0,
test_q4_2024,2024-12-30,1314,LOJA 1314,48812,ARLIVRY XAROPE CEREJA 100ML,35610,B,9,6,7,0.84,5,6.0,0,7.0,0,,7.0,1,0.1518,0.3093,2.5,0.0,0.0,0.0,6.0,0,21.9,18.49,131.4,0.0,4.0,87.6,0,0,
test_q4_2024,2024-12-31,1314,LOJA 1314,48812,ARLIVRY XAROPE CEREJA 100ML,35610,B,9,6,7,0.84,5,7.0,1,7.0,0,,7.0,0,0.0643,0.3093,2.5,0.0,0.0,0.0,7.0,0,21.9,18.49,153.3,0.0,4.0,87.6,0,0,
test_q4_2024,2024-10-01,1314,LOJA 1314,48813,ARLIVRY XAROPE MEL 100ML,35610,B,9,3,4,0.84,5,2.0,0,4.0,0,,4.0,2,0.1204,0.383,2.5,0.0,0.0,0.0,2.0,0,27.51,18.49,55.02,0.0,3.0,82.53,0,0,
test_q4_2024,2024-10-02,1314,LOJA 1314,48813,ARLIVRY XAROPE MEL 100ML,35610,B,9,3,4,0.84,5,2.0,0,4.0,0,,4.0,2,0.1641,0.383,2.5,0.0,0.0,0.0,2.0,0,27.51,18.49,55.02,0.0,3.0,82.53,0,0,
test_q4_2024,2024-10-03,1314,LOJA 1314,48813,ARLIVRY XAROPE MEL 100ML,35610,B,9,3,4,0.84,5,2.0,0,4.0,0,,4.0,2,0.1204,0.383,2.5,0.0,0.0,0.0,2.0,0,27.51,18.49,55.02,0.0,3.0,82.53,0,0,
test_q4_2024,2024-10-04,1314,LOJA 1314,48813,ARLIVRY XAROPE MEL 100ML,35610,B,9,3,4,0.84,5,2.0,0,4.0,0,,4.0,2,0.1641,0.383,2.5,0.0,0.0,0.0,2.0,0,27.51,18.49,55.02,0.0,3.0,82.53,0,0,
test_q4_2024,2024-10-05,1314,LOJA 1314,48813,ARLIVRY XAROPE MEL 100ML,35610,B,9,3,4,0.84,5,2.0,0,4.0,0,,4.0,2,0.2079,0.383,2.5,0.0,0.0,0.0,2.0,0,27.51,18.49,55.02,0.0,3.0,82.53,0,0,
test_q4_2024,2024-10-06,1314,LOJA 1314,48813,ARLIVRY XAROPE MEL 100ML,35610,B,9,3,4,0.84,5,2.0,0,4.0,0,,4.0,2,0.2516,0.383,2.5,0.0,0.0,0.0,2.0,0,27.51,18.49,55.02,0.0,,,0,0,
test_q4_2024,2024-10-07,1314,LOJA 1314,48813,ARLIVRY XAROPE MEL 100ML,35610,B,9,3,4,0.84,5,2.0,0,4.0,0,,4.0,2,0.2516,0.383,2.5,0.0,0.0,0.0,2.0,0,27.51,18.49,55.02,0.0,5.0,137.55,0,0,
test_q4_2024,2024-10-08,1314,LOJA 1314,48813,ARLIVRY XAROPE MEL 100ML,35610,B,9,3,4,0.84,5,3.0,1,4.0,0,,4.0,1,0.1204,0.383,2.5,0.0,0.0,0.0,3.0,0,27.51,18.49,82.53,0.0,5.0,137.55,0,0,
test_q4_2024,2024-10-09,1314,LOJA 1314,48813,ARLIVRY XAROPE MEL 100ML,35610,B,9,3,4,0.84,5,4.0,1,4.0,0,,4.0,0,0.1641,0.383,2.5,0.0,0.0,0.0,4.0,0,27.51,18.49,110.04,0.0,5.0,137.55,0,0,
test_q4_2024,2024-10-10,1314,LOJA 1314,48813,ARLIVRY XAROPE MEL 100ML,35610,B,9,3,4,0.84,5,4.0,0,4.0,0,,4.0,0,0.1204,0.383,2.5,0.0,0.0,0.0,4.0,0,27.51,18.49,110.04,0.0,5.0,137.55,0,0,
test_q4_2024,2024-10-11,1314,LOJA 1314,48813,ARLIVRY XAROPE MEL 100ML,35610,B,9,3,4,0.84,5,4.0,0,4.0,0,,4.0,0,0.1641,0.383,2.5,0.0,0.0,0.0,4.0,0,27.51,18.49,110.04,0.0,9.0,247.59,0,0,
test_q4_2024,2024-10-12,1314,LOJA 1314,48813,ARLIVRY XAROPE MEL 100ML,35610,B,9,3,4,0.84,5,4.0,0,4.0,0,,4.0,0,0.1679,0.383,2.5,0.0,0.0,0.0,4.0,0,27.51,18.49,110.04,0.0,9.0,247.59,0,0,
test_q4_2024,2024-10-13,1314,LOJA 1314,48813,ARLIVRY XAROPE MEL 100ML,35610,B,9,3,4,0.84,5,4.0,0,4.0,0,,4.0,0,0.2116,0.383,2.5,0.0,0.0,0.0,4.0,0,27.51,18.49,110.04,0.0,,,0,0,
test_q4_2024,2024-10-14,1314,LOJA 1314,48813,ARLIVRY XAROPE MEL 100ML,35610,B,9,3,4,0.84,5,4.0,0,4.0,0,,4.0,0,0.2116,0.383,2.5,0.0,0.0,0.0,4.0,0,27.51,18.49,110.04,0.0,9.0,247.59,0,0,
test_q4_2024,2024-10-15,1314,LOJA 1314,48813,ARLIVRY XAROPE MEL 100ML,35610,B,9,3,4,0.84,5,4.0,0,4.0,0,,4.0,0,0.0804,0.383,2.5,0.0,0.0,0.0,4.0,0,27.51,18.49,110.04,0.0,9.0,247.59,0,0,
test_q4_2024,2024-10-16,1314,LOJA 1314,48813,ARLIVRY XAROPE MEL 100ML,35610,B,9,3,4,0.84,5,4.0,0,4.0,0,,4.0,0,0.1241,0.383,2.5,0.0,0.0,0.0,4.0,0,27.51,18.49,110.04,0.0,9.0,247.59,0,0,
test_q4_2024,2024-10-17,1314,LOJA 1314,48813,ARLIVRY XAROPE MEL 100ML,35610,B,9,3,4,0.84,5,4.0,0,4.0,0,,4.0,0,0.0804,0.383,2.5,0.0,0.0,0.0,4.0,0,27.51,18.49,110.04,0.0,9.0,247.59,0,0,
test_q4_2024,2024-10-18,1314,LOJA 1314,48813,ARLIVRY XAROPE MEL 100ML,35610,B,9,3,4,0.84,5,4.0,0,4.0,0,,4.0,0,0.1241,0.383,2.5,0.0,0.0,0.0,4.0,0,27.51,18.49,110.04,0.0,9.0,247.59,0,0,
test_q4_2024,2024-10-19,1314,LOJA 1314,48813,ARLIVRY XAROPE MEL 100ML,35610,B,9,3,4,0.84,5,4.0,0,4.0,0,,4.0,0,0.1679,0.383,2.5,0.0,0.0,0.0,4.0,0,27.51,18.49,110.04,0.0,9.0,247.59,0,0,
test_q4_2024,2024-10-20,1314,LOJA 1314,48813,ARLIVRY XAROPE MEL 100ML,35610,B,9,3,4,0.84,5,4.0,0,4.0,0,,4.0,0,0.2116,0.383,2.5,0.0,0.0,0.0,4.0,0,27.51,18.49,110.04,0.0,,,0,0,
test_q4_2024,2024-10-21,1314,LOJA 1314,48813,ARLIVRY XAROPE MEL 100ML,35610,B,9,3,4,0.84,5,4.0,0,4.0,0,,4.0,0,0.2116,0.383,2.5,0.0,0.0,0.0,4.0,0,27.51,18.49,110.04,0.0,9.0,247.59,0,0,
test_q4_2024,2024-10-22,1314,LOJA 1314,48813,ARLIVRY XAROPE MEL 100ML,35610,B,9,3,4,0.84,5,4.0,0,4.0,0,,4.0,0,0.0804,0.383,2.5,0.0,0.0,0.0,4.0,0,27.51,18.49,110.04,0.0,9.0,247.59,0,0,
test_q4_2024,2024-10-23,1314,LOJA 1314,48813,ARLIVRY XAROPE MEL 100ML,35610,B,9,3,4,0.84,5,4.0,0,4.0,0,,4.0,0,0.1241,0.383,2.5,2.0,2.0,0.0,2.0,0,27.51,18.49,55.02,0.0,9.0,247.59,0,0,
test_q4_2024,2024-10-24,1314,LOJA 1314,48813,ARLIVRY XAROPE MEL 100ML,35610,B,9,3,4,0.84,5,2.0,0,2.0,2,2024-11-02,4.0,2,0.0804,0.383,2.5,0.0,0.0,0.0,2.0,0,27.51,18.49,55.02,8.98,7.0,192.57000000000002,0,0,
test_q4_2024,2024-10-25,1314,LOJA 1314,48813,ARLIVRY XAROPE MEL 100ML,35610,B,9,3,4,0.84,5,2.0,0,4.0,0,,4.0,2,0.1241,0.383,2.5,0.0,0.0,0.0,2.0,0,27.51,18.49,55.02,0.0,7.0,192.57000000000002,0,0,
test_q4_2024,2024-10-26,1314,LOJA 1314,48813,ARLIVRY XAROPE MEL 100ML,35610,B,9,3,4,0.84,5,2.0,0,4.0,0,,4.0,2,0.1679,0.383,2.5,0.0,0.0,0.0,2.0,0,27.51,18.49,55.02,0.0,7.0,192.57000000000002,0,0,
test_q4_2024,2024-10-27,1314,LOJA 1314,48813,ARLIVRY XAROPE MEL 100ML,35610,B,9,3,4,0.84,5,2.0,0,4.0,0,,4.0,2,0.2116,0.383,2.5,0.0,0.0,0.0,2.0,0,27.51,18.49,55.02,0.0,,,0,0,
test_q4_2024,2024-10-28,1314,LOJA 1314,48813,ARLIVRY XAROPE MEL 100ML,35610,B,9,3,4,0.84,5,2.0,0,4.0,0,,4.0,2,0.2116,0.383,2.5,0.0,0.0,0.0,2.0,0,27.51,18.49,55.02,0.0,7.0,192.57000000000002,0,0,
test_q4_2024,2024-10-29,1314,LOJA 1314,48813,ARLIVRY XAROPE MEL 100ML,35610,B,9,3,4,0.84,5,2.0,0,4.0,0,,4.0,2,0.0804,0.383,2.5,0.0,0.0,0.0,2.0,0,27.51,18.49,55.02,0.0,7.0,192.57000000000002,0,0,
test_q4_2024,2024-10-30,1314,LOJA 1314,48813,ARLIVRY XAROPE MEL 100ML,35610,B,9,3,4,0.84,5,2.0,0,4.0,0,,4.0,2,0.1241,0.383,2.5,0.0,0.0,0.0,2.0,0,27.51,18.49,55.02,0.0,7.0,192.57000000000002,0,0,
test_q4_2024,2024-10-31,1314,LOJA 1314,48813,ARLIVRY XAROPE MEL 100ML,35610,B,9,3,4,0.84,5,2.0,0,4.0,0,,4.0,2,0.0804,0.383,2.5,0.0,0.0,0.0,2.0,0,27.51,18.49,55.02,0.0,7.0,192.57000000000002,0,0,
test_q4_2024,2024-11-01,1314,LOJA 1314,48813,ARLIVRY XAROPE MEL 100ML,35610,B,9,3,4,0.84,5,2.0,0,4.0,0,,4.0,2,0.1241,0.383,2.5,0.0,0.0,0.0,2.0,0,27.51,18.49,55.02,0.0,7.0,192.57000000000002,0,0,
test_q4_2024,2024-11-02,1314,LOJA 1314,48813,ARLIVRY XAROPE MEL 100ML,35610,B,9,3,4,0.84,5,4.0,2,4.0,0,,4.0,0,0.1679,0.383,2.5,0.0,0.0,0.0,4.0,0,27.51,18.49,110.04,0.0,7.0,192.57000000000002,0,0,
test_q4_2024,2024-11-03,1314,LOJA 1314,48813,ARLIVRY XAROPE MEL 100ML,35610,B,9,3,4,0.84,5,4.0,0,4.0,0,,4.0,0,0.2249,0.383,2.5,0.0,0.0,0.0,4.0,0,27.51,18.49,110.04,0.0,,,0,0,
test_q4_2024,2024-11-04,1314,LOJA 1314,48813,ARLIVRY XAROPE MEL 100ML,35610,B,9,3,4,0.84,5,4.0,0,4.0,0,,4.0,0,0.2249,0.383,2.5,0.0,0.0,0.0,4.0,0,27.51,18.49,110.04,0.0,7.0,192.57000000000002,0,0,
test_q4_2024,2024-11-05,1314,LOJA 1314,48813,ARLIVRY XAROPE MEL 100ML,35610,B,9,3,4,0.84,5,4.0,0,4.0,0,,4.0,0,0.0937,0.383,2.5,0.0,0.0,0.0,4.0,0,27.51,18.49,110.04,0.0,7.0,192.57000000000002,0,0,
test_q4_2024,2024-11-06,1314,LOJA 1314,48813,ARLIVRY XAROPE MEL 100ML,35610,B,9,3,4,0.84,5,4.0,0,4.0,0,,4.0,0,0.1374,0.383,2.5,0.0,0.0,0.0,4.0,0,27.51,18.49,110.04,0.0,7.0,192.57000000000002,0,0,
test_q4_2024,2024-11-07,1314,LOJA 1314,48813,ARLIVRY XAROPE MEL 100ML,35610,B,9,3,4,0.84,5,4.0,0,4.0,0,,4.0,0,0.0937,0.383,2.5,0.0,0.0,0.0,4.0,0,27.51,18.49,110.04,0.0,7.0,192.57000000000002,0,0,
test_q4_2024,2024-11-08,1314,LOJA 1314,48813,ARLIVRY XAROPE MEL 100ML,35610,B,9,3,4,0.84,5,4.0,0,4.0,0,,4.0,0,0.1374,0.383,2.5,0.0,0.0,0.0,4.0,0,27.51,18.49,110.04,0.0,7.0,192.57000000000002,0,0,
test_q4_2024,2024-11-09,1314,LOJA 1314,48813,ARLIVRY XAROPE MEL 100ML,35610,B,9,3,4,0.84,5,4.0,0,4.0,0,,4.0,0,0.1812,0.383,2.5,0.0,0.0,0.0,4.0,0,27.51,18.49,110.04,0.0,7.0,192.57000000000002,0,0,
test_q4_2024,2024-11-10,1314,LOJA 1314,48813,ARLIVRY XAROPE MEL 100ML,35610,B,9,3,4,0.84,5,4.0,0,4.0,0,,4.0,0,0.2249,0.383,2.5,0.0,0.0,0.0,4.0,0,27.51,18.49,110.04,0.0,,,0,0,
test_q4_2024,2024-11-11,1314,LOJA 1314,48813,ARLIVRY XAROPE MEL 100ML,35610,B,9,3,4,0.84,5,4.0,0,4.0,0,,4.0,0,0.2249,0.383,2.5,0.0,0.0,0.0,4.0,0,27.51,18.49,110.04,0.0,7.0,192.57000000000002,0,0,
test_q4_2024,2024-11-12,1314,LOJA 1314,48813,ARLIVRY XAROPE MEL 100ML,35610,B,9,3,4,0.84,5,4.0,0,4.0,0,,4.0,0,0.0937,0.383,2.5,0.0,0.0,0.0,4.0,0,27.51,18.49,110.04,0.0,7.0,192.57000000000002,0,0,
test_q4_2024,2024-11-13,1314,LOJA 1314,48813,ARLIVRY XAROPE MEL 100ML,35610,B,9,3,4,0.84,5,4.0,0,4.0,0,,4.0,0,0.1374,0.383,2.5,0.0,0.0,0.0,4.0,0,27.51,18.49,110.04,0.0,7.0,192.57000000000002,0,0,
test_q4_2024,2024-11-14,1314,LOJA 1314,48813,ARLIVRY XAROPE MEL 100ML,35610,B,9,3,4,0.84,5,4.0,0,4.0,0,,4.0,0,0.0937,0.383,2.5,0.0,0.0,0.0,4.0,0,27.51,18.49,110.04,0.0,7.0,192.57000000000002,0,0,
test_q4_2024,2024-11-15,1314,LOJA 1314,48813,ARLIVRY XAROPE MEL 100ML,35610,B,9,3,4,0.84,5,4.0,0,4.0,0,,4.0,0,0.1374,0.383,2.5,0.0,0.0,0.0,4.0,0,27.51,18.49,110.04,0.0,7.0,192.57000000000002,0,0,
test_q4_2024,2024-11-16,1314,LOJA 1314,48813,ARLIVRY XAROPE MEL 100ML,35610,B,9,3,4,0.84,5,4.0,0,4.0,0,,4.0,0,0.1812,0.383,2.5,0.0,0.0,0.0,4.0,0,27.51,18.49,110.04,0.0,7.0,192.57000000000002,0,0,
test_q4_2024,2024-11-17,1314,LOJA 1314,48813,ARLIVRY XAROPE MEL 100ML,35610,B,9,3,4,0.84,5,4.0,0,4.0,0,,4.0,0,0.2249,0.383,2.5,1.0,1.0,0.0,3.0,0,27.51,18.49,82.53,0.0,,,0,0,
test_q4_2024,2024-11-18,1314,LOJA 1314,48813,ARLIVRY XAROPE MEL 100ML,35610,B,9,3,4,0.84,5,3.0,0,3.0,1,2024-11-27,4.0,1,0.2116,0.383,2.5,0.0,0.0,0.0,3.0,0,27.51,18.49,82.53,8.98,6.0,165.06,0,0,
test_q4_2024,2024-11-19,1314,LOJA 1314,48813,ARLIVRY XAROPE MEL 100ML,35610,B,9,3,4,0.84,5,3.0,0,4.0,0,,4.0,1,0.0804,0.383,2.5,0.0,0.0,0.0,3.0,0,27.51,18.49,82.53,0.0,6.0,165.06,0,0,
test_q4_2024,2024-11-20,1314,LOJA 1314,48813,ARLIVRY XAROPE MEL 100ML,35610,B,9,3,4,0.84,5,3.0,0,4.0,0,,4.0,1,0.1241,0.383,2.5,0.0,0.0,0.0,3.0,0,27.51,18.49,82.53,0.0,6.0,165.06,0,0,
test_q4_2024,2024-11-21,1314,LOJA 1314,48813,ARLIVRY XAROPE MEL 100ML,35610,B,9,3,4,0.84,5,3.0,0,4.0,0,,4.0,1,0.0804,0.383,2.5,0.0,0.0,0.0,3.0,0,27.51,18.49,82.53,0.0,6.0,165.06,0,0,
test_q4_2024,2024-11-22,1314,LOJA 1314,48813,ARLIVRY XAROPE MEL 100ML,35610,B,9,3,4,0.84,5,3.0,0,4.0,0,,4.0,1,0.1241,0.383,2.5,0.0,0.0,0.0,3.0,0,27.51,18.49,82.53,0.0,6.0,165.06,0,0,
test_q4_2024,2024-11-23,1314,LOJA 1314,48813,ARLIVRY XAROPE MEL 100ML,35610,B,9,3,4,0.84,5,3.0,0,4.0,0,,4.0,1,0.1679,0.383,2.5,0.0,0.0,0.0,3.0,0,27.51,18.49,82.53,0.0,6.0,165.06,0,0,
test_q4_2024,2024-11-24,1314,LOJA 1314,48813,ARLIVRY XAROPE MEL 100ML,35610,B,9,3,4,0.84,5,3.0,0,4.0,0,,4.0,1,0.2116,0.383,2.5,0.0,0.0,0.0,3.0,0,27.51,18.49,82.53,0.0,,,0,0,
test_q4_2024,2024-11-25,1314,LOJA 1314,48813,ARLIVRY XAROPE MEL 100ML,35610,B,9,3,4,0.84,5,3.0,0,4.0,0,,4.0,1,0.2116,0.383,2.5,0.0,0.0,0.0,3.0,0,27.51,18.49,82.53,0.0,6.0,165.06,0,0,
test_q4_2024,2024-11-26,1314,LOJA 1314,48813,ARLIVRY XAROPE MEL 100ML,35610,B,9,3,4,0.84,5,3.0,0,4.0,0,,4.0,1,0.0804,0.383,2.5,0.0,0.0,0.0,3.0,0,27.51,18.49,82.53,0.0,6.0,165.06,0,0,
test_q4_2024,2024-11-27,1314,LOJA 1314,48813,ARLIVRY XAROPE MEL 100ML,35610,B,9,3,4,0.84,5,4.0,1,4.0,0,,4.0,0,0.1241,0.383,2.5,0.0,0.0,0.0,4.0,0,27.51,18.49,110.04,0.0,6.0,165.06,0,0,
test_q4_2024,2024-11-28,1314,LOJA 1314,48813,ARLIVRY XAROPE MEL 100ML,35610,B,9,3,4,0.84,5,4.0,0,4.0,0,,4.0,0,0.0804,0.383,2.5,0.0,0.0,0.0,4.0,0,27.51,18.49,110.04,0.0,6.0,165.06,0,0,
test_q4_2024,2024-11-29,1314,LOJA 1314,48813,ARLIVRY XAROPE MEL 100ML,35610,B,9,3,4,0.84,5,4.0,0,4.0,0,,4.0,0,0.1241,0.383,2.5,0.0,0.0,0.0,4.0,0,27.51,18.49,110.04,0.0,6.0,165.06,0,0,
test_q4_2024,2024-11-30,1314,LOJA 1314,48813,ARLIVRY XAROPE MEL 100ML,35610,B,9,3,4,0.84,5,4.0,0,4.0,0,,4.0,0,0.1679,0.383,2.5,0.0,0.0,0.0,4.0,0,27.51,18.49,110.04,0.0,6.0,165.06,0,0,
test_q4_2024,2024-12-01,1314,LOJA 1314,48813,ARLIVRY XAROPE MEL 100ML,35610,B,9,3,4,0.84,5,4.0,0,4.0,0,,4.0,0,0.2116,0.383,2.5,0.0,0.0,0.0,4.0,0,27.51,18.49,110.04,0.0,,,0,0,
test_q4_2024,2024-12-02,1314,LOJA 1314,48813,ARLIVRY XAROPE MEL 100ML,35610,B,9,3,4,0.84,5,4.0,0,4.0,0,,4.0,0,0.2116,0.383,2.5,0.0,0.0,0.0,4.0,0,27.51,18.49,110.04,0.0,6.0,165.06,0,0,
test_q4_2024,2024-12-03,1314,LOJA 1314,48813,ARLIVRY XAROPE MEL 100ML,35610,B,9,3,4,0.84,5,4.0,0,4.0,0,,4.0,0,0.0804,0.383,2.5,1.0,1.0,0.0,3.0,0,27.51,18.49,82.53,0.0,6.0,165.06,0,0,
test_q4_2024,2024-12-04,1314,LOJA 1314,48813,ARLIVRY XAROPE MEL 100ML,35610,B,9,3,4,0.84,5,3.0,0,3.0,1,2024-12-13,4.0,1,0.1241,0.383,2.5,0.0,0.0,0.0,3.0,0,27.51,18.49,82.53,8.98,5.0,137.55,0,0,
test_q4_2024,2024-12-05,1314,LOJA 1314,48813,ARLIVRY XAROPE MEL 100ML,35610,B,9,3,4,0.84,5,3.0,0,4.0,0,,4.0,1,0.0804,0.383,2.5,0.0,0.0,0.0,3.0,0,27.51,18.49,82.53,0.0,5.0,137.55,0,0,
test_q4_2024,2024-12-06,1314,LOJA 1314,48813,ARLIVRY XAROPE MEL 100ML,35610,B,9,3,4,0.84,5,3.0,0,4.0,0,,4.0,1,0.1241,0.383,2.5,1.0,1.0,0.0,2.0,0,27.51,18.49,55.02,0.0,5.0,137.55,0,0,
test_q4_2024,2024-12-07,1314,LOJA 1314,48813,ARLIVRY XAROPE MEL 100ML,35610,B,9,3,4,0.84,5,2.0,0,3.0,1,2024-12-16,4.0,2,0.1679,0.383,2.5,0.0,0.0,0.0,2.0,0,27.51,18.49,55.02,8.98,4.0,110.04,0,0,
test_q4_2024,2024-12-08,1314,LOJA 1314,48813,ARLIVRY XAROPE MEL 100ML,35610,B,9,3,4,0.84,5,2.0,0,4.0,0,,4.0,2,0.2116,0.383,2.5,0.0,0.0,0.0,2.0,0,27.51,18.49,55.02,0.0,,,0,0,
test_q4_2024,2024-12-09,1314,LOJA 1314,48813,ARLIVRY XAROPE MEL 100ML,35610,B,9,3,4,0.84,5,2.0,0,4.0,0,,4.0,2,0.2116,0.383,2.5,0.0,0.0,0.0,2.0,0,27.51,18.49,55.02,0.0,4.0,110.04,0,0,
test_q4_2024,2024-12-10,1314,LOJA 1314,48813,ARLIVRY XAROPE MEL 100ML,35610,B,9,3,4,0.84,5,2.0,0,4.0,0,,4.0,2,0.0804,0.383,2.5,0.0,0.0,0.0,2.0,0,27.51,18.49,55.02,0.0,4.0,110.04,0,0,
test_q4_2024,2024-12-11,1314,LOJA 1314,48813,ARLIVRY XAROPE MEL 100ML,35610,B,9,3,4,0.84,5,2.0,0,4.0,0,,4.0,2,0.1241,0.383,2.5,0.0,0.0,0.0,2.0,0,27.51,18.49,55.02,0.0,4.0,110.04,0,0,
test_q4_2024,2024-12-12,1314,LOJA 1314,48813,ARLIVRY XAROPE MEL 100ML,35610,B,9,3,4,0.84,5,2.0,0,4.0,0,,4.0,2,0.0804,0.383,2.5,0.0,0.0,0.0,2.0,0,27.51,18.49,55.02,0.0,4.0,110.04,0,0,
test_q4_2024,2024-12-13,1314,LOJA 1314,48813,ARLIVRY XAROPE MEL 100ML,35610,B,9,3,4,0.84,5,3.0,1,4.0,0,,4.0,1,0.1241,0.383,2.5,0.0,0.0,0.0,3.0,0,27.51,18.49,82.53,0.0,4.0,110.04,0,0,
test_q4_2024,2024-12-14,1314,LOJA 1314,48813,ARLIVRY XAROPE MEL 100ML,35610,B,9,3,4,0.84,5,3.0,0,4.0,0,,4.0,1,0.1679,0.383,2.5,0.0,0.0,0.0,3.0,0,27.51,18.49,82.53,0.0,4.0,110.04,0,0,
test_q4_2024,2024-12-15,1314,LOJA 1314,48813,ARLIVRY XAROPE MEL 100ML,35610,B,9,3,4,0.84,5,3.0,0,4.0,0,,4.0,1,0.2116,0.383,2.5,0.0,0.0,0.0,3.0,0,27.51,18.49,82.53,0.0,,,0,0,
test_q4_2024,2024-12-16,1314,LOJA 1314,48813,ARLIVRY XAROPE MEL 100ML,35610,B,9,3,4,0.84,5,4.0,1,4.0,0,,4.0,0,0.2116,0.383,2.5,1.0,1.0,0.0,3.0,0,27.51,18.49,82.53,0.0,4.0,110.04,0,0,
test_q4_2024,2024-12-17,1314,LOJA 1314,48813,ARLIVRY XAROPE MEL 100ML,35610,B,9,3,4,0.84,5,3.0,0,3.0,1,2024-12-26,4.0,1,0.0804,0.383,2.5,0.0,0.0,0.0,3.0,0,27.51,18.49,82.53,8.98,3.0,82.53,0,0,
test_q4_2024,2024-12-18,1314,LOJA 1314,48813,ARLIVRY XAROPE MEL 100ML,35610,B,9,3,4,0.84,5,3.0,0,4.0,0,,4.0,1,0.1241,0.383,2.5,0.0,0.0,0.0,3.0,0,27.51,18.49,82.53,0.0,3.0,82.53,0,0,
test_q4_2024,2024-12-19,1314,LOJA 1314,48813,ARLIVRY XAROPE MEL 100ML,35610,B,9,3,4,0.84,5,3.0,0,4.0,0,,4.0,1,0.0804,0.383,2.5,0.0,0.0,0.0,3.0,0,27.51,18.49,82.53,0.0,3.0,82.53,0,0,
test_q4_2024,2024-12-20,1314,LOJA 1314,48813,ARLIVRY XAROPE MEL 100ML,35610,B,9,3,4,0.84,5,3.0,0,4.0,0,,4.0,1,0.1241,0.383,2.5,0.0,0.0,0.0,3.0,0,27.51,18.49,82.53,0.0,4.0,110.04,0,0,
test_q4_2024,2024-12-21,1314,LOJA 1314,48813,ARLIVRY XAROPE MEL 100ML,35610,B,9,3,4,0.84,5,3.0,0,4.0,0,,4.0,1,0.1679,0.383,2.5,0.0,0.0,0.0,3.0,0,27.51,18.49,82.53,0.0,4.0,110.04,0,0,
test_q4_2024,2024-12-22,1314,LOJA 1314,48813,ARLIVRY XAROPE MEL 100ML,35610,B,9,3,4,0.84,5,3.0,0,4.0,0,,4.0,1,0.2116,0.383,2.5,0.0,0.0,0.0,3.0,0,27.51,18.49,82.53,0.0,,,0,0,
test_q4_2024,2024-12-23,1314,LOJA 1314,48813,ARLIVRY XAROPE MEL 100ML,35610,B,9,3,4,0.84,5,3.0,0,4.0,0,,4.0,1,0.2116,0.383,2.5,0.0,0.0,0.0,3.0,0,27.51,18.49,82.53,0.0,5.0,137.55,0,0,
test_q4_2024,2024-12-24,1314,LOJA 1314,48813,ARLIVRY XAROPE MEL 100ML,35610,B,9,3,4,0.84,5,3.0,0,4.0,0,,4.0,1,0.0937,0.383,2.5,0.0,0.0,0.0,3.0,0,27.51,18.49,82.53,0.0,5.0,137.55,0,0,
test_q4_2024,2024-12-25,1314,LOJA 1314,48813,ARLIVRY XAROPE MEL 100ML,35610,B,9,3,4,0.84,5,3.0,0,4.0,0,,4.0,1,0.1374,0.383,2.5,0.0,0.0,0.0,3.0,0,27.51,18.49,82.53,0.0,5.0,137.55,0,0,
test_q4_2024,2024-12-26,1314,LOJA 1314,48813,ARLIVRY XAROPE MEL 100ML,35610,B,9,3,4,0.84,5,4.0,1,4.0,0,,4.0,0,0.0937,0.383,2.5,1.0,1.0,0.0,3.0,0,27.51,18.49,82.53,0.0,5.0,137.55,0,0,
test_q4_2024,2024-12-27,1314,LOJA 1314,48813,ARLIVRY XAROPE MEL 100ML,35610,B,9,3,4,0.84,5,3.0,0,3.0,1,2025-01-05,4.0,1,0.1374,0.383,2.5,0.0,0.0,0.0,3.0,0,27.51,18.49,82.53,8.98,4.0,110.04,0,0,
test_q4_2024,2024-12-28,1314,LOJA 1314,48813,ARLIVRY XAROPE MEL 100ML,35610,B,9,3,4,0.84,5,3.0,0,4.0,0,,4.0,1,0.1812,0.383,2.5,0.0,0.0,0.0,3.0,0,27.51,18.49,82.53,0.0,4.0,110.04,0,0,
test_q4_2024,2024-12-29,1314,LOJA 1314,48813,ARLIVRY XAROPE MEL 100ML,35610,B,9,3,4,0.84,5,3.0,0,4.0,0,,4.0,1,0.2249,0.383,2.5,0.0,0.0,0.0,3.0,0,27.51,18.49,82.53,0.0,,,0,0,
test_q4_2024,2024-12-30,1314,LOJA 1314,48813,ARLIVRY XAROPE MEL 100ML,35610,B,9,3,4,0.84,5,3.0,0,4.0,0,,4.0,1,0.2249,0.383,2.5,0.0,0.0,0.0,3.0,0,27.51,18.49,82.53,0.0,4.0,110.04,0,0,
test_q4_2024,2024-12-31,1314,LOJA 1314,48813,ARLIVRY XAROPE MEL 100ML,35610,B,9,3,4,0.84,5,3.0,0,4.0,0,,4.0,1,0.0937,0.383,2.5,0.0,0.0,0.0,3.0,0,27.51,18.49,82.53,0.0,4.0,110.04,0,0,
test_q4_2024,2024-10-01,1314,LOJA 1314,51957,HEDERA CIMED 7MG 100ML,51356,C,9,3,4,0.84,5,4.0,0,4.0,0,,4.0,0,0.0,0.0,1.0,0.0,0.0,0.0,4.0,0,35.63,47.49,142.52,0.0,1.0,35.63,0,0,
test_q4_2024,2024-10-02,1314,LOJA 1314,51957,HEDERA CIMED 7MG 100ML,51356,C,9,3,4,0.84,5,4.0,0,4.0,0,,4.0,0,0.0,0.0,1.0,0.0,0.0,0.0,4.0,0,35.63,47.49,142.52,0.0,1.0,35.63,0,0,
test_q4_2024,2024-10-03,1314,LOJA 1314,51957,HEDERA CIMED 7MG 100ML,51356,C,9,3,4,0.84,5,4.0,0,4.0,0,,4.0,0,0.0,0.0,1.0,0.0,0.0,0.0,4.0,0,35.63,47.49,142.52,0.0,1.0,35.63,0,0,
test_q4_2024,2024-10-04,1314,LOJA 1314,51957,HEDERA CIMED 7MG 100ML,51356,C,9,3,4,0.84,5,4.0,0,4.0,0,,4.0,0,0.0,0.0,1.0,0.0,0.0,0.0,4.0,0,35.63,47.49,142.52,0.0,1.0,35.63,0,0,
test_q4_2024,2024-10-05,1314,LOJA 1314,51957,HEDERA CIMED 7MG 100ML,51356,C,9,3,4,0.84,5,4.0,0,4.0,0,,4.0,0,0.0,0.0,1.0,0.0,0.0,0.0,4.0,0,35.63,47.49,142.52,0.0,1.0,35.63,0,0,
test_q4_2024,2024-10-06,1314,LOJA 1314,51957,HEDERA CIMED 7MG 100ML,51356,C,9,3,4,0.84,5,4.0,0,4.0,0,,4.0,0,0.0,0.0,1.0,0.0,0.0,0.0,4.0,0,35.63,47.49,142.52,0.0,,,0,0,
test_q4_2024,2024-10-07,1314,LOJA 1314,51957,HEDERA CIMED 7MG 100ML,51356,C,9,3,4,0.84,5,4.0,0,4.0,0,,4.0,0,0.0,0.0,1.0,0.0,0.0,0.0,4.0,0,35.63,47.49,142.52,0.0,1.0,35.63,0,0,
test_q4_2024,2024-10-08,1314,LOJA 1314,51957,HEDERA CIMED 7MG 100ML,51356,C,9,3,4,0.84,5,4.0,0,4.0,0,,4.0,0,0.0,0.0,1.0,0.0,0.0,0.0,4.0,0,35.63,47.49,142.52,0.0,1.0,35.63,0,0,
test_q4_2024,2024-10-09,1314,LOJA 1314,51957,HEDERA CIMED 7MG 100ML,51356,C,9,3,4,0.84,5,4.0,0,4.0,0,,4.0,0,0.0,0.0,1.0,0.0,0.0,0.0,4.0,0,35.63,47.49,142.52,0.0,1.0,35.63,0,0,
test_q4_2024,2024-10-10,1314,LOJA 1314,51957,HEDERA CIMED 7MG 100ML,51356,C,9,3,4,0.84,5,4.0,0,4.0,0,,4.0,0,0.0,0.0,1.0,0.0,0.0,0.0,4.0,0,35.63,47.49,142.52,0.0,1.0,35.63,0,0,
test_q4_2024,2024-10-11,1314,LOJA 1314,51957,HEDERA CIMED 7MG 100ML,51356,C,9,3,4,0.84,5,4.0,0,4.0,0,,4.0,0,0.0,0.0,1.0,0.0,0.0,0.0,4.0,0,35.63,47.49,142.52,0.0,1.0,35.63,0,0,
test_q4_2024,2024-10-12,1314,LOJA 1314,51957,HEDERA CIMED 7MG 100ML,51356,C,9,3,4,0.84,5,4.0,0,4.0,0,,4.0,0,0.0,0.0,1.0,0.0,0.0,0.0,4.0,0,35.63,47.49,142.52,0.0,1.0,35.63,0,0,
test_q4_2024,2024-10-13,1314,LOJA 1314,51957,HEDERA CIMED 7MG 100ML,51356,C,9,3,4,0.84,5,4.0,0,4.0,0,,4.0,0,0.0,0.0,1.0,0.0,0.0,0.0,4.0,0,35.63,47.49,142.52,0.0,,,0,0,
test_q4_2024,2024-10-14,1314,LOJA 1314,51957,HEDERA CIMED 7MG 100ML,51356,C,9,3,4,0.84,5,4.0,0,4.0,0,,4.0,0,0.0,0.0,1.0,0.0,0.0,0.0,4.0,0,35.63,47.49,142.52,0.0,1.0,35.63,0,0,
test_q4_2024,2024-10-15,1314,LOJA 1314,51957,HEDERA CIMED 7MG 100ML,51356,C,9,3,4,0.84,5,4.0,0,4.0,0,,4.0,0,0.0,0.0,1.0,0.0,0.0,0.0,4.0,0,35.63,47.49,142.52,0.0,1.0,35.63,0,0,
test_q4_2024,2024-10-16,1314,LOJA 1314,51957,HEDERA CIMED 7MG 100ML,51356,C,9,3,4,0.84,5,4.0,0,4.0,0,,4.0,0,0.0,0.0,1.0,1.0,1.0,0.0,3.0,0,35.63,47.49,106.89,0.0,1.0,35.63,0,0,
test_q4_2024,2024-10-17,1314,LOJA 1314,51957,HEDERA CIMED 7MG 100ML,51356,C,9,3,4,0.84,5,3.0,0,3.0,1,2024-10-26,4.0,1,0.0,0.0,1.0,0.0,0.0,0.0,3.0,0,35.63,47.49,106.89,14.95,0.0,0.0,1,0,
test_q4_2024,2024-10-18,1314,LOJA 1314,51957,HEDERA CIMED 7MG 100ML,51356,C,9,3,4,0.84,5,3.0,0,4.0,0,,4.0,1,0.0,0.0,1.0,0.0,0.0,0.0,3.0,0,35.63,47.49,106.89,0.0,0.0,0.0,1,0,
test_q4_2024,2024-10-19,1314,LOJA 1314,51957,HEDERA CIMED 7MG 100ML,51356,C,9,3,4,0.84,5,3.0,0,4.0,0,,4.0,1,0.04,0.0,1.0,0.0,0.0,0.0,3.0,0,35.63,47.49,106.89,0.0,0.0,0.0,1,0,
test_q4_2024,2024-10-20,1314,LOJA 1314,51957,HEDERA CIMED 7MG 100ML,51356,C,9,3,4,0.84,5,3.0,0,4.0,0,,4.0,1,0.04,0.0,1.0,0.0,0.0,0.0,3.0,0,35.63,47.49,106.89,0.0,,,0,0,
test_q4_2024,2024-10-21,1314,LOJA 1314,51957,HEDERA CIMED 7MG 100ML,51356,C,9,3,4,0.84,5,3.0,0,4.0,0,,4.0,1,0.04,0.0,1.0,0.0,0.0,0.0,3.0,0,35.63,47.49,106.89,0.0,0.0,0.0,1,0,
test_q4_2024,2024-10-22,1314,LOJA 1314,51957,HEDERA CIMED 7MG 100ML,51356,C,9,3,4,0.84,5,3.0,0,4.0,0,,4.0,1,0.04,0.0,1.0,0.0,0.0,0.0,3.0,0,35.63,47.49,106.89,0.0,1.0,35.63,0,0,
test_q4_2024,2024-10-23,1314,LOJA 1314,51957,HEDERA CIMED 7MG 100ML,51356,C,9,3,4,0.84,5,3.0,0,4.0,0,,4.0,1,0.04,0.0,1.0,0.0,0.0,0.0,3.0,0,35.63,47.49,106.89,0.0,1.0,35.63,0,0,
test_q4_2024,2024-10-24,1314,LOJA 1314,51957,HEDERA CIMED 7MG 100ML,51356,C,9,3,4,0.84,5,3.0,0,4.0,0,,4.0,1,0.04,0.0,1.0,0.0,0.0,0.0,3.0,0,35.63,47.49,106.89,0.0,1.0,35.63,0,0,
test_q4_2024,2024-10-25,1314,LOJA 1314,51957,HEDERA CIMED 7MG 100ML,51356,C,9,3,4,0.84,5,3.0,0,4.0,0,,4.0,1,0.04,0.0,1.0,0.0,0.0,0.0,3.0,0,35.63,47.49,106.89,0.0,1.0,35.63,0,0,
test_q4_2024,2024-10-26,1314,LOJA 1314,51957,HEDERA CIMED 7MG 100ML,51356,C,9,3,4,0.84,5,4.0,1,4.0,0,,4.0,0,0.04,0.0,1.0,0.0,0.0,0.0,4.0,0,35.63,47.49,142.52,0.0,1.0,35.63,0,0,
test_q4_2024,2024-10-27,1314,LOJA 1314,51957,HEDERA CIMED 7MG 100ML,51356,C,9,3,4,0.84,5,4.0,0,4.0,0,,4.0,0,0.04,0.0,1.0,0.0,0.0,0.0,4.0,0,35.63,47.49,142.52,0.0,,,0,0,
test_q4_2024,2024-10-28,1314,LOJA 1314,51957,HEDERA CIMED 7MG 100ML,51356,C,9,3,4,0.84,5,4.0,0,4.0,0,,4.0,0,0.04,0.0,1.0,0.0,0.0,0.0,4.0,0,35.63,47.49,142.52,0.0,1.0,35.63,0,0,
test_q4_2024,2024-10-29,1314,LOJA 1314,51957,HEDERA CIMED 7MG 100ML,51356,C,9,3,4,0.84,5,4.0,0,4.0,0,,4.0,0,0.04,0.0,1.0,0.0,0.0,0.0,4.0,0,35.63,47.49,142.52,0.0,1.0,35.63,0,0,
test_q4_2024,2024-10-30,1314,LOJA 1314,51957,HEDERA CIMED 7MG 100ML,51356,C,9,3,4,0.84,5,4.0,0,4.0,0,,4.0,0,0.04,0.0,1.0,0.0,0.0,0.0,4.0,0,35.63,47.49,142.52,0.0,1.0,35.63,0,0,
test_q4_2024,2024-10-31,1314,LOJA 1314,51957,HEDERA CIMED 7MG 100ML,51356,C,9,3,4,0.84,5,4.0,0,4.0,0,,4.0,0,0.04,0.0,1.0,0.0,0.0,0.0,4.0,0,35.63,47.49,142.52,0.0,1.0,35.63,0,0,
test_q4_2024,2024-11-01,1314,LOJA 1314,51957,HEDERA CIMED 7MG 100ML,51356,C,9,3,4,0.84,5,4.0,0,4.0,0,,4.0,0,0.04,0.0,1.0,0.0,0.0,0.0,4.0,0,35.63,47.49,142.52,0.0,1.0,35.63,0,0,
test_q4_2024,2024-11-02,1314,LOJA 1314,51957,HEDERA CIMED 7MG 100ML,51356,C,9,3,4,0.84,5,4.0,0,4.0,0,,4.0,0,0.04,0.0,1.0,0.0,0.0,0.0,4.0,0,35.63,47.49,142.52,0.0,1.0,35.63,0,0,
test_q4_2024,2024-11-03,1314,LOJA 1314,51957,HEDERA CIMED 7MG 100ML,51356,C,9,3,4,0.84,5,4.0,0,4.0,0,,4.0,0,0.0,0.0,1.0,0.0,0.0,0.0,4.0,0,35.63,47.49,142.52,0.0,,,0,0,
test_q4_2024,2024-11-04,1314,LOJA 1314,51957,HEDERA CIMED 7MG 100ML,51356,C,9,3,4,0.84,5,4.0,0,4.0,0,,4.0,0,0.0,0.0,1.0,0.0,0.0,0.0,4.0,0,35.63,47.49,142.52,0.0,1.0,35.63,0,0,
test_q4_2024,2024-11-05,1314,LOJA 1314,51957,HEDERA CIMED 7MG 100ML,51356,C,9,3,4,0.84,5,4.0,0,4.0,0,,4.0,0,0.0,0.0,1.0,0.0,0.0,0.0,4.0,0,35.63,47.49,142.52,0.0,1.0,35.63,0,0,
test_q4_2024,2024-11-06,1314,LOJA 1314,51957,HEDERA CIMED 7MG 100ML,51356,C,9,3,4,0.84,5,4.0,0,4.0,0,,4.0,0,0.0,0.0,1.0,0.0,0.0,0.0,4.0,0,35.63,47.49,142.52,0.0,1.0,35.63,0,0,
test_q4_2024,2024-11-07,1314,LOJA 1314,51957,HEDERA CIMED 7MG 100ML,51356,C,9,3,4,0.84,5,4.0,0,4.0,0,,4.0,0,0.0,0.0,1.0,0.0,0.0,0.0,4.0,0,35.63,47.49,142.52,0.0,1.0,35.63,0,0,
test_q4_2024,2024-11-08,1314,LOJA 1314,51957,HEDERA CIMED 7MG 100ML,51356,C,9,3,4,0.84,5,4.0,0,4.0,0,,4.0,0,0.0,0.0,1.0,0.0,0.0,0.0,4.0,0,35.63,47.49,142.52,0.0,1.0,35.63,0,0,
test_q4_2024,2024-11-09,1314,LOJA 1314,51957,HEDERA CIMED 7MG 100ML,51356,C,9,3,4,0.84,5,4.0,0,4.0,0,,4.0,0,0.0,0.0,1.0,0.0,0.0,0.0,4.0,0,35.63,47.49,142.52,0.0,1.0,35.63,0,0,
test_q4_2024,2024-11-10,1314,LOJA 1314,51957,HEDERA CIMED 7MG 100ML,51356,C,9,3,4,0.84,5,4.0,0,4.0,0,,4.0,0,0.0,0.0,1.0,0.0,0.0,0.0,4.0,0,35.63,47.49,142.52,0.0,,,0,0,
test_q4_2024,2024-11-11,1314,LOJA 1314,51957,HEDERA CIMED 7MG 100ML,51356,C,9,3,4,0.84,5,4.0,0,4.0,0,,4.0,0,0.0,0.0,1.0,0.0,0.0,0.0,4.0,0,35.63,47.49,142.52,0.0,1.0,35.63,0,0,
test_q4_2024,2024-11-12,1314,LOJA 1314,51957,HEDERA CIMED 7MG 100ML,51356,C,9,3,4,0.84,5,4.0,0,4.0,0,,4.0,0,0.0,0.0,1.0,0.0,0.0,0.0,4.0,0,35.63,47.49,142.52,0.0,1.0,35.63,0,0,
test_q4_2024,2024-11-13,1314,LOJA 1314,51957,HEDERA CIMED 7MG 100ML,51356,C,9,3,4,0.84,5,4.0,0,4.0,0,,4.0,0,0.0,0.0,1.0,0.0,0.0,0.0,4.0,0,35.63,47.49,142.52,0.0,1.0,35.63,0,0,
test_q4_2024,2024-11-14,1314,LOJA 1314,51957,HEDERA CIMED 7MG 100ML,51356,C,9,3,4,0.84,5,4.0,0,4.0,0,,4.0,0,0.0,0.0,1.0,0.0,0.0,0.0,4.0,0,35.63,47.49,142.52,0.0,1.0,35.63,0,0,
test_q4_2024,2024-11-15,1314,LOJA 1314,51957,HEDERA CIMED 7MG 100ML,51356,C,9,3,4,0.84,5,4.0,0,4.0,0,,4.0,0,0.0,0.0,1.0,0.0,0.0,0.0,4.0,0,35.63,47.49,142.52,0.0,1.0,35.63,0,0,
test_q4_2024,2024-11-16,1314,LOJA 1314,51957,HEDERA CIMED 7MG 100ML,51356,C,9,3,4,0.84,5,4.0,0,4.0,0,,4.0,0,0.0,0.0,1.0,0.0,0.0,0.0,4.0,0,35.63,47.49,142.52,0.0,1.0,35.63,0,0,
test_q4_2024,2024-11-17,1314,LOJA 1314,51957,HEDERA CIMED 7MG 100ML,51356,C,9,3,4,0.84,5,4.0,0,4.0,0,,4.0,0,0.0,0.0,1.0,0.0,0.0,0.0,4.0,0,35.63,47.49,142.52,0.0,,,0,0,
test_q4_2024,2024-11-18,1314,LOJA 1314,51957,HEDERA CIMED 7MG 100ML,51356,C,9,3,4,0.84,5,4.0,0,4.0,0,,4.0,0,0.0,0.0,1.0,0.0,0.0,0.0,4.0,0,35.63,47.49,142.52,0.0,1.0,35.63,0,0,
test_q4_2024,2024-11-19,1314,LOJA 1314,51957,HEDERA CIMED 7MG 100ML,51356,C,9,3,4,0.84,5,4.0,0,4.0,0,,4.0,0,0.0,0.0,1.0,0.0,0.0,0.0,4.0,0,35.63,47.49,142.52,0.0,1.0,35.63,0,0,
test_q4_2024,2024-11-20,1314,LOJA 1314,51957,HEDERA CIMED 7MG 100ML,51356,C,9,3,4,0.84,5,4.0,0,4.0,0,,4.0,0,0.0,0.0,1.0,0.0,0.0,0.0,4.0,0,35.63,47.49,142.52,0.0,1.0,35.63,0,0,
test_q4_2024,2024-11-21,1314,LOJA 1314,51957,HEDERA CIMED 7MG 100ML,51356,C,9,3,4,0.84,5,4.0,0,4.0,0,,4.0,0,0.0,0.0,1.0,0.0,0.0,0.0,4.0,0,35.63,47.49,142.52,0.0,1.0,35.63,0,0,
test_q4_2024,2024-11-22,1314,LOJA 1314,51957,HEDERA CIMED 7MG 100ML,51356,C,9,3,4,0.84,5,4.0,0,4.0,0,,4.0,0,0.0,0.0,1.0,0.0,0.0,0.0,4.0,0,35.63,47.49,142.52,0.0,1.0,35.63,0,0,
test_q4_2024,2024-11-23,1314,LOJA 1314,51957,HEDERA CIMED 7MG 100ML,51356,C,9,3,4,0.84,5,4.0,0,4.0,0,,4.0,0,0.0,0.0,1.0,0.0,0.0,0.0,4.0,0,35.63,47.49,142.52,0.0,1.0,35.63,0,0,
test_q4_2024,2024-11-24,1314,LOJA 1314,51957,HEDERA CIMED 7MG 100ML,51356,C,9,3,4,0.84,5,4.0,0,4.0,0,,4.0,0,0.0,0.0,1.0,0.0,0.0,0.0,4.0,0,35.63,47.49,142.52,0.0,,,0,0,
test_q4_2024,2024-11-25,1314,LOJA 1314,51957,HEDERA CIMED 7MG 100ML,51356,C,9,3,4,0.84,5,4.0,0,4.0,0,,4.0,0,0.0,0.0,1.0,0.0,0.0,0.0,4.0,0,35.63,47.49,142.52,0.0,1.0,35.63,0,0,
test_q4_2024,2024-11-26,1314,LOJA 1314,51957,HEDERA CIMED 7MG 100ML,51356,C,9,3,4,0.84,5,4.0,0,4.0,0,,4.0,0,0.0,0.0,1.0,0.0,0.0,0.0,4.0,0,35.63,47.49,142.52,0.0,1.0,35.63,0,0,
test_q4_2024,2024-11-27,1314,LOJA 1314,51957,HEDERA CIMED 7MG 100ML,51356,C,9,3,4,0.84,5,4.0,0,4.0,0,,4.0,0,0.0,0.0,1.0,0.0,0.0,0.0,4.0,0,35.63,47.49,142.52,0.0,1.0,35.63,0,0,
test_q4_2024,2024-11-28,1314,LOJA 1314,51957,HEDERA CIMED 7MG 100ML,51356,C,9,3,4,0.84,5,4.0,0,4.0,0,,4.0,0,0.0,0.0,1.0,0.0,0.0,0.0,4.0,0,35.63,47.49,142.52,0.0,1.0,35.63,0,0,
test_q4_2024,2024-11-29,1314,LOJA 1314,51957,HEDERA CIMED 7MG 100ML,51356,C,9,3,4,0.84,5,4.0,0,4.0,0,,4.0,0,0.0,0.0,1.0,0.0,0.0,0.0,4.0,0,35.63,47.49,142.52,0.0,1.0,35.63,0,0,
test_q4_2024,2024-11-30,1314,LOJA 1314,51957,HEDERA CIMED 7MG 100ML,51356,C,9,3,4,0.84,5,4.0,0,4.0,0,,4.0,0,0.0,0.0,1.0,0.0,0.0,0.0,4.0,0,35.63,47.49,142.52,0.0,1.0,35.63,0,0,
test_q4_2024,2024-12-01,1314,LOJA 1314,51957,HEDERA CIMED 7MG 100ML,51356,C,9,3,4,0.84,5,4.0,0,4.0,0,,4.0,0,0.0,0.0,1.0,0.0,0.0,0.0,4.0,0,35.63,47.49,142.52,0.0,,,0,0,
test_q4_2024,2024-12-02,1314,LOJA 1314,51957,HEDERA CIMED 7MG 100ML,51356,C,9,3,4,0.84,5,4.0,0,4.0,0,,4.0,0,0.0,0.0,1.0,0.0,0.0,0.0,4.0,0,35.63,47.49,142.52,0.0,1.0,35.63,0,0,
test_q4_2024,2024-12-03,1314,LOJA 1314,51957,HEDERA CIMED 7MG 100ML,51356,C,9,3,4,0.84,5,4.0,0,4.0,0,,4.0,0,0.0,0.0,1.0,0.0,0.0,0.0,4.0,0,35.63,47.49,142.52,0.0,1.0,35.63,0,0,
test_q4_2024,2024-12-04,1314,LOJA 1314,51957,HEDERA CIMED 7MG 100ML,51356,C,9,3,4,0.84,5,4.0,0,4.0,0,,4.0,0,0.0,0.0,1.0,0.0,0.0,0.0,4.0,0,35.63,47.49,142.52,0.0,1.0,35.63,0,0,
test_q4_2024,2024-12-05,1314,LOJA 1314,51957,HEDERA CIMED 7MG 100ML,51356,C,9,3,4,0.84,5,4.0,0,4.0,0,,4.0,0,0.0,0.0,1.0,0.0,0.0,0.0,4.0,0,35.63,47.49,142.52,0.0,1.0,35.63,0,0,
test_q4_2024,2024-12-06,1314,LOJA 1314,51957,HEDERA CIMED 7MG 100ML,51356,C,9,3,4,0.84,5,4.0,0,4.0,0,,4.0,0,0.0,0.0,1.0,0.0,0.0,0.0,4.0,0,35.63,47.49,142.52,0.0,1.0,35.63,0,0,
test_q4_2024,2024-12-07,1314,LOJA 1314,51957,HEDERA CIMED 7MG 100ML,51356,C,9,3,4,0.84,5,4.0,0,4.0,0,,4.0,0,0.0,0.0,1.0,0.0,0.0,0.0,4.0,0,35.63,47.49,142.52,0.0,1.0,35.63,0,0,
test_q4_2024,2024-12-08,1314,LOJA 1314,51957,HEDERA CIMED 7MG 100ML,51356,C,9,3,4,0.84,5,4.0,0,4.0,0,,4.0,0,0.0,0.0,1.0,0.0,0.0,0.0,4.0,0,35.63,47.49,142.52,0.0,,,0,0,
test_q4_2024,2024-12-09,1314,LOJA 1314,51957,HEDERA CIMED 7MG 100ML,51356,C,9,3,4,0.84,5,4.0,0,4.0,0,,4.0,0,0.0,0.0,1.0,0.0,0.0,0.0,4.0,0,35.63,47.49,142.52,0.0,1.0,35.63,0,0,
test_q4_2024,2024-12-10,1314,LOJA 1314,51957,HEDERA CIMED 7MG 100ML,51356,C,9,3,4,0.84,5,4.0,0,4.0,0,,4.0,0,0.0,0.0,1.0,0.0,0.0,0.0,4.0,0,35.63,47.49,142.52,0.0,1.0,35.63,0,0,
test_q4_2024,2024-12-11,1314,LOJA 1314,51957,HEDERA CIMED 7MG 100ML,51356,C,9,3,4,0.84,5,4.0,0,4.0,0,,4.0,0,0.0,0.0,1.0,0.0,0.0,0.0,4.0,0,35.63,47.49,142.52,0.0,1.0,35.63,0,0,
test_q4_2024,2024-12-12,1314,LOJA 1314,51957,HEDERA CIMED 7MG 100ML,51356,C,9,3,4,0.84,5,4.0,0,4.0,0,,4.0,0,0.0,0.0,1.0,0.0,0.0,0.0,4.0,0,35.63,47.49,142.52,0.0,1.0,35.63,0,0,
test_q4_2024,2024-12-13,1314,LOJA 1314,51957,HEDERA CIMED 7MG 100ML,51356,C,9,3,4,0.84,5,4.0,0,4.0,0,,4.0,0,0.0,0.0,1.0,0.0,0.0,0.0,4.0,0,35.63,47.49,142.52,0.0,1.0,35.63,0,0,
test_q4_2024,2024-12-14,1314,LOJA 1314,51957,HEDERA CIMED 7MG 100ML,51356,C,9,3,4,0.84,5,4.0,0,4.0,0,,4.0,0,0.0,0.0,1.0,0.0,0.0,0.0,4.0,0,35.63,47.49,142.52,0.0,1.0,35.63,0,0,
test_q4_2024,2024-12-15,1314,LOJA 1314,51957,HEDERA CIMED 7MG 100ML,51356,C,9,3,4,0.84,5,4.0,0,4.0,0,,4.0,0,0.0,0.0,1.0,0.0,0.0,0.0,4.0,0,35.63,47.49,142.52,0.0,,,0,0,
test_q4_2024,2024-12-16,1314,LOJA 1314,51957,HEDERA CIMED 7MG 100ML,51356,C,9,3,4,0.84,5,4.0,0,4.0,0,,4.0,0,0.0,0.0,1.0,0.0,0.0,0.0,4.0,0,35.63,47.49,142.52,0.0,1.0,35.63,0,0,
test_q4_2024,2024-12-17,1314,LOJA 1314,51957,HEDERA CIMED 7MG 100ML,51356,C,9,3,4,0.84,5,4.0,0,4.0,0,,4.0,0,0.0,0.0,1.0,0.0,0.0,0.0,4.0,0,35.63,47.49,142.52,0.0,1.0,35.63,0,0,
test_q4_2024,2024-12-18,1314,LOJA 1314,51957,HEDERA CIMED 7MG 100ML,51356,C,9,3,4,0.84,5,4.0,0,4.0,0,,4.0,0,0.0,0.0,1.0,0.0,0.0,0.0,4.0,0,35.63,47.49,142.52,0.0,1.0,35.63,0,0,
test_q4_2024,2024-12-19,1314,LOJA 1314,51957,HEDERA CIMED 7MG 100ML,51356,C,9,3,4,0.84,5,4.0,0,4.0,0,,4.0,0,0.0,0.0,1.0,0.0,0.0,0.0,4.0,0,35.63,47.49,142.52,0.0,1.0,35.63,0,0,
test_q4_2024,2024-12-20,1314,LOJA 1314,51957,HEDERA CIMED 7MG 100ML,51356,C,9,3,4,0.84,5,4.0,0,4.0,0,,4.0,0,0.0,0.0,1.0,0.0,0.0,0.0,4.0,0,35.63,47.49,142.52,0.0,1.0,35.63,0,0,
test_q4_2024,2024-12-21,1314,LOJA 1314,51957,HEDERA CIMED 7MG 100ML,51356,C,9,3,4,0.84,5,4.0,0,4.0,0,,4.0,0,0.0,0.0,1.0,0.0,0.0,0.0,4.0,0,35.63,47.49,142.52,0.0,1.0,35.63,0,0,
test_q4_2024,2024-12-22,1314,LOJA 1314,51957,HEDERA CIMED 7MG 100ML,51356,C,9,3,4,0.84,5,4.0,0,4.0,0,,4.0,0,0.0,0.0,1.0,0.0,0.0,0.0,4.0,0,35.63,47.49,142.52,0.0,,,0,0,
test_q4_2024,2024-12-23,1314,LOJA 1314,51957,HEDERA CIMED 7MG 100ML,51356,C,9,3,4,0.84,5,4.0,0,4.0,0,,4.0,0,0.0,0.0,1.0,0.0,0.0,0.0,4.0,0,35.63,47.49,142.52,0.0,1.0,35.63,0,0,
test_q4_2024,2024-12-24,1314,LOJA 1314,51957,HEDERA CIMED 7MG 100ML,51356,C,9,3,4,0.84,5,4.0,0,4.0,0,,4.0,0,0.0,0.0,1.0,0.0,0.0,0.0,4.0,0,35.63,47.49,142.52,0.0,1.0,35.63,0,0,
test_q4_2024,2024-12-25,1314,LOJA 1314,51957,HEDERA CIMED 7MG 100ML,51356,C,9,3,4,0.84,5,4.0,0,4.0,0,,4.0,0,0.0,0.0,1.0,0.0,0.0,0.0,4.0,0,35.63,47.49,142.52,0.0,1.0,35.63,0,0,
test_q4_2024,2024-12-26,1314,LOJA 1314,51957,HEDERA CIMED 7MG 100ML,51356,C,9,3,4,0.84,5,4.0,0,4.0,0,,4.0,0,0.0,0.0,1.0,0.0,0.0,0.0,4.0,0,35.63,47.49,142.52,0.0,1.0,35.63,0,0,
test_q4_2024,2024-12-27,1314,LOJA 1314,51957,HEDERA CIMED 7MG 100ML,51356,C,9,3,4,0.84,5,4.0,0,4.0,0,,4.0,0,0.0133,0.0,1.0,0.0,0.0,0.0,4.0,0,35.63,47.49,142.52,0.0,1.0,35.63,0,0,
test_q4_2024,2024-12-28,1314,LOJA 1314,51957,HEDERA CIMED 7MG 100ML,51356,C,9,3,4,0.84,5,4.0,0,4.0,0,,4.0,0,0.0133,0.0,1.0,0.0,0.0,0.0,4.0,0,35.63,47.49,142.52,0.0,1.0,35.63,0,0,
test_q4_2024,2024-12-29,1314,LOJA 1314,51957,HEDERA CIMED 7MG 100ML,51356,C,9,3,4,0.84,5,4.0,0,4.0,0,,4.0,0,0.0133,0.0,1.0,0.0,0.0,0.0,4.0,0,35.63,47.49,142.52,0.0,,,0,0,
test_q4_2024,2024-12-30,1314,LOJA 1314,51957,HEDERA CIMED 7MG 100ML,51356,C,9,3,4,0.84,5,4.0,0,4.0,0,,4.0,0,0.0133,0.0,1.0,0.0,0.0,0.0,4.0,0,35.63,47.49,142.52,0.0,1.0,35.63,0,0,
test_q4_2024,2024-12-31,1314,LOJA 1314,51957,HEDERA CIMED 7MG 100ML,51356,C,9,3,4,0.84,5,4.0,0,4.0,0,,4.0,0,0.0133,0.0,1.0,0.0,0.0,0.0,4.0,0,35.63,47.49,142.52,0.0,1.0,35.63,0,0,
test_q4_2024,2024-10-01,1314,LOJA 1314,5345,NARIDRIN ADULTO 15ML,173,B,9,4,15,0.84,7,6.0,0,6.0,0,,6.0,0,0.1614,0.413,1.0,1.0,1.0,0.0,5.0,0,17.68,17.05,88.4,0.0,9.0,159.12,0,0,
test_q4_2024,2024-10-02,1314,LOJA 1314,5345,NARIDRIN ADULTO 15ML,173,B,9,4,15,0.84,7,5.0,0,5.0,0,,5.0,0,0.2451,0.413,1.0,0.0,0.0,0.0,5.0,0,17.68,17.05,88.4,0.0,8.0,141.44,0,0,
test_q4_2024,2024-10-03,1314,LOJA 1314,5345,NARIDRIN ADULTO 15ML,173,B,9,4,15,0.84,7,5.0,0,5.0,0,,5.0,0,0.2451,0.413,1.0,0.0,0.0,0.0,5.0,0,17.68,17.05,88.4,0.0,8.0,141.44,0,0,
test_q4_2024,2024-10-04,1314,LOJA 1314,5345,NARIDRIN ADULTO 15ML,173,B,9,4,15,0.84,7,5.0,0,5.0,0,,5.0,0,0.2014,0.413,1.0,0.0,0.0,0.0,5.0,0,17.68,17.05,88.4,0.0,8.0,141.44,0,0,
test_q4_2024,2024-10-05,1314,LOJA 1314,5345,NARIDRIN ADULTO 15ML,173,B,9,4,15,0.84,7,5.0,0,5.0,0,,5.0,0,0.2451,0.413,1.0,0.0,0.0,0.0,5.0,0,17.68,17.05,88.4,0.0,8.0,141.44,0,0,
test_q4_2024,2024-10-06,1314,LOJA 1314,5345,NARIDRIN ADULTO 15ML,173,B,9,4,15,0.84,7,5.0,0,5.0,0,,5.0,0,0.2947,0.413,1.0,0.0,0.0,0.0,5.0,0,17.68,17.05,88.4,0.0,,,0,0,
test_q4_2024,2024-10-07,1314,LOJA 1314,5345,NARIDRIN ADULTO 15ML,173,B,9,4,15,0.84,7,5.0,0,5.0,0,,5.0,0,0.2243,0.413,1.0,1.0,1.0,0.0,4.0,0,17.68,17.05,70.72,0.0,9.0,159.12,0,0,
test_q4_2024,2024-10-08,1314,LOJA 1314,5345,NARIDRIN ADULTO 15ML,173,B,9,4,15,0.84,7,4.0,0,4.0,11,2024-10-17,15.0,11,0.268,0.413,1.0,0.0,0.0,0.0,4.0,0,17.68,17.05,70.72,8.94,9.0,159.12,0,0,
test_q4_2024,2024-10-09,1314,LOJA 1314,5345,NARIDRIN ADULTO 15ML,173,B,9,4,15,0.84,7,4.0,0,15.0,0,,15.0,11,0.3118,0.413,1.0,0.0,0.0,0.0,4.0,0,17.68,17.05,70.72,0.0,9.0,159.12,0,0,
test_q4_2024,2024-10-10,1314,LOJA 1314,5345,NARIDRIN ADULTO 15ML,173,B,9,4,15,0.84,7,4.0,0,15.0,0,,15.0,11,0.3118,0.413,1.0,0.0,0.0,0.0,4.0,0,17.68,17.05,70.72,0.0,9.0,159.12,0,0,
test_q4_2024,2024-10-11,1314,LOJA 1314,5345,NARIDRIN ADULTO 15ML,173,B,9,4,15,0.84,7,4.0,0,15.0,0,,15.0,11,0.308,0.413,1.0,0.0,0.0,0.0,4.0,0,17.68,17.05,70.72,0.0,11.0,194.48,0,0,
test_q4_2024,2024-10-12,1314,LOJA 1314,5345,NARIDRIN ADULTO 15ML,173,B,9,4,15,0.84,7,4.0,0,15.0,0,,15.0,11,0.3518,0.413,1.0,0.0,0.0,0.0,4.0,0,17.68,17.05,70.72,0.0,11.0,194.48,0,0,
test_q4_2024,2024-10-13,1314,LOJA 1314,5345,NARIDRIN ADULTO 15ML,173,B,9,4,15,0.84,7,4.0,0,15.0,0,,15.0,11,0.308,0.413,1.0,0.0,0.0,0.0,4.0,0,17.68,17.05,70.72,0.0,,,0,0,
test_q4_2024,2024-10-14,1314,LOJA 1314,5345,NARIDRIN ADULTO 15ML,173,B,9,4,15,0.84,7,4.0,0,15.0,0,,15.0,11,0.2643,0.413,1.0,0.0,0.0,0.0,4.0,0,17.68,17.05,70.72,0.0,12.0,212.16,0,0,
test_q4_2024,2024-10-15,1314,LOJA 1314,5345,NARIDRIN ADULTO 15ML,173,B,9,4,15,0.84,7,4.0,0,15.0,0,,15.0,11,0.348,0.413,1.0,0.0,0.0,0.0,4.0,0,17.68,17.05,70.72,0.0,12.0,212.16,0,0,
test_q4_2024,2024-10-16,1314,LOJA 1314,5345,NARIDRIN ADULTO 15ML,173,B,9,4,15,0.84,7,4.0,0,15.0,0,,15.0,11,0.3918,0.413,1.0,0.0,0.0,0.0,4.0,0,17.68,17.05,70.72,0.0,12.0,212.16,0,0,
test_q4_2024,2024-10-17,1314,LOJA 1314,5345,NARIDRIN ADULTO 15ML,173,B,9,4,15,0.84,7,15.0,11,15.0,0,,15.0,0,0.3518,0.413,1.0,1.0,1.0,0.0,14.0,0,17.68,17.05,247.52,0.0,12.0,212.16,0,0,
test_q4_2024,2024-10-18,1314,LOJA 1314,5345,NARIDRIN ADULTO 15ML,173,B,9,4,15,0.84,7,14.0,0,14.0,0,,14.0,0,0.308,0.413,1.0,0.0,0.0,0.0,14.0,0,17.68,17.05,247.52,0.0,11.0,194.48,0,0,
test_q4_2024,2024-10-19,1314,LOJA 1314,5345,NARIDRIN ADULTO 15ML,173,B,9,4,15,0.84,7,14.0,0,14.0,0,,14.0,0,0.3518,0.413,1.0,0.0,0.0,0.0,14.0,0,17.68,17.05,247.52,0.0,11.0,194.48,0,0,
test_q4_2024,2024-10-20,1314,LOJA 1314,5345,NARIDRIN ADULTO 15ML,173,B,9,4,15,0.84,7,14.0,0,14.0,0,,14.0,0,0.308,0.413,1.0,0.0,0.0,0.0,14.0,0,17.68,17.05,247.52,0.0,,,0,0,
test_q4_2024,2024-10-21,1314,LOJA 1314,5345,NARIDRIN ADULTO 15ML,173,B,9,4,15,0.84,7,14.0,0,14.0,0,,14.0,0,0.1443,0.413,1.0,0.0,0.0,0.0,14.0,0,17.68,17.05,247.52,0.0,11.0,194.48,0,0,
test_q4_2024,2024-10-22,1314,LOJA 1314,5345,NARIDRIN ADULTO 15ML,173,B,9,4,15,0.84,7,14.0,0,14.0,0,,14.0,0,0.188,0.413,1.0,0.0,0.0,0.0,14.0,0,17.68,17.05,247.52,0.0,11.0,194.48,0,0,
test_q4_2024,2024-10-23,1314,LOJA 1314,5345,NARIDRIN ADULTO 15ML,173,B,9,4,15,0.84,7,14.0,0,14.0,0,,14.0,0,0.2718,0.413,1.0,0.0,0.0,0.0,14.0,0,17.68,17.05,247.52,0.0,11.0,194.48,0,0,
test_q4_2024,2024-10-24,1314,LOJA 1314,5345,NARIDRIN ADULTO 15ML,173,B,9,4,15,0.84,7,14.0,0,14.0,0,,14.0,0,0.2718,0.413,1.0,0.0,0.0,0.0,14.0,0,17.68,17.05,247.52,0.0,11.0,194.48,0,0,
test_q4_2024,2024-10-25,1314,LOJA 1314,5345,NARIDRIN ADULTO 15ML,173,B,9,4,15,0.84,7,14.0,0,14.0,0,,14.0,0,0.228,0.413,1.0,0.0,0.0,0.0,14.0,0,17.68,17.05,247.52,0.0,11.0,194.48,0,0,
test_q4_2024,2024-10-26,1314,LOJA 1314,5345,NARIDRIN ADULTO 15ML,173,B,9,4,15,0.84,7,14.0,0,14.0,0,,14.0,0,0.2318,0.413,1.0,0.0,0.0,0.0,14.0,0,17.68,17.05,247.52,0.0,11.0,194.48,0,0,
test_q4_2024,2024-10-27,1314,LOJA 1314,5345,NARIDRIN ADULTO 15ML,173,B,9,4,15,0.84,7,14.0,0,14.0,0,,14.0,0,0.188,0.413,1.0,1.0,1.0,0.0,13.0,0,17.68,17.05,229.84,0.0,,,0,0,
test_q4_2024,2024-10-28,1314,LOJA 1314,5345,NARIDRIN ADULTO 15ML,173,B,9,4,15,0.84,7,13.0,0,13.0,0,,13.0,0,0.1576,0.413,1.0,0.0,0.0,0.0,13.0,0,17.68,17.05,229.84,0.0,10.0,176.8,0,0,
test_q4_2024,2024-10-29,1314,LOJA 1314,5345,NARIDRIN ADULTO 15ML,173,B,9,4,15,0.84,7,13.0,0,13.0,0,,13.0,0,0.2014,0.413,1.0,0.0,0.0,0.0,13.0,0,17.68,17.05,229.84,0.0,10.0,176.8,0,0,
test_q4_2024,2024-10-30,1314,LOJA 1314,5345,NARIDRIN ADULTO 15ML,173,B,9,4,15,0.84,7,13.0,0,13.0,0,,13.0,0,0.2185,0.413,1.0,0.0,0.0,0.0,13.0,0,17.68,17.05,229.84,0.0,10.0,176.8,0,0,
test_q4_2024,2024-10-31,1314,LOJA 1314,5345,NARIDRIN ADULTO 15ML,173,B,9,4,15,0.84,7,13.0,0,13.0,0,,13.0,0,0.2185,0.413,1.0,0.0,0.0,0.0,13.0,0,17.68,17.05,229.84,0.0,10.0,176.8,0,0,
test_q4_2024,2024-11-01,1314,LOJA 1314,5345,NARIDRIN ADULTO 15ML,173,B,9,4,15,0.84,7,13.0,0,13.0,0,,13.0,0,0.1747,0.413,1.0,0.0,0.0,0.0,13.0,0,17.68,17.05,229.84,0.0,10.0,176.8,0,0,
test_q4_2024,2024-11-02,1314,LOJA 1314,5345,NARIDRIN ADULTO 15ML,173,B,9,4,15,0.84,7,13.0,0,13.0,0,,13.0,0,0.2318,0.413,1.0,0.0,0.0,0.0,13.0,0,17.68,17.05,229.84,0.0,10.0,176.8,0,0,
test_q4_2024,2024-11-03,1314,LOJA 1314,5345,NARIDRIN ADULTO 15ML,173,B,9,4,15,0.84,7,13.0,0,13.0,0,,13.0,0,0.188,0.413,1.0,0.0,0.0,0.0,13.0,0,17.68,17.05,229.84,0.0,,,0,0,
test_q4_2024,2024-11-04,1314,LOJA 1314,5345,NARIDRIN ADULTO 15ML,173,B,9,4,15,0.84,7,13.0,0,13.0,0,,13.0,0,0.1443,0.413,1.0,0.0,0.0,0.0,13.0,0,17.68,17.05,229.84,0.0,10.0,176.8,0,0,
test_q4_2024,2024-11-05,1314,LOJA 1314,5345,NARIDRIN ADULTO 15ML,173,B,9,4,15,0.84,7,13.0,0,13.0,0,,13.0,0,0.2014,0.413,1.0,0.0,0.0,0.0,13.0,0,17.68,17.05,229.84,0.0,10.0,176.8,0,0,
test_q4_2024,2024-11-06,1314,LOJA 1314,5345,NARIDRIN ADULTO 15ML,173,B,9,4,15,0.84,7,13.0,0,13.0,0,,13.0,0,0.2451,0.413,1.0,0.0,0.0,0.0,13.0,0,17.68,17.05,229.84,0.0,10.0,176.8,0,0,
test_q4_2024,2024-11-07,1314,LOJA 1314,5345,NARIDRIN ADULTO 15ML,173,B,9,4,15,0.84,7,13.0,0,13.0,0,,13.0,0,0.2051,0.413,1.0,0.0,0.0,0.0,13.0,0,17.68,17.05,229.84,0.0,10.0,176.8,0,0,
test_q4_2024,2024-11-08,1314,LOJA 1314,5345,NARIDRIN ADULTO 15ML,173,B,9,4,15,0.84,7,13.0,0,13.0,0,,13.0,0,0.1747,0.413,1.0,0.0,0.0,0.0,13.0,0,17.68,17.05,229.84,0.0,10.0,176.8,0,0,
test_q4_2024,2024-11-09,1314,LOJA 1314,5345,NARIDRIN ADULTO 15ML,173,B,9,4,15,0.84,7,13.0,0,13.0,0,,13.0,0,0.2185,0.413,1.0,0.0,0.0,0.0,13.0,0,17.68,17.05,229.84,0.0,10.0,176.8,0,0,
test_q4_2024,2024-11-10,1314,LOJA 1314,5345,NARIDRIN ADULTO 15ML,173,B,9,4,15,0.84,7,13.0,0,13.0,0,,13.0,0,0.1747,0.413,1.0,0.0,0.0,0.0,13.0,0,17.68,17.05,229.84,0.0,,,0,0,
test_q4_2024,2024-11-11,1314,LOJA 1314,5345,NARIDRIN ADULTO 15ML,173,B,9,4,15,0.84,7,13.0,0,13.0,0,,13.0,0,0.131,0.413,1.0,0.0,0.0,0.0,13.0,0,17.68,17.05,229.84,0.0,10.0,176.8,0,0,
test_q4_2024,2024-11-12,1314,LOJA 1314,5345,NARIDRIN ADULTO 15ML,173,B,9,4,15,0.84,7,13.0,0,13.0,0,,13.0,0,0.1614,0.413,1.0,1.0,1.0,0.0,12.0,0,17.68,17.05,212.16,0.0,10.0,176.8,0,0,
test_q4_2024,2024-11-13,1314,LOJA 1314,5345,NARIDRIN ADULTO 15ML,173,B,9,4,15,0.84,7,12.0,0,12.0,0,,12.0,0,0.2051,0.413,1.0,0.0,0.0,0.0,12.0,0,17.68,17.05,212.16,0.0,9.0,159.12,0,0,
test_q4_2024,2024-11-14,1314,LOJA 1314,5345,NARIDRIN ADULTO 15ML,173,B,9,4,15,0.84,7,12.0,0,12.0,0,,12.0,0,0.1918,0.413,1.0,0.0,0.0,0.0,12.0,0,17.68,17.05,212.16,0.0,9.0,159.12,0,0,
test_q4_2024,2024-11-15,1314,LOJA 1314,5345,NARIDRIN ADULTO 15ML,173,B,9,4,15,0.84,7,12.0,0,12.0,0,,12.0,0,0.148,0.413,1.0,0.0,0.0,0.0,12.0,0,17.68,17.05,212.16,0.0,9.0,159.12,0,0,
test_q4_2024,2024-11-16,1314,LOJA 1314,5345,NARIDRIN ADULTO 15ML,173,B,9,4,15,0.84,7,12.0,0,12.0,0,,12.0,0,0.1918,0.413,1.0,0.0,0.0,0.0,12.0,0,17.68,17.05,212.16,0.0,9.0,159.12,0,0,
test_q4_2024,2024-11-17,1314,LOJA 1314,5345,NARIDRIN ADULTO 15ML,173,B,9,4,15,0.84,7,12.0,0,12.0,0,,12.0,0,0.1347,0.413,1.0,0.0,0.0,0.0,12.0,0,17.68,17.05,212.16,0.0,,,0,0,
test_q4_2024,2024-11-18,1314,LOJA 1314,5345,NARIDRIN ADULTO 15ML,173,B,9,4,15,0.84,7,12.0,0,12.0,0,,12.0,0,0.1176,0.413,1.0,0.0,0.0,0.0,12.0,0,17.68,17.05,212.16,0.0,9.0,159.12,0,0,
test_q4_2024,2024-11-19,1314,LOJA 1314,5345,NARIDRIN ADULTO 15ML,173,B,9,4,15,0.84,7,12.0,0,12.0,0,,12.0,0,0.1614,0.413,1.0,0.0,0.0,0.0,12.0,0,17.68,17.05,212.16,0.0,9.0,159.12,0,0,
test_q4_2024,2024-11-20,1314,LOJA 1314,5345,NARIDRIN ADULTO 15ML,173,B,9,4,15,0.84,7,12.0,0,12.0,0,,12.0,0,0.1918,0.413,1.0,0.0,0.0,0.0,12.0,0,17.68,17.05,212.16,0.0,9.0,159.12,0,0,
test_q4_2024,2024-11-21,1314,LOJA 1314,5345,NARIDRIN ADULTO 15ML,173,B,9,4,15,0.84,7,12.0,0,12.0,0,,12.0,0,0.2051,0.413,1.0,0.0,0.0,0.0,12.0,0,17.68,17.05,212.16,0.0,9.0,159.12,0,0,
test_q4_2024,2024-11-22,1314,LOJA 1314,5345,NARIDRIN ADULTO 15ML,173,B,9,4,15,0.84,7,12.0,0,12.0,0,,12.0,0,0.1614,0.413,1.0,0.0,0.0,0.0,12.0,0,17.68,17.05,212.16,0.0,9.0,159.12,0,0,
test_q4_2024,2024-11-23,1314,LOJA 1314,5345,NARIDRIN ADULTO 15ML,173,B,9,4,15,0.84,7,12.0,0,12.0,0,,12.0,0,0.1918,0.413,1.0,0.0,0.0,0.0,12.0,0,17.68,17.05,212.16,0.0,9.0,159.12,0,0,
test_q4_2024,2024-11-24,1314,LOJA 1314,5345,NARIDRIN ADULTO 15ML,173,B,9,4,15,0.84,7,12.0,0,12.0,0,,12.0,0,0.148,0.413,1.0,0.0,0.0,0.0,12.0,0,17.68,17.05,212.16,0.0,,,0,0,
test_q4_2024,2024-11-25,1314,LOJA 1314,5345,NARIDRIN ADULTO 15ML,173,B,9,4,15,0.84,7,12.0,0,12.0,0,,12.0,0,0.1043,0.413,1.0,0.0,0.0,0.0,12.0,0,17.68,17.05,212.16,0.0,9.0,159.12,0,0,
test_q4_2024,2024-11-26,1314,LOJA 1314,5345,NARIDRIN ADULTO 15ML,173,B,9,4,15,0.84,7,12.0,0,12.0,0,,12.0,0,0.148,0.413,1.0,0.0,0.0,0.0,12.0,0,17.68,17.05,212.16,0.0,9.0,159.12,0,0,
test_q4_2024,2024-11-27,1314,LOJA 1314,5345,NARIDRIN ADULTO 15ML,173,B,9,4,15,0.84,7,12.0,0,12.0,0,,12.0,0,0.1918,0.413,1.0,0.0,0.0,0.0,12.0,0,17.68,17.05,212.16,0.0,9.0,159.12,0,0,
test_q4_2024,2024-11-28,1314,LOJA 1314,5345,NARIDRIN ADULTO 15ML,173,B,9,4,15,0.84,7,12.0,0,12.0,0,,12.0,0,0.2051,0.413,1.0,0.0,0.0,0.0,12.0,0,17.68,17.05,212.16,0.0,9.0,159.12,0,0,
test_q4_2024,2024-11-29,1314,LOJA 1314,5345,NARIDRIN ADULTO 15ML,173,B,9,4,15,0.84,7,12.0,0,12.0,0,,12.0,0,0.1614,0.413,1.0,0.0,0.0,0.0,12.0,0,17.68,17.05,212.16,0.0,9.0,159.12,0,0,
test_q4_2024,2024-11-30,1314,LOJA 1314,5345,NARIDRIN ADULTO 15ML,173,B,9,4,15,0.84,7,12.0,0,12.0,0,,12.0,0,0.2185,0.413,1.0,0.0,0.0,0.0,12.0,0,17.68,17.05,212.16,0.0,9.0,159.12,0,0,
test_q4_2024,2024-12-01,1314,LOJA 1314,5345,NARIDRIN ADULTO 15ML,173,B,9,4,15,0.84,7,12.0,0,12.0,0,,12.0,0,0.1747,0.413,1.0,0.0,0.0,0.0,12.0,0,17.68,17.05,212.16,0.0,,,0,0,
test_q4_2024,2024-12-02,1314,LOJA 1314,5345,NARIDRIN ADULTO 15ML,173,B,9,4,15,0.84,7,12.0,0,12.0,0,,12.0,0,0.131,0.413,1.0,0.0,0.0,0.0,12.0,0,17.68,17.05,212.16,0.0,9.0,159.12,0,0,
test_q4_2024,2024-12-03,1314,LOJA 1314,5345,NARIDRIN ADULTO 15ML,173,B,9,4,15,0.84,7,12.0,0,12.0,0,,12.0,0,0.148,0.413,1.0,0.0,0.0,0.0,12.0,0,17.68,17.05,212.16,0.0,9.0,159.12,0,0,
test_q4_2024,2024-12-04,1314,LOJA 1314,5345,NARIDRIN ADULTO 15ML,173,B,9,4,15,0.84,7,12.0,0,12.0,0,,12.0,0,0.1918,0.413,1.0,0.0,0.0,0.0,12.0,0,17.68,17.05,212.16,0.0,9.0,159.12,0,0,
test_q4_2024,2024-12-05,1314,LOJA 1314,5345,NARIDRIN ADULTO 15ML,173,B,9,4,15,0.84,7,12.0,0,12.0,0,,12.0,0,0.1918,0.413,1.0,0.0,0.0,0.0,12.0,0,17.68,17.05,212.16,0.0,9.0,159.12,0,0,
test_q4_2024,2024-12-06,1314,LOJA 1314,5345,NARIDRIN ADULTO 15ML,173,B,9,4,15,0.84,7,12.0,0,12.0,0,,12.0,0,0.1347,0.413,1.0,0.0,0.0,0.0,12.0,0,17.68,17.05,212.16,0.0,9.0,159.12,0,0,
test_q4_2024,2024-12-07,1314,LOJA 1314,5345,NARIDRIN ADULTO 15ML,173,B,9,4,15,0.84,7,12.0,0,12.0,0,,12.0,0,0.1785,0.413,1.0,0.0,0.0,0.0,12.0,0,17.68,17.05,212.16,0.0,9.0,159.12,0,0,
test_q4_2024,2024-12-08,1314,LOJA 1314,5345,NARIDRIN ADULTO 15ML,173,B,9,4,15,0.84,7,12.0,0,12.0,0,,12.0,0,0.1347,0.413,1.0,3.0,3.0,0.0,9.0,0,17.68,17.05,159.12,0.0,,,0,0,
test_q4_2024,2024-12-09,1314,LOJA 1314,5345,NARIDRIN ADULTO 15ML,173,B,9,4,15,0.84,7,9.0,0,9.0,0,,9.0,0,0.091,0.413,1.0,0.0,0.0,0.0,9.0,0,17.68,17.05,159.12,0.0,9.0,159.12,0,0,
test_q4_2024,2024-12-10,1314,LOJA 1314,5345,NARIDRIN ADULTO 15ML,173,B,9,4,15,0.84,7,9.0,0,9.0,0,,9.0,0,0.148,0.413,1.0,0.0,0.0,0.0,9.0,0,17.68,17.05,159.12,0.0,6.0,106.08,0,0,
test_q4_2024,2024-12-11,1314,LOJA 1314,5345,NARIDRIN ADULTO 15ML,173,B,9,4,15,0.84,7,9.0,0,9.0,0,,9.0,0,0.2051,0.413,1.0,0.0,0.0,0.0,9.0,0,17.68,17.05,159.12,0.0,6.0,106.08,0,0,
test_q4_2024,2024-12-12,1314,LOJA 1314,5345,NARIDRIN ADULTO 15ML,173,B,9,4,15,0.84,7,9.0,0,9.0,0,,9.0,0,0.2051,0.413,1.0,0.0,0.0,0.0,9.0,0,17.68,17.05,159.12,0.0,6.0,106.08,0,0,
test_q4_2024,2024-12-13,1314,LOJA 1314,5345,NARIDRIN ADULTO 15ML,173,B,9,4,15,0.84,7,9.0,0,9.0,0,,9.0,0,0.148,0.413,1.0,0.0,0.0,0.0,9.0,0,17.68,17.05,159.12,0.0,6.0,106.08,0,0,
test_q4_2024,2024-12-14,1314,LOJA 1314,5345,NARIDRIN ADULTO 15ML,173,B,9,4,15,0.84,7,9.0,0,9.0,0,,9.0,0,0.1918,0.413,1.0,0.0,0.0,0.0,9.0,0,17.68,17.05,159.12,0.0,6.0,106.08,0,0,
test_q4_2024,2024-12-15,1314,LOJA 1314,5345,NARIDRIN ADULTO 15ML,173,B,9,4,15,0.84,7,9.0,0,9.0,0,,9.0,0,0.1347,0.413,1.0,0.0,0.0,0.0,9.0,0,17.68,17.05,159.12,0.0,,,0,0,
test_q4_2024,2024-12-16,1314,LOJA 1314,5345,NARIDRIN ADULTO 15ML,173,B,9,4,15,0.84,7,9.0,0,9.0,0,,9.0,0,0.091,0.413,1.0,0.0,0.0,0.0,9.0,0,17.68,17.05,159.12,0.0,6.0,106.08,0,0,
test_q4_2024,2024-12-17,1314,LOJA 1314,5345,NARIDRIN ADULTO 15ML,173,B,9,4,15,0.84,7,9.0,0,9.0,0,,9.0,0,0.1347,0.413,1.0,0.0,0.0,0.0,9.0,0,17.68,17.05,159.12,0.0,6.0,106.08,0,0,
test_q4_2024,2024-12-18,1314,LOJA 1314,5345,NARIDRIN ADULTO 15ML,173,B,9,4,15,0.84,7,9.0,0,9.0,0,,9.0,0,0.1785,0.413,1.0,0.0,0.0,0.0,9.0,0,17.68,17.05,159.12,0.0,6.0,106.08,0,0,
test_q4_2024,2024-12-19,1314,LOJA 1314,5345,NARIDRIN ADULTO 15ML,173,B,9,4,15,0.84,7,9.0,0,9.0,0,,9.0,0,0.1785,0.413,1.0,0.0,0.0,0.0,9.0,0,17.68,17.05,159.12,0.0,6.0,106.08,0,0,
test_q4_2024,2024-12-20,1314,LOJA 1314,5345,NARIDRIN ADULTO 15ML,173,B,9,4,15,0.84,7,9.0,0,9.0,0,,9.0,0,0.1347,0.413,1.0,0.0,0.0,0.0,9.0,0,17.68,17.05,159.12,0.0,8.0,141.44,0,0,
test_q4_2024,2024-12-21,1314,LOJA 1314,5345,NARIDRIN ADULTO 15ML,173,B,9,4,15,0.84,7,9.0,0,9.0,0,,9.0,0,0.1785,0.413,1.0,0.0,0.0,0.0,9.0,0,17.68,17.05,159.12,0.0,8.0,141.44,0,0,
test_q4_2024,2024-12-22,1314,LOJA 1314,5345,NARIDRIN ADULTO 15ML,173,B,9,4,15,0.84,7,9.0,0,9.0,0,,9.0,0,0.1347,0.413,1.0,1.0,1.0,0.0,8.0,0,17.68,17.05,141.44,0.0,,,0,0,
test_q4_2024,2024-12-23,1314,LOJA 1314,5345,NARIDRIN ADULTO 15ML,173,B,9,4,15,0.84,7,8.0,0,8.0,0,,8.0,0,0.091,0.413,1.0,0.0,0.0,0.0,8.0,0,17.68,17.05,141.44,0.0,7.0,123.75999999999999,0,0,
test_q4_2024,2024-12-24,1314,LOJA 1314,5345,NARIDRIN ADULTO 15ML,173,B,9,4,15,0.84,7,8.0,0,8.0,0,,8.0,0,0.1347,0.413,1.0,0.0,0.0,0.0,8.0,0,17.68,17.05,141.44,0.0,7.0,123.75999999999999,0,0,
test_q4_2024,2024-12-25,1314,LOJA 1314,5345,NARIDRIN ADULTO 15ML,173,B,9,4,15,0.84,7,8.0,0,8.0,0,,8.0,0,0.1651,0.413,1.0,0.0,0.0,0.0,8.0,0,17.68,17.05,141.44,0.0,7.0,123.75999999999999,0,0,
test_q4_2024,2024-12-26,1314,LOJA 1314,5345,NARIDRIN ADULTO 15ML,173,B,9,4,15,0.84,7,8.0,0,8.0,0,,8.0,0,0.1518,0.413,1.0,0.0,0.0,0.0,8.0,0,17.68,17.05,141.44,0.0,7.0,123.75999999999999,0,0,
test_q4_2024,2024-12-27,1314,LOJA 1314,5345,NARIDRIN ADULTO 15ML,173,B,9,4,15,0.84,7,8.0,0,8.0,0,,8.0,0,0.108,0.413,1.0,0.0,0.0,0.0,8.0,0,17.68,17.05,141.44,0.0,7.0,123.75999999999999,0,0,
test_q4_2024,2024-12-28,1314,LOJA 1314,5345,NARIDRIN ADULTO 15ML,173,B,9,4,15,0.84,7,8.0,0,8.0,0,,8.0,0,0.1518,0.413,1.0,0.0,0.0,0.0,8.0,0,17.68,17.05,141.44,0.0,7.0,123.75999999999999,0,0,
test_q4_2024,2024-12-29,1314,LOJA 1314,5345,NARIDRIN ADULTO 15ML,173,B,9,4,15,0.84,7,8.0,0,8.0,0,,8.0,0,0.108,0.413,1.0,0.0,0.0,0.0,8.0,0,17.68,17.05,141.44,0.0,,,0,0,
test_q4_2024,2024-12-30,1314,LOJA 1314,5345,NARIDRIN ADULTO 15ML,173,B,9,4,15,0.84,7,8.0,0,8.0,0,,8.0,0,0.0643,0.413,1.0,0.0,0.0,0.0,8.0,0,17.68,17.05,141.44,0.0,7.0,123.75999999999999,0,0,
test_q4_2024,2024-12-31,1314,LOJA 1314,5345,NARIDRIN ADULTO 15ML,173,B,9,4,15,0.84,7,8.0,0,8.0,0,,8.0,0,0.108,0.413,1.0,2.0,2.0,0.0,6.0,0,17.68,17.05,106.08,0.0,8.0,141.44,0,0,
test_q4_2024,2024-10-01,1314,LOJA 1314,54554,ALOFF XPE 60ML,88708,C,9,1,2,0.84,5,2.0,0,2.0,0,,2.0,0,0.0,0.0,2.5,0.0,0.0,0.0,2.0,0,33.04,37.45,66.08,0.0,,,0,0,
test_q4_2024,2024-10-02,1314,LOJA 1314,54554,ALOFF XPE 60ML,88708,C,9,1,2,0.84,5,2.0,0,2.0,0,,2.0,0,0.0,0.0,2.5,0.0,0.0,0.0,2.0,0,33.04,37.45,66.08,0.0,,,0,0,
test_q4_2024,2024-10-03,1314,LOJA 1314,54554,ALOFF XPE 60ML,88708,C,9,1,2,0.84,5,2.0,0,2.0,0,,2.0,0,0.0,0.0,2.5,0.0,0.0,0.0,2.0,0,33.04,37.45,66.08,0.0,,,0,0,
test_q4_2024,2024-10-04,1314,LOJA 1314,54554,ALOFF XPE 60ML,88708,C,9,1,2,0.84,5,2.0,0,2.0,0,,2.0,0,0.0,0.0,2.5,0.0,0.0,0.0,2.0,0,33.04,37.45,66.08,0.0,,,0,0,
test_q4_2024,2024-10-05,1314,LOJA 1314,54554,ALOFF XPE 60ML,88708,C,9,1,2,0.84,5,2.0,0,2.0,0,,2.0,0,0.0,0.0,2.5,0.0,0.0,0.0,2.0,0,33.04,37.45,66.08,0.0,,,0,0,
test_q4_2024,2024-10-06,1314,LOJA 1314,54554,ALOFF XPE 60ML,88708,C,9,1,2,0.84,5,2.0,0,2.0,0,,2.0,0,0.0,0.0,2.5,0.0,0.0,0.0,2.0,0,33.04,37.45,66.08,0.0,,,0,0,
test_q4_2024,2024-10-07,1314,LOJA 1314,54554,ALOFF XPE 60ML,88708,C,9,1,2,0.84,5,2.0,0,2.0,0,,2.0,0,0.0,0.0,2.5,0.0,0.0,0.0,2.0,0,33.04,37.45,66.08,0.0,,,0,0,
test_q4_2024,2024-10-08,1314,LOJA 1314,54554,ALOFF XPE 60ML,88708,C,9,1,2,0.84,5,2.0,0,2.0,0,,2.0,0,0.0,0.0,2.5,0.0,0.0,0.0,2.0,0,33.04,37.45,66.08,0.0,,,0,0,
test_q4_2024,2024-10-09,1314,LOJA 1314,54554,ALOFF XPE 60ML,88708,C,9,1,2,0.84,5,2.0,0,2.0,0,,2.0,0,0.0,0.0,2.5,0.0,0.0,0.0,2.0,0,33.04,37.45,66.08,0.0,,,0,0,
test_q4_2024,2024-10-10,1314,LOJA 1314,54554,ALOFF XPE 60ML,88708,C,9,1,2,0.84,5,2.0,0,2.0,0,,2.0,0,0.0,0.0,2.5,0.0,0.0,0.0,2.0,0,33.04,37.45,66.08,0.0,,,0,0,
test_q4_2024,2024-10-11,1314,LOJA 1314,54554,ALOFF XPE 60ML,88708,C,9,1,2,0.84,5,2.0,0,2.0,0,,2.0,0,0.0,0.0,2.5,0.0,0.0,0.0,2.0,0,33.04,37.45,66.08,0.0,,,0,0,
test_q4_2024,2024-10-12,1314,LOJA 1314,54554,ALOFF XPE 60ML,88708,C,9,1,2,0.84,5,2.0,0,2.0,0,,2.0,0,0.0,0.0,2.5,0.0,0.0,0.0,2.0,0,33.04,37.45,66.08,0.0,,,0,0,
test_q4_2024,2024-10-13,1314,LOJA 1314,54554,ALOFF XPE 60ML,88708,C,9,1,2,0.84,5,2.0,0,2.0,0,,2.0,0,0.0,0.0,2.5,0.0,0.0,0.0,2.0,0,33.04,37.45,66.08,0.0,,,0,0,
test_q4_2024,2024-10-14,1314,LOJA 1314,54554,ALOFF XPE 60ML,88708,C,9,1,2,0.84,5,2.0,0,2.0,0,,2.0,0,0.0,0.0,2.5,0.0,0.0,0.0,2.0,0,33.04,37.45,66.08,0.0,,,0,0,
test_q4_2024,2024-10-15,1314,LOJA 1314,54554,ALOFF XPE 60ML,88708,C,9,1,2,0.84,5,2.0,0,2.0,0,,2.0,0,0.0,0.0,2.5,0.0,0.0,0.0,2.0,0,33.04,37.45,66.08,0.0,,,0,0,
test_q4_2024,2024-10-16,1314,LOJA 1314,54554,ALOFF XPE 60ML,88708,C,9,1,2,0.84,5,2.0,0,2.0,0,,2.0,0,0.0,0.0,2.5,0.0,0.0,0.0,2.0,0,33.04,37.45,66.08,0.0,,,0,0,
test_q4_2024,2024-10-17,1314,LOJA 1314,54554,ALOFF XPE 60ML,88708,C,9,1,2,0.84,5,2.0,0,2.0,0,,2.0,0,0.0,0.0,2.5,0.0,0.0,0.0,2.0,0,33.04,37.45,66.08,0.0,,,0,0,
test_q4_2024,2024-10-18,1314,LOJA 1314,54554,ALOFF XPE 60ML,88708,C,9,1,2,0.84,5,2.0,0,2.0,0,,2.0,0,0.0,0.0,2.5,0.0,0.0,0.0,2.0,0,33.04,37.45,66.08,0.0,,,0,0,
test_q4_2024,2024-10-19,1314,LOJA 1314,54554,ALOFF XPE 60ML,88708,C,9,1,2,0.84,5,2.0,0,2.0,0,,2.0,0,0.0,0.0,2.5,0.0,0.0,0.0,2.0,0,33.04,37.45,66.08,0.0,,,0,0,
test_q4_2024,2024-10-20,1314,LOJA 1314,54554,ALOFF XPE 60ML,88708,C,9,1,2,0.84,5,2.0,0,2.0,0,,2.0,0,0.0,0.0,2.5,0.0,0.0,0.0,2.0,0,33.04,37.45,66.08,0.0,,,0,0,
test_q4_2024,2024-10-21,1314,LOJA 1314,54554,ALOFF XPE 60ML,88708,C,9,1,2,0.84,5,2.0,0,2.0,0,,2.0,0,0.0,0.0,2.5,0.0,0.0,0.0,2.0,0,33.04,37.45,66.08,0.0,,,0,0,
test_q4_2024,2024-10-22,1314,LOJA 1314,54554,ALOFF XPE 60ML,88708,C,9,1,2,0.84,5,2.0,0,2.0,0,,2.0,0,0.0,0.0,2.5,0.0,0.0,0.0,2.0,0,33.04,37.45,66.08,0.0,,,0,0,
test_q4_2024,2024-10-23,1314,LOJA 1314,54554,ALOFF XPE 60ML,88708,C,9,1,2,0.84,5,2.0,0,2.0,0,,2.0,0,0.0,0.0,2.5,0.0,0.0,0.0,2.0,0,33.04,37.45,66.08,0.0,,,0,0,
test_q4_2024,2024-10-24,1314,LOJA 1314,54554,ALOFF XPE 60ML,88708,C,9,1,2,0.84,5,2.0,0,2.0,0,,2.0,0,0.0,0.0,2.5,0.0,0.0,0.0,2.0,0,33.04,37.45,66.08,0.0,,,0,0,
test_q4_2024,2024-10-25,1314,LOJA 1314,54554,ALOFF XPE 60ML,88708,C,9,1,2,0.84,5,2.0,0,2.0,0,,2.0,0,0.0,0.0,2.5,0.0,0.0,0.0,2.0,0,33.04,37.45,66.08,0.0,,,0,0,
test_q4_2024,2024-10-26,1314,LOJA 1314,54554,ALOFF XPE 60ML,88708,C,9,1,2,0.84,5,2.0,0,2.0,0,,2.0,0,0.0,0.0,2.5,0.0,0.0,0.0,2.0,0,33.04,37.45,66.08,0.0,,,0,0,
test_q4_2024,2024-10-27,1314,LOJA 1314,54554,ALOFF XPE 60ML,88708,C,9,1,2,0.84,5,2.0,0,2.0,0,,2.0,0,0.0,0.0,2.5,0.0,0.0,0.0,2.0,0,33.04,37.45,66.08,0.0,,,0,0,
test_q4_2024,2024-10-28,1314,LOJA 1314,54554,ALOFF XPE 60ML,88708,C,9,1,2,0.84,5,2.0,0,2.0,0,,2.0,0,0.0,0.0,2.5,0.0,0.0,0.0,2.0,0,33.04,37.45,66.08,0.0,,,0,0,
test_q4_2024,2024-10-29,1314,LOJA 1314,54554,ALOFF XPE 60ML,88708,C,9,1,2,0.84,5,2.0,0,2.0,0,,2.0,0,0.0,0.0,2.5,0.0,0.0,0.0,2.0,0,33.04,37.45,66.08,0.0,,,0,0,
test_q4_2024,2024-10-30,1314,LOJA 1314,54554,ALOFF XPE 60ML,88708,C,9,1,2,0.84,5,2.0,0,2.0,0,,2.0,0,0.0,0.0,2.5,0.0,0.0,0.0,2.0,0,33.04,37.45,66.08,0.0,,,0,0,
test_q4_2024,2024-10-31,1314,LOJA 1314,54554,ALOFF XPE 60ML,88708,C,9,1,2,0.84,5,2.0,0,2.0,0,,2.0,0,0.0,0.0,2.5,0.0,0.0,0.0,2.0,0,33.04,37.45,66.08,0.0,,,0,0,
test_q4_2024,2024-11-01,1314,LOJA 1314,54554,ALOFF XPE 60ML,88708,C,9,1,2,0.84,5,2.0,0,2.0,0,,2.0,0,0.0,0.0,2.5,0.0,0.0,0.0,2.0,0,33.04,37.45,66.08,0.0,,,0,0,
test_q4_2024,2024-11-02,1314,LOJA 1314,54554,ALOFF XPE 60ML,88708,C,9,1,2,0.84,5,2.0,0,2.0,0,,2.0,0,0.0,0.0,2.5,0.0,0.0,0.0,2.0,0,33.04,37.45,66.08,0.0,,,0,0,
test_q4_2024,2024-11-03,1314,LOJA 1314,54554,ALOFF XPE 60ML,88708,C,9,1,2,0.84,5,2.0,0,2.0,0,,2.0,0,0.0,0.0,2.5,0.0,0.0,0.0,2.0,0,33.04,37.45,66.08,0.0,,,0,0,
test_q4_2024,2024-11-04,1314,LOJA 1314,54554,ALOFF XPE 60ML,88708,C,9,1,2,0.84,5,2.0,0,2.0,0,,2.0,0,0.0,0.0,2.5,0.0,0.0,0.0,2.0,0,33.04,37.45,66.08,0.0,,,0,0,
test_q4_2024,2024-11-05,1314,LOJA 1314,54554,ALOFF XPE 60ML,88708,C,9,1,2,0.84,5,2.0,0,2.0,0,,2.0,0,0.0,0.0,2.5,0.0,0.0,0.0,2.0,0,33.04,37.45,66.08,0.0,,,0,0,
test_q4_2024,2024-11-06,1314,LOJA 1314,54554,ALOFF XPE 60ML,88708,C,9,1,2,0.84,5,2.0,0,2.0,0,,2.0,0,0.0,0.0,2.5,0.0,0.0,0.0,2.0,0,33.04,37.45,66.08,0.0,,,0,0,
test_q4_2024,2024-11-07,1314,LOJA 1314,54554,ALOFF XPE 60ML,88708,C,9,1,2,0.84,5,2.0,0,2.0,0,,2.0,0,0.0,0.0,2.5,0.0,0.0,0.0,2.0,0,33.04,37.45,66.08,0.0,,,0,0,
test_q4_2024,2024-11-08,1314,LOJA 1314,54554,ALOFF XPE 60ML,88708,C,9,1,2,0.84,5,2.0,0,2.0,0,,2.0,0,0.0,0.0,2.5,0.0,0.0,0.0,2.0,0,33.04,37.45,66.08,0.0,,,0,0,
test_q4_2024,2024-11-09,1314,LOJA 1314,54554,ALOFF XPE 60ML,88708,C,9,1,2,0.84,5,2.0,0,2.0,0,,2.0,0,0.0,0.0,2.5,0.0,0.0,0.0,2.0,0,33.04,37.45,66.08,0.0,,,0,0,
test_q4_2024,2024-11-10,1314,LOJA 1314,54554,ALOFF XPE 60ML,88708,C,9,1,2,0.84,5,2.0,0,2.0,0,,2.0,0,0.0,0.0,2.5,0.0,0.0,0.0,2.0,0,33.04,37.45,66.08,0.0,,,0,0,
test_q4_2024,2024-11-11,1314,LOJA 1314,54554,ALOFF XPE 60ML,88708,C,9,1,2,0.84,5,2.0,0,2.0,0,,2.0,0,0.0,0.0,2.5,0.0,0.0,0.0,2.0,0,33.04,37.45,66.08,0.0,,,0,0,
test_q4_2024,2024-11-12,1314,LOJA 1314,54554,ALOFF XPE 60ML,88708,C,9,1,2,0.84,5,2.0,0,2.0,0,,2.0,0,0.0,0.0,2.5,0.0,0.0,0.0,2.0,0,33.04,37.45,66.08,0.0,,,0,0,
test_q4_2024,2024-11-13,1314,LOJA 1314,54554,ALOFF XPE 60ML,88708,C,9,1,2,0.84,5,2.0,0,2.0,0,,2.0,0,0.0,0.0,2.5,0.0,0.0,0.0,2.0,0,33.04,37.45,66.08,0.0,,,0,0,
test_q4_2024,2024-11-14,1314,LOJA 1314,54554,ALOFF XPE 60ML,88708,C,9,1,2,0.84,5,2.0,0,2.0,0,,2.0,0,0.0,0.0,2.5,0.0,0.0,0.0,2.0,0,33.04,37.45,66.08,0.0,,,0,0,
test_q4_2024,2024-11-15,1314,LOJA 1314,54554,ALOFF XPE 60ML,88708,C,9,1,2,0.84,5,2.0,0,2.0,0,,2.0,0,0.0,0.0,2.5,0.0,0.0,0.0,2.0,0,33.04,37.45,66.08,0.0,,,0,0,
test_q4_2024,2024-11-16,1314,LOJA 1314,54554,ALOFF XPE 60ML,88708,C,9,1,2,0.84,5,2.0,0,2.0,0,,2.0,0,0.0,0.0,2.5,0.0,0.0,0.0,2.0,0,33.04,37.45,66.08,0.0,,,0,0,
test_q4_2024,2024-11-17,1314,LOJA 1314,54554,ALOFF XPE 60ML,88708,C,9,1,2,0.84,5,2.0,0,2.0,0,,2.0,0,0.0,0.0,2.5,0.0,0.0,0.0,2.0,0,33.04,37.45,66.08,0.0,,,0,0,
test_q4_2024,2024-11-18,1314,LOJA 1314,54554,ALOFF XPE 60ML,88708,C,9,1,2,0.84,5,2.0,0,2.0,0,,2.0,0,0.0,0.0,2.5,0.0,0.0,0.0,2.0,0,33.04,37.45,66.08,0.0,,,0,0,
test_q4_2024,2024-11-19,1314,LOJA 1314,54554,ALOFF XPE 60ML,88708,C,9,1,2,0.84,5,2.0,0,2.0,0,,2.0,0,0.0,0.0,2.5,0.0,0.0,0.0,2.0,0,33.04,37.45,66.08,0.0,,,0,0,
test_q4_2024,2024-11-20,1314,LOJA 1314,54554,ALOFF XPE 60ML,88708,C,9,1,2,0.84,5,2.0,0,2.0,0,,2.0,0,0.0,0.0,2.5,0.0,0.0,0.0,2.0,0,33.04,37.45,66.08,0.0,,,0,0,
test_q4_2024,2024-11-21,1314,LOJA 1314,54554,ALOFF XPE 60ML,88708,C,9,1,2,0.84,5,2.0,0,2.0,0,,2.0,0,0.0,0.0,2.5,0.0,0.0,0.0,2.0,0,33.04,37.45,66.08,0.0,,,0,0,
test_q4_2024,2024-11-22,1314,LOJA 1314,54554,ALOFF XPE 60ML,88708,C,9,1,2,0.84,5,2.0,0,2.0,0,,2.0,0,0.0,0.0,2.5,0.0,0.0,0.0,2.0,0,33.04,37.45,66.08,0.0,,,0,0,
test_q4_2024,2024-11-23,1314,LOJA 1314,54554,ALOFF XPE 60ML,88708,C,9,1,2,0.84,5,2.0,0,2.0,0,,2.0,0,0.0,0.0,2.5,0.0,0.0,0.0,2.0,0,33.04,37.45,66.08,0.0,,,0,0,
test_q4_2024,2024-11-24,1314,LOJA 1314,54554,ALOFF XPE 60ML,88708,C,9,1,2,0.84,5,2.0,0,2.0,0,,2.0,0,0.0,0.0,2.5,0.0,0.0,0.0,2.0,0,33.04,37.45,66.08,0.0,,,0,0,
test_q4_2024,2024-11-25,1314,LOJA 1314,54554,ALOFF XPE 60ML,88708,C,9,1,2,0.84,5,2.0,0,2.0,0,,2.0,0,0.0,0.0,2.5,0.0,0.0,0.0,2.0,0,33.04,37.45,66.08,0.0,,,0,0,
test_q4_2024,2024-11-26,1314,LOJA 1314,54554,ALOFF XPE 60ML,88708,C,9,1,2,0.84,5,2.0,0,2.0,0,,2.0,0,0.0,0.0,2.5,0.0,0.0,0.0,2.0,0,33.04,37.45,66.08,0.0,,,0,0,
test_q4_2024,2024-11-27,1314,LOJA 1314,54554,ALOFF XPE 60ML,88708,C,9,1,2,0.84,5,2.0,0,2.0,0,,2.0,0,0.0,0.0,2.5,0.0,0.0,0.0,2.0,0,33.04,37.45,66.08,0.0,,,0,0,
test_q4_2024,2024-11-28,1314,LOJA 1314,54554,ALOFF XPE 60ML,88708,C,9,1,2,0.84,5,2.0,0,2.0,0,,2.0,0,0.0,0.0,2.5,0.0,0.0,0.0,2.0,0,33.04,37.45,66.08,0.0,,,0,0,
test_q4_2024,2024-11-29,1314,LOJA 1314,54554,ALOFF XPE 60ML,88708,C,9,1,2,0.84,5,2.0,0,2.0,0,,2.0,0,0.0,0.0,2.5,0.0,0.0,0.0,2.0,0,33.04,37.45,66.08,0.0,,,0,0,
test_q4_2024,2024-11-30,1314,LOJA 1314,54554,ALOFF XPE 60ML,88708,C,9,1,2,0.84,5,2.0,0,2.0,0,,2.0,0,0.0,0.0,2.5,0.0,0.0,0.0,2.0,0,33.04,37.45,66.08,0.0,,,0,0,
test_q4_2024,2024-12-01,1314,LOJA 1314,54554,ALOFF XPE 60ML,88708,C,9,1,2,0.84,5,2.0,0,2.0,0,,2.0,0,0.0,0.0,2.5,0.0,0.0,0.0,2.0,0,33.04,37.45,66.08,0.0,,,0,0,
test_q4_2024,2024-12-02,1314,LOJA 1314,54554,ALOFF XPE 60ML,88708,C,9,1,2,0.84,5,2.0,0,2.0,0,,2.0,0,0.0,0.0,2.5,0.0,0.0,0.0,2.0,0,33.04,37.45,66.08,0.0,,,0,0,
test_q4_2024,2024-12-03,1314,LOJA 1314,54554,ALOFF XPE 60ML,88708,C,9,1,2,0.84,5,2.0,0,2.0,0,,2.0,0,0.0,0.0,2.5,0.0,0.0,0.0,2.0,0,33.04,37.45,66.08,0.0,,,0,0,
test_q4_2024,2024-12-04,1314,LOJA 1314,54554,ALOFF XPE 60ML,88708,C,9,1,2,0.84,5,2.0,0,2.0,0,,2.0,0,0.0,0.0,2.5,0.0,0.0,0.0,2.0,0,33.04,37.45,66.08,0.0,,,0,0,
test_q4_2024,2024-12-05,1314,LOJA 1314,54554,ALOFF XPE 60ML,88708,C,9,1,2,0.84,5,2.0,0,2.0,0,,2.0,0,0.0,0.0,2.5,0.0,0.0,0.0,2.0,0,33.04,37.45,66.08,0.0,,,0,0,
test_q4_2024,2024-12-06,1314,LOJA 1314,54554,ALOFF XPE 60ML,88708,C,9,1,2,0.84,5,2.0,0,2.0,0,,2.0,0,0.0,0.0,2.5,0.0,0.0,0.0,2.0,0,33.04,37.45,66.08,0.0,,,0,0,
test_q4_2024,2024-12-07,1314,LOJA 1314,54554,ALOFF XPE 60ML,88708,C,9,1,2,0.84,5,2.0,0,2.0,0,,2.0,0,0.0,0.0,2.5,0.0,0.0,0.0,2.0,0,33.04,37.45,66.08,0.0,,,0,0,
test_q4_2024,2024-12-08,1314,LOJA 1314,54554,ALOFF XPE 60ML,88708,C,9,1,2,0.84,5,2.0,0,2.0,0,,2.0,0,0.0,0.0,2.5,0.0,0.0,0.0,2.0,0,33.04,37.45,66.08,0.0,,,0,0,
test_q4_2024,2024-12-09,1314,LOJA 1314,54554,ALOFF XPE 60ML,88708,C,9,1,2,0.84,5,2.0,0,2.0,0,,2.0,0,0.0,0.0,2.5,0.0,0.0,0.0,2.0,0,33.04,37.45,66.08,0.0,,,0,0,
test_q4_2024,2024-12-10,1314,LOJA 1314,54554,ALOFF XPE 60ML,88708,C,9,1,2,0.84,5,2.0,0,2.0,0,,2.0,0,0.0,0.0,2.5,0.0,0.0,0.0,2.0,0,33.04,37.45,66.08,0.0,,,0,0,
test_q4_2024,2024-12-11,1314,LOJA 1314,54554,ALOFF XPE 60ML,88708,C,9,1,2,0.84,5,2.0,0,2.0,0,,2.0,0,0.0,0.0,2.5,0.0,0.0,0.0,2.0,0,33.04,37.45,66.08,0.0,,,0,0,
test_q4_2024,2024-12-12,1314,LOJA 1314,54554,ALOFF XPE 60ML,88708,C,9,1,2,0.84,5,2.0,0,2.0,0,,2.0,0,0.0,0.0,2.5,0.0,0.0,0.0,2.0,0,33.04,37.45,66.08,0.0,,,0,0,
test_q4_2024,2024-12-13,1314,LOJA 1314,54554,ALOFF XPE 60ML,88708,C,9,1,2,0.84,5,2.0,0,2.0,0,,2.0,0,0.0,0.0,2.5,0.0,0.0,0.0,2.0,0,33.04,37.45,66.08,0.0,,,0,0,
test_q4_2024,2024-12-14,1314,LOJA 1314,54554,ALOFF XPE 60ML,88708,C,9,1,2,0.84,5,2.0,0,2.0,0,,2.0,0,0.0,0.0,2.5,0.0,0.0,0.0,2.0,0,33.04,37.45,66.08,0.0,,,0,0,
test_q4_2024,2024-12-15,1314,LOJA 1314,54554,ALOFF XPE 60ML,88708,C,9,1,2,0.84,5,2.0,0,2.0,0,,2.0,0,0.0,0.0,2.5,0.0,0.0,0.0,2.0,0,33.04,37.45,66.08,0.0,,,0,0,
test_q4_2024,2024-12-16,1314,LOJA 1314,54554,ALOFF XPE 60ML,88708,C,9,1,2,0.84,5,2.0,0,2.0,0,,2.0,0,0.0,0.0,2.5,0.0,0.0,0.0,2.0,0,33.04,37.45,66.08,0.0,,,0,0,
test_q4_2024,2024-12-17,1314,LOJA 1314,54554,ALOFF XPE 60ML,88708,C,9,1,2,0.84,5,2.0,0,2.0,0,,2.0,0,0.0,0.0,2.5,0.0,0.0,0.0,2.0,0,33.04,37.45,66.08,0.0,,,0,0,
test_q4_2024,2024-12-18,1314,LOJA 1314,54554,ALOFF XPE 60ML,88708,C,9,1,2,0.84,5,2.0,0,2.0,0,,2.0,0,0.0,0.0,2.5,0.0,0.0,0.0,2.0,0,33.04,37.45,66.08,0.0,,,0,0,
test_q4_2024,2024-12-19,1314,LOJA 1314,54554,ALOFF XPE 60ML,88708,C,9,1,2,0.84,5,2.0,0,2.0,0,,2.0,0,0.0,0.0,2.5,0.0,0.0,0.0,2.0,0,33.04,37.45,66.08,0.0,,,0,0,
test_q4_2024,2024-12-20,1314,LOJA 1314,54554,ALOFF XPE 60ML,88708,C,9,1,2,0.84,5,2.0,0,2.0,0,,2.0,0,0.0,0.0,2.5,0.0,0.0,0.0,2.0,0,33.04,37.45,66.08,0.0,,,0,0,
test_q4_2024,2024-12-21,1314,LOJA 1314,54554,ALOFF XPE 60ML,88708,C,9,1,2,0.84,5,2.0,0,2.0,0,,2.0,0,0.0,0.0,2.5,0.0,0.0,0.0,2.0,0,33.04,37.45,66.08,0.0,,,0,0,
test_q4_2024,2024-12-22,1314,LOJA 1314,54554,ALOFF XPE 60ML,88708,C,9,1,2,0.84,5,2.0,0,2.0,0,,2.0,0,0.0,0.0,2.5,0.0,0.0,0.0,2.0,0,33.04,37.45,66.08,0.0,,,0,0,
test_q4_2024,2024-12-23,1314,LOJA 1314,54554,ALOFF XPE 60ML,88708,C,9,1,2,0.84,5,2.0,0,2.0,0,,2.0,0,0.0,0.0,2.5,0.0,0.0,0.0,2.0,0,33.04,37.45,66.08,0.0,,,0,0,
test_q4_2024,2024-12-24,1314,LOJA 1314,54554,ALOFF XPE 60ML,88708,C,9,1,2,0.84,5,2.0,0,2.0,0,,2.0,0,0.0,0.0,2.5,0.0,0.0,0.0,2.0,0,33.04,37.45,66.08,0.0,,,0,0,
test_q4_2024,2024-12-25,1314,LOJA 1314,54554,ALOFF XPE 60ML,88708,C,9,1,2,0.84,5,2.0,0,2.0,0,,2.0,0,0.0,0.0,2.5,0.0,0.0,0.0,2.0,0,33.04,37.45,66.08,0.0,,,0,0,
test_q4_2024,2024-12-26,1314,LOJA 1314,54554,ALOFF XPE 60ML,88708,C,9,1,2,0.84,5,2.0,0,2.0,0,,2.0,0,0.0,0.0,2.5,0.0,0.0,0.0,2.0,0,33.04,37.45,66.08,0.0,,,0,0,
test_q4_2024,2024-12-27,1314,LOJA 1314,54554,ALOFF XPE 60ML,88708,C,9,1,2,0.84,5,2.0,0,2.0,0,,2.0,0,0.0,0.0,2.5,0.0,0.0,0.0,2.0,0,33.04,37.45,66.08,0.0,,,0,0,
test_q4_2024,2024-12-28,1314,LOJA 1314,54554,ALOFF XPE 60ML,88708,C,9,1,2,0.84,5,2.0,0,2.0,0,,2.0,0,0.0,0.0,2.5,0.0,0.0,0.0,2.0,0,33.04,37.45,66.08,0.0,,,0,0,
test_q4_2024,2024-12-29,1314,LOJA 1314,54554,ALOFF XPE 60ML,88708,C,9,1,2,0.84,5,2.0,0,2.0,0,,2.0,0,0.0,0.0,2.5,0.0,0.0,0.0,2.0,0,33.04,37.45,66.08,0.0,,,0,0,
test_q4_2024,2024-12-30,1314,LOJA 1314,54554,ALOFF XPE 60ML,88708,C,9,1,2,0.84,5,2.0,0,2.0,0,,2.0,0,0.0,0.0,2.5,0.0,0.0,0.0,2.0,0,33.04,37.45,66.08,0.0,,,0,0,
test_q4_2024,2024-12-31,1314,LOJA 1314,54554,ALOFF XPE 60ML,88708,C,9,1,2,0.84,5,2.0,0,2.0,0,,2.0,0,0.0,0.0,2.5,0.0,0.0,0.0,2.0,0,33.04,37.45,66.08,0.0,,,0,0,
test_q4_2024,2024-10-01,1314,LOJA 1314,55917,POLARATUSS LIQ 120ML,29532,C,9,1,2,0.84,5,2.0,0,2.0,0,,2.0,0,0.0,0.0,2.5,0.0,0.0,0.0,2.0,0,29.53,33.44,59.06,0.0,,,0,0,
test_q4_2024,2024-10-02,1314,LOJA 1314,55917,POLARATUSS LIQ 120ML,29532,C,9,1,2,0.84,5,2.0,0,2.0,0,,2.0,0,0.0,0.0,2.5,0.0,0.0,0.0,2.0,0,29.53,33.44,59.06,0.0,,,0,0,
test_q4_2024,2024-10-03,1314,LOJA 1314,55917,POLARATUSS LIQ 120ML,29532,C,9,1,2,0.84,5,2.0,0,2.0,0,,2.0,0,0.0,0.0,2.5,0.0,0.0,0.0,2.0,0,29.53,33.44,59.06,0.0,,,0,0,
test_q4_2024,2024-10-04,1314,LOJA 1314,55917,POLARATUSS LIQ 120ML,29532,C,9,1,2,0.84,5,2.0,0,2.0,0,,2.0,0,0.0,0.0,2.5,0.0,0.0,0.0,2.0,0,29.53,33.44,59.06,0.0,,,0,0,
test_q4_2024,2024-10-05,1314,LOJA 1314,55917,POLARATUSS LIQ 120ML,29532,C,9,1,2,0.84,5,2.0,0,2.0,0,,2.0,0,0.0,0.0,2.5,0.0,0.0,0.0,2.0,0,29.53,33.44,59.06,0.0,,,0,0,
test_q4_2024,2024-10-06,1314,LOJA 1314,55917,POLARATUSS LIQ 120ML,29532,C,9,1,2,0.84,5,2.0,0,2.0,0,,2.0,0,0.0,0.0,2.5,0.0,0.0,0.0,2.0,0,29.53,33.44,59.06,0.0,,,0,0,
test_q4_2024,2024-10-07,1314,LOJA 1314,55917,POLARATUSS LIQ 120ML,29532,C,9,1,2,0.84,5,2.0,0,2.0,0,,2.0,0,0.0,0.0,2.5,0.0,0.0,0.0,2.0,0,29.53,33.44,59.06,0.0,,,0,0,
test_q4_2024,2024-10-08,1314,LOJA 1314,55917,POLARATUSS LIQ 120ML,29532,C,9,1,2,0.84,5,2.0,0,2.0,0,,2.0,0,0.0,0.0,2.5,0.0,0.0,0.0,2.0,0,29.53,33.44,59.06,0.0,,,0,0,
test_q4_2024,2024-10-09,1314,LOJA 1314,55917,POLARATUSS LIQ 120ML,29532,C,9,1,2,0.84,5,2.0,0,2.0,0,,2.0,0,0.0,0.0,2.5,0.0,0.0,0.0,2.0,0,29.53,33.44,59.06,0.0,,,0,0,
test_q4_2024,2024-10-10,1314,LOJA 1314,55917,POLARATUSS LIQ 120ML,29532,C,9,1,2,0.84,5,2.0,0,2.0,0,,2.0,0,0.0,0.0,2.5,0.0,0.0,0.0,2.0,0,29.53,33.44,59.06,0.0,,,0,0,
test_q4_2024,2024-10-11,1314,LOJA 1314,55917,POLARATUSS LIQ 120ML,29532,C,9,1,2,0.84,5,2.0,0,2.0,0,,2.0,0,0.0,0.0,2.5,0.0,0.0,0.0,2.0,0,29.53,33.44,59.06,0.0,,,0,0,
test_q4_2024,2024-10-12,1314,LOJA 1314,55917,POLARATUSS LIQ 120ML,29532,C,9,1,2,0.84,5,2.0,0,2.0,0,,2.0,0,0.0,0.0,2.5,0.0,0.0,0.0,2.0,0,29.53,33.44,59.06,0.0,,,0,0,
test_q4_2024,2024-10-13,1314,LOJA 1314,55917,POLARATUSS LIQ 120ML,29532,C,9,1,2,0.84,5,2.0,0,2.0,0,,2.0,0,0.0,0.0,2.5,0.0,0.0,0.0,2.0,0,29.53,33.44,59.06,0.0,,,0,0,
test_q4_2024,2024-10-14,1314,LOJA 1314,55917,POLARATUSS LIQ 120ML,29532,C,9,1,2,0.84,5,2.0,0,2.0,0,,2.0,0,0.0,0.0,2.5,0.0,0.0,0.0,2.0,0,29.53,33.44,59.06,0.0,,,0,0,
test_q4_2024,2024-10-15,1314,LOJA 1314,55917,POLARATUSS LIQ 120ML,29532,C,9,1,2,0.84,5,2.0,0,2.0,0,,2.0,0,0.0,0.0,2.5,0.0,0.0,0.0,2.0,0,29.53,33.44,59.06,0.0,,,0,0,
test_q4_2024,2024-10-16,1314,LOJA 1314,55917,POLARATUSS LIQ 120ML,29532,C,9,1,2,0.84,5,2.0,0,2.0,0,,2.0,0,0.0,0.0,2.5,0.0,0.0,0.0,2.0,0,29.53,33.44,59.06,0.0,,,0,0,
test_q4_2024,2024-10-17,1314,LOJA 1314,55917,POLARATUSS LIQ 120ML,29532,C,9,1,2,0.84,5,2.0,0,2.0,0,,2.0,0,0.0,0.0,2.5,0.0,0.0,0.0,2.0,0,29.53,33.44,59.06,0.0,,,0,0,
test_q4_2024,2024-10-18,1314,LOJA 1314,55917,POLARATUSS LIQ 120ML,29532,C,9,1,2,0.84,5,2.0,0,2.0,0,,2.0,0,0.0,0.0,2.5,0.0,0.0,0.0,2.0,0,29.53,33.44,59.06,0.0,,,0,0,
test_q4_2024,2024-10-19,1314,LOJA 1314,55917,POLARATUSS LIQ 120ML,29532,C,9,1,2,0.84,5,2.0,0,2.0,0,,2.0,0,0.0,0.0,2.5,0.0,0.0,0.0,2.0,0,29.53,33.44,59.06,0.0,,,0,0,
test_q4_2024,2024-10-20,1314,LOJA 1314,55917,POLARATUSS LIQ 120ML,29532,C,9,1,2,0.84,5,2.0,0,2.0,0,,2.0,0,0.0,0.0,2.5,0.0,0.0,0.0,2.0,0,29.53,33.44,59.06,0.0,,,0,0,
test_q4_2024,2024-10-21,1314,LOJA 1314,55917,POLARATUSS LIQ 120ML,29532,C,9,1,2,0.84,5,2.0,0,2.0,0,,2.0,0,0.0,0.0,2.5,0.0,0.0,0.0,2.0,0,29.53,33.44,59.06,0.0,,,0,0,
test_q4_2024,2024-10-22,1314,LOJA 1314,55917,POLARATUSS LIQ 120ML,29532,C,9,1,2,0.84,5,2.0,0,2.0,0,,2.0,0,0.0,0.0,2.5,0.0,0.0,0.0,2.0,0,29.53,33.44,59.06,0.0,,,0,0,
test_q4_2024,2024-10-23,1314,LOJA 1314,55917,POLARATUSS LIQ 120ML,29532,C,9,1,2,0.84,5,2.0,0,2.0,0,,2.0,0,0.0,0.0,2.5,0.0,0.0,0.0,2.0,0,29.53,33.44,59.06,0.0,,,0,0,
test_q4_2024,2024-10-24,1314,LOJA 1314,55917,POLARATUSS LIQ 120ML,29532,C,9,1,2,0.84,5,2.0,0,2.0,0,,2.0,0,0.0,0.0,2.5,0.0,0.0,0.0,2.0,0,29.53,33.44,59.06,0.0,,,0,0,
test_q4_2024,2024-10-25,1314,LOJA 1314,55917,POLARATUSS LIQ 120ML,29532,C,9,1,2,0.84,5,2.0,0,2.0,0,,2.0,0,0.0,0.0,2.5,0.0,0.0,0.0,2.0,0,29.53,33.44,59.06,0.0,,,0,0,
test_q4_2024,2024-10-26,1314,LOJA 1314,55917,POLARATUSS LIQ 120ML,29532,C,9,1,2,0.84,5,2.0,0,2.0,0,,2.0,0,0.0,0.0,2.5,0.0,0.0,0.0,2.0,0,29.53,33.44,59.06,0.0,,,0,0,
test_q4_2024,2024-10-27,1314,LOJA 1314,55917,POLARATUSS LIQ 120ML,29532,C,9,1,2,0.84,5,2.0,0,2.0,0,,2.0,0,0.0,0.0,2.5,0.0,0.0,0.0,2.0,0,29.53,33.44,59.06,0.0,,,0,0,
test_q4_2024,2024-10-28,1314,LOJA 1314,55917,POLARATUSS LIQ 120ML,29532,C,9,1,2,0.84,5,2.0,0,2.0,0,,2.0,0,0.0,0.0,2.5,0.0,0.0,0.0,2.0,0,29.53,33.44,59.06,0.0,,,0,0,
test_q4_2024,2024-10-29,1314,LOJA 1314,55917,POLARATUSS LIQ 120ML,29532,C,9,1,2,0.84,5,2.0,0,2.0,0,,2.0,0,0.0,0.0,2.5,0.0,0.0,0.0,2.0,0,29.53,33.44,59.06,0.0,,,0,0,
test_q4_2024,2024-10-30,1314,LOJA 1314,55917,POLARATUSS LIQ 120ML,29532,C,9,1,2,0.84,5,2.0,0,2.0,0,,2.0,0,0.0,0.0,2.5,0.0,0.0,0.0,2.0,0,29.53,33.44,59.06,0.0,,,0,0,
test_q4_2024,2024-10-31,1314,LOJA 1314,55917,POLARATUSS LIQ 120ML,29532,C,9,1,2,0.84,5,2.0,0,2.0,0,,2.0,0,0.0,0.0,2.5,0.0,0.0,0.0,2.0,0,29.53,33.44,59.06,0.0,,,0,0,
test_q4_2024,2024-11-01,1314,LOJA 1314,55917,POLARATUSS LIQ 120ML,29532,C,9,1,2,0.84,5,2.0,0,2.0,0,,2.0,0,0.0,0.0,2.5,0.0,0.0,0.0,2.0,0,29.53,33.44,59.06,0.0,,,0,0,
test_q4_2024,2024-11-02,1314,LOJA 1314,55917,POLARATUSS LIQ 120ML,29532,C,9,1,2,0.84,5,2.0,0,2.0,0,,2.0,0,0.0,0.0,2.5,0.0,0.0,0.0,2.0,0,29.53,33.44,59.06,0.0,,,0,0,
test_q4_2024,2024-11-03,1314,LOJA 1314,55917,POLARATUSS LIQ 120ML,29532,C,9,1,2,0.84,5,2.0,0,2.0,0,,2.0,0,0.0,0.0,2.5,0.0,0.0,0.0,2.0,0,29.53,33.44,59.06,0.0,,,0,0,
test_q4_2024,2024-11-04,1314,LOJA 1314,55917,POLARATUSS LIQ 120ML,29532,C,9,1,2,0.84,5,2.0,0,2.0,0,,2.0,0,0.0,0.0,2.5,0.0,0.0,0.0,2.0,0,29.53,33.44,59.06,0.0,,,0,0,
test_q4_2024,2024-11-05,1314,LOJA 1314,55917,POLARATUSS LIQ 120ML,29532,C,9,1,2,0.84,5,2.0,0,2.0,0,,2.0,0,0.0,0.0,2.5,0.0,0.0,0.0,2.0,0,29.53,33.44,59.06,0.0,,,0,0,
test_q4_2024,2024-11-06,1314,LOJA 1314,55917,POLARATUSS LIQ 120ML,29532,C,9,1,2,0.84,5,2.0,0,2.0,0,,2.0,0,0.0,0.0,2.5,0.0,0.0,0.0,2.0,0,29.53,33.44,59.06,0.0,,,0,0,
test_q4_2024,2024-11-07,1314,LOJA 1314,55917,POLARATUSS LIQ 120ML,29532,C,9,1,2,0.84,5,2.0,0,2.0,0,,2.0,0,0.0,0.0,2.5,0.0,0.0,0.0,2.0,0,29.53,33.44,59.06,0.0,,,0,0,
test_q4_2024,2024-11-08,1314,LOJA 1314,55917,POLARATUSS LIQ 120ML,29532,C,9,1,2,0.84,5,2.0,0,2.0,0,,2.0,0,0.0,0.0,2.5,0.0,0.0,0.0,2.0,0,29.53,33.44,59.06,0.0,,,0,0,
test_q4_2024,2024-11-09,1314,LOJA 1314,55917,POLARATUSS LIQ 120ML,29532,C,9,1,2,0.84,5,2.0,0,2.0,0,,2.0,0,0.0,0.0,2.5,0.0,0.0,0.0,2.0,0,29.53,33.44,59.06,0.0,,,0,0,
test_q4_2024,2024-11-10,1314,LOJA 1314,55917,POLARATUSS LIQ 120ML,29532,C,9,1,2,0.84,5,2.0,0,2.0,0,,2.0,0,0.0,0.0,2.5,0.0,0.0,0.0,2.0,0,29.53,33.44,59.06,0.0,,,0,0,
test_q4_2024,2024-11-11,1314,LOJA 1314,55917,POLARATUSS LIQ 120ML,29532,C,9,1,2,0.84,5,2.0,0,2.0,0,,2.0,0,0.0,0.0,2.5,0.0,0.0,0.0,2.0,0,29.53,33.44,59.06,0.0,,,0,0,
test_q4_2024,2024-11-12,1314,LOJA 1314,55917,POLARATUSS LIQ 120ML,29532,C,9,1,2,0.84,5,2.0,0,2.0,0,,2.0,0,0.0,0.0,2.5,0.0,0.0,0.0,2.0,0,29.53,33.44,59.06,0.0,,,0,0,
test_q4_2024,2024-11-13,1314,LOJA 1314,55917,POLARATUSS LIQ 120ML,29532,C,9,1,2,0.84,5,2.0,0,2.0,0,,2.0,0,0.0,0.0,2.5,0.0,0.0,0.0,2.0,0,29.53,33.44,59.06,0.0,,,0,0,
test_q4_2024,2024-11-14,1314,LOJA 1314,55917,POLARATUSS LIQ 120ML,29532,C,9,1,2,0.84,5,2.0,0,2.0,0,,2.0,0,0.0,0.0,2.5,0.0,0.0,0.0,2.0,0,29.53,33.44,59.06,0.0,,,0,0,
test_q4_2024,2024-11-15,1314,LOJA 1314,55917,POLARATUSS LIQ 120ML,29532,C,9,1,2,0.84,5,2.0,0,2.0,0,,2.0,0,0.0,0.0,2.5,0.0,0.0,0.0,2.0,0,29.53,33.44,59.06,0.0,,,0,0,
test_q4_2024,2024-11-16,1314,LOJA 1314,55917,POLARATUSS LIQ 120ML,29532,C,9,1,2,0.84,5,2.0,0,2.0,0,,2.0,0,0.0,0.0,2.5,0.0,0.0,0.0,2.0,0,29.53,33.44,59.06,0.0,,,0,0,
test_q4_2024,2024-11-17,1314,LOJA 1314,55917,POLARATUSS LIQ 120ML,29532,C,9,1,2,0.84,5,2.0,0,2.0,0,,2.0,0,0.0,0.0,2.5,0.0,0.0,0.0,2.0,0,29.53,33.44,59.06,0.0,,,0,0,
test_q4_2024,2024-11-18,1314,LOJA 1314,55917,POLARATUSS LIQ 120ML,29532,C,9,1,2,0.84,5,2.0,0,2.0,0,,2.0,0,0.0,0.0,2.5,0.0,0.0,0.0,2.0,0,29.53,33.44,59.06,0.0,,,0,0,
test_q4_2024,2024-11-19,1314,LOJA 1314,55917,POLARATUSS LIQ 120ML,29532,C,9,1,2,0.84,5,2.0,0,2.0,0,,2.0,0,0.0,0.0,2.5,0.0,0.0,0.0,2.0,0,29.53,33.44,59.06,0.0,,,0,0,
test_q4_2024,2024-11-20,1314,LOJA 1314,55917,POLARATUSS LIQ 120ML,29532,C,9,1,2,0.84,5,2.0,0,2.0,0,,2.0,0,0.0,0.0,2.5,0.0,0.0,0.0,2.0,0,29.53,33.44,59.06,0.0,,,0,0,
test_q4_2024,2024-11-21,1314,LOJA 1314,55917,POLARATUSS LIQ 120ML,29532,C,9,1,2,0.84,5,2.0,0,2.0,0,,2.0,0,0.0,0.0,2.5,0.0,0.0,0.0,2.0,0,29.53,33.44,59.06,0.0,,,0,0,
test_q4_2024,2024-11-22,1314,LOJA 1314,55917,POLARATUSS LIQ 120ML,29532,C,9,1,2,0.84,5,2.0,0,2.0,0,,2.0,0,0.0,0.0,2.5,0.0,0.0,0.0,2.0,0,29.53,33.44,59.06,0.0,,,0,0,
test_q4_2024,2024-11-23,1314,LOJA 1314,55917,POLARATUSS LIQ 120ML,29532,C,9,1,2,0.84,5,2.0,0,2.0,0,,2.0,0,0.0,0.0,2.5,0.0,0.0,0.0,2.0,0,29.53,33.44,59.06,0.0,,,0,0,
test_q4_2024,2024-11-24,1314,LOJA 1314,55917,POLARATUSS LIQ 120ML,29532,C,9,1,2,0.84,5,2.0,0,2.0,0,,2.0,0,0.0,0.0,2.5,0.0,0.0,0.0,2.0,0,29.53,33.44,59.06,0.0,,,0,0,
test_q4_2024,2024-11-25,1314,LOJA 1314,55917,POLARATUSS LIQ 120ML,29532,C,9,1,2,0.84,5,2.0,0,2.0,0,,2.0,0,0.0,0.0,2.5,0.0,0.0,0.0,2.0,0,29.53,33.44,59.06,0.0,,,0,0,
test_q4_2024,2024-11-26,1314,LOJA 1314,55917,POLARATUSS LIQ 120ML,29532,C,9,1,2,0.84,5,2.0,0,2.0,0,,2.0,0,0.0,0.0,2.5,0.0,0.0,0.0,2.0,0,29.53,33.44,59.06,0.0,,,0,0,
test_q4_2024,2024-11-27,1314,LOJA 1314,55917,POLARATUSS LIQ 120ML,29532,C,9,1,2,0.84,5,2.0,0,2.0,0,,2.0,0,0.0,0.0,2.5,0.0,0.0,0.0,2.0,0,29.53,33.44,59.06,0.0,,,0,0,
test_q4_2024,2024-11-28,1314,LOJA 1314,55917,POLARATUSS LIQ 120ML,29532,C,9,1,2,0.84,5,2.0,0,2.0,0,,2.0,0,0.0,0.0,2.5,0.0,0.0,0.0,2.0,0,29.53,33.44,59.06,0.0,,,0,0,
test_q4_2024,2024-11-29,1314,LOJA 1314,55917,POLARATUSS LIQ 120ML,29532,C,9,1,2,0.84,5,2.0,0,2.0,0,,2.0,0,0.0,0.0,2.5,0.0,0.0,0.0,2.0,0,29.53,33.44,59.06,0.0,,,0,0,
test_q4_2024,2024-11-30,1314,LOJA 1314,55917,POLARATUSS LIQ 120ML,29532,C,9,1,2,0.84,5,2.0,0,2.0,0,,2.0,0,0.0,0.0,2.5,0.0,0.0,0.0,2.0,0,29.53,33.44,59.06,0.0,,,0,0,
test_q4_2024,2024-12-01,1314,LOJA 1314,55917,POLARATUSS LIQ 120ML,29532,C,9,1,2,0.84,5,2.0,0,2.0,0,,2.0,0,0.0,0.0,2.5,0.0,0.0,0.0,2.0,0,29.53,33.44,59.06,0.0,,,0,0,
test_q4_2024,2024-12-02,1314,LOJA 1314,55917,POLARATUSS LIQ 120ML,29532,C,9,1,2,0.84,5,2.0,0,2.0,0,,2.0,0,0.0,0.0,2.5,0.0,0.0,0.0,2.0,0,29.53,33.44,59.06,0.0,,,0,0,
test_q4_2024,2024-12-03,1314,LOJA 1314,55917,POLARATUSS LIQ 120ML,29532,C,9,1,2,0.84,5,2.0,0,2.0,0,,2.0,0,0.0,0.0,2.5,0.0,0.0,0.0,2.0,0,29.53,33.44,59.06,0.0,,,0,0,
test_q4_2024,2024-12-04,1314,LOJA 1314,55917,POLARATUSS LIQ 120ML,29532,C,9,1,2,0.84,5,2.0,0,2.0,0,,2.0,0,0.0,0.0,2.5,0.0,0.0,0.0,2.0,0,29.53,33.44,59.06,0.0,,,0,0,
test_q4_2024,2024-12-05,1314,LOJA 1314,55917,POLARATUSS LIQ 120ML,29532,C,9,1,2,0.84,5,2.0,0,2.0,0,,2.0,0,0.0,0.0,2.5,0.0,0.0,0.0,2.0,0,29.53,33.44,59.06,0.0,,,0,0,
test_q4_2024,2024-12-06,1314,LOJA 1314,55917,POLARATUSS LIQ 120ML,29532,C,9,1,2,0.84,5,2.0,0,2.0,0,,2.0,0,0.0,0.0,2.5,0.0,0.0,0.0,2.0,0,29.53,33.44,59.06,0.0,,,0,0,
test_q4_2024,2024-12-07,1314,LOJA 1314,55917,POLARATUSS LIQ 120ML,29532,C,9,1,2,0.84,5,2.0,0,2.0,0,,2.0,0,0.0,0.0,2.5,0.0,0.0,0.0,2.0,0,29.53,33.44,59.06,0.0,,,0,0,
test_q4_2024,2024-12-08,1314,LOJA 1314,55917,POLARATUSS LIQ 120ML,29532,C,9,1,2,0.84,5,2.0,0,2.0,0,,2.0,0,0.0,0.0,2.5,0.0,0.0,0.0,2.0,0,29.53,33.44,59.06,0.0,,,0,0,
test_q4_2024,2024-12-09,1314,LOJA 1314,55917,POLARATUSS LIQ 120ML,29532,C,9,1,2,0.84,5,2.0,0,2.0,0,,2.0,0,0.0,0.0,2.5,0.0,0.0,0.0,2.0,0,29.53,33.44,59.06,0.0,,,0,0,
test_q4_2024,2024-12-10,1314,LOJA 1314,55917,POLARATUSS LIQ 120ML,29532,C,9,1,2,0.84,5,2.0,0,2.0,0,,2.0,0,0.0,0.0,2.5,0.0,0.0,0.0,2.0,0,29.53,33.44,59.06,0.0,,,0,0,
test_q4_2024,2024-12-11,1314,LOJA 1314,55917,POLARATUSS LIQ 120ML,29532,C,9,1,2,0.84,5,2.0,0,2.0,0,,2.0,0,0.0,0.0,2.5,0.0,0.0,0.0,2.0,0,29.53,33.44,59.06,0.0,,,0,0,
test_q4_2024,2024-12-12,1314,LOJA 1314,55917,POLARATUSS LIQ 120ML,29532,C,9,1,2,0.84,5,2.0,0,2.0,0,,2.0,0,0.0,0.0,2.5,0.0,0.0,0.0,2.0,0,29.53,33.44,59.06,0.0,,,0,0,
test_q4_2024,2024-12-13,1314,LOJA 1314,55917,POLARATUSS LIQ 120ML,29532,C,9,1,2,0.84,5,2.0,0,2.0,0,,2.0,0,0.0,0.0,2.5,0.0,0.0,0.0,2.0,0,29.53,33.44,59.06,0.0,,,0,0,
test_q4_2024,2024-12-14,1314,LOJA 1314,55917,POLARATUSS LIQ 120ML,29532,C,9,1,2,0.84,5,2.0,0,2.0,0,,2.0,0,0.0,0.0,2.5,0.0,0.0,0.0,2.0,0,29.53,33.44,59.06,0.0,,,0,0,
test_q4_2024,2024-12-15,1314,LOJA 1314,55917,POLARATUSS LIQ 120ML,29532,C,9,1,2,0.84,5,2.0,0,2.0,0,,2.0,0,0.0,0.0,2.5,0.0,0.0,0.0,2.0,0,29.53,33.44,59.06,0.0,,,0,0,
test_q4_2024,2024-12-16,1314,LOJA 1314,55917,POLARATUSS LIQ 120ML,29532,C,9,1,2,0.84,5,2.0,0,2.0,0,,2.0,0,0.0,0.0,2.5,0.0,0.0,0.0,2.0,0,29.53,33.44,59.06,0.0,,,0,0,
test_q4_2024,2024-12-17,1314,LOJA 1314,55917,POLARATUSS LIQ 120ML,29532,C,9,1,2,0.84,5,2.0,0,2.0,0,,2.0,0,0.0,0.0,2.5,0.0,0.0,0.0,2.0,0,29.53,33.44,59.06,0.0,,,0,0,
test_q4_2024,2024-12-18,1314,LOJA 1314,55917,POLARATUSS LIQ 120ML,29532,C,9,1,2,0.84,5,2.0,0,2.0,0,,2.0,0,0.0,0.0,2.5,0.0,0.0,0.0,2.0,0,29.53,33.44,59.06,0.0,,,0,0,
test_q4_2024,2024-12-19,1314,LOJA 1314,55917,POLARATUSS LIQ 120ML,29532,C,9,1,2,0.84,5,2.0,0,2.0,0,,2.0,0,0.0,0.0,2.5,0.0,0.0,0.0,2.0,0,29.53,33.44,59.06,0.0,,,0,0,
test_q4_2024,2024-12-20,1314,LOJA 1314,55917,POLARATUSS LIQ 120ML,29532,C,9,1,2,0.84,5,2.0,0,2.0,0,,2.0,0,0.0,0.0,2.5,0.0,0.0,0.0,2.0,0,29.53,33.44,59.06,0.0,,,0,0,
test_q4_2024,2024-12-21,1314,LOJA 1314,55917,POLARATUSS LIQ 120ML,29532,C,9,1,2,0.84,5,2.0,0,2.0,0,,2.0,0,0.0,0.0,2.5,0.0,0.0,0.0,2.0,0,29.53,33.44,59.06,0.0,,,0,0,
test_q4_2024,2024-12-22,1314,LOJA 1314,55917,POLARATUSS LIQ 120ML,29532,C,9,1,2,0.84,5,2.0,0,2.0,0,,2.0,0,0.0,0.0,2.5,0.0,0.0,0.0,2.0,0,29.53,33.44,59.06,0.0,,,0,0,
test_q4_2024,2024-12-23,1314,LOJA 1314,55917,POLARATUSS LIQ 120ML,29532,C,9,1,2,0.84,5,2.0,0,2.0,0,,2.0,0,0.0,0.0,2.5,0.0,0.0,0.0,2.0,0,29.53,33.44,59.06,0.0,,,0,0,
test_q4_2024,2024-12-24,1314,LOJA 1314,55917,POLARATUSS LIQ 120ML,29532,C,9,1,2,0.84,5,2.0,0,2.0,0,,2.0,0,0.0,0.0,2.5,0.0,0.0,0.0,2.0,0,29.53,33.44,59.06,0.0,,,0,0,
test_q4_2024,2024-12-25,1314,LOJA 1314,55917,POLARATUSS LIQ 120ML,29532,C,9,1,2,0.84,5,2.0,0,2.0,0,,2.0,0,0.0,0.0,2.5,0.0,0.0,0.0,2.0,0,29.53,33.44,59.06,0.0,,,0,0,
test_q4_2024,2024-12-26,1314,LOJA 1314,55917,POLARATUSS LIQ 120ML,29532,C,9,1,2,0.84,5,2.0,0,2.0,0,,2.0,0,0.0,0.0,2.5,0.0,0.0,0.0,2.0,0,29.53,33.44,59.06,0.0,,,0,0,
test_q4_2024,2024-12-27,1314,LOJA 1314,55917,POLARATUSS LIQ 120ML,29532,C,9,1,2,0.84,5,2.0,0,2.0,0,,2.0,0,0.0,0.0,2.5,0.0,0.0,0.0,2.0,0,29.53,33.44,59.06,0.0,,,0,0,
test_q4_2024,2024-12-28,1314,LOJA 1314,55917,POLARATUSS LIQ 120ML,29532,C,9,1,2,0.84,5,2.0,0,2.0,0,,2.0,0,0.0,0.0,2.5,0.0,0.0,0.0,2.0,0,29.53,33.44,59.06,0.0,,,0,0,
test_q4_2024,2024-12-29,1314,LOJA 1314,55917,POLARATUSS LIQ 120ML,29532,C,9,1,2,0.84,5,2.0,0,2.0,0,,2.0,0,0.0,0.0,2.5,0.0,0.0,0.0,2.0,0,29.53,33.44,59.06,0.0,,,0,0,
test_q4_2024,2024-12-30,1314,LOJA 1314,55917,POLARATUSS LIQ 120ML,29532,C,9,1,2,0.84,5,2.0,0,2.0,0,,2.0,0,0.0,0.0,2.5,0.0,0.0,0.0,2.0,0,29.53,33.44,59.06,0.0,,,0,0,
test_q4_2024,2024-12-31,1314,LOJA 1314,55917,POLARATUSS LIQ 120ML,29532,C,9,1,2,0.84,5,2.0,0,2.0,0,,2.0,0,0.0,0.0,2.5,0.0,0.0,0.0,2.0,0,29.53,33.44,59.06,0.0,,,0,0,
test_q4_2024,2024-10-01,1314,LOJA 1314,57814,OSELTAMIVIR 75MG CAPS/10 GN-NATCOF,105913,B,9,1,2,0.84,5,1.0,0,2.0,0,,2.0,1,0.0161,0.1856,1.0,0.0,0.0,0.0,1.0,0,175.88,193.1,175.88,0.0,1.0,175.88,0,1,PAGUE E LEVE
test_q4_2024,2024-10-02,1314,LOJA 1314,57814,OSELTAMIVIR 75MG CAPS/10 GN-NATCOF,105913,B,9,1,2,0.84,5,1.0,0,2.0,0,,2.0,1,0.0598,0.1856,1.0,0.0,0.0,0.0,1.0,0,175.88,193.1,175.88,0.0,2.0,351.76,0,0,
test_q4_2024,2024-10-03,1314,LOJA 1314,57814,OSELTAMIVIR 75MG CAPS/10 GN-NATCOF,105913,B,9,1,2,0.84,5,1.0,0,2.0,0,,2.0,1,0.0161,0.1856,1.0,0.0,0.0,0.0,1.0,0,175.88,193.1,175.88,0.0,2.0,351.76,0,0,
test_q4_2024,2024-10-04,1314,LOJA 1314,57814,OSELTAMIVIR 75MG CAPS/10 GN-NATCOF,105913,B,9,1,2,0.84,5,1.0,0,2.0,0,,2.0,1,0.0161,0.1856,1.0,0.0,0.0,0.0,1.0,0,175.88,193.1,175.88,0.0,2.0,351.76,0,1,PAGUE E LEVE
test_q4_2024,2024-10-05,1314,LOJA 1314,57814,OSELTAMIVIR 75MG CAPS/10 GN-NATCOF,105913,B,9,1,2,0.84,5,2.0,1,2.0,0,,2.0,0,0.0161,0.1856,1.0,0.0,0.0,0.0,2.0,0,175.88,193.1,351.76,0.0,2.0,351.76,0,0,
test_q4_2024,2024-10-06,1314,LOJA 1314,57814,OSELTAMIVIR 75MG CAPS/10 GN-NATCOF,105913,B,9,1,2,0.84,5,2.0,0,2.0,0,,2.0,0,0.0161,0.1856,1.0,0.0,0.0,0.0,2.0,0,175.88,193.1,351.76,0.0,,,0,0,
test_q4_2024,2024-10-07,1314,LOJA 1314,57814,OSELTAMIVIR 75MG CAPS/10 GN-NATCOF,105913,B,9,1,2,0.84,5,2.0,0,2.0,0,,2.0,0,0.0598,0.1856,1.0,0.0,0.0,0.0,2.0,0,175.88,193.1,351.76,0.0,2.0,351.76,0,0,
test_q4_2024,2024-10-08,1314,LOJA 1314,57814,OSELTAMIVIR 75MG CAPS/10 GN-NATCOF,105913,B,9,1,2,0.84,5,2.0,0,2.0,0,,2.0,0,0.0161,0.1856,1.0,0.0,0.0,0.0,2.0,0,175.88,193.1,351.76,0.0,2.0,351.76,0,0,
test_q4_2024,2024-10-09,1314,LOJA 1314,57814,OSELTAMIVIR 75MG CAPS/10 GN-NATCOF,105913,B,9,1,2,0.84,5,2.0,0,2.0,0,,2.0,0,0.0598,0.1856,1.0,0.0,0.0,0.0,2.0,0,175.88,193.1,351.76,0.0,2.0,351.76,0,0,
test_q4_2024,2024-10-10,1314,LOJA 1314,57814,OSELTAMIVIR 75MG CAPS/10 GN-NATCOF,105913,B,9,1,2,0.84,5,2.0,0,2.0,0,,2.0,0,0.0161,0.1856,1.0,0.0,0.0,0.0,2.0,0,175.88,193.1,351.76,0.0,2.0,351.76,0,0,
test_q4_2024,2024-10-11,1314,LOJA 1314,57814,OSELTAMIVIR 75MG CAPS/10 GN-NATCOF,105913,B,9,1,2,0.84,5,2.0,0,2.0,0,,2.0,0,0.0161,0.1856,1.0,0.0,0.0,0.0,2.0,0,175.88,193.1,351.76,0.0,2.0,351.76,0,1,PAGUE E LEVE
test_q4_2024,2024-10-12,1314,LOJA 1314,57814,OSELTAMIVIR 75MG CAPS/10 GN-NATCOF,105913,B,9,1,2,0.84,5,2.0,0,2.0,0,,2.0,0,0.0161,0.1856,1.0,0.0,0.0,0.0,2.0,0,175.88,193.1,351.76,0.0,2.0,351.76,0,0,
test_q4_2024,2024-10-13,1314,LOJA 1314,57814,OSELTAMIVIR 75MG CAPS/10 GN-NATCOF,105913,B,9,1,2,0.84,5,2.0,0,2.0,0,,2.0,0,0.0161,0.1856,1.0,0.0,0.0,0.0,2.0,0,175.88,193.1,351.76,0.0,,,0,0,
test_q4_2024,2024-10-14,1314,LOJA 1314,57814,OSELTAMIVIR 75MG CAPS/10 GN-NATCOF,105913,B,9,1,2,0.84,5,2.0,0,2.0,0,,2.0,0,0.0598,0.1856,1.0,0.0,0.0,0.0,2.0,0,175.88,193.1,351.76,0.0,2.0,351.76,0,0,
test_q4_2024,2024-10-15,1314,LOJA 1314,57814,OSELTAMIVIR 75MG CAPS/10 GN-NATCOF,105913,B,9,1,2,0.84,5,2.0,0,2.0,0,,2.0,0,0.0161,0.1856,1.0,0.0,0.0,0.0,2.0,0,175.88,193.1,351.76,0.0,2.0,351.76,0,0,
test_q4_2024,2024-10-16,1314,LOJA 1314,57814,OSELTAMIVIR 75MG CAPS/10 GN-NATCOF,105913,B,9,1,2,0.84,5,2.0,0,2.0,0,,2.0,0,0.0598,0.1856,1.0,0.0,0.0,0.0,2.0,0,175.88,193.1,351.76,0.0,2.0,351.76,0,0,
test_q4_2024,2024-10-17,1314,LOJA 1314,57814,OSELTAMIVIR 75MG CAPS/10 GN-NATCOF,105913,B,9,1,2,0.84,5,2.0,0,2.0,0,,2.0,0,0.0161,0.1856,1.0,0.0,0.0,0.0,2.0,0,175.88,193.1,351.76,0.0,2.0,351.76,0,0,
test_q4_2024,2024-10-18,1314,LOJA 1314,57814,OSELTAMIVIR 75MG CAPS/10 GN-NATCOF,105913,B,9,1,2,0.84,5,2.0,0,2.0,0,,2.0,0,0.0161,0.1856,1.0,0.0,0.0,0.0,2.0,0,175.88,193.1,351.76,0.0,2.0,351.76,0,1,PAGUE E LEVE
test_q4_2024,2024-10-19,1314,LOJA 1314,57814,OSELTAMIVIR 75MG CAPS/10 GN-NATCOF,105913,B,9,1,2,0.84,5,2.0,0,2.0,0,,2.0,0,0.0161,0.1856,1.0,0.0,0.0,0.0,2.0,0,175.88,193.1,351.76,0.0,2.0,351.76,0,0,
test_q4_2024,2024-10-20,1314,LOJA 1314,57814,OSELTAMIVIR 75MG CAPS/10 GN-NATCOF,105913,B,9,1,2,0.84,5,2.0,0,2.0,0,,2.0,0,0.0161,0.1856,1.0,0.0,0.0,0.0,2.0,0,175.88,193.1,351.76,0.0,,,0,0,
test_q4_2024,2024-10-21,1314,LOJA 1314,57814,OSELTAMIVIR 75MG CAPS/10 GN-NATCOF,105913,B,9,1,2,0.84,5,2.0,0,2.0,0,,2.0,0,0.0598,0.1856,1.0,0.0,0.0,0.0,2.0,0,175.88,193.1,351.76,0.0,2.0,351.76,0,0,
test_q4_2024,2024-10-22,1314,LOJA 1314,57814,OSELTAMIVIR 75MG CAPS/10 GN-NATCOF,105913,B,9,1,2,0.84,5,2.0,0,2.0,0,,2.0,0,0.0161,0.1856,1.0,0.0,0.0,0.0,2.0,0,175.88,193.1,351.76,0.0,2.0,351.76,0,0,
test_q4_2024,2024-10-23,1314,LOJA 1314,57814,OSELTAMIVIR 75MG CAPS/10 GN-NATCOF,105913,B,9,1,2,0.84,5,2.0,0,2.0,0,,2.0,0,0.0598,0.1856,1.0,0.0,0.0,0.0,2.0,0,175.88,193.1,351.76,0.0,2.0,351.76,0,0,
test_q4_2024,2024-10-24,1314,LOJA 1314,57814,OSELTAMIVIR 75MG CAPS/10 GN-NATCOF,105913,B,9,1,2,0.84,5,2.0,0,2.0,0,,2.0,0,0.0161,0.1856,1.0,0.0,0.0,0.0,2.0,0,175.88,193.1,351.76,0.0,2.0,351.76,0,0,
test_q4_2024,2024-10-25,1314,LOJA 1314,57814,OSELTAMIVIR 75MG CAPS/10 GN-NATCOF,105913,B,9,1,2,0.84,5,2.0,0,2.0,0,,2.0,0,0.0161,0.1856,1.0,0.0,0.0,0.0,2.0,0,175.88,193.1,351.76,0.0,2.0,351.76,0,1,PAGUE E LEVE
test_q4_2024,2024-10-26,1314,LOJA 1314,57814,OSELTAMIVIR 75MG CAPS/10 GN-NATCOF,105913,B,9,1,2,0.84,5,2.0,0,2.0,0,,2.0,0,0.0161,0.1856,1.0,0.0,0.0,0.0,2.0,0,175.88,193.1,351.76,0.0,2.0,351.76,0,0,
test_q4_2024,2024-10-27,1314,LOJA 1314,57814,OSELTAMIVIR 75MG CAPS/10 GN-NATCOF,105913,B,9,1,2,0.84,5,2.0,0,2.0,0,,2.0,0,0.0161,0.1856,1.0,0.0,0.0,0.0,2.0,0,175.88,193.1,351.76,0.0,,,0,0,
test_q4_2024,2024-10-28,1314,LOJA 1314,57814,OSELTAMIVIR 75MG CAPS/10 GN-NATCOF,105913,B,9,1,2,0.84,5,2.0,0,2.0,0,,2.0,0,0.0598,0.1856,1.0,0.0,0.0,0.0,2.0,0,175.88,193.1,351.76,0.0,2.0,351.76,0,0,
test_q4_2024,2024-10-29,1314,LOJA 1314,57814,OSELTAMIVIR 75MG CAPS/10 GN-NATCOF,105913,B,9,1,2,0.84,5,2.0,0,2.0,0,,2.0,0,0.0161,0.1856,1.0,0.0,0.0,0.0,2.0,0,175.88,193.1,351.76,0.0,2.0,351.76,0,0,
test_q4_2024,2024-10-30,1314,LOJA 1314,57814,OSELTAMIVIR 75MG CAPS/10 GN-NATCOF,105913,B,9,1,2,0.84,5,2.0,0,2.0,0,,2.0,0,0.0598,0.1856,1.0,0.0,0.0,0.0,2.0,0,175.88,193.1,351.76,0.0,2.0,351.76,0,0,
test_q4_2024,2024-10-31,1314,LOJA 1314,57814,OSELTAMIVIR 75MG CAPS/10 GN-NATCOF,105913,B,9,1,2,0.84,5,2.0,0,2.0,0,,2.0,0,0.0161,0.1856,1.0,0.0,0.0,0.0,2.0,0,175.88,193.1,351.76,0.0,2.0,351.76,0,0,
test_q4_2024,2024-11-01,1314,LOJA 1314,57814,OSELTAMIVIR 75MG CAPS/10 GN-NATCOF,105913,B,9,1,2,0.84,5,2.0,0,2.0,0,,2.0,0,0.0161,0.1856,1.0,0.0,0.0,0.0,2.0,0,175.88,193.1,351.76,0.0,2.0,351.76,0,1,PAGUE E LEVE
test_q4_2024,2024-11-02,1314,LOJA 1314,57814,OSELTAMIVIR 75MG CAPS/10 GN-NATCOF,105913,B,9,1,2,0.84,5,2.0,0,2.0,0,,2.0,0,0.0161,0.1856,1.0,0.0,0.0,0.0,2.0,0,175.88,193.1,351.76,0.0,2.0,351.76,0,0,
test_q4_2024,2024-11-03,1314,LOJA 1314,57814,OSELTAMIVIR 75MG CAPS/10 GN-NATCOF,105913,B,9,1,2,0.84,5,2.0,0,2.0,0,,2.0,0,0.0161,0.1856,1.0,0.0,0.0,0.0,2.0,0,175.88,193.1,351.76,0.0,,,0,0,
test_q4_2024,2024-11-04,1314,LOJA 1314,57814,OSELTAMIVIR 75MG CAPS/10 GN-NATCOF,105913,B,9,1,2,0.84,5,2.0,0,2.0,0,,2.0,0,0.0598,0.1856,1.0,0.0,0.0,0.0,2.0,0,175.88,193.1,351.76,0.0,2.0,351.76,0,0,
test_q4_2024,2024-11-05,1314,LOJA 1314,57814,OSELTAMIVIR 75MG CAPS/10 GN-NATCOF,105913,B,9,1,2,0.84,5,2.0,0,2.0,0,,2.0,0,0.0161,0.1856,1.0,0.0,0.0,0.0,2.0,0,175.88,193.1,351.76,0.0,2.0,351.76,0,0,
test_q4_2024,2024-11-06,1314,LOJA 1314,57814,OSELTAMIVIR 75MG CAPS/10 GN-NATCOF,105913,B,9,1,2,0.84,5,2.0,0,2.0,0,,2.0,0,0.0598,0.1856,1.0,0.0,0.0,0.0,2.0,0,175.88,193.1,351.76,0.0,2.0,351.76,0,0,
test_q4_2024,2024-11-07,1314,LOJA 1314,57814,OSELTAMIVIR 75MG CAPS/10 GN-NATCOF,105913,B,9,1,2,0.84,5,2.0,0,2.0,0,,2.0,0,0.0161,0.1856,1.0,0.0,0.0,0.0,2.0,0,175.88,193.1,351.76,0.0,2.0,351.76,0,0,
test_q4_2024,2024-11-08,1314,LOJA 1314,57814,OSELTAMIVIR 75MG CAPS/10 GN-NATCOF,105913,B,9,1,2,0.84,5,2.0,0,2.0,0,,2.0,0,0.0161,0.1856,1.0,0.0,0.0,0.0,2.0,0,175.88,193.1,351.76,0.0,2.0,351.76,0,1,PAGUE E LEVE
test_q4_2024,2024-11-09,1314,LOJA 1314,57814,OSELTAMIVIR 75MG CAPS/10 GN-NATCOF,105913,B,9,1,2,0.84,5,2.0,0,2.0,0,,2.0,0,0.0161,0.1856,1.0,0.0,0.0,0.0,2.0,0,175.88,193.1,351.76,0.0,2.0,351.76,0,0,
test_q4_2024,2024-11-10,1314,LOJA 1314,57814,OSELTAMIVIR 75MG CAPS/10 GN-NATCOF,105913,B,9,1,2,0.84,5,2.0,0,2.0,0,,2.0,0,0.0161,0.1856,1.0,0.0,0.0,0.0,2.0,0,175.88,193.1,351.76,0.0,,,0,0,
test_q4_2024,2024-11-11,1314,LOJA 1314,57814,OSELTAMIVIR 75MG CAPS/10 GN-NATCOF,105913,B,9,1,2,0.84,5,2.0,0,2.0,0,,2.0,0,0.0598,0.1856,1.0,0.0,0.0,0.0,2.0,0,175.88,193.1,351.76,0.0,2.0,351.76,0,0,
test_q4_2024,2024-11-12,1314,LOJA 1314,57814,OSELTAMIVIR 75MG CAPS/10 GN-NATCOF,105913,B,9,1,2,0.84,5,2.0,0,2.0,0,,2.0,0,0.0161,0.1856,1.0,0.0,0.0,0.0,2.0,0,175.88,193.1,351.76,0.0,2.0,351.76,0,0,
test_q4_2024,2024-11-13,1314,LOJA 1314,57814,OSELTAMIVIR 75MG CAPS/10 GN-NATCOF,105913,B,9,1,2,0.84,5,2.0,0,2.0,0,,2.0,0,0.0598,0.1856,1.0,0.0,0.0,0.0,2.0,0,175.88,193.1,351.76,0.0,2.0,351.76,0,0,
test_q4_2024,2024-11-14,1314,LOJA 1314,57814,OSELTAMIVIR 75MG CAPS/10 GN-NATCOF,105913,B,9,1,2,0.84,5,2.0,0,2.0,0,,2.0,0,0.0161,0.1856,1.0,0.0,0.0,0.0,2.0,0,175.88,193.1,351.76,0.0,2.0,351.76,0,0,
test_q4_2024,2024-11-15,1314,LOJA 1314,57814,OSELTAMIVIR 75MG CAPS/10 GN-NATCOF,105913,B,9,1,2,0.84,5,2.0,0,2.0,0,,2.0,0,0.0161,0.1856,1.0,0.0,0.0,0.0,2.0,0,175.88,193.1,351.76,0.0,2.0,351.76,0,1,PAGUE E LEVE
test_q4_2024,2024-11-16,1314,LOJA 1314,57814,OSELTAMIVIR 75MG CAPS/10 GN-NATCOF,105913,B,9,1,2,0.84,5,2.0,0,2.0,0,,2.0,0,0.0161,0.1856,1.0,0.0,0.0,0.0,2.0,0,175.88,193.1,351.76,0.0,2.0,351.76,0,0,
test_q4_2024,2024-11-17,1314,LOJA 1314,57814,OSELTAMIVIR 75MG CAPS/10 GN-NATCOF,105913,B,9,1,2,0.84,5,2.0,0,2.0,0,,2.0,0,0.0161,0.1856,1.0,0.0,0.0,0.0,2.0,0,175.88,193.1,351.76,0.0,,,0,0,
test_q4_2024,2024-11-18,1314,LOJA 1314,57814,OSELTAMIVIR 75MG CAPS/10 GN-NATCOF,105913,B,9,1,2,0.84,5,2.0,0,2.0,0,,2.0,0,0.0598,0.1856,1.0,0.0,0.0,0.0,2.0,0,175.88,193.1,351.76,0.0,2.0,351.76,0,0,
test_q4_2024,2024-11-19,1314,LOJA 1314,57814,OSELTAMIVIR 75MG CAPS/10 GN-NATCOF,105913,B,9,1,2,0.84,5,2.0,0,2.0,0,,2.0,0,0.0161,0.1856,1.0,0.0,0.0,0.0,2.0,0,175.88,193.1,351.76,0.0,2.0,351.76,0,0,
test_q4_2024,2024-11-20,1314,LOJA 1314,57814,OSELTAMIVIR 75MG CAPS/10 GN-NATCOF,105913,B,9,1,2,0.84,5,2.0,0,2.0,0,,2.0,0,0.0598,0.1856,1.0,0.0,0.0,0.0,2.0,0,175.88,193.1,351.76,0.0,2.0,351.76,0,0,
test_q4_2024,2024-11-21,1314,LOJA 1314,57814,OSELTAMIVIR 75MG CAPS/10 GN-NATCOF,105913,B,9,1,2,0.84,5,2.0,0,2.0,0,,2.0,0,0.0161,0.1856,1.0,0.0,0.0,0.0,2.0,0,175.88,193.1,351.76,0.0,2.0,351.76,0,0,
test_q4_2024,2024-11-22,1314,LOJA 1314,57814,OSELTAMIVIR 75MG CAPS/10 GN-NATCOF,105913,B,9,1,2,0.84,5,2.0,0,2.0,0,,2.0,0,0.0161,0.1856,1.0,0.0,0.0,0.0,2.0,0,175.88,193.1,351.76,0.0,2.0,351.76,0,1,PAGUE E LEVE
test_q4_2024,2024-11-23,1314,LOJA 1314,57814,OSELTAMIVIR 75MG CAPS/10 GN-NATCOF,105913,B,9,1,2,0.84,5,2.0,0,2.0,0,,2.0,0,0.0161,0.1856,1.0,0.0,0.0,0.0,2.0,0,175.88,193.1,351.76,0.0,2.0,351.76,0,0,
test_q4_2024,2024-11-24,1314,LOJA 1314,57814,OSELTAMIVIR 75MG CAPS/10 GN-NATCOF,105913,B,9,1,2,0.84,5,2.0,0,2.0,0,,2.0,0,0.0161,0.1856,1.0,0.0,0.0,0.0,2.0,0,175.88,193.1,351.76,0.0,,,0,0,
test_q4_2024,2024-11-25,1314,LOJA 1314,57814,OSELTAMIVIR 75MG CAPS/10 GN-NATCOF,105913,B,9,1,2,0.84,5,2.0,0,2.0,0,,2.0,0,0.0598,0.1856,1.0,0.0,0.0,0.0,2.0,0,175.88,193.1,351.76,0.0,2.0,351.76,0,0,
test_q4_2024,2024-11-26,1314,LOJA 1314,57814,OSELTAMIVIR 75MG CAPS/10 GN-NATCOF,105913,B,9,1,2,0.84,5,2.0,0,2.0,0,,2.0,0,0.0161,0.1856,1.0,0.0,0.0,0.0,2.0,0,175.88,193.1,351.76,0.0,2.0,351.76,0,0,
test_q4_2024,2024-11-27,1314,LOJA 1314,57814,OSELTAMIVIR 75MG CAPS/10 GN-NATCOF,105913,B,9,1,2,0.84,5,2.0,0,2.0,0,,2.0,0,0.0598,0.1856,1.0,0.0,0.0,0.0,2.0,0,175.88,193.1,351.76,0.0,2.0,351.76,0,0,
test_q4_2024,2024-11-28,1314,LOJA 1314,57814,OSELTAMIVIR 75MG CAPS/10 GN-NATCOF,105913,B,9,1,2,0.84,5,2.0,0,2.0,0,,2.0,0,0.0161,0.1856,1.0,0.0,0.0,0.0,2.0,0,175.88,193.1,351.76,0.0,2.0,351.76,0,0,
test_q4_2024,2024-11-29,1314,LOJA 1314,57814,OSELTAMIVIR 75MG CAPS/10 GN-NATCOF,105913,B,9,1,2,0.84,5,2.0,0,2.0,0,,2.0,0,0.0161,0.1856,1.0,0.0,0.0,0.0,2.0,0,175.88,193.1,351.76,0.0,2.0,351.76,0,1,PAGUE E LEVE
test_q4_2024,2024-11-30,1314,LOJA 1314,57814,OSELTAMIVIR 75MG CAPS/10 GN-NATCOF,105913,B,9,1,2,0.84,5,2.0,0,2.0,0,,2.0,0,0.0161,0.1856,1.0,0.0,0.0,0.0,2.0,0,175.88,193.1,351.76,0.0,2.0,351.76,0,0,
test_q4_2024,2024-12-01,1314,LOJA 1314,57814,OSELTAMIVIR 75MG CAPS/10 GN-NATCOF,105913,B,9,1,2,0.84,5,2.0,0,2.0,0,,2.0,0,0.0161,0.1856,1.0,0.0,0.0,0.0,2.0,0,175.88,193.1,351.76,0.0,,,0,0,
test_q4_2024,2024-12-02,1314,LOJA 1314,57814,OSELTAMIVIR 75MG CAPS/10 GN-NATCOF,105913,B,9,1,2,0.84,5,2.0,0,2.0,0,,2.0,0,0.0598,0.1856,1.0,0.0,0.0,0.0,2.0,0,175.88,193.1,351.76,0.0,2.0,351.76,0,0,
test_q4_2024,2024-12-03,1314,LOJA 1314,57814,OSELTAMIVIR 75MG CAPS/10 GN-NATCOF,105913,B,9,1,2,0.84,5,2.0,0,2.0,0,,2.0,0,0.0161,0.1856,1.0,0.0,0.0,0.0,2.0,0,175.88,193.1,351.76,0.0,2.0,351.76,0,0,
test_q4_2024,2024-12-04,1314,LOJA 1314,57814,OSELTAMIVIR 75MG CAPS/10 GN-NATCOF,105913,B,9,1,2,0.84,5,2.0,0,2.0,0,,2.0,0,0.0598,0.1856,1.0,0.0,0.0,0.0,2.0,0,175.88,193.1,351.76,0.0,2.0,351.76,0,0,
test_q4_2024,2024-12-05,1314,LOJA 1314,57814,OSELTAMIVIR 75MG CAPS/10 GN-NATCOF,105913,B,9,1,2,0.84,5,2.0,0,2.0,0,,2.0,0,0.0161,0.1856,1.0,0.0,0.0,0.0,2.0,0,175.88,193.1,351.76,0.0,2.0,351.76,0,0,
test_q4_2024,2024-12-06,1314,LOJA 1314,57814,OSELTAMIVIR 75MG CAPS/10 GN-NATCOF,105913,B,9,1,2,0.84,5,2.0,0,2.0,0,,2.0,0,0.0161,0.1856,1.0,0.0,0.0,0.0,2.0,0,175.88,193.1,351.76,0.0,2.0,351.76,0,1,PAGUE E LEVE
test_q4_2024,2024-12-07,1314,LOJA 1314,57814,OSELTAMIVIR 75MG CAPS/10 GN-NATCOF,105913,B,9,1,2,0.84,5,2.0,0,2.0,0,,2.0,0,0.0161,0.1856,1.0,0.0,0.0,0.0,2.0,0,175.88,193.1,351.76,0.0,2.0,351.76,0,0,
test_q4_2024,2024-12-08,1314,LOJA 1314,57814,OSELTAMIVIR 75MG CAPS/10 GN-NATCOF,105913,B,9,1,2,0.84,5,2.0,0,2.0,0,,2.0,0,0.0161,0.1856,1.0,0.0,0.0,0.0,2.0,0,175.88,193.1,351.76,0.0,,,0,0,
test_q4_2024,2024-12-09,1314,LOJA 1314,57814,OSELTAMIVIR 75MG CAPS/10 GN-NATCOF,105913,B,9,1,2,0.84,5,2.0,0,2.0,0,,2.0,0,0.0598,0.1856,1.0,0.0,0.0,0.0,2.0,0,175.88,193.1,351.76,0.0,2.0,351.76,0,0,
test_q4_2024,2024-12-10,1314,LOJA 1314,57814,OSELTAMIVIR 75MG CAPS/10 GN-NATCOF,105913,B,9,1,2,0.84,5,2.0,0,2.0,0,,2.0,0,0.0161,0.1856,1.0,0.0,0.0,0.0,2.0,0,175.88,193.1,351.76,0.0,2.0,351.76,0,0,
test_q4_2024,2024-12-11,1314,LOJA 1314,57814,OSELTAMIVIR 75MG CAPS/10 GN-NATCOF,105913,B,9,1,2,0.84,5,2.0,0,2.0,0,,2.0,0,0.0598,0.1856,1.0,0.0,0.0,0.0,2.0,0,175.88,193.1,351.76,0.0,2.0,351.76,0,0,
test_q4_2024,2024-12-12,1314,LOJA 1314,57814,OSELTAMIVIR 75MG CAPS/10 GN-NATCOF,105913,B,9,1,2,0.84,5,2.0,0,2.0,0,,2.0,0,0.0161,0.1856,1.0,0.0,0.0,0.0,2.0,0,175.88,193.1,351.76,0.0,2.0,351.76,0,0,
test_q4_2024,2024-12-13,1314,LOJA 1314,57814,OSELTAMIVIR 75MG CAPS/10 GN-NATCOF,105913,B,9,1,2,0.84,5,2.0,0,2.0,0,,2.0,0,0.0161,0.1856,1.0,0.0,0.0,0.0,2.0,0,175.88,193.1,351.76,0.0,2.0,351.76,0,1,PAGUE E LEVE
test_q4_2024,2024-12-14,1314,LOJA 1314,57814,OSELTAMIVIR 75MG CAPS/10 GN-NATCOF,105913,B,9,1,2,0.84,5,2.0,0,2.0,0,,2.0,0,0.0161,0.1856,1.0,0.0,0.0,0.0,2.0,0,175.88,193.1,351.76,0.0,2.0,351.76,0,0,
test_q4_2024,2024-12-15,1314,LOJA 1314,57814,OSELTAMIVIR 75MG CAPS/10 GN-NATCOF,105913,B,9,1,2,0.84,5,2.0,0,2.0,0,,2.0,0,0.0161,0.1856,1.0,0.0,0.0,0.0,2.0,0,175.88,193.1,351.76,0.0,,,0,0,
test_q4_2024,2024-12-16,1314,LOJA 1314,57814,OSELTAMIVIR 75MG CAPS/10 GN-NATCOF,105913,B,9,1,2,0.84,5,2.0,0,2.0,0,,2.0,0,0.0598,0.1856,1.0,0.0,0.0,0.0,2.0,0,175.88,193.1,351.76,0.0,2.0,351.76,0,0,
test_q4_2024,2024-12-17,1314,LOJA 1314,57814,OSELTAMIVIR 75MG CAPS/10 GN-NATCOF,105913,B,9,1,2,0.84,5,2.0,0,2.0,0,,2.0,0,0.0161,0.1856,1.0,0.0,0.0,0.0,2.0,0,175.88,193.1,351.76,0.0,2.0,351.76,0,0,
test_q4_2024,2024-12-18,1314,LOJA 1314,57814,OSELTAMIVIR 75MG CAPS/10 GN-NATCOF,105913,B,9,1,2,0.84,5,2.0,0,2.0,0,,2.0,0,0.0598,0.1856,1.0,0.0,0.0,0.0,2.0,0,175.88,193.1,351.76,0.0,2.0,351.76,0,0,
test_q4_2024,2024-12-19,1314,LOJA 1314,57814,OSELTAMIVIR 75MG CAPS/10 GN-NATCOF,105913,B,9,1,2,0.84,5,2.0,0,2.0,0,,2.0,0,0.0161,0.1856,1.0,0.0,0.0,0.0,2.0,0,175.88,193.1,351.76,0.0,2.0,351.76,0,0,
test_q4_2024,2024-12-20,1314,LOJA 1314,57814,OSELTAMIVIR 75MG CAPS/10 GN-NATCOF,105913,B,9,1,2,0.84,5,2.0,0,2.0,0,,2.0,0,0.0161,0.1856,1.0,0.0,0.0,0.0,2.0,0,175.88,193.1,351.76,0.0,2.0,351.76,0,1,PAGUE E LEVE
test_q4_2024,2024-12-21,1314,LOJA 1314,57814,OSELTAMIVIR 75MG CAPS/10 GN-NATCOF,105913,B,9,1,2,0.84,5,2.0,0,2.0,0,,2.0,0,0.0161,0.1856,1.0,0.0,0.0,0.0,2.0,0,175.88,193.1,351.76,0.0,2.0,351.76,0,0,
test_q4_2024,2024-12-22,1314,LOJA 1314,57814,OSELTAMIVIR 75MG CAPS/10 GN-NATCOF,105913,B,9,1,2,0.84,5,2.0,0,2.0,0,,2.0,0,0.0161,0.1856,1.0,0.0,0.0,0.0,2.0,0,175.88,193.1,351.76,0.0,,,0,0,
test_q4_2024,2024-12-23,1314,LOJA 1314,57814,OSELTAMIVIR 75MG CAPS/10 GN-NATCOF,105913,B,9,1,2,0.84,5,2.0,0,2.0,0,,2.0,0,0.0598,0.1856,1.0,0.0,0.0,0.0,2.0,0,175.88,193.1,351.76,0.0,2.0,351.76,0,0,
test_q4_2024,2024-12-24,1314,LOJA 1314,57814,OSELTAMIVIR 75MG CAPS/10 GN-NATCOF,105913,B,9,1,2,0.84,5,2.0,0,2.0,0,,2.0,0,0.0161,0.1856,1.0,0.0,0.0,0.0,2.0,0,175.88,193.1,351.76,0.0,2.0,351.76,0,0,
test_q4_2024,2024-12-25,1314,LOJA 1314,57814,OSELTAMIVIR 75MG CAPS/10 GN-NATCOF,105913,B,9,1,2,0.84,5,2.0,0,2.0,0,,2.0,0,0.0598,0.1856,1.0,0.0,0.0,0.0,2.0,0,175.88,193.1,351.76,0.0,2.0,351.76,0,0,
test_q4_2024,2024-12-26,1314,LOJA 1314,57814,OSELTAMIVIR 75MG CAPS/10 GN-NATCOF,105913,B,9,1,2,0.84,5,2.0,0,2.0,0,,2.0,0,0.0161,0.1856,1.0,0.0,0.0,0.0,2.0,0,175.88,193.1,351.76,0.0,2.0,351.76,0,0,
test_q4_2024,2024-12-27,1314,LOJA 1314,57814,OSELTAMIVIR 75MG CAPS/10 GN-NATCOF,105913,B,9,1,2,0.84,5,2.0,0,2.0,0,,2.0,0,0.0161,0.1856,1.0,0.0,0.0,0.0,2.0,0,175.88,193.1,351.76,0.0,2.0,351.76,0,1,PAGUE E LEVE
test_q4_2024,2024-12-28,1314,LOJA 1314,57814,OSELTAMIVIR 75MG CAPS/10 GN-NATCOF,105913,B,9,1,2,0.84,5,2.0,0,2.0,0,,2.0,0,0.0161,0.1856,1.0,0.0,0.0,0.0,2.0,0,175.88,193.1,351.76,0.0,2.0,351.76,0,0,
test_q4_2024,2024-12-29,1314,LOJA 1314,57814,OSELTAMIVIR 75MG CAPS/10 GN-NATCOF,105913,B,9,1,2,0.84,5,2.0,0,2.0,0,,2.0,0,0.0161,0.1856,1.0,0.0,0.0,0.0,2.0,0,175.88,193.1,351.76,0.0,,,0,0,
test_q4_2024,2024-12-30,1314,LOJA 1314,57814,OSELTAMIVIR 75MG CAPS/10 GN-NATCOF,105913,B,9,1,2,0.84,5,2.0,0,2.0,0,,2.0,0,0.0598,0.1856,1.0,0.0,0.0,0.0,2.0,0,175.88,193.1,351.76,0.0,2.0,351.76,0,0,
test_q4_2024,2024-12-31,1314,LOJA 1314,57814,OSELTAMIVIR 75MG CAPS/10 GN-NATCOF,105913,B,9,1,2,0.84,5,2.0,0,2.0,0,,2.0,0,0.0161,0.1856,1.0,0.0,0.0,0.0,2.0,0,175.88,193.1,351.76,0.0,2.0,351.76,0,0,
test_q4_2024,2024-10-01,1314,LOJA 1314,57816,OSELTAMIVIR 30MG CAPS/10 GN-NATCOF,105913,B,9,3,4,0.84,5,1.0,0,4.0,0,,4.0,3,0.0482,0.294,1.0,0.0,0.0,0.0,1.0,0,70.35,77.33,70.35,0.0,0.0,0.0,1,1,PAGUE E LEVE
test_q4_2024,2024-10-02,1314,LOJA 1314,57816,OSELTAMIVIR 30MG CAPS/10 GN-NATCOF,105913,B,9,3,4,0.84,5,1.0,0,4.0,0,,4.0,3,0.1357,0.294,1.0,0.0,0.0,0.0,1.0,0,70.35,77.33,70.35,0.0,1.0,70.35,0,0,
test_q4_2024,2024-10-03,1314,LOJA 1314,57816,OSELTAMIVIR 30MG CAPS/10 GN-NATCOF,105913,B,9,3,4,0.84,5,1.0,0,4.0,0,,4.0,3,0.092,0.294,1.0,0.0,0.0,0.0,1.0,0,70.35,77.33,70.35,0.0,2.0,140.7,0,0,
test_q4_2024,2024-10-04,1314,LOJA 1314,57816,OSELTAMIVIR 30MG CAPS/10 GN-NATCOF,105913,B,9,3,4,0.84,5,1.0,0,4.0,0,,4.0,3,0.0482,0.294,1.0,0.0,0.0,0.0,1.0,0,70.35,77.33,70.35,0.0,2.0,140.7,0,1,PAGUE E LEVE
test_q4_2024,2024-10-05,1314,LOJA 1314,57816,OSELTAMIVIR 30MG CAPS/10 GN-NATCOF,105913,B,9,3,4,0.84,5,3.0,2,4.0,0,,4.0,1,0.0482,0.294,1.0,0.0,0.0,0.0,3.0,0,70.35,77.33,211.05,0.0,2.0,140.7,0,0,
test_q4_2024,2024-10-06,1314,LOJA 1314,57816,OSELTAMIVIR 30MG CAPS/10 GN-NATCOF,105913,B,9,3,4,0.84,5,4.0,1,4.0,0,,4.0,0,0.0482,0.294,1.0,0.0,0.0,0.0,4.0,0,70.35,77.33,281.4,0.0,,,0,0,
test_q4_2024,2024-10-07,1314,LOJA 1314,57816,OSELTAMIVIR 30MG CAPS/10 GN-NATCOF,105913,B,9,3,4,0.84,5,4.0,0,4.0,0,,4.0,0,0.0482,0.294,1.0,0.0,0.0,0.0,4.0,0,70.35,77.33,281.4,0.0,2.0,140.7,0,0,
test_q4_2024,2024-10-08,1314,LOJA 1314,57816,OSELTAMIVIR 30MG CAPS/10 GN-NATCOF,105913,B,9,3,4,0.84,5,4.0,0,4.0,0,,4.0,0,0.0482,0.294,1.0,0.0,0.0,0.0,4.0,0,70.35,77.33,281.4,0.0,2.0,140.7,0,0,
test_q4_2024,2024-10-09,1314,LOJA 1314,57816,OSELTAMIVIR 30MG CAPS/10 GN-NATCOF,105913,B,9,3,4,0.84,5,4.0,0,4.0,0,,4.0,0,0.1357,0.294,1.0,0.0,0.0,0.0,4.0,0,70.35,77.33,281.4,0.0,2.0,140.7,0,0,
test_q4_2024,2024-10-10,1314,LOJA 1314,57816,OSELTAMIVIR 30MG CAPS/10 GN-NATCOF,105913,B,9,3,4,0.84,5,4.0,0,4.0,0,,4.0,0,0.092,0.294,1.0,0.0,0.0,0.0,4.0,0,70.35,77.33,281.4,0.0,2.0,140.7,0,0,
test_q4_2024,2024-10-11,1314,LOJA 1314,57816,OSELTAMIVIR 30MG CAPS/10 GN-NATCOF,105913,B,9,3,4,0.84,5,4.0,0,4.0,0,,4.0,0,0.0482,0.294,1.0,0.0,0.0,0.0,4.0,0,70.35,77.33,281.4,0.0,2.0,140.7,0,1,PAGUE E LEVE
test_q4_2024,2024-10-12,1314,LOJA 1314,57816,OSELTAMIVIR 30MG CAPS/10 GN-NATCOF,105913,B,9,3,4,0.84,5,4.0,0,4.0,0,,4.0,0,0.0482,0.294,1.0,0.0,0.0,0.0,4.0,0,70.35,77.33,281.4,0.0,2.0,140.7,0,0,
test_q4_2024,2024-10-13,1314,LOJA 1314,57816,OSELTAMIVIR 30MG CAPS/10 GN-NATCOF,105913,B,9,3,4,0.84,5,4.0,0,4.0,0,,4.0,0,0.0482,0.294,1.0,0.0,0.0,0.0,4.0,0,70.35,77.33,281.4,0.0,,,0,0,
test_q4_2024,2024-10-14,1314,LOJA 1314,57816,OSELTAMIVIR 30MG CAPS/10 GN-NATCOF,105913,B,9,3,4,0.84,5,4.0,0,4.0,0,,4.0,0,0.0482,0.294,1.0,0.0,0.0,0.0,4.0,0,70.35,77.33,281.4,0.0,2.0,140.7,0,0,
test_q4_2024,2024-10-15,1314,LOJA 1314,57816,OSELTAMIVIR 30MG CAPS/10 GN-NATCOF,105913,B,9,3,4,0.84,5,4.0,0,4.0,0,,4.0,0,0.0482,0.294,1.0,0.0,0.0,0.0,4.0,0,70.35,77.33,281.4,0.0,2.0,140.7,0,0,
test_q4_2024,2024-10-16,1314,LOJA 1314,57816,OSELTAMIVIR 30MG CAPS/10 GN-NATCOF,105913,B,9,3,4,0.84,5,4.0,0,4.0,0,,4.0,0,0.1357,0.294,1.0,0.0,0.0,0.0,4.0,0,70.35,77.33,281.4,0.0,2.0,140.7,0,0,
test_q4_2024,2024-10-17,1314,LOJA 1314,57816,OSELTAMIVIR 30MG CAPS/10 GN-NATCOF,105913,B,9,3,4,0.84,5,4.0,0,4.0,0,,4.0,0,0.092,0.294,1.0,0.0,0.0,0.0,4.0,0,70.35,77.33,281.4,0.0,2.0,140.7,0,0,
test_q4_2024,2024-10-18,1314,LOJA 1314,57816,OSELTAMIVIR 30MG CAPS/10 GN-NATCOF,105913,B,9,3,4,0.84,5,4.0,0,4.0,0,,4.0,0,0.0482,0.294,1.0,0.0,0.0,0.0,4.0,0,70.35,77.33,281.4,0.0,2.0,140.7,0,1,PAGUE E LEVE
test_q4_2024,2024-10-19,1314,LOJA 1314,57816,OSELTAMIVIR 30MG CAPS/10 GN-NATCOF,105913,B,9,3,4,0.84,5,4.0,0,4.0,0,,4.0,0,0.0482,0.294,1.0,0.0,0.0,0.0,4.0,0,70.35,77.33,281.4,0.0,2.0,140.7,0,0,
test_q4_2024,2024-10-20,1314,LOJA 1314,57816,OSELTAMIVIR 30MG CAPS/10 GN-NATCOF,105913,B,9,3,4,0.84,5,4.0,0,4.0,0,,4.0,0,0.0482,0.294,1.0,0.0,0.0,0.0,4.0,0,70.35,77.33,281.4,0.0,,,0,0,
test_q4_2024,2024-10-21,1314,LOJA 1314,57816,OSELTAMIVIR 30MG CAPS/10 GN-NATCOF,105913,B,9,3,4,0.84,5,4.0,0,4.0,0,,4.0,0,0.0482,0.294,1.0,0.0,0.0,0.0,4.0,0,70.35,77.33,281.4,0.0,2.0,140.7,0,0,
test_q4_2024,2024-10-22,1314,LOJA 1314,57816,OSELTAMIVIR 30MG CAPS/10 GN-NATCOF,105913,B,9,3,4,0.84,5,4.0,0,4.0,0,,4.0,0,0.0482,0.294,1.0,0.0,0.0,0.0,4.0,0,70.35,77.33,281.4,0.0,2.0,140.7,0,0,
test_q4_2024,2024-10-23,1314,LOJA 1314,57816,OSELTAMIVIR 30MG CAPS/10 GN-NATCOF,105913,B,9,3,4,0.84,5,4.0,0,4.0,0,,4.0,0,0.1357,0.294,1.0,0.0,0.0,0.0,4.0,0,70.35,77.33,281.4,0.0,2.0,140.7,0,0,
test_q4_2024,2024-10-24,1314,LOJA 1314,57816,OSELTAMIVIR 30MG CAPS/10 GN-NATCOF,105913,B,9,3,4,0.84,5,4.0,0,4.0,0,,4.0,0,0.092,0.294,1.0,0.0,0.0,0.0,4.0,0,70.35,77.33,281.4,0.0,2.0,140.7,0,0,
test_q4_2024,2024-10-25,1314,LOJA 1314,57816,OSELTAMIVIR 30MG CAPS/10 GN-NATCOF,105913,B,9,3,4,0.84,5,4.0,0,4.0,0,,4.0,0,0.0482,0.294,1.0,0.0,0.0,0.0,4.0,0,70.35,77.33,281.4,0.0,2.0,140.7,0,1,PAGUE E LEVE
test_q4_2024,2024-10-26,1314,LOJA 1314,57816,OSELTAMIVIR 30MG CAPS/10 GN-NATCOF,105913,B,9,3,4,0.84,5,4.0,0,4.0,0,,4.0,0,0.0482,0.294,1.0,0.0,0.0,0.0,4.0,0,70.35,77.33,281.4,0.0,2.0,140.7,0,0,
test_q4_2024,2024-10-27,1314,LOJA 1314,57816,OSELTAMIVIR 30MG CAPS/10 GN-NATCOF,105913,B,9,3,4,0.84,5,4.0,0,4.0,0,,4.0,0,0.0482,0.294,1.0,0.0,0.0,0.0,4.0,0,70.35,77.33,281.4,0.0,,,0,0,
test_q4_2024,2024-10-28,1314,LOJA 1314,57816,OSELTAMIVIR 30MG CAPS/10 GN-NATCOF,105913,B,9,3,4,0.84,5,4.0,0,4.0,0,,4.0,0,0.0482,0.294,1.0,0.0,0.0,0.0,4.0,0,70.35,77.33,281.4,0.0,2.0,140.7,0,0,
test_q4_2024,2024-10-29,1314,LOJA 1314,57816,OSELTAMIVIR 30MG CAPS/10 GN-NATCOF,105913,B,9,3,4,0.84,5,4.0,0,4.0,0,,4.0,0,0.0482,0.294,1.0,0.0,0.0,0.0,4.0,0,70.35,77.33,281.4,0.0,2.0,140.7,0,0,
test_q4_2024,2024-10-30,1314,LOJA 1314,57816,OSELTAMIVIR 30MG CAPS/10 GN-NATCOF,105913,B,9,3,4,0.84,5,4.0,0,4.0,0,,4.0,0,0.1357,0.294,1.0,0.0,0.0,0.0,4.0,0,70.35,77.33,281.4,0.0,2.0,140.7,0,0,
test_q4_2024,2024-10-31,1314,LOJA 1314,57816,OSELTAMIVIR 30MG CAPS/10 GN-NATCOF,105913,B,9,3,4,0.84,5,4.0,0,4.0,0,,4.0,0,0.092,0.294,1.0,0.0,0.0,0.0,4.0,0,70.35,77.33,281.4,0.0,2.0,140.7,0,0,
test_q4_2024,2024-11-01,1314,LOJA 1314,57816,OSELTAMIVIR 30MG CAPS/10 GN-NATCOF,105913,B,9,3,4,0.84,5,4.0,0,4.0,0,,4.0,0,0.0482,0.294,1.0,0.0,0.0,0.0,4.0,0,70.35,77.33,281.4,0.0,2.0,140.7,0,1,PAGUE E LEVE
test_q4_2024,2024-11-02,1314,LOJA 1314,57816,OSELTAMIVIR 30MG CAPS/10 GN-NATCOF,105913,B,9,3,4,0.84,5,4.0,0,4.0,0,,4.0,0,0.0482,0.294,1.0,0.0,0.0,0.0,4.0,0,70.35,77.33,281.4,0.0,2.0,140.7,0,0,
test_q4_2024,2024-11-03,1314,LOJA 1314,57816,OSELTAMIVIR 30MG CAPS/10 GN-NATCOF,105913,B,9,3,4,0.84,5,4.0,0,4.0,0,,4.0,0,0.0482,0.294,1.0,0.0,0.0,0.0,4.0,0,70.35,77.33,281.4,0.0,,,0,0,
test_q4_2024,2024-11-04,1314,LOJA 1314,57816,OSELTAMIVIR 30MG CAPS/10 GN-NATCOF,105913,B,9,3,4,0.84,5,4.0,0,4.0,0,,4.0,0,0.0482,0.294,1.0,0.0,0.0,0.0,4.0,0,70.35,77.33,281.4,0.0,2.0,140.7,0,0,
test_q4_2024,2024-11-05,1314,LOJA 1314,57816,OSELTAMIVIR 30MG CAPS/10 GN-NATCOF,105913,B,9,3,4,0.84,5,4.0,0,4.0,0,,4.0,0,0.0482,0.294,1.0,0.0,0.0,0.0,4.0,0,70.35,77.33,281.4,0.0,2.0,140.7,0,0,
test_q4_2024,2024-11-06,1314,LOJA 1314,57816,OSELTAMIVIR 30MG CAPS/10 GN-NATCOF,105913,B,9,3,4,0.84,5,4.0,0,4.0,0,,4.0,0,0.1357,0.294,1.0,0.0,0.0,0.0,4.0,0,70.35,77.33,281.4,0.0,2.0,140.7,0,0,
test_q4_2024,2024-11-07,1314,LOJA 1314,57816,OSELTAMIVIR 30MG CAPS/10 GN-NATCOF,105913,B,9,3,4,0.84,5,4.0,0,4.0,0,,4.0,0,0.092,0.294,1.0,0.0,0.0,0.0,4.0,0,70.35,77.33,281.4,0.0,2.0,140.7,0,0,
test_q4_2024,2024-11-08,1314,LOJA 1314,57816,OSELTAMIVIR 30MG CAPS/10 GN-NATCOF,105913,B,9,3,4,0.84,5,4.0,0,4.0,0,,4.0,0,0.0482,0.294,1.0,0.0,0.0,0.0,4.0,0,70.35,77.33,281.4,0.0,2.0,140.7,0,1,PAGUE E LEVE
test_q4_2024,2024-11-09,1314,LOJA 1314,57816,OSELTAMIVIR 30MG CAPS/10 GN-NATCOF,105913,B,9,3,4,0.84,5,4.0,0,4.0,0,,4.0,0,0.0482,0.294,1.0,0.0,0.0,0.0,4.0,0,70.35,77.33,281.4,0.0,2.0,140.7,0,0,
test_q4_2024,2024-11-10,1314,LOJA 1314,57816,OSELTAMIVIR 30MG CAPS/10 GN-NATCOF,105913,B,9,3,4,0.84,5,4.0,0,4.0,0,,4.0,0,0.0482,0.294,1.0,0.0,0.0,0.0,4.0,0,70.35,77.33,281.4,0.0,,,0,0,
test_q4_2024,2024-11-11,1314,LOJA 1314,57816,OSELTAMIVIR 30MG CAPS/10 GN-NATCOF,105913,B,9,3,4,0.84,5,4.0,0,4.0,0,,4.0,0,0.0482,0.294,1.0,0.0,0.0,0.0,4.0,0,70.35,77.33,281.4,0.0,2.0,140.7,0,0,
test_q4_2024,2024-11-12,1314,LOJA 1314,57816,OSELTAMIVIR 30MG CAPS/10 GN-NATCOF,105913,B,9,3,4,0.84,5,4.0,0,4.0,0,,4.0,0,0.0482,0.294,1.0,0.0,0.0,0.0,4.0,0,70.35,77.33,281.4,0.0,2.0,140.7,0,0,
test_q4_2024,2024-11-13,1314,LOJA 1314,57816,OSELTAMIVIR 30MG CAPS/10 GN-NATCOF,105913,B,9,3,4,0.84,5,4.0,0,4.0,0,,4.0,0,0.1357,0.294,1.0,0.0,0.0,0.0,4.0,0,70.35,77.33,281.4,0.0,2.0,140.7,0,0,
test_q4_2024,2024-11-14,1314,LOJA 1314,57816,OSELTAMIVIR 30MG CAPS/10 GN-NATCOF,105913,B,9,3,4,0.84,5,4.0,0,4.0,0,,4.0,0,0.092,0.294,1.0,0.0,0.0,0.0,4.0,0,70.35,77.33,281.4,0.0,2.0,140.7,0,0,
test_q4_2024,2024-11-15,1314,LOJA 1314,57816,OSELTAMIVIR 30MG CAPS/10 GN-NATCOF,105913,B,9,3,4,0.84,5,4.0,0,4.0,0,,4.0,0,0.0482,0.294,1.0,0.0,0.0,0.0,4.0,0,70.35,77.33,281.4,0.0,2.0,140.7,0,1,PAGUE E LEVE
test_q4_2024,2024-11-16,1314,LOJA 1314,57816,OSELTAMIVIR 30MG CAPS/10 GN-NATCOF,105913,B,9,3,4,0.84,5,4.0,0,4.0,0,,4.0,0,0.0482,0.294,1.0,0.0,0.0,0.0,4.0,0,70.35,77.33,281.4,0.0,2.0,140.7,0,0,
test_q4_2024,2024-11-17,1314,LOJA 1314,57816,OSELTAMIVIR 30MG CAPS/10 GN-NATCOF,105913,B,9,3,4,0.84,5,4.0,0,4.0,0,,4.0,0,0.0482,0.294,1.0,0.0,0.0,0.0,4.0,0,70.35,77.33,281.4,0.0,,,0,0,
test_q4_2024,2024-11-18,1314,LOJA 1314,57816,OSELTAMIVIR 30MG CAPS/10 GN-NATCOF,105913,B,9,3,4,0.84,5,4.0,0,4.0,0,,4.0,0,0.0482,0.294,1.0,0.0,0.0,0.0,4.0,0,70.35,77.33,281.4,0.0,2.0,140.7,0,0,
test_q4_2024,2024-11-19,1314,LOJA 1314,57816,OSELTAMIVIR 30MG CAPS/10 GN-NATCOF,105913,B,9,3,4,0.84,5,4.0,0,4.0,0,,4.0,0,0.0482,0.294,1.0,0.0,0.0,0.0,4.0,0,70.35,77.33,281.4,0.0,2.0,140.7,0,0,
test_q4_2024,2024-11-20,1314,LOJA 1314,57816,OSELTAMIVIR 30MG CAPS/10 GN-NATCOF,105913,B,9,3,4,0.84,5,4.0,0,4.0,0,,4.0,0,0.1357,0.294,1.0,0.0,0.0,0.0,4.0,0,70.35,77.33,281.4,0.0,2.0,140.7,0,0,
test_q4_2024,2024-11-21,1314,LOJA 1314,57816,OSELTAMIVIR 30MG CAPS/10 GN-NATCOF,105913,B,9,3,4,0.84,5,4.0,0,4.0,0,,4.0,0,0.092,0.294,1.0,0.0,0.0,0.0,4.0,0,70.35,77.33,281.4,0.0,2.0,140.7,0,0,
test_q4_2024,2024-11-22,1314,LOJA 1314,57816,OSELTAMIVIR 30MG CAPS/10 GN-NATCOF,105913,B,9,3,4,0.84,5,4.0,0,4.0,0,,4.0,0,0.0482,0.294,1.0,0.0,0.0,0.0,4.0,0,70.35,77.33,281.4,0.0,2.0,140.7,0,1,PAGUE E LEVE
test_q4_2024,2024-11-23,1314,LOJA 1314,57816,OSELTAMIVIR 30MG CAPS/10 GN-NATCOF,105913,B,9,3,4,0.84,5,4.0,0,4.0,0,,4.0,0,0.0482,0.294,1.0,0.0,0.0,0.0,4.0,0,70.35,77.33,281.4,0.0,2.0,140.7,0,0,
test_q4_2024,2024-11-24,1314,LOJA 1314,57816,OSELTAMIVIR 30MG CAPS/10 GN-NATCOF,105913,B,9,3,4,0.84,5,4.0,0,4.0,0,,4.0,0,0.0482,0.294,1.0,0.0,0.0,0.0,4.0,0,70.35,77.33,281.4,0.0,,,0,0,
test_q4_2024,2024-11-25,1314,LOJA 1314,57816,OSELTAMIVIR 30MG CAPS/10 GN-NATCOF,105913,B,9,3,4,0.84,5,4.0,0,4.0,0,,4.0,0,0.0482,0.294,1.0,0.0,0.0,0.0,4.0,0,70.35,77.33,281.4,0.0,2.0,140.7,0,0,
test_q4_2024,2024-11-26,1314,LOJA 1314,57816,OSELTAMIVIR 30MG CAPS/10 GN-NATCOF,105913,B,9,3,4,0.84,5,4.0,0,4.0,0,,4.0,0,0.0482,0.294,1.0,0.0,0.0,0.0,4.0,0,70.35,77.33,281.4,0.0,2.0,140.7,0,0,
test_q4_2024,2024-11-27,1314,LOJA 1314,57816,OSELTAMIVIR 30MG CAPS/10 GN-NATCOF,105913,B,9,3,4,0.84,5,4.0,0,4.0,0,,4.0,0,0.1357,0.294,1.0,0.0,0.0,0.0,4.0,0,70.35,77.33,281.4,0.0,2.0,140.7,0,0,
test_q4_2024,2024-11-28,1314,LOJA 1314,57816,OSELTAMIVIR 30MG CAPS/10 GN-NATCOF,105913,B,9,3,4,0.84,5,4.0,0,4.0,0,,4.0,0,0.092,0.294,1.0,0.0,0.0,0.0,4.0,0,70.35,77.33,281.4,0.0,2.0,140.7,0,0,
test_q4_2024,2024-11-29,1314,LOJA 1314,57816,OSELTAMIVIR 30MG CAPS/10 GN-NATCOF,105913,B,9,3,4,0.84,5,4.0,0,4.0,0,,4.0,0,0.0482,0.294,1.0,0.0,0.0,0.0,4.0,0,70.35,77.33,281.4,0.0,2.0,140.7,0,1,PAGUE E LEVE
test_q4_2024,2024-11-30,1314,LOJA 1314,57816,OSELTAMIVIR 30MG CAPS/10 GN-NATCOF,105913,B,9,3,4,0.84,5,4.0,0,4.0,0,,4.0,0,0.0482,0.294,1.0,0.0,0.0,0.0,4.0,0,70.35,77.33,281.4,0.0,2.0,140.7,0,0,
test_q4_2024,2024-12-01,1314,LOJA 1314,57816,OSELTAMIVIR 30MG CAPS/10 GN-NATCOF,105913,B,9,3,4,0.84,5,4.0,0,4.0,0,,4.0,0,0.0482,0.294,1.0,0.0,0.0,0.0,4.0,0,70.35,77.33,281.4,0.0,,,0,0,
test_q4_2024,2024-12-02,1314,LOJA 1314,57816,OSELTAMIVIR 30MG CAPS/10 GN-NATCOF,105913,B,9,3,4,0.84,5,4.0,0,4.0,0,,4.0,0,0.0482,0.294,1.0,0.0,0.0,0.0,4.0,0,70.35,77.33,281.4,0.0,2.0,140.7,0,0,
test_q4_2024,2024-12-03,1314,LOJA 1314,57816,OSELTAMIVIR 30MG CAPS/10 GN-NATCOF,105913,B,9,3,4,0.84,5,4.0,0,4.0,0,,4.0,0,0.0482,0.294,1.0,0.0,0.0,0.0,4.0,0,70.35,77.33,281.4,0.0,2.0,140.7,0,0,
test_q4_2024,2024-12-04,1314,LOJA 1314,57816,OSELTAMIVIR 30MG CAPS/10 GN-NATCOF,105913,B,9,3,4,0.84,5,4.0,0,4.0,0,,4.0,0,0.1357,0.294,1.0,0.0,0.0,0.0,4.0,0,70.35,77.33,281.4,0.0,2.0,140.7,0,0,
test_q4_2024,2024-12-05,1314,LOJA 1314,57816,OSELTAMIVIR 30MG CAPS/10 GN-NATCOF,105913,B,9,3,4,0.84,5,4.0,0,4.0,0,,4.0,0,0.092,0.294,1.0,0.0,0.0,0.0,4.0,0,70.35,77.33,281.4,0.0,2.0,140.7,0,0,
test_q4_2024,2024-12-06,1314,LOJA 1314,57816,OSELTAMIVIR 30MG CAPS/10 GN-NATCOF,105913,B,9,3,4,0.84,5,4.0,0,4.0,0,,4.0,0,0.0482,0.294,1.0,0.0,0.0,0.0,4.0,0,70.35,77.33,281.4,0.0,2.0,140.7,0,1,PAGUE E LEVE
test_q4_2024,2024-12-07,1314,LOJA 1314,57816,OSELTAMIVIR 30MG CAPS/10 GN-NATCOF,105913,B,9,3,4,0.84,5,4.0,0,4.0,0,,4.0,0,0.0482,0.294,1.0,0.0,0.0,0.0,4.0,0,70.35,77.33,281.4,0.0,2.0,140.7,0,0,
test_q4_2024,2024-12-08,1314,LOJA 1314,57816,OSELTAMIVIR 30MG CAPS/10 GN-NATCOF,105913,B,9,3,4,0.84,5,4.0,0,4.0,0,,4.0,0,0.0482,0.294,1.0,0.0,0.0,0.0,4.0,0,70.35,77.33,281.4,0.0,,,0,0,
test_q4_2024,2024-12-09,1314,LOJA 1314,57816,OSELTAMIVIR 30MG CAPS/10 GN-NATCOF,105913,B,9,3,4,0.84,5,4.0,0,4.0,0,,4.0,0,0.0482,0.294,1.0,0.0,0.0,0.0,4.0,0,70.35,77.33,281.4,0.0,2.0,140.7,0,0,
test_q4_2024,2024-12-10,1314,LOJA 1314,57816,OSELTAMIVIR 30MG CAPS/10 GN-NATCOF,105913,B,9,3,4,0.84,5,4.0,0,4.0,0,,4.0,0,0.0482,0.294,1.0,0.0,0.0,0.0,4.0,0,70.35,77.33,281.4,0.0,2.0,140.7,0,0,
test_q4_2024,2024-12-11,1314,LOJA 1314,57816,OSELTAMIVIR 30MG CAPS/10 GN-NATCOF,105913,B,9,3,4,0.84,5,4.0,0,4.0,0,,4.0,0,0.1357,0.294,1.0,0.0,0.0,0.0,4.0,0,70.35,77.33,281.4,0.0,2.0,140.7,0,0,
test_q4_2024,2024-12-12,1314,LOJA 1314,57816,OSELTAMIVIR 30MG CAPS/10 GN-NATCOF,105913,B,9,3,4,0.84,5,4.0,0,4.0,0,,4.0,0,0.092,0.294,1.0,0.0,0.0,0.0,4.0,0,70.35,77.33,281.4,0.0,2.0,140.7,0,0,
test_q4_2024,2024-12-13,1314,LOJA 1314,57816,OSELTAMIVIR 30MG CAPS/10 GN-NATCOF,105913,B,9,3,4,0.84,5,4.0,0,4.0,0,,4.0,0,0.0482,0.294,1.0,0.0,0.0,0.0,4.0,0,70.35,77.33,281.4,0.0,2.0,140.7,0,1,PAGUE E LEVE
test_q4_2024,2024-12-14,1314,LOJA 1314,57816,OSELTAMIVIR 30MG CAPS/10 GN-NATCOF,105913,B,9,3,4,0.84,5,4.0,0,4.0,0,,4.0,0,0.0482,0.294,1.0,0.0,0.0,0.0,4.0,0,70.35,77.33,281.4,0.0,2.0,140.7,0,0,
test_q4_2024,2024-12-15,1314,LOJA 1314,57816,OSELTAMIVIR 30MG CAPS/10 GN-NATCOF,105913,B,9,3,4,0.84,5,4.0,0,4.0,0,,4.0,0,0.0482,0.294,1.0,0.0,0.0,0.0,4.0,0,70.35,77.33,281.4,0.0,,,0,0,
test_q4_2024,2024-12-16,1314,LOJA 1314,57816,OSELTAMIVIR 30MG CAPS/10 GN-NATCOF,105913,B,9,3,4,0.84,5,4.0,0,4.0,0,,4.0,0,0.0482,0.294,1.0,0.0,0.0,0.0,4.0,0,70.35,77.33,281.4,0.0,2.0,140.7,0,0,
test_q4_2024,2024-12-17,1314,LOJA 1314,57816,OSELTAMIVIR 30MG CAPS/10 GN-NATCOF,105913,B,9,3,4,0.84,5,4.0,0,4.0,0,,4.0,0,0.0482,0.294,1.0,0.0,0.0,0.0,4.0,0,70.35,77.33,281.4,0.0,2.0,140.7,0,0,
test_q4_2024,2024-12-18,1314,LOJA 1314,57816,OSELTAMIVIR 30MG CAPS/10 GN-NATCOF,105913,B,9,3,4,0.84,5,4.0,0,4.0,0,,4.0,0,0.1357,0.294,1.0,0.0,0.0,0.0,4.0,0,70.35,77.33,281.4,0.0,2.0,140.7,0,0,
test_q4_2024,2024-12-19,1314,LOJA 1314,57816,OSELTAMIVIR 30MG CAPS/10 GN-NATCOF,105913,B,9,3,4,0.84,5,4.0,0,4.0,0,,4.0,0,0.092,0.294,1.0,0.0,0.0,0.0,4.0,0,70.35,77.33,281.4,0.0,2.0,140.7,0,0,
test_q4_2024,2024-12-20,1314,LOJA 1314,57816,OSELTAMIVIR 30MG CAPS/10 GN-NATCOF,105913,B,9,3,4,0.84,5,4.0,0,4.0,0,,4.0,0,0.0482,0.294,1.0,0.0,0.0,0.0,4.0,0,70.35,77.33,281.4,0.0,2.0,140.7,0,1,PAGUE E LEVE
test_q4_2024,2024-12-21,1314,LOJA 1314,57816,OSELTAMIVIR 30MG CAPS/10 GN-NATCOF,105913,B,9,3,4,0.84,5,4.0,0,4.0,0,,4.0,0,0.0482,0.294,1.0,0.0,0.0,0.0,4.0,0,70.35,77.33,281.4,0.0,2.0,140.7,0,0,
test_q4_2024,2024-12-22,1314,LOJA 1314,57816,OSELTAMIVIR 30MG CAPS/10 GN-NATCOF,105913,B,9,3,4,0.84,5,4.0,0,4.0,0,,4.0,0,0.0482,0.294,1.0,0.0,0.0,0.0,4.0,0,70.35,77.33,281.4,0.0,,,0,0,
test_q4_2024,2024-12-23,1314,LOJA 1314,57816,OSELTAMIVIR 30MG CAPS/10 GN-NATCOF,105913,B,9,3,4,0.84,5,4.0,0,4.0,0,,4.0,0,0.0482,0.294,1.0,0.0,0.0,0.0,4.0,0,70.35,77.33,281.4,0.0,2.0,140.7,0,0,
test_q4_2024,2024-12-24,1314,LOJA 1314,57816,OSELTAMIVIR 30MG CAPS/10 GN-NATCOF,105913,B,9,3,4,0.84,5,4.0,0,4.0,0,,4.0,0,0.0482,0.294,1.0,0.0,0.0,0.0,4.0,0,70.35,77.33,281.4,0.0,2.0,140.7,0,0,
test_q4_2024,2024-12-25,1314,LOJA 1314,57816,OSELTAMIVIR 30MG CAPS/10 GN-NATCOF,105913,B,9,3,4,0.84,5,4.0,0,4.0,0,,4.0,0,0.1357,0.294,1.0,0.0,0.0,0.0,4.0,0,70.35,77.33,281.4,0.0,2.0,140.7,0,0,
test_q4_2024,2024-12-26,1314,LOJA 1314,57816,OSELTAMIVIR 30MG CAPS/10 GN-NATCOF,105913,B,9,3,4,0.84,5,4.0,0,4.0,0,,4.0,0,0.092,0.294,1.0,0.0,0.0,0.0,4.0,0,70.35,77.33,281.4,0.0,2.0,140.7,0,0,
test_q4_2024,2024-12-27,1314,LOJA 1314,57816,OSELTAMIVIR 30MG CAPS/10 GN-NATCOF,105913,B,9,3,4,0.84,5,4.0,0,4.0,0,,4.0,0,0.0482,0.294,1.0,0.0,0.0,0.0,4.0,0,70.35,77.33,281.4,0.0,2.0,140.7,0,1,PAGUE E LEVE
test_q4_2024,2024-12-28,1314,LOJA 1314,57816,OSELTAMIVIR 30MG CAPS/10 GN-NATCOF,105913,B,9,3,4,0.84,5,4.0,0,4.0,0,,4.0,0,0.0482,0.294,1.0,0.0,0.0,0.0,4.0,0,70.35,77.33,281.4,0.0,2.0,140.7,0,0,
test_q4_2024,2024-12-29,1314,LOJA 1314,57816,OSELTAMIVIR 30MG CAPS/10 GN-NATCOF,105913,B,9,3,4,0.84,5,4.0,0,4.0,0,,4.0,0,0.0482,0.294,1.0,0.0,0.0,0.0,4.0,0,70.35,77.33,281.4,0.0,,,0,0,
test_q4_2024,2024-12-30,1314,LOJA 1314,57816,OSELTAMIVIR 30MG CAPS/10 GN-NATCOF,105913,B,9,3,4,0.84,5,4.0,0,4.0,0,,4.0,0,0.0482,0.294,1.0,0.0,0.0,0.0,4.0,0,70.35,77.33,281.4,0.0,2.0,140.7,0,0,
test_q4_2024,2024-12-31,1314,LOJA 1314,57816,OSELTAMIVIR 30MG CAPS/10 GN-NATCOF,105913,B,9,3,4,0.84,5,4.0,0,4.0,0,,4.0,0,0.0482,0.294,1.0,0.0,0.0,0.0,4.0,0,70.35,77.33,281.4,0.0,2.0,140.7,0,0,
test_q4_2024,2024-10-01,1314,LOJA 1314,57817,OSELTAMIVIR 45MG CAPS/10 GN-NATCOF,105913,C,9,1,2,0.84,5,2.0,0,2.0,0,,2.0,0,0.0,0.0,2.5,0.0,0.0,0.0,2.0,0,105.53,116.25,211.06,0.0,2.0,211.06,0,1,PAGUE E LEVE
test_q4_2024,2024-10-02,1314,LOJA 1314,57817,OSELTAMIVIR 45MG CAPS/10 GN-NATCOF,105913,C,9,1,2,0.84,5,2.0,0,2.0,0,,2.0,0,0.0,0.0,2.5,0.0,0.0,0.0,2.0,0,105.53,116.25,211.06,0.0,2.0,211.06,0,0,
test_q4_2024,2024-10-03,1314,LOJA 1314,57817,OSELTAMIVIR 45MG CAPS/10 GN-NATCOF,105913,C,9,1,2,0.84,5,2.0,0,2.0,0,,2.0,0,0.0,0.0,2.5,0.0,0.0,0.0,2.0,0,105.53,116.25,211.06,0.0,2.0,211.06,0,0,
test_q4_2024,2024-10-04,1314,LOJA 1314,57817,OSELTAMIVIR 45MG CAPS/10 GN-NATCOF,105913,C,9,1,2,0.84,5,2.0,0,2.0,0,,2.0,0,0.0,0.0,2.5,0.0,0.0,0.0,2.0,0,105.53,116.25,211.06,0.0,2.0,211.06,0,1,PAGUE E LEVE
test_q4_2024,2024-10-05,1314,LOJA 1314,57817,OSELTAMIVIR 45MG CAPS/10 GN-NATCOF,105913,C,9,1,2,0.84,5,2.0,0,2.0,0,,2.0,0,0.0,0.0,2.5,0.0,0.0,0.0,2.0,0,105.53,116.25,211.06,0.0,2.0,211.06,0,0,
test_q4_2024,2024-10-06,1314,LOJA 1314,57817,OSELTAMIVIR 45MG CAPS/10 GN-NATCOF,105913,C,9,1,2,0.84,5,2.0,0,2.0,0,,2.0,0,0.0,0.0,2.5,0.0,0.0,0.0,2.0,0,105.53,116.25,211.06,0.0,,,0,0,
test_q4_2024,2024-10-07,1314,LOJA 1314,57817,OSELTAMIVIR 45MG CAPS/10 GN-NATCOF,105913,C,9,1,2,0.84,5,2.0,0,2.0,0,,2.0,0,0.0,0.0,2.5,0.0,0.0,0.0,2.0,0,105.53,116.25,211.06,0.0,2.0,211.06,0,0,
test_q4_2024,2024-10-08,1314,LOJA 1314,57817,OSELTAMIVIR 45MG CAPS/10 GN-NATCOF,105913,C,9,1,2,0.84,5,2.0,0,2.0,0,,2.0,0,0.0,0.0,2.5,0.0,0.0,0.0,2.0,0,105.53,116.25,211.06,0.0,2.0,211.06,0,0,
test_q4_2024,2024-10-09,1314,LOJA 1314,57817,OSELTAMIVIR 45MG CAPS/10 GN-NATCOF,105913,C,9,1,2,0.84,5,2.0,0,2.0,0,,2.0,0,0.0,0.0,2.5,0.0,0.0,0.0,2.0,0,105.53,116.25,211.06,0.0,2.0,211.06,0,0,
test_q4_2024,2024-10-10,1314,LOJA 1314,57817,OSELTAMIVIR 45MG CAPS/10 GN-NATCOF,105913,C,9,1,2,0.84,5,2.0,0,2.0,0,,2.0,0,0.0,0.0,2.5,0.0,0.0,0.0,2.0,0,105.53,116.25,211.06,0.0,2.0,211.06,0,0,
test_q4_2024,2024-10-11,1314,LOJA 1314,57817,OSELTAMIVIR 45MG CAPS/10 GN-NATCOF,105913,C,9,1,2,0.84,5,2.0,0,2.0,0,,2.0,0,0.0,0.0,2.5,0.0,0.0,0.0,2.0,0,105.53,116.25,211.06,0.0,2.0,211.06,0,1,PAGUE E LEVE
test_q4_2024,2024-10-12,1314,LOJA 1314,57817,OSELTAMIVIR 45MG CAPS/10 GN-NATCOF,105913,C,9,1,2,0.84,5,2.0,0,2.0,0,,2.0,0,0.0,0.0,2.5,0.0,0.0,0.0,2.0,0,105.53,116.25,211.06,0.0,2.0,211.06,0,0,
test_q4_2024,2024-10-13,1314,LOJA 1314,57817,OSELTAMIVIR 45MG CAPS/10 GN-NATCOF,105913,C,9,1,2,0.84,5,2.0,0,2.0,0,,2.0,0,0.0,0.0,2.5,0.0,0.0,0.0,2.0,0,105.53,116.25,211.06,0.0,,,0,0,
test_q4_2024,2024-10-14,1314,LOJA 1314,57817,OSELTAMIVIR 45MG CAPS/10 GN-NATCOF,105913,C,9,1,2,0.84,5,2.0,0,2.0,0,,2.0,0,0.0,0.0,2.5,0.0,0.0,0.0,2.0,0,105.53,116.25,211.06,0.0,2.0,211.06,0,0,
test_q4_2024,2024-10-15,1314,LOJA 1314,57817,OSELTAMIVIR 45MG CAPS/10 GN-NATCOF,105913,C,9,1,2,0.84,5,2.0,0,2.0,0,,2.0,0,0.0,0.0,2.5,0.0,0.0,0.0,2.0,0,105.53,116.25,211.06,0.0,2.0,211.06,0,0,
test_q4_2024,2024-10-16,1314,LOJA 1314,57817,OSELTAMIVIR 45MG CAPS/10 GN-NATCOF,105913,C,9,1,2,0.84,5,2.0,0,2.0,0,,2.0,0,0.0,0.0,2.5,0.0,0.0,0.0,2.0,0,105.53,116.25,211.06,0.0,2.0,211.06,0,0,
test_q4_2024,2024-10-17,1314,LOJA 1314,57817,OSELTAMIVIR 45MG CAPS/10 GN-NATCOF,105913,C,9,1,2,0.84,5,2.0,0,2.0,0,,2.0,0,0.0,0.0,2.5,0.0,0.0,0.0,2.0,0,105.53,116.25,211.06,0.0,2.0,211.06,0,0,
test_q4_2024,2024-10-18,1314,LOJA 1314,57817,OSELTAMIVIR 45MG CAPS/10 GN-NATCOF,105913,C,9,1,2,0.84,5,2.0,0,2.0,0,,2.0,0,0.0,0.0,2.5,0.0,0.0,0.0,2.0,0,105.53,116.25,211.06,0.0,2.0,211.06,0,1,PAGUE E LEVE
test_q4_2024,2024-10-19,1314,LOJA 1314,57817,OSELTAMIVIR 45MG CAPS/10 GN-NATCOF,105913,C,9,1,2,0.84,5,2.0,0,2.0,0,,2.0,0,0.0,0.0,2.5,0.0,0.0,0.0,2.0,0,105.53,116.25,211.06,0.0,2.0,211.06,0,0,
test_q4_2024,2024-10-20,1314,LOJA 1314,57817,OSELTAMIVIR 45MG CAPS/10 GN-NATCOF,105913,C,9,1,2,0.84,5,2.0,0,2.0,0,,2.0,0,0.0,0.0,2.5,0.0,0.0,0.0,2.0,0,105.53,116.25,211.06,0.0,,,0,0,
test_q4_2024,2024-10-21,1314,LOJA 1314,57817,OSELTAMIVIR 45MG CAPS/10 GN-NATCOF,105913,C,9,1,2,0.84,5,2.0,0,2.0,0,,2.0,0,0.0,0.0,2.5,0.0,0.0,0.0,2.0,0,105.53,116.25,211.06,0.0,2.0,211.06,0,0,
test_q4_2024,2024-10-22,1314,LOJA 1314,57817,OSELTAMIVIR 45MG CAPS/10 GN-NATCOF,105913,C,9,1,2,0.84,5,2.0,0,2.0,0,,2.0,0,0.0,0.0,2.5,0.0,0.0,0.0,2.0,0,105.53,116.25,211.06,0.0,2.0,211.06,0,0,
test_q4_2024,2024-10-23,1314,LOJA 1314,57817,OSELTAMIVIR 45MG CAPS/10 GN-NATCOF,105913,C,9,1,2,0.84,5,2.0,0,2.0,0,,2.0,0,0.0,0.0,2.5,0.0,0.0,0.0,2.0,0,105.53,116.25,211.06,0.0,2.0,211.06,0,0,
test_q4_2024,2024-10-24,1314,LOJA 1314,57817,OSELTAMIVIR 45MG CAPS/10 GN-NATCOF,105913,C,9,1,2,0.84,5,2.0,0,2.0,0,,2.0,0,0.0,0.0,2.5,0.0,0.0,0.0,2.0,0,105.53,116.25,211.06,0.0,2.0,211.06,0,0,
test_q4_2024,2024-10-25,1314,LOJA 1314,57817,OSELTAMIVIR 45MG CAPS/10 GN-NATCOF,105913,C,9,1,2,0.84,5,2.0,0,2.0,0,,2.0,0,0.0,0.0,2.5,0.0,0.0,0.0,2.0,0,105.53,116.25,211.06,0.0,2.0,211.06,0,1,PAGUE E LEVE
test_q4_2024,2024-10-26,1314,LOJA 1314,57817,OSELTAMIVIR 45MG CAPS/10 GN-NATCOF,105913,C,9,1,2,0.84,5,2.0,0,2.0,0,,2.0,0,0.0,0.0,2.5,0.0,0.0,0.0,2.0,0,105.53,116.25,211.06,0.0,2.0,211.06,0,0,
test_q4_2024,2024-10-27,1314,LOJA 1314,57817,OSELTAMIVIR 45MG CAPS/10 GN-NATCOF,105913,C,9,1,2,0.84,5,2.0,0,2.0,0,,2.0,0,0.0,0.0,2.5,0.0,0.0,0.0,2.0,0,105.53,116.25,211.06,0.0,,,0,0,
test_q4_2024,2024-10-28,1314,LOJA 1314,57817,OSELTAMIVIR 45MG CAPS/10 GN-NATCOF,105913,C,9,1,2,0.84,5,2.0,0,2.0,0,,2.0,0,0.0,0.0,2.5,0.0,0.0,0.0,2.0,0,105.53,116.25,211.06,0.0,2.0,211.06,0,0,
test_q4_2024,2024-10-29,1314,LOJA 1314,57817,OSELTAMIVIR 45MG CAPS/10 GN-NATCOF,105913,C,9,1,2,0.84,5,2.0,0,2.0,0,,2.0,0,0.0,0.0,2.5,0.0,0.0,0.0,2.0,0,105.53,116.25,211.06,0.0,2.0,211.06,0,0,
test_q4_2024,2024-10-30,1314,LOJA 1314,57817,OSELTAMIVIR 45MG CAPS/10 GN-NATCOF,105913,C,9,1,2,0.84,5,2.0,0,2.0,0,,2.0,0,0.0,0.0,2.5,0.0,0.0,0.0,2.0,0,105.53,116.25,211.06,0.0,2.0,211.06,0,0,
test_q4_2024,2024-10-31,1314,LOJA 1314,57817,OSELTAMIVIR 45MG CAPS/10 GN-NATCOF,105913,C,9,1,2,0.84,5,2.0,0,2.0,0,,2.0,0,0.0,0.0,2.5,0.0,0.0,0.0,2.0,0,105.53,116.25,211.06,0.0,2.0,211.06,0,0,
test_q4_2024,2024-11-01,1314,LOJA 1314,57817,OSELTAMIVIR 45MG CAPS/10 GN-NATCOF,105913,C,9,1,2,0.84,5,2.0,0,2.0,0,,2.0,0,0.0,0.0,2.5,0.0,0.0,0.0,2.0,0,105.53,116.25,211.06,0.0,2.0,211.06,0,1,PAGUE E LEVE
test_q4_2024,2024-11-02,1314,LOJA 1314,57817,OSELTAMIVIR 45MG CAPS/10 GN-NATCOF,105913,C,9,1,2,0.84,5,2.0,0,2.0,0,,2.0,0,0.0,0.0,2.5,0.0,0.0,0.0,2.0,0,105.53,116.25,211.06,0.0,2.0,211.06,0,0,
test_q4_2024,2024-11-03,1314,LOJA 1314,57817,OSELTAMIVIR 45MG CAPS/10 GN-NATCOF,105913,C,9,1,2,0.84,5,2.0,0,2.0,0,,2.0,0,0.0,0.0,2.5,0.0,0.0,0.0,2.0,0,105.53,116.25,211.06,0.0,,,0,0,
test_q4_2024,2024-11-04,1314,LOJA 1314,57817,OSELTAMIVIR 45MG CAPS/10 GN-NATCOF,105913,C,9,1,2,0.84,5,2.0,0,2.0,0,,2.0,0,0.0,0.0,2.5,0.0,0.0,0.0,2.0,0,105.53,116.25,211.06,0.0,2.0,211.06,0,0,
test_q4_2024,2024-11-05,1314,LOJA 1314,57817,OSELTAMIVIR 45MG CAPS/10 GN-NATCOF,105913,C,9,1,2,0.84,5,2.0,0,2.0,0,,2.0,0,0.0,0.0,2.5,0.0,0.0,0.0,2.0,0,105.53,116.25,211.06,0.0,2.0,211.06,0,0,
test_q4_2024,2024-11-06,1314,LOJA 1314,57817,OSELTAMIVIR 45MG CAPS/10 GN-NATCOF,105913,C,9,1,2,0.84,5,2.0,0,2.0,0,,2.0,0,0.0,0.0,2.5,0.0,0.0,0.0,2.0,0,105.53,116.25,211.06,0.0,2.0,211.06,0,0,
test_q4_2024,2024-11-07,1314,LOJA 1314,57817,OSELTAMIVIR 45MG CAPS/10 GN-NATCOF,105913,C,9,1,2,0.84,5,2.0,0,2.0,0,,2.0,0,0.0,0.0,2.5,0.0,0.0,0.0,2.0,0,105.53,116.25,211.06,0.0,2.0,211.06,0,0,
test_q4_2024,2024-11-08,1314,LOJA 1314,57817,OSELTAMIVIR 45MG CAPS/10 GN-NATCOF,105913,C,9,1,2,0.84,5,2.0,0,2.0,0,,2.0,0,0.0,0.0,2.5,0.0,0.0,0.0,2.0,0,105.53,116.25,211.06,0.0,2.0,211.06,0,1,PAGUE E LEVE
test_q4_2024,2024-11-09,1314,LOJA 1314,57817,OSELTAMIVIR 45MG CAPS/10 GN-NATCOF,105913,C,9,1,2,0.84,5,2.0,0,2.0,0,,2.0,0,0.0,0.0,2.5,0.0,0.0,0.0,2.0,0,105.53,116.25,211.06,0.0,2.0,211.06,0,0,
test_q4_2024,2024-11-10,1314,LOJA 1314,57817,OSELTAMIVIR 45MG CAPS/10 GN-NATCOF,105913,C,9,1,2,0.84,5,2.0,0,2.0,0,,2.0,0,0.0,0.0,2.5,0.0,0.0,0.0,2.0,0,105.53,116.25,211.06,0.0,,,0,0,
test_q4_2024,2024-11-11,1314,LOJA 1314,57817,OSELTAMIVIR 45MG CAPS/10 GN-NATCOF,105913,C,9,1,2,0.84,5,2.0,0,2.0,0,,2.0,0,0.0,0.0,2.5,0.0,0.0,0.0,2.0,0,105.53,116.25,211.06,0.0,2.0,211.06,0,0,
test_q4_2024,2024-11-12,1314,LOJA 1314,57817,OSELTAMIVIR 45MG CAPS/10 GN-NATCOF,105913,C,9,1,2,0.84,5,2.0,0,2.0,0,,2.0,0,0.0,0.0,2.5,0.0,0.0,0.0,2.0,0,105.53,116.25,211.06,0.0,2.0,211.06,0,0,
test_q4_2024,2024-11-13,1314,LOJA 1314,57817,OSELTAMIVIR 45MG CAPS/10 GN-NATCOF,105913,C,9,1,2,0.84,5,2.0,0,2.0,0,,2.0,0,0.0,0.0,2.5,0.0,0.0,0.0,2.0,0,105.53,116.25,211.06,0.0,2.0,211.06,0,0,
test_q4_2024,2024-11-14,1314,LOJA 1314,57817,OSELTAMIVIR 45MG CAPS/10 GN-NATCOF,105913,C,9,1,2,0.84,5,2.0,0,2.0,0,,2.0,0,0.0,0.0,2.5,0.0,0.0,0.0,2.0,0,105.53,116.25,211.06,0.0,2.0,211.06,0,0,
test_q4_2024,2024-11-15,1314,LOJA 1314,57817,OSELTAMIVIR 45MG CAPS/10 GN-NATCOF,105913,C,9,1,2,0.84,5,2.0,0,2.0,0,,2.0,0,0.0,0.0,2.5,0.0,0.0,0.0,2.0,0,105.53,116.25,211.06,0.0,2.0,211.06,0,1,PAGUE E LEVE
test_q4_2024,2024-11-16,1314,LOJA 1314,57817,OSELTAMIVIR 45MG CAPS/10 GN-NATCOF,105913,C,9,1,2,0.84,5,2.0,0,2.0,0,,2.0,0,0.0,0.0,2.5,0.0,0.0,0.0,2.0,0,105.53,116.25,211.06,0.0,2.0,211.06,0,0,
test_q4_2024,2024-11-17,1314,LOJA 1314,57817,OSELTAMIVIR 45MG CAPS/10 GN-NATCOF,105913,C,9,1,2,0.84,5,2.0,0,2.0,0,,2.0,0,0.0,0.0,2.5,0.0,0.0,0.0,2.0,0,105.53,116.25,211.06,0.0,,,0,0,
test_q4_2024,2024-11-18,1314,LOJA 1314,57817,OSELTAMIVIR 45MG CAPS/10 GN-NATCOF,105913,C,9,1,2,0.84,5,2.0,0,2.0,0,,2.0,0,0.0,0.0,2.5,0.0,0.0,0.0,2.0,0,105.53,116.25,211.06,0.0,2.0,211.06,0,0,
test_q4_2024,2024-11-19,1314,LOJA 1314,57817,OSELTAMIVIR 45MG CAPS/10 GN-NATCOF,105913,C,9,1,2,0.84,5,2.0,0,2.0,0,,2.0,0,0.0,0.0,2.5,0.0,0.0,0.0,2.0,0,105.53,116.25,211.06,0.0,2.0,211.06,0,0,
test_q4_2024,2024-11-20,1314,LOJA 1314,57817,OSELTAMIVIR 45MG CAPS/10 GN-NATCOF,105913,C,9,1,2,0.84,5,2.0,0,2.0,0,,2.0,0,0.0,0.0,2.5,0.0,0.0,0.0,2.0,0,105.53,116.25,211.06,0.0,2.0,211.06,0,0,
test_q4_2024,2024-11-21,1314,LOJA 1314,57817,OSELTAMIVIR 45MG CAPS/10 GN-NATCOF,105913,C,9,1,2,0.84,5,2.0,0,2.0,0,,2.0,0,0.0,0.0,2.5,0.0,0.0,0.0,2.0,0,105.53,116.25,211.06,0.0,2.0,211.06,0,0,
test_q4_2024,2024-11-22,1314,LOJA 1314,57817,OSELTAMIVIR 45MG CAPS/10 GN-NATCOF,105913,C,9,1,2,0.84,5,2.0,0,2.0,0,,2.0,0,0.0,0.0,2.5,0.0,0.0,0.0,2.0,0,105.53,116.25,211.06,0.0,2.0,211.06,0,1,PAGUE E LEVE
test_q4_2024,2024-11-23,1314,LOJA 1314,57817,OSELTAMIVIR 45MG CAPS/10 GN-NATCOF,105913,C,9,1,2,0.84,5,2.0,0,2.0,0,,2.0,0,0.0,0.0,2.5,0.0,0.0,0.0,2.0,0,105.53,116.25,211.06,0.0,2.0,211.06,0,0,
test_q4_2024,2024-11-24,1314,LOJA 1314,57817,OSELTAMIVIR 45MG CAPS/10 GN-NATCOF,105913,C,9,1,2,0.84,5,2.0,0,2.0,0,,2.0,0,0.0,0.0,2.5,0.0,0.0,0.0,2.0,0,105.53,116.25,211.06,0.0,,,0,0,
test_q4_2024,2024-11-25,1314,LOJA 1314,57817,OSELTAMIVIR 45MG CAPS/10 GN-NATCOF,105913,C,9,1,2,0.84,5,2.0,0,2.0,0,,2.0,0,0.0,0.0,2.5,0.0,0.0,0.0,2.0,0,105.53,116.25,211.06,0.0,2.0,211.06,0,0,
test_q4_2024,2024-11-26,1314,LOJA 1314,57817,OSELTAMIVIR 45MG CAPS/10 GN-NATCOF,105913,C,9,1,2,0.84,5,2.0,0,2.0,0,,2.0,0,0.0,0.0,2.5,0.0,0.0,0.0,2.0,0,105.53,116.25,211.06,0.0,2.0,211.06,0,0,
test_q4_2024,2024-11-27,1314,LOJA 1314,57817,OSELTAMIVIR 45MG CAPS/10 GN-NATCOF,105913,C,9,1,2,0.84,5,2.0,0,2.0,0,,2.0,0,0.0,0.0,2.5,0.0,0.0,0.0,2.0,0,105.53,116.25,211.06,0.0,2.0,211.06,0,0,
test_q4_2024,2024-11-28,1314,LOJA 1314,57817,OSELTAMIVIR 45MG CAPS/10 GN-NATCOF,105913,C,9,1,2,0.84,5,2.0,0,2.0,0,,2.0,0,0.0,0.0,2.5,0.0,0.0,0.0,2.0,0,105.53,116.25,211.06,0.0,2.0,211.06,0,0,
test_q4_2024,2024-11-29,1314,LOJA 1314,57817,OSELTAMIVIR 45MG CAPS/10 GN-NATCOF,105913,C,9,1,2,0.84,5,2.0,0,2.0,0,,2.0,0,0.0,0.0,2.5,0.0,0.0,0.0,2.0,0,105.53,116.25,211.06,0.0,2.0,211.06,0,1,PAGUE E LEVE
test_q4_2024,2024-11-30,1314,LOJA 1314,57817,OSELTAMIVIR 45MG CAPS/10 GN-NATCOF,105913,C,9,1,2,0.84,5,2.0,0,2.0,0,,2.0,0,0.0,0.0,2.5,0.0,0.0,0.0,2.0,0,105.53,116.25,211.06,0.0,2.0,211.06,0,0,
test_q4_2024,2024-12-01,1314,LOJA 1314,57817,OSELTAMIVIR 45MG CAPS/10 GN-NATCOF,105913,C,9,1,2,0.84,5,2.0,0,2.0,0,,2.0,0,0.0,0.0,2.5,0.0,0.0,0.0,2.0,0,105.53,116.25,211.06,0.0,,,0,0,
test_q4_2024,2024-12-02,1314,LOJA 1314,57817,OSELTAMIVIR 45MG CAPS/10 GN-NATCOF,105913,C,9,1,2,0.84,5,2.0,0,2.0,0,,2.0,0,0.0,0.0,2.5,0.0,0.0,0.0,2.0,0,105.53,116.25,211.06,0.0,2.0,211.06,0,0,
test_q4_2024,2024-12-03,1314,LOJA 1314,57817,OSELTAMIVIR 45MG CAPS/10 GN-NATCOF,105913,C,9,1,2,0.84,5,2.0,0,2.0,0,,2.0,0,0.0,0.0,2.5,0.0,0.0,0.0,2.0,0,105.53,116.25,211.06,0.0,2.0,211.06,0,0,
test_q4_2024,2024-12-04,1314,LOJA 1314,57817,OSELTAMIVIR 45MG CAPS/10 GN-NATCOF,105913,C,9,1,2,0.84,5,2.0,0,2.0,0,,2.0,0,0.0,0.0,2.5,0.0,0.0,0.0,2.0,0,105.53,116.25,211.06,0.0,2.0,211.06,0,0,
test_q4_2024,2024-12-05,1314,LOJA 1314,57817,OSELTAMIVIR 45MG CAPS/10 GN-NATCOF,105913,C,9,1,2,0.84,5,2.0,0,2.0,0,,2.0,0,0.0,0.0,2.5,0.0,0.0,0.0,2.0,0,105.53,116.25,211.06,0.0,2.0,211.06,0,0,
test_q4_2024,2024-12-06,1314,LOJA 1314,57817,OSELTAMIVIR 45MG CAPS/10 GN-NATCOF,105913,C,9,1,2,0.84,5,2.0,0,2.0,0,,2.0,0,0.0,0.0,2.5,0.0,0.0,0.0,2.0,0,105.53,116.25,211.06,0.0,2.0,211.06,0,1,PAGUE E LEVE
test_q4_2024,2024-12-07,1314,LOJA 1314,57817,OSELTAMIVIR 45MG CAPS/10 GN-NATCOF,105913,C,9,1,2,0.84,5,2.0,0,2.0,0,,2.0,0,0.0,0.0,2.5,0.0,0.0,0.0,2.0,0,105.53,116.25,211.06,0.0,2.0,211.06,0,0,
test_q4_2024,2024-12-08,1314,LOJA 1314,57817,OSELTAMIVIR 45MG CAPS/10 GN-NATCOF,105913,C,9,1,2,0.84,5,2.0,0,2.0,0,,2.0,0,0.0,0.0,2.5,0.0,0.0,0.0,2.0,0,105.53,116.25,211.06,0.0,,,0,0,
test_q4_2024,2024-12-09,1314,LOJA 1314,57817,OSELTAMIVIR 45MG CAPS/10 GN-NATCOF,105913,C,9,1,2,0.84,5,2.0,0,2.0,0,,2.0,0,0.0,0.0,2.5,0.0,0.0,0.0,2.0,0,105.53,116.25,211.06,0.0,2.0,211.06,0,0,
test_q4_2024,2024-12-10,1314,LOJA 1314,57817,OSELTAMIVIR 45MG CAPS/10 GN-NATCOF,105913,C,9,1,2,0.84,5,2.0,0,2.0,0,,2.0,0,0.0,0.0,2.5,0.0,0.0,0.0,2.0,0,105.53,116.25,211.06,0.0,2.0,211.06,0,0,
test_q4_2024,2024-12-11,1314,LOJA 1314,57817,OSELTAMIVIR 45MG CAPS/10 GN-NATCOF,105913,C,9,1,2,0.84,5,2.0,0,2.0,0,,2.0,0,0.0,0.0,2.5,0.0,0.0,0.0,2.0,0,105.53,116.25,211.06,0.0,2.0,211.06,0,0,
test_q4_2024,2024-12-12,1314,LOJA 1314,57817,OSELTAMIVIR 45MG CAPS/10 GN-NATCOF,105913,C,9,1,2,0.84,5,2.0,0,2.0,0,,2.0,0,0.0,0.0,2.5,0.0,0.0,0.0,2.0,0,105.53,116.25,211.06,0.0,2.0,211.06,0,0,
test_q4_2024,2024-12-13,1314,LOJA 1314,57817,OSELTAMIVIR 45MG CAPS/10 GN-NATCOF,105913,C,9,1,2,0.84,5,2.0,0,2.0,0,,2.0,0,0.0,0.0,2.5,0.0,0.0,0.0,2.0,0,105.53,116.25,211.06,0.0,2.0,211.06,0,1,PAGUE E LEVE
test_q4_2024,2024-12-14,1314,LOJA 1314,57817,OSELTAMIVIR 45MG CAPS/10 GN-NATCOF,105913,C,9,1,2,0.84,5,2.0,0,2.0,0,,2.0,0,0.0,0.0,2.5,0.0,0.0,0.0,2.0,0,105.53,116.25,211.06,0.0,2.0,211.06,0,0,
test_q4_2024,2024-12-15,1314,LOJA 1314,57817,OSELTAMIVIR 45MG CAPS/10 GN-NATCOF,105913,C,9,1,2,0.84,5,2.0,0,2.0,0,,2.0,0,0.0,0.0,2.5,0.0,0.0,0.0,2.0,0,105.53,116.25,211.06,0.0,,,0,0,
test_q4_2024,2024-12-16,1314,LOJA 1314,57817,OSELTAMIVIR 45MG CAPS/10 GN-NATCOF,105913,C,9,1,2,0.84,5,2.0,0,2.0,0,,2.0,0,0.0,0.0,2.5,0.0,0.0,0.0,2.0,0,105.53,116.25,211.06,0.0,2.0,211.06,0,0,
test_q4_2024,2024-12-17,1314,LOJA 1314,57817,OSELTAMIVIR 45MG CAPS/10 GN-NATCOF,105913,C,9,1,2,0.84,5,2.0,0,2.0,0,,2.0,0,0.0,0.0,2.5,0.0,0.0,0.0,2.0,0,105.53,116.25,211.06,0.0,2.0,211.06,0,0,
test_q4_2024,2024-12-18,1314,LOJA 1314,57817,OSELTAMIVIR 45MG CAPS/10 GN-NATCOF,105913,C,9,1,2,0.84,5,2.0,0,2.0,0,,2.0,0,0.0,0.0,2.5,0.0,0.0,0.0,2.0,0,105.53,116.25,211.06,0.0,2.0,211.06,0,0,
test_q4_2024,2024-12-19,1314,LOJA 1314,57817,OSELTAMIVIR 45MG CAPS/10 GN-NATCOF,105913,C,9,1,2,0.84,5,2.0,0,2.0,0,,2.0,0,0.0,0.0,2.5,0.0,0.0,0.0,2.0,0,105.53,116.25,211.06,0.0,2.0,211.06,0,0,
test_q4_2024,2024-12-20,1314,LOJA 1314,57817,OSELTAMIVIR 45MG CAPS/10 GN-NATCOF,105913,C,9,1,2,0.84,5,2.0,0,2.0,0,,2.0,0,0.0,0.0,2.5,0.0,0.0,0.0,2.0,0,105.53,116.25,211.06,0.0,2.0,211.06,0,1,PAGUE E LEVE
test_q4_2024,2024-12-21,1314,LOJA 1314,57817,OSELTAMIVIR 45MG CAPS/10 GN-NATCOF,105913,C,9,1,2,0.84,5,2.0,0,2.0,0,,2.0,0,0.0,0.0,2.5,0.0,0.0,0.0,2.0,0,105.53,116.25,211.06,0.0,2.0,211.06,0,0,
test_q4_2024,2024-12-22,1314,LOJA 1314,57817,OSELTAMIVIR 45MG CAPS/10 GN-NATCOF,105913,C,9,1,2,0.84,5,2.0,0,2.0,0,,2.0,0,0.0,0.0,2.5,0.0,0.0,0.0,2.0,0,105.53,116.25,211.06,0.0,,,0,0,
test_q4_2024,2024-12-23,1314,LOJA 1314,57817,OSELTAMIVIR 45MG CAPS/10 GN-NATCOF,105913,C,9,1,2,0.84,5,2.0,0,2.0,0,,2.0,0,0.0,0.0,2.5,0.0,0.0,0.0,2.0,0,105.53,116.25,211.06,0.0,2.0,211.06,0,0,
test_q4_2024,2024-12-24,1314,LOJA 1314,57817,OSELTAMIVIR 45MG CAPS/10 GN-NATCOF,105913,C,9,1,2,0.84,5,2.0,0,2.0,0,,2.0,0,0.0,0.0,2.5,0.0,0.0,0.0,2.0,0,105.53,116.25,211.06,0.0,2.0,211.06,0,0,
test_q4_2024,2024-12-25,1314,LOJA 1314,57817,OSELTAMIVIR 45MG CAPS/10 GN-NATCOF,105913,C,9,1,2,0.84,5,2.0,0,2.0,0,,2.0,0,0.0,0.0,2.5,0.0,0.0,0.0,2.0,0,105.53,116.25,211.06,0.0,2.0,211.06,0,0,
test_q4_2024,2024-12-26,1314,LOJA 1314,57817,OSELTAMIVIR 45MG CAPS/10 GN-NATCOF,105913,C,9,1,2,0.84,5,2.0,0,2.0,0,,2.0,0,0.0,0.0,2.5,0.0,0.0,0.0,2.0,0,105.53,116.25,211.06,0.0,2.0,211.06,0,0,
test_q4_2024,2024-12-27,1314,LOJA 1314,57817,OSELTAMIVIR 45MG CAPS/10 GN-NATCOF,105913,C,9,1,2,0.84,5,2.0,0,2.0,0,,2.0,0,0.0,0.0,2.5,0.0,0.0,0.0,2.0,0,105.53,116.25,211.06,0.0,2.0,211.06,0,1,PAGUE E LEVE
test_q4_2024,2024-12-28,1314,LOJA 1314,57817,OSELTAMIVIR 45MG CAPS/10 GN-NATCOF,105913,C,9,1,2,0.84,5,2.0,0,2.0,0,,2.0,0,0.0,0.0,2.5,0.0,0.0,0.0,2.0,0,105.53,116.25,211.06,0.0,2.0,211.06,0,0,
test_q4_2024,2024-12-29,1314,LOJA 1314,57817,OSELTAMIVIR 45MG CAPS/10 GN-NATCOF,105913,C,9,1,2,0.84,5,2.0,0,2.0,0,,2.0,0,0.0,0.0,2.5,0.0,0.0,0.0,2.0,0,105.53,116.25,211.06,0.0,,,0,0,
test_q4_2024,2024-12-30,1314,LOJA 1314,57817,OSELTAMIVIR 45MG CAPS/10 GN-NATCOF,105913,C,9,1,2,0.84,5,2.0,0,2.0,0,,2.0,0,0.0,0.0,2.5,0.0,0.0,0.0,2.0,0,105.53,116.25,211.06,0.0,2.0,211.06,0,0,
test_q4_2024,2024-12-31,1314,LOJA 1314,57817,OSELTAMIVIR 45MG CAPS/10 GN-NATCOF,105913,C,9,1,2,0.84,5,2.0,0,2.0,0,,2.0,0,0.0,0.0,2.5,0.0,0.0,0.0,2.0,0,105.53,116.25,211.06,0.0,2.0,211.06,0,0,
test_q4_2024,2024-10-01,1314,LOJA 1314,57912,LORATAMED D XPE 60ML,51356,C,9,1,2,0.84,5,2.0,0,2.0,0,,2.0,0,0.0,0.0,2.0984848484848486,0.0,0.0,0.0,2.0,0,23.87,27.81,47.74,0.0,2.0,47.74,0,0,
test_q4_2024,2024-10-02,1314,LOJA 1314,57912,LORATAMED D XPE 60ML,51356,C,9,1,2,0.84,5,2.0,0,2.0,0,,2.0,0,0.0,0.0,2.0984848484848486,0.0,0.0,0.0,2.0,0,23.87,27.81,47.74,0.0,2.0,47.74,0,0,
test_q4_2024,2024-10-03,1314,LOJA 1314,57912,LORATAMED D XPE 60ML,51356,C,9,1,2,0.84,5,2.0,0,2.0,0,,2.0,0,0.0,0.0,2.0984848484848486,0.0,0.0,0.0,2.0,0,23.87,27.81,47.74,0.0,2.0,47.74,0,0,
test_q4_2024,2024-10-04,1314,LOJA 1314,57912,LORATAMED D XPE 60ML,51356,C,9,1,2,0.84,5,2.0,0,2.0,0,,2.0,0,0.0,0.0,2.0984848484848486,0.0,0.0,0.0,2.0,0,23.87,27.81,47.74,0.0,2.0,47.74,0,0,
test_q4_2024,2024-10-05,1314,LOJA 1314,57912,LORATAMED D XPE 60ML,51356,C,9,1,2,0.84,5,2.0,0,2.0,0,,2.0,0,0.0,0.0,2.0984848484848486,0.0,0.0,0.0,2.0,0,23.87,27.81,47.74,0.0,2.0,47.74,0,0,
test_q4_2024,2024-10-06,1314,LOJA 1314,57912,LORATAMED D XPE 60ML,51356,C,9,1,2,0.84,5,2.0,0,2.0,0,,2.0,0,0.0,0.0,2.0984848484848486,0.0,0.0,0.0,2.0,0,23.87,27.81,47.74,0.0,,,0,0,
test_q4_2024,2024-10-07,1314,LOJA 1314,57912,LORATAMED D XPE 60ML,51356,C,9,1,2,0.84,5,2.0,0,2.0,0,,2.0,0,0.0,0.0,2.0984848484848486,0.0,0.0,0.0,2.0,0,23.87,27.81,47.74,0.0,2.0,47.74,0,0,
test_q4_2024,2024-10-08,1314,LOJA 1314,57912,LORATAMED D XPE 60ML,51356,C,9,1,2,0.84,5,2.0,0,2.0,0,,2.0,0,0.0,0.0,2.0984848484848486,0.0,0.0,0.0,2.0,0,23.87,27.81,47.74,0.0,2.0,47.74,0,0,
test_q4_2024,2024-10-09,1314,LOJA 1314,57912,LORATAMED D XPE 60ML,51356,C,9,1,2,0.84,5,2.0,0,2.0,0,,2.0,0,0.0,0.0,2.0984848484848486,0.0,0.0,0.0,2.0,0,23.87,27.81,47.74,0.0,2.0,47.74,0,0,
test_q4_2024,2024-10-10,1314,LOJA 1314,57912,LORATAMED D XPE 60ML,51356,C,9,1,2,0.84,5,2.0,0,2.0,0,,2.0,0,0.0,0.0,2.0984848484848486,0.0,0.0,0.0,2.0,0,23.87,27.81,47.74,0.0,2.0,47.74,0,0,
test_q4_2024,2024-10-11,1314,LOJA 1314,57912,LORATAMED D XPE 60ML,51356,C,9,1,2,0.84,5,2.0,0,2.0,0,,2.0,0,0.0,0.0,2.0984848484848486,0.0,0.0,0.0,2.0,0,23.87,27.81,47.74,0.0,2.0,47.74,0,0,
test_q4_2024,2024-10-12,1314,LOJA 1314,57912,LORATAMED D XPE 60ML,51356,C,9,1,2,0.84,5,2.0,0,2.0,0,,2.0,0,0.0,0.0,2.0984848484848486,0.0,0.0,0.0,2.0,0,23.87,27.81,47.74,0.0,2.0,47.74,0,0,
test_q4_2024,2024-10-13,1314,LOJA 1314,57912,LORATAMED D XPE 60ML,51356,C,9,1,2,0.84,5,2.0,0,2.0,0,,2.0,0,0.0,0.0,2.0984848484848486,0.0,0.0,0.0,2.0,0,23.87,27.81,47.74,0.0,,,0,0,
test_q4_2024,2024-10-14,1314,LOJA 1314,57912,LORATAMED D XPE 60ML,51356,C,9,1,2,0.84,5,2.0,0,2.0,0,,2.0,0,0.0,0.0,2.0984848484848486,0.0,0.0,0.0,2.0,0,23.87,27.81,47.74,0.0,2.0,47.74,0,0,
test_q4_2024,2024-10-15,1314,LOJA 1314,57912,LORATAMED D XPE 60ML,51356,C,9,1,2,0.84,5,2.0,0,2.0,0,,2.0,0,0.0,0.0,2.0984848484848486,0.0,0.0,0.0,2.0,0,23.87,27.81,47.74,0.0,2.0,47.74,0,0,
test_q4_2024,2024-10-16,1314,LOJA 1314,57912,LORATAMED D XPE 60ML,51356,C,9,1,2,0.84,5,2.0,0,2.0,0,,2.0,0,0.0,0.0,2.0984848484848486,0.0,0.0,0.0,2.0,0,23.87,27.81,47.74,0.0,2.0,47.74,0,0,
test_q4_2024,2024-10-17,1314,LOJA 1314,57912,LORATAMED D XPE 60ML,51356,C,9,1,2,0.84,5,2.0,0,2.0,0,,2.0,0,0.0,0.0,2.0984848484848486,0.0,0.0,0.0,2.0,0,23.87,27.81,47.74,0.0,2.0,47.74,0,0,
test_q4_2024,2024-10-18,1314,LOJA 1314,57912,LORATAMED D XPE 60ML,51356,C,9,1,2,0.84,5,2.0,0,2.0,0,,2.0,0,0.0,0.0,2.0984848484848486,0.0,0.0,0.0,2.0,0,23.87,27.81,47.74,0.0,2.0,47.74,0,0,
test_q4_2024,2024-10-19,1314,LOJA 1314,57912,LORATAMED D XPE 60ML,51356,C,9,1,2,0.84,5,2.0,0,2.0,0,,2.0,0,0.0,0.0,2.0984848484848486,0.0,0.0,0.0,2.0,0,23.87,27.81,47.74,0.0,2.0,47.74,0,0,
test_q4_2024,2024-10-20,1314,LOJA 1314,57912,LORATAMED D XPE 60ML,51356,C,9,1,2,0.84,5,2.0,0,2.0,0,,2.0,0,0.0,0.0,2.0984848484848486,0.0,0.0,0.0,2.0,0,23.87,27.81,47.74,0.0,,,0,0,
test_q4_2024,2024-10-21,1314,LOJA 1314,57912,LORATAMED D XPE 60ML,51356,C,9,1,2,0.84,5,2.0,0,2.0,0,,2.0,0,0.0,0.0,2.0984848484848486,0.0,0.0,0.0,2.0,0,23.87,27.81,47.74,0.0,2.0,47.74,0,0,
test_q4_2024,2024-10-22,1314,LOJA 1314,57912,LORATAMED D XPE 60ML,51356,C,9,1,2,0.84,5,2.0,0,2.0,0,,2.0,0,0.0,0.0,2.0984848484848486,0.0,0.0,0.0,2.0,0,23.87,27.81,47.74,0.0,2.0,47.74,0,0,
test_q4_2024,2024-10-23,1314,LOJA 1314,57912,LORATAMED D XPE 60ML,51356,C,9,1,2,0.84,5,2.0,0,2.0,0,,2.0,0,0.0,0.0,2.0984848484848486,0.0,0.0,0.0,2.0,0,23.87,27.81,47.74,0.0,2.0,47.74,0,0,
test_q4_2024,2024-10-24,1314,LOJA 1314,57912,LORATAMED D XPE 60ML,51356,C,9,1,2,0.84,5,2.0,0,2.0,0,,2.0,0,0.0,0.0,2.0984848484848486,0.0,0.0,0.0,2.0,0,23.87,27.81,47.74,0.0,2.0,47.74,0,0,
test_q4_2024,2024-10-25,1314,LOJA 1314,57912,LORATAMED D XPE 60ML,51356,C,9,1,2,0.84,5,2.0,0,2.0,0,,2.0,0,0.0,0.0,2.0984848484848486,0.0,0.0,0.0,2.0,0,23.87,27.81,47.74,0.0,2.0,47.74,0,0,
test_q4_2024,2024-10-26,1314,LOJA 1314,57912,LORATAMED D XPE 60ML,51356,C,9,1,2,0.84,5,2.0,0,2.0,0,,2.0,0,0.0,0.0,2.0984848484848486,0.0,0.0,0.0,2.0,0,23.87,27.81,47.74,0.0,2.0,47.74,0,0,
test_q4_2024,2024-10-27,1314,LOJA 1314,57912,LORATAMED D XPE 60ML,51356,C,9,1,2,0.84,5,2.0,0,2.0,0,,2.0,0,0.0,0.0,2.0984848484848486,0.0,0.0,0.0,2.0,0,23.87,27.81,47.74,0.0,,,0,0,
test_q4_2024,2024-10-28,1314,LOJA 1314,57912,LORATAMED D XPE 60ML,51356,C,9,1,2,0.84,5,2.0,0,2.0,0,,2.0,0,0.0,0.0,2.0984848484848486,0.0,0.0,0.0,2.0,0,23.87,27.81,47.74,0.0,2.0,47.74,0,0,
test_q4_2024,2024-10-29,1314,LOJA 1314,57912,LORATAMED D XPE 60ML,51356,C,9,1,2,0.84,5,2.0,0,2.0,0,,2.0,0,0.0,0.0,2.0984848484848486,0.0,0.0,0.0,2.0,0,23.87,27.81,47.74,0.0,2.0,47.74,0,0,
test_q4_2024,2024-10-30,1314,LOJA 1314,57912,LORATAMED D XPE 60ML,51356,C,9,1,2,0.84,5,2.0,0,2.0,0,,2.0,0,0.0,0.0,2.0984848484848486,0.0,0.0,0.0,2.0,0,23.87,27.81,47.74,0.0,2.0,47.74,0,0,
test_q4_2024,2024-10-31,1314,LOJA 1314,57912,LORATAMED D XPE 60ML,51356,C,9,1,2,0.84,5,2.0,0,2.0,0,,2.0,0,0.0,0.0,2.0984848484848486,0.0,0.0,0.0,2.0,0,23.87,27.81,47.74,0.0,2.0,47.74,0,0,
test_q4_2024,2024-11-01,1314,LOJA 1314,57912,LORATAMED D XPE 60ML,51356,C,9,1,2,0.84,5,2.0,0,2.0,0,,2.0,0,0.0,0.0,2.0984848484848486,0.0,0.0,0.0,2.0,0,23.87,27.81,47.74,0.0,2.0,47.74,0,0,
test_q4_2024,2024-11-02,1314,LOJA 1314,57912,LORATAMED D XPE 60ML,51356,C,9,1,2,0.84,5,2.0,0,2.0,0,,2.0,0,0.0,0.0,2.0984848484848486,0.0,0.0,0.0,2.0,0,23.87,27.81,47.74,0.0,2.0,47.74,0,0,
test_q4_2024,2024-11-03,1314,LOJA 1314,57912,LORATAMED D XPE 60ML,51356,C,9,1,2,0.84,5,2.0,0,2.0,0,,2.0,0,0.0,0.0,2.0984848484848486,0.0,0.0,0.0,2.0,0,23.87,27.81,47.74,0.0,,,0,0,
test_q4_2024,2024-11-04,1314,LOJA 1314,57912,LORATAMED D XPE 60ML,51356,C,9,1,2,0.84,5,2.0,0,2.0,0,,2.0,0,0.0,0.0,2.0984848484848486,0.0,0.0,0.0,2.0,0,23.87,27.81,47.74,0.0,2.0,47.74,0,0,
test_q4_2024,2024-11-05,1314,LOJA 1314,57912,LORATAMED D XPE 60ML,51356,C,9,1,2,0.84,5,2.0,0,2.0,0,,2.0,0,0.0,0.0,2.0984848484848486,0.0,0.0,0.0,2.0,0,23.87,27.81,47.74,0.0,2.0,47.74,0,0,
test_q4_2024,2024-11-06,1314,LOJA 1314,57912,LORATAMED D XPE 60ML,51356,C,9,1,2,0.84,5,2.0,0,2.0,0,,2.0,0,0.0,0.0,2.0984848484848486,0.0,0.0,0.0,2.0,0,23.87,27.81,47.74,0.0,2.0,47.74,0,0,
test_q4_2024,2024-11-07,1314,LOJA 1314,57912,LORATAMED D XPE 60ML,51356,C,9,1,2,0.84,5,2.0,0,2.0,0,,2.0,0,0.0,0.0,2.0984848484848486,0.0,0.0,0.0,2.0,0,23.87,27.81,47.74,0.0,2.0,47.74,0,0,
test_q4_2024,2024-11-08,1314,LOJA 1314,57912,LORATAMED D XPE 60ML,51356,C,9,1,2,0.84,5,2.0,0,2.0,0,,2.0,0,0.0,0.0,2.0984848484848486,0.0,0.0,0.0,2.0,0,23.87,27.81,47.74,0.0,2.0,47.74,0,0,
test_q4_2024,2024-11-09,1314,LOJA 1314,57912,LORATAMED D XPE 60ML,51356,C,9,1,2,0.84,5,2.0,0,2.0,0,,2.0,0,0.0,0.0,2.0984848484848486,0.0,0.0,0.0,2.0,0,23.87,27.81,47.74,0.0,2.0,47.74,0,0,
test_q4_2024,2024-11-10,1314,LOJA 1314,57912,LORATAMED D XPE 60ML,51356,C,9,1,2,0.84,5,2.0,0,2.0,0,,2.0,0,0.0,0.0,2.0984848484848486,0.0,0.0,0.0,2.0,0,23.87,27.81,47.74,0.0,,,0,0,
test_q4_2024,2024-11-11,1314,LOJA 1314,57912,LORATAMED D XPE 60ML,51356,C,9,1,2,0.84,5,2.0,0,2.0,0,,2.0,0,0.0,0.0,2.0984848484848486,0.0,0.0,0.0,2.0,0,23.87,27.81,47.74,0.0,2.0,47.74,0,0,
test_q4_2024,2024-11-12,1314,LOJA 1314,57912,LORATAMED D XPE 60ML,51356,C,9,1,2,0.84,5,2.0,0,2.0,0,,2.0,0,0.0,0.0,2.0984848484848486,0.0,0.0,0.0,2.0,0,23.87,27.81,47.74,0.0,2.0,47.74,0,0,
test_q4_2024,2024-11-13,1314,LOJA 1314,57912,LORATAMED D XPE 60ML,51356,C,9,1,2,0.84,5,2.0,0,2.0,0,,2.0,0,0.0,0.0,2.0984848484848486,0.0,0.0,0.0,2.0,0,23.87,27.81,47.74,0.0,2.0,47.74,0,0,
test_q4_2024,2024-11-14,1314,LOJA 1314,57912,LORATAMED D XPE 60ML,51356,C,9,1,2,0.84,5,2.0,0,2.0,0,,2.0,0,0.0,0.0,2.0984848484848486,0.0,0.0,0.0,2.0,0,23.87,27.81,47.74,0.0,2.0,47.74,0,0,
test_q4_2024,2024-11-15,1314,LOJA 1314,57912,LORATAMED D XPE 60ML,51356,C,9,1,2,0.84,5,2.0,0,2.0,0,,2.0,0,0.0,0.0,2.0984848484848486,0.0,0.0,0.0,2.0,0,23.87,27.81,47.74,0.0,2.0,47.74,0,0,
test_q4_2024,2024-11-16,1314,LOJA 1314,57912,LORATAMED D XPE 60ML,51356,C,9,1,2,0.84,5,2.0,0,2.0,0,,2.0,0,0.0,0.0,2.0984848484848486,0.0,0.0,0.0,2.0,0,23.87,27.81,47.74,0.0,2.0,47.74,0,0,
test_q4_2024,2024-11-17,1314,LOJA 1314,57912,LORATAMED D XPE 60ML,51356,C,9,1,2,0.84,5,2.0,0,2.0,0,,2.0,0,0.0,0.0,2.0984848484848486,0.0,0.0,0.0,2.0,0,23.87,27.81,47.74,0.0,,,0,0,
test_q4_2024,2024-11-18,1314,LOJA 1314,57912,LORATAMED D XPE 60ML,51356,C,9,1,2,0.84,5,2.0,0,2.0,0,,2.0,0,0.0,0.0,2.0984848484848486,0.0,0.0,0.0,2.0,0,23.87,27.81,47.74,0.0,2.0,47.74,0,0,
test_q4_2024,2024-11-19,1314,LOJA 1314,57912,LORATAMED D XPE 60ML,51356,C,9,1,2,0.84,5,2.0,0,2.0,0,,2.0,0,0.0,0.0,2.0984848484848486,0.0,0.0,0.0,2.0,0,23.87,27.81,47.74,0.0,2.0,47.74,0,0,
test_q4_2024,2024-11-20,1314,LOJA 1314,57912,LORATAMED D XPE 60ML,51356,C,9,1,2,0.84,5,2.0,0,2.0,0,,2.0,0,0.0,0.0,2.0984848484848486,0.0,0.0,0.0,2.0,0,23.87,27.81,47.74,0.0,2.0,47.74,0,0,
test_q4_2024,2024-11-21,1314,LOJA 1314,57912,LORATAMED D XPE 60ML,51356,C,9,1,2,0.84,5,2.0,0,2.0,0,,2.0,0,0.0,0.0,2.0984848484848486,0.0,0.0,0.0,2.0,0,23.87,27.81,47.74,0.0,2.0,47.74,0,0,
test_q4_2024,2024-11-22,1314,LOJA 1314,57912,LORATAMED D XPE 60ML,51356,C,9,1,2,0.84,5,2.0,0,2.0,0,,2.0,0,0.0,0.0,2.0984848484848486,0.0,0.0,0.0,2.0,0,23.87,27.81,47.74,0.0,2.0,47.74,0,0,
test_q4_2024,2024-11-23,1314,LOJA 1314,57912,LORATAMED D XPE 60ML,51356,C,9,1,2,0.84,5,2.0,0,2.0,0,,2.0,0,0.0,0.0,2.0984848484848486,0.0,0.0,0.0,2.0,0,23.87,27.81,47.74,0.0,2.0,47.74,0,0,
test_q4_2024,2024-11-24,1314,LOJA 1314,57912,LORATAMED D XPE 60ML,51356,C,9,1,2,0.84,5,2.0,0,2.0,0,,2.0,0,0.0,0.0,2.0984848484848486,0.0,0.0,0.0,2.0,0,23.87,27.81,47.74,0.0,,,0,0,
test_q4_2024,2024-11-25,1314,LOJA 1314,57912,LORATAMED D XPE 60ML,51356,C,9,1,2,0.84,5,2.0,0,2.0,0,,2.0,0,0.0,0.0,2.0984848484848486,0.0,0.0,0.0,2.0,0,23.87,27.81,47.74,0.0,2.0,47.74,0,0,
test_q4_2024,2024-11-26,1314,LOJA 1314,57912,LORATAMED D XPE 60ML,51356,C,9,1,2,0.84,5,2.0,0,2.0,0,,2.0,0,0.0,0.0,2.0984848484848486,0.0,0.0,0.0,2.0,0,23.87,27.81,47.74,0.0,2.0,47.74,0,0,
test_q4_2024,2024-11-27,1314,LOJA 1314,57912,LORATAMED D XPE 60ML,51356,C,9,1,2,0.84,5,2.0,0,2.0,0,,2.0,0,0.0,0.0,2.0984848484848486,0.0,0.0,0.0,2.0,0,23.87,27.81,47.74,0.0,2.0,47.74,0,0,
test_q4_2024,2024-11-28,1314,LOJA 1314,57912,LORATAMED D XPE 60ML,51356,C,9,1,2,0.84,5,2.0,0,2.0,0,,2.0,0,0.0,0.0,2.0984848484848486,0.0,0.0,0.0,2.0,0,23.87,27.81,47.74,0.0,2.0,47.74,0,0,
test_q4_2024,2024-11-29,1314,LOJA 1314,57912,LORATAMED D XPE 60ML,51356,C,9,1,2,0.84,5,2.0,0,2.0,0,,2.0,0,0.0,0.0,2.0984848484848486,0.0,0.0,0.0,2.0,0,23.87,27.81,47.74,0.0,2.0,47.74,0,0,
test_q4_2024,2024-11-30,1314,LOJA 1314,57912,LORATAMED D XPE 60ML,51356,C,9,1,2,0.84,5,2.0,0,2.0,0,,2.0,0,0.0,0.0,2.0984848484848486,0.0,0.0,0.0,2.0,0,23.87,27.81,47.74,0.0,2.0,47.74,0,0,
test_q4_2024,2024-12-01,1314,LOJA 1314,57912,LORATAMED D XPE 60ML,51356,C,9,1,2,0.84,5,2.0,0,2.0,0,,2.0,0,0.0,0.0,2.0984848484848486,0.0,0.0,0.0,2.0,0,23.87,27.81,47.74,0.0,,,0,0,
test_q4_2024,2024-12-02,1314,LOJA 1314,57912,LORATAMED D XPE 60ML,51356,C,9,1,2,0.84,5,2.0,0,2.0,0,,2.0,0,0.0,0.0,2.0984848484848486,0.0,0.0,0.0,2.0,0,23.87,27.81,47.74,0.0,2.0,47.74,0,0,
test_q4_2024,2024-12-03,1314,LOJA 1314,57912,LORATAMED D XPE 60ML,51356,C,9,1,2,0.84,5,2.0,0,2.0,0,,2.0,0,0.0,0.0,2.0984848484848486,0.0,0.0,0.0,2.0,0,23.87,27.81,47.74,0.0,2.0,47.74,0,0,
test_q4_2024,2024-12-04,1314,LOJA 1314,57912,LORATAMED D XPE 60ML,51356,C,9,1,2,0.84,5,2.0,0,2.0,0,,2.0,0,0.0,0.0,2.0984848484848486,0.0,0.0,0.0,2.0,0,23.87,27.81,47.74,0.0,2.0,47.74,0,0,
test_q4_2024,2024-12-05,1314,LOJA 1314,57912,LORATAMED D XPE 60ML,51356,C,9,1,2,0.84,5,2.0,0,2.0,0,,2.0,0,0.0,0.0,2.0984848484848486,0.0,0.0,0.0,2.0,0,23.87,27.81,47.74,0.0,2.0,47.74,0,0,
test_q4_2024,2024-12-06,1314,LOJA 1314,57912,LORATAMED D XPE 60ML,51356,C,9,1,2,0.84,5,2.0,0,2.0,0,,2.0,0,0.0,0.0,2.0984848484848486,0.0,0.0,0.0,2.0,0,23.87,27.81,47.74,0.0,2.0,47.74,0,0,
test_q4_2024,2024-12-07,1314,LOJA 1314,57912,LORATAMED D XPE 60ML,51356,C,9,1,2,0.84,5,2.0,0,2.0,0,,2.0,0,0.0,0.0,2.0984848484848486,0.0,0.0,0.0,2.0,0,23.87,27.81,47.74,0.0,2.0,47.74,0,0,
test_q4_2024,2024-12-08,1314,LOJA 1314,57912,LORATAMED D XPE 60ML,51356,C,9,1,2,0.84,5,2.0,0,2.0,0,,2.0,0,0.0,0.0,2.0984848484848486,0.0,0.0,0.0,2.0,0,23.87,27.81,47.74,0.0,,,0,0,
test_q4_2024,2024-12-09,1314,LOJA 1314,57912,LORATAMED D XPE 60ML,51356,C,9,1,2,0.84,5,2.0,0,2.0,0,,2.0,0,0.0,0.0,2.0984848484848486,0.0,0.0,0.0,2.0,0,23.87,27.81,47.74,0.0,2.0,47.74,0,0,
test_q4_2024,2024-12-10,1314,LOJA 1314,57912,LORATAMED D XPE 60ML,51356,C,9,1,2,0.84,5,2.0,0,2.0,0,,2.0,0,0.0,0.0,2.0984848484848486,0.0,0.0,0.0,2.0,0,23.87,27.81,47.74,0.0,2.0,47.74,0,0,
test_q4_2024,2024-12-11,1314,LOJA 1314,57912,LORATAMED D XPE 60ML,51356,C,9,1,2,0.84,5,2.0,0,2.0,0,,2.0,0,0.0,0.0,2.0984848484848486,0.0,0.0,0.0,2.0,0,23.87,27.81,47.74,0.0,2.0,47.74,0,0,
test_q4_2024,2024-12-12,1314,LOJA 1314,57912,LORATAMED D XPE 60ML,51356,C,9,1,2,0.84,5,2.0,0,2.0,0,,2.0,0,0.0,0.0,2.0984848484848486,0.0,0.0,0.0,2.0,0,23.87,27.81,47.74,0.0,2.0,47.74,0,0,
test_q4_2024,2024-12-13,1314,LOJA 1314,57912,LORATAMED D XPE 60ML,51356,C,9,1,2,0.84,5,2.0,0,2.0,0,,2.0,0,0.0,0.0,2.0984848484848486,0.0,0.0,0.0,2.0,0,23.87,27.81,47.74,0.0,2.0,47.74,0,0,
test_q4_2024,2024-12-14,1314,LOJA 1314,57912,LORATAMED D XPE 60ML,51356,C,9,1,2,0.84,5,2.0,0,2.0,0,,2.0,0,0.0,0.0,2.0984848484848486,0.0,0.0,0.0,2.0,0,23.87,27.81,47.74,0.0,2.0,47.74,0,0,
test_q4_2024,2024-12-15,1314,LOJA 1314,57912,LORATAMED D XPE 60ML,51356,C,9,1,2,0.84,5,2.0,0,2.0,0,,2.0,0,0.0,0.0,2.0984848484848486,0.0,0.0,0.0,2.0,0,23.87,27.81,47.74,0.0,,,0,0,
test_q4_2024,2024-12-16,1314,LOJA 1314,57912,LORATAMED D XPE 60ML,51356,C,9,1,2,0.84,5,2.0,0,2.0,0,,2.0,0,0.0,0.0,2.0984848484848486,0.0,0.0,0.0,2.0,0,23.87,27.81,47.74,0.0,2.0,47.74,0,0,
test_q4_2024,2024-12-17,1314,LOJA 1314,57912,LORATAMED D XPE 60ML,51356,C,9,1,2,0.84,5,2.0,0,2.0,0,,2.0,0,0.0,0.0,2.0984848484848486,0.0,0.0,0.0,2.0,0,23.87,27.81,47.74,0.0,2.0,47.74,0,0,
test_q4_2024,2024-12-18,1314,LOJA 1314,57912,LORATAMED D XPE 60ML,51356,C,9,1,2,0.84,5,2.0,0,2.0,0,,2.0,0,0.0,0.0,2.0984848484848486,0.0,0.0,0.0,2.0,0,23.87,27.81,47.74,0.0,2.0,47.74,0,0,
test_q4_2024,2024-12-19,1314,LOJA 1314,57912,LORATAMED D XPE 60ML,51356,C,9,1,2,0.84,5,2.0,0,2.0,0,,2.0,0,0.0,0.0,2.0984848484848486,0.0,0.0,0.0,2.0,0,23.87,27.81,47.74,0.0,2.0,47.74,0,0,
test_q4_2024,2024-12-20,1314,LOJA 1314,57912,LORATAMED D XPE 60ML,51356,C,9,1,2,0.84,5,2.0,0,2.0,0,,2.0,0,0.0,0.0,2.0984848484848486,0.0,0.0,0.0,2.0,0,23.87,27.81,47.74,0.0,2.0,47.74,0,0,
test_q4_2024,2024-12-21,1314,LOJA 1314,57912,LORATAMED D XPE 60ML,51356,C,9,1,2,0.84,5,2.0,0,2.0,0,,2.0,0,0.0,0.0,2.0984848484848486,0.0,0.0,0.0,2.0,0,23.87,27.81,47.74,0.0,2.0,47.74,0,0,
test_q4_2024,2024-12-22,1314,LOJA 1314,57912,LORATAMED D XPE 60ML,51356,C,9,1,2,0.84,5,2.0,0,2.0,0,,2.0,0,0.0,0.0,2.0984848484848486,0.0,0.0,0.0,2.0,0,23.87,27.81,47.74,0.0,,,0,0,
test_q4_2024,2024-12-23,1314,LOJA 1314,57912,LORATAMED D XPE 60ML,51356,C,9,1,2,0.84,5,2.0,0,2.0,0,,2.0,0,0.0,0.0,2.0984848484848486,0.0,0.0,0.0,2.0,0,23.87,27.81,47.74,0.0,2.0,47.74,0,0,
test_q4_2024,2024-12-24,1314,LOJA 1314,57912,LORATAMED D XPE 60ML,51356,C,9,1,2,0.84,5,2.0,0,2.0,0,,2.0,0,0.0,0.0,2.0984848484848486,0.0,0.0,0.0,2.0,0,23.87,27.81,47.74,0.0,2.0,47.74,0,0,
test_q4_2024,2024-12-25,1314,LOJA 1314,57912,LORATAMED D XPE 60ML,51356,C,9,1,2,0.84,5,2.0,0,2.0,0,,2.0,0,0.0,0.0,2.0984848484848486,0.0,0.0,0.0,2.0,0,23.87,27.81,47.74,0.0,2.0,47.74,0,0,
test_q4_2024,2024-12-26,1314,LOJA 1314,57912,LORATAMED D XPE 60ML,51356,C,9,1,2,0.84,5,2.0,0,2.0,0,,2.0,0,0.0,0.0,2.0984848484848486,0.0,0.0,0.0,2.0,0,23.87,27.81,47.74,0.0,2.0,47.74,0,0,
test_q4_2024,2024-12-27,1314,LOJA 1314,57912,LORATAMED D XPE 60ML,51356,C,9,1,2,0.84,5,2.0,0,2.0,0,,2.0,0,0.0,0.0,2.0984848484848486,0.0,0.0,0.0,2.0,0,23.87,27.81,47.74,0.0,2.0,47.74,0,0,
test_q4_2024,2024-12-28,1314,LOJA 1314,57912,LORATAMED D XPE 60ML,51356,C,9,1,2,0.84,5,2.0,0,2.0,0,,2.0,0,0.0,0.0,2.0984848484848486,0.0,0.0,0.0,2.0,0,23.87,27.81,47.74,0.0,2.0,47.74,0,0,
test_q4_2024,2024-12-29,1314,LOJA 1314,57912,LORATAMED D XPE 60ML,51356,C,9,1,2,0.84,5,2.0,0,2.0,0,,2.0,0,0.0,0.0,2.0984848484848486,0.0,0.0,0.0,2.0,0,23.87,27.81,47.74,0.0,,,0,0,
test_q4_2024,2024-12-30,1314,LOJA 1314,57912,LORATAMED D XPE 60ML,51356,C,9,1,2,0.84,5,2.0,0,2.0,0,,2.0,0,0.0,0.0,2.0984848484848486,0.0,0.0,0.0,2.0,0,23.87,27.81,47.74,0.0,2.0,47.74,0,0,
test_q4_2024,2024-12-31,1314,LOJA 1314,57912,LORATAMED D XPE 60ML,51356,C,9,1,2,0.84,5,2.0,0,2.0,0,,2.0,0,0.0,0.0,2.0984848484848486,0.0,0.0,0.0,2.0,0,23.87,27.81,47.74,0.0,2.0,47.74,0,0,
test_q4_2024,2024-10-01,1314,LOJA 1314,58701,ABRILAR XAROPE L-MENTOL 200ML,87021,C,9,1,2,0.84,5,2.0,0,2.0,0,,2.0,0,0.0,0.0,2.5,0.0,0.0,0.0,2.0,0,65.43,78.99,130.86,0.0,2.0,130.86,0,0,
test_q4_2024,2024-10-02,1314,LOJA 1314,58701,ABRILAR XAROPE L-MENTOL 200ML,87021,C,9,1,2,0.84,5,2.0,0,2.0,0,,2.0,0,0.0,0.0,2.5,0.0,0.0,0.0,2.0,0,65.43,78.99,130.86,0.0,2.0,130.86,0,0,
test_q4_2024,2024-10-03,1314,LOJA 1314,58701,ABRILAR XAROPE L-MENTOL 200ML,87021,C,9,1,2,0.84,5,2.0,0,2.0,0,,2.0,0,0.0,0.0,2.5,0.0,0.0,0.0,2.0,0,65.43,78.99,130.86,0.0,2.0,130.86,0,0,
test_q4_2024,2024-10-04,1314,LOJA 1314,58701,ABRILAR XAROPE L-MENTOL 200ML,87021,C,9,1,2,0.84,5,2.0,0,2.0,0,,2.0,0,0.0,0.0,2.5,0.0,0.0,0.0,2.0,0,65.43,78.99,130.86,0.0,2.0,130.86,0,0,
test_q4_2024,2024-10-05,1314,LOJA 1314,58701,ABRILAR XAROPE L-MENTOL 200ML,87021,C,9,1,2,0.84,5,2.0,0,2.0,0,,2.0,0,0.0,0.0,2.5,0.0,0.0,0.0,2.0,0,65.43,78.99,130.86,0.0,2.0,130.86,0,0,
test_q4_2024,2024-10-06,1314,LOJA 1314,58701,ABRILAR XAROPE L-MENTOL 200ML,87021,C,9,1,2,0.84,5,2.0,0,2.0,0,,2.0,0,0.0,0.0,2.5,0.0,0.0,0.0,2.0,0,65.43,78.99,130.86,0.0,,,0,0,
test_q4_2024,2024-10-07,1314,LOJA 1314,58701,ABRILAR XAROPE L-MENTOL 200ML,87021,C,9,1,2,0.84,5,2.0,0,2.0,0,,2.0,0,0.0,0.0,2.5,0.0,0.0,0.0,2.0,0,65.43,78.99,130.86,0.0,2.0,130.86,0,0,
test_q4_2024,2024-10-08,1314,LOJA 1314,58701,ABRILAR XAROPE L-MENTOL 200ML,87021,C,9,1,2,0.84,5,2.0,0,2.0,0,,2.0,0,0.0,0.0,2.5,0.0,0.0,0.0,2.0,0,65.43,78.99,130.86,0.0,2.0,130.86,0,0,
test_q4_2024,2024-10-09,1314,LOJA 1314,58701,ABRILAR XAROPE L-MENTOL 200ML,87021,C,9,1,2,0.84,5,2.0,0,2.0,0,,2.0,0,0.0,0.0,2.5,0.0,0.0,0.0,2.0,0,65.43,78.99,130.86,0.0,2.0,130.86,0,0,
test_q4_2024,2024-10-10,1314,LOJA 1314,58701,ABRILAR XAROPE L-MENTOL 200ML,87021,C,9,1,2,0.84,5,2.0,0,2.0,0,,2.0,0,0.0,0.0,2.5,0.0,0.0,0.0,2.0,0,65.43,78.99,130.86,0.0,2.0,130.86,0,0,
test_q4_2024,2024-10-11,1314,LOJA 1314,58701,ABRILAR XAROPE L-MENTOL 200ML,87021,C,9,1,2,0.84,5,2.0,0,2.0,0,,2.0,0,0.0,0.0,2.5,0.0,0.0,0.0,2.0,0,65.43,78.99,130.86,0.0,2.0,130.86,0,0,
test_q4_2024,2024-10-12,1314,LOJA 1314,58701,ABRILAR XAROPE L-MENTOL 200ML,87021,C,9,1,2,0.84,5,2.0,0,2.0,0,,2.0,0,0.0,0.0,2.5,0.0,0.0,0.0,2.0,0,65.43,78.99,130.86,0.0,2.0,130.86,0,0,
test_q4_2024,2024-10-13,1314,LOJA 1314,58701,ABRILAR XAROPE L-MENTOL 200ML,87021,C,9,1,2,0.84,5,2.0,0,2.0,0,,2.0,0,0.0,0.0,2.5,0.0,0.0,0.0,2.0,0,65.43,78.99,130.86,0.0,,,0,0,
test_q4_2024,2024-10-14,1314,LOJA 1314,58701,ABRILAR XAROPE L-MENTOL 200ML,87021,C,9,1,2,0.84,5,2.0,0,2.0,0,,2.0,0,0.0,0.0,2.5,0.0,0.0,0.0,2.0,0,65.43,78.99,130.86,0.0,2.0,130.86,0,0,
test_q4_2024,2024-10-15,1314,LOJA 1314,58701,ABRILAR XAROPE L-MENTOL 200ML,87021,C,9,1,2,0.84,5,2.0,0,2.0,0,,2.0,0,0.0,0.0,2.5,0.0,0.0,0.0,2.0,0,65.43,78.99,130.86,0.0,2.0,130.86,0,0,
test_q4_2024,2024-10-16,1314,LOJA 1314,58701,ABRILAR XAROPE L-MENTOL 200ML,87021,C,9,1,2,0.84,5,2.0,0,2.0,0,,2.0,0,0.0,0.0,2.5,0.0,0.0,0.0,2.0,0,65.43,78.99,130.86,0.0,2.0,130.86,0,0,
test_q4_2024,2024-10-17,1314,LOJA 1314,58701,ABRILAR XAROPE L-MENTOL 200ML,87021,C,9,1,2,0.84,5,2.0,0,2.0,0,,2.0,0,0.0,0.0,2.5,0.0,0.0,0.0,2.0,0,65.43,78.99,130.86,0.0,2.0,130.86,0,0,
test_q4_2024,2024-10-18,1314,LOJA 1314,58701,ABRILAR XAROPE L-MENTOL 200ML,87021,C,9,1,2,0.84,5,2.0,0,2.0,0,,2.0,0,0.0,0.0,2.5,0.0,0.0,0.0,2.0,0,65.43,78.99,130.86,0.0,1.0,65.43,0,0,
test_q4_2024,2024-10-19,1314,LOJA 1314,58701,ABRILAR XAROPE L-MENTOL 200ML,87021,C,9,1,2,0.84,5,2.0,0,2.0,0,,2.0,0,0.0,0.0,2.5,0.0,0.0,0.0,2.0,0,65.43,78.99,130.86,0.0,1.0,65.43,0,0,
test_q4_2024,2024-10-20,1314,LOJA 1314,58701,ABRILAR XAROPE L-MENTOL 200ML,87021,C,9,1,2,0.84,5,2.0,0,2.0,0,,2.0,0,0.0,0.0,2.5,0.0,0.0,0.0,2.0,0,65.43,78.99,130.86,0.0,,,0,0,
test_q4_2024,2024-10-21,1314,LOJA 1314,58701,ABRILAR XAROPE L-MENTOL 200ML,87021,C,9,1,2,0.84,5,2.0,0,2.0,0,,2.0,0,0.0,0.0,2.5,0.0,0.0,0.0,2.0,0,65.43,78.99,130.86,0.0,1.0,65.43,0,0,
test_q4_2024,2024-10-22,1314,LOJA 1314,58701,ABRILAR XAROPE L-MENTOL 200ML,87021,C,9,1,2,0.84,5,2.0,0,2.0,0,,2.0,0,0.0,0.0,2.5,0.0,0.0,0.0,2.0,0,65.43,78.99,130.86,0.0,1.0,65.43,0,0,
test_q4_2024,2024-10-23,1314,LOJA 1314,58701,ABRILAR XAROPE L-MENTOL 200ML,87021,C,9,1,2,0.84,5,2.0,0,2.0,0,,2.0,0,0.0,0.0,2.5,0.0,0.0,0.0,2.0,0,65.43,78.99,130.86,0.0,1.0,65.43,0,0,
test_q4_2024,2024-10-24,1314,LOJA 1314,58701,ABRILAR XAROPE L-MENTOL 200ML,87021,C,9,1,2,0.84,5,2.0,0,2.0,0,,2.0,0,0.0,0.0,2.5,0.0,0.0,0.0,2.0,0,65.43,78.99,130.86,0.0,1.0,65.43,0,0,
test_q4_2024,2024-10-25,1314,LOJA 1314,58701,ABRILAR XAROPE L-MENTOL 200ML,87021,C,9,1,2,0.84,5,2.0,0,2.0,0,,2.0,0,0.0,0.0,2.5,0.0,0.0,0.0,2.0,0,65.43,78.99,130.86,0.0,1.0,65.43,0,0,
test_q4_2024,2024-10-26,1314,LOJA 1314,58701,ABRILAR XAROPE L-MENTOL 200ML,87021,C,9,1,2,0.84,5,2.0,0,2.0,0,,2.0,0,0.0,0.0,2.5,0.0,0.0,0.0,2.0,0,65.43,78.99,130.86,0.0,1.0,65.43,0,0,
test_q4_2024,2024-10-27,1314,LOJA 1314,58701,ABRILAR XAROPE L-MENTOL 200ML,87021,C,9,1,2,0.84,5,2.0,0,2.0,0,,2.0,0,0.0,0.0,2.5,0.0,0.0,0.0,2.0,0,65.43,78.99,130.86,0.0,,,0,0,
test_q4_2024,2024-10-28,1314,LOJA 1314,58701,ABRILAR XAROPE L-MENTOL 200ML,87021,C,9,1,2,0.84,5,2.0,0,2.0,0,,2.0,0,0.0,0.0,2.5,0.0,0.0,0.0,2.0,0,65.43,78.99,130.86,0.0,1.0,65.43,0,0,
test_q4_2024,2024-10-29,1314,LOJA 1314,58701,ABRILAR XAROPE L-MENTOL 200ML,87021,C,9,1,2,0.84,5,2.0,0,2.0,0,,2.0,0,0.0,0.0,2.5,0.0,0.0,0.0,2.0,0,65.43,78.99,130.86,0.0,1.0,65.43,0,0,
test_q4_2024,2024-10-30,1314,LOJA 1314,58701,ABRILAR XAROPE L-MENTOL 200ML,87021,C,9,1,2,0.84,5,2.0,0,2.0,0,,2.0,0,0.0,0.0,2.5,0.0,0.0,0.0,2.0,0,65.43,78.99,130.86,0.0,1.0,65.43,0,0,
test_q4_2024,2024-10-31,1314,LOJA 1314,58701,ABRILAR XAROPE L-MENTOL 200ML,87021,C,9,1,2,0.84,5,2.0,0,2.0,0,,2.0,0,0.0,0.0,2.5,0.0,0.0,0.0,2.0,0,65.43,78.99,130.86,0.0,1.0,65.43,0,0,
test_q4_2024,2024-11-01,1314,LOJA 1314,58701,ABRILAR XAROPE L-MENTOL 200ML,87021,C,9,1,2,0.84,5,2.0,0,2.0,0,,2.0,0,0.0,0.0,2.5,0.0,0.0,0.0,2.0,0,65.43,78.99,130.86,0.0,1.0,65.43,0,0,
test_q4_2024,2024-11-02,1314,LOJA 1314,58701,ABRILAR XAROPE L-MENTOL 200ML,87021,C,9,1,2,0.84,5,2.0,0,2.0,0,,2.0,0,0.0,0.0,2.5,0.0,0.0,0.0,2.0,0,65.43,78.99,130.86,0.0,1.0,65.43,0,0,
test_q4_2024,2024-11-03,1314,LOJA 1314,58701,ABRILAR XAROPE L-MENTOL 200ML,87021,C,9,1,2,0.84,5,2.0,0,2.0,0,,2.0,0,0.0,0.0,2.5,0.0,0.0,0.0,2.0,0,65.43,78.99,130.86,0.0,,,0,0,
test_q4_2024,2024-11-04,1314,LOJA 1314,58701,ABRILAR XAROPE L-MENTOL 200ML,87021,C,9,1,2,0.84,5,2.0,0,2.0,0,,2.0,0,0.0,0.0,2.5,0.0,0.0,0.0,2.0,0,65.43,78.99,130.86,0.0,1.0,65.43,0,0,
test_q4_2024,2024-11-05,1314,LOJA 1314,58701,ABRILAR XAROPE L-MENTOL 200ML,87021,C,9,1,2,0.84,5,2.0,0,2.0,0,,2.0,0,0.0,0.0,2.5,0.0,0.0,0.0,2.0,0,65.43,78.99,130.86,0.0,1.0,65.43,0,0,
test_q4_2024,2024-11-06,1314,LOJA 1314,58701,ABRILAR XAROPE L-MENTOL 200ML,87021,C,9,1,2,0.84,5,2.0,0,2.0,0,,2.0,0,0.0,0.0,2.5,0.0,0.0,0.0,2.0,0,65.43,78.99,130.86,0.0,1.0,65.43,0,0,
test_q4_2024,2024-11-07,1314,LOJA 1314,58701,ABRILAR XAROPE L-MENTOL 200ML,87021,C,9,1,2,0.84,5,2.0,0,2.0,0,,2.0,0,0.0,0.0,2.5,0.0,0.0,0.0,2.0,0,65.43,78.99,130.86,0.0,1.0,65.43,0,0,
test_q4_2024,2024-11-08,1314,LOJA 1314,58701,ABRILAR XAROPE L-MENTOL 200ML,87021,C,9,1,2,0.84,5,2.0,0,2.0,0,,2.0,0,0.0,0.0,2.5,0.0,0.0,0.0,2.0,0,65.43,78.99,130.86,0.0,1.0,65.43,0,0,
test_q4_2024,2024-11-09,1314,LOJA 1314,58701,ABRILAR XAROPE L-MENTOL 200ML,87021,C,9,1,2,0.84,5,2.0,0,2.0,0,,2.0,0,0.0,0.0,2.5,0.0,0.0,0.0,2.0,0,65.43,78.99,130.86,0.0,1.0,65.43,0,0,
test_q4_2024,2024-11-10,1314,LOJA 1314,58701,ABRILAR XAROPE L-MENTOL 200ML,87021,C,9,1,2,0.84,5,2.0,0,2.0,0,,2.0,0,0.0,0.0,2.5,0.0,0.0,0.0,2.0,0,65.43,78.99,130.86,0.0,,,0,0,
test_q4_2024,2024-11-11,1314,LOJA 1314,58701,ABRILAR XAROPE L-MENTOL 200ML,87021,C,9,1,2,0.84,5,2.0,0,2.0,0,,2.0,0,0.0,0.0,2.5,0.0,0.0,0.0,2.0,0,65.43,78.99,130.86,0.0,1.0,65.43,0,0,
test_q4_2024,2024-11-12,1314,LOJA 1314,58701,ABRILAR XAROPE L-MENTOL 200ML,87021,C,9,1,2,0.84,5,2.0,0,2.0,0,,2.0,0,0.0,0.0,2.5,0.0,0.0,0.0,2.0,0,65.43,78.99,130.86,0.0,1.0,65.43,0,0,
test_q4_2024,2024-11-13,1314,LOJA 1314,58701,ABRILAR XAROPE L-MENTOL 200ML,87021,C,9,1,2,0.84,5,2.0,0,2.0,0,,2.0,0,0.0,0.0,2.5,0.0,0.0,0.0,2.0,0,65.43,78.99,130.86,0.0,1.0,65.43,0,0,
test_q4_2024,2024-11-14,1314,LOJA 1314,58701,ABRILAR XAROPE L-MENTOL 200ML,87021,C,9,1,2,0.84,5,2.0,0,2.0,0,,2.0,0,0.0,0.0,2.5,0.0,0.0,0.0,2.0,0,65.43,78.99,130.86,0.0,1.0,65.43,0,0,
test_q4_2024,2024-11-15,1314,LOJA 1314,58701,ABRILAR XAROPE L-MENTOL 200ML,87021,C,9,1,2,0.84,5,2.0,0,2.0,0,,2.0,0,0.0,0.0,2.5,0.0,0.0,0.0,2.0,0,65.43,78.99,130.86,0.0,2.0,130.86,0,0,
test_q4_2024,2024-11-16,1314,LOJA 1314,58701,ABRILAR XAROPE L-MENTOL 200ML,87021,C,9,1,2,0.84,5,2.0,0,2.0,0,,2.0,0,0.0,0.0,2.5,0.0,0.0,0.0,2.0,0,65.43,78.99,130.86,0.0,2.0,130.86,0,0,
test_q4_2024,2024-11-17,1314,LOJA 1314,58701,ABRILAR XAROPE L-MENTOL 200ML,87021,C,9,1,2,0.84,5,2.0,0,2.0,0,,2.0,0,0.0,0.0,2.5,0.0,0.0,0.0,2.0,0,65.43,78.99,130.86,0.0,,,0,0,
test_q4_2024,2024-11-18,1314,LOJA 1314,58701,ABRILAR XAROPE L-MENTOL 200ML,87021,C,9,1,2,0.84,5,2.0,0,2.0,0,,2.0,0,0.0,0.0,2.5,0.0,0.0,0.0,2.0,0,65.43,78.99,130.86,0.0,2.0,130.86,0,0,
test_q4_2024,2024-11-19,1314,LOJA 1314,58701,ABRILAR XAROPE L-MENTOL 200ML,87021,C,9,1,2,0.84,5,2.0,0,2.0,0,,2.0,0,0.0,0.0,2.5,0.0,0.0,0.0,2.0,0,65.43,78.99,130.86,0.0,2.0,130.86,0,0,
test_q4_2024,2024-11-20,1314,LOJA 1314,58701,ABRILAR XAROPE L-MENTOL 200ML,87021,C,9,1,2,0.84,5,2.0,0,2.0,0,,2.0,0,0.0,0.0,2.5,0.0,0.0,0.0,2.0,0,65.43,78.99,130.86,0.0,2.0,130.86,0,0,
test_q4_2024,2024-11-21,1314,LOJA 1314,58701,ABRILAR XAROPE L-MENTOL 200ML,87021,C,9,1,2,0.84,5,2.0,0,2.0,0,,2.0,0,0.0,0.0,2.5,0.0,0.0,0.0,2.0,0,65.43,78.99,130.86,0.0,2.0,130.86,0,0,
test_q4_2024,2024-11-22,1314,LOJA 1314,58701,ABRILAR XAROPE L-MENTOL 200ML,87021,C,9,1,2,0.84,5,2.0,0,2.0,0,,2.0,0,0.0,0.0,2.5,0.0,0.0,0.0,2.0,0,65.43,78.99,130.86,0.0,2.0,130.86,0,0,
test_q4_2024,2024-11-23,1314,LOJA 1314,58701,ABRILAR XAROPE L-MENTOL 200ML,87021,C,9,1,2,0.84,5,2.0,0,2.0,0,,2.0,0,0.0,0.0,2.5,0.0,0.0,0.0,2.0,0,65.43,78.99,130.86,0.0,2.0,130.86,0,0,
test_q4_2024,2024-11-24,1314,LOJA 1314,58701,ABRILAR XAROPE L-MENTOL 200ML,87021,C,9,1,2,0.84,5,2.0,0,2.0,0,,2.0,0,0.0,0.0,2.5,0.0,0.0,0.0,2.0,0,65.43,78.99,130.86,0.0,,,0,0,
test_q4_2024,2024-11-25,1314,LOJA 1314,58701,ABRILAR XAROPE L-MENTOL 200ML,87021,C,9,1,2,0.84,5,2.0,0,2.0,0,,2.0,0,0.0,0.0,2.5,0.0,0.0,0.0,2.0,0,65.43,78.99,130.86,0.0,2.0,130.86,0,0,
test_q4_2024,2024-11-26,1314,LOJA 1314,58701,ABRILAR XAROPE L-MENTOL 200ML,87021,C,9,1,2,0.84,5,2.0,0,2.0,0,,2.0,0,0.0,0.0,2.5,0.0,0.0,0.0,2.0,0,65.43,78.99,130.86,0.0,2.0,130.86,0,0,
test_q4_2024,2024-11-27,1314,LOJA 1314,58701,ABRILAR XAROPE L-MENTOL 200ML,87021,C,9,1,2,0.84,5,2.0,0,2.0,0,,2.0,0,0.0,0.0,2.5,0.0,0.0,0.0,2.0,0,65.43,78.99,130.86,0.0,2.0,130.86,0,0,
test_q4_2024,2024-11-28,1314,LOJA 1314,58701,ABRILAR XAROPE L-MENTOL 200ML,87021,C,9,1,2,0.84,5,2.0,0,2.0,0,,2.0,0,0.0,0.0,2.5,0.0,0.0,0.0,2.0,0,65.43,78.99,130.86,0.0,2.0,130.86,0,0,
test_q4_2024,2024-11-29,1314,LOJA 1314,58701,ABRILAR XAROPE L-MENTOL 200ML,87021,C,9,1,2,0.84,5,2.0,0,2.0,0,,2.0,0,0.0,0.0,2.5,0.0,0.0,0.0,2.0,0,65.43,78.99,130.86,0.0,2.0,130.86,0,0,
test_q4_2024,2024-11-30,1314,LOJA 1314,58701,ABRILAR XAROPE L-MENTOL 200ML,87021,C,9,1,2,0.84,5,2.0,0,2.0,0,,2.0,0,0.0,0.0,2.5,0.0,0.0,0.0,2.0,0,65.43,78.99,130.86,0.0,2.0,130.86,0,0,
test_q4_2024,2024-12-01,1314,LOJA 1314,58701,ABRILAR XAROPE L-MENTOL 200ML,87021,C,9,1,2,0.84,5,2.0,0,2.0,0,,2.0,0,0.0,0.0,2.5,0.0,0.0,0.0,2.0,0,65.43,78.99,130.86,0.0,,,0,0,
test_q4_2024,2024-12-02,1314,LOJA 1314,58701,ABRILAR XAROPE L-MENTOL 200ML,87021,C,9,1,2,0.84,5,2.0,0,2.0,0,,2.0,0,0.0,0.0,2.5,0.0,0.0,0.0,2.0,0,65.43,78.99,130.86,0.0,2.0,130.86,0,0,
test_q4_2024,2024-12-03,1314,LOJA 1314,58701,ABRILAR XAROPE L-MENTOL 200ML,87021,C,9,1,2,0.84,5,2.0,0,2.0,0,,2.0,0,0.0,0.0,2.5,0.0,0.0,0.0,2.0,0,65.43,78.99,130.86,0.0,2.0,130.86,0,0,
test_q4_2024,2024-12-04,1314,LOJA 1314,58701,ABRILAR XAROPE L-MENTOL 200ML,87021,C,9,1,2,0.84,5,2.0,0,2.0,0,,2.0,0,0.0,0.0,2.5,0.0,0.0,0.0,2.0,0,65.43,78.99,130.86,0.0,2.0,130.86,0,0,
test_q4_2024,2024-12-05,1314,LOJA 1314,58701,ABRILAR XAROPE L-MENTOL 200ML,87021,C,9,1,2,0.84,5,2.0,0,2.0,0,,2.0,0,0.0,0.0,2.5,0.0,0.0,0.0,2.0,0,65.43,78.99,130.86,0.0,2.0,130.86,0,0,
test_q4_2024,2024-12-06,1314,LOJA 1314,58701,ABRILAR XAROPE L-MENTOL 200ML,87021,C,9,1,2,0.84,5,2.0,0,2.0,0,,2.0,0,0.0,0.0,2.5,0.0,0.0,0.0,2.0,0,65.43,78.99,130.86,0.0,2.0,130.86,0,0,
test_q4_2024,2024-12-07,1314,LOJA 1314,58701,ABRILAR XAROPE L-MENTOL 200ML,87021,C,9,1,2,0.84,5,2.0,0,2.0,0,,2.0,0,0.0,0.0,2.5,0.0,0.0,0.0,2.0,0,65.43,78.99,130.86,0.0,2.0,130.86,0,0,
test_q4_2024,2024-12-08,1314,LOJA 1314,58701,ABRILAR XAROPE L-MENTOL 200ML,87021,C,9,1,2,0.84,5,2.0,0,2.0,0,,2.0,0,0.0,0.0,2.5,1.0,1.0,0.0,1.0,0,65.43,78.99,65.43,0.0,,,0,0,
test_q4_2024,2024-12-09,1314,LOJA 1314,58701,ABRILAR XAROPE L-MENTOL 200ML,87021,C,9,1,2,0.84,5,1.0,0,1.0,1,2024-12-18,2.0,1,0.0,0.0,2.5,0.0,0.0,0.0,1.0,0,65.43,78.99,65.43,55.87,2.0,130.86,0,0,
test_q4_2024,2024-12-10,1314,LOJA 1314,58701,ABRILAR XAROPE L-MENTOL 200ML,87021,C,9,1,2,0.84,5,1.0,0,2.0,0,,2.0,1,0.0,0.0,2.5,0.0,0.0,0.0,1.0,0,65.43,78.99,65.43,0.0,1.0,65.43,0,0,
test_q4_2024,2024-12-11,1314,LOJA 1314,58701,ABRILAR XAROPE L-MENTOL 200ML,87021,C,9,1,2,0.84,5,1.0,0,2.0,0,,2.0,1,0.0,0.0,2.5,0.0,0.0,0.0,1.0,0,65.43,78.99,65.43,0.0,1.0,65.43,0,0,
test_q4_2024,2024-12-12,1314,LOJA 1314,58701,ABRILAR XAROPE L-MENTOL 200ML,87021,C,9,1,2,0.84,5,1.0,0,2.0,0,,2.0,1,0.0,0.0,2.5,0.0,0.0,0.0,1.0,0,65.43,78.99,65.43,0.0,1.0,65.43,0,0,
test_q4_2024,2024-12-13,1314,LOJA 1314,58701,ABRILAR XAROPE L-MENTOL 200ML,87021,C,9,1,2,0.84,5,1.0,0,2.0,0,,2.0,1,0.0,0.0,2.5,0.0,0.0,0.0,1.0,0,65.43,78.99,65.43,0.0,1.0,65.43,0,0,
test_q4_2024,2024-12-14,1314,LOJA 1314,58701,ABRILAR XAROPE L-MENTOL 200ML,87021,C,9,1,2,0.84,5,1.0,0,2.0,0,,2.0,1,0.0,0.0,2.5,0.0,0.0,0.0,1.0,0,65.43,78.99,65.43,0.0,1.0,65.43,0,0,
test_q4_2024,2024-12-15,1314,LOJA 1314,58701,ABRILAR XAROPE L-MENTOL 200ML,87021,C,9,1,2,0.84,5,1.0,0,2.0,0,,2.0,1,0.0,0.0,2.5,0.0,0.0,0.0,1.0,0,65.43,78.99,65.43,0.0,,,0,0,
test_q4_2024,2024-12-16,1314,LOJA 1314,58701,ABRILAR XAROPE L-MENTOL 200ML,87021,C,9,1,2,0.84,5,1.0,0,2.0,0,,2.0,1,0.0,0.0,2.5,0.0,0.0,0.0,1.0,0,65.43,78.99,65.43,0.0,1.0,65.43,0,0,
test_q4_2024,2024-12-17,1314,LOJA 1314,58701,ABRILAR XAROPE L-MENTOL 200ML,87021,C,9,1,2,0.84,5,1.0,0,2.0,0,,2.0,1,0.0,0.0,2.5,0.0,0.0,0.0,1.0,0,65.43,78.99,65.43,0.0,1.0,65.43,0,0,
test_q4_2024,2024-12-18,1314,LOJA 1314,58701,ABRILAR XAROPE L-MENTOL 200ML,87021,C,9,1,2,0.84,5,2.0,1,2.0,0,,2.0,0,0.0,0.0,2.5,0.0,0.0,0.0,2.0,0,65.43,78.99,130.86,0.0,1.0,65.43,0,0,
test_q4_2024,2024-12-19,1314,LOJA 1314,58701,ABRILAR XAROPE L-MENTOL 200ML,87021,C,9,1,2,0.84,5,2.0,0,2.0,0,,2.0,0,0.0,0.0,2.5,0.0,0.0,0.0,2.0,0,65.43,78.99,130.86,0.0,1.0,65.43,0,0,
test_q4_2024,2024-12-20,1314,LOJA 1314,58701,ABRILAR XAROPE L-MENTOL 200ML,87021,C,9,1,2,0.84,5,2.0,0,2.0,0,,2.0,0,0.0,0.0,2.5,0.0,0.0,0.0,2.0,0,65.43,78.99,130.86,0.0,1.0,65.43,0,0,
test_q4_2024,2024-12-21,1314,LOJA 1314,58701,ABRILAR XAROPE L-MENTOL 200ML,87021,C,9,1,2,0.84,5,2.0,0,2.0,0,,2.0,0,0.0,0.0,2.5,0.0,0.0,0.0,2.0,0,65.43,78.99,130.86,0.0,1.0,65.43,0,0,
test_q4_2024,2024-12-22,1314,LOJA 1314,58701,ABRILAR XAROPE L-MENTOL 200ML,87021,C,9,1,2,0.84,5,2.0,0,2.0,0,,2.0,0,0.0,0.0,2.5,0.0,0.0,0.0,2.0,0,65.43,78.99,130.86,0.0,,,0,0,
test_q4_2024,2024-12-23,1314,LOJA 1314,58701,ABRILAR XAROPE L-MENTOL 200ML,87021,C,9,1,2,0.84,5,2.0,0,2.0,0,,2.0,0,0.0,0.0,2.5,0.0,0.0,0.0,2.0,0,65.43,78.99,130.86,0.0,1.0,65.43,0,0,
test_q4_2024,2024-12-24,1314,LOJA 1314,58701,ABRILAR XAROPE L-MENTOL 200ML,87021,C,9,1,2,0.84,5,2.0,0,2.0,0,,2.0,0,0.0,0.0,2.5,0.0,0.0,0.0,2.0,0,65.43,78.99,130.86,0.0,1.0,65.43,0,0,
test_q4_2024,2024-12-25,1314,LOJA 1314,58701,ABRILAR XAROPE L-MENTOL 200ML,87021,C,9,1,2,0.84,5,2.0,0,2.0,0,,2.0,0,0.0,0.0,2.5,0.0,0.0,0.0,2.0,0,65.43,78.99,130.86,0.0,1.0,65.43,0,0,
test_q4_2024,2024-12-26,1314,LOJA 1314,58701,ABRILAR XAROPE L-MENTOL 200ML,87021,C,9,1,2,0.84,5,2.0,0,2.0,0,,2.0,0,0.0,0.0,2.5,0.0,0.0,0.0,2.0,0,65.43,78.99,130.86,0.0,1.0,65.43,0,0,
test_q4_2024,2024-12-27,1314,LOJA 1314,58701,ABRILAR XAROPE L-MENTOL 200ML,87021,C,9,1,2,0.84,5,2.0,0,2.0,0,,2.0,0,0.0,0.0,2.5,0.0,0.0,0.0,2.0,0,65.43,78.99,130.86,0.0,1.0,65.43,0,0,
test_q4_2024,2024-12-28,1314,LOJA 1314,58701,ABRILAR XAROPE L-MENTOL 200ML,87021,C,9,1,2,0.84,5,2.0,0,2.0,0,,2.0,0,0.0,0.0,2.5,0.0,0.0,0.0,2.0,0,65.43,78.99,130.86,0.0,1.0,65.43,0,0,
test_q4_2024,2024-12-29,1314,LOJA 1314,58701,ABRILAR XAROPE L-MENTOL 200ML,87021,C,9,1,2,0.84,5,2.0,0,2.0,0,,2.0,0,0.0,0.0,2.5,0.0,0.0,0.0,2.0,0,65.43,78.99,130.86,0.0,,,0,0,
test_q4_2024,2024-12-30,1314,LOJA 1314,58701,ABRILAR XAROPE L-MENTOL 200ML,87021,C,9,1,2,0.84,5,2.0,0,2.0,0,,2.0,0,0.0,0.0,2.5,0.0,0.0,0.0,2.0,0,65.43,78.99,130.86,0.0,1.0,65.43,0,0,
test_q4_2024,2024-12-31,1314,LOJA 1314,58701,ABRILAR XAROPE L-MENTOL 200ML,87021,C,9,1,2,0.84,5,2.0,0,2.0,0,,2.0,0,0.0,0.0,2.5,0.0,0.0,0.0,2.0,0,65.43,78.99,130.86,0.0,1.0,65.43,0,0,
test_q4_2024,2024-10-01,1314,LOJA 1314,62364,ALOFF XPE 60ML + SER,101141,C,9,1,2,0.84,5,2.0,0,2.0,0,,2.0,0,0.0,0.0,2.5,0.0,0.0,0.0,2.0,0,36.45,43.95,72.9,0.0,1.0,36.45,0,0,
test_q4_2024,2024-10-02,1314,LOJA 1314,62364,ALOFF XPE 60ML + SER,101141,C,9,1,2,0.84,5,2.0,0,2.0,0,,2.0,0,0.0,0.0,2.5,0.0,0.0,0.0,2.0,0,36.45,43.95,72.9,0.0,1.0,36.45,0,0,
test_q4_2024,2024-10-03,1314,LOJA 1314,62364,ALOFF XPE 60ML + SER,101141,C,9,1,2,0.84,5,2.0,0,2.0,0,,2.0,0,0.0,0.0,2.5,0.0,0.0,0.0,2.0,0,36.45,43.95,72.9,0.0,1.0,36.45,0,0,
test_q4_2024,2024-10-04,1314,LOJA 1314,62364,ALOFF XPE 60ML + SER,101141,C,9,1,2,0.84,5,2.0,0,2.0,0,,2.0,0,0.0,0.0,2.5,0.0,0.0,0.0,2.0,0,36.45,43.95,72.9,0.0,1.0,36.45,0,0,
test_q4_2024,2024-10-05,1314,LOJA 1314,62364,ALOFF XPE 60ML + SER,101141,C,9,1,2,0.84,5,2.0,0,2.0,0,,2.0,0,0.0,0.0,2.5,0.0,0.0,0.0,2.0,0,36.45,43.95,72.9,0.0,1.0,36.45,0,0,
test_q4_2024,2024-10-06,1314,LOJA 1314,62364,ALOFF XPE 60ML + SER,101141,C,9,1,2,0.84,5,2.0,0,2.0,0,,2.0,0,0.0,0.0,2.5,0.0,0.0,0.0,2.0,0,36.45,43.95,72.9,0.0,,,0,0,
test_q4_2024,2024-10-07,1314,LOJA 1314,62364,ALOFF XPE 60ML + SER,101141,C,9,1,2,0.84,5,2.0,0,2.0,0,,2.0,0,0.0,0.0,2.5,0.0,0.0,0.0,2.0,0,36.45,43.95,72.9,0.0,1.0,36.45,0,0,
test_q4_2024,2024-10-08,1314,LOJA 1314,62364,ALOFF XPE 60ML + SER,101141,C,9,1,2,0.84,5,2.0,0,2.0,0,,2.0,0,0.0,0.0,2.5,0.0,0.0,0.0,2.0,0,36.45,43.95,72.9,0.0,1.0,36.45,0,0,
test_q4_2024,2024-10-09,1314,LOJA 1314,62364,ALOFF XPE 60ML + SER,101141,C,9,1,2,0.84,5,2.0,0,2.0,0,,2.0,0,0.0,0.0,2.5,0.0,0.0,0.0,2.0,0,36.45,43.95,72.9,0.0,1.0,36.45,0,0,
test_q4_2024,2024-10-10,1314,LOJA 1314,62364,ALOFF XPE 60ML + SER,101141,C,9,1,2,0.84,5,2.0,0,2.0,0,,2.0,0,0.0,0.0,2.5,0.0,0.0,0.0,2.0,0,36.45,43.95,72.9,0.0,1.0,36.45,0,0,
test_q4_2024,2024-10-11,1314,LOJA 1314,62364,ALOFF XPE 60ML + SER,101141,C,9,1,2,0.84,5,2.0,0,2.0,0,,2.0,0,0.0,0.0,2.5,0.0,0.0,0.0,2.0,0,36.45,43.95,72.9,0.0,1.0,36.45,0,0,
test_q4_2024,2024-10-12,1314,LOJA 1314,62364,ALOFF XPE 60ML + SER,101141,C,9,1,2,0.84,5,2.0,0,2.0,0,,2.0,0,0.0,0.0,2.5,0.0,0.0,0.0,2.0,0,36.45,43.95,72.9,0.0,1.0,36.45,0,0,
test_q4_2024,2024-10-13,1314,LOJA 1314,62364,ALOFF XPE 60ML + SER,101141,C,9,1,2,0.84,5,2.0,0,2.0,0,,2.0,0,0.0,0.0,2.5,0.0,0.0,0.0,2.0,0,36.45,43.95,72.9,0.0,,,0,0,
test_q4_2024,2024-10-14,1314,LOJA 1314,62364,ALOFF XPE 60ML + SER,101141,C,9,1,2,0.84,5,2.0,0,2.0,0,,2.0,0,0.0,0.0,2.5,0.0,0.0,0.0,2.0,0,36.45,43.95,72.9,0.0,1.0,36.45,0,0,
test_q4_2024,2024-10-15,1314,LOJA 1314,62364,ALOFF XPE 60ML + SER,101141,C,9,1,2,0.84,5,2.0,0,2.0,0,,2.0,0,0.0,0.0,2.5,0.0,0.0,0.0,2.0,0,36.45,43.95,72.9,0.0,1.0,36.45,0,0,
test_q4_2024,2024-10-16,1314,LOJA 1314,62364,ALOFF XPE 60ML + SER,101141,C,9,1,2,0.84,5,2.0,0,2.0,0,,2.0,0,0.0,0.0,2.5,0.0,0.0,0.0,2.0,0,36.45,43.95,72.9,0.0,1.0,36.45,0,0,
test_q4_2024,2024-10-17,1314,LOJA 1314,62364,ALOFF XPE 60ML + SER,101141,C,9,1,2,0.84,5,2.0,0,2.0,0,,2.0,0,0.0,0.0,2.5,0.0,0.0,0.0,2.0,0,36.45,43.95,72.9,0.0,1.0,36.45,0,0,
test_q4_2024,2024-10-18,1314,LOJA 1314,62364,ALOFF XPE 60ML + SER,101141,C,9,1,2,0.84,5,2.0,0,2.0,0,,2.0,0,0.0,0.0,2.5,0.0,0.0,0.0,2.0,0,36.45,43.95,72.9,0.0,1.0,36.45,0,0,
test_q4_2024,2024-10-19,1314,LOJA 1314,62364,ALOFF XPE 60ML + SER,101141,C,9,1,2,0.84,5,2.0,0,2.0,0,,2.0,0,0.0,0.0,2.5,0.0,0.0,0.0,2.0,0,36.45,43.95,72.9,0.0,1.0,36.45,0,0,
test_q4_2024,2024-10-20,1314,LOJA 1314,62364,ALOFF XPE 60ML + SER,101141,C,9,1,2,0.84,5,2.0,0,2.0,0,,2.0,0,0.0,0.0,2.5,0.0,0.0,0.0,2.0,0,36.45,43.95,72.9,0.0,,,0,0,
test_q4_2024,2024-10-21,1314,LOJA 1314,62364,ALOFF XPE 60ML + SER,101141,C,9,1,2,0.84,5,2.0,0,2.0,0,,2.0,0,0.0,0.0,2.5,0.0,0.0,0.0,2.0,0,36.45,43.95,72.9,0.0,1.0,36.45,0,0,
test_q4_2024,2024-10-22,1314,LOJA 1314,62364,ALOFF XPE 60ML + SER,101141,C,9,1,2,0.84,5,2.0,0,2.0,0,,2.0,0,0.0,0.0,2.5,0.0,0.0,0.0,2.0,0,36.45,43.95,72.9,0.0,1.0,36.45,0,0,
test_q4_2024,2024-10-23,1314,LOJA 1314,62364,ALOFF XPE 60ML + SER,101141,C,9,1,2,0.84,5,2.0,0,2.0,0,,2.0,0,0.0,0.0,2.5,0.0,0.0,0.0,2.0,0,36.45,43.95,72.9,0.0,1.0,36.45,0,0,
test_q4_2024,2024-10-24,1314,LOJA 1314,62364,ALOFF XPE 60ML + SER,101141,C,9,1,2,0.84,5,2.0,0,2.0,0,,2.0,0,0.0,0.0,2.5,0.0,0.0,0.0,2.0,0,36.45,43.95,72.9,0.0,1.0,36.45,0,0,
test_q4_2024,2024-10-25,1314,LOJA 1314,62364,ALOFF XPE 60ML + SER,101141,C,9,1,2,0.84,5,2.0,0,2.0,0,,2.0,0,0.0,0.0,2.5,0.0,0.0,0.0,2.0,0,36.45,43.95,72.9,0.0,1.0,36.45,0,0,
test_q4_2024,2024-10-26,1314,LOJA 1314,62364,ALOFF XPE 60ML + SER,101141,C,9,1,2,0.84,5,2.0,0,2.0,0,,2.0,0,0.0,0.0,2.5,0.0,0.0,0.0,2.0,0,36.45,43.95,72.9,0.0,1.0,36.45,0,0,
test_q4_2024,2024-10-27,1314,LOJA 1314,62364,ALOFF XPE 60ML + SER,101141,C,9,1,2,0.84,5,2.0,0,2.0,0,,2.0,0,0.0,0.0,2.5,0.0,0.0,0.0,2.0,0,36.45,43.95,72.9,0.0,,,0,0,
test_q4_2024,2024-10-28,1314,LOJA 1314,62364,ALOFF XPE 60ML + SER,101141,C,9,1,2,0.84,5,2.0,0,2.0,0,,2.0,0,0.0,0.0,2.5,0.0,0.0,0.0,2.0,0,36.45,43.95,72.9,0.0,1.0,36.45,0,0,
test_q4_2024,2024-10-29,1314,LOJA 1314,62364,ALOFF XPE 60ML + SER,101141,C,9,1,2,0.84,5,2.0,0,2.0,0,,2.0,0,0.0,0.0,2.5,0.0,0.0,0.0,2.0,0,36.45,43.95,72.9,0.0,1.0,36.45,0,0,
test_q4_2024,2024-10-30,1314,LOJA 1314,62364,ALOFF XPE 60ML + SER,101141,C,9,1,2,0.84,5,2.0,0,2.0,0,,2.0,0,0.0,0.0,2.5,0.0,0.0,0.0,2.0,0,36.45,43.95,72.9,0.0,1.0,36.45,0,0,
test_q4_2024,2024-10-31,1314,LOJA 1314,62364,ALOFF XPE 60ML + SER,101141,C,9,1,2,0.84,5,2.0,0,2.0,0,,2.0,0,0.0,0.0,2.5,0.0,0.0,0.0,2.0,0,36.45,43.95,72.9,0.0,1.0,36.45,0,0,
test_q4_2024,2024-11-01,1314,LOJA 1314,62364,ALOFF XPE 60ML + SER,101141,C,9,1,2,0.84,5,2.0,0,2.0,0,,2.0,0,0.0,0.0,2.5,0.0,0.0,0.0,2.0,0,36.45,43.95,72.9,0.0,1.0,36.45,0,0,
test_q4_2024,2024-11-02,1314,LOJA 1314,62364,ALOFF XPE 60ML + SER,101141,C,9,1,2,0.84,5,2.0,0,2.0,0,,2.0,0,0.0,0.0,2.5,0.0,0.0,0.0,2.0,0,36.45,43.95,72.9,0.0,1.0,36.45,0,0,
test_q4_2024,2024-11-03,1314,LOJA 1314,62364,ALOFF XPE 60ML + SER,101141,C,9,1,2,0.84,5,2.0,0,2.0,0,,2.0,0,0.0,0.0,2.5,0.0,0.0,0.0,2.0,0,36.45,43.95,72.9,0.0,,,0,0,
test_q4_2024,2024-11-04,1314,LOJA 1314,62364,ALOFF XPE 60ML + SER,101141,C,9,1,2,0.84,5,2.0,0,2.0,0,,2.0,0,0.0,0.0,2.5,0.0,0.0,0.0,2.0,0,36.45,43.95,72.9,0.0,1.0,36.45,0,0,
test_q4_2024,2024-11-05,1314,LOJA 1314,62364,ALOFF XPE 60ML + SER,101141,C,9,1,2,0.84,5,2.0,0,2.0,0,,2.0,0,0.0,0.0,2.5,0.0,0.0,0.0,2.0,0,36.45,43.95,72.9,0.0,1.0,36.45,0,0,
test_q4_2024,2024-11-06,1314,LOJA 1314,62364,ALOFF XPE 60ML + SER,101141,C,9,1,2,0.84,5,2.0,0,2.0,0,,2.0,0,0.0,0.0,2.5,0.0,0.0,0.0,2.0,0,36.45,43.95,72.9,0.0,1.0,36.45,0,0,
test_q4_2024,2024-11-07,1314,LOJA 1314,62364,ALOFF XPE 60ML + SER,101141,C,9,1,2,0.84,5,2.0,0,2.0,0,,2.0,0,0.0,0.0,2.5,0.0,0.0,0.0,2.0,0,36.45,43.95,72.9,0.0,1.0,36.45,0,0,
test_q4_2024,2024-11-08,1314,LOJA 1314,62364,ALOFF XPE 60ML + SER,101141,C,9,1,2,0.84,5,2.0,0,2.0,0,,2.0,0,0.0,0.0,2.5,0.0,0.0,0.0,2.0,0,36.45,43.95,72.9,0.0,1.0,36.45,0,0,
test_q4_2024,2024-11-09,1314,LOJA 1314,62364,ALOFF XPE 60ML + SER,101141,C,9,1,2,0.84,5,2.0,0,2.0,0,,2.0,0,0.0,0.0,2.5,0.0,0.0,0.0,2.0,0,36.45,43.95,72.9,0.0,1.0,36.45,0,0,
test_q4_2024,2024-11-10,1314,LOJA 1314,62364,ALOFF XPE 60ML + SER,101141,C,9,1,2,0.84,5,2.0,0,2.0,0,,2.0,0,0.0,0.0,2.5,0.0,0.0,0.0,2.0,0,36.45,43.95,72.9,0.0,,,0,0,
test_q4_2024,2024-11-11,1314,LOJA 1314,62364,ALOFF XPE 60ML + SER,101141,C,9,1,2,0.84,5,2.0,0,2.0,0,,2.0,0,0.0,0.0,2.5,0.0,0.0,0.0,2.0,0,36.45,43.95,72.9,0.0,1.0,36.45,0,0,
test_q4_2024,2024-11-12,1314,LOJA 1314,62364,ALOFF XPE 60ML + SER,101141,C,9,1,2,0.84,5,2.0,0,2.0,0,,2.0,0,0.0,0.0,2.5,0.0,0.0,0.0,2.0,0,36.45,43.95,72.9,0.0,1.0,36.45,0,0,
test_q4_2024,2024-11-13,1314,LOJA 1314,62364,ALOFF XPE 60ML + SER,101141,C,9,1,2,0.84,5,2.0,0,2.0,0,,2.0,0,0.0,0.0,2.5,0.0,0.0,0.0,2.0,0,36.45,43.95,72.9,0.0,1.0,36.45,0,0,
test_q4_2024,2024-11-14,1314,LOJA 1314,62364,ALOFF XPE 60ML + SER,101141,C,9,1,2,0.84,5,2.0,0,2.0,0,,2.0,0,0.0,0.0,2.5,0.0,0.0,0.0,2.0,0,36.45,43.95,72.9,0.0,1.0,36.45,0,0,
test_q4_2024,2024-11-15,1314,LOJA 1314,62364,ALOFF XPE 60ML + SER,101141,C,9,1,2,0.84,5,2.0,0,2.0,0,,2.0,0,0.0,0.0,2.5,0.0,0.0,0.0,2.0,0,36.45,43.95,72.9,0.0,1.0,36.45,0,0,
test_q4_2024,2024-11-16,1314,LOJA 1314,62364,ALOFF XPE 60ML + SER,101141,C,9,1,2,0.84,5,2.0,0,2.0,0,,2.0,0,0.0,0.0,2.5,0.0,0.0,0.0,2.0,0,36.45,43.95,72.9,0.0,1.0,36.45,0,0,
test_q4_2024,2024-11-17,1314,LOJA 1314,62364,ALOFF XPE 60ML + SER,101141,C,9,1,2,0.84,5,2.0,0,2.0,0,,2.0,0,0.0,0.0,2.5,0.0,0.0,0.0,2.0,0,36.45,43.95,72.9,0.0,,,0,0,
test_q4_2024,2024-11-18,1314,LOJA 1314,62364,ALOFF XPE 60ML + SER,101141,C,9,1,2,0.84,5,2.0,0,2.0,0,,2.0,0,0.0,0.0,2.5,0.0,0.0,0.0,2.0,0,36.45,43.95,72.9,0.0,1.0,36.45,0,0,
test_q4_2024,2024-11-19,1314,LOJA 1314,62364,ALOFF XPE 60ML + SER,101141,C,9,1,2,0.84,5,2.0,0,2.0,0,,2.0,0,0.0,0.0,2.5,0.0,0.0,0.0,2.0,0,36.45,43.95,72.9,0.0,1.0,36.45,0,0,
test_q4_2024,2024-11-20,1314,LOJA 1314,62364,ALOFF XPE 60ML + SER,101141,C,9,1,2,0.84,5,2.0,0,2.0,0,,2.0,0,0.0,0.0,2.5,0.0,0.0,0.0,2.0,0,36.45,43.95,72.9,0.0,1.0,36.45,0,0,
test_q4_2024,2024-11-21,1314,LOJA 1314,62364,ALOFF XPE 60ML + SER,101141,C,9,1,2,0.84,5,2.0,0,2.0,0,,2.0,0,0.0,0.0,2.5,0.0,0.0,0.0,2.0,0,36.45,43.95,72.9,0.0,1.0,36.45,0,0,
test_q4_2024,2024-11-22,1314,LOJA 1314,62364,ALOFF XPE 60ML + SER,101141,C,9,1,2,0.84,5,2.0,0,2.0,0,,2.0,0,0.0,0.0,2.5,0.0,0.0,0.0,2.0,0,36.45,43.95,72.9,0.0,1.0,36.45,0,0,
test_q4_2024,2024-11-23,1314,LOJA 1314,62364,ALOFF XPE 60ML + SER,101141,C,9,1,2,0.84,5,2.0,0,2.0,0,,2.0,0,0.0,0.0,2.5,0.0,0.0,0.0,2.0,0,36.45,43.95,72.9,0.0,1.0,36.45,0,0,
test_q4_2024,2024-11-24,1314,LOJA 1314,62364,ALOFF XPE 60ML + SER,101141,C,9,1,2,0.84,5,2.0,0,2.0,0,,2.0,0,0.0,0.0,2.5,0.0,0.0,0.0,2.0,0,36.45,43.95,72.9,0.0,,,0,0,
test_q4_2024,2024-11-25,1314,LOJA 1314,62364,ALOFF XPE 60ML + SER,101141,C,9,1,2,0.84,5,2.0,0,2.0,0,,2.0,0,0.0,0.0,2.5,0.0,0.0,0.0,2.0,0,36.45,43.95,72.9,0.0,1.0,36.45,0,0,
test_q4_2024,2024-11-26,1314,LOJA 1314,62364,ALOFF XPE 60ML + SER,101141,C,9,1,2,0.84,5,2.0,0,2.0,0,,2.0,0,0.0,0.0,2.5,0.0,0.0,0.0,2.0,0,36.45,43.95,72.9,0.0,1.0,36.45,0,0,
test_q4_2024,2024-11-27,1314,LOJA 1314,62364,ALOFF XPE 60ML + SER,101141,C,9,1,2,0.84,5,2.0,0,2.0,0,,2.0,0,0.0,0.0,2.5,0.0,0.0,0.0,2.0,0,36.45,43.95,72.9,0.0,1.0,36.45,0,0,
test_q4_2024,2024-11-28,1314,LOJA 1314,62364,ALOFF XPE 60ML + SER,101141,C,9,1,2,0.84,5,2.0,0,2.0,0,,2.0,0,0.0,0.0,2.5,0.0,0.0,0.0,2.0,0,36.45,43.95,72.9,0.0,1.0,36.45,0,0,
test_q4_2024,2024-11-29,1314,LOJA 1314,62364,ALOFF XPE 60ML + SER,101141,C,9,1,2,0.84,5,2.0,0,2.0,0,,2.0,0,0.0,0.0,2.5,0.0,0.0,0.0,2.0,0,36.45,43.95,72.9,0.0,1.0,36.45,0,0,
test_q4_2024,2024-11-30,1314,LOJA 1314,62364,ALOFF XPE 60ML + SER,101141,C,9,1,2,0.84,5,2.0,0,2.0,0,,2.0,0,0.0,0.0,2.5,0.0,0.0,0.0,2.0,0,36.45,43.95,72.9,0.0,1.0,36.45,0,0,
test_q4_2024,2024-12-01,1314,LOJA 1314,62364,ALOFF XPE 60ML + SER,101141,C,9,1,2,0.84,5,2.0,0,2.0,0,,2.0,0,0.0,0.0,2.5,0.0,0.0,0.0,2.0,0,36.45,43.95,72.9,0.0,,,0,0,
test_q4_2024,2024-12-02,1314,LOJA 1314,62364,ALOFF XPE 60ML + SER,101141,C,9,1,2,0.84,5,2.0,0,2.0,0,,2.0,0,0.0,0.0,2.5,0.0,0.0,0.0,2.0,0,36.45,43.95,72.9,0.0,1.0,36.45,0,0,
test_q4_2024,2024-12-03,1314,LOJA 1314,62364,ALOFF XPE 60ML + SER,101141,C,9,1,2,0.84,5,2.0,0,2.0,0,,2.0,0,0.0,0.0,2.5,0.0,0.0,0.0,2.0,0,36.45,43.95,72.9,0.0,1.0,36.45,0,0,
test_q4_2024,2024-12-04,1314,LOJA 1314,62364,ALOFF XPE 60ML + SER,101141,C,9,1,2,0.84,5,2.0,0,2.0,0,,2.0,0,0.0,0.0,2.5,0.0,0.0,0.0,2.0,0,36.45,43.95,72.9,0.0,1.0,36.45,0,0,
test_q4_2024,2024-12-05,1314,LOJA 1314,62364,ALOFF XPE 60ML + SER,101141,C,9,1,2,0.84,5,2.0,0,2.0,0,,2.0,0,0.0,0.0,2.5,0.0,0.0,0.0,2.0,0,36.45,43.95,72.9,0.0,1.0,36.45,0,0,
test_q4_2024,2024-12-06,1314,LOJA 1314,62364,ALOFF XPE 60ML + SER,101141,C,9,1,2,0.84,5,2.0,0,2.0,0,,2.0,0,0.0,0.0,2.5,0.0,0.0,0.0,2.0,0,36.45,43.95,72.9,0.0,1.0,36.45,0,0,
test_q4_2024,2024-12-07,1314,LOJA 1314,62364,ALOFF XPE 60ML + SER,101141,C,9,1,2,0.84,5,2.0,0,2.0,0,,2.0,0,0.0,0.0,2.5,0.0,0.0,0.0,2.0,0,36.45,43.95,72.9,0.0,1.0,36.45,0,0,
test_q4_2024,2024-12-08,1314,LOJA 1314,62364,ALOFF XPE 60ML + SER,101141,C,9,1,2,0.84,5,2.0,0,2.0,0,,2.0,0,0.0,0.0,2.5,0.0,0.0,0.0,2.0,0,36.45,43.95,72.9,0.0,,,0,0,
test_q4_2024,2024-12-09,1314,LOJA 1314,62364,ALOFF XPE 60ML + SER,101141,C,9,1,2,0.84,5,2.0,0,2.0,0,,2.0,0,0.0,0.0,2.5,0.0,0.0,0.0,2.0,0,36.45,43.95,72.9,0.0,1.0,36.45,0,0,
test_q4_2024,2024-12-10,1314,LOJA 1314,62364,ALOFF XPE 60ML + SER,101141,C,9,1,2,0.84,5,2.0,0,2.0,0,,2.0,0,0.0,0.0,2.5,0.0,0.0,0.0,2.0,0,36.45,43.95,72.9,0.0,1.0,36.45,0,0,
test_q4_2024,2024-12-11,1314,LOJA 1314,62364,ALOFF XPE 60ML + SER,101141,C,9,1,2,0.84,5,2.0,0,2.0,0,,2.0,0,0.0,0.0,2.5,0.0,0.0,0.0,2.0,0,36.45,43.95,72.9,0.0,1.0,36.45,0,0,
test_q4_2024,2024-12-12,1314,LOJA 1314,62364,ALOFF XPE 60ML + SER,101141,C,9,1,2,0.84,5,2.0,0,2.0,0,,2.0,0,0.0,0.0,2.5,0.0,0.0,0.0,2.0,0,36.45,43.95,72.9,0.0,1.0,36.45,0,0,
test_q4_2024,2024-12-13,1314,LOJA 1314,62364,ALOFF XPE 60ML + SER,101141,C,9,1,2,0.84,5,2.0,0,2.0,0,,2.0,0,0.0,0.0,2.5,0.0,0.0,0.0,2.0,0,36.45,43.95,72.9,0.0,1.0,36.45,0,0,
test_q4_2024,2024-12-14,1314,LOJA 1314,62364,ALOFF XPE 60ML + SER,101141,C,9,1,2,0.84,5,2.0,0,2.0,0,,2.0,0,0.0,0.0,2.5,0.0,0.0,0.0,2.0,0,36.45,43.95,72.9,0.0,1.0,36.45,0,0,
test_q4_2024,2024-12-15,1314,LOJA 1314,62364,ALOFF XPE 60ML + SER,101141,C,9,1,2,0.84,5,2.0,0,2.0,0,,2.0,0,0.0,0.0,2.5,0.0,0.0,0.0,2.0,0,36.45,43.95,72.9,0.0,,,0,0,
test_q4_2024,2024-12-16,1314,LOJA 1314,62364,ALOFF XPE 60ML + SER,101141,C,9,1,2,0.84,5,2.0,0,2.0,0,,2.0,0,0.0,0.0,2.5,0.0,0.0,0.0,2.0,0,36.45,43.95,72.9,0.0,1.0,36.45,0,0,
test_q4_2024,2024-12-17,1314,LOJA 1314,62364,ALOFF XPE 60ML + SER,101141,C,9,1,2,0.84,5,2.0,0,2.0,0,,2.0,0,0.0,0.0,2.5,0.0,0.0,0.0,2.0,0,36.45,43.95,72.9,0.0,1.0,36.45,0,0,
test_q4_2024,2024-12-18,1314,LOJA 1314,62364,ALOFF XPE 60ML + SER,101141,C,9,1,2,0.84,5,2.0,0,2.0,0,,2.0,0,0.0,0.0,2.5,0.0,0.0,0.0,2.0,0,36.45,43.95,72.9,0.0,1.0,36.45,0,0,
test_q4_2024,2024-12-19,1314,LOJA 1314,62364,ALOFF XPE 60ML + SER,101141,C,9,1,2,0.84,5,2.0,0,2.0,0,,2.0,0,0.0,0.0,2.5,0.0,0.0,0.0,2.0,0,36.45,43.95,72.9,0.0,1.0,36.45,0,0,
test_q4_2024,2024-12-20,1314,LOJA 1314,62364,ALOFF XPE 60ML + SER,101141,C,9,1,2,0.84,5,2.0,0,2.0,0,,2.0,0,0.0,0.0,2.5,0.0,0.0,0.0,2.0,0,36.45,43.95,72.9,0.0,1.0,36.45,0,0,
test_q4_2024,2024-12-21,1314,LOJA 1314,62364,ALOFF XPE 60ML + SER,101141,C,9,1,2,0.84,5,2.0,0,2.0,0,,2.0,0,0.0,0.0,2.5,0.0,0.0,0.0,2.0,0,36.45,43.95,72.9,0.0,1.0,36.45,0,0,
test_q4_2024,2024-12-22,1314,LOJA 1314,62364,ALOFF XPE 60ML + SER,101141,C,9,1,2,0.84,5,2.0,0,2.0,0,,2.0,0,0.0,0.0,2.5,0.0,0.0,0.0,2.0,0,36.45,43.95,72.9,0.0,,,0,0,
test_q4_2024,2024-12-23,1314,LOJA 1314,62364,ALOFF XPE 60ML + SER,101141,C,9,1,2,0.84,5,2.0,0,2.0,0,,2.0,0,0.0,0.0,2.5,0.0,0.0,0.0,2.0,0,36.45,43.95,72.9,0.0,1.0,36.45,0,0,
test_q4_2024,2024-12-24,1314,LOJA 1314,62364,ALOFF XPE 60ML + SER,101141,C,9,1,2,0.84,5,2.0,0,2.0,0,,2.0,0,0.0,0.0,2.5,0.0,0.0,0.0,2.0,0,36.45,43.95,72.9,0.0,1.0,36.45,0,0,
test_q4_2024,2024-12-25,1314,LOJA 1314,62364,ALOFF XPE 60ML + SER,101141,C,9,1,2,0.84,5,2.0,0,2.0,0,,2.0,0,0.0,0.0,2.5,0.0,0.0,0.0,2.0,0,36.45,43.95,72.9,0.0,1.0,36.45,0,0,
test_q4_2024,2024-12-26,1314,LOJA 1314,62364,ALOFF XPE 60ML + SER,101141,C,9,1,2,0.84,5,2.0,0,2.0,0,,2.0,0,0.0,0.0,2.5,0.0,0.0,0.0,2.0,0,36.45,43.95,72.9,0.0,1.0,36.45,0,0,
test_q4_2024,2024-12-27,1314,LOJA 1314,62364,ALOFF XPE 60ML + SER,101141,C,9,1,2,0.84,5,2.0,0,2.0,0,,2.0,0,0.0,0.0,2.5,0.0,0.0,0.0,2.0,0,36.45,43.95,72.9,0.0,1.0,36.45,0,0,
test_q4_2024,2024-12-28,1314,LOJA 1314,62364,ALOFF XPE 60ML + SER,101141,C,9,1,2,0.84,5,2.0,0,2.0,0,,2.0,0,0.0,0.0,2.5,0.0,0.0,0.0,2.0,0,36.45,43.95,72.9,0.0,1.0,36.45,0,0,
test_q4_2024,2024-12-29,1314,LOJA 1314,62364,ALOFF XPE 60ML + SER,101141,C,9,1,2,0.84,5,2.0,0,2.0,0,,2.0,0,0.0,0.0,2.5,0.0,0.0,0.0,2.0,0,36.45,43.95,72.9,0.0,,,0,0,
test_q4_2024,2024-12-30,1314,LOJA 1314,62364,ALOFF XPE 60ML + SER,101141,C,9,1,2,0.84,5,2.0,0,2.0,0,,2.0,0,0.0,0.0,2.5,0.0,0.0,0.0,2.0,0,36.45,43.95,72.9,0.0,1.0,36.45,0,0,
test_q4_2024,2024-12-31,1314,LOJA 1314,62364,ALOFF XPE 60ML + SER,101141,C,9,1,2,0.84,5,2.0,0,2.0,0,,2.0,0,0.0,0.0,2.5,0.0,0.0,0.0,2.0,0,36.45,43.95,72.9,0.0,1.0,36.45,0,0,
test_q4_2024,2024-10-01,1314,LOJA 1314,62782,HEDERA CIMED 7MG/ML CEREJA XPE100ML,51356,C,9,1,2,0.84,5,2.0,0,2.0,0,,2.0,0,0.0,0.0,2.5,0.0,0.0,0.0,2.0,0,37.26,46.88,74.52,0.0,,,0,0,
test_q4_2024,2024-10-02,1314,LOJA 1314,62782,HEDERA CIMED 7MG/ML CEREJA XPE100ML,51356,C,9,1,2,0.84,5,2.0,0,2.0,0,,2.0,0,0.0,0.0,2.5,0.0,0.0,0.0,2.0,0,37.26,46.88,74.52,0.0,,,0,0,
test_q4_2024,2024-10-03,1314,LOJA 1314,62782,HEDERA CIMED 7MG/ML CEREJA XPE100ML,51356,C,9,1,2,0.84,5,2.0,0,2.0,0,,2.0,0,0.0,0.0,2.5,0.0,0.0,0.0,2.0,0,37.26,46.88,74.52,0.0,,,0,0,
test_q4_2024,2024-10-04,1314,LOJA 1314,62782,HEDERA CIMED 7MG/ML CEREJA XPE100ML,51356,C,9,1,2,0.84,5,2.0,0,2.0,0,,2.0,0,0.0,0.0,2.5,0.0,0.0,0.0,2.0,0,37.26,46.88,74.52,0.0,,,0,0,
test_q4_2024,2024-10-05,1314,LOJA 1314,62782,HEDERA CIMED 7MG/ML CEREJA XPE100ML,51356,C,9,1,2,0.84,5,2.0,0,2.0,0,,2.0,0,0.0,0.0,2.5,0.0,0.0,0.0,2.0,0,37.26,46.88,74.52,0.0,,,0,0,
test_q4_2024,2024-10-06,1314,LOJA 1314,62782,HEDERA CIMED 7MG/ML CEREJA XPE100ML,51356,C,9,1,2,0.84,5,2.0,0,2.0,0,,2.0,0,0.0,0.0,2.5,0.0,0.0,0.0,2.0,0,37.26,46.88,74.52,0.0,,,0,0,
test_q4_2024,2024-10-07,1314,LOJA 1314,62782,HEDERA CIMED 7MG/ML CEREJA XPE100ML,51356,C,9,1,2,0.84,5,2.0,0,2.0,0,,2.0,0,0.0,0.0,2.5,0.0,0.0,0.0,2.0,0,37.26,46.88,74.52,0.0,,,0,0,
test_q4_2024,2024-10-08,1314,LOJA 1314,62782,HEDERA CIMED 7MG/ML CEREJA XPE100ML,51356,C,9,1,2,0.84,5,2.0,0,2.0,0,,2.0,0,0.0,0.0,2.5,0.0,0.0,0.0,2.0,0,37.26,46.88,74.52,0.0,,,0,0,
test_q4_2024,2024-10-09,1314,LOJA 1314,62782,HEDERA CIMED 7MG/ML CEREJA XPE100ML,51356,C,9,1,2,0.84,5,2.0,0,2.0,0,,2.0,0,0.0,0.0,2.5,0.0,0.0,0.0,2.0,0,37.26,46.88,74.52,0.0,,,0,0,
test_q4_2024,2024-10-10,1314,LOJA 1314,62782,HEDERA CIMED 7MG/ML CEREJA XPE100ML,51356,C,9,1,2,0.84,5,2.0,0,2.0,0,,2.0,0,0.0,0.0,2.5,0.0,0.0,0.0,2.0,0,37.26,46.88,74.52,0.0,,,0,0,
test_q4_2024,2024-10-11,1314,LOJA 1314,62782,HEDERA CIMED 7MG/ML CEREJA XPE100ML,51356,C,9,1,2,0.84,5,2.0,0,2.0,0,,2.0,0,0.0,0.0,2.5,0.0,0.0,0.0,2.0,0,37.26,46.88,74.52,0.0,,,0,0,
test_q4_2024,2024-10-12,1314,LOJA 1314,62782,HEDERA CIMED 7MG/ML CEREJA XPE100ML,51356,C,9,1,2,0.84,5,2.0,0,2.0,0,,2.0,0,0.0,0.0,2.5,0.0,0.0,0.0,2.0,0,37.26,46.88,74.52,0.0,,,0,0,
test_q4_2024,2024-10-13,1314,LOJA 1314,62782,HEDERA CIMED 7MG/ML CEREJA XPE100ML,51356,C,9,1,2,0.84,5,2.0,0,2.0,0,,2.0,0,0.0,0.0,2.5,0.0,0.0,0.0,2.0,0,37.26,46.88,74.52,0.0,,,0,0,
test_q4_2024,2024-10-14,1314,LOJA 1314,62782,HEDERA CIMED 7MG/ML CEREJA XPE100ML,51356,C,9,1,2,0.84,5,2.0,0,2.0,0,,2.0,0,0.0,0.0,2.5,0.0,0.0,0.0,2.0,0,37.26,46.88,74.52,0.0,,,0,0,
test_q4_2024,2024-10-15,1314,LOJA 1314,62782,HEDERA CIMED 7MG/ML CEREJA XPE100ML,51356,C,9,1,2,0.84,5,2.0,0,2.0,0,,2.0,0,0.0,0.0,2.5,0.0,0.0,0.0,2.0,0,37.26,46.88,74.52,0.0,,,0,0,
test_q4_2024,2024-10-16,1314,LOJA 1314,62782,HEDERA CIMED 7MG/ML CEREJA XPE100ML,51356,C,9,1,2,0.84,5,2.0,0,2.0,0,,2.0,0,0.0,0.0,2.5,0.0,0.0,0.0,2.0,0,37.26,46.88,74.52,0.0,,,0,0,
test_q4_2024,2024-10-17,1314,LOJA 1314,62782,HEDERA CIMED 7MG/ML CEREJA XPE100ML,51356,C,9,1,2,0.84,5,2.0,0,2.0,0,,2.0,0,0.0,0.0,2.5,0.0,0.0,0.0,2.0,0,37.26,46.88,74.52,0.0,,,0,0,
test_q4_2024,2024-10-18,1314,LOJA 1314,62782,HEDERA CIMED 7MG/ML CEREJA XPE100ML,51356,C,9,1,2,0.84,5,2.0,0,2.0,0,,2.0,0,0.0,0.0,2.5,0.0,0.0,0.0,2.0,0,37.26,46.88,74.52,0.0,,,0,0,
test_q4_2024,2024-10-19,1314,LOJA 1314,62782,HEDERA CIMED 7MG/ML CEREJA XPE100ML,51356,C,9,1,2,0.84,5,2.0,0,2.0,0,,2.0,0,0.0,0.0,2.5,0.0,0.0,0.0,2.0,0,37.26,46.88,74.52,0.0,,,0,0,
test_q4_2024,2024-10-20,1314,LOJA 1314,62782,HEDERA CIMED 7MG/ML CEREJA XPE100ML,51356,C,9,1,2,0.84,5,2.0,0,2.0,0,,2.0,0,0.0,0.0,2.5,0.0,0.0,0.0,2.0,0,37.26,46.88,74.52,0.0,,,0,0,
test_q4_2024,2024-10-21,1314,LOJA 1314,62782,HEDERA CIMED 7MG/ML CEREJA XPE100ML,51356,C,9,1,2,0.84,5,2.0,0,2.0,0,,2.0,0,0.0,0.0,2.5,0.0,0.0,0.0,2.0,0,37.26,46.88,74.52,0.0,,,0,0,
test_q4_2024,2024-10-22,1314,LOJA 1314,62782,HEDERA CIMED 7MG/ML CEREJA XPE100ML,51356,C,9,1,2,0.84,5,2.0,0,2.0,0,,2.0,0,0.0,0.0,2.5,0.0,0.0,0.0,2.0,0,37.26,46.88,74.52,0.0,,,0,0,
test_q4_2024,2024-10-23,1314,LOJA 1314,62782,HEDERA CIMED 7MG/ML CEREJA XPE100ML,51356,C,9,1,2,0.84,5,2.0,0,2.0,0,,2.0,0,0.0,0.0,2.5,0.0,0.0,0.0,2.0,0,37.26,46.88,74.52,0.0,,,0,0,
test_q4_2024,2024-10-24,1314,LOJA 1314,62782,HEDERA CIMED 7MG/ML CEREJA XPE100ML,51356,C,9,1,2,0.84,5,2.0,0,2.0,0,,2.0,0,0.0,0.0,2.5,0.0,0.0,0.0,2.0,0,37.26,46.88,74.52,0.0,,,0,0,
test_q4_2024,2024-10-25,1314,LOJA 1314,62782,HEDERA CIMED 7MG/ML CEREJA XPE100ML,51356,C,9,1,2,0.84,5,2.0,0,2.0,0,,2.0,0,0.0,0.0,2.5,0.0,0.0,0.0,2.0,0,37.26,46.88,74.52,0.0,,,0,0,
test_q4_2024,2024-10-26,1314,LOJA 1314,62782,HEDERA CIMED 7MG/ML CEREJA XPE100ML,51356,C,9,1,2,0.84,5,2.0,0,2.0,0,,2.0,0,0.0,0.0,2.5,0.0,0.0,0.0,2.0,0,37.26,46.88,74.52,0.0,,,0,0,
test_q4_2024,2024-10-27,1314,LOJA 1314,62782,HEDERA CIMED 7MG/ML CEREJA XPE100ML,51356,C,9,1,2,0.84,5,2.0,0,2.0,0,,2.0,0,0.0,0.0,2.5,0.0,0.0,0.0,2.0,0,37.26,46.88,74.52,0.0,,,0,0,
test_q4_2024,2024-10-28,1314,LOJA 1314,62782,HEDERA CIMED 7MG/ML CEREJA XPE100ML,51356,C,9,1,2,0.84,5,2.0,0,2.0,0,,2.0,0,0.0,0.0,2.5,0.0,0.0,0.0,2.0,0,37.26,46.88,74.52,0.0,,,0,0,
test_q4_2024,2024-10-29,1314,LOJA 1314,62782,HEDERA CIMED 7MG/ML CEREJA XPE100ML,51356,C,9,1,2,0.84,5,2.0,0,2.0,0,,2.0,0,0.0,0.0,2.5,0.0,0.0,0.0,2.0,0,37.26,46.88,74.52,0.0,,,0,0,
test_q4_2024,2024-10-30,1314,LOJA 1314,62782,HEDERA CIMED 7MG/ML CEREJA XPE100ML,51356,C,9,1,2,0.84,5,2.0,0,2.0,0,,2.0,0,0.0,0.0,2.5,0.0,0.0,0.0,2.0,0,37.26,46.88,74.52,0.0,,,0,0,
test_q4_2024,2024-10-31,1314,LOJA 1314,62782,HEDERA CIMED 7MG/ML CEREJA XPE100ML,51356,C,9,1,2,0.84,5,2.0,0,2.0,0,,2.0,0,0.0,0.0,2.5,0.0,0.0,0.0,2.0,0,37.26,46.88,74.52,0.0,,,0,0,
test_q4_2024,2024-11-01,1314,LOJA 1314,62782,HEDERA CIMED 7MG/ML CEREJA XPE100ML,51356,C,9,1,2,0.84,5,2.0,0,2.0,0,,2.0,0,0.0,0.0,2.5,0.0,0.0,0.0,2.0,0,37.26,46.88,74.52,0.0,,,0,0,
test_q4_2024,2024-11-02,1314,LOJA 1314,62782,HEDERA CIMED 7MG/ML CEREJA XPE100ML,51356,C,9,1,2,0.84,5,2.0,0,2.0,0,,2.0,0,0.0,0.0,2.5,0.0,0.0,0.0,2.0,0,37.26,46.88,74.52,0.0,,,0,0,
test_q4_2024,2024-11-03,1314,LOJA 1314,62782,HEDERA CIMED 7MG/ML CEREJA XPE100ML,51356,C,9,1,2,0.84,5,2.0,0,2.0,0,,2.0,0,0.0,0.0,2.5,0.0,0.0,0.0,2.0,0,37.26,46.88,74.52,0.0,,,0,0,
test_q4_2024,2024-11-04,1314,LOJA 1314,62782,HEDERA CIMED 7MG/ML CEREJA XPE100ML,51356,C,9,1,2,0.84,5,2.0,0,2.0,0,,2.0,0,0.0,0.0,2.5,0.0,0.0,0.0,2.0,0,37.26,46.88,74.52,0.0,,,0,0,
test_q4_2024,2024-11-05,1314,LOJA 1314,62782,HEDERA CIMED 7MG/ML CEREJA XPE100ML,51356,C,9,1,2,0.84,5,2.0,0,2.0,0,,2.0,0,0.0,0.0,2.5,0.0,0.0,0.0,2.0,0,37.26,46.88,74.52,0.0,,,0,0,
test_q4_2024,2024-11-06,1314,LOJA 1314,62782,HEDERA CIMED 7MG/ML CEREJA XPE100ML,51356,C,9,1,2,0.84,5,2.0,0,2.0,0,,2.0,0,0.0,0.0,2.5,0.0,0.0,0.0,2.0,0,37.26,46.88,74.52,0.0,,,0,0,
test_q4_2024,2024-11-07,1314,LOJA 1314,62782,HEDERA CIMED 7MG/ML CEREJA XPE100ML,51356,C,9,1,2,0.84,5,2.0,0,2.0,0,,2.0,0,0.0,0.0,2.5,0.0,0.0,0.0,2.0,0,37.26,46.88,74.52,0.0,,,0,0,
test_q4_2024,2024-11-08,1314,LOJA 1314,62782,HEDERA CIMED 7MG/ML CEREJA XPE100ML,51356,C,9,1,2,0.84,5,2.0,0,2.0,0,,2.0,0,0.0,0.0,2.5,0.0,0.0,0.0,2.0,0,37.26,46.88,74.52,0.0,,,0,0,
test_q4_2024,2024-11-09,1314,LOJA 1314,62782,HEDERA CIMED 7MG/ML CEREJA XPE100ML,51356,C,9,1,2,0.84,5,2.0,0,2.0,0,,2.0,0,0.0,0.0,2.5,0.0,0.0,0.0,2.0,0,37.26,46.88,74.52,0.0,,,0,0,
test_q4_2024,2024-11-10,1314,LOJA 1314,62782,HEDERA CIMED 7MG/ML CEREJA XPE100ML,51356,C,9,1,2,0.84,5,2.0,0,2.0,0,,2.0,0,0.0,0.0,2.5,0.0,0.0,0.0,2.0,0,37.26,46.88,74.52,0.0,,,0,0,
test_q4_2024,2024-11-11,1314,LOJA 1314,62782,HEDERA CIMED 7MG/ML CEREJA XPE100ML,51356,C,9,1,2,0.84,5,2.0,0,2.0,0,,2.0,0,0.0,0.0,2.5,0.0,0.0,0.0,2.0,0,37.26,46.88,74.52,0.0,,,0,0,
test_q4_2024,2024-11-12,1314,LOJA 1314,62782,HEDERA CIMED 7MG/ML CEREJA XPE100ML,51356,C,9,1,2,0.84,5,2.0,0,2.0,0,,2.0,0,0.0,0.0,2.5,0.0,0.0,0.0,2.0,0,37.26,46.88,74.52,0.0,,,0,0,
test_q4_2024,2024-11-13,1314,LOJA 1314,62782,HEDERA CIMED 7MG/ML CEREJA XPE100ML,51356,C,9,1,2,0.84,5,2.0,0,2.0,0,,2.0,0,0.0,0.0,2.5,0.0,0.0,0.0,2.0,0,37.26,46.88,74.52,0.0,,,0,0,
test_q4_2024,2024-11-14,1314,LOJA 1314,62782,HEDERA CIMED 7MG/ML CEREJA XPE100ML,51356,C,9,1,2,0.84,5,2.0,0,2.0,0,,2.0,0,0.0,0.0,2.5,0.0,0.0,0.0,2.0,0,37.26,46.88,74.52,0.0,,,0,0,
test_q4_2024,2024-11-15,1314,LOJA 1314,62782,HEDERA CIMED 7MG/ML CEREJA XPE100ML,51356,C,9,1,2,0.84,5,2.0,0,2.0,0,,2.0,0,0.0,0.0,2.5,0.0,0.0,0.0,2.0,0,37.26,46.88,74.52,0.0,,,0,0,
test_q4_2024,2024-11-16,1314,LOJA 1314,62782,HEDERA CIMED 7MG/ML CEREJA XPE100ML,51356,C,9,1,2,0.84,5,2.0,0,2.0,0,,2.0,0,0.0,0.0,2.5,0.0,0.0,0.0,2.0,0,37.26,46.88,74.52,0.0,,,0,0,
test_q4_2024,2024-11-17,1314,LOJA 1314,62782,HEDERA CIMED 7MG/ML CEREJA XPE100ML,51356,C,9,1,2,0.84,5,2.0,0,2.0,0,,2.0,0,0.0,0.0,2.5,0.0,0.0,0.0,2.0,0,37.26,46.88,74.52,0.0,,,0,0,
test_q4_2024,2024-11-18,1314,LOJA 1314,62782,HEDERA CIMED 7MG/ML CEREJA XPE100ML,51356,C,9,1,2,0.84,5,2.0,0,2.0,0,,2.0,0,0.0,0.0,2.5,0.0,0.0,0.0,2.0,0,37.26,46.88,74.52,0.0,,,0,0,
test_q4_2024,2024-11-19,1314,LOJA 1314,62782,HEDERA CIMED 7MG/ML CEREJA XPE100ML,51356,C,9,1,2,0.84,5,2.0,0,2.0,0,,2.0,0,0.0,0.0,2.5,0.0,0.0,0.0,2.0,0,37.26,46.88,74.52,0.0,,,0,0,
test_q4_2024,2024-11-20,1314,LOJA 1314,62782,HEDERA CIMED 7MG/ML CEREJA XPE100ML,51356,C,9,1,2,0.84,5,2.0,0,2.0,0,,2.0,0,0.0,0.0,2.5,0.0,0.0,0.0,2.0,0,37.26,46.88,74.52,0.0,,,0,0,
test_q4_2024,2024-11-21,1314,LOJA 1314,62782,HEDERA CIMED 7MG/ML CEREJA XPE100ML,51356,C,9,1,2,0.84,5,2.0,0,2.0,0,,2.0,0,0.0,0.0,2.5,0.0,0.0,0.0,2.0,0,37.26,46.88,74.52,0.0,,,0,0,
test_q4_2024,2024-11-22,1314,LOJA 1314,62782,HEDERA CIMED 7MG/ML CEREJA XPE100ML,51356,C,9,1,2,0.84,5,2.0,0,2.0,0,,2.0,0,0.0,0.0,2.5,0.0,0.0,0.0,2.0,0,37.26,46.88,74.52,0.0,,,0,0,
test_q4_2024,2024-11-23,1314,LOJA 1314,62782,HEDERA CIMED 7MG/ML CEREJA XPE100ML,51356,C,9,1,2,0.84,5,2.0,0,2.0,0,,2.0,0,0.0,0.0,2.5,0.0,0.0,0.0,2.0,0,37.26,46.88,74.52,0.0,,,0,0,
test_q4_2024,2024-11-24,1314,LOJA 1314,62782,HEDERA CIMED 7MG/ML CEREJA XPE100ML,51356,C,9,1,2,0.84,5,2.0,0,2.0,0,,2.0,0,0.0,0.0,2.5,0.0,0.0,0.0,2.0,0,37.26,46.88,74.52,0.0,,,0,0,
test_q4_2024,2024-11-25,1314,LOJA 1314,62782,HEDERA CIMED 7MG/ML CEREJA XPE100ML,51356,C,9,1,2,0.84,5,2.0,0,2.0,0,,2.0,0,0.0,0.0,2.5,0.0,0.0,0.0,2.0,0,37.26,46.88,74.52,0.0,,,0,0,
test_q4_2024,2024-11-26,1314,LOJA 1314,62782,HEDERA CIMED 7MG/ML CEREJA XPE100ML,51356,C,9,1,2,0.84,5,2.0,0,2.0,0,,2.0,0,0.0,0.0,2.5,0.0,0.0,0.0,2.0,0,37.26,46.88,74.52,0.0,,,0,0,
test_q4_2024,2024-11-27,1314,LOJA 1314,62782,HEDERA CIMED 7MG/ML CEREJA XPE100ML,51356,C,9,1,2,0.84,5,2.0,0,2.0,0,,2.0,0,0.0,0.0,2.5,0.0,0.0,0.0,2.0,0,37.26,46.88,74.52,0.0,,,0,0,
test_q4_2024,2024-11-28,1314,LOJA 1314,62782,HEDERA CIMED 7MG/ML CEREJA XPE100ML,51356,C,9,1,2,0.84,5,2.0,0,2.0,0,,2.0,0,0.0,0.0,2.5,0.0,0.0,0.0,2.0,0,37.26,46.88,74.52,0.0,,,0,0,
test_q4_2024,2024-11-29,1314,LOJA 1314,62782,HEDERA CIMED 7MG/ML CEREJA XPE100ML,51356,C,9,1,2,0.84,5,2.0,0,2.0,0,,2.0,0,0.0,0.0,2.5,0.0,0.0,0.0,2.0,0,37.26,46.88,74.52,0.0,,,0,0,
test_q4_2024,2024-11-30,1314,LOJA 1314,62782,HEDERA CIMED 7MG/ML CEREJA XPE100ML,51356,C,9,1,2,0.84,5,2.0,0,2.0,0,,2.0,0,0.0,0.0,2.5,0.0,0.0,0.0,2.0,0,37.26,46.88,74.52,0.0,,,0,0,
test_q4_2024,2024-12-01,1314,LOJA 1314,62782,HEDERA CIMED 7MG/ML CEREJA XPE100ML,51356,C,9,1,2,0.84,5,2.0,0,2.0,0,,2.0,0,0.0,0.0,2.5,0.0,0.0,0.0,2.0,0,37.26,46.88,74.52,0.0,,,0,0,
test_q4_2024,2024-12-02,1314,LOJA 1314,62782,HEDERA CIMED 7MG/ML CEREJA XPE100ML,51356,C,9,1,2,0.84,5,2.0,0,2.0,0,,2.0,0,0.0,0.0,2.5,0.0,0.0,0.0,2.0,0,37.26,46.88,74.52,0.0,,,0,0,
test_q4_2024,2024-12-03,1314,LOJA 1314,62782,HEDERA CIMED 7MG/ML CEREJA XPE100ML,51356,C,9,1,2,0.84,5,2.0,0,2.0,0,,2.0,0,0.0,0.0,2.5,0.0,0.0,0.0,2.0,0,37.26,46.88,74.52,0.0,,,0,0,
test_q4_2024,2024-12-04,1314,LOJA 1314,62782,HEDERA CIMED 7MG/ML CEREJA XPE100ML,51356,C,9,1,2,0.84,5,2.0,0,2.0,0,,2.0,0,0.0,0.0,2.5,0.0,0.0,0.0,2.0,0,37.26,46.88,74.52,0.0,,,0,0,
test_q4_2024,2024-12-05,1314,LOJA 1314,62782,HEDERA CIMED 7MG/ML CEREJA XPE100ML,51356,C,9,1,2,0.84,5,2.0,0,2.0,0,,2.0,0,0.0,0.0,2.5,0.0,0.0,0.0,2.0,0,37.26,46.88,74.52,0.0,,,0,0,
test_q4_2024,2024-12-06,1314,LOJA 1314,62782,HEDERA CIMED 7MG/ML CEREJA XPE100ML,51356,C,9,1,2,0.84,5,2.0,0,2.0,0,,2.0,0,0.0,0.0,2.5,0.0,0.0,0.0,2.0,0,37.26,46.88,74.52,0.0,,,0,0,
test_q4_2024,2024-12-07,1314,LOJA 1314,62782,HEDERA CIMED 7MG/ML CEREJA XPE100ML,51356,C,9,1,2,0.84,5,2.0,0,2.0,0,,2.0,0,0.0,0.0,2.5,0.0,0.0,0.0,2.0,0,37.26,46.88,74.52,0.0,,,0,0,
test_q4_2024,2024-12-08,1314,LOJA 1314,62782,HEDERA CIMED 7MG/ML CEREJA XPE100ML,51356,C,9,1,2,0.84,5,2.0,0,2.0,0,,2.0,0,0.0,0.0,2.5,0.0,0.0,0.0,2.0,0,37.26,46.88,74.52,0.0,,,0,0,
test_q4_2024,2024-12-09,1314,LOJA 1314,62782,HEDERA CIMED 7MG/ML CEREJA XPE100ML,51356,C,9,1,2,0.84,5,2.0,0,2.0,0,,2.0,0,0.0,0.0,2.5,0.0,0.0,0.0,2.0,0,37.26,46.88,74.52,0.0,,,0,0,
test_q4_2024,2024-12-10,1314,LOJA 1314,62782,HEDERA CIMED 7MG/ML CEREJA XPE100ML,51356,C,9,1,2,0.84,5,2.0,0,2.0,0,,2.0,0,0.0,0.0,2.5,0.0,0.0,0.0,2.0,0,37.26,46.88,74.52,0.0,,,0,0,
test_q4_2024,2024-12-11,1314,LOJA 1314,62782,HEDERA CIMED 7MG/ML CEREJA XPE100ML,51356,C,9,1,2,0.84,5,2.0,0,2.0,0,,2.0,0,0.0,0.0,2.5,0.0,0.0,0.0,2.0,0,37.26,46.88,74.52,0.0,,,0,0,
test_q4_2024,2024-12-12,1314,LOJA 1314,62782,HEDERA CIMED 7MG/ML CEREJA XPE100ML,51356,C,9,1,2,0.84,5,2.0,0,2.0,0,,2.0,0,0.0,0.0,2.5,0.0,0.0,0.0,2.0,0,37.26,46.88,74.52,0.0,,,0,0,
test_q4_2024,2024-12-13,1314,LOJA 1314,62782,HEDERA CIMED 7MG/ML CEREJA XPE100ML,51356,C,9,1,2,0.84,5,2.0,0,2.0,0,,2.0,0,0.0,0.0,2.5,0.0,0.0,0.0,2.0,0,37.26,46.88,74.52,0.0,,,0,0,
test_q4_2024,2024-12-14,1314,LOJA 1314,62782,HEDERA CIMED 7MG/ML CEREJA XPE100ML,51356,C,9,1,2,0.84,5,2.0,0,2.0,0,,2.0,0,0.0,0.0,2.5,0.0,0.0,0.0,2.0,0,37.26,46.88,74.52,0.0,,,0,0,
test_q4_2024,2024-12-15,1314,LOJA 1314,62782,HEDERA CIMED 7MG/ML CEREJA XPE100ML,51356,C,9,1,2,0.84,5,2.0,0,2.0,0,,2.0,0,0.0,0.0,2.5,0.0,0.0,0.0,2.0,0,37.26,46.88,74.52,0.0,,,0,0,
test_q4_2024,2024-12-16,1314,LOJA 1314,62782,HEDERA CIMED 7MG/ML CEREJA XPE100ML,51356,C,9,1,2,0.84,5,2.0,0,2.0,0,,2.0,0,0.0,0.0,2.5,0.0,0.0,0.0,2.0,0,37.26,46.88,74.52,0.0,,,0,0,
test_q4_2024,2024-12-17,1314,LOJA 1314,62782,HEDERA CIMED 7MG/ML CEREJA XPE100ML,51356,C,9,1,2,0.84,5,2.0,0,2.0,0,,2.0,0,0.0,0.0,2.5,0.0,0.0,0.0,2.0,0,37.26,46.88,74.52,0.0,,,0,0,
test_q4_2024,2024-12-18,1314,LOJA 1314,62782,HEDERA CIMED 7MG/ML CEREJA XPE100ML,51356,C,9,1,2,0.84,5,2.0,0,2.0,0,,2.0,0,0.0,0.0,2.5,0.0,0.0,0.0,2.0,0,37.26,46.88,74.52,0.0,,,0,0,
test_q4_2024,2024-12-19,1314,LOJA 1314,62782,HEDERA CIMED 7MG/ML CEREJA XPE100ML,51356,C,9,1,2,0.84,5,2.0,0,2.0,0,,2.0,0,0.0,0.0,2.5,0.0,0.0,0.0,2.0,0,37.26,46.88,74.52,0.0,,,0,0,
test_q4_2024,2024-12-20,1314,LOJA 1314,62782,HEDERA CIMED 7MG/ML CEREJA XPE100ML,51356,C,9,1,2,0.84,5,2.0,0,2.0,0,,2.0,0,0.0,0.0,2.5,0.0,0.0,0.0,2.0,0,37.26,46.88,74.52,0.0,,,0,0,
test_q4_2024,2024-12-21,1314,LOJA 1314,62782,HEDERA CIMED 7MG/ML CEREJA XPE100ML,51356,C,9,1,2,0.84,5,2.0,0,2.0,0,,2.0,0,0.0,0.0,2.5,0.0,0.0,0.0,2.0,0,37.26,46.88,74.52,0.0,,,0,0,
test_q4_2024,2024-12-22,1314,LOJA 1314,62782,HEDERA CIMED 7MG/ML CEREJA XPE100ML,51356,C,9,1,2,0.84,5,2.0,0,2.0,0,,2.0,0,0.0,0.0,2.5,0.0,0.0,0.0,2.0,0,37.26,46.88,74.52,0.0,,,0,0,
test_q4_2024,2024-12-23,1314,LOJA 1314,62782,HEDERA CIMED 7MG/ML CEREJA XPE100ML,51356,C,9,1,2,0.84,5,2.0,0,2.0,0,,2.0,0,0.0,0.0,2.5,0.0,0.0,0.0,2.0,0,37.26,46.88,74.52,0.0,,,0,0,
test_q4_2024,2024-12-24,1314,LOJA 1314,62782,HEDERA CIMED 7MG/ML CEREJA XPE100ML,51356,C,9,1,2,0.84,5,2.0,0,2.0,0,,2.0,0,0.0,0.0,2.5,0.0,0.0,0.0,2.0,0,37.26,46.88,74.52,0.0,,,0,0,
test_q4_2024,2024-12-25,1314,LOJA 1314,62782,HEDERA CIMED 7MG/ML CEREJA XPE100ML,51356,C,9,1,2,0.84,5,2.0,0,2.0,0,,2.0,0,0.0,0.0,2.5,0.0,0.0,0.0,2.0,0,37.26,46.88,74.52,0.0,,,0,0,
test_q4_2024,2024-12-26,1314,LOJA 1314,62782,HEDERA CIMED 7MG/ML CEREJA XPE100ML,51356,C,9,1,2,0.84,5,2.0,0,2.0,0,,2.0,0,0.0,0.0,2.5,0.0,0.0,0.0,2.0,0,37.26,46.88,74.52,0.0,,,0,0,
test_q4_2024,2024-12-27,1314,LOJA 1314,62782,HEDERA CIMED 7MG/ML CEREJA XPE100ML,51356,C,9,1,2,0.84,5,2.0,0,2.0,0,,2.0,0,0.0,0.0,2.5,0.0,0.0,0.0,2.0,0,37.26,46.88,74.52,0.0,,,0,0,
test_q4_2024,2024-12-28,1314,LOJA 1314,62782,HEDERA CIMED 7MG/ML CEREJA XPE100ML,51356,C,9,1,2,0.84,5,2.0,0,2.0,0,,2.0,0,0.0,0.0,2.5,0.0,0.0,0.0,2.0,0,37.26,46.88,74.52,0.0,,,0,0,
test_q4_2024,2024-12-29,1314,LOJA 1314,62782,HEDERA CIMED 7MG/ML CEREJA XPE100ML,51356,C,9,1,2,0.84,5,2.0,0,2.0,0,,2.0,0,0.0,0.0,2.5,0.0,0.0,0.0,2.0,0,37.26,46.88,74.52,0.0,,,0,0,
test_q4_2024,2024-12-30,1314,LOJA 1314,62782,HEDERA CIMED 7MG/ML CEREJA XPE100ML,51356,C,9,1,2,0.84,5,2.0,0,2.0,0,,2.0,0,0.0,0.0,2.5,0.0,0.0,0.0,2.0,0,37.26,46.88,74.52,0.0,,,0,0,
test_q4_2024,2024-12-31,1314,LOJA 1314,62782,HEDERA CIMED 7MG/ML CEREJA XPE100ML,51356,C,9,1,2,0.84,5,2.0,0,2.0,0,,2.0,0,0.0,0.0,2.5,0.0,0.0,0.0,2.0,0,37.26,46.88,74.52,0.0,,,0,0,
test_q4_2024,2024-10-01,1314,LOJA 1314,76834,"SORINAN ADULTO 0,5MG SOL NASAL 30ML",111893,C,9,1,2,0.84,5,2.0,0,2.0,0,,2.0,0,0.0,0.0,2.5,0.0,0.0,0.0,2.0,0,8.55,10.8,17.1,0.0,1.0,8.55,0,0,
test_q4_2024,2024-10-02,1314,LOJA 1314,76834,"SORINAN ADULTO 0,5MG SOL NASAL 30ML",111893,C,9,1,2,0.84,5,2.0,0,2.0,0,,2.0,0,0.0,0.0,2.5,0.0,0.0,0.0,2.0,0,8.55,10.8,17.1,0.0,1.0,8.55,0,0,
test_q4_2024,2024-10-03,1314,LOJA 1314,76834,"SORINAN ADULTO 0,5MG SOL NASAL 30ML",111893,C,9,1,2,0.84,5,2.0,0,2.0,0,,2.0,0,0.0,0.0,2.5,0.0,0.0,0.0,2.0,0,8.55,10.8,17.1,0.0,1.0,8.55,0,0,
test_q4_2024,2024-10-04,1314,LOJA 1314,76834,"SORINAN ADULTO 0,5MG SOL NASAL 30ML",111893,C,9,1,2,0.84,5,2.0,0,2.0,0,,2.0,0,0.0,0.0,2.5,0.0,0.0,0.0,2.0,0,8.55,10.8,17.1,0.0,1.0,8.55,0,0,
test_q4_2024,2024-10-05,1314,LOJA 1314,76834,"SORINAN ADULTO 0,5MG SOL NASAL 30ML",111893,C,9,1,2,0.84,5,2.0,0,2.0,0,,2.0,0,0.0,0.0,2.5,0.0,0.0,0.0,2.0,0,8.55,10.8,17.1,0.0,1.0,8.55,0,0,
test_q4_2024,2024-10-06,1314,LOJA 1314,76834,"SORINAN ADULTO 0,5MG SOL NASAL 30ML",111893,C,9,1,2,0.84,5,2.0,0,2.0,0,,2.0,0,0.0,0.0,2.5,0.0,0.0,0.0,2.0,0,8.55,10.8,17.1,0.0,,,0,0,
test_q4_2024,2024-10-07,1314,LOJA 1314,76834,"SORINAN ADULTO 0,5MG SOL NASAL 30ML",111893,C,9,1,2,0.84,5,2.0,0,2.0,0,,2.0,0,0.0,0.0,2.5,0.0,0.0,0.0,2.0,0,8.55,10.8,17.1,0.0,1.0,8.55,0,0,
test_q4_2024,2024-10-08,1314,LOJA 1314,76834,"SORINAN ADULTO 0,5MG SOL NASAL 30ML",111893,C,9,1,2,0.84,5,2.0,0,2.0,0,,2.0,0,0.0,0.0,2.5,0.0,0.0,0.0,2.0,0,8.55,10.8,17.1,0.0,1.0,8.55,0,0,
test_q4_2024,2024-10-09,1314,LOJA 1314,76834,"SORINAN ADULTO 0,5MG SOL NASAL 30ML",111893,C,9,1,2,0.84,5,2.0,0,2.0,0,,2.0,0,0.0,0.0,2.5,0.0,0.0,0.0,2.0,0,8.55,10.8,17.1,0.0,1.0,8.55,0,0,
test_q4_2024,2024-10-10,1314,LOJA 1314,76834,"SORINAN ADULTO 0,5MG SOL NASAL 30ML",111893,C,9,1,2,0.84,5,2.0,0,2.0,0,,2.0,0,0.0,0.0,2.5,0.0,0.0,0.0,2.0,0,8.55,10.8,17.1,0.0,1.0,8.55,0,0,
test_q4_2024,2024-10-11,1314,LOJA 1314,76834,"SORINAN ADULTO 0,5MG SOL NASAL 30ML",111893,C,9,1,2,0.84,5,2.0,0,2.0,0,,2.0,0,0.0,0.0,2.5,0.0,0.0,0.0,2.0,0,8.55,10.8,17.1,0.0,1.0,8.55,0,0,
test_q4_2024,2024-10-12,1314,LOJA 1314,76834,"SORINAN ADULTO 0,5MG SOL NASAL 30ML",111893,C,9,1,2,0.84,5,2.0,0,2.0,0,,2.0,0,0.0,0.0,2.5,0.0,0.0,0.0,2.0,0,8.55,10.8,17.1,0.0,1.0,8.55,0,0,
test_q4_2024,2024-10-13,1314,LOJA 1314,76834,"SORINAN ADULTO 0,5MG SOL NASAL 30ML",111893,C,9,1,2,0.84,5,2.0,0,2.0,0,,2.0,0,0.0,0.0,2.5,0.0,0.0,0.0,2.0,0,8.55,10.8,17.1,0.0,,,0,0,
test_q4_2024,2024-10-14,1314,LOJA 1314,76834,"SORINAN ADULTO 0,5MG SOL NASAL 30ML",111893,C,9,1,2,0.84,5,2.0,0,2.0,0,,2.0,0,0.0,0.0,2.5,0.0,0.0,0.0,2.0,0,8.55,10.8,17.1,0.0,1.0,8.55,0,0,
test_q4_2024,2024-10-15,1314,LOJA 1314,76834,"SORINAN ADULTO 0,5MG SOL NASAL 30ML",111893,C,9,1,2,0.84,5,2.0,0,2.0,0,,2.0,0,0.0,0.0,2.5,0.0,0.0,0.0,2.0,0,8.55,10.8,17.1,0.0,1.0,8.55,0,0,
test_q4_2024,2024-10-16,1314,LOJA 1314,76834,"SORINAN ADULTO 0,5MG SOL NASAL 30ML",111893,C,9,1,2,0.84,5,2.0,0,2.0,0,,2.0,0,0.0,0.0,2.5,0.0,0.0,0.0,2.0,0,8.55,10.8,17.1,0.0,1.0,8.55,0,0,
test_q4_2024,2024-10-17,1314,LOJA 1314,76834,"SORINAN ADULTO 0,5MG SOL NASAL 30ML",111893,C,9,1,2,0.84,5,2.0,0,2.0,0,,2.0,0,0.0,0.0,2.5,0.0,0.0,0.0,2.0,0,8.55,10.8,17.1,0.0,1.0,8.55,0,0,
test_q4_2024,2024-10-18,1314,LOJA 1314,76834,"SORINAN ADULTO 0,5MG SOL NASAL 30ML",111893,C,9,1,2,0.84,5,2.0,0,2.0,0,,2.0,0,0.0,0.0,2.5,0.0,0.0,0.0,2.0,0,8.55,10.8,17.1,0.0,1.0,8.55,0,0,
test_q4_2024,2024-10-19,1314,LOJA 1314,76834,"SORINAN ADULTO 0,5MG SOL NASAL 30ML",111893,C,9,1,2,0.84,5,2.0,0,2.0,0,,2.0,0,0.0,0.0,2.5,0.0,0.0,0.0,2.0,0,8.55,10.8,17.1,0.0,1.0,8.55,0,0,
test_q4_2024,2024-10-20,1314,LOJA 1314,76834,"SORINAN ADULTO 0,5MG SOL NASAL 30ML",111893,C,9,1,2,0.84,5,2.0,0,2.0,0,,2.0,0,0.0,0.0,2.5,0.0,0.0,0.0,2.0,0,8.55,10.8,17.1,0.0,,,0,0,
test_q4_2024,2024-10-21,1314,LOJA 1314,76834,"SORINAN ADULTO 0,5MG SOL NASAL 30ML",111893,C,9,1,2,0.84,5,2.0,0,2.0,0,,2.0,0,0.0,0.0,2.5,0.0,0.0,0.0,2.0,0,8.55,10.8,17.1,0.0,1.0,8.55,0,0,
test_q4_2024,2024-10-22,1314,LOJA 1314,76834,"SORINAN ADULTO 0,5MG SOL NASAL 30ML",111893,C,9,1,2,0.84,5,2.0,0,2.0,0,,2.0,0,0.0,0.0,2.5,0.0,0.0,0.0,2.0,0,8.55,10.8,17.1,0.0,1.0,8.55,0,0,
test_q4_2024,2024-10-23,1314,LOJA 1314,76834,"SORINAN ADULTO 0,5MG SOL NASAL 30ML",111893,C,9,1,2,0.84,5,2.0,0,2.0,0,,2.0,0,0.0,0.0,2.5,0.0,0.0,0.0,2.0,0,8.55,10.8,17.1,0.0,1.0,8.55,0,0,
test_q4_2024,2024-10-24,1314,LOJA 1314,76834,"SORINAN ADULTO 0,5MG SOL NASAL 30ML",111893,C,9,1,2,0.84,5,2.0,0,2.0,0,,2.0,0,0.0,0.0,2.5,0.0,0.0,0.0,2.0,0,8.55,10.8,17.1,0.0,1.0,8.55,0,0,
test_q4_2024,2024-10-25,1314,LOJA 1314,76834,"SORINAN ADULTO 0,5MG SOL NASAL 30ML",111893,C,9,1,2,0.84,5,2.0,0,2.0,0,,2.0,0,0.0,0.0,2.5,0.0,0.0,0.0,2.0,0,8.55,10.8,17.1,0.0,1.0,8.55,0,0,
test_q4_2024,2024-10-26,1314,LOJA 1314,76834,"SORINAN ADULTO 0,5MG SOL NASAL 30ML",111893,C,9,1,2,0.84,5,2.0,0,2.0,0,,2.0,0,0.0,0.0,2.5,0.0,0.0,0.0,2.0,0,8.55,10.8,17.1,0.0,1.0,8.55,0,0,
test_q4_2024,2024-10-27,1314,LOJA 1314,76834,"SORINAN ADULTO 0,5MG SOL NASAL 30ML",111893,C,9,1,2,0.84,5,2.0,0,2.0,0,,2.0,0,0.0,0.0,2.5,0.0,0.0,0.0,2.0,0,8.55,10.8,17.1,0.0,,,0,0,
test_q4_2024,2024-10-28,1314,LOJA 1314,76834,"SORINAN ADULTO 0,5MG SOL NASAL 30ML",111893,C,9,1,2,0.84,5,2.0,0,2.0,0,,2.0,0,0.0,0.0,2.5,0.0,0.0,0.0,2.0,0,8.55,10.8,17.1,0.0,1.0,8.55,0,0,
test_q4_2024,2024-10-29,1314,LOJA 1314,76834,"SORINAN ADULTO 0,5MG SOL NASAL 30ML",111893,C,9,1,2,0.84,5,2.0,0,2.0,0,,2.0,0,0.0,0.0,2.5,0.0,0.0,0.0,2.0,0,8.55,10.8,17.1,0.0,1.0,8.55,0,0,
test_q4_2024,2024-10-30,1314,LOJA 1314,76834,"SORINAN ADULTO 0,5MG SOL NASAL 30ML",111893,C,9,1,2,0.84,5,2.0,0,2.0,0,,2.0,0,0.0,0.0,2.5,0.0,0.0,0.0,2.0,0,8.55,10.8,17.1,0.0,1.0,8.55,0,0,
test_q4_2024,2024-10-31,1314,LOJA 1314,76834,"SORINAN ADULTO 0,5MG SOL NASAL 30ML",111893,C,9,1,2,0.84,5,2.0,0,2.0,0,,2.0,0,0.0,0.0,2.5,0.0,0.0,0.0,2.0,0,8.55,10.8,17.1,0.0,1.0,8.55,0,0,
test_q4_2024,2024-11-01,1314,LOJA 1314,76834,"SORINAN ADULTO 0,5MG SOL NASAL 30ML",111893,C,9,1,2,0.84,5,2.0,0,2.0,0,,2.0,0,0.0,0.0,2.5,0.0,0.0,0.0,2.0,0,8.55,10.8,17.1,0.0,1.0,8.55,0,0,
test_q4_2024,2024-11-02,1314,LOJA 1314,76834,"SORINAN ADULTO 0,5MG SOL NASAL 30ML",111893,C,9,1,2,0.84,5,2.0,0,2.0,0,,2.0,0,0.0,0.0,2.5,0.0,0.0,0.0,2.0,0,8.55,10.8,17.1,0.0,1.0,8.55,0,0,
test_q4_2024,2024-11-03,1314,LOJA 1314,76834,"SORINAN ADULTO 0,5MG SOL NASAL 30ML",111893,C,9,1,2,0.84,5,2.0,0,2.0,0,,2.0,0,0.0,0.0,2.5,0.0,0.0,0.0,2.0,0,8.55,10.8,17.1,0.0,,,0,0,
test_q4_2024,2024-11-04,1314,LOJA 1314,76834,"SORINAN ADULTO 0,5MG SOL NASAL 30ML",111893,C,9,1,2,0.84,5,2.0,0,2.0,0,,2.0,0,0.0,0.0,2.5,0.0,0.0,0.0,2.0,0,8.55,10.8,17.1,0.0,1.0,8.55,0,0,
test_q4_2024,2024-11-05,1314,LOJA 1314,76834,"SORINAN ADULTO 0,5MG SOL NASAL 30ML",111893,C,9,1,2,0.84,5,2.0,0,2.0,0,,2.0,0,0.0,0.0,2.5,0.0,0.0,0.0,2.0,0,8.55,10.8,17.1,0.0,1.0,8.55,0,0,
test_q4_2024,2024-11-06,1314,LOJA 1314,76834,"SORINAN ADULTO 0,5MG SOL NASAL 30ML",111893,C,9,1,2,0.84,5,2.0,0,2.0,0,,2.0,0,0.0,0.0,2.5,0.0,0.0,0.0,2.0,0,8.55,10.8,17.1,0.0,1.0,8.55,0,0,
test_q4_2024,2024-11-07,1314,LOJA 1314,76834,"SORINAN ADULTO 0,5MG SOL NASAL 30ML",111893,C,9,1,2,0.84,5,2.0,0,2.0,0,,2.0,0,0.0,0.0,2.5,0.0,0.0,0.0,2.0,0,8.55,10.8,17.1,0.0,1.0,8.55,0,0,
test_q4_2024,2024-11-08,1314,LOJA 1314,76834,"SORINAN ADULTO 0,5MG SOL NASAL 30ML",111893,C,9,1,2,0.84,5,2.0,0,2.0,0,,2.0,0,0.0,0.0,2.5,0.0,0.0,0.0,2.0,0,8.55,10.8,17.1,0.0,1.0,8.55,0,0,
test_q4_2024,2024-11-09,1314,LOJA 1314,76834,"SORINAN ADULTO 0,5MG SOL NASAL 30ML",111893,C,9,1,2,0.84,5,2.0,0,2.0,0,,2.0,0,0.0,0.0,2.5,0.0,0.0,0.0,2.0,0,8.55,10.8,17.1,0.0,1.0,8.55,0,0,
test_q4_2024,2024-11-10,1314,LOJA 1314,76834,"SORINAN ADULTO 0,5MG SOL NASAL 30ML",111893,C,9,1,2,0.84,5,2.0,0,2.0,0,,2.0,0,0.0,0.0,2.5,0.0,0.0,0.0,2.0,0,8.55,10.8,17.1,0.0,,,0,0,
test_q4_2024,2024-11-11,1314,LOJA 1314,76834,"SORINAN ADULTO 0,5MG SOL NASAL 30ML",111893,C,9,1,2,0.84,5,2.0,0,2.0,0,,2.0,0,0.0,0.0,2.5,0.0,0.0,0.0,2.0,0,8.55,10.8,17.1,0.0,1.0,8.55,0,0,
test_q4_2024,2024-11-12,1314,LOJA 1314,76834,"SORINAN ADULTO 0,5MG SOL NASAL 30ML",111893,C,9,1,2,0.84,5,2.0,0,2.0,0,,2.0,0,0.0,0.0,2.5,0.0,0.0,0.0,2.0,0,8.55,10.8,17.1,0.0,1.0,8.55,0,0,
test_q4_2024,2024-11-13,1314,LOJA 1314,76834,"SORINAN ADULTO 0,5MG SOL NASAL 30ML",111893,C,9,1,2,0.84,5,2.0,0,2.0,0,,2.0,0,0.0,0.0,2.5,0.0,0.0,0.0,2.0,0,8.55,10.8,17.1,0.0,1.0,8.55,0,0,
test_q4_2024,2024-11-14,1314,LOJA 1314,76834,"SORINAN ADULTO 0,5MG SOL NASAL 30ML",111893,C,9,1,2,0.84,5,2.0,0,2.0,0,,2.0,0,0.0,0.0,2.5,0.0,0.0,0.0,2.0,0,8.55,10.8,17.1,0.0,1.0,8.55,0,0,
test_q4_2024,2024-11-15,1314,LOJA 1314,76834,"SORINAN ADULTO 0,5MG SOL NASAL 30ML",111893,C,9,1,2,0.84,5,2.0,0,2.0,0,,2.0,0,0.0,0.0,2.5,0.0,0.0,0.0,2.0,0,8.55,10.8,17.1,0.0,1.0,8.55,0,0,
test_q4_2024,2024-11-16,1314,LOJA 1314,76834,"SORINAN ADULTO 0,5MG SOL NASAL 30ML",111893,C,9,1,2,0.84,5,2.0,0,2.0,0,,2.0,0,0.0,0.0,2.5,0.0,0.0,0.0,2.0,0,8.55,10.8,17.1,0.0,1.0,8.55,0,0,
test_q4_2024,2024-11-17,1314,LOJA 1314,76834,"SORINAN ADULTO 0,5MG SOL NASAL 30ML",111893,C,9,1,2,0.84,5,2.0,0,2.0,0,,2.0,0,0.0,0.0,2.5,0.0,0.0,0.0,2.0,0,8.55,10.8,17.1,0.0,,,0,0,
test_q4_2024,2024-11-18,1314,LOJA 1314,76834,"SORINAN ADULTO 0,5MG SOL NASAL 30ML",111893,C,9,1,2,0.84,5,2.0,0,2.0,0,,2.0,0,0.0,0.0,2.5,0.0,0.0,0.0,2.0,0,8.55,10.8,17.1,0.0,1.0,8.55,0,0,
test_q4_2024,2024-11-19,1314,LOJA 1314,76834,"SORINAN ADULTO 0,5MG SOL NASAL 30ML",111893,C,9,1,2,0.84,5,2.0,0,2.0,0,,2.0,0,0.0,0.0,2.5,1.0,1.0,0.0,1.0,0,8.55,10.8,8.55,0.0,1.0,8.55,0,0,
test_q4_2024,2024-11-20,1314,LOJA 1314,76834,"SORINAN ADULTO 0,5MG SOL NASAL 30ML",111893,C,9,1,2,0.84,5,1.0,0,1.0,1,2024-11-29,2.0,1,0.0,0.0,2.5,0.0,0.0,0.0,1.0,0,8.55,10.8,8.55,5.22,1.0,8.55,0,0,
test_q4_2024,2024-11-21,1314,LOJA 1314,76834,"SORINAN ADULTO 0,5MG SOL NASAL 30ML",111893,C,9,1,2,0.84,5,1.0,0,2.0,0,,2.0,1,0.0,0.0,2.5,0.0,0.0,0.0,1.0,0,8.55,10.8,8.55,0.0,1.0,8.55,0,0,
test_q4_2024,2024-11-22,1314,LOJA 1314,76834,"SORINAN ADULTO 0,5MG SOL NASAL 30ML",111893,C,9,1,2,0.84,5,1.0,0,2.0,0,,2.0,1,0.0,0.0,2.5,0.0,0.0,0.0,1.0,0,8.55,10.8,8.55,0.0,1.0,8.55,0,0,
test_q4_2024,2024-11-23,1314,LOJA 1314,76834,"SORINAN ADULTO 0,5MG SOL NASAL 30ML",111893,C,9,1,2,0.84,5,1.0,0,2.0,0,,2.0,1,0.0,0.0,2.5,0.0,0.0,0.0,1.0,0,8.55,10.8,8.55,0.0,1.0,8.55,0,0,
test_q4_2024,2024-11-24,1314,LOJA 1314,76834,"SORINAN ADULTO 0,5MG SOL NASAL 30ML",111893,C,9,1,2,0.84,5,1.0,0,2.0,0,,2.0,1,0.0,0.0,2.5,0.0,0.0,0.0,1.0,0,8.55,10.8,8.55,0.0,,,0,0,
test_q4_2024,2024-11-25,1314,LOJA 1314,76834,"SORINAN ADULTO 0,5MG SOL NASAL 30ML",111893,C,9,1,2,0.84,5,1.0,0,2.0,0,,2.0,1,0.0,0.0,2.5,0.0,0.0,0.0,1.0,0,8.55,10.8,8.55,0.0,1.0,8.55,0,0,
test_q4_2024,2024-11-26,1314,LOJA 1314,76834,"SORINAN ADULTO 0,5MG SOL NASAL 30ML",111893,C,9,1,2,0.84,5,1.0,0,2.0,0,,2.0,1,0.0,0.0,2.5,0.0,0.0,0.0,1.0,0,8.55,10.8,8.55,0.0,1.0,8.55,0,0,
test_q4_2024,2024-11-27,1314,LOJA 1314,76834,"SORINAN ADULTO 0,5MG SOL NASAL 30ML",111893,C,9,1,2,0.84,5,1.0,0,2.0,0,,2.0,1,0.0,0.0,2.5,0.0,0.0,0.0,1.0,0,8.55,10.8,8.55,0.0,1.0,8.55,0,0,
test_q4_2024,2024-11-28,1314,LOJA 1314,76834,"SORINAN ADULTO 0,5MG SOL NASAL 30ML",111893,C,9,1,2,0.84,5,1.0,0,2.0,0,,2.0,1,0.0,0.0,2.5,0.0,0.0,0.0,1.0,0,8.55,10.8,8.55,0.0,1.0,8.55,0,0,
test_q4_2024,2024-11-29,1314,LOJA 1314,76834,"SORINAN ADULTO 0,5MG SOL NASAL 30ML",111893,C,9,1,2,0.84,5,2.0,1,2.0,0,,2.0,0,0.0,0.0,2.5,0.0,0.0,0.0,2.0,0,8.55,10.8,17.1,0.0,1.0,8.55,0,0,
test_q4_2024,2024-11-30,1314,LOJA 1314,76834,"SORINAN ADULTO 0,5MG SOL NASAL 30ML",111893,C,9,1,2,0.84,5,2.0,0,2.0,0,,2.0,0,0.0,0.0,2.5,0.0,0.0,0.0,2.0,0,8.55,10.8,17.1,0.0,1.0,8.55,0,0,
test_q4_2024,2024-12-01,1314,LOJA 1314,76834,"SORINAN ADULTO 0,5MG SOL NASAL 30ML",111893,C,9,1,2,0.84,5,2.0,0,2.0,0,,2.0,0,0.0,0.0,2.5,0.0,0.0,0.0,2.0,0,8.55,10.8,17.1,0.0,,,0,0,
test_q4_2024,2024-12-02,1314,LOJA 1314,76834,"SORINAN ADULTO 0,5MG SOL NASAL 30ML",111893,C,9,1,2,0.84,5,2.0,0,2.0,0,,2.0,0,0.0,0.0,2.5,0.0,0.0,0.0,2.0,0,8.55,10.8,17.1,0.0,1.0,8.55,0,0,
test_q4_2024,2024-12-03,1314,LOJA 1314,76834,"SORINAN ADULTO 0,5MG SOL NASAL 30ML",111893,C,9,1,2,0.84,5,2.0,0,2.0,0,,2.0,0,0.0,0.0,2.5,0.0,0.0,0.0,2.0,0,8.55,10.8,17.1,0.0,1.0,8.55,0,0,
test_q4_2024,2024-12-04,1314,LOJA 1314,76834,"SORINAN ADULTO 0,5MG SOL NASAL 30ML",111893,C,9,1,2,0.84,5,2.0,0,2.0,0,,2.0,0,0.0,0.0,2.5,0.0,0.0,0.0,2.0,0,8.55,10.8,17.1,0.0,1.0,8.55,0,0,
test_q4_2024,2024-12-05,1314,LOJA 1314,76834,"SORINAN ADULTO 0,5MG SOL NASAL 30ML",111893,C,9,1,2,0.84,5,2.0,0,2.0,0,,2.0,0,0.0,0.0,2.5,0.0,0.0,0.0,2.0,0,8.55,10.8,17.1,0.0,1.0,8.55,0,0,
test_q4_2024,2024-12-06,1314,LOJA 1314,76834,"SORINAN ADULTO 0,5MG SOL NASAL 30ML",111893,C,9,1,2,0.84,5,2.0,0,2.0,0,,2.0,0,0.0,0.0,2.5,0.0,0.0,0.0,2.0,0,8.55,10.8,17.1,0.0,1.0,8.55,0,0,
test_q4_2024,2024-12-07,1314,LOJA 1314,76834,"SORINAN ADULTO 0,5MG SOL NASAL 30ML",111893,C,9,1,2,0.84,5,2.0,0,2.0,0,,2.0,0,0.0,0.0,2.5,0.0,0.0,0.0,2.0,0,8.55,10.8,17.1,0.0,1.0,8.55,0,0,
test_q4_2024,2024-12-08,1314,LOJA 1314,76834,"SORINAN ADULTO 0,5MG SOL NASAL 30ML",111893,C,9,1,2,0.84,5,2.0,0,2.0,0,,2.0,0,0.0,0.0,2.5,0.0,0.0,0.0,2.0,0,8.55,10.8,17.1,0.0,,,0,0,
test_q4_2024,2024-12-09,1314,LOJA 1314,76834,"SORINAN ADULTO 0,5MG SOL NASAL 30ML",111893,C,9,1,2,0.84,5,2.0,0,2.0,0,,2.0,0,0.0,0.0,2.5,0.0,0.0,0.0,2.0,0,8.55,10.8,17.1,0.0,1.0,8.55,0,0,
test_q4_2024,2024-12-10,1314,LOJA 1314,76834,"SORINAN ADULTO 0,5MG SOL NASAL 30ML",111893,C,9,1,2,0.84,5,2.0,0,2.0,0,,2.0,0,0.0,0.0,2.5,0.0,0.0,0.0,2.0,0,8.55,10.8,17.1,0.0,1.0,8.55,0,0,
test_q4_2024,2024-12-11,1314,LOJA 1314,76834,"SORINAN ADULTO 0,5MG SOL NASAL 30ML",111893,C,9,1,2,0.84,5,2.0,0,2.0,0,,2.0,0,0.0,0.0,2.5,0.0,0.0,0.0,2.0,0,8.55,10.8,17.1,0.0,1.0,8.55,0,0,
test_q4_2024,2024-12-12,1314,LOJA 1314,76834,"SORINAN ADULTO 0,5MG SOL NASAL 30ML",111893,C,9,1,2,0.84,5,2.0,0,2.0,0,,2.0,0,0.0,0.0,2.5,0.0,0.0,0.0,2.0,0,8.55,10.8,17.1,0.0,1.0,8.55,0,0,
test_q4_2024,2024-12-13,1314,LOJA 1314,76834,"SORINAN ADULTO 0,5MG SOL NASAL 30ML",111893,C,9,1,2,0.84,5,2.0,0,2.0,0,,2.0,0,0.0,0.0,2.5,0.0,0.0,0.0,2.0,0,8.55,10.8,17.1,0.0,1.0,8.55,0,0,
test_q4_2024,2024-12-14,1314,LOJA 1314,76834,"SORINAN ADULTO 0,5MG SOL NASAL 30ML",111893,C,9,1,2,0.84,5,2.0,0,2.0,0,,2.0,0,0.0,0.0,2.5,0.0,0.0,0.0,2.0,0,8.55,10.8,17.1,0.0,1.0,8.55,0,0,
test_q4_2024,2024-12-15,1314,LOJA 1314,76834,"SORINAN ADULTO 0,5MG SOL NASAL 30ML",111893,C,9,1,2,0.84,5,2.0,0,2.0,0,,2.0,0,0.0,0.0,2.5,0.0,0.0,0.0,2.0,0,8.55,10.8,17.1,0.0,,,0,0,
test_q4_2024,2024-12-16,1314,LOJA 1314,76834,"SORINAN ADULTO 0,5MG SOL NASAL 30ML",111893,C,9,1,2,0.84,5,2.0,0,2.0,0,,2.0,0,0.0,0.0,2.5,0.0,0.0,0.0,2.0,0,8.55,10.8,17.1,0.0,1.0,8.55,0,0,
test_q4_2024,2024-12-17,1314,LOJA 1314,76834,"SORINAN ADULTO 0,5MG SOL NASAL 30ML",111893,C,9,1,2,0.84,5,2.0,0,2.0,0,,2.0,0,0.0,0.0,2.5,0.0,0.0,0.0,2.0,0,8.55,10.8,17.1,0.0,1.0,8.55,0,0,
test_q4_2024,2024-12-18,1314,LOJA 1314,76834,"SORINAN ADULTO 0,5MG SOL NASAL 30ML",111893,C,9,1,2,0.84,5,2.0,0,2.0,0,,2.0,0,0.0,0.0,2.5,0.0,0.0,0.0,2.0,0,8.55,10.8,17.1,0.0,1.0,8.55,0,0,
test_q4_2024,2024-12-19,1314,LOJA 1314,76834,"SORINAN ADULTO 0,5MG SOL NASAL 30ML",111893,C,9,1,2,0.84,5,2.0,0,2.0,0,,2.0,0,0.0,0.0,2.5,0.0,0.0,0.0,2.0,0,8.55,10.8,17.1,0.0,1.0,8.55,0,0,
test_q4_2024,2024-12-20,1314,LOJA 1314,76834,"SORINAN ADULTO 0,5MG SOL NASAL 30ML",111893,C,9,1,2,0.84,5,2.0,0,2.0,0,,2.0,0,0.0,0.0,2.5,0.0,0.0,0.0,2.0,0,8.55,10.8,17.1,0.0,1.0,8.55,0,0,
test_q4_2024,2024-12-21,1314,LOJA 1314,76834,"SORINAN ADULTO 0,5MG SOL NASAL 30ML",111893,C,9,1,2,0.84,5,2.0,0,2.0,0,,2.0,0,0.0,0.0,2.5,0.0,0.0,0.0,2.0,0,8.55,10.8,17.1,0.0,1.0,8.55,0,0,
test_q4_2024,2024-12-22,1314,LOJA 1314,76834,"SORINAN ADULTO 0,5MG SOL NASAL 30ML",111893,C,9,1,2,0.84,5,2.0,0,2.0,0,,2.0,0,0.0,0.0,2.5,0.0,0.0,0.0,2.0,0,8.55,10.8,17.1,0.0,,,0,0,
test_q4_2024,2024-12-23,1314,LOJA 1314,76834,"SORINAN ADULTO 0,5MG SOL NASAL 30ML",111893,C,9,1,2,0.84,5,2.0,0,2.0,0,,2.0,0,0.0,0.0,2.5,0.0,0.0,0.0,2.0,0,8.55,10.8,17.1,0.0,1.0,8.55,0,0,
test_q4_2024,2024-12-24,1314,LOJA 1314,76834,"SORINAN ADULTO 0,5MG SOL NASAL 30ML",111893,C,9,1,2,0.84,5,2.0,0,2.0,0,,2.0,0,0.0,0.0,2.5,0.0,0.0,0.0,2.0,0,8.55,10.8,17.1,0.0,1.0,8.55,0,0,
test_q4_2024,2024-12-25,1314,LOJA 1314,76834,"SORINAN ADULTO 0,5MG SOL NASAL 30ML",111893,C,9,1,2,0.84,5,2.0,0,2.0,0,,2.0,0,0.0,0.0,2.5,0.0,0.0,0.0,2.0,0,8.55,10.8,17.1,0.0,1.0,8.55,0,0,
test_q4_2024,2024-12-26,1314,LOJA 1314,76834,"SORINAN ADULTO 0,5MG SOL NASAL 30ML",111893,C,9,1,2,0.84,5,2.0,0,2.0,0,,2.0,0,0.0,0.0,2.5,0.0,0.0,0.0,2.0,0,8.55,10.8,17.1,0.0,1.0,8.55,0,0,
test_q4_2024,2024-12-27,1314,LOJA 1314,76834,"SORINAN ADULTO 0,5MG SOL NASAL 30ML",111893,C,9,1,2,0.84,5,2.0,0,2.0,0,,2.0,0,0.0,0.0,2.5,0.0,0.0,0.0,2.0,0,8.55,10.8,17.1,0.0,1.0,8.55,0,0,
test_q4_2024,2024-12-28,1314,LOJA 1314,76834,"SORINAN ADULTO 0,5MG SOL NASAL 30ML",111893,C,9,1,2,0.84,5,2.0,0,2.0,0,,2.0,0,0.0,0.0,2.5,0.0,0.0,0.0,2.0,0,8.55,10.8,17.1,0.0,1.0,8.55,0,0,
test_q4_2024,2024-12-29,1314,LOJA 1314,76834,"SORINAN ADULTO 0,5MG SOL NASAL 30ML",111893,C,9,1,2,0.84,5,2.0,0,2.0,0,,2.0,0,0.0,0.0,2.5,0.0,0.0,0.0,2.0,0,8.55,10.8,17.1,0.0,,,0,0,
test_q4_2024,2024-12-30,1314,LOJA 1314,76834,"SORINAN ADULTO 0,5MG SOL NASAL 30ML",111893,C,9,1,2,0.84,5,2.0,0,2.0,0,,2.0,0,0.0,0.0,2.5,0.0,0.0,0.0,2.0,0,8.55,10.8,17.1,0.0,1.0,8.55,0,0,
test_q4_2024,2024-12-31,1314,LOJA 1314,76834,"SORINAN ADULTO 0,5MG SOL NASAL 30ML",111893,C,9,1,2,0.84,5,2.0,0,2.0,0,,2.0,0,0.0,0.0,2.5,0.0,0.0,0.0,2.0,0,8.55,10.8,17.1,0.0,1.0,8.55,0,0,
test_q4_2024,2024-10-01,1314,LOJA 1314,9607,NARIDRIN 12H ADULTO 30ML,173,A,9,9,15,0.84,5,5.0,0,11.0,0,,11.0,6,0.9418,0.724,1.0,0.0,0.0,0.0,5.0,0,28.36,27.5,141.8,0.0,9.0,255.24,0,0,
test_q4_2024,2024-10-02,1314,LOJA 1314,9607,NARIDRIN 12H ADULTO 30ML,173,A,9,9,15,0.84,5,5.0,0,11.0,0,,11.0,6,0.7193,0.724,1.0,0.0,0.0,0.0,5.0,0,28.36,27.5,141.8,0.0,9.0,255.24,0,0,
test_q4_2024,2024-10-03,1314,LOJA 1314,9607,NARIDRIN 12H ADULTO 30ML,173,A,9,9,15,0.84,5,5.0,0,11.0,0,,11.0,6,0.8506,0.724,1.0,1.0,1.0,0.0,4.0,0,28.36,27.5,113.44,0.0,9.0,255.24,0,0,
test_q4_2024,2024-10-04,1314,LOJA 1314,9607,NARIDRIN 12H ADULTO 30ML,173,A,9,9,15,0.84,5,4.0,0,10.0,0,,10.0,6,0.8106,0.724,1.0,1.0,1.0,0.0,3.0,0,28.36,27.5,85.08,0.0,8.0,226.88,0,0,
test_q4_2024,2024-10-05,1314,LOJA 1314,9607,NARIDRIN 12H ADULTO 30ML,173,A,9,9,15,0.84,5,3.0,0,9.0,6,2024-10-14,15.0,12,0.6089,0.724,1.0,0.0,0.0,0.0,3.0,0,28.36,27.5,85.08,14.31,7.0,198.51999999999998,0,0,
test_q4_2024,2024-10-06,1314,LOJA 1314,9607,NARIDRIN 12H ADULTO 30ML,173,A,9,9,15,0.84,5,9.0,6,15.0,0,,15.0,6,0.7364,0.724,1.0,0.0,0.0,0.0,9.0,0,28.36,27.5,255.24,0.0,,,0,0,
test_q4_2024,2024-10-07,1314,LOJA 1314,9607,NARIDRIN 12H ADULTO 30ML,173,A,9,9,15,0.84,5,9.0,0,15.0,0,,15.0,6,0.7364,0.724,1.0,0.0,0.0,0.0,9.0,0,28.36,27.5,255.24,0.0,15.0,425.4,0,0,
test_q4_2024,2024-10-08,1314,LOJA 1314,9607,NARIDRIN 12H ADULTO 30ML,173,A,9,9,15,0.84,5,9.0,0,15.0,0,,15.0,6,0.9552,0.724,1.0,0.0,0.0,0.0,9.0,0,28.36,27.5,255.24,0.0,15.0,425.4,0,0,
test_q4_2024,2024-10-09,1314,LOJA 1314,9607,NARIDRIN 12H ADULTO 30ML,173,A,9,9,15,0.84,5,9.0,0,15.0,0,,15.0,6,0.6927,0.724,1.0,1.0,1.0,0.0,8.0,0,28.36,27.5,226.88,0.0,15.0,425.4,0,0,
test_q4_2024,2024-10-10,1314,LOJA 1314,9607,NARIDRIN 12H ADULTO 30ML,173,A,9,9,15,0.84,5,8.0,0,14.0,0,,14.0,6,0.8639,0.724,1.0,1.0,1.0,0.0,7.0,0,28.36,27.5,198.52,0.0,14.0,397.03999999999996,0,0,
test_q4_2024,2024-10-11,1314,LOJA 1314,9607,NARIDRIN 12H ADULTO 30ML,173,A,9,9,15,0.84,5,7.0,0,13.0,0,,13.0,6,0.8639,0.724,1.0,1.0,1.0,0.0,6.0,0,28.36,27.5,170.16,0.0,17.0,482.12,0,0,
test_q4_2024,2024-10-12,1314,LOJA 1314,9607,NARIDRIN 12H ADULTO 30ML,173,A,9,9,15,0.84,5,6.0,0,12.0,0,,12.0,6,0.6489,0.724,1.0,0.0,0.0,0.0,6.0,0,28.36,27.5,170.16,0.0,16.0,453.76,0,0,
test_q4_2024,2024-10-13,1314,LOJA 1314,9607,NARIDRIN 12H ADULTO 30ML,173,A,9,9,15,0.84,5,6.0,0,12.0,0,,12.0,6,0.7364,0.724,1.0,0.0,0.0,0.0,6.0,0,28.36,27.5,170.16,0.0,,,0,0,
test_q4_2024,2024-10-14,1314,LOJA 1314,9607,NARIDRIN 12H ADULTO 30ML,173,A,9,9,15,0.84,5,12.0,6,12.0,0,,12.0,0,0.6964,0.724,1.0,0.0,0.0,0.0,12.0,0,28.36,27.5,340.32,0.0,16.0,453.76,0,0,
test_q4_2024,2024-10-15,1314,LOJA 1314,9607,NARIDRIN 12H ADULTO 30ML,173,A,9,9,15,0.84,5,12.0,0,12.0,0,,12.0,0,0.9152,0.724,1.0,2.0,2.0,0.0,10.0,0,28.36,27.5,283.6,0.0,16.0,453.76,0,0,
test_q4_2024,2024-10-16,1314,LOJA 1314,9607,NARIDRIN 12H ADULTO 30ML,173,A,9,9,15,0.84,5,10.0,0,10.0,0,,10.0,0,0.6527,0.724,1.0,1.0,1.0,0.0,9.0,0,28.36,27.5,255.24,0.0,14.0,397.03999999999996,0,0,
test_q4_2024,2024-10-17,1314,LOJA 1314,9607,NARIDRIN 12H ADULTO 30ML,173,A,9,9,15,0.84,5,9.0,0,9.0,6,2024-10-26,15.0,6,0.7439,0.724,1.0,0.0,0.0,0.0,9.0,0,28.36,27.5,255.24,14.31,14.0,397.03999999999996,0,0,
test_q4_2024,2024-10-18,1314,LOJA 1314,9607,NARIDRIN 12H ADULTO 30ML,173,A,9,9,15,0.84,5,9.0,0,15.0,0,,15.0,6,0.7839,0.724,1.0,0.0,0.0,0.0,9.0,0,28.36,27.5,255.24,0.0,14.0,397.03999999999996,0,0,
test_q4_2024,2024-10-19,1314,LOJA 1314,9607,NARIDRIN 12H ADULTO 30ML,173,A,9,9,15,0.84,5,9.0,0,15.0,0,,15.0,6,0.5689,0.724,1.0,2.0,2.0,0.0,7.0,0,28.36,27.5,198.52,0.0,16.0,453.76,0,0,
test_q4_2024,2024-10-20,1314,LOJA 1314,9607,NARIDRIN 12H ADULTO 30ML,173,A,9,9,15,0.84,5,7.0,0,13.0,0,,13.0,6,0.6964,0.724,1.0,0.0,0.0,0.0,7.0,0,28.36,27.5,198.52,0.0,,,0,0,
test_q4_2024,2024-10-21,1314,LOJA 1314,9607,NARIDRIN 12H ADULTO 30ML,173,A,9,9,15,0.84,5,7.0,0,13.0,0,,13.0,6,0.6964,0.724,1.0,0.0,0.0,0.0,7.0,0,28.36,27.5,198.52,0.0,14.0,397.03999999999996,0,0,
test_q4_2024,2024-10-22,1314,LOJA 1314,9607,NARIDRIN 12H ADULTO 30ML,173,A,9,9,15,0.84,5,7.0,0,13.0,0,,13.0,6,0.9152,0.724,1.0,2.0,2.0,0.0,5.0,0,28.36,27.5,141.8,0.0,17.0,482.12,0,0,
test_q4_2024,2024-10-23,1314,LOJA 1314,9607,NARIDRIN 12H ADULTO 30ML,173,A,9,9,15,0.84,5,5.0,0,11.0,0,,11.0,6,0.6527,0.724,1.0,0.0,0.0,0.0,5.0,0,28.36,27.5,141.8,0.0,15.0,425.4,0,0,
test_q4_2024,2024-10-24,1314,LOJA 1314,9607,NARIDRIN 12H ADULTO 30ML,173,A,9,9,15,0.84,5,5.0,0,11.0,0,,11.0,6,0.7439,0.724,1.0,0.0,0.0,0.0,5.0,0,28.36,27.5,141.8,0.0,15.0,425.4,0,0,
test_q4_2024,2024-10-25,1314,LOJA 1314,9607,NARIDRIN 12H ADULTO 30ML,173,A,9,9,15,0.84,5,5.0,0,11.0,0,,11.0,6,0.7039,0.724,1.0,0.0,0.0,0.0,5.0,0,28.36,27.5,141.8,0.0,15.0,425.4,0,0,
test_q4_2024,2024-10-26,1314,LOJA 1314,9607,NARIDRIN 12H ADULTO 30ML,173,A,9,9,15,0.84,5,11.0,6,11.0,0,,11.0,0,0.5289,0.724,1.0,1.0,1.0,0.0,10.0,0,28.36,27.5,283.6,0.0,15.0,425.4,0,0,
test_q4_2024,2024-10-27,1314,LOJA 1314,9607,NARIDRIN 12H ADULTO 30ML,173,A,9,9,15,0.84,5,10.0,0,10.0,0,,10.0,0,0.6164,0.724,1.0,2.0,2.0,0.0,8.0,0,28.36,27.5,226.88,0.0,,,0,0,
test_q4_2024,2024-10-28,1314,LOJA 1314,9607,NARIDRIN 12H ADULTO 30ML,173,A,9,9,15,0.84,5,8.0,0,8.0,7,2024-11-06,15.0,7,0.6564,0.724,1.0,0.0,0.0,0.0,8.0,0,28.36,27.5,226.88,14.31,12.0,340.32,0,0,
test_q4_2024,2024-10-29,1314,LOJA 1314,9607,NARIDRIN 12H ADULTO 30ML,173,A,9,9,15,0.84,5,8.0,0,15.0,0,,15.0,7,0.8752,0.724,1.0,0.0,0.0,0.0,8.0,0,28.36,27.5,226.88,0.0,12.0,340.32,0,0,
test_q4_2024,2024-10-30,1314,LOJA 1314,9607,NARIDRIN 12H ADULTO 30ML,173,A,9,9,15,0.84,5,8.0,0,15.0,0,,15.0,7,0.626,0.724,1.0,0.0,0.0,0.0,8.0,0,28.36,27.5,226.88,0.0,12.0,340.32,0,0,
test_q4_2024,2024-10-31,1314,LOJA 1314,9607,NARIDRIN 12H ADULTO 30ML,173,A,9,9,15,0.84,5,8.0,0,15.0,0,,15.0,7,0.7573,0.724,1.0,0.0,0.0,0.0,8.0,0,28.36,27.5,226.88,0.0,12.0,340.32,0,0,
test_q4_2024,2024-11-01,1314,LOJA 1314,9607,NARIDRIN 12H ADULTO 30ML,173,A,9,9,15,0.84,5,8.0,0,15.0,0,,15.0,7,0.7839,0.724,1.0,0.0,0.0,0.0,8.0,0,28.36,27.5,226.88,0.0,12.0,340.32,0,0,
test_q4_2024,2024-11-02,1314,LOJA 1314,9607,NARIDRIN 12H ADULTO 30ML,173,A,9,9,15,0.84,5,8.0,0,15.0,0,,15.0,7,0.5689,0.724,1.0,1.0,1.0,0.0,7.0,0,28.36,27.5,198.52,0.0,12.0,340.32,0,0,
test_q4_2024,2024-11-03,1314,LOJA 1314,9607,NARIDRIN 12H ADULTO 30ML,173,A,9,9,15,0.84,5,7.0,0,14.0,0,,14.0,7,0.6564,0.724,1.0,2.0,2.0,0.0,5.0,0,28.36,27.5,141.8,0.0,,,0,0,
test_q4_2024,2024-11-04,1314,LOJA 1314,9607,NARIDRIN 12H ADULTO 30ML,173,A,9,9,15,0.84,5,5.0,0,12.0,0,,12.0,7,0.6298,0.724,1.0,1.0,1.0,0.0,4.0,0,28.36,27.5,113.44,0.0,9.0,255.24,0,0,
test_q4_2024,2024-11-05,1314,LOJA 1314,9607,NARIDRIN 12H ADULTO 30ML,173,A,9,9,15,0.84,5,4.0,0,11.0,0,,11.0,7,0.8618,0.724,1.0,0.0,0.0,0.0,4.0,0,28.36,27.5,113.44,0.0,8.0,226.88,0,0,
test_q4_2024,2024-11-06,1314,LOJA 1314,9607,NARIDRIN 12H ADULTO 30ML,173,A,9,9,15,0.84,5,11.0,7,11.0,0,,11.0,0,0.5993,0.724,1.0,2.0,2.0,0.0,9.0,0,28.36,27.5,255.24,0.0,8.0,226.88,0,0,
test_q4_2024,2024-11-07,1314,LOJA 1314,9607,NARIDRIN 12H ADULTO 30ML,173,A,9,9,15,0.84,5,9.0,0,9.0,6,2024-11-16,15.0,6,0.7306,0.724,1.0,0.0,0.0,0.0,9.0,0,28.36,27.5,255.24,14.31,6.0,170.16,0,0,
test_q4_2024,2024-11-08,1314,LOJA 1314,9607,NARIDRIN 12H ADULTO 30ML,173,A,9,9,15,0.84,5,9.0,0,15.0,0,,15.0,6,0.7439,0.724,1.0,0.0,0.0,0.0,9.0,0,28.36,27.5,255.24,0.0,7.0,198.51999999999998,0,0,
test_q4_2024,2024-11-09,1314,LOJA 1314,9607,NARIDRIN 12H ADULTO 30ML,173,A,9,9,15,0.84,5,9.0,0,15.0,0,,15.0,6,0.5823,0.724,1.0,0.0,0.0,0.0,9.0,0,28.36,27.5,255.24,0.0,11.0,311.96,0,0,
test_q4_2024,2024-11-10,1314,LOJA 1314,9607,NARIDRIN 12H ADULTO 30ML,173,A,9,9,15,0.84,5,9.0,0,15.0,0,,15.0,6,0.6698,0.724,1.0,0.0,0.0,0.0,9.0,0,28.36,27.5,255.24,0.0,,,0,0,
test_q4_2024,2024-11-11,1314,LOJA 1314,9607,NARIDRIN 12H ADULTO 30ML,173,A,9,9,15,0.84,5,9.0,0,15.0,0,,15.0,6,0.6698,0.724,1.0,0.0,0.0,0.0,9.0,0,28.36,27.5,255.24,0.0,11.0,311.96,0,0,
test_q4_2024,2024-11-12,1314,LOJA 1314,9607,NARIDRIN 12H ADULTO 30ML,173,A,9,9,15,0.84,5,9.0,0,15.0,0,,15.0,6,0.8485,0.724,1.0,1.0,1.0,0.0,8.0,0,28.36,27.5,226.88,0.0,13.0,368.68,0,0,
test_q4_2024,2024-11-13,1314,LOJA 1314,9607,NARIDRIN 12H ADULTO 30ML,173,A,9,9,15,0.84,5,8.0,0,14.0,0,,14.0,6,0.586,0.724,1.0,1.0,1.0,0.0,7.0,0,28.36,27.5,198.52,0.0,12.0,340.32,0,0,
test_q4_2024,2024-11-14,1314,LOJA 1314,9607,NARIDRIN 12H ADULTO 30ML,173,A,9,9,15,0.84,5,7.0,0,13.0,0,,13.0,6,0.7173,0.724,1.0,0.0,0.0,0.0,7.0,0,28.36,27.5,198.52,0.0,11.0,311.96,0,0,
test_q4_2024,2024-11-15,1314,LOJA 1314,9607,NARIDRIN 12H ADULTO 30ML,173,A,9,9,15,0.84,5,7.0,0,13.0,0,,13.0,6,0.7173,0.724,1.0,0.0,0.0,0.0,7.0,0,28.36,27.5,198.52,0.0,11.0,311.96,0,0,
test_q4_2024,2024-11-16,1314,LOJA 1314,9607,NARIDRIN 12H ADULTO 30ML,173,A,9,9,15,0.84,5,13.0,6,13.0,0,,13.0,0,0.5156,0.724,1.0,0.0,0.0,0.0,13.0,0,28.36,27.5,368.68,0.0,11.0,311.96,0,0,
test_q4_2024,2024-11-17,1314,LOJA 1314,9607,NARIDRIN 12H ADULTO 30ML,173,A,9,9,15,0.84,5,13.0,0,13.0,0,,13.0,0,0.6031,0.724,1.0,1.0,1.0,0.0,12.0,0,28.36,27.5,340.32,0.0,,,0,0,
test_q4_2024,2024-11-18,1314,LOJA 1314,9607,NARIDRIN 12H ADULTO 30ML,173,A,9,9,15,0.84,5,12.0,0,12.0,0,,12.0,0,0.6298,0.724,1.0,0.0,0.0,0.0,12.0,0,28.36,27.5,340.32,0.0,10.0,283.6,0,0,
test_q4_2024,2024-11-19,1314,LOJA 1314,9607,NARIDRIN 12H ADULTO 30ML,173,A,9,9,15,0.84,5,12.0,0,12.0,0,,12.0,0,0.8352,0.724,1.0,0.0,0.0,0.0,12.0,0,28.36,27.5,340.32,0.0,10.0,283.6,0,0,
test_q4_2024,2024-11-20,1314,LOJA 1314,9607,NARIDRIN 12H ADULTO 30ML,173,A,9,9,15,0.84,5,12.0,0,12.0,0,,12.0,0,0.5327,0.724,1.0,0.0,0.0,0.0,12.0,0,28.36,27.5,340.32,0.0,12.0,340.32,0,0,
test_q4_2024,2024-11-21,1314,LOJA 1314,9607,NARIDRIN 12H ADULTO 30ML,173,A,9,9,15,0.84,5,12.0,0,12.0,0,,12.0,0,0.6639,0.724,1.0,0.0,0.0,0.0,12.0,0,28.36,27.5,340.32,0.0,12.0,340.32,0,0,
test_q4_2024,2024-11-22,1314,LOJA 1314,9607,NARIDRIN 12H ADULTO 30ML,173,A,9,9,15,0.84,5,12.0,0,12.0,0,,12.0,0,0.6773,0.724,1.0,0.0,0.0,0.0,12.0,0,28.36,27.5,340.32,0.0,12.0,340.32,0,0,
test_q4_2024,2024-11-23,1314,LOJA 1314,9607,NARIDRIN 12H ADULTO 30ML,173,A,9,9,15,0.84,5,12.0,0,12.0,0,,12.0,0,0.5023,0.724,1.0,1.0,1.0,0.0,11.0,0,28.36,27.5,311.96,0.0,12.0,340.32,0,0,
test_q4_2024,2024-11-24,1314,LOJA 1314,9607,NARIDRIN 12H ADULTO 30ML,173,A,9,9,15,0.84,5,11.0,0,11.0,0,,11.0,0,0.5764,0.724,1.0,0.0,0.0,0.0,11.0,0,28.36,27.5,311.96,0.0,,,0,0,
test_q4_2024,2024-11-25,1314,LOJA 1314,9607,NARIDRIN 12H ADULTO 30ML,173,A,9,9,15,0.84,5,11.0,0,11.0,0,,11.0,0,0.5764,0.724,1.0,0.0,0.0,0.0,11.0,0,28.36,27.5,311.96,0.0,11.0,311.96,0,0,
test_q4_2024,2024-11-26,1314,LOJA 1314,9607,NARIDRIN 12H ADULTO 30ML,173,A,9,9,15,0.84,5,11.0,0,11.0,0,,11.0,0,0.8085,0.724,1.0,1.0,1.0,0.0,10.0,0,28.36,27.5,283.6,0.0,11.0,311.96,0,0,
test_q4_2024,2024-11-27,1314,LOJA 1314,9607,NARIDRIN 12H ADULTO 30ML,173,A,9,9,15,0.84,5,10.0,0,10.0,0,,10.0,0,0.5727,0.724,1.0,1.0,1.0,0.0,9.0,0,28.36,27.5,255.24,0.0,10.0,283.6,0,0,
test_q4_2024,2024-11-28,1314,LOJA 1314,9607,NARIDRIN 12H ADULTO 30ML,173,A,9,9,15,0.84,5,9.0,0,9.0,6,2024-12-07,15.0,6,0.7306,0.724,1.0,0.0,0.0,0.0,9.0,0,28.36,27.5,255.24,14.31,9.0,255.24,0,0,
test_q4_2024,2024-11-29,1314,LOJA 1314,9607,NARIDRIN 12H ADULTO 30ML,173,A,9,9,15,0.84,5,9.0,0,15.0,0,,15.0,6,0.7306,0.724,1.0,0.0,0.0,0.0,9.0,0,28.36,27.5,255.24,0.0,9.0,255.24,0,0,
test_q4_2024,2024-11-30,1314,LOJA 1314,9607,NARIDRIN 12H ADULTO 30ML,173,A,9,9,15,0.84,5,9.0,0,15.0,0,,15.0,6,0.5689,0.724,1.0,0.0,0.0,0.0,9.0,0,28.36,27.5,255.24,0.0,9.0,255.24,0,0,
test_q4_2024,2024-12-01,1314,LOJA 1314,9607,NARIDRIN 12H ADULTO 30ML,173,A,9,9,15,0.84,5,9.0,0,15.0,0,,15.0,6,0.6964,0.724,1.0,1.0,1.0,0.0,8.0,0,28.36,27.5,226.88,0.0,,,0,0,
test_q4_2024,2024-12-02,1314,LOJA 1314,9607,NARIDRIN 12H ADULTO 30ML,173,A,9,9,15,0.84,5,8.0,0,14.0,0,,14.0,6,0.6964,0.724,1.0,0.0,0.0,0.0,8.0,0,28.36,27.5,226.88,0.0,9.0,255.24,0,0,
test_q4_2024,2024-12-03,1314,LOJA 1314,9607,NARIDRIN 12H ADULTO 30ML,173,A,9,9,15,0.84,5,8.0,0,14.0,0,,14.0,6,0.8885,0.724,1.0,3.0,3.0,0.0,5.0,0,28.36,27.5,141.8,0.0,11.0,311.96,0,0,
test_q4_2024,2024-12-04,1314,LOJA 1314,9607,NARIDRIN 12H ADULTO 30ML,173,A,9,9,15,0.84,5,5.0,0,11.0,0,,11.0,6,0.626,0.724,1.0,0.0,0.0,0.0,5.0,0,28.36,27.5,141.8,0.0,8.0,226.88,0,0,
test_q4_2024,2024-12-05,1314,LOJA 1314,9607,NARIDRIN 12H ADULTO 30ML,173,A,9,9,15,0.84,5,5.0,0,11.0,0,,11.0,6,0.7439,0.724,1.0,0.0,0.0,0.0,5.0,0,28.36,27.5,141.8,0.0,8.0,226.88,0,0,
test_q4_2024,2024-12-06,1314,LOJA 1314,9607,NARIDRIN 12H ADULTO 30ML,173,A,9,9,15,0.84,5,5.0,0,11.0,0,,11.0,6,0.7706,0.724,1.0,0.0,0.0,0.0,5.0,0,28.36,27.5,141.8,0.0,8.0,226.88,0,0,
test_q4_2024,2024-12-07,1314,LOJA 1314,9607,NARIDRIN 12H ADULTO 30ML,173,A,9,9,15,0.84,5,11.0,6,11.0,0,,11.0,0,0.5823,0.724,1.0,1.0,1.0,0.0,10.0,0,28.36,27.5,283.6,0.0,8.0,226.88,0,0,
test_q4_2024,2024-12-08,1314,LOJA 1314,9607,NARIDRIN 12H ADULTO 30ML,173,A,9,9,15,0.84,5,10.0,0,10.0,0,,10.0,0,0.6564,0.724,1.0,0.0,0.0,0.0,10.0,0,28.36,27.5,283.6,0.0,,,0,0,
test_q4_2024,2024-12-09,1314,LOJA 1314,9607,NARIDRIN 12H ADULTO 30ML,173,A,9,9,15,0.84,5,10.0,0,10.0,0,,10.0,0,0.6564,0.724,1.0,1.0,1.0,0.0,9.0,0,28.36,27.5,255.24,0.0,7.0,198.51999999999998,0,0,
test_q4_2024,2024-12-10,1314,LOJA 1314,9607,NARIDRIN 12H ADULTO 30ML,173,A,9,9,15,0.84,5,9.0,0,9.0,6,2024-12-19,15.0,6,0.9018,0.724,1.0,0.0,0.0,0.0,9.0,0,28.36,27.5,255.24,14.31,9.0,255.24,0,0,
test_q4_2024,2024-12-11,1314,LOJA 1314,9607,NARIDRIN 12H ADULTO 30ML,173,A,9,9,15,0.84,5,9.0,0,15.0,0,,15.0,6,0.6393,0.724,1.0,1.0,1.0,0.0,8.0,0,28.36,27.5,226.88,0.0,9.0,255.24,0,0,
test_q4_2024,2024-12-12,1314,LOJA 1314,9607,NARIDRIN 12H ADULTO 30ML,173,A,9,9,15,0.84,5,8.0,0,14.0,0,,14.0,6,0.7706,0.724,1.0,0.0,0.0,0.0,8.0,0,28.36,27.5,226.88,0.0,8.0,226.88,0,0,
test_q4_2024,2024-12-13,1314,LOJA 1314,9607,NARIDRIN 12H ADULTO 30ML,173,A,9,9,15,0.84,5,8.0,0,14.0,0,,14.0,6,0.7439,0.724,1.0,1.0,1.0,0.0,7.0,0,28.36,27.5,198.52,0.0,8.0,226.88,0,0,
test_q4_2024,2024-12-14,1314,LOJA 1314,9607,NARIDRIN 12H ADULTO 30ML,173,A,9,9,15,0.84,5,7.0,0,13.0,0,,13.0,6,0.5556,0.724,1.0,0.0,0.0,0.0,7.0,0,28.36,27.5,198.52,0.0,7.0,198.51999999999998,0,0,
test_q4_2024,2024-12-15,1314,LOJA 1314,9607,NARIDRIN 12H ADULTO 30ML,173,A,9,9,15,0.84,5,7.0,0,13.0,0,,13.0,6,0.6298,0.724,1.0,1.0,1.0,0.0,6.0,0,28.36,27.5,170.16,0.0,,,0,0,
test_q4_2024,2024-12-16,1314,LOJA 1314,9607,NARIDRIN 12H ADULTO 30ML,173,A,9,9,15,0.84,5,6.0,0,12.0,0,,12.0,6,0.5898,0.724,1.0,0.0,0.0,0.0,6.0,0,28.36,27.5,170.16,0.0,8.0,226.88,0,0,
test_q4_2024,2024-12-17,1314,LOJA 1314,9607,NARIDRIN 12H ADULTO 30ML,173,A,9,9,15,0.84,5,6.0,0,12.0,0,,12.0,6,0.8085,0.724,1.0,2.0,2.0,0.0,4.0,0,28.36,27.5,113.44,0.0,8.0,226.88,0,0,
test_q4_2024,2024-12-18,1314,LOJA 1314,9607,NARIDRIN 12H ADULTO 30ML,173,A,9,9,15,0.84,5,4.0,0,10.0,0,,10.0,6,0.546,0.724,1.0,0.0,0.0,0.0,4.0,0,28.36,27.5,113.44,0.0,7.0,198.51999999999998,0,0,
test_q4_2024,2024-12-19,1314,LOJA 1314,9607,NARIDRIN 12H ADULTO 30ML,173,A,9,9,15,0.84,5,10.0,6,10.0,0,,10.0,0,0.6906,0.724,1.0,0.0,0.0,0.0,10.0,0,28.36,27.5,283.6,0.0,7.0,198.51999999999998,0,0,
test_q4_2024,2024-12-20,1314,LOJA 1314,9607,NARIDRIN 12H ADULTO 30ML,173,A,9,9,15,0.84,5,10.0,0,10.0,0,,10.0,0,0.7173,0.724,1.0,1.0,1.0,0.0,9.0,0,28.36,27.5,255.24,0.0,7.0,198.51999999999998,0,0,
test_q4_2024,2024-12-21,1314,LOJA 1314,9607,NARIDRIN 12H ADULTO 30ML,173,A,9,9,15,0.84,5,9.0,0,9.0,6,2024-12-30,15.0,6,0.5156,0.724,1.0,0.0,0.0,0.0,9.0,0,28.36,27.5,255.24,14.31,6.0,170.16,0,0,
test_q4_2024,2024-12-22,1314,LOJA 1314,9607,NARIDRIN 12H ADULTO 30ML,173,A,9,9,15,0.84,5,9.0,0,15.0,0,,15.0,6,0.6164,0.724,1.0,0.0,0.0,0.0,9.0,0,28.36,27.5,255.24,0.0,,,0,0,
test_q4_2024,2024-12-23,1314,LOJA 1314,9607,NARIDRIN 12H ADULTO 30ML,173,A,9,9,15,0.84,5,9.0,0,15.0,0,,15.0,6,0.6164,0.724,1.0,0.0,0.0,0.0,9.0,0,28.36,27.5,255.24,0.0,8.0,226.88,0,0,
test_q4_2024,2024-12-24,1314,LOJA 1314,9607,NARIDRIN 12H ADULTO 30ML,173,A,9,9,15,0.84,5,9.0,0,15.0,0,,15.0,6,0.8352,0.724,1.0,4.0,4.0,0.0,5.0,0,28.36,27.5,141.8,0.0,10.0,283.6,0,0,
test_q4_2024,2024-12-25,1314,LOJA 1314,9607,NARIDRIN 12H ADULTO 30ML,173,A,9,9,15,0.84,5,5.0,0,11.0,0,,11.0,6,0.546,0.724,1.0,0.0,0.0,0.0,5.0,0,28.36,27.5,141.8,0.0,6.0,170.16,0,0,
test_q4_2024,2024-12-26,1314,LOJA 1314,9607,NARIDRIN 12H ADULTO 30ML,173,A,9,9,15,0.84,5,5.0,0,11.0,0,,11.0,6,0.6773,0.724,1.0,1.0,1.0,0.0,4.0,0,28.36,27.5,113.44,0.0,6.0,170.16,0,0,
test_q4_2024,2024-12-27,1314,LOJA 1314,9607,NARIDRIN 12H ADULTO 30ML,173,A,9,9,15,0.84,5,4.0,0,10.0,0,,10.0,6,0.6773,0.724,1.0,0.0,0.0,0.0,4.0,0,28.36,27.5,113.44,0.0,6.0,170.16,0,0,
test_q4_2024,2024-12-28,1314,LOJA 1314,9607,NARIDRIN 12H ADULTO 30ML,173,A,9,9,15,0.84,5,4.0,0,10.0,0,,10.0,6,0.5023,0.724,1.0,1.0,1.0,0.0,3.0,0,28.36,27.5,85.08,0.0,6.0,170.16,0,0,
test_q4_2024,2024-12-29,1314,LOJA 1314,9607,NARIDRIN 12H ADULTO 30ML,173,A,9,9,15,0.84,5,3.0,0,9.0,6,2025-01-07,15.0,12,0.5898,0.724,1.0,0.0,0.0,0.0,3.0,0,28.36,27.5,85.08,14.31,,,0,0,
test_q4_2024,2024-12-30,1314,LOJA 1314,9607,NARIDRIN 12H ADULTO 30ML,173,A,9,9,15,0.84,5,9.0,6,15.0,0,,15.0,6,0.5898,0.724,1.0,1.0,1.0,0.0,8.0,0,28.36,27.5,226.88,0.0,5.0,141.8,0,0,
test_q4_2024,2024-12-31,1314,LOJA 1314,9607,NARIDRIN 12H ADULTO 30ML,173,A,9,9,15,0.84,5,8.0,0,14.0,0,,14.0,6,0.8218,0.724,1.0,2.0,2.0,0.0,6.0,0,28.36,27.5,170.16,0.0,4.0,113.44,0,0,
test_q4_2024,2024-10-01,841,LOJA 841,13315,BROMELIN SUSP 100ML,33104,C,3,1,2,0.84,5,2.0,0,2.0,0,,2.0,0,0.0,0.0,2.5,0.0,0.0,0.0,2.0,0,55.89,74.42,111.78,0.0,,,0,0,
test_q4_2024,2024-10-02,841,LOJA 841,13315,BROMELIN SUSP 100ML,33104,C,3,1,2,0.84,5,2.0,0,2.0,0,,2.0,0,0.0,0.0,2.5,0.0,0.0,0.0,2.0,0,55.89,74.42,111.78,0.0,,,0,0,
test_q4_2024,2024-10-03,841,LOJA 841,13315,BROMELIN SUSP 100ML,33104,C,3,1,2,0.84,5,2.0,0,2.0,0,,2.0,0,0.0,0.0,2.5,0.0,0.0,0.0,2.0,0,55.89,74.42,111.78,0.0,,,0,0,
test_q4_2024,2024-10-04,841,LOJA 841,13315,BROMELIN SUSP 100ML,33104,C,3,1,2,0.84,5,2.0,0,2.0,0,,2.0,0,0.0,0.0,2.5,0.0,0.0,0.0,2.0,0,55.89,74.42,111.78,0.0,,,0,0,
test_q4_2024,2024-10-05,841,LOJA 841,13315,BROMELIN SUSP 100ML,33104,C,3,1,2,0.84,5,2.0,0,2.0,0,,2.0,0,0.0,0.0,2.5,0.0,0.0,0.0,2.0,0,55.89,74.42,111.78,0.0,,,0,0,
test_q4_2024,2024-10-06,841,LOJA 841,13315,BROMELIN SUSP 100ML,33104,C,3,1,2,0.84,5,2.0,0,2.0,0,,2.0,0,0.0,0.0,2.5,0.0,0.0,0.0,2.0,0,55.89,74.42,111.78,0.0,,,0,0,
test_q4_2024,2024-10-07,841,LOJA 841,13315,BROMELIN SUSP 100ML,33104,C,3,1,2,0.84,5,2.0,0,2.0,0,,2.0,0,0.0,0.0,2.5,0.0,0.0,0.0,2.0,0,55.89,74.42,111.78,0.0,,,0,0,
test_q4_2024,2024-10-08,841,LOJA 841,13315,BROMELIN SUSP 100ML,33104,C,3,1,2,0.84,5,2.0,0,2.0,0,,2.0,0,0.0,0.0,2.5,0.0,0.0,0.0,2.0,0,55.89,74.42,111.78,0.0,,,0,0,
test_q4_2024,2024-10-09,841,LOJA 841,13315,BROMELIN SUSP 100ML,33104,C,3,1,2,0.84,5,2.0,0,2.0,0,,2.0,0,0.0,0.0,2.5,0.0,0.0,0.0,2.0,0,55.89,74.42,111.78,0.0,,,0,0,
test_q4_2024,2024-10-10,841,LOJA 841,13315,BROMELIN SUSP 100ML,33104,C,3,1,2,0.84,5,2.0,0,2.0,0,,2.0,0,0.0,0.0,2.5,0.0,0.0,0.0,2.0,0,55.89,74.42,111.78,0.0,,,0,0,
test_q4_2024,2024-10-11,841,LOJA 841,13315,BROMELIN SUSP 100ML,33104,C,3,1,2,0.84,5,2.0,0,2.0,0,,2.0,0,0.0,0.0,2.5,0.0,0.0,0.0,2.0,0,55.89,74.42,111.78,0.0,,,0,0,
test_q4_2024,2024-10-12,841,LOJA 841,13315,BROMELIN SUSP 100ML,33104,C,3,1,2,0.84,5,2.0,0,2.0,0,,2.0,0,0.0,0.0,2.5,0.0,0.0,0.0,2.0,0,55.89,74.42,111.78,0.0,,,0,0,
test_q4_2024,2024-10-13,841,LOJA 841,13315,BROMELIN SUSP 100ML,33104,C,3,1,2,0.84,5,2.0,0,2.0,0,,2.0,0,0.0,0.0,2.5,0.0,0.0,0.0,2.0,0,55.89,74.42,111.78,0.0,,,0,0,
test_q4_2024,2024-10-14,841,LOJA 841,13315,BROMELIN SUSP 100ML,33104,C,3,1,2,0.84,5,2.0,0,2.0,0,,2.0,0,0.0,0.0,2.5,0.0,0.0,0.0,2.0,0,55.89,74.42,111.78,0.0,,,0,0,
test_q4_2024,2024-10-15,841,LOJA 841,13315,BROMELIN SUSP 100ML,33104,C,3,1,2,0.84,5,2.0,0,2.0,0,,2.0,0,0.0,0.0,2.5,0.0,0.0,0.0,2.0,0,55.89,74.42,111.78,0.0,,,0,0,
test_q4_2024,2024-10-16,841,LOJA 841,13315,BROMELIN SUSP 100ML,33104,C,3,1,2,0.84,5,2.0,0,2.0,0,,2.0,0,0.0,0.0,2.5,0.0,0.0,0.0,2.0,0,55.89,74.42,111.78,0.0,,,0,0,
test_q4_2024,2024-10-17,841,LOJA 841,13315,BROMELIN SUSP 100ML,33104,C,3,1,2,0.84,5,2.0,0,2.0,0,,2.0,0,0.0,0.0,2.5,0.0,0.0,0.0,2.0,0,55.89,74.42,111.78,0.0,,,0,0,
test_q4_2024,2024-10-18,841,LOJA 841,13315,BROMELIN SUSP 100ML,33104,C,3,1,2,0.84,5,2.0,0,2.0,0,,2.0,0,0.0,0.0,2.5,0.0,0.0,0.0,2.0,0,55.89,74.42,111.78,0.0,,,0,0,
test_q4_2024,2024-10-19,841,LOJA 841,13315,BROMELIN SUSP 100ML,33104,C,3,1,2,0.84,5,2.0,0,2.0,0,,2.0,0,0.0,0.0,2.5,0.0,0.0,0.0,2.0,0,55.89,74.42,111.78,0.0,,,0,0,
test_q4_2024,2024-10-20,841,LOJA 841,13315,BROMELIN SUSP 100ML,33104,C,3,1,2,0.84,5,2.0,0,2.0,0,,2.0,0,0.0,0.0,2.5,0.0,0.0,0.0,2.0,0,55.89,74.42,111.78,0.0,,,0,0,
test_q4_2024,2024-10-21,841,LOJA 841,13315,BROMELIN SUSP 100ML,33104,C,3,1,2,0.84,5,2.0,0,2.0,0,,2.0,0,0.0,0.0,2.5,0.0,0.0,0.0,2.0,0,55.89,74.42,111.78,0.0,,,0,0,
test_q4_2024,2024-10-22,841,LOJA 841,13315,BROMELIN SUSP 100ML,33104,C,3,1,2,0.84,5,2.0,0,2.0,0,,2.0,0,0.0,0.0,2.5,0.0,0.0,0.0,2.0,0,55.89,74.42,111.78,0.0,,,0,0,
test_q4_2024,2024-10-23,841,LOJA 841,13315,BROMELIN SUSP 100ML,33104,C,3,1,2,0.84,5,2.0,0,2.0,0,,2.0,0,0.0,0.0,2.5,0.0,0.0,0.0,2.0,0,55.89,74.42,111.78,0.0,,,0,0,
test_q4_2024,2024-10-24,841,LOJA 841,13315,BROMELIN SUSP 100ML,33104,C,3,1,2,0.84,5,2.0,0,2.0,0,,2.0,0,0.0,0.0,2.5,0.0,0.0,0.0,2.0,0,55.89,74.42,111.78,0.0,,,0,0,
test_q4_2024,2024-10-25,841,LOJA 841,13315,BROMELIN SUSP 100ML,33104,C,3,1,2,0.84,5,2.0,0,2.0,0,,2.0,0,0.0,0.0,2.5,0.0,0.0,0.0,2.0,0,55.89,74.42,111.78,0.0,,,0,0,
test_q4_2024,2024-10-26,841,LOJA 841,13315,BROMELIN SUSP 100ML,33104,C,3,1,2,0.84,5,2.0,0,2.0,0,,2.0,0,0.0,0.0,2.5,0.0,0.0,0.0,2.0,0,55.89,74.42,111.78,0.0,,,0,0,
test_q4_2024,2024-10-27,841,LOJA 841,13315,BROMELIN SUSP 100ML,33104,C,3,1,2,0.84,5,2.0,0,2.0,0,,2.0,0,0.0,0.0,2.5,0.0,0.0,0.0,2.0,0,55.89,74.42,111.78,0.0,,,0,0,
test_q4_2024,2024-10-28,841,LOJA 841,13315,BROMELIN SUSP 100ML,33104,C,3,1,2,0.84,5,2.0,0,2.0,0,,2.0,0,0.0,0.0,2.5,0.0,0.0,0.0,2.0,0,55.89,74.42,111.78,0.0,,,0,0,
test_q4_2024,2024-10-29,841,LOJA 841,13315,BROMELIN SUSP 100ML,33104,C,3,1,2,0.84,5,2.0,0,2.0,0,,2.0,0,0.0,0.0,2.5,0.0,0.0,0.0,2.0,0,55.89,74.42,111.78,0.0,,,0,0,
test_q4_2024,2024-10-30,841,LOJA 841,13315,BROMELIN SUSP 100ML,33104,C,3,1,2,0.84,5,2.0,0,2.0,0,,2.0,0,0.0,0.0,2.5,0.0,0.0,0.0,2.0,0,55.89,74.42,111.78,0.0,,,0,0,
test_q4_2024,2024-10-31,841,LOJA 841,13315,BROMELIN SUSP 100ML,33104,C,3,1,2,0.84,5,2.0,0,2.0,0,,2.0,0,0.0,0.0,2.5,0.0,0.0,0.0,2.0,0,55.89,74.42,111.78,0.0,,,0,0,
test_q4_2024,2024-11-01,841,LOJA 841,13315,BROMELIN SUSP 100ML,33104,C,3,1,2,0.84,5,2.0,0,2.0,0,,2.0,0,0.0,0.0,2.5,0.0,0.0,0.0,2.0,0,55.89,74.42,111.78,0.0,,,0,0,
test_q4_2024,2024-11-02,841,LOJA 841,13315,BROMELIN SUSP 100ML,33104,C,3,1,2,0.84,5,2.0,0,2.0,0,,2.0,0,0.0,0.0,2.5,0.0,0.0,0.0,2.0,0,55.89,74.42,111.78,0.0,,,0,0,
test_q4_2024,2024-11-03,841,LOJA 841,13315,BROMELIN SUSP 100ML,33104,C,3,1,2,0.84,5,2.0,0,2.0,0,,2.0,0,0.0,0.0,2.5,0.0,0.0,0.0,2.0,0,55.89,74.42,111.78,0.0,,,0,0,
test_q4_2024,2024-11-04,841,LOJA 841,13315,BROMELIN SUSP 100ML,33104,C,3,1,2,0.84,5,2.0,0,2.0,0,,2.0,0,0.0,0.0,2.5,0.0,0.0,0.0,2.0,0,55.89,74.42,111.78,0.0,,,0,0,
test_q4_2024,2024-11-05,841,LOJA 841,13315,BROMELIN SUSP 100ML,33104,C,3,1,2,0.84,5,2.0,0,2.0,0,,2.0,0,0.0,0.0,2.5,0.0,0.0,0.0,2.0,0,55.89,74.42,111.78,0.0,,,0,0,
test_q4_2024,2024-11-06,841,LOJA 841,13315,BROMELIN SUSP 100ML,33104,C,3,1,2,0.84,5,2.0,0,2.0,0,,2.0,0,0.0,0.0,2.5,0.0,0.0,0.0,2.0,0,55.89,74.42,111.78,0.0,,,0,0,
test_q4_2024,2024-11-07,841,LOJA 841,13315,BROMELIN SUSP 100ML,33104,C,3,1,2,0.84,5,2.0,0,2.0,0,,2.0,0,0.0,0.0,2.5,0.0,0.0,0.0,2.0,0,55.89,74.42,111.78,0.0,,,0,0,
test_q4_2024,2024-11-08,841,LOJA 841,13315,BROMELIN SUSP 100ML,33104,C,3,1,2,0.84,5,2.0,0,2.0,0,,2.0,0,0.0,0.0,2.5,0.0,0.0,0.0,2.0,0,55.89,74.42,111.78,0.0,,,0,0,
test_q4_2024,2024-11-09,841,LOJA 841,13315,BROMELIN SUSP 100ML,33104,C,3,1,2,0.84,5,2.0,0,2.0,0,,2.0,0,0.0,0.0,2.5,0.0,0.0,0.0,2.0,0,55.89,74.42,111.78,0.0,,,0,0,
test_q4_2024,2024-11-10,841,LOJA 841,13315,BROMELIN SUSP 100ML,33104,C,3,1,2,0.84,5,2.0,0,2.0,0,,2.0,0,0.0,0.0,2.5,0.0,0.0,0.0,2.0,0,55.89,74.42,111.78,0.0,,,0,0,
test_q4_2024,2024-11-11,841,LOJA 841,13315,BROMELIN SUSP 100ML,33104,C,3,1,2,0.84,5,2.0,0,2.0,0,,2.0,0,0.0,0.0,2.5,0.0,0.0,0.0,2.0,0,55.89,74.42,111.78,0.0,,,0,0,
test_q4_2024,2024-11-12,841,LOJA 841,13315,BROMELIN SUSP 100ML,33104,C,3,1,2,0.84,5,2.0,0,2.0,0,,2.0,0,0.0,0.0,2.5,0.0,0.0,0.0,2.0,0,55.89,74.42,111.78,0.0,,,0,0,
test_q4_2024,2024-11-13,841,LOJA 841,13315,BROMELIN SUSP 100ML,33104,C,3,1,2,0.84,5,2.0,0,2.0,0,,2.0,0,0.0,0.0,2.5,0.0,0.0,0.0,2.0,0,55.89,74.42,111.78,0.0,,,0,0,
test_q4_2024,2024-11-14,841,LOJA 841,13315,BROMELIN SUSP 100ML,33104,C,3,1,2,0.84,5,2.0,0,2.0,0,,2.0,0,0.0,0.0,2.5,0.0,0.0,0.0,2.0,0,55.89,74.42,111.78,0.0,,,0,0,
test_q4_2024,2024-11-15,841,LOJA 841,13315,BROMELIN SUSP 100ML,33104,C,3,1,2,0.84,5,2.0,0,2.0,0,,2.0,0,0.0,0.0,2.5,0.0,0.0,0.0,2.0,0,55.89,74.42,111.78,0.0,,,0,0,
test_q4_2024,2024-11-16,841,LOJA 841,13315,BROMELIN SUSP 100ML,33104,C,3,1,2,0.84,5,2.0,0,2.0,0,,2.0,0,0.0,0.0,2.5,0.0,0.0,0.0,2.0,0,55.89,74.42,111.78,0.0,,,0,0,
test_q4_2024,2024-11-17,841,LOJA 841,13315,BROMELIN SUSP 100ML,33104,C,3,1,2,0.84,5,2.0,0,2.0,0,,2.0,0,0.0,0.0,2.5,0.0,0.0,0.0,2.0,0,55.89,74.42,111.78,0.0,,,0,0,
test_q4_2024,2024-11-18,841,LOJA 841,13315,BROMELIN SUSP 100ML,33104,C,3,1,2,0.84,5,2.0,0,2.0,0,,2.0,0,0.0,0.0,2.5,0.0,0.0,0.0,2.0,0,55.89,74.42,111.78,0.0,,,0,0,
test_q4_2024,2024-11-19,841,LOJA 841,13315,BROMELIN SUSP 100ML,33104,C,3,1,2,0.84,5,2.0,0,2.0,0,,2.0,0,0.0,0.0,2.5,0.0,0.0,0.0,2.0,0,55.89,74.42,111.78,0.0,,,0,0,
test_q4_2024,2024-11-20,841,LOJA 841,13315,BROMELIN SUSP 100ML,33104,C,3,1,2,0.84,5,2.0,0,2.0,0,,2.0,0,0.0,0.0,2.5,0.0,0.0,0.0,2.0,0,55.89,74.42,111.78,0.0,,,0,0,
test_q4_2024,2024-11-21,841,LOJA 841,13315,BROMELIN SUSP 100ML,33104,C,3,1,2,0.84,5,2.0,0,2.0,0,,2.0,0,0.0,0.0,2.5,0.0,0.0,0.0,2.0,0,55.89,74.42,111.78,0.0,,,0,0,
test_q4_2024,2024-11-22,841,LOJA 841,13315,BROMELIN SUSP 100ML,33104,C,3,1,2,0.84,5,2.0,0,2.0,0,,2.0,0,0.0,0.0,2.5,0.0,0.0,0.0,2.0,0,55.89,74.42,111.78,0.0,,,0,0,
test_q4_2024,2024-11-23,841,LOJA 841,13315,BROMELIN SUSP 100ML,33104,C,3,1,2,0.84,5,2.0,0,2.0,0,,2.0,0,0.0,0.0,2.5,0.0,0.0,0.0,2.0,0,55.89,74.42,111.78,0.0,,,0,0,
test_q4_2024,2024-11-24,841,LOJA 841,13315,BROMELIN SUSP 100ML,33104,C,3,1,2,0.84,5,2.0,0,2.0,0,,2.0,0,0.0,0.0,2.5,0.0,0.0,0.0,2.0,0,55.89,74.42,111.78,0.0,,,0,0,
test_q4_2024,2024-11-25,841,LOJA 841,13315,BROMELIN SUSP 100ML,33104,C,3,1,2,0.84,5,2.0,0,2.0,0,,2.0,0,0.0,0.0,2.5,0.0,0.0,0.0,2.0,0,55.89,74.42,111.78,0.0,,,0,0,
test_q4_2024,2024-11-26,841,LOJA 841,13315,BROMELIN SUSP 100ML,33104,C,3,1,2,0.84,5,2.0,0,2.0,0,,2.0,0,0.0,0.0,2.5,0.0,0.0,0.0,2.0,0,55.89,74.42,111.78,0.0,,,0,0,
test_q4_2024,2024-11-27,841,LOJA 841,13315,BROMELIN SUSP 100ML,33104,C,3,1,2,0.84,5,2.0,0,2.0,0,,2.0,0,0.0,0.0,2.5,0.0,0.0,0.0,2.0,0,55.89,74.42,111.78,0.0,,,0,0,
test_q4_2024,2024-11-28,841,LOJA 841,13315,BROMELIN SUSP 100ML,33104,C,3,1,2,0.84,5,2.0,0,2.0,0,,2.0,0,0.0,0.0,2.5,0.0,0.0,0.0,2.0,0,55.89,74.42,111.78,0.0,,,0,0,
test_q4_2024,2024-11-29,841,LOJA 841,13315,BROMELIN SUSP 100ML,33104,C,3,1,2,0.84,5,2.0,0,2.0,0,,2.0,0,0.0,0.0,2.5,0.0,0.0,0.0,2.0,0,55.89,74.42,111.78,0.0,,,0,0,
test_q4_2024,2024-11-30,841,LOJA 841,13315,BROMELIN SUSP 100ML,33104,C,3,1,2,0.84,5,2.0,0,2.0,0,,2.0,0,0.0,0.0,2.5,0.0,0.0,0.0,2.0,0,55.89,74.42,111.78,0.0,,,0,0,
test_q4_2024,2024-12-01,841,LOJA 841,13315,BROMELIN SUSP 100ML,33104,C,3,1,2,0.84,5,2.0,0,2.0,0,,2.0,0,0.0,0.0,2.5,0.0,0.0,0.0,2.0,0,55.89,74.42,111.78,0.0,,,0,0,
test_q4_2024,2024-12-02,841,LOJA 841,13315,BROMELIN SUSP 100ML,33104,C,3,1,2,0.84,5,2.0,0,2.0,0,,2.0,0,0.0,0.0,2.5,0.0,0.0,0.0,2.0,0,55.89,74.42,111.78,0.0,,,0,0,
test_q4_2024,2024-12-03,841,LOJA 841,13315,BROMELIN SUSP 100ML,33104,C,3,1,2,0.84,5,2.0,0,2.0,0,,2.0,0,0.0,0.0,2.5,0.0,0.0,0.0,2.0,0,55.89,74.42,111.78,0.0,,,0,0,
test_q4_2024,2024-12-04,841,LOJA 841,13315,BROMELIN SUSP 100ML,33104,C,3,1,2,0.84,5,2.0,0,2.0,0,,2.0,0,0.0,0.0,2.5,0.0,0.0,0.0,2.0,0,55.89,74.42,111.78,0.0,,,0,0,
test_q4_2024,2024-12-05,841,LOJA 841,13315,BROMELIN SUSP 100ML,33104,C,3,1,2,0.84,5,2.0,0,2.0,0,,2.0,0,0.0,0.0,2.5,0.0,0.0,0.0,2.0,0,55.89,74.42,111.78,0.0,,,0,0,
test_q4_2024,2024-12-06,841,LOJA 841,13315,BROMELIN SUSP 100ML,33104,C,3,1,2,0.84,5,2.0,0,2.0,0,,2.0,0,0.0,0.0,2.5,0.0,0.0,0.0,2.0,0,55.89,74.42,111.78,0.0,,,0,0,
test_q4_2024,2024-12-07,841,LOJA 841,13315,BROMELIN SUSP 100ML,33104,C,3,1,2,0.84,5,2.0,0,2.0,0,,2.0,0,0.0,0.0,2.5,0.0,0.0,0.0,2.0,0,55.89,74.42,111.78,0.0,,,0,0,
test_q4_2024,2024-12-08,841,LOJA 841,13315,BROMELIN SUSP 100ML,33104,C,3,1,2,0.84,5,2.0,0,2.0,0,,2.0,0,0.0,0.0,2.5,0.0,0.0,0.0,2.0,0,55.89,74.42,111.78,0.0,,,0,0,
test_q4_2024,2024-12-09,841,LOJA 841,13315,BROMELIN SUSP 100ML,33104,C,3,1,2,0.84,5,2.0,0,2.0,0,,2.0,0,0.0,0.0,2.5,0.0,0.0,0.0,2.0,0,55.89,74.42,111.78,0.0,,,0,0,
test_q4_2024,2024-12-10,841,LOJA 841,13315,BROMELIN SUSP 100ML,33104,C,3,1,2,0.84,5,2.0,0,2.0,0,,2.0,0,0.0,0.0,2.5,0.0,0.0,0.0,2.0,0,55.89,74.42,111.78,0.0,,,0,0,
test_q4_2024,2024-12-11,841,LOJA 841,13315,BROMELIN SUSP 100ML,33104,C,3,1,2,0.84,5,2.0,0,2.0,0,,2.0,0,0.0,0.0,2.5,0.0,0.0,0.0,2.0,0,55.89,74.42,111.78,0.0,,,0,0,
test_q4_2024,2024-12-12,841,LOJA 841,13315,BROMELIN SUSP 100ML,33104,C,3,1,2,0.84,5,2.0,0,2.0,0,,2.0,0,0.0,0.0,2.5,0.0,0.0,0.0,2.0,0,55.89,74.42,111.78,0.0,,,0,0,
test_q4_2024,2024-12-13,841,LOJA 841,13315,BROMELIN SUSP 100ML,33104,C,3,1,2,0.84,5,2.0,0,2.0,0,,2.0,0,0.0,0.0,2.5,0.0,0.0,0.0,2.0,0,55.89,74.42,111.78,0.0,,,0,0,
test_q4_2024,2024-12-14,841,LOJA 841,13315,BROMELIN SUSP 100ML,33104,C,3,1,2,0.84,5,2.0,0,2.0,0,,2.0,0,0.0,0.0,2.5,0.0,0.0,0.0,2.0,0,55.89,74.42,111.78,0.0,,,0,0,
test_q4_2024,2024-12-15,841,LOJA 841,13315,BROMELIN SUSP 100ML,33104,C,3,1,2,0.84,5,2.0,0,2.0,0,,2.0,0,0.0,0.0,2.5,0.0,0.0,0.0,2.0,0,55.89,74.42,111.78,0.0,,,0,0,
test_q4_2024,2024-12-16,841,LOJA 841,13315,BROMELIN SUSP 100ML,33104,C,3,1,2,0.84,5,2.0,0,2.0,0,,2.0,0,0.0,0.0,2.5,0.0,0.0,0.0,2.0,0,55.89,74.42,111.78,0.0,,,0,0,
test_q4_2024,2024-12-17,841,LOJA 841,13315,BROMELIN SUSP 100ML,33104,C,3,1,2,0.84,5,2.0,0,2.0,0,,2.0,0,0.0,0.0,2.5,0.0,0.0,0.0,2.0,0,55.89,74.42,111.78,0.0,,,0,0,
test_q4_2024,2024-12-18,841,LOJA 841,13315,BROMELIN SUSP 100ML,33104,C,3,1,2,0.84,5,2.0,0,2.0,0,,2.0,0,0.0,0.0,2.5,0.0,0.0,0.0,2.0,0,55.89,74.42,111.78,0.0,,,0,0,
test_q4_2024,2024-12-19,841,LOJA 841,13315,BROMELIN SUSP 100ML,33104,C,3,1,2,0.84,5,2.0,0,2.0,0,,2.0,0,0.0,0.0,2.5,0.0,0.0,0.0,2.0,0,55.89,74.42,111.78,0.0,,,0,0,
test_q4_2024,2024-12-20,841,LOJA 841,13315,BROMELIN SUSP 100ML,33104,C,3,1,2,0.84,5,2.0,0,2.0,0,,2.0,0,0.0,0.0,2.5,0.0,0.0,0.0,2.0,0,55.89,74.42,111.78,0.0,,,0,0,
test_q4_2024,2024-12-21,841,LOJA 841,13315,BROMELIN SUSP 100ML,33104,C,3,1,2,0.84,5,2.0,0,2.0,0,,2.0,0,0.0,0.0,2.5,0.0,0.0,0.0,2.0,0,55.89,74.42,111.78,0.0,,,0,0,
test_q4_2024,2024-12-22,841,LOJA 841,13315,BROMELIN SUSP 100ML,33104,C,3,1,2,0.84,5,2.0,0,2.0,0,,2.0,0,0.0,0.0,2.5,0.0,0.0,0.0,2.0,0,55.89,74.42,111.78,0.0,,,0,0,
test_q4_2024,2024-12-23,841,LOJA 841,13315,BROMELIN SUSP 100ML,33104,C,3,1,2,0.84,5,2.0,0,2.0,0,,2.0,0,0.0,0.0,2.5,0.0,0.0,0.0,2.0,0,55.89,74.42,111.78,0.0,,,0,0,
test_q4_2024,2024-12-24,841,LOJA 841,13315,BROMELIN SUSP 100ML,33104,C,3,1,2,0.84,5,2.0,0,2.0,0,,2.0,0,0.0,0.0,2.5,0.0,0.0,0.0,2.0,0,55.89,74.42,111.78,0.0,,,0,0,
test_q4_2024,2024-12-25,841,LOJA 841,13315,BROMELIN SUSP 100ML,33104,C,3,1,2,0.84,5,2.0,0,2.0,0,,2.0,0,0.0,0.0,2.5,0.0,0.0,0.0,2.0,0,55.89,74.42,111.78,0.0,,,0,0,
test_q4_2024,2024-12-26,841,LOJA 841,13315,BROMELIN SUSP 100ML,33104,C,3,1,2,0.84,5,2.0,0,2.0,0,,2.0,0,0.0,0.0,2.5,0.0,0.0,0.0,2.0,0,55.89,74.42,111.78,0.0,,,0,0,
test_q4_2024,2024-12-27,841,LOJA 841,13315,BROMELIN SUSP 100ML,33104,C,3,1,2,0.84,5,2.0,0,2.0,0,,2.0,0,0.0,0.0,2.5,0.0,0.0,0.0,2.0,0,55.89,74.42,111.78,0.0,,,0,0,
test_q4_2024,2024-12-28,841,LOJA 841,13315,BROMELIN SUSP 100ML,33104,C,3,1,2,0.84,5,2.0,0,2.0,0,,2.0,0,0.0,0.0,2.5,0.0,0.0,0.0,2.0,0,55.89,74.42,111.78,0.0,,,0,0,
test_q4_2024,2024-12-29,841,LOJA 841,13315,BROMELIN SUSP 100ML,33104,C,3,1,2,0.84,5,2.0,0,2.0,0,,2.0,0,0.0,0.0,2.5,0.0,0.0,0.0,2.0,0,55.89,74.42,111.78,0.0,,,0,0,
test_q4_2024,2024-12-30,841,LOJA 841,13315,BROMELIN SUSP 100ML,33104,C,3,1,2,0.84,5,2.0,0,2.0,0,,2.0,0,0.0,0.0,2.5,0.0,0.0,0.0,2.0,0,55.89,74.42,111.78,0.0,,,0,0,
test_q4_2024,2024-12-31,841,LOJA 841,13315,BROMELIN SUSP 100ML,33104,C,3,1,2,0.84,5,2.0,0,2.0,0,,2.0,0,0.0,0.0,2.5,0.0,0.0,0.0,2.0,0,55.89,74.42,111.78,0.0,,,0,0,
test_q4_2024,2024-10-01,841,LOJA 841,1439,SORINE GTS ADULTO 30ML,334,C,3,1,2,0.84,5,2.0,0,2.0,0,,2.0,0,0.0,0.1324,2.5,0.0,0.0,0.0,2.0,0,20.84,24.3,41.68,0.0,2.0,41.68,0,0,
test_q4_2024,2024-10-02,841,LOJA 841,1439,SORINE GTS ADULTO 30ML,334,C,3,1,2,0.84,5,2.0,0,2.0,0,,2.0,0,0.0,0.1324,2.5,0.0,0.0,0.0,2.0,0,20.84,24.3,41.68,0.0,2.0,41.68,0,0,
test_q4_2024,2024-10-03,841,LOJA 841,1439,SORINE GTS ADULTO 30ML,334,C,3,1,2,0.84,5,2.0,0,2.0,0,,2.0,0,0.0,0.1324,2.5,0.0,0.0,0.0,2.0,0,20.84,24.3,41.68,0.0,2.0,41.68,0,0,
test_q4_2024,2024-10-04,841,LOJA 841,1439,SORINE GTS ADULTO 30ML,334,C,3,1,2,0.84,5,2.0,0,2.0,0,,2.0,0,0.0,0.1324,2.5,0.0,0.0,0.0,2.0,0,20.84,24.3,41.68,0.0,2.0,41.68,0,0,
test_q4_2024,2024-10-05,841,LOJA 841,1439,SORINE GTS ADULTO 30ML,334,C,3,1,2,0.84,5,2.0,0,2.0,0,,2.0,0,0.0,0.1324,2.5,0.0,0.0,0.0,2.0,0,20.84,24.3,41.68,0.0,2.0,41.68,0,0,
test_q4_2024,2024-10-06,841,LOJA 841,1439,SORINE GTS ADULTO 30ML,334,C,3,1,2,0.84,5,2.0,0,2.0,0,,2.0,0,0.0437,0.1324,2.5,0.0,0.0,0.0,2.0,0,20.84,24.3,41.68,0.0,,,0,0,
test_q4_2024,2024-10-07,841,LOJA 841,1439,SORINE GTS ADULTO 30ML,334,C,3,1,2,0.84,5,2.0,0,2.0,0,,2.0,0,0.0,0.1324,2.5,0.0,0.0,0.0,2.0,0,20.84,24.3,41.68,0.0,2.0,41.68,0,0,
test_q4_2024,2024-10-08,841,LOJA 841,1439,SORINE GTS ADULTO 30ML,334,C,3,1,2,0.84,5,2.0,0,2.0,0,,2.0,0,0.0,0.1324,2.5,0.0,0.0,0.0,2.0,0,20.84,24.3,41.68,0.0,2.0,41.68,0,0,
test_q4_2024,2024-10-09,841,LOJA 841,1439,SORINE GTS ADULTO 30ML,334,C,3,1,2,0.84,5,2.0,0,2.0,0,,2.0,0,0.0,0.1324,2.5,0.0,0.0,0.0,2.0,0,20.84,24.3,41.68,0.0,2.0,41.68,0,0,
test_q4_2024,2024-10-10,841,LOJA 841,1439,SORINE GTS ADULTO 30ML,334,C,3,1,2,0.84,5,2.0,0,2.0,0,,2.0,0,0.0,0.1324,2.5,0.0,0.0,0.0,2.0,0,20.84,24.3,41.68,0.0,2.0,41.68,0,0,
test_q4_2024,2024-10-11,841,LOJA 841,1439,SORINE GTS ADULTO 30ML,334,C,3,1,2,0.84,5,2.0,0,2.0,0,,2.0,0,0.0,0.1324,2.5,0.0,0.0,0.0,2.0,0,20.84,24.3,41.68,0.0,2.0,41.68,0,0,
test_q4_2024,2024-10-12,841,LOJA 841,1439,SORINE GTS ADULTO 30ML,334,C,3,1,2,0.84,5,2.0,0,2.0,0,,2.0,0,0.0,0.1324,2.5,2.0,2.0,0.0,0.0,0,20.84,24.3,0.0,0.0,2.0,41.68,0,0,
test_q4_2024,2024-10-13,841,LOJA 841,1439,SORINE GTS ADULTO 30ML,334,C,3,1,2,0.84,5,0.0,0,0.0,2,2024-10-16,2.0,2,0.0437,0.1324,2.5,0.0,0.0,0.0,0.0,0,20.84,24.3,0.0,15.49,,,0,0,
test_q4_2024,2024-10-14,841,LOJA 841,1439,SORINE GTS ADULTO 30ML,334,C,3,1,2,0.84,5,0.0,0,2.0,0,,2.0,2,0.0,0.1324,2.5,0.0,0.0,0.0,0.0,0,20.84,24.3,0.0,0.0,0.0,0.0,1,0,
test_q4_2024,2024-10-15,841,LOJA 841,1439,SORINE GTS ADULTO 30ML,334,C,3,1,2,0.84,5,0.0,0,2.0,0,,2.0,2,0.0,0.1324,2.5,0.0,0.0,0.0,0.0,0,20.84,24.3,0.0,0.0,0.0,0.0,1,0,
test_q4_2024,2024-10-16,841,LOJA 841,1439,SORINE GTS ADULTO 30ML,334,C,3,1,2,0.84,5,2.0,2,2.0,0,,2.0,0,0.0,0.1324,2.5,0.0,0.0,0.0,2.0,0,20.84,24.3,41.68,0.0,0.0,0.0,1,0,
test_q4_2024,2024-10-17,841,LOJA 841,1439,SORINE GTS ADULTO 30ML,334,C,3,1,2,0.84,5,2.0,0,2.0,0,,2.0,0,0.0,0.1324,2.5,0.0,0.0,0.0,2.0,0,20.84,24.3,41.68,0.0,0.0,0.0,1,0,
test_q4_2024,2024-10-18,841,LOJA 841,1439,SORINE GTS ADULTO 30ML,334,C,3,1,2,0.84,5,2.0,0,2.0,0,,2.0,0,0.0,0.1324,2.5,0.0,0.0,0.0,2.0,0,20.84,24.3,41.68,0.0,1.0,20.84,0,0,
test_q4_2024,2024-10-19,841,LOJA 841,1439,SORINE GTS ADULTO 30ML,334,C,3,1,2,0.84,5,2.0,0,2.0,0,,2.0,0,0.0,0.1324,2.5,0.0,0.0,0.0,2.0,0,20.84,24.3,41.68,0.0,1.0,20.84,0,0,
test_q4_2024,2024-10-20,841,LOJA 841,1439,SORINE GTS ADULTO 30ML,334,C,3,1,2,0.84,5,2.0,0,2.0,0,,2.0,0,0.0437,0.1324,2.5,0.0,0.0,0.0,2.0,0,20.84,24.3,41.68,0.0,,,0,0,
test_q4_2024,2024-10-21,841,LOJA 841,1439,SORINE GTS ADULTO 30ML,334,C,3,1,2,0.84,5,2.0,0,2.0,0,,2.0,0,0.0,0.1324,2.5,0.0,0.0,0.0,2.0,0,20.84,24.3,41.68,0.0,1.0,20.84,0,0,
test_q4_2024,2024-10-22,841,LOJA 841,1439,SORINE GTS ADULTO 30ML,334,C,3,1,2,0.84,5,2.0,0,2.0,0,,2.0,0,0.0,0.1324,2.5,0.0,0.0,0.0,2.0,0,20.84,24.3,41.68,0.0,1.0,20.84,0,0,
test_q4_2024,2024-10-23,841,LOJA 841,1439,SORINE GTS ADULTO 30ML,334,C,3,1,2,0.84,5,2.0,0,2.0,0,,2.0,0,0.0,0.1324,2.5,0.0,0.0,0.0,2.0,0,20.84,24.3,41.68,0.0,1.0,20.84,0,0,
test_q4_2024,2024-10-24,841,LOJA 841,1439,SORINE GTS ADULTO 30ML,334,C,3,1,2,0.84,5,2.0,0,2.0,0,,2.0,0,0.0,0.1324,2.5,0.0,0.0,0.0,2.0,0,20.84,24.3,41.68,0.0,3.0,62.519999999999996,0,0,
test_q4_2024,2024-10-25,841,LOJA 841,1439,SORINE GTS ADULTO 30ML,334,C,3,1,2,0.84,5,2.0,0,2.0,0,,2.0,0,0.0,0.1324,2.5,0.0,0.0,0.0,2.0,0,20.84,24.3,41.68,0.0,3.0,62.519999999999996,0,0,
test_q4_2024,2024-10-26,841,LOJA 841,1439,SORINE GTS ADULTO 30ML,334,C,3,1,2,0.84,5,2.0,0,2.0,0,,2.0,0,0.0,0.1324,2.5,0.0,0.0,0.0,2.0,0,20.84,24.3,41.68,0.0,3.0,62.519999999999996,0,0,
test_q4_2024,2024-10-27,841,LOJA 841,1439,SORINE GTS ADULTO 30ML,334,C,3,1,2,0.84,5,2.0,0,2.0,0,,2.0,0,0.0437,0.1324,2.5,0.0,0.0,0.0,2.0,0,20.84,24.3,41.68,0.0,,,0,0,
test_q4_2024,2024-10-28,841,LOJA 841,1439,SORINE GTS ADULTO 30ML,334,C,3,1,2,0.84,5,2.0,0,2.0,0,,2.0,0,0.0,0.1324,2.5,0.0,0.0,0.0,2.0,0,20.84,24.3,41.68,0.0,3.0,62.519999999999996,0,0,
test_q4_2024,2024-10-29,841,LOJA 841,1439,SORINE GTS ADULTO 30ML,334,C,3,1,2,0.84,5,2.0,0,2.0,0,,2.0,0,0.0,0.1324,2.5,0.0,0.0,0.0,2.0,0,20.84,24.3,41.68,0.0,3.0,62.519999999999996,0,0,
test_q4_2024,2024-10-30,841,LOJA 841,1439,SORINE GTS ADULTO 30ML,334,C,3,1,2,0.84,5,2.0,0,2.0,0,,2.0,0,0.0,0.1324,2.5,0.0,0.0,0.0,2.0,0,20.84,24.3,41.68,0.0,3.0,62.519999999999996,0,0,
test_q4_2024,2024-10-31,841,LOJA 841,1439,SORINE GTS ADULTO 30ML,334,C,3,1,2,0.84,5,2.0,0,2.0,0,,2.0,0,0.0,0.1324,2.5,0.0,0.0,0.0,2.0,0,20.84,24.3,41.68,0.0,3.0,62.519999999999996,0,0,
test_q4_2024,2024-11-01,841,LOJA 841,1439,SORINE GTS ADULTO 30ML,334,C,3,1,2,0.84,5,2.0,0,2.0,0,,2.0,0,0.0,0.1324,2.5,0.0,0.0,0.0,2.0,0,20.84,24.3,41.68,0.0,3.0,62.519999999999996,0,0,
test_q4_2024,2024-11-02,841,LOJA 841,1439,SORINE GTS ADULTO 30ML,334,C,3,1,2,0.84,5,2.0,0,2.0,0,,2.0,0,0.0,0.1324,2.5,0.0,0.0,0.0,2.0,0,20.84,24.3,41.68,0.0,3.0,62.519999999999996,0,0,
test_q4_2024,2024-11-03,841,LOJA 841,1439,SORINE GTS ADULTO 30ML,334,C,3,1,2,0.84,5,2.0,0,2.0,0,,2.0,0,0.0437,0.1324,2.5,0.0,0.0,0.0,2.0,0,20.84,24.3,41.68,0.0,,,0,0,
test_q4_2024,2024-11-04,841,LOJA 841,1439,SORINE GTS ADULTO 30ML,334,C,3,1,2,0.84,5,2.0,0,2.0,0,,2.0,0,0.0,0.1324,2.5,0.0,0.0,0.0,2.0,0,20.84,24.3,41.68,0.0,3.0,62.519999999999996,0,0,
test_q4_2024,2024-11-05,841,LOJA 841,1439,SORINE GTS ADULTO 30ML,334,C,3,1,2,0.84,5,2.0,0,2.0,0,,2.0,0,0.0,0.1324,2.5,0.0,0.0,0.0,2.0,0,20.84,24.3,41.68,0.0,4.0,83.36,0,0,
test_q4_2024,2024-11-06,841,LOJA 841,1439,SORINE GTS ADULTO 30ML,334,C,3,1,2,0.84,5,2.0,0,2.0,0,,2.0,0,0.0,0.1324,2.5,0.0,0.0,0.0,2.0,0,20.84,24.3,41.68,0.0,4.0,83.36,0,0,
test_q4_2024,2024-11-07,841,LOJA 841,1439,SORINE GTS ADULTO 30ML,334,C,3,1,2,0.84,5,2.0,0,2.0,0,,2.0,0,0.0,0.1324,2.5,0.0,0.0,0.0,2.0,0,20.84,24.3,41.68,0.0,4.0,83.36,0,0,
test_q4_2024,2024-11-08,841,LOJA 841,1439,SORINE GTS ADULTO 30ML,334,C,3,1,2,0.84,5,2.0,0,2.0,0,,2.0,0,0.0,0.1324,2.5,0.0,0.0,0.0,2.0,0,20.84,24.3,41.68,0.0,4.0,83.36,0,0,
test_q4_2024,2024-11-09,841,LOJA 841,1439,SORINE GTS ADULTO 30ML,334,C,3,1,2,0.84,5,2.0,0,2.0,0,,2.0,0,0.0,0.1324,2.5,0.0,0.0,0.0,2.0,0,20.84,24.3,41.68,0.0,4.0,83.36,0,0,
test_q4_2024,2024-11-10,841,LOJA 841,1439,SORINE GTS ADULTO 30ML,334,C,3,1,2,0.84,5,2.0,0,2.0,0,,2.0,0,0.0437,0.1324,2.5,0.0,0.0,0.0,2.0,0,20.84,24.3,41.68,0.0,,,0,0,
test_q4_2024,2024-11-11,841,LOJA 841,1439,SORINE GTS ADULTO 30ML,334,C,3,1,2,0.84,5,2.0,0,2.0,0,,2.0,0,0.0,0.1324,2.5,0.0,0.0,0.0,2.0,0,20.84,24.3,41.68,0.0,4.0,83.36,0,0,
test_q4_2024,2024-11-12,841,LOJA 841,1439,SORINE GTS ADULTO 30ML,334,C,3,1,2,0.84,5,2.0,0,2.0,0,,2.0,0,0.0,0.1324,2.5,0.0,0.0,0.0,2.0,0,20.84,24.3,41.68,0.0,4.0,83.36,0,0,
test_q4_2024,2024-11-13,841,LOJA 841,1439,SORINE GTS ADULTO 30ML,334,C,3,1,2,0.84,5,2.0,0,2.0,0,,2.0,0,0.0,0.1324,2.5,0.0,0.0,0.0,2.0,0,20.84,24.3,41.68,0.0,4.0,83.36,0,0,
test_q4_2024,2024-11-14,841,LOJA 841,1439,SORINE GTS ADULTO 30ML,334,C,3,1,2,0.84,5,2.0,0,2.0,0,,2.0,0,0.0,0.1324,2.5,0.0,0.0,0.0,2.0,0,20.84,24.3,41.68,0.0,4.0,83.36,0,0,
test_q4_2024,2024-11-15,841,LOJA 841,1439,SORINE GTS ADULTO 30ML,334,C,3,1,2,0.84,5,2.0,0,2.0,0,,2.0,0,0.0,0.1324,2.5,0.0,0.0,0.0,2.0,0,20.84,24.3,41.68,0.0,4.0,83.36,0,0,
test_q4_2024,2024-11-16,841,LOJA 841,1439,SORINE GTS ADULTO 30ML,334,C,3,1,2,0.84,5,2.0,0,2.0,0,,2.0,0,0.0,0.1324,2.5,0.0,0.0,0.0,2.0,0,20.84,24.3,41.68,0.0,4.0,83.36,0,0,
test_q4_2024,2024-11-17,841,LOJA 841,1439,SORINE GTS ADULTO 30ML,334,C,3,1,2,0.84,5,2.0,0,2.0,0,,2.0,0,0.0437,0.1324,2.5,0.0,0.0,0.0,2.0,0,20.84,24.3,41.68,0.0,,,0,0,
test_q4_2024,2024-11-18,841,LOJA 841,1439,SORINE GTS ADULTO 30ML,334,C,3,1,2,0.84,5,2.0,0,2.0,0,,2.0,0,0.0,0.1324,2.5,0.0,0.0,0.0,2.0,0,20.84,24.3,41.68,0.0,4.0,83.36,0,0,
test_q4_2024,2024-11-19,841,LOJA 841,1439,SORINE GTS ADULTO 30ML,334,C,3,1,2,0.84,5,2.0,0,2.0,0,,2.0,0,0.0,0.1324,2.5,0.0,0.0,0.0,2.0,0,20.84,24.3,41.68,0.0,4.0,83.36,0,0,
test_q4_2024,2024-11-20,841,LOJA 841,1439,SORINE GTS ADULTO 30ML,334,C,3,1,2,0.84,5,2.0,0,2.0,0,,2.0,0,0.0,0.1324,2.5,0.0,0.0,0.0,2.0,0,20.84,24.3,41.68,0.0,4.0,83.36,0,0,
test_q4_2024,2024-11-21,841,LOJA 841,1439,SORINE GTS ADULTO 30ML,334,C,3,1,2,0.84,5,2.0,0,2.0,0,,2.0,0,0.0,0.1324,2.5,0.0,0.0,0.0,2.0,0,20.84,24.3,41.68,0.0,4.0,83.36,0,0,
test_q4_2024,2024-11-22,841,LOJA 841,1439,SORINE GTS ADULTO 30ML,334,C,3,1,2,0.84,5,2.0,0,2.0,0,,2.0,0,0.0,0.1324,2.5,0.0,0.0,0.0,2.0,0,20.84,24.3,41.68,0.0,4.0,83.36,0,0,
test_q4_2024,2024-11-23,841,LOJA 841,1439,SORINE GTS ADULTO 30ML,334,C,3,1,2,0.84,5,2.0,0,2.0,0,,2.0,0,0.0,0.1324,2.5,0.0,0.0,0.0,2.0,0,20.84,24.3,41.68,0.0,4.0,83.36,0,0,
test_q4_2024,2024-11-24,841,LOJA 841,1439,SORINE GTS ADULTO 30ML,334,C,3,1,2,0.84,5,2.0,0,2.0,0,,2.0,0,0.0437,0.1324,2.5,0.0,0.0,0.0,2.0,0,20.84,24.3,41.68,0.0,,,0,0,
test_q4_2024,2024-11-25,841,LOJA 841,1439,SORINE GTS ADULTO 30ML,334,C,3,1,2,0.84,5,2.0,0,2.0,0,,2.0,0,0.0,0.1324,2.5,0.0,0.0,0.0,2.0,0,20.84,24.3,41.68,0.0,4.0,83.36,0,0,
test_q4_2024,2024-11-26,841,LOJA 841,1439,SORINE GTS ADULTO 30ML,334,C,3,1,2,0.84,5,2.0,0,2.0,0,,2.0,0,0.0,0.1324,2.5,0.0,0.0,0.0,2.0,0,20.84,24.3,41.68,0.0,4.0,83.36,0,0,
test_q4_2024,2024-11-27,841,LOJA 841,1439,SORINE GTS ADULTO 30ML,334,C,3,1,2,0.84,5,2.0,0,2.0,0,,2.0,0,0.0,0.1324,2.5,0.0,0.0,0.0,2.0,0,20.84,24.3,41.68,0.0,4.0,83.36,0,0,
test_q4_2024,2024-11-28,841,LOJA 841,1439,SORINE GTS ADULTO 30ML,334,C,3,1,2,0.84,5,2.0,0,2.0,0,,2.0,0,0.0,0.1324,2.5,0.0,0.0,0.0,2.0,0,20.84,24.3,41.68,0.0,4.0,83.36,0,0,
test_q4_2024,2024-11-29,841,LOJA 841,1439,SORINE GTS ADULTO 30ML,334,C,3,1,2,0.84,5,2.0,0,2.0,0,,2.0,0,0.0133,0.1324,2.5,0.0,0.0,0.0,2.0,0,20.84,24.3,41.68,0.0,4.0,83.36,0,0,
test_q4_2024,2024-11-30,841,LOJA 841,1439,SORINE GTS ADULTO 30ML,334,C,3,1,2,0.84,5,2.0,0,2.0,0,,2.0,0,0.0133,0.1324,2.5,0.0,0.0,0.0,2.0,0,20.84,24.3,41.68,0.0,4.0,83.36,0,0,
test_q4_2024,2024-12-01,841,LOJA 841,1439,SORINE GTS ADULTO 30ML,334,C,3,1,2,0.84,5,2.0,0,2.0,0,,2.0,0,0.0571,0.1324,2.5,0.0,0.0,0.0,2.0,0,20.84,24.3,41.68,0.0,,,0,0,
test_q4_2024,2024-12-02,841,LOJA 841,1439,SORINE GTS ADULTO 30ML,334,C,3,1,2,0.84,5,2.0,0,2.0,0,,2.0,0,0.0133,0.1324,2.5,0.0,0.0,0.0,2.0,0,20.84,24.3,41.68,0.0,4.0,83.36,0,0,
test_q4_2024,2024-12-03,841,LOJA 841,1439,SORINE GTS ADULTO 30ML,334,C,3,1,2,0.84,5,2.0,0,2.0,0,,2.0,0,0.0133,0.1324,2.5,0.0,0.0,0.0,2.0,0,20.84,24.3,41.68,0.0,4.0,83.36,0,0,
test_q4_2024,2024-12-04,841,LOJA 841,1439,SORINE GTS ADULTO 30ML,334,C,3,1,2,0.84,5,2.0,0,2.0,0,,2.0,0,0.0133,0.1324,2.5,0.0,0.0,0.0,2.0,0,20.84,24.3,41.68,0.0,4.0,83.36,0,0,
test_q4_2024,2024-12-05,841,LOJA 841,1439,SORINE GTS ADULTO 30ML,334,C,3,1,2,0.84,5,2.0,0,2.0,0,,2.0,0,0.0133,0.1324,2.5,0.0,0.0,0.0,2.0,0,20.84,24.3,41.68,0.0,4.0,83.36,0,0,
test_q4_2024,2024-12-06,841,LOJA 841,1439,SORINE GTS ADULTO 30ML,334,C,3,1,2,0.84,5,2.0,0,2.0,0,,2.0,0,0.0133,0.1324,2.5,0.0,0.0,0.0,2.0,0,20.84,24.3,41.68,0.0,4.0,83.36,0,0,
test_q4_2024,2024-12-07,841,LOJA 841,1439,SORINE GTS ADULTO 30ML,334,C,3,1,2,0.84,5,2.0,0,2.0,0,,2.0,0,0.0133,0.1324,2.5,0.0,0.0,0.0,2.0,0,20.84,24.3,41.68,0.0,4.0,83.36,0,0,
test_q4_2024,2024-12-08,841,LOJA 841,1439,SORINE GTS ADULTO 30ML,334,C,3,1,2,0.84,5,2.0,0,2.0,0,,2.0,0,0.0571,0.1324,2.5,0.0,0.0,0.0,2.0,0,20.84,24.3,41.68,0.0,,,0,0,
test_q4_2024,2024-12-09,841,LOJA 841,1439,SORINE GTS ADULTO 30ML,334,C,3,1,2,0.84,5,2.0,0,2.0,0,,2.0,0,0.0133,0.1324,2.5,0.0,0.0,0.0,2.0,0,20.84,24.3,41.68,0.0,4.0,83.36,0,0,
test_q4_2024,2024-12-10,841,LOJA 841,1439,SORINE GTS ADULTO 30ML,334,C,3,1,2,0.84,5,2.0,0,2.0,0,,2.0,0,0.0133,0.1324,2.5,0.0,0.0,0.0,2.0,0,20.84,24.3,41.68,0.0,4.0,83.36,0,0,
test_q4_2024,2024-12-11,841,LOJA 841,1439,SORINE GTS ADULTO 30ML,334,C,3,1,2,0.84,5,2.0,0,2.0,0,,2.0,0,0.0133,0.1324,2.5,0.0,0.0,0.0,2.0,0,20.84,24.3,41.68,0.0,4.0,83.36,0,0,
test_q4_2024,2024-12-12,841,LOJA 841,1439,SORINE GTS ADULTO 30ML,334,C,3,1,2,0.84,5,2.0,0,2.0,0,,2.0,0,0.0133,0.1324,2.5,0.0,0.0,0.0,2.0,0,20.84,24.3,41.68,0.0,4.0,83.36,0,0,
test_q4_2024,2024-12-13,841,LOJA 841,1439,SORINE GTS ADULTO 30ML,334,C,3,1,2,0.84,5,2.0,0,2.0,0,,2.0,0,0.0133,0.1324,2.5,0.0,0.0,0.0,2.0,0,20.84,24.3,41.68,0.0,4.0,83.36,0,0,
test_q4_2024,2024-12-14,841,LOJA 841,1439,SORINE GTS ADULTO 30ML,334,C,3,1,2,0.84,5,2.0,0,2.0,0,,2.0,0,0.0,0.1324,2.5,0.0,0.0,0.0,2.0,0,20.84,24.3,41.68,0.0,4.0,83.36,0,0,
test_q4_2024,2024-12-15,841,LOJA 841,1439,SORINE GTS ADULTO 30ML,334,C,3,1,2,0.84,5,2.0,0,2.0,0,,2.0,0,0.0437,0.1324,2.5,0.0,0.0,0.0,2.0,0,20.84,24.3,41.68,0.0,,,0,0,
test_q4_2024,2024-12-16,841,LOJA 841,1439,SORINE GTS ADULTO 30ML,334,C,3,1,2,0.84,5,2.0,0,2.0,0,,2.0,0,0.0,0.1324,2.5,0.0,0.0,0.0,2.0,0,20.84,24.3,41.68,0.0,4.0,83.36,0,0,
test_q4_2024,2024-12-17,841,LOJA 841,1439,SORINE GTS ADULTO 30ML,334,C,3,1,2,0.84,5,2.0,0,2.0,0,,2.0,0,0.0,0.1324,2.5,0.0,0.0,0.0,2.0,0,20.84,24.3,41.68,0.0,4.0,83.36,0,0,
test_q4_2024,2024-12-18,841,LOJA 841,1439,SORINE GTS ADULTO 30ML,334,C,3,1,2,0.84,5,2.0,0,2.0,0,,2.0,0,0.0,0.1324,2.5,0.0,0.0,0.0,2.0,0,20.84,24.3,41.68,0.0,4.0,83.36,0,0,
test_q4_2024,2024-12-19,841,LOJA 841,1439,SORINE GTS ADULTO 30ML,334,C,3,1,2,0.84,5,2.0,0,2.0,0,,2.0,0,0.0,0.1324,2.5,0.0,0.0,0.0,2.0,0,20.84,24.3,41.68,0.0,4.0,83.36,0,0,
test_q4_2024,2024-12-20,841,LOJA 841,1439,SORINE GTS ADULTO 30ML,334,C,3,1,2,0.84,5,2.0,0,2.0,0,,2.0,0,0.0,0.1324,2.5,0.0,0.0,0.0,2.0,0,20.84,24.3,41.68,0.0,4.0,83.36,0,0,
test_q4_2024,2024-12-21,841,LOJA 841,1439,SORINE GTS ADULTO 30ML,334,C,3,1,2,0.84,5,2.0,0,2.0,0,,2.0,0,0.0,0.1324,2.5,0.0,0.0,0.0,2.0,0,20.84,24.3,41.68,0.0,4.0,83.36,0,0,
test_q4_2024,2024-12-22,841,LOJA 841,1439,SORINE GTS ADULTO 30ML,334,C,3,1,2,0.84,5,2.0,0,2.0,0,,2.0,0,0.0437,0.1324,2.5,0.0,0.0,0.0,2.0,0,20.84,24.3,41.68,0.0,,,0,0,
test_q4_2024,2024-12-23,841,LOJA 841,1439,SORINE GTS ADULTO 30ML,334,C,3,1,2,0.84,5,2.0,0,2.0,0,,2.0,0,0.0,0.1324,2.5,0.0,0.0,0.0,2.0,0,20.84,24.3,41.68,0.0,4.0,83.36,0,0,
test_q4_2024,2024-12-24,841,LOJA 841,1439,SORINE GTS ADULTO 30ML,334,C,3,1,2,0.84,5,2.0,0,2.0,0,,2.0,0,0.0,0.1324,2.5,0.0,0.0,0.0,2.0,0,20.84,24.3,41.68,0.0,4.0,83.36,0,0,
test_q4_2024,2024-12-25,841,LOJA 841,1439,SORINE GTS ADULTO 30ML,334,C,3,1,2,0.84,5,2.0,0,2.0,0,,2.0,0,0.0,0.1324,2.5,0.0,0.0,0.0,2.0,0,20.84,24.3,41.68,0.0,4.0,83.36,0,0,
test_q4_2024,2024-12-26,841,LOJA 841,1439,SORINE GTS ADULTO 30ML,334,C,3,1,2,0.84,5,2.0,0,2.0,0,,2.0,0,0.0,0.1324,2.5,0.0,0.0,0.0,2.0,0,20.84,24.3,41.68,0.0,4.0,83.36,0,0,
test_q4_2024,2024-12-27,841,LOJA 841,1439,SORINE GTS ADULTO 30ML,334,C,3,1,2,0.84,5,2.0,0,2.0,0,,2.0,0,0.0133,0.1324,2.5,0.0,0.0,0.0,2.0,0,20.84,24.3,41.68,0.0,4.0,83.36,0,0,
test_q4_2024,2024-12-28,841,LOJA 841,1439,SORINE GTS ADULTO 30ML,334,C,3,1,2,0.84,5,2.0,0,2.0,0,,2.0,0,0.0133,0.1324,2.5,1.0,1.0,0.0,1.0,0,20.84,24.3,20.84,0.0,4.0,83.36,0,0,
test_q4_2024,2024-12-29,841,LOJA 841,1439,SORINE GTS ADULTO 30ML,334,C,3,1,2,0.84,5,1.0,0,1.0,1,2025-01-01,2.0,1,0.0571,0.1324,2.5,0.0,0.0,0.0,1.0,0,20.84,24.3,20.84,15.49,,,0,0,
test_q4_2024,2024-12-30,841,LOJA 841,1439,SORINE GTS ADULTO 30ML,334,C,3,1,2,0.84,5,1.0,0,2.0,0,,2.0,1,0.0133,0.1324,2.5,0.0,0.0,0.0,1.0,0,20.84,24.3,20.84,0.0,3.0,62.519999999999996,0,0,
test_q4_2024,2024-12-31,841,LOJA 841,1439,SORINE GTS ADULTO 30ML,334,C,3,1,2,0.84,5,1.0,0,2.0,0,,2.0,1,0.0133,0.1324,2.5,0.0,0.0,0.0,1.0,0,20.84,24.3,20.84,0.0,3.0,62.519999999999996,0,0,
test_q4_2024,2024-10-01,841,LOJA 841,15496,TAMIFLU 75MG CAPS C/10,30697,C,3,1,2,0.84,5,2.0,0,2.0,0,,2.0,0,0.0,0.0,2.5,0.0,0.0,0.0,2.0,0,277.3,346.49,554.6,0.0,,,0,0,
test_q4_2024,2024-10-02,841,LOJA 841,15496,TAMIFLU 75MG CAPS C/10,30697,C,3,1,2,0.84,5,2.0,0,2.0,0,,2.0,0,0.0,0.0,2.5,0.0,0.0,0.0,2.0,0,277.3,346.49,554.6,0.0,,,0,0,
test_q4_2024,2024-10-03,841,LOJA 841,15496,TAMIFLU 75MG CAPS C/10,30697,C,3,1,2,0.84,5,2.0,0,2.0,0,,2.0,0,0.0,0.0,2.5,0.0,0.0,0.0,2.0,0,277.3,346.49,554.6,0.0,,,0,0,
test_q4_2024,2024-10-04,841,LOJA 841,15496,TAMIFLU 75MG CAPS C/10,30697,C,3,1,2,0.84,5,2.0,0,2.0,0,,2.0,0,0.0,0.0,2.5,0.0,0.0,0.0,2.0,0,277.3,346.49,554.6,0.0,,,0,0,
test_q4_2024,2024-10-05,841,LOJA 841,15496,TAMIFLU 75MG CAPS C/10,30697,C,3,1,2,0.84,5,2.0,0,2.0,0,,2.0,0,0.0,0.0,2.5,0.0,0.0,0.0,2.0,0,277.3,346.49,554.6,0.0,,,0,0,
test_q4_2024,2024-10-06,841,LOJA 841,15496,TAMIFLU 75MG CAPS C/10,30697,C,3,1,2,0.84,5,2.0,0,2.0,0,,2.0,0,0.0,0.0,2.5,0.0,0.0,0.0,2.0,0,277.3,346.49,554.6,0.0,,,0,0,
test_q4_2024,2024-10-07,841,LOJA 841,15496,TAMIFLU 75MG CAPS C/10,30697,C,3,1,2,0.84,5,2.0,0,2.0,0,,2.0,0,0.0,0.0,2.5,0.0,0.0,0.0,2.0,0,277.3,346.49,554.6,0.0,,,0,0,
test_q4_2024,2024-10-08,841,LOJA 841,15496,TAMIFLU 75MG CAPS C/10,30697,C,3,1,2,0.84,5,2.0,0,2.0,0,,2.0,0,0.0,0.0,2.5,0.0,0.0,0.0,2.0,0,277.3,346.49,554.6,0.0,,,0,0,
test_q4_2024,2024-10-09,841,LOJA 841,15496,TAMIFLU 75MG CAPS C/10,30697,C,3,1,2,0.84,5,2.0,0,2.0,0,,2.0,0,0.0,0.0,2.5,0.0,0.0,0.0,2.0,0,277.3,346.49,554.6,0.0,,,0,0,
test_q4_2024,2024-10-10,841,LOJA 841,15496,TAMIFLU 75MG CAPS C/10,30697,C,3,1,2,0.84,5,2.0,0,2.0,0,,2.0,0,0.0,0.0,2.5,0.0,0.0,0.0,2.0,0,277.3,346.49,554.6,0.0,,,0,0,
test_q4_2024,2024-10-11,841,LOJA 841,15496,TAMIFLU 75MG CAPS C/10,30697,C,3,1,2,0.84,5,2.0,0,2.0,0,,2.0,0,0.0,0.0,2.5,0.0,0.0,0.0,2.0,0,277.3,346.49,554.6,0.0,,,0,0,
test_q4_2024,2024-10-12,841,LOJA 841,15496,TAMIFLU 75MG CAPS C/10,30697,C,3,1,2,0.84,5,2.0,0,2.0,0,,2.0,0,0.0,0.0,2.5,0.0,0.0,0.0,2.0,0,277.3,346.49,554.6,0.0,,,0,0,
test_q4_2024,2024-10-13,841,LOJA 841,15496,TAMIFLU 75MG CAPS C/10,30697,C,3,1,2,0.84,5,2.0,0,2.0,0,,2.0,0,0.0,0.0,2.5,0.0,0.0,0.0,2.0,0,277.3,346.49,554.6,0.0,,,0,0,
test_q4_2024,2024-10-14,841,LOJA 841,15496,TAMIFLU 75MG CAPS C/10,30697,C,3,1,2,0.84,5,2.0,0,2.0,0,,2.0,0,0.0,0.0,2.5,0.0,0.0,0.0,2.0,0,277.3,346.49,554.6,0.0,,,0,0,
test_q4_2024,2024-10-15,841,LOJA 841,15496,TAMIFLU 75MG CAPS C/10,30697,C,3,1,2,0.84,5,2.0,0,2.0,0,,2.0,0,0.0,0.0,2.5,0.0,0.0,0.0,2.0,0,277.3,346.49,554.6,0.0,,,0,0,
test_q4_2024,2024-10-16,841,LOJA 841,15496,TAMIFLU 75MG CAPS C/10,30697,C,3,1,2,0.84,5,2.0,0,2.0,0,,2.0,0,0.0,0.0,2.5,0.0,0.0,0.0,2.0,0,277.3,346.49,554.6,0.0,,,0,0,
test_q4_2024,2024-10-17,841,LOJA 841,15496,TAMIFLU 75MG CAPS C/10,30697,C,3,1,2,0.84,5,2.0,0,2.0,0,,2.0,0,0.0,0.0,2.5,0.0,0.0,0.0,2.0,0,277.3,346.49,554.6,0.0,,,0,0,
test_q4_2024,2024-10-18,841,LOJA 841,15496,TAMIFLU 75MG CAPS C/10,30697,C,3,1,2,0.84,5,2.0,0,2.0,0,,2.0,0,0.0,0.0,2.5,0.0,0.0,0.0,2.0,0,277.3,346.49,554.6,0.0,,,0,0,
test_q4_2024,2024-10-19,841,LOJA 841,15496,TAMIFLU 75MG CAPS C/10,30697,C,3,1,2,0.84,5,2.0,0,2.0,0,,2.0,0,0.0,0.0,2.5,0.0,0.0,0.0,2.0,0,277.3,346.49,554.6,0.0,,,0,0,
test_q4_2024,2024-10-20,841,LOJA 841,15496,TAMIFLU 75MG CAPS C/10,30697,C,3,1,2,0.84,5,2.0,0,2.0,0,,2.0,0,0.0,0.0,2.5,0.0,0.0,0.0,2.0,0,277.3,346.49,554.6,0.0,,,0,0,
test_q4_2024,2024-10-21,841,LOJA 841,15496,TAMIFLU 75MG CAPS C/10,30697,C,3,1,2,0.84,5,2.0,0,2.0,0,,2.0,0,0.0,0.0,2.5,0.0,0.0,0.0,2.0,0,277.3,346.49,554.6,0.0,,,0,0,
test_q4_2024,2024-10-22,841,LOJA 841,15496,TAMIFLU 75MG CAPS C/10,30697,C,3,1,2,0.84,5,2.0,0,2.0,0,,2.0,0,0.0,0.0,2.5,0.0,0.0,0.0,2.0,0,277.3,346.49,554.6,0.0,,,0,0,
test_q4_2024,2024-10-23,841,LOJA 841,15496,TAMIFLU 75MG CAPS C/10,30697,C,3,1,2,0.84,5,2.0,0,2.0,0,,2.0,0,0.0,0.0,2.5,0.0,0.0,0.0,2.0,0,277.3,346.49,554.6,0.0,,,0,0,
test_q4_2024,2024-10-24,841,LOJA 841,15496,TAMIFLU 75MG CAPS C/10,30697,C,3,1,2,0.84,5,2.0,0,2.0,0,,2.0,0,0.0,0.0,2.5,0.0,0.0,0.0,2.0,0,277.3,346.49,554.6,0.0,,,0,0,
test_q4_2024,2024-10-25,841,LOJA 841,15496,TAMIFLU 75MG CAPS C/10,30697,C,3,1,2,0.84,5,2.0,0,2.0,0,,2.0,0,0.0,0.0,2.5,0.0,0.0,0.0,2.0,0,277.3,346.49,554.6,0.0,,,0,0,
test_q4_2024,2024-10-26,841,LOJA 841,15496,TAMIFLU 75MG CAPS C/10,30697,C,3,1,2,0.84,5,2.0,0,2.0,0,,2.0,0,0.0,0.0,2.5,0.0,0.0,0.0,2.0,0,277.3,346.49,554.6,0.0,,,0,0,
test_q4_2024,2024-10-27,841,LOJA 841,15496,TAMIFLU 75MG CAPS C/10,30697,C,3,1,2,0.84,5,2.0,0,2.0,0,,2.0,0,0.0,0.0,2.5,0.0,0.0,0.0,2.0,0,277.3,346.49,554.6,0.0,,,0,0,
test_q4_2024,2024-10-28,841,LOJA 841,15496,TAMIFLU 75MG CAPS C/10,30697,C,3,1,2,0.84,5,2.0,0,2.0,0,,2.0,0,0.0,0.0,2.5,0.0,0.0,0.0,2.0,0,277.3,346.49,554.6,0.0,,,0,0,
test_q4_2024,2024-10-29,841,LOJA 841,15496,TAMIFLU 75MG CAPS C/10,30697,C,3,1,2,0.84,5,2.0,0,2.0,0,,2.0,0,0.0,0.0,2.5,0.0,0.0,0.0,2.0,0,277.3,346.49,554.6,0.0,,,0,0,
test_q4_2024,2024-10-30,841,LOJA 841,15496,TAMIFLU 75MG CAPS C/10,30697,C,3,1,2,0.84,5,2.0,0,2.0,0,,2.0,0,0.0,0.0,2.5,0.0,0.0,0.0,2.0,0,277.3,346.49,554.6,0.0,,,0,0,
test_q4_2024,2024-10-31,841,LOJA 841,15496,TAMIFLU 75MG CAPS C/10,30697,C,3,1,2,0.84,5,2.0,0,2.0,0,,2.0,0,0.0,0.0,2.5,0.0,0.0,0.0,2.0,0,277.3,346.49,554.6,0.0,,,0,0,
test_q4_2024,2024-11-01,841,LOJA 841,15496,TAMIFLU 75MG CAPS C/10,30697,C,3,1,2,0.84,5,2.0,0,2.0,0,,2.0,0,0.0,0.0,2.5,0.0,0.0,0.0,2.0,0,277.3,346.49,554.6,0.0,,,0,0,
test_q4_2024,2024-11-02,841,LOJA 841,15496,TAMIFLU 75MG CAPS C/10,30697,C,3,1,2,0.84,5,2.0,0,2.0,0,,2.0,0,0.0,0.0,2.5,0.0,0.0,0.0,2.0,0,277.3,346.49,554.6,0.0,,,0,0,
test_q4_2024,2024-11-03,841,LOJA 841,15496,TAMIFLU 75MG CAPS C/10,30697,C,3,1,2,0.84,5,2.0,0,2.0,0,,2.0,0,0.0,0.0,2.5,0.0,0.0,0.0,2.0,0,277.3,346.49,554.6,0.0,,,0,0,
test_q4_2024,2024-11-04,841,LOJA 841,15496,TAMIFLU 75MG CAPS C/10,30697,C,3,1,2,0.84,5,2.0,0,2.0,0,,2.0,0,0.0,0.0,2.5,0.0,0.0,0.0,2.0,0,277.3,346.49,554.6,0.0,,,0,0,
test_q4_2024,2024-11-05,841,LOJA 841,15496,TAMIFLU 75MG CAPS C/10,30697,C,3,1,2,0.84,5,2.0,0,2.0,0,,2.0,0,0.0,0.0,2.5,0.0,0.0,0.0,2.0,0,277.3,346.49,554.6,0.0,,,0,0,
test_q4_2024,2024-11-06,841,LOJA 841,15496,TAMIFLU 75MG CAPS C/10,30697,C,3,1,2,0.84,5,2.0,0,2.0,0,,2.0,0,0.0,0.0,2.5,0.0,0.0,0.0,2.0,0,277.3,346.49,554.6,0.0,,,0,0,
test_q4_2024,2024-11-07,841,LOJA 841,15496,TAMIFLU 75MG CAPS C/10,30697,C,3,1,2,0.84,5,2.0,0,2.0,0,,2.0,0,0.0,0.0,2.5,0.0,0.0,0.0,2.0,0,277.3,346.49,554.6,0.0,,,0,0,
test_q4_2024,2024-11-08,841,LOJA 841,15496,TAMIFLU 75MG CAPS C/10,30697,C,3,1,2,0.84,5,2.0,0,2.0,0,,2.0,0,0.0,0.0,2.5,0.0,0.0,0.0,2.0,0,277.3,346.49,554.6,0.0,,,0,0,
test_q4_2024,2024-11-09,841,LOJA 841,15496,TAMIFLU 75MG CAPS C/10,30697,C,3,1,2,0.84,5,2.0,0,2.0,0,,2.0,0,0.0,0.0,2.5,0.0,0.0,0.0,2.0,0,277.3,346.49,554.6,0.0,,,0,0,
test_q4_2024,2024-11-10,841,LOJA 841,15496,TAMIFLU 75MG CAPS C/10,30697,C,3,1,2,0.84,5,2.0,0,2.0,0,,2.0,0,0.0,0.0,2.5,0.0,0.0,0.0,2.0,0,277.3,346.49,554.6,0.0,,,0,0,
test_q4_2024,2024-11-11,841,LOJA 841,15496,TAMIFLU 75MG CAPS C/10,30697,C,3,1,2,0.84,5,2.0,0,2.0,0,,2.0,0,0.0,0.0,2.5,0.0,0.0,0.0,2.0,0,277.3,346.49,554.6,0.0,,,0,0,
test_q4_2024,2024-11-12,841,LOJA 841,15496,TAMIFLU 75MG CAPS C/10,30697,C,3,1,2,0.84,5,2.0,0,2.0,0,,2.0,0,0.0,0.0,2.5,0.0,0.0,0.0,2.0,0,277.3,346.49,554.6,0.0,,,0,0,
test_q4_2024,2024-11-13,841,LOJA 841,15496,TAMIFLU 75MG CAPS C/10,30697,C,3,1,2,0.84,5,2.0,0,2.0,0,,2.0,0,0.0,0.0,2.5,0.0,0.0,0.0,2.0,0,277.3,346.49,554.6,0.0,,,0,0,
test_q4_2024,2024-11-14,841,LOJA 841,15496,TAMIFLU 75MG CAPS C/10,30697,C,3,1,2,0.84,5,2.0,0,2.0,0,,2.0,0,0.0,0.0,2.5,0.0,0.0,0.0,2.0,0,277.3,346.49,554.6,0.0,,,0,0,
test_q4_2024,2024-11-15,841,LOJA 841,15496,TAMIFLU 75MG CAPS C/10,30697,C,3,1,2,0.84,5,2.0,0,2.0,0,,2.0,0,0.0,0.0,2.5,0.0,0.0,0.0,2.0,0,277.3,346.49,554.6,0.0,,,0,0,
test_q4_2024,2024-11-16,841,LOJA 841,15496,TAMIFLU 75MG CAPS C/10,30697,C,3,1,2,0.84,5,2.0,0,2.0,0,,2.0,0,0.0,0.0,2.5,0.0,0.0,0.0,2.0,0,277.3,346.49,554.6,0.0,,,0,0,
test_q4_2024,2024-11-17,841,LOJA 841,15496,TAMIFLU 75MG CAPS C/10,30697,C,3,1,2,0.84,5,2.0,0,2.0,0,,2.0,0,0.0,0.0,2.5,0.0,0.0,0.0,2.0,0,277.3,346.49,554.6,0.0,,,0,0,
test_q4_2024,2024-11-18,841,LOJA 841,15496,TAMIFLU 75MG CAPS C/10,30697,C,3,1,2,0.84,5,2.0,0,2.0,0,,2.0,0,0.0,0.0,2.5,0.0,0.0,0.0,2.0,0,277.3,346.49,554.6,0.0,,,0,0,
test_q4_2024,2024-11-19,841,LOJA 841,15496,TAMIFLU 75MG CAPS C/10,30697,C,3,1,2,0.84,5,2.0,0,2.0,0,,2.0,0,0.0,0.0,2.5,0.0,0.0,0.0,2.0,0,277.3,346.49,554.6,0.0,,,0,0,
test_q4_2024,2024-11-20,841,LOJA 841,15496,TAMIFLU 75MG CAPS C/10,30697,C,3,1,2,0.84,5,2.0,0,2.0,0,,2.0,0,0.0,0.0,2.5,0.0,0.0,0.0,2.0,0,277.3,346.49,554.6,0.0,,,0,0,
test_q4_2024,2024-11-21,841,LOJA 841,15496,TAMIFLU 75MG CAPS C/10,30697,C,3,1,2,0.84,5,2.0,0,2.0,0,,2.0,0,0.0,0.0,2.5,0.0,0.0,0.0,2.0,0,277.3,346.49,554.6,0.0,,,0,0,
test_q4_2024,2024-11-22,841,LOJA 841,15496,TAMIFLU 75MG CAPS C/10,30697,C,3,1,2,0.84,5,2.0,0,2.0,0,,2.0,0,0.0,0.0,2.5,0.0,0.0,0.0,2.0,0,277.3,346.49,554.6,0.0,,,0,0,
test_q4_2024,2024-11-23,841,LOJA 841,15496,TAMIFLU 75MG CAPS C/10,30697,C,3,1,2,0.84,5,2.0,0,2.0,0,,2.0,0,0.0,0.0,2.5,0.0,0.0,0.0,2.0,0,277.3,346.49,554.6,0.0,,,0,0,
test_q4_2024,2024-11-24,841,LOJA 841,15496,TAMIFLU 75MG CAPS C/10,30697,C,3,1,2,0.84,5,2.0,0,2.0,0,,2.0,0,0.0,0.0,2.5,0.0,0.0,0.0,2.0,0,277.3,346.49,554.6,0.0,,,0,0,
test_q4_2024,2024-11-25,841,LOJA 841,15496,TAMIFLU 75MG CAPS C/10,30697,C,3,1,2,0.84,5,2.0,0,2.0,0,,2.0,0,0.0,0.0,2.5,0.0,0.0,0.0,2.0,0,277.3,346.49,554.6,0.0,,,0,0,
test_q4_2024,2024-11-26,841,LOJA 841,15496,TAMIFLU 75MG CAPS C/10,30697,C,3,1,2,0.84,5,2.0,0,2.0,0,,2.0,0,0.0,0.0,2.5,0.0,0.0,0.0,2.0,0,277.3,346.49,554.6,0.0,,,0,0,
test_q4_2024,2024-11-27,841,LOJA 841,15496,TAMIFLU 75MG CAPS C/10,30697,C,3,1,2,0.84,5,2.0,0,2.0,0,,2.0,0,0.0,0.0,2.5,0.0,0.0,0.0,2.0,0,277.3,346.49,554.6,0.0,,,0,0,
test_q4_2024,2024-11-28,841,LOJA 841,15496,TAMIFLU 75MG CAPS C/10,30697,C,3,1,2,0.84,5,2.0,0,2.0,0,,2.0,0,0.0,0.0,2.5,0.0,0.0,0.0,2.0,0,277.3,346.49,554.6,0.0,,,0,0,
test_q4_2024,2024-11-29,841,LOJA 841,15496,TAMIFLU 75MG CAPS C/10,30697,C,3,1,2,0.84,5,2.0,0,2.0,0,,2.0,0,0.0,0.0,2.5,0.0,0.0,0.0,2.0,0,277.3,346.49,554.6,0.0,,,0,0,
test_q4_2024,2024-11-30,841,LOJA 841,15496,TAMIFLU 75MG CAPS C/10,30697,C,3,1,2,0.84,5,2.0,0,2.0,0,,2.0,0,0.0,0.0,2.5,0.0,0.0,0.0,2.0,0,277.3,346.49,554.6,0.0,,,0,0,
test_q4_2024,2024-12-01,841,LOJA 841,15496,TAMIFLU 75MG CAPS C/10,30697,C,3,1,2,0.84,5,2.0,0,2.0,0,,2.0,0,0.0,0.0,2.5,0.0,0.0,0.0,2.0,0,277.3,346.49,554.6,0.0,,,0,0,
test_q4_2024,2024-12-02,841,LOJA 841,15496,TAMIFLU 75MG CAPS C/10,30697,C,3,1,2,0.84,5,2.0,0,2.0,0,,2.0,0,0.0,0.0,2.5,0.0,0.0,0.0,2.0,0,277.3,346.49,554.6,0.0,,,0,0,
test_q4_2024,2024-12-03,841,LOJA 841,15496,TAMIFLU 75MG CAPS C/10,30697,C,3,1,2,0.84,5,2.0,0,2.0,0,,2.0,0,0.0,0.0,2.5,0.0,0.0,0.0,2.0,0,277.3,346.49,554.6,0.0,,,0,0,
test_q4_2024,2024-12-04,841,LOJA 841,15496,TAMIFLU 75MG CAPS C/10,30697,C,3,1,2,0.84,5,2.0,0,2.0,0,,2.0,0,0.0,0.0,2.5,0.0,0.0,0.0,2.0,0,277.3,346.49,554.6,0.0,,,0,0,
test_q4_2024,2024-12-05,841,LOJA 841,15496,TAMIFLU 75MG CAPS C/10,30697,C,3,1,2,0.84,5,2.0,0,2.0,0,,2.0,0,0.0,0.0,2.5,0.0,0.0,0.0,2.0,0,277.3,346.49,554.6,0.0,,,0,0,
test_q4_2024,2024-12-06,841,LOJA 841,15496,TAMIFLU 75MG CAPS C/10,30697,C,3,1,2,0.84,5,2.0,0,2.0,0,,2.0,0,0.0,0.0,2.5,0.0,0.0,0.0,2.0,0,277.3,346.49,554.6,0.0,,,0,0,
test_q4_2024,2024-12-07,841,LOJA 841,15496,TAMIFLU 75MG CAPS C/10,30697,C,3,1,2,0.84,5,2.0,0,2.0,0,,2.0,0,0.0,0.0,2.5,0.0,0.0,0.0,2.0,0,277.3,346.49,554.6,0.0,,,0,0,
test_q4_2024,2024-12-08,841,LOJA 841,15496,TAMIFLU 75MG CAPS C/10,30697,C,3,1,2,0.84,5,2.0,0,2.0,0,,2.0,0,0.0,0.0,2.5,0.0,0.0,0.0,2.0,0,277.3,346.49,554.6,0.0,,,0,0,
test_q4_2024,2024-12-09,841,LOJA 841,15496,TAMIFLU 75MG CAPS C/10,30697,C,3,1,2,0.84,5,2.0,0,2.0,0,,2.0,0,0.0,0.0,2.5,0.0,0.0,0.0,2.0,0,277.3,346.49,554.6,0.0,,,0,0,
test_q4_2024,2024-12-10,841,LOJA 841,15496,TAMIFLU 75MG CAPS C/10,30697,C,3,1,2,0.84,5,2.0,0,2.0,0,,2.0,0,0.0,0.0,2.5,0.0,0.0,0.0,2.0,0,277.3,346.49,554.6,0.0,,,0,0,
test_q4_2024,2024-12-11,841,LOJA 841,15496,TAMIFLU 75MG CAPS C/10,30697,C,3,1,2,0.84,5,2.0,0,2.0,0,,2.0,0,0.0,0.0,2.5,0.0,0.0,0.0,2.0,0,277.3,346.49,554.6,0.0,,,0,0,
test_q4_2024,2024-12-12,841,LOJA 841,15496,TAMIFLU 75MG CAPS C/10,30697,C,3,1,2,0.84,5,2.0,0,2.0,0,,2.0,0,0.0,0.0,2.5,0.0,0.0,0.0,2.0,0,277.3,346.49,554.6,0.0,,,0,0,
test_q4_2024,2024-12-13,841,LOJA 841,15496,TAMIFLU 75MG CAPS C/10,30697,C,3,1,2,0.84,5,2.0,0,2.0,0,,2.0,0,0.0,0.0,2.5,0.0,0.0,0.0,2.0,0,277.3,346.49,554.6,0.0,,,0,0,
test_q4_2024,2024-12-14,841,LOJA 841,15496,TAMIFLU 75MG CAPS C/10,30697,C,3,1,2,0.84,5,2.0,0,2.0,0,,2.0,0,0.0,0.0,2.5,0.0,0.0,0.0,2.0,0,277.3,346.49,554.6,0.0,,,0,0,
test_q4_2024,2024-12-15,841,LOJA 841,15496,TAMIFLU 75MG CAPS C/10,30697,C,3,1,2,0.84,5,2.0,0,2.0,0,,2.0,0,0.0,0.0,2.5,0.0,0.0,0.0,2.0,0,277.3,346.49,554.6,0.0,,,0,0,
test_q4_2024,2024-12-16,841,LOJA 841,15496,TAMIFLU 75MG CAPS C/10,30697,C,3,1,2,0.84,5,2.0,0,2.0,0,,2.0,0,0.0,0.0,2.5,0.0,0.0,0.0,2.0,0,277.3,346.49,554.6,0.0,,,0,0,
test_q4_2024,2024-12-17,841,LOJA 841,15496,TAMIFLU 75MG CAPS C/10,30697,C,3,1,2,0.84,5,2.0,0,2.0,0,,2.0,0,0.0,0.0,2.5,0.0,0.0,0.0,2.0,0,277.3,346.49,554.6,0.0,,,0,0,
test_q4_2024,2024-12-18,841,LOJA 841,15496,TAMIFLU 75MG CAPS C/10,30697,C,3,1,2,0.84,5,2.0,0,2.0,0,,2.0,0,0.0,0.0,2.5,0.0,0.0,0.0,2.0,0,277.3,346.49,554.6,0.0,,,0,0,
test_q4_2024,2024-12-19,841,LOJA 841,15496,TAMIFLU 75MG CAPS C/10,30697,C,3,1,2,0.84,5,2.0,0,2.0,0,,2.0,0,0.0,0.0,2.5,0.0,0.0,0.0,2.0,0,277.3,346.49,554.6,0.0,,,0,0,
test_q4_2024,2024-12-20,841,LOJA 841,15496,TAMIFLU 75MG CAPS C/10,30697,C,3,1,2,0.84,5,2.0,0,2.0,0,,2.0,0,0.0,0.0,2.5,0.0,0.0,0.0,2.0,0,277.3,346.49,554.6,0.0,,,0,0,
test_q4_2024,2024-12-21,841,LOJA 841,15496,TAMIFLU 75MG CAPS C/10,30697,C,3,1,2,0.84,5,2.0,0,2.0,0,,2.0,0,0.0,0.0,2.5,0.0,0.0,0.0,2.0,0,277.3,346.49,554.6,0.0,,,0,0,
test_q4_2024,2024-12-22,841,LOJA 841,15496,TAMIFLU 75MG CAPS C/10,30697,C,3,1,2,0.84,5,2.0,0,2.0,0,,2.0,0,0.0,0.0,2.5,0.0,0.0,0.0,2.0,0,277.3,346.49,554.6,0.0,,,0,0,
test_q4_2024,2024-12-23,841,LOJA 841,15496,TAMIFLU 75MG CAPS C/10,30697,C,3,1,2,0.84,5,2.0,0,2.0,0,,2.0,0,0.0,0.0,2.5,0.0,0.0,0.0,2.0,0,277.3,346.49,554.6,0.0,,,0,0,
test_q4_2024,2024-12-24,841,LOJA 841,15496,TAMIFLU 75MG CAPS C/10,30697,C,3,1,2,0.84,5,2.0,0,2.0,0,,2.0,0,0.0,0.0,2.5,0.0,0.0,0.0,2.0,0,277.3,346.49,554.6,0.0,,,0,0,
test_q4_2024,2024-12-25,841,LOJA 841,15496,TAMIFLU 75MG CAPS C/10,30697,C,3,1,2,0.84,5,2.0,0,2.0,0,,2.0,0,0.0,0.0,2.5,0.0,0.0,0.0,2.0,0,277.3,346.49,554.6,0.0,,,0,0,
test_q4_2024,2024-12-26,841,LOJA 841,15496,TAMIFLU 75MG CAPS C/10,30697,C,3,1,2,0.84,5,2.0,0,2.0,0,,2.0,0,0.0,0.0,2.5,0.0,0.0,0.0,2.0,0,277.3,346.49,554.6,0.0,,,0,0,
test_q4_2024,2024-12-27,841,LOJA 841,15496,TAMIFLU 75MG CAPS C/10,30697,C,3,1,2,0.84,5,2.0,0,2.0,0,,2.0,0,0.0,0.0,2.5,0.0,0.0,0.0,2.0,0,277.3,346.49,554.6,0.0,,,0,0,
test_q4_2024,2024-12-28,841,LOJA 841,15496,TAMIFLU 75MG CAPS C/10,30697,C,3,1,2,0.84,5,2.0,0,2.0,0,,2.0,0,0.0,0.0,2.5,0.0,0.0,0.0,2.0,0,277.3,346.49,554.6,0.0,,,0,0,
test_q4_2024,2024-12-29,841,LOJA 841,15496,TAMIFLU 75MG CAPS C/10,30697,C,3,1,2,0.84,5,2.0,0,2.0,0,,2.0,0,0.0,0.0,2.5,0.0,0.0,0.0,2.0,0,277.3,346.49,554.6,0.0,,,0,0,
test_q4_2024,2024-12-30,841,LOJA 841,15496,TAMIFLU 75MG CAPS C/10,30697,C,3,1,2,0.84,5,2.0,0,2.0,0,,2.0,0,0.0,0.0,2.5,0.0,0.0,0.0,2.0,0,277.3,346.49,554.6,0.0,,,0,0,
test_q4_2024,2024-12-31,841,LOJA 841,15496,TAMIFLU 75MG CAPS C/10,30697,C,3,1,2,0.84,5,2.0,0,2.0,0,,2.0,0,0.0,0.0,2.5,0.0,0.0,0.0,2.0,0,277.3,346.49,554.6,0.0,,,0,0,
test_q4_2024,2024-10-01,841,LOJA 841,15589,ANTUX XAROPE 120ML,334,B,3,3,6,0.84,5,6.0,0,6.0,0,,6.0,0,0.1094,0.2575,2.5,0.0,0.0,0.0,6.0,0,35.77,46.99,214.62,0.0,4.0,143.08,0,0,
test_q4_2024,2024-10-02,841,LOJA 841,15589,ANTUX XAROPE 120ML,334,B,3,3,6,0.84,5,6.0,0,6.0,0,,6.0,0,0.1532,0.2575,2.5,1.0,1.0,0.0,5.0,0,35.77,46.99,178.85,0.0,5.0,178.85000000000002,0,0,
test_q4_2024,2024-10-03,841,LOJA 841,15589,ANTUX XAROPE 120ML,334,B,3,3,6,0.84,5,5.0,0,5.0,0,,5.0,0,0.1532,0.2575,2.5,1.0,1.0,0.0,4.0,0,35.77,46.99,143.08,0.0,4.0,143.08,0,0,
test_q4_2024,2024-10-04,841,LOJA 841,15589,ANTUX XAROPE 120ML,334,B,3,3,6,0.84,5,4.0,0,4.0,0,,4.0,0,0.1094,0.2575,2.5,0.0,0.0,0.0,4.0,0,35.77,46.99,143.08,0.0,3.0,107.31,0,0,
test_q4_2024,2024-10-05,841,LOJA 841,15589,ANTUX XAROPE 120ML,334,B,3,3,6,0.84,5,4.0,0,4.0,0,,4.0,0,0.0561,0.2575,2.5,0.0,0.0,0.0,4.0,0,35.77,46.99,143.08,0.0,3.0,107.31,0,0,
test_q4_2024,2024-10-06,841,LOJA 841,15589,ANTUX XAROPE 120ML,334,B,3,3,6,0.84,5,4.0,0,4.0,0,,4.0,0,0.1436,0.2575,2.5,0.0,0.0,0.0,4.0,0,35.77,46.99,143.08,0.0,,,0,0,
test_q4_2024,2024-10-07,841,LOJA 841,15589,ANTUX XAROPE 120ML,334,B,3,3,6,0.84,5,4.0,0,4.0,0,,4.0,0,0.0961,0.2575,2.5,0.0,0.0,0.0,4.0,0,35.77,46.99,143.08,0.0,4.0,143.08,0,0,
test_q4_2024,2024-10-08,841,LOJA 841,15589,ANTUX XAROPE 120ML,334,B,3,3,6,0.84,5,4.0,0,4.0,0,,4.0,0,0.0961,0.2575,2.5,0.0,0.0,0.0,4.0,0,35.77,46.99,143.08,0.0,4.0,143.08,0,0,
test_q4_2024,2024-10-09,841,LOJA 841,15589,ANTUX XAROPE 120ML,334,B,3,3,6,0.84,5,4.0,0,4.0,0,,4.0,0,0.1798,0.2575,2.5,0.0,0.0,0.0,4.0,0,35.77,46.99,143.08,0.0,4.0,143.08,0,0,
test_q4_2024,2024-10-10,841,LOJA 841,15589,ANTUX XAROPE 120ML,334,B,3,3,6,0.84,5,4.0,0,4.0,0,,4.0,0,0.1798,0.2575,2.5,0.0,0.0,0.0,4.0,0,35.77,46.99,143.08,0.0,4.0,143.08,0,0,
test_q4_2024,2024-10-11,841,LOJA 841,15589,ANTUX XAROPE 120ML,334,B,3,3,6,0.84,5,4.0,0,4.0,0,,4.0,0,0.1361,0.2575,2.5,0.0,0.0,0.0,4.0,0,35.77,46.99,143.08,0.0,4.0,143.08,0,0,
test_q4_2024,2024-10-12,841,LOJA 841,15589,ANTUX XAROPE 120ML,334,B,3,3,6,0.84,5,4.0,0,4.0,0,,4.0,0,0.1361,0.2575,2.5,0.0,0.0,0.0,4.0,0,35.77,46.99,143.08,0.0,4.0,143.08,0,0,
test_q4_2024,2024-10-13,841,LOJA 841,15589,ANTUX XAROPE 120ML,334,B,3,3,6,0.84,5,4.0,0,4.0,0,,4.0,0,0.1836,0.2575,2.5,0.0,0.0,0.0,4.0,0,35.77,46.99,143.08,0.0,,,0,0,
test_q4_2024,2024-10-14,841,LOJA 841,15589,ANTUX XAROPE 120ML,334,B,3,3,6,0.84,5,4.0,0,4.0,0,,4.0,0,0.0961,0.2575,2.5,0.0,0.0,0.0,4.0,0,35.77,46.99,143.08,0.0,4.0,143.08,0,0,
test_q4_2024,2024-10-15,841,LOJA 841,15589,ANTUX XAROPE 120ML,334,B,3,3,6,0.84,5,4.0,0,4.0,0,,4.0,0,0.0961,0.2575,2.5,1.0,1.0,0.0,3.0,0,35.77,46.99,107.31,0.0,4.0,143.08,0,0,
test_q4_2024,2024-10-16,841,LOJA 841,15589,ANTUX XAROPE 120ML,334,B,3,3,6,0.84,5,3.0,0,3.0,3,2024-10-19,6.0,3,0.1398,0.2575,2.5,1.0,1.0,0.0,2.0,0,35.77,46.99,71.54,26.08,3.0,107.31,0,0,
test_q4_2024,2024-10-17,841,LOJA 841,15589,ANTUX XAROPE 120ML,334,B,3,3,6,0.84,5,2.0,0,5.0,0,,5.0,3,0.1398,0.2575,2.5,0.0,0.0,0.0,2.0,0,35.77,46.99,71.54,0.0,2.0,71.54,0,0,
test_q4_2024,2024-10-18,841,LOJA 841,15589,ANTUX XAROPE 120ML,334,B,3,3,6,0.84,5,2.0,0,5.0,0,,5.0,3,0.0961,0.2575,2.5,0.0,0.0,0.0,2.0,0,35.77,46.99,71.54,0.0,2.0,71.54,0,0,
test_q4_2024,2024-10-19,841,LOJA 841,15589,ANTUX XAROPE 120ML,334,B,3,3,6,0.84,5,5.0,3,5.0,0,,5.0,0,0.1361,0.2575,2.5,0.0,0.0,0.0,5.0,0,35.77,46.99,178.85,0.0,2.0,71.54,0,0,
test_q4_2024,2024-10-20,841,LOJA 841,15589,ANTUX XAROPE 120ML,334,B,3,3,6,0.84,5,5.0,0,5.0,0,,5.0,0,0.2236,0.2575,2.5,0.0,0.0,0.0,5.0,0,35.77,46.99,178.85,0.0,,,0,0,
test_q4_2024,2024-10-21,841,LOJA 841,15589,ANTUX XAROPE 120ML,334,B,3,3,6,0.84,5,5.0,0,5.0,0,,5.0,0,0.1361,0.2575,2.5,0.0,0.0,0.0,5.0,0,35.77,46.99,178.85,0.0,3.0,107.31,0,0,
test_q4_2024,2024-10-22,841,LOJA 841,15589,ANTUX XAROPE 120ML,334,B,3,3,6,0.84,5,5.0,0,5.0,0,,5.0,0,0.0961,0.2575,2.5,0.0,0.0,0.0,5.0,0,35.77,46.99,178.85,0.0,3.0,107.31,0,0,
test_q4_2024,2024-10-23,841,LOJA 841,15589,ANTUX XAROPE 120ML,334,B,3,3,6,0.84,5,5.0,0,5.0,0,,5.0,0,0.1398,0.2575,2.5,0.0,0.0,0.0,5.0,0,35.77,46.99,178.85,0.0,3.0,107.31,0,0,
test_q4_2024,2024-10-24,841,LOJA 841,15589,ANTUX XAROPE 120ML,334,B,3,3,6,0.84,5,5.0,0,5.0,0,,5.0,0,0.0998,0.2575,2.5,0.0,0.0,0.0,5.0,0,35.77,46.99,178.85,0.0,4.0,143.08,0,0,
test_q4_2024,2024-10-25,841,LOJA 841,15589,ANTUX XAROPE 120ML,334,B,3,3,6,0.84,5,5.0,0,5.0,0,,5.0,0,0.0561,0.2575,2.5,1.0,1.0,0.0,4.0,0,35.77,46.99,143.08,0.0,4.0,143.08,0,0,
test_q4_2024,2024-10-26,841,LOJA 841,15589,ANTUX XAROPE 120ML,334,B,3,3,6,0.84,5,4.0,0,4.0,0,,4.0,0,0.0561,0.2575,2.5,0.0,0.0,0.0,4.0,0,35.77,46.99,143.08,0.0,3.0,107.31,0,0,
test_q4_2024,2024-10-27,841,LOJA 841,15589,ANTUX XAROPE 120ML,334,B,3,3,6,0.84,5,4.0,0,4.0,0,,4.0,0,0.1436,0.2575,2.5,0.0,0.0,0.0,4.0,0,35.77,46.99,143.08,0.0,,,0,0,
test_q4_2024,2024-10-28,841,LOJA 841,15589,ANTUX XAROPE 120ML,334,B,3,3,6,0.84,5,4.0,0,4.0,0,,4.0,0,0.0561,0.2575,2.5,0.0,0.0,0.0,4.0,0,35.77,46.99,143.08,0.0,3.0,107.31,0,0,
test_q4_2024,2024-10-29,841,LOJA 841,15589,ANTUX XAROPE 120ML,334,B,3,3,6,0.84,5,4.0,0,4.0,0,,4.0,0,0.0561,0.2575,2.5,0.0,0.0,0.0,4.0,0,35.77,46.99,143.08,0.0,3.0,107.31,0,0,
test_q4_2024,2024-10-30,841,LOJA 841,15589,ANTUX XAROPE 120ML,334,B,3,3,6,0.84,5,4.0,0,4.0,0,,4.0,0,0.0998,0.2575,2.5,0.0,0.0,0.0,4.0,0,35.77,46.99,143.08,0.0,3.0,107.31,0,0,
test_q4_2024,2024-10-31,841,LOJA 841,15589,ANTUX XAROPE 120ML,334,B,3,3,6,0.84,5,4.0,0,4.0,0,,4.0,0,0.0998,0.2575,2.5,0.0,0.0,0.0,4.0,0,35.77,46.99,143.08,0.0,4.0,143.08,0,0,
test_q4_2024,2024-11-01,841,LOJA 841,15589,ANTUX XAROPE 120ML,334,B,3,3,6,0.84,5,4.0,0,4.0,0,,4.0,0,0.0561,0.2575,2.5,0.0,0.0,0.0,4.0,0,35.77,46.99,143.08,0.0,4.0,143.08,0,0,
test_q4_2024,2024-11-02,841,LOJA 841,15589,ANTUX XAROPE 120ML,334,B,3,3,6,0.84,5,4.0,0,4.0,0,,4.0,0,0.0561,0.2575,2.5,0.0,0.0,0.0,4.0,0,35.77,46.99,143.08,0.0,4.0,143.08,0,0,
test_q4_2024,2024-11-03,841,LOJA 841,15589,ANTUX XAROPE 120ML,334,B,3,3,6,0.84,5,4.0,0,4.0,0,,4.0,0,0.1036,0.2575,2.5,1.0,1.0,0.0,3.0,0,35.77,46.99,107.31,0.0,,,0,0,
test_q4_2024,2024-11-04,841,LOJA 841,15589,ANTUX XAROPE 120ML,334,B,3,3,6,0.84,5,3.0,0,3.0,3,2024-11-07,6.0,3,0.0161,0.2575,2.5,0.0,0.0,0.0,3.0,0,35.77,46.99,107.31,26.08,3.0,107.31,0,0,
test_q4_2024,2024-11-05,841,LOJA 841,15589,ANTUX XAROPE 120ML,334,B,3,3,6,0.84,5,3.0,0,6.0,0,,6.0,3,0.0161,0.2575,2.5,0.0,0.0,0.0,3.0,0,35.77,46.99,107.31,0.0,3.0,107.31,0,0,
test_q4_2024,2024-11-06,841,LOJA 841,15589,ANTUX XAROPE 120ML,334,B,3,3,6,0.84,5,3.0,0,6.0,0,,6.0,3,0.0598,0.2575,2.5,0.0,0.0,0.0,3.0,0,35.77,46.99,107.31,0.0,4.0,143.08,0,0,
test_q4_2024,2024-11-07,841,LOJA 841,15589,ANTUX XAROPE 120ML,334,B,3,3,6,0.84,5,6.0,3,6.0,0,,6.0,0,0.0598,0.2575,2.5,0.0,0.0,0.0,6.0,0,35.77,46.99,214.62,0.0,4.0,143.08,0,0,
test_q4_2024,2024-11-08,841,LOJA 841,15589,ANTUX XAROPE 120ML,334,B,3,3,6,0.84,5,6.0,0,6.0,0,,6.0,0,0.0294,0.2575,2.5,0.0,0.0,0.0,6.0,0,35.77,46.99,214.62,0.0,4.0,143.08,0,0,
test_q4_2024,2024-11-09,841,LOJA 841,15589,ANTUX XAROPE 120ML,334,B,3,3,6,0.84,5,6.0,0,6.0,0,,6.0,0,0.0294,0.2575,2.5,0.0,0.0,0.0,6.0,0,35.77,46.99,214.62,0.0,4.0,143.08,0,0,
test_q4_2024,2024-11-10,841,LOJA 841,15589,ANTUX XAROPE 120ML,334,B,3,3,6,0.84,5,6.0,0,6.0,0,,6.0,0,0.1169,0.2575,2.5,0.0,0.0,0.0,6.0,0,35.77,46.99,214.62,0.0,,,0,0,
test_q4_2024,2024-11-11,841,LOJA 841,15589,ANTUX XAROPE 120ML,334,B,3,3,6,0.84,5,6.0,0,6.0,0,,6.0,0,0.0294,0.2575,2.5,0.0,0.0,0.0,6.0,0,35.77,46.99,214.62,0.0,4.0,143.08,0,0,
test_q4_2024,2024-11-12,841,LOJA 841,15589,ANTUX XAROPE 120ML,334,B,3,3,6,0.84,5,6.0,0,6.0,0,,6.0,0,0.0294,0.2575,2.5,0.0,0.0,0.0,6.0,0,35.77,46.99,214.62,0.0,4.0,143.08,0,0,
test_q4_2024,2024-11-13,841,LOJA 841,15589,ANTUX XAROPE 120ML,334,B,3,3,6,0.84,5,6.0,0,6.0,0,,6.0,0,0.0732,0.2575,2.5,0.0,0.0,0.0,6.0,0,35.77,46.99,214.62,0.0,4.0,143.08,0,0,
test_q4_2024,2024-11-14,841,LOJA 841,15589,ANTUX XAROPE 120ML,334,B,3,3,6,0.84,5,6.0,0,6.0,0,,6.0,0,0.0732,0.2575,2.5,0.0,0.0,0.0,6.0,0,35.77,46.99,214.62,0.0,4.0,143.08,0,0,
test_q4_2024,2024-11-15,841,LOJA 841,15589,ANTUX XAROPE 120ML,334,B,3,3,6,0.84,5,6.0,0,6.0,0,,6.0,0,0.0294,0.2575,2.5,0.0,0.0,0.0,6.0,0,35.77,46.99,214.62,0.0,4.0,143.08,0,0,
test_q4_2024,2024-11-16,841,LOJA 841,15589,ANTUX XAROPE 120ML,334,B,3,3,6,0.84,5,6.0,0,6.0,0,,6.0,0,0.0294,0.2575,2.5,0.0,0.0,0.0,6.0,0,35.77,46.99,214.62,0.0,4.0,143.08,0,0,
test_q4_2024,2024-11-17,841,LOJA 841,15589,ANTUX XAROPE 120ML,334,B,3,3,6,0.84,5,6.0,0,6.0,0,,6.0,0,0.1169,0.2575,2.5,0.0,0.0,0.0,6.0,0,35.77,46.99,214.62,0.0,,,0,0,
test_q4_2024,2024-11-18,841,LOJA 841,15589,ANTUX XAROPE 120ML,334,B,3,3,6,0.84,5,6.0,0,6.0,0,,6.0,0,0.0294,0.2575,2.5,0.0,0.0,0.0,6.0,0,35.77,46.99,214.62,0.0,4.0,143.08,0,0,
test_q4_2024,2024-11-19,841,LOJA 841,15589,ANTUX XAROPE 120ML,334,B,3,3,6,0.84,5,6.0,0,6.0,0,,6.0,0,0.0294,0.2575,2.5,0.0,0.0,0.0,6.0,0,35.77,46.99,214.62,0.0,4.0,143.08,0,0,
test_q4_2024,2024-11-20,841,LOJA 841,15589,ANTUX XAROPE 120ML,334,B,3,3,6,0.84,5,6.0,0,6.0,0,,6.0,0,0.0732,0.2575,2.5,0.0,0.0,0.0,6.0,0,35.77,46.99,214.62,0.0,4.0,143.08,0,0,
test_q4_2024,2024-11-21,841,LOJA 841,15589,ANTUX XAROPE 120ML,334,B,3,3,6,0.84,5,6.0,0,6.0,0,,6.0,0,0.0732,0.2575,2.5,0.0,0.0,0.0,6.0,0,35.77,46.99,214.62,0.0,4.0,143.08,0,0,
test_q4_2024,2024-11-22,841,LOJA 841,15589,ANTUX XAROPE 120ML,334,B,3,3,6,0.84,5,6.0,0,6.0,0,,6.0,0,0.0294,0.2575,2.5,0.0,0.0,0.0,6.0,0,35.77,46.99,214.62,0.0,4.0,143.08,0,0,
test_q4_2024,2024-11-23,841,LOJA 841,15589,ANTUX XAROPE 120ML,334,B,3,3,6,0.84,5,6.0,0,6.0,0,,6.0,0,0.0161,0.2575,2.5,0.0,0.0,0.0,6.0,0,35.77,46.99,214.62,0.0,4.0,143.08,0,0,
test_q4_2024,2024-11-24,841,LOJA 841,15589,ANTUX XAROPE 120ML,334,B,3,3,6,0.84,5,6.0,0,6.0,0,,6.0,0,0.1036,0.2575,2.5,0.0,0.0,0.0,6.0,0,35.77,46.99,214.62,0.0,,,0,0,
test_q4_2024,2024-11-25,841,LOJA 841,15589,ANTUX XAROPE 120ML,334,B,3,3,6,0.84,5,6.0,0,6.0,0,,6.0,0,0.0161,0.2575,2.5,0.0,0.0,0.0,6.0,0,35.77,46.99,214.62,0.0,4.0,143.08,0,0,
test_q4_2024,2024-11-26,841,LOJA 841,15589,ANTUX XAROPE 120ML,334,B,3,3,6,0.84,5,6.0,0,6.0,0,,6.0,0,0.0161,0.2575,2.5,0.0,0.0,0.0,6.0,0,35.77,46.99,214.62,0.0,4.0,143.08,0,0,
test_q4_2024,2024-11-27,841,LOJA 841,15589,ANTUX XAROPE 120ML,334,B,3,3,6,0.84,5,6.0,0,6.0,0,,6.0,0,0.0732,0.2575,2.5,0.0,0.0,0.0,6.0,0,35.77,46.99,214.62,0.0,4.0,143.08,0,0,
test_q4_2024,2024-11-28,841,LOJA 841,15589,ANTUX XAROPE 120ML,334,B,3,3,6,0.84,5,6.0,0,6.0,0,,6.0,0,0.0732,0.2575,2.5,0.0,0.0,0.0,6.0,0,35.77,46.99,214.62,0.0,4.0,143.08,0,0,
test_q4_2024,2024-11-29,841,LOJA 841,15589,ANTUX XAROPE 120ML,334,B,3,3,6,0.84,5,6.0,0,6.0,0,,6.0,0,0.0294,0.2575,2.5,0.0,0.0,0.0,6.0,0,35.77,46.99,214.62,0.0,4.0,143.08,0,0,
test_q4_2024,2024-11-30,841,LOJA 841,15589,ANTUX XAROPE 120ML,334,B,3,3,6,0.84,5,6.0,0,6.0,0,,6.0,0,0.0294,0.2575,2.5,0.0,0.0,0.0,6.0,0,35.77,46.99,214.62,0.0,4.0,143.08,0,0,
test_q4_2024,2024-12-01,841,LOJA 841,15589,ANTUX XAROPE 120ML,334,B,3,3,6,0.84,5,6.0,0,6.0,0,,6.0,0,0.1169,0.2575,2.5,0.0,0.0,0.0,6.0,0,35.77,46.99,214.62,0.0,,,0,0,
test_q4_2024,2024-12-02,841,LOJA 841,15589,ANTUX XAROPE 120ML,334,B,3,3,6,0.84,5,6.0,0,6.0,0,,6.0,0,0.0294,0.2575,2.5,0.0,0.0,0.0,6.0,0,35.77,46.99,214.62,0.0,4.0,143.08,0,0,
test_q4_2024,2024-12-03,841,LOJA 841,15589,ANTUX XAROPE 120ML,334,B,3,3,6,0.84,5,6.0,0,6.0,0,,6.0,0,0.0294,0.2575,2.5,0.0,0.0,0.0,6.0,0,35.77,46.99,214.62,0.0,4.0,143.08,0,0,
test_q4_2024,2024-12-04,841,LOJA 841,15589,ANTUX XAROPE 120ML,334,B,3,3,6,0.84,5,6.0,0,6.0,0,,6.0,0,0.0732,0.2575,2.5,0.0,0.0,0.0,6.0,0,35.77,46.99,214.62,0.0,4.0,143.08,0,0,
test_q4_2024,2024-12-05,841,LOJA 841,15589,ANTUX XAROPE 120ML,334,B,3,3,6,0.84,5,6.0,0,6.0,0,,6.0,0,0.0732,0.2575,2.5,0.0,0.0,0.0,6.0,0,35.77,46.99,214.62,0.0,4.0,143.08,0,0,
test_q4_2024,2024-12-06,841,LOJA 841,15589,ANTUX XAROPE 120ML,334,B,3,3,6,0.84,5,6.0,0,6.0,0,,6.0,0,0.0294,0.2575,2.5,0.0,0.0,0.0,6.0,0,35.77,46.99,214.62,0.0,4.0,143.08,0,0,
test_q4_2024,2024-12-07,841,LOJA 841,15589,ANTUX XAROPE 120ML,334,B,3,3,6,0.84,5,6.0,0,6.0,0,,6.0,0,0.0294,0.2575,2.5,0.0,0.0,0.0,6.0,0,35.77,46.99,214.62,0.0,4.0,143.08,0,0,
test_q4_2024,2024-12-08,841,LOJA 841,15589,ANTUX XAROPE 120ML,334,B,3,3,6,0.84,5,6.0,0,6.0,0,,6.0,0,0.1169,0.2575,2.5,0.0,0.0,0.0,6.0,0,35.77,46.99,214.62,0.0,,,0,0,
test_q4_2024,2024-12-09,841,LOJA 841,15589,ANTUX XAROPE 120ML,334,B,3,3,6,0.84,5,6.0,0,6.0,0,,6.0,0,0.0294,0.2575,2.5,0.0,0.0,0.0,6.0,0,35.77,46.99,214.62,0.0,4.0,143.08,0,0,
test_q4_2024,2024-12-10,841,LOJA 841,15589,ANTUX XAROPE 120ML,334,B,3,3,6,0.84,5,6.0,0,6.0,0,,6.0,0,0.0294,0.2575,2.5,0.0,0.0,0.0,6.0,0,35.77,46.99,214.62,0.0,4.0,143.08,0,0,
test_q4_2024,2024-12-11,841,LOJA 841,15589,ANTUX XAROPE 120ML,334,B,3,3,6,0.84,5,6.0,0,6.0,0,,6.0,0,0.0732,0.2575,2.5,0.0,0.0,0.0,6.0,0,35.77,46.99,214.62,0.0,4.0,143.08,0,0,
test_q4_2024,2024-12-12,841,LOJA 841,15589,ANTUX XAROPE 120ML,334,B,3,3,6,0.84,5,6.0,0,6.0,0,,6.0,0,0.0598,0.2575,2.5,0.0,0.0,0.0,6.0,0,35.77,46.99,214.62,0.0,4.0,143.08,0,0,
test_q4_2024,2024-12-13,841,LOJA 841,15589,ANTUX XAROPE 120ML,334,B,3,3,6,0.84,5,6.0,0,6.0,0,,6.0,0,0.0161,0.2575,2.5,0.0,0.0,0.0,6.0,0,35.77,46.99,214.62,0.0,4.0,143.08,0,0,
test_q4_2024,2024-12-14,841,LOJA 841,15589,ANTUX XAROPE 120ML,334,B,3,3,6,0.84,5,6.0,0,6.0,0,,6.0,0,0.0161,0.2575,2.5,0.0,0.0,0.0,6.0,0,35.77,46.99,214.62,0.0,4.0,143.08,0,0,
test_q4_2024,2024-12-15,841,LOJA 841,15589,ANTUX XAROPE 120ML,334,B,3,3,6,0.84,5,6.0,0,6.0,0,,6.0,0,0.1036,0.2575,2.5,0.0,0.0,0.0,6.0,0,35.77,46.99,214.62,0.0,,,0,0,
test_q4_2024,2024-12-16,841,LOJA 841,15589,ANTUX XAROPE 120ML,334,B,3,3,6,0.84,5,6.0,0,6.0,0,,6.0,0,0.0161,0.2575,2.5,0.0,0.0,0.0,6.0,0,35.77,46.99,214.62,0.0,4.0,143.08,0,0,
test_q4_2024,2024-12-17,841,LOJA 841,15589,ANTUX XAROPE 120ML,334,B,3,3,6,0.84,5,6.0,0,6.0,0,,6.0,0,0.0161,0.2575,2.5,1.0,1.0,0.0,5.0,0,35.77,46.99,178.85,0.0,4.0,143.08,0,0,
test_q4_2024,2024-12-18,841,LOJA 841,15589,ANTUX XAROPE 120ML,334,B,3,3,6,0.84,5,5.0,0,5.0,0,,5.0,0,0.0598,0.2575,2.5,0.0,0.0,0.0,5.0,0,35.77,46.99,178.85,0.0,3.0,107.31,0,0,
test_q4_2024,2024-12-19,841,LOJA 841,15589,ANTUX XAROPE 120ML,334,B,3,3,6,0.84,5,5.0,0,5.0,0,,5.0,0,0.0598,0.2575,2.5,0.0,0.0,0.0,5.0,0,35.77,46.99,178.85,0.0,3.0,107.31,0,0,
test_q4_2024,2024-12-20,841,LOJA 841,15589,ANTUX XAROPE 120ML,334,B,3,3,6,0.84,5,5.0,0,5.0,0,,5.0,0,0.0161,0.2575,2.5,0.0,0.0,0.0,5.0,0,35.77,46.99,178.85,0.0,3.0,107.31,0,0,
test_q4_2024,2024-12-21,841,LOJA 841,15589,ANTUX XAROPE 120ML,334,B,3,3,6,0.84,5,5.0,0,5.0,0,,5.0,0,0.0161,0.2575,2.5,0.0,0.0,0.0,5.0,0,35.77,46.99,178.85,0.0,4.0,143.08,0,0,
test_q4_2024,2024-12-22,841,LOJA 841,15589,ANTUX XAROPE 120ML,334,B,3,3,6,0.84,5,5.0,0,5.0,0,,5.0,0,0.1036,0.2575,2.5,0.0,0.0,0.0,5.0,0,35.77,46.99,178.85,0.0,,,0,0,
test_q4_2024,2024-12-23,841,LOJA 841,15589,ANTUX XAROPE 120ML,334,B,3,3,6,0.84,5,5.0,0,5.0,0,,5.0,0,0.0294,0.2575,2.5,0.0,0.0,0.0,5.0,0,35.77,46.99,178.85,0.0,4.0,143.08,0,0,
test_q4_2024,2024-12-24,841,LOJA 841,15589,ANTUX XAROPE 120ML,334,B,3,3,6,0.84,5,5.0,0,5.0,0,,5.0,0,0.0294,0.2575,2.5,0.0,0.0,0.0,5.0,0,35.77,46.99,178.85,0.0,4.0,143.08,0,0,
test_q4_2024,2024-12-25,841,LOJA 841,15589,ANTUX XAROPE 120ML,334,B,3,3,6,0.84,5,5.0,0,5.0,0,,5.0,0,0.0732,0.2575,2.5,0.0,0.0,0.0,5.0,0,35.77,46.99,178.85,0.0,4.0,143.08,0,0,
test_q4_2024,2024-12-26,841,LOJA 841,15589,ANTUX XAROPE 120ML,334,B,3,3,6,0.84,5,5.0,0,5.0,0,,5.0,0,0.0732,0.2575,2.5,0.0,0.0,0.0,5.0,0,35.77,46.99,178.85,0.0,4.0,143.08,0,0,
test_q4_2024,2024-12-27,841,LOJA 841,15589,ANTUX XAROPE 120ML,334,B,3,3,6,0.84,5,5.0,0,5.0,0,,5.0,0,0.0294,0.2575,2.5,0.0,0.0,0.0,5.0,0,35.77,46.99,178.85,0.0,4.0,143.08,0,0,
test_q4_2024,2024-12-28,841,LOJA 841,15589,ANTUX XAROPE 120ML,334,B,3,3,6,0.84,5,5.0,0,5.0,0,,5.0,0,0.0294,0.2575,2.5,0.0,0.0,0.0,5.0,0,35.77,46.99,178.85,0.0,4.0,143.08,0,0,
test_q4_2024,2024-12-29,841,LOJA 841,15589,ANTUX XAROPE 120ML,334,B,3,3,6,0.84,5,5.0,0,5.0,0,,5.0,0,0.1169,0.2575,2.5,0.0,0.0,0.0,5.0,0,35.77,46.99,178.85,0.0,,,0,0,
test_q4_2024,2024-12-30,841,LOJA 841,15589,ANTUX XAROPE 120ML,334,B,3,3,6,0.84,5,5.0,0,5.0,0,,5.0,0,0.0294,0.2575,2.5,0.0,0.0,0.0,5.0,0,35.77,46.99,178.85,0.0,4.0,143.08,0,0,
test_q4_2024,2024-12-31,841,LOJA 841,15589,ANTUX XAROPE 120ML,334,B,3,3,6,0.84,5,5.0,0,5.0,0,,5.0,0,0.0294,0.2575,2.5,0.0,0.0,0.0,5.0,0,35.77,46.99,178.85,0.0,4.0,143.08,0,0,
test_q4_2024,2024-10-01,841,LOJA 841,15590,ANTUX GTS 20ML,334,C,3,1,2,0.84,5,2.0,0,2.0,0,,2.0,0,0.0,0.0,2.5,0.0,0.0,0.0,2.0,0,46.3,58.26,92.6,0.0,2.0,92.6,0,0,
test_q4_2024,2024-10-02,841,LOJA 841,15590,ANTUX GTS 20ML,334,C,3,1,2,0.84,5,2.0,0,2.0,0,,2.0,0,0.0,0.0,2.5,0.0,0.0,0.0,2.0,0,46.3,58.26,92.6,0.0,2.0,92.6,0,0,
test_q4_2024,2024-10-03,841,LOJA 841,15590,ANTUX GTS 20ML,334,C,3,1,2,0.84,5,2.0,0,2.0,0,,2.0,0,0.0,0.0,2.5,0.0,0.0,0.0,2.0,0,46.3,58.26,92.6,0.0,2.0,92.6,0,0,
test_q4_2024,2024-10-04,841,LOJA 841,15590,ANTUX GTS 20ML,334,C,3,1,2,0.84,5,2.0,0,2.0,0,,2.0,0,0.0,0.0,2.5,0.0,0.0,0.0,2.0,0,46.3,58.26,92.6,0.0,2.0,92.6,0,0,
test_q4_2024,2024-10-05,841,LOJA 841,15590,ANTUX GTS 20ML,334,C,3,1,2,0.84,5,2.0,0,2.0,0,,2.0,0,0.0,0.0,2.5,0.0,0.0,0.0,2.0,0,46.3,58.26,92.6,0.0,2.0,92.6,0,0,
test_q4_2024,2024-10-06,841,LOJA 841,15590,ANTUX GTS 20ML,334,C,3,1,2,0.84,5,2.0,0,2.0,0,,2.0,0,0.0,0.0,2.5,0.0,0.0,0.0,2.0,0,46.3,58.26,92.6,0.0,,,0,0,
test_q4_2024,2024-10-07,841,LOJA 841,15590,ANTUX GTS 20ML,334,C,3,1,2,0.84,5,2.0,0,2.0,0,,2.0,0,0.0,0.0,2.5,0.0,0.0,0.0,2.0,0,46.3,58.26,92.6,0.0,2.0,92.6,0,0,
test_q4_2024,2024-10-08,841,LOJA 841,15590,ANTUX GTS 20ML,334,C,3,1,2,0.84,5,2.0,0,2.0,0,,2.0,0,0.0,0.0,2.5,0.0,0.0,0.0,2.0,0,46.3,58.26,92.6,0.0,2.0,92.6,0,0,
test_q4_2024,2024-10-09,841,LOJA 841,15590,ANTUX GTS 20ML,334,C,3,1,2,0.84,5,2.0,0,2.0,0,,2.0,0,0.0,0.0,2.5,0.0,0.0,0.0,2.0,0,46.3,58.26,92.6,0.0,2.0,92.6,0,0,
test_q4_2024,2024-10-10,841,LOJA 841,15590,ANTUX GTS 20ML,334,C,3,1,2,0.84,5,2.0,0,2.0,0,,2.0,0,0.0,0.0,2.5,0.0,0.0,0.0,2.0,0,46.3,58.26,92.6,0.0,2.0,92.6,0,0,
test_q4_2024,2024-10-11,841,LOJA 841,15590,ANTUX GTS 20ML,334,C,3,1,2,0.84,5,2.0,0,2.0,0,,2.0,0,0.0,0.0,2.5,0.0,0.0,0.0,2.0,0,46.3,58.26,92.6,0.0,2.0,92.6,0,0,
test_q4_2024,2024-10-12,841,LOJA 841,15590,ANTUX GTS 20ML,334,C,3,1,2,0.84,5,2.0,0,2.0,0,,2.0,0,0.0,0.0,2.5,0.0,0.0,0.0,2.0,0,46.3,58.26,92.6,0.0,2.0,92.6,0,0,
test_q4_2024,2024-10-13,841,LOJA 841,15590,ANTUX GTS 20ML,334,C,3,1,2,0.84,5,2.0,0,2.0,0,,2.0,0,0.0,0.0,2.5,0.0,0.0,0.0,2.0,0,46.3,58.26,92.6,0.0,,,0,0,
test_q4_2024,2024-10-14,841,LOJA 841,15590,ANTUX GTS 20ML,334,C,3,1,2,0.84,5,2.0,0,2.0,0,,2.0,0,0.0,0.0,2.5,0.0,0.0,0.0,2.0,0,46.3,58.26,92.6,0.0,2.0,92.6,0,0,
test_q4_2024,2024-10-15,841,LOJA 841,15590,ANTUX GTS 20ML,334,C,3,1,2,0.84,5,2.0,0,2.0,0,,2.0,0,0.0,0.0,2.5,0.0,0.0,0.0,2.0,0,46.3,58.26,92.6,0.0,2.0,92.6,0,0,
test_q4_2024,2024-10-16,841,LOJA 841,15590,ANTUX GTS 20ML,334,C,3,1,2,0.84,5,2.0,0,2.0,0,,2.0,0,0.0,0.0,2.5,0.0,0.0,0.0,2.0,0,46.3,58.26,92.6,0.0,2.0,92.6,0,0,
test_q4_2024,2024-10-17,841,LOJA 841,15590,ANTUX GTS 20ML,334,C,3,1,2,0.84,5,2.0,0,2.0,0,,2.0,0,0.0,0.0,2.5,0.0,0.0,0.0,2.0,0,46.3,58.26,92.6,0.0,2.0,92.6,0,0,
test_q4_2024,2024-10-18,841,LOJA 841,15590,ANTUX GTS 20ML,334,C,3,1,2,0.84,5,2.0,0,2.0,0,,2.0,0,0.0,0.0,2.5,0.0,0.0,0.0,2.0,0,46.3,58.26,92.6,0.0,2.0,92.6,0,0,
test_q4_2024,2024-10-19,841,LOJA 841,15590,ANTUX GTS 20ML,334,C,3,1,2,0.84,5,2.0,0,2.0,0,,2.0,0,0.0,0.0,2.5,0.0,0.0,0.0,2.0,0,46.3,58.26,92.6,0.0,2.0,92.6,0,0,
test_q4_2024,2024-10-20,841,LOJA 841,15590,ANTUX GTS 20ML,334,C,3,1,2,0.84,5,2.0,0,2.0,0,,2.0,0,0.0,0.0,2.5,0.0,0.0,0.0,2.0,0,46.3,58.26,92.6,0.0,,,0,0,
test_q4_2024,2024-10-21,841,LOJA 841,15590,ANTUX GTS 20ML,334,C,3,1,2,0.84,5,2.0,0,2.0,0,,2.0,0,0.0,0.0,2.5,0.0,0.0,0.0,2.0,0,46.3,58.26,92.6,0.0,2.0,92.6,0,0,
test_q4_2024,2024-10-22,841,LOJA 841,15590,ANTUX GTS 20ML,334,C,3,1,2,0.84,5,2.0,0,2.0,0,,2.0,0,0.0,0.0,2.5,1.0,1.0,0.0,1.0,0,46.3,58.26,46.3,0.0,2.0,92.6,0,0,
test_q4_2024,2024-10-23,841,LOJA 841,15590,ANTUX GTS 20ML,334,C,3,1,2,0.84,5,1.0,0,1.0,1,2024-10-26,2.0,1,0.0,0.0,2.5,0.0,0.0,0.0,1.0,0,46.3,58.26,46.3,34.63,1.0,46.3,0,0,
test_q4_2024,2024-10-24,841,LOJA 841,15590,ANTUX GTS 20ML,334,C,3,1,2,0.84,5,1.0,0,2.0,0,,2.0,1,0.0,0.0,2.5,0.0,0.0,0.0,1.0,0,46.3,58.26,46.3,0.0,1.0,46.3,0,0,
test_q4_2024,2024-10-25,841,LOJA 841,15590,ANTUX GTS 20ML,334,C,3,1,2,0.84,5,1.0,0,2.0,0,,2.0,1,0.0,0.0,2.5,0.0,0.0,0.0,1.0,0,46.3,58.26,46.3,0.0,1.0,46.3,0,0,
test_q4_2024,2024-10-26,841,LOJA 841,15590,ANTUX GTS 20ML,334,C,3,1,2,0.84,5,2.0,1,2.0,0,,2.0,0,0.0,0.0,2.5,0.0,0.0,0.0,2.0,0,46.3,58.26,92.6,0.0,1.0,46.3,0,0,
test_q4_2024,2024-10-27,841,LOJA 841,15590,ANTUX GTS 20ML,334,C,3,1,2,0.84,5,2.0,0,2.0,0,,2.0,0,0.0,0.0,2.5,0.0,0.0,0.0,2.0,0,46.3,58.26,92.6,0.0,,,0,0,
test_q4_2024,2024-10-28,841,LOJA 841,15590,ANTUX GTS 20ML,334,C,3,1,2,0.84,5,2.0,0,2.0,0,,2.0,0,0.0,0.0,2.5,0.0,0.0,0.0,2.0,0,46.3,58.26,92.6,0.0,1.0,46.3,0,0,
test_q4_2024,2024-10-29,841,LOJA 841,15590,ANTUX GTS 20ML,334,C,3,1,2,0.84,5,2.0,0,2.0,0,,2.0,0,0.0,0.0,2.5,0.0,0.0,0.0,2.0,0,46.3,58.26,92.6,0.0,1.0,46.3,0,0,
test_q4_2024,2024-10-30,841,LOJA 841,15590,ANTUX GTS 20ML,334,C,3,1,2,0.84,5,2.0,0,2.0,0,,2.0,0,0.0,0.0,2.5,0.0,0.0,0.0,2.0,0,46.3,58.26,92.6,0.0,1.0,46.3,0,0,
test_q4_2024,2024-10-31,841,LOJA 841,15590,ANTUX GTS 20ML,334,C,3,1,2,0.84,5,2.0,0,2.0,0,,2.0,0,0.0,0.0,2.5,0.0,0.0,0.0,2.0,0,46.3,58.26,92.6,0.0,1.0,46.3,0,0,
test_q4_2024,2024-11-01,841,LOJA 841,15590,ANTUX GTS 20ML,334,C,3,1,2,0.84,5,2.0,0,2.0,0,,2.0,0,0.0,0.0,2.5,0.0,0.0,0.0,2.0,0,46.3,58.26,92.6,0.0,1.0,46.3,0,0,
test_q4_2024,2024-11-02,841,LOJA 841,15590,ANTUX GTS 20ML,334,C,3,1,2,0.84,5,2.0,0,2.0,0,,2.0,0,0.0,0.0,2.5,0.0,0.0,0.0,2.0,0,46.3,58.26,92.6,0.0,1.0,46.3,0,0,
test_q4_2024,2024-11-03,841,LOJA 841,15590,ANTUX GTS 20ML,334,C,3,1,2,0.84,5,2.0,0,2.0,0,,2.0,0,0.0,0.0,2.5,0.0,0.0,0.0,2.0,0,46.3,58.26,92.6,0.0,,,0,0,
test_q4_2024,2024-11-04,841,LOJA 841,15590,ANTUX GTS 20ML,334,C,3,1,2,0.84,5,2.0,0,2.0,0,,2.0,0,0.0,0.0,2.5,0.0,0.0,0.0,2.0,0,46.3,58.26,92.6,0.0,1.0,46.3,0,0,
test_q4_2024,2024-11-05,841,LOJA 841,15590,ANTUX GTS 20ML,334,C,3,1,2,0.84,5,2.0,0,2.0,0,,2.0,0,0.0,0.0,2.5,0.0,0.0,0.0,2.0,0,46.3,58.26,92.6,0.0,1.0,46.3,0,0,
test_q4_2024,2024-11-06,841,LOJA 841,15590,ANTUX GTS 20ML,334,C,3,1,2,0.84,5,2.0,0,2.0,0,,2.0,0,0.0,0.0,2.5,0.0,0.0,0.0,2.0,0,46.3,58.26,92.6,0.0,1.0,46.3,0,0,
test_q4_2024,2024-11-07,841,LOJA 841,15590,ANTUX GTS 20ML,334,C,3,1,2,0.84,5,2.0,0,2.0,0,,2.0,0,0.0,0.0,2.5,0.0,0.0,0.0,2.0,0,46.3,58.26,92.6,0.0,1.0,46.3,0,0,
test_q4_2024,2024-11-08,841,LOJA 841,15590,ANTUX GTS 20ML,334,C,3,1,2,0.84,5,2.0,0,2.0,0,,2.0,0,0.0,0.0,2.5,0.0,0.0,0.0,2.0,0,46.3,58.26,92.6,0.0,1.0,46.3,0,0,
test_q4_2024,2024-11-09,841,LOJA 841,15590,ANTUX GTS 20ML,334,C,3,1,2,0.84,5,2.0,0,2.0,0,,2.0,0,0.0,0.0,2.5,0.0,0.0,0.0,2.0,0,46.3,58.26,92.6,0.0,1.0,46.3,0,0,
test_q4_2024,2024-11-10,841,LOJA 841,15590,ANTUX GTS 20ML,334,C,3,1,2,0.84,5,2.0,0,2.0,0,,2.0,0,0.0,0.0,2.5,0.0,0.0,0.0,2.0,0,46.3,58.26,92.6,0.0,,,0,0,
test_q4_2024,2024-11-11,841,LOJA 841,15590,ANTUX GTS 20ML,334,C,3,1,2,0.84,5,2.0,0,2.0,0,,2.0,0,0.0,0.0,2.5,0.0,0.0,0.0,2.0,0,46.3,58.26,92.6,0.0,1.0,46.3,0,0,
test_q4_2024,2024-11-12,841,LOJA 841,15590,ANTUX GTS 20ML,334,C,3,1,2,0.84,5,2.0,0,2.0,0,,2.0,0,0.0,0.0,2.5,0.0,0.0,0.0,2.0,0,46.3,58.26,92.6,0.0,1.0,46.3,0,0,
test_q4_2024,2024-11-13,841,LOJA 841,15590,ANTUX GTS 20ML,334,C,3,1,2,0.84,5,2.0,0,2.0,0,,2.0,0,0.0,0.0,2.5,0.0,0.0,0.0,2.0,0,46.3,58.26,92.6,0.0,1.0,46.3,0,0,
test_q4_2024,2024-11-14,841,LOJA 841,15590,ANTUX GTS 20ML,334,C,3,1,2,0.84,5,2.0,0,2.0,0,,2.0,0,0.0,0.0,2.5,0.0,0.0,0.0,2.0,0,46.3,58.26,92.6,0.0,1.0,46.3,0,0,
test_q4_2024,2024-11-15,841,LOJA 841,15590,ANTUX GTS 20ML,334,C,3,1,2,0.84,5,2.0,0,2.0,0,,2.0,0,0.0,0.0,2.5,0.0,0.0,0.0,2.0,0,46.3,58.26,92.6,0.0,1.0,46.3,0,0,
test_q4_2024,2024-11-16,841,LOJA 841,15590,ANTUX GTS 20ML,334,C,3,1,2,0.84,5,2.0,0,2.0,0,,2.0,0,0.0,0.0,2.5,0.0,0.0,0.0,2.0,0,46.3,58.26,92.6,0.0,1.0,46.3,0,0,
test_q4_2024,2024-11-17,841,LOJA 841,15590,ANTUX GTS 20ML,334,C,3,1,2,0.84,5,2.0,0,2.0,0,,2.0,0,0.0,0.0,2.5,0.0,0.0,0.0,2.0,0,46.3,58.26,92.6,0.0,,,0,0,
test_q4_2024,2024-11-18,841,LOJA 841,15590,ANTUX GTS 20ML,334,C,3,1,2,0.84,5,2.0,0,2.0,0,,2.0,0,0.0,0.0,2.5,0.0,0.0,0.0,2.0,0,46.3,58.26,92.6,0.0,1.0,46.3,0,0,
test_q4_2024,2024-11-19,841,LOJA 841,15590,ANTUX GTS 20ML,334,C,3,1,2,0.84,5,2.0,0,2.0,0,,2.0,0,0.0,0.0,2.5,0.0,0.0,0.0,2.0,0,46.3,58.26,92.6,0.0,1.0,46.3,0,0,
test_q4_2024,2024-11-20,841,LOJA 841,15590,ANTUX GTS 20ML,334,C,3,1,2,0.84,5,2.0,0,2.0,0,,2.0,0,0.0,0.0,2.5,0.0,0.0,0.0,2.0,0,46.3,58.26,92.6,0.0,1.0,46.3,0,0,
test_q4_2024,2024-11-21,841,LOJA 841,15590,ANTUX GTS 20ML,334,C,3,1,2,0.84,5,2.0,0,2.0,0,,2.0,0,0.0,0.0,2.5,0.0,0.0,0.0,2.0,0,46.3,58.26,92.6,0.0,1.0,46.3,0,0,
test_q4_2024,2024-11-22,841,LOJA 841,15590,ANTUX GTS 20ML,334,C,3,1,2,0.84,5,2.0,0,2.0,0,,2.0,0,0.0133,0.0,2.5,0.0,0.0,0.0,2.0,0,46.3,58.26,92.6,0.0,1.0,46.3,0,0,
test_q4_2024,2024-11-23,841,LOJA 841,15590,ANTUX GTS 20ML,334,C,3,1,2,0.84,5,2.0,0,2.0,0,,2.0,0,0.0133,0.0,2.5,0.0,0.0,0.0,2.0,0,46.3,58.26,92.6,0.0,1.0,46.3,0,0,
test_q4_2024,2024-11-24,841,LOJA 841,15590,ANTUX GTS 20ML,334,C,3,1,2,0.84,5,2.0,0,2.0,0,,2.0,0,0.0133,0.0,2.5,0.0,0.0,0.0,2.0,0,46.3,58.26,92.6,0.0,,,0,0,
test_q4_2024,2024-11-25,841,LOJA 841,15590,ANTUX GTS 20ML,334,C,3,1,2,0.84,5,2.0,0,2.0,0,,2.0,0,0.0133,0.0,2.5,0.0,0.0,0.0,2.0,0,46.3,58.26,92.6,0.0,1.0,46.3,0,0,
test_q4_2024,2024-11-26,841,LOJA 841,15590,ANTUX GTS 20ML,334,C,3,1,2,0.84,5,2.0,0,2.0,0,,2.0,0,0.0133,0.0,2.5,0.0,0.0,0.0,2.0,0,46.3,58.26,92.6,0.0,1.0,46.3,0,0,
test_q4_2024,2024-11-27,841,LOJA 841,15590,ANTUX GTS 20ML,334,C,3,1,2,0.84,5,2.0,0,2.0,0,,2.0,0,0.0133,0.0,2.5,0.0,0.0,0.0,2.0,0,46.3,58.26,92.6,0.0,1.0,46.3,0,0,
test_q4_2024,2024-11-28,841,LOJA 841,15590,ANTUX GTS 20ML,334,C,3,1,2,0.84,5,2.0,0,2.0,0,,2.0,0,0.0133,0.0,2.5,0.0,0.0,0.0,2.0,0,46.3,58.26,92.6,0.0,1.0,46.3,0,0,
test_q4_2024,2024-11-29,841,LOJA 841,15590,ANTUX GTS 20ML,334,C,3,1,2,0.84,5,2.0,0,2.0,0,,2.0,0,0.0133,0.0,2.5,0.0,0.0,0.0,2.0,0,46.3,58.26,92.6,0.0,1.0,46.3,0,0,
test_q4_2024,2024-11-30,841,LOJA 841,15590,ANTUX GTS 20ML,334,C,3,1,2,0.84,5,2.0,0,2.0,0,,2.0,0,0.0133,0.0,2.5,0.0,0.0,0.0,2.0,0,46.3,58.26,92.6,0.0,1.0,46.3,0,0,
test_q4_2024,2024-12-01,841,LOJA 841,15590,ANTUX GTS 20ML,334,C,3,1,2,0.84,5,2.0,0,2.0,0,,2.0,0,0.0133,0.0,2.5,0.0,0.0,0.0,2.0,0,46.3,58.26,92.6,0.0,,,0,0,
test_q4_2024,2024-12-02,841,LOJA 841,15590,ANTUX GTS 20ML,334,C,3,1,2,0.84,5,2.0,0,2.0,0,,2.0,0,0.0133,0.0,2.5,0.0,0.0,0.0,2.0,0,46.3,58.26,92.6,0.0,1.0,46.3,0,0,
test_q4_2024,2024-12-03,841,LOJA 841,15590,ANTUX GTS 20ML,334,C,3,1,2,0.84,5,2.0,0,2.0,0,,2.0,0,0.0133,0.0,2.5,0.0,0.0,0.0,2.0,0,46.3,58.26,92.6,0.0,1.0,46.3,0,0,
test_q4_2024,2024-12-04,841,LOJA 841,15590,ANTUX GTS 20ML,334,C,3,1,2,0.84,5,2.0,0,2.0,0,,2.0,0,0.0133,0.0,2.5,0.0,0.0,0.0,2.0,0,46.3,58.26,92.6,0.0,1.0,46.3,0,0,
test_q4_2024,2024-12-05,841,LOJA 841,15590,ANTUX GTS 20ML,334,C,3,1,2,0.84,5,2.0,0,2.0,0,,2.0,0,0.0133,0.0,2.5,0.0,0.0,0.0,2.0,0,46.3,58.26,92.6,0.0,1.0,46.3,0,0,
test_q4_2024,2024-12-06,841,LOJA 841,15590,ANTUX GTS 20ML,334,C,3,1,2,0.84,5,2.0,0,2.0,0,,2.0,0,0.0133,0.0,2.5,0.0,0.0,0.0,2.0,0,46.3,58.26,92.6,0.0,1.0,46.3,0,0,
test_q4_2024,2024-12-07,841,LOJA 841,15590,ANTUX GTS 20ML,334,C,3,1,2,0.84,5,2.0,0,2.0,0,,2.0,0,0.0,0.0,2.5,0.0,0.0,0.0,2.0,0,46.3,58.26,92.6,0.0,1.0,46.3,0,0,
test_q4_2024,2024-12-08,841,LOJA 841,15590,ANTUX GTS 20ML,334,C,3,1,2,0.84,5,2.0,0,2.0,0,,2.0,0,0.0,0.0,2.5,0.0,0.0,0.0,2.0,0,46.3,58.26,92.6,0.0,,,0,0,
test_q4_2024,2024-12-09,841,LOJA 841,15590,ANTUX GTS 20ML,334,C,3,1,2,0.84,5,2.0,0,2.0,0,,2.0,0,0.0,0.0,2.5,0.0,0.0,0.0,2.0,0,46.3,58.26,92.6,0.0,1.0,46.3,0,0,
test_q4_2024,2024-12-10,841,LOJA 841,15590,ANTUX GTS 20ML,334,C,3,1,2,0.84,5,2.0,0,2.0,0,,2.0,0,0.0,0.0,2.5,0.0,0.0,0.0,2.0,0,46.3,58.26,92.6,0.0,1.0,46.3,0,0,
test_q4_2024,2024-12-11,841,LOJA 841,15590,ANTUX GTS 20ML,334,C,3,1,2,0.84,5,2.0,0,2.0,0,,2.0,0,0.0,0.0,2.5,0.0,0.0,0.0,2.0,0,46.3,58.26,92.6,0.0,1.0,46.3,0,0,
test_q4_2024,2024-12-12,841,LOJA 841,15590,ANTUX GTS 20ML,334,C,3,1,2,0.84,5,2.0,0,2.0,0,,2.0,0,0.0,0.0,2.5,0.0,0.0,0.0,2.0,0,46.3,58.26,92.6,0.0,1.0,46.3,0,0,
test_q4_2024,2024-12-13,841,LOJA 841,15590,ANTUX GTS 20ML,334,C,3,1,2,0.84,5,2.0,0,2.0,0,,2.0,0,0.0,0.0,2.5,0.0,0.0,0.0,2.0,0,46.3,58.26,92.6,0.0,1.0,46.3,0,0,
test_q4_2024,2024-12-14,841,LOJA 841,15590,ANTUX GTS 20ML,334,C,3,1,2,0.84,5,2.0,0,2.0,0,,2.0,0,0.0,0.0,2.5,0.0,0.0,0.0,2.0,0,46.3,58.26,92.6,0.0,1.0,46.3,0,0,
test_q4_2024,2024-12-15,841,LOJA 841,15590,ANTUX GTS 20ML,334,C,3,1,2,0.84,5,2.0,0,2.0,0,,2.0,0,0.0,0.0,2.5,0.0,0.0,0.0,2.0,0,46.3,58.26,92.6,0.0,,,0,0,
test_q4_2024,2024-12-16,841,LOJA 841,15590,ANTUX GTS 20ML,334,C,3,1,2,0.84,5,2.0,0,2.0,0,,2.0,0,0.0,0.0,2.5,0.0,0.0,0.0,2.0,0,46.3,58.26,92.6,0.0,1.0,46.3,0,0,
test_q4_2024,2024-12-17,841,LOJA 841,15590,ANTUX GTS 20ML,334,C,3,1,2,0.84,5,2.0,0,2.0,0,,2.0,0,0.0,0.0,2.5,0.0,0.0,0.0,2.0,0,46.3,58.26,92.6,0.0,1.0,46.3,0,0,
test_q4_2024,2024-12-18,841,LOJA 841,15590,ANTUX GTS 20ML,334,C,3,1,2,0.84,5,2.0,0,2.0,0,,2.0,0,0.0,0.0,2.5,0.0,0.0,0.0,2.0,0,46.3,58.26,92.6,0.0,1.0,46.3,0,0,
test_q4_2024,2024-12-19,841,LOJA 841,15590,ANTUX GTS 20ML,334,C,3,1,2,0.84,5,2.0,0,2.0,0,,2.0,0,0.0,0.0,2.5,0.0,0.0,0.0,2.0,0,46.3,58.26,92.6,0.0,1.0,46.3,0,0,
test_q4_2024,2024-12-20,841,LOJA 841,15590,ANTUX GTS 20ML,334,C,3,1,2,0.84,5,2.0,0,2.0,0,,2.0,0,0.0,0.0,2.5,0.0,0.0,0.0,2.0,0,46.3,58.26,92.6,0.0,1.0,46.3,0,0,
test_q4_2024,2024-12-21,841,LOJA 841,15590,ANTUX GTS 20ML,334,C,3,1,2,0.84,5,2.0,0,2.0,0,,2.0,0,0.0,0.0,2.5,0.0,0.0,0.0,2.0,0,46.3,58.26,92.6,0.0,1.0,46.3,0,0,
test_q4_2024,2024-12-22,841,LOJA 841,15590,ANTUX GTS 20ML,334,C,3,1,2,0.84,5,2.0,0,2.0,0,,2.0,0,0.0,0.0,2.5,0.0,0.0,0.0,2.0,0,46.3,58.26,92.6,0.0,,,0,0,
test_q4_2024,2024-12-23,841,LOJA 841,15590,ANTUX GTS 20ML,334,C,3,1,2,0.84,5,2.0,0,2.0,0,,2.0,0,0.0,0.0,2.5,0.0,0.0,0.0,2.0,0,46.3,58.26,92.6,0.0,1.0,46.3,0,0,
test_q4_2024,2024-12-24,841,LOJA 841,15590,ANTUX GTS 20ML,334,C,3,1,2,0.84,5,2.0,0,2.0,0,,2.0,0,0.0,0.0,2.5,0.0,0.0,0.0,2.0,0,46.3,58.26,92.6,0.0,1.0,46.3,0,0,
test_q4_2024,2024-12-25,841,LOJA 841,15590,ANTUX GTS 20ML,334,C,3,1,2,0.84,5,2.0,0,2.0,0,,2.0,0,0.0,0.0,2.5,0.0,0.0,0.0,2.0,0,46.3,58.26,92.6,0.0,1.0,46.3,0,0,
test_q4_2024,2024-12-26,841,LOJA 841,15590,ANTUX GTS 20ML,334,C,3,1,2,0.84,5,2.0,0,2.0,0,,2.0,0,0.0,0.0,2.5,0.0,0.0,0.0,2.0,0,46.3,58.26,92.6,0.0,1.0,46.3,0,0,
test_q4_2024,2024-12-27,841,LOJA 841,15590,ANTUX GTS 20ML,334,C,3,1,2,0.84,5,2.0,0,2.0,0,,2.0,0,0.0,0.0,2.5,0.0,0.0,0.0,2.0,0,46.3,58.26,92.6,0.0,1.0,46.3,0,0,
test_q4_2024,2024-12-28,841,LOJA 841,15590,ANTUX GTS 20ML,334,C,3,1,2,0.84,5,2.0,0,2.0,0,,2.0,0,0.0,0.0,2.5,0.0,0.0,0.0,2.0,0,46.3,58.26,92.6,0.0,1.0,46.3,0,0,
test_q4_2024,2024-12-29,841,LOJA 841,15590,ANTUX GTS 20ML,334,C,3,1,2,0.84,5,2.0,0,2.0,0,,2.0,0,0.0,0.0,2.5,0.0,0.0,0.0,2.0,0,46.3,58.26,92.6,0.0,,,0,0,
test_q4_2024,2024-12-30,841,LOJA 841,15590,ANTUX GTS 20ML,334,C,3,1,2,0.84,5,2.0,0,2.0,0,,2.0,0,0.0,0.0,2.5,0.0,0.0,0.0,2.0,0,46.3,58.26,92.6,0.0,1.0,46.3,0,0,
test_q4_2024,2024-12-31,841,LOJA 841,15590,ANTUX GTS 20ML,334,C,3,1,2,0.84,5,2.0,0,2.0,0,,2.0,0,0.0,0.0,2.5,0.0,0.0,0.0,2.0,0,46.3,58.26,92.6,0.0,1.0,46.3,0,0,
test_q4_2024,2024-10-01,841,LOJA 841,18064,NEOSORO SOLUCAO NASAL ADULTO 30ML,45151,A,3,11,33,0.84,5,27.0,0,27.0,0,,27.0,0,4.4323,2.1452,1.77040170630039,6.0,6.0,0.0,21.0,0,9.19,9.02,192.99,0.0,31.0,284.89,0,1,PAGUE E LEVE
test_q4_2024,2024-10-02,841,LOJA 841,18064,NEOSORO SOLUCAO NASAL ADULTO 30ML,45151,A,3,11,33,0.84,5,21.0,0,21.0,0,,21.0,0,3.9204,2.1452,1.77040170630039,6.0,6.0,0.0,15.0,0,9.19,9.02,137.85,0.0,33.0,303.27,0,1,PAGUE E LEVE
test_q4_2024,2024-10-03,841,LOJA 841,18064,NEOSORO SOLUCAO NASAL ADULTO 30ML,45151,A,3,11,33,0.84,5,15.0,0,15.0,0,,15.0,0,3.688,2.1452,1.77040170630039,0.0,0.0,0.0,15.0,0,9.19,9.02,137.85,0.0,27.0,248.13,0,1,PAGUE E LEVE
test_q4_2024,2024-10-04,841,LOJA 841,18064,NEOSORO SOLUCAO NASAL ADULTO 30ML,45151,A,3,11,33,0.84,5,15.0,0,15.0,0,,15.0,0,4.8159,2.1452,1.77040170630039,2.0,2.0,0.0,13.0,0,9.19,9.02,119.47,0.0,27.0,248.13,0,1,PAGUE E LEVE
test_q4_2024,2024-10-05,841,LOJA 841,18064,NEOSORO SOLUCAO NASAL ADULTO 30ML,45151,A,3,11,33,0.84,5,13.0,0,13.0,0,,13.0,0,3.7315,2.1452,1.77040170630039,7.0,7.0,0.0,6.0,0,9.19,9.02,55.14,0.0,25.0,229.75,0,1,PAGUE E LEVE
test_q4_2024,2024-10-06,841,LOJA 841,18064,NEOSORO SOLUCAO NASAL ADULTO 30ML,45151,A,3,11,33,0.84,5,6.0,0,6.0,27,2024-10-09,33.0,27,3.9167,2.1452,1.77040170630039,2.0,2.0,0.0,4.0,0,9.19,9.02,36.76,2.57,,,0,1,PAGUE E LEVE
test_q4_2024,2024-10-07,841,LOJA 841,18064,NEOSORO SOLUCAO NASAL ADULTO 30ML,45151,A,3,11,33,0.84,5,4.0,0,31.0,0,,31.0,27,3.9942,2.1452,1.77040170630039,0.0,0.0,0.0,4.0,0,9.19,9.02,36.76,0.0,38.0,349.21999999999997,0,1,PAGUE E LEVE
test_q4_2024,2024-10-08,841,LOJA 841,18064,NEOSORO SOLUCAO NASAL ADULTO 30ML,45151,A,3,11,33,0.84,5,4.0,0,31.0,0,,31.0,27,4.0074,2.1452,1.77040170630039,5.0,4.0,1.0,0.0,1,9.19,9.02,0.0,0.0,38.0,349.21999999999997,0,1,PAGUE E LEVE
test_q4_2024,2024-10-09,841,LOJA 841,18064,NEOSORO SOLUCAO NASAL ADULTO 30ML,45151,A,3,11,33,0.84,5,27.0,27,27.0,0,,27.0,0,3.4719,2.1452,1.77040170630039,4.0,4.0,0.0,23.0,0,9.19,9.02,211.37,0.0,33.0,303.27,0,1,PAGUE E LEVE
test_q4_2024,2024-10-10,841,LOJA 841,18064,NEOSORO SOLUCAO NASAL ADULTO 30ML,45151,A,3,11,33,0.84,5,23.0,0,23.0,0,,23.0,0,3.7352,2.1452,1.77040170630039,0.0,0.0,0.0,23.0,0,9.19,9.02,211.37,0.0,29.0,266.51,0,1,PAGUE E LEVE
test_q4_2024,2024-10-11,841,LOJA 841,18064,NEOSORO SOLUCAO NASAL ADULTO 30ML,45151,A,3,11,33,0.84,5,23.0,0,23.0,0,,23.0,0,4.9812,2.1452,1.77040170630039,0.0,0.0,0.0,23.0,0,9.19,9.02,211.37,0.0,29.0,266.51,0,1,PAGUE E LEVE
test_q4_2024,2024-10-12,841,LOJA 841,18064,NEOSORO SOLUCAO NASAL ADULTO 30ML,45151,A,3,11,33,0.84,5,23.0,0,23.0,0,,23.0,0,3.6135,2.1452,1.77040170630039,0.0,0.0,0.0,23.0,0,9.19,9.02,211.37,0.0,29.0,266.51,0,1,PAGUE E LEVE
test_q4_2024,2024-10-13,841,LOJA 841,18064,NEOSORO SOLUCAO NASAL ADULTO 30ML,45151,A,3,11,33,0.84,5,23.0,0,23.0,0,,23.0,0,3.7751,2.1452,1.77040170630039,0.0,0.0,0.0,23.0,0,9.19,9.02,211.37,0.0,,,0,1,PAGUE E LEVE
test_q4_2024,2024-10-14,841,LOJA 841,18064,NEOSORO SOLUCAO NASAL ADULTO 30ML,45151,A,3,11,33,0.84,5,23.0,0,23.0,0,,23.0,0,3.8525,2.1452,1.77040170630039,0.0,0.0,0.0,23.0,0,9.19,9.02,211.37,0.0,29.0,266.51,0,1,PAGUE E LEVE
test_q4_2024,2024-10-15,841,LOJA 841,18064,NEOSORO SOLUCAO NASAL ADULTO 30ML,45151,A,3,11,33,0.84,5,23.0,0,23.0,0,,23.0,0,4.0074,2.1452,1.77040170630039,0.0,0.0,0.0,23.0,0,9.19,9.02,211.37,0.0,29.0,266.51,0,1,PAGUE E LEVE
test_q4_2024,2024-10-16,841,LOJA 841,18064,NEOSORO SOLUCAO NASAL ADULTO 30ML,45151,A,3,11,33,0.84,5,23.0,0,23.0,0,,23.0,0,3.3303,2.1452,1.77040170630039,0.0,0.0,0.0,23.0,0,9.19,9.02,211.37,0.0,49.0,450.31,0,1,PAGUE E LEVE
test_q4_2024,2024-10-17,841,LOJA 841,18064,NEOSORO SOLUCAO NASAL ADULTO 30ML,45151,A,3,11,33,0.84,5,23.0,0,23.0,0,,23.0,0,3.0979,2.1452,1.77040170630039,4.0,4.0,0.0,19.0,0,9.19,9.02,174.61,0.0,49.0,450.31,0,1,PAGUE E LEVE
test_q4_2024,2024-10-18,841,LOJA 841,18064,NEOSORO SOLUCAO NASAL ADULTO 30ML,45151,A,3,11,33,0.84,5,19.0,0,19.0,0,,19.0,0,4.4854,2.1452,1.77040170630039,1.0,1.0,0.0,18.0,0,9.19,9.02,165.42,0.0,45.0,413.54999999999995,0,1,PAGUE E LEVE
test_q4_2024,2024-10-19,841,LOJA 841,18064,NEOSORO SOLUCAO NASAL ADULTO 30ML,45151,A,3,11,33,0.84,5,18.0,0,18.0,0,,18.0,0,3.4011,2.1452,1.77040170630039,0.0,0.0,0.0,18.0,0,9.19,9.02,165.42,0.0,44.0,404.35999999999996,0,1,PAGUE E LEVE
test_q4_2024,2024-10-20,841,LOJA 841,18064,NEOSORO SOLUCAO NASAL ADULTO 30ML,45151,A,3,11,33,0.84,5,18.0,0,18.0,0,,18.0,0,3.6334,2.1452,1.77040170630039,0.0,0.0,0.0,18.0,0,9.19,9.02,165.42,0.0,,,0,1,PAGUE E LEVE
test_q4_2024,2024-10-21,841,LOJA 841,18064,NEOSORO SOLUCAO NASAL ADULTO 30ML,45151,A,3,11,33,0.84,5,18.0,0,18.0,0,,18.0,0,3.7109,2.1452,1.77040170630039,0.0,0.0,0.0,18.0,0,9.19,9.02,165.42,0.0,44.0,404.35999999999996,0,1,PAGUE E LEVE
test_q4_2024,2024-10-22,841,LOJA 841,18064,NEOSORO SOLUCAO NASAL ADULTO 30ML,45151,A,3,11,33,0.84,5,18.0,0,18.0,0,,18.0,0,4.0074,2.1452,1.77040170630039,0.0,0.0,0.0,18.0,0,9.19,9.02,165.42,0.0,44.0,404.35999999999996,0,1,PAGUE E LEVE
test_q4_2024,2024-10-23,841,LOJA 841,18064,NEOSORO SOLUCAO NASAL ADULTO 30ML,45151,A,3,11,33,0.84,5,18.0,0,18.0,0,,18.0,0,3.6135,2.1452,1.77040170630039,0.0,0.0,0.0,18.0,0,9.19,9.02,165.42,0.0,44.0,404.35999999999996,0,1,PAGUE E LEVE
test_q4_2024,2024-10-24,841,LOJA 841,18064,NEOSORO SOLUCAO NASAL ADULTO 30ML,45151,A,3,11,33,0.84,5,18.0,0,18.0,0,,18.0,0,3.4284,2.1452,1.77040170630039,0.0,0.0,0.0,18.0,0,9.19,9.02,165.42,0.0,44.0,404.35999999999996,0,1,PAGUE E LEVE
test_q4_2024,2024-10-25,841,LOJA 841,18064,NEOSORO SOLUCAO NASAL ADULTO 30ML,45151,A,3,11,33,0.84,5,18.0,0,18.0,0,,18.0,0,4.2494,2.1452,1.77040170630039,1.0,1.0,0.0,17.0,0,9.19,9.02,156.23,0.0,44.0,404.35999999999996,0,1,PAGUE E LEVE
test_q4_2024,2024-10-26,841,LOJA 841,18064,NEOSORO SOLUCAO NASAL ADULTO 30ML,45151,A,3,11,33,0.84,5,17.0,0,17.0,0,,17.0,0,3.0942,2.1452,1.77040170630039,1.0,1.0,0.0,16.0,0,9.19,9.02,147.04,0.0,43.0,395.16999999999996,0,1,PAGUE E LEVE
test_q4_2024,2024-10-27,841,LOJA 841,18064,NEOSORO SOLUCAO NASAL ADULTO 30ML,45151,A,3,11,33,0.84,5,16.0,0,16.0,0,,16.0,0,3.421,2.1452,1.77040170630039,0.0,0.0,0.0,16.0,0,9.19,9.02,147.04,0.0,,,0,1,PAGUE E LEVE
test_q4_2024,2024-10-28,841,LOJA 841,18064,NEOSORO SOLUCAO NASAL ADULTO 30ML,45151,A,3,11,33,0.84,5,16.0,0,16.0,0,,16.0,0,3.3096,2.1452,1.77040170630039,1.0,1.0,0.0,15.0,0,9.19,9.02,137.85,0.0,42.0,385.97999999999996,0,1,PAGUE E LEVE
test_q4_2024,2024-10-29,841,LOJA 841,18064,NEOSORO SOLUCAO NASAL ADULTO 30ML,45151,A,3,11,33,0.84,5,15.0,0,15.0,0,,15.0,0,3.4645,2.1452,1.77040170630039,0.0,0.0,0.0,15.0,0,9.19,9.02,137.85,0.0,41.0,376.78999999999996,0,1,PAGUE E LEVE
test_q4_2024,2024-10-30,841,LOJA 841,18064,NEOSORO SOLUCAO NASAL ADULTO 30ML,45151,A,3,11,33,0.84,5,15.0,0,15.0,0,,15.0,0,3.047,2.1452,1.77040170630039,0.0,0.0,0.0,15.0,0,9.19,9.02,137.85,0.0,41.0,376.78999999999996,0,1,PAGUE E LEVE
test_q4_2024,2024-10-31,841,LOJA 841,18064,NEOSORO SOLUCAO NASAL ADULTO 30ML,45151,A,3,11,33,0.84,5,15.0,0,15.0,0,,15.0,0,2.8146,2.1452,1.77040170630039,0.0,0.0,0.0,15.0,0,9.19,9.02,137.85,0.0,41.0,376.78999999999996,0,1,PAGUE E LEVE
test_q4_2024,2024-11-01,841,LOJA 841,18064,NEOSORO SOLUCAO NASAL ADULTO 30ML,45151,A,3,11,33,0.84,5,15.0,0,15.0,0,,15.0,0,2.3469,2.1452,1.77040170630039,1.0,1.0,0.0,14.0,0,9.19,9.02,128.66,0.0,41.0,376.78999999999996,0,0,
test_q4_2024,2024-11-02,841,LOJA 841,18064,NEOSORO SOLUCAO NASAL ADULTO 30ML,45151,A,3,11,33,0.84,5,14.0,0,14.0,0,,14.0,0,1.7211,2.1452,1.77040170630039,1.0,1.0,0.0,13.0,0,9.19,9.02,119.47,0.0,40.0,367.59999999999997,0,0,
test_q4_2024,2024-11-03,841,LOJA 841,18064,NEOSORO SOLUCAO NASAL ADULTO 30ML,45151,A,3,11,33,0.84,5,13.0,0,13.0,0,,13.0,0,1.8523,2.1452,1.77040170630039,3.0,3.0,0.0,10.0,0,9.19,9.02,91.9,0.0,,,0,0,
test_q4_2024,2024-11-04,841,LOJA 841,18064,NEOSORO SOLUCAO NASAL ADULTO 30ML,45151,A,3,11,33,0.84,5,10.0,0,10.0,23,2024-11-07,33.0,23,1.8961,2.1452,1.77040170630039,1.0,1.0,0.0,9.0,0,9.19,9.02,82.71,2.57,36.0,330.84,0,0,
test_q4_2024,2024-11-05,841,LOJA 841,18064,NEOSORO SOLUCAO NASAL ADULTO 30ML,45151,A,3,11,33,0.84,5,9.0,0,32.0,0,,32.0,23,2.0102,2.1452,1.77040170630039,2.0,2.0,0.0,7.0,0,9.19,9.02,64.33,0.0,35.0,321.65,0,0,
test_q4_2024,2024-11-06,841,LOJA 841,18064,NEOSORO SOLUCAO NASAL ADULTO 30ML,45151,A,3,11,33,0.84,5,7.0,0,30.0,0,,30.0,23,1.6811,2.1452,1.77040170630039,2.0,2.0,0.0,5.0,0,9.19,9.02,45.95,0.0,33.0,303.27,0,0,
test_q4_2024,2024-11-07,841,LOJA 841,18064,NEOSORO SOLUCAO NASAL ADULTO 30ML,45151,A,3,11,33,0.84,5,28.0,23,28.0,0,,28.0,0,1.5098,2.1452,1.77040170630039,0.0,0.0,0.0,28.0,0,9.19,9.02,257.32,0.0,31.0,284.89,0,0,
test_q4_2024,2024-11-08,841,LOJA 841,18064,NEOSORO SOLUCAO NASAL ADULTO 30ML,45151,A,3,11,33,0.84,5,28.0,0,28.0,0,,28.0,0,2.2802,2.1452,1.77040170630039,0.0,0.0,0.0,28.0,0,9.19,9.02,257.32,0.0,31.0,284.89,0,0,
test_q4_2024,2024-11-09,841,LOJA 841,18064,NEOSORO SOLUCAO NASAL ADULTO 30ML,45151,A,3,11,33,0.84,5,28.0,0,28.0,0,,28.0,0,1.7211,2.1452,1.77040170630039,0.0,0.0,0.0,28.0,0,9.19,9.02,257.32,0.0,31.0,284.89,0,0,
test_q4_2024,2024-11-10,841,LOJA 841,18064,NEOSORO SOLUCAO NASAL ADULTO 30ML,45151,A,3,11,33,0.84,5,28.0,0,28.0,0,,28.0,0,1.8523,2.1452,1.77040170630039,1.0,1.0,0.0,27.0,0,9.19,9.02,248.13,0.0,,,0,0,
test_q4_2024,2024-11-11,841,LOJA 841,18064,NEOSORO SOLUCAO NASAL ADULTO 30ML,45151,A,3,11,33,0.84,5,27.0,0,27.0,0,,27.0,0,1.8427,2.1452,1.77040170630039,1.0,1.0,0.0,26.0,0,9.19,9.02,238.94,0.0,30.0,275.7,0,0,
test_q4_2024,2024-11-12,841,LOJA 841,18064,NEOSORO SOLUCAO NASAL ADULTO 30ML,45151,A,3,11,33,0.84,5,26.0,0,26.0,0,,26.0,0,1.9169,2.1452,1.77040170630039,0.0,0.0,0.0,26.0,0,9.19,9.02,238.94,0.0,29.0,266.51,0,0,
test_q4_2024,2024-11-13,841,LOJA 841,18064,NEOSORO SOLUCAO NASAL ADULTO 30ML,45151,A,3,11,33,0.84,5,26.0,0,26.0,0,,26.0,0,1.6544,2.1452,1.77040170630039,0.0,0.0,0.0,26.0,0,9.19,9.02,238.94,0.0,29.0,266.51,0,0,
test_q4_2024,2024-11-14,841,LOJA 841,18064,NEOSORO SOLUCAO NASAL ADULTO 30ML,45151,A,3,11,33,0.84,5,26.0,0,26.0,0,,26.0,0,1.5098,2.1452,1.77040170630039,0.0,0.0,0.0,26.0,0,9.19,9.02,238.94,0.0,29.0,266.51,0,0,
test_q4_2024,2024-11-15,841,LOJA 841,18064,NEOSORO SOLUCAO NASAL ADULTO 30ML,45151,A,3,11,33,0.84,5,26.0,0,26.0,0,,26.0,0,2.2669,2.1452,1.77040170630039,1.0,1.0,0.0,25.0,0,9.19,9.02,229.75,0.0,29.0,266.51,0,0,
test_q4_2024,2024-11-16,841,LOJA 841,18064,NEOSORO SOLUCAO NASAL ADULTO 30ML,45151,A,3,11,33,0.84,5,25.0,0,25.0,0,,25.0,0,1.6544,2.1452,1.77040170630039,0.0,0.0,0.0,25.0,0,9.19,9.02,229.75,0.0,28.0,257.32,0,0,
test_q4_2024,2024-11-17,841,LOJA 841,18064,NEOSORO SOLUCAO NASAL ADULTO 30ML,45151,A,3,11,33,0.84,5,25.0,0,25.0,0,,25.0,0,1.759,2.1452,1.77040170630039,0.0,0.0,0.0,25.0,0,9.19,9.02,229.75,0.0,,,0,0,
test_q4_2024,2024-11-18,841,LOJA 841,18064,NEOSORO SOLUCAO NASAL ADULTO 30ML,45151,A,3,11,33,0.84,5,25.0,0,25.0,0,,25.0,0,1.8294,2.1452,1.77040170630039,0.0,0.0,0.0,25.0,0,9.19,9.02,229.75,0.0,28.0,257.32,0,0,
test_q4_2024,2024-11-19,841,LOJA 841,18064,NEOSORO SOLUCAO NASAL ADULTO 30ML,45151,A,3,11,33,0.84,5,25.0,0,25.0,0,,25.0,0,1.9302,2.1452,1.77040170630039,3.0,3.0,0.0,22.0,0,9.19,9.02,202.18,0.0,28.0,257.32,0,0,
test_q4_2024,2024-11-20,841,LOJA 841,18064,NEOSORO SOLUCAO NASAL ADULTO 30ML,45151,A,3,11,33,0.84,5,22.0,0,22.0,0,,22.0,0,1.6544,2.1452,1.77040170630039,1.0,1.0,0.0,21.0,0,9.19,9.02,192.99,0.0,28.0,257.32,0,0,
test_q4_2024,2024-11-21,841,LOJA 841,18064,NEOSORO SOLUCAO NASAL ADULTO 30ML,45151,A,3,11,33,0.84,5,21.0,0,21.0,0,,21.0,0,1.5232,2.1452,1.77040170630039,1.0,1.0,0.0,20.0,0,9.19,9.02,183.8,0.0,27.0,248.13,0,0,
test_q4_2024,2024-11-22,841,LOJA 841,18064,NEOSORO SOLUCAO NASAL ADULTO 30ML,45151,A,3,11,33,0.84,5,20.0,0,20.0,0,,20.0,0,2.2669,2.1452,1.77040170630039,1.0,1.0,0.0,19.0,0,9.19,9.02,174.61,0.0,23.0,211.36999999999998,0,0,
test_q4_2024,2024-11-23,841,LOJA 841,18064,NEOSORO SOLUCAO NASAL ADULTO 30ML,45151,A,3,11,33,0.84,5,19.0,0,19.0,0,,19.0,0,1.6144,2.1452,1.77040170630039,0.0,0.0,0.0,19.0,0,9.19,9.02,174.61,0.0,22.0,202.17999999999998,0,0,
test_q4_2024,2024-11-24,841,LOJA 841,18064,NEOSORO SOLUCAO NASAL ADULTO 30ML,45151,A,3,11,33,0.84,5,19.0,0,19.0,0,,19.0,0,1.6923,2.1452,1.77040170630039,4.0,4.0,0.0,15.0,0,9.19,9.02,137.85,0.0,,,0,0,
test_q4_2024,2024-11-25,841,LOJA 841,18064,NEOSORO SOLUCAO NASAL ADULTO 30ML,45151,A,3,11,33,0.84,5,15.0,0,15.0,0,,15.0,0,1.7361,2.1452,1.77040170630039,0.0,0.0,0.0,15.0,0,9.19,9.02,137.85,0.0,18.0,165.42,0,0,
test_q4_2024,2024-11-26,841,LOJA 841,18064,NEOSORO SOLUCAO NASAL ADULTO 30ML,45151,A,3,11,33,0.84,5,15.0,0,15.0,0,,15.0,0,1.8369,2.1452,1.77040170630039,1.0,1.0,0.0,14.0,0,9.19,9.02,128.66,0.0,18.0,165.42,0,0,
test_q4_2024,2024-11-27,841,LOJA 841,18064,NEOSORO SOLUCAO NASAL ADULTO 30ML,45151,A,3,11,33,0.84,5,14.0,0,14.0,0,,14.0,0,1.5877,2.1452,1.77040170630039,2.0,2.0,0.0,12.0,0,9.19,9.02,110.28,0.0,17.0,156.23,0,0,
test_q4_2024,2024-11-28,841,LOJA 841,18064,NEOSORO SOLUCAO NASAL ADULTO 30ML,45151,A,3,11,33,0.84,5,12.0,0,12.0,0,,12.0,0,1.4565,2.1452,1.77040170630039,0.0,0.0,0.0,12.0,0,9.19,9.02,110.28,0.0,15.0,137.85,0,0,
test_q4_2024,2024-11-29,841,LOJA 841,18064,NEOSORO SOLUCAO NASAL ADULTO 30ML,45151,A,3,11,33,0.84,5,12.0,0,12.0,0,,12.0,0,2.2136,2.1452,1.77040170630039,2.0,2.0,0.0,10.0,0,9.19,9.02,91.9,0.0,15.0,137.85,0,0,
test_q4_2024,2024-11-30,841,LOJA 841,18064,NEOSORO SOLUCAO NASAL ADULTO 30ML,45151,A,3,11,33,0.84,5,10.0,0,10.0,23,2024-12-03,33.0,23,1.6011,2.1452,1.77040170630039,0.0,0.0,0.0,10.0,0,9.19,9.02,91.9,2.57,13.0,119.47,0,0,
test_q4_2024,2024-12-01,841,LOJA 841,18064,NEOSORO SOLUCAO NASAL ADULTO 30ML,45151,A,3,11,33,0.84,5,10.0,0,33.0,0,,33.0,23,1.719,2.1452,1.77040170630039,1.0,1.0,0.0,9.0,0,9.19,9.02,82.71,0.0,,,0,0,
test_q4_2024,2024-12-02,841,LOJA 841,18064,NEOSORO SOLUCAO NASAL ADULTO 30ML,45151,A,3,11,33,0.84,5,9.0,0,32.0,0,,32.0,23,1.7627,2.1452,1.77040170630039,0.0,0.0,0.0,9.0,0,9.19,9.02,82.71,0.0,72.0,661.68,0,0,
test_q4_2024,2024-12-03,841,LOJA 841,18064,NEOSORO SOLUCAO NASAL ADULTO 30ML,45151,A,3,11,33,0.84,5,32.0,23,32.0,0,,32.0,0,1.8236,2.1452,1.77040170630039,0.0,0.0,0.0,32.0,0,9.19,9.02,294.08,0.0,72.0,661.68,0,0,
test_q4_2024,2024-12-04,841,LOJA 841,18064,NEOSORO SOLUCAO NASAL ADULTO 30ML,45151,A,3,11,33,0.84,5,32.0,0,32.0,0,,32.0,0,1.5744,2.1452,1.77040170630039,1.0,1.0,0.0,31.0,0,9.19,9.02,284.89,0.0,72.0,661.68,0,0,
test_q4_2024,2024-12-05,841,LOJA 841,18064,NEOSORO SOLUCAO NASAL ADULTO 30ML,45151,A,3,11,33,0.84,5,31.0,0,31.0,0,,31.0,0,1.4565,2.1452,1.77040170630039,0.0,0.0,0.0,31.0,0,9.19,9.02,284.89,0.0,71.0,652.49,0,0,
test_q4_2024,2024-12-06,841,LOJA 841,18064,NEOSORO SOLUCAO NASAL ADULTO 30ML,45151,A,3,11,33,0.84,5,31.0,0,31.0,0,,31.0,0,2.2002,2.1452,1.77040170630039,2.0,2.0,0.0,29.0,0,9.19,9.02,266.51,0.0,71.0,652.49,0,0,
test_q4_2024,2024-12-07,841,LOJA 841,18064,NEOSORO SOLUCAO NASAL ADULTO 30ML,45151,A,3,11,33,0.84,5,29.0,0,29.0,0,,29.0,0,1.5877,2.1452,1.77040170630039,2.0,2.0,0.0,27.0,0,9.19,9.02,248.13,0.0,69.0,634.11,0,0,
test_q4_2024,2024-12-08,841,LOJA 841,18064,NEOSORO SOLUCAO NASAL ADULTO 30ML,45151,A,3,11,33,0.84,5,27.0,0,27.0,0,,27.0,0,1.7323,2.1452,1.77040170630039,1.0,1.0,0.0,26.0,0,9.19,9.02,238.94,0.0,,,0,0,
test_q4_2024,2024-12-09,841,LOJA 841,18064,NEOSORO SOLUCAO NASAL ADULTO 30ML,45151,A,3,11,33,0.84,5,26.0,0,26.0,0,,26.0,0,1.8027,2.1452,1.77040170630039,3.0,3.0,0.0,23.0,0,9.19,9.02,211.37,0.0,66.0,606.54,0,0,
test_q4_2024,2024-12-10,841,LOJA 841,18064,NEOSORO SOLUCAO NASAL ADULTO 30ML,45151,A,3,11,33,0.84,5,23.0,0,23.0,0,,23.0,0,1.9169,2.1452,1.77040170630039,1.0,1.0,0.0,22.0,0,9.19,9.02,202.18,0.0,63.0,578.9699999999999,0,0,
test_q4_2024,2024-12-11,841,LOJA 841,18064,NEOSORO SOLUCAO NASAL ADULTO 30ML,45151,A,3,11,33,0.84,5,22.0,0,22.0,0,,22.0,0,1.6411,2.1452,1.77040170630039,1.0,1.0,0.0,21.0,0,9.19,9.02,192.99,0.0,62.0,569.78,0,0,
test_q4_2024,2024-12-12,841,LOJA 841,18064,NEOSORO SOLUCAO NASAL ADULTO 30ML,45151,A,3,11,33,0.84,5,21.0,0,21.0,0,,21.0,0,1.5232,2.1452,1.77040170630039,1.0,1.0,0.0,20.0,0,9.19,9.02,183.8,0.0,61.0,560.5899999999999,0,0,
test_q4_2024,2024-12-13,841,LOJA 841,18064,NEOSORO SOLUCAO NASAL ADULTO 30ML,45151,A,3,11,33,0.84,5,20.0,0,20.0,0,,20.0,0,2.2802,2.1452,1.77040170630039,1.0,1.0,0.0,19.0,0,9.19,9.02,174.61,0.0,60.0,551.4,0,0,
test_q4_2024,2024-12-14,841,LOJA 841,18064,NEOSORO SOLUCAO NASAL ADULTO 30ML,45151,A,3,11,33,0.84,5,19.0,0,19.0,0,,19.0,0,1.6411,2.1452,1.77040170630039,0.0,0.0,0.0,19.0,0,9.19,9.02,174.61,0.0,60.0,551.4,0,0,
test_q4_2024,2024-12-15,841,LOJA 841,18064,NEOSORO SOLUCAO NASAL ADULTO 30ML,45151,A,3,11,33,0.84,5,19.0,0,19.0,0,,19.0,0,1.8123,2.1452,1.77040170630039,2.0,2.0,0.0,17.0,0,9.19,9.02,156.23,0.0,,,0,0,
test_q4_2024,2024-12-16,841,LOJA 841,18064,NEOSORO SOLUCAO NASAL ADULTO 30ML,45151,A,3,11,33,0.84,5,17.0,0,17.0,0,,17.0,0,1.8561,2.1452,1.77040170630039,0.0,0.0,0.0,17.0,0,9.19,9.02,156.23,0.0,57.0,523.8299999999999,0,0,
test_q4_2024,2024-12-17,841,LOJA 841,18064,NEOSORO SOLUCAO NASAL ADULTO 30ML,45151,A,3,11,33,0.84,5,17.0,0,17.0,0,,17.0,0,1.9569,2.1452,1.77040170630039,0.0,0.0,0.0,17.0,0,9.19,9.02,156.23,0.0,57.0,523.8299999999999,0,0,
test_q4_2024,2024-12-18,841,LOJA 841,18064,NEOSORO SOLUCAO NASAL ADULTO 30ML,45151,A,3,11,33,0.84,5,17.0,0,17.0,0,,17.0,0,1.7211,2.1452,1.77040170630039,0.0,0.0,0.0,17.0,0,9.19,9.02,156.23,0.0,56.0,514.64,0,0,
test_q4_2024,2024-12-19,841,LOJA 841,18064,NEOSORO SOLUCAO NASAL ADULTO 30ML,45151,A,3,11,33,0.84,5,17.0,0,17.0,0,,17.0,0,1.5632,2.1452,1.77040170630039,1.0,1.0,0.0,16.0,0,9.19,9.02,147.04,0.0,56.0,514.64,0,0,
test_q4_2024,2024-12-20,841,LOJA 841,18064,NEOSORO SOLUCAO NASAL ADULTO 30ML,45151,A,3,11,33,0.84,5,16.0,0,16.0,0,,16.0,0,2.2802,2.1452,1.77040170630039,7.0,7.0,0.0,9.0,0,9.19,9.02,82.71,0.0,55.0,505.45,0,0,
test_q4_2024,2024-12-21,841,LOJA 841,18064,NEOSORO SOLUCAO NASAL ADULTO 30ML,45151,A,3,11,33,0.84,5,9.0,0,9.0,24,2024-12-24,33.0,24,1.6544,2.1452,1.77040170630039,1.0,1.0,0.0,8.0,0,9.19,9.02,73.52,2.57,48.0,441.12,0,0,
test_q4_2024,2024-12-22,841,LOJA 841,18064,NEOSORO SOLUCAO NASAL ADULTO 30ML,45151,A,3,11,33,0.84,5,8.0,0,32.0,0,,32.0,24,1.7857,2.1452,1.77040170630039,2.0,2.0,0.0,6.0,0,9.19,9.02,55.14,0.0,,,0,0,
test_q4_2024,2024-12-23,841,LOJA 841,18064,NEOSORO SOLUCAO NASAL ADULTO 30ML,45151,A,3,11,33,0.84,5,6.0,0,30.0,0,,30.0,24,1.8294,2.1452,1.77040170630039,3.0,3.0,0.0,3.0,0,9.19,9.02,27.57,0.0,45.0,413.54999999999995,0,0,
test_q4_2024,2024-12-24,841,LOJA 841,18064,NEOSORO SOLUCAO NASAL ADULTO 30ML,45151,A,3,11,33,0.84,5,27.0,24,27.0,0,,27.0,0,1.9302,2.1452,1.77040170630039,0.0,0.0,0.0,27.0,0,9.19,9.02,248.13,0.0,42.0,385.97999999999996,0,0,
test_q4_2024,2024-12-25,841,LOJA 841,18064,NEOSORO SOLUCAO NASAL ADULTO 30ML,45151,A,3,11,33,0.84,5,27.0,0,27.0,0,,27.0,0,1.6411,2.1452,1.77040170630039,1.0,1.0,0.0,26.0,0,9.19,9.02,238.94,0.0,42.0,385.97999999999996,0,0,
test_q4_2024,2024-12-26,841,LOJA 841,18064,NEOSORO SOLUCAO NASAL ADULTO 30ML,45151,A,3,11,33,0.84,5,26.0,0,26.0,0,,26.0,0,1.5098,2.1452,1.77040170630039,1.0,1.0,0.0,25.0,0,9.19,9.02,229.75,0.0,41.0,376.78999999999996,0,0,
test_q4_2024,2024-12-27,841,LOJA 841,18064,NEOSORO SOLUCAO NASAL ADULTO 30ML,45151,A,3,11,33,0.84,5,25.0,0,25.0,0,,25.0,0,2.2402,2.1452,1.77040170630039,1.0,1.0,0.0,24.0,0,9.19,9.02,220.56,0.0,40.0,367.59999999999997,0,0,
test_q4_2024,2024-12-28,841,LOJA 841,18064,NEOSORO SOLUCAO NASAL ADULTO 30ML,45151,A,3,11,33,0.84,5,24.0,0,24.0,0,,24.0,0,1.6277,2.1452,1.77040170630039,1.0,1.0,0.0,23.0,0,9.19,9.02,211.37,0.0,39.0,358.40999999999997,0,0,
test_q4_2024,2024-12-29,841,LOJA 841,18064,NEOSORO SOLUCAO NASAL ADULTO 30ML,45151,A,3,11,33,0.84,5,23.0,0,23.0,0,,23.0,0,1.759,2.1452,1.77040170630039,1.0,1.0,0.0,22.0,0,9.19,9.02,202.18,0.0,,,0,0,
test_q4_2024,2024-12-30,841,LOJA 841,18064,NEOSORO SOLUCAO NASAL ADULTO 30ML,45151,A,3,11,33,0.84,5,22.0,0,22.0,0,,22.0,0,1.7761,2.1452,1.77040170630039,0.0,0.0,0.0,22.0,0,9.19,9.02,202.18,0.0,37.0,340.03,0,0,
test_q4_2024,2024-12-31,841,LOJA 841,18064,NEOSORO SOLUCAO NASAL ADULTO 30ML,45151,A,3,11,33,0.84,5,22.0,0,22.0,0,,22.0,0,1.8636,2.1452,1.77040170630039,0.0,0.0,0.0,22.0,0,9.19,9.02,202.18,0.0,37.0,340.03,0,0,
test_q4_2024,2024-10-01,841,LOJA 841,20635,ABRILAR XAROPE 100ML,87021,C,3,1,2,0.84,5,2.0,0,2.0,0,,2.0,0,0.0161,0.1856,2.5,0.0,0.0,0.0,2.0,0,35.82,43.04,71.64,0.0,2.0,71.64,0,0,
test_q4_2024,2024-10-02,841,LOJA 841,20635,ABRILAR XAROPE 100ML,87021,C,3,1,2,0.84,5,2.0,0,2.0,0,,2.0,0,0.0161,0.1856,2.5,0.0,0.0,0.0,2.0,0,35.82,43.04,71.64,0.0,2.0,71.64,0,0,
test_q4_2024,2024-10-03,841,LOJA 841,20635,ABRILAR XAROPE 100ML,87021,C,3,1,2,0.84,5,2.0,0,2.0,0,,2.0,0,0.0161,0.1856,2.5,0.0,0.0,0.0,2.0,0,35.82,43.04,71.64,0.0,2.0,71.64,0,0,
test_q4_2024,2024-10-04,841,LOJA 841,20635,ABRILAR XAROPE 100ML,87021,C,3,1,2,0.84,5,2.0,0,2.0,0,,2.0,0,0.0161,0.1856,2.5,0.0,0.0,0.0,2.0,0,35.82,43.04,71.64,0.0,2.0,71.64,0,0,
test_q4_2024,2024-10-05,841,LOJA 841,20635,ABRILAR XAROPE 100ML,87021,C,3,1,2,0.84,5,2.0,0,2.0,0,,2.0,0,0.0161,0.1856,2.5,0.0,0.0,0.0,2.0,0,35.82,43.04,71.64,0.0,2.0,71.64,0,0,
test_q4_2024,2024-10-06,841,LOJA 841,20635,ABRILAR XAROPE 100ML,87021,C,3,1,2,0.84,5,2.0,0,2.0,0,,2.0,0,0.0598,0.1856,2.5,0.0,0.0,0.0,2.0,0,35.82,43.04,71.64,0.0,,,0,0,
test_q4_2024,2024-10-07,841,LOJA 841,20635,ABRILAR XAROPE 100ML,87021,C,3,1,2,0.84,5,2.0,0,2.0,0,,2.0,0,0.0598,0.1856,2.5,0.0,0.0,0.0,2.0,0,35.82,43.04,71.64,0.0,2.0,71.64,0,0,
test_q4_2024,2024-10-08,841,LOJA 841,20635,ABRILAR XAROPE 100ML,87021,C,3,1,2,0.84,5,2.0,0,2.0,0,,2.0,0,0.0161,0.1856,2.5,0.0,0.0,0.0,2.0,0,35.82,43.04,71.64,0.0,2.0,71.64,0,0,
test_q4_2024,2024-10-09,841,LOJA 841,20635,ABRILAR XAROPE 100ML,87021,C,3,1,2,0.84,5,2.0,0,2.0,0,,2.0,0,0.0161,0.1856,2.5,0.0,0.0,0.0,2.0,0,35.82,43.04,71.64,0.0,2.0,71.64,0,0,
test_q4_2024,2024-10-10,841,LOJA 841,20635,ABRILAR XAROPE 100ML,87021,C,3,1,2,0.84,5,2.0,0,2.0,0,,2.0,0,0.0161,0.1856,2.5,0.0,0.0,0.0,2.0,0,35.82,43.04,71.64,0.0,2.0,71.64,0,0,
test_q4_2024,2024-10-11,841,LOJA 841,20635,ABRILAR XAROPE 100ML,87021,C,3,1,2,0.84,5,2.0,0,2.0,0,,2.0,0,0.0161,0.1856,2.5,0.0,0.0,0.0,2.0,0,35.82,43.04,71.64,0.0,2.0,71.64,0,0,
test_q4_2024,2024-10-12,841,LOJA 841,20635,ABRILAR XAROPE 100ML,87021,C,3,1,2,0.84,5,2.0,0,2.0,0,,2.0,0,0.0161,0.1856,2.5,0.0,0.0,0.0,2.0,0,35.82,43.04,71.64,0.0,2.0,71.64,0,0,
test_q4_2024,2024-10-13,841,LOJA 841,20635,ABRILAR XAROPE 100ML,87021,C,3,1,2,0.84,5,2.0,0,2.0,0,,2.0,0,0.0598,0.1856,2.5,0.0,0.0,0.0,2.0,0,35.82,43.04,71.64,0.0,,,0,0,
test_q4_2024,2024-10-14,841,LOJA 841,20635,ABRILAR XAROPE 100ML,87021,C,3,1,2,0.84,5,2.0,0,2.0,0,,2.0,0,0.0598,0.1856,2.5,0.0,0.0,0.0,2.0,0,35.82,43.04,71.64,0.0,2.0,71.64,0,0,
test_q4_2024,2024-10-15,841,LOJA 841,20635,ABRILAR XAROPE 100ML,87021,C,3,1,2,0.84,5,2.0,0,2.0,0,,2.0,0,0.0161,0.1856,2.5,0.0,0.0,0.0,2.0,0,35.82,43.04,71.64,0.0,2.0,71.64,0,0,
test_q4_2024,2024-10-16,841,LOJA 841,20635,ABRILAR XAROPE 100ML,87021,C,3,1,2,0.84,5,2.0,0,2.0,0,,2.0,0,0.0161,0.1856,2.5,0.0,0.0,0.0,2.0,0,35.82,43.04,71.64,0.0,2.0,71.64,0,0,
test_q4_2024,2024-10-17,841,LOJA 841,20635,ABRILAR XAROPE 100ML,87021,C,3,1,2,0.84,5,2.0,0,2.0,0,,2.0,0,0.0161,0.1856,2.5,0.0,0.0,0.0,2.0,0,35.82,43.04,71.64,0.0,2.0,71.64,0,0,
test_q4_2024,2024-10-18,841,LOJA 841,20635,ABRILAR XAROPE 100ML,87021,C,3,1,2,0.84,5,2.0,0,2.0,0,,2.0,0,0.0161,0.1856,2.5,0.0,0.0,0.0,2.0,0,35.82,43.04,71.64,0.0,2.0,71.64,0,0,
test_q4_2024,2024-10-19,841,LOJA 841,20635,ABRILAR XAROPE 100ML,87021,C,3,1,2,0.84,5,2.0,0,2.0,0,,2.0,0,0.0161,0.1856,2.5,0.0,0.0,0.0,2.0,0,35.82,43.04,71.64,0.0,2.0,71.64,0,0,
test_q4_2024,2024-10-20,841,LOJA 841,20635,ABRILAR XAROPE 100ML,87021,C,3,1,2,0.84,5,2.0,0,2.0,0,,2.0,0,0.0598,0.1856,2.5,0.0,0.0,0.0,2.0,0,35.82,43.04,71.64,0.0,,,0,0,
test_q4_2024,2024-10-21,841,LOJA 841,20635,ABRILAR XAROPE 100ML,87021,C,3,1,2,0.84,5,2.0,0,2.0,0,,2.0,0,0.0598,0.1856,2.5,0.0,0.0,0.0,2.0,0,35.82,43.04,71.64,0.0,2.0,71.64,0,0,
test_q4_2024,2024-10-22,841,LOJA 841,20635,ABRILAR XAROPE 100ML,87021,C,3,1,2,0.84,5,2.0,0,2.0,0,,2.0,0,0.0161,0.1856,2.5,0.0,0.0,0.0,2.0,0,35.82,43.04,71.64,0.0,2.0,71.64,0,0,
test_q4_2024,2024-10-23,841,LOJA 841,20635,ABRILAR XAROPE 100ML,87021,C,3,1,2,0.84,5,2.0,0,2.0,0,,2.0,0,0.0161,0.1856,2.5,0.0,0.0,0.0,2.0,0,35.82,43.04,71.64,0.0,2.0,71.64,0,0,
test_q4_2024,2024-10-24,841,LOJA 841,20635,ABRILAR XAROPE 100ML,87021,C,3,1,2,0.84,5,2.0,0,2.0,0,,2.0,0,0.0161,0.1856,2.5,0.0,0.0,0.0,2.0,0,35.82,43.04,71.64,0.0,2.0,71.64,0,0,
test_q4_2024,2024-10-25,841,LOJA 841,20635,ABRILAR XAROPE 100ML,87021,C,3,1,2,0.84,5,2.0,0,2.0,0,,2.0,0,0.0161,0.1856,2.5,0.0,0.0,0.0,2.0,0,35.82,43.04,71.64,0.0,2.0,71.64,0,0,
test_q4_2024,2024-10-26,841,LOJA 841,20635,ABRILAR XAROPE 100ML,87021,C,3,1,2,0.84,5,2.0,0,2.0,0,,2.0,0,0.0161,0.1856,2.5,0.0,0.0,0.0,2.0,0,35.82,43.04,71.64,0.0,2.0,71.64,0,0,
test_q4_2024,2024-10-27,841,LOJA 841,20635,ABRILAR XAROPE 100ML,87021,C,3,1,2,0.84,5,2.0,0,2.0,0,,2.0,0,0.0598,0.1856,2.5,0.0,0.0,0.0,2.0,0,35.82,43.04,71.64,0.0,,,0,0,
test_q4_2024,2024-10-28,841,LOJA 841,20635,ABRILAR XAROPE 100ML,87021,C,3,1,2,0.84,5,2.0,0,2.0,0,,2.0,0,0.0598,0.1856,2.5,0.0,0.0,0.0,2.0,0,35.82,43.04,71.64,0.0,2.0,71.64,0,0,
test_q4_2024,2024-10-29,841,LOJA 841,20635,ABRILAR XAROPE 100ML,87021,C,3,1,2,0.84,5,2.0,0,2.0,0,,2.0,0,0.0161,0.1856,2.5,0.0,0.0,0.0,2.0,0,35.82,43.04,71.64,0.0,2.0,71.64,0,0,
test_q4_2024,2024-10-30,841,LOJA 841,20635,ABRILAR XAROPE 100ML,87021,C,3,1,2,0.84,5,2.0,0,2.0,0,,2.0,0,0.0161,0.1856,2.5,0.0,0.0,0.0,2.0,0,35.82,43.04,71.64,0.0,2.0,71.64,0,0,
test_q4_2024,2024-10-31,841,LOJA 841,20635,ABRILAR XAROPE 100ML,87021,C,3,1,2,0.84,5,2.0,0,2.0,0,,2.0,0,0.0161,0.1856,2.5,0.0,0.0,0.0,2.0,0,35.82,43.04,71.64,0.0,2.0,71.64,0,0,
test_q4_2024,2024-11-01,841,LOJA 841,20635,ABRILAR XAROPE 100ML,87021,C,3,1,2,0.84,5,2.0,0,2.0,0,,2.0,0,0.0161,0.1856,2.5,0.0,0.0,0.0,2.0,0,35.82,43.04,71.64,0.0,2.0,71.64,0,0,
test_q4_2024,2024-11-02,841,LOJA 841,20635,ABRILAR XAROPE 100ML,87021,C,3,1,2,0.84,5,2.0,0,2.0,0,,2.0,0,0.0161,0.1856,2.5,0.0,0.0,0.0,2.0,0,35.82,43.04,71.64,0.0,2.0,71.64,0,0,
test_q4_2024,2024-11-03,841,LOJA 841,20635,ABRILAR XAROPE 100ML,87021,C,3,1,2,0.84,5,2.0,0,2.0,0,,2.0,0,0.0598,0.1856,2.5,0.0,0.0,0.0,2.0,0,35.82,43.04,71.64,0.0,,,0,0,
test_q4_2024,2024-11-04,841,LOJA 841,20635,ABRILAR XAROPE 100ML,87021,C,3,1,2,0.84,5,2.0,0,2.0,0,,2.0,0,0.0598,0.1856,2.5,0.0,0.0,0.0,2.0,0,35.82,43.04,71.64,0.0,2.0,71.64,0,0,
test_q4_2024,2024-11-05,841,LOJA 841,20635,ABRILAR XAROPE 100ML,87021,C,3,1,2,0.84,5,2.0,0,2.0,0,,2.0,0,0.0161,0.1856,2.5,0.0,0.0,0.0,2.0,0,35.82,43.04,71.64,0.0,2.0,71.64,0,0,
test_q4_2024,2024-11-06,841,LOJA 841,20635,ABRILAR XAROPE 100ML,87021,C,3,1,2,0.84,5,2.0,0,2.0,0,,2.0,0,0.0161,0.1856,2.5,0.0,0.0,0.0,2.0,0,35.82,43.04,71.64,0.0,2.0,71.64,0,0,
test_q4_2024,2024-11-07,841,LOJA 841,20635,ABRILAR XAROPE 100ML,87021,C,3,1,2,0.84,5,2.0,0,2.0,0,,2.0,0,0.0161,0.1856,2.5,0.0,0.0,0.0,2.0,0,35.82,43.04,71.64,0.0,2.0,71.64,0,0,
test_q4_2024,2024-11-08,841,LOJA 841,20635,ABRILAR XAROPE 100ML,87021,C,3,1,2,0.84,5,2.0,0,2.0,0,,2.0,0,0.0161,0.1856,2.5,0.0,0.0,0.0,2.0,0,35.82,43.04,71.64,0.0,2.0,71.64,0,0,
test_q4_2024,2024-11-09,841,LOJA 841,20635,ABRILAR XAROPE 100ML,87021,C,3,1,2,0.84,5,2.0,0,2.0,0,,2.0,0,0.0161,0.1856,2.5,0.0,0.0,0.0,2.0,0,35.82,43.04,71.64,0.0,2.0,71.64,0,0,
test_q4_2024,2024-11-10,841,LOJA 841,20635,ABRILAR XAROPE 100ML,87021,C,3,1,2,0.84,5,2.0,0,2.0,0,,2.0,0,0.0598,0.1856,2.5,0.0,0.0,0.0,2.0,0,35.82,43.04,71.64,0.0,,,0,0,
test_q4_2024,2024-11-11,841,LOJA 841,20635,ABRILAR XAROPE 100ML,87021,C,3,1,2,0.84,5,2.0,0,2.0,0,,2.0,0,0.0598,0.1856,2.5,0.0,0.0,0.0,2.0,0,35.82,43.04,71.64,0.0,2.0,71.64,0,0,
test_q4_2024,2024-11-12,841,LOJA 841,20635,ABRILAR XAROPE 100ML,87021,C,3,1,2,0.84,5,2.0,0,2.0,0,,2.0,0,0.0161,0.1856,2.5,0.0,0.0,0.0,2.0,0,35.82,43.04,71.64,0.0,2.0,71.64,0,0,
test_q4_2024,2024-11-13,841,LOJA 841,20635,ABRILAR XAROPE 100ML,87021,C,3,1,2,0.84,5,2.0,0,2.0,0,,2.0,0,0.0161,0.1856,2.5,0.0,0.0,0.0,2.0,0,35.82,43.04,71.64,0.0,2.0,71.64,0,0,
test_q4_2024,2024-11-14,841,LOJA 841,20635,ABRILAR XAROPE 100ML,87021,C,3,1,2,0.84,5,2.0,0,2.0,0,,2.0,0,0.0161,0.1856,2.5,0.0,0.0,0.0,2.0,0,35.82,43.04,71.64,0.0,2.0,71.64,0,0,
test_q4_2024,2024-11-15,841,LOJA 841,20635,ABRILAR XAROPE 100ML,87021,C,3,1,2,0.84,5,2.0,0,2.0,0,,2.0,0,0.0161,0.1856,2.5,1.0,1.0,0.0,1.0,0,35.82,43.04,35.82,0.0,2.0,71.64,0,0,
test_q4_2024,2024-11-16,841,LOJA 841,20635,ABRILAR XAROPE 100ML,87021,C,3,1,2,0.84,5,1.0,0,1.0,1,2024-11-19,2.0,1,0.0161,0.1856,2.5,0.0,0.0,0.0,1.0,0,35.82,43.04,35.82,23.5,1.0,35.82,0,0,
test_q4_2024,2024-11-17,841,LOJA 841,20635,ABRILAR XAROPE 100ML,87021,C,3,1,2,0.84,5,1.0,0,2.0,0,,2.0,1,0.0598,0.1856,2.5,0.0,0.0,0.0,1.0,0,35.82,43.04,35.82,0.0,,,0,0,
test_q4_2024,2024-11-18,841,LOJA 841,20635,ABRILAR XAROPE 100ML,87021,C,3,1,2,0.84,5,1.0,0,2.0,0,,2.0,1,0.0598,0.1856,2.5,0.0,0.0,0.0,1.0,0,35.82,43.04,35.82,0.0,1.0,35.82,0,0,
test_q4_2024,2024-11-19,841,LOJA 841,20635,ABRILAR XAROPE 100ML,87021,C,3,1,2,0.84,5,2.0,1,2.0,0,,2.0,0,0.0161,0.1856,2.5,0.0,0.0,0.0,2.0,0,35.82,43.04,71.64,0.0,1.0,35.82,0,0,
test_q4_2024,2024-11-20,841,LOJA 841,20635,ABRILAR XAROPE 100ML,87021,C,3,1,2,0.84,5,2.0,0,2.0,0,,2.0,0,0.0161,0.1856,2.5,0.0,0.0,0.0,2.0,0,35.82,43.04,71.64,0.0,1.0,35.82,0,0,
test_q4_2024,2024-11-21,841,LOJA 841,20635,ABRILAR XAROPE 100ML,87021,C,3,1,2,0.84,5,2.0,0,2.0,0,,2.0,0,0.0161,0.1856,2.5,0.0,0.0,0.0,2.0,0,35.82,43.04,71.64,0.0,1.0,35.82,0,0,
test_q4_2024,2024-11-22,841,LOJA 841,20635,ABRILAR XAROPE 100ML,87021,C,3,1,2,0.84,5,2.0,0,2.0,0,,2.0,0,0.0161,0.1856,2.5,0.0,0.0,0.0,2.0,0,35.82,43.04,71.64,0.0,1.0,35.82,0,0,
test_q4_2024,2024-11-23,841,LOJA 841,20635,ABRILAR XAROPE 100ML,87021,C,3,1,2,0.84,5,2.0,0,2.0,0,,2.0,0,0.0161,0.1856,2.5,0.0,0.0,0.0,2.0,0,35.82,43.04,71.64,0.0,1.0,35.82,0,0,
test_q4_2024,2024-11-24,841,LOJA 841,20635,ABRILAR XAROPE 100ML,87021,C,3,1,2,0.84,5,2.0,0,2.0,0,,2.0,0,0.0598,0.1856,2.5,0.0,0.0,0.0,2.0,0,35.82,43.04,71.64,0.0,,,0,0,
test_q4_2024,2024-11-25,841,LOJA 841,20635,ABRILAR XAROPE 100ML,87021,C,3,1,2,0.84,5,2.0,0,2.0,0,,2.0,0,0.0598,0.1856,2.5,0.0,0.0,0.0,2.0,0,35.82,43.04,71.64,0.0,1.0,35.82,0,0,
test_q4_2024,2024-11-26,841,LOJA 841,20635,ABRILAR XAROPE 100ML,87021,C,3,1,2,0.84,5,2.0,0,2.0,0,,2.0,0,0.0294,0.1856,2.5,0.0,0.0,0.0,2.0,0,35.82,43.04,71.64,0.0,1.0,35.82,0,0,
test_q4_2024,2024-11-27,841,LOJA 841,20635,ABRILAR XAROPE 100ML,87021,C,3,1,2,0.84,5,2.0,0,2.0,0,,2.0,0,0.0294,0.1856,2.5,0.0,0.0,0.0,2.0,0,35.82,43.04,71.64,0.0,1.0,35.82,0,0,
test_q4_2024,2024-11-28,841,LOJA 841,20635,ABRILAR XAROPE 100ML,87021,C,3,1,2,0.84,5,2.0,0,2.0,0,,2.0,0,0.0294,0.1856,2.5,1.0,1.0,0.0,1.0,0,35.82,43.04,35.82,0.0,1.0,35.82,0,0,
test_q4_2024,2024-11-29,841,LOJA 841,20635,ABRILAR XAROPE 100ML,87021,C,3,1,2,0.84,5,1.0,0,1.0,1,2024-12-02,2.0,1,0.0294,0.1856,2.5,0.0,0.0,0.0,1.0,0,35.82,43.04,35.82,23.5,0.0,0.0,1,0,
test_q4_2024,2024-11-30,841,LOJA 841,20635,ABRILAR XAROPE 100ML,87021,C,3,1,2,0.84,5,1.0,0,2.0,0,,2.0,1,0.0294,0.1856,2.5,0.0,0.0,0.0,1.0,0,35.82,43.04,35.82,0.0,0.0,0.0,1,0,
test_q4_2024,2024-12-01,841,LOJA 841,20635,ABRILAR XAROPE 100ML,87021,C,3,1,2,0.84,5,1.0,0,2.0,0,,2.0,1,0.0732,0.1856,2.5,0.0,0.0,0.0,1.0,0,35.82,43.04,35.82,0.0,,,0,0,
test_q4_2024,2024-12-02,841,LOJA 841,20635,ABRILAR XAROPE 100ML,87021,C,3,1,2,0.84,5,2.0,1,2.0,0,,2.0,0,0.0732,0.1856,2.5,0.0,0.0,0.0,2.0,0,35.82,43.04,71.64,0.0,2.0,71.64,0,0,
test_q4_2024,2024-12-03,841,LOJA 841,20635,ABRILAR XAROPE 100ML,87021,C,3,1,2,0.84,5,2.0,0,2.0,0,,2.0,0,0.0294,0.1856,2.5,0.0,0.0,0.0,2.0,0,35.82,43.04,71.64,0.0,2.0,71.64,0,0,
test_q4_2024,2024-12-04,841,LOJA 841,20635,ABRILAR XAROPE 100ML,87021,C,3,1,2,0.84,5,2.0,0,2.0,0,,2.0,0,0.0294,0.1856,2.5,0.0,0.0,0.0,2.0,0,35.82,43.04,71.64,0.0,2.0,71.64,0,0,
test_q4_2024,2024-12-05,841,LOJA 841,20635,ABRILAR XAROPE 100ML,87021,C,3,1,2,0.84,5,2.0,0,2.0,0,,2.0,0,0.0294,0.1856,2.5,0.0,0.0,0.0,2.0,0,35.82,43.04,71.64,0.0,2.0,71.64,0,0,
test_q4_2024,2024-12-06,841,LOJA 841,20635,ABRILAR XAROPE 100ML,87021,C,3,1,2,0.84,5,2.0,0,2.0,0,,2.0,0,0.0294,0.1856,2.5,0.0,0.0,0.0,2.0,0,35.82,43.04,71.64,0.0,2.0,71.64,0,0,
test_q4_2024,2024-12-07,841,LOJA 841,20635,ABRILAR XAROPE 100ML,87021,C,3,1,2,0.84,5,2.0,0,2.0,0,,2.0,0,0.0294,0.1856,2.5,0.0,0.0,0.0,2.0,0,35.82,43.04,71.64,0.0,2.0,71.64,0,0,
test_q4_2024,2024-12-08,841,LOJA 841,20635,ABRILAR XAROPE 100ML,87021,C,3,1,2,0.84,5,2.0,0,2.0,0,,2.0,0,0.0732,0.1856,2.5,0.0,0.0,0.0,2.0,0,35.82,43.04,71.64,0.0,,,0,0,
test_q4_2024,2024-12-09,841,LOJA 841,20635,ABRILAR XAROPE 100ML,87021,C,3,1,2,0.84,5,2.0,0,2.0,0,,2.0,0,0.0732,0.1856,2.5,0.0,0.0,0.0,2.0,0,35.82,43.04,71.64,0.0,2.0,71.64,0,0,
test_q4_2024,2024-12-10,841,LOJA 841,20635,ABRILAR XAROPE 100ML,87021,C,3,1,2,0.84,5,2.0,0,2.0,0,,2.0,0,0.0294,0.1856,2.5,0.0,0.0,0.0,2.0,0,35.82,43.04,71.64,0.0,2.0,71.64,0,0,
test_q4_2024,2024-12-11,841,LOJA 841,20635,ABRILAR XAROPE 100ML,87021,C,3,1,2,0.84,5,2.0,0,2.0,0,,2.0,0,0.0161,0.1856,2.5,0.0,0.0,0.0,2.0,0,35.82,43.04,71.64,0.0,2.0,71.64,0,0,
test_q4_2024,2024-12-12,841,LOJA 841,20635,ABRILAR XAROPE 100ML,87021,C,3,1,2,0.84,5,2.0,0,2.0,0,,2.0,0,0.0161,0.1856,2.5,0.0,0.0,0.0,2.0,0,35.82,43.04,71.64,0.0,2.0,71.64,0,0,
test_q4_2024,2024-12-13,841,LOJA 841,20635,ABRILAR XAROPE 100ML,87021,C,3,1,2,0.84,5,2.0,0,2.0,0,,2.0,0,0.0161,0.1856,2.5,0.0,0.0,0.0,2.0,0,35.82,43.04,71.64,0.0,2.0,71.64,0,0,
test_q4_2024,2024-12-14,841,LOJA 841,20635,ABRILAR XAROPE 100ML,87021,C,3,1,2,0.84,5,2.0,0,2.0,0,,2.0,0,0.0161,0.1856,2.5,0.0,0.0,0.0,2.0,0,35.82,43.04,71.64,0.0,2.0,71.64,0,0,
test_q4_2024,2024-12-15,841,LOJA 841,20635,ABRILAR XAROPE 100ML,87021,C,3,1,2,0.84,5,2.0,0,2.0,0,,2.0,0,0.0598,0.1856,2.5,0.0,0.0,0.0,2.0,0,35.82,43.04,71.64,0.0,,,0,0,
test_q4_2024,2024-12-16,841,LOJA 841,20635,ABRILAR XAROPE 100ML,87021,C,3,1,2,0.84,5,2.0,0,2.0,0,,2.0,0,0.0598,0.1856,2.5,0.0,0.0,0.0,2.0,0,35.82,43.04,71.64,0.0,2.0,71.64,0,0,
test_q4_2024,2024-12-17,841,LOJA 841,20635,ABRILAR XAROPE 100ML,87021,C,3,1,2,0.84,5,2.0,0,2.0,0,,2.0,0,0.0161,0.1856,2.5,0.0,0.0,0.0,2.0,0,35.82,43.04,71.64,0.0,2.0,71.64,0,0,
test_q4_2024,2024-12-18,841,LOJA 841,20635,ABRILAR XAROPE 100ML,87021,C,3,1,2,0.84,5,2.0,0,2.0,0,,2.0,0,0.0161,0.1856,2.5,0.0,0.0,0.0,2.0,0,35.82,43.04,71.64,0.0,2.0,71.64,0,0,
test_q4_2024,2024-12-19,841,LOJA 841,20635,ABRILAR XAROPE 100ML,87021,C,3,1,2,0.84,5,2.0,0,2.0,0,,2.0,0,0.0161,0.1856,2.5,0.0,0.0,0.0,2.0,0,35.82,43.04,71.64,0.0,2.0,71.64,0,0,
test_q4_2024,2024-12-20,841,LOJA 841,20635,ABRILAR XAROPE 100ML,87021,C,3,1,2,0.84,5,2.0,0,2.0,0,,2.0,0,0.0161,0.1856,2.5,0.0,0.0,0.0,2.0,0,35.82,43.04,71.64,0.0,2.0,71.64,0,0,
test_q4_2024,2024-12-21,841,LOJA 841,20635,ABRILAR XAROPE 100ML,87021,C,3,1,2,0.84,5,2.0,0,2.0,0,,2.0,0,0.0161,0.1856,2.5,0.0,0.0,0.0,2.0,0,35.82,43.04,71.64,0.0,2.0,71.64,0,0,
test_q4_2024,2024-12-22,841,LOJA 841,20635,ABRILAR XAROPE 100ML,87021,C,3,1,2,0.84,5,2.0,0,2.0,0,,2.0,0,0.0598,0.1856,2.5,0.0,0.0,0.0,2.0,0,35.82,43.04,71.64,0.0,,,0,0,
test_q4_2024,2024-12-23,841,LOJA 841,20635,ABRILAR XAROPE 100ML,87021,C,3,1,2,0.84,5,2.0,0,2.0,0,,2.0,0,0.0598,0.1856,2.5,0.0,0.0,0.0,2.0,0,35.82,43.04,71.64,0.0,2.0,71.64,0,0,
test_q4_2024,2024-12-24,841,LOJA 841,20635,ABRILAR XAROPE 100ML,87021,C,3,1,2,0.84,5,2.0,0,2.0,0,,2.0,0,0.0161,0.1856,2.5,0.0,0.0,0.0,2.0,0,35.82,43.04,71.64,0.0,2.0,71.64,0,0,
test_q4_2024,2024-12-25,841,LOJA 841,20635,ABRILAR XAROPE 100ML,87021,C,3,1,2,0.84,5,2.0,0,2.0,0,,2.0,0,0.0161,0.1856,2.5,0.0,0.0,0.0,2.0,0,35.82,43.04,71.64,0.0,2.0,71.64,0,0,
test_q4_2024,2024-12-26,841,LOJA 841,20635,ABRILAR XAROPE 100ML,87021,C,3,1,2,0.84,5,2.0,0,2.0,0,,2.0,0,0.0161,0.1856,2.5,0.0,0.0,0.0,2.0,0,35.82,43.04,71.64,0.0,2.0,71.64,0,0,
test_q4_2024,2024-12-27,841,LOJA 841,20635,ABRILAR XAROPE 100ML,87021,C,3,1,2,0.84,5,2.0,0,2.0,0,,2.0,0,0.0161,0.1856,2.5,0.0,0.0,0.0,2.0,0,35.82,43.04,71.64,0.0,2.0,71.64,0,0,
test_q4_2024,2024-12-28,841,LOJA 841,20635,ABRILAR XAROPE 100ML,87021,C,3,1,2,0.84,5,2.0,0,2.0,0,,2.0,0,0.0161,0.1856,2.5,0.0,0.0,0.0,2.0,0,35.82,43.04,71.64,0.0,2.0,71.64,0,0,
test_q4_2024,2024-12-29,841,LOJA 841,20635,ABRILAR XAROPE 100ML,87021,C,3,1,2,0.84,5,2.0,0,2.0,0,,2.0,0,0.0598,0.1856,2.5,0.0,0.0,0.0,2.0,0,35.82,43.04,71.64,0.0,,,0,0,
test_q4_2024,2024-12-30,841,LOJA 841,20635,ABRILAR XAROPE 100ML,87021,C,3,1,2,0.84,5,2.0,0,2.0,0,,2.0,0,0.0598,0.1856,2.5,0.0,0.0,0.0,2.0,0,35.82,43.04,71.64,0.0,2.0,71.64,0,0,
test_q4_2024,2024-12-31,841,LOJA 841,20635,ABRILAR XAROPE 100ML,87021,C,3,1,2,0.84,5,2.0,0,2.0,0,,2.0,0,0.0161,0.1856,2.5,0.0,0.0,0.0,2.0,0,35.82,43.04,71.64,0.0,2.0,71.64,0,0,
test_q4_2024,2024-10-01,841,LOJA 841,21141,PERCOF XAROPE 120ML,96108,A,3,3,4,0.84,5,3.0,1,4.0,0,,4.0,1,0.1402,0.4103,2.5,0.0,0.0,0.0,3.0,0,34.89,44.09,104.67,0.0,3.0,104.67,0,0,
test_q4_2024,2024-10-02,841,LOJA 841,21141,PERCOF XAROPE 120ML,96108,A,3,3,4,0.84,5,3.0,0,4.0,0,,4.0,1,0.1839,0.4103,2.5,0.0,0.0,0.0,3.0,0,34.89,44.09,104.67,0.0,3.0,104.67,0,0,
test_q4_2024,2024-10-03,841,LOJA 841,21141,PERCOF XAROPE 120ML,96108,A,3,3,4,0.84,5,4.0,1,4.0,0,,4.0,0,0.1839,0.4103,2.5,0.0,0.0,0.0,4.0,0,34.89,44.09,139.56,0.0,3.0,104.67,0,0,
test_q4_2024,2024-10-04,841,LOJA 841,21141,PERCOF XAROPE 120ML,96108,A,3,3,4,0.84,5,4.0,0,4.0,0,,4.0,0,0.2277,0.4103,2.5,0.0,0.0,0.0,4.0,0,34.89,44.09,139.56,0.0,5.0,174.45,0,0,
test_q4_2024,2024-10-05,841,LOJA 841,21141,PERCOF XAROPE 120ML,96108,A,3,3,4,0.84,5,4.0,0,4.0,0,,4.0,0,0.1839,0.4103,2.5,0.0,0.0,0.0,4.0,0,34.89,44.09,139.56,0.0,5.0,174.45,0,0,
test_q4_2024,2024-10-06,841,LOJA 841,21141,PERCOF XAROPE 120ML,96108,A,3,3,4,0.84,5,4.0,0,4.0,0,,4.0,0,0.1402,0.4103,2.5,0.0,0.0,0.0,4.0,0,34.89,44.09,139.56,0.0,,,0,0,
test_q4_2024,2024-10-07,841,LOJA 841,21141,PERCOF XAROPE 120ML,96108,A,3,3,4,0.84,5,4.0,0,4.0,0,,4.0,0,0.1802,0.4103,2.5,0.0,0.0,0.0,4.0,0,34.89,44.09,139.56,0.0,5.0,174.45,0,0,
test_q4_2024,2024-10-08,841,LOJA 841,21141,PERCOF XAROPE 120ML,96108,A,3,3,4,0.84,5,4.0,0,4.0,0,,4.0,0,0.1802,0.4103,2.5,0.0,0.0,0.0,4.0,0,34.89,44.09,139.56,0.0,5.0,174.45,0,0,
test_q4_2024,2024-10-09,841,LOJA 841,21141,PERCOF XAROPE 120ML,96108,A,3,3,4,0.84,5,4.0,0,4.0,0,,4.0,0,0.2239,0.4103,2.5,0.0,0.0,0.0,4.0,0,34.89,44.09,139.56,0.0,5.0,174.45,0,0,
test_q4_2024,2024-10-10,841,LOJA 841,21141,PERCOF XAROPE 120ML,96108,A,3,3,4,0.84,5,4.0,0,4.0,0,,4.0,0,0.2239,0.4103,2.5,0.0,0.0,0.0,4.0,0,34.89,44.09,139.56,0.0,5.0,174.45,0,0,
test_q4_2024,2024-10-11,841,LOJA 841,21141,PERCOF XAROPE 120ML,96108,A,3,3,4,0.84,5,4.0,0,4.0,0,,4.0,0,0.2677,0.4103,2.5,1.0,1.0,0.0,3.0,0,34.89,44.09,104.67,0.0,5.0,174.45,0,0,
test_q4_2024,2024-10-12,841,LOJA 841,21141,PERCOF XAROPE 120ML,96108,A,3,3,4,0.84,5,3.0,0,3.0,1,2024-10-15,4.0,1,0.2239,0.4103,2.5,0.0,0.0,0.0,3.0,0,34.89,44.09,104.67,25.97,4.0,139.56,0,0,
test_q4_2024,2024-10-13,841,LOJA 841,21141,PERCOF XAROPE 120ML,96108,A,3,3,4,0.84,5,3.0,0,4.0,0,,4.0,1,0.1802,0.4103,2.5,0.0,0.0,0.0,3.0,0,34.89,44.09,104.67,0.0,,,0,0,
test_q4_2024,2024-10-14,841,LOJA 841,21141,PERCOF XAROPE 120ML,96108,A,3,3,4,0.84,5,3.0,0,4.0,0,,4.0,1,0.1802,0.4103,2.5,0.0,0.0,0.0,3.0,0,34.89,44.09,104.67,0.0,4.0,139.56,0,0,
test_q4_2024,2024-10-15,841,LOJA 841,21141,PERCOF XAROPE 120ML,96108,A,3,3,4,0.84,5,4.0,1,4.0,0,,4.0,0,0.1802,0.4103,2.5,0.0,0.0,0.0,4.0,0,34.89,44.09,139.56,0.0,4.0,139.56,0,0,
test_q4_2024,2024-10-16,841,LOJA 841,21141,PERCOF XAROPE 120ML,96108,A,3,3,4,0.84,5,4.0,0,4.0,0,,4.0,0,0.2239,0.4103,2.5,0.0,0.0,0.0,4.0,0,34.89,44.09,139.56,0.0,4.0,139.56,0,0,
test_q4_2024,2024-10-17,841,LOJA 841,21141,PERCOF XAROPE 120ML,96108,A,3,3,4,0.84,5,4.0,0,4.0,0,,4.0,0,0.2239,0.4103,2.5,0.0,0.0,0.0,4.0,0,34.89,44.09,139.56,0.0,4.0,139.56,0,0,
test_q4_2024,2024-10-18,841,LOJA 841,21141,PERCOF XAROPE 120ML,96108,A,3,3,4,0.84,5,4.0,0,4.0,0,,4.0,0,0.2677,0.4103,2.5,0.0,0.0,0.0,4.0,0,34.89,44.09,139.56,0.0,5.0,174.45,0,0,
test_q4_2024,2024-10-19,841,LOJA 841,21141,PERCOF XAROPE 120ML,96108,A,3,3,4,0.84,5,4.0,0,4.0,0,,4.0,0,0.2239,0.4103,2.5,0.0,0.0,0.0,4.0,0,34.89,44.09,139.56,0.0,5.0,174.45,0,0,
test_q4_2024,2024-10-20,841,LOJA 841,21141,PERCOF XAROPE 120ML,96108,A,3,3,4,0.84,5,4.0,0,4.0,0,,4.0,0,0.1802,0.4103,2.5,1.0,1.0,0.0,3.0,0,34.89,44.09,104.67,0.0,,,0,0,
test_q4_2024,2024-10-21,841,LOJA 841,21141,PERCOF XAROPE 120ML,96108,A,3,3,4,0.84,5,3.0,0,3.0,1,2024-10-24,4.0,1,0.1802,0.4103,2.5,0.0,0.0,0.0,3.0,0,34.89,44.09,104.67,25.97,4.0,139.56,0,0,
test_q4_2024,2024-10-22,841,LOJA 841,21141,PERCOF XAROPE 120ML,96108,A,3,3,4,0.84,5,3.0,0,4.0,0,,4.0,1,0.1402,0.4103,2.5,0.0,0.0,0.0,3.0,0,34.89,44.09,104.67,0.0,4.0,139.56,0,0,
test_q4_2024,2024-10-23,841,LOJA 841,21141,PERCOF XAROPE 120ML,96108,A,3,3,4,0.84,5,3.0,0,4.0,0,,4.0,1,0.1839,0.4103,2.5,0.0,0.0,0.0,3.0,0,34.89,44.09,104.67,0.0,4.0,139.56,0,0,
test_q4_2024,2024-10-24,841,LOJA 841,21141,PERCOF XAROPE 120ML,96108,A,3,3,4,0.84,5,4.0,1,4.0,0,,4.0,0,0.1839,0.4103,2.5,0.0,0.0,0.0,4.0,0,34.89,44.09,139.56,0.0,4.0,139.56,0,0,
test_q4_2024,2024-10-25,841,LOJA 841,21141,PERCOF XAROPE 120ML,96108,A,3,3,4,0.84,5,4.0,0,4.0,0,,4.0,0,0.2277,0.4103,2.5,0.0,0.0,0.0,4.0,0,34.89,44.09,139.56,0.0,4.0,139.56,0,0,
test_q4_2024,2024-10-26,841,LOJA 841,21141,PERCOF XAROPE 120ML,96108,A,3,3,4,0.84,5,4.0,0,4.0,0,,4.0,0,0.1839,0.4103,2.5,0.0,0.0,0.0,4.0,0,34.89,44.09,139.56,0.0,4.0,139.56,0,0,
test_q4_2024,2024-10-27,841,LOJA 841,21141,PERCOF XAROPE 120ML,96108,A,3,3,4,0.84,5,4.0,0,4.0,0,,4.0,0,0.1402,0.4103,2.5,1.0,1.0,0.0,3.0,0,34.89,44.09,104.67,0.0,,,0,0,
test_q4_2024,2024-10-28,841,LOJA 841,21141,PERCOF XAROPE 120ML,96108,A,3,3,4,0.84,5,3.0,0,3.0,1,2024-10-31,4.0,1,0.1402,0.4103,2.5,0.0,0.0,0.0,3.0,0,34.89,44.09,104.67,25.97,3.0,104.67,0,0,
test_q4_2024,2024-10-29,841,LOJA 841,21141,PERCOF XAROPE 120ML,96108,A,3,3,4,0.84,5,3.0,0,4.0,0,,4.0,1,0.1402,0.4103,2.5,0.0,0.0,0.0,3.0,0,34.89,44.09,104.67,0.0,3.0,104.67,0,0,
test_q4_2024,2024-10-30,841,LOJA 841,21141,PERCOF XAROPE 120ML,96108,A,3,3,4,0.84,5,3.0,0,4.0,0,,4.0,1,0.1839,0.4103,2.5,0.0,0.0,0.0,3.0,0,34.89,44.09,104.67,0.0,3.0,104.67,0,0,
test_q4_2024,2024-10-31,841,LOJA 841,21141,PERCOF XAROPE 120ML,96108,A,3,3,4,0.84,5,4.0,1,4.0,0,,4.0,0,0.1973,0.4103,2.5,0.0,0.0,0.0,4.0,0,34.89,44.09,139.56,0.0,4.0,139.56,0,0,
test_q4_2024,2024-11-01,841,LOJA 841,21141,PERCOF XAROPE 120ML,96108,A,3,3,4,0.84,5,4.0,0,4.0,0,,4.0,0,0.241,0.4103,2.5,0.0,0.0,0.0,4.0,0,34.89,44.09,139.56,0.0,4.0,139.56,0,0,
test_q4_2024,2024-11-02,841,LOJA 841,21141,PERCOF XAROPE 120ML,96108,A,3,3,4,0.84,5,4.0,0,4.0,0,,4.0,0,0.1973,0.4103,2.5,1.0,1.0,0.0,3.0,0,34.89,44.09,104.67,0.0,4.0,139.56,0,0,
test_q4_2024,2024-11-03,841,LOJA 841,21141,PERCOF XAROPE 120ML,96108,A,3,3,4,0.84,5,3.0,0,3.0,1,2024-11-06,4.0,1,0.1535,0.4103,2.5,0.0,0.0,0.0,3.0,0,34.89,44.09,104.67,25.97,,,0,0,
test_q4_2024,2024-11-04,841,LOJA 841,21141,PERCOF XAROPE 120ML,96108,A,3,3,4,0.84,5,3.0,0,4.0,0,,4.0,1,0.1535,0.4103,2.5,0.0,0.0,0.0,3.0,0,34.89,44.09,104.67,0.0,3.0,104.67,0,0,
test_q4_2024,2024-11-05,841,LOJA 841,21141,PERCOF XAROPE 120ML,96108,A,3,3,4,0.84,5,3.0,0,4.0,0,,4.0,1,0.1535,0.4103,2.5,0.0,0.0,0.0,3.0,0,34.89,44.09,104.67,0.0,3.0,104.67,0,0,
test_q4_2024,2024-11-06,841,LOJA 841,21141,PERCOF XAROPE 120ML,96108,A,3,3,4,0.84,5,4.0,1,4.0,0,,4.0,0,0.1973,0.4103,2.5,0.0,0.0,0.0,4.0,0,34.89,44.09,139.56,0.0,4.0,139.56,0,0,
test_q4_2024,2024-11-07,841,LOJA 841,21141,PERCOF XAROPE 120ML,96108,A,3,3,4,0.84,5,4.0,0,4.0,0,,4.0,0,0.1973,0.4103,2.5,0.0,0.0,0.0,4.0,0,34.89,44.09,139.56,0.0,4.0,139.56,0,0,
test_q4_2024,2024-11-08,841,LOJA 841,21141,PERCOF XAROPE 120ML,96108,A,3,3,4,0.84,5,4.0,0,4.0,0,,4.0,0,0.241,0.4103,2.5,0.0,0.0,0.0,4.0,0,34.89,44.09,139.56,0.0,4.0,139.56,0,0,
test_q4_2024,2024-11-09,841,LOJA 841,21141,PERCOF XAROPE 120ML,96108,A,3,3,4,0.84,5,4.0,0,4.0,0,,4.0,0,0.1973,0.4103,2.5,0.0,0.0,0.0,4.0,0,34.89,44.09,139.56,0.0,4.0,139.56,0,0,
test_q4_2024,2024-11-10,841,LOJA 841,21141,PERCOF XAROPE 120ML,96108,A,3,3,4,0.84,5,4.0,0,4.0,0,,4.0,0,0.1535,0.4103,2.5,0.0,0.0,0.0,4.0,0,34.89,44.09,139.56,0.0,,,0,0,
test_q4_2024,2024-11-11,841,LOJA 841,21141,PERCOF XAROPE 120ML,96108,A,3,3,4,0.84,5,4.0,0,4.0,0,,4.0,0,0.1535,0.4103,2.5,1.0,1.0,0.0,3.0,0,34.89,44.09,104.67,0.0,4.0,139.56,0,0,
test_q4_2024,2024-11-12,841,LOJA 841,21141,PERCOF XAROPE 120ML,96108,A,3,3,4,0.84,5,3.0,0,3.0,1,2024-11-15,4.0,1,0.1535,0.4103,2.5,0.0,0.0,0.0,3.0,0,34.89,44.09,104.67,25.97,3.0,104.67,0,0,
test_q4_2024,2024-11-13,841,LOJA 841,21141,PERCOF XAROPE 120ML,96108,A,3,3,4,0.84,5,3.0,0,4.0,0,,4.0,1,0.1973,0.4103,2.5,0.0,0.0,0.0,3.0,0,34.89,44.09,104.67,0.0,3.0,104.67,0,0,
test_q4_2024,2024-11-14,841,LOJA 841,21141,PERCOF XAROPE 120ML,96108,A,3,3,4,0.84,5,3.0,0,4.0,0,,4.0,1,0.1973,0.4103,2.5,0.0,0.0,0.0,3.0,0,34.89,44.09,104.67,0.0,3.0,104.67,0,0,
test_q4_2024,2024-11-15,841,LOJA 841,21141,PERCOF XAROPE 120ML,96108,A,3,3,4,0.84,5,4.0,1,4.0,0,,4.0,0,0.2277,0.4103,2.5,0.0,0.0,0.0,4.0,0,34.89,44.09,139.56,0.0,3.0,104.67,0,0,
test_q4_2024,2024-11-16,841,LOJA 841,21141,PERCOF XAROPE 120ML,96108,A,3,3,4,0.84,5,4.0,0,4.0,0,,4.0,0,0.1839,0.4103,2.5,0.0,0.0,0.0,4.0,0,34.89,44.09,139.56,0.0,3.0,104.67,0,0,
test_q4_2024,2024-11-17,841,LOJA 841,21141,PERCOF XAROPE 120ML,96108,A,3,3,4,0.84,5,4.0,0,4.0,0,,4.0,0,0.1402,0.4103,2.5,0.0,0.0,0.0,4.0,0,34.89,44.09,139.56,0.0,,,0,0,
test_q4_2024,2024-11-18,841,LOJA 841,21141,PERCOF XAROPE 120ML,96108,A,3,3,4,0.84,5,4.0,0,4.0,0,,4.0,0,0.1402,0.4103,2.5,0.0,0.0,0.0,4.0,0,34.89,44.09,139.56,0.0,4.0,139.56,0,0,
test_q4_2024,2024-11-19,841,LOJA 841,21141,PERCOF XAROPE 120ML,96108,A,3,3,4,0.84,5,4.0,0,4.0,0,,4.0,0,0.1402,0.4103,2.5,0.0,0.0,0.0,4.0,0,34.89,44.09,139.56,0.0,4.0,139.56,0,0,
test_q4_2024,2024-11-20,841,LOJA 841,21141,PERCOF XAROPE 120ML,96108,A,3,3,4,0.84,5,4.0,0,4.0,0,,4.0,0,0.1839,0.4103,2.5,0.0,0.0,0.0,4.0,0,34.89,44.09,139.56,0.0,4.0,139.56,0,0,
test_q4_2024,2024-11-21,841,LOJA 841,21141,PERCOF XAROPE 120ML,96108,A,3,3,4,0.84,5,4.0,0,4.0,0,,4.0,0,0.1839,0.4103,2.5,0.0,0.0,0.0,4.0,0,34.89,44.09,139.56,0.0,4.0,139.56,0,0,
test_q4_2024,2024-11-22,841,LOJA 841,21141,PERCOF XAROPE 120ML,96108,A,3,3,4,0.84,5,4.0,0,4.0,0,,4.0,0,0.241,0.4103,2.5,0.0,0.0,0.0,4.0,0,34.89,44.09,139.56,0.0,4.0,139.56,0,0,
test_q4_2024,2024-11-23,841,LOJA 841,21141,PERCOF XAROPE 120ML,96108,A,3,3,4,0.84,5,4.0,0,4.0,0,,4.0,0,0.1973,0.4103,2.5,0.0,0.0,0.0,4.0,0,34.89,44.09,139.56,0.0,4.0,139.56,0,0,
test_q4_2024,2024-11-24,841,LOJA 841,21141,PERCOF XAROPE 120ML,96108,A,3,3,4,0.84,5,4.0,0,4.0,0,,4.0,0,0.1535,0.4103,2.5,0.0,0.0,0.0,4.0,0,34.89,44.09,139.56,0.0,,,0,0,
test_q4_2024,2024-11-25,841,LOJA 841,21141,PERCOF XAROPE 120ML,96108,A,3,3,4,0.84,5,4.0,0,4.0,0,,4.0,0,0.1535,0.4103,2.5,0.0,0.0,0.0,4.0,0,34.89,44.09,139.56,0.0,4.0,139.56,0,0,
test_q4_2024,2024-11-26,841,LOJA 841,21141,PERCOF XAROPE 120ML,96108,A,3,3,4,0.84,5,4.0,0,4.0,0,,4.0,0,0.1535,0.4103,2.5,0.0,0.0,0.0,4.0,0,34.89,44.09,139.56,0.0,4.0,139.56,0,0,
test_q4_2024,2024-11-27,841,LOJA 841,21141,PERCOF XAROPE 120ML,96108,A,3,3,4,0.84,5,4.0,0,4.0,0,,4.0,0,0.1973,0.4103,2.5,0.0,0.0,0.0,4.0,0,34.89,44.09,139.56,0.0,4.0,139.56,0,0,
test_q4_2024,2024-11-28,841,LOJA 841,21141,PERCOF XAROPE 120ML,96108,A,3,3,4,0.84,5,4.0,0,4.0,0,,4.0,0,0.1973,0.4103,2.5,0.0,0.0,0.0,4.0,0,34.89,44.09,139.56,0.0,4.0,139.56,0,0,
test_q4_2024,2024-11-29,841,LOJA 841,21141,PERCOF XAROPE 120ML,96108,A,3,3,4,0.84,5,4.0,0,4.0,0,,4.0,0,0.241,0.4103,2.5,0.0,0.0,0.0,4.0,0,34.89,44.09,139.56,0.0,4.0,139.56,0,0,
test_q4_2024,2024-11-30,841,LOJA 841,21141,PERCOF XAROPE 120ML,96108,A,3,3,4,0.84,5,4.0,0,4.0,0,,4.0,0,0.1973,0.4103,2.5,0.0,0.0,0.0,4.0,0,34.89,44.09,139.56,0.0,4.0,139.56,0,0,
test_q4_2024,2024-12-01,841,LOJA 841,21141,PERCOF XAROPE 120ML,96108,A,3,3,4,0.84,5,4.0,0,4.0,0,,4.0,0,0.1535,0.4103,2.5,0.0,0.0,0.0,4.0,0,34.89,44.09,139.56,0.0,,,0,0,
test_q4_2024,2024-12-02,841,LOJA 841,21141,PERCOF XAROPE 120ML,96108,A,3,3,4,0.84,5,4.0,0,4.0,0,,4.0,0,0.1535,0.4103,2.5,0.0,0.0,0.0,4.0,0,34.89,44.09,139.56,0.0,4.0,139.56,0,0,
test_q4_2024,2024-12-03,841,LOJA 841,21141,PERCOF XAROPE 120ML,96108,A,3,3,4,0.84,5,4.0,0,4.0,0,,4.0,0,0.1535,0.4103,2.5,0.0,0.0,0.0,4.0,0,34.89,44.09,139.56,0.0,4.0,139.56,0,0,
test_q4_2024,2024-12-04,841,LOJA 841,21141,PERCOF XAROPE 120ML,96108,A,3,3,4,0.84,5,4.0,0,4.0,0,,4.0,0,0.1973,0.4103,2.5,0.0,0.0,0.0,4.0,0,34.89,44.09,139.56,0.0,4.0,139.56,0,0,
test_q4_2024,2024-12-05,841,LOJA 841,21141,PERCOF XAROPE 120ML,96108,A,3,3,4,0.84,5,4.0,0,4.0,0,,4.0,0,0.1973,0.4103,2.5,0.0,0.0,0.0,4.0,0,34.89,44.09,139.56,0.0,4.0,139.56,0,0,
test_q4_2024,2024-12-06,841,LOJA 841,21141,PERCOF XAROPE 120ML,96108,A,3,3,4,0.84,5,4.0,0,4.0,0,,4.0,0,0.241,0.4103,2.5,0.0,0.0,0.0,4.0,0,34.89,44.09,139.56,0.0,4.0,139.56,0,0,
test_q4_2024,2024-12-07,841,LOJA 841,21141,PERCOF XAROPE 120ML,96108,A,3,3,4,0.84,5,4.0,0,4.0,0,,4.0,0,0.1839,0.4103,2.5,0.0,0.0,0.0,4.0,0,34.89,44.09,139.56,0.0,4.0,139.56,0,0,
test_q4_2024,2024-12-08,841,LOJA 841,21141,PERCOF XAROPE 120ML,96108,A,3,3,4,0.84,5,4.0,0,4.0,0,,4.0,0,0.1402,0.4103,2.5,0.0,0.0,0.0,4.0,0,34.89,44.09,139.56,0.0,,,0,0,
test_q4_2024,2024-12-09,841,LOJA 841,21141,PERCOF XAROPE 120ML,96108,A,3,3,4,0.84,5,4.0,0,4.0,0,,4.0,0,0.1402,0.4103,2.5,0.0,0.0,0.0,4.0,0,34.89,44.09,139.56,0.0,4.0,139.56,0,0,
test_q4_2024,2024-12-10,841,LOJA 841,21141,PERCOF XAROPE 120ML,96108,A,3,3,4,0.84,5,4.0,0,4.0,0,,4.0,0,0.1402,0.4103,2.5,0.0,0.0,0.0,4.0,0,34.89,44.09,139.56,0.0,5.0,174.45,0,0,
test_q4_2024,2024-12-11,841,LOJA 841,21141,PERCOF XAROPE 120ML,96108,A,3,3,4,0.84,5,4.0,0,4.0,0,,4.0,0,0.1839,0.4103,2.5,0.0,0.0,0.0,4.0,0,34.89,44.09,139.56,0.0,5.0,174.45,0,0,
test_q4_2024,2024-12-12,841,LOJA 841,21141,PERCOF XAROPE 120ML,96108,A,3,3,4,0.84,5,4.0,0,4.0,0,,4.0,0,0.1839,0.4103,2.5,1.0,1.0,0.0,3.0,0,34.89,44.09,104.67,0.0,5.0,174.45,0,0,
test_q4_2024,2024-12-13,841,LOJA 841,21141,PERCOF XAROPE 120ML,96108,A,3,3,4,0.84,5,3.0,0,3.0,1,2024-12-16,4.0,1,0.2277,0.4103,2.5,0.0,0.0,0.0,3.0,0,34.89,44.09,104.67,25.97,4.0,139.56,0,0,
test_q4_2024,2024-12-14,841,LOJA 841,21141,PERCOF XAROPE 120ML,96108,A,3,3,4,0.84,5,3.0,0,4.0,0,,4.0,1,0.1839,0.4103,2.5,0.0,0.0,0.0,3.0,0,34.89,44.09,104.67,0.0,4.0,139.56,0,0,
test_q4_2024,2024-12-15,841,LOJA 841,21141,PERCOF XAROPE 120ML,96108,A,3,3,4,0.84,5,3.0,0,4.0,0,,4.0,1,0.1402,0.4103,2.5,0.0,0.0,0.0,3.0,0,34.89,44.09,104.67,0.0,,,0,0,
test_q4_2024,2024-12-16,841,LOJA 841,21141,PERCOF XAROPE 120ML,96108,A,3,3,4,0.84,5,4.0,1,4.0,0,,4.0,0,0.1402,0.4103,2.5,0.0,0.0,0.0,4.0,0,34.89,44.09,139.56,0.0,4.0,139.56,0,0,
test_q4_2024,2024-12-17,841,LOJA 841,21141,PERCOF XAROPE 120ML,96108,A,3,3,4,0.84,5,4.0,0,4.0,0,,4.0,0,0.1402,0.4103,2.5,0.0,0.0,0.0,4.0,0,34.89,44.09,139.56,0.0,4.0,139.56,0,0,
test_q4_2024,2024-12-18,841,LOJA 841,21141,PERCOF XAROPE 120ML,96108,A,3,3,4,0.84,5,4.0,0,4.0,0,,4.0,0,0.1839,0.4103,2.5,0.0,0.0,0.0,4.0,0,34.89,44.09,139.56,0.0,4.0,139.56,0,0,
test_q4_2024,2024-12-19,841,LOJA 841,21141,PERCOF XAROPE 120ML,96108,A,3,3,4,0.84,5,4.0,0,4.0,0,,4.0,0,0.1839,0.4103,2.5,0.0,0.0,0.0,4.0,0,34.89,44.09,139.56,0.0,5.0,174.45,0,0,
test_q4_2024,2024-12-20,841,LOJA 841,21141,PERCOF XAROPE 120ML,96108,A,3,3,4,0.84,5,4.0,0,4.0,0,,4.0,0,0.2277,0.4103,2.5,0.0,0.0,0.0,4.0,0,34.89,44.09,139.56,0.0,5.0,174.45,0,0,
test_q4_2024,2024-12-21,841,LOJA 841,21141,PERCOF XAROPE 120ML,96108,A,3,3,4,0.84,5,4.0,0,4.0,0,,4.0,0,0.1839,0.4103,2.5,0.0,0.0,0.0,4.0,0,34.89,44.09,139.56,0.0,5.0,174.45,0,0,
test_q4_2024,2024-12-22,841,LOJA 841,21141,PERCOF XAROPE 120ML,96108,A,3,3,4,0.84,5,4.0,0,4.0,0,,4.0,0,0.1402,0.4103,2.5,0.0,0.0,0.0,4.0,0,34.89,44.09,139.56,0.0,,,0,0,
test_q4_2024,2024-12-23,841,LOJA 841,21141,PERCOF XAROPE 120ML,96108,A,3,3,4,0.84,5,4.0,0,4.0,0,,4.0,0,0.1402,0.4103,2.5,0.0,0.0,0.0,4.0,0,34.89,44.09,139.56,0.0,5.0,174.45,0,0,
test_q4_2024,2024-12-24,841,LOJA 841,21141,PERCOF XAROPE 120ML,96108,A,3,3,4,0.84,5,4.0,0,4.0,0,,4.0,0,0.1402,0.4103,2.5,0.0,0.0,0.0,4.0,0,34.89,44.09,139.56,0.0,5.0,174.45,0,0,
test_q4_2024,2024-12-25,841,LOJA 841,21141,PERCOF XAROPE 120ML,96108,A,3,3,4,0.84,5,4.0,0,4.0,0,,4.0,0,0.1839,0.4103,2.5,1.0,1.0,0.0,3.0,0,34.89,44.09,104.67,0.0,5.0,174.45,0,0,
test_q4_2024,2024-12-26,841,LOJA 841,21141,PERCOF XAROPE 120ML,96108,A,3,3,4,0.84,5,3.0,0,3.0,1,2024-12-29,4.0,1,0.1973,0.4103,2.5,1.0,1.0,0.0,2.0,0,34.89,44.09,69.78,25.97,4.0,139.56,0,0,
test_q4_2024,2024-12-27,841,LOJA 841,21141,PERCOF XAROPE 120ML,96108,A,3,3,4,0.84,5,2.0,0,3.0,1,2024-12-30,4.0,2,0.241,0.4103,2.5,0.0,0.0,0.0,2.0,0,34.89,44.09,69.78,25.97,3.0,104.67,0,0,
test_q4_2024,2024-12-28,841,LOJA 841,21141,PERCOF XAROPE 120ML,96108,A,3,3,4,0.84,5,2.0,0,4.0,0,,4.0,2,0.1973,0.4103,2.5,0.0,0.0,0.0,2.0,0,34.89,44.09,69.78,0.0,3.0,104.67,0,0,
test_q4_2024,2024-12-29,841,LOJA 841,21141,PERCOF XAROPE 120ML,96108,A,3,3,4,0.84,5,3.0,1,4.0,0,,4.0,1,0.1535,0.4103,2.5,1.0,1.0,0.0,2.0,0,34.89,44.09,69.78,0.0,,,0,0,
test_q4_2024,2024-12-30,841,LOJA 841,21141,PERCOF XAROPE 120ML,96108,A,3,3,4,0.84,5,3.0,1,3.0,1,2025-01-02,4.0,1,0.1535,0.4103,2.5,1.0,1.0,0.0,2.0,0,34.89,44.09,69.78,25.97,4.0,139.56,0,0,
test_q4_2024,2024-12-31,841,LOJA 841,21141,PERCOF XAROPE 120ML,96108,A,3,3,4,0.84,5,2.0,0,3.0,1,2025-01-03,4.0,2,0.1535,0.4103,2.5,0.0,0.0,0.0,2.0,0,34.89,44.09,69.78,25.97,3.0,104.67,0,0,
test_q4_2024,2024-10-01,841,LOJA 841,31330,ABRILAR XAROPE 200ML,87021,C,3,1,2,0.84,5,2.0,0,2.0,0,,2.0,0,0.0,0.0,2.5,0.0,0.0,0.0,2.0,0,78.55,95.01,157.1,0.0,2.0,157.1,0,0,
test_q4_2024,2024-10-02,841,LOJA 841,31330,ABRILAR XAROPE 200ML,87021,C,3,1,2,0.84,5,2.0,0,2.0,0,,2.0,0,0.0,0.0,2.5,0.0,0.0,0.0,2.0,0,78.55,95.01,157.1,0.0,2.0,157.1,0,0,
test_q4_2024,2024-10-03,841,LOJA 841,31330,ABRILAR XAROPE 200ML,87021,C,3,1,2,0.84,5,2.0,0,2.0,0,,2.0,0,0.0,0.0,2.5,0.0,0.0,0.0,2.0,0,78.55,95.01,157.1,0.0,2.0,157.1,0,0,
test_q4_2024,2024-10-04,841,LOJA 841,31330,ABRILAR XAROPE 200ML,87021,C,3,1,2,0.84,5,2.0,0,2.0,0,,2.0,0,0.0,0.0,2.5,0.0,0.0,0.0,2.0,0,78.55,95.01,157.1,0.0,2.0,157.1,0,0,
test_q4_2024,2024-10-05,841,LOJA 841,31330,ABRILAR XAROPE 200ML,87021,C,3,1,2,0.84,5,2.0,0,2.0,0,,2.0,0,0.0,0.0,2.5,0.0,0.0,0.0,2.0,0,78.55,95.01,157.1,0.0,2.0,157.1,0,0,
test_q4_2024,2024-10-06,841,LOJA 841,31330,ABRILAR XAROPE 200ML,87021,C,3,1,2,0.84,5,2.0,0,2.0,0,,2.0,0,0.0,0.0,2.5,0.0,0.0,0.0,2.0,0,78.55,95.01,157.1,0.0,,,0,0,
test_q4_2024,2024-10-07,841,LOJA 841,31330,ABRILAR XAROPE 200ML,87021,C,3,1,2,0.84,5,2.0,0,2.0,0,,2.0,0,0.0,0.0,2.5,0.0,0.0,0.0,2.0,0,78.55,95.01,157.1,0.0,2.0,157.1,0,0,
test_q4_2024,2024-10-08,841,LOJA 841,31330,ABRILAR XAROPE 200ML,87021,C,3,1,2,0.84,5,2.0,0,2.0,0,,2.0,0,0.0,0.0,2.5,0.0,0.0,0.0,2.0,0,78.55,95.01,157.1,0.0,2.0,157.1,0,0,
test_q4_2024,2024-10-09,841,LOJA 841,31330,ABRILAR XAROPE 200ML,87021,C,3,1,2,0.84,5,2.0,0,2.0,0,,2.0,0,0.0,0.0,2.5,0.0,0.0,0.0,2.0,0,78.55,95.01,157.1,0.0,2.0,157.1,0,0,
test_q4_2024,2024-10-10,841,LOJA 841,31330,ABRILAR XAROPE 200ML,87021,C,3,1,2,0.84,5,2.0,0,2.0,0,,2.0,0,0.0,0.0,2.5,0.0,0.0,0.0,2.0,0,78.55,95.01,157.1,0.0,2.0,157.1,0,0,
test_q4_2024,2024-10-11,841,LOJA 841,31330,ABRILAR XAROPE 200ML,87021,C,3,1,2,0.84,5,2.0,0,2.0,0,,2.0,0,0.0,0.0,2.5,0.0,0.0,0.0,2.0,0,78.55,95.01,157.1,0.0,2.0,157.1,0,0,
test_q4_2024,2024-10-12,841,LOJA 841,31330,ABRILAR XAROPE 200ML,87021,C,3,1,2,0.84,5,2.0,0,2.0,0,,2.0,0,0.0,0.0,2.5,0.0,0.0,0.0,2.0,0,78.55,95.01,157.1,0.0,2.0,157.1,0,0,
test_q4_2024,2024-10-13,841,LOJA 841,31330,ABRILAR XAROPE 200ML,87021,C,3,1,2,0.84,5,2.0,0,2.0,0,,2.0,0,0.0,0.0,2.5,0.0,0.0,0.0,2.0,0,78.55,95.01,157.1,0.0,,,0,0,
test_q4_2024,2024-10-14,841,LOJA 841,31330,ABRILAR XAROPE 200ML,87021,C,3,1,2,0.84,5,2.0,0,2.0,0,,2.0,0,0.0,0.0,2.5,0.0,0.0,0.0,2.0,0,78.55,95.01,157.1,0.0,2.0,157.1,0,0,
test_q4_2024,2024-10-15,841,LOJA 841,31330,ABRILAR XAROPE 200ML,87021,C,3,1,2,0.84,5,2.0,0,2.0,0,,2.0,0,0.0,0.0,2.5,0.0,0.0,0.0,2.0,0,78.55,95.01,157.1,0.0,2.0,157.1,0,0,
test_q4_2024,2024-10-16,841,LOJA 841,31330,ABRILAR XAROPE 200ML,87021,C,3,1,2,0.84,5,2.0,0,2.0,0,,2.0,0,0.0,0.0,2.5,0.0,0.0,0.0,2.0,0,78.55,95.01,157.1,0.0,2.0,157.1,0,0,
test_q4_2024,2024-10-17,841,LOJA 841,31330,ABRILAR XAROPE 200ML,87021,C,3,1,2,0.84,5,2.0,0,2.0,0,,2.0,0,0.0,0.0,2.5,0.0,0.0,0.0,2.0,0,78.55,95.01,157.1,0.0,2.0,157.1,0,0,
test_q4_2024,2024-10-18,841,LOJA 841,31330,ABRILAR XAROPE 200ML,87021,C,3,1,2,0.84,5,2.0,0,2.0,0,,2.0,0,0.0,0.0,2.5,0.0,0.0,0.0,2.0,0,78.55,95.01,157.1,0.0,2.0,157.1,0,0,
test_q4_2024,2024-10-19,841,LOJA 841,31330,ABRILAR XAROPE 200ML,87021,C,3,1,2,0.84,5,2.0,0,2.0,0,,2.0,0,0.0,0.0,2.5,0.0,0.0,0.0,2.0,0,78.55,95.01,157.1,0.0,2.0,157.1,0,0,
test_q4_2024,2024-10-20,841,LOJA 841,31330,ABRILAR XAROPE 200ML,87021,C,3,1,2,0.84,5,2.0,0,2.0,0,,2.0,0,0.0,0.0,2.5,0.0,0.0,0.0,2.0,0,78.55,95.01,157.1,0.0,,,0,0,
test_q4_2024,2024-10-21,841,LOJA 841,31330,ABRILAR XAROPE 200ML,87021,C,3,1,2,0.84,5,2.0,0,2.0,0,,2.0,0,0.0,0.0,2.5,0.0,0.0,0.0,2.0,0,78.55,95.01,157.1,0.0,2.0,157.1,0,0,
test_q4_2024,2024-10-22,841,LOJA 841,31330,ABRILAR XAROPE 200ML,87021,C,3,1,2,0.84,5,2.0,0,2.0,0,,2.0,0,0.0,0.0,2.5,0.0,0.0,0.0,2.0,0,78.55,95.01,157.1,0.0,2.0,157.1,0,0,
test_q4_2024,2024-10-23,841,LOJA 841,31330,ABRILAR XAROPE 200ML,87021,C,3,1,2,0.84,5,2.0,0,2.0,0,,2.0,0,0.0,0.0,2.5,0.0,0.0,0.0,2.0,0,78.55,95.01,157.1,0.0,2.0,157.1,0,0,
test_q4_2024,2024-10-24,841,LOJA 841,31330,ABRILAR XAROPE 200ML,87021,C,3,1,2,0.84,5,2.0,0,2.0,0,,2.0,0,0.0,0.0,2.5,0.0,0.0,0.0,2.0,0,78.55,95.01,157.1,0.0,2.0,157.1,0,0,
test_q4_2024,2024-10-25,841,LOJA 841,31330,ABRILAR XAROPE 200ML,87021,C,3,1,2,0.84,5,2.0,0,2.0,0,,2.0,0,0.0,0.0,2.5,0.0,0.0,0.0,2.0,0,78.55,95.01,157.1,0.0,2.0,157.1,0,0,
test_q4_2024,2024-10-26,841,LOJA 841,31330,ABRILAR XAROPE 200ML,87021,C,3,1,2,0.84,5,2.0,0,2.0,0,,2.0,0,0.0,0.0,2.5,0.0,0.0,0.0,2.0,0,78.55,95.01,157.1,0.0,2.0,157.1,0,0,
test_q4_2024,2024-10-27,841,LOJA 841,31330,ABRILAR XAROPE 200ML,87021,C,3,1,2,0.84,5,2.0,0,2.0,0,,2.0,0,0.0,0.0,2.5,0.0,0.0,0.0,2.0,0,78.55,95.01,157.1,0.0,,,0,0,
test_q4_2024,2024-10-28,841,LOJA 841,31330,ABRILAR XAROPE 200ML,87021,C,3,1,2,0.84,5,2.0,0,2.0,0,,2.0,0,0.0,0.0,2.5,0.0,0.0,0.0,2.0,0,78.55,95.01,157.1,0.0,2.0,157.1,0,0,
test_q4_2024,2024-10-29,841,LOJA 841,31330,ABRILAR XAROPE 200ML,87021,C,3,1,2,0.84,5,2.0,0,2.0,0,,2.0,0,0.0,0.0,2.5,0.0,0.0,0.0,2.0,0,78.55,95.01,157.1,0.0,2.0,157.1,0,0,
test_q4_2024,2024-10-30,841,LOJA 841,31330,ABRILAR XAROPE 200ML,87021,C,3,1,2,0.84,5,2.0,0,2.0,0,,2.0,0,0.0,0.0,2.5,0.0,0.0,0.0,2.0,0,78.55,95.01,157.1,0.0,2.0,157.1,0,0,
test_q4_2024,2024-10-31,841,LOJA 841,31330,ABRILAR XAROPE 200ML,87021,C,3,1,2,0.84,5,2.0,0,2.0,0,,2.0,0,0.0,0.0,2.5,0.0,0.0,0.0,2.0,0,78.55,95.01,157.1,0.0,2.0,157.1,0,0,
test_q4_2024,2024-11-01,841,LOJA 841,31330,ABRILAR XAROPE 200ML,87021,C,3,1,2,0.84,5,2.0,0,2.0,0,,2.0,0,0.0,0.0,2.5,0.0,0.0,0.0,2.0,0,78.55,95.01,157.1,0.0,2.0,157.1,0,0,
test_q4_2024,2024-11-02,841,LOJA 841,31330,ABRILAR XAROPE 200ML,87021,C,3,1,2,0.84,5,2.0,0,2.0,0,,2.0,0,0.0,0.0,2.5,0.0,0.0,0.0,2.0,0,78.55,95.01,157.1,0.0,2.0,157.1,0,0,
test_q4_2024,2024-11-03,841,LOJA 841,31330,ABRILAR XAROPE 200ML,87021,C,3,1,2,0.84,5,2.0,0,2.0,0,,2.0,0,0.0,0.0,2.5,0.0,0.0,0.0,2.0,0,78.55,95.01,157.1,0.0,,,0,0,
test_q4_2024,2024-11-04,841,LOJA 841,31330,ABRILAR XAROPE 200ML,87021,C,3,1,2,0.84,5,2.0,0,2.0,0,,2.0,0,0.0,0.0,2.5,0.0,0.0,0.0,2.0,0,78.55,95.01,157.1,0.0,2.0,157.1,0,0,
test_q4_2024,2024-11-05,841,LOJA 841,31330,ABRILAR XAROPE 200ML,87021,C,3,1,2,0.84,5,2.0,0,2.0,0,,2.0,0,0.0,0.0,2.5,0.0,0.0,0.0,2.0,0,78.55,95.01,157.1,0.0,2.0,157.1,0,0,
test_q4_2024,2024-11-06,841,LOJA 841,31330,ABRILAR XAROPE 200ML,87021,C,3,1,2,0.84,5,2.0,0,2.0,0,,2.0,0,0.0,0.0,2.5,0.0,0.0,0.0,2.0,0,78.55,95.01,157.1,0.0,2.0,157.1,0,0,
test_q4_2024,2024-11-07,841,LOJA 841,31330,ABRILAR XAROPE 200ML,87021,C,3,1,2,0.84,5,2.0,0,2.0,0,,2.0,0,0.0,0.0,2.5,0.0,0.0,0.0,2.0,0,78.55,95.01,157.1,0.0,2.0,157.1,0,0,
test_q4_2024,2024-11-08,841,LOJA 841,31330,ABRILAR XAROPE 200ML,87021,C,3,1,2,0.84,5,2.0,0,2.0,0,,2.0,0,0.0,0.0,2.5,0.0,0.0,0.0,2.0,0,78.55,95.01,157.1,0.0,2.0,157.1,0,0,
test_q4_2024,2024-11-09,841,LOJA 841,31330,ABRILAR XAROPE 200ML,87021,C,3,1,2,0.84,5,2.0,0,2.0,0,,2.0,0,0.0,0.0,2.5,0.0,0.0,0.0,2.0,0,78.55,95.01,157.1,0.0,2.0,157.1,0,0,
test_q4_2024,2024-11-10,841,LOJA 841,31330,ABRILAR XAROPE 200ML,87021,C,3,1,2,0.84,5,2.0,0,2.0,0,,2.0,0,0.0,0.0,2.5,0.0,0.0,0.0,2.0,0,78.55,95.01,157.1,0.0,,,0,0,
test_q4_2024,2024-11-11,841,LOJA 841,31330,ABRILAR XAROPE 200ML,87021,C,3,1,2,0.84,5,2.0,0,2.0,0,,2.0,0,0.0,0.0,2.5,0.0,0.0,0.0,2.0,0,78.55,95.01,157.1,0.0,2.0,157.1,0,0,
test_q4_2024,2024-11-12,841,LOJA 841,31330,ABRILAR XAROPE 200ML,87021,C,3,1,2,0.84,5,2.0,0,2.0,0,,2.0,0,0.0,0.0,2.5,0.0,0.0,0.0,2.0,0,78.55,95.01,157.1,0.0,2.0,157.1,0,0,
test_q4_2024,2024-11-13,841,LOJA 841,31330,ABRILAR XAROPE 200ML,87021,C,3,1,2,0.84,5,2.0,0,2.0,0,,2.0,0,0.0,0.0,2.5,0.0,0.0,0.0,2.0,0,78.55,95.01,157.1,0.0,2.0,157.1,0,0,
test_q4_2024,2024-11-14,841,LOJA 841,31330,ABRILAR XAROPE 200ML,87021,C,3,1,2,0.84,5,2.0,0,2.0,0,,2.0,0,0.0,0.0,2.5,0.0,0.0,0.0,2.0,0,78.55,95.01,157.1,0.0,2.0,157.1,0,0,
test_q4_2024,2024-11-15,841,LOJA 841,31330,ABRILAR XAROPE 200ML,87021,C,3,1,2,0.84,5,2.0,0,2.0,0,,2.0,0,0.0,0.0,2.5,0.0,0.0,0.0,2.0,0,78.55,95.01,157.1,0.0,2.0,157.1,0,0,
test_q4_2024,2024-11-16,841,LOJA 841,31330,ABRILAR XAROPE 200ML,87021,C,3,1,2,0.84,5,2.0,0,2.0,0,,2.0,0,0.0,0.0,2.5,0.0,0.0,0.0,2.0,0,78.55,95.01,157.1,0.0,2.0,157.1,0,0,
test_q4_2024,2024-11-17,841,LOJA 841,31330,ABRILAR XAROPE 200ML,87021,C,3,1,2,0.84,5,2.0,0,2.0,0,,2.0,0,0.0,0.0,2.5,0.0,0.0,0.0,2.0,0,78.55,95.01,157.1,0.0,,,0,0,
test_q4_2024,2024-11-18,841,LOJA 841,31330,ABRILAR XAROPE 200ML,87021,C,3,1,2,0.84,5,2.0,0,2.0,0,,2.0,0,0.0,0.0,2.5,0.0,0.0,0.0,2.0,0,78.55,95.01,157.1,0.0,2.0,157.1,0,0,
test_q4_2024,2024-11-19,841,LOJA 841,31330,ABRILAR XAROPE 200ML,87021,C,3,1,2,0.84,5,2.0,0,2.0,0,,2.0,0,0.0,0.0,2.5,0.0,0.0,0.0,2.0,0,78.55,95.01,157.1,0.0,2.0,157.1,0,0,
test_q4_2024,2024-11-20,841,LOJA 841,31330,ABRILAR XAROPE 200ML,87021,C,3,1,2,0.84,5,2.0,0,2.0,0,,2.0,0,0.0,0.0,2.5,0.0,0.0,0.0,2.0,0,78.55,95.01,157.1,0.0,2.0,157.1,0,0,
test_q4_2024,2024-11-21,841,LOJA 841,31330,ABRILAR XAROPE 200ML,87021,C,3,1,2,0.84,5,2.0,0,2.0,0,,2.0,0,0.0,0.0,2.5,0.0,0.0,0.0,2.0,0,78.55,95.01,157.1,0.0,2.0,157.1,0,0,
test_q4_2024,2024-11-22,841,LOJA 841,31330,ABRILAR XAROPE 200ML,87021,C,3,1,2,0.84,5,2.0,0,2.0,0,,2.0,0,0.0,0.0,2.5,0.0,0.0,0.0,2.0,0,78.55,95.01,157.1,0.0,2.0,157.1,0,0,
test_q4_2024,2024-11-23,841,LOJA 841,31330,ABRILAR XAROPE 200ML,87021,C,3,1,2,0.84,5,2.0,0,2.0,0,,2.0,0,0.0,0.0,2.5,0.0,0.0,0.0,2.0,0,78.55,95.01,157.1,0.0,2.0,157.1,0,0,
test_q4_2024,2024-11-24,841,LOJA 841,31330,ABRILAR XAROPE 200ML,87021,C,3,1,2,0.84,5,2.0,0,2.0,0,,2.0,0,0.0,0.0,2.5,0.0,0.0,0.0,2.0,0,78.55,95.01,157.1,0.0,,,0,0,
test_q4_2024,2024-11-25,841,LOJA 841,31330,ABRILAR XAROPE 200ML,87021,C,3,1,2,0.84,5,2.0,0,2.0,0,,2.0,0,0.0,0.0,2.5,0.0,0.0,0.0,2.0,0,78.55,95.01,157.1,0.0,2.0,157.1,0,0,
test_q4_2024,2024-11-26,841,LOJA 841,31330,ABRILAR XAROPE 200ML,87021,C,3,1,2,0.84,5,2.0,0,2.0,0,,2.0,0,0.0,0.0,2.5,0.0,0.0,0.0,2.0,0,78.55,95.01,157.1,0.0,2.0,157.1,0,0,
test_q4_2024,2024-11-27,841,LOJA 841,31330,ABRILAR XAROPE 200ML,87021,C,3,1,2,0.84,5,2.0,0,2.0,0,,2.0,0,0.0,0.0,2.5,0.0,0.0,0.0,2.0,0,78.55,95.01,157.1,0.0,2.0,157.1,0,0,
test_q4_2024,2024-11-28,841,LOJA 841,31330,ABRILAR XAROPE 200ML,87021,C,3,1,2,0.84,5,2.0,0,2.0,0,,2.0,0,0.0,0.0,2.5,0.0,0.0,0.0,2.0,0,78.55,95.01,157.1,0.0,2.0,157.1,0,0,
test_q4_2024,2024-11-29,841,LOJA 841,31330,ABRILAR XAROPE 200ML,87021,C,3,1,2,0.84,5,2.0,0,2.0,0,,2.0,0,0.0,0.0,2.5,0.0,0.0,0.0,2.0,0,78.55,95.01,157.1,0.0,2.0,157.1,0,0,
test_q4_2024,2024-11-30,841,LOJA 841,31330,ABRILAR XAROPE 200ML,87021,C,3,1,2,0.84,5,2.0,0,2.0,0,,2.0,0,0.0,0.0,2.5,0.0,0.0,0.0,2.0,0,78.55,95.01,157.1,0.0,2.0,157.1,0,0,
test_q4_2024,2024-12-01,841,LOJA 841,31330,ABRILAR XAROPE 200ML,87021,C,3,1,2,0.84,5,2.0,0,2.0,0,,2.0,0,0.0,0.0,2.5,0.0,0.0,0.0,2.0,0,78.55,95.01,157.1,0.0,,,0,0,
test_q4_2024,2024-12-02,841,LOJA 841,31330,ABRILAR XAROPE 200ML,87021,C,3,1,2,0.84,5,2.0,0,2.0,0,,2.0,0,0.0,0.0,2.5,0.0,0.0,0.0,2.0,0,78.55,95.01,157.1,0.0,2.0,157.1,0,0,
test_q4_2024,2024-12-03,841,LOJA 841,31330,ABRILAR XAROPE 200ML,87021,C,3,1,2,0.84,5,2.0,0,2.0,0,,2.0,0,0.0,0.0,2.5,0.0,0.0,0.0,2.0,0,78.55,95.01,157.1,0.0,2.0,157.1,0,0,
test_q4_2024,2024-12-04,841,LOJA 841,31330,ABRILAR XAROPE 200ML,87021,C,3,1,2,0.84,5,2.0,0,2.0,0,,2.0,0,0.0,0.0,2.5,0.0,0.0,0.0,2.0,0,78.55,95.01,157.1,0.0,2.0,157.1,0,0,
test_q4_2024,2024-12-05,841,LOJA 841,31330,ABRILAR XAROPE 200ML,87021,C,3,1,2,0.84,5,2.0,0,2.0,0,,2.0,0,0.0,0.0,2.5,0.0,0.0,0.0,2.0,0,78.55,95.01,157.1,0.0,2.0,157.1,0,0,
test_q4_2024,2024-12-06,841,LOJA 841,31330,ABRILAR XAROPE 200ML,87021,C,3,1,2,0.84,5,2.0,0,2.0,0,,2.0,0,0.0,0.0,2.5,0.0,0.0,0.0,2.0,0,78.55,95.01,157.1,0.0,2.0,157.1,0,0,
test_q4_2024,2024-12-07,841,LOJA 841,31330,ABRILAR XAROPE 200ML,87021,C,3,1,2,0.84,5,2.0,0,2.0,0,,2.0,0,0.0,0.0,2.5,0.0,0.0,0.0,2.0,0,78.55,95.01,157.1,0.0,2.0,157.1,0,0,
test_q4_2024,2024-12-08,841,LOJA 841,31330,ABRILAR XAROPE 200ML,87021,C,3,1,2,0.84,5,2.0,0,2.0,0,,2.0,0,0.0,0.0,2.5,0.0,0.0,0.0,2.0,0,78.55,95.01,157.1,0.0,,,0,0,
test_q4_2024,2024-12-09,841,LOJA 841,31330,ABRILAR XAROPE 200ML,87021,C,3,1,2,0.84,5,2.0,0,2.0,0,,2.0,0,0.0,0.0,2.5,0.0,0.0,0.0,2.0,0,78.55,95.01,157.1,0.0,2.0,157.1,0,0,
test_q4_2024,2024-12-10,841,LOJA 841,31330,ABRILAR XAROPE 200ML,87021,C,3,1,2,0.84,5,2.0,0,2.0,0,,2.0,0,0.0,0.0,2.5,0.0,0.0,0.0,2.0,0,78.55,95.01,157.1,0.0,2.0,157.1,0,0,
test_q4_2024,2024-12-11,841,LOJA 841,31330,ABRILAR XAROPE 200ML,87021,C,3,1,2,0.84,5,2.0,0,2.0,0,,2.0,0,0.0,0.0,2.5,0.0,0.0,0.0,2.0,0,78.55,95.01,157.1,0.0,2.0,157.1,0,0,
test_q4_2024,2024-12-12,841,LOJA 841,31330,ABRILAR XAROPE 200ML,87021,C,3,1,2,0.84,5,2.0,0,2.0,0,,2.0,0,0.0,0.0,2.5,0.0,0.0,0.0,2.0,0,78.55,95.01,157.1,0.0,2.0,157.1,0,0,
test_q4_2024,2024-12-13,841,LOJA 841,31330,ABRILAR XAROPE 200ML,87021,C,3,1,2,0.84,5,2.0,0,2.0,0,,2.0,0,0.0,0.0,2.5,0.0,0.0,0.0,2.0,0,78.55,95.01,157.1,0.0,2.0,157.1,0,0,
test_q4_2024,2024-12-14,841,LOJA 841,31330,ABRILAR XAROPE 200ML,87021,C,3,1,2,0.84,5,2.0,0,2.0,0,,2.0,0,0.0,0.0,2.5,0.0,0.0,0.0,2.0,0,78.55,95.01,157.1,0.0,2.0,157.1,0,0,
test_q4_2024,2024-12-15,841,LOJA 841,31330,ABRILAR XAROPE 200ML,87021,C,3,1,2,0.84,5,2.0,0,2.0,0,,2.0,0,0.0,0.0,2.5,0.0,0.0,0.0,2.0,0,78.55,95.01,157.1,0.0,,,0,0,
test_q4_2024,2024-12-16,841,LOJA 841,31330,ABRILAR XAROPE 200ML,87021,C,3,1,2,0.84,5,2.0,0,2.0,0,,2.0,0,0.0,0.0,2.5,0.0,0.0,0.0,2.0,0,78.55,95.01,157.1,0.0,2.0,157.1,0,0,
test_q4_2024,2024-12-17,841,LOJA 841,31330,ABRILAR XAROPE 200ML,87021,C,3,1,2,0.84,5,2.0,0,2.0,0,,2.0,0,0.0,0.0,2.5,0.0,0.0,0.0,2.0,0,78.55,95.01,157.1,0.0,2.0,157.1,0,0,
test_q4_2024,2024-12-18,841,LOJA 841,31330,ABRILAR XAROPE 200ML,87021,C,3,1,2,0.84,5,2.0,0,2.0,0,,2.0,0,0.0,0.0,2.5,0.0,0.0,0.0,2.0,0,78.55,95.01,157.1,0.0,2.0,157.1,0,0,
test_q4_2024,2024-12-19,841,LOJA 841,31330,ABRILAR XAROPE 200ML,87021,C,3,1,2,0.84,5,2.0,0,2.0,0,,2.0,0,0.0,0.0,2.5,0.0,0.0,0.0,2.0,0,78.55,95.01,157.1,0.0,2.0,157.1,0,0,
test_q4_2024,2024-12-20,841,LOJA 841,31330,ABRILAR XAROPE 200ML,87021,C,3,1,2,0.84,5,2.0,0,2.0,0,,2.0,0,0.0,0.0,2.5,0.0,0.0,0.0,2.0,0,78.55,95.01,157.1,0.0,2.0,157.1,0,0,
test_q4_2024,2024-12-21,841,LOJA 841,31330,ABRILAR XAROPE 200ML,87021,C,3,1,2,0.84,5,2.0,0,2.0,0,,2.0,0,0.0,0.0,2.5,0.0,0.0,0.0,2.0,0,78.55,95.01,157.1,0.0,2.0,157.1,0,0,
test_q4_2024,2024-12-22,841,LOJA 841,31330,ABRILAR XAROPE 200ML,87021,C,3,1,2,0.84,5,2.0,0,2.0,0,,2.0,0,0.0,0.0,2.5,0.0,0.0,0.0,2.0,0,78.55,95.01,157.1,0.0,,,0,0,
test_q4_2024,2024-12-23,841,LOJA 841,31330,ABRILAR XAROPE 200ML,87021,C,3,1,2,0.84,5,2.0,0,2.0,0,,2.0,0,0.0,0.0,2.5,0.0,0.0,0.0,2.0,0,78.55,95.01,157.1,0.0,2.0,157.1,0,0,
test_q4_2024,2024-12-24,841,LOJA 841,31330,ABRILAR XAROPE 200ML,87021,C,3,1,2,0.84,5,2.0,0,2.0,0,,2.0,0,0.0,0.0,2.5,0.0,0.0,0.0,2.0,0,78.55,95.01,157.1,0.0,2.0,157.1,0,0,
test_q4_2024,2024-12-25,841,LOJA 841,31330,ABRILAR XAROPE 200ML,87021,C,3,1,2,0.84,5,2.0,0,2.0,0,,2.0,0,0.0,0.0,2.5,0.0,0.0,0.0,2.0,0,78.55,95.01,157.1,0.0,2.0,157.1,0,0,
test_q4_2024,2024-12-26,841,LOJA 841,31330,ABRILAR XAROPE 200ML,87021,C,3,1,2,0.84,5,2.0,0,2.0,0,,2.0,0,0.0,0.0,2.5,0.0,0.0,0.0,2.0,0,78.55,95.01,157.1,0.0,2.0,157.1,0,0,
test_q4_2024,2024-12-27,841,LOJA 841,31330,ABRILAR XAROPE 200ML,87021,C,3,1,2,0.84,5,2.0,0,2.0,0,,2.0,0,0.0,0.0,2.5,0.0,0.0,0.0,2.0,0,78.55,95.01,157.1,0.0,2.0,157.1,0,0,
test_q4_2024,2024-12-28,841,LOJA 841,31330,ABRILAR XAROPE 200ML,87021,C,3,1,2,0.84,5,2.0,0,2.0,0,,2.0,0,0.0,0.0,2.5,0.0,0.0,0.0,2.0,0,78.55,95.01,157.1,0.0,2.0,157.1,0,0,
test_q4_2024,2024-12-29,841,LOJA 841,31330,ABRILAR XAROPE 200ML,87021,C,3,1,2,0.84,5,2.0,0,2.0,0,,2.0,0,0.0,0.0,2.5,0.0,0.0,0.0,2.0,0,78.55,95.01,157.1,0.0,,,0,0,
test_q4_2024,2024-12-30,841,LOJA 841,31330,ABRILAR XAROPE 200ML,87021,C,3,1,2,0.84,5,2.0,0,2.0,0,,2.0,0,0.0,0.0,2.5,0.0,0.0,0.0,2.0,0,78.55,95.01,157.1,0.0,2.0,157.1,0,0,
test_q4_2024,2024-12-31,841,LOJA 841,31330,ABRILAR XAROPE 200ML,87021,C,3,1,2,0.84,5,2.0,0,2.0,0,,2.0,0,0.0,0.0,2.5,0.0,0.0,0.0,2.0,0,78.55,95.01,157.1,0.0,2.0,157.1,0,0,
test_q4_2024,2024-10-01,841,LOJA 841,35416,EXPECTAMIN XAROPE 120ML,102013,C,3,3,4,0.84,5,4.0,0,4.0,0,,4.0,0,0.0561,0.1856,2.5,0.0,0.0,0.0,4.0,0,24.19,27.29,96.76,0.0,1.0,24.19,0,0,
test_q4_2024,2024-10-02,841,LOJA 841,35416,EXPECTAMIN XAROPE 120ML,102013,C,3,3,4,0.84,5,4.0,0,4.0,0,,4.0,0,0.0561,0.1856,2.5,0.0,0.0,0.0,4.0,0,24.19,27.29,96.76,0.0,1.0,24.19,0,0,
test_q4_2024,2024-10-03,841,LOJA 841,35416,EXPECTAMIN XAROPE 120ML,102013,C,3,3,4,0.84,5,4.0,0,4.0,0,,4.0,0,0.1436,0.1856,2.5,0.0,0.0,0.0,4.0,0,24.19,27.29,96.76,0.0,1.0,24.19,0,0,
test_q4_2024,2024-10-04,841,LOJA 841,35416,EXPECTAMIN XAROPE 120ML,102013,C,3,3,4,0.84,5,4.0,0,4.0,0,,4.0,0,0.0561,0.1856,2.5,0.0,0.0,0.0,4.0,0,24.19,27.29,96.76,0.0,1.0,24.19,0,0,
test_q4_2024,2024-10-05,841,LOJA 841,35416,EXPECTAMIN XAROPE 120ML,102013,C,3,3,4,0.84,5,4.0,0,4.0,0,,4.0,0,0.0561,0.1856,2.5,0.0,0.0,0.0,4.0,0,24.19,27.29,96.76,0.0,1.0,24.19,0,0,
test_q4_2024,2024-10-06,841,LOJA 841,35416,EXPECTAMIN XAROPE 120ML,102013,C,3,3,4,0.84,5,4.0,0,4.0,0,,4.0,0,0.0561,0.1856,2.5,0.0,0.0,0.0,4.0,0,24.19,27.29,96.76,0.0,,,0,0,
test_q4_2024,2024-10-07,841,LOJA 841,35416,EXPECTAMIN XAROPE 120ML,102013,C,3,3,4,0.84,5,4.0,0,4.0,0,,4.0,0,0.0561,0.1856,2.5,0.0,0.0,0.0,4.0,0,24.19,27.29,96.76,0.0,1.0,24.19,0,0,
test_q4_2024,2024-10-08,841,LOJA 841,35416,EXPECTAMIN XAROPE 120ML,102013,C,3,3,4,0.84,5,4.0,0,4.0,0,,4.0,0,0.0561,0.1856,2.5,0.0,0.0,0.0,4.0,0,24.19,27.29,96.76,0.0,1.0,24.19,0,0,
test_q4_2024,2024-10-09,841,LOJA 841,35416,EXPECTAMIN XAROPE 120ML,102013,C,3,3,4,0.84,5,4.0,0,4.0,0,,4.0,0,0.0561,0.1856,2.5,0.0,0.0,0.0,4.0,0,24.19,27.29,96.76,0.0,1.0,24.19,0,0,
test_q4_2024,2024-10-10,841,LOJA 841,35416,EXPECTAMIN XAROPE 120ML,102013,C,3,3,4,0.84,5,4.0,0,4.0,0,,4.0,0,0.1436,0.1856,2.5,0.0,0.0,0.0,4.0,0,24.19,27.29,96.76,0.0,1.0,24.19,0,0,
test_q4_2024,2024-10-11,841,LOJA 841,35416,EXPECTAMIN XAROPE 120ML,102013,C,3,3,4,0.84,5,4.0,0,4.0,0,,4.0,0,0.0561,0.1856,2.5,0.0,0.0,0.0,4.0,0,24.19,27.29,96.76,0.0,1.0,24.19,0,0,
test_q4_2024,2024-10-12,841,LOJA 841,35416,EXPECTAMIN XAROPE 120ML,102013,C,3,3,4,0.84,5,4.0,0,4.0,0,,4.0,0,0.0561,0.1856,2.5,0.0,0.0,0.0,4.0,0,24.19,27.29,96.76,0.0,1.0,24.19,0,0,
test_q4_2024,2024-10-13,841,LOJA 841,35416,EXPECTAMIN XAROPE 120ML,102013,C,3,3,4,0.84,5,4.0,0,4.0,0,,4.0,0,0.0161,0.1856,2.5,0.0,0.0,0.0,4.0,0,24.19,27.29,96.76,0.0,,,0,0,
test_q4_2024,2024-10-14,841,LOJA 841,35416,EXPECTAMIN XAROPE 120ML,102013,C,3,3,4,0.84,5,4.0,0,4.0,0,,4.0,0,0.0161,0.1856,2.5,0.0,0.0,0.0,4.0,0,24.19,27.29,96.76,0.0,1.0,24.19,0,0,
test_q4_2024,2024-10-15,841,LOJA 841,35416,EXPECTAMIN XAROPE 120ML,102013,C,3,3,4,0.84,5,4.0,0,4.0,0,,4.0,0,0.0161,0.1856,2.5,0.0,0.0,0.0,4.0,0,24.19,27.29,96.76,0.0,1.0,24.19,0,0,
test_q4_2024,2024-10-16,841,LOJA 841,35416,EXPECTAMIN XAROPE 120ML,102013,C,3,3,4,0.84,5,4.0,0,4.0,0,,4.0,0,0.0161,0.1856,2.5,0.0,0.0,0.0,4.0,0,24.19,27.29,96.76,0.0,1.0,24.19,0,0,
test_q4_2024,2024-10-17,841,LOJA 841,35416,EXPECTAMIN XAROPE 120ML,102013,C,3,3,4,0.84,5,4.0,0,4.0,0,,4.0,0,0.1036,0.1856,2.5,0.0,0.0,0.0,4.0,0,24.19,27.29,96.76,0.0,1.0,24.19,0,0,
test_q4_2024,2024-10-18,841,LOJA 841,35416,EXPECTAMIN XAROPE 120ML,102013,C,3,3,4,0.84,5,4.0,0,4.0,0,,4.0,0,0.0161,0.1856,2.5,0.0,0.0,0.0,4.0,0,24.19,27.29,96.76,0.0,1.0,24.19,0,0,
test_q4_2024,2024-10-19,841,LOJA 841,35416,EXPECTAMIN XAROPE 120ML,102013,C,3,3,4,0.84,5,4.0,0,4.0,0,,4.0,0,0.0161,0.1856,2.5,0.0,0.0,0.0,4.0,0,24.19,27.29,96.76,0.0,1.0,24.19,0,0,
test_q4_2024,2024-10-20,841,LOJA 841,35416,EXPECTAMIN XAROPE 120ML,102013,C,3,3,4,0.84,5,4.0,0,4.0,0,,4.0,0,0.0161,0.1856,2.5,0.0,0.0,0.0,4.0,0,24.19,27.29,96.76,0.0,,,0,0,
test_q4_2024,2024-10-21,841,LOJA 841,35416,EXPECTAMIN XAROPE 120ML,102013,C,3,3,4,0.84,5,4.0,0,4.0,0,,4.0,0,0.0161,0.1856,2.5,0.0,0.0,0.0,4.0,0,24.19,27.29,96.76,0.0,1.0,24.19,0,0,
test_q4_2024,2024-10-22,841,LOJA 841,35416,EXPECTAMIN XAROPE 120ML,102013,C,3,3,4,0.84,5,4.0,0,4.0,0,,4.0,0,0.0161,0.1856,2.5,0.0,0.0,0.0,4.0,0,24.19,27.29,96.76,0.0,1.0,24.19,0,0,
test_q4_2024,2024-10-23,841,LOJA 841,35416,EXPECTAMIN XAROPE 120ML,102013,C,3,3,4,0.84,5,4.0,0,4.0,0,,4.0,0,0.0161,0.1856,2.5,0.0,0.0,0.0,4.0,0,24.19,27.29,96.76,0.0,1.0,24.19,0,0,
test_q4_2024,2024-10-24,841,LOJA 841,35416,EXPECTAMIN XAROPE 120ML,102013,C,3,3,4,0.84,5,4.0,0,4.0,0,,4.0,0,0.1036,0.1856,2.5,0.0,0.0,0.0,4.0,0,24.19,27.29,96.76,0.0,1.0,24.19,0,0,
test_q4_2024,2024-10-25,841,LOJA 841,35416,EXPECTAMIN XAROPE 120ML,102013,C,3,3,4,0.84,5,4.0,0,4.0,0,,4.0,0,0.0161,0.1856,2.5,0.0,0.0,0.0,4.0,0,24.19,27.29,96.76,0.0,1.0,24.19,0,0,
test_q4_2024,2024-10-26,841,LOJA 841,35416,EXPECTAMIN XAROPE 120ML,102013,C,3,3,4,0.84,5,4.0,0,4.0,0,,4.0,0,0.0161,0.1856,2.5,0.0,0.0,0.0,4.0,0,24.19,27.29,96.76,0.0,1.0,24.19,0,0,
test_q4_2024,2024-10-27,841,LOJA 841,35416,EXPECTAMIN XAROPE 120ML,102013,C,3,3,4,0.84,5,4.0,0,4.0,0,,4.0,0,0.0161,0.1856,2.5,0.0,0.0,0.0,4.0,0,24.19,27.29,96.76,0.0,,,0,0,
test_q4_2024,2024-10-28,841,LOJA 841,35416,EXPECTAMIN XAROPE 120ML,102013,C,3,3,4,0.84,5,4.0,0,4.0,0,,4.0,0,0.0161,0.1856,2.5,0.0,0.0,0.0,4.0,0,24.19,27.29,96.76,0.0,1.0,24.19,0,0,
test_q4_2024,2024-10-29,841,LOJA 841,35416,EXPECTAMIN XAROPE 120ML,102013,C,3,3,4,0.84,5,4.0,0,4.0,0,,4.0,0,0.0161,0.1856,2.5,0.0,0.0,0.0,4.0,0,24.19,27.29,96.76,0.0,1.0,24.19,0,0,
test_q4_2024,2024-10-30,841,LOJA 841,35416,EXPECTAMIN XAROPE 120ML,102013,C,3,3,4,0.84,5,4.0,0,4.0,0,,4.0,0,0.0161,0.1856,2.5,0.0,0.0,0.0,4.0,0,24.19,27.29,96.76,0.0,1.0,24.19,0,0,
test_q4_2024,2024-10-31,841,LOJA 841,35416,EXPECTAMIN XAROPE 120ML,102013,C,3,3,4,0.84,5,4.0,0,4.0,0,,4.0,0,0.1036,0.1856,2.5,0.0,0.0,0.0,4.0,0,24.19,27.29,96.76,0.0,1.0,24.19,0,0,
test_q4_2024,2024-11-01,841,LOJA 841,35416,EXPECTAMIN XAROPE 120ML,102013,C,3,3,4,0.84,5,4.0,0,4.0,0,,4.0,0,0.0161,0.1856,2.5,0.0,0.0,0.0,4.0,0,24.19,27.29,96.76,0.0,1.0,24.19,0,0,
test_q4_2024,2024-11-02,841,LOJA 841,35416,EXPECTAMIN XAROPE 120ML,102013,C,3,3,4,0.84,5,4.0,0,4.0,0,,4.0,0,0.0161,0.1856,2.5,0.0,0.0,0.0,4.0,0,24.19,27.29,96.76,0.0,1.0,24.19,0,0,
test_q4_2024,2024-11-03,841,LOJA 841,35416,EXPECTAMIN XAROPE 120ML,102013,C,3,3,4,0.84,5,4.0,0,4.0,0,,4.0,0,0.0161,0.1856,2.5,0.0,0.0,0.0,4.0,0,24.19,27.29,96.76,0.0,,,0,0,
test_q4_2024,2024-11-04,841,LOJA 841,35416,EXPECTAMIN XAROPE 120ML,102013,C,3,3,4,0.84,5,4.0,0,4.0,0,,4.0,0,0.0161,0.1856,2.5,0.0,0.0,0.0,4.0,0,24.19,27.29,96.76,0.0,1.0,24.19,0,0,
test_q4_2024,2024-11-05,841,LOJA 841,35416,EXPECTAMIN XAROPE 120ML,102013,C,3,3,4,0.84,5,4.0,0,4.0,0,,4.0,0,0.0161,0.1856,2.5,0.0,0.0,0.0,4.0,0,24.19,27.29,96.76,0.0,1.0,24.19,0,0,
test_q4_2024,2024-11-06,841,LOJA 841,35416,EXPECTAMIN XAROPE 120ML,102013,C,3,3,4,0.84,5,4.0,0,4.0,0,,4.0,0,0.0161,0.1856,2.5,0.0,0.0,0.0,4.0,0,24.19,27.29,96.76,0.0,1.0,24.19,0,0,
test_q4_2024,2024-11-07,841,LOJA 841,35416,EXPECTAMIN XAROPE 120ML,102013,C,3,3,4,0.84,5,4.0,0,4.0,0,,4.0,0,0.1036,0.1856,2.5,0.0,0.0,0.0,4.0,0,24.19,27.29,96.76,0.0,1.0,24.19,0,0,
test_q4_2024,2024-11-08,841,LOJA 841,35416,EXPECTAMIN XAROPE 120ML,102013,C,3,3,4,0.84,5,4.0,0,4.0,0,,4.0,0,0.0161,0.1856,2.5,0.0,0.0,0.0,4.0,0,24.19,27.29,96.76,0.0,1.0,24.19,0,0,
test_q4_2024,2024-11-09,841,LOJA 841,35416,EXPECTAMIN XAROPE 120ML,102013,C,3,3,4,0.84,5,4.0,0,4.0,0,,4.0,0,0.0161,0.1856,2.5,0.0,0.0,0.0,4.0,0,24.19,27.29,96.76,0.0,1.0,24.19,0,0,
test_q4_2024,2024-11-10,841,LOJA 841,35416,EXPECTAMIN XAROPE 120ML,102013,C,3,3,4,0.84,5,4.0,0,4.0,0,,4.0,0,0.0161,0.1856,2.5,0.0,0.0,0.0,4.0,0,24.19,27.29,96.76,0.0,,,0,0,
test_q4_2024,2024-11-11,841,LOJA 841,35416,EXPECTAMIN XAROPE 120ML,102013,C,3,3,4,0.84,5,4.0,0,4.0,0,,4.0,0,0.0161,0.1856,2.5,0.0,0.0,0.0,4.0,0,24.19,27.29,96.76,0.0,1.0,24.19,0,0,
test_q4_2024,2024-11-12,841,LOJA 841,35416,EXPECTAMIN XAROPE 120ML,102013,C,3,3,4,0.84,5,4.0,0,4.0,0,,4.0,0,0.0161,0.1856,2.5,0.0,0.0,0.0,4.0,0,24.19,27.29,96.76,0.0,1.0,24.19,0,0,
test_q4_2024,2024-11-13,841,LOJA 841,35416,EXPECTAMIN XAROPE 120ML,102013,C,3,3,4,0.84,5,4.0,0,4.0,0,,4.0,0,0.0161,0.1856,2.5,0.0,0.0,0.0,4.0,0,24.19,27.29,96.76,0.0,1.0,24.19,0,0,
test_q4_2024,2024-11-14,841,LOJA 841,35416,EXPECTAMIN XAROPE 120ML,102013,C,3,3,4,0.84,5,4.0,0,4.0,0,,4.0,0,0.1036,0.1856,2.5,0.0,0.0,0.0,4.0,0,24.19,27.29,96.76,0.0,1.0,24.19,0,0,
test_q4_2024,2024-11-15,841,LOJA 841,35416,EXPECTAMIN XAROPE 120ML,102013,C,3,3,4,0.84,5,4.0,0,4.0,0,,4.0,0,0.0161,0.1856,2.5,0.0,0.0,0.0,4.0,0,24.19,27.29,96.76,0.0,1.0,24.19,0,0,
test_q4_2024,2024-11-16,841,LOJA 841,35416,EXPECTAMIN XAROPE 120ML,102013,C,3,3,4,0.84,5,4.0,0,4.0,0,,4.0,0,0.0161,0.1856,2.5,0.0,0.0,0.0,4.0,0,24.19,27.29,96.76,0.0,1.0,24.19,0,0,
test_q4_2024,2024-11-17,841,LOJA 841,35416,EXPECTAMIN XAROPE 120ML,102013,C,3,3,4,0.84,5,4.0,0,4.0,0,,4.0,0,0.0161,0.1856,2.5,0.0,0.0,0.0,4.0,0,24.19,27.29,96.76,0.0,,,0,0,
test_q4_2024,2024-11-18,841,LOJA 841,35416,EXPECTAMIN XAROPE 120ML,102013,C,3,3,4,0.84,5,4.0,0,4.0,0,,4.0,0,0.0161,0.1856,2.5,0.0,0.0,0.0,4.0,0,24.19,27.29,96.76,0.0,1.0,24.19,0,0,
test_q4_2024,2024-11-19,841,LOJA 841,35416,EXPECTAMIN XAROPE 120ML,102013,C,3,3,4,0.84,5,4.0,0,4.0,0,,4.0,0,0.0161,0.1856,2.5,0.0,0.0,0.0,4.0,0,24.19,27.29,96.76,0.0,1.0,24.19,0,0,
test_q4_2024,2024-11-20,841,LOJA 841,35416,EXPECTAMIN XAROPE 120ML,102013,C,3,3,4,0.84,5,4.0,0,4.0,0,,4.0,0,0.0161,0.1856,2.5,0.0,0.0,0.0,4.0,0,24.19,27.29,96.76,0.0,1.0,24.19,0,0,
test_q4_2024,2024-11-21,841,LOJA 841,35416,EXPECTAMIN XAROPE 120ML,102013,C,3,3,4,0.84,5,4.0,0,4.0,0,,4.0,0,0.1036,0.1856,2.5,0.0,0.0,0.0,4.0,0,24.19,27.29,96.76,0.0,1.0,24.19,0,0,
test_q4_2024,2024-11-22,841,LOJA 841,35416,EXPECTAMIN XAROPE 120ML,102013,C,3,3,4,0.84,5,4.0,0,4.0,0,,4.0,0,0.0161,0.1856,2.5,0.0,0.0,0.0,4.0,0,24.19,27.29,96.76,0.0,1.0,24.19,0,0,
test_q4_2024,2024-11-23,841,LOJA 841,35416,EXPECTAMIN XAROPE 120ML,102013,C,3,3,4,0.84,5,4.0,0,4.0,0,,4.0,0,0.0161,0.1856,2.5,0.0,0.0,0.0,4.0,0,24.19,27.29,96.76,0.0,1.0,24.19,0,0,
test_q4_2024,2024-11-24,841,LOJA 841,35416,EXPECTAMIN XAROPE 120ML,102013,C,3,3,4,0.84,5,4.0,0,4.0,0,,4.0,0,0.0161,0.1856,2.5,0.0,0.0,0.0,4.0,0,24.19,27.29,96.76,0.0,,,0,0,
test_q4_2024,2024-11-25,841,LOJA 841,35416,EXPECTAMIN XAROPE 120ML,102013,C,3,3,4,0.84,5,4.0,0,4.0,0,,4.0,0,0.0161,0.1856,2.5,0.0,0.0,0.0,4.0,0,24.19,27.29,96.76,0.0,1.0,24.19,0,0,
test_q4_2024,2024-11-26,841,LOJA 841,35416,EXPECTAMIN XAROPE 120ML,102013,C,3,3,4,0.84,5,4.0,0,4.0,0,,4.0,0,0.0161,0.1856,2.5,0.0,0.0,0.0,4.0,0,24.19,27.29,96.76,0.0,1.0,24.19,0,0,
test_q4_2024,2024-11-27,841,LOJA 841,35416,EXPECTAMIN XAROPE 120ML,102013,C,3,3,4,0.84,5,4.0,0,4.0,0,,4.0,0,0.0161,0.1856,2.5,0.0,0.0,0.0,4.0,0,24.19,27.29,96.76,0.0,1.0,24.19,0,0,
test_q4_2024,2024-11-28,841,LOJA 841,35416,EXPECTAMIN XAROPE 120ML,102013,C,3,3,4,0.84,5,4.0,0,4.0,0,,4.0,0,0.1169,0.1856,2.5,0.0,0.0,0.0,4.0,0,24.19,27.29,96.76,0.0,1.0,24.19,0,0,
test_q4_2024,2024-11-29,841,LOJA 841,35416,EXPECTAMIN XAROPE 120ML,102013,C,3,3,4,0.84,5,4.0,0,4.0,0,,4.0,0,0.0294,0.1856,2.5,0.0,0.0,0.0,4.0,0,24.19,27.29,96.76,0.0,1.0,24.19,0,0,
test_q4_2024,2024-11-30,841,LOJA 841,35416,EXPECTAMIN XAROPE 120ML,102013,C,3,3,4,0.84,5,4.0,0,4.0,0,,4.0,0,0.0294,0.1856,2.5,0.0,0.0,0.0,4.0,0,24.19,27.29,96.76,0.0,1.0,24.19,0,0,
test_q4_2024,2024-12-01,841,LOJA 841,35416,EXPECTAMIN XAROPE 120ML,102013,C,3,3,4,0.84,5,4.0,0,4.0,0,,4.0,0,0.0294,0.1856,2.5,0.0,0.0,0.0,4.0,0,24.19,27.29,96.76,0.0,,,0,0,
test_q4_2024,2024-12-02,841,LOJA 841,35416,EXPECTAMIN XAROPE 120ML,102013,C,3,3,4,0.84,5,4.0,0,4.0,0,,4.0,0,0.0294,0.1856,2.5,0.0,0.0,0.0,4.0,0,24.19,27.29,96.76,0.0,1.0,24.19,0,0,
test_q4_2024,2024-12-03,841,LOJA 841,35416,EXPECTAMIN XAROPE 120ML,102013,C,3,3,4,0.84,5,4.0,0,4.0,0,,4.0,0,0.0294,0.1856,2.5,0.0,0.0,0.0,4.0,0,24.19,27.29,96.76,0.0,1.0,24.19,0,0,
test_q4_2024,2024-12-04,841,LOJA 841,35416,EXPECTAMIN XAROPE 120ML,102013,C,3,3,4,0.84,5,4.0,0,4.0,0,,4.0,0,0.0294,0.1856,2.5,0.0,0.0,0.0,4.0,0,24.19,27.29,96.76,0.0,1.0,24.19,0,0,
test_q4_2024,2024-12-05,841,LOJA 841,35416,EXPECTAMIN XAROPE 120ML,102013,C,3,3,4,0.84,5,4.0,0,4.0,0,,4.0,0,0.1169,0.1856,2.5,0.0,0.0,0.0,4.0,0,24.19,27.29,96.76,0.0,1.0,24.19,0,0,
test_q4_2024,2024-12-06,841,LOJA 841,35416,EXPECTAMIN XAROPE 120ML,102013,C,3,3,4,0.84,5,4.0,0,4.0,0,,4.0,0,0.0294,0.1856,2.5,0.0,0.0,0.0,4.0,0,24.19,27.29,96.76,0.0,1.0,24.19,0,0,
test_q4_2024,2024-12-07,841,LOJA 841,35416,EXPECTAMIN XAROPE 120ML,102013,C,3,3,4,0.84,5,4.0,0,4.0,0,,4.0,0,0.0294,0.1856,2.5,0.0,0.0,0.0,4.0,0,24.19,27.29,96.76,0.0,1.0,24.19,0,0,
test_q4_2024,2024-12-08,841,LOJA 841,35416,EXPECTAMIN XAROPE 120ML,102013,C,3,3,4,0.84,5,4.0,0,4.0,0,,4.0,0,0.0294,0.1856,2.5,0.0,0.0,0.0,4.0,0,24.19,27.29,96.76,0.0,,,0,0,
test_q4_2024,2024-12-09,841,LOJA 841,35416,EXPECTAMIN XAROPE 120ML,102013,C,3,3,4,0.84,5,4.0,0,4.0,0,,4.0,0,0.0294,0.1856,2.5,0.0,0.0,0.0,4.0,0,24.19,27.29,96.76,0.0,1.0,24.19,0,0,
test_q4_2024,2024-12-10,841,LOJA 841,35416,EXPECTAMIN XAROPE 120ML,102013,C,3,3,4,0.84,5,4.0,0,4.0,0,,4.0,0,0.0294,0.1856,2.5,0.0,0.0,0.0,4.0,0,24.19,27.29,96.76,0.0,1.0,24.19,0,0,
test_q4_2024,2024-12-11,841,LOJA 841,35416,EXPECTAMIN XAROPE 120ML,102013,C,3,3,4,0.84,5,4.0,0,4.0,0,,4.0,0,0.0294,0.1856,2.5,0.0,0.0,0.0,4.0,0,24.19,27.29,96.76,0.0,1.0,24.19,0,0,
test_q4_2024,2024-12-12,841,LOJA 841,35416,EXPECTAMIN XAROPE 120ML,102013,C,3,3,4,0.84,5,4.0,0,4.0,0,,4.0,0,0.1169,0.1856,2.5,0.0,0.0,0.0,4.0,0,24.19,27.29,96.76,0.0,1.0,24.19,0,0,
test_q4_2024,2024-12-13,841,LOJA 841,35416,EXPECTAMIN XAROPE 120ML,102013,C,3,3,4,0.84,5,4.0,0,4.0,0,,4.0,0,0.0161,0.1856,2.5,0.0,0.0,0.0,4.0,0,24.19,27.29,96.76,0.0,1.0,24.19,0,0,
test_q4_2024,2024-12-14,841,LOJA 841,35416,EXPECTAMIN XAROPE 120ML,102013,C,3,3,4,0.84,5,4.0,0,4.0,0,,4.0,0,0.0161,0.1856,2.5,0.0,0.0,0.0,4.0,0,24.19,27.29,96.76,0.0,1.0,24.19,0,0,
test_q4_2024,2024-12-15,841,LOJA 841,35416,EXPECTAMIN XAROPE 120ML,102013,C,3,3,4,0.84,5,4.0,0,4.0,0,,4.0,0,0.0161,0.1856,2.5,0.0,0.0,0.0,4.0,0,24.19,27.29,96.76,0.0,,,0,0,
test_q4_2024,2024-12-16,841,LOJA 841,35416,EXPECTAMIN XAROPE 120ML,102013,C,3,3,4,0.84,5,4.0,0,4.0,0,,4.0,0,0.0161,0.1856,2.5,0.0,0.0,0.0,4.0,0,24.19,27.29,96.76,0.0,1.0,24.19,0,0,
test_q4_2024,2024-12-17,841,LOJA 841,35416,EXPECTAMIN XAROPE 120ML,102013,C,3,3,4,0.84,5,4.0,0,4.0,0,,4.0,0,0.0161,0.1856,2.5,0.0,0.0,0.0,4.0,0,24.19,27.29,96.76,0.0,1.0,24.19,0,0,
test_q4_2024,2024-12-18,841,LOJA 841,35416,EXPECTAMIN XAROPE 120ML,102013,C,3,3,4,0.84,5,4.0,0,4.0,0,,4.0,0,0.0161,0.1856,2.5,0.0,0.0,0.0,4.0,0,24.19,27.29,96.76,0.0,1.0,24.19,0,0,
test_q4_2024,2024-12-19,841,LOJA 841,35416,EXPECTAMIN XAROPE 120ML,102013,C,3,3,4,0.84,5,4.0,0,4.0,0,,4.0,0,0.1036,0.1856,2.5,1.0,1.0,0.0,3.0,0,24.19,27.29,72.57,0.0,1.0,24.19,0,0,
test_q4_2024,2024-12-20,841,LOJA 841,35416,EXPECTAMIN XAROPE 120ML,102013,C,3,3,4,0.84,5,3.0,0,3.0,1,2024-12-23,4.0,1,0.0161,0.1856,2.5,0.0,0.0,0.0,3.0,0,24.19,27.29,72.57,11.26,0.0,0.0,1,0,
test_q4_2024,2024-12-21,841,LOJA 841,35416,EXPECTAMIN XAROPE 120ML,102013,C,3,3,4,0.84,5,3.0,0,4.0,0,,4.0,1,0.0161,0.1856,2.5,0.0,0.0,0.0,3.0,0,24.19,27.29,72.57,0.0,0.0,0.0,1,0,
test_q4_2024,2024-12-22,841,LOJA 841,35416,EXPECTAMIN XAROPE 120ML,102013,C,3,3,4,0.84,5,3.0,0,4.0,0,,4.0,1,0.0161,0.1856,2.5,0.0,0.0,0.0,3.0,0,24.19,27.29,72.57,0.0,,,0,0,
test_q4_2024,2024-12-23,841,LOJA 841,35416,EXPECTAMIN XAROPE 120ML,102013,C,3,3,4,0.84,5,4.0,1,4.0,0,,4.0,0,0.0161,0.1856,2.5,0.0,0.0,0.0,4.0,0,24.19,27.29,96.76,0.0,0.0,0.0,1,0,
test_q4_2024,2024-12-24,841,LOJA 841,35416,EXPECTAMIN XAROPE 120ML,102013,C,3,3,4,0.84,5,4.0,0,4.0,0,,4.0,0,0.0161,0.1856,2.5,0.0,0.0,0.0,4.0,0,24.19,27.29,96.76,0.0,0.0,0.0,1,0,
test_q4_2024,2024-12-25,841,LOJA 841,35416,EXPECTAMIN XAROPE 120ML,102013,C,3,3,4,0.84,5,4.0,0,4.0,0,,4.0,0,0.0161,0.1856,2.5,0.0,0.0,0.0,4.0,0,24.19,27.29,96.76,0.0,0.0,0.0,1,0,
test_q4_2024,2024-12-26,841,LOJA 841,35416,EXPECTAMIN XAROPE 120ML,102013,C,3,3,4,0.84,5,4.0,0,4.0,0,,4.0,0,0.1036,0.1856,2.5,0.0,0.0,0.0,4.0,0,24.19,27.29,96.76,0.0,1.0,24.19,0,0,
test_q4_2024,2024-12-27,841,LOJA 841,35416,EXPECTAMIN XAROPE 120ML,102013,C,3,3,4,0.84,5,4.0,0,4.0,0,,4.0,0,0.0161,0.1856,2.5,0.0,0.0,0.0,4.0,0,24.19,27.29,96.76,0.0,1.0,24.19,0,0,
test_q4_2024,2024-12-28,841,LOJA 841,35416,EXPECTAMIN XAROPE 120ML,102013,C,3,3,4,0.84,5,4.0,0,4.0,0,,4.0,0,0.0161,0.1856,2.5,0.0,0.0,0.0,4.0,0,24.19,27.29,96.76,0.0,1.0,24.19,0,0,
test_q4_2024,2024-12-29,841,LOJA 841,35416,EXPECTAMIN XAROPE 120ML,102013,C,3,3,4,0.84,5,4.0,0,4.0,0,,4.0,0,0.0161,0.1856,2.5,0.0,0.0,0.0,4.0,0,24.19,27.29,96.76,0.0,,,0,0,
test_q4_2024,2024-12-30,841,LOJA 841,35416,EXPECTAMIN XAROPE 120ML,102013,C,3,3,4,0.84,5,4.0,0,4.0,0,,4.0,0,0.0161,0.1856,2.5,0.0,0.0,0.0,4.0,0,24.19,27.29,96.76,0.0,1.0,24.19,0,0,
test_q4_2024,2024-12-31,841,LOJA 841,35416,EXPECTAMIN XAROPE 120ML,102013,C,3,3,4,0.84,5,4.0,0,4.0,0,,4.0,0,0.0161,0.1856,2.5,0.0,0.0,0.0,4.0,0,24.19,27.29,96.76,0.0,1.0,24.19,0,0,
test_q4_2024,2024-10-01,841,LOJA 841,35772,EMSEXPECTOR XAROPE 120ML,173,C,3,1,2,0.84,5,2.0,0,2.0,0,,2.0,0,0.0,0.0,2.5,0.0,0.0,0.0,2.0,0,23.77,16.65,47.54,0.0,2.0,47.54,0,0,
test_q4_2024,2024-10-02,841,LOJA 841,35772,EMSEXPECTOR XAROPE 120ML,173,C,3,1,2,0.84,5,2.0,0,2.0,0,,2.0,0,0.0,0.0,2.5,0.0,0.0,0.0,2.0,0,23.77,16.65,47.54,0.0,2.0,47.54,0,0,
test_q4_2024,2024-10-03,841,LOJA 841,35772,EMSEXPECTOR XAROPE 120ML,173,C,3,1,2,0.84,5,2.0,0,2.0,0,,2.0,0,0.0,0.0,2.5,0.0,0.0,0.0,2.0,0,23.77,16.65,47.54,0.0,2.0,47.54,0,0,
test_q4_2024,2024-10-04,841,LOJA 841,35772,EMSEXPECTOR XAROPE 120ML,173,C,3,1,2,0.84,5,2.0,0,2.0,0,,2.0,0,0.0,0.0,2.5,0.0,0.0,0.0,2.0,0,23.77,16.65,47.54,0.0,2.0,47.54,0,0,
test_q4_2024,2024-10-05,841,LOJA 841,35772,EMSEXPECTOR XAROPE 120ML,173,C,3,1,2,0.84,5,2.0,0,2.0,0,,2.0,0,0.0,0.0,2.5,0.0,0.0,0.0,2.0,0,23.77,16.65,47.54,0.0,2.0,47.54,0,0,
test_q4_2024,2024-10-06,841,LOJA 841,35772,EMSEXPECTOR XAROPE 120ML,173,C,3,1,2,0.84,5,2.0,0,2.0,0,,2.0,0,0.0,0.0,2.5,0.0,0.0,0.0,2.0,0,23.77,16.65,47.54,0.0,,,0,0,
test_q4_2024,2024-10-07,841,LOJA 841,35772,EMSEXPECTOR XAROPE 120ML,173,C,3,1,2,0.84,5,2.0,0,2.0,0,,2.0,0,0.0,0.0,2.5,0.0,0.0,0.0,2.0,0,23.77,16.65,47.54,0.0,2.0,47.54,0,0,
test_q4_2024,2024-10-08,841,LOJA 841,35772,EMSEXPECTOR XAROPE 120ML,173,C,3,1,2,0.84,5,2.0,0,2.0,0,,2.0,0,0.0,0.0,2.5,0.0,0.0,0.0,2.0,0,23.77,16.65,47.54,0.0,2.0,47.54,0,0,
test_q4_2024,2024-10-09,841,LOJA 841,35772,EMSEXPECTOR XAROPE 120ML,173,C,3,1,2,0.84,5,2.0,0,2.0,0,,2.0,0,0.0,0.0,2.5,0.0,0.0,0.0,2.0,0,23.77,16.65,47.54,0.0,2.0,47.54,0,0,
test_q4_2024,2024-10-10,841,LOJA 841,35772,EMSEXPECTOR XAROPE 120ML,173,C,3,1,2,0.84,5,2.0,0,2.0,0,,2.0,0,0.0,0.0,2.5,0.0,0.0,0.0,2.0,0,23.77,16.65,47.54,0.0,2.0,47.54,0,0,
test_q4_2024,2024-10-11,841,LOJA 841,35772,EMSEXPECTOR XAROPE 120ML,173,C,3,1,2,0.84,5,2.0,0,2.0,0,,2.0,0,0.0,0.0,2.5,0.0,0.0,0.0,2.0,0,23.77,16.65,47.54,0.0,2.0,47.54,0,0,
test_q4_2024,2024-10-12,841,LOJA 841,35772,EMSEXPECTOR XAROPE 120ML,173,C,3,1,2,0.84,5,2.0,0,2.0,0,,2.0,0,0.0,0.0,2.5,0.0,0.0,0.0,2.0,0,23.77,16.65,47.54,0.0,2.0,47.54,0,0,
test_q4_2024,2024-10-13,841,LOJA 841,35772,EMSEXPECTOR XAROPE 120ML,173,C,3,1,2,0.84,5,2.0,0,2.0,0,,2.0,0,0.0,0.0,2.5,0.0,0.0,0.0,2.0,0,23.77,16.65,47.54,0.0,,,0,0,
test_q4_2024,2024-10-14,841,LOJA 841,35772,EMSEXPECTOR XAROPE 120ML,173,C,3,1,2,0.84,5,2.0,0,2.0,0,,2.0,0,0.0,0.0,2.5,0.0,0.0,0.0,2.0,0,23.77,16.65,47.54,0.0,2.0,47.54,0,0,
test_q4_2024,2024-10-15,841,LOJA 841,35772,EMSEXPECTOR XAROPE 120ML,173,C,3,1,2,0.84,5,2.0,0,2.0,0,,2.0,0,0.0,0.0,2.5,0.0,0.0,0.0,2.0,0,23.77,16.65,47.54,0.0,2.0,47.54,0,0,
test_q4_2024,2024-10-16,841,LOJA 841,35772,EMSEXPECTOR XAROPE 120ML,173,C,3,1,2,0.84,5,2.0,0,2.0,0,,2.0,0,0.0,0.0,2.5,0.0,0.0,0.0,2.0,0,23.77,16.65,47.54,0.0,2.0,47.54,0,0,
test_q4_2024,2024-10-17,841,LOJA 841,35772,EMSEXPECTOR XAROPE 120ML,173,C,3,1,2,0.84,5,2.0,0,2.0,0,,2.0,0,0.0,0.0,2.5,0.0,0.0,0.0,2.0,0,23.77,16.65,47.54,0.0,2.0,47.54,0,0,
test_q4_2024,2024-10-18,841,LOJA 841,35772,EMSEXPECTOR XAROPE 120ML,173,C,3,1,2,0.84,5,2.0,0,2.0,0,,2.0,0,0.0,0.0,2.5,0.0,0.0,0.0,2.0,0,23.77,16.65,47.54,0.0,2.0,47.54,0,0,
test_q4_2024,2024-10-19,841,LOJA 841,35772,EMSEXPECTOR XAROPE 120ML,173,C,3,1,2,0.84,5,2.0,0,2.0,0,,2.0,0,0.0,0.0,2.5,0.0,0.0,0.0,2.0,0,23.77,16.65,47.54,0.0,2.0,47.54,0,0,
test_q4_2024,2024-10-20,841,LOJA 841,35772,EMSEXPECTOR XAROPE 120ML,173,C,3,1,2,0.84,5,2.0,0,2.0,0,,2.0,0,0.0,0.0,2.5,0.0,0.0,0.0,2.0,0,23.77,16.65,47.54,0.0,,,0,0,
test_q4_2024,2024-10-21,841,LOJA 841,35772,EMSEXPECTOR XAROPE 120ML,173,C,3,1,2,0.84,5,2.0,0,2.0,0,,2.0,0,0.0,0.0,2.5,0.0,0.0,0.0,2.0,0,23.77,16.65,47.54,0.0,2.0,47.54,0,0,
test_q4_2024,2024-10-22,841,LOJA 841,35772,EMSEXPECTOR XAROPE 120ML,173,C,3,1,2,0.84,5,2.0,0,2.0,0,,2.0,0,0.0,0.0,2.5,0.0,0.0,0.0,2.0,0,23.77,16.65,47.54,0.0,2.0,47.54,0,0,
test_q4_2024,2024-10-23,841,LOJA 841,35772,EMSEXPECTOR XAROPE 120ML,173,C,3,1,2,0.84,5,2.0,0,2.0,0,,2.0,0,0.0,0.0,2.5,0.0,0.0,0.0,2.0,0,23.77,16.65,47.54,0.0,2.0,47.54,0,0,
test_q4_2024,2024-10-24,841,LOJA 841,35772,EMSEXPECTOR XAROPE 120ML,173,C,3,1,2,0.84,5,2.0,0,2.0,0,,2.0,0,0.0,0.0,2.5,0.0,0.0,0.0,2.0,0,23.77,16.65,47.54,0.0,2.0,47.54,0,0,
test_q4_2024,2024-10-25,841,LOJA 841,35772,EMSEXPECTOR XAROPE 120ML,173,C,3,1,2,0.84,5,2.0,0,2.0,0,,2.0,0,0.0,0.0,2.5,0.0,0.0,0.0,2.0,0,23.77,16.65,47.54,0.0,2.0,47.54,0,0,
test_q4_2024,2024-10-26,841,LOJA 841,35772,EMSEXPECTOR XAROPE 120ML,173,C,3,1,2,0.84,5,2.0,0,2.0,0,,2.0,0,0.0,0.0,2.5,0.0,0.0,0.0,2.0,0,23.77,16.65,47.54,0.0,2.0,47.54,0,0,
test_q4_2024,2024-10-27,841,LOJA 841,35772,EMSEXPECTOR XAROPE 120ML,173,C,3,1,2,0.84,5,2.0,0,2.0,0,,2.0,0,0.0,0.0,2.5,0.0,0.0,0.0,2.0,0,23.77,16.65,47.54,0.0,,,0,0,
test_q4_2024,2024-10-28,841,LOJA 841,35772,EMSEXPECTOR XAROPE 120ML,173,C,3,1,2,0.84,5,2.0,0,2.0,0,,2.0,0,0.0,0.0,2.5,0.0,0.0,0.0,2.0,0,23.77,16.65,47.54,0.0,2.0,47.54,0,0,
test_q4_2024,2024-10-29,841,LOJA 841,35772,EMSEXPECTOR XAROPE 120ML,173,C,3,1,2,0.84,5,2.0,0,2.0,0,,2.0,0,0.0,0.0,2.5,0.0,0.0,0.0,2.0,0,23.77,16.65,47.54,0.0,2.0,47.54,0,0,
test_q4_2024,2024-10-30,841,LOJA 841,35772,EMSEXPECTOR XAROPE 120ML,173,C,3,1,2,0.84,5,2.0,0,2.0,0,,2.0,0,0.0,0.0,2.5,0.0,0.0,0.0,2.0,0,23.77,16.65,47.54,0.0,2.0,47.54,0,0,
test_q4_2024,2024-10-31,841,LOJA 841,35772,EMSEXPECTOR XAROPE 120ML,173,C,3,1,2,0.84,5,2.0,0,2.0,0,,2.0,0,0.0,0.0,2.5,0.0,0.0,0.0,2.0,0,23.77,16.65,47.54,0.0,2.0,47.54,0,0,
test_q4_2024,2024-11-01,841,LOJA 841,35772,EMSEXPECTOR XAROPE 120ML,173,C,3,1,2,0.84,5,2.0,0,2.0,0,,2.0,0,0.0,0.0,2.5,0.0,0.0,0.0,2.0,0,23.77,16.65,47.54,0.0,2.0,47.54,0,0,
test_q4_2024,2024-11-02,841,LOJA 841,35772,EMSEXPECTOR XAROPE 120ML,173,C,3,1,2,0.84,5,2.0,0,2.0,0,,2.0,0,0.0,0.0,2.5,0.0,0.0,0.0,2.0,0,23.77,16.65,47.54,0.0,2.0,47.54,0,0,
test_q4_2024,2024-11-03,841,LOJA 841,35772,EMSEXPECTOR XAROPE 120ML,173,C,3,1,2,0.84,5,2.0,0,2.0,0,,2.0,0,0.0,0.0,2.5,0.0,0.0,0.0,2.0,0,23.77,16.65,47.54,0.0,,,0,0,
test_q4_2024,2024-11-04,841,LOJA 841,35772,EMSEXPECTOR XAROPE 120ML,173,C,3,1,2,0.84,5,2.0,0,2.0,0,,2.0,0,0.0,0.0,2.5,0.0,0.0,0.0,2.0,0,23.77,16.65,47.54,0.0,2.0,47.54,0,0,
test_q4_2024,2024-11-05,841,LOJA 841,35772,EMSEXPECTOR XAROPE 120ML,173,C,3,1,2,0.84,5,2.0,0,2.0,0,,2.0,0,0.0,0.0,2.5,0.0,0.0,0.0,2.0,0,23.77,16.65,47.54,0.0,2.0,47.54,0,0,
test_q4_2024,2024-11-06,841,LOJA 841,35772,EMSEXPECTOR XAROPE 120ML,173,C,3,1,2,0.84,5,2.0,0,2.0,0,,2.0,0,0.0,0.0,2.5,0.0,0.0,0.0,2.0,0,23.77,16.65,47.54,0.0,2.0,47.54,0,0,
test_q4_2024,2024-11-07,841,LOJA 841,35772,EMSEXPECTOR XAROPE 120ML,173,C,3,1,2,0.84,5,2.0,0,2.0,0,,2.0,0,0.0,0.0,2.5,0.0,0.0,0.0,2.0,0,23.77,16.65,47.54,0.0,2.0,47.54,0,0,
test_q4_2024,2024-11-08,841,LOJA 841,35772,EMSEXPECTOR XAROPE 120ML,173,C,3,1,2,0.84,5,2.0,0,2.0,0,,2.0,0,0.0,0.0,2.5,0.0,0.0,0.0,2.0,0,23.77,16.65,47.54,0.0,2.0,47.54,0,0,
test_q4_2024,2024-11-09,841,LOJA 841,35772,EMSEXPECTOR XAROPE 120ML,173,C,3,1,2,0.84,5,2.0,0,2.0,0,,2.0,0,0.0,0.0,2.5,0.0,0.0,0.0,2.0,0,23.77,16.65,47.54,0.0,2.0,47.54,0,0,
test_q4_2024,2024-11-10,841,LOJA 841,35772,EMSEXPECTOR XAROPE 120ML,173,C,3,1,2,0.84,5,2.0,0,2.0,0,,2.0,0,0.0,0.0,2.5,0.0,0.0,0.0,2.0,0,23.77,16.65,47.54,0.0,,,0,0,
test_q4_2024,2024-11-11,841,LOJA 841,35772,EMSEXPECTOR XAROPE 120ML,173,C,3,1,2,0.84,5,2.0,0,2.0,0,,2.0,0,0.0,0.0,2.5,0.0,0.0,0.0,2.0,0,23.77,16.65,47.54,0.0,2.0,47.54,0,0,
test_q4_2024,2024-11-12,841,LOJA 841,35772,EMSEXPECTOR XAROPE 120ML,173,C,3,1,2,0.84,5,2.0,0,2.0,0,,2.0,0,0.0,0.0,2.5,0.0,0.0,0.0,2.0,0,23.77,16.65,47.54,0.0,2.0,47.54,0,0,
test_q4_2024,2024-11-13,841,LOJA 841,35772,EMSEXPECTOR XAROPE 120ML,173,C,3,1,2,0.84,5,2.0,0,2.0,0,,2.0,0,0.0,0.0,2.5,0.0,0.0,0.0,2.0,0,23.77,16.65,47.54,0.0,2.0,47.54,0,0,
test_q4_2024,2024-11-14,841,LOJA 841,35772,EMSEXPECTOR XAROPE 120ML,173,C,3,1,2,0.84,5,2.0,0,2.0,0,,2.0,0,0.0,0.0,2.5,0.0,0.0,0.0,2.0,0,23.77,16.65,47.54,0.0,2.0,47.54,0,0,
test_q4_2024,2024-11-15,841,LOJA 841,35772,EMSEXPECTOR XAROPE 120ML,173,C,3,1,2,0.84,5,2.0,0,2.0,0,,2.0,0,0.0,0.0,2.5,0.0,0.0,0.0,2.0,0,23.77,16.65,47.54,0.0,2.0,47.54,0,0,
test_q4_2024,2024-11-16,841,LOJA 841,35772,EMSEXPECTOR XAROPE 120ML,173,C,3,1,2,0.84,5,2.0,0,2.0,0,,2.0,0,0.0,0.0,2.5,0.0,0.0,0.0,2.0,0,23.77,16.65,47.54,0.0,2.0,47.54,0,0,
test_q4_2024,2024-11-17,841,LOJA 841,35772,EMSEXPECTOR XAROPE 120ML,173,C,3,1,2,0.84,5,2.0,0,2.0,0,,2.0,0,0.0,0.0,2.5,0.0,0.0,0.0,2.0,0,23.77,16.65,47.54,0.0,,,0,0,
test_q4_2024,2024-11-18,841,LOJA 841,35772,EMSEXPECTOR XAROPE 120ML,173,C,3,1,2,0.84,5,2.0,0,2.0,0,,2.0,0,0.0,0.0,2.5,0.0,0.0,0.0,2.0,0,23.77,16.65,47.54,0.0,2.0,47.54,0,0,
test_q4_2024,2024-11-19,841,LOJA 841,35772,EMSEXPECTOR XAROPE 120ML,173,C,3,1,2,0.84,5,2.0,0,2.0,0,,2.0,0,0.0,0.0,2.5,1.0,1.0,0.0,1.0,0,23.77,16.65,23.77,0.0,2.0,47.54,0,0,
test_q4_2024,2024-11-20,841,LOJA 841,35772,EMSEXPECTOR XAROPE 120ML,173,C,3,1,2,0.84,5,1.0,0,1.0,1,2024-11-23,2.0,1,0.0,0.0,2.5,0.0,0.0,0.0,1.0,0,23.77,16.65,23.77,12.57,2.0,47.54,0,0,
test_q4_2024,2024-11-21,841,LOJA 841,35772,EMSEXPECTOR XAROPE 120ML,173,C,3,1,2,0.84,5,1.0,0,2.0,0,,2.0,1,0.0,0.0,2.5,1.0,1.0,0.0,0.0,0,23.77,16.65,0.0,0.0,2.0,47.54,0,0,
test_q4_2024,2024-11-22,841,LOJA 841,35772,EMSEXPECTOR XAROPE 120ML,173,C,3,1,2,0.84,5,0.0,0,1.0,1,2024-11-25,2.0,2,0.0,0.0,2.5,0.0,0.0,0.0,0.0,0,23.77,16.65,0.0,12.57,0.0,0.0,1,0,
test_q4_2024,2024-11-23,841,LOJA 841,35772,EMSEXPECTOR XAROPE 120ML,173,C,3,1,2,0.84,5,1.0,1,2.0,0,,2.0,1,0.0,0.0,2.5,0.0,0.0,0.0,1.0,0,23.77,16.65,23.77,0.0,0.0,0.0,1,0,
test_q4_2024,2024-11-24,841,LOJA 841,35772,EMSEXPECTOR XAROPE 120ML,173,C,3,1,2,0.84,5,1.0,0,2.0,0,,2.0,1,0.0,0.0,2.5,0.0,0.0,0.0,1.0,0,23.77,16.65,23.77,0.0,,,0,0,
test_q4_2024,2024-11-25,841,LOJA 841,35772,EMSEXPECTOR XAROPE 120ML,173,C,3,1,2,0.84,5,2.0,1,2.0,0,,2.0,0,0.0,0.0,2.5,0.0,0.0,0.0,2.0,0,23.77,16.65,47.54,0.0,0.0,0.0,1,0,
test_q4_2024,2024-11-26,841,LOJA 841,35772,EMSEXPECTOR XAROPE 120ML,173,C,3,1,2,0.84,5,2.0,0,2.0,0,,2.0,0,0.0,0.0,2.5,0.0,0.0,0.0,2.0,0,23.77,16.65,47.54,0.0,0.0,0.0,1,0,
test_q4_2024,2024-11-27,841,LOJA 841,35772,EMSEXPECTOR XAROPE 120ML,173,C,3,1,2,0.84,5,2.0,0,2.0,0,,2.0,0,0.0,0.0,2.5,0.0,0.0,0.0,2.0,0,23.77,16.65,47.54,0.0,0.0,0.0,1,0,
test_q4_2024,2024-11-28,841,LOJA 841,35772,EMSEXPECTOR XAROPE 120ML,173,C,3,1,2,0.84,5,2.0,0,2.0,0,,2.0,0,0.0,0.0,2.5,0.0,0.0,0.0,2.0,0,23.77,16.65,47.54,0.0,2.0,47.54,0,0,
test_q4_2024,2024-11-29,841,LOJA 841,35772,EMSEXPECTOR XAROPE 120ML,173,C,3,1,2,0.84,5,2.0,0,2.0,0,,2.0,0,0.0,0.0,2.5,0.0,0.0,0.0,2.0,0,23.77,16.65,47.54,0.0,2.0,47.54,0,0,
test_q4_2024,2024-11-30,841,LOJA 841,35772,EMSEXPECTOR XAROPE 120ML,173,C,3,1,2,0.84,5,2.0,0,2.0,0,,2.0,0,0.0,0.0,2.5,0.0,0.0,0.0,2.0,0,23.77,16.65,47.54,0.0,2.0,47.54,0,0,
test_q4_2024,2024-12-01,841,LOJA 841,35772,EMSEXPECTOR XAROPE 120ML,173,C,3,1,2,0.84,5,2.0,0,2.0,0,,2.0,0,0.0,0.0,2.5,0.0,0.0,0.0,2.0,0,23.77,16.65,47.54,0.0,,,0,0,
test_q4_2024,2024-12-02,841,LOJA 841,35772,EMSEXPECTOR XAROPE 120ML,173,C,3,1,2,0.84,5,2.0,0,2.0,0,,2.0,0,0.0,0.0,2.5,0.0,0.0,0.0,2.0,0,23.77,16.65,47.54,0.0,2.0,47.54,0,0,
test_q4_2024,2024-12-03,841,LOJA 841,35772,EMSEXPECTOR XAROPE 120ML,173,C,3,1,2,0.84,5,2.0,0,2.0,0,,2.0,0,0.0,0.0,2.5,0.0,0.0,0.0,2.0,0,23.77,16.65,47.54,0.0,2.0,47.54,0,0,
test_q4_2024,2024-12-04,841,LOJA 841,35772,EMSEXPECTOR XAROPE 120ML,173,C,3,1,2,0.84,5,2.0,0,2.0,0,,2.0,0,0.0,0.0,2.5,0.0,0.0,0.0,2.0,0,23.77,16.65,47.54,0.0,2.0,47.54,0,0,
test_q4_2024,2024-12-05,841,LOJA 841,35772,EMSEXPECTOR XAROPE 120ML,173,C,3,1,2,0.84,5,2.0,0,2.0,0,,2.0,0,0.0,0.0,2.5,0.0,0.0,0.0,2.0,0,23.77,16.65,47.54,0.0,2.0,47.54,0,0,
test_q4_2024,2024-12-06,841,LOJA 841,35772,EMSEXPECTOR XAROPE 120ML,173,C,3,1,2,0.84,5,2.0,0,2.0,0,,2.0,0,0.0133,0.0,2.5,0.0,0.0,0.0,2.0,0,23.77,16.65,47.54,0.0,2.0,47.54,0,0,
test_q4_2024,2024-12-07,841,LOJA 841,35772,EMSEXPECTOR XAROPE 120ML,173,C,3,1,2,0.84,5,2.0,0,2.0,0,,2.0,0,0.0133,0.0,2.5,0.0,0.0,0.0,2.0,0,23.77,16.65,47.54,0.0,2.0,47.54,0,0,
test_q4_2024,2024-12-08,841,LOJA 841,35772,EMSEXPECTOR XAROPE 120ML,173,C,3,1,2,0.84,5,2.0,0,2.0,0,,2.0,0,0.0133,0.0,2.5,0.0,0.0,0.0,2.0,0,23.77,16.65,47.54,0.0,,,0,0,
test_q4_2024,2024-12-09,841,LOJA 841,35772,EMSEXPECTOR XAROPE 120ML,173,C,3,1,2,0.84,5,2.0,0,2.0,0,,2.0,0,0.0133,0.0,2.5,0.0,0.0,0.0,2.0,0,23.77,16.65,47.54,0.0,2.0,47.54,0,0,
test_q4_2024,2024-12-10,841,LOJA 841,35772,EMSEXPECTOR XAROPE 120ML,173,C,3,1,2,0.84,5,2.0,0,2.0,0,,2.0,0,0.0267,0.0,2.5,0.0,0.0,0.0,2.0,0,23.77,16.65,47.54,0.0,2.0,47.54,0,0,
test_q4_2024,2024-12-11,841,LOJA 841,35772,EMSEXPECTOR XAROPE 120ML,173,C,3,1,2,0.84,5,2.0,0,2.0,0,,2.0,0,0.0267,0.0,2.5,0.0,0.0,0.0,2.0,0,23.77,16.65,47.54,0.0,2.0,47.54,0,0,
test_q4_2024,2024-12-12,841,LOJA 841,35772,EMSEXPECTOR XAROPE 120ML,173,C,3,1,2,0.84,5,2.0,0,2.0,0,,2.0,0,0.0267,0.0,2.5,0.0,0.0,0.0,2.0,0,23.77,16.65,47.54,0.0,2.0,47.54,0,0,
test_q4_2024,2024-12-13,841,LOJA 841,35772,EMSEXPECTOR XAROPE 120ML,173,C,3,1,2,0.84,5,2.0,0,2.0,0,,2.0,0,0.0267,0.0,2.5,0.0,0.0,0.0,2.0,0,23.77,16.65,47.54,0.0,2.0,47.54,0,0,
test_q4_2024,2024-12-14,841,LOJA 841,35772,EMSEXPECTOR XAROPE 120ML,173,C,3,1,2,0.84,5,2.0,0,2.0,0,,2.0,0,0.0267,0.0,2.5,0.0,0.0,0.0,2.0,0,23.77,16.65,47.54,0.0,2.0,47.54,0,0,
test_q4_2024,2024-12-15,841,LOJA 841,35772,EMSEXPECTOR XAROPE 120ML,173,C,3,1,2,0.84,5,2.0,0,2.0,0,,2.0,0,0.0267,0.0,2.5,0.0,0.0,0.0,2.0,0,23.77,16.65,47.54,0.0,,,0,0,
test_q4_2024,2024-12-16,841,LOJA 841,35772,EMSEXPECTOR XAROPE 120ML,173,C,3,1,2,0.84,5,2.0,0,2.0,0,,2.0,0,0.0267,0.0,2.5,0.0,0.0,0.0,2.0,0,23.77,16.65,47.54,0.0,2.0,47.54,0,0,
test_q4_2024,2024-12-17,841,LOJA 841,35772,EMSEXPECTOR XAROPE 120ML,173,C,3,1,2,0.84,5,2.0,0,2.0,0,,2.0,0,0.0267,0.0,2.5,0.0,0.0,0.0,2.0,0,23.77,16.65,47.54,0.0,2.0,47.54,0,0,
test_q4_2024,2024-12-18,841,LOJA 841,35772,EMSEXPECTOR XAROPE 120ML,173,C,3,1,2,0.84,5,2.0,0,2.0,0,,2.0,0,0.0267,0.0,2.5,0.0,0.0,0.0,2.0,0,23.77,16.65,47.54,0.0,2.0,47.54,0,0,
test_q4_2024,2024-12-19,841,LOJA 841,35772,EMSEXPECTOR XAROPE 120ML,173,C,3,1,2,0.84,5,2.0,0,2.0,0,,2.0,0,0.0267,0.0,2.5,0.0,0.0,0.0,2.0,0,23.77,16.65,47.54,0.0,2.0,47.54,0,0,
test_q4_2024,2024-12-20,841,LOJA 841,35772,EMSEXPECTOR XAROPE 120ML,173,C,3,1,2,0.84,5,2.0,0,2.0,0,,2.0,0,0.0267,0.0,2.5,0.0,0.0,0.0,2.0,0,23.77,16.65,47.54,0.0,2.0,47.54,0,0,
test_q4_2024,2024-12-21,841,LOJA 841,35772,EMSEXPECTOR XAROPE 120ML,173,C,3,1,2,0.84,5,2.0,0,2.0,0,,2.0,0,0.0133,0.0,2.5,0.0,0.0,0.0,2.0,0,23.77,16.65,47.54,0.0,2.0,47.54,0,0,
test_q4_2024,2024-12-22,841,LOJA 841,35772,EMSEXPECTOR XAROPE 120ML,173,C,3,1,2,0.84,5,2.0,0,2.0,0,,2.0,0,0.0133,0.0,2.5,0.0,0.0,0.0,2.0,0,23.77,16.65,47.54,0.0,,,0,0,
test_q4_2024,2024-12-23,841,LOJA 841,35772,EMSEXPECTOR XAROPE 120ML,173,C,3,1,2,0.84,5,2.0,0,2.0,0,,2.0,0,0.0133,0.0,2.5,0.0,0.0,0.0,2.0,0,23.77,16.65,47.54,0.0,2.0,47.54,0,0,
test_q4_2024,2024-12-24,841,LOJA 841,35772,EMSEXPECTOR XAROPE 120ML,173,C,3,1,2,0.84,5,2.0,0,2.0,0,,2.0,0,0.0133,0.0,2.5,0.0,0.0,0.0,2.0,0,23.77,16.65,47.54,0.0,2.0,47.54,0,0,
test_q4_2024,2024-12-25,841,LOJA 841,35772,EMSEXPECTOR XAROPE 120ML,173,C,3,1,2,0.84,5,2.0,0,2.0,0,,2.0,0,0.0,0.0,2.5,0.0,0.0,0.0,2.0,0,23.77,16.65,47.54,0.0,2.0,47.54,0,0,
test_q4_2024,2024-12-26,841,LOJA 841,35772,EMSEXPECTOR XAROPE 120ML,173,C,3,1,2,0.84,5,2.0,0,2.0,0,,2.0,0,0.0,0.0,2.5,0.0,0.0,0.0,2.0,0,23.77,16.65,47.54,0.0,2.0,47.54,0,0,
test_q4_2024,2024-12-27,841,LOJA 841,35772,EMSEXPECTOR XAROPE 120ML,173,C,3,1,2,0.84,5,2.0,0,2.0,0,,2.0,0,0.0,0.0,2.5,0.0,0.0,0.0,2.0,0,23.77,16.65,47.54,0.0,2.0,47.54,0,0,
test_q4_2024,2024-12-28,841,LOJA 841,35772,EMSEXPECTOR XAROPE 120ML,173,C,3,1,2,0.84,5,2.0,0,2.0,0,,2.0,0,0.0133,0.0,2.5,0.0,0.0,0.0,2.0,0,23.77,16.65,47.54,0.0,2.0,47.54,0,0,
test_q4_2024,2024-12-29,841,LOJA 841,35772,EMSEXPECTOR XAROPE 120ML,173,C,3,1,2,0.84,5,2.0,0,2.0,0,,2.0,0,0.0133,0.0,2.5,0.0,0.0,0.0,2.0,0,23.77,16.65,47.54,0.0,,,0,0,
test_q4_2024,2024-12-30,841,LOJA 841,35772,EMSEXPECTOR XAROPE 120ML,173,C,3,1,2,0.84,5,2.0,0,2.0,0,,2.0,0,0.0133,0.0,2.5,0.0,0.0,0.0,2.0,0,23.77,16.65,47.54,0.0,2.0,47.54,0,0,
test_q4_2024,2024-12-31,841,LOJA 841,35772,EMSEXPECTOR XAROPE 120ML,173,C,3,1,2,0.84,5,2.0,0,2.0,0,,2.0,0,0.0133,0.0,2.5,0.0,0.0,0.0,2.0,0,23.77,16.65,47.54,0.0,2.0,47.54,0,0,
test_q4_2024,2024-10-01,841,LOJA 841,36857,NARIX ADULTO 30ML,51356,C,3,3,4,0.84,5,4.0,0,4.0,0,,4.0,0,0.04,0.0,2.009677419354839,0.0,0.0,0.0,4.0,0,7.54,6.5,30.16,0.0,3.0,22.62,0,0,
test_q4_2024,2024-10-02,841,LOJA 841,36857,NARIX ADULTO 30ML,51356,C,3,3,4,0.84,5,4.0,0,4.0,0,,4.0,0,0.04,0.0,2.009677419354839,0.0,0.0,0.0,4.0,0,7.54,6.5,30.16,0.0,3.0,22.62,0,0,
test_q4_2024,2024-10-03,841,LOJA 841,36857,NARIX ADULTO 30ML,51356,C,3,3,4,0.84,5,4.0,0,4.0,0,,4.0,0,0.04,0.0,2.009677419354839,0.0,0.0,0.0,4.0,0,7.54,6.5,30.16,0.0,3.0,22.62,0,0,
test_q4_2024,2024-10-04,841,LOJA 841,36857,NARIX ADULTO 30ML,51356,C,3,3,4,0.84,5,4.0,0,4.0,0,,4.0,0,0.04,0.0,2.009677419354839,0.0,0.0,0.0,4.0,0,7.54,6.5,30.16,0.0,3.0,22.62,0,0,
test_q4_2024,2024-10-05,841,LOJA 841,36857,NARIX ADULTO 30ML,51356,C,3,3,4,0.84,5,4.0,0,4.0,0,,4.0,0,0.04,0.0,2.009677419354839,0.0,0.0,0.0,4.0,0,7.54,6.5,30.16,0.0,3.0,22.62,0,0,
test_q4_2024,2024-10-06,841,LOJA 841,36857,NARIX ADULTO 30ML,51356,C,3,3,4,0.84,5,4.0,0,4.0,0,,4.0,0,0.04,0.0,2.009677419354839,0.0,0.0,0.0,4.0,0,7.54,6.5,30.16,0.0,,,0,0,
test_q4_2024,2024-10-07,841,LOJA 841,36857,NARIX ADULTO 30ML,51356,C,3,3,4,0.84,5,4.0,0,4.0,0,,4.0,0,0.04,0.0,2.009677419354839,0.0,0.0,0.0,4.0,0,7.54,6.5,30.16,0.0,3.0,22.62,0,0,
test_q4_2024,2024-10-08,841,LOJA 841,36857,NARIX ADULTO 30ML,51356,C,3,3,4,0.84,5,4.0,0,4.0,0,,4.0,0,0.04,0.0,2.009677419354839,0.0,0.0,0.0,4.0,0,7.54,6.5,30.16,0.0,3.0,22.62,0,0,
test_q4_2024,2024-10-09,841,LOJA 841,36857,NARIX ADULTO 30ML,51356,C,3,3,4,0.84,5,4.0,0,4.0,0,,4.0,0,0.04,0.0,2.009677419354839,0.0,0.0,0.0,4.0,0,7.54,6.5,30.16,0.0,3.0,22.62,0,0,
test_q4_2024,2024-10-10,841,LOJA 841,36857,NARIX ADULTO 30ML,51356,C,3,3,4,0.84,5,4.0,0,4.0,0,,4.0,0,0.04,0.0,2.009677419354839,0.0,0.0,0.0,4.0,0,7.54,6.5,30.16,0.0,3.0,22.62,0,0,
test_q4_2024,2024-10-11,841,LOJA 841,36857,NARIX ADULTO 30ML,51356,C,3,3,4,0.84,5,4.0,0,4.0,0,,4.0,0,0.08,0.0,2.009677419354839,0.0,0.0,0.0,4.0,0,7.54,6.5,30.16,0.0,3.0,22.62,0,0,
test_q4_2024,2024-10-12,841,LOJA 841,36857,NARIX ADULTO 30ML,51356,C,3,3,4,0.84,5,4.0,0,4.0,0,,4.0,0,0.04,0.0,2.009677419354839,0.0,0.0,0.0,4.0,0,7.54,6.5,30.16,0.0,3.0,22.62,0,0,
test_q4_2024,2024-10-13,841,LOJA 841,36857,NARIX ADULTO 30ML,51356,C,3,3,4,0.84,5,4.0,0,4.0,0,,4.0,0,0.04,0.0,2.009677419354839,0.0,0.0,0.0,4.0,0,7.54,6.5,30.16,0.0,,,0,0,
test_q4_2024,2024-10-14,841,LOJA 841,36857,NARIX ADULTO 30ML,51356,C,3,3,4,0.84,5,4.0,0,4.0,0,,4.0,0,0.04,0.0,2.009677419354839,0.0,0.0,0.0,4.0,0,7.54,6.5,30.16,0.0,3.0,22.62,0,0,
test_q4_2024,2024-10-15,841,LOJA 841,36857,NARIX ADULTO 30ML,51356,C,3,3,4,0.84,5,4.0,0,4.0,0,,4.0,0,0.04,0.0,2.009677419354839,0.0,0.0,0.0,4.0,0,7.54,6.5,30.16,0.0,3.0,22.62,0,0,
test_q4_2024,2024-10-16,841,LOJA 841,36857,NARIX ADULTO 30ML,51356,C,3,3,4,0.84,5,4.0,0,4.0,0,,4.0,0,0.04,0.0,2.009677419354839,0.0,0.0,0.0,4.0,0,7.54,6.5,30.16,0.0,3.0,22.62,0,0,
test_q4_2024,2024-10-17,841,LOJA 841,36857,NARIX ADULTO 30ML,51356,C,3,3,4,0.84,5,4.0,0,4.0,0,,4.0,0,0.04,0.0,2.009677419354839,0.0,0.0,0.0,4.0,0,7.54,6.5,30.16,0.0,3.0,22.62,0,0,
test_q4_2024,2024-10-18,841,LOJA 841,36857,NARIX ADULTO 30ML,51356,C,3,3,4,0.84,5,4.0,0,4.0,0,,4.0,0,0.04,0.0,2.009677419354839,0.0,0.0,0.0,4.0,0,7.54,6.5,30.16,0.0,3.0,22.62,0,0,
test_q4_2024,2024-10-19,841,LOJA 841,36857,NARIX ADULTO 30ML,51356,C,3,3,4,0.84,5,4.0,0,4.0,0,,4.0,0,0.04,0.0,2.009677419354839,0.0,0.0,0.0,4.0,0,7.54,6.5,30.16,0.0,3.0,22.62,0,0,
test_q4_2024,2024-10-20,841,LOJA 841,36857,NARIX ADULTO 30ML,51356,C,3,3,4,0.84,5,4.0,0,4.0,0,,4.0,0,0.04,0.0,2.009677419354839,0.0,0.0,0.0,4.0,0,7.54,6.5,30.16,0.0,,,0,0,
test_q4_2024,2024-10-21,841,LOJA 841,36857,NARIX ADULTO 30ML,51356,C,3,3,4,0.84,5,4.0,0,4.0,0,,4.0,0,0.04,0.0,2.009677419354839,0.0,0.0,0.0,4.0,0,7.54,6.5,30.16,0.0,3.0,22.62,0,0,
test_q4_2024,2024-10-22,841,LOJA 841,36857,NARIX ADULTO 30ML,51356,C,3,3,4,0.84,5,4.0,0,4.0,0,,4.0,0,0.04,0.0,2.009677419354839,0.0,0.0,0.0,4.0,0,7.54,6.5,30.16,0.0,3.0,22.62,0,0,
test_q4_2024,2024-10-23,841,LOJA 841,36857,NARIX ADULTO 30ML,51356,C,3,3,4,0.84,5,4.0,0,4.0,0,,4.0,0,0.04,0.0,2.009677419354839,0.0,0.0,0.0,4.0,0,7.54,6.5,30.16,0.0,3.0,22.62,0,0,
test_q4_2024,2024-10-24,841,LOJA 841,36857,NARIX ADULTO 30ML,51356,C,3,3,4,0.84,5,4.0,0,4.0,0,,4.0,0,0.04,0.0,2.009677419354839,0.0,0.0,0.0,4.0,0,7.54,6.5,30.16,0.0,3.0,22.62,0,0,
test_q4_2024,2024-10-25,841,LOJA 841,36857,NARIX ADULTO 30ML,51356,C,3,3,4,0.84,5,4.0,0,4.0,0,,4.0,0,0.04,0.0,2.009677419354839,0.0,0.0,0.0,4.0,0,7.54,6.5,30.16,0.0,3.0,22.62,0,0,
test_q4_2024,2024-10-26,841,LOJA 841,36857,NARIX ADULTO 30ML,51356,C,3,3,4,0.84,5,4.0,0,4.0,0,,4.0,0,0.0,0.0,2.009677419354839,0.0,0.0,0.0,4.0,0,7.54,6.5,30.16,0.0,3.0,22.62,0,0,
test_q4_2024,2024-10-27,841,LOJA 841,36857,NARIX ADULTO 30ML,51356,C,3,3,4,0.84,5,4.0,0,4.0,0,,4.0,0,0.0,0.0,2.009677419354839,0.0,0.0,0.0,4.0,0,7.54,6.5,30.16,0.0,,,0,0,
test_q4_2024,2024-10-28,841,LOJA 841,36857,NARIX ADULTO 30ML,51356,C,3,3,4,0.84,5,4.0,0,4.0,0,,4.0,0,0.0,0.0,2.009677419354839,0.0,0.0,0.0,4.0,0,7.54,6.5,30.16,0.0,3.0,22.62,0,0,
test_q4_2024,2024-10-29,841,LOJA 841,36857,NARIX ADULTO 30ML,51356,C,3,3,4,0.84,5,4.0,0,4.0,0,,4.0,0,0.0,0.0,2.009677419354839,0.0,0.0,0.0,4.0,0,7.54,6.5,30.16,0.0,3.0,22.62,0,0,
test_q4_2024,2024-10-30,841,LOJA 841,36857,NARIX ADULTO 30ML,51356,C,3,3,4,0.84,5,4.0,0,4.0,0,,4.0,0,0.0,0.0,2.009677419354839,0.0,0.0,0.0,4.0,0,7.54,6.5,30.16,0.0,3.0,22.62,0,0,
test_q4_2024,2024-10-31,841,LOJA 841,36857,NARIX ADULTO 30ML,51356,C,3,3,4,0.84,5,4.0,0,4.0,0,,4.0,0,0.0,0.0,2.009677419354839,0.0,0.0,0.0,4.0,0,7.54,6.5,30.16,0.0,3.0,22.62,0,0,
test_q4_2024,2024-11-01,841,LOJA 841,36857,NARIX ADULTO 30ML,51356,C,3,3,4,0.84,5,4.0,0,4.0,0,,4.0,0,0.0,0.0,2.009677419354839,0.0,0.0,0.0,4.0,0,7.54,6.5,30.16,0.0,3.0,22.62,0,0,
test_q4_2024,2024-11-02,841,LOJA 841,36857,NARIX ADULTO 30ML,51356,C,3,3,4,0.84,5,4.0,0,4.0,0,,4.0,0,0.0,0.0,2.009677419354839,0.0,0.0,0.0,4.0,0,7.54,6.5,30.16,0.0,3.0,22.62,0,0,
test_q4_2024,2024-11-03,841,LOJA 841,36857,NARIX ADULTO 30ML,51356,C,3,3,4,0.84,5,4.0,0,4.0,0,,4.0,0,0.0,0.0,2.009677419354839,0.0,0.0,0.0,4.0,0,7.54,6.5,30.16,0.0,,,0,0,
test_q4_2024,2024-11-04,841,LOJA 841,36857,NARIX ADULTO 30ML,51356,C,3,3,4,0.84,5,4.0,0,4.0,0,,4.0,0,0.0,0.0,2.009677419354839,0.0,0.0,0.0,4.0,0,7.54,6.5,30.16,0.0,3.0,22.62,0,0,
test_q4_2024,2024-11-05,841,LOJA 841,36857,NARIX ADULTO 30ML,51356,C,3,3,4,0.84,5,4.0,0,4.0,0,,4.0,0,0.0,0.0,2.009677419354839,0.0,0.0,0.0,4.0,0,7.54,6.5,30.16,0.0,3.0,22.62,0,0,
test_q4_2024,2024-11-06,841,LOJA 841,36857,NARIX ADULTO 30ML,51356,C,3,3,4,0.84,5,4.0,0,4.0,0,,4.0,0,0.0,0.0,2.009677419354839,0.0,0.0,0.0,4.0,0,7.54,6.5,30.16,0.0,3.0,22.62,0,0,
test_q4_2024,2024-11-07,841,LOJA 841,36857,NARIX ADULTO 30ML,51356,C,3,3,4,0.84,5,4.0,0,4.0,0,,4.0,0,0.0,0.0,2.009677419354839,0.0,0.0,0.0,4.0,0,7.54,6.5,30.16,0.0,3.0,22.62,0,0,
test_q4_2024,2024-11-08,841,LOJA 841,36857,NARIX ADULTO 30ML,51356,C,3,3,4,0.84,5,4.0,0,4.0,0,,4.0,0,0.0,0.0,2.009677419354839,0.0,0.0,0.0,4.0,0,7.54,6.5,30.16,0.0,3.0,22.62,0,0,
test_q4_2024,2024-11-09,841,LOJA 841,36857,NARIX ADULTO 30ML,51356,C,3,3,4,0.84,5,4.0,0,4.0,0,,4.0,0,0.0,0.0,2.009677419354839,0.0,0.0,0.0,4.0,0,7.54,6.5,30.16,0.0,3.0,22.62,0,0,
test_q4_2024,2024-11-10,841,LOJA 841,36857,NARIX ADULTO 30ML,51356,C,3,3,4,0.84,5,4.0,0,4.0,0,,4.0,0,0.0133,0.0,2.009677419354839,0.0,0.0,0.0,4.0,0,7.54,6.5,30.16,0.0,,,0,0,
test_q4_2024,2024-11-11,841,LOJA 841,36857,NARIX ADULTO 30ML,51356,C,3,3,4,0.84,5,4.0,0,4.0,0,,4.0,0,0.0133,0.0,2.009677419354839,1.0,1.0,0.0,3.0,0,7.54,6.5,22.62,0.0,3.0,22.62,0,0,
test_q4_2024,2024-11-12,841,LOJA 841,36857,NARIX ADULTO 30ML,51356,C,3,3,4,0.84,5,3.0,0,3.0,1,2024-11-15,4.0,1,0.0133,0.0,2.009677419354839,0.0,0.0,0.0,3.0,0,7.54,6.5,22.62,2.6,2.0,15.08,0,0,
test_q4_2024,2024-11-13,841,LOJA 841,36857,NARIX ADULTO 30ML,51356,C,3,3,4,0.84,5,3.0,0,4.0,0,,4.0,1,0.0133,0.0,2.009677419354839,0.0,0.0,0.0,3.0,0,7.54,6.5,22.62,0.0,2.0,15.08,0,0,
test_q4_2024,2024-11-14,841,LOJA 841,36857,NARIX ADULTO 30ML,51356,C,3,3,4,0.84,5,3.0,0,4.0,0,,4.0,1,0.0133,0.0,2.009677419354839,0.0,0.0,0.0,3.0,0,7.54,6.5,22.62,0.0,2.0,15.08,0,0,
test_q4_2024,2024-11-15,841,LOJA 841,36857,NARIX ADULTO 30ML,51356,C,3,3,4,0.84,5,4.0,1,4.0,0,,4.0,0,0.0133,0.0,2.009677419354839,0.0,0.0,0.0,4.0,0,7.54,6.5,30.16,0.0,2.0,15.08,0,0,
test_q4_2024,2024-11-16,841,LOJA 841,36857,NARIX ADULTO 30ML,51356,C,3,3,4,0.84,5,4.0,0,4.0,0,,4.0,0,0.0133,0.0,2.009677419354839,0.0,0.0,0.0,4.0,0,7.54,6.5,30.16,0.0,2.0,15.08,0,0,
test_q4_2024,2024-11-17,841,LOJA 841,36857,NARIX ADULTO 30ML,51356,C,3,3,4,0.84,5,4.0,0,4.0,0,,4.0,0,0.0268,0.0,2.009677419354839,0.0,0.0,0.0,4.0,0,7.54,6.5,30.16,0.0,,,0,1,PAGUE E LEVE
test_q4_2024,2024-11-18,841,LOJA 841,36857,NARIX ADULTO 30ML,51356,C,3,3,4,0.84,5,4.0,0,4.0,0,,4.0,0,0.0268,0.0,2.009677419354839,0.0,0.0,0.0,4.0,0,7.54,6.5,30.16,0.0,2.0,15.08,0,1,PAGUE E LEVE
test_q4_2024,2024-11-19,841,LOJA 841,36857,NARIX ADULTO 30ML,51356,C,3,3,4,0.84,5,4.0,0,4.0,0,,4.0,0,0.0268,0.0,2.009677419354839,0.0,0.0,0.0,4.0,0,7.54,6.5,30.16,0.0,2.0,15.08,0,1,PAGUE E LEVE
test_q4_2024,2024-11-20,841,LOJA 841,36857,NARIX ADULTO 30ML,51356,C,3,3,4,0.84,5,4.0,0,4.0,0,,4.0,0,0.0268,0.0,2.009677419354839,0.0,0.0,0.0,4.0,0,7.54,6.5,30.16,0.0,2.0,15.08,0,1,PAGUE E LEVE
test_q4_2024,2024-11-21,841,LOJA 841,36857,NARIX ADULTO 30ML,51356,C,3,3,4,0.84,5,4.0,0,4.0,0,,4.0,0,0.0268,0.0,2.009677419354839,2.0,2.0,0.0,2.0,0,7.54,6.5,15.08,0.0,2.0,15.08,0,1,PAGUE E LEVE
test_q4_2024,2024-11-22,841,LOJA 841,36857,NARIX ADULTO 30ML,51356,C,3,3,4,0.84,5,2.0,0,2.0,2,2024-11-25,4.0,2,0.0268,0.0,2.009677419354839,0.0,0.0,0.0,2.0,0,7.54,6.5,15.08,2.6,0.0,0.0,1,1,PAGUE E LEVE
test_q4_2024,2024-11-23,841,LOJA 841,36857,NARIX ADULTO 30ML,51356,C,3,3,4,0.84,5,2.0,0,4.0,0,,4.0,2,0.0133,0.0,2.009677419354839,0.0,0.0,0.0,2.0,0,7.54,6.5,15.08,0.0,0.0,0.0,1,0,
test_q4_2024,2024-11-24,841,LOJA 841,36857,NARIX ADULTO 30ML,51356,C,3,3,4,0.84,5,2.0,0,4.0,0,,4.0,2,0.0133,0.0,2.009677419354839,0.0,0.0,0.0,2.0,0,7.54,6.5,15.08,0.0,,,0,0,
test_q4_2024,2024-11-25,841,LOJA 841,36857,NARIX ADULTO 30ML,51356,C,3,3,4,0.84,5,4.0,2,4.0,0,,4.0,0,0.0,0.0,2.009677419354839,0.0,0.0,0.0,4.0,0,7.54,6.5,30.16,0.0,2.0,15.08,0,0,
test_q4_2024,2024-11-26,841,LOJA 841,36857,NARIX ADULTO 30ML,51356,C,3,3,4,0.84,5,4.0,0,4.0,0,,4.0,0,0.0,0.0,2.009677419354839,0.0,0.0,0.0,4.0,0,7.54,6.5,30.16,0.0,2.0,15.08,0,0,
test_q4_2024,2024-11-27,841,LOJA 841,36857,NARIX ADULTO 30ML,51356,C,3,3,4,0.84,5,4.0,0,4.0,0,,4.0,0,0.0,0.0,2.009677419354839,0.0,0.0,0.0,4.0,0,7.54,6.5,30.16,0.0,2.0,15.08,0,0,
test_q4_2024,2024-11-28,841,LOJA 841,36857,NARIX ADULTO 30ML,51356,C,3,3,4,0.84,5,4.0,0,4.0,0,,4.0,0,0.0,0.0,2.009677419354839,2.0,2.0,0.0,2.0,0,7.54,6.5,15.08,0.0,2.0,15.08,0,0,
test_q4_2024,2024-11-29,841,LOJA 841,36857,NARIX ADULTO 30ML,51356,C,3,3,4,0.84,5,2.0,0,2.0,2,2024-12-02,4.0,2,0.0,0.0,2.009677419354839,0.0,0.0,0.0,2.0,0,7.54,6.5,15.08,2.6,0.0,0.0,1,1,PAGUE E LEVE
test_q4_2024,2024-11-30,841,LOJA 841,36857,NARIX ADULTO 30ML,51356,C,3,3,4,0.84,5,2.0,0,4.0,0,,4.0,2,0.0268,0.0,2.009677419354839,0.0,0.0,0.0,2.0,0,7.54,6.5,15.08,0.0,0.0,0.0,1,1,PAGUE E LEVE
test_q4_2024,2024-12-01,841,LOJA 841,36857,NARIX ADULTO 30ML,51356,C,3,3,4,0.84,5,2.0,0,4.0,0,,4.0,2,0.0536,0.0,2.009677419354839,0.0,0.0,0.0,2.0,0,7.54,6.5,15.08,0.0,,,0,1,PAGUE E LEVE
test_q4_2024,2024-12-02,841,LOJA 841,36857,NARIX ADULTO 30ML,51356,C,3,3,4,0.84,5,4.0,2,4.0,0,,4.0,0,0.0267,0.0,2.009677419354839,0.0,0.0,0.0,4.0,0,7.54,6.5,30.16,0.0,2.0,15.08,0,0,
test_q4_2024,2024-12-03,841,LOJA 841,36857,NARIX ADULTO 30ML,51356,C,3,3,4,0.84,5,4.0,0,4.0,0,,4.0,0,0.0267,0.0,2.009677419354839,0.0,0.0,0.0,4.0,0,7.54,6.5,30.16,0.0,2.0,15.08,0,0,
test_q4_2024,2024-12-04,841,LOJA 841,36857,NARIX ADULTO 30ML,51356,C,3,3,4,0.84,5,4.0,0,4.0,0,,4.0,0,0.0267,0.0,2.009677419354839,0.0,0.0,0.0,4.0,0,7.54,6.5,30.16,0.0,2.0,15.08,0,0,
test_q4_2024,2024-12-05,841,LOJA 841,36857,NARIX ADULTO 30ML,51356,C,3,3,4,0.84,5,4.0,0,4.0,0,,4.0,0,0.0267,0.0,2.009677419354839,0.0,0.0,0.0,4.0,0,7.54,6.5,30.16,0.0,2.0,15.08,0,0,
test_q4_2024,2024-12-06,841,LOJA 841,36857,NARIX ADULTO 30ML,51356,C,3,3,4,0.84,5,4.0,0,4.0,0,,4.0,0,0.0267,0.0,2.009677419354839,0.0,0.0,0.0,4.0,0,7.54,6.5,30.16,0.0,2.0,15.08,0,0,
test_q4_2024,2024-12-07,841,LOJA 841,36857,NARIX ADULTO 30ML,51356,C,3,3,4,0.84,5,4.0,0,4.0,0,,4.0,0,0.0267,0.0,2.009677419354839,0.0,0.0,0.0,4.0,0,7.54,6.5,30.16,0.0,3.0,22.62,0,0,
test_q4_2024,2024-12-08,841,LOJA 841,36857,NARIX ADULTO 30ML,51356,C,3,3,4,0.84,5,4.0,0,4.0,0,,4.0,0,0.0267,0.0,2.009677419354839,1.0,1.0,0.0,3.0,0,7.54,6.5,22.62,0.0,,,0,0,
test_q4_2024,2024-12-09,841,LOJA 841,36857,NARIX ADULTO 30ML,51356,C,3,3,4,0.84,5,3.0,0,3.0,1,2024-12-12,4.0,1,0.0267,0.0,2.009677419354839,0.0,0.0,0.0,3.0,0,7.54,6.5,22.62,2.6,2.0,15.08,0,0,
test_q4_2024,2024-12-10,841,LOJA 841,36857,NARIX ADULTO 30ML,51356,C,3,3,4,0.84,5,3.0,0,4.0,0,,4.0,1,0.0267,0.0,2.009677419354839,0.0,0.0,0.0,3.0,0,7.54,6.5,22.62,0.0,2.0,15.08,0,0,
test_q4_2024,2024-12-11,841,LOJA 841,36857,NARIX ADULTO 30ML,51356,C,3,3,4,0.84,5,3.0,0,4.0,0,,4.0,1,0.0267,0.0,2.009677419354839,0.0,0.0,0.0,3.0,0,7.54,6.5,22.62,0.0,2.0,15.08,0,0,
test_q4_2024,2024-12-12,841,LOJA 841,36857,NARIX ADULTO 30ML,51356,C,3,3,4,0.84,5,4.0,1,4.0,0,,4.0,0,0.0267,0.0,2.009677419354839,0.0,0.0,0.0,4.0,0,7.54,6.5,30.16,0.0,3.0,22.62,0,0,
test_q4_2024,2024-12-13,841,LOJA 841,36857,NARIX ADULTO 30ML,51356,C,3,3,4,0.84,5,4.0,0,4.0,0,,4.0,0,0.0267,0.0,2.009677419354839,0.0,0.0,0.0,4.0,0,7.54,6.5,30.16,0.0,3.0,22.62,0,0,
test_q4_2024,2024-12-14,841,LOJA 841,36857,NARIX ADULTO 30ML,51356,C,3,3,4,0.84,5,4.0,0,4.0,0,,4.0,0,0.0267,0.0,2.009677419354839,0.0,0.0,0.0,4.0,0,7.54,6.5,30.16,0.0,3.0,22.62,0,0,
test_q4_2024,2024-12-15,841,LOJA 841,36857,NARIX ADULTO 30ML,51356,C,3,3,4,0.84,5,4.0,0,4.0,0,,4.0,0,0.0133,0.0,2.009677419354839,0.0,0.0,0.0,4.0,0,7.54,6.5,30.16,0.0,,,0,0,
test_q4_2024,2024-12-16,841,LOJA 841,36857,NARIX ADULTO 30ML,51356,C,3,3,4,0.84,5,4.0,0,4.0,0,,4.0,0,0.0,0.0,2.009677419354839,0.0,0.0,0.0,4.0,0,7.54,6.5,30.16,0.0,3.0,22.62,0,0,
test_q4_2024,2024-12-17,841,LOJA 841,36857,NARIX ADULTO 30ML,51356,C,3,3,4,0.84,5,4.0,0,4.0,0,,4.0,0,0.0,0.0,2.009677419354839,0.0,0.0,0.0,4.0,0,7.54,6.5,30.16,0.0,3.0,22.62,0,0,
test_q4_2024,2024-12-18,841,LOJA 841,36857,NARIX ADULTO 30ML,51356,C,3,3,4,0.84,5,4.0,0,4.0,0,,4.0,0,0.0,0.0,2.009677419354839,0.0,0.0,0.0,4.0,0,7.54,6.5,30.16,0.0,3.0,22.62,0,0,
test_q4_2024,2024-12-19,841,LOJA 841,36857,NARIX ADULTO 30ML,51356,C,3,3,4,0.84,5,4.0,0,4.0,0,,4.0,0,0.0,0.0,2.009677419354839,0.0,0.0,0.0,4.0,0,7.54,6.5,30.16,0.0,3.0,22.62,0,0,
test_q4_2024,2024-12-20,841,LOJA 841,36857,NARIX ADULTO 30ML,51356,C,3,3,4,0.84,5,4.0,0,4.0,0,,4.0,0,0.0,0.0,2.009677419354839,0.0,0.0,0.0,4.0,0,7.54,6.5,30.16,0.0,3.0,22.62,0,0,
test_q4_2024,2024-12-21,841,LOJA 841,36857,NARIX ADULTO 30ML,51356,C,3,3,4,0.84,5,4.0,0,4.0,0,,4.0,0,0.0,0.0,2.009677419354839,0.0,0.0,0.0,4.0,0,7.54,6.5,30.16,0.0,3.0,22.62,0,0,
test_q4_2024,2024-12-22,841,LOJA 841,36857,NARIX ADULTO 30ML,51356,C,3,3,4,0.84,5,4.0,0,4.0,0,,4.0,0,0.0,0.0,2.009677419354839,0.0,0.0,0.0,4.0,0,7.54,6.5,30.16,0.0,,,0,0,
test_q4_2024,2024-12-23,841,LOJA 841,36857,NARIX ADULTO 30ML,51356,C,3,3,4,0.84,5,4.0,0,4.0,0,,4.0,0,0.0,0.0,2.009677419354839,0.0,0.0,0.0,4.0,0,7.54,6.5,30.16,0.0,3.0,22.62,0,0,
test_q4_2024,2024-12-24,841,LOJA 841,36857,NARIX ADULTO 30ML,51356,C,3,3,4,0.84,5,4.0,0,4.0,0,,4.0,0,0.0,0.0,2.009677419354839,0.0,0.0,0.0,4.0,0,7.54,6.5,30.16,0.0,3.0,22.62,0,0,
test_q4_2024,2024-12-25,841,LOJA 841,36857,NARIX ADULTO 30ML,51356,C,3,3,4,0.84,5,4.0,0,4.0,0,,4.0,0,0.0,0.0,2.009677419354839,0.0,0.0,0.0,4.0,0,7.54,6.5,30.16,0.0,3.0,22.62,0,0,
test_q4_2024,2024-12-26,841,LOJA 841,36857,NARIX ADULTO 30ML,51356,C,3,3,4,0.84,5,4.0,0,4.0,0,,4.0,0,0.0,0.0,2.009677419354839,0.0,0.0,0.0,4.0,0,7.54,6.5,30.16,0.0,3.0,22.62,0,0,
test_q4_2024,2024-12-27,841,LOJA 841,36857,NARIX ADULTO 30ML,51356,C,3,3,4,0.84,5,4.0,0,4.0,0,,4.0,0,0.0,0.0,2.009677419354839,0.0,0.0,0.0,4.0,0,7.54,6.5,30.16,0.0,3.0,22.62,0,0,
test_q4_2024,2024-12-28,841,LOJA 841,36857,NARIX ADULTO 30ML,51356,C,3,3,4,0.84,5,4.0,0,4.0,0,,4.0,0,0.0,0.0,2.009677419354839,0.0,0.0,0.0,4.0,0,7.54,6.5,30.16,0.0,3.0,22.62,0,0,
test_q4_2024,2024-12-29,841,LOJA 841,36857,NARIX ADULTO 30ML,51356,C,3,3,4,0.84,5,4.0,0,4.0,0,,4.0,0,0.0,0.0,2.009677419354839,0.0,0.0,0.0,4.0,0,7.54,6.5,30.16,0.0,,,0,0,
test_q4_2024,2024-12-30,841,LOJA 841,36857,NARIX ADULTO 30ML,51356,C,3,3,4,0.84,5,4.0,0,4.0,0,,4.0,0,0.0,0.0,2.009677419354839,0.0,0.0,0.0,4.0,0,7.54,6.5,30.16,0.0,3.0,22.62,0,0,
test_q4_2024,2024-12-31,841,LOJA 841,36857,NARIX ADULTO 30ML,51356,C,3,3,4,0.84,5,4.0,0,4.0,0,,4.0,0,0.0,0.0,2.009677419354839,0.0,0.0,0.0,4.0,0,7.54,6.5,30.16,0.0,3.0,22.62,0,0,
test_q4_2024,2024-10-01,841,LOJA 841,42076,HEDRA EXPEC XAROPE 100ML,102013,C,3,1,2,0.84,5,4.0,0,4.0,0,,4.0,0,0.0,0.0,2.5,0.0,0.0,0.0,4.0,0,21.17,32.59,84.68,0.0,4.0,84.68,0,0,
test_q4_2024,2024-10-02,841,LOJA 841,42076,HEDRA EXPEC XAROPE 100ML,102013,C,3,1,2,0.84,5,4.0,0,4.0,0,,4.0,0,0.0,0.0,2.5,0.0,0.0,0.0,4.0,0,21.17,32.59,84.68,0.0,4.0,84.68,0,0,
test_q4_2024,2024-10-03,841,LOJA 841,42076,HEDRA EXPEC XAROPE 100ML,102013,C,3,1,2,0.84,5,4.0,0,4.0,0,,4.0,0,0.0,0.0,2.5,0.0,0.0,0.0,4.0,0,21.17,32.59,84.68,0.0,4.0,84.68,0,0,
test_q4_2024,2024-10-04,841,LOJA 841,42076,HEDRA EXPEC XAROPE 100ML,102013,C,3,1,2,0.84,5,4.0,0,4.0,0,,4.0,0,0.0,0.0,2.5,0.0,0.0,0.0,4.0,0,21.17,32.59,84.68,0.0,4.0,84.68,0,0,
test_q4_2024,2024-10-05,841,LOJA 841,42076,HEDRA EXPEC XAROPE 100ML,102013,C,3,1,2,0.84,5,4.0,0,4.0,0,,4.0,0,0.0,0.0,2.5,0.0,0.0,0.0,4.0,0,21.17,32.59,84.68,0.0,4.0,84.68,0,0,
test_q4_2024,2024-10-06,841,LOJA 841,42076,HEDRA EXPEC XAROPE 100ML,102013,C,3,1,2,0.84,5,4.0,0,4.0,0,,4.0,0,0.0,0.0,2.5,0.0,0.0,0.0,4.0,0,21.17,32.59,84.68,0.0,,,0,0,
test_q4_2024,2024-10-07,841,LOJA 841,42076,HEDRA EXPEC XAROPE 100ML,102013,C,3,1,2,0.84,5,4.0,0,4.0,0,,4.0,0,0.0,0.0,2.5,0.0,0.0,0.0,4.0,0,21.17,32.59,84.68,0.0,4.0,84.68,0,0,
test_q4_2024,2024-10-08,841,LOJA 841,42076,HEDRA EXPEC XAROPE 100ML,102013,C,3,1,2,0.84,5,4.0,0,4.0,0,,4.0,0,0.0,0.0,2.5,0.0,0.0,0.0,4.0,0,21.17,32.59,84.68,0.0,4.0,84.68,0,0,
test_q4_2024,2024-10-09,841,LOJA 841,42076,HEDRA EXPEC XAROPE 100ML,102013,C,3,1,2,0.84,5,4.0,0,4.0,0,,4.0,0,0.0,0.0,2.5,0.0,0.0,0.0,4.0,0,21.17,32.59,84.68,0.0,4.0,84.68,0,0,
test_q4_2024,2024-10-10,841,LOJA 841,42076,HEDRA EXPEC XAROPE 100ML,102013,C,3,1,2,0.84,5,4.0,0,4.0,0,,4.0,0,0.0,0.0,2.5,0.0,0.0,0.0,4.0,0,21.17,32.59,84.68,0.0,4.0,84.68,0,0,
test_q4_2024,2024-10-11,841,LOJA 841,42076,HEDRA EXPEC XAROPE 100ML,102013,C,3,1,2,0.84,5,4.0,0,4.0,0,,4.0,0,0.0,0.0,2.5,0.0,0.0,0.0,4.0,0,21.17,32.59,84.68,0.0,4.0,84.68,0,0,
test_q4_2024,2024-10-12,841,LOJA 841,42076,HEDRA EXPEC XAROPE 100ML,102013,C,3,1,2,0.84,5,4.0,0,4.0,0,,4.0,0,0.0,0.0,2.5,0.0,0.0,0.0,4.0,0,21.17,32.59,84.68,0.0,4.0,84.68,0,0,
test_q4_2024,2024-10-13,841,LOJA 841,42076,HEDRA EXPEC XAROPE 100ML,102013,C,3,1,2,0.84,5,4.0,0,4.0,0,,4.0,0,0.0,0.0,2.5,0.0,0.0,0.0,4.0,0,21.17,32.59,84.68,0.0,,,0,0,
test_q4_2024,2024-10-14,841,LOJA 841,42076,HEDRA EXPEC XAROPE 100ML,102013,C,3,1,2,0.84,5,4.0,0,4.0,0,,4.0,0,0.0,0.0,2.5,0.0,0.0,0.0,4.0,0,21.17,32.59,84.68,0.0,4.0,84.68,0,0,
test_q4_2024,2024-10-15,841,LOJA 841,42076,HEDRA EXPEC XAROPE 100ML,102013,C,3,1,2,0.84,5,4.0,0,4.0,0,,4.0,0,0.0,0.0,2.5,0.0,0.0,0.0,4.0,0,21.17,32.59,84.68,0.0,4.0,84.68,0,0,
test_q4_2024,2024-10-16,841,LOJA 841,42076,HEDRA EXPEC XAROPE 100ML,102013,C,3,1,2,0.84,5,4.0,0,4.0,0,,4.0,0,0.0,0.0,2.5,0.0,0.0,0.0,4.0,0,21.17,32.59,84.68,0.0,4.0,84.68,0,0,
test_q4_2024,2024-10-17,841,LOJA 841,42076,HEDRA EXPEC XAROPE 100ML,102013,C,3,1,2,0.84,5,4.0,0,4.0,0,,4.0,0,0.0,0.0,2.5,0.0,0.0,0.0,4.0,0,21.17,32.59,84.68,0.0,4.0,84.68,0,0,
test_q4_2024,2024-10-18,841,LOJA 841,42076,HEDRA EXPEC XAROPE 100ML,102013,C,3,1,2,0.84,5,4.0,0,4.0,0,,4.0,0,0.0,0.0,2.5,0.0,0.0,0.0,4.0,0,21.17,32.59,84.68,0.0,4.0,84.68,0,0,
test_q4_2024,2024-10-19,841,LOJA 841,42076,HEDRA EXPEC XAROPE 100ML,102013,C,3,1,2,0.84,5,4.0,0,4.0,0,,4.0,0,0.0,0.0,2.5,0.0,0.0,0.0,4.0,0,21.17,32.59,84.68,0.0,4.0,84.68,0,0,
test_q4_2024,2024-10-20,841,LOJA 841,42076,HEDRA EXPEC XAROPE 100ML,102013,C,3,1,2,0.84,5,4.0,0,4.0,0,,4.0,0,0.0,0.0,2.5,0.0,0.0,0.0,4.0,0,21.17,32.59,84.68,0.0,,,0,0,
test_q4_2024,2024-10-21,841,LOJA 841,42076,HEDRA EXPEC XAROPE 100ML,102013,C,3,1,2,0.84,5,4.0,0,4.0,0,,4.0,0,0.0,0.0,2.5,0.0,0.0,0.0,4.0,0,21.17,32.59,84.68,0.0,4.0,84.68,0,0,
test_q4_2024,2024-10-22,841,LOJA 841,42076,HEDRA EXPEC XAROPE 100ML,102013,C,3,1,2,0.84,5,4.0,0,4.0,0,,4.0,0,0.0,0.0,2.5,0.0,0.0,0.0,4.0,0,21.17,32.59,84.68,0.0,4.0,84.68,0,0,
test_q4_2024,2024-10-23,841,LOJA 841,42076,HEDRA EXPEC XAROPE 100ML,102013,C,3,1,2,0.84,5,4.0,0,4.0,0,,4.0,0,0.0,0.0,2.5,0.0,0.0,0.0,4.0,0,21.17,32.59,84.68,0.0,4.0,84.68,0,0,
test_q4_2024,2024-10-24,841,LOJA 841,42076,HEDRA EXPEC XAROPE 100ML,102013,C,3,1,2,0.84,5,4.0,0,4.0,0,,4.0,0,0.0,0.0,2.5,0.0,0.0,0.0,4.0,0,21.17,32.59,84.68,0.0,4.0,84.68,0,0,
test_q4_2024,2024-10-25,841,LOJA 841,42076,HEDRA EXPEC XAROPE 100ML,102013,C,3,1,2,0.84,5,4.0,0,4.0,0,,4.0,0,0.0,0.0,2.5,0.0,0.0,0.0,4.0,0,21.17,32.59,84.68,0.0,4.0,84.68,0,0,
test_q4_2024,2024-10-26,841,LOJA 841,42076,HEDRA EXPEC XAROPE 100ML,102013,C,3,1,2,0.84,5,4.0,0,4.0,0,,4.0,0,0.0,0.0,2.5,0.0,0.0,0.0,4.0,0,21.17,32.59,84.68,0.0,4.0,84.68,0,0,
test_q4_2024,2024-10-27,841,LOJA 841,42076,HEDRA EXPEC XAROPE 100ML,102013,C,3,1,2,0.84,5,4.0,0,4.0,0,,4.0,0,0.0,0.0,2.5,0.0,0.0,0.0,4.0,0,21.17,32.59,84.68,0.0,,,0,0,
test_q4_2024,2024-10-28,841,LOJA 841,42076,HEDRA EXPEC XAROPE 100ML,102013,C,3,1,2,0.84,5,4.0,0,4.0,0,,4.0,0,0.0,0.0,2.5,0.0,0.0,0.0,4.0,0,21.17,32.59,84.68,0.0,4.0,84.68,0,0,
test_q4_2024,2024-10-29,841,LOJA 841,42076,HEDRA EXPEC XAROPE 100ML,102013,C,3,1,2,0.84,5,4.0,0,4.0,0,,4.0,0,0.0,0.0,2.5,0.0,0.0,0.0,4.0,0,21.17,32.59,84.68,0.0,4.0,84.68,0,0,
test_q4_2024,2024-10-30,841,LOJA 841,42076,HEDRA EXPEC XAROPE 100ML,102013,C,3,1,2,0.84,5,4.0,0,4.0,0,,4.0,0,0.0,0.0,2.5,0.0,0.0,0.0,4.0,0,21.17,32.59,84.68,0.0,4.0,84.68,0,0,
test_q4_2024,2024-10-31,841,LOJA 841,42076,HEDRA EXPEC XAROPE 100ML,102013,C,3,1,2,0.84,5,4.0,0,4.0,0,,4.0,0,0.0,0.0,2.5,0.0,0.0,0.0,4.0,0,21.17,32.59,84.68,0.0,4.0,84.68,0,0,
test_q4_2024,2024-11-01,841,LOJA 841,42076,HEDRA EXPEC XAROPE 100ML,102013,C,3,1,2,0.84,5,4.0,0,4.0,0,,4.0,0,0.0,0.0,2.5,0.0,0.0,0.0,4.0,0,21.17,32.59,84.68,0.0,4.0,84.68,0,0,
test_q4_2024,2024-11-02,841,LOJA 841,42076,HEDRA EXPEC XAROPE 100ML,102013,C,3,1,2,0.84,5,4.0,0,4.0,0,,4.0,0,0.0,0.0,2.5,0.0,0.0,0.0,4.0,0,21.17,32.59,84.68,0.0,4.0,84.68,0,0,
test_q4_2024,2024-11-03,841,LOJA 841,42076,HEDRA EXPEC XAROPE 100ML,102013,C,3,1,2,0.84,5,4.0,0,4.0,0,,4.0,0,0.0,0.0,2.5,0.0,0.0,0.0,4.0,0,21.17,32.59,84.68,0.0,,,0,0,
test_q4_2024,2024-11-04,841,LOJA 841,42076,HEDRA EXPEC XAROPE 100ML,102013,C,3,1,2,0.84,5,4.0,0,4.0,0,,4.0,0,0.0,0.0,2.5,0.0,0.0,0.0,4.0,0,21.17,32.59,84.68,0.0,4.0,84.68,0,0,
test_q4_2024,2024-11-05,841,LOJA 841,42076,HEDRA EXPEC XAROPE 100ML,102013,C,3,1,2,0.84,5,4.0,0,4.0,0,,4.0,0,0.0,0.0,2.5,0.0,0.0,0.0,4.0,0,21.17,32.59,84.68,0.0,4.0,84.68,0,0,
test_q4_2024,2024-11-06,841,LOJA 841,42076,HEDRA EXPEC XAROPE 100ML,102013,C,3,1,2,0.84,5,4.0,0,4.0,0,,4.0,0,0.0,0.0,2.5,0.0,0.0,0.0,4.0,0,21.17,32.59,84.68,0.0,4.0,84.68,0,0,
test_q4_2024,2024-11-07,841,LOJA 841,42076,HEDRA EXPEC XAROPE 100ML,102013,C,3,1,2,0.84,5,4.0,0,4.0,0,,4.0,0,0.0,0.0,2.5,1.0,1.0,0.0,3.0,0,21.17,32.59,63.51,0.0,4.0,84.68,0,0,
test_q4_2024,2024-11-08,841,LOJA 841,42076,HEDRA EXPEC XAROPE 100ML,102013,C,3,1,2,0.84,5,3.0,0,3.0,0,,3.0,0,0.0,0.0,2.5,0.0,0.0,0.0,3.0,0,21.17,32.59,63.51,0.0,3.0,63.510000000000005,0,0,
test_q4_2024,2024-11-09,841,LOJA 841,42076,HEDRA EXPEC XAROPE 100ML,102013,C,3,1,2,0.84,5,3.0,0,3.0,0,,3.0,0,0.0,0.0,2.5,0.0,0.0,0.0,3.0,0,21.17,32.59,63.51,0.0,3.0,63.510000000000005,0,0,
test_q4_2024,2024-11-10,841,LOJA 841,42076,HEDRA EXPEC XAROPE 100ML,102013,C,3,1,2,0.84,5,3.0,0,3.0,0,,3.0,0,0.0,0.0,2.5,0.0,0.0,0.0,3.0,0,21.17,32.59,63.51,0.0,,,0,0,
test_q4_2024,2024-11-11,841,LOJA 841,42076,HEDRA EXPEC XAROPE 100ML,102013,C,3,1,2,0.84,5,3.0,0,3.0,0,,3.0,0,0.0,0.0,2.5,0.0,0.0,0.0,3.0,0,21.17,32.59,63.51,0.0,3.0,63.510000000000005,0,0,
test_q4_2024,2024-11-12,841,LOJA 841,42076,HEDRA EXPEC XAROPE 100ML,102013,C,3,1,2,0.84,5,3.0,0,3.0,0,,3.0,0,0.0,0.0,2.5,0.0,0.0,0.0,3.0,0,21.17,32.59,63.51,0.0,3.0,63.510000000000005,0,0,
test_q4_2024,2024-11-13,841,LOJA 841,42076,HEDRA EXPEC XAROPE 100ML,102013,C,3,1,2,0.84,5,3.0,0,3.0,0,,3.0,0,0.0,0.0,2.5,0.0,0.0,0.0,3.0,0,21.17,32.59,63.51,0.0,3.0,63.510000000000005,0,0,
test_q4_2024,2024-11-14,841,LOJA 841,42076,HEDRA EXPEC XAROPE 100ML,102013,C,3,1,2,0.84,5,3.0,0,3.0,0,,3.0,0,0.0,0.0,2.5,0.0,0.0,0.0,3.0,0,21.17,32.59,63.51,0.0,3.0,63.510000000000005,0,0,
test_q4_2024,2024-11-15,841,LOJA 841,42076,HEDRA EXPEC XAROPE 100ML,102013,C,3,1,2,0.84,5,3.0,0,3.0,0,,3.0,0,0.0,0.0,2.5,0.0,0.0,0.0,3.0,0,21.17,32.59,63.51,0.0,3.0,63.510000000000005,0,0,
test_q4_2024,2024-11-16,841,LOJA 841,42076,HEDRA EXPEC XAROPE 100ML,102013,C,3,1,2,0.84,5,3.0,0,3.0,0,,3.0,0,0.0,0.0,2.5,0.0,0.0,0.0,3.0,0,21.17,32.59,63.51,0.0,3.0,63.510000000000005,0,0,
test_q4_2024,2024-11-17,841,LOJA 841,42076,HEDRA EXPEC XAROPE 100ML,102013,C,3,1,2,0.84,5,3.0,0,3.0,0,,3.0,0,0.0,0.0,2.5,0.0,0.0,0.0,3.0,0,21.17,32.59,63.51,0.0,,,0,0,
test_q4_2024,2024-11-18,841,LOJA 841,42076,HEDRA EXPEC XAROPE 100ML,102013,C,3,1,2,0.84,5,3.0,0,3.0,0,,3.0,0,0.0,0.0,2.5,0.0,0.0,0.0,3.0,0,21.17,32.59,63.51,0.0,3.0,63.510000000000005,0,0,
test_q4_2024,2024-11-19,841,LOJA 841,42076,HEDRA EXPEC XAROPE 100ML,102013,C,3,1,2,0.84,5,3.0,0,3.0,0,,3.0,0,0.0,0.0,2.5,0.0,0.0,0.0,3.0,0,21.17,32.59,63.51,0.0,3.0,63.510000000000005,0,0,
test_q4_2024,2024-11-20,841,LOJA 841,42076,HEDRA EXPEC XAROPE 100ML,102013,C,3,1,2,0.84,5,3.0,0,3.0,0,,3.0,0,0.0,0.0,2.5,0.0,0.0,0.0,3.0,0,21.17,32.59,63.51,0.0,3.0,63.510000000000005,0,0,
test_q4_2024,2024-11-21,841,LOJA 841,42076,HEDRA EXPEC XAROPE 100ML,102013,C,3,1,2,0.84,5,3.0,0,3.0,0,,3.0,0,0.0,0.0,2.5,0.0,0.0,0.0,3.0,0,21.17,32.59,63.51,0.0,3.0,63.510000000000005,0,0,
test_q4_2024,2024-11-22,841,LOJA 841,42076,HEDRA EXPEC XAROPE 100ML,102013,C,3,1,2,0.84,5,3.0,0,3.0,0,,3.0,0,0.0,0.0,2.5,0.0,0.0,0.0,3.0,0,21.17,32.59,63.51,0.0,3.0,63.510000000000005,0,0,
test_q4_2024,2024-11-23,841,LOJA 841,42076,HEDRA EXPEC XAROPE 100ML,102013,C,3,1,2,0.84,5,3.0,0,3.0,0,,3.0,0,0.0,0.0,2.5,0.0,0.0,0.0,3.0,0,21.17,32.59,63.51,0.0,3.0,63.510000000000005,0,0,
test_q4_2024,2024-11-24,841,LOJA 841,42076,HEDRA EXPEC XAROPE 100ML,102013,C,3,1,2,0.84,5,3.0,0,3.0,0,,3.0,0,0.0,0.0,2.5,0.0,0.0,0.0,3.0,0,21.17,32.59,63.51,0.0,,,0,0,
test_q4_2024,2024-11-25,841,LOJA 841,42076,HEDRA EXPEC XAROPE 100ML,102013,C,3,1,2,0.84,5,3.0,0,3.0,0,,3.0,0,0.0,0.0,2.5,0.0,0.0,0.0,3.0,0,21.17,32.59,63.51,0.0,3.0,63.510000000000005,0,0,
test_q4_2024,2024-11-26,841,LOJA 841,42076,HEDRA EXPEC XAROPE 100ML,102013,C,3,1,2,0.84,5,3.0,0,3.0,0,,3.0,0,0.0,0.0,2.5,0.0,0.0,0.0,3.0,0,21.17,32.59,63.51,0.0,3.0,63.510000000000005,0,0,
test_q4_2024,2024-11-27,841,LOJA 841,42076,HEDRA EXPEC XAROPE 100ML,102013,C,3,1,2,0.84,5,3.0,0,3.0,0,,3.0,0,0.0,0.0,2.5,0.0,0.0,0.0,3.0,0,21.17,32.59,63.51,0.0,3.0,63.510000000000005,0,0,
test_q4_2024,2024-11-28,841,LOJA 841,42076,HEDRA EXPEC XAROPE 100ML,102013,C,3,1,2,0.84,5,3.0,0,3.0,0,,3.0,0,0.0,0.0,2.5,0.0,0.0,0.0,3.0,0,21.17,32.59,63.51,0.0,3.0,63.510000000000005,0,0,
test_q4_2024,2024-11-29,841,LOJA 841,42076,HEDRA EXPEC XAROPE 100ML,102013,C,3,1,2,0.84,5,3.0,0,3.0,0,,3.0,0,0.0,0.0,2.5,0.0,0.0,0.0,3.0,0,21.17,32.59,63.51,0.0,3.0,63.510000000000005,0,0,
test_q4_2024,2024-11-30,841,LOJA 841,42076,HEDRA EXPEC XAROPE 100ML,102013,C,3,1,2,0.84,5,3.0,0,3.0,0,,3.0,0,0.0,0.0,2.5,0.0,0.0,0.0,3.0,0,21.17,32.59,63.51,0.0,3.0,63.510000000000005,0,0,
test_q4_2024,2024-12-01,841,LOJA 841,42076,HEDRA EXPEC XAROPE 100ML,102013,C,3,1,2,0.84,5,3.0,0,3.0,0,,3.0,0,0.0,0.0,2.5,0.0,0.0,0.0,3.0,0,21.17,32.59,63.51,0.0,,,0,0,
test_q4_2024,2024-12-02,841,LOJA 841,42076,HEDRA EXPEC XAROPE 100ML,102013,C,3,1,2,0.84,5,3.0,0,3.0,0,,3.0,0,0.0,0.0,2.5,0.0,0.0,0.0,3.0,0,21.17,32.59,63.51,0.0,3.0,63.510000000000005,0,0,
test_q4_2024,2024-12-03,841,LOJA 841,42076,HEDRA EXPEC XAROPE 100ML,102013,C,3,1,2,0.84,5,3.0,0,3.0,0,,3.0,0,0.0,0.0,2.5,0.0,0.0,0.0,3.0,0,21.17,32.59,63.51,0.0,3.0,63.510000000000005,0,0,
test_q4_2024,2024-12-04,841,LOJA 841,42076,HEDRA EXPEC XAROPE 100ML,102013,C,3,1,2,0.84,5,3.0,0,3.0,0,,3.0,0,0.0,0.0,2.5,0.0,0.0,0.0,3.0,0,21.17,32.59,63.51,0.0,3.0,63.510000000000005,0,0,
test_q4_2024,2024-12-05,841,LOJA 841,42076,HEDRA EXPEC XAROPE 100ML,102013,C,3,1,2,0.84,5,3.0,0,3.0,0,,3.0,0,0.0,0.0,2.5,0.0,0.0,0.0,3.0,0,21.17,32.59,63.51,0.0,3.0,63.510000000000005,0,0,
test_q4_2024,2024-12-06,841,LOJA 841,42076,HEDRA EXPEC XAROPE 100ML,102013,C,3,1,2,0.84,5,3.0,0,3.0,0,,3.0,0,0.0,0.0,2.5,0.0,0.0,0.0,3.0,0,21.17,32.59,63.51,0.0,3.0,63.510000000000005,0,0,
test_q4_2024,2024-12-07,841,LOJA 841,42076,HEDRA EXPEC XAROPE 100ML,102013,C,3,1,2,0.84,5,3.0,0,3.0,0,,3.0,0,0.0,0.0,2.5,0.0,0.0,0.0,3.0,0,21.17,32.59,63.51,0.0,3.0,63.510000000000005,0,0,
test_q4_2024,2024-12-08,841,LOJA 841,42076,HEDRA EXPEC XAROPE 100ML,102013,C,3,1,2,0.84,5,3.0,0,3.0,0,,3.0,0,0.0,0.0,2.5,0.0,0.0,0.0,3.0,0,21.17,32.59,63.51,0.0,,,0,0,
test_q4_2024,2024-12-09,841,LOJA 841,42076,HEDRA EXPEC XAROPE 100ML,102013,C,3,1,2,0.84,5,3.0,0,3.0,0,,3.0,0,0.0,0.0,2.5,0.0,0.0,0.0,3.0,0,21.17,32.59,63.51,0.0,3.0,63.510000000000005,0,0,
test_q4_2024,2024-12-10,841,LOJA 841,42076,HEDRA EXPEC XAROPE 100ML,102013,C,3,1,2,0.84,5,3.0,0,3.0,0,,3.0,0,0.0,0.0,2.5,0.0,0.0,0.0,3.0,0,21.17,32.59,63.51,0.0,3.0,63.510000000000005,0,0,
test_q4_2024,2024-12-11,841,LOJA 841,42076,HEDRA EXPEC XAROPE 100ML,102013,C,3,1,2,0.84,5,3.0,0,3.0,0,,3.0,0,0.0,0.0,2.5,0.0,0.0,0.0,3.0,0,21.17,32.59,63.51,0.0,3.0,63.510000000000005,0,0,
test_q4_2024,2024-12-12,841,LOJA 841,42076,HEDRA EXPEC XAROPE 100ML,102013,C,3,1,2,0.84,5,3.0,0,3.0,0,,3.0,0,0.0,0.0,2.5,0.0,0.0,0.0,3.0,0,21.17,32.59,63.51,0.0,3.0,63.510000000000005,0,0,
test_q4_2024,2024-12-13,841,LOJA 841,42076,HEDRA EXPEC XAROPE 100ML,102013,C,3,1,2,0.84,5,3.0,0,3.0,0,,3.0,0,0.0,0.0,2.5,0.0,0.0,0.0,3.0,0,21.17,32.59,63.51,0.0,3.0,63.510000000000005,0,0,
test_q4_2024,2024-12-14,841,LOJA 841,42076,HEDRA EXPEC XAROPE 100ML,102013,C,3,1,2,0.84,5,3.0,0,3.0,0,,3.0,0,0.0,0.0,2.5,0.0,0.0,0.0,3.0,0,21.17,32.59,63.51,0.0,3.0,63.510000000000005,0,0,
test_q4_2024,2024-12-15,841,LOJA 841,42076,HEDRA EXPEC XAROPE 100ML,102013,C,3,1,2,0.84,5,3.0,0,3.0,0,,3.0,0,0.0,0.0,2.5,0.0,0.0,0.0,3.0,0,21.17,32.59,63.51,0.0,,,0,0,
test_q4_2024,2024-12-16,841,LOJA 841,42076,HEDRA EXPEC XAROPE 100ML,102013,C,3,1,2,0.84,5,3.0,0,3.0,0,,3.0,0,0.0,0.0,2.5,0.0,0.0,0.0,3.0,0,21.17,32.59,63.51,0.0,3.0,63.510000000000005,0,0,
test_q4_2024,2024-12-17,841,LOJA 841,42076,HEDRA EXPEC XAROPE 100ML,102013,C,3,1,2,0.84,5,3.0,0,3.0,0,,3.0,0,0.0,0.0,2.5,0.0,0.0,0.0,3.0,0,21.17,32.59,63.51,0.0,3.0,63.510000000000005,0,0,
test_q4_2024,2024-12-18,841,LOJA 841,42076,HEDRA EXPEC XAROPE 100ML,102013,C,3,1,2,0.84,5,3.0,0,3.0,0,,3.0,0,0.0,0.0,2.5,0.0,0.0,0.0,3.0,0,21.17,32.59,63.51,0.0,3.0,63.510000000000005,0,0,
test_q4_2024,2024-12-19,841,LOJA 841,42076,HEDRA EXPEC XAROPE 100ML,102013,C,3,1,2,0.84,5,3.0,0,3.0,0,,3.0,0,0.0,0.0,2.5,0.0,0.0,0.0,3.0,0,21.17,32.59,63.51,0.0,3.0,63.510000000000005,0,0,
test_q4_2024,2024-12-20,841,LOJA 841,42076,HEDRA EXPEC XAROPE 100ML,102013,C,3,1,2,0.84,5,3.0,0,3.0,0,,3.0,0,0.0,0.0,2.5,0.0,0.0,0.0,3.0,0,21.17,32.59,63.51,0.0,3.0,63.510000000000005,0,0,
test_q4_2024,2024-12-21,841,LOJA 841,42076,HEDRA EXPEC XAROPE 100ML,102013,C,3,1,2,0.84,5,3.0,0,3.0,0,,3.0,0,0.0,0.0,2.5,0.0,0.0,0.0,3.0,0,21.17,32.59,63.51,0.0,3.0,63.510000000000005,0,0,
test_q4_2024,2024-12-22,841,LOJA 841,42076,HEDRA EXPEC XAROPE 100ML,102013,C,3,1,2,0.84,5,3.0,0,3.0,0,,3.0,0,0.0,0.0,2.5,0.0,0.0,0.0,3.0,0,21.17,32.59,63.51,0.0,,,0,0,
test_q4_2024,2024-12-23,841,LOJA 841,42076,HEDRA EXPEC XAROPE 100ML,102013,C,3,1,2,0.84,5,3.0,0,3.0,0,,3.0,0,0.0,0.0,2.5,0.0,0.0,0.0,3.0,0,21.17,32.59,63.51,0.0,3.0,63.510000000000005,0,0,
test_q4_2024,2024-12-24,841,LOJA 841,42076,HEDRA EXPEC XAROPE 100ML,102013,C,3,1,2,0.84,5,3.0,0,3.0,0,,3.0,0,0.0,0.0,2.5,0.0,0.0,0.0,3.0,0,21.17,32.59,63.51,0.0,3.0,63.510000000000005,0,0,
test_q4_2024,2024-12-25,841,LOJA 841,42076,HEDRA EXPEC XAROPE 100ML,102013,C,3,1,2,0.84,5,3.0,0,3.0,0,,3.0,0,0.0,0.0,2.5,0.0,0.0,0.0,3.0,0,21.17,32.59,63.51,0.0,3.0,63.510000000000005,0,0,
test_q4_2024,2024-12-26,841,LOJA 841,42076,HEDRA EXPEC XAROPE 100ML,102013,C,3,1,2,0.84,5,3.0,0,3.0,0,,3.0,0,0.0,0.0,2.5,0.0,0.0,0.0,3.0,0,21.17,32.59,63.51,0.0,3.0,63.510000000000005,0,0,
test_q4_2024,2024-12-27,841,LOJA 841,42076,HEDRA EXPEC XAROPE 100ML,102013,C,3,1,2,0.84,5,3.0,0,3.0,0,,3.0,0,0.0,0.0,2.5,0.0,0.0,0.0,3.0,0,21.17,32.59,63.51,0.0,3.0,63.510000000000005,0,0,
test_q4_2024,2024-12-28,841,LOJA 841,42076,HEDRA EXPEC XAROPE 100ML,102013,C,3,1,2,0.84,5,3.0,0,3.0,0,,3.0,0,0.0,0.0,2.5,0.0,0.0,0.0,3.0,0,21.17,32.59,63.51,0.0,3.0,63.510000000000005,0,0,
test_q4_2024,2024-12-29,841,LOJA 841,42076,HEDRA EXPEC XAROPE 100ML,102013,C,3,1,2,0.84,5,3.0,0,3.0,0,,3.0,0,0.0,0.0,2.5,0.0,0.0,0.0,3.0,0,21.17,32.59,63.51,0.0,,,0,0,
test_q4_2024,2024-12-30,841,LOJA 841,42076,HEDRA EXPEC XAROPE 100ML,102013,C,3,1,2,0.84,5,3.0,0,3.0,0,,3.0,0,0.0,0.0,2.5,0.0,0.0,0.0,3.0,0,21.17,32.59,63.51,0.0,3.0,63.510000000000005,0,0,
test_q4_2024,2024-12-31,841,LOJA 841,42076,HEDRA EXPEC XAROPE 100ML,102013,C,3,1,2,0.84,5,3.0,0,3.0,0,,3.0,0,0.0,0.0,2.5,0.0,0.0,0.0,3.0,0,21.17,32.59,63.51,0.0,3.0,63.510000000000005,0,0,
test_q4_2024,2024-10-01,841,LOJA 841,44217,BROMELIN S 100ML,33104,C,3,1,2,0.84,5,2.0,0,2.0,0,,2.0,0,0.0,0.0,2.5,0.0,0.0,0.0,2.0,0,57.36,76.25,114.72,0.0,,,0,0,
test_q4_2024,2024-10-02,841,LOJA 841,44217,BROMELIN S 100ML,33104,C,3,1,2,0.84,5,2.0,0,2.0,0,,2.0,0,0.0,0.0,2.5,0.0,0.0,0.0,2.0,0,57.36,76.25,114.72,0.0,,,0,0,
test_q4_2024,2024-10-03,841,LOJA 841,44217,BROMELIN S 100ML,33104,C,3,1,2,0.84,5,2.0,0,2.0,0,,2.0,0,0.0,0.0,2.5,0.0,0.0,0.0,2.0,0,57.36,76.25,114.72,0.0,,,0,0,
test_q4_2024,2024-10-04,841,LOJA 841,44217,BROMELIN S 100ML,33104,C,3,1,2,0.84,5,2.0,0,2.0,0,,2.0,0,0.0,0.0,2.5,0.0,0.0,0.0,2.0,0,57.36,76.25,114.72,0.0,,,0,0,
test_q4_2024,2024-10-05,841,LOJA 841,44217,BROMELIN S 100ML,33104,C,3,1,2,0.84,5,2.0,0,2.0,0,,2.0,0,0.0,0.0,2.5,0.0,0.0,0.0,2.0,0,57.36,76.25,114.72,0.0,,,0,0,
test_q4_2024,2024-10-06,841,LOJA 841,44217,BROMELIN S 100ML,33104,C,3,1,2,0.84,5,2.0,0,2.0,0,,2.0,0,0.0,0.0,2.5,0.0,0.0,0.0,2.0,0,57.36,76.25,114.72,0.0,,,0,0,
test_q4_2024,2024-10-07,841,LOJA 841,44217,BROMELIN S 100ML,33104,C,3,1,2,0.84,5,2.0,0,2.0,0,,2.0,0,0.0,0.0,2.5,0.0,0.0,0.0,2.0,0,57.36,76.25,114.72,0.0,,,0,0,
test_q4_2024,2024-10-08,841,LOJA 841,44217,BROMELIN S 100ML,33104,C,3,1,2,0.84,5,2.0,0,2.0,0,,2.0,0,0.0,0.0,2.5,0.0,0.0,0.0,2.0,0,57.36,76.25,114.72,0.0,,,0,0,
test_q4_2024,2024-10-09,841,LOJA 841,44217,BROMELIN S 100ML,33104,C,3,1,2,0.84,5,2.0,0,2.0,0,,2.0,0,0.0,0.0,2.5,0.0,0.0,0.0,2.0,0,57.36,76.25,114.72,0.0,,,0,0,
test_q4_2024,2024-10-10,841,LOJA 841,44217,BROMELIN S 100ML,33104,C,3,1,2,0.84,5,2.0,0,2.0,0,,2.0,0,0.0,0.0,2.5,0.0,0.0,0.0,2.0,0,57.36,76.25,114.72,0.0,,,0,0,
test_q4_2024,2024-10-11,841,LOJA 841,44217,BROMELIN S 100ML,33104,C,3,1,2,0.84,5,2.0,0,2.0,0,,2.0,0,0.0,0.0,2.5,0.0,0.0,0.0,2.0,0,57.36,76.25,114.72,0.0,,,0,0,
test_q4_2024,2024-10-12,841,LOJA 841,44217,BROMELIN S 100ML,33104,C,3,1,2,0.84,5,2.0,0,2.0,0,,2.0,0,0.0,0.0,2.5,0.0,0.0,0.0,2.0,0,57.36,76.25,114.72,0.0,,,0,0,
test_q4_2024,2024-10-13,841,LOJA 841,44217,BROMELIN S 100ML,33104,C,3,1,2,0.84,5,2.0,0,2.0,0,,2.0,0,0.0,0.0,2.5,0.0,0.0,0.0,2.0,0,57.36,76.25,114.72,0.0,,,0,0,
test_q4_2024,2024-10-14,841,LOJA 841,44217,BROMELIN S 100ML,33104,C,3,1,2,0.84,5,2.0,0,2.0,0,,2.0,0,0.0,0.0,2.5,0.0,0.0,0.0,2.0,0,57.36,76.25,114.72,0.0,,,0,0,
test_q4_2024,2024-10-15,841,LOJA 841,44217,BROMELIN S 100ML,33104,C,3,1,2,0.84,5,2.0,0,2.0,0,,2.0,0,0.0,0.0,2.5,0.0,0.0,0.0,2.0,0,57.36,76.25,114.72,0.0,,,0,0,
test_q4_2024,2024-10-16,841,LOJA 841,44217,BROMELIN S 100ML,33104,C,3,1,2,0.84,5,2.0,0,2.0,0,,2.0,0,0.0,0.0,2.5,0.0,0.0,0.0,2.0,0,57.36,76.25,114.72,0.0,,,0,0,
test_q4_2024,2024-10-17,841,LOJA 841,44217,BROMELIN S 100ML,33104,C,3,1,2,0.84,5,2.0,0,2.0,0,,2.0,0,0.0,0.0,2.5,0.0,0.0,0.0,2.0,0,57.36,76.25,114.72,0.0,,,0,0,
test_q4_2024,2024-10-18,841,LOJA 841,44217,BROMELIN S 100ML,33104,C,3,1,2,0.84,5,2.0,0,2.0,0,,2.0,0,0.0,0.0,2.5,0.0,0.0,0.0,2.0,0,57.36,76.25,114.72,0.0,,,0,0,
test_q4_2024,2024-10-19,841,LOJA 841,44217,BROMELIN S 100ML,33104,C,3,1,2,0.84,5,2.0,0,2.0,0,,2.0,0,0.0,0.0,2.5,0.0,0.0,0.0,2.0,0,57.36,76.25,114.72,0.0,,,0,0,
test_q4_2024,2024-10-20,841,LOJA 841,44217,BROMELIN S 100ML,33104,C,3,1,2,0.84,5,2.0,0,2.0,0,,2.0,0,0.0,0.0,2.5,0.0,0.0,0.0,2.0,0,57.36,76.25,114.72,0.0,,,0,0,
test_q4_2024,2024-10-21,841,LOJA 841,44217,BROMELIN S 100ML,33104,C,3,1,2,0.84,5,2.0,0,2.0,0,,2.0,0,0.0,0.0,2.5,0.0,0.0,0.0,2.0,0,57.36,76.25,114.72,0.0,,,0,0,
test_q4_2024,2024-10-22,841,LOJA 841,44217,BROMELIN S 100ML,33104,C,3,1,2,0.84,5,2.0,0,2.0,0,,2.0,0,0.0,0.0,2.5,0.0,0.0,0.0,2.0,0,57.36,76.25,114.72,0.0,,,0,0,
test_q4_2024,2024-10-23,841,LOJA 841,44217,BROMELIN S 100ML,33104,C,3,1,2,0.84,5,2.0,0,2.0,0,,2.0,0,0.0,0.0,2.5,0.0,0.0,0.0,2.0,0,57.36,76.25,114.72,0.0,,,0,0,
test_q4_2024,2024-10-24,841,LOJA 841,44217,BROMELIN S 100ML,33104,C,3,1,2,0.84,5,2.0,0,2.0,0,,2.0,0,0.0,0.0,2.5,0.0,0.0,0.0,2.0,0,57.36,76.25,114.72,0.0,,,0,0,
test_q4_2024,2024-10-25,841,LOJA 841,44217,BROMELIN S 100ML,33104,C,3,1,2,0.84,5,2.0,0,2.0,0,,2.0,0,0.0,0.0,2.5,0.0,0.0,0.0,2.0,0,57.36,76.25,114.72,0.0,,,0,0,
test_q4_2024,2024-10-26,841,LOJA 841,44217,BROMELIN S 100ML,33104,C,3,1,2,0.84,5,2.0,0,2.0,0,,2.0,0,0.0,0.0,2.5,0.0,0.0,0.0,2.0,0,57.36,76.25,114.72,0.0,,,0,0,
test_q4_2024,2024-10-27,841,LOJA 841,44217,BROMELIN S 100ML,33104,C,3,1,2,0.84,5,2.0,0,2.0,0,,2.0,0,0.0,0.0,2.5,0.0,0.0,0.0,2.0,0,57.36,76.25,114.72,0.0,,,0,0,
test_q4_2024,2024-10-28,841,LOJA 841,44217,BROMELIN S 100ML,33104,C,3,1,2,0.84,5,2.0,0,2.0,0,,2.0,0,0.0,0.0,2.5,0.0,0.0,0.0,2.0,0,57.36,76.25,114.72,0.0,,,0,0,
test_q4_2024,2024-10-29,841,LOJA 841,44217,BROMELIN S 100ML,33104,C,3,1,2,0.84,5,2.0,0,2.0,0,,2.0,0,0.0,0.0,2.5,0.0,0.0,0.0,2.0,0,57.36,76.25,114.72,0.0,,,0,0,
test_q4_2024,2024-10-30,841,LOJA 841,44217,BROMELIN S 100ML,33104,C,3,1,2,0.84,5,2.0,0,2.0,0,,2.0,0,0.0,0.0,2.5,0.0,0.0,0.0,2.0,0,57.36,76.25,114.72,0.0,,,0,0,
test_q4_2024,2024-10-31,841,LOJA 841,44217,BROMELIN S 100ML,33104,C,3,1,2,0.84,5,2.0,0,2.0,0,,2.0,0,0.0,0.0,2.5,0.0,0.0,0.0,2.0,0,57.36,76.25,114.72,0.0,,,0,0,
test_q4_2024,2024-11-01,841,LOJA 841,44217,BROMELIN S 100ML,33104,C,3,1,2,0.84,5,2.0,0,2.0,0,,2.0,0,0.0,0.0,2.5,0.0,0.0,0.0,2.0,0,57.36,76.25,114.72,0.0,,,0,0,
test_q4_2024,2024-11-02,841,LOJA 841,44217,BROMELIN S 100ML,33104,C,3,1,2,0.84,5,2.0,0,2.0,0,,2.0,0,0.0,0.0,2.5,0.0,0.0,0.0,2.0,0,57.36,76.25,114.72,0.0,,,0,0,
test_q4_2024,2024-11-03,841,LOJA 841,44217,BROMELIN S 100ML,33104,C,3,1,2,0.84,5,2.0,0,2.0,0,,2.0,0,0.0,0.0,2.5,0.0,0.0,0.0,2.0,0,57.36,76.25,114.72,0.0,,,0,0,
test_q4_2024,2024-11-04,841,LOJA 841,44217,BROMELIN S 100ML,33104,C,3,1,2,0.84,5,2.0,0,2.0,0,,2.0,0,0.0,0.0,2.5,0.0,0.0,0.0,2.0,0,57.36,76.25,114.72,0.0,,,0,0,
test_q4_2024,2024-11-05,841,LOJA 841,44217,BROMELIN S 100ML,33104,C,3,1,2,0.84,5,2.0,0,2.0,0,,2.0,0,0.0,0.0,2.5,0.0,0.0,0.0,2.0,0,57.36,76.25,114.72,0.0,,,0,0,
test_q4_2024,2024-11-06,841,LOJA 841,44217,BROMELIN S 100ML,33104,C,3,1,2,0.84,5,2.0,0,2.0,0,,2.0,0,0.0,0.0,2.5,0.0,0.0,0.0,2.0,0,57.36,76.25,114.72,0.0,,,0,0,
test_q4_2024,2024-11-07,841,LOJA 841,44217,BROMELIN S 100ML,33104,C,3,1,2,0.84,5,2.0,0,2.0,0,,2.0,0,0.0,0.0,2.5,0.0,0.0,0.0,2.0,0,57.36,76.25,114.72,0.0,,,0,0,
test_q4_2024,2024-11-08,841,LOJA 841,44217,BROMELIN S 100ML,33104,C,3,1,2,0.84,5,2.0,0,2.0,0,,2.0,0,0.0,0.0,2.5,0.0,0.0,0.0,2.0,0,57.36,76.25,114.72,0.0,,,0,0,
test_q4_2024,2024-11-09,841,LOJA 841,44217,BROMELIN S 100ML,33104,C,3,1,2,0.84,5,2.0,0,2.0,0,,2.0,0,0.0,0.0,2.5,0.0,0.0,0.0,2.0,0,57.36,76.25,114.72,0.0,,,0,0,
test_q4_2024,2024-11-10,841,LOJA 841,44217,BROMELIN S 100ML,33104,C,3,1,2,0.84,5,2.0,0,2.0,0,,2.0,0,0.0,0.0,2.5,0.0,0.0,0.0,2.0,0,57.36,76.25,114.72,0.0,,,0,0,
test_q4_2024,2024-11-11,841,LOJA 841,44217,BROMELIN S 100ML,33104,C,3,1,2,0.84,5,2.0,0,2.0,0,,2.0,0,0.0,0.0,2.5,0.0,0.0,0.0,2.0,0,57.36,76.25,114.72,0.0,,,0,0,
test_q4_2024,2024-11-12,841,LOJA 841,44217,BROMELIN S 100ML,33104,C,3,1,2,0.84,5,2.0,0,2.0,0,,2.0,0,0.0,0.0,2.5,0.0,0.0,0.0,2.0,0,57.36,76.25,114.72,0.0,,,0,0,
test_q4_2024,2024-11-13,841,LOJA 841,44217,BROMELIN S 100ML,33104,C,3,1,2,0.84,5,2.0,0,2.0,0,,2.0,0,0.0,0.0,2.5,0.0,0.0,0.0,2.0,0,57.36,76.25,114.72,0.0,,,0,0,
test_q4_2024,2024-11-14,841,LOJA 841,44217,BROMELIN S 100ML,33104,C,3,1,2,0.84,5,2.0,0,2.0,0,,2.0,0,0.0,0.0,2.5,0.0,0.0,0.0,2.0,0,57.36,76.25,114.72,0.0,,,0,0,
test_q4_2024,2024-11-15,841,LOJA 841,44217,BROMELIN S 100ML,33104,C,3,1,2,0.84,5,2.0,0,2.0,0,,2.0,0,0.0,0.0,2.5,0.0,0.0,0.0,2.0,0,57.36,76.25,114.72,0.0,,,0,0,
test_q4_2024,2024-11-16,841,LOJA 841,44217,BROMELIN S 100ML,33104,C,3,1,2,0.84,5,2.0,0,2.0,0,,2.0,0,0.0,0.0,2.5,0.0,0.0,0.0,2.0,0,57.36,76.25,114.72,0.0,,,0,0,
test_q4_2024,2024-11-17,841,LOJA 841,44217,BROMELIN S 100ML,33104,C,3,1,2,0.84,5,2.0,0,2.0,0,,2.0,0,0.0,0.0,2.5,0.0,0.0,0.0,2.0,0,57.36,76.25,114.72,0.0,,,0,0,
test_q4_2024,2024-11-18,841,LOJA 841,44217,BROMELIN S 100ML,33104,C,3,1,2,0.84,5,2.0,0,2.0,0,,2.0,0,0.0,0.0,2.5,0.0,0.0,0.0,2.0,0,57.36,76.25,114.72,0.0,,,0,0,
test_q4_2024,2024-11-19,841,LOJA 841,44217,BROMELIN S 100ML,33104,C,3,1,2,0.84,5,2.0,0,2.0,0,,2.0,0,0.0,0.0,2.5,0.0,0.0,0.0,2.0,0,57.36,76.25,114.72,0.0,,,0,0,
test_q4_2024,2024-11-20,841,LOJA 841,44217,BROMELIN S 100ML,33104,C,3,1,2,0.84,5,2.0,0,2.0,0,,2.0,0,0.0,0.0,2.5,0.0,0.0,0.0,2.0,0,57.36,76.25,114.72,0.0,,,0,0,
test_q4_2024,2024-11-21,841,LOJA 841,44217,BROMELIN S 100ML,33104,C,3,1,2,0.84,5,2.0,0,2.0,0,,2.0,0,0.0,0.0,2.5,0.0,0.0,0.0,2.0,0,57.36,76.25,114.72,0.0,,,0,0,
test_q4_2024,2024-11-22,841,LOJA 841,44217,BROMELIN S 100ML,33104,C,3,1,2,0.84,5,2.0,0,2.0,0,,2.0,0,0.0,0.0,2.5,0.0,0.0,0.0,2.0,0,57.36,76.25,114.72,0.0,,,0,0,
test_q4_2024,2024-11-23,841,LOJA 841,44217,BROMELIN S 100ML,33104,C,3,1,2,0.84,5,2.0,0,2.0,0,,2.0,0,0.0,0.0,2.5,0.0,0.0,0.0,2.0,0,57.36,76.25,114.72,0.0,,,0,0,
test_q4_2024,2024-11-24,841,LOJA 841,44217,BROMELIN S 100ML,33104,C,3,1,2,0.84,5,2.0,0,2.0,0,,2.0,0,0.0,0.0,2.5,0.0,0.0,0.0,2.0,0,57.36,76.25,114.72,0.0,,,0,0,
test_q4_2024,2024-11-25,841,LOJA 841,44217,BROMELIN S 100ML,33104,C,3,1,2,0.84,5,2.0,0,2.0,0,,2.0,0,0.0,0.0,2.5,0.0,0.0,0.0,2.0,0,57.36,76.25,114.72,0.0,,,0,0,
test_q4_2024,2024-11-26,841,LOJA 841,44217,BROMELIN S 100ML,33104,C,3,1,2,0.84,5,2.0,0,2.0,0,,2.0,0,0.0,0.0,2.5,0.0,0.0,0.0,2.0,0,57.36,76.25,114.72,0.0,,,0,0,
test_q4_2024,2024-11-27,841,LOJA 841,44217,BROMELIN S 100ML,33104,C,3,1,2,0.84,5,2.0,0,2.0,0,,2.0,0,0.0,0.0,2.5,0.0,0.0,0.0,2.0,0,57.36,76.25,114.72,0.0,,,0,0,
test_q4_2024,2024-11-28,841,LOJA 841,44217,BROMELIN S 100ML,33104,C,3,1,2,0.84,5,2.0,0,2.0,0,,2.0,0,0.0,0.0,2.5,0.0,0.0,0.0,2.0,0,57.36,76.25,114.72,0.0,,,0,0,
test_q4_2024,2024-11-29,841,LOJA 841,44217,BROMELIN S 100ML,33104,C,3,1,2,0.84,5,2.0,0,2.0,0,,2.0,0,0.0,0.0,2.5,0.0,0.0,0.0,2.0,0,57.36,76.25,114.72,0.0,,,0,0,
test_q4_2024,2024-11-30,841,LOJA 841,44217,BROMELIN S 100ML,33104,C,3,1,2,0.84,5,2.0,0,2.0,0,,2.0,0,0.0,0.0,2.5,0.0,0.0,0.0,2.0,0,57.36,76.25,114.72,0.0,,,0,0,
test_q4_2024,2024-12-01,841,LOJA 841,44217,BROMELIN S 100ML,33104,C,3,1,2,0.84,5,2.0,0,2.0,0,,2.0,0,0.0,0.0,2.5,0.0,0.0,0.0,2.0,0,57.36,76.25,114.72,0.0,,,0,0,
test_q4_2024,2024-12-02,841,LOJA 841,44217,BROMELIN S 100ML,33104,C,3,1,2,0.84,5,2.0,0,2.0,0,,2.0,0,0.0,0.0,2.5,0.0,0.0,0.0,2.0,0,57.36,76.25,114.72,0.0,,,0,0,
test_q4_2024,2024-12-03,841,LOJA 841,44217,BROMELIN S 100ML,33104,C,3,1,2,0.84,5,2.0,0,2.0,0,,2.0,0,0.0,0.0,2.5,0.0,0.0,0.0,2.0,0,57.36,76.25,114.72,0.0,,,0,0,
test_q4_2024,2024-12-04,841,LOJA 841,44217,BROMELIN S 100ML,33104,C,3,1,2,0.84,5,2.0,0,2.0,0,,2.0,0,0.0,0.0,2.5,0.0,0.0,0.0,2.0,0,57.36,76.25,114.72,0.0,,,0,0,
test_q4_2024,2024-12-05,841,LOJA 841,44217,BROMELIN S 100ML,33104,C,3,1,2,0.84,5,2.0,0,2.0,0,,2.0,0,0.0,0.0,2.5,0.0,0.0,0.0,2.0,0,57.36,76.25,114.72,0.0,,,0,0,
test_q4_2024,2024-12-06,841,LOJA 841,44217,BROMELIN S 100ML,33104,C,3,1,2,0.84,5,2.0,0,2.0,0,,2.0,0,0.0,0.0,2.5,0.0,0.0,0.0,2.0,0,57.36,76.25,114.72,0.0,,,0,0,
test_q4_2024,2024-12-07,841,LOJA 841,44217,BROMELIN S 100ML,33104,C,3,1,2,0.84,5,2.0,0,2.0,0,,2.0,0,0.0,0.0,2.5,0.0,0.0,0.0,2.0,0,57.36,76.25,114.72,0.0,,,0,0,
test_q4_2024,2024-12-08,841,LOJA 841,44217,BROMELIN S 100ML,33104,C,3,1,2,0.84,5,2.0,0,2.0,0,,2.0,0,0.0,0.0,2.5,0.0,0.0,0.0,2.0,0,57.36,76.25,114.72,0.0,,,0,0,
test_q4_2024,2024-12-09,841,LOJA 841,44217,BROMELIN S 100ML,33104,C,3,1,2,0.84,5,2.0,0,2.0,0,,2.0,0,0.0,0.0,2.5,0.0,0.0,0.0,2.0,0,57.36,76.25,114.72,0.0,,,0,0,
test_q4_2024,2024-12-10,841,LOJA 841,44217,BROMELIN S 100ML,33104,C,3,1,2,0.84,5,2.0,0,2.0,0,,2.0,0,0.0,0.0,2.5,0.0,0.0,0.0,2.0,0,57.36,76.25,114.72,0.0,,,0,0,
test_q4_2024,2024-12-11,841,LOJA 841,44217,BROMELIN S 100ML,33104,C,3,1,2,0.84,5,2.0,0,2.0,0,,2.0,0,0.0,0.0,2.5,0.0,0.0,0.0,2.0,0,57.36,76.25,114.72,0.0,,,0,0,
test_q4_2024,2024-12-12,841,LOJA 841,44217,BROMELIN S 100ML,33104,C,3,1,2,0.84,5,2.0,0,2.0,0,,2.0,0,0.0,0.0,2.5,0.0,0.0,0.0,2.0,0,57.36,76.25,114.72,0.0,,,0,0,
test_q4_2024,2024-12-13,841,LOJA 841,44217,BROMELIN S 100ML,33104,C,3,1,2,0.84,5,2.0,0,2.0,0,,2.0,0,0.0,0.0,2.5,0.0,0.0,0.0,2.0,0,57.36,76.25,114.72,0.0,,,0,0,
test_q4_2024,2024-12-14,841,LOJA 841,44217,BROMELIN S 100ML,33104,C,3,1,2,0.84,5,2.0,0,2.0,0,,2.0,0,0.0,0.0,2.5,0.0,0.0,0.0,2.0,0,57.36,76.25,114.72,0.0,,,0,0,
test_q4_2024,2024-12-15,841,LOJA 841,44217,BROMELIN S 100ML,33104,C,3,1,2,0.84,5,2.0,0,2.0,0,,2.0,0,0.0,0.0,2.5,0.0,0.0,0.0,2.0,0,57.36,76.25,114.72,0.0,,,0,0,
test_q4_2024,2024-12-16,841,LOJA 841,44217,BROMELIN S 100ML,33104,C,3,1,2,0.84,5,2.0,0,2.0,0,,2.0,0,0.0,0.0,2.5,0.0,0.0,0.0,2.0,0,57.36,76.25,114.72,0.0,,,0,0,
test_q4_2024,2024-12-17,841,LOJA 841,44217,BROMELIN S 100ML,33104,C,3,1,2,0.84,5,2.0,0,2.0,0,,2.0,0,0.0,0.0,2.5,0.0,0.0,0.0,2.0,0,57.36,76.25,114.72,0.0,,,0,0,
test_q4_2024,2024-12-18,841,LOJA 841,44217,BROMELIN S 100ML,33104,C,3,1,2,0.84,5,2.0,0,2.0,0,,2.0,0,0.0,0.0,2.5,0.0,0.0,0.0,2.0,0,57.36,76.25,114.72,0.0,,,0,0,
test_q4_2024,2024-12-19,841,LOJA 841,44217,BROMELIN S 100ML,33104,C,3,1,2,0.84,5,2.0,0,2.0,0,,2.0,0,0.0,0.0,2.5,0.0,0.0,0.0,2.0,0,57.36,76.25,114.72,0.0,,,0,0,
test_q4_2024,2024-12-20,841,LOJA 841,44217,BROMELIN S 100ML,33104,C,3,1,2,0.84,5,2.0,0,2.0,0,,2.0,0,0.0,0.0,2.5,0.0,0.0,0.0,2.0,0,57.36,76.25,114.72,0.0,,,0,0,
test_q4_2024,2024-12-21,841,LOJA 841,44217,BROMELIN S 100ML,33104,C,3,1,2,0.84,5,2.0,0,2.0,0,,2.0,0,0.0,0.0,2.5,0.0,0.0,0.0,2.0,0,57.36,76.25,114.72,0.0,,,0,0,
test_q4_2024,2024-12-22,841,LOJA 841,44217,BROMELIN S 100ML,33104,C,3,1,2,0.84,5,2.0,0,2.0,0,,2.0,0,0.0,0.0,2.5,0.0,0.0,0.0,2.0,0,57.36,76.25,114.72,0.0,,,0,0,
test_q4_2024,2024-12-23,841,LOJA 841,44217,BROMELIN S 100ML,33104,C,3,1,2,0.84,5,2.0,0,2.0,0,,2.0,0,0.0,0.0,2.5,0.0,0.0,0.0,2.0,0,57.36,76.25,114.72,0.0,,,0,0,
test_q4_2024,2024-12-24,841,LOJA 841,44217,BROMELIN S 100ML,33104,C,3,1,2,0.84,5,2.0,0,2.0,0,,2.0,0,0.0,0.0,2.5,0.0,0.0,0.0,2.0,0,57.36,76.25,114.72,0.0,,,0,0,
test_q4_2024,2024-12-25,841,LOJA 841,44217,BROMELIN S 100ML,33104,C,3,1,2,0.84,5,2.0,0,2.0,0,,2.0,0,0.0,0.0,2.5,0.0,0.0,0.0,2.0,0,57.36,76.25,114.72,0.0,,,0,0,
test_q4_2024,2024-12-26,841,LOJA 841,44217,BROMELIN S 100ML,33104,C,3,1,2,0.84,5,2.0,0,2.0,0,,2.0,0,0.0,0.0,2.5,0.0,0.0,0.0,2.0,0,57.36,76.25,114.72,0.0,,,0,0,
test_q4_2024,2024-12-27,841,LOJA 841,44217,BROMELIN S 100ML,33104,C,3,1,2,0.84,5,2.0,0,2.0,0,,2.0,0,0.0,0.0,2.5,0.0,0.0,0.0,2.0,0,57.36,76.25,114.72,0.0,,,0,0,
test_q4_2024,2024-12-28,841,LOJA 841,44217,BROMELIN S 100ML,33104,C,3,1,2,0.84,5,2.0,0,2.0,0,,2.0,0,0.0,0.0,2.5,0.0,0.0,0.0,2.0,0,57.36,76.25,114.72,0.0,,,0,0,
test_q4_2024,2024-12-29,841,LOJA 841,44217,BROMELIN S 100ML,33104,C,3,1,2,0.84,5,2.0,0,2.0,0,,2.0,0,0.0,0.0,2.5,0.0,0.0,0.0,2.0,0,57.36,76.25,114.72,0.0,,,0,0,
test_q4_2024,2024-12-30,841,LOJA 841,44217,BROMELIN S 100ML,33104,C,3,1,2,0.84,5,2.0,0,2.0,0,,2.0,0,0.0,0.0,2.5,0.0,0.0,0.0,2.0,0,57.36,76.25,114.72,0.0,,,0,0,
test_q4_2024,2024-12-31,841,LOJA 841,44217,BROMELIN S 100ML,33104,C,3,1,2,0.84,5,2.0,0,2.0,0,,2.0,0,0.0,0.0,2.5,0.0,0.0,0.0,2.0,0,57.36,76.25,114.72,0.0,,,0,0,
test_q4_2024,2024-10-01,841,LOJA 841,48812,ARLIVRY XAROPE CEREJA 100ML,35610,C,3,1,2,0.84,5,2.0,0,2.0,0,,2.0,0,0.0,0.1324,2.5,0.0,0.0,0.0,2.0,0,21.9,18.49,43.8,0.0,1.0,21.9,0,0,
test_q4_2024,2024-10-02,841,LOJA 841,48812,ARLIVRY XAROPE CEREJA 100ML,35610,C,3,1,2,0.84,5,2.0,0,2.0,0,,2.0,0,0.0,0.1324,2.5,0.0,0.0,0.0,2.0,0,21.9,18.49,43.8,0.0,1.0,21.9,0,0,
test_q4_2024,2024-10-03,841,LOJA 841,48812,ARLIVRY XAROPE CEREJA 100ML,35610,C,3,1,2,0.84,5,2.0,0,2.0,0,,2.0,0,0.0,0.1324,2.5,0.0,0.0,0.0,2.0,0,21.9,18.49,43.8,0.0,1.0,21.9,0,0,
test_q4_2024,2024-10-04,841,LOJA 841,48812,ARLIVRY XAROPE CEREJA 100ML,35610,C,3,1,2,0.84,5,2.0,0,2.0,0,,2.0,0,0.0437,0.1324,2.5,0.0,0.0,0.0,2.0,0,21.9,18.49,43.8,0.0,1.0,21.9,0,0,
test_q4_2024,2024-10-05,841,LOJA 841,48812,ARLIVRY XAROPE CEREJA 100ML,35610,C,3,1,2,0.84,5,2.0,0,2.0,0,,2.0,0,0.0,0.1324,2.5,0.0,0.0,0.0,2.0,0,21.9,18.49,43.8,0.0,1.0,21.9,0,0,
test_q4_2024,2024-10-06,841,LOJA 841,48812,ARLIVRY XAROPE CEREJA 100ML,35610,C,3,1,2,0.84,5,2.0,0,2.0,0,,2.0,0,0.0,0.1324,2.5,0.0,0.0,0.0,2.0,0,21.9,18.49,43.8,0.0,,,0,0,
test_q4_2024,2024-10-07,841,LOJA 841,48812,ARLIVRY XAROPE CEREJA 100ML,35610,C,3,1,2,0.84,5,2.0,0,2.0,0,,2.0,0,0.0,0.1324,2.5,0.0,0.0,0.0,2.0,0,21.9,18.49,43.8,0.0,1.0,21.9,0,0,
test_q4_2024,2024-10-08,841,LOJA 841,48812,ARLIVRY XAROPE CEREJA 100ML,35610,C,3,1,2,0.84,5,2.0,0,2.0,0,,2.0,0,0.0,0.1324,2.5,0.0,0.0,0.0,2.0,0,21.9,18.49,43.8,0.0,1.0,21.9,0,0,
test_q4_2024,2024-10-09,841,LOJA 841,48812,ARLIVRY XAROPE CEREJA 100ML,35610,C,3,1,2,0.84,5,2.0,0,2.0,0,,2.0,0,0.0,0.1324,2.5,0.0,0.0,0.0,2.0,0,21.9,18.49,43.8,0.0,1.0,21.9,0,0,
test_q4_2024,2024-10-10,841,LOJA 841,48812,ARLIVRY XAROPE CEREJA 100ML,35610,C,3,1,2,0.84,5,2.0,0,2.0,0,,2.0,0,0.0,0.1324,2.5,0.0,0.0,0.0,2.0,0,21.9,18.49,43.8,0.0,1.0,21.9,0,0,
test_q4_2024,2024-10-11,841,LOJA 841,48812,ARLIVRY XAROPE CEREJA 100ML,35610,C,3,1,2,0.84,5,2.0,0,2.0,0,,2.0,0,0.0437,0.1324,2.5,0.0,0.0,0.0,2.0,0,21.9,18.49,43.8,0.0,1.0,21.9,0,0,
test_q4_2024,2024-10-12,841,LOJA 841,48812,ARLIVRY XAROPE CEREJA 100ML,35610,C,3,1,2,0.84,5,2.0,0,2.0,0,,2.0,0,0.0,0.1324,2.5,0.0,0.0,0.0,2.0,0,21.9,18.49,43.8,0.0,1.0,21.9,0,0,
test_q4_2024,2024-10-13,841,LOJA 841,48812,ARLIVRY XAROPE CEREJA 100ML,35610,C,3,1,2,0.84,5,2.0,0,2.0,0,,2.0,0,0.0,0.1324,2.5,0.0,0.0,0.0,2.0,0,21.9,18.49,43.8,0.0,,,0,0,
test_q4_2024,2024-10-14,841,LOJA 841,48812,ARLIVRY XAROPE CEREJA 100ML,35610,C,3,1,2,0.84,5,2.0,0,2.0,0,,2.0,0,0.0,0.1324,2.5,0.0,0.0,0.0,2.0,0,21.9,18.49,43.8,0.0,1.0,21.9,0,0,
test_q4_2024,2024-10-15,841,LOJA 841,48812,ARLIVRY XAROPE CEREJA 100ML,35610,C,3,1,2,0.84,5,2.0,0,2.0,0,,2.0,0,0.0,0.1324,2.5,0.0,0.0,0.0,2.0,0,21.9,18.49,43.8,0.0,1.0,21.9,0,0,
test_q4_2024,2024-10-16,841,LOJA 841,48812,ARLIVRY XAROPE CEREJA 100ML,35610,C,3,1,2,0.84,5,2.0,0,2.0,0,,2.0,0,0.0,0.1324,2.5,0.0,0.0,0.0,2.0,0,21.9,18.49,43.8,0.0,1.0,21.9,0,0,
test_q4_2024,2024-10-17,841,LOJA 841,48812,ARLIVRY XAROPE CEREJA 100ML,35610,C,3,1,2,0.84,5,2.0,0,2.0,0,,2.0,0,0.0,0.1324,2.5,0.0,0.0,0.0,2.0,0,21.9,18.49,43.8,0.0,1.0,21.9,0,0,
test_q4_2024,2024-10-18,841,LOJA 841,48812,ARLIVRY XAROPE CEREJA 100ML,35610,C,3,1,2,0.84,5,2.0,0,2.0,0,,2.0,0,0.0437,0.1324,2.5,0.0,0.0,0.0,2.0,0,21.9,18.49,43.8,0.0,1.0,21.9,0,0,
test_q4_2024,2024-10-19,841,LOJA 841,48812,ARLIVRY XAROPE CEREJA 100ML,35610,C,3,1,2,0.84,5,2.0,0,2.0,0,,2.0,0,0.0,0.1324,2.5,0.0,0.0,0.0,2.0,0,21.9,18.49,43.8,0.0,1.0,21.9,0,0,
test_q4_2024,2024-10-20,841,LOJA 841,48812,ARLIVRY XAROPE CEREJA 100ML,35610,C,3,1,2,0.84,5,2.0,0,2.0,0,,2.0,0,0.0,0.1324,2.5,0.0,0.0,0.0,2.0,0,21.9,18.49,43.8,0.0,,,0,0,
test_q4_2024,2024-10-21,841,LOJA 841,48812,ARLIVRY XAROPE CEREJA 100ML,35610,C,3,1,2,0.84,5,2.0,0,2.0,0,,2.0,0,0.0,0.1324,2.5,0.0,0.0,0.0,2.0,0,21.9,18.49,43.8,0.0,1.0,21.9,0,0,
test_q4_2024,2024-10-22,841,LOJA 841,48812,ARLIVRY XAROPE CEREJA 100ML,35610,C,3,1,2,0.84,5,2.0,0,2.0,0,,2.0,0,0.0,0.1324,2.5,0.0,0.0,0.0,2.0,0,21.9,18.49,43.8,0.0,1.0,21.9,0,0,
test_q4_2024,2024-10-23,841,LOJA 841,48812,ARLIVRY XAROPE CEREJA 100ML,35610,C,3,1,2,0.84,5,2.0,0,2.0,0,,2.0,0,0.0,0.1324,2.5,0.0,0.0,0.0,2.0,0,21.9,18.49,43.8,0.0,1.0,21.9,0,0,
test_q4_2024,2024-10-24,841,LOJA 841,48812,ARLIVRY XAROPE CEREJA 100ML,35610,C,3,1,2,0.84,5,2.0,0,2.0,0,,2.0,0,0.0,0.1324,2.5,0.0,0.0,0.0,2.0,0,21.9,18.49,43.8,0.0,1.0,21.9,0,0,
test_q4_2024,2024-10-25,841,LOJA 841,48812,ARLIVRY XAROPE CEREJA 100ML,35610,C,3,1,2,0.84,5,2.0,0,2.0,0,,2.0,0,0.0437,0.1324,2.5,0.0,0.0,0.0,2.0,0,21.9,18.49,43.8,0.0,1.0,21.9,0,0,
test_q4_2024,2024-10-26,841,LOJA 841,48812,ARLIVRY XAROPE CEREJA 100ML,35610,C,3,1,2,0.84,5,2.0,0,2.0,0,,2.0,0,0.0,0.1324,2.5,0.0,0.0,0.0,2.0,0,21.9,18.49,43.8,0.0,1.0,21.9,0,0,
test_q4_2024,2024-10-27,841,LOJA 841,48812,ARLIVRY XAROPE CEREJA 100ML,35610,C,3,1,2,0.84,5,2.0,0,2.0,0,,2.0,0,0.0,0.1324,2.5,0.0,0.0,0.0,2.0,0,21.9,18.49,43.8,0.0,,,0,0,
test_q4_2024,2024-10-28,841,LOJA 841,48812,ARLIVRY XAROPE CEREJA 100ML,35610,C,3,1,2,0.84,5,2.0,0,2.0,0,,2.0,0,0.0,0.1324,2.5,0.0,0.0,0.0,2.0,0,21.9,18.49,43.8,0.0,1.0,21.9,0,0,
test_q4_2024,2024-10-29,841,LOJA 841,48812,ARLIVRY XAROPE CEREJA 100ML,35610,C,3,1,2,0.84,5,2.0,0,2.0,0,,2.0,0,0.0,0.1324,2.5,0.0,0.0,0.0,2.0,0,21.9,18.49,43.8,0.0,1.0,21.9,0,0,
test_q4_2024,2024-10-30,841,LOJA 841,48812,ARLIVRY XAROPE CEREJA 100ML,35610,C,3,1,2,0.84,5,2.0,0,2.0,0,,2.0,0,0.0,0.1324,2.5,0.0,0.0,0.0,2.0,0,21.9,18.49,43.8,0.0,1.0,21.9,0,0,
test_q4_2024,2024-10-31,841,LOJA 841,48812,ARLIVRY XAROPE CEREJA 100ML,35610,C,3,1,2,0.84,5,2.0,0,2.0,0,,2.0,0,0.0,0.1324,2.5,0.0,0.0,0.0,2.0,0,21.9,18.49,43.8,0.0,1.0,21.9,0,0,
test_q4_2024,2024-11-01,841,LOJA 841,48812,ARLIVRY XAROPE CEREJA 100ML,35610,C,3,1,2,0.84,5,2.0,0,2.0,0,,2.0,0,0.0437,0.1324,2.5,0.0,0.0,0.0,2.0,0,21.9,18.49,43.8,0.0,1.0,21.9,0,0,
test_q4_2024,2024-11-02,841,LOJA 841,48812,ARLIVRY XAROPE CEREJA 100ML,35610,C,3,1,2,0.84,5,2.0,0,2.0,0,,2.0,0,0.0,0.1324,2.5,0.0,0.0,0.0,2.0,0,21.9,18.49,43.8,0.0,1.0,21.9,0,0,
test_q4_2024,2024-11-03,841,LOJA 841,48812,ARLIVRY XAROPE CEREJA 100ML,35610,C,3,1,2,0.84,5,2.0,0,2.0,0,,2.0,0,0.0,0.1324,2.5,0.0,0.0,0.0,2.0,0,21.9,18.49,43.8,0.0,,,0,0,
test_q4_2024,2024-11-04,841,LOJA 841,48812,ARLIVRY XAROPE CEREJA 100ML,35610,C,3,1,2,0.84,5,2.0,0,2.0,0,,2.0,0,0.0,0.1324,2.5,0.0,0.0,0.0,2.0,0,21.9,18.49,43.8,0.0,1.0,21.9,0,0,
test_q4_2024,2024-11-05,841,LOJA 841,48812,ARLIVRY XAROPE CEREJA 100ML,35610,C,3,1,2,0.84,5,2.0,0,2.0,0,,2.0,0,0.0,0.1324,2.5,0.0,0.0,0.0,2.0,0,21.9,18.49,43.8,0.0,1.0,21.9,0,0,
test_q4_2024,2024-11-06,841,LOJA 841,48812,ARLIVRY XAROPE CEREJA 100ML,35610,C,3,1,2,0.84,5,2.0,0,2.0,0,,2.0,0,0.0,0.1324,2.5,0.0,0.0,0.0,2.0,0,21.9,18.49,43.8,0.0,1.0,21.9,0,0,
test_q4_2024,2024-11-07,841,LOJA 841,48812,ARLIVRY XAROPE CEREJA 100ML,35610,C,3,1,2,0.84,5,2.0,0,2.0,0,,2.0,0,0.0,0.1324,2.5,0.0,0.0,0.0,2.0,0,21.9,18.49,43.8,0.0,1.0,21.9,0,0,
test_q4_2024,2024-11-08,841,LOJA 841,48812,ARLIVRY XAROPE CEREJA 100ML,35610,C,3,1,2,0.84,5,2.0,0,2.0,0,,2.0,0,0.0437,0.1324,2.5,0.0,0.0,0.0,2.0,0,21.9,18.49,43.8,0.0,1.0,21.9,0,0,
test_q4_2024,2024-11-09,841,LOJA 841,48812,ARLIVRY XAROPE CEREJA 100ML,35610,C,3,1,2,0.84,5,2.0,0,2.0,0,,2.0,0,0.0,0.1324,2.5,0.0,0.0,0.0,2.0,0,21.9,18.49,43.8,0.0,1.0,21.9,0,0,
test_q4_2024,2024-11-10,841,LOJA 841,48812,ARLIVRY XAROPE CEREJA 100ML,35610,C,3,1,2,0.84,5,2.0,0,2.0,0,,2.0,0,0.0,0.1324,2.5,0.0,0.0,0.0,2.0,0,21.9,18.49,43.8,0.0,,,0,0,
test_q4_2024,2024-11-11,841,LOJA 841,48812,ARLIVRY XAROPE CEREJA 100ML,35610,C,3,1,2,0.84,5,2.0,0,2.0,0,,2.0,0,0.0,0.1324,2.5,0.0,0.0,0.0,2.0,0,21.9,18.49,43.8,0.0,1.0,21.9,0,0,
test_q4_2024,2024-11-12,841,LOJA 841,48812,ARLIVRY XAROPE CEREJA 100ML,35610,C,3,1,2,0.84,5,2.0,0,2.0,0,,2.0,0,0.0,0.1324,2.5,0.0,0.0,0.0,2.0,0,21.9,18.49,43.8,0.0,1.0,21.9,0,0,
test_q4_2024,2024-11-13,841,LOJA 841,48812,ARLIVRY XAROPE CEREJA 100ML,35610,C,3,1,2,0.84,5,2.0,0,2.0,0,,2.0,0,0.0,0.1324,2.5,0.0,0.0,0.0,2.0,0,21.9,18.49,43.8,0.0,1.0,21.9,0,0,
test_q4_2024,2024-11-14,841,LOJA 841,48812,ARLIVRY XAROPE CEREJA 100ML,35610,C,3,1,2,0.84,5,2.0,0,2.0,0,,2.0,0,0.0,0.1324,2.5,0.0,0.0,0.0,2.0,0,21.9,18.49,43.8,0.0,1.0,21.9,0,0,
test_q4_2024,2024-11-15,841,LOJA 841,48812,ARLIVRY XAROPE CEREJA 100ML,35610,C,3,1,2,0.84,5,2.0,0,2.0,0,,2.0,0,0.0437,0.1324,2.5,0.0,0.0,0.0,2.0,0,21.9,18.49,43.8,0.0,1.0,21.9,0,0,
test_q4_2024,2024-11-16,841,LOJA 841,48812,ARLIVRY XAROPE CEREJA 100ML,35610,C,3,1,2,0.84,5,2.0,0,2.0,0,,2.0,0,0.0,0.1324,2.5,0.0,0.0,0.0,2.0,0,21.9,18.49,43.8,0.0,1.0,21.9,0,0,
test_q4_2024,2024-11-17,841,LOJA 841,48812,ARLIVRY XAROPE CEREJA 100ML,35610,C,3,1,2,0.84,5,2.0,0,2.0,0,,2.0,0,0.0,0.1324,2.5,0.0,0.0,0.0,2.0,0,21.9,18.49,43.8,0.0,,,0,0,
test_q4_2024,2024-11-18,841,LOJA 841,48812,ARLIVRY XAROPE CEREJA 100ML,35610,C,3,1,2,0.84,5,2.0,0,2.0,0,,2.0,0,0.0,0.1324,2.5,0.0,0.0,0.0,2.0,0,21.9,18.49,43.8,0.0,1.0,21.9,0,0,
test_q4_2024,2024-11-19,841,LOJA 841,48812,ARLIVRY XAROPE CEREJA 100ML,35610,C,3,1,2,0.84,5,2.0,0,2.0,0,,2.0,0,0.0,0.1324,2.5,1.0,1.0,0.0,1.0,0,21.9,18.49,21.9,0.0,1.0,21.9,0,0,
test_q4_2024,2024-11-20,841,LOJA 841,48812,ARLIVRY XAROPE CEREJA 100ML,35610,C,3,1,2,0.84,5,1.0,0,1.0,1,2024-11-23,2.0,1,0.0,0.1324,2.5,0.0,0.0,0.0,1.0,0,21.9,18.49,21.9,7.49,1.0,21.9,0,0,
test_q4_2024,2024-11-21,841,LOJA 841,48812,ARLIVRY XAROPE CEREJA 100ML,35610,C,3,1,2,0.84,5,1.0,0,2.0,0,,2.0,1,0.0,0.1324,2.5,0.0,0.0,0.0,1.0,0,21.9,18.49,21.9,0.0,1.0,21.9,0,0,
test_q4_2024,2024-11-22,841,LOJA 841,48812,ARLIVRY XAROPE CEREJA 100ML,35610,C,3,1,2,0.84,5,1.0,0,2.0,0,,2.0,1,0.0437,0.1324,2.5,0.0,0.0,0.0,1.0,0,21.9,18.49,21.9,0.0,0.0,0.0,1,0,
test_q4_2024,2024-11-23,841,LOJA 841,48812,ARLIVRY XAROPE CEREJA 100ML,35610,C,3,1,2,0.84,5,2.0,1,2.0,0,,2.0,0,0.0,0.1324,2.5,0.0,0.0,0.0,2.0,0,21.9,18.49,43.8,0.0,0.0,0.0,1,0,
test_q4_2024,2024-11-24,841,LOJA 841,48812,ARLIVRY XAROPE CEREJA 100ML,35610,C,3,1,2,0.84,5,2.0,0,2.0,0,,2.0,0,0.0,0.1324,2.5,0.0,0.0,0.0,2.0,0,21.9,18.49,43.8,0.0,,,0,0,
test_q4_2024,2024-11-25,841,LOJA 841,48812,ARLIVRY XAROPE CEREJA 100ML,35610,C,3,1,2,0.84,5,2.0,0,2.0,0,,2.0,0,0.0,0.1324,2.5,0.0,0.0,0.0,2.0,0,21.9,18.49,43.8,0.0,1.0,21.9,0,0,
test_q4_2024,2024-11-26,841,LOJA 841,48812,ARLIVRY XAROPE CEREJA 100ML,35610,C,3,1,2,0.84,5,2.0,0,2.0,0,,2.0,0,0.0,0.1324,2.5,0.0,0.0,0.0,2.0,0,21.9,18.49,43.8,0.0,1.0,21.9,0,0,
test_q4_2024,2024-11-27,841,LOJA 841,48812,ARLIVRY XAROPE CEREJA 100ML,35610,C,3,1,2,0.84,5,2.0,0,2.0,0,,2.0,0,0.0,0.1324,2.5,0.0,0.0,0.0,2.0,0,21.9,18.49,43.8,0.0,1.0,21.9,0,0,
test_q4_2024,2024-11-28,841,LOJA 841,48812,ARLIVRY XAROPE CEREJA 100ML,35610,C,3,1,2,0.84,5,2.0,0,2.0,0,,2.0,0,0.0,0.1324,2.5,0.0,0.0,0.0,2.0,0,21.9,18.49,43.8,0.0,1.0,21.9,0,0,
test_q4_2024,2024-11-29,841,LOJA 841,48812,ARLIVRY XAROPE CEREJA 100ML,35610,C,3,1,2,0.84,5,2.0,0,2.0,0,,2.0,0,0.0437,0.1324,2.5,0.0,0.0,0.0,2.0,0,21.9,18.49,43.8,0.0,1.0,21.9,0,0,
test_q4_2024,2024-11-30,841,LOJA 841,48812,ARLIVRY XAROPE CEREJA 100ML,35610,C,3,1,2,0.84,5,2.0,0,2.0,0,,2.0,0,0.0,0.1324,2.5,0.0,0.0,0.0,2.0,0,21.9,18.49,43.8,0.0,1.0,21.9,0,0,
test_q4_2024,2024-12-01,841,LOJA 841,48812,ARLIVRY XAROPE CEREJA 100ML,35610,C,3,1,2,0.84,5,2.0,0,2.0,0,,2.0,0,0.0,0.1324,2.5,0.0,0.0,0.0,2.0,0,21.9,18.49,43.8,0.0,,,0,0,
test_q4_2024,2024-12-02,841,LOJA 841,48812,ARLIVRY XAROPE CEREJA 100ML,35610,C,3,1,2,0.84,5,2.0,0,2.0,0,,2.0,0,0.0,0.1324,2.5,0.0,0.0,0.0,2.0,0,21.9,18.49,43.8,0.0,1.0,21.9,0,0,
test_q4_2024,2024-12-03,841,LOJA 841,48812,ARLIVRY XAROPE CEREJA 100ML,35610,C,3,1,2,0.84,5,2.0,0,2.0,0,,2.0,0,0.0,0.1324,2.5,0.0,0.0,0.0,2.0,0,21.9,18.49,43.8,0.0,1.0,21.9,0,0,
test_q4_2024,2024-12-04,841,LOJA 841,48812,ARLIVRY XAROPE CEREJA 100ML,35610,C,3,1,2,0.84,5,2.0,0,2.0,0,,2.0,0,0.0,0.1324,2.5,0.0,0.0,0.0,2.0,0,21.9,18.49,43.8,0.0,1.0,21.9,0,0,
test_q4_2024,2024-12-05,841,LOJA 841,48812,ARLIVRY XAROPE CEREJA 100ML,35610,C,3,1,2,0.84,5,2.0,0,2.0,0,,2.0,0,0.0,0.1324,2.5,0.0,0.0,0.0,2.0,0,21.9,18.49,43.8,0.0,1.0,21.9,0,0,
test_q4_2024,2024-12-06,841,LOJA 841,48812,ARLIVRY XAROPE CEREJA 100ML,35610,C,3,1,2,0.84,5,2.0,0,2.0,0,,2.0,0,0.0437,0.1324,2.5,0.0,0.0,0.0,2.0,0,21.9,18.49,43.8,0.0,1.0,21.9,0,0,
test_q4_2024,2024-12-07,841,LOJA 841,48812,ARLIVRY XAROPE CEREJA 100ML,35610,C,3,1,2,0.84,5,2.0,0,2.0,0,,2.0,0,0.0,0.1324,2.5,0.0,0.0,0.0,2.0,0,21.9,18.49,43.8,0.0,1.0,21.9,0,0,
test_q4_2024,2024-12-08,841,LOJA 841,48812,ARLIVRY XAROPE CEREJA 100ML,35610,C,3,1,2,0.84,5,2.0,0,2.0,0,,2.0,0,0.0,0.1324,2.5,0.0,0.0,0.0,2.0,0,21.9,18.49,43.8,0.0,,,0,0,
test_q4_2024,2024-12-09,841,LOJA 841,48812,ARLIVRY XAROPE CEREJA 100ML,35610,C,3,1,2,0.84,5,2.0,0,2.0,0,,2.0,0,0.0,0.1324,2.5,0.0,0.0,0.0,2.0,0,21.9,18.49,43.8,0.0,1.0,21.9,0,0,
test_q4_2024,2024-12-10,841,LOJA 841,48812,ARLIVRY XAROPE CEREJA 100ML,35610,C,3,1,2,0.84,5,2.0,0,2.0,0,,2.0,0,0.0,0.1324,2.5,0.0,0.0,0.0,2.0,0,21.9,18.49,43.8,0.0,1.0,21.9,0,0,
test_q4_2024,2024-12-11,841,LOJA 841,48812,ARLIVRY XAROPE CEREJA 100ML,35610,C,3,1,2,0.84,5,2.0,0,2.0,0,,2.0,0,0.0,0.1324,2.5,0.0,0.0,0.0,2.0,0,21.9,18.49,43.8,0.0,1.0,21.9,0,0,
test_q4_2024,2024-12-12,841,LOJA 841,48812,ARLIVRY XAROPE CEREJA 100ML,35610,C,3,1,2,0.84,5,2.0,0,2.0,0,,2.0,0,0.0,0.1324,2.5,0.0,0.0,0.0,2.0,0,21.9,18.49,43.8,0.0,1.0,21.9,0,0,
test_q4_2024,2024-12-13,841,LOJA 841,48812,ARLIVRY XAROPE CEREJA 100ML,35610,C,3,1,2,0.84,5,2.0,0,2.0,0,,2.0,0,0.0437,0.1324,2.5,0.0,0.0,0.0,2.0,0,21.9,18.49,43.8,0.0,1.0,21.9,0,0,
test_q4_2024,2024-12-14,841,LOJA 841,48812,ARLIVRY XAROPE CEREJA 100ML,35610,C,3,1,2,0.84,5,2.0,0,2.0,0,,2.0,0,0.0,0.1324,2.5,0.0,0.0,0.0,2.0,0,21.9,18.49,43.8,0.0,1.0,21.9,0,0,
test_q4_2024,2024-12-15,841,LOJA 841,48812,ARLIVRY XAROPE CEREJA 100ML,35610,C,3,1,2,0.84,5,2.0,0,2.0,0,,2.0,0,0.0,0.1324,2.5,0.0,0.0,0.0,2.0,0,21.9,18.49,43.8,0.0,,,0,0,
test_q4_2024,2024-12-16,841,LOJA 841,48812,ARLIVRY XAROPE CEREJA 100ML,35610,C,3,1,2,0.84,5,2.0,0,2.0,0,,2.0,0,0.0,0.1324,2.5,0.0,0.0,0.0,2.0,0,21.9,18.49,43.8,0.0,1.0,21.9,0,0,
test_q4_2024,2024-12-17,841,LOJA 841,48812,ARLIVRY XAROPE CEREJA 100ML,35610,C,3,1,2,0.84,5,2.0,0,2.0,0,,2.0,0,0.0,0.1324,2.5,0.0,0.0,0.0,2.0,0,21.9,18.49,43.8,0.0,1.0,21.9,0,0,
test_q4_2024,2024-12-18,841,LOJA 841,48812,ARLIVRY XAROPE CEREJA 100ML,35610,C,3,1,2,0.84,5,2.0,0,2.0,0,,2.0,0,0.0,0.1324,2.5,0.0,0.0,0.0,2.0,0,21.9,18.49,43.8,0.0,1.0,21.9,0,0,
test_q4_2024,2024-12-19,841,LOJA 841,48812,ARLIVRY XAROPE CEREJA 100ML,35610,C,3,1,2,0.84,5,2.0,0,2.0,0,,2.0,0,0.0,0.1324,2.5,0.0,0.0,0.0,2.0,0,21.9,18.49,43.8,0.0,1.0,21.9,0,0,
test_q4_2024,2024-12-20,841,LOJA 841,48812,ARLIVRY XAROPE CEREJA 100ML,35610,C,3,1,2,0.84,5,2.0,0,2.0,0,,2.0,0,0.0437,0.1324,2.5,0.0,0.0,0.0,2.0,0,21.9,18.49,43.8,0.0,1.0,21.9,0,0,
test_q4_2024,2024-12-21,841,LOJA 841,48812,ARLIVRY XAROPE CEREJA 100ML,35610,C,3,1,2,0.84,5,2.0,0,2.0,0,,2.0,0,0.0,0.1324,2.5,0.0,0.0,0.0,2.0,0,21.9,18.49,43.8,0.0,1.0,21.9,0,0,
test_q4_2024,2024-12-22,841,LOJA 841,48812,ARLIVRY XAROPE CEREJA 100ML,35610,C,3,1,2,0.84,5,2.0,0,2.0,0,,2.0,0,0.0,0.1324,2.5,0.0,0.0,0.0,2.0,0,21.9,18.49,43.8,0.0,,,0,0,
test_q4_2024,2024-12-23,841,LOJA 841,48812,ARLIVRY XAROPE CEREJA 100ML,35610,C,3,1,2,0.84,5,2.0,0,2.0,0,,2.0,0,0.0,0.1324,2.5,0.0,0.0,0.0,2.0,0,21.9,18.49,43.8,0.0,1.0,21.9,0,0,
test_q4_2024,2024-12-24,841,LOJA 841,48812,ARLIVRY XAROPE CEREJA 100ML,35610,C,3,1,2,0.84,5,2.0,0,2.0,0,,2.0,0,0.0,0.1324,2.5,0.0,0.0,0.0,2.0,0,21.9,18.49,43.8,0.0,1.0,21.9,0,0,
test_q4_2024,2024-12-25,841,LOJA 841,48812,ARLIVRY XAROPE CEREJA 100ML,35610,C,3,1,2,0.84,5,2.0,0,2.0,0,,2.0,0,0.0,0.1324,2.5,0.0,0.0,0.0,2.0,0,21.9,18.49,43.8,0.0,1.0,21.9,0,0,
test_q4_2024,2024-12-26,841,LOJA 841,48812,ARLIVRY XAROPE CEREJA 100ML,35610,C,3,1,2,0.84,5,2.0,0,2.0,0,,2.0,0,0.0,0.1324,2.5,0.0,0.0,0.0,2.0,0,21.9,18.49,43.8,0.0,1.0,21.9,0,0,
test_q4_2024,2024-12-27,841,LOJA 841,48812,ARLIVRY XAROPE CEREJA 100ML,35610,C,3,1,2,0.84,5,2.0,0,2.0,0,,2.0,0,0.0437,0.1324,2.5,0.0,0.0,0.0,2.0,0,21.9,18.49,43.8,0.0,1.0,21.9,0,0,
test_q4_2024,2024-12-28,841,LOJA 841,48812,ARLIVRY XAROPE CEREJA 100ML,35610,C,3,1,2,0.84,5,2.0,0,2.0,0,,2.0,0,0.0,0.1324,2.5,0.0,0.0,0.0,2.0,0,21.9,18.49,43.8,0.0,1.0,21.9,0,0,
test_q4_2024,2024-12-29,841,LOJA 841,48812,ARLIVRY XAROPE CEREJA 100ML,35610,C,3,1,2,0.84,5,2.0,0,2.0,0,,2.0,0,0.0,0.1324,2.5,0.0,0.0,0.0,2.0,0,21.9,18.49,43.8,0.0,,,0,0,
test_q4_2024,2024-12-30,841,LOJA 841,48812,ARLIVRY XAROPE CEREJA 100ML,35610,C,3,1,2,0.84,5,2.0,0,2.0,0,,2.0,0,0.0,0.1324,2.5,0.0,0.0,0.0,2.0,0,21.9,18.49,43.8,0.0,1.0,21.9,0,0,
test_q4_2024,2024-12-31,841,LOJA 841,48812,ARLIVRY XAROPE CEREJA 100ML,35610,C,3,1,2,0.84,5,2.0,0,2.0,0,,2.0,0,0.0,0.1324,2.5,0.0,0.0,0.0,2.0,0,21.9,18.49,43.8,0.0,1.0,21.9,0,0,
test_q4_2024,2024-10-01,841,LOJA 841,48813,ARLIVRY XAROPE MEL 100ML,35610,C,3,1,2,0.84,5,2.0,0,2.0,0,,2.0,0,0.0321,0.2252,2.5,0.0,0.0,0.0,2.0,0,27.51,18.49,55.02,0.0,2.0,55.02,0,0,
test_q4_2024,2024-10-02,841,LOJA 841,48813,ARLIVRY XAROPE MEL 100ML,35610,C,3,1,2,0.84,5,2.0,0,2.0,0,,2.0,0,0.0321,0.2252,2.5,0.0,0.0,0.0,2.0,0,27.51,18.49,55.02,0.0,2.0,55.02,0,0,
test_q4_2024,2024-10-03,841,LOJA 841,48813,ARLIVRY XAROPE MEL 100ML,35610,C,3,1,2,0.84,5,2.0,0,2.0,0,,2.0,0,0.1196,0.2252,2.5,0.0,0.0,0.0,2.0,0,27.51,18.49,55.02,0.0,2.0,55.02,0,0,
test_q4_2024,2024-10-04,841,LOJA 841,48813,ARLIVRY XAROPE MEL 100ML,35610,C,3,1,2,0.84,5,2.0,0,2.0,0,,2.0,0,0.0759,0.2252,2.5,0.0,0.0,0.0,2.0,0,27.51,18.49,55.02,0.0,2.0,55.02,0,0,
test_q4_2024,2024-10-05,841,LOJA 841,48813,ARLIVRY XAROPE MEL 100ML,35610,C,3,1,2,0.84,5,2.0,0,2.0,0,,2.0,0,0.0321,0.2252,2.5,0.0,0.0,0.0,2.0,0,27.51,18.49,55.02,0.0,2.0,55.02,0,0,
test_q4_2024,2024-10-06,841,LOJA 841,48813,ARLIVRY XAROPE MEL 100ML,35610,C,3,1,2,0.84,5,2.0,0,2.0,0,,2.0,0,0.0321,0.2252,2.5,0.0,0.0,0.0,2.0,0,27.51,18.49,55.02,0.0,,,0,0,
test_q4_2024,2024-10-07,841,LOJA 841,48813,ARLIVRY XAROPE MEL 100ML,35610,C,3,1,2,0.84,5,2.0,0,2.0,0,,2.0,0,0.0321,0.2252,2.5,1.0,1.0,0.0,1.0,0,27.51,18.49,27.51,0.0,2.0,55.02,0,0,
test_q4_2024,2024-10-08,841,LOJA 841,48813,ARLIVRY XAROPE MEL 100ML,35610,C,3,1,2,0.84,5,1.0,0,1.0,1,2024-10-11,2.0,1,0.0321,0.2252,2.5,0.0,0.0,0.0,1.0,0,27.51,18.49,27.51,7.49,1.0,27.51,0,0,
test_q4_2024,2024-10-09,841,LOJA 841,48813,ARLIVRY XAROPE MEL 100ML,35610,C,3,1,2,0.84,5,1.0,0,2.0,0,,2.0,1,0.0321,0.2252,2.5,0.0,0.0,0.0,1.0,0,27.51,18.49,27.51,0.0,1.0,27.51,0,0,
test_q4_2024,2024-10-10,841,LOJA 841,48813,ARLIVRY XAROPE MEL 100ML,35610,C,3,1,2,0.84,5,1.0,0,2.0,0,,2.0,1,0.1196,0.2252,2.5,0.0,0.0,0.0,1.0,0,27.51,18.49,27.51,0.0,1.0,27.51,0,0,
test_q4_2024,2024-10-11,841,LOJA 841,48813,ARLIVRY XAROPE MEL 100ML,35610,C,3,1,2,0.84,5,2.0,1,2.0,0,,2.0,0,0.0759,0.2252,2.5,0.0,0.0,0.0,2.0,0,27.51,18.49,55.02,0.0,1.0,27.51,0,0,
test_q4_2024,2024-10-12,841,LOJA 841,48813,ARLIVRY XAROPE MEL 100ML,35610,C,3,1,2,0.84,5,2.0,0,2.0,0,,2.0,0,0.0321,0.2252,2.5,0.0,0.0,0.0,2.0,0,27.51,18.49,55.02,0.0,1.0,27.51,0,0,
test_q4_2024,2024-10-13,841,LOJA 841,48813,ARLIVRY XAROPE MEL 100ML,35610,C,3,1,2,0.84,5,2.0,0,2.0,0,,2.0,0,0.0321,0.2252,2.5,0.0,0.0,0.0,2.0,0,27.51,18.49,55.02,0.0,,,0,0,
test_q4_2024,2024-10-14,841,LOJA 841,48813,ARLIVRY XAROPE MEL 100ML,35610,C,3,1,2,0.84,5,2.0,0,2.0,0,,2.0,0,0.0321,0.2252,2.5,0.0,0.0,0.0,2.0,0,27.51,18.49,55.02,0.0,1.0,27.51,0,0,
test_q4_2024,2024-10-15,841,LOJA 841,48813,ARLIVRY XAROPE MEL 100ML,35610,C,3,1,2,0.84,5,2.0,0,2.0,0,,2.0,0,0.0321,0.2252,2.5,0.0,0.0,0.0,2.0,0,27.51,18.49,55.02,0.0,1.0,27.51,0,0,
test_q4_2024,2024-10-16,841,LOJA 841,48813,ARLIVRY XAROPE MEL 100ML,35610,C,3,1,2,0.84,5,2.0,0,2.0,0,,2.0,0,0.0321,0.2252,2.5,0.0,0.0,0.0,2.0,0,27.51,18.49,55.02,0.0,2.0,55.02,0,0,
test_q4_2024,2024-10-17,841,LOJA 841,48813,ARLIVRY XAROPE MEL 100ML,35610,C,3,1,2,0.84,5,2.0,0,2.0,0,,2.0,0,0.1196,0.2252,2.5,0.0,0.0,0.0,2.0,0,27.51,18.49,55.02,0.0,2.0,55.02,0,0,
test_q4_2024,2024-10-18,841,LOJA 841,48813,ARLIVRY XAROPE MEL 100ML,35610,C,3,1,2,0.84,5,2.0,0,2.0,0,,2.0,0,0.0759,0.2252,2.5,0.0,0.0,0.0,2.0,0,27.51,18.49,55.02,0.0,2.0,55.02,0,0,
test_q4_2024,2024-10-19,841,LOJA 841,48813,ARLIVRY XAROPE MEL 100ML,35610,C,3,1,2,0.84,5,2.0,0,2.0,0,,2.0,0,0.0321,0.2252,2.5,0.0,0.0,0.0,2.0,0,27.51,18.49,55.02,0.0,2.0,55.02,0,0,
test_q4_2024,2024-10-20,841,LOJA 841,48813,ARLIVRY XAROPE MEL 100ML,35610,C,3,1,2,0.84,5,2.0,0,2.0,0,,2.0,0,0.0321,0.2252,2.5,0.0,0.0,0.0,2.0,0,27.51,18.49,55.02,0.0,,,0,0,
test_q4_2024,2024-10-21,841,LOJA 841,48813,ARLIVRY XAROPE MEL 100ML,35610,C,3,1,2,0.84,5,2.0,0,2.0,0,,2.0,0,0.0321,0.2252,2.5,0.0,0.0,0.0,2.0,0,27.51,18.49,55.02,0.0,2.0,55.02,0,0,
test_q4_2024,2024-10-22,841,LOJA 841,48813,ARLIVRY XAROPE MEL 100ML,35610,C,3,1,2,0.84,5,2.0,0,2.0,0,,2.0,0,0.0321,0.2252,2.5,0.0,0.0,0.0,2.0,0,27.51,18.49,55.02,0.0,2.0,55.02,0,0,
test_q4_2024,2024-10-23,841,LOJA 841,48813,ARLIVRY XAROPE MEL 100ML,35610,C,3,1,2,0.84,5,2.0,0,2.0,0,,2.0,0,0.0321,0.2252,2.5,0.0,0.0,0.0,2.0,0,27.51,18.49,55.02,0.0,2.0,55.02,0,0,
test_q4_2024,2024-10-24,841,LOJA 841,48813,ARLIVRY XAROPE MEL 100ML,35610,C,3,1,2,0.84,5,2.0,0,2.0,0,,2.0,0,0.1196,0.2252,2.5,0.0,0.0,0.0,2.0,0,27.51,18.49,55.02,0.0,2.0,55.02,0,0,
test_q4_2024,2024-10-25,841,LOJA 841,48813,ARLIVRY XAROPE MEL 100ML,35610,C,3,1,2,0.84,5,2.0,0,2.0,0,,2.0,0,0.0759,0.2252,2.5,0.0,0.0,0.0,2.0,0,27.51,18.49,55.02,0.0,2.0,55.02,0,0,
test_q4_2024,2024-10-26,841,LOJA 841,48813,ARLIVRY XAROPE MEL 100ML,35610,C,3,1,2,0.84,5,2.0,0,2.0,0,,2.0,0,0.0321,0.2252,2.5,0.0,0.0,0.0,2.0,0,27.51,18.49,55.02,0.0,2.0,55.02,0,0,
test_q4_2024,2024-10-27,841,LOJA 841,48813,ARLIVRY XAROPE MEL 100ML,35610,C,3,1,2,0.84,5,2.0,0,2.0,0,,2.0,0,0.0321,0.2252,2.5,0.0,0.0,0.0,2.0,0,27.51,18.49,55.02,0.0,,,0,0,
test_q4_2024,2024-10-28,841,LOJA 841,48813,ARLIVRY XAROPE MEL 100ML,35610,C,3,1,2,0.84,5,2.0,0,2.0,0,,2.0,0,0.0321,0.2252,2.5,0.0,0.0,0.0,2.0,0,27.51,18.49,55.02,0.0,2.0,55.02,0,0,
test_q4_2024,2024-10-29,841,LOJA 841,48813,ARLIVRY XAROPE MEL 100ML,35610,C,3,1,2,0.84,5,2.0,0,2.0,0,,2.0,0,0.0321,0.2252,2.5,0.0,0.0,0.0,2.0,0,27.51,18.49,55.02,0.0,2.0,55.02,0,0,
test_q4_2024,2024-10-30,841,LOJA 841,48813,ARLIVRY XAROPE MEL 100ML,35610,C,3,1,2,0.84,5,2.0,0,2.0,0,,2.0,0,0.0321,0.2252,2.5,0.0,0.0,0.0,2.0,0,27.51,18.49,55.02,0.0,2.0,55.02,0,0,
test_q4_2024,2024-10-31,841,LOJA 841,48813,ARLIVRY XAROPE MEL 100ML,35610,C,3,1,2,0.84,5,2.0,0,2.0,0,,2.0,0,0.1196,0.2252,2.5,0.0,0.0,0.0,2.0,0,27.51,18.49,55.02,0.0,2.0,55.02,0,0,
test_q4_2024,2024-11-01,841,LOJA 841,48813,ARLIVRY XAROPE MEL 100ML,35610,C,3,1,2,0.84,5,2.0,0,2.0,0,,2.0,0,0.0759,0.2252,2.5,0.0,0.0,0.0,2.0,0,27.51,18.49,55.02,0.0,2.0,55.02,0,0,
test_q4_2024,2024-11-02,841,LOJA 841,48813,ARLIVRY XAROPE MEL 100ML,35610,C,3,1,2,0.84,5,2.0,0,2.0,0,,2.0,0,0.0321,0.2252,2.5,0.0,0.0,0.0,2.0,0,27.51,18.49,55.02,0.0,2.0,55.02,0,0,
test_q4_2024,2024-11-03,841,LOJA 841,48813,ARLIVRY XAROPE MEL 100ML,35610,C,3,1,2,0.84,5,2.0,0,2.0,0,,2.0,0,0.0321,0.2252,2.5,0.0,0.0,0.0,2.0,0,27.51,18.49,55.02,0.0,,,0,0,
test_q4_2024,2024-11-04,841,LOJA 841,48813,ARLIVRY XAROPE MEL 100ML,35610,C,3,1,2,0.84,5,2.0,0,2.0,0,,2.0,0,0.0321,0.2252,2.5,0.0,0.0,0.0,2.0,0,27.51,18.49,55.02,0.0,2.0,55.02,0,0,
test_q4_2024,2024-11-05,841,LOJA 841,48813,ARLIVRY XAROPE MEL 100ML,35610,C,3,1,2,0.84,5,2.0,0,2.0,0,,2.0,0,0.0321,0.2252,2.5,0.0,0.0,0.0,2.0,0,27.51,18.49,55.02,0.0,2.0,55.02,0,0,
test_q4_2024,2024-11-06,841,LOJA 841,48813,ARLIVRY XAROPE MEL 100ML,35610,C,3,1,2,0.84,5,2.0,0,2.0,0,,2.0,0,0.0321,0.2252,2.5,0.0,0.0,0.0,2.0,0,27.51,18.49,55.02,0.0,2.0,55.02,0,0,
test_q4_2024,2024-11-07,841,LOJA 841,48813,ARLIVRY XAROPE MEL 100ML,35610,C,3,1,2,0.84,5,2.0,0,2.0,0,,2.0,0,0.1196,0.2252,2.5,0.0,0.0,0.0,2.0,0,27.51,18.49,55.02,0.0,2.0,55.02,0,0,
test_q4_2024,2024-11-08,841,LOJA 841,48813,ARLIVRY XAROPE MEL 100ML,35610,C,3,1,2,0.84,5,2.0,0,2.0,0,,2.0,0,0.0759,0.2252,2.5,0.0,0.0,0.0,2.0,0,27.51,18.49,55.02,0.0,2.0,55.02,0,0,
test_q4_2024,2024-11-09,841,LOJA 841,48813,ARLIVRY XAROPE MEL 100ML,35610,C,3,1,2,0.84,5,2.0,0,2.0,0,,2.0,0,0.0321,0.2252,2.5,0.0,0.0,0.0,2.0,0,27.51,18.49,55.02,0.0,2.0,55.02,0,0,
test_q4_2024,2024-11-10,841,LOJA 841,48813,ARLIVRY XAROPE MEL 100ML,35610,C,3,1,2,0.84,5,2.0,0,2.0,0,,2.0,0,0.0321,0.2252,2.5,0.0,0.0,0.0,2.0,0,27.51,18.49,55.02,0.0,,,0,0,
test_q4_2024,2024-11-11,841,LOJA 841,48813,ARLIVRY XAROPE MEL 100ML,35610,C,3,1,2,0.84,5,2.0,0,2.0,0,,2.0,0,0.0321,0.2252,2.5,0.0,0.0,0.0,2.0,0,27.51,18.49,55.02,0.0,2.0,55.02,0,0,
test_q4_2024,2024-11-12,841,LOJA 841,48813,ARLIVRY XAROPE MEL 100ML,35610,C,3,1,2,0.84,5,2.0,0,2.0,0,,2.0,0,0.0321,0.2252,2.5,0.0,0.0,0.0,2.0,0,27.51,18.49,55.02,0.0,2.0,55.02,0,0,
test_q4_2024,2024-11-13,841,LOJA 841,48813,ARLIVRY XAROPE MEL 100ML,35610,C,3,1,2,0.84,5,2.0,0,2.0,0,,2.0,0,0.0321,0.2252,2.5,0.0,0.0,0.0,2.0,0,27.51,18.49,55.02,0.0,2.0,55.02,0,0,
test_q4_2024,2024-11-14,841,LOJA 841,48813,ARLIVRY XAROPE MEL 100ML,35610,C,3,1,2,0.84,5,2.0,0,2.0,0,,2.0,0,0.1196,0.2252,2.5,0.0,0.0,0.0,2.0,0,27.51,18.49,55.02,0.0,2.0,55.02,0,0,
test_q4_2024,2024-11-15,841,LOJA 841,48813,ARLIVRY XAROPE MEL 100ML,35610,C,3,1,2,0.84,5,2.0,0,2.0,0,,2.0,0,0.0759,0.2252,2.5,0.0,0.0,0.0,2.0,0,27.51,18.49,55.02,0.0,2.0,55.02,0,0,
test_q4_2024,2024-11-16,841,LOJA 841,48813,ARLIVRY XAROPE MEL 100ML,35610,C,3,1,2,0.84,5,2.0,0,2.0,0,,2.0,0,0.0321,0.2252,2.5,0.0,0.0,0.0,2.0,0,27.51,18.49,55.02,0.0,2.0,55.02,0,0,
test_q4_2024,2024-11-17,841,LOJA 841,48813,ARLIVRY XAROPE MEL 100ML,35610,C,3,1,2,0.84,5,2.0,0,2.0,0,,2.0,0,0.0321,0.2252,2.5,0.0,0.0,0.0,2.0,0,27.51,18.49,55.02,0.0,,,0,0,
test_q4_2024,2024-11-18,841,LOJA 841,48813,ARLIVRY XAROPE MEL 100ML,35610,C,3,1,2,0.84,5,2.0,0,2.0,0,,2.0,0,0.0321,0.2252,2.5,0.0,0.0,0.0,2.0,0,27.51,18.49,55.02,0.0,2.0,55.02,0,0,
test_q4_2024,2024-11-19,841,LOJA 841,48813,ARLIVRY XAROPE MEL 100ML,35610,C,3,1,2,0.84,5,2.0,0,2.0,0,,2.0,0,0.0321,0.2252,2.5,0.0,0.0,0.0,2.0,0,27.51,18.49,55.02,0.0,2.0,55.02,0,0,
test_q4_2024,2024-11-20,841,LOJA 841,48813,ARLIVRY XAROPE MEL 100ML,35610,C,3,1,2,0.84,5,2.0,0,2.0,0,,2.0,0,0.0321,0.2252,2.5,0.0,0.0,0.0,2.0,0,27.51,18.49,55.02,0.0,2.0,55.02,0,0,
test_q4_2024,2024-11-21,841,LOJA 841,48813,ARLIVRY XAROPE MEL 100ML,35610,C,3,1,2,0.84,5,2.0,0,2.0,0,,2.0,0,0.1196,0.2252,2.5,0.0,0.0,0.0,2.0,0,27.51,18.49,55.02,0.0,2.0,55.02,0,0,
test_q4_2024,2024-11-22,841,LOJA 841,48813,ARLIVRY XAROPE MEL 100ML,35610,C,3,1,2,0.84,5,2.0,0,2.0,0,,2.0,0,0.0759,0.2252,2.5,0.0,0.0,0.0,2.0,0,27.51,18.49,55.02,0.0,2.0,55.02,0,0,
test_q4_2024,2024-11-23,841,LOJA 841,48813,ARLIVRY XAROPE MEL 100ML,35610,C,3,1,2,0.84,5,2.0,0,2.0,0,,2.0,0,0.0321,0.2252,2.5,0.0,0.0,0.0,2.0,0,27.51,18.49,55.02,0.0,2.0,55.02,0,0,
test_q4_2024,2024-11-24,841,LOJA 841,48813,ARLIVRY XAROPE MEL 100ML,35610,C,3,1,2,0.84,5,2.0,0,2.0,0,,2.0,0,0.0321,0.2252,2.5,0.0,0.0,0.0,2.0,0,27.51,18.49,55.02,0.0,,,0,0,
test_q4_2024,2024-11-25,841,LOJA 841,48813,ARLIVRY XAROPE MEL 100ML,35610,C,3,1,2,0.84,5,2.0,0,2.0,0,,2.0,0,0.0321,0.2252,2.5,0.0,0.0,0.0,2.0,0,27.51,18.49,55.02,0.0,2.0,55.02,0,0,
test_q4_2024,2024-11-26,841,LOJA 841,48813,ARLIVRY XAROPE MEL 100ML,35610,C,3,1,2,0.84,5,2.0,0,2.0,0,,2.0,0,0.0321,0.2252,2.5,0.0,0.0,0.0,2.0,0,27.51,18.49,55.02,0.0,2.0,55.02,0,0,
test_q4_2024,2024-11-27,841,LOJA 841,48813,ARLIVRY XAROPE MEL 100ML,35610,C,3,1,2,0.84,5,2.0,0,2.0,0,,2.0,0,0.0321,0.2252,2.5,0.0,0.0,0.0,2.0,0,27.51,18.49,55.02,0.0,2.0,55.02,0,0,
test_q4_2024,2024-11-28,841,LOJA 841,48813,ARLIVRY XAROPE MEL 100ML,35610,C,3,1,2,0.84,5,2.0,0,2.0,0,,2.0,0,0.1196,0.2252,2.5,0.0,0.0,0.0,2.0,0,27.51,18.49,55.02,0.0,2.0,55.02,0,0,
test_q4_2024,2024-11-29,841,LOJA 841,48813,ARLIVRY XAROPE MEL 100ML,35610,C,3,1,2,0.84,5,2.0,0,2.0,0,,2.0,0,0.0759,0.2252,2.5,0.0,0.0,0.0,2.0,0,27.51,18.49,55.02,0.0,2.0,55.02,0,0,
test_q4_2024,2024-11-30,841,LOJA 841,48813,ARLIVRY XAROPE MEL 100ML,35610,C,3,1,2,0.84,5,2.0,0,2.0,0,,2.0,0,0.0321,0.2252,2.5,0.0,0.0,0.0,2.0,0,27.51,18.49,55.02,0.0,2.0,55.02,0,0,
test_q4_2024,2024-12-01,841,LOJA 841,48813,ARLIVRY XAROPE MEL 100ML,35610,C,3,1,2,0.84,5,2.0,0,2.0,0,,2.0,0,0.0321,0.2252,2.5,0.0,0.0,0.0,2.0,0,27.51,18.49,55.02,0.0,,,0,0,
test_q4_2024,2024-12-02,841,LOJA 841,48813,ARLIVRY XAROPE MEL 100ML,35610,C,3,1,2,0.84,5,2.0,0,2.0,0,,2.0,0,0.0321,0.2252,2.5,1.0,1.0,0.0,1.0,0,27.51,18.49,27.51,0.0,2.0,55.02,0,0,
test_q4_2024,2024-12-03,841,LOJA 841,48813,ARLIVRY XAROPE MEL 100ML,35610,C,3,1,2,0.84,5,1.0,0,1.0,1,2024-12-06,2.0,1,0.0321,0.2252,2.5,0.0,0.0,0.0,1.0,0,27.51,18.49,27.51,7.49,1.0,27.51,0,0,
test_q4_2024,2024-12-04,841,LOJA 841,48813,ARLIVRY XAROPE MEL 100ML,35610,C,3,1,2,0.84,5,1.0,0,2.0,0,,2.0,1,0.0321,0.2252,2.5,0.0,0.0,0.0,1.0,0,27.51,18.49,27.51,0.0,1.0,27.51,0,0,
test_q4_2024,2024-12-05,841,LOJA 841,48813,ARLIVRY XAROPE MEL 100ML,35610,C,3,1,2,0.84,5,1.0,0,2.0,0,,2.0,1,0.1196,0.2252,2.5,0.0,0.0,0.0,1.0,0,27.51,18.49,27.51,0.0,1.0,27.51,0,0,
test_q4_2024,2024-12-06,841,LOJA 841,48813,ARLIVRY XAROPE MEL 100ML,35610,C,3,1,2,0.84,5,2.0,1,2.0,0,,2.0,0,0.0759,0.2252,2.5,0.0,0.0,0.0,2.0,0,27.51,18.49,55.02,0.0,1.0,27.51,0,0,
test_q4_2024,2024-12-07,841,LOJA 841,48813,ARLIVRY XAROPE MEL 100ML,35610,C,3,1,2,0.84,5,2.0,0,2.0,0,,2.0,0,0.0321,0.2252,2.5,0.0,0.0,0.0,2.0,0,27.51,18.49,55.02,0.0,2.0,55.02,0,0,
test_q4_2024,2024-12-08,841,LOJA 841,48813,ARLIVRY XAROPE MEL 100ML,35610,C,3,1,2,0.84,5,2.0,0,2.0,0,,2.0,0,0.0321,0.2252,2.5,0.0,0.0,0.0,2.0,0,27.51,18.49,55.02,0.0,,,0,0,
test_q4_2024,2024-12-09,841,LOJA 841,48813,ARLIVRY XAROPE MEL 100ML,35610,C,3,1,2,0.84,5,2.0,0,2.0,0,,2.0,0,0.0321,0.2252,2.5,0.0,0.0,0.0,2.0,0,27.51,18.49,55.02,0.0,2.0,55.02,0,0,
test_q4_2024,2024-12-10,841,LOJA 841,48813,ARLIVRY XAROPE MEL 100ML,35610,C,3,1,2,0.84,5,2.0,0,2.0,0,,2.0,0,0.0321,0.2252,2.5,0.0,0.0,0.0,2.0,0,27.51,18.49,55.02,0.0,2.0,55.02,0,0,
test_q4_2024,2024-12-11,841,LOJA 841,48813,ARLIVRY XAROPE MEL 100ML,35610,C,3,1,2,0.84,5,2.0,0,2.0,0,,2.0,0,0.0321,0.2252,2.5,0.0,0.0,0.0,2.0,0,27.51,18.49,55.02,0.0,2.0,55.02,0,0,
test_q4_2024,2024-12-12,841,LOJA 841,48813,ARLIVRY XAROPE MEL 100ML,35610,C,3,1,2,0.84,5,2.0,0,2.0,0,,2.0,0,0.1196,0.2252,2.5,0.0,0.0,0.0,2.0,0,27.51,18.49,55.02,0.0,2.0,55.02,0,0,
test_q4_2024,2024-12-13,841,LOJA 841,48813,ARLIVRY XAROPE MEL 100ML,35610,C,3,1,2,0.84,5,2.0,0,2.0,0,,2.0,0,0.0759,0.2252,2.5,0.0,0.0,0.0,2.0,0,27.51,18.49,55.02,0.0,2.0,55.02,0,0,
test_q4_2024,2024-12-14,841,LOJA 841,48813,ARLIVRY XAROPE MEL 100ML,35610,C,3,1,2,0.84,5,2.0,0,2.0,0,,2.0,0,0.0321,0.2252,2.5,0.0,0.0,0.0,2.0,0,27.51,18.49,55.02,0.0,2.0,55.02,0,0,
test_q4_2024,2024-12-15,841,LOJA 841,48813,ARLIVRY XAROPE MEL 100ML,35610,C,3,1,2,0.84,5,2.0,0,2.0,0,,2.0,0,0.0321,0.2252,2.5,0.0,0.0,0.0,2.0,0,27.51,18.49,55.02,0.0,,,0,0,
test_q4_2024,2024-12-16,841,LOJA 841,48813,ARLIVRY XAROPE MEL 100ML,35610,C,3,1,2,0.84,5,2.0,0,2.0,0,,2.0,0,0.0321,0.2252,2.5,0.0,0.0,0.0,2.0,0,27.51,18.49,55.02,0.0,2.0,55.02,0,0,
test_q4_2024,2024-12-17,841,LOJA 841,48813,ARLIVRY XAROPE MEL 100ML,35610,C,3,1,2,0.84,5,2.0,0,2.0,0,,2.0,0,0.0321,0.2252,2.5,0.0,0.0,0.0,2.0,0,27.51,18.49,55.02,0.0,2.0,55.02,0,0,
test_q4_2024,2024-12-18,841,LOJA 841,48813,ARLIVRY XAROPE MEL 100ML,35610,C,3,1,2,0.84,5,2.0,0,2.0,0,,2.0,0,0.0321,0.2252,2.5,0.0,0.0,0.0,2.0,0,27.51,18.49,55.02,0.0,2.0,55.02,0,0,
test_q4_2024,2024-12-19,841,LOJA 841,48813,ARLIVRY XAROPE MEL 100ML,35610,C,3,1,2,0.84,5,2.0,0,2.0,0,,2.0,0,0.1196,0.2252,2.5,0.0,0.0,0.0,2.0,0,27.51,18.49,55.02,0.0,2.0,55.02,0,0,
test_q4_2024,2024-12-20,841,LOJA 841,48813,ARLIVRY XAROPE MEL 100ML,35610,C,3,1,2,0.84,5,2.0,0,2.0,0,,2.0,0,0.0759,0.2252,2.5,0.0,0.0,0.0,2.0,0,27.51,18.49,55.02,0.0,2.0,55.02,0,0,
test_q4_2024,2024-12-21,841,LOJA 841,48813,ARLIVRY XAROPE MEL 100ML,35610,C,3,1,2,0.84,5,2.0,0,2.0,0,,2.0,0,0.0321,0.2252,2.5,0.0,0.0,0.0,2.0,0,27.51,18.49,55.02,0.0,2.0,55.02,0,0,
test_q4_2024,2024-12-22,841,LOJA 841,48813,ARLIVRY XAROPE MEL 100ML,35610,C,3,1,2,0.84,5,2.0,0,2.0,0,,2.0,0,0.0321,0.2252,2.5,0.0,0.0,0.0,2.0,0,27.51,18.49,55.02,0.0,,,0,0,
test_q4_2024,2024-12-23,841,LOJA 841,48813,ARLIVRY XAROPE MEL 100ML,35610,C,3,1,2,0.84,5,2.0,0,2.0,0,,2.0,0,0.0321,0.2252,2.5,0.0,0.0,0.0,2.0,0,27.51,18.49,55.02,0.0,2.0,55.02,0,0,
test_q4_2024,2024-12-24,841,LOJA 841,48813,ARLIVRY XAROPE MEL 100ML,35610,C,3,1,2,0.84,5,2.0,0,2.0,0,,2.0,0,0.0321,0.2252,2.5,0.0,0.0,0.0,2.0,0,27.51,18.49,55.02,0.0,2.0,55.02,0,0,
test_q4_2024,2024-12-25,841,LOJA 841,48813,ARLIVRY XAROPE MEL 100ML,35610,C,3,1,2,0.84,5,2.0,0,2.0,0,,2.0,0,0.0321,0.2252,2.5,0.0,0.0,0.0,2.0,0,27.51,18.49,55.02,0.0,2.0,55.02,0,0,
test_q4_2024,2024-12-26,841,LOJA 841,48813,ARLIVRY XAROPE MEL 100ML,35610,C,3,1,2,0.84,5,2.0,0,2.0,0,,2.0,0,0.1196,0.2252,2.5,0.0,0.0,0.0,2.0,0,27.51,18.49,55.02,0.0,2.0,55.02,0,0,
test_q4_2024,2024-12-27,841,LOJA 841,48813,ARLIVRY XAROPE MEL 100ML,35610,C,3,1,2,0.84,5,2.0,0,2.0,0,,2.0,0,0.0759,0.2252,2.5,0.0,0.0,0.0,2.0,0,27.51,18.49,55.02,0.0,2.0,55.02,0,0,
test_q4_2024,2024-12-28,841,LOJA 841,48813,ARLIVRY XAROPE MEL 100ML,35610,C,3,1,2,0.84,5,2.0,0,2.0,0,,2.0,0,0.0321,0.2252,2.5,0.0,0.0,0.0,2.0,0,27.51,18.49,55.02,0.0,2.0,55.02,0,0,
test_q4_2024,2024-12-29,841,LOJA 841,48813,ARLIVRY XAROPE MEL 100ML,35610,C,3,1,2,0.84,5,2.0,0,2.0,0,,2.0,0,0.0321,0.2252,2.5,0.0,0.0,0.0,2.0,0,27.51,18.49,55.02,0.0,,,0,0,
test_q4_2024,2024-12-30,841,LOJA 841,48813,ARLIVRY XAROPE MEL 100ML,35610,C,3,1,2,0.84,5,2.0,0,2.0,0,,2.0,0,0.0321,0.2252,2.5,0.0,0.0,0.0,2.0,0,27.51,18.49,55.02,0.0,2.0,55.02,0,0,
test_q4_2024,2024-12-31,841,LOJA 841,48813,ARLIVRY XAROPE MEL 100ML,35610,C,3,1,2,0.84,5,2.0,0,2.0,0,,2.0,0,0.0321,0.2252,2.5,0.0,0.0,0.0,2.0,0,27.51,18.49,55.02,0.0,2.0,55.02,0,0,
test_q4_2024,2024-10-01,841,LOJA 841,51957,HEDERA CIMED 7MG 100ML,51356,C,3,3,4,0.84,5,4.0,0,4.0,0,,4.0,0,0.0,0.0,2.388235294117647,0.0,0.0,0.0,4.0,0,36.64,48.79,146.56,0.0,1.0,36.64,0,0,
test_q4_2024,2024-10-02,841,LOJA 841,51957,HEDERA CIMED 7MG 100ML,51356,C,3,3,4,0.84,5,4.0,0,4.0,0,,4.0,0,0.0,0.0,2.388235294117647,0.0,0.0,0.0,4.0,0,36.64,48.79,146.56,0.0,1.0,36.64,0,0,
test_q4_2024,2024-10-03,841,LOJA 841,51957,HEDERA CIMED 7MG 100ML,51356,C,3,3,4,0.84,5,4.0,0,4.0,0,,4.0,0,0.0,0.0,2.388235294117647,0.0,0.0,0.0,4.0,0,36.64,48.79,146.56,0.0,1.0,36.64,0,0,
test_q4_2024,2024-10-04,841,LOJA 841,51957,HEDERA CIMED 7MG 100ML,51356,C,3,3,4,0.84,5,4.0,0,4.0,0,,4.0,0,0.0,0.0,2.388235294117647,0.0,0.0,0.0,4.0,0,36.64,48.79,146.56,0.0,1.0,36.64,0,0,
test_q4_2024,2024-10-05,841,LOJA 841,51957,HEDERA CIMED 7MG 100ML,51356,C,3,3,4,0.84,5,4.0,0,4.0,0,,4.0,0,0.0,0.0,2.388235294117647,0.0,0.0,0.0,4.0,0,36.64,48.79,146.56,0.0,1.0,36.64,0,0,
test_q4_2024,2024-10-06,841,LOJA 841,51957,HEDERA CIMED 7MG 100ML,51356,C,3,3,4,0.84,5,4.0,0,4.0,0,,4.0,0,0.0,0.0,2.388235294117647,0.0,0.0,0.0,4.0,0,36.64,48.79,146.56,0.0,,,0,0,
test_q4_2024,2024-10-07,841,LOJA 841,51957,HEDERA CIMED 7MG 100ML,51356,C,3,3,4,0.84,5,4.0,0,4.0,0,,4.0,0,0.0,0.0,2.388235294117647,0.0,0.0,0.0,4.0,0,36.64,48.79,146.56,0.0,1.0,36.64,0,0,
test_q4_2024,2024-10-08,841,LOJA 841,51957,HEDERA CIMED 7MG 100ML,51356,C,3,3,4,0.84,5,4.0,0,4.0,0,,4.0,0,0.04,0.0,2.388235294117647,0.0,0.0,0.0,4.0,0,36.64,48.79,146.56,0.0,1.0,36.64,0,0,
test_q4_2024,2024-10-09,841,LOJA 841,51957,HEDERA CIMED 7MG 100ML,51356,C,3,3,4,0.84,5,4.0,0,4.0,0,,4.0,0,0.04,0.0,2.388235294117647,0.0,0.0,0.0,4.0,0,36.64,48.79,146.56,0.0,1.0,36.64,0,0,
test_q4_2024,2024-10-10,841,LOJA 841,51957,HEDERA CIMED 7MG 100ML,51356,C,3,3,4,0.84,5,4.0,0,4.0,0,,4.0,0,0.04,0.0,2.388235294117647,0.0,0.0,0.0,4.0,0,36.64,48.79,146.56,0.0,1.0,36.64,0,0,
test_q4_2024,2024-10-11,841,LOJA 841,51957,HEDERA CIMED 7MG 100ML,51356,C,3,3,4,0.84,5,4.0,0,4.0,0,,4.0,0,0.04,0.0,2.388235294117647,0.0,0.0,0.0,4.0,0,36.64,48.79,146.56,0.0,1.0,36.64,0,0,
test_q4_2024,2024-10-12,841,LOJA 841,51957,HEDERA CIMED 7MG 100ML,51356,C,3,3,4,0.84,5,4.0,0,4.0,0,,4.0,0,0.04,0.0,2.388235294117647,0.0,0.0,0.0,4.0,0,36.64,48.79,146.56,0.0,1.0,36.64,0,0,
test_q4_2024,2024-10-13,841,LOJA 841,51957,HEDERA CIMED 7MG 100ML,51356,C,3,3,4,0.84,5,4.0,0,4.0,0,,4.0,0,0.04,0.0,2.388235294117647,0.0,0.0,0.0,4.0,0,36.64,48.79,146.56,0.0,,,0,0,
test_q4_2024,2024-10-14,841,LOJA 841,51957,HEDERA CIMED 7MG 100ML,51356,C,3,3,4,0.84,5,4.0,0,4.0,0,,4.0,0,0.04,0.0,2.388235294117647,0.0,0.0,0.0,4.0,0,36.64,48.79,146.56,0.0,1.0,36.64,0,0,
test_q4_2024,2024-10-15,841,LOJA 841,51957,HEDERA CIMED 7MG 100ML,51356,C,3,3,4,0.84,5,4.0,0,4.0,0,,4.0,0,0.04,0.0,2.388235294117647,0.0,0.0,0.0,4.0,0,36.64,48.79,146.56,0.0,1.0,36.64,0,0,
test_q4_2024,2024-10-16,841,LOJA 841,51957,HEDERA CIMED 7MG 100ML,51356,C,3,3,4,0.84,5,4.0,0,4.0,0,,4.0,0,0.04,0.0,2.388235294117647,0.0,0.0,0.0,4.0,0,36.64,48.79,146.56,0.0,1.0,36.64,0,0,
test_q4_2024,2024-10-17,841,LOJA 841,51957,HEDERA CIMED 7MG 100ML,51356,C,3,3,4,0.84,5,4.0,0,4.0,0,,4.0,0,0.04,0.0,2.388235294117647,0.0,0.0,0.0,4.0,0,36.64,48.79,146.56,0.0,1.0,36.64,0,0,
test_q4_2024,2024-10-18,841,LOJA 841,51957,HEDERA CIMED 7MG 100ML,51356,C,3,3,4,0.84,5,4.0,0,4.0,0,,4.0,0,0.04,0.0,2.388235294117647,0.0,0.0,0.0,4.0,0,36.64,48.79,146.56,0.0,1.0,36.64,0,0,
test_q4_2024,2024-10-19,841,LOJA 841,51957,HEDERA CIMED 7MG 100ML,51356,C,3,3,4,0.84,5,4.0,0,4.0,0,,4.0,0,0.04,0.0,2.388235294117647,0.0,0.0,0.0,4.0,0,36.64,48.79,146.56,0.0,1.0,36.64,0,0,
test_q4_2024,2024-10-20,841,LOJA 841,51957,HEDERA CIMED 7MG 100ML,51356,C,3,3,4,0.84,5,4.0,0,4.0,0,,4.0,0,0.04,0.0,2.388235294117647,0.0,0.0,0.0,4.0,0,36.64,48.79,146.56,0.0,,,0,0,
test_q4_2024,2024-10-21,841,LOJA 841,51957,HEDERA CIMED 7MG 100ML,51356,C,3,3,4,0.84,5,4.0,0,4.0,0,,4.0,0,0.04,0.0,2.388235294117647,0.0,0.0,0.0,4.0,0,36.64,48.79,146.56,0.0,1.0,36.64,0,0,
test_q4_2024,2024-10-22,841,LOJA 841,51957,HEDERA CIMED 7MG 100ML,51356,C,3,3,4,0.84,5,4.0,0,4.0,0,,4.0,0,0.04,0.0,2.388235294117647,0.0,0.0,0.0,4.0,0,36.64,48.79,146.56,0.0,1.0,36.64,0,0,
test_q4_2024,2024-10-23,841,LOJA 841,51957,HEDERA CIMED 7MG 100ML,51356,C,3,3,4,0.84,5,4.0,0,4.0,0,,4.0,0,0.0,0.0,2.388235294117647,0.0,0.0,0.0,4.0,0,36.64,48.79,146.56,0.0,1.0,36.64,0,0,
test_q4_2024,2024-10-24,841,LOJA 841,51957,HEDERA CIMED 7MG 100ML,51356,C,3,3,4,0.84,5,4.0,0,4.0,0,,4.0,0,0.0,0.0,2.388235294117647,0.0,0.0,0.0,4.0,0,36.64,48.79,146.56,0.0,1.0,36.64,0,0,
test_q4_2024,2024-10-25,841,LOJA 841,51957,HEDERA CIMED 7MG 100ML,51356,C,3,3,4,0.84,5,4.0,0,4.0,0,,4.0,0,0.0,0.0,2.388235294117647,0.0,0.0,0.0,4.0,0,36.64,48.79,146.56,0.0,1.0,36.64,0,0,
test_q4_2024,2024-10-26,841,LOJA 841,51957,HEDERA CIMED 7MG 100ML,51356,C,3,3,4,0.84,5,4.0,0,4.0,0,,4.0,0,0.0,0.0,2.388235294117647,0.0,0.0,0.0,4.0,0,36.64,48.79,146.56,0.0,1.0,36.64,0,0,
test_q4_2024,2024-10-27,841,LOJA 841,51957,HEDERA CIMED 7MG 100ML,51356,C,3,3,4,0.84,5,4.0,0,4.0,0,,4.0,0,0.0,0.0,2.388235294117647,0.0,0.0,0.0,4.0,0,36.64,48.79,146.56,0.0,,,0,0,
test_q4_2024,2024-10-28,841,LOJA 841,51957,HEDERA CIMED 7MG 100ML,51356,C,3,3,4,0.84,5,4.0,0,4.0,0,,4.0,0,0.0,0.0,2.388235294117647,0.0,0.0,0.0,4.0,0,36.64,48.79,146.56,0.0,1.0,36.64,0,0,
test_q4_2024,2024-10-29,841,LOJA 841,51957,HEDERA CIMED 7MG 100ML,51356,C,3,3,4,0.84,5,4.0,0,4.0,0,,4.0,0,0.0,0.0,2.388235294117647,0.0,0.0,0.0,4.0,0,36.64,48.79,146.56,0.0,1.0,36.64,0,0,
test_q4_2024,2024-10-30,841,LOJA 841,51957,HEDERA CIMED 7MG 100ML,51356,C,3,3,4,0.84,5,4.0,0,4.0,0,,4.0,0,0.0,0.0,2.388235294117647,0.0,0.0,0.0,4.0,0,36.64,48.79,146.56,0.0,1.0,36.64,0,0,
test_q4_2024,2024-10-31,841,LOJA 841,51957,HEDERA CIMED 7MG 100ML,51356,C,3,3,4,0.84,5,4.0,0,4.0,0,,4.0,0,0.0,0.0,2.388235294117647,0.0,0.0,0.0,4.0,0,36.64,48.79,146.56,0.0,1.0,36.64,0,0,
test_q4_2024,2024-11-01,841,LOJA 841,51957,HEDERA CIMED 7MG 100ML,51356,C,3,3,4,0.84,5,4.0,0,4.0,0,,4.0,0,0.0,0.0,2.388235294117647,0.0,0.0,0.0,4.0,0,36.64,48.79,146.56,0.0,1.0,36.64,0,0,
test_q4_2024,2024-11-02,841,LOJA 841,51957,HEDERA CIMED 7MG 100ML,51356,C,3,3,4,0.84,5,4.0,0,4.0,0,,4.0,0,0.0,0.0,2.388235294117647,0.0,0.0,0.0,4.0,0,36.64,48.79,146.56,0.0,1.0,36.64,0,0,
test_q4_2024,2024-11-03,841,LOJA 841,51957,HEDERA CIMED 7MG 100ML,51356,C,3,3,4,0.84,5,4.0,0,4.0,0,,4.0,0,0.0,0.0,2.388235294117647,0.0,0.0,0.0,4.0,0,36.64,48.79,146.56,0.0,,,0,0,
test_q4_2024,2024-11-04,841,LOJA 841,51957,HEDERA CIMED 7MG 100ML,51356,C,3,3,4,0.84,5,4.0,0,4.0,0,,4.0,0,0.0,0.0,2.388235294117647,0.0,0.0,0.0,4.0,0,36.64,48.79,146.56,0.0,1.0,36.64,0,0,
test_q4_2024,2024-11-05,841,LOJA 841,51957,HEDERA CIMED 7MG 100ML,51356,C,3,3,4,0.84,5,4.0,0,4.0,0,,4.0,0,0.0,0.0,2.388235294117647,0.0,0.0,0.0,4.0,0,36.64,48.79,146.56,0.0,1.0,36.64,0,0,
test_q4_2024,2024-11-06,841,LOJA 841,51957,HEDERA CIMED 7MG 100ML,51356,C,3,3,4,0.84,5,4.0,0,4.0,0,,4.0,0,0.0,0.0,2.388235294117647,0.0,0.0,0.0,4.0,0,36.64,48.79,146.56,0.0,1.0,36.64,0,0,
test_q4_2024,2024-11-07,841,LOJA 841,51957,HEDERA CIMED 7MG 100ML,51356,C,3,3,4,0.84,5,4.0,0,4.0,0,,4.0,0,0.0,0.0,2.388235294117647,0.0,0.0,0.0,4.0,0,36.64,48.79,146.56,0.0,1.0,36.64,0,0,
test_q4_2024,2024-11-08,841,LOJA 841,51957,HEDERA CIMED 7MG 100ML,51356,C,3,3,4,0.84,5,4.0,0,4.0,0,,4.0,0,0.0,0.0,2.388235294117647,0.0,0.0,0.0,4.0,0,36.64,48.79,146.56,0.0,1.0,36.64,0,0,
test_q4_2024,2024-11-09,841,LOJA 841,51957,HEDERA CIMED 7MG 100ML,51356,C,3,3,4,0.84,5,4.0,0,4.0,0,,4.0,0,0.0,0.0,2.388235294117647,0.0,0.0,0.0,4.0,0,36.64,48.79,146.56,0.0,1.0,36.64,0,0,
test_q4_2024,2024-11-10,841,LOJA 841,51957,HEDERA CIMED 7MG 100ML,51356,C,3,3,4,0.84,5,4.0,0,4.0,0,,4.0,0,0.0,0.0,2.388235294117647,0.0,0.0,0.0,4.0,0,36.64,48.79,146.56,0.0,,,0,0,
test_q4_2024,2024-11-11,841,LOJA 841,51957,HEDERA CIMED 7MG 100ML,51356,C,3,3,4,0.84,5,4.0,0,4.0,0,,4.0,0,0.0,0.0,2.388235294117647,0.0,0.0,0.0,4.0,0,36.64,48.79,146.56,0.0,1.0,36.64,0,0,
test_q4_2024,2024-11-12,841,LOJA 841,51957,HEDERA CIMED 7MG 100ML,51356,C,3,3,4,0.84,5,4.0,0,4.0,0,,4.0,0,0.0,0.0,2.388235294117647,0.0,0.0,0.0,4.0,0,36.64,48.79,146.56,0.0,1.0,36.64,0,0,
test_q4_2024,2024-11-13,841,LOJA 841,51957,HEDERA CIMED 7MG 100ML,51356,C,3,3,4,0.84,5,4.0,0,4.0,0,,4.0,0,0.0,0.0,2.388235294117647,0.0,0.0,0.0,4.0,0,36.64,48.79,146.56,0.0,1.0,36.64,0,0,
test_q4_2024,2024-11-14,841,LOJA 841,51957,HEDERA CIMED 7MG 100ML,51356,C,3,3,4,0.84,5,4.0,0,4.0,0,,4.0,0,0.0,0.0,2.388235294117647,0.0,0.0,0.0,4.0,0,36.64,48.79,146.56,0.0,1.0,36.64,0,0,
test_q4_2024,2024-11-15,841,LOJA 841,51957,HEDERA CIMED 7MG 100ML,51356,C,3,3,4,0.84,5,4.0,0,4.0,0,,4.0,0,0.0,0.0,2.388235294117647,0.0,0.0,0.0,4.0,0,36.64,48.79,146.56,0.0,1.0,36.64,0,0,
test_q4_2024,2024-11-16,841,LOJA 841,51957,HEDERA CIMED 7MG 100ML,51356,C,3,3,4,0.84,5,4.0,0,4.0,0,,4.0,0,0.0,0.0,2.388235294117647,0.0,0.0,0.0,4.0,0,36.64,48.79,146.56,0.0,1.0,36.64,0,0,
test_q4_2024,2024-11-17,841,LOJA 841,51957,HEDERA CIMED 7MG 100ML,51356,C,3,3,4,0.84,5,4.0,0,4.0,0,,4.0,0,0.0,0.0,2.388235294117647,0.0,0.0,0.0,4.0,0,36.64,48.79,146.56,0.0,,,0,0,
test_q4_2024,2024-11-18,841,LOJA 841,51957,HEDERA CIMED 7MG 100ML,51356,C,3,3,4,0.84,5,4.0,0,4.0,0,,4.0,0,0.0,0.0,2.388235294117647,0.0,0.0,0.0,4.0,0,36.64,48.79,146.56,0.0,1.0,36.64,0,0,
test_q4_2024,2024-11-19,841,LOJA 841,51957,HEDERA CIMED 7MG 100ML,51356,C,3,3,4,0.84,5,4.0,0,4.0,0,,4.0,0,0.0,0.0,2.388235294117647,0.0,0.0,0.0,4.0,0,36.64,48.79,146.56,0.0,1.0,36.64,0,0,
test_q4_2024,2024-11-20,841,LOJA 841,51957,HEDERA CIMED 7MG 100ML,51356,C,3,3,4,0.84,5,4.0,0,4.0,0,,4.0,0,0.0,0.0,2.388235294117647,0.0,0.0,0.0,4.0,0,36.64,48.79,146.56,0.0,1.0,36.64,0,0,
test_q4_2024,2024-11-21,841,LOJA 841,51957,HEDERA CIMED 7MG 100ML,51356,C,3,3,4,0.84,5,4.0,0,4.0,0,,4.0,0,0.0,0.0,2.388235294117647,0.0,0.0,0.0,4.0,0,36.64,48.79,146.56,0.0,1.0,36.64,0,0,
test_q4_2024,2024-11-22,841,LOJA 841,51957,HEDERA CIMED 7MG 100ML,51356,C,3,3,4,0.84,5,4.0,0,4.0,0,,4.0,0,0.0,0.0,2.388235294117647,0.0,0.0,0.0,4.0,0,36.64,48.79,146.56,0.0,1.0,36.64,0,0,
test_q4_2024,2024-11-23,841,LOJA 841,51957,HEDERA CIMED 7MG 100ML,51356,C,3,3,4,0.84,5,4.0,0,4.0,0,,4.0,0,0.0,0.0,2.388235294117647,0.0,0.0,0.0,4.0,0,36.64,48.79,146.56,0.0,1.0,36.64,0,0,
test_q4_2024,2024-11-24,841,LOJA 841,51957,HEDERA CIMED 7MG 100ML,51356,C,3,3,4,0.84,5,4.0,0,4.0,0,,4.0,0,0.0,0.0,2.388235294117647,0.0,0.0,0.0,4.0,0,36.64,48.79,146.56,0.0,,,0,0,
test_q4_2024,2024-11-25,841,LOJA 841,51957,HEDERA CIMED 7MG 100ML,51356,C,3,3,4,0.84,5,4.0,0,4.0,0,,4.0,0,0.0,0.0,2.388235294117647,0.0,0.0,0.0,4.0,0,36.64,48.79,146.56,0.0,1.0,36.64,0,0,
test_q4_2024,2024-11-26,841,LOJA 841,51957,HEDERA CIMED 7MG 100ML,51356,C,3,3,4,0.84,5,4.0,0,4.0,0,,4.0,0,0.0,0.0,2.388235294117647,0.0,0.0,0.0,4.0,0,36.64,48.79,146.56,0.0,1.0,36.64,0,0,
test_q4_2024,2024-11-27,841,LOJA 841,51957,HEDERA CIMED 7MG 100ML,51356,C,3,3,4,0.84,5,4.0,0,4.0,0,,4.0,0,0.0,0.0,2.388235294117647,0.0,0.0,0.0,4.0,0,36.64,48.79,146.56,0.0,1.0,36.64,0,0,
test_q4_2024,2024-11-28,841,LOJA 841,51957,HEDERA CIMED 7MG 100ML,51356,C,3,3,4,0.84,5,4.0,0,4.0,0,,4.0,0,0.0,0.0,2.388235294117647,0.0,0.0,0.0,4.0,0,36.64,48.79,146.56,0.0,1.0,36.64,0,0,
test_q4_2024,2024-11-29,841,LOJA 841,51957,HEDERA CIMED 7MG 100ML,51356,C,3,3,4,0.84,5,4.0,0,4.0,0,,4.0,0,0.0,0.0,2.388235294117647,0.0,0.0,0.0,4.0,0,36.64,48.79,146.56,0.0,1.0,36.64,0,0,
test_q4_2024,2024-11-30,841,LOJA 841,51957,HEDERA CIMED 7MG 100ML,51356,C,3,3,4,0.84,5,4.0,0,4.0,0,,4.0,0,0.0,0.0,2.388235294117647,0.0,0.0,0.0,4.0,0,36.64,48.79,146.56,0.0,1.0,36.64,0,0,
test_q4_2024,2024-12-01,841,LOJA 841,51957,HEDERA CIMED 7MG 100ML,51356,C,3,3,4,0.84,5,4.0,0,4.0,0,,4.0,0,0.0,0.0,2.388235294117647,0.0,0.0,0.0,4.0,0,36.64,48.79,146.56,0.0,,,0,0,
test_q4_2024,2024-12-02,841,LOJA 841,51957,HEDERA CIMED 7MG 100ML,51356,C,3,3,4,0.84,5,4.0,0,4.0,0,,4.0,0,0.0,0.0,2.388235294117647,0.0,0.0,0.0,4.0,0,36.64,48.79,146.56,0.0,1.0,36.64,0,0,
test_q4_2024,2024-12-03,841,LOJA 841,51957,HEDERA CIMED 7MG 100ML,51356,C,3,3,4,0.84,5,4.0,0,4.0,0,,4.0,0,0.0,0.0,2.388235294117647,0.0,0.0,0.0,4.0,0,36.64,48.79,146.56,0.0,1.0,36.64,0,0,
test_q4_2024,2024-12-04,841,LOJA 841,51957,HEDERA CIMED 7MG 100ML,51356,C,3,3,4,0.84,5,4.0,0,4.0,0,,4.0,0,0.0,0.0,2.388235294117647,0.0,0.0,0.0,4.0,0,36.64,48.79,146.56,0.0,1.0,36.64,0,0,
test_q4_2024,2024-12-05,841,LOJA 841,51957,HEDERA CIMED 7MG 100ML,51356,C,3,3,4,0.84,5,4.0,0,4.0,0,,4.0,0,0.0,0.0,2.388235294117647,0.0,0.0,0.0,4.0,0,36.64,48.79,146.56,0.0,1.0,36.64,0,0,
test_q4_2024,2024-12-06,841,LOJA 841,51957,HEDERA CIMED 7MG 100ML,51356,C,3,3,4,0.84,5,4.0,0,4.0,0,,4.0,0,0.0,0.0,2.388235294117647,0.0,0.0,0.0,4.0,0,36.64,48.79,146.56,0.0,1.0,36.64,0,0,
test_q4_2024,2024-12-07,841,LOJA 841,51957,HEDERA CIMED 7MG 100ML,51356,C,3,3,4,0.84,5,4.0,0,4.0,0,,4.0,0,0.0,0.0,2.388235294117647,0.0,0.0,0.0,4.0,0,36.64,48.79,146.56,0.0,1.0,36.64,0,0,
test_q4_2024,2024-12-08,841,LOJA 841,51957,HEDERA CIMED 7MG 100ML,51356,C,3,3,4,0.84,5,4.0,0,4.0,0,,4.0,0,0.0,0.0,2.388235294117647,0.0,0.0,0.0,4.0,0,36.64,48.79,146.56,0.0,,,0,0,
test_q4_2024,2024-12-09,841,LOJA 841,51957,HEDERA CIMED 7MG 100ML,51356,C,3,3,4,0.84,5,4.0,0,4.0,0,,4.0,0,0.0,0.0,2.388235294117647,0.0,0.0,0.0,4.0,0,36.64,48.79,146.56,0.0,1.0,36.64,0,0,
test_q4_2024,2024-12-10,841,LOJA 841,51957,HEDERA CIMED 7MG 100ML,51356,C,3,3,4,0.84,5,4.0,0,4.0,0,,4.0,0,0.0,0.0,2.388235294117647,0.0,0.0,0.0,4.0,0,36.64,48.79,146.56,0.0,1.0,36.64,0,0,
test_q4_2024,2024-12-11,841,LOJA 841,51957,HEDERA CIMED 7MG 100ML,51356,C,3,3,4,0.84,5,4.0,0,4.0,0,,4.0,0,0.0,0.0,2.388235294117647,0.0,0.0,0.0,4.0,0,36.64,48.79,146.56,0.0,1.0,36.64,0,0,
test_q4_2024,2024-12-12,841,LOJA 841,51957,HEDERA CIMED 7MG 100ML,51356,C,3,3,4,0.84,5,4.0,0,4.0,0,,4.0,0,0.0,0.0,2.388235294117647,0.0,0.0,0.0,4.0,0,36.64,48.79,146.56,0.0,1.0,36.64,0,0,
test_q4_2024,2024-12-13,841,LOJA 841,51957,HEDERA CIMED 7MG 100ML,51356,C,3,3,4,0.84,5,4.0,0,4.0,0,,4.0,0,0.0,0.0,2.388235294117647,0.0,0.0,0.0,4.0,0,36.64,48.79,146.56,0.0,1.0,36.64,0,0,
test_q4_2024,2024-12-14,841,LOJA 841,51957,HEDERA CIMED 7MG 100ML,51356,C,3,3,4,0.84,5,4.0,0,4.0,0,,4.0,0,0.0,0.0,2.388235294117647,0.0,0.0,0.0,4.0,0,36.64,48.79,146.56,0.0,1.0,36.64,0,0,
test_q4_2024,2024-12-15,841,LOJA 841,51957,HEDERA CIMED 7MG 100ML,51356,C,3,3,4,0.84,5,4.0,0,4.0,0,,4.0,0,0.0,0.0,2.388235294117647,0.0,0.0,0.0,4.0,0,36.64,48.79,146.56,0.0,,,0,0,
test_q4_2024,2024-12-16,841,LOJA 841,51957,HEDERA CIMED 7MG 100ML,51356,C,3,3,4,0.84,5,4.0,0,4.0,0,,4.0,0,0.0,0.0,2.388235294117647,0.0,0.0,0.0,4.0,0,36.64,48.79,146.56,0.0,1.0,36.64,0,0,
test_q4_2024,2024-12-17,841,LOJA 841,51957,HEDERA CIMED 7MG 100ML,51356,C,3,3,4,0.84,5,4.0,0,4.0,0,,4.0,0,0.0,0.0,2.388235294117647,0.0,0.0,0.0,4.0,0,36.64,48.79,146.56,0.0,1.0,36.64,0,0,
test_q4_2024,2024-12-18,841,LOJA 841,51957,HEDERA CIMED 7MG 100ML,51356,C,3,3,4,0.84,5,4.0,0,4.0,0,,4.0,0,0.0,0.0,2.388235294117647,0.0,0.0,0.0,4.0,0,36.64,48.79,146.56,0.0,1.0,36.64,0,0,
test_q4_2024,2024-12-19,841,LOJA 841,51957,HEDERA CIMED 7MG 100ML,51356,C,3,3,4,0.84,5,4.0,0,4.0,0,,4.0,0,0.0,0.0,2.388235294117647,0.0,0.0,0.0,4.0,0,36.64,48.79,146.56,0.0,1.0,36.64,0,0,
test_q4_2024,2024-12-20,841,LOJA 841,51957,HEDERA CIMED 7MG 100ML,51356,C,3,3,4,0.84,5,4.0,0,4.0,0,,4.0,0,0.0,0.0,2.388235294117647,0.0,0.0,0.0,4.0,0,36.64,48.79,146.56,0.0,1.0,36.64,0,0,
test_q4_2024,2024-12-21,841,LOJA 841,51957,HEDERA CIMED 7MG 100ML,51356,C,3,3,4,0.84,5,4.0,0,4.0,0,,4.0,0,0.0,0.0,2.388235294117647,0.0,0.0,0.0,4.0,0,36.64,48.79,146.56,0.0,1.0,36.64,0,0,
test_q4_2024,2024-12-22,841,LOJA 841,51957,HEDERA CIMED 7MG 100ML,51356,C,3,3,4,0.84,5,4.0,0,4.0,0,,4.0,0,0.0,0.0,2.388235294117647,0.0,0.0,0.0,4.0,0,36.64,48.79,146.56,0.0,,,0,0,
test_q4_2024,2024-12-23,841,LOJA 841,51957,HEDERA CIMED 7MG 100ML,51356,C,3,3,4,0.84,5,4.0,0,4.0,0,,4.0,0,0.0,0.0,2.388235294117647,0.0,0.0,0.0,4.0,0,36.64,48.79,146.56,0.0,1.0,36.64,0,0,
test_q4_2024,2024-12-24,841,LOJA 841,51957,HEDERA CIMED 7MG 100ML,51356,C,3,3,4,0.84,5,4.0,0,4.0,0,,4.0,0,0.0,0.0,2.388235294117647,0.0,0.0,0.0,4.0,0,36.64,48.79,146.56,0.0,1.0,36.64,0,0,
test_q4_2024,2024-12-25,841,LOJA 841,51957,HEDERA CIMED 7MG 100ML,51356,C,3,3,4,0.84,5,4.0,0,4.0,0,,4.0,0,0.0,0.0,2.388235294117647,0.0,0.0,0.0,4.0,0,36.64,48.79,146.56,0.0,1.0,36.64,0,0,
test_q4_2024,2024-12-26,841,LOJA 841,51957,HEDERA CIMED 7MG 100ML,51356,C,3,3,4,0.84,5,4.0,0,4.0,0,,4.0,0,0.0,0.0,2.388235294117647,0.0,0.0,0.0,4.0,0,36.64,48.79,146.56,0.0,1.0,36.64,0,0,
test_q4_2024,2024-12-27,841,LOJA 841,51957,HEDERA CIMED 7MG 100ML,51356,C,3,3,4,0.84,5,4.0,0,4.0,0,,4.0,0,0.0,0.0,2.388235294117647,0.0,0.0,0.0,4.0,0,36.64,48.79,146.56,0.0,1.0,36.64,0,0,
test_q4_2024,2024-12-28,841,LOJA 841,51957,HEDERA CIMED 7MG 100ML,51356,C,3,3,4,0.84,5,4.0,0,4.0,0,,4.0,0,0.0,0.0,2.388235294117647,0.0,0.0,0.0,4.0,0,36.64,48.79,146.56,0.0,1.0,36.64,0,0,
test_q4_2024,2024-12-29,841,LOJA 841,51957,HEDERA CIMED 7MG 100ML,51356,C,3,3,4,0.84,5,4.0,0,4.0,0,,4.0,0,0.0,0.0,2.388235294117647,0.0,0.0,0.0,4.0,0,36.64,48.79,146.56,0.0,,,0,0,
test_q4_2024,2024-12-30,841,LOJA 841,51957,HEDERA CIMED 7MG 100ML,51356,C,3,3,4,0.84,5,4.0,0,4.0,0,,4.0,0,0.0,0.0,2.388235294117647,0.0,0.0,0.0,4.0,0,36.64,48.79,146.56,0.0,1.0,36.64,0,0,
test_q4_2024,2024-12-31,841,LOJA 841,51957,HEDERA CIMED 7MG 100ML,51356,C,3,3,4,0.84,5,4.0,0,4.0,0,,4.0,0,0.0,0.0,2.388235294117647,0.0,0.0,0.0,4.0,0,36.64,48.79,146.56,0.0,1.0,36.64,0,0,
test_q4_2024,2024-10-01,841,LOJA 841,5345,NARIDRIN ADULTO 15ML,173,C,3,3,4,0.84,5,4.0,0,4.0,0,,4.0,0,0.0865,0.1856,1.7788461538461537,0.0,0.0,0.0,4.0,0,18.19,15.1,72.76,0.0,4.0,72.76,0,0,
test_q4_2024,2024-10-02,841,LOJA 841,5345,NARIDRIN ADULTO 15ML,173,C,3,3,4,0.84,5,4.0,0,4.0,0,,4.0,0,0.0427,0.1856,1.7788461538461537,0.0,0.0,0.0,4.0,0,18.19,15.1,72.76,0.0,6.0,109.14000000000001,0,0,
test_q4_2024,2024-10-03,841,LOJA 841,5345,NARIDRIN ADULTO 15ML,173,C,3,3,4,0.84,5,4.0,0,4.0,0,,4.0,0,0.0427,0.1856,1.7788461538461537,0.0,0.0,0.0,4.0,0,18.19,15.1,72.76,0.0,6.0,109.14000000000001,0,0,
test_q4_2024,2024-10-04,841,LOJA 841,5345,NARIDRIN ADULTO 15ML,173,C,3,3,4,0.84,5,4.0,0,4.0,0,,4.0,0,0.0427,0.1856,1.7788461538461537,0.0,0.0,0.0,4.0,0,18.19,15.1,72.76,0.0,6.0,109.14000000000001,0,0,
test_q4_2024,2024-10-05,841,LOJA 841,5345,NARIDRIN ADULTO 15ML,173,C,3,3,4,0.84,5,4.0,0,4.0,0,,4.0,0,0.0427,0.1856,1.7788461538461537,0.0,0.0,0.0,4.0,0,18.19,15.1,72.76,0.0,6.0,109.14000000000001,0,0,
test_q4_2024,2024-10-06,841,LOJA 841,5345,NARIDRIN ADULTO 15ML,173,C,3,3,4,0.84,5,4.0,0,4.0,0,,4.0,0,0.0998,0.1856,1.7788461538461537,0.0,0.0,0.0,4.0,0,18.19,15.1,72.76,0.0,,,0,0,
test_q4_2024,2024-10-07,841,LOJA 841,5345,NARIDRIN ADULTO 15ML,173,C,3,3,4,0.84,5,4.0,0,4.0,0,,4.0,0,0.0561,0.1856,1.7788461538461537,0.0,0.0,0.0,4.0,0,18.19,15.1,72.76,0.0,6.0,109.14000000000001,0,0,
test_q4_2024,2024-10-08,841,LOJA 841,5345,NARIDRIN ADULTO 15ML,173,C,3,3,4,0.84,5,4.0,0,4.0,0,,4.0,0,0.0998,0.1856,1.7788461538461537,0.0,0.0,0.0,4.0,0,18.19,15.1,72.76,0.0,6.0,109.14000000000001,0,0,
test_q4_2024,2024-10-09,841,LOJA 841,5345,NARIDRIN ADULTO 15ML,173,C,3,3,4,0.84,5,4.0,0,4.0,0,,4.0,0,0.0561,0.1856,1.7788461538461537,0.0,0.0,0.0,4.0,0,18.19,15.1,72.76,0.0,6.0,109.14000000000001,0,0,
test_q4_2024,2024-10-10,841,LOJA 841,5345,NARIDRIN ADULTO 15ML,173,C,3,3,4,0.84,5,4.0,0,4.0,0,,4.0,0,0.0561,0.1856,1.7788461538461537,0.0,0.0,0.0,4.0,0,18.19,15.1,72.76,0.0,6.0,109.14000000000001,0,0,
test_q4_2024,2024-10-11,841,LOJA 841,5345,NARIDRIN ADULTO 15ML,173,C,3,3,4,0.84,5,4.0,0,4.0,0,,4.0,0,0.0561,0.1856,1.7788461538461537,0.0,0.0,0.0,4.0,0,18.19,15.1,72.76,0.0,6.0,109.14000000000001,0,0,
test_q4_2024,2024-10-12,841,LOJA 841,5345,NARIDRIN ADULTO 15ML,173,C,3,3,4,0.84,5,4.0,0,4.0,0,,4.0,0,0.0561,0.1856,1.7788461538461537,0.0,0.0,0.0,4.0,0,18.19,15.1,72.76,0.0,6.0,109.14000000000001,0,0,
test_q4_2024,2024-10-13,841,LOJA 841,5345,NARIDRIN ADULTO 15ML,173,C,3,3,4,0.84,5,4.0,0,4.0,0,,4.0,0,0.0998,0.1856,1.7788461538461537,1.0,1.0,0.0,3.0,0,18.19,15.1,54.57,0.0,,,0,0,
test_q4_2024,2024-10-14,841,LOJA 841,5345,NARIDRIN ADULTO 15ML,173,C,3,3,4,0.84,5,3.0,0,3.0,1,2024-10-17,4.0,1,0.0561,0.1856,1.7788461538461537,0.0,0.0,0.0,3.0,0,18.19,15.1,54.57,5.56,5.0,90.95,0,0,
test_q4_2024,2024-10-15,841,LOJA 841,5345,NARIDRIN ADULTO 15ML,173,C,3,3,4,0.84,5,3.0,0,4.0,0,,4.0,1,0.0998,0.1856,1.7788461538461537,0.0,0.0,0.0,3.0,0,18.19,15.1,54.57,0.0,5.0,90.95,0,0,
test_q4_2024,2024-10-16,841,LOJA 841,5345,NARIDRIN ADULTO 15ML,173,C,3,3,4,0.84,5,3.0,0,4.0,0,,4.0,1,0.0561,0.1856,1.7788461538461537,0.0,0.0,0.0,3.0,0,18.19,15.1,54.57,0.0,5.0,90.95,0,0,
test_q4_2024,2024-10-17,841,LOJA 841,5345,NARIDRIN ADULTO 15ML,173,C,3,3,4,0.84,5,4.0,1,4.0,0,,4.0,0,0.0561,0.1856,1.7788461538461537,0.0,0.0,0.0,4.0,0,18.19,15.1,72.76,0.0,5.0,90.95,0,0,
test_q4_2024,2024-10-18,841,LOJA 841,5345,NARIDRIN ADULTO 15ML,173,C,3,3,4,0.84,5,4.0,0,4.0,0,,4.0,0,0.0561,0.1856,1.7788461538461537,0.0,0.0,0.0,4.0,0,18.19,15.1,72.76,0.0,6.0,109.14000000000001,0,0,
test_q4_2024,2024-10-19,841,LOJA 841,5345,NARIDRIN ADULTO 15ML,173,C,3,3,4,0.84,5,4.0,0,4.0,0,,4.0,0,0.0561,0.1856,1.7788461538461537,0.0,0.0,0.0,4.0,0,18.19,15.1,72.76,0.0,6.0,109.14000000000001,0,0,
test_q4_2024,2024-10-20,841,LOJA 841,5345,NARIDRIN ADULTO 15ML,173,C,3,3,4,0.84,5,4.0,0,4.0,0,,4.0,0,0.0998,0.1856,1.7788461538461537,0.0,0.0,0.0,4.0,0,18.19,15.1,72.76,0.0,,,0,0,
test_q4_2024,2024-10-21,841,LOJA 841,5345,NARIDRIN ADULTO 15ML,173,C,3,3,4,0.84,5,4.0,0,4.0,0,,4.0,0,0.0161,0.1856,1.7788461538461537,1.0,1.0,0.0,3.0,0,18.19,15.1,54.57,0.0,6.0,109.14000000000001,0,0,
test_q4_2024,2024-10-22,841,LOJA 841,5345,NARIDRIN ADULTO 15ML,173,C,3,3,4,0.84,5,3.0,0,3.0,1,2024-10-25,4.0,1,0.0598,0.1856,1.7788461538461537,0.0,0.0,0.0,3.0,0,18.19,15.1,54.57,5.56,5.0,90.95,0,0,
test_q4_2024,2024-10-23,841,LOJA 841,5345,NARIDRIN ADULTO 15ML,173,C,3,3,4,0.84,5,3.0,0,4.0,0,,4.0,1,0.0161,0.1856,1.7788461538461537,0.0,0.0,0.0,3.0,0,18.19,15.1,54.57,0.0,5.0,90.95,0,0,
test_q4_2024,2024-10-24,841,LOJA 841,5345,NARIDRIN ADULTO 15ML,173,C,3,3,4,0.84,5,3.0,0,4.0,0,,4.0,1,0.0161,0.1856,1.7788461538461537,0.0,0.0,0.0,3.0,0,18.19,15.1,54.57,0.0,5.0,90.95,0,0,
test_q4_2024,2024-10-25,841,LOJA 841,5345,NARIDRIN ADULTO 15ML,173,C,3,3,4,0.84,5,4.0,1,4.0,0,,4.0,0,0.0161,0.1856,1.7788461538461537,1.0,1.0,0.0,3.0,0,18.19,15.1,54.57,0.0,5.0,90.95,0,0,
test_q4_2024,2024-10-26,841,LOJA 841,5345,NARIDRIN ADULTO 15ML,173,C,3,3,4,0.84,5,3.0,0,3.0,1,2024-10-29,4.0,1,0.0294,0.1856,1.7788461538461537,0.0,0.0,0.0,3.0,0,18.19,15.1,54.57,5.56,5.0,90.95,0,0,
test_q4_2024,2024-10-27,841,LOJA 841,5345,NARIDRIN ADULTO 15ML,173,C,3,3,4,0.84,5,3.0,0,4.0,0,,4.0,1,0.0732,0.1856,1.7788461538461537,0.0,0.0,0.0,3.0,0,18.19,15.1,54.57,0.0,,,0,0,
test_q4_2024,2024-10-28,841,LOJA 841,5345,NARIDRIN ADULTO 15ML,173,C,3,3,4,0.84,5,3.0,0,4.0,0,,4.0,1,0.0294,0.1856,1.7788461538461537,0.0,0.0,0.0,3.0,0,18.19,15.1,54.57,0.0,5.0,90.95,0,0,
test_q4_2024,2024-10-29,841,LOJA 841,5345,NARIDRIN ADULTO 15ML,173,C,3,3,4,0.84,5,4.0,1,4.0,0,,4.0,0,0.0732,0.1856,1.7788461538461537,0.0,0.0,0.0,4.0,0,18.19,15.1,72.76,0.0,5.0,90.95,0,0,
test_q4_2024,2024-10-30,841,LOJA 841,5345,NARIDRIN ADULTO 15ML,173,C,3,3,4,0.84,5,4.0,0,4.0,0,,4.0,0,0.0294,0.1856,1.7788461538461537,0.0,0.0,0.0,4.0,0,18.19,15.1,72.76,0.0,5.0,90.95,0,0,
test_q4_2024,2024-10-31,841,LOJA 841,5345,NARIDRIN ADULTO 15ML,173,C,3,3,4,0.84,5,4.0,0,4.0,0,,4.0,0,0.0294,0.1856,1.7788461538461537,0.0,0.0,0.0,4.0,0,18.19,15.1,72.76,0.0,6.0,109.14000000000001,0,0,
test_q4_2024,2024-11-01,841,LOJA 841,5345,NARIDRIN ADULTO 15ML,173,C,3,3,4,0.84,5,4.0,0,4.0,0,,4.0,0,0.0294,0.1856,1.7788461538461537,0.0,0.0,0.0,4.0,0,18.19,15.1,72.76,0.0,6.0,109.14000000000001,0,0,
test_q4_2024,2024-11-02,841,LOJA 841,5345,NARIDRIN ADULTO 15ML,173,C,3,3,4,0.84,5,4.0,0,4.0,0,,4.0,0,0.0294,0.1856,1.7788461538461537,0.0,0.0,0.0,4.0,0,18.19,15.1,72.76,0.0,6.0,109.14000000000001,0,0,
test_q4_2024,2024-11-03,841,LOJA 841,5345,NARIDRIN ADULTO 15ML,173,C,3,3,4,0.84,5,4.0,0,4.0,0,,4.0,0,0.0732,0.1856,1.7788461538461537,0.0,0.0,0.0,4.0,0,18.19,15.1,72.76,0.0,,,0,0,
test_q4_2024,2024-11-04,841,LOJA 841,5345,NARIDRIN ADULTO 15ML,173,C,3,3,4,0.84,5,4.0,0,4.0,0,,4.0,0,0.0294,0.1856,1.7788461538461537,0.0,0.0,0.0,4.0,0,18.19,15.1,72.76,0.0,6.0,109.14000000000001,0,0,
test_q4_2024,2024-11-05,841,LOJA 841,5345,NARIDRIN ADULTO 15ML,173,C,3,3,4,0.84,5,4.0,0,4.0,0,,4.0,0,0.0732,0.1856,1.7788461538461537,0.0,0.0,0.0,4.0,0,18.19,15.1,72.76,0.0,6.0,109.14000000000001,0,0,
test_q4_2024,2024-11-06,841,LOJA 841,5345,NARIDRIN ADULTO 15ML,173,C,3,3,4,0.84,5,4.0,0,4.0,0,,4.0,0,0.0294,0.1856,1.7788461538461537,0.0,0.0,0.0,4.0,0,18.19,15.1,72.76,0.0,6.0,109.14000000000001,0,0,
test_q4_2024,2024-11-07,841,LOJA 841,5345,NARIDRIN ADULTO 15ML,173,C,3,3,4,0.84,5,4.0,0,4.0,0,,4.0,0,0.0294,0.1856,1.7788461538461537,0.0,0.0,0.0,4.0,0,18.19,15.1,72.76,0.0,6.0,109.14000000000001,0,0,
test_q4_2024,2024-11-08,841,LOJA 841,5345,NARIDRIN ADULTO 15ML,173,C,3,3,4,0.84,5,4.0,0,4.0,0,,4.0,0,0.0294,0.1856,1.7788461538461537,0.0,0.0,0.0,4.0,0,18.19,15.1,72.76,0.0,6.0,109.14000000000001,0,0,
test_q4_2024,2024-11-09,841,LOJA 841,5345,NARIDRIN ADULTO 15ML,173,C,3,3,4,0.84,5,4.0,0,4.0,0,,4.0,0,0.0294,0.1856,1.7788461538461537,0.0,0.0,0.0,4.0,0,18.19,15.1,72.76,0.0,6.0,109.14000000000001,0,0,
test_q4_2024,2024-11-10,841,LOJA 841,5345,NARIDRIN ADULTO 15ML,173,C,3,3,4,0.84,5,4.0,0,4.0,0,,4.0,0,0.0598,0.1856,1.7788461538461537,0.0,0.0,0.0,4.0,0,18.19,15.1,72.76,0.0,,,0,0,
test_q4_2024,2024-11-11,841,LOJA 841,5345,NARIDRIN ADULTO 15ML,173,C,3,3,4,0.84,5,4.0,0,4.0,0,,4.0,0,0.0161,0.1856,1.7788461538461537,0.0,0.0,0.0,4.0,0,18.19,15.1,72.76,0.0,6.0,109.14000000000001,0,0,
test_q4_2024,2024-11-12,841,LOJA 841,5345,NARIDRIN ADULTO 15ML,173,C,3,3,4,0.84,5,4.0,0,4.0,0,,4.0,0,0.0598,0.1856,1.7788461538461537,0.0,0.0,0.0,4.0,0,18.19,15.1,72.76,0.0,6.0,109.14000000000001,0,0,
test_q4_2024,2024-11-13,841,LOJA 841,5345,NARIDRIN ADULTO 15ML,173,C,3,3,4,0.84,5,4.0,0,4.0,0,,4.0,0,0.0161,0.1856,1.7788461538461537,0.0,0.0,0.0,4.0,0,18.19,15.1,72.76,0.0,6.0,109.14000000000001,0,0,
test_q4_2024,2024-11-14,841,LOJA 841,5345,NARIDRIN ADULTO 15ML,173,C,3,3,4,0.84,5,4.0,0,4.0,0,,4.0,0,0.0161,0.1856,1.7788461538461537,0.0,0.0,0.0,4.0,0,18.19,15.1,72.76,0.0,6.0,109.14000000000001,0,0,
test_q4_2024,2024-11-15,841,LOJA 841,5345,NARIDRIN ADULTO 15ML,173,C,3,3,4,0.84,5,4.0,0,4.0,0,,4.0,0,0.0161,0.1856,1.7788461538461537,0.0,0.0,0.0,4.0,0,18.19,15.1,72.76,0.0,6.0,109.14000000000001,0,0,
test_q4_2024,2024-11-16,841,LOJA 841,5345,NARIDRIN ADULTO 15ML,173,C,3,3,4,0.84,5,4.0,0,4.0,0,,4.0,0,0.0161,0.1856,1.7788461538461537,0.0,0.0,0.0,4.0,0,18.19,15.1,72.76,0.0,6.0,109.14000000000001,0,0,
test_q4_2024,2024-11-17,841,LOJA 841,5345,NARIDRIN ADULTO 15ML,173,C,3,3,4,0.84,5,4.0,0,4.0,0,,4.0,0,0.0598,0.1856,1.7788461538461537,0.0,0.0,0.0,4.0,0,18.19,15.1,72.76,0.0,,,0,0,
test_q4_2024,2024-11-18,841,LOJA 841,5345,NARIDRIN ADULTO 15ML,173,C,3,3,4,0.84,5,4.0,0,4.0,0,,4.0,0,0.0161,0.1856,1.7788461538461537,0.0,0.0,0.0,4.0,0,18.19,15.1,72.76,0.0,6.0,109.14000000000001,0,0,
test_q4_2024,2024-11-19,841,LOJA 841,5345,NARIDRIN ADULTO 15ML,173,C,3,3,4,0.84,5,4.0,0,4.0,0,,4.0,0,0.0598,0.1856,1.7788461538461537,0.0,0.0,0.0,4.0,0,18.19,15.1,72.76,0.0,6.0,109.14000000000001,0,0,
test_q4_2024,2024-11-20,841,LOJA 841,5345,NARIDRIN ADULTO 15ML,173,C,3,3,4,0.84,5,4.0,0,4.0,0,,4.0,0,0.0161,0.1856,1.7788461538461537,0.0,0.0,0.0,4.0,0,18.19,15.1,72.76,0.0,6.0,109.14000000000001,0,0,
test_q4_2024,2024-11-21,841,LOJA 841,5345,NARIDRIN ADULTO 15ML,173,C,3,3,4,0.84,5,4.0,0,4.0,0,,4.0,0,0.0161,0.1856,1.7788461538461537,0.0,0.0,0.0,4.0,0,18.19,15.1,72.76,0.0,6.0,109.14000000000001,0,0,
test_q4_2024,2024-11-22,841,LOJA 841,5345,NARIDRIN ADULTO 15ML,173,C,3,3,4,0.84,5,4.0,0,4.0,0,,4.0,0,0.0161,0.1856,1.7788461538461537,0.0,0.0,0.0,4.0,0,18.19,15.1,72.76,0.0,6.0,109.14000000000001,0,0,
test_q4_2024,2024-11-23,841,LOJA 841,5345,NARIDRIN ADULTO 15ML,173,C,3,3,4,0.84,5,4.0,0,4.0,0,,4.0,0,0.0294,0.1856,1.7788461538461537,0.0,0.0,0.0,4.0,0,18.19,15.1,72.76,0.0,6.0,109.14000000000001,0,0,
test_q4_2024,2024-11-24,841,LOJA 841,5345,NARIDRIN ADULTO 15ML,173,C,3,3,4,0.84,5,4.0,0,4.0,0,,4.0,0,0.0732,0.1856,1.7788461538461537,1.0,1.0,0.0,3.0,0,18.19,15.1,54.57,0.0,,,0,0,
test_q4_2024,2024-11-25,841,LOJA 841,5345,NARIDRIN ADULTO 15ML,173,C,3,3,4,0.84,5,3.0,0,3.0,1,2024-11-28,4.0,1,0.0294,0.1856,1.7788461538461537,0.0,0.0,0.0,3.0,0,18.19,15.1,54.57,5.56,5.0,90.95,0,0,
test_q4_2024,2024-11-26,841,LOJA 841,5345,NARIDRIN ADULTO 15ML,173,C,3,3,4,0.84,5,3.0,0,4.0,0,,4.0,1,0.0732,0.1856,1.7788461538461537,0.0,0.0,0.0,3.0,0,18.19,15.1,54.57,0.0,5.0,90.95,0,0,
test_q4_2024,2024-11-27,841,LOJA 841,5345,NARIDRIN ADULTO 15ML,173,C,3,3,4,0.84,5,3.0,0,4.0,0,,4.0,1,0.0294,0.1856,1.7788461538461537,0.0,0.0,0.0,3.0,0,18.19,15.1,54.57,0.0,5.0,90.95,0,0,
test_q4_2024,2024-11-28,841,LOJA 841,5345,NARIDRIN ADULTO 15ML,173,C,3,3,4,0.84,5,4.0,1,4.0,0,,4.0,0,0.0294,0.1856,1.7788461538461537,0.0,0.0,0.0,4.0,0,18.19,15.1,72.76,0.0,6.0,109.14000000000001,0,0,
test_q4_2024,2024-11-29,841,LOJA 841,5345,NARIDRIN ADULTO 15ML,173,C,3,3,4,0.84,5,4.0,0,4.0,0,,4.0,0,0.0294,0.1856,1.7788461538461537,0.0,0.0,0.0,4.0,0,18.19,15.1,72.76,0.0,6.0,109.14000000000001,0,0,
test_q4_2024,2024-11-30,841,LOJA 841,5345,NARIDRIN ADULTO 15ML,173,C,3,3,4,0.84,5,4.0,0,4.0,0,,4.0,0,0.0294,0.1856,1.7788461538461537,0.0,0.0,0.0,4.0,0,18.19,15.1,72.76,0.0,6.0,109.14000000000001,0,0,
test_q4_2024,2024-12-01,841,LOJA 841,5345,NARIDRIN ADULTO 15ML,173,C,3,3,4,0.84,5,4.0,0,4.0,0,,4.0,0,0.0732,0.1856,1.7788461538461537,0.0,0.0,0.0,4.0,0,18.19,15.1,72.76,0.0,,,0,0,
test_q4_2024,2024-12-02,841,LOJA 841,5345,NARIDRIN ADULTO 15ML,173,C,3,3,4,0.84,5,4.0,0,4.0,0,,4.0,0,0.0294,0.1856,1.7788461538461537,0.0,0.0,0.0,4.0,0,18.19,15.1,72.76,0.0,6.0,109.14000000000001,0,0,
test_q4_2024,2024-12-03,841,LOJA 841,5345,NARIDRIN ADULTO 15ML,173,C,3,3,4,0.84,5,4.0,0,4.0,0,,4.0,0,0.0732,0.1856,1.7788461538461537,0.0,0.0,0.0,4.0,0,18.19,15.1,72.76,0.0,6.0,109.14000000000001,0,0,
test_q4_2024,2024-12-04,841,LOJA 841,5345,NARIDRIN ADULTO 15ML,173,C,3,3,4,0.84,5,4.0,0,4.0,0,,4.0,0,0.0294,0.1856,1.7788461538461537,0.0,0.0,0.0,4.0,0,18.19,15.1,72.76,0.0,6.0,109.14000000000001,0,0,
test_q4_2024,2024-12-05,841,LOJA 841,5345,NARIDRIN ADULTO 15ML,173,C,3,3,4,0.84,5,4.0,0,4.0,0,,4.0,0,0.0294,0.1856,1.7788461538461537,0.0,0.0,0.0,4.0,0,18.19,15.1,72.76,0.0,6.0,109.14000000000001,0,0,
test_q4_2024,2024-12-06,841,LOJA 841,5345,NARIDRIN ADULTO 15ML,173,C,3,3,4,0.84,5,4.0,0,4.0,0,,4.0,0,0.0294,0.1856,1.7788461538461537,0.0,0.0,0.0,4.0,0,18.19,15.1,72.76,0.0,6.0,109.14000000000001,0,0,
test_q4_2024,2024-12-07,841,LOJA 841,5345,NARIDRIN ADULTO 15ML,173,C,3,3,4,0.84,5,4.0,0,4.0,0,,4.0,0,0.0294,0.1856,1.7788461538461537,0.0,0.0,0.0,4.0,0,18.19,15.1,72.76,0.0,6.0,109.14000000000001,0,0,
test_q4_2024,2024-12-08,841,LOJA 841,5345,NARIDRIN ADULTO 15ML,173,C,3,3,4,0.84,5,4.0,0,4.0,0,,4.0,0,0.0598,0.1856,1.7788461538461537,0.0,0.0,0.0,4.0,0,18.19,15.1,72.76,0.0,,,0,0,
test_q4_2024,2024-12-09,841,LOJA 841,5345,NARIDRIN ADULTO 15ML,173,C,3,3,4,0.84,5,4.0,0,4.0,0,,4.0,0,0.0161,0.1856,1.7788461538461537,0.0,0.0,0.0,4.0,0,18.19,15.1,72.76,0.0,6.0,109.14000000000001,0,0,
test_q4_2024,2024-12-10,841,LOJA 841,5345,NARIDRIN ADULTO 15ML,173,C,3,3,4,0.84,5,4.0,0,4.0,0,,4.0,0,0.0598,0.1856,1.7788461538461537,0.0,0.0,0.0,4.0,0,18.19,15.1,72.76,0.0,6.0,109.14000000000001,0,0,
test_q4_2024,2024-12-11,841,LOJA 841,5345,NARIDRIN ADULTO 15ML,173,C,3,3,4,0.84,5,4.0,0,4.0,0,,4.0,0,0.0161,0.1856,1.7788461538461537,1.0,1.0,0.0,3.0,0,18.19,15.1,54.57,0.0,6.0,109.14000000000001,0,0,
test_q4_2024,2024-12-12,841,LOJA 841,5345,NARIDRIN ADULTO 15ML,173,C,3,3,4,0.84,5,3.0,0,3.0,1,2024-12-15,4.0,1,0.0161,0.1856,1.7788461538461537,0.0,0.0,0.0,3.0,0,18.19,15.1,54.57,5.56,5.0,90.95,0,0,
test_q4_2024,2024-12-13,841,LOJA 841,5345,NARIDRIN ADULTO 15ML,173,C,3,3,4,0.84,5,3.0,0,4.0,0,,4.0,1,0.0161,0.1856,1.7788461538461537,0.0,0.0,0.0,3.0,0,18.19,15.1,54.57,0.0,5.0,90.95,0,0,
test_q4_2024,2024-12-14,841,LOJA 841,5345,NARIDRIN ADULTO 15ML,173,C,3,3,4,0.84,5,3.0,0,4.0,0,,4.0,1,0.0161,0.1856,1.7788461538461537,0.0,0.0,0.0,3.0,0,18.19,15.1,54.57,0.0,5.0,90.95,0,0,
test_q4_2024,2024-12-15,841,LOJA 841,5345,NARIDRIN ADULTO 15ML,173,C,3,3,4,0.84,5,4.0,1,4.0,0,,4.0,0,0.0598,0.1856,1.7788461538461537,0.0,0.0,0.0,4.0,0,18.19,15.1,72.76,0.0,,,0,0,
test_q4_2024,2024-12-16,841,LOJA 841,5345,NARIDRIN ADULTO 15ML,173,C,3,3,4,0.84,5,4.0,0,4.0,0,,4.0,0,0.0161,0.1856,1.7788461538461537,0.0,0.0,0.0,4.0,0,18.19,15.1,72.76,0.0,5.0,90.95,0,0,
test_q4_2024,2024-12-17,841,LOJA 841,5345,NARIDRIN ADULTO 15ML,173,C,3,3,4,0.84,5,4.0,0,4.0,0,,4.0,0,0.0598,0.1856,1.7788461538461537,0.0,0.0,0.0,4.0,0,18.19,15.1,72.76,0.0,5.0,90.95,0,0,
test_q4_2024,2024-12-18,841,LOJA 841,5345,NARIDRIN ADULTO 15ML,173,C,3,3,4,0.84,5,4.0,0,4.0,0,,4.0,0,0.0161,0.1856,1.7788461538461537,0.0,0.0,0.0,4.0,0,18.19,15.1,72.76,0.0,5.0,90.95,0,0,
test_q4_2024,2024-12-19,841,LOJA 841,5345,NARIDRIN ADULTO 15ML,173,C,3,3,4,0.84,5,4.0,0,4.0,0,,4.0,0,0.0161,0.1856,1.7788461538461537,0.0,0.0,0.0,4.0,0,18.19,15.1,72.76,0.0,6.0,109.14000000000001,0,0,
test_q4_2024,2024-12-20,841,LOJA 841,5345,NARIDRIN ADULTO 15ML,173,C,3,3,4,0.84,5,4.0,0,4.0,0,,4.0,0,0.0161,0.1856,1.7788461538461537,1.0,1.0,0.0,3.0,0,18.19,15.1,54.57,0.0,6.0,109.14000000000001,0,0,
test_q4_2024,2024-12-21,841,LOJA 841,5345,NARIDRIN ADULTO 15ML,173,C,3,3,4,0.84,5,3.0,0,3.0,1,2024-12-24,4.0,1,0.0161,0.1856,1.7788461538461537,0.0,0.0,0.0,3.0,0,18.19,15.1,54.57,5.56,5.0,90.95,0,0,
test_q4_2024,2024-12-22,841,LOJA 841,5345,NARIDRIN ADULTO 15ML,173,C,3,3,4,0.84,5,3.0,0,4.0,0,,4.0,1,0.0598,0.1856,1.7788461538461537,0.0,0.0,0.0,3.0,0,18.19,15.1,54.57,0.0,,,0,0,
test_q4_2024,2024-12-23,841,LOJA 841,5345,NARIDRIN ADULTO 15ML,173,C,3,3,4,0.84,5,3.0,0,4.0,0,,4.0,1,0.0161,0.1856,1.7788461538461537,0.0,0.0,0.0,3.0,0,18.19,15.1,54.57,0.0,5.0,90.95,0,0,
test_q4_2024,2024-12-24,841,LOJA 841,5345,NARIDRIN ADULTO 15ML,173,C,3,3,4,0.84,5,4.0,1,4.0,0,,4.0,0,0.0598,0.1856,1.7788461538461537,0.0,0.0,0.0,4.0,0,18.19,15.1,72.76,0.0,5.0,90.95,0,0,
test_q4_2024,2024-12-25,841,LOJA 841,5345,NARIDRIN ADULTO 15ML,173,C,3,3,4,0.84,5,4.0,0,4.0,0,,4.0,0,0.0161,0.1856,1.7788461538461537,0.0,0.0,0.0,4.0,0,18.19,15.1,72.76,0.0,5.0,90.95,0,0,
test_q4_2024,2024-12-26,841,LOJA 841,5345,NARIDRIN ADULTO 15ML,173,C,3,3,4,0.84,5,4.0,0,4.0,0,,4.0,0,0.0161,0.1856,1.7788461538461537,0.0,0.0,0.0,4.0,0,18.19,15.1,72.76,0.0,5.0,90.95,0,0,
test_q4_2024,2024-12-27,841,LOJA 841,5345,NARIDRIN ADULTO 15ML,173,C,3,3,4,0.84,5,4.0,0,4.0,0,,4.0,0,0.0161,0.1856,1.7788461538461537,0.0,0.0,0.0,4.0,0,18.19,15.1,72.76,0.0,5.0,90.95,0,0,
test_q4_2024,2024-12-28,841,LOJA 841,5345,NARIDRIN ADULTO 15ML,173,C,3,3,4,0.84,5,4.0,0,4.0,0,,4.0,0,0.0161,0.1856,1.7788461538461537,0.0,0.0,0.0,4.0,0,18.19,15.1,72.76,0.0,5.0,90.95,0,0,
test_q4_2024,2024-12-29,841,LOJA 841,5345,NARIDRIN ADULTO 15ML,173,C,3,3,4,0.84,5,4.0,0,4.0,0,,4.0,0,0.0598,0.1856,1.7788461538461537,0.0,0.0,0.0,4.0,0,18.19,15.1,72.76,0.0,,,0,0,
test_q4_2024,2024-12-30,841,LOJA 841,5345,NARIDRIN ADULTO 15ML,173,C,3,3,4,0.84,5,4.0,0,4.0,0,,4.0,0,0.0161,0.1856,1.7788461538461537,0.0,0.0,0.0,4.0,0,18.19,15.1,72.76,0.0,5.0,90.95,0,0,
test_q4_2024,2024-12-31,841,LOJA 841,5345,NARIDRIN ADULTO 15ML,173,C,3,3,4,0.84,5,4.0,0,4.0,0,,4.0,0,0.0598,0.1856,1.7788461538461537,1.0,1.0,0.0,3.0,0,18.19,15.1,54.57,0.0,5.0,90.95,0,0,
test_q4_2024,2024-10-01,841,LOJA 841,54554,ALOFF XPE 60ML,88708,C,3,1,2,0.84,5,2.0,0,2.0,0,,2.0,0,0.0,0.0,2.5,0.0,0.0,0.0,2.0,0,33.04,37.4,66.08,0.0,,,0,0,
test_q4_2024,2024-10-02,841,LOJA 841,54554,ALOFF XPE 60ML,88708,C,3,1,2,0.84,5,2.0,0,2.0,0,,2.0,0,0.0,0.0,2.5,0.0,0.0,0.0,2.0,0,33.04,37.4,66.08,0.0,,,0,0,
test_q4_2024,2024-10-03,841,LOJA 841,54554,ALOFF XPE 60ML,88708,C,3,1,2,0.84,5,2.0,0,2.0,0,,2.0,0,0.0,0.0,2.5,0.0,0.0,0.0,2.0,0,33.04,37.4,66.08,0.0,,,0,0,
test_q4_2024,2024-10-04,841,LOJA 841,54554,ALOFF XPE 60ML,88708,C,3,1,2,0.84,5,2.0,0,2.0,0,,2.0,0,0.0,0.0,2.5,0.0,0.0,0.0,2.0,0,33.04,37.4,66.08,0.0,,,0,0,
test_q4_2024,2024-10-05,841,LOJA 841,54554,ALOFF XPE 60ML,88708,C,3,1,2,0.84,5,2.0,0,2.0,0,,2.0,0,0.0,0.0,2.5,0.0,0.0,0.0,2.0,0,33.04,37.4,66.08,0.0,,,0,0,
test_q4_2024,2024-10-06,841,LOJA 841,54554,ALOFF XPE 60ML,88708,C,3,1,2,0.84,5,2.0,0,2.0,0,,2.0,0,0.0,0.0,2.5,0.0,0.0,0.0,2.0,0,33.04,37.4,66.08,0.0,,,0,0,
test_q4_2024,2024-10-07,841,LOJA 841,54554,ALOFF XPE 60ML,88708,C,3,1,2,0.84,5,2.0,0,2.0,0,,2.0,0,0.0,0.0,2.5,0.0,0.0,0.0,2.0,0,33.04,37.4,66.08,0.0,,,0,0,
test_q4_2024,2024-10-08,841,LOJA 841,54554,ALOFF XPE 60ML,88708,C,3,1,2,0.84,5,2.0,0,2.0,0,,2.0,0,0.0,0.0,2.5,0.0,0.0,0.0,2.0,0,33.04,37.4,66.08,0.0,,,0,0,
test_q4_2024,2024-10-09,841,LOJA 841,54554,ALOFF XPE 60ML,88708,C,3,1,2,0.84,5,2.0,0,2.0,0,,2.0,0,0.0,0.0,2.5,0.0,0.0,0.0,2.0,0,33.04,37.4,66.08,0.0,,,0,0,
test_q4_2024,2024-10-10,841,LOJA 841,54554,ALOFF XPE 60ML,88708,C,3,1,2,0.84,5,2.0,0,2.0,0,,2.0,0,0.0,0.0,2.5,0.0,0.0,0.0,2.0,0,33.04,37.4,66.08,0.0,,,0,0,
test_q4_2024,2024-10-11,841,LOJA 841,54554,ALOFF XPE 60ML,88708,C,3,1,2,0.84,5,2.0,0,2.0,0,,2.0,0,0.0,0.0,2.5,0.0,0.0,0.0,2.0,0,33.04,37.4,66.08,0.0,,,0,0,
test_q4_2024,2024-10-12,841,LOJA 841,54554,ALOFF XPE 60ML,88708,C,3,1,2,0.84,5,2.0,0,2.0,0,,2.0,0,0.0,0.0,2.5,0.0,0.0,0.0,2.0,0,33.04,37.4,66.08,0.0,,,0,0,
test_q4_2024,2024-10-13,841,LOJA 841,54554,ALOFF XPE 60ML,88708,C,3,1,2,0.84,5,2.0,0,2.0,0,,2.0,0,0.0,0.0,2.5,0.0,0.0,0.0,2.0,0,33.04,37.4,66.08,0.0,,,0,0,
test_q4_2024,2024-10-14,841,LOJA 841,54554,ALOFF XPE 60ML,88708,C,3,1,2,0.84,5,2.0,0,2.0,0,,2.0,0,0.0,0.0,2.5,0.0,0.0,0.0,2.0,0,33.04,37.4,66.08,0.0,,,0,0,
test_q4_2024,2024-10-15,841,LOJA 841,54554,ALOFF XPE 60ML,88708,C,3,1,2,0.84,5,2.0,0,2.0,0,,2.0,0,0.0,0.0,2.5,0.0,0.0,0.0,2.0,0,33.04,37.4,66.08,0.0,,,0,0,
test_q4_2024,2024-10-16,841,LOJA 841,54554,ALOFF XPE 60ML,88708,C,3,1,2,0.84,5,2.0,0,2.0,0,,2.0,0,0.0,0.0,2.5,0.0,0.0,0.0,2.0,0,33.04,37.4,66.08,0.0,,,0,0,
test_q4_2024,2024-10-17,841,LOJA 841,54554,ALOFF XPE 60ML,88708,C,3,1,2,0.84,5,2.0,0,2.0,0,,2.0,0,0.0,0.0,2.5,0.0,0.0,0.0,2.0,0,33.04,37.4,66.08,0.0,,,0,0,
test_q4_2024,2024-10-18,841,LOJA 841,54554,ALOFF XPE 60ML,88708,C,3,1,2,0.84,5,2.0,0,2.0,0,,2.0,0,0.0,0.0,2.5,0.0,0.0,0.0,2.0,0,33.04,37.4,66.08,0.0,,,0,0,
test_q4_2024,2024-10-19,841,LOJA 841,54554,ALOFF XPE 60ML,88708,C,3,1,2,0.84,5,2.0,0,2.0,0,,2.0,0,0.0,0.0,2.5,0.0,0.0,0.0,2.0,0,33.04,37.4,66.08,0.0,,,0,0,
test_q4_2024,2024-10-20,841,LOJA 841,54554,ALOFF XPE 60ML,88708,C,3,1,2,0.84,5,2.0,0,2.0,0,,2.0,0,0.0,0.0,2.5,0.0,0.0,0.0,2.0,0,33.04,37.4,66.08,0.0,,,0,0,
test_q4_2024,2024-10-21,841,LOJA 841,54554,ALOFF XPE 60ML,88708,C,3,1,2,0.84,5,2.0,0,2.0,0,,2.0,0,0.0,0.0,2.5,0.0,0.0,0.0,2.0,0,33.04,37.4,66.08,0.0,,,0,0,
test_q4_2024,2024-10-22,841,LOJA 841,54554,ALOFF XPE 60ML,88708,C,3,1,2,0.84,5,2.0,0,2.0,0,,2.0,0,0.0,0.0,2.5,0.0,0.0,0.0,2.0,0,33.04,37.4,66.08,0.0,,,0,0,
test_q4_2024,2024-10-23,841,LOJA 841,54554,ALOFF XPE 60ML,88708,C,3,1,2,0.84,5,2.0,0,2.0,0,,2.0,0,0.0,0.0,2.5,0.0,0.0,0.0,2.0,0,33.04,37.4,66.08,0.0,,,0,0,
test_q4_2024,2024-10-24,841,LOJA 841,54554,ALOFF XPE 60ML,88708,C,3,1,2,0.84,5,2.0,0,2.0,0,,2.0,0,0.0,0.0,2.5,0.0,0.0,0.0,2.0,0,33.04,37.4,66.08,0.0,,,0,0,
test_q4_2024,2024-10-25,841,LOJA 841,54554,ALOFF XPE 60ML,88708,C,3,1,2,0.84,5,2.0,0,2.0,0,,2.0,0,0.0,0.0,2.5,0.0,0.0,0.0,2.0,0,33.04,37.4,66.08,0.0,,,0,0,
test_q4_2024,2024-10-26,841,LOJA 841,54554,ALOFF XPE 60ML,88708,C,3,1,2,0.84,5,2.0,0,2.0,0,,2.0,0,0.0,0.0,2.5,0.0,0.0,0.0,2.0,0,33.04,37.4,66.08,0.0,,,0,0,
test_q4_2024,2024-10-27,841,LOJA 841,54554,ALOFF XPE 60ML,88708,C,3,1,2,0.84,5,2.0,0,2.0,0,,2.0,0,0.0,0.0,2.5,0.0,0.0,0.0,2.0,0,33.04,37.4,66.08,0.0,,,0,0,
test_q4_2024,2024-10-28,841,LOJA 841,54554,ALOFF XPE 60ML,88708,C,3,1,2,0.84,5,2.0,0,2.0,0,,2.0,0,0.0,0.0,2.5,0.0,0.0,0.0,2.0,0,33.04,37.4,66.08,0.0,,,0,0,
test_q4_2024,2024-10-29,841,LOJA 841,54554,ALOFF XPE 60ML,88708,C,3,1,2,0.84,5,2.0,0,2.0,0,,2.0,0,0.0,0.0,2.5,0.0,0.0,0.0,2.0,0,33.04,37.4,66.08,0.0,,,0,0,
test_q4_2024,2024-10-30,841,LOJA 841,54554,ALOFF XPE 60ML,88708,C,3,1,2,0.84,5,2.0,0,2.0,0,,2.0,0,0.0,0.0,2.5,0.0,0.0,0.0,2.0,0,33.04,37.4,66.08,0.0,,,0,0,
test_q4_2024,2024-10-31,841,LOJA 841,54554,ALOFF XPE 60ML,88708,C,3,1,2,0.84,5,2.0,0,2.0,0,,2.0,0,0.0,0.0,2.5,0.0,0.0,0.0,2.0,0,33.04,37.4,66.08,0.0,,,0,0,
test_q4_2024,2024-11-01,841,LOJA 841,54554,ALOFF XPE 60ML,88708,C,3,1,2,0.84,5,2.0,0,2.0,0,,2.0,0,0.0,0.0,2.5,0.0,0.0,0.0,2.0,0,33.04,37.4,66.08,0.0,,,0,0,
test_q4_2024,2024-11-02,841,LOJA 841,54554,ALOFF XPE 60ML,88708,C,3,1,2,0.84,5,2.0,0,2.0,0,,2.0,0,0.0,0.0,2.5,0.0,0.0,0.0,2.0,0,33.04,37.4,66.08,0.0,,,0,0,
test_q4_2024,2024-11-03,841,LOJA 841,54554,ALOFF XPE 60ML,88708,C,3,1,2,0.84,5,2.0,0,2.0,0,,2.0,0,0.0,0.0,2.5,0.0,0.0,0.0,2.0,0,33.04,37.4,66.08,0.0,,,0,0,
test_q4_2024,2024-11-04,841,LOJA 841,54554,ALOFF XPE 60ML,88708,C,3,1,2,0.84,5,2.0,0,2.0,0,,2.0,0,0.0,0.0,2.5,0.0,0.0,0.0,2.0,0,33.04,37.4,66.08,0.0,,,0,0,
test_q4_2024,2024-11-05,841,LOJA 841,54554,ALOFF XPE 60ML,88708,C,3,1,2,0.84,5,2.0,0,2.0,0,,2.0,0,0.0,0.0,2.5,0.0,0.0,0.0,2.0,0,33.04,37.4,66.08,0.0,,,0,0,
test_q4_2024,2024-11-06,841,LOJA 841,54554,ALOFF XPE 60ML,88708,C,3,1,2,0.84,5,2.0,0,2.0,0,,2.0,0,0.0,0.0,2.5,0.0,0.0,0.0,2.0,0,33.04,37.4,66.08,0.0,,,0,0,
test_q4_2024,2024-11-07,841,LOJA 841,54554,ALOFF XPE 60ML,88708,C,3,1,2,0.84,5,2.0,0,2.0,0,,2.0,0,0.0,0.0,2.5,0.0,0.0,0.0,2.0,0,33.04,37.4,66.08,0.0,,,0,0,
test_q4_2024,2024-11-08,841,LOJA 841,54554,ALOFF XPE 60ML,88708,C,3,1,2,0.84,5,2.0,0,2.0,0,,2.0,0,0.0,0.0,2.5,0.0,0.0,0.0,2.0,0,33.04,37.4,66.08,0.0,,,0,0,
test_q4_2024,2024-11-09,841,LOJA 841,54554,ALOFF XPE 60ML,88708,C,3,1,2,0.84,5,2.0,0,2.0,0,,2.0,0,0.0,0.0,2.5,0.0,0.0,0.0,2.0,0,33.04,37.4,66.08,0.0,,,0,0,
test_q4_2024,2024-11-10,841,LOJA 841,54554,ALOFF XPE 60ML,88708,C,3,1,2,0.84,5,2.0,0,2.0,0,,2.0,0,0.0,0.0,2.5,0.0,0.0,0.0,2.0,0,33.04,37.4,66.08,0.0,,,0,0,
test_q4_2024,2024-11-11,841,LOJA 841,54554,ALOFF XPE 60ML,88708,C,3,1,2,0.84,5,2.0,0,2.0,0,,2.0,0,0.0,0.0,2.5,0.0,0.0,0.0,2.0,0,33.04,37.4,66.08,0.0,,,0,0,
test_q4_2024,2024-11-12,841,LOJA 841,54554,ALOFF XPE 60ML,88708,C,3,1,2,0.84,5,2.0,0,2.0,0,,2.0,0,0.0,0.0,2.5,0.0,0.0,0.0,2.0,0,33.04,37.4,66.08,0.0,,,0,0,
test_q4_2024,2024-11-13,841,LOJA 841,54554,ALOFF XPE 60ML,88708,C,3,1,2,0.84,5,2.0,0,2.0,0,,2.0,0,0.0,0.0,2.5,0.0,0.0,0.0,2.0,0,33.04,37.4,66.08,0.0,,,0,0,
test_q4_2024,2024-11-14,841,LOJA 841,54554,ALOFF XPE 60ML,88708,C,3,1,2,0.84,5,2.0,0,2.0,0,,2.0,0,0.0,0.0,2.5,0.0,0.0,0.0,2.0,0,33.04,37.4,66.08,0.0,,,0,0,
test_q4_2024,2024-11-15,841,LOJA 841,54554,ALOFF XPE 60ML,88708,C,3,1,2,0.84,5,2.0,0,2.0,0,,2.0,0,0.0,0.0,2.5,0.0,0.0,0.0,2.0,0,33.04,37.4,66.08,0.0,,,0,0,
test_q4_2024,2024-11-16,841,LOJA 841,54554,ALOFF XPE 60ML,88708,C,3,1,2,0.84,5,2.0,0,2.0,0,,2.0,0,0.0,0.0,2.5,0.0,0.0,0.0,2.0,0,33.04,37.4,66.08,0.0,,,0,0,
test_q4_2024,2024-11-17,841,LOJA 841,54554,ALOFF XPE 60ML,88708,C,3,1,2,0.84,5,2.0,0,2.0,0,,2.0,0,0.0,0.0,2.5,0.0,0.0,0.0,2.0,0,33.04,37.4,66.08,0.0,,,0,0,
test_q4_2024,2024-11-18,841,LOJA 841,54554,ALOFF XPE 60ML,88708,C,3,1,2,0.84,5,2.0,0,2.0,0,,2.0,0,0.0,0.0,2.5,0.0,0.0,0.0,2.0,0,33.04,37.4,66.08,0.0,,,0,0,
test_q4_2024,2024-11-19,841,LOJA 841,54554,ALOFF XPE 60ML,88708,C,3,1,2,0.84,5,2.0,0,2.0,0,,2.0,0,0.0,0.0,2.5,0.0,0.0,0.0,2.0,0,33.04,37.4,66.08,0.0,,,0,0,
test_q4_2024,2024-11-20,841,LOJA 841,54554,ALOFF XPE 60ML,88708,C,3,1,2,0.84,5,2.0,0,2.0,0,,2.0,0,0.0,0.0,2.5,0.0,0.0,0.0,2.0,0,33.04,37.4,66.08,0.0,,,0,0,
test_q4_2024,2024-11-21,841,LOJA 841,54554,ALOFF XPE 60ML,88708,C,3,1,2,0.84,5,2.0,0,2.0,0,,2.0,0,0.0,0.0,2.5,0.0,0.0,0.0,2.0,0,33.04,37.4,66.08,0.0,,,0,0,
test_q4_2024,2024-11-22,841,LOJA 841,54554,ALOFF XPE 60ML,88708,C,3,1,2,0.84,5,2.0,0,2.0,0,,2.0,0,0.0,0.0,2.5,0.0,0.0,0.0,2.0,0,33.04,37.4,66.08,0.0,,,0,0,
test_q4_2024,2024-11-23,841,LOJA 841,54554,ALOFF XPE 60ML,88708,C,3,1,2,0.84,5,2.0,0,2.0,0,,2.0,0,0.0,0.0,2.5,0.0,0.0,0.0,2.0,0,33.04,37.4,66.08,0.0,,,0,0,
test_q4_2024,2024-11-24,841,LOJA 841,54554,ALOFF XPE 60ML,88708,C,3,1,2,0.84,5,2.0,0,2.0,0,,2.0,0,0.0,0.0,2.5,0.0,0.0,0.0,2.0,0,33.04,37.4,66.08,0.0,,,0,0,
test_q4_2024,2024-11-25,841,LOJA 841,54554,ALOFF XPE 60ML,88708,C,3,1,2,0.84,5,2.0,0,2.0,0,,2.0,0,0.0,0.0,2.5,0.0,0.0,0.0,2.0,0,33.04,37.4,66.08,0.0,,,0,0,
test_q4_2024,2024-11-26,841,LOJA 841,54554,ALOFF XPE 60ML,88708,C,3,1,2,0.84,5,2.0,0,2.0,0,,2.0,0,0.0,0.0,2.5,0.0,0.0,0.0,2.0,0,33.04,37.4,66.08,0.0,,,0,0,
test_q4_2024,2024-11-27,841,LOJA 841,54554,ALOFF XPE 60ML,88708,C,3,1,2,0.84,5,2.0,0,2.0,0,,2.0,0,0.0,0.0,2.5,0.0,0.0,0.0,2.0,0,33.04,37.4,66.08,0.0,,,0,0,
test_q4_2024,2024-11-28,841,LOJA 841,54554,ALOFF XPE 60ML,88708,C,3,1,2,0.84,5,2.0,0,2.0,0,,2.0,0,0.0,0.0,2.5,0.0,0.0,0.0,2.0,0,33.04,37.4,66.08,0.0,,,0,0,
test_q4_2024,2024-11-29,841,LOJA 841,54554,ALOFF XPE 60ML,88708,C,3,1,2,0.84,5,2.0,0,2.0,0,,2.0,0,0.0,0.0,2.5,0.0,0.0,0.0,2.0,0,33.04,37.4,66.08,0.0,,,0,0,
test_q4_2024,2024-11-30,841,LOJA 841,54554,ALOFF XPE 60ML,88708,C,3,1,2,0.84,5,2.0,0,2.0,0,,2.0,0,0.0,0.0,2.5,0.0,0.0,0.0,2.0,0,33.04,37.4,66.08,0.0,,,0,0,
test_q4_2024,2024-12-01,841,LOJA 841,54554,ALOFF XPE 60ML,88708,C,3,1,2,0.84,5,2.0,0,2.0,0,,2.0,0,0.0,0.0,2.5,0.0,0.0,0.0,2.0,0,33.04,37.4,66.08,0.0,,,0,0,
test_q4_2024,2024-12-02,841,LOJA 841,54554,ALOFF XPE 60ML,88708,C,3,1,2,0.84,5,2.0,0,2.0,0,,2.0,0,0.0,0.0,2.5,0.0,0.0,0.0,2.0,0,33.04,37.4,66.08,0.0,,,0,0,
test_q4_2024,2024-12-03,841,LOJA 841,54554,ALOFF XPE 60ML,88708,C,3,1,2,0.84,5,2.0,0,2.0,0,,2.0,0,0.0,0.0,2.5,0.0,0.0,0.0,2.0,0,33.04,37.4,66.08,0.0,,,0,0,
test_q4_2024,2024-12-04,841,LOJA 841,54554,ALOFF XPE 60ML,88708,C,3,1,2,0.84,5,2.0,0,2.0,0,,2.0,0,0.0,0.0,2.5,0.0,0.0,0.0,2.0,0,33.04,37.4,66.08,0.0,,,0,0,
test_q4_2024,2024-12-05,841,LOJA 841,54554,ALOFF XPE 60ML,88708,C,3,1,2,0.84,5,2.0,0,2.0,0,,2.0,0,0.0,0.0,2.5,0.0,0.0,0.0,2.0,0,33.04,37.4,66.08,0.0,,,0,0,
test_q4_2024,2024-12-06,841,LOJA 841,54554,ALOFF XPE 60ML,88708,C,3,1,2,0.84,5,2.0,0,2.0,0,,2.0,0,0.0,0.0,2.5,0.0,0.0,0.0,2.0,0,33.04,37.4,66.08,0.0,,,0,0,
test_q4_2024,2024-12-07,841,LOJA 841,54554,ALOFF XPE 60ML,88708,C,3,1,2,0.84,5,2.0,0,2.0,0,,2.0,0,0.0,0.0,2.5,0.0,0.0,0.0,2.0,0,33.04,37.4,66.08,0.0,,,0,0,
test_q4_2024,2024-12-08,841,LOJA 841,54554,ALOFF XPE 60ML,88708,C,3,1,2,0.84,5,2.0,0,2.0,0,,2.0,0,0.0,0.0,2.5,0.0,0.0,0.0,2.0,0,33.04,37.4,66.08,0.0,,,0,0,
test_q4_2024,2024-12-09,841,LOJA 841,54554,ALOFF XPE 60ML,88708,C,3,1,2,0.84,5,2.0,0,2.0,0,,2.0,0,0.0,0.0,2.5,0.0,0.0,0.0,2.0,0,33.04,37.4,66.08,0.0,,,0,0,
test_q4_2024,2024-12-10,841,LOJA 841,54554,ALOFF XPE 60ML,88708,C,3,1,2,0.84,5,2.0,0,2.0,0,,2.0,0,0.0,0.0,2.5,0.0,0.0,0.0,2.0,0,33.04,37.4,66.08,0.0,,,0,0,
test_q4_2024,2024-12-11,841,LOJA 841,54554,ALOFF XPE 60ML,88708,C,3,1,2,0.84,5,2.0,0,2.0,0,,2.0,0,0.0,0.0,2.5,0.0,0.0,0.0,2.0,0,33.04,37.4,66.08,0.0,,,0,0,
test_q4_2024,2024-12-12,841,LOJA 841,54554,ALOFF XPE 60ML,88708,C,3,1,2,0.84,5,2.0,0,2.0,0,,2.0,0,0.0,0.0,2.5,0.0,0.0,0.0,2.0,0,33.04,37.4,66.08,0.0,,,0,0,
test_q4_2024,2024-12-13,841,LOJA 841,54554,ALOFF XPE 60ML,88708,C,3,1,2,0.84,5,2.0,0,2.0,0,,2.0,0,0.0,0.0,2.5,0.0,0.0,0.0,2.0,0,33.04,37.4,66.08,0.0,,,0,0,
test_q4_2024,2024-12-14,841,LOJA 841,54554,ALOFF XPE 60ML,88708,C,3,1,2,0.84,5,2.0,0,2.0,0,,2.0,0,0.0,0.0,2.5,0.0,0.0,0.0,2.0,0,33.04,37.4,66.08,0.0,,,0,0,
test_q4_2024,2024-12-15,841,LOJA 841,54554,ALOFF XPE 60ML,88708,C,3,1,2,0.84,5,2.0,0,2.0,0,,2.0,0,0.0,0.0,2.5,0.0,0.0,0.0,2.0,0,33.04,37.4,66.08,0.0,,,0,0,
test_q4_2024,2024-12-16,841,LOJA 841,54554,ALOFF XPE 60ML,88708,C,3,1,2,0.84,5,2.0,0,2.0,0,,2.0,0,0.0,0.0,2.5,0.0,0.0,0.0,2.0,0,33.04,37.4,66.08,0.0,,,0,0,
test_q4_2024,2024-12-17,841,LOJA 841,54554,ALOFF XPE 60ML,88708,C,3,1,2,0.84,5,2.0,0,2.0,0,,2.0,0,0.0,0.0,2.5,0.0,0.0,0.0,2.0,0,33.04,37.4,66.08,0.0,,,0,0,
test_q4_2024,2024-12-18,841,LOJA 841,54554,ALOFF XPE 60ML,88708,C,3,1,2,0.84,5,2.0,0,2.0,0,,2.0,0,0.0,0.0,2.5,0.0,0.0,0.0,2.0,0,33.04,37.4,66.08,0.0,,,0,0,
test_q4_2024,2024-12-19,841,LOJA 841,54554,ALOFF XPE 60ML,88708,C,3,1,2,0.84,5,2.0,0,2.0,0,,2.0,0,0.0,0.0,2.5,0.0,0.0,0.0,2.0,0,33.04,37.4,66.08,0.0,,,0,0,
test_q4_2024,2024-12-20,841,LOJA 841,54554,ALOFF XPE 60ML,88708,C,3,1,2,0.84,5,2.0,0,2.0,0,,2.0,0,0.0,0.0,2.5,0.0,0.0,0.0,2.0,0,33.04,37.4,66.08,0.0,,,0,0,
test_q4_2024,2024-12-21,841,LOJA 841,54554,ALOFF XPE 60ML,88708,C,3,1,2,0.84,5,2.0,0,2.0,0,,2.0,0,0.0,0.0,2.5,0.0,0.0,0.0,2.0,0,33.04,37.4,66.08,0.0,,,0,0,
test_q4_2024,2024-12-22,841,LOJA 841,54554,ALOFF XPE 60ML,88708,C,3,1,2,0.84,5,2.0,0,2.0,0,,2.0,0,0.0,0.0,2.5,0.0,0.0,0.0,2.0,0,33.04,37.4,66.08,0.0,,,0,0,
test_q4_2024,2024-12-23,841,LOJA 841,54554,ALOFF XPE 60ML,88708,C,3,1,2,0.84,5,2.0,0,2.0,0,,2.0,0,0.0,0.0,2.5,0.0,0.0,0.0,2.0,0,33.04,37.4,66.08,0.0,,,0,0,
test_q4_2024,2024-12-24,841,LOJA 841,54554,ALOFF XPE 60ML,88708,C,3,1,2,0.84,5,2.0,0,2.0,0,,2.0,0,0.0,0.0,2.5,0.0,0.0,0.0,2.0,0,33.04,37.4,66.08,0.0,,,0,0,
test_q4_2024,2024-12-25,841,LOJA 841,54554,ALOFF XPE 60ML,88708,C,3,1,2,0.84,5,2.0,0,2.0,0,,2.0,0,0.0,0.0,2.5,0.0,0.0,0.0,2.0,0,33.04,37.4,66.08,0.0,,,0,0,
test_q4_2024,2024-12-26,841,LOJA 841,54554,ALOFF XPE 60ML,88708,C,3,1,2,0.84,5,2.0,0,2.0,0,,2.0,0,0.0,0.0,2.5,0.0,0.0,0.0,2.0,0,33.04,37.4,66.08,0.0,,,0,0,
test_q4_2024,2024-12-27,841,LOJA 841,54554,ALOFF XPE 60ML,88708,C,3,1,2,0.84,5,2.0,0,2.0,0,,2.0,0,0.0,0.0,2.5,0.0,0.0,0.0,2.0,0,33.04,37.4,66.08,0.0,,,0,0,
test_q4_2024,2024-12-28,841,LOJA 841,54554,ALOFF XPE 60ML,88708,C,3,1,2,0.84,5,2.0,0,2.0,0,,2.0,0,0.0,0.0,2.5,0.0,0.0,0.0,2.0,0,33.04,37.4,66.08,0.0,,,0,0,
test_q4_2024,2024-12-29,841,LOJA 841,54554,ALOFF XPE 60ML,88708,C,3,1,2,0.84,5,2.0,0,2.0,0,,2.0,0,0.0,0.0,2.5,0.0,0.0,0.0,2.0,0,33.04,37.4,66.08,0.0,,,0,0,
test_q4_2024,2024-12-30,841,LOJA 841,54554,ALOFF XPE 60ML,88708,C,3,1,2,0.84,5,2.0,0,2.0,0,,2.0,0,0.0,0.0,2.5,0.0,0.0,0.0,2.0,0,33.04,37.4,66.08,0.0,,,0,0,
test_q4_2024,2024-12-31,841,LOJA 841,54554,ALOFF XPE 60ML,88708,C,3,1,2,0.84,5,2.0,0,2.0,0,,2.0,0,0.0,0.0,2.5,0.0,0.0,0.0,2.0,0,33.04,37.4,66.08,0.0,,,0,0,
test_q4_2024,2024-10-01,841,LOJA 841,55917,POLARATUSS LIQ 120ML,29532,C,3,2,3,0.84,5,3.0,0,3.0,0,,3.0,0,0.0,0.0,2.5,0.0,0.0,0.0,3.0,0,30.38,34.4,91.14,0.0,2.0,60.76,0,0,
test_q4_2024,2024-10-02,841,LOJA 841,55917,POLARATUSS LIQ 120ML,29532,C,3,2,3,0.84,5,3.0,0,3.0,0,,3.0,0,0.0,0.0,2.5,0.0,0.0,0.0,3.0,0,30.38,34.4,91.14,0.0,2.0,60.76,0,0,
test_q4_2024,2024-10-03,841,LOJA 841,55917,POLARATUSS LIQ 120ML,29532,C,3,2,3,0.84,5,3.0,0,3.0,0,,3.0,0,0.0,0.0,2.5,0.0,0.0,0.0,3.0,0,30.38,34.4,91.14,0.0,2.0,60.76,0,0,
test_q4_2024,2024-10-04,841,LOJA 841,55917,POLARATUSS LIQ 120ML,29532,C,3,2,3,0.84,5,3.0,0,3.0,0,,3.0,0,0.0,0.0,2.5,0.0,0.0,0.0,3.0,0,30.38,34.4,91.14,0.0,2.0,60.76,0,0,
test_q4_2024,2024-10-05,841,LOJA 841,55917,POLARATUSS LIQ 120ML,29532,C,3,2,3,0.84,5,3.0,0,3.0,0,,3.0,0,0.0,0.0,2.5,0.0,0.0,0.0,3.0,0,30.38,34.4,91.14,0.0,2.0,60.76,0,0,
test_q4_2024,2024-10-06,841,LOJA 841,55917,POLARATUSS LIQ 120ML,29532,C,3,2,3,0.84,5,3.0,0,3.0,0,,3.0,0,0.0,0.0,2.5,0.0,0.0,0.0,3.0,0,30.38,34.4,91.14,0.0,,,0,0,
test_q4_2024,2024-10-07,841,LOJA 841,55917,POLARATUSS LIQ 120ML,29532,C,3,2,3,0.84,5,3.0,0,3.0,0,,3.0,0,0.0,0.0,2.5,0.0,0.0,0.0,3.0,0,30.38,34.4,91.14,0.0,2.0,60.76,0,0,
test_q4_2024,2024-10-08,841,LOJA 841,55917,POLARATUSS LIQ 120ML,29532,C,3,2,3,0.84,5,3.0,0,3.0,0,,3.0,0,0.0,0.0,2.5,0.0,0.0,0.0,3.0,0,30.38,34.4,91.14,0.0,2.0,60.76,0,0,
test_q4_2024,2024-10-09,841,LOJA 841,55917,POLARATUSS LIQ 120ML,29532,C,3,2,3,0.84,5,3.0,0,3.0,0,,3.0,0,0.0,0.0,2.5,0.0,0.0,0.0,3.0,0,30.38,34.4,91.14,0.0,2.0,60.76,0,0,
test_q4_2024,2024-10-10,841,LOJA 841,55917,POLARATUSS LIQ 120ML,29532,C,3,2,3,0.84,5,3.0,0,3.0,0,,3.0,0,0.0,0.0,2.5,0.0,0.0,0.0,3.0,0,30.38,34.4,91.14,0.0,2.0,60.76,0,0,
test_q4_2024,2024-10-11,841,LOJA 841,55917,POLARATUSS LIQ 120ML,29532,C,3,2,3,0.84,5,3.0,0,3.0,0,,3.0,0,0.0,0.0,2.5,0.0,0.0,0.0,3.0,0,30.38,34.4,91.14,0.0,2.0,60.76,0,0,
test_q4_2024,2024-10-12,841,LOJA 841,55917,POLARATUSS LIQ 120ML,29532,C,3,2,3,0.84,5,3.0,0,3.0,0,,3.0,0,0.0,0.0,2.5,0.0,0.0,0.0,3.0,0,30.38,34.4,91.14,0.0,2.0,60.76,0,0,
test_q4_2024,2024-10-13,841,LOJA 841,55917,POLARATUSS LIQ 120ML,29532,C,3,2,3,0.84,5,3.0,0,3.0,0,,3.0,0,0.0,0.0,2.5,0.0,0.0,0.0,3.0,0,30.38,34.4,91.14,0.0,,,0,0,
test_q4_2024,2024-10-14,841,LOJA 841,55917,POLARATUSS LIQ 120ML,29532,C,3,2,3,0.84,5,3.0,0,3.0,0,,3.0,0,0.0,0.0,2.5,0.0,0.0,0.0,3.0,0,30.38,34.4,91.14,0.0,2.0,60.76,0,0,
test_q4_2024,2024-10-15,841,LOJA 841,55917,POLARATUSS LIQ 120ML,29532,C,3,2,3,0.84,5,3.0,0,3.0,0,,3.0,0,0.0,0.0,2.5,0.0,0.0,0.0,3.0,0,30.38,34.4,91.14,0.0,2.0,60.76,0,0,
test_q4_2024,2024-10-16,841,LOJA 841,55917,POLARATUSS LIQ 120ML,29532,C,3,2,3,0.84,5,3.0,0,3.0,0,,3.0,0,0.0,0.0,2.5,0.0,0.0,0.0,3.0,0,30.38,34.4,91.14,0.0,2.0,60.76,0,0,
test_q4_2024,2024-10-17,841,LOJA 841,55917,POLARATUSS LIQ 120ML,29532,C,3,2,3,0.84,5,3.0,0,3.0,0,,3.0,0,0.0,0.0,2.5,0.0,0.0,0.0,3.0,0,30.38,34.4,91.14,0.0,2.0,60.76,0,0,
test_q4_2024,2024-10-18,841,LOJA 841,55917,POLARATUSS LIQ 120ML,29532,C,3,2,3,0.84,5,3.0,0,3.0,0,,3.0,0,0.0,0.0,2.5,0.0,0.0,0.0,3.0,0,30.38,34.4,91.14,0.0,2.0,60.76,0,0,
test_q4_2024,2024-10-19,841,LOJA 841,55917,POLARATUSS LIQ 120ML,29532,C,3,2,3,0.84,5,3.0,0,3.0,0,,3.0,0,0.0,0.0,2.5,0.0,0.0,0.0,3.0,0,30.38,34.4,91.14,0.0,2.0,60.76,0,0,
test_q4_2024,2024-10-20,841,LOJA 841,55917,POLARATUSS LIQ 120ML,29532,C,3,2,3,0.84,5,3.0,0,3.0,0,,3.0,0,0.0,0.0,2.5,0.0,0.0,0.0,3.0,0,30.38,34.4,91.14,0.0,,,0,0,
test_q4_2024,2024-10-21,841,LOJA 841,55917,POLARATUSS LIQ 120ML,29532,C,3,2,3,0.84,5,3.0,0,3.0,0,,3.0,0,0.0,0.0,2.5,0.0,0.0,0.0,3.0,0,30.38,34.4,91.14,0.0,2.0,60.76,0,0,
test_q4_2024,2024-10-22,841,LOJA 841,55917,POLARATUSS LIQ 120ML,29532,C,3,2,3,0.84,5,3.0,0,3.0,0,,3.0,0,0.0,0.0,2.5,0.0,0.0,0.0,3.0,0,30.38,34.4,91.14,0.0,2.0,60.76,0,0,
test_q4_2024,2024-10-23,841,LOJA 841,55917,POLARATUSS LIQ 120ML,29532,C,3,2,3,0.84,5,3.0,0,3.0,0,,3.0,0,0.0,0.0,2.5,0.0,0.0,0.0,3.0,0,30.38,34.4,91.14,0.0,2.0,60.76,0,0,
test_q4_2024,2024-10-24,841,LOJA 841,55917,POLARATUSS LIQ 120ML,29532,C,3,2,3,0.84,5,3.0,0,3.0,0,,3.0,0,0.0,0.0,2.5,0.0,0.0,0.0,3.0,0,30.38,34.4,91.14,0.0,2.0,60.76,0,0,
test_q4_2024,2024-10-25,841,LOJA 841,55917,POLARATUSS LIQ 120ML,29532,C,3,2,3,0.84,5,3.0,0,3.0,0,,3.0,0,0.0,0.0,2.5,0.0,0.0,0.0,3.0,0,30.38,34.4,91.14,0.0,2.0,60.76,0,0,
test_q4_2024,2024-10-26,841,LOJA 841,55917,POLARATUSS LIQ 120ML,29532,C,3,2,3,0.84,5,3.0,0,3.0,0,,3.0,0,0.0,0.0,2.5,0.0,0.0,0.0,3.0,0,30.38,34.4,91.14,0.0,2.0,60.76,0,0,
test_q4_2024,2024-10-27,841,LOJA 841,55917,POLARATUSS LIQ 120ML,29532,C,3,2,3,0.84,5,3.0,0,3.0,0,,3.0,0,0.0,0.0,2.5,0.0,0.0,0.0,3.0,0,30.38,34.4,91.14,0.0,,,0,0,
test_q4_2024,2024-10-28,841,LOJA 841,55917,POLARATUSS LIQ 120ML,29532,C,3,2,3,0.84,5,3.0,0,3.0,0,,3.0,0,0.0,0.0,2.5,0.0,0.0,0.0,3.0,0,30.38,34.4,91.14,0.0,2.0,60.76,0,0,
test_q4_2024,2024-10-29,841,LOJA 841,55917,POLARATUSS LIQ 120ML,29532,C,3,2,3,0.84,5,3.0,0,3.0,0,,3.0,0,0.0,0.0,2.5,0.0,0.0,0.0,3.0,0,30.38,34.4,91.14,0.0,2.0,60.76,0,0,
test_q4_2024,2024-10-30,841,LOJA 841,55917,POLARATUSS LIQ 120ML,29532,C,3,2,3,0.84,5,3.0,0,3.0,0,,3.0,0,0.0,0.0,2.5,0.0,0.0,0.0,3.0,0,30.38,34.4,91.14,0.0,2.0,60.76,0,0,
test_q4_2024,2024-10-31,841,LOJA 841,55917,POLARATUSS LIQ 120ML,29532,C,3,2,3,0.84,5,3.0,0,3.0,0,,3.0,0,0.0,0.0,2.5,0.0,0.0,0.0,3.0,0,30.38,34.4,91.14,0.0,2.0,60.76,0,0,
test_q4_2024,2024-11-01,841,LOJA 841,55917,POLARATUSS LIQ 120ML,29532,C,3,2,3,0.84,5,3.0,0,3.0,0,,3.0,0,0.0,0.0,2.5,0.0,0.0,0.0,3.0,0,30.38,34.4,91.14,0.0,2.0,60.76,0,0,
test_q4_2024,2024-11-02,841,LOJA 841,55917,POLARATUSS LIQ 120ML,29532,C,3,2,3,0.84,5,3.0,0,3.0,0,,3.0,0,0.0,0.0,2.5,0.0,0.0,0.0,3.0,0,30.38,34.4,91.14,0.0,2.0,60.76,0,0,
test_q4_2024,2024-11-03,841,LOJA 841,55917,POLARATUSS LIQ 120ML,29532,C,3,2,3,0.84,5,3.0,0,3.0,0,,3.0,0,0.0,0.0,2.5,0.0,0.0,0.0,3.0,0,30.38,34.4,91.14,0.0,,,0,0,
test_q4_2024,2024-11-04,841,LOJA 841,55917,POLARATUSS LIQ 120ML,29532,C,3,2,3,0.84,5,3.0,0,3.0,0,,3.0,0,0.0,0.0,2.5,0.0,0.0,0.0,3.0,0,30.38,34.4,91.14,0.0,2.0,60.76,0,0,
test_q4_2024,2024-11-05,841,LOJA 841,55917,POLARATUSS LIQ 120ML,29532,C,3,2,3,0.84,5,3.0,0,3.0,0,,3.0,0,0.0,0.0,2.5,0.0,0.0,0.0,3.0,0,30.38,34.4,91.14,0.0,2.0,60.76,0,0,
test_q4_2024,2024-11-06,841,LOJA 841,55917,POLARATUSS LIQ 120ML,29532,C,3,2,3,0.84,5,3.0,0,3.0,0,,3.0,0,0.0,0.0,2.5,0.0,0.0,0.0,3.0,0,30.38,34.4,91.14,0.0,2.0,60.76,0,0,
test_q4_2024,2024-11-07,841,LOJA 841,55917,POLARATUSS LIQ 120ML,29532,C,3,2,3,0.84,5,3.0,0,3.0,0,,3.0,0,0.0,0.0,2.5,0.0,0.0,0.0,3.0,0,30.38,34.4,91.14,0.0,2.0,60.76,0,0,
test_q4_2024,2024-11-08,841,LOJA 841,55917,POLARATUSS LIQ 120ML,29532,C,3,2,3,0.84,5,3.0,0,3.0,0,,3.0,0,0.0,0.0,2.5,0.0,0.0,0.0,3.0,0,30.38,34.4,91.14,0.0,2.0,60.76,0,0,
test_q4_2024,2024-11-09,841,LOJA 841,55917,POLARATUSS LIQ 120ML,29532,C,3,2,3,0.84,5,3.0,0,3.0,0,,3.0,0,0.0,0.0,2.5,0.0,0.0,0.0,3.0,0,30.38,34.4,91.14,0.0,2.0,60.76,0,0,
test_q4_2024,2024-11-10,841,LOJA 841,55917,POLARATUSS LIQ 120ML,29532,C,3,2,3,0.84,5,3.0,0,3.0,0,,3.0,0,0.0,0.0,2.5,0.0,0.0,0.0,3.0,0,30.38,34.4,91.14,0.0,,,0,0,
test_q4_2024,2024-11-11,841,LOJA 841,55917,POLARATUSS LIQ 120ML,29532,C,3,2,3,0.84,5,3.0,0,3.0,0,,3.0,0,0.0,0.0,2.5,0.0,0.0,0.0,3.0,0,30.38,34.4,91.14,0.0,2.0,60.76,0,0,
test_q4_2024,2024-11-12,841,LOJA 841,55917,POLARATUSS LIQ 120ML,29532,C,3,2,3,0.84,5,3.0,0,3.0,0,,3.0,0,0.0,0.0,2.5,0.0,0.0,0.0,3.0,0,30.38,34.4,91.14,0.0,2.0,60.76,0,0,
test_q4_2024,2024-11-13,841,LOJA 841,55917,POLARATUSS LIQ 120ML,29532,C,3,2,3,0.84,5,3.0,0,3.0,0,,3.0,0,0.0,0.0,2.5,0.0,0.0,0.0,3.0,0,30.38,34.4,91.14,0.0,2.0,60.76,0,0,
test_q4_2024,2024-11-14,841,LOJA 841,55917,POLARATUSS LIQ 120ML,29532,C,3,2,3,0.84,5,3.0,0,3.0,0,,3.0,0,0.0,0.0,2.5,0.0,0.0,0.0,3.0,0,30.38,34.4,91.14,0.0,2.0,60.76,0,0,
test_q4_2024,2024-11-15,841,LOJA 841,55917,POLARATUSS LIQ 120ML,29532,C,3,2,3,0.84,5,3.0,0,3.0,0,,3.0,0,0.0,0.0,2.5,0.0,0.0,0.0,3.0,0,30.38,34.4,91.14,0.0,2.0,60.76,0,0,
test_q4_2024,2024-11-16,841,LOJA 841,55917,POLARATUSS LIQ 120ML,29532,C,3,2,3,0.84,5,3.0,0,3.0,0,,3.0,0,0.0,0.0,2.5,0.0,0.0,0.0,3.0,0,30.38,34.4,91.14,0.0,2.0,60.76,0,0,
test_q4_2024,2024-11-17,841,LOJA 841,55917,POLARATUSS LIQ 120ML,29532,C,3,2,3,0.84,5,3.0,0,3.0,0,,3.0,0,0.0,0.0,2.5,0.0,0.0,0.0,3.0,0,30.38,34.4,91.14,0.0,,,0,0,
test_q4_2024,2024-11-18,841,LOJA 841,55917,POLARATUSS LIQ 120ML,29532,C,3,2,3,0.84,5,3.0,0,3.0,0,,3.0,0,0.0,0.0,2.5,0.0,0.0,0.0,3.0,0,30.38,34.4,91.14,0.0,2.0,60.76,0,0,
test_q4_2024,2024-11-19,841,LOJA 841,55917,POLARATUSS LIQ 120ML,29532,C,3,2,3,0.84,5,3.0,0,3.0,0,,3.0,0,0.0,0.0,2.5,0.0,0.0,0.0,3.0,0,30.38,34.4,91.14,0.0,2.0,60.76,0,0,
test_q4_2024,2024-11-20,841,LOJA 841,55917,POLARATUSS LIQ 120ML,29532,C,3,2,3,0.84,5,3.0,0,3.0,0,,3.0,0,0.0,0.0,2.5,0.0,0.0,0.0,3.0,0,30.38,34.4,91.14,0.0,2.0,60.76,0,0,
test_q4_2024,2024-11-21,841,LOJA 841,55917,POLARATUSS LIQ 120ML,29532,C,3,2,3,0.84,5,3.0,0,3.0,0,,3.0,0,0.0,0.0,2.5,0.0,0.0,0.0,3.0,0,30.38,34.4,91.14,0.0,2.0,60.76,0,0,
test_q4_2024,2024-11-22,841,LOJA 841,55917,POLARATUSS LIQ 120ML,29532,C,3,2,3,0.84,5,3.0,0,3.0,0,,3.0,0,0.0,0.0,2.5,0.0,0.0,0.0,3.0,0,30.38,34.4,91.14,0.0,2.0,60.76,0,0,
test_q4_2024,2024-11-23,841,LOJA 841,55917,POLARATUSS LIQ 120ML,29532,C,3,2,3,0.84,5,3.0,0,3.0,0,,3.0,0,0.0,0.0,2.5,0.0,0.0,0.0,3.0,0,30.38,34.4,91.14,0.0,2.0,60.76,0,0,
test_q4_2024,2024-11-24,841,LOJA 841,55917,POLARATUSS LIQ 120ML,29532,C,3,2,3,0.84,5,3.0,0,3.0,0,,3.0,0,0.0,0.0,2.5,0.0,0.0,0.0,3.0,0,30.38,34.4,91.14,0.0,,,0,0,
test_q4_2024,2024-11-25,841,LOJA 841,55917,POLARATUSS LIQ 120ML,29532,C,3,2,3,0.84,5,3.0,0,3.0,0,,3.0,0,0.0,0.0,2.5,0.0,0.0,0.0,3.0,0,30.38,34.4,91.14,0.0,2.0,60.76,0,0,
test_q4_2024,2024-11-26,841,LOJA 841,55917,POLARATUSS LIQ 120ML,29532,C,3,2,3,0.84,5,3.0,0,3.0,0,,3.0,0,0.0,0.0,2.5,0.0,0.0,0.0,3.0,0,30.38,34.4,91.14,0.0,2.0,60.76,0,0,
test_q4_2024,2024-11-27,841,LOJA 841,55917,POLARATUSS LIQ 120ML,29532,C,3,2,3,0.84,5,3.0,0,3.0,0,,3.0,0,0.0,0.0,2.5,0.0,0.0,0.0,3.0,0,30.38,34.4,91.14,0.0,2.0,60.76,0,0,
test_q4_2024,2024-11-28,841,LOJA 841,55917,POLARATUSS LIQ 120ML,29532,C,3,2,3,0.84,5,3.0,0,3.0,0,,3.0,0,0.0,0.0,2.5,0.0,0.0,0.0,3.0,0,30.38,34.4,91.14,0.0,2.0,60.76,0,0,
test_q4_2024,2024-11-29,841,LOJA 841,55917,POLARATUSS LIQ 120ML,29532,C,3,2,3,0.84,5,3.0,0,3.0,0,,3.0,0,0.0,0.0,2.5,0.0,0.0,0.0,3.0,0,30.38,34.4,91.14,0.0,2.0,60.76,0,0,
test_q4_2024,2024-11-30,841,LOJA 841,55917,POLARATUSS LIQ 120ML,29532,C,3,2,3,0.84,5,3.0,0,3.0,0,,3.0,0,0.0,0.0,2.5,0.0,0.0,0.0,3.0,0,30.38,34.4,91.14,0.0,2.0,60.76,0,0,
test_q4_2024,2024-12-01,841,LOJA 841,55917,POLARATUSS LIQ 120ML,29532,C,3,2,3,0.84,5,3.0,0,3.0,0,,3.0,0,0.0,0.0,2.5,0.0,0.0,0.0,3.0,0,30.38,34.4,91.14,0.0,,,0,0,
test_q4_2024,2024-12-02,841,LOJA 841,55917,POLARATUSS LIQ 120ML,29532,C,3,2,3,0.84,5,3.0,0,3.0,0,,3.0,0,0.0,0.0,2.5,0.0,0.0,0.0,3.0,0,30.38,34.4,91.14,0.0,2.0,60.76,0,0,
test_q4_2024,2024-12-03,841,LOJA 841,55917,POLARATUSS LIQ 120ML,29532,C,3,2,3,0.84,5,3.0,0,3.0,0,,3.0,0,0.0,0.0,2.5,0.0,0.0,0.0,3.0,0,30.38,34.4,91.14,0.0,2.0,60.76,0,0,
test_q4_2024,2024-12-04,841,LOJA 841,55917,POLARATUSS LIQ 120ML,29532,C,3,2,3,0.84,5,3.0,0,3.0,0,,3.0,0,0.0,0.0,2.5,0.0,0.0,0.0,3.0,0,30.38,34.4,91.14,0.0,2.0,60.76,0,0,
test_q4_2024,2024-12-05,841,LOJA 841,55917,POLARATUSS LIQ 120ML,29532,C,3,2,3,0.84,5,3.0,0,3.0,0,,3.0,0,0.0,0.0,2.5,0.0,0.0,0.0,3.0,0,30.38,34.4,91.14,0.0,2.0,60.76,0,0,
test_q4_2024,2024-12-06,841,LOJA 841,55917,POLARATUSS LIQ 120ML,29532,C,3,2,3,0.84,5,3.0,0,3.0,0,,3.0,0,0.0,0.0,2.5,0.0,0.0,0.0,3.0,0,30.38,34.4,91.14,0.0,2.0,60.76,0,0,
test_q4_2024,2024-12-07,841,LOJA 841,55917,POLARATUSS LIQ 120ML,29532,C,3,2,3,0.84,5,3.0,0,3.0,0,,3.0,0,0.0,0.0,2.5,0.0,0.0,0.0,3.0,0,30.38,34.4,91.14,0.0,2.0,60.76,0,0,
test_q4_2024,2024-12-08,841,LOJA 841,55917,POLARATUSS LIQ 120ML,29532,C,3,2,3,0.84,5,3.0,0,3.0,0,,3.0,0,0.0,0.0,2.5,0.0,0.0,0.0,3.0,0,30.38,34.4,91.14,0.0,,,0,0,
test_q4_2024,2024-12-09,841,LOJA 841,55917,POLARATUSS LIQ 120ML,29532,C,3,2,3,0.84,5,3.0,0,3.0,0,,3.0,0,0.0,0.0,2.5,0.0,0.0,0.0,3.0,0,30.38,34.4,91.14,0.0,2.0,60.76,0,0,
test_q4_2024,2024-12-10,841,LOJA 841,55917,POLARATUSS LIQ 120ML,29532,C,3,2,3,0.84,5,3.0,0,3.0,0,,3.0,0,0.0,0.0,2.5,0.0,0.0,0.0,3.0,0,30.38,34.4,91.14,0.0,2.0,60.76,0,0,
test_q4_2024,2024-12-11,841,LOJA 841,55917,POLARATUSS LIQ 120ML,29532,C,3,2,3,0.84,5,3.0,0,3.0,0,,3.0,0,0.0,0.0,2.5,0.0,0.0,0.0,3.0,0,30.38,34.4,91.14,0.0,2.0,60.76,0,0,
test_q4_2024,2024-12-12,841,LOJA 841,55917,POLARATUSS LIQ 120ML,29532,C,3,2,3,0.84,5,3.0,0,3.0,0,,3.0,0,0.0,0.0,2.5,0.0,0.0,0.0,3.0,0,30.38,34.4,91.14,0.0,2.0,60.76,0,0,
test_q4_2024,2024-12-13,841,LOJA 841,55917,POLARATUSS LIQ 120ML,29532,C,3,2,3,0.84,5,3.0,0,3.0,0,,3.0,0,0.0,0.0,2.5,0.0,0.0,0.0,3.0,0,30.38,34.4,91.14,0.0,2.0,60.76,0,0,
test_q4_2024,2024-12-14,841,LOJA 841,55917,POLARATUSS LIQ 120ML,29532,C,3,2,3,0.84,5,3.0,0,3.0,0,,3.0,0,0.0,0.0,2.5,0.0,0.0,0.0,3.0,0,30.38,34.4,91.14,0.0,2.0,60.76,0,0,
test_q4_2024,2024-12-15,841,LOJA 841,55917,POLARATUSS LIQ 120ML,29532,C,3,2,3,0.84,5,3.0,0,3.0,0,,3.0,0,0.0,0.0,2.5,0.0,0.0,0.0,3.0,0,30.38,34.4,91.14,0.0,,,0,0,
test_q4_2024,2024-12-16,841,LOJA 841,55917,POLARATUSS LIQ 120ML,29532,C,3,2,3,0.84,5,3.0,0,3.0,0,,3.0,0,0.0,0.0,2.5,0.0,0.0,0.0,3.0,0,30.38,34.4,91.14,0.0,2.0,60.76,0,0,
test_q4_2024,2024-12-17,841,LOJA 841,55917,POLARATUSS LIQ 120ML,29532,C,3,2,3,0.84,5,3.0,0,3.0,0,,3.0,0,0.0,0.0,2.5,0.0,0.0,0.0,3.0,0,30.38,34.4,91.14,0.0,2.0,60.76,0,0,
test_q4_2024,2024-12-18,841,LOJA 841,55917,POLARATUSS LIQ 120ML,29532,C,3,2,3,0.84,5,3.0,0,3.0,0,,3.0,0,0.0,0.0,2.5,0.0,0.0,0.0,3.0,0,30.38,34.4,91.14,0.0,2.0,60.76,0,0,
test_q4_2024,2024-12-19,841,LOJA 841,55917,POLARATUSS LIQ 120ML,29532,C,3,2,3,0.84,5,3.0,0,3.0,0,,3.0,0,0.0,0.0,2.5,0.0,0.0,0.0,3.0,0,30.38,34.4,91.14,0.0,2.0,60.76,0,0,
test_q4_2024,2024-12-20,841,LOJA 841,55917,POLARATUSS LIQ 120ML,29532,C,3,2,3,0.84,5,3.0,0,3.0,0,,3.0,0,0.0,0.0,2.5,0.0,0.0,0.0,3.0,0,30.38,34.4,91.14,0.0,2.0,60.76,0,0,
test_q4_2024,2024-12-21,841,LOJA 841,55917,POLARATUSS LIQ 120ML,29532,C,3,2,3,0.84,5,3.0,0,3.0,0,,3.0,0,0.0,0.0,2.5,0.0,0.0,0.0,3.0,0,30.38,34.4,91.14,0.0,2.0,60.76,0,0,
test_q4_2024,2024-12-22,841,LOJA 841,55917,POLARATUSS LIQ 120ML,29532,C,3,2,3,0.84,5,3.0,0,3.0,0,,3.0,0,0.0,0.0,2.5,0.0,0.0,0.0,3.0,0,30.38,34.4,91.14,0.0,,,0,0,
test_q4_2024,2024-12-23,841,LOJA 841,55917,POLARATUSS LIQ 120ML,29532,C,3,2,3,0.84,5,3.0,0,3.0,0,,3.0,0,0.0,0.0,2.5,0.0,0.0,0.0,3.0,0,30.38,34.4,91.14,0.0,2.0,60.76,0,0,
test_q4_2024,2024-12-24,841,LOJA 841,55917,POLARATUSS LIQ 120ML,29532,C,3,2,3,0.84,5,3.0,0,3.0,0,,3.0,0,0.0,0.0,2.5,0.0,0.0,0.0,3.0,0,30.38,34.4,91.14,0.0,2.0,60.76,0,0,
test_q4_2024,2024-12-25,841,LOJA 841,55917,POLARATUSS LIQ 120ML,29532,C,3,2,3,0.84,5,3.0,0,3.0,0,,3.0,0,0.0,0.0,2.5,0.0,0.0,0.0,3.0,0,30.38,34.4,91.14,0.0,2.0,60.76,0,0,
test_q4_2024,2024-12-26,841,LOJA 841,55917,POLARATUSS LIQ 120ML,29532,C,3,2,3,0.84,5,3.0,0,3.0,0,,3.0,0,0.0,0.0,2.5,0.0,0.0,0.0,3.0,0,30.38,34.4,91.14,0.0,2.0,60.76,0,0,
test_q4_2024,2024-12-27,841,LOJA 841,55917,POLARATUSS LIQ 120ML,29532,C,3,2,3,0.84,5,3.0,0,3.0,0,,3.0,0,0.0,0.0,2.5,0.0,0.0,0.0,3.0,0,30.38,34.4,91.14,0.0,2.0,60.76,0,0,
test_q4_2024,2024-12-28,841,LOJA 841,55917,POLARATUSS LIQ 120ML,29532,C,3,2,3,0.84,5,3.0,0,3.0,0,,3.0,0,0.0,0.0,2.5,0.0,0.0,0.0,3.0,0,30.38,34.4,91.14,0.0,2.0,60.76,0,0,
test_q4_2024,2024-12-29,841,LOJA 841,55917,POLARATUSS LIQ 120ML,29532,C,3,2,3,0.84,5,3.0,0,3.0,0,,3.0,0,0.0,0.0,2.5,0.0,0.0,0.0,3.0,0,30.38,34.4,91.14,0.0,,,0,0,
test_q4_2024,2024-12-30,841,LOJA 841,55917,POLARATUSS LIQ 120ML,29532,C,3,2,3,0.84,5,3.0,0,3.0,0,,3.0,0,0.0,0.0,2.5,0.0,0.0,0.0,3.0,0,30.38,34.4,91.14,0.0,2.0,60.76,0,0,
test_q4_2024,2024-12-31,841,LOJA 841,55917,POLARATUSS LIQ 120ML,29532,C,3,2,3,0.84,5,3.0,0,3.0,0,,3.0,0,0.0,0.0,2.5,0.0,0.0,0.0,3.0,0,30.38,34.4,91.14,0.0,2.0,60.76,0,0,
test_q4_2024,2024-10-01,841,LOJA 841,57814,OSELTAMIVIR 75MG CAPS/10 GN-NATCOF,105913,C,3,1,3,0.84,5,3.0,0,3.0,0,,3.0,0,0.0875,0.2649,1.0,0.0,0.0,0.0,3.0,0,180.22,183.2,540.66,0.0,2.0,360.44,0,1,PAGUE E LEVE
test_q4_2024,2024-10-02,841,LOJA 841,57814,OSELTAMIVIR 75MG CAPS/10 GN-NATCOF,105913,C,3,1,3,0.84,5,3.0,0,3.0,0,,3.0,0,0.0,0.2649,1.0,0.0,0.0,0.0,3.0,0,180.22,183.2,540.66,0.0,7.0,1261.54,0,0,
test_q4_2024,2024-10-03,841,LOJA 841,57814,OSELTAMIVIR 75MG CAPS/10 GN-NATCOF,105913,C,3,1,3,0.84,5,3.0,0,3.0,0,,3.0,0,0.0,0.2649,1.0,0.0,0.0,0.0,3.0,0,180.22,183.2,540.66,0.0,7.0,1261.54,0,0,
test_q4_2024,2024-10-04,841,LOJA 841,57814,OSELTAMIVIR 75MG CAPS/10 GN-NATCOF,105913,C,3,1,3,0.84,5,3.0,0,3.0,0,,3.0,0,0.0,0.2649,1.0,0.0,0.0,0.0,3.0,0,180.22,183.2,540.66,0.0,7.0,1261.54,0,1,PAGUE E LEVE
test_q4_2024,2024-10-05,841,LOJA 841,57814,OSELTAMIVIR 75MG CAPS/10 GN-NATCOF,105913,C,3,1,3,0.84,5,3.0,0,3.0,0,,3.0,0,0.0,0.2649,1.0,0.0,0.0,0.0,3.0,0,180.22,183.2,540.66,0.0,7.0,1261.54,0,0,
test_q4_2024,2024-10-06,841,LOJA 841,57814,OSELTAMIVIR 75MG CAPS/10 GN-NATCOF,105913,C,3,1,3,0.84,5,3.0,0,3.0,0,,3.0,0,0.0,0.2649,1.0,0.0,0.0,0.0,3.0,0,180.22,183.2,540.66,0.0,,,0,0,
test_q4_2024,2024-10-07,841,LOJA 841,57814,OSELTAMIVIR 75MG CAPS/10 GN-NATCOF,105913,C,3,1,3,0.84,5,3.0,0,3.0,0,,3.0,0,0.0,0.2649,1.0,0.0,0.0,0.0,3.0,0,180.22,183.2,540.66,0.0,7.0,1261.54,0,0,
test_q4_2024,2024-10-08,841,LOJA 841,57814,OSELTAMIVIR 75MG CAPS/10 GN-NATCOF,105913,C,3,1,3,0.84,5,3.0,0,3.0,0,,3.0,0,0.0875,0.2649,1.0,0.0,0.0,0.0,3.0,0,180.22,183.2,540.66,0.0,7.0,1261.54,0,0,
test_q4_2024,2024-10-09,841,LOJA 841,57814,OSELTAMIVIR 75MG CAPS/10 GN-NATCOF,105913,C,3,1,3,0.84,5,3.0,0,3.0,0,,3.0,0,0.0,0.2649,1.0,0.0,0.0,0.0,3.0,0,180.22,183.2,540.66,0.0,7.0,1261.54,0,0,
test_q4_2024,2024-10-10,841,LOJA 841,57814,OSELTAMIVIR 75MG CAPS/10 GN-NATCOF,105913,C,3,1,3,0.84,5,3.0,0,3.0,0,,3.0,0,0.0,0.2649,1.0,0.0,0.0,0.0,3.0,0,180.22,183.2,540.66,0.0,7.0,1261.54,0,0,
test_q4_2024,2024-10-11,841,LOJA 841,57814,OSELTAMIVIR 75MG CAPS/10 GN-NATCOF,105913,C,3,1,3,0.84,5,3.0,0,3.0,0,,3.0,0,0.0,0.2649,1.0,0.0,0.0,0.0,3.0,0,180.22,183.2,540.66,0.0,7.0,1261.54,0,1,PAGUE E LEVE
test_q4_2024,2024-10-12,841,LOJA 841,57814,OSELTAMIVIR 75MG CAPS/10 GN-NATCOF,105913,C,3,1,3,0.84,5,3.0,0,3.0,0,,3.0,0,0.0,0.2649,1.0,0.0,0.0,0.0,3.0,0,180.22,183.2,540.66,0.0,7.0,1261.54,0,0,
test_q4_2024,2024-10-13,841,LOJA 841,57814,OSELTAMIVIR 75MG CAPS/10 GN-NATCOF,105913,C,3,1,3,0.84,5,3.0,0,3.0,0,,3.0,0,0.0,0.2649,1.0,0.0,0.0,0.0,3.0,0,180.22,183.2,540.66,0.0,,,0,0,
test_q4_2024,2024-10-14,841,LOJA 841,57814,OSELTAMIVIR 75MG CAPS/10 GN-NATCOF,105913,C,3,1,3,0.84,5,3.0,0,3.0,0,,3.0,0,0.0,0.2649,1.0,0.0,0.0,0.0,3.0,0,180.22,183.2,540.66,0.0,7.0,1261.54,0,0,
test_q4_2024,2024-10-15,841,LOJA 841,57814,OSELTAMIVIR 75MG CAPS/10 GN-NATCOF,105913,C,3,1,3,0.84,5,3.0,0,3.0,0,,3.0,0,0.0875,0.2649,1.0,0.0,0.0,0.0,3.0,0,180.22,183.2,540.66,0.0,7.0,1261.54,0,0,
test_q4_2024,2024-10-16,841,LOJA 841,57814,OSELTAMIVIR 75MG CAPS/10 GN-NATCOF,105913,C,3,1,3,0.84,5,3.0,0,3.0,0,,3.0,0,0.0,0.2649,1.0,0.0,0.0,0.0,3.0,0,180.22,183.2,540.66,0.0,7.0,1261.54,0,0,
test_q4_2024,2024-10-17,841,LOJA 841,57814,OSELTAMIVIR 75MG CAPS/10 GN-NATCOF,105913,C,3,1,3,0.84,5,3.0,0,3.0,0,,3.0,0,0.0,0.2649,1.0,0.0,0.0,0.0,3.0,0,180.22,183.2,540.66,0.0,7.0,1261.54,0,0,
test_q4_2024,2024-10-18,841,LOJA 841,57814,OSELTAMIVIR 75MG CAPS/10 GN-NATCOF,105913,C,3,1,3,0.84,5,3.0,0,3.0,0,,3.0,0,0.0,0.2649,1.0,0.0,0.0,0.0,3.0,0,180.22,183.2,540.66,0.0,7.0,1261.54,0,1,PAGUE E LEVE
test_q4_2024,2024-10-19,841,LOJA 841,57814,OSELTAMIVIR 75MG CAPS/10 GN-NATCOF,105913,C,3,1,3,0.84,5,3.0,0,3.0,0,,3.0,0,0.0,0.2649,1.0,0.0,0.0,0.0,3.0,0,180.22,183.2,540.66,0.0,7.0,1261.54,0,0,
test_q4_2024,2024-10-20,841,LOJA 841,57814,OSELTAMIVIR 75MG CAPS/10 GN-NATCOF,105913,C,3,1,3,0.84,5,3.0,0,3.0,0,,3.0,0,0.0,0.2649,1.0,0.0,0.0,0.0,3.0,0,180.22,183.2,540.66,0.0,,,0,0,
test_q4_2024,2024-10-21,841,LOJA 841,57814,OSELTAMIVIR 75MG CAPS/10 GN-NATCOF,105913,C,3,1,3,0.84,5,3.0,0,3.0,0,,3.0,0,0.0,0.2649,1.0,0.0,0.0,0.0,3.0,0,180.22,183.2,540.66,0.0,7.0,1261.54,0,0,
test_q4_2024,2024-10-22,841,LOJA 841,57814,OSELTAMIVIR 75MG CAPS/10 GN-NATCOF,105913,C,3,1,3,0.84,5,3.0,0,3.0,0,,3.0,0,0.0875,0.2649,1.0,0.0,0.0,0.0,3.0,0,180.22,183.2,540.66,0.0,7.0,1261.54,0,0,
test_q4_2024,2024-10-23,841,LOJA 841,57814,OSELTAMIVIR 75MG CAPS/10 GN-NATCOF,105913,C,3,1,3,0.84,5,3.0,0,3.0,0,,3.0,0,0.0,0.2649,1.0,0.0,0.0,0.0,3.0,0,180.22,183.2,540.66,0.0,7.0,1261.54,0,0,
test_q4_2024,2024-10-24,841,LOJA 841,57814,OSELTAMIVIR 75MG CAPS/10 GN-NATCOF,105913,C,3,1,3,0.84,5,3.0,0,3.0,0,,3.0,0,0.0,0.2649,1.0,0.0,0.0,0.0,3.0,0,180.22,183.2,540.66,0.0,7.0,1261.54,0,0,
test_q4_2024,2024-10-25,841,LOJA 841,57814,OSELTAMIVIR 75MG CAPS/10 GN-NATCOF,105913,C,3,1,3,0.84,5,3.0,0,3.0,0,,3.0,0,0.0,0.2649,1.0,0.0,0.0,0.0,3.0,0,180.22,183.2,540.66,0.0,7.0,1261.54,0,1,PAGUE E LEVE
test_q4_2024,2024-10-26,841,LOJA 841,57814,OSELTAMIVIR 75MG CAPS/10 GN-NATCOF,105913,C,3,1,3,0.84,5,3.0,0,3.0,0,,3.0,0,0.0,0.2649,1.0,0.0,0.0,0.0,3.0,0,180.22,183.2,540.66,0.0,7.0,1261.54,0,0,
test_q4_2024,2024-10-27,841,LOJA 841,57814,OSELTAMIVIR 75MG CAPS/10 GN-NATCOF,105913,C,3,1,3,0.84,5,3.0,0,3.0,0,,3.0,0,0.0,0.2649,1.0,0.0,0.0,0.0,3.0,0,180.22,183.2,540.66,0.0,,,0,0,
test_q4_2024,2024-10-28,841,LOJA 841,57814,OSELTAMIVIR 75MG CAPS/10 GN-NATCOF,105913,C,3,1,3,0.84,5,3.0,0,3.0,0,,3.0,0,0.0,0.2649,1.0,0.0,0.0,0.0,3.0,0,180.22,183.2,540.66,0.0,7.0,1261.54,0,0,
test_q4_2024,2024-10-29,841,LOJA 841,57814,OSELTAMIVIR 75MG CAPS/10 GN-NATCOF,105913,C,3,1,3,0.84,5,3.0,0,3.0,0,,3.0,0,0.0875,0.2649,1.0,0.0,0.0,0.0,3.0,0,180.22,183.2,540.66,0.0,7.0,1261.54,0,0,
test_q4_2024,2024-10-30,841,LOJA 841,57814,OSELTAMIVIR 75MG CAPS/10 GN-NATCOF,105913,C,3,1,3,0.84,5,3.0,0,3.0,0,,3.0,0,0.0,0.2649,1.0,0.0,0.0,0.0,3.0,0,180.22,183.2,540.66,0.0,7.0,1261.54,0,0,
test_q4_2024,2024-10-31,841,LOJA 841,57814,OSELTAMIVIR 75MG CAPS/10 GN-NATCOF,105913,C,3,1,3,0.84,5,3.0,0,3.0,0,,3.0,0,0.0,0.2649,1.0,1.0,1.0,0.0,2.0,0,180.22,183.2,360.44,0.0,7.0,1261.54,0,0,
test_q4_2024,2024-11-01,841,LOJA 841,57814,OSELTAMIVIR 75MG CAPS/10 GN-NATCOF,105913,C,3,1,3,0.84,5,2.0,0,2.0,0,,2.0,0,0.0,0.2649,1.0,0.0,0.0,0.0,2.0,0,180.22,183.2,360.44,0.0,6.0,1081.32,0,1,PAGUE E LEVE
test_q4_2024,2024-11-02,841,LOJA 841,57814,OSELTAMIVIR 75MG CAPS/10 GN-NATCOF,105913,C,3,1,3,0.84,5,2.0,0,2.0,0,,2.0,0,0.0,0.2649,1.0,0.0,0.0,0.0,2.0,0,180.22,183.2,360.44,0.0,6.0,1081.32,0,0,
test_q4_2024,2024-11-03,841,LOJA 841,57814,OSELTAMIVIR 75MG CAPS/10 GN-NATCOF,105913,C,3,1,3,0.84,5,2.0,0,2.0,0,,2.0,0,0.0,0.2649,1.0,0.0,0.0,0.0,2.0,0,180.22,183.2,360.44,0.0,,,0,0,
test_q4_2024,2024-11-04,841,LOJA 841,57814,OSELTAMIVIR 75MG CAPS/10 GN-NATCOF,105913,C,3,1,3,0.84,5,2.0,0,2.0,0,,2.0,0,0.0,0.2649,1.0,0.0,0.0,0.0,2.0,0,180.22,183.2,360.44,0.0,7.0,1261.54,0,0,
test_q4_2024,2024-11-05,841,LOJA 841,57814,OSELTAMIVIR 75MG CAPS/10 GN-NATCOF,105913,C,3,1,3,0.84,5,2.0,0,2.0,0,,2.0,0,0.0875,0.2649,1.0,0.0,0.0,0.0,2.0,0,180.22,183.2,360.44,0.0,8.0,1441.76,0,0,
test_q4_2024,2024-11-06,841,LOJA 841,57814,OSELTAMIVIR 75MG CAPS/10 GN-NATCOF,105913,C,3,1,3,0.84,5,2.0,0,2.0,0,,2.0,0,0.0,0.2649,1.0,0.0,0.0,0.0,2.0,0,180.22,183.2,360.44,0.0,8.0,1441.76,0,0,
test_q4_2024,2024-11-07,841,LOJA 841,57814,OSELTAMIVIR 75MG CAPS/10 GN-NATCOF,105913,C,3,1,3,0.84,5,2.0,0,2.0,0,,2.0,0,0.0,0.2649,1.0,0.0,0.0,0.0,2.0,0,180.22,183.2,360.44,0.0,8.0,1441.76,0,0,
test_q4_2024,2024-11-08,841,LOJA 841,57814,OSELTAMIVIR 75MG CAPS/10 GN-NATCOF,105913,C,3,1,3,0.84,5,2.0,0,2.0,0,,2.0,0,0.0,0.2649,1.0,0.0,0.0,0.0,2.0,0,180.22,183.2,360.44,0.0,8.0,1441.76,0,1,PAGUE E LEVE
test_q4_2024,2024-11-09,841,LOJA 841,57814,OSELTAMIVIR 75MG CAPS/10 GN-NATCOF,105913,C,3,1,3,0.84,5,2.0,0,2.0,0,,2.0,0,0.0,0.2649,1.0,0.0,0.0,0.0,2.0,0,180.22,183.2,360.44,0.0,8.0,1441.76,0,0,
test_q4_2024,2024-11-10,841,LOJA 841,57814,OSELTAMIVIR 75MG CAPS/10 GN-NATCOF,105913,C,3,1,3,0.84,5,2.0,0,2.0,0,,2.0,0,0.0,0.2649,1.0,0.0,0.0,0.0,2.0,0,180.22,183.2,360.44,0.0,,,0,0,
test_q4_2024,2024-11-11,841,LOJA 841,57814,OSELTAMIVIR 75MG CAPS/10 GN-NATCOF,105913,C,3,1,3,0.84,5,2.0,0,2.0,0,,2.0,0,0.0,0.2649,1.0,0.0,0.0,0.0,2.0,0,180.22,183.2,360.44,0.0,8.0,1441.76,0,0,
test_q4_2024,2024-11-12,841,LOJA 841,57814,OSELTAMIVIR 75MG CAPS/10 GN-NATCOF,105913,C,3,1,3,0.84,5,2.0,0,2.0,0,,2.0,0,0.0875,0.2649,1.0,0.0,0.0,0.0,2.0,0,180.22,183.2,360.44,0.0,8.0,1441.76,0,0,
test_q4_2024,2024-11-13,841,LOJA 841,57814,OSELTAMIVIR 75MG CAPS/10 GN-NATCOF,105913,C,3,1,3,0.84,5,2.0,0,2.0,0,,2.0,0,0.0,0.2649,1.0,0.0,0.0,0.0,2.0,0,180.22,183.2,360.44,0.0,8.0,1441.76,0,0,
test_q4_2024,2024-11-14,841,LOJA 841,57814,OSELTAMIVIR 75MG CAPS/10 GN-NATCOF,105913,C,3,1,3,0.84,5,2.0,0,2.0,0,,2.0,0,0.0,0.2649,1.0,0.0,0.0,0.0,2.0,0,180.22,183.2,360.44,0.0,8.0,1441.76,0,0,
test_q4_2024,2024-11-15,841,LOJA 841,57814,OSELTAMIVIR 75MG CAPS/10 GN-NATCOF,105913,C,3,1,3,0.84,5,2.0,0,2.0,0,,2.0,0,0.0,0.2649,1.0,0.0,0.0,0.0,2.0,0,180.22,183.2,360.44,0.0,8.0,1441.76,0,1,PAGUE E LEVE
test_q4_2024,2024-11-16,841,LOJA 841,57814,OSELTAMIVIR 75MG CAPS/10 GN-NATCOF,105913,C,3,1,3,0.84,5,2.0,0,2.0,0,,2.0,0,0.0,0.2649,1.0,0.0,0.0,0.0,2.0,0,180.22,183.2,360.44,0.0,8.0,1441.76,0,0,
test_q4_2024,2024-11-17,841,LOJA 841,57814,OSELTAMIVIR 75MG CAPS/10 GN-NATCOF,105913,C,3,1,3,0.84,5,2.0,0,2.0,0,,2.0,0,0.0,0.2649,1.0,0.0,0.0,0.0,2.0,0,180.22,183.2,360.44,0.0,,,0,0,
test_q4_2024,2024-11-18,841,LOJA 841,57814,OSELTAMIVIR 75MG CAPS/10 GN-NATCOF,105913,C,3,1,3,0.84,5,2.0,0,2.0,0,,2.0,0,0.0,0.2649,1.0,0.0,0.0,0.0,2.0,0,180.22,183.2,360.44,0.0,8.0,1441.76,0,0,
test_q4_2024,2024-11-19,841,LOJA 841,57814,OSELTAMIVIR 75MG CAPS/10 GN-NATCOF,105913,C,3,1,3,0.84,5,2.0,0,2.0,0,,2.0,0,0.0875,0.2649,1.0,0.0,0.0,0.0,2.0,0,180.22,183.2,360.44,0.0,8.0,1441.76,0,0,
test_q4_2024,2024-11-20,841,LOJA 841,57814,OSELTAMIVIR 75MG CAPS/10 GN-NATCOF,105913,C,3,1,3,0.84,5,2.0,0,2.0,0,,2.0,0,0.0,0.2649,1.0,0.0,0.0,0.0,2.0,0,180.22,183.2,360.44,0.0,8.0,1441.76,0,0,
test_q4_2024,2024-11-21,841,LOJA 841,57814,OSELTAMIVIR 75MG CAPS/10 GN-NATCOF,105913,C,3,1,3,0.84,5,2.0,0,2.0,0,,2.0,0,0.0,0.2649,1.0,0.0,0.0,0.0,2.0,0,180.22,183.2,360.44,0.0,8.0,1441.76,0,0,
test_q4_2024,2024-11-22,841,LOJA 841,57814,OSELTAMIVIR 75MG CAPS/10 GN-NATCOF,105913,C,3,1,3,0.84,5,2.0,0,2.0,0,,2.0,0,0.0,0.2649,1.0,0.0,0.0,0.0,2.0,0,180.22,183.2,360.44,0.0,8.0,1441.76,0,1,PAGUE E LEVE
test_q4_2024,2024-11-23,841,LOJA 841,57814,OSELTAMIVIR 75MG CAPS/10 GN-NATCOF,105913,C,3,1,3,0.84,5,2.0,0,2.0,0,,2.0,0,0.0,0.2649,1.0,0.0,0.0,0.0,2.0,0,180.22,183.2,360.44,0.0,8.0,1441.76,0,0,
test_q4_2024,2024-11-24,841,LOJA 841,57814,OSELTAMIVIR 75MG CAPS/10 GN-NATCOF,105913,C,3,1,3,0.84,5,2.0,0,2.0,0,,2.0,0,0.0,0.2649,1.0,0.0,0.0,0.0,2.0,0,180.22,183.2,360.44,0.0,,,0,0,
test_q4_2024,2024-11-25,841,LOJA 841,57814,OSELTAMIVIR 75MG CAPS/10 GN-NATCOF,105913,C,3,1,3,0.84,5,2.0,0,2.0,0,,2.0,0,0.0,0.2649,1.0,0.0,0.0,0.0,2.0,0,180.22,183.2,360.44,0.0,8.0,1441.76,0,0,
test_q4_2024,2024-11-26,841,LOJA 841,57814,OSELTAMIVIR 75MG CAPS/10 GN-NATCOF,105913,C,3,1,3,0.84,5,2.0,0,2.0,0,,2.0,0,0.0875,0.2649,1.0,0.0,0.0,0.0,2.0,0,180.22,183.2,360.44,0.0,8.0,1441.76,0,0,
test_q4_2024,2024-11-27,841,LOJA 841,57814,OSELTAMIVIR 75MG CAPS/10 GN-NATCOF,105913,C,3,1,3,0.84,5,2.0,0,2.0,0,,2.0,0,0.0,0.2649,1.0,0.0,0.0,0.0,2.0,0,180.22,183.2,360.44,0.0,8.0,1441.76,0,0,
test_q4_2024,2024-11-28,841,LOJA 841,57814,OSELTAMIVIR 75MG CAPS/10 GN-NATCOF,105913,C,3,1,3,0.84,5,2.0,0,2.0,0,,2.0,0,0.0,0.2649,1.0,0.0,0.0,0.0,2.0,0,180.22,183.2,360.44,0.0,8.0,1441.76,0,0,
test_q4_2024,2024-11-29,841,LOJA 841,57814,OSELTAMIVIR 75MG CAPS/10 GN-NATCOF,105913,C,3,1,3,0.84,5,2.0,0,2.0,0,,2.0,0,0.0,0.2649,1.0,0.0,0.0,0.0,2.0,0,180.22,183.2,360.44,0.0,8.0,1441.76,0,1,PAGUE E LEVE
test_q4_2024,2024-11-30,841,LOJA 841,57814,OSELTAMIVIR 75MG CAPS/10 GN-NATCOF,105913,C,3,1,3,0.84,5,2.0,0,2.0,0,,2.0,0,0.0,0.2649,1.0,0.0,0.0,0.0,2.0,0,180.22,183.2,360.44,0.0,8.0,1441.76,0,0,
test_q4_2024,2024-12-01,841,LOJA 841,57814,OSELTAMIVIR 75MG CAPS/10 GN-NATCOF,105913,C,3,1,3,0.84,5,2.0,0,2.0,0,,2.0,0,0.0,0.2649,1.0,0.0,0.0,0.0,2.0,0,180.22,183.2,360.44,0.0,,,0,0,
test_q4_2024,2024-12-02,841,LOJA 841,57814,OSELTAMIVIR 75MG CAPS/10 GN-NATCOF,105913,C,3,1,3,0.84,5,2.0,0,2.0,0,,2.0,0,0.0,0.2649,1.0,0.0,0.0,0.0,2.0,0,180.22,183.2,360.44,0.0,8.0,1441.76,0,0,
test_q4_2024,2024-12-03,841,LOJA 841,57814,OSELTAMIVIR 75MG CAPS/10 GN-NATCOF,105913,C,3,1,3,0.84,5,2.0,0,2.0,0,,2.0,0,0.0875,0.2649,1.0,0.0,0.0,0.0,2.0,0,180.22,183.2,360.44,0.0,8.0,1441.76,0,0,
test_q4_2024,2024-12-04,841,LOJA 841,57814,OSELTAMIVIR 75MG CAPS/10 GN-NATCOF,105913,C,3,1,3,0.84,5,2.0,0,2.0,0,,2.0,0,0.0,0.2649,1.0,0.0,0.0,0.0,2.0,0,180.22,183.2,360.44,0.0,8.0,1441.76,0,0,
test_q4_2024,2024-12-05,841,LOJA 841,57814,OSELTAMIVIR 75MG CAPS/10 GN-NATCOF,105913,C,3,1,3,0.84,5,2.0,0,2.0,0,,2.0,0,0.0,0.2649,1.0,0.0,0.0,0.0,2.0,0,180.22,183.2,360.44,0.0,8.0,1441.76,0,0,
test_q4_2024,2024-12-06,841,LOJA 841,57814,OSELTAMIVIR 75MG CAPS/10 GN-NATCOF,105913,C,3,1,3,0.84,5,2.0,0,2.0,0,,2.0,0,0.0,0.2649,1.0,0.0,0.0,0.0,2.0,0,180.22,183.2,360.44,0.0,8.0,1441.76,0,1,PAGUE E LEVE
test_q4_2024,2024-12-07,841,LOJA 841,57814,OSELTAMIVIR 75MG CAPS/10 GN-NATCOF,105913,C,3,1,3,0.84,5,2.0,0,2.0,0,,2.0,0,0.0,0.2649,1.0,0.0,0.0,0.0,2.0,0,180.22,183.2,360.44,0.0,8.0,1441.76,0,0,
test_q4_2024,2024-12-08,841,LOJA 841,57814,OSELTAMIVIR 75MG CAPS/10 GN-NATCOF,105913,C,3,1,3,0.84,5,2.0,0,2.0,0,,2.0,0,0.0,0.2649,1.0,0.0,0.0,0.0,2.0,0,180.22,183.2,360.44,0.0,,,0,0,
test_q4_2024,2024-12-09,841,LOJA 841,57814,OSELTAMIVIR 75MG CAPS/10 GN-NATCOF,105913,C,3,1,3,0.84,5,2.0,0,2.0,0,,2.0,0,0.0,0.2649,1.0,0.0,0.0,0.0,2.0,0,180.22,183.2,360.44,0.0,8.0,1441.76,0,0,
test_q4_2024,2024-12-10,841,LOJA 841,57814,OSELTAMIVIR 75MG CAPS/10 GN-NATCOF,105913,C,3,1,3,0.84,5,2.0,0,2.0,0,,2.0,0,0.0875,0.2649,1.0,0.0,0.0,0.0,2.0,0,180.22,183.2,360.44,0.0,8.0,1441.76,0,0,
test_q4_2024,2024-12-11,841,LOJA 841,57814,OSELTAMIVIR 75MG CAPS/10 GN-NATCOF,105913,C,3,1,3,0.84,5,2.0,0,2.0,0,,2.0,0,0.0,0.2649,1.0,0.0,0.0,0.0,2.0,0,180.22,183.2,360.44,0.0,8.0,1441.76,0,0,
test_q4_2024,2024-12-12,841,LOJA 841,57814,OSELTAMIVIR 75MG CAPS/10 GN-NATCOF,105913,C,3,1,3,0.84,5,2.0,0,2.0,0,,2.0,0,0.0,0.2649,1.0,0.0,0.0,0.0,2.0,0,180.22,183.2,360.44,0.0,8.0,1441.76,0,0,
test_q4_2024,2024-12-13,841,LOJA 841,57814,OSELTAMIVIR 75MG CAPS/10 GN-NATCOF,105913,C,3,1,3,0.84,5,2.0,0,2.0,0,,2.0,0,0.0,0.2649,1.0,0.0,0.0,0.0,2.0,0,180.22,183.2,360.44,0.0,8.0,1441.76,0,1,PAGUE E LEVE
test_q4_2024,2024-12-14,841,LOJA 841,57814,OSELTAMIVIR 75MG CAPS/10 GN-NATCOF,105913,C,3,1,3,0.84,5,2.0,0,2.0,0,,2.0,0,0.0,0.2649,1.0,0.0,0.0,0.0,2.0,0,180.22,183.2,360.44,0.0,8.0,1441.76,0,0,
test_q4_2024,2024-12-15,841,LOJA 841,57814,OSELTAMIVIR 75MG CAPS/10 GN-NATCOF,105913,C,3,1,3,0.84,5,2.0,0,2.0,0,,2.0,0,0.0,0.2649,1.0,0.0,0.0,0.0,2.0,0,180.22,183.2,360.44,0.0,,,0,0,
test_q4_2024,2024-12-16,841,LOJA 841,57814,OSELTAMIVIR 75MG CAPS/10 GN-NATCOF,105913,C,3,1,3,0.84,5,2.0,0,2.0,0,,2.0,0,0.0,0.2649,1.0,0.0,0.0,0.0,2.0,0,180.22,183.2,360.44,0.0,8.0,1441.76,0,0,
test_q4_2024,2024-12-17,841,LOJA 841,57814,OSELTAMIVIR 75MG CAPS/10 GN-NATCOF,105913,C,3,1,3,0.84,5,2.0,0,2.0,0,,2.0,0,0.0875,0.2649,1.0,1.0,1.0,0.0,1.0,0,180.22,183.2,180.22,0.0,8.0,1441.76,0,0,
test_q4_2024,2024-12-18,841,LOJA 841,57814,OSELTAMIVIR 75MG CAPS/10 GN-NATCOF,105913,C,3,1,3,0.84,5,1.0,0,1.0,2,2024-12-21,3.0,2,0.0,0.2649,1.0,0.0,0.0,0.0,1.0,0,180.22,183.2,180.22,101.38,7.0,1261.54,0,0,
test_q4_2024,2024-12-19,841,LOJA 841,57814,OSELTAMIVIR 75MG CAPS/10 GN-NATCOF,105913,C,3,1,3,0.84,5,1.0,0,3.0,0,,3.0,2,0.0,0.2649,1.0,0.0,0.0,0.0,1.0,0,180.22,183.2,180.22,0.0,7.0,1261.54,0,0,
test_q4_2024,2024-12-20,841,LOJA 841,57814,OSELTAMIVIR 75MG CAPS/10 GN-NATCOF,105913,C,3,1,3,0.84,5,1.0,0,3.0,0,,3.0,2,0.0,0.2649,1.0,0.0,0.0,0.0,1.0,0,180.22,183.2,180.22,0.0,7.0,1261.54,0,1,PAGUE E LEVE
test_q4_2024,2024-12-21,841,LOJA 841,57814,OSELTAMIVIR 75MG CAPS/10 GN-NATCOF,105913,C,3,1,3,0.84,5,3.0,2,3.0,0,,3.0,0,0.0,0.2649,1.0,1.0,1.0,0.0,2.0,0,180.22,183.2,360.44,0.0,7.0,1261.54,0,0,
test_q4_2024,2024-12-22,841,LOJA 841,57814,OSELTAMIVIR 75MG CAPS/10 GN-NATCOF,105913,C,3,1,3,0.84,5,2.0,0,2.0,0,,2.0,0,0.0,0.2649,1.0,0.0,0.0,0.0,2.0,0,180.22,183.2,360.44,0.0,,,0,0,
test_q4_2024,2024-12-23,841,LOJA 841,57814,OSELTAMIVIR 75MG CAPS/10 GN-NATCOF,105913,C,3,1,3,0.84,5,2.0,0,2.0,0,,2.0,0,0.0,0.2649,1.0,3.0,2.0,1.0,0.0,1,180.22,183.2,0.0,0.0,6.0,1081.32,0,0,
test_q4_2024,2024-12-24,841,LOJA 841,57814,OSELTAMIVIR 75MG CAPS/10 GN-NATCOF,105913,C,3,1,3,0.84,5,0.0,0,0.0,3,2024-12-27,3.0,3,0.0875,0.2649,1.0,0.0,0.0,0.0,0.0,0,180.22,183.2,0.0,101.38,3.0,540.66,0,0,
test_q4_2024,2024-12-25,841,LOJA 841,57814,OSELTAMIVIR 75MG CAPS/10 GN-NATCOF,105913,C,3,1,3,0.84,5,0.0,0,3.0,0,,3.0,3,0.0,0.2649,1.0,0.0,0.0,0.0,0.0,0,180.22,183.2,0.0,0.0,3.0,540.66,0,0,
test_q4_2024,2024-12-26,841,LOJA 841,57814,OSELTAMIVIR 75MG CAPS/10 GN-NATCOF,105913,C,3,1,3,0.84,5,0.0,0,3.0,0,,3.0,3,0.0,0.2649,1.0,0.0,0.0,0.0,0.0,0,180.22,183.2,0.0,0.0,3.0,540.66,0,0,
test_q4_2024,2024-12-27,841,LOJA 841,57814,OSELTAMIVIR 75MG CAPS/10 GN-NATCOF,105913,C,3,1,3,0.84,5,3.0,3,3.0,0,,3.0,0,0.0,0.2649,1.0,2.0,2.0,0.0,1.0,0,180.22,183.2,180.22,0.0,3.0,540.66,0,1,PAGUE E LEVE
test_q4_2024,2024-12-28,841,LOJA 841,57814,OSELTAMIVIR 75MG CAPS/10 GN-NATCOF,105913,C,3,1,3,0.84,5,1.0,0,1.0,2,2024-12-31,3.0,2,0.0,0.2649,1.0,0.0,0.0,0.0,1.0,0,180.22,183.2,180.22,101.38,1.0,180.22,0,0,
test_q4_2024,2024-12-29,841,LOJA 841,57814,OSELTAMIVIR 75MG CAPS/10 GN-NATCOF,105913,C,3,1,3,0.84,5,1.0,0,3.0,0,,3.0,2,0.0,0.2649,1.0,1.0,1.0,0.0,0.0,0,180.22,183.2,0.0,0.0,,,0,0,
test_q4_2024,2024-12-30,841,LOJA 841,57814,OSELTAMIVIR 75MG CAPS/10 GN-NATCOF,105913,C,3,1,3,0.84,5,0.0,0,2.0,0,,2.0,2,0.0,0.2649,1.0,0.0,0.0,0.0,0.0,0,180.22,183.2,0.0,0.0,0.0,0.0,1,0,
test_q4_2024,2024-12-31,841,LOJA 841,57814,OSELTAMIVIR 75MG CAPS/10 GN-NATCOF,105913,C,3,1,3,0.84,5,2.0,2,2.0,0,,2.0,0,0.0875,0.2649,1.0,0.0,0.0,0.0,2.0,0,180.22,183.2,360.44,0.0,0.0,0.0,1,0,
test_q4_2024,2024-10-01,841,LOJA 841,57816,OSELTAMIVIR 30MG CAPS/10 GN-NATCOF,105913,C,3,2,3,0.84,5,3.0,0,3.0,0,,3.0,0,0.0,0.0,1.0,0.0,0.0,0.0,3.0,0,72.09,73.66,216.27,0.0,3.0,216.27,0,1,PAGUE E LEVE
test_q4_2024,2024-10-02,841,LOJA 841,57816,OSELTAMIVIR 30MG CAPS/10 GN-NATCOF,105913,C,3,2,3,0.84,5,3.0,0,3.0,0,,3.0,0,0.0,0.0,1.0,0.0,0.0,0.0,3.0,0,72.09,73.66,216.27,0.0,3.0,216.27,0,0,
test_q4_2024,2024-10-03,841,LOJA 841,57816,OSELTAMIVIR 30MG CAPS/10 GN-NATCOF,105913,C,3,2,3,0.84,5,3.0,0,3.0,0,,3.0,0,0.0,0.0,1.0,0.0,0.0,0.0,3.0,0,72.09,73.66,216.27,0.0,3.0,216.27,0,0,
test_q4_2024,2024-10-04,841,LOJA 841,57816,OSELTAMIVIR 30MG CAPS/10 GN-NATCOF,105913,C,3,2,3,0.84,5,3.0,0,3.0,0,,3.0,0,0.0,0.0,1.0,0.0,0.0,0.0,3.0,0,72.09,73.66,216.27,0.0,3.0,216.27,0,1,PAGUE E LEVE
test_q4_2024,2024-10-05,841,LOJA 841,57816,OSELTAMIVIR 30MG CAPS/10 GN-NATCOF,105913,C,3,2,3,0.84,5,3.0,0,3.0,0,,3.0,0,0.0,0.0,1.0,0.0,0.0,0.0,3.0,0,72.09,73.66,216.27,0.0,3.0,216.27,0,0,
test_q4_2024,2024-10-06,841,LOJA 841,57816,OSELTAMIVIR 30MG CAPS/10 GN-NATCOF,105913,C,3,2,3,0.84,5,3.0,0,3.0,0,,3.0,0,0.0,0.0,1.0,0.0,0.0,0.0,3.0,0,72.09,73.66,216.27,0.0,,,0,0,
test_q4_2024,2024-10-07,841,LOJA 841,57816,OSELTAMIVIR 30MG CAPS/10 GN-NATCOF,105913,C,3,2,3,0.84,5,3.0,0,3.0,0,,3.0,0,0.0,0.0,1.0,0.0,0.0,0.0,3.0,0,72.09,73.66,216.27,0.0,3.0,216.27,0,0,
test_q4_2024,2024-10-08,841,LOJA 841,57816,OSELTAMIVIR 30MG CAPS/10 GN-NATCOF,105913,C,3,2,3,0.84,5,3.0,0,3.0,0,,3.0,0,0.0,0.0,1.0,0.0,0.0,0.0,3.0,0,72.09,73.66,216.27,0.0,3.0,216.27,0,0,
test_q4_2024,2024-10-09,841,LOJA 841,57816,OSELTAMIVIR 30MG CAPS/10 GN-NATCOF,105913,C,3,2,3,0.84,5,3.0,0,3.0,0,,3.0,0,0.0,0.0,1.0,0.0,0.0,0.0,3.0,0,72.09,73.66,216.27,0.0,3.0,216.27,0,0,
test_q4_2024,2024-10-10,841,LOJA 841,57816,OSELTAMIVIR 30MG CAPS/10 GN-NATCOF,105913,C,3,2,3,0.84,5,3.0,0,3.0,0,,3.0,0,0.0,0.0,1.0,0.0,0.0,0.0,3.0,0,72.09,73.66,216.27,0.0,3.0,216.27,0,0,
test_q4_2024,2024-10-11,841,LOJA 841,57816,OSELTAMIVIR 30MG CAPS/10 GN-NATCOF,105913,C,3,2,3,0.84,5,3.0,0,3.0,0,,3.0,0,0.0,0.0,1.0,1.0,1.0,0.0,2.0,0,72.09,73.66,144.18,0.0,3.0,216.27,0,1,PAGUE E LEVE
test_q4_2024,2024-10-12,841,LOJA 841,57816,OSELTAMIVIR 30MG CAPS/10 GN-NATCOF,105913,C,3,2,3,0.84,5,2.0,0,2.0,1,2024-10-15,3.0,1,0.0,0.0,1.0,0.0,0.0,0.0,2.0,0,72.09,73.66,144.18,43.8,2.0,144.18,0,0,
test_q4_2024,2024-10-13,841,LOJA 841,57816,OSELTAMIVIR 30MG CAPS/10 GN-NATCOF,105913,C,3,2,3,0.84,5,2.0,0,3.0,0,,3.0,1,0.0,0.0,1.0,0.0,0.0,0.0,2.0,0,72.09,73.66,144.18,0.0,,,0,0,
test_q4_2024,2024-10-14,841,LOJA 841,57816,OSELTAMIVIR 30MG CAPS/10 GN-NATCOF,105913,C,3,2,3,0.84,5,2.0,0,3.0,0,,3.0,1,0.0,0.0,1.0,0.0,0.0,0.0,2.0,0,72.09,73.66,144.18,0.0,2.0,144.18,0,0,
test_q4_2024,2024-10-15,841,LOJA 841,57816,OSELTAMIVIR 30MG CAPS/10 GN-NATCOF,105913,C,3,2,3,0.84,5,3.0,1,3.0,0,,3.0,0,0.0,0.0,1.0,0.0,0.0,0.0,3.0,0,72.09,73.66,216.27,0.0,2.0,144.18,0,0,
test_q4_2024,2024-10-16,841,LOJA 841,57816,OSELTAMIVIR 30MG CAPS/10 GN-NATCOF,105913,C,3,2,3,0.84,5,3.0,0,3.0,0,,3.0,0,0.0,0.0,1.0,0.0,0.0,0.0,3.0,0,72.09,73.66,216.27,0.0,2.0,144.18,0,0,
test_q4_2024,2024-10-17,841,LOJA 841,57816,OSELTAMIVIR 30MG CAPS/10 GN-NATCOF,105913,C,3,2,3,0.84,5,3.0,0,3.0,0,,3.0,0,0.0,0.0,1.0,0.0,0.0,0.0,3.0,0,72.09,73.66,216.27,0.0,2.0,144.18,0,0,
test_q4_2024,2024-10-18,841,LOJA 841,57816,OSELTAMIVIR 30MG CAPS/10 GN-NATCOF,105913,C,3,2,3,0.84,5,3.0,0,3.0,0,,3.0,0,0.0,0.0,1.0,0.0,0.0,0.0,3.0,0,72.09,73.66,216.27,0.0,2.0,144.18,0,1,PAGUE E LEVE
test_q4_2024,2024-10-19,841,LOJA 841,57816,OSELTAMIVIR 30MG CAPS/10 GN-NATCOF,105913,C,3,2,3,0.84,5,3.0,0,3.0,0,,3.0,0,0.0,0.0,1.0,0.0,0.0,0.0,3.0,0,72.09,73.66,216.27,0.0,2.0,144.18,0,0,
test_q4_2024,2024-10-20,841,LOJA 841,57816,OSELTAMIVIR 30MG CAPS/10 GN-NATCOF,105913,C,3,2,3,0.84,5,3.0,0,3.0,0,,3.0,0,0.0,0.0,1.0,0.0,0.0,0.0,3.0,0,72.09,73.66,216.27,0.0,,,0,0,
test_q4_2024,2024-10-21,841,LOJA 841,57816,OSELTAMIVIR 30MG CAPS/10 GN-NATCOF,105913,C,3,2,3,0.84,5,3.0,0,3.0,0,,3.0,0,0.0,0.0,1.0,0.0,0.0,0.0,3.0,0,72.09,73.66,216.27,0.0,2.0,144.18,0,0,
test_q4_2024,2024-10-22,841,LOJA 841,57816,OSELTAMIVIR 30MG CAPS/10 GN-NATCOF,105913,C,3,2,3,0.84,5,3.0,0,3.0,0,,3.0,0,0.0,0.0,1.0,0.0,0.0,0.0,3.0,0,72.09,73.66,216.27,0.0,2.0,144.18,0,0,
test_q4_2024,2024-10-23,841,LOJA 841,57816,OSELTAMIVIR 30MG CAPS/10 GN-NATCOF,105913,C,3,2,3,0.84,5,3.0,0,3.0,0,,3.0,0,0.0,0.0,1.0,0.0,0.0,0.0,3.0,0,72.09,73.66,216.27,0.0,2.0,144.18,0,0,
test_q4_2024,2024-10-24,841,LOJA 841,57816,OSELTAMIVIR 30MG CAPS/10 GN-NATCOF,105913,C,3,2,3,0.84,5,3.0,0,3.0,0,,3.0,0,0.0,0.0,1.0,0.0,0.0,0.0,3.0,0,72.09,73.66,216.27,0.0,2.0,144.18,0,0,
test_q4_2024,2024-10-25,841,LOJA 841,57816,OSELTAMIVIR 30MG CAPS/10 GN-NATCOF,105913,C,3,2,3,0.84,5,3.0,0,3.0,0,,3.0,0,0.0,0.0,1.0,0.0,0.0,0.0,3.0,0,72.09,73.66,216.27,0.0,2.0,144.18,0,1,PAGUE E LEVE
test_q4_2024,2024-10-26,841,LOJA 841,57816,OSELTAMIVIR 30MG CAPS/10 GN-NATCOF,105913,C,3,2,3,0.84,5,3.0,0,3.0,0,,3.0,0,0.0,0.0,1.0,0.0,0.0,0.0,3.0,0,72.09,73.66,216.27,0.0,2.0,144.18,0,0,
test_q4_2024,2024-10-27,841,LOJA 841,57816,OSELTAMIVIR 30MG CAPS/10 GN-NATCOF,105913,C,3,2,3,0.84,5,3.0,0,3.0,0,,3.0,0,0.0,0.0,1.0,0.0,0.0,0.0,3.0,0,72.09,73.66,216.27,0.0,,,0,0,
test_q4_2024,2024-10-28,841,LOJA 841,57816,OSELTAMIVIR 30MG CAPS/10 GN-NATCOF,105913,C,3,2,3,0.84,5,3.0,0,3.0,0,,3.0,0,0.0,0.0,1.0,0.0,0.0,0.0,3.0,0,72.09,73.66,216.27,0.0,2.0,144.18,0,0,
test_q4_2024,2024-10-29,841,LOJA 841,57816,OSELTAMIVIR 30MG CAPS/10 GN-NATCOF,105913,C,3,2,3,0.84,5,3.0,0,3.0,0,,3.0,0,0.0,0.0,1.0,0.0,0.0,0.0,3.0,0,72.09,73.66,216.27,0.0,2.0,144.18,0,0,
test_q4_2024,2024-10-30,841,LOJA 841,57816,OSELTAMIVIR 30MG CAPS/10 GN-NATCOF,105913,C,3,2,3,0.84,5,3.0,0,3.0,0,,3.0,0,0.0,0.0,1.0,0.0,0.0,0.0,3.0,0,72.09,73.66,216.27,0.0,2.0,144.18,0,0,
test_q4_2024,2024-10-31,841,LOJA 841,57816,OSELTAMIVIR 30MG CAPS/10 GN-NATCOF,105913,C,3,2,3,0.84,5,3.0,0,3.0,0,,3.0,0,0.0,0.0,1.0,0.0,0.0,0.0,3.0,0,72.09,73.66,216.27,0.0,2.0,144.18,0,0,
test_q4_2024,2024-11-01,841,LOJA 841,57816,OSELTAMIVIR 30MG CAPS/10 GN-NATCOF,105913,C,3,2,3,0.84,5,3.0,0,3.0,0,,3.0,0,0.0,0.0,1.0,0.0,0.0,0.0,3.0,0,72.09,73.66,216.27,0.0,2.0,144.18,0,1,PAGUE E LEVE
test_q4_2024,2024-11-02,841,LOJA 841,57816,OSELTAMIVIR 30MG CAPS/10 GN-NATCOF,105913,C,3,2,3,0.84,5,3.0,0,3.0,0,,3.0,0,0.0,0.0,1.0,0.0,0.0,0.0,3.0,0,72.09,73.66,216.27,0.0,2.0,144.18,0,0,
test_q4_2024,2024-11-03,841,LOJA 841,57816,OSELTAMIVIR 30MG CAPS/10 GN-NATCOF,105913,C,3,2,3,0.84,5,3.0,0,3.0,0,,3.0,0,0.0,0.0,1.0,0.0,0.0,0.0,3.0,0,72.09,73.66,216.27,0.0,,,0,0,
test_q4_2024,2024-11-04,841,LOJA 841,57816,OSELTAMIVIR 30MG CAPS/10 GN-NATCOF,105913,C,3,2,3,0.84,5,3.0,0,3.0,0,,3.0,0,0.0,0.0,1.0,0.0,0.0,0.0,3.0,0,72.09,73.66,216.27,0.0,2.0,144.18,0,0,
test_q4_2024,2024-11-05,841,LOJA 841,57816,OSELTAMIVIR 30MG CAPS/10 GN-NATCOF,105913,C,3,2,3,0.84,5,3.0,0,3.0,0,,3.0,0,0.0,0.0,1.0,0.0,0.0,0.0,3.0,0,72.09,73.66,216.27,0.0,2.0,144.18,0,0,
test_q4_2024,2024-11-06,841,LOJA 841,57816,OSELTAMIVIR 30MG CAPS/10 GN-NATCOF,105913,C,3,2,3,0.84,5,3.0,0,3.0,0,,3.0,0,0.0,0.0,1.0,0.0,0.0,0.0,3.0,0,72.09,73.66,216.27,0.0,2.0,144.18,0,0,
test_q4_2024,2024-11-07,841,LOJA 841,57816,OSELTAMIVIR 30MG CAPS/10 GN-NATCOF,105913,C,3,2,3,0.84,5,3.0,0,3.0,0,,3.0,0,0.0,0.0,1.0,0.0,0.0,0.0,3.0,0,72.09,73.66,216.27,0.0,2.0,144.18,0,0,
test_q4_2024,2024-11-08,841,LOJA 841,57816,OSELTAMIVIR 30MG CAPS/10 GN-NATCOF,105913,C,3,2,3,0.84,5,3.0,0,3.0,0,,3.0,0,0.0,0.0,1.0,0.0,0.0,0.0,3.0,0,72.09,73.66,216.27,0.0,2.0,144.18,0,1,PAGUE E LEVE
test_q4_2024,2024-11-09,841,LOJA 841,57816,OSELTAMIVIR 30MG CAPS/10 GN-NATCOF,105913,C,3,2,3,0.84,5,3.0,0,3.0,0,,3.0,0,0.0,0.0,1.0,0.0,0.0,0.0,3.0,0,72.09,73.66,216.27,0.0,2.0,144.18,0,0,
test_q4_2024,2024-11-10,841,LOJA 841,57816,OSELTAMIVIR 30MG CAPS/10 GN-NATCOF,105913,C,3,2,3,0.84,5,3.0,0,3.0,0,,3.0,0,0.0,0.0,1.0,0.0,0.0,0.0,3.0,0,72.09,73.66,216.27,0.0,,,0,0,
test_q4_2024,2024-11-11,841,LOJA 841,57816,OSELTAMIVIR 30MG CAPS/10 GN-NATCOF,105913,C,3,2,3,0.84,5,3.0,0,3.0,0,,3.0,0,0.0,0.0,1.0,0.0,0.0,0.0,3.0,0,72.09,73.66,216.27,0.0,2.0,144.18,0,0,
test_q4_2024,2024-11-12,841,LOJA 841,57816,OSELTAMIVIR 30MG CAPS/10 GN-NATCOF,105913,C,3,2,3,0.84,5,3.0,0,3.0,0,,3.0,0,0.0,0.0,1.0,0.0,0.0,0.0,3.0,0,72.09,73.66,216.27,0.0,2.0,144.18,0,0,
test_q4_2024,2024-11-13,841,LOJA 841,57816,OSELTAMIVIR 30MG CAPS/10 GN-NATCOF,105913,C,3,2,3,0.84,5,3.0,0,3.0,0,,3.0,0,0.0,0.0,1.0,0.0,0.0,0.0,3.0,0,72.09,73.66,216.27,0.0,2.0,144.18,0,0,
test_q4_2024,2024-11-14,841,LOJA 841,57816,OSELTAMIVIR 30MG CAPS/10 GN-NATCOF,105913,C,3,2,3,0.84,5,3.0,0,3.0,0,,3.0,0,0.0,0.0,1.0,0.0,0.0,0.0,3.0,0,72.09,73.66,216.27,0.0,2.0,144.18,0,0,
test_q4_2024,2024-11-15,841,LOJA 841,57816,OSELTAMIVIR 30MG CAPS/10 GN-NATCOF,105913,C,3,2,3,0.84,5,3.0,0,3.0,0,,3.0,0,0.0,0.0,1.0,0.0,0.0,0.0,3.0,0,72.09,73.66,216.27,0.0,2.0,144.18,0,1,PAGUE E LEVE
test_q4_2024,2024-11-16,841,LOJA 841,57816,OSELTAMIVIR 30MG CAPS/10 GN-NATCOF,105913,C,3,2,3,0.84,5,3.0,0,3.0,0,,3.0,0,0.0,0.0,1.0,0.0,0.0,0.0,3.0,0,72.09,73.66,216.27,0.0,2.0,144.18,0,0,
test_q4_2024,2024-11-17,841,LOJA 841,57816,OSELTAMIVIR 30MG CAPS/10 GN-NATCOF,105913,C,3,2,3,0.84,5,3.0,0,3.0,0,,3.0,0,0.0,0.0,1.0,0.0,0.0,0.0,3.0,0,72.09,73.66,216.27,0.0,,,0,0,
test_q4_2024,2024-11-18,841,LOJA 841,57816,OSELTAMIVIR 30MG CAPS/10 GN-NATCOF,105913,C,3,2,3,0.84,5,3.0,0,3.0,0,,3.0,0,0.0,0.0,1.0,0.0,0.0,0.0,3.0,0,72.09,73.66,216.27,0.0,2.0,144.18,0,0,
test_q4_2024,2024-11-19,841,LOJA 841,57816,OSELTAMIVIR 30MG CAPS/10 GN-NATCOF,105913,C,3,2,3,0.84,5,3.0,0,3.0,0,,3.0,0,0.0,0.0,1.0,0.0,0.0,0.0,3.0,0,72.09,73.66,216.27,0.0,2.0,144.18,0,0,
test_q4_2024,2024-11-20,841,LOJA 841,57816,OSELTAMIVIR 30MG CAPS/10 GN-NATCOF,105913,C,3,2,3,0.84,5,3.0,0,3.0,0,,3.0,0,0.0,0.0,1.0,0.0,0.0,0.0,3.0,0,72.09,73.66,216.27,0.0,2.0,144.18,0,0,
test_q4_2024,2024-11-21,841,LOJA 841,57816,OSELTAMIVIR 30MG CAPS/10 GN-NATCOF,105913,C,3,2,3,0.84,5,3.0,0,3.0,0,,3.0,0,0.0,0.0,1.0,0.0,0.0,0.0,3.0,0,72.09,73.66,216.27,0.0,2.0,144.18,0,0,
test_q4_2024,2024-11-22,841,LOJA 841,57816,OSELTAMIVIR 30MG CAPS/10 GN-NATCOF,105913,C,3,2,3,0.84,5,3.0,0,3.0,0,,3.0,0,0.0,0.0,1.0,0.0,0.0,0.0,3.0,0,72.09,73.66,216.27,0.0,2.0,144.18,0,1,PAGUE E LEVE
test_q4_2024,2024-11-23,841,LOJA 841,57816,OSELTAMIVIR 30MG CAPS/10 GN-NATCOF,105913,C,3,2,3,0.84,5,3.0,0,3.0,0,,3.0,0,0.0,0.0,1.0,0.0,0.0,0.0,3.0,0,72.09,73.66,216.27,0.0,2.0,144.18,0,0,
test_q4_2024,2024-11-24,841,LOJA 841,57816,OSELTAMIVIR 30MG CAPS/10 GN-NATCOF,105913,C,3,2,3,0.84,5,3.0,0,3.0,0,,3.0,0,0.0,0.0,1.0,0.0,0.0,0.0,3.0,0,72.09,73.66,216.27,0.0,,,0,0,
test_q4_2024,2024-11-25,841,LOJA 841,57816,OSELTAMIVIR 30MG CAPS/10 GN-NATCOF,105913,C,3,2,3,0.84,5,3.0,0,3.0,0,,3.0,0,0.0,0.0,1.0,0.0,0.0,0.0,3.0,0,72.09,73.66,216.27,0.0,2.0,144.18,0,0,
test_q4_2024,2024-11-26,841,LOJA 841,57816,OSELTAMIVIR 30MG CAPS/10 GN-NATCOF,105913,C,3,2,3,0.84,5,3.0,0,3.0,0,,3.0,0,0.0,0.0,1.0,0.0,0.0,0.0,3.0,0,72.09,73.66,216.27,0.0,2.0,144.18,0,0,
test_q4_2024,2024-11-27,841,LOJA 841,57816,OSELTAMIVIR 30MG CAPS/10 GN-NATCOF,105913,C,3,2,3,0.84,5,3.0,0,3.0,0,,3.0,0,0.0,0.0,1.0,0.0,0.0,0.0,3.0,0,72.09,73.66,216.27,0.0,2.0,144.18,0,0,
test_q4_2024,2024-11-28,841,LOJA 841,57816,OSELTAMIVIR 30MG CAPS/10 GN-NATCOF,105913,C,3,2,3,0.84,5,3.0,0,3.0,0,,3.0,0,0.0,0.0,1.0,0.0,0.0,0.0,3.0,0,72.09,73.66,216.27,0.0,2.0,144.18,0,0,
test_q4_2024,2024-11-29,841,LOJA 841,57816,OSELTAMIVIR 30MG CAPS/10 GN-NATCOF,105913,C,3,2,3,0.84,5,3.0,0,3.0,0,,3.0,0,0.0,0.0,1.0,0.0,0.0,0.0,3.0,0,72.09,73.66,216.27,0.0,2.0,144.18,0,1,PAGUE E LEVE
test_q4_2024,2024-11-30,841,LOJA 841,57816,OSELTAMIVIR 30MG CAPS/10 GN-NATCOF,105913,C,3,2,3,0.84,5,3.0,0,3.0,0,,3.0,0,0.0,0.0,1.0,0.0,0.0,0.0,3.0,0,72.09,73.66,216.27,0.0,2.0,144.18,0,0,
test_q4_2024,2024-12-01,841,LOJA 841,57816,OSELTAMIVIR 30MG CAPS/10 GN-NATCOF,105913,C,3,2,3,0.84,5,3.0,0,3.0,0,,3.0,0,0.0,0.0,1.0,0.0,0.0,0.0,3.0,0,72.09,73.66,216.27,0.0,,,0,0,
test_q4_2024,2024-12-02,841,LOJA 841,57816,OSELTAMIVIR 30MG CAPS/10 GN-NATCOF,105913,C,3,2,3,0.84,5,3.0,0,3.0,0,,3.0,0,0.0,0.0,1.0,0.0,0.0,0.0,3.0,0,72.09,73.66,216.27,0.0,2.0,144.18,0,0,
test_q4_2024,2024-12-03,841,LOJA 841,57816,OSELTAMIVIR 30MG CAPS/10 GN-NATCOF,105913,C,3,2,3,0.84,5,3.0,0,3.0,0,,3.0,0,0.0,0.0,1.0,0.0,0.0,0.0,3.0,0,72.09,73.66,216.27,0.0,2.0,144.18,0,0,
test_q4_2024,2024-12-04,841,LOJA 841,57816,OSELTAMIVIR 30MG CAPS/10 GN-NATCOF,105913,C,3,2,3,0.84,5,3.0,0,3.0,0,,3.0,0,0.0,0.0,1.0,0.0,0.0,0.0,3.0,0,72.09,73.66,216.27,0.0,2.0,144.18,0,0,
test_q4_2024,2024-12-05,841,LOJA 841,57816,OSELTAMIVIR 30MG CAPS/10 GN-NATCOF,105913,C,3,2,3,0.84,5,3.0,0,3.0,0,,3.0,0,0.0,0.0,1.0,0.0,0.0,0.0,3.0,0,72.09,73.66,216.27,0.0,2.0,144.18,0,0,
test_q4_2024,2024-12-06,841,LOJA 841,57816,OSELTAMIVIR 30MG CAPS/10 GN-NATCOF,105913,C,3,2,3,0.84,5,3.0,0,3.0,0,,3.0,0,0.0,0.0,1.0,0.0,0.0,0.0,3.0,0,72.09,73.66,216.27,0.0,2.0,144.18,0,1,PAGUE E LEVE
test_q4_2024,2024-12-07,841,LOJA 841,57816,OSELTAMIVIR 30MG CAPS/10 GN-NATCOF,105913,C,3,2,3,0.84,5,3.0,0,3.0,0,,3.0,0,0.0,0.0,1.0,0.0,0.0,0.0,3.0,0,72.09,73.66,216.27,0.0,2.0,144.18,0,0,
test_q4_2024,2024-12-08,841,LOJA 841,57816,OSELTAMIVIR 30MG CAPS/10 GN-NATCOF,105913,C,3,2,3,0.84,5,3.0,0,3.0,0,,3.0,0,0.0,0.0,1.0,2.0,2.0,0.0,1.0,0,72.09,73.66,72.09,0.0,,,0,0,
test_q4_2024,2024-12-09,841,LOJA 841,57816,OSELTAMIVIR 30MG CAPS/10 GN-NATCOF,105913,C,3,2,3,0.84,5,1.0,0,1.0,2,2024-12-12,3.0,2,0.0,0.0,1.0,0.0,0.0,0.0,1.0,0,72.09,73.66,72.09,43.8,0.0,0.0,1,0,
test_q4_2024,2024-12-10,841,LOJA 841,57816,OSELTAMIVIR 30MG CAPS/10 GN-NATCOF,105913,C,3,2,3,0.84,5,1.0,0,3.0,0,,3.0,2,0.0,0.0,1.0,0.0,0.0,0.0,1.0,0,72.09,73.66,72.09,0.0,0.0,0.0,1,0,
test_q4_2024,2024-12-11,841,LOJA 841,57816,OSELTAMIVIR 30MG CAPS/10 GN-NATCOF,105913,C,3,2,3,0.84,5,1.0,0,3.0,0,,3.0,2,0.0,0.0,1.0,0.0,0.0,0.0,1.0,0,72.09,73.66,72.09,0.0,0.0,0.0,1,0,
test_q4_2024,2024-12-12,841,LOJA 841,57816,OSELTAMIVIR 30MG CAPS/10 GN-NATCOF,105913,C,3,2,3,0.84,5,3.0,2,3.0,0,,3.0,0,0.0,0.0,1.0,0.0,0.0,0.0,3.0,0,72.09,73.66,216.27,0.0,2.0,144.18,0,0,
test_q4_2024,2024-12-13,841,LOJA 841,57816,OSELTAMIVIR 30MG CAPS/10 GN-NATCOF,105913,C,3,2,3,0.84,5,3.0,0,3.0,0,,3.0,0,0.0,0.0,1.0,0.0,0.0,0.0,3.0,0,72.09,73.66,216.27,0.0,2.0,144.18,0,1,PAGUE E LEVE
test_q4_2024,2024-12-14,841,LOJA 841,57816,OSELTAMIVIR 30MG CAPS/10 GN-NATCOF,105913,C,3,2,3,0.84,5,3.0,0,3.0,0,,3.0,0,0.0,0.0,1.0,0.0,0.0,0.0,3.0,0,72.09,73.66,216.27,0.0,2.0,144.18,0,0,
test_q4_2024,2024-12-15,841,LOJA 841,57816,OSELTAMIVIR 30MG CAPS/10 GN-NATCOF,105913,C,3,2,3,0.84,5,3.0,0,3.0,0,,3.0,0,0.0,0.0,1.0,0.0,0.0,0.0,3.0,0,72.09,73.66,216.27,0.0,,,0,0,
test_q4_2024,2024-12-16,841,LOJA 841,57816,OSELTAMIVIR 30MG CAPS/10 GN-NATCOF,105913,C,3,2,3,0.84,5,3.0,0,3.0,0,,3.0,0,0.0,0.0,1.0,0.0,0.0,0.0,3.0,0,72.09,73.66,216.27,0.0,2.0,144.18,0,0,
test_q4_2024,2024-12-17,841,LOJA 841,57816,OSELTAMIVIR 30MG CAPS/10 GN-NATCOF,105913,C,3,2,3,0.84,5,3.0,0,3.0,0,,3.0,0,0.0,0.0,1.0,0.0,0.0,0.0,3.0,0,72.09,73.66,216.27,0.0,2.0,144.18,0,0,
test_q4_2024,2024-12-18,841,LOJA 841,57816,OSELTAMIVIR 30MG CAPS/10 GN-NATCOF,105913,C,3,2,3,0.84,5,3.0,0,3.0,0,,3.0,0,0.0,0.0,1.0,0.0,0.0,0.0,3.0,0,72.09,73.66,216.27,0.0,2.0,144.18,0,0,
test_q4_2024,2024-12-19,841,LOJA 841,57816,OSELTAMIVIR 30MG CAPS/10 GN-NATCOF,105913,C,3,2,3,0.84,5,3.0,0,3.0,0,,3.0,0,0.0,0.0,1.0,0.0,0.0,0.0,3.0,0,72.09,73.66,216.27,0.0,2.0,144.18,0,0,
test_q4_2024,2024-12-20,841,LOJA 841,57816,OSELTAMIVIR 30MG CAPS/10 GN-NATCOF,105913,C,3,2,3,0.84,5,3.0,0,3.0,0,,3.0,0,0.0,0.0,1.0,0.0,0.0,0.0,3.0,0,72.09,73.66,216.27,0.0,2.0,144.18,0,1,PAGUE E LEVE
test_q4_2024,2024-12-21,841,LOJA 841,57816,OSELTAMIVIR 30MG CAPS/10 GN-NATCOF,105913,C,3,2,3,0.84,5,3.0,0,3.0,0,,3.0,0,0.0,0.0,1.0,0.0,0.0,0.0,3.0,0,72.09,73.66,216.27,0.0,2.0,144.18,0,0,
test_q4_2024,2024-12-22,841,LOJA 841,57816,OSELTAMIVIR 30MG CAPS/10 GN-NATCOF,105913,C,3,2,3,0.84,5,3.0,0,3.0,0,,3.0,0,0.0,0.0,1.0,0.0,0.0,0.0,3.0,0,72.09,73.66,216.27,0.0,,,0,0,
test_q4_2024,2024-12-23,841,LOJA 841,57816,OSELTAMIVIR 30MG CAPS/10 GN-NATCOF,105913,C,3,2,3,0.84,5,3.0,0,3.0,0,,3.0,0,0.0,0.0,1.0,0.0,0.0,0.0,3.0,0,72.09,73.66,216.27,0.0,2.0,144.18,0,0,
test_q4_2024,2024-12-24,841,LOJA 841,57816,OSELTAMIVIR 30MG CAPS/10 GN-NATCOF,105913,C,3,2,3,0.84,5,3.0,0,3.0,0,,3.0,0,0.0,0.0,1.0,0.0,0.0,0.0,3.0,0,72.09,73.66,216.27,0.0,2.0,144.18,0,0,
test_q4_2024,2024-12-25,841,LOJA 841,57816,OSELTAMIVIR 30MG CAPS/10 GN-NATCOF,105913,C,3,2,3,0.84,5,3.0,0,3.0,0,,3.0,0,0.0,0.0,1.0,0.0,0.0,0.0,3.0,0,72.09,73.66,216.27,0.0,2.0,144.18,0,0,
test_q4_2024,2024-12-26,841,LOJA 841,57816,OSELTAMIVIR 30MG CAPS/10 GN-NATCOF,105913,C,3,2,3,0.84,5,3.0,0,3.0,0,,3.0,0,0.0,0.0,1.0,0.0,0.0,0.0,3.0,0,72.09,73.66,216.27,0.0,2.0,144.18,0,0,
test_q4_2024,2024-12-27,841,LOJA 841,57816,OSELTAMIVIR 30MG CAPS/10 GN-NATCOF,105913,C,3,2,3,0.84,5,3.0,0,3.0,0,,3.0,0,0.0,0.0,1.0,0.0,0.0,0.0,3.0,0,72.09,73.66,216.27,0.0,2.0,144.18,0,1,PAGUE E LEVE
test_q4_2024,2024-12-28,841,LOJA 841,57816,OSELTAMIVIR 30MG CAPS/10 GN-NATCOF,105913,C,3,2,3,0.84,5,3.0,0,3.0,0,,3.0,0,0.0,0.0,1.0,2.0,2.0,0.0,1.0,0,72.09,73.66,72.09,0.0,2.0,144.18,0,0,
test_q4_2024,2024-12-29,841,LOJA 841,57816,OSELTAMIVIR 30MG CAPS/10 GN-NATCOF,105913,C,3,2,3,0.84,5,1.0,0,1.0,2,2025-01-01,3.0,2,0.0,0.0,1.0,0.0,0.0,0.0,1.0,0,72.09,73.66,72.09,43.8,,,0,0,
test_q4_2024,2024-12-30,841,LOJA 841,57816,OSELTAMIVIR 30MG CAPS/10 GN-NATCOF,105913,C,3,2,3,0.84,5,1.0,0,3.0,0,,3.0,2,0.0,0.0,1.0,0.0,0.0,0.0,1.0,0,72.09,73.66,72.09,0.0,0.0,0.0,1,0,
test_q4_2024,2024-12-31,841,LOJA 841,57816,OSELTAMIVIR 30MG CAPS/10 GN-NATCOF,105913,C,3,2,3,0.84,5,1.0,0,3.0,0,,3.0,2,0.0,0.0,1.0,0.0,0.0,0.0,1.0,0,72.09,73.66,72.09,0.0,0.0,0.0,1,0,
test_q4_2024,2024-10-01,841,LOJA 841,57817,OSELTAMIVIR 45MG CAPS/10 GN-NATCOF,105913,B,3,2,3,0.84,5,2.0,0,2.0,1,2024-10-04,3.0,1,0.0161,0.1324,1.0,0.0,0.0,0.0,2.0,0,108.14,110.2,216.28,65.71,1.0,108.14,0,1,PAGUE E LEVE
test_q4_2024,2024-10-02,841,LOJA 841,57817,OSELTAMIVIR 45MG CAPS/10 GN-NATCOF,105913,B,3,2,3,0.84,5,2.0,0,3.0,0,,3.0,1,0.0161,0.1324,1.0,0.0,0.0,0.0,2.0,0,108.14,110.2,216.28,0.0,1.0,108.14,0,0,
test_q4_2024,2024-10-03,841,LOJA 841,57817,OSELTAMIVIR 45MG CAPS/10 GN-NATCOF,105913,B,3,2,3,0.84,5,2.0,0,3.0,0,,3.0,1,0.0161,0.1324,1.0,0.0,0.0,0.0,2.0,0,108.14,110.2,216.28,0.0,1.0,108.14,0,0,
test_q4_2024,2024-10-04,841,LOJA 841,57817,OSELTAMIVIR 45MG CAPS/10 GN-NATCOF,105913,B,3,2,3,0.84,5,3.0,1,3.0,0,,3.0,0,0.0161,0.1324,1.0,0.0,0.0,0.0,3.0,0,108.14,110.2,324.42,0.0,1.0,108.14,0,1,PAGUE E LEVE
test_q4_2024,2024-10-05,841,LOJA 841,57817,OSELTAMIVIR 45MG CAPS/10 GN-NATCOF,105913,B,3,2,3,0.84,5,3.0,0,3.0,0,,3.0,0,0.0161,0.1324,1.0,0.0,0.0,0.0,3.0,0,108.14,110.2,324.42,0.0,1.0,108.14,0,0,
test_q4_2024,2024-10-06,841,LOJA 841,57817,OSELTAMIVIR 45MG CAPS/10 GN-NATCOF,105913,B,3,2,3,0.84,5,3.0,0,3.0,0,,3.0,0,0.0161,0.1324,1.0,0.0,0.0,0.0,3.0,0,108.14,110.2,324.42,0.0,,,0,0,
test_q4_2024,2024-10-07,841,LOJA 841,57817,OSELTAMIVIR 45MG CAPS/10 GN-NATCOF,105913,B,3,2,3,0.84,5,3.0,0,3.0,0,,3.0,0,0.0598,0.1324,1.0,0.0,0.0,0.0,3.0,0,108.14,110.2,324.42,0.0,2.0,216.28,0,0,
test_q4_2024,2024-10-08,841,LOJA 841,57817,OSELTAMIVIR 45MG CAPS/10 GN-NATCOF,105913,B,3,2,3,0.84,5,3.0,0,3.0,0,,3.0,0,0.0161,0.1324,1.0,0.0,0.0,0.0,3.0,0,108.14,110.2,324.42,0.0,2.0,216.28,0,0,
test_q4_2024,2024-10-09,841,LOJA 841,57817,OSELTAMIVIR 45MG CAPS/10 GN-NATCOF,105913,B,3,2,3,0.84,5,3.0,0,3.0,0,,3.0,0,0.0161,0.1324,1.0,0.0,0.0,0.0,3.0,0,108.14,110.2,324.42,0.0,2.0,216.28,0,0,
test_q4_2024,2024-10-10,841,LOJA 841,57817,OSELTAMIVIR 45MG CAPS/10 GN-NATCOF,105913,B,3,2,3,0.84,5,3.0,0,3.0,0,,3.0,0,0.0161,0.1324,1.0,0.0,0.0,0.0,3.0,0,108.14,110.2,324.42,0.0,2.0,216.28,0,0,
test_q4_2024,2024-10-11,841,LOJA 841,57817,OSELTAMIVIR 45MG CAPS/10 GN-NATCOF,105913,B,3,2,3,0.84,5,3.0,0,3.0,0,,3.0,0,0.0161,0.1324,1.0,0.0,0.0,0.0,3.0,0,108.14,110.2,324.42,0.0,2.0,216.28,0,1,PAGUE E LEVE
test_q4_2024,2024-10-12,841,LOJA 841,57817,OSELTAMIVIR 45MG CAPS/10 GN-NATCOF,105913,B,3,2,3,0.84,5,3.0,0,3.0,0,,3.0,0,0.0161,0.1324,1.0,0.0,0.0,0.0,3.0,0,108.14,110.2,324.42,0.0,2.0,216.28,0,0,
test_q4_2024,2024-10-13,841,LOJA 841,57817,OSELTAMIVIR 45MG CAPS/10 GN-NATCOF,105913,B,3,2,3,0.84,5,3.0,0,3.0,0,,3.0,0,0.0161,0.1324,1.0,0.0,0.0,0.0,3.0,0,108.14,110.2,324.42,0.0,,,0,0,
test_q4_2024,2024-10-14,841,LOJA 841,57817,OSELTAMIVIR 45MG CAPS/10 GN-NATCOF,105913,B,3,2,3,0.84,5,3.0,0,3.0,0,,3.0,0,0.0598,0.1324,1.0,0.0,0.0,0.0,3.0,0,108.14,110.2,324.42,0.0,2.0,216.28,0,0,
test_q4_2024,2024-10-15,841,LOJA 841,57817,OSELTAMIVIR 45MG CAPS/10 GN-NATCOF,105913,B,3,2,3,0.84,5,3.0,0,3.0,0,,3.0,0,0.0161,0.1324,1.0,0.0,0.0,0.0,3.0,0,108.14,110.2,324.42,0.0,2.0,216.28,0,0,
test_q4_2024,2024-10-16,841,LOJA 841,57817,OSELTAMIVIR 45MG CAPS/10 GN-NATCOF,105913,B,3,2,3,0.84,5,3.0,0,3.0,0,,3.0,0,0.0161,0.1324,1.0,0.0,0.0,0.0,3.0,0,108.14,110.2,324.42,0.0,2.0,216.28,0,0,
test_q4_2024,2024-10-17,841,LOJA 841,57817,OSELTAMIVIR 45MG CAPS/10 GN-NATCOF,105913,B,3,2,3,0.84,5,3.0,0,3.0,0,,3.0,0,0.0161,0.1324,1.0,0.0,0.0,0.0,3.0,0,108.14,110.2,324.42,0.0,2.0,216.28,0,0,
test_q4_2024,2024-10-18,841,LOJA 841,57817,OSELTAMIVIR 45MG CAPS/10 GN-NATCOF,105913,B,3,2,3,0.84,5,3.0,0,3.0,0,,3.0,0,0.0161,0.1324,1.0,0.0,0.0,0.0,3.0,0,108.14,110.2,324.42,0.0,2.0,216.28,0,1,PAGUE E LEVE
test_q4_2024,2024-10-19,841,LOJA 841,57817,OSELTAMIVIR 45MG CAPS/10 GN-NATCOF,105913,B,3,2,3,0.84,5,3.0,0,3.0,0,,3.0,0,0.0161,0.1324,1.0,0.0,0.0,0.0,3.0,0,108.14,110.2,324.42,0.0,2.0,216.28,0,0,
test_q4_2024,2024-10-20,841,LOJA 841,57817,OSELTAMIVIR 45MG CAPS/10 GN-NATCOF,105913,B,3,2,3,0.84,5,3.0,0,3.0,0,,3.0,0,0.0161,0.1324,1.0,0.0,0.0,0.0,3.0,0,108.14,110.2,324.42,0.0,,,0,0,
test_q4_2024,2024-10-21,841,LOJA 841,57817,OSELTAMIVIR 45MG CAPS/10 GN-NATCOF,105913,B,3,2,3,0.84,5,3.0,0,3.0,0,,3.0,0,0.0598,0.1324,1.0,0.0,0.0,0.0,3.0,0,108.14,110.2,324.42,0.0,2.0,216.28,0,0,
test_q4_2024,2024-10-22,841,LOJA 841,57817,OSELTAMIVIR 45MG CAPS/10 GN-NATCOF,105913,B,3,2,3,0.84,5,3.0,0,3.0,0,,3.0,0,0.0161,0.1324,1.0,0.0,0.0,0.0,3.0,0,108.14,110.2,324.42,0.0,2.0,216.28,0,0,
test_q4_2024,2024-10-23,841,LOJA 841,57817,OSELTAMIVIR 45MG CAPS/10 GN-NATCOF,105913,B,3,2,3,0.84,5,3.0,0,3.0,0,,3.0,0,0.0161,0.1324,1.0,0.0,0.0,0.0,3.0,0,108.14,110.2,324.42,0.0,2.0,216.28,0,0,
test_q4_2024,2024-10-24,841,LOJA 841,57817,OSELTAMIVIR 45MG CAPS/10 GN-NATCOF,105913,B,3,2,3,0.84,5,3.0,0,3.0,0,,3.0,0,0.0161,0.1324,1.0,0.0,0.0,0.0,3.0,0,108.14,110.2,324.42,0.0,2.0,216.28,0,0,
test_q4_2024,2024-10-25,841,LOJA 841,57817,OSELTAMIVIR 45MG CAPS/10 GN-NATCOF,105913,B,3,2,3,0.84,5,3.0,0,3.0,0,,3.0,0,0.0161,0.1324,1.0,0.0,0.0,0.0,3.0,0,108.14,110.2,324.42,0.0,2.0,216.28,0,1,PAGUE E LEVE
test_q4_2024,2024-10-26,841,LOJA 841,57817,OSELTAMIVIR 45MG CAPS/10 GN-NATCOF,105913,B,3,2,3,0.84,5,3.0,0,3.0,0,,3.0,0,0.0161,0.1324,1.0,0.0,0.0,0.0,3.0,0,108.14,110.2,324.42,0.0,2.0,216.28,0,0,
test_q4_2024,2024-10-27,841,LOJA 841,57817,OSELTAMIVIR 45MG CAPS/10 GN-NATCOF,105913,B,3,2,3,0.84,5,3.0,0,3.0,0,,3.0,0,0.0161,0.1324,1.0,0.0,0.0,0.0,3.0,0,108.14,110.2,324.42,0.0,,,0,0,
test_q4_2024,2024-10-28,841,LOJA 841,57817,OSELTAMIVIR 45MG CAPS/10 GN-NATCOF,105913,B,3,2,3,0.84,5,3.0,0,3.0,0,,3.0,0,0.0598,0.1324,1.0,0.0,0.0,0.0,3.0,0,108.14,110.2,324.42,0.0,2.0,216.28,0,0,
test_q4_2024,2024-10-29,841,LOJA 841,57817,OSELTAMIVIR 45MG CAPS/10 GN-NATCOF,105913,B,3,2,3,0.84,5,3.0,0,3.0,0,,3.0,0,0.0161,0.1324,1.0,0.0,0.0,0.0,3.0,0,108.14,110.2,324.42,0.0,2.0,216.28,0,0,
test_q4_2024,2024-10-30,841,LOJA 841,57817,OSELTAMIVIR 45MG CAPS/10 GN-NATCOF,105913,B,3,2,3,0.84,5,3.0,0,3.0,0,,3.0,0,0.0161,0.1324,1.0,0.0,0.0,0.0,3.0,0,108.14,110.2,324.42,0.0,2.0,216.28,0,0,
test_q4_2024,2024-10-31,841,LOJA 841,57817,OSELTAMIVIR 45MG CAPS/10 GN-NATCOF,105913,B,3,2,3,0.84,5,3.0,0,3.0,0,,3.0,0,0.0161,0.1324,1.0,0.0,0.0,0.0,3.0,0,108.14,110.2,324.42,0.0,2.0,216.28,0,0,
test_q4_2024,2024-11-01,841,LOJA 841,57817,OSELTAMIVIR 45MG CAPS/10 GN-NATCOF,105913,B,3,2,3,0.84,5,3.0,0,3.0,0,,3.0,0,0.0161,0.1324,1.0,0.0,0.0,0.0,3.0,0,108.14,110.2,324.42,0.0,2.0,216.28,0,1,PAGUE E LEVE
test_q4_2024,2024-11-02,841,LOJA 841,57817,OSELTAMIVIR 45MG CAPS/10 GN-NATCOF,105913,B,3,2,3,0.84,5,3.0,0,3.0,0,,3.0,0,0.0161,0.1324,1.0,0.0,0.0,0.0,3.0,0,108.14,110.2,324.42,0.0,2.0,216.28,0,0,
test_q4_2024,2024-11-03,841,LOJA 841,57817,OSELTAMIVIR 45MG CAPS/10 GN-NATCOF,105913,B,3,2,3,0.84,5,3.0,0,3.0,0,,3.0,0,0.0161,0.1324,1.0,0.0,0.0,0.0,3.0,0,108.14,110.2,324.42,0.0,,,0,0,
test_q4_2024,2024-11-04,841,LOJA 841,57817,OSELTAMIVIR 45MG CAPS/10 GN-NATCOF,105913,B,3,2,3,0.84,5,3.0,0,3.0,0,,3.0,0,0.0598,0.1324,1.0,0.0,0.0,0.0,3.0,0,108.14,110.2,324.42,0.0,2.0,216.28,0,0,
test_q4_2024,2024-11-05,841,LOJA 841,57817,OSELTAMIVIR 45MG CAPS/10 GN-NATCOF,105913,B,3,2,3,0.84,5,3.0,0,3.0,0,,3.0,0,0.0161,0.1324,1.0,0.0,0.0,0.0,3.0,0,108.14,110.2,324.42,0.0,2.0,216.28,0,0,
test_q4_2024,2024-11-06,841,LOJA 841,57817,OSELTAMIVIR 45MG CAPS/10 GN-NATCOF,105913,B,3,2,3,0.84,5,3.0,0,3.0,0,,3.0,0,0.0161,0.1324,1.0,0.0,0.0,0.0,3.0,0,108.14,110.2,324.42,0.0,2.0,216.28,0,0,
test_q4_2024,2024-11-07,841,LOJA 841,57817,OSELTAMIVIR 45MG CAPS/10 GN-NATCOF,105913,B,3,2,3,0.84,5,3.0,0,3.0,0,,3.0,0,0.0161,0.1324,1.0,0.0,0.0,0.0,3.0,0,108.14,110.2,324.42,0.0,2.0,216.28,0,0,
test_q4_2024,2024-11-08,841,LOJA 841,57817,OSELTAMIVIR 45MG CAPS/10 GN-NATCOF,105913,B,3,2,3,0.84,5,3.0,0,3.0,0,,3.0,0,0.0161,0.1324,1.0,0.0,0.0,0.0,3.0,0,108.14,110.2,324.42,0.0,2.0,216.28,0,1,PAGUE E LEVE
test_q4_2024,2024-11-09,841,LOJA 841,57817,OSELTAMIVIR 45MG CAPS/10 GN-NATCOF,105913,B,3,2,3,0.84,5,3.0,0,3.0,0,,3.0,0,0.0161,0.1324,1.0,0.0,0.0,0.0,3.0,0,108.14,110.2,324.42,0.0,2.0,216.28,0,0,
test_q4_2024,2024-11-10,841,LOJA 841,57817,OSELTAMIVIR 45MG CAPS/10 GN-NATCOF,105913,B,3,2,3,0.84,5,3.0,0,3.0,0,,3.0,0,0.0161,0.1324,1.0,0.0,0.0,0.0,3.0,0,108.14,110.2,324.42,0.0,,,0,0,
test_q4_2024,2024-11-11,841,LOJA 841,57817,OSELTAMIVIR 45MG CAPS/10 GN-NATCOF,105913,B,3,2,3,0.84,5,3.0,0,3.0,0,,3.0,0,0.0598,0.1324,1.0,0.0,0.0,0.0,3.0,0,108.14,110.2,324.42,0.0,2.0,216.28,0,0,
test_q4_2024,2024-11-12,841,LOJA 841,57817,OSELTAMIVIR 45MG CAPS/10 GN-NATCOF,105913,B,3,2,3,0.84,5,3.0,0,3.0,0,,3.0,0,0.0161,0.1324,1.0,0.0,0.0,0.0,3.0,0,108.14,110.2,324.42,0.0,2.0,216.28,0,0,
test_q4_2024,2024-11-13,841,LOJA 841,57817,OSELTAMIVIR 45MG CAPS/10 GN-NATCOF,105913,B,3,2,3,0.84,5,3.0,0,3.0,0,,3.0,0,0.0161,0.1324,1.0,0.0,0.0,0.0,3.0,0,108.14,110.2,324.42,0.0,2.0,216.28,0,0,
test_q4_2024,2024-11-14,841,LOJA 841,57817,OSELTAMIVIR 45MG CAPS/10 GN-NATCOF,105913,B,3,2,3,0.84,5,3.0,0,3.0,0,,3.0,0,0.0161,0.1324,1.0,0.0,0.0,0.0,3.0,0,108.14,110.2,324.42,0.0,2.0,216.28,0,0,
test_q4_2024,2024-11-15,841,LOJA 841,57817,OSELTAMIVIR 45MG CAPS/10 GN-NATCOF,105913,B,3,2,3,0.84,5,3.0,0,3.0,0,,3.0,0,0.0161,0.1324,1.0,0.0,0.0,0.0,3.0,0,108.14,110.2,324.42,0.0,2.0,216.28,0,1,PAGUE E LEVE
test_q4_2024,2024-11-16,841,LOJA 841,57817,OSELTAMIVIR 45MG CAPS/10 GN-NATCOF,105913,B,3,2,3,0.84,5,3.0,0,3.0,0,,3.0,0,0.0161,0.1324,1.0,0.0,0.0,0.0,3.0,0,108.14,110.2,324.42,0.0,2.0,216.28,0,0,
test_q4_2024,2024-11-17,841,LOJA 841,57817,OSELTAMIVIR 45MG CAPS/10 GN-NATCOF,105913,B,3,2,3,0.84,5,3.0,0,3.0,0,,3.0,0,0.0161,0.1324,1.0,0.0,0.0,0.0,3.0,0,108.14,110.2,324.42,0.0,,,0,0,
test_q4_2024,2024-11-18,841,LOJA 841,57817,OSELTAMIVIR 45MG CAPS/10 GN-NATCOF,105913,B,3,2,3,0.84,5,3.0,0,3.0,0,,3.0,0,0.0598,0.1324,1.0,0.0,0.0,0.0,3.0,0,108.14,110.2,324.42,0.0,2.0,216.28,0,0,
test_q4_2024,2024-11-19,841,LOJA 841,57817,OSELTAMIVIR 45MG CAPS/10 GN-NATCOF,105913,B,3,2,3,0.84,5,3.0,0,3.0,0,,3.0,0,0.0161,0.1324,1.0,0.0,0.0,0.0,3.0,0,108.14,110.2,324.42,0.0,2.0,216.28,0,0,
test_q4_2024,2024-11-20,841,LOJA 841,57817,OSELTAMIVIR 45MG CAPS/10 GN-NATCOF,105913,B,3,2,3,0.84,5,3.0,0,3.0,0,,3.0,0,0.0161,0.1324,1.0,0.0,0.0,0.0,3.0,0,108.14,110.2,324.42,0.0,2.0,216.28,0,0,
test_q4_2024,2024-11-21,841,LOJA 841,57817,OSELTAMIVIR 45MG CAPS/10 GN-NATCOF,105913,B,3,2,3,0.84,5,3.0,0,3.0,0,,3.0,0,0.0161,0.1324,1.0,0.0,0.0,0.0,3.0,0,108.14,110.2,324.42,0.0,2.0,216.28,0,0,
test_q4_2024,2024-11-22,841,LOJA 841,57817,OSELTAMIVIR 45MG CAPS/10 GN-NATCOF,105913,B,3,2,3,0.84,5,3.0,0,3.0,0,,3.0,0,0.0161,0.1324,1.0,0.0,0.0,0.0,3.0,0,108.14,110.2,324.42,0.0,2.0,216.28,0,1,PAGUE E LEVE
test_q4_2024,2024-11-23,841,LOJA 841,57817,OSELTAMIVIR 45MG CAPS/10 GN-NATCOF,105913,B,3,2,3,0.84,5,3.0,0,3.0,0,,3.0,0,0.0161,0.1324,1.0,0.0,0.0,0.0,3.0,0,108.14,110.2,324.42,0.0,2.0,216.28,0,0,
test_q4_2024,2024-11-24,841,LOJA 841,57817,OSELTAMIVIR 45MG CAPS/10 GN-NATCOF,105913,B,3,2,3,0.84,5,3.0,0,3.0,0,,3.0,0,0.0161,0.1324,1.0,0.0,0.0,0.0,3.0,0,108.14,110.2,324.42,0.0,,,0,0,
test_q4_2024,2024-11-25,841,LOJA 841,57817,OSELTAMIVIR 45MG CAPS/10 GN-NATCOF,105913,B,3,2,3,0.84,5,3.0,0,3.0,0,,3.0,0,0.0598,0.1324,1.0,0.0,0.0,0.0,3.0,0,108.14,110.2,324.42,0.0,2.0,216.28,0,0,
test_q4_2024,2024-11-26,841,LOJA 841,57817,OSELTAMIVIR 45MG CAPS/10 GN-NATCOF,105913,B,3,2,3,0.84,5,3.0,0,3.0,0,,3.0,0,0.0161,0.1324,1.0,0.0,0.0,0.0,3.0,0,108.14,110.2,324.42,0.0,2.0,216.28,0,0,
test_q4_2024,2024-11-27,841,LOJA 841,57817,OSELTAMIVIR 45MG CAPS/10 GN-NATCOF,105913,B,3,2,3,0.84,5,3.0,0,3.0,0,,3.0,0,0.0161,0.1324,1.0,0.0,0.0,0.0,3.0,0,108.14,110.2,324.42,0.0,2.0,216.28,0,0,
test_q4_2024,2024-11-28,841,LOJA 841,57817,OSELTAMIVIR 45MG CAPS/10 GN-NATCOF,105913,B,3,2,3,0.84,5,3.0,0,3.0,0,,3.0,0,0.0161,0.1324,1.0,0.0,0.0,0.0,3.0,0,108.14,110.2,324.42,0.0,2.0,216.28,0,0,
test_q4_2024,2024-11-29,841,LOJA 841,57817,OSELTAMIVIR 45MG CAPS/10 GN-NATCOF,105913,B,3,2,3,0.84,5,3.0,0,3.0,0,,3.0,0,0.0161,0.1324,1.0,0.0,0.0,0.0,3.0,0,108.14,110.2,324.42,0.0,2.0,216.28,0,1,PAGUE E LEVE
test_q4_2024,2024-11-30,841,LOJA 841,57817,OSELTAMIVIR 45MG CAPS/10 GN-NATCOF,105913,B,3,2,3,0.84,5,3.0,0,3.0,0,,3.0,0,0.0161,0.1324,1.0,0.0,0.0,0.0,3.0,0,108.14,110.2,324.42,0.0,2.0,216.28,0,0,
test_q4_2024,2024-12-01,841,LOJA 841,57817,OSELTAMIVIR 45MG CAPS/10 GN-NATCOF,105913,B,3,2,3,0.84,5,3.0,0,3.0,0,,3.0,0,0.0161,0.1324,1.0,0.0,0.0,0.0,3.0,0,108.14,110.2,324.42,0.0,,,0,0,
test_q4_2024,2024-12-02,841,LOJA 841,57817,OSELTAMIVIR 45MG CAPS/10 GN-NATCOF,105913,B,3,2,3,0.84,5,3.0,0,3.0,0,,3.0,0,0.0598,0.1324,1.0,0.0,0.0,0.0,3.0,0,108.14,110.2,324.42,0.0,2.0,216.28,0,0,
test_q4_2024,2024-12-03,841,LOJA 841,57817,OSELTAMIVIR 45MG CAPS/10 GN-NATCOF,105913,B,3,2,3,0.84,5,3.0,0,3.0,0,,3.0,0,0.0161,0.1324,1.0,0.0,0.0,0.0,3.0,0,108.14,110.2,324.42,0.0,2.0,216.28,0,0,
test_q4_2024,2024-12-04,841,LOJA 841,57817,OSELTAMIVIR 45MG CAPS/10 GN-NATCOF,105913,B,3,2,3,0.84,5,3.0,0,3.0,0,,3.0,0,0.0161,0.1324,1.0,0.0,0.0,0.0,3.0,0,108.14,110.2,324.42,0.0,2.0,216.28,0,0,
test_q4_2024,2024-12-05,841,LOJA 841,57817,OSELTAMIVIR 45MG CAPS/10 GN-NATCOF,105913,B,3,2,3,0.84,5,3.0,0,3.0,0,,3.0,0,0.0161,0.1324,1.0,0.0,0.0,0.0,3.0,0,108.14,110.2,324.42,0.0,2.0,216.28,0,0,
test_q4_2024,2024-12-06,841,LOJA 841,57817,OSELTAMIVIR 45MG CAPS/10 GN-NATCOF,105913,B,3,2,3,0.84,5,3.0,0,3.0,0,,3.0,0,0.0161,0.1324,1.0,0.0,0.0,0.0,3.0,0,108.14,110.2,324.42,0.0,2.0,216.28,0,1,PAGUE E LEVE
test_q4_2024,2024-12-07,841,LOJA 841,57817,OSELTAMIVIR 45MG CAPS/10 GN-NATCOF,105913,B,3,2,3,0.84,5,3.0,0,3.0,0,,3.0,0,0.0161,0.1324,1.0,0.0,0.0,0.0,3.0,0,108.14,110.2,324.42,0.0,2.0,216.28,0,0,
test_q4_2024,2024-12-08,841,LOJA 841,57817,OSELTAMIVIR 45MG CAPS/10 GN-NATCOF,105913,B,3,2,3,0.84,5,3.0,0,3.0,0,,3.0,0,0.0161,0.1324,1.0,0.0,0.0,0.0,3.0,0,108.14,110.2,324.42,0.0,,,0,0,
test_q4_2024,2024-12-09,841,LOJA 841,57817,OSELTAMIVIR 45MG CAPS/10 GN-NATCOF,105913,B,3,2,3,0.84,5,3.0,0,3.0,0,,3.0,0,0.0598,0.1324,1.0,0.0,0.0,0.0,3.0,0,108.14,110.2,324.42,0.0,2.0,216.28,0,0,
test_q4_2024,2024-12-10,841,LOJA 841,57817,OSELTAMIVIR 45MG CAPS/10 GN-NATCOF,105913,B,3,2,3,0.84,5,3.0,0,3.0,0,,3.0,0,0.0161,0.1324,1.0,1.0,1.0,0.0,2.0,0,108.14,110.2,216.28,0.0,2.0,216.28,0,0,
test_q4_2024,2024-12-11,841,LOJA 841,57817,OSELTAMIVIR 45MG CAPS/10 GN-NATCOF,105913,B,3,2,3,0.84,5,2.0,0,2.0,1,2024-12-14,3.0,1,0.0161,0.1324,1.0,0.0,0.0,0.0,2.0,0,108.14,110.2,216.28,65.71,1.0,108.14,0,0,
test_q4_2024,2024-12-12,841,LOJA 841,57817,OSELTAMIVIR 45MG CAPS/10 GN-NATCOF,105913,B,3,2,3,0.84,5,2.0,0,3.0,0,,3.0,1,0.0161,0.1324,1.0,0.0,0.0,0.0,2.0,0,108.14,110.2,216.28,0.0,1.0,108.14,0,0,
test_q4_2024,2024-12-13,841,LOJA 841,57817,OSELTAMIVIR 45MG CAPS/10 GN-NATCOF,105913,B,3,2,3,0.84,5,2.0,0,3.0,0,,3.0,1,0.0161,0.1324,1.0,0.0,0.0,0.0,2.0,0,108.14,110.2,216.28,0.0,1.0,108.14,0,1,PAGUE E LEVE
test_q4_2024,2024-12-14,841,LOJA 841,57817,OSELTAMIVIR 45MG CAPS/10 GN-NATCOF,105913,B,3,2,3,0.84,5,3.0,1,3.0,0,,3.0,0,0.0161,0.1324,1.0,0.0,0.0,0.0,3.0,0,108.14,110.2,324.42,0.0,1.0,108.14,0,0,
test_q4_2024,2024-12-15,841,LOJA 841,57817,OSELTAMIVIR 45MG CAPS/10 GN-NATCOF,105913,B,3,2,3,0.84,5,3.0,0,3.0,0,,3.0,0,0.0161,0.1324,1.0,0.0,0.0,0.0,3.0,0,108.14,110.2,324.42,0.0,,,0,0,
test_q4_2024,2024-12-16,841,LOJA 841,57817,OSELTAMIVIR 45MG CAPS/10 GN-NATCOF,105913,B,3,2,3,0.84,5,3.0,0,3.0,0,,3.0,0,0.0598,0.1324,1.0,0.0,0.0,0.0,3.0,0,108.14,110.2,324.42,0.0,1.0,108.14,0,0,
test_q4_2024,2024-12-17,841,LOJA 841,57817,OSELTAMIVIR 45MG CAPS/10 GN-NATCOF,105913,B,3,2,3,0.84,5,3.0,0,3.0,0,,3.0,0,0.0161,0.1324,1.0,0.0,0.0,0.0,3.0,0,108.14,110.2,324.42,0.0,1.0,108.14,0,0,
test_q4_2024,2024-12-18,841,LOJA 841,57817,OSELTAMIVIR 45MG CAPS/10 GN-NATCOF,105913,B,3,2,3,0.84,5,3.0,0,3.0,0,,3.0,0,0.0161,0.1324,1.0,0.0,0.0,0.0,3.0,0,108.14,110.2,324.42,0.0,1.0,108.14,0,0,
test_q4_2024,2024-12-19,841,LOJA 841,57817,OSELTAMIVIR 45MG CAPS/10 GN-NATCOF,105913,B,3,2,3,0.84,5,3.0,0,3.0,0,,3.0,0,0.0161,0.1324,1.0,0.0,0.0,0.0,3.0,0,108.14,110.2,324.42,0.0,2.0,216.28,0,0,
test_q4_2024,2024-12-20,841,LOJA 841,57817,OSELTAMIVIR 45MG CAPS/10 GN-NATCOF,105913,B,3,2,3,0.84,5,3.0,0,3.0,0,,3.0,0,0.0161,0.1324,1.0,0.0,0.0,0.0,3.0,0,108.14,110.2,324.42,0.0,2.0,216.28,0,1,PAGUE E LEVE
test_q4_2024,2024-12-21,841,LOJA 841,57817,OSELTAMIVIR 45MG CAPS/10 GN-NATCOF,105913,B,3,2,3,0.84,5,3.0,0,3.0,0,,3.0,0,0.0161,0.1324,1.0,0.0,0.0,0.0,3.0,0,108.14,110.2,324.42,0.0,2.0,216.28,0,0,
test_q4_2024,2024-12-22,841,LOJA 841,57817,OSELTAMIVIR 45MG CAPS/10 GN-NATCOF,105913,B,3,2,3,0.84,5,3.0,0,3.0,0,,3.0,0,0.0161,0.1324,1.0,0.0,0.0,0.0,3.0,0,108.14,110.2,324.42,0.0,,,0,0,
test_q4_2024,2024-12-23,841,LOJA 841,57817,OSELTAMIVIR 45MG CAPS/10 GN-NATCOF,105913,B,3,2,3,0.84,5,3.0,0,3.0,0,,3.0,0,0.0598,0.1324,1.0,0.0,0.0,0.0,3.0,0,108.14,110.2,324.42,0.0,2.0,216.28,0,0,
test_q4_2024,2024-12-24,841,LOJA 841,57817,OSELTAMIVIR 45MG CAPS/10 GN-NATCOF,105913,B,3,2,3,0.84,5,3.0,0,3.0,0,,3.0,0,0.0161,0.1324,1.0,0.0,0.0,0.0,3.0,0,108.14,110.2,324.42,0.0,2.0,216.28,0,0,
test_q4_2024,2024-12-25,841,LOJA 841,57817,OSELTAMIVIR 45MG CAPS/10 GN-NATCOF,105913,B,3,2,3,0.84,5,3.0,0,3.0,0,,3.0,0,0.0161,0.1324,1.0,0.0,0.0,0.0,3.0,0,108.14,110.2,324.42,0.0,2.0,216.28,0,0,
test_q4_2024,2024-12-26,841,LOJA 841,57817,OSELTAMIVIR 45MG CAPS/10 GN-NATCOF,105913,B,3,2,3,0.84,5,3.0,0,3.0,0,,3.0,0,0.0161,0.1324,1.0,0.0,0.0,0.0,3.0,0,108.14,110.2,324.42,0.0,2.0,216.28,0,0,
test_q4_2024,2024-12-27,841,LOJA 841,57817,OSELTAMIVIR 45MG CAPS/10 GN-NATCOF,105913,B,3,2,3,0.84,5,3.0,0,3.0,0,,3.0,0,0.0161,0.1324,1.0,0.0,0.0,0.0,3.0,0,108.14,110.2,324.42,0.0,2.0,216.28,0,1,PAGUE E LEVE
test_q4_2024,2024-12-28,841,LOJA 841,57817,OSELTAMIVIR 45MG CAPS/10 GN-NATCOF,105913,B,3,2,3,0.84,5,3.0,0,3.0,0,,3.0,0,0.0161,0.1324,1.0,0.0,0.0,0.0,3.0,0,108.14,110.2,324.42,0.0,2.0,216.28,0,0,
test_q4_2024,2024-12-29,841,LOJA 841,57817,OSELTAMIVIR 45MG CAPS/10 GN-NATCOF,105913,B,3,2,3,0.84,5,3.0,0,3.0,0,,3.0,0,0.0161,0.1324,1.0,0.0,0.0,0.0,3.0,0,108.14,110.2,324.42,0.0,,,0,0,
test_q4_2024,2024-12-30,841,LOJA 841,57817,OSELTAMIVIR 45MG CAPS/10 GN-NATCOF,105913,B,3,2,3,0.84,5,3.0,0,3.0,0,,3.0,0,0.0598,0.1324,1.0,0.0,0.0,0.0,3.0,0,108.14,110.2,324.42,0.0,2.0,216.28,0,0,
test_q4_2024,2024-12-31,841,LOJA 841,57817,OSELTAMIVIR 45MG CAPS/10 GN-NATCOF,105913,B,3,2,3,0.84,5,3.0,0,3.0,0,,3.0,0,0.0161,0.1324,1.0,0.0,0.0,0.0,3.0,0,108.14,110.2,324.42,0.0,2.0,216.28,0,0,
test_q4_2024,2024-10-01,841,LOJA 841,57912,LORATAMED D XPE 60ML,51356,C,3,1,2,0.84,5,3.0,0,3.0,0,,3.0,0,0.0,0.0,1.0,0.0,0.0,0.0,3.0,0,24.54,25.9,73.62,0.0,1.0,24.54,0,0,
test_q4_2024,2024-10-02,841,LOJA 841,57912,LORATAMED D XPE 60ML,51356,C,3,1,2,0.84,5,3.0,0,3.0,0,,3.0,0,0.0,0.0,1.0,0.0,0.0,0.0,3.0,0,24.54,25.9,73.62,0.0,1.0,24.54,0,0,
test_q4_2024,2024-10-03,841,LOJA 841,57912,LORATAMED D XPE 60ML,51356,C,3,1,2,0.84,5,3.0,0,3.0,0,,3.0,0,0.0,0.0,1.0,0.0,0.0,0.0,3.0,0,24.54,25.9,73.62,0.0,1.0,24.54,0,0,
test_q4_2024,2024-10-04,841,LOJA 841,57912,LORATAMED D XPE 60ML,51356,C,3,1,2,0.84,5,3.0,0,3.0,0,,3.0,0,0.0,0.0,1.0,0.0,0.0,0.0,3.0,0,24.54,25.9,73.62,0.0,1.0,24.54,0,0,
test_q4_2024,2024-10-05,841,LOJA 841,57912,LORATAMED D XPE 60ML,51356,C,3,1,2,0.84,5,3.0,0,3.0,0,,3.0,0,0.0,0.0,1.0,0.0,0.0,0.0,3.0,0,24.54,25.9,73.62,0.0,1.0,24.54,0,0,
test_q4_2024,2024-10-06,841,LOJA 841,57912,LORATAMED D XPE 60ML,51356,C,3,1,2,0.84,5,3.0,0,3.0,0,,3.0,0,0.0,0.0,1.0,0.0,0.0,0.0,3.0,0,24.54,25.9,73.62,0.0,,,0,0,
test_q4_2024,2024-10-07,841,LOJA 841,57912,LORATAMED D XPE 60ML,51356,C,3,1,2,0.84,5,3.0,0,3.0,0,,3.0,0,0.0,0.0,1.0,0.0,0.0,0.0,3.0,0,24.54,25.9,73.62,0.0,1.0,24.54,0,0,
test_q4_2024,2024-10-08,841,LOJA 841,57912,LORATAMED D XPE 60ML,51356,C,3,1,2,0.84,5,3.0,0,3.0,0,,3.0,0,0.0,0.0,1.0,0.0,0.0,0.0,3.0,0,24.54,25.9,73.62,0.0,1.0,24.54,0,0,
test_q4_2024,2024-10-09,841,LOJA 841,57912,LORATAMED D XPE 60ML,51356,C,3,1,2,0.84,5,3.0,0,3.0,0,,3.0,0,0.0,0.0,1.0,0.0,0.0,0.0,3.0,0,24.54,25.9,73.62,0.0,1.0,24.54,0,0,
test_q4_2024,2024-10-10,841,LOJA 841,57912,LORATAMED D XPE 60ML,51356,C,3,1,2,0.84,5,3.0,0,3.0,0,,3.0,0,0.0,0.0,1.0,0.0,0.0,0.0,3.0,0,24.54,25.9,73.62,0.0,1.0,24.54,0,0,
test_q4_2024,2024-10-11,841,LOJA 841,57912,LORATAMED D XPE 60ML,51356,C,3,1,2,0.84,5,3.0,0,3.0,0,,3.0,0,0.0,0.0,1.0,0.0,0.0,0.0,3.0,0,24.54,25.9,73.62,0.0,1.0,24.54,0,0,
test_q4_2024,2024-10-12,841,LOJA 841,57912,LORATAMED D XPE 60ML,51356,C,3,1,2,0.84,5,3.0,0,3.0,0,,3.0,0,0.0,0.0,1.0,0.0,0.0,0.0,3.0,0,24.54,25.9,73.62,0.0,1.0,24.54,0,0,
test_q4_2024,2024-10-13,841,LOJA 841,57912,LORATAMED D XPE 60ML,51356,C,3,1,2,0.84,5,3.0,0,3.0,0,,3.0,0,0.0,0.0,1.0,0.0,0.0,0.0,3.0,0,24.54,25.9,73.62,0.0,,,0,0,
test_q4_2024,2024-10-14,841,LOJA 841,57912,LORATAMED D XPE 60ML,51356,C,3,1,2,0.84,5,3.0,0,3.0,0,,3.0,0,0.0,0.0,1.0,0.0,0.0,0.0,3.0,0,24.54,25.9,73.62,0.0,1.0,24.54,0,0,
test_q4_2024,2024-10-15,841,LOJA 841,57912,LORATAMED D XPE 60ML,51356,C,3,1,2,0.84,5,3.0,0,3.0,0,,3.0,0,0.0,0.0,1.0,0.0,0.0,0.0,3.0,0,24.54,25.9,73.62,0.0,1.0,24.54,0,0,
test_q4_2024,2024-10-16,841,LOJA 841,57912,LORATAMED D XPE 60ML,51356,C,3,1,2,0.84,5,3.0,0,3.0,0,,3.0,0,0.0,0.0,1.0,0.0,0.0,0.0,3.0,0,24.54,25.9,73.62,0.0,1.0,24.54,0,0,
test_q4_2024,2024-10-17,841,LOJA 841,57912,LORATAMED D XPE 60ML,51356,C,3,1,2,0.84,5,3.0,0,3.0,0,,3.0,0,0.0,0.0,1.0,0.0,0.0,0.0,3.0,0,24.54,25.9,73.62,0.0,1.0,24.54,0,0,
test_q4_2024,2024-10-18,841,LOJA 841,57912,LORATAMED D XPE 60ML,51356,C,3,1,2,0.84,5,3.0,0,3.0,0,,3.0,0,0.0,0.0,1.0,0.0,0.0,0.0,3.0,0,24.54,25.9,73.62,0.0,0.0,0.0,1,0,
test_q4_2024,2024-10-19,841,LOJA 841,57912,LORATAMED D XPE 60ML,51356,C,3,1,2,0.84,5,3.0,0,3.0,0,,3.0,0,0.0,0.0,1.0,0.0,0.0,0.0,3.0,0,24.54,25.9,73.62,0.0,0.0,0.0,1,0,
test_q4_2024,2024-10-20,841,LOJA 841,57912,LORATAMED D XPE 60ML,51356,C,3,1,2,0.84,5,3.0,0,3.0,0,,3.0,0,0.0,0.0,1.0,0.0,0.0,0.0,3.0,0,24.54,25.9,73.62,0.0,,,0,0,
test_q4_2024,2024-10-21,841,LOJA 841,57912,LORATAMED D XPE 60ML,51356,C,3,1,2,0.84,5,3.0,0,3.0,0,,3.0,0,0.0,0.0,1.0,0.0,0.0,0.0,3.0,0,24.54,25.9,73.62,0.0,0.0,0.0,1,0,
test_q4_2024,2024-10-22,841,LOJA 841,57912,LORATAMED D XPE 60ML,51356,C,3,1,2,0.84,5,3.0,0,3.0,0,,3.0,0,0.0,0.0,1.0,0.0,0.0,0.0,3.0,0,24.54,25.9,73.62,0.0,0.0,0.0,1,0,
test_q4_2024,2024-10-23,841,LOJA 841,57912,LORATAMED D XPE 60ML,51356,C,3,1,2,0.84,5,3.0,0,3.0,0,,3.0,0,0.0,0.0,1.0,0.0,0.0,0.0,3.0,0,24.54,25.9,73.62,0.0,0.0,0.0,1,0,
test_q4_2024,2024-10-24,841,LOJA 841,57912,LORATAMED D XPE 60ML,51356,C,3,1,2,0.84,5,3.0,0,3.0,0,,3.0,0,0.0,0.0,1.0,0.0,0.0,0.0,3.0,0,24.54,25.9,73.62,0.0,1.0,24.54,0,0,
test_q4_2024,2024-10-25,841,LOJA 841,57912,LORATAMED D XPE 60ML,51356,C,3,1,2,0.84,5,3.0,0,3.0,0,,3.0,0,0.0,0.0,1.0,0.0,0.0,0.0,3.0,0,24.54,25.9,73.62,0.0,1.0,24.54,0,0,
test_q4_2024,2024-10-26,841,LOJA 841,57912,LORATAMED D XPE 60ML,51356,C,3,1,2,0.84,5,3.0,0,3.0,0,,3.0,0,0.0,0.0,1.0,0.0,0.0,0.0,3.0,0,24.54,25.9,73.62,0.0,1.0,24.54,0,0,
test_q4_2024,2024-10-27,841,LOJA 841,57912,LORATAMED D XPE 60ML,51356,C,3,1,2,0.84,5,3.0,0,3.0,0,,3.0,0,0.0,0.0,1.0,0.0,0.0,0.0,3.0,0,24.54,25.9,73.62,0.0,,,0,0,
test_q4_2024,2024-10-28,841,LOJA 841,57912,LORATAMED D XPE 60ML,51356,C,3,1,2,0.84,5,3.0,0,3.0,0,,3.0,0,0.0,0.0,1.0,0.0,0.0,0.0,3.0,0,24.54,25.9,73.62,0.0,1.0,24.54,0,0,
test_q4_2024,2024-10-29,841,LOJA 841,57912,LORATAMED D XPE 60ML,51356,C,3,1,2,0.84,5,3.0,0,3.0,0,,3.0,0,0.0,0.0,1.0,0.0,0.0,0.0,3.0,0,24.54,25.9,73.62,0.0,1.0,24.54,0,0,
test_q4_2024,2024-10-30,841,LOJA 841,57912,LORATAMED D XPE 60ML,51356,C,3,1,2,0.84,5,3.0,0,3.0,0,,3.0,0,0.0,0.0,1.0,0.0,0.0,0.0,3.0,0,24.54,25.9,73.62,0.0,1.0,24.54,0,0,
test_q4_2024,2024-10-31,841,LOJA 841,57912,LORATAMED D XPE 60ML,51356,C,3,1,2,0.84,5,3.0,0,3.0,0,,3.0,0,0.0,0.0,1.0,0.0,0.0,0.0,3.0,0,24.54,25.9,73.62,0.0,1.0,24.54,0,0,
test_q4_2024,2024-11-01,841,LOJA 841,57912,LORATAMED D XPE 60ML,51356,C,3,1,2,0.84,5,3.0,0,3.0,0,,3.0,0,0.0,0.0,1.0,0.0,0.0,0.0,3.0,0,24.54,25.9,73.62,0.0,1.0,24.54,0,0,
test_q4_2024,2024-11-02,841,LOJA 841,57912,LORATAMED D XPE 60ML,51356,C,3,1,2,0.84,5,3.0,0,3.0,0,,3.0,0,0.0,0.0,1.0,0.0,0.0,0.0,3.0,0,24.54,25.9,73.62,0.0,1.0,24.54,0,0,
test_q4_2024,2024-11-03,841,LOJA 841,57912,LORATAMED D XPE 60ML,51356,C,3,1,2,0.84,5,3.0,0,3.0,0,,3.0,0,0.0,0.0,1.0,0.0,0.0,0.0,3.0,0,24.54,25.9,73.62,0.0,,,0,0,
test_q4_2024,2024-11-04,841,LOJA 841,57912,LORATAMED D XPE 60ML,51356,C,3,1,2,0.84,5,3.0,0,3.0,0,,3.0,0,0.0,0.0,1.0,0.0,0.0,0.0,3.0,0,24.54,25.9,73.62,0.0,1.0,24.54,0,0,
test_q4_2024,2024-11-05,841,LOJA 841,57912,LORATAMED D XPE 60ML,51356,C,3,1,2,0.84,5,3.0,0,3.0,0,,3.0,0,0.0,0.0,1.0,0.0,0.0,0.0,3.0,0,24.54,25.9,73.62,0.0,1.0,24.54,0,0,
test_q4_2024,2024-11-06,841,LOJA 841,57912,LORATAMED D XPE 60ML,51356,C,3,1,2,0.84,5,3.0,0,3.0,0,,3.0,0,0.0,0.0,1.0,0.0,0.0,0.0,3.0,0,24.54,25.9,73.62,0.0,1.0,24.54,0,0,
test_q4_2024,2024-11-07,841,LOJA 841,57912,LORATAMED D XPE 60ML,51356,C,3,1,2,0.84,5,3.0,0,3.0,0,,3.0,0,0.0,0.0,1.0,0.0,0.0,0.0,3.0,0,24.54,25.9,73.62,0.0,1.0,24.54,0,0,
test_q4_2024,2024-11-08,841,LOJA 841,57912,LORATAMED D XPE 60ML,51356,C,3,1,2,0.84,5,3.0,0,3.0,0,,3.0,0,0.0,0.0,1.0,0.0,0.0,0.0,3.0,0,24.54,25.9,73.62,0.0,1.0,24.54,0,0,
test_q4_2024,2024-11-09,841,LOJA 841,57912,LORATAMED D XPE 60ML,51356,C,3,1,2,0.84,5,3.0,0,3.0,0,,3.0,0,0.0,0.0,1.0,0.0,0.0,0.0,3.0,0,24.54,25.9,73.62,0.0,1.0,24.54,0,0,
test_q4_2024,2024-11-10,841,LOJA 841,57912,LORATAMED D XPE 60ML,51356,C,3,1,2,0.84,5,3.0,0,3.0,0,,3.0,0,0.0,0.0,1.0,0.0,0.0,0.0,3.0,0,24.54,25.9,73.62,0.0,,,0,0,
test_q4_2024,2024-11-11,841,LOJA 841,57912,LORATAMED D XPE 60ML,51356,C,3,1,2,0.84,5,3.0,0,3.0,0,,3.0,0,0.0,0.0,1.0,0.0,0.0,0.0,3.0,0,24.54,25.9,73.62,0.0,1.0,24.54,0,0,
test_q4_2024,2024-11-12,841,LOJA 841,57912,LORATAMED D XPE 60ML,51356,C,3,1,2,0.84,5,3.0,0,3.0,0,,3.0,0,0.0,0.0,1.0,0.0,0.0,0.0,3.0,0,24.54,25.9,73.62,0.0,1.0,24.54,0,0,
test_q4_2024,2024-11-13,841,LOJA 841,57912,LORATAMED D XPE 60ML,51356,C,3,1,2,0.84,5,3.0,0,3.0,0,,3.0,0,0.0,0.0,1.0,0.0,0.0,0.0,3.0,0,24.54,25.9,73.62,0.0,1.0,24.54,0,0,
test_q4_2024,2024-11-14,841,LOJA 841,57912,LORATAMED D XPE 60ML,51356,C,3,1,2,0.84,5,3.0,0,3.0,0,,3.0,0,0.0,0.0,1.0,0.0,0.0,0.0,3.0,0,24.54,25.9,73.62,0.0,1.0,24.54,0,0,
test_q4_2024,2024-11-15,841,LOJA 841,57912,LORATAMED D XPE 60ML,51356,C,3,1,2,0.84,5,3.0,0,3.0,0,,3.0,0,0.0,0.0,1.0,0.0,0.0,0.0,3.0,0,24.54,25.9,73.62,0.0,1.0,24.54,0,0,
test_q4_2024,2024-11-16,841,LOJA 841,57912,LORATAMED D XPE 60ML,51356,C,3,1,2,0.84,5,3.0,0,3.0,0,,3.0,0,0.0,0.0,1.0,0.0,0.0,0.0,3.0,0,24.54,25.9,73.62,0.0,1.0,24.54,0,0,
test_q4_2024,2024-11-17,841,LOJA 841,57912,LORATAMED D XPE 60ML,51356,C,3,1,2,0.84,5,3.0,0,3.0,0,,3.0,0,0.0,0.0,1.0,0.0,0.0,0.0,3.0,0,24.54,25.9,73.62,0.0,,,0,0,
test_q4_2024,2024-11-18,841,LOJA 841,57912,LORATAMED D XPE 60ML,51356,C,3,1,2,0.84,5,3.0,0,3.0,0,,3.0,0,0.0,0.0,1.0,0.0,0.0,0.0,3.0,0,24.54,25.9,73.62,0.0,1.0,24.54,0,0,
test_q4_2024,2024-11-19,841,LOJA 841,57912,LORATAMED D XPE 60ML,51356,C,3,1,2,0.84,5,3.0,0,3.0,0,,3.0,0,0.0,0.0,1.0,0.0,0.0,0.0,3.0,0,24.54,25.9,73.62,0.0,1.0,24.54,0,0,
test_q4_2024,2024-11-20,841,LOJA 841,57912,LORATAMED D XPE 60ML,51356,C,3,1,2,0.84,5,3.0,0,3.0,0,,3.0,0,0.0,0.0,1.0,0.0,0.0,0.0,3.0,0,24.54,25.9,73.62,0.0,1.0,24.54,0,0,
test_q4_2024,2024-11-21,841,LOJA 841,57912,LORATAMED D XPE 60ML,51356,C,3,1,2,0.84,5,3.0,0,3.0,0,,3.0,0,0.0,0.0,1.0,0.0,0.0,0.0,3.0,0,24.54,25.9,73.62,0.0,1.0,24.54,0,0,
test_q4_2024,2024-11-22,841,LOJA 841,57912,LORATAMED D XPE 60ML,51356,C,3,1,2,0.84,5,3.0,0,3.0,0,,3.0,0,0.0,0.0,1.0,0.0,0.0,0.0,3.0,0,24.54,25.9,73.62,0.0,1.0,24.54,0,0,
test_q4_2024,2024-11-23,841,LOJA 841,57912,LORATAMED D XPE 60ML,51356,C,3,1,2,0.84,5,3.0,0,3.0,0,,3.0,0,0.0,0.0,1.0,0.0,0.0,0.0,3.0,0,24.54,25.9,73.62,0.0,1.0,24.54,0,0,
test_q4_2024,2024-11-24,841,LOJA 841,57912,LORATAMED D XPE 60ML,51356,C,3,1,2,0.84,5,3.0,0,3.0,0,,3.0,0,0.0,0.0,1.0,0.0,0.0,0.0,3.0,0,24.54,25.9,73.62,0.0,,,0,0,
test_q4_2024,2024-11-25,841,LOJA 841,57912,LORATAMED D XPE 60ML,51356,C,3,1,2,0.84,5,3.0,0,3.0,0,,3.0,0,0.0,0.0,1.0,0.0,0.0,0.0,3.0,0,24.54,25.9,73.62,0.0,1.0,24.54,0,0,
test_q4_2024,2024-11-26,841,LOJA 841,57912,LORATAMED D XPE 60ML,51356,C,3,1,2,0.84,5,3.0,0,3.0,0,,3.0,0,0.0,0.0,1.0,0.0,0.0,0.0,3.0,0,24.54,25.9,73.62,0.0,1.0,24.54,0,0,
test_q4_2024,2024-11-27,841,LOJA 841,57912,LORATAMED D XPE 60ML,51356,C,3,1,2,0.84,5,3.0,0,3.0,0,,3.0,0,0.0,0.0,1.0,0.0,0.0,0.0,3.0,0,24.54,25.9,73.62,0.0,1.0,24.54,0,0,
test_q4_2024,2024-11-28,841,LOJA 841,57912,LORATAMED D XPE 60ML,51356,C,3,1,2,0.84,5,3.0,0,3.0,0,,3.0,0,0.0,0.0,1.0,0.0,0.0,0.0,3.0,0,24.54,25.9,73.62,0.0,1.0,24.54,0,0,
test_q4_2024,2024-11-29,841,LOJA 841,57912,LORATAMED D XPE 60ML,51356,C,3,1,2,0.84,5,3.0,0,3.0,0,,3.0,0,0.0,0.0,1.0,0.0,0.0,0.0,3.0,0,24.54,25.9,73.62,0.0,1.0,24.54,0,0,
test_q4_2024,2024-11-30,841,LOJA 841,57912,LORATAMED D XPE 60ML,51356,C,3,1,2,0.84,5,3.0,0,3.0,0,,3.0,0,0.0,0.0,1.0,0.0,0.0,0.0,3.0,0,24.54,25.9,73.62,0.0,1.0,24.54,0,0,
test_q4_2024,2024-12-01,841,LOJA 841,57912,LORATAMED D XPE 60ML,51356,C,3,1,2,0.84,5,3.0,0,3.0,0,,3.0,0,0.0,0.0,1.0,0.0,0.0,0.0,3.0,0,24.54,25.9,73.62,0.0,,,0,0,
test_q4_2024,2024-12-02,841,LOJA 841,57912,LORATAMED D XPE 60ML,51356,C,3,1,2,0.84,5,3.0,0,3.0,0,,3.0,0,0.0,0.0,1.0,0.0,0.0,0.0,3.0,0,24.54,25.9,73.62,0.0,1.0,24.54,0,0,
test_q4_2024,2024-12-03,841,LOJA 841,57912,LORATAMED D XPE 60ML,51356,C,3,1,2,0.84,5,3.0,0,3.0,0,,3.0,0,0.0,0.0,1.0,0.0,0.0,0.0,3.0,0,24.54,25.9,73.62,0.0,1.0,24.54,0,0,
test_q4_2024,2024-12-04,841,LOJA 841,57912,LORATAMED D XPE 60ML,51356,C,3,1,2,0.84,5,3.0,0,3.0,0,,3.0,0,0.0,0.0,1.0,0.0,0.0,0.0,3.0,0,24.54,25.9,73.62,0.0,1.0,24.54,0,0,
test_q4_2024,2024-12-05,841,LOJA 841,57912,LORATAMED D XPE 60ML,51356,C,3,1,2,0.84,5,3.0,0,3.0,0,,3.0,0,0.0,0.0,1.0,0.0,0.0,0.0,3.0,0,24.54,25.9,73.62,0.0,1.0,24.54,0,0,
test_q4_2024,2024-12-06,841,LOJA 841,57912,LORATAMED D XPE 60ML,51356,C,3,1,2,0.84,5,3.0,0,3.0,0,,3.0,0,0.0,0.0,1.0,0.0,0.0,0.0,3.0,0,24.54,25.9,73.62,0.0,1.0,24.54,0,0,
test_q4_2024,2024-12-07,841,LOJA 841,57912,LORATAMED D XPE 60ML,51356,C,3,1,2,0.84,5,3.0,0,3.0,0,,3.0,0,0.0,0.0,1.0,0.0,0.0,0.0,3.0,0,24.54,25.9,73.62,0.0,1.0,24.54,0,0,
test_q4_2024,2024-12-08,841,LOJA 841,57912,LORATAMED D XPE 60ML,51356,C,3,1,2,0.84,5,3.0,0,3.0,0,,3.0,0,0.0,0.0,1.0,0.0,0.0,0.0,3.0,0,24.54,25.9,73.62,0.0,,,0,0,
test_q4_2024,2024-12-09,841,LOJA 841,57912,LORATAMED D XPE 60ML,51356,C,3,1,2,0.84,5,3.0,0,3.0,0,,3.0,0,0.0,0.0,1.0,0.0,0.0,0.0,3.0,0,24.54,25.9,73.62,0.0,1.0,24.54,0,0,
test_q4_2024,2024-12-10,841,LOJA 841,57912,LORATAMED D XPE 60ML,51356,C,3,1,2,0.84,5,3.0,0,3.0,0,,3.0,0,0.0,0.0,1.0,0.0,0.0,0.0,3.0,0,24.54,25.9,73.62,0.0,1.0,24.54,0,0,
test_q4_2024,2024-12-11,841,LOJA 841,57912,LORATAMED D XPE 60ML,51356,C,3,1,2,0.84,5,3.0,0,3.0,0,,3.0,0,0.0,0.0,1.0,0.0,0.0,0.0,3.0,0,24.54,25.9,73.62,0.0,1.0,24.54,0,0,
test_q4_2024,2024-12-12,841,LOJA 841,57912,LORATAMED D XPE 60ML,51356,C,3,1,2,0.84,5,3.0,0,3.0,0,,3.0,0,0.0,0.0,1.0,0.0,0.0,0.0,3.0,0,24.54,25.9,73.62,0.0,1.0,24.54,0,0,
test_q4_2024,2024-12-13,841,LOJA 841,57912,LORATAMED D XPE 60ML,51356,C,3,1,2,0.84,5,3.0,0,3.0,0,,3.0,0,0.0,0.0,1.0,0.0,0.0,0.0,3.0,0,24.54,25.9,73.62,0.0,1.0,24.54,0,0,
test_q4_2024,2024-12-14,841,LOJA 841,57912,LORATAMED D XPE 60ML,51356,C,3,1,2,0.84,5,3.0,0,3.0,0,,3.0,0,0.0,0.0,1.0,0.0,0.0,0.0,3.0,0,24.54,25.9,73.62,0.0,1.0,24.54,0,0,
test_q4_2024,2024-12-15,841,LOJA 841,57912,LORATAMED D XPE 60ML,51356,C,3,1,2,0.84,5,3.0,0,3.0,0,,3.0,0,0.0,0.0,1.0,0.0,0.0,0.0,3.0,0,24.54,25.9,73.62,0.0,,,0,0,
test_q4_2024,2024-12-16,841,LOJA 841,57912,LORATAMED D XPE 60ML,51356,C,3,1,2,0.84,5,3.0,0,3.0,0,,3.0,0,0.0,0.0,1.0,0.0,0.0,0.0,3.0,0,24.54,25.9,73.62,0.0,1.0,24.54,0,0,
test_q4_2024,2024-12-17,841,LOJA 841,57912,LORATAMED D XPE 60ML,51356,C,3,1,2,0.84,5,3.0,0,3.0,0,,3.0,0,0.0,0.0,1.0,0.0,0.0,0.0,3.0,0,24.54,25.9,73.62,0.0,1.0,24.54,0,0,
test_q4_2024,2024-12-18,841,LOJA 841,57912,LORATAMED D XPE 60ML,51356,C,3,1,2,0.84,5,3.0,0,3.0,0,,3.0,0,0.0,0.0,1.0,0.0,0.0,0.0,3.0,0,24.54,25.9,73.62,0.0,1.0,24.54,0,0,
test_q4_2024,2024-12-19,841,LOJA 841,57912,LORATAMED D XPE 60ML,51356,C,3,1,2,0.84,5,3.0,0,3.0,0,,3.0,0,0.0,0.0,1.0,0.0,0.0,0.0,3.0,0,24.54,25.9,73.62,0.0,1.0,24.54,0,0,
test_q4_2024,2024-12-20,841,LOJA 841,57912,LORATAMED D XPE 60ML,51356,C,3,1,2,0.84,5,3.0,0,3.0,0,,3.0,0,0.0,0.0,1.0,0.0,0.0,0.0,3.0,0,24.54,25.9,73.62,0.0,1.0,24.54,0,0,
test_q4_2024,2024-12-21,841,LOJA 841,57912,LORATAMED D XPE 60ML,51356,C,3,1,2,0.84,5,3.0,0,3.0,0,,3.0,0,0.0,0.0,1.0,0.0,0.0,0.0,3.0,0,24.54,25.9,73.62,0.0,1.0,24.54,0,0,
test_q4_2024,2024-12-22,841,LOJA 841,57912,LORATAMED D XPE 60ML,51356,C,3,1,2,0.84,5,3.0,0,3.0,0,,3.0,0,0.0,0.0,1.0,0.0,0.0,0.0,3.0,0,24.54,25.9,73.62,0.0,,,0,0,
test_q4_2024,2024-12-23,841,LOJA 841,57912,LORATAMED D XPE 60ML,51356,C,3,1,2,0.84,5,3.0,0,3.0,0,,3.0,0,0.0,0.0,1.0,0.0,0.0,0.0,3.0,0,24.54,25.9,73.62,0.0,1.0,24.54,0,0,
test_q4_2024,2024-12-24,841,LOJA 841,57912,LORATAMED D XPE 60ML,51356,C,3,1,2,0.84,5,3.0,0,3.0,0,,3.0,0,0.0,0.0,1.0,0.0,0.0,0.0,3.0,0,24.54,25.9,73.62,0.0,1.0,24.54,0,0,
test_q4_2024,2024-12-25,841,LOJA 841,57912,LORATAMED D XPE 60ML,51356,C,3,1,2,0.84,5,3.0,0,3.0,0,,3.0,0,0.0,0.0,1.0,0.0,0.0,0.0,3.0,0,24.54,25.9,73.62,0.0,1.0,24.54,0,0,
test_q4_2024,2024-12-26,841,LOJA 841,57912,LORATAMED D XPE 60ML,51356,C,3,1,2,0.84,5,3.0,0,3.0,0,,3.0,0,0.0,0.0,1.0,0.0,0.0,0.0,3.0,0,24.54,25.9,73.62,0.0,1.0,24.54,0,0,
test_q4_2024,2024-12-27,841,LOJA 841,57912,LORATAMED D XPE 60ML,51356,C,3,1,2,0.84,5,3.0,0,3.0,0,,3.0,0,0.0,0.0,1.0,0.0,0.0,0.0,3.0,0,24.54,25.9,73.62,0.0,1.0,24.54,0,0,
test_q4_2024,2024-12-28,841,LOJA 841,57912,LORATAMED D XPE 60ML,51356,C,3,1,2,0.84,5,3.0,0,3.0,0,,3.0,0,0.0,0.0,1.0,0.0,0.0,0.0,3.0,0,24.54,25.9,73.62,0.0,1.0,24.54,0,0,
test_q4_2024,2024-12-29,841,LOJA 841,57912,LORATAMED D XPE 60ML,51356,C,3,1,2,0.84,5,3.0,0,3.0,0,,3.0,0,0.0,0.0,1.0,0.0,0.0,0.0,3.0,0,24.54,25.9,73.62,0.0,,,0,0,
test_q4_2024,2024-12-30,841,LOJA 841,57912,LORATAMED D XPE 60ML,51356,C,3,1,2,0.84,5,3.0,0,3.0,0,,3.0,0,0.0,0.0,1.0,0.0,0.0,0.0,3.0,0,24.54,25.9,73.62,0.0,1.0,24.54,0,0,
test_q4_2024,2024-12-31,841,LOJA 841,57912,LORATAMED D XPE 60ML,51356,C,3,1,2,0.84,5,3.0,0,3.0,0,,3.0,0,0.0,0.0,1.0,0.0,0.0,0.0,3.0,0,24.54,25.9,73.62,0.0,1.0,24.54,0,0,
test_q4_2024,2024-10-01,841,LOJA 841,58701,ABRILAR XAROPE L-MENTOL 200ML,87021,C,3,1,2,0.84,5,3.0,0,3.0,0,,3.0,0,0.0,0.0,2.5,0.0,0.0,0.0,3.0,0,65.43,76.99,196.29,0.0,3.0,196.29000000000002,0,0,
test_q4_2024,2024-10-02,841,LOJA 841,58701,ABRILAR XAROPE L-MENTOL 200ML,87021,C,3,1,2,0.84,5,3.0,0,3.0,0,,3.0,0,0.0,0.0,2.5,0.0,0.0,0.0,3.0,0,65.43,76.99,196.29,0.0,3.0,196.29000000000002,0,0,
test_q4_2024,2024-10-03,841,LOJA 841,58701,ABRILAR XAROPE L-MENTOL 200ML,87021,C,3,1,2,0.84,5,3.0,0,3.0,0,,3.0,0,0.0,0.0,2.5,0.0,0.0,0.0,3.0,0,65.43,76.99,196.29,0.0,3.0,196.29000000000002,0,0,
test_q4_2024,2024-10-04,841,LOJA 841,58701,ABRILAR XAROPE L-MENTOL 200ML,87021,C,3,1,2,0.84,5,3.0,0,3.0,0,,3.0,0,0.0,0.0,2.5,0.0,0.0,0.0,3.0,0,65.43,76.99,196.29,0.0,3.0,196.29000000000002,0,0,
test_q4_2024,2024-10-05,841,LOJA 841,58701,ABRILAR XAROPE L-MENTOL 200ML,87021,C,3,1,2,0.84,5,3.0,0,3.0,0,,3.0,0,0.0,0.0,2.5,0.0,0.0,0.0,3.0,0,65.43,76.99,196.29,0.0,3.0,196.29000000000002,0,0,
test_q4_2024,2024-10-06,841,LOJA 841,58701,ABRILAR XAROPE L-MENTOL 200ML,87021,C,3,1,2,0.84,5,3.0,0,3.0,0,,3.0,0,0.0,0.0,2.5,0.0,0.0,0.0,3.0,0,65.43,76.99,196.29,0.0,,,0,0,
test_q4_2024,2024-10-07,841,LOJA 841,58701,ABRILAR XAROPE L-MENTOL 200ML,87021,C,3,1,2,0.84,5,3.0,0,3.0,0,,3.0,0,0.0,0.0,2.5,0.0,0.0,0.0,3.0,0,65.43,76.99,196.29,0.0,3.0,196.29000000000002,0,0,
test_q4_2024,2024-10-08,841,LOJA 841,58701,ABRILAR XAROPE L-MENTOL 200ML,87021,C,3,1,2,0.84,5,3.0,0,3.0,0,,3.0,0,0.0,0.0,2.5,0.0,0.0,0.0,3.0,0,65.43,76.99,196.29,0.0,3.0,196.29000000000002,0,0,
test_q4_2024,2024-10-09,841,LOJA 841,58701,ABRILAR XAROPE L-MENTOL 200ML,87021,C,3,1,2,0.84,5,3.0,0,3.0,0,,3.0,0,0.0,0.0,2.5,0.0,0.0,0.0,3.0,0,65.43,76.99,196.29,0.0,3.0,196.29000000000002,0,0,
test_q4_2024,2024-10-10,841,LOJA 841,58701,ABRILAR XAROPE L-MENTOL 200ML,87021,C,3,1,2,0.84,5,3.0,0,3.0,0,,3.0,0,0.0,0.0,2.5,0.0,0.0,0.0,3.0,0,65.43,76.99,196.29,0.0,3.0,196.29000000000002,0,0,
test_q4_2024,2024-10-11,841,LOJA 841,58701,ABRILAR XAROPE L-MENTOL 200ML,87021,C,3,1,2,0.84,5,3.0,0,3.0,0,,3.0,0,0.0,0.0,2.5,0.0,0.0,0.0,3.0,0,65.43,76.99,196.29,0.0,3.0,196.29000000000002,0,0,
test_q4_2024,2024-10-12,841,LOJA 841,58701,ABRILAR XAROPE L-MENTOL 200ML,87021,C,3,1,2,0.84,5,3.0,0,3.0,0,,3.0,0,0.0,0.0,2.5,0.0,0.0,0.0,3.0,0,65.43,76.99,196.29,0.0,3.0,196.29000000000002,0,0,
test_q4_2024,2024-10-13,841,LOJA 841,58701,ABRILAR XAROPE L-MENTOL 200ML,87021,C,3,1,2,0.84,5,3.0,0,3.0,0,,3.0,0,0.0,0.0,2.5,0.0,0.0,0.0,3.0,0,65.43,76.99,196.29,0.0,,,0,0,
test_q4_2024,2024-10-14,841,LOJA 841,58701,ABRILAR XAROPE L-MENTOL 200ML,87021,C,3,1,2,0.84,5,3.0,0,3.0,0,,3.0,0,0.0,0.0,2.5,0.0,0.0,0.0,3.0,0,65.43,76.99,196.29,0.0,3.0,196.29000000000002,0,0,
test_q4_2024,2024-10-15,841,LOJA 841,58701,ABRILAR XAROPE L-MENTOL 200ML,87021,C,3,1,2,0.84,5,3.0,0,3.0,0,,3.0,0,0.0,0.0,2.5,0.0,0.0,0.0,3.0,0,65.43,76.99,196.29,0.0,3.0,196.29000000000002,0,0,
test_q4_2024,2024-10-16,841,LOJA 841,58701,ABRILAR XAROPE L-MENTOL 200ML,87021,C,3,1,2,0.84,5,3.0,0,3.0,0,,3.0,0,0.0,0.0,2.5,0.0,0.0,0.0,3.0,0,65.43,76.99,196.29,0.0,3.0,196.29000000000002,0,0,
test_q4_2024,2024-10-17,841,LOJA 841,58701,ABRILAR XAROPE L-MENTOL 200ML,87021,C,3,1,2,0.84,5,3.0,0,3.0,0,,3.0,0,0.0,0.0,2.5,0.0,0.0,0.0,3.0,0,65.43,76.99,196.29,0.0,3.0,196.29000000000002,0,0,
test_q4_2024,2024-10-18,841,LOJA 841,58701,ABRILAR XAROPE L-MENTOL 200ML,87021,C,3,1,2,0.84,5,3.0,0,3.0,0,,3.0,0,0.0,0.0,2.5,0.0,0.0,0.0,3.0,0,65.43,76.99,196.29,0.0,3.0,196.29000000000002,0,0,
test_q4_2024,2024-10-19,841,LOJA 841,58701,ABRILAR XAROPE L-MENTOL 200ML,87021,C,3,1,2,0.84,5,3.0,0,3.0,0,,3.0,0,0.0,0.0,2.5,0.0,0.0,0.0,3.0,0,65.43,76.99,196.29,0.0,3.0,196.29000000000002,0,0,
test_q4_2024,2024-10-20,841,LOJA 841,58701,ABRILAR XAROPE L-MENTOL 200ML,87021,C,3,1,2,0.84,5,3.0,0,3.0,0,,3.0,0,0.0,0.0,2.5,0.0,0.0,0.0,3.0,0,65.43,76.99,196.29,0.0,,,0,0,
test_q4_2024,2024-10-21,841,LOJA 841,58701,ABRILAR XAROPE L-MENTOL 200ML,87021,C,3,1,2,0.84,5,3.0,0,3.0,0,,3.0,0,0.0,0.0,2.5,0.0,0.0,0.0,3.0,0,65.43,76.99,196.29,0.0,3.0,196.29000000000002,0,0,
test_q4_2024,2024-10-22,841,LOJA 841,58701,ABRILAR XAROPE L-MENTOL 200ML,87021,C,3,1,2,0.84,5,3.0,0,3.0,0,,3.0,0,0.0,0.0,2.5,0.0,0.0,0.0,3.0,0,65.43,76.99,196.29,0.0,3.0,196.29000000000002,0,0,
test_q4_2024,2024-10-23,841,LOJA 841,58701,ABRILAR XAROPE L-MENTOL 200ML,87021,C,3,1,2,0.84,5,3.0,0,3.0,0,,3.0,0,0.0,0.0,2.5,0.0,0.0,0.0,3.0,0,65.43,76.99,196.29,0.0,3.0,196.29000000000002,0,0,
test_q4_2024,2024-10-24,841,LOJA 841,58701,ABRILAR XAROPE L-MENTOL 200ML,87021,C,3,1,2,0.84,5,3.0,0,3.0,0,,3.0,0,0.0,0.0,2.5,0.0,0.0,0.0,3.0,0,65.43,76.99,196.29,0.0,3.0,196.29000000000002,0,0,
test_q4_2024,2024-10-25,841,LOJA 841,58701,ABRILAR XAROPE L-MENTOL 200ML,87021,C,3,1,2,0.84,5,3.0,0,3.0,0,,3.0,0,0.0,0.0,2.5,0.0,0.0,0.0,3.0,0,65.43,76.99,196.29,0.0,3.0,196.29000000000002,0,0,
test_q4_2024,2024-10-26,841,LOJA 841,58701,ABRILAR XAROPE L-MENTOL 200ML,87021,C,3,1,2,0.84,5,3.0,0,3.0,0,,3.0,0,0.0,0.0,2.5,0.0,0.0,0.0,3.0,0,65.43,76.99,196.29,0.0,3.0,196.29000000000002,0,0,
test_q4_2024,2024-10-27,841,LOJA 841,58701,ABRILAR XAROPE L-MENTOL 200ML,87021,C,3,1,2,0.84,5,3.0,0,3.0,0,,3.0,0,0.0,0.0,2.5,0.0,0.0,0.0,3.0,0,65.43,76.99,196.29,0.0,,,0,0,
test_q4_2024,2024-10-28,841,LOJA 841,58701,ABRILAR XAROPE L-MENTOL 200ML,87021,C,3,1,2,0.84,5,3.0,0,3.0,0,,3.0,0,0.0,0.0,2.5,0.0,0.0,0.0,3.0,0,65.43,76.99,196.29,0.0,3.0,196.29000000000002,0,0,
test_q4_2024,2024-10-29,841,LOJA 841,58701,ABRILAR XAROPE L-MENTOL 200ML,87021,C,3,1,2,0.84,5,3.0,0,3.0,0,,3.0,0,0.0,0.0,2.5,0.0,0.0,0.0,3.0,0,65.43,76.99,196.29,0.0,3.0,196.29000000000002,0,0,
test_q4_2024,2024-10-30,841,LOJA 841,58701,ABRILAR XAROPE L-MENTOL 200ML,87021,C,3,1,2,0.84,5,3.0,0,3.0,0,,3.0,0,0.0,0.0,2.5,0.0,0.0,0.0,3.0,0,65.43,76.99,196.29,0.0,3.0,196.29000000000002,0,0,
test_q4_2024,2024-10-31,841,LOJA 841,58701,ABRILAR XAROPE L-MENTOL 200ML,87021,C,3,1,2,0.84,5,3.0,0,3.0,0,,3.0,0,0.0,0.0,2.5,0.0,0.0,0.0,3.0,0,65.43,76.99,196.29,0.0,3.0,196.29000000000002,0,0,
test_q4_2024,2024-11-01,841,LOJA 841,58701,ABRILAR XAROPE L-MENTOL 200ML,87021,C,3,1,2,0.84,5,3.0,0,3.0,0,,3.0,0,0.0,0.0,2.5,0.0,0.0,0.0,3.0,0,65.43,76.99,196.29,0.0,3.0,196.29000000000002,0,0,
test_q4_2024,2024-11-02,841,LOJA 841,58701,ABRILAR XAROPE L-MENTOL 200ML,87021,C,3,1,2,0.84,5,3.0,0,3.0,0,,3.0,0,0.0,0.0,2.5,0.0,0.0,0.0,3.0,0,65.43,76.99,196.29,0.0,3.0,196.29000000000002,0,0,
test_q4_2024,2024-11-03,841,LOJA 841,58701,ABRILAR XAROPE L-MENTOL 200ML,87021,C,3,1,2,0.84,5,3.0,0,3.0,0,,3.0,0,0.0,0.0,2.5,0.0,0.0,0.0,3.0,0,65.43,76.99,196.29,0.0,,,0,0,
test_q4_2024,2024-11-04,841,LOJA 841,58701,ABRILAR XAROPE L-MENTOL 200ML,87021,C,3,1,2,0.84,5,3.0,0,3.0,0,,3.0,0,0.0,0.0,2.5,0.0,0.0,0.0,3.0,0,65.43,76.99,196.29,0.0,3.0,196.29000000000002,0,0,
test_q4_2024,2024-11-05,841,LOJA 841,58701,ABRILAR XAROPE L-MENTOL 200ML,87021,C,3,1,2,0.84,5,3.0,0,3.0,0,,3.0,0,0.0,0.0,2.5,0.0,0.0,0.0,3.0,0,65.43,76.99,196.29,0.0,3.0,196.29000000000002,0,0,
test_q4_2024,2024-11-06,841,LOJA 841,58701,ABRILAR XAROPE L-MENTOL 200ML,87021,C,3,1,2,0.84,5,3.0,0,3.0,0,,3.0,0,0.0,0.0,2.5,0.0,0.0,0.0,3.0,0,65.43,76.99,196.29,0.0,3.0,196.29000000000002,0,0,
test_q4_2024,2024-11-07,841,LOJA 841,58701,ABRILAR XAROPE L-MENTOL 200ML,87021,C,3,1,2,0.84,5,3.0,0,3.0,0,,3.0,0,0.0,0.0,2.5,1.0,1.0,0.0,2.0,0,65.43,76.99,130.86,0.0,3.0,196.29000000000002,0,0,
test_q4_2024,2024-11-08,841,LOJA 841,58701,ABRILAR XAROPE L-MENTOL 200ML,87021,C,3,1,2,0.84,5,2.0,0,2.0,0,,2.0,0,0.0,0.0,2.5,0.0,0.0,0.0,2.0,0,65.43,76.99,130.86,0.0,2.0,130.86,0,0,
test_q4_2024,2024-11-09,841,LOJA 841,58701,ABRILAR XAROPE L-MENTOL 200ML,87021,C,3,1,2,0.84,5,2.0,0,2.0,0,,2.0,0,0.0,0.0,2.5,0.0,0.0,0.0,2.0,0,65.43,76.99,130.86,0.0,2.0,130.86,0,0,
test_q4_2024,2024-11-10,841,LOJA 841,58701,ABRILAR XAROPE L-MENTOL 200ML,87021,C,3,1,2,0.84,5,2.0,0,2.0,0,,2.0,0,0.0,0.0,2.5,0.0,0.0,0.0,2.0,0,65.43,76.99,130.86,0.0,,,0,0,
test_q4_2024,2024-11-11,841,LOJA 841,58701,ABRILAR XAROPE L-MENTOL 200ML,87021,C,3,1,2,0.84,5,2.0,0,2.0,0,,2.0,0,0.0,0.0,2.5,0.0,0.0,0.0,2.0,0,65.43,76.99,130.86,0.0,2.0,130.86,0,0,
test_q4_2024,2024-11-12,841,LOJA 841,58701,ABRILAR XAROPE L-MENTOL 200ML,87021,C,3,1,2,0.84,5,2.0,0,2.0,0,,2.0,0,0.0,0.0,2.5,0.0,0.0,0.0,2.0,0,65.43,76.99,130.86,0.0,2.0,130.86,0,0,
test_q4_2024,2024-11-13,841,LOJA 841,58701,ABRILAR XAROPE L-MENTOL 200ML,87021,C,3,1,2,0.84,5,2.0,0,2.0,0,,2.0,0,0.0,0.0,2.5,0.0,0.0,0.0,2.0,0,65.43,76.99,130.86,0.0,2.0,130.86,0,0,
test_q4_2024,2024-11-14,841,LOJA 841,58701,ABRILAR XAROPE L-MENTOL 200ML,87021,C,3,1,2,0.84,5,2.0,0,2.0,0,,2.0,0,0.0,0.0,2.5,0.0,0.0,0.0,2.0,0,65.43,76.99,130.86,0.0,2.0,130.86,0,0,
test_q4_2024,2024-11-15,841,LOJA 841,58701,ABRILAR XAROPE L-MENTOL 200ML,87021,C,3,1,2,0.84,5,2.0,0,2.0,0,,2.0,0,0.0,0.0,2.5,0.0,0.0,0.0,2.0,0,65.43,76.99,130.86,0.0,2.0,130.86,0,0,
test_q4_2024,2024-11-16,841,LOJA 841,58701,ABRILAR XAROPE L-MENTOL 200ML,87021,C,3,1,2,0.84,5,2.0,0,2.0,0,,2.0,0,0.0,0.0,2.5,0.0,0.0,0.0,2.0,0,65.43,76.99,130.86,0.0,2.0,130.86,0,0,
test_q4_2024,2024-11-17,841,LOJA 841,58701,ABRILAR XAROPE L-MENTOL 200ML,87021,C,3,1,2,0.84,5,2.0,0,2.0,0,,2.0,0,0.0,0.0,2.5,0.0,0.0,0.0,2.0,0,65.43,76.99,130.86,0.0,,,0,0,
test_q4_2024,2024-11-18,841,LOJA 841,58701,ABRILAR XAROPE L-MENTOL 200ML,87021,C,3,1,2,0.84,5,2.0,0,2.0,0,,2.0,0,0.0,0.0,2.5,0.0,0.0,0.0,2.0,0,65.43,76.99,130.86,0.0,2.0,130.86,0,0,
test_q4_2024,2024-11-19,841,LOJA 841,58701,ABRILAR XAROPE L-MENTOL 200ML,87021,C,3,1,2,0.84,5,2.0,0,2.0,0,,2.0,0,0.0,0.0,2.5,0.0,0.0,0.0,2.0,0,65.43,76.99,130.86,0.0,2.0,130.86,0,0,
test_q4_2024,2024-11-20,841,LOJA 841,58701,ABRILAR XAROPE L-MENTOL 200ML,87021,C,3,1,2,0.84,5,2.0,0,2.0,0,,2.0,0,0.0,0.0,2.5,0.0,0.0,0.0,2.0,0,65.43,76.99,130.86,0.0,2.0,130.86,0,0,
test_q4_2024,2024-11-21,841,LOJA 841,58701,ABRILAR XAROPE L-MENTOL 200ML,87021,C,3,1,2,0.84,5,2.0,0,2.0,0,,2.0,0,0.0,0.0,2.5,0.0,0.0,0.0,2.0,0,65.43,76.99,130.86,0.0,2.0,130.86,0,0,
test_q4_2024,2024-11-22,841,LOJA 841,58701,ABRILAR XAROPE L-MENTOL 200ML,87021,C,3,1,2,0.84,5,2.0,0,2.0,0,,2.0,0,0.0,0.0,2.5,0.0,0.0,0.0,2.0,0,65.43,76.99,130.86,0.0,2.0,130.86,0,0,
test_q4_2024,2024-11-23,841,LOJA 841,58701,ABRILAR XAROPE L-MENTOL 200ML,87021,C,3,1,2,0.84,5,2.0,0,2.0,0,,2.0,0,0.0,0.0,2.5,0.0,0.0,0.0,2.0,0,65.43,76.99,130.86,0.0,2.0,130.86,0,0,
test_q4_2024,2024-11-24,841,LOJA 841,58701,ABRILAR XAROPE L-MENTOL 200ML,87021,C,3,1,2,0.84,5,2.0,0,2.0,0,,2.0,0,0.0,0.0,2.5,0.0,0.0,0.0,2.0,0,65.43,76.99,130.86,0.0,,,0,0,
test_q4_2024,2024-11-25,841,LOJA 841,58701,ABRILAR XAROPE L-MENTOL 200ML,87021,C,3,1,2,0.84,5,2.0,0,2.0,0,,2.0,0,0.0,0.0,2.5,0.0,0.0,0.0,2.0,0,65.43,76.99,130.86,0.0,2.0,130.86,0,0,
test_q4_2024,2024-11-26,841,LOJA 841,58701,ABRILAR XAROPE L-MENTOL 200ML,87021,C,3,1,2,0.84,5,2.0,0,2.0,0,,2.0,0,0.0,0.0,2.5,0.0,0.0,0.0,2.0,0,65.43,76.99,130.86,0.0,2.0,130.86,0,0,
test_q4_2024,2024-11-27,841,LOJA 841,58701,ABRILAR XAROPE L-MENTOL 200ML,87021,C,3,1,2,0.84,5,2.0,0,2.0,0,,2.0,0,0.0,0.0,2.5,0.0,0.0,0.0,2.0,0,65.43,76.99,130.86,0.0,2.0,130.86,0,0,
test_q4_2024,2024-11-28,841,LOJA 841,58701,ABRILAR XAROPE L-MENTOL 200ML,87021,C,3,1,2,0.84,5,2.0,0,2.0,0,,2.0,0,0.0,0.0,2.5,0.0,0.0,0.0,2.0,0,65.43,76.99,130.86,0.0,2.0,130.86,0,0,
test_q4_2024,2024-11-29,841,LOJA 841,58701,ABRILAR XAROPE L-MENTOL 200ML,87021,C,3,1,2,0.84,5,2.0,0,2.0,0,,2.0,0,0.0,0.0,2.5,0.0,0.0,0.0,2.0,0,65.43,76.99,130.86,0.0,2.0,130.86,0,0,
test_q4_2024,2024-11-30,841,LOJA 841,58701,ABRILAR XAROPE L-MENTOL 200ML,87021,C,3,1,2,0.84,5,2.0,0,2.0,0,,2.0,0,0.0,0.0,2.5,0.0,0.0,0.0,2.0,0,65.43,76.99,130.86,0.0,2.0,130.86,0,0,
test_q4_2024,2024-12-01,841,LOJA 841,58701,ABRILAR XAROPE L-MENTOL 200ML,87021,C,3,1,2,0.84,5,2.0,0,2.0,0,,2.0,0,0.0,0.0,2.5,0.0,0.0,0.0,2.0,0,65.43,76.99,130.86,0.0,,,0,0,
test_q4_2024,2024-12-02,841,LOJA 841,58701,ABRILAR XAROPE L-MENTOL 200ML,87021,C,3,1,2,0.84,5,2.0,0,2.0,0,,2.0,0,0.0,0.0,2.5,0.0,0.0,0.0,2.0,0,65.43,76.99,130.86,0.0,2.0,130.86,0,0,
test_q4_2024,2024-12-03,841,LOJA 841,58701,ABRILAR XAROPE L-MENTOL 200ML,87021,C,3,1,2,0.84,5,2.0,0,2.0,0,,2.0,0,0.0,0.0,2.5,0.0,0.0,0.0,2.0,0,65.43,76.99,130.86,0.0,2.0,130.86,0,0,
test_q4_2024,2024-12-04,841,LOJA 841,58701,ABRILAR XAROPE L-MENTOL 200ML,87021,C,3,1,2,0.84,5,2.0,0,2.0,0,,2.0,0,0.0,0.0,2.5,0.0,0.0,0.0,2.0,0,65.43,76.99,130.86,0.0,2.0,130.86,0,0,
test_q4_2024,2024-12-05,841,LOJA 841,58701,ABRILAR XAROPE L-MENTOL 200ML,87021,C,3,1,2,0.84,5,2.0,0,2.0,0,,2.0,0,0.0,0.0,2.5,0.0,0.0,0.0,2.0,0,65.43,76.99,130.86,0.0,2.0,130.86,0,0,
test_q4_2024,2024-12-06,841,LOJA 841,58701,ABRILAR XAROPE L-MENTOL 200ML,87021,C,3,1,2,0.84,5,2.0,0,2.0,0,,2.0,0,0.0,0.0,2.5,0.0,0.0,0.0,2.0,0,65.43,76.99,130.86,0.0,2.0,130.86,0,0,
test_q4_2024,2024-12-07,841,LOJA 841,58701,ABRILAR XAROPE L-MENTOL 200ML,87021,C,3,1,2,0.84,5,2.0,0,2.0,0,,2.0,0,0.0,0.0,2.5,0.0,0.0,0.0,2.0,0,65.43,76.99,130.86,0.0,2.0,130.86,0,0,
test_q4_2024,2024-12-08,841,LOJA 841,58701,ABRILAR XAROPE L-MENTOL 200ML,87021,C,3,1,2,0.84,5,2.0,0,2.0,0,,2.0,0,0.0,0.0,2.5,0.0,0.0,0.0,2.0,0,65.43,76.99,130.86,0.0,,,0,0,
test_q4_2024,2024-12-09,841,LOJA 841,58701,ABRILAR XAROPE L-MENTOL 200ML,87021,C,3,1,2,0.84,5,2.0,0,2.0,0,,2.0,0,0.0,0.0,2.5,0.0,0.0,0.0,2.0,0,65.43,76.99,130.86,0.0,2.0,130.86,0,0,
test_q4_2024,2024-12-10,841,LOJA 841,58701,ABRILAR XAROPE L-MENTOL 200ML,87021,C,3,1,2,0.84,5,2.0,0,2.0,0,,2.0,0,0.0,0.0,2.5,0.0,0.0,0.0,2.0,0,65.43,76.99,130.86,0.0,2.0,130.86,0,0,
test_q4_2024,2024-12-11,841,LOJA 841,58701,ABRILAR XAROPE L-MENTOL 200ML,87021,C,3,1,2,0.84,5,2.0,0,2.0,0,,2.0,0,0.0,0.0,2.5,0.0,0.0,0.0,2.0,0,65.43,76.99,130.86,0.0,2.0,130.86,0,0,
test_q4_2024,2024-12-12,841,LOJA 841,58701,ABRILAR XAROPE L-MENTOL 200ML,87021,C,3,1,2,0.84,5,2.0,0,2.0,0,,2.0,0,0.0,0.0,2.5,0.0,0.0,0.0,2.0,0,65.43,76.99,130.86,0.0,2.0,130.86,0,0,
test_q4_2024,2024-12-13,841,LOJA 841,58701,ABRILAR XAROPE L-MENTOL 200ML,87021,C,3,1,2,0.84,5,2.0,0,2.0,0,,2.0,0,0.0,0.0,2.5,0.0,0.0,0.0,2.0,0,65.43,76.99,130.86,0.0,2.0,130.86,0,0,
test_q4_2024,2024-12-14,841,LOJA 841,58701,ABRILAR XAROPE L-MENTOL 200ML,87021,C,3,1,2,0.84,5,2.0,0,2.0,0,,2.0,0,0.0,0.0,2.5,0.0,0.0,0.0,2.0,0,65.43,76.99,130.86,0.0,2.0,130.86,0,0,
test_q4_2024,2024-12-15,841,LOJA 841,58701,ABRILAR XAROPE L-MENTOL 200ML,87021,C,3,1,2,0.84,5,2.0,0,2.0,0,,2.0,0,0.0,0.0,2.5,0.0,0.0,0.0,2.0,0,65.43,76.99,130.86,0.0,,,0,0,
test_q4_2024,2024-12-16,841,LOJA 841,58701,ABRILAR XAROPE L-MENTOL 200ML,87021,C,3,1,2,0.84,5,2.0,0,2.0,0,,2.0,0,0.0,0.0,2.5,0.0,0.0,0.0,2.0,0,65.43,76.99,130.86,0.0,2.0,130.86,0,0,
test_q4_2024,2024-12-17,841,LOJA 841,58701,ABRILAR XAROPE L-MENTOL 200ML,87021,C,3,1,2,0.84,5,2.0,0,2.0,0,,2.0,0,0.0,0.0,2.5,0.0,0.0,0.0,2.0,0,65.43,76.99,130.86,0.0,2.0,130.86,0,0,
test_q4_2024,2024-12-18,841,LOJA 841,58701,ABRILAR XAROPE L-MENTOL 200ML,87021,C,3,1,2,0.84,5,2.0,0,2.0,0,,2.0,0,0.0,0.0,2.5,0.0,0.0,0.0,2.0,0,65.43,76.99,130.86,0.0,2.0,130.86,0,0,
test_q4_2024,2024-12-19,841,LOJA 841,58701,ABRILAR XAROPE L-MENTOL 200ML,87021,C,3,1,2,0.84,5,2.0,0,2.0,0,,2.0,0,0.0,0.0,2.5,0.0,0.0,0.0,2.0,0,65.43,76.99,130.86,0.0,2.0,130.86,0,0,
test_q4_2024,2024-12-20,841,LOJA 841,58701,ABRILAR XAROPE L-MENTOL 200ML,87021,C,3,1,2,0.84,5,2.0,0,2.0,0,,2.0,0,0.0,0.0,2.5,0.0,0.0,0.0,2.0,0,65.43,76.99,130.86,0.0,2.0,130.86,0,0,
test_q4_2024,2024-12-21,841,LOJA 841,58701,ABRILAR XAROPE L-MENTOL 200ML,87021,C,3,1,2,0.84,5,2.0,0,2.0,0,,2.0,0,0.0,0.0,2.5,0.0,0.0,0.0,2.0,0,65.43,76.99,130.86,0.0,2.0,130.86,0,0,
test_q4_2024,2024-12-22,841,LOJA 841,58701,ABRILAR XAROPE L-MENTOL 200ML,87021,C,3,1,2,0.84,5,2.0,0,2.0,0,,2.0,0,0.0,0.0,2.5,0.0,0.0,0.0,2.0,0,65.43,76.99,130.86,0.0,,,0,0,
test_q4_2024,2024-12-23,841,LOJA 841,58701,ABRILAR XAROPE L-MENTOL 200ML,87021,C,3,1,2,0.84,5,2.0,0,2.0,0,,2.0,0,0.0,0.0,2.5,0.0,0.0,0.0,2.0,0,65.43,76.99,130.86,0.0,2.0,130.86,0,0,
test_q4_2024,2024-12-24,841,LOJA 841,58701,ABRILAR XAROPE L-MENTOL 200ML,87021,C,3,1,2,0.84,5,2.0,0,2.0,0,,2.0,0,0.0,0.0,2.5,0.0,0.0,0.0,2.0,0,65.43,76.99,130.86,0.0,2.0,130.86,0,0,
test_q4_2024,2024-12-25,841,LOJA 841,58701,ABRILAR XAROPE L-MENTOL 200ML,87021,C,3,1,2,0.84,5,2.0,0,2.0,0,,2.0,0,0.0,0.0,2.5,0.0,0.0,0.0,2.0,0,65.43,76.99,130.86,0.0,2.0,130.86,0,0,
test_q4_2024,2024-12-26,841,LOJA 841,58701,ABRILAR XAROPE L-MENTOL 200ML,87021,C,3,1,2,0.84,5,2.0,0,2.0,0,,2.0,0,0.0,0.0,2.5,0.0,0.0,0.0,2.0,0,65.43,76.99,130.86,0.0,2.0,130.86,0,0,
test_q4_2024,2024-12-27,841,LOJA 841,58701,ABRILAR XAROPE L-MENTOL 200ML,87021,C,3,1,2,0.84,5,2.0,0,2.0,0,,2.0,0,0.0,0.0,2.5,0.0,0.0,0.0,2.0,0,65.43,76.99,130.86,0.0,2.0,130.86,0,0,
test_q4_2024,2024-12-28,841,LOJA 841,58701,ABRILAR XAROPE L-MENTOL 200ML,87021,C,3,1,2,0.84,5,2.0,0,2.0,0,,2.0,0,0.0,0.0,2.5,0.0,0.0,0.0,2.0,0,65.43,76.99,130.86,0.0,2.0,130.86,0,0,
test_q4_2024,2024-12-29,841,LOJA 841,58701,ABRILAR XAROPE L-MENTOL 200ML,87021,C,3,1,2,0.84,5,2.0,0,2.0,0,,2.0,0,0.0,0.0,2.5,0.0,0.0,0.0,2.0,0,65.43,76.99,130.86,0.0,,,0,0,
test_q4_2024,2024-12-30,841,LOJA 841,58701,ABRILAR XAROPE L-MENTOL 200ML,87021,C,3,1,2,0.84,5,2.0,0,2.0,0,,2.0,0,0.0,0.0,2.5,0.0,0.0,0.0,2.0,0,65.43,76.99,130.86,0.0,2.0,130.86,0,0,
test_q4_2024,2024-12-31,841,LOJA 841,58701,ABRILAR XAROPE L-MENTOL 200ML,87021,C,3,1,2,0.84,5,2.0,0,2.0,0,,2.0,0,0.0,0.0,2.5,0.0,0.0,0.0,2.0,0,65.43,76.99,130.86,0.0,2.0,130.86,0,0,
test_q4_2024,2024-10-01,841,LOJA 841,62364,ALOFF XPE 60ML + SER,101141,C,3,1,2,0.84,5,2.0,0,2.0,0,,2.0,0,0.0,0.0,2.5,0.0,0.0,0.0,2.0,0,37.49,45.15,74.98,0.0,,,0,0,
test_q4_2024,2024-10-02,841,LOJA 841,62364,ALOFF XPE 60ML + SER,101141,C,3,1,2,0.84,5,2.0,0,2.0,0,,2.0,0,0.0,0.0,2.5,0.0,0.0,0.0,2.0,0,37.49,45.15,74.98,0.0,,,0,0,
test_q4_2024,2024-10-03,841,LOJA 841,62364,ALOFF XPE 60ML + SER,101141,C,3,1,2,0.84,5,2.0,0,2.0,0,,2.0,0,0.0,0.0,2.5,0.0,0.0,0.0,2.0,0,37.49,45.15,74.98,0.0,,,0,0,
test_q4_2024,2024-10-04,841,LOJA 841,62364,ALOFF XPE 60ML + SER,101141,C,3,1,2,0.84,5,2.0,0,2.0,0,,2.0,0,0.0,0.0,2.5,0.0,0.0,0.0,2.0,0,37.49,45.15,74.98,0.0,,,0,0,
test_q4_2024,2024-10-05,841,LOJA 841,62364,ALOFF XPE 60ML + SER,101141,C,3,1,2,0.84,5,2.0,0,2.0,0,,2.0,0,0.0,0.0,2.5,0.0,0.0,0.0,2.0,0,37.49,45.15,74.98,0.0,,,0,0,
test_q4_2024,2024-10-06,841,LOJA 841,62364,ALOFF XPE 60ML + SER,101141,C,3,1,2,0.84,5,2.0,0,2.0,0,,2.0,0,0.0,0.0,2.5,0.0,0.0,0.0,2.0,0,37.49,45.15,74.98,0.0,,,0,0,
test_q4_2024,2024-10-07,841,LOJA 841,62364,ALOFF XPE 60ML + SER,101141,C,3,1,2,0.84,5,2.0,0,2.0,0,,2.0,0,0.0,0.0,2.5,0.0,0.0,0.0,2.0,0,37.49,45.15,74.98,0.0,,,0,0,
test_q4_2024,2024-10-08,841,LOJA 841,62364,ALOFF XPE 60ML + SER,101141,C,3,1,2,0.84,5,2.0,0,2.0,0,,2.0,0,0.0,0.0,2.5,0.0,0.0,0.0,2.0,0,37.49,45.15,74.98,0.0,,,0,0,
test_q4_2024,2024-10-09,841,LOJA 841,62364,ALOFF XPE 60ML + SER,101141,C,3,1,2,0.84,5,2.0,0,2.0,0,,2.0,0,0.0,0.0,2.5,0.0,0.0,0.0,2.0,0,37.49,45.15,74.98,0.0,,,0,0,
test_q4_2024,2024-10-10,841,LOJA 841,62364,ALOFF XPE 60ML + SER,101141,C,3,1,2,0.84,5,2.0,0,2.0,0,,2.0,0,0.0,0.0,2.5,0.0,0.0,0.0,2.0,0,37.49,45.15,74.98,0.0,,,0,0,
test_q4_2024,2024-10-11,841,LOJA 841,62364,ALOFF XPE 60ML + SER,101141,C,3,1,2,0.84,5,2.0,0,2.0,0,,2.0,0,0.0,0.0,2.5,0.0,0.0,0.0,2.0,0,37.49,45.15,74.98,0.0,,,0,0,
test_q4_2024,2024-10-12,841,LOJA 841,62364,ALOFF XPE 60ML + SER,101141,C,3,1,2,0.84,5,2.0,0,2.0,0,,2.0,0,0.0,0.0,2.5,0.0,0.0,0.0,2.0,0,37.49,45.15,74.98,0.0,,,0,0,
test_q4_2024,2024-10-13,841,LOJA 841,62364,ALOFF XPE 60ML + SER,101141,C,3,1,2,0.84,5,2.0,0,2.0,0,,2.0,0,0.0,0.0,2.5,0.0,0.0,0.0,2.0,0,37.49,45.15,74.98,0.0,,,0,0,
test_q4_2024,2024-10-14,841,LOJA 841,62364,ALOFF XPE 60ML + SER,101141,C,3,1,2,0.84,5,2.0,0,2.0,0,,2.0,0,0.0,0.0,2.5,0.0,0.0,0.0,2.0,0,37.49,45.15,74.98,0.0,,,0,0,
test_q4_2024,2024-10-15,841,LOJA 841,62364,ALOFF XPE 60ML + SER,101141,C,3,1,2,0.84,5,2.0,0,2.0,0,,2.0,0,0.0,0.0,2.5,0.0,0.0,0.0,2.0,0,37.49,45.15,74.98,0.0,,,0,0,
test_q4_2024,2024-10-16,841,LOJA 841,62364,ALOFF XPE 60ML + SER,101141,C,3,1,2,0.84,5,2.0,0,2.0,0,,2.0,0,0.0,0.0,2.5,0.0,0.0,0.0,2.0,0,37.49,45.15,74.98,0.0,,,0,0,
test_q4_2024,2024-10-17,841,LOJA 841,62364,ALOFF XPE 60ML + SER,101141,C,3,1,2,0.84,5,2.0,0,2.0,0,,2.0,0,0.0,0.0,2.5,0.0,0.0,0.0,2.0,0,37.49,45.15,74.98,0.0,,,0,0,
test_q4_2024,2024-10-18,841,LOJA 841,62364,ALOFF XPE 60ML + SER,101141,C,3,1,2,0.84,5,2.0,0,2.0,0,,2.0,0,0.0,0.0,2.5,0.0,0.0,0.0,2.0,0,37.49,45.15,74.98,0.0,,,0,0,
test_q4_2024,2024-10-19,841,LOJA 841,62364,ALOFF XPE 60ML + SER,101141,C,3,1,2,0.84,5,2.0,0,2.0,0,,2.0,0,0.0,0.0,2.5,0.0,0.0,0.0,2.0,0,37.49,45.15,74.98,0.0,,,0,0,
test_q4_2024,2024-10-20,841,LOJA 841,62364,ALOFF XPE 60ML + SER,101141,C,3,1,2,0.84,5,2.0,0,2.0,0,,2.0,0,0.0,0.0,2.5,0.0,0.0,0.0,2.0,0,37.49,45.15,74.98,0.0,,,0,0,
test_q4_2024,2024-10-21,841,LOJA 841,62364,ALOFF XPE 60ML + SER,101141,C,3,1,2,0.84,5,2.0,0,2.0,0,,2.0,0,0.0,0.0,2.5,0.0,0.0,0.0,2.0,0,37.49,45.15,74.98,0.0,,,0,0,
test_q4_2024,2024-10-22,841,LOJA 841,62364,ALOFF XPE 60ML + SER,101141,C,3,1,2,0.84,5,2.0,0,2.0,0,,2.0,0,0.0,0.0,2.5,0.0,0.0,0.0,2.0,0,37.49,45.15,74.98,0.0,,,0,0,
test_q4_2024,2024-10-23,841,LOJA 841,62364,ALOFF XPE 60ML + SER,101141,C,3,1,2,0.84,5,2.0,0,2.0,0,,2.0,0,0.0,0.0,2.5,0.0,0.0,0.0,2.0,0,37.49,45.15,74.98,0.0,,,0,0,
test_q4_2024,2024-10-24,841,LOJA 841,62364,ALOFF XPE 60ML + SER,101141,C,3,1,2,0.84,5,2.0,0,2.0,0,,2.0,0,0.0,0.0,2.5,0.0,0.0,0.0,2.0,0,37.49,45.15,74.98,0.0,,,0,0,
test_q4_2024,2024-10-25,841,LOJA 841,62364,ALOFF XPE 60ML + SER,101141,C,3,1,2,0.84,5,2.0,0,2.0,0,,2.0,0,0.0,0.0,2.5,0.0,0.0,0.0,2.0,0,37.49,45.15,74.98,0.0,,,0,0,
test_q4_2024,2024-10-26,841,LOJA 841,62364,ALOFF XPE 60ML + SER,101141,C,3,1,2,0.84,5,2.0,0,2.0,0,,2.0,0,0.0,0.0,2.5,0.0,0.0,0.0,2.0,0,37.49,45.15,74.98,0.0,,,0,0,
test_q4_2024,2024-10-27,841,LOJA 841,62364,ALOFF XPE 60ML + SER,101141,C,3,1,2,0.84,5,2.0,0,2.0,0,,2.0,0,0.0,0.0,2.5,0.0,0.0,0.0,2.0,0,37.49,45.15,74.98,0.0,,,0,0,
test_q4_2024,2024-10-28,841,LOJA 841,62364,ALOFF XPE 60ML + SER,101141,C,3,1,2,0.84,5,2.0,0,2.0,0,,2.0,0,0.0,0.0,2.5,0.0,0.0,0.0,2.0,0,37.49,45.15,74.98,0.0,,,0,0,
test_q4_2024,2024-10-29,841,LOJA 841,62364,ALOFF XPE 60ML + SER,101141,C,3,1,2,0.84,5,2.0,0,2.0,0,,2.0,0,0.0,0.0,2.5,0.0,0.0,0.0,2.0,0,37.49,45.15,74.98,0.0,,,0,0,
test_q4_2024,2024-10-30,841,LOJA 841,62364,ALOFF XPE 60ML + SER,101141,C,3,1,2,0.84,5,2.0,0,2.0,0,,2.0,0,0.0,0.0,2.5,0.0,0.0,0.0,2.0,0,37.49,45.15,74.98,0.0,,,0,0,
test_q4_2024,2024-10-31,841,LOJA 841,62364,ALOFF XPE 60ML + SER,101141,C,3,1,2,0.84,5,2.0,0,2.0,0,,2.0,0,0.0,0.0,2.5,0.0,0.0,0.0,2.0,0,37.49,45.15,74.98,0.0,,,0,0,
test_q4_2024,2024-11-01,841,LOJA 841,62364,ALOFF XPE 60ML + SER,101141,C,3,1,2,0.84,5,2.0,0,2.0,0,,2.0,0,0.0,0.0,2.5,0.0,0.0,0.0,2.0,0,37.49,45.15,74.98,0.0,,,0,0,
test_q4_2024,2024-11-02,841,LOJA 841,62364,ALOFF XPE 60ML + SER,101141,C,3,1,2,0.84,5,2.0,0,2.0,0,,2.0,0,0.0,0.0,2.5,0.0,0.0,0.0,2.0,0,37.49,45.15,74.98,0.0,,,0,0,
test_q4_2024,2024-11-03,841,LOJA 841,62364,ALOFF XPE 60ML + SER,101141,C,3,1,2,0.84,5,2.0,0,2.0,0,,2.0,0,0.0,0.0,2.5,0.0,0.0,0.0,2.0,0,37.49,45.15,74.98,0.0,,,0,0,
test_q4_2024,2024-11-04,841,LOJA 841,62364,ALOFF XPE 60ML + SER,101141,C,3,1,2,0.84,5,2.0,0,2.0,0,,2.0,0,0.0,0.0,2.5,0.0,0.0,0.0,2.0,0,37.49,45.15,74.98,0.0,,,0,0,
test_q4_2024,2024-11-05,841,LOJA 841,62364,ALOFF XPE 60ML + SER,101141,C,3,1,2,0.84,5,2.0,0,2.0,0,,2.0,0,0.0,0.0,2.5,0.0,0.0,0.0,2.0,0,37.49,45.15,74.98,0.0,,,0,0,
test_q4_2024,2024-11-06,841,LOJA 841,62364,ALOFF XPE 60ML + SER,101141,C,3,1,2,0.84,5,2.0,0,2.0,0,,2.0,0,0.0,0.0,2.5,0.0,0.0,0.0,2.0,0,37.49,45.15,74.98,0.0,,,0,0,
test_q4_2024,2024-11-07,841,LOJA 841,62364,ALOFF XPE 60ML + SER,101141,C,3,1,2,0.84,5,2.0,0,2.0,0,,2.0,0,0.0,0.0,2.5,0.0,0.0,0.0,2.0,0,37.49,45.15,74.98,0.0,,,0,0,
test_q4_2024,2024-11-08,841,LOJA 841,62364,ALOFF XPE 60ML + SER,101141,C,3,1,2,0.84,5,2.0,0,2.0,0,,2.0,0,0.0,0.0,2.5,0.0,0.0,0.0,2.0,0,37.49,45.15,74.98,0.0,,,0,0,
test_q4_2024,2024-11-09,841,LOJA 841,62364,ALOFF XPE 60ML + SER,101141,C,3,1,2,0.84,5,2.0,0,2.0,0,,2.0,0,0.0,0.0,2.5,0.0,0.0,0.0,2.0,0,37.49,45.15,74.98,0.0,,,0,0,
test_q4_2024,2024-11-10,841,LOJA 841,62364,ALOFF XPE 60ML + SER,101141,C,3,1,2,0.84,5,2.0,0,2.0,0,,2.0,0,0.0,0.0,2.5,0.0,0.0,0.0,2.0,0,37.49,45.15,74.98,0.0,,,0,0,
test_q4_2024,2024-11-11,841,LOJA 841,62364,ALOFF XPE 60ML + SER,101141,C,3,1,2,0.84,5,2.0,0,2.0,0,,2.0,0,0.0,0.0,2.5,0.0,0.0,0.0,2.0,0,37.49,45.15,74.98,0.0,,,0,0,
test_q4_2024,2024-11-12,841,LOJA 841,62364,ALOFF XPE 60ML + SER,101141,C,3,1,2,0.84,5,2.0,0,2.0,0,,2.0,0,0.0,0.0,2.5,0.0,0.0,0.0,2.0,0,37.49,45.15,74.98,0.0,,,0,0,
test_q4_2024,2024-11-13,841,LOJA 841,62364,ALOFF XPE 60ML + SER,101141,C,3,1,2,0.84,5,2.0,0,2.0,0,,2.0,0,0.0,0.0,2.5,0.0,0.0,0.0,2.0,0,37.49,45.15,74.98,0.0,,,0,0,
test_q4_2024,2024-11-14,841,LOJA 841,62364,ALOFF XPE 60ML + SER,101141,C,3,1,2,0.84,5,2.0,0,2.0,0,,2.0,0,0.0,0.0,2.5,0.0,0.0,0.0,2.0,0,37.49,45.15,74.98,0.0,,,0,0,
test_q4_2024,2024-11-15,841,LOJA 841,62364,ALOFF XPE 60ML + SER,101141,C,3,1,2,0.84,5,2.0,0,2.0,0,,2.0,0,0.0,0.0,2.5,0.0,0.0,0.0,2.0,0,37.49,45.15,74.98,0.0,,,0,0,
test_q4_2024,2024-11-16,841,LOJA 841,62364,ALOFF XPE 60ML + SER,101141,C,3,1,2,0.84,5,2.0,0,2.0,0,,2.0,0,0.0,0.0,2.5,0.0,0.0,0.0,2.0,0,37.49,45.15,74.98,0.0,,,0,0,
test_q4_2024,2024-11-17,841,LOJA 841,62364,ALOFF XPE 60ML + SER,101141,C,3,1,2,0.84,5,2.0,0,2.0,0,,2.0,0,0.0,0.0,2.5,0.0,0.0,0.0,2.0,0,37.49,45.15,74.98,0.0,,,0,0,
test_q4_2024,2024-11-18,841,LOJA 841,62364,ALOFF XPE 60ML + SER,101141,C,3,1,2,0.84,5,2.0,0,2.0,0,,2.0,0,0.0,0.0,2.5,0.0,0.0,0.0,2.0,0,37.49,45.15,74.98,0.0,,,0,0,
test_q4_2024,2024-11-19,841,LOJA 841,62364,ALOFF XPE 60ML + SER,101141,C,3,1,2,0.84,5,2.0,0,2.0,0,,2.0,0,0.0,0.0,2.5,0.0,0.0,0.0,2.0,0,37.49,45.15,74.98,0.0,,,0,0,
test_q4_2024,2024-11-20,841,LOJA 841,62364,ALOFF XPE 60ML + SER,101141,C,3,1,2,0.84,5,2.0,0,2.0,0,,2.0,0,0.0,0.0,2.5,0.0,0.0,0.0,2.0,0,37.49,45.15,74.98,0.0,,,0,0,
test_q4_2024,2024-11-21,841,LOJA 841,62364,ALOFF XPE 60ML + SER,101141,C,3,1,2,0.84,5,2.0,0,2.0,0,,2.0,0,0.0,0.0,2.5,0.0,0.0,0.0,2.0,0,37.49,45.15,74.98,0.0,,,0,0,
test_q4_2024,2024-11-22,841,LOJA 841,62364,ALOFF XPE 60ML + SER,101141,C,3,1,2,0.84,5,2.0,0,2.0,0,,2.0,0,0.0,0.0,2.5,0.0,0.0,0.0,2.0,0,37.49,45.15,74.98,0.0,,,0,0,
test_q4_2024,2024-11-23,841,LOJA 841,62364,ALOFF XPE 60ML + SER,101141,C,3,1,2,0.84,5,2.0,0,2.0,0,,2.0,0,0.0,0.0,2.5,0.0,0.0,0.0,2.0,0,37.49,45.15,74.98,0.0,,,0,0,
test_q4_2024,2024-11-24,841,LOJA 841,62364,ALOFF XPE 60ML + SER,101141,C,3,1,2,0.84,5,2.0,0,2.0,0,,2.0,0,0.0,0.0,2.5,0.0,0.0,0.0,2.0,0,37.49,45.15,74.98,0.0,,,0,0,
test_q4_2024,2024-11-25,841,LOJA 841,62364,ALOFF XPE 60ML + SER,101141,C,3,1,2,0.84,5,2.0,0,2.0,0,,2.0,0,0.0,0.0,2.5,0.0,0.0,0.0,2.0,0,37.49,45.15,74.98,0.0,,,0,0,
test_q4_2024,2024-11-26,841,LOJA 841,62364,ALOFF XPE 60ML + SER,101141,C,3,1,2,0.84,5,2.0,0,2.0,0,,2.0,0,0.0,0.0,2.5,0.0,0.0,0.0,2.0,0,37.49,45.15,74.98,0.0,,,0,0,
test_q4_2024,2024-11-27,841,LOJA 841,62364,ALOFF XPE 60ML + SER,101141,C,3,1,2,0.84,5,2.0,0,2.0,0,,2.0,0,0.0,0.0,2.5,0.0,0.0,0.0,2.0,0,37.49,45.15,74.98,0.0,,,0,0,
test_q4_2024,2024-11-28,841,LOJA 841,62364,ALOFF XPE 60ML + SER,101141,C,3,1,2,0.84,5,2.0,0,2.0,0,,2.0,0,0.0,0.0,2.5,0.0,0.0,0.0,2.0,0,37.49,45.15,74.98,0.0,,,0,0,
test_q4_2024,2024-11-29,841,LOJA 841,62364,ALOFF XPE 60ML + SER,101141,C,3,1,2,0.84,5,2.0,0,2.0,0,,2.0,0,0.0,0.0,2.5,0.0,0.0,0.0,2.0,0,37.49,45.15,74.98,0.0,,,0,0,
test_q4_2024,2024-11-30,841,LOJA 841,62364,ALOFF XPE 60ML + SER,101141,C,3,1,2,0.84,5,2.0,0,2.0,0,,2.0,0,0.0,0.0,2.5,0.0,0.0,0.0,2.0,0,37.49,45.15,74.98,0.0,,,0,0,
test_q4_2024,2024-12-01,841,LOJA 841,62364,ALOFF XPE 60ML + SER,101141,C,3,1,2,0.84,5,2.0,0,2.0,0,,2.0,0,0.0,0.0,2.5,0.0,0.0,0.0,2.0,0,37.49,45.15,74.98,0.0,,,0,0,
test_q4_2024,2024-12-02,841,LOJA 841,62364,ALOFF XPE 60ML + SER,101141,C,3,1,2,0.84,5,2.0,0,2.0,0,,2.0,0,0.0,0.0,2.5,0.0,0.0,0.0,2.0,0,37.49,45.15,74.98,0.0,,,0,0,
test_q4_2024,2024-12-03,841,LOJA 841,62364,ALOFF XPE 60ML + SER,101141,C,3,1,2,0.84,5,2.0,0,2.0,0,,2.0,0,0.0,0.0,2.5,0.0,0.0,0.0,2.0,0,37.49,45.15,74.98,0.0,,,0,0,
test_q4_2024,2024-12-04,841,LOJA 841,62364,ALOFF XPE 60ML + SER,101141,C,3,1,2,0.84,5,2.0,0,2.0,0,,2.0,0,0.0,0.0,2.5,0.0,0.0,0.0,2.0,0,37.49,45.15,74.98,0.0,,,0,0,
test_q4_2024,2024-12-05,841,LOJA 841,62364,ALOFF XPE 60ML + SER,101141,C,3,1,2,0.84,5,2.0,0,2.0,0,,2.0,0,0.0,0.0,2.5,0.0,0.0,0.0,2.0,0,37.49,45.15,74.98,0.0,,,0,0,
test_q4_2024,2024-12-06,841,LOJA 841,62364,ALOFF XPE 60ML + SER,101141,C,3,1,2,0.84,5,2.0,0,2.0,0,,2.0,0,0.0,0.0,2.5,0.0,0.0,0.0,2.0,0,37.49,45.15,74.98,0.0,,,0,0,
test_q4_2024,2024-12-07,841,LOJA 841,62364,ALOFF XPE 60ML + SER,101141,C,3,1,2,0.84,5,2.0,0,2.0,0,,2.0,0,0.0,0.0,2.5,0.0,0.0,0.0,2.0,0,37.49,45.15,74.98,0.0,,,0,0,
test_q4_2024,2024-12-08,841,LOJA 841,62364,ALOFF XPE 60ML + SER,101141,C,3,1,2,0.84,5,2.0,0,2.0,0,,2.0,0,0.0,0.0,2.5,0.0,0.0,0.0,2.0,0,37.49,45.15,74.98,0.0,,,0,0,
test_q4_2024,2024-12-09,841,LOJA 841,62364,ALOFF XPE 60ML + SER,101141,C,3,1,2,0.84,5,2.0,0,2.0,0,,2.0,0,0.0,0.0,2.5,0.0,0.0,0.0,2.0,0,37.49,45.15,74.98,0.0,,,0,0,
test_q4_2024,2024-12-10,841,LOJA 841,62364,ALOFF XPE 60ML + SER,101141,C,3,1,2,0.84,5,2.0,0,2.0,0,,2.0,0,0.0,0.0,2.5,0.0,0.0,0.0,2.0,0,37.49,45.15,74.98,0.0,,,0,0,
test_q4_2024,2024-12-11,841,LOJA 841,62364,ALOFF XPE 60ML + SER,101141,C,3,1,2,0.84,5,2.0,0,2.0,0,,2.0,0,0.0,0.0,2.5,0.0,0.0,0.0,2.0,0,37.49,45.15,74.98,0.0,,,0,0,
test_q4_2024,2024-12-12,841,LOJA 841,62364,ALOFF XPE 60ML + SER,101141,C,3,1,2,0.84,5,2.0,0,2.0,0,,2.0,0,0.0,0.0,2.5,0.0,0.0,0.0,2.0,0,37.49,45.15,74.98,0.0,,,0,0,
test_q4_2024,2024-12-13,841,LOJA 841,62364,ALOFF XPE 60ML + SER,101141,C,3,1,2,0.84,5,2.0,0,2.0,0,,2.0,0,0.0,0.0,2.5,0.0,0.0,0.0,2.0,0,37.49,45.15,74.98,0.0,,,0,0,
test_q4_2024,2024-12-14,841,LOJA 841,62364,ALOFF XPE 60ML + SER,101141,C,3,1,2,0.84,5,2.0,0,2.0,0,,2.0,0,0.0,0.0,2.5,0.0,0.0,0.0,2.0,0,37.49,45.15,74.98,0.0,,,0,0,
test_q4_2024,2024-12-15,841,LOJA 841,62364,ALOFF XPE 60ML + SER,101141,C,3,1,2,0.84,5,2.0,0,2.0,0,,2.0,0,0.0,0.0,2.5,0.0,0.0,0.0,2.0,0,37.49,45.15,74.98,0.0,,,0,0,
test_q4_2024,2024-12-16,841,LOJA 841,62364,ALOFF XPE 60ML + SER,101141,C,3,1,2,0.84,5,2.0,0,2.0,0,,2.0,0,0.0,0.0,2.5,0.0,0.0,0.0,2.0,0,37.49,45.15,74.98,0.0,,,0,0,
test_q4_2024,2024-12-17,841,LOJA 841,62364,ALOFF XPE 60ML + SER,101141,C,3,1,2,0.84,5,2.0,0,2.0,0,,2.0,0,0.0,0.0,2.5,0.0,0.0,0.0,2.0,0,37.49,45.15,74.98,0.0,,,0,0,
test_q4_2024,2024-12-18,841,LOJA 841,62364,ALOFF XPE 60ML + SER,101141,C,3,1,2,0.84,5,2.0,0,2.0,0,,2.0,0,0.0,0.0,2.5,0.0,0.0,0.0,2.0,0,37.49,45.15,74.98,0.0,,,0,0,
test_q4_2024,2024-12-19,841,LOJA 841,62364,ALOFF XPE 60ML + SER,101141,C,3,1,2,0.84,5,2.0,0,2.0,0,,2.0,0,0.0,0.0,2.5,0.0,0.0,0.0,2.0,0,37.49,45.15,74.98,0.0,,,0,0,
test_q4_2024,2024-12-20,841,LOJA 841,62364,ALOFF XPE 60ML + SER,101141,C,3,1,2,0.84,5,2.0,0,2.0,0,,2.0,0,0.0,0.0,2.5,0.0,0.0,0.0,2.0,0,37.49,45.15,74.98,0.0,,,0,0,
test_q4_2024,2024-12-21,841,LOJA 841,62364,ALOFF XPE 60ML + SER,101141,C,3,1,2,0.84,5,2.0,0,2.0,0,,2.0,0,0.0,0.0,2.5,0.0,0.0,0.0,2.0,0,37.49,45.15,74.98,0.0,,,0,0,
test_q4_2024,2024-12-22,841,LOJA 841,62364,ALOFF XPE 60ML + SER,101141,C,3,1,2,0.84,5,2.0,0,2.0,0,,2.0,0,0.0,0.0,2.5,0.0,0.0,0.0,2.0,0,37.49,45.15,74.98,0.0,,,0,0,
test_q4_2024,2024-12-23,841,LOJA 841,62364,ALOFF XPE 60ML + SER,101141,C,3,1,2,0.84,5,2.0,0,2.0,0,,2.0,0,0.0,0.0,2.5,0.0,0.0,0.0,2.0,0,37.49,45.15,74.98,0.0,,,0,0,
test_q4_2024,2024-12-24,841,LOJA 841,62364,ALOFF XPE 60ML + SER,101141,C,3,1,2,0.84,5,2.0,0,2.0,0,,2.0,0,0.0,0.0,2.5,0.0,0.0,0.0,2.0,0,37.49,45.15,74.98,0.0,,,0,0,
test_q4_2024,2024-12-25,841,LOJA 841,62364,ALOFF XPE 60ML + SER,101141,C,3,1,2,0.84,5,2.0,0,2.0,0,,2.0,0,0.0,0.0,2.5,0.0,0.0,0.0,2.0,0,37.49,45.15,74.98,0.0,,,0,0,
test_q4_2024,2024-12-26,841,LOJA 841,62364,ALOFF XPE 60ML + SER,101141,C,3,1,2,0.84,5,2.0,0,2.0,0,,2.0,0,0.0,0.0,2.5,0.0,0.0,0.0,2.0,0,37.49,45.15,74.98,0.0,,,0,0,
test_q4_2024,2024-12-27,841,LOJA 841,62364,ALOFF XPE 60ML + SER,101141,C,3,1,2,0.84,5,2.0,0,2.0,0,,2.0,0,0.0,0.0,2.5,0.0,0.0,0.0,2.0,0,37.49,45.15,74.98,0.0,,,0,0,
test_q4_2024,2024-12-28,841,LOJA 841,62364,ALOFF XPE 60ML + SER,101141,C,3,1,2,0.84,5,2.0,0,2.0,0,,2.0,0,0.0,0.0,2.5,0.0,0.0,0.0,2.0,0,37.49,45.15,74.98,0.0,,,0,0,
test_q4_2024,2024-12-29,841,LOJA 841,62364,ALOFF XPE 60ML + SER,101141,C,3,1,2,0.84,5,2.0,0,2.0,0,,2.0,0,0.0,0.0,2.5,0.0,0.0,0.0,2.0,0,37.49,45.15,74.98,0.0,,,0,0,
test_q4_2024,2024-12-30,841,LOJA 841,62364,ALOFF XPE 60ML + SER,101141,C,3,1,2,0.84,5,2.0,0,2.0,0,,2.0,0,0.0,0.0,2.5,0.0,0.0,0.0,2.0,0,37.49,45.15,74.98,0.0,,,0,0,
test_q4_2024,2024-12-31,841,LOJA 841,62364,ALOFF XPE 60ML + SER,101141,C,3,1,2,0.84,5,2.0,0,2.0,0,,2.0,0,0.0,0.0,2.5,0.0,0.0,0.0,2.0,0,37.49,45.15,74.98,0.0,,,0,0,
test_q4_2024,2024-10-01,841,LOJA 841,62782,HEDERA CIMED 7MG/ML CEREJA XPE100ML,51356,C,3,1,2,0.84,5,2.0,0,2.0,0,,2.0,0,0.0,0.0,1.0,0.0,0.0,0.0,2.0,0,38.33,47.3,76.66,0.0,1.0,38.33,0,0,
test_q4_2024,2024-10-02,841,LOJA 841,62782,HEDERA CIMED 7MG/ML CEREJA XPE100ML,51356,C,3,1,2,0.84,5,2.0,0,2.0,0,,2.0,0,0.0,0.0,1.0,0.0,0.0,0.0,2.0,0,38.33,47.3,76.66,0.0,1.0,38.33,0,0,
test_q4_2024,2024-10-03,841,LOJA 841,62782,HEDERA CIMED 7MG/ML CEREJA XPE100ML,51356,C,3,1,2,0.84,5,2.0,0,2.0,0,,2.0,0,0.0,0.0,1.0,0.0,0.0,0.0,2.0,0,38.33,47.3,76.66,0.0,1.0,38.33,0,0,
test_q4_2024,2024-10-04,841,LOJA 841,62782,HEDERA CIMED 7MG/ML CEREJA XPE100ML,51356,C,3,1,2,0.84,5,2.0,0,2.0,0,,2.0,0,0.0,0.0,1.0,0.0,0.0,0.0,2.0,0,38.33,47.3,76.66,0.0,1.0,38.33,0,0,
test_q4_2024,2024-10-05,841,LOJA 841,62782,HEDERA CIMED 7MG/ML CEREJA XPE100ML,51356,C,3,1,2,0.84,5,2.0,0,2.0,0,,2.0,0,0.0,0.0,1.0,0.0,0.0,0.0,2.0,0,38.33,47.3,76.66,0.0,1.0,38.33,0,0,
test_q4_2024,2024-10-06,841,LOJA 841,62782,HEDERA CIMED 7MG/ML CEREJA XPE100ML,51356,C,3,1,2,0.84,5,2.0,0,2.0,0,,2.0,0,0.0,0.0,1.0,0.0,0.0,0.0,2.0,0,38.33,47.3,76.66,0.0,,,0,0,
test_q4_2024,2024-10-07,841,LOJA 841,62782,HEDERA CIMED 7MG/ML CEREJA XPE100ML,51356,C,3,1,2,0.84,5,2.0,0,2.0,0,,2.0,0,0.0,0.0,1.0,0.0,0.0,0.0,2.0,0,38.33,47.3,76.66,0.0,1.0,38.33,0,0,
test_q4_2024,2024-10-08,841,LOJA 841,62782,HEDERA CIMED 7MG/ML CEREJA XPE100ML,51356,C,3,1,2,0.84,5,2.0,0,2.0,0,,2.0,0,0.0,0.0,1.0,0.0,0.0,0.0,2.0,0,38.33,47.3,76.66,0.0,1.0,38.33,0,0,
test_q4_2024,2024-10-09,841,LOJA 841,62782,HEDERA CIMED 7MG/ML CEREJA XPE100ML,51356,C,3,1,2,0.84,5,2.0,0,2.0,0,,2.0,0,0.0,0.0,1.0,0.0,0.0,0.0,2.0,0,38.33,47.3,76.66,0.0,1.0,38.33,0,0,
test_q4_2024,2024-10-10,841,LOJA 841,62782,HEDERA CIMED 7MG/ML CEREJA XPE100ML,51356,C,3,1,2,0.84,5,2.0,0,2.0,0,,2.0,0,0.0,0.0,1.0,0.0,0.0,0.0,2.0,0,38.33,47.3,76.66,0.0,1.0,38.33,0,0,
test_q4_2024,2024-10-11,841,LOJA 841,62782,HEDERA CIMED 7MG/ML CEREJA XPE100ML,51356,C,3,1,2,0.84,5,2.0,0,2.0,0,,2.0,0,0.0,0.0,1.0,0.0,0.0,0.0,2.0,0,38.33,47.3,76.66,0.0,1.0,38.33,0,0,
test_q4_2024,2024-10-12,841,LOJA 841,62782,HEDERA CIMED 7MG/ML CEREJA XPE100ML,51356,C,3,1,2,0.84,5,2.0,0,2.0,0,,2.0,0,0.0,0.0,1.0,0.0,0.0,0.0,2.0,0,38.33,47.3,76.66,0.0,1.0,38.33,0,0,
test_q4_2024,2024-10-13,841,LOJA 841,62782,HEDERA CIMED 7MG/ML CEREJA XPE100ML,51356,C,3,1,2,0.84,5,2.0,0,2.0,0,,2.0,0,0.0,0.0,1.0,0.0,0.0,0.0,2.0,0,38.33,47.3,76.66,0.0,,,0,0,
test_q4_2024,2024-10-14,841,LOJA 841,62782,HEDERA CIMED 7MG/ML CEREJA XPE100ML,51356,C,3,1,2,0.84,5,2.0,0,2.0,0,,2.0,0,0.0,0.0,1.0,0.0,0.0,0.0,2.0,0,38.33,47.3,76.66,0.0,1.0,38.33,0,0,
test_q4_2024,2024-10-15,841,LOJA 841,62782,HEDERA CIMED 7MG/ML CEREJA XPE100ML,51356,C,3,1,2,0.84,5,2.0,0,2.0,0,,2.0,0,0.0,0.0,1.0,0.0,0.0,0.0,2.0,0,38.33,47.3,76.66,0.0,1.0,38.33,0,0,
test_q4_2024,2024-10-16,841,LOJA 841,62782,HEDERA CIMED 7MG/ML CEREJA XPE100ML,51356,C,3,1,2,0.84,5,2.0,0,2.0,0,,2.0,0,0.0,0.0,1.0,0.0,0.0,0.0,2.0,0,38.33,47.3,76.66,0.0,1.0,38.33,0,0,
test_q4_2024,2024-10-17,841,LOJA 841,62782,HEDERA CIMED 7MG/ML CEREJA XPE100ML,51356,C,3,1,2,0.84,5,2.0,0,2.0,0,,2.0,0,0.0,0.0,1.0,0.0,0.0,0.0,2.0,0,38.33,47.3,76.66,0.0,1.0,38.33,0,0,
test_q4_2024,2024-10-18,841,LOJA 841,62782,HEDERA CIMED 7MG/ML CEREJA XPE100ML,51356,C,3,1,2,0.84,5,2.0,0,2.0,0,,2.0,0,0.0,0.0,1.0,0.0,0.0,0.0,2.0,0,38.33,47.3,76.66,0.0,1.0,38.33,0,0,
test_q4_2024,2024-10-19,841,LOJA 841,62782,HEDERA CIMED 7MG/ML CEREJA XPE100ML,51356,C,3,1,2,0.84,5,2.0,0,2.0,0,,2.0,0,0.0,0.0,1.0,0.0,0.0,0.0,2.0,0,38.33,47.3,76.66,0.0,1.0,38.33,0,0,
test_q4_2024,2024-10-20,841,LOJA 841,62782,HEDERA CIMED 7MG/ML CEREJA XPE100ML,51356,C,3,1,2,0.84,5,2.0,0,2.0,0,,2.0,0,0.0,0.0,1.0,0.0,0.0,0.0,2.0,0,38.33,47.3,76.66,0.0,,,0,0,
test_q4_2024,2024-10-21,841,LOJA 841,62782,HEDERA CIMED 7MG/ML CEREJA XPE100ML,51356,C,3,1,2,0.84,5,2.0,0,2.0,0,,2.0,0,0.0,0.0,1.0,0.0,0.0,0.0,2.0,0,38.33,47.3,76.66,0.0,1.0,38.33,0,0,
test_q4_2024,2024-10-22,841,LOJA 841,62782,HEDERA CIMED 7MG/ML CEREJA XPE100ML,51356,C,3,1,2,0.84,5,2.0,0,2.0,0,,2.0,0,0.0,0.0,1.0,0.0,0.0,0.0,2.0,0,38.33,47.3,76.66,0.0,1.0,38.33,0,0,
test_q4_2024,2024-10-23,841,LOJA 841,62782,HEDERA CIMED 7MG/ML CEREJA XPE100ML,51356,C,3,1,2,0.84,5,2.0,0,2.0,0,,2.0,0,0.0,0.0,1.0,0.0,0.0,0.0,2.0,0,38.33,47.3,76.66,0.0,1.0,38.33,0,0,
test_q4_2024,2024-10-24,841,LOJA 841,62782,HEDERA CIMED 7MG/ML CEREJA XPE100ML,51356,C,3,1,2,0.84,5,2.0,0,2.0,0,,2.0,0,0.0,0.0,1.0,0.0,0.0,0.0,2.0,0,38.33,47.3,76.66,0.0,1.0,38.33,0,0,
test_q4_2024,2024-10-25,841,LOJA 841,62782,HEDERA CIMED 7MG/ML CEREJA XPE100ML,51356,C,3,1,2,0.84,5,2.0,0,2.0,0,,2.0,0,0.0,0.0,1.0,0.0,0.0,0.0,2.0,0,38.33,47.3,76.66,0.0,1.0,38.33,0,0,
test_q4_2024,2024-10-26,841,LOJA 841,62782,HEDERA CIMED 7MG/ML CEREJA XPE100ML,51356,C,3,1,2,0.84,5,2.0,0,2.0,0,,2.0,0,0.0,0.0,1.0,0.0,0.0,0.0,2.0,0,38.33,47.3,76.66,0.0,1.0,38.33,0,0,
test_q4_2024,2024-10-27,841,LOJA 841,62782,HEDERA CIMED 7MG/ML CEREJA XPE100ML,51356,C,3,1,2,0.84,5,2.0,0,2.0,0,,2.0,0,0.0,0.0,1.0,0.0,0.0,0.0,2.0,0,38.33,47.3,76.66,0.0,,,0,0,
test_q4_2024,2024-10-28,841,LOJA 841,62782,HEDERA CIMED 7MG/ML CEREJA XPE100ML,51356,C,3,1,2,0.84,5,2.0,0,2.0,0,,2.0,0,0.0,0.0,1.0,0.0,0.0,0.0,2.0,0,38.33,47.3,76.66,0.0,1.0,38.33,0,0,
test_q4_2024,2024-10-29,841,LOJA 841,62782,HEDERA CIMED 7MG/ML CEREJA XPE100ML,51356,C,3,1,2,0.84,5,2.0,0,2.0,0,,2.0,0,0.0,0.0,1.0,0.0,0.0,0.0,2.0,0,38.33,47.3,76.66,0.0,1.0,38.33,0,0,
test_q4_2024,2024-10-30,841,LOJA 841,62782,HEDERA CIMED 7MG/ML CEREJA XPE100ML,51356,C,3,1,2,0.84,5,2.0,0,2.0,0,,2.0,0,0.0,0.0,1.0,0.0,0.0,0.0,2.0,0,38.33,47.3,76.66,0.0,1.0,38.33,0,0,
test_q4_2024,2024-10-31,841,LOJA 841,62782,HEDERA CIMED 7MG/ML CEREJA XPE100ML,51356,C,3,1,2,0.84,5,2.0,0,2.0,0,,2.0,0,0.0,0.0,1.0,0.0,0.0,0.0,2.0,0,38.33,47.3,76.66,0.0,1.0,38.33,0,0,
test_q4_2024,2024-11-01,841,LOJA 841,62782,HEDERA CIMED 7MG/ML CEREJA XPE100ML,51356,C,3,1,2,0.84,5,2.0,0,2.0,0,,2.0,0,0.0,0.0,1.0,0.0,0.0,0.0,2.0,0,38.33,47.3,76.66,0.0,1.0,38.33,0,0,
test_q4_2024,2024-11-02,841,LOJA 841,62782,HEDERA CIMED 7MG/ML CEREJA XPE100ML,51356,C,3,1,2,0.84,5,2.0,0,2.0,0,,2.0,0,0.0,0.0,1.0,0.0,0.0,0.0,2.0,0,38.33,47.3,76.66,0.0,1.0,38.33,0,0,
test_q4_2024,2024-11-03,841,LOJA 841,62782,HEDERA CIMED 7MG/ML CEREJA XPE100ML,51356,C,3,1,2,0.84,5,2.0,0,2.0,0,,2.0,0,0.0,0.0,1.0,0.0,0.0,0.0,2.0,0,38.33,47.3,76.66,0.0,,,0,0,
test_q4_2024,2024-11-04,841,LOJA 841,62782,HEDERA CIMED 7MG/ML CEREJA XPE100ML,51356,C,3,1,2,0.84,5,2.0,0,2.0,0,,2.0,0,0.0,0.0,1.0,0.0,0.0,0.0,2.0,0,38.33,47.3,76.66,0.0,1.0,38.33,0,0,
test_q4_2024,2024-11-05,841,LOJA 841,62782,HEDERA CIMED 7MG/ML CEREJA XPE100ML,51356,C,3,1,2,0.84,5,2.0,0,2.0,0,,2.0,0,0.0,0.0,1.0,0.0,0.0,0.0,2.0,0,38.33,47.3,76.66,0.0,1.0,38.33,0,0,
test_q4_2024,2024-11-06,841,LOJA 841,62782,HEDERA CIMED 7MG/ML CEREJA XPE100ML,51356,C,3,1,2,0.84,5,2.0,0,2.0,0,,2.0,0,0.0,0.0,1.0,0.0,0.0,0.0,2.0,0,38.33,47.3,76.66,0.0,1.0,38.33,0,0,
test_q4_2024,2024-11-07,841,LOJA 841,62782,HEDERA CIMED 7MG/ML CEREJA XPE100ML,51356,C,3,1,2,0.84,5,2.0,0,2.0,0,,2.0,0,0.0,0.0,1.0,0.0,0.0,0.0,2.0,0,38.33,47.3,76.66,0.0,1.0,38.33,0,0,
test_q4_2024,2024-11-08,841,LOJA 841,62782,HEDERA CIMED 7MG/ML CEREJA XPE100ML,51356,C,3,1,2,0.84,5,2.0,0,2.0,0,,2.0,0,0.0,0.0,1.0,0.0,0.0,0.0,2.0,0,38.33,47.3,76.66,0.0,1.0,38.33,0,0,
test_q4_2024,2024-11-09,841,LOJA 841,62782,HEDERA CIMED 7MG/ML CEREJA XPE100ML,51356,C,3,1,2,0.84,5,2.0,0,2.0,0,,2.0,0,0.0,0.0,1.0,0.0,0.0,0.0,2.0,0,38.33,47.3,76.66,0.0,1.0,38.33,0,0,
test_q4_2024,2024-11-10,841,LOJA 841,62782,HEDERA CIMED 7MG/ML CEREJA XPE100ML,51356,C,3,1,2,0.84,5,2.0,0,2.0,0,,2.0,0,0.0,0.0,1.0,0.0,0.0,0.0,2.0,0,38.33,47.3,76.66,0.0,,,0,0,
test_q4_2024,2024-11-11,841,LOJA 841,62782,HEDERA CIMED 7MG/ML CEREJA XPE100ML,51356,C,3,1,2,0.84,5,2.0,0,2.0,0,,2.0,0,0.0,0.0,1.0,0.0,0.0,0.0,2.0,0,38.33,47.3,76.66,0.0,1.0,38.33,0,0,
test_q4_2024,2024-11-12,841,LOJA 841,62782,HEDERA CIMED 7MG/ML CEREJA XPE100ML,51356,C,3,1,2,0.84,5,2.0,0,2.0,0,,2.0,0,0.0,0.0,1.0,0.0,0.0,0.0,2.0,0,38.33,47.3,76.66,0.0,0.0,0.0,1,0,
test_q4_2024,2024-11-13,841,LOJA 841,62782,HEDERA CIMED 7MG/ML CEREJA XPE100ML,51356,C,3,1,2,0.84,5,2.0,0,2.0,0,,2.0,0,0.0,0.0,1.0,0.0,0.0,0.0,2.0,0,38.33,47.3,76.66,0.0,0.0,0.0,1,0,
test_q4_2024,2024-11-14,841,LOJA 841,62782,HEDERA CIMED 7MG/ML CEREJA XPE100ML,51356,C,3,1,2,0.84,5,2.0,0,2.0,0,,2.0,0,0.0,0.0,1.0,0.0,0.0,0.0,2.0,0,38.33,47.3,76.66,0.0,0.0,0.0,1,0,
test_q4_2024,2024-11-15,841,LOJA 841,62782,HEDERA CIMED 7MG/ML CEREJA XPE100ML,51356,C,3,1,2,0.84,5,2.0,0,2.0,0,,2.0,0,0.0,0.0,1.0,0.0,0.0,0.0,2.0,0,38.33,47.3,76.66,0.0,0.0,0.0,1,0,
test_q4_2024,2024-11-16,841,LOJA 841,62782,HEDERA CIMED 7MG/ML CEREJA XPE100ML,51356,C,3,1,2,0.84,5,2.0,0,2.0,0,,2.0,0,0.0,0.0,1.0,0.0,0.0,0.0,2.0,0,38.33,47.3,76.66,0.0,0.0,0.0,1,0,
test_q4_2024,2024-11-17,841,LOJA 841,62782,HEDERA CIMED 7MG/ML CEREJA XPE100ML,51356,C,3,1,2,0.84,5,2.0,0,2.0,0,,2.0,0,0.0,0.0,1.0,0.0,0.0,0.0,2.0,0,38.33,47.3,76.66,0.0,,,0,0,
test_q4_2024,2024-11-18,841,LOJA 841,62782,HEDERA CIMED 7MG/ML CEREJA XPE100ML,51356,C,3,1,2,0.84,5,2.0,0,2.0,0,,2.0,0,0.0,0.0,1.0,0.0,0.0,0.0,2.0,0,38.33,47.3,76.66,0.0,1.0,38.33,0,0,
test_q4_2024,2024-11-19,841,LOJA 841,62782,HEDERA CIMED 7MG/ML CEREJA XPE100ML,51356,C,3,1,2,0.84,5,2.0,0,2.0,0,,2.0,0,0.0,0.0,1.0,0.0,0.0,0.0,2.0,0,38.33,47.3,76.66,0.0,1.0,38.33,0,0,
test_q4_2024,2024-11-20,841,LOJA 841,62782,HEDERA CIMED 7MG/ML CEREJA XPE100ML,51356,C,3,1,2,0.84,5,2.0,0,2.0,0,,2.0,0,0.0,0.0,1.0,0.0,0.0,0.0,2.0,0,38.33,47.3,76.66,0.0,1.0,38.33,0,0,
test_q4_2024,2024-11-21,841,LOJA 841,62782,HEDERA CIMED 7MG/ML CEREJA XPE100ML,51356,C,3,1,2,0.84,5,2.0,0,2.0,0,,2.0,0,0.0,0.0,1.0,0.0,0.0,0.0,2.0,0,38.33,47.3,76.66,0.0,1.0,38.33,0,0,
test_q4_2024,2024-11-22,841,LOJA 841,62782,HEDERA CIMED 7MG/ML CEREJA XPE100ML,51356,C,3,1,2,0.84,5,2.0,0,2.0,0,,2.0,0,0.0,0.0,1.0,0.0,0.0,0.0,2.0,0,38.33,47.3,76.66,0.0,1.0,38.33,0,0,
test_q4_2024,2024-11-23,841,LOJA 841,62782,HEDERA CIMED 7MG/ML CEREJA XPE100ML,51356,C,3,1,2,0.84,5,2.0,0,2.0,0,,2.0,0,0.0,0.0,1.0,0.0,0.0,0.0,2.0,0,38.33,47.3,76.66,0.0,1.0,38.33,0,0,
test_q4_2024,2024-11-24,841,LOJA 841,62782,HEDERA CIMED 7MG/ML CEREJA XPE100ML,51356,C,3,1,2,0.84,5,2.0,0,2.0,0,,2.0,0,0.0,0.0,1.0,0.0,0.0,0.0,2.0,0,38.33,47.3,76.66,0.0,,,0,0,
test_q4_2024,2024-11-25,841,LOJA 841,62782,HEDERA CIMED 7MG/ML CEREJA XPE100ML,51356,C,3,1,2,0.84,5,2.0,0,2.0,0,,2.0,0,0.0,0.0,1.0,0.0,0.0,0.0,2.0,0,38.33,47.3,76.66,0.0,1.0,38.33,0,0,
test_q4_2024,2024-11-26,841,LOJA 841,62782,HEDERA CIMED 7MG/ML CEREJA XPE100ML,51356,C,3,1,2,0.84,5,2.0,0,2.0,0,,2.0,0,0.0,0.0,1.0,0.0,0.0,0.0,2.0,0,38.33,47.3,76.66,0.0,1.0,38.33,0,0,
test_q4_2024,2024-11-27,841,LOJA 841,62782,HEDERA CIMED 7MG/ML CEREJA XPE100ML,51356,C,3,1,2,0.84,5,2.0,0,2.0,0,,2.0,0,0.0,0.0,1.0,0.0,0.0,0.0,2.0,0,38.33,47.3,76.66,0.0,1.0,38.33,0,0,
test_q4_2024,2024-11-28,841,LOJA 841,62782,HEDERA CIMED 7MG/ML CEREJA XPE100ML,51356,C,3,1,2,0.84,5,2.0,0,2.0,0,,2.0,0,0.0,0.0,1.0,0.0,0.0,0.0,2.0,0,38.33,47.3,76.66,0.0,1.0,38.33,0,0,
test_q4_2024,2024-11-29,841,LOJA 841,62782,HEDERA CIMED 7MG/ML CEREJA XPE100ML,51356,C,3,1,2,0.84,5,2.0,0,2.0,0,,2.0,0,0.0,0.0,1.0,0.0,0.0,0.0,2.0,0,38.33,47.3,76.66,0.0,1.0,38.33,0,0,
test_q4_2024,2024-11-30,841,LOJA 841,62782,HEDERA CIMED 7MG/ML CEREJA XPE100ML,51356,C,3,1,2,0.84,5,2.0,0,2.0,0,,2.0,0,0.0,0.0,1.0,0.0,0.0,0.0,2.0,0,38.33,47.3,76.66,0.0,1.0,38.33,0,0,
test_q4_2024,2024-12-01,841,LOJA 841,62782,HEDERA CIMED 7MG/ML CEREJA XPE100ML,51356,C,3,1,2,0.84,5,2.0,0,2.0,0,,2.0,0,0.0,0.0,1.0,0.0,0.0,0.0,2.0,0,38.33,47.3,76.66,0.0,,,0,0,
test_q4_2024,2024-12-02,841,LOJA 841,62782,HEDERA CIMED 7MG/ML CEREJA XPE100ML,51356,C,3,1,2,0.84,5,2.0,0,2.0,0,,2.0,0,0.0,0.0,1.0,0.0,0.0,0.0,2.0,0,38.33,47.3,76.66,0.0,1.0,38.33,0,0,
test_q4_2024,2024-12-03,841,LOJA 841,62782,HEDERA CIMED 7MG/ML CEREJA XPE100ML,51356,C,3,1,2,0.84,5,2.0,0,2.0,0,,2.0,0,0.0,0.0,1.0,0.0,0.0,0.0,2.0,0,38.33,47.3,76.66,0.0,1.0,38.33,0,0,
test_q4_2024,2024-12-04,841,LOJA 841,62782,HEDERA CIMED 7MG/ML CEREJA XPE100ML,51356,C,3,1,2,0.84,5,2.0,0,2.0,0,,2.0,0,0.0,0.0,1.0,0.0,0.0,0.0,2.0,0,38.33,47.3,76.66,0.0,1.0,38.33,0,0,
test_q4_2024,2024-12-05,841,LOJA 841,62782,HEDERA CIMED 7MG/ML CEREJA XPE100ML,51356,C,3,1,2,0.84,5,2.0,0,2.0,0,,2.0,0,0.0,0.0,1.0,0.0,0.0,0.0,2.0,0,38.33,47.3,76.66,0.0,1.0,38.33,0,0,
test_q4_2024,2024-12-06,841,LOJA 841,62782,HEDERA CIMED 7MG/ML CEREJA XPE100ML,51356,C,3,1,2,0.84,5,2.0,0,2.0,0,,2.0,0,0.0,0.0,1.0,0.0,0.0,0.0,2.0,0,38.33,47.3,76.66,0.0,1.0,38.33,0,0,
test_q4_2024,2024-12-07,841,LOJA 841,62782,HEDERA CIMED 7MG/ML CEREJA XPE100ML,51356,C,3,1,2,0.84,5,2.0,0,2.0,0,,2.0,0,0.0,0.0,1.0,0.0,0.0,0.0,2.0,0,38.33,47.3,76.66,0.0,1.0,38.33,0,0,
test_q4_2024,2024-12-08,841,LOJA 841,62782,HEDERA CIMED 7MG/ML CEREJA XPE100ML,51356,C,3,1,2,0.84,5,2.0,0,2.0,0,,2.0,0,0.0,0.0,1.0,0.0,0.0,0.0,2.0,0,38.33,47.3,76.66,0.0,,,0,0,
test_q4_2024,2024-12-09,841,LOJA 841,62782,HEDERA CIMED 7MG/ML CEREJA XPE100ML,51356,C,3,1,2,0.84,5,2.0,0,2.0,0,,2.0,0,0.0,0.0,1.0,0.0,0.0,0.0,2.0,0,38.33,47.3,76.66,0.0,1.0,38.33,0,0,
test_q4_2024,2024-12-10,841,LOJA 841,62782,HEDERA CIMED 7MG/ML CEREJA XPE100ML,51356,C,3,1,2,0.84,5,2.0,0,2.0,0,,2.0,0,0.0,0.0,1.0,0.0,0.0,0.0,2.0,0,38.33,47.3,76.66,0.0,1.0,38.33,0,0,
test_q4_2024,2024-12-11,841,LOJA 841,62782,HEDERA CIMED 7MG/ML CEREJA XPE100ML,51356,C,3,1,2,0.84,5,2.0,0,2.0,0,,2.0,0,0.0,0.0,1.0,0.0,0.0,0.0,2.0,0,38.33,47.3,76.66,0.0,1.0,38.33,0,0,
test_q4_2024,2024-12-12,841,LOJA 841,62782,HEDERA CIMED 7MG/ML CEREJA XPE100ML,51356,C,3,1,2,0.84,5,2.0,0,2.0,0,,2.0,0,0.0,0.0,1.0,0.0,0.0,0.0,2.0,0,38.33,47.3,76.66,0.0,1.0,38.33,0,0,
test_q4_2024,2024-12-13,841,LOJA 841,62782,HEDERA CIMED 7MG/ML CEREJA XPE100ML,51356,C,3,1,2,0.84,5,2.0,0,2.0,0,,2.0,0,0.0,0.0,1.0,0.0,0.0,0.0,2.0,0,38.33,47.3,76.66,0.0,1.0,38.33,0,0,
test_q4_2024,2024-12-14,841,LOJA 841,62782,HEDERA CIMED 7MG/ML CEREJA XPE100ML,51356,C,3,1,2,0.84,5,2.0,0,2.0,0,,2.0,0,0.0,0.0,1.0,0.0,0.0,0.0,2.0,0,38.33,47.3,76.66,0.0,1.0,38.33,0,0,
test_q4_2024,2024-12-15,841,LOJA 841,62782,HEDERA CIMED 7MG/ML CEREJA XPE100ML,51356,C,3,1,2,0.84,5,2.0,0,2.0,0,,2.0,0,0.0,0.0,1.0,0.0,0.0,0.0,2.0,0,38.33,47.3,76.66,0.0,,,0,0,
test_q4_2024,2024-12-16,841,LOJA 841,62782,HEDERA CIMED 7MG/ML CEREJA XPE100ML,51356,C,3,1,2,0.84,5,2.0,0,2.0,0,,2.0,0,0.0,0.0,1.0,0.0,0.0,0.0,2.0,0,38.33,47.3,76.66,0.0,1.0,38.33,0,0,
test_q4_2024,2024-12-17,841,LOJA 841,62782,HEDERA CIMED 7MG/ML CEREJA XPE100ML,51356,C,3,1,2,0.84,5,2.0,0,2.0,0,,2.0,0,0.0,0.0,1.0,0.0,0.0,0.0,2.0,0,38.33,47.3,76.66,0.0,1.0,38.33,0,0,
test_q4_2024,2024-12-18,841,LOJA 841,62782,HEDERA CIMED 7MG/ML CEREJA XPE100ML,51356,C,3,1,2,0.84,5,2.0,0,2.0,0,,2.0,0,0.0,0.0,1.0,0.0,0.0,0.0,2.0,0,38.33,47.3,76.66,0.0,1.0,38.33,0,0,
test_q4_2024,2024-12-19,841,LOJA 841,62782,HEDERA CIMED 7MG/ML CEREJA XPE100ML,51356,C,3,1,2,0.84,5,2.0,0,2.0,0,,2.0,0,0.0,0.0,1.0,0.0,0.0,0.0,2.0,0,38.33,47.3,76.66,0.0,1.0,38.33,0,0,
test_q4_2024,2024-12-20,841,LOJA 841,62782,HEDERA CIMED 7MG/ML CEREJA XPE100ML,51356,C,3,1,2,0.84,5,2.0,0,2.0,0,,2.0,0,0.0,0.0,1.0,0.0,0.0,0.0,2.0,0,38.33,47.3,76.66,0.0,1.0,38.33,0,0,
test_q4_2024,2024-12-21,841,LOJA 841,62782,HEDERA CIMED 7MG/ML CEREJA XPE100ML,51356,C,3,1,2,0.84,5,2.0,0,2.0,0,,2.0,0,0.0,0.0,1.0,0.0,0.0,0.0,2.0,0,38.33,47.3,76.66,0.0,1.0,38.33,0,0,
test_q4_2024,2024-12-22,841,LOJA 841,62782,HEDERA CIMED 7MG/ML CEREJA XPE100ML,51356,C,3,1,2,0.84,5,2.0,0,2.0,0,,2.0,0,0.0,0.0,1.0,0.0,0.0,0.0,2.0,0,38.33,47.3,76.66,0.0,,,0,0,
test_q4_2024,2024-12-23,841,LOJA 841,62782,HEDERA CIMED 7MG/ML CEREJA XPE100ML,51356,C,3,1,2,0.84,5,2.0,0,2.0,0,,2.0,0,0.0,0.0,1.0,0.0,0.0,0.0,2.0,0,38.33,47.3,76.66,0.0,1.0,38.33,0,0,
test_q4_2024,2024-12-24,841,LOJA 841,62782,HEDERA CIMED 7MG/ML CEREJA XPE100ML,51356,C,3,1,2,0.84,5,2.0,0,2.0,0,,2.0,0,0.0,0.0,1.0,0.0,0.0,0.0,2.0,0,38.33,47.3,76.66,0.0,1.0,38.33,0,0,
test_q4_2024,2024-12-25,841,LOJA 841,62782,HEDERA CIMED 7MG/ML CEREJA XPE100ML,51356,C,3,1,2,0.84,5,2.0,0,2.0,0,,2.0,0,0.0,0.0,1.0,0.0,0.0,0.0,2.0,0,38.33,47.3,76.66,0.0,1.0,38.33,0,0,
test_q4_2024,2024-12-26,841,LOJA 841,62782,HEDERA CIMED 7MG/ML CEREJA XPE100ML,51356,C,3,1,2,0.84,5,2.0,0,2.0,0,,2.0,0,0.0,0.0,1.0,0.0,0.0,0.0,2.0,0,38.33,47.3,76.66,0.0,1.0,38.33,0,0,
test_q4_2024,2024-12-27,841,LOJA 841,62782,HEDERA CIMED 7MG/ML CEREJA XPE100ML,51356,C,3,1,2,0.84,5,2.0,0,2.0,0,,2.0,0,0.0,0.0,1.0,0.0,0.0,0.0,2.0,0,38.33,47.3,76.66,0.0,1.0,38.33,0,0,
test_q4_2024,2024-12-28,841,LOJA 841,62782,HEDERA CIMED 7MG/ML CEREJA XPE100ML,51356,C,3,1,2,0.84,5,2.0,0,2.0,0,,2.0,0,0.0,0.0,1.0,0.0,0.0,0.0,2.0,0,38.33,47.3,76.66,0.0,1.0,38.33,0,0,
test_q4_2024,2024-12-29,841,LOJA 841,62782,HEDERA CIMED 7MG/ML CEREJA XPE100ML,51356,C,3,1,2,0.84,5,2.0,0,2.0,0,,2.0,0,0.0,0.0,1.0,1.0,1.0,0.0,1.0,0,38.33,47.3,38.33,0.0,,,0,0,
test_q4_2024,2024-12-30,841,LOJA 841,62782,HEDERA CIMED 7MG/ML CEREJA XPE100ML,51356,C,3,1,2,0.84,5,1.0,0,1.0,1,2025-01-02,2.0,1,0.0,0.0,1.0,0.0,0.0,0.0,1.0,0,38.33,47.3,38.33,8.02,0.0,0.0,1,0,
test_q4_2024,2024-12-31,841,LOJA 841,62782,HEDERA CIMED 7MG/ML CEREJA XPE100ML,51356,C,3,1,2,0.84,5,1.0,0,2.0,0,,2.0,1,0.0,0.0,1.0,0.0,0.0,0.0,1.0,0,38.33,47.3,38.33,0.0,0.0,0.0,1,0,
test_q4_2024,2024-10-01,841,LOJA 841,76834,"SORINAN ADULTO 0,5MG SOL NASAL 30ML",111893,C,3,1,2,0.84,5,2.0,0,2.0,0,,2.0,0,0.0,0.0,2.5,0.0,0.0,0.0,2.0,0,9.19,10.8,18.38,0.0,1.0,9.19,0,0,
test_q4_2024,2024-10-02,841,LOJA 841,76834,"SORINAN ADULTO 0,5MG SOL NASAL 30ML",111893,C,3,1,2,0.84,5,2.0,0,2.0,0,,2.0,0,0.0,0.0,2.5,0.0,0.0,0.0,2.0,0,9.19,10.8,18.38,0.0,1.0,9.19,0,0,
test_q4_2024,2024-10-03,841,LOJA 841,76834,"SORINAN ADULTO 0,5MG SOL NASAL 30ML",111893,C,3,1,2,0.84,5,2.0,0,2.0,0,,2.0,0,0.0,0.0,2.5,0.0,0.0,0.0,2.0,0,9.19,10.8,18.38,0.0,1.0,9.19,0,0,
test_q4_2024,2024-10-04,841,LOJA 841,76834,"SORINAN ADULTO 0,5MG SOL NASAL 30ML",111893,C,3,1,2,0.84,5,2.0,0,2.0,0,,2.0,0,0.0,0.0,2.5,0.0,0.0,0.0,2.0,0,9.19,10.8,18.38,0.0,1.0,9.19,0,0,
test_q4_2024,2024-10-05,841,LOJA 841,76834,"SORINAN ADULTO 0,5MG SOL NASAL 30ML",111893,C,3,1,2,0.84,5,2.0,0,2.0,0,,2.0,0,0.0,0.0,2.5,0.0,0.0,0.0,2.0,0,9.19,10.8,18.38,0.0,1.0,9.19,0,0,
test_q4_2024,2024-10-06,841,LOJA 841,76834,"SORINAN ADULTO 0,5MG SOL NASAL 30ML",111893,C,3,1,2,0.84,5,2.0,0,2.0,0,,2.0,0,0.0,0.0,2.5,0.0,0.0,0.0,2.0,0,9.19,10.8,18.38,0.0,,,0,0,
test_q4_2024,2024-10-07,841,LOJA 841,76834,"SORINAN ADULTO 0,5MG SOL NASAL 30ML",111893,C,3,1,2,0.84,5,2.0,0,2.0,0,,2.0,0,0.0,0.0,2.5,0.0,0.0,0.0,2.0,0,9.19,10.8,18.38,0.0,1.0,9.19,0,0,
test_q4_2024,2024-10-08,841,LOJA 841,76834,"SORINAN ADULTO 0,5MG SOL NASAL 30ML",111893,C,3,1,2,0.84,5,2.0,0,2.0,0,,2.0,0,0.0,0.0,2.5,0.0,0.0,0.0,2.0,0,9.19,10.8,18.38,0.0,1.0,9.19,0,0,
test_q4_2024,2024-10-09,841,LOJA 841,76834,"SORINAN ADULTO 0,5MG SOL NASAL 30ML",111893,C,3,1,2,0.84,5,2.0,0,2.0,0,,2.0,0,0.0,0.0,2.5,0.0,0.0,0.0,2.0,0,9.19,10.8,18.38,0.0,1.0,9.19,0,0,
test_q4_2024,2024-10-10,841,LOJA 841,76834,"SORINAN ADULTO 0,5MG SOL NASAL 30ML",111893,C,3,1,2,0.84,5,2.0,0,2.0,0,,2.0,0,0.0,0.0,2.5,0.0,0.0,0.0,2.0,0,9.19,10.8,18.38,0.0,1.0,9.19,0,0,
test_q4_2024,2024-10-11,841,LOJA 841,76834,"SORINAN ADULTO 0,5MG SOL NASAL 30ML",111893,C,3,1,2,0.84,5,2.0,0,2.0,0,,2.0,0,0.0,0.0,2.5,0.0,0.0,0.0,2.0,0,9.19,10.8,18.38,0.0,1.0,9.19,0,0,
test_q4_2024,2024-10-12,841,LOJA 841,76834,"SORINAN ADULTO 0,5MG SOL NASAL 30ML",111893,C,3,1,2,0.84,5,2.0,0,2.0,0,,2.0,0,0.0,0.0,2.5,0.0,0.0,0.0,2.0,0,9.19,10.8,18.38,0.0,1.0,9.19,0,0,
test_q4_2024,2024-10-13,841,LOJA 841,76834,"SORINAN ADULTO 0,5MG SOL NASAL 30ML",111893,C,3,1,2,0.84,5,2.0,0,2.0,0,,2.0,0,0.0,0.0,2.5,0.0,0.0,0.0,2.0,0,9.19,10.8,18.38,0.0,,,0,0,
test_q4_2024,2024-10-14,841,LOJA 841,76834,"SORINAN ADULTO 0,5MG SOL NASAL 30ML",111893,C,3,1,2,0.84,5,2.0,0,2.0,0,,2.0,0,0.0,0.0,2.5,0.0,0.0,0.0,2.0,0,9.19,10.8,18.38,0.0,1.0,9.19,0,0,
test_q4_2024,2024-10-15,841,LOJA 841,76834,"SORINAN ADULTO 0,5MG SOL NASAL 30ML",111893,C,3,1,2,0.84,5,2.0,0,2.0,0,,2.0,0,0.0,0.0,2.5,0.0,0.0,0.0,2.0,0,9.19,10.8,18.38,0.0,1.0,9.19,0,0,
test_q4_2024,2024-10-16,841,LOJA 841,76834,"SORINAN ADULTO 0,5MG SOL NASAL 30ML",111893,C,3,1,2,0.84,5,2.0,0,2.0,0,,2.0,0,0.0,0.0,2.5,0.0,0.0,0.0,2.0,0,9.19,10.8,18.38,0.0,1.0,9.19,0,0,
test_q4_2024,2024-10-17,841,LOJA 841,76834,"SORINAN ADULTO 0,5MG SOL NASAL 30ML",111893,C,3,1,2,0.84,5,2.0,0,2.0,0,,2.0,0,0.0,0.0,2.5,0.0,0.0,0.0,2.0,0,9.19,10.8,18.38,0.0,1.0,9.19,0,0,
test_q4_2024,2024-10-18,841,LOJA 841,76834,"SORINAN ADULTO 0,5MG SOL NASAL 30ML",111893,C,3,1,2,0.84,5,2.0,0,2.0,0,,2.0,0,0.0,0.0,2.5,0.0,0.0,0.0,2.0,0,9.19,10.8,18.38,0.0,1.0,9.19,0,0,
test_q4_2024,2024-10-19,841,LOJA 841,76834,"SORINAN ADULTO 0,5MG SOL NASAL 30ML",111893,C,3,1,2,0.84,5,2.0,0,2.0,0,,2.0,0,0.0,0.0,2.5,0.0,0.0,0.0,2.0,0,9.19,10.8,18.38,0.0,1.0,9.19,0,0,
test_q4_2024,2024-10-20,841,LOJA 841,76834,"SORINAN ADULTO 0,5MG SOL NASAL 30ML",111893,C,3,1,2,0.84,5,2.0,0,2.0,0,,2.0,0,0.0,0.0,2.5,0.0,0.0,0.0,2.0,0,9.19,10.8,18.38,0.0,,,0,0,
test_q4_2024,2024-10-21,841,LOJA 841,76834,"SORINAN ADULTO 0,5MG SOL NASAL 30ML",111893,C,3,1,2,0.84,5,2.0,0,2.0,0,,2.0,0,0.0,0.0,2.5,0.0,0.0,0.0,2.0,0,9.19,10.8,18.38,0.0,1.0,9.19,0,0,
test_q4_2024,2024-10-22,841,LOJA 841,76834,"SORINAN ADULTO 0,5MG SOL NASAL 30ML",111893,C,3,1,2,0.84,5,2.0,0,2.0,0,,2.0,0,0.0,0.0,2.5,0.0,0.0,0.0,2.0,0,9.19,10.8,18.38,0.0,1.0,9.19,0,0,
test_q4_2024,2024-10-23,841,LOJA 841,76834,"SORINAN ADULTO 0,5MG SOL NASAL 30ML",111893,C,3,1,2,0.84,5,2.0,0,2.0,0,,2.0,0,0.0,0.0,2.5,0.0,0.0,0.0,2.0,0,9.19,10.8,18.38,0.0,1.0,9.19,0,0,
test_q4_2024,2024-10-24,841,LOJA 841,76834,"SORINAN ADULTO 0,5MG SOL NASAL 30ML",111893,C,3,1,2,0.84,5,2.0,0,2.0,0,,2.0,0,0.0,0.0,2.5,0.0,0.0,0.0,2.0,0,9.19,10.8,18.38,0.0,1.0,9.19,0,0,
test_q4_2024,2024-10-25,841,LOJA 841,76834,"SORINAN ADULTO 0,5MG SOL NASAL 30ML",111893,C,3,1,2,0.84,5,2.0,0,2.0,0,,2.0,0,0.0,0.0,2.5,0.0,0.0,0.0,2.0,0,9.19,10.8,18.38,0.0,1.0,9.19,0,0,
test_q4_2024,2024-10-26,841,LOJA 841,76834,"SORINAN ADULTO 0,5MG SOL NASAL 30ML",111893,C,3,1,2,0.84,5,2.0,0,2.0,0,,2.0,0,0.0,0.0,2.5,0.0,0.0,0.0,2.0,0,9.19,10.8,18.38,0.0,1.0,9.19,0,0,
test_q4_2024,2024-10-27,841,LOJA 841,76834,"SORINAN ADULTO 0,5MG SOL NASAL 30ML",111893,C,3,1,2,0.84,5,2.0,0,2.0,0,,2.0,0,0.0,0.0,2.5,0.0,0.0,0.0,2.0,0,9.19,10.8,18.38,0.0,,,0,0,
test_q4_2024,2024-10-28,841,LOJA 841,76834,"SORINAN ADULTO 0,5MG SOL NASAL 30ML",111893,C,3,1,2,0.84,5,2.0,0,2.0,0,,2.0,0,0.0,0.0,2.5,0.0,0.0,0.0,2.0,0,9.19,10.8,18.38,0.0,1.0,9.19,0,0,
test_q4_2024,2024-10-29,841,LOJA 841,76834,"SORINAN ADULTO 0,5MG SOL NASAL 30ML",111893,C,3,1,2,0.84,5,2.0,0,2.0,0,,2.0,0,0.0,0.0,2.5,0.0,0.0,0.0,2.0,0,9.19,10.8,18.38,0.0,1.0,9.19,0,0,
test_q4_2024,2024-10-30,841,LOJA 841,76834,"SORINAN ADULTO 0,5MG SOL NASAL 30ML",111893,C,3,1,2,0.84,5,2.0,0,2.0,0,,2.0,0,0.0,0.0,2.5,0.0,0.0,0.0,2.0,0,9.19,10.8,18.38,0.0,1.0,9.19,0,0,
test_q4_2024,2024-10-31,841,LOJA 841,76834,"SORINAN ADULTO 0,5MG SOL NASAL 30ML",111893,C,3,1,2,0.84,5,2.0,0,2.0,0,,2.0,0,0.0,0.0,2.5,0.0,0.0,0.0,2.0,0,9.19,10.8,18.38,0.0,1.0,9.19,0,0,
test_q4_2024,2024-11-01,841,LOJA 841,76834,"SORINAN ADULTO 0,5MG SOL NASAL 30ML",111893,C,3,1,2,0.84,5,2.0,0,2.0,0,,2.0,0,0.0,0.0,2.5,0.0,0.0,0.0,2.0,0,9.19,10.8,18.38,0.0,1.0,9.19,0,0,
test_q4_2024,2024-11-02,841,LOJA 841,76834,"SORINAN ADULTO 0,5MG SOL NASAL 30ML",111893,C,3,1,2,0.84,5,2.0,0,2.0,0,,2.0,0,0.0,0.0,2.5,0.0,0.0,0.0,2.0,0,9.19,10.8,18.38,0.0,1.0,9.19,0,0,
test_q4_2024,2024-11-03,841,LOJA 841,76834,"SORINAN ADULTO 0,5MG SOL NASAL 30ML",111893,C,3,1,2,0.84,5,2.0,0,2.0,0,,2.0,0,0.0,0.0,2.5,0.0,0.0,0.0,2.0,0,9.19,10.8,18.38,0.0,,,0,0,
test_q4_2024,2024-11-04,841,LOJA 841,76834,"SORINAN ADULTO 0,5MG SOL NASAL 30ML",111893,C,3,1,2,0.84,5,2.0,0,2.0,0,,2.0,0,0.0,0.0,2.5,0.0,0.0,0.0,2.0,0,9.19,10.8,18.38,0.0,1.0,9.19,0,0,
test_q4_2024,2024-11-05,841,LOJA 841,76834,"SORINAN ADULTO 0,5MG SOL NASAL 30ML",111893,C,3,1,2,0.84,5,2.0,0,2.0,0,,2.0,0,0.0,0.0,2.5,0.0,0.0,0.0,2.0,0,9.19,10.8,18.38,0.0,1.0,9.19,0,0,
test_q4_2024,2024-11-06,841,LOJA 841,76834,"SORINAN ADULTO 0,5MG SOL NASAL 30ML",111893,C,3,1,2,0.84,5,2.0,0,2.0,0,,2.0,0,0.0,0.0,2.5,0.0,0.0,0.0,2.0,0,9.19,10.8,18.38,0.0,1.0,9.19,0,0,
test_q4_2024,2024-11-07,841,LOJA 841,76834,"SORINAN ADULTO 0,5MG SOL NASAL 30ML",111893,C,3,1,2,0.84,5,2.0,0,2.0,0,,2.0,0,0.0,0.0,2.5,0.0,0.0,0.0,2.0,0,9.19,10.8,18.38,0.0,1.0,9.19,0,0,
test_q4_2024,2024-11-08,841,LOJA 841,76834,"SORINAN ADULTO 0,5MG SOL NASAL 30ML",111893,C,3,1,2,0.84,5,2.0,0,2.0,0,,2.0,0,0.0,0.0,2.5,0.0,0.0,0.0,2.0,0,9.19,10.8,18.38,0.0,1.0,9.19,0,0,
test_q4_2024,2024-11-09,841,LOJA 841,76834,"SORINAN ADULTO 0,5MG SOL NASAL 30ML",111893,C,3,1,2,0.84,5,2.0,0,2.0,0,,2.0,0,0.0,0.0,2.5,0.0,0.0,0.0,2.0,0,9.19,10.8,18.38,0.0,1.0,9.19,0,0,
test_q4_2024,2024-11-10,841,LOJA 841,76834,"SORINAN ADULTO 0,5MG SOL NASAL 30ML",111893,C,3,1,2,0.84,5,2.0,0,2.0,0,,2.0,0,0.0,0.0,2.5,0.0,0.0,0.0,2.0,0,9.19,10.8,18.38,0.0,,,0,0,
test_q4_2024,2024-11-11,841,LOJA 841,76834,"SORINAN ADULTO 0,5MG SOL NASAL 30ML",111893,C,3,1,2,0.84,5,2.0,0,2.0,0,,2.0,0,0.0,0.0,2.5,0.0,0.0,0.0,2.0,0,9.19,10.8,18.38,0.0,1.0,9.19,0,0,
test_q4_2024,2024-11-12,841,LOJA 841,76834,"SORINAN ADULTO 0,5MG SOL NASAL 30ML",111893,C,3,1,2,0.84,5,2.0,0,2.0,0,,2.0,0,0.0,0.0,2.5,0.0,0.0,0.0,2.0,0,9.19,10.8,18.38,0.0,1.0,9.19,0,0,
test_q4_2024,2024-11-13,841,LOJA 841,76834,"SORINAN ADULTO 0,5MG SOL NASAL 30ML",111893,C,3,1,2,0.84,5,2.0,0,2.0,0,,2.0,0,0.0,0.0,2.5,0.0,0.0,0.0,2.0,0,9.19,10.8,18.38,0.0,1.0,9.19,0,0,
test_q4_2024,2024-11-14,841,LOJA 841,76834,"SORINAN ADULTO 0,5MG SOL NASAL 30ML",111893,C,3,1,2,0.84,5,2.0,0,2.0,0,,2.0,0,0.0,0.0,2.5,0.0,0.0,0.0,2.0,0,9.19,10.8,18.38,0.0,1.0,9.19,0,0,
test_q4_2024,2024-11-15,841,LOJA 841,76834,"SORINAN ADULTO 0,5MG SOL NASAL 30ML",111893,C,3,1,2,0.84,5,2.0,0,2.0,0,,2.0,0,0.0,0.0,2.5,0.0,0.0,0.0,2.0,0,9.19,10.8,18.38,0.0,1.0,9.19,0,0,
test_q4_2024,2024-11-16,841,LOJA 841,76834,"SORINAN ADULTO 0,5MG SOL NASAL 30ML",111893,C,3,1,2,0.84,5,2.0,0,2.0,0,,2.0,0,0.0,0.0,2.5,0.0,0.0,0.0,2.0,0,9.19,10.8,18.38,0.0,1.0,9.19,0,0,
test_q4_2024,2024-11-17,841,LOJA 841,76834,"SORINAN ADULTO 0,5MG SOL NASAL 30ML",111893,C,3,1,2,0.84,5,2.0,0,2.0,0,,2.0,0,0.0,0.0,2.5,0.0,0.0,0.0,2.0,0,9.19,10.8,18.38,0.0,,,0,0,
test_q4_2024,2024-11-18,841,LOJA 841,76834,"SORINAN ADULTO 0,5MG SOL NASAL 30ML",111893,C,3,1,2,0.84,5,2.0,0,2.0,0,,2.0,0,0.0,0.0,2.5,0.0,0.0,0.0,2.0,0,9.19,10.8,18.38,0.0,1.0,9.19,0,0,
test_q4_2024,2024-11-19,841,LOJA 841,76834,"SORINAN ADULTO 0,5MG SOL NASAL 30ML",111893,C,3,1,2,0.84,5,2.0,0,2.0,0,,2.0,0,0.0,0.0,2.5,0.0,0.0,0.0,2.0,0,9.19,10.8,18.38,0.0,1.0,9.19,0,0,
test_q4_2024,2024-11-20,841,LOJA 841,76834,"SORINAN ADULTO 0,5MG SOL NASAL 30ML",111893,C,3,1,2,0.84,5,2.0,0,2.0,0,,2.0,0,0.0,0.0,2.5,0.0,0.0,0.0,2.0,0,9.19,10.8,18.38,0.0,1.0,9.19,0,0,
test_q4_2024,2024-11-21,841,LOJA 841,76834,"SORINAN ADULTO 0,5MG SOL NASAL 30ML",111893,C,3,1,2,0.84,5,2.0,0,2.0,0,,2.0,0,0.0,0.0,2.5,0.0,0.0,0.0,2.0,0,9.19,10.8,18.38,0.0,1.0,9.19,0,0,
test_q4_2024,2024-11-22,841,LOJA 841,76834,"SORINAN ADULTO 0,5MG SOL NASAL 30ML",111893,C,3,1,2,0.84,5,2.0,0,2.0,0,,2.0,0,0.0,0.0,2.5,0.0,0.0,0.0,2.0,0,9.19,10.8,18.38,0.0,1.0,9.19,0,0,
test_q4_2024,2024-11-23,841,LOJA 841,76834,"SORINAN ADULTO 0,5MG SOL NASAL 30ML",111893,C,3,1,2,0.84,5,2.0,0,2.0,0,,2.0,0,0.0,0.0,2.5,0.0,0.0,0.0,2.0,0,9.19,10.8,18.38,0.0,1.0,9.19,0,0,
test_q4_2024,2024-11-24,841,LOJA 841,76834,"SORINAN ADULTO 0,5MG SOL NASAL 30ML",111893,C,3,1,2,0.84,5,2.0,0,2.0,0,,2.0,0,0.0,0.0,2.5,0.0,0.0,0.0,2.0,0,9.19,10.8,18.38,0.0,,,0,0,
test_q4_2024,2024-11-25,841,LOJA 841,76834,"SORINAN ADULTO 0,5MG SOL NASAL 30ML",111893,C,3,1,2,0.84,5,2.0,0,2.0,0,,2.0,0,0.0,0.0,2.5,0.0,0.0,0.0,2.0,0,9.19,10.8,18.38,0.0,1.0,9.19,0,0,
test_q4_2024,2024-11-26,841,LOJA 841,76834,"SORINAN ADULTO 0,5MG SOL NASAL 30ML",111893,C,3,1,2,0.84,5,2.0,0,2.0,0,,2.0,0,0.0,0.0,2.5,0.0,0.0,0.0,2.0,0,9.19,10.8,18.38,0.0,1.0,9.19,0,0,
test_q4_2024,2024-11-27,841,LOJA 841,76834,"SORINAN ADULTO 0,5MG SOL NASAL 30ML",111893,C,3,1,2,0.84,5,2.0,0,2.0,0,,2.0,0,0.0,0.0,2.5,0.0,0.0,0.0,2.0,0,9.19,10.8,18.38,0.0,1.0,9.19,0,0,
test_q4_2024,2024-11-28,841,LOJA 841,76834,"SORINAN ADULTO 0,5MG SOL NASAL 30ML",111893,C,3,1,2,0.84,5,2.0,0,2.0,0,,2.0,0,0.0,0.0,2.5,0.0,0.0,0.0,2.0,0,9.19,10.8,18.38,0.0,1.0,9.19,0,0,
test_q4_2024,2024-11-29,841,LOJA 841,76834,"SORINAN ADULTO 0,5MG SOL NASAL 30ML",111893,C,3,1,2,0.84,5,2.0,0,2.0,0,,2.0,0,0.0,0.0,2.5,0.0,0.0,0.0,2.0,0,9.19,10.8,18.38,0.0,1.0,9.19,0,0,
test_q4_2024,2024-11-30,841,LOJA 841,76834,"SORINAN ADULTO 0,5MG SOL NASAL 30ML",111893,C,3,1,2,0.84,5,2.0,0,2.0,0,,2.0,0,0.0,0.0,2.5,0.0,0.0,0.0,2.0,0,9.19,10.8,18.38,0.0,1.0,9.19,0,0,
test_q4_2024,2024-12-01,841,LOJA 841,76834,"SORINAN ADULTO 0,5MG SOL NASAL 30ML",111893,C,3,1,2,0.84,5,2.0,0,2.0,0,,2.0,0,0.0,0.0,2.5,0.0,0.0,0.0,2.0,0,9.19,10.8,18.38,0.0,,,0,0,
test_q4_2024,2024-12-02,841,LOJA 841,76834,"SORINAN ADULTO 0,5MG SOL NASAL 30ML",111893,C,3,1,2,0.84,5,2.0,0,2.0,0,,2.0,0,0.0,0.0,2.5,0.0,0.0,0.0,2.0,0,9.19,10.8,18.38,0.0,1.0,9.19,0,0,
test_q4_2024,2024-12-03,841,LOJA 841,76834,"SORINAN ADULTO 0,5MG SOL NASAL 30ML",111893,C,3,1,2,0.84,5,2.0,0,2.0,0,,2.0,0,0.0,0.0,2.5,0.0,0.0,0.0,2.0,0,9.19,10.8,18.38,0.0,1.0,9.19,0,0,
test_q4_2024,2024-12-04,841,LOJA 841,76834,"SORINAN ADULTO 0,5MG SOL NASAL 30ML",111893,C,3,1,2,0.84,5,2.0,0,2.0,0,,2.0,0,0.0,0.0,2.5,0.0,0.0,0.0,2.0,0,9.19,10.8,18.38,0.0,1.0,9.19,0,0,
test_q4_2024,2024-12-05,841,LOJA 841,76834,"SORINAN ADULTO 0,5MG SOL NASAL 30ML",111893,C,3,1,2,0.84,5,2.0,0,2.0,0,,2.0,0,0.0,0.0,2.5,0.0,0.0,0.0,2.0,0,9.19,10.8,18.38,0.0,1.0,9.19,0,0,
test_q4_2024,2024-12-06,841,LOJA 841,76834,"SORINAN ADULTO 0,5MG SOL NASAL 30ML",111893,C,3,1,2,0.84,5,2.0,0,2.0,0,,2.0,0,0.0,0.0,2.5,0.0,0.0,0.0,2.0,0,9.19,10.8,18.38,0.0,1.0,9.19,0,0,
test_q4_2024,2024-12-07,841,LOJA 841,76834,"SORINAN ADULTO 0,5MG SOL NASAL 30ML",111893,C,3,1,2,0.84,5,2.0,0,2.0,0,,2.0,0,0.0,0.0,2.5,0.0,0.0,0.0,2.0,0,9.19,10.8,18.38,0.0,1.0,9.19,0,0,
test_q4_2024,2024-12-08,841,LOJA 841,76834,"SORINAN ADULTO 0,5MG SOL NASAL 30ML",111893,C,3,1,2,0.84,5,2.0,0,2.0,0,,2.0,0,0.0,0.0,2.5,0.0,0.0,0.0,2.0,0,9.19,10.8,18.38,0.0,,,0,0,
test_q4_2024,2024-12-09,841,LOJA 841,76834,"SORINAN ADULTO 0,5MG SOL NASAL 30ML",111893,C,3,1,2,0.84,5,2.0,0,2.0,0,,2.0,0,0.0,0.0,2.5,0.0,0.0,0.0,2.0,0,9.19,10.8,18.38,0.0,1.0,9.19,0,0,
test_q4_2024,2024-12-10,841,LOJA 841,76834,"SORINAN ADULTO 0,5MG SOL NASAL 30ML",111893,C,3,1,2,0.84,5,2.0,0,2.0,0,,2.0,0,0.0,0.0,2.5,0.0,0.0,0.0,2.0,0,9.19,10.8,18.38,0.0,1.0,9.19,0,0,
test_q4_2024,2024-12-11,841,LOJA 841,76834,"SORINAN ADULTO 0,5MG SOL NASAL 30ML",111893,C,3,1,2,0.84,5,2.0,0,2.0,0,,2.0,0,0.0,0.0,2.5,0.0,0.0,0.0,2.0,0,9.19,10.8,18.38,0.0,1.0,9.19,0,0,
test_q4_2024,2024-12-12,841,LOJA 841,76834,"SORINAN ADULTO 0,5MG SOL NASAL 30ML",111893,C,3,1,2,0.84,5,2.0,0,2.0,0,,2.0,0,0.0,0.0,2.5,0.0,0.0,0.0,2.0,0,9.19,10.8,18.38,0.0,1.0,9.19,0,0,
test_q4_2024,2024-12-13,841,LOJA 841,76834,"SORINAN ADULTO 0,5MG SOL NASAL 30ML",111893,C,3,1,2,0.84,5,2.0,0,2.0,0,,2.0,0,0.0,0.0,2.5,0.0,0.0,0.0,2.0,0,9.19,10.8,18.38,0.0,1.0,9.19,0,0,
test_q4_2024,2024-12-14,841,LOJA 841,76834,"SORINAN ADULTO 0,5MG SOL NASAL 30ML",111893,C,3,1,2,0.84,5,2.0,0,2.0,0,,2.0,0,0.0,0.0,2.5,0.0,0.0,0.0,2.0,0,9.19,10.8,18.38,0.0,1.0,9.19,0,0,
test_q4_2024,2024-12-15,841,LOJA 841,76834,"SORINAN ADULTO 0,5MG SOL NASAL 30ML",111893,C,3,1,2,0.84,5,2.0,0,2.0,0,,2.0,0,0.0,0.0,2.5,0.0,0.0,0.0,2.0,0,9.19,10.8,18.38,0.0,,,0,0,
test_q4_2024,2024-12-16,841,LOJA 841,76834,"SORINAN ADULTO 0,5MG SOL NASAL 30ML",111893,C,3,1,2,0.84,5,2.0,0,2.0,0,,2.0,0,0.0,0.0,2.5,0.0,0.0,0.0,2.0,0,9.19,10.8,18.38,0.0,1.0,9.19,0,0,
test_q4_2024,2024-12-17,841,LOJA 841,76834,"SORINAN ADULTO 0,5MG SOL NASAL 30ML",111893,C,3,1,2,0.84,5,2.0,0,2.0,0,,2.0,0,0.0,0.0,2.5,0.0,0.0,0.0,2.0,0,9.19,10.8,18.38,0.0,1.0,9.19,0,0,
test_q4_2024,2024-12-18,841,LOJA 841,76834,"SORINAN ADULTO 0,5MG SOL NASAL 30ML",111893,C,3,1,2,0.84,5,2.0,0,2.0,0,,2.0,0,0.0,0.0,2.5,0.0,0.0,0.0,2.0,0,9.19,10.8,18.38,0.0,1.0,9.19,0,0,
test_q4_2024,2024-12-19,841,LOJA 841,76834,"SORINAN ADULTO 0,5MG SOL NASAL 30ML",111893,C,3,1,2,0.84,5,2.0,0,2.0,0,,2.0,0,0.0,0.0,2.5,0.0,0.0,0.0,2.0,0,9.19,10.8,18.38,0.0,1.0,9.19,0,0,
test_q4_2024,2024-12-20,841,LOJA 841,76834,"SORINAN ADULTO 0,5MG SOL NASAL 30ML",111893,C,3,1,2,0.84,5,2.0,0,2.0,0,,2.0,0,0.0,0.0,2.5,0.0,0.0,0.0,2.0,0,9.19,10.8,18.38,0.0,1.0,9.19,0,0,
test_q4_2024,2024-12-21,841,LOJA 841,76834,"SORINAN ADULTO 0,5MG SOL NASAL 30ML",111893,C,3,1,2,0.84,5,2.0,0,2.0,0,,2.0,0,0.0,0.0,2.5,0.0,0.0,0.0,2.0,0,9.19,10.8,18.38,0.0,1.0,9.19,0,0,
test_q4_2024,2024-12-22,841,LOJA 841,76834,"SORINAN ADULTO 0,5MG SOL NASAL 30ML",111893,C,3,1,2,0.84,5,2.0,0,2.0,0,,2.0,0,0.0,0.0,2.5,0.0,0.0,0.0,2.0,0,9.19,10.8,18.38,0.0,,,0,0,
test_q4_2024,2024-12-23,841,LOJA 841,76834,"SORINAN ADULTO 0,5MG SOL NASAL 30ML",111893,C,3,1,2,0.84,5,2.0,0,2.0,0,,2.0,0,0.0,0.0,2.5,0.0,0.0,0.0,2.0,0,9.19,10.8,18.38,0.0,1.0,9.19,0,0,
test_q4_2024,2024-12-24,841,LOJA 841,76834,"SORINAN ADULTO 0,5MG SOL NASAL 30ML",111893,C,3,1,2,0.84,5,2.0,0,2.0,0,,2.0,0,0.0,0.0,2.5,0.0,0.0,0.0,2.0,0,9.19,10.8,18.38,0.0,1.0,9.19,0,0,
test_q4_2024,2024-12-25,841,LOJA 841,76834,"SORINAN ADULTO 0,5MG SOL NASAL 30ML",111893,C,3,1,2,0.84,5,2.0,0,2.0,0,,2.0,0,0.0,0.0,2.5,0.0,0.0,0.0,2.0,0,9.19,10.8,18.38,0.0,1.0,9.19,0,0,
test_q4_2024,2024-12-26,841,LOJA 841,76834,"SORINAN ADULTO 0,5MG SOL NASAL 30ML",111893,C,3,1,2,0.84,5,2.0,0,2.0,0,,2.0,0,0.0,0.0,2.5,0.0,0.0,0.0,2.0,0,9.19,10.8,18.38,0.0,1.0,9.19,0,0,
test_q4_2024,2024-12-27,841,LOJA 841,76834,"SORINAN ADULTO 0,5MG SOL NASAL 30ML",111893,C,3,1,2,0.84,5,2.0,0,2.0,0,,2.0,0,0.0,0.0,2.5,0.0,0.0,0.0,2.0,0,9.19,10.8,18.38,0.0,1.0,9.19,0,0,
test_q4_2024,2024-12-28,841,LOJA 841,76834,"SORINAN ADULTO 0,5MG SOL NASAL 30ML",111893,C,3,1,2,0.84,5,2.0,0,2.0,0,,2.0,0,0.0,0.0,2.5,0.0,0.0,0.0,2.0,0,9.19,10.8,18.38,0.0,1.0,9.19,0,0,
test_q4_2024,2024-12-29,841,LOJA 841,76834,"SORINAN ADULTO 0,5MG SOL NASAL 30ML",111893,C,3,1,2,0.84,5,2.0,0,2.0,0,,2.0,0,0.0,0.0,2.5,0.0,0.0,0.0,2.0,0,9.19,10.8,18.38,0.0,,,0,0,
test_q4_2024,2024-12-30,841,LOJA 841,76834,"SORINAN ADULTO 0,5MG SOL NASAL 30ML",111893,C,3,1,2,0.84,5,2.0,0,2.0,0,,2.0,0,0.0,0.0,2.5,0.0,0.0,0.0,2.0,0,9.19,10.8,18.38,0.0,1.0,9.19,0,0,
test_q4_2024,2024-12-31,841,LOJA 841,76834,"SORINAN ADULTO 0,5MG SOL NASAL 30ML",111893,C,3,1,2,0.84,5,2.0,0,2.0,0,,2.0,0,0.0,0.0,2.5,0.0,0.0,0.0,2.0,0,9.19,10.8,18.38,0.0,1.0,9.19,0,0,
test_q4_2024,2024-10-01,841,LOJA 841,9607,NARIDRIN 12H ADULTO 30ML,173,A,3,3,6,0.84,5,4.0,0,4.0,0,,4.0,0,0.2496,0.4997,1.1766917293233081,0.0,0.0,0.0,4.0,0,29.17,26.76,116.68,0.0,4.0,116.68,0,0,
test_q4_2024,2024-10-02,841,LOJA 841,9607,NARIDRIN 12H ADULTO 30ML,173,A,3,3,6,0.84,5,4.0,0,4.0,0,,4.0,0,0.3808,0.4997,1.1766917293233081,0.0,0.0,0.0,4.0,0,29.17,26.76,116.68,0.0,9.0,262.53000000000003,0,0,
test_q4_2024,2024-10-03,841,LOJA 841,9607,NARIDRIN 12H ADULTO 30ML,173,A,3,3,6,0.84,5,4.0,0,4.0,0,,4.0,0,0.2192,0.4997,1.1766917293233081,0.0,0.0,0.0,4.0,0,29.17,26.76,116.68,0.0,9.0,262.53000000000003,0,0,
test_q4_2024,2024-10-04,841,LOJA 841,9607,NARIDRIN 12H ADULTO 30ML,173,A,3,3,6,0.84,5,4.0,0,4.0,0,,4.0,0,0.3067,0.4997,1.1766917293233081,0.0,0.0,0.0,4.0,0,29.17,26.76,116.68,0.0,10.0,291.70000000000005,0,0,
test_q4_2024,2024-10-05,841,LOJA 841,9607,NARIDRIN 12H ADULTO 30ML,173,A,3,3,6,0.84,5,4.0,0,4.0,0,,4.0,0,0.28,0.4997,1.1766917293233081,0.0,0.0,0.0,4.0,0,29.17,26.76,116.68,0.0,10.0,291.70000000000005,0,0,
test_q4_2024,2024-10-06,841,LOJA 841,9607,NARIDRIN 12H ADULTO 30ML,173,A,3,3,6,0.84,5,4.0,0,4.0,0,,4.0,0,0.28,0.4997,1.1766917293233081,0.0,0.0,0.0,4.0,0,29.17,26.76,116.68,0.0,,,0,0,
test_q4_2024,2024-10-07,841,LOJA 841,9607,NARIDRIN 12H ADULTO 30ML,173,A,3,3,6,0.84,5,4.0,0,4.0,0,,4.0,0,0.28,0.4997,1.1766917293233081,0.0,0.0,0.0,4.0,0,29.17,26.76,116.68,0.0,10.0,291.70000000000005,0,0,
test_q4_2024,2024-10-08,841,LOJA 841,9607,NARIDRIN 12H ADULTO 30ML,173,A,3,3,6,0.84,5,4.0,0,4.0,0,,4.0,0,0.2363,0.4997,1.1766917293233081,0.0,0.0,0.0,4.0,0,29.17,26.76,116.68,0.0,10.0,291.70000000000005,0,0,
test_q4_2024,2024-10-09,841,LOJA 841,9607,NARIDRIN 12H ADULTO 30ML,173,A,3,3,6,0.84,5,4.0,0,4.0,0,,4.0,0,0.3675,0.4997,1.1766917293233081,0.0,0.0,0.0,4.0,0,29.17,26.76,116.68,0.0,10.0,291.70000000000005,0,0,
test_q4_2024,2024-10-10,841,LOJA 841,9607,NARIDRIN 12H ADULTO 30ML,173,A,3,3,6,0.84,5,4.0,0,4.0,0,,4.0,0,0.1925,0.4997,1.1766917293233081,0.0,0.0,0.0,4.0,0,29.17,26.76,116.68,0.0,10.0,291.70000000000005,0,0,
test_q4_2024,2024-10-11,841,LOJA 841,9607,NARIDRIN 12H ADULTO 30ML,173,A,3,3,6,0.84,5,4.0,0,4.0,0,,4.0,0,0.32,0.4997,1.1766917293233081,0.0,0.0,0.0,4.0,0,29.17,26.76,116.68,0.0,10.0,291.70000000000005,0,0,
test_q4_2024,2024-10-12,841,LOJA 841,9607,NARIDRIN 12H ADULTO 30ML,173,A,3,3,6,0.84,5,4.0,0,4.0,0,,4.0,0,0.32,0.4997,1.1766917293233081,0.0,0.0,0.0,4.0,0,29.17,26.76,116.68,0.0,10.0,291.70000000000005,0,0,
test_q4_2024,2024-10-13,841,LOJA 841,9607,NARIDRIN 12H ADULTO 30ML,173,A,3,3,6,0.84,5,4.0,0,4.0,0,,4.0,0,0.32,0.4997,1.1766917293233081,0.0,0.0,0.0,4.0,0,29.17,26.76,116.68,0.0,,,0,0,
test_q4_2024,2024-10-14,841,LOJA 841,9607,NARIDRIN 12H ADULTO 30ML,173,A,3,3,6,0.84,5,4.0,0,4.0,0,,4.0,0,0.32,0.4997,1.1766917293233081,0.0,0.0,0.0,4.0,0,29.17,26.76,116.68,0.0,10.0,291.70000000000005,0,0,
test_q4_2024,2024-10-15,841,LOJA 841,9607,NARIDRIN 12H ADULTO 30ML,173,A,3,3,6,0.84,5,4.0,0,4.0,0,,4.0,0,0.2762,0.4997,1.1766917293233081,0.0,0.0,0.0,4.0,0,29.17,26.76,116.68,0.0,10.0,291.70000000000005,0,0,
test_q4_2024,2024-10-16,841,LOJA 841,9607,NARIDRIN 12H ADULTO 30ML,173,A,3,3,6,0.84,5,4.0,0,4.0,0,,4.0,0,0.3675,0.4997,1.1766917293233081,0.0,0.0,0.0,4.0,0,29.17,26.76,116.68,0.0,10.0,291.70000000000005,0,0,
test_q4_2024,2024-10-17,841,LOJA 841,9607,NARIDRIN 12H ADULTO 30ML,173,A,3,3,6,0.84,5,4.0,0,4.0,0,,4.0,0,0.1925,0.4997,1.1766917293233081,0.0,0.0,0.0,4.0,0,29.17,26.76,116.68,0.0,10.0,291.70000000000005,0,0,
test_q4_2024,2024-10-18,841,LOJA 841,9607,NARIDRIN 12H ADULTO 30ML,173,A,3,3,6,0.84,5,4.0,0,4.0,0,,4.0,0,0.28,0.4997,1.1766917293233081,0.0,0.0,0.0,4.0,0,29.17,26.76,116.68,0.0,10.0,291.70000000000005,0,0,
test_q4_2024,2024-10-19,841,LOJA 841,9607,NARIDRIN 12H ADULTO 30ML,173,A,3,3,6,0.84,5,4.0,0,4.0,0,,4.0,0,0.28,0.4997,1.1766917293233081,0.0,0.0,0.0,4.0,0,29.17,26.76,116.68,0.0,10.0,291.70000000000005,0,0,
test_q4_2024,2024-10-20,841,LOJA 841,9607,NARIDRIN 12H ADULTO 30ML,173,A,3,3,6,0.84,5,4.0,0,4.0,0,,4.0,0,0.28,0.4997,1.1766917293233081,0.0,0.0,0.0,4.0,0,29.17,26.76,116.68,0.0,,,0,0,
test_q4_2024,2024-10-21,841,LOJA 841,9607,NARIDRIN 12H ADULTO 30ML,173,A,3,3,6,0.84,5,4.0,0,4.0,0,,4.0,0,0.32,0.4997,1.1766917293233081,1.0,1.0,0.0,3.0,0,29.17,26.76,87.51,0.0,10.0,291.70000000000005,0,0,
test_q4_2024,2024-10-22,841,LOJA 841,9607,NARIDRIN 12H ADULTO 30ML,173,A,3,3,6,0.84,5,3.0,0,3.0,3,2024-10-25,6.0,3,0.2762,0.4997,1.1766917293233081,0.0,0.0,0.0,3.0,0,29.17,26.76,87.51,8.91,9.0,262.53000000000003,0,0,
test_q4_2024,2024-10-23,841,LOJA 841,9607,NARIDRIN 12H ADULTO 30ML,173,A,3,3,6,0.84,5,3.0,0,6.0,0,,6.0,3,0.4475,0.4997,1.1766917293233081,0.0,0.0,0.0,3.0,0,29.17,26.76,87.51,0.0,9.0,262.53000000000003,0,0,
test_q4_2024,2024-10-24,841,LOJA 841,9607,NARIDRIN 12H ADULTO 30ML,173,A,3,3,6,0.84,5,3.0,0,6.0,0,,6.0,3,0.2725,0.4997,1.1766917293233081,0.0,0.0,0.0,3.0,0,29.17,26.76,87.51,0.0,9.0,262.53000000000003,0,0,
test_q4_2024,2024-10-25,841,LOJA 841,9607,NARIDRIN 12H ADULTO 30ML,173,A,3,3,6,0.84,5,6.0,3,6.0,0,,6.0,0,0.36,0.4997,1.1766917293233081,0.0,0.0,0.0,6.0,0,29.17,26.76,175.02,0.0,9.0,262.53000000000003,0,0,
test_q4_2024,2024-10-26,841,LOJA 841,9607,NARIDRIN 12H ADULTO 30ML,173,A,3,3,6,0.84,5,6.0,0,6.0,0,,6.0,0,0.32,0.4997,1.1766917293233081,0.0,0.0,0.0,6.0,0,29.17,26.76,175.02,0.0,10.0,291.70000000000005,0,0,
test_q4_2024,2024-10-27,841,LOJA 841,9607,NARIDRIN 12H ADULTO 30ML,173,A,3,3,6,0.84,5,6.0,0,6.0,0,,6.0,0,0.32,0.4997,1.1766917293233081,1.0,1.0,0.0,5.0,0,29.17,26.76,145.85,0.0,,,0,0,
test_q4_2024,2024-10-28,841,LOJA 841,9607,NARIDRIN 12H ADULTO 30ML,173,A,3,3,6,0.84,5,5.0,0,5.0,0,,5.0,0,0.32,0.4997,1.1766917293233081,0.0,0.0,0.0,5.0,0,29.17,26.76,145.85,0.0,9.0,262.53000000000003,0,0,
test_q4_2024,2024-10-29,841,LOJA 841,9607,NARIDRIN 12H ADULTO 30ML,173,A,3,3,6,0.84,5,5.0,0,5.0,0,,5.0,0,0.2762,0.4997,1.1766917293233081,0.0,0.0,0.0,5.0,0,29.17,26.76,145.85,0.0,9.0,262.53000000000003,0,0,
test_q4_2024,2024-10-30,841,LOJA 841,9607,NARIDRIN 12H ADULTO 30ML,173,A,3,3,6,0.84,5,5.0,0,5.0,0,,5.0,0,0.4075,0.4997,1.1766917293233081,0.0,0.0,0.0,5.0,0,29.17,26.76,145.85,0.0,9.0,262.53000000000003,0,0,
test_q4_2024,2024-10-31,841,LOJA 841,9607,NARIDRIN 12H ADULTO 30ML,173,A,3,3,6,0.84,5,5.0,0,5.0,0,,5.0,0,0.2325,0.4997,1.1766917293233081,1.0,1.0,0.0,4.0,0,29.17,26.76,116.68,0.0,10.0,291.70000000000005,0,0,
test_q4_2024,2024-11-01,841,LOJA 841,9607,NARIDRIN 12H ADULTO 30ML,173,A,3,3,6,0.84,5,4.0,0,4.0,0,,4.0,0,0.32,0.4997,1.1766917293233081,0.0,0.0,0.0,4.0,0,29.17,26.76,116.68,0.0,9.0,262.53000000000003,0,0,
test_q4_2024,2024-11-02,841,LOJA 841,9607,NARIDRIN 12H ADULTO 30ML,173,A,3,3,6,0.84,5,4.0,0,4.0,0,,4.0,0,0.28,0.4997,1.1766917293233081,0.0,0.0,0.0,4.0,0,29.17,26.76,116.68,0.0,9.0,262.53000000000003,0,0,
test_q4_2024,2024-11-03,841,LOJA 841,9607,NARIDRIN 12H ADULTO 30ML,173,A,3,3,6,0.84,5,4.0,0,4.0,0,,4.0,0,0.28,0.4997,1.1766917293233081,0.0,0.0,0.0,4.0,0,29.17,26.76,116.68,0.0,,,0,0,
test_q4_2024,2024-11-04,841,LOJA 841,9607,NARIDRIN 12H ADULTO 30ML,173,A,3,3,6,0.84,5,4.0,0,4.0,0,,4.0,0,0.28,0.4997,1.1766917293233081,0.0,0.0,0.0,4.0,0,29.17,26.76,116.68,0.0,9.0,262.53000000000003,0,0,
test_q4_2024,2024-11-05,841,LOJA 841,9607,NARIDRIN 12H ADULTO 30ML,173,A,3,3,6,0.84,5,4.0,0,4.0,0,,4.0,0,0.2096,0.4997,1.1766917293233081,0.0,0.0,0.0,4.0,0,29.17,26.76,116.68,0.0,10.0,291.70000000000005,0,0,
test_q4_2024,2024-11-06,841,LOJA 841,9607,NARIDRIN 12H ADULTO 30ML,173,A,3,3,6,0.84,5,4.0,0,4.0,0,,4.0,0,0.3408,0.4997,1.1766917293233081,0.0,0.0,0.0,4.0,0,29.17,26.76,116.68,0.0,10.0,291.70000000000005,0,0,
test_q4_2024,2024-11-07,841,LOJA 841,9607,NARIDRIN 12H ADULTO 30ML,173,A,3,3,6,0.84,5,4.0,0,4.0,0,,4.0,0,0.1258,0.4997,1.1766917293233081,0.0,0.0,0.0,4.0,0,29.17,26.76,116.68,0.0,10.0,291.70000000000005,0,0,
test_q4_2024,2024-11-08,841,LOJA 841,9607,NARIDRIN 12H ADULTO 30ML,173,A,3,3,6,0.84,5,4.0,0,4.0,0,,4.0,0,0.2133,0.4997,1.1766917293233081,0.0,0.0,0.0,4.0,0,29.17,26.76,116.68,0.0,10.0,291.70000000000005,0,0,
test_q4_2024,2024-11-09,841,LOJA 841,9607,NARIDRIN 12H ADULTO 30ML,173,A,3,3,6,0.84,5,4.0,0,4.0,0,,4.0,0,0.2133,0.4997,1.1766917293233081,2.0,2.0,0.0,2.0,0,29.17,26.76,58.34,0.0,10.0,291.70000000000005,0,0,
test_q4_2024,2024-11-10,841,LOJA 841,9607,NARIDRIN 12H ADULTO 30ML,173,A,3,3,6,0.84,5,2.0,0,2.0,4,2024-11-13,6.0,4,0.2133,0.4997,1.1766917293233081,0.0,0.0,0.0,2.0,0,29.17,26.76,58.34,8.91,,,0,0,
test_q4_2024,2024-11-11,841,LOJA 841,9607,NARIDRIN 12H ADULTO 30ML,173,A,3,3,6,0.84,5,2.0,0,6.0,0,,6.0,4,0.2133,0.4997,1.1766917293233081,0.0,0.0,0.0,2.0,0,29.17,26.76,58.34,0.0,8.0,233.36,0,0,
test_q4_2024,2024-11-12,841,LOJA 841,9607,NARIDRIN 12H ADULTO 30ML,173,A,3,3,6,0.84,5,2.0,0,6.0,0,,6.0,4,0.1696,0.4997,1.1766917293233081,0.0,0.0,0.0,2.0,0,29.17,26.76,58.34,0.0,8.0,233.36,0,0,
test_q4_2024,2024-11-13,841,LOJA 841,9607,NARIDRIN 12H ADULTO 30ML,173,A,3,3,6,0.84,5,6.0,4,6.0,0,,6.0,0,0.3008,0.4997,1.1766917293233081,0.0,0.0,0.0,6.0,0,29.17,26.76,175.02,0.0,8.0,233.36,0,0,
test_q4_2024,2024-11-14,841,LOJA 841,9607,NARIDRIN 12H ADULTO 30ML,173,A,3,3,6,0.84,5,6.0,0,6.0,0,,6.0,0,0.1258,0.4997,1.1766917293233081,0.0,0.0,0.0,6.0,0,29.17,26.76,175.02,0.0,8.0,233.36,0,0,
test_q4_2024,2024-11-15,841,LOJA 841,9607,NARIDRIN 12H ADULTO 30ML,173,A,3,3,6,0.84,5,6.0,0,6.0,0,,6.0,0,0.2133,0.4997,1.1766917293233081,0.0,0.0,0.0,6.0,0,29.17,26.76,175.02,0.0,10.0,291.70000000000005,0,0,
test_q4_2024,2024-11-16,841,LOJA 841,9607,NARIDRIN 12H ADULTO 30ML,173,A,3,3,6,0.84,5,6.0,0,6.0,0,,6.0,0,0.2133,0.4997,1.1766917293233081,0.0,0.0,0.0,6.0,0,29.17,26.76,175.02,0.0,10.0,291.70000000000005,0,0,
test_q4_2024,2024-11-17,841,LOJA 841,9607,NARIDRIN 12H ADULTO 30ML,173,A,3,3,6,0.84,5,6.0,0,6.0,0,,6.0,0,0.2133,0.4997,1.1766917293233081,0.0,0.0,0.0,6.0,0,29.17,26.76,175.02,0.0,,,0,0,
test_q4_2024,2024-11-18,841,LOJA 841,9607,NARIDRIN 12H ADULTO 30ML,173,A,3,3,6,0.84,5,6.0,0,6.0,0,,6.0,0,0.2133,0.4997,1.1766917293233081,0.0,0.0,0.0,6.0,0,29.17,26.76,175.02,0.0,10.0,291.70000000000005,0,0,
test_q4_2024,2024-11-19,841,LOJA 841,9607,NARIDRIN 12H ADULTO 30ML,173,A,3,3,6,0.84,5,6.0,0,6.0,0,,6.0,0,0.1696,0.4997,1.1766917293233081,1.0,1.0,0.0,5.0,0,29.17,26.76,145.85,0.0,10.0,291.70000000000005,0,0,
test_q4_2024,2024-11-20,841,LOJA 841,9607,NARIDRIN 12H ADULTO 30ML,173,A,3,3,6,0.84,5,5.0,0,5.0,0,,5.0,0,0.2875,0.4997,1.1766917293233081,0.0,0.0,0.0,5.0,0,29.17,26.76,145.85,0.0,10.0,291.70000000000005,0,0,
test_q4_2024,2024-11-21,841,LOJA 841,9607,NARIDRIN 12H ADULTO 30ML,173,A,3,3,6,0.84,5,5.0,0,5.0,0,,5.0,0,0.1125,0.4997,1.1766917293233081,0.0,0.0,0.0,5.0,0,29.17,26.76,145.85,0.0,10.0,291.70000000000005,0,0,
test_q4_2024,2024-11-22,841,LOJA 841,9607,NARIDRIN 12H ADULTO 30ML,173,A,3,3,6,0.84,5,5.0,0,5.0,0,,5.0,0,0.2,0.4997,1.1766917293233081,0.0,0.0,0.0,5.0,0,29.17,26.76,145.85,0.0,9.0,262.53000000000003,0,0,
test_q4_2024,2024-11-23,841,LOJA 841,9607,NARIDRIN 12H ADULTO 30ML,173,A,3,3,6,0.84,5,5.0,0,5.0,0,,5.0,0,0.2,0.4997,1.1766917293233081,1.0,1.0,0.0,4.0,0,29.17,26.76,116.68,0.0,9.0,262.53000000000003,0,0,
test_q4_2024,2024-11-24,841,LOJA 841,9607,NARIDRIN 12H ADULTO 30ML,173,A,3,3,6,0.84,5,4.0,0,4.0,0,,4.0,0,0.2,0.4997,1.1766917293233081,0.0,0.0,0.0,4.0,0,29.17,26.76,116.68,0.0,,,0,0,
test_q4_2024,2024-11-25,841,LOJA 841,9607,NARIDRIN 12H ADULTO 30ML,173,A,3,3,6,0.84,5,4.0,0,4.0,0,,4.0,0,0.2,0.4997,1.1766917293233081,0.0,0.0,0.0,4.0,0,29.17,26.76,116.68,0.0,9.0,262.53000000000003,0,0,
test_q4_2024,2024-11-26,841,LOJA 841,9607,NARIDRIN 12H ADULTO 30ML,173,A,3,3,6,0.84,5,4.0,0,4.0,0,,4.0,0,0.1696,0.4997,1.1766917293233081,0.0,0.0,0.0,4.0,0,29.17,26.76,116.68,0.0,9.0,262.53000000000003,0,0,
test_q4_2024,2024-11-27,841,LOJA 841,9607,NARIDRIN 12H ADULTO 30ML,173,A,3,3,6,0.84,5,4.0,0,4.0,0,,4.0,0,0.3008,0.4997,1.1766917293233081,0.0,0.0,0.0,4.0,0,29.17,26.76,116.68,0.0,9.0,262.53000000000003,0,0,
test_q4_2024,2024-11-28,841,LOJA 841,9607,NARIDRIN 12H ADULTO 30ML,173,A,3,3,6,0.84,5,4.0,0,4.0,0,,4.0,0,0.1258,0.4997,1.1766917293233081,0.0,0.0,0.0,4.0,0,29.17,26.76,116.68,0.0,10.0,291.70000000000005,0,0,
test_q4_2024,2024-11-29,841,LOJA 841,9607,NARIDRIN 12H ADULTO 30ML,173,A,3,3,6,0.84,5,4.0,0,4.0,0,,4.0,0,0.2133,0.4997,1.1766917293233081,0.0,0.0,0.0,4.0,0,29.17,26.76,116.68,0.0,10.0,291.70000000000005,0,0,
test_q4_2024,2024-11-30,841,LOJA 841,9607,NARIDRIN 12H ADULTO 30ML,173,A,3,3,6,0.84,5,4.0,0,4.0,0,,4.0,0,0.2133,0.4997,1.1766917293233081,0.0,0.0,0.0,4.0,0,29.17,26.76,116.68,0.0,10.0,291.70000000000005,0,0,
test_q4_2024,2024-12-01,841,LOJA 841,9607,NARIDRIN 12H ADULTO 30ML,173,A,3,3,6,0.84,5,4.0,0,4.0,0,,4.0,0,0.2133,0.4997,1.1766917293233081,0.0,0.0,0.0,4.0,0,29.17,26.76,116.68,0.0,,,0,0,
test_q4_2024,2024-12-02,841,LOJA 841,9607,NARIDRIN 12H ADULTO 30ML,173,A,3,3,6,0.84,5,4.0,0,4.0,0,,4.0,0,0.24,0.4997,1.1766917293233081,0.0,0.0,0.0,4.0,0,29.17,26.76,116.68,0.0,10.0,291.70000000000005,0,0,
test_q4_2024,2024-12-03,841,LOJA 841,9607,NARIDRIN 12H ADULTO 30ML,173,A,3,3,6,0.84,5,4.0,0,4.0,0,,4.0,0,0.1963,0.4997,1.1766917293233081,0.0,0.0,0.0,4.0,0,29.17,26.76,116.68,0.0,10.0,291.70000000000005,0,0,
test_q4_2024,2024-12-04,841,LOJA 841,9607,NARIDRIN 12H ADULTO 30ML,173,A,3,3,6,0.84,5,4.0,0,4.0,0,,4.0,0,0.3275,0.4997,1.1766917293233081,0.0,0.0,0.0,4.0,0,29.17,26.76,116.68,0.0,10.0,291.70000000000005,0,0,
test_q4_2024,2024-12-05,841,LOJA 841,9607,NARIDRIN 12H ADULTO 30ML,173,A,3,3,6,0.84,5,4.0,0,4.0,0,,4.0,0,0.1525,0.4997,1.1766917293233081,0.0,0.0,0.0,4.0,0,29.17,26.76,116.68,0.0,10.0,291.70000000000005,0,0,
test_q4_2024,2024-12-06,841,LOJA 841,9607,NARIDRIN 12H ADULTO 30ML,173,A,3,3,6,0.84,5,4.0,0,4.0,0,,4.0,0,0.24,0.4997,1.1766917293233081,1.0,1.0,0.0,3.0,0,29.17,26.76,87.51,0.0,10.0,291.70000000000005,0,0,
test_q4_2024,2024-12-07,841,LOJA 841,9607,NARIDRIN 12H ADULTO 30ML,173,A,3,3,6,0.84,5,3.0,0,3.0,3,2024-12-10,6.0,3,0.24,0.4997,1.1766917293233081,0.0,0.0,0.0,3.0,0,29.17,26.76,87.51,8.91,9.0,262.53000000000003,0,0,
test_q4_2024,2024-12-08,841,LOJA 841,9607,NARIDRIN 12H ADULTO 30ML,173,A,3,3,6,0.84,5,3.0,0,6.0,0,,6.0,3,0.2667,0.4997,1.1766917293233081,0.0,0.0,0.0,3.0,0,29.17,26.76,87.51,0.0,,,0,0,
test_q4_2024,2024-12-09,841,LOJA 841,9607,NARIDRIN 12H ADULTO 30ML,173,A,3,3,6,0.84,5,3.0,0,6.0,0,,6.0,3,0.2667,0.4997,1.1766917293233081,0.0,0.0,0.0,3.0,0,29.17,26.76,87.51,0.0,9.0,262.53000000000003,0,0,
test_q4_2024,2024-12-10,841,LOJA 841,9607,NARIDRIN 12H ADULTO 30ML,173,A,3,3,6,0.84,5,6.0,3,6.0,0,,6.0,0,0.2229,0.4997,1.1766917293233081,0.0,0.0,0.0,6.0,0,29.17,26.76,175.02,0.0,9.0,262.53000000000003,0,0,
test_q4_2024,2024-12-11,841,LOJA 841,9607,NARIDRIN 12H ADULTO 30ML,173,A,3,3,6,0.84,5,6.0,0,6.0,0,,6.0,0,0.3408,0.4997,1.1766917293233081,0.0,0.0,0.0,6.0,0,29.17,26.76,175.02,0.0,9.0,262.53000000000003,0,0,
test_q4_2024,2024-12-12,841,LOJA 841,9607,NARIDRIN 12H ADULTO 30ML,173,A,3,3,6,0.84,5,6.0,0,6.0,0,,6.0,0,0.1658,0.4997,1.1766917293233081,1.0,1.0,0.0,5.0,0,29.17,26.76,145.85,0.0,10.0,291.70000000000005,0,0,
test_q4_2024,2024-12-13,841,LOJA 841,9607,NARIDRIN 12H ADULTO 30ML,173,A,3,3,6,0.84,5,5.0,0,5.0,0,,5.0,0,0.2533,0.4997,1.1766917293233081,0.0,0.0,0.0,5.0,0,29.17,26.76,145.85,0.0,9.0,262.53000000000003,0,0,
test_q4_2024,2024-12-14,841,LOJA 841,9607,NARIDRIN 12H ADULTO 30ML,173,A,3,3,6,0.84,5,5.0,0,5.0,0,,5.0,0,0.2533,0.4997,1.1766917293233081,0.0,0.0,0.0,5.0,0,29.17,26.76,145.85,0.0,9.0,262.53000000000003,0,0,
test_q4_2024,2024-12-15,841,LOJA 841,9607,NARIDRIN 12H ADULTO 30ML,173,A,3,3,6,0.84,5,5.0,0,5.0,0,,5.0,0,0.2533,0.4997,1.1766917293233081,0.0,0.0,0.0,5.0,0,29.17,26.76,145.85,0.0,,,0,0,
test_q4_2024,2024-12-16,841,LOJA 841,9607,NARIDRIN 12H ADULTO 30ML,173,A,3,3,6,0.84,5,5.0,0,5.0,0,,5.0,0,0.2533,0.4997,1.1766917293233081,0.0,0.0,0.0,5.0,0,29.17,26.76,145.85,0.0,9.0,262.53000000000003,0,0,
test_q4_2024,2024-12-17,841,LOJA 841,9607,NARIDRIN 12H ADULTO 30ML,173,A,3,3,6,0.84,5,5.0,0,5.0,0,,5.0,0,0.1829,0.4997,1.1766917293233081,0.0,0.0,0.0,5.0,0,29.17,26.76,145.85,0.0,9.0,262.53000000000003,0,0,
test_q4_2024,2024-12-18,841,LOJA 841,9607,NARIDRIN 12H ADULTO 30ML,173,A,3,3,6,0.84,5,5.0,0,5.0,0,,5.0,0,0.3142,0.4997,1.1766917293233081,1.0,1.0,0.0,4.0,0,29.17,26.76,116.68,0.0,9.0,262.53000000000003,0,0,
test_q4_2024,2024-12-19,841,LOJA 841,9607,NARIDRIN 12H ADULTO 30ML,173,A,3,3,6,0.84,5,4.0,0,4.0,0,,4.0,0,0.1392,0.4997,1.1766917293233081,0.0,0.0,0.0,4.0,0,29.17,26.76,116.68,0.0,9.0,262.53000000000003,0,0,
test_q4_2024,2024-12-20,841,LOJA 841,9607,NARIDRIN 12H ADULTO 30ML,173,A,3,3,6,0.84,5,4.0,0,4.0,0,,4.0,0,0.2267,0.4997,1.1766917293233081,0.0,0.0,0.0,4.0,0,29.17,26.76,116.68,0.0,9.0,262.53000000000003,0,0,
test_q4_2024,2024-12-21,841,LOJA 841,9607,NARIDRIN 12H ADULTO 30ML,173,A,3,3,6,0.84,5,4.0,0,4.0,0,,4.0,0,0.2267,0.4997,1.1766917293233081,0.0,0.0,0.0,4.0,0,29.17,26.76,116.68,0.0,9.0,262.53000000000003,0,0,
test_q4_2024,2024-12-22,841,LOJA 841,9607,NARIDRIN 12H ADULTO 30ML,173,A,3,3,6,0.84,5,4.0,0,4.0,0,,4.0,0,0.2267,0.4997,1.1766917293233081,1.0,1.0,0.0,3.0,0,29.17,26.76,87.51,0.0,,,0,0,
test_q4_2024,2024-12-23,841,LOJA 841,9607,NARIDRIN 12H ADULTO 30ML,173,A,3,3,6,0.84,5,3.0,0,3.0,3,2024-12-26,6.0,3,0.2133,0.4997,1.1766917293233081,0.0,0.0,0.0,3.0,0,29.17,26.76,87.51,8.91,8.0,233.36,0,0,
test_q4_2024,2024-12-24,841,LOJA 841,9607,NARIDRIN 12H ADULTO 30ML,173,A,3,3,6,0.84,5,3.0,0,6.0,0,,6.0,3,0.1696,0.4997,1.1766917293233081,0.0,0.0,0.0,3.0,0,29.17,26.76,87.51,0.0,8.0,233.36,0,0,
test_q4_2024,2024-12-25,841,LOJA 841,9607,NARIDRIN 12H ADULTO 30ML,173,A,3,3,6,0.84,5,3.0,0,6.0,0,,6.0,3,0.3008,0.4997,1.1766917293233081,0.0,0.0,0.0,3.0,0,29.17,26.76,87.51,0.0,8.0,233.36,0,0,
test_q4_2024,2024-12-26,841,LOJA 841,9607,NARIDRIN 12H ADULTO 30ML,173,A,3,3,6,0.84,5,6.0,3,6.0,0,,6.0,0,0.1258,0.4997,1.1766917293233081,0.0,0.0,0.0,6.0,0,29.17,26.76,175.02,0.0,9.0,262.53000000000003,0,0,
test_q4_2024,2024-12-27,841,LOJA 841,9607,NARIDRIN 12H ADULTO 30ML,173,A,3,3,6,0.84,5,6.0,0,6.0,0,,6.0,0,0.2133,0.4997,1.1766917293233081,0.0,0.0,0.0,6.0,0,29.17,26.76,175.02,0.0,9.0,262.53000000000003,0,0,
test_q4_2024,2024-12-28,841,LOJA 841,9607,NARIDRIN 12H ADULTO 30ML,173,A,3,3,6,0.84,5,6.0,0,6.0,0,,6.0,0,0.2133,0.4997,1.1766917293233081,0.0,0.0,0.0,6.0,0,29.17,26.76,175.02,0.0,9.0,262.53000000000003,0,0,
test_q4_2024,2024-12-29,841,LOJA 841,9607,NARIDRIN 12H ADULTO 30ML,173,A,3,3,6,0.84,5,6.0,0,6.0,0,,6.0,0,0.2133,0.4997,1.1766917293233081,0.0,0.0,0.0,6.0,0,29.17,26.76,175.02,0.0,,,0,0,
test_q4_2024,2024-12-30,841,LOJA 841,9607,NARIDRIN 12H ADULTO 30ML,173,A,3,3,6,0.84,5,6.0,0,6.0,0,,6.0,0,0.2267,0.4997,1.1766917293233081,0.0,0.0,0.0,6.0,0,29.17,26.76,175.02,0.0,9.0,262.53000000000003,0,0,
test_q4_2024,2024-12-31,841,LOJA 841,9607,NARIDRIN 12H ADULTO 30ML,173,A,3,3,6,0.84,5,6.0,0,6.0,0,,6.0,0,0.1963,0.4997,1.1766917293233081,0.0,0.0,0.0,6.0,0,29.17,26.76,175.02,0.0,9.0,262.53000000000003,0,0,
